动账时间,动帐流水号,动账方向,动账金额,动账账户,动账场景,计费类型,子订单号,订单号,售后编号,下单时间,商品ID,商品名称,达人ID,达人名称,订单类型,订单实付应结,运费实付,实际平台补贴_运费,实际平台补贴,其他平台补贴,以旧换新抵扣,政府补贴平台垫资,实际达人补贴,实际抖音支付补贴,实际抖音月付营销补贴,银行补贴,订单退款,平台服务费,佣金,服务商佣金,渠道分成,招商服务费,站外推广费,其他分成,是否免佣,免佣金额,商户主体名称,备注
2026-04-23 01:18:37,'2026042301183126134123582131,入账,5.71,聚合账户,货款结算入账,小店自卖,'6952029907076061037,'6952029907076061037,'SS76306672830398961000146,2026-04-13 04:10:18,'3673057951649759338,小皮筋小女孩头绳发绳透明多彩小号一次性皮筋儿童橡皮筋发饰扎头,,,普通订单,5.74,1.15,0,0,0,0,0,0,0,0,0,0,-0.03,0,0,0,0,0,0,是-商品卡免佣,0.22,义乌市黎既电子商务商行（个体工商户）,订单结算
2026-04-23 01:18:37,'2026042301182927627525382131,入账,2.22,聚合账户,货款结算入账,小店自卖,'6925561079388208621,'6925561079388208621,'SS76306998388705244540067,2026-04-13 08:40:05,'3677561914218643751,发饰交叉抓夹大号发夹新款盘发卡头饰女简约气质鲨鱼夹后脑勺发爪,,,普通订单,0.23,1.15,0,0,0,0,0,0,0,2,0,0,-0.01,0,0,0,0,0,0,是-商品卡免佣,0.07,义乌市黎既电子商务商行（个体工商户）,订单结算
2026-04-23 01:18:37,'2026042301182923251687032131,入账,3.14,聚合账户,货款结算入账,小店自卖,'6952047892810372320,'6952047892810372320,'SS76306996802690091860087,2026-04-13 10:31:17,'3796640026289373330,蝴蝶结鸭嘴夹小香风毛呢爆款发夹后脑勺气质洋气盘发一字夹子,,,普通订单,3.16,0,0,0,0,0,0,0,0,0,0,0,-0.02,0,0,0,0,0,0,是-商品卡免佣,0.15,义乌市黎既电子商务商行（个体工商户）,订单结算
2026-04-23 01:18:37,'2026042301182823543974902131,入账,4.31,聚合账户,货款结算入账,小店自卖,'6925547011877010820,'6925547011877010820,'SS76306667117582748660162,2026-04-12 22:02:59,'3767836959792300411,法式高级感超大号弧形抓夹女新款后脑勺盘发夹发量大鲨鱼夹发卡夹,,,普通订单,3.34,0,0,0,0,0,0,0,0,1,0,0,-0.03,0,0,0,0,0,0,是-商品卡免佣,0.22,义乌市黎既电子商务商行（个体工商户）,订单结算
2026-04-23 01:18:37,'2026042301182824257334022131,入账,2.86,聚合账户,货款结算入账,小店自卖,'6925567387269692683,'6925567387269692683,'SS76307251197490345380230,2026-04-13 12:51:49,'3761395105840365661,高级感水钻满天星发夹女后脑勺盘发神器发卡青蛙夹扭扭夹发卡头饰,,,普通订单,2.88,0,0,0,0,0,0,0,0,0,0,0,-0.02,0,0,0,0,0,0,是-商品卡免佣,0.15,义乌市黎既电子商务商行（个体工商户）,订单结算
2026-04-23 01:18:38,'2026042301183028113313622131,入账,7.41,聚合账户,货款结算入账,小店自卖,'6952025829404972242,'6952025829404972242,'SS76307002266303859830150,2026-04-13 11:54:36,'3673424694561865791,薄款牛油果绿系列小丝巾缠包模特搭配装饰品扎头发绑发飘带发带,,,普通订单,7.45,1.55,0,0,0,0,0,0,0,0,0,0,-0.04,0,0,0,0,0,0,是-商品卡免佣,0.29,义乌市黎既电子商务商行（个体工商户）,订单结算
2026-04-23 01:18:38,'2026042301183029329984352131,入账,6.34,聚合账户,货款结算入账,小店自卖,'6952032507999098065,'6952032507999098065,'SS76307404910760474030107,2026-04-13 10:59:39,'3796640026289373330,蝴蝶结鸭嘴夹小香风毛呢爆款发夹后脑勺气质洋气盘发一字夹子,,,普通订单,6.38,0,0,0,0,0,0,0,0,0,0,0,-0.04,0,0,0,0,0,0,是-商品卡免佣,0.29,义乌市黎既电子商务商行（个体工商户）,订单结算
2026-04-23 01:18:38,'2026042301182828572103782131,入账,5.5,聚合账户,货款结算入账,小店自卖,'6925550591607209726,'6925550591607209726,'SS76307466680648504410207,2026-04-13 13:21:28,'3806280662462366067,kitty猫~刘海贴精致可爱甜美少女棉花糖猫兔碎发贴魔术贴无痕发饰,,,普通订单,5.53,0,0,0,0,0,0,0,0,0,0,0,-0.03,0,0,0,0,0,0,是-商品卡免佣,0.22,义乌市黎既电子商务商行（个体工商户）,订单结算
2026-04-23 01:18:38,'2026042301182907050859622131,入账,2.67,聚合账户,货款结算入账,小店自卖,'6925576616282718044,'6925576616282718044,'SS76307438965951209590166,2026-04-13 13:52:04,'3784368456477049055,韩国气质碎钻满天星抓夹女后脑勺半扎发鲨鱼夹发量少百搭发卡头饰,,,普通订单,2.69,0,0,0,0,0,0,0,0,0,0,0,-0.02,0,0,0,0,0,0,是-商品卡免佣,0.15,义乌市黎既电子商务商行（个体工商户）,订单结算
2026-04-23 01:18:38,'2026042301182933178629622131,入账,3.63,聚合账户,货款结算入账,小店自卖,'6925546482874416630,'6925546482874416630,'SS76306666044470402560194,2026-04-12 19:16:44,'3795705621886664997,韩系可爱小熊格纹发夹女后脑勺马尾竖夹盘发香蕉夹甜美发卡子发饰,,,普通订单,3.65,0,0,0,0,0,0,0,0,0,0,0,-0.02,0,0,0,0,0,0,是-商品卡免佣,0.15,义乌市黎既电子商务商行（个体工商户）,订单结算
2026-04-23 01:18:38,'2026042301183233472678812131,入账,2.67,聚合账户,货款结算入账,小店自卖,'6952024421439379412,'6952024421439379412,'SS76306397953377121740179,2026-04-12 15:44:27,'3784368456477049055,韩国气质碎钻满天星抓夹女后脑勺半扎发鲨鱼夹发量少百搭发卡头饰,,,普通订单,2.69,0,0,0,0,0,0,0,0,0,0,0,-0.02,0,0,0,0,0,0,是-商品卡免佣,0.15,义乌市黎既电子商务商行（个体工商户）,订单结算
2026-04-23 01:18:38,'2026042301183108434529782131,入账,2.86,聚合账户,货款结算入账,小店自卖,'6925547711118212139,'6925547711118212139,'SS76307002345453488900139,2026-04-13 09:00:42,'3761395105840365661,高级感水钻满天星发夹女后脑勺盘发神器发卡青蛙夹扭扭夹发卡头饰,,,普通订单,2.88,0,0,0,0,0,0,0,0,0,0,0,-0.02,0,0,0,0,0,0,是-商品卡免佣,0.15,义乌市黎既电子商务商行（个体工商户）,订单结算
2026-04-23 01:18:38,'2026042301183009532377702131,入账,2.67,聚合账户,货款结算入账,小店自卖,'6925539855035760494,'6925539855035760494,'SS76306398983836470300051,2026-04-12 16:58:38,'3784368456477049055,韩国气质碎钻满天星抓夹女后脑勺半扎发鲨鱼夹发量少百搭发卡头饰,,,普通订单,2.69,0,0,0,0,0,0,0,0,0,0,0,-0.02,0,0,0,0,0,0,是-商品卡免佣,0.15,义乌市黎既电子商务商行（个体工商户）,订单结算
2026-04-23 01:18:38,'2026042301183020513594882131,入账,5.31,聚合账户,货款结算入账,小店自卖,'6952038708866651399,'6952038708866651399,'SS76306668187607375820138,2026-04-13 00:42:37,'3766001784691229117,夏天简约随手盘发一字扭扭夹水钻抓夹高级发夹扭扭后脑勺盘发器,,,普通订单,5.34,0,0,0,0,0,0,0,0,0,0,0,-0.03,0,0,0,0,0,0,是-商品卡免佣,0.22,义乌市黎既电子商务商行（个体工商户）,订单结算
2026-04-23 01:18:38,'2026042301183206343892942131,入账,4.85,聚合账户,货款结算入账,小店自卖,'6952031791317586964,'6952031791317586964,'SS76306668148463050740073,2026-04-12 22:29:27,'3796640026289373330,蝴蝶结鸭嘴夹小香风毛呢爆款发夹后脑勺气质洋气盘发一字夹子,,,普通订单,4.88,0,0,0,0,0,0,0,0,0,0,0,-0.03,0,0,0,0,0,0,是-商品卡免佣,0.22,义乌市黎既电子商务商行（个体工商户）,订单结算
2026-04-23 01:18:38,'2026042301182824300959062131,入账,4.77,聚合账户,货款结算入账,小店自卖,'6952033786125424385,'6952033786125424385,'SS76306667978649318750136,2026-04-12 20:56:54,'3745971128791859302,丸子头假发抓夹女仿真发慵懒感发夹蓬松后脑勺高颅顶中号鲨鱼夹,,,普通订单,4.8,1.15,0,0,0,0,0,0,0,0,0,0,-0.03,0,0,0,0,0,0,是-商品卡免佣,0.22,义乌市黎既电子商务商行（个体工商户）,订单结算
2026-04-23 01:18:38,'2026042301182740700851462131,入账,5.31,聚合账户,货款结算入账,小店自卖,'6925559306024549399,'6925559306024549399,'SS76307002436965179230152,2026-04-13 10:31:11,'3766001784691229117,夏天简约随手盘发一字扭扭夹水钻抓夹高级发夹扭扭后脑勺盘发器,,,普通订单,5.34,0,0,0,0,0,0,0,0,0,0,0,-0.03,0,0,0,0,0,0,是-商品卡免佣,0.22,义乌市黎既电子商务商行（个体工商户）,订单结算
2026-04-23 01:18:38,'2026042301183038802071442131,入账,5.6,聚合账户,货款结算入账,小店自卖,'6952018385547236862,'6952018385547236862,'SS76306667727873641300000,2026-04-12 21:17:25,'3746153916182692087,法式文艺~复古甜美方巾大肠发圈女高级感ins大号高马尾甜妹发饰,,,普通订单,5.9,0,0,0,0,0,0,0,0,0,0,0,-0.3,0,0,0,0,0,0,,0,义乌市黎既电子商务商行（个体工商户）,订单结算
2026-04-23 01:18:38,'2026042301182925557570962131,入账,2.65,聚合账户,货款结算入账,小店自卖,'6952021046666794206,'6952021046666794206,'SS76306666946673218990201,2026-04-12 21:52:05,'3766001784691229117,夏天简约随手盘发一字扭扭夹水钻抓夹高级发夹扭扭后脑勺盘发器,,,普通订单,2.67,0.69,0,0,0,0,0,0,0,0,0,0,-0.02,0,0,0,0,0,0,是-商品卡免佣,0.15,义乌市黎既电子商务商行（个体工商户）,订单结算
2026-04-23 01:18:38,'2026042301182914605688592131,入账,4.48,聚合账户,货款结算入账,小店自卖,'6925554094116928622,'6925554094116928622,'SS76306666903139169740244,2026-04-12 20:47:14,'3745788060114223511,五角星星水钻发夹女碎发刘海夹子满钻镂空侧边夹后脑勺发卡bb夹,,,普通订单,4.51,0,0,0,0,0,0,0,0,0,0,0,-0.03,0,0,0,0,0,0,是-商品卡免佣,0.22,义乌市黎既电子商务商行（个体工商户）,订单结算
2026-04-23 01:18:38,'2026042301183023332337152131,入账,2.67,聚合账户,货款结算入账,小店自卖,'6925655089181654927,'6925655089181654927,'SS76307953590862648780175,2026-04-16 20:13:27,'3784368456477049055,韩国气质碎钻满天星抓夹女后脑勺半扎发鲨鱼夹发量少百搭发卡头饰,,,普通订单,2.69,0,0,0,0,0,0,0,0,0,0,0,-0.02,0,0,0,0,0,0,是-商品卡免佣,0.15,义乌市黎既电子商务商行（个体工商户）,订单结算
2026-04-23 01:18:38,'2026042301182837429092182131,入账,3.34,聚合账户,货款结算入账,小店自卖,'6952025638005577620,'6952025638005577620,'SS76307018200962872660088,2026-04-13 09:48:09,'3806839693081969009,春夏简约随手盘发高级发夹一字扭扭夹水钻抓夹扭扭后脑勺盘发器,,,普通订单,3.36,0,0,0,0,0,0,0,0,0,0,0,-0.02,0,0,0,0,0,0,是-商品卡免佣,0.15,义乌市黎既电子商务商行（个体工商户）,订单结算
2026-04-23 01:18:38,'2026042301182919931673692131,入账,4.47,聚合账户,货款结算入账,小店自卖,'6925542715958394269,'6925542715958394269,'SS76306668108341949850007,2026-04-12 22:30:54,'3807763574974186291,气质高级亮黑色大号鲨鱼抓夹女后脑勺时尚发卡巨能抓头饰2026新款,,,普通订单,4.5,0,0,0,0,0,0,0,0,0,0,0,-0.03,0,0,0,0,0,0,是-商品卡免佣,0.22,义乌市黎既电子商务商行（个体工商户）,订单结算
2026-04-23 01:18:38,'2026042301182917040020992131,入账,5.31,聚合账户,货款结算入账,小店自卖,'6925554719908265058,'6925554719908265058,'SS76306668979274716260077,2026-04-13 00:15:16,'3766001784691229117,夏天简约随手盘发一字扭扭夹水钻抓夹高级发夹扭扭后脑勺盘发器,,,普通订单,5.34,0,0,0,0,0,0,0,0,0,0,0,-0.03,0,0,0,0,0,0,是-商品卡免佣,0.22,义乌市黎既电子商务商行（个体工商户）,订单结算
2026-04-23 01:18:38,'2026042301183232256332892131,入账,6.2,聚合账户,货款结算入账,小店自卖,'6925677745969790745,'6925677745969725209,'SS76307573184475632980064,2026-04-18 13:25:11,'3809249094640205898,韩系复古四层大肠发圈发绳女高级感超大扎头发头绳头饰时尚百搭款,,,普通订单,6.24,0,0,0,0,0,0,0,0,0,0,0,-0.04,0,0,0,0,0,0,是-商品卡免佣,0.29,义乌市黎既电子商务商行（个体工商户）,订单结算
2026-04-23 01:18:38,'2026042301183300348656732131,入账,3.61,聚合账户,货款结算入账,小店自卖,'6925546807567089092,'6925546807567089092,'SS76306667192394265600052,2026-04-12 21:06:26,'3806450472450130341,新款复古抓夹女豹纹蝴蝶结鲨鱼夹2026后脑勺盘发发夹高级感发饰,,,普通订单,3.63,0,0,0,0,0,0,0,0,0,0,0,-0.02,0,0,0,0,0,0,是-商品卡免佣,0.15,义乌市黎既电子商务商行（个体工商户）,订单结算
2026-04-23 01:18:38,'2026042301182919517934422131,入账,10.88,聚合账户,货款结算入账,小店自卖,'6952021003571566355,'6952021003571566355,'SS76307364606744663420054,2026-04-12 21:52:51,'3796640026289373330,蝴蝶结鸭嘴夹小香风毛呢爆款发夹后脑勺气质洋气盘发一字夹子,,,普通订单,10.95,0,0,0,0,0,0,0,0,0,0,0,-0.07,0,0,0,0,0,0,是-商品卡免佣,0.51,义乌市黎既电子商务商行（个体工商户）,订单结算
2026-04-23 01:18:38,'2026042301182840949358352131,入账,2.67,聚合账户,货款结算入账,小店自卖,'6925555227667758808,'6925555227667758808,'SS76307437509435438080105,2026-04-13 09:36:06,'3784368456477049055,韩国气质碎钻满天星抓夹女后脑勺半扎发鲨鱼夹发量少百搭发卡头饰,,,普通订单,2.69,0,0,0,0,0,0,0,0,0,0,0,-0.02,0,0,0,0,0,0,是-商品卡免佣,0.15,义乌市黎既电子商务商行（个体工商户）,订单结算
2026-04-23 01:18:38,'2026042301182932016963082131,入账,4.5,聚合账户,货款结算入账,小店自卖,'6952046176448615571,'6952046176448615571,'SS76307406972047362910044,2026-04-13 14:36:42,'3751929775384559628,盘发神器新款丸子头花苞头气质亚克力妈妈发饰后脑勺发夹发卡女,,,普通订单,4.53,0.55,0,0,0,0,0,0,0,0,0,0,-0.03,0,0,0,0,0,0,是-商品卡免佣,0.22,义乌市黎既电子商务商行（个体工商户）,订单结算
2026-04-23 01:18:38,'2026042301183135574584732131,入账,2.15,聚合账户,货款结算入账,小店自卖,'6952022735715243493,'6952022735715243493,'SS76306378388120051550092,2026-04-12 20:22:29,'3806293802847699345,韩式豹纹波点褶皱高级扭扭马尾卡通风香蕉发夹后脑勺显发发卡头饰,,,普通订单,2.16,0,0,0,0,0,0,0,0,0,0,0,-0.01,0,0,0,0,0,0,是-商品卡免佣,0.07,义乌市黎既电子商务商行（个体工商户）,订单结算
2026-04-23 01:18:38,'2026042301183114777595382131,入账,4.95,聚合账户,货款结算入账,小店自卖,'6925621243883453579,'6925621243883453579,'SS76305204014705710230175,2026-04-16 09:15:28,'3811476737385169110,霞光紫~紫色珍珠字母抓夹女2026新款后脑勺鲨鱼夹大号旅行发卡女 ,,,普通订单,4.98,0,0,0,0,0,0,0,0,0,0,0,-0.03,0,0,0,0,0,0,是-商品卡免佣,0.22,义乌市黎既电子商务商行（个体工商户）,订单结算
2026-04-23 01:24:36,'2026042301242802061770592131,入账,2.81,聚合账户,货款结算入账,小店自卖,'6952076577717622175,'6952076577717622175,'SS76307606863729134340238,2026-04-14 13:44:24,'3767836959792300411,法式高级感超大号弧形抓夹女新款后脑勺盘发夹发量大鲨鱼夹发卡夹,,,普通订单,2.63,0,0,0,0,0,0,0,0,0.2,0,0,-0.02,0,0,0,0,0,0,是-商品卡免佣,0.15,义乌市黎既电子商务商行（个体工商户）,订单结算
2026-04-23 01:24:36,'2026042301242725214656422131,入账,8.34,聚合账户,货款结算入账,小店自卖,'6952045999457113539,'6952045999457113539,'SS76307123044812556860212,2026-04-13 12:41:48,'3763604067633463617,2025年新款女孩发饰刘海侧边夹女儿童发夹可爱夹子头饰网红发卡,,,普通订单,8.39,2.1,0,0,0,0,0,0,0,0,0,0,-0.05,0,0,0,0,0,0,是-商品卡免佣,0.37,义乌市黎既电子商务商行（个体工商户）,订单结算
2026-04-23 01:24:36,'2026042301242533345049862131,入账,2.15,聚合账户,货款结算入账,小店自卖,'6925645030775487504,'6925645030775487504,'SS76306785801037258390205,2026-04-16 10:47:58,'3806293802847699345,韩式豹纹波点褶皱高级扭扭马尾卡通风香蕉发夹后脑勺显发发卡头饰,,,普通订单,2.16,0,0,0,0,0,0,0,0,0,0,0,-0.01,0,0,0,0,0,0,是-商品卡免佣,0.07,义乌市黎既电子商务商行（个体工商户）,订单结算
2026-04-23 01:24:36,'2026042301242930913830502131,入账,5.41,聚合账户,货款结算入账,小店自卖,'6925249525645278933,'6925249525645278933,'SS76256030613559055870187,2026-03-30 21:28:08,'3790878995596312771,韩系黑色波点布艺褶皱高马尾香蕉夹竖夹新款豹纹发夹气质百搭发饰,,,普通订单,5.44,0.39,0,0,0,0,0,0,0,0,0,0,-0.03,0,0,0,0,0,0,是-商品卡免佣,0.22,义乌市黎既电子商务商行（个体工商户）,订单结算
2026-04-23 01:24:36,'2026042301242334323502542131,入账,2.88,聚合账户,货款结算入账,小店自卖,'6925619656837660302,'6925619656837660302,'SS76307894706864131080157,2026-04-15 16:04:06,'3808297920495747487,韩式新款头绳高级小众手工编织豹纹大肠发圈显发量马尾丸子头发绳,,,普通订单,2.9,0,0,0,0,0,0,0,0,0,0,0,-0.02,0,0,0,0,0,0,是-商品卡免佣,0.15,义乌市黎既电子商务商行（个体工商户）,订单结算
2026-04-23 01:24:36,'2026042301242731047355342131,入账,4.6,聚合账户,货款结算入账,小店自卖,'6925550153306242378,'6925550153306242378,'SS76306844209959411350213,2026-04-13 09:52:51,'3761395105840365661,高级感水钻满天星发夹女后脑勺盘发神器发卡青蛙夹扭扭夹发卡头饰,,,普通订单,4.63,0,0,0,0,0,0,0,0,0,0,0,-0.03,0,0,0,0,0,0,是-商品卡免佣,0.22,义乌市黎既电子商务商行（个体工商户）,订单结算
2026-04-23 01:24:36,'2026042301243004832632592131,入账,3.89,聚合账户,货款结算入账,小店自卖,'6925550307325213778,'6925550307325213778,'SS76307463414230717590247,2026-04-13 11:07:49,'3807732934811713667,新款牡丹花羽毛抓夹女高颜值轻奢时尚百搭鲨鱼夹发饰头饰夹发神器,,,普通订单,3.91,0,0,0,0,0,0,0,0,0,0,0,-0.02,0,0,0,0,0,0,是-商品卡免佣,0.15,义乌市黎既电子商务商行（个体工商户）,订单结算
2026-04-23 01:24:36,'2026042301243003906974812131,入账,4.85,聚合账户,货款结算入账,小店自卖,'6925626451586022523,'6925626451586022523,'SS76306371179287022350046,2026-04-15 15:55:24,'3796640026289373330,蝴蝶结鸭嘴夹小香风毛呢爆款发夹后脑勺气质洋气盘发一字夹子,,,普通订单,4.88,0,0,0,0,0,0,0,0,0,0,0,-0.03,0,0,0,0,0,0,是-商品卡免佣,0.22,义乌市黎既电子商务商行（个体工商户）,订单结算
2026-04-23 01:24:36,'2026042301242725213181862131,入账,3.89,聚合账户,货款结算入账,小店自卖,'6952091949406098860,'6952091949406098860,'SS76305223335428262750188,2026-04-15 19:14:42,'3807732934811713667,新款牡丹花羽毛抓夹女高颜值轻奢时尚百搭鲨鱼夹发饰头饰夹发神器,,,普通订单,3.91,0,0,0,0,0,0,0,0,0,0,0,-0.02,0,0,0,0,0,0,是-商品卡免佣,0.15,义乌市黎既电子商务商行（个体工商户）,订单结算
2026-04-23 01:24:36,'2026042301242836579620102131,入账,3.81,聚合账户,货款结算入账,小店自卖,'6925648340769996081,'6925648340769996081,'SS76306472703044657270113,2026-04-16 19:40:22,'3784368456477049055,韩国气质碎钻满天星抓夹女后脑勺半扎发鲨鱼夹发量少百搭发卡头饰,,,普通订单,3.83,0,0,0,0,0,0,0,0,0,0,0,-0.02,0,0,0,0,0,0,是-商品卡免佣,0.15,义乌市黎既电子商务商行（个体工商户）,订单结算
2026-04-23 01:24:36,'2026042301242413645744832131,入账,2.81,聚合账户,货款结算入账,小店自卖,'6952011886869812486,'6952011886869812486,'SS76306385790100771990245,2026-04-12 19:05:30,'3790878995596312771,韩系黑色波点布艺褶皱高马尾香蕉夹竖夹新款豹纹发夹气质百搭发饰,,,普通订单,2.83,0.39,0,0,0,0,0,0,0,0,0,0,-0.02,0,0,0,0,0,0,是-商品卡免佣,0.15,义乌市黎既电子商务商行（个体工商户）,订单结算
2026-04-23 01:24:36,'2026042301242903065290782131,入账,8.3,聚合账户,货款结算入账,小店自卖,'6952068769143199632,'6952068769143199632,'SS76307654917203238940112,2026-04-14 23:32:35,'3807195387425587596,早春复古拼色醋酸抓夹后脑勺盘发夹高质量鲨鱼夹头饰女气质百搭款,,,普通订单,8.35,0,0,0,0,0,0,0,0,0,0,0,-0.05,0,0,0,0,0,0,是-商品卡免佣,0.37,义乌市黎既电子商务商行（个体工商户）,订单结算
2026-04-23 01:24:36,'2026042301242833185631102131,入账,4.6,聚合账户,货款结算入账,小店自卖,'6925538387158794022,'6925538387158794022,'SS76306666776083666380129,2026-04-12 17:30:44,'3761395105840365661,高级感水钻满天星发夹女后脑勺盘发神器发卡青蛙夹扭扭夹发卡头饰,,,普通订单,4.63,0,0,0,0,0,0,0,0,0,0,0,-0.03,0,0,0,0,0,0,是-商品卡免佣,0.22,义乌市黎既电子商务商行（个体工商户）,订单结算
2026-04-23 01:24:36,'2026042301242540105088362131,入账,2.88,聚合账户,货款结算入账,精选联盟,'6952178897271985559,'6952178897271985559,'SS76306660739286799360020,2026-04-19 09:18:30,'3745792367991586945,高级感bb夹水钻镂空云朵碎发夹前额后脑勺发夹侧边刘海夹外出发饰,'479040913815549,文静好物,普通订单,3.24,0.8,0,0,0,0,0,0,0,0,0,0,-0.16,-0.2,0,0,0,0,0,,0,义乌市黎既电子商务商行（个体工商户）,订单结算
2026-04-23 01:24:36,'2026042301242622920770652131,入账,4.85,聚合账户,货款结算入账,小店自卖,'6925556301996325917,'6925556301996325917,'SS76306662661863350190084,2026-04-12 23:58:50,'3746150076641313252,网红简约ins纯色宽边发带高颅顶白色发箍女运动健身夏季头饰发饰,,,普通订单,5.11,0.9,0,0,0,0,0,0,0,0,0,0,-0.26,0,0,0,0,0,0,,0,义乌市黎既电子商务商行（个体工商户）,订单结算
2026-04-23 01:24:37,'2026042301242422413645322131,入账,3.59,聚合账户,货款结算入账,小店自卖,'6952016384202708695,'6952016384202708695,'SS76306666907659146870082,2026-04-12 21:48:00,'3766001784691229117,夏天简约随手盘发一字扭扭夹水钻抓夹高级发夹扭扭后脑勺盘发器,,,普通订单,3.61,0.69,0,0,0,0,0,0,0,0,0,0,-0.02,0,0,0,0,0,0,是-商品卡免佣,0.15,义乌市黎既电子商务商行（个体工商户）,订单结算
2026-04-23 01:24:37,'2026042301242740645102232131,入账,2.81,聚合账户,货款结算入账,小店自卖,'6952049936292254883,'6952049936292254883,'SS76306781634597363630140,2026-04-14 13:47:20,'3790878995596312771,韩系黑色波点布艺褶皱高马尾香蕉夹竖夹新款豹纹发夹气质百搭发饰,,,普通订单,2.83,0.39,0,0,0,0,0,0,0,0,0,0,-0.02,0,0,0,0,0,0,是-商品卡免佣,0.15,义乌市黎既电子商务商行（个体工商户）,订单结算
2026-04-23 01:24:37,'2026042301242902909806082131,入账,3.36,聚合账户,货款结算入账,小店自卖,'6952040056112682700,'6952040056112682700,'SS76308209228783455070042,2026-04-13 20:43:25,'3756538958083916481,红樱桃发夹女侧边小抓夹碎发网红刘海夹可爱公主头饰鲨鱼夹气质,,,普通订单,3.38,0.3,0,0,0,0,0,0,0,0,0,0,-0.02,0,0,0,0,0,0,是-商品卡免佣,0.15,义乌市黎既电子商务商行（个体工商户）,订单结算
2026-04-23 01:32:18,'2026042301321334928727502131,入账,5.08,聚合账户,货款结算入账,小店自卖,'6952164572946634228,'6952164572946634228,'SS76307971871900144790051,2026-04-18 10:51:48,'3746150076641313252,网红简约ins纯色宽边发带高颅顶白色发箍女运动健身夏季头饰发饰,,,普通订单,5.11,0.9,0,0,0,0,0,0,0,0,0,0,-0.03,0,0,0,0,0,0,是-商品卡免佣,0.22,义乌市黎既电子商务商行（个体工商户）,订单结算
2026-04-23 01:32:18,'2026042301321125586242912131,入账,1,聚合账户,货款结算入账,小店自卖,'6925760641712881107,'6925760641712881107,'SS76308282894477729340092,2026-04-20 21:03:17,'3807763574974186291,气质高级亮黑色大号鲨鱼抓夹女后脑勺时尚发卡巨能抓头饰2026新款,,,普通订单,3.65,0,0,0,0,0,0,0,0,0,0,-2.65,0,0,0,0,0,0,0,是-商品卡免佣,0,义乌市黎既电子商务商行（个体工商户）,订单结算
2026-04-23 01:32:18,'2026042301321211579889042131,入账,3.75,聚合账户,货款结算入账,小店自卖,'6925699571760856822,'6925699571760856822,'SS76308511133019509860155,2026-04-18 18:54:51,'3746150076641313252,网红简约ins纯色宽边发带高颅顶白色发箍女运动健身夏季头饰发饰,,,普通订单,3.77,0.9,0,0,0,0,0,0,0,0,0,0,-0.02,0,0,0,0,0,0,是-商品卡免佣,0.15,义乌市黎既电子商务商行（个体工商户）,订单结算
2026-04-23 01:32:18,'2026042301321229510251612131,入账,11.09,聚合账户,货款结算入账,小店自卖,'6952077384586303197,'6952077384586303197,'SS76306836564297813110164,2026-04-14 21:47:23,'3677664591720087699,一次性小橡皮筋女黑色皮套扎头发绳不伤发高弹力头绳儿童发圈弹性,,,普通订单,11.16,1.55,0,0,0,0,0,0,0,0,0,0,-0.07,0,0,0,0,0,0,是-商品卡免佣,0.51,义乌市黎既电子商务商行（个体工商户）,订单结算
2026-04-23 01:32:18,'2026042301321225143424502131,入账,10.88,聚合账户,货款结算入账,小店自卖,'6952077958739006969,'6952077958739006969,'SS76306375339408102590046,2026-04-15 08:20:07,'3796640026289373330,蝴蝶结鸭嘴夹小香风毛呢爆款发夹后脑勺气质洋气盘发一字夹子,,,普通订单,10.95,0,0,0,0,0,0,0,0,0,0,0,-0.07,0,0,0,0,0,0,是-商品卡免佣,0.51,义乌市黎既电子商务商行（个体工商户）,订单结算
2026-04-23 01:32:18,'2026042301321334730194282131,入账,2.77,聚合账户,货款结算入账,小店自卖,'6952150373776627648,'6952150373776627648,'SS76307683308498990340109,2026-04-17 19:33:45,'3796640026289373330,蝴蝶结鸭嘴夹小香风毛呢爆款发夹后脑勺气质洋气盘发一字夹子,,,普通订单,2.79,0,0,0,0,0,0,0,0,0,0,0,-0.02,0,0,0,0,0,0,是-商品卡免佣,0.15,义乌市黎既电子商务商行（个体工商户）,订单结算
2026-04-23 01:32:18,'2026042301321214151070782131,入账,4.4,聚合账户,货款结算入账,小店自卖,'6952135423722788362,'6952135423722788362,'SS76307799751336108020017,2026-04-16 18:46:30,'3761395105840365661,高级感水钻满天星发夹女后脑勺盘发神器发卡青蛙夹扭扭夹发卡头饰,,,普通订单,4.63,0,0,0,0,0,0,0,0,0,0,0,-0.23,0,0,0,0,0,0,,0,义乌市黎既电子商务商行（个体工商户）,订单结算
2026-04-23 02:26:51,'2026042302264023166694902131,入账,3.43,聚合账户,货款结算入账,小店自卖,'6925599068201844631,'6925599068201844631,'SS76307556004923847780045,2026-04-14 23:05:04,'3812578207576752148,少女粉小碎花蝴蝶结香蕉夹韩系ins风高马尾鲨鱼夹中号後脑勺盘发,,,普通订单,3.45,0,0,0,0,0,0,0,0,0,0,0,-0.02,0,0,0,0,0,0,是-商品卡免佣,0.15,义乌市黎既电子商务商行（个体工商户）,订单结算
2026-04-23 02:29:17,'2026042302290812376645392131,入账,4.63,聚合账户,货款结算入账,小店自卖,'6925552427884707334,'6925552427884707334,'SS76306668719562596260191,2026-04-13 03:10:13,'3767837088616153266,新款大号扭扭夹高级感发夹女后脑勺抓夹盘发神器金属发饰一字夹,,,普通订单,4.66,0,0,0,0,0,0,0,0,0,0,0,-0.03,0,0,0,0,0,0,是-商品卡免佣,0.22,义乌市黎既电子商务商行（个体工商户）,订单结算
2026-04-23 03:05:41,'2026042303053631126001152131,入账,2.36,聚合账户,货款结算入账,小店自卖,'6952163835832571147,'6952163835832571147,'SS76307889211188682430060,2026-04-17 20:35:29,'3756928155160543467,2025新款超仙元气少女~可爱串珠马尾编发神器夏季电话线发圈头绳,,,普通订单,2.37,0,0,0,0,0,0,0,0,0,0,0,-0.01,0,0,0,0,0,0,是-商品卡免佣,0.07,义乌市黎既电子商务商行（个体工商户）,订单结算
2026-04-23 03:05:53,'2026042303054829166641162131,入账,4.91,聚合账户,货款结算入账,小店自卖,'6925536401215683898,'6925536401215683898,'SS76306665873270051930098,2026-04-12 17:56:32,'3673663020057362597,可爱小兔子发夹女童头饰宝宝立体发卡暖手刘海夹秋季毛绒发饰女,,,普通订单,4.94,0.55,0,0,0,0,0,0,0,0,0,0,-0.03,0,0,0,0,0,0,是-商品卡免佣,0.22,义乌市黎既电子商务商行（个体工商户）,订单结算
2026-04-23 03:05:53,'2026042303054828451353692131,入账,4.6,聚合账户,货款结算入账,小店自卖,'6952021072728233367,'6952021072728233367,'SS76306666990794020100070,2026-04-12 21:59:45,'3761395105840365661,高级感水钻满天星发夹女后脑勺盘发神器发卡青蛙夹扭扭夹发卡头饰,,,普通订单,4.63,0,0,0,0,0,0,0,0,0,0,0,-0.03,0,0,0,0,0,0,是-商品卡免佣,0.22,义乌市黎既电子商务商行（个体工商户）,订单结算
2026-04-23 03:05:53,'2026042303054938841390602131,入账,8.3,聚合账户,货款结算入账,小店自卖,'6925678950094634876,'6925678950094634876,'SS76307819732637496670026,2026-04-17 22:46:26,'3757473223135068613,小女孩卡通盘发杆盘发器儿童公主丸子头盘发神器女童简约盘发器,,,普通订单,8.35,0,0,0,0,0,0,0,0,0,0,0,-0.05,0,0,0,0,0,0,是-商品卡免佣,0.37,义乌市黎既电子商务商行（个体工商户）,订单结算
2026-04-23 03:05:53,'2026042303054927769572302131,入账,4.23,聚合账户,货款结算入账,小店自卖,'6952025599586998125,'6952025599586998125,'SS76306844248667591680164,2026-04-13 09:51:54,'3766725340643328230,网红高级感金属发夹女后脑勺抓夹扣盘发气质发卡发饰一字夹扭扭夹,,,普通订单,4.26,0.55,0,0,0,0,0,0,0,0,0,0,-0.03,0,0,0,0,0,0,是-商品卡免佣,0.22,义乌市黎既电子商务商行（个体工商户）,订单结算
2026-04-23 03:05:53,'2026042303055017663107022131,入账,3.87,聚合账户,货款结算入账,小店自卖,'6952027440830092749,'6952027440830092749,'SS76306650223156147700057,2026-04-12 21:46:30,'3807732934811713667,新款牡丹花羽毛抓夹女高颜值轻奢时尚百搭鲨鱼夹发饰头饰夹发神器,,,普通订单,3.89,0,0,0,0,0,0,0,0,0,0,0,-0.02,0,0,0,0,0,0,是-商品卡免佣,0.15,义乌市黎既电子商务商行（个体工商户）,订单结算
2026-04-23 03:05:56,'2026042303055213224353742131,入账,3.75,聚合账户,货款结算入账,小店自卖,'6952029092397782868,'6952029092397782868,'SS76306662707070241470094,2026-04-12 17:16:02,'3746150076641313252,网红简约ins纯色宽边发带高颅顶白色发箍女运动健身夏季头饰发饰,,,普通订单,3.77,0.9,0,0,0,0,0,0,0,0,0,0,-0.02,0,0,0,0,0,0,是-商品卡免佣,0.15,义乌市黎既电子商务商行（个体工商户）,订单结算
2026-04-23 03:05:56,'2026042303055026215390782131,入账,3,聚合账户,货款结算入账,小店自卖,'6925324838018252500,'6925324838018252500,'SS76259501868922969750121,2026-04-03 01:33:19,'3806250082127446374,休闲风创意米菲兔甜美少女刘海贴魔法贴毛绒发帖无痕贴发饰发卡女,,,普通订单,3.02,0,0,0,0,0,0,0,0,0,0,0,-0.02,0,0,0,0,0,0,是-商品卡免佣,0.15,义乌市黎既电子商务商行（个体工商户）,订单结算
2026-04-23 03:05:56,'2026042303055038972790142131,入账,1.97,聚合账户,货款结算入账,小店自卖,'6952027826063414295,'6952027826063414295,'SS76307370031762639820065,2026-04-13 01:33:37,'3766001784691229117,夏天简约随手盘发一字扭扭夹水钻抓夹高级发夹扭扭后脑勺盘发器,,,普通订单,1.98,0,0,0,0,0,0,0,0,0,0,0,-0.01,0,0,0,0,0,0,是-商品卡免佣,0.07,义乌市黎既电子商务商行（个体工商户）,订单结算
2026-04-23 03:05:56,'2026042303055118344839872131,入账,0.98,聚合账户,货款结算入账,精选联盟,'6925656322707455413,'6925656322707455413,'SS76305164266669514390216,2026-04-17 10:37:01,'3796640026289373330,蝴蝶结鸭嘴夹小香风毛呢爆款发夹后脑勺气质洋气盘发一字夹子,'4302813474331592,迦南美地百货,普通订单,1.08,0,0,0,0,0,0,0,0,0,0,0,-0.05,-0.05,0,0,0,0,0,,0,义乌市黎既电子商务商行（个体工商户）,订单结算
2026-04-23 03:05:56,'2026042303055018588513552131,入账,4.67,聚合账户,货款结算入账,小店自卖,'6952041285569352930,'6952041285569352930,'SS76306792020098258110241,2026-04-13 11:17:24,'3746529925562237053,满钻星星碎发整理神器隐形碎发梳女儿童固定头发夹子拉拉梳头饰,,,普通订单,4.48,0,0,0,0,0,0,0,0.22,0,0,0,-0.03,0,0,0,0,0,0,是-商品卡免佣,0.22,义乌市黎既电子商务商行（个体工商户）,订单结算
2026-04-23 03:05:57,'2026042303055313592540702131,入账,3.19,聚合账户,货款结算入账,小店自卖,'6952014774107706909,'6952014774107706909,'SS76307376049811136150117,2026-04-13 09:23:12,'3806839693081969009,春夏简约随手盘发高级发夹一字扭扭夹水钻抓夹扭扭后脑勺盘发器,,,普通订单,3.36,0,0,0,0,0,0,0,0,0,0,0,-0.17,0,0,0,0,0,0,,0,义乌市黎既电子商务商行（个体工商户）,订单结算
2026-04-23 03:05:57,'2026042303055304033459262131,入账,3.81,聚合账户,货款结算入账,小店自卖,'6952033939515774516,'6952033939515774516,'SS76306403597034621950234,2026-04-12 22:08:16,'3784368456477049055,韩国气质碎钻满天星抓夹女后脑勺半扎发鲨鱼夹发量少百搭发卡头饰,,,普通订单,3.83,0,0,0,0,0,0,0,0,0,0,0,-0.02,0,0,0,0,0,0,是-商品卡免佣,0.15,义乌市黎既电子商务商行（个体工商户）,订单结算
2026-04-23 03:05:57,'2026042303055340433748882131,入账,4.7,聚合账户,货款结算入账,小店自卖,'6925554095771909773,'6925554095771909773,'SS76307552483535752180205,2026-04-12 20:50:34,'3808297920495747487,韩式新款头绳高级小众手工编织豹纹大肠发圈显发量马尾丸子头发绳,,,普通订单,4.73,0,0,0,0,0,0,0,0,0,0,0,-0.03,0,0,0,0,0,0,是-商品卡免佣,0.22,义乌市黎既电子商务商行（个体工商户）,订单结算
2026-04-23 03:05:57,'2026042303055239347658302131,入账,3.61,聚合账户,货款结算入账,小店自卖,'6952035035208946747,'6952035035208946747,'SS76307410494599542020111,2026-04-13 14:48:48,'3806450472450130341,新款复古抓夹女豹纹蝴蝶结鲨鱼夹2026后脑勺盘发发夹高级感发饰,,,普通订单,3.63,0,0,0,0,0,0,0,0,0,0,0,-0.02,0,0,0,0,0,0,是-商品卡免佣,0.15,义乌市黎既电子商务商行（个体工商户）,订单结算
2026-04-23 03:05:57,'2026042303055319258416832131,入账,3.87,聚合账户,货款结算入账,小店自卖,'6952021024817026986,'6952021024817026986,'SS76306379418585502910226,2026-04-12 21:58:41,'3790878995596312771,韩系黑色波点布艺褶皱高马尾香蕉夹竖夹新款豹纹发夹气质百搭发饰,,,普通订单,3.89,0,0,0,0,0,0,0,0,0,0,0,-0.02,0,0,0,0,0,0,是-商品卡免佣,0.15,义乌市黎既电子商务商行（个体工商户）,订单结算
2026-04-23 03:06:00,'2026042303055515783408642131,入账,7.76,聚合账户,货款结算入账,小店自卖,'6952030239381525701,'6952030239381525701,'SS76306681050863209370029,2026-04-13 10:41:00,'3677664591720087699,一次性小橡皮筋女黑色皮套扎头发绳不伤发高弹力头绳儿童发圈弹性,,,普通订单,7.81,1.55,0,0,0,0,0,0,0,0,0,0,-0.05,0,0,0,0,0,0,是-商品卡免佣,0.37,义乌市黎既电子商务商行（个体工商户）,订单结算
2026-04-23 03:06:00,'2026042303055428534705062131,入账,4.85,聚合账户,货款结算入账,小店自卖,'6925548762165903161,'6925548762165903161,'SS76307365566188101620191,2026-04-12 18:46:14,'3796640026289373330,蝴蝶结鸭嘴夹小香风毛呢爆款发夹后脑勺气质洋气盘发一字夹子,,,普通订单,4.88,0,0,0,0,0,0,0,0,0,0,0,-0.03,0,0,0,0,0,0,是-商品卡免佣,0.22,义乌市黎既电子商务商行（个体工商户）,订单结算
2026-04-23 03:06:00,'2026042303055502111739402131,入账,7.7,聚合账户,货款结算入账,小店自卖,'6952029869158242130,'6952029869158242130,'SS76306668816877494030121,2026-04-13 02:25:49,'3796640026289373330,蝴蝶结鸭嘴夹小香风毛呢爆款发夹后脑勺气质洋气盘发一字夹子,,,普通订单,7.75,0,0,0,0,0,0,0,0,0,0,0,-0.05,0,0,0,0,0,0,是-商品卡免佣,0.37,义乌市黎既电子商务商行（个体工商户）,订单结算
2026-04-23 03:06:00,'2026042303055608182994442131,入账,10.88,聚合账户,货款结算入账,小店自卖,'6952023148551280425,'6952023148551280425,'SS76307364848569392830208,2026-04-13 00:54:32,'3796640026289373330,蝴蝶结鸭嘴夹小香风毛呢爆款发夹后脑勺气质洋气盘发一字夹子,,,普通订单,5.95,0,0,0,0,0,0,0,0,5,0,0,-0.07,0,0,0,0,0,0,是-商品卡免佣,0.51,义乌市黎既电子商务商行（个体工商户）,订单结算
2026-04-23 03:06:00,'2026042303055614221808792131,入账,3.59,聚合账户,货款结算入账,小店自卖,'6952023110876862100,'6952023110876862100,'SS76306667987655398810228,2026-04-13 00:11:20,'3766001784691229117,夏天简约随手盘发一字扭扭夹水钻抓夹高级发夹扭扭后脑勺盘发器,,,普通订单,3.61,0.69,0,0,0,0,0,0,0,0,0,0,-0.02,0,0,0,0,0,0,是-商品卡免佣,0.15,义乌市黎既电子商务商行（个体工商户）,订单结算
2026-04-23 03:06:01,'2026042303055633472517632131,入账,2.56,聚合账户,货款结算入账,小店自卖,'6952015826490168383,'6952015826490168383,'SS76306398854188733590151,2026-04-12 16:38:58,'3784368456477049055,韩国气质碎钻满天星抓夹女后脑勺半扎发鲨鱼夹发量少百搭发卡头饰,,,普通订单,0.69,0,0,2,0,0,0,0,0,0,0,0,-0.13,0,0,0,0,0,0,,0,义乌市黎既电子商务商行（个体工商户）,订单结算
2026-04-23 03:06:01,'2026042303055603654989062131,入账,3.41,聚合账户,货款结算入账,精选联盟,'6952082955562850166,'6952082955562784630,'SS76308044947161257460177,2026-04-15 17:53:28,'3787171631206629639,可爱蝴蝶结KT小猫咪无痕刘海贴魔术贴少女前额侧边碎发贴整理神器,'0,,普通订单,1.64,0,0,2.15,0,0,0,0,0,0,0,0,-0.19,0,0,0,0,-0.19,0,,0,义乌市黎既电子商务商行（个体工商户）,订单结算
2026-04-23 03:06:01,'2026042303055800839851982131,入账,3.51,聚合账户,货款结算入账,精选联盟,'6951998252636902884,'6951998252636902884,'SS76306649980971420220178,2026-04-12 19:55:16,'3807732934811713667,新款牡丹花羽毛抓夹女高颜值轻奢时尚百搭鲨鱼夹发饰头饰夹发神器,'0,,普通订单,0.89,0,0,3,0,0,0,0,0,0,0,0,-0.19,0,0,0,0,-0.19,0,,0,义乌市黎既电子商务商行（个体工商户）,订单结算
2026-04-23 03:06:01,'2026042303055527626911222131,入账,3.14,聚合账户,货款结算入账,小店自卖,'6952022709194593880,'6952022709194593880,'SS76307404907781330110029,2026-04-12 20:02:30,'3796640026289373330,蝴蝶结鸭嘴夹小香风毛呢爆款发夹后脑勺气质洋气盘发一字夹子,,,普通订单,3.16,0,0,0,0,0,0,0,0,0,0,0,-0.02,0,0,0,0,0,0,是-商品卡免佣,0.15,义乌市黎既电子商务商行（个体工商户）,订单结算
2026-04-23 03:06:01,'2026042303055609285312002131,入账,3.51,聚合账户,货款结算入账,精选联盟,'6925540945322409766,'6925540945322409766,'SS76306650067161582140232,2026-04-13 00:46:54,'3807732934811713667,新款牡丹花羽毛抓夹女高颜值轻奢时尚百搭鲨鱼夹发饰头饰夹发神器,'0,,普通订单,0.89,0,0,3,0,0,0,0,0,0,0,0,-0.19,0,0,0,0,-0.19,0,,0,义乌市黎既电子商务商行（个体工商户）,订单结算
2026-04-23 03:06:01,'2026042303055617364754432131,入账,4.21,聚合账户,货款结算入账,精选联盟,'6952030301011121294,'6952030301011121294,'SS76307015095665956180240,2026-04-13 11:31:56,'3769166853499388264,2025新款安全硅胶发夹女士鲨鱼夹饰品柔软防撞保护后脑夹头发女,'0,,普通订单,4.67,0,0,0,0,0,0,0,0,0,0,0,-0.23,0,0,0,0,-0.23,0,,0,义乌市黎既电子商务商行（个体工商户）,订单结算
2026-04-23 03:06:01,'2026042303055634800317532131,入账,4.9,聚合账户,货款结算入账,小店自卖,'6952055360726766742,'6952055360726766742,'SS76306666387321326080059,2026-04-13 19:04:07,'3677561914218643751,发饰交叉抓夹大号发夹新款盘发卡头饰女简约气质鲨鱼夹后脑勺发爪,,,普通订单,4.93,1.15,0,0,0,0,0,0,0,0,0,0,-0.03,0,0,0,0,0,0,是-商品卡免佣,0.22,义乌市黎既电子商务商行（个体工商户）,订单结算
2026-04-23 03:06:01,'2026042303055637714335242131,入账,2.51,聚合账户,货款结算入账,精选联盟,'6925543424229604539,'6925543424229604539,'SS76307002416332316310082,2026-04-13 08:58:07,'3796640026289373330,蝴蝶结鸭嘴夹小香风毛呢爆款发夹后脑勺气质洋气盘发一字夹子,'0,,普通订单,0.01,0,0,2.78,0,0,0,0,0,0,0,0,-0.14,0,0,0,0,-0.14,0,,0,义乌市黎既电子商务商行（个体工商户）,订单结算
2026-04-23 03:06:01,'2026042303055623792358912131,入账,3.81,聚合账户,货款结算入账,小店自卖,'6952036410502026957,'6952036410502026957,'SS76307325880464842870050,2026-04-13 01:46:03,'3784368456477049055,韩国气质碎钻满天星抓夹女后脑勺半扎发鲨鱼夹发量少百搭发卡头饰,,,普通订单,0.01,0,0,3.82,0,0,0,0,0,0,0,0,-0.02,0,0,0,0,0,0,是-商品卡免佣,0.15,义乌市黎既电子商务商行（个体工商户）,订单结算
2026-04-23 03:06:01,'2026042303055625305585022131,入账,2.94,聚合账户,货款结算入账,小店自卖,'6952034782456518132,'6952034782456518132,'SS76307014042183808260210,2026-04-13 12:32:08,'3769870193174642697,2025春夏新款轻奢边夹时尚气质一字发夹女后脑勺扭扭夹女,,,普通订单,2.16,0,0,0.8,0,0,0,0,0,0,0,0,-0.02,0,0,0,0,0,0,是-商品卡免佣,0.15,义乌市黎既电子商务商行（个体工商户）,订单结算
2026-04-23 03:06:03,'2026042303060012039457802131,入账,4.35,聚合账户,货款结算入账,小店自卖,'6952007649545819484,'6952007649545819484,'SS76306668121469793680048,2026-04-12 23:02:18,'3673976773902729360,发夹女后脑勺珍珠发卡大号盘发鲨鱼夹韩国ins网红气质头饰抓发夹,,,普通订单,4.38,0.9,0,0,0,0,0,0,0,0,0,0,-0.03,0,0,0,0,0,0,是-商品卡免佣,0.22,义乌市黎既电子商务商行（个体工商户）,订单结算
2026-04-23 03:06:03,'2026042303055712678272002131,入账,2.45,聚合账户,货款结算入账,小店自卖,'6952034112751998502,'6952034112751998502,'SS76306668497807941270147,2026-04-12 23:18:16,'3752993546408427528,新款韩系发饰山茶花公主头抓夹女发夹刘海小巧精致小号发卡迷发夹,,,普通订单,2.46,0,0,0,0,0,0,0,0,0,0,0,-0.01,0,0,0,0,0,0,是-商品卡免佣,0.07,义乌市黎既电子商务商行（个体工商户）,订单结算
2026-04-23 03:06:04,'2026042303055936748495422131,入账,1.84,聚合账户,货款结算入账,小店自卖,'6925562002926173443,'6925562002926173443,'SS76307408098690998190235,2026-04-13 14:29:11,'3809235146834575749,可爱新春小狗香蕉夹女高马尾扭扭夹红色竖夹高级感2026韩新款发夹,,,普通订单,1.85,0,0,0,0,0,0,0,0,0,0,0,-0.01,0,0,0,0,0,0,是-商品卡免佣,0.07,义乌市黎既电子商务商行（个体工商户）,订单结算
2026-04-23 03:06:04,'2026042303060002611776632131,入账,2.77,聚合账户,货款结算入账,小店自卖,'6925545903640903406,'6925545903640903406,'SS76307002452445765620026,2026-04-13 10:47:28,'3796640026289373330,蝴蝶结鸭嘴夹小香风毛呢爆款发夹后脑勺气质洋气盘发一字夹子,,,普通订单,2.79,0,0,0,0,0,0,0,0,0,0,0,-0.02,0,0,0,0,0,0,是-商品卡免佣,0.15,义乌市黎既电子商务商行（个体工商户）,订单结算
2026-04-23 03:06:04,'2026042303055832680184742131,入账,2.56,聚合账户,货款结算入账,小店自卖,'6925557721127419582,'6925557721127419582,'SS76305572917203809680016,2026-04-12 18:15:25,'3784368456477049055,韩国气质碎钻满天星抓夹女后脑勺半扎发鲨鱼夹发量少百搭发卡头饰,,,普通订单,0.01,0,0,2.68,0,0,0,0,0,0,0,0,-0.13,0,0,0,0,0,0,,0,义乌市黎既电子商务商行（个体工商户）,订单结算
2026-04-23 03:06:06,'2026042303060028536550662131,入账,2.67,聚合账户,货款结算入账,小店自卖,'6952020470471136505,'6952020470471136505,'SS76306397848140029950178,2026-04-12 16:13:33,'3784368456477049055,韩国气质碎钻满天星抓夹女后脑勺半扎发鲨鱼夹发量少百搭发卡头饰,,,普通订单,2.69,0,0,0,0,0,0,0,0,0,0,0,-0.02,0,0,0,0,0,0,是-商品卡免佣,0.15,义乌市黎既电子商务商行（个体工商户）,订单结算
2026-04-23 03:06:06,'2026042303060208480688982131,入账,2.67,聚合账户,货款结算入账,小店自卖,'6925548139319361113,'6925548139319361113,'SS76307438195254564250145,2026-04-13 12:27:20,'3784368456477049055,韩国气质碎钻满天星抓夹女后脑勺半扎发鲨鱼夹发量少百搭发卡头饰,,,普通订单,2.69,0,0,0,0,0,0,0,0,0,0,0,-0.02,0,0,0,0,0,0,是-商品卡免佣,0.15,义乌市黎既电子商务商行（个体工商户）,订单结算
2026-04-23 03:06:06,'2026042303060030465892182131,入账,3.86,聚合账户,货款结算入账,小店自卖,'6925546756195450143,'6925546756195450143,'SS76306666996848932350216,2026-04-12 20:54:12,'3756368993452163269,简约蝴蝶结抓夹女2025新款哑光发夹后脑勺气质鲨鱼夹中号夏天夹子,,,普通订单,4.06,0,0,0,0,0,0,0,0,0,0,0,-0.2,0,0,0,0,0,0,,0,义乌市黎既电子商务商行（个体工商户）,订单结算
2026-04-23 03:06:06,'2026042303060133806426122131,入账,4.85,聚合账户,货款结算入账,小店自卖,'6925567182215282200,'6925567182215282200,'SS76306996809341995900154,2026-04-13 10:40:33,'3796640026289373330,蝴蝶结鸭嘴夹小香风毛呢爆款发夹后脑勺气质洋气盘发一字夹子,,,普通订单,4.88,0,0,0,0,0,0,0,0,0,0,0,-0.03,0,0,0,0,0,0,是-商品卡免佣,0.22,义乌市黎既电子商务商行（个体工商户）,订单结算
2026-04-23 03:06:06,'2026042303060200965063942131,入账,3.84,聚合账户,货款结算入账,小店自卖,'6952018787083359883,'6952018787083359883,'SS76306668753930040510097,2026-04-13 02:01:01,'3750791789322306375,刘海夹前额洋气闪钻轻奢植绒复古夹子双层侧边夹碎发整理夹子女,,,普通订单,3.86,0.45,0,0,0,0,0,0,0,0,0,0,-0.02,0,0,0,0,0,0,是-商品卡免佣,0.15,义乌市黎既电子商务商行（个体工商户）,订单结算
2026-04-23 03:06:09,'2026042303060031887529022131,入账,4.6,聚合账户,货款结算入账,小店自卖,'6952050423778907720,'6952050423778907720,'SS76307050963928725020163,2026-04-13 12:36:33,'3761395105840365661,高级感水钻满天星发夹女后脑勺盘发神器发卡青蛙夹扭扭夹发卡头饰,,,普通订单,4.63,0,0,0,0,0,0,0,0,0,0,0,-0.03,0,0,0,0,0,0,是-商品卡免佣,0.22,义乌市黎既电子商务商行（个体工商户）,订单结算
2026-04-23 03:06:09,'2026042303060603823214492131,入账,2.86,聚合账户,货款结算入账,小店自卖,'6952034897827599599,'6952034897827599599,'SS76307257939706066320010,2026-04-13 14:09:05,'3761395105840365661,高级感水钻满天星发夹女后脑勺盘发神器发卡青蛙夹扭扭夹发卡头饰,,,普通订单,2.88,0,0,0,0,0,0,0,0,0,0,0,-0.02,0,0,0,0,0,0,是-商品卡免佣,0.15,义乌市黎既电子商务商行（个体工商户）,订单结算
2026-04-23 03:06:09,'2026042303060332687557312131,入账,4.6,聚合账户,货款结算入账,小店自卖,'6952007773278836015,'6952007773278836015,'SS76306667934478180360193,2026-04-13 00:08:48,'3761395105840365661,高级感水钻满天星发夹女后脑勺盘发神器发卡青蛙夹扭扭夹发卡头饰,,,普通订单,4.63,0,0,0,0,0,0,0,0,0,0,0,-0.03,0,0,0,0,0,0,是-商品卡免佣,0.22,义乌市黎既电子商务商行（个体工商户）,订单结算
2026-04-23 03:06:09,'2026042303060428785544112131,入账,5.08,聚合账户,货款结算入账,小店自卖,'6952043731388077644,'6952043731388077644,'SS76307133169828828670134,2026-04-13 11:04:55,'3746150076641313252,网红简约ins纯色宽边发带高颅顶白色发箍女运动健身夏季头饰发饰,,,普通订单,5.11,0.9,0,0,0,0,0,0,0,0,0,0,-0.03,0,0,0,0,0,0,是-商品卡免佣,0.22,义乌市黎既电子商务商行（个体工商户）,订单结算
2026-04-23 03:06:09,'2026042303060309071009822131,入账,4.91,聚合账户,货款结算入账,小店自卖,'6925553687805525306,'6925553687805525306,'SS76306665975903729160197,2026-04-12 17:54:40,'3673663020057362597,可爱小兔子发夹女童头饰宝宝立体发卡暖手刘海夹秋季毛绒发饰女,,,普通订单,4.94,0.55,0,0,0,0,0,0,0,0,0,0,-0.03,0,0,0,0,0,0,是-商品卡免佣,0.22,义乌市黎既电子商务商行（个体工商户）,订单结算
2026-04-23 03:06:12,'2026042303060733646515202131,入账,3.63,聚合账户,货款结算入账,小店自卖,'6925544459414174854,'6925544459414174854,'SS76306666704989885850230,2026-04-12 18:54:58,'3807763574974186291,气质高级亮黑色大号鲨鱼抓夹女后脑勺时尚发卡巨能抓头饰2026新款,,,普通订单,3.65,0,0,0,0,0,0,0,0,0,0,0,-0.02,0,0,0,0,0,0,是-商品卡免佣,0.15,义乌市黎既电子商务商行（个体工商户）,订单结算
2026-04-23 03:06:12,'2026042303060731384909212131,入账,5.46,聚合账户,货款结算入账,精选联盟,'6952112747363767799,'6952112747363767799,'SS76307088368901002780029,2026-04-16 09:30:11,'3677505925100470553,宝宝碎发神器女儿童发卡后脑勺隐形倒插梳整理刘海碎发梳女童发夹,'109969074460,芳姐百货178❤️,普通订单,6.27,0,0,0,0,0,0,0,0,0,0,0,-0.31,-0.5,0,0,0,0,0,,0,义乌市黎既电子商务商行（个体工商户）,订单结算
2026-04-23 03:06:12,'2026042303060718292738912131,入账,6.85,聚合账户,货款结算入账,小店自卖,'6925546386016927131,'6925546386016927131,'SS76306666302045063770076,2026-04-12 17:48:30,'3757678157491208600,夏季简约醋酸发夹边夹侧边碎发刘海夹女2025新款ins前额bb夹头饰,,,普通订单,6.89,0,0,0,0,0,0,0,0,0,0,0,-0.04,0,0,0,0,0,0,是-商品卡免佣,0.29,义乌市黎既电子商务商行（个体工商户）,订单结算
2026-04-23 03:06:12,'2026042303060831733025822131,入账,2.78,聚合账户,货款结算入账,小店自卖,'6952030627706771027,'6952030627706771027,'SS76307406845131822540242,2026-04-13 15:09:34,'3806285088233226368,韩系~时尚百搭简约女格纹布少女风艺带齿细发箍个性压发箍头箍女,,,普通订单,2.8,0,0,0,0,0,0,0,0,0,0,0,-0.02,0,0,0,0,0,0,是-商品卡免佣,0.15,义乌市黎既电子商务商行（个体工商户）,订单结算
2026-04-23 03:06:12,'2026042303060636796052632131,入账,4.53,聚合账户,货款结算入账,小店自卖,'6925577074725387970,'6925577074725387970,'SS76307416300743439710067,2026-04-13 17:24:37,'3791622454376530095,韩版彩色m豆发圈女冬季新款橡皮筋高弹力发绳简约不伤发头绳发饰,,,普通订单,4.56,0,0,0,0,0,0,0,0,0,0,0,-0.03,0,0,0,0,0,0,是-商品卡免佣,0.22,义乌市黎既电子商务商行（个体工商户）,订单结算
2026-04-23 03:06:16,'2026042303060827569037222131,入账,0.87,聚合账户,货款结算入账,精选联盟,'6925737818040860529,'6925737818040860529,'SS76306568597292856660069,2026-04-20 10:05:18,'3677505925100470553,宝宝碎发神器女儿童发卡后脑勺隐形倒插梳整理刘海碎发梳女童发夹,'109969074460,芳姐百货178❤️,普通订单,5.56,0,0,0,0,0,0,0,0,0,0,-4.56,-0.05,-0.08,0,0,0,0,0,,0,义乌市黎既电子商务商行（个体工商户）,订单结算
2026-04-23 03:06:16,'2026042303061138926464272131,入账,2.67,聚合账户,货款结算入账,小店自卖,'6952025201108588279,'6952025201108588279,'SS76306401543945467310176,2026-04-12 23:41:27,'3784368456477049055,韩国气质碎钻满天星抓夹女后脑勺半扎发鲨鱼夹发量少百搭发卡头饰,,,普通订单,2.69,0,0,0,0,0,0,0,0,0,0,0,-0.02,0,0,0,0,0,0,是-商品卡免佣,0.15,义乌市黎既电子商务商行（个体工商户）,订单结算
2026-04-23 03:06:16,'2026042303061124546391132131,入账,4.94,聚合账户,货款结算入账,小店自卖,'6952038999320696441,'6952038999320696441,'SS76306793054286853270046,2026-04-13 09:31:27,'3769870193174642697,2025春夏新款轻奢边夹时尚气质一字发夹女后脑勺扭扭夹女,,,普通订单,4.97,0,0,0,0,0,0,0,0,0,0,0,-0.03,0,0,0,0,0,0,是-商品卡免佣,0.22,义乌市黎既电子商务商行（个体工商户）,订单结算
2026-04-23 03:06:16,'2026042303061211287271032131,入账,3.87,聚合账户,货款结算入账,小店自卖,'6925555234140224984,'6925555234140224984,'SS76307462591976082340022,2026-04-13 09:32:59,'3807732934811713667,新款牡丹花羽毛抓夹女高颜值轻奢时尚百搭鲨鱼夹发饰头饰夹发神器,,,普通订单,3.89,0,0,0,0,0,0,0,0,0,0,0,-0.02,0,0,0,0,0,0,是-商品卡免佣,0.15,义乌市黎既电子商务商行（个体工商户）,订单结算
2026-04-23 03:06:16,'2026042303061029541834752131,入账,5.08,聚合账户,货款结算入账,小店自卖,'6952024663670592613,'6952024663670592613,'SS76307201374690883100073,2026-04-12 19:06:02,'3746150076641313252,网红简约ins纯色宽边发带高颅顶白色发箍女运动健身夏季头饰发饰,,,普通订单,5.11,0.9,0,0,0,0,0,0,0,0,0,0,-0.03,0,0,0,0,0,0,是-商品卡免佣,0.22,义乌市黎既电子商务商行（个体工商户）,订单结算
2026-04-23 03:06:17,'2026042303061329361769422131,入账,2.43,聚合账户,货款结算入账,精选联盟,'6952017114853218236,'6952017114853218236,'SS76307437471815273230182,2026-04-13 09:56:55,'3784368456477049055,韩国气质碎钻满天星抓夹女后脑勺半扎发鲨鱼夹发量少百搭发卡头饰,'0,,普通订单,2.69,0,0,0,0,0,0,0,0,0,0,0,-0.13,0,0,0,0,-0.13,0,,0,义乌市黎既电子商务商行（个体工商户）,订单结算
2026-04-23 03:06:17,'2026042303061233353567182131,入账,2.67,聚合账户,货款结算入账,小店自卖,'6952034582999340364,'6952034582999340364,'SS76307437583681787070066,2026-04-13 09:57:18,'3784368456477049055,韩国气质碎钻满天星抓夹女后脑勺半扎发鲨鱼夹发量少百搭发卡头饰,,,普通订单,2.69,0,0,0,0,0,0,0,0,0,0,0,-0.02,0,0,0,0,0,0,是-商品卡免佣,0.15,义乌市黎既电子商务商行（个体工商户）,订单结算
2026-04-23 03:06:17,'2026042303061311241234352131,入账,2.81,聚合账户,货款结算入账,小店自卖,'6925553782782328241,'6925553782782328241,'SS76306384610365937000183,2026-04-12 18:32:19,'3790878995596312771,韩系黑色波点布艺褶皱高马尾香蕉夹竖夹新款豹纹发夹气质百搭发饰,,,普通订单,2.83,0.39,0,0,0,0,0,0,0,0,0,0,-0.02,0,0,0,0,0,0,是-商品卡免佣,0.15,义乌市黎既电子商务商行（个体工商户）,订单结算
2026-04-23 03:06:17,'2026042303061310911583352131,入账,3.43,聚合账户,货款结算入账,小店自卖,'6925677745969856281,'6925677745969725209,'SS76307573154239780260205,2026-04-18 13:25:11,'3812568539638923653,超仙温柔网纱花朵抓夹女高级感2026新款头花发夹后脑勺鲨鱼夹头饰,,,普通订单,3.45,0,0,0,0,0,0,0,0,0,0,0,-0.02,0,0,0,0,0,0,是-商品卡免佣,0.15,义乌市黎既电子商务商行（个体工商户）,订单结算
2026-04-23 03:06:17,'2026042303061241525417322131,入账,4.4,聚合账户,货款结算入账,小店自卖,'6925546624559054647,'6925546624559054647,'SS76306666061836946330043,2026-04-12 19:47:40,'3761395105840365661,高级感水钻满天星发夹女后脑勺盘发神器发卡青蛙夹扭扭夹发卡头饰,,,普通订单,4.63,0,0,0,0,0,0,0,0,0,0,0,-0.23,0,0,0,0,0,0,,0,义乌市黎既电子商务商行（个体工商户）,订单结算
2026-04-23 03:06:20,'2026042303061337303301542131,入账,10.88,聚合账户,货款结算入账,小店自卖,'6952052832602560080,'6952052832602560080,'SS76307364974610887830174,2026-04-13 14:11:05,'3796640026289373330,蝴蝶结鸭嘴夹小香风毛呢爆款发夹后脑勺气质洋气盘发一字夹子,,,普通订单,10.95,0,0,0,0,0,0,0,0,0,0,0,-0.07,0,0,0,0,0,0,是-商品卡免佣,0.51,义乌市黎既电子商务商行（个体工商户）,订单结算
2026-04-23 03:06:20,'2026042303061436797484152131,入账,10.88,聚合账户,货款结算入账,小店自卖,'6952027031680914783,'6952027031680914783,'SS76307364578252108890059,2026-04-12 17:46:34,'3796640026289373330,蝴蝶结鸭嘴夹小香风毛呢爆款发夹后脑勺气质洋气盘发一字夹子,,,普通订单,10.95,0,0,0,0,0,0,0,0,0,0,0,-0.07,0,0,0,0,0,0,是-商品卡免佣,0.51,义乌市黎既电子商务商行（个体工商户）,订单结算
2026-04-23 03:06:20,'2026042303061511204040202131,入账,5.37,聚合账户,货款结算入账,小店自卖,'6925691916802686545,'6925691916802686545,'SS76307824251155461270167,2026-04-18 23:25:53,'3673984586423075136,发夹女后脑勺新款ins森女系简约高颜值鲨鱼夹盘发饰洗澡磨砂 抓夹,,,普通订单,5.4,0.9,0,0,0,0,0,0,0,0,0,0,-0.03,0,0,0,0,0,0,是-商品卡免佣,0.22,义乌市黎既电子商务商行（个体工商户）,订单结算
2026-04-23 03:06:20,'2026042303061524788710812131,入账,2.26,聚合账户,货款结算入账,精选联盟,'6952020939719709880,'6952020939719709880,'SS76306667119149883290220,2026-04-12 21:03:46,'3797354479075066126,甜美韩系可爱立体五角星初秋发圈格纹肠圈儿童发饰马尾头绳肠圈,'0,,普通订单,0.01,0,0,2.51,0,0,0,0,0,0,0,0,-0.13,0,0,0,0,-0.13,0,,0,义乌市黎既电子商务商行（个体工商户）,订单结算
2026-04-23 03:06:20,'2026042303061441529838482131,入账,4.14,聚合账户,货款结算入账,小店自卖,'6925561493616033387,'6925561493616033387,'SS76307002323595310340144,2026-04-13 11:14:57,'3674939044120363104,夏季薄款编发长条飘带发绳丝巾发带女新款蝴蝶结丝带绑发头绳头饰,,,普通订单,4.17,0,0,0,0,0,0,0,0,0,0,0,-0.03,0,0,0,0,0,0,是-商品卡免佣,0.22,义乌市黎既电子商务商行（个体工商户）,订单结算
2026-04-23 03:06:26,'2026042303062305163589552131,入账,2.86,聚合账户,货款结算入账,精选联盟,'6952137341449082162,'6952137341449082162,'SS76308036268600202600160,2026-04-17 21:29:01,'3748383015122894890,磨砂加大号刘海碎发发夹后脑勺简约插梳女前额洗脸防滑固定神器,'0,,普通订单,0.2,0,0,3.08,0,0,0,0,0,0,0,0,-0.16,0,0,0,0,-0.26,0,,0,义乌市黎既电子商务商行（个体工商户）,订单结算
2026-04-23 03:06:26,'2026042303062209410688362131,入账,2.67,聚合账户,货款结算入账,小店自卖,'6952030280251938505,'6952030280251938505,'SS76307438024244925710034,2026-04-13 10:52:47,'3784368456477049055,韩国气质碎钻满天星抓夹女后脑勺半扎发鲨鱼夹发量少百搭发卡头饰,,,普通订单,0.01,0,0,2.68,0,0,0,0,0,0,0,0,-0.02,0,0,0,0,0,0,是-商品卡免佣,0.15,义乌市黎既电子商务商行（个体工商户）,订单结算
2026-04-23 03:06:26,'2026042303062302476936112131,入账,3.63,聚合账户,货款结算入账,小店自卖,'6952154516364924565,'6952154516364924565,'SS76307339604227038870102,2026-04-17 11:54:48,'3753547567250669687,韩版2025新款高级感蝴蝶结发带女绑头发头绳马尾飘带大肠发圈头饰,,,普通订单,3.25,0,0,0.4,0,0,0,0,0,0,0,0,-0.02,0,0,0,0,0,0,是-商品卡免佣,0.15,义乌市黎既电子商务商行（个体工商户）,订单结算
2026-04-23 03:06:26,'2026042303062111296770752131,入账,8.47,聚合账户,货款结算入账,小店自卖,'6925557284824579267,'6925557284824579267,'SS76306999634036006740229,2026-04-13 12:21:41,'3673388116573553024,花朵儿童盘发神器新款宝宝丸子头盘发器宝宝扎头神器头饰发饰女孩,,,普通订单,7.38,0.55,0,1.54,0,0,0,0,0,0,0,0,-0.45,0,0,0,0,0,0,,0,义乌市黎既电子商务商行（个体工商户）,订单结算
2026-04-23 03:06:26,'2026042303062116875359142131,入账,2.7,聚合账户,货款结算入账,精选联盟,'6952050585386817376,'6952050585386817376,'SS76307405948806436030133,2026-04-13 14:21:01,'3807730226717393128,繁花飘带齿梳发箍女波浪高颅顶正反两带编发头饰气质发卡明星同款,'0,,普通订单,0.01,0,0,2.99,0,0,0,0,0,0,0,0,-0.15,0,0,0,0,-0.15,0,,0,义乌市黎既电子商务商行（个体工商户）,订单结算
2026-04-23 03:06:28,'2026042303062308709742602131,入账,2.67,聚合账户,货款结算入账,小店自卖,'6925546618771439310,'6925546618771439310,'SS76306399988870028900247,2026-04-12 19:57:58,'3784368456477049055,韩国气质碎钻满天星抓夹女后脑勺半扎发鲨鱼夹发量少百搭发卡头饰,,,普通订单,2.69,0,0,0,0,0,0,0,0,0,0,0,-0.02,0,0,0,0,0,0,是-商品卡免佣,0.15,义乌市黎既电子商务商行（个体工商户）,订单结算
2026-04-23 03:06:28,'2026042303062234990000992131,入账,9.58,聚合账户,货款结算入账,小店自卖,'6925548973100268694,'6925548973100268694,'SS76306666428259906710005,2026-04-12 20:03:07,'3769167489120993512,春夏撞色蝴蝶结发夹女后脑勺2025新款气质大号盘发鸭嘴夹头饰抓夹,,,普通订单,9.64,0,0,0,0,0,0,0,0,0,0,0,-0.06,0,0,0,0,0,0,是-商品卡免佣,0.44,义乌市黎既电子商务商行（个体工商户）,订单结算
2026-04-23 03:06:28,'2026042303062321609231762131,入账,3.87,聚合账户,货款结算入账,小店自卖,'6952029075032905187,'6952029075032905187,'SS76306649938896325480010,2026-04-12 17:07:00,'3807732934811713667,新款牡丹花羽毛抓夹女高颜值轻奢时尚百搭鲨鱼夹发饰头饰夹发神器,,,普通订单,3.89,0,0,0,0,0,0,0,0,0,0,0,-0.02,0,0,0,0,0,0,是-商品卡免佣,0.15,义乌市黎既电子商务商行（个体工商户）,订单结算
2026-04-23 03:06:28,'2026042303062328902528002131,入账,3.59,聚合账户,货款结算入账,小店自卖,'6925540970706926901,'6925540970706926901,'SS76306668666046876430108,2026-04-13 02:14:00,'3766001784691229117,夏天简约随手盘发一字扭扭夹水钻抓夹高级发夹扭扭后脑勺盘发器,,,普通订单,3.61,0.69,0,0,0,0,0,0,0,0,0,0,-0.02,0,0,0,0,0,0,是-商品卡免佣,0.15,义乌市黎既电子商务商行（个体工商户）,订单结算
2026-04-23 03:06:28,'2026042303062215859064662131,入账,3.81,聚合账户,货款结算入账,小店自卖,'6925560957688118650,'6925560957688118650,'SS76306403933869017950157,2026-04-13 07:06:59,'3784368456477049055,韩国气质碎钻满天星抓夹女后脑勺半扎发鲨鱼夹发量少百搭发卡头饰,,,普通订单,3.83,0,0,0,0,0,0,0,0,0,0,0,-0.02,0,0,0,0,0,0,是-商品卡免佣,0.15,义乌市黎既电子商务商行（个体工商户）,订单结算
2026-04-23 03:06:36,'2026042303062911619699832131,入账,3.61,聚合账户,货款结算入账,小店自卖,'6925534023057309266,'6925534023057309266,'SS76306825603777011610021,2026-04-12 17:20:59,'3806450472450130341,新款复古抓夹女豹纹蝴蝶结鲨鱼夹2026后脑勺盘发发夹高级感发饰,,,普通订单,3.63,0,0,0,0,0,0,0,0,0,0,0,-0.02,0,0,0,0,0,0,是-商品卡免佣,0.15,义乌市黎既电子商务商行（个体工商户）,订单结算
2026-04-23 03:06:36,'2026042303063041035046502131,入账,2.67,聚合账户,货款结算入账,小店自卖,'6952007432885048535,'6952007432885048535,'SS76306400929951260510122,2026-04-12 21:19:40,'3784368456477049055,韩国气质碎钻满天星抓夹女后脑勺半扎发鲨鱼夹发量少百搭发卡头饰,,,普通订单,0.69,0,0,2,0,0,0,0,0,0,0,0,-0.02,0,0,0,0,0,0,是-商品卡免佣,0.15,义乌市黎既电子商务商行（个体工商户）,订单结算
2026-04-23 03:06:36,'2026042303063214354683512131,入账,2.56,聚合账户,货款结算入账,小店自卖,'6925463362503409302,'6925463362503409302,'SS76307592341124718140097,2026-04-09 06:33:56,'3784368456477049055,韩国气质碎钻满天星抓夹女后脑勺半扎发鲨鱼夹发量少百搭发卡头饰,,,普通订单,0.01,0,0,2.68,0,0,0,0,0,0,0,0,-0.13,0,0,0,0,0,0,,0,义乌市黎既电子商务商行（个体工商户）,订单结算
2026-04-23 03:06:36,'2026042303063228276045222131,入账,3.59,聚合账户,货款结算入账,小店自卖,'6925552334840692322,'6925552334840692322,'SS76306420976992793600093,2026-04-13 00:37:24,'3766001784691229117,夏天简约随手盘发一字扭扭夹水钻抓夹高级发夹扭扭后脑勺盘发器,,,普通订单,3.61,0.69,0,0,0,0,0,0,0,0,0,0,-0.02,0,0,0,0,0,0,是-商品卡免佣,0.15,义乌市黎既电子商务商行（个体工商户）,订单结算
2026-04-23 03:06:36,'2026042303063206253120502131,入账,3.76,聚合账户,货款结算入账,小店自卖,'6952142885631366675,'6952142885631366675,'SS76307711770064325210102,2026-04-17 09:42:08,'3806479482789953902,新款蓝楹蝶!甜美氛围感头花侧边夹旅行发卡！早春气质蓝色花朵发夹,,,普通订单,3.96,0,0,0,0,0,0,0,0,0,0,0,-0.2,0,0,0,0,0,0,,0,义乌市黎既电子商务商行（个体工商户）,订单结算
2026-04-23 03:06:38,'2026042303063137465830802131,入账,4.94,聚合账户,货款结算入账,小店自卖,'6925536456727690745,'6925536456727690745,'SS76306666116999580670008,2026-04-12 18:06:19,'3769870193174642697,2025春夏新款轻奢边夹时尚气质一字发夹女后脑勺扭扭夹女,,,普通订单,3.57,0,0,1.4,0,0,0,0,0,0,0,0,-0.03,0,0,0,0,0,0,是-商品卡免佣,0.22,义乌市黎既电子商务商行（个体工商户）,订单结算
2026-04-23 03:06:38,'2026042303063311665252472131,入账,2.53,聚合账户,货款结算入账,小店自卖,'6952032614064330228,'6952032614064330228,'SS76306998217680983560232,2026-04-13 11:48:40,'3704406262902030790,高级感磨砂交叉抓夹盘复古头饰简约气质时尚鲨鱼夹后脑勺发饰头饰,,,普通订单,2.55,0.9,0,0,0,0,0,0,0,0,0,0,-0.02,0,0,0,0,0,0,是-商品卡免佣,0.15,义乌市黎既电子商务商行（个体工商户）,订单结算
2026-04-23 03:06:38,'2026042303063335698122872131,入账,1.72,聚合账户,货款结算入账,精选联盟,'6952142255808910370,'6952142255808910370,'SS76307602605334737980145,2026-04-18 01:04:32,'3776769690882408946,简约三角形头发抓夹高级鲨鱼夹2025秋冬新款发夹后脑勺盘发夹子女,'0,,普通订单,0.01,0,0,1.91,0,0,0,0,0,0,0,0,-0.1,0,0,0,0,-0.1,0,,0,义乌市黎既电子商务商行（个体工商户）,订单结算
2026-04-23 03:06:38,'2026042303063201347097602131,入账,4.9,聚合账户,货款结算入账,小店自卖,'6925562594852831012,'6925562594852831012,'SS76306998263258155710165,2026-04-13 09:34:13,'3677561914218643751,发饰交叉抓夹大号发夹新款盘发卡头饰女简约气质鲨鱼夹后脑勺发爪,,,普通订单,4.93,1.15,0,0,0,0,0,0,0,0,0,0,-0.03,0,0,0,0,0,0,是-商品卡免佣,0.22,义乌市黎既电子商务商行（个体工商户）,订单结算
2026-04-23 03:06:38,'2026042303063336829599242131,入账,2.81,聚合账户,货款结算入账,小店自卖,'6925536127773277663,'6925536127773277663,'SS76306378402376752990070,2026-04-12 15:45:54,'3790878995596312771,韩系黑色波点布艺褶皱高马尾香蕉夹竖夹新款豹纹发夹气质百搭发饰,,,普通订单,2.43,0.39,0,0.4,0,0,0,0,0,0,0,0,-0.02,0,0,0,0,0,0,是-商品卡免佣,0.15,义乌市黎既电子商务商行（个体工商户）,订单结算
2026-04-23 03:06:49,'2026042303064303825874462131,入账,2.67,聚合账户,货款结算入账,小店自卖,'6952011954699834377,'6952011954699834377,'SS76306399930408143620215,2026-04-12 19:37:56,'3784368456477049055,韩国气质碎钻满天星抓夹女后脑勺半扎发鲨鱼夹发量少百搭发卡头饰,,,普通订单,2.69,0,0,0,0,0,0,0,0,0,0,0,-0.02,0,0,0,0,0,0,是-商品卡免佣,0.15,义乌市黎既电子商务商行（个体工商户）,订单结算
2026-04-23 03:06:49,'2026042303064311755525542131,入账,5.31,聚合账户,货款结算入账,小店自卖,'6925632089216154807,'6925632089216154807,'SS76306959959190574460007,2026-04-15 22:04:24,'3766001784691229117,夏天简约随手盘发一字扭扭夹水钻抓夹高级发夹扭扭后脑勺盘发器,,,普通订单,5.34,0,0,0,0,0,0,0,0,0,0,0,-0.03,0,0,0,0,0,0,是-商品卡免佣,0.22,义乌市黎既电子商务商行（个体工商户）,订单结算
2026-04-23 03:06:49,'2026042303064507508833472131,入账,2.81,聚合账户,货款结算入账,小店自卖,'6952034536872678902,'6952034536872678902,'SS76307228179647739390233,2026-04-13 09:34:27,'3767836959792300411,法式高级感超大号弧形抓夹女新款后脑勺盘发夹发量大鲨鱼夹发卡夹,,,普通订单,2.83,0,0,0,0,0,0,0,0,0,0,0,-0.02,0,0,0,0,0,0,是-商品卡免佣,0.15,义乌市黎既电子商务商行（个体工商户）,订单结算
2026-04-23 03:06:49,'2026042303064423077686182131,入账,4.63,聚合账户,货款结算入账,小店自卖,'6925572420910415732,'6925572420910415732,'SS76306817145034181500226,2026-04-13 14:10:23,'3776769690882408946,简约三角形头发抓夹高级鲨鱼夹2025秋冬新款发夹后脑勺盘发夹子女,,,普通订单,4.66,0,0,0,0,0,0,0,0,0,0,0,-0.03,0,0,0,0,0,0,是-商品卡免佣,0.22,义乌市黎既电子商务商行（个体工商户）,订单结算
2026-04-23 03:06:49,'2026042303064303825382942131,入账,2.67,聚合账户,货款结算入账,小店自卖,'6925542864469262136,'6925542864469262136,'SS76306401394424755580172,2026-04-12 23:04:46,'3784368456477049055,韩国气质碎钻满天星抓夹女后脑勺半扎发鲨鱼夹发量少百搭发卡头饰,,,普通订单,2.69,0,0,0,0,0,0,0,0,0,0,0,-0.02,0,0,0,0,0,0,是-商品卡免佣,0.15,义乌市黎既电子商务商行（个体工商户）,订单结算
2026-04-23 03:06:51,'2026042303064620647163382131,入账,2.67,聚合账户,货款结算入账,小店自卖,'6952012152214983885,'6952012152214983885,'SS76306401053387328270244,2026-04-12 21:39:24,'3784368456477049055,韩国气质碎钻满天星抓夹女后脑勺半扎发鲨鱼夹发量少百搭发卡头饰,,,普通订单,2.69,0,0,0,0,0,0,0,0,0,0,0,-0.02,0,0,0,0,0,0,是-商品卡免佣,0.15,义乌市黎既电子商务商行（个体工商户）,订单结算
2026-04-23 03:06:51,'2026042303064528998047182131,入账,2.94,聚合账户,货款结算入账,小店自卖,'6952043931030459818,'6952043931030459818,'SS76307123450205681160125,2026-04-13 12:47:10,'3769870193174642697,2025春夏新款轻奢边夹时尚气质一字发夹女后脑勺扭扭夹女,,,普通订单,2.96,0,0,0,0,0,0,0,0,0,0,0,-0.02,0,0,0,0,0,0,是-商品卡免佣,0.15,义乌市黎既电子商务商行（个体工商户）,订单结算
2026-04-23 03:06:51,'2026042303064603217493002131,入账,5.31,聚合账户,货款结算入账,小店自卖,'6925560561569463713,'6925560561569463713,'SS76306668157238152080153,2026-04-12 23:15:29,'3766001784691229117,夏天简约随手盘发一字扭扭夹水钻抓夹高级发夹扭扭后脑勺盘发器,,,普通订单,5.34,0,0,0,0,0,0,0,0,0,0,0,-0.03,0,0,0,0,0,0,是-商品卡免佣,0.22,义乌市黎既电子商务商行（个体工商户）,订单结算
2026-04-23 03:06:51,'2026042303064606722688342131,入账,2.78,聚合账户,货款结算入账,小店自卖,'6925536333436190665,'6925536333436190665,'SS76306672197489628700171,2026-04-12 17:06:05,'3807978711932863082,新款发箍女款洗脸专用压发带齿防滑简约碎发头箍高颅头饰防掉百搭,,,普通订单,0.01,0,0,2.92,0,0,0,0,0,0,0,0,-0.15,0,0,0,0,0,0,,0,义乌市黎既电子商务商行（个体工商户）,订单结算
2026-04-23 03:06:51,'2026042303064604249029642131,入账,7.31,聚合账户,货款结算入账,小店自卖,'6925558332261498696,'6925558332261498696,'SS76293259526396813070052,2026-04-12 22:12:21,'3757473223135068613,小女孩卡通盘发杆盘发器儿童公主丸子头盘发神器女童简约盘发器,,,普通订单,8.35,0,0,0,0,0,0,0,0,0,0,-1,-0.04,0,0,0,0,0,0,是-商品卡免佣,0.29,义乌市黎既电子商务商行（个体工商户）,订单结算
2026-04-23 03:07:00,'2026042303065519468170872131,入账,4.9,聚合账户,货款结算入账,小店自卖,'6952005129584449345,'6952005129584449345,'SS76306666141988457370178,2026-04-12 19:50:36,'3677561914218643751,发饰交叉抓夹大号发夹新款盘发卡头饰女简约气质鲨鱼夹后脑勺发爪,,,普通订单,4.93,1.15,0,0,0,0,0,0,0,0,0,0,-0.03,0,0,0,0,0,0,是-商品卡免佣,0.22,义乌市黎既电子商务商行（个体工商户）,订单结算
2026-04-23 03:07:00,'2026042303065437878996902131,入账,4.22,聚合账户,货款结算入账,精选联盟,'6925545674675158821,'6925545674675158821,'SS76306669915277440630034,2026-04-13 08:07:57,'3748761831255180030,法式高级感超大号弧形抓夹女新款后脑勺盘发夹发量大鲨鱼夹发卡夹,'0,,普通订单,4.89,0.55,0,0,0,0,0,0,0,0,0,0,-0.24,0,0,0,-0.04,-0.39,0,,0,义乌市黎既电子商务商行（个体工商户）,订单结算
2026-04-23 03:07:00,'2026042303065340316111422131,入账,3.87,聚合账户,货款结算入账,小店自卖,'6952003043104986325,'6952003043104986325,'SS76306650050257718100081,2026-04-12 19:29:17,'3807732934811713667,新款牡丹花羽毛抓夹女高颜值轻奢时尚百搭鲨鱼夹发饰头饰夹发神器,,,普通订单,3.89,0,0,0,0,0,0,0,0,0,0,0,-0.02,0,0,0,0,0,0,是-商品卡免佣,0.15,义乌市黎既电子商务商行（个体工商户）,订单结算
2026-04-23 03:07:00,'2026042303065536835991232131,入账,2.68,聚合账户,货款结算入账,小店自卖,'6925552838925385271,'6925552838925385271,'SS76307002264384479100070,2026-04-13 09:52:54,'3806431274114089028,格纹蝴蝶结头花植绒小熊发圈韩系可爱百搭扎马尾头绳发饰新款发绳,,,普通订单,2.7,0.89,0,0,0,0,0,0,0,0,0,0,-0.02,0,0,0,0,0,0,是-商品卡免佣,0.15,义乌市黎既电子商务商行（个体工商户）,订单结算
2026-04-23 03:07:00,'2026042303065616361272952131,入账,1.87,聚合账户,货款结算入账,小店自卖,'6952080074329364029,'6952080074329364029,'SS76308403488267965700181,2026-04-15 10:12:45,'3758427543376625946,卡通可爱儿童抓夹女童丸子头盘发爪夹小女孩后脑勺公主头饰发饰,,,普通订单,1.88,0,0,0,0,0,0,0,0,0,0,0,-0.01,0,0,0,0,0,0,是-商品卡免佣,0.07,义乌市黎既电子商务商行（个体工商户）,订单结算
2026-04-23 03:07:08,'2026042303070316915996162131,入账,4.2,聚合账户,货款结算入账,小店自卖,'6952013984342086900,'6952013984342086900,'SS76306667669556595700162,2026-04-12 20:28:21,'3766001784691229117,夏天简约随手盘发一字扭扭夹水钻抓夹高级发夹扭扭后脑勺盘发器,,,普通订单,4.23,0,0,0,0,0,0,0,0,0,0,0,-0.03,0,0,0,0,0,0,是-商品卡免佣,0.22,义乌市黎既电子商务商行（个体工商户）,订单结算
2026-04-23 03:07:08,'2026042303070302700579992131,入账,2.86,聚合账户,货款结算入账,小店自卖,'6925543014507642130,'6925543014507642130,'SS76306668148274304150160,2026-04-13 00:06:07,'3761395105840365661,高级感水钻满天星发夹女后脑勺盘发神器发卡青蛙夹扭扭夹发卡头饰,,,普通订单,2.88,0,0,0,0,0,0,0,0,0,0,0,-0.02,0,0,0,0,0,0,是-商品卡免佣,0.15,义乌市黎既电子商务商行（个体工商户）,订单结算
2026-04-23 03:07:08,'2026042303070325335403862131,入账,3.2,聚合账户,货款结算入账,小店自卖,'6925417801608625579,'6925417801608625579,'SS76306647915619169340225,2026-04-07 21:55:17,'3745963204577198472,编织蝴蝶结加大号发夹后脑勺甜美森系2025新款鸭嘴夹夏季头饰发饰,,,普通订单,3.22,0.3,0,0,0,0,0,0,0,0,0,0,-0.02,0,0,0,0,0,0,是-商品卡免佣,0.15,义乌市黎既电子商务商行（个体工商户）,订单结算
2026-04-23 03:07:08,'2026042303070403188826122131,入账,0.55,聚合账户,货款结算入账,小店自卖,'6925577074725387970F00,'6925577074725387970,'SS76307416251406584840042,2026-04-13 17:24:37,'3791622454376530095,运费单,,,普通订单,0.55,0.55,0,0,0,0,0,0,0,0,0,0,0,0,0,0,0,0,0,是-商品卡免佣,0,义乌市黎既电子商务商行（个体工商户）,运费单结算
2026-04-23 03:07:08,'2026042303070429236759392131,入账,3.75,聚合账户,货款结算入账,小店自卖,'6925559057278663984,'6925559057278663984,'SS76307475611935706060064,2026-04-13 08:58:03,'3746150076641313252,网红简约ins纯色宽边发带高颅顶白色发箍女运动健身夏季头饰发饰,,,普通订单,3.77,0.9,0,0,0,0,0,0,0,0,0,0,-0.02,0,0,0,0,0,0,是-商品卡免佣,0.15,义乌市黎既电子商务商行（个体工商户）,订单结算
2026-04-23 03:07:11,'2026042303070441072397432131,入账,7.99,聚合账户,货款结算入账,精选联盟,'6952041375235380364,'6952041375235380364,'SS76307013953734904950152,2026-04-13 12:01:16,'3769870193174642697,2025春夏新款轻奢边夹时尚气质一字发夹女后脑勺扭扭夹女,'0,,普通订单,8.87,0,0,0,0,0,0,0,0,0,0,0,-0.44,0,0,0,0,-0.44,0,,0,义乌市黎既电子商务商行（个体工商户）,订单结算
2026-04-23 03:07:11,'2026042303070525640146352131,入账,3.14,聚合账户,货款结算入账,小店自卖,'6925570161724456197,'6925570161724456197,'SS76306589047204132240215,2026-04-13 14:42:08,'3796640026289373330,蝴蝶结鸭嘴夹小香风毛呢爆款发夹后脑勺气质洋气盘发一字夹子,,,普通订单,3.16,0,0,0,0,0,0,0,0,0,0,0,-0.02,0,0,0,0,0,0,是-商品卡免佣,0.15,义乌市黎既电子商务商行（个体工商户）,订单结算
2026-04-23 03:07:11,'2026042303070323628518592131,入账,4.23,聚合账户,货款结算入账,小店自卖,'6925556849524178617,'6925556849524178617,'SS76306844247371456000069,2026-04-13 09:28:47,'3766725340643328230,网红高级感金属发夹女后脑勺抓夹扣盘发气质发卡发饰一字夹扭扭夹,,,普通订单,4.26,0.55,0,0,0,0,0,0,0,0,0,0,-0.03,0,0,0,0,0,0,是-商品卡免佣,0.22,义乌市黎既电子商务商行（个体工商户）,订单结算
2026-04-23 03:07:11,'2026042303070517208980672131,入账,6.67,聚合账户,货款结算入账,小店自卖,'6952052905667991437,'6952052905667991437,'SS76307406883343573000065,2026-04-13 14:55:23,'3757467057625629051,扎丸子头盘发神器固定盘发器扭扭棒发夹发饰挽发杆蓬松花苞头发卡,,,普通订单,6.71,0,0,0,0,0,0,0,0,0,0,0,-0.04,0,0,0,0,0,0,是-商品卡免佣,0.29,义乌市黎既电子商务商行（个体工商户）,订单结算
2026-04-23 03:07:11,'2026042303070708897989552131,入账,2.67,聚合账户,货款结算入账,小店自卖,'6925544870645038345,'6925544870645038345,'SS76306401014791869440182,2026-04-12 21:29:26,'3784368456477049055,韩国气质碎钻满天星抓夹女后脑勺半扎发鲨鱼夹发量少百搭发卡头饰,,,普通订单,2.69,0,0,0,0,0,0,0,0,0,0,0,-0.02,0,0,0,0,0,0,是-商品卡免佣,0.15,义乌市黎既电子商务商行（个体工商户）,订单结算
2026-04-23 03:07:25,'2026042303071914558705182131,入账,1.98,聚合账户,货款结算入账,小店自卖,'6952013761424659715,'6952013761424659715,'SS76306666823230917390008,2026-04-12 17:39:04,'3704406262902030790,高级感磨砂交叉抓夹盘复古头饰简约气质时尚鲨鱼夹后脑勺发饰头饰,,,普通订单,1.99,0.9,0,0,0,0,0,0,0,0,0,0,-0.01,0,0,0,0,0,0,是-商品卡免佣,0.07,义乌市黎既电子商务商行（个体工商户）,订单结算
2026-04-23 03:07:25,'2026042303072122148429212131,入账,3,聚合账户,货款结算入账,小店自卖,'6925536286810799425,'6925536286810799425,'SS76307317777615757320026,2026-04-12 17:02:38,'3806250082127446374,休闲风创意米菲兔甜美少女刘海贴魔法贴毛绒发帖无痕贴发饰发卡女,,,普通订单,3.02,0,0,0,0,0,0,0,0,0,0,0,-0.02,0,0,0,0,0,0,是-商品卡免佣,0.15,义乌市黎既电子商务商行（个体工商户）,订单结算
2026-04-23 03:07:25,'2026042303072041273267622131,入账,3.31,聚合账户,货款结算入账,小店自卖,'6952016138710095092,'6952016138710095092,'SS76306666046822855950197,2026-04-12 19:41:44,'3748382413684867523,复古高马尾抓夹女夏天盘发固定扭扭夹发量多蓬松马尾竖夹香蕉夹子,,,普通订单,3.33,0.55,0,0,0,0,0,0,0,0,0,0,-0.02,0,0,0,0,0,0,是-商品卡免佣,0.15,义乌市黎既电子商务商行（个体工商户）,订单结算
2026-04-23 03:08:59,'2026042303085511413916422131,入账,7.7,聚合账户,货款结算入账,小店自卖,'6951659642553702025,'6951659642553702025,'SS76307464831600399700044,2026-03-29 13:38:56,'3796640026289373330,蝴蝶结鸭嘴夹小香风毛呢爆款发夹后脑勺气质洋气盘发一字夹子,,,普通订单,7.75,0,0,0,0,0,0,0,0,0,0,0,-0.05,0,0,0,0,0,0,是-商品卡免佣,0.37,义乌市黎既电子商务商行（个体工商户）,订单结算
2026-04-23 03:09:17,'2026042303091231924556892131,入账,4.51,聚合账户,货款结算入账,小店自卖,'6952009868746036681,'6952009868746036681,'SS76306668586015995380021,2026-04-12 22:49:35,'3673228294372852204,网红新款碎发神器发梳儿童女童刘海整理夏季发卡头饰插梳发饰女孩,,,普通订单,4.75,0.7,0,0,0,0,0,0,0,0,0,0,-0.24,0,0,0,0,0,0,,0,义乌市黎既电子商务商行（个体工商户）,订单结算
2026-04-23 03:10:30,'2026042303102437375554942131,入账,2.43,聚合账户,货款结算入账,精选联盟,'6952054979073939229,'6952054979073939229,'SS76307440181539310540065,2026-04-13 15:38:22,'3784368456477049055,韩国气质碎钻满天星抓夹女后脑勺半扎发鲨鱼夹发量少百搭发卡头饰,'0,,普通订单,2.69,0,0,0,0,0,0,0,0,0,0,0,-0.13,0,0,0,0,-0.13,0,,0,义乌市黎既电子商务商行（个体工商户）,订单结算
2026-04-23 03:11:46,'2026042303113914250030352131,入账,2.86,聚合账户,货款结算入账,小店自卖,'6952050454417905570,'6952050454417905570,'SS76307257991208310270001,2026-04-13 13:19:03,'3761395105840365661,高级感水钻满天星发夹女后脑勺盘发神器发卡青蛙夹扭扭夹发卡头饰,,,普通订单,2.88,0,0,0,0,0,0,0,0,0,0,0,-0.02,0,0,0,0,0,0,是-商品卡免佣,0.15,义乌市黎既电子商务商行（个体工商户）,订单结算
2026-04-23 03:11:46,'2026042303114116281766502131,入账,3.32,聚合账户,货款结算入账,小店自卖,'6925549264299523941,'6925549264299523941,'SS76306667193376609680233,2026-04-12 22:00:39,'3677523184426549486,韩国字母黑色抓夹高级感气质鲨鱼夹2024春夏扎头发女后脑勺大号,,,普通订单,3.34,1.15,0,0,0,0,0,0,0,0,0,0,-0.02,0,0,0,0,0,0,是-商品卡免佣,0.15,义乌市黎既电子商务商行（个体工商户）,订单结算
2026-04-23 03:11:46,'2026042303114125713054982131,入账,4.69,聚合账户,货款结算入账,小店自卖,'6952002823192778472,'6952002823192712936,'SS76307548445207803070211,2026-04-12 16:59:12,'3806280662462366067,kitty猫~刘海贴精致可爱甜美少女棉花糖猫兔碎发贴魔术贴无痕发饰,,,普通订单,4.72,0,0,0,0,0,0,0,0,0,0,0,-0.03,0,0,0,0,0,0,是-商品卡免佣,0.22,义乌市黎既电子商务商行（个体工商户）,订单结算
2026-04-23 03:11:46,'2026042303114209901350782131,入账,4.6,聚合账户,货款结算入账,小店自卖,'6952038738372793713,'6952038738372793713,'SS76306668689906120200128,2026-04-13 02:13:02,'3761395105840365661,高级感水钻满天星发夹女后脑勺盘发神器发卡青蛙夹扭扭夹发卡头饰,,,普通订单,4.63,0,0,0,0,0,0,0,0,0,0,0,-0.03,0,0,0,0,0,0,是-商品卡免佣,0.22,义乌市黎既电子商务商行（个体工商户）,订单结算
2026-04-23 03:11:46,'2026042303114038765532262131,入账,3.75,聚合账户,货款结算入账,小店自卖,'6925546272740441719,'6925546272740441719,'SS76306662812887457630082,2026-04-12 16:59:21,'3746150076641313252,网红简约ins纯色宽边发带高颅顶白色发箍女运动健身夏季头饰发饰,,,普通订单,3.77,0.9,0,0,0,0,0,0,0,0,0,0,-0.02,0,0,0,0,0,0,是-商品卡免佣,0.15,义乌市黎既电子商务商行（个体工商户）,订单结算
2026-04-23 03:12:45,'2026042303124018668265372131,入账,4.64,聚合账户,货款结算入账,小店自卖,'6952152173762778153,'6952152173762778153,'SS76307480639928732700042,2026-04-17 10:42:04,'3764303825213718908,韩风珍珠抓夹小号发夹女后脑勺发卡小巧鲨鱼夹发抓迷你小夹子头饰,,,普通订单,4.67,0,0,0,0,0,0,0,0,0,0,0,-0.03,0,0,0,0,0,0,是-商品卡免佣,0.22,义乌市黎既电子商务商行（个体工商户）,订单结算
2026-04-23 03:12:45,'2026042303124001142830272131,入账,3.87,聚合账户,货款结算入账,小店自卖,'6952022324140250353,'6952022324140250353,'SS76306650038298381320144,2026-04-12 15:33:40,'3807732934811713667,新款牡丹花羽毛抓夹女高颜值轻奢时尚百搭鲨鱼夹发饰头饰夹发神器,,,普通订单,3.89,0,0,0,0,0,0,0,0,0,0,0,-0.02,0,0,0,0,0,0,是-商品卡免佣,0.15,义乌市黎既电子商务商行（个体工商户）,订单结算
2026-04-23 03:12:45,'2026042303123915450283582131,入账,4.61,聚合账户,货款结算入账,小店自卖,'6952041180409304879,'6952041180409304879,'SS76307011491397145690187,2026-04-13 10:20:20,'3768982715341340864,可爱卡通法式珍珠三角抓夹女新款发量多发夹后脑勺高级感鲨鱼夹,,,普通订单,4.64,0.49,0,0,0,0,0,0,0,0,0,0,-0.03,0,0,0,0,0,0,是-商品卡免佣,0.22,义乌市黎既电子商务商行（个体工商户）,订单结算
2026-04-23 03:12:45,'2026042303124110914532032131,入账,3.75,聚合账户,货款结算入账,小店自卖,'6952153639262033826,'6952153639262033826,'SS76307891020945208470185,2026-04-18 07:25:06,'3746150076641313252,网红简约ins纯色宽边发带高颅顶白色发箍女运动健身夏季头饰发饰,,,普通订单,3.77,0.9,0,0,0,0,0,0,0,0,0,0,-0.02,0,0,0,0,0,0,是-商品卡免佣,0.15,义乌市黎既电子商务商行（个体工商户）,订单结算
2026-04-23 03:12:45,'2026042303124120428721182131,入账,2.67,聚合账户,货款结算入账,小店自卖,'6952023111138481531,'6952023111138481531,'SS76306402234926538740127,2026-04-13 00:40:38,'3784368456477049055,韩国气质碎钻满天星抓夹女后脑勺半扎发鲨鱼夹发量少百搭发卡头饰,,,普通订单,2.69,0,0,0,0,0,0,0,0,0,0,0,-0.02,0,0,0,0,0,0,是-商品卡免佣,0.15,义乌市黎既电子商务商行（个体工商户）,订单结算
2026-04-23 03:12:59,'2026042303125509487654662131,入账,2.86,聚合账户,货款结算入账,小店自卖,'6925556802560097592,'6925556802560097592,'SS76306844298634081620142,2026-04-13 09:24:29,'3761395105840365661,高级感水钻满天星发夹女后脑勺盘发神器发卡青蛙夹扭扭夹发卡头饰,,,普通订单,2.88,0,0,0,0,0,0,0,0,0,0,0,-0.02,0,0,0,0,0,0,是-商品卡免佣,0.15,义乌市黎既电子商务商行（个体工商户）,订单结算
2026-04-23 03:12:59,'2026042303125425845271422131,入账,7,聚合账户,货款结算入账,精选联盟,'6925542513913593603,'6925542513913593603,'SS76307552526938281310111,2026-04-12 21:16:05,'3807732934811713667,新款牡丹花羽毛抓夹女高颜值轻奢时尚百搭鲨鱼夹发饰头饰夹发神器,'0,,普通订单,7.78,0,0,0,0,0,0,0,0,0,0,0,-0.39,0,0,0,0,-0.39,0,,0,义乌市黎既电子商务商行（个体工商户）,订单结算
2026-04-23 03:12:59,'2026042303125234483737602131,入账,4.84,聚合账户,货款结算入账,精选联盟,'6952140975812646737,'6952140975812646737,'SS76307585556163466660232,2026-04-17 10:40:06,'3677505925100470553,宝宝碎发神器女儿童发卡后脑勺隐形倒插梳整理刘海碎发梳女童发夹,'109969074460,芳姐百货178❤️,普通订单,5.56,0,0,0,0,0,0,0,0,0,0,0,-0.28,-0.44,0,0,0,0,0,,0,义乌市黎既电子商务商行（个体工商户）,订单结算
2026-04-23 03:12:59,'2026042303125323617216402131,入账,3.26,聚合账户,货款结算入账,精选联盟,'6951995848282477781,'6951995848282477781,'SS76307410619203919880018,2026-04-12 12:23:01,'3812586438973849921,赫本风波点三角发夹抓夹女高级感2026新款后脑勺盘发鲨鱼夹显发量,'0,,普通订单,3.45,0,0,0,0,0,0,0,0,0,0,0,-0.02,0,0,0,0,-0.17,0,是-商品卡免佣,0.15,义乌市黎既电子商务商行（个体工商户）,订单结算
2026-04-23 03:12:59,'2026042303125436370189142131,入账,3.59,聚合账户,货款结算入账,小店自卖,'6951998205817459885,'6951998205817459885,'SS76306419386056548360249,2026-04-12 19:29:44,'3766001784691229117,夏天简约随手盘发一字扭扭夹水钻抓夹高级发夹扭扭后脑勺盘发器,,,普通订单,3.61,0.69,0,0,0,0,0,0,0,0,0,0,-0.02,0,0,0,0,0,0,是-商品卡免佣,0.15,义乌市黎既电子商务商行（个体工商户）,订单结算
2026-04-23 03:13:49,'2026042303134427645548022131,入账,2.86,聚合账户,货款结算入账,精选联盟,'6925548909249396295,'6925548909249396295,'SS76307407043312399360055,2026-04-12 19:30:18,'3747819002022461625,2025新款发夹高级感发卡头饰简约磨砂鸭嘴夹大号后脑勺盘发抓夹女,'0,,普通订单,0.28,0,0,3,0,0,0,0,0,0,0,0,-0.16,0,0,0,0,-0.26,0,,0,义乌市黎既电子商务商行（个体工商户）,订单结算
2026-04-23 03:13:49,'2026042303134425933747462131,入账,4.6,聚合账户,货款结算入账,小店自卖,'6925540093657513250,'6925540093657513250,'SS76306666714281741070138,2026-04-12 19:12:08,'3761395105840365661,高级感水钻满天星发夹女后脑勺盘发神器发卡青蛙夹扭扭夹发卡头饰,,,普通订单,4.63,0,0,0,0,0,0,0,0,0,0,0,-0.03,0,0,0,0,0,0,是-商品卡免佣,0.22,义乌市黎既电子商务商行（个体工商户）,订单结算
2026-04-23 03:13:49,'2026042303134236125946972131,入账,2.43,聚合账户,货款结算入账,精选联盟,'6925543419681012928,'6925543419681012928,'SS76307437359151846900094,2026-04-13 09:04:00,'3784368456477049055,韩国气质碎钻满天星抓夹女后脑勺半扎发鲨鱼夹发量少百搭发卡头饰,'0,,普通订单,0.01,0,0,2.68,0,0,0,0,0,0,0,0,-0.13,0,0,0,0,-0.13,0,,0,义乌市黎既电子商务商行（个体工商户）,订单结算
2026-04-23 03:13:49,'2026042303134436702128742131,入账,1.94,聚合账户,货款结算入账,精选联盟,'6925568834148138095,'6925568834148138095,'SS76306786905995514940000,2026-04-13 23:08:26,'3806293802847699345,韩式豹纹波点褶皱高级扭扭马尾卡通风香蕉发夹后脑勺显发发卡头饰,'0,,普通订单,0.16,0,0,2,0,0,0,0,0,0,0,0,-0.11,0,0,0,0,-0.11,0,,0,义乌市黎既电子商务商行（个体工商户）,订单结算
2026-04-23 03:13:49,'2026042303134434103298662131,入账,1.91,聚合账户,货款结算入账,小店自卖,'6952009849233348357,'6952009849233348357,'SS76306668833946670340232,2026-04-12 22:58:25,'3776769690882408946,简约三角形头发抓夹高级鲨鱼夹2025秋冬新款发夹后脑勺盘发夹子女,,,普通订单,0.01,0,0,1.91,0,0,0,0,0,0,0,0,-0.01,0,0,0,0,0,0,是-商品卡免佣,0.07,义乌市黎既电子商务商行（个体工商户）,订单结算
2026-04-23 03:17:44,'2026042303173701227699602131,入账,5.71,聚合账户,货款结算入账,小店自卖,'6952041264204421067,'6952041264204421067,'SS76305014732776906620090,2026-04-13 10:50:29,'3673057951649759338,小皮筋小女孩头绳发绳透明多彩小号一次性皮筋儿童橡皮筋发饰扎头,,,普通订单,5.74,1.15,0,0,0,0,0,0,0,0,0,0,-0.03,0,0,0,0,0,0,是-商品卡免佣,0.22,义乌市黎既电子商务商行（个体工商户）,订单结算
2026-04-23 03:17:44,'2026042303173918289833232131,入账,4.04,聚合账户,货款结算入账,精选联盟,'6925545634095398884,'6925545634095398884,'SS76306669780673831030173,2026-04-13 07:33:41,'3746529925562237053,满钻星星碎发整理神器隐形碎发梳女儿童固定头发夹子拉拉梳头饰,'95957951689,菲菲优选,普通订单,3.3,0,0,1.4,0,0,0,0,0,0,0,0,-0.24,-0.42,0,0,0,0,0,,0,义乌市黎既电子商务商行（个体工商户）,订单结算
2026-04-23 03:17:44,'2026042303173812421084262131,入账,3.51,聚合账户,货款结算入账,精选联盟,'6925538816352157609,'6925538816352157609,'SS76306650096526013790190,2026-04-12 20:28:28,'3807732934811713667,新款牡丹花羽毛抓夹女高颜值轻奢时尚百搭鲨鱼夹发饰头饰夹发神器,'0,,普通订单,2.73,0,0,1.16,0,0,0,0,0,0,0,0,-0.19,0,0,0,0,-0.19,0,,0,义乌市黎既电子商务商行（个体工商户）,订单结算
2026-04-23 03:17:44,'2026042303173905044964112131,入账,6.39,聚合账户,货款结算入账,小店自卖,'6925677197812793266,'6925677197812793266,'SS76308186401113216430063,2026-04-18 08:44:03,'3742849967501476190,可爱小女孩网红爆款树脂发饰高颅顶神器女士童通用梳马尾头饰发饰,,,普通订单,6.43,1.15,0,0,0,0,0,0,0,0,0,0,-0.04,0,0,0,0,0,0,是-商品卡免佣,0.29,义乌市黎既电子商务商行（个体工商户）,订单结算
2026-04-23 03:17:44,'2026042303173836283026432131,入账,1.95,聚合账户,货款结算入账,小店自卖,'6925548213402762429,'6925548213402762429,'SS76307468048126981520085,2026-04-13 13:02:18,'3806280662462366067,kitty猫~刘海贴精致可爱甜美少女棉花糖猫兔碎发贴魔术贴无痕发饰,,,普通订单,0.01,0,0,1.95,0,0,0,0,0,0,0,0,-0.01,0,0,0,0,0,0,是-商品卡免佣,0.07,义乌市黎既电子商务商行（个体工商户）,订单结算
2026-04-23 03:17:57,'2026042303175230660572682131,入账,3.87,聚合账户,货款结算入账,小店自卖,'6952145430438024599,'6952145430438024599,'SS76307763196224476660069,2026-04-17 15:15:10,'3790878995596312771,韩系黑色波点布艺褶皱高马尾香蕉夹竖夹新款豹纹发夹气质百搭发饰,,,普通订单,3.89,0,0,0,0,0,0,0,0,0,0,0,-0.02,0,0,0,0,0,0,是-商品卡免佣,0.15,义乌市黎既电子商务商行（个体工商户）,订单结算
2026-04-23 03:17:57,'2026042303175409320084942131,入账,2.54,聚合账户,货款结算入账,小店自卖,'6925553404720480011,'6925553404720480011,'SS76307248186333437860002,2026-04-12 15:58:31,'3807752053858632037,赵露思徐妍同款爱心抓夹高级感气质后脑勺盘发鲨鱼夹发夹头饰新款,,,普通订单,2.56,0,0,0,0,0,0,0,0,0,0,0,-0.02,0,0,0,0,0,0,是-商品卡免佣,0.15,义乌市黎既电子商务商行（个体工商户）,订单结算
2026-04-23 03:17:57,'2026042303175023417817942131,入账,3.92,聚合账户,货款结算入账,精选联盟,'6952148414363080053,'6952148414363080053,'SS76308461426841685020153,2026-04-17 22:12:25,'3745788060114223511,五角星星水钻发夹女碎发刘海夹子满钻镂空侧边夹后脑勺发卡bb夹,'1314671554205048,趣享视界9988,普通订单,4.51,0,0,0,0,0,0,0,0,0,0,0,-0.23,-0.36,0,0,0,0,0,,0,义乌市黎既电子商务商行（个体工商户）,订单结算
2026-04-23 03:17:57,'2026042303175234783562332131,入账,2.87,聚合账户,货款结算入账,小店自卖,'6925368162674769619,'6925368162674769619,'SS76280544756687385980028,2026-04-05 18:56:26,'3806250082127446374,休闲风创意米菲兔甜美少女刘海贴魔法贴毛绒发帖无痕贴发饰发卡女,,,普通订单,3.02,0,0,0,0,0,0,0,0,0,0,0,-0.15,0,0,0,0,0,0,,0,义乌市黎既电子商务商行（个体工商户）,订单结算
2026-04-23 03:17:58,'2026042303175220345004042131,入账,4.42,聚合账户,货款结算入账,小店自卖,'6952106070826947964,'6952106070826947964,'SS76307670300647427100216,2026-04-16 11:53:39,'3673490141390962970,趣味超火小草发夹慢羊羊可爱超萌碎发夹头顶夹长草搞怪发卡发饰学,,,普通订单,4.45,0,0,0,0,0,0,0,0,0,0,0,-0.03,0,0,0,0,0,0,是-商品卡免佣,0.22,义乌市黎既电子商务商行（个体工商户）,订单结算
2026-04-23 03:18:11,'2026042303180507930229762131,入账,2.63,聚合账户,货款结算入账,小店自卖,'6952014372536194646,'6952014372536194646,'SS76306632458549665340080,2026-04-12 23:37:58,'3806250082127446374,休闲风创意米菲兔甜美少女刘海贴魔法贴毛绒发帖无痕贴发饰发卡女,,,普通订单,2.65,0,0,0,0,0,0,0,0,0,0,0,-0.02,0,0,0,0,0,0,是-商品卡免佣,0.15,义乌市黎既电子商务商行（个体工商户）,订单结算
2026-04-23 03:18:11,'2026042303180612720584142131,入账,4.6,聚合账户,货款结算入账,小店自卖,'6925556151937236766,'6925556151937236766,'SS76306668033207711060039,2026-04-12 23:01:48,'3761395105840365661,高级感水钻满天星发夹女后脑勺盘发神器发卡青蛙夹扭扭夹发卡头饰,,,普通订单,4.63,0,0,0,0,0,0,0,0,0,0,0,-0.03,0,0,0,0,0,0,是-商品卡免佣,0.22,义乌市黎既电子商务商行（个体工商户）,订单结算
2026-04-23 03:18:11,'2026042303180702188910172131,入账,3.8,聚合账户,货款结算入账,小店自卖,'6925551222605052994,'6925551222605052994,'SS76306666652526023680165,2026-04-12 17:16:01,'3752292831008522575,2025新款鲨鱼夹网纱水钻花朵抓夹女半扎高马尾发夹盘发发夹夏季,,,普通订单,3.82,0,0,0,0,0,0,0,0,0,0,0,-0.02,0,0,0,0,0,0,是-商品卡免佣,0.15,义乌市黎既电子商务商行（个体工商户）,订单结算
2026-04-23 03:18:11,'2026042303180809530416912131,入账,2.67,聚合账户,货款结算入账,小店自卖,'6925580185135447802,'6925580185135447802,'SS76308206235537249280235,2026-04-13 23:32:47,'3784368456477049055,韩国气质碎钻满天星抓夹女后脑勺半扎发鲨鱼夹发量少百搭发卡头饰,,,普通订单,2.69,0,0,0,0,0,0,0,0,0,0,0,-0.02,0,0,0,0,0,0,是-商品卡免佣,0.15,义乌市黎既电子商务商行（个体工商户）,订单结算
2026-04-23 03:18:12,'2026042303180625167634012131,入账,1.94,聚合账户,货款结算入账,小店自卖,'6925561058772549182,'6925561058772549182,'SS76306682564871664790248,2026-04-13 08:27:04,'3763932675732275215,简约高马尾香蕉夹抓夹女高级感2025新款大号一字扭扭夹发夹发饰夏,,,普通订单,1.95,0,0,0,0,0,0,0,0,0,0,0,-0.01,0,0,0,0,0,0,是-商品卡免佣,0.07,义乌市黎既电子商务商行（个体工商户）,订单结算
2026-04-23 03:18:22,'2026042303181621946211842131,入账,2.43,聚合账户,货款结算入账,精选联盟,'6952045612560880732,'6952045612560880732,'SS76306402538376235950156,2026-04-13 08:17:35,'3784368456477049055,韩国气质碎钻满天星抓夹女后脑勺半扎发鲨鱼夹发量少百搭发卡头饰,'7622866447274394661,婷婷百货甄选,普通订单,2.69,0,0,0,0,0,0,0,0,0,0,0,-0.13,-0.13,0,0,0,0,0,,0,义乌市黎既电子商务商行（个体工商户）,订单结算
2026-04-23 03:18:22,'2026042303181827815944062131,入账,2.67,聚合账户,货款结算入账,小店自卖,'6925675432889056870,'6925675432889056870,'SS76307990116073190830007,2026-04-18 11:49:22,'3784368456477049055,韩国气质碎钻满天星抓夹女后脑勺半扎发鲨鱼夹发量少百搭发卡头饰,,,普通订单,2.69,0,0,0,0,0,0,0,0,0,0,0,-0.02,0,0,0,0,0,0,是-商品卡免佣,0.15,义乌市黎既电子商务商行（个体工商户）,订单结算
2026-04-23 03:18:22,'2026042303181532867497302131,入账,2.67,聚合账户,货款结算入账,小店自卖,'6952027829727139186,'6952027829727139186,'SS76306402421236703260152,2026-04-13 02:35:55,'3784368456477049055,韩国气质碎钻满天星抓夹女后脑勺半扎发鲨鱼夹发量少百搭发卡头饰,,,普通订单,2.69,0,0,0,0,0,0,0,0,0,0,0,-0.02,0,0,0,0,0,0,是-商品卡免佣,0.15,义乌市黎既电子商务商行（个体工商户）,订单结算
2026-04-23 03:18:22,'2026042303181827813814142131,入账,3.78,聚合账户,货款结算入账,小店自卖,'6925569844232092697,'6925569844232092697,'SS76307049498399055700080,2026-04-13 12:27:26,'3673976773902729360,发夹女后脑勺珍珠发卡大号盘发鲨鱼夹韩国ins网红气质头饰抓发夹,,,普通订单,3.8,0.9,0,0,0,0,0,0,0,0,0,0,-0.02,0,0,0,0,0,0,是-商品卡免佣,0.15,义乌市黎既电子商务商行（个体工商户）,订单结算
2026-04-23 03:18:22,'2026042303181633517903882131,入账,3.19,聚合账户,货款结算入账,小店自卖,'6952164335641105483,'6952164335641105483,'SS76308330132997575940148,2026-04-18 07:26:04,'3811472653039042584,霞光紫~紫色珍珠字母抓夹女2026新款后脑勺鲨鱼夹大号旅行发卡女 ,,,普通订单,3.21,0,0,0,0,0,0,0,0,0,0,0,-0.02,0,0,0,0,0,0,是-商品卡免佣,0.15,义乌市黎既电子商务商行（个体工商户）,订单结算
2026-04-23 03:18:39,'2026042303183518080735222131,入账,2.78,聚合账户,货款结算入账,小店自卖,'6925693711966108838,'6925693711966108838,'SS76307791230019832660095,2026-04-18 23:55:12,'3806285088233226368,韩系~时尚百搭简约女格纹布少女风艺带齿细发箍个性压发箍头箍女,,,普通订单,0.01,0,0,2.79,0,0,0,0,0,0,0,0,-0.02,0,0,0,0,0,0,是-商品卡免佣,0.15,义乌市黎既电子商务商行（个体工商户）,订单结算
2026-04-23 03:18:39,'2026042303183504912297592131,入账,4.6,聚合账户,货款结算入账,小店自卖,'6952143675238258196,'6952143675238258196,'SS76307358333622892030109,2026-04-17 20:02:14,'3761395105840365661,高级感水钻满天星发夹女后脑勺盘发神器发卡青蛙夹扭扭夹发卡头饰,,,普通订单,4.63,0,0,0,0,0,0,0,0,0,0,0,-0.03,0,0,0,0,0,0,是-商品卡免佣,0.22,义乌市黎既电子商务商行（个体工商户）,订单结算
2026-04-23 03:18:39,'2026042303183432223605952131,入账,1.98,聚合账户,货款结算入账,小店自卖,'6952156766940304593,'6952156766940304593,'SS76307746325342991900250,2026-04-17 14:12:53,'3704406262902030790,高级感磨砂交叉抓夹盘复古头饰简约气质时尚鲨鱼夹后脑勺发饰头饰,,,普通订单,1.99,0.9,0,0,0,0,0,0,0,0,0,0,-0.01,0,0,0,0,0,0,是-商品卡免佣,0.07,义乌市黎既电子商务商行（个体工商户）,订单结算
2026-04-23 03:18:39,'2026042303183422669399402131,入账,4.63,聚合账户,货款结算入账,小店自卖,'6952158900753208922,'6952158900753208922,'SS76308036700277972990235,2026-04-17 15:22:54,'3806839693081969009,春夏简约随手盘发高级发夹一字扭扭夹水钻抓夹扭扭后脑勺盘发器,,,普通订单,4.66,0,0,0,0,0,0,0,0,0,0,0,-0.03,0,0,0,0,0,0,是-商品卡免佣,0.22,义乌市黎既电子商务商行（个体工商户）,订单结算
2026-04-23 03:18:39,'2026042303183437963740622131,入账,3.94,聚合账户,货款结算入账,小店自卖,'6925665953266892143,'6925665953266892143,'SS76308510140062766500110,2026-04-17 22:36:05,'3811471952867099104,圆形银色金属仿钻小发扣前额刘海发夹侧边碎发夹小号发卡夹子头饰,,,普通订单,0.01,0,0,3.95,0,0,0,0,0,0,0,0,-0.02,0,0,0,0,0,0,是-商品卡免佣,0.15,义乌市黎既电子商务商行（个体工商户）,订单结算
2026-04-23 03:18:54,'2026042303184819134712382131,入账,3.81,聚合账户,货款结算入账,小店自卖,'6952151594027390426,'6952151594027390426,'SS76308206482688576520244,2026-04-18 14:17:15,'3784368456477049055,韩国气质碎钻满天星抓夹女后脑勺半扎发鲨鱼夹发量少百搭发卡头饰,,,普通订单,0.01,0,0,3.82,0,0,0,0,0,0,0,0,-0.02,0,0,0,0,0,0,是-商品卡免佣,0.15,义乌市黎既电子商务商行（个体工商户）,订单结算
2026-04-23 03:18:54,'2026042303184703159864822131,入账,1.98,聚合账户,货款结算入账,小店自卖,'6925673685355560864,'6925673685355560864,'SS76308059898135680190230,2026-04-17 15:18:54,'3756927908359307402,包包丝巾卡其裸色系百搭韩版ins风飘带扎发发带装饰扎头发头饰,,,普通订单,1.99,0,0,0,0,0,0,0,0,0,0,0,-0.01,0,0,0,0,0,0,是-商品卡免佣,0.07,义乌市黎既电子商务商行（个体工商户）,订单结算
2026-04-23 03:18:54,'2026042303184915523067152131,入账,2.65,聚合账户,货款结算入账,小店自卖,'6925640299057610297,'6925640299057610297,'SS76306330570575222220174,2026-04-16 09:15:58,'3766001784691229117,夏天简约随手盘发一字扭扭夹水钻抓夹高级发夹扭扭后脑勺盘发器,,,普通订单,2.67,0.69,0,0,0,0,0,0,0,0,0,0,-0.02,0,0,0,0,0,0,是-商品卡免佣,0.15,义乌市黎既电子商务商行（个体工商户）,订单结算
2026-04-23 03:18:54,'2026042303184920307971192131,入账,4.85,聚合账户,货款结算入账,小店自卖,'6952091548549256898,'6952091548549256898,'SS76307214472457589950008,2026-04-15 14:44:48,'3796640026289373330,蝴蝶结鸭嘴夹小香风毛呢爆款发夹后脑勺气质洋气盘发一字夹子,,,普通订单,4.88,0,0,0,0,0,0,0,0,0,0,0,-0.03,0,0,0,0,0,0,是-商品卡免佣,0.22,义乌市黎既电子商务商行（个体工商户）,订单结算
2026-04-23 03:18:54,'2026042303184925846420752131,入账,2.67,聚合账户,货款结算入账,小店自卖,'6925590738198756817,'6925590738198756817,'SS76308704021177966620135,2026-04-14 23:52:11,'3784368456477049055,韩国气质碎钻满天星抓夹女后脑勺半扎发鲨鱼夹发量少百搭发卡头饰,,,普通订单,2.69,0,0,0,0,0,0,0,0,0,0,0,-0.02,0,0,0,0,0,0,是-商品卡免佣,0.15,义乌市黎既电子商务商行（个体工商户）,订单结算
2026-04-23 03:19:42,'2026042303193623084244942131,入账,3.59,聚合账户,货款结算入账,小店自卖,'6952029494107706839,'6952029494107706839,'SS76306605829684759550185,2026-04-12 21:24:00,'3766001784691229117,夏天简约随手盘发一字扭扭夹水钻抓夹高级发夹扭扭后脑勺盘发器,,,普通订单,3.61,0.69,0,0,0,0,0,0,0,0,0,0,-0.02,0,0,0,0,0,0,是-商品卡免佣,0.15,义乌市黎既电子商务商行（个体工商户）,订单结算
2026-04-23 03:19:42,'2026042303193705918891622131,入账,3.88,聚合账户,货款结算入账,小店自卖,'6925547477998862002,'6925547477998862002,'SS76306668926256417790103,2026-04-13 03:44:12,'3809232346448789758,新款洗脸专用压发带齿防滑发箍女碎发头箍高颅顶头饰防掉百搭头饰,,,普通订单,3.9,0,0,0,0,0,0,0,0,0,0,0,-0.02,0,0,0,0,0,0,是-商品卡免佣,0.15,义乌市黎既电子商务商行（个体工商户）,订单结算
2026-04-23 03:19:42,'2026042303193710200888412131,入账,3.63,聚合账户,货款结算入账,小店自卖,'6952167014290298395,'6952167014290298395,'SS76307014838349668260072,2026-04-18 10:17:44,'3807763574974186291,气质高级亮黑色大号鲨鱼抓夹女后脑勺时尚发卡巨能抓头饰2026新款,,,普通订单,3.65,0,0,0,0,0,0,0,0,0,0,0,-0.02,0,0,0,0,0,0,是-商品卡免佣,0.15,义乌市黎既电子商务商行（个体工商户）,订单结算
2026-04-23 03:19:42,'2026042303193510905684582131,入账,3.81,聚合账户,货款结算入账,小店自卖,'6925545293353221583,'6925545293353221583,'SS76306403801318039460037,2026-04-13 00:01:10,'3784368456477049055,韩国气质碎钻满天星抓夹女后脑勺半扎发鲨鱼夹发量少百搭发卡头饰,,,普通订单,3.83,0,0,0,0,0,0,0,0,0,0,0,-0.02,0,0,0,0,0,0,是-商品卡免佣,0.15,义乌市黎既电子商务商行（个体工商户）,订单结算
2026-04-23 03:19:42,'2026042303193710831631742131,入账,2.67,聚合账户,货款结算入账,小店自卖,'6925436472269700124,'6925436472269700124,'SS76307364416397317640198,2026-04-08 14:39:25,'3784368456477049055,韩国气质碎钻满天星抓夹女后脑勺半扎发鲨鱼夹发量少百搭发卡头饰,,,普通订单,2.69,0,0,0,0,0,0,0,0,0,0,0,-0.02,0,0,0,0,0,0,是-商品卡免佣,0.15,义乌市黎既电子商务商行（个体工商户）,订单结算
2026-04-23 03:20:02,'2026042303195609488796422131,入账,2.56,聚合账户,货款结算入账,小店自卖,'6925629831836957779,'6925629831836957779,'SS76307935386238366980069,2026-04-15 23:48:54,'3784368456477049055,韩国气质碎钻满天星抓夹女后脑勺半扎发鲨鱼夹发量少百搭发卡头饰,,,普通订单,2.69,0,0,0,0,0,0,0,0,0,0,0,-0.13,0,0,0,0,0,0,,0,义乌市黎既电子商务商行（个体工商户）,订单结算
2026-04-23 03:20:02,'2026042303195829244011982131,入账,1.29,聚合账户,货款结算入账,小店自卖,'6925654292000964290,'6925654292000964290,'SS76307581692114089470022,2026-04-17 13:13:51,'3761395105840365661,高级感水钻满天星发夹女后脑勺盘发神器发卡青蛙夹扭扭夹发卡头饰,,,普通订单,1.3,0,0,0,0,0,0,0,0,0,0,0,-0.01,0,0,0,0,0,0,是-商品卡免佣,0.07,义乌市黎既电子商务商行（个体工商户）,订单结算
2026-04-23 03:20:02,'2026042303195630912519942131,入账,3.9,聚合账户,货款结算入账,小店自卖,'6925623192008359092,'6925623192008359092,'SS76307784198201843610030,2026-04-15 23:01:37,'3806280662462366067,kitty猫~刘海贴精致可爱甜美少女棉花糖猫兔碎发贴魔术贴无痕发饰,,,普通订单,3.92,0,0,0,0,0,0,0,0,0,0,0,-0.02,0,0,0,0,0,0,是-商品卡免佣,0.15,义乌市黎既电子商务商行（个体工商户）,订单结算
2026-04-23 03:20:02,'2026042303195518171825152131,入账,2.19,聚合账户,货款结算入账,小店自卖,'6952104734664430848,'6952104734664430848,'SS76307568858469176420098,2026-04-15 16:48:52,'3754886570348511555,简约发夹头饰发量多发卡高级感发饰头饰抓夹大号亚克力黑色鲨鱼夹,,,普通订单,2.2,2.1,0,0,0,0,0,0,0,0,0,0,-0.01,0,0,0,0,0,0,是-商品卡免佣,0.07,义乌市黎既电子商务商行（个体工商户）,订单结算
2026-04-23 03:20:02,'2026042303195633734374502131,入账,14.42,聚合账户,货款结算入账,小店自卖,'6952181210307761932,'6952181210307761932,'SS76308001442291228580174,2026-04-18 23:08:40,'3747800080678256720,夏季网红新款小草头上发夹长草可爱超萌碎豆芽夹子头顶搞怪发饰,,,普通订单,15.18,0,0,0,0,0,0,0,0,0,0,0,-0.76,0,0,0,0,0,0,,0,义乌市黎既电子商务商行（个体工商户）,订单结算
2026-04-23 03:20:19,'2026042303201012173849962131,入账,3.11,聚合账户,货款结算入账,小店自卖,'6952097804564567667,'6952097804564567667,'SS76308403238371330650068,2026-04-15 12:43:00,'3774756029858972048,韩系豹纹花朵发夹女高级感时尚刘海夹碎发一字夹发卡成人侧边发夹,,,普通订单,3.13,0,0,0,0,0,0,0,0,0,0,0,-0.02,0,0,0,0,0,0,是-商品卡免佣,0.15,义乌市黎既电子商务商行（个体工商户）,订单结算
2026-04-23 03:20:19,'2026042303201318930570742131,入账,5.92,聚合账户,货款结算入账,小店自卖,'6925614076155231466,'6925614076155231466,'SS76307064273127347600242,2026-04-15 20:46:27,'3809251849861726385,26春季新款复古高级感绑发发夹豹纹蝴蝶结鲨鱼夹发饰女大号一字夹,,,普通订单,5.96,0,0,0,0,0,0,0,0,0,0,0,-0.04,0,0,0,0,0,0,是-商品卡免佣,0.29,义乌市黎既电子商务商行（个体工商户）,订单结算
2026-04-23 03:20:19,'2026042303201520913239142131,入账,4.85,聚合账户,货款结算入账,小店自卖,'6925652326630391216,'6925652326630391216,'SS76306825863895293630218,2026-04-16 15:14:57,'3796640026289373330,蝴蝶结鸭嘴夹小香风毛呢爆款发夹后脑勺气质洋气盘发一字夹子,,,普通订单,4.88,0,0,0,0,0,0,0,0,0,0,0,-0.03,0,0,0,0,0,0,是-商品卡免佣,0.22,义乌市黎既电子商务商行（个体工商户）,订单结算
2026-04-23 03:20:19,'2026042303201428103150582131,入账,3.47,聚合账户,货款结算入账,精选联盟,'6925608152358026339,'6925608152358026339,'SS76307830853277947390175,2026-04-14 22:22:07,'3757678157491208600,夏季简约醋酸发夹边夹侧边碎发刘海夹女2025新款ins前额bb夹头饰,'0,,普通订单,3.95,0.49,0,0,0,0,0,0,0,0,0,0,-0.2,0,0,0,0,-0.28,0,,0,义乌市黎既电子商务商行（个体工商户）,订单结算
2026-04-23 03:20:19,'2026042303201424752297152131,入账,4.6,聚合账户,货款结算入账,小店自卖,'6952107120285718451,'6952107120285718451,'SS76306993149947950180189,2026-04-15 16:50:28,'3761395105840365661,高级感水钻满天星发夹女后脑勺盘发神器发卡青蛙夹扭扭夹发卡头饰,,,普通订单,4.63,0,0,0,0,0,0,0,0,0,0,0,-0.03,0,0,0,0,0,0,是-商品卡免佣,0.22,义乌市黎既电子商务商行（个体工商户）,订单结算
2026-04-23 03:22:27,'2026042303222228773588992131,入账,2.84,聚合账户,货款结算入账,精选联盟,'6925660849448189822,'6925660849448189822,'SS76306911296382080350091,2026-04-17 13:54:29,'3796640026289373330,蝴蝶结鸭嘴夹小香风毛呢爆款发夹后脑勺气质洋气盘发一字夹子,'0,,普通订单,3.16,0,0,0,0,0,0,0,0,0,0,0,-0.16,0,0,0,0,-0.16,0,,0,义乌市黎既电子商务商行（个体工商户）,订单结算
2026-04-23 03:22:27,'2026042303222333441223772131,入账,1.95,聚合账户,货款结算入账,小店自卖,'6952145901732108244,'6952145901732108244,'SS76308034508801480180225,2026-04-17 21:41:52,'3806818304228720842,整理神器可爱蝴蝶结小猫无痕刘海贴魔术贴发饰少女前额侧边碎发贴,,,普通订单,0.01,0,0,1.95,0,0,0,0,0,0,0,0,-0.01,0,0,0,0,0,0,是-商品卡免佣,0.07,义乌市黎既电子商务商行（个体工商户）,订单结算
2026-04-23 03:22:27,'2026042303222223708800502131,入账,3.14,聚合账户,货款结算入账,小店自卖,'6952187654780753206,'6952187654780753206,'SS76308479214701491710090,2026-04-18 18:32:15,'3796640026289373330,蝴蝶结鸭嘴夹小香风毛呢爆款发夹后脑勺气质洋气盘发一字夹子,,,普通订单,2.16,0,0,1,0,0,0,0,0,0,0,0,-0.02,0,0,0,0,0,0,是-商品卡免佣,0.15,义乌市黎既电子商务商行（个体工商户）,订单结算
2026-04-23 03:22:27,'2026042303222022195901822131,入账,2.91,聚合账户,货款结算入账,小店自卖,'6925657131465342021,'6925657131465342021,'SS76306760898533627310120,2026-04-16 22:04:53,'3809228199733363056,春季时尚防滑带齿发箍女款洗脸专用压发头箍高颅头饰减龄防掉百搭,,,普通订单,0.93,0,0,2,0,0,0,0,0,0,0,0,-0.02,0,0,0,0,0,0,是-商品卡免佣,0.15,义乌市黎既电子商务商行（个体工商户）,订单结算
2026-04-23 03:22:27,'2026042303222232264194652131,入账,2.32,聚合账户,货款结算入账,精选联盟,'6925590447013003052,'6925590447013003052,'SS76307712041066706330149,2026-04-14 22:11:47,'3809235146834575749,可爱新春小狗香蕉夹女高马尾扭扭夹红色竖夹高级感2026韩新款发夹,'0,,普通订单,0.01,0,0,2.57,0,0,0,0,0,0,0,0,-0.13,0,0,0,0,-0.13,0,,0,义乌市黎既电子商务商行（个体工商户）,订单结算
2026-04-23 03:22:40,'2026042303223606430400502131,入账,2.52,聚合账户,货款结算入账,精选联盟,'6925684077982351140,'6925684077982351140,'SS76307228733849771940194,2026-04-18 10:36:53,'3806285088233226368,韩系~时尚百搭简约女格纹布少女风艺带齿细发箍个性压发箍头箍女,'0,,普通订单,1.96,0,0,0.84,0,0,0,0,0,0,0,0,-0.14,0,0,0,0,-0.14,0,,0,义乌市黎既电子商务商行（个体工商户）,订单结算
2026-04-23 03:22:40,'2026042303223539475492222131,入账,2.45,聚合账户,货款结算入账,小店自卖,'6952149369349346801,'6952149369349346801,'SS76307595870218816540165,2026-04-17 05:22:02,'3753581194512565139,粉色绣花新款唯美小女孩碎发刘海夹子头饰儿童氛围感爱心bb夹侧边,,,普通订单,0.46,0,0,2,0,0,0,0,0,0,0,0,-0.01,0,0,0,0,0,0,是-商品卡免佣,0.07,义乌市黎既电子商务商行（个体工商户）,订单结算
2026-04-23 03:22:40,'2026042303223709783710812131,入账,1.72,聚合账户,货款结算入账,精选联盟,'6952185166316967816,'6952185166316967816,'SS76308027048554831740040,2026-04-18 22:04:59,'3776769690882408946,简约三角形头发抓夹高级鲨鱼夹2025秋冬新款发夹后脑勺盘发夹子女,'0,,普通订单,0.01,0,0,1.91,0,0,0,0,0,0,0,0,-0.1,0,0,0,0,-0.1,0,,0,义乌市黎既电子商务商行（个体工商户）,订单结算
2026-04-23 03:22:40,'2026042303223506672222812131,入账,1.97,聚合账户,货款结算入账,精选联盟,'6952152541350729586,'6952152541350729586,'SS76307901663545431190178,2026-04-17 14:15:04,'3747819002022461625,2025新款发夹高级感发卡头饰简约磨砂鸭嘴夹大号后脑勺盘发抓夹女,'0,,普通订单,0.01,0,0,2.25,0,0,0,0,0,0,0,0,-0.11,0,0,0,0,-0.18,0,,0,义乌市黎既电子商务商行（个体工商户）,订单结算
2026-04-23 03:22:41,'2026042303223612208868342131,入账,4.64,聚合账户,货款结算入账,小店自卖,'6925635599135374512,'6925635599135374512,'SS76306442271362583560030,2026-04-15 22:21:06,'3769166853499388264,2025新款安全硅胶发夹女士鲨鱼夹饰品柔软防撞保护后脑夹头发女,,,普通订单,0.01,0,0,4.66,0,0,0,0,0,0,0,0,-0.03,0,0,0,0,0,0,是-商品卡免佣,0.22,义乌市黎既电子商务商行（个体工商户）,订单结算
2026-04-23 03:22:44,'2026042303224014823470342131,入账,2.67,聚合账户,货款结算入账,小店自卖,'6925539912201436487,'6925539912201436487,'SS76306399081096154060177,2026-04-12 17:39:38,'3784368456477049055,韩国气质碎钻满天星抓夹女后脑勺半扎发鲨鱼夹发量少百搭发卡头饰,,,普通订单,2.69,0,0,0,0,0,0,0,0,0,0,0,-0.02,0,0,0,0,0,0,是-商品卡免佣,0.15,义乌市黎既电子商务商行（个体工商户）,订单结算
2026-04-23 03:22:44,'2026042303224034482101862131,入账,3.79,聚合账户,货款结算入账,小店自卖,'6925554611074465397,'6925554611074465397,'SS76306793824711808000046,2026-04-12 23:46:03,'3752987668695351629,网红插梳发卡女后脑勺碎发整理神器发箍侧边刘海夹子发梳简约夏天,,,普通订单,3.81,0.55,0,0,0,0,0,0,0,0,0,0,-0.02,0,0,0,0,0,0,是-商品卡免佣,0.15,义乌市黎既电子商务商行（个体工商户）,订单结算
2026-04-23 03:22:44,'2026042303223636169812482131,入账,3.89,聚合账户,货款结算入账,精选联盟,'6952035001627776551,'6952035001627776551,'SS76307405938947732910011,2026-04-13 14:50:37,'3673403256157110393,复古风链条发箍宫廷缎面布艺压发卡头箍蝴蝶结飘带一体系编发头饰,'4503622402059429,仙仙好物,普通订单,4.39,0.9,0,0,0,0,0,0,0,0,0,0,-0.22,-0.28,0,0,0,0,0,,0,义乌市黎既电子商务商行（个体工商户）,订单结算
2026-04-23 03:22:44,'2026042303223810202161162131,入账,2.67,聚合账户,货款结算入账,小店自卖,'6952003023981713338,'6952003023981713338,'SS76306399855800202340146,2026-04-12 18:54:55,'3784368456477049055,韩国气质碎钻满天星抓夹女后脑勺半扎发鲨鱼夹发量少百搭发卡头饰,,,普通订单,2.69,0,0,0,0,0,0,0,0,0,0,0,-0.02,0,0,0,0,0,0,是-商品卡免佣,0.15,义乌市黎既电子商务商行（个体工商户）,订单结算
2026-04-23 03:22:44,'2026042303223932259940302131,入账,4.62,聚合账户,货款结算入账,小店自卖,'6925538444952371132,'6925538444952371132,'SS76306666098246825460240,2026-04-12 18:04:51,'3673424694561865791,薄款牛油果绿系列小丝巾缠包模特搭配装饰品扎头发绑发飘带发带,,,普通订单,4.65,1.55,0,0,0,0,0,0,0,0,0,0,-0.03,0,0,0,0,0,0,是-商品卡免佣,0.22,义乌市黎既电子商务商行（个体工商户）,订单结算
2026-04-23 03:25:39,'2026042303253327813645072131,入账,4.85,聚合账户,货款结算入账,小店自卖,'6925684185997606099,'6925684185997606099,'SS76306719604648845060208,2026-04-18 11:03:36,'3796640026289373330,蝴蝶结鸭嘴夹小香风毛呢爆款发夹后脑勺气质洋气盘发一字夹子,,,普通订单,4.88,0,0,0,0,0,0,0,0,0,0,0,-0.03,0,0,0,0,0,0,是-商品卡免佣,0.22,义乌市黎既电子商务商行（个体工商户）,订单结算
2026-04-23 03:25:39,'2026042303253312260480352131,入账,1.76,聚合账户,货款结算入账,精选联盟,'6952151838972319018,'6952151838972319018,'SS76307968324882762640222,2026-04-17 07:04:38,'3806280662462366067,kitty猫~刘海贴精致可爱甜美少女棉花糖猫兔碎发贴魔术贴无痕发饰,'2307194963633851,你要的我都有,普通订单,1.96,0,0,0,0,0,0,0,0,0,0,0,-0.1,-0.1,0,0,0,0,0,,0,义乌市黎既电子商务商行（个体工商户）,订单结算
2026-04-23 03:25:39,'2026042303253335319649682131,入账,3.41,聚合账户,货款结算入账,小店自卖,'6952137701026174594,'6952137701026174594,'SS76308428756091374140094,2026-04-16 19:48:16,'3673388116573553024,花朵儿童盘发神器新款宝宝丸子头盘发器宝宝扎头神器头饰发饰女孩,,,普通订单,3.43,0.55,0,0,0,0,0,0,0,0,0,0,-0.02,0,0,0,0,0,0,是-商品卡免佣,0.15,义乌市黎既电子商务商行（个体工商户）,订单结算
2026-04-23 03:26:18,'2026042303261341192044032131,入账,4.73,聚合账户,货款结算入账,小店自卖,'6925668534671933250,'6925668534671933250,'SS76306797647098847150135,2026-04-18 11:02:03,'3751345399902896376,儿童发饰后脑勺碎发神器发梳女童刘海插梳整理发卡网红发夹头饰女,,,普通订单,4.76,0.55,0,0,0,0,0,0,0,0,0,0,-0.03,0,0,0,0,0,0,是-商品卡免佣,0.22,义乌市黎既电子商务商行（个体工商户）,订单结算
2026-04-23 03:26:18,'2026042303261237843929692131,入账,2.67,聚合账户,货款结算入账,小店自卖,'6925620554812784029,'6925620554812784029,'SS76306935896941204820133,2026-04-15 22:26:25,'3784368456477049055,韩国气质碎钻满天星抓夹女后脑勺半扎发鲨鱼夹发量少百搭发卡头饰,,,普通订单,2.69,0,0,0,0,0,0,0,0,0,0,0,-0.02,0,0,0,0,0,0,是-商品卡免佣,0.15,义乌市黎既电子商务商行（个体工商户）,订单结算
2026-04-23 03:26:18,'2026042303261220146265862131,入账,3.75,聚合账户,货款结算入账,小店自卖,'6952018755877868780,'6952018755877868780,'SS76307321041458181210047,2026-04-13 01:10:49,'3746150076641313252,网红简约ins纯色宽边发带高颅顶白色发箍女运动健身夏季头饰发饰,,,普通订单,3.77,0.9,0,0,0,0,0,0,0,0,0,0,-0.02,0,0,0,0,0,0,是-商品卡免佣,0.15,义乌市黎既电子商务商行（个体工商户）,订单结算
2026-04-23 03:26:18,'2026042303261240185039462131,入账,5.08,聚合账户,货款结算入账,小店自卖,'6952004904249988206,'6952004904249988206,'SS76306662654153241950022,2026-04-12 17:23:57,'3746150076641313252,网红简约ins纯色宽边发带高颅顶白色发箍女运动健身夏季头饰发饰,,,普通订单,5.11,0.9,0,0,0,0,0,0,0,0,0,0,-0.03,0,0,0,0,0,0,是-商品卡免佣,0.22,义乌市黎既电子商务商行（个体工商户）,订单结算
2026-04-23 03:26:18,'2026042303261404543291262131,入账,2.15,聚合账户,货款结算入账,小店自卖,'6952166593673237969,'6952166593673237969,'SS76307334908286121230079,2026-04-18 02:21:15,'3806293802847699345,韩式豹纹波点褶皱高级扭扭马尾卡通风香蕉发夹后脑勺显发发卡头饰,,,普通订单,0.01,0,0,2.15,0,0,0,0,0,0,0,0,-0.01,0,0,0,0,0,0,是-商品卡免佣,0.07,义乌市黎既电子商务商行（个体工商户）,订单结算
2026-04-23 03:26:36,'2026042303263038886121232131,入账,2.67,聚合账户,货款结算入账,小店自卖,'6925538823838465291,'6925538823838465291,'SS76307325076982215770096,2026-04-12 20:31:10,'3784368456477049055,韩国气质碎钻满天星抓夹女后脑勺半扎发鲨鱼夹发量少百搭发卡头饰,,,普通订单,0.01,0,0,2.68,0,0,0,0,0,0,0,0,-0.02,0,0,0,0,0,0,是-商品卡免佣,0.15,义乌市黎既电子商务商行（个体工商户）,订单结算
2026-04-23 03:26:36,'2026042303263115314171142131,入账,2.94,聚合账户,货款结算入账,小店自卖,'6925540463049211192,'6925540463049211192,'SS76306667816734930070050,2026-04-12 21:38:18,'3769870193174642697,2025春夏新款轻奢边夹时尚气质一字发夹女后脑勺扭扭夹女,,,普通订单,2.96,0,0,0,0,0,0,0,0,0,0,0,-0.02,0,0,0,0,0,0,是-商品卡免佣,0.15,义乌市黎既电子商务商行（个体工商户）,订单结算
2026-04-23 03:26:36,'2026042303263131889006272131,入账,3.14,聚合账户,货款结算入账,小店自卖,'6952151200204854688,'6952151200204854688,'SS76307698557674460510245,2026-04-18 10:00:32,'3796640026289373330,蝴蝶结鸭嘴夹小香风毛呢爆款发夹后脑勺气质洋气盘发一字夹子,,,普通订单,0.16,0,0,3,0,0,0,0,0,0,0,0,-0.02,0,0,0,0,0,0,是-商品卡免佣,0.15,义乌市黎既电子商务商行（个体工商户）,订单结算
2026-04-23 03:26:36,'2026042303263203024653182131,入账,7.7,聚合账户,货款结算入账,小店自卖,'6925560012627868892,'6925560012627868892,'SS76307405897614139280211,2026-04-13 15:10:13,'3677561914218643751,发饰交叉抓夹大号发夹新款盘发卡头饰女简约气质鲨鱼夹后脑勺发爪,,,普通订单,7.75,1.15,0,0,0,0,0,0,0,0,0,0,-0.05,0,0,0,0,0,0,是-商品卡免佣,0.37,义乌市黎既电子商务商行（个体工商户）,订单结算
2026-04-23 03:26:36,'2026042303262916007050332131,入账,4.25,聚合账户,货款结算入账,小店自卖,'6952045972204557739,'6952045972204557739,'SS76307475043715200340158,2026-04-13 12:07:05,'3807725137097261227,韩系宽边发箍绒面女2026新款压发洗脸发卡高级感时尚百搭头箍发饰,,,普通订单,4.28,0,0,0,0,0,0,0,0,0,0,0,-0.03,0,0,0,0,0,0,是-商品卡免佣,0.22,义乌市黎既电子商务商行（个体工商户）,订单结算
2026-04-23 03:26:36,'2026042303263008443333392131,入账,3.68,聚合账户,货款结算入账,小店自卖,'6925675610392657217,'6925675610392657217,'SS76308376948976028700218,2026-04-18 13:01:14,'3809235146834575749,可爱新春小狗香蕉夹女高马尾扭扭夹红色竖夹高级感2026韩新款发夹,,,普通订单,0.7,0,0,3,0,0,0,0,0,0,0,0,-0.02,0,0,0,0,0,0,是-商品卡免佣,0.15,义乌市黎既电子商务商行（个体工商户）,订单结算
2026-04-23 03:26:36,'2026042303263100717296912131,入账,2.56,聚合账户,货款结算入账,小店自卖,'6925545024466091712,'6925545024466091712,'SS76306668322232243390006,2026-04-12 22:24:57,'3809235146834575749,可爱新春小狗香蕉夹女高马尾扭扭夹红色竖夹高级感2026韩新款发夹,,,普通订单,0.01,0,0,2.57,0,0,0,0,0,0,0,0,-0.02,0,0,0,0,0,0,是-商品卡免佣,0.15,义乌市黎既电子商务商行（个体工商户）,订单结算
2026-04-23 03:26:36,'2026042303263100513641232131,入账,6.45,聚合账户,货款结算入账,小店自卖,'6952188120897558169,'6952188120897558169,'SS76308193002861857370182,2026-04-18 22:59:24,'3746153916182692087,法式文艺~复古甜美方巾大肠发圈女高级感ins大号高马尾甜妹发饰,,,普通订单,1.49,0,0,5,0,0,0,0,0,0,0,0,-0.04,0,0,0,0,0,0,是-商品卡免佣,0.29,义乌市黎既电子商务商行（个体工商户）,订单结算
2026-04-23 03:26:36,'2026042303263003654170102131,入账,3.12,聚合账户,货款结算入账,小店自卖,'6952129338975458618,'6952129338975458618,'SS76308345807824655710021,2026-04-16 20:57:42,'3808343037030039986,韩版新款水钻珠子花朵中号抓夹女后脑勺洋气盘发夹时尚半扎鲨鱼夹,,,普通订单,0.27,0,0,3.01,0,0,0,0,0,0,0,0,-0.16,0,0,0,0,0,0,,0,义乌市黎既电子商务商行（个体工商户）,订单结算
2026-04-23 03:26:36,'2026042303262831640624702131,入账,2.78,聚合账户,货款结算入账,小店自卖,'6952124820051072532,'6952124820051072532,'SS76307622714726978980072,2026-04-16 21:37:27,'3806285088233226368,韩系~时尚百搭简约女格纹布少女风艺带齿细发箍个性压发箍头箍女,,,普通订单,0.01,0,0,2.79,0,0,0,0,0,0,0,0,-0.02,0,0,0,0,0,0,是-商品卡免佣,0.15,义乌市黎既电子商务商行（个体工商户）,订单结算
2026-04-23 03:26:53,'2026042303264731165363742131,入账,6.34,聚合账户,货款结算入账,小店自卖,'6952011864829858913,'6952011864829858913,'SS76306666653783498700051,2026-04-12 19:13:05,'3796640026289373330,蝴蝶结鸭嘴夹小香风毛呢爆款发夹后脑勺气质洋气盘发一字夹子,,,普通订单,6.38,0,0,0,0,0,0,0,0,0,0,0,-0.04,0,0,0,0,0,0,是-商品卡免佣,0.29,义乌市黎既电子商务商行（个体工商户）,订单结算
2026-04-23 03:26:53,'2026042303264836627909482131,入账,1.98,聚合账户,货款结算入账,小店自卖,'6952029988570338599,'6952029988570338599,'SS76306668119152891260208,2026-04-13 06:45:42,'3704406262902030790,高级感磨砂交叉抓夹盘复古头饰简约气质时尚鲨鱼夹后脑勺发饰头饰,,,普通订单,1.99,0.9,0,0,0,0,0,0,0,0,0,0,-0.01,0,0,0,0,0,0,是-商品卡免佣,0.07,义乌市黎既电子商务商行（个体工商户）,订单结算
2026-04-23 03:26:53,'2026042303264712424973262131,入账,3.84,聚合账户,货款结算入账,小店自卖,'6925596000023247976,'6925596000023247976,'SS76306866678127375460117,2026-04-14 15:33:33,'3750791789322306375,刘海夹前额洋气闪钻轻奢植绒复古夹子双层侧边夹碎发整理夹子女,,,普通订单,3.86,0.45,0,0,0,0,0,0,0,0,0,0,-0.02,0,0,0,0,0,0,是-商品卡免佣,0.15,义乌市黎既电子商务商行（个体工商户）,订单结算
2026-04-23 03:26:53,'2026042303264902768734992131,入账,4.6,聚合账户,货款结算入账,小店自卖,'6925546617570033282,'6925546617570033282,'SS76306666200091244040194,2026-04-12 20:00:44,'3761395105840365661,高级感水钻满天星发夹女后脑勺盘发神器发卡青蛙夹扭扭夹发卡头饰,,,普通订单,4.63,0,0,0,0,0,0,0,0,0,0,0,-0.03,0,0,0,0,0,0,是-商品卡免佣,0.22,义乌市黎既电子商务商行（个体工商户）,订单结算
2026-04-23 03:26:53,'2026042303264422828818332131,入账,2.67,聚合账户,货款结算入账,小店自卖,'6952027012598076747,'6952027012598076747,'SS76306398961680594260073,2026-04-12 17:20:10,'3784368456477049055,韩国气质碎钻满天星抓夹女后脑勺半扎发鲨鱼夹发量少百搭发卡头饰,,,普通订单,2.69,0,0,0,0,0,0,0,0,0,0,0,-0.02,0,0,0,0,0,0,是-商品卡免佣,0.15,义乌市黎既电子商务商行（个体工商户）,订单结算
2026-04-23 03:28:30,'2026042303282721685048822131,入账,2.7,聚合账户,货款结算入账,小店自卖,'6925675704537218246,'6925675704537218246,'SS76305073397003558740209,2026-04-17 14:38:33,'3811471952867099104,圆形银色金属仿钻小发扣前额刘海发夹侧边碎发夹小号发卡夹子头饰,,,普通订单,2.72,0,0,0,0,0,0,0,0,0,0,0,-0.02,0,0,0,0,0,0,是-商品卡免佣,0.15,义乌市黎既电子商务商行（个体工商户）,订单结算
2026-04-23 03:28:30,'2026042303282418417300942131,入账,3.75,聚合账户,货款结算入账,小店自卖,'6925565402321092404,'6925565402321092404,'SS76307475612301235610052,2026-04-13 15:17:06,'3746150076641313252,网红简约ins纯色宽边发带高颅顶白色发箍女运动健身夏季头饰发饰,,,普通订单,3.77,0.9,0,0,0,0,0,0,0,0,0,0,-0.02,0,0,0,0,0,0,是-商品卡免佣,0.15,义乌市黎既电子商务商行（个体工商户）,订单结算
2026-04-23 03:28:31,'2026042303282405083793922131,入账,2.73,聚合账户,货款结算入账,小店自卖,'6952083227937347077,'6952083227937347077,'SS76307679958493929590248,2026-04-15 20:56:31,'3807757785458934259,布艺复古格纹头箍小众原创高颅顶带齿防滑发箍百搭韩式新款网红款,,,普通订单,2.75,0,0,0,0,0,0,0,0,0,0,0,-0.02,0,0,0,0,0,0,是-商品卡免佣,0.15,义乌市黎既电子商务商行（个体工商户）,订单结算
2026-04-23 03:28:31,'2026042303282426277197152131,入账,3.63,聚合账户,货款结算入账,小店自卖,'6952152474678728420,'6952152474678728420,'SS76307186259936709480018,2026-04-17 13:59:01,'3795705621886664997,韩系可爱小熊格纹发夹女后脑勺马尾竖夹盘发香蕉夹甜美发卡子发饰,,,普通订单,3.65,0,0,0,0,0,0,0,0,0,0,0,-0.02,0,0,0,0,0,0,是-商品卡免佣,0.15,义乌市黎既电子商务商行（个体工商户）,订单结算
2026-04-23 03:28:31,'2026042303282337163013212131,入账,0.55,聚合账户,货款结算入账,小店自卖,'6925653956195876125,'6925653956195876125,'SS76304021045416637950250,2026-04-17 09:46:48,'3673388116573553024,花朵儿童盘发神器新款宝宝丸子头盘发器宝宝扎头神器头饰发饰女孩,,,普通订单,8.92,0.55,0,0,0,0,0,0,0,0,0,-8.37,0,0,0,0,0,0,0,是-商品卡免佣,0,义乌市黎既电子商务商行（个体工商户）,订单结算
2026-04-23 03:28:47,'2026042303284119929502872131,入账,3,聚合账户,货款结算入账,小店自卖,'6951837429568640673,'6951837429568640673,'SS76280544777817297920196,2026-04-06 02:36:22,'3806250082127446374,休闲风创意米菲兔甜美少女刘海贴魔法贴毛绒发帖无痕贴发饰发卡女,,,普通订单,3.02,0,0,0,0,0,0,0,0,0,0,0,-0.02,0,0,0,0,0,0,是-商品卡免佣,0.15,义乌市黎既电子商务商行（个体工商户）,订单结算
2026-04-23 03:28:47,'2026042303284131189612032131,入账,3.75,聚合账户,货款结算入账,小店自卖,'6925540880146005139,'6925540880146005139,'SS76306663882401428570072,2026-04-13 00:10:57,'3746150076641313252,网红简约ins纯色宽边发带高颅顶白色发箍女运动健身夏季头饰发饰,,,普通订单,3.77,0.9,0,0,0,0,0,0,0,0,0,0,-0.02,0,0,0,0,0,0,是-商品卡免佣,0.15,义乌市黎既电子商务商行（个体工商户）,订单结算
2026-04-23 03:28:47,'2026042303283807478645762131,入账,2.67,聚合账户,货款结算入账,小店自卖,'6952022535380473704,'6952022535380473704,'SS76306399781747761040164,2026-04-12 18:36:06,'3784368456477049055,韩国气质碎钻满天星抓夹女后脑勺半扎发鲨鱼夹发量少百搭发卡头饰,,,普通订单,2.69,0,0,0,0,0,0,0,0,0,0,0,-0.02,0,0,0,0,0,0,是-商品卡免佣,0.15,义乌市黎既电子商务商行（个体工商户）,订单结算
2026-04-23 03:28:47,'2026042303284222990034072131,入账,4.7,聚合账户,货款结算入账,小店自卖,'6952036166728750572,'6952036166728750572,'SS76306678817219054430141,2026-04-12 22:28:36,'3808297920495747487,韩式新款头绳高级小众手工编织豹纹大肠发圈显发量马尾丸子头发绳,,,普通订单,4.73,0,0,0,0,0,0,0,0,0,0,0,-0.03,0,0,0,0,0,0,是-商品卡免佣,0.22,义乌市黎既电子商务商行（个体工商户）,订单结算
2026-04-23 03:28:47,'2026042303284203105103712131,入账,8.62,聚合账户,货款结算入账,小店自卖,'6952190749133575863,'6952190749133575863,'SS76307837671176279500213,2026-04-19 11:32:01,'3673424694561865791,薄款牛油果绿系列小丝巾缠包模特搭配装饰品扎头发绑发飘带发带,,,普通订单,8.67,1.55,0,0,0,0,0,0,0,0,0,0,-0.05,0,0,0,0,0,0,是-商品卡免佣,0.37,义乌市黎既电子商务商行（个体工商户）,订单结算
2026-04-23 03:29:12,'2026042303290731000868342131,入账,2.67,聚合账户,货款结算入账,小店自卖,'6925552415357239064,'6925552415357239064,'SS76306402429082178660116,2026-04-13 01:56:42,'3784368456477049055,韩国气质碎钻满天星抓夹女后脑勺半扎发鲨鱼夹发量少百搭发卡头饰,,,普通订单,2.69,0,0,0,0,0,0,0,0,0,0,0,-0.02,0,0,0,0,0,0,是-商品卡免佣,0.15,义乌市黎既电子商务商行（个体工商户）,订单结算
2026-04-23 03:29:12,'2026042303290406515100672131,入账,2.67,聚合账户,货款结算入账,小店自卖,'6952068769143265168,'6952068769143199632,'SS76307655010602196860035,2026-04-14 23:32:35,'3784368456477049055,韩国气质碎钻满天星抓夹女后脑勺半扎发鲨鱼夹发量少百搭发卡头饰,,,普通订单,2.69,0,0,0,0,0,0,0,0,0,0,0,-0.02,0,0,0,0,0,0,是-商品卡免佣,0.15,义乌市黎既电子商务商行（个体工商户）,订单结算
2026-04-23 05:23:01,'2026042305225533980912642131,入账,4.95,聚合账户,货款结算入账,小店自卖,'6925630673718115606,'6925630673718115606,'SS76306019686802721470104,2026-04-16 12:26:59,'3811476737385169110,霞光紫~紫色珍珠字母抓夹女2026新款后脑勺鲨鱼夹大号旅行发卡女 ,,,普通订单,4.98,0,0,0,0,0,0,0,0,0,0,0,-0.03,0,0,0,0,0,0,是-商品卡免佣,0.22,义乌市黎既电子商务商行（个体工商户）,订单结算
2026-04-23 05:23:01,'2026042305225428616952422131,入账,4.85,聚合账户,货款结算入账,小店自卖,'6952038796879991820,'6952038796879991820,'SS76307365565503414160166,2026-04-13 07:15:16,'3796640026289373330,蝴蝶结鸭嘴夹小香风毛呢爆款发夹后脑勺气质洋气盘发一字夹子,,,普通订单,4.88,0,0,0,0,0,0,0,0,0,0,0,-0.03,0,0,0,0,0,0,是-商品卡免佣,0.22,义乌市黎既电子商务商行（个体工商户）,订单结算
2026-04-23 05:23:01,'2026042305225635011343862131,入账,6.9,聚合账户,货款结算入账,小店自卖,'6952023243754640793,'6952023243754640793,'SS76306681062420854160081,2026-04-13 03:29:34,'3673057951649759338,小皮筋小女孩头绳发绳透明多彩小号一次性皮筋儿童橡皮筋发饰扎头,,,普通订单,6.94,1.15,0,0,0,0,0,0,0,0,0,0,-0.04,0,0,0,0,0,0,是-商品卡免佣,0.29,义乌市黎既电子商务商行（个体工商户）,订单结算
2026-04-23 05:23:01,'2026042305225616023229842131,入账,3.81,聚合账户,货款结算入账,小店自卖,'6925547270255509103,'6925547270255509103,'SS76306403723397535070203,2026-04-12 23:41:25,'3784368456477049055,韩国气质碎钻满天星抓夹女后脑勺半扎发鲨鱼夹发量少百搭发卡头饰,,,普通订单,3.83,0,0,0,0,0,0,0,0,0,0,0,-0.02,0,0,0,0,0,0,是-商品卡免佣,0.15,义乌市黎既电子商务商行（个体工商户）,订单结算
2026-04-23 05:23:01,'2026042305225420603215362131,入账,4.94,聚合账户,货款结算入账,小店自卖,'6952010068569560169,'6952010068569560169,'SS76306667982831457740144,2026-04-13 05:55:15,'3769870193174642697,2025春夏新款轻奢边夹时尚气质一字发夹女后脑勺扭扭夹女,,,普通订单,4.97,0,0,0,0,0,0,0,0,0,0,0,-0.03,0,0,0,0,0,0,是-商品卡免佣,0.22,义乌市黎既电子商务商行（个体工商户）,订单结算
2026-04-23 05:23:01,'2026042305225429289024262131,入账,3.14,聚合账户,货款结算入账,小店自卖,'6952022753804490037,'6952022753804490037,'SS76306667322460779520143,2026-04-12 20:21:55,'3796640026289373330,蝴蝶结鸭嘴夹小香风毛呢爆款发夹后脑勺气质洋气盘发一字夹子,,,普通订单,3.16,0,0,0,0,0,0,0,0,0,0,0,-0.02,0,0,0,0,0,0,是-商品卡免佣,0.15,义乌市黎既电子商务商行（个体工商户）,订单结算
2026-04-23 05:23:01,'2026042305225601523551242131,入账,3.01,聚合账户,货款结算入账,小店自卖,'6925545110444342946,'6925545110444342946,'SS76306668524906749440188,2026-04-12 22:41:05,'3677561914218643751,发饰交叉抓夹大号发夹新款盘发卡头饰女简约气质鲨鱼夹后脑勺发爪,,,普通订单,3.03,1.15,0,0,0,0,0,0,0,0,0,0,-0.02,0,0,0,0,0,0,是-商品卡免佣,0.15,义乌市黎既电子商务商行（个体工商户）,订单结算
2026-04-23 05:23:01,'2026042305225528815198872131,入账,2.85,聚合账户,货款结算入账,小店自卖,'6925570014282284040,'6925570014282284040,'SS76307254944549934490088,2026-04-13 13:32:09,'3747800080678256720,夏季网红新款小草头上发夹长草可爱超萌碎豆芽夹子头顶搞怪发饰,,,普通订单,2.87,0,0,0,0,0,0,0,0,0,0,0,-0.02,0,0,0,0,0,0,是-商品卡免佣,0.15,义乌市黎既电子商务商行（个体工商户）,订单结算
2026-04-23 05:23:01,'2026042305225416486075392131,入账,3.73,聚合账户,货款结算入账,小店自卖,'6952022310464787874,'6952022310464787874,'SS76306404331278341500200,2026-04-12 15:45:51,'3806839658764173323,明星同款高级银色金属小钢圈发扣发夹感洋气甜酷风刘海发夹扣发饰,,,普通订单,3.75,0,0,0,0,0,0,0,0,0,0,0,-0.02,0,0,0,0,0,0,是-商品卡免佣,0.15,义乌市黎既电子商务商行（个体工商户）,订单结算
2026-04-23 05:23:01,'2026042305225601522240522131,入账,1.14,聚合账户,货款结算入账,小店自卖,'6925424221711662310F00,'6925424221711662310,'SS76306999950005376150105,2026-04-07 16:51:26,'3764487413725004047,运费单,,,普通订单,1.15,1.15,0,0,0,0,0,0,0,0,0,0,-0.01,0,0,0,0,0,0,是-商品卡免佣,0.07,义乌市黎既电子商务商行（个体工商户）,运费单结算
2026-04-23 05:23:19,'2026042305231233932582832131,入账,1.95,聚合账户,货款结算入账,小店自卖,'6952118432260298320,'6952118432260298320,'SS76308512584313615880233,2026-04-16 22:26:08,'3806280662462366067,kitty猫~刘海贴精致可爱甜美少女棉花糖猫兔碎发贴魔术贴无痕发饰,,,普通订单,1.96,0,0,0,0,0,0,0,0,0,0,0,-0.01,0,0,0,0,0,0,是-商品卡免佣,0.07,义乌市黎既电子商务商行（个体工商户）,订单结算
2026-04-23 05:23:19,'2026042305231319025147292131,入账,2.86,聚合账户,货款结算入账,小店自卖,'6952070763983344973,'6952070763983344973,'SS76308260653590164990234,2026-04-15 06:16:22,'3761395105840365661,高级感水钻满天星发夹女后脑勺盘发神器发卡青蛙夹扭扭夹发卡头饰,,,普通订单,2.88,0,0,0,0,0,0,0,0,0,0,0,-0.02,0,0,0,0,0,0,是-商品卡免佣,0.15,义乌市黎既电子商务商行（个体工商户）,订单结算
2026-04-23 05:23:19,'2026042305231501260262462131,入账,1.95,聚合账户,货款结算入账,小店自卖,'6952024016183301864,'6952024016183301864,'SS76307468218466307060177,2026-04-13 15:28:27,'3806280662462366067,kitty猫~刘海贴精致可爱甜美少女棉花糖猫兔碎发贴魔术贴无痕发饰,,,普通订单,1.96,0,0,0,0,0,0,0,0,0,0,0,-0.01,0,0,0,0,0,0,是-商品卡免佣,0.07,义乌市黎既电子商务商行（个体工商户）,订单结算
2026-04-23 05:23:19,'2026042305231431586224792131,入账,2.56,聚合账户,货款结算入账,小店自卖,'6925556195779771572,'6925556195779771572,'SS76306668072395740590071,2026-04-12 23:10:42,'3809235146834575749,可爱新春小狗香蕉夹女高马尾扭扭夹红色竖夹高级感2026韩新款发夹,,,普通订单,2.58,0,0,0,0,0,0,0,0,0,0,0,-0.02,0,0,0,0,0,0,是-商品卡免佣,0.15,义乌市黎既电子商务商行（个体工商户）,订单结算
2026-04-23 05:23:20,'2026042305231434740024322131,入账,3.87,聚合账户,货款结算入账,小店自卖,'6925544654184152169,'6925544654184152169,'SS76306392676688246160113,2026-04-12 20:29:52,'3790878995596312771,韩系黑色波点布艺褶皱高马尾香蕉夹竖夹新款豹纹发夹气质百搭发饰,,,普通订单,3.89,0,0,0,0,0,0,0,0,0,0,0,-0.02,0,0,0,0,0,0,是-商品卡免佣,0.15,义乌市黎既电子商务商行（个体工商户）,订单结算
2026-04-23 05:23:24,'2026042305231735748749232131,入账,3.72,聚合账户,货款结算入账,小店自卖,'6952036237390124275,'6952036237390124275,'SS76306668470217612900122,2026-04-12 23:24:20,'3768243884530991364,2025新款简约高颅顶发箍高级发箍女时尚发卡压发洗脸头箍百搭饰品,,,普通订单,3.74,0,0,0,0,0,0,0,0,0,0,0,-0.02,0,0,0,0,0,0,是-商品卡免佣,0.15,义乌市黎既电子商务商行（个体工商户）,订单结算
2026-04-23 05:23:24,'2026042305231935903902722131,入账,6.34,聚合账户,货款结算入账,小店自卖,'6925560767002082650,'6925560767002082650,'SS76306668366485261310009,2026-04-13 01:14:41,'3796640026289373330,蝴蝶结鸭嘴夹小香风毛呢爆款发夹后脑勺气质洋气盘发一字夹子,,,普通订单,6.38,0,0,0,0,0,0,0,0,0,0,0,-0.04,0,0,0,0,0,0,是-商品卡免佣,0.29,义乌市黎既电子商务商行（个体工商户）,订单结算
2026-04-23 05:23:24,'2026042305231701608586592131,入账,2.43,聚合账户,货款结算入账,精选联盟,'6925546066460180456,'6925546066460180456,'SS76306397906153641420057,2026-04-12 15:25:36,'3784368456477049055,韩国气质碎钻满天星抓夹女后脑勺半扎发鲨鱼夹发量少百搭发卡头饰,'7622866447274394661,婷婷百货甄选,普通订单,2.69,0,0,0,0,0,0,0,0,0,0,0,-0.13,-0.13,0,0,0,0,0,,0,义乌市黎既电子商务商行（个体工商户）,订单结算
2026-04-23 05:23:24,'2026042305231914101919132131,入账,2.17,聚合账户,货款结算入账,小店自卖,'6952078272341087306,'6952078272341087306,'SS76306391127753364910150,2026-04-15 11:22:35,'3811471952867099104,圆形银色金属仿钻小发扣前额刘海发夹侧边碎发夹小号发卡夹子头饰,,,普通订单,2.18,0,0,0,0,0,0,0,0,0,0,0,-0.01,0,0,0,0,0,0,是-商品卡免佣,0.07,义乌市黎既电子商务商行（个体工商户）,订单结算
2026-04-23 05:23:24,'2026042305231838177674642131,入账,2.67,聚合账户,货款结算入账,小店自卖,'6925541752194039114,'6925541752194039114,'SS76306397945956436990233,2026-04-12 15:41:17,'3784368456477049055,韩国气质碎钻满天星抓夹女后脑勺半扎发鲨鱼夹发量少百搭发卡头饰,,,普通订单,2.69,0,0,0,0,0,0,0,0,0,0,0,-0.02,0,0,0,0,0,0,是-商品卡免佣,0.15,义乌市黎既电子商务商行（个体工商户）,订单结算
2026-04-23 05:23:38,'2026042305233402097159682131,入账,1.47,聚合账户,货款结算入账,小店自卖,'6925536355260202230,'6925536355260202230,'SS76297410131368350820119,2026-04-12 17:27:15,'3766002407528595575,新款加载中宕机发夹亚克力非像素风可旋转发夹碎发边夹搞怪鸭嘴夹,,,普通订单,3.48,0,0,0,0,0,0,0,0,0,0,-2,-0.01,0,0,0,0,0,0,是-商品卡免佣,0.07,义乌市黎既电子商务商行（个体工商户）,订单结算
2026-04-23 05:23:38,'2026042305233318455270552131,入账,3.35,聚合账户,货款结算入账,精选联盟,'6925580342857661817,'6925580342857661817,'SS76307103233574507880042,2026-04-14 00:58:20,'3746150076641313252,网红简约ins纯色宽边发带高颅顶白色发箍女运动健身夏季头饰发饰,'0,,普通订单,3.77,0.9,0,0,0,0,0,0,0,0,0,0,-0.19,0,0,0,0,-0.23,0,,0,义乌市黎既电子商务商行（个体工商户）,订单结算
2026-04-23 05:23:38,'2026042305233401092979392131,入账,5.31,聚合账户,货款结算入账,小店自卖,'6952021402364155833,'6952021402364155833,'SS76306668570826017280115,2026-04-13 01:22:08,'3766001784691229117,夏天简约随手盘发一字扭扭夹水钻抓夹高级发夹扭扭后脑勺盘发器,,,普通订单,5.34,0,0,0,0,0,0,0,0,0,0,0,-0.03,0,0,0,0,0,0,是-商品卡免佣,0.22,义乌市黎既电子商务商行（个体工商户）,订单结算
2026-04-23 05:23:38,'2026042305233327432881162131,入账,4.43,聚合账户,货款结算入账,小店自卖,'6925600852834745903,'6925600852834745903,'SS76307077245814049660005,2026-04-14 19:56:39,'3783087235688169935,高颅顶神器发根自然蓬松夹无痕定位夹男女刘海夹鸭嘴夹发卡发夹,,,普通订单,4.46,0,0,0,0,0,0,0,0,0,0,0,-0.03,0,0,0,0,0,0,是-商品卡免佣,0.22,义乌市黎既电子商务商行（个体工商户）,订单结算
2026-04-23 05:23:38,'2026042305233305289577392131,入账,5.02,聚合账户,货款结算入账,小店自卖,'6952036333604640046,'6952036333604640046,'SS76306382133124636560031,2026-04-13 00:14:54,'3790878995596312771,韩系黑色波点布艺褶皱高马尾香蕉夹竖夹新款豹纹发夹气质百搭发饰,,,普通订单,5.05,0,0,0,0,0,0,0,0,0,0,0,-0.03,0,0,0,0,0,0,是-商品卡免佣,0.22,义乌市黎既电子商务商行（个体工商户）,订单结算
2026-04-23 05:23:54,'2026042305234905547340862131,入账,3.92,聚合账户,货款结算入账,精选联盟,'6952038727611651483,'6952038727611651483,'SS76306668836425894820104,2026-04-13 02:24:40,'3745788060114223511,五角星星水钻发夹女碎发刘海夹子满钻镂空侧边夹后脑勺发卡bb夹,'1314671554205048,趣享视界9988,普通订单,4.51,0,0,0,0,0,0,0,0,0,0,0,-0.23,-0.36,0,0,0,0,0,,0,义乌市黎既电子商务商行（个体工商户）,订单结算
2026-04-23 05:23:54,'2026042305234903029573272131,入账,2.85,聚合账户,货款结算入账,小店自卖,'6925692383818120538,'6925692383818120538,'SS76307129224147973620100,2026-04-18 13:38:11,'3747800080678256720,夏季网红新款小草头上发夹长草可爱超萌碎豆芽夹子头顶搞怪发饰,,,普通订单,2.87,0,0,0,0,0,0,0,0,0,0,0,-0.02,0,0,0,0,0,0,是-商品卡免佣,0.15,义乌市黎既电子商务商行（个体工商户）,订单结算
2026-04-23 05:23:54,'2026042305234936239280642131,入账,3.36,聚合账户,货款结算入账,小店自卖,'6925643125722676785,'6925643125722676785,'SS76306345346647495830106,2026-04-16 12:01:35,'3806285088233226368,韩系~时尚百搭简约女格纹布少女风艺带齿细发箍个性压发箍头箍女,,,普通订单,3.38,0,0,0,0,0,0,0,0,0,0,0,-0.02,0,0,0,0,0,0,是-商品卡免佣,0.15,义乌市黎既电子商务商行（个体工商户）,订单结算
2026-04-23 05:23:54,'2026042305234741487076472131,入账,4.85,聚合账户,货款结算入账,小店自卖,'6952029352055149762,'6952029352055149762,'SS76306667804610073750100,2026-04-12 20:29:42,'3796640026289373330,蝴蝶结鸭嘴夹小香风毛呢爆款发夹后脑勺气质洋气盘发一字夹子,,,普通订单,4.88,0,0,0,0,0,0,0,0,0,0,0,-0.03,0,0,0,0,0,0,是-商品卡免佣,0.22,义乌市黎既电子商务商行（个体工商户）,订单结算
2026-04-23 05:23:54,'2026042305234936240263682131,入账,3.75,聚合账户,货款结算入账,小店自卖,'6925677682247237293,'6925677682247237293,'SS76306643168744248820054,2026-04-18 12:38:05,'3746150076641313252,网红简约ins纯色宽边发带高颅顶白色发箍女运动健身夏季头饰发饰,,,普通订单,3.77,0.9,0,0,0,0,0,0,0,0,0,0,-0.02,0,0,0,0,0,0,是-商品卡免佣,0.15,义乌市黎既电子商务商行（个体工商户）,订单结算
2026-04-23 05:25:07,'2026042305250128104788632131,入账,4.25,聚合账户,货款结算入账,小店自卖,'6952016745498023719,'6952016745498023719,'SS76306380326017441690070,2026-04-13 01:05:31,'3790878995596312771,韩系黑色波点布艺褶皱高马尾香蕉夹竖夹新款豹纹发夹气质百搭发饰,,,普通订单,4.28,0.39,0,0,0,0,0,0,0,0,0,0,-0.03,0,0,0,0,0,0,是-商品卡免佣,0.22,义乌市黎既电子商务商行（个体工商户）,订单结算
2026-04-23 05:25:07,'2026042305250202988772102131,入账,10.88,聚合账户,货款结算入账,小店自卖,'6952079374533924304,'6952079374533924304,'SS76307567007620674830106,2026-04-14 21:20:36,'3796640026289373330,蝴蝶结鸭嘴夹小香风毛呢爆款发夹后脑勺气质洋气盘发一字夹子,,,普通订单,10.95,0,0,0,0,0,0,0,0,0,0,0,-0.07,0,0,0,0,0,0,是-商品卡免佣,0.51,义乌市黎既电子商务商行（个体工商户）,订单结算
2026-04-23 05:25:07,'2026042305250138343647122131,入账,2.67,聚合账户,货款结算入账,小店自卖,'6925561746099765075,'6925561746099765075,'SS76307438285214684350051,2026-04-13 12:48:22,'3784368456477049055,韩国气质碎钻满天星抓夹女后脑勺半扎发鲨鱼夹发量少百搭发卡头饰,,,普通订单,2.69,0,0,0,0,0,0,0,0,0,0,0,-0.02,0,0,0,0,0,0,是-商品卡免佣,0.15,义乌市黎既电子商务商行（个体工商户）,订单结算
2026-04-23 05:25:07,'2026042305250213846287762131,入账,2.78,聚合账户,货款结算入账,小店自卖,'6925552835318218060,'6925552835318218060,'SS76306999468748149860025,2026-04-13 09:51:35,'3806285088233226368,韩系~时尚百搭简约女格纹布少女风艺带齿细发箍个性压发箍头箍女,,,普通订单,2.8,0,0,0,0,0,0,0,0,0,0,0,-0.02,0,0,0,0,0,0,是-商品卡免佣,0.15,义乌市黎既电子商务商行（个体工商户）,订单结算
2026-04-23 05:25:07,'2026042305250212508575182131,入账,2.65,聚合账户,货款结算入账,小店自卖,'6952114061601609191,'6952114061601609191,'SS76307376358917737340180,2026-04-15 20:02:55,'3766001784691229117,夏天简约随手盘发一字扭扭夹水钻抓夹高级发夹扭扭后脑勺盘发器,,,普通订单,2.67,0.69,0,0,0,0,0,0,0,0,0,0,-0.02,0,0,0,0,0,0,是-商品卡免佣,0.15,义乌市黎既电子商务商行（个体工商户）,订单结算
2026-04-23 05:25:07,'2026042305250130377577472131,入账,3.34,聚合账户,货款结算入账,小店自卖,'6952012244547212447,'6952012244547212447,'SS76306609575343229530187,2026-04-12 22:08:26,'3806839693081969009,春夏简约随手盘发高级发夹一字扭扭夹水钻抓夹扭扭后脑勺盘发器,,,普通订单,3.36,0,0,0,0,0,0,0,0,0,0,0,-0.02,0,0,0,0,0,0,是-商品卡免佣,0.15,义乌市黎既电子商务商行（个体工商户）,订单结算
2026-04-23 05:25:07,'2026042305250207722644822131,入账,4.6,聚合账户,货款结算入账,小店自卖,'6925557691106754023,'6925557691106754023,'SS76307408944506025220228,2026-04-13 15:08:04,'3761395105840365661,高级感水钻满天星发夹女后脑勺盘发神器发卡青蛙夹扭扭夹发卡头饰,,,普通订单,4.63,0,0,0,0,0,0,0,0,0,0,0,-0.03,0,0,0,0,0,0,是-商品卡免佣,0.22,义乌市黎既电子商务商行（个体工商户）,订单结算
2026-04-23 05:25:07,'2026042305250122318986392131,入账,4.94,聚合账户,货款结算入账,小店自卖,'6925567592140865466,'6925567592140865466,'SS76307255882919124480104,2026-04-13 14:07:01,'3769870193174642697,2025春夏新款轻奢边夹时尚气质一字发夹女后脑勺扭扭夹女,,,普通订单,4.97,0,0,0,0,0,0,0,0,0,0,0,-0.03,0,0,0,0,0,0,是-商品卡免佣,0.22,义乌市黎既电子商务商行（个体工商户）,订单结算
2026-04-23 05:25:07,'2026042305250202988935942131,入账,10.88,聚合账户,货款结算入账,小店自卖,'6952036990047425620,'6952036990047425620,'SS76307364877803893760184,2026-04-13 13:06:13,'3796640026289373330,蝴蝶结鸭嘴夹小香风毛呢爆款发夹后脑勺气质洋气盘发一字夹子,,,普通订单,10.95,0,0,0,0,0,0,0,0,0,0,0,-0.07,0,0,0,0,0,0,是-商品卡免佣,0.51,义乌市黎既电子商务商行（个体工商户）,订单结算
2026-04-23 05:25:07,'2026042305250132055178752131,入账,2.67,聚合账户,货款结算入账,小店自卖,'6952030041082369061,'6952030041082369061,'SS76306402593468134900105,2026-04-13 08:10:49,'3784368456477049055,韩国气质碎钻满天星抓夹女后脑勺半扎发鲨鱼夹发量少百搭发卡头饰,,,普通订单,2.69,0,0,0,0,0,0,0,0,0,0,0,-0.02,0,0,0,0,0,0,是-商品卡免佣,0.15,义乌市黎既电子商务商行（个体工商户）,订单结算
2026-04-23 05:25:07,'2026042305250200638978562131,入账,4.35,聚合账户,货款结算入账,小店自卖,'6925591796429389427,'6925591796429389427,'SS76306917471874583400112,2026-04-14 15:36:26,'3806285088233226368,韩系~时尚百搭简约女格纹布少女风艺带齿细发箍个性压发箍头箍女,,,普通订单,4.38,0,0,0,0,0,0,0,0,0,0,0,-0.03,0,0,0,0,0,0,是-商品卡免佣,0.22,义乌市黎既电子商务商行（个体工商户）,订单结算
2026-04-23 05:25:07,'2026042305250011061990662131,入账,3.87,聚合账户,货款结算入账,小店自卖,'6952040990233532195,'6952040990233532195,'SS76306650287357135450118,2026-04-13 07:27:58,'3807732934811713667,新款牡丹花羽毛抓夹女高颜值轻奢时尚百搭鲨鱼夹发饰头饰夹发神器,,,普通订单,3.89,0,0,0,0,0,0,0,0,0,0,0,-0.02,0,0,0,0,0,0,是-商品卡免佣,0.15,义乌市黎既电子商务商行（个体工商户）,订单结算
2026-04-23 05:25:07,'2026042305250026426084192131,入账,2.67,聚合账户,货款结算入账,小店自卖,'6952030596713944486,'6952030596713944486,'SS76307439094847575040243,2026-04-13 15:06:14,'3784368456477049055,韩国气质碎钻满天星抓夹女后脑勺半扎发鲨鱼夹发量少百搭发卡头饰,,,普通订单,2.69,0,0,0,0,0,0,0,0,0,0,0,-0.02,0,0,0,0,0,0,是-商品卡免佣,0.15,义乌市黎既电子商务商行（个体工商户）,订单结算
2026-04-23 05:25:07,'2026042305250103197176672131,入账,4.85,聚合账户,货款结算入账,小店自卖,'6925699125677948756,'6925699125677948756,'SS76308043103193502870091,2026-04-19 12:48:56,'3796640026289373330,蝴蝶结鸭嘴夹小香风毛呢爆款发夹后脑勺气质洋气盘发一字夹子,,,普通订单,4.88,0,0,0,0,0,0,0,0,0,0,0,-0.03,0,0,0,0,0,0,是-商品卡免佣,0.22,义乌市黎既电子商务商行（个体工商户）,订单结算
2026-04-23 05:25:24,'2026042305251736840453662131,入账,2.56,聚合账户,货款结算入账,小店自卖,'6952022945984091296,'6952022945984091296,'SS76306668325347497480190,2026-04-12 22:32:11,'3809235146834575749,可爱新春小狗香蕉夹女高马尾扭扭夹红色竖夹高级感2026韩新款发夹,,,普通订单,2.58,0,0,0,0,0,0,0,0,0,0,0,-0.02,0,0,0,0,0,0,是-商品卡免佣,0.15,义乌市黎既电子商务商行（个体工商户）,订单结算
2026-04-23 05:25:24,'2026042305251825595581962131,入账,4.94,聚合账户,货款结算入账,小店自卖,'6925545458352356958,'6925545458352356958,'SS76306668787125949850024,2026-04-13 02:15:29,'3683590910169448490,新款碎发梳插梳韩版女孩夹子后脑勺刘海整理发夹卡子成年人发头饰,,,普通订单,4.97,0,0,0,0,0,0,0,0,0,0,0,-0.03,0,0,0,0,0,0,是-商品卡免佣,0.22,义乌市黎既电子商务商行（个体工商户）,订单结算
2026-04-23 05:25:24,'2026042305251737713720862131,入账,2.56,聚合账户,货款结算入账,小店自卖,'6952029646572754771,'6952029646572754771,'SS76306668761804314030012,2026-04-12 22:52:40,'3809235146834575749,可爱新春小狗香蕉夹女高马尾扭扭夹红色竖夹高级感2026韩新款发夹,,,普通订单,0.01,0,0,2.57,0,0,0,0,0,0,0,0,-0.02,0,0,0,0,0,0,是-商品卡免佣,0.15,义乌市黎既电子商务商行（个体工商户）,订单结算
2026-04-23 05:25:24,'2026042305251829131740162131,入账,2.38,聚合账户,货款结算入账,小店自卖,'6925647890611993666,'6925647890611993666,'SS76306538276201597860066,2026-04-16 15:32:13,'3768243884530991364,2025新款简约高颅顶发箍高级发箍女时尚发卡压发洗脸头箍百搭饰品,,,普通订单,1.79,0,0,0.6,0,0,0,0,0,0,0,0,-0.01,0,0,0,0,0,0,是-商品卡免佣,0.07,义乌市黎既电子商务商行（个体工商户）,订单结算
2026-04-23 05:25:24,'2026042305251818464159122131,入账,3.75,聚合账户,货款结算入账,小店自卖,'6925636006297500785,'6925636006297500785,'SS76307372107985887220038,2026-04-16 02:42:37,'3746150076641313252,网红简约ins纯色宽边发带高颅顶白色发箍女运动健身夏季头饰发饰,,,普通订单,3.77,0.9,0,0,0,0,0,0,0,0,0,0,-0.02,0,0,0,0,0,0,是-商品卡免佣,0.15,义乌市黎既电子商务商行（个体工商户）,订单结算
2026-04-23 05:25:32,'2026042305252111128673342131,入账,3.34,聚合账户,货款结算入账,小店自卖,'6925549763160407118,'6925549763160407118,'SS76306420984694912100086,2026-04-13 01:31:16,'3806839693081969009,春夏简约随手盘发高级发夹一字扭扭夹水钻抓夹扭扭后脑勺盘发器,,,普通订单,3.36,0,0,0,0,0,0,0,0,0,0,0,-0.02,0,0,0,0,0,0,是-商品卡免佣,0.15,义乌市黎既电子商务商行（个体工商户）,订单结算
2026-04-23 05:25:32,'2026042305252535290161062131,入账,3.81,聚合账户,货款结算入账,小店自卖,'6925576733837851682,'6925576733837851682,'SS76307440399832233460164,2026-04-13 14:48:37,'3784368456477049055,韩国气质碎钻满天星抓夹女后脑勺半扎发鲨鱼夹发量少百搭发卡头饰,,,普通订单,3.83,0,0,0,0,0,0,0,0,0,0,0,-0.02,0,0,0,0,0,0,是-商品卡免佣,0.15,义乌市黎既电子商务商行（个体工商户）,订单结算
2026-04-23 05:25:32,'2026042305252519388501022131,入账,3.59,聚合账户,货款结算入账,小店自卖,'6952018266877728308,'6952018266877728308,'SS76306604386744245760226,2026-04-12 20:17:41,'3766001784691229117,夏天简约随手盘发一字扭扭夹水钻抓夹高级发夹扭扭后脑勺盘发器,,,普通订单,3.61,0.69,0,0,0,0,0,0,0,0,0,0,-0.02,0,0,0,0,0,0,是-商品卡免佣,0.15,义乌市黎既电子商务商行（个体工商户）,订单结算
2026-04-23 05:25:32,'2026042305252706680950182131,入账,2.26,聚合账户,货款结算入账,小店自卖,'6925556549118885463,'6925556549118885463,'SS76307326018081595310121,2026-04-13 06:47:45,'3782115499152900523,复古豹纹波点褶皱香蕉夹女高级感马尾扭扭竖夹后脑勺显发量发卡,,,普通订单,2.27,0,0,0,0,0,0,0,0,0,0,0,-0.01,0,0,0,0,0,0,是-商品卡免佣,0.07,义乌市黎既电子商务商行（个体工商户）,订单结算
2026-04-23 05:25:32,'2026042305252730624484032131,入账,3.95,聚合账户,货款结算入账,小店自卖,'6925554420680195891,'6925554420680195891,'SS76306381122027688960192,2026-04-12 22:37:22,'3806293802847699345,韩式豹纹波点褶皱高级扭扭马尾卡通风香蕉发夹后脑勺显发发卡头饰,,,普通订单,3.97,0,0,0,0,0,0,0,0,0,0,0,-0.02,0,0,0,0,0,0,是-商品卡免佣,0.15,义乌市黎既电子商务商行（个体工商户）,订单结算
2026-04-23 05:25:39,'2026042305253328773914122131,入账,3.34,聚合账户,货款结算入账,小店自卖,'6925668105460284549,'6925668105460284549,'SS76307943463837865390250,2026-04-18 06:42:26,'3806839693081969009,春夏简约随手盘发高级发夹一字扭扭夹水钻抓夹扭扭后脑勺盘发器,,,普通订单,0.36,0,0,3,0,0,0,0,0,0,0,0,-0.02,0,0,0,0,0,0,是-商品卡免佣,0.15,义乌市黎既电子商务商行（个体工商户）,订单结算
2026-04-23 05:25:39,'2026042305253214584099942131,入账,4.4,聚合账户,货款结算入账,小店自卖,'6952056753784166099,'6952056753784166099,'SS76306795323240617300035,2026-04-14 15:34:50,'3761395105840365661,高级感水钻满天星发夹女后脑勺盘发神器发卡青蛙夹扭扭夹发卡头饰,,,普通订单,4.63,0,0,0,0,0,0,0,0,0,0,0,-0.23,0,0,0,0,0,0,,0,义乌市黎既电子商务商行（个体工商户）,订单结算
2026-04-23 05:25:39,'2026042305253303373801482131,入账,2.67,聚合账户,货款结算入账,小店自卖,'6925628761891241037,'6925628761891241037,'SS76306656768393382590145,2026-04-15 15:46:01,'3784368456477049055,韩国气质碎钻满天星抓夹女后脑勺半扎发鲨鱼夹发量少百搭发卡头饰,,,普通订单,2.69,0,0,0,0,0,0,0,0,0,0,0,-0.02,0,0,0,0,0,0,是-商品卡免佣,0.15,义乌市黎既电子商务商行（个体工商户）,订单结算
2026-04-23 05:25:39,'2026042305253409747993952131,入账,3.45,聚合账户,货款结算入账,精选联盟,'6925543118394653922,'6925543118394653922,'SS76306403858495577870187,2026-04-13 02:01:51,'3784368456477049055,韩国气质碎钻满天星抓夹女后脑勺半扎发鲨鱼夹发量少百搭发卡头饰,'0,,普通订单,0.01,0,0,3.82,0,0,0,0,0,0,0,0,-0.19,0,0,0,0,-0.19,0,,0,义乌市黎既电子商务商行（个体工商户）,订单结算
2026-04-23 05:25:39,'2026042305253233357338002131,入账,9.85,聚合账户,货款结算入账,精选联盟,'6925554436150623491,'6925554436150623491,'SS76307364806542139510149,2026-04-12 22:27:25,'3796640026289373330,蝴蝶结鸭嘴夹小香风毛呢爆款发夹后脑勺气质洋气盘发一字夹子,'0,,普通订单,7.95,0,0,3,0,0,0,0,0,0,0,0,-0.55,0,0,0,0,-0.55,0,,0,义乌市黎既电子商务商行（个体工商户）,订单结算
2026-04-23 05:26:36,'2026042305263211834004942131,入账,2.69,聚合账户,货款结算入账,小店自卖,'6952125408256202347,'6952125408256202347,'SS76307358126989975420223,2026-04-17 09:35:25,'3812017302002597980,复古波点丝绒倒插梳碎发整理发梳女无痕刘海发夹子早春高颅顶头饰,,,普通订单,2.71,0,0,0,0,0,0,0,0,0,0,0,-0.02,0,0,0,0,0,0,是-商品卡免佣,0.15,义乌市黎既电子商务商行（个体工商户）,订单结算
2026-04-23 05:26:36,'2026042305263207344458782131,入账,8.76,聚合账户,货款结算入账,小店自卖,'6925562663706984375,'6925562663706984375,'SS76307000930427745910152,2026-04-13 10:13:02,'3678098943977324745,韩式黑色蝴蝶结飘带抓夹显脸小后脑勺盘发发夹鲨鱼夹发饰夹子头饰,,,普通订单,8.81,0,0,0,0,0,0,0,0,0,0,0,-0.05,0,0,0,0,0,0,是-商品卡免佣,0.37,义乌市黎既电子商务商行（个体工商户）,订单结算
2026-04-23 05:26:36,'2026042305263232149222832131,入账,2.65,聚合账户,货款结算入账,小店自卖,'6925544144595287567,'6925544144595287567,'SS76306427913072315240154,2026-04-12 16:20:35,'3766001784691229117,夏天简约随手盘发一字扭扭夹水钻抓夹高级发夹扭扭后脑勺盘发器,,,普通订单,2.67,0.69,0,0,0,0,0,0,0,0,0,0,-0.02,0,0,0,0,0,0,是-商品卡免佣,0.15,义乌市黎既电子商务商行（个体工商户）,订单结算
2026-04-23 05:26:36,'2026042305263008712691702131,入账,2.67,聚合账户,货款结算入账,小店自卖,'6952034749339997527,'6952034749339997527,'SS76307438244249809920078,2026-04-13 12:20:13,'3784368456477049055,韩国气质碎钻满天星抓夹女后脑勺半扎发鲨鱼夹发量少百搭发卡头饰,,,普通订单,2.69,0,0,0,0,0,0,0,0,0,0,0,-0.02,0,0,0,0,0,0,是-商品卡免佣,0.15,义乌市黎既电子商务商行（个体工商户）,订单结算
2026-04-23 05:26:37,'2026042305263204156459942131,入账,4.85,聚合账户,货款结算入账,小店自卖,'6925544866265660826,'6925544866265660826,'SS76306667437707763540230,2026-04-12 21:23:42,'3796640026289373330,蝴蝶结鸭嘴夹小香风毛呢爆款发夹后脑勺气质洋气盘发一字夹子,,,普通订单,4.88,0,0,0,0,0,0,0,0,0,0,0,-0.03,0,0,0,0,0,0,是-商品卡免佣,0.22,义乌市黎既电子商务商行（个体工商户）,订单结算
2026-04-23 05:27:00,'2026042305265425638996632131,入账,1.95,聚合账户,货款结算入账,小店自卖,'6951998003041735760,'6951998003041735760,'SS76306632532674196860084,2026-04-12 17:13:14,'3806280662462366067,kitty猫~刘海贴精致可爱甜美少女棉花糖猫兔碎发贴魔术贴无痕发饰,,,普通订单,1.96,0,0,0,0,0,0,0,0,0,0,0,-0.01,0,0,0,0,0,0,是-商品卡免佣,0.07,义乌市黎既电子商务商行（个体工商户）,订单结算
2026-04-23 05:27:00,'2026042305265533272302602131,入账,2.56,聚合账户,货款结算入账,小店自卖,'6952018672905557420,'6952018672905557420,'SS76306401329539650960130,2026-04-12 23:32:40,'3784368456477049055,韩国气质碎钻满天星抓夹女后脑勺半扎发鲨鱼夹发量少百搭发卡头饰,,,普通订单,0.01,0,0,2.68,0,0,0,0,0,0,0,0,-0.13,0,0,0,0,0,0,,0,义乌市黎既电子商务商行（个体工商户）,订单结算
2026-04-23 05:27:00,'2026042305265415863321752131,入账,2.81,聚合账户,货款结算入账,小店自卖,'6952039265940936331,'6952039265940936331,'SS76306999733526205710054,2026-04-13 12:06:12,'3767836959792300411,法式高级感超大号弧形抓夹女新款后脑勺盘发夹发量大鲨鱼夹发卡夹,,,普通订单,2.83,0,0,0,0,0,0,0,0,0,0,0,-0.02,0,0,0,0,0,0,是-商品卡免佣,0.15,义乌市黎既电子商务商行（个体工商户）,订单结算
2026-04-23 05:27:00,'2026042305265513845962872131,入账,2.63,聚合账户,货款结算入账,小店自卖,'6925594346054516043,'6925594346054516043,'SS76307025151683960860157,2026-04-14 21:00:09,'3763932448057065566,磨砂扭扭香蕉夹高马尾大号发夹后脑勺竖夹发卡韩国气质女夹子头饰,,,普通订单,2.65,0.89,0,0,0,0,0,0,0,0,0,0,-0.02,0,0,0,0,0,0,是-商品卡免佣,0.15,义乌市黎既电子商务商行（个体工商户）,订单结算
2026-04-23 05:27:00,'2026042305265529495956822131,入账,2.78,聚合账户,货款结算入账,小店自卖,'6952056988204996461,'6952056988204996461,'SS76308369820058793360110,2026-04-14 17:46:19,'3806285088233226368,韩系~时尚百搭简约女格纹布少女风艺带齿细发箍个性压发箍头箍女,,,普通订单,0.8,0,0,2,0,0,0,0,0,0,0,0,-0.02,0,0,0,0,0,0,是-商品卡免佣,0.15,义乌市黎既电子商务商行（个体工商户）,订单结算
2026-04-23 05:27:02,'2026042305265813046093322131,入账,3.87,聚合账户,货款结算入账,小店自卖,'6952025842587014458,'6952025842587014458,'SS76307463461898493820158,2026-04-13 12:22:16,'3807732934811713667,新款牡丹花羽毛抓夹女高颜值轻奢时尚百搭鲨鱼夹发饰头饰夹发神器,,,普通订单,3.89,0,0,0,0,0,0,0,0,0,0,0,-0.02,0,0,0,0,0,0,是-商品卡免佣,0.15,义乌市黎既电子商务商行（个体工商户）,订单结算
2026-04-23 05:27:02,'2026042305265712293578642131,入账,3.51,聚合账户,货款结算入账,精选联盟,'6925588308569849743,'6925588308569849743,'SS76308062468703199070217,2026-04-15 08:35:41,'3807732934811713667,新款牡丹花羽毛抓夹女高颜值轻奢时尚百搭鲨鱼夹发饰头饰夹发神器,'0,,普通订单,0.89,0,0,3,0,0,0,0,0,0,0,0,-0.19,0,0,0,0,-0.19,0,,0,义乌市黎既电子商务商行（个体工商户）,订单结算
2026-04-23 05:27:02,'2026042305265739119467672131,入账,3.88,聚合账户,货款结算入账,小店自卖,'6952060669912291028,'6952060669912291028,'SS76307907289395371870243,2026-04-14 08:13:31,'3800133155571237294,新款儿童可爱碎发梳女童新款夏天卡通碎发夹整理神器发卡女孩发饰,,,普通订单,3.9,0,0,0,0,0,0,0,0,0,0,0,-0.02,0,0,0,0,0,0,是-商品卡免佣,0.15,义乌市黎既电子商务商行（个体工商户）,订单结算
2026-04-23 05:27:02,'2026042305265722986595842131,入账,2.74,聚合账户,货款结算入账,小店自卖,'6952045645504975923,'6952045645504975923,'SS76306669275345597790049,2026-04-13 08:21:09,'3761395105840365661,高级感水钻满天星发夹女后脑勺盘发神器发卡青蛙夹扭扭夹发卡头饰,,,普通订单,0.01,0,0,2.87,0,0,0,0,0,0,0,0,-0.14,0,0,0,0,0,0,,0,义乌市黎既电子商务商行（个体工商户）,订单结算
2026-04-23 05:27:02,'2026042305265612379141272131,入账,2.67,聚合账户,货款结算入账,小店自卖,'6952022555120834518,'6952022555120834518,'SS76306399768841426330150,2026-04-12 18:55:35,'3784368456477049055,韩国气质碎钻满天星抓夹女后脑勺半扎发鲨鱼夹发量少百搭发卡头饰,,,普通订单,2.69,0,0,0,0,0,0,0,0,0,0,0,-0.02,0,0,0,0,0,0,是-商品卡免佣,0.15,义乌市黎既电子商务商行（个体工商户）,订单结算
2026-04-23 05:27:16,'2026042305271139687459842131,入账,2.84,聚合账户,货款结算入账,精选联盟,'6952063339935241361,'6952063339935241361,'SS76306870832080164270059,2026-04-14 15:55:02,'3800873163328455101,小香风爆款毛呢蝴蝶结鸭嘴夹后脑勺盘发一字夹时髦洋气有气质发饰,'0,,普通订单,0.16,0,0,3,0,0,0,0,0,0,0,0,-0.16,0,0,0,0,-0.16,0,,0,义乌市黎既电子商务商行（个体工商户）,订单结算
2026-04-23 05:27:16,'2026042305271139009981842131,入账,4.6,聚合账户,货款结算入账,小店自卖,'6925546414193147817,'6925546414193147817,'SS76306666349445452990018,2026-04-12 18:09:58,'3761395105840365661,高级感水钻满天星发夹女后脑勺盘发神器发卡青蛙夹扭扭夹发卡头饰,,,普通订单,4.63,0,0,0,0,0,0,0,0,0,0,0,-0.03,0,0,0,0,0,0,是-商品卡免佣,0.22,义乌市黎既电子商务商行（个体工商户）,订单结算
2026-04-23 05:27:16,'2026042305271040361172882131,入账,3.65,聚合账户,货款结算入账,小店自卖,'6925551783159168343,'6925551783159168343,'SS76306667461195538020026,2026-04-12 21:26:03,'3763932448057065566,磨砂扭扭香蕉夹高马尾大号发夹后脑勺竖夹发卡韩国气质女夹子头饰,,,普通订单,3.67,0,0,0,0,0,0,0,0,0,0,0,-0.02,0,0,0,0,0,0,是-商品卡免佣,0.15,义乌市黎既电子商务商行（个体工商户）,订单结算
2026-04-23 05:27:16,'2026042305271217242524512131,入账,2.91,聚合账户,货款结算入账,小店自卖,'6952009310425454288,'6952009310425454288,'SS76307255925683653540086,2026-04-12 17:48:02,'3754477217015529699,发夹女新款碎发整理神器发梳插梳卡子刘海夹发卡发箍头发夹子头饰,,,普通订单,2.93,0,0,0,0,0,0,0,0,0,0,0,-0.02,0,0,0,0,0,0,是-商品卡免佣,0.15,义乌市黎既电子商务商行（个体工商户）,订单结算
2026-04-23 05:27:16,'2026042305271216325064022131,入账,1.94,聚合账户,货款结算入账,小店自卖,'6925549736150990258,'6925549736150990258,'SS76306603789155046810222,2026-04-13 01:38:00,'3806839693081969009,春夏简约随手盘发高级发夹一字扭扭夹水钻抓夹扭扭后脑勺盘发器,,,普通订单,1.95,0,0,0,0,0,0,0,0,0,0,0,-0.01,0,0,0,0,0,0,是-商品卡免佣,0.07,义乌市黎既电子商务商行（个体工商户）,订单结算
2026-04-23 05:28:49,'2026042305284203229947292131,入账,10.88,聚合账户,货款结算入账,小店自卖,'6925551201244904887,'6925551201244904887,'SS76307364736638815230014,2026-04-12 17:22:52,'3796640026289373330,蝴蝶结鸭嘴夹小香风毛呢爆款发夹后脑勺气质洋气盘发一字夹子,,,普通订单,10.95,0,0,0,0,0,0,0,0,0,0,0,-0.07,0,0,0,0,0,0,是-商品卡免佣,0.51,义乌市黎既电子商务商行（个体工商户）,订单结算
2026-04-23 05:28:49,'2026042305284523447313922131,入账,2.67,聚合账户,货款结算入账,小店自卖,'6952055022732646359,'6952055022732646359,'SS76307440135000069270034,2026-04-13 15:30:36,'3784368456477049055,韩国气质碎钻满天星抓夹女后脑勺半扎发鲨鱼夹发量少百搭发卡头饰,,,普通订单,2.69,0,0,0,0,0,0,0,0,0,0,0,-0.02,0,0,0,0,0,0,是-商品卡免佣,0.15,义乌市黎既电子商务商行（个体工商户）,订单结算
2026-04-23 05:28:49,'2026042305284426930061152131,入账,5.46,聚合账户,货款结算入账,精选联盟,'6952052748513056738,'6952052748513056738,'SS76307255367754386420178,2026-04-13 13:20:26,'3677505925100470553,宝宝碎发神器女儿童发卡后脑勺隐形倒插梳整理刘海碎发梳女童发夹,'109969074460,芳姐百货178❤️,普通订单,6.27,0,0,0,0,0,0,0,0,0,0,0,-0.31,-0.5,0,0,0,0,0,,0,义乌市黎既电子商务商行（个体工商户）,订单结算
2026-04-23 05:28:49,'2026042305284321404881982131,入账,2.32,聚合账户,货款结算入账,精选联盟,'6925542400406486619,'6925542400406486619,'SS76306666958370452740183,2026-04-12 20:57:08,'3809235146834575749,可爱新春小狗香蕉夹女高马尾扭扭夹红色竖夹高级感2026韩新款发夹,'0,,普通订单,2.58,0,0,0,0,0,0,0,0,0,0,0,-0.13,0,0,0,0,-0.13,0,,0,义乌市黎既电子商务商行（个体工商户）,订单结算
2026-04-23 05:28:49,'2026042305284416618010142131,入账,2.85,聚合账户,货款结算入账,小店自卖,'6925551856845356703,'6925551856845356703,'SS76306666943985589760234,2026-04-12 21:45:46,'3747800080678256720,夏季网红新款小草头上发夹长草可爱超萌碎豆芽夹子头顶搞怪发饰,,,普通订单,2.87,0,0,0,0,0,0,0,0,0,0,0,-0.02,0,0,0,0,0,0,是-商品卡免佣,0.15,义乌市黎既电子商务商行（个体工商户）,订单结算
2026-04-23 05:30:38,'2026042305303513720456092131,入账,2.67,聚合账户,货款结算入账,小店自卖,'6925411337534734057,'6925411337534734057,'SS76306376212835251350107,2026-04-07 21:31:21,'3784368456477049055,韩国气质碎钻满天星抓夹女后脑勺半扎发鲨鱼夹发量少百搭发卡头饰,,,普通订单,2.69,0,0,0,0,0,0,0,0,0,0,0,-0.02,0,0,0,0,0,0,是-商品卡免佣,0.15,义乌市黎既电子商务商行（个体工商户）,订单结算
2026-04-23 05:30:38,'2026042305303435359787582131,入账,2.35,聚合账户,货款结算入账,小店自卖,'6925424221711662310,'6925424221711662310,'SS76288565163801359360124,2026-04-07 16:51:26,'3764487413725004047,秋冬复古链条字母抓夹女小号后脑勺半扎发鲨鱼夹网红新款发饰头饰,,,普通订单,5.36,0,0,0,0,0,0,0,0,0,0,-3,-0.01,0,0,0,0,0,0,是-商品卡免佣,0.07,义乌市黎既电子商务商行（个体工商户）,订单结算
2026-04-23 05:30:38,'2026042305303521436380592131,入账,1.95,聚合账户,货款结算入账,小店自卖,'6952002823192712936,'6952002823192712936,'SS76307548284909696630214,2026-04-12 16:59:12,'3806280662462366067,kitty猫~刘海贴精致可爱甜美少女棉花糖猫兔碎发贴魔术贴无痕发饰,,,普通订单,1.96,0,0,0,0,0,0,0,0,0,0,0,-0.01,0,0,0,0,0,0,是-商品卡免佣,0.07,义乌市黎既电子商务商行（个体工商户）,订单结算
2026-04-23 05:30:38,'2026042305303320775406142131,入账,4.85,聚合账户,货款结算入账,小店自卖,'6952048158758409647,'6952048158758409647,'SS76307248187487362990065,2026-04-13 13:04:57,'3796640026289373330,蝴蝶结鸭嘴夹小香风毛呢爆款发夹后脑勺气质洋气盘发一字夹子,,,普通订单,4.88,0,0,0,0,0,0,0,0,0,0,0,-0.03,0,0,0,0,0,0,是-商品卡免佣,0.22,义乌市黎既电子商务商行（个体工商户）,订单结算
2026-04-23 05:30:38,'2026042305303201189809002131,入账,1.95,聚合账户,货款结算入账,小店自卖,'6925538741339323919,'6925538741339323919,'SS76306632598903851860036,2026-04-12 20:07:47,'3806280662462366067,kitty猫~刘海贴精致可爱甜美少女棉花糖猫兔碎发贴魔术贴无痕发饰,,,普通订单,0.01,0,0,1.95,0,0,0,0,0,0,0,0,-0.01,0,0,0,0,0,0,是-商品卡免佣,0.07,义乌市黎既电子商务商行（个体工商户）,订单结算
2026-04-23 05:30:53,'2026042305305002200581532131,入账,4.85,聚合账户,货款结算入账,小店自卖,'6925567565325172204,'6925567565325172204,'SS76307249399643348750064,2026-04-13 13:57:13,'3782115864158011677,新款大号花朵头发夹子发卡子网红爆款妈妈抓夹女后脑勺盘发鸭嘴夹,,,普通订单,4.88,0,0,0,0,0,0,0,0,0,0,0,-0.03,0,0,0,0,0,0,是-商品卡免佣,0.22,义乌市黎既电子商务商行（个体工商户）,订单结算
2026-04-23 05:30:53,'2026042305305031214968782131,入账,1.62,聚合账户,货款结算入账,小店自卖,'6952011874198755283,'6952011874198755283,'SS76293172180142658650182,2026-04-12 19:14:52,'3683629725827334349,护士帽固定夹子发夹高端精致侧边脑后一字夹侧边日系耳边夹鸭嘴夹,,,普通订单,3.63,0,0,0,0,0,0,0,0,0,0,-2,-0.01,0,0,0,0,0,0,是-商品卡免佣,0.07,义乌市黎既电子商务商行（个体工商户）,订单结算
2026-04-23 05:30:53,'2026042305304926133307342131,入账,4.47,聚合账户,货款结算入账,小店自卖,'6952052617267844890,'6952052617267844890,'SS76307013979734226300176,2026-04-13 11:35:22,'3807763574974186291,气质高级亮黑色大号鲨鱼抓夹女后脑勺时尚发卡巨能抓头饰2026新款,,,普通订单,4.5,0,0,0,0,0,0,0,0,0,0,0,-0.03,0,0,0,0,0,0,是-商品卡免佣,0.22,义乌市黎既电子商务商行（个体工商户）,订单结算
2026-04-23 05:30:53,'2026042305305022653384112131,入账,3.68,聚合账户,货款结算入账,小店自卖,'6925608209163058450,'6925608209163058450,'SS76308208495447907900002,2026-04-14 22:31:42,'3809235146834575749,可爱新春小狗香蕉夹女高马尾扭扭夹红色竖夹高级感2026韩新款发夹,,,普通订单,3.7,0,0,0,0,0,0,0,0,0,0,0,-0.02,0,0,0,0,0,0,是-商品卡免佣,0.15,义乌市黎既电子商务商行（个体工商户）,订单结算
2026-04-23 05:30:53,'2026042305304915779804582131,入账,1.94,聚合账户,货款结算入账,小店自卖,'6925557055056608262,'6925557055056608262,'SS76307553910179438540060,2026-04-13 10:47:28,'3763932675732275215,简约高马尾香蕉夹抓夹女高级感2025新款大号一字扭扭夹发夹发饰夏,,,普通订单,1.95,0,0,0,0,0,0,0,0,0,0,0,-0.01,0,0,0,0,0,0,是-商品卡免佣,0.07,义乌市黎既电子商务商行（个体工商户）,订单结算
2026-04-23 05:31:12,'2026042305310803584166802131,入账,1.95,聚合账户,货款结算入账,小店自卖,'6952013728491050366,'6952013728491050366,'SS76306632216195446100165,2026-04-12 16:55:54,'3806280662462366067,kitty猫~刘海贴精致可爱甜美少女棉花糖猫兔碎发贴魔术贴无痕发饰,,,普通订单,1.96,0,0,0,0,0,0,0,0,0,0,0,-0.01,0,0,0,0,0,0,是-商品卡免佣,0.07,义乌市黎既电子商务商行（个体工商户）,订单结算
2026-04-23 05:31:12,'2026042305310818093509222131,入账,6.99,聚合账户,货款结算入账,小店自卖,'6925563018046307880,'6925563018046307880,'SS76307254928921933070098,2026-04-13 13:23:43,'3750970552504943002,缎面感大肠发圈气质扎头绳女简约丸子头百搭头饰高级清新甜美发绳,,,普通订单,7.03,1.55,0,0,0,0,0,0,0,0,0,0,-0.04,0,0,0,0,0,0,是-商品卡免佣,0.29,义乌市黎既电子商务商行（个体工商户）,订单结算
2026-04-23 05:31:12,'2026042305310920976440822131,入账,4.94,聚合账户,货款结算入账,小店自卖,'6925548752887250511,'6925548752887250511,'SS76306666246394350140230,2026-04-12 18:09:34,'3769870193174642697,2025春夏新款轻奢边夹时尚气质一字发夹女后脑勺扭扭夹女,,,普通订单,4.97,0,0,0,0,0,0,0,0,0,0,0,-0.03,0,0,0,0,0,0,是-商品卡免佣,0.22,义乌市黎既电子商务商行（个体工商户）,订单结算
2026-04-23 05:31:12,'2026042305310702600637532131,入账,3.75,聚合账户,货款结算入账,小店自卖,'6925561913434406227,'6925561913434406227,'SS76307475559582315930232,2026-04-13 14:15:02,'3746150076641313252,网红简约ins纯色宽边发带高颅顶白色发箍女运动健身夏季头饰发饰,,,普通订单,3.77,0.9,0,0,0,0,0,0,0,0,0,0,-0.02,0,0,0,0,0,0,是-商品卡免佣,0.15,义乌市黎既电子商务商行（个体工商户）,订单结算
2026-04-23 05:31:12,'2026042305310724674311782131,入账,4.95,聚合账户,货款结算入账,小店自卖,'6925677745969921817,'6925677745969725209,'SS76307573271922488380144,2026-04-18 13:25:11,'3812573397322432839,新款密齿香蕉韩系法式波点蕾丝蝴蝶结后脑勺盘发发夹发卡马尾发饰,,,普通订单,4.98,0,0,0,0,0,0,0,0,0,0,0,-0.03,0,0,0,0,0,0,是-商品卡免佣,0.22,义乌市黎既电子商务商行（个体工商户）,订单结算
2026-04-23 05:31:41,'2026042305313720856670722131,入账,6.66,聚合账户,货款结算入账,精选联盟,'6952054132732138496,'6952054132732138496,'SS76308170016904645500110,2026-04-14 07:38:39,'3748754542678900840,中国风孔雀盘发器女士古典旗袍发饰丸子懒人高级感饰品优雅发夹,'4503244761990366,阿霞精选,普通订单,7.55,1.15,0,0,0,0,0,0,0,0,0,0,-0.38,-0.51,0,0,0,0,0,,0,义乌市黎既电子商务商行（个体工商户）,订单结算
2026-04-23 05:31:41,'2026042305313714903710912131,入账,2.86,聚合账户,货款结算入账,小店自卖,'6925669049713131081,'6925669049713131081,'SS76307158215603532950166,2026-04-17 12:47:11,'3761395105840365661,高级感水钻满天星发夹女后脑勺盘发神器发卡青蛙夹扭扭夹发卡头饰,,,普通订单,2.88,0,0,0,0,0,0,0,0,0,0,0,-0.02,0,0,0,0,0,0,是-商品卡免佣,0.15,义乌市黎既电子商务商行（个体工商户）,订单结算
2026-04-23 05:31:41,'2026042305313833932582592131,入账,2.15,聚合账户,货款结算入账,小店自卖,'6925560344370970103,'6925560344370970103,'SS76306387105904563630111,2026-04-12 22:06:03,'3806293802847699345,韩式豹纹波点褶皱高级扭扭马尾卡通风香蕉发夹后脑勺显发发卡头饰,,,普通订单,2.16,0,0,0,0,0,0,0,0,0,0,0,-0.01,0,0,0,0,0,0,是-商品卡免佣,0.07,义乌市黎既电子商务商行（个体工商户）,订单结算
2026-04-23 05:31:41,'2026042305313704203976042131,入账,2.43,聚合账户,货款结算入账,精选联盟,'6925551146690509862,'6925551146690509862,'SS76306399009860367990057,2026-04-12 16:48:40,'3784368456477049055,韩国气质碎钻满天星抓夹女后脑勺半扎发鲨鱼夹发量少百搭发卡头饰,'7622866447274394661,婷婷百货甄选,普通订单,2.69,0,0,0,0,0,0,0,0,0,0,0,-0.13,-0.13,0,0,0,0,0,,0,义乌市黎既电子商务商行（个体工商户）,订单结算
2026-04-23 05:34:41,'2026042305343720682511462131,入账,1.94,聚合账户,货款结算入账,小店自卖,'6925545124972494593,'6925545124972494593,'SS76306682302737943560084,2026-04-12 22:54:19,'3763932675732275215,简约高马尾香蕉夹抓夹女高级感2025新款大号一字扭扭夹发夹发饰夏,,,普通订单,1.95,0,0,0,0,0,0,0,0,0,0,0,-0.01,0,0,0,0,0,0,是-商品卡免佣,0.07,义乌市黎既电子商务商行（个体工商户）,订单结算
2026-04-23 05:34:41,'2026042305343721123773702131,入账,4.94,聚合账户,货款结算入账,小店自卖,'6952023380735170389,'6952023380735170389,'SS76306669909448463790060,2026-04-13 08:01:05,'3683590910169448490,新款碎发梳插梳韩版女孩夹子后脑勺刘海整理发夹卡子成年人发头饰,,,普通订单,4.97,0,0,0,0,0,0,0,0,0,0,0,-0.03,0,0,0,0,0,0,是-商品卡免佣,0.22,义乌市黎既电子商务商行（个体工商户）,订单结算
2026-04-23 05:34:41,'2026042305343800002667612131,入账,3.73,聚合账户,货款结算入账,小店自卖,'6952018626022610671,'6952018626022610671,'SS76306667902932628750193,2026-04-12 23:05:43,'3747800080678256720,夏季网红新款小草头上发夹长草可爱超萌碎豆芽夹子头顶搞怪发饰,,,普通订单,3.93,0,0,0,0,0,0,0,0,0,0,0,-0.2,0,0,0,0,0,0,,0,义乌市黎既电子商务商行（个体工商户）,订单结算
2026-04-23 05:34:41,'2026042305343700470103142131,入账,3.75,聚合账户,货款结算入账,小店自卖,'6952017102478972409,'6952017102478972409,'SS76305219263348577710038,2026-04-13 09:51:40,'3746150076641313252,网红简约ins纯色宽边发带高颅顶白色发箍女运动健身夏季头饰发饰,,,普通订单,3.77,0.9,0,0,0,0,0,0,0,0,0,0,-0.02,0,0,0,0,0,0,是-商品卡免佣,0.15,义乌市黎既电子商务商行（个体工商户）,订单结算
2026-04-23 05:34:41,'2026042305343626680369142131,入账,4.66,聚合账户,货款结算入账,小店自卖,'6952023947397043992,'6952023947397043992,'SS76307408222667904380203,2026-04-13 14:48:45,'3755799257366528389,发量少抓夹女半扎发发夹2025新款高级感中号鲨鱼夹后脑勺夹子头饰,,,普通订单,4.69,0,0,0,0,0,0,0,0,0,0,0,-0.03,0,0,0,0,0,0,是-商品卡免佣,0.22,义乌市黎既电子商务商行（个体工商户）,订单结算
2026-04-23 05:34:57,'2026042305345519423403982131,入账,5.71,聚合账户,货款结算入账,小店自卖,'6925554748391325634,'6925554748391325634,'SS76306672881489021900190,2026-04-13 01:30:55,'3673057951649759338,小皮筋小女孩头绳发绳透明多彩小号一次性皮筋儿童橡皮筋发饰扎头,,,普通订单,5.74,1.15,0,0,0,0,0,0,0,0,0,0,-0.03,0,0,0,0,0,0,是-商品卡免佣,0.22,义乌市黎既电子商务商行（个体工商户）,订单结算
2026-04-23 05:34:57,'2026042305345307553518352131,入账,3.75,聚合账户,货款结算入账,小店自卖,'6925550362422967825,'6925550362422967825,'SS76307475611308569940087,2026-04-13 11:14:48,'3746150076641313252,网红简约ins纯色宽边发带高颅顶白色发箍女运动健身夏季头饰发饰,,,普通订单,3.77,0.9,0,0,0,0,0,0,0,0,0,0,-0.02,0,0,0,0,0,0,是-商品卡免佣,0.15,义乌市黎既电子商务商行（个体工商户）,订单结算
2026-04-23 05:34:57,'2026042305345407770322182131,入账,3.81,聚合账户,货款结算入账,小店自卖,'6925560471932206255,'6925560471932206255,'SS76306403731491883780033,2026-04-12 22:50:46,'3784368456477049055,韩国气质碎钻满天星抓夹女后脑勺半扎发鲨鱼夹发量少百搭发卡头饰,,,普通订单,3.83,0,0,0,0,0,0,0,0,0,0,0,-0.02,0,0,0,0,0,0,是-商品卡免佣,0.15,义乌市黎既电子商务商行（个体工商户）,订单结算
2026-04-23 05:34:57,'2026042305345321943465382131,入账,2.67,聚合账户,货款结算入账,小店自卖,'6952043849732658230,'6952043849732658230,'SS76307438151080883580093,2026-04-13 12:28:31,'3784368456477049055,韩国气质碎钻满天星抓夹女后脑勺半扎发鲨鱼夹发量少百搭发卡头饰,,,普通订单,2.69,0,0,0,0,0,0,0,0,0,0,0,-0.02,0,0,0,0,0,0,是-商品卡免佣,0.15,义乌市黎既电子商务商行（个体工商户）,订单结算
2026-04-23 05:34:57,'2026042305345429907687032131,入账,3.78,聚合账户,货款结算入账,小店自卖,'6952030104010036782,'6952030104010036782,'SS76306997831131471880099,2026-04-13 09:15:35,'3673976773902729360,发夹女后脑勺珍珠发卡大号盘发鲨鱼夹韩国ins网红气质头饰抓发夹,,,普通订单,3.8,0.9,0,0,0,0,0,0,0,0,0,0,-0.02,0,0,0,0,0,0,是-商品卡免佣,0.15,义乌市黎既电子商务商行（个体工商户）,订单结算
2026-04-23 05:35:08,'2026042305350529405844542131,入账,1.71,聚合账户,货款结算入账,精选联盟,'6951998251681847140,'6951998251681847140,'SS76306667160666934020012,2026-04-12 20:26:33,'3746529925562237053,满钻星星碎发整理神器隐形碎发梳女儿童固定头发夹子拉拉梳头饰,'95957951689,菲菲优选,普通订单,1.89,0.39,0,0,0,0,0,0,0,0,0,0,-0.01,-0.15,0,0,-0.02,0,0,是-商品卡免佣,0.07,义乌市黎既电子商务商行（个体工商户）,订单结算
2026-04-23 05:35:08,'2026042305350504995855862131,入账,5.31,聚合账户,货款结算入账,小店自卖,'6925548836339416733,'6925548836339416733,'SS76306666477060104030077,2026-04-12 19:12:02,'3766001784691229117,夏天简约随手盘发一字扭扭夹水钻抓夹高级发夹扭扭后脑勺盘发器,,,普通订单,5.34,0,0,0,0,0,0,0,0,0,0,0,-0.03,0,0,0,0,0,0,是-商品卡免佣,0.22,义乌市黎既电子商务商行（个体工商户）,订单结算
2026-04-23 05:35:08,'2026042305350534605962872131,入账,3.59,聚合账户,货款结算入账,小店自卖,'6952036317671331719,'6952036317671331719,'SS76307373697517204910141,2026-04-13 00:28:38,'3766001784691229117,夏天简约随手盘发一字扭扭夹水钻抓夹高级发夹扭扭后脑勺盘发器,,,普通订单,3.61,0.69,0,0,0,0,0,0,0,0,0,0,-0.02,0,0,0,0,0,0,是-商品卡免佣,0.15,义乌市黎既电子商务商行（个体工商户）,订单结算
2026-04-23 05:35:08,'2026042305350432054807422131,入账,2.94,聚合账户,货款结算入账,小店自卖,'6925540727718050882,'6925540727718050882,'SS76306668838356137060000,2026-04-12 22:53:56,'3769870193174642697,2025春夏新款轻奢边夹时尚气质一字发夹女后脑勺扭扭夹女,,,普通订单,2.96,0,0,0,0,0,0,0,0,0,0,0,-0.02,0,0,0,0,0,0,是-商品卡免佣,0.15,义乌市黎既电子商务商行（个体工商户）,订单结算
2026-04-23 05:35:08,'2026042305350419092608272131,入账,2.67,聚合账户,货款结算入账,小店自卖,'6925555483819540337,'6925555483819540337,'SS76306399931445414910065,2026-04-12 19:05:28,'3784368456477049055,韩国气质碎钻满天星抓夹女后脑勺半扎发鲨鱼夹发量少百搭发卡头饰,,,普通订单,2.69,0,0,0,0,0,0,0,0,0,0,0,-0.02,0,0,0,0,0,0,是-商品卡免佣,0.15,义乌市黎既电子商务商行（个体工商户）,订单结算
2026-04-23 05:35:21,'2026042305351811418219582131,入账,5.28,聚合账户,货款结算入账,小店自卖,'6952045374267201241,'6952045374267201241,'SS76307011890379660950105,2026-04-14 07:31:52,'3747800080678256720,夏季网红新款小草头上发夹长草可爱超萌碎豆芽夹子头顶搞怪发饰,,,普通订单,5.56,0,0,0,0,0,0,0,0,0,0,0,-0.28,0,0,0,0,0,0,,0,义乌市黎既电子商务商行（个体工商户）,订单结算
2026-04-23 05:35:21,'2026042305351826864192632131,入账,3.95,聚合账户,货款结算入账,小店自卖,'6952033897964246955,'6952033897964246955,'SS76307326741638518190138,2026-04-12 22:03:51,'3806293802847699345,韩式豹纹波点褶皱高级扭扭马尾卡通风香蕉发夹后脑勺显发发卡头饰,,,普通订单,3.97,0,0,0,0,0,0,0,0,0,0,0,-0.02,0,0,0,0,0,0,是-商品卡免佣,0.15,义乌市黎既电子商务商行（个体工商户）,订单结算
2026-04-23 05:35:21,'2026042305351615691126142131,入账,5.08,聚合账户,货款结算入账,小店自卖,'6925550246419594811,'6925550246419594811,'SS76307474960503442430208,2026-04-13 10:11:57,'3746150076641313252,网红简约ins纯色宽边发带高颅顶白色发箍女运动健身夏季头饰发饰,,,普通订单,5.11,0.9,0,0,0,0,0,0,0,0,0,0,-0.03,0,0,0,0,0,0,是-商品卡免佣,0.22,义乌市黎既电子商务商行（个体工商户）,订单结算
2026-04-23 05:35:21,'2026042305351616834890672131,入账,5.86,聚合账户,货款结算入账,小店自卖,'6952039442284680346,'6952039442284680346,'SS76307411310272026010091,2026-04-13 14:16:30,'3746153916182692087,法式文艺~复古甜美方巾大肠发圈女高级感ins大号高马尾甜妹发饰,,,普通订单,5.9,0,0,0,0,0,0,0,0,0,0,0,-0.04,0,0,0,0,0,0,是-商品卡免佣,0.29,义乌市黎既电子商务商行（个体工商户）,订单结算
2026-04-23 05:35:21,'2026042305351709227635262131,入账,2.94,聚合账户,货款结算入账,小店自卖,'6952018976400283592,'6952018976400283592,'SS76306669878536117820157,2026-04-13 08:07:23,'3807763574974186291,气质高级亮黑色大号鲨鱼抓夹女后脑勺时尚发卡巨能抓头饰2026新款,,,普通订单,2.96,0,0,0,0,0,0,0,0,0,0,0,-0.02,0,0,0,0,0,0,是-商品卡免佣,0.15,义乌市黎既电子商务商行（个体工商户）,订单结算
2026-04-23 05:35:34,'2026042305352836410990142131,入账,3.81,聚合账户,货款结算入账,小店自卖,'6952048002360678161,'6952048002360678161,'SS76307325936122967310157,2026-04-13 11:58:28,'3784368456477049055,韩国气质碎钻满天星抓夹女后脑勺半扎发鲨鱼夹发量少百搭发卡头饰,,,普通订单,3.83,0,0,0,0,0,0,0,0,0,0,0,-0.02,0,0,0,0,0,0,是-商品卡免佣,0.15,义乌市黎既电子商务商行（个体工商户）,订单结算
2026-04-23 05:35:34,'2026042305352939692867072131,入账,4.04,聚合账户,货款结算入账,精选联盟,'6925558543252421718,'6925558543252421718,'SS76306668774500933270020,2026-04-12 23:41:18,'3763932448057065566,磨砂扭扭香蕉夹高马尾大号发夹后脑勺竖夹发卡韩国气质女夹子头饰,'0,,普通订单,4.5,0,0,0,0,0,0,0,0,0,0,0,-0.23,0,0,0,0,-0.23,0,,0,义乌市黎既电子商务商行（个体工商户）,订单结算
2026-04-23 05:35:34,'2026042305353028803243902131,入账,3.14,聚合账户,货款结算入账,小店自卖,'6925554947315629415,'6925554947315629415,'SS76306668234497559670249,2026-04-13 06:41:25,'3796640026289373330,蝴蝶结鸭嘴夹小香风毛呢爆款发夹后脑勺气质洋气盘发一字夹子,,,普通订单,3.16,0,0,0,0,0,0,0,0,0,0,0,-0.02,0,0,0,0,0,0,是-商品卡免佣,0.15,义乌市黎既电子商务商行（个体工商户）,订单结算
2026-04-23 05:35:34,'2026042305353200167818782131,入账,12.15,聚合账户,货款结算入账,小店自卖,'6952021181580383286,'6952021181580383286,'SS76306668852475169470082,2026-04-12 22:51:52,'3673388116573553024,花朵儿童盘发神器新款宝宝丸子头盘发器宝宝扎头神器头饰发饰女孩,,,普通订单,12.22,0.55,0,0,0,0,0,0,0,0,0,0,-0.07,0,0,0,0,0,0,是-商品卡免佣,0.51,义乌市黎既电子商务商行（个体工商户）,订单结算
2026-04-23 05:35:34,'2026042305353027014968822131,入账,8.87,聚合账户,货款结算入账,小店自卖,'6952027878341547251,'6952027878341547251,'SS76306668412038722990002,2026-04-13 01:26:05,'3673388116573553024,花朵儿童盘发神器新款宝宝丸子头盘发器宝宝扎头神器头饰发饰女孩,,,普通订单,8.92,0.55,0,0,0,0,0,0,0,0,0,0,-0.05,0,0,0,0,0,0,是-商品卡免佣,0.37,义乌市黎既电子商务商行（个体工商户）,订单结算
2026-04-23 05:35:34,'2026042305353212750856182131,入账,4.42,聚合账户,货款结算入账,小店自卖,'6952023787978364758,'6952023787978364758,'SS76307050314862761360192,2026-04-13 12:33:14,'3769870038379659571,蓝条纹爱心牛仔三角抓夹女2025新款蕾丝花边鲨鱼夹大号后脑勺发夹,,,普通订单,4.45,0,0,0,0,0,0,0,0,0,0,0,-0.03,0,0,0,0,0,0,是-商品卡免佣,0.22,义乌市黎既电子商务商行（个体工商户）,订单结算
2026-04-23 05:35:34,'2026042305353139147118352131,入账,2.68,聚合账户,货款结算入账,小店自卖,'6925562600593391349,'6925562600593391349,'SS76307002215639288720060,2026-04-13 09:18:36,'3806431274114089028,格纹蝴蝶结头花植绒小熊发圈韩系可爱百搭扎马尾头绳发饰新款发绳,,,普通订单,2.7,0.89,0,0,0,0,0,0,0,0,0,0,-0.02,0,0,0,0,0,0,是-商品卡免佣,0.15,义乌市黎既电子商务商行（个体工商户）,订单结算
2026-04-23 05:35:34,'2026042305353115106219792131,入账,5.99,聚合账户,货款结算入账,小店自卖,'6925558733856669261,'6925558733856669261,'SS76306668623968220160170,2026-04-13 02:04:09,'3766001784691229117,夏天简约随手盘发一字扭扭夹水钻抓夹高级发夹扭扭后脑勺盘发器,,,普通订单,6.03,0.69,0,0,0,0,0,0,0,0,0,0,-0.04,0,0,0,0,0,0,是-商品卡免佣,0.29,义乌市黎既电子商务商行（个体工商户）,订单结算
2026-04-23 05:35:34,'2026042305353125124866832131,入账,4.94,聚合账户,货款结算入账,小店自卖,'6925563027601784736,'6925563027601784736,'SS76307123588807234650015,2026-04-13 13:05:26,'3769870193174642697,2025春夏新款轻奢边夹时尚气质一字发夹女后脑勺扭扭夹女,,,普通订单,4.97,0,0,0,0,0,0,0,0,0,0,0,-0.03,0,0,0,0,0,0,是-商品卡免佣,0.22,义乌市黎既电子商务商行（个体工商户）,订单结算
2026-04-23 05:35:34,'2026042305353025557242972131,入账,5.31,聚合账户,货款结算入账,小店自卖,'6952018344138381272,'6952018344138381272,'SS76306667677116992520073,2026-04-12 20:45:44,'3766001784691229117,夏天简约随手盘发一字扭扭夹水钻抓夹高级发夹扭扭后脑勺盘发器,,,普通订单,3.34,0,0,0,0,0,0,0,0,2,0,0,-0.03,0,0,0,0,0,0,是-商品卡免佣,0.22,义乌市黎既电子商务商行（个体工商户）,订单结算
2026-04-23 05:35:52,'2026042305354826980687452131,入账,2.56,聚合账户,货款结算入账,小店自卖,'6925560707369565432,'6925560707369565432,'SS76306668157232745360175,2026-04-13 00:17:46,'3809235146834575749,可爱新春小狗香蕉夹女高马尾扭扭夹红色竖夹高级感2026韩新款发夹,,,普通订单,2.58,0,0,0,0,0,0,0,0,0,0,0,-0.02,0,0,0,0,0,0,是-商品卡免佣,0.15,义乌市黎既电子商务商行（个体工商户）,订单结算
2026-04-23 05:35:52,'2026042305354816237040792131,入账,7.7,聚合账户,货款结算入账,小店自卖,'6951855536035206399,'6951855536035206399,'SS76307596730248770710061,2026-04-06 15:02:53,'3796640026289373330,蝴蝶结鸭嘴夹小香风毛呢爆款发夹后脑勺气质洋气盘发一字夹子,,,普通订单,7.75,0,0,0,0,0,0,0,0,0,0,0,-0.05,0,0,0,0,0,0,是-商品卡免佣,0.37,义乌市黎既电子商务商行（个体工商户）,订单结算
2026-04-23 05:35:52,'2026042305354812355220882131,入账,2.22,聚合账户,货款结算入账,小店自卖,'6952025756006946544,'6952025756006946544,'SS76306998389475581950063,2026-04-13 11:01:11,'3677561914218643751,发饰交叉抓夹大号发夹新款盘发卡头饰女简约气质鲨鱼夹后脑勺发爪,,,普通订单,2.23,1.15,0,0,0,0,0,0,0,0,0,0,-0.01,0,0,0,0,0,0,是-商品卡免佣,0.07,义乌市黎既电子商务商行（个体工商户）,订单结算
2026-04-23 05:35:52,'2026042305354733731917302131,入账,4.2,聚合账户,货款结算入账,小店自卖,'6925546804544961803,'6925546804544961803,'SS76306667170404275720249,2026-04-12 21:04:39,'3766001784691229117,夏天简约随手盘发一字扭扭夹水钻抓夹高级发夹扭扭后脑勺盘发器,,,普通订单,4.23,0,0,0,0,0,0,0,0,0,0,0,-0.03,0,0,0,0,0,0,是-商品卡免佣,0.22,义乌市黎既电子商务商行（个体工商户）,订单结算
2026-04-23 05:35:52,'2026042305354806929456642131,入账,7.81,聚合账户,货款结算入账,小店自卖,'6952016687073531282,'6952016687073531282,'SS76306668750153037160191,2026-04-12 23:52:33,'3673976773902729360,发夹女后脑勺珍珠发卡大号盘发鲨鱼夹韩国ins网红气质头饰抓发夹,,,普通订单,7.86,0.9,0,0,0,0,0,0,0,0,0,0,-0.05,0,0,0,0,0,0,是-商品卡免佣,0.37,义乌市黎既电子商务商行（个体工商户）,订单结算
2026-04-23 05:36:07,'2026042305360331591306742131,入账,5.51,聚合账户,货款结算入账,小店自卖,'6925552136639970703,'6925552136639970703,'SS76306668970343145470096,2026-04-12 23:07:00,'3751345399902896376,儿童发饰后脑勺碎发神器发梳女童刘海插梳整理发卡网红发夹头饰女,,,普通订单,5.54,0.55,0,0,0,0,0,0,0,0,0,0,-0.03,0,0,0,0,0,0,是-商品卡免佣,0.22,义乌市黎既电子商务商行（个体工商户）,订单结算
2026-04-23 05:36:07,'2026042305360136081997312131,入账,2.67,聚合账户,货款结算入账,小店自卖,'6925538757918752636,'6925538757918752636,'SS76307325023822646260036,2026-04-12 20:25:15,'3784368456477049055,韩国气质碎钻满天星抓夹女后脑勺半扎发鲨鱼夹发量少百搭发卡头饰,,,普通订单,2.69,0,0,0,0,0,0,0,0,0,0,0,-0.02,0,0,0,0,0,0,是-商品卡免佣,0.15,义乌市黎既电子商务商行（个体工商户）,订单结算
2026-04-23 05:36:07,'2026042305360211389384202131,入账,7.57,聚合账户,货款结算入账,小店自卖,'6952028116636866447,'6952028116636866447,'SS76307411394609323620034,2026-04-13 09:06:34,'3808310755862905178,春夏复古ins风~彩虹格子蝴蝶结大肠头绳发圈丸子2026马尾发绳新款,,,普通订单,7.62,0,0,0,0,0,0,0,0,0,0,0,-0.05,0,0,0,0,0,0,是-商品卡免佣,0.37,义乌市黎既电子商务商行（个体工商户）,订单结算
2026-04-23 05:36:07,'2026042305360307062000792131,入账,3.14,聚合账户,货款结算入账,小店自卖,'6952135130770380329,'6952135130770380329,'SS76307655777614935300132,2026-04-17 17:01:59,'3796640026289373330,蝴蝶结鸭嘴夹小香风毛呢爆款发夹后脑勺气质洋气盘发一字夹子,,,普通订单,3.16,0,0,0,0,0,0,0,0,0,0,0,-0.02,0,0,0,0,0,0,是-商品卡免佣,0.15,义乌市黎既电子商务商行（个体工商户）,订单结算
2026-04-23 05:36:07,'2026042305360300725650302131,入账,2.67,聚合账户,货款结算入账,小店自卖,'6925552107904794463,'6925552107904794463,'SS76306401253795110830193,2026-04-12 23:06:52,'3784368456477049055,韩国气质碎钻满天星抓夹女后脑勺半扎发鲨鱼夹发量少百搭发卡头饰,,,普通订单,2.69,0,0,0,0,0,0,0,0,0,0,0,-0.02,0,0,0,0,0,0,是-商品卡免佣,0.15,义乌市黎既电子商务商行（个体工商户）,订单结算
2026-04-23 05:36:22,'2026042305361923406190502131,入账,10.88,聚合账户,货款结算入账,小店自卖,'6952027142545544738,'6952027142545544738,'SS76307364623591183880242,2026-04-12 19:05:58,'3796640026289373330,蝴蝶结鸭嘴夹小香风毛呢爆款发夹后脑勺气质洋气盘发一字夹子,,,普通订单,10.95,0,0,0,0,0,0,0,0,0,0,0,-0.07,0,0,0,0,0,0,是-商品卡免佣,0.51,义乌市黎既电子商务商行（个体工商户）,订单结算
2026-04-23 05:36:22,'2026042305361913883968192131,入账,4.3,聚合账户,货款结算入账,小店自卖,'6952020633215636639,'6952020633215636639,'SS76306666570941729370068,2026-04-12 18:39:15,'3809244604360950222,2026年上新轻奢高级一字夹水钻发夹鸭嘴夹刘海侧边夹精致少女头饰,,,普通订单,4.33,0,0,0,0,0,0,0,0,0,0,0,-0.03,0,0,0,0,0,0,是-商品卡免佣,0.22,义乌市黎既电子商务商行（个体工商户）,订单结算
2026-04-23 05:36:22,'2026042305361730880079722131,入账,3.02,聚合账户,货款结算入账,精选联盟,'6925546705332895185,'6925546705332895185,'SS76306609547284324250042,2026-04-12 20:52:42,'3806839693081969009,春夏简约随手盘发高级发夹一字扭扭夹水钻抓夹扭扭后脑勺盘发器,'0,,普通订单,3.36,0,0,0,0,0,0,0,0,0,0,0,-0.17,0,0,0,0,-0.17,0,,0,义乌市黎既电子商务商行（个体工商户）,订单结算
2026-04-23 05:36:22,'2026042305361904749931712131,入账,7.7,聚合账户,货款结算入账,小店自卖,'6925545671412973032,'6925545671412973032,'SS76306669099058140430238,2026-04-13 08:10:16,'3796640026289373330,蝴蝶结鸭嘴夹小香风毛呢爆款发夹后脑勺气质洋气盘发一字夹子,,,普通订单,7.75,0,0,0,0,0,0,0,0,0,0,0,-0.05,0,0,0,0,0,0,是-商品卡免佣,0.37,义乌市黎既电子商务商行（个体工商户）,订单结算
2026-04-23 05:36:22,'2026042305361823539389872131,入账,10.88,聚合账户,货款结算入账,小店自卖,'6952165636605679394,'6952165636605679394,'SS76307843213096389220031,2026-04-18 22:44:11,'3796640026289373330,蝴蝶结鸭嘴夹小香风毛呢爆款发夹后脑勺气质洋气盘发一字夹子,,,普通订单,10.95,0,0,0,0,0,0,0,0,0,0,0,-0.07,0,0,0,0,0,0,是-商品卡免佣,0.51,义乌市黎既电子商务商行（个体工商户）,订单结算
2026-04-23 05:36:34,'2026042305362928868447132131,入账,3.46,聚合账户,货款结算入账,小店自卖,'6925550151483489751,'6925550151483489751,'SS76307002513426519390114,2026-04-13 09:31:24,'3763604235179130936,夏季新款镶钻一字夹高端感抓夹女网红后脑勺懒人夹盘发夹大鸭嘴夹,,,普通订单,3.48,0,0,0,0,0,0,0,0,0,0,0,-0.02,0,0,0,0,0,0,是-商品卡免佣,0.15,义乌市黎既电子商务商行（个体工商户）,订单结算
2026-04-23 05:36:34,'2026042305363136670676902131,入账,6.97,聚合账户,货款结算入账,小店自卖,'6925551169376255231,'6925551169376255231,'SS76306666573729674760104,2026-04-12 17:04:55,'3746537843460276460,简约高颜值透明发抓后脑勺发抓女超仙夏日甜系2025新款高级鲨鱼夹,,,普通订单,7.01,1.15,0,0,0,0,0,0,0,0,0,0,-0.04,0,0,0,0,0,0,是-商品卡免佣,0.29,义乌市黎既电子商务商行（个体工商户）,订单结算
2026-04-23 05:36:34,'2026042305363131346898282131,入账,5.16,聚合账户,货款结算入账,精选联盟,'6925564896214547756,'6925564896214547756,'SS76307002347224273920122,2026-04-13 11:08:49,'3800133155571237294,新款儿童可爱碎发梳女童新款夏天卡通碎发夹整理神器发卡女孩发饰,,,普通订单,5.43,0,0,0,0,0,0,0,0,0,0,0,-0.27,0,0,0,0,0,0,,0,义乌市黎既电子商务商行（个体工商户）,订单结算
2026-04-23 05:36:34,'2026042305363211032993342131,入账,2.84,聚合账户,货款结算入账,小店自卖,'6952018697008977731,'6952018697008977731,'SS76306668194056277110004,2026-04-13 00:24:23,'3764317339412201667,气质简约珠珠发夹女夏季新款高级感盘发扭扭夹子后脑勺一字夹发饰,,,普通订单,2.86,0,0,0,0,0,0,0,0,0,0,0,-0.02,0,0,0,0,0,0,是-商品卡免佣,0.15,义乌市黎既电子商务商行（个体工商户）,订单结算
2026-04-23 05:36:34,'2026042305363031345057642131,入账,15.23,聚合账户,货款结算入账,小店自卖,'6952021683051763599,'6952021683051763599,'SS76306791544003958170178,2026-04-13 09:05:18,'3757678157491208600,夏季简约醋酸发夹边夹侧边碎发刘海夹女2025新款ins前额bb夹头饰,,,普通订单,15.32,0,0,0,0,0,0,0,0,0,0,0,-0.09,0,0,0,0,0,0,是-商品卡免佣,0.66,义乌市黎既电子商务商行（个体工商户）,订单结算
2026-04-23 05:41:12,'2026042305410806258527242131,入账,3.7,聚合账户,货款结算入账,小店自卖,'6952022949657384200,'6952022949657384200,'SS76306668405825380470060,2026-04-12 22:29:49,'3744273223211155832,春夏花朵少女发夹bb边夹侧边氛围感拍照刘海夹前额发卡碎发夹发饰,,,普通订单,0.56,0.55,0,3.16,0,0,0,0,0,0,0,0,-0.02,0,0,0,0,0,0,是-商品卡免佣,0.15,义乌市黎既电子商务商行（个体工商户）,订单结算
2026-04-23 05:41:12,'2026042305410732353815232131,入账,3.61,聚合账户,货款结算入账,小店自卖,'6925554967568809759,'6925554967568809759,'SS76306669952266411930245,2026-04-13 07:37:52,'3753581194512565139,粉色绣花新款唯美小女孩碎发刘海夹子头饰儿童氛围感爱心bb夹侧边,,,普通订单,3.63,0,0,0,0,0,0,0,0,0,0,0,-0.02,0,0,0,0,0,0,是-商品卡免佣,0.15,义乌市黎既电子商务商行（个体工商户）,订单结算
2026-04-23 05:41:12,'2026042305410920140242552131,入账,2.67,聚合账户,货款结算入账,小店自卖,'6925558506086038716,'6925558506086038716,'SS76306401290616840040124,2026-04-12 23:15:59,'3784368456477049055,韩国气质碎钻满天星抓夹女后脑勺半扎发鲨鱼夹发量少百搭发卡头饰,,,普通订单,2.69,0,0,0,0,0,0,0,0,0,0,0,-0.02,0,0,0,0,0,0,是-商品卡免佣,0.15,义乌市黎既电子商务商行（个体工商户）,订单结算
2026-04-23 05:41:12,'2026042305410820010316992131,入账,2.32,聚合账户,货款结算入账,精选联盟,'6925552234717806317,'6925552234717806317,'SS76306668833942902020245,2026-04-12 23:51:40,'3809235146834575749,可爱新春小狗香蕉夹女高马尾扭扭夹红色竖夹高级感2026韩新款发夹,'0,,普通订单,1.73,0,0,0.85,0,0,0,0,0,0,0,0,-0.13,0,0,0,0,-0.13,0,,0,义乌市黎既电子商务商行（个体工商户）,订单结算
2026-04-23 05:41:12,'2026042305410806431706002131,入账,2.43,聚合账户,货款结算入账,精选联盟,'6952014242493437697,'6952014242493437697,'SS76306401100355015680071,2026-04-12 22:32:20,'3784368456477049055,韩国气质碎钻满天星抓夹女后脑勺半扎发鲨鱼夹发量少百搭发卡头饰,'0,,普通订单,1.69,0,0,1,0,0,0,0,0,0,0,0,-0.13,0,0,0,0,-0.13,0,,0,义乌市黎既电子商务商行（个体工商户）,订单结算
2026-04-23 05:41:36,'2026042305413301524703232131,入账,1.72,聚合账户,货款结算入账,小店自卖,'6925435918437809338,'6925435918437809338,'SS76307000840613895770200,2026-04-08 10:37:49,'3744270820160176625,花朵少女发夹bb边夹侧边氛围感拍照刘海夹前额发卡春天头饰发饰,,,普通订单,0.01,0,0,1.72,0,0,0,0,0,0,0,0,-0.01,0,0,0,0,0,0,是-商品卡免佣,0.07,义乌市黎既电子商务商行（个体工商户）,订单结算
2026-04-23 05:41:36,'2026042305413300006889062131,入账,4.97,聚合账户,货款结算入账,小店自卖,'6952045947765920978,'6952045947765920978,'SS76307002183337620860085,2026-04-13 11:57:13,'3673424694561865791,薄款牛油果绿系列小丝巾缠包模特搭配装饰品扎头发绑发飘带发带,,,普通订单,5,1.55,0,0,0,0,0,0,0,0,0,0,-0.03,0,0,0,0,0,0,是-商品卡免佣,0.22,义乌市黎既电子商务商行（个体工商户）,订单结算
2026-04-23 05:41:36,'2026042305413318795405262131,入账,2.43,聚合账户,货款结算入账,精选联盟,'6952012310458931142,'6952012310458931142,'SS76306401207609761790170,2026-04-12 22:49:17,'3784368456477049055,韩国气质碎钻满天星抓夹女后脑勺半扎发鲨鱼夹发量少百搭发卡头饰,'0,,普通订单,0.01,0,0,2.68,0,0,0,0,0,0,0,0,-0.13,0,0,0,0,-0.13,0,,0,义乌市黎既电子商务商行（个体工商户）,订单结算
2026-04-23 05:41:36,'2026042305413031091597182131,入账,2.43,聚合账户,货款结算入账,精选联盟,'6925565265606376483,'6925565265606376483,'SS76307438967172142420003,2026-04-13 14:32:42,'3784368456477049055,韩国气质碎钻满天星抓夹女后脑勺半扎发鲨鱼夹发量少百搭发卡头饰,'0,,普通订单,0.01,0,0,2.68,0,0,0,0,0,0,0,0,-0.13,0,0,0,0,-0.13,0,,0,义乌市黎既电子商务商行（个体工商户）,订单结算
2026-04-23 05:41:36,'2026042305413117689646542131,入账,4.6,聚合账户,货款结算入账,小店自卖,'6925552672428752391,'6925552672428752391,'SS76306669242563343700190,2026-04-13 08:35:16,'3761395105840365661,高级感水钻满天星发夹女后脑勺盘发神器发卡青蛙夹扭扭夹发卡头饰,,,普通订单,4.63,0,0,0,0,0,0,0,0,0,0,0,-0.03,0,0,0,0,0,0,是-商品卡免佣,0.22,义乌市黎既电子商务商行（个体工商户）,订单结算
2026-04-23 05:41:50,'2026042305414538601039462131,入账,3.75,聚合账户,货款结算入账,小店自卖,'6925561968215818041,'6925561968215818041,'SS76307475690015831420056,2026-04-13 14:14:56,'3746150076641313252,网红简约ins纯色宽边发带高颅顶白色发箍女运动健身夏季头饰发饰,,,普通订单,3.77,0.9,0,0,0,0,0,0,0,0,0,0,-0.02,0,0,0,0,0,0,是-商品卡免佣,0.15,义乌市黎既电子商务商行（个体工商户）,订单结算
2026-04-23 05:41:50,'2026042305414712051297792131,入账,2.67,聚合账户,货款结算入账,小店自卖,'6925549090020229048,'6925549090020229048,'SS76306400170198021270037,2026-04-12 20:46:33,'3784368456477049055,韩国气质碎钻满天星抓夹女后脑勺半扎发鲨鱼夹发量少百搭发卡头饰,,,普通订单,2.69,0,0,0,0,0,0,0,0,0,0,0,-0.02,0,0,0,0,0,0,是-商品卡免佣,0.15,义乌市黎既电子商务商行（个体工商户）,订单结算
2026-04-23 05:41:50,'2026042305414701469650112131,入账,5.71,聚合账户,货款结算入账,小店自卖,'6952007410293872427,'6952007410293872427,'SS76306672885096292350043,2026-04-12 21:25:44,'3673057951649759338,小皮筋小女孩头绳发绳透明多彩小号一次性皮筋儿童橡皮筋发饰扎头,,,普通订单,5.74,1.15,0,0,0,0,0,0,0,0,0,0,-0.03,0,0,0,0,0,0,是-商品卡免佣,0.22,义乌市黎既电子商务商行（个体工商户）,订单结算
2026-04-23 05:41:50,'2026042305414713761912742131,入账,4.6,聚合账户,货款结算入账,小店自卖,'6952130681866688070,'6952130681866688070,'SS76307184951234731620239,2026-04-16 14:27:15,'3761395105840365661,高级感水钻满天星发夹女后脑勺盘发神器发卡青蛙夹扭扭夹发卡头饰,,,普通订单,4.63,0,0,0,0,0,0,0,0,0,0,0,-0.03,0,0,0,0,0,0,是-商品卡免佣,0.22,义乌市黎既电子商务商行（个体工商户）,订单结算
2026-04-23 05:41:50,'2026042305414725930306652131,入账,3.95,聚合账户,货款结算入账,小店自卖,'6925692061733453153,'6925692061733453153,'SS76308622816178348030094,2026-04-19 00:24:01,'3806293802847699345,韩式豹纹波点褶皱高级扭扭马尾卡通风香蕉发夹后脑勺显发发卡头饰,,,普通订单,0.01,0,0,3.96,0,0,0,0,0,0,0,0,-0.02,0,0,0,0,0,0,是-商品卡免佣,0.15,义乌市黎既电子商务商行（个体工商户）,订单结算
2026-04-23 05:42:02,'2026042305415817208773632131,入账,6.79,聚合账户,货款结算入账,小店自卖,'6925557002688429363,'6925557002688429363,'SS76307000856344007830237,2026-04-13 10:37:56,'3780082450697421216,时尚优雅布艺发饰仙女碎花大蝴蝶结飘带抓夹女后脑勺鲨鱼夹子发饰,,,普通订单,6.83,0.3,0,0,0,0,0,0,0,0,0,0,-0.04,0,0,0,0,0,0,是-商品卡免佣,0.29,义乌市黎既电子商务商行（个体工商户）,订单结算
2026-04-23 05:42:02,'2026042305415821406725482131,入账,2.81,聚合账户,货款结算入账,小店自卖,'6952002715922273997,'6952002715922273997,'SS76306662693724654710072,2026-04-12 15:33:19,'3748359208102395922,秋冬宽边2025新款压发洗脸发卡高级时尚洋气头箍上班族元气发饰女,,,普通订单,0.01,0,0,2.95,0,0,0,0,0,0,0,0,-0.15,0,0,0,0,0,0,,0,义乌市黎既电子商务商行（个体工商户）,订单结算
2026-04-23 05:42:02,'2026042305415803880230762131,入账,8.38,聚合账户,货款结算入账,小店自卖,'6952031465666057849,'6952031465666057849,'SS76306667255710845870247,2026-04-12 20:14:41,'3806817990763217240,整理神器~可爱蝴蝶结小猫无痕刘海贴魔术贴发饰女前额侧边碎发贴,,,普通订单,8.43,0,0,0,0,0,0,0,0,0,0,0,-0.05,0,0,0,0,0,0,是-商品卡免佣,0.37,义乌市黎既电子商务商行（个体工商户）,订单结算
2026-04-23 05:42:02,'2026042305415925418145472131,入账,2.26,聚合账户,货款结算入账,小店自卖,'6951998258419012653,'6951998258419012653,'SS76306393943079326780044,2026-04-12 19:44:11,'3782115499152900523,复古豹纹波点褶皱香蕉夹女高级感马尾扭扭竖夹后脑勺显发量发卡,,,普通订单,2.27,0,0,0,0,0,0,0,0,0,0,0,-0.01,0,0,0,0,0,0,是-商品卡免佣,0.07,义乌市黎既电子商务商行（个体工商户）,订单结算
2026-04-23 05:42:02,'2026042305415916668636672131,入账,5.31,聚合账户,货款结算入账,小店自卖,'6925552275111378433,'6925552275111378433,'SS76307228090791900250036,2026-04-12 23:50:01,'3766001784691229117,夏天简约随手盘发一字扭扭夹水钻抓夹高级发夹扭扭后脑勺盘发器,,,普通订单,5.34,0,0,0,0,0,0,0,0,0,0,0,-0.03,0,0,0,0,0,0,是-商品卡免佣,0.22,义乌市黎既电子商务商行（个体工商户）,订单结算
2026-04-23 05:42:15,'2026042305420931006072742131,入账,4.22,聚合账户,货款结算入账,小店自卖,'6952020817386018432,'6952020817386018432,'SS76306635049572602940163,2026-04-12 20:35:50,'3787171843883008279,可爱白色米菲兔毛绒卡通发帖刘海贴甜美少女讹钱无痕魔术贴发饰,,,普通订单,4.25,0.45,0,0,0,0,0,0,0,0,0,0,-0.03,0,0,0,0,0,0,是-商品卡免佣,0.22,义乌市黎既电子商务商行（个体工商户）,订单结算
2026-04-23 05:42:15,'2026042305421102863111942131,入账,2.56,聚合账户,货款结算入账,小店自卖,'6925615292608052366,'6925615292608052366,'SS76307967080040696700159,2026-04-15 16:20:00,'3809235146834575749,可爱新春小狗香蕉夹女高马尾扭扭夹红色竖夹高级感2026韩新款发夹,,,普通订单,2.58,0,0,0,0,0,0,0,0,0,0,0,-0.02,0,0,0,0,0,0,是-商品卡免佣,0.15,义乌市黎既电子商务商行（个体工商户）,订单结算
2026-04-23 05:42:15,'2026042305421032017946232131,入账,2.56,聚合账户,货款结算入账,小店自卖,'6952023896604022417,'6952023896604022417,'SS76307369995314140220050,2026-04-13 14:26:39,'3809235146834575749,可爱新春小狗香蕉夹女高马尾扭扭夹红色竖夹高级感2026韩新款发夹,,,普通订单,0.01,0,0,2.57,0,0,0,0,0,0,0,0,-0.02,0,0,0,0,0,0,是-商品卡免佣,0.15,义乌市黎既电子商务商行（个体工商户）,订单结算
2026-04-23 05:42:15,'2026042305421216210332792131,入账,2.43,聚合账户,货款结算入账,精选联盟,'6952023549512324797,'6952023549512324797,'SS76307438028859970910194,2026-04-13 10:19:26,'3784368456477049055,韩国气质碎钻满天星抓夹女后脑勺半扎发鲨鱼夹发量少百搭发卡头饰,'0,,普通订单,0.01,0,0,2.68,0,0,0,0,0,0,0,0,-0.13,0,0,0,0,-0.13,0,,0,义乌市黎既电子商务商行（个体工商户）,订单结算
2026-04-23 05:42:15,'2026042305421221140280682131,入账,3.75,聚合账户,货款结算入账,小店自卖,'6952014659179321186,'6952014659179321186,'SS76306663930394752460122,2026-04-13 07:57:11,'3746150076641313252,网红简约ins纯色宽边发带高颅顶白色发箍女运动健身夏季头饰发饰,,,普通订单,3.77,0.9,0,0,0,0,0,0,0,0,0,0,-0.02,0,0,0,0,0,0,是-商品卡免佣,0.15,义乌市黎既电子商务商行（个体工商户）,订单结算
2026-04-23 05:42:29,'2026042305422625215022342131,入账,4.32,聚合账户,货款结算入账,小店自卖,'6925550263560666598,'6925550263560666598,'SS76306791886306189210126,2026-04-13 10:27:12,'3750791789322306375,刘海夹前额洋气闪钻轻奢植绒复古夹子双层侧边夹碎发整理夹子女,,,普通订单,4.35,0.45,0,0,0,0,0,0,0,0,0,0,-0.03,0,0,0,0,0,0,是-商品卡免佣,0.22,义乌市黎既电子商务商行（个体工商户）,订单结算
2026-04-23 05:42:29,'2026042305422505296786192131,入账,2.86,聚合账户,货款结算入账,小店自卖,'6952016042591982664,'6952016042591982664,'SS76306666113934464430025,2026-04-12 18:21:54,'3761395105840365661,高级感水钻满天星发夹女后脑勺盘发神器发卡青蛙夹扭扭夹发卡头饰,,,普通订单,2.88,0,0,0,0,0,0,0,0,0,0,0,-0.02,0,0,0,0,0,0,是-商品卡免佣,0.15,义乌市黎既电子商务商行（个体工商户）,订单结算
2026-04-23 05:42:29,'2026042305422529870169702131,入账,1.91,聚合账户,货款结算入账,小店自卖,'6952025892897952860,'6952025892897952860,'SS76307050100345943560004,2026-04-13 12:32:20,'3776769690882408946,简约三角形头发抓夹高级鲨鱼夹2025秋冬新款发夹后脑勺盘发夹子女,,,普通订单,1.92,0,0,0,0,0,0,0,0,0,0,0,-0.01,0,0,0,0,0,0,是-商品卡免佣,0.07,义乌市黎既电子商务商行（个体工商户）,订单结算
2026-04-23 05:42:29,'2026042305422514976988622131,入账,3.75,聚合账户,货款结算入账,小店自卖,'6925533700188568904,'6925533700188568904,'SS76306662951634045500112,2026-04-12 15:28:28,'3746150076641313252,网红简约ins纯色宽边发带高颅顶白色发箍女运动健身夏季头饰发饰,,,普通订单,3.77,0.9,0,0,0,0,0,0,0,0,0,0,-0.02,0,0,0,0,0,0,是-商品卡免佣,0.15,义乌市黎既电子商务商行（个体工商户）,订单结算
2026-04-23 05:42:29,'2026042305422434309414902131,入账,2.43,聚合账户,货款结算入账,精选联盟,'6925557573547556658,'6925557573547556658,'SS76307439228931773940060,2026-04-13 14:23:31,'3784368456477049055,韩国气质碎钻满天星抓夹女后脑勺半扎发鲨鱼夹发量少百搭发卡头饰,'0,,普通订单,0.01,0,0,2.68,0,0,0,0,0,0,0,0,-0.13,0,0,0,0,-0.13,0,,0,义乌市黎既电子商务商行（个体工商户）,订单结算
2026-04-23 05:42:43,'2026042305423929530035832131,入账,19.64,聚合账户,货款结算入账,小店自卖,'6952029593005003826,'6952029593005003826,'SS76306668290118618020230,2026-04-12 22:33:09,'3673424694561865791,薄款牛油果绿系列小丝巾缠包模特搭配装饰品扎头发绑发飘带发带,,,普通订单,20.67,1.55,0,0,0,0,0,0,0,0,0,0,-1.03,0,0,0,0,0,0,,0,义乌市黎既电子商务商行（个体工商户）,订单结算
2026-04-23 05:42:43,'2026042305423832267023742131,入账,4.84,聚合账户,货款结算入账,精选联盟,'6925560223173541628,'6925560223173541628,'SS76306667828901972750235,2026-04-12 21:35:19,'3677505925100470553,宝宝碎发神器女儿童发卡后脑勺隐形倒插梳整理刘海碎发梳女童发夹,'1541939015455411,金姐好物,普通订单,5.56,0,0,0,0,0,0,0,0,0,0,0,-0.28,-0.44,0,0,0,0,0,,0,义乌市黎既电子商务商行（个体工商户）,订单结算
2026-04-23 05:42:43,'2026042305423927392619942131,入账,8.43,聚合账户,货款结算入账,小店自卖,'6952005024455333183,'6952005024455333183,'SS76306666356797120260148,2026-04-12 18:37:28,'3757470787913777369,小女孩卡通盘发杆盘发器儿童公主丸子头盘发神器女童,,,普通订单,8.48,0,0,0,0,0,0,0,0,0,0,0,-0.05,0,0,0,0,0,0,是-商品卡免佣,0.37,义乌市黎既电子商务商行（个体工商户）,订单结算
2026-04-23 05:42:43,'2026042305423713350344192131,入账,2.17,聚合账户,货款结算入账,小店自卖,'6925602143398559497,'6925602143398559497,'SS76307819085033638460155,2026-04-15 10:35:03,'3811471952867099104,圆形银色金属仿钻小发扣前额刘海发夹侧边碎发夹小号发卡夹子头饰,,,普通订单,0.18,0,0,2,0,0,0,0,0,0,0,0,-0.01,0,0,0,0,0,0,是-商品卡免佣,0.07,义乌市黎既电子商务商行（个体工商户）,订单结算
2026-04-23 05:46:50,'2026042305464417330836842131,入账,2.81,聚合账户,货款结算入账,小店自卖,'6925685175979441521,'6925685175979441521,'SS76306701739097300910242,2026-04-18 02:10:34,'3790878995596312771,韩系黑色波点布艺褶皱高马尾香蕉夹竖夹新款豹纹发夹气质百搭发饰,,,普通订单,2.83,0.39,0,0,0,0,0,0,0,0,0,0,-0.02,0,0,0,0,0,0,是-商品卡免佣,0.15,义乌市黎既电子商务商行（个体工商户）,订单结算
2026-04-23 05:46:50,'2026042305464634149507102131,入账,4.85,聚合账户,货款结算入账,小店自卖,'6925609664477166984,'6925609664477166984,'SS76306261094586783070200,2026-04-15 00:45:23,'3796640026289373330,蝴蝶结鸭嘴夹小香风毛呢爆款发夹后脑勺气质洋气盘发一字夹子,,,普通订单,4.88,0,0,0,0,0,0,0,0,0,0,0,-0.03,0,0,0,0,0,0,是-商品卡免佣,0.22,义乌市黎既电子商务商行（个体工商户）,订单结算
2026-04-23 05:46:51,'2026042305464600000988582131,入账,5.65,聚合账户,货款结算入账,小店自卖,'6925667469505232709,'6925667469505232709,'SS76307048076950082710141,2026-04-17 21:21:22,'3807725137097261227,韩系宽边发箍绒面女2026新款压发洗脸发卡高级感时尚百搭头箍发饰,,,普通订单,5.68,0,0,0,0,0,0,0,0,0,0,0,-0.03,0,0,0,0,0,0,是-商品卡免佣,0.22,义乌市黎既电子商务商行（个体工商户）,订单结算
2026-04-23 05:46:51,'2026042305464609357931942131,入账,3.68,聚合账户,货款结算入账,小店自卖,'6925679118961246173,'6925679118961246173,'SS76308623176677463500066,2026-04-18 00:28:39,'3809235146834575749,可爱新春小狗香蕉夹女高马尾扭扭夹红色竖夹高级感2026韩新款发夹,,,普通订单,3.7,0,0,0,0,0,0,0,0,0,0,0,-0.02,0,0,0,0,0,0,是-商品卡免佣,0.15,义乌市黎既电子商务商行（个体工商户）,订单结算
2026-04-23 05:46:51,'2026042305464339563266752131,入账,2.65,聚合账户,货款结算入账,小店自卖,'6925594321107123504,'6925594321107123504,'SS76307878698273715470193,2026-04-14 20:46:14,'3766001784691229117,夏天简约随手盘发一字扭扭夹水钻抓夹高级发夹扭扭后脑勺盘发器,,,普通订单,2.67,0.69,0,0,0,0,0,0,0,0,0,0,-0.02,0,0,0,0,0,0,是-商品卡免佣,0.15,义乌市黎既电子商务商行（个体工商户）,订单结算
2026-04-23 05:47:09,'2026042305470521482255622131,入账,2.82,聚合账户,货款结算入账,精选联盟,'6952103168064427795,'6952103168064427795,'SS76306281425562668030086,2026-04-15 21:10:52,'3746529925562237053,满钻星星碎发整理神器隐形碎发梳女儿童固定头发夹子拉拉梳头饰,'95957951689,菲菲优选,普通订单,3.27,0,0,0,0,0,0,0,0,0,0,0,-0.16,-0.29,0,0,0,0,0,,0,义乌市黎既电子商务商行（个体工商户）,订单结算
2026-04-23 05:47:09,'2026042305470340685573632131,入账,5.02,聚合账户,货款结算入账,小店自卖,'6952144288579393241,'6952144288579393241,'SS76306510812665613230058,2026-04-18 09:14:24,'3673424694561865791,薄款牛油果绿系列小丝巾缠包模特搭配装饰品扎头发绑发飘带发带,,,普通订单,3.05,1.55,0,0,0,0,0,0,0,2,0,0,-0.03,0,0,0,0,0,0,是-商品卡免佣,0.22,义乌市黎既电子商务商行（个体工商户）,订单结算
2026-04-23 05:47:09,'2026042305470230131328502131,入账,10.88,聚合账户,货款结算入账,小店自卖,'6952089885946614843,'6952089885946614843,'SS76308269767270610010004,2026-04-15 16:47:34,'3796640026289373330,蝴蝶结鸭嘴夹小香风毛呢爆款发夹后脑勺气质洋气盘发一字夹子,,,普通订单,10.95,0,0,0,0,0,0,0,0,0,0,0,-0.07,0,0,0,0,0,0,是-商品卡免佣,0.51,义乌市黎既电子商务商行（个体工商户）,订单结算
2026-04-23 05:47:09,'2026042305470330713618192131,入账,4.84,聚合账户,货款结算入账,精选联盟,'6952130292056069706,'6952130292056069706,'SS76308670817178793390245,2026-04-17 11:34:32,'3677505925100470553,宝宝碎发神器女儿童发卡后脑勺隐形倒插梳整理刘海碎发梳女童发夹,'109969074460,芳姐百货178❤️,普通订单,5.56,0,0,0,0,0,0,0,0,0,0,0,-0.28,-0.44,0,0,0,0,0,,0,义乌市黎既电子商务商行（个体工商户）,订单结算
2026-04-23 05:47:09,'2026042305470315567920702131,入账,6.64,聚合账户,货款结算入账,小店自卖,'6925659355489205928,'6925659355489205928,'SS76308219406424967770112,2026-04-16 21:49:52,'3757473223135068613,小女孩卡通盘发杆盘发器儿童公主丸子头盘发神器女童简约盘发器,,,普通订单,6.68,0,0,0,0,0,0,0,0,0,0,0,-0.04,0,0,0,0,0,0,是-商品卡免佣,0.29,义乌市黎既电子商务商行（个体工商户）,订单结算
2026-04-23 05:47:20,'2026042305471619510070192131,入账,6.96,聚合账户,货款结算入账,小店自卖,'6925684084237040707,'6925684084237040707,'SS76307921088650449980186,2026-04-18 10:44:06,'3673607243682676924,可爱仿真食物迷你夹奇奇怪怪瓜子玉米发夹搞怪食玩米饭荷包蛋夹子,,,普通订单,7,0,0,0,0,0,0,0,0,0,0,0,-0.04,0,0,0,0,0,0,是-商品卡免佣,0.29,义乌市黎既电子商务商行（个体工商户）,订单结算
2026-04-23 05:47:20,'2026042305471614387120912131,入账,2.2,聚合账户,货款结算入账,小店自卖,'6952128075032237312,'6952128075032237312,'SS76306798508646937600062,2026-04-17 15:18:17,'3746150076641313252,网红简约ins纯色宽边发带高颅顶白色发箍女运动健身夏季头饰发饰,,,普通订单,5.11,0.9,0,0,0,0,0,0,0,0,0,-2.9,-0.01,0,0,0,0,0,0,是-商品卡免佣,0.07,义乌市黎既电子商务商行（个体工商户）,订单结算
2026-04-23 05:47:20,'2026042305471434950515472131,入账,2.78,聚合账户,货款结算入账,小店自卖,'6952187105639077383,'6952187105639077383,'SS76308115940159332270014,2026-04-18 12:49:12,'3806285088233226368,韩系~时尚百搭简约女格纹布少女风艺带齿细发箍个性压发箍头箍女,,,普通订单,2.8,0,0,0,0,0,0,0,0,0,0,0,-0.02,0,0,0,0,0,0,是-商品卡免佣,0.15,义乌市黎既电子商务商行（个体工商户）,订单结算
2026-04-23 05:47:20,'2026042305471423961810332131,入账,2.22,聚合账户,货款结算入账,小店自卖,'6925630294184983945,'6925630294184983945,'SS76308037055418867470024,2026-04-16 08:55:21,'3677561914218643751,发饰交叉抓夹大号发夹新款盘发卡头饰女简约气质鲨鱼夹后脑勺发爪,,,普通订单,2.23,1.15,0,0,0,0,0,0,0,0,0,0,-0.01,0,0,0,0,0,0,是-商品卡免佣,0.07,义乌市黎既电子商务商行（个体工商户）,订单结算
2026-04-23 05:47:20,'2026042305471519891696742131,入账,3.59,聚合账户,货款结算入账,小店自卖,'6952107513716938623,'6952107513716938623,'SS76308227702551186420185,2026-04-15 20:33:08,'3766001784691229117,夏天简约随手盘发一字扭扭夹水钻抓夹高级发夹扭扭后脑勺盘发器,,,普通订单,3.61,0.69,0,0,0,0,0,0,0,0,0,0,-0.02,0,0,0,0,0,0,是-商品卡免佣,0.15,义乌市黎既电子商务商行（个体工商户）,订单结算
2026-04-23 05:47:35,'2026042305472924208020902131,入账,4.4,聚合账户,货款结算入账,小店自卖,'6925674895828549216,'6925674895828549216,'SS76307623317603128670111,2026-04-18 06:06:17,'3761395105840365661,高级感水钻满天星发夹女后脑勺盘发神器发卡青蛙夹扭扭夹发卡头饰,,,普通订单,4.63,0,0,0,0,0,0,0,0,0,0,0,-0.23,0,0,0,0,0,0,,0,义乌市黎既电子商务商行（个体工商户）,订单结算
2026-04-23 05:47:35,'2026042305473031418660342131,入账,4.94,聚合账户,货款结算入账,小店自卖,'6952126876359136429,'6952126876359136429,'SS76306825430626514420105,2026-04-16 21:06:43,'3769870193174642697,2025春夏新款轻奢边夹时尚气质一字发夹女后脑勺扭扭夹女,,,普通订单,4.97,0,0,0,0,0,0,0,0,0,0,0,-0.03,0,0,0,0,0,0,是-商品卡免佣,0.22,义乌市黎既电子商务商行（个体工商户）,订单结算
2026-04-23 05:47:35,'2026042305473119547305232131,入账,2.67,聚合账户,货款结算入账,小店自卖,'6952148267340273142,'6952148267340273142,'SS76306436422670584820119,2026-04-17 20:18:17,'3784368456477049055,韩国气质碎钻满天星抓夹女后脑勺半扎发鲨鱼夹发量少百搭发卡头饰,,,普通订单,0.01,0,0,2.68,0,0,0,0,0,0,0,0,-0.02,0,0,0,0,0,0,是-商品卡免佣,0.15,义乌市黎既电子商务商行（个体工商户）,订单结算
2026-04-23 05:47:35,'2026042305473120262095552131,入账,3.59,聚合账户,货款结算入账,小店自卖,'6925645687015047011,'6925645687015047011,'SS76308328500484508790095,2026-04-16 16:38:48,'3766001784691229117,夏天简约随手盘发一字扭扭夹水钻抓夹高级发夹扭扭后脑勺盘发器,,,普通订单,3.61,0.69,0,0,0,0,0,0,0,0,0,0,-0.02,0,0,0,0,0,0,是-商品卡免佣,0.15,义乌市黎既电子商务商行（个体工商户）,订单结算
2026-04-23 05:47:35,'2026042305473124161984362131,入账,3.7,聚合账户,货款结算入账,小店自卖,'6925683372759874904,'6925683372759874904,'SS76308225698146718810196,2026-04-17 23:55:03,'3790878995596312771,韩系黑色波点布艺褶皱高马尾香蕉夹竖夹新款豹纹发夹气质百搭发饰,,,普通订单,3.89,0,0,0,0,0,0,0,0,0,0,0,-0.19,0,0,0,0,0,0,,0,义乌市黎既电子商务商行（个体工商户）,订单结算
2026-04-23 05:47:35,'2026042305472937594401792131,入账,1.79,聚合账户,货款结算入账,小店自卖,'6952153851848627313,'6952153851848627313,'SS76306864969702280100150,2026-04-18 09:40:45,'3747800080678256720,夏季网红新款小草头上发夹长草可爱超萌碎豆芽夹子头顶搞怪发饰,,,普通订单,0.01,0,0,1.79,0,0,0,0,0,0,0,0,-0.01,0,0,0,0,0,0,是-商品卡免佣,0.07,义乌市黎既电子商务商行（个体工商户）,订单结算
2026-04-23 05:47:35,'2026042305473032635134072131,入账,1.95,聚合账户,货款结算入账,小店自卖,'6925593002244734319,'6925593002244734319,'SS76308413506666501660086,2026-04-14 23:43:14,'3806280662462366067,kitty猫~刘海贴精致可爱甜美少女棉花糖猫兔碎发贴魔术贴无痕发饰,,,普通订单,0.01,0,0,1.95,0,0,0,0,0,0,0,0,-0.01,0,0,0,0,0,0,是-商品卡免佣,0.07,义乌市黎既电子商务商行（个体工商户）,订单结算
2026-04-23 05:47:35,'2026042305473040776507292131,入账,2.43,聚合账户,货款结算入账,精选联盟,'6925649591358750210,'6925649591358750210,'SS76306804218391764860206,2026-04-17 10:31:29,'3784368456477049055,韩国气质碎钻满天星抓夹女后脑勺半扎发鲨鱼夹发量少百搭发卡头饰,'0,,普通订单,0.69,0,0,2,0,0,0,0,0,0,0,0,-0.13,0,0,0,0,-0.13,0,,0,义乌市黎既电子商务商行（个体工商户）,订单结算
2026-04-23 05:47:35,'2026042305472926899909222131,入账,2.72,聚合账户,货款结算入账,精选联盟,'6952160792395191766,'6952160792395191766,'SS76307964337086144090077,2026-04-18 21:07:17,'3806250082127446374,休闲风创意米菲兔甜美少女刘海贴魔法贴毛绒发帖无痕贴发饰发卡女,'0,,普通订单,0.02,0,0,3,0,0,0,0,0,0,0,0,-0.15,0,0,0,0,-0.15,0,,0,义乌市黎既电子商务商行（个体工商户）,订单结算
2026-04-23 05:47:35,'2026042305473031384870812131,入账,4.83,聚合账户,货款结算入账,小店自卖,'6925602395060141253,'6925602395060141253,'SS76307360714078953360021,2026-04-15 12:45:12,'3750997434503921702,山茶花碎发梳毛发碎发整理神器发箍儿童发夹女后脑勺夹子头饰发卡,,,普通订单,4.86,0,0,0,0,0,0,0,0,0,0,0,-0.03,0,0,0,0,0,0,是-商品卡免佣,0.22,义乌市黎既电子商务商行（个体工商户）,订单结算
2026-04-23 05:47:52,'2026042305474700043422722131,入账,4.85,聚合账户,货款结算入账,小店自卖,'6952132272157234516,'6952132272157234516,'SS76308215499814510180002,2026-04-17 15:33:56,'3796640026289373330,蝴蝶结鸭嘴夹小香风毛呢爆款发夹后脑勺气质洋气盘发一字夹子,,,普通订单,4.88,0,0,0,0,0,0,0,0,0,0,0,-0.03,0,0,0,0,0,0,是-商品卡免佣,0.22,义乌市黎既电子商务商行（个体工商户）,订单结算
2026-04-23 05:47:52,'2026042305474539061102082131,入账,3.63,聚合账户,货款结算入账,小店自卖,'6952107561436845149,'6952107561436845149,'SS76308145539045955190124,2026-04-15 21:19:43,'3807763574974186291,气质高级亮黑色大号鲨鱼抓夹女后脑勺时尚发卡巨能抓头饰2026新款,,,普通订单,3.65,0,0,0,0,0,0,0,0,0,0,0,-0.02,0,0,0,0,0,0,是-商品卡免佣,0.15,义乌市黎既电子商务商行（个体工商户）,订单结算
2026-04-23 05:47:52,'2026042305474623269094462131,入账,2.54,聚合账户,货款结算入账,小店自卖,'6925667571127909517,'6925667571127909517,'SS76307413884016729950135,2026-04-17 22:03:14,'3673424694561865791,薄款牛油果绿系列小丝巾缠包模特搭配装饰品扎头发绑发飘带发带,,,普通订单,2.56,1.55,0,0,0,0,0,0,0,0,0,0,-0.02,0,0,0,0,0,0,是-商品卡免佣,0.15,义乌市黎既电子商务商行（个体工商户）,订单结算
2026-04-23 05:47:52,'2026042305474518259645962131,入账,4.17,聚合账户,货款结算入账,小店自卖,'6952116041756841876,'6952116041756841876,'SS76306511893470088060186,2026-04-16 22:46:05,'3767836446577263027,高级感水钻网纱花朵抓夹女2025新款鲨鱼夹高马尾发夹后脑勺发卡,,,普通订单,4.2,0.55,0,0,0,0,0,0,0,0,0,0,-0.03,0,0,0,0,0,0,是-商品卡免佣,0.22,义乌市黎既电子商务商行（个体工商户）,订单结算
2026-04-23 05:50:29,'2026042305502336882352992131,出账,5.51,聚合账户,上门取件运费,,'6925628313585941873,'6925628313585941873,'147450568161656489,,,,,,普通订单,0,0,0,0,0,0,0,0,0,0,0,0,0,0,0,0,0,0,0,,0,义乌市黎既电子商务商行（个体工商户）,因商品存在品质问题，扣除商家相应金额进行运费赔付-订单6925628313585941873-售后单147450568161656489-运单JDX052552642065
2026-04-23 07:10:36,'2026042307103222610129982131,入账,3.75,聚合账户,货款结算入账,小店自卖,'6925627887591915116,'6925627887591915116,'SS76306497453079926160172,2026-04-16 07:27:50,'3746150076641313252,网红简约ins纯色宽边发带高颅顶白色发箍女运动健身夏季头饰发饰,,,普通订单,3.77,0.9,0,0,0,0,0,0,0,0,0,0,-0.02,0,0,0,0,0,0,是-商品卡免佣,0.15,义乌市黎既电子商务商行（个体工商户）,订单结算
2026-04-23 07:36:07,'2026042307360334792412312131,入账,4.6,聚合账户,货款结算入账,小店自卖,'6952018279190828712,'6952018279190828712,'SS76306667718628316430244,2026-04-12 20:41:22,'3761395105840365661,高级感水钻满天星发夹女后脑勺盘发神器发卡青蛙夹扭扭夹发卡头饰,,,普通订单,4.63,0,0,0,0,0,0,0,0,0,0,0,-0.03,0,0,0,0,0,0,是-商品卡免佣,0.22,义乌市黎既电子商务商行（个体工商户）,订单结算
2026-04-23 07:36:07,'2026042307360303201480202131,入账,3.75,聚合账户,货款结算入账,小店自卖,'6925425330881592702,'6925425330881592702,'SS76306749721974543880142,2026-04-08 04:29:17,'3746150076641313252,网红简约ins纯色宽边发带高颅顶白色发箍女运动健身夏季头饰发饰,,,普通订单,3.77,0.9,0,0,0,0,0,0,0,0,0,0,-0.02,0,0,0,0,0,0,是-商品卡免佣,0.15,义乌市黎既电子商务商行（个体工商户）,订单结算
2026-04-23 07:36:07,'2026042307360341532503042131,入账,3.68,聚合账户,货款结算入账,小店自卖,'6925554697106652806,'6925554697106652806,'SS76306668890353180580189,2026-04-13 00:14:27,'3809235146834575749,可爱新春小狗香蕉夹女高马尾扭扭夹红色竖夹高级感2026韩新款发夹,,,普通订单,3.7,0,0,0,0,0,0,0,0,0,0,0,-0.02,0,0,0,0,0,0,是-商品卡免佣,0.15,义乌市黎既电子商务商行（个体工商户）,订单结算
2026-04-23 07:36:07,'2026042307360340235054482131,入账,4.47,聚合账户,货款结算入账,小店自卖,'6925552202465443572,'6925552202465443572,'SS76306668278149122940190,2026-04-12 23:27:50,'3807763574974186291,气质高级亮黑色大号鲨鱼抓夹女后脑勺时尚发卡巨能抓头饰2026新款,,,普通订单,4.5,0,0,0,0,0,0,0,0,0,0,0,-0.03,0,0,0,0,0,0,是-商品卡免佣,0.22,义乌市黎既电子商务商行（个体工商户）,订单结算
2026-04-23 07:36:07,'2026042307360303202627082131,入账,4.26,聚合账户,货款结算入账,精选联盟,'6925623643698527378,'6925623643698527378,'SS76307527532084109340239,2026-04-16 08:04:08,'3739529509091803226,2025新款带齿防滑头箍不勒头碎发整理发捆头饰高颅顶大波浪发发饰,'0,,普通订单,1.33,0,0,3.56,0,0,0,0,0,0,0,0,-0.24,0,0,0,0,-0.39,0,,0,义乌市黎既电子商务商行（个体工商户）,订单结算
2026-04-23 07:36:21,'2026042307361831964367712131,入账,2.67,聚合账户,货款结算入账,小店自卖,'6952036092743915077,'6952036092743915077,'SS76306401066591360510209,2026-04-12 22:01:34,'3784368456477049055,韩国气质碎钻满天星抓夹女后脑勺半扎发鲨鱼夹发量少百搭发卡头饰,,,普通订单,2.69,0,0,0,0,0,0,0,0,0,0,0,-0.02,0,0,0,0,0,0,是-商品卡免佣,0.15,义乌市黎既电子商务商行（个体工商户）,订单结算
2026-04-23 07:36:22,'2026042307361741745288202131,入账,2.56,聚合账户,货款结算入账,小店自卖,'6952055521757959854,'6952055521757959854,'SS76308086304324367770231,2026-04-13 20:20:34,'3809235146834575749,可爱新春小狗香蕉夹女高马尾扭扭夹红色竖夹高级感2026韩新款发夹,,,普通订单,2.58,0,0,0,0,0,0,0,0,0,0,0,-0.02,0,0,0,0,0,0,是-商品卡免佣,0.15,义乌市黎既电子商务商行（个体工商户）,订单结算
2026-04-23 07:36:22,'2026042307361909858911122131,入账,2.61,聚合账户,货款结算入账,精选联盟,'6925540202897112156,'6925540202897112156,'SS76306666349316513690128,2026-04-12 20:09:32,'3752640296001863810,儿童网红卡通发夹韩国公主头饰碎发BB碎发可爱女童碎发发卡,'0,,普通订单,0.01,0,0,2.99,0,0,0,0,0,0,0,0,-0.15,0,0,0,0,-0.24,0,,0,义乌市黎既电子商务商行（个体工商户）,订单结算
2026-04-23 07:36:22,'2026042307361919050831742131,入账,6.34,聚合账户,货款结算入账,小店自卖,'6952021252947777462,'6952021252947777462,'SS76306668153631216640073,2026-04-12 23:12:18,'3796640026289373330,蝴蝶结鸭嘴夹小香风毛呢爆款发夹后脑勺气质洋气盘发一字夹子,,,普通订单,6.38,0,0,0,0,0,0,0,0,0,0,0,-0.04,0,0,0,0,0,0,是-商品卡免佣,0.29,义乌市黎既电子商务商行（个体工商户）,订单结算
2026-04-23 07:36:22,'2026042307361832520113162131,入账,2.67,聚合账户,货款结算入账,小店自卖,'6952017048297215798,'6952017048297215798,'SS76307437337559867400010,2026-04-13 09:16:57,'3784368456477049055,韩国气质碎钻满天星抓夹女后脑勺半扎发鲨鱼夹发量少百搭发卡头饰,,,普通订单,2.69,0,0,0,0,0,0,0,0,0,0,0,-0.02,0,0,0,0,0,0,是-商品卡免佣,0.15,义乌市黎既电子商务商行（个体工商户）,订单结算
2026-04-23 07:36:22,'2026042307361833732856662131,入账,3.59,聚合账户,货款结算入账,小店自卖,'6925547193091784525,'6925547193091784525,'SS76306420903900285900172,2026-04-12 23:00:06,'3766001784691229117,夏天简约随手盘发一字扭扭夹水钻抓夹高级发夹扭扭后脑勺盘发器,,,普通订单,3.61,0.69,0,0,0,0,0,0,0,0,0,0,-0.02,0,0,0,0,0,0,是-商品卡免佣,0.15,义乌市黎既电子商务商行（个体工商户）,订单结算
2026-04-23 07:36:22,'2026042307361803280904202131,入账,3.25,聚合账户,货款结算入账,小店自卖,'6952139391004054833,'6952139391004054833,'SS76307411189259351190129,2026-04-17 22:08:43,'3746529925562237053,满钻星星碎发整理神器隐形碎发梳女儿童固定头发夹子拉拉梳头饰,,,普通订单,3.27,0,0,0,0,0,0,0,0,0,0,0,-0.02,0,0,0,0,0,0,是-商品卡免佣,0.15,义乌市黎既电子商务商行（个体工商户）,订单结算
2026-04-23 07:36:22,'2026042307361840896599392131,入账,3.32,聚合账户,货款结算入账,精选联盟,'6952018270152627846,'6952018270152627846,'SS76306667480547172180085,2026-04-12 20:20:42,'3809235146834575749,可爱新春小狗香蕉夹女高马尾扭扭夹红色竖夹高级感2026韩新款发夹,'0,,普通订单,3.7,0,0,0,0,0,0,0,0,0,0,0,-0.19,0,0,0,0,-0.19,0,,0,义乌市黎既电子商务商行（个体工商户）,订单结算
2026-04-23 07:36:22,'2026042307361922628971612131,入账,3.29,聚合账户,货款结算入账,精选联盟,'6952005122556041173,'6952005122556041173,'SS76306666259017733640077,2026-04-12 20:00:24,'3807763574974186291,气质高级亮黑色大号鲨鱼抓夹女后脑勺时尚发卡巨能抓头饰2026新款,'0,,普通订单,0.65,0,0,3,0,0,0,0,0,0,0,0,-0.18,0,0,0,0,-0.18,0,,0,义乌市黎既电子商务商行（个体工商户）,订单结算
2026-04-23 07:36:22,'2026042307361919594775312131,入账,1.78,聚合账户,货款结算入账,小店自卖,'6952029895326767059,'6952029895326767059,'SS76306668843773629800072,2026-04-13 03:26:10,'3750814048090980744,新款轻奢高级网纱闪亮夏季水钻太阳花朵发圈发绳扎马尾不伤发皮筋,,,普通订单,1.79,0,0,0,0,0,0,0,0,0,0,0,-0.01,0,0,0,0,0,0,是-商品卡免佣,0.07,义乌市黎既电子商务商行（个体工商户）,订单结算
2026-04-23 07:36:37,'2026042307363435527893002131,入账,6.19,聚合账户,货款结算入账,小店自卖,'6951997968041055413,'6951997968040989877,'SS76307100578274718980077,2026-04-12 16:11:00,'3747831921233756578,超大蝴蝶结抓夹高级感在逃公主后脑勺发夹盘发鲨鱼夹网红发卡头饰,,,普通订单,6.06,0,0,0.17,0,0,0,0,0,0,0,0,-0.04,0,0,0,0,0,0,是-商品卡免佣,0.29,义乌市黎既电子商务商行（个体工商户）,订单结算
2026-04-23 07:36:37,'2026042307363411686426002131,入账,2.39,聚合账户,货款结算入账,小店自卖,'6951873215076964245,'6951873215076964245,'SS76306647695534006110132,2026-04-07 21:54:20,'3797354479075066126,甜美韩系可爱立体五角星初秋发圈格纹肠圈儿童发饰马尾头绳肠圈,,,普通订单,0.01,0,0,2.51,0,0,0,0,0,0,0,0,-0.13,0,0,0,0,0,0,,0,义乌市黎既电子商务商行（个体工商户）,订单结算
2026-04-23 07:36:37,'2026042307363333021343242131,入账,3.45,聚合账户,货款结算入账,精选联盟,'6952013863570839145,'6952013863570839145,'SS76306403530331589620212,2026-04-12 18:40:37,'3784368456477049055,韩国气质碎钻满天星抓夹女后脑勺半扎发鲨鱼夹发量少百搭发卡头饰,'0,,普通订单,0.83,0,0,3,0,0,0,0,0,0,0,0,-0.19,0,0,0,0,-0.19,0,,0,义乌市黎既电子商务商行（个体工商户）,订单结算
2026-04-23 07:36:37,'2026042307363500392568472131,入账,2.67,聚合账户,货款结算入账,小店自卖,'6952016010249901378,'6952016010249901378,'SS76306399760041249550015,2026-04-12 18:16:12,'3784368456477049055,韩国气质碎钻满天星抓夹女后脑勺半扎发鲨鱼夹发量少百搭发卡头饰,,,普通订单,0.69,0,0,2,0,0,0,0,0,0,0,0,-0.02,0,0,0,0,0,0,是-商品卡免佣,0.15,义乌市黎既电子商务商行（个体工商户）,订单结算
2026-04-23 07:36:37,'2026042307363324510141842131,入账,2.56,聚合账户,货款结算入账,小店自卖,'6925547175967555003,'6925547175967555003,'SS76306668107367060910205,2026-04-12 23:11:50,'3809235146834575749,可爱新春小狗香蕉夹女高马尾扭扭夹红色竖夹高级感2026韩新款发夹,,,普通订单,0.58,0,0,2,0,0,0,0,0,0,0,0,-0.02,0,0,0,0,0,0,是-商品卡免佣,0.15,义乌市黎既电子商务商行（个体工商户）,订单结算
2026-04-23 07:37:30,'2026042307372722324065372131,入账,2.32,聚合账户,货款结算入账,精选联盟,'6925542134959800214,'6925542134959800214,'SS76306666735859146340100,2026-04-12 18:55:04,'3809235146834575749,可爱新春小狗香蕉夹女高马尾扭扭夹红色竖夹高级感2026韩新款发夹,'0,,普通订单,0.01,0,0,2.57,0,0,0,0,0,0,0,0,-0.13,0,0,0,0,-0.13,0,,0,义乌市黎既电子商务商行（个体工商户）,订单结算
2026-04-23 07:37:30,'2026042307372729703583182131,入账,3,聚合账户,货款结算入账,小店自卖,'6925482881395752476,'6925482881395752476,'SS76307650539523937430231,2026-04-09 23:44:04,'3796640026289373330,蝴蝶结鸭嘴夹小香风毛呢爆款发夹后脑勺气质洋气盘发一字夹子,,,普通订单,0.16,0,0,3,0,0,0,0,0,0,0,0,-0.16,0,0,0,0,0,0,,0,义乌市黎既电子商务商行（个体工商户）,订单结算
2026-04-23 07:37:30,'2026042307372802278694662131,入账,2.56,聚合账户,货款结算入账,小店自卖,'6925637220402822788,'6925637220402822788,'SS76307563707191298980233,2026-04-16 14:57:25,'3784368456477049055,韩国气质碎钻满天星抓夹女后脑勺半扎发鲨鱼夹发量少百搭发卡头饰,,,普通订单,0.01,0,0,2.68,0,0,0,0,0,0,0,0,-0.13,0,0,0,0,0,0,,0,义乌市黎既电子商务商行（个体工商户）,订单结算
2026-04-23 07:37:30,'2026042307372724962015222131,入账,3.81,聚合账户,货款结算入账,小店自卖,'6925602986327833743,'6925602986327833743,'SS76307968452334064830200,2026-04-14 16:33:59,'3784368456477049055,韩国气质碎钻满天星抓夹女后脑勺半扎发鲨鱼夹发量少百搭发卡头饰,,,普通订单,3.83,0,0,0,0,0,0,0,0,0,0,0,-0.02,0,0,0,0,0,0,是-商品卡免佣,0.15,义乌市黎既电子商务商行（个体工商户）,订单结算
2026-04-23 07:37:30,'2026042307372709996375142131,入账,2.43,聚合账户,货款结算入账,精选联盟,'6925550031853419665,'6925550031853419665,'SS76306402597184479350106,2026-04-13 08:22:26,'3784368456477049055,韩国气质碎钻满天星抓夹女后脑勺半扎发鲨鱼夹发量少百搭发卡头饰,'0,,普通订单,0.01,0,0,2.68,0,0,0,0,0,0,0,0,-0.13,0,0,0,0,-0.13,0,,0,义乌市黎既电子商务商行（个体工商户）,订单结算
2026-04-23 07:38:49,'2026042307384614813929302131,入账,4.93,聚合账户,货款结算入账,小店自卖,'6952036433112339726,'6952036433112339726,'SS76306668879400804220052,2026-04-13 02:36:01,'3783820390732792146,豹纹镂空云朵抓夹女高级感2025新款秋冬发量大后脑勺鲨鱼夹子发饰,,,普通订单,4.96,0,0,0,0,0,0,0,0,0,0,0,-0.03,0,0,0,0,0,0,是-商品卡免佣,0.22,义乌市黎既电子商务商行（个体工商户）,订单结算
2026-04-23 07:38:49,'2026042307384514397772952131,入账,2.43,聚合账户,货款结算入账,精选联盟,'6952133739342730681,'6952133739342730681,'SS76306765650046653900032,2026-04-16 21:45:12,'3784368456477049055,韩国气质碎钻满天星抓夹女后脑勺半扎发鲨鱼夹发量少百搭发卡头饰,'3872904813740680,解忧好物¹⁰⁸,普通订单,2.69,0,0,0,0,0,0,0,0,0,0,0,-0.13,-0.13,0,0,0,0,0,,0,义乌市黎既电子商务商行（个体工商户）,订单结算
2026-04-23 07:38:49,'2026042307384537173826902131,入账,3.81,聚合账户,货款结算入账,小店自卖,'6952007743574643804,'6952007743574643804,'SS76306403751581781000096,2026-04-13 00:23:50,'3784368456477049055,韩国气质碎钻满天星抓夹女后脑勺半扎发鲨鱼夹发量少百搭发卡头饰,,,普通订单,3.83,0,0,0,0,0,0,0,0,0,0,0,-0.02,0,0,0,0,0,0,是-商品卡免佣,0.15,义乌市黎既电子商务商行（个体工商户）,订单结算
2026-04-23 07:38:49,'2026042307384537122913282131,入账,2.19,聚合账户,货款结算入账,小店自卖,'6952015959751202487,'6952015959751202487,'SS76306665786151739150211,2026-04-12 17:33:10,'3754886570348511555,简约发夹头饰发量多发卡高级感发饰头饰抓夹大号亚克力黑色鲨鱼夹,,,普通订单,0.01,2.1,0,0,0,0,0,0,0,2.19,0,0,-0.01,0,0,0,0,0,0,是-商品卡免佣,0.07,义乌市黎既电子商务商行（个体工商户）,订单结算
2026-04-23 07:38:49,'2026042307384623417861582131,入账,10.88,聚合账户,货款结算入账,小店自卖,'6925563117386628878,'6925563117386628878,'SS76307364946973335390119,2026-04-13 13:51:46,'3796640026289373330,蝴蝶结鸭嘴夹小香风毛呢爆款发夹后脑勺气质洋气盘发一字夹子,,,普通订单,10.95,0,0,0,0,0,0,0,0,0,0,0,-0.07,0,0,0,0,0,0,是-商品卡免佣,0.51,义乌市黎既电子商务商行（个体工商户）,订单结算
2026-04-23 07:39:15,'2026042307391322404139932131,入账,10.88,聚合账户,货款结算入账,小店自卖,'6952029117986772035,'6952029117986772035,'SS76307364706592530350222,2026-04-12 17:39:53,'3796640026289373330,蝴蝶结鸭嘴夹小香风毛呢爆款发夹后脑勺气质洋气盘发一字夹子,,,普通订单,10.95,0,0,0,0,0,0,0,0,0,0,0,-0.07,0,0,0,0,0,0,是-商品卡免佣,0.51,义乌市黎既电子商务商行（个体工商户）,订单结算
2026-04-23 07:39:15,'2026042307391337166126462131,入账,4.36,聚合账户,货款结算入账,小店自卖,'6925561427354942802,'6925561427354942802,'SS76307474106046223420178,2026-04-13 10:51:10,'3775300096971899186,韩系宽边发箍女款ins风高颅顶时尚气质头箍复古小众设计百搭发饰,,,普通订单,4.39,0,0,0,0,0,0,0,0,0,0,0,-0.03,0,0,0,0,0,0,是-商品卡免佣,0.22,义乌市黎既电子商务商行（个体工商户）,订单结算
2026-04-23 07:39:15,'2026042307391300182195702131,入账,1.94,聚合账户,货款结算入账,小店自卖,'6925556416765001284,'6925556416765001284,'SS76306603916409451870004,2026-04-13 02:01:40,'3806839693081969009,春夏简约随手盘发高级发夹一字扭扭夹水钻抓夹扭扭后脑勺盘发器,,,普通订单,1.95,0,0,0,0,0,0,0,0,0,0,0,-0.01,0,0,0,0,0,0,是-商品卡免佣,0.07,义乌市黎既电子商务商行（个体工商户）,订单结算
2026-04-23 07:39:15,'2026042307391320007001702131,入账,3.81,聚合账户,货款结算入账,小店自卖,'6925559114496507344,'6925559114496507344,'SS76307440178320509860095,2026-04-13 09:10:16,'3784368456477049055,韩国气质碎钻满天星抓夹女后脑勺半扎发鲨鱼夹发量少百搭发卡头饰,,,普通订单,3.83,0,0,0,0,0,0,0,0,0,0,0,-0.02,0,0,0,0,0,0,是-商品卡免佣,0.15,义乌市黎既电子商务商行（个体工商户）,订单结算
2026-04-23 07:39:15,'2026042307391326935462462131,入账,2.56,聚合账户,货款结算入账,小店自卖,'6952031907338721165,'6952031907338721165,'SS76306668593543951700199,2026-04-12 23:40:46,'3809235146834575749,可爱新春小狗香蕉夹女高马尾扭扭夹红色竖夹高级感2026韩新款发夹,,,普通订单,2.58,0,0,0,0,0,0,0,0,0,0,0,-0.02,0,0,0,0,0,0,是-商品卡免佣,0.15,义乌市黎既电子商务商行（个体工商户）,订单结算
2026-04-23 07:39:28,'2026042307392614014390142131,入账,2.67,聚合账户,货款结算入账,小店自卖,'6925569871135407479,'6925569871135407479,'SS76307438336047521430075,2026-04-13 12:43:03,'3784368456477049055,韩国气质碎钻满天星抓夹女后脑勺半扎发鲨鱼夹发量少百搭发卡头饰,,,普通订单,2.69,0,0,0,0,0,0,0,0,0,0,0,-0.02,0,0,0,0,0,0,是-商品卡免佣,0.15,义乌市黎既电子商务商行（个体工商户）,订单结算
2026-04-23 07:39:28,'2026042307392609533691342131,入账,4.49,聚合账户,货款结算入账,小店自卖,'6925538465196441200,'6925538465196441200,'SS76306379032720881000180,2026-04-12 18:08:11,'3806293802847699345,韩式豹纹波点褶皱高级扭扭马尾卡通风香蕉发夹后脑勺显发发卡头饰,,,普通订单,4.52,0,0,0,0,0,0,0,0,0,0,0,-0.03,0,0,0,0,0,0,是-商品卡免佣,0.22,义乌市黎既电子商务商行（个体工商户）,订单结算
2026-04-23 07:39:28,'2026042307392541576248702131,入账,3.75,聚合账户,货款结算入账,小店自卖,'6925628900245733021,'6925628900245733021,'SS76308613170472597020187,2026-04-15 17:08:42,'3746150076641313252,网红简约ins纯色宽边发带高颅顶白色发箍女运动健身夏季头饰发饰,,,普通订单,3.77,0.9,0,0,0,0,0,0,0,0,0,0,-0.02,0,0,0,0,0,0,是-商品卡免佣,0.15,义乌市黎既电子商务商行（个体工商户）,订单结算
2026-04-23 07:39:28,'2026042307392411878118812131,入账,7.03,聚合账户,货款结算入账,小店自卖,'6952048230950114589,'6952048230950114589,'SS76307410634429243380232,2026-04-13 14:18:23,'3769870193174642697,2025春夏新款轻奢边夹时尚气质一字发夹女后脑勺扭扭夹女,,,普通订单,7.07,0,0,0,0,0,0,0,0,0,0,0,-0.04,0,0,0,0,0,0,是-商品卡免佣,0.29,义乌市黎既电子商务商行（个体工商户）,订单结算
2026-04-23 07:39:28,'2026042307392538631675242131,入账,3.7,聚合账户,货款结算入账,小店自卖,'6952045557560775883,'6952045557560775883,'SS76306669930753728500159,2026-04-13 08:05:51,'3809232346448789758,新款洗脸专用压发带齿防滑发箍女碎发头箍高颅顶头饰防掉百搭头饰,,,普通订单,3.9,0,0,0,0,0,0,0,0,0,0,0,-0.2,0,0,0,0,0,0,,0,义乌市黎既电子商务商行（个体工商户）,订单结算
2026-04-23 07:39:38,'2026042307393435822802072131,入账,2.67,聚合账户,货款结算入账,小店自卖,'6925559909318492098,'6925559909318492098,'SS76307439186989714010077,2026-04-13 14:45:12,'3784368456477049055,韩国气质碎钻满天星抓夹女后脑勺半扎发鲨鱼夹发量少百搭发卡头饰,,,普通订单,2.69,0,0,0,0,0,0,0,0,0,0,0,-0.02,0,0,0,0,0,0,是-商品卡免佣,0.15,义乌市黎既电子商务商行（个体工商户）,订单结算
2026-04-23 07:39:38,'2026042307393503913649142131,入账,5.71,聚合账户,货款结算入账,小店自卖,'6952027262447785648,'6952027262447785648,'SS76306673001741524940038,2026-04-12 20:27:03,'3673057951649759338,小皮筋小女孩头绳发绳透明多彩小号一次性皮筋儿童橡皮筋发饰扎头,,,普通订单,5.74,1.15,0,0,0,0,0,0,0,0,0,0,-0.03,0,0,0,0,0,0,是-商品卡免佣,0.22,义乌市黎既电子商务商行（个体工商户）,订单结算
2026-04-23 07:39:38,'2026042307393424132651782131,入账,7.03,聚合账户,货款结算入账,小店自卖,'6952043497544423270,'6952043497544423270,'SS76306669172382438490002,2026-04-13 08:18:46,'3769870193174642697,2025春夏新款轻奢边夹时尚气质一字发夹女后脑勺扭扭夹女,,,普通订单,7.07,0,0,0,0,0,0,0,0,0,0,0,-0.04,0,0,0,0,0,0,是-商品卡免佣,0.29,义乌市黎既电子商务商行（个体工商户）,订单结算
2026-04-23 07:39:38,'2026042307393421317227612131,入账,2.67,聚合账户,货款结算入账,小店自卖,'6952032785889564554,'6952032785889564554,'SS76307325750862034320204,2026-04-13 13:48:07,'3784368456477049055,韩国气质碎钻满天星抓夹女后脑勺半扎发鲨鱼夹发量少百搭发卡头饰,,,普通订单,2.69,0,0,0,0,0,0,0,0,0,0,0,-0.02,0,0,0,0,0,0,是-商品卡免佣,0.15,义乌市黎既电子商务商行（个体工商户）,订单结算
2026-04-23 07:39:38,'2026042307393521065774592131,入账,3.19,聚合账户,货款结算入账,小店自卖,'6952025898151974712,'6952025898151974712,'SS76307438244252103680221,2026-04-13 12:31:41,'3774567040401145927,满天星抓夹女质感中号鲨鱼夹半披发抓夹高级气质发夹繁星镶钻抓夹,,,普通订单,3.21,0.3,0,0,0,0,0,0,0,0,0,0,-0.02,0,0,0,0,0,0,是-商品卡免佣,0.15,义乌市黎既电子商务商行（个体工商户）,订单结算
2026-04-23 07:39:38,'2026042307393406386977682131,入账,2.67,聚合账户,货款结算入账,小店自卖,'6925560847853715092,'6925560847853715092,'SS76306402411537866430013,2026-04-13 03:25:50,'3784368456477049055,韩国气质碎钻满天星抓夹女后脑勺半扎发鲨鱼夹发量少百搭发卡头饰,,,普通订单,2.69,0,0,0,0,0,0,0,0,0,0,0,-0.02,0,0,0,0,0,0,是-商品卡免佣,0.15,义乌市黎既电子商务商行（个体工商户）,订单结算
2026-04-23 07:39:38,'2026042307393414527043082131,入账,2.67,聚合账户,货款结算入账,小店自卖,'6925545006560083809,'6925545006560083809,'SS76306401100232630280007,2026-04-12 22:09:21,'3784368456477049055,韩国气质碎钻满天星抓夹女后脑勺半扎发鲨鱼夹发量少百搭发卡头饰,,,普通订单,2.69,0,0,0,0,0,0,0,0,0,0,0,-0.02,0,0,0,0,0,0,是-商品卡免佣,0.15,义乌市黎既电子商务商行（个体工商户）,订单结算
2026-04-23 07:39:38,'2026042307393414307374232131,入账,6.54,聚合账户,货款结算入账,小店自卖,'6925556000506937066,'6925556000506937066,'SS76306668023650104720223,2026-04-12 22:10:19,'3757678157491208600,夏季简约醋酸发夹边夹侧边碎发刘海夹女2025新款ins前额bb夹头饰,,,普通订单,6.58,0,0,0,0,0,0,0,0,0,0,0,-0.04,0,0,0,0,0,0,是-商品卡免佣,0.29,义乌市黎既电子商务商行（个体工商户）,订单结算
2026-04-23 07:39:38,'2026042307393535753866512131,入账,2.67,聚合账户,货款结算入账,小店自卖,'6952021171166385647,'6952021171166385647,'SS76306401210523978510002,2026-04-12 22:48:26,'3784368456477049055,韩国气质碎钻满天星抓夹女后脑勺半扎发鲨鱼夹发量少百搭发卡头饰,,,普通订单,1.69,0,0,0,0,0,0,0,1,0,0,0,-0.02,0,0,0,0,0,0,是-商品卡免佣,0.15,义乌市黎既电子商务商行（个体工商户）,订单结算
2026-04-23 07:39:38,'2026042307393425924078232131,入账,5.31,聚合账户,货款结算入账,小店自卖,'6925552309420981251,'6925552309420981251,'SS76306668248291090070167,2026-04-13 00:35:30,'3766001784691229117,夏天简约随手盘发一字扭扭夹水钻抓夹高级发夹扭扭后脑勺盘发器,,,普通订单,5.34,0,0,0,0,0,0,0,0,0,0,0,-0.03,0,0,0,0,0,0,是-商品卡免佣,0.22,义乌市黎既电子商务商行（个体工商户）,订单结算
2026-04-23 07:40:02,'2026042307395921123571722131,入账,4.94,聚合账户,货款结算入账,小店自卖,'6952021135516636662,'6952021135516636662,'SS76306668597420242270154,2026-04-12 22:39:04,'3769870193174642697,2025春夏新款轻奢边夹时尚气质一字发夹女后脑勺扭扭夹女,,,普通订单,4.97,0,0,0,0,0,0,0,0,0,0,0,-0.03,0,0,0,0,0,0,是-商品卡免佣,0.22,义乌市黎既电子商务商行（个体工商户）,订单结算
2026-04-23 07:40:02,'2026042307395913465198432131,入账,3.68,聚合账户,货款结算入账,小店自卖,'6925572250584055351,'6925572250584055351,'SS76307251113900285440130,2026-04-13 13:04:16,'3809235146834575749,可爱新春小狗香蕉夹女高马尾扭扭夹红色竖夹高级感2026韩新款发夹,,,普通订单,3.7,0,0,0,0,0,0,0,0,0,0,0,-0.02,0,0,0,0,0,0,是-商品卡免佣,0.15,义乌市黎既电子商务商行（个体工商户）,订单结算
2026-04-23 07:40:02,'2026042307395841512842592131,入账,5.16,聚合账户,货款结算入账,小店自卖,'6952034227559273708,'6952034227559273708,'SS76306668277818498920176,2026-04-13 01:16:05,'3752993546408427528,新款韩系发饰山茶花公主头抓夹女发夹刘海小巧精致小号发卡迷发夹,,,普通订单,5.19,0,0,0,0,0,0,0,0,0,0,0,-0.03,0,0,0,0,0,0,是-商品卡免佣,0.22,义乌市黎既电子商务商行（个体工商户）,订单结算
2026-04-23 07:40:02,'2026042307395800771197782131,入账,3.59,聚合账户,货款结算入账,小店自卖,'6952022707665442298,'6952022707665442298,'SS76306667593572071030140,2026-04-12 20:28:05,'3766001784691229117,夏天简约随手盘发一字扭扭夹水钻抓夹高级发夹扭扭后脑勺盘发器,,,普通订单,3.61,0.69,0,0,0,0,0,0,0,0,0,0,-0.02,0,0,0,0,0,0,是-商品卡免佣,0.15,义乌市黎既电子商务商行（个体工商户）,订单结算
2026-04-23 07:40:02,'2026042307395929199731722131,入账,2.63,聚合账户,货款结算入账,小店自卖,'6952004952185640090,'6952004952185640090,'SS76306682302739254280006,2026-04-12 17:21:12,'3763932448057065566,磨砂扭扭香蕉夹高马尾大号发夹后脑勺竖夹发卡韩国气质女夹子头饰,,,普通订单,2.65,0.89,0,0,0,0,0,0,0,0,0,0,-0.02,0,0,0,0,0,0,是-商品卡免佣,0.15,义乌市黎既电子商务商行（个体工商户）,订单结算
2026-04-23 07:40:19,'2026042307401533611128822131,入账,3.84,聚合账户,货款结算入账,小店自卖,'6925576705001421897,'6925576705001421897,'SS76307409032753648700250,2026-04-13 14:34:28,'3750791789322306375,刘海夹前额洋气闪钻轻奢植绒复古夹子双层侧边夹碎发整理夹子女,,,普通订单,3.86,0.45,0,0,0,0,0,0,0,0,0,0,-0.02,0,0,0,0,0,0,是-商品卡免佣,0.15,义乌市黎既电子商务商行（个体工商户）,订单结算
2026-04-23 07:40:19,'2026042307401438910244242131,入账,2.94,聚合账户,货款结算入账,小店自卖,'6952025459769939262,'6952025459769939262,'SS76306669826151718670137,2026-04-13 07:34:32,'3769870193174642697,2025春夏新款轻奢边夹时尚气质一字发夹女后脑勺扭扭夹女,,,普通订单,2.96,0,0,0,0,0,0,0,0,0,0,0,-0.02,0,0,0,0,0,0,是-商品卡免佣,0.15,义乌市黎既电子商务商行（个体工商户）,订单结算
2026-04-23 07:40:19,'2026042307401624958241282131,入账,5.84,聚合账户,货款结算入账,小店自卖,'6952032617450771577,'6952032617450771577,'SS76296300807883167180051,2026-04-13 12:04:24,'3683608306867372344,黑色抓夹大号网红发夹2024爆款超洋气新款气质高级鲨鱼发饰后脑勺,,,普通订单,8.87,0.55,0,0,0,0,0,0,0,0,0,-3,-0.03,0,0,0,0,0,0,是-商品卡免佣,0.22,义乌市黎既电子商务商行（个体工商户）,订单结算
2026-04-23 07:40:19,'2026042307401710657800062131,入账,4.43,聚合账户,货款结算入账,小店自卖,'6925558481927044662,'6925558481927044662,'SS76307005134408261630188,2026-04-12 23:18:19,'3776397564295905309,2025新款女士秋冬简约风纯色宽边高颅顶防滑洗脸压发百搭时尚发箍,,,普通订单,4.46,0,0,0,0,0,0,0,0,0,0,0,-0.03,0,0,0,0,0,0,是-商品卡免佣,0.22,义乌市黎既电子商务商行（个体工商户）,订单结算
2026-04-23 07:40:19,'2026042307401638442972262131,入账,1.54,聚合账户,货款结算入账,小店自卖,'6925551512784108554F00,'6925551512784108554,'SS76306666113050711420079,2026-04-12 19:42:32,'3673426803407585295,运费单,,,普通订单,1.55,1.55,0,0,0,0,0,0,0,0,0,0,-0.01,0,0,0,0,0,0,是-商品卡免佣,0.07,义乌市黎既电子商务商行（个体工商户）,运费单结算
2026-04-23 07:40:35,'2026042307403139073592672131,入账,4.85,聚合账户,货款结算入账,小店自卖,'6952031970312984059,'6952031970312984059,'SS76307365448651251200064,2026-04-13 00:24:12,'3796640026289373330,蝴蝶结鸭嘴夹小香风毛呢爆款发夹后脑勺气质洋气盘发一字夹子,,,普通订单,4.88,0,0,0,0,0,0,0,0,0,0,0,-0.03,0,0,0,0,0,0,是-商品卡免佣,0.22,义乌市黎既电子商务商行（个体工商户）,订单结算
2026-04-23 07:40:35,'2026042307403240769948252131,入账,5.45,聚合账户,货款结算入账,小店自卖,'6925539678658526723,'6925539678658526723,'SS76307250032654912150074,2026-04-12 15:50:52,'3797357165644218817,卡通抓夹女高级感2026新款后脑勺盘发鲨鱼夹大号发量大发夹发饰夏,,,普通订单,6.05,0,0,0,0,0,0,0,0,0,0,0,-0.3,0,0,0,0,-0.3,0,,0,义乌市黎既电子商务商行（个体工商户）,订单结算
2026-04-23 07:40:35,'2026042307403309482900992131,入账,2.67,聚合账户,货款结算入账,小店自卖,'6925540688112942936,'6925540688112942936,'SS76306401221745587740154,2026-04-12 22:45:04,'3784368456477049055,韩国气质碎钻满天星抓夹女后脑勺半扎发鲨鱼夹发量少百搭发卡头饰,,,普通订单,2.69,0,0,0,0,0,0,0,0,0,0,0,-0.02,0,0,0,0,0,0,是-商品卡免佣,0.15,义乌市黎既电子商务商行（个体工商户）,订单结算
2026-04-23 07:40:35,'2026042307403234186736902131,入账,5.08,聚合账户,货款结算入账,小店自卖,'6925555462379241368,'6925555462379241368,'SS76306662479996357380195,2026-04-12 19:11:31,'3746150076641313252,网红简约ins纯色宽边发带高颅顶白色发箍女运动健身夏季头饰发饰,,,普通订单,5.11,0.9,0,0,0,0,0,0,0,0,0,0,-0.03,0,0,0,0,0,0,是-商品卡免佣,0.22,义乌市黎既电子商务商行（个体工商户）,订单结算
2026-04-23 07:40:35,'2026042307403207727352672131,入账,4.47,聚合账户,货款结算入账,小店自卖,'6952014548610062065,'6952014548610062065,'SS76306668282971592110009,2026-04-13 06:56:01,'3807763574974186291,气质高级亮黑色大号鲨鱼抓夹女后脑勺时尚发卡巨能抓头饰2026新款,,,普通订单,4.5,0,0,0,0,0,0,0,0,0,0,0,-0.03,0,0,0,0,0,0,是-商品卡免佣,0.22,义乌市黎既电子商务商行（个体工商户）,订单结算
2026-04-23 07:40:51,'2026042307404841105659402131,入账,1.14,聚合账户,货款结算入账,小店自卖,'6952022428785775718F00,'6952022428785775718,'SS76306666574046006140201,2026-04-12 17:05:09,'3755808382091657328,运费单,,,普通订单,1.15,1.15,0,0,0,0,0,0,0,0,0,0,-0.01,0,0,0,0,0,0,是-商品卡免佣,0.07,义乌市黎既电子商务商行（个体工商户）,运费单结算
2026-04-23 07:40:51,'2026042307404830075295072131,入账,3.34,聚合账户,货款结算入账,小店自卖,'6951993582041831293,'6951993582041831293,'SS76306607868307546140048,2026-04-12 15:53:22,'3806839693081969009,春夏简约随手盘发高级发夹一字扭扭夹水钻抓夹扭扭后脑勺盘发器,,,普通订单,3.36,0,0,0,0,0,0,0,0,0,0,0,-0.02,0,0,0,0,0,0,是-商品卡免佣,0.15,义乌市黎既电子商务商行（个体工商户）,订单结算
2026-04-23 07:40:51,'2026042307404816955192582131,入账,2.15,聚合账户,货款结算入账,精选联盟,'6925546999641177643,'6925546999641177643,'SS76306669007218117310108,2026-04-12 22:10:11,'3768243884530991364,2025新款简约高颅顶发箍高级发箍女时尚发卡压发洗脸头箍百搭饰品,'0,,普通订单,2.39,0,0,0,0,0,0,0,0,0,0,0,-0.12,0,0,0,0,-0.12,0,,0,义乌市黎既电子商务商行（个体工商户）,订单结算
2026-04-23 07:40:51,'2026042307404815543219472131,入账,3.89,聚合账户,货款结算入账,小店自卖,'6925547345811046079,'6925547345811046079,'SS76306650464232412420098,2026-04-13 00:06:15,'3807732934811713667,新款牡丹花羽毛抓夹女高颜值轻奢时尚百搭鲨鱼夹发饰头饰夹发神器,,,普通订单,3.91,0,0,0,0,0,0,0,0,0,0,0,-0.02,0,0,0,0,0,0,是-商品卡免佣,0.15,义乌市黎既电子商务商行（个体工商户）,订单结算
2026-04-23 07:40:51,'2026042307404807224855562131,入账,4.38,聚合账户,货款结算入账,精选联盟,'6952041253360310240,'6952041253360310240,'SS76307550335171305340150,2026-04-13 10:47:55,'3748754542678900840,中国风孔雀盘发器女士古典旗袍发饰丸子懒人高级感饰品优雅发夹,'4503244761990366,阿霞精选,普通订单,4.93,1.15,0,0,0,0,0,0,0,0,0,0,-0.25,-0.3,0,0,0,0,0,,0,义乌市黎既电子商务商行（个体工商户）,订单结算
2026-04-23 07:41:22,'2026042307411813726354442131,入账,3.61,聚合账户,货款结算入账,小店自卖,'6925518831813361412,'6925518831813361412,'SS76306377057188910510110,2026-04-11 21:22:40,'3806450472450130341,新款复古抓夹女豹纹蝴蝶结鲨鱼夹2026后脑勺盘发发夹高级感发饰,,,普通订单,3.63,0,0,0,0,0,0,0,0,0,0,0,-0.02,0,0,0,0,0,0,是-商品卡免佣,0.15,义乌市黎既电子商务商行（个体工商户）,订单结算
2026-04-23 07:41:22,'2026042307411833722867632131,入账,7.65,聚合账户,货款结算入账,小店自卖,'6952188312600253782,'6952188312600253782,'SS76308129234049480180006,2026-04-19 01:34:25,'3782881579702026610,可爱扭扭棒大眼仔洗脸发箍女2025新款搞怪发卡带齿防滑头箍头饰,,,普通订单,8.49,0,0,0,0,0,0,0,0,0,0,0,-0.42,0,0,0,0,-0.42,0,,0,义乌市黎既电子商务商行（个体工商户）,订单结算
2026-04-23 07:41:22,'2026042307411933851151792131,入账,2.67,聚合账户,货款结算入账,小店自卖,'6952004877443208689,'6952004877443208689,'SS76306399038535112080177,2026-04-12 17:09:43,'3784368456477049055,韩国气质碎钻满天星抓夹女后脑勺半扎发鲨鱼夹发量少百搭发卡头饰,,,普通订单,2.69,0,0,0,0,0,0,0,0,0,0,0,-0.02,0,0,0,0,0,0,是-商品卡免佣,0.15,义乌市黎既电子商务商行（个体工商户）,订单结算
2026-04-23 07:41:22,'2026042307411836959690662131,入账,5.32,聚合账户,货款结算入账,小店自卖,'6952009473591940838,'6952009473591940838,'SS76306666912208161820126,2026-04-12 19:27:15,'3750791789322306375,刘海夹前额洋气闪钻轻奢植绒复古夹子双层侧边夹碎发整理夹子女,,,普通订单,3.85,0.45,0,0,0,0,0,0,1.5,0,0,0,-0.03,0,0,0,0,0,0,是-商品卡免佣,0.22,义乌市黎既电子商务商行（个体工商户）,订单结算
2026-04-23 07:41:22,'2026042307411914858982762131,入账,3.58,聚合账户,货款结算入账,精选联盟,'6952029546116289758,'6952029546116289758,'SS76306668416139760900144,2026-04-12 22:25:21,'3763740559714418704,时尚玫瑰花扭扭夹优雅轻奢一字夹盘发新中式发夹2025年新款抓夹,'0,,普通订单,3.98,0,0,0,0,0,0,0,0,0,0,0,-0.2,0,0,0,0,-0.2,0,,0,义乌市黎既电子商务商行（个体工商户）,订单结算
2026-04-23 07:41:39,'2026042307413602612802942131,入账,3.87,聚合账户,货款结算入账,小店自卖,'6952022428785775718,'6952022428785775718,'SS76306666574045514620152,2026-04-12 17:05:09,'3755808382091657328,2025新款中号发夹后脑勺头发鲨鱼夹发卡头饰发量少抓夹女夏天夹子,,,普通订单,3.89,0,0,0,0,0,0,0,0,0,0,0,-0.02,0,0,0,0,0,0,是-商品卡免佣,0.15,义乌市黎既电子商务商行（个体工商户）,订单结算
2026-04-23 07:41:39,'2026042307413726235049222131,入账,4.4,聚合账户,货款结算入账,精选联盟,'6952027017212925380,'6952027017212925380,'SS76306666787206766420025,2026-04-12 17:29:35,'3796640026289373330,蝴蝶结鸭嘴夹小香风毛呢爆款发夹后脑勺气质洋气盘发一字夹子,'0,,普通订单,4.88,0,0,0,0,0,0,0,0,0,0,0,-0.24,0,0,0,0,-0.24,0,,0,义乌市黎既电子商务商行（个体工商户）,订单结算
2026-04-23 07:41:39,'2026042307413607639700832131,入账,1.75,聚合账户,货款结算入账,小店自卖,'6925560617869016423,'6925560617869016423,'SS76306682228634260980157,2026-04-12 23:34:38,'3763932448057065566,磨砂扭扭香蕉夹高马尾大号发夹后脑勺竖夹发卡韩国气质女夹子头饰,,,普通订单,1.76,0,0,0,0,0,0,0,0,0,0,0,-0.01,0,0,0,0,0,0,是-商品卡免佣,0.07,义乌市黎既电子商务商行（个体工商户）,订单结算
2026-04-23 07:41:39,'2026042307413616873395542131,入账,9.03,聚合账户,货款结算入账,小店自卖,'6925694029238927131,'6925694029238927131,'SS76308086917087728730047,2026-04-19 07:46:40,'3760636610463531718,法式复古金标字红色发夹碎发刘海夹简约百搭前额侧边夹发饰女,,,普通订单,9.08,0,0,0,0,0,0,0,0,0,0,0,-0.05,0,0,0,0,0,0,是-商品卡免佣,0.37,义乌市黎既电子商务商行（个体工商户）,订单结算
2026-04-23 07:41:39,'2026042307413711492559362131,入账,3.58,聚合账户,货款结算入账,小店自卖,'6925549941455879809,'6925549941455879809,'SS76306662483758986700152,2026-04-13 07:13:13,'3746150076641313252,网红简约ins纯色宽边发带高颅顶白色发箍女运动健身夏季头饰发饰,,,普通订单,3.77,0.9,0,0,0,0,0,0,0,0,0,0,-0.19,0,0,0,0,0,0,,0,义乌市黎既电子商务商行（个体工商户）,订单结算
2026-04-23 07:42:09,'2026042307420621822510422131,入账,8.05,聚合账户,货款结算入账,小店自卖,'6951998228543051184,'6951998228543051184,'SS76306681162715346270111,2026-04-12 19:22:43,'3673057951649759338,小皮筋小女孩头绳发绳透明多彩小号一次性皮筋儿童橡皮筋发饰扎头,,,普通订单,8.1,1.15,0,0,0,0,0,0,0,0,0,0,-0.05,0,0,0,0,0,0,是-商品卡免佣,0.37,义乌市黎既电子商务商行（个体工商户）,订单结算
2026-04-23 07:42:09,'2026042307420608497116512131,入账,3.81,聚合账户,货款结算入账,小店自卖,'6952024882664773119,'6952024882664773119,'SS76306403594673034390172,2026-04-12 20:44:22,'3784368456477049055,韩国气质碎钻满天星抓夹女后脑勺半扎发鲨鱼夹发量少百搭发卡头饰,,,普通订单,3.83,0,0,0,0,0,0,0,0,0,0,0,-0.02,0,0,0,0,0,0,是-商品卡免佣,0.15,义乌市黎既电子商务商行（个体工商户）,订单结算
2026-04-23 07:42:09,'2026042307420601858442392131,入账,2.67,聚合账户,货款结算入账,小店自卖,'6925560612885266245,'6925560612885266245,'SS76306401506328420190223,2026-04-12 23:24:56,'3784368456477049055,韩国气质碎钻满天星抓夹女后脑勺半扎发鲨鱼夹发量少百搭发卡头饰,,,普通订单,2.69,0,0,0,0,0,0,0,0,0,0,0,-0.02,0,0,0,0,0,0,是-商品卡免佣,0.15,义乌市黎既电子商务商行（个体工商户）,订单结算
2026-04-23 07:42:09,'2026042307420610665170442131,入账,4.35,聚合账户,货款结算入账,小店自卖,'6952045999082837016,'6952045999082837016,'SS76307004723612884630142,2026-04-13 12:30:31,'3806285088233226368,韩系~时尚百搭简约女格纹布少女风艺带齿细发箍个性压发箍头箍女,,,普通订单,4.38,0,0,0,0,0,0,0,0,0,0,0,-0.03,0,0,0,0,0,0,是-商品卡免佣,0.22,义乌市黎既电子商务商行（个体工商户）,订单结算
2026-04-23 07:42:09,'2026042307420607995069962131,入账,10.62,聚合账户,货款结算入账,小店自卖,'6925545013969518263,'6925545013969518263,'SS76306668234694702170201,2026-04-12 22:24:42,'3766001784691229117,夏天简约随手盘发一字扭扭夹水钻抓夹高级发夹扭扭后脑勺盘发器,,,普通订单,10.68,0,0,0,0,0,0,0,0,0,0,0,-0.06,0,0,0,0,0,0,是-商品卡免佣,0.44,义乌市黎既电子商务商行（个体工商户）,订单结算
2026-04-23 07:42:24,'2026042307422035959611402131,入账,2.03,聚合账户,货款结算入账,小店自卖,'6952007399860475670,'6952007399860475670,'SS76296809402614789120214,2026-04-12 21:16:18,'3678113765968183331,黑色磨砂抓夹大号网红2026新款发卡高级感鲨鱼夹发饰女后脑勺发夹,,,普通订单,3.04,0.39,0,0,0,0,0,0,0,0,0,-1,-0.01,0,0,0,0,0,0,是-商品卡免佣,0.07,义乌市黎既电子商务商行（个体工商户）,订单结算
2026-04-23 07:42:24,'2026042307422210737912472131,入账,2.52,聚合账户,货款结算入账,精选联盟,'6952170905346315903,'6952170905346315903,'SS76308176971102784410123,2026-04-18 09:03:29,'3806285088233226368,韩系~时尚百搭简约女格纹布少女风艺带齿细发箍个性压发箍头箍女,'0,,普通订单,2.46,0,0,0.34,0,0,0,0,0,0,0,0,-0.14,0,0,0,0,-0.14,0,,0,义乌市黎既电子商务商行（个体工商户）,订单结算
2026-04-23 07:42:24,'2026042307422105301048662131,入账,2.07,聚合账户,货款结算入账,精选联盟,'6952037146866685470,'6952037146866685470,'SS76307406937492037500208,2026-04-13 14:30:16,'3782115864158011677,新款大号花朵头发夹子发卡子网红爆款妈妈抓夹女后脑勺盘发鸭嘴夹,'0,,普通订单,0.01,0,0,2.3,0,0,0,0,0,0,0,0,-0.12,0,0,0,0,-0.12,0,,0,义乌市黎既电子商务商行（个体工商户）,订单结算
2026-04-23 07:42:24,'2026042307422104457106442131,入账,3.41,聚合账户,货款结算入账,小店自卖,'6925561630242274443,'6925561630242274443,'SS76306999647836902820082,2026-04-13 12:13:51,'3673388116573553024,花朵儿童盘发神器新款宝宝丸子头盘发器宝宝扎头神器头饰发饰女孩,,,普通订单,3.43,0.55,0,0,0,0,0,0,0,0,0,0,-0.02,0,0,0,0,0,0,是-商品卡免佣,0.15,义乌市黎既电子商务商行（个体工商户）,订单结算
2026-04-23 07:42:25,'2026042307422135195336202131,入账,3.02,聚合账户,货款结算入账,精选联盟,'6925542321949933154,'6925542321949933154,'SS76306419430728174580171,2026-04-12 20:14:33,'3806839693081969009,春夏简约随手盘发高级发夹一字扭扭夹水钻抓夹扭扭后脑勺盘发器,'0,,普通订单,0.01,0,0,3.35,0,0,0,0,0,0,0,0,-0.17,0,0,0,0,-0.17,0,,0,义乌市黎既电子商务商行（个体工商户）,订单结算
2026-04-23 07:42:35,'2026042307423131680476312131,入账,3.19,聚合账户,货款结算入账,小店自卖,'6925557194689772559,'6925557194689772559,'SS76307374683937551870101,2026-04-13 11:40:02,'3806839693081969009,春夏简约随手盘发高级发夹一字扭扭夹水钻抓夹扭扭后脑勺盘发器,,,普通订单,0.25,0,0,3.01,0,0,0,0,0,0.1,0,0,-0.17,0,0,0,0,0,0,,0,义乌市黎既电子商务商行（个体工商户）,订单结算
2026-04-23 07:42:35,'2026042307423210119623832131,入账,1.95,聚合账户,货款结算入账,小店自卖,'6925698279589641413,'6925698279589641413,'SS76308020551923796900156,2026-04-19 00:44:19,'3806280662462366067,kitty猫~刘海贴精致可爱甜美少女棉花糖猫兔碎发贴魔术贴无痕发饰,,,普通订单,0.01,0,0,1.95,0,0,0,0,0,0,0,0,-0.01,0,0,0,0,0,0,是-商品卡免佣,0.07,义乌市黎既电子商务商行（个体工商户）,订单结算
2026-04-23 07:42:35,'2026042307423216637342872131,入账,3.63,聚合账户,货款结算入账,小店自卖,'6925558535219674437,'6925558535219674437,'SS76306668407249308350240,2026-04-12 23:26:27,'3807763574974186291,气质高级亮黑色大号鲨鱼抓夹女后脑勺时尚发卡巨能抓头饰2026新款,,,普通订单,0.01,0,0,3.64,0,0,0,0,0,0,0,0,-0.02,0,0,0,0,0,0,是-商品卡免佣,0.15,义乌市黎既电子商务商行（个体工商户）,订单结算
2026-04-23 07:42:35,'2026042307423232903334922131,入账,3.81,聚合账户,货款结算入账,小店自卖,'6952017974719681900,'6952017974719681900,'SS76306403500671142500080,2026-04-12 16:58:54,'3784368456477049055,韩国气质碎钻满天星抓夹女后脑勺半扎发鲨鱼夹发量少百搭发卡头饰,,,普通订单,0.01,0,0,3.82,0,0,0,0,0,0,0,0,-0.02,0,0,0,0,0,0,是-商品卡免佣,0.15,义乌市黎既电子商务商行（个体工商户）,订单结算
2026-04-23 07:42:35,'2026042307423210541304722131,入账,4.4,聚合账户,货款结算入账,精选联盟,'6952054595120928614,'6952054595120928614,'SS76307836177446876250060,2026-04-14 12:38:38,'3782115864158011677,新款大号花朵头发夹子发卡子网红爆款妈妈抓夹女后脑勺盘发鸭嘴夹,'0,,普通订单,3.42,0,0,1.46,0,0,0,0,0,0,0,0,-0.24,0,0,0,0,-0.24,0,,0,义乌市黎既电子商务商行（个体工商户）,订单结算
2026-04-23 07:42:45,'2026042307424228118389822131,入账,4.4,聚合账户,货款结算入账,精选联盟,'6952173415339660817,'6952173415339660817,'SS76307418222814991990015,2026-04-18 10:44:42,'3796640026289373330,蝴蝶结鸭嘴夹小香风毛呢爆款发夹后脑勺气质洋气盘发一字夹子,'0,,普通订单,2.88,0,0,2,0,0,0,0,0,0,0,0,-0.24,0,0,0,0,-0.24,0,,0,义乌市黎既电子商务商行（个体工商户）,订单结算
2026-04-23 07:42:45,'2026042307424226056788672131,入账,2.67,聚合账户,货款结算入账,小店自卖,'6952011813105898841,'6952011813105898841,'SS76306399875873344460216,2026-04-12 18:43:30,'3784368456477049055,韩国气质碎钻满天星抓夹女后脑勺半扎发鲨鱼夹发量少百搭发卡头饰,,,普通订单,0.01,0,0,2.68,0,0,0,0,0,0,0,0,-0.02,0,0,0,0,0,0,是-商品卡免佣,0.15,义乌市黎既电子商务商行（个体工商户）,订单结算
2026-04-23 07:42:45,'2026042307424211961841022131,入账,10.29,聚合账户,货款结算入账,小店自卖,'6925554145896267561,'6925554145896267561,'SS76307408135469304750178,2026-04-12 21:06:02,'3780082450697421216,时尚优雅布艺发饰仙女碎花大蝴蝶结飘带抓夹女后脑勺鲨鱼夹子发饰,,,普通订单,10.83,0.3,0,0,0,0,0,0,0,0,0,0,-0.54,0,0,0,0,0,0,,0,义乌市黎既电子商务商行（个体工商户）,订单结算
2026-04-23 07:42:45,'2026042307424211004971612131,入账,2.67,聚合账户,货款结算入账,小店自卖,'6925546540614516130,'6925546540614516130,'SS76306400054810544740068,2026-04-12 19:28:33,'3784368456477049055,韩国气质碎钻满天星抓夹女后脑勺半扎发鲨鱼夹发量少百搭发卡头饰,,,普通订单,0.01,0,0,2.68,0,0,0,0,0,0,0,0,-0.02,0,0,0,0,0,0,是-商品卡免佣,0.15,义乌市黎既电子商务商行（个体工商户）,订单结算
2026-04-23 07:42:45,'2026042307424240114959422131,入账,5.31,聚合账户,货款结算入账,小店自卖,'6952021243661653703,'6952021243661653703,'SS76306668936080922020199,2026-04-13 00:03:54,'3766001784691229117,夏天简约随手盘发一字扭扭夹水钻抓夹高级发夹扭扭后脑勺盘发器,,,普通订单,5.34,0,0,0,0,0,0,0,0,0,0,0,-0.03,0,0,0,0,0,0,是-商品卡免佣,0.22,义乌市黎既电子商务商行（个体工商户）,订单结算
2026-04-23 07:42:51,'2026042307424808473157272131,入账,2.43,聚合账户,货款结算入账,精选联盟,'6952043490537116812,'6952043490537116812,'SS76307437340243891740097,2026-04-13 08:54:31,'3784368456477049055,韩国气质碎钻满天星抓夹女后脑勺半扎发鲨鱼夹发量少百搭发卡头饰,'0,,普通订单,0.01,0,0,2.68,0,0,0,0,0,0,0,0,-0.13,0,0,0,0,-0.13,0,,0,义乌市黎既电子商务商行（个体工商户）,订单结算
2026-04-23 07:42:51,'2026042307424806890010122131,入账,3.45,聚合账户,货款结算入账,精选联盟,'6925567204330995489,'6925567204330995489,'SS76307440135026119830107,2026-04-13 11:14:47,'3784368456477049055,韩国气质碎钻满天星抓夹女后脑勺半扎发鲨鱼夹发量少百搭发卡头饰,'0,,普通订单,0.83,0,0,3,0,0,0,0,0,0,0,0,-0.19,0,0,0,0,-0.19,0,,0,义乌市黎既电子商务商行（个体工商户）,订单结算
2026-04-23 07:42:51,'2026042307424818778688152131,入账,7.86,聚合账户,货款结算入账,小店自卖,'6952000224738612359,'6952000224738612359,'SS76307250172244134670141,2026-04-12 16:34:49,'3752095299238232258,高级复古孔雀发夹后脑勺2025新款盘发懒人扭扭丸子夹后脑勺卡子女,,,普通订单,7.91,1.55,0,0,0,0,0,0,0,0,0,0,-0.05,0,0,0,0,0,0,是-商品卡免佣,0.37,义乌市黎既电子商务商行（个体工商户）,订单结算
2026-04-23 07:42:52,'2026042307424811376235922131,入账,2.86,聚合账户,货款结算入账,小店自卖,'6925554729987178369,'6925554729987178369,'SS76306668193869051280182,2026-04-13 01:01:45,'3761395105840365661,高级感水钻满天星发夹女后脑勺盘发神器发卡青蛙夹扭扭夹发卡头饰,,,普通订单,0.68,0,0,2.2,0,0,0,0,0,0,0,0,-0.02,0,0,0,0,0,0,是-商品卡免佣,0.15,义乌市黎既电子商务商行（个体工商户）,订单结算
2026-04-23 07:42:52,'2026042307424840399183762131,入账,6.65,聚合账户,货款结算入账,小店自卖,'6952039526396728650,'6952039526396728650,'SS76307408997858675580098,2026-04-13 14:58:23,'3673435992590778649,甜美蝴蝶结编发发夹新款网红碎发夹刘海夹侧边夹可爱小夹子头饰时,,,普通订单,6.69,0.9,0,0,0,0,0,0,0,0,0,0,-0.04,0,0,0,0,0,0,是-商品卡免佣,0.29,义乌市黎既电子商务商行（个体工商户）,订单结算
2026-04-23 07:46:50,'2026042307464738382313222131,入账,1.54,聚合账户,货款结算入账,小店自卖,'6925424221711793382,'6925424221711662310,'SS76306999937378227350111,2026-04-07 16:51:26,'3677523184426549486,韩国字母黑色抓夹高级感气质鲨鱼夹2024春夏扎头发女后脑勺大号,,,普通订单,1.55,0,0,0,0,0,0,0,0,0,0,0,-0.01,0,0,0,0,0,0,是-商品卡免佣,0.07,义乌市黎既电子商务商行（个体工商户）,订单结算
2026-04-23 07:46:50,'2026042307464620721999632131,入账,2.67,聚合账户,货款结算入账,小店自卖,'6925548258581249282,'6925548258581249282,'SS76307438288113835900056,2026-04-13 13:21:00,'3784368456477049055,韩国气质碎钻满天星抓夹女后脑勺半扎发鲨鱼夹发量少百搭发卡头饰,,,普通订单,2.69,0,0,0,0,0,0,0,0,0,0,0,-0.02,0,0,0,0,0,0,是-商品卡免佣,0.15,义乌市黎既电子商务商行（个体工商户）,订单结算
2026-04-23 07:46:50,'2026042307464718719872272131,入账,2.15,聚合账户,货款结算入账,小店自卖,'6925546641041030843,'6925546641041030843,'SS76306386336575818240165,2026-04-12 20:03:44,'3806293802847699345,韩式豹纹波点褶皱高级扭扭马尾卡通风香蕉发夹后脑勺显发发卡头饰,,,普通订单,2.16,0,0,0,0,0,0,0,0,0,0,0,-0.01,0,0,0,0,0,0,是-商品卡免佣,0.07,义乌市黎既电子商务商行（个体工商户）,订单结算
2026-04-23 07:46:50,'2026042307464641698102022131,入账,4.82,聚合账户,货款结算入账,小店自卖,'6925550085718834418,'6925550085718834418,'SS76306791900067108110011,2026-04-13 09:00:58,'3750791789322306375,刘海夹前额洋气闪钻轻奢植绒复古夹子双层侧边夹碎发整理夹子女,,,普通订单,4.85,0.45,0,0,0,0,0,0,0,0,0,0,-0.03,0,0,0,0,0,0,是-商品卡免佣,0.22,义乌市黎既电子商务商行（个体工商户）,订单结算
2026-04-23 07:46:50,'2026042307464430336950172131,入账,3.17,聚合账户,货款结算入账,小店自卖,'6952025705008337966,'6952025705008337966,'SS76307000409062446590068,2026-04-13 10:48:06,'3745788060114223511,五角星星水钻发夹女碎发刘海夹子满钻镂空侧边夹后脑勺发卡bb夹,,,普通订单,3.19,0,0,0,0,0,0,0,0,0,0,0,-0.02,0,0,0,0,0,0,是-商品卡免佣,0.15,义乌市黎既电子商务商行（个体工商户）,订单结算
2026-04-23 07:46:51,'2026042307464817045097422131,入账,2.43,聚合账户,货款结算入账,精选联盟,'6952029399195260817,'6952029399195260817,'SS76306400114036416150209,2026-04-12 20:53:14,'3784368456477049055,韩国气质碎钻满天星抓夹女后脑勺半扎发鲨鱼夹发量少百搭发卡头饰,'7622866447274394661,婷婷百货甄选,普通订单,2.69,0,0,0,0,0,0,0,0,0,0,0,-0.13,-0.13,0,0,0,0,0,,0,义乌市黎既电子商务商行（个体工商户）,订单结算
2026-04-23 07:46:51,'2026042307464735491028752131,入账,4.85,聚合账户,货款结算入账,小店自卖,'6925615076490247631,'6925615076490247631,'SS76307852326355443830062,2026-04-15 15:06:33,'3796640026289373330,蝴蝶结鸭嘴夹小香风毛呢爆款发夹后脑勺气质洋气盘发一字夹子,,,普通订单,4.88,0,0,0,0,0,0,0,0,0,0,0,-0.03,0,0,0,0,0,0,是-商品卡免佣,0.22,义乌市黎既电子商务商行（个体工商户）,订单结算
2026-04-23 07:46:51,'2026042307464640276958812131,入账,4.2,聚合账户,货款结算入账,小店自卖,'6952029596167509276,'6952029596167509276,'SS76306668068750955950078,2026-04-12 22:24:14,'3766001784691229117,夏天简约随手盘发一字扭扭夹水钻抓夹高级发夹扭扭后脑勺盘发器,,,普通订单,4.23,0,0,0,0,0,0,0,0,0,0,0,-0.03,0,0,0,0,0,0,是-商品卡免佣,0.22,义乌市黎既电子商务商行（个体工商户）,订单结算
2026-04-23 07:46:51,'2026042307464714859148892131,入账,4.6,聚合账户,货款结算入账,小店自卖,'6925540743288421591,'6925540743288421591,'SS76306668932850816100021,2026-04-12 23:13:14,'3761395105840365661,高级感水钻满天星发夹女后脑勺盘发神器发卡青蛙夹扭扭夹发卡头饰,,,普通订单,4.63,0,0,0,0,0,0,0,0,0,0,0,-0.03,0,0,0,0,0,0,是-商品卡免佣,0.22,义乌市黎既电子商务商行（个体工商户）,订单结算
2026-04-23 07:46:51,'2026042307464728047160822131,入账,4.37,聚合账户,货款结算入账,小店自卖,'6952029629298120079,'6952029629298120079,'SS76307027766130488830043,2026-04-12 22:40:27,'3809231725708574738,2026新款橡皮筋简约珍珠大肠发圈女头绳扎头发优雅皮套高颜值发饰,,,普通订单,4.4,0,0,0,0,0,0,0,0,0,0,0,-0.03,0,0,0,0,0,0,是-商品卡免佣,0.22,义乌市黎既电子商务商行（个体工商户）,订单结算
2026-04-23 07:47:06,'2026042307470214261335402131,入账,3.32,聚合账户,货款结算入账,精选联盟,'6952020843079341178,'6952020843079341178,'SS76306667464262786710222,2026-04-12 20:22:12,'3763932675732275215,简约高马尾香蕉夹抓夹女高级感2025新款大号一字扭扭夹发夹发饰夏,'0,,普通订单,0.68,0,0,3,0,0,0,0,0,0,0,0,-0.18,0,0,0,0,-0.18,0,,0,义乌市黎既电子商务商行（个体工商户）,订单结算
2026-04-23 07:47:06,'2026042307470301266652662131,入账,2.43,聚合账户,货款结算入账,精选联盟,'6925549440334266094,'6925549440334266094,'SS76306401272490232580243,2026-04-12 22:38:44,'3784368456477049055,韩国气质碎钻满天星抓夹女后脑勺半扎发鲨鱼夹发量少百搭发卡头饰,'0,,普通订单,0.01,0,0,2.68,0,0,0,0,0,0,0,0,-0.13,0,0,0,0,-0.13,0,,0,义乌市黎既电子商务商行（个体工商户）,订单结算
2026-04-23 07:47:06,'2026042307470034992791452131,入账,2.67,聚合账户,货款结算入账,小店自卖,'6952086452789908928,'6952086452789908928,'SS76308069686526612910084,2026-04-15 06:29:58,'3784368456477049055,韩国气质碎钻满天星抓夹女后脑勺半扎发鲨鱼夹发量少百搭发卡头饰,,,普通订单,0.69,0,0,2,0,0,0,0,0,0,0,0,-0.02,0,0,0,0,0,0,是-商品卡免佣,0.15,义乌市黎既电子商务商行（个体工商户）,订单结算
2026-04-23 07:47:06,'2026042307470336408860422131,入账,1.95,聚合账户,货款结算入账,小店自卖,'6925688864869679020,'6925688864869679020,'SS76308279041760998800088,2026-04-18 15:42:28,'3806818304228720842,整理神器可爱蝴蝶结小猫无痕刘海贴魔术贴发饰少女前额侧边碎发贴,,,普通订单,0.01,0,0,1.95,0,0,0,0,0,0,0,0,-0.01,0,0,0,0,0,0,是-商品卡免佣,0.07,义乌市黎既电子商务商行（个体工商户）,订单结算
2026-04-23 07:47:06,'2026042307470322836557312131,入账,4.6,聚合账户,货款结算入账,小店自卖,'6925648111645916821,'6925648111645916821,'SS76308110871553520910084,2026-04-16 17:11:09,'3761395105840365661,高级感水钻满天星发夹女后脑勺盘发神器发卡青蛙夹扭扭夹发卡头饰,,,普通订单,0.01,0,0,4.62,0,0,0,0,0,0,0,0,-0.03,0,0,0,0,0,0,是-商品卡免佣,0.22,义乌市黎既电子商务商行（个体工商户）,订单结算
2026-04-23 07:47:26,'2026042307472209591240082131,入账,2.43,聚合账户,货款结算入账,精选联盟,'6952031513102783498,'6952031513102783498,'SS76306400071798628350225,2026-04-12 20:29:33,'3784368456477049055,韩国气质碎钻满天星抓夹女后脑勺半扎发鲨鱼夹发量少百搭发卡头饰,'0,,普通订单,0.01,0,0,2.68,0,0,0,0,0,0,0,0,-0.13,0,0,0,0,-0.13,0,,0,义乌市黎既电子商务商行（个体工商户）,订单结算
2026-04-23 07:47:26,'2026042307472222943053202131,入账,3.94,聚合账户,货款结算入账,小店自卖,'6952043205168862920,'6952043205168862920,'SS76305120768970757470170,2026-04-13 01:46:04,'3806479482789953902,新款蓝楹蝶!甜美氛围感头花侧边夹旅行发卡！早春气质蓝色花朵发夹,,,普通订单,0.01,0,0,3.95,0,0,0,0,0,0,0,0,-0.02,0,0,0,0,0,0,是-商品卡免佣,0.15,义乌市黎既电子商务商行（个体工商户）,订单结算
2026-04-23 07:47:26,'2026042307472230711324682131,入账,3.65,聚合账户,货款结算入账,小店自卖,'6952018066390455969,'6952018066390455969,'SS76306665961423508910094,2026-04-12 17:59:59,'3763932448057065566,磨砂扭扭香蕉夹高马尾大号发夹后脑勺竖夹发卡韩国气质女夹子头饰,,,普通订单,3.67,0,0,0,0,0,0,0,0,0,0,0,-0.02,0,0,0,0,0,0,是-商品卡免佣,0.15,义乌市黎既电子商务商行（个体工商户）,订单结算
2026-04-23 07:47:26,'2026042307472227065720842131,入账,3.52,聚合账户,货款结算入账,精选联盟,'6952023104695244756,'6952023104695244756,'SS76306633642387707380179,2026-04-12 23:18:14,'3806280662462366067,kitty猫~刘海贴精致可爱甜美少女棉花糖猫兔碎发贴魔术贴无痕发饰,'0,,普通订单,0.92,0,0,3,0,0,0,0,0,0,0,0,-0.2,0,0,0,0,-0.2,0,,0,义乌市黎既电子商务商行（个体工商户）,订单结算
2026-04-23 07:47:26,'2026042307472141555069782131,入账,3.45,聚合账户,货款结算入账,精选联盟,'6952041344316085668,'6952041344316085668,'SS76307440318236800400184,2026-04-13 11:26:25,'3784368456477049055,韩国气质碎钻满天星抓夹女后脑勺半扎发鲨鱼夹发量少百搭发卡头饰,'0,,普通订单,0.01,0,0,3.82,0,0,0,0,0,0,0,0,-0.19,0,0,0,0,-0.19,0,,0,义乌市黎既电子商务商行（个体工商户）,订单结算
2026-04-23 07:49:04,'2026042307490016257851392131,入账,1.94,聚合账户,货款结算入账,小店自卖,'6925683304775647033,'6925683304775647033,'SS76307428672165317180208,2026-04-17 23:35:44,'3763932675732275215,简约高马尾香蕉夹抓夹女高级感2025新款大号一字扭扭夹发夹发饰夏,,,普通订单,1.95,0,0,0,0,0,0,0,0,0,0,0,-0.01,0,0,0,0,0,0,是-商品卡免佣,0.07,义乌市黎既电子商务商行（个体工商户）,订单结算
2026-04-23 07:49:04,'2026042307490032927626332131,入账,3.81,聚合账户,货款结算入账,小店自卖,'6925424221711727846,'6925424221711662310,'SS76306999950004393110185,2026-04-07 16:51:26,'3784368456477049055,韩国气质碎钻满天星抓夹女后脑勺半扎发鲨鱼夹发量少百搭发卡头饰,,,普通订单,3.83,0,0,0,0,0,0,0,0,0,0,0,-0.02,0,0,0,0,0,0,是-商品卡免佣,0.15,义乌市黎既电子商务商行（个体工商户）,订单结算
2026-04-23 07:49:04,'2026042307490009159150082131,入账,3.61,聚合账户,货款结算入账,小店自卖,'6952012476755416682,'6952012476755416682,'SS76306668796563464030222,2026-04-12 23:44:38,'3806450472450130341,新款复古抓夹女豹纹蝴蝶结鲨鱼夹2026后脑勺盘发发夹高级感发饰,,,普通订单,2.63,0,0,1,0,0,0,0,0,0,0,0,-0.02,0,0,0,0,0,0,是-商品卡免佣,0.15,义乌市黎既电子商务商行（个体工商户）,订单结算
2026-04-23 07:49:04,'2026042307490026090708882131,入账,4.64,聚合账户,货款结算入账,小店自卖,'6952024766258812803,'6952024766258812803,'SS76307365658462131560064,2026-04-12 20:14:59,'3796640026289373330,蝴蝶结鸭嘴夹小香风毛呢爆款发夹后脑勺气质洋气盘发一字夹子,,,普通订单,0.01,0,0,4.87,0,0,0,0,0,0,0,0,-0.24,0,0,0,0,0,0,,0,义乌市黎既电子商务商行（个体工商户）,订单结算
2026-04-23 07:49:04,'2026042307490105268157782131,入账,2.35,聚合账户,货款结算入账,精选联盟,'6952131982886246167,'6952131982886246167,'SS76307796049612805220020,2026-04-17 12:03:19,'3797721460399800661,甜美韩系填充花朵飘带大肠发圈立体大号发绳女童头花皮筋儿童发饰,'0,,普通订单,0.01,0,0,2.6,0,0,0,0,0,0,0,0,-0.13,0,0,0,0,-0.13,0,,0,义乌市黎既电子商务商行（个体工商户）,订单结算
2026-04-23 07:49:20,'2026042307491737234450182131,入账,2.52,聚合账户,货款结算入账,精选联盟,'6925637584935419875,'6925637584935419875,'SS76306382348861115390003,2026-04-16 17:38:44,'3806285088233226368,韩系~时尚百搭简约女格纹布少女风艺带齿细发箍个性压发箍头箍女,'0,,普通订单,0.01,0,0,2.79,0,0,0,0,0,0,0,0,-0.14,0,0,0,0,-0.14,0,,0,义乌市黎既电子商务商行（个体工商户）,订单结算
2026-04-23 07:49:20,'2026042307491711302385142131,入账,4.2,聚合账户,货款结算入账,小店自卖,'6925560748806864835,'6925560748806864835,'SS76306668450379041620232,2026-04-13 01:32:01,'3766001784691229117,夏天简约随手盘发一字扭扭夹水钻抓夹高级发夹扭扭后脑勺盘发器,,,普通订单,4.23,0,0,0,0,0,0,0,0,0,0,0,-0.03,0,0,0,0,0,0,是-商品卡免佣,0.22,义乌市黎既电子商务商行（个体工商户）,订单结算
2026-04-23 07:49:20,'2026042307491629961426022131,入账,1.91,聚合账户,货款结算入账,小店自卖,'6925589388638650223,'6925589388638650223,'SS76307221954208898620085,2026-04-14 14:36:14,'3776769690882408946,简约三角形头发抓夹高级鲨鱼夹2025秋冬新款发夹后脑勺盘发夹子女,,,普通订单,0.01,0,0,1.91,0,0,0,0,0,0,0,0,-0.01,0,0,0,0,0,0,是-商品卡免佣,0.07,义乌市黎既电子商务商行（个体工商户）,订单结算
2026-04-23 07:49:20,'2026042307491640146536962131,入账,3.59,聚合账户,货款结算入账,小店自卖,'6952016419163149666,'6952016419163149666,'SS76306605590888614820130,2026-04-12 21:55:23,'3766001784691229117,夏天简约随手盘发一字扭扭夹水钻抓夹高级发夹扭扭后脑勺盘发器,,,普通订单,3.61,0.69,0,0,0,0,0,0,0,0,0,0,-0.02,0,0,0,0,0,0,是-商品卡免佣,0.15,义乌市黎既电子商务商行（个体工商户）,订单结算
2026-04-23 07:49:20,'2026042307491621695206752131,入账,1.76,聚合账户,货款结算入账,精选联盟,'6952062592729028562,'6952062592729028562,'SS76305059371950906970033,2026-04-14 06:40:33,'3806280662462366067,kitty猫~刘海贴精致可爱甜美少女棉花糖猫兔碎发贴魔术贴无痕发饰,'0,,普通订单,0.01,0,0,1.95,0,0,0,0,0,0,0,0,-0.1,0,0,0,0,-0.1,0,,0,义乌市黎既电子商务商行（个体工商户）,订单结算
2026-04-23 07:49:26,'2026042307492318501634972131,入账,3.75,聚合账户,货款结算入账,小店自卖,'6952016664956245196,'6952016664956245196,'SS76306663797083346260124,2026-04-12 23:50:55,'3746150076641313252,网红简约ins纯色宽边发带高颅顶白色发箍女运动健身夏季头饰发饰,,,普通订单,3.77,0.9,0,0,0,0,0,0,0,0,0,0,-0.02,0,0,0,0,0,0,是-商品卡免佣,0.15,义乌市黎既电子商务商行（个体工商户）,订单结算
2026-04-23 07:49:26,'2026042307492339012933312131,入账,3.75,聚合账户,货款结算入账,小店自卖,'6952049749725746245,'6952049749725746245,'SS76308450650988385680072,2026-04-14 11:41:52,'3746150076641313252,网红简约ins纯色宽边发带高颅顶白色发箍女运动健身夏季头饰发饰,,,普通订单,3.77,0.9,0,0,0,0,0,0,0,0,0,0,-0.02,0,0,0,0,0,0,是-商品卡免佣,0.15,义乌市黎既电子商务商行（个体工商户）,订单结算
2026-04-23 07:49:26,'2026042307492232557632502131,入账,4.35,聚合账户,货款结算入账,小店自卖,'6952156065596249846,'6952156065596249846,'SS76307026435865644040079,2026-04-18 09:26:48,'3806285088233226368,韩系~时尚百搭简约女格纹布少女风艺带齿细发箍个性压发箍头箍女,,,普通订单,4.38,0,0,0,0,0,0,0,0,0,0,0,-0.03,0,0,0,0,0,0,是-商品卡免佣,0.22,义乌市黎既电子商务商行（个体工商户）,订单结算
2026-04-23 07:49:26,'2026042307492337673208952131,入账,2.09,聚合账户,货款结算入账,小店自卖,'6952007349644432551,'6952007349644432551,'SS76306667561356375040130,2026-04-12 20:39:08,'3739540605139812612,发量少的抓夹女2025新款高级感中号鲨鱼夹后脑勺盘发发夹夹子发饰,,,普通订单,2.1,0,0,0,0,0,0,0,0,0,0,0,-0.01,0,0,0,0,0,0,是-商品卡免佣,0.07,义乌市黎既电子商务商行（个体工商户）,订单结算
2026-04-23 07:49:26,'2026042307492418667113502131,入账,2.43,聚合账户,货款结算入账,精选联盟,'6952153146097145164,'6952153146097145164,'SS76306677964684495550072,2026-04-17 21:27:18,'3784368456477049055,韩国气质碎钻满天星抓夹女后脑勺半扎发鲨鱼夹发量少百搭发卡头饰,'0,,普通订单,2.69,0,0,0,0,0,0,0,0,0,0,0,-0.13,0,0,0,0,-0.13,0,,0,义乌市黎既电子商务商行（个体工商户）,订单结算
2026-04-23 07:49:26,'2026042307492340646948112131,入账,3.08,聚合账户,货款结算入账,小店自卖,'6925640391784496610,'6925640391784431074,'SS76306239050818030580225,2026-04-16 09:50:52,'3746153916182692087,法式文艺~复古甜美方巾大肠发圈女高级感ins大号高马尾甜妹发饰,,,普通订单,3.24,0,0,0,0,0,0,0,0,0,0,0,-0.16,0,0,0,0,0,0,,0,义乌市黎既电子商务商行（个体工商户）,订单结算
2026-04-23 07:49:26,'2026042307492304287902812131,入账,3.87,聚合账户,货款结算入账,小店自卖,'6952024892992918778,'6952024892992918778,'SS76306650100426839500237,2026-04-12 21:16:36,'3807732934811713667,新款牡丹花羽毛抓夹女高颜值轻奢时尚百搭鲨鱼夹发饰头饰夹发神器,,,普通订单,3.89,0,0,0,0,0,0,0,0,0,0,0,-0.02,0,0,0,0,0,0,是-商品卡免佣,0.15,义乌市黎既电子商务商行（个体工商户）,订单结算
2026-04-23 07:49:26,'2026042307492331152376412131,入账,2.94,聚合账户,货款结算入账,小店自卖,'6925551618129165419,'6925551618129165419,'SS76306667480483312980016,2026-04-12 20:15:52,'3807763574974186291,气质高级亮黑色大号鲨鱼抓夹女后脑勺时尚发卡巨能抓头饰2026新款,,,普通订单,2.96,0,0,0,0,0,0,0,0,0,0,0,-0.02,0,0,0,0,0,0,是-商品卡免佣,0.15,义乌市黎既电子商务商行（个体工商户）,订单结算
2026-04-23 07:49:26,'2026042307492135030633342131,入账,5.08,聚合账户,货款结算入账,小店自卖,'6951997887832725194,'6951997887832725194,'SS76306662564799291280248,2026-04-12 15:29:05,'3746150076641313252,网红简约ins纯色宽边发带高颅顶白色发箍女运动健身夏季头饰发饰,,,普通订单,5.11,0.9,0,0,0,0,0,0,0,0,0,0,-0.03,0,0,0,0,0,0,是-商品卡免佣,0.22,义乌市黎既电子商务商行（个体工商户）,订单结算
2026-04-23 07:49:26,'2026042307492302360939902131,入账,4.85,聚合账户,货款结算入账,小店自卖,'6925540641646083725,'6925540641646083725,'SS76306668257107317860229,2026-04-12 22:34:11,'3796640026289373330,蝴蝶结鸭嘴夹小香风毛呢爆款发夹后脑勺气质洋气盘发一字夹子,,,普通订单,4.88,0,0,0,0,0,0,0,0,0,0,0,-0.03,0,0,0,0,0,0,是-商品卡免佣,0.22,义乌市黎既电子商务商行（个体工商户）,订单结算
2026-04-23 07:49:42,'2026042307493916177242232131,入账,1.66,聚合账户,货款结算入账,精选联盟,'6952025567549461556,'6952025567549461556,'SS76306792024207529340212,2026-04-13 08:53:28,'3746529925562237053,满钻星星碎发整理神器隐形碎发梳女儿童固定头发夹子拉拉梳头饰,'95957951689,菲菲优选,普通订单,1.89,0.39,0,0,0,0,0,0,0,0,0,0,-0.09,-0.14,0,0,0,0,0,,0,义乌市黎既电子商务商行（个体工商户）,订单结算
2026-04-23 07:49:42,'2026042307493912081733632131,入账,4.94,聚合账户,货款结算入账,小店自卖,'6925540784660512191,'6925540784660512191,'SS76306668055562532180110,2026-04-12 23:14:18,'3683590910169448490,新款碎发梳插梳韩版女孩夹子后脑勺刘海整理发夹卡子成年人发头饰,,,普通订单,4.97,0,0,0,0,0,0,0,0,0,0,0,-0.03,0,0,0,0,0,0,是-商品卡免佣,0.22,义乌市黎既电子商务商行（个体工商户）,订单结算
2026-04-23 07:49:42,'2026042307493815291031102131,入账,4.95,聚合账户,货款结算入账,小店自卖,'6952180194083476920,'6952180194083476920,'SS76307828219940910350214,2026-04-18 13:27:12,'3812573397322432839,新款密齿香蕉韩系法式波点蕾丝蝴蝶结后脑勺盘发发夹发卡马尾发饰,,,普通订单,4.98,0,0,0,0,0,0,0,0,0,0,0,-0.03,0,0,0,0,0,0,是-商品卡免佣,0.22,义乌市黎既电子商务商行（个体工商户）,订单结算
2026-04-23 07:49:42,'2026042307493914641897472131,入账,1.94,聚合账户,货款结算入账,小店自卖,'6925645431733452123,'6925645431733452123,'SS76307226972276167680000,2026-04-16 14:03:50,'3763932675732275215,简约高马尾香蕉夹抓夹女高级感2025新款大号一字扭扭夹发夹发饰夏,,,普通订单,1.95,0,0,0,0,0,0,0,0,0,0,0,-0.01,0,0,0,0,0,0,是-商品卡免佣,0.07,义乌市黎既电子商务商行（个体工商户）,订单结算
2026-04-23 07:49:42,'2026042307493805295802942131,入账,6.13,聚合账户,货款结算入账,精选联盟,'6952138496401741796,'6952138496401741796,'SS76307468757842660380152,2026-04-17 10:25:43,'3673057951649759338,小皮筋小女孩头绳发绳透明多彩小号一次性皮筋儿童橡皮筋发饰扎头,'72198909313,茵茵优选🤗,普通订单,6.94,1.15,0,0,0,0,0,0,0,0,0,0,-0.35,-0.46,0,0,0,0,0,,0,义乌市黎既电子商务商行（个体工商户）,订单结算
2026-04-23 07:49:57,'2026042307495339271470182131,入账,4.32,聚合账户,货款结算入账,小店自卖,'6925558389044444321,'6925558389044444321,'SS76288819724891960320163,2026-04-12 22:34:11,'3766001784691229117,夏天简约随手盘发一字扭扭夹水钻抓夹高级发夹扭扭后脑勺盘发器,,,普通订单,5.34,0,0,0,0,0,0,0,0,0,0,-1,-0.02,0,0,0,0,0,0,是-商品卡免佣,0.15,义乌市黎既电子商务商行（个体工商户）,订单结算
2026-04-23 07:49:57,'2026042307495414750359402131,入账,5.05,聚合账户,货款结算入账,小店自卖,'6952190299149506461,'6952190299149506461,'SS76308420121238615550159,2026-04-19 01:41:02,'3673976773902729360,发夹女后脑勺珍珠发卡大号盘发鲨鱼夹韩国ins网红气质头饰抓发夹,,,普通订单,5.08,0.9,0,0,0,0,0,0,0,0,0,0,-0.03,0,0,0,0,0,0,是-商品卡免佣,0.22,义乌市黎既电子商务商行（个体工商户）,订单结算
2026-04-23 07:49:57,'2026042307495326396308902131,入账,5.31,聚合账户,货款结算入账,小店自卖,'6952012122817697593,'6952012122817697593,'SS76306667204157284300105,2026-04-12 21:11:19,'3766001784691229117,夏天简约随手盘发一字扭扭夹水钻抓夹高级发夹扭扭后脑勺盘发器,,,普通订单,5.34,0,0,0,0,0,0,0,0,0,0,0,-0.03,0,0,0,0,0,0,是-商品卡免佣,0.22,义乌市黎既电子商务商行（个体工商户）,订单结算
2026-04-23 07:49:57,'2026042307494916324695402131,入账,2.86,聚合账户,货款结算入账,小店自卖,'6952012454511711793,'6952012454511711793,'SS76306668553973931610133,2026-04-12 23:39:23,'3761395105840365661,高级感水钻满天星发夹女后脑勺盘发神器发卡青蛙夹扭扭夹发卡头饰,,,普通订单,2.88,0,0,0,0,0,0,0,0,0,0,0,-0.02,0,0,0,0,0,0,是-商品卡免佣,0.15,义乌市黎既电子商务商行（个体工商户）,订单结算
2026-04-23 07:49:57,'2026042307495413341494302131,入账,2.67,聚合账户,货款结算入账,小店自卖,'6952027731792631145,'6952027731792631145,'SS76306402172608558420143,2026-04-13 00:05:00,'3784368456477049055,韩国气质碎钻满天星抓夹女后脑勺半扎发鲨鱼夹发量少百搭发卡头饰,,,普通订单,2.69,0,0,0,0,0,0,0,0,0,0,0,-0.02,0,0,0,0,0,0,是-商品卡免佣,0.15,义乌市黎既电子商务商行（个体工商户）,订单结算
2026-04-23 07:49:57,'2026042307495237258696192131,入账,4.89,聚合账户,货款结算入账,小店自卖,'6925559427289480424,'6925559427289480424,'SS76307017206197783550001,2026-04-13 11:15:00,'3766001784691229117,夏天简约随手盘发一字扭扭夹水钻抓夹高级发夹扭扭后脑勺盘发器,,,普通订单,4.92,0.69,0,0,0,0,0,0,0,0,0,0,-0.03,0,0,0,0,0,0,是-商品卡免佣,0.22,义乌市黎既电子商务商行（个体工商户）,订单结算
2026-04-23 07:49:57,'2026042307495411744873472131,入账,4.6,聚合账户,货款结算入账,小店自卖,'6925681768958098484,'6925681768958098484,'SS76307874819398868860164,2026-04-18 10:09:00,'3761395105840365661,高级感水钻满天星发夹女后脑勺盘发神器发卡青蛙夹扭扭夹发卡头饰,,,普通订单,4.63,0,0,0,0,0,0,0,0,0,0,0,-0.03,0,0,0,0,0,0,是-商品卡免佣,0.22,义乌市黎既电子商务商行（个体工商户）,订单结算
2026-04-23 07:49:57,'2026042307495412504765872131,入账,3.59,聚合账户,货款结算入账,小店自卖,'6952007487069558548,'6952007487069558548,'SS76306419396552012950167,2026-04-12 21:50:32,'3766001784691229117,夏天简约随手盘发一字扭扭夹水钻抓夹高级发夹扭扭后脑勺盘发器,,,普通订单,3.61,0.69,0,0,0,0,0,0,0,0,0,0,-0.02,0,0,0,0,0,0,是-商品卡免佣,0.15,义乌市黎既电子商务商行（个体工商户）,订单结算
2026-04-23 07:49:57,'2026042307495226439194032131,入账,3.59,聚合账户,货款结算入账,小店自卖,'6952025313882674496,'6952025313882674496,'SS76306668923067932500058,2026-04-13 00:16:41,'3766001784691229117,夏天简约随手盘发一字扭扭夹水钻抓夹高级发夹扭扭后脑勺盘发器,,,普通订单,3.61,0.69,0,0,0,0,0,0,0,0,0,0,-0.02,0,0,0,0,0,0,是-商品卡免佣,0.15,义乌市黎既电子商务商行（个体工商户）,订单结算
2026-04-23 07:49:57,'2026042307495310304927222131,入账,2.94,聚合账户,货款结算入账,小店自卖,'6925628241338007441,'6925628241338007441,'SS76307955021371151630210,2026-04-16 11:18:12,'3769870193174642697,2025春夏新款轻奢边夹时尚气质一字发夹女后脑勺扭扭夹女,,,普通订单,2.96,0,0,0,0,0,0,0,0,0,0,0,-0.02,0,0,0,0,0,0,是-商品卡免佣,0.15,义乌市黎既电子商务商行（个体工商户）,订单结算
2026-04-23 07:50:09,'2026042307500302946340202131,入账,1.79,聚合账户,货款结算入账,小店自卖,'6952009657913578624,'6952009657913578624,'SS76306667722955333460196,2026-04-12 21:28:36,'3747800080678256720,夏季网红新款小草头上发夹长草可爱超萌碎豆芽夹子头顶搞怪发饰,,,普通订单,1.8,0,0,0,0,0,0,0,0,0,0,0,-0.01,0,0,0,0,0,0,是-商品卡免佣,0.07,义乌市黎既电子商务商行（个体工商户）,订单结算
2026-04-23 07:50:09,'2026042307500627315080192131,入账,4.6,聚合账户,货款结算入账,小店自卖,'6925540548060610425,'6925540548060610425,'SS76306666982703926270155,2026-04-12 21:52:24,'3761395105840365661,高级感水钻满天星发夹女后脑勺盘发神器发卡青蛙夹扭扭夹发卡头饰,,,普通订单,4.63,0,0,0,0,0,0,0,0,0,0,0,-0.03,0,0,0,0,0,0,是-商品卡免佣,0.22,义乌市黎既电子商务商行（个体工商户）,订单结算
2026-04-23 07:50:09,'2026042307500700965719582131,入账,3.81,聚合账户,货款结算入账,小店自卖,'6952150015205250503,'6952150015205250503,'SS76307795486277186560103,2026-04-17 14:45:23,'3784368456477049055,韩国气质碎钻满天星抓夹女后脑勺半扎发鲨鱼夹发量少百搭发卡头饰,,,普通订单,3.83,0,0,0,0,0,0,0,0,0,0,0,-0.02,0,0,0,0,0,0,是-商品卡免佣,0.15,义乌市黎既电子商务商行（个体工商户）,订单结算
2026-04-23 07:50:09,'2026042307500625043438622131,入账,8.05,聚合账户,货款结算入账,小店自卖,'6952127030821066160,'6952127030821066160,'SS76306451408806876670224,2026-04-16 22:30:29,'3673057951649759338,小皮筋小女孩头绳发绳透明多彩小号一次性皮筋儿童橡皮筋发饰扎头,,,普通订单,8.1,1.15,0,0,0,0,0,0,0,0,0,0,-0.05,0,0,0,0,0,0,是-商品卡免佣,0.37,义乌市黎既电子商务商行（个体工商户）,订单结算
2026-04-23 07:50:10,'2026042307500524591897702131,入账,4.2,聚合账户,货款结算入账,小店自卖,'6952032617522468020,'6952032617522468020,'SS76307014029433247230088,2026-04-13 12:11:32,'3766001784691229117,夏天简约随手盘发一字扭扭夹水钻抓夹高级发夹扭扭后脑勺盘发器,,,普通订单,4.23,0,0,0,0,0,0,0,0,0,0,0,-0.03,0,0,0,0,0,0,是-商品卡免佣,0.22,义乌市黎既电子商务商行（个体工商户）,订单结算
2026-04-23 07:50:10,'2026042307500618373675942131,入账,5.08,聚合账户,货款结算入账,小店自卖,'6952027667786110375,'6952027667786110375,'SS76306662758573514590170,2026-04-12 23:19:28,'3746150076641313252,网红简约ins纯色宽边发带高颅顶白色发箍女运动健身夏季头饰发饰,,,普通订单,5.11,0.9,0,0,0,0,0,0,0,0,0,0,-0.03,0,0,0,0,0,0,是-商品卡免佣,0.22,义乌市黎既电子商务商行（个体工商户）,订单结算
2026-04-23 07:50:10,'2026042307500638252426432131,入账,2.69,聚合账户,货款结算入账,精选联盟,'6952090406838539706,'6952090406838539706,'SS76305282744850027780234,2026-04-14 22:12:48,'3673490141390962970,趣味超火小草发夹慢羊羊可爱超萌碎发夹头顶夹长草搞怪发卡发饰学,'84015979623,童童好物分享,普通订单,3.1,0,0,0,0,0,0,0,0,0,0,0,-0.16,-0.25,0,0,0,0,0,,0,义乌市黎既电子商务商行（个体工商户）,订单结算
2026-04-23 07:50:10,'2026042307500622400862782131,入账,3.81,聚合账户,货款结算入账,小店自卖,'6952028588448618425,'6952028588448618425,'SS76307440298854981580013,2026-04-13 14:02:09,'3784368456477049055,韩国气质碎钻满天星抓夹女后脑勺半扎发鲨鱼夹发量少百搭发卡头饰,,,普通订单,3.83,0,0,0,0,0,0,0,0,0,0,0,-0.02,0,0,0,0,0,0,是-商品卡免佣,0.15,义乌市黎既电子商务商行（个体工商户）,订单结算
2026-04-23 07:50:10,'2026042307500705163627782131,入账,8.41,聚合账户,货款结算入账,小店自卖,'6925660540564372887,'6925660540564372887,'SS76306831186820800190022,2026-04-17 11:27:20,'3673976773902729360,发夹女后脑勺珍珠发卡大号盘发鲨鱼夹韩国ins网红气质头饰抓发夹,,,普通订单,8.46,0.9,0,0,0,0,0,0,0,0,0,0,-0.05,0,0,0,0,0,0,是-商品卡免佣,0.37,义乌市黎既电子商务商行（个体工商户）,订单结算
2026-04-23 07:50:10,'2026042307500314564401182131,入账,2.86,聚合账户,货款结算入账,小店自卖,'6952048273984919378,'6952048273984919378,'SS76307408821278973710039,2026-04-13 15:00:08,'3761395105840365661,高级感水钻满天星发夹女后脑勺盘发神器发卡青蛙夹扭扭夹发卡头饰,,,普通订单,2.88,0,0,0,0,0,0,0,0,0,0,0,-0.02,0,0,0,0,0,0,是-商品卡免佣,0.15,义乌市黎既电子商务商行（个体工商户）,订单结算
2026-04-23 07:50:10,'2026042307500626016159102131,入账,2.67,聚合账户,货款结算入账,小店自卖,'6952133952962565550,'6952133952962565550,'SS76307592516483981180026,2026-04-16 23:06:48,'3784368456477049055,韩国气质碎钻满天星抓夹女后脑勺半扎发鲨鱼夹发量少百搭发卡头饰,,,普通订单,2.69,0,0,0,0,0,0,0,0,0,0,0,-0.02,0,0,0,0,0,0,是-商品卡免佣,0.15,义乌市黎既电子商务商行（个体工商户）,订单结算
2026-04-23 07:50:10,'2026042307500634190177542131,入账,4.47,聚合账户,货款结算入账,小店自卖,'6925621430768860640,'6925621430768860640,'SS76307591743825228950129,2026-04-15 11:14:44,'3812573397322432839,新款密齿香蕉韩系法式波点蕾丝蝴蝶结后脑勺盘发发夹发卡马尾发饰,,,普通订单,8.5,0,0,0,0,0,0,0,0,0,0,-4,-0.03,0,0,0,0,0,0,是-商品卡免佣,0.22,义乌市黎既电子商务商行（个体工商户）,订单结算
2026-04-23 07:50:10,'2026042307500641361574592131,入账,3.75,聚合账户,货款结算入账,小店自卖,'6952019480527902563,'6952019480527902563,'SS76307474841929323610238,2026-04-13 13:32:23,'3746150076641313252,网红简约ins纯色宽边发带高颅顶白色发箍女运动健身夏季头饰发饰,,,普通订单,3.77,0.9,0,0,0,0,0,0,0,0,0,0,-0.02,0,0,0,0,0,0,是-商品卡免佣,0.15,义乌市黎既电子商务商行（个体工商户）,订单结算
2026-04-23 07:50:10,'2026042307500723003509852131,入账,8.06,聚合账户,货款结算入账,小店自卖,'6952003012765291840,'6952003012765291840,'SS76306666608272225680019,2026-04-12 18:43:24,'3757470787913777369,小女孩卡通盘发杆盘发器儿童公主丸子头盘发神器女童,,,普通订单,8.48,0,0,0,0,0,0,0,0,0,0,0,-0.42,0,0,0,0,0,0,,0,义乌市黎既电子商务商行（个体工商户）,订单结算
2026-04-23 07:50:27,'2026042307502329250199462131,入账,2.77,聚合账户,货款结算入账,小店自卖,'6952126641515795763,'6952126641515795763,'SS76308323603254315610062,2026-04-16 18:41:28,'3752430050918662555,多巴胺彩色波浪抓夹女夏季发量多鲨鱼夹子2025新款后脑勺发夹头饰,,,普通订单,2.79,0,0,0,0,0,0,0,0,0,0,0,-0.02,0,0,0,0,0,0,是-商品卡免佣,0.15,义乌市黎既电子商务商行（个体工商户）,订单结算
2026-04-23 07:50:27,'2026042307502313177986982131,入账,4.13,聚合账户,货款结算入账,小店自卖,'6952039470314165651,'6952039470314165651,'SS76293322659145485210227,2026-04-13 14:10:29,'3748170371208184069,婴儿不伤发刘海夹宝宝可爱花朵头饰汗毛夹网红儿童bb夹卡碎发夹,,,普通订单,9.15,0,0,0,0,0,0,0,0,0,0,-5,-0.02,0,0,0,0,0,0,是-商品卡免佣,0.15,义乌市黎既电子商务商行（个体工商户）,订单结算
2026-04-23 07:50:27,'2026042307502333231834022131,入账,1.94,聚合账户,货款结算入账,小店自卖,'6952013678619268247,'6952013678619268247,'SS76307328034327109580041,2026-04-12 16:57:25,'3763932675732275215,简约高马尾香蕉夹抓夹女高级感2025新款大号一字扭扭夹发夹发饰夏,,,普通订单,1.95,0,0,0,0,0,0,0,0,0,0,0,-0.01,0,0,0,0,0,0,是-商品卡免佣,0.07,义乌市黎既电子商务商行（个体工商户）,订单结算
2026-04-23 07:50:27,'2026042307502322363999232131,入账,2.81,聚合账户,货款结算入账,小店自卖,'6925538382285405532,'6925538382285405532,'SS76306383779452073050104,2026-04-12 17:32:24,'3790878995596312771,韩系黑色波点布艺褶皱高马尾香蕉夹竖夹新款豹纹发夹气质百搭发饰,,,普通订单,2.83,0.39,0,0,0,0,0,0,0,0,0,0,-0.02,0,0,0,0,0,0,是-商品卡免佣,0.15,义乌市黎既电子商务商行（个体工商户）,订单结算
2026-04-23 07:50:27,'2026042307502221904266502131,入账,2.15,聚合账户,货款结算入账,小店自卖,'6925542379495455925,'6925542379495455925,'SS76306386314509355940081,2026-04-12 20:24:17,'3806293802847699345,韩式豹纹波点褶皱高级扭扭马尾卡通风香蕉发夹后脑勺显发发卡头饰,,,普通订单,2.16,0,0,0,0,0,0,0,0,0,0,0,-0.01,0,0,0,0,0,0,是-商品卡免佣,0.07,义乌市黎既电子商务商行（个体工商户）,订单结算
2026-04-23 07:50:42,'2026042307503840153254902131,入账,4.94,聚合账户,货款结算入账,小店自卖,'6925591408220995314,'6925591408220995314,'SS76307576204964336980116,2026-04-14 12:54:46,'3769870193174642697,2025春夏新款轻奢边夹时尚气质一字发夹女后脑勺扭扭夹女,,,普通订单,4.97,0,0,0,0,0,0,0,0,0,0,0,-0.03,0,0,0,0,0,0,是-商品卡免佣,0.22,义乌市黎既电子商务商行（个体工商户）,订单结算
2026-04-23 07:50:42,'2026042307503836165066652131,入账,3.75,聚合账户,货款结算入账,小店自卖,'6952075878059283773,'6952075878059283773,'SS76306790266627858010010,2026-04-15 13:55:25,'3746150076641313252,网红简约ins纯色宽边发带高颅顶白色发箍女运动健身夏季头饰发饰,,,普通订单,3.77,0.9,0,0,0,0,0,0,0,0,0,0,-0.02,0,0,0,0,0,0,是-商品卡免佣,0.15,义乌市黎既电子商务商行（个体工商户）,订单结算
2026-04-23 07:50:42,'2026042307503906354744862131,入账,2.43,聚合账户,货款结算入账,精选联盟,'6952039513329374909,'6952039513329374909,'SS76307439190525752750015,2026-04-13 14:46:14,'3784368456477049055,韩国气质碎钻满天星抓夹女后脑勺半扎发鲨鱼夹发量少百搭发卡头饰,'0,,普通订单,0.01,0,0,2.68,0,0,0,0,0,0,0,0,-0.13,0,0,0,0,-0.13,0,,0,义乌市黎既电子商务商行（个体工商户）,订单结算
2026-04-23 07:50:42,'2026042307503840153746422131,入账,3.95,聚合账户,货款结算入账,小店自卖,'6925670460361637476,'6925670460361637476,'SS76308092541395277160177,2026-04-17 23:44:44,'3806293802847699345,韩式豹纹波点褶皱高级扭扭马尾卡通风香蕉发夹后脑勺显发发卡头饰,,,普通订单,0.01,0,0,3.96,0,0,0,0,0,0,0,0,-0.02,0,0,0,0,0,0,是-商品卡免佣,0.15,义乌市黎既电子商务商行（个体工商户）,订单结算
2026-04-23 07:50:42,'2026042307503935861837072131,入账,2.74,聚合账户,货款结算入账,小店自卖,'6925658147991289168,'6925658147991289168,'SS76306926149391692890030,2026-04-17 10:49:53,'3751357236916650172,甜美蝴蝶结少女风发圈蕾丝双层温柔韩版橡皮筋时少女蕾丝发圈,,,普通订单,0.01,0,0,2.75,0,0,0,0,0,0,0,0,-0.02,0,0,0,0,0,0,是-商品卡免佣,0.15,义乌市黎既电子商务商行（个体工商户）,订单结算
2026-04-23 07:50:54,'2026042307505022449034762131,入账,2.94,聚合账户,货款结算入账,小店自卖,'6952041004328949192,'6952041004328949192,'SS76306669625624829710240,2026-04-13 07:23:55,'3769870193174642697,2025春夏新款轻奢边夹时尚气质一字发夹女后脑勺扭扭夹女,,,普通订单,0.76,0,0,2.2,0,0,0,0,0,0,0,0,-0.02,0,0,0,0,0,0,是-商品卡免佣,0.15,义乌市黎既电子商务商行（个体工商户）,订单结算
2026-04-23 07:50:54,'2026042307505126943490652131,入账,1.84,聚合账户,货款结算入账,小店自卖,'6952031660877419874,'6952031660877419874,'SS76306667761996766990071,2026-04-12 21:37:26,'3809235146834575749,可爱新春小狗香蕉夹女高马尾扭扭夹红色竖夹高级感2026韩新款发夹,,,普通订单,0.01,0,0,1.84,0,0,0,0,0,0,0,0,-0.01,0,0,0,0,0,0,是-商品卡免佣,0.07,义乌市黎既电子商务商行（个体工商户）,订单结算
2026-04-23 07:50:54,'2026042307505003051195342131,入账,3.64,聚合账户,货款结算入账,小店自卖,'6925554215020625321,'6925554215020625321,'SS76307325768523330620019,2026-04-12 21:26:00,'3784368456477049055,韩国气质碎钻满天星抓夹女后脑勺半扎发鲨鱼夹发量少百搭发卡头饰,,,普通订单,0.01,0,0,3.82,0,0,0,0,0,0,0,0,-0.19,0,0,0,0,0,0,,0,义乌市黎既电子商务商行（个体工商户）,订单结算
2026-04-23 07:50:54,'2026042307505104328333072131,入账,1.95,聚合账户,货款结算入账,小店自卖,'6925574348104629684,'6925574348104629684,'SS76307467957988439300249,2026-04-13 14:31:20,'3806280662462366067,kitty猫~刘海贴精致可爱甜美少女棉花糖猫兔碎发贴魔术贴无痕发饰,,,普通订单,0.01,0,0,1.95,0,0,0,0,0,0,0,0,-0.01,0,0,0,0,0,0,是-商品卡免佣,0.07,义乌市黎既电子商务商行（个体工商户）,订单结算
2026-04-23 07:50:54,'2026042307505126887621582131,入账,3.19,聚合账户,货款结算入账,小店自卖,'6925551690444537326,'6925551690444537326,'SS76306400074943208960160,2026-04-12 20:50:52,'3774567040401145927,满天星抓夹女质感中号鲨鱼夹半披发抓夹高级气质发夹繁星镶钻抓夹,,,普通订单,0.31,0.3,0,2.9,0,0,0,0,0,0,0,0,-0.02,0,0,0,0,0,0,是-商品卡免佣,0.15,义乌市黎既电子商务商行（个体工商户）,订单结算
2026-04-23 07:50:54,'2026042307505123030543452131,入账,2.67,聚合账户,货款结算入账,小店自卖,'6925556400078880699,'6925556400078880699,'SS76306402269905062800192,2026-04-13 01:30:11,'3784368456477049055,韩国气质碎钻满天星抓夹女后脑勺半扎发鲨鱼夹发量少百搭发卡头饰,,,普通订单,0.69,0,0,2,0,0,0,0,0,0,0,0,-0.02,0,0,0,0,0,0,是-商品卡免佣,0.15,义乌市黎既电子商务商行（个体工商户）,订单结算
2026-04-23 07:50:54,'2026042307505123660795152131,入账,2.67,聚合账户,货款结算入账,小店自卖,'6925540622424244129,'6925540622424244129,'SS76306401059975173480148,2026-04-12 22:31:56,'3784368456477049055,韩国气质碎钻满天星抓夹女后脑勺半扎发鲨鱼夹发量少百搭发卡头饰,,,普通订单,2.69,0,0,0,0,0,0,0,0,0,0,0,-0.02,0,0,0,0,0,0,是-商品卡免佣,0.15,义乌市黎既电子商务商行（个体工商户）,订单结算
2026-04-23 07:50:54,'2026042307505037780567302131,入账,3.68,聚合账户,货款结算入账,小店自卖,'6952170889471857800,'6952170889471857800,'SS76307827964459098020081,2026-04-18 08:41:53,'3809235146834575749,可爱新春小狗香蕉夹女高马尾扭扭夹红色竖夹高级感2026韩新款发夹,,,普通订单,0.01,0,0,3.69,0,0,0,0,0,0,0,0,-0.02,0,0,0,0,0,0,是-商品卡免佣,0.15,义乌市黎既电子商务商行（个体工商户）,订单结算
2026-04-23 07:50:54,'2026042307505035213156352131,入账,5.02,聚合账户,货款结算入账,小店自卖,'6925556126792384466,'6925556126792384466,'SS76306381221828736150031,2026-04-12 22:55:15,'3790878995596312771,韩系黑色波点布艺褶皱高马尾香蕉夹竖夹新款豹纹发夹气质百搭发饰,,,普通订单,5.05,0,0,0,0,0,0,0,0,0,0,0,-0.03,0,0,0,0,0,0,是-商品卡免佣,0.22,义乌市黎既电子商务商行（个体工商户）,订单结算
2026-04-23 08:01:22,'2026042308011725008218012131,入账,3.95,聚合账户,货款结算入账,小店自卖,'6925666178435742884,'6925666178435742884,'SS76307747432973929340134,2026-04-18 00:28:42,'3806293802847699345,韩式豹纹波点褶皱高级扭扭马尾卡通风香蕉发夹后脑勺显发发卡头饰,,,普通订单,0.01,0,0,3.96,0,0,0,0,0,0,0,0,-0.02,0,0,0,0,0,0,是-商品卡免佣,0.15,义乌市黎既电子商务商行（个体工商户）,订单结算
2026-04-23 08:01:22,'2026042308011818290611742131,入账,3.87,聚合账户,货款结算入账,小店自卖,'6925679826310758141,'6925679826310758141,'SS76307143603449205820225,2026-04-18 11:46:56,'3807732934811713667,新款牡丹花羽毛抓夹女高颜值轻奢时尚百搭鲨鱼夹发饰头饰夹发神器,,,普通订单,3.89,0,0,0,0,0,0,0,0,0,0,0,-0.02,0,0,0,0,0,0,是-商品卡免佣,0.15,义乌市黎既电子商务商行（个体工商户）,订单结算
2026-04-23 08:01:22,'2026042308011725009037212131,入账,4.44,聚合账户,货款结算入账,小店自卖,'6952120543319889197,'6952120543319889197,'SS76308135611242749630167,2026-04-16 22:44:34,'3806280662462366067,kitty猫~刘海贴精致可爱甜美少女棉花糖猫兔碎发贴魔术贴无痕发饰,,,普通订单,1.47,0,0,3,0,0,0,0,0,0,0,0,-0.03,0,0,0,0,0,0,是-商品卡免佣,0.22,义乌市黎既电子商务商行（个体工商户）,订单结算
2026-04-23 08:01:22,'2026042308011809028285902131,入账,2.56,聚合账户,货款结算入账,小店自卖,'6952139380636062782,'6952139380636062782,'SS76307844593481649180243,2026-04-17 21:28:40,'3784368456477049055,韩国气质碎钻满天星抓夹女后脑勺半扎发鲨鱼夹发量少百搭发卡头饰,,,普通订单,0.01,0,0,2.68,0,0,0,0,0,0,0,0,-0.13,0,0,0,0,0,0,,0,义乌市黎既电子商务商行（个体工商户）,订单结算
2026-04-23 08:01:22,'2026042308011905036815632131,入账,3.87,聚合账户,货款结算入账,小店自卖,'6952137232138377134,'6952137232138377134,'SS76307066027940421380071,2026-04-17 20:44:16,'3746153916182692087,法式文艺~复古甜美方巾大肠发圈女高级感ins大号高马尾甜妹发饰,,,普通订单,0.01,0,0,3.88,0,0,0,0,0,0,0,0,-0.02,0,0,0,0,0,0,是-商品卡免佣,0.15,义乌市黎既电子商务商行（个体工商户）,订单结算
2026-04-23 08:01:22,'2026042308011903738383722131,入账,4.97,聚合账户,货款结算入账,小店自卖,'6925592348078538479,'6925592348078538479,'SS76306753618269151070250,2026-04-14 19:41:32,'3807770111922798690,可爱雪莉玫格子发圈红格子公仔刘海鸭嘴夹日系发绳发饰女学院JK风,,,普通订单,5,0,0,0,0,0,0,0,0,0,0,0,-0.03,0,0,0,0,0,0,是-商品卡免佣,0.22,义乌市黎既电子商务商行（个体工商户）,订单结算
2026-04-23 08:01:22,'2026042308011825611144062131,入账,4.47,聚合账户,货款结算入账,小店自卖,'6952113552359888718,'6952113552359888718,'SS76307949595088325550044,2026-04-16 19:06:25,'3807763574974186291,气质高级亮黑色大号鲨鱼抓夹女后脑勺时尚发卡巨能抓头饰2026新款,,,普通订单,0.01,0,0,4.49,0,0,0,0,0,0,0,0,-0.03,0,0,0,0,0,0,是-商品卡免佣,0.22,义乌市黎既电子商务商行（个体工商户）,订单结算
2026-04-23 08:01:22,'2026042308011813893309862131,入账,5.66,聚合账户,货款结算入账,小店自卖,'6925659678503238720,'6925659678503238720,'SS76306461589283354030020,2026-04-16 23:38:27,'3809251849861726385,26春季新款复古高级感绑发发夹豹纹蝴蝶结鲨鱼夹发饰女大号一字夹,,,普通订单,3.46,0,0,2,0,0,0,0,0.5,0,0,0,-0.3,0,0,0,0,0,0,,0,义乌市黎既电子商务商行（个体工商户）,订单结算
2026-04-23 08:01:22,'2026042308011907609431582131,入账,3.59,聚合账户,货款结算入账,小店自卖,'6925689851880504825,'6925689851880504825,'SS76307157948423544730084,2026-04-18 08:45:58,'3766001784691229117,夏天简约随手盘发一字扭扭夹水钻抓夹高级发夹扭扭后脑勺盘发器,,,普通订单,3.61,0.69,0,0,0,0,0,0,0,0,0,0,-0.02,0,0,0,0,0,0,是-商品卡免佣,0.15,义乌市黎既电子商务商行（个体工商户）,订单结算
2026-04-23 08:01:22,'2026042308011600970104952131,入账,15.09,聚合账户,货款结算入账,小店自卖,'6925697947037170993,'6925697947037170993,'SS76308045298603789210226,2026-04-18 22:15:14,'3747800080678256720,夏季网红新款小草头上发夹长草可爱超萌碎豆芽夹子头顶搞怪发饰,,,普通订单,15.18,0,0,0,0,0,0,0,0,0,0,0,-0.09,0,0,0,0,0,0,是-商品卡免佣,0.66,义乌市黎既电子商务商行（个体工商户）,订单结算
2026-04-23 08:01:22,'2026042308011900265756572131,入账,3.75,聚合账户,货款结算入账,小店自卖,'6925711975675166243,'6925711975675166243,'SS76308187760782057020113,2026-04-19 10:59:01,'3746150076641313252,网红简约ins纯色宽边发带高颅顶白色发箍女运动健身夏季头饰发饰,,,普通订单,3.77,0.9,0,0,0,0,0,0,0,0,0,0,-0.02,0,0,0,0,0,0,是-商品卡免佣,0.15,义乌市黎既电子商务商行（个体工商户）,订单结算
2026-04-23 08:01:22,'2026042308011822741693822131,入账,10.88,聚合账户,货款结算入账,小店自卖,'6952161505659197047,'6952161505659197047,'SS76307597891446218430175,2026-04-17 16:43:08,'3796640026289373330,蝴蝶结鸭嘴夹小香风毛呢爆款发夹后脑勺气质洋气盘发一字夹子,,,普通订单,10.95,0,0,0,0,0,0,0,0,0,0,0,-0.07,0,0,0,0,0,0,是-商品卡免佣,0.51,义乌市黎既电子商务商行（个体工商户）,订单结算
2026-04-23 08:01:22,'2026042308011833400430512131,入账,6.34,聚合账户,货款结算入账,小店自卖,'6925659870025383248,'6925659870025383248,'SS76306765232084628580069,2026-04-17 05:26:56,'3796640026289373330,蝴蝶结鸭嘴夹小香风毛呢爆款发夹后脑勺气质洋气盘发一字夹子,,,普通订单,6.38,0,0,0,0,0,0,0,0,0,0,0,-0.04,0,0,0,0,0,0,是-商品卡免佣,0.29,义乌市黎既电子商务商行（个体工商户）,订单结算
2026-04-23 08:01:22,'2026042308011719476198862131,入账,4.47,聚合账户,货款结算入账,小店自卖,'6952201702365074743,'6952201702365074743,'SS76308576882219463770100,2026-04-19 11:38:20,'3807763574974186291,气质高级亮黑色大号鲨鱼抓夹女后脑勺时尚发卡巨能抓头饰2026新款,,,普通订单,4.5,0,0,0,0,0,0,0,0,0,0,0,-0.03,0,0,0,0,0,0,是-商品卡免佣,0.22,义乌市黎既电子商务商行（个体工商户）,订单结算
2026-04-23 08:01:28,'2026042308012502112763072131,入账,2.85,聚合账户,货款结算入账,小店自卖,'6925688549854117590,'6925688549854117590,'SS76307665010903659880192,2026-04-18 13:44:30,'3747800080678256720,夏季网红新款小草头上发夹长草可爱超萌碎豆芽夹子头顶搞怪发饰,,,普通订单,2.87,0,0,0,0,0,0,0,0,0,0,0,-0.02,0,0,0,0,0,0,是-商品卡免佣,0.15,义乌市黎既电子商务商行（个体工商户）,订单结算
2026-04-23 08:01:28,'2026042308012422614184962131,入账,2.45,聚合账户,货款结算入账,小店自卖,'6952127341699798145,'6952127341699798145,'SS76307608537549540300220,2026-04-17 05:24:43,'3753581194512565139,粉色绣花新款唯美小女孩碎发刘海夹子头饰儿童氛围感爱心bb夹侧边,,,普通订单,0.46,0,0,2,0,0,0,0,0,0,0,0,-0.01,0,0,0,0,0,0,是-商品卡免佣,0.07,义乌市黎既电子商务商行（个体工商户）,订单结算
2026-04-23 08:01:28,'2026042308012424217237022131,入账,3.02,聚合账户,货款结算入账,精选联盟,'6925666956162006569,'6925666956162006569,'SS76306759034123886430133,2026-04-17 17:09:51,'3806839693081969009,春夏简约随手盘发高级发夹一字扭扭夹水钻抓夹扭扭后脑勺盘发器,'0,,普通订单,0.01,0,0,3.35,0,0,0,0,0,0,0,0,-0.17,0,0,0,0,-0.17,0,,0,义乌市黎既电子商务商行（个体工商户）,订单结算
2026-04-23 08:01:28,'2026042308012418037519702131,入账,5.01,聚合账户,货款结算入账,小店自卖,'6952155535092487930,'6952155535092487930,'SS76307638209615140260178,2026-04-17 23:00:32,'3755808382091657328,2025新款中号发夹后脑勺头发鲨鱼夹发卡头饰发量少抓夹女夏天夹子,,,普通订单,0.01,1.15,0,3.88,0,0,0,0,0,1.15,0,0,-0.03,0,0,0,0,0,0,是-商品卡免佣,0.22,义乌市黎既电子商务商行（个体工商户）,订单结算
2026-04-23 08:01:28,'2026042308012337470909442131,入账,5.31,聚合账户,货款结算入账,小店自卖,'6952103600016463228,'6952103600016463228,'SS76308153606038495120182,2026-04-16 04:54:19,'3766001784691229117,夏天简约随手盘发一字扭扭夹水钻抓夹高级发夹扭扭后脑勺盘发器,,,普通订单,5.34,0,0,0,0,0,0,0,0,0,0,0,-0.03,0,0,0,0,0,0,是-商品卡免佣,0.22,义乌市黎既电子商务商行（个体工商户）,订单结算
2026-04-23 08:01:28,'2026042308012431138657802131,入账,3.67,聚合账户,货款结算入账,小店自卖,'6952118388230722974,'6952118388230722974,'SS76307171358629895950044,2026-04-16 22:00:52,'3750814617115426970,超仙蝴蝶大号盘发抓夹女2025新款高级感发夹后脑勺鲨鱼夹甜美发饰,,,普通订单,0.01,0,0,3.68,0,0,0,0,0,0,0,0,-0.02,0,0,0,0,0,0,是-商品卡免佣,0.15,义乌市黎既电子商务商行（个体工商户）,订单结算
2026-04-23 08:01:28,'2026042308012523699463832131,入账,3.95,聚合账户,货款结算入账,小店自卖,'6952157342613772099,'6952157342613772099,'SS76307311412427000840127,2026-04-17 21:16:53,'3683590910169448490,新款碎发梳插梳韩版女孩夹子后脑勺刘海整理发夹卡子成年人发头饰,,,普通订单,3.97,0,0,0,0,0,0,0,0,0,0,0,-0.02,0,0,0,0,0,0,是-商品卡免佣,0.15,义乌市黎既电子商务商行（个体工商户）,订单结算
2026-04-23 08:01:28,'2026042308012424586818912131,入账,5.4,聚合账户,货款结算入账,小店自卖,'6952096901594354965,'6952096901594354965,'SS76307644137544420030133,2026-04-16 00:54:41,'3800133155571237294,新款儿童可爱碎发梳女童新款夏天卡通碎发夹整理神器发卡女孩发饰,,,普通订单,5.43,0,0,0,0,0,0,0,0,0,0,0,-0.03,0,0,0,0,0,0,是-商品卡免佣,0.22,义乌市黎既电子商务商行（个体工商户）,订单结算
2026-04-23 08:01:28,'2026042308012418722818912131,入账,3.45,聚合账户,货款结算入账,精选联盟,'6952133355371041910,'6952133355371041910,'SS76306364548074091610196,2026-04-16 18:18:40,'3784368456477049055,韩国气质碎钻满天星抓夹女后脑勺半扎发鲨鱼夹发量少百搭发卡头饰,'0,,普通订单,0.83,0,0,3,0,0,0,0,0,0,0,0,-0.19,0,0,0,0,-0.19,0,,0,义乌市黎既电子商务商行（个体工商户）,订单结算
2026-04-23 08:01:28,'2026042308012439158582282131,入账,2.61,聚合账户,货款结算入账,精选联盟,'6952101860434122179,'6952101860434122179,'SS76307850554928542720050,2026-04-16 09:15:26,'3752640296001863810,儿童网红卡通发夹韩国公主头饰碎发BB碎发可爱女童碎发发卡,'0,,普通订单,0.01,0,0,2.99,0,0,0,0,0,0,0,0,-0.15,0,0,0,0,-0.24,0,,0,义乌市黎既电子商务商行（个体工商户）,订单结算
2026-04-23 08:01:28,'2026042308012510043722642131,入账,2.67,聚合账户,货款结算入账,小店自卖,'6952156949416187707,'6952156949416187707,'SS76307466524082222440198,2026-04-17 16:08:13,'3784368456477049055,韩国气质碎钻满天星抓夹女后脑勺半扎发鲨鱼夹发量少百搭发卡头饰,,,普通订单,0.01,0,0,2.68,0,0,0,0,0,0,0,0,-0.02,0,0,0,0,0,0,是-商品卡免佣,0.15,义乌市黎既电子商务商行（个体工商户）,订单结算
2026-04-23 08:01:28,'2026042308012422285235742131,入账,2.53,聚合账户,货款结算入账,精选联盟,'6925635005106978762,'6925635005106978762,'SS76307364409517345380216,2026-04-16 15:24:19,'3800878061587660925,2026新款秋冬女性宽边绒面发箍高级感时髦洋气洗脸压发头箍发卡发,'0,,普通订单,0.01,0,0,2.8,0,0,0,0,0,0,0,0,-0.14,0,0,0,0,-0.14,0,,0,义乌市黎既电子商务商行（个体工商户）,订单结算
2026-04-23 08:01:28,'2026042308012620636147262131,入账,3.87,聚合账户,货款结算入账,小店自卖,'6925695308205227171,'6925695308205227171,'SS76308221596820441790018,2026-04-18 19:42:24,'3807732934811713667,新款牡丹花羽毛抓夹女高颜值轻奢时尚百搭鲨鱼夹发饰头饰夹发神器,,,普通订单,3.89,0,0,0,0,0,0,0,0,0,0,0,-0.02,0,0,0,0,0,0,是-商品卡免佣,0.15,义乌市黎既电子商务商行（个体工商户）,订单结算
2026-04-23 08:05:10,'2026042308050416490829432131,出账,2,聚合账户,小额打款,,'6925713319626767919,'6925713319626767919,,,,,,,普通订单,0,0,0,0,0,0,0,0,0,0,0,0,0,0,0,0,0,0,0,,0,义乌市黎既电子商务商行（个体工商户）,商家向消费者小额打款-“其他”
2026-04-23 08:14:43,'2026042308143822106322332131,出账,5.03,聚合账户,上门取件运费,,'6952128420922398184,'6952128420922398184,'147449983808404501,,,,,,普通订单,0,0,0,0,0,0,0,0,0,0,0,0,0,0,0,0,0,0,0,,0,义乌市黎既电子商务商行（个体工商户）,因商品存在品质问题，扣除商家相应金额进行运费赔付-订单6952128420922398184-售后单147449983808404501-运单JT0023038137447
2026-04-23 08:17:45,'2026042308173800826414272131,入账,3.32,聚合账户,货款结算入账,精选联盟,'6925700380884368774,'6925700380884368774,'SS76308566572452910170049,2026-04-19 01:04:35,'3809235146834575749,可爱新春小狗香蕉夹女高马尾扭扭夹红色竖夹高级感2026韩新款发夹,'0,,普通订单,0.7,0,0,3,0,0,0,0,0,0,0,0,-0.19,0,0,0,0,-0.19,0,,0,义乌市黎既电子商务商行（个体工商户）,订单结算
2026-04-23 08:19:42,'2026042308193701396247142131,入账,3.81,聚合账户,货款结算入账,小店自卖,'6925544310512188756,'6925544310512188756,'SS76306403520142216060053,2026-04-12 17:15:56,'3784368456477049055,韩国气质碎钻满天星抓夹女后脑勺半扎发鲨鱼夹发量少百搭发卡头饰,,,普通订单,3.83,0,0,0,0,0,0,0,0,0,0,0,-0.02,0,0,0,0,0,0,是-商品卡免佣,0.15,义乌市黎既电子商务商行（个体工商户）,订单结算
2026-04-23 08:20:34,'2026042308203018834557942131,入账,3.94,聚合账户,货款结算入账,小店自卖,'6925676286958271664,'6925676286958271664,'SS76308177057900672100003,2026-04-17 20:11:39,'3806479482789953902,新款蓝楹蝶!甜美氛围感头花侧边夹旅行发卡！早春气质蓝色花朵发夹,,,普通订单,3.96,0,0,0,0,0,0,0,0,0,0,0,-0.02,0,0,0,0,0,0,是-商品卡免佣,0.15,义乌市黎既电子商务商行（个体工商户）,订单结算
2026-04-23 08:26:17,'2026042308261328484411232131,出账,2,聚合账户,小额打款,,'6952234860371253079,'6952234860371253079,,,,,,,普通订单,0,0,0,0,0,0,0,0,0,0,0,0,0,0,0,0,0,0,0,,0,义乌市黎既电子商务商行（个体工商户）,商家向消费者小额打款-“其他”
2026-04-23 08:32:26,'2026042308322133949621822131,入账,2.78,聚合账户,货款结算入账,小店自卖,'6925678380993183107,'6925678380993183107,'SS76308081668308547100069,2026-04-17 18:43:39,'3806285088233226368,韩系~时尚百搭简约女格纹布少女风艺带齿细发箍个性压发箍头箍女,,,普通订单,2.8,0,0,0,0,0,0,0,0,0,0,0,-0.02,0,0,0,0,0,0,是-商品卡免佣,0.15,义乌市黎既电子商务商行（个体工商户）,订单结算
2026-04-23 08:36:17,'2026042308361405962801102131,入账,4.35,聚合账户,货款结算入账,小店自卖,'6952117450641774300,'6952117450641774300,'SS76308437334161825380239,2026-04-16 12:23:17,'3806285088233226368,韩系~时尚百搭简约女格纹布少女风艺带齿细发箍个性压发箍头箍女,,,普通订单,4.38,0,0,0,0,0,0,0,0,0,0,0,-0.03,0,0,0,0,0,0,是-商品卡免佣,0.22,义乌市黎既电子商务商行（个体工商户）,订单结算
2026-04-23 08:41:18,'2026042308411537378624192131,入账,2.52,聚合账户,货款结算入账,精选联盟,'6925695695205792877,'6925695695205792877,'SS76307513107149786120009,2026-04-18 22:25:25,'3806285088233226368,韩系~时尚百搭简约女格纹布少女风艺带齿细发箍个性压发箍头箍女,'0,,普通订单,1.96,0,0,0.84,0,0,0,0,0,0,0,0,-0.14,0,0,0,0,-0.14,0,,0,义乌市黎既电子商务商行（个体工商户）,订单结算
2026-04-23 08:41:20,'2026042308411619181122652131,入账,10.88,聚合账户,货款结算入账,小店自卖,'6925652540335226684,'6925652540335226684,'SS76306580800453675880118,2026-04-16 17:12:44,'3796640026289373330,蝴蝶结鸭嘴夹小香风毛呢爆款发夹后脑勺气质洋气盘发一字夹子,,,普通订单,9.95,0,0,1,0,0,0,0,0,0,0,0,-0.07,0,0,0,0,0,0,是-商品卡免佣,0.51,义乌市黎既电子商务商行（个体工商户）,订单结算
2026-04-23 08:41:34,'2026042308413031935204112131,入账,1.76,聚合账户,货款结算入账,精选联盟,'6925613804280249586,'6925613804280249586,'SS76308251403512755460098,2026-04-15 18:24:58,'3806280662462366067,kitty猫~刘海贴精致可爱甜美少女棉花糖猫兔碎发贴魔术贴无痕发饰,'7523144157037773884,哈基米的米,普通订单,0.01,0,0,1.95,0,0,0,0,0,0,0,0,-0.1,-0.1,0,0,0,0,0,,0,义乌市黎既电子商务商行（个体工商户）,订单结算
2026-04-23 08:53:24,'2026042308532007594314742131,入账,2.78,聚合账户,货款结算入账,小店自卖,'6952159214546654636,'6952159214546654636,'SS76307016943148774750168,2026-04-17 19:59:19,'3806285088233226368,韩系~时尚百搭简约女格纹布少女风艺带齿细发箍个性压发箍头箍女,,,普通订单,0.8,0,0,2,0,0,0,0,0,0,0,0,-0.02,0,0,0,0,0,0,是-商品卡免佣,0.15,义乌市黎既电子商务商行（个体工商户）,订单结算
2026-04-23 08:53:39,'2026042308533339356339202131,出账,1,聚合账户,小额打款,,'6952178168209609842,'6952178168209609842,,,,,,,普通订单,0,0,0,0,0,0,0,0,0,0,0,0,0,0,0,0,0,0,0,,0,义乌市黎既电子商务商行（个体工商户）,商家向消费者小额打款-“其他”
2026-04-23 09:16:20,'2026042309161434629064102131,入账,4.35,聚合账户,货款结算入账,小店自卖,'6952109133252596790,'6952109133252596790,'SS76307455803955287380079,2026-04-16 18:18:54,'3806285088233226368,韩系~时尚百搭简约女格纹布少女风艺带齿细发箍个性压发箍头箍女,,,普通订单,4.38,0,0,0,0,0,0,0,0,0,0,0,-0.03,0,0,0,0,0,0,是-商品卡免佣,0.22,义乌市黎既电子商务商行（个体工商户）,订单结算
2026-04-23 09:16:52,'2026042309164809316764432131,出账,2,聚合账户,小额打款,,'6952182592605394158,'6952182592605394158,,,,,,,普通订单,0,0,0,0,0,0,0,0,0,0,0,0,0,0,0,0,0,0,0,,0,义乌市黎既电子商务商行（个体工商户）,商家向消费者小额打款-“其他”
2026-04-23 09:29:00,'2026042309285734771765822131,入账,3.17,聚合账户,货款结算入账,小店自卖,'6925652697152192181,'6925652697152192181,'SS76306209006578284030023,2026-04-16 19:14:34,'3745788060114223511,五角星星水钻发夹女碎发刘海夹子满钻镂空侧边夹后脑勺发卡bb夹,,,普通订单,3.19,0,0,0,0,0,0,0,0,0,0,0,-0.02,0,0,0,0,0,0,是-商品卡免佣,0.15,义乌市黎既电子商务商行（个体工商户）,订单结算
2026-04-23 09:39:30,'2026042309392824548971582131,入账,1.86,聚合账户,货款结算入账,小店自卖,'6925657405347889113,'6925657405347889113,'SS76307111218311831040164,2026-04-16 23:40:38,'3806280662462366067,kitty猫~刘海贴精致可爱甜美少女棉花糖猫兔碎发贴魔术贴无痕发饰,,,普通订单,1.96,0,0,0,0,0,0,0,0,0,0,0,-0.1,0,0,0,0,0,0,,0,义乌市黎既电子商务商行（个体工商户）,订单结算
2026-04-23 09:44:34,'2026042309443211755686802131,出账,2,聚合账户,小额打款,,'6952058873328572023,'6952058873328572023,,,,,,,普通订单,0,0,0,0,0,0,0,0,0,0,0,0,0,0,0,0,0,0,0,,0,义乌市黎既电子商务商行（个体工商户）,商家向消费者小额打款-“其他”
2026-04-23 09:57:18,'2026042309571702484516102131,入账,5.41,聚合账户,货款结算入账,小店自卖,'6925651389216620518,'6925651389216620518,'SS76306889097148667510043,2026-04-16 22:54:06,'3790878995596312771,韩系黑色波点布艺褶皱高马尾香蕉夹竖夹新款豹纹发夹气质百搭发饰,,,普通订单,5.44,0.39,0,0,0,0,0,0,0,0,0,0,-0.03,0,0,0,0,0,0,是-商品卡免佣,0.22,义乌市黎既电子商务商行（个体工商户）,订单结算
2026-04-23 09:57:18,'2026042309571539873421312131,入账,4.31,聚合账户,货款结算入账,小店自卖,'6952104910975210720,'6952104910975210720,'SS76308577991711503360219,2026-04-15 17:50:38,'3767836959792300411,法式高级感超大号弧形抓夹女新款后脑勺盘发夹发量大鲨鱼夹发卡夹,,,普通订单,4.34,0,0,0,0,0,0,0,0,0,0,0,-0.03,0,0,0,0,0,0,是-商品卡免佣,0.22,义乌市黎既电子商务商行（个体工商户）,订单结算
2026-04-23 09:57:18,'2026042309571510074035662131,入账,4.88,聚合账户,货款结算入账,小店自卖,'6925669349121686829,'6925669349121686829,'SS76307591054774935420074,2026-04-17 14:54:04,'3677561914218643751,发饰交叉抓夹大号发夹新款盘发卡头饰女简约气质鲨鱼夹后脑勺发爪,,,普通订单,4.91,1.15,0,0,0,0,0,0,0,0,0,0,-0.03,0,0,0,0,0,0,是-商品卡免佣,0.22,义乌市黎既电子商务商行（个体工商户）,订单结算
2026-04-23 09:57:18,'2026042309571615752115472131,入账,2.78,聚合账户,货款结算入账,小店自卖,'6925680005424250613,'6925680005424250613,'SS76306646478260147470041,2026-04-18 13:06:01,'3806285088233226368,韩系~时尚百搭简约女格纹布少女风艺带齿细发箍个性压发箍头箍女,,,普通订单,2.8,0,0,0,0,0,0,0,0,0,0,0,-0.02,0,0,0,0,0,0,是-商品卡免佣,0.15,义乌市黎既电子商务商行（个体工商户）,订单结算
2026-04-23 09:57:18,'2026042309571703071390992131,入账,8.62,聚合账户,货款结算入账,小店自卖,'6925649414552517956,'6925649414552517956,'SS76306437547810982900108,2026-04-17 08:34:20,'3673424694561865791,薄款牛油果绿系列小丝巾缠包模特搭配装饰品扎头发绑发飘带发带,,,普通订单,8.67,1.55,0,0,0,0,0,0,0,0,0,0,-0.05,0,0,0,0,0,0,是-商品卡免佣,0.37,义乌市黎既电子商务商行（个体工商户）,订单结算
2026-04-23 09:57:36,'2026042309573218503278182131,入账,3.54,聚合账户,货款结算入账,小店自卖,'6925684331173936648,'6925684331173936648,'SS76308284044342238980176,2026-04-18 12:03:55,'3812568539638923653,超仙温柔网纱花朵抓夹女高级感2026新款头花发夹后脑勺鲨鱼夹头饰,,,普通订单,3.56,0,0,0,0,0,0,0,0,0,0,0,-0.02,0,0,0,0,0,0,是-商品卡免佣,0.15,义乌市黎既电子商务商行（个体工商户）,订单结算
2026-04-23 09:57:36,'2026042309573317683297382131,入账,2.82,聚合账户,货款结算入账,精选联盟,'6925680019504660411,'6925680019504660411,'SS76307574445446763920131,2026-04-18 13:14:49,'3746529925562237053,满钻星星碎发整理神器隐形碎发梳女儿童固定头发夹子拉拉梳头饰,'95957951689,菲菲优选,普通订单,3.27,0,0,0,0,0,0,0,0,0,0,0,-0.16,-0.29,0,0,0,0,0,,0,义乌市黎既电子商务商行（个体工商户）,订单结算
2026-04-23 09:57:36,'2026042309573319726175062131,入账,4.83,聚合账户,货款结算入账,小店自卖,'6952123695155582730,'6952123695155582730,'SS76307006205840430620005,2026-04-16 08:17:54,'3808304279178051966,2026新款头绳蝴蝶结女大肠发圈显瘦百搭编织春夏复古丸子发绳韩系,,,普通订单,4.86,0,0,0,0,0,0,0,0,0,0,0,-0.03,0,0,0,0,0,0,是-商品卡免佣,0.22,义乌市黎既电子商务商行（个体工商户）,订单结算
2026-04-23 09:57:36,'2026042309573312218534742131,入账,3.08,聚合账户,货款结算入账,小店自卖,'6952140578469713181,'6952140578469713181,'SS76307589260274076220074,2026-04-17 06:05:36,'3673424694561865791,薄款牛油果绿系列小丝巾缠包模特搭配装饰品扎头发绑发飘带发带,,,普通订单,3.1,1.55,0,0,0,0,0,0,0,0,0,0,-0.02,0,0,0,0,0,0,是-商品卡免佣,0.15,义乌市黎既电子商务商行（个体工商户）,订单结算
2026-04-23 09:57:36,'2026042309573329702722562131,入账,9.1,聚合账户,货款结算入账,小店自卖,'6952125571249214918,'6952125571249214918,'SS76306874350851855720216,2026-04-17 11:04:13,'3748170371208184069,婴儿不伤发刘海夹宝宝可爱花朵头饰汗毛夹网红儿童bb夹卡碎发夹,,,普通订单,9.15,0,0,0,0,0,0,0,0,0,0,0,-0.05,0,0,0,0,0,0,是-商品卡免佣,0.37,义乌市黎既电子商务商行（个体工商户）,订单结算
2026-04-23 09:58:20,'2026042309581716533594142131,入账,2.74,聚合账户,货款结算入账,小店自卖,'6925545220491738986,'6925545220491738986,'SS76306668940740040040180,2026-04-12 23:16:08,'3761395105840365661,高级感水钻满天星发夹女后脑勺盘发神器发卡青蛙夹扭扭夹发卡头饰,,,普通订单,2.88,0,0,0,0,0,0,0,0,0,0,0,-0.14,0,0,0,0,0,0,,0,义乌市黎既电子商务商行（个体工商户）,订单结算
2026-04-23 09:58:20,'2026042309581803910536102131,入账,2.26,聚合账户,货款结算入账,小店自卖,'6952009718957609987,'6952009718957609987,'SS76306378384016839830170,2026-04-12 21:39:11,'3782115499152900523,复古豹纹波点褶皱香蕉夹女高级感马尾扭扭竖夹后脑勺显发量发卡,,,普通订单,2.27,0,0,0,0,0,0,0,0,0,0,0,-0.01,0,0,0,0,0,0,是-商品卡免佣,0.07,义乌市黎既电子商务商行（个体工商户）,订单结算
2026-04-23 09:58:20,'2026042309581823595258982131,入账,3.81,聚合账户,货款结算入账,小店自卖,'6925560690616270102,'6925560690616270102,'SS76306403828664735180046,2026-04-13 00:04:00,'3784368456477049055,韩国气质碎钻满天星抓夹女后脑勺半扎发鲨鱼夹发量少百搭发卡头饰,,,普通订单,1.83,0,0,0,0,0,0,0,0,2,0,0,-0.02,0,0,0,0,0,0,是-商品卡免佣,0.15,义乌市黎既电子商务商行（个体工商户）,订单结算
2026-04-23 09:58:20,'2026042309581801478003612131,入账,7.7,聚合账户,货款结算入账,小店自卖,'6925551512784108554,'6925551512784108554,'SS76306666092045765310086,2026-04-12 19:42:32,'3673426803407585295,法式编发飘带扎马尾加长丝巾发带女绑发头巾网红新款丝带头绳头饰,,,普通订单,7.75,0,0,0,0,0,0,0,0,0,0,0,-0.05,0,0,0,0,0,0,是-商品卡免佣,0.37,义乌市黎既电子商务商行（个体工商户）,订单结算
2026-04-23 09:58:20,'2026042309581727222515622131,入账,8.59,聚合账户,货款结算入账,小店自卖,'6925544586320051350,'6925544586320051350,'SS76306666259397391620127,2026-04-12 20:03:51,'3769167489120993512,春夏撞色蝴蝶结发夹女后脑勺2025新款气质大号盘发鸭嘴夹头饰抓夹,,,普通订单,8.64,0,0,0,0,0,0,0,0,0,0,0,-0.05,0,0,0,0,0,0,是-商品卡免佣,0.37,义乌市黎既电子商务商行（个体工商户）,订单结算
2026-04-23 09:58:20,'2026042309581728365786012131,入账,3.95,聚合账户,货款结算入账,小店自卖,'6925556318324621183,'6925556318324621183,'SS76306382152469056380146,2026-04-13 00:01:27,'3806293802847699345,韩式豹纹波点褶皱高级扭扭马尾卡通风香蕉发夹后脑勺显发发卡头饰,,,普通订单,3.97,0,0,0,0,0,0,0,0,0,0,0,-0.02,0,0,0,0,0,0,是-商品卡免佣,0.15,义乌市黎既电子商务商行（个体工商户）,订单结算
2026-04-23 09:58:20,'2026042309581808280151102131,入账,3.14,聚合账户,货款结算入账,小店自卖,'6952007576510731991,'6952007576510731991,'SS76306668588284485270207,2026-04-12 22:36:55,'3796640026289373330,蝴蝶结鸭嘴夹小香风毛呢爆款发夹后脑勺气质洋气盘发一字夹子,,,普通订单,3.16,0,0,0,0,0,0,0,0,0,0,0,-0.02,0,0,0,0,0,0,是-商品卡免佣,0.15,义乌市黎既电子商务商行（个体工商户）,订单结算
2026-04-23 09:58:20,'2026042309581737837709062131,入账,2.43,聚合账户,货款结算入账,精选联盟,'6925599062352035032,'6925599062352035032,'SS76307605920767841790079,2026-04-14 23:10:30,'3784368456477049055,韩国气质碎钻满天星抓夹女后脑勺半扎发鲨鱼夹发量少百搭发卡头饰,'1215379332407744,林夕呀,普通订单,2.69,0,0,0,0,0,0,0,0,0,0,0,-0.13,-0.13,0,0,0,0,0,,0,义乌市黎既电子商务商行（个体工商户）,订单结算
2026-04-23 09:58:20,'2026042309581734234578282131,入账,2.99,聚合账户,货款结算入账,小店自卖,'6952023901402043917,'6952023901402043917,'SS76307410582358100940110,2026-04-13 14:01:16,'3677662603133452394,儿童拉发针编发器大小号基础编发扎头发穿发棒懒人编发固定神器女,,,普通订单,3.01,1.15,0,0,0,0,0,0,0,0,0,0,-0.02,0,0,0,0,0,0,是-商品卡免佣,0.15,义乌市黎既电子商务商行（个体工商户）,订单结算
2026-04-23 09:58:20,'2026042309581738089526272131,入账,5.31,聚合账户,货款结算入账,小店自卖,'6925542488568855932,'6925542488568855932,'SS76306667371990430980003,2026-04-12 21:22:51,'3766001784691229117,夏天简约随手盘发一字扭扭夹水钻抓夹高级发夹扭扭后脑勺盘发器,,,普通订单,5.34,0,0,0,0,0,0,0,0,0,0,0,-0.03,0,0,0,0,0,0,是-商品卡免佣,0.22,义乌市黎既电子商务商行（个体工商户）,订单结算
2026-04-23 09:58:52,'2026042309584914539371782131,入账,3.59,聚合账户,货款结算入账,小店自卖,'6925565037709590095,'6925565037709590095,'SS76307018192491814910202,2026-04-13 12:22:13,'3766001784691229117,夏天简约随手盘发一字扭扭夹水钻抓夹高级发夹扭扭后脑勺盘发器,,,普通订单,3.61,0.69,0,0,0,0,0,0,0,0,0,0,-0.02,0,0,0,0,0,0,是-商品卡免佣,0.15,义乌市黎既电子商务商行（个体工商户）,订单结算
2026-04-23 09:58:52,'2026042309585013221565542131,入账,6.87,聚合账户,货款结算入账,小店自卖,'6925677745969725209,'6925677745969725209,'SS76307573185794094460125,2026-04-18 13:25:11,'3809245222651691462,新中式咖色碎花大肠发圈女慵懒风扎头发大号头绳复古发饰2026新款,,,普通订单,6.91,0,0,0,0,0,0,0,0,0,0,0,-0.04,0,0,0,0,0,0,是-商品卡免佣,0.29,义乌市黎既电子商务商行（个体工商户）,订单结算
2026-04-23 09:58:52,'2026042309584932973299542131,入账,2.67,聚合账户,货款结算入账,小店自卖,'6951918422719534853,'6951918422719534853,'SS76307364577659459080246,2026-04-08 14:56:02,'3784368456477049055,韩国气质碎钻满天星抓夹女后脑勺半扎发鲨鱼夹发量少百搭发卡头饰,,,普通订单,2.69,0,0,0,0,0,0,0,0,0,0,0,-0.02,0,0,0,0,0,0,是-商品卡免佣,0.15,义乌市黎既电子商务商行（个体工商户）,订单结算
2026-04-23 09:58:52,'2026042309584841334218702131,入账,1.88,聚合账户,货款结算入账,小店自卖,'6925549085624466531,'6925549085624466531,'SS76306666943522411860018,2026-04-12 20:53:54,'3769166853499388264,2025新款安全硅胶发夹女士鲨鱼夹饰品柔软防撞保护后脑夹头发女,,,普通订单,1.89,0,0,0,0,0,0,0,0,0,0,0,-0.01,0,0,0,0,0,0,是-商品卡免佣,0.07,义乌市黎既电子商务商行（个体工商户）,订单结算
2026-04-23 09:58:53,'2026042309585001221432662131,入账,2.63,聚合账户,货款结算入账,小店自卖,'6952050247218304846,'6952050247218304846,'SS76306791944453043390017,2026-04-13 10:59:43,'3750791789322306375,刘海夹前额洋气闪钻轻奢植绒复古夹子双层侧边夹碎发整理夹子女,,,普通订单,2.65,0.45,0,0,0,0,0,0,0,0,0,0,-0.02,0,0,0,0,0,0,是-商品卡免佣,0.15,义乌市黎既电子商务商行（个体工商户）,订单结算
2026-04-23 09:59:09,'2026042309590620555535512131,入账,4.56,聚合账户,货款结算入账,小店自卖,'6952033932120561561,'6952033932120561561,'SS76306668897114895780096,2026-04-12 22:15:18,'3808343037030039986,韩版新款水钻珠子花朵中号抓夹女后脑勺洋气盘发夹时尚半扎鲨鱼夹,,,普通订单,4.8,0,0,0,0,0,0,0,0,0,0,0,-0.24,0,0,0,0,0,0,,0,义乌市黎既电子商务商行（个体工商户）,订单结算
2026-04-23 09:59:09,'2026042309590603199142402131,入账,4.6,聚合账户,货款结算入账,小店自卖,'6952030467360691977,'6952030467360691977,'SS76307251203281925460036,2026-04-13 13:01:37,'3761395105840365661,高级感水钻满天星发夹女后脑勺盘发神器发卡青蛙夹扭扭夹发卡头饰,,,普通订单,4.63,0,0,0,0,0,0,0,0,0,0,0,-0.03,0,0,0,0,0,0,是-商品卡免佣,0.22,义乌市黎既电子商务商行（个体工商户）,订单结算
2026-04-23 09:59:09,'2026042309590618624192152131,入账,2.98,聚合账户,货款结算入账,小店自卖,'6952016603369510231,'6952016603369510231,'SS76306668407289285180047,2026-04-12 23:18:18,'3782115864158011677,新款大号花朵头发夹子发卡子网红爆款妈妈抓夹女后脑勺盘发鸭嘴夹,,,普通订单,3,0,0,0,0,0,0,0,0,0,0,0,-0.02,0,0,0,0,0,0,是-商品卡免佣,0.15,义乌市黎既电子商务商行（个体工商户）,订单结算
2026-04-23 09:59:09,'2026042309590600430738302131,入账,5.45,聚合账户,货款结算入账,小店自卖,'6925538766528741225,'6925538766528741225,'SS76306667525527964260039,2026-04-12 20:12:39,'3739542149163778373,洗澡大号盘发发夹后脑勺抓夹百搭气质成人发抓鲨鱼夹发卡夹子发饰,,,普通订单,5.74,0,0,0,0,0,0,0,0,0,0,0,-0.29,0,0,0,0,0,0,,0,义乌市黎既电子商务商行（个体工商户）,订单结算
2026-04-23 09:59:09,'2026042309590541788380162131,入账,2,聚合账户,货款结算入账,小店自卖,'6952012336078001758,'6952012336078001758,'SS76306668197640156430217,2026-04-12 23:03:05,'3678113184092389599,儿童发夹碎发整理神器小女孩发夹后脑勺隐形倒插梳宝宝发梳不伤发,,,普通订单,0.01,0,0,2,0,0,0,0,0,0,0,0,-0.01,0,0,0,0,0,0,是-商品卡免佣,0.07,义乌市黎既电子商务商行（个体工商户）,订单结算
2026-04-23 10:00:56,'2026042310005235536778762131,入账,6.34,聚合账户,货款结算入账,小店自卖,'6925700902714768458,'6925700902714768458,'SS76308505844760742810215,2026-04-19 10:43:54,'3796640026289373330,蝴蝶结鸭嘴夹小香风毛呢爆款发夹后脑勺气质洋气盘发一字夹子,,,普通订单,5.78,0,0,0.6,0,0,0,0,0,0,0,0,-0.04,0,0,0,0,0,0,是-商品卡免佣,0.29,义乌市黎既电子商务商行（个体工商户）,订单结算
2026-04-23 10:00:56,'2026042310005305263690702131,入账,1.56,聚合账户,货款结算入账,精选联盟,'6952031749677651358,'6952031749677651358,'SS76306667936443930020071,2026-04-12 22:15:33,'3677505925100470553,宝宝碎发神器女儿童发卡后脑勺隐形倒插梳整理刘海碎发梳女童发夹,'1541939015455411,金姐好物,普通订单,1.79,0,0,0,0,0,0,0,0,0,0,0,-0.09,-0.14,0,0,0,0,0,,0,义乌市黎既电子商务商行（个体工商户）,订单结算
2026-04-23 10:00:56,'2026042310005238728177152131,入账,2.66,聚合账户,货款结算入账,精选联盟,'6952022780714947784,'6952022780714947784,'SS76306667520908825660047,2026-04-12 21:23:47,'3800128063711346920,早秋款小香风豹纹珍珠发箍女2026新款高级带齿防滑头箍洗脸头饰品,'0,,普通订单,2.96,0,0,0,0,0,0,0,0,0,0,0,-0.15,0,0,0,0,-0.15,0,,0,义乌市黎既电子商务商行（个体工商户）,订单结算
2026-04-23 10:00:56,'2026042310005420971566232131,入账,2.54,聚合账户,货款结算入账,巨量千川,'6925649307934359384,'6925649307934359384,'SS76308181998686707390090,2026-04-17 08:05:45,'3766001784691229117,夏天简约随手盘发一字扭扭夹水钻抓夹高级发夹扭扭后脑勺盘发器,,,普通订单,2.08,0.69,0,0.59,0,0,0,0,0,0,0,0,-0.13,0,0,0,0,0,0,,0,义乌市黎既电子商务商行（个体工商户）,订单结算
2026-04-23 10:00:56,'2026042310005232727862162131,入账,2.67,聚合账户,货款结算入账,小店自卖,'6925564869910626248,'6925564869910626248,'SS76307438124444923280031,2026-04-13 10:54:46,'3784368456477049055,韩国气质碎钻满天星抓夹女后脑勺半扎发鲨鱼夹发量少百搭发卡头饰,,,普通订单,2.69,0,0,0,0,0,0,0,0,0,0,0,-0.02,0,0,0,0,0,0,是-商品卡免佣,0.15,义乌市黎既电子商务商行（个体工商户）,订单结算
2026-04-23 10:00:56,'2026042310005235248379382131,入账,3.81,聚合账户,货款结算入账,小店自卖,'6952054127808419434,'6952054127808419434,'SS76308324125277560830212,2026-04-14 07:44:01,'3784368456477049055,韩国气质碎钻满天星抓夹女后脑勺半扎发鲨鱼夹发量少百搭发卡头饰,,,普通订单,1.83,0,0,2,0,0,0,0,0,0,0,0,-0.02,0,0,0,0,0,0,是-商品卡免佣,0.15,义乌市黎既电子商务商行（个体工商户）,订单结算
2026-04-23 10:00:56,'2026042310005326931410272131,入账,8.87,聚合账户,货款结算入账,小店自卖,'6925546528308625334,'6925546528308625334,'SS76306666626360448000246,2026-04-12 19:12:18,'3673388116573553024,花朵儿童盘发神器新款宝宝丸子头盘发器宝宝扎头神器头饰发饰女孩,,,普通订单,8.92,0.55,0,0,0,0,0,0,0,0,0,0,-0.05,0,0,0,0,0,0,是-商品卡免佣,0.37,义乌市黎既电子商务商行（个体工商户）,订单结算
2026-04-23 10:00:56,'2026042310005311035118232131,入账,10.88,聚合账户,货款结算入账,小店自卖,'6925579983596257173,'6925579983596257173,'SS76308202230417986750106,2026-04-13 22:22:25,'3796640026289373330,蝴蝶结鸭嘴夹小香风毛呢爆款发夹后脑勺气质洋气盘发一字夹子,,,普通订单,10.95,0,0,0,0,0,0,0,0,0,0,0,-0.07,0,0,0,0,0,0,是-商品卡免佣,0.51,义乌市黎既电子商务商行（个体工商户）,订单结算
2026-04-23 10:00:56,'2026042310005303910049282131,入账,2.67,聚合账户,货款结算入账,小店自卖,'6925624743931509896,'6925624743931509896,'SS76308412257628493300136,2026-04-15 17:52:06,'3784368456477049055,韩国气质碎钻满天星抓夹女后脑勺半扎发鲨鱼夹发量少百搭发卡头饰,,,普通订单,2.69,0,0,0,0,0,0,0,0,0,0,0,-0.02,0,0,0,0,0,0,是-商品卡免佣,0.15,义乌市黎既电子商务商行（个体工商户）,订单结算
2026-04-23 10:00:56,'2026042310005235122552662131,入账,2.94,聚合账户,货款结算入账,小店自卖,'6925547769923599958,'6925547769923599958,'SS76306844113066562910155,2026-04-13 09:01:19,'3800128063711346920,早秋款小香风豹纹珍珠发箍女2026新款高级带齿防滑头箍洗脸头饰品,,,普通订单,2.96,0,0,0,0,0,0,0,0,0,0,0,-0.02,0,0,0,0,0,0,是-商品卡免佣,0.15,义乌市黎既电子商务商行（个体工商户）,订单结算
2026-04-23 10:01:25,'2026042310012323196966912131,入账,3.38,聚合账户,货款结算入账,小店自卖,'6925640391784431074,'6925640391784431074,'SS76306239031990072670031,2026-04-16 09:50:52,'3746153916182692087,法式文艺~复古甜美方巾大肠发圈女高级感ins大号高马尾甜妹发饰,,,普通订单,3.56,0,0,0,0,0,0,0,0,0,0,0,-0.18,0,0,0,0,0,0,,0,义乌市黎既电子商务商行（个体工商户）,订单结算
2026-04-23 10:01:25,'2026042310012313256133212131,入账,2.86,聚合账户,货款结算入账,小店自卖,'6925567349452406587,'6925567349452406587,'SS76307002474477002760130,2026-04-13 12:22:05,'3761395105840365661,高级感水钻满天星发夹女后脑勺盘发神器发卡青蛙夹扭扭夹发卡头饰,,,普通订单,2.88,0,0,0,0,0,0,0,0,0,0,0,-0.02,0,0,0,0,0,0,是-商品卡免佣,0.15,义乌市黎既电子商务商行（个体工商户）,订单结算
2026-04-23 10:01:26,'2026042310012327601805262131,入账,3.63,聚合账户,货款结算入账,小店自卖,'6925671057056890366,'6925671057056890366,'SS76306221561373335400222,2026-04-17 11:56:37,'3795705621886664997,韩系可爱小熊格纹发夹女后脑勺马尾竖夹盘发香蕉夹甜美发卡子发饰,,,普通订单,3.65,0,0,0,0,0,0,0,0,0,0,0,-0.02,0,0,0,0,0,0,是-商品卡免佣,0.15,义乌市黎既电子商务商行（个体工商户）,订单结算
2026-04-23 10:01:26,'2026042310012238307599632131,入账,5.02,聚合账户,货款结算入账,小店自卖,'6925556076360334669,'6925556076360334669,'SS76306381183584670980124,2026-04-12 22:42:23,'3790878995596312771,韩系黑色波点布艺褶皱高马尾香蕉夹竖夹新款豹纹发夹气质百搭发饰,,,普通订单,5.05,0,0,0,0,0,0,0,0,0,0,0,-0.03,0,0,0,0,0,0,是-商品卡免佣,0.22,义乌市黎既电子商务商行（个体工商户）,订单结算
2026-04-23 10:01:26,'2026042310012306724001792131,入账,3.95,聚合账户,货款结算入账,小店自卖,'6925679852418989392,'6925679852418989392,'SS76308134666594225180236,2026-04-18 11:41:55,'3806293802847699345,韩式豹纹波点褶皱高级扭扭马尾卡通风香蕉发夹后脑勺显发发卡头饰,,,普通订单,0.01,0,0,3.96,0,0,0,0,0,0,0,0,-0.02,0,0,0,0,0,0,是-商品卡免佣,0.15,义乌市黎既电子商务商行（个体工商户）,订单结算
2026-04-23 10:01:32,'2026042310012837485450582131,入账,2.65,聚合账户,货款结算入账,精选联盟,'6925549890902458304,'6925549890902458304,'SS76306668150659036510192,2026-04-13 06:14:56,'3748754542678900840,中国风孔雀盘发器女士古典旗袍发饰丸子懒人高级感饰品优雅发夹,'4503244761990366,阿霞精选,普通订单,2.94,1.15,0,0,0,0,0,0,0,0,0,0,-0.15,-0.14,0,0,0,0,0,,0,义乌市黎既电子商务商行（个体工商户）,订单结算
2026-04-23 10:01:32,'2026042310012821674560002131,入账,2.56,聚合账户,货款结算入账,小店自卖,'6952030623158309944,'6952030623158309944,'SS76307373515349855100073,2026-04-13 15:07:21,'3809235146834575749,可爱新春小狗香蕉夹女高马尾扭扭夹红色竖夹高级感2026韩新款发夹,,,普通订单,2.58,0,0,0,0,0,0,0,0,0,0,0,-0.02,0,0,0,0,0,0,是-商品卡免佣,0.15,义乌市黎既电子商务商行（个体工商户）,订单结算
2026-04-23 10:01:32,'2026042310012826061092362131,入账,2.77,聚合账户,货款结算入账,小店自卖,'6952018728266307466,'6952018728266307466,'SS76306667971474890390165,2026-04-13 00:07:50,'3673435992590778649,甜美蝴蝶结编发发夹新款网红碎发夹刘海夹侧边夹可爱小夹子头饰时,,,普通订单,2.79,0.9,0,0,0,0,0,0,0,0,0,0,-0.02,0,0,0,0,0,0,是-商品卡免佣,0.15,义乌市黎既电子商务商行（个体工商户）,订单结算
2026-04-23 10:01:32,'2026042310012927853791242131,入账,3.89,聚合账户,货款结算入账,小店自卖,'6952031614535603614,'6952031614535603614,'SS76306650377825695350103,2026-04-12 21:07:36,'3807732934811713667,新款牡丹花羽毛抓夹女高颜值轻奢时尚百搭鲨鱼夹发饰头饰夹发神器,,,普通订单,0.91,0,0,3,0,0,0,0,0,0,0,0,-0.02,0,0,0,0,0,0,是-商品卡免佣,0.15,义乌市黎既电子商务商行（个体工商户）,订单结算
2026-04-23 10:01:32,'2026042310012900322931542131,入账,2.43,聚合账户,货款结算入账,精选联盟,'6925538232213208064,'6925538232213208064,'SS76306398931730931720112,2026-04-12 16:31:43,'3784368456477049055,韩国气质碎钻满天星抓夹女后脑勺半扎发鲨鱼夹发量少百搭发卡头饰,'0,,普通订单,0.01,0,0,2.68,0,0,0,0,0,0,0,0,-0.13,0,0,0,0,-0.13,0,,0,义乌市黎既电子商务商行（个体工商户）,订单结算
2026-04-23 10:01:40,'2026042310013739218222172131,入账,2.67,聚合账户,货款结算入账,小店自卖,'6925544544694664611,'6925544544694664611,'SS76306399972725235550057,2026-04-12 19:51:18,'3784368456477049055,韩国气质碎钻满天星抓夹女后脑勺半扎发鲨鱼夹发量少百搭发卡头饰,,,普通订单,2.69,0,0,0,0,0,0,0,0,0,0,0,-0.02,0,0,0,0,0,0,是-商品卡免佣,0.15,义乌市黎既电子商务商行（个体工商户）,订单结算
2026-04-23 10:01:40,'2026042310013804321121632131,入账,1.79,聚合账户,货款结算入账,小店自卖,'6952034631809569891,'6952034631809569891,'SS76307002389319071240185,2026-04-13 10:25:24,'3758427543376625946,卡通可爱儿童抓夹女童丸子头盘发爪夹小女孩后脑勺公主头饰发饰,,,普通订单,0.01,0,0,1.87,0,0,0,0,0,0,0,0,-0.09,0,0,0,0,0,0,,0,义乌市黎既电子商务商行（个体工商户）,订单结算
2026-04-23 10:01:40,'2026042310013739511826182131,入账,1.76,聚合账户,货款结算入账,精选联盟,'6925602487170595979,'6925602487170595979,'SS76306250776257170280074,2026-04-15 13:38:24,'3806280662462366067,kitty猫~刘海贴精致可爱甜美少女棉花糖猫兔碎发贴魔术贴无痕发饰,'0,,普通订单,0.01,0,0,1.95,0,0,0,0,0,0,0,0,-0.1,0,0,0,0,-0.1,0,,0,义乌市黎既电子商务商行（个体工商户）,订单结算
2026-04-23 10:01:40,'2026042310013728404451992131,入账,1.88,聚合账户,货款结算入账,小店自卖,'6952151364694251465,'6952151364694251465,'SS76307437595624904060029,2026-04-18 11:38:26,'3775300820581613599,甜美kitty刘海贴可爱少女棉花糖猫碎发贴刘海魔术贴无痕便携发饰,,,普通订单,0.01,0,0,1.88,0,0,0,0,0,0,0,0,-0.01,0,0,0,0,0,0,是-商品卡免佣,0.07,义乌市黎既电子商务商行（个体工商户）,订单结算
2026-04-23 10:01:40,'2026042310013812341087242131,入账,2.43,聚合账户,货款结算入账,精选联盟,'6952045614890423673,'6952045614890423673,'SS76306402641009710540090,2026-04-13 08:30:03,'3784368456477049055,韩国气质碎钻满天星抓夹女后脑勺半扎发鲨鱼夹发量少百搭发卡头饰,'0,,普通订单,0.01,0,0,2.68,0,0,0,0,0,0,0,0,-0.13,0,0,0,0,-0.13,0,,0,义乌市黎既电子商务商行（个体工商户）,订单结算
2026-04-23 10:01:44,'2026042310014122065154962131,入账,3.75,聚合账户,货款结算入账,小店自卖,'6925546468710317953,'6925546468710317953,'SS76306663730999506340222,2026-04-12 18:42:20,'3746150076641313252,网红简约ins纯色宽边发带高颅顶白色发箍女运动健身夏季头饰发饰,,,普通订单,3.77,0.9,0,0,0,0,0,0,0,0,0,0,-0.02,0,0,0,0,0,0,是-商品卡免佣,0.15,义乌市黎既电子商务商行（个体工商户）,订单结算
2026-04-23 10:01:44,'2026042310014037960911512131,入账,2.86,聚合账户,货款结算入账,小店自卖,'6925547554794340174,'6925547554794340174,'SS76306668208157827080022,2026-04-13 06:52:11,'3761395105840365661,高级感水钻满天星发夹女后脑勺盘发神器发卡青蛙夹扭扭夹发卡头饰,,,普通订单,2.88,0,0,0,0,0,0,0,0,0,0,0,-0.02,0,0,0,0,0,0,是-商品卡免佣,0.15,义乌市黎既电子商务商行（个体工商户）,订单结算
2026-04-23 10:01:44,'2026042310014114309302102131,入账,2.67,聚合账户,货款结算入账,小店自卖,'6925539916258115170,'6925539916258115170,'SS76306399226385536460119,2026-04-12 17:59:25,'3784368456477049055,韩国气质碎钻满天星抓夹女后脑勺半扎发鲨鱼夹发量少百搭发卡头饰,,,普通订单,2.69,0,0,0,0,0,0,0,0,0,0,0,-0.02,0,0,0,0,0,0,是-商品卡免佣,0.15,义乌市黎既电子商务商行（个体工商户）,订单结算
2026-04-23 10:01:44,'2026042310014029039500802131,入账,5.86,聚合账户,货款结算入账,小店自卖,'6952030229697467669,'6952030229697467669,'SS76306795283141104910005,2026-04-13 10:46:08,'3746153916182692087,法式文艺~复古甜美方巾大肠发圈女高级感ins大号高马尾甜妹发饰,,,普通订单,5.9,0,0,0,0,0,0,0,0,0,0,0,-0.04,0,0,0,0,0,0,是-商品卡免佣,0.29,义乌市黎既电子商务商行（个体工商户）,订单结算
2026-04-23 10:01:44,'2026042310014115147505162131,入账,6.15,聚合账户,货款结算入账,小店自卖,'6952029561094542448,'6952029561094542448,'SS76306668100276887130156,2026-04-12 22:06:25,'3751345399902896376,儿童发饰后脑勺碎发神器发梳女童刘海插梳整理发卡网红发夹头饰女,,,普通订单,6.19,0.55,0,0,0,0,0,0,0,0,0,0,-0.04,0,0,0,0,0,0,是-商品卡免佣,0.29,义乌市黎既电子商务商行（个体工商户）,订单结算
2026-04-23 10:01:54,'2026042310015029342152142131,入账,4.68,聚合账户,货款结算入账,小店自卖,'6925543210981227714,'6925543210981227714,'SS76306668302996444560233,2026-04-13 07:01:25,'3748754542678900840,中国风孔雀盘发器女士古典旗袍发饰丸子懒人高级感饰品优雅发夹,,,普通订单,4.93,1.15,0,0,0,0,0,0,0,0,0,0,-0.25,0,0,0,0,0,0,,0,义乌市黎既电子商务商行（个体工商户）,订单结算
2026-04-23 10:01:54,'2026042310015029749250962131,入账,1.94,聚合账户,货款结算入账,小店自卖,'6952146553574397304,'6952146553574397304,'SS76308682992028060500206,2026-04-18 10:26:30,'3763932675732275215,简约高马尾香蕉夹抓夹女高级感2025新款大号一字扭扭夹发夹发饰夏,,,普通订单,1.95,0,0,0,0,0,0,0,0,0,0,0,-0.01,0,0,0,0,0,0,是-商品卡免佣,0.07,义乌市黎既电子商务商行（个体工商户）,订单结算
2026-04-23 10:01:54,'2026042310015201889572112131,入账,4.95,聚合账户,货款结算入账,小店自卖,'6925554455535779662,'6925554455535779662,'SS76306666436773811740089,2026-04-12 22:36:14,'3812573397322432839,新款密齿香蕉韩系法式波点蕾丝蝴蝶结后脑勺盘发发夹发卡马尾发饰,,,普通订单,4.98,0,0,0,0,0,0,0,0,0,0,0,-0.03,0,0,0,0,0,0,是-商品卡免佣,0.22,义乌市黎既电子商务商行（个体工商户）,订单结算
2026-04-23 10:01:54,'2026042310015035465016842131,入账,3.19,聚合账户,货款结算入账,小店自卖,'6952005198412781013,'6952005198412781013,'SS76306605818054582270131,2026-04-12 20:31:09,'3806839693081969009,春夏简约随手盘发高级发夹一字扭扭夹水钻抓夹扭扭后脑勺盘发器,,,普通订单,3.36,0,0,0,0,0,0,0,0,0,0,0,-0.17,0,0,0,0,0,0,,0,义乌市黎既电子商务商行（个体工商户）,订单结算
2026-04-23 10:01:54,'2026042310015121402913432131,入账,4.95,聚合账户,货款结算入账,小店自卖,'6952072328947111866,'6952072328947111866,'SS76306911762200376670157,2026-04-14 20:01:31,'3811476737385169110,霞光紫~紫色珍珠字母抓夹女2026新款后脑勺鲨鱼夹大号旅行发卡女 ,,,普通订单,4.98,0,0,0,0,0,0,0,0,0,0,0,-0.03,0,0,0,0,0,0,是-商品卡免佣,0.22,义乌市黎既电子商务商行（个体工商户）,订单结算
2026-04-23 10:01:56,'2026042310015313492229462131,入账,2.77,聚合账户,货款结算入账,小店自卖,'6952022709194659416,'6952022709194593880,'SS76307404836206883930241,2026-04-12 20:02:30,'3796640026289373330,蝴蝶结鸭嘴夹小香风毛呢爆款发夹后脑勺气质洋气盘发一字夹子,,,普通订单,2.79,0,0,0,0,0,0,0,0,0,0,0,-0.02,0,0,0,0,0,0,是-商品卡免佣,0.15,义乌市黎既电子商务商行（个体工商户）,订单结算
2026-04-23 10:01:56,'2026042310015328847475562131,入账,2.82,聚合账户,货款结算入账,精选联盟,'6925533935130541068,'6925533935130541068,'SS76306666634528038900138,2026-04-12 17:03:52,'3746529925562237053,满钻星星碎发整理神器隐形碎发梳女儿童固定头发夹子拉拉梳头饰,'95957951689,菲菲优选,普通订单,3.27,0,0,0,0,0,0,0,0,0,0,0,-0.16,-0.29,0,0,0,0,0,,0,义乌市黎既电子商务商行（个体工商户）,订单结算
2026-04-23 10:01:56,'2026042310015404665351742131,入账,4.37,聚合账户,货款结算入账,精选联盟,'6925549926588447925,'6925549926588447925,'SS76306668246567165710111,2026-04-13 06:49:52,'3761395105840365661,高级感水钻满天星发夹女后脑勺盘发神器发卡青蛙夹扭扭夹发卡头饰,'102356148297,宋姐,普通订单,4.63,0,0,0,0,0,0,0,0,0,0,0,-0.03,-0.23,0,0,0,0,0,是-商品卡免佣,0.22,义乌市黎既电子商务商行（个体工商户）,订单结算
2026-04-23 10:01:56,'2026042310015327444513802131,入账,3.14,聚合账户,货款结算入账,小店自卖,'6952018123899868931,'6952018123899868931,'SS76306666714557035860078,2026-04-12 19:08:35,'3796640026289373330,蝴蝶结鸭嘴夹小香风毛呢爆款发夹后脑勺气质洋气盘发一字夹子,,,普通订单,3.16,0,0,0,0,0,0,0,0,0,0,0,-0.02,0,0,0,0,0,0,是-商品卡免佣,0.15,义乌市黎既电子商务商行（个体工商户）,订单结算
2026-04-23 10:01:56,'2026042310015404661583422131,入账,4.35,聚合账户,货款结算入账,小店自卖,'6925546991149808944,'6925546991149808944,'SS76306668034741376350192,2026-04-12 22:09:55,'3673976773902729360,发夹女后脑勺珍珠发卡大号盘发鲨鱼夹韩国ins网红气质头饰抓发夹,,,普通订单,4.38,0.9,0,0,0,0,0,0,0,0,0,0,-0.03,0,0,0,0,0,0,是-商品卡免佣,0.22,义乌市黎既电子商务商行（个体工商户）,订单结算
2026-04-23 10:02:12,'2026042310020840187704682131,入账,4.36,聚合账户,货款结算入账,小店自卖,'6925577074725453506,'6925577074725387970,'SS76307416251405437960096,2026-04-13 17:24:37,'3673663020057362597,可爱小兔子发夹女童头饰宝宝立体发卡暖手刘海夹秋季毛绒发饰女,,,普通订单,4.39,0,0,0,0,0,0,0,0,0,0,0,-0.03,0,0,0,0,0,0,是-商品卡免佣,0.22,义乌市黎既电子商务商行（个体工商户）,订单结算
2026-04-23 10:02:12,'2026042310020939935183882131,入账,2.67,聚合账户,货款结算入账,小店自卖,'6952018048467342847,'6952018048467342847,'SS76306399090750098350025,2026-04-12 17:58:31,'3784368456477049055,韩国气质碎钻满天星抓夹女后脑勺半扎发鲨鱼夹发量少百搭发卡头饰,,,普通订单,2.69,0,0,0,0,0,0,0,0,0,0,0,-0.02,0,0,0,0,0,0,是-商品卡免佣,0.15,义乌市黎既电子商务商行（个体工商户）,订单结算
2026-04-23 10:02:12,'2026042310020940570888032131,入账,4.2,聚合账户,货款结算入账,小店自卖,'6952031812887058051,'6952031812887058051,'SS76306668453498230170212,2026-04-12 22:39:04,'3766001784691229117,夏天简约随手盘发一字扭扭夹水钻抓夹高级发夹扭扭后脑勺盘发器,,,普通订单,4.23,0,0,0,0,0,0,0,0,0,0,0,-0.03,0,0,0,0,0,0,是-商品卡免佣,0.22,义乌市黎既电子商务商行（个体工商户）,订单结算
2026-04-23 10:02:12,'2026042310020823000850332131,入账,3.95,聚合账户,货款结算入账,小店自卖,'6925542384956701763,'6925542384956701763,'SS76306667584084544000073,2026-04-12 20:41:40,'3746539288666439910,夏天新款太阳花网纱抓夹女发夹高马尾夹子固定后脑勺花朵鲨鱼夹,,,普通订单,3.97,0,0,0,0,0,0,0,0,0,0,0,-0.02,0,0,0,0,0,0,是-商品卡免佣,0.15,义乌市黎既电子商务商行（个体工商户）,订单结算
2026-04-23 10:02:12,'2026042310020904629634622131,入账,3.94,聚合账户,货款结算入账,小店自卖,'6925556885863431834,'6925556885863431834,'SS76306825657669104900186,2026-04-13 09:38:50,'3806479482789953902,新款蓝楹蝶!甜美氛围感头花侧边夹旅行发卡！早春气质蓝色花朵发夹,,,普通订单,3.96,0,0,0,0,0,0,0,0,0,0,0,-0.02,0,0,0,0,0,0,是-商品卡免佣,0.15,义乌市黎既电子商务商行（个体工商户）,订单结算
2026-04-23 10:02:28,'2026042310022430601754062131,入账,3.96,聚合账户,货款结算入账,小店自卖,'6925542372852006070,'6925542372852006070,'SS76306667746902513150244,2026-04-12 20:41:19,'3763740559714418704,时尚玫瑰花扭扭夹优雅轻奢一字夹盘发新中式发夹2025年新款抓夹,,,普通订单,3.98,0,0,0,0,0,0,0,0,0,0,0,-0.02,0,0,0,0,0,0,是-商品卡免佣,0.15,义乌市黎既电子商务商行（个体工商户）,订单结算
2026-04-23 10:02:28,'2026042310022438471316862131,入账,2.67,聚合账户,货款结算入账,小店自卖,'6925579065556434277,'6925579065556434277,'SS76308230663014981460083,2026-04-13 15:58:42,'3784368456477049055,韩国气质碎钻满天星抓夹女后脑勺半扎发鲨鱼夹发量少百搭发卡头饰,,,普通订单,2.69,0,0,0,0,0,0,0,0,0,0,0,-0.02,0,0,0,0,0,0,是-商品卡免佣,0.15,义乌市黎既电子商务商行（个体工商户）,订单结算
2026-04-23 10:02:28,'2026042310022524921213902131,入账,4.4,聚合账户,货款结算入账,小店自卖,'6925544817520443313,'6925544817520443313,'SS76306667087059850300238,2026-04-12 21:13:35,'3761395105840365661,高级感水钻满天星发夹女后脑勺盘发神器发卡青蛙夹扭扭夹发卡头饰,,,普通订单,4.63,0,0,0,0,0,0,0,0,0,0,0,-0.23,0,0,0,0,0,0,,0,义乌市黎既电子商务商行（个体工商户）,订单结算
2026-04-23 10:02:28,'2026042310022609694420862131,入账,2.5,聚合账户,货款结算入账,小店自卖,'6952000531534189801,'6952000531534189801,'SS76306667559381895940002,2026-04-12 20:30:52,'3783416749731479715,许我耀眼赵露思许妍同款爱心抓夹高级感后脑勺盘发鲨鱼夹发夹头饰,,,普通订单,2.52,0,0,0,0,0,0,0,0,0,0,0,-0.02,0,0,0,0,0,0,是-商品卡免佣,0.15,义乌市黎既电子商务商行（个体工商户）,订单结算
2026-04-23 10:02:28,'2026042310022525887706112131,入账,2.77,聚合账户,货款结算入账,小店自卖,'6952007682654869331,'6952007682654869331,'SS76306668462037570710168,2026-04-12 23:35:38,'3796640026289373330,蝴蝶结鸭嘴夹小香风毛呢爆款发夹后脑勺气质洋气盘发一字夹子,,,普通订单,2.79,0,0,0,0,0,0,0,0,0,0,0,-0.02,0,0,0,0,0,0,是-商品卡免佣,0.15,义乌市黎既电子商务商行（个体工商户）,订单结算
2026-04-23 10:02:39,'2026042310023632721308542131,入账,3.32,聚合账户,货款结算入账,精选联盟,'6925663616769425283,'6925663616769425283,'SS76307059119377124470241,2026-04-17 22:47:04,'3763932675732275215,简约高马尾香蕉夹抓夹女高级感2025新款大号一字扭扭夹发夹发饰夏,'0,,普通订单,1.18,0,0,2.5,0,0,0,0,0,0,0,0,-0.18,0,0,0,0,-0.18,0,,0,义乌市黎既电子商务商行（个体工商户）,订单结算
2026-04-23 10:02:39,'2026042310023531150410872131,入账,3.81,聚合账户,货款结算入账,小店自卖,'6952145892785722959,'6952145892785722959,'SS76307466926334446480101,2026-04-17 21:12:31,'3784368456477049055,韩国气质碎钻满天星抓夹女后脑勺半扎发鲨鱼夹发量少百搭发卡头饰,,,普通订单,0.01,0,0,3.82,0,0,0,0,0,0,0,0,-0.02,0,0,0,0,0,0,是-商品卡免佣,0.15,义乌市黎既电子商务商行（个体工商户）,订单结算
2026-04-23 10:02:39,'2026042310023523165673222131,入账,3.14,聚合账户,货款结算入账,小店自卖,'6925694783983812438,'6925694783983812438,'SS76308522113792415070136,2026-04-18 14:37:43,'3796640026289373330,蝴蝶结鸭嘴夹小香风毛呢爆款发夹后脑勺气质洋气盘发一字夹子,,,普通订单,0.01,0,0,3.15,0,0,0,0,0,0,0,0,-0.02,0,0,0,0,0,0,是-商品卡免佣,0.15,义乌市黎既电子商务商行（个体工商户）,订单结算
2026-04-23 10:02:39,'2026042310023629362468342131,入账,2.34,聚合账户,货款结算入账,小店自卖,'6925601017486999035,'6925601017486999035,'SS76307785230674498940192,2026-04-14 20:43:06,'3807763574974186291,气质高级亮黑色大号鲨鱼抓夹女后脑勺时尚发卡巨能抓头饰2026新款,,,普通订单,0.35,0,0,2,0,0,0,0,0,0,0,0,-0.01,0,0,0,0,0,0,是-商品卡免佣,0.07,义乌市黎既电子商务商行（个体工商户）,订单结算
2026-04-23 10:02:39,'2026042310023507059543452131,入账,1.95,聚合账户,货款结算入账,小店自卖,'6952183088091699169,'6952183088091699169,'SS76308645865683358720013,2026-04-18 21:59:57,'3806280662462366067,kitty猫~刘海贴精致可爱甜美少女棉花糖猫兔碎发贴魔术贴无痕发饰,,,普通订单,0.01,0,0,1.95,0,0,0,0,0,0,0,0,-0.01,0,0,0,0,0,0,是-商品卡免佣,0.07,义乌市黎既电子商务商行（个体工商户）,订单结算
2026-04-23 10:02:45,'2026042310024110872263942131,入账,3.14,聚合账户,货款结算入账,小店自卖,'6925554093448920685,'6925554093448920685,'SS76306666917151380750090,2026-04-12 20:47:17,'3796640026289373330,蝴蝶结鸭嘴夹小香风毛呢爆款发夹后脑勺气质洋气盘发一字夹子,,,普通订单,3.16,0,0,0,0,0,0,0,0,0,0,0,-0.02,0,0,0,0,0,0,是-商品卡免佣,0.15,义乌市黎既电子商务商行（个体工商户）,订单结算
2026-04-23 10:02:45,'2026042310024217911816312131,入账,4.9,聚合账户,货款结算入账,小店自卖,'6952022653527332239,'6952022653527332239,'SS76306665875662648820147,2026-04-12 19:40:30,'3748754542678900840,中国风孔雀盘发器女士古典旗袍发饰丸子懒人高级感饰品优雅发夹,,,普通订单,4.93,1.15,0,0,0,0,0,0,0,0,0,0,-0.03,0,0,0,0,0,0,是-商品卡免佣,0.22,义乌市黎既电子商务商行（个体工商户）,订单结算
2026-04-23 10:02:45,'2026042310024138885135632131,入账,5.31,聚合账户,货款结算入账,小店自卖,'6925538385023695901,'6925538385023695901,'SS76306665918821545060065,2026-04-12 17:42:18,'3766001784691229117,夏天简约随手盘发一字扭扭夹水钻抓夹高级发夹扭扭后脑勺盘发器,,,普通订单,5.34,0,0,0,0,0,0,0,0,0,0,0,-0.03,0,0,0,0,0,0,是-商品卡免佣,0.22,义乌市黎既电子商务商行（个体工商户）,订单结算
2026-04-23 10:02:45,'2026042310024226159560312131,入账,4.43,聚合账户,货款结算入账,小店自卖,'6952011734723335333,'6952011734723335333,'SS76306666559996567470233,2026-04-12 17:39:58,'3783087235688169935,高颅顶神器发根自然蓬松夹无痕定位夹男女刘海夹鸭嘴夹发卡发夹,,,普通订单,4.46,0,0,0,0,0,0,0,0,0,0,0,-0.03,0,0,0,0,0,0,是-商品卡免佣,0.22,义乌市黎既电子商务商行（个体工商户）,订单结算
2026-04-23 10:02:45,'2026042310024212337362012131,入账,2.67,聚合账户,货款结算入账,小店自卖,'6925559902491737817,'6925559902491737817,'SS76307438926649101300163,2026-04-13 14:19:23,'3784368456477049055,韩国气质碎钻满天星抓夹女后脑勺半扎发鲨鱼夹发量少百搭发卡头饰,,,普通订单,2.69,0,0,0,0,0,0,0,0,0,0,0,-0.02,0,0,0,0,0,0,是-商品卡免佣,0.15,义乌市黎既电子商务商行（个体工商户）,订单结算
2026-04-23 10:02:45,'2026042310024112975311782131,入账,4.85,聚合账户,货款结算入账,小店自卖,'6952014407234622710,'6952014407234622710,'SS76306668709583590400106,2026-04-12 23:57:06,'3796640026289373330,蝴蝶结鸭嘴夹小香风毛呢爆款发夹后脑勺气质洋气盘发一字夹子,,,普通订单,4.88,0,0,0,0,0,0,0,0,0,0,0,-0.03,0,0,0,0,0,0,是-商品卡免佣,0.22,义乌市黎既电子商务商行（个体工商户）,订单结算
2026-04-23 10:02:45,'2026042310024226157758072131,入账,1.91,聚合账户,货款结算入账,小店自卖,'6952044377070507709,'6952044377070507709,'SS76306996811733082010123,2026-04-13 17:25:33,'3776769690882408946,简约三角形头发抓夹高级鲨鱼夹2025秋冬新款发夹后脑勺盘发夹子女,,,普通订单,1.92,0,0,0,0,0,0,0,0,0,0,0,-0.01,0,0,0,0,0,0,是-商品卡免佣,0.07,义乌市黎既电子商务商行（个体工商户）,订单结算
2026-04-23 10:02:45,'2026042310024209621015302131,入账,2.67,聚合账户,货款结算入账,小店自卖,'6925706176282721477,'6925706176282721477,'SS76307791240674844790181,2026-04-19 13:42:32,'3784368456477049055,韩国气质碎钻满天星抓夹女后脑勺半扎发鲨鱼夹发量少百搭发卡头饰,,,普通订单,2.69,0,0,0,0,0,0,0,0,0,0,0,-0.02,0,0,0,0,0,0,是-商品卡免佣,0.15,义乌市黎既电子商务商行（个体工商户）,订单结算
2026-04-23 10:02:45,'2026042310024217663434332131,入账,4.46,聚合账户,货款结算入账,小店自卖,'6925546441164946961,'6925546441164946961,'SS76306666491671024640193,2026-04-12 18:27:44,'3766725598416863348,2025年爆款发箍女款洗脸专用发卡日常发箍带齿防滑碎发高颅顶发饰,,,普通订单,4.49,0,0,0,0,0,0,0,0,0,0,0,-0.03,0,0,0,0,0,0,是-商品卡免佣,0.22,义乌市黎既电子商务商行（个体工商户）,订单结算
2026-04-23 10:02:45,'2026042310024211750443792131,入账,3.81,聚合账户,货款结算入账,小店自卖,'6925560583590281056,'6925560583590281056,'SS76306403645189169160238,2026-04-12 23:24:46,'3784368456477049055,韩国气质碎钻满天星抓夹女后脑勺半扎发鲨鱼夹发量少百搭发卡头饰,,,普通订单,3.83,0,0,0,0,0,0,0,0,0,0,0,-0.02,0,0,0,0,0,0,是-商品卡免佣,0.15,义乌市黎既电子商务商行（个体工商户）,订单结算
2026-04-23 10:02:54,'2026042310025034739161702131,入账,4.85,聚合账户,货款结算入账,小店自卖,'6925611887254273815,'6925611887254273815,'SS76306968497032443030213,2026-04-15 21:22:34,'3796640026289373330,蝴蝶结鸭嘴夹小香风毛呢爆款发夹后脑勺气质洋气盘发一字夹子,,,普通订单,4.88,0,0,0,0,0,0,0,0,0,0,0,-0.03,0,0,0,0,0,0,是-商品卡免佣,0.22,义乌市黎既电子商务商行（个体工商户）,订单结算
2026-04-23 10:02:54,'2026042310025110582264822131,入账,9.95,聚合账户,货款结算入账,小店自卖,'6925658923491425554,'6925658923491425554,'SS76307764212327554710039,2026-04-17 16:27:50,'3742849967501476190,可爱小女孩网红爆款树脂发饰高颅顶神器女士童通用梳马尾头饰发饰,,,普通订单,10.01,1.15,0,0,0,0,0,0,0,0,0,0,-0.06,0,0,0,0,0,0,是-商品卡免佣,0.44,义乌市黎既电子商务商行（个体工商户）,订单结算
2026-04-23 10:02:54,'2026042310025113392125822131,入账,2.78,聚合账户,货款结算入账,小店自卖,'6925702042002423079,'6925702042002423079,'SS76307925673112046430037,2026-04-18 20:12:46,'3806285088233226368,韩系~时尚百搭简约女格纹布少女风艺带齿细发箍个性压发箍头箍女,,,普通订单,2.8,0,0,0,0,0,0,0,0,0,0,0,-0.02,0,0,0,0,0,0,是-商品卡免佣,0.15,义乌市黎既电子商务商行（个体工商户）,订单结算
2026-04-23 10:02:54,'2026042310025020621276662131,入账,6.37,聚合账户,货款结算入账,精选联盟,'6952170691712849178,'6952170691712849178,'SS76307777373089139260244,2026-04-18 03:01:20,'3751929775384559628,盘发神器新款丸子头花苞头气质亚克力妈妈发饰后脑勺发夹发卡女,'2093884614653703,美雪178❤️,普通订单,7.27,0.55,0,0,0,0,0,0,0,0,0,0,-0.36,-0.54,0,0,0,0,0,,0,义乌市黎既电子商务商行（个体工商户）,订单结算
2026-04-23 10:02:54,'2026042310025119967227152131,入账,2.56,聚合账户,货款结算入账,精选联盟,'6952147520117347442,'6952147520117347442,'SS76307932976114081780140,2026-04-17 11:12:12,'3769167173533172068,温柔褶皱～设计师款显发量香蕉夹气质高级感后脑勺发夹简约高马尾,'0,,普通订单,0.01,0,0,2.83,0,0,0,0,0,0,0,0,-0.14,0,0,0,0,-0.14,0,,0,义乌市黎既电子商务商行（个体工商户）,订单结算
2026-04-23 10:03:08,'2026042310030629200719632131,入账,4.35,聚合账户,货款结算入账,小店自卖,'6952166278707025465,'6952166278707025465,'SS76308219587972019540119,2026-04-17 22:06:56,'3806285088233226368,韩系~时尚百搭简约女格纹布少女风艺带齿细发箍个性压发箍头箍女,,,普通订单,4.38,0,0,0,0,0,0,0,0,0,0,0,-0.03,0,0,0,0,0,0,是-商品卡免佣,0.22,义乌市黎既电子商务商行（个体工商户）,订单结算
2026-04-23 10:03:08,'2026042310030519435689222131,入账,3.87,聚合账户,货款结算入账,小店自卖,'6952086057298564441,'6952086057298564441,'SS76308080348239962100122,2026-04-14 21:54:09,'3746153916182692087,法式文艺~复古甜美方巾大肠发圈女高级感ins大号高马尾甜妹发饰,,,普通订单,2.89,0,0,0,0,0,0,0,0,1,0,0,-0.02,0,0,0,0,0,0,是-商品卡免佣,0.15,义乌市黎既电子商务商行（个体工商户）,订单结算
2026-04-23 10:03:08,'2026042310030516954168782131,入账,3.95,聚合账户,货款结算入账,小店自卖,'6952132319074587983,'6952132319074587983,'SS76307722950903242590147,2026-04-17 16:42:09,'3806293802847699345,韩式豹纹波点褶皱高级扭扭马尾卡通风香蕉发夹后脑勺显发发卡头饰,,,普通订单,3.97,0,0,0,0,0,0,0,0,0,0,0,-0.02,0,0,0,0,0,0,是-商品卡免佣,0.15,义乌市黎既电子商务商行（个体工商户）,订单结算
2026-04-23 10:03:08,'2026042310030509907079952131,入账,7.02,聚合账户,货款结算入账,小店自卖,'6952124460140992192,'6952124460140992192,'SS76307937227534671550003,2026-04-16 16:53:06,'3745194564403724729,夏季碎花编发发带女绑发丝巾飘带发箍一体系丝带头箍简约无痕波浪,,,普通订单,7.39,0.8,0,0,0,0,0,0,0,0,0,0,-0.37,0,0,0,0,0,0,,0,义乌市黎既电子商务商行（个体工商户）,订单结算
2026-04-23 10:03:08,'2026042310030506051924992131,入账,2.43,聚合账户,货款结算入账,精选联盟,'6925601605121769447,'6925601605121769447,'SS76307847253057746440051,2026-04-15 01:16:11,'3784368456477049055,韩国气质碎钻满天星抓夹女后脑勺半扎发鲨鱼夹发量少百搭发卡头饰,'1681600482392188,安阳县繁体百货零售店（个体工商户）,普通订单,2.69,0,0,0,0,0,0,0,0,0,0,0,-0.13,-0.13,0,0,0,0,0,,0,义乌市黎既电子商务商行（个体工商户）,订单结算
2026-04-23 10:03:08,'2026042310030502402268542131,入账,2.51,聚合账户,货款结算入账,精选联盟,'6952097467734693210,'6952097467734693210,'SS76306422135026529710240,2026-04-15 09:22:48,'3796640026289373330,蝴蝶结鸭嘴夹小香风毛呢爆款发夹后脑勺气质洋气盘发一字夹子,'0,,普通订单,2.79,0,0,0,0,0,0,0,0,0,0,0,-0.14,0,0,0,0,-0.14,0,,0,义乌市黎既电子商务商行（个体工商户）,订单结算
2026-04-23 10:03:08,'2026042310030533866550222131,入账,3.81,聚合账户,货款结算入账,小店自卖,'6925688483431612315,'6925688483431612315,'SS76308269461881820220105,2026-04-18 13:20:29,'3784368456477049055,韩国气质碎钻满天星抓夹女后脑勺半扎发鲨鱼夹发量少百搭发卡头饰,,,普通订单,3.83,0,0,0,0,0,0,0,0,0,0,0,-0.02,0,0,0,0,0,0,是-商品卡免佣,0.15,义乌市黎既电子商务商行（个体工商户）,订单结算
2026-04-23 10:03:09,'2026042310030612512463742131,入账,2.94,聚合账户,货款结算入账,小店自卖,'6925681406065934061,'6925681406065934061,'SS76308500221037122910217,2026-04-18 07:30:36,'3807763574974186291,气质高级亮黑色大号鲨鱼抓夹女后脑勺时尚发卡巨能抓头饰2026新款,,,普通订单,2.96,0,0,0,0,0,0,0,0,0,0,0,-0.02,0,0,0,0,0,0,是-商品卡免佣,0.15,义乌市黎既电子商务商行（个体工商户）,订单结算
2026-04-23 10:03:09,'2026042310030541359938822131,入账,10.88,聚合账户,货款结算入账,小店自卖,'6925620112201252831,'6925620112201252831,'SS76306738419770334990107,2026-04-15 19:54:25,'3796640026289373330,蝴蝶结鸭嘴夹小香风毛呢爆款发夹后脑勺气质洋气盘发一字夹子,,,普通订单,10.95,0,0,0,0,0,0,0,0,0,0,0,-0.07,0,0,0,0,0,0,是-商品卡免佣,0.51,义乌市黎既电子商务商行（个体工商户）,订单结算
2026-04-23 10:03:09,'2026042310030512008535132131,入账,4.4,聚合账户,货款结算入账,小店自卖,'6925645857733246739,'6925645857733246739,'SS76307962060167585380194,2026-04-16 17:56:19,'3761395105840365661,高级感水钻满天星发夹女后脑勺盘发神器发卡青蛙夹扭扭夹发卡头饰,,,普通订单,4.63,0,0,0,0,0,0,0,0,0,0,0,-0.23,0,0,0,0,0,0,,0,义乌市黎既电子商务商行（个体工商户）,订单结算
2026-04-23 10:04:52,'2026042310044900597202282131,入账,4.85,聚合账户,货款结算入账,小店自卖,'6925556611322314489,'6925556611322314489,'SS76307404879134274560228,2026-04-13 07:34:33,'3796640026289373330,蝴蝶结鸭嘴夹小香风毛呢爆款发夹后脑勺气质洋气盘发一字夹子,,,普通订单,4.88,0,0,0,0,0,0,0,0,0,0,0,-0.03,0,0,0,0,0,0,是-商品卡免佣,0.22,义乌市黎既电子商务商行（个体工商户）,订单结算
2026-04-23 10:04:52,'2026042310044739942067632131,入账,2.18,聚合账户,货款结算入账,小店自卖,'6952005291514008591,'6952005291514008591,'SS76306667589992166550203,2026-04-12 21:22:59,'3763604235179130936,夏季新款镶钻一字夹高端感抓夹女网红后脑勺懒人夹盘发夹大鸭嘴夹,,,普通订单,2.19,0.39,0,0,0,0,0,0,0,0,0,0,-0.01,0,0,0,0,0,0,是-商品卡免佣,0.07,义乌市黎既电子商务商行（个体工商户）,订单结算
2026-04-23 10:04:52,'2026042310044840201631152131,入账,2.56,聚合账户,货款结算入账,小店自卖,'6925549572551244954,'6925549572551244954,'SS76306668327180869500064,2026-04-12 23:30:16,'3809235146834575749,可爱新春小狗香蕉夹女高马尾扭扭夹红色竖夹高级感2026韩新款发夹,,,普通订单,2.58,0,0,0,0,0,0,0,0,0,0,0,-0.02,0,0,0,0,0,0,是-商品卡免佣,0.15,义乌市黎既电子商务商行（个体工商户）,订单结算
2026-04-23 10:04:52,'2026042310044912587180152131,入账,6.79,聚合账户,货款结算入账,小店自卖,'6951998126228248168,'6951998126228248168,'SS76306666433244531830106,2026-04-12 18:39:47,'3780082450697421216,时尚优雅布艺发饰仙女碎花大蝴蝶结飘带抓夹女后脑勺鲨鱼夹子发饰,,,普通订单,6.83,0.3,0,0,0,0,0,0,0,0,0,0,-0.04,0,0,0,0,0,0,是-商品卡免佣,0.29,义乌市黎既电子商务商行（个体工商户）,订单结算
2026-04-23 10:04:52,'2026042310044810081080382131,入账,3.18,聚合账户,货款结算入账,小店自卖,'6952038787304723874,'6952038787304723874,'SS76306667901967406440214,2026-04-13 06:15:00,'3800133155571237294,新款儿童可爱碎发梳女童新款夏天卡通碎发夹整理神器发卡女孩发饰,,,普通订单,3.2,0,0,0,0,0,0,0,0,0,0,0,-0.02,0,0,0,0,0,0,是-商品卡免佣,0.15,义乌市黎既电子商务商行（个体工商户）,订单结算
2026-04-23 10:05:03,'2026042310050106049800222131,入账,2.65,聚合账户,货款结算入账,小店自卖,'6952021232786412918,'6952021232786412918,'SS76306612843963522900106,2026-04-12 23:15:53,'3766001784691229117,夏天简约随手盘发一字扭扭夹水钻抓夹高级发夹扭扭后脑勺盘发器,,,普通订单,2.67,0.69,0,0,0,0,0,0,0,0,0,0,-0.02,0,0,0,0,0,0,是-商品卡免佣,0.15,义乌市黎既电子商务商行（个体工商户）,订单结算
2026-04-23 10:05:04,'2026042310050104489426282131,入账,5.31,聚合账户,货款结算入账,小店自卖,'6925540767384764182,'6925540767384764182,'SS76306668152201054720038,2026-04-12 23:10:21,'3766001784691229117,夏天简约随手盘发一字扭扭夹水钻抓夹高级发夹扭扭后脑勺盘发器,,,普通订单,5.34,0,0,0,0,0,0,0,0,0,0,0,-0.03,0,0,0,0,0,0,是-商品卡免佣,0.22,义乌市黎既电子商务商行（个体工商户）,订单结算
2026-04-23 10:05:04,'2026042310050000611333542131,入账,4.6,聚合账户,货款结算入账,小店自卖,'6952027236877538575,'6952027236877538575,'SS76306666268376151440076,2026-04-12 20:02:37,'3761395105840365661,高级感水钻满天星发夹女后脑勺盘发神器发卡青蛙夹扭扭夹发卡头饰,,,普通订单,4.63,0,0,0,0,0,0,0,0,0,0,0,-0.03,0,0,0,0,0,0,是-商品卡免佣,0.22,义乌市黎既电子商务商行（个体工商户）,订单结算
2026-04-23 10:05:04,'2026042310050008712730032131,入账,5.71,聚合账户,货款结算入账,小店自卖,'6925545810168676328,'6925545810168676328,'SS76306672954516933540003,2026-04-13 09:42:26,'3673057951649759338,小皮筋小女孩头绳发绳透明多彩小号一次性皮筋儿童橡皮筋发饰扎头,,,普通订单,5.74,1.15,0,0,0,0,0,0,0,0,0,0,-0.03,0,0,0,0,0,0,是-商品卡免佣,0.22,义乌市黎既电子商务商行（个体工商户）,订单结算
2026-04-23 10:05:04,'2026042310050002521178142131,入账,6.34,聚合账户,货款结算入账,小店自卖,'6925544743849917536,'6925544743849917536,'SS76306667892440763140214,2026-04-12 20:57:30,'3796640026289373330,蝴蝶结鸭嘴夹小香风毛呢爆款发夹后脑勺气质洋气盘发一字夹子,,,普通订单,6.38,0,0,0,0,0,0,0,0,0,0,0,-0.04,0,0,0,0,0,0,是-商品卡免佣,0.29,义乌市黎既电子商务商行（个体工商户）,订单结算
2026-04-23 10:05:21,'2026042310051700912594282131,入账,7.08,聚合账户,货款结算入账,小店自卖,'6925551512784174090,'6925551512784108554,'SS76306666113049073020216,2026-04-12 19:42:32,'3673424694561865791,薄款牛油果绿系列小丝巾缠包模特搭配装饰品扎头发绑发飘带发带,,,普通订单,7.12,0,0,0,0,0,0,0,0,0,0,0,-0.04,0,0,0,0,0,0,是-商品卡免佣,0.29,义乌市黎既电子商务商行（个体工商户）,订单结算
2026-04-23 10:05:21,'2026042310051730540275392131,入账,10.88,聚合账户,货款结算入账,小店自卖,'6925547887234153958,'6925547887234153958,'SS76307364846513851310205,2026-04-13 10:24:46,'3796640026289373330,蝴蝶结鸭嘴夹小香风毛呢爆款发夹后脑勺气质洋气盘发一字夹子,,,普通订单,10.95,0,0,0,0,0,0,0,0,0,0,0,-0.07,0,0,0,0,0,0,是-商品卡免佣,0.51,义乌市黎既电子商务商行（个体工商户）,订单结算
2026-04-23 10:05:21,'2026042310051730540111552131,入账,3.75,聚合账户,货款结算入账,小店自卖,'6925545535289130224,'6925545535289130224,'SS76306663930987361630117,2026-04-13 06:42:10,'3746150076641313252,网红简约ins纯色宽边发带高颅顶白色发箍女运动健身夏季头饰发饰,,,普通订单,3.77,0.9,0,0,0,0,0,0,0,0,0,0,-0.02,0,0,0,0,0,0,是-商品卡免佣,0.15,义乌市黎既电子商务商行（个体工商户）,订单结算
2026-04-23 10:05:21,'2026042310051716373194512131,入账,2.66,聚合账户,货款结算入账,小店自卖,'6952029294978144125,'6952029294978144125,'SS76307000906090913710114,2026-04-12 19:43:04,'3809233501853712428,舞蹈盘发网女丸子头盘发懒人神器春天盘发网兜头花可爱高弹力发饰,,,普通订单,2.68,0,0,0,0,0,0,0,0,0,0,0,-0.02,0,0,0,0,0,0,是-商品卡免佣,0.15,义乌市黎既电子商务商行（个体工商户）,订单结算
2026-04-23 10:05:21,'2026042310051824936822122131,入账,6.46,聚合账户,货款结算入账,小店自卖,'6925548030263721668,'6925548030263721668,'SS76306999644153454510090,2026-04-13 11:37:11,'3752831864470110494,发夹头饰女后脑勺盘发鸭嘴夹新款高档气质水钻三齿夹侧边碎发夹,,,普通订单,6.5,1.55,0,0,0,0,0,0,0,0,0,0,-0.04,0,0,0,0,0,0,是-商品卡免佣,0.29,义乌市黎既电子商务商行（个体工商户）,订单结算
2026-04-23 10:05:37,'2026042310053422447393642131,入账,7.41,聚合账户,货款结算入账,小店自卖,'6952045954596345042,'6952045954596345042,'SS76307002179778649750101,2026-04-13 11:56:25,'3673424694561865791,薄款牛油果绿系列小丝巾缠包模特搭配装饰品扎头发绑发飘带发带,,,普通订单,7.45,1.55,0,0,0,0,0,0,0,0,0,0,-0.04,0,0,0,0,0,0,是-商品卡免佣,0.29,义乌市黎既电子商务商行（个体工商户）,订单结算
2026-04-23 10:05:37,'2026042310053429967327152131,入账,1.98,聚合账户,货款结算入账,小店自卖,'6925556696037555693,'6925556696037555693,'SS76306998481734579470158,2026-04-13 08:41:15,'3704406262902030790,高级感磨砂交叉抓夹盘复古头饰简约气质时尚鲨鱼夹后脑勺发饰头饰,,,普通订单,1.99,0.9,0,0,0,0,0,0,0,0,0,0,-0.01,0,0,0,0,0,0,是-商品卡免佣,0.07,义乌市黎既电子商务商行（个体工商户）,订单结算
2026-04-23 10:05:37,'2026042310053334699845182131,入账,2.63,聚合账户,货款结算入账,小店自卖,'6952031690081310094,'6952031690081310094,'SS76306682322272425020072,2026-04-12 21:52:50,'3763932448057065566,磨砂扭扭香蕉夹高马尾大号发夹后脑勺竖夹发卡韩国气质女夹子头饰,,,普通订单,2.65,0.89,0,0,0,0,0,0,0,0,0,0,-0.02,0,0,0,0,0,0,是-商品卡免佣,0.15,义乌市黎既电子商务商行（个体工商户）,订单结算
2026-04-23 10:05:37,'2026042310053522543572672131,入账,4.2,聚合账户,货款结算入账,小店自卖,'6952036192409556152,'6952036192409556152,'SS76306668838362362980190,2026-04-12 22:48:59,'3766001784691229117,夏天简约随手盘发一字扭扭夹水钻抓夹高级发夹扭扭后脑勺盘发器,,,普通订单,4.23,0,0,0,0,0,0,0,0,0,0,0,-0.03,0,0,0,0,0,0,是-商品卡免佣,0.22,义乌市黎既电子商务商行（个体工商户）,订单结算
2026-04-23 10:05:37,'2026042310053414980554432131,入账,5.31,聚合账户,货款结算入账,小店自卖,'6952009913386734966,'6952009913386734966,'SS76306668333891919790113,2026-04-12 23:18:36,'3766001784691229117,夏天简约随手盘发一字扭扭夹水钻抓夹高级发夹扭扭后脑勺盘发器,,,普通订单,5.34,0,0,0,0,0,0,0,0,0,0,0,-0.03,0,0,0,0,0,0,是-商品卡免佣,0.22,义乌市黎既电子商务商行（个体工商户）,订单结算
2026-04-23 10:05:50,'2026042310054802460267582131,入账,3.02,聚合账户,货款结算入账,精选联盟,'6952024787767989736,'6952024787767989736,'SS76306609404495631760028,2026-04-12 20:11:14,'3806839693081969009,春夏简约随手盘发高级发夹一字扭扭夹水钻抓夹扭扭后脑勺盘发器,'0,,普通订单,0.36,0,0,3,0,0,0,0,0,0,0,0,-0.17,0,0,0,0,-0.17,0,,0,义乌市黎既电子商务商行（个体工商户）,订单结算
2026-04-23 10:05:51,'2026042310054741567237662131,入账,2.51,聚合账户,货款结算入账,精选联盟,'6925574346460921339,'6925574346460921339,'SS76307409036524920670177,2026-04-13 14:29:19,'3796640026289373330,蝴蝶结鸭嘴夹小香风毛呢爆款发夹后脑勺气质洋气盘发一字夹子,'0,,普通订单,0.01,0,0,2.78,0,0,0,0,0,0,0,0,-0.14,0,0,0,0,-0.14,0,,0,义乌市黎既电子商务商行（个体工商户）,订单结算
2026-04-23 10:05:51,'2026042310054715365617072131,入账,3.45,聚合账户,货款结算入账,精选联盟,'6925542873348734408,'6925542873348734408,'SS76307325925429906190013,2026-04-12 23:08:26,'3784368456477049055,韩国气质碎钻满天星抓夹女后脑勺半扎发鲨鱼夹发量少百搭发卡头饰,'0,,普通订单,2.69,0,0,1.14,0,0,0,0,0,0,0,0,-0.19,0,0,0,0,-0.19,0,,0,义乌市黎既电子商务商行（个体工商户）,订单结算
2026-04-23 10:05:51,'2026042310054713471913592131,入账,3.95,聚合账户,货款结算入账,小店自卖,'6925681162308124448,'6925681162308124448,'SS76308021033608978460081,2026-04-18 00:46:08,'3806293802847699345,韩式豹纹波点褶皱高级扭扭马尾卡通风香蕉发夹后脑勺显发发卡头饰,,,普通订单,0.01,0,0,3.96,0,0,0,0,0,0,0,0,-0.02,0,0,0,0,0,0,是-商品卡免佣,0.15,义乌市黎既电子商务商行（个体工商户）,订单结算
2026-04-23 10:05:51,'2026042310054702465347192131,入账,1.95,聚合账户,货款结算入账,小店自卖,'6925557547854495199,'6925557547854495199,'SS76307468138047575230105,2026-04-13 14:02:02,'3806280662462366067,kitty猫~刘海贴精致可爱甜美少女棉花糖猫兔碎发贴魔术贴无痕发饰,,,普通订单,0.01,0,0,1.95,0,0,0,0,0,0,0,0,-0.01,0,0,0,0,0,0,是-商品卡免佣,0.07,义乌市黎既电子商务商行（个体工商户）,订单结算
2026-04-23 10:06:15,'2026042310061132354306962131,入账,2.56,聚合账户,货款结算入账,小店自卖,'6952037044326372464,'6952037044326372464,'SS76307438323849464860242,2026-04-13 13:19:52,'3784368456477049055,韩国气质碎钻满天星抓夹女后脑勺半扎发鲨鱼夹发量少百搭发卡头饰,,,普通订单,0.01,0,0,2.68,0,0,0,0,0,0,0,0,-0.13,0,0,0,0,0,0,,0,义乌市黎既电子商务商行（个体工商户）,订单结算
2026-04-23 10:06:15,'2026042310061206428923282131,入账,10.88,聚合账户,货款结算入账,小店自卖,'6952045601710413338,'6952045601710413338,'SS76307364838378539940113,2026-04-13 08:03:54,'3796640026289373330,蝴蝶结鸭嘴夹小香风毛呢爆款发夹后脑勺气质洋气盘发一字夹子,,,普通订单,10.95,0,0,0,0,0,0,0,0,0,0,0,-0.07,0,0,0,0,0,0,是-商品卡免佣,0.51,义乌市黎既电子商务商行（个体工商户）,订单结算
2026-04-23 10:06:15,'2026042310061228483630272131,入账,9.85,聚合账户,货款结算入账,小店自卖,'6925520989719068462,'6925520989719068462,'SS76308467014818368410131,2026-04-11 20:36:55,'3796640026289373330,蝴蝶结鸭嘴夹小香风毛呢爆款发夹后脑勺气质洋气盘发一字夹子,,,普通订单,10.85,0,0,0,0,0,0,0,0,0.1,0,0,-0.55,0,0,0,0,-0.55,0,,0,义乌市黎既电子商务商行（个体工商户）,订单结算
2026-04-23 10:06:15,'2026042310061311119173552131,入账,1.76,聚合账户,货款结算入账,精选联盟,'6925630739259227213,'6925630739259227213,'SS76308256821674317160115,2026-04-16 13:00:37,'3806280662462366067,kitty猫~刘海贴精致可爱甜美少女棉花糖猫兔碎发贴魔术贴无痕发饰,'0,,普通订单,0.46,0,0,1.5,0,0,0,0,0,0,0,0,-0.1,0,0,0,0,-0.1,0,,0,义乌市黎既电子商务商行（个体工商户）,订单结算
2026-04-23 10:06:15,'2026042310061215409362322131,入账,2.32,聚合账户,货款结算入账,精选联盟,'6952102297007101211,'6952102297007101211,'SS76307740560789878300229,2026-04-15 13:05:28,'3809235146834575749,可爱新春小狗香蕉夹女高马尾扭扭夹红色竖夹高级感2026韩新款发夹,'0,,普通订单,0.01,0,0,2.57,0,0,0,0,0,0,0,0,-0.13,0,0,0,0,-0.13,0,,0,义乌市黎既电子商务商行（个体工商户）,订单结算
2026-04-23 10:06:30,'2026042310062616956339632131,入账,4.2,聚合账户,货款结算入账,小店自卖,'6925548991570017529,'6925548991570017529,'SS76306667340430712660082,2026-04-12 20:17:02,'3766001784691229117,夏天简约随手盘发一字扭扭夹水钻抓夹高级发夹扭扭后脑勺盘发器,,,普通订单,4.23,0,0,0,0,0,0,0,0,0,0,0,-0.03,0,0,0,0,0,0,是-商品卡免佣,0.22,义乌市黎既电子商务商行（个体工商户）,订单结算
2026-04-23 10:06:30,'2026042310062707938545072131,入账,3.81,聚合账户,货款结算入账,小店自卖,'6925560675268918899,'6925560675268918899,'SS76306403828434581020075,2026-04-13 00:00:51,'3784368456477049055,韩国气质碎钻满天星抓夹女后脑勺半扎发鲨鱼夹发量少百搭发卡头饰,,,普通订单,3.83,0,0,0,0,0,0,0,0,0,0,0,-0.02,0,0,0,0,0,0,是-商品卡免佣,0.15,义乌市黎既电子商务商行（个体工商户）,订单结算
2026-04-23 10:06:30,'2026042310062628744256192131,入账,4.85,聚合账户,货款结算入账,小店自卖,'6925565178678639774,'6925565178678639774,'SS76307404786378388740001,2026-04-13 13:47:54,'3796640026289373330,蝴蝶结鸭嘴夹小香风毛呢爆款发夹后脑勺气质洋气盘发一字夹子,,,普通订单,4.88,0,0,0,0,0,0,0,0,0,0,0,-0.03,0,0,0,0,0,0,是-商品卡免佣,0.22,义乌市黎既电子商务商行（个体工商户）,订单结算
2026-04-23 10:06:30,'2026042310062614209359712131,入账,5.99,聚合账户,货款结算入账,小店自卖,'6951997968040989877,'6951997968040989877,'SS76307100526014308180151,2026-04-12 16:11:00,'3678098943977324745,韩式黑色蝴蝶结飘带抓夹显脸小后脑勺盘发发夹鲨鱼夹发饰夹子头饰,,,普通订单,5.87,0,0,0.16,0,0,0,0,0,0,0,0,-0.04,0,0,0,0,0,0,是-商品卡免佣,0.29,义乌市黎既电子商务商行（个体工商户）,订单结算
2026-04-23 10:06:30,'2026042310062710325079462131,入账,3.59,聚合账户,货款结算入账,小店自卖,'6925544544026656419,'6925544544026656419,'SS76307373823078282750173,2026-04-12 19:38:32,'3766001784691229117,夏天简约随手盘发一字扭扭夹水钻抓夹高级发夹扭扭后脑勺盘发器,,,普通订单,3.61,0.69,0,0,0,0,0,0,0,0,0,0,-0.02,0,0,0,0,0,0,是-商品卡免佣,0.15,义乌市黎既电子商务商行（个体工商户）,订单结算
2026-04-23 10:06:32,'2026042310063012476424202131,入账,4.85,聚合账户,货款结算入账,小店自卖,'6952022451150722514,'6952022451150722514,'SS76307365448298498900005,2026-04-12 17:28:25,'3796640026289373330,蝴蝶结鸭嘴夹小香风毛呢爆款发夹后脑勺气质洋气盘发一字夹子,,,普通订单,4.88,0,0,0,0,0,0,0,0,0,0,0,-0.03,0,0,0,0,0,0,是-商品卡免佣,0.22,义乌市黎既电子商务商行（个体工商户）,订单结算
2026-04-23 10:06:32,'2026042310063017703941222131,入账,3.87,聚合账户,货款结算入账,小店自卖,'6925549474892643595,'6925549474892643595,'SS76306393181404367740015,2026-04-12 22:56:33,'3790878995596312771,韩系黑色波点布艺褶皱高马尾香蕉夹竖夹新款豹纹发夹气质百搭发饰,,,普通订单,3.89,0,0,0,0,0,0,0,0,0,0,0,-0.02,0,0,0,0,0,0,是-商品卡免佣,0.15,义乌市黎既电子商务商行（个体工商户）,订单结算
2026-04-23 10:06:32,'2026042310062910283136092131,入账,4.17,聚合账户,货款结算入账,精选联盟,'6925556489341927061,'6925556489341927061,'SS76306668074485353360166,2026-04-13 06:29:56,'3761395105840365661,高级感水钻满天星发夹女后脑勺盘发神器发卡青蛙夹扭扭夹发卡头饰,'0,,普通订单,4.63,0,0,0,0,0,0,0,0,0,0,0,-0.23,0,0,0,0,-0.23,0,,0,义乌市黎既电子商务商行（个体工商户）,订单结算
2026-04-23 10:06:32,'2026042310062902488246162131,入账,4.4,聚合账户,货款结算入账,小店自卖,'6952013797861693336,'6952013797861693336,'SS76306666274633037220213,2026-04-12 18:14:57,'3808318087447577069,甜美少女心侧边碎发刘海贴可爱卡通苹果无痕魔术贴圣诞节卡通发饰,,,普通订单,4.43,0,0,0,0,0,0,0,0,0,0,0,-0.03,0,0,0,0,0,0,是-商品卡免佣,0.22,义乌市黎既电子商务商行（个体工商户）,订单结算
2026-04-23 10:06:33,'2026042310063004907341222131,入账,4.6,聚合账户,货款结算入账,小店自卖,'6952064428730226519,'6952064428730226519,'SS76307320818277586110167,2026-04-13 22:17:45,'3761395105840365661,高级感水钻满天星发夹女后脑勺盘发神器发卡青蛙夹扭扭夹发卡头饰,,,普通订单,4.63,0,0,0,0,0,0,0,0,0,0,0,-0.03,0,0,0,0,0,0,是-商品卡免佣,0.22,义乌市黎既电子商务商行（个体工商户）,订单结算
2026-04-23 10:06:33,'2026042310062921945226242131,入账,3.61,聚合账户,货款结算入账,小店自卖,'6952004984052585551,'6952004984052585551,'SS76306666102064419990233,2026-04-12 18:04:07,'3806450472450130341,新款复古抓夹女豹纹蝴蝶结鲨鱼夹2026后脑勺盘发发夹高级感发饰,,,普通订单,3.63,0,0,0,0,0,0,0,0,0,0,0,-0.02,0,0,0,0,0,0,是-商品卡免佣,0.15,义乌市黎既电子商务商行（个体工商户）,订单结算
2026-04-23 10:06:33,'2026042310063000976860162131,入账,4.95,聚合账户,货款结算入账,小店自卖,'6925569979772927329,'6925569979772927329,'SS76307124756629099950051,2026-04-13 13:13:57,'3812573397322432839,新款密齿香蕉韩系法式波点蕾丝蝴蝶结后脑勺盘发发夹发卡马尾发饰,,,普通订单,4.98,0,0,0,0,0,0,0,0,0,0,0,-0.03,0,0,0,0,0,0,是-商品卡免佣,0.22,义乌市黎既电子商务商行（个体工商户）,订单结算
2026-04-23 10:06:33,'2026042310062823724242332131,入账,4.46,聚合账户,货款结算入账,小店自卖,'6952042927705232579,'6952042927705232579,'SS76306989896580800360196,2026-04-14 09:26:18,'3763603453478306112,2025新款高雅简约大号珍珠一字发夹女后脑勺高级感抓夹扭扭夹气质,,,普通订单,4.49,0,0,0,0,0,0,0,0,0,0,0,-0.03,0,0,0,0,0,0,是-商品卡免佣,0.22,义乌市黎既电子商务商行（个体工商户）,订单结算
2026-04-23 10:06:33,'2026042310062927487767562131,入账,2.67,聚合账户,货款结算入账,小店自卖,'6925546495672745711,'6925546495672745711,'SS76306399945032829530247,2026-04-12 19:08:15,'3784368456477049055,韩国气质碎钻满天星抓夹女后脑勺半扎发鲨鱼夹发量少百搭发卡头饰,,,普通订单,2.69,0,0,0,0,0,0,0,0,0,0,0,-0.02,0,0,0,0,0,0,是-商品卡免佣,0.15,义乌市黎既电子商务商行（个体工商户）,订单结算
2026-04-23 10:06:33,'2026042310063004963865942131,入账,4.61,聚合账户,货款结算入账,小店自卖,'6925557286868843655,'6925557286868843655,'SS76307050273354593280114,2026-04-13 12:30:23,'3768982715341340864,可爱卡通法式珍珠三角抓夹女新款发量多发夹后脑勺高级感鲨鱼夹,,,普通订单,4.64,0.49,0,0,0,0,0,0,0,0,0,0,-0.03,0,0,0,0,0,0,是-商品卡免佣,0.22,义乌市黎既电子商务商行（个体工商户）,订单结算
2026-04-23 10:06:44,'2026042310064121619062112131,入账,6.24,聚合账户,货款结算入账,小店自卖,'6952023200077911792,'6952023200077911792,'SS76306668672206118910219,2026-04-13 01:22:41,'3677561914218643751,发饰交叉抓夹大号发夹新款盘发卡头饰女简约气质鲨鱼夹后脑勺发爪,,,普通订单,6.28,1.15,0,0,0,0,0,0,0,0,0,0,-0.04,0,0,0,0,0,0,是-商品卡免佣,0.29,义乌市黎既电子商务商行（个体工商户）,订单结算
2026-04-23 10:06:44,'2026042310064103827474262131,入账,5.31,聚合账户,货款结算入账,小店自卖,'6952038536168347260,'6952038536168347260,'SS76306668666347566540177,2026-04-12 22:46:00,'3766001784691229117,夏天简约随手盘发一字扭扭夹水钻抓夹高级发夹扭扭后脑勺盘发器,,,普通订单,5.34,0,0,0,0,0,0,0,0,0,0,0,-0.03,0,0,0,0,0,0,是-商品卡免佣,0.22,义乌市黎既电子商务商行（个体工商户）,订单结算
2026-04-23 10:06:44,'2026042310064128986906012131,入账,9.48,聚合账户,货款结算入账,小店自卖,'6925548263196687461,'6925548263196687461,'SS76307251233856394390231,2026-04-13 13:58:18,'3757657178757005484,简约彩色蝴蝶结鸭嘴夹韩系女孩后脑勺高级感大号儿童发夹早春头饰,,,普通订单,9.54,0,0,0,0,0,0,0,0,0,0,0,-0.06,0,0,0,0,0,0,是-商品卡免佣,0.44,义乌市黎既电子商务商行（个体工商户）,订单结算
2026-04-23 10:06:44,'2026042310064120052382722131,入账,4.77,聚合账户,货款结算入账,小店自卖,'6952052687156155507,'6952052687156155507,'SS76307049628420552220161,2026-04-13 12:40:16,'3808334646693986544,新款水钻珠子花朵后脑勺洋气盘发夹时尚半扎鲨鱼夹6厘米~中号抓夹,,,普通订单,4.8,0,0,0,0,0,0,0,0,0,0,0,-0.03,0,0,0,0,0,0,是-商品卡免佣,0.22,义乌市黎既电子商务商行（个体工商户）,订单结算
2026-04-23 10:06:44,'2026042310064112605240672131,入账,2.9,聚合账户,货款结算入账,精选联盟,'6952043045468902818,'6952043045468902818,'SS76307433769710554060186,2026-04-14 11:08:42,'3750791789322306375,刘海夹前额洋气闪钻轻奢植绒复古夹子双层侧边夹碎发整理夹子女,'110281261452,母婴姐8点10,普通订单,3.3,0.45,0,0,0,0,0,0,0,0,0,0,-0.17,-0.23,0,0,0,0,0,,0,义乌市黎既电子商务商行（个体工商户）,订单结算
2026-04-23 10:06:51,'2026042310064828274532362131,入账,2.67,聚合账户,货款结算入账,小店自卖,'6925554696133508475,'6925554696133508475,'SS76306402194731174660103,2026-04-13 00:14:35,'3784368456477049055,韩国气质碎钻满天星抓夹女后脑勺半扎发鲨鱼夹发量少百搭发卡头饰,,,普通订单,2.69,0,0,0,0,0,0,0,0,0,0,0,-0.02,0,0,0,0,0,0,是-商品卡免佣,0.15,义乌市黎既电子商务商行（个体工商户）,订单结算
2026-04-23 10:06:51,'2026042310064920142986512131,入账,2.52,聚合账户,货款结算入账,精选联盟,'6952016933624288406,'6952016933624288406,'SS76306669621429540250036,2026-04-13 07:39:16,'3806285088233226368,韩系~时尚百搭简约女格纹布少女风艺带齿细发箍个性压发箍头箍女,'0,,普通订单,2.8,0,0,0,0,0,0,0,0,0,0,0,-0.14,0,0,0,0,-0.14,0,,0,义乌市黎既电子商务商行（个体工商户）,订单结算
2026-04-23 10:06:51,'2026042310064831966991882131,入账,4.6,聚合账户,货款结算入账,小店自卖,'6925554725886328362,'6925554725886328362,'SS76306668150610337630003,2026-04-13 00:34:17,'3761395105840365661,高级感水钻满天星发夹女后脑勺盘发神器发卡青蛙夹扭扭夹发卡头饰,,,普通订单,4.63,0,0,0,0,0,0,0,0,0,0,0,-0.03,0,0,0,0,0,0,是-商品卡免佣,0.22,义乌市黎既电子商务商行（个体工商户）,订单结算
2026-04-23 10:06:51,'2026042310064926426250502131,入账,2.67,聚合账户,货款结算入账,小店自卖,'6952073264740570518,'6952073264740570518,'SS76306626456793254760065,2026-04-15 10:44:24,'3784368456477049055,韩国气质碎钻满天星抓夹女后脑勺半扎发鲨鱼夹发量少百搭发卡头饰,,,普通订单,2.69,0,0,0,0,0,0,0,0,0,0,0,-0.02,0,0,0,0,0,0,是-商品卡免佣,0.15,义乌市黎既电子商务商行（个体工商户）,订单结算
2026-04-23 10:06:51,'2026042310064820833285622131,入账,8.23,聚合账户,货款结算入账,小店自卖,'6952038630671651918,'6952038630671651918,'SS76307404791979215620178,2026-04-12 23:52:28,'3783416850545770561,奶咖色花朵鸭嘴夹大号发夹后脑勺盘发抓夹女新款秋冬毛绒一字夹,,,普通订单,8.28,0,0,0,0,0,0,0,0,0,0,0,-0.05,0,0,0,0,0,0,是-商品卡免佣,0.37,义乌市黎既电子商务商行（个体工商户）,订单结算
2026-04-23 10:06:58,'2026042310065506399145392131,入账,9.44,聚合账户,货款结算入账,小店自卖,'6925553946707393737,'6925553946707393737,'SS76306666473340931060000,2026-04-12 19:57:36,'3752993546408427528,新款韩系发饰山茶花公主头抓夹女发夹刘海小巧精致小号发卡迷发夹,,,普通订单,9.5,0,0,0,0,0,0,0,0,0,0,0,-0.06,0,0,0,0,0,0,是-商品卡免佣,0.44,义乌市黎既电子商务商行（个体工商户）,订单结算
2026-04-23 10:06:58,'2026042310065509401144742131,入账,3.75,聚合账户,货款结算入账,小店自卖,'6925538083454353174,'6925538083454353174,'SS76307320900112550820219,2026-04-12 15:33:38,'3746150076641313252,网红简约ins纯色宽边发带高颅顶白色发箍女运动健身夏季头饰发饰,,,普通订单,3.77,0.9,0,0,0,0,0,0,0,0,0,0,-0.02,0,0,0,0,0,0,是-商品卡免佣,0.15,义乌市黎既电子商务商行（个体工商户）,订单结算
2026-04-23 10:06:58,'2026042310065514348787262131,入账,5.71,聚合账户,货款结算入账,小店自卖,'6925546530413313705,'6925546530413313705,'SS76306673088954703760147,2026-04-12 19:27:56,'3673057951649759338,小皮筋小女孩头绳发绳透明多彩小号一次性皮筋儿童橡皮筋发饰扎头,,,普通订单,5.74,1.15,0,0,0,0,0,0,0,0,0,0,-0.03,0,0,0,0,0,0,是-商品卡免佣,0.22,义乌市黎既电子商务商行（个体工商户）,订单结算
2026-04-23 10:06:58,'2026042310065541781988382131,入账,3.75,聚合账户,货款结算入账,小店自卖,'6925539654137642725,'6925539654137642725,'SS76306662917031529050080,2026-04-12 15:52:03,'3746150076641313252,网红简约ins纯色宽边发带高颅顶白色发箍女运动健身夏季头饰发饰,,,普通订单,3.77,0.9,0,0,0,0,0,0,0,0,0,0,-0.02,0,0,0,0,0,0,是-商品卡免佣,0.15,义乌市黎既电子商务商行（个体工商户）,订单结算
2026-04-23 10:06:58,'2026042310065527895406602131,入账,2.67,聚合账户,货款结算入账,小店自卖,'6952041492484724324,'6952041492484724324,'SS76307438410207729070247,2026-04-13 13:10:48,'3784368456477049055,韩国气质碎钻满天星抓夹女后脑勺半扎发鲨鱼夹发量少百搭发卡头饰,,,普通订单,2.69,0,0,0,0,0,0,0,0,0,0,0,-0.02,0,0,0,0,0,0,是-商品卡免佣,0.15,义乌市黎既电子商务商行（个体工商户）,订单结算
2026-04-23 10:07:08,'2026042310070433526259352131,入账,3.81,聚合账户,货款结算入账,小店自卖,'6952036911039125366,'6952036911039125366,'SS76307440357004293270033,2026-04-13 12:19:22,'3784368456477049055,韩国气质碎钻满天星抓夹女后脑勺半扎发鲨鱼夹发量少百搭发卡头饰,,,普通订单,0.01,0,0,3.82,0,0,0,0,0,0,0,0,-0.02,0,0,0,0,0,0,是-商品卡免佣,0.15,义乌市黎既电子商务商行（个体工商户）,订单结算
2026-04-23 10:07:08,'2026042310070516656512342131,入账,7.44,聚合账户,货款结算入账,精选联盟,'6925552227065626086,'6925552227065626086,'SS76306668560646316040137,2026-04-12 23:40:14,'3673976773902729360,发夹女后脑勺珍珠发卡大号盘发鲨鱼夹韩国ins网红气质头饰抓发夹,'0,,普通订单,5.46,0.9,0,3,0,0,0,0,0,0,0,0,-0.42,0,0,0,0,-0.6,0,,0,义乌市黎既电子商务商行（个体工商户）,订单结算
2026-04-23 10:07:08,'2026042310070421734528002131,入账,2.91,聚合账户,货款结算入账,小店自卖,'6925545871272082687,'6925545871272082687,'SS76307492572139364250163,2026-04-13 10:01:55,'3809232346448789758,新款洗脸专用压发带齿防滑发箍女碎发头箍高颅顶头饰防掉百搭头饰,,,普通订单,2.13,0,0,0.8,0,0,0,0,0,0,0,0,-0.02,0,0,0,0,0,0,是-商品卡免佣,0.15,义乌市黎既电子商务商行（个体工商户）,订单结算
2026-04-23 10:07:08,'2026042310070501852219232131,入账,2.43,聚合账户,货款结算入账,精选联盟,'6925573879533567016,'6925573879533567016,'SS76308678348655867220145,2026-04-13 23:59:42,'3784368456477049055,韩国气质碎钻满天星抓夹女后脑勺半扎发鲨鱼夹发量少百搭发卡头饰,'0,,普通订单,0.01,0,0,2.68,0,0,0,0,0,0,0,0,-0.13,0,0,0,0,-0.13,0,,0,义乌市黎既电子商务商行（个体工商户）,订单结算
2026-04-23 10:07:08,'2026042310070501850416992131,入账,2.63,聚合账户,货款结算入账,小店自卖,'6925556085014232534,'6925556085014232534,'SS76306682344252869520019,2026-04-12 22:33:27,'3763932448057065566,磨砂扭扭香蕉夹高马尾大号发夹后脑勺竖夹发卡韩国气质女夹子头饰,,,普通订单,2.65,0.89,0,0,0,0,0,0,0,0,0,0,-0.02,0,0,0,0,0,0,是-商品卡免佣,0.15,义乌市黎既电子商务商行（个体工商户）,订单结算
2026-04-23 10:07:24,'2026042310072039491832832131,入账,6.15,聚合账户,货款结算入账,小店自卖,'6925546432467271507,'6925546432467271507,'SS76306666474661360900176,2026-04-12 18:30:49,'3751345399902896376,儿童发饰后脑勺碎发神器发梳女童刘海插梳整理发卡网红发夹头饰女,,,普通订单,6.19,0.55,0,0,0,0,0,0,0,0,0,0,-0.04,0,0,0,0,0,0,是-商品卡免佣,0.29,义乌市黎既电子商务商行（个体工商户）,订单结算
2026-04-23 10:07:24,'2026042310072009950172542131,入账,1.76,聚合账户,货款结算入账,精选联盟,'6925537869522173633,'6925537869522173633,'SS76306632590794918830051,2026-04-12 17:06:56,'3806280662462366067,kitty猫~刘海贴精致可爱甜美少女棉花糖猫兔碎发贴魔术贴无痕发饰,'0,,普通订单,0.01,0,0,1.95,0,0,0,0,0,0,0,0,-0.1,0,0,0,0,-0.1,0,,0,义乌市黎既电子商务商行（个体工商户）,订单结算
2026-04-23 10:07:24,'2026042310072040315827742131,入账,2.43,聚合账户,货款结算入账,精选联盟,'6952044137127155677,'6952044137127155677,'SS76307440042393280410247,2026-04-13 15:40:55,'3784368456477049055,韩国气质碎钻满天星抓夹女后脑勺半扎发鲨鱼夹发量少百搭发卡头饰,'0,,普通订单,0.01,0,0,2.68,0,0,0,0,0,0,0,0,-0.13,0,0,0,0,-0.13,0,,0,义乌市黎既电子商务商行（个体工商户）,订单结算
2026-04-23 10:07:24,'2026042310072104835740662131,入账,2.63,聚合账户,货款结算入账,小店自卖,'6925636339728416472,'6925636339728416472,'SS76306992687604414070225,2026-04-16 09:13:43,'3763932448057065566,磨砂扭扭香蕉夹高马尾大号发夹后脑勺竖夹发卡韩国气质女夹子头饰,,,普通订单,2.65,0.89,0,0,0,0,0,0,0,0,0,0,-0.02,0,0,0,0,0,0,是-商品卡免佣,0.15,义乌市黎既电子商务商行（个体工商户）,订单结算
2026-04-23 10:07:24,'2026042310072026226365542131,入账,3.63,聚合账户,货款结算入账,小店自卖,'6925542160895474880,'6925542160895474880,'SS76306666566709906010054,2026-04-12 18:43:50,'3795705621886664997,韩系可爱小熊格纹发夹女后脑勺马尾竖夹盘发香蕉夹甜美发卡子发饰,,,普通订单,3.65,0,0,0,0,0,0,0,0,0,0,0,-0.02,0,0,0,0,0,0,是-商品卡免佣,0.15,义乌市黎既电子商务商行（个体工商户）,订单结算
2026-04-23 10:07:39,'2026042310073709606111102131,入账,2.43,聚合账户,货款结算入账,精选联盟,'6952012248891266613,'6952012248891266613,'SS76306401099816801620235,2026-04-12 22:16:10,'3784368456477049055,韩国气质碎钻满天星抓夹女后脑勺半扎发鲨鱼夹发量少百搭发卡头饰,'0,,普通订单,0.01,0,0,2.68,0,0,0,0,0,0,0,0,-0.13,0,0,0,0,-0.13,0,,0,义乌市黎既电子商务商行（个体工商户）,订单结算
2026-04-23 10:07:39,'2026042310073526142520832131,入账,4.47,聚合账户,货款结算入账,小店自卖,'6952027328627938312,'6952027328627938312,'SS76306667187054843240216,2026-04-12 21:01:01,'3807763574974186291,气质高级亮黑色大号鲨鱼抓夹女后脑勺时尚发卡巨能抓头饰2026新款,,,普通订单,4.5,0,0,0,0,0,0,0,0,0,0,0,-0.03,0,0,0,0,0,0,是-商品卡免佣,0.22,义乌市黎既电子商务商行（个体工商户）,订单结算
2026-04-23 10:07:39,'2026042310073624377433862131,入账,2.86,聚合账户,货款结算入账,小店自卖,'6952045544742393271,'6952045544742393271,'SS76306669963483919510216,2026-04-13 07:15:44,'3761395105840365661,高级感水钻满天星发夹女后脑勺盘发神器发卡青蛙夹扭扭夹发卡头饰,,,普通订单,2.88,0,0,0,0,0,0,0,0,0,0,0,-0.02,0,0,0,0,0,0,是-商品卡免佣,0.15,义乌市黎既电子商务商行（个体工商户）,订单结算
2026-04-23 10:07:39,'2026042310073603526663772131,入账,3,聚合账户,货款结算入账,小店自卖,'6925541845638020639,'6925541845638020639,'SS76306633675941158490039,2026-04-12 16:31:50,'3806250082127446374,休闲风创意米菲兔甜美少女刘海贴魔法贴毛绒发帖无痕贴发饰发卡女,,,普通订单,3.02,0,0,0,0,0,0,0,0,0,0,0,-0.02,0,0,0,0,0,0,是-商品卡免佣,0.15,义乌市黎既电子商务商行（个体工商户）,订单结算
2026-04-23 10:07:39,'2026042310073629067348982131,入账,10.88,聚合账户,货款结算入账,小店自卖,'6952129845264389896,'6952129845264389896,'SS76305469141245465700161,2026-04-17 04:01:28,'3796640026289373330,蝴蝶结鸭嘴夹小香风毛呢爆款发夹后脑勺气质洋气盘发一字夹子,,,普通订单,10.95,0,0,0,0,0,0,0,0,0,0,0,-0.07,0,0,0,0,0,0,是-商品卡免佣,0.51,义乌市黎既电子商务商行（个体工商户）,订单结算
2026-04-23 10:07:55,'2026042310075141723377102131,入账,3.32,聚合账户,货款结算入账,精选联盟,'6925672599750671932,'6925672599750671932,'SS76307356764927593420104,2026-04-18 03:22:44,'3809235146834575749,可爱新春小狗香蕉夹女高马尾扭扭夹红色竖夹高级感2026韩新款发夹,'0,,普通订单,3.7,0,0,0,0,0,0,0,0,0,0,0,-0.19,0,0,0,0,-0.19,0,,0,义乌市黎既电子商务商行（个体工商户）,订单结算
2026-04-23 10:07:55,'2026042310075312296036102131,入账,5.05,聚合账户,货款结算入账,小店自卖,'6925558125067664860,'6925558125067664860,'SS76306667432165547670147,2026-04-12 21:23:35,'3673976773902729360,发夹女后脑勺珍珠发卡大号盘发鲨鱼夹韩国ins网红气质头饰抓发夹,,,普通订单,0.18,0,0.9,4,0,0,0,0,0,0,0,0,-0.03,0,0,0,0,0,0,是-商品卡免佣,0.22,义乌市黎既电子商务商行（个体工商户）,订单结算
2026-04-23 10:07:55,'2026042310075233209431302131,入账,6.68,聚合账户,货款结算入账,小店自卖,'6925561478519488243,'6925561478519488243,'SS76307552620680486860057,2026-04-13 11:08:02,'3807732934811713667,新款牡丹花羽毛抓夹女高颜值轻奢时尚百搭鲨鱼夹发饰头饰夹发神器,,,普通订单,6.72,0,0,0,0,0,0,0,0,0,0,0,-0.04,0,0,0,0,0,0,是-商品卡免佣,0.29,义乌市黎既电子商务商行（个体工商户）,订单结算
2026-04-23 10:07:55,'2026042310075040193067792131,入账,3.87,聚合账户,货款结算入账,小店自卖,'6925565114749583007,'6925565114749583007,'SS76307463451331016220035,2026-04-13 13:01:50,'3807732934811713667,新款牡丹花羽毛抓夹女高颜值轻奢时尚百搭鲨鱼夹发饰头饰夹发神器,,,普通订单,3.89,0,0,0,0,0,0,0,0,0,0,0,-0.02,0,0,0,0,0,0,是-商品卡免佣,0.15,义乌市黎既电子商务商行（个体工商户）,订单结算
2026-04-23 10:07:55,'2026042310075126579317862131,入账,2.43,聚合账户,货款结算入账,精选联盟,'6925570362139376744,'6925570362139376744,'SS76308352892541998600053,2026-04-13 15:55:01,'3784368456477049055,韩国气质碎钻满天星抓夹女后脑勺半扎发鲨鱼夹发量少百搭发卡头饰,'0,,普通订单,0.01,0,0,2.68,0,0,0,0,0,0,0,0,-0.13,0,0,0,0,-0.13,0,,0,义乌市黎既电子商务商行（个体工商户）,订单结算
2026-04-23 10:07:55,'2026042310075217407020152131,入账,4.73,聚合账户,货款结算入账,小店自卖,'6952009317330523574,'6952009317330523574,'SS76306665832455419070096,2026-04-12 17:52:54,'3751345399902896376,儿童发饰后脑勺碎发神器发梳女童刘海插梳整理发卡网红发夹头饰女,,,普通订单,4.76,0.55,0,0,0,0,0,0,0,0,0,0,-0.03,0,0,0,0,0,0,是-商品卡免佣,0.22,义乌市黎既电子商务商行（个体工商户）,订单结算
2026-04-23 10:07:55,'2026042310075210151367872131,入账,2.43,聚合账户,货款结算入账,精选联盟,'6952167724798449474,'6952167724798449474,'SS76307712438804976980135,2026-04-18 17:49:46,'3784368456477049055,韩国气质碎钻满天星抓夹女后脑勺半扎发鲨鱼夹发量少百搭发卡头饰,'0,,普通订单,0.01,0,0,2.68,0,0,0,0,0,0,0,0,-0.13,0,0,0,0,-0.13,0,,0,义乌市黎既电子商务商行（个体工商户）,订单结算
2026-04-23 10:07:55,'2026042310075207478850832131,入账,3.75,聚合账户,货款结算入账,小店自卖,'6952106565416654635,'6952106565416654635,'SS76307634560816133220195,2026-04-16 17:05:54,'3746150076641313252,网红简约ins纯色宽边发带高颅顶白色发箍女运动健身夏季头饰发饰,,,普通订单,3.77,0.9,0,0,0,0,0,0,0,0,0,0,-0.02,0,0,0,0,0,0,是-商品卡免佣,0.15,义乌市黎既电子商务商行（个体工商户）,订单结算
2026-04-23 10:07:55,'2026042310075306083223422131,入账,7.5,聚合账户,货款结算入账,小店自卖,'6925534004719812411,'6925534004719812411,'SS76307023307838960790150,2026-04-12 17:14:44,'3748754542678900840,中国风孔雀盘发器女士古典旗袍发饰丸子懒人高级感饰品优雅发夹,,,普通订单,7.55,1.15,0,0,0,0,0,0,0,0,0,0,-0.05,0,0,0,0,0,0,是-商品卡免佣,0.37,义乌市黎既电子商务商行（个体工商户）,订单结算
2026-04-23 10:07:55,'2026042310075202949289052131,入账,2.74,聚合账户,货款结算入账,小店自卖,'6952091224785557453,'6952091224785557453,'SS76306879284607880080083,2026-04-15 11:37:18,'3751357236916650172,甜美蝴蝶结少女风发圈蕾丝双层温柔韩版橡皮筋时少女蕾丝发圈,,,普通订单,2.76,0,0,0,0,0,0,0,0,0,0,0,-0.02,0,0,0,0,0,0,是-商品卡免佣,0.15,义乌市黎既电子商务商行（个体工商户）,订单结算
2026-04-23 10:08:10,'2026042310080518884408742131,入账,3,聚合账户,货款结算入账,小店自卖,'6952146738323134114,'6952146738323134114,'SS76307683956717040990177,2026-04-18 13:27:33,'3806250082127446374,休闲风创意米菲兔甜美少女刘海贴魔法贴毛绒发帖无痕贴发饰发卡女,,,普通订单,0.02,0,0,3,0,0,0,0,0,0,0,0,-0.02,0,0,0,0,0,0,是-商品卡免佣,0.15,义乌市黎既电子商务商行（个体工商户）,订单结算
2026-04-23 10:08:10,'2026042310080536253415032131,入账,3.89,聚合账户,货款结算入账,小店自卖,'6952022873255843072,'6952022873255843072,'SS76306650320041579580137,2026-04-12 21:54:59,'3807732934811713667,新款牡丹花羽毛抓夹女高颜值轻奢时尚百搭鲨鱼夹发饰头饰夹发神器,,,普通订单,0.91,0,0,3,0,0,0,0,0,0,0,0,-0.02,0,0,0,0,0,0,是-商品卡免佣,0.15,义乌市黎既电子商务商行（个体工商户）,订单结算
2026-04-23 10:08:10,'2026042310080620862410782131,入账,10.88,聚合账户,货款结算入账,小店自卖,'6952031984099529901,'6952031984099529901,'SS76307364848403914330053,2026-04-13 00:47:24,'3796640026289373330,蝴蝶结鸭嘴夹小香风毛呢爆款发夹后脑勺气质洋气盘发一字夹子,,,普通订单,10.95,0,0,0,0,0,0,0,0,0,0,0,-0.07,0,0,0,0,0,0,是-商品卡免佣,0.51,义乌市黎既电子商务商行（个体工商户）,订单结算
2026-04-23 10:08:10,'2026042310080640769459582131,入账,2.43,聚合账户,货款结算入账,精选联盟,'6925534059502861730,'6925534059502861730,'SS76306399046827217980218,2026-04-12 17:44:33,'3784368456477049055,韩国气质碎钻满天星抓夹女后脑勺半扎发鲨鱼夹发量少百搭发卡头饰,'0,,普通订单,0.01,0,0,2.68,0,0,0,0,0,0,0,0,-0.13,0,0,0,0,-0.13,0,,0,义乌市黎既电子商务商行（个体工商户）,订单结算
2026-04-23 10:08:10,'2026042310080633691732982131,入账,3.44,聚合账户,货款结算入账,精选联盟,'6925533919467044289,'6925533919467044289,'SS76307324860329170300051,2026-04-12 16:34:03,'3769167489120993512,春夏撞色蝴蝶结发夹女后脑勺2025新款气质大号盘发鸭嘴夹头饰抓夹,'0,,普通订单,3.82,0,0,0,0,0,0,0,0,0,0,0,-0.19,0,0,0,0,-0.19,0,,0,义乌市黎既电子商务商行（个体工商户）,订单结算
2026-04-23 10:09:37,'2026042310093509654154342131,入账,4.6,聚合账户,货款结算入账,小店自卖,'6925552267826855280,'6925552267826855280,'SS76306668225892027260113,2026-04-13 00:18:10,'3761395105840365661,高级感水钻满天星发夹女后脑勺盘发神器发卡青蛙夹扭扭夹发卡头饰,,,普通订单,4.63,0,0,0,0,0,0,0,0,0,0,0,-0.03,0,0,0,0,0,0,是-商品卡免佣,0.22,义乌市黎既电子商务商行（个体工商户）,订单结算
2026-04-23 10:09:37,'2026042310093426272609382131,入账,2.43,聚合账户,货款结算入账,精选联盟,'6925552239929884622,'6925552239929884622,'SS76306401541811904630125,2026-04-12 23:52:26,'3784368456477049055,韩国气质碎钻满天星抓夹女后脑勺半扎发鲨鱼夹发量少百搭发卡头饰,'7622866447274394661,婷婷百货甄选,普通订单,2.69,0,0,0,0,0,0,0,0,0,0,0,-0.13,-0.13,0,0,0,0,0,,0,义乌市黎既电子商务商行（个体工商户）,订单结算
2026-04-23 10:09:38,'2026042310093503984591872131,入账,4.79,聚合账户,货款结算入账,小店自卖,'6925560347888352919,'6925560347888352919,'SS76306657438141324800182,2026-04-12 22:06:57,'3808310755862905178,春夏复古ins风~彩虹格子蝴蝶结大肠头绳发圈丸子2026马尾发绳新款,,,普通订单,4.82,0,0,0,0,0,0,0,0,0,0,0,-0.03,0,0,0,0,0,0,是-商品卡免佣,0.22,义乌市黎既电子商务商行（个体工商户）,订单结算
2026-04-23 10:09:38,'2026042310093512723533062131,入账,3.59,聚合账户,货款结算入账,小店自卖,'6925429737004629866,'6925429737004629866,'SS76306431730604772340169,2026-04-08 08:26:25,'3766001784691229117,夏天简约随手盘发一字扭扭夹水钻抓夹高级发夹扭扭后脑勺盘发器,,,普通订单,3.61,0.69,0,0,0,0,0,0,0,0,0,0,-0.02,0,0,0,0,0,0,是-商品卡免佣,0.15,义乌市黎既电子商务商行（个体工商户）,订单结算
2026-04-23 10:09:38,'2026042310093501359879952131,入账,3.63,聚合账户,货款结算入账,小店自卖,'6925559586338340705,'6925559586338340705,'SS76307015132927472980090,2026-04-13 12:06:25,'3795705621886664997,韩系可爱小熊格纹发夹女后脑勺马尾竖夹盘发香蕉夹甜美发卡子发饰,,,普通订单,3.65,0,0,0,0,0,0,0,0,0,0,0,-0.02,0,0,0,0,0,0,是-商品卡免佣,0.15,义乌市黎既电子商务商行（个体工商户）,订单结算
2026-04-23 10:09:41,'2026042310093902606041942131,入账,15.26,聚合账户,货款结算入账,小店自卖,'6925562963756482310,'6925562963756482310,'SS76307050192829647460073,2026-04-13 12:40:22,'3768982715341340864,可爱卡通法式珍珠三角抓夹女新款发量多发夹后脑勺高级感鲨鱼夹,,,普通订单,15.35,0,0,0,0,0,0,0,0,0,0,0,-0.09,0,0,0,0,0,0,是-商品卡免佣,0.66,义乌市黎既电子商务商行（个体工商户）,订单结算
2026-04-23 10:09:41,'2026042310093804459935182131,入账,2.63,聚合账户,货款结算入账,小店自卖,'6952025200776058285,'6952025200776058285,'SS76306682330412321430210,2026-04-12 23:41:17,'3763932448057065566,磨砂扭扭香蕉夹高马尾大号发夹后脑勺竖夹发卡韩国气质女夹子头饰,,,普通订单,2.65,0.89,0,0,0,0,0,0,0,0,0,0,-0.02,0,0,0,0,0,0,是-商品卡免佣,0.15,义乌市黎既电子商务商行（个体工商户）,订单结算
2026-04-23 10:09:41,'2026042310093840998057232131,入账,8.05,聚合账户,货款结算入账,小店自卖,'6952098309106505342,'6952098309106505342,'SS76308695643471427060156,2026-04-15 18:25:36,'3673057951649759338,小皮筋小女孩头绳发绳透明多彩小号一次性皮筋儿童橡皮筋发饰扎头,,,普通订单,8.1,1.15,0,0,0,0,0,0,0,0,0,0,-0.05,0,0,0,0,0,0,是-商品卡免佣,0.37,义乌市黎既电子商务商行（个体工商户）,订单结算
2026-04-23 10:09:41,'2026042310093917371635472131,入账,2.56,聚合账户,货款结算入账,小店自卖,'6952056755908057035,'6952056755908057035,'SS76306422913465556740232,2026-04-14 15:06:34,'3809235146834575749,可爱新春小狗香蕉夹女高马尾扭扭夹红色竖夹高级感2026韩新款发夹,,,普通订单,2.58,0,0,0,0,0,0,0,0,0,0,0,-0.02,0,0,0,0,0,0,是-商品卡免佣,0.15,义乌市黎既电子商务商行（个体工商户）,订单结算
2026-04-23 10:09:41,'2026042310093808776954882131,入账,2.67,聚合账户,货款结算入账,小店自卖,'6925545418211753199,'6925545418211753199,'SS76306402446991857160118,2026-04-13 01:58:52,'3784368456477049055,韩国气质碎钻满天星抓夹女后脑勺半扎发鲨鱼夹发量少百搭发卡头饰,,,普通订单,2.69,0,0,0,0,0,0,0,0,0,0,0,-0.02,0,0,0,0,0,0,是-商品卡免佣,0.15,义乌市黎既电子商务商行（个体工商户）,订单结算
2026-04-23 10:09:55,'2026042310095221419297622131,入账,8.41,聚合账户,货款结算入账,小店自卖,'6952002880777164483,'6952002880777164483,'SS76306666664184550920201,2026-04-12 17:14:52,'3673976773902729360,发夹女后脑勺珍珠发卡大号盘发鲨鱼夹韩国ins网红气质头饰抓发夹,,,普通订单,8.46,0.9,0,0,0,0,0,0,0,0,0,0,-0.05,0,0,0,0,0,0,是-商品卡免佣,0.37,义乌市黎既电子商务商行（个体工商户）,订单结算
2026-04-23 10:09:55,'2026042310095226050115022131,入账,4.51,聚合账户,货款结算入账,精选联盟,'6925552030556650695,'6925552030556650695,'SS76306662810000269070025,2026-04-12 22:34:26,'3746150076641313252,网红简约ins纯色宽边发带高颅顶白色发箍女运动健身夏季头饰发饰,'0,,普通订单,5.11,0.9,0,0,0,0,0,0,0,0,0,0,-0.26,0,0,0,0,-0.34,0,,0,义乌市黎既电子商务商行（个体工商户）,订单结算
2026-04-23 10:09:55,'2026042310095128830113742131,入账,12.42,聚合账户,货款结算入账,小店自卖,'6925559675186544122,'6925559675186544122,'SS76307050101086786750007,2026-04-13 12:45:26,'3673388116573553024,花朵儿童盘发神器新款宝宝丸子头盘发器宝宝扎头神器头饰发饰女孩,,,普通订单,12.49,0.55,0,0,0,0,0,0,0,0,0,0,-0.07,0,0,0,0,0,0,是-商品卡免佣,0.51,义乌市黎既电子商务商行（个体工商户）,订单结算
2026-04-23 10:09:55,'2026042310095217891333582131,入账,2.43,聚合账户,货款结算入账,精选联盟,'6925555944112488117,'6925555944112488117,'SS76306401052793902230051,2026-04-12 21:49:19,'3784368456477049055,韩国气质碎钻满天星抓夹女后脑勺半扎发鲨鱼夹发量少百搭发卡头饰,'7622866447274394661,婷婷百货甄选,普通订单,2.69,0,0,0,0,0,0,0,0,0,0,0,-0.13,-0.13,0,0,0,0,0,,0,义乌市黎既电子商务商行（个体工商户）,订单结算
2026-04-23 10:09:55,'2026042310095319170921312131,入账,2.92,聚合账户,货款结算入账,小店自卖,'6952007547826018101,'6952007547826018101,'SS76306667151145539080060,2026-04-12 22:04:00,'3757492733040787584,韩版女新款山茶花拉拉发梳高级感后脑勺碎发整理神器发箍头饰发饰,,,普通订单,2.94,0,0,0,0,0,0,0,0,0,0,0,-0.02,0,0,0,0,0,0,是-商品卡免佣,0.15,义乌市黎既电子商务商行（个体工商户）,订单结算
2026-04-23 10:09:59,'2026042310095636842053182131,入账,5.41,聚合账户,货款结算入账,小店自卖,'6925542524612673396,'6925542524612673396,'SS76306667726577016320197,2026-04-12 21:32:09,'3673987206378291643,发箍网红2024年新款发饰法式洗脸发卡头饰发带女外出压发头箍发捆,,,普通订单,5.44,1.2,0,0,0,0,0,0,0,0,0,0,-0.03,0,0,0,0,0,0,是-商品卡免佣,0.22,义乌市黎既电子商务商行（个体工商户）,订单结算
2026-04-23 10:09:59,'2026042310095632926272192131,入账,2.67,聚合账户,货款结算入账,小店自卖,'6952032781571200067,'6952032781571200067,'SS76307438894775670280120,2026-04-13 13:39:21,'3784368456477049055,韩国气质碎钻满天星抓夹女后脑勺半扎发鲨鱼夹发量少百搭发卡头饰,,,普通订单,0.69,0,0,2,0,0,0,0,0,0,0,0,-0.02,0,0,0,0,0,0,是-商品卡免佣,0.15,义乌市黎既电子商务商行（个体工商户）,订单结算
2026-04-23 10:09:59,'2026042310095604165634982131,入账,4.66,聚合账户,货款结算入账,小店自卖,'6925420272265493684,'6925420272265493684,'SS76306647369595458750140,2026-04-07 23:09:47,'3704406262902030790,高级感磨砂交叉抓夹盘复古头饰简约气质时尚鲨鱼夹后脑勺发饰头饰,,,普通订单,4.69,0.9,0,0,0,0,0,0,0,0,0,0,-0.03,0,0,0,0,0,0,是-商品卡免佣,0.22,义乌市黎既电子商务商行（个体工商户）,订单结算
2026-04-23 10:09:59,'2026042310095614941391772131,入账,4.32,聚合账户,货款结算入账,小店自卖,'6952022428785841254,'6952022428785775718,'SS76306666523129940580167,2026-04-12 17:05:09,'3677561914218643751,发饰交叉抓夹大号发夹新款盘发卡头饰女简约气质鲨鱼夹后脑勺发爪,,,普通订单,4.35,0,0,0,0,0,0,0,0,0,0,0,-0.03,0,0,0,0,0,0,是-商品卡免佣,0.22,义乌市黎既电子商务商行（个体工商户）,订单结算
2026-04-23 10:54:45,'2026042310544127985676992131,出账,1,聚合账户,小额打款,,'6952237595762235203,'6952237595762235203,,,,,,,普通订单,0,0,0,0,0,0,0,0,0,0,0,0,0,0,0,0,0,0,0,,0,义乌市黎既电子商务商行（个体工商户）,商家向消费者小额打款-“其他”
2026-04-23 10:56:00,'2026042310555514565750182131,出账,1,聚合账户,小额打款,,'6952237595762235203,'6952237595762235203,,,,,,,普通订单,0,0,0,0,0,0,0,0,0,0,0,0,0,0,0,0,0,0,0,,0,义乌市黎既电子商务商行（个体工商户）,商家向消费者小额打款-“其他”
2026-04-23 10:56:21,'2026042310561713269409432131,出账,2,聚合账户,小额打款,,'6952205387066054240,'6952205387066054240,,,,,,,普通订单,0,0,0,0,0,0,0,0,0,0,0,0,0,0,0,0,0,0,0,,0,义乌市黎既电子商务商行（个体工商户）,商家向消费者小额打款-“其他”
2026-04-23 11:00:47,'2026042311004241202486102131,出账,1,聚合账户,小额打款,,'6952211676729316396,'6952211676729316396,,,,,,,普通订单,0,0,0,0,0,0,0,0,0,0,0,0,0,0,0,0,0,0,0,,0,义乌市黎既电子商务商行（个体工商户）,商家向消费者小额打款-“其他”
2026-04-23 11:01:23,'2026042311011838723919882131,出账,2,聚合账户,小额打款,,'6952157878696154919,'6952157878696154919,,,,,,,普通订单,0,0,0,0,0,0,0,0,0,0,0,0,0,0,0,0,0,0,0,,0,义乌市黎既电子商务商行（个体工商户）,商家向消费者小额打款-“其他”
2026-04-23 11:20:43,'2026042311204022527841632131,出账,2,聚合账户,小额打款,,'6952151064968304079,'6952151064968304079,,,,,,,普通订单,0,0,0,0,0,0,0,0,0,0,0,0,0,0,0,0,0,0,0,,0,义乌市黎既电子商务商行（个体工商户）,商家向消费者小额打款-“其他”
2026-04-23 11:26:50,'2026042311264528062195562131,出账,2,聚合账户,小额打款,,'6952194487647147310,'6952194487647147310,,,,,,,普通订单,0,0,0,0,0,0,0,0,0,0,0,0,0,0,0,0,0,0,0,,0,义乌市黎既电子商务商行（个体工商户）,商家向消费者小额打款-“其他”
2026-04-23 11:52:04,'2026042311515907898281222131,出账,2,聚合账户,小额打款,,'6952279129666885405,'6952279129666885405,,,,,,,普通订单,0,0,0,0,0,0,0,0,0,0,0,0,0,0,0,0,0,0,0,,0,义乌市黎既电子商务商行（个体工商户）,商家向消费者小额打款-“其他”
2026-04-23 12:29:01,'2026042312285625302349262131,出账,2,聚合账户,小额打款,,'6925723261363781152,'6925723261363781152,,,,,,,普通订单,0,0,0,0,0,0,0,0,0,0,0,0,0,0,0,0,0,0,0,,0,义乌市黎既电子商务商行（个体工商户）,商家向消费者小额打款-“其他”
2026-04-23 12:45:19,'2026042312451616283574282131,入账,3,聚合账户,货款结算入账,小店自卖,'6951884455038227642,'6951884455038227642,'SS76282435644049989220152,2026-04-07 22:36:56,'3806250082127446374,休闲风创意米菲兔甜美少女刘海贴魔法贴毛绒发帖无痕贴发饰发卡女,,,普通订单,2.82,0,0,0.2,0,0,0,0,0,0,0,0,-0.02,0,0,0,0,0,0,是-商品卡免佣,0.15,义乌市黎既电子商务商行（个体工商户）,订单结算
2026-04-23 12:45:19,'2026042312451604247271032131,入账,3.96,聚合账户,货款结算入账,小店自卖,'6952023461446293454,'6952023461446293454,'SS76307502577055178500068,2026-04-13 09:20:52,'3809252416780632234,韩国东大门花朵发夹少女刘海碎发夹小众设计感炫彩色头饰新款发饰,,,普通订单,3.98,0,0,0,0,0,0,0,0,0,0,0,-0.02,0,0,0,0,0,0,是-商品卡免佣,0.15,义乌市黎既电子商务商行（个体工商户）,订单结算
2026-04-23 12:45:19,'2026042312451612129080592131,入账,2.86,聚合账户,货款结算入账,小店自卖,'6925549123818126660,'6925549123818126660,'SS76306667751018501660193,2026-04-12 20:57:50,'3761395105840365661,高级感水钻满天星发夹女后脑勺盘发神器发卡青蛙夹扭扭夹发卡头饰,,,普通订单,2.88,0,0,0,0,0,0,0,0,0,0,0,-0.02,0,0,0,0,0,0,是-商品卡免佣,0.15,义乌市黎既电子商务商行（个体工商户）,订单结算
2026-04-23 12:45:19,'2026042312451628397411992131,入账,7.03,聚合账户,货款结算入账,小店自卖,'6952018974679242577,'6952018974679242577,'SS76306669877358147100223,2026-04-13 07:44:37,'3769870193174642697,2025春夏新款轻奢边夹时尚气质一字发夹女后脑勺扭扭夹女,,,普通订单,7.07,0,0,0,0,0,0,0,0,0,0,0,-0.04,0,0,0,0,0,0,是-商品卡免佣,0.29,义乌市黎既电子商务商行（个体工商户）,订单结算
2026-04-23 12:45:19,'2026042312451726105285622131,入账,3.61,聚合账户,货款结算入账,小店自卖,'6925594088958885655,'6925594088958885655,'SS76306073392763049230121,2026-04-14 19:14:43,'3806450472450130341,新款复古抓夹女豹纹蝴蝶结鲨鱼夹2026后脑勺盘发发夹高级感发饰,,,普通订单,0.63,0,0,3,0,0,0,0,0,0,0,0,-0.02,0,0,0,0,0,0,是-商品卡免佣,0.15,义乌市黎既电子商务商行（个体工商户）,订单结算
2026-04-23 12:45:19,'2026042312451613551378182131,入账,3.45,聚合账户,货款结算入账,精选联盟,'6925576837630099132,'6925576837630099132,'SS76307440433574873980190,2026-04-13 15:33:53,'3784368456477049055,韩国气质碎钻满天星抓夹女后脑勺半扎发鲨鱼夹发量少百搭发卡头饰,'0,,普通订单,0.01,0,0,3.82,0,0,0,0,0,0,0,0,-0.19,0,0,0,0,-0.19,0,,0,义乌市黎既电子商务商行（个体工商户）,订单结算
2026-04-23 12:45:19,'2026042312451537162191712131,入账,2.61,聚合账户,货款结算入账,小店自卖,'6952143146424342230,'6952143146424342230,'SS76307548659374167190217,2026-04-17 12:46:20,'3683880893283434825,夏日百搭经典珠珠铆钉电话线蓬松简约低马尾泡泡辫发圈弹簧束发带,,,普通订单,1.93,0,0,0.82,0,0,0,0,0,0,0,0,-0.14,0,0,0,0,0,0,,0,义乌市黎既电子商务商行（个体工商户）,订单结算
2026-04-23 12:45:19,'2026042312451613955118342131,入账,2.56,聚合账户,货款结算入账,小店自卖,'6925552201141812731,'6925552201141812731,'SS76306401506871915670096,2026-04-12 23:25:33,'3784368456477049055,韩国气质碎钻满天星抓夹女后脑勺半扎发鲨鱼夹发量少百搭发卡头饰,,,普通订单,0.01,0,0,2.68,0,0,0,0,0,0,0,0,-0.13,0,0,0,0,0,0,,0,义乌市黎既电子商务商行（个体工商户）,订单结算
2026-04-23 12:45:19,'2026042312451708727928512131,入账,4.49,聚合账户,货款结算入账,小店自卖,'6952021528840508444,'6952021528840508444,'SS76306678801198290190062,2026-04-13 07:36:17,'3808297920495747487,韩式新款头绳高级小众手工编织豹纹大肠发圈显发量马尾丸子头发绳,,,普通订单,4.73,0,0,0,0,0,0,0,0,0,0,0,-0.24,0,0,0,0,0,0,,0,义乌市黎既电子商务商行（个体工商户）,订单结算
2026-04-23 12:45:19,'2026042312451611202442782131,入账,4.85,聚合账户,货款结算入账,小店自卖,'6952027266382697852,'6952027266382697852,'SS76306667289564329050148,2026-04-12 20:19:57,'3796640026289373330,蝴蝶结鸭嘴夹小香风毛呢爆款发夹后脑勺气质洋气盘发一字夹子,,,普通订单,0.01,0,0,4.87,0,0,0,0,0,0,0,0,-0.03,0,0,0,0,0,0,是-商品卡免佣,0.22,义乌市黎既电子商务商行（个体工商户）,订单结算
2026-04-23 12:45:19,'2026042312451623538242562131,入账,1.94,聚合账户,货款结算入账,小店自卖,'6952022795722430017,'6952022795722430017,'SS76306682318250522120008,2026-04-12 20:57:20,'3763932675732275215,简约高马尾香蕉夹抓夹女高级感2025新款大号一字扭扭夹发夹发饰夏,,,普通订单,1.95,0,0,0,0,0,0,0,0,0,0,0,-0.01,0,0,0,0,0,0,是-商品卡免佣,0.07,义乌市黎既电子商务商行（个体工商户）,订单结算
2026-04-23 12:45:19,'2026042312451527546957432131,入账,3.29,聚合账户,货款结算入账,精选联盟,'6952007714172639153,'6952007714172639153,'SS76306668759243988540054,2026-04-12 23:53:05,'3807763574974186291,气质高级亮黑色大号鲨鱼抓夹女后脑勺时尚发卡巨能抓头饰2026新款,'0,,普通订单,0.01,0,0,3.64,0,0,0,0,0,0,0,0,-0.18,0,0,0,0,-0.18,0,,0,义乌市黎既电子商务商行（个体工商户）,订单结算
2026-04-23 12:45:19,'2026042312451616574062232131,入账,3.27,聚合账户,货款结算入账,精选联盟,'6952036224665588818,'6952036224665588818,'SS76306668847484278220050,2026-04-12 22:45:28,'3806450472450130341,新款复古抓夹女豹纹蝴蝶结鲨鱼夹2026后脑勺盘发发夹高级感发饰,'0,,普通订单,0.63,0,0,3,0,0,0,0,0,0,0,0,-0.18,0,0,0,0,-0.18,0,,0,义乌市黎既电子商务商行（个体工商户）,订单结算
2026-04-23 12:45:19,'2026042312451624666977742131,入账,2.85,聚合账户,货款结算入账,小店自卖,'6925544603360394287,'6925544603360394287,'SS76306666308720563390039,2026-04-12 20:11:53,'3747800080678256720,夏季网红新款小草头上发夹长草可爱超萌碎豆芽夹子头顶搞怪发饰,,,普通订单,2.87,0,0,0,0,0,0,0,0,0,0,0,-0.02,0,0,0,0,0,0,是-商品卡免佣,0.15,义乌市黎既电子商务商行（个体工商户）,订单结算
2026-04-23 12:45:19,'2026042312451619698486112131,入账,2.19,聚合账户,货款结算入账,小店自卖,'6952004903264589745,'6952004903264589745,'SS76306665831657641220134,2026-04-12 17:30:07,'3782115864158011677,新款大号花朵头发夹子发卡子网红爆款妈妈抓夹女后脑勺盘发鸭嘴夹,,,普通订单,2.31,0,0,0,0,0,0,0,0,0,0,0,-0.12,0,0,0,0,0,0,,0,义乌市黎既电子商务商行（个体工商户）,订单结算
2026-04-23 12:45:19,'2026042312451625211212802131,入账,4.47,聚合账户,货款结算入账,小店自卖,'6952027730072442297,'6952027730072442297,'SS76306668758993024400025,2026-04-12 23:53:19,'3807763574974186291,气质高级亮黑色大号鲨鱼抓夹女后脑勺时尚发卡巨能抓头饰2026新款,,,普通订单,0.01,0,0,4.49,0,0,0,0,0,0,0,0,-0.03,0,0,0,0,0,0,是-商品卡免佣,0.22,义乌市黎既电子商务商行（个体工商户）,订单结算
2026-04-23 12:45:19,'2026042312451627350799772131,入账,5.08,聚合账户,货款结算入账,小店自卖,'6952022972988397216,'6952022972988397216,'SS76306662524071124670105,2026-04-12 22:15:51,'3746150076641313252,网红简约ins纯色宽边发带高颅顶白色发箍女运动健身夏季头饰发饰,,,普通订单,5.11,0.9,0,0,0,0,0,0,0,0,0,0,-0.03,0,0,0,0,0,0,是-商品卡免佣,0.22,义乌市黎既电子商务商行（个体工商户）,订单结算
2026-04-23 12:45:19,'2026042312451536707377152131,入账,10.88,聚合账户,货款结算入账,小店自卖,'6925565400959188308,'6925565400959188308,'SS76307364885737474620097,2026-04-13 15:10:08,'3796640026289373330,蝴蝶结鸭嘴夹小香风毛呢爆款发夹后脑勺气质洋气盘发一字夹子,,,普通订单,3.15,0,0,7.8,0,0,0,0,0,0,0,0,-0.07,0,0,0,0,0,0,是-商品卡免佣,0.51,义乌市黎既电子商务商行（个体工商户）,订单结算
2026-04-23 12:45:19,'2026042312451435556398482131,入账,2.43,聚合账户,货款结算入账,精选联盟,'6952005195919070821,'6952005195919070821,'SS76306400123176556040110,2026-04-12 20:44:17,'3784368456477049055,韩国气质碎钻满天星抓夹女后脑勺半扎发鲨鱼夹发量少百搭发卡头饰,'0,,普通订单,0.69,0,0,2,0,0,0,0,0,0,0,0,-0.13,0,0,0,0,-0.13,0,,0,义乌市黎既电子商务商行（个体工商户）,订单结算
2026-04-23 12:45:19,'2026042312451612646162302131,入账,4.85,聚合账户,货款结算入账,小店自卖,'6925558886297403049,'6925558886297403049,'SS76306669710968266430039,2026-04-13 07:28:40,'3796640026289373330,蝴蝶结鸭嘴夹小香风毛呢爆款发夹后脑勺气质洋气盘发一字夹子,,,普通订单,4.88,0,0,0,0,0,0,0,0,0,0,0,-0.03,0,0,0,0,0,0,是-商品卡免佣,0.22,义乌市黎既电子商务商行（个体工商户）,订单结算
2026-04-23 12:45:19,'2026042312451605332835842131,入账,2.81,聚合账户,货款结算入账,小店自卖,'6952023550569157813,'6952023550569157813,'SS76307428746566377300044,2026-04-13 10:30:14,'3790878995596312771,韩系黑色波点布艺褶皱高马尾香蕉夹竖夹新款豹纹发夹气质百搭发饰,,,普通订单,0.4,0.39,0,2.43,0,0,0,0,0,0,0,0,-0.02,0,0,0,0,0,0,是-商品卡免佣,0.15,义乌市黎既电子商务商行（个体工商户）,订单结算
2026-04-23 12:45:19,'2026042312451527523981062131,入账,2.15,聚合账户,货款结算入账,小店自卖,'6925549694947589638,'6925549694947589638,'SS76307327406796641660198,2026-04-13 00:24:37,'3806293802847699345,韩式豹纹波点褶皱高级扭扭马尾卡通风香蕉发夹后脑勺显发发卡头饰,,,普通订单,2.16,0,0,0,0,0,0,0,0,0,0,0,-0.01,0,0,0,0,0,0,是-商品卡免佣,0.07,义乌市黎既电子商务商行（个体工商户）,订单结算
2026-04-23 12:45:19,'2026042312451621988521422131,入账,2.87,聚合账户,货款结算入账,小店自卖,'6925539950617788356,'6925539950617788356,'SS76306665832799116990210,2026-04-12 18:05:22,'3746151571088605628,发量多加大号南瓜抓夹女2025新款高级感亮面鲨鱼夹后脑勺气质简约,,,普通订单,2.89,0,0,0,0,0,0,0,0,0,0,0,-0.02,0,0,0,0,0,0,是-商品卡免佣,0.15,义乌市黎既电子商务商行（个体工商户）,订单结算
2026-04-23 12:45:19,'2026042312451536583672842131,入账,1.77,聚合账户,货款结算入账,精选联盟,'6952036735189718441,'6952036735189718441,'SS76306791856482061180167,2026-04-13 09:52:02,'3750791789322306375,刘海夹前额洋气闪钻轻奢植绒复古夹子双层侧边夹碎发整理夹子女,'0,,普通订单,1.53,0.45,0,0.46,0,0,0,0,0,0,0,0,-0.1,0,0,0,0,-0.12,0,,0,义乌市黎既电子商务商行（个体工商户）,订单结算
2026-04-23 12:45:19,'2026042312451603997704042131,入账,2.45,聚合账户,货款结算入账,小店自卖,'6952007749328770958,'6952007749328770958,'SS76306678726286423550245,2026-04-12 23:42:54,'3808304279178051966,2026新款头绳蝴蝶结女大肠发圈显瘦百搭编织春夏复古丸子发绳韩系,,,普通订单,2.46,0,0,0,0,0,0,0,0,0,0,0,-0.01,0,0,0,0,0,0,是-商品卡免佣,0.07,义乌市黎既电子商务商行（个体工商户）,订单结算
2026-04-23 12:45:19,'2026042312451716988905222131,入账,2.67,聚合账户,货款结算入账,小店自卖,'6925540666698530281,'6925540666698530281,'SS76306401117345385390129,2026-04-12 22:32:22,'3784368456477049055,韩国气质碎钻满天星抓夹女后脑勺半扎发鲨鱼夹发量少百搭发卡头饰,,,普通订单,0.69,0,0,2,0,0,0,0,0,0,0,0,-0.02,0,0,0,0,0,0,是-商品卡免佣,0.15,义乌市黎既电子商务商行（个体工商户）,订单结算
2026-04-23 12:45:20,'2026042312451525174024112131,入账,3.81,聚合账户,货款结算入账,小店自卖,'6952126108215285219,'6952126108215285219,'SS76308146781089636270207,2026-04-16 12:32:33,'3784368456477049055,韩国气质碎钻满天星抓夹女后脑勺半扎发鲨鱼夹发量少百搭发卡头饰,,,普通订单,3.83,0,0,0,0,0,0,0,0,0,0,0,-0.02,0,0,0,0,0,0,是-商品卡免佣,0.15,义乌市黎既电子商务商行（个体工商户）,订单结算
2026-04-23 12:45:20,'2026042312451701850619402131,入账,5.31,聚合账户,货款结算入账,小店自卖,'6925574254749384012,'6925574254749384012,'SS76307251249327805870193,2026-04-13 13:44:35,'3766001784691229117,夏天简约随手盘发一字扭扭夹水钻抓夹高级发夹扭扭后脑勺盘发器,,,普通订单,5.34,0,0,0,0,0,0,0,0,0,0,0,-0.03,0,0,0,0,0,0,是-商品卡免佣,0.22,义乌市黎既电子商务商行（个体工商户）,订单结算
2026-04-23 12:45:20,'2026042312451634817646542131,入账,3.63,聚合账户,货款结算入账,小店自卖,'6925548964820582208,'6925548964820582208,'SS76306667531353951120175,2026-04-12 20:14:22,'3807763574974186291,气质高级亮黑色大号鲨鱼抓夹女后脑勺时尚发卡巨能抓头饰2026新款,,,普通订单,3.65,0,0,0,0,0,0,0,0,0,0,0,-0.02,0,0,0,0,0,0,是-商品卡免佣,0.15,义乌市黎既电子商务商行（个体工商户）,订单结算
2026-04-23 12:45:20,'2026042312451703823580312131,入账,4.8,聚合账户,货款结算入账,小店自卖,'6925424496752164401,'6925424496752164401,'SS76306362922844987140250,2026-04-07 19:24:21,'3790878995596312771,韩系黑色波点布艺褶皱高马尾香蕉夹竖夹新款豹纹发夹气质百搭发饰,,,普通订单,0.05,0,0,5,0,0,0,0,0,0,0,0,-0.25,0,0,0,0,0,0,,0,义乌市黎既电子商务商行（个体工商户）,订单结算
2026-04-23 12:45:20,'2026042312451827389957502131,入账,4.7,聚合账户,货款结算入账,小店自卖,'6952019131513246915,'6952019131513246915,'SS76307002433655116800221,2026-04-13 10:33:33,'3763604050621366357,新款镶钻一字夹高端抓夹女网红后脑勺蝴蝶结懒人盘发夹鸭嘴夹发饰,,,普通订单,4.73,0,0,0,0,0,0,0,0,0,0,0,-0.03,0,0,0,0,0,0,是-商品卡免佣,0.22,义乌市黎既电子商务商行（个体工商户）,订单结算
2026-04-23 12:45:20,'2026042312451703117921542131,入账,6.4,聚合账户,货款结算入账,精选联盟,'6925567190880124487,'6925567190880124487,'SS76306997830695985140114,2026-04-13 10:57:43,'3677662839465705493,超大号鲨鱼夹ins高颜值方块夹后脑勺盘发抓夹自选发量多发卡发夹,'0,,普通订单,4.36,0,0,3,0,0,0,0,0,0,0,0,-0.37,0,0,0,0,-0.59,0,,0,义乌市黎既电子商务商行（个体工商户）,订单结算
2026-04-23 12:45:20,'2026042312451736620050302131,入账,1.95,聚合账户,货款结算入账,小店自卖,'6925548605562256813,'6925548605562256813,'SS76306632290767511580087,2026-04-12 16:53:04,'3806280662462366067,kitty猫~刘海贴精致可爱甜美少女棉花糖猫兔碎发贴魔术贴无痕发饰,,,普通订单,0.01,0,0,1.95,0,0,0,0,0,0,0,0,-0.01,0,0,0,0,0,0,是-商品卡免佣,0.07,义乌市黎既电子商务商行（个体工商户）,订单结算
2026-04-23 12:45:20,'2026042312451739306245272131,入账,3.75,聚合账户,货款结算入账,小店自卖,'6925439911742504929,'6925439911742504929,'SS76306749625424983300006,2026-04-08 10:20:17,'3746150076641313252,网红简约ins纯色宽边发带高颅顶白色发箍女运动健身夏季头饰发饰,,,普通订单,3.77,0.9,0,0,0,0,0,0,0,0,0,0,-0.02,0,0,0,0,0,0,是-商品卡免佣,0.15,义乌市黎既电子商务商行（个体工商户）,订单结算
2026-04-23 12:45:20,'2026042312451708085386502131,入账,2.81,聚合账户,货款结算入账,小店自卖,'6952017981332788449,'6952017981332788449,'SS76306383729404157820087,2026-04-12 17:17:03,'3790878995596312771,韩系黑色波点布艺褶皱高马尾香蕉夹竖夹新款豹纹发夹气质百搭发饰,,,普通订单,2.83,0.39,0,0,0,0,0,0,0,0,0,0,-0.02,0,0,0,0,0,0,是-商品卡免佣,0.15,义乌市黎既电子商务商行（个体工商户）,订单结算
2026-04-23 12:45:20,'2026042312451524634165822131,入账,2.56,聚合账户,货款结算入账,小店自卖,'6952026919260984659,'6952026919260984659,'SS76306398875867059700002,2026-04-12 16:28:05,'3784368456477049055,韩国气质碎钻满天星抓夹女后脑勺半扎发鲨鱼夹发量少百搭发卡头饰,,,普通订单,0.01,0,0,2.68,0,0,0,0,0,0,0,0,-0.13,0,0,0,0,0,0,,0,义乌市黎既电子商务商行（个体工商户）,订单结算
2026-04-23 12:45:20,'2026042312451629411784222131,入账,10.88,聚合账户,货款结算入账,小店自卖,'6952027715086325345,'6952027715086325345,'SS76307364718125064190105,2026-04-12 23:55:03,'3796640026289373330,蝴蝶结鸭嘴夹小香风毛呢爆款发夹后脑勺气质洋气盘发一字夹子,,,普通订单,10.95,0,0,0,0,0,0,0,0,0,0,0,-0.07,0,0,0,0,0,0,是-商品卡免佣,0.51,义乌市黎既电子商务商行（个体工商户）,订单结算
2026-04-23 12:45:20,'2026042312451702313303582131,入账,3.36,聚合账户,货款结算入账,小店自卖,'6952043485154776826,'6952043485154776826,'SS76306998396046710110184,2026-04-13 08:30:43,'3756538958083916481,红樱桃发夹女侧边小抓夹碎发网红刘海夹可爱公主头饰鲨鱼夹气质,,,普通订单,3.38,0.3,0,0,0,0,0,0,0,0,0,0,-0.02,0,0,0,0,0,0,是-商品卡免佣,0.15,义乌市黎既电子商务商行（个体工商户）,订单结算
2026-04-23 12:45:20,'2026042312451608012272832131,入账,10.88,聚合账户,货款结算入账,小店自卖,'6952048063745234160,'6952048063745234160,'SS76307364843954509230175,2026-04-13 12:08:35,'3796640026289373330,蝴蝶结鸭嘴夹小香风毛呢爆款发夹后脑勺气质洋气盘发一字夹子,,,普通订单,10.95,0,0,0,0,0,0,0,0,0,0,0,-0.07,0,0,0,0,0,0,是-商品卡免佣,0.51,义乌市黎既电子商务商行（个体工商户）,订单结算
2026-04-23 12:45:20,'2026042312451702857907552131,入账,3.12,聚合账户,货款结算入账,小店自卖,'6925558058865164032,'6925558058865164032,'SS76306793932745935710070,2026-04-12 20:56:57,'3748383015122894890,磨砂加大号刘海碎发发夹后脑勺简约插梳女前额洗脸防滑固定神器,,,普通订单,3.28,0,0,0,0,0,0,0,0,0,0,0,-0.16,0,0,0,0,0,0,,0,义乌市黎既电子商务商行（个体工商户）,订单结算
2026-04-23 12:45:20,'2026042312451636296955392131,入账,5.71,聚合账户,货款结算入账,小店自卖,'6925560751166749952,'6925560751166749952,'SS76306672930723602020193,2026-04-13 00:42:07,'3673057951649759338,小皮筋小女孩头绳发绳透明多彩小号一次性皮筋儿童橡皮筋发饰扎头,,,普通订单,5.74,1.15,0,0,0,0,0,0,0,0,0,0,-0.03,0,0,0,0,0,0,是-商品卡免佣,0.22,义乌市黎既电子商务商行（个体工商户）,订单结算
2026-04-23 12:45:20,'2026042312451611409863772131,入账,5.39,聚合账户,货款结算入账,小店自卖,'6925541188107861367,'6925541188107861367,'SS76307411393781112720082,2026-04-13 07:31:37,'3812020991354340036,网纱花朵抓夹女2026新款高端发夹后脑勺高级感度假风头花发饰头饰,,,普通订单,5.67,0,0,0,0,0,0,0,0,0,0,0,-0.28,0,0,0,0,0,0,,0,义乌市黎既电子商务商行（个体工商户）,订单结算
2026-04-23 12:45:20,'2026042312451711039217022131,入账,2.67,聚合账户,货款结算入账,小店自卖,'6952032038992025403,'6952032038992025403,'SS76306402428234962340230,2026-04-13 02:20:39,'3784368456477049055,韩国气质碎钻满天星抓夹女后脑勺半扎发鲨鱼夹发量少百搭发卡头饰,,,普通订单,2.69,0,0,0,0,0,0,0,0,0,0,0,-0.02,0,0,0,0,0,0,是-商品卡免佣,0.15,义乌市黎既电子商务商行（个体工商户）,订单结算
2026-04-23 12:45:20,'2026042312451314082421822131,入账,3.02,聚合账户,货款结算入账,精选联盟,'6952007634147088151,'6952007634147088151,'SS76306668195069793800213,2026-04-12 23:05:22,'3806839693081969009,春夏简约随手盘发高级发夹一字扭扭夹水钻抓夹扭扭后脑勺盘发器,'0,,普通订单,0.36,0,0,3,0,0,0,0,0,0,0,0,-0.17,0,0,0,0,-0.17,0,,0,义乌市黎既电子商务商行（个体工商户）,订单结算
2026-04-23 12:45:20,'2026042312451703419059392131,入账,3.33,聚合账户,货款结算入账,精选联盟,'6952036531340842699,'6952036531340842699,'SS76307027900351288680240,2026-04-13 07:57:18,'3780082964013122277,2025网红时尚秋冬一字夹百搭大号可爱毛绒小熊鸭嘴夹发卡女后脑勺,'0,,普通订单,0.71,0,0,3,0,0,0,0,0,0,0,0,-0.19,0,0,0,0,-0.19,0,,0,义乌市黎既电子商务商行（个体工商户）,订单结算
2026-04-23 12:45:20,'2026042312451716276851712131,入账,5.08,聚合账户,货款结算入账,小店自卖,'6925569988270522061,'6925569988270522061,'SS76307475090984804180086,2026-04-13 13:13:42,'3746150076641313252,网红简约ins纯色宽边发带高颅顶白色发箍女运动健身夏季头饰发饰,,,普通订单,5.11,0.9,0,0,0,0,0,0,0,0,0,0,-0.03,0,0,0,0,0,0,是-商品卡免佣,0.22,义乌市黎既电子商务商行（个体工商户）,订单结算
2026-04-23 12:45:20,'2026042312451633325921622131,入账,2.67,聚合账户,货款结算入账,小店自卖,'6952023188806178414,'6952023188806178414,'SS76307325844476567230207,2026-04-13 01:33:02,'3784368456477049055,韩国气质碎钻满天星抓夹女后脑勺半扎发鲨鱼夹发量少百搭发卡头饰,,,普通订单,2.69,0,0,0,0,0,0,0,0,0,0,0,-0.02,0,0,0,0,0,0,是-商品卡免佣,0.15,义乌市黎既电子商务商行（个体工商户）,订单结算
2026-04-23 12:45:20,'2026042312451714855869792131,入账,1.79,聚合账户,货款结算入账,小店自卖,'6952165327025083874,'6952165327025083874,'SS76307806835999378110143,2026-04-18 19:11:20,'3747800080678256720,夏季网红新款小草头上发夹长草可爱超萌碎豆芽夹子头顶搞怪发饰,,,普通订单,1.8,0,0,0,0,0,0,0,0,0,0,0,-0.01,0,0,0,0,0,0,是-商品卡免佣,0.07,义乌市黎既电子商务商行（个体工商户）,订单结算
2026-04-23 12:45:20,'2026042312451707132452352131,入账,3.65,聚合账户,货款结算入账,小店自卖,'6925557370113327013,'6925557370113327013,'SS76307250040110986580010,2026-04-13 13:02:45,'3763932448057065566,磨砂扭扭香蕉夹高马尾大号发夹后脑勺竖夹发卡韩国气质女夹子头饰,,,普通订单,3.67,0,0,0,0,0,0,0,0,0,0,0,-0.02,0,0,0,0,0,0,是-商品卡免佣,0.15,义乌市黎既电子商务商行（个体工商户）,订单结算
2026-04-23 12:45:21,'2026042312451610541471142131,入账,3.02,聚合账户,货款结算入账,精选联盟,'6952052853899073504,'6952052853899073504,'SS76307372275694149270211,2026-04-13 14:11:36,'3806839693081969009,春夏简约随手盘发高级发夹一字扭扭夹水钻抓夹扭扭后脑勺盘发器,'0,,普通订单,0.36,0,0,3,0,0,0,0,0,0,0,0,-0.17,0,0,0,0,-0.17,0,,0,义乌市黎既电子商务商行（个体工商户）,订单结算
2026-04-23 12:45:21,'2026042312451608019645632131,入账,2.67,聚合账户,货款结算入账,小店自卖,'6951760038985995486,'6951760038985995486,'SS76306737800604882110098,2026-04-02 23:20:44,'3784368456477049055,韩国气质碎钻满天星抓夹女后脑勺半扎发鲨鱼夹发量少百搭发卡头饰,,,普通订单,0.01,0,0,2.68,0,0,0,0,0,0,0,0,-0.02,0,0,0,0,0,0,是-商品卡免佣,0.15,义乌市黎既电子商务商行（个体工商户）,订单结算
2026-04-23 12:45:21,'2026042312451440121147292131,入账,1.95,聚合账户,货款结算入账,小店自卖,'6952122042628969797,'6952122042628969797,'SS76306657480715799380051,2026-04-16 12:33:03,'3806280662462366067,kitty猫~刘海贴精致可爱甜美少女棉花糖猫兔碎发贴魔术贴无痕发饰,,,普通订单,0.01,0,0,1.95,0,0,0,0,0,0,0,0,-0.01,0,0,0,0,0,0,是-商品卡免佣,0.07,义乌市黎既电子商务商行（个体工商户）,订单结算
2026-04-23 12:45:21,'2026042312451803241784782131,入账,2.26,聚合账户,货款结算入账,小店自卖,'6952118272778966042,'6952118272778966042,'SS76308091511410693580152,2026-04-16 21:03:35,'3782115499152900523,复古豹纹波点褶皱香蕉夹女高级感马尾扭扭竖夹后脑勺显发量发卡,,,普通订单,2.27,0,0,0,0,0,0,0,0,0,0,0,-0.01,0,0,0,0,0,0,是-商品卡免佣,0.07,义乌市黎既电子商务商行（个体工商户）,订单结算
2026-04-23 12:45:21,'2026042312451802232983142131,入账,2.65,聚合账户,货款结算入账,小店自卖,'6952034088548767044,'6952034088548767044,'SS76291651568576108020140,2026-04-12 23:26:02,'3766001784691229117,夏天简约随手盘发一字扭扭夹水钻抓夹高级发夹扭扭后脑勺盘发器,,,普通订单,2.67,0.69,0,0,0,0,0,0,0,0,0,0,-0.02,0,0,0,0,0,0,是-商品卡免佣,0.15,义乌市黎既电子商务商行（个体工商户）,订单结算
2026-04-23 12:45:21,'2026042312451810737748902131,入账,2.72,聚合账户,货款结算入账,小店自卖,'6952021777005811012,'6952021777005811012,'SS76306793948575506550203,2026-04-13 10:03:55,'3764317339412201667,气质简约珠珠发夹女夏季新款高级感盘发扭扭夹子后脑勺一字夹发饰,,,普通订单,3.19,0,0,1.05,0,0,0,0,0,0,0,-1.5,-0.02,0,0,0,0,0,0,是-商品卡免佣,0.15,义乌市黎既电子商务商行（个体工商户）,订单结算
2026-04-23 12:45:54,'2026042312455021195371882131,入账,1.98,聚合账户,货款结算入账,小店自卖,'6925542232842927498,'6925542232842927498,'SS76306666103824555950098,2026-04-12 19:34:09,'3756928062885855288,春夏韩版飘带配饰小丝巾女发带扎发蝴蝶结细窄飘带绑包伴手礼装饰,,,普通订单,0.01,0,0,1.98,0,0,0,0,0,0,0,0,-0.01,0,0,0,0,0,0,是-商品卡免佣,0.07,义乌市黎既电子商务商行（个体工商户）,订单结算
2026-04-23 12:47:52,'2026042312474721236004382131,入账,3.59,聚合账户,货款结算入账,小店自卖,'6925624775922384347,'6925624775922384347,'SS76306861899267814800072,2026-04-15 17:57:11,'3766001784691229117,夏天简约随手盘发一字扭扭夹水钻抓夹高级发夹扭扭后脑勺盘发器,,,普通订单,3.61,0.69,0,0,0,0,0,0,0,0,0,0,-0.02,0,0,0,0,0,0,是-商品卡免佣,0.15,义乌市黎既电子商务商行（个体工商户）,订单结算
2026-04-23 12:47:52,'2026042312474900260019742131,入账,4.73,聚合账户,货款结算入账,小店自卖,'6925542263586913602,'6925542263586913602,'SS76306666003639997800093,2026-04-12 19:48:25,'3739542149163778373,洗澡大号盘发发夹后脑勺抓夹百搭气质成人发抓鲨鱼夹发卡夹子发饰,,,普通订单,4.76,0,0,0,0,0,0,0,0,0,0,0,-0.03,0,0,0,0,0,0,是-商品卡免佣,0.22,义乌市黎既电子商务商行（个体工商户）,订单结算
2026-04-23 12:47:52,'2026042312474823324800352131,入账,3.29,聚合账户,货款结算入账,精选联盟,'6952159876346352692,'6952159876346352692,'SS76307907041010982400129,2026-04-18 08:49:29,'3795705621886664997,韩系可爱小熊格纹发夹女后脑勺马尾竖夹盘发香蕉夹甜美发卡子发饰,'0,,普通订单,2.56,0,0,1.09,0,0,0,0,0,0,0,0,-0.18,0,0,0,0,-0.18,0,,0,义乌市黎既电子商务商行（个体工商户）,订单结算
2026-04-23 12:47:52,'2026042312474819422950832131,入账,2.84,聚合账户,货款结算入账,精选联盟,'6925555739461778806,'6925555739461778806,'SS76306666820266565530028,2026-04-12 20:54:10,'3796640026289373330,蝴蝶结鸭嘴夹小香风毛呢爆款发夹后脑勺气质洋气盘发一字夹子,'0,,普通订单,0.01,0,0,3.15,0,0,0,0,0,0,0,0,-0.16,0,0,0,0,-0.16,0,,0,义乌市黎既电子商务商行（个体工商户）,订单结算
2026-04-23 12:47:52,'2026042312474833778568022131,入账,2.78,聚合账户,货款结算入账,小店自卖,'6952034872115074288,'6952034872115074288,'SS76307405902254743190085,2026-04-13 13:17:21,'3807978711932863082,新款发箍女款洗脸专用压发带齿防滑简约碎发头箍高颅头饰防掉百搭,,,普通订单,0.92,0,0,2.01,0,0,0,0,0,0,0,0,-0.15,0,0,0,0,0,0,,0,义乌市黎既电子商务商行（个体工商户）,订单结算
2026-04-23 12:47:52,'2026042312474902986153392131,入账,4.36,聚合账户,货款结算入账,小店自卖,'6952028442478712423,'6952028442478712423,'SS76307475090903370870236,2026-04-13 12:32:31,'3774757505004077078,简约气质宽边绒面发箍女2025新款春秋束发头箍显脸小防滑发捆头饰,,,普通订单,4.39,0,0,0,0,0,0,0,0,0,0,0,-0.03,0,0,0,0,0,0,是-商品卡免佣,0.22,义乌市黎既电子商务商行（个体工商户）,订单结算
2026-04-23 12:47:52,'2026042312474903282908432131,入账,3.81,聚合账户,货款结算入账,小店自卖,'6952021836452140856,'6952021836452140856,'SS76307325838691371980090,2026-04-13 11:19:48,'3784368456477049055,韩国气质碎钻满天星抓夹女后脑勺半扎发鲨鱼夹发量少百搭发卡头饰,,,普通订单,3.83,0,0,0,0,0,0,0,0,0,0,0,-0.02,0,0,0,0,0,0,是-商品卡免佣,0.15,义乌市黎既电子商务商行（个体工商户）,订单结算
2026-04-23 12:47:52,'2026042312474901709880862131,入账,4.6,聚合账户,货款结算入账,小店自卖,'6952018392176793223,'6952018392176793223,'SS76306667805514634580014,2026-04-12 21:37:13,'3761395105840365661,高级感水钻满天星发夹女后脑勺盘发神器发卡青蛙夹扭扭夹发卡头饰,,,普通订单,4.63,0,0,0,0,0,0,0,0,0,0,0,-0.03,0,0,0,0,0,0,是-商品卡免佣,0.22,义乌市黎既电子商务商行（个体工商户）,订单结算
2026-04-23 12:47:52,'2026042312474901258785692131,入账,3.68,聚合账户,货款结算入账,小店自卖,'6925538612072971808,'6925538612072971808,'SS76306666775214863880174,2026-04-12 19:23:25,'3809235146834575749,可爱新春小狗香蕉夹女高马尾扭扭夹红色竖夹高级感2026韩新款发夹,,,普通订单,3.7,0,0,0,0,0,0,0,0,0,0,0,-0.02,0,0,0,0,0,0,是-商品卡免佣,0.15,义乌市黎既电子商务商行（个体工商户）,订单结算
2026-04-23 12:47:52,'2026042312474808196633662131,入账,4.38,聚合账户,货款结算入账,精选联盟,'6925540917584755994,'6925540917584755994,'SS76306678778063099240161,2026-04-13 00:35:14,'3808304279178051966,2026新款头绳蝴蝶结女大肠发圈显瘦百搭编织春夏复古丸子发绳韩系,'0,,普通订单,4.86,0,0,0,0,0,0,0,0,0,0,0,-0.24,0,0,0,0,-0.24,0,,0,义乌市黎既电子商务商行（个体工商户）,订单结算
2026-04-23 12:47:52,'2026042312474705270943262131,入账,2.67,聚合账户,货款结算入账,小店自卖,'6925559950760377444,'6925559950760377444,'SS76306686965365153280033,2026-04-13 14:48:24,'3784368456477049055,韩国气质碎钻满天星抓夹女后脑勺半扎发鲨鱼夹发量少百搭发卡头饰,,,普通订单,0.69,0,0,2,0,0,0,0,0,0,0,0,-0.02,0,0,0,0,0,0,是-商品卡免佣,0.15,义乌市黎既电子商务商行（个体工商户）,订单结算
2026-04-23 12:47:52,'2026042312474739945344062131,入账,2.53,聚合账户,货款结算入账,小店自卖,'6952018433379472483,'6952018433379472483,'SS76306632641034859780218,2026-04-12 21:40:34,'3807160621737312308,可爱风米菲兔发夹毛绒卡通发帖刘海贴甜美少女讹钱无痕魔术贴发饰,,,普通订单,2.55,0,0,0,0,0,0,0,0,0,0,0,-0.02,0,0,0,0,0,0,是-商品卡免佣,0.15,义乌市黎既电子商务商行（个体工商户）,订单结算
2026-04-23 12:47:52,'2026042312474900256906302131,入账,3.95,聚合账户,货款结算入账,小店自卖,'6951998234157192629,'6951998234157192629,'SS76306381179521152260185,2026-04-12 19:24:55,'3806293802847699345,韩式豹纹波点褶皱高级扭扭马尾卡通风香蕉发夹后脑勺显发发卡头饰,,,普通订单,3.97,0,0,0,0,0,0,0,0,0,0,0,-0.02,0,0,0,0,0,0,是-商品卡免佣,0.15,义乌市黎既电子商务商行（个体工商户）,订单结算
2026-04-23 12:47:52,'2026042312474917911198782131,入账,4.4,聚合账户,货款结算入账,小店自卖,'6925560198874889818,'6925560198874889818,'SS76306667512329183140221,2026-04-12 21:23:49,'3761395105840365661,高级感水钻满天星发夹女后脑勺盘发神器发卡青蛙夹扭扭夹发卡头饰,,,普通订单,4.63,0,0,0,0,0,0,0,0,0,0,0,-0.23,0,0,0,0,0,0,,0,义乌市黎既电子商务商行（个体工商户）,订单结算
2026-04-23 12:47:52,'2026042312474727402450462131,入账,3.67,聚合账户,货款结算入账,小店自卖,'6925635155592576997,'6925635155592576997,'SS76308329881138467930187,2026-04-16 16:44:17,'3750814617115426970,超仙蝴蝶大号盘发抓夹女2025新款高级感发夹后脑勺鲨鱼夹甜美发饰,,,普通订单,0.01,0,0,3.68,0,0,0,0,0,0,0,0,-0.02,0,0,0,0,0,0,是-商品卡免佣,0.15,义乌市黎既电子商务商行（个体工商户）,订单结算
2026-04-23 12:47:52,'2026042312474806218552662131,入账,3.63,聚合账户,货款结算入账,小店自卖,'6952005386801518528,'6952005386801518528,'SS76306666875579151550045,2026-04-12 21:52:09,'3807763574974186291,气质高级亮黑色大号鲨鱼抓夹女后脑勺时尚发卡巨能抓头饰2026新款,,,普通订单,3.65,0,0,0,0,0,0,0,0,0,0,0,-0.02,0,0,0,0,0,0,是-商品卡免佣,0.15,义乌市黎既电子商务商行（个体工商户）,订单结算
2026-04-23 12:47:52,'2026042312474804332590512131,入账,2.67,聚合账户,货款结算入账,小店自卖,'6925553773410090377,'6925553773410090377,'SS76306399816270484740043,2026-04-12 18:41:23,'3784368456477049055,韩国气质碎钻满天星抓夹女后脑勺半扎发鲨鱼夹发量少百搭发卡头饰,,,普通订单,2.69,0,0,0,0,0,0,0,0,0,0,0,-0.02,0,0,0,0,0,0,是-商品卡免佣,0.15,义乌市黎既电子商务商行（个体工商户）,订单结算
2026-04-23 12:47:52,'2026042312474800801879462131,入账,4.56,聚合账户,货款结算入账,小店自卖,'6925640409202064415,'6925640409202064415,'SS76306572974816835070142,2026-04-16 09:38:37,'3808343037030039986,韩版新款水钻珠子花朵中号抓夹女后脑勺洋气盘发夹时尚半扎鲨鱼夹,,,普通订单,4.8,0,0,0,0,0,0,0,0,0,0,0,-0.24,0,0,0,0,0,0,,0,义乌市黎既电子商务商行（个体工商户）,订单结算
2026-04-23 12:47:52,'2026042312474800696694192131,入账,2.45,聚合账户,货款结算入账,小店自卖,'6952029996908483652,'6952029996908483652,'SS76306669142133478780223,2026-04-13 07:44:45,'3809235146834575749,可爱新春小狗香蕉夹女高马尾扭扭夹红色竖夹高级感2026韩新款发夹,,,普通订单,0.01,0,0,2.57,0,0,0,0,0,0,0,0,-0.13,0,0,0,0,0,0,,0,义乌市黎既电子商务商行（个体工商户）,订单结算
2026-04-23 12:47:52,'2026042312474914430047132131,入账,4.25,聚合账户,货款结算入账,精选联盟,'6952043463034345109,'6952043463034345109,'SS76306669185420828540004,2026-04-13 08:21:36,'3806431274114089028,格纹蝴蝶结头花植绒小熊发圈韩系可爱百搭扎马尾头绳发饰新款发绳,'915214582963868,小燕子爱生活,普通订单,4.73,0,0,0,0,0,0,0,0,0,0,0,-0.24,-0.24,0,0,0,0,0,,0,义乌市黎既电子商务商行（个体工商户）,订单结算
2026-04-23 12:47:52,'2026042312474724214740942131,入账,7.03,聚合账户,货款结算入账,小店自卖,'6952118382600983981,'6952118382600983981,'SS76307820876421537280036,2026-04-16 21:57:09,'3769870193174642697,2025春夏新款轻奢边夹时尚气质一字发夹女后脑勺扭扭夹女,,,普通订单,7.07,0,0,0,0,0,0,0,0,0,0,0,-0.04,0,0,0,0,0,0,是-商品卡免佣,0.29,义乌市黎既电子商务商行（个体工商户）,订单结算
2026-04-23 12:47:52,'2026042312474816282096742131,入账,3.81,聚合账户,货款结算入账,小店自卖,'6952159368614778208,'6952159368614778208,'SS76308665310938444890011,2026-04-17 21:48:58,'3784368456477049055,韩国气质碎钻满天星抓夹女后脑勺半扎发鲨鱼夹发量少百搭发卡头饰,,,普通订单,3.83,0,0,0,0,0,0,0,0,0,0,0,-0.02,0,0,0,0,0,0,是-商品卡免佣,0.15,义乌市黎既电子商务商行（个体工商户）,订单结算
2026-04-23 12:47:52,'2026042312474916865528702131,入账,3.59,聚合账户,货款结算入账,小店自卖,'6952021194748139418,'6952021194748139418,'SS76306420812838832830140,2026-04-12 22:57:36,'3766001784691229117,夏天简约随手盘发一字扭扭夹水钻抓夹高级发夹扭扭后脑勺盘发器,,,普通订单,3.61,0.69,0,0,0,0,0,0,0,0,0,0,-0.02,0,0,0,0,0,0,是-商品卡免佣,0.15,义乌市黎既电子商务商行（个体工商户）,订单结算
2026-04-23 12:47:52,'2026042312475017954411902131,入账,2.43,聚合账户,货款结算入账,精选联盟,'6952166335389112195,'6952166335389112195,'SS76306586976722952030092,2026-04-17 22:26:38,'3784368456477049055,韩国气质碎钻满天星抓夹女后脑勺半扎发鲨鱼夹发量少百搭发卡头饰,'4425976796676872,6安阳县铭囡百货零售店（个体工商户）,普通订单,2.69,0,0,0,0,0,0,0,0,0,0,0,-0.13,-0.13,0,0,0,0,0,,0,义乌市黎既电子商务商行（个体工商户）,订单结算
2026-04-23 12:47:52,'2026042312474828540810392131,入账,2.67,聚合账户,货款结算入账,小店自卖,'6952159808135239287,'6952159808135239287,'SS76307403844569505370078,2026-04-18 08:35:11,'3784368456477049055,韩国气质碎钻满天星抓夹女后脑勺半扎发鲨鱼夹发量少百搭发卡头饰,,,普通订单,0.01,0,0,2.68,0,0,0,0,0,0,0,0,-0.02,0,0,0,0,0,0,是-商品卡免佣,0.15,义乌市黎既电子商务商行（个体工商户）,订单结算
2026-04-23 12:47:52,'2026042312474929173560732131,入账,4.6,聚合账户,货款结算入账,小店自卖,'6925574441317006741,'6925574441317006741,'SS76307409041893624830079,2026-04-13 15:01:32,'3761395105840365661,高级感水钻满天星发夹女后脑勺盘发神器发卡青蛙夹扭扭夹发卡头饰,,,普通订单,4.63,0,0,0,0,0,0,0,0,0,0,0,-0.03,0,0,0,0,0,0,是-商品卡免佣,0.22,义乌市黎既电子商务商行（个体工商户）,订单结算
2026-04-23 12:47:52,'2026042312474802860485542131,入账,3.68,聚合账户,货款结算入账,小店自卖,'6925567341060980029,'6925567341060980029,'SS76307050872957343060001,2026-04-13 12:27:37,'3809235146834575749,可爱新春小狗香蕉夹女高马尾扭扭夹红色竖夹高级感2026韩新款发夹,,,普通订单,0.7,0,0,3,0,0,0,0,0,0,0,0,-0.02,0,0,0,0,0,0,是-商品卡免佣,0.15,义乌市黎既电子商务商行（个体工商户）,订单结算
2026-04-23 12:47:52,'2026042312474905853885852131,入账,3.81,聚合账户,货款结算入账,小店自卖,'6925554932284161251,'6925554932284161251,'SS76306403852250160790045,2026-04-13 06:26:36,'3784368456477049055,韩国气质碎钻满天星抓夹女后脑勺半扎发鲨鱼夹发量少百搭发卡头饰,,,普通订单,3.83,0,0,0,0,0,0,0,0,0,0,0,-0.02,0,0,0,0,0,0,是-商品卡免佣,0.15,义乌市黎既电子商务商行（个体工商户）,订单结算
2026-04-23 12:47:53,'2026042312475000971781632131,入账,2.67,聚合账户,货款结算入账,小店自卖,'6951761690558469846,'6951761690558469846,'SS76306734040284575070009,2026-04-02 17:39:05,'3784368456477049055,韩国气质碎钻满天星抓夹女后脑勺半扎发鲨鱼夹发量少百搭发卡头饰,,,普通订单,0.69,0,0,2,0,0,0,0,0,0,0,0,-0.02,0,0,0,0,0,0,是-商品卡免佣,0.15,义乌市黎既电子商务商行（个体工商户）,订单结算
2026-04-23 12:47:53,'2026042312474929459909462131,入账,3.08,聚合账户,货款结算入账,小店自卖,'6952146489601299605,'6952146489601299605,'SS76307741889947901500208,2026-04-18 10:20:11,'3677662839465705493,超大号鲨鱼夹ins高颜值方块夹后脑勺盘发抓夹自选发量多发卡发夹,,,普通订单,0.01,0,0,3.09,0,0,0,0,0,0,0,0,-0.02,0,0,0,0,0,0,是-商品卡免佣,0.15,义乌市黎既电子商务商行（个体工商户）,订单结算
2026-04-23 12:47:53,'2026042312474927043766112131,入账,3.65,聚合账户,货款结算入账,小店自卖,'6952097326562416311,'6952097326562416311,'SS76307714064390725580037,2026-04-16 10:31:54,'3811458741396701435,2026年新款超仙甜美蝴蝶大号盘发抓夹女高级感后脑勺鲨鱼夹头饰品,,,普通订单,3.67,0,0,0,0,0,0,0,0,0,0,0,-0.02,0,0,0,0,0,0,是-商品卡免佣,0.15,义乌市黎既电子商务商行（个体工商户）,订单结算
2026-04-23 12:47:53,'2026042312474732311219622131,入账,3.81,聚合账户,货款结算入账,小店自卖,'6925542690232368685,'6925542690232368685,'SS76307325837223900680111,2026-04-12 22:14:44,'3784368456477049055,韩国气质碎钻满天星抓夹女后脑勺半扎发鲨鱼夹发量少百搭发卡头饰,,,普通订单,3.83,0,0,0,0,0,0,0,0,0,0,0,-0.02,0,0,0,0,0,0,是-商品卡免佣,0.15,义乌市黎既电子商务商行（个体工商户）,订单结算
2026-04-23 12:47:53,'2026042312475017281846192131,入账,3.81,聚合账户,货款结算入账,小店自卖,'6925672944356130483,'6925672944356130483,'SS76308528954658494070089,2026-04-18 09:22:04,'3784368456477049055,韩国气质碎钻满天星抓夹女后脑勺半扎发鲨鱼夹发量少百搭发卡头饰,,,普通订单,0.01,0,0,3.82,0,0,0,0,0,0,0,0,-0.02,0,0,0,0,0,0,是-商品卡免佣,0.15,义乌市黎既电子商务商行（个体工商户）,订单结算
2026-04-23 12:47:53,'2026042312475008832950302131,入账,3.7,聚合账户,货款结算入账,小店自卖,'6925542839290265568,'6925542839290265568,'SS76306379917115725200180,2026-04-12 22:57:49,'3790878995596312771,韩系黑色波点布艺褶皱高马尾香蕉夹竖夹新款豹纹发夹气质百搭发饰,,,普通订单,3.89,0,0,0,0,0,0,0,0,0,0,0,-0.19,0,0,0,0,0,0,,0,义乌市黎既电子商务商行（个体工商户）,订单结算
2026-04-23 12:47:53,'2026042312475022832133382131,入账,3.81,聚合账户,货款结算入账,小店自卖,'6952168915373397775,'6952168915373397775,'SS76306701523645445210126,2026-04-18 12:39:13,'3784368456477049055,韩国气质碎钻满天星抓夹女后脑勺半扎发鲨鱼夹发量少百搭发卡头饰,,,普通订单,0.01,0,0,3.82,0,0,0,0,0,0,0,0,-0.02,0,0,0,0,0,0,是-商品卡免佣,0.15,义乌市黎既电子商务商行（个体工商户）,订单结算
2026-04-23 12:47:53,'2026042312475032887775232131,入账,3.68,聚合账户,货款结算入账,小店自卖,'6952121236458706875,'6952121236458706875,'SS76307972035735598590055,2026-04-15 22:51:15,'3809235146834575749,可爱新春小狗香蕉夹女高马尾扭扭夹红色竖夹高级感2026韩新款发夹,,,普通订单,0.01,0,0,3.69,0,0,0,0,0,0,0,0,-0.02,0,0,0,0,0,0,是-商品卡免佣,0.15,义乌市黎既电子商务商行（个体工商户）,订单结算
2026-04-23 12:47:53,'2026042312475006557371282131,入账,3.81,聚合账户,货款结算入账,小店自卖,'6952043528415286855,'6952043528415286855,'SS76307440180166661180061,2026-04-13 08:56:23,'3784368456477049055,韩国气质碎钻满天星抓夹女后脑勺半扎发鲨鱼夹发量少百搭发卡头饰,,,普通订单,3.83,0,0,0,0,0,0,0,0,0,0,0,-0.02,0,0,0,0,0,0,是-商品卡免佣,0.15,义乌市黎既电子商务商行（个体工商户）,订单结算
2026-04-23 12:47:53,'2026042312474923830369372131,入账,2.43,聚合账户,货款结算入账,精选联盟,'6952038609547892329,'6952038609547892329,'SS76306401375961259710028,2026-04-12 23:17:20,'3784368456477049055,韩国气质碎钻满天星抓夹女后脑勺半扎发鲨鱼夹发量少百搭发卡头饰,'0,,普通订单,0.01,0,0,2.68,0,0,0,0,0,0,0,0,-0.13,0,0,0,0,-0.13,0,,0,义乌市黎既电子商务商行（个体工商户）,订单结算
2026-04-23 12:47:53,'2026042312474715955400222131,入账,4.6,聚合账户,货款结算入账,小店自卖,'6925545483403820662,'6925545483403820662,'SS76306668157238479760105,2026-04-13 05:39:43,'3761395105840365661,高级感水钻满天星发夹女后脑勺盘发神器发卡青蛙夹扭扭夹发卡头饰,,,普通订单,4.63,0,0,0,0,0,0,0,0,0,0,0,-0.03,0,0,0,0,0,0,是-商品卡免佣,0.22,义乌市黎既电子商务商行（个体工商户）,订单结算
2026-04-23 12:47:53,'2026042312474937253985912131,入账,3.95,聚合账户,货款结算入账,小店自卖,'6925684310946446929,'6925684310946446929,'SS76308113592984542820041,2026-04-18 12:00:05,'3806293802847699345,韩式豹纹波点褶皱高级扭扭马尾卡通风香蕉发夹后脑勺显发发卡头饰,,,普通订单,0.01,0,0,3.96,0,0,0,0,0,0,0,0,-0.02,0,0,0,0,0,0,是-商品卡免佣,0.15,义乌市黎既电子商务商行（个体工商户）,订单结算
2026-04-23 12:47:53,'2026042312475004855892842131,入账,2.43,聚合账户,货款结算入账,精选联盟,'6952117225103561953,'6952117225103561953,'SS76307985333475415540039,2026-04-16 10:40:00,'3784368456477049055,韩国气质碎钻满天星抓夹女后脑勺半扎发鲨鱼夹发量少百搭发卡头饰,'0,,普通订单,2.69,0,0,0,0,0,0,0,0,0,0,0,-0.13,0,0,0,0,-0.13,0,,0,义乌市黎既电子商务商行（个体工商户）,订单结算
2026-04-23 12:47:53,'2026042312474837358351992131,入账,3.63,聚合账户,货款结算入账,小店自卖,'6952005188097610786,'6952005188097610786,'SS76306667322455536640052,2026-04-12 21:01:44,'3807763574974186291,气质高级亮黑色大号鲨鱼抓夹女后脑勺时尚发卡巨能抓头饰2026新款,,,普通订单,3.65,0,0,0,0,0,0,0,0,0,0,0,-0.02,0,0,0,0,0,0,是-商品卡免佣,0.15,义乌市黎既电子商务商行（个体工商户）,订单结算
2026-04-23 12:47:53,'2026042312475031626037852131,入账,2.56,聚合账户,货款结算入账,小店自卖,'6952154439141758020,'6952154439141758020,'SS76306484969532296140164,2026-04-17 10:35:01,'3784368456477049055,韩国气质碎钻满天星抓夹女后脑勺半扎发鲨鱼夹发量少百搭发卡头饰,,,普通订单,0.01,0,0,2.68,0,0,0,0,0,0,0,0,-0.13,0,0,0,0,0,0,,0,义乌市黎既电子商务商行（个体工商户）,订单结算
2026-04-23 12:47:53,'2026042312474905585351742131,入账,3.26,聚合账户,货款结算入账,小店自卖,'6925551301117967970,'6925551301117967970,'SS76306666061252201150142,2026-04-12 18:01:38,'3808343037030039986,韩版新款水钻珠子花朵中号抓夹女后脑勺洋气盘发夹时尚半扎鲨鱼夹,,,普通订单,3.28,0,0,0,0,0,0,0,0,0,0,0,-0.02,0,0,0,0,0,0,是-商品卡免佣,0.15,义乌市黎既电子商务商行（个体工商户）,订单结算
2026-04-23 12:47:53,'2026042312475001456706972131,入账,2.43,聚合账户,货款结算入账,精选联盟,'6925663804361309484,'6925663804361309484,'SS76307825888441635990037,2026-04-17 23:41:41,'3784368456477049055,韩国气质碎钻满天星抓夹女后脑勺半扎发鲨鱼夹发量少百搭发卡头饰,'0,,普通订单,0.01,0,0,2.68,0,0,0,0,0,0,0,0,-0.13,0,0,0,0,-0.13,0,,0,义乌市黎既电子商务商行（个体工商户）,订单结算
2026-04-23 12:47:53,'2026042312474941734804672131,入账,4.6,聚合账户,货款结算入账,小店自卖,'6952034402412074057,'6952034402412074057,'SS76306669398113328980074,2026-04-13 08:24:50,'3761395105840365661,高级感水钻满天星发夹女后脑勺盘发神器发卡青蛙夹扭扭夹发卡头饰,,,普通订单,4.63,0,0,0,0,0,0,0,0,0,0,0,-0.03,0,0,0,0,0,0,是-商品卡免佣,0.22,义乌市黎既电子商务商行（个体工商户）,订单结算
2026-04-23 12:47:53,'2026042312474904290852032131,入账,3.59,聚合账户,货款结算入账,小店自卖,'6925542946734636546,'6925542946734636546,'SS76306606018035064780024,2026-04-12 23:38:22,'3766001784691229117,夏天简约随手盘发一字扭扭夹水钻抓夹高级发夹扭扭后脑勺盘发器,,,普通订单,3.61,0.69,0,0,0,0,0,0,0,0,0,0,-0.02,0,0,0,0,0,0,是-商品卡免佣,0.15,义乌市黎既电子商务商行（个体工商户）,订单结算
2026-04-23 12:47:53,'2026042312475012510991992131,入账,2.94,聚合账户,货款结算入账,小店自卖,'6925539998147378610,'6925539998147378610,'SS76306666350788119310052,2026-04-12 18:42:32,'3769870193174642697,2025春夏新款轻奢边夹时尚气质一字发夹女后脑勺扭扭夹女,,,普通订单,2.96,0,0,0,0,0,0,0,0,0,0,0,-0.02,0,0,0,0,0,0,是-商品卡免佣,0.15,义乌市黎既电子商务商行（个体工商户）,订单结算
2026-04-23 12:47:53,'2026042312474940083950622131,入账,4.04,聚合账户,货款结算入账,精选联盟,'6925676144668213023,'6925676144668213023,'SS76307827663934141980079,2026-04-17 18:38:52,'3746529925562237053,满钻星星碎发整理神器隐形碎发梳女儿童固定头发夹子拉拉梳头饰,'95957951689,菲菲优选,普通订单,1.7,0,0,3,0,0,0,0,0,0,0,0,-0.24,-0.42,0,0,0,0,0,,0,义乌市黎既电子商务商行（个体工商户）,订单结算
2026-04-23 12:47:53,'2026042312474934315635622131,入账,2.67,聚合账户,货款结算入账,小店自卖,'6925545456217128833,'6925545456217128833,'SS76306402496217909820143,2026-04-13 03:08:55,'3784368456477049055,韩国气质碎钻满天星抓夹女后脑勺半扎发鲨鱼夹发量少百搭发卡头饰,,,普通订单,2.69,0,0,0,0,0,0,0,0,0,0,0,-0.02,0,0,0,0,0,0,是-商品卡免佣,0.15,义乌市黎既电子商务商行（个体工商户）,订单结算
2026-04-23 12:47:53,'2026042312475017960963102131,入账,2.67,聚合账户,货款结算入账,小店自卖,'6925558159372221609,'6925558159372221609,'SS76307325667776640630206,2026-04-12 21:25:19,'3784368456477049055,韩国气质碎钻满天星抓夹女后脑勺半扎发鲨鱼夹发量少百搭发卡头饰,,,普通订单,2.69,0,0,0,0,0,0,0,0,0,0,0,-0.02,0,0,0,0,0,0,是-商品卡免佣,0.15,义乌市黎既电子商务商行（个体工商户）,订单结算
2026-04-23 12:47:53,'2026042312474905014653872131,入账,6.34,聚合账户,货款结算入账,小店自卖,'6925550158587002493,'6925550158587002493,'SS76306996641956009220004,2026-04-13 09:21:18,'3796640026289373330,蝴蝶结鸭嘴夹小香风毛呢爆款发夹后脑勺气质洋气盘发一字夹子,,,普通订单,6.38,0,0,0,0,0,0,0,0,0,0,0,-0.04,0,0,0,0,0,0,是-商品卡免佣,0.29,义乌市黎既电子商务商行（个体工商户）,订单结算
2026-04-23 12:47:53,'2026042312475034565371342131,入账,2.56,聚合账户,货款结算入账,小店自卖,'6952180940464658042,'6952180940464658042,'SS76307450911033925460197,2026-04-18 21:21:28,'3809235146834575749,可爱新春小狗香蕉夹女高马尾扭扭夹红色竖夹高级感2026韩新款发夹,,,普通订单,0.01,0,0,2.57,0,0,0,0,0,0,0,0,-0.02,0,0,0,0,0,0,是-商品卡免佣,0.15,义乌市黎既电子商务商行（个体工商户）,订单结算
2026-04-23 12:47:53,'2026042312474934315307942131,入账,3.45,聚合账户,货款结算入账,精选联盟,'6925560851436109618,'6925560851436109618,'SS76306403953411530510111,2026-04-13 03:38:12,'3784368456477049055,韩国气质碎钻满天星抓夹女后脑勺半扎发鲨鱼夹发量少百搭发卡头饰,'7622866447274394661,婷婷百货甄选,普通订单,3.83,0,0,0,0,0,0,0,0,0,0,0,-0.19,-0.19,0,0,0,0,0,,0,义乌市黎既电子商务商行（个体工商户）,订单结算
2026-04-23 12:47:53,'2026042312474715958185502131,入账,3.95,聚合账户,货款结算入账,小店自卖,'6925589760987004174,'6925589760987004174,'SS76307392886488276480229,2026-04-14 17:35:02,'3683590910169448490,新款碎发梳插梳韩版女孩夹子后脑勺刘海整理发夹卡子成年人发头饰,,,普通订单,3.97,0,0,0,0,0,0,0,0,0,0,0,-0.02,0,0,0,0,0,0,是-商品卡免佣,0.15,义乌市黎既电子商务商行（个体工商户）,订单结算
2026-04-23 12:49:31,'2026042312492817500577692131,入账,5.08,聚合账户,货款结算入账,小店自卖,'6925681153494515281,'6925681153494515281,'SS76307036013810980240174,2026-04-18 00:37:36,'3746150076641313252,网红简约ins纯色宽边发带高颅顶白色发箍女运动健身夏季头饰发饰,,,普通订单,5.11,0.9,0,0,0,0,0,0,0,0,0,0,-0.03,0,0,0,0,0,0,是-商品卡免佣,0.22,义乌市黎既电子商务商行（个体工商户）,订单结算
2026-04-23 12:49:49,'2026042312494540697369602131,出账,2,聚合账户,小额打款,,'6925657677846118202,'6925657677846118202,,,,,,,普通订单,0,0,0,0,0,0,0,0,0,0,0,0,0,0,0,0,0,0,0,,0,义乌市黎既电子商务商行（个体工商户）,商家向消费者小额打款-“其他”
2026-04-23 12:50:42,'2026042312503840277489042131,入账,3.87,聚合账户,货款结算入账,小店自卖,'6925554136131009987,'6925554136131009987,'SS76306650069430602660066,2026-04-12 21:06:37,'3807732934811713667,新款牡丹花羽毛抓夹女高颜值轻奢时尚百搭鲨鱼夹发饰头饰夹发神器,,,普通订单,3.89,0,0,0,0,0,0,0,0,0,0,0,-0.02,0,0,0,0,0,0,是-商品卡免佣,0.15,义乌市黎既电子商务商行（个体工商户）,订单结算
2026-04-23 12:51:22,'2026042312511735998436252131,入账,5.64,聚合账户,货款结算入账,小店自卖,'6925544504953240733,'6925544504953240733,'SS76306666698369152340232,2026-04-12 19:21:14,'3754477217015529699,发夹女新款碎发整理神器发梳插梳卡子刘海夹发卡发箍头发夹子头饰,,,普通订单,4.7,0,0,1.24,0,0,0,0,0,0,0,0,-0.3,0,0,0,0,0,0,,0,义乌市黎既电子商务商行（个体工商户）,订单结算
2026-04-23 12:51:37,'2026042312513219571390072131,入账,5.71,聚合账户,货款结算入账,小店自卖,'6925620135318748736,'6925620135318748736,'SS76308076038575273470159,2026-04-15 19:47:05,'3806457662149886412,韩系2026新款秋冬韩系复古蝴蝶结大肠头绳发圈丸子头发饰马尾发绳,,,普通订单,5.74,0,0,0,0,0,0,0,0,0,0,0,-0.03,0,0,0,0,0,0,是-商品卡免佣,0.22,义乌市黎既电子商务商行（个体工商户）,订单结算
2026-04-23 12:53:26,'2026042312532340538649982131,入账,2.67,聚合账户,货款结算入账,小店自卖,'6951890984504530756,'6951890984504530756,'SS76306378428932306440023,2026-04-08 02:42:25,'3784368456477049055,韩国气质碎钻满天星抓夹女后脑勺半扎发鲨鱼夹发量少百搭发卡头饰,,,普通订单,2.69,0,0,0,0,0,0,0,0,0,0,0,-0.02,0,0,0,0,0,0,是-商品卡免佣,0.15,义乌市黎既电子商务商行（个体工商户）,订单结算
2026-04-23 12:54:19,'2026042312541534104776082131,入账,6.55,聚合账户,货款结算入账,小店自卖,'6952030014386476707,'6952030014386476707,'SS76306669106249572100242,2026-04-13 08:07:19,'3750814617115426970,超仙蝴蝶大号盘发抓夹女2025新款高级感发夹后脑勺鲨鱼夹甜美发饰,,,普通订单,6.59,0,0,0,0,0,0,0,0,0,0,0,-0.04,0,0,0,0,0,0,是-商品卡免佣,0.29,义乌市黎既电子商务商行（个体工商户）,订单结算
2026-04-23 12:54:42,'2026042312543908268844042131,入账,3.8,聚合账户,货款结算入账,小店自卖,'6952016691083024006,'6952016691083024006,'SS76306636229686070110140,2026-04-13 00:03:07,'3787171961919111699,可爱蝴蝶结小猫无痕刘海贴魔术贴发饰少女前额侧边碎发贴整理神器,,,普通订单,0.01,0,0,3.81,0,0,0,0,0,0,0,0,-0.02,0,0,0,0,0,0,是-商品卡免佣,0.15,义乌市黎既电子商务商行（个体工商户）,订单结算
2026-04-23 12:56:15,'2026042312561312209525862131,入账,5.08,聚合账户,货款结算入账,小店自卖,'6952027134452831753,'6952027134452831753,'SS76306662648646371990074,2026-04-12 19:16:56,'3746150076641313252,网红简约ins纯色宽边发带高颅顶白色发箍女运动健身夏季头饰发饰,,,普通订单,5.11,0.9,0,0,0,0,0,0,0,0,0,0,-0.03,0,0,0,0,0,0,是-商品卡免佣,0.22,义乌市黎既电子商务商行（个体工商户）,订单结算
2026-04-23 12:58:05,'2026042312580122364533822131,入账,10.88,聚合账户,货款结算入账,小店自卖,'6925542058172383199,'6925542058172383199,'SS76307364578754890760178,2026-04-12 18:05:14,'3796640026289373330,蝴蝶结鸭嘴夹小香风毛呢爆款发夹后脑勺气质洋气盘发一字夹子,,,普通订单,10.95,0,0,0,0,0,0,0,0,0,0,0,-0.07,0,0,0,0,0,0,是-商品卡免佣,0.51,义乌市黎既电子商务商行（个体工商户）,订单结算
2026-04-23 12:58:29,'2026042312582440579569042131,入账,3.88,聚合账户,货款结算入账,小店自卖,'6952000548456109087,'6952000548456109087,'SS76307010371753251930136,2026-04-12 21:06:02,'3809228199733363056,春季时尚防滑带齿发箍女款洗脸专用压发头箍高颅头饰减龄防掉百搭,,,普通订单,3.9,0,0,0,0,0,0,0,0,0,0,0,-0.02,0,0,0,0,0,0,是-商品卡免佣,0.15,义乌市黎既电子商务商行（个体工商户）,订单结算
2026-04-23 12:59:31,'2026042312592614063047832131,入账,2.22,聚合账户,货款结算入账,精选联盟,'6952149479173003214,'6952149479173003214,'SS76307199654898736830229,2026-04-17 08:54:05,'3808304279178051966,2026新款头绳蝴蝶结女大肠发圈显瘦百搭编织春夏复古丸子发绳韩系,'0,,普通订单,0.01,0,0,2.45,0,0,0,0,0,0,0,0,-0.12,0,0,0,0,-0.12,0,,0,义乌市黎既电子商务商行（个体工商户）,订单结算
2026-04-23 13:01:46,'2026042313014029096555922131,出账,1,聚合账户,小额打款,,'6951759173318612524,'6951759173318612524,,,,,,,普通订单,0,0,0,0,0,0,0,0,0,0,0,0,0,0,0,0,0,0,0,,0,义乌市黎既电子商务商行（个体工商户）,商家向消费者小额打款-“其他”
2026-04-23 13:04:34,'2026042313042722511990162131,入账,6.25,聚合账户,货款结算入账,小店自卖,'6952004940878714409,'6952004940878714409,'SS76306665788854280030164,2026-04-12 17:37:50,'3756928062885855288,春夏韩版飘带配饰小丝巾女发带扎发蝴蝶结细窄飘带绑包伴手礼装饰,,,普通订单,3.89,0,0,2.4,0,0,0,0,0,0,0,0,-0.04,0,0,0,0,0,0,是-商品卡免佣,0.29,义乌市黎既电子商务商行（个体工商户）,订单结算
2026-04-23 13:04:43,'2026042313043830411166782131,入账,2.43,聚合账户,货款结算入账,精选联盟,'6952023235666057119,'6952023235666057119,'SS76306402453608696470224,2026-04-13 04:36:04,'3784368456477049055,韩国气质碎钻满天星抓夹女后脑勺半扎发鲨鱼夹发量少百搭发卡头饰,'0,,普通订单,0.01,0,0,2.68,0,0,0,0,0,0,0,0,-0.13,0,0,0,0,-0.13,0,,0,义乌市黎既电子商务商行（个体工商户）,订单结算
2026-04-23 13:06:07,'2026042313060035915210302131,入账,4.6,聚合账户,货款结算入账,小店自卖,'6952024593156412635,'6952024593156412635,'SS76306665893648141430108,2026-04-12 17:44:04,'3763603676816605518,金属抓夹女高级感轻奢鲨鱼夹夹子盘发发夹后脑勺珍珠气质发抓头饰,,,普通订单,4.63,0.8,0,0,0,0,0,0,0,0,0,0,-0.03,0,0,0,0,0,0,是-商品卡免佣,0.22,义乌市黎既电子商务商行（个体工商户）,订单结算
2026-04-23 13:06:33,'2026042313062702867041472131,入账,8.62,聚合账户,货款结算入账,小店自卖,'6952161388203284016,'6952161388203284016,'SS76307365790946926430151,2026-04-17 15:51:52,'3673424694561865791,薄款牛油果绿系列小丝巾缠包模特搭配装饰品扎头发绑发飘带发带,,,普通订单,8.67,1.55,0,0,0,0,0,0,0,0,0,0,-0.05,0,0,0,0,0,0,是-商品卡免佣,0.37,义乌市黎既电子商务商行（个体工商户）,订单结算
2026-04-23 13:07:26,'2026042313072107767329822131,出账,2,聚合账户,小额打款,,'6925670415787326535,'6925670415787326535,,,,,,,普通订单,0,0,0,0,0,0,0,0,0,0,0,0,0,0,0,0,0,0,0,,0,义乌市黎既电子商务商行（个体工商户）,商家向消费者小额打款-“其他”
2026-04-23 13:07:48,'2026042313074010332411342131,入账,7.03,聚合账户,货款结算入账,小店自卖,'6952024869453698770,'6952024869453698770,'SS76306667032906347880090,2026-04-12 21:06:21,'3769870193174642697,2025春夏新款轻奢边夹时尚气质一字发夹女后脑勺扭扭夹女,,,普通订单,7.07,0,0,0,0,0,0,0,0,0,0,0,-0.04,0,0,0,0,0,0,是-商品卡免佣,0.29,义乌市黎既电子商务商行（个体工商户）,订单结算
2026-04-23 13:09:22,'2026042313091417295979792131,入账,2.67,聚合账户,货款结算入账,小店自卖,'6925561311965904735,'6925561311965904735,'SS76307437636120786430048,2026-04-13 10:05:27,'3784368456477049055,韩国气质碎钻满天星抓夹女后脑勺半扎发鲨鱼夹发量少百搭发卡头饰,,,普通订单,2.69,0,0,0,0,0,0,0,0,0,0,0,-0.02,0,0,0,0,0,0,是-商品卡免佣,0.15,义乌市黎既电子商务商行（个体工商户）,订单结算
2026-04-23 13:09:38,'2026042313093022581250712131,入账,4.4,聚合账户,货款结算入账,小店自卖,'6952134911229498403,'6952134911229498403,'SS76308363975702164580204,2026-04-17 14:20:38,'3761395105840365661,高级感水钻满天星发夹女后脑勺盘发神器发卡青蛙夹扭扭夹发卡头饰,,,普通订单,4.63,0,0,0,0,0,0,0,0,0,0,0,-0.23,0,0,0,0,0,0,,0,义乌市黎既电子商务商行（个体工商户）,订单结算
2026-04-23 13:15:09,'2026042313150231164828672131,入账,4.63,聚合账户,货款结算入账,小店自卖,'6952000653188928913,'6952000653188928913,'SS76306667769683643240063,2026-04-12 21:38:22,'3806839693081969009,春夏简约随手盘发高级发夹一字扭扭夹水钻抓夹扭扭后脑勺盘发器,,,普通订单,4.66,0,0,0,0,0,0,0,0,0,0,0,-0.03,0,0,0,0,0,0,是-商品卡免佣,0.22,义乌市黎既电子商务商行（个体工商户）,订单结算
2026-04-23 13:17:18,'2026042313171136501266332131,出账,2,聚合账户,小额打款,,'6952231466053539566,'6952231466053539566,,,,,,,普通订单,0,0,0,0,0,0,0,0,0,0,0,0,0,0,0,0,0,0,0,,0,义乌市黎既电子商务商行（个体工商户）,商家向消费者小额打款-“其他”
2026-04-23 13:18:39,'2026042313183441237219902131,入账,3,聚合账户,货款结算入账,小店自卖,'6925601525892742552,'6925601525892742552,'SS76307827580250852240063,2026-04-15 00:10:49,'3806250082127446374,休闲风创意米菲兔甜美少女刘海贴魔法贴毛绒发帖无痕贴发饰发卡女,,,普通订单,0.02,0,0,3,0,0,0,0,0,0,0,0,-0.02,0,0,0,0,0,0,是-商品卡免佣,0.15,义乌市黎既电子商务商行（个体工商户）,订单结算
2026-04-23 13:18:39,'2026042313183416722173632131,入账,2.77,聚合账户,货款结算入账,小店自卖,'6925662932777401379,'6925662932777401379,'SS76307784067284383150003,2026-04-17 17:19:04,'3796640026289373330,蝴蝶结鸭嘴夹小香风毛呢爆款发夹后脑勺气质洋气盘发一字夹子,,,普通订单,1.79,0,0,1,0,0,0,0,0,0,0,0,-0.02,0,0,0,0,0,0,是-商品卡免佣,0.15,义乌市黎既电子商务商行（个体工商户）,订单结算
2026-04-23 13:18:40,'2026042313183219553984422131,入账,1.95,聚合账户,货款结算入账,小店自卖,'6925670513256267026,'6925670513256267026,'SS76308052934583301580198,2026-04-17 23:55:02,'3806280662462366067,kitty猫~刘海贴精致可爱甜美少女棉花糖猫兔碎发贴魔术贴无痕发饰,,,普通订单,0.01,0,0,1.95,0,0,0,0,0,0,0,0,-0.01,0,0,0,0,0,0,是-商品卡免佣,0.07,义乌市黎既电子商务商行（个体工商户）,订单结算
2026-04-23 13:18:40,'2026042313183232478008952131,入账,4.17,聚合账户,货款结算入账,精选联盟,'6925662678383492399,'6925662678383492399,'SS76307670938647147870039,2026-04-17 15:08:35,'3761395105840365661,高级感水钻满天星发夹女后脑勺盘发神器发卡青蛙夹扭扭夹发卡头饰,'0,,普通订单,3.25,0,0,1.38,0,0,0,0,0,0,0,0,-0.23,0,0,0,0,-0.23,0,,0,义乌市黎既电子商务商行（个体工商户）,订单结算
2026-04-23 13:18:40,'2026042313183412843136062131,入账,2.6,聚合账户,货款结算入账,精选联盟,'6925632071753825332,'6925632071753825332,'SS76306247157384525160071,2026-04-15 21:51:15,'3808297920495747487,韩式新款头绳高级小众手工编织豹纹大肠发圈显发量马尾丸子头发绳,'0,,普通订单,0.01,0,0,2.89,0,0,0,0,0,0,0,0,-0.15,0,0,0,0,-0.15,0,,0,义乌市黎既电子商务商行（个体工商户）,订单结算
2026-04-23 13:18:41,'2026042313183641831183792131,入账,2.77,聚合账户,货款结算入账,精选联盟,'6952140915868636882,'6952140915868636882,'SS76307438933582484820181,2026-04-17 10:08:54,'3745788060114223511,五角星星水钻发夹女碎发刘海夹子满钻镂空侧边夹后脑勺发卡bb夹,'1314671554205048,趣享视界9988,普通订单,0.19,0,0,3,0,0,0,0,0,0,0,0,-0.16,-0.26,0,0,0,0,0,,0,义乌市黎既电子商务商行（个体工商户）,订单结算
2026-04-23 13:18:41,'2026042313183334234212032131,入账,3.54,聚合账户,货款结算入账,小店自卖,'6952162171428148851,'6952162171428148851,'SS76307697971354345060048,2026-04-17 23:35:44,'3746153916182692087,法式文艺~复古甜美方巾大肠发圈女高级感ins大号高马尾甜妹发饰,,,普通订单,0.01,0,0,3.55,0,0,0,0,0,0,0,0,-0.02,0,0,0,0,0,0,是-商品卡免佣,0.15,义乌市黎既电子商务商行（个体工商户）,订单结算
2026-04-23 13:18:41,'2026042313183341623718822131,入账,5.71,聚合账户,货款结算入账,小店自卖,'6952059129505387598,'6952059129505387598,'SS76305083574256768100188,2026-04-14 19:08:51,'3673057951649759338,小皮筋小女孩头绳发绳透明多彩小号一次性皮筋儿童橡皮筋发饰扎头,,,普通订单,5.74,1.15,0,0,0,0,0,0,0,0,0,0,-0.03,0,0,0,0,0,0,是-商品卡免佣,0.22,义乌市黎既电子商务商行（个体工商户）,订单结算
2026-04-23 13:18:41,'2026042313183440234358192131,入账,2.56,聚合账户,货款结算入账,小店自卖,'6952107191295284440,'6952107191295284440,'SS76307331820482401340025,2026-04-15 17:11:11,'3809235146834575749,可爱新春小狗香蕉夹女高马尾扭扭夹红色竖夹高级感2026韩新款发夹,,,普通订单,0.01,0,0,2.57,0,0,0,0,0,0,0,0,-0.02,0,0,0,0,0,0,是-商品卡免佣,0.15,义乌市黎既电子商务商行（个体工商户）,订单结算
2026-04-23 13:18:41,'2026042313183603239941752131,入账,2.84,聚合账户,货款结算入账,精选联盟,'6952159300232287274,'6952159300232287274,'SS76306987694327075900225,2026-04-17 21:05:26,'3796640026289373330,蝴蝶结鸭嘴夹小香风毛呢爆款发夹后脑勺气质洋气盘发一字夹子,'0,,普通订单,0.12,0,0,3.04,0,0,0,0,0,0,0,0,-0.16,0,0,0,0,-0.16,0,,0,义乌市黎既电子商务商行（个体工商户）,订单结算
2026-04-23 13:18:42,'2026042313183624037463462131,入账,12.42,聚合账户,货款结算入账,小店自卖,'6925638194882182456,'6925638194882182456,'SS76306709227707766100083,2026-04-16 11:07:25,'3673388116573553024,花朵儿童盘发神器新款宝宝丸子头盘发器宝宝扎头神器头饰发饰女孩,,,普通订单,12.49,0.55,0,0,0,0,0,0,0,0,0,0,-0.07,0,0,0,0,0,0,是-商品卡免佣,0.51,义乌市黎既电子商务商行（个体工商户）,订单结算
2026-04-23 13:18:42,'2026042313183523954721702131,入账,2.87,聚合账户,货款结算入账,小店自卖,'6925649402817379796,'6925649402817379796,'SS76307649085143288740020,2026-04-17 08:31:34,'3746151571088605628,发量多加大号南瓜抓夹女2025新款高级感亮面鲨鱼夹后脑勺气质简约,,,普通订单,2.89,0,0,0,0,0,0,0,0,0,0,0,-0.02,0,0,0,0,0,0,是-商品卡免佣,0.15,义乌市黎既电子商务商行（个体工商户）,订单结算
2026-04-23 13:18:42,'2026042313183700311178672131,入账,0.9,聚合账户,货款结算入账,小店自卖,'6925709880121917071,'6925709880121917071,'SS76304634402382487440218,2026-04-19 12:22:24,'3673976773902729360,发夹女后脑勺珍珠发卡大号盘发鲨鱼夹韩国ins网红气质头饰抓发夹,,,普通订单,5.08,0.9,0,0,0,0,0,0,0,0,0,-4.18,0,0,0,0,0,0,0,是-商品卡免佣,0,义乌市黎既电子商务商行（个体工商户）,订单结算
2026-04-23 13:18:42,'2026042313183537148636222131,入账,1.91,聚合账户,货款结算入账,小店自卖,'6952149930484241436,'6952149930484241436,'SS76307554253902645820065,2026-04-17 13:59:35,'3776769690882408946,简约三角形头发抓夹高级鲨鱼夹2025秋冬新款发夹后脑勺盘发夹子女,,,普通订单,1.92,0,0,0,0,0,0,0,0,0,0,0,-0.01,0,0,0,0,0,0,是-商品卡免佣,0.07,义乌市黎既电子商务商行（个体工商户）,订单结算
2026-04-23 13:18:42,'2026042313183541527547422131,入账,2.66,聚合账户,货款结算入账,小店自卖,'6952168786957112871,'6952168786957112871,'SS76308157042179279450236,2026-04-18 10:24:15,'3806285088233226368,韩系~时尚百搭简约女格纹布少女风艺带齿细发箍个性压发箍头箍女,,,普通订单,2.8,0,0,0,0,0,0,0,0,0,0,0,-0.14,0,0,0,0,0,0,,0,义乌市黎既电子商务商行（个体工商户）,订单结算
2026-04-23 13:18:43,'2026042313183724163131152131,入账,10.88,聚合账户,货款结算入账,小店自卖,'6952154942884878193,'6952154942884878193,'SS76307099925388047450171,2026-04-17 16:13:30,'3796640026289373330,蝴蝶结鸭嘴夹小香风毛呢爆款发夹后脑勺气质洋气盘发一字夹子,,,普通订单,10.95,0,0,0,0,0,0,0,0,0,0,0,-0.07,0,0,0,0,0,0,是-商品卡免佣,0.51,义乌市黎既电子商务商行（个体工商户）,订单结算
2026-04-23 13:18:43,'2026042313183633815803382131,入账,2.67,聚合账户,货款结算入账,小店自卖,'6952107918618662771,'6952107918618662771,'SS76307981940628854100187,2026-04-16 00:53:14,'3784368456477049055,韩国气质碎钻满天星抓夹女后脑勺半扎发鲨鱼夹发量少百搭发卡头饰,,,普通订单,0.01,0,0,2.68,0,0,0,0,0,0,0,0,-0.02,0,0,0,0,0,0,是-商品卡免佣,0.15,义乌市黎既电子商务商行（个体工商户）,订单结算
2026-04-23 13:18:43,'2026042313183635877855232131,入账,2.81,聚合账户,货款结算入账,小店自卖,'6952112591366657478,'6952112591366657478,'SS76307730909621499230191,2026-04-16 08:04:08,'3790878995596312771,韩系黑色波点布艺褶皱高马尾香蕉夹竖夹新款豹纹发夹气质百搭发饰,,,普通订单,1.23,0.39,0,1.6,0,0,0,0,0,0,0,0,-0.02,0,0,0,0,0,0,是-商品卡免佣,0.15,义乌市黎既电子商务商行（个体工商户）,订单结算
2026-04-23 13:18:43,'2026042313183601607275712131,入账,5.15,聚合账户,货款结算入账,小店自卖,'6925673213753916998,'6925673213753916998,'SS76308583458549806270237,2026-04-18 11:45:09,'3677664591720087699,一次性小橡皮筋女黑色皮套扎头发绳不伤发高弹力头绳儿童发圈弹性,,,普通订单,5.18,1.55,0,0,0,0,0,0,0,0,0,0,-0.03,0,0,0,0,0,0,是-商品卡免佣,0.22,义乌市黎既电子商务商行（个体工商户）,订单结算
2026-04-23 13:18:43,'2026042313183819847913022131,入账,2.78,聚合账户,货款结算入账,小店自卖,'6952166224149550138,'6952166224149550138,'SS76306710798846039440176,2026-04-17 21:11:52,'3806285088233226368,韩系~时尚百搭简约女格纹布少女风艺带齿细发箍个性压发箍头箍女,,,普通订单,2.8,0,0,0,0,0,0,0,0,0,0,0,-0.02,0,0,0,0,0,0,是-商品卡免佣,0.15,义乌市黎既电子商务商行（个体工商户）,订单结算
2026-04-23 13:18:43,'2026042313183519638520752131,入账,2.81,聚合账户,货款结算入账,小店自卖,'6925690402709601605,'6925690402709601605,'SS76308477404443937710070,2026-04-18 12:19:22,'3767836959792300411,法式高级感超大号弧形抓夹女新款后脑勺盘发夹发量大鲨鱼夹发卡夹,,,普通订单,2.83,0,0,0,0,0,0,0,0,0,0,0,-0.02,0,0,0,0,0,0,是-商品卡免佣,0.15,义乌市黎既电子商务商行（个体工商户）,订单结算
2026-04-23 13:18:43,'2026042313183716468915702131,入账,1.95,聚合账户,货款结算入账,小店自卖,'6952099627195307388,'6952099627195307388,'SS76306637506936015630159,2026-04-16 13:09:34,'3806280662462366067,kitty猫~刘海贴精致可爱甜美少女棉花糖猫兔碎发贴魔术贴无痕发饰,,,普通订单,0.01,0,0,1.95,0,0,0,0,0,0,0,0,-0.01,0,0,0,0,0,0,是-商品卡免佣,0.07,义乌市黎既电子商务商行（个体工商户）,订单结算
2026-04-23 13:18:43,'2026042313183815616904112131,入账,4.04,聚合账户,货款结算入账,小店自卖,'6925683024372202666,'6925683024372202666,'SS76307863263964536660081,2026-04-17 21:23:20,'3744270820160176625,花朵少女发夹bb边夹侧边氛围感拍照刘海夹前额发卡春天头饰发饰,,,普通订单,0.06,0,0,4,0,0,0,0,0,0,0,0,-0.02,0,0,0,0,0,0,是-商品卡免佣,0.15,义乌市黎既电子商务商行（个体工商户）,订单结算
2026-04-23 13:18:43,'2026042313183815614610352131,入账,4.08,聚合账户,货款结算入账,精选联盟,'6925608972284951638,'6925608972284951638,'SS76307696413422925180089,2026-04-15 09:26:17,'3677505925100470553,宝宝碎发神器女儿童发卡后脑勺隐形倒插梳整理刘海碎发梳女童发夹,'1541939015455411,金姐好物,普通订单,4.7,0,0,0,0,0,0,0,0,0,0,0,-0.24,-0.38,0,0,0,0,0,,0,义乌市黎既电子商务商行（个体工商户）,订单结算
2026-04-23 13:18:43,'2026042313183701049402942131,入账,7.88,聚合账户,货款结算入账,精选联盟,'6952167198825649462,'6952167198825649462,'SS76308168381964498190119,2026-04-18 12:29:04,'3811458741396701435,2026年新款超仙甜美蝴蝶大号盘发抓夹女高级感后脑勺鲨鱼夹头饰品,'0,,普通订单,8.76,0,0,0,0,0,0,0,0,0,0,0,-0.44,0,0,0,0,-0.44,0,,0,义乌市黎既电子商务商行（个体工商户）,订单结算
2026-04-23 13:18:43,'2026042313183707970207262131,入账,2.81,聚合账户,货款结算入账,小店自卖,'6925609878453190371,'6925609878453190371,'SS76307537538844759400115,2026-04-15 07:07:46,'3790878995596312771,韩系黑色波点布艺褶皱高马尾香蕉夹竖夹新款豹纹发夹气质百搭发饰,,,普通订单,2.83,0.39,0,0,0,0,0,0,0,0,0,0,-0.02,0,0,0,0,0,0,是-商品卡免佣,0.15,义乌市黎既电子商务商行（个体工商户）,订单结算
2026-04-23 13:18:43,'2026042313183807389517182131,入账,1,聚合账户,货款结算入账,小店自卖,'6952205432898197283,'6952205432898197283,'SS76306455920882980110144,2026-04-20 09:20:54,'3800876313712132896,甜美可爱少女风圣诞布艺毛绒发卡边夹头饰小夹子发饰圣诞节装饰发,,,普通订单,5.45,0,0,0,0,0,0,0,0,0,0,-4.45,0,0,0,0,0,0,0,是-商品卡免佣,0,义乌市黎既电子商务商行（个体工商户）,订单结算
2026-04-23 13:18:43,'2026042313183620399071142131,入账,2.56,聚合账户,货款结算入账,小店自卖,'6952089658441012787,'6952089658441012787,'SS76307718701489853840017,2026-04-15 14:22:28,'3784368456477049055,韩国气质碎钻满天星抓夹女后脑勺半扎发鲨鱼夹发量少百搭发卡头饰,,,普通订单,2.69,0,0,0,0,0,0,0,0,0,0,0,-0.13,0,0,0,0,0,0,,0,义乌市黎既电子商务商行（个体工商户）,订单结算
2026-04-23 13:18:43,'2026042313183731552146282131,入账,3.44,聚合账户,货款结算入账,小店自卖,'6952108588612195404,'6952108588612195404,'SS76307114873638587420091,2026-04-16 12:07:05,'3677661881562169659,发量少留短发过渡期神器盘发高档发夹子头饰发卡女后脑勺大号鸭嘴,,,普通订单,3.96,0,0,0,0,0,0,0,0,0,0,0,-0.2,0,0,0,0,-0.32,0,,0,义乌市黎既电子商务商行（个体工商户）,订单结算
2026-04-23 13:18:45,'2026042313184029416164472131,入账,3.29,聚合账户,货款结算入账,精选联盟,'6925617113756630749,'6925617113756630749,'SS76307128245910735460080,2026-04-15 14:32:50,'3795705621886664997,韩系可爱小熊格纹发夹女后脑勺马尾竖夹盘发香蕉夹甜美发卡子发饰,'0,,普通订单,0.65,0,0,3,0,0,0,0,0,0,0,0,-0.18,0,0,0,0,-0.18,0,,0,义乌市黎既电子商务商行（个体工商户）,订单结算
2026-04-23 13:18:45,'2026042313184002060946462131,入账,1.95,聚合账户,货款结算入账,小店自卖,'6925626227654622610,'6925626227654622610,'SS76308010504042255630206,2026-04-15 14:24:18,'3806280662462366067,kitty猫~刘海贴精致可爱甜美少女棉花糖猫兔碎发贴魔术贴无痕发饰,,,普通订单,0.01,0,0,1.95,0,0,0,0,0,0,0,0,-0.01,0,0,0,0,0,0,是-商品卡免佣,0.07,义乌市黎既电子商务商行（个体工商户）,订单结算
2026-04-23 13:18:45,'2026042313184001643159672131,入账,2.65,聚合账户,货款结算入账,小店自卖,'6925608852795260449,'6925608852795260449,'SS76307318540370621700129,2026-04-15 08:47:40,'3766001784691229117,夏天简约随手盘发一字扭扭夹水钻抓夹高级发夹扭扭后脑勺盘发器,,,普通订单,0.7,0.69,0,1.97,0,0,0,0,0,0,0,0,-0.02,0,0,0,0,0,0,是-商品卡免佣,0.15,义乌市黎既电子商务商行（个体工商户）,订单结算
2026-04-23 13:18:45,'2026042313183926392213112131,入账,1.94,聚合账户,货款结算入账,小店自卖,'6925676490201857949,'6925676490201857949,'SS76308185950918743310009,2026-04-17 21:46:01,'3763932675732275215,简约高马尾香蕉夹抓夹女高级感2025新款大号一字扭扭夹发夹发饰夏,,,普通订单,1.95,0,0,0,0,0,0,0,0,0,0,0,-0.01,0,0,0,0,0,0,是-商品卡免佣,0.07,义乌市黎既电子商务商行（个体工商户）,订单结算
2026-04-23 13:18:45,'2026042313184026682166102131,入账,2.26,聚合账户,货款结算入账,小店自卖,'6952143359308207837,'6952143359308207837,'SS76307478095284475240142,2026-04-17 15:25:35,'3782115499152900523,复古豹纹波点褶皱香蕉夹女高级感马尾扭扭竖夹后脑勺显发量发卡,,,普通订单,2.27,0,0,0,0,0,0,0,0,0,0,0,-0.01,0,0,0,0,0,0,是-商品卡免佣,0.07,义乌市黎既电子商务商行（个体工商户）,订单结算
2026-04-23 13:18:46,'2026042313184106777738602131,入账,30.18,聚合账户,货款结算入账,小店自卖,'6925686070636543860,'6925686070636543860,'SS76308380809409008900179,2026-04-18 12:42:58,'3747800080678256720,夏季网红新款小草头上发夹长草可爱超萌碎豆芽夹子头顶搞怪发饰,,,普通订单,30.36,0,0,0,0,0,0,0,0,0,0,0,-0.18,0,0,0,0,0,0,是-商品卡免佣,1.32,义乌市黎既电子商务商行（个体工商户）,订单结算
2026-04-23 13:18:46,'2026042313183920525429952131,入账,2.78,聚合账户,货款结算入账,小店自卖,'6952083074719225814,'6952083074719225814,'SS76306513773971546060127,2026-04-15 18:48:42,'3806285088233226368,韩系~时尚百搭简约女格纹布少女风艺带齿细发箍个性压发箍头箍女,,,普通订单,2.8,0,0,0,0,0,0,0,0,0,0,0,-0.02,0,0,0,0,0,0,是-商品卡免佣,0.15,义乌市黎既电子商务商行（个体工商户）,订单结算
2026-04-23 13:18:46,'2026042313184024385459262131,入账,5.31,聚合账户,货款结算入账,小店自卖,'6925632572689448860,'6925632572689448860,'SS76307386912138698640220,2026-04-16 06:04:03,'3766001784691229117,夏天简约随手盘发一字扭扭夹水钻抓夹高级发夹扭扭后脑勺盘发器,,,普通订单,5.34,0,0,0,0,0,0,0,0,0,0,0,-0.03,0,0,0,0,0,0,是-商品卡免佣,0.22,义乌市黎既电子商务商行（个体工商户）,订单结算
2026-04-23 13:18:46,'2026042313183939019482142131,入账,6.3,聚合账户,货款结算入账,小店自卖,'6952117365805160119,'6952117365805160119,'SS76308421538952688910185,2026-04-16 11:33:04,'3746153916182692087,法式文艺~复古甜美方巾大肠发圈女高级感ins大号高马尾甜妹发饰,,,普通订单,4.34,0,0,0,0,0,0,0,0,2,0,0,-0.04,0,0,0,0,0,0,是-商品卡免佣,0.29,义乌市黎既电子商务商行（个体工商户）,订单结算
2026-04-23 13:19:28,'2026042313192229617851032131,入账,3.14,聚合账户,货款结算入账,小店自卖,'6952021514765538921,'6952021514765538921,'SS76306668163650033140099,2026-04-13 06:14:18,'3796640026289373330,蝴蝶结鸭嘴夹小香风毛呢爆款发夹后脑勺气质洋气盘发一字夹子,,,普通订单,3.16,0,0,0,0,0,0,0,0,0,0,0,-0.02,0,0,0,0,0,0,是-商品卡免佣,0.15,义乌市黎既电子商务商行（个体工商户）,订单结算
2026-04-23 13:21:50,'2026042313214530631244902131,入账,2.67,聚合账户,货款结算入账,小店自卖,'6925436052331723984,'6925436052331723984,'SS76307362130807731710003,2026-04-08 11:19:00,'3784368456477049055,韩国气质碎钻满天星抓夹女后脑勺半扎发鲨鱼夹发量少百搭发卡头饰,,,普通订单,2.69,0,0,0,0,0,0,0,0,0,0,0,-0.02,0,0,0,0,0,0,是-商品卡免佣,0.15,义乌市黎既电子商务商行（个体工商户）,订单结算
2026-04-23 13:22:52,'2026042313224440564656642131,入账,2.43,聚合账户,货款结算入账,精选联盟,'6952029352330860009,'6952029352330860009,'SS76306400076914363390025,2026-04-12 20:24:10,'3784368456477049055,韩国气质碎钻满天星抓夹女后脑勺半扎发鲨鱼夹发量少百搭发卡头饰,'7622866447274394661,婷婷百货甄选,普通订单,2.69,0,0,0,0,0,0,0,0,0,0,0,-0.13,-0.13,0,0,0,0,0,,0,义乌市黎既电子商务商行（个体工商户）,订单结算
2026-04-23 13:26:17,'2026042313261108351954422131,入账,4.41,聚合账户,货款结算入账,精选联盟,'6952007583432840426,'6952007583432840426,'SS76306668524823683080177,2026-04-12 22:44:43,'3683629725827334349,护士帽固定夹子发夹高端精致侧边脑后一字夹侧边日系耳边夹鸭嘴夹,'123579210671864,好物百货,普通订单,5.06,0,0,0,0,0,0,0,0,0,0,0,-0.25,-0.4,0,0,0,0,0,,0,义乌市黎既电子商务商行（个体工商户）,订单结算
2026-04-23 13:29:43,'2026042313293629327526672131,入账,2.43,聚合账户,货款结算入账,精选联盟,'6952020821806552979,'6952020821806552979,'SS76306400043096645620196,2026-04-12 20:17:48,'3784368456477049055,韩国气质碎钻满天星抓夹女后脑勺半扎发鲨鱼夹发量少百搭发卡头饰,'0,,普通订单,2.69,0,0,0,0,0,0,0,0,0,0,0,-0.13,0,0,0,0,-0.13,0,,0,义乌市黎既电子商务商行（个体工商户）,订单结算
2026-04-23 13:30:38,'2026042313303328185891992131,入账,2.81,聚合账户,货款结算入账,小店自卖,'6925557852569829120,'6925557852569829120,'SS76306385773412196200040,2026-04-12 19:20:58,'3790878995596312771,韩系黑色波点布艺褶皱高马尾香蕉夹竖夹新款豹纹发夹气质百搭发饰,,,普通订单,2.6,0.39,0,0,0,0,0,0,0.23,0,0,0,-0.02,0,0,0,0,0,0,是-商品卡免佣,0.15,义乌市黎既电子商务商行（个体工商户）,订单结算
2026-04-23 13:32:07,'2026042313320200910013712131,入账,4.94,聚合账户,货款结算入账,小店自卖,'6925565078266543834,'6925565078266543834,'SS76307013993794810980095,2026-04-13 12:34:04,'3769870193174642697,2025春夏新款轻奢边夹时尚气质一字发夹女后脑勺扭扭夹女,,,普通订单,4.97,0,0,0,0,0,0,0,0,0,0,0,-0.03,0,0,0,0,0,0,是-商品卡免佣,0.22,义乌市黎既电子商务商行（个体工商户）,订单结算
2026-04-23 13:32:31,'2026042313322730875202962131,入账,2.81,聚合账户,货款结算入账,小店自卖,'6952027166988441036,'6952027166988441036,'SS76306385746321085960070,2026-04-12 19:16:52,'3790878995596312771,韩系黑色波点布艺褶皱高马尾香蕉夹竖夹新款豹纹发夹气质百搭发饰,,,普通订单,2.83,0.39,0,0,0,0,0,0,0,0,0,0,-0.02,0,0,0,0,0,0,是-商品卡免佣,0.15,义乌市黎既电子商务商行（个体工商户）,订单结算
2026-04-23 13:33:42,'2026042313333722235427932131,入账,2.81,聚合账户,货款结算入账,小店自卖,'6925573435555807125,'6925573435555807125,'SS76307552225791347740182,2026-04-13 21:24:13,'3790878995596312771,韩系黑色波点布艺褶皱高马尾香蕉夹竖夹新款豹纹发夹气质百搭发饰,,,普通订单,2.83,0.39,0,0,0,0,0,0,0,0,0,0,-0.02,0,0,0,0,0,0,是-商品卡免佣,0.15,义乌市黎既电子商务商行（个体工商户）,订单结算
2026-04-23 13:33:58,'2026042313335408603407702131,入账,3.92,聚合账户,货款结算入账,精选联盟,'6952027665412461909,'6952027665412461909,'SS76306668096116372630250,2026-04-12 23:05:30,'3745788060114223511,五角星星水钻发夹女碎发刘海夹子满钻镂空侧边夹后脑勺发卡bb夹,'1314671554205048,趣享视界9988,普通订单,4.51,0,0,0,0,0,0,0,0,0,0,0,-0.23,-0.36,0,0,0,0,0,,0,义乌市黎既电子商务商行（个体工商户）,订单结算
2026-04-23 13:42:43,'2026042313423827820526442131,入账,5.31,聚合账户,货款结算入账,小店自卖,'6952033916428686968,'6952033916428686968,'SS76306667984175276020109,2026-04-12 22:15:51,'3766001784691229117,夏天简约随手盘发一字扭扭夹水钻抓夹高级发夹扭扭后脑勺盘发器,,,普通订单,5.34,0,0,0,0,0,0,0,0,0,0,0,-0.03,0,0,0,0,0,0,是-商品卡免佣,0.22,义乌市黎既电子商务商行（个体工商户）,订单结算
2026-04-23 13:43:37,'2026042313433237607678072131,入账,1.95,聚合账户,货款结算入账,小店自卖,'6925678383342518091,'6925678383342518091,'SS76307533469237581210243,2026-04-17 18:38:22,'3806818304228720842,整理神器可爱蝴蝶结小猫无痕刘海贴魔术贴发饰少女前额侧边碎发贴,,,普通订单,0.01,0,0,1.95,0,0,0,0,0,0,0,0,-0.01,0,0,0,0,0,0,是-商品卡免佣,0.07,义乌市黎既电子商务商行（个体工商户）,订单结算
2026-04-23 13:43:53,'2026042313434831500372482131,入账,3.65,聚合账户,货款结算入账,小店自卖,'6925586469403000609,'6925586469403000609,'SS76308712393174720460082,2026-04-14 12:38:21,'3756921298329141404,头巾一体法式三角巾包头方巾帽田园风白色蕾丝发箍发饰女百搭头箍,,,普通订单,3.67,0,0,0,0,0,0,0,0,0,0,0,-0.02,0,0,0,0,0,0,是-商品卡免佣,0.15,义乌市黎既电子商务商行（个体工商户）,订单结算
2026-04-23 13:49:32,'2026042313492226900892562131,入账,2.61,聚合账户,货款结算入账,小店自卖,'6925556590215069471,'6925556590215069471,'SS76306669871106012160163,2026-04-13 07:40:49,'3753581194512565139,粉色绣花新款唯美小女孩碎发刘海夹子头饰儿童氛围感爱心bb夹侧边,,,普通订单,2.63,0,0,0,0,0,0,0,0,0,0,0,-0.02,0,0,0,0,0,0,是-商品卡免佣,0.15,义乌市黎既电子商务商行（个体工商户）,订单结算
2026-04-23 13:50:05,'2026042313500013213043302131,出账,2,聚合账户,小额打款,,'6925750928168680878,'6925750928168680878,,,,,,,普通订单,0,0,0,0,0,0,0,0,0,0,0,0,0,0,0,0,0,0,0,,0,义乌市黎既电子商务商行（个体工商户）,商家向消费者小额打款-“其他”
2026-04-23 13:50:35,'2026042313502601765706762131,出账,2,聚合账户,小额打款,,'6925707756492913866,'6925707756492913866,,,,,,,普通订单,0,0,0,0,0,0,0,0,0,0,0,0,0,0,0,0,0,0,0,,0,义乌市黎既电子商务商行（个体工商户）,商家向消费者小额打款-“其他”
2026-04-23 13:51:48,'2026042313514215103921072131,入账,4.91,聚合账户,货款结算入账,小店自卖,'6925549445600542622,'6925549445600542622,'SS76289067292456064500077,2026-04-12 22:38:33,'3774567040401145927,满天星抓夹女质感中号鲨鱼夹半披发抓夹高级气质发夹繁星镶钻抓夹,,,普通订单,5.94,0.3,0,0,0,0,0,0,0,0,0,-1,-0.03,0,0,0,0,0,0,是-商品卡免佣,0.22,义乌市黎既电子商务商行（个体工商户）,订单结算
2026-04-23 13:53:26,'2026042313531524861783422131,入账,3.19,聚合账户,货款结算入账,小店自卖,'6925540248178622307,'6925540248178622307,'SS76306605874708321630016,2026-04-12 20:32:07,'3806839693081969009,春夏简约随手盘发高级发夹一字扭扭夹水钻抓夹扭扭后脑勺盘发器,,,普通订单,3.36,0,0,0,0,0,0,0,0,0,0,0,-0.17,0,0,0,0,0,0,,0,义乌市黎既电子商务商行（个体工商户）,订单结算
2026-04-23 13:56:58,'2026042313564714275261702131,出账,1,聚合账户,小额打款,,'6952232583708677658,'6952232583708677658,,,,,,,普通订单,0,0,0,0,0,0,0,0,0,0,0,0,0,0,0,0,0,0,0,,0,义乌市黎既电子商务商行（个体工商户）,商家向消费者小额打款-“其他”
2026-04-23 14:01:41,'2026042314013132558123902131,入账,3.45,聚合账户,货款结算入账,精选联盟,'6925561642925456754,'6925561642925456754,'SS76307325845866255700092,2026-04-13 12:08:43,'3784368456477049055,韩国气质碎钻满天星抓夹女后脑勺半扎发鲨鱼夹发量少百搭发卡头饰,'0,,普通订单,3.83,0,0,0,0,0,0,0,0,0,0,0,-0.19,0,0,0,0,-0.19,0,,0,义乌市黎既电子商务商行（个体工商户）,订单结算
2026-04-23 14:02:47,'2026042314024017467847782131,入账,2.67,聚合账户,货款结算入账,小店自卖,'6925556013735903194,'6925556013735903194,'SS76306401152625055260150,2026-04-12 22:17:45,'3784368456477049055,韩国气质碎钻满天星抓夹女后脑勺半扎发鲨鱼夹发量少百搭发卡头饰,,,普通订单,2.69,0,0,0,0,0,0,0,0,0,0,0,-0.02,0,0,0,0,0,0,是-商品卡免佣,0.15,义乌市黎既电子商务商行（个体工商户）,订单结算
2026-04-23 14:03:44,'2026042314033630056783902131,入账,8.41,聚合账户,货款结算入账,小店自卖,'6952034930041427140,'6952034930041427140,'SS76307248146806704700204,2026-04-13 13:54:33,'3673976773902729360,发夹女后脑勺珍珠发卡大号盘发鲨鱼夹韩国ins网红气质头饰抓发夹,,,普通订单,8.46,0.9,0,0,0,0,0,0,0,0,0,0,-0.05,0,0,0,0,0,0,是-商品卡免佣,0.37,义乌市黎既电子商务商行（个体工商户）,订单结算
2026-04-23 14:04:05,'2026042314035902271808632131,入账,6.3,聚合账户,货款结算入账,小店自卖,'6925544519762541771,'6925544519762541771,'SS76306665780845122560218,2026-04-12 19:25:45,'3746153916182692087,法式文艺~复古甜美方巾大肠发圈女高级感ins大号高马尾甜妹发饰,,,普通订单,6.34,0,0,0,0,0,0,0,0,0,0,0,-0.04,0,0,0,0,0,0,是-商品卡免佣,0.29,义乌市黎既电子商务商行（个体工商户）,订单结算
2026-04-23 14:06:32,'2026042314062017626568192131,入账,2.22,聚合账户,货款结算入账,小店自卖,'6952022940981007548,'6952022940981007548,'SS76306668028718945710152,2026-04-12 22:13:06,'3677561914218643751,发饰交叉抓夹大号发夹新款盘发卡头饰女简约气质鲨鱼夹后脑勺发爪,,,普通订单,2.23,1.15,0,0,0,0,0,0,0,0,0,0,-0.01,0,0,0,0,0,0,是-商品卡免佣,0.07,义乌市黎既电子商务商行（个体工商户）,订单结算
2026-04-23 14:07:53,'2026042314074000990459072131,入账,3.93,聚合账户,货款结算入账,小店自卖,'6952048084409653074,'6952048084409653074,'SS76307012479142305630096,2026-04-13 12:18:07,'3757678157491208600,夏季简约醋酸发夹边夹侧边碎发刘海夹女2025新款ins前额bb夹头饰,,,普通订单,3.95,0.49,0,0,0,0,0,0,0,0,0,0,-0.02,0,0,0,0,0,0,是-商品卡免佣,0.15,义乌市黎既电子商务商行（个体工商户）,订单结算
2026-04-23 14:10:39,'2026042314102922910574082131,入账,3.45,聚合账户,货款结算入账,精选联盟,'6952036442600576377,'6952036442600576377,'SS76306403893312558170034,2026-04-13 02:57:46,'3784368456477049055,韩国气质碎钻满天星抓夹女后脑勺半扎发鲨鱼夹发量少百搭发卡头饰,'7622866447274394661,婷婷百货甄选,普通订单,3.83,0,0,0,0,0,0,0,0,0,0,0,-0.19,-0.19,0,0,0,0,0,,0,义乌市黎既电子商务商行（个体工商户）,订单结算
2026-04-23 14:12:01,'2026042314114934576962622131,入账,1.8,聚合账户,货款结算入账,精选联盟,'6952166149207299936,'6952166149207299936,'SS76306977515292434280016,2026-04-17 20:30:55,'3704406262902030790,高级感磨砂交叉抓夹盘复古头饰简约气质时尚鲨鱼夹后脑勺发饰头饰,'0,,普通订单,1.99,0.9,0,0,0,0,0,0,0,0,0,0,-0.1,0,0,0,0,-0.09,0,,0,义乌市黎既电子商务商行（个体工商户）,订单结算
2026-04-23 14:12:04,'2026042314115337961244582131,入账,4.85,聚合账户,货款结算入账,小店自卖,'6925555611357510861,'6925555611357510861,'SS76306666174046702350068,2026-04-12 20:10:51,'3796640026289373330,蝴蝶结鸭嘴夹小香风毛呢爆款发夹后脑勺气质洋气盘发一字夹子,,,普通订单,4.88,0,0,0,0,0,0,0,0,0,0,0,-0.03,0,0,0,0,0,0,是-商品卡免佣,0.22,义乌市黎既电子商务商行（个体工商户）,订单结算
2026-04-23 14:12:29,'2026042314121904331768322131,入账,2.67,聚合账户,货款结算入账,小店自卖,'6952175424830117706,'6952175424830117706,'SS76307762422626230020051,2026-04-18 10:20:44,'3784368456477049055,韩国气质碎钻满天星抓夹女后脑勺半扎发鲨鱼夹发量少百搭发卡头饰,,,普通订单,2.69,0,0,0,0,0,0,0,0,0,0,0,-0.02,0,0,0,0,0,0,是-商品卡免佣,0.15,义乌市黎既电子商务商行（个体工商户）,订单结算
2026-04-23 14:13:10,'2026042314130330749166232131,入账,3.75,聚合账户,货款结算入账,小店自卖,'6952005152951833769,'6952005152951833769,'SS76306663748639954440164,2026-04-12 20:11:40,'3746150076641313252,网红简约ins纯色宽边发带高颅顶白色发箍女运动健身夏季头饰发饰,,,普通订单,3.77,0.9,0,0,0,0,0,0,0,0,0,0,-0.02,0,0,0,0,0,0,是-商品卡免佣,0.15,义乌市黎既电子商务商行（个体工商户）,订单结算
2026-04-23 14:14:34,'2026042314142438814725582131,入账,4.61,聚合账户,货款结算入账,小店自卖,'6925543056436723285,'6925543056436723285,'SS76306668416024414720211,2026-04-13 01:42:10,'3768982715341340864,可爱卡通法式珍珠三角抓夹女新款发量多发夹后脑勺高级感鲨鱼夹,,,普通订单,4.64,0.49,0,0,0,0,0,0,0,0,0,0,-0.03,0,0,0,0,0,0,是-商品卡免佣,0.22,义乌市黎既电子商务商行（个体工商户）,订单结算
2026-04-23 14:14:56,'2026042314144510005919132131,入账,2.67,聚合账户,货款结算入账,小店自卖,'6925552375872257407,'6925552375872257407,'SS76306402329725834760219,2026-04-13 01:33:02,'3784368456477049055,韩国气质碎钻满天星抓夹女后脑勺半扎发鲨鱼夹发量少百搭发卡头饰,,,普通订单,2.69,0,0,0,0,0,0,0,0,0,0,0,-0.02,0,0,0,0,0,0,是-商品卡免佣,0.15,义乌市黎既电子商务商行（个体工商户）,订单结算
2026-04-23 14:18:05,'2026042314175938382313362131,入账,3.61,聚合账户,货款结算入账,小店自卖,'6925574351053225458,'6925574351053225458,'SS76307373516353866300018,2026-04-13 14:25:21,'3806450472450130341,新款复古抓夹女豹纹蝴蝶结鲨鱼夹2026后脑勺盘发发夹高级感发饰,,,普通订单,3.63,0,0,0,0,0,0,0,0,0,0,0,-0.02,0,0,0,0,0,0,是-商品卡免佣,0.15,义乌市黎既电子商务商行（个体工商户）,订单结算
2026-04-23 14:18:31,'2026042314182335531005632131,出账,2,聚合账户,小额打款,,'6952228544873042992,'6952228544873042992,,,,,,,普通订单,0,0,0,0,0,0,0,0,0,0,0,0,0,0,0,0,0,0,0,,0,义乌市黎既电子商务商行（个体工商户）,商家向消费者小额打款-“其他”
2026-04-23 14:20:33,'2026042314202604352128412131,入账,5.08,聚合账户,货款结算入账,小店自卖,'6952013565761164314,'6952013565761164314,'SS76307320477822656150032,2026-04-12 15:16:10,'3746150076641313252,网红简约ins纯色宽边发带高颅顶白色发箍女运动健身夏季头饰发饰,,,普通订单,5.11,0.9,0,0,0,0,0,0,0,0,0,0,-0.03,0,0,0,0,0,0,是-商品卡免佣,0.22,义乌市黎既电子商务商行（个体工商户）,订单结算
2026-04-23 14:21:31,'2026042314212336207496092131,入账,3.83,聚合账户,货款结算入账,小店自卖,'6952014490674141091,'6952014490674141091,'SS76306668202736525140134,2026-04-13 01:04:04,'3807754430930092114,时尚豹纹鲨鱼抓夹后脑勺盘发高级感发饰发量大巨能抓头饰女百搭款,,,普通订单,1.85,0,0,0,0,0,0,0,2,0,0,0,-0.02,0,0,0,0,0,0,是-商品卡免佣,0.15,义乌市黎既电子商务商行（个体工商户）,订单结算
2026-04-23 14:47:29,'2026042314471811462948222131,入账,3.75,聚合账户,货款结算入账,小店自卖,'6952009389030446410,'6952009389030446410,'SS76306663686904881180149,2026-04-12 18:24:53,'3746150076641313252,网红简约ins纯色宽边发带高颅顶白色发箍女运动健身夏季头饰发饰,,,普通订单,3.77,0.9,0,0,0,0,0,0,0,0,0,0,-0.02,0,0,0,0,0,0,是-商品卡免佣,0.15,义乌市黎既电子商务商行（个体工商户）,订单结算
2026-04-23 15:03:12,'2026042315025733040676472131,出账,1,聚合账户,小额打款,,'6925753936620911849,'6925753936620911849,,,,,,,普通订单,0,0,0,0,0,0,0,0,0,0,0,0,0,0,0,0,0,0,0,,0,义乌市黎既电子商务商行（个体工商户）,商家向消费者小额打款-“其他”
2026-04-23 15:03:44,'2026042315033136916147612131,入账,3.32,聚合账户,货款结算入账,精选联盟,'6925673874218975172,'6925673874218975172,'SS76306662711471150350186,2026-04-17 16:53:48,'3809235146834575749,可爱新春小狗香蕉夹女高马尾扭扭夹红色竖夹高级感2026韩新款发夹,'0,,普通订单,0.59,0,0,3.11,0,0,0,0,0,0,0,0,-0.19,0,0,0,0,-0.19,0,,0,义乌市黎既电子商务商行（个体工商户）,订单结算
2026-04-23 15:03:44,'2026042315033233682066442131,入账,4.94,聚合账户,货款结算入账,小店自卖,'6952161349206742611,'6952161349206742611,'SS76308249097947100160206,2026-04-17 15:33:15,'3769870193174642697,2025春夏新款轻奢边夹时尚气质一字发夹女后脑勺扭扭夹女,,,普通订单,1.17,0,0,3.8,0,0,0,0,0,0,0,0,-0.03,0,0,0,0,0,0,是-商品卡免佣,0.22,义乌市黎既电子商务商行（个体工商户）,订单结算
2026-04-23 15:03:44,'2026042315033313678840952131,入账,1.95,聚合账户,货款结算入账,小店自卖,'6952098494976432069,'6952098494976432069,'SS76307687050280965530248,2026-04-15 20:39:21,'3806280662462366067,kitty猫~刘海贴精致可爱甜美少女棉花糖猫兔碎发贴魔术贴无痕发饰,,,普通订单,0.01,0,0,1.95,0,0,0,0,0,0,0,0,-0.01,0,0,0,0,0,0,是-商品卡免佣,0.07,义乌市黎既电子商务商行（个体工商户）,订单结算
2026-04-23 15:03:44,'2026042315033002038172682131,入账,4.8,聚合账户,货款结算入账,精选联盟,'6952131367435179894,'6952131367435179894,'SS76306817702887470230019,2026-04-16 22:57:01,'3766001784691229117,夏天简约随手盘发一字扭扭夹水钻抓夹高级发夹扭扭后脑勺盘发器,'0,,普通订单,2.34,0,0,3,0,0,0,0,0,0,0,0,-0.27,0,0,0,0,-0.27,0,,0,义乌市黎既电子商务商行（个体工商户）,订单结算
2026-04-23 15:03:44,'2026042315033104996472512131,入账,2.52,聚合账户,货款结算入账,精选联盟,'6952134231155939255,'6952134231155939255,'SS76306259396383094160205,2026-04-17 06:38:41,'3806285088233226368,韩系~时尚百搭简约女格纹布少女风艺带齿细发箍个性压发箍头箍女,'0,,普通订单,0.01,0,0,2.79,0,0,0,0,0,0,0,0,-0.14,0,0,0,0,-0.14,0,,0,义乌市黎既电子商务商行（个体工商户）,订单结算
2026-04-23 15:03:44,'2026042315033211721774432131,入账,2.78,聚合账户,货款结算入账,小店自卖,'6952148036826830135,'6952148036826830135,'SS76308075061718922760186,2026-04-17 17:36:19,'3806285088233226368,韩系~时尚百搭简约女格纹布少女风艺带齿细发箍个性压发箍头箍女,,,普通订单,0.8,0,0,2,0,0,0,0,0,0,0,0,-0.02,0,0,0,0,0,0,是-商品卡免佣,0.15,义乌市黎既电子商务商行（个体工商户）,订单结算
2026-04-23 15:03:44,'2026042315032900223974812131,入账,1.75,聚合账户,货款结算入账,精选联盟,'6925640766917279382,'6925640766917279382,'SS76306263502451018660161,2026-04-16 11:59:23,'3806839693081969009,春夏简约随手盘发高级发夹一字扭扭夹水钻抓夹扭扭后脑勺盘发器,'0,,普通订单,0.01,0,0,1.94,0,0,0,0,0,0,0,0,-0.1,0,0,0,0,-0.1,0,,0,义乌市黎既电子商务商行（个体工商户）,订单结算
2026-04-23 15:03:44,'2026042315033208356500892131,入账,2.69,聚合账户,货款结算入账,精选联盟,'6952109246374090210,'6952109246374090210,'SS76305229183126899260149,2026-04-15 16:53:47,'3677519325348102233,儿童拆皮筋神器女不伤发拉发针宝宝拉发钩一次性橡皮筋拆发工具简,'0,,普通订单,0.1,0,0,3,0,0,0,0,0,0,0,0,-0.16,0,0,0,0,-0.25,0,,0,义乌市黎既电子商务商行（个体工商户）,订单结算
2026-04-23 15:03:44,'2026042315033114602573202131,入账,5.1,聚合账户,货款结算入账,精选联盟,'6952110064018462307,'6952110064018462307,'SS76307768072263114240110,2026-04-16 05:46:49,'3806839693081969009,春夏简约随手盘发高级发夹一字扭扭夹水钻抓夹扭扭后脑勺盘发器,'0,,普通订单,3.97,0,0,1.69,0,0,0,0,0,0,0,0,-0.28,0,0,0,0,-0.28,0,,0,义乌市黎既电子商务商行（个体工商户）,订单结算
2026-04-23 15:12:08,'2026042315115618564385792131,入账,3.93,聚合账户,货款结算入账,小店自卖,'6925557681982308200,'6925557681982308200,'SS76307408946267427990147,2026-04-13 15:08:03,'3757678157491208600,夏季简约醋酸发夹边夹侧边碎发刘海夹女2025新款ins前额bb夹头饰,,,普通订单,3.19,0.49,0,0.76,0,0,0,0,0,0,0,0,-0.02,0,0,0,0,0,0,是-商品卡免佣,0.15,义乌市黎既电子商务商行（个体工商户）,订单结算
2026-04-23 15:12:08,'2026042315115734185385462131,入账,2.67,聚合账户,货款结算入账,小店自卖,'6925704498522848354,'6925704498522848354,'SS76308059169835420660049,2026-04-18 21:03:18,'3784368456477049055,韩国气质碎钻满天星抓夹女后脑勺半扎发鲨鱼夹发量少百搭发卡头饰,,,普通订单,0.01,0,0,2.68,0,0,0,0,0,0,0,0,-0.02,0,0,0,0,0,0,是-商品卡免佣,0.15,义乌市黎既电子商务商行（个体工商户）,订单结算
2026-04-23 15:12:08,'2026042315120035700580302131,入账,3.95,聚合账户,货款结算入账,小店自卖,'6925683312457383877,'6925683312457383877,'SS76308090428581153660243,2026-04-17 23:26:31,'3806293802847699345,韩式豹纹波点褶皱高级扭扭马尾卡通风香蕉发夹后脑勺显发发卡头饰,,,普通订单,0.01,0,0,3.96,0,0,0,0,0,0,0,0,-0.02,0,0,0,0,0,0,是-商品卡免佣,0.15,义乌市黎既电子商务商行（个体工商户）,订单结算
2026-04-23 15:12:08,'2026042315115927413056102131,入账,2.63,聚合账户,货款结算入账,小店自卖,'6952026877902787672,'6952026877902787672,'SS76306632178748787710039,2026-04-12 15:52:36,'3806250082127446374,休闲风创意米菲兔甜美少女刘海贴魔法贴毛绒发帖无痕贴发饰发卡女,,,普通订单,0.65,0,0,2,0,0,0,0,0,0,0,0,-0.02,0,0,0,0,0,0,是-商品卡免佣,0.15,义乌市黎既电子商务商行（个体工商户）,订单结算
2026-04-23 15:12:08,'2026042315120118689111422131,入账,2.43,聚合账户,货款结算入账,精选联盟,'6925556556695305245,'6925556556695305245,'SS76306402566477911190168,2026-04-13 07:00:56,'3784368456477049055,韩国气质碎钻满天星抓夹女后脑勺半扎发鲨鱼夹发量少百搭发卡头饰,'0,,普通订单,0.01,0,0,2.68,0,0,0,0,0,0,0,0,-0.13,0,0,0,0,-0.13,0,,0,义乌市黎既电子商务商行（个体工商户）,订单结算
2026-04-23 15:12:08,'2026042315115719200414992131,入账,1.88,聚合账户,货款结算入账,精选联盟,'6925554645584149518,'6925554645584149518,'SS76307549561965780630123,2026-04-12 23:44:39,'3807732934811713667,新款牡丹花羽毛抓夹女高颜值轻奢时尚百搭鲨鱼夹发饰头饰夹发神器,'0,,普通订单,0.01,0,0,2.09,0,0,0,0,0,0,0,0,-0.11,0,0,0,0,-0.11,0,,0,义乌市黎既电子商务商行（个体工商户）,订单结算
2026-04-23 15:12:08,'2026042315115906676646502131,入账,2.67,聚合账户,货款结算入账,精选联盟,'6952029593838622301,'6952029593838622301,'SS76307553605669686020026,2026-04-12 22:17:55,'3764487789543031033,新款韩国水钻发夹女气质侧边刘海碎发bb夹子头饰简约网红一字夹,'0,,普通订单,0.01,0,0,2.96,0,0,0,0,0,0,0,0,-0.15,0,0,0,0,-0.15,0,,0,义乌市黎既电子商务商行（个体工商户）,订单结算
2026-04-23 15:12:08,'2026042315115903151301632131,入账,4.94,聚合账户,货款结算入账,小店自卖,'6952018192040596687,'6952018192040596687,'SS76306666517256937470118,2026-04-12 20:01:16,'3769870193174642697,2025春夏新款轻奢边夹时尚气质一字发夹女后脑勺扭扭夹女,,,普通订单,4.57,0,0,0.4,0,0,0,0,0,0,0,0,-0.03,0,0,0,0,0,0,是-商品卡免佣,0.22,义乌市黎既电子商务商行（个体工商户）,订单结算
2026-04-23 15:12:08,'2026042315115909544873232131,入账,2.43,聚合账户,货款结算入账,精选联盟,'6952005230447563844,'6952005230447563844,'SS76306400070741368660064,2026-04-12 20:41:35,'3784368456477049055,韩国气质碎钻满天星抓夹女后脑勺半扎发鲨鱼夹发量少百搭发卡头饰,'0,,普通订单,1.89,0,0,0.8,0,0,0,0,0,0,0,0,-0.13,0,0,0,0,-0.13,0,,0,义乌市黎既电子商务商行（个体工商户）,订单结算
2026-04-23 15:12:08,'2026042315115925543314112131,入账,4.6,聚合账户,货款结算入账,小店自卖,'6951907053421205143,'6951907053421205143,'SS76307346252754826760040,2026-04-08 13:05:51,'3761395105840365661,高级感水钻满天星发夹女后脑勺盘发神器发卡青蛙夹扭扭夹发卡头饰,,,普通订单,3.43,0,0,1.2,0,0,0,0,0,0,0,0,-0.03,0,0,0,0,0,0,是-商品卡免佣,0.22,义乌市黎既电子商务商行（个体工商户）,订单结算
2026-04-23 15:12:08,'2026042315115727923297382131,入账,2.96,聚合账户,货款结算入账,精选联盟,'6952009290877506976,'6952009290877506976,'SS76306666051060370180238,2026-04-12 17:48:24,'3808334646693986544,新款水钻珠子花朵后脑勺洋气盘发夹时尚半扎鲨鱼夹6厘米~中号抓夹,'0,,普通订单,0.28,0,0,3,0,0,0,0,0,0,0,0,-0.16,0,0,0,0,-0.16,0,,0,义乌市黎既电子商务商行（个体工商户）,订单结算
2026-04-23 15:12:08,'2026042315115912128138752131,入账,1.95,聚合账户,货款结算入账,小店自卖,'6925567568687431080,'6925567568687431080,'SS76307467917812042650115,2026-04-13 14:04:38,'3806280662462366067,kitty猫~刘海贴精致可爱甜美少女棉花糖猫兔碎发贴魔术贴无痕发饰,,,普通订单,0.96,0,0,1,0,0,0,0,0,0,0,0,-0.01,0,0,0,0,0,0,是-商品卡免佣,0.07,义乌市黎既电子商务商行（个体工商户）,订单结算
2026-04-23 15:12:08,'2026042315115537085394442131,入账,5.36,聚合账户,货款结算入账,小店自卖,'6952032861500479245,'6952032861500479245,'SS76307408955034383700213,2026-04-13 14:24:51,'3744483687144751499,碎花蝴蝶结发饰大肠发圈女扎头绳飘带发带发绳高马尾不伤发皮筋,,,普通订单,3.64,0,0,2,0,0,0,0,0,0,0,0,-0.28,0,0,0,0,0,0,,0,义乌市黎既电子商务商行（个体工商户）,订单结算
2026-04-23 15:12:08,'2026042315115601326495182131,入账,1.76,聚合账户,货款结算入账,精选联盟,'6925630739259292749,'6925630739259227213,'SS76308256686408830070134,2026-04-16 13:00:37,'3806280662462366067,kitty猫~刘海贴精致可爱甜美少女棉花糖猫兔碎发贴魔术贴无痕发饰,'0,,普通订单,0.46,0,0,1.5,0,0,0,0,0,0,0,0,-0.1,0,0,0,0,-0.1,0,,0,义乌市黎既电子商务商行（个体工商户）,订单结算
2026-04-23 15:16:35,'2026042315162029388355102131,入账,2.67,聚合账户,货款结算入账,小店自卖,'6925550991530294446,'6925550991530294446,'SS76306397759929884220149,2026-04-12 15:55:53,'3784368456477049055,韩国气质碎钻满天星抓夹女后脑勺半扎发鲨鱼夹发量少百搭发卡头饰,,,普通订单,0.01,0,0,2.68,0,0,0,0,0,0,0,0,-0.02,0,0,0,0,0,0,是-商品卡免佣,0.15,义乌市黎既电子商务商行（个体工商户）,订单结算
2026-04-23 15:18:54,'2026042315184421562821642131,入账,2.67,聚合账户,货款结算入账,小店自卖,'6952039094842037864,'6952039094842037864,'SS76307437517449305750153,2026-04-13 10:09:36,'3784368456477049055,韩国气质碎钻满天星抓夹女后脑勺半扎发鲨鱼夹发量少百搭发卡头饰,,,普通订单,0.69,0,0,2,0,0,0,0,0,0,0,0,-0.02,0,0,0,0,0,0,是-商品卡免佣,0.15,义乌市黎既电子商务商行（个体工商户）,订单结算
2026-04-23 15:18:56,'2026042315184203873715292131,入账,5.63,聚合账户,货款结算入账,小店自卖,'6952009566875293625,'6952009566875293625,'SS76306666953503547380045,2026-04-12 20:53:44,'3806839693081969009,春夏简约随手盘发高级发夹一字扭扭夹水钻抓夹扭扭后脑勺盘发器,,,普通订单,1.26,0,0,4.4,0,0,0,0,0,0,0,0,-0.03,0,0,0,0,0,0,是-商品卡免佣,0.22,义乌市黎既电子商务商行（个体工商户）,订单结算
2026-04-23 15:18:56,'2026042315184713307294782131,入账,1.95,聚合账户,货款结算入账,小店自卖,'6952114713202792121,'6952114713202792121,'SS76305401443066355540175,2026-04-16 06:44:06,'3806280662462366067,kitty猫~刘海贴精致可爱甜美少女棉花糖猫兔碎发贴魔术贴无痕发饰,,,普通订单,0.01,0,0,1.95,0,0,0,0,0,0,0,0,-0.01,0,0,0,0,0,0,是-商品卡免佣,0.07,义乌市黎既电子商务商行（个体工商户）,订单结算
2026-04-23 15:18:56,'2026042315184641401062462131,入账,2.52,聚合账户,货款结算入账,精选联盟,'6925688089079873223,'6925688089079873223,'SS76307152153025252350024,2026-04-18 10:36:04,'3806285088233226368,韩系~时尚百搭简约女格纹布少女风艺带齿细发箍个性压发箍头箍女,'0,,普通订单,0.01,0,0,2.79,0,0,0,0,0,0,0,0,-0.14,0,0,0,0,-0.14,0,,0,义乌市黎既电子商务商行（个体工商户）,订单结算
2026-04-23 15:18:56,'2026042315184715733765482131,入账,4.4,聚合账户,货款结算入账,精选联盟,'6925556558003862603,'6925556558003862603,'SS76307404780668728780042,2026-04-13 06:58:14,'3800873163328455101,小香风爆款毛呢蝴蝶结鸭嘴夹后脑勺盘发一字夹时髦洋气有气质发饰,'0,,普通订单,2.88,0,0,2,0,0,0,0,0,0,0,0,-0.24,0,0,0,0,-0.24,0,,0,义乌市黎既电子商务商行（个体工商户）,订单结算
2026-04-23 15:18:56,'2026042315184427838100632131,入账,2.19,聚合账户,货款结算入账,小店自卖,'6952019147202107100,'6952019147202107100,'SS76306792921213179230073,2026-04-13 10:25:40,'3754886570348511555,简约发夹头饰发量多发卡高级感发饰头饰抓夹大号亚克力黑色鲨鱼夹,,,普通订单,2.17,2.1,0,0.03,0,0,0,0,0,0,0,0,-0.01,0,0,0,0,0,0,是-商品卡免佣,0.07,义乌市黎既电子商务商行（个体工商户）,订单结算
2026-04-23 15:18:56,'2026042315184417372290912131,入账,2.43,聚合账户,货款结算入账,精选联盟,'6952093985639961803,'6952093985639961803,'SS76306825569081758870245,2026-04-15 16:16:21,'3784368456477049055,韩国气质碎钻满天星抓夹女后脑勺半扎发鲨鱼夹发量少百搭发卡头饰,'1215379332407744,林夕呀,普通订单,0.69,0,0,2,0,0,0,0,0,0,0,0,-0.13,-0.13,0,0,0,0,0,,0,义乌市黎既电子商务商行（个体工商户）,订单结算
2026-04-23 15:18:56,'2026042315184320391245432131,入账,3.45,聚合账户,货款结算入账,精选联盟,'6925544467516522081,'6925544467516522081,'SS76306403470688586600211,2026-04-12 18:47:42,'3784368456477049055,韩国气质碎钻满天星抓夹女后脑勺半扎发鲨鱼夹发量少百搭发卡头饰,'0,,普通订单,2.69,0,0,1.14,0,0,0,0,0,0,0,0,-0.19,0,0,0,0,-0.19,0,,0,义乌市黎既电子商务商行（个体工商户）,订单结算
2026-04-23 15:18:56,'2026042315184501568159352131,入账,2.67,聚合账户,货款结算入账,小店自卖,'6925589448020753828,'6925589448020753828,'SS76307793091216676180199,2026-04-14 15:10:30,'3784368456477049055,韩国气质碎钻满天星抓夹女后脑勺半扎发鲨鱼夹发量少百搭发卡头饰,,,普通订单,0.01,0,0,2.68,0,0,0,0,0,0,0,0,-0.02,0,0,0,0,0,0,是-商品卡免佣,0.15,义乌市黎既电子商务商行（个体工商户）,订单结算
2026-04-23 15:18:56,'2026042315184418038789552131,入账,1.91,聚合账户,货款结算入账,小店自卖,'6925557173853454191,'6925557173853454191,'SS76306999646537528420239,2026-04-13 11:45:22,'3776769690882408946,简约三角形头发抓夹高级鲨鱼夹2025秋冬新款发夹后脑勺盘发夹子女,,,普通订单,0.01,0,0,1.91,0,0,0,0,0,0,0,0,-0.01,0,0,0,0,0,0,是-商品卡免佣,0.07,义乌市黎既电子商务商行（个体工商户）,订单结算
2026-04-23 15:18:56,'2026042315184702898009962131,入账,3.95,聚合账户,货款结算入账,小店自卖,'6925673066230939475,'6925673066230939475,'SS76308096659415045470114,2026-04-18 10:20:03,'3806293802847699345,韩式豹纹波点褶皱高级扭扭马尾卡通风香蕉发夹后脑勺显发发卡头饰,,,普通订单,0.01,0,0,3.96,0,0,0,0,0,0,0,0,-0.02,0,0,0,0,0,0,是-商品卡免佣,0.15,义乌市黎既电子商务商行（个体工商户）,订单结算
2026-04-23 15:18:56,'2026042315184509066746882131,入账,2.51,聚合账户,货款结算入账,精选联盟,'6952131953218295783,'6952131953218295783,'SS76306686363611632700247,2026-04-17 11:22:45,'3796640026289373330,蝴蝶结鸭嘴夹小香风毛呢爆款发夹后脑勺气质洋气盘发一字夹子,'0,,普通订单,0.79,0,0,2,0,0,0,0,0,0,0,0,-0.14,0,0,0,0,-0.14,0,,0,义乌市黎既电子商务商行（个体工商户）,订单结算
2026-04-23 15:18:56,'2026042315184331847222032131,入账,2.56,聚合账户,货款结算入账,小店自卖,'6952107901692155604,'6952107901692155604,'SS76305165487024583780028,2026-04-15 23:48:32,'3809235146834575749,可爱新春小狗香蕉夹女高马尾扭扭夹红色竖夹高级感2026韩新款发夹,,,普通订单,0.01,0,0,2.57,0,0,0,0,0,0,0,0,-0.02,0,0,0,0,0,0,是-商品卡免佣,0.15,义乌市黎既电子商务商行（个体工商户）,订单结算
2026-04-23 15:18:56,'2026042315184530298117752131,入账,2.43,聚合账户,货款结算入账,精选联盟,'6925556799960939862,'6925556799960939862,'SS76307437509435601920126,2026-04-13 09:26:41,'3784368456477049055,韩国气质碎钻满天星抓夹女后脑勺半扎发鲨鱼夹发量少百搭发卡头饰,'0,,普通订单,0.01,0,0,2.68,0,0,0,0,0,0,0,0,-0.13,0,0,0,0,-0.13,0,,0,义乌市黎既电子商务商行（个体工商户）,订单结算
2026-04-23 15:18:56,'2026042315184617713400662131,入账,2.56,聚合账户,货款结算入账,小店自卖,'6951629883221218928,'6951629883221218928,'SS76307218077582625630140,2026-03-28 23:08:17,'3784368456477049055,韩国气质碎钻满天星抓夹女后脑勺半扎发鲨鱼夹发量少百搭发卡头饰,,,普通订单,0.01,0,0,2.68,0,0,0,0,0,0,0,0,-0.13,0,0,0,0,0,0,,0,义乌市黎既电子商务商行（个体工商户）,订单结算
2026-04-23 15:18:56,'2026042315184538308907942131,入账,3.58,聚合账户,货款结算入账,小店自卖,'6925540666300268024,'6925540666300268024,'SS76306663738904622080227,2026-04-12 22:45:51,'3746150076641313252,网红简约ins纯色宽边发带高颅顶白色发箍女运动健身夏季头饰发饰,,,普通订单,3.57,0.9,0,0.2,0,0,0,0,0,0,0,0,-0.19,0,0,0,0,0,0,,0,义乌市黎既电子商务商行（个体工商户）,订单结算
2026-04-23 15:18:56,'2026042315184310329786942131,入账,2.56,聚合账户,货款结算入账,小店自卖,'6925542725420547676,'6925542725420547676,'SS76306668563658841750062,2026-04-12 22:38:19,'3809235146834575749,可爱新春小狗香蕉夹女高马尾扭扭夹红色竖夹高级感2026韩新款发夹,,,普通订单,0.58,0,0,2,0,0,0,0,0,0,0,0,-0.02,0,0,0,0,0,0,是-商品卡免佣,0.15,义乌市黎既电子商务商行（个体工商户）,订单结算
2026-04-23 15:20:00,'2026042315195028324170242131,入账,2.78,聚合账户,货款结算入账,小店自卖,'6952059000404120629,'6952059000404120629,'SS76307943419167052860127,2026-04-14 17:08:41,'3806285088233226368,韩系~时尚百搭简约女格纹布少女风艺带齿细发箍个性压发箍头箍女,,,普通订单,0.8,0,0,2,0,0,0,0,0,0,0,0,-0.02,0,0,0,0,0,0,是-商品卡免佣,0.15,义乌市黎既电子商务商行（个体工商户）,订单结算
2026-04-23 15:20:31,'2026042315202018625994432131,入账,2.43,聚合账户,货款结算入账,精选联盟,'6952041142403667293,'6952041142403667293,'SS76307437346081841140049,2026-04-13 09:37:49,'3784368456477049055,韩国气质碎钻满天星抓夹女后脑勺半扎发鲨鱼夹发量少百搭发卡头饰,'0,,普通订单,0.01,0,0,2.68,0,0,0,0,0,0,0,0,-0.13,0,0,0,0,-0.13,0,,0,义乌市黎既电子商务商行（个体工商户）,订单结算
2026-04-23 15:22:04,'2026042315215400465963792131,入账,2.68,聚合账户,货款结算入账,小店自卖,'6925632800743521969,'6925632800743521969,'SS76306814264817792400023,2026-04-16 08:44:36,'3806431274114089028,格纹蝴蝶结头花植绒小熊发圈韩系可爱百搭扎马尾头绳发饰新款发绳,,,普通订单,0.9,0.89,0,1.8,0,0,0,0,0,0,0,0,-0.02,0,0,0,0,0,0,是-商品卡免佣,0.15,义乌市黎既电子商务商行（个体工商户）,订单结算
2026-04-23 15:22:36,'2026042315222217854139282131,入账,2.61,聚合账户,货款结算入账,精选联盟,'6925681381371051991,'6925681381371051991,'SS76306291758213859940106,2026-04-18 06:52:27,'3752640296001863810,儿童网红卡通发夹韩国公主头饰碎发BB碎发可爱女童碎发发卡,'0,,普通订单,1,0,0,2,0,0,0,0,0,0,0,0,-0.15,0,0,0,0,-0.24,0,,0,义乌市黎既电子商务商行（个体工商户）,订单结算
2026-04-23 15:23:38,'2026042315232541608320362131,入账,2.67,聚合账户,货款结算入账,小店自卖,'6925540054489988435,'6925540054489988435,'SS76306399861439368310068,2026-04-12 19:00:08,'3784368456477049055,韩国气质碎钻满天星抓夹女后脑勺半扎发鲨鱼夹发量少百搭发卡头饰,,,普通订单,0.01,0,0,2.68,0,0,0,0,0,0,0,0,-0.02,0,0,0,0,0,0,是-商品卡免佣,0.15,义乌市黎既电子商务商行（个体工商户）,订单结算
2026-04-23 15:24:14,'2026042315240236629547902131,入账,2.43,聚合账户,货款结算入账,精选联盟,'6925540824478416457,'6925540824478416457,'SS76306401554726428510036,2026-04-12 23:36:39,'3784368456477049055,韩国气质碎钻满天星抓夹女后脑勺半扎发鲨鱼夹发量少百搭发卡头饰,'0,,普通订单,0.01,0,0,2.68,0,0,0,0,0,0,0,0,-0.13,0,0,0,0,-0.13,0,,0,义乌市黎既电子商务商行（个体工商户）,订单结算
2026-04-23 15:30:16,'2026042315300917576102832131,入账,2.82,聚合账户,货款结算入账,精选联盟,'6925693791732137945,'6925693791732137945,'SS76308328847412966490013,2026-04-19 01:25:31,'3746529925562237053,满钻星星碎发整理神器隐形碎发梳女儿童固定头发夹子拉拉梳头饰,'95957951689,菲菲优选,普通订单,2.01,0,0,1.26,0,0,0,0,0,0,0,0,-0.16,-0.29,0,0,0,0,0,,0,义乌市黎既电子商务商行（个体工商户）,订单结算
2026-04-23 15:30:16,'2026042315300813175076242131,入账,1.88,聚合账户,货款结算入账,小店自卖,'6952045893709010154,'6952045893709010154,'SS76307466542110640640218,2026-04-13 12:01:55,'3775300820581613599,甜美kitty刘海贴可爱少女棉花糖猫碎发贴刘海魔术贴无痕便携发饰,,,普通订单,0.01,0,0,1.88,0,0,0,0,0,0,0,0,-0.01,0,0,0,0,0,0,是-商品卡免佣,0.07,义乌市黎既电子商务商行（个体工商户）,订单结算
2026-04-23 15:30:16,'2026042315300914812946192131,入账,2.32,聚合账户,货款结算入账,精选联盟,'6925551570233229104,'6925551570233229104,'SS76306666045318763950053,2026-04-12 19:52:32,'3809235146834575749,可爱新春小狗香蕉夹女高马尾扭扭夹红色竖夹高级感2026韩新款发夹,'0,,普通订单,0.01,0,0,2.57,0,0,0,0,0,0,0,0,-0.13,0,0,0,0,-0.13,0,,0,义乌市黎既电子商务商行（个体工商户）,订单结算
2026-04-23 15:30:16,'2026042315300825250575512131,入账,1.95,聚合账户,货款结算入账,小店自卖,'6952021344934433828,'6952021344934433828,'SS76306632728451527680003,2026-04-13 00:57:03,'3806280662462366067,kitty猫~刘海贴精致可爱甜美少女棉花糖猫兔碎发贴魔术贴无痕发饰,,,普通订单,0.01,0,0,1.95,0,0,0,0,0,0,0,0,-0.01,0,0,0,0,0,0,是-商品卡免佣,0.07,义乌市黎既电子商务商行（个体工商户）,订单结算
2026-04-23 15:30:16,'2026042315300841188562382131,入账,2.32,聚合账户,货款结算入账,精选联盟,'6925630986462919816,'6925630986462919816,'SS76306501284265866300148,2026-04-15 14:21:37,'3809235146834575749,可爱新春小狗香蕉夹女高马尾扭扭夹红色竖夹高级感2026韩新款发夹,'0,,普通订单,0.01,0,0,2.57,0,0,0,0,0,0,0,0,-0.13,0,0,0,0,-0.13,0,,0,义乌市黎既电子商务商行（个体工商户）,订单结算
2026-04-23 15:30:16,'2026042315300530501278722131,入账,3.61,聚合账户,货款结算入账,小店自卖,'6952083444367627844,'6952083444367627844,'SS76308603938038461820003,2026-04-14 17:18:43,'3806450472450130341,新款复古抓夹女豹纹蝴蝶结鲨鱼夹2026后脑勺盘发发夹高级感发饰,,,普通订单,2.63,0,0,1,0,0,0,0,0,0,0,0,-0.02,0,0,0,0,0,0,是-商品卡免佣,0.15,义乌市黎既电子商务商行（个体工商户）,订单结算
2026-04-23 15:30:16,'2026042315300829458767772131,入账,1.76,聚合账户,货款结算入账,精选联盟,'6925554700977143115,'6925554700977143115,'SS76307317776316336790147,2026-04-13 00:12:31,'3806280662462366067,kitty猫~刘海贴精致可爱甜美少女棉花糖猫兔碎发贴魔术贴无痕发饰,'0,,普通订单,0.01,0,0,1.95,0,0,0,0,0,0,0,0,-0.1,0,0,0,0,-0.1,0,,0,义乌市黎既电子商务商行（个体工商户）,订单结算
2026-04-23 15:30:16,'2026042315300730744747862131,入账,2.43,聚合账户,货款结算入账,精选联盟,'6952041168619508947,'6952041168619508947,'SS76307437425306340030201,2026-04-13 10:00:17,'3784368456477049055,韩国气质碎钻满天星抓夹女后脑勺半扎发鲨鱼夹发量少百搭发卡头饰,'0,,普通订单,0.01,0,0,2.68,0,0,0,0,0,0,0,0,-0.13,0,0,0,0,-0.13,0,,0,义乌市黎既电子商务商行（个体工商户）,订单结算
2026-04-23 15:30:17,'2026042315300722365637522131,入账,1.86,聚合账户,货款结算入账,小店自卖,'6952082955562784630,'6952082955562784630,'SS76308044944181990660246,2026-04-15 17:53:28,'3806280662462366067,kitty猫~刘海贴精致可爱甜美少女棉花糖猫兔碎发贴魔术贴无痕发饰,,,普通订单,0.84,0,0,1.12,0,0,0,0,0,0,0,0,-0.1,0,0,0,0,0,0,,0,义乌市黎既电子商务商行（个体工商户）,订单结算
2026-04-23 15:30:17,'2026042315300639146787842131,入账,3,聚合账户,货款结算入账,小店自卖,'6952162111409165329,'6952162111409165329,'SS76307642077973755140074,2026-04-17 23:30:21,'3806250082127446374,休闲风创意米菲兔甜美少女刘海贴魔法贴毛绒发帖无痕贴发饰发卡女,,,普通订单,0.02,0,0,3,0,0,0,0,0,0,0,0,-0.02,0,0,0,0,0,0,是-商品卡免佣,0.15,义乌市黎既电子商务商行（个体工商户）,订单结算
2026-04-23 15:30:17,'2026042315300834948226712131,入账,4.86,聚合账户,货款结算入账,精选联盟,'6952030337984501445,'6952030337984501445,'SS76307551322857313430045,2026-04-13 11:40:02,'3768243418376044996,2025新款可爱扭扭棒大眼仔洗脸短发发箍搞怪发卡可爱趣味拍照发饰,'0,,普通订单,2.4,0,0,3,0,0,0,0,0,0,0,0,-0.27,0,0,0,0,-0.27,0,,0,义乌市黎既电子商务商行（个体工商户）,订单结算
2026-04-23 15:30:17,'2026042315300810654026432131,入账,3.89,聚合账户,货款结算入账,小店自卖,'6925561329604001102,'6925561329604001102,'SS76307424492577267390109,2026-04-13 10:07:01,'3800876977334911274,日系小熊星星浅咖色冬秋宝宝女童后脑勺碎发侧边儿童发夹头饰发卡,,,普通订单,0.01,0,0,3.9,0,0,0,0,0,0,0,0,-0.02,0,0,0,0,0,0,是-商品卡免佣,0.15,义乌市黎既电子商务商行（个体工商户）,订单结算
2026-04-23 15:30:17,'2026042315300730999677442131,入账,2.32,聚合账户,货款结算入账,精选联盟,'6952115751346771678,'6952115751346771678,'SS76307657538681943310057,2026-04-16 20:07:30,'3809235146834575749,可爱新春小狗香蕉夹女高马尾扭扭夹红色竖夹高级感2026韩新款发夹,'0,,普通订单,0.01,0,0,2.57,0,0,0,0,0,0,0,0,-0.13,0,0,0,0,-0.13,0,,0,义乌市黎既电子商务商行（个体工商户）,订单结算
2026-04-23 15:30:17,'2026042315301041523781182131,入账,1.91,聚合账户,货款结算入账,小店自卖,'6925558315897487189,'6925558315897487189,'SS76306667946428994920019,2026-04-12 22:07:17,'3776769690882408946,简约三角形头发抓夹高级鲨鱼夹2025秋冬新款发夹后脑勺盘发夹子女,,,普通订单,0.01,0,0,1.91,0,0,0,0,0,0,0,0,-0.01,0,0,0,0,0,0,是-商品卡免佣,0.07,义乌市黎既电子商务商行（个体工商户）,订单结算
2026-04-23 15:30:36,'2026042315302115659835342131,入账,3.51,聚合账户,货款结算入账,精选联盟,'6952138318549161545,'6952138318549161545,'SS76306787462673413270031,2026-04-17 08:11:22,'3807732934811713667,新款牡丹花羽毛抓夹女高颜值轻奢时尚百搭鲨鱼夹发饰头饰夹发神器,'0,,普通订单,2.73,0,0,1.16,0,0,0,0,0,0,0,0,-0.19,0,0,0,0,-0.19,0,,0,义乌市黎既电子商务商行（个体工商户）,订单结算
2026-04-23 15:30:53,'2026042315304305162770012131,入账,2.43,聚合账户,货款结算入账,精选联盟,'6925638997511535770,'6925638997511535770,'SS76305653022006195660130,2026-04-16 19:00:55,'3784368456477049055,韩国气质碎钻满天星抓夹女后脑勺半扎发鲨鱼夹发量少百搭发卡头饰,'0,,普通订单,0.01,0,0,2.68,0,0,0,0,0,0,0,0,-0.13,0,0,0,0,-0.13,0,,0,义乌市黎既电子商务商行（个体工商户）,订单结算
2026-04-23 15:34:08,'2026042315335632849758812131,入账,3.81,聚合账户,货款结算入账,小店自卖,'6925639738195738403,'6925639738195738403,'SS76306427443483776190118,2026-04-16 23:56:21,'3806818304228720842,整理神器可爱蝴蝶结小猫无痕刘海贴魔术贴发饰少女前额侧边碎发贴,,,普通订单,2.83,0,0,1,0,0,0,0,0,0,0,0,-0.02,0,0,0,0,0,0,是-商品卡免佣,0.15,义乌市黎既电子商务商行（个体工商户）,订单结算
2026-04-23 15:34:38,'2026042315342927729594942131,入账,3.95,聚合账户,货款结算入账,小店自卖,'6952157670273324277,'6952157670273324277,'SS76307030226201807460228,2026-04-18 00:07:21,'3806293802847699345,韩式豹纹波点褶皱高级扭扭马尾卡通风香蕉发夹后脑勺显发发卡头饰,,,普通订单,0.01,0,0,3.96,0,0,0,0,0,0,0,0,-0.02,0,0,0,0,0,0,是-商品卡免佣,0.15,义乌市黎既电子商务商行（个体工商户）,订单结算
2026-04-23 15:35:02,'2026042315345418163185022131,入账,3.66,聚合账户,货款结算入账,小店自卖,'6925674648525569056,'6925674648525569056,'SS76306839713666998110247,2026-04-17 23:14:38,'3763932675732275215,简约高马尾香蕉夹抓夹女高级感2025新款大号一字扭扭夹发夹发饰夏,,,普通订单,0.01,0,0,3.67,0,0,0,0,0,0,0,0,-0.02,0,0,0,0,0,0,是-商品卡免佣,0.15,义乌市黎既电子商务商行（个体工商户）,订单结算
2026-04-23 15:35:52,'2026042315354214473464702131,入账,2.43,聚合账户,货款结算入账,精选联盟,'6952035014151247141,'6952035014151247141,'SS76307439143500231770039,2026-04-13 15:18:56,'3784368456477049055,韩国气质碎钻满天星抓夹女后脑勺半扎发鲨鱼夹发量少百搭发卡头饰,'0,,普通订单,0.01,0,0,2.68,0,0,0,0,0,0,0,0,-0.13,0,0,0,0,-0.13,0,,0,义乌市黎既电子商务商行（个体工商户）,订单结算
2026-04-23 15:37:08,'2026042315365531501192032131,入账,3.45,聚合账户,货款结算入账,精选联盟,'6952052972150265377,'6952052972150265377,'SS76307440395663608470184,2026-04-13 15:22:19,'3784368456477049055,韩国气质碎钻满天星抓夹女后脑勺半扎发鲨鱼夹发量少百搭发卡头饰,'0,,普通订单,0.01,0,0,3.82,0,0,0,0,0,0,0,0,-0.19,0,0,0,0,-0.19,0,,0,义乌市黎既电子商务商行（个体工商户）,订单结算
2026-04-23 15:38:42,'2026042315383117414884272131,入账,2.32,聚合账户,货款结算入账,精选联盟,'6925614030795210083,'6925614030795210083,'SS76308350960351485840071,2026-04-15 20:21:17,'3809235146834575749,可爱新春小狗香蕉夹女高马尾扭扭夹红色竖夹高级感2026韩新款发夹,'0,,普通订单,0.01,0,0,2.57,0,0,0,0,0,0,0,0,-0.13,0,0,0,0,-0.13,0,,0,义乌市黎既电子商务商行（个体工商户）,订单结算
2026-04-23 15:43:16,'2026042315430604194634652131,入账,1.66,聚合账户,货款结算入账,精选联盟,'6952193067764815243,'6952193067764815243,'SS76308506440599642110244,2026-04-19 13:07:19,'3739529509091803226,2025新款带齿防滑头箍不勒头碎发整理发捆头饰高颅顶大波浪发发饰,'0,,普通订单,1.34,0,0,0.57,0,0,0,0,0,0,0,0,-0.1,0,0,0,0,-0.15,0,,0,义乌市黎既电子商务商行（个体工商户）,订单结算
2026-04-23 15:43:16,'2026042315430130172451902131,入账,2.63,聚合账户,货款结算入账,精选联盟,'6925699357452041567,'6925699357452041567,'SS76308256313573873140060,2026-04-18 16:45:18,'3807978711932863082,新款发箍女款洗脸专用压发带齿防滑简约碎发头箍高颅头饰防掉百搭,'0,,普通订单,2.65,0,0,0.28,0,0,0,0,0,0,0,0,-0.15,0,0,0,0,-0.15,0,,0,义乌市黎既电子商务商行（个体工商户）,订单结算
2026-04-23 15:43:16,'2026042315430309530248112131,入账,2.37,聚合账户,货款结算入账,小店自卖,'6925652949774532325,'6925652949774532325,'SS76306752591924270350241,2026-04-16 21:16:02,'3750814048090980744,新款轻奢高级网纱闪亮夏季水钻太阳花朵发圈发绳扎马尾不伤发皮筋,,,普通订单,0.35,0,0,2.15,0,0,0,0,0,0,0,0,-0.13,0,0,0,0,0,0,,0,义乌市黎既电子商务商行（个体工商户）,订单结算
2026-04-23 15:43:16,'2026042315430332178342812131,入账,1.95,聚合账户,货款结算入账,小店自卖,'6925627039368182995,'6925627039368182995,'SS76307005475754521690235,2026-04-15 20:47:55,'3806280662462366067,kitty猫~刘海贴精致可爱甜美少女棉花糖猫兔碎发贴魔术贴无痕发饰,,,普通订单,0.01,0,0,1.95,0,0,0,0,0,0,0,0,-0.01,0,0,0,0,0,0,是-商品卡免佣,0.07,义乌市黎既电子商务商行（个体工商户）,订单结算
2026-04-23 15:43:16,'2026042315430202693701312131,入账,3.52,聚合账户,货款结算入账,小店自卖,'6952133094741907113,'6952133094741907113,'SS76306694997249439220071,2026-04-16 14:58:34,'3757473223135068613,小女孩卡通盘发杆盘发器儿童公主丸子头盘发神器女童简约盘发器,,,普通订单,2.98,0,0,0.73,0,0,0,0,0,0,0,0,-0.19,0,0,0,0,0,0,,0,义乌市黎既电子商务商行（个体工商户）,订单结算
2026-04-23 15:43:16,'2026042315430536960056862131,入账,3.47,聚合账户,货款结算入账,精选联盟,'6952170587463357507,'6952170587463357507,'SS76308707787746391140180,2026-04-18 00:42:53,'3757678157491208600,夏季简约醋酸发夹边夹侧边碎发刘海夹女2025新款ins前额bb夹头饰,'0,,普通订单,2.22,0.49,0,1.73,0,0,0,0,0,0,0,0,-0.2,0,0,0,0,-0.28,0,,0,义乌市黎既电子商务商行（个体工商户）,订单结算
2026-04-23 15:43:16,'2026042315430428736397212131,入账,2.56,聚合账户,货款结算入账,小店自卖,'6925676401277828304,'6925676401277828304,'SS76307981871852794980110,2026-04-17 20:59:42,'3784368456477049055,韩国气质碎钻满天星抓夹女后脑勺半扎发鲨鱼夹发量少百搭发卡头饰,,,普通订单,1.89,0,0,0.8,0,0,0,0,0,0,0,0,-0.13,0,0,0,0,0,0,,0,义乌市黎既电子商务商行（个体工商户）,订单结算
2026-04-23 15:43:16,'2026042315430509480647742131,入账,1.95,聚合账户,货款结算入账,小店自卖,'6952141599395615757,'6952141599395615757,'SS76307795461786017700121,2026-04-17 17:35:36,'3806280662462366067,kitty猫~刘海贴精致可爱甜美少女棉花糖猫兔碎发贴魔术贴无痕发饰,,,普通订单,0.01,0,0,1.95,0,0,0,0,0,0,0,0,-0.01,0,0,0,0,0,0,是-商品卡免佣,0.07,义乌市黎既电子商务商行（个体工商户）,订单结算
2026-04-23 15:43:16,'2026042315430715106378432131,入账,1.42,聚合账户,货款结算入账,小店自卖,'6952143220545098794,'6952143220545098794,'SS76307485923739571540117,2026-04-17 14:10:49,'3751357236916650172,甜美蝴蝶结少女风发圈蕾丝双层温柔韩版橡皮筋时少女蕾丝发圈,,,普通订单,1.05,0,0,0.44,0,0,0,0,0,0,0,0,-0.07,0,0,0,0,0,0,,0,义乌市黎既电子商务商行（个体工商户）,订单结算
2026-04-23 15:43:16,'2026042315430537858517022131,入账,1.72,聚合账户,货款结算入账,精选联盟,'6952138919275010019,'6952138919275010019,'SS76308059595227471700195,2026-04-17 15:13:06,'3776769690882408946,简约三角形头发抓夹高级鲨鱼夹2025秋冬新款发夹后脑勺盘发夹子女,'7523144157037773884,哈基米的米,普通订单,1.35,0,0,0.57,0,0,0,0,0,0,0,0,-0.1,-0.1,0,0,0,0,0,,0,义乌市黎既电子商务商行（个体工商户）,订单结算
2026-04-23 15:43:30,'2026042315431909195686662131,入账,8.32,聚合账户,货款结算入账,小店自卖,'6952151208706643157,'6952151208706643157,'SS76307477362954078780053,2026-04-18 10:09:10,'3811458741396701435,2026年新款超仙甜美蝴蝶大号盘发抓夹女高级感后脑勺鲨鱼夹头饰品,,,普通订单,7.77,0,0,0.99,0,0,0,0,0,0,0,0,-0.44,0,0,0,0,0,0,,0,义乌市黎既电子商务商行（个体工商户）,订单结算
2026-04-23 15:45:03,'2026042315444815870692182131,入账,2.43,聚合账户,货款结算入账,精选联盟,'6952053630541436520,'6952053630541436520,'SS76307784791069335190111,2026-04-13 21:39:15,'3784368456477049055,韩国气质碎钻满天星抓夹女后脑勺半扎发鲨鱼夹发量少百搭发卡头饰,'0,,普通订单,0.01,0,0,2.68,0,0,0,0,0,0,0,0,-0.13,0,0,0,0,-0.13,0,,0,义乌市黎既电子商务商行（个体工商户）,订单结算
2026-04-23 15:45:59,'2026042315454641455948862131,入账,1.86,聚合账户,货款结算入账,小店自卖,'6952038632615778249,'6952038632615778249,'SS76306632587936898980169,2026-04-12 23:53:33,'3806280662462366067,kitty猫~刘海贴精致可爱甜美少女棉花糖猫兔碎发贴魔术贴无痕发饰,,,普通订单,0.01,0,0,1.95,0,0,0,0,0,0,0,0,-0.1,0,0,0,0,0,0,,0,义乌市黎既电子商务商行（个体工商户）,订单结算
2026-04-23 15:46:04,'2026042315455233192719512131,入账,3.35,聚合账户,货款结算入账,精选联盟,'6952028251822036416,'6952028251822036416,'SS76307475650800071870054,2026-04-13 10:45:51,'3746150076641313252,网红简约ins纯色宽边发带高颅顶白色发箍女运动健身夏季头饰发饰,'0,,普通订单,2.53,0.9,0,1.24,0,0,0,0,0,0,0,0,-0.19,0,0,0,0,-0.23,0,,0,义乌市黎既电子商务商行（个体工商户）,订单结算
2026-04-23 15:46:56,'2026042315464331219551182131,入账,2.43,聚合账户,货款结算入账,精选联盟,'6925552670235393084,'6925552670235393084,'SS76307437361291108110199,2026-04-13 08:55:25,'3784368456477049055,韩国气质碎钻满天星抓夹女后脑勺半扎发鲨鱼夹发量少百搭发卡头饰,'0,,普通订单,0.69,0,0,2,0,0,0,0,0,0,0,0,-0.13,0,0,0,0,-0.13,0,,0,义乌市黎既电子商务商行（个体工商户）,订单结算
2026-04-23 15:47:21,'2026042315471040486182492131,入账,2.67,聚合账户,货款结算入账,小店自卖,'6925576676521115017,'6925576676521115017,'SS76307438925995750900115,2026-04-13 14:19:14,'3784368456477049055,韩国气质碎钻满天星抓夹女后脑勺半扎发鲨鱼夹发量少百搭发卡头饰,,,普通订单,0.69,0,0,2,0,0,0,0,0,0,0,0,-0.02,0,0,0,0,0,0,是-商品卡免佣,0.15,义乌市黎既电子商务商行（个体工商户）,订单结算
2026-04-23 15:49:00,'2026042315484706000973212131,入账,3.81,聚合账户,货款结算入账,小店自卖,'6925687740984950662,'6925687740984950662,'SS76306755852298204250231,2026-04-18 08:08:00,'3784368456477049055,韩国气质碎钻满天星抓夹女后脑勺半扎发鲨鱼夹发量少百搭发卡头饰,,,普通订单,0.01,0,0,3.82,0,0,0,0,0,0,0,0,-0.02,0,0,0,0,0,0,是-商品卡免佣,0.15,义乌市黎既电子商务商行（个体工商户）,订单结算
2026-04-23 15:59:20,'2026042315590906090470672131,出账,1,聚合账户,小额打款,,'6925496417144962346,'6925496417144962346,,,,,,,普通订单,0,0,0,0,0,0,0,0,0,0,0,0,0,0,0,0,0,0,0,,0,义乌市黎既电子商务商行（个体工商户）,商家向消费者小额打款-“其他”
2026-04-23 16:34:28,'2026042316341409781417482131,出账,2,聚合账户,小额打款,,'6952108706209732043,'6952108706209732043,,,,,,,普通订单,0,0,0,0,0,0,0,0,0,0,0,0,0,0,0,0,0,0,0,,0,义乌市黎既电子商务商行（个体工商户）,商家向消费者小额打款-“其他”
2026-04-23 16:47:54,'2026042316474000823795352131,出账,2,聚合账户,小额打款,,'6952173972739134765,'6952173972739134765,,,,,,,普通订单,0,0,0,0,0,0,0,0,0,0,0,0,0,0,0,0,0,0,0,,0,义乌市黎既电子商务商行（个体工商户）,商家向消费者小额打款-“其他”
2026-04-23 17:33:10,'2026042317325503997578872131,出账,1,聚合账户,小额打款,,'6952146688760289192,'6952146688760289192,,,,,,,普通订单,0,0,0,0,0,0,0,0,0,0,0,0,0,0,0,0,0,0,0,,0,义乌市黎既电子商务商行（个体工商户）,商家向消费者小额打款-“其他”
2026-04-23 17:41:23,'2026042317410903492743872131,出账,2,聚合账户,小额打款,,'6925686582924442839,'6925686582924442839,,,,,,,普通订单,0,0,0,0,0,0,0,0,0,0,0,0,0,0,0,0,0,0,0,,0,义乌市黎既电子商务商行（个体工商户）,商家向消费者小额打款-“其他”
2026-04-23 17:44:48,'2026042317443508691430752131,出账,2,聚合账户,小额打款,,'6925750150887210904,'6925750150887210904,,,,,,,普通订单,0,0,0,0,0,0,0,0,0,0,0,0,0,0,0,0,0,0,0,,0,义乌市黎既电子商务商行（个体工商户）,商家向消费者小额打款-“其他”
2026-04-23 17:57:40,'2026042317572636832873052131,出账,2,聚合账户,小额打款,,'6952176320624661984,'6952176320624661984,,,,,,,普通订单,0,0,0,0,0,0,0,0,0,0,0,0,0,0,0,0,0,0,0,,0,义乌市黎既电子商务商行（个体工商户）,商家向消费者小额打款-“其他”
2026-04-23 18:03:28,'2026042318031332520279422131,出账,2,聚合账户,小额打款,,'6925710832960896195,'6925710832960896195,,,,,,,普通订单,0,0,0,0,0,0,0,0,0,0,0,0,0,0,0,0,0,0,0,,0,义乌市黎既电子商务商行（个体工商户）,商家向消费者小额打款-“其他”
2026-04-23 18:19:16,'2026042318190200848366462131,出账,1,聚合账户,小额打款,,'6952255171917714583,'6952255171917714583,,,,,,,普通订单,0,0,0,0,0,0,0,0,0,0,0,0,0,0,0,0,0,0,0,,0,义乌市黎既电子商务商行（个体工商户）,商家向消费者小额打款-“其他”
2026-04-23 18:25:48,'2026042318253414620636572131,出账,1,聚合账户,小额打款,,'6952100627131602105,'6952100627131602105,,,,,,,普通订单,0,0,0,0,0,0,0,0,0,0,0,0,0,0,0,0,0,0,0,,0,义乌市黎既电子商务商行（个体工商户）,商家向消费者小额打款-“其他”
2026-04-23 18:37:38,'2026042318372500173675902131,出账,1,聚合账户,小额打款,,'6925763843243015338,'6925763843243015338,,,,,,,普通订单,0,0,0,0,0,0,0,0,0,0,0,0,0,0,0,0,0,0,0,,0,义乌市黎既电子商务商行（个体工商户）,商家向消费者小额打款-“其他”
2026-04-23 18:40:23,'2026042318401114097784752131,出账,2,聚合账户,小额打款,,'6925666117082447524,'6925666117082447524,,,,,,,普通订单,0,0,0,0,0,0,0,0,0,0,0,0,0,0,0,0,0,0,0,,0,义乌市黎既电子商务商行（个体工商户）,商家向消费者小额打款-“其他”
2026-04-23 18:46:31,'2026042318461813637432702131,出账,2,聚合账户,小额打款,,'6952267316095096388,'6952267316095096388,,,,,,,普通订单,0,0,0,0,0,0,0,0,0,0,0,0,0,0,0,0,0,0,0,,0,义乌市黎既电子商务商行（个体工商户）,商家向消费者小额打款-“其他”
2026-04-23 19:06:55,'2026042319064318841114002131,出账,2,聚合账户,小额打款,,'6952237413487678936,'6952237413487678936,,,,,,,普通订单,0,0,0,0,0,0,0,0,0,0,0,0,0,0,0,0,0,0,0,,0,义乌市黎既电子商务商行（个体工商户）,商家向消费者小额打款-“其他”
2026-04-23 19:30:02,'2026042319294902987630342131,出账,2,聚合账户,小额打款,,'6952258128351663122,'6952258128351663122,,,,,,,普通订单,0,0,0,0,0,0,0,0,0,0,0,0,0,0,0,0,0,0,0,,0,义乌市黎既电子商务商行（个体工商户）,商家向消费者小额打款-“其他”
2026-04-23 19:50:07,'2026042319495200427630142131,出账,2,聚合账户,小额打款,,'6925684578894642953,'6925684578894642953,,,,,,,普通订单,0,0,0,0,0,0,0,0,0,0,0,0,0,0,0,0,0,0,0,,0,义乌市黎既电子商务商行（个体工商户）,商家向消费者小额打款-“其他”
2026-04-23 20:12:46,'2026042320123204123527772131,出账,2,聚合账户,小额打款,,'6952209454045008903,'6952209454045008903,,,,,,,普通订单,0,0,0,0,0,0,0,0,0,0,0,0,0,0,0,0,0,0,0,,0,义乌市黎既电子商务商行（个体工商户）,商家向消费者小额打款-“其他”
2026-04-23 20:16:03,'2026042320155116640128412131,出账,2,聚合账户,小额打款,,'6952248957031224891,'6952248957031224891,,,,,,,普通订单,0,0,0,0,0,0,0,0,0,0,0,0,0,0,0,0,0,0,0,,0,义乌市黎既电子商务商行（个体工商户）,商家向消费者小额打款-“其他”
2026-04-23 20:27:20,'2026042320270600363279762131,出账,2,聚合账户,小额打款,,'6952217269203900387,'6952217269203900387,,,,,,,普通订单,0,0,0,0,0,0,0,0,0,0,0,0,0,0,0,0,0,0,0,,0,义乌市黎既电子商务商行（个体工商户）,商家向消费者小额打款-“其他”
2026-04-23 20:28:50,'2026042320283719213358512131,出账,1,聚合账户,小额打款,,'6952256698997806555,'6952256698997806555,,,,,,,普通订单,0,0,0,0,0,0,0,0,0,0,0,0,0,0,0,0,0,0,0,,0,义乌市黎既电子商务商行（个体工商户）,商家向消费者小额打款-“其他”
2026-04-23 20:39:49,'2026042320393501728847742131,出账,2,聚合账户,小额打款,,'6925715427771251776,'6925715427771251776,,,,,,,普通订单,0,0,0,0,0,0,0,0,0,0,0,0,0,0,0,0,0,0,0,,0,义乌市黎既电子商务商行（个体工商户）,商家向消费者小额打款-“其他”
2026-04-23 20:43:54,'2026042320434100089295422131,出账,2,聚合账户,小额打款,,'6952249938908354430,'6952249938908354430,,,,,,,普通订单,0,0,0,0,0,0,0,0,0,0,0,0,0,0,0,0,0,0,0,,0,义乌市黎既电子商务商行（个体工商户）,商家向消费者小额打款-“其他”
2026-04-23 20:47:30,'2026042320471634863024642131,出账,2,聚合账户,小额打款,,'6925727142232030249,'6925727142232030249,,,,,,,普通订单,0,0,0,0,0,0,0,0,0,0,0,0,0,0,0,0,0,0,0,,0,义乌市黎既电子商务商行（个体工商户）,商家向消费者小额打款-“其他”
2026-04-23 20:58:16,'2026042320580534058409392131,出账,2,聚合账户,小额打款,,'6925707172130422640,'6925707172130422640,,,,,,,普通订单,0,0,0,0,0,0,0,0,0,0,0,0,0,0,0,0,0,0,0,,0,义乌市黎既电子商务商行（个体工商户）,商家向消费者小额打款-“其他”
2026-04-23 21:08:43,'2026042321083505288435262131,出账,1,聚合账户,小额打款,,'6952195804862485589,'6952195804862485589,,,,,,,普通订单,0,0,0,0,0,0,0,0,0,0,0,0,0,0,0,0,0,0,0,,0,义乌市黎既电子商务商行（个体工商户）,商家向消费者小额打款-“其他”
2026-04-23 21:13:05,'2026042321125316545390462131,出账,1,聚合账户,小额打款,,'6925760689530764353,'6925760689530764353,,,,,,,普通订单,0,0,0,0,0,0,0,0,0,0,0,0,0,0,0,0,0,0,0,,0,义乌市黎既电子商务商行（个体工商户）,商家向消费者小额打款-“其他”
2026-04-23 21:20:35,'2026042321202320221463442131,出账,1,聚合账户,小额打款,,'6925760689530764353,'6925760689530764353,,,,,,,普通订单,0,0,0,0,0,0,0,0,0,0,0,0,0,0,0,0,0,0,0,,0,义乌市黎既电子商务商行（个体工商户）,商家向消费者小额打款-“其他”
2026-04-23 21:23:51,'2026042321233627692567552131,出账,2,聚合账户,小额打款,,'6952182926132646923,'6952182926132646923,,,,,,,普通订单,0,0,0,0,0,0,0,0,0,0,0,0,0,0,0,0,0,0,0,,0,义乌市黎既电子商务商行（个体工商户）,商家向消费者小额打款-“其他”
2026-04-23 21:27:28,'2026042321271424211628042131,出账,2,聚合账户,小额打款,,'6925691253964635728,'6925691253964635728,,,,,,,普通订单,0,0,0,0,0,0,0,0,0,0,0,0,0,0,0,0,0,0,0,,0,义乌市黎既电子商务商行（个体工商户）,商家向消费者小额打款-“其他”
2026-04-23 21:33:24,'2026042321331236744770992131,出账,1,聚合账户,小额打款,,'6952148727276836023,'6952148727276836023,,,,,,,普通订单,0,0,0,0,0,0,0,0,0,0,0,0,0,0,0,0,0,0,0,,0,义乌市黎既电子商务商行（个体工商户）,商家向消费者小额打款-“其他”
2026-04-23 22:20:50,'2026042322203904047178642131,出账,2,聚合账户,小额打款,,'6925734968981421658,'6925734968981421658,,,,,,,普通订单,0,0,0,0,0,0,0,0,0,0,0,0,0,0,0,0,0,0,0,,0,义乌市黎既电子商务商行（个体工商户）,商家向消费者小额打款-“其他”
2026-04-23 23:17:00,'2026042323164836597314902131,出账,1,聚合账户,小额打款,,'6925678757516639522,'6925678757516639522,,,,,,,普通订单,0,0,0,0,0,0,0,0,0,0,0,0,0,0,0,0,0,0,0,,0,义乌市黎既电子商务商行（个体工商户）,商家向消费者小额打款-“其他”
