动账时间,动帐流水号,动账方向,动账金额,动账账户,动账场景,计费类型,子订单号,订单号,售后编号,下单时间,商品ID,商品名称,达人ID,达人名称,订单类型,订单实付应结,运费实付,实际平台补贴_运费,实际平台补贴,其他平台补贴,以旧换新抵扣,政府补贴平台垫资,实际达人补贴,实际抖音支付补贴,实际抖音月付营销补贴,银行补贴,订单退款,平台服务费,佣金,服务商佣金,渠道分成,招商服务费,站外推广费,其他分成,是否免佣,免佣金额,商户主体名称,备注
2026-04-23 01:09:22,'2026042301091818588144740159,入账,4.39,聚合账户,货款结算入账,小店自卖,'6952096031587440328,'6952096031587440328,'SS76292740138235333210063,2026-04-15 15:59:45,'3806656594406670373,虞书欣同款发扣小金属圆圈环扣刘海前额侧边边夹发夹抓夹发卡夹子,,,普通订单,4.42,0,0,0,0,0,0,0,0,0,0,0,-0.03,0,0,0,0,0,0,是-商品卡免佣,0.22,义乌市衍郝电子商务商行,订单结算
2026-04-23 01:09:22,'2026042301091832553743820159,入账,4.38,聚合账户,货款结算入账,小店自卖,'6952053767872976828,'6952053767872976828,'SS76307879200604326910238,2026-04-13 22:46:52,'3752323576548688241,中国风孔雀盘发器女生古典旗袍发饰丸子懒人高级感饰品优雅发夹女,,,普通订单,4.61,0.8,0,0,0,0,0,0,0,0,0,0,-0.23,0,0,0,0,0,0,,0,义乌市衍郝电子商务商行,订单结算
2026-04-23 01:09:22,'2026042301091727444841470159,入账,4.96,聚合账户,货款结算入账,小店自卖,'6952030315375629920,'6952030315375629920,'SS76307390011055966980111,2026-04-13 11:26:40,'3809625164249956608,孕妇专用防滑拖鞋女士夏季家居家室内静音浴室洗澡防臭凉拖鞋外穿,,,普通订单,4.99,0,0,0,0,0,0,0,0,0,0,0,-0.03,0,0,0,0,0,0,是-商品卡免佣,0.22,义乌市衍郝电子商务商行,订单结算
2026-04-23 01:09:22,'2026042301091728159188910159,入账,4.96,聚合账户,货款结算入账,小店自卖,'6925548463925264273,'6925548463925264273,'SS76306423191967173540090,2026-04-12 15:35:28,'3809625164249956608,孕妇专用防滑拖鞋女士夏季家居家室内静音浴室洗澡防臭凉拖鞋外穿,,,普通订单,4.99,0,0,0,0,0,0,0,0,0,0,0,-0.03,0,0,0,0,0,0,是-商品卡免佣,0.22,义乌市衍郝电子商务商行,订单结算
2026-04-23 01:09:23,'2026042301091912379430460159,入账,5.07,聚合账户,货款结算入账,小店自卖,'6925559343122317030,'6925559343122317030,'SS76306999978682949530140,2026-04-13 10:50:12,'3776807804489302292,豹纹ins爱心发夹女一字夹高端碎发前额刘大号在成人前额碎发夹子,,,普通订单,5.1,0,0,0,0,0,0,0,0,0,0,0,-0.03,0,0,0,0,0,0,是-商品卡免佣,0.22,义乌市衍郝电子商务商行,订单结算
2026-04-23 01:09:41,'2026042301093712247698340159,入账,3.23,聚合账户,货款结算入账,小店自卖,'6925552582050348530,'6925552582050348530,'SS76306421590828812860079,2026-04-13 07:54:05,'3809975766641410463,高级感水钻珠珠一字扭扭夹2026新款盘发抓夹后脑勺发量多发夹头饰,,,普通订单,3.25,0,0,0,0,0,0,0,0,0,0,0,-0.02,0,0,0,0,0,0,是-商品卡免佣,0.15,义乌市衍郝电子商务商行,订单结算
2026-04-23 01:09:41,'2026042301093521654615400159,入账,5.65,聚合账户,货款结算入账,小店自卖,'6925576789306867551,'6925576789306867551,'SS76307480122514808860007,2026-04-13 15:27:13,'3770285441140523382,高级网红爆款公主2025新款大号双面蝴蝶结抓夹发卡在成人发夹子,,,普通订单,5.68,0.8,0,0,0,0,0,0,0,0,0,0,-0.03,0,0,0,0,0,0,是-商品卡免佣,0.22,义乌市衍郝电子商务商行,订单结算
2026-04-23 01:09:41,'2026042301093731796437110159,入账,3.54,聚合账户,货款结算入账,小店自卖,'6925559564787547276,'6925559564787547276,'SS76307480028524060220007,2026-04-13 12:00:19,'3769324498243944878,精致满钻前额刘海公主头发夹侧边小抓夹女大号在成人前额碎发夹子,,,普通订单,3.56,0,0,0,0,0,0,0,0,0,0,0,-0.02,0,0,0,0,0,0,是-商品卡免佣,0.15,义乌市衍郝电子商务商行,订单结算
2026-04-23 01:09:41,'2026042301093739552660900159,入账,8.45,聚合账户,货款结算入账,小店自卖,'6951998335310567175,'6951998335310567175,'SS76306671643410598860136,2026-04-12 20:54:08,'3800198492568289686,买一送一爆款凉拖鞋男士夏季情侣2026新款家居防滑防臭厚底拖鞋女,,,普通订单,8.9,0,0,0,0,0,0,0,0,0,0,0,-0.45,0,0,0,0,0,0,,0,义乌市衍郝电子商务商行,订单结算
2026-04-23 01:09:41,'2026042301093804320136040159,入账,3.6,聚合账户,货款结算入账,小店自卖,'6952091200676107706,'6952091200676107706,'SS76306277553565906380129,2026-04-15 11:40:02,'3770472003925049565,小号水钻蝴蝶结侧边鸭嘴夹水晶发卡高级感大号在成人前额碎发夹子,,,普通订单,4.62,0,0,0,0,0,0,0,0,0,0,-1,-0.02,0,0,0,0,0,0,是-商品卡免佣,0.15,义乌市衍郝电子商务商行,订单结算
2026-04-23 01:10:02,'2026042301095823446656400159,入账,2.49,聚合账户,货款结算入账,小店自卖,'6952020958320662118,'6952020958320662118,'SS76306667805915221020049,2026-04-12 21:36:18,'3772156741312184708,鸡蛋花抓夹2025新款高级感花朵夹子洋气发大号在网红成人碎发夹子,,,普通订单,2.51,0,0,0,0,0,0,0,0,0,0,0,-0.02,0,0,0,0,0,0,是-商品卡免佣,0.15,义乌市衍郝电子商务商行,订单结算
2026-04-23 01:10:02,'2026042301095903119396270159,入账,4.74,聚合账户,货款结算入账,小店自卖,'6925567420376775847,'6925567420376775847,'SS76307241613793039780231,2026-04-13 13:18:39,'3809625164249956608,孕妇专用防滑拖鞋女士夏季家居家室内静音浴室洗澡防臭凉拖鞋外穿,,,普通订单,4.99,0,0,0,0,0,0,0,0,0,0,0,-0.25,0,0,0,0,0,0,,0,义乌市衍郝电子商务商行,订单结算
2026-04-23 01:10:02,'2026042301095724803415470159,入账,2.52,聚合账户,货款结算入账,小店自卖,'6925556264826207234,'6925556264826207234,'SS76306668492184455780038,2026-04-12 23:58:19,'3776807804489302292,豹纹ins爱心发夹女一字夹高端碎发前额刘大号在成人前额碎发夹子,,,普通订单,2.54,0,0,0,0,0,0,0,0,0,0,0,-0.02,0,0,0,0,0,0,是-商品卡免佣,0.15,义乌市衍郝电子商务商行,订单结算
2026-04-23 01:10:02,'2026042301095830089876880159,入账,4.27,聚合账户,货款结算入账,小店自卖,'6952048161881396294,'6952048161881396294,'SS76307255580032251280149,2026-04-13 13:32:47,'3782730205794271838,韩系美拉德咖色圆环宽边发箍女2025新款日常外带秋红色蝴蝶结发饰,,,普通订单,4.49,0,0,0,0,0,0,0,0,0,0,0,-0.22,0,0,0,0,0,0,,0,义乌市衍郝电子商务商行,订单结算
2026-04-23 01:10:02,'2026042301095731091307930159,入账,4.74,聚合账户,货款结算入账,小店自卖,'6925553229272088137,'6925553229272088137,'SS76306428979521462220112,2026-04-12 14:38:01,'3809625164249956608,孕妇专用防滑拖鞋女士夏季家居家室内静音浴室洗澡防臭凉拖鞋外穿,,,普通订单,4.99,0,0,0,0,0,0,0,0,0,0,0,-0.25,0,0,0,0,0,0,,0,义乌市衍郝电子商务商行,订单结算
2026-04-23 01:10:43,'2026042301103808079772590159,入账,3.36,聚合账户,货款结算入账,小店自卖,'6925554549077671121,'6925554549077671121,'SS76306607574375142740177,2026-04-12 23:13:48,'3812796426258350389,夏天简约随手盘发一字扭扭夹水钻抓夹高级发夹扭扭后脑勺盘发器,,,普通订单,3.38,0,0,0,0,0,0,0,0,0,0,0,-0.02,0,0,0,0,0,0,是-商品卡免佣,0.15,义乌市衍郝电子商务商行,订单结算
2026-04-23 01:10:43,'2026042301103807305628220159,入账,3.54,聚合账户,货款结算入账,小店自卖,'6925547196300623175,'6925547196300623175,'SS76306668148940311190143,2026-04-12 23:16:45,'3752322399887033276,短发留长发过渡期神器半扎发发夹女后脑勺大号在成人前额碎发夹子,,,普通订单,3.56,0.8,0,0,0,0,0,0,0,0,0,0,-0.02,0,0,0,0,0,0,是-商品卡免佣,0.15,义乌市衍郝电子商务商行,订单结算
2026-04-23 01:10:43,'2026042301103901561889640159,入账,8.85,聚合账户,货款结算入账,小店自卖,'6952048383643358743,'6952048383643358743,'SS76305667240730304100076,2026-04-13 15:58:52,'3800198492568289686,买一送一爆款凉拖鞋男士夏季情侣2026新款家居防滑防臭厚底拖鞋女,,,普通订单,8.9,0,0,0,0,0,0,0,0,0,0,0,-0.05,0,0,0,0,0,0,是-商品卡免佣,0.37,义乌市衍郝电子商务商行,订单结算
2026-04-23 01:10:43,'2026042301103805602516890159,入账,7.93,聚合账户,货款结算入账,小店自卖,'6952067820118873244,'6952067820118742172,'SS76306457569080281700047,2026-04-14 14:17:14,'3812603893720941145,气质优雅波点蝴蝶结马尾夹女法式高级感香蕉夹竖夹扭扭夹发饰新款,,,普通订单,7.98,0,0,0,0,0,0,0,0,0,0,0,-0.05,0,0,0,0,0,0,是-商品卡免佣,0.37,义乌市衍郝电子商务商行,订单结算
2026-04-23 01:10:43,'2026042301103929909486510159,入账,4.87,聚合账户,货款结算入账,小店自卖,'6952015744401413743,'6952015744401413743,'SS76306424335421606660084,2026-04-12 15:14:51,'3800198492568289686,买一送一爆款凉拖鞋男士夏季情侣2026新款家居防滑防臭厚底拖鞋女,,,普通订单,4.9,0,0,0,0,0,0,0,0,0,0,0,-0.03,0,0,0,0,0,0,是-商品卡免佣,0.22,义乌市衍郝电子商务商行,订单结算
2026-04-23 01:10:59,'2026042301105540265653860159,入账,2.95,聚合账户,货款结算入账,小店自卖,'6952029907326932202,'6952029907326932202,'SS76306668553191593380048,2026-04-13 02:43:35,'3807233228251726216,发圈式啪啪圈~秋冬美拉德系懒人高马尾啪啪圈复古固定不塌神器,,,普通订单,2.97,0,0,0,0,0,0,0,0,0,0,0,-0.02,0,0,0,0,0,0,是-商品卡免佣,0.15,义乌市衍郝电子商务商行,订单结算
2026-04-23 01:10:59,'2026042301105518083023720159,入账,6.31,聚合账户,货款结算入账,小店自卖,'6925544780254248548,'6925544780254248548,'SS76306667086052890110131,2026-04-12 21:06:49,'3810919823941174195,中式复古洋气多层小蛮腰褶皱印花肥肠圈高端水墨皮筋耐用新款发圈,,,普通订单,6.35,0,0,0,0,0,0,0,0,0,0,0,-0.04,0,0,0,0,0,0,是-商品卡免佣,0.29,义乌市衍郝电子商务商行,订单结算
2026-04-23 01:10:59,'2026042301105620305556740159,入账,8.85,聚合账户,货款结算入账,小店自卖,'6952028266318468301,'6952028266318468301,'SS76307389230728486830135,2026-04-13 10:30:15,'3800198492568289686,买一送一爆款凉拖鞋男士夏季情侣2026新款家居防滑防臭厚底拖鞋女,,,普通订单,8.9,0,0,0,0,0,0,0,0,0,0,0,-0.05,0,0,0,0,0,0,是-商品卡免佣,0.37,义乌市衍郝电子商务商行,订单结算
2026-04-23 01:10:59,'2026042301105405467999140159,入账,8.85,聚合账户,货款结算入账,小店自卖,'6925541884961259030,'6925541884961259030,'SS76306344494625101230217,2026-04-12 16:46:58,'3800198492568289686,买一送一爆款凉拖鞋男士夏季情侣2026新款家居防滑防臭厚底拖鞋女,,,普通订单,8.9,0,0,0,0,0,0,0,0,0,0,0,-0.05,0,0,0,0,0,0,是-商品卡免佣,0.37,义乌市衍郝电子商务商行,订单结算
2026-04-23 01:10:59,'2026042301105510445299260159,入账,8.85,聚合账户,货款结算入账,小店自卖,'6925670331489222145,'6925670331489222145,'SS76306601303259714710247,2026-04-17 22:40:21,'3800198492568289686,买一送一爆款凉拖鞋男士夏季情侣2026新款家居防滑防臭厚底拖鞋女,,,普通订单,8.9,0,0,0,0,0,0,0,0,0,0,0,-0.05,0,0,0,0,0,0,是-商品卡免佣,0.37,义乌市衍郝电子商务商行,订单结算
2026-04-23 01:11:15,'2026042301111007769295450159,入账,4.02,聚合账户,货款结算入账,小店自卖,'6952033815331083655,'6952033815331083655,'SS76306667505520975710237,2026-04-12 21:15:17,'3770291082655564062,黑色H字母抓夹女2025新款后脑勺盘发夹子大号在成人大号毛绒鲨鱼,,,普通订单,4.04,0,0,0,0,0,0,0,0,0,0,0,-0.02,0,0,0,0,0,0,是-商品卡免佣,0.15,义乌市衍郝电子商务商行,订单结算
2026-04-23 01:11:15,'2026042301111041149568360159,入账,4.34,聚合账户,货款结算入账,小店自卖,'6925547022180122498,'6925547022180122498,'SS76306668220361610330036,2026-04-12 22:14:53,'3784557153768047337,加粗高弹力头绳发圈皮筋弹性毛绒简约秋冬季大咖色高弹力小熊头绳,,,普通订单,4.37,0,0,0,0,0,0,0,0,0,0,0,-0.03,0,0,0,0,0,0,是-商品卡免佣,0.22,义乌市衍郝电子商务商行,订单结算
2026-04-23 01:11:15,'2026042301110932323346280159,入账,5.17,聚合账户,货款结算入账,小店自卖,'6925548813691355019,'6925548813691355019,'SS76306672756119314180152,2026-04-12 18:59:37,'3812961166053999319,ins爆款卡通蓬松夹鸭嘴夹一字夹化妆发夹超萌可爱猫咪少女刘海夹,,,普通订单,5.2,0,0,0,0,0,0,0,0,0,0,0,-0.03,0,0,0,0,0,0,是-商品卡免佣,0.22,义乌市衍郝电子商务商行,订单结算
2026-04-23 01:11:15,'2026042301111116663191500159,入账,5.05,聚合账户,货款结算入账,小店自卖,'6952021893283125182,'6952021893283125182,'SS76306793312953475070094,2026-04-13 11:01:00,'3809278532480270543,儿童发圈女童不伤发头绳可爱草莓宝宝扎小啾啾皮筋小女孩发绳发饰,,,普通订单,5.08,1.1,0,0,0,0,0,0,0,0,0,0,-0.03,0,0,0,0,0,0,是-商品卡免佣,0.22,义乌市衍郝电子商务商行,订单结算
2026-04-23 01:11:15,'2026042301111004865395460159,入账,4.96,聚合账户,货款结算入账,小店自卖,'6952036647122769120,'6952036647122769120,'SS76307389547277192080026,2026-04-13 08:53:06,'3809625164249956608,孕妇专用防滑拖鞋女士夏季家居家室内静音浴室洗澡防臭凉拖鞋外穿,,,普通订单,4.99,0,0,0,0,0,0,0,0,0,0,0,-0.03,0,0,0,0,0,0,是-商品卡免佣,0.22,义乌市衍郝电子商务商行,订单结算
2026-04-23 01:11:26,'2026042301112300760919130159,入账,4.65,聚合账户,货款结算入账,小店自卖,'6952078200925460064,'6952078200925460064,'SS76307261801656325520142,2026-04-15 10:54:27,'3812240028327870813,粉色双面蝴蝶结香蕉夹竖夹超温柔!气质高马尾发夹后脑勺发夹发饰,,,普通订单,4.68,0,0,0,0,0,0,0,0,0,0,0,-0.03,0,0,0,0,0,0,是-商品卡免佣,0.22,义乌市衍郝电子商务商行,订单结算
2026-04-23 01:11:26,'2026042301112031544778430159,入账,3.95,聚合账户,货款结算入账,小店自卖,'6925536440864832967,'6925536440864832967,'SS76306666015592778510136,2026-04-12 18:11:58,'3752324184429166813,奇妙萌可大人卡通发夹可爱洋气花朵新款发卡立体发饰学生彩色头饰,,,普通订单,3.97,0,0,0,0,0,0,0,0,0,0,0,-0.02,0,0,0,0,0,0,是-商品卡免佣,0.15,义乌市衍郝电子商务商行,订单结算
2026-04-23 01:11:26,'2026042301112202279347460159,入账,5.75,聚合账户,货款结算入账,小店自卖,'6952021883570690023,'6952021883570690023,'SS76306778360617863870050,2026-04-13 11:04:17,'3812240028327870813,粉色双面蝴蝶结香蕉夹竖夹超温柔!气质高马尾发夹后脑勺发夹发饰,,,普通订单,6.05,0,0,0,0,0,0,0,0,0,0,0,-0.3,0,0,0,0,0,0,,0,义乌市衍郝电子商务商行,订单结算
2026-04-23 01:11:26,'2026042301112201078072730159,入账,17.87,聚合账户,货款结算入账,小店自卖,'6925548745287302272,'6925548745287236736,'SS76306666092042488510022,2026-04-12 18:30:19,'3809980984917622883,韩系高马尾香蕉夹竖夹女2026新款高级感发夹后脑勺大发量发饰头饰,,,普通订单,17.98,0,0,0,0,0,0,0,0,0,0,0,-0.11,0,0,0,0,0,0,是-商品卡免佣,0.81,义乌市衍郝电子商务商行,订单结算
2026-04-23 01:11:26,'2026042301112110769905140159,入账,5.17,聚合账户,货款结算入账,小店自卖,'6952025265498166367,'6952025265498166367,'SS76306668155633011700155,2026-04-13 00:01:43,'3812988718369865893,可爱小熊眼镜2026新款发卡发夹女边夹侧边鸭嘴夹前额刘海夹子头饰,,,普通订单,5.2,0,0,0,0,0,0,0,0,0,0,0,-0.03,0,0,0,0,0,0,是-商品卡免佣,0.22,义乌市衍郝电子商务商行,订单结算
2026-04-23 01:11:53,'2026042301114900342925320159,入账,3.95,聚合账户,货款结算入账,小店自卖,'6952046155712304732,'6952046155712304732,'SS76307255580492969320024,2026-04-13 14:06:59,'3789255495844495792,秋冬新款韩版女士束发带韩版毛绒洗脸发饰可爱猫耳朵发带明星同款,,,普通订单,3.97,0,0,0,0,0,0,0,0,0,0,0,-0.02,0,0,0,0,0,0,是-商品卡免佣,0.15,义乌市衍郝电子商务商行,订单结算
2026-04-23 01:11:53,'2026042301114914229222820159,入账,4.65,聚合账户,货款结算入账,小店自卖,'6925547778098429792,'6925547778098429792,'SS76307016598913193460222,2026-04-13 09:04:40,'3812796426258350389,夏天简约随手盘发一字扭扭夹水钻抓夹高级发夹扭扭后脑勺盘发器,,,普通订单,4.68,0,0,0,0,0,0,0,0,0,0,0,-0.03,0,0,0,0,0,0,是-商品卡免佣,0.22,义乌市衍郝电子商务商行,订单结算
2026-04-23 01:11:53,'2026042301114821944571510159,入账,3.48,聚合账户,货款结算入账,小店自卖,'6925546901966585118,'6925546901966585118,'SS76306667162867965700223,2026-04-12 21:46:06,'3782167075276063199,法式爱心香蕉夹发夹女2025新款高马尾固定大号在成人大号毛绒鲨鱼,,,普通订单,3.5,0,0,0,0,0,0,0,0,0,0,0,-0.02,0,0,0,0,0,0,是-商品卡免佣,0.15,义乌市衍郝电子商务商行,订单结算
2026-04-23 01:11:53,'2026042301114927646533520159,入账,3.63,聚合账户,货款结算入账,小店自卖,'6952015931138577681,'6952015931138577681,'SS76306666688213819280088,2026-04-12 17:02:25,'3798679044816503235,秋冬花朵鸭嘴夹女2026新款高级感后脑勺盘发一字夹子大号发夹头饰,,,普通订单,3.65,0,0,0,0,0,0,0,0,0,0,0,-0.02,0,0,0,0,0,0,是-商品卡免佣,0.15,义乌市衍郝电子商务商行,订单结算
2026-04-23 01:11:54,'2026042301114903280243350159,入账,8.54,聚合账户,货款结算入账,小店自卖,'6952143150869059389,'6952143150869059389,'SS76307509498160625070124,2026-04-17 13:15:55,'3664304111760895437,头花洋气抓夹发卡新款爆款高弹力发圈皮筋扎头绳扎头发皮筋马尾圈,,,普通订单,8.99,0,0,0,0,0,0,0,0,0,0,0,-0.45,0,0,0,0,0,0,,0,义乌市衍郝电子商务商行,订单结算
2026-04-23 01:12:18,'2026042301121312847027300159,入账,8.15,聚合账户,货款结算入账,小店自卖,'6952019135480010616,'6952019135480010616,'SS76307502322841357150179,2026-04-13 09:43:51,'3797749369206342546,豹纹大肠发圈高级小众手工韩国新款头绳编织显发量马尾丸子头发绳,,,普通订单,8.2,0,0,0,0,0,0,0,0,0,0,0,-0.05,0,0,0,0,0,0,是-商品卡免佣,0.37,义乌市衍郝电子商务商行,订单结算
2026-04-23 01:12:18,'2026042301121210079442420159,入账,4.85,聚合账户,货款结算入账,小店自卖,'6952014077386233595,'6952014077386233595,'SS76306420656101299740161,2026-04-12 21:06:06,'3807217918840799504,新款百搭2026可爱小狗香蕉夹竖夹发夹脑勺扭扭夹高马尾抓夹高级感,,,普通订单,4.88,0,0,0,0,0,0,0,0,0,0,0,-0.03,0,0,0,0,0,0,是-商品卡免佣,0.22,义乌市衍郝电子商务商行,订单结算
2026-04-23 01:12:18,'2026042301121315019871100159,入账,0.89,聚合账户,货款结算入账,小店自卖,'6952148882990437649,'6952148882990437649,'SS76308063025377121620249,2026-04-18 08:58:01,'3812961166053999319,ins爆款卡通蓬松夹鸭嘴夹一字夹化妆发夹超萌可爱猫咪少女刘海夹,,,普通订单,0.9,0,0,0,0,0,0,0,0,0,0,0,-0.01,0,0,0,0,0,0,是-商品卡免佣,0.07,义乌市衍郝电子商务商行,订单结算
2026-04-23 01:12:19,'2026042301121216250964540159,入账,7.12,聚合账户,货款结算入账,小店自卖,'6925576621476117699,'6925576621476117699,'SS76307389960546759770057,2026-04-13 13:57:04,'3809632216561090850,买一送一拖鞋男款外出耐穿夏天居家用室内厚底防滑防臭男女凉托鞋,,,普通订单,7.5,0,0,0,0,0,0,0,0,0,0,0,-0.38,0,0,0,0,0,0,,0,义乌市衍郝电子商务商行,订单结算
2026-04-23 01:12:19,'2026042301121410822620520159,入账,7.75,聚合账户,货款结算入账,小店自卖,'6925548017687624804,'6925548017687624804,'SS76307365911426834440195,2026-04-13 11:30:54,'3812988718369865893,可爱小熊眼镜2026新款发卡发夹女边夹侧边鸭嘴夹前额刘海夹子头饰,,,普通订单,7.8,0,0,0,0,0,0,0,0,0,0,0,-0.05,0,0,0,0,0,0,是-商品卡免佣,0.37,义乌市衍郝电子商务商行,订单结算
2026-04-23 01:12:32,'2026042301122831758753380159,入账,5.65,聚合账户,货款结算入账,小店自卖,'6952023827275191607,'6952023827275191607,'SS76307257603155113310095,2026-04-13 13:12:57,'3812796426258350389,夏天简约随手盘发一字扭扭夹水钻抓夹高级发夹扭扭后脑勺盘发器,,,普通订单,5.68,0,0,0,0,0,0,0,0,0,0,0,-0.03,0,0,0,0,0,0,是-商品卡免佣,0.22,义乌市衍郝电子商务商行,订单结算
2026-04-23 01:12:32,'2026042301122428912683580159,入账,8.85,聚合账户,货款结算入账,小店自卖,'6925627507952353095,'6925627507952353095,'SS76306917797126640900239,2026-04-15 23:37:45,'3800198492568289686,买一送一爆款凉拖鞋男士夏季情侣2026新款家居防滑防臭厚底拖鞋女,,,普通订单,8.9,0,0,0,0,0,0,0,0,0,0,0,-0.05,0,0,0,0,0,0,是-商品卡免佣,0.37,义乌市衍郝电子商务商行,订单结算
2026-04-23 01:12:32,'2026042301122709280724540159,入账,4.38,聚合账户,货款结算入账,小店自卖,'6925485259647253947,'6925485259647253947,'SS76291851980734139260083,2026-04-10 10:18:45,'3811102963569655948,春夏撞色蝴蝶结发夹发卡女后脑勺2026新款气质大号盘发鸭嘴夹发饰,,,普通订单,4.41,0,0,0,0,0,0,0,0,0,0,0,-0.03,0,0,0,0,0,0,是-商品卡免佣,0.22,义乌市衍郝电子商务商行,订单结算
2026-04-23 01:12:32,'2026042301122600935037870159,入账,4.74,聚合账户,货款结算入账,小店自卖,'6925546888413151204,'6925546888413085668,'SS76306671951270551190241,2026-04-12 21:30:20,'3809625164249956608,孕妇专用防滑拖鞋女士夏季家居家室内静音浴室洗澡防臭凉拖鞋外穿,,,普通订单,4.99,0,0,0,0,0,0,0,0,0,0,0,-0.25,0,0,0,0,0,0,,0,义乌市衍郝电子商务商行,订单结算
2026-04-23 01:12:32,'2026042301122800390930460159,入账,4.13,聚合账户,货款结算入账,小店自卖,'6925541825148583815,'6925541825148583815,'SS76306657841701401950005,2026-04-12 16:05:53,'3811094049524416689,韩国时尚高级感印花大肠发圈女2026新款气质马尾皮筋弹力耐用头绳,,,普通订单,4.15,0,0,0,0,0,0,0,0,0,0,0,-0.02,0,0,0,0,0,0,是-商品卡免佣,0.15,义乌市衍郝电子商务商行,订单结算
2026-04-23 01:12:36,'2026042301123131252319070159,入账,3.59,聚合账户,货款结算入账,小店自卖,'6952016153990862130,'6952016153990862130,'SS76306678544600440840182,2026-04-12 19:34:21,'3797749369206342546,豹纹大肠发圈高级小众手工韩国新款头绳编织显发量马尾丸子头发绳,,,普通订单,3.61,0,0,0,0,0,0,0,0,0,0,0,-0.02,0,0,0,0,0,0,是-商品卡免佣,0.15,义乌市衍郝电子商务商行,订单结算
2026-04-23 01:12:36,'2026042301123026437883280159,入账,5.66,聚合账户,货款结算入账,小店自卖,'6925546887270334010,'6925546887270334010,'SS76307550249053396750243,2026-04-12 21:46:44,'3799616810156949953,绒面宽边简约高颅顶发箍秋冬网红发饰女高级感洗脸头箍发卡发带潮,,,普通订单,5.69,0,0,0,0,0,0,0,0,0,0,0,-0.03,0,0,0,0,0,0,是-商品卡免佣,0.22,义乌市衍郝电子商务商行,订单结算
2026-04-23 01:12:36,'2026042301123117621652830159,入账,2.98,聚合账户,货款结算入账,小店自卖,'6925199497822633726,'6925199497822633726,'SS76306680161745149700191,2026-03-28 17:10:15,'3794075048172716228,安可拉红色蝴蝶镶钻头绳女高端网红扎头花高弹力马尾耐用皮筋发圈,,,普通订单,3,0,0,0,0,0,0,0,0,0,0,0,-0.02,0,0,0,0,0,0,是-商品卡免佣,0.15,义乌市衍郝电子商务商行,订单结算
2026-04-23 01:12:36,'2026042301123139264752640159,入账,2.87,聚合账户,货款结算入账,小店自卖,'6952054980655257509,'6952054980655257509,'SS76307480130146312200087,2026-04-13 15:24:59,'3798678606662729899,精致满钻侧边小抓夹女半扎发碎发夹前额刘海公主头发夹小号鲨鱼夹,,,普通订单,2.89,0,0,0,0,0,0,0,0,0,0,0,-0.02,0,0,0,0,0,0,是-商品卡免佣,0.15,义乌市衍郝电子商务商行,订单结算
2026-04-23 01:12:36,'2026042301123029542162270159,入账,4.56,聚合账户,货款结算入账,小店自卖,'6952009873695512467,'6952009873695512467,'SS76307017976272002910181,2026-04-12 22:55:12,'3782909438948671661,满天星蝴蝶结2025网纱云朵后脑勺鲨鱼泡大号在成人前额碎发夹子,,,普通订单,4.59,0,0,0,0,0,0,0,0,0,0,0,-0.03,0,0,0,0,0,0,是-商品卡免佣,0.22,义乌市衍郝电子商务商行,订单结算
2026-04-23 01:12:41,'2026042301123539354376020159,入账,10.42,聚合账户,货款结算入账,小店自卖,'6952087872310285659,'6952087872310285659,'SS76306934873942758830079,2026-04-15 21:59:15,'3798679044816503235,秋冬花朵鸭嘴夹女2026新款高级感后脑勺盘发一字夹子大号发夹头饰,,,普通订单,10.48,0,0,0,0,0,0,0,0,0,0,0,-0.06,0,0,0,0,0,0,是-商品卡免佣,0.44,义乌市衍郝电子商务商行,订单结算
2026-04-23 01:12:41,'2026042301123627483878490159,入账,8.85,聚合账户,货款结算入账,小店自卖,'6925540384457326532,'6925540384457326532,'SS76306428432878804570013,2026-04-12 21:18:09,'3800198492568289686,买一送一爆款凉拖鞋男士夏季情侣2026新款家居防滑防臭厚底拖鞋女,,,普通订单,8.9,0,0,0,0,0,0,0,0,0,0,0,-0.05,0,0,0,0,0,0,是-商品卡免佣,0.37,义乌市衍郝电子商务商行,订单结算
2026-04-23 01:12:41,'2026042301123515823839180159,入账,3.23,聚合账户,货款结算入账,小店自卖,'6925560994640985183,'6925560994640985183,'SS76306421566510249230213,2026-04-13 07:24:17,'3809975766641410463,高级感水钻珠珠一字扭扭夹2026新款盘发抓夹后脑勺发量多发夹头饰,,,普通订单,3.25,0,0,0,0,0,0,0,0,0,0,0,-0.02,0,0,0,0,0,0,是-商品卡免佣,0.15,义乌市衍郝电子商务商行,订单结算
2026-04-23 01:12:41,'2026042301123606468736350159,入账,2.38,聚合账户,货款结算入账,小店自卖,'6952054918861034811,'6952054918861034811,'SS76306440655590858740202,2026-04-14 16:05:06,'3782304295328809090,黑色大号抓夹2025新款后脑勺盘发鲨鱼夹发大号在成人大号毛绒鲨鱼,,,普通订单,2.39,0,0,0,0,0,0,0,0,0,0,0,-0.01,0,0,0,0,0,0,是-商品卡免佣,0.07,义乌市衍郝电子商务商行,订单结算
2026-04-23 01:12:41,'2026042301123633894896740159,入账,0.89,聚合账户,货款结算入账,小店自卖,'6925646498431204906,'6925646498431204906,'SS76306772268593689870024,2026-04-16 22:33:43,'3812961166053999319,ins爆款卡通蓬松夹鸭嘴夹一字夹化妆发夹超萌可爱猫咪少女刘海夹,,,普通订单,0.9,0,0,0,0,0,0,0,0,0,0,0,-0.01,0,0,0,0,0,0,是-商品卡免佣,0.07,义乌市衍郝电子商务商行,订单结算
2026-04-23 01:12:46,'2026042301123905545211230159,入账,5.26,聚合账户,货款结算入账,小店自卖,'6952135624671761823,'6952135624671761823,'SS76307007580101719450037,2026-04-16 21:15:35,'3809625164249956608,孕妇专用防滑拖鞋女士夏季家居家室内静音浴室洗澡防臭凉拖鞋外穿,,,普通订单,5.29,0,0,0,0,0,0,0,0,0,0,0,-0.03,0,0,0,0,0,0,是-商品卡免佣,0.22,义乌市衍郝电子商务商行,订单结算
2026-04-23 01:12:46,'2026042301124138257997320159,入账,3.86,聚合账户,货款结算入账,小店自卖,'6925614692273257809,'6925614692273257809,'SS76306084058598609980099,2026-04-15 12:04:58,'3780849912053366920,超可爱的kt猫脑袋碎发魔术贴发卡化妆敷面膜无痕刘海贴粘发贴发饰,,,普通订单,3.88,0,0,0,0,0,0,0,0,0,0,0,-0.02,0,0,0,0,0,0,是-商品卡免佣,0.15,义乌市衍郝电子商务商行,订单结算
2026-04-23 01:12:46,'2026042301124117619727880159,入账,4.96,聚合账户,货款结算入账,小店自卖,'6952020576079779216,'6952020576079779216,'SS76306426628202828900064,2026-04-12 17:29:03,'3809625164249956608,孕妇专用防滑拖鞋女士夏季家居家室内静音浴室洗澡防臭凉拖鞋外穿,,,普通订单,4.99,0,0,0,0,0,0,0,0,0,0,0,-0.03,0,0,0,0,0,0,是-商品卡免佣,0.22,义乌市衍郝电子商务商行,订单结算
2026-04-23 01:12:46,'2026042301123908571172360159,入账,5.56,聚合账户,货款结算入账,小店自卖,'6952025325373888348,'6952025325373888348,'SS76306668921764093870162,2026-04-13 00:47:04,'3769719102516625704,新中式超仙山茶花扭扭夹发夹女2025新款后大号在成人前额碎发夹子,,,普通订单,5.59,0,0,0,0,0,0,0,0,0,0,0,-0.03,0,0,0,0,0,0,是-商品卡免佣,0.22,义乌市衍郝电子商务商行,订单结算
2026-04-23 01:12:46,'2026042301124107601523720159,入账,7.83,聚合账户,货款结算入账,小店自卖,'6952159025890072217,'6952159025890072217,'SS76307873919191621620131,2026-04-17 16:56:01,'3790155312900735053,新款复古气质豹纹皮革三角后秋森系女款黑色抓夹ins网红发夹发卡,,,普通订单,7.88,0,0,0,0,0,0,0,0,0,0,0,-0.05,0,0,0,0,0,0,是-商品卡免佣,0.37,义乌市衍郝电子商务商行,订单结算
2026-04-23 01:12:56,'2026042301125115565622020159,入账,4.47,聚合账户,货款结算入账,小店自卖,'6925687761563385425,'6925687761563385425,'SS76307815976264545620086,2026-04-18 08:40:55,'3812961166053999319,ins爆款卡通蓬松夹鸭嘴夹一字夹化妆发夹超萌可爱猫咪少女刘海夹,,,普通订单,4.5,0,0,0,0,0,0,0,0,0,0,0,-0.03,0,0,0,0,0,0,是-商品卡免佣,0.22,义乌市衍郝电子商务商行,订单结算
2026-04-23 01:12:56,'2026042301125200672118270159,入账,3.63,聚合账户,货款结算入账,小店自卖,'6952013786853676627,'6952013786853676627,'SS76306656982094651240110,2026-04-12 17:39:24,'3810919823941174195,中式复古洋气多层小蛮腰褶皱印花肥肠圈高端水墨皮筋耐用新款发圈,,,普通订单,3.65,0,0,0,0,0,0,0,0,0,0,0,-0.02,0,0,0,0,0,0,是-商品卡免佣,0.15,义乌市衍郝电子商务商行,订单结算
2026-04-23 01:12:56,'2026042301125125209574780159,入账,3.89,聚合账户,货款结算入账,小店自卖,'6925648811493260915,'6925648811493260915,'SS76306855116362386430033,2026-04-16 22:44:38,'3813158348195496156,公主发夹波点蝴蝶结夹小众香蕉2026新款发饰发卡洋气双排头花夹子,,,普通订单,3.91,0,0,0,0,0,0,0,0,0,0,0,-0.02,0,0,0,0,0,0,是-商品卡免佣,0.15,义乌市衍郝电子商务商行,订单结算
2026-04-23 01:12:56,'2026042301125233648973070159,入账,7.94,聚合账户,货款结算入账,小店自卖,'6925678203974025056,'6925678203973828448,'SS76308384847521879040173,2026-04-17 16:39:51,'3810919823941174195,中式复古洋气多层小蛮腰褶皱印花肥肠圈高端水墨皮筋耐用新款发圈,,,普通订单,7.99,0,0,0,0,0,0,0,0,0,0,0,-0.05,0,0,0,0,0,0,是-商品卡免佣,0.37,义乌市衍郝电子商务商行,订单结算
2026-04-23 01:12:56,'2026042301125239527265790159,入账,5.02,聚合账户,货款结算入账,小店自卖,'6952039410350494870,'6952039410350494870,'SS76307255609312056750052,2026-04-13 13:30:09,'3787359742251369396,韩系可爱蓝色蝴蝶结针织毛绒手套女秋冬季加绒保暖防寒分指毛茸茸,,,普通订单,5.05,0,0,0,0,0,0,0,0,0,0,0,-0.03,0,0,0,0,0,0,是-商品卡免佣,0.22,义乌市衍郝电子商务商行,订单结算
2026-04-23 01:12:58,'2026042301125401553208840159,入账,4.27,聚合账户,货款结算入账,小店自卖,'6925549485875691491,'6925549485875691491,'SS76306668716242908510201,2026-04-12 22:49:29,'3737496941462945813,韩国发夹夹子头饰妈妈新款盘发后脑勺高档水钻头发大号鸭嘴发卡,,,普通订单,4.3,0,0,0,0,0,0,0,0,0,0,0,-0.03,0,0,0,0,0,0,是-商品卡免佣,0.22,义乌市衍郝电子商务商行,订单结算
2026-04-23 01:12:58,'2026042301125407260288000159,入账,3.09,聚合账户,货款结算入账,小店自卖,'6952011690539947570,'6952011690539947570,'SS76306604093897774710094,2026-04-12 17:17:59,'3809975766641410463,高级感水钻珠珠一字扭扭夹2026新款盘发抓夹后脑勺发量多发夹头饰,,,普通订单,3.25,0,0,0,0,0,0,0,0,0,0,0,-0.16,0,0,0,0,0,0,,0,义乌市衍郝电子商务商行,订单结算
2026-04-23 01:12:58,'2026042301125231714188950159,入账,2.87,聚合账户,货款结算入账,小店自卖,'6952167376273937423,'6952167376273937423,'SS76307998125096474230198,2026-04-18 13:41:30,'3807223656816443421,多巴胺波点香蕉夹磨砂缠线缎面彩色波点马卡龙色系透明夹学生发夹,,,普通订单,2.89,0,0,0,0,0,0,0,0,0,0,0,-0.02,0,0,0,0,0,0,是-商品卡免佣,0.15,义乌市衍郝电子商务商行,订单结算
2026-04-23 01:12:58,'2026042301125339733005150159,入账,5.47,聚合账户,货款结算入账,小店自卖,'6925424966471482523,'6925424966471482523,'SS76306648137903191500000,2026-04-07 22:21:01,'3776807804489302292,豹纹ins爱心发夹女一字夹高端碎发前额刘大号在成人前额碎发夹子,,,普通订单,5.5,0.4,0,0,0,0,0,0,0,0,0,0,-0.03,0,0,0,0,0,0,是-商品卡免佣,0.22,义乌市衍郝电子商务商行,订单结算
2026-04-23 01:12:58,'2026042301125401554683400159,入账,1.76,聚合账户,货款结算入账,小店自卖,'6951784740612085293,'6951784740612085293,'SS76307018972006323700173,2026-04-03 12:30:08,'3752322870118842625,发根蓬松夹器头顶卷发夹子前额刘海定型发大号在成人前额碎发夹子,,,普通订单,1.77,0.8,0,0,0,0,0,0,0,0,0,0,-0.01,0,0,0,0,0,0,是-商品卡免佣,0.07,义乌市衍郝电子商务商行,订单结算
2026-04-23 01:13:08,'2026042301130314905188030159,入账,4.67,聚合账户,货款结算入账,小店自卖,'6952005322587509889,'6952005322587509889,'SS76306666927552268890101,2026-04-12 21:30:36,'3659867155018687615,仿真冰糖葫芦发夹可爱简约搞怪发夹发带猴皮筋搞怪发卡稀奇古怪,,,普通订单,4.7,0,0,0,0,0,0,0,0,0,0,0,-0.03,0,0,0,0,0,0,是-商品卡免佣,0.22,义乌市衍郝电子商务商行,订单结算
2026-04-23 01:13:08,'2026042301130328149396940159,入账,4.65,聚合账户,货款结算入账,小店自卖,'6925674561277885838,'6925674561277885838,'SS76308504170433951130008,2026-04-17 22:58:42,'3812796426258350389,夏天简约随手盘发一字扭扭夹水钻抓夹高级发夹扭扭后脑勺盘发器,,,普通订单,4.68,0,0,0,0,0,0,0,0,0,0,0,-0.03,0,0,0,0,0,0,是-商品卡免佣,0.22,义乌市衍郝电子商务商行,订单结算
2026-04-23 01:13:08,'2026042301130302486113380159,入账,8.2,聚合账户,货款结算入账,小店自卖,'6925548628942814265,'6925548628942814265,'SS76306666580314852260194,2026-04-12 17:19:34,'3811098503330005269,雾色暖秋~氛围感带齿高颅顶头箍旅行发卡气质姜黄丝绒蝴蝶结发箍,,,普通订单,8.25,0,0,0,0,0,0,0,0,0,0,0,-0.05,0,0,0,0,0,0,是-商品卡免佣,0.37,义乌市衍郝电子商务商行,订单结算
2026-04-23 01:13:08,'2026042301130232559112220159,入账,4.96,聚合账户,货款结算入账,小店自卖,'6952039138339918946,'6952039138339918946,'SS76307240882686369540135,2026-04-13 11:10:49,'3809625164249956608,孕妇专用防滑拖鞋女士夏季家居家室内静音浴室洗澡防臭凉拖鞋外穿,,,普通订单,4.99,0,0,0,0,0,0,0,0,0,0,0,-0.03,0,0,0,0,0,0,是-商品卡免佣,0.22,义乌市衍郝电子商务商行,订单结算
2026-04-23 01:13:08,'2026042301130402696852900159,入账,8.85,聚合账户,货款结算入账,小店自卖,'6952002805374392187,'6952002805374392187,'SS76306416565264225550138,2026-04-12 16:39:05,'3800198492568289686,买一送一爆款凉拖鞋男士夏季情侣2026新款家居防滑防臭厚底拖鞋女,,,普通订单,8.9,0,0,0,0,0,0,0,0,0,0,0,-0.05,0,0,0,0,0,0,是-商品卡免佣,0.37,义乌市衍郝电子商务商行,订单结算
2026-04-23 01:13:11,'2026042301130733837222940159,入账,5.49,聚合账户,货款结算入账,小店自卖,'6952062857635698226,'6952062857635698226,'SS76306938315642803550092,2026-04-14 10:36:19,'3800913288926200112,韩系醋酸花朵鸭嘴夹发夹女2026新款高端侧边刘海夹边夹发卡发饰潮,,,普通订单,5.52,0,0,0,0,0,0,0,0,0,0,0,-0.03,0,0,0,0,0,0,是-商品卡免佣,0.22,义乌市衍郝电子商务商行,订单结算
2026-04-23 01:13:11,'2026042301130628405604200159,入账,9.38,聚合账户,货款结算入账,小店自卖,'6952150081562613656,'6952150081562285976,'SS76305160259448550490025,2026-04-17 15:48:54,'3800198492568289686,买一送一爆款凉拖鞋男士夏季情侣2026新款家居防滑防臭厚底拖鞋女,,,普通订单,9.44,0,0,0,0,0,0,0,0,0,0,0,-0.06,0,0,0,0,0,0,是-商品卡免佣,0.44,义乌市衍郝电子商务商行,订单结算
2026-04-23 01:13:11,'2026042301130734528015770159,入账,13.6,聚合账户,货款结算入账,小店自卖,'6952022463580608481,'6952022463580477409,'SS76306666215477581220190,2026-04-12 17:40:58,'3812961166053999319,ins爆款卡通蓬松夹鸭嘴夹一字夹化妆发夹超萌可爱猫咪少女刘海夹,,,普通订单,13.68,0,0,0,0,0,0,0,0,0,0,0,-0.08,0,0,0,0,0,0,是-商品卡免佣,0.59,义乌市衍郝电子商务商行,订单结算
2026-04-23 01:13:11,'2026042301130539961894550159,入账,5.26,聚合账户,货款结算入账,小店自卖,'6925669422085209820,'6925669422085209820,'SS76307164659111037950109,2026-04-17 15:20:17,'3809625164249956608,孕妇专用防滑拖鞋女士夏季家居家室内静音浴室洗澡防臭凉拖鞋外穿,,,普通订单,5.29,0,0,0,0,0,0,0,0,0,0,0,-0.03,0,0,0,0,0,0,是-商品卡免佣,0.22,义乌市衍郝电子商务商行,订单结算
2026-04-23 01:13:11,'2026042301130704537881790159,入账,2.77,聚合账户,货款结算入账,小店自卖,'6952159202838189350,'6952159202838189350,'SS76307696418970711560184,2026-04-17 19:49:02,'3807380871913276292,刘海夹前额碎发夹高级感2026新款鸭嘴夹头饰边夹侧边碎发整理神器,,,普通订单,2.79,0,0,0,0,0,0,0,0,0,0,0,-0.02,0,0,0,0,0,0,是-商品卡免佣,0.15,义乌市衍郝电子商务商行,订单结算
2026-04-23 01:13:17,'2026042301131221524488100159,入账,0.5,聚合账户,货款结算入账,小店自卖,'6952009528003204953F00,'6952009528003204953,'SS76306666003520558540223,2026-04-12 20:12:19,'3799616810156949953,运费单,,,普通订单,0.5,0.5,0,0,0,0,0,0,0,0,0,0,0,0,0,0,0,0,0,是-商品卡免佣,0,义乌市衍郝电子商务商行,运费单结算
2026-04-23 01:13:17,'2026042301131230749865150159,入账,2.96,聚合账户,货款结算入账,小店自卖,'6952143200996562490,'6952143200996562490,'SS76308292737417054780005,2026-04-17 14:15:48,'3812961166053999319,ins爆款卡通蓬松夹鸭嘴夹一字夹化妆发夹超萌可爱猫咪少女刘海夹,,,普通订单,2.98,0,0,0,0,0,0,0,0,0,0,0,-0.02,0,0,0,0,0,0,是-商品卡免佣,0.15,义乌市衍郝电子商务商行,订单结算
2026-04-23 01:13:17,'2026042301131212300946180159,入账,10.34,聚合账户,货款结算入账,小店自卖,'6925538690266070358,'6925538690266070358,'SS76306680947391367780083,2026-04-12 19:48:26,'3812961166053999319,ins爆款卡通蓬松夹鸭嘴夹一字夹化妆发夹超萌可爱猫咪少女刘海夹,,,普通订单,10.4,0,0,0,0,0,0,0,0,0,0,0,-0.06,0,0,0,0,0,0,是-商品卡免佣,0.44,义乌市衍郝电子商务商行,订单结算
2026-04-23 01:13:17,'2026042301131036197176420159,入账,2.63,聚合账户,货款结算入账,小店自卖,'6925562539076714209,'6925562539076714209,'SS76306777026559025270005,2026-04-13 08:46:51,'3781429375921160350,网红植绒编发发夹女神器丝绒侧边夹前额大号在成人前额碎发夹子,,,普通订单,2.65,0.8,0,0,0,0,0,0,0,0,0,0,-0.02,0,0,0,0,0,0,是-商品卡免佣,0.15,义乌市衍郝电子商务商行,订单结算
2026-04-23 01:13:17,'2026042301131237085519990159,入账,8.85,聚合账户,货款结算入账,小店自卖,'6952037033960215587,'6952037033960215587,'SS76307389446192335550002,2026-04-13 13:44:21,'3800198492568289686,买一送一爆款凉拖鞋男士夏季情侣2026新款家居防滑防臭厚底拖鞋女,,,普通订单,8.9,0,0,0,0,0,0,0,0,0,0,0,-0.05,0,0,0,0,0,0,是-商品卡免佣,0.37,义乌市衍郝电子商务商行,订单结算
2026-04-23 01:13:19,'2026042301131510707443290159,入账,11.83,聚合账户,货款结算入账,小店自卖,'6952094773575161164,'6952094773575161164,'SS76307676435194022860225,2026-04-15 23:13:46,'3813133909697364052,布艺清新格纹碎花头花发圈韩系丸子头大肠圈甜美少女百搭头绳发绳,,,普通订单,11.9,0,0,0,0,0,0,0,0,0,0,0,-0.07,0,0,0,0,0,0,是-商品卡免佣,0.51,义乌市衍郝电子商务商行,订单结算
2026-04-23 01:13:19,'2026042301131535152038750159,入账,6.64,聚合账户,货款结算入账,小店自卖,'6925611035834547447,'6925611035834547447,'SS76307774491899172360015,2026-04-15 15:19:46,'3812438526650351850,韩版网纱蝴蝶结抓夹2026新款水晶刘海夹侧边夹气质优雅公主夹蓬松,,,普通订单,6.68,0,0,0,0,0,0,0,0,0,0,0,-0.04,0,0,0,0,0,0,是-商品卡免佣,0.29,义乌市衍郝电子商务商行,订单结算
2026-04-23 01:13:19,'2026042301131324462300430159,入账,6.11,聚合账户,货款结算入账,小店自卖,'6952150081562285976,'6952150081562285976,'SS76305160306824650580092,2026-04-17 15:48:54,'3799223154979766395,印花小熊防滑防臭抑菌拖鞋女士2026新款夏季浴室情侣家用凉拖男士,,,普通订单,6.15,0,0,0,0,0,0,0,0,0,0,0,-0.04,0,0,0,0,0,0,是-商品卡免佣,0.29,义乌市衍郝电子商务商行,订单结算
2026-04-23 01:13:19,'2026042301131616022287820159,入账,5.65,聚合账户,货款结算入账,小店自卖,'6952044136930154183,'6952044136930154183,'SS76307466026341504380113,2026-04-13 15:16:09,'3782888475330740360,可爱毛绒米菲兔大号魔术贴卡通hellokitty发饰刘海碎发刘海贴神器,,,普通订单,5.68,0.3,0,0,0,0,0,0,0,0,0,0,-0.03,0,0,0,0,0,0,是-商品卡免佣,0.22,义乌市衍郝电子商务商行,订单结算
2026-04-23 01:13:20,'2026042301131502735808340159,入账,6.95,聚合账户,货款结算入账,小店自卖,'6925185751430496137,'6925185751430299529,'SS76307510178901035980068,2026-03-28 14:45:40,'3809642786458829326,2026新款镶钻一字夹女后脑勺懒人夹盘发夹鸭嘴夹发饰轻奢风碎发,,,普通订单,6.99,0,0,0,0,0,0,0,0,0,0,0,-0.04,0,0,0,0,0,0,是-商品卡免佣,0.29,义乌市衍郝电子商务商行,订单结算
2026-04-23 01:13:20,'2026042301131524680412560159,入账,3.54,聚合账户,货款结算入账,小店自卖,'6925555339541118601,'6925555339541118601,'SS76306999548854279770071,2026-04-13 10:03:02,'3799240809392504924,韩国东大门同款碎发夹气质水钻侧边刘海夹子女高颜值发卡头饰BB夹,,,普通订单,3.56,0,0,0,0,0,0,0,0,0,0,0,-0.02,0,0,0,0,0,0,是-商品卡免佣,0.15,义乌市衍郝电子商务商行,订单结算
2026-04-23 01:13:20,'2026042301131435830827860159,入账,5.65,聚合账户,货款结算入账,小店自卖,'6925645829110857685,'6925645829110857685,'SS76308673954893007450203,2026-04-16 17:26:36,'3780819776314671477,复古豹纹kt猫多层香蕉夹女后脑勺抓夹头饰大号在成人前额碎发夹子,,,普通订单,5.68,0.8,0,0,0,0,0,0,0,0,0,0,-0.03,0,0,0,0,0,0,是-商品卡免佣,0.22,义乌市衍郝电子商务商行,订单结算
2026-04-23 01:13:20,'2026042301131541565555550159,入账,12.72,聚合账户,货款结算入账,小店自卖,'6925678572640370277,'6925678572640370277,'SS76307205545104061940241,2026-04-17 20:21:27,'3810919823941174195,中式复古洋气多层小蛮腰褶皱印花肥肠圈高端水墨皮筋耐用新款发圈,,,普通订单,12.8,0,0,0,0,0,0,0,0,0,0,0,-0.08,0,0,0,0,0,0,是-商品卡免佣,0.59,义乌市衍郝电子商务商行,订单结算
2026-04-23 01:13:20,'2026042301131421859415380159,入账,8.85,聚合账户,货款结算入账,小店自卖,'6925662855153090198,'6925662855153090198,'SS76308569960791291140175,2026-04-17 16:41:04,'3800198492568289686,买一送一爆款凉拖鞋男士夏季情侣2026新款家居防滑防臭厚底拖鞋女,,,普通订单,8.9,0,0,0,0,0,0,0,0,0,0,0,-0.05,0,0,0,0,0,0,是-商品卡免佣,0.37,义乌市衍郝电子商务商行,订单结算
2026-04-23 01:13:20,'2026042301131431427960470159,入账,1.32,聚合账户,货款结算入账,巨量千川,'6925543144708603289,'6925543144708603289,'SS76306682208405757590243,2026-04-13 03:44:31,'3809970501003116893,甜美波点褶皱发夹女高马尾固定香蕉夹2026新款抓夹发卡子发饰春季,,,普通订单,1.33,0,0,0,0,0,0,0,0,0,0,0,-0.01,0,0,0,0,0,0,是-商品卡免佣,0.07,义乌市衍郝电子商务商行,订单结算
2026-04-23 01:13:22,'2026042301131714751708660159,入账,1.97,聚合账户,货款结算入账,小店自卖,'6925544811522850297,'6925544811522850297,'SS76306382673183214460142,2026-04-12 21:07:10,'3812244340491813699,新款密齿香蕉韩系法式波点蕾丝蝴蝶结后脑勺盘发发夹发卡马尾发饰,,,普通订单,1.98,0,0,0,0,0,0,0,0,0,0,0,-0.01,0,0,0,0,0,0,是-商品卡免佣,0.07,义乌市衍郝电子商务商行,订单结算
2026-04-23 01:13:22,'2026042301131713559237480159,入账,6.61,聚合账户,货款结算入账,小店自卖,'6952136812524540944,'6952136812524540944,'SS76305154227278033980119,2026-04-17 15:28:20,'3799223154979766395,印花小熊防滑防臭抑菌拖鞋女士2026新款夏季浴室情侣家用凉拖男士,,,普通订单,6.65,0,0,0,0,0,0,0,0,0,0,0,-0.04,0,0,0,0,0,0,是-商品卡免佣,0.29,义乌市衍郝电子商务商行,订单结算
2026-04-23 01:13:22,'2026042301131803034161060159,入账,3.96,聚合账户,货款结算入账,小店自卖,'6952037795642741938,'6952037795642741938,'SS76307636109269570960216,2026-04-13 21:11:59,'3782884506629963916,紫荆花头发夹子气质花朵盘发抓夹女水钻磨大号在成人前额碎发夹子,,,普通订单,3.98,0,0,0,0,0,0,0,0,0,0,0,-0.02,0,0,0,0,0,0,是-商品卡免佣,0.15,义乌市衍郝电子商务商行,订单结算
2026-04-23 01:13:22,'2026042301131624925801500159,入账,1.98,聚合账户,货款结算入账,小店自卖,'6952036350667724759,'6952036350667724759,'SS76306603600076971670127,2026-04-13 01:08:20,'3812796426258350389,夏天简约随手盘发一字扭扭夹水钻抓夹高级发夹扭扭后脑勺盘发器,,,普通订单,1.99,0,0,0,0,0,0,0,0,0,0,0,-0.01,0,0,0,0,0,0,是-商品卡免佣,0.07,义乌市衍郝电子商务商行,订单结算
2026-04-23 03:11:15,'2026042303111037641429020159,入账,4.74,聚合账户,货款结算入账,小店自卖,'6925548242193054968,'6925548242193054968,'SS76307241656954232840227,2026-04-13 13:14:23,'3809625164249956608,孕妇专用防滑拖鞋女士夏季家居家室内静音浴室洗澡防臭凉拖鞋外穿,,,普通订单,1.99,0,0,3,0,0,0,0,0,0,0,0,-0.25,0,0,0,0,0,0,,0,义乌市衍郝电子商务商行,订单结算
2026-04-23 03:11:37,'2026042303113208392875710159,入账,4.65,聚合账户,货款结算入账,小店自卖,'6925569871113125414,'6925569871113125414,'SS76307243159562860030051,2026-04-13 12:41:31,'3800198492568289686,买一送一爆款凉拖鞋男士夏季情侣2026新款家居防滑防臭厚底拖鞋女,,,普通订单,0.89,0,0,4.01,0,0,0,0,0,0,0,0,-0.25,0,0,0,0,0,0,,0,义乌市衍郝电子商务商行,订单结算
2026-04-23 03:12:08,'2026042303120322485245850159,入账,2.78,聚合账户,货款结算入账,小店自卖,'6925570099711409874,'6925570099711409874,'SS76307249644629855100073,2026-04-13 14:04:18,'3810393692611674121,小众不规则抓夹大号发量大发夹女后脑勺鲨鱼夹发卡2026新款头饰,,,普通订单,0.01,0,0,2.79,0,0,0,0,0,0,0,0,-0.02,0,0,0,0,0,0,是-商品卡免佣,0.15,义乌市衍郝电子商务商行,订单结算
2026-04-23 03:12:50,'2026042303124403177722970159,入账,5.94,聚合账户,货款结算入账,小店自卖,'6952140036770370778,'6952140036770370778,'SS76306546518052050380238,2026-04-16 20:41:33,'3810919823941174195,中式复古洋气多层小蛮腰褶皱印花肥肠圈高端水墨皮筋耐用新款发圈,,,普通订单,4.38,0,0,1.6,0,0,0,0,0,0,0,0,-0.04,0,0,0,0,0,0,是-商品卡免佣,0.29,义乌市衍郝电子商务商行,订单结算
2026-04-23 03:13:00,'2026042303125508813453320159,入账,4.74,聚合账户,货款结算入账,小店自卖,'6925556817274240826,'6925556817274240826,'SS76307241401064491670128,2026-04-13 09:27:49,'3809625164249956608,孕妇专用防滑拖鞋女士夏季家居家室内静音浴室洗澡防臭凉拖鞋外穿,,,普通订单,0.01,0,0,4.98,0,0,0,0,0,0,0,0,-0.25,0,0,0,0,0,0,,0,义乌市衍郝电子商务商行,订单结算
2026-04-23 03:13:39,'2026042303133427857062400159,入账,3.23,聚合账户,货款结算入账,小店自卖,'6925556557042908682,'6925556557042908682,'SS76306668062567800840000,2026-04-13 06:55:27,'3809975766641410463,高级感水钻珠珠一字扭扭夹2026新款盘发抓夹后脑勺发量多发夹头饰,,,普通订单,3.25,0,0,0,0,0,0,0,0,0,0,0,-0.02,0,0,0,0,0,0,是-商品卡免佣,0.15,义乌市衍郝电子商务商行,订单结算
2026-04-23 03:13:46,'2026042303134104537103740159,入账,4.96,聚合账户,货款结算入账,小店自卖,'6952016652961453242,'6952016652961453242,'SS76306422705087122460235,2026-04-13 00:02:01,'3809625164249956608,孕妇专用防滑拖鞋女士夏季家居家室内静音浴室洗澡防臭凉拖鞋外穿,,,普通订单,4.99,0,0,0,0,0,0,0,0,0,0,0,-0.03,0,0,0,0,0,0,是-商品卡免佣,0.22,义乌市衍郝电子商务商行,订单结算
2026-04-23 03:13:46,'2026042303133924565353360159,入账,2.75,聚合账户,货款结算入账,小店自卖,'6925548157451730172,'6925548157451730172,'SS76306998602955658500113,2026-04-13 12:15:29,'3752323855864168814,飘带齿梳发箍波浪高颅顶高颅顶宫廷编发发箍女复红色蝴蝶结发饰,,,普通订单,2.89,0,0,0,0,0,0,0,0,0,0,0,-0.14,0,0,0,0,0,0,,0,义乌市衍郝电子商务商行,订单结算
2026-04-23 03:13:46,'2026042303134110874394100159,入账,3.79,聚合账户,货款结算入账,小店自卖,'6952036477835875549,'6952036477835875549,'SS76307023356326098380179,2026-04-13 06:20:19,'3752323576548688241,中国风孔雀盘发器女生古典旗袍发饰丸子懒人高级感饰品优雅发夹女,,,普通订单,3.81,0,0,0,0,0,0,0,0,0,0,0,-0.02,0,0,0,0,0,0,是-商品卡免佣,0.15,义乌市衍郝电子商务商行,订单结算
2026-04-23 03:13:46,'2026042303134102645527560159,入账,7.15,聚合账户,货款结算入账,小店自卖,'6925673947078884939,'6925673947078688331,'SS76308389144962834070172,2026-04-17 17:43:07,'3810919823941174195,中式复古洋气多层小蛮腰褶皱印花肥肠圈高端水墨皮筋耐用新款发圈,,,普通订单,7.19,0,0,0,0,0,0,0,0,0,0,0,-0.04,0,0,0,0,0,0,是-商品卡免佣,0.29,义乌市衍郝电子商务商行,订单结算
2026-04-23 03:13:46,'2026042303134106855728910159,入账,2.95,聚合账户,货款结算入账,小店自卖,'6952038614320682835,'6952038614320682835,'SS76306668847070418380174,2026-04-12 23:43:26,'3807233228251726216,发圈式啪啪圈~秋冬美拉德系懒人高马尾啪啪圈复古固定不塌神器,,,普通订单,2.97,0,0,0,0,0,0,0,0,0,0,0,-0.02,0,0,0,0,0,0,是-商品卡免佣,0.15,义乌市衍郝电子商务商行,订单结算
2026-04-23 03:14:11,'2026042303140524630730640159,入账,6.01,聚合账户,货款结算入账,小店自卖,'6925559676549299278,'6925559676549299278,'SS76307322673751329710104,2026-04-13 12:52:59,'3809086450570494406,法式大号蕾丝网纱双层大肠发圈2026新款甜美芭蕾风百搭发绳发饰,,,普通订单,6.05,0,0,0,0,0,0,0,0,0,0,0,-0.04,0,0,0,0,0,0,是-商品卡免佣,0.29,义乌市衍郝电子商务商行,订单结算
2026-04-23 03:14:11,'2026042303140613087872540159,入账,3.47,聚合账户,货款结算入账,小店自卖,'6951998306989381560,'6951998306989381560,'SS76306665828951700750173,2026-04-12 20:26:34,'3806655969480540177,米菲兔巨显发量香蕉兔子后脑勺盘发百搭少女发饰时尚可爱波点大号,,,普通订单,3.49,0,0,0,0,0,0,0,0,0,0,0,-0.02,0,0,0,0,0,0,是-商品卡免佣,0.15,义乌市衍郝电子商务商行,订单结算
2026-04-23 03:14:11,'2026042303140622738705920159,入账,1.09,聚合账户,货款结算入账,小店自卖,'6925672378009157169F00,'6925672378009157169,'SS76307311294664750270084,2026-04-17 23:08:25,'3656169389537002252,运费单,,,普通订单,1.1,1.1,0,0,0,0,0,0,0,0,0,0,-0.01,0,0,0,0,0,0,是-商品卡免佣,0.07,义乌市衍郝电子商务商行,运费单结算
2026-04-23 03:14:11,'2026042303140430187686810159,入账,5.91,聚合账户,货款结算入账,小店自卖,'6951644832521525131,'6951644832521525131,'SS76306677879339261630229,2026-03-28 15:10:27,'3807576505576456267,可爱蝴蝶结小猫无痕刘海魔术发饰少女前额星星kt侧边发贴整理神器,,,普通订单,5.95,0,0,0,0,0,0,0,0,0,0,0,-0.04,0,0,0,0,0,0,是-商品卡免佣,0.29,义乌市衍郝电子商务商行,订单结算
2026-04-23 03:14:11,'2026042303140506641426440159,入账,4.86,聚合账户,货款结算入账,小店自卖,'6925549401543113977,'6925549401543113977,'SS76306668258498524500063,2026-04-12 22:40:47,'3811102963569655948,春夏撞色蝴蝶结发夹发卡女后脑勺2026新款气质大号盘发鸭嘴夹发饰,,,普通订单,4.89,0,0,0,0,0,0,0,0,0,0,0,-0.03,0,0,0,0,0,0,是-商品卡免佣,0.22,义乌市衍郝电子商务商行,订单结算
2026-04-23 03:14:12,'2026042303140530211121020159,入账,8.85,聚合账户,货款结算入账,小店自卖,'6925679345402543831,'6925679345402543831,'SS76306078346607703390210,2026-04-18 06:59:24,'3800198492568289686,买一送一爆款凉拖鞋男士夏季情侣2026新款家居防滑防臭厚底拖鞋女,,,普通订单,8.9,0,0,0,0,0,0,0,0,0,0,0,-0.05,0,0,0,0,0,0,是-商品卡免佣,0.37,义乌市衍郝电子商务商行,订单结算
2026-04-23 03:14:12,'2026042303140604666987900159,入账,8.85,聚合账户,货款结算入账,小店自卖,'6925557420291095941,'6925557420291095941,'SS76307389834928622460163,2026-04-13 13:19:54,'3800198492568289686,买一送一爆款凉拖鞋男士夏季情侣2026新款家居防滑防臭厚底拖鞋女,,,普通订单,8.9,0,0,0,0,0,0,0,0,0,0,0,-0.05,0,0,0,0,0,0,是-商品卡免佣,0.37,义乌市衍郝电子商务商行,订单结算
2026-04-23 03:14:12,'2026042303140633641439180159,入账,4.27,聚合账户,货款结算入账,小店自卖,'6925562979584998967,'6925562979584998967,'SS76307256475238899620137,2026-04-13 12:59:09,'3737496941462945813,韩国发夹夹子头饰妈妈新款盘发后脑勺高档水钻头发大号鸭嘴发卡,,,普通订单,4.3,0,0,0,0,0,0,0,0,0,0,0,-0.03,0,0,0,0,0,0,是-商品卡免佣,0.22,义乌市衍郝电子商务商行,订单结算
2026-04-23 03:14:12,'2026042303140722698562940159,入账,2.96,聚合账户,货款结算入账,小店自卖,'6925552025692307400,'6925552025692307400,'SS76306668234409743820103,2026-04-12 22:39:42,'3807217918840799504,新款百搭2026可爱小狗香蕉夹竖夹发夹脑勺扭扭夹高马尾抓夹高级感,,,普通订单,2.98,0,0,0,0,0,0,0,0,0,0,0,-0.02,0,0,0,0,0,0,是-商品卡免佣,0.15,义乌市衍郝电子商务商行,订单结算
2026-04-23 03:14:12,'2026042303140637254436300159,入账,5.07,聚合账户,货款结算入账,小店自卖,'6925562705764515385,'6925562705764515385,'SS76307551949132603280206,2026-04-13 10:59:22,'3752324139441062001,多款造型男士发箍潮男隐形压发背头波浪发窟头箍韩红色蝴蝶结发饰,,,普通订单,5.1,0,0,0,0,0,0,0,0,0,0,0,-0.03,0,0,0,0,0,0,是-商品卡免佣,0.22,义乌市衍郝电子商务商行,订单结算
2026-04-23 03:14:23,'2026042303141819213727100159,入账,4.84,聚合账户,货款结算入账,小店自卖,'6925546928160734309,'6925546928160734309,'SS76306667848491830260056,2026-04-12 21:45:23,'3776807804489302292,豹纹ins爱心发夹女一字夹高端碎发前额刘大号在成人前额碎发夹子,,,普通订单,3.59,0,0,1.51,0,0,0,0,0,0,0,0,-0.26,0,0,0,0,0,0,,0,义乌市衍郝电子商务商行,订单结算
2026-04-23 03:14:34,'2026042303143007638390260159,入账,3.39,聚合账户,货款结算入账,小店自卖,'6951993536750622149,'6951993536750622149,'SS76307016646596408750171,2026-04-12 15:53:42,'3659542706419563442,在逃公主大蝴蝶结抓夹马尾黑色双面发饰鲨鱼夹子发夹女后脑勺发卡,,,普通订单,0.56,0,0,3.01,0,0,0,0,0,0,0,0,-0.18,0,0,0,0,0,0,,0,义乌市衍郝电子商务商行,订单结算
2026-04-23 03:14:53,'2026042303144810456927100159,入账,3.74,聚合账户,货款结算入账,小店自卖,'6925534063916842970,'6925534063916842970,'SS76307017772177989550134,2026-04-12 17:56:45,'3797744148640039074,新款法式公主头赫本抓夹女冬季发抓后脑勺高级感气质鲨鱼夹子发卡,,,普通订单,3.76,0,0,0,0,0,0,0,0,0,0,0,-0.02,0,0,0,0,0,0,是-商品卡免佣,0.15,义乌市衍郝电子商务商行,订单结算
2026-04-23 03:14:53,'2026042303144915855621120159,入账,2.28,聚合账户,货款结算入账,小店自卖,'6952034171557385330,'6952034171557385330,'SS76306673390555797000248,2026-04-13 00:12:54,'3812961166053999319,ins爆款卡通蓬松夹鸭嘴夹一字夹化妆发夹超萌可爱猫咪少女刘海夹,,,普通订单,2.29,0,0,0,0,0,0,0,0,0,0,0,-0.01,0,0,0,0,0,0,是-商品卡免佣,0.07,义乌市衍郝电子商务商行,订单结算
2026-04-23 03:14:53,'2026042303144816704965220159,入账,29.42,聚合账户,货款结算入账,小店自卖,'6925548745287564416,'6925548745287236736,'SS76306666183264343550203,2026-04-12 18:30:19,'3810919823941174195,中式复古洋气多层小蛮腰褶皱印花肥肠圈高端水墨皮筋耐用新款发圈,,,普通订单,29.6,0,0,0,0,0,0,0,0,0,0,0,-0.18,0,0,0,0,0,0,是-商品卡免佣,1.32,义乌市衍郝电子商务商行,订单结算
2026-04-23 03:14:54,'2026042303144718973499220159,入账,12.72,聚合账户,货款结算入账,小店自卖,'6952022977235457639,'6952022977235457639,'SS76306668282974705070106,2026-04-12 22:16:30,'3810919823941174195,中式复古洋气多层小蛮腰褶皱印花肥肠圈高端水墨皮筋耐用新款发圈,,,普通订单,12.8,0,0,0,0,0,0,0,0,0,0,0,-0.08,0,0,0,0,0,0,是-商品卡免佣,0.59,义乌市衍郝电子商务商行,订单结算
2026-04-23 03:14:54,'2026042303144823287403920159,入账,6.35,聚合账户,货款结算入账,小店自卖,'6952030327110112719,'6952030327110112719,'SS76307002363608932340178,2026-04-13 11:26:43,'3674363744047202423,儿童碎发梳韩式发夹小女孩头饰可爱碎发神器女童发卡高颅顶神器,,,普通订单,6.39,1.1,0,0,0,0,0,0,0,0,0,0,-0.04,0,0,0,0,0,0,是-商品卡免佣,0.29,义乌市衍郝电子商务商行,订单结算
2026-04-23 03:15:04,'2026042303150022778844540159,入账,7.5,聚合账户,货款结算入账,小店自卖,'6952148524986471913,'6952148524986471913,'SS76308348124882706300142,2026-04-17 23:06:13,'3800198492568289686,买一送一爆款凉拖鞋男士夏季情侣2026新款家居防滑防臭厚底拖鞋女,,,普通订单,7.9,0,0,0,0,0,0,0,0,0,0,0,-0.4,0,0,0,0,0,0,,0,义乌市衍郝电子商务商行,订单结算
2026-04-23 03:15:04,'2026042303145723125363720159,入账,9.52,聚合账户,货款结算入账,小店自卖,'6925541790212521281,'6925541790212521281,'SS76307322491971346270110,2026-04-12 16:01:08,'3809086450570494406,法式大号蕾丝网纱双层大肠发圈2026新款甜美芭蕾风百搭发绳发饰,,,普通订单,9.58,0,0,0,0,0,0,0,0,0,0,0,-0.06,0,0,0,0,0,0,是-商品卡免佣,0.44,义乌市衍郝电子商务商行,订单结算
2026-04-23 03:15:04,'2026042303145921564667140159,入账,5.26,聚合账户,货款结算入账,小店自卖,'6952152829231306362,'6952152829231306362,'SS76307786621369715540148,2026-04-17 17:49:46,'3809625164249956608,孕妇专用防滑拖鞋女士夏季家居家室内静音浴室洗澡防臭凉拖鞋外穿,,,普通订单,5.29,0,0,0,0,0,0,0,0,0,0,0,-0.03,0,0,0,0,0,0,是-商品卡免佣,0.22,义乌市衍郝电子商务商行,订单结算
2026-04-23 03:15:04,'2026042303150019773196900159,入账,3.82,聚合账户,货款结算入账,小店自卖,'6952046329716414436,'6952046329716414436,'SS76306843733690621900099,2026-04-13 15:45:54,'3799610118572736926,韩系蝴蝶结香蕉夹发夹女秋冬高级感精致后脑勺盘发马尾夹竖夹头饰,,,普通订单,3.84,0,0,0,0,0,0,0,0,0,0,0,-0.02,0,0,0,0,0,0,是-商品卡免佣,0.15,义乌市衍郝电子商务商行,订单结算
2026-04-23 03:15:04,'2026042303145911621340510159,入账,6.31,聚合账户,货款结算入账,小店自卖,'6925564917074656309,'6925564917074656309,'SS76306794896683830220097,2026-04-13 11:12:17,'3810919823941174195,中式复古洋气多层小蛮腰褶皱印花肥肠圈高端水墨皮筋耐用新款发圈,,,普通订单,6.35,0,0,0,0,0,0,0,0,0,0,0,-0.04,0,0,0,0,0,0,是-商品卡免佣,0.29,义乌市衍郝电子商务商行,订单结算
2026-04-23 03:15:18,'2026042303151131177610390159,入账,4.74,聚合账户,货款结算入账,小店自卖,'6925567479463902535,'6925567479463902535,'SS76307240023793546670049,2026-04-13 13:27:12,'3809625164249956608,孕妇专用防滑拖鞋女士夏季家居家室内静音浴室洗澡防臭凉拖鞋外穿,,,普通订单,1.75,0,0,3.24,0,0,0,0,0,0,0,0,-0.25,0,0,0,0,0,0,,0,义乌市衍郝电子商务商行,订单结算
2026-04-23 03:15:18,'2026042303151401407104350159,入账,5.87,聚合账户,货款结算入账,小店自卖,'6925543335131447037,'6925543335131447037,'SS76306678333879099400082,2026-04-13 08:11:02,'3797749369206342546,豹纹大肠发圈高级小众手工韩国新款头绳编织显发量马尾丸子头发绳,,,普通订单,5.23,0,0,0.95,0,0,0,0,0,0,0,0,-0.31,0,0,0,0,0,0,,0,义乌市衍郝电子商务商行,订单结算
2026-04-23 03:15:18,'2026042303151238643474070159,入账,2.97,聚合账户,货款结算入账,小店自卖,'6925625049205800361,'6925625049205800361,'SS76307214476522954300214,2026-04-15 20:09:00,'3811102963569655948,春夏撞色蝴蝶结发夹发卡女后脑勺2026新款气质大号盘发鸭嘴夹发饰,,,普通订单,2.19,0,0,0.8,0,0,0,0,0,0,0,0,-0.02,0,0,0,0,0,0,是-商品卡免佣,0.15,义乌市衍郝电子商务商行,订单结算
2026-04-23 03:15:18,'2026042303151402659295240159,入账,4.25,聚合账户,货款结算入账,小店自卖,'6925674239270944685,'6925674239270944685,'SS76307824438143879680237,2026-04-17 20:36:44,'3812240028327870813,粉色双面蝴蝶结香蕉夹竖夹超温柔!气质高马尾发夹后脑勺发夹发饰,,,普通订单,0.28,0,0,4,0,0,0,0,0,0,0,0,-0.03,0,0,0,0,0,0,是-商品卡免佣,0.22,义乌市衍郝电子商务商行,订单结算
2026-04-23 03:15:18,'2026042303151306387185040159,入账,3.78,聚合账户,货款结算入账,小店自卖,'6925347257128484103,'6925347257128484103,'SS76306487433104269340083,2026-04-04 21:24:31,'3768979814174818449,2025新款气质大号盘发鸭嘴夹春夏发卡蝴蝶大号在成人抓夹碎发夹子,,,普通订单,0.98,0,0,3,0,0,0,0,0,0,0,0,-0.2,0,0,0,0,0,0,,0,义乌市衍郝电子商务商行,订单结算
2026-04-23 03:15:28,'2026042303152320730355460159,入账,6.14,聚合账户,货款结算入账,小店自卖,'6925556044920487479,'6925556044920487479,'SS76307552154424284520244,2026-04-12 22:32:21,'3797749369206342546,豹纹大肠发圈高级小众手工韩国新款头绳编织显发量马尾丸子头发绳,,,普通订单,6.18,0,0,0,0,0,0,0,0,0,0,0,-0.04,0,0,0,0,0,0,是-商品卡免佣,0.29,义乌市衍郝电子商务商行,订单结算
2026-04-23 03:15:28,'2026042303152507525012740159,入账,4.91,聚合账户,货款结算入账,小店自卖,'6925562676956725145,'6925562676956725145,'SS76307405430951162940146,2026-04-13 10:04:09,'3807214433365787096,气质新款简约抓夹大号发量多2026发夹女后脑勺鲨鱼夹高级感头饰,,,普通订单,4.94,0,0,0,0,0,0,0,0,0,0,0,-0.03,0,0,0,0,0,0,是-商品卡免佣,0.22,义乌市衍郝电子商务商行,订单结算
2026-04-23 03:15:28,'2026042303152301599905540159,入账,5.91,聚合账户,货款结算入账,小店自卖,'6952026957795104363,'6952026957795104363,'SS76306666692791833600163,2026-04-12 17:10:35,'3807576505576456267,可爱蝴蝶结小猫无痕刘海魔术发饰少女前额星星kt侧边发贴整理神器,,,普通订单,5.95,0,0,0,0,0,0,0,0,0,0,0,-0.04,0,0,0,0,0,0,是-商品卡免佣,0.29,义乌市衍郝电子商务商行,订单结算
2026-04-23 03:15:28,'2026042303152231598676740159,入账,6.25,聚合账户,货款结算入账,小店自卖,'6952020509312423237,'6952020509312423237,'SS76307551968800609620111,2026-04-12 17:09:32,'3797744148640039074,新款法式公主头赫本抓夹女冬季发抓后脑勺高级感气质鲨鱼夹子发卡,,,普通订单,6.29,0,0,0,0,0,0,0,0,0,0,0,-0.04,0,0,0,0,0,0,是-商品卡免佣,0.29,义乌市衍郝电子商务商行,订单结算
2026-04-23 03:15:28,'2026042303152400932623450159,入账,6.64,聚合账户,货款结算入账,小店自卖,'6952068179281843619,'6952068179281843619,'SS76307936557919606170190,2026-04-14 18:16:26,'3812438526650351850,韩版网纱蝴蝶结抓夹2026新款水晶刘海夹侧边夹气质优雅公主夹蓬松,,,普通订单,6.68,0,0,0,0,0,0,0,0,0,0,0,-0.04,0,0,0,0,0,0,是-商品卡免佣,0.29,义乌市衍郝电子商务商行,订单结算
2026-04-23 03:15:34,'2026042303152810163822540159,入账,3.75,聚合账户,货款结算入账,小店自卖,'6925541138046680172,'6925541138046680172,'SS76306673217569920260055,2026-04-13 07:13:22,'3812961166053999319,ins爆款卡通蓬松夹鸭嘴夹一字夹化妆发夹超萌可爱猫咪少女刘海夹,,,普通订单,0.95,0,0,3,0,0,0,0,0,0,0,0,-0.2,0,0,0,0,0,0,,0,义乌市衍郝电子商务商行,订单结算
2026-04-23 03:15:34,'2026042303152815593026830159,入账,3.32,聚合账户,货款结算入账,小店自卖,'6925552052660894819,'6925552052660894819,'SS76306666011719436900167,2026-04-12 22:32:40,'3806655969480540177,米菲兔巨显发量香蕉兔子后脑勺盘发百搭少女发饰时尚可爱波点大号,,,普通订单,2.45,0,0,1.04,0,0,0,0,0,0,0,0,-0.17,0,0,0,0,0,0,,0,义乌市衍郝电子商务商行,订单结算
2026-04-23 03:15:34,'2026042303152601482596110159,入账,0.98,聚合账户,货款结算入账,小店自卖,'6952009843480860062,'6952009843480860062,'SS76306673319789901150190,2026-04-12 22:32:29,'3812961166053999319,ins爆款卡通蓬松夹鸭嘴夹一字夹化妆发夹超萌可爱猫咪少女刘海夹,,,普通订单,0.99,0,0,0,0,0,0,0,0,0,0,0,-0.01,0,0,0,0,0,0,是-商品卡免佣,0.07,义乌市衍郝电子商务商行,订单结算
2026-04-23 03:15:34,'2026042303153014475266660159,入账,4.77,聚合账户,货款结算入账,小店自卖,'6952168313265984848,'6952168313265984848,'SS76308323648595075080120,2026-04-17 23:44:13,'3812240028327870813,粉色双面蝴蝶结香蕉夹竖夹超温柔!气质高马尾发夹后脑勺发夹发饰,,,普通订单,4.8,0,0,0,0,0,0,0,0,0,0,0,-0.03,0,0,0,0,0,0,是-商品卡免佣,0.22,义乌市衍郝电子商务商行,订单结算
2026-04-23 03:15:34,'2026042303152815780623820159,入账,3.13,聚合账户,货款结算入账,小店自卖,'6952065226013742878,'6952065226013742878,'SS76306476980562992790073,2026-04-14 12:54:45,'3807610285351632955,超萌秋天日系毛绒布丁小熊可爱鸭嘴夹大号发夹头饰刘海后脑勺少女,,,普通订单,0.01,0,0,3.28,0,0,0,0,0,0,0,0,-0.16,0,0,0,0,0,0,,0,义乌市衍郝电子商务商行,订单结算
2026-04-23 03:15:46,'2026042303154137709747710159,入账,6.76,聚合账户,货款结算入账,小店自卖,'6925601831796178341,'6925601831796178341,'SS76306924903828359770238,2026-04-15 07:28:00,'3812240028327870813,粉色双面蝴蝶结香蕉夹竖夹超温柔!气质高马尾发夹后脑勺发夹发饰,,,普通订单,6.8,0,0,0,0,0,0,0,0,0,0,0,-0.04,0,0,0,0,0,0,是-商品卡免佣,0.29,义乌市衍郝电子商务商行,订单结算
2026-04-23 03:15:46,'2026042303154130255188990159,入账,3.65,聚合账户,货款结算入账,小店自卖,'6925554643746324189,'6925554643746324189,'SS76306668601246190490232,2026-04-12 23:54:15,'3797568456468070758,学院风韩系蝴蝶结蓝色格洋气简约金标鲨鱼后脑勺盘发夹子发饰格子,,,普通订单,0.01,0,0,3.66,0,0,0,0,0,0,0,0,-0.02,0,0,0,0,0,0,是-商品卡免佣,0.15,义乌市衍郝电子商务商行,订单结算
2026-04-23 03:15:46,'2026042303154215073451580159,入账,5.38,聚合账户,货款结算入账,小店自卖,'6952002817758860595,'6952002817758860595,'SS76307437935245235610019,2026-04-12 16:23:38,'3806656594406670373,虞书欣同款发扣小金属圆圈环扣刘海前额侧边边夹发夹抓夹发卡夹子,,,普通订单,5.41,0,0,0,0,0,0,0,0,0,0,0,-0.03,0,0,0,0,0,0,是-商品卡免佣,0.22,义乌市衍郝电子商务商行,订单结算
2026-04-23 03:15:46,'2026042303154136058772740159,入账,3.46,聚合账户,货款结算入账,小店自卖,'6925552265345990413,'6925552265345990413,'SS76307548188328760670191,2026-04-12 23:50:24,'3786031401200124187,可爱甜美kitty网红秋冬发夹夹头发发卡ins后秋森系韩系彩色大号,,,普通订单,0.31,0.3,0,3.33,0,0,0,0,0,0,0,0,-0.18,0,0,0,0,0,0,,0,义乌市衍郝电子商务商行,订单结算
2026-04-23 03:15:46,'2026042303154236491597260159,入账,4.65,聚合账户,货款结算入账,巨量千川,'6925663820337675330,'6925663820337675330,'SS76308030986173483610225,2026-04-17 23:52:56,'3800198492568289686,买一送一爆款凉拖鞋男士夏季情侣2026新款家居防滑防臭厚底拖鞋女,,,普通订单,4.9,0,0,0,0,0,0,0,0,0,0,0,-0.25,0,0,0,0,0,0,,0,义乌市衍郝电子商务商行,订单结算
2026-04-23 03:15:46,'2026042303154209617740990159,入账,5.41,聚合账户,货款结算入账,小店自卖,'6952146853151118555,'6952146853151118555,'SS76307581564870170100098,2026-04-18 14:01:42,'3769719102516625704,新中式超仙山茶花扭扭夹发夹女2025新款后大号在成人前额碎发夹子,,,普通订单,5.44,0,0,0,0,0,0,0,0,0,0,0,-0.03,0,0,0,0,0,0,是-商品卡免佣,0.22,义乌市衍郝电子商务商行,订单结算
2026-04-23 03:15:46,'2026042303154222365964900159,入账,4.87,聚合账户,货款结算入账,小店自卖,'6925671689339895423,'6925671689339895423,'SS76308450990577093540113,2026-04-17 17:38:53,'3800198492568289686,买一送一爆款凉拖鞋男士夏季情侣2026新款家居防滑防臭厚底拖鞋女,,,普通订单,4.9,0,0,0,0,0,0,0,0,0,0,0,-0.03,0,0,0,0,0,0,是-商品卡免佣,0.22,义乌市衍郝电子商务商行,订单结算
2026-04-23 03:15:46,'2026042303154225470738380159,入账,8.85,聚合账户,货款结算入账,小店自卖,'6925544701339991429,'6925544701339991429,'SS76306416439817018940242,2026-04-12 20:40:03,'3800198492568289686,买一送一爆款凉拖鞋男士夏季情侣2026新款家居防滑防臭厚底拖鞋女,,,普通订单,8.9,0,0,0,0,0,0,0,0,0,0,0,-0.05,0,0,0,0,0,0,是-商品卡免佣,0.37,义乌市衍郝电子商务商行,订单结算
2026-04-23 03:15:47,'2026042303154209871898230159,入账,5.55,聚合账户,货款结算入账,小店自卖,'6952015979039364718,'6952015979039364718,'SS76306666517306742260088,2026-04-12 17:45:42,'3809975766641410463,高级感水钻珠珠一字扭扭夹2026新款盘发抓夹后脑勺发量多发夹头饰,,,普通订单,5.58,0,0,0,0,0,0,0,0,0,0,0,-0.03,0,0,0,0,0,0,是-商品卡免佣,0.22,义乌市衍郝电子商务商行,订单结算
2026-04-23 03:15:47,'2026042303154110203799300159,入账,2.97,聚合账户,货款结算入账,小店自卖,'6925553339523693641,'6925553339523693641,'SS76306681453901132900030,2026-04-12 15:38:18,'3811102963569655948,春夏撞色蝴蝶结发夹发卡女后脑勺2026新款气质大号盘发鸭嘴夹发饰,,,普通订单,2.99,0,0,0,0,0,0,0,0,0,0,0,-0.02,0,0,0,0,0,0,是-商品卡免佣,0.15,义乌市衍郝电子商务商行,订单结算
2026-04-23 03:15:59,'2026042303155429239424060159,入账,5.52,聚合账户,货款结算入账,小店自卖,'6952141697930040947,'6952141697930040947,'SS76307583929487368060167,2026-04-17 19:21:05,'3812244340491813699,新款密齿香蕉韩系法式波点蕾丝蝴蝶结后脑勺盘发发夹发卡马尾发饰,,,普通订单,5.55,0,0,0,0,0,0,0,0,0,0,0,-0.03,0,0,0,0,0,0,是-商品卡免佣,0.22,义乌市衍郝电子商务商行,订单结算
2026-04-23 03:15:59,'2026042303155317629514300159,入账,4.55,聚合账户,货款结算入账,小店自卖,'6952033959265506333,'6952033959265506333,'SS76306667935152376730017,2026-04-12 22:32:22,'3807235160995398024,甜美闪钻豹纹猫咪发夹女碎发刘海夹子ins新款高端头饰鸭嘴夹边夹,,,普通订单,0.79,0,0,4,0,0,0,0,0,0,0,0,-0.24,0,0,0,0,0,0,,0,义乌市衍郝电子商务商行,订单结算
2026-04-23 03:15:59,'2026042303155521350321140159,入账,4.96,聚合账户,货款结算入账,小店自卖,'6925542722370961372,'6925542722370961372,'SS76306419424980874510182,2026-04-12 22:25:29,'3809625164249956608,孕妇专用防滑拖鞋女士夏季家居家室内静音浴室洗澡防臭凉拖鞋外穿,,,普通订单,4.99,0,0,0,0,0,0,0,0,0,0,0,-0.03,0,0,0,0,0,0,是-商品卡免佣,0.22,义乌市衍郝电子商务商行,订单结算
2026-04-23 03:15:59,'2026042303155532549768090159,入账,3.35,聚合账户,货款结算入账,小店自卖,'6952123396880471802,'6952123396880471802,'SS76306258124085663060195,2026-04-15 23:21:30,'3809262658188869664,高级感新年红色大肠发圈女2026新款扎头发绳丸子氛围感头花发饰,,,普通订单,0.53,0,0,3,0,0,0,0,0,0,0,0,-0.18,0,0,0,0,0,0,,0,义乌市衍郝电子商务商行,订单结算
2026-04-23 03:15:59,'2026042303155524501663140159,入账,4.86,聚合账户,货款结算入账,小店自卖,'6952027646168339774,'6952027646168339774,'SS76307408902817385320019,2026-04-12 23:03:07,'3811102963569655948,春夏撞色蝴蝶结发夹发卡女后脑勺2026新款气质大号盘发鸭嘴夹发饰,,,普通订单,4.89,0,0,0,0,0,0,0,0,0,0,0,-0.03,0,0,0,0,0,0,是-商品卡免佣,0.22,义乌市衍郝电子商务商行,订单结算
2026-04-23 03:16:27,'2026042303162125133880470159,入账,7.39,聚合账户,货款结算入账,小店自卖,'6951630115545683661,'6951630115545683661,'SS76306682711593951260074,2026-03-29 06:25:56,'3781409213205578023,云朵大号泡泡蝴蝶结发夹后脑勺发饰鲨鱼夹大号在成人前额碎发夹子,,,普通订单,7.43,0,0,0,0,0,0,0,0,0,0,0,-0.04,0,0,0,0,0,0,是-商品卡免佣,0.29,义乌市衍郝电子商务商行,订单结算
2026-04-23 03:16:27,'2026042303162241733330010159,入账,2.84,聚合账户,货款结算入账,小店自卖,'6925560982656548043,'6925560982656548043,'SS76306427591673164890224,2026-04-13 07:41:17,'3809625164249956608,孕妇专用防滑拖鞋女士夏季家居家室内静音浴室洗澡防臭凉拖鞋外穿,,,普通订单,4.99,0,0,0,0,0,0,0,0,0,0,-2,-0.15,0,0,0,0,0,0,,0,义乌市衍郝电子商务商行,订单结算
2026-04-23 03:16:27,'2026042303162119891986260159,入账,4.46,聚合账户,货款结算入账,小店自卖,'6952018227853137470,'6952018227853137470,'SS76306421033447265680046,2026-04-12 19:57:44,'3809625164249956608,孕妇专用防滑拖鞋女士夏季家居家室内静音浴室洗澡防臭凉拖鞋外穿,,,普通订单,0.01,0,0,4.48,0,0,0,0,0,0,0,0,-0.03,0,0,0,0,0,0,是-商品卡免佣,0.22,义乌市衍郝电子商务商行,订单结算
2026-04-23 03:16:27,'2026042303162028283089920159,入账,5.46,聚合账户,货款结算入账,小店自卖,'6952025200827765905,'6952025200827765905,'SS76306668662436994560028,2026-04-12 23:48:35,'3806655969480540177,米菲兔巨显发量香蕉兔子后脑勺盘发百搭少女发饰时尚可爱波点大号,,,普通订单,5.49,0,0,0,0,0,0,0,0,0,0,0,-0.03,0,0,0,0,0,0,是-商品卡免佣,0.22,义乌市衍郝电子商务商行,订单结算
2026-04-23 03:16:27,'2026042303162226386270990159,入账,4.03,聚合账户,货款结算入账,小店自卖,'6925557048816401515,'6925557048816401515,'SS76307120367748429060215,2026-04-13 10:44:41,'3812961166053999319,ins爆款卡通蓬松夹鸭嘴夹一字夹化妆发夹超萌可爱猫咪少女刘海夹,,,普通订单,0.01,0,0,4.04,0,0,0,0,0,0,0,0,-0.02,0,0,0,0,0,0,是-商品卡免佣,0.15,义乌市衍郝电子商务商行,订单结算
2026-04-23 03:16:39,'2026042303163424547003380159,入账,3.36,聚合账户,货款结算入账,小店自卖,'6925561551450701644,'6925561551450701644,'SS76307372968246807230082,2026-04-13 11:29:43,'3812796426258350389,夏天简约随手盘发一字扭扭夹水钻抓夹高级发夹扭扭后脑勺盘发器,,,普通订单,3.38,0,0,0,0,0,0,0,0,0,0,0,-0.02,0,0,0,0,0,0,是-商品卡免佣,0.15,义乌市衍郝电子商务商行,订单结算
2026-04-23 03:16:39,'2026042303163309956564630159,入账,5.9,聚合账户,货款结算入账,小店自卖,'6952024717788386968,'6952024717788386968,'SS76306666873392379220002,2026-04-12 19:39:42,'3812244340491813699,新款密齿香蕉韩系法式波点蕾丝蝴蝶结后脑勺盘发发夹发卡马尾发饰,,,普通订单,5.94,0,0,0,0,0,0,0,0,0,0,0,-0.04,0,0,0,0,0,0,是-商品卡免佣,0.29,义乌市衍郝电子商务商行,订单结算
2026-04-23 03:16:39,'2026042303163441700562420159,入账,3.54,聚合账户,货款结算入账,小店自卖,'6925555968460029207,'6925555968460029207,'SS76306667592591936630148,2026-04-12 22:04:02,'3799240809392504924,韩国东大门同款碎发夹气质水钻侧边刘海夹子女高颜值发卡头饰BB夹,,,普通订单,3.56,0,0,0,0,0,0,0,0,0,0,0,-0.02,0,0,0,0,0,0,是-商品卡免佣,0.15,义乌市衍郝电子商务商行,订单结算
2026-04-23 03:16:39,'2026042303163622163502540159,入账,4.87,聚合账户,货款结算入账,小店自卖,'6925542675110198650,'6925542675110198650,'SS76306667462235758620013,2026-04-12 22:06:03,'3675490981760860191,三角抓洋气扎头发磨砂发夹女新款后脑勺抓夹大号鲨鱼夹高级感韩式,,,普通订单,4.9,0,0,0,0,0,0,0,0,0,0,0,-0.03,0,0,0,0,0,0,是-商品卡免佣,0.22,义乌市衍郝电子商务商行,订单结算
2026-04-23 03:16:39,'2026042303163423662269820159,入账,4.96,聚合账户,货款结算入账,巨量千川,'6925410927030795478,'6925410927030795478,'SS76306561818965489040144,2026-04-07 17:58:17,'3799023022220903050,2026新款EVA家居室内不臭脚拖鞋男士夏季踩屎感防滑洗澡凉拖女式,,,普通订单,4.19,0,0,0.8,0,0,0,0,0,0,0,0,-0.03,0,0,0,0,0,0,是-商品卡免佣,0.22,义乌市衍郝电子商务商行,订单结算
2026-04-23 03:16:42,'2026042303163703192591880159,入账,4.25,聚合账户,货款结算入账,小店自卖,'6925642309364972955,'6925642309364972955,'SS76308518248408724820201,2026-04-16 23:14:43,'3812240028327870813,粉色双面蝴蝶结香蕉夹竖夹超温柔!气质高马尾发夹后脑勺发夹发饰,,,普通订单,4.28,0,0,0,0,0,0,0,0,0,0,0,-0.03,0,0,0,0,0,0,是-商品卡免佣,0.22,义乌市衍郝电子商务商行,订单结算
2026-04-23 03:16:42,'2026042303163622621560670159,入账,8.35,聚合账户,货款结算入账,小店自卖,'6952022609694823600,'6952022609694823600,'SS76306666061887900680059,2026-04-12 19:12:46,'3806655969480540177,米菲兔巨显发量香蕉兔子后脑勺盘发百搭少女发饰时尚可爱波点大号,,,普通订单,8.4,0,0,0,0,0,0,0,0,0,0,0,-0.05,0,0,0,0,0,0,是-商品卡免佣,0.37,义乌市衍郝电子商务商行,订单结算
2026-04-23 03:16:42,'2026042303163613096883720159,入账,5.22,聚合账户,货款结算入账,小店自卖,'6952136754530359222,'6952136754530359222,'SS76308255611464258960056,2026-04-17 14:42:41,'3806655969480540177,米菲兔巨显发量香蕉兔子后脑勺盘发百搭少女发饰时尚可爱波点大号,,,普通订单,2.49,0,0,3,0,0,0,0,0,0,0,0,-0.27,0,0,0,0,0,0,,0,义乌市衍郝电子商务商行,订单结算
2026-04-23 03:16:42,'2026042303163538978849800159,入账,1.75,聚合账户,货款结算入账,小店自卖,'6925556036947049480,'6925556036947049480,'SS76306607544670295100054,2026-04-12 22:25:21,'3809975766641410463,高级感水钻珠珠一字扭扭夹2026新款盘发抓夹后脑勺发量多发夹头饰,,,普通订单,1.76,0,0,0,0,0,0,0,0,0,0,0,-0.01,0,0,0,0,0,0,是-商品卡免佣,0.07,义乌市衍郝电子商务商行,订单结算
2026-04-23 03:16:42,'2026042303163637505600000159,入账,2.37,聚合账户,货款结算入账,巨量千川,'6925678412047154878,'6925678412047154878,'SS76306529817588864190058,2026-04-17 18:37:16,'3800198492568289686,买一送一爆款凉拖鞋男士夏季情侣2026新款家居防滑防臭厚底拖鞋女,,,普通订单,3.9,0,0,0.48,0,0,0,0,0,0,0,-2,-0.01,0,0,0,0,0,0,是-商品卡免佣,0.07,义乌市衍郝电子商务商行,订单结算
2026-04-23 03:16:54,'2026042303164812044703240159,入账,6.94,聚合账户,货款结算入账,小店自卖,'6925562140869819439,'6925562140869819439,'SS76306582213997040900207,2026-04-13 15:26:36,'3779173066534420555,非金属布艺发饰超仙碎花大蝴蝶结飘带抓夹女后脑勺鲨鱼夹子发饰,,,普通订单,6.98,1.5,0,0,0,0,0,0,0,0,0,0,-0.04,0,0,0,0,0,0,是-商品卡免佣,0.29,义乌市衍郝电子商务商行,订单结算
2026-04-23 03:18:26,'2026042303182033773983220159,入账,4.96,聚合账户,货款结算入账,小店自卖,'6952024981407470721,'6952024981407470721,'SS76306672057556508670129,2026-04-12 21:39:20,'3809625164249956608,孕妇专用防滑拖鞋女士夏季家居家室内静音浴室洗澡防臭凉拖鞋外穿,,,普通订单,1.19,0,0,3.8,0,0,0,0,0,0,0,0,-0.03,0,0,0,0,0,0,是-商品卡免佣,0.22,义乌市衍郝电子商务商行,订单结算
2026-04-23 03:18:48,'2026042303184402735027460159,入账,3.49,聚合账户,货款结算入账,小店自卖,'6925551295880003304,'6925551295880003304,'SS76306666428551377920136,2026-04-12 18:04:11,'3797568456468070758,学院风韩系蝴蝶结蓝色格洋气简约金标鲨鱼后脑勺盘发夹子发饰格子,,,普通订单,0.47,0,0,3.2,0,0,0,0,0,0,0,0,-0.18,0,0,0,0,0,0,,0,义乌市衍郝电子商务商行,订单结算
2026-04-23 03:18:48,'2026042303184208107504990159,入账,3.04,聚合账户,货款结算入账,小店自卖,'6952021094971282922,'6952021094971282922,'SS76306668236795748360198,2026-04-12 22:30:53,'3774210871656579079,小众不规则配饰撞色女新款高级感发卡爆款大号鲨鱼夹发夹气质头饰,,,普通订单,0.2,0,0,3,0,0,0,0,0,0,0,0,-0.16,0,0,0,0,0,0,,0,义乌市衍郝电子商务商行,订单结算
2026-04-23 03:18:48,'2026042303184219342341120159,入账,2.65,聚合账户,货款结算入账,小店自卖,'6952013626367415542,'6952013626367415542,'SS76307020135000809300069,2026-04-12 15:57:09,'3784047231661900210,爆款小众合集花朵发夹侧边夹子韩版碎发刘大号在成人前额碎发夹子,,,普通订单,1.79,0.5,0,1,0,0,0,0,0,0,0,0,-0.14,0,0,0,0,0,0,,0,义乌市衍郝电子商务商行,订单结算
2026-04-23 03:18:48,'2026042303184302398295190159,入账,3.03,聚合账户,货款结算入账,小店自卖,'6952062904753132822,'6952062904753132822,'SS76307851287591001960069,2026-04-14 10:55:57,'3809610642873254247,法式秋冬季森系ins甜美大肠发圈经典系列发绳高级感方巾发圈发饰,,,普通订单,0.05,0,0,2,0,0,0,0,1,0,0,0,-0.02,0,0,0,0,0,0,是-商品卡免佣,0.15,义乌市衍郝电子商务商行,订单结算
2026-04-23 03:18:48,'2026042303184306168578910159,入账,2.83,聚合账户,货款结算入账,小店自卖,'6952021274488411699,'6952021274488411699,'SS76306668407484298740083,2026-04-12 23:52:57,'3807217918840799504,新款百搭2026可爱小狗香蕉夹竖夹发夹脑勺扭扭夹高马尾抓夹高级感,,,普通订单,2.42,0,0,0.56,0,0,0,0,0,0,0,0,-0.15,0,0,0,0,0,0,,0,义乌市衍郝电子商务商行,订单结算
2026-04-23 03:19:18,'2026042303191411746227710159,入账,1.24,聚合账户,货款结算入账,小店自卖,'6952023285116507588,'6952023285116507588,'SS76307019447302395030233,2026-04-13 07:53:53,'3622101757909408748,潮流男士发箍无痕皮筋发夹大肠发圈头顶橡皮压发成人发卡男士耐用,,,普通订单,0.01,0,0,1.24,0,0,0,0,0,0,0,0,-0.01,0,0,0,0,0,0,是-商品卡免佣,0.07,义乌市衍郝电子商务商行,订单结算
2026-04-23 03:19:18,'2026042303191304590638170159,入账,7.85,聚合账户,货款结算入账,小店自卖,'6925562587051359774,'6925562587051359774,'SS76307001309157954960128,2026-04-13 09:38:59,'3704063084403490847,洋气高级感黑色发圈飘带抓夹显脸小最新款爆款发夹头花夹发饰头饰,,,普通订单,4.9,0,0,3,0,0,0,0,0,0,0,0,-0.05,0,0,0,0,0,0,是-商品卡免佣,0.37,义乌市衍郝电子商务商行,订单结算
2026-04-23 03:19:18,'2026042303191224540657100159,入账,1.78,聚合账户,货款结算入账,小店自卖,'6925546977022279196,'6925546977022279196,'SS76306604044899622660010,2026-04-12 22:05:44,'3812796426258350389,夏天简约随手盘发一字扭扭夹水钻抓夹高级发夹扭扭后脑勺盘发器,,,普通订单,0.01,0,0,1.78,0,0,0,0,0,0,0,0,-0.01,0,0,0,0,0,0,是-商品卡免佣,0.07,义乌市衍郝电子商务商行,订单结算
2026-04-23 03:19:18,'2026042303191423162066190159,入账,4.53,聚合账户,货款结算入账,小店自卖,'6952007607219983762,'6952007607219983762,'SS76306668761710925070215,2026-04-12 22:45:50,'3774210871656579079,小众不规则配饰撞色女新款高级感发卡爆款大号鲨鱼夹发夹气质头饰,,,普通订单,0.77,0,0,4,0,0,0,0,0,0,0,0,-0.24,0,0,0,0,0,0,,0,义乌市衍郝电子商务商行,订单结算
2026-04-23 03:19:18,'2026042303191319990618100159,入账,4.54,聚合账户,货款结算入账,小店自卖,'6952014848085136742,'6952014848085136742,'SS76307479215630262100150,2026-04-13 10:39:33,'3799224164339024287,高级感满钻蝴蝶结小发夹女侧边刘海夹气质发卡头饰迷你鸭嘴夹子,,,普通订单,4.57,0,0,0,0,0,0,0,0,0,0,0,-0.03,0,0,0,0,0,0,是-商品卡免佣,0.22,义乌市衍郝电子商务商行,订单结算
2026-04-23 03:20:00,'2026042303195306636675080159,入账,5.22,聚合账户,货款结算入账,小店自卖,'6925561002343169602,'6925561002343169602,'SS76306666173411336020164,2026-04-13 07:53:16,'3806655969480540177,米菲兔巨显发量香蕉兔子后脑勺盘发百搭少女发饰时尚可爱波点大号,,,普通订单,3.49,0,0,2,0,0,0,0,0,0,0,0,-0.27,0,0,0,0,0,0,,0,义乌市衍郝电子商务商行,订单结算
2026-04-23 03:20:00,'2026042303195433984842510159,入账,3.45,聚合账户,货款结算入账,小店自卖,'6952122313761888209,'6952122313761888209,'SS76307574773027310710056,2026-04-16 15:02:07,'3809975766641410463,高级感水钻珠珠一字扭扭夹2026新款盘发抓夹后脑勺发量多发夹头饰,,,普通订单,0.01,0,0,3.46,0,0,0,0,0,0,0,0,-0.02,0,0,0,0,0,0,是-商品卡免佣,0.15,义乌市衍郝电子商务商行,订单结算
2026-04-23 03:20:00,'2026042303195228551580560159,入账,4.96,聚合账户,货款结算入账,小店自卖,'6925422568133786802,'6925422568133786802,'SS76306565612407198820100,2026-04-07 22:10:53,'3809625164249956608,孕妇专用防滑拖鞋女士夏季家居家室内静音浴室洗澡防臭凉拖鞋外穿,,,普通订单,4.99,0,0,0,0,0,0,0,0,0,0,0,-0.03,0,0,0,0,0,0,是-商品卡免佣,0.22,义乌市衍郝电子商务商行,订单结算
2026-04-23 03:20:00,'2026042303195331765793790159,入账,6.14,聚合账户,货款结算入账,小店自卖,'6952011551221355693,'6952011551221355693,'SS76306678462440453530219,2026-04-12 15:47:36,'3797749369206342546,豹纹大肠发圈高级小众手工韩国新款头绳编织显发量马尾丸子头发绳,,,普通订单,6.18,0,0,0,0,0,0,0,0,0,0,0,-0.04,0,0,0,0,0,0,是-商品卡免佣,0.29,义乌市衍郝电子商务商行,订单结算
2026-04-23 03:20:00,'2026042303195641442227300159,入账,5.46,聚合账户,货款结算入账,小店自卖,'6952007662110643765,'6952007662110643765,'SS76306668775827873640220,2026-04-12 22:49:51,'3806655969480540177,米菲兔巨显发量香蕉兔子后脑勺盘发百搭少女发饰时尚可爱波点大号,,,普通订单,5.49,0,0,0,0,0,0,0,0,0,0,0,-0.03,0,0,0,0,0,0,是-商品卡免佣,0.22,义乌市衍郝电子商务商行,订单结算
2026-04-23 03:20:07,'2026042303200314387164250159,入账,3.75,聚合账户,货款结算入账,小店自卖,'6925645060213668875,'6925645060213668875,'SS76307183808272632410179,2026-04-16 11:02:42,'3812599293685137539,圆形银色金属仿钻五角发扣前额刘海发夹侧边碎发夹小号发夹子头饰,,,普通订单,0.01,0,0,3.94,0,0,0,0,0,0,0,0,-0.2,0,0,0,0,0,0,,0,义乌市衍郝电子商务商行,订单结算
2026-04-23 03:20:07,'2026042303200141789363830159,入账,8.85,聚合账户,货款结算入账,小店自卖,'6952043912859161858,'6952043912859161858,'SS76307389832446943060026,2026-04-13 12:55:12,'3800198492568289686,买一送一爆款凉拖鞋男士夏季情侣2026新款家居防滑防臭厚底拖鞋女,,,普通订单,4.7,0,0,4.2,0,0,0,0,0,0,0,0,-0.05,0,0,0,0,0,0,是-商品卡免佣,0.37,义乌市衍郝电子商务商行,订单结算
2026-04-23 03:20:07,'2026042303200214680722340159,入账,1.89,聚合账户,货款结算入账,小店自卖,'6952081979808552614,'6952081979808552614,'SS76307042770647780030119,2026-04-15 07:33:26,'3812796426258350389,夏天简约随手盘发一字扭扭夹水钻抓夹高级发夹扭扭后脑勺盘发器,,,普通订单,0.01,0,0,1.98,0,0,0,0,0,0,0,0,-0.1,0,0,0,0,0,0,,0,义乌市衍郝电子商务商行,订单结算
2026-04-23 03:20:07,'2026042303200238256850300159,入账,5.07,聚合账户,货款结算入账,小店自卖,'6925675263336873333,'6925675263336873333,'SS76308225913936453470105,2026-04-18 10:04:20,'3776807804489302292,豹纹ins爱心女一字夹高端碎发发夹女款2026新款网红爆款,,,普通订单,5.1,0,0,0,0,0,0,0,0,0,0,0,-0.03,0,0,0,0,0,0,是-商品卡免佣,0.22,义乌市衍郝电子商务商行,订单结算
2026-04-23 03:20:07,'2026042303200215481900030159,入账,2.2,聚合账户,货款结算入账,小店自卖,'6925678273343683986,'6925678273343683986,'SS76307186905433708040172,2026-04-17 17:09:06,'3812240028327870813,粉色双面蝴蝶结香蕉夹竖夹超温柔!气质高马尾发夹后脑勺发夹发饰,,,普通订单,0.01,0,0,2.2,0,0,0,0,0,0,0,0,-0.01,0,0,0,0,0,0,是-商品卡免佣,0.07,义乌市衍郝电子商务商行,订单结算
2026-04-23 03:20:15,'2026042303200814732659560159,入账,8.85,聚合账户,货款结算入账,小店自卖,'6952025148373079280,'6952025148373079280,'SS76306671759131612790148,2026-04-12 23:08:31,'3800198492568289686,买一送一爆款凉拖鞋男士夏季情侣2026新款家居防滑防臭厚底拖鞋女,,,普通订单,8.9,0,0,0,0,0,0,0,0,0,0,0,-0.05,0,0,0,0,0,0,是-商品卡免佣,0.37,义乌市衍郝电子商务商行,订单结算
2026-04-23 03:20:15,'2026042303200926973517210159,入账,17.47,聚合账户,货款结算入账,小店自卖,'6952041476519368335,'6952041476519237263,'SS76306851633739863580171,2026-04-13 13:11:09,'3813150520667930781,超大蓝色花边褶皱大肠发圈发绳皮筋头饰头绳发饰马尾丸子头发头花,,,普通订单,17.58,0,0,0,0,0,0,0,0,0,0,0,-0.11,0,0,0,0,0,0,是-商品卡免佣,0.81,义乌市衍郝电子商务商行,订单结算
2026-04-23 03:20:15,'2026042303200828912847720159,入账,4.27,聚合账户,货款结算入账,小店自卖,'6952018810033412022,'6952018810033412022,'SS76306667982741998180165,2026-04-13 05:47:51,'3752321970432246133,宫廷发箍设计波西米亚风发箍宽边网红洋气气质头箍红色头饰发饰,,,普通订单,4.3,0,0,0,0,0,0,0,0,0,0,0,-0.03,0,0,0,0,0,0,是-商品卡免佣,0.22,义乌市衍郝电子商务商行,订单结算
2026-04-23 03:20:15,'2026042303200821570030420159,入账,4.47,聚合账户,货款结算入账,小店自卖,'6925675626849336825,'6925675626849336825,'SS76308194588392988620067,2026-04-18 13:14:36,'3812961166053999319,ins爆款卡通蓬松夹鸭嘴夹一字夹化妆发夹超萌可爱猫咪少女刘海夹,,,普通订单,0.5,0,0,4,0,0,0,0,0,0,0,0,-0.03,0,0,0,0,0,0,是-商品卡免佣,0.22,义乌市衍郝电子商务商行,订单结算
2026-04-23 03:20:15,'2026042303200904074867740159,入账,28.3,聚合账户,货款结算入账,小店自卖,'6952022463580542945,'6952022463580477409,'SS76306666228192217940017,2026-04-12 17:40:58,'3812240028327870813,粉色双面蝴蝶结香蕉夹竖夹超温柔!气质高马尾发夹后脑勺发夹发饰,,,普通订单,28.47,0,0,0,0,0,0,0,0,0,0,0,-0.17,0,0,0,0,0,0,是-商品卡免佣,1.25,义乌市衍郝电子商务商行,订单结算
2026-04-23 03:20:20,'2026042303201531045716740159,入账,5.56,聚合账户,货款结算入账,小店自卖,'6925549719704075962,'6925549719704075962,'SS76306657614987922320173,2026-04-13 01:17:03,'3810919823941174195,中式复古洋气多层小蛮腰褶皱印花肥肠圈高端水墨皮筋耐用新款发圈,,,普通订单,0.85,0,0,5,0,0,0,0,0,0,0,0,-0.29,0,0,0,0,0,0,,0,义乌市衍郝电子商务商行,订单结算
2026-04-23 03:20:20,'2026042303201515363323260159,入账,5.26,聚合账户,货款结算入账,小店自卖,'6925645102342110474,'6925645102342110474,'SS76307858591842311950108,2026-04-16 11:06:21,'3809625164249956608,孕妇专用防滑拖鞋女士夏季家居家室内静音浴室洗澡防臭凉拖鞋外穿,,,普通订单,5.29,0,0,0,0,0,0,0,0,0,0,0,-0.03,0,0,0,0,0,0,是-商品卡免佣,0.22,义乌市衍郝电子商务商行,订单结算
2026-04-23 03:20:20,'2026042303201238847985070159,入账,4.47,聚合账户,货款结算入账,小店自卖,'6952036384658888494,'6952036384658888494,'SS76306673426583560190011,2026-04-13 01:07:01,'3812961166053999319,ins爆款卡通蓬松夹鸭嘴夹一字夹化妆发夹超萌可爱猫咪少女刘海夹,,,普通订单,4.5,0,0,0,0,0,0,0,0,0,0,0,-0.03,0,0,0,0,0,0,是-商品卡免佣,0.22,义乌市衍郝电子商务商行,订单结算
2026-04-23 03:20:20,'2026042303201537670794500159,入账,4.74,聚合账户,货款结算入账,小店自卖,'6925549254670974441,'6925549254670974441,'SS76306423547816348420160,2026-04-12 21:52:39,'3809625164249956608,孕妇专用防滑拖鞋女士夏季家居家室内静音浴室洗澡防臭凉拖鞋外穿,,,普通订单,2.99,0,0,2,0,0,0,0,0,0,0,0,-0.25,0,0,0,0,0,0,,0,义乌市衍郝电子商务商行,订单结算
2026-04-23 03:20:20,'2026042303201438187382140159,入账,4.76,聚合账户,货款结算入账,小店自卖,'6925559282794200164,'6925559282794200164,'SS76306999767101322390203,2026-04-13 10:25:30,'3807235160995398024,甜美闪钻豹纹猫咪发夹女碎发刘海夹子ins新款高端头饰鸭嘴夹边夹,,,普通订单,1.79,0,0,3,0,0,0,0,0,0,0,0,-0.03,0,0,0,0,0,0,是-商品卡免佣,0.22,义乌市衍郝电子商务商行,订单结算
2026-04-23 03:21:51,'2026042303214515912310190159,入账,2.75,聚合账户,货款结算入账,小店自卖,'6925552272972545991,'6925552272972545991,'SS76306668234247211980003,2026-04-12 23:59:18,'3806646636424331422,韩风珍珠抓夹小号发夹女后脑勺发卡小巧鲨鱼夹发抓迷你小夹子头饰,,,普通订单,0.01,0,0,2.88,0,0,0,0,0,0,0,0,-0.14,0,0,0,0,0,0,,0,义乌市衍郝电子商务商行,订单结算
2026-04-23 03:22:21,'2026042303221510488389460159,入账,4.65,聚合账户,货款结算入账,小店自卖,'6952140136388302525,'6952140136388302525,'SS76307571429367319550113,2026-04-16 21:31:10,'3812240028327870813,粉色双面蝴蝶结香蕉夹竖夹超温柔!气质高马尾发夹后脑勺发夹发饰,,,普通订单,0.68,0,0,4,0,0,0,0,0,0,0,0,-0.03,0,0,0,0,0,0,是-商品卡免佣,0.22,义乌市衍郝电子商务商行,订单结算
2026-04-23 03:22:43,'2026042303223915274358140159,入账,12.9,聚合账户,货款结算入账,小店自卖,'6925649969147247968,'6925649969147247968,'SS76306944744270566920124,2026-04-16 13:00:22,'3812240028327870813,粉色双面蝴蝶结香蕉夹竖夹超温柔!气质高马尾发夹后脑勺发夹发饰,,,普通订单,12.98,0,0,0,0,0,0,0,0,0,0,0,-0.08,0,0,0,0,0,0,是-商品卡免佣,0.59,义乌市衍郝电子商务商行,订单结算
2026-04-23 03:22:43,'2026042303223940058270990159,入账,4.65,聚合账户,货款结算入账,小店自卖,'6925554481110613865,'6925554481110613865,'SS76306420208191409070039,2026-04-12 22:44:41,'3800198492568289686,买一送一爆款凉拖鞋男士夏季情侣2026新款家居防滑防臭厚底拖鞋女,,,普通订单,0.9,0,0,4,0,0,0,0,0,0,0,0,-0.25,0,0,0,0,0,0,,0,义乌市衍郝电子商务商行,订单结算
2026-04-23 03:22:43,'2026042303223632517370980159,入账,3.89,聚合账户,货款结算入账,小店自卖,'6925681154028699183,'6925681154028699183,'SS76307759253359168420107,2026-04-18 00:30:04,'3813158348195496156,公主发夹波点蝴蝶结夹小众香蕉2026新款发饰发卡洋气双排头花夹子,,,普通订单,0.01,0,0,3.9,0,0,0,0,0,0,0,0,-0.02,0,0,0,0,0,0,是-商品卡免佣,0.15,义乌市衍郝电子商务商行,订单结算
2026-04-23 03:22:44,'2026042303223817534487560159,入账,3.09,聚合账户,货款结算入账,小店自卖,'6952050495360669523,'6952050495360669523,'SS76307451610480358740165,2026-04-13 13:30:37,'3813150520667930781,超大蓝色花边褶皱大肠发圈发绳皮筋头饰头绳发饰马尾丸子头发头花,,,普通订单,0.25,0,0,3,0,0,0,0,0,0,0,0,-0.16,0,0,0,0,0,0,,0,义乌市衍郝电子商务商行,订单结算
2026-04-23 03:22:44,'2026042303223631974856080159,入账,7.58,聚合账户,货款结算入账,小店自卖,'6952125631969761005,'6952125631969761005,'SS76307315069649925540088,2026-04-17 12:11:56,'3777361891727377023,韩系复古布艺时尚通勤百搭抓夹ins简约休闲高级感头饰盘发发饰女,,,普通订单,1.98,0,0,6,0,0,0,0,0,0,0,0,-0.4,0,0,0,0,0,0,,0,义乌市衍郝电子商务商行,订单结算
2026-04-23 03:23:05,'2026042303225838676564820159,入账,3.04,聚合账户,货款结算入账,小店自卖,'6952158331137692819,'6952158331137692819,'SS76308341903842183740089,2026-04-18 12:52:08,'3774210871656579079,小众不规则配饰撞色女新款高级感发卡爆款大号鲨鱼夹发夹气质头饰,,,普通订单,0.19,0,0,3.01,0,0,0,0,0,0,0,0,-0.16,0,0,0,0,0,0,,0,义乌市衍郝电子商务商行,订单结算
2026-04-23 03:24:07,'2026042303240129843131150159,入账,4.87,聚合账户,货款结算入账,小店自卖,'6925598807891410422,'6925598807891410422,'SS76307787621884072960120,2026-04-14 21:53:46,'3800198492568289686,买一送一爆款凉拖鞋男士夏季情侣2026新款家居防滑防臭厚底拖鞋女,,,普通订单,4.9,0,0,0,0,0,0,0,0,0,0,0,-0.03,0,0,0,0,0,0,是-商品卡免佣,0.22,义乌市衍郝电子商务商行,订单结算
2026-04-23 03:24:32,'2026042303242506264430420159,入账,1.89,聚合账户,货款结算入账,巨量千川,'6925429430814473354,'6925429430814473354,'SS76306552051230646120034,2026-04-07 23:56:48,'3799023022220903050,2026新款EVA家居室内不臭脚拖鞋男士夏季踩屎感防滑洗澡凉拖女式,,,普通订单,0.01,0,0,1.98,0,0,0,0,0,0,0,0,-0.1,0,0,0,0,0,0,,0,义乌市衍郝电子商务商行,订单结算
2026-04-23 03:24:55,'2026042303245038701309710159,入账,4.74,聚合账户,货款结算入账,小店自卖,'6925564811911790053,'6925564811911790053,'SS76307240453239608840015,2026-04-13 10:24:01,'3809625164249956608,孕妇专用防滑拖鞋女士夏季家居家室内静音浴室洗澡防臭凉拖鞋外穿,,,普通订单,1.99,0,0,3,0,0,0,0,0,0,0,0,-0.25,0,0,0,0,0,0,,0,义乌市衍郝电子商务商行,订单结算
2026-04-23 03:24:55,'2026042303244903069220110159,入账,5.41,聚合账户,货款结算入账,小店自卖,'6925536409522962395,'6925536409522962395,'SS76306666353474117220053,2026-04-12 17:39:07,'3812244340491813699,新款密齿香蕉韩系法式波点蕾丝蝴蝶结后脑勺盘发发夹发卡马尾发饰,,,普通订单,0.94,0,0,4.5,0,0,0,0,0,0,0,0,-0.03,0,0,0,0,0,0,是-商品卡免佣,0.22,义乌市衍郝电子商务商行,订单结算
2026-04-23 03:24:55,'2026042303245016946304090159,入账,4.74,聚合账户,货款结算入账,小店自卖,'6925555084788530655,'6925555084788530655,'SS76306421972175099260047,2026-04-13 08:31:41,'3809625164249956608,孕妇专用防滑拖鞋女士夏季家居家室内静音浴室洗澡防臭凉拖鞋外穿,,,普通订单,1.87,0,0,3.12,0,0,0,0,0,0,0,0,-0.25,0,0,0,0,0,0,,0,义乌市衍郝电子商务商行,订单结算
2026-04-23 03:24:55,'2026042303244910471880090159,入账,2.43,聚合账户,货款结算入账,小店自卖,'6952155674306352787,'6952155674306352787,'SS76306644848475059830082,2026-04-18 00:30:14,'3752322399887033276,短发留长发过渡期神器半扎发发夹女后脑勺大号在成人前额碎发夹子,,,普通订单,1.56,0.8,0,1,0,0,0,0,0,0,0,0,-0.13,0,0,0,0,0,0,,0,义乌市衍郝电子商务商行,订单结算
2026-04-23 03:24:55,'2026042303244610038482300159,入账,5.26,聚合账户,货款结算入账,小店自卖,'6925660051362119516,'6925660051362119516,'SS76306434355650770330236,2026-04-17 08:07:29,'3809625164249956608,孕妇专用防滑拖鞋女士夏季家居家室内静音浴室洗澡防臭凉拖鞋外穿,,,普通订单,5.29,0,0,0,0,0,0,0,0,0,0,0,-0.03,0,0,0,0,0,0,是-商品卡免佣,0.22,义乌市衍郝电子商务商行,订单结算
2026-04-23 03:24:55,'2026042303245016575695450159,入账,1.87,聚合账户,货款结算入账,小店自卖,'6925548116147076847,'6925548116147076847,'SS76306897294661553070189,2026-04-13 12:20:11,'3812244340491813699,新款密齿香蕉韩系法式波点蕾丝蝴蝶结后脑勺盘发发夹发卡马尾发饰,,,普通订单,0.01,0,0,1.87,0,0,0,0,0,0,0,0,-0.01,0,0,0,0,0,0,是-商品卡免佣,0.07,义乌市衍郝电子商务商行,订单结算
2026-04-23 03:24:55,'2026042303245022863224580159,入账,6.15,聚合账户,货款结算入账,小店自卖,'6925694583985831519,'6925694583985831519,'SS76307170401748915720165,2026-04-18 12:54:20,'3621925144525668908,波浪头箍发卡马尾压发优雅发带夹子夹头发压发扎头绳大肠发圈红色,,,普通订单,6.41,0,0,2.06,0,0,0,0,0,0,0,-2,-0.32,0,0,0,0,0,0,,0,义乌市衍郝电子商务商行,订单结算
2026-04-23 03:24:55,'2026042303244815352509900159,入账,2.75,聚合账户,货款结算入账,小店自卖,'6925669835520179221,'6925669835520179221,'SS76307157609688599440059,2026-04-17 18:43:23,'3752321970432246133,宫廷发箍设计波西米亚风发箍宽边网红洋气气质头箍红色头饰发饰,,,普通订单,0.01,0,0,2.88,0,0,0,0,0,0,0,0,-0.14,0,0,0,0,0,0,,0,义乌市衍郝电子商务商行,订单结算
2026-04-23 03:24:55,'2026042303245007431624090159,入账,5.4,聚合账户,货款结算入账,小店自卖,'6952021265923708721,'6952021265923708721,'SS76306631161702200410007,2026-04-12 23:38:18,'3782888475330740360,可爱毛绒米菲兔大号魔术贴卡通hellokitty发饰刘海碎发刘海贴神器,,,普通订单,5.68,0.3,0,0,0,0,0,0,0,0,0,0,-0.28,0,0,0,0,0,0,,0,义乌市衍郝电子商务商行,订单结算
2026-04-23 03:24:55,'2026042303244908520507510159,入账,4.65,聚合账户,货款结算入账,巨量千川,'6952148629718177006,'6952148629718177006,'SS76307893417920148980228,2026-04-17 23:55:58,'3800198492568289686,买一送一爆款凉拖鞋男士夏季情侣2026新款家居防滑防臭厚底拖鞋女,,,普通订单,0.01,0,0,4.89,0,0,0,0,0,0,0,0,-0.25,0,0,0,0,0,0,,0,义乌市衍郝电子商务商行,订单结算
2026-04-23 03:25:25,'2026042303252025335565060159,入账,7.06,聚合账户,货款结算入账,小店自卖,'6925556227266477748,'6925556227266477748,'SS76306668545052390900106,2026-04-12 23:27:07,'3776807804489302292,豹纹ins爱心发夹女一字夹高端碎发前额刘大号在成人前额碎发夹子,,,普通订单,7.1,0,0,0,0,0,0,0,0,0,0,0,-0.04,0,0,0,0,0,0,是-商品卡免佣,0.29,义乌市衍郝电子商务商行,订单结算
2026-04-23 03:25:29,'2026042303252518079915580159,入账,4.65,聚合账户,货款结算入账,小店自卖,'6925552393180118334,'6925552393180118334,'SS76306428385917012740087,2026-04-13 01:46:52,'3800198492568289686,买一送一爆款凉拖鞋男士夏季情侣2026新款家居防滑防臭厚底拖鞋女,,,普通订单,4.9,0,0,0,0,0,0,0,0,0,0,0,-0.25,0,0,0,0,0,0,,0,义乌市衍郝电子商务商行,订单结算
2026-04-23 03:26:06,'2026042303260028108720910159,入账,4.74,聚合账户,货款结算入账,小店自卖,'6952157422574311191,'6952157422574311191,'SS76307360286482314500117,2026-04-17 21:59:28,'3809627569339367610,印花小熊防滑拖鞋女士家居室内2025新款夏季洗澡家用eva静音凉拖,,,普通订单,3.55,0,0,1.44,0,0,0,0,0,0,0,0,-0.25,0,0,0,0,0,0,,0,义乌市衍郝电子商务商行,订单结算
2026-04-23 03:26:06,'2026042303255935329520740159,入账,7.25,聚合账户,货款结算入账,小店自卖,'6925540024015944798,'6925540024015944798,'SS76306666491174426060128,2026-04-12 18:49:16,'3621925144525668908,波浪头箍发卡马尾压发优雅发带夹子夹头发压发扎头绳大肠发圈红色,,,普通订单,7.29,0,0,0,0,0,0,0,0,0,0,0,-0.04,0,0,0,0,0,0,是-商品卡免佣,0.29,义乌市衍郝电子商务商行,订单结算
2026-04-23 03:26:06,'2026042303255937173212420159,入账,5.65,聚合账户,货款结算入账,小店自卖,'6925562970667908790,'6925562970667908790,'SS76307257812446415420144,2026-04-13 12:48:37,'3812796426258350389,夏天简约随手盘发一字扭扭夹水钻抓夹高级发夹扭扭后脑勺盘发器,,,普通订单,5.68,0,0,0,0,0,0,0,0,0,0,0,-0.03,0,0,0,0,0,0,是-商品卡免佣,0.22,义乌市衍郝电子商务商行,订单结算
2026-04-23 03:26:06,'2026042303260110656975450159,入账,5.9,聚合账户,货款结算入账,小店自卖,'6925556307915145093,'6925556307915145093,'SS76306668110432673540172,2026-04-13 00:06:19,'3812244340491813699,新款密齿香蕉韩系法式波点蕾丝蝴蝶结后脑勺盘发发夹发卡马尾发饰,,,普通订单,5.94,0,0,0,0,0,0,0,0,0,0,0,-0.04,0,0,0,0,0,0,是-商品卡免佣,0.29,义乌市衍郝电子商务商行,订单结算
2026-04-23 03:26:06,'2026042303260034858153050159,入账,3.78,聚合账户,货款结算入账,小店自卖,'6925544517984550069,'6925544517984550069,'SS76307017731971978780135,2026-04-12 19:15:00,'3783078074455819331,法式黑色缎面蝴蝶结抓夹女高级感2025新款大号在成人前额碎发夹子,,,普通订单,3.8,0,0,0,0,0,0,0,0,0,0,0,-0.02,0,0,0,0,0,0,是-商品卡免佣,0.15,义乌市衍郝电子商务商行,订单结算
2026-04-23 03:26:18,'2026042303261209900569980159,入账,1.08,聚合账户,货款结算入账,小店自卖,'6952032823732343845,'6952032823732343845,'SS76307248969141952090033,2026-04-13 13:55:04,'3807956255797018943,韩国精致气质炫彩侧边夹2026年新款发夹高端夹顶刘海鸭嘴高级夹子,,,普通订单,0.01,0,0,1.13,0,0,0,0,0,0,0,0,-0.06,0,0,0,0,0,0,,0,义乌市衍郝电子商务商行,订单结算
2026-04-23 03:26:18,'2026042303261216581594060159,入账,5.17,聚合账户,货款结算入账,小店自卖,'6951998061394335432,'6951998061394335432,'SS76307376909801393160128,2026-04-12 17:07:53,'3812240028327870813,粉色双面蝴蝶结香蕉夹竖夹超温柔!气质高马尾发夹后脑勺发夹发饰,,,普通订单,5.2,0,0,0,0,0,0,0,0,0,0,0,-0.03,0,0,0,0,0,0,是-商品卡免佣,0.22,义乌市衍郝电子商务商行,订单结算
2026-04-23 03:26:18,'2026042303261334819120900159,入账,4.94,聚合账户,货款结算入账,小店自卖,'6925685915392835242,'6925685915392835242,'SS76308569800134989260174,2026-04-18 11:40:28,'3812961166053999319,ins爆款卡通蓬松夹鸭嘴夹一字夹化妆发夹超萌可爱猫咪少女刘海夹,,,普通订单,3.2,0,0,2,0,0,0,0,0,0,0,0,-0.26,0,0,0,0,0,0,,0,义乌市衍郝电子商务商行,订单结算
2026-04-23 03:26:18,'2026042303261239703024900159,入账,5.46,聚合账户,货款结算入账,小店自卖,'6925540109653343588,'6925540109653343588,'SS76306665955909022780049,2026-04-12 19:13:21,'3806655969480540177,米菲兔巨显发量香蕉兔子后脑勺盘发百搭少女发饰时尚可爱波点大号,,,普通订单,5.49,0,0,0,0,0,0,0,0,0,0,0,-0.03,0,0,0,0,0,0,是-商品卡免佣,0.22,义乌市衍郝电子商务商行,订单结算
2026-04-23 03:26:18,'2026042303261236913484900159,入账,25.38,聚合账户,货款结算入账,小店自卖,'6952022463580805089,'6952022463580477409,'SS76306666171204121940049,2026-04-12 17:40:58,'3811094049524416689,韩国时尚高级感印花大肠发圈女2026新款气质马尾皮筋弹力耐用头绳,,,普通订单,25.53,0,0,0,0,0,0,0,0,0,0,0,-0.15,0,0,0,0,0,0,是-商品卡免佣,1.1,义乌市衍郝电子商务商行,订单结算
2026-04-23 03:26:21,'2026042303261106261519420159,入账,0.76,聚合账户,货款结算入账,小店自卖,'6925547772379234101,'6925547772379234101,'SS76307374069553772060092,2026-04-13 09:22:57,'3809975766641410463,高级感水钻珠珠一字扭扭夹2026新款盘发抓夹后脑勺发量多发夹头饰,,,普通订单,0.76,0,0,0,0,0,0,0,0,0,0,0,0,0,0,0,0,0,0,是-商品卡免佣,0,义乌市衍郝电子商务商行,订单结算
2026-04-23 03:26:54,'2026042303264519846763920159,入账,4.29,聚合账户,货款结算入账,小店自卖,'6952161703318459802,'6952161703318459802,'SS76307765308177126500051,2026-04-17 19:46:37,'3799023022220903050,2026新款EVA家居室内不臭脚拖鞋男士夏季踩屎感防滑洗澡凉拖女式,,,普通订单,0.9,0,0,3.42,0,0,0,0,0,0,0,0,-0.03,0,0,0,0,0,0,是-商品卡免佣,0.22,义乌市衍郝电子商务商行,订单结算
2026-04-23 03:27:52,'2026042303274619509414920159,入账,2.83,聚合账户,货款结算入账,小店自卖,'6925554739747126638,'6925554739747126638,'SS76306668759875428380166,2026-04-13 00:54:44,'3807217918840799504,新款百搭2026可爱小狗香蕉夹竖夹发夹脑勺扭扭夹高马尾抓夹高级感,,,普通订单,2.98,0,0,0,0,0,0,0,0,0,0,0,-0.15,0,0,0,0,0,0,,0,义乌市衍郝电子商务商行,订单结算
2026-04-23 03:28:06,'2026042303280112458887680159,入账,4.2,聚合账户,货款结算入账,小店自卖,'6952138946704446756,'6952138946704446756,'SS76308212453107305390039,2026-04-17 16:20:14,'3811106461837295881,新款五角星发夹发扣韩国少女甜美甜酷侧边夹顶刘海前额固定卡子,,,普通订单,4.23,0,0,0,0,0,0,0,0,0,0,0,-0.03,0,0,0,0,0,0,是-商品卡免佣,0.22,义乌市衍郝电子商务商行,订单结算
2026-04-23 03:28:06,'2026042303275822158052180159,入账,4.74,聚合账户,货款结算入账,小店自卖,'6951886649577707327,'6951886649577707327,'SS76306560717165204880126,2026-04-07 22:21:59,'3799023022220903050,2026新款EVA家居室内不臭脚拖鞋男士夏季踩屎感防滑洗澡凉拖女式,,,普通订单,1.4,0,0,3.59,0,0,0,0,0,0,0,0,-0.25,0,0,0,0,0,0,,0,义乌市衍郝电子商务商行,订单结算
2026-04-23 03:28:07,'2026042303275738871249920159,入账,6.01,聚合账户,货款结算入账,小店自卖,'6952011735497315908,'6952011735497315908,'SS76306666554374556620141,2026-04-12 17:23:38,'3812240028327870813,粉色双面蝴蝶结香蕉夹竖夹超温柔!气质高马尾发夹后脑勺发夹发饰,,,普通订单,6.05,0,0,0,0,0,0,0,0,0,0,0,-0.04,0,0,0,0,0,0,是-商品卡免佣,0.29,义乌市衍郝电子商务商行,订单结算
2026-04-23 03:28:07,'2026042303280015023317000159,入账,3.54,聚合账户,货款结算入账,小店自卖,'6951896313783456900,'6951896313783456900,'SS76307388778917729640210,2026-04-08 12:51:19,'3783078074455819331,法式黑色缎面蝴蝶结抓夹女高级感2025新款大号在成人前额碎发夹子,,,普通订单,0.01,0,0,3.72,0,0,0,0,0,0,0,0,-0.19,0,0,0,0,0,0,,0,义乌市衍郝电子商务商行,订单结算
2026-04-23 03:28:07,'2026042303275732348411400159,入账,6.21,聚合账户,货款结算入账,小店自卖,'6952135473639658959,'6952135473639658959,'SS76306312523497354640132,2026-04-16 19:45:29,'3812994604597379368,韩系重工藏青色爱心蕾丝四层大肠发圈女高级感超大扎头发头绳头饰,,,普通订单,6.25,0,0,0,0,0,0,0,0,0,0,0,-0.04,0,0,0,0,0,0,是-商品卡免佣,0.29,义乌市衍郝电子商务商行,订单结算
2026-04-23 03:28:51,'2026042303284503952481630159,入账,2.83,聚合账户,货款结算入账,小店自卖,'6952147432291375007,'6952147432291375007,'SS76308272679442683390080,2026-04-17 10:20:38,'3812240028327870813,粉色双面蝴蝶结香蕉夹竖夹超温柔!气质高马尾发夹后脑勺发夹发饰,,,普通订单,1.79,0,0,1.19,0,0,0,0,0,0,0,0,-0.15,0,0,0,0,0,0,,0,义乌市衍郝电子商务商行,订单结算
2026-04-23 03:28:51,'2026042303284720937613180159,入账,2.58,聚合账户,货款结算入账,小店自卖,'6925542279345504015,'6925542279345504015,'SS76307026524611056730125,2026-04-12 19:55:28,'3780849912053366920,超可爱的kt猫脑袋碎发魔术贴发卡化妆敷面膜无痕刘海贴粘发贴发饰,,,普通订单,2.6,0,0,0,0,0,0,0,0,0,0,0,-0.02,0,0,0,0,0,0,是-商品卡免佣,0.15,义乌市衍郝电子商务商行,订单结算
2026-04-23 03:28:51,'2026042303284535623081110159,入账,3.36,聚合账户,货款结算入账,小店自卖,'6952033764927674106,'6952033764927674106,'SS76306607618962232840046,2026-04-12 20:57:06,'3812796426258350389,夏天简约随手盘发一字扭扭夹水钻抓夹高级发夹扭扭后脑勺盘发器,,,普通订单,3.38,0,0,0,0,0,0,0,0,0,0,0,-0.02,0,0,0,0,0,0,是-商品卡免佣,0.15,义乌市衍郝电子商务商行,订单结算
2026-04-23 03:28:51,'2026042303284614223488090159,入账,6.94,聚合账户,货款结算入账,小店自卖,'6925541170406456690,'6925541170406325618,'SS76307409117314752060104,2026-04-13 07:26:19,'3810919823941174195,中式复古洋气多层小蛮腰褶皱印花肥肠圈高端水墨皮筋耐用新款发圈,,,普通订单,6.98,0,0,0,0,0,0,0,0,0,0,0,-0.04,0,0,0,0,0,0,是-商品卡免佣,0.29,义乌市衍郝电子商务商行,订单结算
2026-04-23 03:28:51,'2026042303284703439662350159,入账,2.87,聚合账户,货款结算入账,小店自卖,'6925554890972167783,'6925554890972167783,'SS76306663681701322670216,2026-04-13 05:38:49,'3799616810156949953,绒面宽边简约高颅顶发箍秋冬网红发饰女高级感洗脸头箍发卡发带潮,,,普通订单,2.89,0,0,0,0,0,0,0,0,0,0,0,-0.02,0,0,0,0,0,0,是-商品卡免佣,0.15,义乌市衍郝电子商务商行,订单结算
2026-04-23 03:29:06,'2026042303290030422469460159,入账,8.85,聚合账户,货款结算入账,小店自卖,'6952041097655096932,'6952041097655096932,'SS76306428723592563560174,2026-04-13 08:44:37,'3800198492568289686,买一送一爆款凉拖鞋男士夏季情侣2026新款家居防滑防臭厚底拖鞋女,,,普通订单,8.9,0,0,0,0,0,0,0,0,0,0,0,-0.05,0,0,0,0,0,0,是-商品卡免佣,0.37,义乌市衍郝电子商务商行,订单结算
2026-04-23 03:29:06,'2026042303285923880873050159,入账,8.85,聚合账户,货款结算入账,小店自卖,'6925662855153155734,'6925662855153090198,'SS76308570052086832790235,2026-04-17 16:41:04,'3800198492568289686,买一送一爆款凉拖鞋男士夏季情侣2026新款家居防滑防臭厚底拖鞋女,,,普通订单,8.9,0,0,0,0,0,0,0,0,0,0,0,-0.05,0,0,0,0,0,0,是-商品卡免佣,0.37,义乌市衍郝电子商务商行,订单结算
2026-04-23 03:29:06,'2026042303290128101842430159,入账,1.83,聚合账户,货款结算入账,小店自卖,'6925594819886611975,'6925594819886611975,'SS76307555751894720270223,2026-04-14 23:54:51,'3622101757909408748,潮流男士发箍无痕皮筋发夹大肠发圈头顶橡皮压发成人发卡男士耐用,,,普通订单,1.84,0,0,0,0,0,0,0,0,0,0,0,-0.01,0,0,0,0,0,0,是-商品卡免佣,0.07,义乌市衍郝电子商务商行,订单结算
2026-04-23 03:29:06,'2026042303285728117076480159,入账,5.07,聚合账户,货款结算入账,小店自卖,'6952134306239551441,'6952134306239551441,'SS76307756793525706740151,2026-04-17 07:47:12,'3776807804489302292,豹纹ins爱心发夹女一字夹高端碎发前额刘大号在成人前额碎发夹子,,,普通订单,5.1,0,0,0,0,0,0,0,0,0,0,0,-0.03,0,0,0,0,0,0,是-商品卡免佣,0.22,义乌市衍郝电子商务商行,订单结算
2026-04-23 03:29:06,'2026042303290033273782140159,入账,3.04,聚合账户,货款结算入账,小店自卖,'6925443933261954951,'6925443933261954951,'SS76307379972270536040072,2026-04-08 21:37:58,'3811855892845035634,卡通可爱云朵发箍洗脸网红同款化妆高颅发捆头饰发饰女生春夏头箍,,,普通订单,3.06,0,0,0,0,0,0,0,0,0,0,0,-0.02,0,0,0,0,0,0,是-商品卡免佣,0.15,义乌市衍郝电子商务商行,订单结算
2026-04-23 03:30:16,'2026042303301105086415460159,入账,4.93,聚合账户,货款结算入账,小店自卖,'6925563755167382681,'6925563755167382681,'SS76308224002503314300141,2026-04-13 19:21:37,'3794075048172716228,安可拉红色蝴蝶镶钻头绳女高端网红扎头花高弹力马尾耐用皮筋发圈,,,普通订单,0.01,0,0,4.95,0,0,0,0,0,0,0,0,-0.03,0,0,0,0,0,0,是-商品卡免佣,0.22,义乌市衍郝电子商务商行,订单结算
2026-04-23 03:30:16,'2026042303301130580905420159,入账,2.74,聚合账户,货款结算入账,小店自卖,'6952082907255936428,'6952082907255936428,'SS76306625871230735700194,2026-04-15 16:42:36,'3797749369206342546,豹纹大肠发圈高级小众手工韩国新款头绳编织显发量马尾丸子头发绳,,,普通订单,0.01,0,0,2.87,0,0,0,0,0,0,0,0,-0.14,0,0,0,0,0,0,,0,义乌市衍郝电子商务商行,订单结算
2026-04-23 03:30:16,'2026042303301208996953980159,入账,2.43,聚合账户,货款结算入账,小店自卖,'6952147545573168429,'6952147545573168429,'SS76306835695180024700034,2026-04-17 11:13:15,'3812437220980293660,高级感前额侧边碎发夹刘海夹小号闪钻蝴蝶结鸭嘴夹子水晶发卡头饰,,,普通订单,0.44,0,0,2,0,0,0,0,0,0,0,0,-0.01,0,0,0,0,0,0,是-商品卡免佣,0.07,义乌市衍郝电子商务商行,订单结算
2026-04-23 03:30:16,'2026042303301212038845820159,入账,2.96,聚合账户,货款结算入账,小店自卖,'6952146766627673169,'6952146766627673169,'SS76307445497591936400091,2026-04-18 12:59:42,'3812240028327870813,粉色双面蝴蝶结香蕉夹竖夹超温柔!气质高马尾发夹后脑勺发夹发饰,,,普通订单,0.01,0,0,2.97,0,0,0,0,0,0,0,0,-0.02,0,0,0,0,0,0,是-商品卡免佣,0.15,义乌市衍郝电子商务商行,订单结算
2026-04-23 03:30:16,'2026042303301020518832900159,入账,8.45,聚合账户,货款结算入账,小店自卖,'6925635112580906850,'6925635112580906850,'SS76306695939797814270247,2026-04-16 16:13:02,'3809632216561090850,买一送一拖鞋男款外出耐穿夏天居家用室内厚底防滑防臭男女凉托鞋,,,普通订单,7.5,0,0,1,0,0,0,0,0,0,0,0,-0.05,0,0,0,0,0,0,是-商品卡免佣,0.37,义乌市衍郝电子商务商行,订单结算
2026-04-23 03:30:16,'2026042303301124721208420159,入账,4.96,聚合账户,货款结算入账,小店自卖,'6952116476406863147,'6952116476406863147,'SS76307855922671132620028,2026-04-15 22:05:23,'3809625164249956608,孕妇专用防滑拖鞋女士夏季家居家室内静音浴室洗澡防臭凉拖鞋外穿,,,普通订单,4.99,0,0,0,0,0,0,0,0,0,0,0,-0.03,0,0,0,0,0,0,是-商品卡免佣,0.22,义乌市衍郝电子商务商行,订单结算
2026-04-23 03:30:16,'2026042303301208997117820159,入账,3.08,聚合账户,货款结算入账,小店自卖,'6925666931113688936,'6925666931113688936,'SS76308577280883594740237,2026-04-17 16:17:50,'3813152773302780175,柔软泡泡纱韩国粉色碎花大肠发圈超大号高级仙气丸子慵懒头绳发饰,,,普通订单,0.01,0,0,3.09,0,0,0,0,0,0,0,0,-0.02,0,0,0,0,0,0,是-商品卡免佣,0.15,义乌市衍郝电子商务商行,订单结算
2026-04-23 03:30:16,'2026042303301222020595460159,入账,8.45,聚合账户,货款结算入账,巨量千川,'6952117824365664059,'6952117824365664059,'SS76308699704062981640236,2026-04-16 16:37:36,'3800198492568289686,买一送一爆款凉拖鞋男士夏季情侣2026新款家居防滑防臭厚底拖鞋女,,,普通订单,5.9,0,0,3,0,0,0,0,0,0,0,0,-0.45,0,0,0,0,0,0,,0,义乌市衍郝电子商务商行,订单结算
2026-04-23 03:30:16,'2026042303301124499986180159,入账,1.23,聚合账户,货款结算入账,小店自卖,'6952164003969963988,'6952164003969963988,'SS76308235303803784310050,2026-04-17 22:18:18,'3752322049939472693,儿童一次性皮筋发卡神器彩色发绳夹子工具小号不伤发可爱扎头发器,,,普通订单,0.7,0.3,0,0.59,0,0,0,0,0,0,0,0,-0.06,0,0,0,0,0,0,,0,义乌市衍郝电子商务商行,订单结算
2026-04-23 03:30:16,'2026042303301111786982910159,入账,4.47,聚合账户,货款结算入账,小店自卖,'6952159010565985997,'6952159010565985997,'SS76308157827460634120068,2026-04-17 17:26:36,'3812240028327870813,粉色双面蝴蝶结香蕉夹竖夹超温柔!气质高马尾发夹后脑勺发夹发饰,,,普通订单,0.01,0,0,4.49,0,0,0,0,0,0,0,0,-0.03,0,0,0,0,0,0,是-商品卡免佣,0.22,义乌市衍郝电子商务商行,订单结算
2026-04-23 03:30:22,'2026042303301718917460880159,入账,6.64,聚合账户,货款结算入账,小店自卖,'6925552156821257395,'6925552156821257395,'SS76306671341438405390166,2026-04-12 23:08:20,'3812438526650351850,韩版网纱蝴蝶结抓夹2026新款水晶刘海夹侧边夹气质优雅公主夹蓬松,,,普通订单,6.68,0,0,0,0,0,0,0,0,0,0,0,-0.04,0,0,0,0,0,0,是-商品卡免佣,0.29,义乌市衍郝电子商务商行,订单结算
2026-04-23 03:31:22,'2026042303311619684559880159,入账,8.85,聚合账户,货款结算入账,小店自卖,'6952081395371153320,'6952081395371153320,'SS76307731026872776180067,2026-04-14 20:13:48,'3800198492568289686,买一送一爆款凉拖鞋男士夏季情侣2026新款家居防滑防臭厚底拖鞋女,,,普通订单,0.5,0,0,8.4,0,0,0,0,0,0,0,0,-0.05,0,0,0,0,0,0,是-商品卡免佣,0.37,义乌市衍郝电子商务商行,订单结算
2026-04-23 03:31:26,'2026042303312111589885540159,入账,2.84,聚合账户,货款结算入账,小店自卖,'6952018863825557005,'6952018863825557005,'SS76306669566727296270069,2026-04-13 07:08:29,'3811102963569655948,春夏撞色蝴蝶结发夹发卡女后脑勺2026新款气质大号盘发鸭嘴夹发饰,,,普通订单,0.01,0,0,2.98,0,0,0,0,0,0,0,0,-0.15,0,0,0,0,0,0,,0,义乌市衍郝电子商务商行,订单结算
2026-04-23 03:32:09,'2026042303320404980249980159,入账,7.06,聚合账户,货款结算入账,小店自卖,'6952009969286846336,'6952009969286846336,'SS76306668932836562020121,2026-04-12 23:33:01,'3776807804489302292,豹纹ins爱心发夹女一字夹高端碎发前额刘大号在成人前额碎发夹子,,,普通订单,6.17,0,0,0.93,0,0,0,0,0,0,0,0,-0.04,0,0,0,0,0,0,是-商品卡免佣,0.29,义乌市衍郝电子商务商行,订单结算
2026-04-23 03:32:30,'2026042303322641148746590159,入账,10.27,聚合账户,货款结算入账,小店自卖,'6952023333004384230,'6952023333004384230,'SS76306669467988669590091,2026-04-13 07:42:26,'3809262658188869664,高级感新年红色大肠发圈女2026新款扎头发绳丸子氛围感头花发饰,,,普通订单,7.81,0,0,3,0,0,0,0,0,0,0,0,-0.54,0,0,0,0,0,0,,0,义乌市衍郝电子商务商行,订单结算
2026-04-23 03:33:33,'2026042303332836965583870159,入账,3.09,聚合账户,货款结算入账,小店自卖,'6952025148138984827,'6952025148138984827,'SS76306668795687575130020,2026-04-12 22:46:25,'3809262658188869664,高级感新年红色大肠发圈女2026新款扎头发绳丸子氛围感头花发饰,,,普通订单,2.28,0,0,0.97,0,0,0,0,0,0,0,0,-0.16,0,0,0,0,0,0,,0,义乌市衍郝电子商务商行,订单结算
2026-04-23 03:33:37,'2026042303333329575749750159,入账,10.83,聚合账户,货款结算入账,小店自卖,'6952132600880895321,'6952132600880895321,'SS76306890342638269820105,2026-04-17 20:28:49,'3813152773302780175,柔软泡泡纱韩国粉色碎花大肠发圈超大号高级仙气丸子慵懒头绳发饰,,,普通订单,10.9,0,0,0,0,0,0,0,0,0,0,0,-0.07,0,0,0,0,0,0,是-商品卡免佣,0.51,义乌市衍郝电子商务商行,订单结算
2026-04-23 03:33:37,'2026042303333220313093120159,入账,6.09,聚合账户,货款结算入账,小店自卖,'6925554606085865322,'6925554606085865322,'SS76306668037274012420174,2026-04-12 23:38:03,'3752323576548688241,中国风孔雀盘发器女生古典旗袍发饰丸子懒人高级感饰品优雅发夹女,,,普通订单,6.41,0,0,0,0,0,0,0,0,0,0,0,-0.32,0,0,0,0,0,0,,0,义乌市衍郝电子商务商行,订单结算
2026-04-23 03:33:37,'2026042303333325212073390159,入账,3.76,聚合账户,货款结算入账,小店自卖,'6952029458426631459,'6952029458426631459,'SS76307365401969136900185,2026-04-12 21:12:40,'3772296424570617894,白色田园风法式蕾丝三角巾甜美包头发带头巾新款丝巾发绳女头饰,,,普通订单,3.96,0,0,0,0,0,0,0,0,0,0,0,-0.2,0,0,0,0,0,0,,0,义乌市衍郝电子商务商行,订单结算
2026-04-23 03:33:37,'2026042303333306139415440159,入账,5.17,聚合账户,货款结算入账,小店自卖,'6925618552678022691,'6925618552678022691,'SS76307499825723645500028,2026-04-16 00:55:38,'3812961166053999319,ins爆款卡通蓬松夹鸭嘴夹一字夹化妆发夹超萌可爱猫咪少女刘海夹,,,普通订单,5.2,0,0,0,0,0,0,0,0,0,0,0,-0.03,0,0,0,0,0,0,是-商品卡免佣,0.22,义乌市衍郝电子商务商行,订单结算
2026-04-23 03:33:37,'2026042303333236413279080159,入账,3.87,聚合账户,货款结算入账,小店自卖,'6952155633824306415,'6952155633824306415,'SS76308688653670528520172,2026-04-17 23:46:14,'3806656594406670373,虞书欣同款发扣小金属圆圈环扣刘海前额侧边边夹发夹抓夹发卡夹子,,,普通订单,3.89,0,0,0,0,0,0,0,0,0,0,0,-0.02,0,0,0,0,0,0,是-商品卡免佣,0.15,义乌市衍郝电子商务商行,订单结算
2026-04-23 03:33:49,'2026042303334513926894600159,入账,4.85,聚合账户,货款结算入账,小店自卖,'6925557318097403669,'6925557318097403669,'SS76307050755735229630190,2026-04-13 12:24:11,'3807217918840799504,新款百搭2026可爱小狗香蕉夹竖夹发夹脑勺扭扭夹高马尾抓夹高级感,,,普通订单,4.88,0,0,0,0,0,0,0,0,0,0,0,-0.03,0,0,0,0,0,0,是-商品卡免佣,0.22,义乌市衍郝电子商务商行,订单结算
2026-04-23 03:33:49,'2026042303334407057577310159,入账,1.49,聚合账户,货款结算入账,小店自卖,'6925541170406325618F00,'6925541170406325618,'SS76307409303408483900136,2026-04-13 07:26:19,'3624885480883111519,运费单,,,普通订单,1.5,1.5,0,0,0,0,0,0,0,0,0,0,-0.01,0,0,0,0,0,0,是-商品卡免佣,0.07,义乌市衍郝电子商务商行,运费单结算
2026-04-23 03:33:49,'2026042303334433358482320159,入账,7.06,聚合账户,货款结算入账,小店自卖,'6925545096375336640,'6925545096375336640,'SS76306668364153820680243,2026-04-12 22:39:22,'3776807804489302292,豹纹ins爱心发夹女一字夹高端碎发前额刘大号在成人前额碎发夹子,,,普通订单,7.1,0,0,0,0,0,0,0,0,0,0,0,-0.04,0,0,0,0,0,0,是-商品卡免佣,0.29,义乌市衍郝电子商务商行,订单结算
2026-04-23 03:33:49,'2026042303334414653361070159,入账,4.87,聚合账户,货款结算入账,小店自卖,'6952112085900597132,'6952112085900597132,'SS76306156847013770340034,2026-04-15 21:11:54,'3799023022220903050,2026新款EVA家居室内不臭脚拖鞋男士夏季踩屎感防滑洗澡凉拖女式,,,普通订单,4.9,0,0,0,0,0,0,0,0,0,0,0,-0.03,0,0,0,0,0,0,是-商品卡免佣,0.22,义乌市衍郝电子商务商行,订单结算
2026-04-23 03:33:49,'2026042303334539605744830159,入账,3.36,聚合账户,货款结算入账,小店自卖,'6952029455217596221,'6952029455217596221,'SS76306419017013174170059,2026-04-12 21:17:37,'3812796426258350389,夏天简约随手盘发一字扭扭夹水钻抓夹高级发夹扭扭后脑勺盘发器,,,普通订单,3.38,0,0,0,0,0,0,0,0,0,0,0,-0.02,0,0,0,0,0,0,是-商品卡免佣,0.15,义乌市衍郝电子商务商行,订单结算
2026-04-23 03:34:01,'2026042303335531305733390159,入账,8.81,聚合账户,货款结算入账,小店自卖,'6952051463469209084,'6952051463469209084,'SS76307133382970739560084,2026-04-13 22:14:38,'3809032164440408313,洗脸防水手腕带防湿袖女吸水神器护腕手环毛巾腕巾套袖挡水防溅,,,普通订单,8.86,0,0,0,0,0,0,0,0,0,0,0,-0.05,0,0,0,0,0,0,是-商品卡免佣,0.37,义乌市衍郝电子商务商行,订单结算
2026-04-23 03:34:02,'2026042303335826301401950159,入账,4.23,聚合账户,货款结算入账,小店自卖,'6925560744821751249,'6925560744821751249,'SS76306669007621824510052,2026-04-13 01:05:13,'3674363744047202423,儿童碎发梳韩式发夹小女孩头饰可爱碎发神器女童发卡高颅顶神器,,,普通订单,4.26,1.1,0,0,0,0,0,0,0,0,0,0,-0.03,0,0,0,0,0,0,是-商品卡免佣,0.22,义乌市衍郝电子商务商行,订单结算
2026-04-23 03:34:02,'2026042303335632891540830159,入账,3.96,聚合账户,货款结算入账,小店自卖,'6925546756051860980,'6925546756051860980,'SS76306667074675837530020,2026-04-12 20:45:25,'3782884506629963916,紫荆花头发夹子气质花朵盘发抓夹女水钻磨大号在成人前额碎发夹子,,,普通订单,3.98,0,0,0,0,0,0,0,0,0,0,0,-0.02,0,0,0,0,0,0,是-商品卡免佣,0.15,义乌市衍郝电子商务商行,订单结算
2026-04-23 03:34:02,'2026042303335830660529150159,入账,1.96,聚合账户,货款结算入账,小店自卖,'6952029048070805400,'6952029048070805400,'SS76306665832797314750047,2026-04-12 17:15:49,'3622101757909408748,潮流男士发箍无痕皮筋发夹大肠发圈头顶橡皮压发成人发卡男士耐用,,,普通订单,1.97,0,0,0,0,0,0,0,0,0,0,0,-0.01,0,0,0,0,0,0,是-商品卡免佣,0.07,义乌市衍郝电子商务商行,订单结算
2026-04-23 03:34:02,'2026042303335719937528470159,入账,6.45,聚合账户,货款结算入账,小店自卖,'6925547259943485304,'6925547259943485304,'SS76306668634245698980112,2026-04-12 23:24:49,'3788321855669141602,小香风抓夹大号花朵蝴蝶结发夹头饰女后脑勺鲨鱼夹2025新款高级感,,,普通订单,6.49,0.5,0,0,0,0,0,0,0,0,0,0,-0.04,0,0,0,0,0,0,是-商品卡免佣,0.29,义乌市衍郝电子商务商行,订单结算
2026-04-23 03:34:02,'2026042303335633442701070159,入账,12.04,聚合账户,货款结算入账,小店自卖,'6952041476519237263,'6952041476519237263,'SS76306851503611131400240,2026-04-13 13:11:09,'3807233228251726216,发圈式啪啪圈~秋冬美拉德系懒人高马尾啪啪圈复古固定不塌神器,,,普通订单,12.11,0,0,0,0,0,0,0,0,0,0,0,-0.07,0,0,0,0,0,0,是-商品卡免佣,0.51,义乌市衍郝电子商务商行,订单结算
2026-04-23 03:34:02,'2026042303335820685622280159,入账,5.81,聚合账户,货款结算入账,小店自卖,'6925544358747209502,'6925544358747209502,'SS76306657411890061150065,2026-04-12 17:49:38,'3810919823941174195,中式复古洋气多层小蛮腰褶皱印花肥肠圈高端水墨皮筋耐用新款发圈,,,普通订单,5.85,0,0,0,0,0,0,0,0,0,0,0,-0.04,0,0,0,0,0,0,是-商品卡免佣,0.29,义乌市衍郝电子商务商行,订单结算
2026-04-23 03:34:02,'2026042303335630214763670159,入账,5.17,聚合账户,货款结算入账,小店自卖,'6925659151949332154,'6925659151949332154,'SS76308130806667842990156,2026-04-17 18:27:14,'3812961166053999319,ins爆款卡通蓬松夹鸭嘴夹一字夹化妆发夹超萌可爱猫咪少女刘海夹,,,普通订单,5.2,0,0,0,0,0,0,0,0,0,0,0,-0.03,0,0,0,0,0,0,是-商品卡免佣,0.22,义乌市衍郝电子商务商行,订单结算
2026-04-23 03:34:02,'2026042303335809503094110159,入账,0.89,聚合账户,货款结算入账,小店自卖,'6925685900496175026,'6925685900496175026,'SS76306629006402854550188,2026-04-18 11:23:48,'3812961166053999319,ins爆款卡通蓬松夹鸭嘴夹一字夹化妆发夹超萌可爱猫咪少女刘海夹,,,普通订单,0.9,0,0,0,0,0,0,0,0,0,0,0,-0.01,0,0,0,0,0,0,是-商品卡免佣,0.07,义乌市衍郝电子商务商行,订单结算
2026-04-23 03:34:02,'2026042303335740910853470159,入账,2.2,聚合账户,货款结算入账,小店自卖,'6925553629219225441,'6925553629219225441,'SS76306382593081185680081,2026-04-12 17:36:27,'3812240028327870813,粉色双面蝴蝶结香蕉夹竖夹超温柔!气质高马尾发夹后脑勺发夹发饰,,,普通订单,2.21,0,0,0,0,0,0,0,0,0,0,0,-0.01,0,0,0,0,0,0,是-商品卡免佣,0.07,义乌市衍郝电子商务商行,订单结算
2026-04-23 03:34:18,'2026042303341324627451280159,入账,3.23,聚合账户,货款结算入账,小店自卖,'6925699337239166743,'6925699337239166743,'SS76308123111542787190022,2026-04-18 16:15:05,'3809262658188869664,高级感新年红色大肠发圈女2026新款扎头发绳丸子氛围感头花发饰,,,普通订单,3.25,0,0,0,0,0,0,0,0,0,0,0,-0.02,0,0,0,0,0,0,是-商品卡免佣,0.15,义乌市衍郝电子商务商行,订单结算
2026-04-23 03:34:18,'2026042303341420594570760159,入账,7.17,聚合账户,货款结算入账,小店自卖,'6925586166559375001,'6925586166559375001,'SS76307618756642086800124,2026-04-14 09:51:51,'3752323576548688241,中国风孔雀盘发器女生古典旗袍发饰丸子懒人高级感饰品优雅发夹女,,,普通订单,7.21,0.8,0,0,0,0,0,0,0,0,0,0,-0.04,0,0,0,0,0,0,是-商品卡免佣,0.29,义乌市衍郝电子商务商行,订单结算
2026-04-23 03:34:18,'2026042303341230926484860159,入账,4.96,聚合账户,货款结算入账,小店自卖,'6952027010407339578,'6952027010407339578,'SS76306671470230779280166,2026-04-12 17:21:43,'3809625164249956608,孕妇专用防滑拖鞋女士夏季家居家室内静音浴室洗澡防臭凉拖鞋外穿,,,普通订单,4.99,0,0,0,0,0,0,0,0,0,0,0,-0.03,0,0,0,0,0,0,是-商品卡免佣,0.22,义乌市衍郝电子商务商行,订单结算
2026-04-23 03:34:18,'2026042303341329702392670159,入账,7.94,聚合账户,货款结算入账,小店自卖,'6925558255158984628,'6925558255158984628,'SS76306667580307213300102,2026-04-12 21:59:24,'3656205639027408650,简约洗澡大号盘发发夹后脑勺抓夹成人发抓鲨鱼夹发卡夹子头发夹,,,普通订单,7.99,0.5,0,0,0,0,0,0,0,0,0,0,-0.05,0,0,0,0,0,0,是-商品卡免佣,0.37,义乌市衍郝电子商务商行,订单结算
2026-04-23 03:34:18,'2026042303341509526976510159,入账,2.94,聚合账户,货款结算入账,小店自卖,'6952018873888412760,'6952018873888412760,'SS76306388337515894020249,2026-04-13 07:03:58,'3806656594406670373,虞书欣同款发扣小金属圆圈环扣刘海前额侧边边夹发夹抓夹发卡夹子,,,普通订单,2.96,0,0,0,0,0,0,0,0,0,0,0,-0.02,0,0,0,0,0,0,是-商品卡免佣,0.15,义乌市衍郝电子商务商行,订单结算
2026-04-23 03:34:30,'2026042303342623787279900159,入账,4.96,聚合账户,货款结算入账,小店自卖,'6925675853390183484,'6925675853390183484,'SS76307972060230787020042,2026-04-17 15:33:39,'3809627569339367610,印花小熊防滑拖鞋女士家居室内2025新款夏季洗澡家用eva静音凉拖,,,普通订单,0.01,0,0,4.98,0,0,0,0,0,0,0,0,-0.03,0,0,0,0,0,0,是-商品卡免佣,0.22,义乌市衍郝电子商务商行,订单结算
2026-04-23 03:34:32,'2026042303342823425032080159,入账,4.96,聚合账户,货款结算入账,小店自卖,'6925546738206539706,'6925546738206539706,'SS76306667763803430780130,2026-04-12 20:50:42,'3799990809466634691,2026新款高端刘海夹爱心撞色发夹头饰侧边碎发夹一字夹发卡发饰女,,,普通订单,4.99,0,0,0,0,0,0,0,0,0,0,0,-0.03,0,0,0,0,0,0,是-商品卡免佣,0.22,义乌市衍郝电子商务商行,订单结算
2026-04-23 03:34:32,'2026042303342816117107460159,入账,5.65,聚合账户,货款结算入账,小店自卖,'6952125008622851842,'6952125008622851842,'SS76307701223043243670195,2026-04-16 22:45:12,'3782888475330740360,可爱毛绒米菲兔大号魔术贴卡通hellokitty发饰刘海碎发刘海贴神器,,,普通订单,5.68,0.3,0,0,0,0,0,0,0,0,0,0,-0.03,0,0,0,0,0,0,是-商品卡免佣,0.22,义乌市衍郝电子商务商行,订单结算
2026-04-23 03:34:32,'2026042303342811464381960159,入账,8.69,聚合账户,货款结算入账,小店自卖,'6925641193635019804,'6925641193635019804,'SS76308447912793869310166,2026-04-16 15:08:58,'3678215286143713722,头花黑色丸子头飘带抓夹显脸小发圈盘发发夹鲨鱼夹发饰夹子头饰,,,普通订单,8.74,0,0,0,0,0,0,0,0,0,0,0,-0.05,0,0,0,0,0,0,是-商品卡免佣,0.37,义乌市衍郝电子商务商行,订单结算
2026-04-23 03:34:32,'2026042303342738509491300159,入账,6.21,聚合账户,货款结算入账,小店自卖,'6952150098398549003,'6952150098398286859,'SS76305167186539809550141,2026-04-17 15:36:00,'3809625164249956608,孕妇专用防滑拖鞋女士夏季家居家室内静音浴室洗澡防臭凉拖鞋外穿,,,普通订单,6.25,0,0,0,0,0,0,0,0,0,0,0,-0.04,0,0,0,0,0,0,是-商品卡免佣,0.29,义乌市衍郝电子商务商行,订单结算
2026-04-23 03:34:32,'2026042303342815614162300159,入账,6.52,聚合账户,货款结算入账,小店自卖,'6952150098398614539,'6952150098398286859,'SS76305167203366341520219,2026-04-17 15:36:00,'3800198492568289686,买一送一爆款凉拖鞋男士夏季情侣2026新款家居防滑防臭厚底拖鞋女,,,普通订单,6.56,0,0,0,0,0,0,0,0,0,0,0,-0.04,0,0,0,0,0,0,是-商品卡免佣,0.29,义乌市衍郝电子商务商行,订单结算
2026-04-23 03:34:34,'2026042303342930587295060159,入账,3.87,聚合账户,货款结算入账,小店自卖,'6952016375231943877,'6952016375231943877,'SS76306648737308188260041,2026-04-12 21:33:33,'3806656594406670373,虞书欣同款发扣小金属圆圈环扣刘海前额侧边边夹发夹抓夹发卡夹子,,,普通订单,3.89,0,0,0,0,0,0,0,0,0,0,0,-0.02,0,0,0,0,0,0,是-商品卡免佣,0.15,义乌市衍郝电子商务商行,订单结算
2026-04-23 03:34:34,'2026042303343015353943380159,入账,1.37,聚合账户,货款结算入账,小店自卖,'6952136079528498479,'6952136079528498479,'SS76307130033819819870153,2026-04-17 05:45:30,'3812796426258350389,夏天简约随手盘发一字扭扭夹水钻抓夹高级发夹扭扭后脑勺盘发器,,,普通订单,3.38,0,0,0,0,0,0,0,0,0,0,-2,-0.01,0,0,0,0,0,0,是-商品卡免佣,0.07,义乌市衍郝电子商务商行,订单结算
2026-04-23 03:34:34,'2026042303342924799974400159,入账,1.89,聚合账户,货款结算入账,小店自卖,'6952101043647944679,'6952101043647944679,'SS76306979580696008140226,2026-04-15 20:37:25,'3812796426258350389,夏天简约随手盘发一字扭扭夹水钻抓夹高级发夹扭扭后脑勺盘发器,,,普通订单,0.01,0,0,1.98,0,0,0,0,0,0,0,0,-0.1,0,0,0,0,0,0,,0,义乌市衍郝电子商务商行,订单结算
2026-04-23 03:34:34,'2026042303343011287437200159,入账,4.87,聚合账户,货款结算入账,小店自卖,'6952027520745936533,'6952027520745936533,'SS76306668735807657050109,2026-04-12 22:15:00,'3811112629418721668,儿童小碎花方巾大肠发圈2026新款女童扎低马尾头绳女孩丸子头发绳,,,普通订单,4.9,0,0,0,0,0,0,0,0,0,0,0,-0.03,0,0,0,0,0,0,是-商品卡免佣,0.22,义乌市衍郝电子商务商行,订单结算
2026-04-23 03:34:34,'2026042303342931803970960159,入账,2.24,聚合账户,货款结算入账,小店自卖,'6952016082005333085,'6952016082005333085,'SS76306611362574832990007,2026-04-12 18:57:56,'3809975766641410463,高级感水钻珠珠一字扭扭夹2026新款盘发抓夹后脑勺发量多发夹头饰,,,普通订单,2.25,0,0,0,0,0,0,0,0,0,0,0,-0.01,0,0,0,0,0,0,是-商品卡免佣,0.07,义乌市衍郝电子商务商行,订单结算
2026-04-23 03:34:48,'2026042303344408319514120159,入账,4.47,聚合账户,货款结算入账,小店自卖,'6925680436871200152,'6925680436871200152,'SS76306806850486645860057,2026-04-17 19:07:39,'3809627569339367610,印花小熊防滑拖鞋女士家居室内2025新款夏季洗澡家用eva静音凉拖,,,普通订单,4.5,0,0,0,0,0,0,0,0,0,0,0,-0.03,0,0,0,0,0,0,是-商品卡免佣,0.22,义乌市衍郝电子商务商行,订单结算
2026-04-23 03:34:49,'2026042303344413726845960159,入账,5.86,聚合账户,货款结算入账,小店自卖,'6952041091682866277,'6952041091682866277,'SS76307404610531494810159,2026-04-13 08:37:30,'3810393692611674121,小众不规则抓夹大号发量大发夹女后脑勺鲨鱼夹发卡2026新款头饰,,,普通订单,5.9,0,0,0,0,0,0,0,0,0,0,0,-0.04,0,0,0,0,0,0,是-商品卡免佣,0.29,义乌市衍郝电子商务商行,订单结算
2026-04-23 03:34:49,'2026042303344413725862920159,入账,8.85,聚合账户,货款结算入账,小店自卖,'6925642583858052301,'6925642583858052301,'SS76306689065378944400040,2026-04-17 03:57:21,'3800198492568289686,买一送一爆款凉拖鞋男士夏季情侣2026新款家居防滑防臭厚底拖鞋女,,,普通订单,8.9,0,0,0,0,0,0,0,0,0,0,0,-0.05,0,0,0,0,0,0,是-商品卡免佣,0.37,义乌市衍郝电子商务商行,订单结算
2026-04-23 03:34:49,'2026042303344503237808640159,入账,8.85,聚合账户,货款结算入账,小店自卖,'6925542965909552923,'6925542965909552923,'SS76306428811515993940065,2026-04-13 00:06:27,'3800198492568289686,买一送一爆款凉拖鞋男士夏季情侣2026新款家居防滑防臭厚底拖鞋女,,,普通订单,8.9,0,0,0,0,0,0,0,0,0,0,0,-0.05,0,0,0,0,0,0,是-商品卡免佣,0.37,义乌市衍郝电子商务商行,订单结算
2026-04-23 03:34:49,'2026042303344438659036560159,入账,8.85,聚合账户,货款结算入账,小店自卖,'6925547592419081533,'6925547592419081533,'SS76306427593865797310051,2026-04-13 07:03:31,'3800198492568289686,买一送一爆款凉拖鞋男士夏季情侣2026新款家居防滑防臭厚底拖鞋女,,,普通订单,8.9,0,0,0,0,0,0,0,0,0,0,0,-0.05,0,0,0,0,0,0,是-商品卡免佣,0.37,义乌市衍郝电子商务商行,订单结算
2026-04-23 03:34:52,'2026042303344819261857620159,入账,3.59,聚合账户,货款结算入账,小店自卖,'6925555895374151538,'6925555895374151538,'SS76307552192450404350042,2026-04-12 21:40:08,'3797749369206342546,豹纹大肠发圈高级小众手工韩国新款头绳编织显发量马尾丸子头发绳,,,普通订单,3.61,0,0,0,0,0,0,0,0,0,0,0,-0.02,0,0,0,0,0,0,是-商品卡免佣,0.15,义乌市衍郝电子商务商行,订单结算
2026-04-23 03:36:51,'2026042303364801349268980159,入账,4.76,聚合账户,货款结算入账,小店自卖,'6925560634508672542,'6925560634508672542,'SS76306668506390372190170,2026-04-12 23:56:16,'3807235160995398024,甜美闪钻豹纹猫咪发夹女碎发刘海夹子ins新款高端头饰鸭嘴夹边夹,,,普通订单,4.79,0,0,0,0,0,0,0,0,0,0,0,-0.03,0,0,0,0,0,0,是-商品卡免佣,0.22,义乌市衍郝电子商务商行,订单结算
2026-04-23 03:37:20,'2026042303371607556183580159,入账,6.88,聚合账户,货款结算入账,小店自卖,'6925572390915702260,'6925572390915702260,'SS76307324937770273630152,2026-04-13 14:11:42,'3797749369206342546,豹纹大肠发圈高级小众手工韩国新款头绳编织显发量马尾丸子头发绳,,,普通订单,6.92,0,0,0,0,0,0,0,0,0,0,0,-0.04,0,0,0,0,0,0,是-商品卡免佣,0.29,义乌市衍郝电子商务商行,订单结算
2026-04-23 03:37:20,'2026042303371702475300380159,入账,2.24,聚合账户,货款结算入账,小店自卖,'6925543451767570227,'6925543451767570227,'SS76307375360476782580231,2026-04-13 09:09:02,'3809975766641410463,高级感水钻珠珠一字扭扭夹2026新款盘发抓夹后脑勺发量多发夹头饰,,,普通订单,2.25,0,0,0,0,0,0,0,0,0,0,0,-0.01,0,0,0,0,0,0,是-商品卡免佣,0.07,义乌市衍郝电子商务商行,订单结算
2026-04-23 03:37:43,'2026042303373914727460260159,入账,4.34,聚合账户,货款结算入账,小店自卖,'6925539999104466451,'6925539999104466451,'SS76306666282668853850008,2026-04-12 18:36:49,'3807233228251726216,发圈式啪啪圈~秋冬美拉德系懒人高马尾啪啪圈复古固定不塌神器,,,普通订单,4.37,0,0,0,0,0,0,0,0,0,0,0,-0.03,0,0,0,0,0,0,是-商品卡免佣,0.22,义乌市衍郝电子商务商行,订单结算
2026-04-23 03:38:20,'2026042303381408522309540159,入账,8.35,聚合账户,货款结算入账,小店自卖,'6952023106570098601,'6952023106570098601,'SS76306668593055014590107,2026-04-12 23:50:32,'3806655969480540177,米菲兔巨显发量香蕉兔子后脑勺盘发百搭少女发饰时尚可爱波点大号,,,普通订单,3.4,0,0,5,0,0,0,0,0,0,0,0,-0.05,0,0,0,0,0,0,是-商品卡免佣,0.37,义乌市衍郝电子商务商行,订单结算
2026-04-23 03:38:21,'2026042303381721983403580159,入账,6.44,聚合账户,货款结算入账,小店自卖,'6952027622634886689,'6952027622634886689,'SS76306668161732610920143,2026-04-12 23:01:13,'3778632622318682381,大号蝴蝶结抓夹大花型鲨鱼夹子满天星发夹大号在成人前额碎发夹子,,,普通订单,0.53,0,1.95,4,0,0,0,0,0,0,0,0,-0.04,0,0,0,0,0,0,是-商品卡免佣,0.29,义乌市衍郝电子商务商行,订单结算
2026-04-23 03:38:25,'2026042303382231137308540159,入账,8.85,聚合账户,货款结算入账,小店自卖,'6925678251376607057,'6925678251376607057,'SS76307955826172605870017,2026-04-17 16:54:35,'3800198492568289686,买一送一爆款凉拖鞋男士夏季情侣2026新款家居防滑防臭厚底拖鞋女,,,普通订单,8.9,0,0,0,0,0,0,0,0,0,0,0,-0.05,0,0,0,0,0,0,是-商品卡免佣,0.37,义乌市衍郝电子商务商行,订单结算
2026-04-23 03:38:25,'2026042303382219345574590159,入账,1.97,聚合账户,货款结算入账,小店自卖,'6952113647196771797,'6952113647196771797,'SS76306847166726845540071,2026-04-16 20:32:01,'3809625164249956608,孕妇专用防滑拖鞋女士夏季家居家室内静音浴室洗澡防臭凉拖鞋外穿,,,普通订单,3.29,0,0,0.78,0,0,0,0,0,0,0,-2,-0.1,0,0,0,0,0,0,,0,义乌市衍郝电子商务商行,订单结算
2026-04-23 03:38:25,'2026042303382220140039740159,入账,1.83,聚合账户,货款结算入账,小店自卖,'6951875043732493598,'6951875043732493598,'SS76306769381899149210079,2026-04-07 21:18:58,'3622101757909408748,潮流男士发箍无痕皮筋发夹大肠发圈头顶橡皮压发成人发卡男士耐用,,,普通订单,1.84,0,0,0,0,0,0,0,0,0,0,0,-0.01,0,0,0,0,0,0,是-商品卡免佣,0.07,义乌市衍郝电子商务商行,订单结算
2026-04-23 03:38:25,'2026042303382200237576110159,入账,3.78,聚合账户,货款结算入账,小店自卖,'6952041271772190560,'6952041271772190560,'SS76307001009095641870188,2026-04-13 11:02:23,'3790155312900735053,新款复古气质豹纹皮革三角后秋森系女款黑色抓夹ins网红发夹发卡,,,普通订单,3.8,0,0,0,0,0,0,0,0,0,0,0,-0.02,0,0,0,0,0,0,是-商品卡免佣,0.15,义乌市衍郝电子商务商行,订单结算
2026-04-23 03:38:25,'2026042303382201889405540159,入账,5.46,聚合账户,货款结算入账,小店自卖,'6925562980859215376,'6925562980859215376,'SS76307250822265083260215,2026-04-13 12:56:59,'3806655969480540177,米菲兔巨显发量香蕉兔子后脑勺盘发百搭少女发饰时尚可爱波点大号,,,普通订单,5.49,0,0,0,0,0,0,0,0,0,0,0,-0.03,0,0,0,0,0,0,是-商品卡免佣,0.22,义乌市衍郝电子商务商行,订单结算
2026-04-23 03:38:34,'2026042303383008400084740159,入账,3.47,聚合账户,货款结算入账,小店自卖,'6952118423545058771,'6952118423545058771,'SS76307497392199606110014,2026-04-16 22:07:09,'3806655969480540177,米菲兔巨显发量香蕉兔子后脑勺盘发百搭少女发饰时尚可爱波点大号,,,普通订单,0.01,0,0,3.48,0,0,0,0,0,0,0,0,-0.02,0,0,0,0,0,0,是-商品卡免佣,0.15,义乌市衍郝电子商务商行,订单结算
2026-04-23 03:38:38,'2026042303383433768453500159,入账,4.87,聚合账户,货款结算入账,小店自卖,'6952147343681460059,'6952147343681460059,'SS76308283014093870510178,2026-04-17 08:40:59,'3800198492568289686,买一送一爆款凉拖鞋男士夏季情侣2026新款家居防滑防臭厚底拖鞋女,,,普通订单,4.9,0,0,0,0,0,0,0,0,0,0,0,-0.03,0,0,0,0,0,0,是-商品卡免佣,0.22,义乌市衍郝电子商务商行,订单结算
2026-04-23 03:38:38,'2026042303383327141245950159,入账,2.94,聚合账户,货款结算入账,小店自卖,'6952043238393451641,'6952043238393451641,'SS76306668745309393980168,2026-04-13 01:09:13,'3812246006779740178,碎发整理神器发卡刘海头发夹子头饰防滑发梳插梳子倒插梳梳子发夹,,,普通订单,2.96,0,0,0,0,0,0,0,0,0,0,0,-0.02,0,0,0,0,0,0,是-商品卡免佣,0.15,义乌市衍郝电子商务商行,订单结算
2026-04-23 03:38:38,'2026042303383400100152420159,入账,3.47,聚合账户,货款结算入账,小店自卖,'6952032733673756333,'6952032733673756333,'SS76307501331157857700132,2026-04-13 13:10:58,'3806655969480540177,米菲兔巨显发量香蕉兔子后脑勺盘发百搭少女发饰时尚可爱波点大号,,,普通订单,3.49,0,0,0,0,0,0,0,0,0,0,0,-0.02,0,0,0,0,0,0,是-商品卡免佣,0.15,义乌市衍郝电子商务商行,订单结算
2026-04-23 03:38:38,'2026042303383508237430220159,入账,2.96,聚合账户,货款结算入账,小店自卖,'6952029631085549178,'6952029631085549178,'SS76306672958682281310202,2026-04-12 22:23:56,'3812961166053999319,ins爆款卡通蓬松夹鸭嘴夹一字夹化妆发夹超萌可爱猫咪少女刘海夹,,,普通订单,2.68,0,0,0,0,0,0,0,0.3,0,0,0,-0.02,0,0,0,0,0,0,是-商品卡免佣,0.15,义乌市衍郝电子商务商行,订单结算
2026-04-23 03:38:38,'2026042303383441491707390159,入账,2.67,聚合账户,货款结算入账,小店自卖,'6952000361139869379,'6952000361139869379,'SS76306666561949046280227,2026-04-12 18:37:18,'3812988718369865893,可爱小熊眼镜2026新款发卡发夹女边夹侧边鸭嘴夹前额刘海夹子头饰,,,普通订单,2.69,0,0,0,0,0,0,0,0,0,0,0,-0.02,0,0,0,0,0,0,是-商品卡免佣,0.15,义乌市衍郝电子商务商行,订单结算
2026-04-23 03:38:41,'2026042303383810635840090159,入账,1.43,聚合账户,货款结算入账,小店自卖,'6925635651632987565,'6925635651632987565,'SS76307267609041308250034,2026-04-15 22:23:18,'3812794010364412322,趣味黑皮kitty猫魔术贴超可爱猫咪整理碎发刘海贴魔术贴发卡化妆,,,普通订单,3.3,0,0,0.14,0,0,0,0,0,0,0,-2,-0.01,0,0,0,0,0,0,是-商品卡免佣,0.07,义乌市衍郝电子商务商行,订单结算
2026-04-23 03:38:41,'2026042303383826175780300159,入账,6.16,聚合账户,货款结算入账,小店自卖,'6952009981024867920,'6952009981024867920,'SS76307368787487954270162,2026-04-13 00:22:13,'3812240028327870813,粉色双面蝴蝶结香蕉夹竖夹超温柔!气质高马尾发夹后脑勺发夹发饰,,,普通订单,1.2,0,0,5,0,0,0,0,0,0,0,0,-0.04,0,0,0,0,0,0,是-商品卡免佣,0.29,义乌市衍郝电子商务商行,订单结算
2026-04-23 03:38:41,'2026042303383803966121340159,入账,3.89,聚合账户,货款结算入账,小店自卖,'6952164163676018606,'6952164163676018606,'SS76308020865021709070217,2026-04-18 01:11:41,'3813158348195496156,公主发夹波点蝴蝶结夹小众香蕉2026新款发饰发卡洋气双排头花夹子,,,普通订单,0.01,0,0,3.9,0,0,0,0,0,0,0,0,-0.02,0,0,0,0,0,0,是-商品卡免佣,0.15,义乌市衍郝电子商务商行,订单结算
2026-04-23 03:38:41,'2026042303383807851218420159,入账,3.38,聚合账户,货款结算入账,小店自卖,'6925643066725531022,'6925643066725531022,'SS76307857172668093790047,2026-04-16 11:36:27,'3812240028327870813,粉色双面蝴蝶结香蕉夹竖夹超温柔!气质高马尾发夹后脑勺发夹发饰,,,普通订单,0.01,0,0,3.39,0,0,0,0,0,0,0,0,-0.02,0,0,0,0,0,0,是-商品卡免佣,0.15,义乌市衍郝电子商务商行,订单结算
2026-04-23 03:38:41,'2026042303383804291632900159,入账,2.96,聚合账户,货款结算入账,小店自卖,'6952180070747214977,'6952180070747214977,'SS76307519927596977160037,2026-04-18 11:42:16,'3771355796558971375,网红抓夹爆款2025新款高级感半扎发发夹后脑勺鲨鱼夹大号发量多,,,普通订单,0.01,0,0,2.97,0,0,0,0,0,0,0,0,-0.02,0,0,0,0,0,0,是-商品卡免佣,0.15,义乌市衍郝电子商务商行,订单结算
2026-04-23 03:38:56,'2026042303385126812751720159,入账,6.88,聚合账户,货款结算入账,小店自卖,'6952149625600939153,'6952149625600939153,'SS76307062941939637910057,2026-04-17 10:13:39,'3797749369206342546,豹纹大肠发圈高级小众手工韩国新款头绳编织显发量马尾丸子头发绳,,,普通订单,6.92,0,0,0,0,0,0,0,0,0,0,0,-0.04,0,0,0,0,0,0,是-商品卡免佣,0.29,义乌市衍郝电子商务商行,订单结算
2026-04-23 03:38:56,'2026042303385141870341210159,入账,4.27,聚合账户,货款结算入账,小店自卖,'6925685911322066851,'6925685911322066851,'SS76307765650559147900081,2026-04-18 11:27:17,'3812240028327870813,粉色双面蝴蝶结香蕉夹竖夹超温柔!气质高马尾发夹后脑勺发夹发饰,,,普通订单,0.01,0,0,4.29,0,0,0,0,0,0,0,0,-0.03,0,0,0,0,0,0,是-商品卡免佣,0.22,义乌市衍郝电子商务商行,订单结算
2026-04-23 03:38:56,'2026042303385129991734180159,入账,5.03,聚合账户,货款结算入账,小店自卖,'6952141432293431124,'6952141432293431124,'SS76307441728655204190093,2026-04-17 15:34:35,'3809625164249956608,孕妇专用防滑拖鞋女士夏季家居家室内静音浴室洗澡防臭凉拖鞋外穿,,,普通订单,2.31,0,0,2.98,0,0,0,0,0,0,0,0,-0.26,0,0,0,0,0,0,,0,义乌市衍郝电子商务商行,订单结算
2026-04-23 03:38:56,'2026042303385300528430340159,入账,5.26,聚合账户,货款结算入账,小店自卖,'6925677582494825753,'6925677582494825753,'SS76306768956039175940231,2026-04-18 12:07:56,'3809625164249956608,孕妇专用防滑拖鞋女士夏季家居家室内静音浴室洗澡防臭凉拖鞋外穿,,,普通订单,2.29,0,0,3,0,0,0,0,0,0,0,0,-0.03,0,0,0,0,0,0,是-商品卡免佣,0.22,义乌市衍郝电子商务商行,订单结算
2026-04-23 03:38:56,'2026042303385330349565540159,入账,3.32,聚合账户,货款结算入账,小店自卖,'6925561053591404114,'6925561053591404114,'SS76306666705256128000141,2026-04-13 08:30:11,'3806655969480540177,米菲兔巨显发量香蕉兔子后脑勺盘发百搭少女发饰时尚可爱波点大号,,,普通订单,0.35,0,0,3.14,0,0,0,0,0,0,0,0,-0.17,0,0,0,0,0,0,,0,义乌市衍郝电子商务商行,订单结算
2026-04-23 03:39:35,'2026042303393123870507870159,入账,4.34,聚合账户,货款结算入账,小店自卖,'6952011724424484094,'6952011724424484094,'SS76306665958949194330187,2026-04-12 17:23:01,'3807233228251726216,发圈式啪啪圈~秋冬美拉德系懒人高马尾啪啪圈复古固定不塌神器,,,普通订单,4.37,0,0,0,0,0,0,0,0,0,0,0,-0.03,0,0,0,0,0,0,是-商品卡免佣,0.22,义乌市衍郝电子商务商行,订单结算
2026-04-23 03:39:35,'2026042303393132002913680159,入账,5.17,聚合账户,货款结算入账,小店自卖,'6952030139690784178,'6952030139690784178,'SS76306673306154770340234,2026-04-13 09:35:41,'3812961166053999319,ins爆款卡通蓬松夹鸭嘴夹一字夹化妆发夹超萌可爱猫咪少女刘海夹,,,普通订单,5.2,0,0,0,0,0,0,0,0,0,0,0,-0.03,0,0,0,0,0,0,是-商品卡免佣,0.22,义乌市衍郝电子商务商行,订单结算
2026-04-23 03:39:35,'2026042303393117407843840159,入账,8.85,聚合账户,货款结算入账,小店自卖,'6952157320452051972,'6952157320452051972,'SS76307600419941463380053,2026-04-17 20:23:37,'3800198492568289686,买一送一爆款凉拖鞋男士夏季情侣2026新款家居防滑防臭厚底拖鞋女,,,普通订单,8.9,0,0,0,0,0,0,0,0,0,0,0,-0.05,0,0,0,0,0,0,是-商品卡免佣,0.37,义乌市衍郝电子商务商行,订单结算
2026-04-23 03:39:35,'2026042303393116612726110159,入账,4.96,聚合账户,货款结算入账,小店自卖,'6952013857126880797,'6952013857126880797,'SS76306423309654269950056,2026-04-12 18:57:28,'3809625164249956608,孕妇专用防滑拖鞋女士夏季家居家室内静音浴室洗澡防臭凉拖鞋外穿,,,普通订单,4.99,0,0,0,0,0,0,0,0,0,0,0,-0.03,0,0,0,0,0,0,是-商品卡免佣,0.22,义乌市衍郝电子商务商行,订单结算
2026-04-23 03:39:35,'2026042303393022231616340159,入账,8.85,聚合账户,货款结算入账,小店自卖,'6952094945041651128,'6952094945041651128,'SS76305180454834997820238,2026-04-16 05:25:56,'3800198492568289686,买一送一爆款凉拖鞋男士夏季情侣2026新款家居防滑防臭厚底拖鞋女,,,普通订单,8.9,0,0,0,0,0,0,0,0,0,0,0,-0.05,0,0,0,0,0,0,是-商品卡免佣,0.37,义乌市衍郝电子商务商行,订单结算
2026-04-23 03:39:51,'2026042303394707575147520159,入账,8.85,聚合账户,货款结算入账,小店自卖,'6952134495707468919,'6952134495707403383,'SS76306218382215296520082,2026-04-17 10:01:09,'3800198492568289686,买一送一爆款凉拖鞋男士夏季情侣2026新款家居防滑防臭厚底拖鞋女,,,普通订单,8.9,0,0,0,0,0,0,0,0,0,0,0,-0.05,0,0,0,0,0,0,是-商品卡免佣,0.37,义乌市衍郝电子商务商行,订单结算
2026-04-23 03:39:51,'2026042303394706390257040159,入账,3.97,聚合账户,货款结算入账,小店自卖,'6952050484320671415,'6952050484320671415,'SS76307120239996277860052,2026-04-13 13:06:39,'3812438526650351850,韩版网纱蝴蝶结抓夹2026新款水晶刘海夹侧边夹气质优雅公主夹蓬松,,,普通订单,3.99,0,0,0,0,0,0,0,0,0,0,0,-0.02,0,0,0,0,0,0,是-商品卡免佣,0.15,义乌市衍郝电子商务商行,订单结算
2026-04-23 03:39:51,'2026042303394733639142400159,入账,3.86,聚合账户,货款结算入账,小店自卖,'6952025444483405384,'6952025444483405384,'SS76305268964433474830239,2026-04-13 07:15:57,'3812794010364412322,趣味黑皮kitty猫魔术贴超可爱猫咪整理碎发刘海贴魔术贴发卡化妆,,,普通订单,3.88,0,0,0,0,0,0,0,0,0,0,0,-0.02,0,0,0,0,0,0,是-商品卡免佣,0.15,义乌市衍郝电子商务商行,订单结算
2026-04-23 03:39:51,'2026042303394810078456470159,入账,2.63,聚合账户,货款结算入账,小店自卖,'6952146499147208061,'6952146499147011453,'SS76307270870325010320112,2026-04-18 09:41:43,'3811094049524416689,韩国时尚高级感印花大肠发圈女2026新款气质马尾皮筋弹力耐用头绳,,,普通订单,2.65,0,0,0,0,0,0,0,0,0,0,0,-0.02,0,0,0,0,0,0,是-商品卡免佣,0.15,义乌市衍郝电子商务商行,订单结算
2026-04-23 03:39:51,'2026042303394739482657280159,入账,2.67,聚合账户,货款结算入账,小店自卖,'6952067715323270759,'6952067715322943079,'SS76306448893786201660097,2026-04-14 13:13:37,'3812988718369865893,可爱小熊眼镜2026新款发卡发夹女边夹侧边鸭嘴夹前额刘海夹子头饰,,,普通订单,2.69,0,0,0,0,0,0,0,0,0,0,0,-0.02,0,0,0,0,0,0,是-商品卡免佣,0.15,义乌市衍郝电子商务商行,订单结算
2026-04-23 03:40:06,'2026042303400236419996560159,入账,4.87,聚合账户,货款结算入账,小店自卖,'6952140812634232781,'6952140812634232781,'SS76306637627859766300215,2026-04-17 08:59:55,'3799023022220903050,2026新款EVA家居室内不臭脚拖鞋男士夏季踩屎感防滑洗澡凉拖女式,,,普通订单,4.9,0,0,0,0,0,0,0,0,0,0,0,-0.03,0,0,0,0,0,0,是-商品卡免佣,0.22,义乌市衍郝电子商务商行,订单结算
2026-04-23 03:40:06,'2026042303400139649653760159,入账,5.17,聚合账户,货款结算入账,小店自卖,'6952029418699494946,'6952029418699494946,'SS76306672961508477710212,2026-04-12 21:19:33,'3812961166053999319,ins爆款卡通蓬松夹鸭嘴夹一字夹化妆发夹超萌可爱猫咪少女刘海夹,,,普通订单,5.2,0,0,0,0,0,0,0,0,0,0,0,-0.03,0,0,0,0,0,0,是-商品卡免佣,0.22,义乌市衍郝电子商务商行,订单结算
2026-04-23 03:40:06,'2026042303400136493727230159,入账,3.49,聚合账户,货款结算入账,小店自卖,'6925544777008316061,'6925544777008316061,'SS76306667858927621540161,2026-04-12 20:57:17,'3797568456468070758,学院风韩系蝴蝶结蓝色格洋气简约金标鲨鱼后脑勺盘发夹子发饰格子,,,普通订单,3.67,0,0,0,0,0,0,0,0,0,0,0,-0.18,0,0,0,0,0,0,,0,义乌市衍郝电子商务商行,订单结算
2026-04-23 03:40:06,'2026042303400312583083870159,入账,4.86,聚合账户,货款结算入账,小店自卖,'6952078867495654987,'6952078867495654987,'SS76306275276205591500217,2026-04-14 16:15:22,'3811102963569655948,春夏撞色蝴蝶结发夹发卡女后脑勺2026新款气质大号盘发鸭嘴夹发饰,,,普通订单,4.89,0,0,0,0,0,0,0,0,0,0,0,-0.03,0,0,0,0,0,0,是-商品卡免佣,0.22,义乌市衍郝电子商务商行,订单结算
2026-04-23 03:40:06,'2026042303400232654466910159,入账,5.94,聚合账户,货款结算入账,小店自卖,'6952029979634571106,'6952029979634571106,'SS76306669642139448750210,2026-04-13 07:56:23,'3810919823941174195,中式复古洋气多层小蛮腰褶皱印花肥肠圈高端水墨皮筋耐用新款发圈,,,普通订单,5.98,0,0,0,0,0,0,0,0,0,0,0,-0.04,0,0,0,0,0,0,是-商品卡免佣,0.29,义乌市衍郝电子商务商行,订单结算
2026-04-23 03:40:36,'2026042303403312252656730159,入账,6.54,聚合账户,货款结算入账,小店自卖,'6925549325568802245,'6925549325568802245,'SS76306668364143662230003,2026-04-12 22:15:21,'3810400437908144201,2026新款发夹头饰适合发量少的抓夹女高级感后脑勺鲨鱼夹发卡夹子,,,普通订单,4.88,0,0,2,0,0,0,0,0,0,0,0,-0.34,0,0,0,0,0,0,,0,义乌市衍郝电子商务商行,订单结算
2026-04-23 03:40:49,'2026042303404417375403950159,入账,1.97,聚合账户,货款结算入账,小店自卖,'6952020728538732514,'6952020728538732514,'SS76306666519361172980140,2026-04-12 19:37:37,'3752324184429166813,奇妙萌可大人卡通发夹可爱洋气花朵新款发卡立体发饰学生彩色头饰,,,普通订单,0.01,0,0,1.97,0,0,0,0,0,0,0,0,-0.01,0,0,0,0,0,0,是-商品卡免佣,0.07,义乌市衍郝电子商务商行,订单结算
2026-04-23 03:40:49,'2026042303404515186212270159,入账,2.96,聚合账户,货款结算入账,小店自卖,'6952139528968083276,'6952139528968083276,'SS76307637396210980470018,2026-04-17 23:24:19,'3812240028327870813,粉色双面蝴蝶结香蕉夹竖夹超温柔!气质高马尾发夹后脑勺发夹发饰,,,普通订单,0.01,0,0,2.97,0,0,0,0,0,0,0,0,-0.02,0,0,0,0,0,0,是-商品卡免佣,0.15,义乌市衍郝电子商务商行,订单结算
2026-04-23 03:40:49,'2026042303404526524229310159,入账,3.47,聚合账户,货款结算入账,小店自卖,'6952044876701045949,'6952044876701045949,'SS76306067308342152100238,2026-04-13 22:12:25,'3806655969480540177,米菲兔巨显发量香蕉兔子后脑勺盘发百搭少女发饰时尚可爱波点大号,,,普通订单,0.01,0,0,3.48,0,0,0,0,0,0,0,0,-0.02,0,0,0,0,0,0,是-商品卡免佣,0.15,义乌市衍郝电子商务商行,订单结算
2026-04-23 03:40:49,'2026042303404508585262500159,入账,6.74,聚合账户,货款结算入账,小店自卖,'6952009220170782535,'6952009220170782535,'SS76306665743975222270081,2026-04-12 17:19:03,'3712259868460187975,气质抓夹大号发量多2024新款爆款发夹女后脑勺鲨鱼夹高级感头饰,,,普通订单,6.78,0,0,0,0,0,0,0,0,0,0,0,-0.04,0,0,0,0,0,0,是-商品卡免佣,0.29,义乌市衍郝电子商务商行,订单结算
2026-04-23 03:40:49,'2026042303404617721472410159,入账,6.61,聚合账户,货款结算入账,小店自卖,'6952041446710515413,'6952041446710515413,'SS76307249567623585690022,2026-04-13 13:07:47,'3797192698386055325,2025新款卡通抓夹女高级感鲨鱼夹大号后脑勺盘发发量大发夹发饰夏,,,普通订单,0.01,0,0,6.95,0,0,0,0,0,0,0,0,-0.35,0,0,0,0,0,0,,0,义乌市衍郝电子商务商行,订单结算
2026-04-23 03:41:03,'2026042303405915651640660159,入账,5.23,聚合账户,货款结算入账,小店自卖,'6925558352888496071,'6925558352888496071,'SS76306668285078085310062,2026-04-12 22:15:30,'3621925144525668908,波浪头箍发卡马尾压发优雅发带夹子夹头发压发扎头绳大肠发圈红色,,,普通订单,5.51,0,0,0,0,0,0,0,0,0,0,0,-0.28,0,0,0,0,0,0,,0,义乌市衍郝电子商务商行,订单结算
2026-04-23 03:41:03,'2026042303405921229739920159,入账,2.83,聚合账户,货款结算入账,小店自卖,'6925542076943400222,'6925542076943400222,'SS76306672835218644740045,2026-04-12 18:24:07,'3812961166053999319,ins爆款卡通蓬松夹鸭嘴夹一字夹化妆发夹超萌可爱猫咪少女刘海夹,,,普通订单,2.98,0,0,0,0,0,0,0,0,0,0,0,-0.15,0,0,0,0,0,0,,0,义乌市衍郝电子商务商行,订单结算
2026-04-23 03:41:03,'2026042303405831797416960159,入账,4.65,聚合账户,货款结算入账,小店自卖,'6952009913764222752,'6952009913764222752,'SS76306666517927370600070,2026-04-12 23:25:37,'3812796426258350389,夏天简约随手盘发一字扭扭夹水钻抓夹高级发夹扭扭后脑勺盘发器,,,普通订单,4.68,0,0,0,0,0,0,0,0,0,0,0,-0.03,0,0,0,0,0,0,是-商品卡免佣,0.22,义乌市衍郝电子商务商行,订单结算
2026-04-23 03:41:03,'2026042303405736853519880159,入账,10,聚合账户,货款结算入账,小店自卖,'6952150081562351512,'6952150081562285976,'SS76305160164896814710089,2026-04-17 15:48:54,'3812771631437316687,买一送一拖鞋男款外出耐穿夏天居家用室内厚底防滑防臭男女凉托鞋,,,普通订单,10.06,0,0,0,0,0,0,0,0,0,0,0,-0.06,0,0,0,0,0,0,是-商品卡免佣,0.44,义乌市衍郝电子商务商行,订单结算
2026-04-23 03:41:03,'2026042303405929486986390159,入账,2.83,聚合账户,货款结算入账,小店自卖,'6925667891567688770,'6925667891567688770,'SS76308487160577930760123,2026-04-18 00:29:10,'3812961166053999319,ins爆款卡通蓬松夹鸭嘴夹一字夹化妆发夹超萌可爱猫咪少女刘海夹,,,普通订单,0.01,0,0,2.97,0,0,0,0,0,0,0,0,-0.15,0,0,0,0,0,0,,0,义乌市衍郝电子商务商行,订单结算
2026-04-23 03:41:03,'2026042303405632433608110159,入账,2.96,聚合账户,货款结算入账,小店自卖,'6952139208851854395,'6952139208851854395,'SS76307910210354224790061,2026-04-17 20:25:37,'3812240028327870813,粉色双面蝴蝶结香蕉夹竖夹超温柔!气质高马尾发夹后脑勺发夹发饰,,,普通订单,0.01,0,0,2.97,0,0,0,0,0,0,0,0,-0.02,0,0,0,0,0,0,是-商品卡免佣,0.15,义乌市衍郝电子商务商行,订单结算
2026-04-23 03:41:03,'2026042303405901524864400159,入账,4.72,聚合账户,货款结算入账,小店自卖,'6925631031709760735,'6925631031709760735,'SS76306321399996626440171,2026-04-15 14:47:17,'3781078857248014463,韩国基础款小清新浅色系列麻花编织发绳粗头绳扎黑色高级大肠发圈,,,普通订单,0.01,0,0,4.74,0,0,0,0,0,0,0,0,-0.03,0,0,0,0,0,0,是-商品卡免佣,0.22,义乌市衍郝电子商务商行,订单结算
2026-04-23 03:41:03,'2026042303405920097108480159,入账,12.72,聚合账户,货款结算入账,小店自卖,'6925567556721671486,'6925567556721671486,'SS76307411402952215670085,2026-04-13 14:23:13,'3810919823941174195,中式复古洋气多层小蛮腰褶皱印花肥肠圈高端水墨皮筋耐用新款发圈,,,普通订单,12.8,0,0,0,0,0,0,0,0,0,0,0,-0.08,0,0,0,0,0,0,是-商品卡免佣,0.59,义乌市衍郝电子商务商行,订单结算
2026-04-23 03:41:03,'2026042303405741911424340159,入账,2.75,聚合账户,货款结算入账,小店自卖,'6925595260111649807,'6925595260111649807,'SS76307705987176210550238,2026-04-15 09:12:54,'3752323855864168814,飘带齿梳发箍波浪高颅顶高颅顶宫廷编发发箍女复红色蝴蝶结发饰,,,普通订单,0.01,0,0,2.88,0,0,0,0,0,0,0,0,-0.14,0,0,0,0,0,0,,0,义乌市衍郝电子商务商行,订单结算
2026-04-23 03:41:03,'2026042303405541283755950159,入账,2.87,聚合账户,货款结算入账,小店自卖,'6952057209876059720,'6952057209876059720,'SS76306566833134679310214,2026-04-14 20:57:22,'3799616810156949953,绒面宽边简约高颅顶发箍秋冬网红发饰女高级感洗脸头箍发卡发带潮,,,普通订单,2.89,0,0,0,0,0,0,0,0,0,0,0,-0.02,0,0,0,0,0,0,是-商品卡免佣,0.15,义乌市衍郝电子商务商行,订单结算
2026-04-23 03:41:18,'2026042303411329458437270159,入账,4.54,聚合账户,货款结算入账,小店自卖,'6952015853601625818,'6952015853601625818,'SS76307438923965729690042,2026-04-12 16:34:50,'3807606097867571676,短发尴尬同款神器水钻高级发扣前额刘海发夹侧边碎发金属圆形头饰,,,普通订单,4.57,0,0,0,0,0,0,0,0,0,0,0,-0.03,0,0,0,0,0,0,是-商品卡免佣,0.22,义乌市衍郝电子商务商行,订单结算
2026-04-23 03:41:19,'2026042303411407984911700159,入账,5.46,聚合账户,货款结算入账,小店自卖,'6952007083932521896,'6952007083932521896,'SS76306666614836764420139,2026-04-12 17:46:41,'3806655969480540177,米菲兔巨显发量香蕉兔子后脑勺盘发百搭少女发饰时尚可爱波点大号,,,普通订单,5.49,0,0,0,0,0,0,0,0,0,0,0,-0.03,0,0,0,0,0,0,是-商品卡免佣,0.22,义乌市衍郝电子商务商行,订单结算
2026-04-23 03:41:19,'2026042303411511663936400159,入账,6.88,聚合账户,货款结算入账,小店自卖,'6925640969426009240,'6925640969426009240,'SS76306236710495526920210,2026-04-16 13:18:29,'3797749369206342546,豹纹大肠发圈高级小众手工韩国新款头绳编织显发量马尾丸子头发绳,,,普通订单,6.92,0,0,0,0,0,0,0,0,0,0,0,-0.04,0,0,0,0,0,0,是-商品卡免佣,0.29,义乌市衍郝电子商务商行,订单结算
2026-04-23 03:41:19,'2026042303411424004370270159,入账,3.59,聚合账户,货款结算入账,小店自卖,'6952089120206230893,'6952089120206230893,'SS76305756593704801430126,2026-04-15 09:31:40,'3776807804489302292,豹纹ins爱心发夹女一字夹高端碎发前额刘大号在成人前额碎发夹子,,,普通订单,3.78,0,0,0,0,0,0,0,0,0,0,0,-0.19,0,0,0,0,0,0,,0,义乌市衍郝电子商务商行,订单结算
2026-04-23 03:41:19,'2026042303411437924052630159,入账,4.96,聚合账户,货款结算入账,小店自卖,'6952043285192382073,'6952043285192382073,'SS76306666099422500100153,2026-04-13 02:34:56,'3806655969480540177,米菲兔巨显发量香蕉兔子后脑勺盘发百搭少女发饰时尚可爱波点大号,,,普通订单,0.49,0,0,4.5,0,0,0,0,0,0,0,0,-0.03,0,0,0,0,0,0,是-商品卡免佣,0.22,义乌市衍郝电子商务商行,订单结算
2026-04-23 03:41:30,'2026042303412534568648020159,入账,12.9,聚合账户,货款结算入账,小店自卖,'6952025836414244766,'6952025836414244766,'SS76307367676504642910011,2026-04-13 12:18:00,'3812240028327870813,粉色双面蝴蝶结香蕉夹竖夹超温柔!气质高马尾发夹后脑勺发夹发饰,,,普通订单,2.98,0,0,10,0,0,0,0,0,0,0,0,-0.08,0,0,0,0,0,0,是-商品卡免佣,0.59,义乌市衍郝电子商务商行,订单结算
2026-04-23 03:41:40,'2026042303413639812800190159,入账,2.23,聚合账户,货款结算入账,小店自卖,'6925551511097343527,'6925551511097343527,'SS76306666627797530030135,2026-04-12 19:35:14,'3656186919630559115,网红新款耐用气质发夹蝴蝶结发饰丸子头抓夹女洋气夹子头饰发卡,,,普通订单,0.24,0,0,2,0,0,0,0,0,0,0,0,-0.01,0,0,0,0,0,0,是-商品卡免佣,0.07,义乌市衍郝电子商务商行,订单结算
2026-04-23 03:43:20,'2026042303431723154691070159,入账,8.88,聚合账户,货款结算入账,小店自卖,'6925563069309418729,'6925563069309418729,'SS76307254892624942510192,2026-04-13 13:33:47,'3774546162623841047,网红爆款复古绿色发卡子头饰bb夹醋酸前额碎发夹边夹侧边刘海夹女,,,普通订单,8.93,0,0,0,0,0,0,0,0,0,0,0,-0.05,0,0,0,0,0,0,是-商品卡免佣,0.37,义乌市衍郝电子商务商行,订单结算
2026-04-23 03:43:20,'2026042303431527352929540159,入账,5.26,聚合账户,货款结算入账,小店自卖,'6925659039535038070,'6925659039535038070,'SS76308062251787105370092,2026-04-17 17:35:32,'3809625164249956608,孕妇专用防滑拖鞋女士夏季家居家室内静音浴室洗澡防臭凉拖鞋外穿,,,普通订单,5.29,0,0,0,0,0,0,0,0,0,0,0,-0.03,0,0,0,0,0,0,是-商品卡免佣,0.22,义乌市衍郝电子商务商行,订单结算
2026-04-23 03:43:20,'2026042303431621562335060159,入账,6.59,聚合账户,货款结算入账,小店自卖,'6952116735163307122,'6952116735163307122,'SS76306689042763456340247,2026-04-15 23:53:24,'3813158348195496156,公主发夹波点蝴蝶结夹小众香蕉2026新款发饰发卡洋气双排头花夹子,,,普通订单,6.63,0,0,0,0,0,0,0,0,0,0,0,-0.04,0,0,0,0,0,0,是-商品卡免佣,0.29,义乌市衍郝电子商务商行,订单结算
2026-04-23 03:43:20,'2026042303431717538092030159,入账,7.83,聚合账户,货款结算入账,小店自卖,'6925674760800337669,'6925674760800337669,'SS76308140769115348990173,2026-04-18 00:30:46,'3790155312900735053,新款复古气质豹纹皮革三角后秋森系女款黑色抓夹ins网红发夹发卡,,,普通订单,7.88,0,0,0,0,0,0,0,0,0,0,0,-0.05,0,0,0,0,0,0,是-商品卡免佣,0.37,义乌市衍郝电子商务商行,订单结算
2026-04-23 03:43:20,'2026042303431521445512200159,入账,6.41,聚合账户,货款结算入账,小店自卖,'6952136467941365679,'6952136467941365679,'SS76307713073804252570047,2026-04-17 10:56:55,'3813152773302780175,柔软泡泡纱韩国粉色碎花大肠发圈超大号高级仙气丸子慵懒头绳发饰,,,普通订单,6.45,0,0,0,0,0,0,0,0,0,0,0,-0.04,0,0,0,0,0,0,是-商品卡免佣,0.29,义乌市衍郝电子商务商行,订单结算
2026-04-23 03:43:43,'2026042303433738644452250159,入账,4.74,聚合账户,货款结算入账,小店自卖,'6925544131829006190,'6925544131829006190,'SS76306426580004214260052,2026-04-12 16:27:37,'3799023022220903050,2026新款EVA家居室内不臭脚拖鞋男士夏季踩屎感防滑洗澡凉拖女式,,,普通订单,1.99,0,0,3,0,0,0,0,0,0,0,0,-0.25,0,0,0,0,0,0,,0,义乌市衍郝电子商务商行,订单结算
2026-04-23 03:43:53,'2026042303435000272348660159,入账,3.62,聚合账户,货款结算入账,小店自卖,'6952036202324628944,'6952036202324628944,'SS76306668353438192790013,2026-04-12 23:03:47,'3752323576548688241,中国风孔雀盘发器女生古典旗袍发饰丸子懒人高级感饰品优雅发夹女,,,普通订单,3.81,0,0,0,0,0,0,0,0,0,0,0,-0.19,0,0,0,0,0,0,,0,义乌市衍郝电子商务商行,订单结算
2026-04-23 03:43:53,'2026042303435005789660620159,入账,6.51,聚合账户,货款结算入账,小店自卖,'6952018355361027131,'6952018355361027131,'SS76306667332669442750176,2026-04-12 21:02:10,'3807401519926607952,咖色波浪高级感发箍女款成人外戴头箍带齿防滑洗脸压发箍带齿防滑,,,普通订单,6.55,0,0,0,0,0,0,0,0,0,0,0,-0.04,0,0,0,0,0,0,是-商品卡免佣,0.29,义乌市衍郝电子商务商行,订单结算
2026-04-23 03:43:53,'2026042303435001139226100159,入账,5.17,聚合账户,货款结算入账,小店自卖,'6925558123077598987,'6925558123077598987,'SS76306672982132864520157,2026-04-12 21:16:36,'3812961166053999319,ins爆款卡通蓬松夹鸭嘴夹一字夹化妆发夹超萌可爱猫咪少女刘海夹,,,普通订单,5.2,0,0,0,0,0,0,0,0,0,0,0,-0.03,0,0,0,0,0,0,是-商品卡免佣,0.22,义乌市衍郝电子商务商行,订单结算
2026-04-23 03:43:53,'2026042303434832594540030159,入账,4.35,聚合账户,货款结算入账,小店自卖,'6952024963263173710,'6952024963263173710,'SS76306667380914263470233,2026-04-12 22:04:13,'3811083906791374873,懒人扎高马尾不塌神器啪啪圈发圈头绳显发量丸子头不伤发发绳头饰,,,普通订单,4.38,0,0,0,0,0,0,0,0,0,0,0,-0.03,0,0,0,0,0,0,是-商品卡免佣,0.22,义乌市衍郝电子商务商行,订单结算
2026-04-23 03:43:53,'2026042303434805777044940159,入账,6.92,聚合账户,货款结算入账,小店自卖,'6952062485648905504,'6952062485648905504,'SS76307121228678763920147,2026-04-14 02:00:01,'3768979814174818449,2025新款气质大号盘发鸭嘴夹春夏发卡蝴蝶大号在成人抓夹碎发夹子,,,普通订单,6.96,0,0,0,0,0,0,0,0,0,0,0,-0.04,0,0,0,0,0,0,是-商品卡免佣,0.29,义乌市衍郝电子商务商行,订单结算
2026-04-23 03:43:53,'2026042303434833079301580159,入账,4.96,聚合账户,货款结算入账,小店自卖,'6925560482597076369,'6925560482597076369,'SS76306428375081661530111,2026-04-12 22:47:05,'3809625164249956608,孕妇专用防滑拖鞋女士夏季家居家室内静音浴室洗澡防臭凉拖鞋外穿,,,普通订单,4.99,0,0,0,0,0,0,0,0,0,0,0,-0.03,0,0,0,0,0,0,是-商品卡免佣,0.22,义乌市衍郝电子商务商行,订单结算
2026-04-23 03:43:53,'2026042303434907140810500159,入账,4.35,聚合账户,货款结算入账,小店自卖,'6952000163527857419,'6952000163527857419,'SS76307255146468971860250,2026-04-12 16:14:02,'3811083906791374873,懒人扎高马尾不塌神器啪啪圈发圈头绳显发量丸子头不伤发发绳头饰,,,普通订单,4.38,0,0,0,0,0,0,0,0,0,0,0,-0.03,0,0,0,0,0,0,是-商品卡免佣,0.22,义乌市衍郝电子商务商行,订单结算
2026-04-23 03:43:53,'2026042303434835414553860159,入账,4.96,聚合账户,货款结算入账,小店自卖,'6925562811527560624,'6925562811527560624,'SS76307241881557079140109,2026-04-13 11:35:15,'3809625164249956608,孕妇专用防滑拖鞋女士夏季家居家室内静音浴室洗澡防臭凉拖鞋外穿,,,普通订单,4.99,0,0,0,0,0,0,0,0,0,0,0,-0.03,0,0,0,0,0,0,是-商品卡免佣,0.22,义乌市衍郝电子商务商行,订单结算
2026-04-23 03:43:53,'2026042303434922318781540159,入账,3.59,聚合账户,货款结算入账,小店自卖,'6925546094180400948,'6925546094180400948,'SS76306678502608082190099,2026-04-12 15:28:40,'3797749369206342546,豹纹大肠发圈高级小众手工韩国新款头绳编织显发量马尾丸子头发绳,,,普通订单,3.61,0,0,0,0,0,0,0,0,0,0,0,-0.02,0,0,0,0,0,0,是-商品卡免佣,0.15,义乌市衍郝电子商务商行,订单结算
2026-04-23 03:43:53,'2026042303434823627697140159,入账,13.9,聚合账户,货款结算入账,小店自卖,'6925670541572341040,'6925670541572341040,'SS76306760113484761980242,2026-04-18 00:19:28,'3813155747399860401,春日甜美感丸子头慵懒风超大发饰头绳超仙韩系碎花蕾丝大肠发圈女,,,普通订单,13.98,0,0,0,0,0,0,0,0,0,0,0,-0.08,0,0,0,0,0,0,是-商品卡免佣,0.59,义乌市衍郝电子商务商行,订单结算
2026-04-23 03:44:12,'2026042303440719811046760159,入账,5.17,聚合账户,货款结算入账,小店自卖,'6952019509225133056,'6952019509225133056,'SS76307378585759096660109,2026-04-13 14:20:31,'3812961166053999319,ins爆款卡通蓬松夹鸭嘴夹一字夹化妆发夹超萌可爱猫咪少女刘海夹,,,普通订单,5.2,0,0,0,0,0,0,0,0,0,0,0,-0.03,0,0,0,0,0,0,是-商品卡免佣,0.22,义乌市衍郝电子商务商行,订单结算
2026-04-23 03:44:12,'2026042303440928738199550159,入账,3.13,聚合账户,货款结算入账,小店自卖,'6925548963705093640,'6925548963705093640,'SS76306658432773002750118,2026-04-12 20:07:18,'3806648290204844347,秋冬复古ins彩虹格子蝴蝶结大肠头绳发圈丸子2026马尾发绳新款女,,,普通订单,0.01,0,0,0,0,0,0,0,3.14,0,0,0,-0.02,0,0,0,0,0,0,是-商品卡免佣,0.15,义乌市衍郝电子商务商行,订单结算
2026-04-23 03:44:12,'2026042303440712127117160159,入账,9.36,聚合账户,货款结算入账,小店自卖,'6951998257319646662,'6951998257319646662,'SS76306665878010147840160,2026-04-12 20:04:15,'3656233852701119711,可爱最新款梳马尾洋气扎头发大号发圈碎发头花头饰发卡高颅顶发饰,,,普通订单,9.42,0.5,0,0,0,0,0,0,0,0,0,0,-0.06,0,0,0,0,0,0,是-商品卡免佣,0.44,义乌市衍郝电子商务商行,订单结算
2026-04-23 03:44:12,'2026042303440700980587900159,入账,5.52,聚合账户,货款结算入账,小店自卖,'6925603865367773097,'6925603865367773097,'SS76308207208046269870076,2026-04-14 22:32:43,'3812244340491813699,新款密齿香蕉韩系法式波点蕾丝蝴蝶结后脑勺盘发发夹发卡马尾发饰,,,普通订单,5.55,0,0,0,0,0,0,0,0,0,0,0,-0.03,0,0,0,0,0,0,是-商品卡免佣,0.22,义乌市衍郝电子商务商行,订单结算
2026-04-23 03:44:12,'2026042303440909987039140159,入账,3.83,聚合账户,货款结算入账,小店自卖,'6952025208997812176,'6952025208997812176,'SS76306667936886666660083,2026-04-12 23:44:36,'3807584451282731335,缎面高级感碎花蝴蝶结抓夹新款百搭后脑盘发鲨鱼夹马尾夹高档发夹,,,普通订单,3.85,0,0,0,0,0,0,0,0,0,0,0,-0.02,0,0,0,0,0,0,是-商品卡免佣,0.15,义乌市衍郝电子商务商行,订单结算
2026-04-23 03:44:12,'2026042303440840395290110159,入账,4.96,聚合账户,货款结算入账,小店自卖,'6925542786419096706,'6925542786419096706,'SS76306419351659978650040,2026-04-12 22:52:33,'3809625164249956608,孕妇专用防滑拖鞋女士夏季家居家室内静音浴室洗澡防臭凉拖鞋外穿,,,普通订单,4.99,0,0,0,0,0,0,0,0,0,0,0,-0.03,0,0,0,0,0,0,是-商品卡免佣,0.22,义乌市衍郝电子商务商行,订单结算
2026-04-23 03:44:12,'2026042303440931464371710159,入账,2.31,聚合账户,货款结算入账,小店自卖,'6925548550508346845,'6925548550508346845,'SS76307549476088548100214,2026-04-12 16:23:16,'3798678606662729899,精致满钻侧边小抓夹女半扎发碎发夹前额刘海公主头发夹小号鲨鱼夹,,,普通订单,2.32,0,0,0,0,0,0,0,0,0,0,0,-0.01,0,0,0,0,0,0,是-商品卡免佣,0.07,义乌市衍郝电子商务商行,订单结算
2026-04-23 03:44:12,'2026042303440801852546750159,入账,4.87,聚合账户,货款结算入账,小店自卖,'6952010044909884934,'6952010044909884934,'SS76306425969122842000039,2026-04-13 02:56:32,'3800198492568289686,买一送一爆款凉拖鞋男士夏季情侣2026新款家居防滑防臭厚底拖鞋女,,,普通订单,4.9,0,0,0,0,0,0,0,0,0,0,0,-0.03,0,0,0,0,0,0,是-商品卡免佣,0.22,义乌市衍郝电子商务商行,订单结算
2026-04-23 03:44:12,'2026042303440800365862780159,入账,7.93,聚合账户,货款结算入账,小店自卖,'6925562076424339221,'6925562076424339221,'SS76307404620516887550089,2026-04-13 15:10:14,'3810393692611674121,小众不规则抓夹大号发量大发夹女后脑勺鲨鱼夹发卡2026新款头饰,,,普通订单,7.98,0,0,0,0,0,0,0,0,0,0,0,-0.05,0,0,0,0,0,0,是-商品卡免佣,0.37,义乌市衍郝电子商务商行,订单结算
2026-04-23 03:44:12,'2026042303440733478745790159,入账,2.96,聚合账户,货款结算入账,小店自卖,'6952012173670618414,'6952012173670618414,'SS76306667760044444260083,2026-04-12 21:23:25,'3807217918840799504,新款百搭2026可爱小狗香蕉夹竖夹发夹脑勺扭扭夹高马尾抓夹高级感,,,普通订单,2.98,0,0,0,0,0,0,0,0,0,0,0,-0.02,0,0,0,0,0,0,是-商品卡免佣,0.15,义乌市衍郝电子商务商行,订单结算
2026-04-23 03:44:20,'2026042303441517083110740159,入账,2.57,聚合账户,货款结算入账,小店自卖,'6925425200236298176,'6925425200236298176,'SS76306714772737111440193,2026-04-08 00:15:58,'3809086450570494406,法式大号蕾丝网纱双层大肠发圈2026新款甜美芭蕾风百搭发绳发饰,,,普通订单,0.01,0,0,2.58,0,0,0,0,0,0,0,0,-0.02,0,0,0,0,0,0,是-商品卡免佣,0.15,义乌市衍郝电子商务商行,订单结算
2026-04-23 03:44:20,'2026042303441431334571860159,入账,8.45,聚合账户,货款结算入账,巨量千川,'6925664815038889644,'6925664815038889644,'SS76308088923305741300090,2026-04-17 13:54:58,'3800198492568289686,买一送一爆款凉拖鞋男士夏季情侣2026新款家居防滑防臭厚底拖鞋女,,,普通订单,6.9,0,0,2,0,0,0,0,0,0,0,0,-0.45,0,0,0,0,0,0,,0,义乌市衍郝电子商务商行,订单结算
2026-04-23 03:44:20,'2026042303441708433669550159,入账,4.72,聚合账户,货款结算入账,小店自卖,'6952022712070116828,'6952022712070116828,'SS76306667676656438270139,2026-04-12 20:47:34,'3781078857248014463,韩国基础款小清新浅色系列麻花编织发绳粗头绳扎黑色高级大肠发圈,,,普通订单,4.75,0,0,0,0,0,0,0,0,0,0,0,-0.03,0,0,0,0,0,0,是-商品卡免佣,0.22,义乌市衍郝电子商务商行,订单结算
2026-04-23 03:44:20,'2026042303441638593831030159,入账,5.86,聚合账户,货款结算入账,小店自卖,'6952038933336299032,'6952038933336299032,'SS76307549479700401000157,2026-04-13 08:26:55,'3783078074455819331,法式黑色缎面蝴蝶结抓夹女高级感2025新款大号在成人前额碎发夹子,,,普通订单,5.9,0,0,0,0,0,0,0,0,0,0,0,-0.04,0,0,0,0,0,0,是-商品卡免佣,0.29,义乌市衍郝电子商务商行,订单结算
2026-04-23 03:44:20,'2026042303441516161672090159,入账,4.2,聚合账户,货款结算入账,小店自卖,'6952114015049750007,'6952114015049750007,'SS76308414900166500250097,2026-04-15 19:35:19,'3806656594406670373,虞书欣同款发扣小金属圆圈环扣刘海前额侧边边夹发夹抓夹发卡夹子,,,普通订单,1.01,0,0,3.41,0,0,0,0,0,0,0,0,-0.22,0,0,0,0,0,0,,0,义乌市衍郝电子商务商行,订单结算
2026-04-23 03:44:20,'2026042303441609657431230159,入账,3.59,聚合账户,货款结算入账,小店自卖,'6952029313476204183,'6952029313476204183,'SS76306678544881096030035,2026-04-12 20:09:26,'3797749369206342546,豹纹大肠发圈高级小众手工韩国新款头绳编织显发量马尾丸子头发绳,,,普通订单,3.61,0,0,0,0,0,0,0,0,0,0,0,-0.02,0,0,0,0,0,0,是-商品卡免佣,0.15,义乌市衍郝电子商务商行,订单结算
2026-04-23 03:44:20,'2026042303441435280532830159,入账,3.89,聚合账户,货款结算入账,小店自卖,'6925685227018157233,'6925685227018157233,'SS76307988255314419200170,2026-04-18 04:48:28,'3813158348195496156,公主发夹波点蝴蝶结夹小众香蕉2026新款发饰发卡洋气双排头花夹子,,,普通订单,0.01,0,0,3.9,0,0,0,0,0,0,0,0,-0.02,0,0,0,0,0,0,是-商品卡免佣,0.15,义乌市衍郝电子商务商行,订单结算
2026-04-23 03:44:20,'2026042303441519464566280159,入账,2.93,聚合账户,货款结算入账,小店自卖,'6925533822024449648,'6925533822024449648,'SS76306687949778621790207,2026-04-12 16:09:14,'3807381466808189147,法式新款蝴蝶结扭扭夹高级格纹设计一字夹百搭后脑勺盘发香蕉夹,,,普通订单,0.01,0,0,2.94,0,0,0,0,0,0,0,0,-0.02,0,0,0,0,0,0,是-商品卡免佣,0.15,义乌市衍郝电子商务商行,订单结算
2026-04-23 03:44:20,'2026042303441537042921380159,入账,5.97,聚合账户,货款结算入账,小店自卖,'6952150098398286859,'6952150098398286859,'SS76305167166495831400123,2026-04-17 15:36:00,'3799223154979766395,印花小熊防滑防臭抑菌拖鞋女士2026新款夏季浴室情侣家用凉拖男士,,,普通订单,6.01,0,0,0,0,0,0,0,0,0,0,0,-0.04,0,0,0,0,0,0,是-商品卡免佣,0.29,义乌市衍郝电子商务商行,订单结算
2026-04-23 03:44:20,'2026042303441627138138030159,入账,5.17,聚合账户,货款结算入账,小店自卖,'6952032732111968148,'6952032732111968148,'SS76307378581565120630007,2026-04-13 13:44:21,'3812961166053999319,ins爆款卡通蓬松夹鸭嘴夹一字夹化妆发夹超萌可爱猫咪少女刘海夹,,,普通订单,5.2,0,0,0,0,0,0,0,0,0,0,0,-0.03,0,0,0,0,0,0,是-商品卡免佣,0.22,义乌市衍郝电子商务商行,订单结算
2026-04-23 03:44:23,'2026042303441927850509310159,入账,7.41,聚合账户,货款结算入账,小店自卖,'6925554642860080849,'6925554642860080849,'SS76307404749072637530054,2026-04-13 00:01:02,'3783078074455819331,法式黑色缎面蝴蝶结抓夹女高级感2025新款大号在成人前额碎发夹子,,,普通订单,7.8,0,0,0,0,0,0,0,0,0,0,0,-0.39,0,0,0,0,0,0,,0,义乌市衍郝电子商务商行,订单结算
2026-04-23 03:44:23,'2026042303441828368740110159,入账,15.13,聚合账户,货款结算入账,小店自卖,'6952154166119699725,'6952154166119699725,'SS76306463267750551420053,2026-04-17 08:19:30,'3768979814174818449,2025新款气质大号盘发鸭嘴夹春夏发卡蝴蝶大号在成人抓夹碎发夹子,,,普通订单,15.93,0,0,0,0,0,0,0,0,0,0,0,-0.8,0,0,0,0,0,0,,0,义乌市衍郝电子商务商行,订单结算
2026-04-23 03:44:23,'2026042303441928861117820159,入账,5.77,聚合账户,货款结算入账,小店自卖,'6925547112345796492,'6925547112345796492,'SS76306668951644081040157,2026-04-12 22:45:34,'3621925144525668908,波浪头箍发卡马尾压发优雅发带夹子夹头发压发扎头绳大肠发圈红色,,,普通订单,5.8,0,0,0,0,0,0,0,0,0,0,0,-0.03,0,0,0,0,0,0,是-商品卡免佣,0.22,义乌市衍郝电子商务商行,订单结算
2026-04-23 03:44:23,'2026042303442014724347150159,入账,3.97,聚合账户,货款结算入账,小店自卖,'6925556353329430199,'6925556353329430199,'SS76306668792331187630247,2026-04-13 01:15:20,'3807584451282731335,缎面高级感碎花蝴蝶结抓夹新款百搭后脑盘发鲨鱼夹马尾夹高档发夹,,,普通订单,1.99,0,0,0,0,0,0,0,0,2,0,0,-0.02,0,0,0,0,0,0,是-商品卡免佣,0.15,义乌市衍郝电子商务商行,订单结算
2026-04-23 03:44:23,'2026042303441937958661220159,入账,5.65,聚合账户,货款结算入账,小店自卖,'6925551424420019377,'6925551424420019377,'SS76306666562958628190059,2026-04-12 18:43:45,'3812796426258350389,夏天简约随手盘发一字扭扭夹水钻抓夹高级发夹扭扭后脑勺盘发器,,,普通订单,5.68,0,0,0,0,0,0,0,0,0,0,0,-0.03,0,0,0,0,0,0,是-商品卡免佣,0.22,义乌市衍郝电子商务商行,订单结算
2026-04-23 03:44:23,'2026042303441804923072540159,入账,5.96,聚合账户,货款结算入账,小店自卖,'6952034335878288956,'6952034335878288956,'SS76306669461403568990073,2026-04-13 07:10:51,'3782167075276063199,法式爱心香蕉夹发夹女2025新款高马尾固定大号在成人大号毛绒鲨鱼,,,普通订单,6,0,0,0,0,0,0,0,0,0,0,0,-0.04,0,0,0,0,0,0,是-商品卡免佣,0.29,义乌市衍郝电子商务商行,订单结算
2026-04-23 03:44:23,'2026042303442003864010650159,入账,3.83,聚合账户,货款结算入账,小店自卖,'6952156101922592682,'6952156101922592682,'SS76307901019599877640080,2026-04-18 09:38:52,'3809056869209735557,蝴蝶结发带女2026新款飘带头绳大肠发圈高级感扎头发皮筋发绳发饰,,,普通订单,3.85,0.3,0,0,0,0,0,0,0,0,0,0,-0.02,0,0,0,0,0,0,是-商品卡免佣,0.15,义乌市衍郝电子商务商行,订单结算
2026-04-23 03:44:23,'2026042303442003361879100159,入账,2.62,聚合账户,货款结算入账,小店自卖,'6952040866373965016,'6952040866373965016,'SS76306668795151488500092,2026-04-13 01:37:11,'3812600459668095315,金枝玉叶韩系发梳闪钻时尚高颅顶倒插梳树叶防滑发夹百搭发卡发饰,,,普通订单,2.64,0,0,0,0,0,0,0,0,0,0,0,-0.02,0,0,0,0,0,0,是-商品卡免佣,0.15,义乌市衍郝电子商务商行,订单结算
2026-04-23 03:44:23,'2026042303441930633170180159,入账,3.36,聚合账户,货款结算入账,小店自卖,'6925561161832168922,'6925561161832168922,'SS76307370182638802270037,2026-04-13 09:03:37,'3812796426258350389,夏天简约随手盘发一字扭扭夹水钻抓夹高级发夹扭扭后脑勺盘发器,,,普通订单,3.38,0,0,0,0,0,0,0,0,0,0,0,-0.02,0,0,0,0,0,0,是-商品卡免佣,0.15,义乌市衍郝电子商务商行,订单结算
2026-04-23 03:44:23,'2026042303441904369822810159,入账,2.82,聚合账户,货款结算入账,小店自卖,'6952012354547357275,'6952012354547357275,'SS76306668925923991500044,2026-04-12 22:49:22,'3782167075276063199,法式爱心香蕉夹发夹女2025新款高马尾固定大号在成人大号毛绒鲨鱼,,,普通订单,2.84,0,0,0,0,0,0,0,0,0,0,0,-0.02,0,0,0,0,0,0,是-商品卡免佣,0.15,义乌市衍郝电子商务商行,订单结算
2026-04-23 03:44:34,'2026042303442909277608960159,入账,1.94,聚合账户,货款结算入账,小店自卖,'6925629561809567135,'6925629561809567135,'SS76308371621165143440234,2026-04-15 22:06:06,'3797376868831854919,新款韩国咖色小香风黑色条纹甜美时尚大肠发圈扎发丸子头头饰发饰,,,普通订单,0.01,0,0,1.94,0,0,0,0,0,0,0,0,-0.01,0,0,0,0,0,0,是-商品卡免佣,0.07,义乌市衍郝电子商务商行,订单结算
2026-04-23 03:44:34,'2026042303442939720886160159,入账,1.88,聚合账户,货款结算入账,小店自卖,'6925540363225562309,'6925540363225562309,'SS76306667393283694540027,2026-04-12 21:16:55,'3773433055411306662,2025太太高级鸭嘴气质马尾夹子头饰精致水大号在成人前额碎发夹子,,,普通订单,1.89,0,0,0,0,0,0,0,0,0,0,0,-0.01,0,0,0,0,0,0,是-商品卡免佣,0.07,义乌市衍郝电子商务商行,订单结算
2026-04-23 03:44:34,'2026042303442839303460190159,入账,3.47,聚合账户,货款结算入账,小店自卖,'6925544546540813462,'6925544546540813462,'SS76306665022699768860233,2026-04-12 19:30:55,'3806655969480540177,米菲兔巨显发量香蕉兔子后脑勺盘发百搭少女发饰时尚可爱波点大号,,,普通订单,3.49,0,0,0,0,0,0,0,0,0,0,0,-0.02,0,0,0,0,0,0,是-商品卡免佣,0.15,义乌市衍郝电子商务商行,订单结算
2026-04-23 03:44:34,'2026042303442821747632790159,入账,8.53,聚合账户,货款结算入账,小店自卖,'6925680719334833748,'6925680719334833748,'SS76307824325684598300115,2026-04-17 21:29:29,'3812240028327870813,粉色双面蝴蝶结香蕉夹竖夹超温柔!气质高马尾发夹后脑勺发夹发饰,,,普通订单,8.58,0,0,0,0,0,0,0,0,0,0,0,-0.05,0,0,0,0,0,0,是-商品卡免佣,0.37,义乌市衍郝电子商务商行,订单结算
2026-04-23 03:44:34,'2026042303442917478825340159,入账,5.46,聚合账户,货款结算入账,小店自卖,'6952014432645879439,'6952014432645879439,'SS76306666301917967740108,2026-04-12 23:54:12,'3806655969480540177,米菲兔巨显发量香蕉兔子后脑勺盘发百搭少女发饰时尚可爱波点大号,,,普通订单,5.49,0,0,0,0,0,0,0,0,0,0,0,-0.03,0,0,0,0,0,0,是-商品卡免佣,0.22,义乌市衍郝电子商务商行,订单结算
2026-04-23 03:44:40,'2026042303443621490081700159,入账,4.96,聚合账户,货款结算入账,小店自卖,'6952021659626050648,'6952021659626050648,'SS76306420518820580340242,2026-04-13 08:34:27,'3809625164249956608,孕妇专用防滑拖鞋女士夏季家居家室内静音浴室洗澡防臭凉拖鞋外穿,,,普通订单,4.99,0,0,0,0,0,0,0,0,0,0,0,-0.03,0,0,0,0,0,0,是-商品卡免佣,0.22,义乌市衍郝电子商务商行,订单结算
2026-04-23 03:44:40,'2026042303443626651855720159,入账,6.56,聚合账户,货款结算入账,小店自卖,'6952009527592163261,'6952009527592163261,'SS76306665875494344220066,2026-04-12 20:05:33,'3671410537478095158,花朵可爱最新款梳碎发洋气梳头皮筋头发夹成人扎头发皮筋发饰大肠,,,普通订单,6.6,0.95,0,0,0,0,0,0,0,0,0,0,-0.04,0,0,0,0,0,0,是-商品卡免佣,0.29,义乌市衍郝电子商务商行,订单结算
2026-04-23 03:44:40,'2026042303443531419763740159,入账,6.76,聚合账户,货款结算入账,小店自卖,'6952027301422110465,'6952027301422110465,'SS76307404527503979520079,2026-04-12 20:31:49,'3783078074455819331,法式黑色缎面蝴蝶结抓夹女高级感2025新款大号在成人前额碎发夹子,,,普通订单,6.8,0,0,0,0,0,0,0,0,0,0,0,-0.04,0,0,0,0,0,0,是-商品卡免佣,0.29,义乌市衍郝电子商务商行,订单结算
2026-04-23 03:44:40,'2026042303443517040553500159,入账,3.65,聚合账户,货款结算入账,小店自卖,'6952018728220235349,'6952018728220235349,'SS76306668148123573850197,2026-04-12 23:59:08,'3797568456468070758,学院风韩系蝴蝶结蓝色格洋气简约金标鲨鱼后脑勺盘发夹子发饰格子,,,普通订单,3.67,0,0,0,0,0,0,0,0,0,0,0,-0.02,0,0,0,0,0,0,是-商品卡免佣,0.15,义乌市衍郝电子商务商行,订单结算
2026-04-23 03:44:40,'2026042303443626224727310159,入账,4.86,聚合账户,货款结算入账,小店自卖,'6925545336971492380,'6925545336971492380,'SS76306668710077281620042,2026-04-13 00:24:12,'3811102963569655948,春夏撞色蝴蝶结发夹发卡女后脑勺2026新款气质大号盘发鸭嘴夹发饰,,,普通订单,4.89,0,0,0,0,0,0,0,0,0,0,0,-0.03,0,0,0,0,0,0,是-商品卡免佣,0.22,义乌市衍郝电子商务商行,订单结算
2026-04-23 03:44:49,'2026042303444504625041920159,入账,3.32,聚合账户,货款结算入账,小店自卖,'6925611527733214811,'6925611527733214811,'SS76308047435683436030131,2026-04-15 18:46:01,'3806655969480540177,米菲兔巨显发量香蕉兔子后脑勺盘发百搭少女发饰时尚可爱波点大号,,,普通订单,0.49,0,0,3,0,0,0,0,0,0,0,0,-0.17,0,0,0,0,0,0,,0,义乌市衍郝电子商务商行,订单结算
2026-04-23 03:44:49,'2026042303444518592404830159,入账,5.26,聚合账户,货款结算入账,小店自卖,'6925639837626039452,'6925639837626039452,'SS76307050837867771140139,2026-04-17 02:13:18,'3809625164249956608,孕妇专用防滑拖鞋女士夏季家居家室内静音浴室洗澡防臭凉拖鞋外穿,,,普通订单,0.01,0,0,5.28,0,0,0,0,0,0,0,0,-0.03,0,0,0,0,0,0,是-商品卡免佣,0.22,义乌市衍郝电子商务商行,订单结算
2026-04-23 03:44:49,'2026042303444439011458710159,入账,3.42,聚合账户,货款结算入账,小店自卖,'6925665759482445794,'6925665759482445794,'SS76306631775841651620178,2026-04-17 21:37:41,'3813158348195496156,公主发夹波点蝴蝶结夹小众香蕉2026新款发饰发卡洋气双排头花夹子,,,普通订单,0.01,0,0,3.43,0,0,0,0,0,0,0,0,-0.02,0,0,0,0,0,0,是-商品卡免佣,0.15,义乌市衍郝电子商务商行,订单结算
2026-04-23 03:44:50,'2026042303444109409828260159,入账,4.74,聚合账户,货款结算入账,小店自卖,'6952005212385908630,'6952005212385908630,'SS76306421020997552730064,2026-04-12 20:25:44,'3809625164249956608,孕妇专用防滑拖鞋女士夏季家居家室内静音浴室洗澡防臭凉拖鞋外穿,,,普通订单,4.99,0,0,0,0,0,0,0,0,0,0,0,-0.25,0,0,0,0,0,0,,0,义乌市衍郝电子商务商行,订单结算
2026-04-23 03:44:50,'2026042303444630834079260159,入账,3.47,聚合账户,货款结算入账,小店自卖,'6952157276674266140,'6952157276674266140,'SS76307409515813609230075,2026-04-17 20:23:01,'3806655969480540177,米菲兔巨显发量香蕉兔子后脑勺盘发百搭少女发饰时尚可爱波点大号,,,普通订单,0.49,0,0,3,0,0,0,0,0,0,0,0,-0.02,0,0,0,0,0,0,是-商品卡免佣,0.15,义乌市衍郝电子商务商行,订单结算
2026-04-23 03:44:54,'2026042303444833103754640159,入账,4.87,聚合账户,货款结算入账,小店自卖,'6952029781131597001,'6952029781131597001,'SS76306425273218178820155,2026-04-13 00:37:30,'3800198492568289686,买一送一爆款凉拖鞋男士夏季情侣2026新款家居防滑防臭厚底拖鞋女,,,普通订单,4.9,0,0,0,0,0,0,0,0,0,0,0,-0.03,0,0,0,0,0,0,是-商品卡免佣,0.22,义乌市衍郝电子商务商行,订单结算
2026-04-23 03:44:54,'2026042303445028399378460159,入账,3.36,聚合账户,货款结算入账,小店自卖,'6952014478560794111,'6952014478560794111,'SS76306668795196869630171,2026-04-13 00:46:29,'3812796426258350389,夏天简约随手盘发一字扭扭夹水钻抓夹高级发夹扭扭后脑勺盘发器,,,普通订单,3.38,0,0,0,0,0,0,0,0,0,0,0,-0.02,0,0,0,0,0,0,是-商品卡免佣,0.15,义乌市衍郝电子商务商行,订单结算
2026-04-23 03:44:54,'2026042303444807229773320159,入账,7.28,聚合账户,货款结算入账,小店自卖,'6952028384666457418,'6952028384666457418,'SS76306998565158423470247,2026-04-13 11:41:51,'3678286041502056557,皮筋女款发绳儿童头绳女童6-12岁兔子头网红新款扎头发小女孩头绳,,,普通订单,7.32,0,0,0,0,0,0,0,0,0,0,0,-0.04,0,0,0,0,0,0,是-商品卡免佣,0.29,义乌市衍郝电子商务商行,订单结算
2026-04-23 03:44:54,'2026042303445115404733530159,入账,3.83,聚合账户,货款结算入账,小店自卖,'6925598885117394430,'6925598885117394430,'SS76308042370749609310064,2026-04-14 22:12:15,'3809056869209735557,蝴蝶结发带女2026新款飘带头绳大肠发圈高级感扎头发皮筋发绳发饰,,,普通订单,3.85,0.3,0,0,0,0,0,0,0,0,0,0,-0.02,0,0,0,0,0,0,是-商品卡免佣,0.15,义乌市衍郝电子商务商行,订单结算
2026-04-23 03:44:54,'2026042303445012842114650159,入账,3.59,聚合账户,货款结算入账,小店自卖,'6925544839739441107,'6925544839739441107,'SS76306678376204416460088,2026-04-12 21:16:22,'3797749369206342546,豹纹大肠发圈高级小众手工韩国新款头绳编织显发量马尾丸子头发绳,,,普通订单,3.61,0,0,0,0,0,0,0,0,0,0,0,-0.02,0,0,0,0,0,0,是-商品卡免佣,0.15,义乌市衍郝电子商务商行,订单结算
2026-04-23 03:44:54,'2026042303445003239490830159,入账,3.46,聚合账户,货款结算入账,小店自卖,'6925550042376273335,'6925550042376273335,'SS76306670027511731350248,2026-04-13 08:26:48,'3768802352526655781,软硅胶抓夹鲨鱼夹安全新款发夹大号防摔不大号在成人大号发卡鲨鱼,,,普通订单,3.48,0,0,0,0,0,0,0,0,0,0,0,-0.02,0,0,0,0,0,0,是-商品卡免佣,0.15,义乌市衍郝电子商务商行,订单结算
2026-04-23 03:44:54,'2026042303444936124472420159,入账,8.85,聚合账户,货款结算入账,小店自卖,'6925555012026203426,'6925555012026203426,'SS76306672198314237700033,2026-04-13 07:54:58,'3800198492568289686,买一送一爆款凉拖鞋男士夏季情侣2026新款家居防滑防臭厚底拖鞋女,,,普通订单,8.9,0,0,0,0,0,0,0,0,0,0,0,-0.05,0,0,0,0,0,0,是-商品卡免佣,0.37,义乌市衍郝电子商务商行,订单结算
2026-04-23 03:44:54,'2026042303444921275448410159,入账,5.29,聚合账户,货款结算入账,小店自卖,'6925543519331581466,'6925543519331581466,'SS76306999648721477500032,2026-04-13 09:57:31,'3771567680054755718,高颅顶压发箍女宽边网红洋气发箍洗脸防滑发卡百搭头箍高级感发饰,,,普通订单,5.32,0,0,0,0,0,0,0,0,0,0,0,-0.03,0,0,0,0,0,0,是-商品卡免佣,0.22,义乌市衍郝电子商务商行,订单结算
2026-04-23 03:44:54,'2026042303445003202255450159,入账,3.27,聚合账户,货款结算入账,小店自卖,'6925665773643529351,'6925665773643529351,'SS76308216704538877820084,2026-04-17 21:25:13,'3656169389537002252,儿童蝴蝶结飘带发夹儿童头饰洋气发圈扎头发成人3-最新款头饰耐用,,,普通订单,3.29,0,0,0,0,0,0,0,0,0,0,0,-0.02,0,0,0,0,0,0,是-商品卡免佣,0.15,义乌市衍郝电子商务商行,订单结算
2026-04-23 03:44:54,'2026042303444923834462810159,入账,4.74,聚合账户,货款结算入账,小店自卖,'6925546888413216740,'6925546888413085668,'SS76306671978965734760161,2026-04-12 21:30:20,'3809625164249956608,孕妇专用防滑拖鞋女士夏季家居家室内静音浴室洗澡防臭凉拖鞋外穿,,,普通订单,4.99,0,0,0,0,0,0,0,0,0,0,0,-0.25,0,0,0,0,0,0,,0,义乌市衍郝电子商务商行,订单结算
2026-04-23 03:44:54,'2026042303445016785290500159,入账,2.96,聚合账户,货款结算入账,小店自卖,'6925547717759761926,'6925547717759696390,'SS76307406586893767680045,2026-04-13 08:19:17,'3774351875516793084,笑脸眼镜发夹设计感发夹女侧边夹2025新款爆款洋气前额碎发刘海夹,,,普通订单,2.98,0,0,0,0,0,0,0,0,0,0,0,-0.02,0,0,0,0,0,0,是-商品卡免佣,0.15,义乌市衍郝电子商务商行,订单结算
2026-04-23 03:44:54,'2026042303445016048993790159,入账,9.26,聚合账户,货款结算入账,小店自卖,'6925681185010057072,'6925681185010057072,'SS76307416635558797260125,2026-04-18 01:34:58,'3806648290204844347,秋冬复古ins彩虹格子蝴蝶结大肠头绳发圈丸子2026马尾发绳新款女,,,普通订单,9.75,0,0,0,0,0,0,0,0,0,0,0,-0.49,0,0,0,0,0,0,,0,义乌市衍郝电子商务商行,订单结算
2026-04-23 03:44:54,'2026042303445015604823540159,入账,5.42,聚合账户,货款结算入账,小店自卖,'6925545600338132314,'6925545600338132314,'SS76306669588411686800020,2026-04-13 07:13:50,'3809980984917622883,韩系高马尾香蕉夹竖夹女2026新款高级感发夹后脑勺大发量发饰头饰,,,普通订单,5.45,0,0,0,0,0,0,0,0,0,0,0,-0.03,0,0,0,0,0,0,是-商品卡免佣,0.22,义乌市衍郝电子商务商行,订单结算
2026-04-23 03:44:54,'2026042303444915270221300159,入账,4.87,聚合账户,货款结算入账,小店自卖,'6952041492022629751,'6952041492022629751,'SS76307254757693366100097,2026-04-13 13:29:00,'3782143424946372726,公主宝宝超仙蝴蝶结发夹布艺花朵发卡发饰不伤发bb夹女童刘海夹子,,,普通订单,4.9,0,0,0,0,0,0,0,0,0,0,0,-0.03,0,0,0,0,0,0,是-商品卡免佣,0.22,义乌市衍郝电子商务商行,订单结算
2026-04-23 03:45:05,'2026042303445931555264000159,入账,4.74,聚合账户,货款结算入账,小店自卖,'6925548399101902690,'6925548399101837154,'SS76306671291758518300198,2026-04-12 15:15:51,'3799223154979766395,印花小熊防滑防臭抑菌拖鞋女士2026新款夏季浴室情侣家用凉拖男士,,,普通订单,4.64,0,0,0.35,0,0,0,0,0,0,0,0,-0.25,0,0,0,0,0,0,,0,义乌市衍郝电子商务商行,订单结算
2026-04-23 03:45:05,'2026042303445919351475350159,入账,5.65,聚合账户,货款结算入账,小店自卖,'6925551911476297225,'6925551911476297225,'SS76306631071286400430056,2026-04-12 21:55:00,'3782888475330740360,可爱毛绒米菲兔大号魔术贴卡通hellokitty发饰刘海碎发刘海贴神器,,,普通订单,5.68,0.3,0,0,0,0,0,0,0,0,0,0,-0.03,0,0,0,0,0,0,是-商品卡免佣,0.22,义乌市衍郝电子商务商行,订单结算
2026-04-23 03:45:05,'2026042303445812053059080159,入账,3.93,聚合账户,货款结算入账,小店自卖,'6952021227031368811,'6952021227031368811,'SS76306668547300723740203,2026-04-12 23:31:39,'3807576505576456267,可爱蝴蝶结小猫无痕刘海魔术发饰少女前额星星kt侧边发贴整理神器,,,普通订单,3.95,0,0,0,0,0,0,0,0,0,0,0,-0.02,0,0,0,0,0,0,是-商品卡免佣,0.15,义乌市衍郝电子商务商行,订单结算
2026-04-23 03:45:05,'2026042303450007046761360159,入账,0.84,聚合账户,货款结算入账,小店自卖,'6952141699250066612,'6952141699250066612,'SS76307009170264602020159,2026-04-17 19:02:38,'3797749369206342546,豹纹大肠发圈高级小众手工韩国新款头绳编织显发量马尾丸子头发绳,,,普通订单,2.88,0,0,0,0,0,0,0,0,0,0,-2,-0.04,0,0,0,0,0,0,,0,义乌市衍郝电子商务商行,订单结算
2026-04-23 03:45:05,'2026042303445905675912200159,入账,2.52,聚合账户,货款结算入账,小店自卖,'6952044073472759021,'6952044073472759021,'SS76307406583112177060180,2026-04-13 14:48:57,'3776807804489302292,豹纹ins爱心发夹女一字夹高端碎发前额刘大号在成人前额碎发夹子,,,普通订单,2.54,0,0,0,0,0,0,0,0,0,0,0,-0.02,0,0,0,0,0,0,是-商品卡免佣,0.15,义乌市衍郝电子商务商行,订单结算
2026-04-23 03:45:07,'2026042303450011713910030159,入账,4.96,聚合账户,货款结算入账,小店自卖,'6925558091518934300,'6925558091518934300,'SS76306671414088545340141,2026-04-12 20:59:13,'3809625164249956608,孕妇专用防滑拖鞋女士夏季家居家室内静音浴室洗澡防臭凉拖鞋外穿,,,普通订单,4.99,0,0,0,0,0,0,0,0,0,0,0,-0.03,0,0,0,0,0,0,是-商品卡免佣,0.22,义乌市衍郝电子商务商行,订单结算
2026-04-23 03:45:07,'2026042303450338183941220159,入账,3.62,聚合账户,货款结算入账,小店自卖,'6952012360035079705,'6952012360035079705,'SS76306668578878920100158,2026-04-12 22:44:18,'3752323576548688241,中国风孔雀盘发器女生古典旗袍发饰丸子懒人高级感饰品优雅发夹女,,,普通订单,3.81,0,0,0,0,0,0,0,0,0,0,0,-0.19,0,0,0,0,0,0,,0,义乌市衍郝电子商务商行,订单结算
2026-04-23 03:45:07,'2026042303450311206169690159,入账,8.53,聚合账户,货款结算入账,小店自卖,'6952009379047937751,'6952009379047937751,'SS76307367849851788890049,2026-04-12 19:02:12,'3812240028327870813,粉色双面蝴蝶结香蕉夹竖夹超温柔!气质高马尾发夹后脑勺发夹发饰,,,普通订单,8.58,0,0,0,0,0,0,0,0,0,0,0,-0.05,0,0,0,0,0,0,是-商品卡免佣,0.37,义乌市衍郝电子商务商行,订单结算
2026-04-23 03:45:07,'2026042303450314439429380159,入账,9.6,聚合账户,货款结算入账,小店自卖,'6925556427224153529,'6925556427224153529,'SS76306668707085355610141,2026-04-13 02:18:27,'3768979814174818449,2025新款气质大号盘发鸭嘴夹春夏发卡蝴蝶大号在成人抓夹碎发夹子,,,普通订单,9.66,0,0,0,0,0,0,0,0,0,0,0,-0.06,0,0,0,0,0,0,是-商品卡免佣,0.44,义乌市衍郝电子商务商行,订单结算
2026-04-23 03:45:07,'2026042303450326929567230159,入账,2.61,聚合账户,货款结算入账,小店自卖,'6952032577119655182,'6952032577119655182,'SS76307428659661214910065,2026-04-13 11:49:47,'3809980984917622883,韩系高马尾香蕉夹竖夹女2026新款高级感发夹后脑勺大发量发饰头饰,,,普通订单,2.63,0,0,0,0,0,0,0,0,0,0,0,-0.02,0,0,0,0,0,0,是-商品卡免佣,0.15,义乌市衍郝电子商务商行,订单结算
2026-04-23 03:45:21,'2026042303451627485967790159,入账,8.85,聚合账户,货款结算入账,小店自卖,'6952100248045557334,'6952100248045557334,'SS76306867355194165860042,2026-04-15 12:54:47,'3800198492568289686,买一送一爆款凉拖鞋男士夏季情侣2026新款家居防滑防臭厚底拖鞋女,,,普通订单,8.9,0,0,0,0,0,0,0,0,0,0,0,-0.05,0,0,0,0,0,0,是-商品卡免佣,0.37,义乌市衍郝电子商务商行,订单结算
2026-04-23 03:45:21,'2026042303451618334848360159,入账,4.96,聚合账户,货款结算入账,小店自卖,'6952046057376454534,'6952046057376454534,'SS76307239348031654500192,2026-04-13 12:53:36,'3809625164249956608,孕妇专用防滑拖鞋女士夏季家居家室内静音浴室洗澡防臭凉拖鞋外穿,,,普通订单,4.99,0,0,0,0,0,0,0,0,0,0,0,-0.03,0,0,0,0,0,0,是-商品卡免佣,0.22,义乌市衍郝电子商务商行,订单结算
2026-04-23 03:45:21,'2026042303451627816266340159,入账,3.93,聚合账户,货款结算入账,小店自卖,'6925553788606840766,'6925553788606840766,'SS76306673175965043720076,2026-04-12 18:59:23,'3812961166053999319,ins爆款卡通蓬松夹鸭嘴夹一字夹化妆发夹超萌可爱猫咪少女刘海夹,,,普通订单,3.95,0,0,0,0,0,0,0,0,0,0,0,-0.02,0,0,0,0,0,0,是-商品卡免佣,0.15,义乌市衍郝电子商务商行,订单结算
2026-04-23 03:45:21,'2026042303451704334395070159,入账,4.96,聚合账户,货款结算入账,小店自卖,'6952027192357360847,'6952027192357360847,'SS76306423390744092680247,2026-04-12 19:34:05,'3809625164249956608,孕妇专用防滑拖鞋女士夏季家居家室内静音浴室洗澡防臭凉拖鞋外穿,,,普通订单,4.99,0,0,0,0,0,0,0,0,0,0,0,-0.03,0,0,0,0,0,0,是-商品卡免佣,0.22,义乌市衍郝电子商务商行,订单结算
2026-04-23 03:45:21,'2026042303451639972049980159,入账,8.6,聚合账户,货款结算入账,小店自卖,'6952055838732719218,'6952055838732719218,'SS76306724639113224220009,2026-04-13 23:19:30,'3810919823941174195,中式复古洋气多层小蛮腰褶皱印花肥肠圈高端水墨皮筋耐用新款发圈,,,普通订单,8.65,0,0,0,0,0,0,0,0,0,0,0,-0.05,0,0,0,0,0,0,是-商品卡免佣,0.37,义乌市衍郝电子商务商行,订单结算
2026-04-23 03:45:32,'2026042303452635284301430159,入账,3.33,聚合账户,货款结算入账,小店自卖,'6952028192181327161,'6952028192181327161,'SS76307479984230080340154,2026-04-13 10:26:56,'3798678606662729899,精致满钻侧边小抓夹女半扎发碎发夹前额刘海公主头发夹小号鲨鱼夹,,,普通订单,3.35,0,0,0,0,0,0,0,0,0,0,0,-0.02,0,0,0,0,0,0,是-商品卡免佣,0.15,义乌市衍郝电子商务商行,订单结算
2026-04-23 03:45:32,'2026042303452733220203710159,入账,7.82,聚合账户,货款结算入账,小店自卖,'6952061638211081406,'6952061638211081406,'SS76307255401901430220213,2026-04-14 18:53:56,'3810568459310465424,韩水钻发夹女侧边刘海碎发bb夹子头饰2026年新款水晶发卡一字夹子,,,普通订单,7.87,0,0,0,0,0,0,0,0,0,0,0,-0.05,0,0,0,0,0,0,是-商品卡免佣,0.37,义乌市衍郝电子商务商行,订单结算
2026-04-23 03:45:32,'2026042303452713560225910159,入账,3.78,聚合账户,货款结算入账,小店自卖,'6952034249705854443,'6952034249705854443,'SS76307016648034719350164,2026-04-13 05:23:48,'3783078074455819331,法式黑色缎面蝴蝶结抓夹女高级感2025新款大号在成人前额碎发夹子,,,普通订单,3.8,0,0,0,0,0,0,0,0,0,0,0,-0.02,0,0,0,0,0,0,是-商品卡免佣,0.15,义乌市衍郝电子商务商行,订单结算
2026-04-23 03:45:32,'2026042303452720848973210159,入账,3.38,聚合账户,货款结算入账,小店自卖,'6952034416727888897,'6952034416727888897,'SS76306669745319780100098,2026-04-13 08:13:42,'3752324139441062001,多款造型男士发箍潮男隐形压发背头波浪发窟头箍韩红色蝴蝶结发饰,,,普通订单,3.4,0,0,0,0,0,0,0,0,0,0,0,-0.02,0,0,0,0,0,0,是-商品卡免佣,0.15,义乌市衍郝电子商务商行,订单结算
2026-04-23 03:45:32,'2026042303452626771627930159,入账,6.09,聚合账户,货款结算入账,小店自卖,'6952023919219643508,'6952023919219643508,'SS76307365925981762710051,2026-04-13 14:24:47,'3752323576548688241,中国风孔雀盘发器女生古典旗袍发饰丸子懒人高级感饰品优雅发夹女,,,普通订单,6.41,0,0,0,0,0,0,0,0,0,0,0,-0.32,0,0,0,0,0,0,,0,义乌市衍郝电子商务商行,订单结算
2026-04-23 03:45:47,'2026042303454123753528470159,入账,5.94,聚合账户,货款结算入账,小店自卖,'6952021730777110157,'6952021730777110157,'SS76306794901796462080088,2026-04-13 09:26:11,'3810919823941174195,中式复古洋气多层小蛮腰褶皱印花肥肠圈高端水墨皮筋耐用新款发圈,,,普通订单,5.98,0,0,0,0,0,0,0,0,0,0,0,-0.04,0,0,0,0,0,0,是-商品卡免佣,0.29,义乌市衍郝电子商务商行,订单结算
2026-04-23 03:45:47,'2026042303454433308022270159,入账,3.96,聚合账户,货款结算入账,小店自卖,'6925567421123820790,'6925567421123820790,'SS76307249559232845210081,2026-04-13 12:51:47,'3787536432936124635,时髦必入!粉色小花后秋森系女秋冬豹纹女新款发夹小夹子夹头发,,,普通订单,3.98,0,0,0,0,0,0,0,0,0,0,0,-0.02,0,0,0,0,0,0,是-商品卡免佣,0.15,义乌市衍郝电子商务商行,订单结算
2026-04-23 03:45:47,'2026042303454412123018700159,入账,3.54,聚合账户,货款结算入账,小店自卖,'6925548641961803005,'6925548641961803005,'SS76306666275073438720200,2026-04-12 17:31:04,'3799240809392504924,韩国东大门同款碎发夹气质水钻侧边刘海夹子女高颜值发卡头饰BB夹,,,普通订单,3.56,0,0,0,0,0,0,0,0,0,0,0,-0.02,0,0,0,0,0,0,是-商品卡免佣,0.15,义乌市衍郝电子商务商行,订单结算
2026-04-23 03:45:47,'2026042303454315114570740159,入账,3.36,聚合账户,货款结算入账,小店自卖,'6925543543917477010,'6925543543917477010,'SS76307017544073057800141,2026-04-13 10:12:44,'3812796426258350389,夏天简约随手盘发一字扭扭夹水钻抓夹高级发夹扭扭后脑勺盘发器,,,普通订单,3.38,0,0,0,0,0,0,0,0,0,0,0,-0.02,0,0,0,0,0,0,是-商品卡免佣,0.15,义乌市衍郝电子商务商行,订单结算
2026-04-23 03:45:47,'2026042303454410871447300159,入账,1.75,聚合账户,货款结算入账,小店自卖,'6925567295737658811,'6925567295737658811,'SS76307374071989214980013,2026-04-13 11:48:00,'3809975766641410463,高级感水钻珠珠一字扭扭夹2026新款盘发抓夹后脑勺发量多发夹头饰,,,普通订单,1.76,0,0,0,0,0,0,0,0,0,0,0,-0.01,0,0,0,0,0,0,是-商品卡免佣,0.07,义乌市衍郝电子商务商行,订单结算
2026-04-23 03:46:06,'2026042303460213697561870159,入账,2.7,聚合账户,货款结算入账,小店自卖,'6952036437854983922,'6952036437854983922,'SS76306668024270687350212,2026-04-13 05:55:26,'3624663735848837608,复古盘发夹子鸭嘴抓夹高弹力发带橡皮皮筋扎头绳可爱折叠头发卡子,,,普通订单,2.72,0,0,0,0,0,0,0,0,0,0,0,-0.02,0,0,0,0,0,0,是-商品卡免佣,0.15,义乌市衍郝电子商务商行,订单结算
2026-04-23 03:46:06,'2026042303460116067343620159,入账,5.46,聚合账户,货款结算入账,小店自卖,'6952019499233842873,'6952019499233842873,'SS76307250860471956540120,2026-04-13 13:56:28,'3806655969480540177,米菲兔巨显发量香蕉兔子后脑勺盘发百搭少女发饰时尚可爱波点大号,,,普通订单,5.49,0,0,0,0,0,0,0,0,0,0,0,-0.03,0,0,0,0,0,0,是-商品卡免佣,0.22,义乌市衍郝电子商务商行,订单结算
2026-04-23 03:46:06,'2026042303460136880719870159,入账,2.28,聚合账户,货款结算入账,小店自卖,'6952111806789719154,'6952111806789719154,'SS76308242171177864020206,2026-04-15 18:19:02,'3812961166053999319,ins爆款卡通蓬松夹鸭嘴夹一字夹化妆发夹超萌可爱猫咪少女刘海夹,,,普通订单,2.29,0,0,0,0,0,0,0,0,0,0,0,-0.01,0,0,0,0,0,0,是-商品卡免佣,0.07,义乌市衍郝电子商务商行,订单结算
2026-04-23 03:46:06,'2026042303460207451489550159,入账,12.72,聚合账户,货款结算入账,小店自卖,'6925621373241294711,'6925621373241294711,'SS76306705117407152740015,2026-04-16 10:44:12,'3810919823941174195,中式复古洋气多层小蛮腰褶皱印花肥肠圈高端水墨皮筋耐用新款发圈,,,普通订单,12.8,0,0,0,0,0,0,0,0,0,0,0,-0.08,0,0,0,0,0,0,是-商品卡免佣,0.59,义乌市衍郝电子商务商行,订单结算
2026-04-23 03:46:06,'2026042303460015299261530159,入账,17.69,聚合账户,货款结算入账,小店自卖,'6925642193391877424,'6925642193391877424,'SS76307177045688038750215,2026-04-16 22:30:07,'3800198492568289686,买一送一爆款凉拖鞋男士夏季情侣2026新款家居防滑防臭厚底拖鞋女,,,普通订单,17.8,0,0,0,0,0,0,0,0,0,0,0,-0.11,0,0,0,0,0,0,是-商品卡免佣,0.81,义乌市衍郝电子商务商行,订单结算
2026-04-23 03:46:17,'2026042303461415020362620159,入账,4.93,聚合账户,货款结算入账,小店自卖,'6925694586295910304,'6925694586295910304,'SS76306808938881687440037,2026-04-18 12:52:22,'3768979814174818449,2025新款气质大号盘发鸭嘴夹春夏发卡蝴蝶大号在成人抓夹碎发夹子,,,普通订单,6.96,0,0,0,0,0,0,0,0,0,0,-2,-0.03,0,0,0,0,0,0,是-商品卡免佣,0.22,义乌市衍郝电子商务商行,订单结算
2026-04-23 03:46:17,'2026042303461235374206070159,入账,12.72,聚合账户,货款结算入账,小店自卖,'6952034102859929115,'6952034102859929115,'SS76306668196532882330141,2026-04-12 23:54:41,'3810919823941174195,中式复古洋气多层小蛮腰褶皱印花肥肠圈高端水墨皮筋耐用新款发圈,,,普通订单,12.8,0,0,0,0,0,0,0,0,0,0,0,-0.08,0,0,0,0,0,0,是-商品卡免佣,0.59,义乌市衍郝电子商务商行,订单结算
2026-04-23 03:46:18,'2026042303461335303634420159,入账,2.75,聚合账户,货款结算入账,小店自卖,'6925555566563065691,'6925555566563065691,'SS76306666702850624430022,2026-04-12 19:54:44,'3778104098440741083,海盐奶咖~爱心波点发夹边夹侧边女前额发卡碎发刘海夹子头饰韩系,,,普通订单,2.77,0,0,0,0,0,0,0,0,0,0,0,-0.02,0,0,0,0,0,0,是-商品卡免佣,0.15,义乌市衍郝电子商务商行,订单结算
2026-04-23 03:46:18,'2026042303461228483755790159,入账,4.96,聚合账户,货款结算入账,小店自卖,'6925560709380538059,'6925560709380538059,'SS76306424103721705340201,2026-04-13 00:26:07,'3809625164249956608,孕妇专用防滑拖鞋女士夏季家居家室内静音浴室洗澡防臭凉拖鞋外穿,,,普通订单,4.99,0,0,0,0,0,0,0,0,0,0,0,-0.03,0,0,0,0,0,0,是-商品卡免佣,0.22,义乌市衍郝电子商务商行,订单结算
2026-04-23 03:46:18,'2026042303461220941540270159,入账,6.74,聚合账户,货款结算入账,小店自卖,'6952041361347450058,'6952041361347450058,'SS76306997753812587670038,2026-04-13 12:22:39,'3712259868460187975,气质抓夹大号发量多2024新款爆款发夹女后脑勺鲨鱼夹高级感头饰,,,普通订单,6.78,0,0,0,0,0,0,0,0,0,0,0,-0.04,0,0,0,0,0,0,是-商品卡免佣,0.29,义乌市衍郝电子商务商行,订单结算
2026-04-23 03:46:33,'2026042303462727564449370159,入账,3.51,聚合账户,货款结算入账,小店自卖,'6925663511392255606,'6925663511392255606,'SS76307778564129920000116,2026-04-17 21:54:13,'3809262658188869664,高级感新年红色大肠发圈女2026新款扎头发绳丸子氛围感头花发饰,,,普通订单,0.01,0,0,3.52,0,0,0,0,0,0,0,0,-0.02,0,0,0,0,0,0,是-商品卡免佣,0.15,义乌市衍郝电子商务商行,订单结算
2026-04-23 03:46:33,'2026042303462832640704500159,入账,4.75,聚合账户,货款结算入账,小店自卖,'6925588038529219907,'6925588038529219907,'SS76306026667755115950111,2026-04-15 01:56:30,'3624864154072048529,蝴蝶结发箍女头带皮筋高弹力发圈橡皮洗脸束发带洗脸专用耐用大肠,,,普通订单,4.78,0,0,0,0,0,0,0,0,0,0,0,-0.03,0,0,0,0,0,0,是-商品卡免佣,0.22,义乌市衍郝电子商务商行,订单结算
2026-04-23 03:46:33,'2026042303463012079642100159,入账,3.34,聚合账户,货款结算入账,小店自卖,'6925555749545672295,'6925555749545672295,'SS76306665488433979140019,2026-04-12 20:52:32,'3810393692611674121,小众不规则抓夹大号发量大发夹女后脑勺鲨鱼夹发卡2026新款头饰,,,普通订单,3.36,0,0,0,0,0,0,0,0,0,0,0,-0.02,0,0,0,0,0,0,是-商品卡免佣,0.15,义乌市衍郝电子商务商行,订单结算
2026-04-23 03:46:33,'2026042303462837588506060159,入账,4.65,聚合账户,货款结算入账,小店自卖,'6925578656893402571,'6925578656893074891,'SS76307284435875599460154,2026-04-14 11:20:11,'3812796426258350389,夏天简约随手盘发一字扭扭夹水钻抓夹高级发夹扭扭后脑勺盘发器,,,普通订单,4.68,0,0,0,0,0,0,0,0,0,0,0,-0.03,0,0,0,0,0,0,是-商品卡免佣,0.22,义乌市衍郝电子商务商行,订单结算
2026-04-23 03:46:33,'2026042303462115912312750159,入账,12.9,聚合账户,货款结算入账,小店自卖,'6952122123870213742,'6952122123870213742,'SS76308084804293104730079,2026-04-16 13:19:27,'3812240028327870813,粉色双面蝴蝶结香蕉夹竖夹超温柔!气质高马尾发夹后脑勺发夹发饰,,,普通订单,12.98,0,0,0,0,0,0,0,0,0,0,0,-0.08,0,0,0,0,0,0,是-商品卡免佣,0.59,义乌市衍郝电子商务商行,订单结算
2026-04-23 03:46:40,'2026042303463525726039580159,入账,5.17,聚合账户,货款结算入账,小店自卖,'6952009724983252799,'6952009724983252799,'SS76306673175214986340217,2026-04-12 21:49:00,'3812961166053999319,ins爆款卡通蓬松夹鸭嘴夹一字夹化妆发夹超萌可爱猫咪少女刘海夹,,,普通订单,5.2,0,0,0,0,0,0,0,0,0,0,0,-0.03,0,0,0,0,0,0,是-商品卡免佣,0.22,义乌市衍郝电子商务商行,订单结算
2026-04-23 03:46:40,'2026042303463507270077900159,入账,7.94,聚合账户,货款结算入账,小店自卖,'6925680693201764318,'6925680693201764318,'SS76307861721047206860102,2026-04-17 21:01:09,'3809980984917622883,韩系高马尾香蕉夹竖夹女2026新款高级感发夹后脑勺大发量发饰头饰,,,普通订单,7.99,0,0,0,0,0,0,0,0,0,0,0,-0.05,0,0,0,0,0,0,是-商品卡免佣,0.37,义乌市衍郝电子商务商行,订单结算
2026-04-23 03:46:40,'2026042303463406090921150159,入账,4.96,聚合账户,货款结算入账,小店自卖,'6952029072023294997,'6952029072023294997,'SS76306416651282068740231,2026-04-12 17:48:01,'3809625164249956608,孕妇专用防滑拖鞋女士夏季家居家室内静音浴室洗澡防臭凉拖鞋外穿,,,普通订单,4.99,0,0,0,0,0,0,0,0,0,0,0,-0.03,0,0,0,0,0,0,是-商品卡免佣,0.22,义乌市衍郝电子商务商行,订单结算
2026-04-23 03:46:40,'2026042303463531880645500159,入账,5.5,聚合账户,货款结算入账,小店自卖,'6925559246441250491,'6925559246441250491,'SS76307405336733988100247,2026-04-13 10:13:28,'3790163402463248427,发量多夹子新款网红气质抓夹夹头发发夹洋气发卡头饰网红爆款复古,,,普通订单,5.53,0,0,0,0,0,0,0,0,0,0,0,-0.03,0,0,0,0,0,0,是-商品卡免佣,0.22,义乌市衍郝电子商务商行,订单结算
2026-04-23 03:46:40,'2026042303463502059801660159,入账,8.15,聚合账户,货款结算入账,小店自卖,'6952029119157442487,'6952029119157442487,'SS76306678509649922920030,2026-04-12 18:25:10,'3797749369206342546,豹纹大肠发圈高级小众手工韩国新款头绳编织显发量马尾丸子头发绳,,,普通订单,8.2,0,0,0,0,0,0,0,0,0,0,0,-0.05,0,0,0,0,0,0,是-商品卡免佣,0.37,义乌市衍郝电子商务商行,订单结算
2026-04-23 03:46:48,'2026042303464403274678280159,入账,1.95,聚合账户,货款结算入账,小店自卖,'6952013817064134620,'6952013817064134620,'SS76306666688609531150018,2026-04-12 18:21:55,'3807956255797018943,韩国精致气质炫彩侧边夹2026年新款发夹高端夹顶刘海鸭嘴高级夹子,,,普通订单,0.01,0,0,1.95,0,0,0,0,0,0,0,0,-0.01,0,0,0,0,0,0,是-商品卡免佣,0.07,义乌市衍郝电子商务商行,订单结算
2026-04-23 03:46:48,'2026042303464236544394330159,入账,3.1,聚合账户,货款结算入账,小店自卖,'6925676188096494889,'6925676188096494889,'SS76306965495817177790016,2026-04-17 19:24:38,'3769541522983354503,巨显发量蓬蓬香蕉夹新款褶皱云朵泡泡波大号在成人前额碎发夹子,,,普通订单,0.01,0,0,3.11,0,0,0,0,0,0,0,0,-0.02,0,0,0,0,0,0,是-商品卡免佣,0.15,义乌市衍郝电子商务商行,订单结算
2026-04-23 03:46:48,'2026042303464322400212740159,入账,3.79,聚合账户,货款结算入账,小店自卖,'6925687573631171719,'6925687573631171719,'SS76307776004948997620163,2026-04-18 06:01:14,'3656233852961206645,闪耀蝴蝶结公主头头饰扎头发发带橡皮蝴蝶抓夹公主头发饰网红款,,,普通订单,0.01,0,0,3.8,0,0,0,0,0,0,0,0,-0.02,0,0,0,0,0,0,是-商品卡免佣,0.15,义乌市衍郝电子商务商行,订单结算
2026-04-23 03:46:48,'2026042303464432637588980159,入账,4.21,聚合账户,货款结算入账,小店自卖,'6925606263316315510,'6925606263316315510,'SS76308404733340759460042,2026-04-14 22:43:49,'3771355796558971375,网红抓夹爆款2025新款高级感半扎发发夹后脑勺鲨鱼夹大号发量多,,,普通订单,0.01,0,0,4.42,0,0,0,0,0,0,0,0,-0.22,0,0,0,0,0,0,,0,义乌市衍郝电子商务商行,订单结算
2026-04-23 03:46:48,'2026042303464307219450880159,入账,7.94,聚合账户,货款结算入账,小店自卖,'6952050535116445260,'6952050535116445260,'SS76307248830350669320085,2026-04-13 13:35:41,'3656205639027408650,简约洗澡大号盘发发夹后脑勺抓夹成人发抓鲨鱼夹发卡夹子头发夹,,,普通订单,6.99,0.5,0,1,0,0,0,0,0,0,0,0,-0.05,0,0,0,0,0,0,是-商品卡免佣,0.37,义乌市衍郝电子商务商行,订单结算
2026-04-23 03:46:55,'2026042303465029154882750159,入账,8.45,聚合账户,货款结算入账,巨量千川,'6952145433655449365,'6952145433655449365,'SS76307895961138142820094,2026-04-17 14:39:36,'3800198492568289686,买一送一爆款凉拖鞋男士夏季情侣2026新款家居防滑防臭厚底拖鞋女,,,普通订单,8.9,0,0,0,0,0,0,0,0,0,0,0,-0.45,0,0,0,0,0,0,,0,义乌市衍郝电子商务商行,订单结算
2026-04-23 03:46:55,'2026042303464815826499060159,入账,4.47,聚合账户,货款结算入账,小店自卖,'6925603281312841191,'6925603281312841191,'SS76306977901503618560072,2026-04-14 19:01:26,'3812961166053999319,ins爆款卡通蓬松夹鸭嘴夹一字夹化妆发夹超萌可爱猫咪少女刘海夹,,,普通订单,4.5,0,0,0,0,0,0,0,0,0,0,0,-0.03,0,0,0,0,0,0,是-商品卡免佣,0.22,义乌市衍郝电子商务商行,订单结算
2026-04-23 03:46:55,'2026042303465135408781060159,入账,3.94,聚合账户,货款结算入账,小店自卖,'6925424850247319455,'6925424850247319455,'SS76307576460166641180115,2026-04-07 21:47:25,'3806662736209904002,精致蝴蝶结碎发夹刘海夹迷你前额侧边鸭嘴夹子头饰碎发整理神器女,,,普通订单,3.96,0,0,0,0,0,0,0,0,0,0,0,-0.02,0,0,0,0,0,0,是-商品卡免佣,0.15,义乌市衍郝电子商务商行,订单结算
2026-04-23 03:46:55,'2026042303465210741194750159,入账,3.13,聚合账户,货款结算入账,小店自卖,'6925540153870286567,'6925540153870286567,'SS76306619468112366500213,2026-04-12 19:34:53,'3810919823941174195,中式复古洋气多层小蛮腰褶皱印花肥肠圈高端水墨皮筋耐用新款发圈,,,普通订单,3.15,0,0,0,0,0,0,0,0,0,0,0,-0.02,0,0,0,0,0,0,是-商品卡免佣,0.15,义乌市衍郝电子商务商行,订单结算
2026-04-23 03:46:55,'2026042303465007514404300159,入账,9.14,聚合账户,货款结算入账,小店自卖,'6925538298776944385,'6925538298776944385,'SS76307081122880926820101,2026-04-12 17:01:40,'3812240028327870813,粉色双面蝴蝶结香蕉夹竖夹超温柔!气质高马尾发夹后脑勺发夹发饰,,,普通订单,9.2,0,0,0,0,0,0,0,0,0,0,0,-0.06,0,0,0,0,0,0,是-商品卡免佣,0.44,义乌市衍郝电子商务商行,订单结算
2026-04-23 03:47:02,'2026042303465435666703550159,入账,3.15,聚合账户,货款结算入账,小店自卖,'6952063276955145874,'6952063276955145874,'SS76306462403887478100080,2026-04-14 15:02:30,'3771567680054755718,高颅顶压发箍女宽边网红洋气发箍洗脸防滑发卡百搭头箍高级感发饰,,,普通订单,0.32,0,0,3,0,0,0,0,0,0,0,0,-0.17,0,0,0,0,0,0,,0,义乌市衍郝电子商务商行,订单结算
2026-04-23 03:47:09,'2026042303470234861550420159,入账,5.64,聚合账户,货款结算入账,小店自卖,'6925185751430365065,'6925185751430299529,'SS76307510092413998710028,2026-03-28 14:45:40,'3809955938975219906,学生必备可爱小蜜蜂造型发圈毛绒发圈甜美高弹力耐用头绳卡通头饰,,,普通订单,5.67,0,0,0,0,0,0,0,0,0,0,0,-0.03,0,0,0,0,0,0,是-商品卡免佣,0.22,义乌市衍郝电子商务商行,订单结算
2026-04-23 03:47:09,'2026042303470231341614420159,入账,5.46,聚合账户,货款结算入账,小店自卖,'6925692311701126387,'6925692311701126387,'SS76308172328695895100212,2026-04-18 13:03:59,'3806655969480540177,米菲兔巨显发量香蕉兔子后脑勺盘发百搭少女发饰时尚可爱波点大号,,,普通订单,5.49,0,0,0,0,0,0,0,0,0,0,0,-0.03,0,0,0,0,0,0,是-商品卡免佣,0.22,义乌市衍郝电子商务商行,订单结算
2026-04-23 03:47:09,'2026042303470418372369920159,入账,3.97,聚合账户,货款结算入账,小店自卖,'6925551912249884579,'6925551912249884579,'SS76306419423213658010130,2026-04-12 22:02:42,'3809625164249956608,孕妇专用防滑拖鞋女士夏季家居家室内静音浴室洗澡防臭凉拖鞋外穿,,,普通订单,3.99,0,0,0,0,0,0,0,0,0,0,0,-0.02,0,0,0,0,0,0,是-商品卡免佣,0.15,义乌市衍郝电子商务商行,订单结算
2026-04-23 03:47:09,'2026042303470431965885840159,入账,17.69,聚合账户,货款结算入账,小店自卖,'6925570146088550183,'6925570146088550183,'SS76307252952006986390126,2026-04-13 14:10:20,'3800198492568289686,买一送一爆款凉拖鞋男士夏季情侣2026新款家居防滑防臭厚底拖鞋女,,,普通订单,17.8,0,0,0,0,0,0,0,0,0,0,0,-0.11,0,0,0,0,0,0,是-商品卡免佣,0.81,义乌市衍郝电子商务商行,订单结算
2026-04-23 03:47:09,'2026042303470340813696420159,入账,12.9,聚合账户,货款结算入账,小店自卖,'6952029346143540704,'6952029346143540704,'SS76307367674235625420197,2026-04-12 20:27:31,'3812240028327870813,粉色双面蝴蝶结香蕉夹竖夹超温柔!气质高马尾发夹后脑勺发夹发饰,,,普通订单,12.98,0,0,0,0,0,0,0,0,0,0,0,-0.08,0,0,0,0,0,0,是-商品卡免佣,0.59,义乌市衍郝电子商务商行,订单结算
2026-04-23 03:47:12,'2026042303470621532511100159,入账,4.87,聚合账户,货款结算入账,小店自卖,'6925641982400954214,'6925641982400954214,'SS76306614636191915880194,2026-04-16 21:02:20,'3799023022220903050,2026新款EVA家居室内不臭脚拖鞋男士夏季踩屎感防滑洗澡凉拖女式,,,普通订单,4.9,0,0,0,0,0,0,0,0,0,0,0,-0.03,0,0,0,0,0,0,是-商品卡免佣,0.22,义乌市衍郝电子商务商行,订单结算
2026-04-23 03:47:12,'2026042303470511312829840159,入账,3.36,聚合账户,货款结算入账,小店自卖,'6952134176211343160,'6952134176211343160,'SS76306216888130767510132,2026-04-17 05:32:51,'3812796426258350389,夏天简约随手盘发一字扭扭夹水钻抓夹高级发夹扭扭后脑勺盘发器,,,普通订单,3.38,0,0,0,0,0,0,0,0,0,0,0,-0.02,0,0,0,0,0,0,是-商品卡免佣,0.15,义乌市衍郝电子商务商行,订单结算
2026-04-23 03:47:12,'2026042303470506337170180159,入账,3.75,聚合账户,货款结算入账,小店自卖,'6925644584087223364,'6925644584087223364,'SS76306885692580378030019,2026-04-16 23:01:12,'3812994604597379368,韩系重工藏青色爱心蕾丝四层大肠发圈女高级感超大扎头发头绳头饰,,,普通订单,5.95,0,0,0,0,0,0,0,0,0,0,-2,-0.2,0,0,0,0,0,0,,0,义乌市衍郝电子商务商行,订单结算
2026-04-23 03:47:12,'2026042303470611375249920159,入账,10.74,聚合账户,货款结算入账,小店自卖,'6952017039187186888,'6952017039187186888,'SS76307549609520996030134,2026-04-13 09:20:34,'3783065335524098093,法式公主头赫本抓夹女夏季新款发抓后脑勺大号在成人前额碎发夹子,,,普通订单,10.8,0,0,0,0,0,0,0,0,0,0,0,-0.06,0,0,0,0,0,0,是-商品卡免佣,0.44,义乌市衍郝电子商务商行,订单结算
2026-04-23 03:47:12,'2026042303470502742195600159,入账,5.65,聚合账户,货款结算入账,小店自卖,'6952041257712686677,'6952041257712686677,'SS76307228041493389260216,2026-04-13 10:58:28,'3812796426258350389,夏天简约随手盘发一字扭扭夹水钻抓夹高级发夹扭扭后脑勺盘发器,,,普通订单,5.68,0,0,0,0,0,0,0,0,0,0,0,-0.03,0,0,0,0,0,0,是-商品卡免佣,0.22,义乌市衍郝电子商务商行,订单结算
2026-04-23 03:47:23,'2026042303471704036698000159,入账,8.85,聚合账户,货款结算入账,小店自卖,'6925685204925447658,'6925685204925447658,'SS76308354529893791220101,2026-04-18 05:19:09,'3800198492568289686,买一送一爆款凉拖鞋男士夏季情侣2026新款家居防滑防臭厚底拖鞋女,,,普通订单,8.9,0,0,0,0,0,0,0,0,0,0,0,-0.05,0,0,0,0,0,0,是-商品卡免佣,0.37,义乌市衍郝电子商务商行,订单结算
2026-04-23 03:47:23,'2026042303471738800100240159,入账,8.85,聚合账户,货款结算入账,小店自卖,'6925685277180919230,'6925685277180919230,'SS76308290274185712740164,2026-04-18 06:21:32,'3800198492568289686,买一送一爆款凉拖鞋男士夏季情侣2026新款家居防滑防臭厚底拖鞋女,,,普通订单,8.9,0,0,0,0,0,0,0,0,0,0,0,-0.05,0,0,0,0,0,0,是-商品卡免佣,0.37,义乌市衍郝电子商务商行,订单结算
2026-04-23 03:47:23,'2026042303471808768391780159,入账,4.76,聚合账户,货款结算入账,小店自卖,'6951889162358101992,'6951889162358101992,'SS76307002258285204840188,2026-04-08 10:58:57,'3800918464336625694,韩式少女心花朵发夹女2026新款甜美前额侧边发卡一字夹刘海夹发饰,,,普通订单,4.79,0.8,0,0,0,0,0,0,0,0,0,0,-0.03,0,0,0,0,0,0,是-商品卡免佣,0.22,义乌市衍郝电子商务商行,订单结算
2026-04-23 03:47:23,'2026042303471532853204880159,入账,4.87,聚合账户,货款结算入账,小店自卖,'6925551769472302707,'6925551769472302707,'SS76306427763135329630000,2026-04-12 21:04:33,'3800198492568289686,买一送一爆款凉拖鞋男士夏季情侣2026新款家居防滑防臭厚底拖鞋女,,,普通订单,4.9,0,0,0,0,0,0,0,0,0,0,0,-0.03,0,0,0,0,0,0,是-商品卡免佣,0.22,义乌市衍郝电子商务商行,订单结算
2026-04-23 03:47:25,'2026042303472028273216090159,入账,4.87,聚合账户,货款结算入账,小店自卖,'6952018448437482625,'6952018448437482625,'SS76306671643638177280085,2026-04-12 21:32:58,'3800198492568289686,买一送一爆款凉拖鞋男士夏季情侣2026新款家居防滑防臭厚底拖鞋女,,,普通订单,0.01,0,0,4.89,0,0,0,0,0,0,0,0,-0.03,0,0,0,0,0,0,是-商品卡免佣,0.22,义乌市衍郝电子商务商行,订单结算
2026-04-23 03:47:25,'2026042303472027643420670159,入账,2.46,聚合账户,货款结算入账,小店自卖,'6952053073701574026,'6952053073701574026,'SS76308664968262459300213,2026-04-13 16:30:17,'3807610285351632955,超萌秋天日系毛绒布丁小熊可爱鸭嘴夹大号发夹头饰刘海后脑勺少女,,,普通订单,0.09,0,0,2,0,0,0,0,0.5,0,0,0,-0.13,0,0,0,0,0,0,,0,义乌市衍郝电子商务商行,订单结算
2026-04-23 03:47:25,'2026042303472034268454780159,入账,4.96,聚合账户,货款结算入账,小店自卖,'6952147071782884741,'6952147071782884741,'SS76307641607221089710030,2026-04-17 00:55:07,'3799223154979766395,印花小熊防滑防臭抑菌拖鞋女士2026新款夏季浴室情侣家用凉拖男士,,,普通订单,1.49,0,0,2.5,0,0,0,0,0,1,0,0,-0.03,0,0,0,0,0,0,是-商品卡免佣,0.22,义乌市衍郝电子商务商行,订单结算
2026-04-23 03:47:25,'2026042303472038771269580159,入账,3.32,聚合账户,货款结算入账,小店自卖,'6925556374533472158,'6925556374533472158,'SS76306668549993600340009,2026-04-13 01:08:29,'3812224594438390204,可爱比奇堡丑萌搞怪呆呆鱼迷你发夹碎发前额发饰刘海发卡饰品头饰,,,普通订单,3.34,0,0,0,0,0,0,0,0,0,0,0,-0.02,0,0,0,0,0,0,是-商品卡免佣,0.15,义乌市衍郝电子商务商行,订单结算
2026-04-23 03:47:25,'2026042303471819685053700159,入账,4.64,聚合账户,货款结算入账,小店自卖,'6925681884830137569,'6925681884830137569,'SS76308519022676874300171,2026-04-18 11:05:35,'3813150520667930781,超大蓝色花边褶皱大肠发圈发绳皮筋头饰头绳发饰马尾丸子头发头花,,,普通订单,0.15,0,0,3.52,0,0,0,0,1,0,0,0,-0.03,0,0,0,0,0,0,是-商品卡免佣,0.22,义乌市衍郝电子商务商行,订单结算
2026-04-23 03:47:37,'2026042303473329873444100159,入账,3.7,聚合账户,货款结算入账,小店自卖,'6952120596051400577,'6952120596051400577,'SS76306349935815275780057,2026-04-16 23:07:42,'3811861106843059086,山茶花朵7cm小抓夹花朵抓夹玫瑰花森女小清新夏季花抓夹森系干枯,,,普通订单,0.63,0,0,3.26,0,0,0,0,0,0,0,0,-0.19,0,0,0,0,0,0,,0,义乌市衍郝电子商务商行,订单结算
2026-04-23 03:47:37,'2026042303473234188211710159,入账,5.26,聚合账户,货款结算入账,小店自卖,'6952175678335685992,'6952175678335685992,'SS76308055180735329780096,2026-04-18 13:33:52,'3809625164249956608,孕妇专用防滑拖鞋女士夏季家居家室内静音浴室洗澡防臭凉拖鞋外穿,,,普通订单,5.29,0,0,0,0,0,0,0,0,0,0,0,-0.03,0,0,0,0,0,0,是-商品卡免佣,0.22,义乌市衍郝电子商务商行,订单结算
2026-04-23 03:47:37,'2026042303473301097282650159,入账,3.16,聚合账户,货款结算入账,小店自卖,'6952149365252494767,'6952149365252494767,'SS76307956359810422160216,2026-04-17 07:09:08,'3813892482668822844,新款珍珠精致感百搭一字夹后脑勺高级感扭扭夹大号发量多半扎发卡,,,普通订单,3.18,0,0,0,0,0,0,0,0,0,0,0,-0.02,0,0,0,0,0,0,是-商品卡免佣,0.15,义乌市衍郝电子商务商行,订单结算
2026-04-23 03:47:37,'2026042303473020148721150159,入账,2.87,聚合账户,货款结算入账,小店自卖,'6925549430028533634,'6925549430028533634,'SS76306668605313889430225,2026-04-12 22:43:01,'3806646636424331422,韩风珍珠抓夹小号发夹女后脑勺发卡小巧鲨鱼夹发抓迷你小夹子头饰,,,普通订单,0.01,0,0,2.88,0,0,0,0,0,0,0,0,-0.02,0,0,0,0,0,0,是-商品卡免佣,0.15,义乌市衍郝电子商务商行,订单结算
2026-04-23 03:47:37,'2026042303473320972180980159,入账,3.71,聚合账户,货款结算入账,小店自卖,'6952025016868869942,'6952025016868869942,'SS76307409255764953690198,2026-04-12 22:11:45,'3813158348195496156,公主发夹波点蝴蝶结夹小众香蕉2026新款发饰发卡洋气双排头花夹子,,,普通订单,0.91,0,0,3,0,0,0,0,0,0,0,0,-0.2,0,0,0,0,0,0,,0,义乌市衍郝电子商务商行,订单结算
2026-04-23 03:47:47,'2026042303474118345006600159,入账,1.98,聚合账户,货款结算入账,小店自卖,'6952049606849402794,'6952049606849402794,'SS76306814785403131230222,2026-04-14 10:15:07,'3812796426258350389,夏天简约随手盘发一字扭扭夹水钻抓夹高级发夹扭扭后脑勺盘发器,,,普通订单,0.01,0,0,1.98,0,0,0,0,0,0,0,0,-0.01,0,0,0,0,0,0,是-商品卡免佣,0.07,义乌市衍郝电子商务商行,订单结算
2026-04-23 03:47:50,'2026042303474433310477150159,入账,3.32,聚合账户,货款结算入账,小店自卖,'6952113561562584932,'6952113561562584932,'SS76307286284899169660190,2026-04-16 19:20:21,'3806655969480540177,米菲兔巨显发量香蕉兔子后脑勺盘发百搭少女发饰时尚可爱波点大号,,,普通订单,0.49,0,0,3,0,0,0,0,0,0,0,0,-0.17,0,0,0,0,0,0,,0,义乌市衍郝电子商务商行,订单结算
2026-04-23 03:47:50,'2026042303474314190677000159,入账,1.4,聚合账户,货款结算入账,小店自卖,'6952059960814015657,'6952059960814015657,'SS76298911062391526780182,2026-04-13 20:23:25,'3812240028327870813,粉色双面蝴蝶结香蕉夹竖夹超温柔!气质高马尾发夹后脑勺发夹发饰,,,普通订单,2.4,0,0,0,0,0,0,0,0,0,0,-1,0,0,0,0,0,0,0,是-商品卡免佣,0,义乌市衍郝电子商务商行,订单结算
2026-04-23 03:47:50,'2026042303474339892912790159,入账,4.46,聚合账户,货款结算入账,小店自卖,'6952066217768720276,'6952066217768720276,'SS76306401966070505460134,2026-04-15 00:19:02,'3807610285351632955,超萌秋天日系毛绒布丁小熊可爱鸭嘴夹大号发夹头饰刘海后脑勺少女,,,普通订单,0.01,0,0,4.68,0,0,0,0,0,0,0,0,-0.23,0,0,0,0,0,0,,0,义乌市衍郝电子商务商行,订单结算
2026-04-23 03:47:50,'2026042303474214542484820159,入账,2.24,聚合账户,货款结算入账,小店自卖,'6951998223770260628,'6951998223770260628,'SS76306611289610368090099,2026-04-12 19:56:04,'3809975766641410463,高级感水钻珠珠一字扭扭夹2026新款盘发抓夹后脑勺发量多发夹头饰,,,普通订单,2.25,0,0,0,0,0,0,0,0,0,0,0,-0.01,0,0,0,0,0,0,是-商品卡免佣,0.07,义乌市衍郝电子商务商行,订单结算
2026-04-23 03:47:50,'2026042303474434436879510159,入账,9.52,聚合账户,货款结算入账,小店自卖,'6952014062311446005,'6952014062311446005,'SS76306667349070157220193,2026-04-12 21:11:07,'3624650230500304565,甜美可爱发夹套装粉色甜美套装高弹力发带橡皮皮筋扎头绳大肠圈,,,普通订单,9.58,0,0,0,0,0,0,0,0,0,0,0,-0.06,0,0,0,0,0,0,是-商品卡免佣,0.44,义乌市衍郝电子商务商行,订单结算
2026-04-23 03:47:55,'2026042303475003869783300159,入账,10.83,聚合账户,货款结算入账,小店自卖,'6952026939411207595,'6952026939411207595,'SS76307410375112630260022,2026-04-12 17:00:11,'3813152773302780175,柔软泡泡纱韩国粉色碎花大肠发圈超大号高级仙气丸子慵懒头绳发饰,,,普通订单,10.9,0,0,0,0,0,0,0,0,0,0,0,-0.07,0,0,0,0,0,0,是-商品卡免佣,0.51,义乌市衍郝电子商务商行,订单结算
2026-04-23 03:47:55,'2026042303475005632046590159,入账,4.87,聚合账户,货款结算入账,小店自卖,'6925561453463568090,'6925561453463568090,'SS76307242133936706910176,2026-04-13 10:48:20,'3800198492568289686,买一送一爆款凉拖鞋男士夏季情侣2026新款家居防滑防臭厚底拖鞋女,,,普通订单,0.01,0,0,4.89,0,0,0,0,0,0,0,0,-0.03,0,0,0,0,0,0,是-商品卡免佣,0.22,义乌市衍郝电子商务商行,订单结算
2026-04-23 03:47:55,'2026042303474929206126620159,入账,4.83,聚合账户,货款结算入账,小店自卖,'6952005126616454690,'6952005126616454690,'SS76306666664180127240002,2026-04-12 19:51:42,'3754925109299773553,新款韩国水钻彩色水晶手链爆款洋气发圈头绳女发绳高级感皮筋马尾,,,普通订单,4.86,0,0,0,0,0,0,0,0,0,0,0,-0.03,0,0,0,0,0,0,是-商品卡免佣,0.22,义乌市衍郝电子商务商行,订单结算
2026-04-23 03:47:55,'2026042303475034908902910159,入账,5.19,聚合账户,货款结算入账,小店自卖,'6925567630911307459,'6925567630911307459,'SS76307376947502659020080,2026-04-13 14:40:28,'3768979814174818449,2025新款气质大号盘发鸭嘴夹春夏发卡蝴蝶大号在成人抓夹碎发夹子,,,普通订单,5.22,0,0,0,0,0,0,0,0,0,0,0,-0.03,0,0,0,0,0,0,是-商品卡免佣,0.22,义乌市衍郝电子商务商行,订单结算
2026-04-23 03:47:55,'2026042303474938683445950159,入账,2.87,聚合账户,货款结算入账,小店自卖,'6952010077180139379,'6952010077180139379,'SS76306662057784448150139,2026-04-13 02:21:28,'3799616810156949953,绒面宽边简约高颅顶发箍秋冬网红发饰女高级感洗脸头箍发卡发带潮,,,普通订单,2.89,0,0,0,0,0,0,0,0,0,0,0,-0.02,0,0,0,0,0,0,是-商品卡免佣,0.15,义乌市衍郝电子商务商行,订单结算
2026-04-23 03:47:55,'2026042303475003911562750159,入账,4.74,聚合账户,货款结算入账,小店自卖,'6925540223364923068,'6925540223364923068,'SS76306422531915167150110,2026-04-12 20:08:00,'3809625164249956608,孕妇专用防滑拖鞋女士夏季家居家室内静音浴室洗澡防臭凉拖鞋外穿,,,普通订单,1.99,0,0,3,0,0,0,0,0,0,0,0,-0.25,0,0,0,0,0,0,,0,义乌市衍郝电子商务商行,订单结算
2026-04-23 03:47:55,'2026042303475014518525540159,入账,4.87,聚合账户,货款结算入账,小店自卖,'6925548950293151014,'6925548950293151014,'SS76306425091400010740127,2026-04-12 20:03:41,'3800198492568289686,买一送一爆款凉拖鞋男士夏季情侣2026新款家居防滑防臭厚底拖鞋女,,,普通订单,3.3,0,0,1.6,0,0,0,0,0,0,0,0,-0.03,0,0,0,0,0,0,是-商品卡免佣,0.22,义乌市衍郝电子商务商行,订单结算
2026-04-23 03:47:55,'2026042303475034270579710159,入账,4.65,聚合账户,货款结算入账,小店自卖,'6925559726630337892,'6925559726630337892,'SS76307238747582673920208,2026-04-13 13:11:43,'3800198492568289686,买一送一爆款凉拖鞋男士夏季情侣2026新款家居防滑防臭厚底拖鞋女,,,普通订单,4.9,0,0,0,0,0,0,0,0,0,0,0,-0.25,0,0,0,0,0,0,,0,义乌市衍郝电子商务商行,订单结算
2026-04-23 03:47:55,'2026042303475008734316030159,入账,8.85,聚合账户,货款结算入账,小店自卖,'6925559068125985795,'6925559068125985795,'SS76307389059983979870199,2026-04-13 09:05:35,'3800198492568289686,买一送一爆款凉拖鞋男士夏季情侣2026新款家居防滑防臭厚底拖鞋女,,,普通订单,8.9,0,0,0,0,0,0,0,0,0,0,0,-0.05,0,0,0,0,0,0,是-商品卡免佣,0.37,义乌市衍郝电子商务商行,订单结算
2026-04-23 03:47:55,'2026042303474913087050600159,入账,5.65,聚合账户,货款结算入账,小店自卖,'6952021911219017306,'6952021911219017306,'SS76307015413854049380141,2026-04-13 11:34:20,'3812796426258350389,夏天简约随手盘发一字扭扭夹水钻抓夹高级发夹扭扭后脑勺盘发器,,,普通订单,5.68,0,0,0,0,0,0,0,0,0,0,0,-0.03,0,0,0,0,0,0,是-商品卡免佣,0.22,义乌市衍郝电子商务商行,订单结算
2026-04-23 03:48:12,'2026042303480541283958020159,入账,6.51,聚合账户,货款结算入账,小店自卖,'6925563064010833735,'6925563064010833735,'SS76307254761393037220135,2026-04-13 13:27:51,'3811102963569655948,春夏撞色蝴蝶结发夹发卡女后脑勺2026新款气质大号盘发鸭嘴夹发饰,,,普通订单,6.55,0,0,0,0,0,0,0,0,0,0,0,-0.04,0,0,0,0,0,0,是-商品卡免佣,0.29,义乌市衍郝电子商务商行,订单结算
2026-04-23 03:48:12,'2026042303480531557391740159,入账,2.87,聚合账户,货款结算入账,小店自卖,'6925547921952636254,'6925547921952636254,'SS76306997574262295300132,2026-04-13 10:35:58,'3806646636424331422,韩风珍珠抓夹小号发夹女后脑勺发卡小巧鲨鱼夹发抓迷你小夹子头饰,,,普通订单,2.89,0,0,0,0,0,0,0,0,0,0,0,-0.02,0,0,0,0,0,0,是-商品卡免佣,0.15,义乌市衍郝电子商务商行,订单结算
2026-04-23 03:48:12,'2026042303480806436337100159,入账,3.56,聚合账户,货款结算入账,小店自卖,'6925651180605242997,'6925651180605242997,'SS76306600071228625920113,2026-04-16 21:56:53,'3680653646250508599,蝴蝶结最新款丝巾发带绑发飘带发箍洋气女扎头发高级感丝带头饰,,,普通订单,3.58,0,0,0,0,0,0,0,0,0,0,0,-0.02,0,0,0,0,0,0,是-商品卡免佣,0.15,义乌市衍郝电子商务商行,订单结算
2026-04-23 03:48:12,'2026042303480418804290830159,入账,6.56,聚合账户,货款结算入账,小店自卖,'6925565324686556600,'6925565324686556600,'SS76307377124208645500054,2026-04-13 14:39:39,'3812240028327870813,粉色双面蝴蝶结香蕉夹竖夹超温柔!气质高马尾发夹后脑勺发夹发饰,,,普通订单,0.01,0,0,0,0,0,0,0,6.59,0,0,0,-0.04,0,0,0,0,0,0,是-商品卡免佣,0.29,义乌市衍郝电子商务商行,订单结算
2026-04-23 03:48:12,'2026042303480611836951540159,入账,3.89,聚合账户,货款结算入账,小店自卖,'6925690614034693891,'6925690614034693891,'SS76307869159979095540152,2026-04-18 13:42:46,'3813158348195496156,公主发夹波点蝴蝶结夹小众香蕉2026新款发饰发卡洋气双排头花夹子,,,普通订单,0.01,0,0,3.9,0,0,0,0,0,0,0,0,-0.02,0,0,0,0,0,0,是-商品卡免佣,0.15,义乌市衍郝电子商务商行,订单结算
2026-04-23 03:48:15,'2026042303481138631224820159,入账,24.41,聚合账户,货款结算入账,小店自卖,'6925548745287367808,'6925548745287236736,'SS76306666104453698940178,2026-04-12 18:30:19,'3812244340491813699,新款密齿香蕉韩系法式波点蕾丝蝴蝶结后脑勺盘发发夹发卡马尾发饰,,,普通订单,24.56,0,0,0,0,0,0,0,0,0,0,0,-0.15,0,0,0,0,0,0,是-商品卡免佣,1.1,义乌市衍郝电子商务商行,订单结算
2026-04-23 03:48:15,'2026042303481112385165060159,入账,5.86,聚合账户,货款结算入账,小店自卖,'6925557746731810166,'6925557746731810166,'SS76307549648560174140169,2026-04-12 18:30:29,'3783078074455819331,法式黑色缎面蝴蝶结抓夹女高级感2025新款大号在成人前额碎发夹子,,,普通订单,5.9,0,0,0,0,0,0,0,0,0,0,0,-0.04,0,0,0,0,0,0,是-商品卡免佣,0.29,义乌市衍郝电子商务商行,订单结算
2026-04-23 03:48:15,'2026042303481127142889460159,入账,4.52,聚合账户,货款结算入账,小店自卖,'6925683177638756094,'6925683177638756094,'SS76308253706947141530194,2026-04-17 22:37:34,'3807217918840799504,新款百搭2026可爱小狗香蕉夹竖夹发夹脑勺扭扭夹高马尾抓夹高级感,,,普通订单,4.55,0,0,0,0,0,0,0,0,0,0,0,-0.03,0,0,0,0,0,0,是-商品卡免佣,0.22,义乌市衍郝电子商务商行,订单结算
2026-04-23 03:48:15,'2026042303481113382126340159,入账,5.01,聚合账户,货款结算入账,小店自卖,'6925658301398678848,'6925658301398547776,'SS76308405982876961470071,2026-04-17 11:49:55,'3780818006670704853,蝴蝶结鸭嘴夹高级感2025新款发夹女半扎一大号在成人前额碎发夹子,,,普通订单,4.09,0,0,0,0,0,0,0,0,0.95,0,0,-0.03,0,0,0,0,0,0,是-商品卡免佣,0.22,义乌市衍郝电子商务商行,订单结算
2026-04-23 03:48:15,'2026042303480821152445500159,入账,10.83,聚合账户,货款结算入账,小店自卖,'6952119764881839940,'6952119764881839940,'SS76308067814258120030013,2026-04-16 14:07:07,'3813152773302780175,柔软泡泡纱韩国粉色碎花大肠发圈超大号高级仙气丸子慵懒头绳发饰,,,普通订单,10.9,0,0,0,0,0,0,0,0,0,0,0,-0.07,0,0,0,0,0,0,是-商品卡免佣,0.51,义乌市衍郝电子商务商行,订单结算
2026-04-23 03:48:26,'2026042303481841633428990159,入账,3.38,聚合账户,货款结算入账,小店自卖,'6925538478295973326,'6925538478295973326,'SS76306666310291625300249,2026-04-12 18:14:33,'3812240028327870813,粉色双面蝴蝶结香蕉夹竖夹超温柔!气质高马尾发夹后脑勺发夹发饰,,,普通订单,3.4,0,0,0,0,0,0,0,0,0,0,0,-0.02,0,0,0,0,0,0,是-商品卡免佣,0.15,义乌市衍郝电子商务商行,订单结算
2026-04-23 03:48:26,'2026042303482134078275100159,入账,4.87,聚合账户,货款结算入账,小店自卖,'6952040857361257771,'6952040857361192235,'SS76306428808303785590211,2026-04-13 03:07:37,'3800198492568289686,买一送一爆款凉拖鞋男士夏季情侣2026新款家居防滑防臭厚底拖鞋女,,,普通订单,4.9,0,0,0,0,0,0,0,0,0,0,0,-0.03,0,0,0,0,0,0,是-商品卡免佣,0.22,义乌市衍郝电子商务商行,订单结算
2026-04-23 03:48:26,'2026042303482101427707290159,入账,2.88,聚合账户,货款结算入账,小店自卖,'6952127668785452848,'6952127668785452848,'SS76307436321233636350166,2026-04-17 10:47:30,'3807956255797018943,韩国精致气质炫彩侧边夹2026年新款发夹高端夹顶刘海鸭嘴高级夹子,,,普通订单,2.9,0,0,0,0,0,0,0,0,0,0,0,-0.02,0,0,0,0,0,0,是-商品卡免佣,0.15,义乌市衍郝电子商务商行,订单结算
2026-04-23 03:48:26,'2026042303482119175181180159,入账,5.48,聚合账户,货款结算入账,小店自卖,'6925549733767970761,'6925549733767970761,'SS76306667939721219020194,2026-04-13 01:39:09,'3712259868460187975,气质抓夹大号发量多2024新款爆款发夹女后脑勺鲨鱼夹高级感头饰,,,普通订单,5.51,0,0,0,0,0,0,0,0,0,0,0,-0.03,0,0,0,0,0,0,是-商品卡免佣,0.22,义乌市衍郝电子商务商行,订单结算
2026-04-23 03:48:26,'2026042303482136332838780159,入账,2.87,聚合账户,货款结算入账,小店自卖,'6925560964065295707,'6925560964065295707,'SS76306669181227343760099,2026-04-13 07:28:52,'3752321970432246133,宫廷发箍设计波西米亚风发箍宽边网红洋气气质头箍红色头饰发饰,,,普通订单,2.89,0,0,0,0,0,0,0,0,0,0,0,-0.02,0,0,0,0,0,0,是-商品卡免佣,0.15,义乌市衍郝电子商务商行,订单结算
2026-04-23 03:48:34,'2026042303482825753850970159,入账,9.66,聚合账户,货款结算入账,小店自卖,'6925574426140966467,'6925574426140966467,'SS76308429046387676430058,2026-04-13 15:16:46,'3704050218753458279,超仙头饰发圈发卡最新款爆款抓夹女新款发夹洋气鲨鱼夹高级感抓夹,,,普通订单,9.72,0,0,0,0,0,0,0,0,0,0,0,-0.06,0,0,0,0,0,0,是-商品卡免佣,0.44,义乌市衍郝电子商务商行,订单结算
2026-04-23 03:48:34,'2026042303482901190507980159,入账,7.45,聚合账户,货款结算入账,小店自卖,'6925578656893337035,'6925578656893074891,'SS76307284441243978650249,2026-04-14 11:20:11,'3812795676727836686,趣味黑皮可爱KT猫咪刘海贴碎发整理神器魔术贴无痕发夹女头饰发饰,,,普通订单,7.5,0,0,0,0,0,0,0,0,0,0,0,-0.05,0,0,0,0,0,0,是-商品卡免佣,0.37,义乌市衍郝电子商务商行,订单结算
2026-04-23 03:48:34,'2026042303483002643113050159,入账,4.96,聚合账户,货款结算入账,小店自卖,'6925548392218721718,'6925548392218721718,'SS76306423216554811030018,2026-04-12 15:08:30,'3809625164249956608,孕妇专用防滑拖鞋女士夏季家居家室内静音浴室洗澡防臭凉拖鞋外穿,,,普通订单,4.99,0,0,0,0,0,0,0,0,0,0,0,-0.03,0,0,0,0,0,0,是-商品卡免佣,0.22,义乌市衍郝电子商务商行,订单结算
2026-04-23 03:48:34,'2026042303482611508290940159,入账,5.56,聚合账户,货款结算入账,小店自卖,'6952038538390345022,'6952038538390345022,'SS76306668391687457280203,2026-04-12 23:27:49,'3769719102516625704,新中式超仙山茶花扭扭夹发夹女2025新款后大号在成人前额碎发夹子,,,普通订单,5.59,0,0,0,0,0,0,0,0,0,0,0,-0.03,0,0,0,0,0,0,是-商品卡免佣,0.22,义乌市衍郝电子商务商行,订单结算
2026-04-23 03:48:34,'2026042303482915141647450159,入账,3.36,聚合账户,货款结算入账,小店自卖,'6952002721881134473,'6952002721881134473,'SS76306604236285873020163,2026-04-12 15:41:34,'3812796426258350389,夏天简约随手盘发一字扭扭夹水钻抓夹高级发夹扭扭后脑勺盘发器,,,普通订单,3.38,0,0,0,0,0,0,0,0,0,0,0,-0.02,0,0,0,0,0,0,是-商品卡免佣,0.15,义乌市衍郝电子商务商行,订单结算
2026-04-23 03:49:38,'2026042303493237887513980159,入账,3.59,聚合账户,货款结算入账,小店自卖,'6925560924911665121,'6925560924911665121,'SS76306668106242012580235,2026-04-13 06:40:02,'3771251637243478052,新中式珠珠扭扭夹不硌头2025新款高端后脑勺盘发夹子抓夹百搭发饰,,,普通订单,3.61,0.4,0,0,0,0,0,0,0,0,0,0,-0.02,0,0,0,0,0,0,是-商品卡免佣,0.15,义乌市衍郝电子商务商行,订单结算
2026-04-23 03:49:38,'2026042303493305789619200159,入账,6.37,聚合账户,货款结算入账,小店自卖,'6952022437901374841,'6952022437901374841,'SS76306666783007053160012,2026-04-12 17:03:18,'3752323576548688241,中国风孔雀盘发器女生古典旗袍发饰丸子懒人高级感饰品优雅发夹女,,,普通订单,6.41,0,0,0,0,0,0,0,0,0,0,0,-0.04,0,0,0,0,0,0,是-商品卡免佣,0.29,义乌市衍郝电子商务商行,订单结算
2026-04-23 03:49:38,'2026042303493330913661900159,入账,4.18,聚合账户,货款结算入账,小店自卖,'6925549926209256503,'6925549926209256503,'SS76306668138225830780038,2026-04-13 07:54:25,'3812796426258350389,夏天简约随手盘发一字扭扭夹水钻抓夹高级发夹扭扭后脑勺盘发器,,,普通订单,0.01,0,0,4.2,0,0,0,0,0,0,0,0,-0.03,0,0,0,0,0,0,是-商品卡免佣,0.22,义乌市衍郝电子商务商行,订单结算
2026-04-23 03:49:38,'2026042303493204213806170159,入账,4,聚合账户,货款结算入账,小店自卖,'6925546570700455529,'6925546570700455529,'SS76306666781724188670013,2026-04-12 19:45:48,'3812240028327870813,粉色双面蝴蝶结香蕉夹竖夹超温柔!气质高马尾发夹后脑勺发夹发饰,,,普通订单,0.5,0,0,3.52,0,0,0,0,0,0,0,0,-0.02,0,0,0,0,0,0,是-商品卡免佣,0.15,义乌市衍郝电子商务商行,订单结算
2026-04-23 03:49:38,'2026042303493107392507150159,入账,5.65,聚合账户,货款结算入账,小店自卖,'6925558666539007085,'6925558666539007085,'SS76307406455667471760190,2026-04-13 00:28:32,'3812794010364412322,趣味黑皮kitty猫魔术贴超可爱猫咪整理碎发刘海贴魔术贴发卡化妆,,,普通订单,5.68,0,0,0,0,0,0,0,0,0,0,0,-0.03,0,0,0,0,0,0,是-商品卡免佣,0.22,义乌市衍郝电子商务商行,订单结算
2026-04-23 03:49:38,'2026042303493339221988340159,入账,3.36,聚合账户,货款结算入账,小店自卖,'6925571906774072336,'6925571906774072336,'SS76307375503108180880104,2026-04-13 10:47:01,'3812796426258350389,夏天简约随手盘发一字扭扭夹水钻抓夹高级发夹扭扭后脑勺盘发器,,,普通订单,3.38,0,0,0,0,0,0,0,0,0,0,0,-0.02,0,0,0,0,0,0,是-商品卡免佣,0.15,义乌市衍郝电子商务商行,订单结算
2026-04-23 03:49:38,'2026042303493408643712380159,入账,2.88,聚合账户,货款结算入账,小店自卖,'6925567672426593430,'6925567672426593430,'SS76307409430718057150137,2026-04-13 15:02:27,'3809265632504053775,韩系波点椭圆刘海插梳碎发整理神器发插女后脑勺倒插梳子发卡发饰,,,普通订单,0.9,0,0,2,0,0,0,0,0,0,0,0,-0.02,0,0,0,0,0,0,是-商品卡免佣,0.15,义乌市衍郝电子商务商行,订单结算
2026-04-23 03:49:38,'2026042303493206600461180159,入账,2.67,聚合账户,货款结算入账,小店自卖,'6925561098706517382,'6925561098706517382,'SS76306680443407119510199,2026-04-13 08:45:05,'3812988718369865893,可爱小熊眼镜2026新款发卡发夹女边夹侧边鸭嘴夹前额刘海夹子头饰,,,普通订单,2.69,0,0,0,0,0,0,0,0,0,0,0,-0.02,0,0,0,0,0,0,是-商品卡免佣,0.15,义乌市衍郝电子商务商行,订单结算
2026-04-23 03:49:38,'2026042303493308984540420159,入账,4.96,聚合账户,货款结算入账,小店自卖,'6952016414770730622,'6952016414770730622,'SS76306418984390046990228,2026-04-12 21:44:39,'3809625164249956608,孕妇专用防滑拖鞋女士夏季家居家室内静音浴室洗澡防臭凉拖鞋外穿,,,普通订单,1.19,0,0,3.8,0,0,0,0,0,0,0,0,-0.03,0,0,0,0,0,0,是-商品卡免佣,0.22,义乌市衍郝电子商务商行,订单结算
2026-04-23 03:49:38,'2026042303493103405460820159,入账,6.41,聚合账户,货款结算入账,小店自卖,'6952085862470850316,'6952085862470850316,'SS76306637148622566900117,2026-04-14 20:22:45,'3813152773302780175,柔软泡泡纱韩国粉色碎花大肠发圈超大号高级仙气丸子慵懒头绳发饰,,,普通订单,3.75,0,0,3,0,0,0,0,0,0,0,0,-0.34,0,0,0,0,0,0,,0,义乌市衍郝电子商务商行,订单结算
2026-04-23 03:49:38,'2026042303493136667561480159,入账,4.44,聚合账户,货款结算入账,小店自卖,'6952025857977750643,'6952025857977750643,'SS76307050025246233700167,2026-04-13 12:25:00,'3773439394741092725,新款鸭嘴夹蝴蝶结发卡高级感盘发发夹后脑勺气质洋气盘发大号夹子,,,普通订单,2.47,0,0,2,0,0,0,0,0,0,0,0,-0.03,0,0,0,0,0,0,是-商品卡免佣,0.22,义乌市衍郝电子商务商行,订单结算
2026-04-23 03:49:38,'2026042303493408874893310159,入账,8.45,聚合账户,货款结算入账,小店自卖,'6925685567235915376,'6925685567235915376,'SS76307986927480512410109,2026-04-18 09:28:09,'3800198492568289686,买一送一爆款凉拖鞋男士夏季情侣2026新款家居防滑防臭厚底拖鞋女,,,普通订单,8.9,0,0,0,0,0,0,0,0,0,0,0,-0.45,0,0,0,0,0,0,,0,义乌市衍郝电子商务商行,订单结算
2026-04-23 03:49:38,'2026042303493424801653860159,入账,3.06,聚合账户,货款结算入账,小店自卖,'6952024813158208712,'6952024813158208712,'SS76306657890456870670187,2026-04-12 20:32:30,'3806648290204844347,秋冬复古ins彩虹格子蝴蝶结大肠头绳发圈丸子2026马尾发绳新款女,,,普通订单,0.01,0,0,3.07,0,0,0,0,0,0,0,0,-0.02,0,0,0,0,0,0,是-商品卡免佣,0.15,义乌市衍郝电子商务商行,订单结算
2026-04-23 03:49:38,'2026042303493239394189310159,入账,4.75,聚合账户,货款结算入账,小店自卖,'6925567182613151029,'6925567182613151029,'SS76306998392279206500021,2026-04-13 10:52:12,'3752324139441062001,多款造型男士发箍潮男隐形压发背头波浪发窟头箍韩红色蝴蝶结发饰,,,普通订单,4.78,0,0,0,0,0,0,0,0,0,0,0,-0.03,0,0,0,0,0,0,是-商品卡免佣,0.22,义乌市衍郝电子商务商行,订单结算
2026-04-23 03:49:38,'2026042303493029877537630159,入账,6.64,聚合账户,货款结算入账,小店自卖,'6952043171916158337,'6952043171916158337,'SS76306671498999280990166,2026-04-13 00:09:36,'3812438526650351850,韩版网纱蝴蝶结抓夹2026新款水晶刘海夹侧边夹气质优雅公主夹蓬松,,,普通订单,6.68,0,0,0,0,0,0,0,0,0,0,0,-0.04,0,0,0,0,0,0,是-商品卡免佣,0.29,义乌市衍郝电子商务商行,订单结算
2026-04-23 03:49:41,'2026042303493230421980420159,入账,8.45,聚合账户,货款结算入账,小店自卖,'6952085772610704725,'6952085772610704725,'SS76306338472571706970143,2026-04-14 19:23:21,'3800198492568289686,买一送一爆款凉拖鞋男士夏季情侣2026新款家居防滑防臭厚底拖鞋女,,,普通订单,6.23,0,0,2.67,0,0,0,0,0,0,0,0,-0.45,0,0,0,0,0,0,,0,义乌市衍郝电子商务商行,订单结算
2026-04-23 03:49:41,'2026042303493536960504830159,入账,6.31,聚合账户,货款结算入账,小店自卖,'6925669495246453765,'6925669495246453765,'SS76308221770506409220225,2026-04-17 16:04:50,'3810919823941174195,中式复古洋气多层小蛮腰褶皱印花肥肠圈高端水墨皮筋耐用新款发圈,,,普通订单,4.55,0,0,1.8,0,0,0,0,0,0,0,0,-0.04,0,0,0,0,0,0,是-商品卡免佣,0.29,义乌市衍郝电子商务商行,订单结算
2026-04-23 03:49:41,'2026042303493607187668860159,入账,5.55,聚合账户,货款结算入账,小店自卖,'6925553613526695782,'6925553613526695782,'SS76306666114852298340205,2026-04-12 17:31:08,'3809975766641410463,高级感水钻珠珠一字扭扭夹2026新款盘发抓夹后脑勺发量多发夹头饰,,,普通订单,5.58,0,0,0,0,0,0,0,0,0,0,0,-0.03,0,0,0,0,0,0,是-商品卡免佣,0.22,义乌市衍郝电子商务商行,订单结算
2026-04-23 03:49:41,'2026042303493809353469940159,入账,2.24,聚合账户,货款结算入账,小店自卖,'6925552743607598937,'6925552743607598937,'SS76307017591699748190179,2026-04-13 09:16:55,'3809975766641410463,高级感水钻珠珠一字扭扭夹2026新款盘发抓夹后脑勺发量多发夹头饰,,,普通订单,2.25,0,0,0,0,0,0,0,0,0,0,0,-0.01,0,0,0,0,0,0,是-商品卡免佣,0.07,义乌市衍郝电子商务商行,订单结算
2026-04-23 03:49:41,'2026042303493729581685860159,入账,5.92,聚合账户,货款结算入账,小店自卖,'6925538605845937527,'6925538605845937527,'SS76306666602369518340075,2026-04-12 19:21:40,'3812240028327870813,粉色双面蝴蝶结香蕉夹竖夹超温柔!气质高马尾发夹后脑勺发夹发饰,,,普通订单,5.96,0,0,0,0,0,0,0,0,0,0,0,-0.04,0,0,0,0,0,0,是-商品卡免佣,0.29,义乌市衍郝电子商务商行,订单结算
2026-04-23 03:49:49,'2026042303494523118323300159,入账,8.85,聚合账户,货款结算入账,小店自卖,'6925557374466817123,'6925557374466817123,'SS76307389747349140820240,2026-04-13 12:46:42,'3800198492568289686,买一送一爆款凉拖鞋男士夏季情侣2026新款家居防滑防臭厚底拖鞋女,,,普通订单,8.9,0,0,0,0,0,0,0,0,0,0,0,-0.05,0,0,0,0,0,0,是-商品卡免佣,0.37,义乌市衍郝电子商务商行,订单结算
2026-04-23 03:49:49,'2026042303494308697656820159,入账,1.79,聚合账户,货款结算入账,小店自卖,'6925670523315518843,'6925670523315518843,'SS76308137800369444030016,2026-04-17 23:50:23,'3767675591411761485,显白牛油果绿系列小丝巾缠包模特搭配装饰品丝带绑红色蝴蝶结发饰,,,普通订单,1.64,0.5,0,0.16,0,0,0,0,0,0,0,0,-0.01,0,0,0,0,0,0,是-商品卡免佣,0.07,义乌市衍郝电子商务商行,订单结算
2026-04-23 03:49:49,'2026042303494315564311500159,入账,2.87,聚合账户,货款结算入账,小店自卖,'6925554414113357705,'6925554414113357705,'SS76306668272236508560032,2026-04-12 22:35:57,'3752323855864168814,飘带齿梳发箍波浪高颅顶高颅顶宫廷编发发箍女复红色蝴蝶结发饰,,,普通订单,2.89,0,0,0,0,0,0,0,0,0,0,0,-0.02,0,0,0,0,0,0,是-商品卡免佣,0.15,义乌市衍郝电子商务商行,订单结算
2026-04-23 03:49:49,'2026042303494327187617620159,入账,4.53,聚合账户,货款结算入账,小店自卖,'6952033464258466923,'6952033464258466923,'SS76307537709512788740183,2026-04-13 20:28:48,'3809975766641410463,高级感水钻珠珠一字扭扭夹2026新款盘发抓夹后脑勺发量多发夹头饰,,,普通订单,4.56,0,0,0,0,0,0,0,0,0,0,0,-0.03,0,0,0,0,0,0,是-商品卡免佣,0.22,义乌市衍郝电子商务商行,订单结算
2026-04-23 03:49:49,'2026042303494520478694780159,入账,4.96,聚合账户,货款结算入账,小店自卖,'6952045894442292332,'6952045894442292332,'SS76307239121587410190034,2026-04-13 11:35:28,'3809625164249956608,孕妇专用防滑拖鞋女士夏季家居家室内静音浴室洗澡防臭凉拖鞋外穿,,,普通订单,4.99,0,0,0,0,0,0,0,0,0,0,0,-0.03,0,0,0,0,0,0,是-商品卡免佣,0.22,义乌市衍郝电子商务商行,订单结算
2026-04-23 03:49:49,'2026042303494331592617340159,入账,4.96,聚合账户,货款结算入账,小店自卖,'6925548138716692376,'6925548138716692376,'SS76307239172332590430129,2026-04-13 12:35:44,'3809625164249956608,孕妇专用防滑拖鞋女士夏季家居家室内静音浴室洗澡防臭凉拖鞋外穿,,,普通订单,4.99,0,0,0,0,0,0,0,0,0,0,0,-0.03,0,0,0,0,0,0,是-商品卡免佣,0.22,义乌市衍郝电子商务商行,订单结算
2026-04-23 03:49:49,'2026042303494441495436900159,入账,2.96,聚合账户,货款结算入账,小店自卖,'6925538523978301184,'6925538523978301184,'SS76306666516638599940101,2026-04-12 18:18:38,'3812240028327870813,粉色双面蝴蝶结香蕉夹竖夹超温柔!气质高马尾发夹后脑勺发夹发饰,,,普通订单,2.98,0,0,0,0,0,0,0,0,0,0,0,-0.02,0,0,0,0,0,0,是-商品卡免佣,0.15,义乌市衍郝电子商务商行,订单结算
2026-04-23 03:49:49,'2026042303494133854758900159,入账,9.14,聚合账户,货款结算入账,小店自卖,'6925562722179841147,'6925562722179841147,'SS76307367769738124860176,2026-04-13 10:24:13,'3812240028327870813,粉色双面蝴蝶结香蕉夹竖夹超温柔!气质高马尾发夹后脑勺发夹发饰,,,普通订单,9.2,0,0,0,0,0,0,0,0,0,0,0,-0.06,0,0,0,0,0,0,是-商品卡免佣,0.44,义乌市衍郝电子商务商行,订单结算
2026-04-23 03:49:49,'2026042303494327186306900159,入账,5.26,聚合账户,货款结算入账,小店自卖,'6952132939489285125,'6952132939489285125,'SS76305451255431990180056,2026-04-16 13:12:16,'3809625164249956608,孕妇专用防滑拖鞋女士夏季家居家室内静音浴室洗澡防臭凉拖鞋外穿,,,普通订单,5.29,0,0,0,0,0,0,0,0,0,0,0,-0.03,0,0,0,0,0,0,是-商品卡免佣,0.22,义乌市衍郝电子商务商行,订单结算
2026-04-23 03:49:49,'2026042303494309274045700159,入账,3.23,聚合账户,货款结算入账,小店自卖,'6925559115440094309,'6925559115440094309,'SS76307372935736696410132,2026-04-13 09:14:18,'3809975766641410463,高级感水钻珠珠一字扭扭夹2026新款盘发抓夹后脑勺发量多发夹头饰,,,普通订单,3.25,0,0,0,0,0,0,0,0,0,0,0,-0.02,0,0,0,0,0,0,是-商品卡免佣,0.15,义乌市衍郝电子商务商行,订单结算
2026-04-23 03:49:50,'2026042303494630964129550159,入账,3.3,聚合账户,货款结算入账,小店自卖,'6925545745090248166,'6925545745090248166,'SS76306999643188434020202,2026-04-13 08:46:42,'3771567680054755718,高颅顶压发箍女宽边网红洋气发箍洗脸防滑发卡百搭头箍高级感发饰,,,普通订单,3.32,0,0,0,0,0,0,0,0,0,0,0,-0.02,0,0,0,0,0,0,是-商品卡免佣,0.15,义乌市衍郝电子商务商行,订单结算
2026-04-23 03:49:51,'2026042303494419303303870159,入账,5.22,聚合账户,货款结算入账,小店自卖,'6952045879515813862,'6952045879515813862,'SS76306997234685053940093,2026-04-13 11:13:10,'3659542706419563442,在逃公主大蝴蝶结抓夹马尾黑色双面发饰鲨鱼夹子发夹女后脑勺发卡,,,普通订单,5.25,0,0,0,0,0,0,0,0,0,0,0,-0.03,0,0,0,0,0,0,是-商品卡免佣,0.22,义乌市衍郝电子商务商行,订单结算
2026-04-23 03:49:51,'2026042303494528495219300159,入账,6.89,聚合账户,货款结算入账,小店自卖,'6925540128474430739,'6925540128474430739,'SS76306666175085453310197,2026-04-12 19:32:12,'3768979814174818449,2025新款气质大号盘发鸭嘴夹春夏发卡蝴蝶大号在成人抓夹碎发夹子,,,普通订单,6.93,0,0,0,0,0,0,0,0,0,0,0,-0.04,0,0,0,0,0,0,是-商品卡免佣,0.29,义乌市衍郝电子商务商行,订单结算
2026-04-23 03:49:51,'2026042303494529159265790159,入账,3.69,聚合账户,货款结算入账,小店自卖,'6925557199509552380,'6925557199509552380,'SS76307013905616614860246,2026-04-13 11:36:45,'3808676586262233548,复古高级绑发发夹·豹纹蝴蝶结2026新款发饰秋冬女一字夹大号抓夹,,,普通订单,3.71,0,0,0,0,0,0,0,0,0,0,0,-0.02,0,0,0,0,0,0,是-商品卡免佣,0.15,义乌市衍郝电子商务商行,订单结算
2026-04-23 03:49:51,'2026042303494531473508260159,入账,4.96,聚合账户,货款结算入账,小店自卖,'6952002823763334669,'6952002823763334669,'SS76306423316581135790008,2026-04-12 17:10:15,'3809625164249956608,孕妇专用防滑拖鞋女士夏季家居家室内静音浴室洗澡防臭凉拖鞋外穿,,,普通订单,4.99,0,0,0,0,0,0,0,0,0,0,0,-0.03,0,0,0,0,0,0,是-商品卡免佣,0.22,义乌市衍郝电子商务商行,订单结算
2026-04-23 03:49:52,'2026042303494709861860340159,入账,3.97,聚合账户,货款结算入账,小店自卖,'6952015918892979287,'6952015918892979287,'SS76306422064449953700011,2026-04-12 17:25:00,'3809627569339367610,印花小熊防滑拖鞋女士家居室内2025新款夏季洗澡家用eva静音凉拖,,,普通订单,3.99,0,0,0,0,0,0,0,0,0,0,0,-0.02,0,0,0,0,0,0,是-商品卡免佣,0.15,义乌市衍郝电子商务商行,订单结算
2026-04-23 03:49:52,'2026042303494825439646810159,入账,2.24,聚合账户,货款结算入账,小店自卖,'6952014333051541031,'6952014333051541031,'SS76306612550708759310074,2026-04-12 22:55:37,'3809975766641410463,高级感水钻珠珠一字扭扭夹2026新款盘发抓夹后脑勺发量多发夹头饰,,,普通订单,2.25,0,0,0,0,0,0,0,0,0,0,0,-0.01,0,0,0,0,0,0,是-商品卡免佣,0.07,义乌市衍郝电子商务商行,订单结算
2026-04-23 03:49:52,'2026042303494804423685210159,入账,4.77,聚合账户,货款结算入账,小店自卖,'6925632390468107372,'6925632390468107372,'SS76307905229710628180173,2026-04-15 23:57:55,'3812240028327870813,粉色双面蝴蝶结香蕉夹竖夹超温柔!气质高马尾发夹后脑勺发夹发饰,,,普通订单,4.8,0,0,0,0,0,0,0,0,0,0,0,-0.03,0,0,0,0,0,0,是-商品卡免佣,0.22,义乌市衍郝电子商务商行,订单结算
2026-04-23 03:49:52,'2026042303494733309330380159,入账,7.55,聚合账户,货款结算入账,小店自卖,'6925574414679310080,'6925574414679310080,'SS76307405518230820220159,2026-04-13 15:07:41,'3781407329996636824,咖色磨砂抓夹大号发夹女2025年新款后脑大号在成人前额碎发夹子,,,普通订单,7.6,0,0,0,0,0,0,0,0,0,0,0,-0.05,0,0,0,0,0,0,是-商品卡免佣,0.37,义乌市衍郝电子商务商行,订单结算
2026-04-23 03:49:52,'2026042303494639358674020159,入账,2.48,聚合账户,货款结算入账,小店自卖,'6952121810174482179,'6952121810174482179,'SS76307357763802568040031,2026-04-16 09:49:08,'3674366494906646949,网红爆款碎发梳韩式发饰发夹可爱碎发不伤发女童发卡高颅顶神器,,,普通订单,2.49,0,0,0,0,0,0,0,0,0,0,0,-0.01,0,0,0,0,0,0,是-商品卡免佣,0.07,义乌市衍郝电子商务商行,订单结算
2026-04-23 03:49:55,'2026042303494931969446490159,入账,3.97,聚合账户,货款结算入账,小店自卖,'6925551733207235868,'6925551733207235868,'SS76306672150089569430146,2026-04-12 20:59:02,'3809625164249956608,孕妇专用防滑拖鞋女士夏季家居家室内静音浴室洗澡防臭凉拖鞋外穿,,,普通订单,3.99,0,0,0,0,0,0,0,0,0,0,0,-0.02,0,0,0,0,0,0,是-商品卡免佣,0.15,义乌市衍郝电子商务商行,订单结算
2026-04-23 03:49:55,'2026042303495025382262030159,入账,9.59,聚合账户,货款结算入账,小店自卖,'6925595495894383746,'6925595495894383746,'SS76306841407904488960122,2026-04-14 10:57:27,'3810919823941174195,中式复古洋气多层小蛮腰褶皱印花肥肠圈高端水墨皮筋耐用新款发圈,,,普通订单,9.65,0,0,0,0,0,0,0,0,0,0,0,-0.06,0,0,0,0,0,0,是-商品卡免佣,0.44,义乌市衍郝电子商务商行,订单结算
2026-04-23 03:49:55,'2026042303495002693412300159,入账,4.96,聚合账户,货款结算入账,小店自卖,'6925571969254325813,'6925571969254325813,'SS76307240556078536200218,2026-04-13 11:23:39,'3809625164249956608,孕妇专用防滑拖鞋女士夏季家居家室内静音浴室洗澡防臭凉拖鞋外穿,,,普通订单,4.99,0,0,0,0,0,0,0,0,0,0,0,-0.03,0,0,0,0,0,0,是-商品卡免佣,0.22,义乌市衍郝电子商务商行,订单结算
2026-04-23 03:49:55,'2026042303495009654974070159,入账,3.69,聚合账户,货款结算入账,小店自卖,'6952067820118742172,'6952067820118742172,'SS76306457605694305370189,2026-04-14 14:17:14,'3811106461837295881,新款五角星发夹发扣韩国少女甜美甜酷侧边夹顶刘海前额固定卡子,,,普通订单,3.71,0,0,0,0,0,0,0,0,0,0,0,-0.02,0,0,0,0,0,0,是-商品卡免佣,0.15,义乌市衍郝电子商务商行,订单结算
2026-04-23 03:49:55,'2026042303495001848776040159,入账,7.06,聚合账户,货款结算入账,小店自卖,'6952038985818445650,'6952038985818445650,'SS76306999903982723060005,2026-04-13 09:16:54,'3776807804489302292,豹纹ins爱心发夹女一字夹高端碎发前额刘大号在成人前额碎发夹子,,,普通订单,7.1,0,0,0,0,0,0,0,0,0,0,0,-0.04,0,0,0,0,0,0,是-商品卡免佣,0.29,义乌市衍郝电子商务商行,订单结算
2026-04-23 04:37:11,'2026042304370632267799190159,入账,10.52,聚合账户,货款结算入账,小店自卖,'6925552136189607153,'6925552136189607153,'SS76306668131233510740045,2026-04-12 23:01:25,'3784023922723389623,刘亦菲同款满天星发夹女氛围感甜美后脑勺大号在成人前额碎发夹子,,,普通订单,10.58,0,0,0,0,0,0,0,0,0,0,0,-0.06,0,0,0,0,0,0,是-商品卡免佣,0.44,义乌市衍郝电子商务商行,订单结算
2026-04-23 04:46:06,'2026042304460212099466430159,出账,8.36,聚合账户,上门取件运费,,'6925567050769792496,'6925567050769792496,'147448476242484663,,,,,,普通订单,0,0,0,0,0,0,0,0,0,0,0,0,0,0,0,0,0,0,0,,0,义乌市衍郝电子商务商行,因商品存在品质问题，扣除商家相应金额进行运费赔付-订单6925567050769792496-售后单147448476242484663-运单SF5130116448881
2026-04-23 05:19:49,'2026042305194421575316840159,入账,2.35,聚合账户,货款结算入账,小店自卖,'6925538751076990020,'6925538751076990020,'SS76306661190363223230181,2026-04-12 20:02:46,'3754925109299773553,新款韩国水钻彩色水晶手链爆款洋气发圈头绳女发绳高级感皮筋马尾,,,普通订单,4.86,0,0,0,0,0,0,0,0,0,0,-2.5,-0.01,0,0,0,0,0,0,是-商品卡免佣,0.07,义乌市衍郝电子商务商行,订单结算
2026-04-23 05:19:58,'2026042305195305877276560159,入账,5.9,聚合账户,货款结算入账,小店自卖,'6925551603549175637,'6925551603549175637,'SS76306666782132964180077,2026-04-12 20:20:26,'3812244340491813699,新款密齿香蕉韩系法式波点蕾丝蝴蝶结后脑勺盘发发夹发卡马尾发饰,,,普通订单,5.94,0,0,0,0,0,0,0,0,0,0,0,-0.04,0,0,0,0,0,0,是-商品卡免佣,0.29,义乌市衍郝电子商务商行,订单结算
2026-04-23 05:19:58,'2026042305195417997215150159,入账,8.85,聚合账户,货款结算入账,小店自卖,'6952024349525677187,'6952024349525677187,'SS76306422075824873060071,2026-04-12 14:35:25,'3800198492568289686,买一送一爆款凉拖鞋男士夏季情侣2026新款家居防滑防臭厚底拖鞋女,,,普通订单,8.9,0,0,0,0,0,0,0,0,0,0,0,-0.05,0,0,0,0,0,0,是-商品卡免佣,0.37,义乌市衍郝电子商务商行,订单结算
2026-04-23 05:19:58,'2026042305195305877768080159,入账,5.52,聚合账户,货款结算入账,小店自卖,'6925556817420909926,'6925556817420909926,'SS76306795085300861850002,2026-04-13 09:17:20,'3812244340491813699,新款密齿香蕉韩系法式波点蕾丝蝴蝶结后脑勺盘发发夹发卡马尾发饰,,,普通订单,5.55,0,0,0,0,0,0,0,0,0,0,0,-0.03,0,0,0,0,0,0,是-商品卡免佣,0.22,义乌市衍郝电子商务商行,订单结算
2026-04-23 05:19:58,'2026042305195115107405340159,入账,4.83,聚合账户,货款结算入账,小店自卖,'6925538742817225976,'6925538742817225976,'SS76306667117584387060033,2026-04-12 20:18:14,'3754925109299773553,新款韩国水钻彩色水晶手链爆款洋气发圈头绳女发绳高级感皮筋马尾,,,普通订单,4.86,0,0,0,0,0,0,0,0,0,0,0,-0.03,0,0,0,0,0,0,是-商品卡免佣,0.22,义乌市衍郝电子商务商行,订单结算
2026-04-23 05:19:58,'2026042305195330241264830159,入账,5.17,聚合账户,货款结算入账,小店自卖,'6952027803655541975,'6952027803655541975,'SS76306673180995914430104,2026-04-13 00:36:23,'3812961166053999319,ins爆款卡通蓬松夹鸭嘴夹一字夹化妆发夹超萌可爱猫咪少女刘海夹,,,普通订单,5.2,0,0,0,0,0,0,0,0,0,0,0,-0.03,0,0,0,0,0,0,是-商品卡免佣,0.22,义乌市衍郝电子商务商行,订单结算
2026-04-23 05:19:58,'2026042305195404537758910159,入账,3.65,聚合账户,货款结算入账,小店自卖,'6952144455844107552,'6952144455844107552,'SS76308079519902768990084,2026-04-18 10:52:05,'3797568456468070758,学院风韩系蝴蝶结蓝色格洋气简约金标鲨鱼后脑勺盘发夹子发饰格子,,,普通订单,3.67,0,0,0,0,0,0,0,0,0,0,0,-0.02,0,0,0,0,0,0,是-商品卡免佣,0.15,义乌市衍郝电子商务商行,订单结算
2026-04-23 05:19:58,'2026042305195334948429210159,入账,3.54,聚合账户,货款结算入账,小店自卖,'6952040952449734003,'6952040952449734003,'SS76306667934996073320140,2026-04-13 05:48:59,'3799240809392504924,韩国东大门同款碎发夹气质水钻侧边刘海夹子女高颜值发卡头饰BB夹,,,普通订单,3.56,0,0,0,0,0,0,0,0,0,0,0,-0.02,0,0,0,0,0,0,是-商品卡免佣,0.15,义乌市衍郝电子商务商行,订单结算
2026-04-23 05:19:58,'2026042305195012167296060159,入账,5.12,聚合账户,货款结算入账,小店自卖,'6952143595902146129,'6952143595902146129,'SS76308242726168991180002,2026-04-17 18:36:16,'3656233857281332393,发卡洋气蝴蝶结发饰鸭嘴夹弹簧夹红色黑色头饰发夹少女后脑勺顶夹,,,普通订单,5.15,0,0,0,0,0,0,0,0,0,0,0,-0.03,0,0,0,0,0,0,是-商品卡免佣,0.22,义乌市衍郝电子商务商行,订单结算
2026-04-23 05:19:58,'2026042305195235408781210159,入账,4.96,聚合账户,货款结算入账,小店自卖,'6952041351131305849,'6952041351131305849,'SS76307240465563978340214,2026-04-13 11:52:35,'3809625164249956608,孕妇专用防滑拖鞋女士夏季家居家室内静音浴室洗澡防臭凉拖鞋外穿,,,普通订单,4.99,0,0,0,0,0,0,0,0,0,0,0,-0.03,0,0,0,0,0,0,是-商品卡免佣,0.22,义乌市衍郝电子商务商行,订单结算
2026-04-23 05:19:58,'2026042305195311703137710159,入账,2.97,聚合账户,货款结算入账,小店自卖,'6925616797437951304,'6925616797437951304,'SS76306568055636506140089,2026-04-15 11:41:38,'3784025743923740805,韩国气质精致百搭炫彩闪钻少女侧边夹刘大号在成人前额碎发夹子,,,普通订单,2.99,0,0,0,0,0,0,0,0,0,0,0,-0.02,0,0,0,0,0,0,是-商品卡免佣,0.15,义乌市衍郝电子商务商行,订单结算
2026-04-23 05:20:38,'2026042305203304531164590159,入账,7.36,聚合账户,货款结算入账,小店自卖,'6925592196535123798,'6925592196535123798,'SS76306191144472420100019,2026-04-14 18:43:28,'3782304295328809090,黑色大号抓夹2025新款后脑勺盘发鲨鱼夹发大号在成人大号毛绒鲨鱼,,,普通订单,7.4,0,0,0,0,0,0,0,0,0,0,0,-0.04,0,0,0,0,0,0,是-商品卡免佣,0.29,义乌市衍郝电子商务商行,订单结算
2026-04-23 05:20:38,'2026042305203112011277210159,入账,3.93,聚合账户,货款结算入账,小店自卖,'6952021070709265818,'6952021070709265818,'SS76306668667630065140044,2026-04-12 22:14:52,'3809975766641410463,高级感水钻珠珠一字扭扭夹2026新款盘发抓夹后脑勺发量多发夹头饰,,,普通订单,3.95,0,0,0,0,0,0,0,0,0,0,0,-0.02,0,0,0,0,0,0,是-商品卡免佣,0.15,义乌市衍郝电子商务商行,订单结算
2026-04-23 05:20:38,'2026042305203322864532900159,入账,7.94,聚合账户,货款结算入账,小店自卖,'6925552208938040870,'6925552208938040870,'SS76307409418333391760174,2026-04-12 23:22:17,'3809980984917622883,韩系高马尾香蕉夹竖夹女2026新款高级感发夹后脑勺大发量发饰头饰,,,普通订单,7.99,0,0,0,0,0,0,0,0,0,0,0,-0.05,0,0,0,0,0,0,是-商品卡免佣,0.37,义乌市衍郝电子商务商行,订单结算
2026-04-23 05:20:38,'2026042305203341698145340159,入账,3.36,聚合账户,货款结算入账,小店自卖,'6952025420013639499,'6952025420013639499,'SS76306609997940208790081,2026-04-13 07:07:31,'3812796426258350389,夏天简约随手盘发一字扭扭夹水钻抓夹高级发夹扭扭后脑勺盘发器,,,普通订单,3.38,0,0,0,0,0,0,0,0,0,0,0,-0.02,0,0,0,0,0,0,是-商品卡免佣,0.15,义乌市衍郝电子商务商行,订单结算
2026-04-23 05:20:38,'2026042305203132893181870159,入账,3.7,聚合账户,货款结算入账,小店自卖,'6925664119821860111,'6925664119821860111,'SS76307877838599664740076,2026-04-17 09:04:23,'3773268304727245249,洋气国风蝴蝶结高级感复古丝巾发带发饰女绑头巾飘带网红爆款新款,,,普通订单,3.72,0,0,0,0,0,0,0,0,0,0,0,-0.02,0,0,0,0,0,0,是-商品卡免佣,0.15,义乌市衍郝电子商务商行,订单结算
2026-04-23 05:20:47,'2026042305204237438960980159,入账,0.89,聚合账户,货款结算入账,小店自卖,'6952147059516511594,'6952147059516511594,'SS76306949900685153780214,2026-04-16 23:57:16,'3812961166053999319,ins爆款卡通蓬松夹鸭嘴夹一字夹化妆发夹超萌可爱猫咪少女刘海夹,,,普通订单,0.9,0,0,0,0,0,0,0,0,0,0,0,-0.01,0,0,0,0,0,0,是-商品卡免佣,0.07,义乌市衍郝电子商务商行,订单结算
2026-04-23 05:20:47,'2026042305204137378954390159,入账,3.93,聚合账户,货款结算入账,小店自卖,'6925558827176722146,'6925558827176722146,'SS76306667978140267940033,2026-04-13 06:08:13,'3809975766641410463,高级感水钻珠珠一字扭扭夹2026新款盘发抓夹后脑勺发量多发夹头饰,,,普通订单,3.95,0,0,0,0,0,0,0,0,0,0,0,-0.02,0,0,0,0,0,0,是-商品卡免佣,0.15,义乌市衍郝电子商务商行,订单结算
2026-04-23 05:20:47,'2026042305204230708534280159,入账,3.83,聚合账户,货款结算入账,小店自卖,'6925543464289467438,'6925543464289467438,'SS76307001400340155140179,2026-04-13 09:34:15,'3809056869209735557,蝴蝶结发带女2026新款飘带头绳大肠发圈高级感扎头发皮筋发绳发饰,,,普通订单,3.85,0.3,0,0,0,0,0,0,0,0,0,0,-0.02,0,0,0,0,0,0,是-商品卡免佣,0.15,义乌市衍郝电子商务商行,订单结算
2026-04-23 05:20:48,'2026042305204108812958720159,入账,1.53,聚合账户,货款结算入账,小店自卖,'6925615539246890084,'6925615539246890084,'SS76306044513219546030124,2026-04-15 19:23:06,'3776807804489302292,豹纹ins爱心发夹女一字夹高端碎发前额刘大号在成人前额碎发夹子,,,普通订单,2.54,0,0,0,0,0,0,0,0,0,0,-1,-0.01,0,0,0,0,0,0,是-商品卡免佣,0.07,义乌市衍郝电子商务商行,订单结算
2026-04-23 05:20:48,'2026042305204039900285590159,入账,9.54,聚合账户,货款结算入账,小店自卖,'6925666515019857432,'6925666515019857432,'SS76306903388524546750029,2026-04-17 12:45:05,'3812771631437316687,买一送一拖鞋男款外出耐穿夏天居家用室内厚底防滑防臭男女凉托鞋,,,普通订单,9.6,0,0,0,0,0,0,0,0,0,0,0,-0.06,0,0,0,0,0,0,是-商品卡免佣,0.44,义乌市衍郝电子商务商行,订单结算
2026-04-23 05:20:53,'2026042305204910032586430159,入账,8.16,聚合账户,货款结算入账,小店自卖,'6925677166824619052,'6925677166824619052,'SS76308146262799977380131,2026-04-18 08:00:05,'3809262658188869664,高级感新年红色大肠发圈女2026新款扎头发绳丸子氛围感头花发饰,,,普通订单,8.21,0,0,0,0,0,0,0,0,0,0,0,-0.05,0,0,0,0,0,0,是-商品卡免佣,0.37,义乌市衍郝电子商务商行,订单结算
2026-04-23 05:20:53,'2026042305204713645297180159,入账,3.47,聚合账户,货款结算入账,小店自卖,'6925534102953360411,'6925534102953360411,'SS76306666776487409140176,2026-04-12 17:51:40,'3806655969480540177,米菲兔巨显发量香蕉兔子后脑勺盘发百搭少女发饰时尚可爱波点大号,,,普通订单,3.49,0,0,0,0,0,0,0,0,0,0,0,-0.02,0,0,0,0,0,0,是-商品卡免佣,0.15,义乌市衍郝电子商务商行,订单结算
2026-04-23 05:20:53,'2026042305204231260677550159,入账,3.36,聚合账户,货款结算入账,小店自卖,'6925552822847635149,'6925552822847635149,'SS76307372786927211520155,2026-04-13 09:43:25,'3812796426258350389,夏天简约随手盘发一字扭扭夹水钻抓夹高级发夹扭扭后脑勺盘发器,,,普通订单,3.38,0,0,0,0,0,0,0,0,0,0,0,-0.02,0,0,0,0,0,0,是-商品卡免佣,0.15,义乌市衍郝电子商务商行,订单结算
2026-04-23 05:20:53,'2026042305204934060378100159,入账,8.2,聚合账户,货款结算入账,小店自卖,'6952029295384335535,'6952029295384335535,'SS76307228644296627470128,2026-04-12 20:05:05,'3810919823941174195,中式复古洋气多层小蛮腰褶皱印花肥肠圈高端水墨皮筋耐用新款发圈,,,普通订单,8.25,0,0,0,0,0,0,0,0,0,0,0,-0.05,0,0,0,0,0,0,是-商品卡免佣,0.37,义乌市衍郝电子商务商行,订单结算
2026-04-23 05:20:53,'2026042305204808950090330159,入账,2.96,聚合账户,货款结算入账,小店自卖,'6952043273521402974,'6952043273521402974,'SS76306672930636439540166,2026-04-13 03:00:10,'3812961166053999319,ins爆款卡通蓬松夹鸭嘴夹一字夹化妆发夹超萌可爱猫咪少女刘海夹,,,普通订单,2.98,0,0,0,0,0,0,0,0,0,0,0,-0.02,0,0,0,0,0,0,是-商品卡免佣,0.15,义乌市衍郝电子商务商行,订单结算
2026-04-23 05:21:14,'2026042305210814307986110159,入账,6.35,聚合账户,货款结算入账,小店自卖,'6925607638260743279,'6925607638260743279,'SS76307097658862804480155,2026-04-14 18:35:47,'3674363744047202423,儿童碎发梳韩式发夹小女孩头饰可爱碎发神器女童发卡高颅顶神器,,,普通订单,6.39,1.1,0,0,0,0,0,0,0,0,0,0,-0.04,0,0,0,0,0,0,是-商品卡免佣,0.29,义乌市衍郝电子商务商行,订单结算
2026-04-23 05:21:14,'2026042305210935358646190159,入账,5.6,聚合账户,货款结算入账,小店自卖,'6925185751430561673,'6925185751430299529,'SS76307510134413232990183,2026-03-28 14:45:40,'3809646110721573185,复古丝绒金属发夹女侧边简约发卡bb夹2026新款刘海夹后脑勺碎发夹,,,普通订单,5.63,0,0,0,0,0,0,0,0,0,0,0,-0.03,0,0,0,0,0,0,是-商品卡免佣,0.22,义乌市衍郝电子商务商行,订单结算
2026-04-23 05:21:14,'2026042305210830084800360159,入账,9.15,聚合账户,货款结算入账,小店自卖,'6925555993221496193,'6925555993221496193,'SS76306668677536325460207,2026-04-12 22:19:57,'3809262658188869664,高级感新年红色大肠发圈女2026新款扎头发绳丸子氛围感头花发饰,,,普通订单,9.21,0,0,0,0,0,0,0,0,0,0,0,-0.06,0,0,0,0,0,0,是-商品卡免佣,0.44,义乌市衍郝电子商务商行,订单结算
2026-04-23 05:21:14,'2026042305210819139180030159,入账,5.17,聚合账户,货款结算入账,小店自卖,'6952171581595784976,'6952171581595784976,'SS76308318922623718660220,2026-04-18 16:15:48,'3812961166053999319,ins爆款卡通蓬松夹鸭嘴夹一字夹化妆发夹超萌可爱猫咪少女刘海夹,,,普通订单,5.2,0,0,0,0,0,0,0,0,0,0,0,-0.03,0,0,0,0,0,0,是-商品卡免佣,0.22,义乌市衍郝电子商务商行,订单结算
2026-04-23 05:21:14,'2026042305210940309601700159,入账,3.28,聚合账户,货款结算入账,小店自卖,'6925602100453604998,'6925602100453604998,'SS76307802093987927380183,2026-04-15 10:10:28,'3722750061814349992,头饰气质夹子皮质蝴蝶结扭扭夹女最新款盘发高级感一字夹黑色洋气,,,普通订单,3.3,0,0,0,0,0,0,0,0,0,0,0,-0.02,0,0,0,0,0,0,是-商品卡免佣,0.15,义乌市衍郝电子商务商行,订单结算
2026-04-23 05:21:14,'2026042305210825921623400159,入账,13.94,聚合账户,货款结算入账,小店自卖,'6925678605241384564,'6925678605241384564,'SS76306870242124767140134,2026-04-17 20:22:54,'3783822295534010406,刘亦菲同款满天星发夹女后脑勺抓夹氛围感大号在成人大号毛绒鲨鱼,,,普通订单,14.02,0,0,0,0,0,0,0,0,0,0,0,-0.08,0,0,0,0,0,0,是-商品卡免佣,0.59,义乌市衍郝电子商务商行,订单结算
2026-04-23 05:21:14,'2026042305211018293235620159,入账,9.93,聚合账户,货款结算入账,小店自卖,'6925172958474502025,'6925172958474436489,'SS76307692671173924200238,2026-03-28 11:57:25,'3809980984917622883,韩系高马尾香蕉夹竖夹女2026新款高级感发夹后脑勺大发量发饰头饰,,,普通订单,9.99,0,0,0,0,0,0,0,0,0,0,0,-0.06,0,0,0,0,0,0,是-商品卡免佣,0.44,义乌市衍郝电子商务商行,订单结算
2026-04-23 05:21:14,'2026042305210913304346230159,入账,4.91,聚合账户,货款结算入账,小店自卖,'6925210921256451158,'6925210921256451158,'SS76307255616395228430080,2026-03-29 09:00:01,'3797749369206342546,豹纹大肠发圈高级小众手工韩国新款头绳编织显发量马尾丸子头发绳,,,普通订单,4.94,0,0,0,0,0,0,0,0,0,0,0,-0.03,0,0,0,0,0,0,是-商品卡免佣,0.22,义乌市衍郝电子商务商行,订单结算
2026-04-23 05:21:14,'2026042305211041862477060159,入账,12.38,聚合账户,货款结算入账,小店自卖,'6951640934395090177,'6951640934394959105,'SS76307510235793208860039,2026-03-28 17:03:40,'3809993013158084857,高级感水钻纱边缎面肥肠圈褶皱复古印花水墨花朵头绳气质马尾发绳,,,普通订单,12.45,0,0,0,0,0,0,0,0,0,0,0,-0.07,0,0,0,0,0,0,是-商品卡免佣,0.51,义乌市衍郝电子商务商行,订单结算
2026-04-23 05:21:14,'2026042305210816834895770159,入账,2.96,聚合账户,货款结算入账,小店自卖,'6925549713555160566,'6925549713555160566,'SS76306668100278689370094,2026-04-13 01:22:51,'3811083906791374873,懒人扎高马尾不塌神器啪啪圈发圈头绳显发量丸子头不伤发发绳头饰,,,普通订单,2.98,0,0,0,0,0,0,0,0,0,0,0,-0.02,0,0,0,0,0,0,是-商品卡免佣,0.15,义乌市衍郝电子商务商行,订单结算
2026-04-23 05:21:42,'2026042305213615744212480159,入账,23.2,聚合账户,货款结算入账,小店自卖,'6952022463580739553,'6952022463580477409,'SS76306666273536909150060,2026-04-12 17:40:58,'3812244340491813699,新款密齿香蕉韩系法式波点蕾丝蝴蝶结后脑勺盘发发夹发卡马尾发饰,,,普通订单,23.34,0,0,0,0,0,0,0,0,0,0,0,-0.14,0,0,0,0,0,0,是-商品卡免佣,1.03,义乌市衍郝电子商务商行,订单结算
2026-04-23 05:21:42,'2026042305213800609859080159,入账,3.03,聚合账户,货款结算入账,小店自卖,'6952048205735597843,'6952048205735597843,'SS76307128570420925540163,2026-04-13 14:03:32,'3788303831838883893,小韩爆火高颅顶神器头饰夹子发根自然蓬松后秋森系韩系彩色大号,,,普通订单,3.05,0,0,0,0,0,0,0,0,0,0,0,-0.02,0,0,0,0,0,0,是-商品卡免佣,0.15,义乌市衍郝电子商务商行,订单结算
2026-04-23 05:21:42,'2026042305213740643305310159,入账,5.6,聚合账户,货款结算入账,小店自卖,'6951640934395221249,'6951640934394959105,'SS76307510137467210750015,2026-03-28 17:03:40,'3809646110721573185,复古丝绒金属发夹女侧边简约发卡bb夹2026新款刘海夹后脑勺碎发夹,,,普通订单,5.63,0,0,0,0,0,0,0,0,0,0,0,-0.03,0,0,0,0,0,0,是-商品卡免佣,0.22,义乌市衍郝电子商务商行,订单结算
2026-04-23 05:21:42,'2026042305213630963633040159,入账,3.54,聚合账户,货款结算入账,小店自卖,'6952039379620926574,'6952039379620926574,'SS76307250762916170330022,2026-04-13 13:11:52,'3752322399887033276,短发留长发过渡期神器半扎发发夹女后脑勺大号在成人前额碎发夹子,,,普通订单,3.56,0.8,0,0,0,0,0,0,0,0,0,0,-0.02,0,0,0,0,0,0,是-商品卡免佣,0.15,义乌市衍郝电子商务商行,订单结算
2026-04-23 05:21:43,'2026042305213718791511040159,入账,5.07,聚合账户,货款结算入账,小店自卖,'6952153844697077499,'6952153844697077499,'SS76307826035494098300054,2026-04-18 09:42:41,'3776807804489302292,豹纹ins爱心女一字夹高端碎发发夹女款2026新款网红爆款,,,普通订单,5.1,0,0,0,0,0,0,0,0,0,0,0,-0.03,0,0,0,0,0,0,是-商品卡免佣,0.22,义乌市衍郝电子商务商行,订单结算
2026-04-23 05:23:18,'2026042305231220134469550159,入账,4.47,聚合账户,货款结算入账,小店自卖,'6925555939067723195,'6925555939067723195,'SS76306673433435223380077,2026-04-12 22:00:20,'3812961166053999319,ins爆款卡通蓬松夹鸭嘴夹一字夹化妆发夹超萌可爱猫咪少女刘海夹,,,普通订单,4.5,0,0,0,0,0,0,0,0,0,0,0,-0.03,0,0,0,0,0,0,是-商品卡免佣,0.22,义乌市衍郝电子商务商行,订单结算
2026-04-23 05:24:39,'2026042305243428441971550159,入账,4.45,聚合账户,货款结算入账,小店自卖,'6952034472408716463,'6952034472408716463,'SS76306793479362852190192,2026-04-13 09:03:00,'3773434723821551960,黑色皮质蝴蝶结一字夹鸭嘴夹2024新款发夹发卡前额侧边夹子碎发卡,,,普通订单,4.48,0,0,0,0,0,0,0,0,0,0,0,-0.03,0,0,0,0,0,0,是-商品卡免佣,0.22,义乌市衍郝电子商务商行,订单结算
2026-04-23 05:24:39,'2026042305243423923592030159,入账,1.98,聚合账户,货款结算入账,小店自卖,'6952046103548532463,'6952046103548532463,'SS76307376869695491100224,2026-04-13 13:24:05,'3812796426258350389,夏天简约随手盘发一字扭扭夹水钻抓夹高级发夹扭扭后脑勺盘发器,,,普通订单,1.99,0,0,0,0,0,0,0,0,0,0,0,-0.01,0,0,0,0,0,0,是-商品卡免佣,0.07,义乌市衍郝电子商务商行,订单结算
2026-04-23 05:24:39,'2026042305243315713613150159,入账,4.96,聚合账户,货款结算入账,小店自卖,'6952036820382193554,'6952036820382193554,'SS76306673478670917580177,2026-04-13 10:29:18,'3812961166053999319,ins爆款卡通蓬松夹鸭嘴夹一字夹化妆发夹超萌可爱猫咪少女刘海夹,,,普通订单,4.99,0,0,0,0,0,0,0,0,0,0,0,-0.03,0,0,0,0,0,0,是-商品卡免佣,0.22,义乌市衍郝电子商务商行,订单结算
2026-04-23 05:24:39,'2026042305243303871217000159,入账,3.25,聚合账户,货款结算入账,小店自卖,'6925562025495657817,'6925562025495657817,'SS76307411220762795620219,2026-04-13 15:01:31,'3752322049939472693,儿童一次性皮筋发卡神器彩色发绳夹子工具小号不伤发可爱扎头发器,,,普通订单,3.27,0.3,0,0,0,0,0,0,0,0,0,0,-0.02,0,0,0,0,0,0,是-商品卡免佣,0.15,义乌市衍郝电子商务商行,订单结算
2026-04-23 05:24:39,'2026042305243509537789590159,入账,3.59,聚合账户,货款结算入账,小店自卖,'6952012082526426287,'6952012082526426287,'SS76306678609979970560069,2026-04-12 21:00:09,'3797749369206342546,豹纹大肠发圈高级小众手工韩国新款头绳编织显发量马尾丸子头发绳,,,普通订单,3.61,0,0,0,0,0,0,0,0,0,0,0,-0.02,0,0,0,0,0,0,是-商品卡免佣,0.15,义乌市衍郝电子商务商行,订单结算
2026-04-23 05:24:54,'2026042305244919308383150159,入账,4.54,聚合账户,货款结算入账,小店自卖,'6925550377297739740,'6925550377297739740,'SS76307479167517499260168,2026-04-13 11:35:33,'3799224164339024287,高级感满钻蝴蝶结小发夹女侧边刘海夹气质发卡头饰迷你鸭嘴夹子,,,普通订单,4.57,0,0,0,0,0,0,0,0,0,0,0,-0.03,0,0,0,0,0,0,是-商品卡免佣,0.22,义乌市衍郝电子商务商行,订单结算
2026-04-23 05:24:54,'2026042305245004281474920159,入账,2.85,聚合账户,货款结算入账,小店自卖,'6925546659815914934,'6925546659815914934,'SS76306341457867453860187,2026-04-12 20:20:51,'3789260980400292058,束发带男洗脸敷面膜专用头箍化妆头套头巾秋冬发箍绑发捆发卡头饰,,,普通订单,2.87,0.8,0,0,0,0,0,0,0,0,0,0,-0.02,0,0,0,0,0,0,是-商品卡免佣,0.15,义乌市衍郝电子商务商行,订单结算
2026-04-23 05:24:54,'2026042305244735199227280159,入账,4.87,聚合账户,货款结算入账,小店自卖,'6952040857361192235,'6952040857361192235,'SS76306428850386867580242,2026-04-13 03:07:37,'3800198492568289686,买一送一爆款凉拖鞋男士夏季情侣2026新款家居防滑防臭厚底拖鞋女,,,普通订单,4.9,0,0,0,0,0,0,0,0,0,0,0,-0.03,0,0,0,0,0,0,是-商品卡免佣,0.22,义乌市衍郝电子商务商行,订单结算
2026-04-23 05:24:54,'2026042305244707521733270159,入账,8.45,聚合账户,货款结算入账,小店自卖,'6952018252364715433,'6952018252364715433,'SS76306671548716652030061,2026-04-12 20:37:40,'3800198492568289686,买一送一爆款凉拖鞋男士夏季情侣2026新款家居防滑防臭厚底拖鞋女,,,普通订单,8.9,0,0,0,0,0,0,0,0,0,0,0,-0.45,0,0,0,0,0,0,,0,义乌市衍郝电子商务商行,订单结算
2026-04-23 05:24:54,'2026042305244808440099990159,入账,12.9,聚合账户,货款结算入账,小店自卖,'6952005097674839174,'6952005097674839174,'SS76307367724268099080155,2026-04-12 19:06:47,'3812240028327870813,粉色双面蝴蝶结香蕉夹竖夹超温柔!气质高马尾发夹后脑勺发夹发饰,,,普通订单,12.98,0,0,0,0,0,0,0,0,0,0,0,-0.08,0,0,0,0,0,0,是-商品卡免佣,0.59,义乌市衍郝电子商务商行,订单结算
2026-04-23 05:25:05,'2026042305250017622147080159,入账,4.77,聚合账户,货款结算入账,小店自卖,'6925565218512272401,'6925565218512272401,'SS76307368660355484580079,2026-04-13 13:38:46,'3812240028327870813,粉色双面蝴蝶结香蕉夹竖夹超温柔!气质高马尾发夹后脑勺发夹发饰,,,普通订单,4.8,0,0,0,0,0,0,0,0,0,0,0,-0.03,0,0,0,0,0,0,是-商品卡免佣,0.22,义乌市衍郝电子商务商行,订单结算
2026-04-23 05:25:05,'2026042305250041540329360159,入账,1.75,聚合账户,货款结算入账,小店自卖,'6952024756936513376,'6952024756936513376,'SS76306607445528581310066,2026-04-12 19:38:33,'3809975766641410463,高级感水钻珠珠一字扭扭夹2026新款盘发抓夹后脑勺发量多发夹头饰,,,普通订单,1.76,0,0,0,0,0,0,0,0,0,0,0,-0.01,0,0,0,0,0,0,是-商品卡免佣,0.07,义乌市衍郝电子商务商行,订单结算
2026-04-23 05:25:05,'2026042305250019211269210159,入账,2.61,聚合账户,货款结算入账,小店自卖,'6952141346371737236,'6952141346371737236,'SS76308660458130644580221,2026-04-17 14:22:54,'3770291082655564062,黑色H字母抓夹女2025新款后脑勺盘发夹子大号在成人大号毛绒鲨鱼,,,普通订单,2.63,0,0,0,0,0,0,0,0,0,0,0,-0.02,0,0,0,0,0,0,是-商品卡免佣,0.15,义乌市衍郝电子商务商行,订单结算
2026-04-23 05:25:05,'2026042305245915184530070159,入账,4.96,聚合账户,货款结算入账,小店自卖,'6952018814657369734,'6952018814657369734,'SS76306421864813736960099,2026-04-13 04:48:27,'3809625164249956608,孕妇专用防滑拖鞋女士夏季家居家室内静音浴室洗澡防臭凉拖鞋外穿,,,普通订单,4.99,0,0,0,0,0,0,0,0,0,0,0,-0.03,0,0,0,0,0,0,是-商品卡免佣,0.22,义乌市衍郝电子商务商行,订单结算
2026-04-23 05:25:05,'2026042305245808900779520159,入账,8.85,聚合账户,货款结算入账,小店自卖,'6952149082453514002,'6952149082453514002,'SS76306569574228134820092,2026-04-18 10:38:28,'3800198492568289686,买一送一爆款凉拖鞋男士夏季情侣2026新款家居防滑防臭厚底拖鞋女,,,普通订单,8.9,0,0,0,0,0,0,0,0,0,0,0,-0.05,0,0,0,0,0,0,是-商品卡免佣,0.37,义乌市衍郝电子商务商行,订单结算
2026-04-23 05:25:05,'2026042305250122651417700159,入账,13.17,聚合账户,货款结算入账,小店自卖,'6952034006810956819,'6952034006810956819,'SS76307411351908357520007,2026-04-12 22:48:35,'3812994604597379368,韩系重工藏青色爱心蕾丝四层大肠发圈女高级感超大扎头发头绳头饰,,,普通订单,13.25,0,0,0,0,0,0,0,0,0,0,0,-0.08,0,0,0,0,0,0,是-商品卡免佣,0.59,义乌市衍郝电子商务商行,订单结算
2026-04-23 05:25:05,'2026042305250014653035780159,入账,5.52,聚合账户,货款结算入账,小店自卖,'6952052691183540030,'6952052691183540030,'SS76307124665445419980010,2026-04-13 12:53:57,'3812244340491813699,新款密齿香蕉韩系法式波点蕾丝蝴蝶结后脑勺盘发发夹发卡马尾发饰,,,普通订单,5.55,0,0,0,0,0,0,0,0,0,0,0,-0.03,0,0,0,0,0,0,是-商品卡免佣,0.22,义乌市衍郝电子商务商行,订单结算
2026-04-23 05:25:05,'2026042305245936541238180159,入账,5.57,聚合账户,货款结算入账,小店自卖,'6925552158068014349,'6925552158068014349,'SS76306668413844526500151,2026-04-12 23:21:43,'3809056869209735557,蝴蝶结发带女2026新款飘带头绳大肠发圈高级感扎头发皮筋发绳发饰,,,普通订单,5.6,0.3,0,0,0,0,0,0,0,0,0,0,-0.03,0,0,0,0,0,0,是-商品卡免佣,0.22,义乌市衍郝电子商务商行,订单结算
2026-04-23 05:25:05,'2026042305245929157667990159,入账,9.16,聚合账户,货款结算入账,小店自卖,'6952045632459249430,'6952045632459249430,'SS76306670008146539950082,2026-04-13 08:35:02,'3752323576548688241,中国风孔雀盘发器女生古典旗袍发饰丸子懒人高级感饰品优雅发夹女,,,普通订单,9.22,0,0,0,0,0,0,0,0,0,0,0,-0.06,0,0,0,0,0,0,是-商品卡免佣,0.44,义乌市衍郝电子商务商行,订单结算
2026-04-23 05:25:05,'2026042305250015501729800159,入账,3.95,聚合账户,货款结算入账,小店自卖,'6925672378009288241,'6925672378009157169,'SS76307311250356475260223,2026-04-17 23:08:25,'3752324184429166813,奇妙萌可大人卡通发夹可爱洋气花朵新款发卡立体发饰学生彩色头饰,,,普通订单,3.97,0,0,0,0,0,0,0,0,0,0,0,-0.02,0,0,0,0,0,0,是-商品卡免佣,0.15,义乌市衍郝电子商务商行,订单结算
2026-04-23 05:25:22,'2026042305251602864133460159,入账,4.96,聚合账户,货款结算入账,小店自卖,'6925424830640520602,'6925424830640520602,'SS76306569602913247240102,2026-04-07 21:43:13,'3799023022220903050,2026新款EVA家居室内不臭脚拖鞋男士夏季踩屎感防滑洗澡凉拖女式,,,普通订单,4.99,0,0,0,0,0,0,0,0,0,0,0,-0.03,0,0,0,0,0,0,是-商品卡免佣,0.22,义乌市衍郝电子商务商行,订单结算
2026-04-23 05:25:22,'2026042305251539776586640159,入账,9.48,聚合账户,货款结算入账,小店自卖,'6925562559073058787,'6925562559073058787,'SS76307389187238141900202,2026-04-13 09:14:42,'3809625164249956608,孕妇专用防滑拖鞋女士夏季家居家室内静音浴室洗澡防臭凉拖鞋外穿,,,普通订单,9.98,0,0,0,0,0,0,0,0,0,0,0,-0.5,0,0,0,0,0,0,,0,义乌市衍郝电子商务商行,订单结算
2026-04-23 05:25:22,'2026042305251814306183770159,入账,4.25,聚合账户,货款结算入账,小店自卖,'6952000356577711960,'6952000356577711960,'SS76307377764130660200071,2026-04-12 18:39:32,'3812240028327870813,粉色双面蝴蝶结香蕉夹竖夹超温柔!气质高马尾发夹后脑勺发夹发饰,,,普通订单,4.28,0,0,0,0,0,0,0,0,0,0,0,-0.03,0,0,0,0,0,0,是-商品卡免佣,0.22,义乌市衍郝电子商务商行,订单结算
2026-04-23 05:25:22,'2026042305251725761101230159,入账,0.58,聚合账户,货款结算入账,小店自卖,'6952052791395947790,'6952052791395947790,'SS76304473594489574670142,2026-04-13 14:01:12,'3809975766641410463,高级感水钻珠珠一字扭扭夹2026新款盘发抓夹后脑勺发量多发夹头饰,,,普通订单,5.58,0,0,0,0,0,0,0,0,0,0,-5,0,0,0,0,0,0,0,是-商品卡免佣,0,义乌市衍郝电子商务商行,订单结算
2026-04-23 05:25:22,'2026042305251630507382220159,入账,5.9,聚合账户,货款结算入账,小店自卖,'6952031894726055034,'6952031894726055034,'SS76306666365295334920165,2026-04-12 23:12:05,'3812244340491813699,新款密齿香蕉韩系法式波点蕾丝蝴蝶结后脑勺盘发发夹发卡马尾发饰,,,普通订单,5.94,0,0,0,0,0,0,0,0,0,0,0,-0.04,0,0,0,0,0,0,是-商品卡免佣,0.29,义乌市衍郝电子商务商行,订单结算
2026-04-23 05:25:22,'2026042305251616079631510159,入账,3.36,聚合账户,货款结算入账,小店自卖,'6925647979405213198,'6925647979405213198,'SS76308288818022037110089,2026-04-16 16:15:30,'3812796426258350389,夏天简约随手盘发一字扭扭夹水钻抓夹高级发夹扭扭后脑勺盘发器,,,普通订单,3.38,0,0,0,0,0,0,0,0,0,0,0,-0.02,0,0,0,0,0,0,是-商品卡免佣,0.15,义乌市衍郝电子商务商行,订单结算
2026-04-23 05:25:22,'2026042305251341534756100159,入账,4.47,聚合账户,货款结算入账,小店自卖,'6952035021658986195,'6952035021658986195,'SS76307159540701110180000,2026-04-13 15:31:59,'3806655969480540177,米菲兔巨显发量香蕉兔子后脑勺盘发百搭少女发饰时尚可爱波点大号,,,普通订单,5.49,0,0,0,0,0,0,0,0,0,0,-1,-0.02,0,0,0,0,0,0,是-商品卡免佣,0.15,义乌市衍郝电子商务商行,订单结算
2026-04-23 05:25:22,'2026042305251738279744350159,入账,3.88,聚合账户,货款结算入账,小店自卖,'6925552032911228313,'6925552032911228313,'SS76306668127193833060079,2026-04-12 22:23:54,'3810400437908144201,2026新款发夹头饰适合发量少的抓夹女高级感后脑勺鲨鱼夹发卡夹子,,,普通订单,3.9,0,0,0,0,0,0,0,0,0,0,0,-0.02,0,0,0,0,0,0,是-商品卡免佣,0.15,义乌市衍郝电子商务商行,订单结算
2026-04-23 05:25:22,'2026042305251627526111240159,入账,5.65,聚合账户,货款结算入账,小店自卖,'6925639315383549042,'6925639315383549042,'SS76308126710132085760123,2026-04-16 21:29:17,'3812794010364412322,趣味黑皮kitty猫魔术贴超可爱猫咪整理碎发刘海贴魔术贴发卡化妆,,,普通订单,5.68,0,0,0,0,0,0,0,0,0,0,0,-0.03,0,0,0,0,0,0,是-商品卡免佣,0.22,义乌市衍郝电子商务商行,订单结算
2026-04-23 05:25:23,'2026042305251916947328340159,入账,4.87,聚合账户,货款结算入账,小店自卖,'6925546962207604676,'6925546962207604676,'SS76307324944802449980243,2026-04-12 21:54:39,'3773437081733431756,满钻高级感碎发发饰发夹新款边夹时尚气质前额刘海夹简约百搭bb夹,,,普通订单,4.9,0,0,0,0,0,0,0,0,0,0,0,-0.03,0,0,0,0,0,0,是-商品卡免佣,0.22,义乌市衍郝电子商务商行,订单结算
2026-04-23 05:25:39,'2026042305253407055280640159,入账,3.47,聚合账户,货款结算入账,小店自卖,'6925551065803685522,'6925551065803685522,'SS76306666243731174760022,2026-04-12 16:20:12,'3806655969480540177,米菲兔巨显发量香蕉兔子后脑勺盘发百搭少女发饰时尚可爱波点大号,,,普通订单,3.49,0,0,0,0,0,0,0,0,0,0,0,-0.02,0,0,0,0,0,0,是-商品卡免佣,0.15,义乌市衍郝电子商务商行,订单结算
2026-04-23 05:25:39,'2026042305253609731937280159,入账,3.36,聚合账户,货款结算入账,小店自卖,'6925558727310344108,'6925558727310344108,'SS76306420496877330260087,2026-04-13 02:12:46,'3812796426258350389,夏天简约随手盘发一字扭扭夹水钻抓夹高级发夹扭扭后脑勺盘发器,,,普通订单,3.38,0,0,0,0,0,0,0,0,0,0,0,-0.02,0,0,0,0,0,0,是-商品卡免佣,0.15,义乌市衍郝电子商务商行,订单结算
2026-04-23 05:25:39,'2026042305253338930193980159,入账,4.96,聚合账户,货款结算入账,小店自卖,'6952007739914720620,'6952007739914720620,'SS76306417776626611550055,2026-04-13 00:01:52,'3809625164249956608,孕妇专用防滑拖鞋女士夏季家居家室内静音浴室洗澡防臭凉拖鞋外穿,,,普通订单,4.99,0,0,0,0,0,0,0,0,0,0,0,-0.03,0,0,0,0,0,0,是-商品卡免佣,0.22,义乌市衍郝电子商务商行,订单结算
2026-04-23 05:25:39,'2026042305253408193973950159,入账,5.26,聚合账户,货款结算入账,小店自卖,'6952152869745726792,'6952152869745726792,'SS76308238648136218110046,2026-04-17 18:12:27,'3809625164249956608,孕妇专用防滑拖鞋女士夏季家居家室内静音浴室洗澡防臭凉拖鞋外穿,,,普通订单,5.29,0,0,0,0,0,0,0,0,0,0,0,-0.03,0,0,0,0,0,0,是-商品卡免佣,0.22,义乌市衍郝电子商务商行,订单结算
2026-04-23 05:25:39,'2026042305253303446215830159,入账,3.71,聚合账户,货款结算入账,小店自卖,'6925669074972933290,'6925669074972933290,'SS76307523451610568190232,2026-04-17 12:37:18,'3812437220980293660,高级感前额侧边碎发夹刘海夹小号闪钻蝴蝶结鸭嘴夹子水晶发卡头饰,,,普通订单,3.73,0,0,0,0,0,0,0,0,0,0,0,-0.02,0,0,0,0,0,0,是-商品卡免佣,0.15,义乌市衍郝电子商务商行,订单结算
2026-04-23 05:25:39,'2026042305253407184266500159,入账,3.85,聚合账户,货款结算入账,小店自卖,'6952034000601552351,'6952034000601552351,'SS76306668374957263710037,2026-04-12 22:41:48,'3790676352672333899,白鹿同款刘海黑色丝绒蝴蝶结小抓夹发卡发夹后秋森系韩系彩色大号,,,普通订单,3.87,0,0,0,0,0,0,0,0,0,0,0,-0.02,0,0,0,0,0,0,是-商品卡免佣,0.15,义乌市衍郝电子商务商行,订单结算
2026-04-23 05:25:39,'2026042305253328044823550159,入账,4.74,聚合账户,货款结算入账,小店自卖,'6952011700228855212,'6952011700228855212,'SS76306418916038907300193,2026-04-12 17:30:35,'3809625164249956608,孕妇专用防滑拖鞋女士夏季家居家室内静音浴室洗澡防臭凉拖鞋外穿,,,普通订单,4.99,0,0,0,0,0,0,0,0,0,0,0,-0.25,0,0,0,0,0,0,,0,义乌市衍郝电子商务商行,订单结算
2026-04-23 05:25:39,'2026042305253502940603290159,入账,4.96,聚合账户,货款结算入账,小店自卖,'6952052818394486727,'6952052818394486727,'SS76307240455332170300022,2026-04-13 13:43:21,'3809625164249956608,孕妇专用防滑拖鞋女士夏季家居家室内静音浴室洗澡防臭凉拖鞋外穿,,,普通订单,4.99,0,0,0,0,0,0,0,0,0,0,0,-0.03,0,0,0,0,0,0,是-商品卡免佣,0.22,义乌市衍郝电子商务商行,订单结算
2026-04-23 05:25:39,'2026042305253332560258750159,入账,7.62,聚合账户,货款结算入账,小店自卖,'6951890996881986755,'6951890996881986755,'SS76306648411496614910159,2026-04-08 02:19:02,'3681005876535230661,复古扎头发隐形碎发发夹发饰新款网红爆款神器女洋气发夹夹子头饰,,,普通订单,7.67,0,0,0,0,0,0,0,0,0,0,0,-0.05,0,0,0,0,0,0,是-商品卡免佣,0.37,义乌市衍郝电子商务商行,订单结算
2026-04-23 05:25:40,'2026042305253601891044240159,入账,4.96,聚合账户,货款结算入账,小店自卖,'6925542630537788657,'6925542630537788657,'SS76306423458905503060059,2026-04-12 21:50:26,'3809627569339367610,印花小熊防滑拖鞋女士家居室内2025新款夏季洗澡家用eva静音凉拖,,,普通订单,4.99,0,0,0,0,0,0,0,0,0,0,0,-0.03,0,0,0,0,0,0,是-商品卡免佣,0.22,义乌市衍郝电子商务商行,订单结算
2026-04-23 05:25:56,'2026042305255102357663240159,入账,3.69,聚合账户,货款结算入账,小店自卖,'6925543068798713463,'6925543068798713463,'SS76306668197888172030078,2026-04-13 01:37:55,'3712259868460187975,气质抓夹大号发量多2024新款爆款发夹女后脑勺鲨鱼夹高级感头饰,,,普通订单,3.71,0,0,0,0,0,0,0,0,0,0,0,-0.02,0,0,0,0,0,0,是-商品卡免佣,0.15,义乌市衍郝电子商务商行,订单结算
2026-04-23 05:25:56,'2026042305255130579919760159,入账,12.72,聚合账户,货款结算入账,小店自卖,'6925659450900774561,'6925659450900774561,'SS76306981223271019870024,2026-04-16 22:19:55,'3810919823941174195,中式复古洋气多层小蛮腰褶皱印花肥肠圈高端水墨皮筋耐用新款发圈,,,普通订单,12.8,0,0,0,0,0,0,0,0,0,0,0,-0.08,0,0,0,0,0,0,是-商品卡免佣,0.59,义乌市衍郝电子商务商行,订单结算
2026-04-23 05:25:56,'2026042305255103913365000159,入账,9.92,聚合账户,货款结算入账,小店自卖,'6952023758163481644,'6952023758163481644,'SS76307389371742131830105,2026-04-13 12:22:58,'3809625164249956608,孕妇专用防滑拖鞋女士夏季家居家室内静音浴室洗澡防臭凉拖鞋外穿,,,普通订单,9.98,0,0,0,0,0,0,0,0,0,0,0,-0.06,0,0,0,0,0,0,是-商品卡免佣,0.44,义乌市衍郝电子商务商行,订单结算
2026-04-23 05:25:56,'2026042305254937932119390159,入账,5.22,聚合账户,货款结算入账,小店自卖,'6952013789916698498,'6952013789916698498,'SS76306666406069253460164,2026-04-12 18:15:21,'3813124149543567544,五角星发夹新品发扣韩国少女甜美甜酷侧边夹顶刘海前额固定卡子,,,普通订单,5.25,0,0,0,0,0,0,0,0,0,0,0,-0.03,0,0,0,0,0,0,是-商品卡免佣,0.22,义乌市衍郝电子商务商行,订单结算
2026-04-23 05:25:56,'2026042305255117077581140159,入账,9.09,聚合账户,货款结算入账,小店自卖,'6951924185749526131,'6951924185749526131,'SS76308323137016837270201,2026-04-09 14:02:37,'3790685861671207338,撞色幻彩花朵发夹女边侧边小抓夹发卡ins后秋森系韩系彩色大号,,,普通订单,9.57,0,0,0,0,0,0,0,0,0,0,0,-0.48,0,0,0,0,0,0,,0,义乌市衍郝电子商务商行,订单结算
2026-04-23 05:26:07,'2026042305260330958722910159,入账,5.62,聚合账户,货款结算入账,小店自卖,'6925554028700073179,'6925554028700073179,'SS76306667395633526390209,2026-04-12 20:28:27,'3810919823941174195,中式复古洋气多层小蛮腰褶皱印花肥肠圈高端水墨皮筋耐用新款发圈,,,普通订单,5.65,0,0,0,0,0,0,0,0,0,0,0,-0.03,0,0,0,0,0,0,是-商品卡免佣,0.22,义乌市衍郝电子商务商行,订单结算
2026-04-23 05:26:07,'2026042305260112047485840159,入账,5.46,聚合账户,货款结算入账,小店自卖,'6925613321883909285,'6925613321883909285,'SS76305126944800775870231,2026-04-15 15:01:10,'3806655969480540177,米菲兔巨显发量香蕉兔子后脑勺盘发百搭少女发饰时尚可爱波点大号,,,普通订单,5.49,0,0,0,0,0,0,0,0,0,0,0,-0.03,0,0,0,0,0,0,是-商品卡免佣,0.22,义乌市衍郝电子商务商行,订单结算
2026-04-23 05:26:07,'2026042305260217049357150159,入账,4.86,聚合账户,货款结算入账,小店自卖,'6925570020288986746,'6925570020288986746,'SS76307254757694676820152,2026-04-13 13:23:26,'3811102963569655948,春夏撞色蝴蝶结发夹发卡女后脑勺2026新款气质大号盘发鸭嘴夹发饰,,,普通订单,4.89,0,0,0,0,0,0,0,0,0,0,0,-0.03,0,0,0,0,0,0,是-商品卡免佣,0.22,义乌市衍郝电子商务商行,订单结算
2026-04-23 05:26:07,'2026042305260233852301140159,入账,12.38,聚合账户,货款结算入账,小店自卖,'6925185751430430601,'6925185751430299529,'SS76307510176591754750069,2026-03-28 14:45:40,'3809993013158084857,高级感水钻纱边缎面肥肠圈褶皱复古印花水墨花朵头绳气质马尾发绳,,,普通订单,12.45,0,0,0,0,0,0,0,0,0,0,0,-0.07,0,0,0,0,0,0,是-商品卡免佣,0.51,义乌市衍郝电子商务商行,订单结算
2026-04-23 05:26:07,'2026042305260228815242640159,入账,7.28,聚合账户,货款结算入账,小店自卖,'6925548765293084092,'6925548765293084092,'SS76306665958594360580063,2026-04-12 18:05:16,'3678286041502056557,皮筋女款发绳儿童头绳女童6-12岁兔子头网红新款扎头发小女孩头绳,,,普通订单,7.32,0,0,0,0,0,0,0,0,0,0,0,-0.04,0,0,0,0,0,0,是-商品卡免佣,0.29,义乌市衍郝电子商务商行,订单结算
2026-04-23 05:26:07,'2026042305260125489738240159,入账,6.95,聚合账户,货款结算入账,小店自卖,'6925551176643476992,'6925551176643476992,'SS76306665915796196300116,2026-04-12 17:14:57,'3782909438948671661,满天星蝴蝶结2025网纱云朵后脑勺鲨鱼泡大号在成人前额碎发夹子,,,普通订单,6.99,0,0,0,0,0,0,0,0,0,0,0,-0.04,0,0,0,0,0,0,是-商品卡免佣,0.29,义乌市衍郝电子商务商行,订单结算
2026-04-23 05:26:07,'2026042305260228830602390159,入账,8.85,聚合账户,货款结算入账,小店自卖,'6925622876986965879,'6925622876986965879,'SS76306564503746317230183,2026-04-15 21:34:09,'3800198492568289686,买一送一爆款凉拖鞋男士夏季情侣2026新款家居防滑防臭厚底拖鞋女,,,普通订单,8.9,0,0,0,0,0,0,0,0,0,0,0,-0.05,0,0,0,0,0,0,是-商品卡免佣,0.37,义乌市衍郝电子商务商行,订单结算
2026-04-23 05:26:07,'2026042305260207980157820159,入账,2.96,聚合账户,货款结算入账,小店自卖,'6952010113951667497,'6952010113951667497,'SS76306672882584292360248,2026-04-13 06:02:14,'3812961166053999319,ins爆款卡通蓬松夹鸭嘴夹一字夹化妆发夹超萌可爱猫咪少女刘海夹,,,普通订单,2.98,0,0,0,0,0,0,0,0,0,0,0,-0.02,0,0,0,0,0,0,是-商品卡免佣,0.15,义乌市衍郝电子商务商行,订单结算
2026-04-23 05:26:07,'2026042305260014142999190159,入账,5.46,聚合账户,货款结算入账,小店自卖,'6925555911675313484,'6925555911675313484,'SS76306666079337684820126,2026-04-12 21:40:55,'3806655969480540177,米菲兔巨显发量香蕉兔子后脑勺盘发百搭少女发饰时尚可爱波点大号,,,普通订单,5.49,0,0,0,0,0,0,0,0,0,0,0,-0.03,0,0,0,0,0,0,是-商品卡免佣,0.22,义乌市衍郝电子商务商行,订单结算
2026-04-23 05:26:07,'2026042305260123037875540159,入账,3.88,聚合账户,货款结算入账,小店自卖,'6925647553484193630,'6925647553484193630,'SS76307429861220070860096,2026-04-16 12:32:09,'3810400437908144201,2026新款发夹头饰适合发量少的抓夹女高级感后脑勺鲨鱼夹发卡夹子,,,普通订单,3.9,0,0,0,0,0,0,0,0,0,0,0,-0.02,0,0,0,0,0,0,是-商品卡免佣,0.15,义乌市衍郝电子商务商行,订单结算
2026-04-23 05:28:02,'2026042305275635371098000159,入账,3.31,聚合账户,货款结算入账,小店自卖,'6925541170406325618,'6925541170406325618,'SS76307409252197010460188,2026-04-13 07:26:19,'3624885480883111519,最新款黑色编发夹女洋气发饰夹子夹扎头发高级感饰品夹发卡头饰,,,普通订单,3.33,0,0,0,0,0,0,0,0,0,0,0,-0.02,0,0,0,0,0,0,是-商品卡免佣,0.15,义乌市衍郝电子商务商行,订单结算
2026-04-23 05:28:02,'2026042305275708437274000159,入账,5.65,聚合账户,货款结算入账,小店自卖,'6952154015526753551,'6952154015526753551,'SS76308399715569014140044,2026-04-18 10:40:07,'3812794010364412322,趣味黑皮kitty猫魔术贴超可爱猫咪整理碎发刘海贴魔术贴发卡化妆,,,普通订单,5.68,0,0,0,0,0,0,0,0,0,0,0,-0.03,0,0,0,0,0,0,是-商品卡免佣,0.22,义乌市衍郝电子商务商行,订单结算
2026-04-23 05:28:02,'2026042305275736078064990159,入账,2.26,聚合账户,货款结算入账,小店自卖,'6925682021502713464,'6925682021502713464,'SS76307744764031841690201,2026-04-18 12:00:27,'3807956255797018943,韩国精致气质炫彩侧边夹2026年新款发夹高端夹顶刘海鸭嘴高级夹子,,,普通订单,2.38,0,0,0,0,0,0,0,0,0,0,0,-0.12,0,0,0,0,0,0,,0,义乌市衍郝电子商务商行,订单结算
2026-04-23 05:28:02,'2026042305275638266145800159,入账,8.95,聚合账户,货款结算入账,小店自卖,'6952021224684852978,'6952021224684852978,'SS76306668666435504730031,2026-04-12 23:38:21,'3675134256952246324,新款儿童洋气小兔子皮筋发圈马尾发绳发饰可爱高弹力头绳女童头绳,,,普通订单,9,0,0,0,0,0,0,0,0,0,0,0,-0.05,0,0,0,0,0,0,是-商品卡免佣,0.37,义乌市衍郝电子商务商行,订单结算
2026-04-23 05:28:02,'2026042305275638264835080159,入账,5.46,聚合账户,货款结算入账,小店自卖,'6925669616215751999,'6925669616215751999,'SS76308053155334763900172,2026-04-17 17:07:28,'3806655969480540177,米菲兔巨显发量香蕉兔子后脑勺盘发百搭少女发饰时尚可爱波点大号,,,普通订单,5.49,0,0,0,0,0,0,0,0,0,0,0,-0.03,0,0,0,0,0,0,是-商品卡免佣,0.22,义乌市衍郝电子商务商行,订单结算
2026-04-23 05:28:05,'2026042305280040398361660159,入账,2.96,聚合账户,货款结算入账,小店自卖,'6925543241752149561,'6925543241752149561,'SS76306668835878999100102,2026-04-13 06:58:18,'3812240028327870813,粉色双面蝴蝶结香蕉夹竖夹超温柔!气质高马尾发夹后脑勺发夹发饰,,,普通订单,2.98,0,0,0,0,0,0,0,0,0,0,0,-0.02,0,0,0,0,0,0,是-商品卡免佣,0.15,义乌市衍郝电子商务商行,订单结算
2026-04-23 05:28:05,'2026042305280006292114280159,入账,27.95,聚合账户,货款结算入账,小店自卖,'6952022463580477409,'6952022463580477409,'SS76306666268869473910134,2026-04-12 17:40:58,'3810919823941174195,中式复古洋气多层小蛮腰褶皱印花肥肠圈高端水墨皮筋耐用新款发圈,,,普通订单,28.12,0,0,0,0,0,0,0,0,0,0,0,-0.17,0,0,0,0,0,0,是-商品卡免佣,1.25,义乌市衍郝电子商务商行,订单结算
2026-04-23 05:28:05,'2026042305280105330542620159,入账,5.34,聚合账户,货款结算入账,小店自卖,'6925673947078688331,'6925673947078688331,'SS76308389104573652830090,2026-04-17 17:43:07,'3811106461837295881,新款五角星发夹发扣韩国少女甜美甜酷侧边夹顶刘海前额固定卡子,,,普通订单,5.37,0,0,0,0,0,0,0,0,0,0,0,-0.03,0,0,0,0,0,0,是-商品卡免佣,0.22,义乌市衍郝电子商务商行,订单结算
2026-04-23 05:28:05,'2026042305280012885696190159,入账,3.27,聚合账户,货款结算入账,小店自卖,'6925547741594484163,'6925547741594484163,'SS76307425106131852900204,2026-04-13 09:00:58,'3799636010715971937,不撞款小众精致发扣明星同款银色闪钻圆形夹女高级感刘海侧边发卡,,,普通订单,3.29,0.3,0,0,0,0,0,0,0,0,0,0,-0.02,0,0,0,0,0,0,是-商品卡免佣,0.15,义乌市衍郝电子商务商行,订单结算
2026-04-23 05:28:05,'2026042305280041533486140159,入账,5.9,聚合账户,货款结算入账,小店自卖,'6952038683248694301,'6952038683248694301,'SS76306666433250430070084,2026-04-12 23:59:18,'3812244340491813699,新款密齿香蕉韩系法式波点蕾丝蝴蝶结后脑勺盘发发夹发卡马尾发饰,,,普通订单,5.94,0,0,0,0,0,0,0,0,0,0,0,-0.04,0,0,0,0,0,0,是-商品卡免佣,0.29,义乌市衍郝电子商务商行,订单结算
2026-04-23 05:28:22,'2026042305281711761464740159,入账,3.58,聚合账户,货款结算入账,小店自卖,'6925584917194964445,'6925584917194964445,'SS76307798251964707840105,2026-04-14 08:00:09,'3782304295328809090,黑色大号抓夹2025新款后脑勺盘发鲨鱼夹发大号在成人大号毛绒鲨鱼,,,普通订单,3.6,0,0,0,0,0,0,0,0,0,0,0,-0.02,0,0,0,0,0,0,是-商品卡免佣,0.15,义乌市衍郝电子商务商行,订单结算
2026-04-23 05:28:22,'2026042305281707516326810159,入账,3.36,聚合账户,货款结算入账,小店自卖,'6952036598608893365,'6952036598608893365,'SS76306604825596075880175,2026-04-13 08:00:30,'3812796426258350389,夏天简约随手盘发一字扭扭夹水钻抓夹高级发夹扭扭后脑勺盘发器,,,普通订单,3.38,0,0,0,0,0,0,0,0,0,0,0,-0.02,0,0,0,0,0,0,是-商品卡免佣,0.15,义乌市衍郝电子商务商行,订单结算
2026-04-23 05:28:22,'2026042305281525380293550159,入账,8.85,聚合账户,货款结算入账,小店自卖,'6952137235524687337,'6952137235524687337,'SS76308348729903846590147,2026-04-17 21:09:24,'3800198492568289686,买一送一爆款凉拖鞋男士夏季情侣2026新款家居防滑防臭厚底拖鞋女,,,普通订单,8.9,0,0,0,0,0,0,0,0,0,0,0,-0.05,0,0,0,0,0,0,是-商品卡免佣,0.37,义乌市衍郝电子商务商行,订单结算
2026-04-23 05:28:22,'2026042305281506472996260159,入账,4.76,聚合账户,货款结算入账,小店自卖,'6952032178959816535,'6952032178959816535,'SS76306669272706096990020,2026-04-13 07:09:41,'3807235160995398024,甜美闪钻豹纹猫咪发夹女碎发刘海夹子ins新款高端头饰鸭嘴夹边夹,,,普通订单,4.79,0,0,0,0,0,0,0,0,0,0,0,-0.03,0,0,0,0,0,0,是-商品卡免佣,0.22,义乌市衍郝电子商务商行,订单结算
2026-04-23 05:28:22,'2026042305281714687767100159,入账,9.38,聚合账户,货款结算入账,小店自卖,'6952136812524803088,'6952136812524540944,'SS76305154275459243670128,2026-04-17 15:28:20,'3800198492568289686,买一送一爆款凉拖鞋男士夏季情侣2026新款家居防滑防臭厚底拖鞋女,,,普通订单,9.44,0,0,0,0,0,0,0,0,0,0,0,-0.06,0,0,0,0,0,0,是-商品卡免佣,0.44,义乌市衍郝电子商务商行,订单结算
2026-04-23 05:28:34,'2026042305282912338306920159,入账,4.76,聚合账户,货款结算入账,小店自卖,'6925539611299118296,'6925539611299118296,'SS76307470064329367460143,2026-04-12 14:57:32,'3807235160995398024,甜美闪钻豹纹猫咪发夹女碎发刘海夹子ins新款高端头饰鸭嘴夹边夹,,,普通订单,4.79,0,0,0,0,0,0,0,0,0,0,0,-0.03,0,0,0,0,0,0,是-商品卡免佣,0.22,义乌市衍郝电子商务商行,订单结算
2026-04-23 05:28:34,'2026042305282827442552950159,入账,4.28,聚合账户,货款结算入账,小店自卖,'6952023925873186144,'6952023925873186144,'SS76307248916415618960243,2026-04-13 14:00:00,'3752323855864168814,飘带齿梳发箍波浪高颅顶高颅顶宫廷编发发箍女复红色蝴蝶结发饰,,,普通订单,4.31,0,0,0,0,0,0,0,0,0,0,0,-0.03,0,0,0,0,0,0,是-商品卡免佣,0.22,义乌市衍郝电子商务商行,订单结算
2026-04-23 05:28:34,'2026042305282528531922550159,入账,3.87,聚合账户,货款结算入账,小店自卖,'6925555117752024328,'6925555117752024328,'SS76306997142870100840108,2026-04-13 08:41:00,'3811861106843059086,山茶花朵7cm小抓夹花朵抓夹玫瑰花森女小清新夏季花抓夹森系干枯,,,普通订单,3.89,0,0,0,0,0,0,0,0,0,0,0,-0.02,0,0,0,0,0,0,是-商品卡免佣,0.15,义乌市衍郝电子商务商行,订单结算
2026-04-23 05:28:34,'2026042305283035535429550159,入账,2.94,聚合账户,货款结算入账,小店自卖,'6952012415865591692,'6952012415865591692,'SS76306387067521605460062,2026-04-12 23:20:54,'3806656594406670373,虞书欣同款发扣小金属圆圈环扣刘海前额侧边边夹发夹抓夹发卡夹子,,,普通订单,2.96,0,0,0,0,0,0,0,0,0,0,0,-0.02,0,0,0,0,0,0,是-商品卡免佣,0.15,义乌市衍郝电子商务商行,订单结算
2026-04-23 05:28:35,'2026042305282919012488090159,入账,4.2,聚合账户,货款结算入账,小店自卖,'6925556720483073415,'6925556720483073415,'SS76306681140152901530242,2026-04-13 08:38:33,'3752322049939472693,儿童一次性皮筋发卡神器彩色发绳夹子工具小号不伤发可爱扎头发器,,,普通订单,4.23,0.3,0,0,0,0,0,0,0,0,0,0,-0.03,0,0,0,0,0,0,是-商品卡免佣,0.22,义乌市衍郝电子商务商行,订单结算
2026-04-23 05:28:45,'2026042305284028904983100159,入账,2.96,聚合账户,货款结算入账,小店自卖,'6925576641357840167,'6925576641357840167,'SS76307250676261358350026,2026-04-13 13:55:09,'3807217918840799504,新款百搭2026可爱小狗香蕉夹竖夹发夹脑勺扭扭夹高马尾抓夹高级感,,,普通订单,2.98,0,0,0,0,0,0,0,0,0,0,0,-0.02,0,0,0,0,0,0,是-商品卡免佣,0.15,义乌市衍郝电子商务商行,订单结算
2026-04-23 05:28:45,'2026042305284225380992260159,入账,0.98,聚合账户,货款结算入账,小店自卖,'6952023884517742510,'6952023884517742510,'SS76307376775833523540033,2026-04-13 14:11:48,'3812796426258350389,夏天简约随手盘发一字扭扭夹水钻抓夹高级发夹扭扭后脑勺盘发器,,,普通订单,0.99,0,0,0,0,0,0,0,0,0,0,0,-0.01,0,0,0,0,0,0,是-商品卡免佣,0.07,义乌市衍郝电子商务商行,订单结算
2026-04-23 05:28:45,'2026042305283937721546660159,入账,3.23,聚合账户,货款结算入账,小店自卖,'6952022804093277766,'6952022804093277766,'SS76306419505336486900121,2026-04-12 21:20:41,'3809975766641410463,高级感水钻珠珠一字扭扭夹2026新款盘发抓夹后脑勺发量多发夹头饰,,,普通订单,3.25,0,0,0,0,0,0,0,0,0,0,0,-0.02,0,0,0,0,0,0,是-商品卡免佣,0.15,义乌市衍郝电子商务商行,订单结算
2026-04-23 05:28:45,'2026042305284113353951150159,入账,4.92,聚合账户,货款结算入账,小店自卖,'6925172958474567561,'6925172958474436489,'SS76307692551447557580019,2026-03-28 11:57:25,'3809962018493039033,学生必备！可爱小黄鸡皮筋发饰少女心发绳发圈女萌系儿童卡通发饰,,,普通订单,4.95,0,0,0,0,0,0,0,0,0,0,0,-0.03,0,0,0,0,0,0,是-商品卡免佣,0.22,义乌市衍郝电子商务商行,订单结算
2026-04-23 05:28:45,'2026042305284127772199030159,入账,8.45,聚合账户,货款结算入账,小店自卖,'6952151773766817136,'6952151773766817136,'SS76307081903844400640248,2026-04-17 05:56:51,'3800198492568289686,买一送一爆款凉拖鞋男士夏季情侣2026新款家居防滑防臭厚底拖鞋女,,,普通订单,8.9,0,0,0,0,0,0,0,0,0,0,0,-0.45,0,0,0,0,0,0,,0,义乌市衍郝电子商务商行,订单结算
2026-04-23 05:28:45,'2026042305283803607925950159,入账,4.64,聚合账户,货款结算入账,小店自卖,'6952022472194004804,'6952022472194004804,'SS76306666439494372270212,2026-04-12 17:52:32,'3797192698386055325,2025新款卡通抓夹女高级感鲨鱼夹大号后脑勺盘发发量大发夹发饰夏,,,普通订单,4.67,0,0,0,0,0,0,0,0,0,0,0,-0.03,0,0,0,0,0,0,是-商品卡免佣,0.22,义乌市衍郝电子商务商行,订单结算
2026-04-23 05:28:45,'2026042305284006935516520159,入账,4.46,聚合账户,货款结算入账,小店自卖,'6925548805509709344,'6925548805509709344,'SS76306666688022284890099,2026-04-12 18:55:19,'3806655969480540177,米菲兔巨显发量香蕉兔子后脑勺盘发百搭少女发饰时尚可爱波点大号,,,普通订单,4.49,0,0,0,0,0,0,0,0,0,0,0,-0.03,0,0,0,0,0,0,是-商品卡免佣,0.22,义乌市衍郝电子商务商行,订单结算
2026-04-23 05:28:45,'2026042305284010285921820159,入账,5.02,聚合账户,货款结算入账,小店自卖,'6925670597516427124,'6925670597516427124,'SS76306764393368008140154,2026-04-18 00:52:59,'3812240028327870813,粉色双面蝴蝶结香蕉夹竖夹超温柔!气质高马尾发夹后脑勺发夹发饰,,,普通订单,5.05,0,0,0,0,0,0,0,0,0,0,0,-0.03,0,0,0,0,0,0,是-商品卡免佣,0.22,义乌市衍郝电子商务商行,订单结算
2026-04-23 05:28:45,'2026042305284006726781950159,入账,2.96,聚合账户,货款结算入账,小店自卖,'6952014281713849411,'6952014281713849411,'SS76306668605555840350197,2026-04-12 22:39:49,'3807217918840799504,新款百搭2026可爱小狗香蕉夹竖夹发夹脑勺扭扭夹高马尾抓夹高级感,,,普通订单,2.98,0,0,0,0,0,0,0,0,0,0,0,-0.02,0,0,0,0,0,0,是-商品卡免佣,0.15,义乌市衍郝电子商务商行,订单结算
2026-04-23 05:28:45,'2026042305284127472857860159,入账,0.89,聚合账户,货款结算入账,小店自卖,'6952094938219091119,'6952094938219091119,'SS76305156638200837380233,2026-04-16 04:45:15,'3812961166053999319,ins爆款卡通蓬松夹鸭嘴夹一字夹化妆发夹超萌可爱猫咪少女刘海夹,,,普通订单,0.9,0,0,0,0,0,0,0,0,0,0,0,-0.01,0,0,0,0,0,0,是-商品卡免佣,0.07,义乌市衍郝电子商务商行,订单结算
2026-04-23 05:29:42,'2026042305293711968678460159,入账,2.41,聚合账户,货款结算入账,小店自卖,'6925655784761687654,'6925655784761687654,'SS76306588583060610910150,2026-04-17 00:53:08,'3771355796558971375,网红抓夹爆款2025新款高级感半扎发发夹后脑勺鲨鱼夹大号发量多,,,普通订单,4.43,0,0,0,0,0,0,0,0,0,0,-2,-0.02,0,0,0,0,0,0,是-商品卡免佣,0.15,义乌市衍郝电子商务商行,订单结算
2026-04-23 05:29:42,'2026042305293620682552860159,入账,6.14,聚合账户,货款结算入账,小店自卖,'6925552107985141734,'6925552107985141734,'SS76306678435498112000080,2026-04-12 22:49:43,'3797749369206342546,豹纹大肠发圈高级小众手工韩国新款头绳编织显发量马尾丸子头发绳,,,普通订单,6.18,0,0,0,0,0,0,0,0,0,0,0,-0.04,0,0,0,0,0,0,是-商品卡免佣,0.29,义乌市衍郝电子商务商行,订单结算
2026-04-23 05:29:42,'2026042305293730583526760159,入账,4.4,聚合账户,货款结算入账,小店自卖,'6925574351159459569,'6925574351159459569,'SS76307405599647380820170,2026-04-13 14:35:01,'3712259868460187975,气质抓夹大号发量多2024新款爆款发夹女后脑勺鲨鱼夹高级感头饰,,,普通订单,4.43,0,0,0,0,0,0,0,0,0,0,0,-0.03,0,0,0,0,0,0,是-商品卡免佣,0.22,义乌市衍郝电子商务商行,订单结算
2026-04-23 05:29:42,'2026042305293834353978940159,入账,2.7,聚合账户,货款结算入账,小店自卖,'6925572286363499579,'6925572286363499579,'SS76307248969135562330148,2026-04-13 13:22:17,'3752324139441062001,多款造型男士发箍潮男隐形压发背头波浪发窟头箍韩红色蝴蝶结发饰,,,普通订单,2.72,0,0,0,0,0,0,0,0,0,0,0,-0.02,0,0,0,0,0,0,是-商品卡免佣,0.15,义乌市衍郝电子商务商行,订单结算
2026-04-23 05:29:42,'2026042305293814892938670159,入账,3.46,聚合账户,货款结算入账,小店自卖,'6952028993231394597,'6952028993231394597,'SS76296205228252208910065,2026-04-13 17:46:53,'3812796426258350389,夏天简约随手盘发一字扭扭夹水钻抓夹高级发夹扭扭后脑勺盘发器,,,普通订单,4.68,0,0,0,0,0,0,0,0,0,0,-1.2,-0.02,0,0,0,0,0,0,是-商品卡免佣,0.15,义乌市衍郝电子商务商行,订单结算
2026-04-23 05:30:48,'2026042305304407156741520159,入账,4.87,聚合账户,货款结算入账,小店自卖,'6952000421501015210,'6952000421501015210,'SS76306425360634847130100,2026-04-12 19:29:08,'3800198492568289686,买一送一爆款凉拖鞋男士夏季情侣2026新款家居防滑防臭厚底拖鞋女,,,普通订单,4.9,0,0,0,0,0,0,0,0,0,0,0,-0.03,0,0,0,0,0,0,是-商品卡免佣,0.22,义乌市衍郝电子商务商行,订单结算
2026-04-23 05:30:48,'2026042305304514974162260159,入账,3.54,聚合账户,货款结算入账,小店自卖,'6952067715323074151,'6952067715322943079,'SS76306448967008919500093,2026-04-14 13:13:37,'3809980984917622883,韩系高马尾香蕉夹竖夹女2026新款高级感发夹后脑勺大发量发饰头饰,,,普通订单,3.56,0,0,0,0,0,0,0,0,0,0,0,-0.02,0,0,0,0,0,0,是-商品卡免佣,0.15,义乌市衍郝电子商务商行,订单结算
2026-04-23 05:30:48,'2026042305304527270679100159,入账,3.87,聚合账户,货款结算入账,小店自卖,'6925569512469462259,'6925569512469462259,'SS76307001094750380020192,2026-04-13 10:14:38,'3664304111760895437,头花洋气抓夹发卡新款爆款高弹力发圈皮筋扎头绳扎头发皮筋马尾圈,,,普通订单,3.89,0,0,0,0,0,0,0,0,0,0,0,-0.02,0,0,0,0,0,0,是-商品卡免佣,0.15,义乌市衍郝电子商务商行,订单结算
2026-04-23 05:30:48,'2026042305304434458056020159,入账,3.8,聚合账户,货款结算入账,小店自卖,'6952014375765808872,'6952014375765808872,'SS76306681253716669780012,2026-04-12 23:31:45,'3768979814174818449,2025新款气质大号盘发鸭嘴夹春夏发卡蝴蝶大号在成人抓夹碎发夹子,,,普通订单,3.82,0,0,0,0,0,0,0,0,0,0,0,-0.02,0,0,0,0,0,0,是-商品卡免佣,0.15,义乌市衍郝电子商务商行,订单结算
2026-04-23 05:30:48,'2026042305304312975480750159,入账,3.5,聚合账户,货款结算入账,小店自卖,'6925587241600187834,'6925587241600187834,'SS76308127579269862910007,2026-04-14 19:28:28,'3621925144525668908,波浪头箍发卡马尾压发优雅发带夹子夹头发压发扎头绳大肠发圈红色,,,普通订单,3.52,1.14,0,0,0,0,0,0,0,0,0,0,-0.02,0,0,0,0,0,0,是-商品卡免佣,0.15,义乌市衍郝电子商务商行,订单结算
2026-04-23 05:31:32,'2026042305312911869926830159,入账,2.28,聚合账户,货款结算入账,小店自卖,'6925552179125189838,'6925552179125189838,'SS76308011014991590740190,2026-04-12 23:11:44,'3812961166053999319,ins爆款卡通蓬松夹鸭嘴夹一字夹化妆发夹超萌可爱猫咪少女刘海夹,,,普通订单,2.29,0,0,0,0,0,0,0,0,0,0,0,-0.01,0,0,0,0,0,0,是-商品卡免佣,0.07,义乌市衍郝电子商务商行,订单结算
2026-04-23 05:31:32,'2026042305312912636370340159,入账,7.66,聚合账户,货款结算入账,小店自卖,'6925673947078753867,'6925673947078688331,'SS76308389185143649370239,2026-04-17 17:43:07,'3813158348195496156,公主发夹波点蝴蝶结夹小众香蕉2026新款发饰发卡洋气双排头花夹子,,,普通订单,7.71,0,0,0,0,0,0,0,0,0,0,0,-0.05,0,0,0,0,0,0,是-商品卡免佣,0.37,义乌市衍郝电子商务商行,订单结算
2026-04-23 05:31:32,'2026042305312732351029760159,入账,3.59,聚合账户,货款结算入账,小店自卖,'6952009955580646403,'6952009955580646403,'SS76306678523791608410158,2026-04-12 23:32:32,'3797749369206342546,豹纹大肠发圈高级小众手工韩国新款头绳编织显发量马尾丸子头发绳,,,普通订单,3.61,0,0,0,0,0,0,0,0,0,0,0,-0.02,0,0,0,0,0,0,是-商品卡免佣,0.15,义乌市衍郝电子商务商行,订单结算
2026-04-23 05:31:32,'2026042305312712089472060159,入账,4.11,聚合账户,货款结算入账,小店自卖,'6925538689678343600,'6925538689678343600,'SS76306666526505580040001,2026-04-12 19:53:58,'3784238937577488514,可爱猫咪香蕉夹女鲨鱼夹高级感发饰头饰韩大号在成人前额碎发夹子,,,普通订单,4.13,0.5,0,0,0,0,0,0,0,0,0,0,-0.02,0,0,0,0,0,0,是-商品卡免佣,0.15,义乌市衍郝电子商务商行,订单结算
2026-04-23 05:31:32,'2026042305312829365867920159,入账,2.96,聚合账户,货款结算入账,小店自卖,'6952000614547855022,'6952000614547855022,'SS76306667506551731300124,2026-04-12 21:19:37,'3807217918840799504,新款百搭2026可爱小狗香蕉夹竖夹发夹脑勺扭扭夹高马尾抓夹高级感,,,普通订单,2.98,0,0,0,0,0,0,0,0,0,0,0,-0.02,0,0,0,0,0,0,是-商品卡免佣,0.15,义乌市衍郝电子商务商行,订单结算
2026-04-23 05:35:25,'2026042305352138930519460159,入账,7.53,聚合账户,货款结算入账,小店自卖,'6925185751430299529,'6925185751430299529,'SS76307510142087050500182,2026-03-28 14:45:40,'3809975766641410463,高级感水钻珠珠一字扭扭夹2026新款盘发抓夹后脑勺发量多发夹头饰,,,普通订单,7.58,0,0,0,0,0,0,0,0,0,0,0,-0.05,0,0,0,0,0,0,是-商品卡免佣,0.37,义乌市衍郝电子商务商行,订单结算
2026-04-23 05:35:25,'2026042305352136832547900159,入账,19.34,聚合账户,货款结算入账,小店自卖,'6952041476519302799,'6952041476519237263,'SS76306851627786736830181,2026-04-13 13:11:09,'3813155747399860401,春日甜美感丸子头慵懒风超大发饰头绳超仙韩系碎花蕾丝大肠发圈女,,,普通订单,19.46,0,0,0,0,0,0,0,0,0,0,0,-0.12,0,0,0,0,0,0,是-商品卡免佣,0.88,义乌市衍郝电子商务商行,订单结算
2026-04-23 05:35:25,'2026042305352141277033150159,入账,8.85,聚合账户,货款结算入账,小店自卖,'6925559193945603841,'6925559193945603841,'SS76307389933446436470037,2026-04-13 09:53:02,'3800198492568289686,买一送一爆款凉拖鞋男士夏季情侣2026新款家居防滑防臭厚底拖鞋女,,,普通订单,8.9,0,0,0,0,0,0,0,0,0,0,0,-0.05,0,0,0,0,0,0,是-商品卡免佣,0.37,义乌市衍郝电子商务商行,订单结算
2026-04-23 05:35:25,'2026042305352129579679150159,入账,3.54,聚合账户,货款结算入账,小店自卖,'6925554660338728172,'6925554660338728172,'SS76306668119195366660027,2026-04-12 23:48:27,'3799240809392504924,韩国东大门同款碎发夹气质水钻侧边刘海夹子女高颜值发卡头饰BB夹,,,普通订单,3.56,0,0,0,0,0,0,0,0,0,0,0,-0.02,0,0,0,0,0,0,是-商品卡免佣,0.15,义乌市衍郝电子商务商行,订单结算
2026-04-23 05:35:25,'2026042305352141287191580159,入账,7.01,聚合账户,货款结算入账,小店自卖,'6952070990281380920,'6952070990281380920,'SS76306557266060910420161,2026-04-15 09:16:10,'3800918464336625694,韩式少女心花朵发夹女2026新款甜美前额侧边发卡一字夹刘海夹发饰,,,普通订单,7.05,0.8,0,0,0,0,0,0,0,0,0,0,-0.04,0,0,0,0,0,0,是-商品卡免佣,0.29,义乌市衍郝电子商务商行,订单结算
2026-04-23 05:35:37,'2026042305353506508099190159,入账,5.46,聚合账户,货款结算入账,小店自卖,'6952151301149431488,'6952151301149431488,'SS76308043442670149470250,2026-04-18 10:54:52,'3806655969480540177,米菲兔巨显发量香蕉兔子后脑勺盘发百搭少女发饰时尚可爱波点大号,,,普通订单,5.49,0,0,0,0,0,0,0,0,0,0,0,-0.03,0,0,0,0,0,0,是-商品卡免佣,0.22,义乌市衍郝电子商务商行,订单结算
2026-04-23 05:35:37,'2026042305353209774863780159,入账,2.86,聚合账户,货款结算入账,小店自卖,'6925634710994254906,'6925634710994254906,'SS76307384809934195710080,2026-04-16 13:19:09,'3797749369206342546,豹纹大肠发圈高级小众手工韩国新款头绳编织显发量马尾丸子头发绳,,,普通订单,2.88,0,0,0,0,0,0,0,0,0,0,0,-0.02,0,0,0,0,0,0,是-商品卡免佣,0.15,义乌市衍郝电子商务商行,订单结算
2026-04-23 05:35:37,'2026042305353431042319720159,入账,4.96,聚合账户,货款结算入账,小店自卖,'6925544238181744506,'6925544238181744506,'SS76306420308785116510133,2026-04-12 16:52:37,'3809625164249956608,孕妇专用防滑拖鞋女士夏季家居家室内静音浴室洗澡防臭凉拖鞋外穿,,,普通订单,4.99,0,0,0,0,0,0,0,0,0,0,0,-0.03,0,0,0,0,0,0,是-商品卡免佣,0.22,义乌市衍郝电子商务商行,订单结算
2026-04-23 05:35:37,'2026042305353236540910270159,入账,6.37,聚合账户,货款结算入账,小店自卖,'6951868536935748668,'6951868536935748668,'SS76306647238990280080236,2026-04-07 19:26:23,'3752323576548688241,中国风孔雀盘发器女生古典旗袍发饰丸子懒人高级感饰品优雅发夹女,,,普通订单,6.41,0,0,0,0,0,0,0,0,0,0,0,-0.04,0,0,0,0,0,0,是-商品卡免佣,0.29,义乌市衍郝电子商务商行,订单结算
2026-04-23 05:35:37,'2026042305353400136689060159,入账,3.17,聚合账户,货款结算入账,小店自卖,'6952026995784750552,'6952026995784750552,'SS76306665965845875390118,2026-04-12 17:31:19,'3783078151580680667,jennie同款发夹黑色蝴蝶结气质头饰2025大号在成人前额碎发夹子,,,普通订单,3.19,0,0,0,0,0,0,0,0,0,0,0,-0.02,0,0,0,0,0,0,是-商品卡免佣,0.15,义乌市衍郝电子商务商行,订单结算
2026-04-23 05:36:34,'2026042305363136877110170159,入账,5.65,聚合账户,货款结算入账,小店自卖,'6925576682827644509,'6925576682827644509,'SS76307466153515425680189,2026-04-13 14:28:13,'3782888475330740360,可爱毛绒米菲兔大号魔术贴卡通hellokitty发饰刘海碎发刘海贴神器,,,普通订单,5.68,0.3,0,0,0,0,0,0,0,0,0,0,-0.03,0,0,0,0,0,0,是-商品卡免佣,0.22,义乌市衍郝电子商务商行,订单结算
2026-04-23 05:36:34,'2026042305363137561475190159,入账,9.6,聚合账户,货款结算入账,小店自卖,'6952027848352470788,'6952027848352470788,'SS76306668425253729430016,2026-04-13 02:38:46,'3768979814174818449,2025新款气质大号盘发鸭嘴夹春夏发卡蝴蝶大号在成人抓夹碎发夹子,,,普通订单,9.66,0,0,0,0,0,0,0,0,0,0,0,-0.06,0,0,0,0,0,0,是-商品卡免佣,0.44,义乌市衍郝电子商务商行,订单结算
2026-04-23 05:36:34,'2026042305363111634447420159,入账,9.92,聚合账户,货款结算入账,小店自卖,'6952032119030617563,'6952032119030617563,'SS76306672271991114510128,2026-04-13 06:31:59,'3809625164249956608,孕妇专用防滑拖鞋女士夏季家居家室内静音浴室洗澡防臭凉拖鞋外穿,,,普通订单,9.98,0,0,0,0,0,0,0,0,0,0,0,-0.06,0,0,0,0,0,0,是-商品卡免佣,0.44,义乌市衍郝电子商务商行,订单结算
2026-04-23 05:36:34,'2026042305363121023787930159,入账,6.37,聚合账户,货款结算入账,小店自卖,'6952032059275023625,'6952032059275023625,'SS76306668320579914500237,2026-04-13 02:18:08,'3752323576548688241,中国风孔雀盘发器女生古典旗袍发饰丸子懒人高级感饰品优雅发夹女,,,普通订单,6.41,0,0,0,0,0,0,0,0,0,0,0,-0.04,0,0,0,0,0,0,是-商品卡免佣,0.29,义乌市衍郝电子商务商行,订单结算
2026-04-23 05:36:34,'2026042305363026983183820159,入账,7.53,聚合账户,货款结算入账,小店自卖,'6951640934394959105,'6951640934394959105,'SS76307510220213130640086,2026-03-28 17:03:40,'3809975766641410463,高级感水钻珠珠一字扭扭夹2026新款盘发抓夹后脑勺发量多发夹头饰,,,普通订单,7.58,0,0,0,0,0,0,0,0,0,0,0,-0.05,0,0,0,0,0,0,是-商品卡免佣,0.37,义乌市衍郝电子商务商行,订单结算
2026-04-23 05:36:34,'2026042305362939889144510159,入账,4.85,聚合账户,货款结算入账,小店自卖,'6952103444751324319,'6952103444751324319,'SS76308509883806026510064,2026-04-15 23:29:21,'3807217918840799504,新款百搭2026可爱小狗香蕉夹竖夹发夹脑勺扭扭夹高马尾抓夹高级感,,,普通订单,4.88,0,0,0,0,0,0,0,0,0,0,0,-0.03,0,0,0,0,0,0,是-商品卡免佣,0.22,义乌市衍郝电子商务商行,订单结算
2026-04-23 05:36:34,'2026042305363118930736910159,入账,8.85,聚合账户,货款结算入账,小店自卖,'6952007241872053569,'6952007241872053569,'SS76306422722160566170148,2026-04-12 19:40:19,'3800198492568289686,买一送一爆款凉拖鞋男士夏季情侣2026新款家居防滑防臭厚底拖鞋女,,,普通订单,8.9,0,0,0,0,0,0,0,0,0,0,0,-0.05,0,0,0,0,0,0,是-商品卡免佣,0.37,义乌市衍郝电子商务商行,订单结算
2026-04-23 05:36:34,'2026042305363105588585340159,入账,3.47,聚合账户,货款结算入账,小店自卖,'6952023060345263706,'6952023060345263706,'SS76306665842897065590024,2026-04-12 23:16:59,'3806655969480540177,米菲兔巨显发量香蕉兔子后脑勺盘发百搭少女发饰时尚可爱波点大号,,,普通订单,3.49,0,0,0,0,0,0,0,0,0,0,0,-0.02,0,0,0,0,0,0,是-商品卡免佣,0.15,义乌市衍郝电子商务商行,订单结算
2026-04-23 05:36:34,'2026042305363111504072080159,入账,4.96,聚合账户,货款结算入账,小店自卖,'6925559037701553474,'6925559037701553474,'SS76307241440532078480012,2026-04-13 09:02:35,'3809625164249956608,孕妇专用防滑拖鞋女士夏季家居家室内静音浴室洗澡防臭凉拖鞋外穿,,,普通订单,4.99,0,0,0,0,0,0,0,0,0,0,0,-0.03,0,0,0,0,0,0,是-商品卡免佣,0.22,义乌市衍郝电子商务商行,订单结算
2026-04-23 05:36:51,'2026042305364740865472420159,入账,0.89,聚合账户,货款结算入账,小店自卖,'6925675330261057127,'6925675330261057127,'SS76307695427882032700222,2026-04-18 10:36:07,'3812961166053999319,ins爆款卡通蓬松夹鸭嘴夹一字夹化妆发夹超萌可爱猫咪少女刘海夹,,,普通订单,0.01,0,0,0.89,0,0,0,0,0,0,0,0,-0.01,0,0,0,0,0,0,是-商品卡免佣,0.07,义乌市衍郝电子商务商行,订单结算
2026-04-23 05:36:51,'2026042305364616994148380159,入账,5.13,聚合账户,货款结算入账,小店自卖,'6925554154734518162,'6925554154734518162,'SS76306667346055665000099,2026-04-12 21:06:52,'3752322399887033276,短发留长发过渡期神器半扎发发夹女后脑勺大号在成人前额碎发夹子,,,普通订单,5.16,0.8,0,0,0,0,0,0,0,0,0,0,-0.03,0,0,0,0,0,0,是-商品卡免佣,0.22,义乌市衍郝电子商务商行,订单结算
2026-04-23 05:36:51,'2026042305364828523732910159,入账,3.63,聚合账户,货款结算入账,小店自卖,'6951993594113430751,'6951993594113430751,'SS76306657104036377980129,2026-04-12 16:42:43,'3810919823941174195,中式复古洋气多层小蛮腰褶皱印花肥肠圈高端水墨皮筋耐用新款发圈,,,普通订单,3.65,0,0,0,0,0,0,0,0,0,0,0,-0.02,0,0,0,0,0,0,是-商品卡免佣,0.15,义乌市衍郝电子商务商行,订单结算
2026-04-23 05:36:51,'2026042305364621992737910159,入账,1.78,聚合账户,货款结算入账,小店自卖,'6925670285563166587,'6925670285563166587,'SS76306581368410278810112,2026-04-17 22:18:48,'3812794010364412322,趣味黑皮kitty猫魔术贴超可爱猫咪整理碎发刘海贴魔术贴发卡化妆,,,普通订单,0.01,0,0,1.78,0,0,0,0,0,0,0,0,-0.01,0,0,0,0,0,0,是-商品卡免佣,0.07,义乌市衍郝电子商务商行,订单结算
2026-04-23 05:36:51,'2026042305364809320041150159,入账,4.46,聚合账户,货款结算入账,小店自卖,'6925560287718244141,'6925560287718244141,'SS76306420320961050230137,2026-04-12 21:51:32,'3809625164249956608,孕妇专用防滑拖鞋女士夏季家居家室内静音浴室洗澡防臭凉拖鞋外穿,,,普通订单,0.01,0,0,4.48,0,0,0,0,0,0,0,0,-0.03,0,0,0,0,0,0,是-商品卡免佣,0.22,义乌市衍郝电子商务商行,订单结算
2026-04-23 05:37:08,'2026042305370527231729060159,入账,5.81,聚合账户,货款结算入账,小店自卖,'6925679776090652541,'6925679776090652541,'SS76308669919431729180238,2026-04-18 11:04:43,'3622287094237556075,网红爆款可爱发夹头饰发卡卡子发圈大肠发圈2026发夹发饰橡皮头花,,,普通订单,5.85,0.5,0,0,0,0,0,0,0,0,0,0,-0.04,0,0,0,0,0,0,是-商品卡免佣,0.29,义乌市衍郝电子商务商行,订单结算
2026-04-23 05:37:08,'2026042305370531837763190159,入账,8.45,聚合账户,货款结算入账,小店自卖,'6925657588276035100,'6925657588276035100,'SS76306942905115610100200,2026-04-17 04:28:24,'3800198492568289686,买一送一爆款凉拖鞋男士夏季情侣2026新款家居防滑防臭厚底拖鞋女,,,普通订单,4.93,0,0,3.97,0,0,0,0,0,0,0,0,-0.45,0,0,0,0,0,0,,0,义乌市衍郝电子商务商行,订单结算
2026-04-23 05:37:08,'2026042305370440903319040159,入账,1.73,聚合账户,货款结算入账,小店自卖,'6952144194448529358,'6952144194448529358,'SS76307860996151053060223,2026-04-18 07:51:28,'3813145673738618410,春天系大肠发圈韩系波点发绳甜美扎头发蕾丝花边碎花大发圈皮筋女,,,普通订单,0.01,0,0,1.73,0,0,0,0,0,0,0,0,-0.01,0,0,0,0,0,0,是-商品卡免佣,0.07,义乌市衍郝电子商务商行,订单结算
2026-04-23 05:37:08,'2026042305370524719857070159,入账,8.45,聚合账户,货款结算入账,小店自卖,'6925678896488611410,'6925678896488611410,'SS76308111873379579390232,2026-04-17 22:44:51,'3800198492568289686,买一送一爆款凉拖鞋男士夏季情侣2026新款家居防滑防臭厚底拖鞋女,,,普通订单,5.9,0,0,3,0,0,0,0,0,0,0,0,-0.45,0,0,0,0,0,0,,0,义乌市衍郝电子商务商行,订单结算
2026-04-23 05:37:08,'2026042305370519924585370159,入账,3.63,聚合账户,货款结算入账,小店自卖,'6925560660113719160,'6925560660113719160,'SS76306657034316357660119,2026-04-12 23:46:25,'3810919823941174195,中式复古洋气多层小蛮腰褶皱印花肥肠圈高端水墨皮筋耐用新款发圈,,,普通订单,3.65,0,0,0,0,0,0,0,0,0,0,0,-0.02,0,0,0,0,0,0,是-商品卡免佣,0.15,义乌市衍郝电子商务商行,订单结算
2026-04-23 05:38:00,'2026042305375727268062990159,入账,3.87,聚合账户,货款结算入账,小店自卖,'6952039260062553289,'6952039260062553289,'SS76307428116793592750224,2026-04-13 12:01:12,'3806656594406670373,虞书欣同款发扣小金属圆圈环扣刘海前额侧边边夹发夹抓夹发卡夹子,,,普通订单,3.89,0,0,0,0,0,0,0,0,0,0,0,-0.02,0,0,0,0,0,0,是-商品卡免佣,0.15,义乌市衍郝电子商务商行,订单结算
2026-04-23 05:38:00,'2026042305375631839851710159,入账,3.23,聚合账户,货款结算入账,小店自卖,'6925545688862129943,'6925545688862129943,'SS76307372954272566390237,2026-04-13 08:31:11,'3809975766641410463,高级感水钻珠珠一字扭扭夹2026新款盘发抓夹后脑勺发量多发夹头饰,,,普通订单,3.25,0,0,0,0,0,0,0,0,0,0,0,-0.02,0,0,0,0,0,0,是-商品卡免佣,0.15,义乌市衍郝电子商务商行,订单结算
2026-04-23 05:38:00,'2026042305375635747760910159,入账,4.96,聚合账户,货款结算入账,小店自卖,'6952018142153414007,'6952018142153414007,'SS76306673534076523780214,2026-04-12 19:16:31,'3812961166053999319,ins爆款卡通蓬松夹鸭嘴夹一字夹化妆发夹超萌可爱猫咪少女刘海夹,,,普通订单,4.99,0,0,0,0,0,0,0,0,0,0,0,-0.03,0,0,0,0,0,0,是-商品卡免佣,0.22,义乌市衍郝电子商务商行,订单结算
2026-04-23 05:38:00,'2026042305375723624425020159,入账,8.45,聚合账户,货款结算入账,小店自卖,'6925574924714147242,'6925574924714147242,'SS76307869928333969980193,2026-04-13 18:56:34,'3800198492568289686,买一送一爆款凉拖鞋男士夏季情侣2026新款家居防滑防臭厚底拖鞋女,,,普通订单,8.9,0,0,0,0,0,0,0,0,0,0,0,-0.45,0,0,0,0,0,0,,0,义乌市衍郝电子商务商行,订单结算
2026-04-23 05:38:00,'2026042305375436461289060159,入账,4.87,聚合账户,货款结算入账,小店自卖,'6952039216426915293,'6952039216426915293,'SS76307241917804385690062,2026-04-13 11:26:10,'3800198492568289686,买一送一爆款凉拖鞋男士夏季情侣2026新款家居防滑防臭厚底拖鞋女,,,普通订单,3.9,0,0,0,0,0,0,0,0,1,0,0,-0.03,0,0,0,0,0,0,是-商品卡免佣,0.22,义乌市衍郝电子商务商行,订单结算
2026-04-23 05:38:03,'2026042305380010377958800159,入账,3.31,聚合账户,货款结算入账,小店自卖,'6952000549234283853,'6952000549234283853,'SS76306667504389862670058,2026-04-12 20:41:35,'3773433055411306662,2025太太高级鸭嘴气质马尾夹子头饰精致水大号在成人前额碎发夹子,,,普通订单,3.48,0,0,0,0,0,0,0,0,0,0,0,-0.17,0,0,0,0,0,0,,0,义乌市衍郝电子商务商行,订单结算
2026-04-23 05:38:03,'2026042305375903620541440159,入账,3.47,聚合账户,货款结算入账,小店自卖,'6925542953133375435,'6925542953133375435,'SS76306656970185116260086,2026-04-12 23:56:58,'3811094049524416689,韩国时尚高级感印花大肠发圈女2026新款气质马尾皮筋弹力耐用头绳,,,普通订单,0.46,0,0,3.19,0,0,0,0,0,0,0,0,-0.18,0,0,0,0,0,0,,0,义乌市衍郝电子商务商行,订单结算
2026-04-23 05:38:03,'2026042305375924839784960159,入账,5.03,聚合账户,货款结算入账,小店自卖,'6925692307392658616,'6925692307392658616,'SS76306314168791373230079,2026-04-18 12:44:41,'3809625164249956608,孕妇专用防滑拖鞋女士夏季家居家室内静音浴室洗澡防臭凉拖鞋外穿,,,普通订单,5.03,0,0,0.26,0,0,0,0,0,0,0,0,-0.26,0,0,0,0,0,0,,0,义乌市衍郝电子商务商行,订单结算
2026-04-23 05:38:03,'2026042305380023659481950159,入账,1.75,聚合账户,货款结算入账,小店自卖,'6925559056450616472,'6925559056450616472,'SS76307374126680356360179,2026-04-13 08:43:44,'3809975766641410463,高级感水钻珠珠一字扭扭夹2026新款盘发抓夹后脑勺发量多发夹头饰,,,普通订单,1.76,0,0,0,0,0,0,0,0,0,0,0,-0.01,0,0,0,0,0,0,是-商品卡免佣,0.07,义乌市衍郝电子商务商行,订单结算
2026-04-23 05:38:03,'2026042305375928451149150159,入账,3.13,聚合账户,货款结算入账,小店自卖,'6952014456687301920,'6952014456687301920,'SS76306658408237309540189,2026-04-13 00:46:42,'3810919823941174195,中式复古洋气多层小蛮腰褶皱印花肥肠圈高端水墨皮筋耐用新款发圈,,,普通订单,0.15,0,0,3,0,0,0,0,0,0,0,0,-0.02,0,0,0,0,0,0,是-商品卡免佣,0.15,义乌市衍郝电子商务商行,订单结算
2026-04-23 05:38:14,'2026042305381120986967670159,入账,2.61,聚合账户,货款结算入账,小店自卖,'6925672664727977829,'6925672664727977829,'SS76307520104505183350042,2026-04-18 04:21:46,'3770291082655564062,黑色H字母抓夹女2025新款后脑勺盘发夹子大号在成人大号毛绒鲨鱼,,,普通订单,2.63,0,0,0,0,0,0,0,0,0,0,0,-0.02,0,0,0,0,0,0,是-商品卡免佣,0.15,义乌市衍郝电子商务商行,订单结算
2026-04-23 05:38:14,'2026042305381210042089370159,入账,1.98,聚合账户,货款结算入账,小店自卖,'6925561620666351475,'6925561620666351475,'SS76307376784608466260104,2026-04-13 12:06:41,'3812796426258350389,夏天简约随手盘发一字扭扭夹水钻抓夹高级发夹扭扭后脑勺盘发器,,,普通订单,1.99,0,0,0,0,0,0,0,0,0,0,0,-0.01,0,0,0,0,0,0,是-商品卡免佣,0.07,义乌市衍郝电子商务商行,订单结算
2026-04-23 05:38:14,'2026042305381120888461160159,入账,4.86,聚合账户,货款结算入账,小店自卖,'6952016897268716616,'6952016897268716616,'SS76306669413009170300202,2026-04-13 07:08:16,'3811102963569655948,春夏撞色蝴蝶结发夹发卡女后脑勺2026新款气质大号盘发鸭嘴夹发饰,,,普通订单,4.89,0,0,0,0,0,0,0,0,0,0,0,-0.03,0,0,0,0,0,0,是-商品卡免佣,0.22,义乌市衍郝电子商务商行,订单结算
2026-04-23 05:38:14,'2026042305381131143081590159,入账,4.28,聚合账户,货款结算入账,小店自卖,'6925554353492491742,'6925554353492491742,'SS76306668470884603260065,2026-04-12 22:16:52,'3752323855864168814,飘带齿梳发箍波浪高颅顶高颅顶宫廷编发发箍女复红色蝴蝶结发饰,,,普通订单,4.31,0,0,0,0,0,0,0,0,0,0,0,-0.03,0,0,0,0,0,0,是-商品卡免佣,0.22,义乌市衍郝电子商务商行,订单结算
2026-04-23 05:38:14,'2026042305381028363497150159,入账,6.09,聚合账户,货款结算入账,小店自卖,'6925558196175207867,'6925558196175207867,'SS76306667847698025470191,2026-04-12 21:43:29,'3752323576548688241,中国风孔雀盘发器女生古典旗袍发饰丸子懒人高级感饰品优雅发夹女,,,普通订单,6.41,0,0,0,0,0,0,0,0,0,0,0,-0.32,0,0,0,0,0,0,,0,义乌市衍郝电子商务商行,订单结算
2026-04-23 05:38:17,'2026042305381412334205780159,入账,8.85,聚合账户,货款结算入账,小店自卖,'6952143195599280057,'6952143195599280057,'SS76306342250082143350163,2026-04-17 13:41:24,'3800198492568289686,买一送一爆款凉拖鞋男士夏季情侣2026新款家居防滑防臭厚底拖鞋女,,,普通订单,8.9,0,0,0,0,0,0,0,0,0,0,0,-0.05,0,0,0,0,0,0,是-商品卡免佣,0.37,义乌市衍郝电子商务商行,订单结算
2026-04-23 05:38:17,'2026042305381403653145750159,入账,5.46,聚合账户,货款结算入账,小店自卖,'6925551047596867553,'6925551047596867553,'SS76306665878010967040127,2026-04-12 15:56:10,'3806655969480540177,米菲兔巨显发量香蕉兔子后脑勺盘发百搭少女发饰时尚可爱波点大号,,,普通订单,5.49,0,0,0,0,0,0,0,0,0,0,0,-0.03,0,0,0,0,0,0,是-商品卡免佣,0.22,义乌市衍郝电子商务商行,订单结算
2026-04-23 05:38:17,'2026042305381302102891920159,入账,4.65,聚合账户,货款结算入账,巨量千川,'6952110880265148201,'6952110880265148201,'SS76307027776709757780020,2026-04-16 16:29:49,'3800198492568289686,买一送一爆款凉拖鞋男士夏季情侣2026新款家居防滑防臭厚底拖鞋女,,,普通订单,1.9,0,0,3,0,0,0,0,0,0,0,0,-0.25,0,0,0,0,0,0,,0,义乌市衍郝电子商务商行,订单结算
2026-04-23 05:38:17,'2026042305381403327921140159,入账,5.55,聚合账户,货款结算入账,小店自卖,'6952005119286252564,'6952005119286252564,'SS76306667247174988950220,2026-04-12 20:21:01,'3784186729943138333,韩系ins风可爱小狗蕾丝花边蝴蝶结大肠发圈甜美黑色高级大肠发圈,,,普通订单,1.58,0,0,4,0,0,0,0,0,0,0,0,-0.03,0,0,0,0,0,0,是-商品卡免佣,0.22,义乌市衍郝电子商务商行,订单结算
2026-04-23 05:38:17,'2026042305381315908910540159,入账,4.85,聚合账户,货款结算入账,小店自卖,'6951998200380921213,'6951998200380921213,'SS76306666505560888780114,2026-04-12 18:57:47,'3807217918840799504,新款百搭2026可爱小狗香蕉夹竖夹发夹脑勺扭扭夹高马尾抓夹高级感,,,普通订单,4.88,0,0,0,0,0,0,0,0,0,0,0,-0.03,0,0,0,0,0,0,是-商品卡免佣,0.22,义乌市衍郝电子商务商行,订单结算
2026-04-23 05:38:17,'2026042305381335785285470159,入账,3.94,聚合账户,货款结算入账,小店自卖,'6952029481388938482,'6952029481388938482,'SS76307365323331340890182,2026-04-12 21:28:45,'3772296424570617894,白色田园风法式蕾丝三角巾甜美包头发带头巾新款丝巾发绳女头饰,,,普通订单,3.96,0,0,0,0,0,0,0,0,0,0,0,-0.02,0,0,0,0,0,0,是-商品卡免佣,0.15,义乌市衍郝电子商务商行,订单结算
2026-04-23 05:38:17,'2026042305381517767347660159,入账,5.83,聚合账户,货款结算入账,小店自卖,'6952144215878211531,'6952144215878211531,'SS76308106491863211610008,2026-04-18 07:15:58,'3782140145747230976,白鹿可爱黑色洋气蝴蝶结发夹头饰网红爆款大号在成人新款发夹子,,,普通订单,5.87,0,0,0,0,0,0,0,0,0,0,0,-0.04,0,0,0,0,0,0,是-商品卡免佣,0.29,义乌市衍郝电子商务商行,订单结算
2026-04-23 05:38:17,'2026042305381425435835230159,入账,2.75,聚合账户,货款结算入账,小店自卖,'6952133463989688257,'6952133463989688257,'SS76305995388582141840066,2026-04-16 19:52:05,'3809265632504053775,韩系波点椭圆刘海插梳碎发整理神器发插女后脑勺倒插梳子发卡发饰,,,普通订单,0.01,0,0,2.89,0,0,0,0,0,0,0,0,-0.15,0,0,0,0,0,0,,0,义乌市衍郝电子商务商行,订单结算
2026-04-23 05:38:18,'2026042305381321571015680159,入账,3.36,聚合账户,货款结算入账,小店自卖,'6925558833672257039,'6925558833672257039,'SS76306420666073093750010,2026-04-13 05:58:21,'3812796426258350389,夏天简约随手盘发一字扭扭夹水钻抓夹高级发夹扭扭后脑勺盘发器,,,普通订单,3.38,0,0,0,0,0,0,0,0,0,0,0,-0.02,0,0,0,0,0,0,是-商品卡免佣,0.15,义乌市衍郝电子商务商行,订单结算
2026-04-23 05:38:18,'2026042305381401811909470159,入账,2.85,聚合账户,货款结算入账,小店自卖,'6925555322429865781,'6925555322429865781,'SS76306792710274916300231,2026-04-13 10:17:36,'3794075048172716228,安可拉红色蝴蝶镶钻头绳女高端网红扎头花高弹力马尾耐用皮筋发圈,,,普通订单,0.01,0,0,2.99,0,0,0,0,0,0,0,0,-0.15,0,0,0,0,0,0,,0,义乌市衍郝电子商务商行,订单结算
2026-04-23 05:38:30,'2026042305382607299080110159,入账,5.65,聚合账户,货款结算入账,小店自卖,'6925574810045873872,'6925574810045873872,'SS76308312563321615760124,2026-04-13 17:39:32,'3812796426258350389,夏天简约随手盘发一字扭扭夹水钻抓夹高级发夹扭扭后脑勺盘发器,,,普通订单,5.68,0,0,0,0,0,0,0,0,0,0,0,-0.03,0,0,0,0,0,0,是-商品卡免佣,0.22,义乌市衍郝电子商务商行,订单结算
2026-04-23 05:38:30,'2026042305382718108626350159,入账,5.46,聚合账户,货款结算入账,小店自卖,'6925544536135400673,'6925544536135400673,'SS76306666004971197870174,2026-04-12 19:35:25,'3806655969480540177,米菲兔巨显发量香蕉兔子后脑勺盘发百搭少女发饰时尚可爱波点大号,,,普通订单,5.49,0,0,0,0,0,0,0,0,0,0,0,-0.03,0,0,0,0,0,0,是-商品卡免佣,0.22,义乌市衍郝电子商务商行,订单结算
2026-04-23 05:38:30,'2026042305382616451505060159,入账,2.52,聚合账户,货款结算入账,小店自卖,'6925542929986322372,'6925542929986322372,'SS76306668905052452240077,2026-04-12 23:32:23,'3776807804489302292,豹纹ins爱心发夹女一字夹高端碎发前额刘大号在成人前额碎发夹子,,,普通订单,2.54,0,0,0,0,0,0,0,0,0,0,0,-0.02,0,0,0,0,0,0,是-商品卡免佣,0.15,义乌市衍郝电子商务商行,订单结算
2026-04-23 05:38:30,'2026042305382630507835290159,入账,3.83,聚合账户,货款结算入账,小店自卖,'6952018817777735115,'6952018817777735115,'SS76306668499706186300193,2026-04-13 02:57:02,'3810919823941174195,中式复古洋气多层小蛮腰褶皱印花肥肠圈高端水墨皮筋耐用新款发圈,,,普通订单,3.85,0,0,0,0,0,0,0,0,0,0,0,-0.02,0,0,0,0,0,0,是-商品卡免佣,0.15,义乌市衍郝电子商务商行,订单结算
2026-04-23 05:38:30,'2026042305382630127764670159,入账,2.61,聚合账户,货款结算入账,小店自卖,'6952025840236500738,'6952025840236500738,'SS76307429830377641370162,2026-04-13 12:01:45,'3809980984917622883,韩系高马尾香蕉夹竖夹女2026新款高级感发夹后脑勺大发量发饰头饰,,,普通订单,2.63,0,0,0,0,0,0,0,0,0,0,0,-0.02,0,0,0,0,0,0,是-商品卡免佣,0.15,义乌市衍郝电子商务商行,订单结算
2026-04-23 05:38:37,'2026042305383228844692480159,入账,9.93,聚合账户,货款结算入账,小店自卖,'6952052657682126272,'6952052657682126272,'SS76307050922158333960063,2026-04-13 12:31:07,'3806655969480540177,米菲兔巨显发量香蕉兔子后脑勺盘发百搭少女发饰时尚可爱波点大号,,,普通订单,9.99,0,0,0,0,0,0,0,0,0,0,0,-0.06,0,0,0,0,0,0,是-商品卡免佣,0.44,义乌市衍郝电子商务商行,订单结算
2026-04-23 05:38:37,'2026042305383305887593360159,入账,3.23,聚合账户,货款结算入账,小店自卖,'6952036262842144499,'6952036262842144499,'SS76306605178209121550217,2026-04-12 23:30:29,'3809975766641410463,高级感水钻珠珠一字扭扭夹2026新款盘发抓夹后脑勺发量多发夹头饰,,,普通订单,3.25,0,0,0,0,0,0,0,0,0,0,0,-0.02,0,0,0,0,0,0,是-商品卡免佣,0.15,义乌市衍郝电子商务商行,订单结算
2026-04-23 05:38:37,'2026042305383406545290240159,入账,3.67,聚合账户,货款结算入账,小店自卖,'6925567185033460888,'6925567185033460888,'SS76306793434850965000084,2026-04-13 11:01:44,'3809650689257373710,2026新款复古港风蓝色发夹女气质前额刘海夹后脑勺碎发夹发卡头饰,,,普通订单,3.69,0,0,0,0,0,0,0,0,0,0,0,-0.02,0,0,0,0,0,0,是-商品卡免佣,0.15,义乌市衍郝电子商务商行,订单结算
2026-04-23 05:38:37,'2026042305383321435195220159,入账,2.83,聚合账户,货款结算入账,小店自卖,'6952041486039586731,'6952041486039586731,'SS76307124618513618070022,2026-04-13 13:17:59,'3812240028327870813,粉色双面蝴蝶结香蕉夹竖夹超温柔!气质高马尾发夹后脑勺发夹发饰,,,普通订单,0.01,0,0,2.97,0,0,0,0,0,0,0,0,-0.15,0,0,0,0,0,0,,0,义乌市衍郝电子商务商行,订单结算
2026-04-23 05:38:37,'2026042305383341618639510159,入账,3.47,聚合账户,货款结算入账,小店自卖,'6951643241054737744,'6951643241054737744,'SS76306678592505656380133,2026-03-28 19:05:45,'3806655969480540177,米菲兔巨显发量香蕉兔子后脑勺盘发百搭少女发饰时尚可爱波点大号,,,普通订单,0.49,0,0,3,0,0,0,0,0,0,0,0,-0.02,0,0,0,0,0,0,是-商品卡免佣,0.15,义乌市衍郝电子商务商行,订单结算
2026-04-23 05:38:43,'2026042305384015668518590159,入账,8.85,聚合账户,货款结算入账,小店自卖,'6952028308849628736,'6952028308849628736,'SS76307389232156390490056,2026-04-13 11:18:50,'3800198492568289686,买一送一爆款凉拖鞋男士夏季情侣2026新款家居防滑防臭厚底拖鞋女,,,普通订单,8.9,0,0,0,0,0,0,0,0,0,0,0,-0.05,0,0,0,0,0,0,是-商品卡免佣,0.37,义乌市衍郝电子商务商行,订单结算
2026-04-23 05:38:43,'2026042305383731507625320159,入账,5.03,聚合账户,货款结算入账,小店自卖,'6925669916829384606,'6925669916829384606,'SS76307368530663183860079,2026-04-17 19:31:20,'3809625164249956608,孕妇专用防滑拖鞋女士夏季家居家室内静音浴室洗澡防臭凉拖鞋外穿,,,普通订单,5.29,0,0,0,0,0,0,0,0,0,0,0,-0.26,0,0,0,0,0,0,,0,义乌市衍郝电子商务商行,订单结算
2026-04-23 05:38:43,'2026042305383941240174710159,入账,2.94,聚合账户,货款结算入账,小店自卖,'6925658301398547776,'6925658301398547776,'SS76308405991674027520138,2026-04-17 11:49:55,'3806642726066323803,2026新款百搭高级感可爱小狗香蕉夹竖夹发夹脑勺扭扭夹高马尾抓夹,,,普通订单,2.4,0,0,0,0,0,0,0,0,0.56,0,0,-0.02,0,0,0,0,0,0,是-商品卡免佣,0.15,义乌市衍郝电子商务商行,订单结算
2026-04-23 05:38:43,'2026042305384009733573540159,入账,6.64,聚合账户,货款结算入账,小店自卖,'6952020994290161296,'6952020994290161296,'SS76306680475663938820185,2026-04-12 21:41:54,'3812438526650351850,韩版网纱蝴蝶结抓夹2026新款水晶刘海夹侧边夹气质优雅公主夹蓬松,,,普通订单,6.68,0,0,0,0,0,0,0,0,0,0,0,-0.04,0,0,0,0,0,0,是-商品卡免佣,0.29,义乌市衍郝电子商务商行,订单结算
2026-04-23 05:38:43,'2026042305384010746926440159,入账,3.36,聚合账户,货款结算入账,小店自卖,'6952067715323139687,'6952067715322943079,'SS76306448960262845530160,2026-04-14 13:13:37,'3812796426258350389,夏天简约随手盘发一字扭扭夹水钻抓夹高级发夹扭扭后脑勺盘发器,,,普通订单,3.38,0,0,0,0,0,0,0,0,0,0,0,-0.02,0,0,0,0,0,0,是-商品卡免佣,0.15,义乌市衍郝电子商务商行,订单结算
2026-04-23 05:38:59,'2026042305385407886976430159,入账,2.96,聚合账户,货款结算入账,小店自卖,'6952150300624098635,'6952150300624098635,'SS76306628441962417040223,2026-04-17 18:07:10,'3812961166053999319,ins爆款卡通蓬松夹鸭嘴夹一字夹化妆发夹超萌可爱猫咪少女刘海夹,,,普通订单,2.98,0,0,0,0,0,0,0,0,0,0,0,-0.02,0,0,0,0,0,0,是-商品卡免佣,0.15,义乌市衍郝电子商务商行,订单结算
2026-04-23 05:38:59,'2026042305385526227185060159,入账,2.24,聚合账户,货款结算入账,小店自卖,'6952046710866515854,'6952046710866515854,'SS76307583620998927550153,2026-04-13 20:25:22,'3807219175009681851,2026高级感后脑勺盘发鲨鱼夹简约上托几字发夹半扎中号发量少抓夹,,,普通订单,2.25,0,0,0,0,0,0,0,0,0,0,0,-0.01,0,0,0,0,0,0,是-商品卡免佣,0.07,义乌市衍郝电子商务商行,订单结算
2026-04-23 05:38:59,'2026042305385602688294830159,入账,3.47,聚合账户,货款结算入账,小店自卖,'6952080349571127082,'6952080349571127082,'SS76307786260485737320221,2026-04-15 13:03:42,'3806655969480540177,米菲兔巨显发量香蕉兔子后脑勺盘发百搭少女发饰时尚可爱波点大号,,,普通订单,3.49,0,0,0,0,0,0,0,0,0,0,0,-0.02,0,0,0,0,0,0,是-商品卡免佣,0.15,义乌市衍郝电子商务商行,订单结算
2026-04-23 05:38:59,'2026042305385430128540570159,入账,5.72,聚合账户,货款结算入账,小店自卖,'6952115851959801808,'6952115851959801808,'SS76306564801630051940043,2026-04-16 21:07:49,'3806648290204844347,秋冬复古ins彩虹格子蝴蝶结大肠头绳发圈丸子2026马尾发绳新款女,,,普通订单,5.75,0,0,0,0,0,0,0,0,0,0,0,-0.03,0,0,0,0,0,0,是-商品卡免佣,0.22,义乌市衍郝电子商务商行,订单结算
2026-04-23 05:38:59,'2026042305385620766564250159,入账,4.07,聚合账户,货款结算入账,小店自卖,'6925554009392316362,'6925554009392316362,'SS76306667197488996190094,2026-04-12 20:25:46,'3778620647714979938,会发光的灯泡发夹女夹头发创意发卡道具鸭大号在成人前额碎发夹子,,,普通订单,4.09,1.5,0,0,0,0,0,0,0,0,0,0,-0.02,0,0,0,0,0,0,是-商品卡免佣,0.15,义乌市衍郝电子商务商行,订单结算
2026-04-23 05:39:13,'2026042305391016946301630159,入账,4.76,聚合账户,货款结算入账,小店自卖,'6952019558731945454,'6952019558731945454,'SS76293479721318321270156,2026-04-13 15:06:03,'3807235160995398024,甜美闪钻豹纹猫咪发夹女碎发刘海夹子ins新款高端头饰鸭嘴夹边夹,,,普通订单,4.79,0,0,0,0,0,0,0,0,0,0,0,-0.03,0,0,0,0,0,0,是-商品卡免佣,0.22,义乌市衍郝电子商务商行,订单结算
2026-04-23 05:39:13,'2026042305391019088509860159,入账,8.85,聚合账户,货款结算入账,小店自卖,'6925553974870965250,'6925553974870965250,'SS76306415227146122620154,2026-04-12 20:07:03,'3800198492568289686,买一送一爆款凉拖鞋男士夏季情侣2026新款家居防滑防臭厚底拖鞋女,,,普通订单,8.9,0,0,0,0,0,0,0,0,0,0,0,-0.05,0,0,0,0,0,0,是-商品卡免佣,0.37,义乌市衍郝电子商务商行,订单结算
2026-04-23 05:39:13,'2026042305390939473978940159,入账,4.96,聚合账户,货款结算入账,小店自卖,'6925554417569332974,'6925554417569332974,'SS76306422685507425740224,2026-04-12 22:27:28,'3809625164249956608,孕妇专用防滑拖鞋女士夏季家居家室内静音浴室洗澡防臭凉拖鞋外穿,,,普通订单,4.99,0,0,0,0,0,0,0,0,0,0,0,-0.03,0,0,0,0,0,0,是-商品卡免佣,0.22,义乌市衍郝电子商务商行,订单结算
2026-04-23 05:39:13,'2026042305391018208200110159,入账,4.76,聚合账户,货款结算入账,小店自卖,'6925548863960022230,'6925548863960022230,'SS76306666785110144410241,2026-04-12 19:04:37,'3807235160995398024,甜美闪钻豹纹猫咪发夹女碎发刘海夹子ins新款高端头饰鸭嘴夹边夹,,,普通订单,4.79,0,0,0,0,0,0,0,0,0,0,0,-0.03,0,0,0,0,0,0,是-商品卡免佣,0.22,义乌市衍郝电子商务商行,订单结算
2026-04-23 05:39:13,'2026042305391109359199350159,入账,5.37,聚合账户,货款结算入账,小店自卖,'6952039362553976405,'6952039362553976405,'SS76307124242284262590101,2026-04-13 12:59:31,'3810919823941174195,中式复古洋气多层小蛮腰褶皱印花肥肠圈高端水墨皮筋耐用新款发圈,,,普通订单,5.65,0,0,0,0,0,0,0,0,0,0,0,-0.28,0,0,0,0,0,0,,0,义乌市衍郝电子商务商行,订单结算
2026-04-23 05:39:30,'2026042305392419348365340159,入账,3.62,聚合账户,货款结算入账,小店自卖,'6925549172192082967,'6925549172192082967,'SS76306667691748068350128,2026-04-12 21:28:06,'3752323576548688241,中国风孔雀盘发器女生古典旗袍发饰丸子懒人高级感饰品优雅发夹女,,,普通订单,3.81,0,0,0,0,0,0,0,0,0,0,0,-0.19,0,0,0,0,0,0,,0,义乌市衍郝电子商务商行,订单结算
2026-04-23 05:39:30,'2026042305392705978568220159,入账,3.93,聚合账户,货款结算入账,小店自卖,'6925547431714520575,'6925547431714520575,'SS76306667946429322600157,2026-04-13 01:23:31,'3809975766641410463,高级感水钻珠珠一字扭扭夹2026新款盘发抓夹后脑勺发量多发夹头饰,,,普通订单,3.95,0,0,0,0,0,0,0,0,0,0,0,-0.02,0,0,0,0,0,0,是-商品卡免佣,0.15,义乌市衍郝电子商务商行,订单结算
2026-04-23 05:39:30,'2026042305392603292206440159,入账,8.85,聚合账户,货款结算入账,小店自卖,'6952019107051607493,'6952019107051607493,'SS76307389241509481060033,2026-04-13 09:37:45,'3800198492568289686,买一送一爆款凉拖鞋男士夏季情侣2026新款家居防滑防臭厚底拖鞋女,,,普通订单,8.9,0,0,0,0,0,0,0,0,0,0,0,-0.05,0,0,0,0,0,0,是-商品卡免佣,0.37,义乌市衍郝电子商务商行,订单结算
2026-04-23 05:39:30,'2026042305392529579228350159,入账,9.97,聚合账户,货款结算入账,小店自卖,'6925646097049222891,'6925646097049222891,'SS76307095241182743450214,2026-04-16 20:23:37,'3674363744047202423,儿童碎发梳韩式发夹小女孩头饰可爱碎发神器女童发卡高颅顶神器,,,普通订单,10.03,1.1,0,0,0,0,0,0,0,0,0,0,-0.06,0,0,0,0,0,0,是-商品卡免佣,0.44,义乌市衍郝电子商务商行,订单结算
2026-04-23 05:39:30,'2026042305392525890330010159,入账,12.4,聚合账户,货款结算入账,小店自卖,'6952005332448450244,'6952005332448450244,'SS76307551073320842590058,2026-04-12 21:42:32,'3774553895897006485,2025新款搞怪发卡女带齿防滑头箍可爱扭扭棒头饰大眼仔洗脸发箍,,,普通订单,12.47,0,0,0,0,0,0,0,0,0,0,0,-0.07,0,0,0,0,0,0,是-商品卡免佣,0.51,义乌市衍郝电子商务商行,订单结算
2026-04-23 05:41:15,'2026042305411135657037430159,入账,1.89,聚合账户,货款结算入账,小店自卖,'6925572420148100190,'6925572420148100190,'SS76307376995416317870153,2026-04-13 14:33:13,'3811102963569655948,春夏撞色蝴蝶结发夹发卡女后脑勺2026新款气质大号盘发鸭嘴夹发饰,,,普通订单,4.89,0,0,0,0,0,0,0,0,0,0,-2.99,-0.01,0,0,0,0,0,0,是-商品卡免佣,0.07,义乌市衍郝电子商务商行,订单结算
2026-04-23 05:41:15,'2026042305411122526364160159,入账,2.08,聚合账户,货款结算入账,小店自卖,'6952129023392880358,'6952129023392880358,'SS76307171824393265100239,2026-04-16 17:38:13,'3778620647714979938,会发光的灯泡发夹女夹头发创意发卡道具鸭大号在成人前额碎发夹子,,,普通订单,4.09,1.5,0,0,0,0,0,0,0,0,0,-2,-0.01,0,0,0,0,0,0,是-商品卡免佣,0.07,义乌市衍郝电子商务商行,订单结算
2026-04-23 05:41:15,'2026042305410908600622270159,入账,4.87,聚合账户,货款结算入账,小店自卖,'6925560327277149411,'6925560327277149411,'SS76306425015493432670235,2026-04-12 22:00:38,'3800198492568289686,买一送一爆款凉拖鞋男士夏季情侣2026新款家居防滑防臭厚底拖鞋女,,,普通订单,3.9,0,0,0,0,0,0,0,0,1,0,0,-0.03,0,0,0,0,0,0,是-商品卡免佣,0.22,义乌市衍郝电子商务商行,订单结算
2026-04-23 05:41:15,'2026042305411106343398740159,入账,8.6,聚合账户,货款结算入账,小店自卖,'6952157981540226533,'6952157981540226533,'SS76307859100822899610215,2026-04-18 09:23:02,'3810919823941174195,中式复古洋气多层小蛮腰褶皱印花肥肠圈高端水墨皮筋耐用新款发圈,,,普通订单,8.65,0,0,0,0,0,0,0,0,0,0,0,-0.05,0,0,0,0,0,0,是-商品卡免佣,0.37,义乌市衍郝电子商务商行,订单结算
2026-04-23 05:41:15,'2026042305411103364951440159,入账,2.97,聚合账户,货款结算入账,小店自卖,'6952148926744893367,'6952148926744893367,'SS76306993626871728980144,2026-04-18 08:45:31,'3811102963569655948,春夏撞色蝴蝶结发夹发卡女后脑勺2026新款气质大号盘发鸭嘴夹发饰,,,普通订单,0.99,0,0,0,0,0,0,0,0,2,0,0,-0.02,0,0,0,0,0,0,是-商品卡免佣,0.15,义乌市衍郝电子商务商行,订单结算
2026-04-23 05:41:28,'2026042305412523278395070159,入账,5.38,聚合账户,货款结算入账,小店自卖,'6925548205236060126,'6925548205236060126,'SS76307482694842660190004,2026-04-13 13:02:53,'3806656594406670373,虞书欣同款发扣小金属圆圈环扣刘海前额侧边边夹发夹抓夹发卡夹子,,,普通订单,5.41,0,0,0,0,0,0,0,0,0,0,0,-0.03,0,0,0,0,0,0,是-商品卡免佣,0.22,义乌市衍郝电子商务商行,订单结算
2026-04-23 05:41:29,'2026042305412531222502940159,入账,3.59,聚合账户,货款结算入账,小店自卖,'6952007657469842718,'6952007657469842718,'SS76307552231531853260085,2026-04-12 23:19:07,'3797749369206342546,豹纹大肠发圈高级小众手工韩国新款头绳编织显发量马尾丸子头发绳,,,普通订单,3.61,0,0,0,0,0,0,0,0,0,0,0,-0.02,0,0,0,0,0,0,是-商品卡免佣,0.15,义乌市衍郝电子商务商行,订单结算
2026-04-23 05:41:29,'2026042305412506215770010159,入账,3.63,聚合账户,货款结算入账,小店自卖,'6925639856469606149,'6925639856469606149,'SS76307924863490299230083,2026-04-17 01:42:30,'3798679044816503235,秋冬花朵鸭嘴夹女2026新款高级感后脑勺盘发一字夹子大号发夹头饰,,,普通订单,3.65,0,0,0,0,0,0,0,0,0,0,0,-0.02,0,0,0,0,0,0,是-商品卡免佣,0.15,义乌市衍郝电子商务商行,订单结算
2026-04-23 05:41:29,'2026042305412605287775130159,入账,5.07,聚合账户,货款结算入账,小店自卖,'6952005165707760799,'6952005165707760799,'SS76306667033330161040027,2026-04-12 20:19:35,'3776807804489302292,豹纹ins爱心发夹女一字夹高端碎发前额刘大号在成人前额碎发夹子,,,普通订单,5.1,0,0,0,0,0,0,0,0,0,0,0,-0.03,0,0,0,0,0,0,是-商品卡免佣,0.22,义乌市衍郝电子商务商行,订单结算
2026-04-23 05:41:29,'2026042305412434283528220159,入账,2.87,聚合账户,货款结算入账,小店自卖,'6952036812926424326,'6952036812926424326,'SS76306998689060337270028,2026-04-13 10:45:15,'3752321970432246133,宫廷发箍设计波西米亚风发箍宽边网红洋气气质头箍红色头饰发饰,,,普通订单,2.89,0,0,0,0,0,0,0,0,0,0,0,-0.02,0,0,0,0,0,0,是-商品卡免佣,0.15,义乌市衍郝电子商务商行,订单结算
2026-04-23 05:41:29,'2026042305412437718592540159,入账,4.96,聚合账户,货款结算入账,小店自卖,'6925549070998404909,'6925549070998404909,'SS76306421010980377750249,2026-04-12 20:58:47,'3809625164249956608,孕妇专用防滑拖鞋女士夏季家居家室内静音浴室洗澡防臭凉拖鞋外穿,,,普通订单,4.99,0,0,0,0,0,0,0,0,0,0,0,-0.03,0,0,0,0,0,0,是-商品卡免佣,0.22,义乌市衍郝电子商务商行,订单结算
2026-04-23 05:41:29,'2026042305412404462190430159,入账,4.96,聚合账户,货款结算入账,小店自卖,'6952016268439590726,'6952016268439590726,'SS76306416798551290970121,2026-04-12 20:54:49,'3809625164249956608,孕妇专用防滑拖鞋女士夏季家居家室内静音浴室洗澡防臭凉拖鞋外穿,,,普通订单,4.99,0,0,0,0,0,0,0,0,0,0,0,-0.03,0,0,0,0,0,0,是-商品卡免佣,0.22,义乌市衍郝电子商务商行,订单结算
2026-04-23 05:41:29,'2026042305412609822538650159,入账,4.96,聚合账户,货款结算入账,小店自卖,'6925542836996636018,'6925542836996636018,'SS76306425917343012180071,2026-04-12 22:58:48,'3800204625789977042,儿童拖鞋男童夏季外穿2025新款室内家居浴室亲子中大童小孩凉拖男,,,普通订单,4.99,0,0,0,0,0,0,0,0,0,0,0,-0.03,0,0,0,0,0,0,是-商品卡免佣,0.22,义乌市衍郝电子商务商行,订单结算
2026-04-23 05:41:29,'2026042305412426531761160159,入账,5.46,聚合账户,货款结算入账,小店自卖,'6952043867858212762,'6952043867858212762,'SS76306999548964746240152,2026-04-13 12:16:02,'3780849912053366920,超可爱的kt猫脑袋碎发魔术贴发卡化妆敷面膜无痕刘海贴粘发贴发饰,,,普通订单,5.49,0,0,0,0,0,0,0,0,0,0,0,-0.03,0,0,0,0,0,0,是-商品卡免佣,0.22,义乌市衍郝电子商务商行,订单结算
2026-04-23 05:41:29,'2026042305412407470451350159,入账,4.87,聚合账户,货款结算入账,小店自卖,'6952145816914827092,'6952145816914827092,'SS76308153350378621800001,2026-04-17 20:00:23,'3800198492568289686,买一送一爆款凉拖鞋男士夏季情侣2026新款家居防滑防臭厚底拖鞋女,,,普通订单,4.9,0,0,0,0,0,0,0,0,0,0,0,-0.03,0,0,0,0,0,0,是-商品卡免佣,0.22,义乌市衍郝电子商务商行,订单结算
2026-04-23 05:41:45,'2026042305414003706555240159,入账,4.65,聚合账户,货款结算入账,小店自卖,'6925546982957808715,'6925546982957808715,'SS76306424211451911940139,2026-04-12 22:06:43,'3800198492568289686,买一送一爆款凉拖鞋男士夏季情侣2026新款家居防滑防臭厚底拖鞋女,,,普通订单,4.9,0,0,0,0,0,0,0,0,0,0,0,-0.25,0,0,0,0,0,0,,0,义乌市衍郝电子商务商行,订单结算
2026-04-23 05:41:45,'2026042305414123993392790159,入账,1.59,聚合账户,货款结算入账,小店自卖,'6952151544741762752,'6952151544741762752,'SS76306950249003914870066,2026-04-18 13:18:05,'3797568456468070758,学院风韩系蝴蝶结蓝色格洋气简约金标鲨鱼后脑勺盘发夹子发饰格子,,,普通订单,3.67,0,0,0,0,0,0,0,0,0,0,-2,-0.08,0,0,0,0,0,0,,0,义乌市衍郝电子商务商行,订单结算
2026-04-23 05:41:45,'2026042305414207299569270159,入账,3.97,聚合账户,货款结算入账,小店自卖,'6952158215703304028,'6952158215703304028,'SS76308373552300529060166,2026-04-18 11:17:00,'3807584451282731335,缎面高级感碎花蝴蝶结抓夹新款百搭后脑盘发鲨鱼夹马尾夹高档发夹,,,普通订单,3.99,0,0,0,0,0,0,0,0,0,0,0,-0.02,0,0,0,0,0,0,是-商品卡免佣,0.15,义乌市衍郝电子商务商行,订单结算
2026-04-23 05:41:45,'2026042305414030254374940159,入账,8.81,聚合账户,货款结算入账,小店自卖,'6925643249632509284,'6925643249632509284,'SS76304557044785198490054,2026-04-16 12:55:43,'3671410537478095158,网红爆款可爱最新款梳洋气梳头皮筋头发夹成人扎头发皮筋发饰大肠,,,普通订单,11.27,0.95,0,0,0,0,0,0,0,0,0,-2,-0.46,0,0,0,0,0,0,,0,义乌市衍郝电子商务商行,订单结算
2026-04-23 05:41:45,'2026042305414125004608410159,入账,4.96,聚合账户,货款结算入账,小店自卖,'6952012359639963186,'6952012359639963186,'SS76306417980464827150188,2026-04-12 22:55:07,'3809625164249956608,孕妇专用防滑拖鞋女士夏季家居家室内静音浴室洗澡防臭凉拖鞋外穿,,,普通订单,4.99,0,0,0,0,0,0,0,0,0,0,0,-0.03,0,0,0,0,0,0,是-商品卡免佣,0.22,义乌市衍郝电子商务商行,订单结算
2026-04-23 05:41:45,'2026042305414026689705020159,入账,4.87,聚合账户,货款结算入账,小店自卖,'6925543502714928808,'6925543502714928808,'SS76307242644083020990226,2026-04-13 09:54:56,'3800198492568289686,买一送一爆款凉拖鞋男士夏季情侣2026新款家居防滑防臭厚底拖鞋女,,,普通订单,4.9,0,0,0,0,0,0,0,0,0,0,0,-0.03,0,0,0,0,0,0,是-商品卡免佣,0.22,义乌市衍郝电子商务商行,订单结算
2026-04-23 05:41:45,'2026042305414102818217370159,入账,4.87,聚合账户,货款结算入账,小店自卖,'6925589939443695329,'6925589939443695329,'SS76308313337000762940235,2026-04-14 18:58:49,'3800198492568289686,买一送一爆款凉拖鞋男士夏季情侣2026新款家居防滑防臭厚底拖鞋女,,,普通订单,4.9,0,0,0,0,0,0,0,0,0,0,0,-0.03,0,0,0,0,0,0,是-商品卡免佣,0.22,义乌市衍郝电子商务商行,订单结算
2026-04-23 05:41:45,'2026042305414041609835580159,入账,1.35,聚合账户,货款结算入账,小店自卖,'6925565320800337423,'6925565320800337423,'SS76307480125154598500044,2026-04-13 14:40:16,'3798678606662729899,精致满钻侧边小抓夹女半扎发碎发夹前额刘海公主头发夹小号鲨鱼夹,,,普通订单,0.01,0,0,0,0,0,0,0,0,1.35,0,0,-0.01,0,0,0,0,0,0,是-商品卡免佣,0.07,义乌市衍郝电子商务商行,订单结算
2026-04-23 05:41:45,'2026042305414033351931310159,入账,8.85,聚合账户,货款结算入账,小店自卖,'6925533866529947101,'6925533866529947101,'SS76306428483376584060203,2026-04-12 16:23:43,'3800198492568289686,买一送一爆款凉拖鞋男士夏季情侣2026新款家居防滑防臭厚底拖鞋女,,,普通订单,8.9,0,0,0,0,0,0,0,0,0,0,0,-0.05,0,0,0,0,0,0,是-商品卡免佣,0.37,义乌市衍郝电子商务商行,订单结算
2026-04-23 05:41:45,'2026042305414139888204800159,入账,4.34,聚合账户,货款结算入账,小店自卖,'6952011187699062587,'6952011187699062587,'SS76307043872475919880239,2026-04-12 12:00:36,'3807233228251726216,发圈式啪啪圈~秋冬美拉德系懒人高马尾啪啪圈复古固定不塌神器,,,普通订单,4.37,0,0,0,0,0,0,0,0,0,0,0,-0.03,0,0,0,0,0,0,是-商品卡免佣,0.22,义乌市衍郝电子商务商行,订单结算
2026-04-23 05:42:02,'2026042305415827430914820159,入账,4.56,聚合账户,货款结算入账,小店自卖,'6952021676980311571,'6952021676980311571,'SS76306791503695219740239,2026-04-13 08:42:44,'3784535096862834905,奇妙萌可卡通发夹可爱少女侧边刘海发卡鸭嘴发饰女孩儿童BB夹头饰,,,普通订单,4.59,0,0,0,0,0,0,0,0,0,0,0,-0.03,0,0,0,0,0,0,是-商品卡免佣,0.22,义乌市衍郝电子商务商行,订单结算
2026-04-23 05:42:02,'2026042305415905707369230159,入账,6.37,聚合账户,货款结算入账,小店自卖,'6952011741654095409,'6952011741654095409,'SS76307023347792120510237,2026-04-12 17:51:10,'3752323576548688241,中国风孔雀盘发器女生古典旗袍发饰丸子懒人高级感饰品优雅发夹女,,,普通订单,6.41,0,0,0,0,0,0,0,0,0,0,0,-0.04,0,0,0,0,0,0,是-商品卡免佣,0.29,义乌市衍郝电子商务商行,订单结算
2026-04-23 05:42:02,'2026042305415837798054810159,入账,4.96,聚合账户,货款结算入账,小店自卖,'6925559387995536456,'6925559387995536456,'SS76307238873749304700158,2026-04-13 11:01:15,'3809625164249956608,孕妇专用防滑拖鞋女士夏季家居家室内静音浴室洗澡防臭凉拖鞋外穿,,,普通订单,4.99,0,0,0,0,0,0,0,0,0,0,0,-0.03,0,0,0,0,0,0,是-商品卡免佣,0.22,义乌市衍郝电子商务商行,订单结算
2026-04-23 05:42:02,'2026042305415937500362750159,入账,4.96,聚合账户,货款结算入账,小店自卖,'6952030938470750115,'6952030938470750115,'SS76306822138599181220078,2026-04-13 18:31:57,'3809625164249956608,孕妇专用防滑拖鞋女士夏季家居家室内静音浴室洗澡防臭凉拖鞋外穿,,,普通订单,4.99,0,0,0,0,0,0,0,0,0,0,0,-0.03,0,0,0,0,0,0,是-商品卡免佣,0.22,义乌市衍郝电子商务商行,订单结算
2026-04-23 05:42:02,'2026042305415720516544500159,入账,4.47,聚合账户,货款结算入账,小店自卖,'6952038687977247926,'6952038687977247926,'SS76306673347509947240249,2026-04-13 00:24:40,'3812961166053999319,ins爆款卡通蓬松夹鸭嘴夹一字夹化妆发夹超萌可爱猫咪少女刘海夹,,,普通订单,4.5,0,0,0,0,0,0,0,0,0,0,0,-0.03,0,0,0,0,0,0,是-商品卡免佣,0.22,义乌市衍郝电子商务商行,订单结算
2026-04-23 05:42:16,'2026042305421231290824310159,入账,4.95,聚合账户,货款结算入账,小店自卖,'6952022424803612005,'6952022424803612005,'SS76306686307577367670149,2026-04-12 16:47:55,'3782899934202822708,韩国东大门新款小众设计感炫彩色花朵发大号在成人前额碎发夹子,,,普通订单,4.98,0,0,0,0,0,0,0,0,0,0,0,-0.03,0,0,0,0,0,0,是-商品卡免佣,0.22,义乌市衍郝电子商务商行,订单结算
2026-04-23 05:42:16,'2026042305421303492257910159,入账,5.8,聚合账户,货款结算入账,小店自卖,'6925554499816946734,'6925554499816946734,'SS76306331337028738980129,2026-04-12 22:53:13,'3768979814174818449,2025新款气质大号盘发鸭嘴夹春夏发卡蝴蝶大号在成人抓夹碎发夹子,,,普通订单,5.83,0,0,0,0,0,0,0,0,0,0,0,-0.03,0,0,0,0,0,0,是-商品卡免佣,0.22,义乌市衍郝电子商务商行,订单结算
2026-04-23 05:42:16,'2026042305421319714874940159,入账,5.77,聚合账户,货款结算入账,小店自卖,'6925557118736826185,'6925557118736826185,'SS76306998819632586340031,2026-04-13 11:23:20,'3621925144525668908,波浪头箍发卡马尾压发优雅发带夹子夹头发压发扎头绳大肠发圈红色,,,普通订单,5.8,0,0,0,0,0,0,0,0,0,0,0,-0.03,0,0,0,0,0,0,是-商品卡免佣,0.22,义乌市衍郝电子商务商行,订单结算
2026-04-23 05:42:16,'2026042305420826724275610159,入账,6.05,聚合账户,货款结算入账,小店自卖,'6952036202050623276,'6952036202050623276,'SS76306668277352865820206,2026-04-12 22:34:36,'3624884209606358683,洋气感最新款珍珠儿童发夹抓夹儿童高弹力橡皮儿童抓发夹发夹发饰,,,普通订单,6.37,1.1,0,0,0,0,0,0,0,0,0,0,-0.32,0,0,0,0,0,0,,0,义乌市衍郝电子商务商行,订单结算
2026-04-23 05:42:16,'2026042305421313428493220159,入账,1.3,聚合账户,货款结算入账,小店自卖,'6925658301398744384,'6925658301398547776,'SS76308406080847219290005,2026-04-17 11:49:55,'3797538853523424008,2026新款爆款可爱小狗羊羔毛绒香蕉夹秋冬高马尾发夹甜美发饰头饰,,,普通订单,1.07,0,0,0,0,0,0,0,0,0.24,0,0,-0.01,0,0,0,0,0,0,是-商品卡免佣,0.07,义乌市衍郝电子商务商行,订单结算
2026-04-23 05:42:28,'2026042305422426350924860159,入账,3.85,聚合账户,货款结算入账,小店自卖,'6952024748418406135,'6952024748418406135,'SS76306666434758415780040,2026-04-12 19:44:37,'3684396128524173712,宝宝婴儿超萌可爱发卡可爱小号bb夹儿童刘海碎发夹子头饰儿童发饰,,,普通订单,3.87,0,0,0,0,0,0,0,0,0,0,0,-0.02,0,0,0,0,0,0,是-商品卡免佣,0.15,义乌市衍郝电子商务商行,订单结算
2026-04-23 05:42:28,'2026042305422438757179310159,入账,6.01,聚合账户,货款结算入账,小店自卖,'6925547315046219535,'6925547315046219535,'SS76306666521789445630195,2026-04-12 23:50:43,'3812240028327870813,粉色双面蝴蝶结香蕉夹竖夹超温柔!气质高马尾发夹后脑勺发夹发饰,,,普通订单,6.05,0,0,0,0,0,0,0,0,0,0,0,-0.04,0,0,0,0,0,0,是-商品卡免佣,0.29,义乌市衍郝电子商务商行,订单结算
2026-04-23 05:42:28,'2026042305422409782441150159,入账,1.97,聚合账户,货款结算入账,小店自卖,'6952007255561606949,'6952007255561606949,'SS76306382674861596250188,2026-04-12 19:38:18,'3812244340491813699,新款密齿香蕉韩系法式波点蕾丝蝴蝶结后脑勺盘发发夹发卡马尾发饰,,,普通订单,1.98,0,0,0,0,0,0,0,0,0,0,0,-0.01,0,0,0,0,0,0,是-商品卡免佣,0.07,义乌市衍郝电子商务商行,订单结算
2026-04-23 05:42:28,'2026042305422441028326670159,入账,6.22,聚合账户,货款结算入账,小店自卖,'6952041265587099318,'6952041265587099318,'SS76306792524231521680132,2026-04-13 11:11:13,'3811098503330005269,雾色暖秋~氛围感带齿高颅顶头箍旅行发卡气质姜黄丝绒蝴蝶结发箍,,,普通订单,6.55,0,0,0,0,0,0,0,0,0,0,0,-0.33,0,0,0,0,0,0,,0,义乌市衍郝电子商务商行,订单结算
2026-04-23 05:42:28,'2026042305422422367605820159,入账,4.25,聚合账户,货款结算入账,小店自卖,'6952007350515733998,'6952007350515733998,'SS76307377676990712420221,2026-04-12 20:29:29,'3812240028327870813,粉色双面蝴蝶结香蕉夹竖夹超温柔!气质高马尾发夹后脑勺发夹发饰,,,普通订单,4.28,0,0,0,0,0,0,0,0,0,0,0,-0.03,0,0,0,0,0,0,是-商品卡免佣,0.22,义乌市衍郝电子商务商行,订单结算
2026-04-23 05:42:28,'2026042305422600179123290159,入账,3.97,聚合账户,货款结算入账,小店自卖,'6952047990438368864,'6952047990438368864,'SS76307389317277619620102,2026-04-13 11:28:41,'3809625164249956608,孕妇专用防滑拖鞋女士夏季家居家室内静音浴室洗澡防臭凉拖鞋外穿,,,普通订单,3.99,0,0,0,0,0,0,0,0,0,0,0,-0.02,0,0,0,0,0,0,是-商品卡免佣,0.15,义乌市衍郝电子商务商行,订单结算
2026-04-23 05:42:28,'2026042305422417169943450159,入账,3.62,聚合账户,货款结算入账,小店自卖,'6925549964653395147,'6925549964653395147,'SS76306669179340393060183,2026-04-13 07:20:46,'3752323576548688241,中国风孔雀盘发器女生古典旗袍发饰丸子懒人高级感饰品优雅发夹女,,,普通订单,3.81,0,0,0,0,0,0,0,0,0,0,0,-0.19,0,0,0,0,0,0,,0,义乌市衍郝电子商务商行,订单结算
2026-04-23 05:42:28,'2026042305422435195295140159,入账,4.87,聚合账户,货款结算入账,小店自卖,'6925688158621171457,'6925688158621171457,'SS76307797200957770580240,2026-04-18 11:08:01,'3800198492568289686,买一送一爆款凉拖鞋男士夏季情侣2026新款家居防滑防臭厚底拖鞋女,,,普通订单,4.9,0,0,0,0,0,0,0,0,0,0,0,-0.03,0,0,0,0,0,0,是-商品卡免佣,0.22,义乌市衍郝电子商务商行,订单结算
2026-04-23 05:42:28,'2026042305422430717053630159,入账,3.63,聚合账户,货款结算入账,小店自卖,'6952019182361253732,'6952019182361253732,'SS76306794850501924360101,2026-04-13 10:16:28,'3810919823941174195,中式复古洋气多层小蛮腰褶皱印花肥肠圈高端水墨皮筋耐用新款发圈,,,普通订单,3.65,0,0,0,0,0,0,0,0,0,0,0,-0.02,0,0,0,0,0,0,是-商品卡免佣,0.15,义乌市衍郝电子商务商行,订单结算
2026-04-23 05:42:28,'2026042305422527247908350159,入账,6.95,聚合账户,货款结算入账,小店自卖,'6952068561895692197,'6952068561895692197,'SS76307507772476831100106,2026-04-14 21:47:35,'3782909438948671661,满天星蝴蝶结2025网纱云朵后脑勺鲨鱼泡大号在成人前额碎发夹子,,,普通订单,6.99,0,0,0,0,0,0,0,0,0,0,0,-0.04,0,0,0,0,0,0,是-商品卡免佣,0.29,义乌市衍郝电子商务商行,订单结算
2026-04-23 05:42:39,'2026042305423506391281050159,入账,5.52,聚合账户,货款结算入账,小店自卖,'6925668729976028363,'6925668729976028363,'SS76306938874306404190128,2026-04-17 10:21:57,'3812244340491813699,新款密齿香蕉韩系法式波点蕾丝蝴蝶结后脑勺盘发发夹发卡马尾发饰,,,普通订单,2.55,0,0,3,0,0,0,0,0,0,0,0,-0.03,0,0,0,0,0,0,是-商品卡免佣,0.22,义乌市衍郝电子商务商行,订单结算
2026-04-23 05:42:39,'2026042305423507521897470159,入账,10.83,聚合账户,货款结算入账,小店自卖,'6952151496690898411,'6952151496690898411,'SS76307965878113405940038,2026-04-18 13:18:03,'3813152773302780175,柔软泡泡纱韩国粉色碎花大肠发圈超大号高级仙气丸子慵懒头绳发饰,,,普通订单,10.9,0,0,0,0,0,0,0,0,0,0,0,-0.07,0,0,0,0,0,0,是-商品卡免佣,0.51,义乌市衍郝电子商务商行,订单结算
2026-04-23 05:42:39,'2026042305423517964567230159,入账,4.74,聚合账户,货款结算入账,小店自卖,'6925567523370859873,'6925567523370859873,'SS76307238922654029200143,2026-04-13 13:36:21,'3809625164249956608,孕妇专用防滑拖鞋女士夏季家居家室内静音浴室洗澡防臭凉拖鞋外穿,,,普通订单,0.98,0,0,4.01,0,0,0,0,0,0,0,0,-0.25,0,0,0,0,0,0,,0,义乌市衍郝电子商务商行,订单结算
2026-04-23 05:42:39,'2026042305423703188495630159,入账,8.45,聚合账户,货款结算入账,小店自卖,'6952009651146004021,'6952009651146004021,'SS76306420532252022110060,2026-04-12 21:08:02,'3800198492568289686,买一送一爆款凉拖鞋男士夏季情侣2026新款家居防滑防臭厚底拖鞋女,,,普通订单,6.9,0,0,2,0,0,0,0,0,0,0,0,-0.45,0,0,0,0,0,0,,0,义乌市衍郝电子商务商行,订单结算
2026-04-23 05:42:39,'2026042305423600128945020159,入账,5.22,聚合账户,货款结算入账,小店自卖,'6952022516309628019,'6952022516309628019,'SS76306666612758776830155,2026-04-12 18:06:28,'3807576505576456267,可爱蝴蝶结小猫无痕刘海魔术发饰少女前额星星kt侧边发贴整理神器,,,普通订单,5.25,0,0,0,0,0,0,0,0,0,0,0,-0.03,0,0,0,0,0,0,是-商品卡免佣,0.22,义乌市衍郝电子商务商行,订单结算
2026-04-23 05:42:39,'2026042305423502612103770159,入账,2.28,聚合账户,货款结算入账,小店自卖,'6952012083548395264,'6952012083548395264,'SS76306673315345211230240,2026-04-12 20:57:55,'3812961166053999319,ins爆款卡通蓬松夹鸭嘴夹一字夹化妆发夹超萌可爱猫咪少女刘海夹,,,普通订单,2.29,0,0,0,0,0,0,0,0,0,0,0,-0.01,0,0,0,0,0,0,是-商品卡免佣,0.07,义乌市衍郝电子商务商行,订单结算
2026-04-23 05:42:39,'2026042305423429460280950159,入账,4.65,聚合账户,货款结算入账,巨量千川,'6925659129749601813,'6925659129749601813,'SS76307146002099778560116,2026-04-17 18:27:48,'3800198492568289686,买一送一爆款凉拖鞋男士夏季情侣2026新款家居防滑防臭厚底拖鞋女,,,普通订单,1.33,0,0,3.57,0,0,0,0,0,0,0,0,-0.25,0,0,0,0,0,0,,0,义乌市衍郝电子商务商行,订单结算
2026-04-23 05:42:39,'2026042305423504450388940159,入账,5.26,聚合账户,货款结算入账,小店自卖,'6952156140428662089,'6952156140428662089,'SS76307812458198147020141,2026-04-18 10:24:24,'3809625164249956608,孕妇专用防滑拖鞋女士夏季家居家室内静音浴室洗澡防臭凉拖鞋外穿,,,普通订单,3.29,0,0,2,0,0,0,0,0,0,0,0,-0.03,0,0,0,0,0,0,是-商品卡免佣,0.22,义乌市衍郝电子商务商行,订单结算
2026-04-23 05:42:39,'2026042305423522612877160159,入账,7.36,聚合账户,货款结算入账,小店自卖,'6925569905591287695,'6925569905591287695,'SS76307049336566423580107,2026-04-13 12:34:33,'3782304295328809090,黑色大号抓夹2025新款后脑勺盘发鲨鱼夹发大号在成人大号毛绒鲨鱼,,,普通订单,7.4,0,0,0,0,0,0,0,0,0,0,0,-0.04,0,0,0,0,0,0,是-商品卡免佣,0.29,义乌市衍郝电子商务商行,订单结算
2026-04-23 05:42:39,'2026042305423426141373850159,入账,5.91,聚合账户,货款结算入账,小店自卖,'6925547530287742400,'6925547530287742400,'SS76306668792332334510002,2026-04-13 05:05:46,'3807576505576456267,可爱蝴蝶结小猫无痕刘海魔术发饰少女前额星星kt侧边发贴整理神器,,,普通订单,5.95,0,0,0,0,0,0,0,0,0,0,0,-0.04,0,0,0,0,0,0,是-商品卡免佣,0.29,义乌市衍郝电子商务商行,订单结算
2026-04-23 05:42:39,'2026042305423409243036580159,入账,5.46,聚合账户,货款结算入账,小店自卖,'6925663860908129390,'6925663860908129390,'SS76307365825983657380153,2026-04-18 01:05:09,'3806655969480540177,米菲兔巨显发量香蕉兔子后脑勺盘发百搭少女发饰时尚可爱波点大号,,,普通订单,5.49,0,0,0,0,0,0,0,0,0,0,0,-0.03,0,0,0,0,0,0,是-商品卡免佣,0.22,义乌市衍郝电子商务商行,订单结算
2026-04-23 05:42:39,'2026042305423531218737000159,入账,6.27,聚合账户,货款结算入账,小店自卖,'6925657216790724017,'6925657216790724017,'SS76308506968452636590173,2026-04-16 22:41:52,'3812240028327870813,粉色双面蝴蝶结香蕉夹竖夹超温柔!气质高马尾发夹后脑勺发夹发饰,,,普通订单,2.6,0,0,4,0,0,0,0,0,0,0,0,-0.33,0,0,0,0,0,0,,0,义乌市衍郝电子商务商行,订单结算
2026-04-23 05:42:39,'2026042305423613341662780159,入账,4.78,聚合账户,货款结算入账,小店自卖,'6952131610782799601,'6952131610782799601,'SS76306767754193679620229,2026-04-17 05:38:26,'3655422615167834049,复古绑发套优雅丝巾发绳皮筋高弹力发圈飘带一体式发箍皮筋扎头绳,,,普通订单,4.81,0,0,0,0,0,0,0,0,0,0,0,-0.03,0,0,0,0,0,0,是-商品卡免佣,0.22,义乌市衍郝电子商务商行,订单结算
2026-04-23 05:42:39,'2026042305423534365814190159,入账,4.16,聚合账户,货款结算入账,小店自卖,'6925551467128323979,'6925551467128323979,'SS76306666388280980740084,2026-04-12 19:12:46,'3811834585403228615,蝴蝶结头绳可爱头发头饰发绳红色充棉立体新年头饰发绳秋冬款饰品,,,普通订单,0.01,0,0,4.18,0,0,0,0,0,0,0,0,-0.03,0,0,0,0,0,0,是-商品卡免佣,0.22,义乌市衍郝电子商务商行,订单结算
2026-04-23 05:42:55,'2026042305424918924674750159,入账,2.87,聚合账户,货款结算入账,小店自卖,'6925679661529988736,'6925679661529988736,'SS76308095291475561500188,2026-04-18 10:16:48,'3806646636424331422,韩风珍珠抓夹小号发夹女后脑勺发卡小巧鲨鱼夹发抓迷你小夹子头饰,,,普通订单,0.89,0,0,2,0,0,0,0,0,0,0,0,-0.02,0,0,0,0,0,0,是-商品卡免佣,0.15,义乌市衍郝电子商务商行,订单结算
2026-04-23 05:42:55,'2026042305424915031176080159,入账,4.87,聚合账户,货款结算入账,小店自卖,'6952132509050214329,'6952132509050214329,'SS76307833120169991950206,2026-04-17 19:08:42,'3800198492568289686,买一送一爆款凉拖鞋男士夏季情侣2026新款家居防滑防臭厚底拖鞋女,,,普通订单,0.01,0,0,4.89,0,0,0,0,0,0,0,0,-0.03,0,0,0,0,0,0,是-商品卡免佣,0.22,义乌市衍郝电子商务商行,订单结算
2026-04-23 05:42:55,'2026042305425206418601380159,入账,5.65,聚合账户,货款结算入账,小店自卖,'6925647762193481426,'6925647762193481426,'SS76306501205056394300168,2026-04-16 14:21:44,'3812794010364412322,趣味黑皮kitty猫魔术贴超可爱猫咪整理碎发刘海贴魔术贴发卡化妆,,,普通订单,0.01,0,0,5.67,0,0,0,0,0,0,0,0,-0.03,0,0,0,0,0,0,是-商品卡免佣,0.22,义乌市衍郝电子商务商行,订单结算
2026-04-23 05:42:55,'2026042305424841916216670159,入账,5.65,聚合账户,货款结算入账,小店自卖,'6952040852058871504,'6952040852058871504,'SS76306668750157460840125,2026-04-13 02:15:23,'3812796426258350389,夏天简约随手盘发一字扭扭夹水钻抓夹高级发夹扭扭后脑勺盘发器,,,普通订单,5.68,0,0,0,0,0,0,0,0,0,0,0,-0.03,0,0,0,0,0,0,是-商品卡免佣,0.22,义乌市衍郝电子商务商行,订单结算
2026-04-23 05:42:55,'2026042305425129124899990159,入账,2.98,聚合账户,货款结算入账,小店自卖,'6952159519413966276,'6952159519413966276,'SS76306739922157450640209,2026-04-17 23:22:25,'3794928872647164042," ins网红气质发夹日韩黑色波点布艺抓夹褶皱休闲风高马尾夹竖夹",,,普通订单,3,0,0,0,0,0,0,0,0,0,0,0,-0.02,0,0,0,0,0,0,是-商品卡免佣,0.15,义乌市衍郝电子商务商行,订单结算
2026-04-23 05:43:06,'2026042305430317284467830159,入账,4.74,聚合账户,货款结算入账,小店自卖,'6925543149961182751,'6925543149961182751,'SS76306421878335780360241,2026-04-13 04:32:15,'3809625164249956608,孕妇专用防滑拖鞋女士夏季家居家室内静音浴室洗澡防臭凉拖鞋外穿,,,普通订单,2.1,0,0,2.89,0,0,0,0,0,0,0,0,-0.25,0,0,0,0,0,0,,0,义乌市衍郝电子商务商行,订单结算
2026-04-23 05:43:06,'2026042305430126139036700159,入账,4.3,聚合账户,货款结算入账,小店自卖,'6925172958474633097,'6925172958474436489,'SS76307692458153784580113,2026-03-28 11:57:25,'3809991516328427563,可爱红色新春小狗香蕉夹发夹女2026新款高马尾扭扭夹竖夹高级感,,,普通订单,4.33,0,0,0,0,0,0,0,0,0,0,0,-0.03,0,0,0,0,0,0,是-商品卡免佣,0.22,义乌市衍郝电子商务商行,订单结算
2026-04-23 05:43:07,'2026042305430226223905620159,入账,2.86,聚合账户,货款结算入账,小店自卖,'6952122901540443481,'6952122901540443481,'SS76308377504136730000006,2026-04-16 21:40:12,'3797749369206342546,豹纹大肠发圈高级小众手工韩国新款头绳编织显发量马尾丸子头发绳,,,普通订单,0.01,0,0,2.87,0,0,0,0,0,0,0,0,-0.02,0,0,0,0,0,0,是-商品卡免佣,0.15,义乌市衍郝电子商务商行,订单结算
2026-04-23 05:43:07,'2026042305430305710973840159,入账,3.36,聚合账户,货款结算入账,小店自卖,'6952011818535097887,'6952011818535097887,'SS76306415162685038140228,2026-04-12 18:26:09,'3812796426258350389,夏天简约随手盘发一字扭扭夹水钻抓夹高级发夹扭扭后脑勺盘发器,,,普通订单,2.38,0,0,1,0,0,0,0,0,0,0,0,-0.02,0,0,0,0,0,0,是-商品卡免佣,0.15,义乌市衍郝电子商务商行,订单结算
2026-04-23 05:43:07,'2026042305430229069480960159,入账,2.95,聚合账户,货款结算入账,小店自卖,'6952159511812380151,'6952159511812380151,'SS76307561989416719710072,2026-04-17 23:14:07,'3812240028327870813,粉色双面蝴蝶结香蕉夹竖夹超温柔!气质高马尾发夹后脑勺发夹发饰,,,普通订单,0.01,0,0,2.96,0,0,0,0,0,0,0,0,-0.02,0,0,0,0,0,0,是-商品卡免佣,0.15,义乌市衍郝电子商务商行,订单结算
2026-04-23 05:44:27,'2026042305442304728103030159,入账,6.31,聚合账户,货款结算入账,小店自卖,'6925657345102019726,'6925657345102019726,'SS76307700869361835620025,2026-04-16 23:16:28,'3810919823941174195,中式复古洋气多层小蛮腰褶皱印花肥肠圈高端水墨皮筋耐用新款发圈,,,普通订单,6.35,0,0,0,0,0,0,0,0,0,0,0,-0.04,0,0,0,0,0,0,是-商品卡免佣,0.29,义乌市衍郝电子商务商行,订单结算
2026-04-23 05:44:27,'2026042305442202210043240159,入账,8.85,聚合账户,货款结算入账,小店自卖,'6925583834588544338,'6925583834588544338,'SS76307662923537615700148,2026-04-13 18:31:31,'3800198492568289686,买一送一爆款凉拖鞋男士夏季情侣2026新款家居防滑防臭厚底拖鞋女,,,普通订单,8.9,0,0,0,0,0,0,0,0,0,0,0,-0.05,0,0,0,0,0,0,是-商品卡免佣,0.37,义乌市衍郝电子商务商行,订单结算
2026-04-23 05:44:27,'2026042305442040018086920159,入账,4.49,聚合账户,货款结算入账,小店自卖,'6952030262336100278,'6952030262336100278,'SS76306998441992036240212,2026-04-13 10:55:28,'3809044568205295744,日常碎发波浪发箍2026新款高颜值高颅顶外出百搭洗脸专用头箍女,,,普通订单,4.52,0,0,0,0,0,0,0,0,0,0,0,-0.03,0,0,0,0,0,0,是-商品卡免佣,0.22,义乌市衍郝电子商务商行,订单结算
2026-04-23 05:44:27,'2026042305442228861445120159,入账,4.96,聚合账户,货款结算入账,小店自卖,'6952139190353728606,'6952139190353728606,'SS76307830832033838350034,2026-04-17 19:38:25,'3809627569339367610,印花小熊防滑拖鞋女士家居室内2025新款夏季洗澡家用eva静音凉拖,,,普通订单,4.99,0,0,0,0,0,0,0,0,0,0,0,-0.03,0,0,0,0,0,0,是-商品卡免佣,0.22,义乌市衍郝电子商务商行,订单结算
2026-04-23 05:44:27,'2026042305442237390955940159,入账,4.92,聚合账户,货款结算入账,小店自卖,'6925547202891906134,'6925547202891906134,'SS76307549520546903500118,2026-04-12 23:20:35,'3806662736209904002,精致蝴蝶结碎发夹刘海夹迷你前额侧边鸭嘴夹子头饰碎发整理神器女,,,普通订单,4.95,0,0,0,0,0,0,0,0,0,0,0,-0.03,0,0,0,0,0,0,是-商品卡免佣,0.22,义乌市衍郝电子商务商行,订单结算
2026-04-23 05:44:36,'2026042305443140796165640159,入账,4.74,聚合账户,货款结算入账,小店自卖,'6925546757824413396,'6925546757824413396,'SS76306419349073966340045,2026-04-12 20:56:51,'3809625164249956608,孕妇专用防滑拖鞋女士夏季家居家室内静音浴室洗澡防臭凉拖鞋外穿,,,普通订单,0.01,0,0,4.98,0,0,0,0,0,0,0,0,-0.25,0,0,0,0,0,0,,0,义乌市衍郝电子商务商行,订单结算
2026-04-23 05:44:36,'2026042305443234311217270159,入账,4.93,聚合账户,货款结算入账,小店自卖,'6952002981098492969,'6952002981098492969,'SS76306666432577375070163,2026-04-12 18:42:43,'3794075048172716228,安可拉红色蝴蝶镶钻头绳女高端网红扎头花高弹力马尾耐用皮筋发圈,,,普通订单,4.96,0,0,0,0,0,0,0,0,0,0,0,-0.03,0,0,0,0,0,0,是-商品卡免佣,0.22,义乌市衍郝电子商务商行,订单结算
2026-04-23 05:44:36,'2026042305443214812618870159,入账,18.88,聚合账户,货款结算入账,小店自卖,'6952022463580674017,'6952022463580477409,'SS76306666193301714320069,2026-04-12 17:40:58,'3809980984917622883,韩系高马尾香蕉夹竖夹女2026新款高级感发夹后脑勺大发量发饰头饰,,,普通订单,18.99,0,0,0,0,0,0,0,0,0,0,0,-0.11,0,0,0,0,0,0,是-商品卡免佣,0.81,义乌市衍郝电子商务商行,订单结算
2026-04-23 05:44:36,'2026042305443133311626430159,入账,8.63,聚合账户,货款结算入账,小店自卖,'6952004943808567020,'6952004943808567020,'SS76307376906653250660081,2026-04-12 17:46:32,'3812240028327870813,粉色双面蝴蝶结香蕉夹竖夹超温柔!气质高马尾发夹后脑勺发夹发饰,,,普通订单,8.68,0,0,0,0,0,0,0,0,0,0,0,-0.05,0,0,0,0,0,0,是-商品卡免佣,0.37,义乌市衍郝电子商务商行,订单结算
2026-04-23 05:44:36,'2026042305443134189811600159,入账,2.96,聚合账户,货款结算入账,小店自卖,'6925543010264120491,'6925543010264120491,'SS76306668446005338000019,2026-04-13 00:05:54,'3807217918840799504,新款百搭2026可爱小狗香蕉夹竖夹发夹脑勺扭扭夹高马尾抓夹高级感,,,普通订单,2.98,0,0,0,0,0,0,0,0,0,0,0,-0.02,0,0,0,0,0,0,是-商品卡免佣,0.15,义乌市衍郝电子商务商行,订单结算
2026-04-23 05:44:38,'2026042305443409062653850159,入账,9.77,聚合账户,货款结算入账,小店自卖,'6925597091909238534,'6925597091909238534,'SS76306850260401036890048,2026-04-14 23:26:21,'3809427327243387363,新中式蝴蝶结双层大肠发圈女小蛮腰低马尾发绳扎丸子头花发饰皮筋,,,普通订单,9.83,0,0,0,0,0,0,0,0,0,0,0,-0.06,0,0,0,0,0,0,是-商品卡免佣,0.44,义乌市衍郝电子商务商行,订单结算
2026-04-23 05:44:38,'2026042305443300430945340159,入账,8.45,聚合账户,货款结算入账,小店自卖,'6925560742773750971,'6925560742773750971,'SS76306428818929792150076,2026-04-13 00:56:55,'3800198492568289686,买一送一爆款凉拖鞋男士夏季情侣2026新款家居防滑防臭厚底拖鞋女,,,普通订单,8.9,0,0,0,0,0,0,0,0,0,0,0,-0.45,0,0,0,0,0,0,,0,义乌市衍郝电子商务商行,订单结算
2026-04-23 05:44:38,'2026042305443402150937660159,入账,3.71,聚合账户,货款结算入账,小店自卖,'6925632728274271412,'6925632728274271412,'SS76307243815679434700035,2026-04-16 08:07:45,'3812437220980293660,高级感前额侧边碎发夹刘海夹小号闪钻蝴蝶结鸭嘴夹子水晶发卡头饰,,,普通订单,3.73,0,0,0,0,0,0,0,0,0,0,0,-0.02,0,0,0,0,0,0,是-商品卡免佣,0.15,义乌市衍郝电子商务商行,订单结算
2026-04-23 05:44:38,'2026042305443333348324360159,入账,9.92,聚合账户,货款结算入账,小店自卖,'6952094471221876030,'6952094471221876030,'SS76308213010185139610094,2026-04-15 21:09:06,'3809625164249956608,孕妇专用防滑拖鞋女士夏季家居家室内静音浴室洗澡防臭凉拖鞋外穿,,,普通订单,9.98,0,0,0,0,0,0,0,0,0,0,0,-0.06,0,0,0,0,0,0,是-商品卡免佣,0.44,义乌市衍郝电子商务商行,订单结算
2026-04-23 05:44:38,'2026042305443227445990400159,入账,2.24,聚合账户,货款结算入账,小店自卖,'6952041150716843839,'6952041150716843839,'SS76307369264378519380136,2026-04-13 09:26:01,'3809975766641410463,高级感水钻珠珠一字扭扭夹2026新款盘发抓夹后脑勺发量多发夹头饰,,,普通订单,2.25,0,0,0,0,0,0,0,0,0,0,0,-0.01,0,0,0,0,0,0,是-商品卡免佣,0.07,义乌市衍郝电子商务商行,订单结算
2026-04-23 05:44:51,'2026042305444608147973520159,入账,6.77,聚合账户,货款结算入账,小店自卖,'6925555754569989263,'6925555754569989263,'SS76306667163653250650172,2026-04-12 21:02:25,'3809262658188869664,高级感新年红色大肠发圈女2026新款扎头发绳丸子氛围感头花发饰,,,普通订单,6.81,0,0,0,0,0,0,0,0,0,0,0,-0.04,0,0,0,0,0,0,是-商品卡免佣,0.29,义乌市衍郝电子商务商行,订单结算
2026-04-23 05:44:51,'2026042305444534565166080159,入账,5.17,聚合账户,货款结算入账,小店自卖,'6925536428426755651,'6925536428426755651,'SS76306672630542994280016,2026-04-12 18:08:47,'3812961166053999319,ins爆款卡通蓬松夹鸭嘴夹一字夹化妆发夹超萌可爱猫咪少女刘海夹,,,普通订单,5.2,0,0,0,0,0,0,0,0,0,0,0,-0.03,0,0,0,0,0,0,是-商品卡免佣,0.22,义乌市衍郝电子商务商行,订单结算
2026-04-23 05:44:51,'2026042305444522870597530159,入账,3.93,聚合账户,货款结算入账,小店自卖,'6952170698986493304,'6952170698986493304,'SS76308213869482481070169,2026-04-18 01:25:22,'3812961166053999319,ins爆款卡通蓬松夹鸭嘴夹一字夹化妆发夹超萌可爱猫咪少女刘海夹,,,普通订单,3.95,0,0,0,0,0,0,0,0,0,0,0,-0.02,0,0,0,0,0,0,是-商品卡免佣,0.15,义乌市衍郝电子商务商行,订单结算
2026-04-23 05:44:51,'2026042305444432272059420159,入账,4.96,聚合账户,货款结算入账,小店自卖,'6952012481494389761,'6952012481494389761,'SS76306666063710663680233,2026-04-13 00:02:06,'3806655969480540177,米菲兔巨显发量香蕉兔子后脑勺盘发百搭少女发饰时尚可爱波点大号,,,普通订单,0.49,0,0,4.5,0,0,0,0,0,0,0,0,-0.03,0,0,0,0,0,0,是-商品卡免佣,0.22,义乌市衍郝电子商务商行,订单结算
2026-04-23 05:44:51,'2026042305444610956641800159,入账,9.92,聚合账户,货款结算入账,小店自卖,'6925572355258285344,'6925572355258285344,'SS76307389751622863860111,2026-04-13 14:01:40,'3809625164249956608,孕妇专用防滑拖鞋女士夏季家居家室内静音浴室洗澡防臭凉拖鞋外穿,,,普通订单,4.98,0,0,5,0,0,0,0,0,0,0,0,-0.06,0,0,0,0,0,0,是-商品卡免佣,0.44,义乌市衍郝电子商务商行,订单结算
2026-04-23 05:44:53,'2026042305444916618829430159,入账,4.96,聚合账户,货款结算入账,小店自卖,'6925557833749593904,'6925557833749593904,'SS76306420997802729230234,2026-04-12 19:27:46,'3809625164249956608,孕妇专用防滑拖鞋女士夏季家居家室内静音浴室洗澡防臭凉拖鞋外穿,,,普通订单,4.99,0,0,0,0,0,0,0,0,0,0,0,-0.03,0,0,0,0,0,0,是-商品卡免佣,0.22,义乌市衍郝电子商务商行,订单结算
2026-04-23 05:44:54,'2026042305444938295025180159,入账,2.94,聚合账户,货款结算入账,小店自卖,'6925569210164542917,'6925569210164542917,'SS76306219771964301180228,2026-04-14 07:52:14,'3812961166053999319,ins爆款卡通蓬松夹鸭嘴夹一字夹化妆发夹超萌可爱猫咪少女刘海夹,,,普通订单,3.95,0,0,0,0,0,0,0,0,0,0,-1,-0.01,0,0,0,0,0,0,是-商品卡免佣,0.07,义乌市衍郝电子商务商行,订单结算
2026-04-23 05:44:54,'2026042305444705174768990159,入账,5.03,聚合账户,货款结算入账,小店自卖,'6952171335699404635,'6952171335699404635,'SS76307802630767577860222,2026-04-18 13:20:27,'3809625164249956608,孕妇专用防滑拖鞋女士夏季家居家室内静音浴室洗澡防臭凉拖鞋外穿,,,普通订单,5.29,0,0,0,0,0,0,0,0,0,0,0,-0.26,0,0,0,0,0,0,,0,义乌市衍郝电子商务商行,订单结算
2026-04-23 05:44:54,'2026042305444817079506440159,入账,10.32,聚合账户,货款结算入账,小店自卖,'6952043848537937163,'6952043848537937163,'SS76307368572031803230151,2026-04-13 12:01:06,'3812240028327870813,粉色双面蝴蝶结香蕉夹竖夹超温柔!气质高马尾发夹后脑勺发夹发饰,,,普通订单,10.38,0,0,0,0,0,0,0,0,0,0,0,-0.06,0,0,0,0,0,0,是-商品卡免佣,0.44,义乌市衍郝电子商务商行,订单结算
2026-04-23 05:44:54,'2026042305444900002339840159,入账,2.87,聚合账户,货款结算入账,小店自卖,'6952029159049008341,'6952029159049008341,'SS76306666477329167710112,2026-04-12 18:39:45,'3752323855864168814,飘带齿梳发箍波浪高颅顶高颅顶宫廷编发发箍女复红色蝴蝶结发饰,,,普通订单,2.89,0,0,0,0,0,0,0,0,0,0,0,-0.02,0,0,0,0,0,0,是-商品卡免佣,0.15,义乌市衍郝电子商务商行,订单结算
2026-04-23 05:44:54,'2026042305444907355763390159,入账,5.65,聚合账户,货款结算入账,小店自卖,'6925656982112272192,'6925656982112272192,'SS76306305705611271950158,2026-04-16 21:17:55,'3782888475330740360,可爱毛绒米菲兔大号魔术贴卡通hellokitty发饰刘海碎发刘海贴神器,,,普通订单,5.68,0.3,0,0,0,0,0,0,0,0,0,0,-0.03,0,0,0,0,0,0,是-商品卡免佣,0.22,义乌市衍郝电子商务商行,订单结算
2026-04-23 05:44:54,'2026042305445021815178650159,入账,5.65,聚合账户,货款结算入账,小店自卖,'6952048008049465092,'6952048008049465092,'SS76307466156360829790028,2026-04-13 11:26:36,'3782888475330740360,可爱毛绒米菲兔大号魔术贴卡通hellokitty发饰刘海碎发刘海贴神器,,,普通订单,5.68,0.3,0,0,0,0,0,0,0,0,0,0,-0.03,0,0,0,0,0,0,是-商品卡免佣,0.22,义乌市衍郝电子商务商行,订单结算
2026-04-23 05:44:54,'2026042305444918885844670159,入账,5.17,聚合账户,货款结算入账,小店自卖,'6925671394650389658,'6925671394650389658,'SS76305206761651740500065,2026-04-17 14:30:54,'3812961166053999319,ins爆款卡通蓬松夹鸭嘴夹一字夹化妆发夹超萌可爱猫咪少女刘海夹,,,普通订单,5.2,0,0,0,0,0,0,0,0,0,0,0,-0.03,0,0,0,0,0,0,是-商品卡免佣,0.22,义乌市衍郝电子商务商行,订单结算
2026-04-23 05:44:54,'2026042305444827782351780159,入账,8.85,聚合账户,货款结算入账,小店自卖,'6925540274041946030,'6925540274041946030,'SS76306416595753049750113,2026-04-12 20:39:45,'3800198492568289686,买一送一爆款凉拖鞋男士夏季情侣2026新款家居防滑防臭厚底拖鞋女,,,普通订单,8.9,0,0,0,0,0,0,0,0,0,0,0,-0.05,0,0,0,0,0,0,是-商品卡免佣,0.37,义乌市衍郝电子商务商行,订单结算
2026-04-23 05:44:54,'2026042305445034100354620159,入账,3.88,聚合账户,货款结算入账,小店自卖,'6925542555586231428,'6925542555586231428,'SS76296782167685903620245,2026-04-12 21:31:27,'3800198492568289686,买一送一爆款凉拖鞋男士夏季情侣2026新款家居防滑防臭厚底拖鞋女,,,普通订单,8.9,0,0,0,0,0,0,0,0,0,0,-5,-0.02,0,0,0,0,0,0,是-商品卡免佣,0.15,义乌市衍郝电子商务商行,订单结算
2026-04-23 05:45:04,'2026042305445833230031870159,入账,5.46,聚合账户,货款结算入账,小店自卖,'6952027750651270779,'6952027750651270779,'SS76306666116995812350237,2026-04-13 00:02:59,'3806655969480540177,米菲兔巨显发量香蕉兔子后脑勺盘发百搭少女发饰时尚可爱波点大号,,,普通订单,5.49,0,0,0,0,0,0,0,0,0,0,0,-0.03,0,0,0,0,0,0,是-商品卡免佣,0.22,义乌市衍郝电子商务商行,订单结算
2026-04-23 05:45:04,'2026042305445830163274640159,入账,8.85,聚合账户,货款结算入账,小店自卖,'6952161851614304208,'6952161851614304208,'SS76307878385733309790143,2026-04-17 20:57:23,'3800198492568289686,买一送一爆款凉拖鞋男士夏季情侣2026新款家居防滑防臭厚底拖鞋女,,,普通订单,5.9,0,0,3,0,0,0,0,0,0,0,0,-0.05,0,0,0,0,0,0,是-商品卡免佣,0.37,义乌市衍郝电子商务商行,订单结算
2026-04-23 05:45:04,'2026042305445634490455560159,入账,4.74,聚合账户,货款结算入账,小店自卖,'6925424460885752841,'6925424460885752841,'SS76306560398817528740194,2026-04-07 18:52:18,'3809625164249956608,孕妇专用防滑拖鞋女士夏季家居家室内静音浴室洗澡防臭凉拖鞋外穿,,,普通订单,2.47,0,0,2.52,0,0,0,0,0,0,0,0,-0.25,0,0,0,0,0,0,,0,义乌市衍郝电子商务商行,订单结算
2026-04-23 05:45:04,'2026042305445938423923540159,入账,4.74,聚合账户,货款结算入账,小店自卖,'6952043953336489592,'6952043953336489592,'SS76307239683704468740045,2026-04-13 13:02:46,'3809625164249956608,孕妇专用防滑拖鞋女士夏季家居家室内静音浴室洗澡防臭凉拖鞋外穿,,,普通订单,0.99,0,0,4,0,0,0,0,0,0,0,0,-0.25,0,0,0,0,0,0,,0,义乌市衍郝电子商务商行,订单结算
2026-04-23 05:45:04,'2026042305445900297372160159,入账,3.05,聚合账户,货款结算入账,小店自卖,'6952027096256288016,'6952027096256288016,'SS76306665756161807450222,2026-04-12 18:36:08,'3806655969480540177,米菲兔巨显发量香蕉兔子后脑勺盘发百搭少女发饰时尚可爱波点大号,,,普通订单,0.01,0,0,3.06,0,0,0,0,0,0,0,0,-0.02,0,0,0,0,0,0,是-商品卡免佣,0.15,义乌市衍郝电子商务商行,订单结算
2026-04-23 05:45:04,'2026042305445909526809950159,入账,4.46,聚合账户,货款结算入账,小店自卖,'6952094576783791580,'6952094576783791580,'SS76307658056926213310009,2026-04-15 21:57:35,'3812961166053999319,ins爆款卡通蓬松夹鸭嘴夹一字夹化妆发夹超萌可爱猫咪少女刘海夹,,,普通订单,0.01,0,0,4.48,0,0,0,0,0,0,0,0,-0.03,0,0,0,0,0,0,是-商品卡免佣,0.22,义乌市衍郝电子商务商行,订单结算
2026-04-23 05:45:04,'2026042305445932674780310159,入账,4.56,聚合账户,货款结算入账,小店自卖,'6925551709439426232,'6925551709439426232,'SS76306665916349527230117,2026-04-12 21:01:31,'3812240028327870813,粉色双面蝴蝶结香蕉夹竖夹超温柔!气质高马尾发夹后脑勺发夹发饰,,,普通订单,1.8,0,0,3,0,0,0,0,0,0,0,0,-0.24,0,0,0,0,0,0,,0,义乌市衍郝电子商务商行,订单结算
2026-04-23 05:45:04,'2026042305445916539325840159,入账,2.63,聚合账户,货款结算入账,小店自卖,'6925206987251679050,'6925206987251679050,'SS76241169091099364220045,2026-03-28 23:24:39,'3781429375921160350,网红植绒编发发夹女神器丝绒侧边夹前额大号在成人前额碎发夹子,,,普通订单,2.65,0.8,0,0,0,0,0,0,0,0,0,0,-0.02,0,0,0,0,0,0,是-商品卡免佣,0.15,义乌市衍郝电子商务商行,订单结算
2026-04-23 05:45:04,'2026042305450008221821780159,入账,5.19,聚合账户,货款结算入账,小店自卖,'6925674858312465514,'6925674858312465514,'SS76307903252333737150216,2026-04-18 02:32:09,'3768979814174818449,2025新款气质大号盘发鸭嘴夹春夏发卡蝴蝶大号在成人抓夹碎发夹子,,,普通订单,5.22,0,0,0,0,0,0,0,0,0,0,0,-0.03,0,0,0,0,0,0,是-商品卡免佣,0.22,义乌市衍郝电子商务商行,订单结算
2026-04-23 05:45:04,'2026042305445824382835550159,入账,4.76,聚合账户,货款结算入账,小店自卖,'6925547238883425800,'6925547238883425800,'SS76306668076377868990011,2026-04-12 23:33:55,'3807235160995398024,甜美闪钻豹纹猫咪发夹女碎发刘海夹子ins新款高端头饰鸭嘴夹边夹,,,普通订单,4.79,0,0,0,0,0,0,0,0,0,0,0,-0.03,0,0,0,0,0,0,是-商品卡免佣,0.22,义乌市衍郝电子商务商行,订单结算
2026-04-23 05:45:10,'2026042305450628021890650159,入账,3.36,聚合账户,货款结算入账,小店自卖,'6952043251432494716,'6952043251432494716,'SS76306668845682242910073,2026-04-13 01:26:56,'3812796426258350389,夏天简约随手盘发一字扭扭夹水钻抓夹高级发夹扭扭后脑勺盘发器,,,普通订单,3.38,0,0,0,0,0,0,0,0,0,0,0,-0.02,0,0,0,0,0,0,是-商品卡免佣,0.15,义乌市衍郝电子商务商行,订单结算
2026-04-23 05:45:10,'2026042305450705749151180159,入账,4.85,聚合账户,货款结算入账,小店自卖,'6952044111339591021,'6952044111339591021,'SS76307407669400540580078,2026-04-13 14:59:02,'3807217918840799504,新款百搭2026可爱小狗香蕉夹竖夹发夹脑勺扭扭夹高马尾抓夹高级感,,,普通订单,4.88,0,0,0,0,0,0,0,0,0,0,0,-0.03,0,0,0,0,0,0,是-商品卡免佣,0.22,义乌市衍郝电子商务商行,订单结算
2026-04-23 05:45:10,'2026042305450622328614860159,入账,6.85,聚合账户,货款结算入账,小店自卖,'6952067715323205223,'6952067715322943079,'SS76306448944240932220156,2026-04-14 13:13:37,'3812795676727836686,趣味黑皮可爱KT猫咪刘海贴碎发整理神器魔术贴无痕发夹女头饰发饰,,,普通订单,6.89,0,0,0,0,0,0,0,0,0,0,0,-0.04,0,0,0,0,0,0,是-商品卡免佣,0.29,义乌市衍郝电子商务商行,订单结算
2026-04-23 05:45:10,'2026042305450608312100100159,入账,3.67,聚合账户,货款结算入账,小店自卖,'6952030130307404822,'6952030130307404822,'SS76306793309314422190116,2026-04-13 09:36:29,'3797199952510321008,儿童韩系五角星女童大肠花朵发圈甜美可爱纹波丸子头头绳马尾发饰,,,普通订单,3.69,0,0,0,0,0,0,0,0,0,0,0,-0.02,0,0,0,0,0,0,是-商品卡免佣,0.15,义乌市衍郝电子商务商行,订单结算
2026-04-23 05:45:10,'2026042305450616660280420159,入账,8.85,聚合账户,货款结算入账,小店自卖,'6952018982675748815,'6952018982675748815,'SS76306672068626522100215,2026-04-13 08:19:49,'3800198492568289686,买一送一爆款凉拖鞋男士夏季情侣2026新款家居防滑防臭厚底拖鞋女,,,普通订单,8.9,0,0,0,0,0,0,0,0,0,0,0,-0.05,0,0,0,0,0,0,是-商品卡免佣,0.37,义乌市衍郝电子商务商行,订单结算
2026-04-23 05:45:21,'2026042305451701181294600159,入账,5.65,聚合账户,货款结算入账,小店自卖,'6925644175820488226,'6925644175820488226,'SS76308629936053171390144,2026-04-16 20:38:00,'3782888475330740360,可爱毛绒米菲兔大号魔术贴卡通hellokitty发饰刘海碎发刘海贴神器,,,普通订单,5.68,0.3,0,0,0,0,0,0,0,0,0,0,-0.03,0,0,0,0,0,0,是-商品卡免佣,0.22,义乌市衍郝电子商务商行,订单结算
2026-04-23 05:45:21,'2026042305451708270482320159,入账,9.12,聚合账户,货款结算入账,小店自卖,'6925560668458810671,'6925560668458810671,'SS76307389489521464410107,2026-04-13 00:05:48,'3812771631437316687,买一送一拖鞋男款外出耐穿夏天居家用室内厚底防滑防臭男女凉托鞋,,,普通订单,9.6,0,0,0,0,0,0,0,0,0,0,0,-0.48,0,0,0,0,0,0,,0,义乌市衍郝电子商务商行,订单结算
2026-04-23 05:45:21,'2026042305451622117255830159,入账,3.13,聚合账户,货款结算入账,小店自卖,'6925663188805058440,'6925663188805058440,'SS76308103955704553480005,2026-04-17 19:43:24,'3810919823941174195,中式复古洋气多层小蛮腰褶皱印花肥肠圈高端水墨皮筋耐用新款发圈,,,普通订单,0.15,0,0,3,0,0,0,0,0,0,0,0,-0.02,0,0,0,0,0,0,是-商品卡免佣,0.15,义乌市衍郝电子商务商行,订单结算
2026-04-23 05:45:28,'2026042305452433219709860159,入账,4.87,聚合账户,货款结算入账,小店自卖,'6952034854891296627,'6952034854891296627,'SS76307242227716262900047,2026-04-13 13:21:12,'3800198492568289686,买一送一爆款凉拖鞋男士夏季情侣2026新款家居防滑防臭厚底拖鞋女,,,普通订单,4.9,0,0,0,0,0,0,0,0,0,0,0,-0.03,0,0,0,0,0,0,是-商品卡免佣,0.22,义乌市衍郝电子商务商行,订单结算
2026-04-23 05:45:28,'2026042305452326029798590159,入账,8.85,聚合账户,货款结算入账,小店自卖,'6925650602712595894,'6925650602712595894,'SS76307542531958705180114,2026-04-16 17:25:33,'3800198492568289686,买一送一爆款凉拖鞋男士夏季情侣2026新款家居防滑防臭厚底拖鞋女,,,普通订单,8.9,0,0,0,0,0,0,0,0,0,0,0,-0.05,0,0,0,0,0,0,是-商品卡免佣,0.37,义乌市衍郝电子商务商行,订单结算
2026-04-23 05:45:28,'2026042305452409736689070159,入账,3.36,聚合账户,货款结算入账,小店自卖,'6925562044850208111,'6925562044850208111,'SS76307372793302878980168,2026-04-13 14:46:55,'3812796426258350389,夏天简约随手盘发一字扭扭夹水钻抓夹高级发夹扭扭后脑勺盘发器,,,普通订单,3.38,0,0,0,0,0,0,0,0,0,0,0,-0.02,0,0,0,0,0,0,是-商品卡免佣,0.15,义乌市衍郝电子商务商行,订单结算
2026-04-23 05:45:28,'2026042305452433975547070159,入账,2.99,聚合账户,货款结算入账,小店自卖,'6925682774986030772,'6925682774986030772,'SS76307875345028756980167,2026-04-17 19:24:30,'3812433686331260960,小号迷你鸭嘴夹发夹侧边小夹子精致蝴蝶结碎发夹刘海夹高级感发卡,,,普通订单,3.01,0,0,0,0,0,0,0,0,0,0,0,-0.02,0,0,0,0,0,0,是-商品卡免佣,0.15,义乌市衍郝电子商务商行,订单结算
2026-04-23 05:45:28,'2026042305452408852649390159,入账,12.72,聚合账户,货款结算入账,小店自卖,'6952041495872673561,'6952041495872673561,'SS76307256559481820680220,2026-04-13 13:26:36,'3810919823941174195,中式复古洋气多层小蛮腰褶皱印花肥肠圈高端水墨皮筋耐用新款发圈,,,普通订单,12.8,0,0,0,0,0,0,0,0,0,0,0,-0.08,0,0,0,0,0,0,是-商品卡免佣,0.59,义乌市衍郝电子商务商行,订单结算
2026-04-23 05:45:42,'2026042305453718886167560159,入账,4.28,聚合账户,货款结算入账,小店自卖,'6952021522175694289,'6952021522175694289,'SS76306669393720816730238,2026-04-13 07:08:17,'3752323855864168814,飘带齿梳发箍波浪高颅顶高颅顶宫廷编发发箍女复红色蝴蝶结发饰,,,普通订单,4.31,0,0,0,0,0,0,0,0,0,0,0,-0.03,0,0,0,0,0,0,是-商品卡免佣,0.22,义乌市衍郝电子商务商行,订单结算
2026-04-23 05:45:42,'2026042305453906673047450159,入账,3.13,聚合账户,货款结算入账,小店自卖,'6925558171133509228,'6925558171133509228,'SS76306658274537191030062,2026-04-12 21:25:54,'3810919823941174195,中式复古洋气多层小蛮腰褶皱印花肥肠圈高端水墨皮筋耐用新款发圈,,,普通订单,3.15,0,0,0,0,0,0,0,0,0,0,0,-0.02,0,0,0,0,0,0,是-商品卡免佣,0.15,义乌市衍郝电子商务商行,订单结算
2026-04-23 05:45:42,'2026042305453832128538010159,入账,3.83,聚合账户,货款结算入账,小店自卖,'6925543310541946059,'6925543310541946059,'SS76306669583715863470231,2026-04-13 07:49:26,'3752322642510741846,韩国东大门25新款爱心AB版发夹鸭嘴夹侧边大号在成人大号毛绒鲨鱼,,,普通订单,3.85,0,0,0,0,0,0,0,0,0,0,0,-0.02,0,0,0,0,0,0,是-商品卡免佣,0.15,义乌市衍郝电子商务商行,订单结算
2026-04-23 05:45:42,'2026042305453732550259830159,入账,8.45,聚合账户,货款结算入账,小店自卖,'6952037099648194220,'6952037099648194220,'SS76307389673875092880145,2026-04-13 13:43:19,'3800198492568289686,买一送一爆款凉拖鞋男士夏季情侣2026新款家居防滑防臭厚底拖鞋女,,,普通订单,8.9,0,0,0,0,0,0,0,0,0,0,0,-0.45,0,0,0,0,0,0,,0,义乌市衍郝电子商务商行,订单结算
2026-04-23 05:45:42,'2026042305453720609933230159,入账,8.85,聚合账户,货款结算入账,小店自卖,'6925554852879105681,'6925554852879105681,'SS76306671909835576750003,2026-04-13 05:55:15,'3800198492568289686,买一送一爆款凉拖鞋男士夏季情侣2026新款家居防滑防臭厚底拖鞋女,,,普通订单,8.9,0,0,0,0,0,0,0,0,0,0,0,-0.05,0,0,0,0,0,0,是-商品卡免佣,0.37,义乌市衍郝电子商务商行,订单结算
2026-04-23 05:45:42,'2026042305453805872689060159,入账,5.56,聚合账户,货款结算入账,小店自卖,'6952146499147273597,'6952146499147011453,'SS76307270787114114820249,2026-04-18 09:41:43,'3752322380542902727,鸭嘴夹大号后脑勺爆款发夹鸭嘴后脑勺甜美大号在成人大号毛绒鲨鱼,,,普通订单,5.59,0,0,0,0,0,0,0,0,0,0,0,-0.03,0,0,0,0,0,0,是-商品卡免佣,0.22,义乌市衍郝电子商务商行,订单结算
2026-04-23 05:45:42,'2026042305453730538470550159,入账,5.65,聚合账户,货款结算入账,小店自卖,'6952025163566224471,'6952025163566224471,'SS76306668777373578500201,2026-04-12 22:58:57,'3780819776314671477,复古豹纹kt猫多层香蕉夹女后脑勺抓夹头饰大号在成人前额碎发夹子,,,普通订单,5.68,0.8,0,0,0,0,0,0,0,0,0,0,-0.03,0,0,0,0,0,0,是-商品卡免佣,0.22,义乌市衍郝电子商务商行,订单结算
2026-04-23 05:45:42,'2026042305453839091898940159,入账,6.95,聚合账户,货款结算入账,小店自卖,'6925569609005170288,'6925569609005170288,'SS76307001015856338260050,2026-04-13 11:05:43,'3782909438948671661,满天星蝴蝶结2025网纱云朵后脑勺鲨鱼泡大号在成人前额碎发夹子,,,普通订单,6.99,0,0,0,0,0,0,0,0,0,0,0,-0.04,0,0,0,0,0,0,是-商品卡免佣,0.29,义乌市衍郝电子商务商行,订单结算
2026-04-23 05:45:42,'2026042305453719476321910159,入账,2.38,聚合账户,货款结算入账,小店自卖,'6952034200127280302,'6952034200127280302,'SS76292758170856496740151,2026-04-13 01:04:57,'3811102963569655948,春夏撞色蝴蝶结发夹发卡女后脑勺2026新款气质大号盘发鸭嘴夹发饰,,,普通订单,3.89,0,0,0,0,0,0,0,0,0,0,-1.5,-0.01,0,0,0,0,0,0,是-商品卡免佣,0.07,义乌市衍郝电子商务商行,订单结算
2026-04-23 05:45:42,'2026042305453817874624350159,入账,6.64,聚合账户,货款结算入账,小店自卖,'6952014244417508683,'6952014244417508683,'SS76306672744541882880056,2026-04-12 22:29:01,'3812438526650351850,韩版网纱蝴蝶结抓夹2026新款水晶刘海夹侧边夹气质优雅公主夹蓬松,,,普通订单,6.68,0,0,0,0,0,0,0,0,0,0,0,-0.04,0,0,0,0,0,0,是-商品卡免佣,0.29,义乌市衍郝电子商务商行,订单结算
2026-04-23 05:48:57,'2026042305485136499134070159,入账,4.93,聚合账户,货款结算入账,小店自卖,'6925577215703547050,'6925577215703547050,'SS76308425742693829310090,2026-04-13 18:53:58,'3794075048172716228,安可拉红色蝴蝶镶钻头绳女高端网红扎头花高弹力马尾耐用皮筋发圈,,,普通订单,4.96,0,0,0,0,0,0,0,0,0,0,0,-0.03,0,0,0,0,0,0,是-商品卡免佣,0.22,义乌市衍郝电子商务商行,订单结算
2026-04-23 05:48:57,'2026042305485132727086080159,入账,4.96,聚合账户,货款结算入账,小店自卖,'6952000170824505157,'6952000170824505157,'SS76306420760638592000046,2026-04-12 16:17:12,'3809625164249956608,孕妇专用防滑拖鞋女士夏季家居家室内静音浴室洗澡防臭凉拖鞋外穿,,,普通订单,4.99,0,0,0,0,0,0,0,0,0,0,0,-0.03,0,0,0,0,0,0,是-商品卡免佣,0.22,义乌市衍郝电子商务商行,订单结算
2026-04-23 05:48:58,'2026042305485309526359440159,入账,2.17,聚合账户,货款结算入账,小店自卖,'6952146499147076989,'6952146499147011453,'SS76307270958921979510234,2026-04-18 09:41:43,'3797527531863802003,新款小众设计感韩国东大门炫彩色花朵发夹刘海碎发发夹少女感头饰,,,普通订单,2.18,0,0,0,0,0,0,0,0,0,0,0,-0.01,0,0,0,0,0,0,是-商品卡免佣,0.07,义乌市衍郝电子商务商行,订单结算
2026-04-23 05:48:58,'2026042305485220176573840159,入账,8.85,聚合账户,货款结算入账,小店自卖,'6952000640926029611,'6952000640926029611,'SS76306672059355957760184,2026-04-12 21:19:14,'3800198492568289686,买一送一爆款凉拖鞋男士夏季情侣2026新款家居防滑防臭厚底拖鞋女,,,普通订单,8.9,0,0,0,0,0,0,0,0,0,0,0,-0.05,0,0,0,0,0,0,是-商品卡免佣,0.37,义乌市衍郝电子商务商行,订单结算
2026-04-23 05:48:58,'2026042305485222407252830159,入账,4.34,聚合账户,货款结算入账,小店自卖,'6952039012524954815,'6952039012524954815,'SS76306791717021169050100,2026-04-13 09:57:16,'3807233228251726216,发圈式啪啪圈~秋冬美拉德系懒人高马尾啪啪圈复古固定不塌神器,,,普通订单,4.37,0,0,0,0,0,0,0,0,0,0,0,-0.03,0,0,0,0,0,0,是-商品卡免佣,0.22,义乌市衍郝电子商务商行,订单结算
2026-04-23 05:49:08,'2026042305490134406896990159,入账,3.36,聚合账户,货款结算入账,小店自卖,'6952021717502203748,'6952021717502203748,'SS76307372953936043920070,2026-04-13 09:37:53,'3812796426258350389,夏天简约随手盘发一字扭扭夹水钻抓夹高级发夹扭扭后脑勺盘发器,,,普通订单,3.38,0,0,0,0,0,0,0,0,0,0,0,-0.02,0,0,0,0,0,0,是-商品卡免佣,0.15,义乌市衍郝电子商务商行,订单结算
2026-04-23 05:49:08,'2026042305490223124052630159,入账,4.87,聚合账户,货款结算入账,小店自卖,'6952071383607547031,'6952071383607547031,'SS76306151021675689470118,2026-04-15 13:44:34,'3800198492568289686,买一送一爆款凉拖鞋男士夏季情侣2026新款家居防滑防臭厚底拖鞋女,,,普通订单,4.9,0,0,0,0,0,0,0,0,0,0,0,-0.03,0,0,0,0,0,0,是-商品卡免佣,0.22,义乌市衍郝电子商务商行,订单结算
2026-04-23 05:49:08,'2026042305490221826117470159,入账,0.98,聚合账户,货款结算入账,小店自卖,'6952031606566622905,'6952031606566622905,'SS76306673184194729470039,2026-04-12 21:19:53,'3812961166053999319,ins爆款卡通蓬松夹鸭嘴夹一字夹化妆发夹超萌可爱猫咪少女刘海夹,,,普通订单,0.99,0,0,0,0,0,0,0,0,0,0,0,-0.01,0,0,0,0,0,0,是-商品卡免佣,0.07,义乌市衍郝电子商务商行,订单结算
2026-04-23 05:49:08,'2026042305490409186019840159,入账,3.36,聚合账户,货款结算入账,小店自卖,'6952047941015574459,'6952047941015574459,'SS76307017542631101790244,2026-04-13 11:01:06,'3812796426258350389,夏天简约随手盘发一字扭扭夹水钻抓夹高级发夹扭扭后脑勺盘发器,,,普通订单,3.38,0,0,0,0,0,0,0,0,0,0,0,-0.02,0,0,0,0,0,0,是-商品卡免佣,0.15,义乌市衍郝电子商务商行,订单结算
2026-04-23 05:49:08,'2026042305490120399890270159,入账,3.36,聚合账户,货款结算入账,小店自卖,'6952079166545859790,'6952079166545859790,'SS76306875811521828110208,2026-04-14 19:27:15,'3812796426258350389,夏天简约随手盘发一字扭扭夹水钻抓夹高级发夹扭扭后脑勺盘发器,,,普通订单,3.38,0,0,0,0,0,0,0,0,0,0,0,-0.02,0,0,0,0,0,0,是-商品卡免佣,0.15,义乌市衍郝电子商务商行,订单结算
2026-04-23 05:50:43,'2026042305503917284636590159,入账,2.68,聚合账户,货款结算入账,小店自卖,'6925538550536502875,'6925538550536502875,'SS76306666525205181590247,2026-04-12 18:33:33,'3752323159945249725,碎发整理神器山茶花碎发整理神器后脑勺成人拉拉发红色蝴蝶结发饰,,,普通订单,2.7,0,0,0,0,0,0,0,0,0,0,0,-0.02,0,0,0,0,0,0,是-商品卡免佣,0.15,义乌市衍郝电子商务商行,订单结算
2026-04-23 05:50:43,'2026042305503927685199860159,入账,1.98,聚合账户,货款结算入账,小店自卖,'6952025380310684799,'6952025380310684799,'SS76306603999199890180205,2026-04-13 06:12:19,'3812796426258350389,夏天简约随手盘发一字扭扭夹水钻抓夹高级发夹扭扭后脑勺盘发器,,,普通订单,1.99,0,0,0,0,0,0,0,0,0,0,0,-0.01,0,0,0,0,0,0,是-商品卡免佣,0.07,义乌市衍郝电子商务商行,订单结算
2026-04-23 05:50:43,'2026042305503823411922010159,入账,12.72,聚合账户,货款结算入账,小店自卖,'6952029027727775182,'6952029027727775182,'SS76306666773902625910076,2026-04-12 17:05:58,'3810919823941174195,中式复古洋气多层小蛮腰褶皱印花肥肠圈高端水墨皮筋耐用新款发圈,,,普通订单,12.8,0,0,0,0,0,0,0,0,0,0,0,-0.08,0,0,0,0,0,0,是-商品卡免佣,0.59,义乌市衍郝电子商务商行,订单结算
2026-04-23 05:50:43,'2026042305503816833295420159,入账,4.47,聚合账户,货款结算入账,小店自卖,'6925652202253089942,'6925652202253089942,'SS76306806663126594920200,2026-04-16 14:15:27,'3772322067672858861,玫瑰花朵小抓夹女精灵耳发夹高颅顶刘海夹侧边夹后脑勺半扎发夹子,,,普通订单,4.5,0.3,0,0,0,0,0,0,0,0,0,0,-0.03,0,0,0,0,0,0,是-商品卡免佣,0.22,义乌市衍郝电子商务商行,订单结算
2026-04-23 05:50:43,'2026042305503920866998220159,入账,2.69,聚合账户,货款结算入账,小店自卖,'6952139227387073671,'6952139227387073671,'SS76307877975443215860177,2026-04-17 20:14:25,'3712259868460187975,气质抓夹大号发量多2024新款爆款发夹女后脑勺鲨鱼夹高级感头饰,,,普通订单,2.71,0,0,0,0,0,0,0,0,0,0,0,-0.02,0,0,0,0,0,0,是-商品卡免佣,0.15,义乌市衍郝电子商务商行,订单结算
2026-04-23 05:50:57,'2026042305505324708718140159,入账,3.89,聚合账户,货款结算入账,小店自卖,'6952127582802416775,'6952127582802416775,'SS76308140134962629660130,2026-04-17 10:24:27,'3813158348195496156,公主发夹波点蝴蝶结夹小众香蕉2026新款发饰发卡洋气双排头花夹子,,,普通订单,3.91,0,0,0,0,0,0,0,0,0,0,0,-0.02,0,0,0,0,0,0,是-商品卡免佣,0.15,义乌市衍郝电子商务商行,订单结算
2026-04-23 05:50:57,'2026042305505324033531070159,入账,7.75,聚合账户,货款结算入账,小店自卖,'6952039416824665805,'6952039416824665805,'SS76307365828780856740006,2026-04-13 14:11:32,'3812988718369865893,可爱小熊眼镜2026新款发卡发夹女边夹侧边鸭嘴夹前额刘海夹子头饰,,,普通订单,7.8,0,0,0,0,0,0,0,0,0,0,0,-0.05,0,0,0,0,0,0,是-商品卡免佣,0.37,义乌市衍郝电子商务商行,订单结算
2026-04-23 05:50:57,'2026042305505320988605800159,入账,3.79,聚合账户,货款结算入账,小店自卖,'6925542787985669561,'6925542787985669561,'SS76306668059544783700054,2026-04-12 22:49:05,'3752323576548688241,中国风孔雀盘发器女生古典旗袍发饰丸子懒人高级感饰品优雅发夹女,,,普通订单,3.81,0,0,0,0,0,0,0,0,0,0,0,-0.02,0,0,0,0,0,0,是-商品卡免佣,0.15,义乌市衍郝电子商务商行,订单结算
2026-04-23 05:50:57,'2026042305505339601484860159,入账,3.23,聚合账户,货款结算入账,小店自卖,'6952036433498609308,'6952036433498609308,'SS76306606522576450650122,2026-04-13 03:49:17,'3809975766641410463,高级感水钻珠珠一字扭扭夹2026新款盘发抓夹后脑勺发量多发夹头饰,,,普通订单,3.25,0,0,0,0,0,0,0,0,0,0,0,-0.02,0,0,0,0,0,0,是-商品卡免佣,0.15,义乌市衍郝电子商务商行,订单结算
2026-04-23 05:50:57,'2026042305505304794332580159,入账,3.93,聚合账户,货款结算入账,小店自卖,'6952137785760552352,'6952137785760552352,'SS76307810084072985750243,2026-04-16 21:07:02,'3812961166053999319,ins爆款卡通蓬松夹鸭嘴夹一字夹化妆发夹超萌可爱猫咪少女刘海夹,,,普通订单,3.95,0,0,0,0,0,0,0,0,0,0,0,-0.02,0,0,0,0,0,0,是-商品卡免佣,0.15,义乌市衍郝电子商务商行,订单结算
2026-04-23 05:51:09,'2026042305510511121300750159,入账,1.98,聚合账户,货款结算入账,小店自卖,'6952025817821943073,'6952025817821943073,'SS76307376618712435580221,2026-04-13 12:20:51,'3812796426258350389,夏天简约随手盘发一字扭扭夹水钻抓夹高级发夹扭扭后脑勺盘发器,,,普通订单,1.99,0,0,0,0,0,0,0,0,0,0,0,-0.01,0,0,0,0,0,0,是-商品卡免佣,0.07,义乌市衍郝电子商务商行,订单结算
2026-04-23 05:51:09,'2026042305510121903775350159,入账,5.86,聚合账户,货款结算入账,小店自卖,'6925539821708803487,'6925539821708803487,'SS76306666696792315310168,2026-04-12 17:01:22,'3810393692611674121,小众不规则抓夹大号发量大发夹女后脑勺鲨鱼夹发卡2026新款头饰,,,普通订单,5.9,0,0,0,0,0,0,0,0,0,0,0,-0.04,0,0,0,0,0,0,是-商品卡免佣,0.29,义乌市衍郝电子商务商行,订单结算
2026-04-23 05:51:09,'2026042305510506595387150159,入账,8.45,聚合账户,货款结算入账,小店自卖,'6952012480497980958,'6952012480497980958,'SS76306672343356052860112,2026-04-13 00:08:40,'3800198492568289686,买一送一爆款凉拖鞋男士夏季情侣2026新款家居防滑防臭厚底拖鞋女,,,普通订单,8.9,0,0,0,0,0,0,0,0,0,0,0,-0.45,0,0,0,0,0,0,,0,义乌市衍郝电子商务商行,订单结算
2026-04-23 05:51:09,'2026042305510605705897370159,入账,4.29,聚合账户,货款结算入账,小店自卖,'6952018268541883840,'6952018268541883840,'SS76306777853592538010244,2026-04-12 20:27:40,'3813126193763451056,明星同款高级感银色金属五角星发扣发夹洋气甜酷风刘海发夹扣发饰,,,普通订单,4.32,0,0,0,0,0,0,0,0,0,0,0,-0.03,0,0,0,0,0,0,是-商品卡免佣,0.22,义乌市衍郝电子商务商行,订单结算
2026-04-23 05:51:09,'2026042305510433482017700159,入账,2.87,聚合账户,货款结算入账,小店自卖,'6925542947788783117,'6925542947788783117,'SS76306662360450053390061,2026-04-12 23:51:23,'3799616810156949953,绒面宽边简约高颅顶发箍秋冬网红发饰女高级感洗脸头箍发卡发带潮,,,普通订单,2.89,0,0,0,0,0,0,0,0,0,0,0,-0.02,0,0,0,0,0,0,是-商品卡免佣,0.15,义乌市衍郝电子商务商行,订单结算
2026-04-23 05:51:09,'2026042305510612626332700159,入账,6.95,聚合账户,货款结算入账,小店自卖,'6925563171884727646,'6925563171884727646,'SS76307407574353843600103,2026-04-13 14:32:12,'3782909438948671661,满天星蝴蝶结2025网纱云朵后脑勺鲨鱼泡大号在成人前额碎发夹子,,,普通订单,6.99,0,0,0,0,0,0,0,0,0,0,0,-0.04,0,0,0,0,0,0,是-商品卡免佣,0.29,义乌市衍郝电子商务商行,订单结算
2026-04-23 05:51:09,'2026042305510700269399140159,入账,2.25,聚合账户,货款结算入账,小店自卖,'6952151806412330663,'6952151806412330663,'SS76307664291852127350052,2026-04-17 06:23:23,'3809975766641410463,高级感水钻珠珠一字扭扭夹2026新款盘发抓夹后脑勺发量多发夹头饰,,,普通订单,1.26,0.5,0,0,0,0,0,0,1,0,0,0,-0.01,0,0,0,0,0,0,是-商品卡免佣,0.07,义乌市衍郝电子商务商行,订单结算
2026-04-23 05:51:09,'2026042305510538090186660159,入账,7.75,聚合账户,货款结算入账,小店自卖,'6952005277758461498,'6952005277758461498,'SS76307365528590753550113,2026-04-12 21:11:51,'3812988718369865893,可爱小熊眼镜2026新款发卡发夹女边夹侧边鸭嘴夹前额刘海夹子头饰,,,普通订单,7.8,0,0,0,0,0,0,0,0,0,0,0,-0.05,0,0,0,0,0,0,是-商品卡免佣,0.37,义乌市衍郝电子商务商行,订单结算
2026-04-23 05:51:09,'2026042305510509777160100159,入账,5.02,聚合账户,货款结算入账,小店自卖,'6952013756307412422,'6952013756307412422,'SS76306423272625485140185,2026-04-12 17:04:49,'3810567520675561925,夏季新款eva拖鞋女室内居家浴室洗澡一字拖男耐磨防滑软底凉拖鞋,,,普通订单,5.28,0,0,0,0,0,0,0,0,0,0,0,-0.26,0,0,0,0,0,0,,0,义乌市衍郝电子商务商行,订单结算
2026-04-23 05:51:10,'2026042305510534674325020159,入账,13.5,聚合账户,货款结算入账,小店自卖,'6925573928044887129,'6925573928044887129,'SS76307312351167127390125,2026-04-14 00:57:18,'3790155312900735053,新款复古气质豹纹皮革三角后秋森系女款黑色抓夹ins网红发夹发卡,,,普通订单,14.58,0,0,0,0,0,0,0,0,0,0,-1,-0.08,0,0,0,0,0,0,是-商品卡免佣,0.59,义乌市衍郝电子商务商行,订单结算
2026-04-23 05:51:22,'2026042305511714901906020159,入账,4.96,聚合账户,货款结算入账,小店自卖,'6952029286708156023,'6952029286708156023,'SS76306421115029757940032,2026-04-12 19:42:28,'3809625164249956608,孕妇专用防滑拖鞋女士夏季家居家室内静音浴室洗澡防臭凉拖鞋外穿,,,普通订单,4.99,0,0,0,0,0,0,0,0,0,0,0,-0.03,0,0,0,0,0,0,是-商品卡免佣,0.22,义乌市衍郝电子商务商行,订单结算
2026-04-23 05:51:22,'2026042305511404288026140159,入账,4.96,聚合账户,货款结算入账,小店自卖,'6925549340507930218,'6925549340507930218,'SS76306673557950797260116,2026-04-12 22:12:41,'3812961166053999319,ins爆款卡通蓬松夹鸭嘴夹一字夹化妆发夹超萌可爱猫咪少女刘海夹,,,普通订单,4.99,0,0,0,0,0,0,0,0,0,0,0,-0.03,0,0,0,0,0,0,是-商品卡免佣,0.22,义乌市衍郝电子商务商行,订单结算
2026-04-23 05:51:22,'2026042305511805171617340159,入账,8.53,聚合账户,货款结算入账,小店自卖,'6925570108291120765,'6925570108291120765,'SS76307367888152704090067,2026-04-13 14:14:09,'3812240028327870813,粉色双面蝴蝶结香蕉夹竖夹超温柔!气质高马尾发夹后脑勺发夹发饰,,,普通订单,8.58,0,0,0,0,0,0,0,0,0,0,0,-0.05,0,0,0,0,0,0,是-商品卡免佣,0.37,义乌市衍郝电子商务商行,订单结算
2026-04-23 05:51:22,'2026042305511620174648730159,入账,5.27,聚合账户,货款结算入账,小店自卖,'6925550131762199826,'6925550131762199826,'SS76306791688096199770033,2026-04-13 09:11:49,'3781429375921160350,网红植绒编发发夹女神器丝绒侧边夹前额大号在成人前额碎发夹子,,,普通订单,5.3,0.8,0,0,0,0,0,0,0,0,0,0,-0.03,0,0,0,0,0,0,是-商品卡免佣,0.22,义乌市衍郝电子商务商行,订单结算
2026-04-23 05:51:22,'2026042305511804028669630159,入账,2.61,聚合账户,货款结算入账,小店自卖,'6925549174900096304,'6925549174900096304,'SS76306667332066186580181,2026-04-12 21:12:02,'3770291082655564062,黑色H字母抓夹女2025新款后脑勺盘发夹子大号在成人大号毛绒鲨鱼,,,普通订单,2.63,0,0,0,0,0,0,0,0,0,0,0,-0.02,0,0,0,0,0,0,是-商品卡免佣,0.15,义乌市衍郝电子商务商行,订单结算
2026-04-23 05:51:38,'2026042305513340358876570159,入账,8.76,聚合账户,货款结算入账,小店自卖,'6952027824731788600,'6952027824731788600,'SS76306779701406435990191,2026-04-13 01:54:09,'3752323576548688241,中国风孔雀盘发器女生古典旗袍发饰丸子懒人高级感饰品优雅发夹女,,,普通订单,9.22,0,0,0,0,0,0,0,0,0,0,0,-0.46,0,0,0,0,0,0,,0,义乌市衍郝电子商务商行,订单结算
2026-04-23 05:51:38,'2026042305513541734807580159,入账,6.09,聚合账户,货款结算入账,小店自卖,'6925561565463018966,'6925561565463018966,'SS76307000968380954000201,2026-04-13 11:33:37,'3752323576548688241,中国风孔雀盘发器女生古典旗袍发饰丸子懒人高级感饰品优雅发夹女,,,普通订单,6.41,0,0,0,0,0,0,0,0,0,0,0,-0.32,0,0,0,0,0,0,,0,义乌市衍郝电子商务商行,订单结算
2026-04-23 05:51:38,'2026042305513533729416110159,入账,4.96,聚合账户,货款结算入账,小店自卖,'6925564806335921814,'6925564806335921814,'SS76307240588879629060240,2026-04-13 10:28:14,'3809625164249956608,孕妇专用防滑拖鞋女士夏季家居家室内静音浴室洗澡防臭凉拖鞋外穿,,,普通订单,4.99,0,0,0,0,0,0,0,0,0,0,0,-0.03,0,0,0,0,0,0,是-商品卡免佣,0.22,义乌市衍郝电子商务商行,订单结算
2026-04-23 05:51:38,'2026042305513336882358190159,入账,8.85,聚合账户,货款结算入账,小店自卖,'6952124750483035171,'6952124750483035171,'SS76305071237761605120222,2026-04-16 20:40:40,'3800198492568289686,买一送一爆款凉拖鞋男士夏季情侣2026新款家居防滑防臭厚底拖鞋女,,,普通订单,8.9,0,0,0,0,0,0,0,0,0,0,0,-0.05,0,0,0,0,0,0,是-商品卡免佣,0.37,义乌市衍郝电子商务商行,订单结算
2026-04-23 05:51:38,'2026042305513326816514620159,入账,8.85,聚合账户,货款结算入账,小店自卖,'6925688079835495641,'6925688079835495641,'SS76308255280015119710090,2026-04-18 10:28:54,'3800198492568289686,买一送一爆款凉拖鞋男士夏季情侣2026新款家居防滑防臭厚底拖鞋女,,,普通订单,8.9,0,0,0,0,0,0,0,0,0,0,0,-0.05,0,0,0,0,0,0,是-商品卡免佣,0.37,义乌市衍郝电子商务商行,订单结算
2026-04-23 05:51:55,'2026042305515110705966580159,入账,5.22,聚合账户,货款结算入账,小店自卖,'6952034769082783434,'6952034769082783434,'SS76307502024210849370239,2026-04-13 12:28:01,'3806655969480540177,米菲兔巨显发量香蕉兔子后脑勺盘发百搭少女发饰时尚可爱波点大号,,,普通订单,2.49,0,0,3,0,0,0,0,0,0,0,0,-0.27,0,0,0,0,0,0,,0,义乌市衍郝电子商务商行,订单结算
2026-04-23 05:51:55,'2026042305515024603571700159,入账,5.03,聚合账户,货款结算入账,小店自卖,'6952150172290717069,'6952150172290717069,'SS76308129609102668900241,2026-04-17 16:47:04,'3809625164249956608,孕妇专用防滑拖鞋女士夏季家居家室内静音浴室洗澡防臭凉拖鞋外穿,,,普通订单,3.7,0,0,1.59,0,0,0,0,0,0,0,0,-0.26,0,0,0,0,0,0,,0,义乌市衍郝电子商务商行,订单结算
2026-04-23 05:51:55,'2026042305515223405368510159,入账,3.86,聚合账户,货款结算入账,小店自卖,'6925545727197282230,'6925545727197282230,'SS76306997198078653960202,2026-04-13 08:53:47,'3810393692611674121,小众不规则抓夹大号发量大发夹女后脑勺鲨鱼夹发卡2026新款头饰,,,普通订单,0.01,0,0,3.87,0,0,0,0,0,0,0,0,-0.02,0,0,0,0,0,0,是-商品卡免佣,0.15,义乌市衍郝电子商务商行,订单结算
2026-04-23 05:51:55,'2026042305515112003417660159,入账,8.45,聚合账户,货款结算入账,小店自卖,'6925554731761106146,'6925554731761106146,'SS76306416600408233220130,2026-04-13 00:24:16,'3800198492568289686,买一送一爆款凉拖鞋男士夏季情侣2026新款家居防滑防臭厚底拖鞋女,,,普通订单,6.62,0,0,2.28,0,0,0,0,0,0,0,0,-0.45,0,0,0,0,0,0,,0,义乌市衍郝电子商务商行,订单结算
2026-04-23 05:51:55,'2026042305515107829588980159,入账,8.85,聚合账户,货款结算入账,小店自卖,'6952187162285643213,'6952187162285643213,'SS76307816800103964220080,2026-04-18 13:16:21,'3800198492568289686,买一送一爆款凉拖鞋男士夏季情侣2026新款家居防滑防臭厚底拖鞋女,,,普通订单,4.1,0,0,4.8,0,0,0,0,0,0,0,0,-0.05,0,0,0,0,0,0,是-商品卡免佣,0.37,义乌市衍郝电子商务商行,订单结算
2026-04-23 05:52:10,'2026042305520307035461310159,入账,4.87,聚合账户,货款结算入账,小店自卖,'6925683445915745399,'6925683445915745399,'SS76307807002873208820119,2026-04-18 01:09:47,'3800198492568289686,买一送一爆款凉拖鞋男士夏季情侣2026新款家居防滑防臭厚底拖鞋女,,,普通订单,1.1,0,0,3.8,0,0,0,0,0,0,0,0,-0.03,0,0,0,0,0,0,是-商品卡免佣,0.22,义乌市衍郝电子商务商行,订单结算
2026-04-23 05:52:10,'2026042305520315324449820159,入账,3.23,聚合账户,货款结算入账,小店自卖,'6925549143428529810,'6925549143428529810,'SS76306667121779226110001,2026-04-12 21:02:56,'3809975766641410463,高级感水钻珠珠一字扭扭夹2026新款盘发抓夹后脑勺发量多发夹头饰,,,普通订单,3.25,0,0,0,0,0,0,0,0,0,0,0,-0.02,0,0,0,0,0,0,是-商品卡免佣,0.15,义乌市衍郝电子商务商行,订单结算
2026-04-23 05:52:10,'2026042305520619936059240159,入账,4.87,聚合账户,货款结算入账,小店自卖,'6925673154048851228,'6925673154048851228,'SS76307617381071263060243,2026-04-18 11:06:03,'3800198492568289686,买一送一爆款凉拖鞋男士夏季情侣2026新款家居防滑防臭厚底拖鞋女,,,普通订单,0.1,0,0,4.8,0,0,0,0,0,0,0,0,-0.03,0,0,0,0,0,0,是-商品卡免佣,0.22,义乌市衍郝电子商务商行,订单结算
2026-04-23 05:52:10,'2026042305520603737031950159,入账,3.87,聚合账户,货款结算入账,小店自卖,'6952169045563413790,'6952169045563413790,'SS76308363290220634140071,2026-04-18 13:41:28,'3807223656816443421,多巴胺波点香蕉夹磨砂缠线缎面彩色波点马卡龙色系透明夹学生发夹,,,普通订单,0.01,0,0,3.88,0,0,0,0,0,0,0,0,-0.02,0,0,0,0,0,0,是-商品卡免佣,0.15,义乌市衍郝电子商务商行,订单结算
2026-04-23 05:52:10,'2026042305520708788587620159,入账,1.29,聚合账户,货款结算入账,小店自卖,'6952149839649314012,'6952149839649314012,'SS76307094090521484890126,2026-04-17 12:34:04,'3798678606662729899,精致满钻侧边小抓夹女半扎发碎发夹前额刘海公主头发夹小号鲨鱼夹,,,普通订单,1.36,0,0,0,0,0,0,0,0,0,0,0,-0.07,0,0,0,0,0,0,,0,义乌市衍郝电子商务商行,订单结算
2026-04-23 05:52:25,'2026042305522010582144000159,入账,4.08,聚合账户,货款结算入账,小店自卖,'6952041119793223355,'6952041119793223355,'SS76300027872537851380014,2026-04-13 09:19:59,'3776807804489302292,豹纹ins爱心发夹女一字夹高端碎发前额刘大号在成人前额碎发夹子,,,普通订单,5.1,0,0,0,0,0,0,0,0,0,0,-1,-0.02,0,0,0,0,0,0,是-商品卡免佣,0.15,义乌市衍郝电子商务商行,订单结算
2026-04-23 05:52:25,'2026042305522229448276540159,入账,4.29,聚合账户,货款结算入账,小店自卖,'6925609641139404438,'6925609641139404438,'SS76296398847856970640211,2026-04-15 00:24:24,'3812240028327870813,粉色双面蝴蝶结香蕉夹竖夹超温柔!气质高马尾发夹后脑勺发夹发饰,,,普通订单,0.01,0,0,4.31,0,0,0,0,0,0,0,0,-0.03,0,0,0,0,0,0,是-商品卡免佣,0.22,义乌市衍郝电子商务商行,订单结算
2026-04-23 05:52:25,'2026042305521920987584360159,入账,0.97,聚合账户,货款结算入账,小店自卖,'6925558530991226839,'6925558530991226839,'SS76307051861495649370239,2026-04-12 23:26:10,'3813124149543567544,五角星发夹新品发扣韩国少女甜美甜酷侧边夹顶刘海前额固定卡子,,,普通订单,0.01,0,0,0.97,0,0,0,0,0,0,0,0,-0.01,0,0,0,0,0,0,是-商品卡免佣,0.07,义乌市衍郝电子商务商行,订单结算
2026-04-23 05:52:25,'2026042305522135699266710159,入账,4.34,聚合账户,货款结算入账,小店自卖,'6952007333399238351,'6952007333399238351,'SS76306666851502822400240,2026-04-12 20:45:55,'3807233228251726216,发圈式啪啪圈~秋冬美拉德系懒人高马尾啪啪圈复古固定不塌神器,,,普通订单,4.37,0,0,0,0,0,0,0,0,0,0,0,-0.03,0,0,0,0,0,0,是-商品卡免佣,0.22,义乌市衍郝电子商务商行,订单结算
2026-04-23 05:52:25,'2026042305522105462105960159,入账,8.45,聚合账户,货款结算入账,小店自卖,'6925550447223930491,'6925550447223930491,'SS76307389244084396040141,2026-04-13 12:21:25,'3800198492568289686,买一送一爆款凉拖鞋男士夏季情侣2026新款家居防滑防臭厚底拖鞋女,,,普通订单,7.85,0,0,1.05,0,0,0,0,0,0,0,0,-0.45,0,0,0,0,0,0,,0,义乌市衍郝电子商务商行,订单结算
2026-04-23 05:52:40,'2026042305523528696949820159,入账,1.98,聚合账户,货款结算入账,小店自卖,'6925540021641117057,'6925540021641117057,'SS76306666219594265750153,2026-04-12 18:36:58,'3810919823941174195,中式复古洋气多层小蛮腰褶皱印花肥肠圈高端水墨皮筋耐用新款发圈,,,普通订单,0.01,0,0,1.98,0,0,0,0,0,0,0,0,-0.01,0,0,0,0,0,0,是-商品卡免佣,0.07,义乌市衍郝电子商务商行,订单结算
2026-04-23 05:52:40,'2026042305523622993638460159,入账,8.45,聚合账户,货款结算入账,小店自卖,'6952129840484652983,'6952129840484652983,'SS76306036251864274270007,2026-04-17 06:17:13,'3800198492568289686,买一送一爆款凉拖鞋男士夏季情侣2026新款家居防滑防臭厚底拖鞋女,,,普通订单,6.23,0,0,2.67,0,0,0,0,0,0,0,0,-0.45,0,0,0,0,0,0,,0,义乌市衍郝电子商务商行,订单结算
2026-04-23 05:52:40,'2026042305523730579755710159,入账,2.96,聚合账户,货款结算入账,小店自卖,'6925650507135024141,'6925650507135024141,'SS76307148371166994440249,2026-04-16 16:35:32,'3771355796558971375,网红抓夹爆款2025新款高级感半扎发发夹后脑勺鲨鱼夹大号发量多,,,普通订单,0.01,0,0,2.97,0,0,0,0,0,0,0,0,-0.02,0,0,0,0,0,0,是-商品卡免佣,0.15,义乌市衍郝电子商务商行,订单结算
2026-04-23 05:52:40,'2026042305523721780892570159,入账,1.55,聚合账户,货款结算入账,小店自卖,'6952014514764715190,'6952014514764715190,'SS76305042969763026320175,2026-04-13 04:50:15,'3812438526650351850,韩版网纱蝴蝶结抓夹2026新款水晶刘海夹侧边夹气质优雅公主夹蓬松,,,普通订单,1.56,0,0,0,0,0,0,0,0,0,0,0,-0.01,0,0,0,0,0,0,是-商品卡免佣,0.07,义乌市衍郝电子商务商行,订单结算
2026-04-23 05:52:40,'2026042305523701891049500159,入账,3.83,聚合账户,货款结算入账,小店自卖,'6952019182361319268,'6952019182361253732,'SS76306794764954667790120,2026-04-13 10:16:28,'3810919823941174195,中式复古洋气多层小蛮腰褶皱印花肥肠圈高端水墨皮筋耐用新款发圈,,,普通订单,3.85,0,0,0,0,0,0,0,0,0,0,0,-0.02,0,0,0,0,0,0,是-商品卡免佣,0.15,义乌市衍郝电子商务商行,订单结算
2026-04-23 05:52:40,'2026042305523602779428270159,入账,3.26,聚合账户,货款结算入账,小店自卖,'6952023181042849025,'6952023181042849025,'SS76306668086595919550111,2026-04-13 00:10:43,'3810919823941174195,中式复古洋气多层小蛮腰褶皱印花肥肠圈高端水墨皮筋耐用新款发圈,,,普通订单,0.01,0,0,3.27,0,0,0,0,0,0,0,0,-0.02,0,0,0,0,0,0,是-商品卡免佣,0.15,义乌市衍郝电子商务商行,订单结算
2026-04-23 05:52:40,'2026042305523712096517660159,入账,3.78,聚合账户,货款结算入账,小店自卖,'6952021238518781273,'6952021238518781273,'SS76307017815298378340067,2026-04-13 00:23:54,'3783078074455819331,法式黑色缎面蝴蝶结抓夹女高级感2025新款大号在成人前额碎发夹子,,,普通订单,3.8,0,0,0,0,0,0,0,0,0,0,0,-0.02,0,0,0,0,0,0,是-商品卡免佣,0.15,义乌市衍郝电子商务商行,订单结算
2026-04-23 05:52:40,'2026042305523701891213340159,入账,8.35,聚合账户,货款结算入账,小店自卖,'6925672279970447190,'6925672279970447190,'SS76308446524211410460029,2026-04-17 22:44:21,'3806655969480540177,米菲兔巨显发量香蕉兔子后脑勺盘发百搭少女发饰时尚可爱波点大号,,,普通订单,7.29,0,0,1.11,0,0,0,0,0,0,0,0,-0.05,0,0,0,0,0,0,是-商品卡免佣,0.37,义乌市衍郝电子商务商行,订单结算
2026-04-23 05:52:40,'2026042305523716289794980159,入账,3.47,聚合账户,货款结算入账,小店自卖,'6925547186141298587,'6925547186141298587,'SS76306668582529605620152,2026-04-12 23:17:09,'3806655969480540177,米菲兔巨显发量香蕉兔子后脑勺盘发百搭少女发饰时尚可爱波点大号,,,普通订单,3.49,0,0,0,0,0,0,0,0,0,0,0,-0.02,0,0,0,0,0,0,是-商品卡免佣,0.15,义乌市衍郝电子商务商行,订单结算
2026-04-23 05:52:40,'2026042305523536460344750159,入账,2.66,聚合账户,货款结算入账,小店自卖,'6925554666904124938,'6925554666904124938,'SS76306668798457285580166,2026-04-12 23:54:47,'3799224164339024287,高级感满钻蝴蝶结小发夹女侧边刘海夹气质发卡头饰迷你鸭嘴夹子,,,普通订单,0.01,0,0,2.67,0,0,0,0,0,0,0,0,-0.02,0,0,0,0,0,0,是-商品卡免佣,0.15,义乌市衍郝电子商务商行,订单结算
2026-04-23 05:52:48,'2026042305524427151895100159,入账,4.87,聚合账户,货款结算入账,小店自卖,'6925672969862544796,'6925672969862544796,'SS76305822455654036570248,2026-04-18 09:20:01,'3800198492568289686,买一送一爆款凉拖鞋男士夏季情侣2026新款家居防滑防臭厚底拖鞋女,,,普通订单,4.9,0,0,0,0,0,0,0,0,0,0,0,-0.03,0,0,0,0,0,0,是-商品卡免佣,0.22,义乌市衍郝电子商务商行,订单结算
2026-04-23 05:52:48,'2026042305524330841899930159,入账,8.41,聚合账户,货款结算入账,小店自卖,'6925551968943701732,'6925551968943701732,'SS76306671295830592270239,2026-04-12 22:22:18,'3800198492568289686,买一送一爆款凉拖鞋男士夏季情侣2026新款家居防滑防臭厚底拖鞋女,,,普通订单,7.93,0,0,0.53,0,0,0,0,0,0,0,0,-0.05,0,0,0,0,0,0,是-商品卡免佣,0.37,义乌市衍郝电子商务商行,订单结算
2026-04-23 05:52:48,'2026042305524240444398080159,入账,2.9,聚合账户,货款结算入账,小店自卖,'6952153337592223255,'6952153337592223255,'SS76308225117096020890025,2026-04-17 22:43:09,'3809610642873254247,法式秋冬季森系ins甜美大肠发圈经典系列发绳高级感方巾发圈发饰,,,普通订单,0.05,0,0,3,0,0,0,0,0,0,0,0,-0.15,0,0,0,0,0,0,,0,义乌市衍郝电子商务商行,订单结算
2026-04-23 05:52:48,'2026042305524333941755220159,入账,3.51,聚合账户,货款结算入账,小店自卖,'6952081644062053541,'6952081644062053541,'SS76307529160640765780195,2026-04-14 22:26:22,'3809262658188869664,高级感新年红色大肠发圈女2026新款扎头发绳丸子氛围感头花发饰,,,普通订单,1.53,0,0,2,0,0,0,0,0,0,0,0,-0.02,0,0,0,0,0,0,是-商品卡免佣,0.15,义乌市衍郝电子商务商行,订单结算
2026-04-23 05:52:48,'2026042305524337337707920159,入账,3.23,聚合账户,货款结算入账,小店自卖,'6952024591882852098,'6952024591882852098,'SS76306666545480174620143,2026-04-12 17:54:54,'3809262658188869664,高级感新年红色大肠发圈女2026新款扎头发绳丸子氛围感头花发饰,,,普通订单,3.25,0,0,0,0,0,0,0,0,0,0,0,-0.02,0,0,0,0,0,0,是-商品卡免佣,0.15,义乌市衍郝电子商务商行,订单结算
2026-04-23 05:53:00,'2026042305525608151539830159,入账,3.2,聚合账户,货款结算入账,小店自卖,'6925598609646779575,'6925598609646779575,'SS76308006381333061500110,2026-04-14 20:41:47,'3813152773302780175,柔软泡泡纱韩国粉色碎花大肠发圈超大号高级仙气丸子慵懒头绳发饰,,,普通订单,0.22,0,0,3,0,0,0,0,0,0,0,0,-0.02,0,0,0,0,0,0,是-商品卡免佣,0.15,义乌市衍郝电子商务商行,订单结算
2026-04-23 05:53:00,'2026042305525633274762430159,入账,2.19,聚合账户,货款结算入账,小店自卖,'6925540977900093135,'6925540977900093135,'SS76306668321350661210241,2026-04-13 02:29:13,'3807214433365787096,气质新款简约抓夹大号发量多2026发夹女后脑勺鲨鱼夹高级感头饰,,,普通订单,2.2,0,0,0,0,0,0,0,0,0,0,0,-0.01,0,0,0,0,0,0,是-商品卡免佣,0.07,义乌市衍郝电子商务商行,订单结算
2026-04-23 05:53:00,'2026042305525615354601480159,入账,6.27,聚合账户,货款结算入账,小店自卖,'6952009983363388829,'6952009983363388829,'SS76306668548237069180025,2026-04-13 00:23:54,'3739463817558622413,新款儿童可爱碎发梳女童新款夏天卡通碎发夹整理神器发卡女孩发饰,,,普通订单,6.31,0.95,0,0,0,0,0,0,0,0,0,0,-0.04,0,0,0,0,0,0,是-商品卡免佣,0.29,义乌市衍郝电子商务商行,订单结算
2026-04-23 05:53:00,'2026042305525602817728350159,入账,4.65,聚合账户,货款结算入账,小店自卖,'6952019090390848803,'6952019090390848803,'SS76307239776437701390064,2026-04-13 09:53:54,'3800198492568289686,买一送一爆款凉拖鞋男士夏季情侣2026新款家居防滑防臭厚底拖鞋女,,,普通订单,0.01,0,0,4.89,0,0,0,0,0,0,0,0,-0.25,0,0,0,0,0,0,,0,义乌市衍郝电子商务商行,订单结算
2026-04-23 05:53:00,'2026042305525622617131880159,入账,5.55,聚合账户,货款结算入账,小店自卖,'6925551370985176312,'6925551370985176312,'SS76306666173026636860078,2026-04-12 18:42:58,'3809975766641410463,高级感水钻珠珠一字扭扭夹2026新款盘发抓夹后脑勺发量多发夹头饰,,,普通订单,5.58,0,0,0,0,0,0,0,0,0,0,0,-0.03,0,0,0,0,0,0,是-商品卡免佣,0.22,义乌市衍郝电子商务商行,订单结算
2026-04-23 05:53:15,'2026042305531206778396660159,入账,8.45,聚合账户,货款结算入账,巨量千川,'6952158085483861206,'6952158085483861206,'SS76306883069025329160042,2026-04-18 10:19:51,'3800198492568289686,买一送一爆款凉拖鞋男士夏季情侣2026新款家居防滑防臭厚底拖鞋女,,,普通订单,6.23,0,0,2.67,0,0,0,0,0,0,0,0,-0.45,0,0,0,0,0,0,,0,义乌市衍郝电子商务商行,订单结算
2026-04-23 05:53:15,'2026042305531002525967990159,入账,4.74,聚合账户,货款结算入账,小店自卖,'6925567519724043623,'6925567519724043623,'SS76307239258416748030241,2026-04-13 13:38:59,'3809625164249956608,孕妇专用防滑拖鞋女士夏季家居家室内静音浴室洗澡防臭凉拖鞋外穿,,,普通订单,1.88,0,0,3.01,0,0,0,0,0,0.1,0,0,-0.25,0,0,0,0,0,0,,0,义乌市衍郝电子商务商行,订单结算
2026-04-23 05:53:15,'2026042305531008354411620159,入账,5.81,聚合账户,货款结算入账,小店自卖,'6952011879330354512,'6952011879330354512,'SS76306657313782341520134,2026-04-12 18:55:43,'3810919823941174195,中式复古洋气多层小蛮腰褶皱印花肥肠圈高端水墨皮筋耐用新款发圈,,,普通订单,5.85,0,0,0,0,0,0,0,0,0,0,0,-0.04,0,0,0,0,0,0,是-商品卡免佣,0.29,义乌市衍郝电子商务商行,订单结算
2026-04-23 05:53:15,'2026042305531203276807870159,入账,3.55,聚合账户,货款结算入账,小店自卖,'6925548016894966863,'6925548016894966863,'SS76307549612670983680118,2026-04-13 11:07:09,'3659542706419563442,在逃公主大蝴蝶结抓夹马尾黑色双面发饰鲨鱼夹子发夹女后脑勺发卡,,,普通订单,3.57,0,0,0,0,0,0,0,0,0,0,0,-0.02,0,0,0,0,0,0,是-商品卡免佣,0.15,义乌市衍郝电子商务商行,订单结算
2026-04-23 05:53:15,'2026042305531010409129050159,入账,1.98,聚合账户,货款结算入账,小店自卖,'6952028041626129693,'6952028041626129693,'SS76306603741197931940234,2026-04-13 08:02:55,'3812796426258350389,夏天简约随手盘发一字扭扭夹水钻抓夹高级发夹扭扭后脑勺盘发器,,,普通订单,1.99,0,0,0,0,0,0,0,0,0,0,0,-0.01,0,0,0,0,0,0,是-商品卡免佣,0.07,义乌市衍郝电子商务商行,订单结算
2026-04-23 05:53:15,'2026042305531140898071140159,入账,4.74,聚合账户,货款结算入账,小店自卖,'6952059113936262462,'6952059113936262462,'SS76308381645081687390182,2026-04-14 19:33:13,'3809625164249956608,孕妇专用防滑拖鞋女士夏季家居家室内静音浴室洗澡防臭凉拖鞋外穿,,,普通订单,3.5,0,0,1.49,0,0,0,0,0,0,0,0,-0.25,0,0,0,0,0,0,,0,义乌市衍郝电子商务商行,订单结算
2026-04-23 05:53:15,'2026042305531034898621530159,入账,4.65,聚合账户,货款结算入账,小店自卖,'6952101957534159895,'6952101957534159895,'SS76306504308252226900002,2026-04-16 10:23:58,'3800198492568289686,买一送一爆款凉拖鞋男士夏季情侣2026新款家居防滑防臭厚底拖鞋女,,,普通订单,1.9,0,0,3,0,0,0,0,0,0,0,0,-0.25,0,0,0,0,0,0,,0,义乌市衍郝电子商务商行,订单结算
2026-04-23 05:53:15,'2026042305531130078080630159,入账,8.15,聚合账户,货款结算入账,小店自卖,'6925554088925166980,'6925554088925166980,'SS76306678546898624350179,2026-04-12 20:49:44,'3797749369206342546,豹纹大肠发圈高级小众手工韩国新款头绳编织显发量马尾丸子头发绳,,,普通订单,5.71,0,0,2.4,0,0,0,0,0.09,0,0,0,-0.05,0,0,0,0,0,0,是-商品卡免佣,0.37,义乌市衍郝电子商务商行,订单结算
2026-04-23 05:53:15,'2026042305531210192983100159,入账,1.19,聚合账户,货款结算入账,小店自卖,'6925671832043027498,'6925671832043027498,'SS76308068653453975380186,2026-04-17 19:37:53,'3808680838397296933,许我耀眼赵露思同款简约蝴蝶结抓夹女高级感鲨鱼夹大号发量多头饰,,,普通订单,0.2,0,0,1,0,0,0,0,0,0,0,0,-0.01,0,0,0,0,0,0,是-商品卡免佣,0.07,义乌市衍郝电子商务商行,订单结算
2026-04-23 05:53:15,'2026042305531220216881150159,入账,3.84,聚合账户,货款结算入账,小店自卖,'6952031576421438722,'6952031576421438722,'SS76306669048558228750186,2026-04-12 21:07:46,'3807380871913276292,刘海夹前额碎发夹高级感2026新款鸭嘴夹头饰边夹侧边碎发整理神器,,,普通订单,3.86,0,0,0,0,0,0,0,0,0,0,0,-0.02,0,0,0,0,0,0,是-商品卡免佣,0.15,义乌市衍郝电子商务商行,订单结算
2026-04-23 05:53:15,'2026042305531107599109620159,入账,3.13,聚合账户,货款结算入账,小店自卖,'6952000279192278401,'6952000279192278401,'SS76306658278606320640025,2026-04-12 17:20:05,'3810919823941174195,中式复古洋气多层小蛮腰褶皱印花肥肠圈高端水墨皮筋耐用新款发圈,,,普通订单,3.15,0,0,0,0,0,0,0,0,0,0,0,-0.02,0,0,0,0,0,0,是-商品卡免佣,0.15,义乌市衍郝电子商务商行,订单结算
2026-04-23 05:53:15,'2026042305531105714578110159,入账,5.26,聚合账户,货款结算入账,小店自卖,'6925655113349233803,'6925655113349233803,'SS76307602100989506710162,2026-04-16 20:06:38,'3809625164249956608,孕妇专用防滑拖鞋女士夏季家居家室内静音浴室洗澡防臭凉拖鞋外穿,,,普通订单,3.89,0,0,1.4,0,0,0,0,0,0,0,0,-0.03,0,0,0,0,0,0,是-商品卡免佣,0.22,义乌市衍郝电子商务商行,订单结算
2026-04-23 05:53:15,'2026042305530919851840190159,入账,3.18,聚合账户,货款结算入账,小店自卖,'6925683406676458618,'6925683406676458618,'SS76306537985883180150079,2026-04-18 00:32:47,'3813150520667930781,超大蓝色花边褶皱大肠发圈发绳皮筋头饰头绳发饰马尾丸子头发头花,,,普通订单,0.32,0,0,3.03,0,0,0,0,0,0,0,0,-0.17,0,0,0,0,0,0,,0,义乌市衍郝电子商务商行,订单结算
2026-04-23 05:53:15,'2026042305531205676610820159,入账,4.96,聚合账户,货款结算入账,小店自卖,'6952023408326677728,'6952023408326677728,'SS76307389018166277120141,2026-04-13 08:52:07,'3809625164249956608,孕妇专用防滑拖鞋女士夏季家居家室内静音浴室洗澡防臭凉拖鞋外穿,,,普通订单,4.99,0,0,0,0,0,0,0,0,0,0,0,-0.03,0,0,0,0,0,0,是-商品卡免佣,0.22,义乌市衍郝电子商务商行,订单结算
2026-04-23 05:53:17,'2026042305531227189580990159,入账,9.51,聚合账户,货款结算入账,小店自卖,'6925623022005550863,'6925623022005550863,'SS76307455590489134480059,2026-04-15 22:06:50,'3790685861671207338,撞色幻彩花朵发夹女边侧边小抓夹发卡ins后秋森系韩系彩色大号,,,普通订单,9.57,0,0,0,0,0,0,0,0,0,0,0,-0.06,0,0,0,0,0,0,是-商品卡免佣,0.44,义乌市衍郝电子商务商行,订单结算
2026-04-23 05:53:17,'2026042305531226307791990159,入账,5.17,聚合账户,货款结算入账,小店自卖,'6925585501185080454,'6925585501185080454,'SS76306137997502062430007,2026-04-14 11:32:59,'3812988718369865893,可爱小熊眼镜2026新款发卡发夹女边夹侧边鸭嘴夹前额刘海夹子头饰,,,普通订单,5.2,0,0,0,0,0,0,0,0,0,0,0,-0.03,0,0,0,0,0,0,是-商品卡免佣,0.22,义乌市衍郝电子商务商行,订单结算
2026-04-23 05:53:17,'2026042305531214609948220159,入账,3.12,聚合账户,货款结算入账,小店自卖,'6925592913742298801,'6925592913742298801,'SS76306640655467157020003,2026-04-14 23:09:16,'3771355796558971375,网红抓夹爆款2025新款高级感半扎发发夹后脑勺鲨鱼夹大号发量多,,,普通订单,0.28,0,0,3,0,0,0,0,0,0,0,0,-0.16,0,0,0,0,0,0,,0,义乌市衍郝电子商务商行,订单结算
2026-04-23 05:53:17,'2026042305531302606702490159,入账,3.13,聚合账户,货款结算入账,小店自卖,'6925550599961607534,'6925550599961541998,'SS76307256531173379020149,2026-04-13 13:38:24,'3810919823941174195,中式复古洋气多层小蛮腰褶皱印花肥肠圈高端水墨皮筋耐用新款发圈,,,普通订单,3.15,0,0,0,0,0,0,0,0,0,0,0,-0.02,0,0,0,0,0,0,是-商品卡免佣,0.15,义乌市衍郝电子商务商行,订单结算
2026-04-23 05:53:17,'2026042305531214612078140159,入账,2.53,聚合账户,货款结算入账,小店自卖,'6952025327918323188,'6952025327918323188,'SS76307019477502856030166,2026-04-13 03:39:01,'3752324139441062001,多款造型男士发箍潮男隐形压发背头波浪发窟头箍韩红色蝴蝶结发饰,,,普通订单,2.55,0,0,0,0,0,0,0,0,0,0,0,-0.02,0,0,0,0,0,0,是-商品卡免佣,0.15,义乌市衍郝电子商务商行,订单结算
2026-04-23 05:53:17,'2026042305531325070679100159,入账,4.47,聚合账户,货款结算入账,小店自卖,'6925542575571304218,'6925542575571304218,'SS76306673477640036350198,2026-04-12 21:37:27,'3812961166053999319,ins爆款卡通蓬松夹鸭嘴夹一字夹化妆发夹超萌可爱猫咪少女刘海夹,,,普通订单,4.5,0,0,0,0,0,0,0,0,0,0,0,-0.03,0,0,0,0,0,0,是-商品卡免佣,0.22,义乌市衍郝电子商务商行,订单结算
2026-04-23 05:53:17,'2026042305531335838735720159,入账,4.74,聚合账户,货款结算入账,小店自卖,'6925621758988352688,'6925621758988352688,'SS76308272496252357500187,2026-04-15 13:19:07,'3809625164249956608,孕妇专用防滑拖鞋女士夏季家居家室内静音浴室洗澡防臭凉拖鞋外穿,,,普通订单,1.99,0,0,3,0,0,0,0,0,0,0,0,-0.25,0,0,0,0,0,0,,0,义乌市衍郝电子商务商行,订单结算
2026-04-23 05:53:18,'2026042305531127137974170159,入账,3.83,聚合账户,货款结算入账,小店自卖,'6925622381902659265,'6925622381902659265,'SS76306659903212423770219,2026-04-15 17:22:55,'3807584451282731335,缎面高级感碎花蝴蝶结抓夹新款百搭后脑盘发鲨鱼夹马尾夹高档发夹,,,普通订单,3.85,0,0,0,0,0,0,0,0,0,0,0,-0.02,0,0,0,0,0,0,是-商品卡免佣,0.15,义乌市衍郝电子商务商行,订单结算
2026-04-23 05:53:18,'2026042305531403945109110159,入账,4.49,聚合账户,货款结算入账,小店自卖,'6925555160929369170,'6925555160929369170,'SS76302974482273941020014,2026-04-13 09:19:09,'3712259868460187975,气质抓夹大号发量多2024新款爆款发夹女后脑勺鲨鱼夹高级感头饰,,,普通订单,6.78,0,0,0,0,0,0,0,0,0,0,-2.26,-0.03,0,0,0,0,0,0,是-商品卡免佣,0.22,义乌市衍郝电子商务商行,订单结算
2026-04-23 05:53:18,'2026042305531328741350830159,入账,9.08,聚合账户,货款结算入账,小店自卖,'6925551903393480450,'6925551903393480450,'SS76306667477289211220180,2026-04-12 21:56:58,'3678286041502056557,皮筋女款发绳儿童头绳女童6-12岁兔子头网红新款扎头发小女孩头绳,,,普通订单,9.13,0,0,0,0,0,0,0,0,0,0,0,-0.05,0,0,0,0,0,0,是-商品卡免佣,0.37,义乌市衍郝电子商务商行,订单结算
2026-04-23 05:53:28,'2026042305532427269207580159,入账,8.85,聚合账户,货款结算入账,小店自卖,'6952015771686933605,'6952015771686933605,'SS76306671983649633710016,2026-04-12 15:45:07,'3800198492568289686,买一送一爆款凉拖鞋男士夏季情侣2026新款家居防滑防臭厚底拖鞋女,,,普通订单,8.9,0,0,0,0,0,0,0,0,0,0,0,-0.05,0,0,0,0,0,0,是-商品卡免佣,0.37,义乌市衍郝电子商务商行,订单结算
2026-04-23 05:53:28,'2026042305532519928850550159,入账,4.74,聚合账户,货款结算入账,小店自卖,'6925561275419229235,'6925561275419229235,'SS76307240845488010590119,2026-04-13 10:02:11,'3809625164249956608,孕妇专用防滑拖鞋女士夏季家居家室内静音浴室洗澡防臭凉拖鞋外穿,,,普通订单,0.99,0,0,4,0,0,0,0,0,0,0,0,-0.25,0,0,0,0,0,0,,0,义乌市衍郝电子商务商行,订单结算
2026-04-23 05:53:28,'2026042305532506654408100159,入账,8.85,聚合账户,货款结算入账,小店自卖,'6925556427575950622,'6925556427575950622,'SS76306672059910886940225,2026-04-13 02:15:45,'3800198492568289686,买一送一爆款凉拖鞋男士夏季情侣2026新款家居防滑防臭厚底拖鞋女,,,普通订单,8.9,0,0,0,0,0,0,0,0,0,0,0,-0.05,0,0,0,0,0,0,是-商品卡免佣,0.37,义乌市衍郝电子商务商行,订单结算
2026-04-23 05:53:28,'2026042305532433319488190159,入账,6.61,聚合账户,货款结算入账,小店自卖,'6925552068373282601,'6925552068373282601,'SS76306668411443776060019,2026-04-12 22:38:40,'3797192698386055325,2025新款卡通抓夹女高级感鲨鱼夹大号后脑勺盘发发量大发夹发饰夏,,,普通订单,6.96,0,0,0,0,0,0,0,0,0,0,0,-0.35,0,0,0,0,0,0,,0,义乌市衍郝电子商务商行,订单结算
2026-04-23 05:53:28,'2026042305532437847539260159,入账,4.87,聚合账户,货款结算入账,小店自卖,'6925579510226124774,'6925579510226124774,'SS76308477198585410560182,2026-04-13 19:02:09,'3799023022220903050,2026新款EVA家居室内不臭脚拖鞋男士夏季踩屎感防滑洗澡凉拖女式,,,普通订单,0.01,0,0,4.89,0,0,0,0,0,0,0,0,-0.03,0,0,0,0,0,0,是-商品卡免佣,0.22,义乌市衍郝电子商务商行,订单结算
2026-04-23 05:53:42,'2026042305533732157534910159,入账,4.65,聚合账户,货款结算入账,小店自卖,'6925542302448058095,'6925542302448058095,'SS76306414153287278600178,2026-04-12 20:17:37,'3800198492568289686,买一送一爆款凉拖鞋男士夏季情侣2026新款家居防滑防臭厚底拖鞋女,,,普通订单,1.9,0,0,3,0,0,0,0,0,0,0,0,-0.25,0,0,0,0,0,0,,0,义乌市衍郝电子商务商行,订单结算
2026-04-23 05:53:42,'2026042305533809195566440159,入账,2.41,聚合账户,货款结算入账,小店自卖,'6925631307693718604,'6925631307693718604,'SS76308131450868533950198,2026-04-15 16:30:16,'3776807804489302292,豹纹ins爱心发夹女一字夹高端碎发前额刘大号在成人前额碎发夹子,,,普通订单,1.41,0,0,1.13,0,0,0,0,0,0,0,0,-0.13,0,0,0,0,0,0,,0,义乌市衍郝电子商务商行,订单结算
2026-04-23 05:53:42,'2026042305533813848092590159,入账,4.96,聚合账户,货款结算入账,小店自卖,'6952029272630367486,'6952029272630367486,'SS76306422532578350170190,2026-04-12 19:27:54,'3809625164249956608,孕妇专用防滑拖鞋女士夏季家居家室内静音浴室洗澡防臭凉拖鞋外穿,,,普通订单,0.01,0,0,4.98,0,0,0,0,0,0,0,0,-0.03,0,0,0,0,0,0,是-商品卡免佣,0.22,义乌市衍郝电子商务商行,订单结算
2026-04-23 05:53:42,'2026042305533800768904220159,入账,4.38,聚合账户,货款结算入账,小店自卖,'6952041341502625207,'6952041341502625207,'SS76307241703728909180143,2026-04-13 11:40:20,'3800198492568289686,买一送一爆款凉拖鞋男士夏季情侣2026新款家居防滑防臭厚底拖鞋女,,,普通订单,0.01,0,0,4.4,0,0,0,0,0,0,0,0,-0.03,0,0,0,0,0,0,是-商品卡免佣,0.22,义乌市衍郝电子商务商行,订单结算
2026-04-23 05:53:43,'2026042305533702065702590159,入账,4.96,聚合账户,货款结算入账,小店自卖,'6952034864642594181,'6952034864642594181,'SS76307240425640435710176,2026-04-13 13:24:54,'3809625164249956608,孕妇专用防滑拖鞋女士夏季家居家室内静音浴室洗澡防臭凉拖鞋外穿,,,普通订单,1.19,0,0,3.8,0,0,0,0,0,0,0,0,-0.03,0,0,0,0,0,0,是-商品卡免佣,0.22,义乌市衍郝电子商务商行,订单结算
2026-04-23 05:53:52,'2026042305534628997721700159,入账,3.35,聚合账户,货款结算入账,小店自卖,'6952016735003612500,'6952016735003612500,'SS76307016863245765480082,2026-04-13 00:45:19,'3807584451282731335,缎面高级感碎花蝴蝶结抓夹新款百搭后脑盘发鲨鱼夹马尾夹高档发夹,,,普通订单,0.01,0,0,3.36,0,0,0,0,0,0,0,0,-0.02,0,0,0,0,0,0,是-商品卡免佣,0.15,义乌市衍郝电子商务商行,订单结算
2026-04-23 05:53:52,'2026042305534611290424580159,入账,9.74,聚合账户,货款结算入账,小店自卖,'6952091421325334180,'6952091421325334180,'SS76308148550329469800246,2026-04-15 14:12:29,'3800198492568289686,买一送一爆款凉拖鞋男士夏季情侣2026新款家居防滑防臭厚底拖鞋女,,,普通订单,9.8,0,0,0,0,0,0,0,0,0,0,0,-0.06,0,0,0,0,0,0,是-商品卡免佣,0.44,义乌市衍郝电子商务商行,订单结算
2026-04-23 05:53:52,'2026042305534905220643900159,入账,4.87,聚合账户,货款结算入账,小店自卖,'6925544303281470585,'6925544303281470585,'SS76306427868667090020113,2026-04-12 17:13:58,'3800198492568289686,买一送一爆款凉拖鞋男士夏季情侣2026新款家居防滑防臭厚底拖鞋女,,,普通订单,0.01,0,0,4.89,0,0,0,0,0,0,0,0,-0.03,0,0,0,0,0,0,是-商品卡免佣,0.22,义乌市衍郝电子商务商行,订单结算
2026-04-23 05:53:52,'2026042305534829031795830159,入账,5.02,聚合账户,货款结算入账,小店自卖,'6925555429505597282,'6925555429505597282,'SS76307241786144366710160,2026-04-12 18:47:07,'3810567520675561925,夏季新款eva拖鞋女室内居家浴室洗澡一字拖男耐磨防滑软底凉拖鞋,,,普通订单,2.28,0,0,3,0,0,0,0,0,0,0,0,-0.26,0,0,0,0,0,0,,0,义乌市衍郝电子商务商行,订单结算
2026-04-23 05:53:52,'2026042305534802164823580159,入账,4.96,聚合账户,货款结算入账,小店自卖,'6925545590900161928,'6925545590900161928,'SS76306422742500805480021,2026-04-13 07:16:31,'3809625164249956608,孕妇专用防滑拖鞋女士夏季家居家室内静音浴室洗澡防臭凉拖鞋外穿,,,普通订单,4.99,0,0,0,0,0,0,0,0,0,0,0,-0.03,0,0,0,0,0,0,是-商品卡免佣,0.22,义乌市衍郝电子商务商行,订单结算
2026-04-23 05:53:55,'2026042305534906936499260159,入账,2.18,聚合账户,货款结算入账,小店自卖,'6925567188064894742,'6925567188064894742,'SS76306999897190571670022,2026-04-13 11:06:00,'3782174059069046985,韩系可爱发夹女花朵眼镜边夹2025新款前额大号在成人前额碎发夹子,,,普通订单,4.2,0.3,0,0,0,0,0,0,0,0,0,-2,-0.02,0,0,0,0,0,0,是-商品卡免佣,0.15,义乌市衍郝电子商务商行,订单结算
2026-04-23 05:53:55,'2026042305535125004285900159,入账,1.24,聚合账户,货款结算入账,小店自卖,'6952039140065219852,'6952039140065219852,'SS76307552144797703950232,2026-04-13 10:41:59,'3622101757909408748,潮流男士发箍无痕皮筋发夹大肠发圈头顶橡皮压发成人发卡男士耐用,,,普通订单,1.25,0,0,0,0,0,0,0,0,0,0,0,-0.01,0,0,0,0,0,0,是-商品卡免佣,0.07,义乌市衍郝电子商务商行,订单结算
2026-04-23 05:53:55,'2026042305535038304486460159,入账,4.93,聚合账户,货款结算入账,小店自卖,'6925558349568638462,'6925558349568638462,'SS76307409504530642280031,2026-04-12 22:31:41,'3809980984917622883,韩系高马尾香蕉夹竖夹女2026新款高级感发夹后脑勺大发量发饰头饰,,,普通订单,4.96,0,0,0,0,0,0,0,0,0,0,0,-0.03,0,0,0,0,0,0,是-商品卡免佣,0.22,义乌市衍郝电子商务商行,订单结算
2026-04-23 05:53:55,'2026042305535119805517060159,入账,1.98,聚合账户,货款结算入账,小店自卖,'6952023853504272191,'6952023853504272191,'SS76307376691459036580064,2026-04-13 13:22:05,'3812796426258350389,夏天简约随手盘发一字扭扭夹水钻抓夹高级发夹扭扭后脑勺盘发器,,,普通订单,1.99,0,0,0,0,0,0,0,0,0,0,0,-0.01,0,0,0,0,0,0,是-商品卡免佣,0.07,义乌市衍郝电子商务商行,订单结算
2026-04-23 05:53:55,'2026042305535108777938460159,入账,2.75,聚合账户,货款结算入账,小店自卖,'6925540694636003237,'6925540694636003237,'SS76306668665913185700020,2026-04-12 22:47:18,'3807948151101456791,毛绒豹纹珍珠发箍碎发秋冬整理高颅带齿防滑蓬松头箍纹理洗脸发卡,,,普通订单,2.89,0,0,0,0,0,0,0,0,0,0,0,-0.14,0,0,0,0,0,0,,0,义乌市衍郝电子商务商行,订单结算
2026-04-23 05:53:57,'2026042305535327736317950159,入账,5.92,聚合账户,货款结算入账,小店自卖,'6952024741160097624,'6952024741160097624,'SS76307550979367734300106,2026-04-12 19:19:01,'3807375664391258593,新款时尚格纹蝴蝶结香蕉夹小众复古少女高马尾竖夹百搭一字扭扭夹,,,普通订单,5.96,0,0,0,0,0,0,0,0,0,0,0,-0.04,0,0,0,0,0,0,是-商品卡免佣,0.29,义乌市衍郝电子商务商行,订单结算
2026-04-23 06:26:54,'2026042306264809652188580159,出账,5.05,聚合账户,上门取件运费,,'6952065917165704811,'6952065917165704811,'147448384335583623,,,,,,普通订单,0,0,0,0,0,0,0,0,0,0,0,0,0,0,0,0,0,0,0,,0,义乌市衍郝电子商务商行,因商品存在品质问题，扣除商家相应金额进行运费赔付-订单6952065917165704811-售后单147448384335583623-运单JT0023010923842
2026-04-23 06:49:37,'2026042306493136586337690159,出账,5.07,聚合账户,上门取件运费,,'6952143991938094325,'6952143991938094325,'147451065603299591,,,,,,普通订单,0,0,0,0,0,0,0,0,0,0,0,0,0,0,0,0,0,0,0,,0,义乌市衍郝电子商务商行,因商品存在品质问题，扣除商家相应金额进行运费赔付-订单6952143991938094325-售后单147451065603299591-运单73704805410354
2026-04-23 07:25:22,'2026042307252031433856510159,入账,4.74,聚合账户,货款结算入账,小店自卖,'6925542666566794580,'6925542666566794580,'SS76306421646908339540226,2026-04-12 22:02:15,'3809625164249956608,孕妇专用防滑拖鞋女士夏季家居家室内静音浴室洗澡防臭凉拖鞋外穿,,,普通订单,1.4,0,0,3.59,0,0,0,0,0,0,0,0,-0.25,0,0,0,0,0,0,,0,义乌市衍郝电子商务商行,订单结算
2026-04-23 07:26:03,'2026042307255835699105690159,入账,3,聚合账户,货款结算入账,小店自卖,'6925592433126571160,'6925592433126571160,'SS76306070319638942910192,2026-04-14 20:24:46,'3809086450570494406,法式大号蕾丝网纱双层大肠发圈2026新款甜美芭蕾风百搭发绳发饰,,,普通订单,0.01,0,0,3.01,0,0,0,0,0,0,0,0,-0.02,0,0,0,0,0,0,是-商品卡免佣,0.15,义乌市衍郝电子商务商行,订单结算
2026-04-23 07:42:58,'2026042307425430674619240159,入账,5.17,聚合账户,货款结算入账,小店自卖,'6925541167064710811,'6925541167064710811,'SS76306673213711649380058,2026-04-13 07:09:41,'3812961166053999319,ins爆款卡通蓬松夹鸭嘴夹一字夹化妆发夹超萌可爱猫咪少女刘海夹,,,普通订单,0.01,0,0,5.19,0,0,0,0,0,0,0,0,-0.03,0,0,0,0,0,0,是-商品卡免佣,0.22,义乌市衍郝电子商务商行,订单结算
2026-04-23 07:43:05,'2026042307430215693586280159,入账,3.88,聚合账户,货款结算入账,小店自卖,'6925542907527659472,'6925542907527659472,'SS76306668795694287900244,2026-04-12 23:33:14,'3810400437908144201,2026新款发夹头饰适合发量少的抓夹女高级感后脑勺鲨鱼夹发卡夹子,,,普通订单,3.9,0,0,0,0,0,0,0,0,0,0,0,-0.02,0,0,0,0,0,0,是-商品卡免佣,0.15,义乌市衍郝电子商务商行,订单结算
2026-04-23 07:43:12,'2026042307430826313569700159,入账,2.78,聚合账户,货款结算入账,小店自卖,'6952101458393240745,'6952101458393240745,'SS76308185665137216090054,2026-04-15 23:43:12,'3806646636424331422,韩风珍珠抓夹小号发夹女后脑勺发卡小巧鲨鱼夹发抓迷你小夹子头饰,,,普通订单,2.8,0,0,0,0,0,0,0,0,0,0,0,-0.02,0,0,0,0,0,0,是-商品卡免佣,0.15,义乌市衍郝电子商务商行,订单结算
2026-04-23 07:43:12,'2026042307431006338196580159,入账,4.65,聚合账户,货款结算入账,小店自卖,'6925558119285882487,'6925558119285882487,'SS76306425098367309320201,2026-04-12 21:04:58,'3800198492568289686,买一送一爆款凉拖鞋男士夏季情侣2026新款家居防滑防臭厚底拖鞋女,,,普通订单,0.9,0,0,4,0,0,0,0,0,0,0,0,-0.25,0,0,0,0,0,0,,0,义乌市衍郝电子商务商行,订单结算
2026-04-23 07:43:12,'2026042307430932382001020159,入账,4.77,聚合账户,货款结算入账,小店自卖,'6925641415011958710,'6925641415011958710,'SS76308237487991362660023,2026-04-16 16:39:15,'3812240028327870813,粉色双面蝴蝶结香蕉夹竖夹超温柔!气质高马尾发夹后脑勺发夹发饰,,,普通订单,0.01,0,0,4.79,0,0,0,0,0,0,0,0,-0.03,0,0,0,0,0,0,是-商品卡免佣,0.22,义乌市衍郝电子商务商行,订单结算
2026-04-23 07:43:12,'2026042307430909031355510159,入账,4.25,聚合账户,货款结算入账,小店自卖,'6952029766807262481,'6952029766807262481,'SS76307377635091133800102,2026-04-12 23:39:57,'3812240028327870813,粉色双面蝴蝶结香蕉夹竖夹超温柔!气质高马尾发夹后脑勺发夹发饰,,,普通订单,4.28,0,0,0,0,0,0,0,0,0,0,0,-0.03,0,0,0,0,0,0,是-商品卡免佣,0.22,义乌市衍郝电子商务商行,订单结算
2026-04-23 07:43:12,'2026042307430928108229500159,入账,3.9,聚合账户,货款结算入账,小店自卖,'6925546582686137355,'6925546582686137355,'SS76306666779735537040006,2026-04-12 19:37:35,'3779178385759142273,布艺缠绕格纹带齿防滑发箍女2025新款高颅顶头箍时红色蝴蝶结发饰,,,普通订单,3.92,0,0,0,0,0,0,0,0,0,0,0,-0.02,0,0,0,0,0,0,是-商品卡免佣,0.15,义乌市衍郝电子商务商行,订单结算
2026-04-23 07:43:13,'2026042307431107383780360159,入账,4.74,聚合账户,货款结算入账,小店自卖,'6925541882089143811,'6925541882089143811,'SS76306420724457147340002,2026-04-12 16:33:10,'3809625164249956608,孕妇专用防滑拖鞋女士夏季家居家室内静音浴室洗澡防臭凉拖鞋外穿,,,普通订单,3.5,0,0,1.49,0,0,0,0,0,0,0,0,-0.25,0,0,0,0,0,0,,0,义乌市衍郝电子商务商行,订单结算
2026-04-23 07:43:13,'2026042307431020289293320159,入账,5.41,聚合账户,货款结算入账,小店自卖,'6925551477301346198,'6925551477301346198,'SS76307879743509465870061,2026-04-12 19:19:01,'3812244340491813699,新款密齿香蕉韩系法式波点蕾丝蝴蝶结后脑勺盘发发夹发卡马尾发饰,,,普通订单,0.94,0,0,4.5,0,0,0,0,0,0,0,0,-0.03,0,0,0,0,0,0,是-商品卡免佣,0.22,义乌市衍郝电子商务商行,订单结算
2026-04-23 07:43:13,'2026042307430924309314960159,入账,7.63,聚合账户,货款结算入账,小店自卖,'6925565335226515383,'6925565335226515383,'SS76307407612902651380147,2026-04-13 14:46:20,'3807216817156522080,抓夹大号发量大发夹女后脑勺鲨鱼夹发卡2026新款盘发韩系夹子头饰,,,普通订单,3.08,0,0,4.6,0,0,0,0,0,0,0,0,-0.05,0,0,0,0,0,0,是-商品卡免佣,0.37,义乌市衍郝电子商务商行,订单结算
2026-04-23 07:43:13,'2026042307431031257072640159,入账,4.74,聚合账户,货款结算入账,巨量千川,'6925413018286259502,'6925413018286259502,'SS76306568357889318550187,2026-04-07 20:02:33,'3799023022220903050,2026新款EVA家居室内不臭脚拖鞋男士夏季踩屎感防滑洗澡凉拖女式,,,普通订单,4.99,0,0,0,0,0,0,0,0,0,0,0,-0.25,0,0,0,0,0,0,,0,义乌市衍郝电子商务商行,订单结算
2026-04-23 07:43:13,'2026042307430939556756880159,入账,3.87,聚合账户,货款结算入账,小店自卖,'6952149755258476076,'6952149755258476076,'SS76306628015234419700192,2026-04-17 11:56:45,'3811861106843059086,山茶花朵7cm小抓夹花朵抓夹玫瑰花森女小清新夏季花抓夹森系干枯,,,普通订单,3.89,0,0,0,0,0,0,0,0,0,0,0,-0.02,0,0,0,0,0,0,是-商品卡免佣,0.15,义乌市衍郝电子商务商行,订单结算
2026-04-23 07:43:13,'2026042307431005257464680159,入账,4.27,聚合账户,货款结算入账,小店自卖,'6951884888912238503,'6951884888912238503,'SS76306648559683343760086,2026-04-08 07:47:42,'3784238937577488514,可爱猫咪香蕉夹女鲨鱼夹高级感发饰头饰韩大号在成人前额碎发夹子,,,普通订单,4.3,0.5,0,0,0,0,0,0,0,0,0,0,-0.03,0,0,0,0,0,0,是-商品卡免佣,0.22,义乌市衍郝电子商务商行,订单结算
2026-04-23 07:43:13,'2026042307430920225891990159,入账,4.77,聚合账户,货款结算入账,小店自卖,'6925663368529542754,'6925663368529542754,'SS76308030555376194650043,2026-04-17 20:57:19,'3812240028327870813,粉色双面蝴蝶结香蕉夹竖夹超温柔!气质高马尾发夹后脑勺发夹发饰,,,普通订单,4.8,0,0,0,0,0,0,0,0,0,0,0,-0.03,0,0,0,0,0,0,是-商品卡免佣,0.22,义乌市衍郝电子商务商行,订单结算
2026-04-23 07:43:13,'2026042307430928284526480159,入账,4.45,聚合账户,货款结算入账,小店自卖,'6925564980154826002,'6925564980154826002,'SS76307011500039380900092,2026-04-13 11:58:53,'3812600792603558021,可爱小猪小黄鸡发圈萌系扎发神器黑色发绳马尾扎头发皮筋学生头饰,,,普通订单,0.01,0,0,4.47,0,0,0,0,0,0,0,0,-0.03,0,0,0,0,0,0,是-商品卡免佣,0.22,义乌市衍郝电子商务商行,订单结算
2026-04-23 07:43:13,'2026042307430929933573460159,入账,5.17,聚合账户,货款结算入账,小店自卖,'6952014104279454720,'6952014104279454720,'SS76306673084024430600137,2026-04-12 20:59:48,'3812961166053999319,ins爆款卡通蓬松夹鸭嘴夹一字夹化妆发夹超萌可爱猫咪少女刘海夹,,,普通订单,5.2,0,0,0,0,0,0,0,0,0,0,0,-0.03,0,0,0,0,0,0,是-商品卡免佣,0.22,义乌市衍郝电子商务商行,订单结算
2026-04-23 07:43:13,'2026042307430935448140950159,入账,5.17,聚合账户,货款结算入账,小店自卖,'6925554505738779950,'6925554505738779950,'SS76306673131175610980244,2026-04-12 22:56:10,'3812961166053999319,ins爆款卡通蓬松夹鸭嘴夹一字夹化妆发夹超萌可爱猫咪少女刘海夹,,,普通订单,5.2,0,0,0,0,0,0,0,0,0,0,0,-0.03,0,0,0,0,0,0,是-商品卡免佣,0.22,义乌市衍郝电子商务商行,订单结算
2026-04-23 07:43:27,'2026042307432305289293220159,入账,3.32,聚合账户,货款结算入账,小店自卖,'6952052745364313767,'6952052745364313767,'SS76307250858460285900066,2026-04-13 12:52:38,'3806655969480540177,米菲兔巨显发量香蕉兔子后脑勺盘发百搭少女发饰时尚可爱波点大号,,,普通订单,3.49,0,0,0,0,0,0,0,0,0,0,0,-0.17,0,0,0,0,0,0,,0,义乌市衍郝电子商务商行,订单结算
2026-04-23 07:43:27,'2026042307432427270684160159,入账,7.93,聚合账户,货款结算入账,小店自卖,'6925553683233537306,'6925553683233537306,'SS76306666613637944670006,2026-04-12 17:54:23,'3682760379341078624,儿童发绳飘带发箍女发圈蝴蝶结发带丝巾绑发头花头箍发卡洋气新款,,,普通订单,8.35,1.5,0,0,0,0,0,0,0,0,0,0,-0.42,0,0,0,0,0,0,,0,义乌市衍郝电子商务商行,订单结算
2026-04-23 07:43:27,'2026042307432237384893780159,入账,2.97,聚合账户,货款结算入账,小店自卖,'6925548664382914405,'6925548664382914405,'SS76306666688388467560115,2026-04-12 17:10:59,'3784025743923740805,韩国气质精致百搭炫彩闪钻少女侧边夹刘大号在成人前额碎发夹子,,,普通订单,2.99,0,0,0,0,0,0,0,0,0,0,0,-0.02,0,0,0,0,0,0,是-商品卡免佣,0.15,义乌市衍郝电子商务商行,订单结算
2026-04-23 07:43:27,'2026042307432425501373790159,入账,4.16,聚合账户,货款结算入账,小店自卖,'6925552337501191197,'6925552337501191197,'SS76306636471693644900170,2026-04-13 00:40:49,'3786031401200124187,可爱甜美kitty网红秋冬发夹夹头发发卡ins后秋森系韩系彩色大号,,,普通订单,4.19,0.3,0,0,0,0,0,0,0,0,0,0,-0.03,0,0,0,0,0,0,是-商品卡免佣,0.22,义乌市衍郝电子商务商行,订单结算
2026-04-23 07:43:27,'2026042307432504370767760159,入账,4.28,聚合账户,货款结算入账,小店自卖,'6925652466078350435,'6925652466078350435,'SS76307405511759634180046,2026-04-16 16:40:52,'3809086450570494406,法式大号蕾丝网纱双层大肠发圈2026新款甜美芭蕾风百搭发绳发饰,,,普通订单,4.51,0,0,0,0,0,0,0,0,0,0,0,-0.23,0,0,0,0,0,0,,0,义乌市衍郝电子商务商行,订单结算
2026-04-23 07:43:43,'2026042307434123662925060159,入账,5.85,聚合账户,货款结算入账,小店自卖,'6925172958474436489,'6925172958474436489,'SS76307692629483566350233,2026-03-28 11:57:25,'3809964921832210601,学生必备！可爱卡通动物发圈扎发神器黑色发绳皮筋儿童卖萌头饰,,,普通订单,5.89,0,0,0,0,0,0,0,0,0,0,0,-0.04,0,0,0,0,0,0,是-商品卡免佣,0.29,义乌市衍郝电子商务商行,订单结算
2026-04-23 07:43:43,'2026042307433933735319390159,入账,3.23,聚合账户,货款结算入账,小店自卖,'6952038744465151537,'6952038744465151537,'SS76306417619871995070103,2026-04-13 05:45:29,'3809975766641410463,高级感水钻珠珠一字扭扭夹2026新款盘发抓夹后脑勺发量多发夹头饰,,,普通订单,3.25,0,0,0,0,0,0,0,0,0,0,0,-0.02,0,0,0,0,0,0,是-商品卡免佣,0.15,义乌市衍郝电子商务商行,订单结算
2026-04-23 07:43:43,'2026042307434134816005580159,入账,6.94,聚合账户,货款结算入账,小店自卖,'6925556077490175590,'6925556077490175590,'SS76307377504925783460082,2026-04-12 22:34:19,'3812240028327870813,粉色双面蝴蝶结香蕉夹竖夹超温柔!气质高马尾发夹后脑勺发夹发饰,,,普通订单,6.98,0,0,0,0,0,0,0,0,0,0,0,-0.04,0,0,0,0,0,0,是-商品卡免佣,0.29,义乌市衍郝电子商务商行,订单结算
2026-04-23 07:43:43,'2026042307434026732467540159,入账,12.9,聚合账户,货款结算入账,小店自卖,'6952023195626116764,'6952023195626116764,'SS76307367680546125260218,2026-04-13 01:16:07,'3812240028327870813,粉色双面蝴蝶结香蕉夹竖夹超温柔!气质高马尾发夹后脑勺发夹发饰,,,普通订单,12.98,0,0,0,0,0,0,0,0,0,0,0,-0.08,0,0,0,0,0,0,是-商品卡免佣,0.59,义乌市衍郝电子商务商行,订单结算
2026-04-23 07:43:43,'2026042307434013898713700159,入账,5.46,聚合账户,货款结算入账,小店自卖,'6925560176559422934,'6925560176559422934,'SS76306665892393787420105,2026-04-12 21:21:56,'3806655969480540177,米菲兔巨显发量香蕉兔子后脑勺盘发百搭少女发饰时尚可爱波点大号,,,普通订单,5.49,0,0,0,0,0,0,0,0,0,0,0,-0.03,0,0,0,0,0,0,是-商品卡免佣,0.22,义乌市衍郝电子商务商行,订单结算
2026-04-23 07:43:58,'2026042307435622283392090159,入账,4.47,聚合账户,货款结算入账,小店自卖,'6925546572995985049,'6925546572995985049,'SS76306673307175368040125,2026-04-12 19:46:44,'3812961166053999319,ins爆款卡通蓬松夹鸭嘴夹一字夹化妆发夹超萌可爱猫咪少女刘海夹,,,普通订单,4.5,0,0,0,0,0,0,0,0,0,0,0,-0.03,0,0,0,0,0,0,是-商品卡免佣,0.22,义乌市衍郝电子商务商行,订单结算
2026-04-23 07:43:58,'2026042307435523323162000159,入账,6.35,聚合账户,货款结算入账,小店自卖,'6952083851026896022,'6952083851026896022,'SS76307533034376727390227,2026-04-14 21:31:35,'3674363744047202423,儿童碎发梳韩式发夹小女孩头饰可爱碎发神器女童发卡高颅顶神器,,,普通订单,6.39,1.1,0,0,0,0,0,0,0,0,0,0,-0.04,0,0,0,0,0,0,是-商品卡免佣,0.29,义乌市衍郝电子商务商行,订单结算
2026-04-23 07:43:58,'2026042307435600678958540159,入账,4.23,聚合账户,货款结算入账,小店自卖,'6925672378009157169,'6925672378009157169,'SS76307311190840281660017,2026-04-17 23:08:25,'3656169389537002252,儿童蝴蝶结飘带发夹儿童头饰洋气发圈扎头发成人3-最新款头饰耐用,,,普通订单,4.26,0,0,0,0,0,0,0,0,0,0,0,-0.03,0,0,0,0,0,0,是-商品卡免佣,0.22,义乌市衍郝电子商务商行,订单结算
2026-04-23 07:43:59,'2026042307435615855949260159,入账,6.61,聚合账户,货款结算入账,小店自卖,'6952150081562417048,'6952150081562285976,'SS76305160284773916660044,2026-04-17 15:48:54,'3809627569339367610,印花小熊防滑拖鞋女士家居室内2025新款夏季洗澡家用eva静音凉拖,,,普通订单,6.65,0,0,0,0,0,0,0,0,0,0,0,-0.04,0,0,0,0,0,0,是-商品卡免佣,0.29,义乌市衍郝电子商务商行,订单结算
2026-04-23 07:43:59,'2026042307435530712960270159,入账,4.25,聚合账户,货款结算入账,小店自卖,'6925631969449770608,'6925631969449770608,'SS76306330801245064110098,2026-04-15 21:35:43,'3812240028327870813,粉色双面蝴蝶结香蕉夹竖夹超温柔!气质高马尾发夹后脑勺发夹发饰,,,普通订单,4.28,0,0,0,0,0,0,0,0,0,0,0,-0.03,0,0,0,0,0,0,是-商品卡免佣,0.22,义乌市衍郝电子商务商行,订单结算
2026-04-23 07:43:59,'2026042307435635500856820159,入账,0.84,聚合账户,货款结算入账,小店自卖,'6925540162937978639,'6925540162937978639,'SS76306665830754552380162,2026-04-12 19:55:52,'3780849912053366920,超可爱的kt猫脑袋碎发魔术贴发卡化妆敷面膜无痕刘海贴粘发贴发饰,,,普通订单,0.85,0,0,0,0,0,0,0,0,0,0,0,-0.01,0,0,0,0,0,0,是-商品卡免佣,0.07,义乌市衍郝电子商务商行,订单结算
2026-04-23 07:43:59,'2026042307435618967148030159,入账,6.08,聚合账户,货款结算入账,小店自卖,'6925673947078819403,'6925673947078688331,'SS76308389321580221530167,2026-04-17 17:43:07,'3776807804489302292,豹纹ins爱心女一字夹高端碎发发夹女款2026新款网红爆款,,,普通订单,6.12,0,0,0,0,0,0,0,0,0,0,0,-0.04,0,0,0,0,0,0,是-商品卡免佣,0.29,义乌市衍郝电子商务商行,订单结算
2026-04-23 07:43:59,'2026042307435520271314420159,入账,1.98,聚合账户,货款结算入账,小店自卖,'6952127341784733477,'6952127341784733477,'SS76307909527600668260092,2026-04-17 05:52:30,'3812796426258350389,夏天简约随手盘发一字扭扭夹水钻抓夹高级发夹扭扭后脑勺盘发器,,,普通订单,1.99,0,0,0,0,0,0,0,0,0,0,0,-0.01,0,0,0,0,0,0,是-商品卡免佣,0.07,义乌市衍郝电子商务商行,订单结算
2026-04-23 07:43:59,'2026042307435624160668430159,入账,4.96,聚合账户,货款结算入账,小店自卖,'6925538094902770800,'6925538094902770800,'SS76306420686539167240074,2026-04-12 15:31:13,'3809625164249956608,孕妇专用防滑拖鞋女士夏季家居家室内静音浴室洗澡防臭凉拖鞋外穿,,,普通订单,4.99,0,0,0,0,0,0,0,0,0,0,0,-0.03,0,0,0,0,0,0,是-商品卡免佣,0.22,义乌市衍郝电子商务商行,订单结算
2026-04-23 07:43:59,'2026042307435617618542350159,入账,4.86,聚合账户,货款结算入账,小店自卖,'6925559779078733598,'6925559779078733598,'SS76307254717898143180249,2026-04-13 13:32:26,'3811102963569655948,春夏撞色蝴蝶结发夹发卡女后脑勺2026新款气质大号盘发鸭嘴夹发饰,,,普通订单,4.89,0,0,0,0,0,0,0,0,0,0,0,-0.03,0,0,0,0,0,0,是-商品卡免佣,0.22,义乌市衍郝电子商务商行,订单结算
2026-04-23 07:44:17,'2026042307441341117289060159,入账,5.47,聚合账户,货款结算入账,小店自卖,'6925662911651085340,'6925662911650954268,'SS76307723723510418380207,2026-04-17 16:57:14,'3776807804489302292,豹纹ins爱心女一字夹高端碎发发夹女款2026新款网红爆款,,,普通订单,5.5,0,0,0,0,0,0,0,0,0,0,0,-0.03,0,0,0,0,0,0,是-商品卡免佣,0.22,义乌市衍郝电子商务商行,订单结算
2026-04-23 07:44:17,'2026042307441223167306870159,入账,2.83,聚合账户,货款结算入账,小店自卖,'6952133254349854542,'6952133254349854542,'SS76307050062076152720022,2026-04-16 16:42:50,'3812240028327870813,粉色双面蝴蝶结香蕉夹竖夹超温柔!气质高马尾发夹后脑勺发夹发饰,,,普通订单,2.98,0,0,0,0,0,0,0,0,0,0,0,-0.15,0,0,0,0,0,0,,0,义乌市衍郝电子商务商行,订单结算
2026-04-23 07:44:17,'2026042307441407519974670159,入账,5.13,聚合账户,货款结算入账,小店自卖,'6925562891119852948,'6925562891119852948,'SS76307002261395212990229,2026-04-13 12:19:18,'3752322399887033276,短发留长发过渡期神器半扎发发夹女后脑勺大号在成人前额碎发夹子,,,普通订单,5.16,0.8,0,0,0,0,0,0,0,0,0,0,-0.03,0,0,0,0,0,0,是-商品卡免佣,0.22,义乌市衍郝电子商务商行,订单结算
2026-04-23 07:44:17,'2026042307441235706311780159,入账,4.56,聚合账户,货款结算入账,小店自卖,'6925538207247007694,'6925538207247007694,'SS76307017772180283310037,2026-04-12 16:16:41,'3782909438948671661,满天星蝴蝶结2025网纱云朵后脑勺鲨鱼泡大号在成人前额碎发夹子,,,普通订单,4.59,0,0,0,0,0,0,0,0,0,0,0,-0.03,0,0,0,0,0,0,是-商品卡免佣,0.22,义乌市衍郝电子商务商行,订单结算
2026-04-23 07:44:17,'2026042307441225939686940159,入账,4.61,聚合账户,货款结算入账,小店自卖,'6952049987818428263,'6952049987818428263,'SS76306241837475110820196,2026-04-14 14:43:22,'3797376868831854919,新款韩国咖色小香风黑色条纹甜美时尚大肠发圈扎发丸子头头饰发饰,,,普通订单,4.64,0,0,0,0,0,0,0,0,0,0,0,-0.03,0,0,0,0,0,0,是-商品卡免佣,0.22,义乌市衍郝电子商务商行,订单结算
2026-04-23 07:44:32,'2026042307442904029816950159,入账,4.96,聚合账户,货款结算入账,小店自卖,'6952038660588377714,'6952038660588377714,'SS76306666267950454170029,2026-04-13 00:41:25,'3806655969480540177,米菲兔巨显发量香蕉兔子后脑勺盘发百搭少女发饰时尚可爱波点大号,,,普通订单,0.49,0,0,4.5,0,0,0,0,0,0,0,0,-0.03,0,0,0,0,0,0,是-商品卡免佣,0.22,义乌市衍郝电子商务商行,订单结算
2026-04-23 07:44:32,'2026042307442833352589160159,入账,6.08,聚合账户,货款结算入账,小店自卖,'6952157315379435469,'6952157315379435469,'SS76306724546792655630061,2026-04-17 20:55:20,'3807584451282731335,缎面高级感碎花蝴蝶结抓夹新款百搭后脑盘发鲨鱼夹马尾夹高档发夹,,,普通订单,4.48,0,0,1.92,0,0,0,0,0,0,0,0,-0.32,0,0,0,0,0,0,,0,义乌市衍郝电子商务商行,订单结算
2026-04-23 07:44:32,'2026042307442938462961020159,入账,3.38,聚合账户,货款结算入账,小店自卖,'6925663708714138863,'6925663708714138863,'SS76308045654368750350175,2026-04-17 23:10:52,'3812240028327870813,粉色双面蝴蝶结香蕉夹竖夹超温柔!气质高马尾发夹后脑勺发夹发饰,,,普通订单,0.01,0,0,3.39,0,0,0,0,0,0,0,0,-0.02,0,0,0,0,0,0,是-商品卡免佣,0.15,义乌市衍郝电子商务商行,订单结算
2026-04-23 07:44:32,'2026042307442834651184830159,入账,2.96,聚合账户,货款结算入账,小店自卖,'6952040332455188199,'6952040332455188199,'SS76306684484895708580122,2026-04-13 22:35:16,'3812961166053999319,ins爆款卡通蓬松夹鸭嘴夹一字夹化妆发夹超萌可爱猫咪少女刘海夹,,,普通订单,0.01,0,0,2.97,0,0,0,0,0,0,0,0,-0.02,0,0,0,0,0,0,是-商品卡免佣,0.15,义乌市衍郝电子商务商行,订单结算
2026-04-23 07:44:32,'2026042307442719021542820159,入账,1.58,聚合账户,货款结算入账,小店自卖,'6952162333713634678,'6952162333713634678,'SS76307587359414727780121,2026-04-18 05:18:47,'3625066385081774133,发饰成人女发箍头饰洋气发带头发夹黑色隐形头花发圈头绳高级感,,,普通订单,1.59,0.4,0,0,0,0,0,0,0,0,0,0,-0.01,0,0,0,0,0,0,是-商品卡免佣,0.07,义乌市衍郝电子商务商行,订单结算
2026-04-23 07:44:48,'2026042307444427727344980159,入账,3.89,聚合账户,货款结算入账,小店自卖,'6952012167385781598,'6952012167385781598,'SS76306687996296893590239,2026-04-12 21:27:46,'3799610118572736926,韩系蝴蝶结香蕉夹发夹女秋冬高级感精致后脑勺盘发马尾夹竖夹头饰,,,普通订单,0.01,0,0,3.9,0,0,0,0,0,0,0,0,-0.02,0,0,0,0,0,0,是-商品卡免佣,0.15,义乌市衍郝电子商务商行,订单结算
2026-04-23 07:44:48,'2026042307444523614100480159,入账,8.15,聚合账户,货款结算入账,小店自卖,'6952013765939762588,'6952013765939762588,'SS76307367928177953790076,2026-04-12 17:29:36,'3812240028327870813,粉色双面蝴蝶结香蕉夹竖夹超温柔!气质高马尾发夹后脑勺发夹发饰,,,普通订单,5.58,0,0,3,0,0,0,0,0,0,0,0,-0.43,0,0,0,0,0,0,,0,义乌市衍郝电子商务商行,订单结算
2026-04-23 07:44:48,'2026042307444426766382480159,入账,10.83,聚合账户,货款结算入账,小店自卖,'6952110998648788838,'6952110998648788838,'SS76306711528303212040249,2026-04-16 16:58:22,'3813152773302780175,柔软泡泡纱韩国粉色碎花大肠发圈超大号高级仙气丸子慵懒头绳发饰,,,普通订单,10.9,0,0,0,0,0,0,0,0,0,0,0,-0.07,0,0,0,0,0,0,是-商品卡免佣,0.51,义乌市衍郝电子商务商行,订单结算
2026-04-23 07:44:48,'2026042307444441524434260159,入账,5.17,聚合账户,货款结算入账,小店自卖,'6952158072649094823,'6952158072649094823,'SS76308045547160537790209,2026-04-18 10:06:54,'3812961166053999319,ins爆款卡通蓬松夹鸭嘴夹一字夹化妆发夹超萌可爱猫咪少女刘海夹,,,普通订单,0.2,0,0,5,0,0,0,0,0,0,0,0,-0.03,0,0,0,0,0,0,是-商品卡免佣,0.22,义乌市衍郝电子商务商行,订单结算
2026-04-23 07:44:48,'2026042307444419762716540159,入账,4.96,聚合账户,货款结算入账,小店自卖,'6925536135849475246,'6925536135849475246,'SS76306419217367209310118,2026-04-12 15:43:25,'3809625164249956608,孕妇专用防滑拖鞋女士夏季家居家室内静音浴室洗澡防臭凉拖鞋外穿,,,普通订单,3.19,0,0,1.8,0,0,0,0,0,0,0,0,-0.03,0,0,0,0,0,0,是-商品卡免佣,0.22,义乌市衍郝电子商务商行,订单结算
2026-04-23 07:45:25,'2026042307452223448128350159,入账,2.65,聚合账户,货款结算入账,小店自卖,'6952034123322431069,'6952034123322431069,'SS76306388869648386820068,2026-04-12 23:29:29,'3807217918840799504,新款百搭2026可爱小狗香蕉夹竖夹发夹脑勺扭扭夹高马尾抓夹高级感,,,普通订单,2.67,0,0,0,0,0,0,0,0,0,0,0,-0.02,0,0,0,0,0,0,是-商品卡免佣,0.15,义乌市衍郝电子商务商行,订单结算
2026-04-23 07:45:25,'2026042307452132179041280159,入账,2.96,聚合账户,货款结算入账,小店自卖,'6952108881344730631,'6952108881344730631,'SS76306778404990531080087,2026-04-16 15:37:27,'3812240028327870813,粉色双面蝴蝶结香蕉夹竖夹超温柔!气质高马尾发夹后脑勺发夹发饰,,,普通订单,0.01,0,0,2.97,0,0,0,0,0,0,0,0,-0.02,0,0,0,0,0,0,是-商品卡免佣,0.15,义乌市衍郝电子商务商行,订单结算
2026-04-23 07:45:25,'2026042307452122740383070159,入账,4.74,聚合账户,货款结算入账,小店自卖,'6951900187555010120,'6951900187555010120,'SS76306565709173560470101,2026-04-08 07:22:20,'3799023022220903050,2026新款EVA家居室内不臭脚拖鞋男士夏季踩屎感防滑洗澡凉拖女式,,,普通订单,1.98,0,0,3.01,0,0,0,0,0,0,0,0,-0.25,0,0,0,0,0,0,,0,义乌市衍郝电子商务商行,订单结算
2026-04-23 07:45:25,'2026042307452230468838800159,入账,3.12,聚合账户,货款结算入账,小店自卖,'6952079228389562245,'6952079228389562245,'SS76308660671742774110215,2026-04-14 20:04:20,'3806655969480540177,米菲兔巨显发量香蕉兔子后脑勺盘发百搭少女发饰时尚可爱波点大号,,,普通订单,0.01,0,0,3.13,0,0,0,0,0,0,0,0,-0.02,0,0,0,0,0,0,是-商品卡免佣,0.15,义乌市衍郝电子商务商行,订单结算
2026-04-23 07:45:25,'2026042307452305959685120159,入账,2.83,聚合账户,货款结算入账,小店自卖,'6952134370519095103,'6952134370519095103,'SS76307865459688245760062,2026-04-17 08:32:02,'3812240028327870813,粉色双面蝴蝶结香蕉夹竖夹超温柔!气质高马尾发夹后脑勺发夹发饰,,,普通订单,0.01,0,0,2.97,0,0,0,0,0,0,0,0,-0.15,0,0,0,0,0,0,,0,义乌市衍郝电子商务商行,订单结算
2026-04-23 07:45:49,'2026042307454631549033300159,入账,2.83,聚合账户,货款结算入账,小店自卖,'6925658760168897975,'6925658760168897975,'SS76306760493071076100113,2026-04-17 15:25:09,'3812240028327870813,粉色双面蝴蝶结香蕉夹竖夹超温柔!气质高马尾发夹后脑勺发夹发饰,,,普通订单,0.01,0,0,2.97,0,0,0,0,0,0,0,0,-0.15,0,0,0,0,0,0,,0,义乌市衍郝电子商务商行,订单结算
2026-04-23 07:45:50,'2026042307454537344058880159,入账,4.74,聚合账户,货款结算入账,小店自卖,'6925538326959651949,'6925538326959651949,'SS76306420685375900220127,2026-04-12 17:13:33,'3809625164249956608,孕妇专用防滑拖鞋女士夏季家居家室内静音浴室洗澡防臭凉拖鞋外穿,,,普通订单,3.5,0,0,1.49,0,0,0,0,0,0,0,0,-0.25,0,0,0,0,0,0,,0,义乌市衍郝电子商务商行,订单结算
2026-04-23 07:45:50,'2026042307454619755665920159,入账,2.96,聚合账户,货款结算入账,小店自卖,'6925525781253160720,'6925525781253160720,'SS76308460013687938750017,2026-04-11 22:43:43,'3771355796558971375,网红抓夹爆款2025新款高级感半扎发发夹后脑勺鲨鱼夹大号发量多,,,普通订单,0.01,0,0,2.97,0,0,0,0,0,0,0,0,-0.02,0,0,0,0,0,0,是-商品卡免佣,0.15,义乌市衍郝电子商务商行,订单结算
2026-04-23 07:45:50,'2026042307454618712704540159,入账,2.56,聚合账户,货款结算入账,小店自卖,'6952111942190110349,'6952111942190110349,'SS76308668493550924890083,2026-04-15 20:08:19,'3779768915819888685,2025新款香蕉夹抓夹马尾发夹亮面夹子发卡大号在成人前额碎发夹子,,,普通订单,0.01,0,0,2.69,0,0,0,0,0,0,0,0,-0.14,0,0,0,0,0,0,,0,义乌市衍郝电子商务商行,订单结算
2026-04-23 07:45:50,'2026042307454631549852500159,入账,0.85,聚合账户,货款结算入账,小店自卖,'6925661468620979517,'6925661468620979517,'SS76306910999632942510147,2026-04-17 18:48:35,'3812961166053999319,ins爆款卡通蓬松夹鸭嘴夹一字夹化妆发夹超萌可爱猫咪少女刘海夹,,,普通订单,0.63,0,0,0.27,0,0,0,0,0,0,0,0,-0.05,0,0,0,0,0,0,,0,义乌市衍郝电子商务商行,订单结算
2026-04-23 07:46:06,'2026042307460326553392980159,入账,3.38,聚合账户,货款结算入账,小店自卖,'6925685470006574937,'6925685470006574937,'SS76307707709649393100141,2026-04-18 08:50:03,'3812240028327870813,粉色双面蝴蝶结香蕉夹竖夹超温柔!气质高马尾发夹后脑勺发夹发饰,,,普通订单,0.01,0,0,3.39,0,0,0,0,0,0,0,0,-0.02,0,0,0,0,0,0,是-商品卡免佣,0.15,义乌市衍郝电子商务商行,订单结算
2026-04-23 07:46:06,'2026042307460318926802380159,入账,4.87,聚合账户,货款结算入账,小店自卖,'6952166747217269881,'6952166747217269881,'SS76307542819223800830085,2026-04-18 07:05:03,'3800198492568289686,买一送一爆款凉拖鞋男士夏季情侣2026新款家居防滑防臭厚底拖鞋女,,,普通订单,0.01,0,0,4.89,0,0,0,0,0,0,0,0,-0.03,0,0,0,0,0,0,是-商品卡免佣,0.22,义乌市衍郝电子商务商行,订单结算
2026-04-23 07:46:06,'2026042307460229750894180159,入账,2.94,聚合账户,货款结算入账,小店自卖,'6952025199227114635,'6952025199227114635,'SS76306668062843581700214,2026-04-12 23:10:38,'3769719102516625704,新中式超仙山茶花扭扭夹发夹女2025新款后大号在成人前额碎发夹子,,,普通订单,0.96,0,0,2,0,0,0,0,0,0,0,0,-0.02,0,0,0,0,0,0,是-商品卡免佣,0.15,义乌市衍郝电子商务商行,订单结算
2026-04-23 07:46:06,'2026042307460300139435790159,入账,4.96,聚合账户,货款结算入账,小店自卖,'6952092334256821728,'6952092334256821728,'SS76306670951722846820186,2026-04-15 22:49:54,'3812961166053999319,ins爆款卡通蓬松夹鸭嘴夹一字夹化妆发夹超萌可爱猫咪少女刘海夹,,,普通订单,0.01,0,0,4.98,0,0,0,0,0,0,0,0,-0.03,0,0,0,0,0,0,是-商品卡免佣,0.22,义乌市衍郝电子商务商行,订单结算
2026-04-23 07:46:07,'2026042307460309354780310159,入账,1.98,聚合账户,货款结算入账,小店自卖,'6925639223857348235,'6925639223857348235,'SS76308045300594120030074,2026-04-16 20:53:03,'3812796426258350389,夏天简约随手盘发一字扭扭夹水钻抓夹高级发夹扭扭后脑勺盘发器,,,普通订单,0.01,0,0,1.98,0,0,0,0,0,0,0,0,-0.01,0,0,0,0,0,0,是-商品卡免佣,0.07,义乌市衍郝电子商务商行,订单结算
2026-04-23 07:46:21,'2026042307461505381985340159,入账,4.27,聚合账户,货款结算入账,小店自卖,'6952147743539991927,'6952147743539991927,'SS76308203989170304270125,2026-04-17 13:34:37,'3787155091312738751,巨显发量新款网红手工气质香蕉夹发夹森系轻奢缎面发抓黑色抓夹,,,普通订单,3.02,0,0,1.48,0,0,0,0,0,0,0,0,-0.23,0,0,0,0,0,0,,0,义乌市衍郝电子商务商行,订单结算
2026-04-23 07:46:21,'2026042307461804699100590159,入账,3.89,聚合账户,货款结算入账,小店自卖,'6952163916056106245,'6952163916056106245,'SS76306626255890516980196,2026-04-17 21:15:45,'3813158348195496156,公主发夹波点蝴蝶结夹小众香蕉2026新款发饰发卡洋气双排头花夹子,,,普通订单,0.01,0,0,3.9,0,0,0,0,0,0,0,0,-0.02,0,0,0,0,0,0,是-商品卡免佣,0.15,义乌市衍郝电子商务商行,订单结算
2026-04-23 07:46:21,'2026042307461719717168980159,入账,3.32,聚合账户,货款结算入账,小店自卖,'6925554314408263633,'6925554314408263633,'SS76306666008675497420220,2026-04-12 21:54:41,'3806655969480540177,米菲兔巨显发量香蕉兔子后脑勺盘发百搭少女发饰时尚可爱波点大号,,,普通订单,0.01,0,0,3.48,0,0,0,0,0,0,0,0,-0.17,0,0,0,0,0,0,,0,义乌市衍郝电子商务商行,订单结算
2026-04-23 07:46:21,'2026042307461702438761380159,入账,2.75,聚合账户,货款结算入账,小店自卖,'6951879374148539925,'6951879374148539925,'SS76306638759905692430166,2026-04-07 17:47:05,'3811094049524416689,韩国时尚高级感印花大肠发圈女2026新款气质马尾皮筋弹力耐用头绳,,,普通订单,0.01,0,0,2.89,0,0,0,0,0,0,0,0,-0.15,0,0,0,0,0,0,,0,义乌市衍郝电子商务商行,订单结算
2026-04-23 07:46:21,'2026042307461802105019240159,入账,5.74,聚合账户,货款结算入账,小店自卖,'6952136289253267119,'6952136289253267119,'SS76307844901596534260062,2026-04-17 09:33:08,'3812240028327870813,粉色双面蝴蝶结香蕉夹竖夹超温柔!气质高马尾发夹后脑勺发夹发饰,,,普通订单,0.77,0,0,5,0,0,0,0,0,0,0,0,-0.03,0,0,0,0,0,0,是-商品卡免佣,0.22,义乌市衍郝电子商务商行,订单结算
2026-04-23 07:46:35,'2026042307463031715497300159,入账,5.75,聚合账户,货款结算入账,小店自卖,'6925639597092405221,'6925639597092405221,'SS76308257636877929370149,2026-04-16 23:14:07,'3812240028327870813,粉色双面蝴蝶结香蕉夹竖夹超温柔!气质高马尾发夹后脑勺发夹发饰,,,普通订单,3.05,0,0,3,0,0,0,0,0,0,0,0,-0.3,0,0,0,0,0,0,,0,义乌市衍郝电子商务商行,订单结算
2026-04-23 07:46:35,'2026042307463212723653180159,入账,3.12,聚合账户,货款结算入账,小店自卖,'6952039335800738972,'6952039335800738972,'SS76307502193660075880076,2026-04-13 12:54:51,'3806655969480540177,米菲兔巨显发量香蕉兔子后脑勺盘发百搭少女发饰时尚可爱波点大号,,,普通订单,0.01,0,0,3.13,0,0,0,0,0,0,0,0,-0.02,0,0,0,0,0,0,是-商品卡免佣,0.15,义乌市衍郝电子商务商行,订单结算
2026-04-23 07:46:35,'2026042307463104667968410159,入账,2.83,聚合账户,货款结算入账,小店自卖,'6952141854079456831,'6952141854079456831,'SS76308329115956516100192,2026-04-17 20:31:31,'3812240028327870813,粉色双面蝴蝶结香蕉夹竖夹超温柔!气质高马尾发夹后脑勺发夹发饰,,,普通订单,0.01,0,0,2.97,0,0,0,0,0,0,0,0,-0.15,0,0,0,0,0,0,,0,义乌市衍郝电子商务商行,订单结算
2026-04-23 07:46:35,'2026042307463110830157200159,入账,3.32,聚合账户,货款结算入账,小店自卖,'6925560152521604096,'6925560152521604096,'SS76306665368266511460061,2026-04-12 21:04:34,'3806655969480540177,米菲兔巨显发量香蕉兔子后脑勺盘发百搭少女发饰时尚可爱波点大号,,,普通订单,3.47,0,0,0.02,0,0,0,0,0,0,0,0,-0.17,0,0,0,0,0,0,,0,义乌市衍郝电子商务商行,订单结算
2026-04-23 07:46:35,'2026042307463025011820060159,入账,2.96,聚合账户,货款结算入账,小店自卖,'6952139291010602662,'6952139291010602662,'SS76307394403122263440154,2026-04-17 21:02:10,'3812240028327870813,粉色双面蝴蝶结香蕉夹竖夹超温柔!气质高马尾发夹后脑勺发夹发饰,,,普通订单,0.01,0,0,2.97,0,0,0,0,0,0,0,0,-0.02,0,0,0,0,0,0,是-商品卡免佣,0.15,义乌市衍郝电子商务商行,订单结算
2026-04-23 07:47:26,'2026042307472305713436620159,入账,2.83,聚合账户,货款结算入账,小店自卖,'6925673086886051087,'6925673086886051087,'SS76307568632065070480201,2026-04-18 10:32:35,'3812795676727836686,趣味黑皮可爱KT猫咪刘海贴碎发整理神器魔术贴无痕发夹女头饰发饰,,,普通订单,0.01,0,0,2.84,0,0,0,0,0,0,0,0,-0.02,0,0,0,0,0,0,是-商品卡免佣,0.15,义乌市衍郝电子商务商行,订单结算
2026-04-23 07:47:26,'2026042307472224079900160159,入账,9.48,聚合账户,货款结算入账,小店自卖,'6952020624717518383,'6952020624717518383,'SS76306294403677069260165,2026-04-12 18:26:12,'3809625164249956608,孕妇专用防滑拖鞋女士夏季家居家室内静音浴室洗澡防臭凉拖鞋外穿,,,普通订单,6.98,0,0,3,0,0,0,0,0,0,0,0,-0.5,0,0,0,0,0,0,,0,义乌市衍郝电子商务商行,订单结算
2026-04-23 07:47:26,'2026042307472207862891930159,入账,4.46,聚合账户,货款结算入账,小店自卖,'6952025145226041021,'6952025145226041021,'SS76306417653516705740179,2026-04-12 22:46:45,'3809625164249956608,孕妇专用防滑拖鞋女士夏季家居家室内静音浴室洗澡防臭凉拖鞋外穿,,,普通订单,0.01,0,0,4.48,0,0,0,0,0,0,0,0,-0.03,0,0,0,0,0,0,是-商品卡免佣,0.22,义乌市衍郝电子商务商行,订单结算
2026-04-23 07:47:26,'2026042307472127105367670159,入账,12.72,聚合账户,货款结算入账,小店自卖,'6952164695590115009,'6952164695590115009,'SS76308407274777812830080,2026-04-18 11:31:37,'3810919823941174195,中式复古洋气多层小蛮腰褶皱印花肥肠圈高端水墨皮筋耐用新款发圈,,,普通订单,12.8,0,0,0,0,0,0,0,0,0,0,0,-0.08,0,0,0,0,0,0,是-商品卡免佣,0.59,义乌市衍郝电子商务商行,订单结算
2026-04-23 07:47:26,'2026042307472314286686810159,入账,5.69,聚合账户,货款结算入账,小店自卖,'6925548399101837154,'6925548399101837154,'SS76306671371027582070015,2026-04-12 15:15:51,'3799223154979766395,印花小熊防滑防臭抑菌拖鞋女士2026新款夏季浴室情侣家用凉拖男士,,,普通订单,5.51,0,0,0.48,0,0,0,0,0,0,0,0,-0.3,0,0,0,0,0,0,,0,义乌市衍郝电子商务商行,订单结算
2026-04-23 07:47:39,'2026042307473503829437950159,入账,3.23,聚合账户,货款结算入账,小店自卖,'6925543200623787558,'6925543200623787558,'SS76306420922775150140065,2026-04-13 05:34:14,'3809975766641410463,高级感水钻珠珠一字扭扭夹2026新款盘发抓夹后脑勺发量多发夹头饰,,,普通订单,0.65,0,0,2.6,0,0,0,0,0,0,0,0,-0.02,0,0,0,0,0,0,是-商品卡免佣,0.15,义乌市衍郝电子商务商行,订单结算
2026-04-23 07:47:40,'2026042307473607720678500159,入账,8.45,聚合账户,货款结算入账,小店自卖,'6925663512427658389,'6925663512427658389,'SS76307661018988590600230,2026-04-17 21:58:51,'3809632216561090850,买一送一拖鞋男款外出耐穿夏天居家用室内厚底防滑防臭男女凉托鞋,,,普通订单,4.5,0,0,4,0,0,0,0,0,0,0,0,-0.05,0,0,0,0,0,0,是-商品卡免佣,0.37,义乌市衍郝电子商务商行,订单结算
2026-04-23 07:47:40,'2026042307473509574978900159,入账,3.47,聚合账户,货款结算入账,小店自卖,'6952133979379865513,'6952133979379865513,'SS76307047491888586580031,2026-04-16 23:42:02,'3806655969480540177,米菲兔巨显发量香蕉兔子后脑勺盘发百搭少女发饰时尚可爱波点大号,,,普通订单,0.01,0,0,3.48,0,0,0,0,0,0,0,0,-0.02,0,0,0,0,0,0,是-商品卡免佣,0.15,义乌市衍郝电子商务商行,订单结算
2026-04-23 07:47:40,'2026042307473430212756740159,入账,8.45,聚合账户,货款结算入账,小店自卖,'6925540106264018698,'6925540106264018698,'SS76306426002445929590033,2026-04-12 19:31:07,'3800198492568289686,买一送一爆款凉拖鞋男士夏季情侣2026新款家居防滑防臭厚底拖鞋女,,,普通订单,6.53,0,0,2.37,0,0,0,0,0,0,0,0,-0.45,0,0,0,0,0,0,,0,义乌市衍郝电子商务商行,订单结算
2026-04-23 07:47:40,'2026042307473508563919360159,入账,4.27,聚合账户,货款结算入账,小店自卖,'6951877714204497755,'6951877714204497755,'SS76267152261011379560095,2026-04-07 21:46:30,'3811094049524416689,韩国时尚高级感印花大肠发圈女2026新款气质马尾皮筋弹力耐用头绳,,,普通订单,2.07,0,0,2.93,0,0,0,0,0,0,0,-0.5,-0.23,0,0,0,0,0,0,,0,义乌市衍郝电子商务商行,订单结算
2026-04-23 07:47:57,'2026042307475323615414170159,入账,7.5,聚合账户,货款结算入账,小店自卖,'6952005256873251871,'6952005256873251871,'SS76306667200273781850238,2026-04-12 21:06:41,'3810919823941174195,中式复古洋气多层小蛮腰褶皱印花肥肠圈高端水墨皮筋耐用新款发圈,,,普通订单,7.55,0,0,0,0,0,0,0,0,0,0,0,-0.05,0,0,0,0,0,0,是-商品卡免佣,0.37,义乌市衍郝电子商务商行,订单结算
2026-04-23 07:47:57,'2026042307475125168453550159,入账,3.36,聚合账户,货款结算入账,小店自卖,'6952038694015079585,'6952038694015079585,'SS76306605000156121600084,2026-04-13 02:35:55,'3812796426258350389,夏天简约随手盘发一字扭扭夹水钻抓夹高级发夹扭扭后脑勺盘发器,,,普通订单,3.38,0,0,0,0,0,0,0,0,0,0,0,-0.02,0,0,0,0,0,0,是-商品卡免佣,0.15,义乌市衍郝电子商务商行,订单结算
2026-04-23 07:47:57,'2026042307475413677207670159,入账,2.88,聚合账户,货款结算入账,小店自卖,'6952139364537669093,'6952139364537669093,'SS76308268152715845460236,2026-04-17 21:59:22,'3624663735848837608,复古盘发夹子鸭嘴抓夹高弹力发带橡皮皮筋扎头绳可爱折叠头发卡子,,,普通订单,4.4,0,0,0,0,0,0,0,0,0,0,-1.5,-0.02,0,0,0,0,0,0,是-商品卡免佣,0.15,义乌市衍郝电子商务商行,订单结算
2026-04-23 07:47:57,'2026042307475307140152720159,入账,2.96,聚合账户,货款结算入账,小店自卖,'6925680002761784636,'6925680002761784636,'SS76307077558676239880200,2026-04-18 13:06:58,'3812240028327870813,粉色双面蝴蝶结香蕉夹竖夹超温柔!气质高马尾发夹后脑勺发夹发饰,,,普通订单,0.01,0,0,2.97,0,0,0,0,0,0,0,0,-0.02,0,0,0,0,0,0,是-商品卡免佣,0.15,义乌市衍郝电子商务商行,订单结算
2026-04-23 07:47:57,'2026042307475334588101470159,入账,5.03,聚合账户,货款结算入账,小店自卖,'6925689857444445679,'6925689857444445679,'SS76306515666218357910121,2026-04-18 08:47:26,'3809625164249956608,孕妇专用防滑拖鞋女士夏季家居家室内静音浴室洗澡防臭凉拖鞋外穿,,,普通订单,5.29,0,0,0,0,0,0,0,0,0,0,0,-0.26,0,0,0,0,0,0,,0,义乌市衍郝电子商务商行,订单结算
2026-04-23 07:47:57,'2026042307475334069548040159,入账,4.84,聚合账户,货款结算入账,小店自卖,'6925559868200943527,'6925559868200943527,'SS76307406454411801980194,2026-04-13 14:17:38,'3776807804489302292,豹纹ins爱心发夹女一字夹高端碎发前额刘大号在成人前额碎发夹子,,,普通订单,0.77,0,0,4.33,0,0,0,0,0,0,0,0,-0.26,0,0,0,0,0,0,,0,义乌市衍郝电子商务商行,订单结算
2026-04-23 07:47:57,'2026042307475406174479770159,入账,9.69,聚合账户,货款结算入账,小店自卖,'6952033942053590502,'6952033942053590502,'SS76306667641761347080157,2026-04-12 22:00:31,'3806648290204844347,秋冬复古ins彩虹格子蝴蝶结大肠头绳发圈丸子2026马尾发绳新款女,,,普通订单,9.75,0,0,0,0,0,0,0,0,0,0,0,-0.06,0,0,0,0,0,0,是-商品卡免佣,0.44,义乌市衍郝电子商务商行,订单结算
2026-04-23 07:47:57,'2026042307475418473989530159,入账,4.96,聚合账户,货款结算入账,小店自卖,'6952031647114597410,'6952031647114597410,'SS76306423620662730620102,2026-04-12 21:38:32,'3809625164249956608,孕妇专用防滑拖鞋女士夏季家居家室内静音浴室洗澡防臭凉拖鞋外穿,,,普通订单,4.99,0,0,0,0,0,0,0,0,0,0,0,-0.03,0,0,0,0,0,0,是-商品卡免佣,0.22,义乌市衍郝电子商务商行,订单结算
2026-04-23 07:47:57,'2026042307475320977748630159,入账,6.09,聚合账户,货款结算入账,小店自卖,'6925551951788211478,'6925551951788211478,'SS76306668513807119790044,2026-04-12 22:08:13,'3752323576548688241,中国风孔雀盘发器女生古典旗袍发饰丸子懒人高级感饰品优雅发夹女,,,普通订单,6.41,0,0,0,0,0,0,0,0,0,0,0,-0.32,0,0,0,0,0,0,,0,义乌市衍郝电子商务商行,订单结算
2026-04-23 07:47:57,'2026042307475423827909180159,入账,2.4,聚合账户,货款结算入账,小店自卖,'6951906851873952889,'6951906851873952889,'SS76307009685155722670091,2026-04-08 10:57:27,'3773306841304531071,2025新款高端盘发夹子头饰发夹鲨鱼夹发饰气质黑色高级感抓夹女,,,普通订单,0.53,0,0,2,0,0,0,0,0,0,0,0,-0.13,0,0,0,0,0,0,,0,义乌市衍郝电子商务商行,订单结算
2026-04-23 07:47:58,'2026042307475432843210500159,入账,1.79,聚合账户,货款结算入账,小店自卖,'6925611826301599388,'6925611826301599388,'SS76306810362138796040047,2026-04-15 21:04:03,'3811106461837295881,新款五角星发夹发扣韩国少女甜美甜酷侧边夹顶刘海前额固定卡子,,,普通订单,0.01,0,0,1.79,0,0,0,0,0,0,0,0,-0.01,0,0,0,0,0,0,是-商品卡免佣,0.07,义乌市衍郝电子商务商行,订单结算
2026-04-23 07:47:58,'2026042307475500102282330159,入账,4.35,聚合账户,货款结算入账,小店自卖,'6925542653902552712,'6925542653902552712,'SS76306667383126264580019,2026-04-12 22:05:23,'3811083906791374873,懒人扎高马尾不塌神器啪啪圈发圈头绳显发量丸子头不伤发发绳头饰,,,普通订单,4.38,0,0,0,0,0,0,0,0,0,0,0,-0.03,0,0,0,0,0,0,是-商品卡免佣,0.22,义乌市衍郝电子商务商行,订单结算
2026-04-23 07:47:58,'2026042307475333441756590159,入账,5.26,聚合账户,货款结算入账,小店自卖,'6952137129122666432,'6952137129122666432,'SS76307164097989020790185,2026-04-17 18:57:45,'3809625164249956608,孕妇专用防滑拖鞋女士夏季家居家室内静音浴室洗澡防臭凉拖鞋外穿,,,普通订单,0.29,0,0,5,0,0,0,0,0,0,0,0,-0.03,0,0,0,0,0,0,是-商品卡免佣,0.22,义乌市衍郝电子商务商行,订单结算
2026-04-23 07:47:58,'2026042307475341073052570159,入账,3.63,聚合账户,货款结算入账,小店自卖,'6952156072774997736,'6952156072774997736,'SS76307913484444022220101,2026-04-18 09:25:25,'3812994604597379368,韩系重工藏青色爱心蕾丝四层大肠发圈女高级感超大扎头发头绳头饰,,,普通订单,0.01,0,0,3.64,0,0,0,0,0,0,0,0,-0.02,0,0,0,0,0,0,是-商品卡免佣,0.15,义乌市衍郝电子商务商行,订单结算
2026-04-23 07:47:58,'2026042307475132322074030159,入账,4.96,聚合账户,货款结算入账,小店自卖,'6952002904653764154,'6952002904653764154,'SS76306671820363860980040,2026-04-12 17:22:48,'3809625164249956608,孕妇专用防滑拖鞋女士夏季家居家室内静音浴室洗澡防臭凉拖鞋外穿,,,普通订单,4.99,0,0,0,0,0,0,0,0,0,0,0,-0.03,0,0,0,0,0,0,是-商品卡免佣,0.22,义乌市衍郝电子商务商行,订单结算
2026-04-23 07:48:13,'2026042307480904728304790159,入账,2.86,聚合账户,货款结算入账,小店自卖,'6925637189113773348,'6925637189113773348,'SS76307102372045132990099,2026-04-16 14:25:54,'3797749369206342546,豹纹大肠发圈高级小众手工韩国新款头绳编织显发量马尾丸子头发绳,,,普通订单,2.88,0,0,0,0,0,0,0,0,0,0,0,-0.02,0,0,0,0,0,0,是-商品卡免佣,0.15,义乌市衍郝电子商务商行,订单结算
2026-04-23 07:48:13,'2026042307481023557578740159,入账,8.85,聚合账户,货款结算入账,小店自卖,'6952028286138521574,'6952028286138521574,'SS76307389273767818700039,2026-04-13 10:51:46,'3800198492568289686,买一送一爆款凉拖鞋男士夏季情侣2026新款家居防滑防臭厚底拖鞋女,,,普通订单,8.9,0,0,0,0,0,0,0,0,0,0,0,-0.05,0,0,0,0,0,0,是-商品卡免佣,0.37,义乌市衍郝电子商务商行,订单结算
2026-04-23 07:48:13,'2026042307481035612429060159,入账,3.83,聚合账户,货款结算入账,小店自卖,'6925548219117895532,'6925548219117895532,'SS76307050060752164360187,2026-04-13 12:49:05,'3809056869209735557,蝴蝶结发带女2026新款飘带头绳大肠发圈高级感扎头发皮筋发绳发饰,,,普通订单,3.85,0.3,0,0,0,0,0,0,0,0,0,0,-0.02,0,0,0,0,0,0,是-商品卡免佣,0.15,义乌市衍郝电子商务商行,订单结算
2026-04-23 07:48:13,'2026042307480832511101820159,入账,2.2,聚合账户,货款结算入账,小店自卖,'6952144009197459034,'6952144009197459034,'SS76308070123595369300170,2026-04-17 23:53:41,'3812240028327870813,粉色双面蝴蝶结香蕉夹竖夹超温柔!气质高马尾发夹后脑勺发夹发饰,,,普通订单,0.01,0,0,2.2,0,0,0,0,0,0,0,0,-0.01,0,0,0,0,0,0,是-商品卡免佣,0.07,义乌市衍郝电子商务商行,订单结算
2026-04-23 07:48:14,'2026042307481010258724260159,入账,2.97,聚合账户,货款结算入账,小店自卖,'6952024918982989382,'6952024918982989382,'SS76306667046502733320113,2026-04-12 21:33:22,'3784025743923740805,韩国气质精致百搭炫彩闪钻少女侧边夹刘大号在成人前额碎发夹子,,,普通订单,2.99,0,0,0,0,0,0,0,0,0,0,0,-0.02,0,0,0,0,0,0,是-商品卡免佣,0.15,义乌市衍郝电子商务商行,订单结算
2026-04-23 07:48:14,'2026042307480938810913430159,入账,2.83,聚合账户,货款结算入账,小店自卖,'6925572408785796814,'6925572408785796814,'SS76307378587454182750126,2026-04-13 14:08:49,'3812961166053999319,ins爆款卡通蓬松夹鸭嘴夹一字夹化妆发夹超萌可爱猫咪少女刘海夹,,,普通订单,0.01,0,0,2.97,0,0,0,0,0,0,0,0,-0.15,0,0,0,0,0,0,,0,义乌市衍郝电子商务商行,订单结算
2026-04-23 07:48:14,'2026042307481019587571600159,入账,4.94,聚合账户,货款结算入账,小店自卖,'6952157636435580859,'6952157636435580859,'SS76307028930074713940219,2026-04-17 23:47:18,'3786041765065261505,高级感水钻金属发扣刘海发夹女前额侧边夹子网红同款洋气发卡发饰,,,普通订单,4.97,0,0,0,0,0,0,0,0,0,0,0,-0.03,0,0,0,0,0,0,是-商品卡免佣,0.22,义乌市衍郝电子商务商行,订单结算
2026-04-23 07:48:14,'2026042307480941413353460159,入账,7.38,聚合账户,货款结算入账,小店自卖,'6925662911651216412,'6925662911650954268,'SS76307723642774001040013,2026-04-17 16:57:14,'3813152773302780175,柔软泡泡纱韩国粉色碎花大肠发圈超大号高级仙气丸子慵懒头绳发饰,,,普通订单,7.42,0,0,0,0,0,0,0,0,0,0,0,-0.04,0,0,0,0,0,0,是-商品卡免佣,0.29,义乌市衍郝电子商务商行,订单结算
2026-04-23 07:48:14,'2026042307481031763013750159,入账,3.93,聚合账户,货款结算入账,小店自卖,'6952046801630401550,'6952046801630401550,'SS76307774667347075020102,2026-04-13 21:10:12,'3807576505576456267,可爱蝴蝶结小猫无痕刘海魔术发饰少女前额星星kt侧边发贴整理神器,,,普通订单,3.95,0,0,0,0,0,0,0,0,0,0,0,-0.02,0,0,0,0,0,0,是-商品卡免佣,0.15,义乌市衍郝电子商务商行,订单结算
2026-04-23 07:48:14,'2026042307481036040586430159,入账,4.65,聚合账户,货款结算入账,小店自卖,'6952021657011165110,'6952021657011165110,'SS76306425890508807830144,2026-04-13 08:23:26,'3800198492568289686,买一送一爆款凉拖鞋男士夏季情侣2026新款家居防滑防臭厚底拖鞋女,,,普通订单,4.9,0,0,0,0,0,0,0,0,0,0,0,-0.25,0,0,0,0,0,0,,0,义乌市衍郝电子商务商行,订单结算
2026-04-23 07:48:14,'2026042307481035400092260159,入账,4.04,聚合账户,货款结算入账,小店自卖,'6925199235900472675,'6925199235900472675,'SS76306678985920885910202,2026-03-28 15:12:28,'3622101757909408748,潮流男士发箍无痕皮筋发夹大肠发圈头顶橡皮压发成人发卡男士耐用,,,普通订单,4.06,0,0,0,0,0,0,0,0,0,0,0,-0.02,0,0,0,0,0,0,是-商品卡免佣,0.15,义乌市衍郝电子商务商行,订单结算
2026-04-23 07:48:14,'2026042307481037419748030159,入账,3.42,聚合账户,货款结算入账,小店自卖,'6952187363991950547,'6952187363991950547,'SS76307902092526881630124,2026-04-18 15:30:09,'3782304295328809090,黑色大号抓夹2025新款后脑勺盘发鲨鱼夹发大号在成人大号毛绒鲨鱼,,,普通订单,3.6,0,0,0,0,0,0,0,0,0,0,0,-0.18,0,0,0,0,0,0,,0,义乌市衍郝电子商务商行,订单结算
2026-04-23 07:48:14,'2026042307480928615314280159,入账,6.46,聚合账户,货款结算入账,小店自卖,'6952149907300881590,'6952149907300881590,'SS76308612052590924950108,2026-04-17 13:46:42,'3812240028327870813,粉色双面蝴蝶结香蕉夹竖夹超温柔!气质高马尾发夹后脑勺发夹发饰,,,普通订单,6.5,0,0,0,0,0,0,0,0,0,0,0,-0.04,0,0,0,0,0,0,是-商品卡免佣,0.29,义乌市衍郝电子商务商行,订单结算
2026-04-23 07:48:14,'2026042307481024381693950159,入账,2.96,聚合账户,货款结算入账,小店自卖,'6925543251175767219,'6925543251175767219,'SS76306673071861151230010,2026-04-13 07:03:00,'3812961166053999319,ins爆款卡通蓬松夹鸭嘴夹一字夹化妆发夹超萌可爱猫咪少女刘海夹,,,普通订单,2.98,0,0,0,0,0,0,0,0,0,0,0,-0.02,0,0,0,0,0,0,是-商品卡免佣,0.15,义乌市衍郝电子商务商行,订单结算
2026-04-23 07:48:30,'2026042307482631340305920159,入账,3.23,聚合账户,货款结算入账,小店自卖,'6952023259727795873,'6952023259727795873,'SS76306606346459062160120,2026-04-13 03:28:40,'3809975766641410463,高级感水钻珠珠一字扭扭夹2026新款盘发抓夹后脑勺发量多发夹头饰,,,普通订单,3.25,0,0,0,0,0,0,0,0,0,0,0,-0.02,0,0,0,0,0,0,是-商品卡免佣,0.15,义乌市衍郝电子商务商行,订单结算
2026-04-23 07:48:30,'2026042307482619549069150159,入账,3.78,聚合账户,货款结算入账,小店自卖,'6952012021075940812,'6952012021075940812,'SS76307017673323156630205,2026-04-12 20:38:44,'3783078074455819331,法式黑色缎面蝴蝶结抓夹女高级感2025新款大号在成人前额碎发夹子,,,普通订单,3.8,0,0,0,0,0,0,0,0,0,0,0,-0.02,0,0,0,0,0,0,是-商品卡免佣,0.15,义乌市衍郝电子商务商行,订单结算
2026-04-23 07:48:30,'2026042307482739150720460159,入账,4.74,聚合账户,货款结算入账,小店自卖,'6925558876756016469,'6925558876756016469,'SS76306421951504386990118,2026-04-13 07:11:00,'3809625164249956608,孕妇专用防滑拖鞋女士夏季家居家室内静音浴室洗澡防臭凉拖鞋外穿,,,普通订单,4.99,0,0,0,0,0,0,0,0,0,0,0,-0.25,0,0,0,0,0,0,,0,义乌市衍郝电子商务商行,订单结算
2026-04-23 07:48:30,'2026042307482625177300940159,入账,3.87,聚合账户,货款结算入账,小店自卖,'6925556755789675611,'6925556755789675611,'SS76306997142706915930112,2026-04-13 08:47:19,'3811861106843059086,山茶花朵7cm小抓夹花朵抓夹玫瑰花森女小清新夏季花抓夹森系干枯,,,普通订单,3.89,0,0,0,0,0,0,0,0,0,0,0,-0.02,0,0,0,0,0,0,是-商品卡免佣,0.15,义乌市衍郝电子商务商行,订单结算
2026-04-23 07:48:30,'2026042307482634953628430159,入账,8.25,聚合账户,货款结算入账,小店自卖,'6925172958474698633,'6925172958474436489,'SS76307692540989120190168,2026-03-28 11:57:25,'3809971907470688603,2026新款高级牡丹花流苏毛毛抓夹后脑勺显发量鲨鱼头饰古风发夹,,,普通订单,8.3,0,0,0,0,0,0,0,0,0,0,0,-0.05,0,0,0,0,0,0,是-商品卡免佣,0.37,义乌市衍郝电子商务商行,订单结算
2026-04-23 07:48:30,'2026042307482714569152090159,入账,3.89,聚合账户,货款结算入账,小店自卖,'6925681355100094164,'6925681355100094164,'SS76306850474875622750212,2026-04-18 06:21:55,'3813158348195496156,公主发夹波点蝴蝶结夹小众香蕉2026新款发饰发卡洋气双排头花夹子,,,普通订单,0.91,0,0,3,0,0,0,0,0,0,0,0,-0.02,0,0,0,0,0,0,是-商品卡免佣,0.15,义乌市衍郝电子商务商行,订单结算
2026-04-23 07:48:30,'2026042307482639357158660159,入账,8.6,聚合账户,货款结算入账,小店自卖,'6925613286853803860,'6925613286853803860,'SS76307027293417971260030,2026-04-15 14:44:56,'3810919823941174195,中式复古洋气多层小蛮腰褶皱印花肥肠圈高端水墨皮筋耐用新款发圈,,,普通订单,9.65,0,0,0,0,0,0,0,0,0,0,-1,-0.05,0,0,0,0,0,0,是-商品卡免佣,0.37,义乌市衍郝电子商务商行,订单结算
2026-04-23 07:48:30,'2026042307482610743649620159,入账,4.87,聚合账户,货款结算入账,小店自卖,'6952011938532758612,'6952011938532758612,'SS76306427847502075300193,2026-04-12 20:06:14,'3800198492568289686,买一送一爆款凉拖鞋男士夏季情侣2026新款家居防滑防臭厚底拖鞋女,,,普通订单,4.9,0,0,0,0,0,0,0,0,0,0,0,-0.03,0,0,0,0,0,0,是-商品卡免佣,0.22,义乌市衍郝电子商务商行,订单结算
2026-04-23 07:48:30,'2026042307482702737935820159,入账,2.96,聚合账户,货款结算入账,小店自卖,'6925659796525055173,'6925659796525055173,'SS76307766820919219550169,2026-04-17 01:15:29,'3812961166053999319,ins爆款卡通蓬松夹鸭嘴夹一字夹化妆发夹超萌可爱猫咪少女刘海夹,,,普通订单,2.98,0,0,0,0,0,0,0,0,0,0,0,-0.02,0,0,0,0,0,0,是-商品卡免佣,0.15,义乌市衍郝电子商务商行,订单结算
2026-04-23 07:48:30,'2026042307482612038149270159,入账,2.42,聚合账户,货款结算入账,小店自卖,'6952166966318208441,'6952166966318208441,'SS76307340096560502110190,2026-04-18 10:07:31,'3767675591411761485,显白牛油果绿系列小丝巾缠包模特搭配装饰品丝带绑红色蝴蝶结发饰,,,普通订单,2.43,0.5,0,0,0,0,0,0,0,0,0,0,-0.01,0,0,0,0,0,0,是-商品卡免佣,0.07,义乌市衍郝电子商务商行,订单结算
2026-04-23 07:48:45,'2026042307484004057175440159,入账,8.45,聚合账户,货款结算入账,小店自卖,'6952028026078893309,'6952028026078893309,'SS76306671908073802740067,2026-04-13 08:41:59,'3800198492568289686,买一送一爆款凉拖鞋男士夏季情侣2026新款家居防滑防臭厚底拖鞋女,,,普通订单,8.9,0,0,0,0,0,0,0,0,0,0,0,-0.45,0,0,0,0,0,0,,0,义乌市衍郝电子商务商行,订单结算
2026-04-23 07:48:45,'2026042307484120812439040159,入账,4.96,聚合账户,货款结算入账,小店自卖,'6952021573925213803,'6952021573925213803,'SS76306419122496640380234,2026-04-13 08:31:30,'3809625164249956608,孕妇专用防滑拖鞋女士夏季家居家室内静音浴室洗澡防臭凉拖鞋外穿,,,普通订单,4.99,0,0,0,0,0,0,0,0,0,0,0,-0.03,0,0,0,0,0,0,是-商品卡免佣,0.22,义乌市衍郝电子商务商行,订单结算
2026-04-23 07:48:45,'2026042307484031550837850159,入账,4.33,聚合账户,货款结算入账,小店自卖,'6925661262582677193,'6925661262582677193,'SS76307491583836495760085,2026-04-17 17:05:09,'3771212230868206151,元气少女~可爱大眼仔毛绒发箍女搞怪敷面膜发卡洗脸拍照头箍发饰,,,普通订单,4.36,0,0,0,0,0,0,0,0,0,0,0,-0.03,0,0,0,0,0,0,是-商品卡免佣,0.22,义乌市衍郝电子商务商行,订单结算
2026-04-23 07:48:45,'2026042307484041382712780159,入账,5.65,聚合账户,货款结算入账,小店自卖,'6925542370689514693,'6925542370689514693,'SS76306631153243102810128,2026-04-12 20:26:09,'3782888475330740360,可爱毛绒米菲兔大号魔术贴卡通hellokitty发饰刘海碎发刘海贴神器,,,普通订单,5.68,0.3,0,0,0,0,0,0,0,0,0,0,-0.03,0,0,0,0,0,0,是-商品卡免佣,0.22,义乌市衍郝电子商务商行,订单结算
2026-04-23 07:48:45,'2026042307484129086234110159,入账,5.26,聚合账户,货款结算入账,小店自卖,'6925653967741943608,'6925653967741943608,'SS76306521576253852700238,2026-04-17 09:58:04,'3809625164249956608,孕妇专用防滑拖鞋女士夏季家居家室内静音浴室洗澡防臭凉拖鞋外穿,,,普通订单,5.29,0,0,0,0,0,0,0,0,0,0,0,-0.03,0,0,0,0,0,0,是-商品卡免佣,0.22,义乌市衍郝电子商务商行,订单结算
2026-04-23 07:49:00,'2026042307485733957484030159,入账,5.3,聚合账户,货款结算入账,小店自卖,'6925542048277233031,'6925542048277233031,'SS76306666398235571660105,2026-04-12 17:55:38,'3784186729943138333,韩系ins风可爱小狗蕾丝花边蝴蝶结大肠发圈甜美黑色高级大肠发圈,,,普通订单,5.58,0,0,0,0,0,0,0,0,0,0,0,-0.28,0,0,0,0,0,0,,0,义乌市衍郝电子商务商行,订单结算
2026-04-23 07:49:00,'2026042307485639645356020159,入账,3.63,聚合账户,货款结算入账,小店自卖,'6925540653239336646,'6925540653239336646,'SS76306668167927892890208,2026-04-12 22:26:12,'3798679044816503235,秋冬花朵鸭嘴夹女2026新款高级感后脑勺盘发一字夹子大号发夹头饰,,,普通订单,3.65,0,0,0,0,0,0,0,0,0,0,0,-0.02,0,0,0,0,0,0,是-商品卡免佣,0.15,义乌市衍郝电子商务商行,订单结算
2026-04-23 07:49:00,'2026042307485634487175680159,入账,4.74,聚合账户,货款结算入账,小店自卖,'6952027953248343329,'6952027953248343329,'SS76306424104822584950092,2026-04-13 06:48:38,'3809625164249956608,孕妇专用防滑拖鞋女士夏季家居家室内静音浴室洗澡防臭凉拖鞋外穿,,,普通订单,4.99,0,0,0,0,0,0,0,0,0,0,0,-0.25,0,0,0,0,0,0,,0,义乌市衍郝电子商务商行,订单结算
2026-04-23 07:49:00,'2026042307485540445875720159,入账,5.21,聚合账户,货款结算入账,小店自卖,'6952007528548865481,'6952007528548865481,'SS76306667304483719770133,2026-04-12 22:04:52,'3772290821559288499,爆款洋气有高级感大肠发圈头绳珍珠发圈发绳皮筋扎头发飘带发带,,,普通订单,5.48,0,0,0,0,0,0,0,0,0,0,0,-0.27,0,0,0,0,0,0,,0,义乌市衍郝电子商务商行,订单结算
2026-04-23 07:49:00,'2026042307485623741240320159,入账,6.88,聚合账户,货款结算入账,小店自卖,'6952162894412388113,'6952162894412388113,'SS76308070201988549550237,2026-04-18 12:53:20,'3797749369206342546,豹纹大肠发圈高级小众手工韩国新款头绳编织显发量马尾丸子头发绳,,,普通订单,6.92,0,0,0,0,0,0,0,0,0,0,0,-0.04,0,0,0,0,0,0,是-商品卡免佣,0.29,义乌市衍郝电子商务商行,订单结算
2026-04-23 07:49:17,'2026042307491337129590260159,入账,5.45,聚合账户,货款结算入账,小店自卖,'6952052944978450263,'6952052944978450263,'SS76307407615514588350077,2026-04-13 15:10:21,'3780496264219721853,洋气百搭发饰卡通米菲兔大号香蕉夹后脑勺抓夹高马尾必备可爱头饰,,,普通订单,5.48,0,0,0,0,0,0,0,0,0,0,0,-0.03,0,0,0,0,0,0,是-商品卡免佣,0.22,义乌市衍郝电子商务商行,订单结算
2026-04-23 07:49:17,'2026042307491337647037530159,入账,2.83,聚合账户,货款结算入账,小店自卖,'6952043980285547751,'6952043980285547751,'SS76307256520562980260098,2026-04-13 13:35:58,'3807217918840799504,新款百搭2026可爱小狗香蕉夹竖夹发夹脑勺扭扭夹高马尾抓夹高级感,,,普通订单,2.98,0,0,0,0,0,0,0,0,0,0,0,-0.15,0,0,0,0,0,0,,0,义乌市衍郝电子商务商行,订单结算
2026-04-23 07:49:17,'2026042307491427221734670159,入账,3.47,聚合账户,货款结算入账,小店自卖,'6951890931971004175,'6951890931971004175,'SS76306648356859458710096,2026-04-08 01:34:30,'3806655969480540177,米菲兔巨显发量香蕉兔子后脑勺盘发百搭少女发饰时尚可爱波点大号,,,普通订单,3.49,0,0,0,0,0,0,0,0,0,0,0,-0.02,0,0,0,0,0,0,是-商品卡免佣,0.15,义乌市衍郝电子商务商行,订单结算
2026-04-23 07:49:17,'2026042307491422079124990159,入账,4.28,聚合账户,货款结算入账,小店自卖,'6952077331401675957,'6952077331401675957,'SS76308358894213862860111,2026-04-14 21:42:06,'3675482767761735989,成人碎发发夹大人女大号插梳丸子头黑色发梳发饰夹子韩版头饰发卡,,,普通订单,4.31,0.5,0,0,0,0,0,0,0,0,0,0,-0.03,0,0,0,0,0,0,是-商品卡免佣,0.22,义乌市衍郝电子商务商行,订单结算
2026-04-23 07:49:17,'2026042307491402660480090159,入账,5.17,聚合账户,货款结算入账,小店自卖,'6952153211719456290,'6952153211719456290,'SS76308123586714012260016,2026-04-17 21:32:58,'3812961166053999319,ins爆款卡通蓬松夹鸭嘴夹一字夹化妆发夹超萌可爱猫咪少女刘海夹,,,普通订单,5.2,0,0,0,0,0,0,0,0,0,0,0,-0.03,0,0,0,0,0,0,是-商品卡免佣,0.22,义乌市衍郝电子商务商行,订单结算
2026-04-23 07:49:35,'2026042307493130101714460159,入账,3.76,聚合账户,货款结算入账,小店自卖,'6952030127452525833,'6952030127452525833,'SS76306999935689361980150,2026-04-13 09:58:27,'3776807804489302292,豹纹ins爱心发夹女一字夹高端碎发前额刘大号在成人前额碎发夹子,,,普通订单,3.78,0,0,0,0,0,0,0,0,0,0,0,-0.02,0,0,0,0,0,0,是-商品卡免佣,0.15,义乌市衍郝电子商务商行,订单结算
2026-04-23 07:49:35,'2026042307493132684280780159,入账,3.1,聚合账户,货款结算入账,小店自卖,'6925545618521030215,'6925545618521030215,'SS76306669750273152150118,2026-04-13 08:11:18,'3810393692611674121,小众不规则抓夹大号发量大发夹女后脑勺鲨鱼夹发卡2026新款头饰,,,普通订单,3.12,0,0,0,0,0,0,0,0,0,0,0,-0.02,0,0,0,0,0,0,是-商品卡免佣,0.15,义乌市衍郝电子商务商行,订单结算
2026-04-23 07:49:35,'2026042307493002153354620159,入账,2.96,聚合账户,货款结算入账,小店自卖,'6925672559897836714,'6925672559897836714,'SS76308281171790443610157,2026-04-18 00:51:54,'3812240028327870813,粉色双面蝴蝶结香蕉夹竖夹超温柔!气质高马尾发夹后脑勺发夹发饰,,,普通订单,2.98,0,0,0,0,0,0,0,0,0,0,0,-0.02,0,0,0,0,0,0,是-商品卡免佣,0.15,义乌市衍郝电子商务商行,订单结算
2026-04-23 07:49:35,'2026042307493200757931610159,入账,2.77,聚合账户,货款结算入账,小店自卖,'6925671368591506819,'6925671368591506819,'SS76307165252006098010085,2026-04-17 14:33:14,'3807235160995398024,甜美闪钻豹纹猫咪发夹女碎发刘海夹子ins新款高端头饰鸭嘴夹边夹,,,普通订单,4.79,0,0,0,0,0,0,0,0,0,0,-2,-0.02,0,0,0,0,0,0,是-商品卡免佣,0.15,义乌市衍郝电子商务商行,订单结算
2026-04-23 07:49:35,'2026042307493122580759100159,入账,17.85,聚合账户,货款结算入账,小店自卖,'6952041476519499407,'6952041476519237263,'SS76306851557705856150021,2026-04-13 13:11:09,'3812994604597379368,韩系重工藏青色爱心蕾丝四层大肠发圈女高级感超大扎头发头绳头饰,,,普通订单,17.96,0,0,0,0,0,0,0,0,0,0,0,-0.11,0,0,0,0,0,0,是-商品卡免佣,0.81,义乌市衍郝电子商务商行,订单结算
2026-04-23 07:49:40,'2026042307493707972500740159,入账,26.74,聚合账户,货款结算入账,小店自卖,'6925548745287236736,'6925548745287236736,'SS76306666185162918900056,2026-04-12 18:30:19,'3811094049524416689,韩国时尚高级感印花大肠发圈女2026新款气质马尾皮筋弹力耐用头绳,,,普通订单,26.9,0,0,0,0,0,0,0,0,0,0,0,-0.16,0,0,0,0,0,0,是-商品卡免佣,1.17,义乌市衍郝电子商务商行,订单结算
2026-04-23 07:49:46,'2026042307494206346347930159,入账,3.84,聚合账户,货款结算入账,小店自卖,'6925536271375039649,'6925536271375039649,'SS76306669566150948260223,2026-04-12 16:52:48,'3807380871913276292,刘海夹前额碎发夹高级感2026新款鸭嘴夹头饰边夹侧边碎发整理神器,,,普通订单,3.86,0,0,0,0,0,0,0,0,0,0,0,-0.02,0,0,0,0,0,0,是-商品卡免佣,0.15,义乌市衍郝电子商务商行,订单结算
2026-04-23 07:49:47,'2026042307494300559355240159,入账,1.88,聚合账户,货款结算入账,小店自卖,'6952052613571744959,'6952052613571744959,'SS76306998781458847120214,2026-04-13 11:25:16,'3752323855864168814,飘带齿梳发箍波浪高颅顶高颅顶宫廷编发发箍女复红色蝴蝶结发饰,,,普通订单,1.89,0,0,0,0,0,0,0,0,0,0,0,-0.01,0,0,0,0,0,0,是-商品卡免佣,0.07,义乌市衍郝电子商务商行,订单结算
2026-04-23 07:49:47,'2026042307494421733094780159,入账,2.96,聚合账户,货款结算入账,小店自卖,'6925544845769801027,'6925544845769801027,'SS76306665923177357070161,2026-04-12 21:37:08,'3812240028327870813,粉色双面蝴蝶结香蕉夹竖夹超温柔!气质高马尾发夹后脑勺发夹发饰,,,普通订单,2.98,0,0,0,0,0,0,0,0,0,0,0,-0.02,0,0,0,0,0,0,是-商品卡免佣,0.15,义乌市衍郝电子商务商行,订单结算
2026-04-23 07:49:47,'2026042307494421667886350159,入账,6.04,聚合账户,货款结算入账,小店自卖,'6925678203973959520,'6925678203973828448,'SS76308384979024125940235,2026-04-17 16:39:51,'3776807804489302292,豹纹ins爱心女一字夹高端碎发发夹女款2026新款网红爆款,,,普通订单,6.08,0,0,0,0,0,0,0,0,0,0,0,-0.04,0,0,0,0,0,0,是-商品卡免佣,0.29,义乌市衍郝电子商务商行,订单结算
2026-04-23 07:49:47,'2026042307494416453801500159,入账,5.57,聚合账户,货款结算入账,小店自卖,'6952096320585209112,'6952096320585209112,'SS76306334019601413210201,2026-04-15 19:01:19,'3809056869209735557,蝴蝶结发带女2026新款飘带头绳大肠发圈高级感扎头发皮筋发绳发饰,,,普通订单,5.6,0.3,0,0,0,0,0,0,0,0,0,0,-0.03,0,0,0,0,0,0,是-商品卡免佣,0.22,义乌市衍郝电子商务商行,订单结算
2026-04-23 07:49:47,'2026042307494410739720220159,入账,5.17,聚合账户,货款结算入账,小店自卖,'6952022641648211438,'6952022641648211438,'SS76306672746270889590036,2026-04-12 20:01:14,'3812961166053999319,ins爆款卡通蓬松夹鸭嘴夹一字夹化妆发夹超萌可爱猫咪少女刘海夹,,,普通订单,5.2,0,0,0,0,0,0,0,0,0,0,0,-0.03,0,0,0,0,0,0,是-商品卡免佣,0.22,义乌市衍郝电子商务商行,订单结算
2026-04-23 07:49:52,'2026042307494901686943350159,入账,12.9,聚合账户,货款结算入账,小店自卖,'6952023173036250815,'6952023173036250815,'SS76307367719623232430136,2026-04-13 00:52:25,'3812240028327870813,粉色双面蝴蝶结香蕉夹竖夹超温柔!气质高马尾发夹后脑勺发夹发饰,,,普通订单,12.98,0,0,0,0,0,0,0,0,0,0,0,-0.08,0,0,0,0,0,0,是-商品卡免佣,0.59,义乌市衍郝电子商务商行,订单结算
2026-04-23 07:49:52,'2026042307494825342776720159,入账,4.45,聚合账户,货款结算入账,小店自卖,'6925596874208673478,'6925596874208673478,'SS76306198404153513460013,2026-04-14 22:22:57,'3812796426258350389,夏天简约随手盘发一字扭扭夹水钻抓夹高级发夹扭扭后脑勺盘发器,,,普通订单,4.68,0,0,0,0,0,0,0,0,0,0,0,-0.23,0,0,0,0,0,0,,0,义乌市衍郝电子商务商行,订单结算
2026-04-23 07:49:52,'2026042307494727908344750159,入账,4.96,聚合账户,货款结算入账,小店自卖,'6952029486269470543,'6952029486269470543,'SS76306423538217497950008,2026-04-12 21:23:02,'3809625164249956608,孕妇专用防滑拖鞋女士夏季家居家室内静音浴室洗澡防臭凉拖鞋外穿,,,普通订单,4.99,0,0,0,0,0,0,0,0,0,0,0,-0.03,0,0,0,0,0,0,是-商品卡免佣,0.22,义乌市衍郝电子商务商行,订单结算
2026-04-23 07:49:52,'2026042307494901942489790159,入账,3.88,聚合账户,货款结算入账,小店自卖,'6952129082324817575,'6952129082324817575,'SS76306415793969405710094,2026-04-16 18:14:27,'3800198492568289686,买一送一爆款凉拖鞋男士夏季情侣2026新款家居防滑防臭厚底拖鞋女,,,普通订单,4.9,0,0,0,0,0,0,0,0,0,0,-1,-0.02,0,0,0,0,0,0,是-商品卡免佣,0.15,义乌市衍郝电子商务商行,订单结算
2026-04-23 07:49:52,'2026042307494830127273370159,入账,5.65,聚合账户,货款结算入账,小店自卖,'6952159452676626251,'6952159452676626251,'SS76308339406862628340155,2026-04-17 22:13:39,'3780819776314671477,复古豹纹kt猫多层香蕉夹女后脑勺抓夹头饰大号在成人前额碎发夹子,,,普通订单,5.68,0.8,0,0,0,0,0,0,0,0,0,0,-0.03,0,0,0,0,0,0,是-商品卡免佣,0.22,义乌市衍郝电子商务商行,订单结算
2026-04-23 07:49:59,'2026042307495613690641980159,入账,6.56,聚合账户,货款结算入账,小店自卖,'6952032029265892814,'6952032029265892814,'SS76307377086458432410243,2026-04-13 01:47:05,'3812240028327870813,粉色双面蝴蝶结香蕉夹竖夹超温柔!气质高马尾发夹后脑勺发夹发饰,,,普通订单,6.6,0,0,0,0,0,0,0,0,0,0,0,-0.04,0,0,0,0,0,0,是-商品卡免佣,0.29,义乌市衍郝电子商务商行,订单结算
2026-04-23 07:49:59,'2026042307495523205644900159,入账,4.65,聚合账户,货款结算入账,巨量千川,'6925687857721933467,'6925687857721933467,'SS76308515206317842180138,2026-04-18 09:18:36,'3800198492568289686,买一送一爆款凉拖鞋男士夏季情侣2026新款家居防滑防臭厚底拖鞋女,,,普通订单,4.9,0,0,0,0,0,0,0,0,0,0,0,-0.25,0,0,0,0,0,0,,0,义乌市衍郝电子商务商行,订单结算
2026-04-23 07:49:59,'2026042307495637040788890159,入账,3.78,聚合账户,货款结算入账,小店自卖,'6951625439240656253,'6951625439240656253,'SS76307238009299279870022,2026-03-28 16:24:02,'3786225340448375142,甜美自制米菲兔毛绒发卡头饰夹子卡通发帖刘后秋森系韩系彩色大号,,,普通订单,0.01,0.3,0,0,0,0,0,0,3.79,0,0,0,-0.02,0,0,0,0,0,0,是-商品卡免佣,0.15,义乌市衍郝电子商务商行,订单结算
2026-04-23 07:49:59,'2026042307495611597788260159,入账,2.96,聚合账户,货款结算入账,小店自卖,'6925547322168278336,'6925547322168278336,'SS76306668148175508980056,2026-04-13 00:19:20,'3807217918840799504,新款百搭2026可爱小狗香蕉夹竖夹发夹脑勺扭扭夹高马尾抓夹高级感,,,普通订单,2.98,0,0,0,0,0,0,0,0,0,0,0,-0.02,0,0,0,0,0,0,是-商品卡免佣,0.15,义乌市衍郝电子商务商行,订单结算
2026-04-23 07:49:59,'2026042307495626074158490159,入账,7.93,聚合账户,货款结算入账,小店自卖,'6952141098101249760,'6952141098101249760,'SS76308402028393272670185,2026-04-17 12:04:07,'3810393692611674121,小众不规则抓夹大号发量大发夹女后脑勺鲨鱼夹发卡2026新款头饰,,,普通订单,7.98,0,0,0,0,0,0,0,0,0,0,0,-0.05,0,0,0,0,0,0,是-商品卡免佣,0.37,义乌市衍郝电子商务商行,订单结算
2026-04-23 07:50:04,'2026042307500025257746070159,入账,6.09,聚合账户,货款结算入账,小店自卖,'6925562496434470099,'6925562496434470099,'SS76306669866827615150110,2026-04-13 08:17:31,'3752323576548688241,中国风孔雀盘发器女生古典旗袍发饰丸子懒人高级感饰品优雅发夹女,,,普通订单,6.41,0,0,0,0,0,0,0,0,0,0,0,-0.32,0,0,0,0,0,0,,0,义乌市衍郝电子商务商行,订单结算
2026-04-23 07:50:04,'2026042307500027270518110159,入账,4.96,聚合账户,货款结算入账,小店自卖,'6925547254420044876,'6925547254420044876,'SS76306420418442040950057,2026-04-12 23:26:47,'3809625164249956608,孕妇专用防滑拖鞋女士夏季家居家室内静音浴室洗澡防臭凉拖鞋外穿,,,普通订单,4.99,0,0,0,0,0,0,0,0,0,0,0,-0.03,0,0,0,0,0,0,是-商品卡免佣,0.22,义乌市衍郝电子商务商行,订单结算
2026-04-23 07:50:04,'2026042307500118463667390159,入账,9.97,聚合账户,货款结算入账,小店自卖,'6952025736046712145,'6952025736046712145,'SS76307002382569027070040,2026-04-13 10:53:01,'3674363744047202423,儿童碎发梳韩式发夹小女孩头饰可爱碎发神器女童发卡高颅顶神器,,,普通订单,10.03,1.1,0,0,0,0,0,0,0,0,0,0,-0.06,0,0,0,0,0,0,是-商品卡免佣,0.44,义乌市衍郝电子商务商行,订单结算
2026-04-23 07:50:04,'2026042307500127815124890159,入账,4.87,聚合账户,货款结算入账,小店自卖,'6952164490751186355,'6952164490751186355,'SS76308607717018342670077,2026-04-18 08:59:55,'3800198492568289686,买一送一爆款凉拖鞋男士夏季情侣2026新款家居防滑防臭厚底拖鞋女,,,普通订单,4.9,0,0,0,0,0,0,0,0,0,0,0,-0.03,0,0,0,0,0,0,是-商品卡免佣,0.22,义乌市衍郝电子商务商行,订单结算
2026-04-23 07:50:04,'2026042307500038473735870159,入账,4.96,聚合账户,货款结算入账,小店自卖,'6952022954191361550,'6952022954191361550,'SS76306414226853890620058,2026-04-12 22:26:09,'3809625164249956608,孕妇专用防滑拖鞋女士夏季家居家室内静音浴室洗澡防臭凉拖鞋外穿,,,普通订单,4.99,0,0,0,0,0,0,0,0,0,0,0,-0.03,0,0,0,0,0,0,是-商品卡免佣,0.22,义乌市衍郝电子商务商行,订单结算
2026-04-23 07:50:12,'2026042307500908267372030159,入账,5.26,聚合账户,货款结算入账,小店自卖,'6925680932897717860,'6925680932897717860,'SS76308204640398707620100,2026-04-17 22:41:37,'3809625164249956608,孕妇专用防滑拖鞋女士夏季家居家室内静音浴室洗澡防臭凉拖鞋外穿,,,普通订单,5.29,0,0,0,0,0,0,0,0,0,0,0,-0.03,0,0,0,0,0,0,是-商品卡免佣,0.22,义乌市衍郝电子商务商行,订单结算
2026-04-23 07:50:12,'2026042307500914789678460159,入账,2.62,聚合账户,货款结算入账,小店自卖,'6925542493747248273,'6925542493747248273,'SS76306666063019258880246,2026-04-12 21:21:38,'3812600459668095315,金枝玉叶韩系发梳闪钻时尚高颅顶倒插梳树叶防滑发夹百搭发卡发饰,,,普通订单,2.64,0,0,0,0,0,0,0,0,0,0,0,-0.02,0,0,0,0,0,0,是-商品卡免佣,0.15,义乌市衍郝电子商务商行,订单结算
2026-04-23 07:50:12,'2026042307500921270536100159,入账,3.93,聚合账户,货款结算入账,小店自卖,'6952016335052281307,'6952016335052281307,'SS76306673062515062140076,2026-04-12 21:31:22,'3812961166053999319,ins爆款卡通蓬松夹鸭嘴夹一字夹化妆发夹超萌可爱猫咪少女刘海夹,,,普通订单,3.95,0,0,0,0,0,0,0,0,0,0,0,-0.02,0,0,0,0,0,0,是-商品卡免佣,0.15,义乌市衍郝电子商务商行,订单结算
2026-04-23 07:50:12,'2026042307500908266388990159,入账,6.88,聚合账户,货款结算入账,小店自卖,'6925681383003290805,'6925681383003290805,'SS76307234574877007460045,2026-04-18 06:54:05,'3797749369206342546,豹纹大肠发圈高级小众手工韩国新款头绳编织显发量马尾丸子头发绳,,,普通订单,6.92,0,0,0,0,0,0,0,0,0,0,0,-0.04,0,0,0,0,0,0,是-商品卡免佣,0.29,义乌市衍郝电子商务商行,订单结算
2026-04-23 07:50:12,'2026042307500815397849790159,入账,2.96,聚合账户,货款结算入账,小店自卖,'6952143533541561347,'6952143533541561347,'SS76305912546365445520168,2026-04-17 18:43:26,'3812961166053999319,ins爆款卡通蓬松夹鸭嘴夹一字夹化妆发夹超萌可爱猫咪少女刘海夹,,,普通订单,2.98,0,0,0,0,0,0,0,0,0,0,0,-0.02,0,0,0,0,0,0,是-商品卡免佣,0.15,义乌市衍郝电子商务商行,订单结算
2026-04-23 07:50:18,'2026042307501513049697620159,入账,1.79,聚合账户,货款结算入账,小店自卖,'6925587178550295636,'6925587178550295636,'SS76308662141819991130133,2026-04-14 21:26:47,'3768802352526655781,软硅胶抓夹鲨鱼夹安全新款发夹大号防摔不大号在成人大号发卡鲨鱼,,,普通订单,0.01,0,0,1.87,0,0,0,0,0,0,0,0,-0.09,0,0,0,0,0,0,,0,义乌市衍郝电子商务商行,订单结算
2026-04-23 07:50:18,'2026042307501422622707710159,入账,6.51,聚合账户,货款结算入账,小店自卖,'6952048146192733581,'6952048146192733581,'SS76307123514859194980002,2026-04-13 13:10:16,'3811098503330005269,雾色暖秋~氛围感带齿高颅顶头箍旅行发卡气质姜黄丝绒蝴蝶结发箍,,,普通订单,6.55,0,0,0,0,0,0,0,0,0,0,0,-0.04,0,0,0,0,0,0,是-商品卡免佣,0.29,义乌市衍郝电子商务商行,订单结算
2026-04-23 07:50:18,'2026042307501505137697620159,入账,4.87,聚合账户,货款结算入账,小店自卖,'6952009837716772421,'6952009837716772421,'SS76306428971224927230157,2026-04-12 22:48:45,'3800198492568289686,买一送一爆款凉拖鞋男士夏季情侣2026新款家居防滑防臭厚底拖鞋女,,,普通订单,4.9,0,0,0,0,0,0,0,0,0,0,0,-0.03,0,0,0,0,0,0,是-商品卡免佣,0.22,义乌市衍郝电子商务商行,订单结算
2026-04-23 07:50:18,'2026042307501502079995390159,入账,8.85,聚合账户,货款结算入账,小店自卖,'6952013654724580776,'6952013654724580776,'SS76306415014720643190052,2026-04-12 16:00:32,'3800198492568289686,买一送一爆款凉拖鞋男士夏季情侣2026新款家居防滑防臭厚底拖鞋女,,,普通订单,8.9,0,0,0,0,0,0,0,0,0,0,0,-0.05,0,0,0,0,0,0,是-商品卡免佣,0.37,义乌市衍郝电子商务商行,订单结算
2026-04-23 07:50:18,'2026042307501418628982160159,入账,2.96,聚合账户,货款结算入账,小店自卖,'6925545030470303691,'6925545030470303691,'SS76306666183688199830190,2026-04-12 22:14:53,'3812240028327870813,粉色双面蝴蝶结香蕉夹竖夹超温柔!气质高马尾发夹后脑勺发夹发饰,,,普通订单,2.98,0,0,0,0,0,0,0,0,0,0,0,-0.02,0,0,0,0,0,0,是-商品卡免佣,0.15,义乌市衍郝电子商务商行,订单结算
2026-04-23 07:50:18,'2026042307501504972219230159,入账,4.15,聚合账户,货款结算入账,小店自卖,'6925562857297575069,'6925562857297575069,'SS76306998561222866110142,2026-04-13 11:52:23,'3678489970659688769,网红水晶兔子发圈皮筋儿童绕绕洋气发绳韩版高级感高弹力发饰头绳,,,普通订单,4.37,0,0,0,0,0,0,0,0,0,0,0,-0.22,0,0,0,0,0,0,,0,义乌市衍郝电子商务商行,订单结算
2026-04-23 07:50:18,'2026042307501435659450880159,入账,8.85,聚合账户,货款结算入账,小店自卖,'6952016010771633428,'6952016010771633428,'SS76306672155029511830052,2026-04-12 18:05:27,'3800198492568289686,买一送一爆款凉拖鞋男士夏季情侣2026新款家居防滑防臭厚底拖鞋女,,,普通订单,8.9,0,0,0,0,0,0,0,0,0,0,0,-0.05,0,0,0,0,0,0,是-商品卡免佣,0.37,义乌市衍郝电子商务商行,订单结算
2026-04-23 07:50:18,'2026042307501525348841220159,入账,6.64,聚合账户,货款结算入账,小店自卖,'6952013808850900012,'6952013808850900012,'SS76289215639074905940162,2026-04-12 18:05:20,'3807584451282731335,缎面高级感碎花蝴蝶结抓夹新款百搭后脑盘发鲨鱼夹马尾夹高档发夹,,,普通订单,9.68,0,0,0,0,0,0,0,0,0,0,-3,-0.04,0,0,0,0,0,0,是-商品卡免佣,0.29,义乌市衍郝电子商务商行,订单结算
2026-04-23 07:50:18,'2026042307501500128947350159,入账,3.36,聚合账户,货款结算入账,小店自卖,'6952025266584295264,'6952025266584295264,'SS76306668685607941520211,2026-04-13 00:32:38,'3812796426258350389,夏天简约随手盘发一字扭扭夹水钻抓夹高级发夹扭扭后脑勺盘发器,,,普通订单,3.38,0,0,0,0,0,0,0,0,0,0,0,-0.02,0,0,0,0,0,0,是-商品卡免佣,0.15,义乌市衍郝电子商务商行,订单结算
2026-04-23 07:50:18,'2026042307501506051804510159,入账,3.89,聚合账户,货款结算入账,小店自卖,'6925666712685608759,'6925666712685608759,'SS76307763410721835710184,2026-04-17 14:34:38,'3813158348195496156,公主发夹波点蝴蝶结夹小众香蕉2026新款发饰发卡洋气双排头花夹子,,,普通订单,0.01,0,0,3.9,0,0,0,0,0,0,0,0,-0.02,0,0,0,0,0,0,是-商品卡免佣,0.15,义乌市衍郝电子商务商行,订单结算
2026-04-23 07:50:33,'2026042307502904620126870159,入账,4.96,聚合账户,货款结算入账,小店自卖,'6952038852957902630,'6952038852957902630,'SS76306424146089418590207,2026-04-13 07:56:26,'3809625164249956608,孕妇专用防滑拖鞋女士夏季家居家室内静音浴室洗澡防臭凉拖鞋外穿,,,普通订单,4.99,0,0,0,0,0,0,0,0,0,0,0,-0.03,0,0,0,0,0,0,是-商品卡免佣,0.22,义乌市衍郝电子商务商行,订单结算
2026-04-23 07:50:33,'2026042307502930874012560159,入账,6.35,聚合账户,货款结算入账,小店自卖,'6925663906748792073,'6925663906748792073,'SS76308146608364587980136,2026-04-17 07:31:09,'3674363744047202423,儿童碎发梳韩式发夹小女孩头饰可爱碎发神器女童发卡高颅顶神器,,,普通订单,6.39,1.1,0,0,0,0,0,0,0,0,0,0,-0.04,0,0,0,0,0,0,是-商品卡免佣,0.29,义乌市衍郝电子商务商行,订单结算
2026-04-23 07:50:33,'2026042307502909029880660159,入账,3.32,聚合账户,货款结算入账,小店自卖,'6925545004669828991,'6925545004669828991,'SS76306668583515305370210,2026-04-12 22:14:25,'3806655969480540177,米菲兔巨显发量香蕉兔子后脑勺盘发百搭少女发饰时尚可爱波点大号,,,普通订单,0.49,0,0,3,0,0,0,0,0,0,0,0,-0.17,0,0,0,0,0,0,,0,义乌市衍郝电子商务商行,订单结算
2026-04-23 07:50:33,'2026042307502829366687240159,入账,5.46,聚合账户,货款结算入账,小店自卖,'6925553799221443783,'6925553799221443783,'SS76306665882955617800248,2026-04-12 18:49:23,'3806655969480540177,米菲兔巨显发量香蕉兔子后脑勺盘发百搭少女发饰时尚可爱波点大号,,,普通订单,5.49,0,0,0,0,0,0,0,0,0,0,0,-0.03,0,0,0,0,0,0,是-商品卡免佣,0.22,义乌市衍郝电子商务商行,订单结算
2026-04-23 07:50:33,'2026042307502912210344960159,入账,3.86,聚合账户,货款结算入账,小店自卖,'6925669834746789464,'6925669834746789464,'SS76307590196949366180039,2026-04-17 19:06:50,'3812794010364412322,趣味黑皮kitty猫魔术贴超可爱猫咪整理碎发刘海贴魔术贴发卡化妆,,,普通订单,3.88,0,0,0,0,0,0,0,0,0,0,0,-0.02,0,0,0,0,0,0,是-商品卡免佣,0.15,义乌市衍郝电子商务商行,订单结算
2026-04-23 07:50:44,'2026042307503825978312020159,入账,8.85,聚合账户,货款结算入账,小店自卖,'6925558729507897195,'6925558729507897195,'SS76306422832942290440104,2026-04-13 02:05:14,'3800198492568289686,买一送一爆款凉拖鞋男士夏季情侣2026新款家居防滑防臭厚底拖鞋女,,,普通订单,8.9,0,0,0,0,0,0,0,0,0,0,0,-0.05,0,0,0,0,0,0,是-商品卡免佣,0.37,义乌市衍郝电子商务商行,订单结算
2026-04-23 07:50:44,'2026042307504018144627600159,入账,4.87,聚合账户,货款结算入账,小店自卖,'6952129830069278562,'6952129830069278562,'SS76306550878537976830093,2026-04-17 01:58:38,'3800198492568289686,买一送一爆款凉拖鞋男士夏季情侣2026新款家居防滑防臭厚底拖鞋女,,,普通订单,2.4,0,0,0,0,0,0,0,2.5,0,0,0,-0.03,0,0,0,0,0,0,是-商品卡免佣,0.22,义乌市衍郝电子商务商行,订单结算
2026-04-23 07:50:44,'2026042307504127309389320159,入账,6.61,聚合账户,货款结算入账,小店自卖,'6952007219299816910,'6952007219299816910,'SS76295878890765030660058,2026-04-12 19:34:42,'3810919823941174195,中式复古洋气多层小蛮腰褶皱印花肥肠圈高端水墨皮筋耐用新款发圈,,,普通订单,8.65,0,0,0,0,0,0,0,0,0,0,-2,-0.04,0,0,0,0,0,0,是-商品卡免佣,0.29,义乌市衍郝电子商务商行,订单结算
2026-04-23 07:50:44,'2026042307504012312131080159,入账,5.46,聚合账户,货款结算入账,小店自卖,'6925538637927448064,'6925538637927448064,'SS76306666087550325850087,2026-04-12 19:26:55,'3806655969480540177,米菲兔巨显发量香蕉兔子后脑勺盘发百搭少女发饰时尚可爱波点大号,,,普通订单,5.49,0,0,0,0,0,0,0,0,0,0,0,-0.03,0,0,0,0,0,0,是-商品卡免佣,0.22,义乌市衍郝电子商务商行,订单结算
2026-04-23 07:50:44,'2026042307504001436720640159,入账,17.69,聚合账户,货款结算入账,小店自卖,'6925556355834019181,'6925556355834019181,'SS76306672142738066260242,2026-04-13 00:50:17,'3800198492568289686,买一送一爆款凉拖鞋男士夏季情侣2026新款家居防滑防臭厚底拖鞋女,,,普通订单,17.8,0,0,0,0,0,0,0,0,0,0,0,-0.11,0,0,0,0,0,0,是-商品卡免佣,0.81,义乌市衍郝电子商务商行,订单结算
2026-04-23 07:50:58,'2026042307505504454653840159,入账,1.98,聚合账户,货款结算入账,小店自卖,'6952007291604375364,'6952007291604375364,'SS76306603384932275290046,2026-04-12 20:13:24,'3812796426258350389,夏天简约随手盘发一字扭扭夹水钻抓夹高级发夹扭扭后脑勺盘发器,,,普通订单,1.99,0,0,0,0,0,0,0,0,0,0,0,-0.01,0,0,0,0,0,0,是-商品卡免佣,0.07,义乌市衍郝电子商务商行,订单结算
2026-04-23 07:50:58,'2026042307505423917409280159,入账,3.65,聚合账户,货款结算入账,小店自卖,'6925558813576036209,'6925558813576036209,'SS76306668965264307300114,2026-04-13 06:10:14,'3812600459668095315,金枝玉叶韩系发梳闪钻时尚高颅顶倒插梳树叶防滑发夹百搭发卡发饰,,,普通订单,3.67,0,0,0,0,0,0,0,0,0,0,0,-0.02,0,0,0,0,0,0,是-商品卡免佣,0.15,义乌市衍郝电子商务商行,订单结算
2026-04-23 07:50:58,'2026042307505534436882260159,入账,5.17,聚合账户,货款结算入账,小店自卖,'6952030417014560657,'6952030417014560657,'SS76307117373686090330031,2026-04-13 12:44:34,'3812961166053999319,ins爆款卡通蓬松夹鸭嘴夹一字夹化妆发夹超萌可爱猫咪少女刘海夹,,,普通订单,5.2,0,0,0,0,0,0,0,0,0,0,0,-0.03,0,0,0,0,0,0,是-商品卡免佣,0.22,义乌市衍郝电子商务商行,订单结算
2026-04-23 07:50:58,'2026042307505331515653120159,入账,3.48,聚合账户,货款结算入账,小店自卖,'6925552236844908002,'6925552236844908002,'SS76306668892868613750162,2026-04-12 23:38:58,'3782167075276063199,法式爱心香蕉夹发夹女2025新款高马尾固定大号在成人大号毛绒鲨鱼,,,普通订单,3.5,0,0,0,0,0,0,0,0,0,0,0,-0.02,0,0,0,0,0,0,是-商品卡免佣,0.15,义乌市衍郝电子商务商行,订单结算
2026-04-23 07:50:58,'2026042307505505965091840159,入账,2.93,聚合账户,货款结算入账,小店自卖,'6925554412906315119,'6925554412906315119,'SS76307499966061942190144,2026-04-12 22:21:12,'3807406085585896296,高弹黑色拇指头绳小号发圈日常扎发女童宝宝不伤发柔软橡皮筋发饰,,,普通订单,2.95,0,0,0,0,0,0,0,0,0,0,0,-0.02,0,0,0,0,0,0,是-商品卡免佣,0.15,义乌市衍郝电子商务商行,订单结算
2026-04-23 07:50:58,'2026042307505414144801620159,入账,4.87,聚合账户,货款结算入账,小店自卖,'6925548112899374618,'6925548112899374618,'SS76307241871542197910134,2026-04-13 11:52:32,'3800198492568289686,买一送一爆款凉拖鞋男士夏季情侣2026新款家居防滑防臭厚底拖鞋女,,,普通订单,4.9,0,0,0,0,0,0,0,0,0,0,0,-0.03,0,0,0,0,0,0,是-商品卡免佣,0.22,义乌市衍郝电子商务商行,订单结算
2026-04-23 07:50:58,'2026042307505405048573960159,入账,5.07,聚合账户,货款结算入账,小店自卖,'6925676054757473864,'6925676054757473864,'SS76307879931204569860207,2026-04-17 17:51:49,'3776807804489302292,豹纹ins爱心女一字夹高端碎发发夹女款2026新款网红爆款,,,普通订单,5.1,0,0,0,0,0,0,0,0,0,0,0,-0.03,0,0,0,0,0,0,是-商品卡免佣,0.22,义乌市衍郝电子商务商行,订单结算
2026-04-23 07:50:58,'2026042307505417126691990159,入账,5.26,聚合账户,货款结算入账,小店自卖,'6952128007321032501,'6952128007321032501,'SS76307532050640079820002,2026-04-17 14:42:52,'3809625164249956608,孕妇专用防滑拖鞋女士夏季家居家室内静音浴室洗澡防臭凉拖鞋外穿,,,普通订单,5.29,0,0,0,0,0,0,0,0,0,0,0,-0.03,0,0,0,0,0,0,是-商品卡免佣,0.22,义乌市衍郝电子商务商行,订单结算
2026-04-23 07:50:58,'2026042307505522535212040159,入账,17.69,聚合账户,货款结算入账,小店自卖,'6952016246345897897,'6952016246345897897,'SS76306671929675947670200,2026-04-12 20:30:03,'3800198492568289686,买一送一爆款凉拖鞋男士夏季情侣2026新款家居防滑防臭厚底拖鞋女,,,普通订单,17.8,0,0,0,0,0,0,0,0,0,0,0,-0.11,0,0,0,0,0,0,是-商品卡免佣,0.81,义乌市衍郝电子商务商行,订单结算
2026-04-23 07:50:58,'2026042307505327235824980159,入账,2.87,聚合账户,货款结算入账,小店自卖,'6925542286385577951,'6925542286385577951,'SS76306666360388162990201,2026-04-12 20:07:08,'3752323855864168814,飘带齿梳发箍波浪高颅顶高颅顶宫廷编发发箍女复红色蝴蝶结发饰,,,普通订单,2.89,0,0,0,0,0,0,0,0,0,0,0,-0.02,0,0,0,0,0,0,是-商品卡免佣,0.15,义乌市衍郝电子商务商行,订单结算
2026-04-23 07:51:11,'2026042307510733019005780159,入账,5.64,聚合账户,货款结算入账,小店自卖,'6951640934395024641,'6951640934394959105,'SS76307510264756314060056,2026-03-28 17:03:40,'3809955938975219906,学生必备可爱小蜜蜂造型发圈毛绒发圈甜美高弹力耐用头绳卡通头饰,,,普通订单,5.67,0,0,0,0,0,0,0,0,0,0,0,-0.03,0,0,0,0,0,0,是-商品卡免佣,0.22,义乌市衍郝电子商务商行,订单结算
2026-04-23 07:51:11,'2026042307510727986173790159,入账,2.96,聚合账户,货款结算入账,小店自卖,'6951998048668620627,'6951998048668620627,'SS76306672667932431760217,2026-04-12 17:06:09,'3812961166053999319,ins爆款卡通蓬松夹鸭嘴夹一字夹化妆发夹超萌可爱猫咪少女刘海夹,,,普通订单,2.98,0,0,0,0,0,0,0,0,0,0,0,-0.02,0,0,0,0,0,0,是-商品卡免佣,0.15,义乌市衍郝电子商务商行,订单结算
2026-04-23 07:51:11,'2026042307510741106639460159,入账,5.46,聚合账户,货款结算入账,小店自卖,'6925570814419762684,'6925570814419762684,'SS76306504771274347900170,2026-04-13 19:01:07,'3806655969480540177,米菲兔巨显发量香蕉兔子后脑勺盘发百搭少女发饰时尚可爱波点大号,,,普通订单,5.49,0,0,0,0,0,0,0,0,0,0,0,-0.03,0,0,0,0,0,0,是-商品卡免佣,0.22,义乌市衍郝电子商务商行,订单结算
2026-04-23 07:51:11,'2026042307510808143506010159,入账,2.87,聚合账户,货款结算入账,小店自卖,'6925561624061967384,'6925561624061967384,'SS76306107593411794440108,2026-04-13 12:12:59,'3752323855864168814,飘带齿梳发箍波浪高颅顶高颅顶宫廷编发发箍女复红色蝴蝶结发饰,,,普通订单,2.89,0,0,0,0,0,0,0,0,0,0,0,-0.02,0,0,0,0,0,0,是-商品卡免佣,0.15,义乌市衍郝电子商务商行,订单结算
2026-04-23 07:51:11,'2026042307510739732518920159,入账,3.47,聚合账户,货款结算入账,小店自卖,'6925546719609388174,'6925546719609388174,'SS76306667589850936830084,2026-04-12 20:28:08,'3806655969480540177,米菲兔巨显发量香蕉兔子后脑勺盘发百搭少女发饰时尚可爱波点大号,,,普通订单,3.49,0,0,0,0,0,0,0,0,0,0,0,-0.02,0,0,0,0,0,0,是-商品卡免佣,0.15,义乌市衍郝电子商务商行,订单结算
2026-04-23 07:51:11,'2026042307510803625454340159,入账,4.32,聚合账户,货款结算入账,小店自卖,'6925548927082855542,'6925548927082855542,'SS76306666098748667340149,2026-04-12 19:55:10,'3783072477903716812,饱满花型高级感抓夹大号夹子蝴蝶结发夹后大号在成人大号毛绒发卡,,,普通订单,4.35,0,0,0,0,0,0,0,0,0,0,0,-0.03,0,0,0,0,0,0,是-商品卡免佣,0.22,义乌市衍郝电子商务商行,订单结算
2026-04-23 07:51:11,'2026042307510726245248500159,入账,9.6,聚合账户,货款结算入账,小店自卖,'6925554426507983911,'6925554426507983911,'SS76306668602079483290133,2026-04-12 22:36:02,'3768979814174818449,2025新款气质大号盘发鸭嘴夹春夏发卡蝴蝶大号在成人抓夹碎发夹子,,,普通订单,9.66,0,0,0,0,0,0,0,0,0,0,0,-0.06,0,0,0,0,0,0,是-商品卡免佣,0.44,义乌市衍郝电子商务商行,订单结算
2026-04-23 07:51:11,'2026042307510812061946880159,入账,8.45,聚合账户,货款结算入账,小店自卖,'6925593740263391072,'6925593740263391072,'SS76306740999158663780017,2026-04-14 15:55:20,'3800198492568289686,买一送一爆款凉拖鞋男士夏季情侣2026新款家居防滑防臭厚底拖鞋女,,,普通订单,8.9,0,0,0,0,0,0,0,0,0,0,0,-0.45,0,0,0,0,0,0,,0,义乌市衍郝电子商务商行,订单结算
2026-04-23 07:51:12,'2026042307510921992245820159,入账,6.01,聚合账户,货款结算入账,小店自卖,'6952139253298435756,'6952139253298435756,'SS76308321844004134800156,2026-04-17 20:27:28,'3812240028327870813,粉色双面蝴蝶结香蕉夹竖夹超温柔!气质高马尾发夹后脑勺发夹发饰,,,普通订单,6.05,0,0,0,0,0,0,0,0,0,0,0,-0.04,0,0,0,0,0,0,是-商品卡免佣,0.29,义乌市衍郝电子商务商行,订单结算
2026-04-23 07:51:12,'2026042307510911804227190159,入账,2.96,聚合账户,货款结算入账,小店自卖,'6952013859453736552,'6952013859453736552,'SS76306672855646049430019,2026-04-12 19:00:36,'3812961166053999319,ins爆款卡通蓬松夹鸭嘴夹一字夹化妆发夹超萌可爱猫咪少女刘海夹,,,普通订单,2.98,0,0,0,0,0,0,0,0,0,0,0,-0.02,0,0,0,0,0,0,是-商品卡免佣,0.15,义乌市衍郝电子商务商行,订单结算
2026-04-23 07:51:12,'2026042307510826690030500159,入账,4.96,聚合账户,货款结算入账,小店自卖,'6952029730553664904,'6952029730553664904,'SS76306672116077573530165,2026-04-12 23:34:44,'3809625164249956608,孕妇专用防滑拖鞋女士夏季家居家室内静音浴室洗澡防臭凉拖鞋外穿,,,普通订单,4.99,0,0,0,0,0,0,0,0,0,0,0,-0.03,0,0,0,0,0,0,是-商品卡免佣,0.22,义乌市衍郝电子商务商行,订单结算
2026-04-23 07:51:12,'2026042307510829037737370159,入账,4.74,聚合账户,货款结算入账,小店自卖,'6952014217255524266,'6952014217255524266,'SS76306422545036580270117,2026-04-12 22:19:56,'3809625164249956608,孕妇专用防滑拖鞋女士夏季家居家室内静音浴室洗澡防臭凉拖鞋外穿,,,普通订单,4.99,0,0,0,0,0,0,0,0,0,0,0,-0.25,0,0,0,0,0,0,,0,义乌市衍郝电子商务商行,订单结算
2026-04-23 07:51:12,'2026042307510821075561110159,入账,2.83,聚合账户,货款结算入账,小店自卖,'6952018198997636099,'6952018198997636099,'SS76306672728808333180073,2026-04-12 19:33:40,'3812961166053999319,ins爆款卡通蓬松夹鸭嘴夹一字夹化妆发夹超萌可爱猫咪少女刘海夹,,,普通订单,2.98,0,0,0,0,0,0,0,0,0,0,0,-0.15,0,0,0,0,0,0,,0,义乌市衍郝电子商务商行,订单结算
2026-04-23 07:51:12,'2026042307510813806963540159,入账,4.34,聚合账户,货款结算入账,小店自卖,'6952018131775132953,'6952018131775132953,'SS76306666008904709210057,2026-04-12 19:33:25,'3807233228251726216,发圈式啪啪圈~秋冬美拉德系懒人高马尾啪啪圈复古固定不塌神器,,,普通订单,4.37,0,0,0,0,0,0,0,0,0,0,0,-0.03,0,0,0,0,0,0,是-商品卡免佣,0.22,义乌市衍郝电子商务商行,订单结算
2026-04-23 07:51:12,'2026042307510822191803310159,入账,2.97,聚合账户,货款结算入账,小店自卖,'6952059026424272370,'6952059026424272370,'SS76307335892067781380184,2026-04-14 18:27:59,'3811102963569655948,春夏撞色蝴蝶结发夹发卡女后脑勺2026新款气质大号盘发鸭嘴夹发饰,,,普通订单,2.99,0,0,0,0,0,0,0,0,0,0,0,-0.02,0,0,0,0,0,0,是-商品卡免佣,0.15,义乌市衍郝电子商务商行,订单结算
2026-04-23 07:51:31,'2026042307512812983503360159,入账,6.54,聚合账户,货款结算入账,小店自卖,'6925662911651281948,'6925662911650954268,'SS76307723553776317960004,2026-04-17 16:57:14,'3812994604597379368,韩系重工藏青色爱心蕾丝四层大肠发圈女高级感超大扎头发头绳头饰,,,普通订单,6.88,0,0,0,0,0,0,0,0,0,0,0,-0.34,0,0,0,0,0,0,,0,义乌市衍郝电子商务商行,订单结算
2026-04-23 07:51:31,'2026042307512828233735950159,入账,4.87,聚合账户,货款结算入账,小店自卖,'6952151152007124845,'6952151152007124845,'SS76308079443424059400208,2026-04-18 09:26:30,'3800198492568289686,买一送一爆款凉拖鞋男士夏季情侣2026新款家居防滑防臭厚底拖鞋女,,,普通订单,4.9,0,0,0,0,0,0,0,0,0,0,0,-0.03,0,0,0,0,0,0,是-商品卡免佣,0.22,义乌市衍郝电子商务商行,订单结算
2026-04-23 07:51:31,'2026042307512719682104670159,入账,5.17,聚合账户,货款结算入账,小店自卖,'6925683407283911981,'6925683407283911981,'SS76306978815694768990196,2026-04-18 00:24:19,'3812961166053999319,ins爆款卡通蓬松夹鸭嘴夹一字夹化妆发夹超萌可爱猫咪少女刘海夹,,,普通订单,5.2,0,0,0,0,0,0,0,0,0,0,0,-0.03,0,0,0,0,0,0,是-商品卡免佣,0.22,义乌市衍郝电子商务商行,订单结算
2026-04-23 07:51:31,'2026042307512819639836310159,入账,2.65,聚合账户,货款结算入账,小店自卖,'6952095428233533082,'6952095428233533082,'SS76307135402653125500078,2026-04-15 09:50:32,'3807217918840799504,新款百搭2026可爱小狗香蕉夹竖夹发夹脑勺扭扭夹高马尾抓夹高级感,,,普通订单,2.67,0,0,0,0,0,0,0,0,0,0,0,-0.02,0,0,0,0,0,0,是-商品卡免佣,0.15,义乌市衍郝电子商务商行,订单结算
2026-04-23 07:51:31,'2026042307512803340700510159,入账,2.81,聚合账户,货款结算入账,小店自卖,'6952025078426703305,'6952025078426703305,'SS76307550120585671950154,2026-04-12 22:25:01,'3675485847286841637,蝴蝶结头饰儿童发夹女洋气头花发卡韩国女童饰品边夹夹子发饰头饰,,,普通订单,2.96,0,0,0,0,0,0,0,0,0,0,0,-0.15,0,0,0,0,0,0,,0,义乌市衍郝电子商务商行,订单结算
2026-04-23 07:51:31,'2026042307512810912732500159,入账,7.63,聚合账户,货款结算入账,小店自卖,'6925678203973893984,'6925678203973828448,'SS76308384847521715200204,2026-04-17 16:39:51,'3813158348195496156,公主发夹波点蝴蝶结夹小众香蕉2026新款发饰发卡洋气双排头花夹子,,,普通订单,7.68,0,0,0,0,0,0,0,0,0,0,0,-0.05,0,0,0,0,0,0,是-商品卡免佣,0.37,义乌市衍郝电子商务商行,订单结算
2026-04-23 07:51:31,'2026042307512822524398080159,入账,3.97,聚合账户,货款结算入账,小店自卖,'6952029719440856456,'6952029719440856456,'SS76306672099973903770069,2026-04-12 23:30:36,'3809625164249956608,孕妇专用防滑拖鞋女士夏季家居家室内静音浴室洗澡防臭凉拖鞋外穿,,,普通订单,3.99,0,0,0,0,0,0,0,0,0,0,0,-0.02,0,0,0,0,0,0,是-商品卡免佣,0.15,义乌市衍郝电子商务商行,订单结算
2026-04-23 07:51:31,'2026042307512737568885910159,入账,4.17,聚合账户,货款结算入账,小店自卖,'6925609797052169990,'6925609797052169990,'SS76307159368107013500217,2026-04-15 04:55:44,'3788303831838883893,小韩爆火高颅顶神器头饰夹子发根自然蓬松后秋森系韩系彩色大号,,,普通订单,4.2,0,0,0,0,0,0,0,0,0,0,0,-0.03,0,0,0,0,0,0,是-商品卡免佣,0.22,义乌市衍郝电子商务商行,订单结算
2026-04-23 07:51:31,'2026042307512838847449870159,入账,2.96,聚合账户,货款结算入账,小店自卖,'6952037772214604978,'6952037772214604978,'SS76307634563873551360216,2026-04-13 21:12:32,'3782884506629963916,紫荆花头发夹子气质花朵盘发抓夹女水钻磨大号在成人前额碎发夹子,,,普通订单,2.98,0,0,0,0,0,0,0,0,0,0,0,-0.02,0,0,0,0,0,0,是-商品卡免佣,0.15,义乌市衍郝电子商务商行,订单结算
2026-04-23 07:51:31,'2026042307512816866350170159,入账,4.76,聚合账户,货款结算入账,小店自卖,'6952043935878158107,'6952043935878158107,'SS76307254841749020250073,2026-04-13 13:29:57,'3671410537478095158,花朵可爱最新款梳碎发洋气梳头皮筋头发夹成人扎头发皮筋发饰大肠,,,普通订单,4.79,0.95,0,0,0,0,0,0,0,0,0,0,-0.03,0,0,0,0,0,0,是-商品卡免佣,0.22,义乌市衍郝电子商务商行,订单结算
2026-04-23 07:51:42,'2026042307513806802191900159,入账,8.85,聚合账户,货款结算入账,小店自卖,'6952157229135369649,'6952157229135369649,'SS76307227105580812900135,2026-04-17 19:38:23,'3800198492568289686,买一送一爆款凉拖鞋男士夏季情侣2026新款家居防滑防臭厚底拖鞋女,,,普通订单,8.9,0,0,0,0,0,0,0,0,0,0,0,-0.05,0,0,0,0,0,0,是-商品卡免佣,0.37,义乌市衍郝电子商务商行,订单结算
2026-04-23 07:51:42,'2026042307513825551508630159,入账,6.61,聚合账户,货款结算入账,小店自卖,'6925558474594352609,'6925558474594352609,'SS76306668262216343440169,2026-04-12 23:02:50,'3767675591411761485,显白牛油果绿系列小丝巾缠包模特搭配装饰品丝带绑红色蝴蝶结发饰,,,普通订单,6.65,0,0,0,0,0,0,0,0,0,0,0,-0.04,0,0,0,0,0,0,是-商品卡免佣,0.29,义乌市衍郝电子商务商行,订单结算
2026-04-23 07:51:42,'2026042307513912298859880159,入账,2.76,聚合账户,货款结算入账,小店自卖,'6952014132895028509,'6952014132895028509,'SS76306998776093248360087,2026-04-12 21:21:17,'3797727153387340101,复古带齿防滑发箍丝绒秋冬波浪发珠洗脸防滑整理发卡高颅高级头箍,,,普通订单,2.91,0,0,0,0,0,0,0,0,0,0,0,-0.15,0,0,0,0,0,0,,0,义乌市衍郝电子商务商行,订单结算
2026-04-23 07:51:42,'2026042307513912293901320159,入账,4.96,聚合账户,货款结算入账,小店自卖,'6925554439713750844,'6925554439713750844,'SS76306419015341348110166,2026-04-12 22:45:27,'3809625164249956608,孕妇专用防滑拖鞋女士夏季家居家室内静音浴室洗澡防臭凉拖鞋外穿,,,普通订单,4.99,0,0,0,0,0,0,0,0,0,0,0,-0.03,0,0,0,0,0,0,是-商品卡免佣,0.22,义乌市衍郝电子商务商行,订单结算
2026-04-23 07:51:42,'2026042307513919759270400159,入账,3.67,聚合账户,货款结算入账,小店自卖,'6925651105617248044,'6925651105617248044,'SS76306553503966500260142,2026-04-16 21:33:46,'3797199952510321008,儿童韩系五角星女童大肠花朵发圈甜美可爱纹波丸子头头绳马尾发饰,,,普通订单,3.69,0,0,0,0,0,0,0,0,0,0,0,-0.02,0,0,0,0,0,0,是-商品卡免佣,0.15,义乌市衍郝电子商务商行,订单结算
2026-04-23 07:51:50,'2026042307514617419799390159,入账,4.96,聚合账户,货款结算入账,小店自卖,'6951653081370662569,'6951653081370662569,'SS76307262501347046500038,2026-03-29 14:03:27,'3809625164249956608,孕妇专用防滑拖鞋女士夏季家居家室内静音浴室洗澡防臭凉拖鞋外穿,,,普通订单,0.99,0,0,4,0,0,0,0,0,0,0,0,-0.03,0,0,0,0,0,0,是-商品卡免佣,0.22,义乌市衍郝电子商务商行,订单结算
2026-04-23 07:51:50,'2026042307514532453965320159,入账,4.38,聚合账户,货款结算入账,小店自卖,'6952032820116461482,'6952032820116461482,'SS76307174183066875150225,2026-04-13 13:54:35,'3800198492568289686,买一送一爆款凉拖鞋男士夏季情侣2026新款家居防滑防臭厚底拖鞋女,,,普通订单,0.01,0,0,4.4,0,0,0,0,0,0,0,0,-0.03,0,0,0,0,0,0,是-商品卡免佣,0.22,义乌市衍郝电子商务商行,订单结算
2026-04-23 07:51:50,'2026042307514724164108950159,入账,4.96,聚合账户,货款结算入账,小店自卖,'6925561361213783473,'6925561361213783473,'SS76307240109554242920231,2026-04-13 10:29:52,'3809625164249956608,孕妇专用防滑拖鞋女士夏季家居家室内静音浴室洗澡防臭凉拖鞋外穿,,,普通订单,0.01,0,0,4.98,0,0,0,0,0,0,0,0,-0.03,0,0,0,0,0,0,是-商品卡免佣,0.22,义乌市衍郝电子商务商行,订单结算
2026-04-23 07:51:50,'2026042307514718975503880159,入账,3.47,聚合账户,货款结算入账,小店自卖,'6952158165401081453,'6952158165401081453,'SS76308279971606902030095,2026-04-18 11:08:54,'3806655969480540177,米菲兔巨显发量香蕉兔子后脑勺盘发百搭少女发饰时尚可爱波点大号,,,普通订单,0.01,0,0,3.48,0,0,0,0,0,0,0,0,-0.02,0,0,0,0,0,0,是-商品卡免佣,0.15,义乌市衍郝电子商务商行,订单结算
2026-04-23 07:51:50,'2026042307514720900579840159,入账,4.46,聚合账户,货款结算入账,小店自卖,'6925565155394551429,'6925565155394551429,'SS76307239685592888470025,2026-04-13 13:21:31,'3809625164249956608,孕妇专用防滑拖鞋女士夏季家居家室内静音浴室洗澡防臭凉拖鞋外穿,,,普通订单,0.01,0,0,4.48,0,0,0,0,0,0,0,0,-0.03,0,0,0,0,0,0,是-商品卡免佣,0.22,义乌市衍郝电子商务商行,订单结算
2026-04-23 07:51:55,'2026042307515125180244480159,入账,1.59,聚合账户,货款结算入账,小店自卖,'6925548894194204614,'6925548894194204614,'SS76293081793101504000244,2026-04-12 19:25:00,'3807214433365787096,气质新款简约抓夹大号发量多2026发夹女后脑勺鲨鱼夹高级感头饰,,,普通订单,6.6,0,0,0,0,0,0,0,0,0,0,-5,-0.01,0,0,0,0,0,0,是-商品卡免佣,0.07,义乌市衍郝电子商务商行,订单结算
2026-04-23 07:51:55,'2026042307515135453547920159,入账,3.36,聚合账户,货款结算入账,小店自卖,'6925540513920089769,'6925540513920089769,'SS76306419085912847870166,2026-04-12 21:59:54,'3812796426258350389,夏天简约随手盘发一字扭扭夹水钻抓夹高级发夹扭扭后脑勺盘发器,,,普通订单,3.38,0,0,0,0,0,0,0,0,0,0,0,-0.02,0,0,0,0,0,0,是-商品卡免佣,0.15,义乌市衍郝电子商务商行,订单结算
2026-04-23 07:51:55,'2026042307515201935936340159,入账,4.96,聚合账户,货款结算入账,小店自卖,'6925557090920397848,'6925557090920397848,'SS76307241575425029520205,2026-04-13 11:17:00,'3809625164249956608,孕妇专用防滑拖鞋女士夏季家居家室内静音浴室洗澡防臭凉拖鞋外穿,,,普通订单,4.99,0,0,0,0,0,0,0,0,0,0,0,-0.03,0,0,0,0,0,0,是-商品卡免佣,0.22,义乌市衍郝电子商务商行,订单结算
2026-04-23 07:51:55,'2026042307515128115113020159,入账,2.2,聚合账户,货款结算入账,小店自卖,'6952025309895726153,'6952025309895726153,'SS76306388912216355900016,2026-04-13 02:01:44,'3812240028327870813,粉色双面蝴蝶结香蕉夹竖夹超温柔!气质高马尾发夹后脑勺发夹发饰,,,普通订单,0.01,0,0,2.2,0,0,0,0,0,0,0,0,-0.01,0,0,0,0,0,0,是-商品卡免佣,0.07,义乌市衍郝电子商务商行,订单结算
2026-04-23 07:51:55,'2026042307515217297781760159,入账,3.54,聚合账户,货款结算入账,小店自卖,'6925557874797018424,'6925557874797018424,'SS76306666079748759440113,2026-04-12 19:28:18,'3799240809392504924,韩国东大门同款碎发夹气质水钻侧边刘海夹子女高颜值发卡头饰BB夹,,,普通订单,3.56,0,0,0,0,0,0,0,0,0,0,0,-0.02,0,0,0,0,0,0,是-商品卡免佣,0.15,义乌市衍郝电子商务商行,订单结算
2026-04-23 07:52:02,'2026042307515927476625920159,入账,8.23,聚合账户,货款结算入账,小店自卖,'6925666196172668788,'6925666196172668788,'SS76306764230028664510093,2026-04-18 00:52:38,'3812244340491813699,新款密齿香蕉韩系法式波点蕾丝蝴蝶结后脑勺盘发发夹发卡马尾发饰,,,普通订单,8.28,0,0,0,0,0,0,0,0,0,0,0,-0.05,0,0,0,0,0,0,是-商品卡免佣,0.37,义乌市衍郝电子商务商行,订单结算
2026-04-23 07:52:02,'2026042307515902481528720159,入账,4.94,聚合账户,货款结算入账,小店自卖,'6925558592202112586,'6925558592202112586,'SS76307376947507369050145,2026-04-12 23:52:10,'3812240028327870813,粉色双面蝴蝶结香蕉夹竖夹超温柔!气质高马尾发夹后脑勺发夹发饰,,,普通订单,0.14,0,0,5.06,0,0,0,0,0,0,0,0,-0.26,0,0,0,0,0,0,,0,义乌市衍郝电子商务商行,订单结算
2026-04-23 07:52:02,'2026042307515902483330960159,入账,3.89,聚合账户,货款结算入账,小店自卖,'6925542819449830679,'6925542819449830679,'SS76307255232499392520067,2026-04-12 23:03:14,'3813158348195496156,公主发夹波点蝴蝶结夹小众香蕉2026新款发饰发卡洋气双排头花夹子,,,普通订单,3.91,0,0,0,0,0,0,0,0,0,0,0,-0.02,0,0,0,0,0,0,是-商品卡免佣,0.15,义乌市衍郝电子商务商行,订单结算
2026-04-23 07:52:02,'2026042307515919169779580159,入账,2.83,聚合账户,货款结算入账,小店自卖,'6952116185244899207,'6952116185244899207,'SS76308113715628280780219,2026-04-17 00:13:36,'3812961166053999319,ins爆款卡通蓬松夹鸭嘴夹一字夹化妆发夹超萌可爱猫咪少女刘海夹,,,普通订单,0.01,0,0,2.97,0,0,0,0,0,0,0,0,-0.15,0,0,0,0,0,0,,0,义乌市衍郝电子商务商行,订单结算
2026-04-23 07:52:02,'2026042307515938212449540159,入账,4.74,聚合账户,货款结算入账,小店自卖,'6951911059415242518,'6951911059415242518,'SS76306568611599654910160,2026-04-08 08:44:51,'3799023022220903050,2026新款EVA家居室内不臭脚拖鞋男士夏季踩屎感防滑洗澡凉拖女式,,,普通订单,1.99,0,0,3,0,0,0,0,0,0,0,0,-0.25,0,0,0,0,0,0,,0,义乌市衍郝电子商务商行,订单结算
2026-04-23 07:52:02,'2026042307515839688604160159,入账,4.65,聚合账户,货款结算入账,小店自卖,'6925645036786253529,'6925645036786253529,'SS76307344133831237530250,2026-04-16 10:29:50,'3812240028327870813,粉色双面蝴蝶结香蕉夹竖夹超温柔!气质高马尾发夹后脑勺发夹发饰,,,普通订单,0.01,0,0,4.67,0,0,0,0,0,0,0,0,-0.03,0,0,0,0,0,0,是-商品卡免佣,0.22,义乌市衍郝电子商务商行,订单结算
2026-04-23 07:52:02,'2026042307515717855780360159,入账,5.86,聚合账户,货款结算入账,小店自卖,'6925551951408823404,'6925551951408823404,'SS76307365364090806190249,2026-04-12 22:04:19,'3783078074455819331,法式黑色缎面蝴蝶结抓夹女高级感2025新款大号在成人前额碎发夹子,,,普通订单,5.9,0,0,0,0,0,0,0,0,0,0,0,-0.04,0,0,0,0,0,0,是-商品卡免佣,0.29,义乌市衍郝电子商务商行,订单结算
2026-04-23 07:52:02,'2026042307515907563883860159,入账,4.26,聚合账户,货款结算入账,小店自卖,'6952145700706523076,'6952145700706523076,'SS76307706158799959450234,2026-04-17 18:29:31,'3809044568205295744,日常碎发波浪发箍2026新款高颜值高颅顶外出百搭洗脸专用头箍女,,,普通订单,3.89,0,0,0.4,0,0,0,0,0,0,0,0,-0.03,0,0,0,0,0,0,是-商品卡免佣,0.22,义乌市衍郝电子商务商行,订单结算
2026-04-23 07:52:02,'2026042307515833687964560159,入账,4.46,聚合账户,货款结算入账,小店自卖,'6925411215208774981,'6925411215208774981,'SS76306556800761861750224,2026-04-07 20:33:55,'3799023022220903050,2026新款EVA家居室内不臭脚拖鞋男士夏季踩屎感防滑洗澡凉拖女式,,,普通订单,0.01,0,0,4.48,0,0,0,0,0,0,0,0,-0.03,0,0,0,0,0,0,是-商品卡免佣,0.22,义乌市衍郝电子商务商行,订单结算
2026-04-23 07:52:02,'2026042307515838758364560159,入账,3.83,聚合账户,货款结算入账,小店自卖,'6925584299755208555,'6925584299755208555,'SS76308269008988574720049,2026-04-13 21:57:23,'3812240028327870813,粉色双面蝴蝶结香蕉夹竖夹超温柔!气质高马尾发夹后脑勺发夹发饰,,,普通订单,0.01,0,0,3.84,0,0,0,0,0,0,0,0,-0.02,0,0,0,0,0,0,是-商品卡免佣,0.15,义乌市衍郝电子商务商行,订单结算
2026-04-23 07:52:08,'2026042307520601973455460159,入账,3.47,聚合账户,货款结算入账,小店自卖,'6952016491536848552,'6952016491536848552,'SS76306825605998846070220,2026-04-12 22:20:41,'3810919823941174195,中式复古洋气多层小蛮腰褶皱印花肥肠圈高端水墨皮筋耐用新款发圈,,,普通订单,0.46,0,0,3.19,0,0,0,0,0,0,0,0,-0.18,0,0,0,0,0,0,,0,义乌市衍郝电子商务商行,订单结算
2026-04-23 07:52:08,'2026042307520513727173210159,入账,2.96,聚合账户,货款结算入账,小店自卖,'6952157218877084846,'6952157218877084846,'SS76306593372869266320241,2026-04-17 19:01:31,'3812240028327870813,粉色双面蝴蝶结香蕉夹竖夹超温柔!气质高马尾发夹后脑勺发夹发饰,,,普通订单,0.98,0,0,2,0,0,0,0,0,0,0,0,-0.02,0,0,0,0,0,0,是-商品卡免佣,0.15,义乌市衍郝电子商务商行,订单结算
2026-04-23 07:52:08,'2026042307520524101401980159,入账,5.86,聚合账户,货款结算入账,小店自卖,'6952029795199621035,'6952029795199621035,'SS76307479996984696670065,2026-04-13 00:40:01,'3783078074455819331,法式黑色缎面蝴蝶结抓夹女高级感2025新款大号在成人前额碎发夹子,,,普通订单,3.4,0,0,0,0,0,0,0,2.5,0,0,0,-0.04,0,0,0,0,0,0,是-商品卡免佣,0.29,义乌市衍郝电子商务商行,订单结算
2026-04-23 07:52:08,'2026042307520537798715030159,入账,6.74,聚合账户,货款结算入账,小店自卖,'6925594846082399807,'6925594846082399807,'SS76307394859703011840085,2026-04-15 00:11:13,'3712259868460187975,气质抓夹大号发量多2024新款爆款发夹女后脑勺鲨鱼夹高级感头饰,,,普通订单,6.78,0,0,0,0,0,0,0,0,0,0,0,-0.04,0,0,0,0,0,0,是-商品卡免佣,0.29,义乌市衍郝电子商务商行,订单结算
2026-04-23 07:52:08,'2026042307520601766036980159,入账,2.87,聚合账户,货款结算入账,小店自卖,'6952046027589883377,'6952046027589883377,'SS76307049443957150820101,2026-04-13 12:41:56,'3752321970432246133,宫廷发箍设计波西米亚风发箍宽边网红洋气气质头箍红色头饰发饰,,,普通订单,2.89,0,0,0,0,0,0,0,0,0,0,0,-0.02,0,0,0,0,0,0,是-商品卡免佣,0.15,义乌市衍郝电子商务商行,订单结算
2026-04-23 07:52:09,'2026042307520523281341590159,入账,4.96,聚合账户,货款结算入账,小店自卖,'6925567074958868436,'6925567074958868436,'SS76307434358336394330120,2026-04-14 09:59:58,'3809625164249956608,孕妇专用防滑拖鞋女士夏季家居家室内静音浴室洗澡防臭凉拖鞋外穿,,,普通订单,4.99,0,0,0,0,0,0,0,0,0,0,0,-0.03,0,0,0,0,0,0,是-商品卡免佣,0.22,义乌市衍郝电子商务商行,订单结算
2026-04-23 07:52:09,'2026042307520619252682760159,入账,8.85,聚合账户,货款结算入账,小店自卖,'6925562768770366498,'6925562768770366498,'SS76307389703890706430041,2026-04-13 10:57:01,'3800198492568289686,买一送一爆款凉拖鞋男士夏季情侣2026新款家居防滑防臭厚底拖鞋女,,,普通订单,8.9,0,0,0,0,0,0,0,0,0,0,0,-0.05,0,0,0,0,0,0,是-商品卡免佣,0.37,义乌市衍郝电子商务商行,订单结算
2026-04-23 07:52:09,'2026042307520507350520320159,入账,8.85,聚合账户,货款结算入账,小店自卖,'6925560668392553715,'6925560668392553715,'SS76306672358703439780141,2026-04-13 00:00:01,'3800198492568289686,买一送一爆款凉拖鞋男士夏季情侣2026新款家居防滑防臭厚底拖鞋女,,,普通订单,8.9,0,0,0,0,0,0,0,0,0,0,0,-0.05,0,0,0,0,0,0,是-商品卡免佣,0.37,义乌市衍郝电子商务商行,订单结算
2026-04-23 07:52:09,'2026042307520517203208080159,入账,5.03,聚合账户,货款结算入账,小店自卖,'6925685366034431798,'6925685366034431798,'SS76306775486955686760065,2026-04-18 07:35:20,'3809625164249956608,孕妇专用防滑拖鞋女士夏季家居家室内静音浴室洗澡防臭凉拖鞋外穿,,,普通订单,5.29,0,0,0,0,0,0,0,0,0,0,0,-0.26,0,0,0,0,0,0,,0,义乌市衍郝电子商务商行,订单结算
2026-04-23 07:52:09,'2026042307520438978690710159,入账,4.96,聚合账户,货款结算入账,小店自卖,'6925554325931785288,'6925554325931785288,'SS76306415334653795840126,2026-04-12 22:06:13,'3809625164249956608,孕妇专用防滑拖鞋女士夏季家居家室内静音浴室洗澡防臭凉拖鞋外穿,,,普通订单,4.99,0,0,0,0,0,0,0,0,0,0,0,-0.03,0,0,0,0,0,0,是-商品卡免佣,0.22,义乌市衍郝电子商务商行,订单结算
2026-04-23 07:52:18,'2026042307521605723469300159,入账,4.46,聚合账户,货款结算入账,小店自卖,'6952043848548881448,'6952043848548881448,'SS76307241529906962460039,2026-04-13 12:02:20,'3809625164249956608,孕妇专用防滑拖鞋女士夏季家居家室内静音浴室洗澡防臭凉拖鞋外穿,,,普通订单,0.01,0,0,4.48,0,0,0,0,0,0,0,0,-0.03,0,0,0,0,0,0,是-商品卡免佣,0.22,义乌市衍郝电子商务商行,订单结算
2026-04-23 07:52:18,'2026042307521512008824660159,入账,4.77,聚合账户,货款结算入账,小店自卖,'6925665645347176317,'6925665645347176317,'SS76308571050794194440066,2026-04-17 20:39:44,'3812240028327870813,粉色双面蝴蝶结香蕉夹竖夹超温柔!气质高马尾发夹后脑勺发夹发饰,,,普通订单,0.01,0,0,4.79,0,0,0,0,0,0,0,0,-0.03,0,0,0,0,0,0,是-商品卡免佣,0.22,义乌市衍郝电子商务商行,订单结算
2026-04-23 07:52:18,'2026042307521614984689100159,入账,5.17,聚合账户,货款结算入账,小店自卖,'6952034017706055064,'6952034017706055064,'SS76307377087840591770037,2026-04-12 23:11:00,'3812240028327870813,粉色双面蝴蝶结香蕉夹竖夹超温柔!气质高马尾发夹后脑勺发夹发饰,,,普通订单,5.2,0,0,0,0,0,0,0,0,0,0,0,-0.03,0,0,0,0,0,0,是-商品卡免佣,0.22,义乌市衍郝电子商务商行,订单结算
2026-04-23 07:52:18,'2026042307521430206205590159,入账,5.26,聚合账户,货款结算入账,小店自卖,'6925659940525145638,'6925659940525145638,'SS76308487031627945380015,2026-04-17 07:11:25,'3809625164249956608,孕妇专用防滑拖鞋女士夏季家居家室内静音浴室洗澡防臭凉拖鞋外穿,,,普通订单,5.29,0,0,0,0,0,0,0,0,0,0,0,-0.03,0,0,0,0,0,0,是-商品卡免佣,0.22,义乌市衍郝电子商务商行,订单结算
2026-04-23 07:52:19,'2026042307521505463414160159,入账,1.96,聚合账户,货款结算入账,小店自卖,'6925427686656605641,'6925427686656605641,'SS76306755565810816420229,2026-04-08 10:23:46,'3812554110545297520,超温柔!粉色双面蝴蝶结香蕉夹竖夹气质高马尾发夹后脑勺发夹发饰,,,普通订单,0.01,0,0,1.96,0,0,0,0,0,0,0,0,-0.01,0,0,0,0,0,0,是-商品卡免佣,0.07,义乌市衍郝电子商务商行,订单结算
2026-04-23 07:52:25,'2026042307522214813148590159,入账,7.06,聚合账户,货款结算入账,小店自卖,'6952041398374634882,'6952041398374634882,'SS76307249000635274590160,2026-04-13 12:53:12,'3776807804489302292,豹纹ins爱心发夹女一字夹高端碎发前额刘大号在成人前额碎发夹子,,,普通订单,7.1,0,0,0,0,0,0,0,0,0,0,0,-0.04,0,0,0,0,0,0,是-商品卡免佣,0.29,义乌市衍郝电子商务商行,订单结算
2026-04-23 07:52:25,'2026042307522113479616630159,入账,4.96,聚合账户,货款结算入账,小店自卖,'6952012229787915342,'6952012229787915342,'SS76306429173723630440093,2026-04-12 22:01:51,'3809625164249956608,孕妇专用防滑拖鞋女士夏季家居家室内静音浴室洗澡防臭凉拖鞋外穿,,,普通订单,4.99,0,0,0,0,0,0,0,0,0,0,0,-0.03,0,0,0,0,0,0,是-商品卡免佣,0.22,义乌市衍郝电子商务商行,订单结算
2026-04-23 07:52:25,'2026042307522105338242620159,入账,8.85,聚合账户,货款结算入账,小店自卖,'6952051067723781865,'6952051067723781865,'SS76307928126785295700158,2026-04-13 19:06:50,'3800198492568289686,买一送一爆款凉拖鞋男士夏季情侣2026新款家居防滑防臭厚底拖鞋女,,,普通订单,8.9,0,0,0,0,0,0,0,0,0,0,0,-0.05,0,0,0,0,0,0,是-商品卡免佣,0.37,义乌市衍郝电子商务商行,订单结算
2026-04-23 07:52:25,'2026042307522131251996500159,入账,3.76,聚合账户,货款结算入账,小店自卖,'6925676087645601165,'6925676087645601165,'SS76307776472153623460142,2026-04-17 17:54:26,'3776807804489302292,豹纹ins爱心女一字夹高端碎发发夹女款2026新款网红爆款,,,普通订单,3.78,0,0,0,0,0,0,0,0,0,0,0,-0.02,0,0,0,0,0,0,是-商品卡免佣,0.15,义乌市衍郝电子商务商行,订单结算
2026-04-23 07:52:25,'2026042307522034131809640159,入账,2.29,聚合账户,货款结算入账,小店自卖,'6952019022631147193,'6952019022631147193,'SS76306999644692482940131,2026-04-13 09:12:20,'3752323501579698198,炫彩精致马尾侧边百搭气质闪钻少女顶夹刘海造型侧边夹碎发刘海夹,,,普通订单,2.41,0,0,0,0,0,0,0,0,0,0,0,-0.12,0,0,0,0,0,0,,0,义乌市衍郝电子商务商行,订单结算
2026-04-23 07:52:33,'2026042307523001313715610159,入账,4.87,聚合账户,货款结算入账,小店自卖,'6952031759802307596,'6952031759802307596,'SS76306426483065659240080,2026-04-12 22:12:37,'3800198492568289686,买一送一爆款凉拖鞋男士夏季情侣2026新款家居防滑防臭厚底拖鞋女,,,普通订单,1.1,0,0,3.8,0,0,0,0,0,0,0,0,-0.03,0,0,0,0,0,0,是-商品卡免佣,0.22,义乌市衍郝电子商务商行,订单结算
2026-04-23 07:52:33,'2026042307522931932910430159,入账,2.83,聚合账户,货款结算入账,小店自卖,'6925662413781827412,'6925662413781827412,'SS76306321518054776820060,2026-04-17 13:22:26,'3813152773302780175,柔软泡泡纱韩国粉色碎花大肠发圈超大号高级仙气丸子慵懒头绳发饰,,,普通订单,2.85,0,0,0,0,0,0,0,0,0,0,0,-0.02,0,0,0,0,0,0,是-商品卡免佣,0.15,义乌市衍郝电子商务商行,订单结算
2026-04-23 07:52:33,'2026042307522909738980200159,入账,3.78,聚合账户,货款结算入账,小店自卖,'6952167704872817835,'6952167704872817835,'SS76307688773114475920066,2026-04-18 17:43:55,'3790155312900735053,新款复古气质豹纹皮革三角后秋森系女款黑色抓夹ins网红发夹发卡,,,普通订单,0.01,0,0,3.79,0,0,0,0,0,0,0,0,-0.02,0,0,0,0,0,0,是-商品卡免佣,0.15,义乌市衍郝电子商务商行,订单结算
2026-04-23 07:52:33,'2026042307522922284088670159,入账,1.98,聚合账户,货款结算入账,小店自卖,'6925613495288495915,'6925613495288495915,'SS76306087492291139190050,2026-04-15 15:58:14,'3812796426258350389,夏天简约随手盘发一字扭扭夹水钻抓夹高级发夹扭扭后脑勺盘发器,,,普通订单,0.01,0,0,1.98,0,0,0,0,0,0,0,0,-0.01,0,0,0,0,0,0,是-商品卡免佣,0.07,义乌市衍郝电子商务商行,订单结算
2026-04-23 07:52:33,'2026042307522921699464030159,入账,4.46,聚合账户,货款结算入账,小店自卖,'6925547007717178762,'6925547007717178762,'SS76306673651025884500178,2026-04-12 22:06:22,'3812961166053999319,ins爆款卡通蓬松夹鸭嘴夹一字夹化妆发夹超萌可爱猫咪少女刘海夹,,,普通订单,0.01,0,0,4.48,0,0,0,0,0,0,0,0,-0.03,0,0,0,0,0,0,是-商品卡免佣,0.22,义乌市衍郝电子商务商行,订单结算
2026-04-23 07:52:39,'2026042307523608690403990159,入账,8.45,聚合账户,货款结算入账,小店自卖,'6925622385697455323,'6925622385697455323,'SS76306756975138736740075,2026-04-15 17:42:12,'3800198492568289686,买一送一爆款凉拖鞋男士夏季情侣2026新款家居防滑防臭厚底拖鞋女,,,普通订单,6.23,0,0,2.67,0,0,0,0,0,0,0,0,-0.45,0,0,0,0,0,0,,0,义乌市衍郝电子商务商行,订单结算
2026-04-23 07:52:39,'2026042307523628530286600159,入账,4.46,聚合账户,货款结算入账,小店自卖,'6952045824401086073,'6952045824401086073,'SS76307242428998459290066,2026-04-13 10:35:28,'3809625164249956608,孕妇专用防滑拖鞋女士夏季家居家室内静音浴室洗澡防臭凉拖鞋外穿,,,普通订单,0.01,0,0,4.48,0,0,0,0,0,0,0,0,-0.03,0,0,0,0,0,0,是-商品卡免佣,0.22,义乌市衍郝电子商务商行,订单结算
2026-04-23 07:52:39,'2026042307523503153925270159,入账,8.45,聚合账户,货款结算入账,巨量千川,'6952137115586663438,'6952137115586663438,'SS76307021070082544640086,2026-04-17 19:29:14,'3800198492568289686,买一送一爆款凉拖鞋男士夏季情侣2026新款家居防滑防臭厚底拖鞋女,,,普通订单,5.74,0,0,3.16,0,0,0,0,0,0,0,0,-0.45,0,0,0,0,0,0,,0,义乌市衍郝电子商务商行,订单结算
2026-04-23 07:52:39,'2026042307523516835223190159,入账,9.6,聚合账户,货款结算入账,小店自卖,'6951986349106402345,'6951986349106402345,'SS76307760933687140110032,2026-04-12 01:39:20,'3768979814174818449,2025新款气质大号盘发鸭嘴夹春夏发卡蝴蝶大号在成人抓夹碎发夹子,,,普通订单,9.66,0,0,0,0,0,0,0,0,0,0,0,-0.06,0,0,0,0,0,0,是-商品卡免佣,0.44,义乌市衍郝电子商务商行,订单结算
2026-04-23 07:52:39,'2026042307523612376972800159,入账,4.87,聚合账户,货款结算入账,小店自卖,'6952034143024453507,'6952034143024453507,'SS76306425781403983880121,2026-04-12 23:55:10,'3800198492568289686,买一送一爆款凉拖鞋男士夏季情侣2026新款家居防滑防臭厚底拖鞋女,,,普通订单,1.9,0,0,3,0,0,0,0,0,0,0,0,-0.03,0,0,0,0,0,0,是-商品卡免佣,0.22,义乌市衍郝电子商务商行,订单结算
2026-04-23 07:52:45,'2026042307524217198456740159,入账,4.25,聚合账户,货款结算入账,小店自卖,'6952148433370813644,'6952148433370813644,'SS76307457055061448060184,2026-04-17 22:22:39,'3812240028327870813,粉色双面蝴蝶结香蕉夹竖夹超温柔!气质高马尾发夹后脑勺发夹发饰,,,普通订单,0.28,0,0,4,0,0,0,0,0,0,0,0,-0.03,0,0,0,0,0,0,是-商品卡免佣,0.22,义乌市衍郝电子商务商行,订单结算
2026-04-23 07:52:45,'2026042307524221016253850159,入账,3.47,聚合账户,货款结算入账,小店自卖,'6952025157913810216,'6952025157913810216,'SS76306665961887828670099,2026-04-12 22:43:35,'3806655969480540177,米菲兔巨显发量香蕉兔子后脑勺盘发百搭少女发饰时尚可爱波点大号,,,普通订单,3.49,0,0,0,0,0,0,0,0,0,0,0,-0.02,0,0,0,0,0,0,是-商品卡免佣,0.15,义乌市衍郝电子商务商行,订单结算
2026-04-23 07:52:45,'2026042307524216177239380159,入账,4.65,聚合账户,货款结算入账,小店自卖,'6925540886803873321,'6925540886803873321,'SS76306668755962432260012,2026-04-13 00:19:40,'3812240028327870813,粉色双面蝴蝶结香蕉夹竖夹超温柔!气质高马尾发夹后脑勺发夹发饰,,,普通订单,1.68,0,0,3,0,0,0,0,0,0,0,0,-0.03,0,0,0,0,0,0,是-商品卡免佣,0.22,义乌市衍郝电子商务商行,订单结算
2026-04-23 07:52:45,'2026042307524131086185110159,入账,2.56,聚合账户,货款结算入账,小店自卖,'6925413044711751139,'6925413044711751139,'SS76306646934433963880069,2026-04-07 20:37:59,'3773268304727245249,洋气国风蝴蝶结高级感复古丝巾发带发饰女绑头巾飘带网红爆款新款,,,普通订单,0.01,0,0,2.57,0,0,0,0,0,0,0,0,-0.02,0,0,0,0,0,0,是-商品卡免佣,0.15,义乌市衍郝电子商务商行,订单结算
2026-04-23 07:52:45,'2026042307524116957442710159,入账,4.25,聚合账户,货款结算入账,小店自卖,'6925685672645983453,'6925685672645983453,'SS76307657583223283470096,2026-04-18 09:56:19,'3812240028327870813,粉色双面蝴蝶结香蕉夹竖夹超温柔!气质高马尾发夹后脑勺发夹发饰,,,普通订单,0.28,0,0,4,0,0,0,0,0,0,0,0,-0.03,0,0,0,0,0,0,是-商品卡免佣,0.22,义乌市衍郝电子商务商行,订单结算
2026-04-23 07:52:54,'2026042307525035414510430159,入账,4.65,聚合账户,货款结算入账,小店自卖,'6925622204106046598,'6925622204106046598,'SS76308469115195888730134,2026-04-15 16:11:10,'3800198492568289686,买一送一爆款凉拖鞋男士夏季情侣2026新款家居防滑防臭厚底拖鞋女,,,普通订单,0.01,0,0,4.89,0,0,0,0,0,0,0,0,-0.25,0,0,0,0,0,0,,0,义乌市衍郝电子商务商行,订单结算
2026-04-23 07:52:54,'2026042307525041717440520159,入账,4.74,聚合账户,货款结算入账,小店自卖,'6952032738971489592,'6952032738971489592,'SS76307239255259384730065,2026-04-13 13:13:40,'3809625164249956608,孕妇专用防滑拖鞋女士夏季家居家室内静音浴室洗澡防臭凉拖鞋外穿,,,普通订单,1.47,0,0,3.52,0,0,0,0,0,0,0,0,-0.25,0,0,0,0,0,0,,0,义乌市衍郝电子商务商行,订单结算
2026-04-23 07:52:54,'2026042307525102872816990159,入账,5.03,聚合账户,货款结算入账,小店自卖,'6925638192986881252,'6925638192986881252,'SS76307373643607902820090,2026-04-16 11:28:22,'3809625164249956608,孕妇专用防滑拖鞋女士夏季家居家室内静音浴室洗澡防臭凉拖鞋外穿,,,普通订单,3.29,0,0,2,0,0,0,0,0,0,0,0,-0.26,0,0,0,0,0,0,,0,义乌市衍郝电子商务商行,订单结算
2026-04-23 07:52:54,'2026042307525107642322440159,入账,4.27,聚合账户,货款结算入账,小店自卖,'6952129875599955078,'6952129875599955078,'SS76307872130594245380148,2026-04-17 03:46:12,'3812240028327870813,粉色双面蝴蝶结香蕉夹竖夹超温柔!气质高马尾发夹后脑勺发夹发饰,,,普通订单,0.3,0,0,4,0,0,0,0,0,0,0,0,-0.03,0,0,0,0,0,0,是-商品卡免佣,0.22,义乌市衍郝电子商务商行,订单结算
2026-04-23 07:52:54,'2026042307525015198620160159,入账,4.92,聚合账户,货款结算入账,小店自卖,'6925580065073299039,'6925580065073299039,'SS76308207306131584150007,2026-04-13 22:27:19,'3769186223818670555,满天星抓夹女质感中号鲨鱼夹半披发抓夹高大号在成人前额碎发夹子,,,普通订单,3.63,0,0,1.55,0,0,0,0,0,0,0,0,-0.26,0,0,0,0,0,0,,0,义乌市衍郝电子商务商行,订单结算
2026-04-23 07:53:00,'2026042307525637339138900159,入账,3.36,聚合账户,货款结算入账,小店自卖,'6925579602309382007,'6925579602309382007,'SS76305856639180150300000,2026-04-13 19:46:07,'3812796426258350389,夏天简约随手盘发一字扭扭夹水钻抓夹高级发夹扭扭后脑勺盘发器,,,普通订单,3.38,0,0,0,0,0,0,0,0,0,0,0,-0.02,0,0,0,0,0,0,是-商品卡免佣,0.15,义乌市衍郝电子商务商行,订单结算
2026-04-23 07:53:00,'2026042307525707510799760159,入账,3.93,聚合账户,货款结算入账,小店自卖,'6925677330234899675,'6925677330234899675,'SS76306830159206159870127,2026-04-18 09:26:36,'3812961166053999319,ins爆款卡通蓬松夹鸭嘴夹一字夹化妆发夹超萌可爱猫咪少女刘海夹,,,普通订单,3.95,0,0,0,0,0,0,0,0,0,0,0,-0.02,0,0,0,0,0,0,是-商品卡免佣,0.15,义乌市衍郝电子商务商行,订单结算
2026-04-23 07:53:40,'2026042307533640112463510159,入账,3.23,聚合账户,货款结算入账,小店自卖,'6925604670724079144,'6925604670724079144,'SS76306192292478162350199,2026-04-15 10:08:03,'3809975766641410463,高级感水钻珠珠一字扭扭夹2026新款盘发抓夹后脑勺发量多发夹头饰,,,普通订单,3.25,0,0,0,0,0,0,0,0,0,0,0,-0.02,0,0,0,0,0,0,是-商品卡免佣,0.15,义乌市衍郝电子商务商行,订单结算
2026-04-23 07:53:40,'2026042307533634988203900159,入账,2.18,聚合账户,货款结算入账,小店自卖,'6952007772437485192,'6952007772437485192,'SS76307317935881753700140,2026-04-13 00:55:28,'3786031401200124187,可爱甜美kitty网红秋冬发夹夹头发发卡ins后秋森系韩系彩色大号,,,普通订单,0.31,0.3,0,1.98,0,0,0,0,0,0,0,0,-0.11,0,0,0,0,0,0,,0,义乌市衍郝电子商务商行,订单结算
2026-04-23 07:53:40,'2026042307533610013578390159,入账,2.84,聚合账户,货款结算入账,小店自卖,'6925552276582989798,'6925552276582989798,'SS76306668202151491080151,2026-04-13 00:04:51,'3811102963569655948,春夏撞色蝴蝶结发夹发卡女后脑勺2026新款气质大号盘发鸭嘴夹发饰,,,普通订单,0.01,0,0,2.98,0,0,0,0,0,0,0,0,-0.15,0,0,0,0,0,0,,0,义乌市衍郝电子商务商行,订单结算
2026-04-23 07:53:40,'2026042307533631005581260159,入账,2.1,聚合账户,货款结算入账,小店自卖,'6952099848292144139,'6952099848292144139,'SS76306764019053696000014,2026-04-15 09:20:53,'3812240028327870813,粉色双面蝴蝶结香蕉夹竖夹超温柔!气质高马尾发夹后脑勺发夹发饰,,,普通订单,0.01,0,0,2.2,0,0,0,0,0,0,0,0,-0.11,0,0,0,0,0,0,,0,义乌市衍郝电子商务商行,订单结算
2026-04-23 07:53:40,'2026042307533703173463190159,入账,4.33,聚合账户,货款结算入账,小店自卖,'6925558616854199559,'6925558616854199559,'SS76306668235962496380097,2026-04-13 00:06:28,'3809975766641410463,高级感水钻珠珠一字扭扭夹2026新款盘发抓夹后脑勺发量多发夹头饰,,,普通订单,0.56,0,0,4,0,0,0,0,0,0,0,0,-0.23,0,0,0,0,0,0,,0,义乌市衍郝电子商务商行,订单结算
2026-04-23 07:53:53,'2026042307535011620890020159,入账,8.25,聚合账户,货款结算入账,小店自卖,'6952012209898853483,'6952012209898853483,'SS76306667358386752090195,2026-04-12 22:00:59,'3800918464336625694,韩式少女心花朵发夹女2026新款甜美前额侧边发卡一字夹刘海夹发饰,,,普通订单,8.3,0.8,0,0,0,0,0,0,0,0,0,0,-0.05,0,0,0,0,0,0,是-商品卡免佣,0.37,义乌市衍郝电子商务商行,订单结算
2026-04-23 07:53:53,'2026042307534932801922900159,入账,4.96,聚合账户,货款结算入账,小店自卖,'6925540064503365304,'6925540064503365304,'SS76306420264059049360226,2026-04-12 18:57:00,'3809625164249956608,孕妇专用防滑拖鞋女士夏季家居家室内静音浴室洗澡防臭凉拖鞋外穿,,,普通订单,0.01,0,0,4.98,0,0,0,0,0,0,0,0,-0.03,0,0,0,0,0,0,是-商品卡免佣,0.22,义乌市衍郝电子商务商行,订单结算
2026-04-23 07:53:53,'2026042307534919215529020159,入账,8.85,聚合账户,货款结算入账,小店自卖,'6952024451740276607,'6952024451740276607,'SS76306671528740129800091,2026-04-12 16:28:48,'3800198492568289686,买一送一爆款凉拖鞋男士夏季情侣2026新款家居防滑防臭厚底拖鞋女,,,普通订单,7.9,0,0,1,0,0,0,0,0,0,0,0,-0.05,0,0,0,0,0,0,是-商品卡免佣,0.37,义乌市衍郝电子商务商行,订单结算
2026-04-23 07:53:53,'2026042307535000630955940159,入账,4.74,聚合账户,货款结算入账,小店自卖,'6952036950939800876,'6952036950939800876,'SS76307240464277839820208,2026-04-13 12:45:41,'3809625164249956608,孕妇专用防滑拖鞋女士夏季家居家室内静音浴室洗澡防臭凉拖鞋外穿,,,普通订单,3.5,0,0,1.49,0,0,0,0,0,0,0,0,-0.25,0,0,0,0,0,0,,0,义乌市衍郝电子商务商行,订单结算
2026-04-23 07:53:53,'2026042307534913646891860159,入账,3.12,聚合账户,货款结算入账,小店自卖,'6925544370611978137,'6925544370611978137,'SS76306666353475264100243,2026-04-12 18:00:40,'3807956255797018943,韩国精致气质炫彩侧边夹2026年新款发夹高端夹顶刘海鸭嘴高级夹子,,,普通订单,0.28,0,0,3,0,0,0,0,0,0,0,0,-0.16,0,0,0,0,0,0,,0,义乌市衍郝电子商务商行,订单结算
2026-04-23 07:54:05,'2026042307540131905057370159,入账,4.76,聚合账户,货款结算入账,小店自卖,'6952137443045283053,'6952137443045283053,'SS76307707922903534430162,2026-04-17 22:27:59,'3807235160995398024,甜美闪钻豹纹猫咪发夹女碎发刘海夹子ins新款高端头饰鸭嘴夹边夹,,,普通订单,4.79,0,0,0,0,0,0,0,0,0,0,0,-0.03,0,0,0,0,0,0,是-商品卡免佣,0.22,义乌市衍郝电子商务商行,订单结算
2026-04-23 07:54:05,'2026042307540235788557300159,入账,4.87,聚合账户,货款结算入账,小店自卖,'6952036665074980365,'6952036665074980365,'SS76296632060314591260119,2026-04-13 09:04:27,'3810393692611674121,小众不规则抓夹大号发量大发夹女后脑勺鲨鱼夹发卡2026新款头饰,,,普通订单,6.9,0,0,0,0,0,0,0,0,0,0,-2,-0.03,0,0,0,0,0,0,是-商品卡免佣,0.22,义乌市衍郝电子商务商行,订单结算
2026-04-23 07:54:05,'2026042307540231521349460159,入账,4.87,聚合账户,货款结算入账,小店自卖,'6925546322258001890,'6925546322258001890,'SS76306424317048102910016,2026-04-12 17:26:58,'3800198492568289686,买一送一爆款凉拖鞋男士夏季情侣2026新款家居防滑防臭厚底拖鞋女,,,普通订单,0.01,0,0,0,0,0,0,0,4.89,0,0,0,-0.03,0,0,0,0,0,0,是-商品卡免佣,0.22,义乌市衍郝电子商务商行,订单结算
2026-04-23 07:54:05,'2026042307540301533053950159,入账,3.86,聚合账户,货款结算入账,小店自卖,'6952057071524648405,'6952057071524648405,'SS76308167349828654430014,2026-04-14 18:54:20,'3812794010364412322,趣味黑皮kitty猫魔术贴超可爱猫咪整理碎发刘海贴魔术贴发卡化妆,,,普通订单,0.01,0,0,3.87,0,0,0,0,0,0,0,0,-0.02,0,0,0,0,0,0,是-商品卡免佣,0.15,义乌市衍郝电子商务商行,订单结算
2026-04-23 07:54:05,'2026042307540235191690640159,入账,5.13,聚合账户,货款结算入账,小店自卖,'6925558680971148464,'6925558680971148464,'SS76306668972743275900086,2026-04-13 00:46:25,'3752322399887033276,短发留长发过渡期神器半扎发发夹女后脑勺大号在成人前额碎发夹子,,,普通订单,5.16,0.8,0,0,0,0,0,0,0,0,0,0,-0.03,0,0,0,0,0,0,是-商品卡免佣,0.22,义乌市衍郝电子商务商行,订单结算
2026-04-23 07:54:16,'2026042307541300937167510159,入账,7.75,聚合账户,货款结算入账,小店自卖,'6952153764000699627,'6952153764000699627,'SS76306386392412656790246,2026-04-18 08:42:57,'3812988718369865893,可爱小熊眼镜2026新款发卡发夹女边夹侧边鸭嘴夹前额刘海夹子头饰,,,普通订单,7.8,0,0,0,0,0,0,0,0,0,0,0,-0.05,0,0,0,0,0,0,是-商品卡免佣,0.37,义乌市衍郝电子商务商行,订单结算
2026-04-23 07:54:16,'2026042307541341565719560159,入账,8.35,聚合账户,货款结算入账,小店自卖,'6952029491947967499,'6952029491947967499,'SS76306671553693988100149,2026-04-12 21:35:02,'3800198492568289686,买一送一爆款凉拖鞋男士夏季情侣2026新款家居防滑防臭厚底拖鞋女,,,普通订单,3.9,0,0,4.5,0,0,0,0,0,0,0,0,-0.05,0,0,0,0,0,0,是-商品卡免佣,0.37,义乌市衍郝电子商务商行,订单结算
2026-04-23 07:54:16,'2026042307541303950512980159,入账,5.26,聚合账户,货款结算入账,小店自卖,'6952157917563786455,'6952157917563786455,'SS76308216363711411300233,2026-04-18 08:14:04,'3809625164249956608,孕妇专用防滑拖鞋女士夏季家居家室内静音浴室洗澡防臭凉拖鞋外穿,,,普通订单,5.29,0,0,0,0,0,0,0,0,0,0,0,-0.03,0,0,0,0,0,0,是-商品卡免佣,0.22,义乌市衍郝电子商务商行,订单结算
2026-04-23 07:54:16,'2026042307541329574269960159,入账,4.74,聚合账户,货款结算入账,小店自卖,'6952004735381869600,'6952004735381869600,'SS76306427882412777020121,2026-04-12 15:13:27,'3809625164249956608,孕妇专用防滑拖鞋女士夏季家居家室内静音浴室洗澡防臭凉拖鞋外穿,,,普通订单,1.99,0,0,3,0,0,0,0,0,0,0,0,-0.25,0,0,0,0,0,0,,0,义乌市衍郝电子商务商行,订单结算
2026-04-23 07:54:17,'2026042307541318036987030159,入账,3.75,聚合账户,货款结算入账,小店自卖,'6952025336866805625,'6952025336866805625,'SS76306668122416420360171,2026-04-13 01:48:45,'3808680838397296933,许我耀眼赵露思同款简约蝴蝶结抓夹女高级感鲨鱼夹大号发量多头饰,,,普通订单,2.77,0,0,1.18,0,0,0,0,0,0,0,0,-0.2,0,0,0,0,0,0,,0,义乌市衍郝电子商务商行,订单结算
2026-04-23 07:54:33,'2026042307543004205284190159,入账,8.85,聚合账户,货款结算入账,小店自卖,'6925545361900928567,'6925545361900928567,'SS76306671675163325850122,2026-04-13 00:49:34,'3800198492568289686,买一送一爆款凉拖鞋男士夏季情侣2026新款家居防滑防臭厚底拖鞋女,,,普通订单,0.9,0,0,8,0,0,0,0,0,0,0,0,-0.05,0,0,0,0,0,0,是-商品卡免佣,0.37,义乌市衍郝电子商务商行,订单结算
2026-04-23 07:54:33,'2026042307542929123753110159,入账,2.61,聚合账户,货款结算入账,小店自卖,'6925686235904179730,'6925686235904179730,'SS76307752198497902440200,2026-04-18 13:22:32,'3770291082655564062,黑色H字母抓夹女2025新款后脑勺盘发夹子大号在成人大号毛绒鲨鱼,,,普通订单,0.01,0,0,2.62,0,0,0,0,0,0,0,0,-0.02,0,0,0,0,0,0,是-商品卡免佣,0.15,义乌市衍郝电子商务商行,订单结算
2026-04-23 07:54:33,'2026042307543017970793480159,入账,4.74,聚合账户,货款结算入账,小店自卖,'6925611829072854883,'6925611829072854883,'SS76307048859824133120113,2026-04-15 20:48:44,'3809625164249956608,孕妇专用防滑拖鞋女士夏季家居家室内静音浴室洗澡防臭凉拖鞋外穿,,,普通订单,1.99,0,0,3,0,0,0,0,0,0,0,0,-0.25,0,0,0,0,0,0,,0,义乌市衍郝电子商务商行,订单结算
2026-04-23 07:54:33,'2026042307543035197094800159,入账,8.85,聚合账户,货款结算入账,小店自卖,'6925661381678366490,'6925661381678366490,'SS76308024499602563020118,2026-04-17 18:19:34,'3800198492568289686,买一送一爆款凉拖鞋男士夏季情侣2026新款家居防滑防臭厚底拖鞋女,,,普通订单,6.9,0,0,2,0,0,0,0,0,0,0,0,-0.05,0,0,0,0,0,0,是-商品卡免佣,0.37,义乌市衍郝电子商务商行,订单结算
2026-04-23 07:54:33,'2026042307543010712561160159,入账,4.29,聚合账户,货款结算入账,小店自卖,'6952033736637879940,'6952033736637879940,'SS76307368446110441110185,2026-04-12 20:39:20,'3812240028327870813,粉色双面蝴蝶结香蕉夹竖夹超温柔!气质高马尾发夹后脑勺发夹发饰,,,普通订单,0.01,0,0,4.31,0,0,0,0,0,0,0,0,-0.03,0,0,0,0,0,0,是-商品卡免佣,0.22,义乌市衍郝电子商务商行,订单结算
2026-04-23 07:54:50,'2026042307544540784043920159,入账,2.71,聚合账户,货款结算入账,小店自卖,'6925593536440926128,'6925593536440926128,'SS76307686885726953470098,2026-04-14 14:03:25,'3812795676727836686,趣味黑皮可爱KT猫咪刘海贴碎发整理神器魔术贴无痕发夹女头饰发饰,,,普通订单,0.01,0,0,2.84,0,0,0,0,0,0,0,0,-0.14,0,0,0,0,0,0,,0,义乌市衍郝电子商务商行,订单结算
2026-04-23 07:54:50,'2026042307544617498442640159,入账,3.41,聚合账户,货款结算入账,小店自卖,'6925644064924794714,'6925644064924794714,'SS76306153638437686260047,2026-04-16 19:39:12,'3806648290204844347,秋冬复古ins彩虹格子蝴蝶结大肠头绳发圈丸子2026马尾发绳新款女,,,普通订单,1.43,0,0,2,0,0,0,0,0,0,0,0,-0.02,0,0,0,0,0,0,是-商品卡免佣,0.15,义乌市衍郝电子商务商行,订单结算
2026-04-23 07:54:50,'2026042307544709949028360159,入账,4.39,聚合账户,货款结算入账,小店自卖,'6925542057781460004,'6925542057781460004,'SS76306415459596541950163,2026-04-12 17:43:24,'3800198492568289686,买一送一爆款凉拖鞋男士夏季情侣2026新款家居防滑防臭厚底拖鞋女,,,普通订单,0.01,0,0,2.52,0,0,0,0,1.89,0,0,0,-0.03,0,0,0,0,0,0,是-商品卡免佣,0.22,义乌市衍郝电子商务商行,订单结算
2026-04-23 07:54:50,'2026042307544726452631540159,入账,3.42,聚合账户,货款结算入账,小店自卖,'6952009892418754021,'6952009892418754021,'SS76307409250355290120199,2026-04-12 23:01:59,'3813158348195496156,公主发夹波点蝴蝶结夹小众香蕉2026新款发饰发卡洋气双排头花夹子,,,普通订单,0.01,0,0,3.43,0,0,0,0,0,0,0,0,-0.02,0,0,0,0,0,0,是-商品卡免佣,0.15,义乌市衍郝电子商务商行,订单结算
2026-04-23 07:54:50,'2026042307544638683448670159,入账,3.83,聚合账户,货款结算入账,小店自卖,'6925554688309231004,'6925554688309231004,'SS76306667990429207460157,2026-04-13 00:14:18,'3809056869209735557,蝴蝶结发带女2026新款飘带头绳大肠发圈高级感扎头发皮筋发绳发饰,,,普通订单,2.85,0.3,0,1,0,0,0,0,0,0,0,0,-0.02,0,0,0,0,0,0,是-商品卡免佣,0.15,义乌市衍郝电子商务商行,订单结算
2026-04-23 07:54:57,'2026042307545404179605000159,入账,2.24,聚合账户,货款结算入账,小店自卖,'6925594549023833617,'6925594549023833617,'SS76306181592852897620235,2026-04-14 22:17:22,'3809975766641410463,高级感水钻珠珠一字扭扭夹2026新款盘发抓夹后脑勺发量多发夹头饰,,,普通订单,1.65,0,0,0.6,0,0,0,0,0,0,0,0,-0.01,0,0,0,0,0,0,是-商品卡免佣,0.07,义乌市衍郝电子商务商行,订单结算
2026-04-23 07:54:57,'2026042307545404411399680159,入账,4.52,聚合账户,货款结算入账,小店自卖,'6952150775272313927,'6952150775272313927,'SS76307912143379543560177,2026-04-17 23:39:58,'3813152773302780175,柔软泡泡纱韩国粉色碎花大肠发圈超大号高级仙气丸子慵懒头绳发饰,,,普通订单,4.31,0,0,0.24,0,0,0,0,0,0,0,0,-0.03,0,0,0,0,0,0,是-商品卡免佣,0.22,义乌市衍郝电子商务商行,订单结算
2026-04-23 07:54:57,'2026042307545510276872030159,入账,8.85,聚合账户,货款结算入账,小店自卖,'6925552307966606787,'6925552307966606787,'SS76306671543345198180244,2026-04-13 00:22:06,'3800198492568289686,买一送一爆款凉拖鞋男士夏季情侣2026新款家居防滑防臭厚底拖鞋女,,,普通订单,5.3,0,0,3.6,0,0,0,0,0,0,0,0,-0.05,0,0,0,0,0,0,是-商品卡免佣,0.37,义乌市衍郝电子商务商行,订单结算
2026-04-23 07:54:57,'2026042307545340696263680159,入账,5.22,聚合账户,货款结算入账,小店自卖,'6925538412796476586,'6925538412796476586,'SS76306666492222510080175,2026-04-12 17:49:13,'3806655969480540177,米菲兔巨显发量香蕉兔子后脑勺盘发百搭少女发饰时尚可爱波点大号,,,普通订单,0.01,0,0,5.48,0,0,0,0,0,0,0,0,-0.27,0,0,0,0,0,0,,0,义乌市衍郝电子商务商行,订单结算
2026-04-23 07:54:57,'2026042307545431166960990159,入账,2.24,聚合账户,货款结算入账,小店自卖,'6952036313882760702,'6952036313882760702,'SS76306415105778488830174,2026-04-12 23:50:33,'3809975766641410463,高级感水钻珠珠一字扭扭夹2026新款盘发抓夹后脑勺发量多发夹头饰,,,普通订单,0.01,0,0,2.24,0,0,0,0,0,0,0,0,-0.01,0,0,0,0,0,0,是-商品卡免佣,0.07,义乌市衍郝电子商务商行,订单结算
2026-04-23 07:55:03,'2026042307550014731354000159,入账,4.38,聚合账户,货款结算入账,小店自卖,'6925542140043427415,'6925542140043427415,'SS76306427764957186820241,2026-04-12 18:40:10,'3800198492568289686,买一送一爆款凉拖鞋男士夏季情侣2026新款家居防滑防臭厚底拖鞋女,,,普通订单,0.01,0,0,4.4,0,0,0,0,0,0,0,0,-0.03,0,0,0,0,0,0,是-商品卡免佣,0.22,义乌市衍郝电子商务商行,订单结算
2026-04-23 07:55:03,'2026042307545913812861780159,入账,2.08,聚合账户,货款结算入账,小店自卖,'6925547717759696390,'6925547717759696390,'SS76307406586136540540143,2026-04-13 08:19:17,'3774410654258167963,2025新款高端碎发刘海夹子头饰森系简约爱心波点发夹女气质侧边夹,,,普通订单,2.09,0,0,0,0,0,0,0,0,0,0,0,-0.01,0,0,0,0,0,0,是-商品卡免佣,0.07,义乌市衍郝电子商务商行,订单结算
2026-04-23 07:55:03,'2026042307550007940513620159,入账,3.62,聚合账户,货款结算入账,小店自卖,'6925540237597703596,'6925540237597703596,'SS76307023737668449800031,2026-04-12 20:20:43,'3752323576548688241,中国风孔雀盘发器女生古典旗袍发饰丸子懒人高级感饰品优雅发夹女,,,普通订单,3.81,0,0,0,0,0,0,0,0,0,0,0,-0.19,0,0,0,0,0,0,,0,义乌市衍郝电子商务商行,订单结算
2026-04-23 07:55:03,'2026042307550025293299630159,入账,4.71,聚合账户,货款结算入账,小店自卖,'6952101492595889779,'6952101492595889779,'SS76305428374199710820249,2026-04-16 00:27:50,'3812794010364412322,趣味黑皮kitty猫魔术贴超可爱猫咪整理碎发刘海贴魔术贴发卡化妆,,,普通订单,4.96,0,0,0,0,0,0,0,0,0,0,0,-0.25,0,0,0,0,0,0,,0,义乌市衍郝电子商务商行,订单结算
2026-04-23 07:55:03,'2026042307550001691978580159,入账,8.76,聚合账户,货款结算入账,小店自卖,'6925540607787564901,'6925540607787564901,'SS76306668589706818560067,2026-04-12 22:18:08,'3752323576548688241,中国风孔雀盘发器女生古典旗袍发饰丸子懒人高级感饰品优雅发夹女,,,普通订单,9.22,0,0,0,0,0,0,0,0,0,0,0,-0.46,0,0,0,0,0,0,,0,义乌市衍郝电子商务商行,订单结算
2026-04-23 07:55:17,'2026042307551328692690070159,入账,9.92,聚合账户,货款结算入账,小店自卖,'6925562851899571722,'6925562851899571722,'SS76307389188414513040088,2026-04-13 12:21:47,'3809625164249956608,孕妇专用防滑拖鞋女士夏季家居家室内静音浴室洗澡防臭凉拖鞋外穿,,,普通订单,9.98,0,0,0,0,0,0,0,0,0,0,0,-0.06,0,0,0,0,0,0,是-商品卡免佣,0.44,义乌市衍郝电子商务商行,订单结算
2026-04-23 07:55:17,'2026042307551230759531860159,入账,7.7,聚合账户,货款结算入账,小店自卖,'6925626634668702981,'6925626634668702981,'SS76308244233912694220244,2026-04-15 17:15:40,'3783072477903716812,饱满花型高级感抓夹大号夹子蝴蝶结发夹后大号在成人大号毛绒发卡,,,普通订单,7.75,0,0,0,0,0,0,0,0,0,0,0,-0.05,0,0,0,0,0,0,是-商品卡免佣,0.37,义乌市衍郝电子商务商行,订单结算
2026-04-23 07:55:17,'2026042307551503991516510159,入账,4.38,聚合账户,货款结算入账,小店自卖,'6925560925192289496,'6925560925192289496,'SS76306415405583078860126,2026-04-13 06:29:39,'3800198492568289686,买一送一爆款凉拖鞋男士夏季情侣2026新款家居防滑防臭厚底拖鞋女,,,普通订单,0.01,0,0,4.4,0,0,0,0,0,0,0,0,-0.03,0,0,0,0,0,0,是-商品卡免佣,0.22,义乌市衍郝电子商务商行,订单结算
2026-04-23 07:55:17,'2026042307551410367473040159,入账,6.95,聚合账户,货款结算入账,小店自卖,'6925542583321984775,'6925542583321984775,'SS76306667730842588520001,2026-04-12 21:34:33,'3782909438948671661,满天星蝴蝶结2025网纱云朵后脑勺鲨鱼泡大号在成人前额碎发夹子,,,普通订单,6.99,0,0,0,0,0,0,0,0,0,0,0,-0.04,0,0,0,0,0,0,是-商品卡免佣,0.29,义乌市衍郝电子商务商行,订单结算
2026-04-23 07:55:17,'2026042307551325682419600159,入账,4.84,聚合账户,货款结算入账,小店自卖,'6925644478422548441,'6925644478422548441,'SS76307547509543575190135,2026-04-16 22:12:01,'3811106461837295881,新款五角星发夹发扣韩国少女甜美甜酷侧边夹顶刘海前额固定卡子,,,普通订单,4.87,0,0,0,0,0,0,0,0,0,0,0,-0.03,0,0,0,0,0,0,是-商品卡免佣,0.22,义乌市衍郝电子商务商行,订单结算
2026-04-23 07:55:31,'2026042307552807852406110159,入账,8.35,聚合账户,货款结算入账,小店自卖,'6952018266525341229,'6952018266525341229,'SS76306672330269826650247,2026-04-12 20:18:00,'3800198492568289686,买一送一爆款凉拖鞋男士夏季情侣2026新款家居防滑防臭厚底拖鞋女,,,普通订单,3.9,0,0,4.5,0,0,0,0,0,0,0,0,-0.05,0,0,0,0,0,0,是-商品卡免佣,0.37,义乌市衍郝电子商务商行,订单结算
2026-04-23 07:55:31,'2026042307552819043131280159,入账,3.23,聚合账户,货款结算入账,小店自卖,'6952034506871281302,'6952034506871281302,'SS76307375449296248420191,2026-04-13 09:38:30,'3809975766641410463,高级感水钻珠珠一字扭扭夹2026新款盘发抓夹后脑勺发量多发夹头饰,,,普通订单,3.25,0,0,0,0,0,0,0,0,0,0,0,-0.02,0,0,0,0,0,0,是-商品卡免佣,0.15,义乌市衍郝电子商务商行,订单结算
2026-04-23 07:55:31,'2026042307552736837627400159,入账,1.96,聚合账户,货款结算入账,小店自卖,'6925542133834021944,'6925542133834021944,'SS76307028759916262670040,2026-04-12 18:41:54,'3622101757909408748,潮流男士发箍无痕皮筋发夹大肠发圈头顶橡皮压发成人发卡男士耐用,,,普通订单,1.97,0,0,0,0,0,0,0,0,0,0,0,-0.01,0,0,0,0,0,0,是-商品卡免佣,0.07,义乌市衍郝电子商务商行,订单结算
2026-04-23 07:55:31,'2026042307552734911892880159,入账,8.85,聚合账户,货款结算入账,小店自卖,'6925633939315457729,'6925633939315457729,'SS76306320167914869760126,2026-04-16 08:07:14,'3800198492568289686,买一送一爆款凉拖鞋男士夏季情侣2026新款家居防滑防臭厚底拖鞋女,,,普通订单,6.9,0,0,0,0,0,0,0,0,2,0,0,-0.05,0,0,0,0,0,0,是-商品卡免佣,0.37,义乌市衍郝电子商务商行,订单结算
2026-04-23 07:55:31,'2026042307552835149747550159,入账,1.98,聚合账户,货款结算入账,小店自卖,'6952036494243730792,'6952036494243730792,'SS76306603849531724800065,2026-04-13 07:55:44,'3812796426258350389,夏天简约随手盘发一字扭扭夹水钻抓夹高级发夹扭扭后脑勺盘发器,,,普通订单,1.99,0,0,0,0,0,0,0,0,0,0,0,-0.01,0,0,0,0,0,0,是-商品卡免佣,0.07,义乌市衍郝电子商务商行,订单结算
2026-04-23 07:56:38,'2026042307563603402140680159,入账,5.09,聚合账户,货款结算入账,小店自卖,'6925555675795390032,'6925555675795390032,'SS76306667259649766860109,2026-04-12 20:25:10,'3671567561331441828,黑色气质碎发bb夹气质发夹发饰无痕皮筋发圈头饰简约扎头大肠白发,,,普通订单,5.12,0,0,0,0,0,0,0,0,0,0,0,-0.03,0,0,0,0,0,0,是-商品卡免佣,0.22,义乌市衍郝电子商务商行,订单结算
2026-04-23 07:56:38,'2026042307563532592043860159,入账,3.87,聚合账户,货款结算入账,小店自卖,'6925617049622970124,'6925617049622970124,'SS76307854079327114580026,2026-04-15 13:37:35,'3811861106843059086,山茶花朵7cm小抓夹花朵抓夹玫瑰花森女小清新夏季花抓夹森系干枯,,,普通订单,3.89,0,0,0,0,0,0,0,0,0,0,0,-0.02,0,0,0,0,0,0,是-商品卡免佣,0.15,义乌市衍郝电子商务商行,订单结算
2026-04-23 07:56:38,'2026042307563510096031140159,入账,17.75,聚合账户,货款结算入账,小店自卖,'6952028064518182302,'6952028064518182302,'SS76306669913388364860146,2026-04-13 08:19:22,'3674366494906646949,网红爆款碎发梳韩式发饰发夹可爱碎发不伤发女童发卡高颅顶神器,,,普通订单,17.86,0,0,0,0,0,0,0,0,0,0,0,-0.11,0,0,0,0,0,0,是-商品卡免佣,0.81,义乌市衍郝电子商务商行,订单结算
2026-04-23 07:56:38,'2026042307563434142827940159,入账,1.96,聚合账户,货款结算入账,小店自卖,'6952050412214228497,'6952050412214228497,'SS76306998433633285470041,2026-04-13 12:16:21,'3622101757909408748,潮流男士发箍无痕皮筋发夹大肠发圈头顶橡皮压发成人发卡男士耐用,,,普通订单,1.97,0,0,0,0,0,0,0,0,0,0,0,-0.01,0,0,0,0,0,0,是-商品卡免佣,0.07,义乌市衍郝电子商务商行,订单结算
2026-04-23 07:56:38,'2026042307563506378624400159,入账,3.89,聚合账户,货款结算入账,小店自卖,'6925558628855676756,'6925558628855676756,'SS76306668408515466240169,2026-04-13 00:02:20,'3813158348195496156,公主发夹波点蝴蝶结夹小众香蕉2026新款发饰发卡洋气双排头花夹子,,,普通订单,3.91,0,0,0,0,0,0,0,0,0,0,0,-0.02,0,0,0,0,0,0,是-商品卡免佣,0.15,义乌市衍郝电子商务商行,订单结算
2026-04-23 07:56:38,'2026042307563500975511190159,入账,3.48,聚合账户,货款结算入账,小店自卖,'6925674999232363730,'6925674999232363730,'SS76307647321941122980104,2026-04-18 07:15:24,'3809435012995089651,韩系缎面高级感珍珠大肠发圈2026新款扎头发低马尾丸子头皮筋头绳,,,普通订单,3.5,0,0,0,0,0,0,0,0,0,0,0,-0.02,0,0,0,0,0,0,是-商品卡免佣,0.15,义乌市衍郝电子商务商行,订单结算
2026-04-23 07:56:38,'2026042307563509071501320159,入账,7.06,聚合账户,货款结算入账,小店自卖,'6925557958988103429,'6925557958988103429,'SS76306667255701998510058,2026-04-12 20:27:26,'3776807804489302292,豹纹ins爱心发夹女一字夹高端碎发前额刘大号在成人前额碎发夹子,,,普通订单,7.1,0,0,0,0,0,0,0,0,0,0,0,-0.04,0,0,0,0,0,0,是-商品卡免佣,0.29,义乌市衍郝电子商务商行,订单结算
2026-04-23 07:56:38,'2026042307563531124198920159,入账,5.22,聚合账户,货款结算入账,小店自卖,'6925539997648977360,'6925539997648977360,'SS76306666439640683780227,2026-04-12 18:19:00,'3813124149543567544,五角星发夹新品发扣韩国少女甜美甜酷侧边夹顶刘海前额固定卡子,,,普通订单,5.25,0,0,0,0,0,0,0,0,0,0,0,-0.03,0,0,0,0,0,0,是-商品卡免佣,0.22,义乌市衍郝电子商务商行,订单结算
2026-04-23 07:56:38,'2026042307563515566443710159,入账,1.28,聚合账户,货款结算入账,小店自卖,'6952021144452863780,'6952021144452863780,'SS76306668050648107790022,2026-04-12 22:49:17,'3752322049939472693,儿童一次性皮筋发卡神器彩色发绳夹子工具小号不伤发可爱扎头发器,,,普通订单,1.29,0.3,0,0,0,0,0,0,0,0,0,0,-0.01,0,0,0,0,0,0,是-商品卡免佣,0.07,义乌市衍郝电子商务商行,订单结算
2026-04-23 07:56:38,'2026042307563430965598870159,入账,9.74,聚合账户,货款结算入账,小店自卖,'6925545558777298728,'6925545558777298728,'SS76306671863689589760018,2026-04-13 07:08:13,'3800198492568289686,买一送一爆款凉拖鞋男士夏季情侣2026新款家居防滑防臭厚底拖鞋女,,,普通订单,9.8,0,0,0,0,0,0,0,0,0,0,0,-0.06,0,0,0,0,0,0,是-商品卡免佣,0.44,义乌市衍郝电子商务商行,订单结算
2026-04-23 07:56:45,'2026042307564311287759700159,入账,5.86,聚合账户,货款结算入账,小店自卖,'6952022521737122893,'6952022521737122893,'SS76307365351426954340160,2026-04-12 17:47:40,'3783078074455819331,法式黑色缎面蝴蝶结抓夹女高级感2025新款大号在成人前额碎发夹子,,,普通订单,5.9,0,0,0,0,0,0,0,0,0,0,0,-0.04,0,0,0,0,0,0,是-商品卡免佣,0.29,义乌市衍郝电子商务商行,订单结算
2026-04-23 07:56:45,'2026042307564127019187720159,入账,12.72,聚合账户,货款结算入账,小店自卖,'6925569853394550243,'6925569853394550243,'SS76307015401450419200043,2026-04-13 12:34:16,'3810919823941174195,中式复古洋气多层小蛮腰褶皱印花肥肠圈高端水墨皮筋耐用新款发圈,,,普通订单,12.8,0,0,0,0,0,0,0,0,0,0,0,-0.08,0,0,0,0,0,0,是-商品卡免佣,0.59,义乌市衍郝电子商务商行,订单结算
2026-04-23 07:56:45,'2026042307564311286285140159,入账,3.36,聚合账户,货款结算入账,小店自卖,'6925559246307426223,'6925559246307426223,'SS76307016873971922190043,2026-04-13 10:06:05,'3812796426258350389,夏天简约随手盘发一字扭扭夹水钻抓夹高级发夹扭扭后脑勺盘发器,,,普通订单,3.38,0,0,0,0,0,0,0,0,0,0,0,-0.02,0,0,0,0,0,0,是-商品卡免佣,0.15,义乌市衍郝电子商务商行,订单结算
2026-04-23 07:56:45,'2026042307564211914288640159,入账,4.96,聚合账户,货款结算入账,小店自卖,'6952020573883405685,'6952020573883405685,'SS76306415496926991880236,2026-04-12 17:54:41,'3809625164249956608,孕妇专用防滑拖鞋女士夏季家居家室内静音浴室洗澡防臭凉拖鞋外穿,,,普通订单,4.99,0,0,0,0,0,0,0,0,0,0,0,-0.03,0,0,0,0,0,0,是-商品卡免佣,0.22,义乌市衍郝电子商务商行,订单结算
2026-04-23 07:56:45,'2026042307564216119728990159,入账,2.97,聚合账户,货款结算入账,小店自卖,'6925557477823511665,'6925557477823511665,'SS76307251032204255070060,2026-04-13 13:40:05,'3811102963569655948,春夏撞色蝴蝶结发夹发卡女后脑勺2026新款气质大号盘发鸭嘴夹发饰,,,普通订单,2.99,0,0,0,0,0,0,0,0,0,0,0,-0.02,0,0,0,0,0,0,是-商品卡免佣,0.15,义乌市衍郝电子商务商行,订单结算
2026-04-23 07:57:00,'2026042307565705713270280159,入账,6.51,聚合账户,货款结算入账,小店自卖,'6925569922002812430,'6925569922002812430,'SS76307122899518262260169,2026-04-13 12:42:02,'3811102963569655948,春夏撞色蝴蝶结发夹发卡女后脑勺2026新款气质大号盘发鸭嘴夹发饰,,,普通订单,6.55,0,0,0,0,0,0,0,0,0,0,0,-0.04,0,0,0,0,0,0,是-商品卡免佣,0.29,义乌市衍郝电子商务商行,订单结算
2026-04-23 07:57:00,'2026042307565717493898650159,入账,4.91,聚合账户,货款结算入账,小店自卖,'6952043488757749599,'6952043488757749599,'SS76307405422982600020080,2026-04-13 08:26:10,'3807214433365787096,气质新款简约抓夹大号发量多2026发夹女后脑勺鲨鱼夹高级感头饰,,,普通订单,4.94,0,0,0,0,0,0,0,0,0,0,0,-0.03,0,0,0,0,0,0,是-商品卡免佣,0.22,义乌市衍郝电子商务商行,订单结算
2026-04-23 07:57:00,'2026042307565631932582820159,入账,8.85,聚合账户,货款结算入账,小店自卖,'6952033980955891485,'6952033980955891485,'SS76306416560531049300116,2026-04-12 22:36:34,'3800198492568289686,买一送一爆款凉拖鞋男士夏季情侣2026新款家居防滑防臭厚底拖鞋女,,,普通订单,8.9,0,0,0,0,0,0,0,0,0,0,0,-0.05,0,0,0,0,0,0,是-商品卡免佣,0.37,义乌市衍郝电子商务商行,订单结算
2026-04-23 07:57:00,'2026042307565733639020060159,入账,4.96,聚合账户,货款结算入账,小店自卖,'6952002901718930519,'6952002901718930519,'SS76306422011861775760075,2026-04-12 17:22:12,'3809625164249956608,孕妇专用防滑拖鞋女士夏季家居家室内静音浴室洗澡防臭凉拖鞋外穿,,,普通订单,4.99,0,0,0,0,0,0,0,0,0,0,0,-0.03,0,0,0,0,0,0,是-商品卡免佣,0.22,义乌市衍郝电子商务商行,订单结算
2026-04-23 07:57:00,'2026042307565628361856520159,入账,6.37,聚合账户,货款结算入账,小店自卖,'6925556906845436968,'6925556906845436968,'SS76306842940268879360122,2026-04-13 09:46:36,'3752323576548688241,中国风孔雀盘发器女生古典旗袍发饰丸子懒人高级感饰品优雅发夹女,,,普通订单,6.41,0,0,0,0,0,0,0,0,0,0,0,-0.04,0,0,0,0,0,0,是-商品卡免佣,0.29,义乌市衍郝电子商务商行,订单结算
2026-04-23 07:57:13,'2026042307571032656760510159,入账,9.52,聚合账户,货款结算入账,小店自卖,'6952016728730768700,'6952016728730768700,'SS76306668579969108540025,2026-04-13 00:30:22,'3624650230500304565,甜美可爱发夹套装粉色甜美套装高弹力发带橡皮皮筋扎头绳大肠圈,,,普通订单,9.58,0,0,0,0,0,0,0,0,0,0,0,-0.06,0,0,0,0,0,0,是-商品卡免佣,0.44,义乌市衍郝电子商务商行,订单结算
2026-04-23 07:57:13,'2026042307571018040919040159,入账,3.69,聚合账户,货款结算入账,小店自卖,'6925578656893074891,'6925578656893074891,'SS76307284395025861750053,2026-04-14 11:20:11,'3811106461837295881,新款五角星发夹发扣韩国少女甜美甜酷侧边夹顶刘海前额固定卡子,,,普通订单,3.71,0,0,0,0,0,0,0,0,0,0,0,-0.02,0,0,0,0,0,0,是-商品卡免佣,0.15,义乌市衍郝电子商务商行,订单结算
2026-04-23 07:57:13,'2026042307571006969756310159,入账,5.19,聚合账户,货款结算入账,小店自卖,'6925603851426495857,'6925603851426495857,'SS76307805804016274010109,2026-04-14 22:40:52,'3768979814174818449,2025新款气质大号盘发鸭嘴夹春夏发卡蝴蝶大号在成人抓夹碎发夹子,,,普通订单,5.22,0,0,0,0,0,0,0,0,0,0,0,-0.03,0,0,0,0,0,0,是-商品卡免佣,0.22,义乌市衍郝电子商务商行,订单结算
2026-04-23 07:57:13,'2026042307571019421104640159,入账,8.91,聚合账户,货款结算入账,小店自卖,'6925567246202732151,'6925567246202732151,'SS76307002562432414870187,2026-04-13 11:18:29,'3674360864170967227,儿童碎发梳马尾洋气发夹花朵防滑发大肠发圈可爱碎发头饰女童发饰,,,普通订单,8.96,0,0,0,0,0,0,0,0,0,0,0,-0.05,0,0,0,0,0,0,是-商品卡免佣,0.37,义乌市衍郝电子商务商行,订单结算
2026-04-23 07:57:13,'2026042307571024880092350159,入账,5.42,聚合账户,货款结算入账,小店自卖,'6952030948698625030,'6952030948698625030,'SS76308130939162629580124,2026-04-13 17:47:38,'3813150520667930781,超大蓝色花边褶皱大肠发圈发绳皮筋头饰头绳发饰马尾丸子头发头花,,,普通订单,5.45,0,0,0,0,0,0,0,0,0,0,0,-0.03,0,0,0,0,0,0,是-商品卡免佣,0.22,义乌市衍郝电子商务商行,订单结算
2026-04-23 07:57:18,'2026042307571510156936310159,入账,2.52,聚合账户,货款结算入账,小店自卖,'6952016752611759864,'6952016752611759864,'SS76306668842223744380121,2026-04-13 00:51:31,'3776807804489302292,豹纹ins爱心发夹女一字夹高端碎发前额刘大号在成人前额碎发夹子,,,普通订单,2.54,0,0,0,0,0,0,0,0,0,0,0,-0.02,0,0,0,0,0,0,是-商品卡免佣,0.15,义乌市衍郝电子商务商行,订单结算
2026-04-23 07:57:18,'2026042307571512548224350159,入账,1.56,聚合账户,货款结算入账,小店自卖,'6925688794512784569,'6925688794512784569,'SS76308474752639962110186,2026-04-18 15:20:43,'3806655969480540177,米菲兔巨显发量香蕉兔子后脑勺盘发百搭少女发饰时尚可爱波点大号,,,普通订单,1.57,0,0,0,0,0,0,0,0,0,0,0,-0.01,0,0,0,0,0,0,是-商品卡免佣,0.07,义乌市衍郝电子商务商行,订单结算
2026-04-23 07:57:18,'2026042307571511218171400159,入账,4.96,聚合账户,货款结算入账,小店自卖,'6925558598198001321,'6925558598198001321,'SS76306417749609520790176,2026-04-12 23:57:03,'3809625164249956608,孕妇专用防滑拖鞋女士夏季家居家室内静音浴室洗澡防臭凉拖鞋外穿,,,普通订单,4.99,0,0,0,0,0,0,0,0,0,0,0,-0.03,0,0,0,0,0,0,是-商品卡免佣,0.22,义乌市衍郝电子商务商行,订单结算
2026-04-23 07:57:18,'2026042307571418551813540159,入账,2.8,聚合账户,货款结算入账,小店自卖,'6952092826812486850,'6952092826812486850,'SS76308425010720281860062,2026-04-14 23:27:37,'3752322049939472693,儿童一次性皮筋发卡神器彩色发绳夹子工具小号不伤发可爱扎头发器,,,普通订单,2.82,0.3,0,0,0,0,0,0,0,0,0,0,-0.02,0,0,0,0,0,0,是-商品卡免佣,0.15,义乌市衍郝电子商务商行,订单结算
2026-04-23 07:57:18,'2026042307571524878620560159,入账,3.36,聚合账户,货款结算入账,小店自卖,'6925554771785776926,'6925554771785776926,'SS76306668782196331670224,2026-04-13 01:06:05,'3812796426258350389,夏天简约随手盘发一字扭扭夹水钻抓夹高级发夹扭扭后脑勺盘发器,,,普通订单,3.38,0,0,0,0,0,0,0,0,0,0,0,-0.02,0,0,0,0,0,0,是-商品卡免佣,0.15,义乌市衍郝电子商务商行,订单结算
2026-04-23 07:57:26,'2026042307572421643105280159,入账,3.36,聚合账户,货款结算入账,小店自卖,'6925549802433969423,'6925549802433969423,'SS76306604864059479100120,2026-04-13 02:16:32,'3812796426258350389,夏天简约随手盘发一字扭扭夹水钻抓夹高级发夹扭扭后脑勺盘发器,,,普通订单,3.38,0,0,0,0,0,0,0,0,0,0,0,-0.02,0,0,0,0,0,0,是-商品卡免佣,0.15,义乌市衍郝电子商务商行,订单结算
2026-04-23 07:57:26,'2026042307572421644579840159,入账,1.98,聚合账户,货款结算入账,小店自卖,'6925560975365341111,'6925560975365341111,'SS76306603990506048090021,2026-04-13 07:17:34,'3812796426258350389,夏天简约随手盘发一字扭扭夹水钻抓夹高级发夹扭扭后脑勺盘发器,,,普通订单,1.99,0,0,0,0,0,0,0,0,0,0,0,-0.01,0,0,0,0,0,0,是-商品卡免佣,0.07,义乌市衍郝电子商务商行,订单结算
2026-04-23 07:57:26,'2026042307572410208714640159,入账,4.03,聚合账户,货款结算入账,小店自卖,'6925556256286342723,'6925556256286342723,'SS76306668077757243510156,2026-04-12 23:52:33,'3807401519926607952,咖色波浪高级感发箍女款成人外戴头箍带齿防滑洗脸压发箍带齿防滑,,,普通订单,4.05,0,0,0,0,0,0,0,0,0,0,0,-0.02,0,0,0,0,0,0,是-商品卡免佣,0.15,义乌市衍郝电子商务商行,订单结算
2026-04-23 07:57:26,'2026042307572411051830190159,入账,4.74,聚合账户,货款结算入账,小店自卖,'6951998327549400381,'6951998327549400381,'SS76306423365819274330023,2026-04-12 20:25:42,'3809625164249956608,孕妇专用防滑拖鞋女士夏季家居家室内静音浴室洗澡防臭凉拖鞋外穿,,,普通订单,4.99,0,0,0,0,0,0,0,0,0,0,0,-0.25,0,0,0,0,0,0,,0,义乌市衍郝电子商务商行,订单结算
2026-04-23 07:57:26,'2026042307572321654574590159,入账,3.78,聚合账户,货款结算入账,小店自卖,'6952027814693049989,'6952027814693049989,'SS76307016779579274510113,2026-04-13 02:27:11,'3783078074455819331,法式黑色缎面蝴蝶结抓夹女高级感2025新款大号在成人前额碎发夹子,,,普通订单,3.8,0,0,0,0,0,0,0,0,0,0,0,-0.02,0,0,0,0,0,0,是-商品卡免佣,0.15,义乌市衍郝电子商务商行,订单结算
2026-04-23 07:57:26,'2026042307572135151549860159,入账,2.87,聚合账户,货款结算入账,小店自卖,'6952016676419605908,'6952016676419605908,'SS76306663686432688830229,2026-04-13 00:05:11,'3799616810156949953,绒面宽边简约高颅顶发箍秋冬网红发饰女高级感洗脸头箍发卡发带潮,,,普通订单,2.89,0,0,0,0,0,0,0,0,0,0,0,-0.02,0,0,0,0,0,0,是-商品卡免佣,0.15,义乌市衍郝电子商务商行,订单结算
2026-04-23 07:57:26,'2026042307572234923320660159,入账,1.98,聚合账户,货款结算入账,小店自卖,'6925564838475366239,'6925564838475366239,'SS76307376648155305340119,2026-04-13 10:37:44,'3812796426258350389,夏天简约随手盘发一字扭扭夹水钻抓夹高级发夹扭扭后脑勺盘发器,,,普通订单,1.8,0,0,0,0,0,0,0,0.19,0,0,0,-0.01,0,0,0,0,0,0,是-商品卡免佣,0.07,义乌市衍郝电子商务商行,订单结算
2026-04-23 07:57:26,'2026042307572337301458460159,入账,2.97,聚合账户,货款结算入账,小店自卖,'6952020775355619086,'6952020775355619086,'SS76306666351724961540101,2026-04-12 19:51:44,'3811102963569655948,春夏撞色蝴蝶结发夹发卡女后脑勺2026新款气质大号盘发鸭嘴夹发饰,,,普通订单,2.99,0,0,0,0,0,0,0,0,0,0,0,-0.02,0,0,0,0,0,0,是-商品卡免佣,0.15,义乌市衍郝电子商务商行,订单结算
2026-04-23 07:57:26,'2026042307572337374243930159,入账,3.18,聚合账户,货款结算入账,小店自卖,'6952136691154883894,'6952136691154883894,'SS76307824401977188360100,2026-04-17 13:39:34,'3774210871656579079,小众不规则配饰撞色女新款高级感发卡爆款大号鲨鱼夹发夹气质头饰,,,普通订单,3.2,0,0,0,0,0,0,0,0,0,0,0,-0.02,0,0,0,0,0,0,是-商品卡免佣,0.15,义乌市衍郝电子商务商行,订单结算
2026-04-23 07:57:26,'2026042307572304627174920159,入账,8.85,聚合账户,货款结算入账,小店自卖,'6925534101136637799,'6925534101136637799,'SS76306672252713213900001,2026-04-12 18:04:32,'3800198492568289686,买一送一爆款凉拖鞋男士夏季情侣2026新款家居防滑防臭厚底拖鞋女,,,普通订单,8.9,0,0,0,0,0,0,0,0,0,0,0,-0.05,0,0,0,0,0,0,是-商品卡免佣,0.37,义乌市衍郝电子商务商行,订单结算
2026-04-23 07:57:27,'2026042307572310207562240159,入账,2.28,聚合账户,货款结算入账,小店自卖,'6925538382719844102,'6925538382719844102,'SS76306666043658406670038,2026-04-12 17:41:03,'3771975047183466849,簪子网红爆款2025最新款小众超仙铃兰花新中式古风蝴蝶结发饰,,,普通订单,2.29,0,0,0,0,0,0,0,0,0,0,0,-0.01,0,0,0,0,0,0,是-商品卡免佣,0.07,义乌市衍郝电子商务商行,订单结算
2026-04-23 07:57:27,'2026042307572401395919760159,入账,5.65,聚合账户,货款结算入账,小店自卖,'6925547401835937305,'6925547401835937305,'SS76306668931497006510083,2026-04-13 00:38:28,'3812796426258350389,夏天简约随手盘发一字扭扭夹水钻抓夹高级发夹扭扭后脑勺盘发器,,,普通订单,5.68,0,0,0,0,0,0,0,0,0,0,0,-0.03,0,0,0,0,0,0,是-商品卡免佣,0.22,义乌市衍郝电子商务商行,订单结算
2026-04-23 07:57:27,'2026042307572339273766400159,入账,8.85,聚合账户,货款结算入账,小店自卖,'6952132635058706116,'6952132635058706116,'SS76307277395458626660200,2026-04-17 20:18:03,'3800198492568289686,买一送一爆款凉拖鞋男士夏季情侣2026新款家居防滑防臭厚底拖鞋女,,,普通订单,8.9,0,0,0,0,0,0,0,0,0,0,0,-0.05,0,0,0,0,0,0,是-商品卡免佣,0.37,义乌市衍郝电子商务商行,订单结算
2026-04-23 07:57:27,'2026042307572415956055440159,入账,1.28,聚合账户,货款结算入账,小店自卖,'6952013895392367949,'6952013895392367949,'SS76306666576147423180124,2026-04-12 19:07:07,'3752322049939472693,儿童一次性皮筋发卡神器彩色发绳夹子工具小号不伤发可爱扎头发器,,,普通订单,1.29,0.3,0,0,0,0,0,0,0,0,0,0,-0.01,0,0,0,0,0,0,是-商品卡免佣,0.07,义乌市衍郝电子商务商行,订单结算
2026-04-23 07:57:27,'2026042307572423035092820159,入账,5.75,聚合账户,货款结算入账,小店自卖,'6952036195118159610,'6952036195118159610,'SS76306668152027059630143,2026-04-12 22:59:50,'3773268304727245249,洋气国风蝴蝶结高级感复古丝巾发带发饰女绑头巾飘带网红爆款新款,,,普通订单,5.78,0,0,0,0,0,0,0,0,0,0,0,-0.03,0,0,0,0,0,0,是-商品卡免佣,0.22,义乌市衍郝电子商务商行,订单结算
2026-04-23 07:57:39,'2026042307573702820715620159,入账,1.75,聚合账户,货款结算入账,小店自卖,'6952045908952225582,'6952045908952225582,'SS76307374073442514380163,2026-04-13 11:35:41,'3809975766641410463,高级感水钻珠珠一字扭扭夹2026新款盘发抓夹后脑勺发量多发夹头饰,,,普通订单,0.76,0,0,0,0,0,0,0,0,1,0,0,-0.01,0,0,0,0,0,0,是-商品卡免佣,0.07,义乌市衍郝电子商务商行,订单结算
2026-04-23 07:57:39,'2026042307573620853885860159,入账,5.38,聚合账户,货款结算入账,小店自卖,'6925542593160445257,'6925542593160445257,'SS76307455290687654760109,2026-04-12 21:36:37,'3806656594406670373,虞书欣同款发扣小金属圆圈环扣刘海前额侧边边夹发夹抓夹发卡夹子,,,普通订单,5.41,0,0,0,0,0,0,0,0,0,0,0,-0.03,0,0,0,0,0,0,是-商品卡免佣,0.22,义乌市衍郝电子商务商行,订单结算
2026-04-23 07:57:39,'2026042307573640119503550159,入账,3.59,聚合账户,货款结算入账,小店自卖,'6925549912160435903,'6925549912160435903,'SS76306669265870195390053,2026-04-13 07:21:24,'3771251637243478052,新中式珠珠扭扭夹不硌头2025新款高端后脑勺盘发夹子抓夹百搭发饰,,,普通订单,3.61,0.4,0,0,0,0,0,0,0,0,0,0,-0.02,0,0,0,0,0,0,是-商品卡免佣,0.15,义乌市衍郝电子商务商行,订单结算
2026-04-23 07:57:39,'2026042307573736246817710159,入账,8.85,聚合账户,货款结算入账,小店自卖,'6925550234635828385,'6925550234635828385,'SS76307390091737336950168,2026-04-13 10:04:46,'3800198492568289686,买一送一爆款凉拖鞋男士夏季情侣2026新款家居防滑防臭厚底拖鞋女,,,普通订单,8.9,0,0,0,0,0,0,0,0,0,0,0,-0.05,0,0,0,0,0,0,是-商品卡免佣,0.37,义乌市衍郝电子商务商行,订单结算
2026-04-23 07:57:39,'2026042307573632856154110159,入账,8.85,聚合账户,货款结算入账,小店自卖,'6952034774380254857,'6952034774380254857,'SS76307389149233976410159,2026-04-13 11:58:06,'3800198492568289686,买一送一爆款凉拖鞋男士夏季情侣2026新款家居防滑防臭厚底拖鞋女,,,普通订单,8.9,0,0,0,0,0,0,0,0,0,0,0,-0.05,0,0,0,0,0,0,是-商品卡免佣,0.37,义乌市衍郝电子商务商行,订单结算
2026-04-23 07:57:39,'2026042307573720858314620159,入账,3.36,聚合账户,货款结算入账,小店自卖,'6952036526767347105,'6952036526767347105,'SS76306470042935137780042,2026-04-13 06:32:04,'3812796426258350389,夏天简约随手盘发一字扭扭夹水钻抓夹高级发夹扭扭后脑勺盘发器,,,普通订单,3.38,0,0,0,0,0,0,0,0,0,0,0,-0.02,0,0,0,0,0,0,是-商品卡免佣,0.15,义乌市衍郝电子商务商行,订单结算
2026-04-23 07:57:39,'2026042307573712096310140159,入账,4.74,聚合账户,货款结算入账,小店自卖,'6952031780214085346,'6952031780214085346,'SS76306423670993554430202,2026-04-12 22:32:09,'3809625164249956608,孕妇专用防滑拖鞋女士夏季家居家室内静音浴室洗澡防臭凉拖鞋外穿,,,普通订单,4.99,0,0,0,0,0,0,0,0,0,0,0,-0.25,0,0,0,0,0,0,,0,义乌市衍郝电子商务商行,订单结算
2026-04-23 07:57:39,'2026042307573639805957390159,入账,4.87,聚合账户,货款结算入账,小店自卖,'6952035311426541200,'6952035311426541200,'SS76307378669823756990161,2026-04-13 17:30:18,'3799023022220903050,2026新款EVA家居室内不臭脚拖鞋男士夏季踩屎感防滑洗澡凉拖女式,,,普通订单,2.9,0,0,0,0,0,0,0,0,2,0,0,-0.03,0,0,0,0,0,0,是-商品卡免佣,0.22,义乌市衍郝电子商务商行,订单结算
2026-04-23 07:57:39,'2026042307573613059858380159,入账,8.85,聚合账户,货款结算入账,小店自卖,'6952153156906652982,'6952153156906652982,'SS76308030784590689820054,2026-04-17 21:31:21,'3800198492568289686,买一送一爆款凉拖鞋男士夏季情侣2026新款家居防滑防臭厚底拖鞋女,,,普通订单,8.9,0,0,0,0,0,0,0,0,0,0,0,-0.05,0,0,0,0,0,0,是-商品卡免佣,0.37,义乌市衍郝电子商务商行,订单结算
2026-04-23 07:57:39,'2026042307573734521953660159,入账,4.86,聚合账户,货款结算入账,小店自卖,'6952050201108157453,'6952050201108157453,'SS76308325622521039360124,2026-04-14 17:10:18,'3811102963569655948,春夏撞色蝴蝶结发夹发卡女后脑勺2026新款气质大号盘发鸭嘴夹发饰,,,普通订单,4.89,0,0,0,0,0,0,0,0,0,0,0,-0.03,0,0,0,0,0,0,是-商品卡免佣,0.22,义乌市衍郝电子商务商行,订单结算
2026-04-23 07:57:39,'2026042307573623502566910159,入账,3.93,聚合账户,货款结算入账,小店自卖,'6925549853898604014,'6925549853898604014,'SS76306668971804265230175,2026-04-13 05:14:08,'3809975766641410463,高级感水钻珠珠一字扭扭夹2026新款盘发抓夹后脑勺发量多发夹头饰,,,普通订单,3.95,0,0,0,0,0,0,0,0,0,0,0,-0.02,0,0,0,0,0,0,是-商品卡免佣,0.15,义乌市衍郝电子商务商行,订单结算
2026-04-23 07:57:39,'2026042307573730747533060159,入账,6.72,聚合账户,货款结算入账,小店自卖,'6952131620531475555,'6952131620531475555,'SS76307265543516493140041,2026-04-17 04:39:50,'3807956255797018943,韩国精致气质炫彩侧边夹2026年新款发夹高端夹顶刘海鸭嘴高级夹子,,,普通订单,6.76,0,0,0,0,0,0,0,0,0,0,0,-0.04,0,0,0,0,0,0,是-商品卡免佣,0.29,义乌市衍郝电子商务商行,订单结算
2026-04-23 07:57:39,'2026042307573522615495940159,入账,4.87,聚合账户,货款结算入账,小店自卖,'6952021743860716629,'6952021743860716629,'SS76307242183930885620025,2026-04-13 09:34:40,'3800198492568289686,买一送一爆款凉拖鞋男士夏季情侣2026新款家居防滑防臭厚底拖鞋女,,,普通订单,4.9,0,0,0,0,0,0,0,0,0,0,0,-0.03,0,0,0,0,0,0,是-商品卡免佣,0.22,义乌市衍郝电子商务商行,订单结算
2026-04-23 07:57:39,'2026042307573717354142990159,入账,1.67,聚合账户,货款结算入账,小店自卖,'6952018803632509986,'6952018803632509986,'SS76306668149051072510196,2026-04-13 01:34:54,'3624652375903581588,儿童高级感红色抓夹发饰高弹力皮筋扎头绳大肠发圈成人新款一字夹,,,普通订单,1.76,0,0,0,0,0,0,0,0,0,0,0,-0.09,0,0,0,0,0,0,,0,义乌市衍郝电子商务商行,订单结算
2026-04-23 07:57:39,'2026042307573739220190990159,入账,8.85,聚合账户,货款结算入账,小店自卖,'6952045587629675958,'6952045587629675958,'SS76306671806018893060224,2026-04-13 07:34:23,'3800198492568289686,买一送一爆款凉拖鞋男士夏季情侣2026新款家居防滑防臭厚底拖鞋女,,,普通订单,8.9,0,0,0,0,0,0,0,0,0,0,0,-0.05,0,0,0,0,0,0,是-商品卡免佣,0.37,义乌市衍郝电子商务商行,订单结算
2026-04-23 07:57:40,'2026042307573436999337370159,入账,4.35,聚合账户,货款结算入账,小店自卖,'6925545052123660004,'6925545052123660004,'SS76306667940302075390164,2026-04-12 22:27:12,'3811083906791374873,懒人扎高马尾不塌神器啪啪圈发圈头绳显发量丸子头不伤发发绳头饰,,,普通订单,4.38,0,0,0,0,0,0,0,0,0,0,0,-0.03,0,0,0,0,0,0,是-商品卡免佣,0.22,义乌市衍郝电子商务商行,订单结算
2026-04-23 07:57:40,'2026042307573725471224420159,入账,6.28,聚合账户,货款结算入账,小店自卖,'6952131572302156899,'6952131572302156899,'SS76307265837005051280247,2026-04-17 04:37:15,'3752322399887033276,短发留长发过渡期神器半扎发发夹女后脑勺大号在成人前额碎发夹子,,,普通订单,6.32,0.8,0,0,0,0,0,0,0,0,0,0,-0.04,0,0,0,0,0,0,是-商品卡免佣,0.29,义乌市衍郝电子商务商行,订单结算
2026-04-23 07:57:40,'2026042307573816991073470159,入账,1.98,聚合账户,货款结算入账,小店自卖,'6925549034824171343,'6925549034824171343,'SS76306413761640207780093,2026-04-12 20:33:27,'3799023022220903050,2026新款EVA家居室内不臭脚拖鞋男士夏季踩屎感防滑洗澡凉拖女式,,,普通订单,0.99,0,0,0,0,0,0,0,0,1,0,0,-0.01,0,0,0,0,0,0,是-商品卡免佣,0.07,义乌市衍郝电子商务商行,订单结算
2026-04-23 07:57:40,'2026042307573715188997380159,入账,3.31,聚合账户,货款结算入账,小店自卖,'6925523900772220124,'6925523900772220124,'SS76306246156110443920086,2026-04-12 07:20:07,'3752323501579698198,炫彩精致马尾侧边百搭气质闪钻少女顶夹刘海造型侧边夹碎发刘海夹,,,普通订单,2.33,0,0,0,0,0,0,0,1,0,0,0,-0.02,0,0,0,0,0,0,是-商品卡免佣,0.15,义乌市衍郝电子商务商行,订单结算
2026-04-23 07:57:40,'2026042307573726219973620159,入账,3.93,聚合账户,货款结算入账,巨量千川,'6952018738543203524,'6952018738543203524,'SS76306825387128632580126,2026-04-13 00:51:37,'3809975766641410463,高级感水钻珠珠一字扭扭夹2026新款盘发抓夹后脑勺发量多发夹头饰,,,普通订单,3.95,0,0,0,0,0,0,0,0,0,0,0,-0.02,0,0,0,0,0,0,是-商品卡免佣,0.15,义乌市衍郝电子商务商行,订单结算
2026-04-23 07:57:40,'2026042307573723908027380159,入账,6.51,聚合账户,货款结算入账,小店自卖,'6925544962218753555,'6925544962218753555,'SS76307409001272653070091,2026-04-12 22:06:14,'3811102963569655948,春夏撞色蝴蝶结发夹发卡女后脑勺2026新款气质大号盘发鸭嘴夹发饰,,,普通订单,5.55,0,0,0,0,0,0,0,0,1,0,0,-0.04,0,0,0,0,0,0,是-商品卡免佣,0.29,义乌市衍郝电子商务商行,订单结算
2026-04-23 07:57:40,'2026042307573806547051980159,入账,3.63,聚合账户,货款结算入账,小店自卖,'6952041247440442615,'6952041247440442615,'SS76307500487221294710016,2026-04-13 10:33:12,'3810919823941174195,中式复古洋气多层小蛮腰褶皱印花肥肠圈高端水墨皮筋耐用新款发圈,,,普通订单,3.65,0,0,0,0,0,0,0,0,0,0,0,-0.02,0,0,0,0,0,0,是-商品卡免佣,0.15,义乌市衍郝电子商务商行,订单结算
2026-04-23 07:57:40,'2026042307573710757739980159,入账,8.2,聚合账户,货款结算入账,小店自卖,'6952013698378831709,'6952013698378831709,'SS76306621240754670620205,2026-04-12 16:38:50,'3809996734654972351,韩系碎花大肠发圈女夏季网纱蕾丝头绳甜美扎头发皮筋ins风发饰,,,普通订单,8.25,0,0,0,0,0,0,0,0,0,0,0,-0.05,0,0,0,0,0,0,是-商品卡免佣,0.37,义乌市衍郝电子商务商行,订单结算
2026-04-23 07:57:40,'2026042307573725071498300159,入账,3.69,聚合账户,货款结算入账,小店自卖,'6925563023561161966,'6925563023561161966,'SS76307256344842122590158,2026-04-13 13:43:43,'3784003036372926557,可爱毛绒小熊发箍女冬天洗脸发箍防滑防掉发卡高颅红色蝴蝶结发饰,,,普通订单,3.71,0,0,0,0,0,0,0,0,0,0,0,-0.02,0,0,0,0,0,0,是-商品卡免佣,0.15,义乌市衍郝电子商务商行,订单结算
2026-04-23 07:57:40,'2026042307573733474316860159,入账,5.17,聚合账户,货款结算入账,小店自卖,'6925552102158728767,'6925552102158728767,'SS76306673131968596540183,2026-04-12 22:50:04,'3812961166053999319,ins爆款卡通蓬松夹鸭嘴夹一字夹化妆发夹超萌可爱猫咪少女刘海夹,,,普通订单,4.92,0,0,0,0,0,0,0,0.28,0,0,0,-0.03,0,0,0,0,0,0,是-商品卡免佣,0.22,义乌市衍郝电子商务商行,订单结算
2026-04-23 07:57:40,'2026042307573701775211930159,入账,5.28,聚合账户,货款结算入账,小店自卖,'6925549539512712216,'6925549539512712216,'SS76306668665833763840053,2026-04-12 23:24:02,'3768979814174818449,2025新款气质大号盘发鸭嘴夹春夏发卡蝴蝶大号在成人抓夹碎发夹子,,,普通订单,5.31,0,0,0,0,0,0,0,0,0,0,0,-0.03,0,0,0,0,0,0,是-商品卡免佣,0.22,义乌市衍郝电子商务商行,订单结算
2026-04-23 07:57:40,'2026042307573705253373780159,入账,3.79,聚合账户,货款结算入账,小店自卖,'6925541068016942387,'6925541068016942387,'SS76307023603695662430088,2026-04-13 06:17:11,'3752323576548688241,中国风孔雀盘发器女生古典旗袍发饰丸子懒人高级感饰品优雅发夹女,,,普通订单,3.81,0,0,0,0,0,0,0,0,0,0,0,-0.02,0,0,0,0,0,0,是-商品卡免佣,0.15,义乌市衍郝电子商务商行,订单结算
2026-04-23 07:57:40,'2026042307573815756211660159,入账,2.61,聚合账户,货款结算入账,小店自卖,'6951945159321392641,'6951945159321392641,'SS76282655166500418560247,2026-04-09 21:37:47,'3789802751828033699,洗脸袖套手腕带防水滴套袖口洗头防溅滴水纯色毛绒运动擦汗护手环,,,普通订单,2.63,0,0,0,0,0,0,0,0,0,0,0,-0.02,0,0,0,0,0,0,是-商品卡免佣,0.06,义乌市衍郝电子商务商行,订单结算
2026-04-23 07:57:40,'2026042307573711576939610159,入账,6.22,聚合账户,货款结算入账,小店自卖,'6952045545108673986,'6952045545108673986,'SS76306669490816660820054,2026-04-13 07:36:39,'3811098503330005269,雾色暖秋~氛围感带齿高颅顶头箍旅行发卡气质姜黄丝绒蝴蝶结发箍,,,普通订单,6.55,0,0,0,0,0,0,0,0,0,0,0,-0.33,0,0,0,0,0,0,,0,义乌市衍郝电子商务商行,订单结算
2026-04-23 07:57:40,'2026042307573722367114500159,入账,7.93,聚合账户,货款结算入账,小店自卖,'6952041230533268564,'6952041230533268564,'SS76306681006517788790033,2026-04-13 10:39:49,'3812438526650351850,韩版网纱蝴蝶结抓夹2026新款水晶刘海夹侧边夹气质优雅公主夹蓬松,,,普通订单,7.98,0,0,0,0,0,0,0,0,0,0,0,-0.05,0,0,0,0,0,0,是-商品卡免佣,0.37,义乌市衍郝电子商务商行,订单结算
2026-04-23 07:57:40,'2026042307573630885645180159,入账,2.87,聚合账户,货款结算入账,小店自卖,'6952014698307065371,'6952014698307065371,'SS76306998660453012910100,2026-04-13 08:54:15,'3752321970432246133,宫廷发箍设计波西米亚风发箍宽边网红洋气气质头箍红色头饰发饰,,,普通订单,2.89,0,0,0,0,0,0,0,0,0,0,0,-0.02,0,0,0,0,0,0,是-商品卡免佣,0.15,义乌市衍郝电子商务商行,订单结算
2026-04-23 07:57:40,'2026042307573739185129370159,入账,2.61,聚合账户,货款结算入账,小店自卖,'6925540059832614291,'6925540059832614291,'SS76306666230457677180068,2026-04-12 18:43:51,'3770291082655564062,黑色H字母抓夹女2025新款后脑勺盘发夹子大号在成人大号毛绒鲨鱼,,,普通订单,2.63,0,0,0,0,0,0,0,0,0,0,0,-0.02,0,0,0,0,0,0,是-商品卡免佣,0.15,义乌市衍郝电子商务商行,订单结算
2026-04-23 07:57:40,'2026042307573740564165470159,入账,3.73,聚合账户,货款结算入账,小店自卖,'6925687904246464422,'6925687904246398886,'SS76307500878027497370129,2026-04-18 09:24:10,'3810919823941174195,中式复古洋气多层小蛮腰褶皱印花肥肠圈高端水墨皮筋耐用新款发圈,,,普通订单,3.75,0,0,0,0,0,0,0,0,0,0,0,-0.02,0,0,0,0,0,0,是-商品卡免佣,0.15,义乌市衍郝电子商务商行,订单结算
2026-04-23 07:57:40,'2026042307573707352323060159,入账,2.97,聚合账户,货款结算入账,小店自卖,'6952032343957641015,'6952032343957641015,'SS76306999699135537150135,2026-04-13 08:53:15,'3784025743923740805,韩国气质精致百搭炫彩闪钻少女侧边夹刘大号在成人前额碎发夹子,,,普通订单,2.99,0,0,0,0,0,0,0,0,0,0,0,-0.02,0,0,0,0,0,0,是-商品卡免佣,0.15,义乌市衍郝电子商务商行,订单结算
2026-04-23 07:57:40,'2026042307573716240317820159,入账,3.76,聚合账户,货款结算入账,小店自卖,'6952014731384394879,'6952014731384394879,'SS76307501256920806670192,2026-04-13 09:25:08,'3809046638404698823,韩国男士发箍洗脸头箍发卡发夹潮男运动发带背头压发窟发捆女头饰,,,普通订单,3.78,0,0,0,0,0,0,0,0,0,0,0,-0.02,0,0,0,0,0,0,是-商品卡免佣,0.15,义乌市衍郝电子商务商行,订单结算
2026-04-23 07:57:40,'2026042307573814009306060159,入账,6.35,聚合账户,货款结算入账,小店自卖,'6952005406657419114,'6952005406657419114,'SS76306668050480215310119,2026-04-12 22:21:06,'3674363744047202423,儿童碎发梳韩式发夹小女孩头饰可爱碎发神器女童发卡高颅顶神器,,,普通订单,6.39,1.1,0,0,0,0,0,0,0,0,0,0,-0.04,0,0,0,0,0,0,是-商品卡免佣,0.29,义乌市衍郝电子商务商行,订单结算
2026-04-23 07:57:40,'2026042307573809857439240159,入账,8.85,聚合账户,货款结算入账,小店自卖,'6925546874516766147,'6925546874516766147,'SS76306417844102930320124,2026-04-12 21:39:13,'3800198492568289686,买一送一爆款凉拖鞋男士夏季情侣2026新款家居防滑防臭厚底拖鞋女,,,普通订单,8.9,0,0,0,0,0,0,0,0,0,0,0,-0.05,0,0,0,0,0,0,是-商品卡免佣,0.37,义乌市衍郝电子商务商行,订单结算
2026-04-23 07:57:40,'2026042307573632938276240159,入账,17.87,聚合账户,货款结算入账,小店自卖,'6925556792230902785,'6925556792230902785,'SS76307120630824801710020,2026-04-13 09:08:45,'3812249807800631541,鸡蛋花发夹傣族旅游发饰拍照沙滩海边度假花朵侧边夹发卡刘海头饰,,,普通订单,17.98,0,0,0,0,0,0,0,0,0,0,0,-0.11,0,0,0,0,0,0,是-商品卡免佣,0.81,义乌市衍郝电子商务商行,订单结算
2026-04-23 07:57:40,'2026042307573734965304780159,入账,8.85,聚合账户,货款结算入账,小店自卖,'6952154958093752043,'6952154958093752043,'SS76306652944541005140165,2026-04-17 16:58:45,'3800198492568289686,买一送一爆款凉拖鞋男士夏季情侣2026新款家居防滑防臭厚底拖鞋女,,,普通订单,8.9,0,0,0,0,0,0,0,0,0,0,0,-0.05,0,0,0,0,0,0,是-商品卡免佣,0.37,义乌市衍郝电子商务商行,订单结算
2026-04-23 07:57:40,'2026042307573722911882390159,入账,5.68,聚合账户,货款结算入账,小店自卖,'6925677051346582643,'6925677051346582643,'SS76308509793149427620235,2026-04-18 07:25:28,'3772322355301450010,红玫瑰抓夹盘发头花花朵抓夹2025爆款洋气大号在成人前额碎发夹子,,,普通订单,5.21,1.5,0,0,0,0,0,0,0.5,0,0,0,-0.03,0,0,0,0,0,0,是-商品卡免佣,0.22,义乌市衍郝电子商务商行,订单结算
2026-04-23 07:57:41,'2026042307573814684533850159,入账,8.85,聚合账户,货款结算入账,小店自卖,'6952036432315159648,'6952036432315159648,'SS76306415090160809390051,2026-04-13 05:44:41,'3800198492568289686,买一送一爆款凉拖鞋男士夏季情侣2026新款家居防滑防臭厚底拖鞋女,,,普通订单,8.9,0,0,0,0,0,0,0,0,0,0,0,-0.05,0,0,0,0,0,0,是-商品卡免佣,0.37,义乌市衍郝电子商务商行,订单结算
2026-04-23 07:57:41,'2026042307573822904058980159,入账,4.96,聚合账户,货款结算入账,小店自卖,'6925549586388451299,'6925549586388451299,'SS76306420401212956560004,2026-04-12 23:40:16,'3809625164249956608,孕妇专用防滑拖鞋女士夏季家居家室内静音浴室洗澡防臭凉拖鞋外穿,,,普通订单,4.99,0,0,0,0,0,0,0,0,0,0,0,-0.03,0,0,0,0,0,0,是-商品卡免佣,0.22,义乌市衍郝电子商务商行,订单结算
2026-04-23 07:57:41,'2026042307573907736369020159,入账,8.45,聚合账户,货款结算入账,巨量千川,'6952139563068101984,'6952139563068101984,'SS76307559873806508040032,2026-04-18 00:13:23,'3800198492568289686,买一送一爆款凉拖鞋男士夏季情侣2026新款家居防滑防臭厚底拖鞋女,,,普通订单,8.9,0,0,0,0,0,0,0,0,0,0,0,-0.45,0,0,0,0,0,0,,0,义乌市衍郝电子商务商行,订单结算
2026-04-23 07:57:41,'2026042307573919268285540159,入账,6.39,聚合账户,货款结算入账,小店自卖,'6952025466260362783,'6952025466260362783,'SS76307365227129943540047,2026-04-13 07:19:05,'3807584451282731335,缎面高级感碎花蝴蝶结抓夹新款百搭后脑盘发鲨鱼夹马尾夹高档发夹,,,普通订单,6.43,0,0,0,0,0,0,0,0,0,0,0,-0.04,0,0,0,0,0,0,是-商品卡免佣,0.29,义乌市衍郝电子商务商行,订单结算
2026-04-23 07:57:41,'2026042307573803916270590159,入账,6.41,聚合账户,货款结算入账,小店自卖,'6952021670551820047,'6952021670551820047,'SS76307000967086945340192,2026-04-13 08:57:19,'3807584451282731335,缎面高级感碎花蝴蝶结抓夹新款百搭后脑盘发鲨鱼夹马尾夹高档发夹,,,普通订单,6.45,0,0,0,0,0,0,0,0,0,0,0,-0.04,0,0,0,0,0,0,是-商品卡免佣,0.29,义乌市衍郝电子商务商行,订单结算
2026-04-23 07:57:41,'2026042307573820621604340159,入账,2.13,聚合账户,货款结算入账,小店自卖,'6925587743778176309,'6925587743778176309,'SS76308078746036149850048,2026-04-14 22:50:17,'3656186919630559115,网红新款耐用气质发夹蝴蝶结发饰丸子头抓夹女洋气夹子头饰发卡,,,普通订单,2.24,0,0,0,0,0,0,0,0,0,0,0,-0.11,0,0,0,0,0,0,,0,义乌市衍郝电子商务商行,订单结算
2026-04-23 07:57:41,'2026042307573733945728270159,入账,8.85,聚合账户,货款结算入账,小店自卖,'6952015704416196543,'6952015704416196543,'SS76306426232056384060113,2026-04-12 14:47:55,'3800198492568289686,买一送一爆款凉拖鞋男士夏季情侣2026新款家居防滑防臭厚底拖鞋女,,,普通订单,8.9,0,0,0,0,0,0,0,0,0,0,0,-0.05,0,0,0,0,0,0,是-商品卡免佣,0.37,义乌市衍郝电子商务商行,订单结算
2026-04-23 07:57:41,'2026042307573838638229020159,入账,7.06,聚合账户,货款结算入账,小店自卖,'6925551677586636284,'6925551677586636284,'SS76306666905523166810198,2026-04-12 20:47:30,'3776807804489302292,豹纹ins爱心发夹女一字夹高端碎发前额刘大号在成人前额碎发夹子,,,普通订单,7.1,0,0,0,0,0,0,0,0,0,0,0,-0.04,0,0,0,0,0,0,是-商品卡免佣,0.29,义乌市衍郝电子商务商行,订单结算
2026-04-23 07:57:41,'2026042307573928823068540159,入账,9.15,聚合账户,货款结算入账,小店自卖,'6952021246257862426,'6952021246257862426,'SS76307228609946260840132,2026-04-12 23:27:37,'3809262658188869664,高级感新年红色大肠发圈女2026新款扎头发绳丸子氛围感头花发饰,,,普通订单,9.21,0,0,0,0,0,0,0,0,0,0,0,-0.06,0,0,0,0,0,0,是-商品卡免佣,0.44,义乌市衍郝电子商务商行,订单结算
2026-04-23 07:57:41,'2026042307573628360218230159,入账,8.85,聚合账户,货款结算入账,小店自卖,'6925587064368233972,'6925587064368233972,'SS76308044833164047780197,2026-04-14 17:51:25,'3800198492568289686,买一送一爆款凉拖鞋男士夏季情侣2026新款家居防滑防臭厚底拖鞋女,,,普通订单,8.9,0,0,0,0,0,0,0,0,0,0,0,-0.05,0,0,0,0,0,0,是-商品卡免佣,0.37,义乌市衍郝电子商务商行,订单结算
2026-04-23 07:57:41,'2026042307573827146818660159,入账,4.96,聚合账户,货款结算入账,小店自卖,'6925557701980094152,'6925557701980094152,'SS76305468907827246540164,2026-04-13 15:17:16,'3809625164249956608,孕妇专用防滑拖鞋女士夏季家居家室内静音浴室洗澡防臭凉拖鞋外穿,,,普通订单,4.99,0,0,0,0,0,0,0,0,0,0,0,-0.03,0,0,0,0,0,0,是-商品卡免佣,0.22,义乌市衍郝电子商务商行,订单结算
2026-04-23 07:57:41,'2026042307573817166835200159,入账,6.34,聚合账户,货款结算入账,小店自卖,'6925599379778469055,'6925599379778469055,'SS76306038973388229120087,2026-04-15 07:35:12,'3768228581545738460,韩国东大门同款碎发夹子气质水钻侧边刘大号在成人前额碎发夹子,,,普通订单,6.67,0,0,0,0,0,0,0,0,0,0,0,-0.33,0,0,0,0,0,0,,0,义乌市衍郝电子商务商行,订单结算
2026-04-23 07:57:41,'2026042307573833906734350159,入账,8.85,聚合账户,货款结算入账,小店自卖,'6952139257567909468,'6952139257567909468,'SS76307195563787719950180,2026-04-17 20:41:18,'3800198492568289686,买一送一爆款凉拖鞋男士夏季情侣2026新款家居防滑防臭厚底拖鞋女,,,普通订单,8.9,0,0,0,0,0,0,0,0,0,0,0,-0.05,0,0,0,0,0,0,是-商品卡免佣,0.37,义乌市衍郝电子商务商行,订单结算
2026-04-23 07:57:41,'2026042307573803568443140159,入账,6.61,聚合账户,货款结算入账,小店自卖,'6952018624055285376,'6952018624055285376,'SS76306668205208701500088,2026-04-12 22:59:35,'3767675591411761485,显白牛油果绿系列小丝巾缠包模特搭配装饰品丝带绑红色蝴蝶结发饰,,,普通订单,6.65,0,0,0,0,0,0,0,0,0,0,0,-0.04,0,0,0,0,0,0,是-商品卡免佣,0.29,义乌市衍郝电子商务商行,订单结算
2026-04-23 07:57:41,'2026042307573802818051080159,入账,2.96,聚合账户,货款结算入账,小店自卖,'6925560119234428069,'6925560119234428069,'SS76306672872866455040012,2026-04-12 21:01:03,'3812961166053999319,ins爆款卡通蓬松夹鸭嘴夹一字夹化妆发夹超萌可爱猫咪少女刘海夹,,,普通订单,2.98,0,0,0,0,0,0,0,0,0,0,0,-0.02,0,0,0,0,0,0,是-商品卡免佣,0.15,义乌市衍郝电子商务商行,订单结算
2026-04-23 07:57:41,'2026042307573728001244430159,入账,8.85,聚合账户,货款结算入账,小店自卖,'6952048148937250174,'6952048148937250174,'SS76307389066814428570009,2026-04-13 12:56:16,'3800198492568289686,买一送一爆款凉拖鞋男士夏季情侣2026新款家居防滑防臭厚底拖鞋女,,,普通订单,8.9,0,0,0,0,0,0,0,0,0,0,0,-0.05,0,0,0,0,0,0,是-商品卡免佣,0.37,义乌市衍郝电子商务商行,订单结算
2026-04-23 07:57:41,'2026042307573801095437260159,入账,2.52,聚合账户,货款结算入账,小店自卖,'6952013706728510810,'6952013706728510810,'SS76306666614984384410096,2026-04-12 17:09:06,'3776807804489302292,豹纹ins爱心发夹女一字夹高端碎发前额刘大号在成人前额碎发夹子,,,普通订单,2.54,0,0,0,0,0,0,0,0,0,0,0,-0.02,0,0,0,0,0,0,是-商品卡免佣,0.15,义乌市衍郝电子商务商行,订单结算
2026-04-23 07:57:41,'2026042307573811588575150159,入账,1.98,聚合账户,货款结算入账,小店自卖,'6925557658270465458,'6925557658270465458,'SS76307376691867366910157,2026-04-13 14:46:30,'3812796426258350389,夏天简约随手盘发一字扭扭夹水钻抓夹高级发夹扭扭后脑勺盘发器,,,普通订单,1.99,0,0,0,0,0,0,0,0,0,0,0,-0.01,0,0,0,0,0,0,是-商品卡免佣,0.07,义乌市衍郝电子商务商行,订单结算
2026-04-23 07:57:41,'2026042307573810709409630159,入账,5.46,聚合账户,货款结算入账,小店自卖,'6925551908386995728,'6925551908386995728,'SS76306666002761979420198,2026-04-12 22:02:48,'3806655969480540177,米菲兔巨显发量香蕉兔子后脑勺盘发百搭少女发饰时尚可爱波点大号,,,普通订单,5.49,0,0,0,0,0,0,0,0,0,0,0,-0.03,0,0,0,0,0,0,是-商品卡免佣,0.22,义乌市衍郝电子商务商行,订单结算
2026-04-23 07:57:41,'2026042307573820024855440159,入账,2.87,聚合账户,货款结算入账,小店自卖,'6925540485841452817,'6925540485841452817,'SS76306667723537986970005,2026-04-12 21:36:02,'3752323855864168814,飘带齿梳发箍波浪高颅顶高颅顶宫廷编发发箍女复红色蝴蝶结发饰,,,普通订单,2.89,0,0,0,0,0,0,0,0,0,0,0,-0.02,0,0,0,0,0,0,是-商品卡免佣,0.15,义乌市衍郝电子商务商行,订单结算
2026-04-23 07:57:41,'2026042307573711707025980159,入账,3.62,聚合账户,货款结算入账,小店自卖,'6925560587317444534,'6925560587317444534,'SS76306668794633264910203,2026-04-12 23:37:17,'3752323576548688241,中国风孔雀盘发器女生古典旗袍发饰丸子懒人高级感饰品优雅发夹女,,,普通订单,3.81,0,0,0,0,0,0,0,0,0,0,0,-0.19,0,0,0,0,0,0,,0,义乌市衍郝电子商务商行,订单结算
2026-04-23 07:57:41,'2026042307573830831255420159,入账,5.55,聚合账户,货款结算入账,小店自卖,'6951998043843401481,'6951998043843401481,'SS76306666094678881910028,2026-04-12 17:20:11,'3809975766641410463,高级感水钻珠珠一字扭扭夹2026新款盘发抓夹后脑勺发量多发夹头饰,,,普通订单,5.58,0,0,0,0,0,0,0,0,0,0,0,-0.03,0,0,0,0,0,0,是-商品卡免佣,0.22,义乌市衍郝电子商务商行,订单结算
2026-04-23 07:57:41,'2026042307573827475648380159,入账,3.23,聚合账户,货款结算入账,小店自卖,'6952028252201555072,'6952028252201555072,'SS76306843602857374980129,2026-04-13 10:11:18,'3809975766641410463,高级感水钻珠珠一字扭扭夹2026新款盘发抓夹后脑勺发量多发夹头饰,,,普通订单,3.25,0,0,0,0,0,0,0,0,0,0,0,-0.02,0,0,0,0,0,0,是-商品卡免佣,0.15,义乌市衍郝电子商务商行,订单结算
2026-04-23 07:57:41,'2026042307573832773412180159,入账,7.22,聚合账户,货款结算入账,小店自卖,'6925682895125576947,'6925682895125576947,'SS76307223367945428840186,2026-04-17 20:43:14,'3812771631437316687,买一送一拖鞋男款外出耐穿夏天居家用室内厚底防滑防臭男女凉托鞋,,,普通订单,9.6,0,0,0,0,0,0,0,0,0,0,-2,-0.38,0,0,0,0,0,0,,0,义乌市衍郝电子商务商行,订单结算
2026-04-23 07:57:41,'2026042307573837587520380159,入账,4.96,聚合账户,货款结算入账,小店自卖,'6952040826489280271,'6952040826489280271,'SS76306424053139584270069,2026-04-13 01:03:59,'3809625164249956608,孕妇专用防滑拖鞋女士夏季家居家室内静音浴室洗澡防臭凉拖鞋外穿,,,普通订单,4.99,0,0,0,0,0,0,0,0,0,0,0,-0.03,0,0,0,0,0,0,是-商品卡免佣,0.22,义乌市衍郝电子商务商行,订单结算
2026-04-23 07:57:42,'2026042307573911228329220159,入账,8.15,聚合账户,货款结算入账,小店自卖,'6952011699332846816,'6952011699332846816,'SS76307406635501330440113,2026-04-12 17:21:40,'3770443622806323454,韩系头饰洋气三角抓夹网红爆款高级感发卡新款大号在成人碎发夹子,,,普通订单,8.2,0,0,0,0,0,0,0,0,0,0,0,-0.05,0,0,0,0,0,0,是-商品卡免佣,0.37,义乌市衍郝电子商务商行,订单结算
2026-04-23 07:57:42,'2026042307574013367383130159,入账,3.47,聚合账户,货款结算入账,小店自卖,'6952129028974450571,'6952129028974450571,'SS76307119688986299140135,2026-04-16 17:43:01,'3806655969480540177,米菲兔巨显发量香蕉兔子后脑勺盘发百搭少女发饰时尚可爱波点大号,,,普通订单,0.01,0,0,3.48,0,0,0,0,0,0,0,0,-0.02,0,0,0,0,0,0,是-商品卡免佣,0.15,义乌市衍郝电子商务商行,订单结算
2026-04-23 07:57:42,'2026042307573919179934820159,入账,4.96,聚合账户,货款结算入账,小店自卖,'6952007156109416023,'6952007156109416023,'SS76306418941043673940143,2026-04-12 19:04:38,'3809625164249956608,孕妇专用防滑拖鞋女士夏季家居家室内静音浴室洗澡防臭凉拖鞋外穿,,,普通订单,4.99,0,0,0,0,0,0,0,0,0,0,0,-0.03,0,0,0,0,0,0,是-商品卡免佣,0.22,义乌市衍郝电子商务商行,订单结算
2026-04-23 07:57:42,'2026042307573933773324900159,入账,2.87,聚合账户,货款结算入账,小店自卖,'6925542591112314450,'6925542591112314450,'SS76306667145184752900187,2026-04-12 21:54:35,'3752323855864168814,飘带齿梳发箍波浪高颅顶高颅顶宫廷编发发箍女复红色蝴蝶结发饰,,,普通订单,2.89,0,0,0,0,0,0,0,0,0,0,0,-0.02,0,0,0,0,0,0,是-商品卡免佣,0.15,义乌市衍郝电子商务商行,订单结算
2026-04-23 07:57:42,'2026042307573818421355670159,入账,4.76,聚合账户,货款结算入账,小店自卖,'6925547811772137239,'6925547811772137239,'SS76307011461054958580068,2026-04-13 09:26:52,'3711478916494524912,路易斯抓夹黑色赫本风抓夹定制高级感轻奢鲨鱼夹洋气后脑勺盘发夹,,,普通订单,4.79,0,0,0,0,0,0,0,0,0,0,0,-0.03,0,0,0,0,0,0,是-商品卡免佣,0.22,义乌市衍郝电子商务商行,订单结算
2026-04-23 07:57:42,'2026042307574005765084670159,入账,3.32,聚合账户,货款结算入账,小店自卖,'6925687966007328665,'6925687966007328665,'SS76308252350883927580201,2026-04-18 09:59:44,'3806655969480540177,米菲兔巨显发量香蕉兔子后脑勺盘发百搭少女发饰时尚可爱波点大号,,,普通订单,0.01,0,0,3.48,0,0,0,0,0,0,0,0,-0.17,0,0,0,0,0,0,,0,义乌市衍郝电子商务商行,订单结算
2026-04-23 07:57:42,'2026042307574008183690660159,入账,2.66,聚合账户,货款结算入账,小店自卖,'6925540439578476350,'6925540439578476350,'SS76306667863756641540170,2026-04-12 21:37:51,'3674363744047202423,儿童碎发梳韩式发夹小女孩头饰可爱碎发神器女童发卡高颅顶神器,,,普通订单,2.68,1.1,0,0,0,0,0,0,0,0,0,0,-0.02,0,0,0,0,0,0,是-商品卡免佣,0.15,义乌市衍郝电子商务商行,订单结算
2026-04-23 07:57:42,'2026042307573927778097270159,入账,4.96,聚合账户,货款结算入账,小店自卖,'6925553233534680826,'6925553233534680826,'SS76306422450926597540227,2026-04-12 14:39:34,'3809625164249956608,孕妇专用防滑拖鞋女士夏季家居家室内静音浴室洗澡防臭凉拖鞋外穿,,,普通订单,4.99,0,0,0,0,0,0,0,0,0,0,0,-0.03,0,0,0,0,0,0,是-商品卡免佣,0.22,义乌市衍郝电子商务商行,订单结算
2026-04-23 07:57:42,'2026042307573907596121660159,入账,5.17,聚合账户,货款结算入账,小店自卖,'6925554220911393810,'6925554220911393810,'SS76306672975813187100112,2026-04-12 21:27:07,'3812961166053999319,ins爆款卡通蓬松夹鸭嘴夹一字夹化妆发夹超萌可爱猫咪少女刘海夹,,,普通订单,5.2,0,0,0,0,0,0,0,0,0,0,0,-0.03,0,0,0,0,0,0,是-商品卡免佣,0.22,义乌市衍郝电子商务商行,订单结算
2026-04-23 07:57:42,'2026042307573927147023630159,入账,6.46,聚合账户,货款结算入账,小店自卖,'6952021163612967978,'6952021163612967978,'SS76307368972466752430148,2026-04-12 22:42:54,'3812240028327870813,粉色双面蝴蝶结香蕉夹竖夹超温柔!气质高马尾发夹后脑勺发夹发饰,,,普通订单,6.5,0,0,0,0,0,0,0,0,0,0,0,-0.04,0,0,0,0,0,0,是-商品卡免佣,0.29,义乌市衍郝电子商务商行,订单结算
2026-04-23 07:57:42,'2026042307574030371356250159,入账,4.2,聚合账户,货款结算入账,小店自卖,'6952028148426479454,'6952028148426479454,'SS76307240165541978110203,2026-04-13 09:35:39,'3800198492568289686,买一送一爆款凉拖鞋男士夏季情侣2026新款家居防滑防臭厚底拖鞋女,,,普通订单,0.9,0,0,3.52,0,0,0,0,0,0,0,0,-0.22,0,0,0,0,0,0,,0,义乌市衍郝电子商务商行,订单结算
2026-04-23 07:57:42,'2026042307573932674618880159,入账,8.45,聚合账户,货款结算入账,巨量千川,'6925678942118444891,'6925678942118444891,'SS76307436697894630830115,2026-04-17 22:35:17,'3800198492568289686,买一送一爆款凉拖鞋男士夏季情侣2026新款家居防滑防臭厚底拖鞋女,,,普通订单,8.9,0,0,0,0,0,0,0,0,0,0,0,-0.45,0,0,0,0,0,0,,0,义乌市衍郝电子商务商行,订单结算
2026-04-23 07:57:42,'2026042307573821526124060159,入账,3.51,聚合账户,货款结算入账,小店自卖,'6925567291443347334,'6925567291443347334,'SS76307013853791854430110,2026-04-13 11:42:05,'3797199952510321008,儿童韩系五角星女童大肠花朵发圈甜美可爱纹波丸子头头绳马尾发饰,,,普通订单,0.69,0,0,3,0,0,0,0,0,0,0,0,-0.18,0,0,0,0,0,0,,0,义乌市衍郝电子商务商行,订单结算
2026-04-23 07:57:42,'2026042307574005121974140159,入账,3.63,聚合账户,货款结算入账,小店自卖,'6925550260783447808,'6925550260783447808,'SS76307500431569270390226,2026-04-13 10:47:02,'3810919823941174195,中式复古洋气多层小蛮腰褶皱印花肥肠圈高端水墨皮筋耐用新款发圈,,,普通订单,3.65,0,0,0,0,0,0,0,0,0,0,0,-0.02,0,0,0,0,0,0,是-商品卡免佣,0.15,义乌市衍郝电子商务商行,订单结算
2026-04-23 07:57:42,'2026042307573932725082060159,入账,2.75,聚合账户,货款结算入账,小店自卖,'6925593716046397157,'6925593716046397157,'SS76307285726554857390216,2026-04-14 15:53:50,'3809265632504053775,韩系波点椭圆刘海插梳碎发整理神器发插女后脑勺倒插梳子发卡发饰,,,普通订单,0.63,0,0,2.27,0,0,0,0,0,0,0,0,-0.15,0,0,0,0,0,0,,0,义乌市衍郝电子商务商行,订单结算
2026-04-23 07:57:42,'2026042307573931381468250159,入账,8.85,聚合账户,货款结算入账,小店自卖,'6952139757548869585,'6952139757548869585,'SS76307435458925204860181,2026-04-18 06:27:35,'3800198492568289686,买一送一爆款凉拖鞋男士夏季情侣2026新款家居防滑防臭厚底拖鞋女,,,普通订单,8.9,0,0,0,0,0,0,0,0,0,0,0,-0.05,0,0,0,0,0,0,是-商品卡免佣,0.37,义乌市衍郝电子商务商行,订单结算
2026-04-23 07:57:42,'2026042307573925047086460159,入账,2.45,聚合账户,货款结算入账,小店自卖,'6952043228748715577,'6952043228748715577,'SS76305106342213394380110,2026-04-13 02:00:09,'3807956255797018943,韩国精致气质炫彩侧边夹2026年新款发夹高端夹顶刘海鸭嘴高级夹子,,,普通订单,2.58,0,0,0,0,0,0,0,0,0,0,0,-0.13,0,0,0,0,0,0,,0,义乌市衍郝电子商务商行,订单结算
2026-04-23 07:57:42,'2026042307573830669381180159,入账,5.77,聚合账户,货款结算入账,小店自卖,'6925593541999951426,'6925593541999951426,'SS76306723303648957630072,2026-04-14 14:07:31,'3621925144525668908,波浪头箍发卡马尾压发优雅发带夹子夹头发压发扎头绳大肠发圈红色,,,普通订单,5.8,0,0,0,0,0,0,0,0,0,0,0,-0.03,0,0,0,0,0,0,是-商品卡免佣,0.22,义乌市衍郝电子商务商行,订单结算
2026-04-23 07:57:42,'2026042307573917667241020159,入账,1.31,聚合账户,货款结算入账,小店自卖,'6925658301398613312,'6925658301398547776,'SS76308405991674682880099,2026-04-17 11:49:55,'3808324622366146831,韩国France猫咪晕染香蕉夹2026新款爆款可爱高马尾竖夹扭扭夹发夹,,,普通订单,1.07,0,0,0,0,0,0,0,0,0.25,0,0,-0.01,0,0,0,0,0,0,是-商品卡免佣,0.07,义乌市衍郝电子商务商行,订单结算
2026-04-23 07:57:42,'2026042307573924034186660159,入账,2.24,聚合账户,货款结算入账,小店自卖,'6925542518937255647,'6925542518937255647,'SS76307375444262425790015,2026-04-12 21:25:54,'3809975766641410463,高级感水钻珠珠一字扭扭夹2026新款盘发抓夹后脑勺发量多发夹头饰,,,普通订单,2.25,0,0,0,0,0,0,0,0,0,0,0,-0.01,0,0,0,0,0,0,是-商品卡免佣,0.07,义乌市衍郝电子商务商行,订单结算
2026-04-23 07:57:42,'2026042307573934451829860159,入账,1.34,聚合账户,货款结算入账,小店自卖,'6952030690234078568,'6952030690234078568,'SS76306999807494436340223,2026-04-13 15:35:46,'3809625164249956608,孕妇专用防滑拖鞋女士夏季家居家室内静音浴室洗澡防臭凉拖鞋外穿,,,普通订单,1.4,0,0,1.01,0,0,0,0,0,0,0,-1,-0.07,0,0,0,0,0,0,,0,义乌市衍郝电子商务商行,订单结算
2026-04-23 07:57:42,'2026042307573903366917630159,入账,2.28,聚合账户,货款结算入账,小店自卖,'6925642098163023452,'6925642098163023452,'SS76307297150026878070018,2026-04-16 21:50:04,'3812961166053999319,ins爆款卡通蓬松夹鸭嘴夹一字夹化妆发夹超萌可爱猫咪少女刘海夹,,,普通订单,2.29,0,0,0,0,0,0,0,0,0,0,0,-0.01,0,0,0,0,0,0,是-商品卡免佣,0.07,义乌市衍郝电子商务商行,订单结算
2026-04-23 07:57:42,'2026042307573914460400740159,入账,3.96,聚合账户,货款结算入账,小店自卖,'6952142098262464403,'6952142098262464403,'SS76308352748955284670117,2026-04-17 22:58:41,'3812795676727836686,趣味黑皮可爱KT猫咪刘海贴碎发整理神器魔术贴无痕发夹女头饰发饰,,,普通订单,0.01,0,0,3.97,0,0,0,0,0,0,0,0,-0.02,0,0,0,0,0,0,是-商品卡免佣,0.15,义乌市衍郝电子商务商行,订单结算
2026-04-23 07:57:43,'2026042307574029830354300159,入账,7.94,聚合账户,货款结算入账,小店自卖,'6952014013386003592,'6952014013386003592,'SS76306667465424407400121,2026-04-12 20:29:08,'3656205639027408650,简约洗澡大号盘发发夹后脑勺抓夹成人发抓鲨鱼夹发卡夹子头发夹,,,普通订单,7.99,0.5,0,0,0,0,0,0,0,0,0,0,-0.05,0,0,0,0,0,0,是-商品卡免佣,0.37,义乌市衍郝电子商务商行,订单结算
2026-04-23 07:57:43,'2026042307574032219138830159,入账,2.89,聚合账户,货款结算入账,小店自卖,'6925546526300339542,'6925546526300339542,'SS76306666777427970620216,2026-04-12 19:07:23,'3808680838397296933,许我耀眼赵露思同款简约蝴蝶结抓夹女高级感鲨鱼夹大号发量多头饰,,,普通订单,2.91,0,0,0,0,0,0,0,0,0,0,0,-0.02,0,0,0,0,0,0,是-商品卡免佣,0.15,义乌市衍郝电子商务商行,订单结算
2026-04-23 07:57:43,'2026042307573930549775450159,入账,3.35,聚合账户,货款结算入账,小店自卖,'6952002925268768484,'6952002925268768484,'SS76306666443542039130134,2026-04-12 17:43:54,'3809262658188869664,高级感新年红色大肠发圈女2026新款扎头发绳丸子氛围感头花发饰,,,普通订单,0.53,0,0,3,0,0,0,0,0,0,0,0,-0.18,0,0,0,0,0,0,,0,义乌市衍郝电子商务商行,订单结算
2026-04-23 07:57:43,'2026042307574038756234300159,入账,3.09,聚合账户,货款结算入账,小店自卖,'6925560236187810910,'6925560236187810910,'SS76306416500793187990185,2026-04-12 21:31:19,'3809975766641410463,高级感水钻珠珠一字扭扭夹2026新款盘发抓夹后脑勺发量多发夹头饰,,,普通订单,3.15,0,0,0,0,0,0,0,0,0.1,0,0,-0.16,0,0,0,0,0,0,,0,义乌市衍郝电子商务商行,订单结算
2026-04-23 07:57:43,'2026042307574029697807630159,入账,4.65,聚合账户,货款结算入账,小店自卖,'6952045955709540060,'6952045955709540060,'SS76307242348048555580026,2026-04-13 12:27:01,'3800198492568289686,买一送一爆款凉拖鞋男士夏季情侣2026新款家居防滑防臭厚底拖鞋女,,,普通订单,3.43,0,0,1.47,0,0,0,0,0,0,0,0,-0.25,0,0,0,0,0,0,,0,义乌市衍郝电子商务商行,订单结算
2026-04-23 07:57:43,'2026042307574034359877310159,入账,4.25,聚合账户,货款结算入账,小店自卖,'6925544551716847012,'6925544551716847012,'SS76307377636794048150189,2026-04-12 19:27:10,'3812240028327870813,粉色双面蝴蝶结香蕉夹竖夹超温柔!气质高马尾发夹后脑勺发夹发饰,,,普通订单,4.28,0,0,0,0,0,0,0,0,0,0,0,-0.03,0,0,0,0,0,0,是-商品卡免佣,0.22,义乌市衍郝电子商务商行,订单结算
2026-04-23 07:57:43,'2026042307574023961766490159,入账,4.63,聚合账户,货款结算入账,小店自卖,'6952024775697307392,'6952024775697307392,'SS76306666103065810280161,2026-04-12 20:10:33,'3809265632504053775,韩系波点椭圆刘海插梳碎发整理神器发插女后脑勺倒插梳子发卡发饰,,,普通订单,4.66,0,0,0,0,0,0,0,0,0,0,0,-0.03,0,0,0,0,0,0,是-商品卡免佣,0.22,义乌市衍郝电子商务商行,订单结算
2026-04-23 07:57:43,'2026042307573930631862220159,入账,4.96,聚合账户,货款结算入账,小店自卖,'6952090564137915577,'6952090564137915577,'SS76308400141897733750214,2026-04-14 23:44:56,'3809625164249956608,孕妇专用防滑拖鞋女士夏季家居家室内静音浴室洗澡防臭凉拖鞋外穿,,,普通订单,4.99,0,0,0,0,0,0,0,0,0,0,0,-0.03,0,0,0,0,0,0,是-商品卡免佣,0.22,义乌市衍郝电子商务商行,订单结算
2026-04-23 07:57:43,'2026042307574035799577950159,入账,2.2,聚合账户,货款结算入账,小店自卖,'6925656615801683157,'6925656615801683157,'SS76308051181003453940103,2026-04-17 13:22:35,'3812240028327870813,粉色双面蝴蝶结香蕉夹竖夹超温柔!气质高马尾发夹后脑勺发夹发饰,,,普通订单,0.01,0,0,2.2,0,0,0,0,0,0,0,0,-0.01,0,0,0,0,0,0,是-商品卡免佣,0.07,义乌市衍郝电子商务商行,订单结算
2026-04-23 07:57:43,'2026042307574021651955580159,入账,2.45,聚合账户,货款结算入账,小店自卖,'6952092751678674146,'6952092751678674146,'SS76307759771077023060095,2026-04-14 23:27:25,'3777372549671944258,库洛米发圈女童宝宝头绳三丽鸥毛线卡通皮筋女孩扎马尾丸子头发饰,,,普通订单,1.81,0,0,0.77,0,0,0,0,0,0,0,0,-0.13,0,0,0,0,0,0,,0,义乌市衍郝电子商务商行,订单结算
2026-04-23 07:57:43,'2026042307574113003330820159,入账,6.51,聚合账户,货款结算入账,小店自卖,'6952025588853642762,'6952025588853642762,'SS76306996644761111230226,2026-04-13 09:07:46,'3798679044816503235,秋冬花朵鸭嘴夹女2026新款高级感后脑勺盘发一字夹子大号发夹头饰,,,普通订单,6.55,0,0,0,0,0,0,0,0,0,0,0,-0.04,0,0,0,0,0,0,是-商品卡免佣,0.29,义乌市衍郝电子商务商行,订单结算
2026-04-23 07:57:43,'2026042307574010746107310159,入账,2.63,聚合账户,货款结算入账,小店自卖,'6925677746744688132,'6925677746744688132,'SS76307445370606231500147,2026-04-18 13:08:35,'3778104098440741083,海盐奶咖~爱心波点发夹边夹侧边女前额发卡碎发刘海夹子头饰韩系,,,普通订单,0.01,0,0,2.76,0,0,0,0,0,0,0,0,-0.14,0,0,0,0,0,0,,0,义乌市衍郝电子商务商行,订单结算
2026-04-23 07:57:43,'2026042307573907607754300159,入账,8.45,聚合账户,货款结算入账,小店自卖,'6925638582099541340,'6925638582099541340,'SS76306184116729618340069,2026-04-16 14:36:19,'3800198492568289686,买一送一爆款凉拖鞋男士夏季情侣2026新款家居防滑防臭厚底拖鞋女,,,普通订单,6.23,0,0,2.67,0,0,0,0,0,0,0,0,-0.45,0,0,0,0,0,0,,0,义乌市衍郝电子商务商行,订单结算
2026-04-23 07:57:43,'2026042307574010324052580159,入账,8.85,聚合账户,货款结算入账,小店自卖,'6952101220578825874,'6952101220578825874,'SS76307844885258406670200,2026-04-15 22:03:09,'3800198492568289686,买一送一爆款凉拖鞋男士夏季情侣2026新款家居防滑防臭厚底拖鞋女,,,普通订单,4.9,0,0,4,0,0,0,0,0,0,0,0,-0.05,0,0,0,0,0,0,是-商品卡免佣,0.37,义乌市衍郝电子商务商行,订单结算
2026-04-23 07:57:43,'2026042307574028745735770159,入账,4.56,聚合账户,货款结算入账,小店自卖,'6952096294265296258,'6952096294265296258,'SS76308053887575826270052,2026-04-15 19:26:22,'3812240028327870813,粉色双面蝴蝶结香蕉夹竖夹超温柔!气质高马尾发夹后脑勺发夹发饰,,,普通订单,0.01,0,0,4.79,0,0,0,0,0,0,0,0,-0.24,0,0,0,0,0,0,,0,义乌市衍郝电子商务商行,订单结算
2026-04-23 07:57:43,'2026042307574008025379930159,入账,3.71,聚合账户,货款结算入账,小店自卖,'6952131346315875821,'6952131346315875821,'SS76308399253402588700054,2026-04-16 22:12:28,'3813158348195496156,公主发夹波点蝴蝶结夹小众香蕉2026新款发饰发卡洋气双排头花夹子,,,普通订单,0.91,0,0,3,0,0,0,0,0,0,0,0,-0.2,0,0,0,0,0,0,,0,义乌市衍郝电子商务商行,订单结算
2026-04-23 07:57:43,'2026042307574038731003260159,入账,3.08,聚合账户,货款结算入账,小店自卖,'6952011755689153904,'6952011755689153904,'SS76306666014093030400244,2026-04-12 18:10:38,'3809262658188869664,高级感新年红色大肠发圈女2026新款扎头发绳丸子氛围感头花发饰,,,普通订单,0.01,0,0,3.09,0,0,0,0,0,0,0,0,-0.02,0,0,0,0,0,0,是-商品卡免佣,0.15,义乌市衍郝电子商务商行,订单结算
2026-04-23 07:57:43,'2026042307574008016696410159,入账,4.74,聚合账户,货款结算入账,小店自卖,'6952021221672686999,'6952021221672686999,'SS76306422637860129470101,2026-04-12 23:17:13,'3809625164249956608,孕妇专用防滑拖鞋女士夏季家居家室内静音浴室洗澡防臭凉拖鞋外穿,,,普通订单,1.99,0,0,3,0,0,0,0,0,0,0,0,-0.25,0,0,0,0,0,0,,0,义乌市衍郝电子商务商行,订单结算
2026-04-23 07:57:43,'2026042307574019642291300159,入账,4.96,聚合账户,货款结算入账,小店自卖,'6952024654735218141,'6952024654735218141,'SS76306423343300940860020,2026-04-12 18:33:03,'3809625164249956608,孕妇专用防滑拖鞋女士夏季家居家室内静音浴室洗澡防臭凉拖鞋外穿,,,普通订单,4.99,0,0,0,0,0,0,0,0,0,0,0,-0.03,0,0,0,0,0,0,是-商品卡免佣,0.22,义乌市衍郝电子商务商行,订单结算
2026-04-23 07:57:43,'2026042307573923498593370159,入账,4.65,聚合账户,货款结算入账,小店自卖,'6952013980702217630,'6952013980702217630,'SS76306425401281746320202,2026-04-12 20:35:30,'3800198492568289686,买一送一爆款凉拖鞋男士夏季情侣2026新款家居防滑防臭厚底拖鞋女,,,普通订单,0.83,0,0,4.07,0,0,0,0,0,0,0,0,-0.25,0,0,0,0,0,0,,0,义乌市衍郝电子商务商行,订单结算
2026-04-23 08:04:56,'2026042308045202390761380159,入账,2.96,聚合账户,货款结算入账,小店自卖,'6952145417045480584,'6952145417045480584,'SS76307147944585137180128,2026-04-17 14:33:20,'3812961166053999319,ins爆款卡通蓬松夹鸭嘴夹一字夹化妆发夹超萌可爱猫咪少女刘海夹,,,普通订单,2.98,0,0,0,0,0,0,0,0,0,0,0,-0.02,0,0,0,0,0,0,是-商品卡免佣,0.15,义乌市衍郝电子商务商行,订单结算
2026-04-23 08:11:55,'2026042308114936751283200159,出账,1,聚合账户,小额打款,,'6952047733877053272,'6952047733877053272,,,,,,,普通订单,0,0,0,0,0,0,0,0,0,0,0,0,0,0,0,0,0,0,0,,0,义乌市衍郝电子商务商行,商家向消费者小额打款-“其他”
2026-04-23 08:19:09,'2026042308190500002629500159,出账,1,聚合账户,小额打款,,'6952072378129978768,'6952072378129978768,,,,,,,普通订单,0,0,0,0,0,0,0,0,0,0,0,0,0,0,0,0,0,0,0,,0,义乌市衍郝电子商务商行,商家向消费者小额打款-“其他”
2026-04-23 08:21:20,'2026042308211239767908240159,入账,1.75,聚合账户,货款结算入账,小店自卖,'6925565946591739004,'6925565946591739004,'SS76306911165510623150193,2026-04-13 19:31:56,'3809975766641410463,高级感水钻珠珠一字扭扭夹2026新款盘发抓夹后脑勺发量多发夹头饰,,,普通订单,1.76,0,0,0,0,0,0,0,0,0,0,0,-0.01,0,0,0,0,0,0,是-商品卡免佣,0.07,义乌市衍郝电子商务商行,订单结算
2026-04-23 08:43:51,'2026042308434721433556750159,出账,1,聚合账户,小额打款,,'6951821217516688747,'6951821217516688747,,,,,,,普通订单,0,0,0,0,0,0,0,0,0,0,0,0,0,0,0,0,0,0,0,,0,义乌市衍郝电子商务商行,商家向消费者小额打款-“其他”
2026-04-23 08:46:55,'2026042308465012347151860159,入账,3.23,聚合账户,货款结算入账,小店自卖,'6952034056736675477,'6952034056736675477,'SS76306420352796923310156,2026-04-12 22:48:41,'3809975766641410463,高级感水钻珠珠一字扭扭夹2026新款盘发抓夹后脑勺发量多发夹头饰,,,普通订单,3.25,0,0,0,0,0,0,0,0,0,0,0,-0.02,0,0,0,0,0,0,是-商品卡免佣,0.15,义乌市衍郝电子商务商行,订单结算
2026-04-23 08:47:40,'2026042308473320942528400159,入账,8.85,聚合账户,货款结算入账,小店自卖,'6952100840340657423,'6952100840340657423,'SS76307500688089789440193,2026-04-15 18:26:26,'3800198492568289686,买一送一爆款凉拖鞋男士夏季情侣2026新款家居防滑防臭厚底拖鞋女,,,普通订单,8.9,0,0,0,0,0,0,0,0,0,0,0,-0.05,0,0,0,0,0,0,是-商品卡免佣,0.37,义乌市衍郝电子商务商行,订单结算
2026-04-23 09:00:40,'2026042309003617960310300159,出账,1,聚合账户,小额打款,,'6925638210804612802,'6925638210804612802,,,,,,,普通订单,0,0,0,0,0,0,0,0,0,0,0,0,0,0,0,0,0,0,0,,0,义乌市衍郝电子商务商行,商家向消费者小额打款-“其他”
2026-04-23 09:03:19,'2026042309031521248412670159,入账,4.61,聚合账户,货款结算入账,小店自卖,'6952020664353691394,'6952020664353691394,'SS76289682380134200670178,2026-04-12 19:27:42,'3774179065360154912,甜美蝴蝶结鸭嘴夹发夹女后脑勺盘发一字夹头饰2025新款高级感发卡,,,普通订单,6.64,0.8,0,0,0,0,0,0,0,0,0,-2,-0.03,0,0,0,0,0,0,是-商品卡免佣,0.22,义乌市衍郝电子商务商行,订单结算
2026-04-23 09:03:24,'2026042309032008647316890159,入账,4.83,聚合账户,货款结算入账,小店自卖,'6952034493520745737,'6952034493520745737,'SS76306793571234946650184,2026-04-13 08:44:47,'3754925109299773553,新款韩国水钻彩色水晶手链爆款洋气发圈头绳女发绳高级感皮筋马尾,,,普通订单,4.86,0,0,0,0,0,0,0,0,0,0,0,-0.03,0,0,0,0,0,0,是-商品卡免佣,0.22,义乌市衍郝电子商务商行,订单结算
2026-04-23 09:08:50,'2026042309084310499202960159,出账,1,聚合账户,小额打款,,'6925560925192289496,'6925560925192289496,,,,,,,普通订单,0,0,0,0,0,0,0,0,0,0,0,0,0,0,0,0,0,0,0,,0,义乌市衍郝电子商务商行,商家向消费者小额打款-“其他”
2026-04-23 09:11:43,'2026042309113725642115060159,入账,9.6,聚合账户,货款结算入账,小店自卖,'6952034297670932237,'6952034297670932237,'SS76306668701113224310074,2026-04-13 05:19:02,'3768979814174818449,2025新款气质大号盘发鸭嘴夹春夏发卡蝴蝶大号在成人抓夹碎发夹子,,,普通订单,9.66,0,0,0,0,0,0,0,0,0,0,0,-0.06,0,0,0,0,0,0,是-商品卡免佣,0.44,义乌市衍郝电子商务商行,订单结算
2026-04-23 09:12:43,'2026042309123607468976740159,入账,17.69,聚合账户,货款结算入账,小店自卖,'6952000431289144714,'6952000431289144714,'SS76306672271298726590007,2026-04-12 19:25:53,'3800198492568289686,买一送一爆款凉拖鞋男士夏季情侣2026新款家居防滑防臭厚底拖鞋女,,,普通订单,17.8,0,0,0,0,0,0,0,0,0,0,0,-0.11,0,0,0,0,0,0,是-商品卡免佣,0.81,义乌市衍郝电子商务商行,订单结算
2026-04-23 09:18:58,'2026042309185518629268990159,入账,4.92,聚合账户,货款结算入账,小店自卖,'6952146140265977332,'6952146140265977332,'SS76307753105328256460125,2026-04-18 00:15:10,'3806655969480540177,米菲兔巨显发量香蕉兔子后脑勺盘发百搭少女发饰时尚可爱波点大号,,,普通订单,4.95,0,0,0,0,0,0,0,0,0,0,0,-0.03,0,0,0,0,0,0,是-商品卡免佣,0.22,义乌市衍郝电子商务商行,订单结算
2026-04-23 09:26:11,'2026042309260632468219150159,入账,2.96,聚合账户,货款结算入账,小店自卖,'6952021349837575737,'6952021349837575737,'SS76306668966938056060057,2026-04-13 01:09:26,'3807217918840799504,新款百搭2026可爱小狗香蕉夹竖夹发夹脑勺扭扭夹高马尾抓夹高级感,,,普通订单,2.98,0,0,0,0,0,0,0,0,0,0,0,-0.02,0,0,0,0,0,0,是-商品卡免佣,0.15,义乌市衍郝电子商务商行,订单结算
2026-04-23 09:43:30,'2026042309432640784246390159,出账,1,聚合账户,小额打款,,'6952153000417170441,'6952153000417170441,,,,,,,普通订单,0,0,0,0,0,0,0,0,0,0,0,0,0,0,0,0,0,0,0,,0,义乌市衍郝电子商务商行,商家向消费者小额打款-“其他”
2026-04-23 09:53:01,'2026042309525829110438670159,出账,1,聚合账户,小额打款,,'6952146462850028765,'6952146462850028765,,,,,,,普通订单,0,0,0,0,0,0,0,0,0,0,0,0,0,0,0,0,0,0,0,,0,义乌市衍郝电子商务商行,商家向消费者小额打款-“其他”
2026-04-23 09:55:42,'2026042309554011048433180159,出账,1,聚合账户,小额打款,,'6952115851959801808,'6952115851959801808,,,,,,,普通订单,0,0,0,0,0,0,0,0,0,0,0,0,0,0,0,0,0,0,0,,0,义乌市衍郝电子商务商行,商家向消费者小额打款-“其他”
2026-04-23 09:59:27,'2026042309592414061573640159,出账,1,聚合账户,小额打款,,'6951949453372299130,'6951949453372299130,,,,,,,普通订单,0,0,0,0,0,0,0,0,0,0,0,0,0,0,0,0,0,0,0,,0,义乌市衍郝电子商务商行,商家向消费者小额打款-“其他”
2026-04-23 09:59:43,'2026042309594124221169000159,入账,4.38,聚合账户,货款结算入账,小店自卖,'6925688041081699376,'6925688041081699376,'SS76306655327566771350174,2026-04-18 10:07:38,'3800198492568289686,买一送一爆款凉拖鞋男士夏季情侣2026新款家居防滑防臭厚底拖鞋女,,,普通订单,0.01,0,0,4.4,0,0,0,0,0,0,0,0,-0.03,0,0,0,0,0,0,是-商品卡免佣,0.22,义乌市衍郝电子商务商行,订单结算
2026-04-23 09:59:53,'2026042309594922552581470159,入账,4.45,聚合账户,货款结算入账,小店自卖,'6925565335312760323,'6925565335312760323,'SS76307371499353377700248,2026-04-13 14:55:18,'3807587822832058442,2025新款夏天珍珠百搭一字夹后脑勺高级感扭扭夹大号发量多发卡,,,普通订单,4.68,0,0,0,0,0,0,0,0,0,0,0,-0.23,0,0,0,0,0,0,,0,义乌市衍郝电子商务商行,订单结算
2026-04-23 10:00:07,'2026042310000418554271230159,入账,4.27,聚合账户,货款结算入账,小店自卖,'6952022834891789557,'6952022834891789557,'SS76307550173242045590173,2026-04-12 21:31:56,'3799616810156949953,绒面宽边简约高颅顶发箍秋冬网红发饰女高级感洗脸头箍发卡发带潮,,,普通订单,4.3,0,0,0,0,0,0,0,0,0,0,0,-0.03,0,0,0,0,0,0,是-商品卡免佣,0.22,义乌市衍郝电子商务商行,订单结算
2026-04-23 10:00:07,'2026042310000416117150990159,入账,5.05,聚合账户,货款结算入账,小店自卖,'6925546989954039447,'6925546989954039447,'SS76306667633491194880150,2026-04-12 21:59:54,'3809278532480270543,儿童发圈女童不伤发头绳可爱草莓宝宝扎小啾啾皮筋小女孩发绳发饰,,,普通订单,5.08,1.1,0,0,0,0,0,0,0,0,0,0,-0.03,0,0,0,0,0,0,是-商品卡免佣,0.22,义乌市衍郝电子商务商行,订单结算
2026-04-23 10:00:07,'2026042310000416117478670159,入账,4.38,聚合账户,货款结算入账,小店自卖,'6952156672578688079,'6952156672578688079,'SS76307655565219601980151,2026-04-17 13:31:59,'3800198492568289686,买一送一爆款凉拖鞋男士夏季情侣2026新款家居防滑防臭厚底拖鞋女,,,普通订单,0.01,0,0,4.4,0,0,0,0,0,0,0,0,-0.03,0,0,0,0,0,0,是-商品卡免佣,0.22,义乌市衍郝电子商务商行,订单结算
2026-04-23 10:00:07,'2026042310000517934955900159,入账,4.74,聚合账户,货款结算入账,小店自卖,'6925542585466912298,'6925542585466912298,'SS76306415275219848180185,2026-04-12 21:44:09,'3809625164249956608,孕妇专用防滑拖鞋女士夏季家居家室内静音浴室洗澡防臭凉拖鞋外穿,,,普通订单,4.99,0,0,0,0,0,0,0,0,0,0,0,-0.25,0,0,0,0,0,0,,0,义乌市衍郝电子商务商行,订单结算
2026-04-23 10:00:07,'2026042310000508113198180159,入账,8.45,聚合账户,货款结算入账,小店自卖,'6925647222330326334,'6925647222330326334,'SS76306959629032862720153,2026-04-17 09:18:39,'3800198492568289686,买一送一爆款凉拖鞋男士夏季情侣2026新款家居防滑防臭厚底拖鞋女,,,普通订单,8.9,0,0,0,0,0,0,0,0,0,0,0,-0.45,0,0,0,0,0,0,,0,义乌市衍郝电子商务商行,订单结算
2026-04-23 10:00:26,'2026042310002327494976500159,入账,4.96,聚合账户,货款结算入账,小店自卖,'6951893223961007855,'6951893223961007855,'SS76306572224079792910084,2026-04-07 23:26:01,'3809625164249956608,孕妇专用防滑拖鞋女士夏季家居家室内静音浴室洗澡防臭凉拖鞋外穿,,,普通订单,0.01,0,0,4.98,0,0,0,0,0,0,0,0,-0.03,0,0,0,0,0,0,是-商品卡免佣,0.22,义乌市衍郝电子商务商行,订单结算
2026-04-23 10:00:41,'2026042310003924915479040159,入账,4.96,聚合账户,货款结算入账,小店自卖,'6952018876638762730,'6952018876638762730,'SS76306671373634936700007,2026-04-13 05:21:33,'3809625164249956608,孕妇专用防滑拖鞋女士夏季家居家室内静音浴室洗澡防臭凉拖鞋外穿,,,普通订单,4.39,0,0,0.6,0,0,0,0,0,0,0,0,-0.03,0,0,0,0,0,0,是-商品卡免佣,0.22,义乌市衍郝电子商务商行,订单结算
2026-04-23 10:00:41,'2026042310003923920811900159,入账,4.87,聚合账户,货款结算入账,小店自卖,'6925569734608715380,'6925569734608715380,'SS76307242397416327950223,2026-04-13 11:32:19,'3800198492568289686,买一送一爆款凉拖鞋男士夏季情侣2026新款家居防滑防臭厚底拖鞋女,,,普通订单,4.9,0,0,0,0,0,0,0,0,0,0,0,-0.03,0,0,0,0,0,0,是-商品卡免佣,0.22,义乌市衍郝电子商务商行,订单结算
2026-04-23 10:00:42,'2026042310003815240727040159,入账,2.74,聚合账户,货款结算入账,小店自卖,'6952023992723773414,'6952023992723773414,'SS76307502361652925540118,2026-04-13 14:48:59,'3797749369206342546,豹纹大肠发圈高级小众手工韩国新款头绳编织显发量马尾丸子头发绳,,,普通订单,2.88,0,0,0,0,0,0,0,0,0,0,0,-0.14,0,0,0,0,0,0,,0,义乌市衍郝电子商务商行,订单结算
2026-04-23 10:00:42,'2026042310003930144107610159,入账,2.96,聚合账户,货款结算入账,小店自卖,'6925620258589736634,'6925620258589736634,'SS76307379282009134430036,2026-04-15 20:47:04,'3812240028327870813,粉色双面蝴蝶结香蕉夹竖夹超温柔!气质高马尾发夹后脑勺发夹发饰,,,普通订单,0.01,0,0,2.97,0,0,0,0,0,0,0,0,-0.02,0,0,0,0,0,0,是-商品卡免佣,0.15,义乌市衍郝电子商务商行,订单结算
2026-04-23 10:00:42,'2026042310003925460741520159,入账,1.99,聚合账户,货款结算入账,小店自卖,'6952036475504170462,'6952036475504170462,'SS76306668146701606780181,2026-04-13 06:37:02,'3794075048172716228,安可拉红色蝴蝶镶钻头绳女高端网红扎头花高弹力马尾耐用皮筋发圈,,,普通订单,2,0,0,0,0,0,0,0,0,0,0,0,-0.01,0,0,0,0,0,0,是-商品卡免佣,0.07,义乌市衍郝电子商务商行,订单结算
2026-04-23 10:02:38,'2026042310023608474790780159,入账,4.96,聚合账户,货款结算入账,小店自卖,'6925575578047052996,'6925575578047052996,'SS76307516750411249160221,2026-04-13 23:05:20,'3806655969480540177,米菲兔巨显发量香蕉兔子后脑勺盘发百搭少女发饰时尚可爱波点大号,,,普通订单,0.49,0,0,4.5,0,0,0,0,0,0,0,0,-0.03,0,0,0,0,0,0,是-商品卡免佣,0.22,义乌市衍郝电子商务商行,订单结算
2026-04-23 10:02:38,'2026042310023617324117000159,入账,3.96,聚合账户,货款结算入账,小店自卖,'6952170594118014508,'6952170594118014508,'SS76307432180275453840055,2026-04-17 23:29:53,'3812795676727836686,趣味黑皮可爱KT猫咪刘海贴碎发整理神器魔术贴无痕发夹女头饰发饰,,,普通订单,0.01,0,0,3.97,0,0,0,0,0,0,0,0,-0.02,0,0,0,0,0,0,是-商品卡免佣,0.15,义乌市衍郝电子商务商行,订单结算
2026-04-23 10:02:38,'2026042310023506324065620159,入账,6.64,聚合账户,货款结算入账,小店自卖,'6952018950061954946,'6952018950061954946,'SS76306669395761400320204,2026-04-13 07:10:54,'3782909438948671661,满天星蝴蝶结2025网纱云朵后脑勺鲨鱼泡大号在成人前额碎发夹子,,,普通订单,6.99,0,0,0,0,0,0,0,0,0,0,0,-0.35,0,0,0,0,0,0,,0,义乌市衍郝电子商务商行,订单结算
2026-04-23 10:02:38,'2026042310023510530818650159,入账,5.26,聚合账户,货款结算入账,小店自卖,'6925669885050060323,'6925669885050060323,'SS76306764288622758760035,2026-04-17 19:11:00,'3809625164249956608,孕妇专用防滑拖鞋女士夏季家居家室内静音浴室洗澡防臭凉拖鞋外穿,,,普通订单,5.29,0,0,0,0,0,0,0,0,0,0,0,-0.03,0,0,0,0,0,0,是-商品卡免佣,0.22,义乌市衍郝电子商务商行,订单结算
2026-04-23 10:02:38,'2026042310023428115645530159,入账,5.81,聚合账户,货款结算入账,小店自卖,'6925564907747048454,'6925564907747048454,'SS76307321295671833750159,2026-04-13 11:30:37,'3810919823941174195,中式复古洋气多层小蛮腰褶皱印花肥肠圈高端水墨皮筋耐用新款发圈,,,普通订单,5.85,0,0,0,0,0,0,0,0,0,0,0,-0.04,0,0,0,0,0,0,是-商品卡免佣,0.29,义乌市衍郝电子商务商行,订单结算
2026-04-23 10:02:43,'2026042310023938139174900159,入账,4.96,聚合账户,货款结算入账,小店自卖,'6925670123526388855,'6925670123526388855,'SS76307542131126277630130,2026-04-17 21:30:57,'3799223154979766395,印花小熊防滑防臭抑菌拖鞋女士2026新款夏季浴室情侣家用凉拖男士,,,普通订单,0.01,0,0,4.98,0,0,0,0,0,0,0,0,-0.03,0,0,0,0,0,0,是-商品卡免佣,0.22,义乌市衍郝电子商务商行,订单结算
2026-04-23 10:03:15,'2026042310031100138616660159,入账,4.96,聚合账户,货款结算入账,小店自卖,'6952168325553329501,'6952168325553329501,'SS76308060675230932480158,2026-04-18 00:45:08,'3799223154979766395,印花小熊防滑防臭抑菌拖鞋女士2026新款夏季浴室情侣家用凉拖男士,,,普通订单,0.01,0,0,4.98,0,0,0,0,0,0,0,0,-0.03,0,0,0,0,0,0,是-商品卡免佣,0.22,义乌市衍郝电子商务商行,订单结算
2026-04-23 10:03:19,'2026042310031627603153920159,入账,8.45,聚合账户,货款结算入账,小店自卖,'6952032065348769619,'6952032065348769619,'SS76306424569330734620208,2026-04-13 02:54:07,'3800198492568289686,买一送一爆款凉拖鞋男士夏季情侣2026新款家居防滑防臭厚底拖鞋女,,,普通订单,5.9,0,0,3,0,0,0,0,0,0,0,0,-0.45,0,0,0,0,0,0,,0,义乌市衍郝电子商务商行,订单结算
2026-04-23 10:03:38,'2026042310033517456991130159,入账,8.84,聚合账户,货款结算入账,小店自卖,'6952041476519564943,'6952041476519237263,'SS76306851543524641710054,2026-04-13 13:11:09,'3812988718369865893,可爱小熊眼镜2026新款发卡发夹女边夹侧边鸭嘴夹前额刘海夹子头饰,,,普通订单,8.89,0,0,0,0,0,0,0,0,0,0,0,-0.05,0,0,0,0,0,0,是-商品卡免佣,0.37,义乌市衍郝电子商务商行,订单结算
2026-04-23 10:03:38,'2026042310033533890307020159,入账,4.38,聚合账户,货款结算入账,小店自卖,'6925632633939197311,'6925632633939197311,'SS76306664159899978580184,2026-04-16 07:00:23,'3800198492568289686,买一送一爆款凉拖鞋男士夏季情侣2026新款家居防滑防臭厚底拖鞋女,,,普通订单,0.01,0,0,4.4,0,0,0,0,0,0,0,0,-0.03,0,0,0,0,0,0,是-商品卡免佣,0.22,义乌市衍郝电子商务商行,订单结算
2026-04-23 10:03:38,'2026042310033509903972380159,入账,0.94,聚合账户,货款结算入账,小店自卖,'6952038459221611968,'6952038459221611968,'SS76306673138137503070124,2026-04-12 22:12:11,'3812961166053999319,ins爆款卡通蓬松夹鸭嘴夹一字夹化妆发夹超萌可爱猫咪少女刘海夹,,,普通订单,0.99,0,0,0,0,0,0,0,0,0,0,0,-0.05,0,0,0,0,0,0,,0,义乌市衍郝电子商务商行,订单结算
2026-04-23 10:03:38,'2026042310033525808904040159,入账,3.97,聚合账户,货款结算入账,小店自卖,'6952010087800379114,'6952010087800379114,'SS76306672216769991830104,2026-04-13 05:22:56,'3809625164249956608,孕妇专用防滑拖鞋女士夏季家居家室内静音浴室洗澡防臭凉拖鞋外穿,,,普通订单,3.99,0,0,0,0,0,0,0,0,0,0,0,-0.02,0,0,0,0,0,0,是-商品卡免佣,0.15,义乌市衍郝电子商务商行,订单结算
2026-04-23 10:03:38,'2026042310033431209393000159,入账,5.48,聚合账户,货款结算入账,小店自卖,'6952027921361146888,'6952027921361146888,'SS76306825303496466190240,2026-04-13 05:48:17,'3621925144525668908,波浪头箍发卡马尾压发优雅发带夹子夹头发压发扎头绳大肠发圈红色,,,普通订单,5.51,0,0,0,0,0,0,0,0,0,0,0,-0.03,0,0,0,0,0,0,是-商品卡免佣,0.22,义乌市衍郝电子商务商行,订单结算
2026-04-23 10:03:51,'2026042310034634367288860159,入账,5.17,聚合账户,货款结算入账,小店自卖,'6952002877062387670,'6952002877062387670,'SS76306672954672581750113,2026-04-12 17:02:21,'3812961166053999319,ins爆款卡通蓬松夹鸭嘴夹一字夹化妆发夹超萌可爱猫咪少女刘海夹,,,普通订单,5.2,0,0,0,0,0,0,0,0,0,0,0,-0.03,0,0,0,0,0,0,是-商品卡免佣,0.22,义乌市衍郝电子商务商行,订单结算
2026-04-23 10:03:51,'2026042310034900125834340159,入账,8.34,聚合账户,货款结算入账,小店自卖,'6925678203974156128,'6925678203973828448,'SS76308384851299210300192,2026-04-17 16:39:51,'3812994604597379368,韩系重工藏青色爱心蕾丝四层大肠发圈女高级感超大扎头发头绳头饰,,,普通订单,8.39,0,0,0,0,0,0,0,0,0,0,0,-0.05,0,0,0,0,0,0,是-商品卡免佣,0.37,义乌市衍郝电子商务商行,订单结算
2026-04-23 10:03:51,'2026042310034729584924350159,入账,7.63,聚合账户,货款结算入账,小店自卖,'6952148397460821789,'6952148397460821789,'SS76306928425534594660091,2026-04-17 21:41:49,'3807216817156522080,抓夹大号发量大发夹女后脑勺鲨鱼夹发卡2026新款盘发韩系夹子头饰,,,普通订单,7.68,0,0,0,0,0,0,0,0,0,0,0,-0.05,0,0,0,0,0,0,是-商品卡免佣,0.37,义乌市衍郝电子商务商行,订单结算
2026-04-23 10:03:51,'2026042310034816072548200159,入账,4.96,聚合账户,货款结算入账,小店自卖,'6952022989376722061,'6952022989376722061,'SS76306421686024483930122,2026-04-12 22:24:21,'3809625164249956608,孕妇专用防滑拖鞋女士夏季家居家室内静音浴室洗澡防臭凉拖鞋外穿,,,普通订单,4.99,0,0,0,0,0,0,0,0,0,0,0,-0.03,0,0,0,0,0,0,是-商品卡免佣,0.22,义乌市衍郝电子商务商行,订单结算
2026-04-23 10:03:51,'2026042310034900218936780159,入账,5.46,聚合账户,货款结算入账,小店自卖,'6925589239198809602,'6925589239198809602,'SS76306910650587220840132,2026-04-14 13:24:45,'3806655969480540177,米菲兔巨显发量香蕉兔子后脑勺盘发百搭少女发饰时尚可爱波点大号,,,普通订单,5.49,0,0,0,0,0,0,0,0,0,0,0,-0.03,0,0,0,0,0,0,是-商品卡免佣,0.22,义乌市衍郝电子商务商行,订单结算
2026-04-23 10:03:52,'2026042310034837882475790159,入账,4.96,聚合账户,货款结算入账,小店自卖,'6925428784713858438,'6925428784713858438,'SS76306560572603806870050,2026-04-07 19:27:45,'3809625164249956608,孕妇专用防滑拖鞋女士夏季家居家室内静音浴室洗澡防臭凉拖鞋外穿,,,普通订单,1.19,0,0,3.8,0,0,0,0,0,0,0,0,-0.03,0,0,0,0,0,0,是-商品卡免佣,0.22,义乌市衍郝电子商务商行,订单结算
2026-04-23 10:03:52,'2026042310034701692472740159,入账,1.97,聚合账户,货款结算入账,小店自卖,'6951998151324210247,'6951998151324210247,'SS76307640061774241620011,2026-04-12 18:40:33,'3812244340491813699,新款密齿香蕉韩系法式波点蕾丝蝴蝶结后脑勺盘发发夹发卡马尾发饰,,,普通订单,1.98,0,0,0,0,0,0,0,0,0,0,0,-0.01,0,0,0,0,0,0,是-商品卡免佣,0.07,义乌市衍郝电子商务商行,订单结算
2026-04-23 10:03:52,'2026042310034824332211390159,入账,8.85,聚合账户,货款结算入账,小店自卖,'6952021144009578451,'6952021144009578451,'SS76306425942013097110173,2026-04-12 22:37:39,'3800198492568289686,买一送一爆款凉拖鞋男士夏季情侣2026新款家居防滑防臭厚底拖鞋女,,,普通订单,8.9,0,0,0,0,0,0,0,0,0,0,0,-0.05,0,0,0,0,0,0,是-商品卡免佣,0.37,义乌市衍郝电子商务商行,订单结算
2026-04-23 10:03:52,'2026042310034921563481700159,入账,4.04,聚合账户,货款结算入账,小店自卖,'6925554394252803344,'6925554394252803344,'SS76306668193349145870161,2026-04-12 22:19:38,'3725349586366234803,网纱蝴蝶结发夹刘海夹洋气侧边夹子头饰珍珠黑色抓夹女新款边夹,,,普通订单,4.06,0,0,0,0,0,0,0,0,0,0,0,-0.02,0,0,0,0,0,0,是-商品卡免佣,0.15,义乌市衍郝电子商务商行,订单结算
2026-04-23 10:03:52,'2026042310034835078026670159,入账,2.99,聚合账户,货款结算入账,小店自卖,'6952023161375561537,'6952023161375561537,'SS76306668193508111770114,2026-04-13 00:03:06,'3785864563312951634,新款金属发扣刘海碎发发夹女侧边夹高级感网红爆款夹子发卡头饰,,,普通订单,3.01,0,0,0,0,0,0,0,0,0,0,0,-0.02,0,0,0,0,0,0,是-商品卡免佣,0.15,义乌市衍郝电子商务商行,订单结算
2026-04-23 10:04:09,'2026042310040411101517230159,入账,4.96,聚合账户,货款结算入账,小店自卖,'6925672042426301664,'6925672042426301664,'SS76307523021831746990234,2026-04-17 21:05:02,'3799223154979766395,印花小熊防滑防臭抑菌拖鞋女士2026新款夏季浴室情侣家用凉拖男士,,,普通订单,0.01,0,0,4.98,0,0,0,0,0,0,0,0,-0.03,0,0,0,0,0,0,是-商品卡免佣,0.22,义乌市衍郝电子商务商行,订单结算
2026-04-23 10:04:09,'2026042310040603920860590159,入账,4.74,聚合账户,货款结算入账,小店自卖,'6925551763172130164,'6925551763172130164,'SS76306421506748423780134,2026-04-12 21:20:48,'3809625164249956608,孕妇专用防滑拖鞋女士夏季家居家室内静音浴室洗澡防臭凉拖鞋外穿,,,普通订单,1.99,0,0,3,0,0,0,0,0,0,0,0,-0.25,0,0,0,0,0,0,,0,义乌市衍郝电子商务商行,订单结算
2026-04-23 10:04:09,'2026042310040531214308380159,入账,3.42,聚合账户,货款结算入账,小店自卖,'6925646851871112611,'6925646851871112611,'SS76305088855228912640102,2026-04-17 02:11:20,'3813158348195496156,公主发夹波点蝴蝶结夹小众香蕉2026新款发饰发卡洋气双排头花夹子,,,普通订单,0.01,0,0,3.43,0,0,0,0,0,0,0,0,-0.02,0,0,0,0,0,0,是-商品卡免佣,0.15,义乌市衍郝电子商务商行,订单结算
2026-04-23 10:04:09,'2026042310040616190021310159,入账,4.74,聚合账户,货款结算入账,小店自卖,'6925547848592293031,'6925547848592293031,'SS76307239637377682300157,2026-04-13 09:54:35,'3809625164249956608,孕妇专用防滑拖鞋女士夏季家居家室内静音浴室洗澡防臭凉拖鞋外穿,,,普通订单,1.99,0,0,3,0,0,0,0,0,0,0,0,-0.25,0,0,0,0,0,0,,0,义乌市衍郝电子商务商行,订单结算
2026-04-23 10:04:09,'2026042310040636071060740159,入账,1.56,聚合账户,货款结算入账,小店自卖,'6925674658083601426,'6925674658083601426,'SS76307637312068329220074,2026-04-17 23:22:31,'3806655969480540177,米菲兔巨显发量香蕉兔子后脑勺盘发百搭少女发饰时尚可爱波点大号,,,普通订单,1.57,0,0,0,0,0,0,0,0,0,0,0,-0.01,0,0,0,0,0,0,是-商品卡免佣,0.07,义乌市衍郝电子商务商行,订单结算
2026-04-23 10:04:09,'2026042310040632007621390159,入账,4.08,聚合账户,货款结算入账,小店自卖,'6925540800846331054,'6925540800846331054,'SS76306668937246971280062,2026-04-12 23:31:21,'3809975766641410463,高级感水钻珠珠一字扭扭夹2026新款盘发抓夹后脑勺发量多发夹头饰,,,普通订单,0.01,0,0,4.09,0,0,0,0,0,0,0,0,-0.02,0,0,0,0,0,0,是-商品卡免佣,0.15,义乌市衍郝电子商务商行,订单结算
2026-04-23 10:04:09,'2026042310040509407045530159,入账,4.47,聚合账户,货款结算入账,小店自卖,'6925680915841711628,'6925680915841711628,'SS76307892988918008680122,2026-04-17 22:36:24,'3812240028327870813,粉色双面蝴蝶结香蕉夹竖夹超温柔!气质高马尾发夹后脑勺发夹发饰,,,普通订单,0.5,0,0,4,0,0,0,0,0,0,0,0,-0.03,0,0,0,0,0,0,是-商品卡免佣,0.22,义乌市衍郝电子商务商行,订单结算
2026-04-23 10:04:09,'2026042310040607517844990159,入账,2.67,聚合账户,货款结算入账,小店自卖,'6925567412398685983,'6925567412398685983,'SS76307120462076851300129,2026-04-13 12:59:51,'3812988718369865893,可爱小熊眼镜2026新款发卡发夹女边夹侧边鸭嘴夹前额刘海夹子头饰,,,普通订单,2.69,0,0,0,0,0,0,0,0,0,0,0,-0.02,0,0,0,0,0,0,是-商品卡免佣,0.15,义乌市衍郝电子商务商行,订单结算
2026-04-23 10:04:09,'2026042310040700463183710159,入账,5.17,聚合账户,货款结算入账,小店自卖,'6952021379025736879,'6952021379025736879,'SS76306673299995243860223,2026-04-13 01:57:53,'3812961166053999319,ins爆款卡通蓬松夹鸭嘴夹一字夹化妆发夹超萌可爱猫咪少女刘海夹,,,普通订单,5.2,0,0,0,0,0,0,0,0,0,0,0,-0.03,0,0,0,0,0,0,是-商品卡免佣,0.22,义乌市衍郝电子商务商行,订单结算
2026-04-23 10:04:09,'2026042310040616334238980159,入账,4.17,聚合账户,货款结算入账,小店自卖,'6925193154563308708,'6925193154563308708,'SS76306677168903785420038,2026-03-28 20:55:38,'3788303831838883893,小韩爆火高颅顶神器头饰夹子发根自然蓬松后秋森系韩系彩色大号,,,普通订单,4.2,0,0,0,0,0,0,0,0,0,0,0,-0.03,0,0,0,0,0,0,是-商品卡免佣,0.22,义乌市衍郝电子商务商行,订单结算
2026-04-23 10:04:23,'2026042310042030705748990159,入账,4.37,聚合账户,货款结算入账,小店自卖,'6925549787747418026,'6925549787747418026,'SS76306668363552896350244,2026-04-13 02:11:32,'3811102963569655948,春夏撞色蝴蝶结发夹发卡女后脑勺2026新款气质大号盘发鸭嘴夹发饰,,,普通订单,0.01,0,0,4.39,0,0,0,0,0,0,0,0,-0.03,0,0,0,0,0,0,是-商品卡免佣,0.22,义乌市衍郝电子商务商行,订单结算
2026-04-23 10:04:24,'2026042310042017794872420159,入账,3.47,聚合账户,货款结算入账,小店自卖,'6925554116131127175,'6925554116131127175,'SS76306665961381402030037,2026-04-12 21:00:12,'3806655969480540177,米菲兔巨显发量香蕉兔子后脑勺盘发百搭少女发饰时尚可爱波点大号,,,普通订单,3.49,0,0,0,0,0,0,0,0,0,0,0,-0.02,0,0,0,0,0,0,是-商品卡免佣,0.15,义乌市衍郝电子商务商行,订单结算
2026-04-23 10:04:24,'2026042310042110655014740159,入账,2.84,聚合账户,货款结算入账,小店自卖,'6951960661971768878,'6951960661971768878,'SS76274061500482852220208,2026-04-10 01:34:47,'3812600792603558021,可爱小猪小黄鸡发圈萌系扎发神器黑色发绳马尾扎头发皮筋学生头饰,,,普通订单,0.01,0,0,2.85,0,0,0,0,0,0,0,0,-0.02,0,0,0,0,0,0,是-商品卡免佣,0.15,义乌市衍郝电子商务商行,订单结算
2026-04-23 10:04:24,'2026042310041938729528660159,入账,5.03,聚合账户,货款结算入账,小店自卖,'6952141137529018207,'6952141137529018207,'SS76308040347982403020066,2026-04-17 12:36:15,'3809625164249956608,孕妇专用防滑拖鞋女士夏季家居家室内静音浴室洗澡防臭凉拖鞋外穿,,,普通订单,3.71,0,0,1.58,0,0,0,0,0,0,0,0,-0.26,0,0,0,0,0,0,,0,义乌市衍郝电子商务商行,订单结算
2026-04-23 10:04:24,'2026042310042011390858640159,入账,2.24,聚合账户,货款结算入账,小店自卖,'6952014856886097647,'6952014856886097647,'SS76307370172709319940071,2026-04-13 10:37:29,'3809975766641410463,高级感水钻珠珠一字扭扭夹2026新款盘发抓夹后脑勺发量多发夹头饰,,,普通订单,0.45,0,0,1.8,0,0,0,0,0,0,0,0,-0.01,0,0,0,0,0,0,是-商品卡免佣,0.07,义乌市衍郝电子商务商行,订单结算
2026-04-23 10:04:27,'2026042310042330464947610159,入账,8.85,聚合账户,货款结算入账,小店自卖,'6925540693156527366,'6925540693156527366,'SS76306428586655134810024,2026-04-12 22:57:43,'3800198492568289686,买一送一爆款凉拖鞋男士夏季情侣2026新款家居防滑防臭厚底拖鞋女,,,普通订单,8.9,0,0,0,0,0,0,0,0,0,0,0,-0.05,0,0,0,0,0,0,是-商品卡免佣,0.37,义乌市衍郝电子商务商行,订单结算
2026-04-23 10:04:27,'2026042310042501719995300159,入账,9.08,聚合账户,货款结算入账,小店自卖,'6952028469761479916,'6952028469761479916,'SS76307248883994301980046,2026-04-13 13:06:54,'3678286041502056557,皮筋女款发绳儿童头绳女童6-12岁兔子头网红新款扎头发小女孩头绳,,,普通订单,9.13,0,0,0,0,0,0,0,0,0,0,0,-0.05,0,0,0,0,0,0,是-商品卡免佣,0.37,义乌市衍郝电子商务商行,订单结算
2026-04-23 10:04:27,'2026042310042415989481500159,入账,2.87,聚合账户,货款结算入账,小店自卖,'6952128763113903786,'6952128763113903786,'SS76307986230890665500191,2026-04-16 14:28:57,'3806646636424331422,韩风珍珠抓夹小号发夹女后脑勺发卡小巧鲨鱼夹发抓迷你小夹子头饰,,,普通订单,2.89,0,0,0,0,0,0,0,0,0,0,0,-0.02,0,0,0,0,0,0,是-商品卡免佣,0.15,义乌市衍郝电子商务商行,订单结算
2026-04-23 10:04:27,'2026042310042434730806170159,入账,2.1,聚合账户,货款结算入账,小店自卖,'6952168816857978499,'6952168816857978499,'SS76308432696265935420249,2026-04-18 10:56:31,'3812240028327870813,粉色双面蝴蝶结香蕉夹竖夹超温柔!气质高马尾发夹后脑勺发夹发饰,,,普通订单,0.21,0,0,2,0,0,0,0,0,0,0,0,-0.11,0,0,0,0,0,0,,0,义乌市衍郝电子商务商行,订单结算
2026-04-23 10:04:27,'2026042310042405328410010159,入账,6.74,聚合账户,货款结算入账,小店自卖,'6925598351517188048,'6925598351517188048,'SS76307046622572382810250,2026-04-14 17:58:06,'3712259868460187975,气质抓夹大号发量多2024新款爆款发夹女后脑勺鲨鱼夹高级感头饰,,,普通订单,6.78,0,0,0,0,0,0,0,0,0,0,0,-0.04,0,0,0,0,0,0,是-商品卡免佣,0.29,义乌市衍郝电子商务商行,订单结算
2026-04-23 10:04:43,'2026042310044029305408060159,入账,8.85,聚合账户,货款结算入账,小店自卖,'6925551227158822616,'6925551227158822616,'SS76306671631210417140200,2026-04-12 17:13:30,'3800198492568289686,买一送一爆款凉拖鞋男士夏季情侣2026新款家居防滑防臭厚底拖鞋女,,,普通订单,8.9,0,0,0,0,0,0,0,0,0,0,0,-0.05,0,0,0,0,0,0,是-商品卡免佣,0.37,义乌市衍郝电子商务商行,订单结算
2026-04-23 10:04:43,'2026042310044100911160580159,入账,3.23,聚合账户,货款结算入账,小店自卖,'6952014361196894054,'6952014361196894054,'SS76306420383798566490168,2026-04-12 23:05:14,'3809975766641410463,高级感水钻珠珠一字扭扭夹2026新款盘发抓夹后脑勺发量多发夹头饰,,,普通订单,3.25,0,0,0,0,0,0,0,0,0,0,0,-0.02,0,0,0,0,0,0,是-商品卡免佣,0.15,义乌市衍郝电子商务商行,订单结算
2026-04-23 10:04:43,'2026042310044024458698300159,入账,3.59,聚合账户,货款结算入账,小店自卖,'6925561342281088450,'6925561342281088450,'SS76307502399220288430121,2026-04-13 10:29:06,'3797749369206342546,豹纹大肠发圈高级小众手工韩国新款头绳编织显发量马尾丸子头发绳,,,普通订单,3.61,0,0,0,0,0,0,0,0,0,0,0,-0.02,0,0,0,0,0,0,是-商品卡免佣,0.15,义乌市衍郝电子商务商行,订单结算
2026-04-23 10:04:43,'2026042310044015279437070159,入账,5.76,聚合账户,货款结算入账,小店自卖,'6952107494565811856,'6952107494565811856,'SS76307291699909269110183,2026-04-15 20:45:09,'3797199952510321008,儿童韩系五角星女童大肠花朵发圈甜美可爱纹波丸子头头绳马尾发饰,,,普通订单,5.79,0,0,0,0,0,0,0,0,0,0,0,-0.03,0,0,0,0,0,0,是-商品卡免佣,0.22,义乌市衍郝电子商务商行,订单结算
2026-04-23 10:04:43,'2026042310043736713764270159,入账,0.88,聚合账户,货款结算入账,小店自卖,'6925542687626854202,'6925542687626854202,'SS76306673391895352380247,2026-04-12 22:12:34,'3812961166053999319,ins爆款卡通蓬松夹鸭嘴夹一字夹化妆发夹超萌可爱猫咪少女刘海夹,,,普通订单,0.01,0,0,0.88,0,0,0,0,0,0,0,0,-0.01,0,0,0,0,0,0,是-商品卡免佣,0.07,义乌市衍郝电子商务商行,订单结算
2026-04-23 10:04:44,'2026042310044030926935400159,入账,6.12,聚合账户,货款结算入账,小店自卖,'6952070657733039240,'6952070657733039240,'SS76306405615158566590186,2026-04-15 00:18:13,'3807610285351632955,超萌秋天日系毛绒布丁小熊可爱鸭嘴夹大号发夹头饰刘海后脑勺少女,,,普通订单,0.01,0,0,6.43,0,0,0,0,0,0,0,0,-0.32,0,0,0,0,0,0,,0,义乌市衍郝电子商务商行,订单结算
2026-04-23 10:04:59,'2026042310045611580380220159,入账,4.67,聚合账户,货款结算入账,小店自卖,'6925560384418578065,'6925560384418578065,'SS76306672959211156750157,2026-04-12 22:25:29,'3812961166053999319,ins爆款卡通蓬松夹鸭嘴夹一字夹化妆发夹超萌可爱猫咪少女刘海夹,,,普通订单,0.2,0,0,4.5,0,0,0,0,0,0,0,0,-0.03,0,0,0,0,0,0,是-商品卡免佣,0.22,义乌市衍郝电子商务商行,订单结算
2026-04-23 10:04:59,'2026042310045614544778670159,入账,4.86,聚合账户,货款结算入账,小店自卖,'6952016964748777373,'6952016964748777373,'SS76306669007629688830058,2026-04-13 08:20:10,'3811102963569655948,春夏撞色蝴蝶结发夹发卡女后脑勺2026新款气质大号盘发鸭嘴夹发饰,,,普通订单,4.89,0,0,0,0,0,0,0,0,0,0,0,-0.03,0,0,0,0,0,0,是-商品卡免佣,0.22,义乌市衍郝电子商务商行,订单结算
2026-04-23 10:04:59,'2026042310045620522115190159,入账,2.87,聚合账户,货款结算入账,小店自卖,'6952027314082813475,'6952027314082813475,'SS76306667300554347610177,2026-04-12 20:28:41,'3752323855864168814,飘带齿梳发箍波浪高颅顶高颅顶宫廷编发发箍女复红色蝴蝶结发饰,,,普通订单,2.89,0,0,0,0,0,0,0,0,0,0,0,-0.02,0,0,0,0,0,0,是-商品卡免佣,0.15,义乌市衍郝电子商务商行,订单结算
2026-04-23 10:04:59,'2026042310045429739258940159,入账,4.29,聚合账户,货款结算入账,小店自卖,'6925647148954058701,'6925647148954058701,'SS76306350005262751060231,2026-04-17 08:42:06,'3812240028327870813,粉色双面蝴蝶结香蕉夹竖夹超温柔!气质高马尾发夹后脑勺发夹发饰,,,普通订单,0.01,0,0,4.31,0,0,0,0,0,0,0,0,-0.03,0,0,0,0,0,0,是-商品卡免佣,0.22,义乌市衍郝电子商务商行,订单结算
2026-04-23 10:04:59,'2026042310045627665249340159,入账,2.96,聚合账户,货款结算入账,小店自卖,'6952022860091429980,'6952022860091429980,'SS76306666044837279120041,2026-04-12 21:39:19,'3812240028327870813,粉色双面蝴蝶结香蕉夹竖夹超温柔!气质高马尾发夹后脑勺发夹发饰,,,普通订单,2.98,0,0,0,0,0,0,0,0,0,0,0,-0.02,0,0,0,0,0,0,是-商品卡免佣,0.15,义乌市衍郝电子商务商行,订单结算
2026-04-23 10:05:15,'2026042310051117253670900159,入账,4.96,聚合账户,货款结算入账,小店自卖,'6952165891177387533,'6952165891177387533,'SS76308509145806443900248,2026-04-17 18:49:59,'3768979814174818449,2025新款气质大号盘发鸭嘴夹春夏发卡蝴蝶大号在成人抓夹碎发夹子,,,普通订单,5.22,0,0,0,0,0,0,0,0,0,0,0,-0.26,0,0,0,0,0,0,,0,义乌市衍郝电子商务商行,订单结算
2026-04-23 10:05:15,'2026042310051205412789820159,入账,4.56,聚合账户,货款结算入账,小店自卖,'6925556699137539476,'6925556699137539476,'SS76295554150218795620124,2026-04-13 08:25:58,'3809975766641410463,高级感水钻珠珠一字扭扭夹2026新款盘发抓夹后脑勺发量多发夹头饰,,,普通订单,5.58,0,0,0,0,0,0,0,0,0,0,-1,-0.02,0,0,0,0,0,0,是-商品卡免佣,0.15,义乌市衍郝电子商务商行,订单结算
2026-04-23 10:05:15,'2026042310051204454815150159,入账,2.18,聚合账户,货款结算入账,小店自卖,'6925556387499900516,'6925556387499900516,'SS76306673417179510260172,2026-04-13 00:52:30,'3812961166053999319,ins爆款卡通蓬松夹鸭嘴夹一字夹化妆发夹超萌可爱猫咪少女刘海夹,,,普通订单,2.29,0,0,0,0,0,0,0,0,0,0,0,-0.11,0,0,0,0,0,0,,0,义乌市衍郝电子商务商行,订单结算
2026-04-23 10:05:15,'2026042310051206656003100159,入账,2.94,聚合账户,货款结算入账,小店自卖,'6925555275824397596,'6925555275824397596,'SS76307418965160435350108,2026-04-13 09:48:55,'3806656594406670373,虞书欣同款发扣小金属圆圈环扣刘海前额侧边边夹发夹抓夹发卡夹子,,,普通订单,2.96,0,0,0,0,0,0,0,0,0,0,0,-0.02,0,0,0,0,0,0,是-商品卡免佣,0.15,义乌市衍郝电子商务商行,订单结算
2026-04-23 10:05:15,'2026042310051225255286190159,入账,4.87,聚合账户,货款结算入账,小店自卖,'6925692470730850148,'6925692470730850148,'SS76308375787544256630197,2026-04-18 14:00:35,'3800198492568289686,买一送一爆款凉拖鞋男士夏季情侣2026新款家居防滑防臭厚底拖鞋女,,,普通订单,2.1,0,0,2.8,0,0,0,0,0,0,0,0,-0.03,0,0,0,0,0,0,是-商品卡免佣,0.22,义乌市衍郝电子商务商行,订单结算
2026-04-23 10:05:15,'2026042310051024760489590159,入账,5.62,聚合账户,货款结算入账,小店自卖,'6925542699660508864,'6925542699660508864,'SS76306668621344611900242,2026-04-12 22:14:04,'3810919823941174195,中式复古洋气多层小蛮腰褶皱印花肥肠圈高端水墨皮筋耐用新款发圈,,,普通订单,5.65,0,0,0,0,0,0,0,0,0,0,0,-0.03,0,0,0,0,0,0,是-商品卡免佣,0.22,义乌市衍郝电子商务商行,订单结算
2026-04-23 10:05:15,'2026042310051211938575450159,入账,4.86,聚合账户,货款结算入账,小店自卖,'6952132483083605583,'6952132483083605583,'SS76307374244817800090055,2026-04-17 18:43:06,'3811102963569655948,春夏撞色蝴蝶结发夹发卡女后脑勺2026新款气质大号盘发鸭嘴夹发饰,,,普通订单,0.01,0,0,4.88,0,0,0,0,0,0,0,0,-0.03,0,0,0,0,0,0,是-商品卡免佣,0.22,义乌市衍郝电子商务商行,订单结算
2026-04-23 10:05:15,'2026042310051221271677630159,入账,4.96,聚合账户,货款结算入账,小店自卖,'6925546936709184753,'6925546936709184753,'SS76307242182417945960071,2026-04-12 21:51:58,'3809627569339367610,印花小熊防滑拖鞋女士家居室内2025新款夏季洗澡家用eva静音凉拖,,,普通订单,4.99,0,0,0,0,0,0,0,0,0,0,0,-0.03,0,0,0,0,0,0,是-商品卡免佣,0.22,义乌市衍郝电子商务商行,订单结算
2026-04-23 10:05:15,'2026042310051211045647630159,入账,3.3,聚合账户,货款结算入账,小店自卖,'6952009528003336025,'6952009528003204953,'SS76306666000933565530072,2026-04-12 20:12:19,'3771567680054755718,高颅顶压发箍女宽边网红洋气发箍洗脸防滑发卡百搭头箍高级感发饰,,,普通订单,3.32,0,0,0,0,0,0,0,0,0,0,0,-0.02,0,0,0,0,0,0,是-商品卡免佣,0.15,义乌市衍郝电子商务商行,订单结算
2026-04-23 10:05:15,'2026042310051203345615720159,入账,3.2,聚合账户,货款结算入账,小店自卖,'6925569601022491958,'6925569601022491958,'SS76306791451916536840160,2026-04-13 10:50:44,'3784557153768047337,加粗高弹力头绳发圈皮筋弹性毛绒简约秋冬季大咖色高弹力小熊头绳,,,普通订单,0.37,0,0,3,0,0,0,0,0,0,0,0,-0.17,0,0,0,0,0,0,,0,义乌市衍郝电子商务商行,订单结算
2026-04-23 10:05:15,'2026042310051224793254860159,入账,8.45,聚合账户,货款结算入账,巨量千川,'6952145188146451539,'6952145188146451539,'SS76306207461433513220240,2026-04-17 11:21:27,'3800198492568289686,买一送一爆款凉拖鞋男士夏季情侣2026新款家居防滑防臭厚底拖鞋女,,,普通订单,7.3,0,0,1.6,0,0,0,0,0,0,0,0,-0.45,0,0,0,0,0,0,,0,义乌市衍郝电子商务商行,订单结算
2026-04-23 10:05:15,'2026042310051126479334910159,入账,5.9,聚合账户,货款结算入账,小店自卖,'6952002885638951999,'6952002885638951999,'SS76306666559908254820226,2026-04-12 17:09:50,'3812244340491813699,新款密齿香蕉韩系法式波点蕾丝蝴蝶结后脑勺盘发发夹发卡马尾发饰,,,普通订单,5.94,0,0,0,0,0,0,0,0,0,0,0,-0.04,0,0,0,0,0,0,是-商品卡免佣,0.29,义乌市衍郝电子商务商行,订单结算
2026-04-23 10:05:15,'2026042310051130790006390159,入账,5.26,聚合账户,货款结算入账,小店自卖,'6925647786417094106,'6925647786417094106,'SS76306959533557025740161,2026-04-16 14:28:07,'3809625164249956608,孕妇专用防滑拖鞋女士夏季家居家室内静音浴室洗澡防臭凉拖鞋外穿,,,普通订单,5.29,0,0,0,0,0,0,0,0,0,0,0,-0.03,0,0,0,0,0,0,是-商品卡免佣,0.22,义乌市衍郝电子商务商行,订单结算
2026-04-23 10:05:15,'2026042310051140859737690159,入账,4.74,聚合账户,货款结算入账,小店自卖,'6951890581762873264,'6951890581762873264,'SS76306560031007585660224,2026-04-07 20:45:37,'3799023022220903050,2026新款EVA家居室内不臭脚拖鞋男士夏季踩屎感防滑洗澡凉拖女式,,,普通订单,0.01,0,0,4.98,0,0,0,0,0,0,0,0,-0.25,0,0,0,0,0,0,,0,义乌市衍郝电子商务商行,订单结算
2026-04-23 10:05:19,'2026042310051624286336400159,入账,8.45,聚合账户,货款结算入账,小店自卖,'6952094011057248000,'6952094011057248000,'SS76307159630467077210194,2026-04-15 16:04:13,'3800198492568289686,买一送一爆款凉拖鞋男士夏季情侣2026新款家居防滑防臭厚底拖鞋女,,,普通订单,6.81,0,0,2.09,0,0,0,0,0,0,0,0,-0.45,0,0,0,0,0,0,,0,义乌市衍郝电子商务商行,订单结算
2026-04-23 10:05:39,'2026042310053622629586110159,入账,2.96,聚合账户,货款结算入账,小店自卖,'6925550468212030864,'6925550468212030864,'SS76307050833821704040164,2026-04-13 12:37:51,'3807217918840799504,新款百搭2026可爱小狗香蕉夹竖夹发夹脑勺扭扭夹高马尾抓夹高级感,,,普通订单,2.98,0,0,0,0,0,0,0,0,0,0,0,-0.02,0,0,0,0,0,0,是-商品卡免佣,0.15,义乌市衍郝电子商务商行,订单结算
2026-04-23 10:05:39,'2026042310053620489876840159,入账,4.85,聚合账户,货款结算入账,小店自卖,'6925557787089861749,'6925557787089861749,'SS76306666773903281270225,2026-04-12 18:55:19,'3807217918840799504,新款百搭2026可爱小狗香蕉夹竖夹发夹脑勺扭扭夹高马尾抓夹高级感,,,普通订单,4.88,0,0,0,0,0,0,0,0,0,0,0,-0.03,0,0,0,0,0,0,是-商品卡免佣,0.22,义乌市衍郝电子商务商行,订单结算
2026-04-23 10:05:39,'2026042310053641405161380159,入账,1.75,聚合账户,货款结算入账,小店自卖,'6925561374153998159,'6925561374153998159,'SS76307374120039058300133,2026-04-13 10:24:44,'3809975766641410463,高级感水钻珠珠一字扭扭夹2026新款盘发抓夹后脑勺发量多发夹头饰,,,普通订单,0.01,0,0,1.75,0,0,0,0,0,0,0,0,-0.01,0,0,0,0,0,0,是-商品卡免佣,0.07,义乌市衍郝电子商务商行,订单结算
2026-04-23 10:05:39,'2026042310053538969513320159,入账,5.91,聚合账户,货款结算入账,小店自卖,'6925549747313868576,'6925549747313868576,'SS76306668307896407540082,2026-04-13 02:14:39,'3807576505576456267,可爱蝴蝶结小猫无痕刘海魔术发饰少女前额星星kt侧边发贴整理神器,,,普通订单,5.95,0,0,0,0,0,0,0,0,0,0,0,-0.04,0,0,0,0,0,0,是-商品卡免佣,0.29,义乌市衍郝电子商务商行,订单结算
2026-04-23 10:05:39,'2026042310053536795356500159,入账,3.47,聚合账户,货款结算入账,小店自卖,'6952136007749604917,'6952136007749604917,'SS76306242469616195070144,2026-04-17 01:09:22,'3806655969480540177,米菲兔巨显发量香蕉兔子后脑勺盘发百搭少女发饰时尚可爱波点大号,,,普通订单,3.49,0,0,0,0,0,0,0,0,0,0,0,-0.02,0,0,0,0,0,0,是-商品卡免佣,0.15,义乌市衍郝电子商务商行,订单结算
2026-04-23 10:05:45,'2026042310054220701678620159,入账,4.74,聚合账户,货款结算入账,小店自卖,'6952104555727230593,'6952104555727230593,'SS76307617602867371920021,2026-04-15 15:24:03,'3809625164249956608,孕妇专用防滑拖鞋女士夏季家居家室内静音浴室洗澡防臭凉拖鞋外穿,,,普通订单,0.99,0,0,4,0,0,0,0,0,0,0,0,-0.25,0,0,0,0,0,0,,0,义乌市衍郝电子商务商行,订单结算
2026-04-23 10:05:48,'2026042310054508520996260159,入账,10.83,聚合账户,货款结算入账,小店自卖,'6952180617961478101,'6952180617961478101,'SS76307662090023286120242,2026-04-18 17:35:22,'3813152773302780175,柔软泡泡纱韩国粉色碎花大肠发圈超大号高级仙气丸子慵懒头绳发饰,,,普通订单,10.9,0,0,0,0,0,0,0,0,0,0,0,-0.07,0,0,0,0,0,0,是-商品卡免佣,0.51,义乌市衍郝电子商务商行,订单结算
2026-04-23 10:05:48,'2026042310054435035389540159,入账,4.87,聚合账户,货款结算入账,小店自卖,'6925606812895510158,'6925606812895510158,'SS76307425007344194830240,2026-04-15 08:16:33,'3800198492568289686,买一送一爆款凉拖鞋男士夏季情侣2026新款家居防滑防臭厚底拖鞋女,,,普通订单,4.9,0,0,0,0,0,0,0,0,0,0,0,-0.03,0,0,0,0,0,0,是-商品卡免佣,0.22,义乌市衍郝电子商务商行,订单结算
2026-04-23 10:05:48,'2026042310054541824261580159,入账,2.6,聚合账户,货款结算入账,小店自卖,'6925543350957997507,'6925543350957997507,'SS76306966827825730820235,2026-04-13 08:31:07,'3797749369206342546,豹纹大肠发圈高级小众手工韩国新款头绳编织显发量马尾丸子头发绳,,,普通订单,3.61,0,0,0,0,0,0,0,0,0,0,-1,-0.01,0,0,0,0,0,0,是-商品卡免佣,0.07,义乌市衍郝电子商务商行,订单结算
2026-04-23 10:05:48,'2026042310054527524019460159,入账,4.96,聚合账户,货款结算入账,小店自卖,'6925535932281159358,'6925535932281159358,'SS76306415410321497950142,2026-04-12 14:38:37,'3799223154979766395,印花小熊防滑防臭抑菌拖鞋女士2026新款夏季浴室情侣家用凉拖男士,,,普通订单,2.99,0,0,2,0,0,0,0,0,0,0,0,-0.03,0,0,0,0,0,0,是-商品卡免佣,0.22,义乌市衍郝电子商务商行,订单结算
2026-04-23 10:05:48,'2026042310054311629532580159,入账,4.86,聚合账户,货款结算入账,小店自卖,'6952050509048321579,'6952050509048321579,'SS76307255577638177910002,2026-04-13 13:34:40,'3809980984917622883,韩系高马尾香蕉夹竖夹女2026新款高级感发夹后脑勺大发量发饰头饰,,,普通订单,4.89,0,0,0,0,0,0,0,0,0,0,0,-0.03,0,0,0,0,0,0,是-商品卡免佣,0.22,义乌市衍郝电子商务商行,订单结算
2026-04-23 10:05:48,'2026042310054505591864830159,入账,1.98,聚合账户,货款结算入账,小店自卖,'6925550404629724594,'6925550404629724594,'SS76307376820957842260036,2026-04-13 11:56:41,'3812796426258350389,夏天简约随手盘发一字扭扭夹水钻抓夹高级发夹扭扭后脑勺盘发器,,,普通订单,1.99,0,0,0,0,0,0,0,0,0,0,0,-0.01,0,0,0,0,0,0,是-商品卡免佣,0.07,义乌市衍郝电子商务商行,订单结算
2026-04-23 10:05:48,'2026042310054511880046710159,入账,8.85,聚合账户,货款结算入账,小店自卖,'6952071177879885629,'6952071177879885629,'SS76306221831832376950116,2026-04-15 11:32:55,'3800198492568289686,买一送一爆款凉拖鞋男士夏季情侣2026新款家居防滑防臭厚底拖鞋女,,,普通订单,8.9,0,0,0,0,0,0,0,0,0,0,0,-0.05,0,0,0,0,0,0,是-商品卡免佣,0.37,义乌市衍郝电子商务商行,订单结算
2026-04-23 10:05:48,'2026042310054433019988940159,入账,4.87,聚合账户,货款结算入账,小店自卖,'6925647428121165555,'6925647428121165555,'SS76307631814300470300011,2026-04-16 11:12:18,'3800198492568289686,买一送一爆款凉拖鞋男士夏季情侣2026新款家居防滑防臭厚底拖鞋女,,,普通订单,4.9,0,0,0,0,0,0,0,0,0,0,0,-0.03,0,0,0,0,0,0,是-商品卡免佣,0.22,义乌市衍郝电子商务商行,订单结算
2026-04-23 10:05:48,'2026042310054603872363620159,入账,4.65,聚合账户,货款结算入账,巨量千川,'6925676367735192731,'6925676367735192731,'SS76306839994466142990070,2026-04-17 21:04:19,'3800198492568289686,买一送一爆款凉拖鞋男士夏季情侣2026新款家居防滑防臭厚底拖鞋女,,,普通订单,1.33,0,0,3.57,0,0,0,0,0,0,0,0,-0.25,0,0,0,0,0,0,,0,义乌市衍郝电子商务商行,订单结算
2026-04-23 10:05:48,'2026042310054616803968100159,入账,4.96,聚合账户,货款结算入账,小店自卖,'6925554457515949470,'6925554457515949470,'SS76306419312078074880008,2026-04-12 22:37:56,'3809625164249956608,孕妇专用防滑拖鞋女士夏季家居家室内静音浴室洗澡防臭凉拖鞋外穿,,,普通订单,4.99,0,0,0,0,0,0,0,0,0,0,0,-0.03,0,0,0,0,0,0,是-商品卡免佣,0.22,义乌市衍郝电子商务商行,订单结算
2026-04-23 10:06:23,'2026042310062009964754440159,入账,3.59,聚合账户,货款结算入账,小店自卖,'6952007301097723758,'6952007301097723758,'SS76307029153304089750105,2026-04-12 20:01:18,'3797749369206342546,豹纹大肠发圈高级小众手工韩国新款头绳编织显发量马尾丸子头发绳,,,普通订单,3.61,0,0,0,0,0,0,0,0,0,0,0,-0.02,0,0,0,0,0,0,是-商品卡免佣,0.15,义乌市衍郝电子商务商行,订单结算
2026-04-23 10:06:23,'2026042310061905900211580159,入账,2.1,聚合账户,货款结算入账,小店自卖,'6925663824919166224,'6925663824919166224,'SS76307068316947420570040,2026-04-17 23:59:18,'3812240028327870813,粉色双面蝴蝶结香蕉夹竖夹超温柔!气质高马尾发夹后脑勺发夹发饰,,,普通订单,0.01,0,0,2.2,0,0,0,0,0,0,0,0,-0.11,0,0,0,0,0,0,,0,义乌市衍郝电子商务商行,订单结算
2026-04-23 10:06:23,'2026042310061931807452430159,入账,3.76,聚合账户,货款结算入账,小店自卖,'6925547959171448563,'6925547959171448563,'SS76306999936825920460173,2026-04-13 11:07:06,'3776807804489302292,豹纹ins爱心发夹女一字夹高端碎发前额刘大号在成人前额碎发夹子,,,普通订单,3.78,0,0,0,0,0,0,0,0,0,0,0,-0.02,0,0,0,0,0,0,是-商品卡免佣,0.15,义乌市衍郝电子商务商行,订单结算
2026-04-23 10:06:23,'2026042310061936554880520159,入账,4.74,聚合账户,货款结算入账,小店自卖,'6952138092494263323,'6952138092494263323,'SS76308239224601482740013,2026-04-16 23:14:48,'3806646636424331422,韩风珍珠抓夹小号发夹女后脑勺发卡小巧鲨鱼夹发抓迷你小夹子头饰,,,普通订单,4.77,0,0,0,0,0,0,0,0,0,0,0,-0.03,0,0,0,0,0,0,是-商品卡免佣,0.22,义乌市衍郝电子商务商行,订单结算
2026-04-23 10:06:23,'2026042310062025857766660159,入账,0.97,聚合账户,货款结算入账,小店自卖,'6925656807878459020,'6925656807878459020,'SS76306451912317056350108,2026-04-16 20:16:38,'3812961166053999319,ins爆款卡通蓬松夹鸭嘴夹一字夹化妆发夹超萌可爱猫咪少女刘海夹,,,普通订单,2.98,0,0,0,0,0,0,0,0,0,0,-2,-0.01,0,0,0,0,0,0,是-商品卡免佣,0.07,义乌市衍郝电子商务商行,订单结算
2026-04-23 10:06:30,'2026042310062802642419260159,入账,5.66,聚合账户,货款结算入账,小店自卖,'6952046144049190482,'6952046144049190482,'SS76307410201169761710072,2026-04-13 14:53:46,'3812779169155252959,仙女爆闪满钻发夹迷你鸭嘴夹发夹侧边小夹子精致蝴蝶结碎发夹刘海,,,普通订单,5.16,0,0,0.53,0,0,0,0,0,0,0,0,-0.03,0,0,0,0,0,0,是-商品卡免佣,0.22,义乌市衍郝电子商务商行,订单结算
2026-04-23 10:06:37,'2026042310063338577649100159,入账,2.96,聚合账户,货款结算入账,小店自卖,'6925658879818759209,'6925658879818759209,'SS76307971393663962010056,2026-04-17 16:33:39,'3812961166053999319,ins爆款卡通蓬松夹鸭嘴夹一字夹化妆发夹超萌可爱猫咪少女刘海夹,,,普通订单,0.01,0,0,2.97,0,0,0,0,0,0,0,0,-0.02,0,0,0,0,0,0,是-商品卡免佣,0.15,义乌市衍郝电子商务商行,订单结算
2026-04-23 10:06:37,'2026042310063207033822810159,入账,6.4,聚合账户,货款结算入账,小店自卖,'6925563117716602257,'6925563117716602257,'SS76296088398654507940008,2026-04-13 13:50:08,'3813145673738618410,春天系大肠发圈韩系波点发绳甜美扎头发蕾丝花边碎花大发圈皮筋女,,,普通订单,8.58,0,0,0,0,0,0,0,0,0,0,-2.14,-0.04,0,0,0,0,0,0,是-商品卡免佣,0.29,义乌市衍郝电子商务商行,订单结算
2026-04-23 10:06:37,'2026042310063422486266980159,入账,10.75,聚合账户,货款结算入账,小店自卖,'6925551695383723269,'6925551695383723269,'SS76306666941727383560050,2026-04-12 20:54:36,'3809262658188869664,高级感新年红色大肠发圈女2026新款扎头发绳丸子氛围感头花发饰,,,普通订单,10.81,0,0,0,0,0,0,0,0,0,0,0,-0.06,0,0,0,0,0,0,是-商品卡免佣,0.44,义乌市衍郝电子商务商行,订单结算
2026-04-23 10:06:37,'2026042310063412709401940159,入账,4.86,聚合账户,货款结算入账,小店自卖,'6952050594211501729,'6952050594211501729,'SS76307376861520532670182,2026-04-13 14:24:59,'3811102963569655948,春夏撞色蝴蝶结发夹发卡女后脑勺2026新款气质大号盘发鸭嘴夹发饰,,,普通订单,4.89,0,0,0,0,0,0,0,0,0,0,0,-0.03,0,0,0,0,0,0,是-商品卡免佣,0.22,义乌市衍郝电子商务商行,订单结算
2026-04-23 10:06:37,'2026042310063413767314320159,入账,3.89,聚合账户,货款结算入账,小店自卖,'6952016406687192797,'6952016406687192797,'SS76306687434504443140241,2026-04-12 21:47:14,'3799610118572736926,韩系蝴蝶结香蕉夹发夹女秋冬高级感精致后脑勺盘发马尾夹竖夹头饰,,,普通订单,3.91,0,0,0,0,0,0,0,0,0,0,0,-0.02,0,0,0,0,0,0,是-商品卡免佣,0.15,义乌市衍郝电子商务商行,订单结算
2026-04-23 10:07:39,'2026042310073534688535550159,入账,3.12,聚合账户,货款结算入账,小店自卖,'6925556090293615831,'6925556090293615831,'SS76306668564006712670239,2026-04-12 22:37:51,'3807956255797018943,韩国精致气质炫彩侧边夹2026年新款发夹高端夹顶刘海鸭嘴高级夹子,,,普通订单,3.28,0,0,0,0,0,0,0,0,0,0,0,-0.16,0,0,0,0,0,0,,0,义乌市衍郝电子商务商行,订单结算
2026-04-23 10:07:39,'2026042310073519350697590159,入账,5.65,聚合账户,货款结算入账,小店自卖,'6952138366831498805,'6952138366831498805,'SS76307696325716915290081,2026-04-17 08:10:54,'3812794010364412322,趣味黑皮kitty猫魔术贴超可爱猫咪整理碎发刘海贴魔术贴发卡化妆,,,普通订单,0.01,0,0,5.67,0,0,0,0,0,0,0,0,-0.03,0,0,0,0,0,0,是-商品卡免佣,0.22,义乌市衍郝电子商务商行,订单结算
2026-04-23 10:07:39,'2026042310073425226780700159,入账,4.87,聚合账户,货款结算入账,小店自卖,'6952136468990007067,'6952136468990007067,'SS76307286119178903190073,2026-04-17 11:12:57,'3800198492568289686,买一送一爆款凉拖鞋男士夏季情侣2026新款家居防滑防臭厚底拖鞋女,,,普通订单,4.9,0,0,0,0,0,0,0,0,0,0,0,-0.03,0,0,0,0,0,0,是-商品卡免佣,0.22,义乌市衍郝电子商务商行,订单结算
2026-04-23 10:07:39,'2026042310073631709435260159,入账,2.96,聚合账户,货款结算入账,小店自卖,'6952161258614363563,'6952161258614363563,'SS76307487931809800100134,2026-04-17 14:08:34,'3812961166053999319,ins爆款卡通蓬松夹鸭嘴夹一字夹化妆发夹超萌可爱猫咪少女刘海夹,,,普通订单,2.98,0,0,0,0,0,0,0,0,0,0,0,-0.02,0,0,0,0,0,0,是-商品卡免佣,0.15,义乌市衍郝电子商务商行,订单结算
2026-04-23 10:07:39,'2026042310073529829903770159,入账,2.24,聚合账户,货款结算入账,小店自卖,'6952032212631557186,'6952032212631557186,'SS76306415224677832020092,2026-04-13 07:26:10,'3809975766641410463,高级感水钻珠珠一字扭扭夹2026新款盘发抓夹后脑勺发量多发夹头饰,,,普通订单,2.25,0,0,0,0,0,0,0,0,0,0,0,-0.01,0,0,0,0,0,0,是-商品卡免佣,0.07,义乌市衍郝电子商务商行,订单结算
2026-04-23 10:07:39,'2026042310073628316475340159,入账,5.38,聚合账户,货款结算入账,小店自卖,'6925555971537599582,'6925555971537599582,'SS76306668530982592100047,2026-04-12 22:09:53,'3752323576548688241,中国风孔雀盘发器女生古典旗袍发饰丸子懒人高级感饰品优雅发夹女,,,普通订单,5.41,0,0,0,0,0,0,0,0,0,0,0,-0.03,0,0,0,0,0,0,是-商品卡免佣,0.22,义乌市衍郝电子商务商行,订单结算
2026-04-23 10:07:39,'2026042310073428525207420159,入账,9.17,聚合账户,货款结算入账,小店自卖,'6952150081562482584,'6952150081562285976,'SS76305160218624663670083,2026-04-17 15:48:54,'3809632216561090850,买一送一拖鞋男款外出耐穿夏天居家用室内厚底防滑防臭男女凉托鞋,,,普通订单,9.23,0,0,0,0,0,0,0,0,0,0,0,-0.06,0,0,0,0,0,0,是-商品卡免佣,0.44,义乌市衍郝电子商务商行,订单结算
2026-04-23 10:07:39,'2026042310073615044981860159,入账,8.23,聚合账户,货款结算入账,小店自卖,'6952043860610913485,'6952043860610913485,'SS76307015442875523190150,2026-04-13 12:08:21,'3812244340491813699,新款密齿香蕉韩系法式波点蕾丝蝴蝶结后脑勺盘发发夹发卡马尾发饰,,,普通订单,8.28,0,0,0,0,0,0,0,0,0,0,0,-0.05,0,0,0,0,0,0,是-商品卡免佣,0.37,义乌市衍郝电子商务商行,订单结算
2026-04-23 10:07:39,'2026042310073526523732740159,入账,7.79,聚合账户,货款结算入账,小店自卖,'6925559068611148813,'6925559068611148813,'SS76307502274991395900183,2026-04-13 08:51:28,'3797749369206342546,豹纹大肠发圈高级小众手工韩国新款头绳编织显发量马尾丸子头发绳,,,普通订单,8.2,0,0,0,0,0,0,0,0,0,0,0,-0.41,0,0,0,0,0,0,,0,义乌市衍郝电子商务商行,订单结算
2026-04-23 10:07:39,'2026042310073533138283790159,入账,6.36,聚合账户,货款结算入账,小店自卖,'6952136812524868624,'6952136812524540944,'SS76305154310105011300090,2026-04-17 15:28:20,'3809625164249956608,孕妇专用防滑拖鞋女士夏季家居家室内静音浴室洗澡防臭凉拖鞋外穿,,,普通订单,6.4,0,0,0,0,0,0,0,0,0,0,0,-0.04,0,0,0,0,0,0,是-商品卡免佣,0.29,义乌市衍郝电子商务商行,订单结算
2026-04-23 10:07:53,'2026042310075017501762940159,入账,11.73,聚合账户,货款结算入账,小店自卖,'6925540576350993758,'6925540576350993758,'SS76306668798873766400110,2026-04-12 22:06:28,'3808151605992357940,波点蝴蝶结香蕉夹小众不撞款发饰发卡高马尾夹女扭扭夹公主风发夹,,,普通订单,11.8,0,0,0,0,0,0,0,0,0,0,0,-0.07,0,0,0,0,0,0,是-商品卡免佣,0.51,义乌市衍郝电子商务商行,订单结算
2026-04-23 10:07:53,'2026042310074927180408420159,入账,5.46,聚合账户,货款结算入账,小店自卖,'6925546132654226603,'6925546132654226603,'SS76306666689015979710232,2026-04-12 15:55:36,'3806655969480540177,米菲兔巨显发量香蕉兔子后脑勺盘发百搭少女发饰时尚可爱波点大号,,,普通订单,5.49,0,0,0,0,0,0,0,0,0,0,0,-0.03,0,0,0,0,0,0,是-商品卡免佣,0.22,义乌市衍郝电子商务商行,订单结算
2026-04-23 10:07:53,'2026042310074929460073500159,入账,3.67,聚合账户,货款结算入账,小店自卖,'6952016618641364819,'6952016618641364819,'SS76306667986489516020162,2026-04-12 23:16:09,'3797199952510321008,儿童韩系五角星女童大肠花朵发圈甜美可爱纹波丸子头头绳马尾发饰,,,普通订单,3.69,0,0,0,0,0,0,0,0,0,0,0,-0.02,0,0,0,0,0,0,是-商品卡免佣,0.15,义乌市衍郝电子商务商行,订单结算
2026-04-23 10:07:53,'2026042310075017503073660159,入账,2.67,聚合账户,货款结算入账,小店自卖,'6925567412398751519,'6925567412398685983,'SS76307120454841021980003,2026-04-13 12:59:51,'3812988718369865893,可爱小熊眼镜2026新款发卡发夹女边夹侧边鸭嘴夹前额刘海夹子头饰,,,普通订单,2.69,0,0,0,0,0,0,0,0,0,0,0,-0.02,0,0,0,0,0,0,是-商品卡免佣,0.15,义乌市衍郝电子商务商行,订单结算
2026-04-23 10:07:54,'2026042310075015192396990159,入账,4.65,聚合账户,货款结算入账,巨量千川,'6952143842687981544,'6952143842687981544,'SS76308200862956098910092,2026-04-17 21:54:09,'3800198492568289686,买一送一爆款凉拖鞋男士夏季情侣2026新款家居防滑防臭厚底拖鞋女,,,普通订单,4.9,0,0,0,0,0,0,0,0,0,0,0,-0.25,0,0,0,0,0,0,,0,义乌市衍郝电子商务商行,订单结算
2026-04-23 10:08:10,'2026042310080714017006180159,入账,8.85,聚合账户,货款结算入账,小店自卖,'6925645789993663660,'6925645789993663660,'SS76307224616887749210151,2026-04-16 17:14:02,'3800198492568289686,买一送一爆款凉拖鞋男士夏季情侣2026新款家居防滑防臭厚底拖鞋女,,,普通订单,8.9,0,0,0,0,0,0,0,0,0,0,0,-0.05,0,0,0,0,0,0,是-商品卡免佣,0.37,义乌市衍郝电子商务商行,订单结算
2026-04-23 10:08:10,'2026042310080712881474830159,入账,4.74,聚合账户,货款结算入账,小店自卖,'6925533798036635271,'6925533798036635271,'SS76306426558989317480238,2026-04-12 15:59:25,'3809625164249956608,孕妇专用防滑拖鞋女士夏季家居家室内静音浴室洗澡防臭凉拖鞋外穿,,,普通订单,4.99,0,0,0,0,0,0,0,0,0,0,0,-0.25,0,0,0,0,0,0,,0,义乌市衍郝电子商务商行,订单结算
2026-04-23 10:08:10,'2026042310080711705059990159,入账,3.47,聚合账户,货款结算入账,小店自卖,'6952022712608101557,'6952022712608101557,'SS76307324859068585220211,2026-04-12 20:24:41,'3806655969480540177,米菲兔巨显发量香蕉兔子后脑勺盘发百搭少女发饰时尚可爱波点大号,,,普通订单,3.49,0,0,0,0,0,0,0,0,0,0,0,-0.02,0,0,0,0,0,0,是-商品卡免佣,0.15,义乌市衍郝电子商务商行,订单结算
2026-04-23 10:08:10,'2026042310080633932457220159,入账,6.86,聚合账户,货款结算入账,小店自卖,'6925576742999260637,'6925576742999260637,'SS76307409168818222430028,2026-04-13 14:57:25,'3752323159945249725,碎发整理神器山茶花碎发整理神器后脑勺成人拉拉发红色蝴蝶结发饰,,,普通订单,6.9,0,0,0,0,0,0,0,0,0,0,0,-0.04,0,0,0,0,0,0,是-商品卡免佣,0.29,义乌市衍郝电子商务商行,订单结算
2026-04-23 10:08:10,'2026042310080620813913750159,入账,3.89,聚合账户,货款结算入账,小店自卖,'6952159247289489120,'6952159247289489120,'SS76307963737310500270094,2026-04-17 20:19:09,'3813158348195496156,公主发夹波点蝴蝶结夹小众香蕉2026新款发饰发卡洋气双排头花夹子,,,普通订单,3.91,0,0,0,0,0,0,0,0,0,0,0,-0.02,0,0,0,0,0,0,是-商品卡免佣,0.15,义乌市衍郝电子商务商行,订单结算
2026-04-23 10:08:21,'2026042310081720400583770159,入账,3.79,聚合账户,货款结算入账,小店自卖,'6925559147338170242,'6925559147338170242,'SS76306842957989977660075,2026-04-13 09:27:00,'3752323576548688241,中国风孔雀盘发器女生古典旗袍发饰丸子懒人高级感饰品优雅发夹女,,,普通订单,0.81,0,0,3,0,0,0,0,0,0,0,0,-0.02,0,0,0,0,0,0,是-商品卡免佣,0.15,义乌市衍郝电子商务商行,订单结算
2026-04-23 10:08:39,'2026042310083716790492660159,入账,4.46,聚合账户,货款结算入账,小店自卖,'6925545358867922287,'6925545358867922287,'SS76306418086949199620132,2026-04-13 00:32:38,'3809625164249956608,孕妇专用防滑拖鞋女士夏季家居家室内静音浴室洗澡防臭凉拖鞋外穿,,,普通订单,0.01,0,0,4.48,0,0,0,0,0,0,0,0,-0.03,0,0,0,0,0,0,是-商品卡免佣,0.22,义乌市衍郝电子商务商行,订单结算
2026-04-23 10:08:39,'2026042310083602783155460159,入账,4.87,聚合账户,货款结算入账,小店自卖,'6925577499296365665,'6925577499296365665,'SS76308252432877493820007,2026-04-13 20:53:20,'3800198492568289686,买一送一爆款凉拖鞋男士夏季情侣2026新款家居防滑防臭厚底拖鞋女,,,普通订单,3.9,0,0,0,0,0,0,0,0,1,0,0,-0.03,0,0,0,0,0,0,是-商品卡免佣,0.22,义乌市衍郝电子商务商行,订单结算
2026-04-23 10:08:39,'2026042310083623853632460159,入账,4.34,聚合账户,货款结算入账,小店自卖,'6925560387610836001,'6925560387610836001,'SS76306668841756308750082,2026-04-12 22:23:12,'3807233228251726216,发圈式啪啪圈~秋冬美拉德系懒人高马尾啪啪圈复古固定不塌神器,,,普通订单,3.37,0,0,1,0,0,0,0,0,0,0,0,-0.03,0,0,0,0,0,0,是-商品卡免佣,0.22,义乌市衍郝电子商务商行,订单结算
2026-04-23 10:08:39,'2026042310083507813373900159,入账,2.83,聚合账户,货款结算入账,小店自卖,'6925555670285189006,'6925555670285189006,'SS76306667682516503040102,2026-04-12 20:29:30,'3809056869209735557,蝴蝶结发带女2026新款飘带头绳大肠发圈高级感扎头发皮筋发绳发饰,,,普通订单,2.85,0.3,0,0,0,0,0,0,0,0,0,0,-0.02,0,0,0,0,0,0,是-商品卡免佣,0.15,义乌市衍郝电子商务商行,订单结算
2026-04-23 10:08:39,'2026042310083621926753780159,入账,4.54,聚合账户,货款结算入账,小店自卖,'6925637180434972052,'6925637180434972052,'SS76307535046923226120189,2026-04-16 14:41:22,'3799224164339024287,高级感满钻蝴蝶结小发夹女侧边刘海夹气质发卡头饰迷你鸭嘴夹子,,,普通订单,1.57,0,0,3,0,0,0,0,0,0,0,0,-0.03,0,0,0,0,0,0,是-商品卡免佣,0.22,义乌市衍郝电子商务商行,订单结算
2026-04-23 10:08:56,'2026042310085231299668980159,入账,12.42,聚合账户,货款结算入账,小店自卖,'6925561446808518419,'6925561446808518419,'SS76307002384622720270177,2026-04-13 11:04:12,'3798102634443964434,女童喜庆可爱侧边刘海夹子儿童新年醒狮流苏发夹宝宝发卡汉服头饰,,,普通订单,12.49,0.5,0,0,0,0,0,0,0,0,0,0,-0.07,0,0,0,0,0,0,是-商品卡免佣,0.51,义乌市衍郝电子商务商行,订单结算
2026-04-23 10:08:56,'2026042310085227434849660159,入账,4.38,聚合账户,货款结算入账,小店自卖,'6925554314504208319,'6925554314504208319,'SS76306427806125635060142,2026-04-12 21:59:11,'3800198492568289686,买一送一爆款凉拖鞋男士夏季情侣2026新款家居防滑防臭厚底拖鞋女,,,普通订单,0.01,0,0,4.4,0,0,0,0,0,0,0,0,-0.03,0,0,0,0,0,0,是-商品卡免佣,0.22,义乌市衍郝电子商务商行,订单结算
2026-04-23 10:08:56,'2026042310085239060605700159,入账,8.2,聚合账户,货款结算入账,小店自卖,'6925570401725349276,'6925570401725349276,'SS76306795927429617140083,2026-04-13 16:04:00,'3811098503330005269,雾色暖秋~氛围感带齿高颅顶头箍旅行发卡气质姜黄丝绒蝴蝶结发箍,,,普通订单,8.25,0,0,0,0,0,0,0,0,0,0,0,-0.05,0,0,0,0,0,0,是-商品卡免佣,0.37,义乌市衍郝电子商务商行,订单结算
2026-04-23 10:08:56,'2026042310085239595750820159,入账,2.85,聚合账户,货款结算入账,小店自卖,'6952041192900597475,'6952041192900597475,'SS76306793561354408960150,2026-04-13 10:34:41,'3789260980400292058,束发带男洗脸敷面膜专用头箍化妆头套头巾秋冬发箍绑发捆发卡头饰,,,普通订单,2.87,0.8,0,0,0,0,0,0,0,0,0,0,-0.02,0,0,0,0,0,0,是-商品卡免佣,0.15,义乌市衍郝电子商务商行,订单结算
2026-04-23 10:08:56,'2026042310085205886448830159,入账,3.36,聚合账户,货款结算入账,小店自卖,'6952074648985998922,'6952074648985998922,'SS76307011702934738320089,2026-04-14 19:15:51,'3812796426258350389,夏天简约随手盘发一字扭扭夹水钻抓夹高级发夹扭扭后脑勺盘发器,,,普通订单,3.38,0,0,0,0,0,0,0,0,0,0,0,-0.02,0,0,0,0,0,0,是-商品卡免佣,0.15,义乌市衍郝电子商务商行,订单结算
2026-04-23 10:09:14,'2026042310091029259374710159,入账,5.84,聚合账户,货款结算入账,小店自卖,'6925668047353577228,'6925668047353577228,'SS76307392515880269340013,2026-04-18 06:32:29,'3790155312900735053,新款复古气质豹纹皮革三角后秋森系女款黑色抓夹ins网红发夹发卡,,,普通订单,7.88,0,0,0,0,0,0,0,0,0,0,-2,-0.04,0,0,0,0,0,0,是-商品卡免佣,0.29,义乌市衍郝电子商务商行,订单结算
2026-04-23 10:09:14,'2026042310091035075361640159,入账,5.46,聚合账户,货款结算入账,小店自卖,'6925683454393876342,'6925683454393876342,'SS76306934608146434650144,2026-04-18 00:56:11,'3806655969480540177,米菲兔巨显发量香蕉兔子后脑勺盘发百搭少女发饰时尚可爱波点大号,,,普通订单,5.49,0,0,0,0,0,0,0,0,0,0,0,-0.03,0,0,0,0,0,0,是-商品卡免佣,0.22,义乌市衍郝电子商务商行,订单结算
2026-04-23 10:09:14,'2026042310091107223219260159,入账,4.96,聚合账户,货款结算入账,小店自卖,'6952003001954604796,'6952003001954604796,'SS76306423374925010350167,2026-04-12 18:30:32,'3809625164249956608,孕妇专用防滑拖鞋女士夏季家居家室内静音浴室洗澡防臭凉拖鞋外穿,,,普通订单,4.99,0,0,0,0,0,0,0,0,0,0,0,-0.03,0,0,0,0,0,0,是-商品卡免佣,0.22,义乌市衍郝电子商务商行,订单结算
2026-04-23 10:09:14,'2026042310091034692798070159,入账,0.98,聚合账户,货款结算入账,小店自卖,'6952005391257507276,'6952005391257507276,'SS76306673298018967300093,2026-04-12 22:17:39,'3812961166053999319,ins爆款卡通蓬松夹鸭嘴夹一字夹化妆发夹超萌可爱猫咪少女刘海夹,,,普通订单,0.99,0,0,0,0,0,0,0,0,0,0,0,-0.01,0,0,0,0,0,0,是-商品卡免佣,0.07,义乌市衍郝电子商务商行,订单结算
2026-04-23 10:09:14,'2026042310091115406697500159,入账,6.37,聚合账户,货款结算入账,小店自卖,'6952029902342264244,'6952029902342264244,'SS76306669014206592410045,2026-04-13 05:59:29,'3752323576548688241,中国风孔雀盘发器女生古典旗袍发饰丸子懒人高级感饰品优雅发夹女,,,普通订单,6.41,0,0,0,0,0,0,0,0,0,0,0,-0.04,0,0,0,0,0,0,是-商品卡免佣,0.29,义乌市衍郝电子商务商行,订单结算
2026-04-23 10:09:26,'2026042310092233263132520159,入账,3.47,聚合账户,货款结算入账,小店自卖,'6925552274443566753,'6925552274443566753,'SS76306668496009507930111,2026-04-12 23:48:16,'3806655969480540177,米菲兔巨显发量香蕉兔子后脑勺盘发百搭少女发饰时尚可爱波点大号,,,普通订单,3.49,0,0,0,0,0,0,0,0,0,0,0,-0.02,0,0,0,0,0,0,是-商品卡免佣,0.15,义乌市衍郝电子商务商行,订单结算
2026-04-23 10:09:26,'2026042310092229866724260159,入账,3.21,聚合账户,货款结算入账,巨量千川,'6952027811362969380,'6952027811362969380,'SS76306610303493453060053,2026-04-13 01:21:33,'3812796426258350389,夏天简约随手盘发一字扭扭夹水钻抓夹高级发夹扭扭后脑勺盘发器,,,普通订单,3.38,0,0,0,0,0,0,0,0,0,0,0,-0.17,0,0,0,0,0,0,,0,义乌市衍郝电子商务商行,订单结算
2026-04-23 10:09:26,'2026042310092306631102070159,入账,3.89,聚合账户,货款结算入账,小店自卖,'6952145898338325889,'6952145898338325889,'SS76308282681529638920166,2026-04-17 21:20:59,'3813158348195496156,公主发夹波点蝴蝶结夹小众香蕉2026新款发饰发卡洋气双排头花夹子,,,普通订单,3.91,0,0,0,0,0,0,0,0,0,0,0,-0.02,0,0,0,0,0,0,是-商品卡免佣,0.15,义乌市衍郝电子商务商行,订单结算
2026-04-23 10:09:26,'2026042310092235367531710159,入账,4.74,聚合账户,货款结算入账,小店自卖,'6952009345596658698,'6952009345596658698,'SS76306423362923891740021,2026-04-12 18:17:11,'3809625164249956608,孕妇专用防滑拖鞋女士夏季家居家室内静音浴室洗澡防臭凉拖鞋外穿,,,普通订单,4.99,0,0,0,0,0,0,0,0,0,0,0,-0.25,0,0,0,0,0,0,,0,义乌市衍郝电子商务商行,订单结算
2026-04-23 10:09:26,'2026042310092313174049700159,入账,9.97,聚合账户,货款结算入账,小店自卖,'6925598623607914316,'6925598623607914316,'SS76306711997456594300151,2026-04-14 20:41:00,'3674363744047202423,儿童碎发梳韩式发夹小女孩头饰可爱碎发神器女童发卡高颅顶神器,,,普通订单,10.03,1.1,0,0,0,0,0,0,0,0,0,0,-0.06,0,0,0,0,0,0,是-商品卡免佣,0.44,义乌市衍郝电子商务商行,订单结算
2026-04-23 10:09:36,'2026042310093218381873180159,入账,8.85,聚合账户,货款结算入账,小店自卖,'6925677654594452508,'6925677654594452508,'SS76307241827243138980095,2026-04-18 13:00:09,'3800198492568289686,买一送一爆款凉拖鞋男士夏季情侣2026新款家居防滑防臭厚底拖鞋女,,,普通订单,8.9,0,0,0,0,0,0,0,0,0,0,0,-0.05,0,0,0,0,0,0,是-商品卡免佣,0.37,义乌市衍郝电子商务商行,订单结算
2026-04-23 10:09:36,'2026042310093322738706280159,入账,4.28,聚合账户,货款结算入账,小店自卖,'6925666908792651595,'6925666908792651595,'SS76307884098681288110137,2026-04-17 16:08:07,'3752323855864168814,飘带齿梳发箍波浪高颅顶高颅顶宫廷编发发箍女复红色蝴蝶结发饰,,,普通订单,4.31,0,0,0,0,0,0,0,0,0,0,0,-0.03,0,0,0,0,0,0,是-商品卡免佣,0.22,义乌市衍郝电子商务商行,订单结算
2026-04-23 10:09:36,'2026042310093205635935150159,入账,4.27,聚合账户,货款结算入账,小店自卖,'6925555947148573893,'6925555947148573893,'SS76306667438237944680223,2026-04-12 21:55:00,'3737496941462945813,韩国发夹夹子头饰妈妈新款盘发后脑勺高档水钻头发大号鸭嘴发卡,,,普通订单,4.3,0,0,0,0,0,0,0,0,0,0,0,-0.03,0,0,0,0,0,0,是-商品卡免佣,0.22,义乌市衍郝电子商务商行,订单结算
2026-04-23 10:09:36,'2026042310093230243886620159,入账,1.23,聚合账户,货款结算入账,小店自卖,'6952182378494563859,'6952182378494563859,'SS76308442290527936350172,2026-04-18 13:11:46,'3752322049939472693,儿童一次性皮筋发卡神器彩色发绳夹子工具小号不伤发可爱扎头发器,,,普通订单,1.29,0.3,0,0,0,0,0,0,0,0,0,0,-0.06,0,0,0,0,0,0,,0,义乌市衍郝电子商务商行,订单结算
2026-04-23 10:09:36,'2026042310093330664138300159,入账,5.46,聚合账户,货款结算入账,小店自卖,'6952013622880638211,'6952013622880638211,'SS76306666711211873620007,2026-04-12 16:18:58,'3806655969480540177,米菲兔巨显发量香蕉兔子后脑勺盘发百搭少女发饰时尚可爱波点大号,,,普通订单,5.49,0,0,0,0,0,0,0,0,0,0,0,-0.03,0,0,0,0,0,0,是-商品卡免佣,0.22,义乌市衍郝电子商务商行,订单结算
2026-04-23 10:10:35,'2026042310103210077309960159,入账,4.94,聚合账户,货款结算入账,小店自卖,'6952153030890886501,'6952153030890886501,'SS76307754446269156030131,2026-04-17 19:58:39,'3812961166053999319,ins爆款卡通蓬松夹鸭嘴夹一字夹化妆发夹超萌可爱猫咪少女刘海夹,,,普通订单,5.2,0,0,0,0,0,0,0,0,0,0,0,-0.26,0,0,0,0,0,0,,0,义乌市衍郝电子商务商行,订单结算
2026-04-23 10:10:35,'2026042310103141152886390159,入账,2.24,聚合账户,货款结算入账,小店自卖,'6925554169475923842,'6925554169475923842,'SS76306667253738872380233,2026-04-12 21:13:12,'3809975766641410463,高级感水钻珠珠一字扭扭夹2026新款盘发抓夹后脑勺发量多发夹头饰,,,普通订单,2.25,0,0,0,0,0,0,0,0,0,0,0,-0.01,0,0,0,0,0,0,是-商品卡免佣,0.07,义乌市衍郝电子商务商行,订单结算
2026-04-23 10:10:35,'2026042310103218751823880159,入账,3.8,聚合账户,货款结算入账,小店自卖,'6952020794040391488,'6952020794040391488,'SS76306825389944015990067,2026-04-12 19:59:06,'3768979814174818449,2025新款气质大号盘发鸭嘴夹春夏发卡蝴蝶大号在成人抓夹碎发夹子,,,普通订单,3.82,0,0,0,0,0,0,0,0,0,0,0,-0.02,0,0,0,0,0,0,是-商品卡免佣,0.15,义乌市衍郝电子商务商行,订单结算
2026-04-23 10:10:35,'2026042310103217533220240159,入账,3.28,聚合账户,货款结算入账,小店自卖,'6952009528003270489,'6952009528003204953,'SS76292481221623324510071,2026-04-12 20:12:19,'3722436552765341830,蓬松防滑针织洋气秋冬发箍简约新款无痕发箍发卡头饰易梦玲女发饰,,,普通订单,6.6,0,0,0,0,0,0,0,0,0,0,-3.3,-0.02,0,0,0,0,0,0,是-商品卡免佣,0.15,义乌市衍郝电子商务商行,订单结算
2026-04-23 10:10:35,'2026042310103223006584470159,入账,5.9,聚合账户,货款结算入账,小店自卖,'6952034108196460343,'6952034108196460343,'SS76306666231665795020066,2026-04-12 23:14:43,'3812244340491813699,新款密齿香蕉韩系法式波点蕾丝蝴蝶结后脑勺盘发发夹发卡马尾发饰,,,普通订单,5.94,0,0,0,0,0,0,0,0,0,0,0,-0.04,0,0,0,0,0,0,是-商品卡免佣,0.29,义乌市衍郝电子商务商行,订单结算
2026-04-23 10:10:46,'2026042310104331836736520159,入账,1.84,聚合账户,货款结算入账,小店自卖,'6951879546198168830,'6951879546198168830,'SS76306646736819697020121,2026-04-07 20:12:23,'3773268304727245249,洋气国风蝴蝶结高级感复古丝巾发带发饰女绑头巾飘带网红爆款新款,,,普通订单,0.01,0,0,1.84,0,0,0,0,0,0,0,0,-0.01,0,0,0,0,0,0,是-商品卡免佣,0.07,义乌市衍郝电子商务商行,订单结算
2026-04-23 10:10:46,'2026042310104341904051390159,入账,2.63,聚合账户,货款结算入账,小店自卖,'6925673933979352315,'6925673933979352315,'SS76308620214450427220175,2026-04-17 17:43:00,'3812600792603558021,可爱小猪小黄鸡发圈萌系扎发神器黑色发绳马尾扎头发皮筋学生头饰,,,普通订单,0.65,0,0,2,0,0,0,0,0,0,0,0,-0.02,0,0,0,0,0,0,是-商品卡免佣,0.15,义乌市衍郝电子商务商行,订单结算
2026-04-23 10:10:46,'2026042310104310952215560159,入账,5.46,聚合账户,货款结算入账,小店自卖,'6952052759079490658,'6952052759079490658,'SS76307501979876401100174,2026-04-13 12:55:45,'3806655969480540177,米菲兔巨显发量香蕉兔子后脑勺盘发百搭少女发饰时尚可爱波点大号,,,普通订单,0.49,0,0,5,0,0,0,0,0,0,0,0,-0.03,0,0,0,0,0,0,是-商品卡免佣,0.22,义乌市衍郝电子商务商行,订单结算
2026-04-23 10:10:46,'2026042310104237036859300159,入账,7.9,聚合账户,货款结算入账,小店自卖,'6925558448772186006,'6925558448772186006,'SS76306668826099720180217,2026-04-12 22:58:34,'3809433947818033272,黑灰格纹蝴蝶结发圈韩系高端发饰头绳2026新款质感布艺肠圈发绳女,,,普通订单,7.95,0,0,0,0,0,0,0,0,0,0,0,-0.05,0,0,0,0,0,0,是-商品卡免佣,0.37,义乌市衍郝电子商务商行,订单结算
2026-04-23 10:10:46,'2026042310104319517814100159,入账,2.96,聚合账户,货款结算入账,小店自卖,'6952142931300718174,'6952142931300718174,'SS76307541924536000000185,2026-04-17 10:32:22,'3812240028327870813,粉色双面蝴蝶结香蕉夹竖夹超温柔!气质高马尾发夹后脑勺发夹发饰,,,普通订单,0.98,0,0,2,0,0,0,0,0,0,0,0,-0.02,0,0,0,0,0,0,是-商品卡免佣,0.15,义乌市衍郝电子商务商行,订单结算
2026-04-23 10:10:58,'2026042310105416078774300159,入账,3.47,聚合账户,货款结算入账,小店自卖,'6952143965677163851,'6952143965677163851,'SS76307781492233713060183,2026-04-17 23:24:48,'3806655969480540177,米菲兔巨显发量香蕉兔子后脑勺盘发百搭少女发饰时尚可爱波点大号,,,普通订单,0.01,0,0,3.48,0,0,0,0,0,0,0,0,-0.02,0,0,0,0,0,0,是-商品卡免佣,0.15,义乌市衍郝电子商务商行,订单结算
2026-04-23 10:10:58,'2026042310105525893156100159,入账,4.65,聚合账户,货款结算入账,小店自卖,'6925658786303475509,'6925658786303475509,'SS76308398560884821110022,2026-04-17 15:31:06,'3800198492568289686,买一送一爆款凉拖鞋男士夏季情侣2026新款家居防滑防臭厚底拖鞋女,,,普通订单,0.01,0,0,4.89,0,0,0,0,0,0,0,0,-0.25,0,0,0,0,0,0,,0,义乌市衍郝电子商务商行,订单结算
2026-04-23 10:10:58,'2026042310105509409497870159,入账,4.96,聚合账户,货款结算入账,小店自卖,'6925546795610373272,'6925546795610373272,'SS76306421095368791100168,2026-04-12 21:00:31,'3809625164249956608,孕妇专用防滑拖鞋女士夏季家居家室内静音浴室洗澡防臭凉拖鞋外穿,,,普通订单,4.39,0,0,0.6,0,0,0,0,0,0,0,0,-0.03,0,0,0,0,0,0,是-商品卡免佣,0.22,义乌市衍郝电子商务商行,订单结算
2026-04-23 10:10:58,'2026042310105507636585380159,入账,2.48,聚合账户,货款结算入账,小店自卖,'6952039076930327904,'6952039076930327904,'SS76307002400892851630186,2026-04-13 10:17:00,'3674366494906646949,网红爆款碎发梳韩式发饰发夹可爱碎发不伤发女童发卡高颅顶神器,,,普通订单,1.89,0,0,0.6,0,0,0,0,0,0,0,0,-0.01,0,0,0,0,0,0,是-商品卡免佣,0.07,义乌市衍郝电子商务商行,订单结算
2026-04-23 10:10:58,'2026042310105520141716750159,入账,3.89,聚合账户,货款结算入账,小店自卖,'6925613278507793603,'6925613278507793603,'SS76305364845210547830120,2026-04-15 14:54:52,'3813158348195496156,公主发夹波点蝴蝶结夹小众香蕉2026新款发饰发卡洋气双排头花夹子,,,普通订单,0.01,0,0,3.9,0,0,0,0,0,0,0,0,-0.02,0,0,0,0,0,0,是-商品卡免佣,0.15,义乌市衍郝电子商务商行,订单结算
2026-04-23 10:10:59,'2026042310105533901286800159,入账,2.87,聚合账户,货款结算入账,小店自卖,'6952133892089189822,'6952133892089189822,'SS76308642586154934140137,2026-04-16 23:02:07,'3752323855864168814,飘带齿梳发箍波浪高颅顶高颅顶宫廷编发发箍女复红色蝴蝶结发饰,,,普通订单,0.01,0,0,2.88,0,0,0,0,0,0,0,0,-0.02,0,0,0,0,0,0,是-商品卡免佣,0.15,义乌市衍郝电子商务商行,订单结算
2026-04-23 10:10:59,'2026042310105433859177590159,入账,6.22,聚合账户,货款结算入账,小店自卖,'6925676587370446068,'6925676587370446068,'SS76307757612757486180106,2026-04-17 22:11:36,'3782121299556565245,韩式最新款发绳蝴蝶结大肠发圈洋气皮筋女扎头黑色高级大肠发圈,,,普通订单,1.26,0,0,5,0,0,0,0,0,0,0,0,-0.04,0,0,0,0,0,0,是-商品卡免佣,0.29,义乌市衍郝电子商务商行,订单结算
2026-04-23 10:10:59,'2026042310105605476359740159,入账,2.21,聚合账户,货款结算入账,小店自卖,'6925550889125641235,'6925550889125641235,'SS76307326625088803930073,2026-04-12 15:02:36,'3806655969480540177,米菲兔巨显发量香蕉兔子后脑勺盘发百搭少女发饰时尚可爱波点大号,,,普通订单,0.01,0,0,2.21,0,0,0,0,0,0,0,0,-0.01,0,0,0,0,0,0,是-商品卡免佣,0.07,义乌市衍郝电子商务商行,订单结算
2026-04-23 10:10:59,'2026042310105503889116160159,入账,3.12,聚合账户,货款结算入账,小店自卖,'6952027609024173557,'6952027609024173557,'SS76306665229322652580001,2026-04-12 22:36:08,'3806655969480540177,米菲兔巨显发量香蕉兔子后脑勺盘发百搭少女发饰时尚可爱波点大号,,,普通订单,0.01,0,0,3.13,0,0,0,0,0,0,0,0,-0.02,0,0,0,0,0,0,是-商品卡免佣,0.15,义乌市衍郝电子商务商行,订单结算
2026-04-23 10:10:59,'2026042310105527434071560159,入账,8.85,聚合账户,货款结算入账,小店自卖,'6952021349727540681,'6952021349727540681,'SS76306672154283379260075,2026-04-13 00:38:02,'3800198492568289686,买一送一爆款凉拖鞋男士夏季情侣2026新款家居防滑防臭厚底拖鞋女,,,普通订单,6.9,0,0,2,0,0,0,0,0,0,0,0,-0.05,0,0,0,0,0,0,是-商品卡免佣,0.37,义乌市衍郝电子商务商行,订单结算
2026-04-23 10:11:16,'2026042310111227054410340159,入账,3.47,聚合账户,货款结算入账,小店自卖,'6952156359515116628,'6952156359515116628,'SS76308550081870564220153,2026-04-18 12:18:16,'3806655969480540177,米菲兔巨显发量香蕉兔子后脑勺盘发百搭少女发饰时尚可爱波点大号,,,普通订单,0.01,0,0,3.48,0,0,0,0,0,0,0,0,-0.02,0,0,0,0,0,0,是-商品卡免佣,0.15,义乌市衍郝电子商务商行,订单结算
2026-04-23 10:11:16,'2026042310111319139633020159,入账,6.54,聚合账户,货款结算入账,小店自卖,'6925611724808682530,'6925611724808682530,'SS76307707747310802430187,2026-04-15 20:01:24,'3768979814174818449,2025新款气质大号盘发鸭嘴夹春夏发卡蝴蝶大号在成人抓夹碎发夹子,,,普通订单,3.88,0,0,3,0,0,0,0,0,0,0,0,-0.34,0,0,0,0,0,0,,0,义乌市衍郝电子商务商行,订单结算
2026-04-23 10:11:16,'2026042310111141442020350159,入账,2.96,聚合账户,货款结算入账,小店自卖,'6925686103052549203,'6925686103052549203,'SS76306843426116285540209,2026-04-18 12:50:25,'3812240028327870813,粉色双面蝴蝶结香蕉夹竖夹超温柔!气质高马尾发夹后脑勺发夹发饰,,,普通订单,0.01,0,0,2.97,0,0,0,0,0,0,0,0,-0.02,0,0,0,0,0,0,是-商品卡免佣,0.15,义乌市衍郝电子商务商行,订单结算
2026-04-23 10:11:16,'2026042310111232537810180159,入账,4.74,聚合账户,货款结算入账,小店自卖,'6925420278985620487,'6925420278985620487,'SS76306553466723415040142,2026-04-07 23:27:46,'3799023022220903050,2026新款EVA家居室内不臭脚拖鞋男士夏季踩屎感防滑洗澡凉拖女式,,,普通订单,1.99,0,0,3,0,0,0,0,0,0,0,0,-0.25,0,0,0,0,0,0,,0,义乌市衍郝电子商务商行,订单结算
2026-04-23 10:11:16,'2026042310111240815006820159,入账,4.96,聚合账户,货款结算入账,小店自卖,'6952025998851118783,'6952025998851118783,'SS76307684644708687550052,2026-04-13 13:51:10,'3806655969480540177,米菲兔巨显发量香蕉兔子后脑勺盘发百搭少女发饰时尚可爱波点大号,,,普通订单,0.49,0,0,4.5,0,0,0,0,0,0,0,0,-0.03,0,0,0,0,0,0,是-商品卡免佣,0.22,义乌市衍郝电子商务商行,订单结算
2026-04-23 10:11:29,'2026042310112700256906330159,入账,6.87,聚合账户,货款结算入账,小店自卖,'6925662911651150876,'6925662911650954268,'SS76307723553775990280090,2026-04-17 16:57:14,'3810919823941174195,中式复古洋气多层小蛮腰褶皱印花肥肠圈高端水墨皮筋耐用新款发圈,,,普通订单,6.91,0,0,0,0,0,0,0,0,0,0,0,-0.04,0,0,0,0,0,0,是-商品卡免佣,0.29,义乌市衍郝电子商务商行,订单结算
2026-04-23 10:11:29,'2026042310112539327380570159,入账,3.93,聚合账户,货款结算入账,小店自卖,'6925674279683587649,'6925674279683587649,'SS76307060795934482550050,2026-04-17 21:00:19,'3812961166053999319,ins爆款卡通蓬松夹鸭嘴夹一字夹化妆发夹超萌可爱猫咪少女刘海夹,,,普通订单,0.01,0,0,3.94,0,0,0,0,0,0,0,0,-0.02,0,0,0,0,0,0,是-商品卡免佣,0.15,义乌市衍郝电子商务商行,订单结算
2026-04-23 10:11:29,'2026042310112640029396910159,入账,5.74,聚合账户,货款结算入账,小店自卖,'6952146485364266862,'6952146485364266862,'SS76308463159536683790147,2026-04-18 09:28:26,'3812240028327870813,粉色双面蝴蝶结香蕉夹竖夹超温柔!气质高马尾发夹后脑勺发夹发饰,,,普通订单,0.01,0,0,5.76,0,0,0,0,0,0,0,0,-0.03,0,0,0,0,0,0,是-商品卡免佣,0.22,义乌市衍郝电子商务商行,订单结算
2026-04-23 10:11:29,'2026042310112530675438590159,入账,8.45,聚合账户,货款结算入账,巨量千川,'6925683718774488667,'6925683718774488667,'SS76306320464109084520001,2026-04-18 07:51:47,'3800198492568289686,买一送一爆款凉拖鞋男士夏季情侣2026新款家居防滑防臭厚底拖鞋女,,,普通订单,6.23,0,0,2.67,0,0,0,0,0,0,0,0,-0.45,0,0,0,0,0,0,,0,义乌市衍郝电子商务商行,订单结算
2026-04-23 10:11:29,'2026042310112704450432410159,入账,1.23,聚合账户,货款结算入账,小店自卖,'6952052710726440476,'6952052710726440476,'SS76307049425804662300036,2026-04-13 12:45:14,'3807956255797018943,韩国精致气质炫彩侧边夹2026年新款发夹高端夹顶刘海鸭嘴高级夹子,,,普通订单,1.24,0,0,0,0,0,0,0,0,0,0,0,-0.01,0,0,0,0,0,0,是-商品卡免佣,0.07,义乌市衍郝电子商务商行,订单结算
2026-04-23 10:11:44,'2026042310114029098194020159,入账,0.69,聚合账户,货款结算入账,小店自卖,'6925616632968608967,'6925616632968608967,'SS76307908708498806020058,2026-04-16 08:26:28,'3788303831838883893,小韩爆火高颅顶神器头饰夹子发根自然蓬松后秋森系韩系彩色大号,,,普通订单,1.2,0,0,0.5,0,0,0,0,0,0,0,-1,-0.01,0,0,0,0,0,0,是-商品卡免佣,0.07,义乌市衍郝电子商务商行,订单结算
2026-04-23 10:11:44,'2026042310114034405463550159,入账,8.45,聚合账户,货款结算入账,小店自卖,'6925546693898042584,'6925546693898042584,'SS76306671681840420100009,2026-04-12 20:34:50,'3800198492568289686,买一送一爆款凉拖鞋男士夏季情侣2026新款家居防滑防臭厚底拖鞋女,,,普通订单,5.9,0,0,3,0,0,0,0,0,0,0,0,-0.45,0,0,0,0,0,0,,0,义乌市衍郝电子商务商行,订单结算
2026-04-23 10:11:44,'2026042310114139814438660159,入账,2.96,聚合账户,货款结算入账,小店自卖,'6925666549579545763,'6925666549579545763,'SS76307937499245000030133,2026-04-17 12:42:51,'3812961166053999319,ins爆款卡通蓬松夹鸭嘴夹一字夹化妆发夹超萌可爱猫咪少女刘海夹,,,普通订单,0.01,0,0,2.97,0,0,0,0,0,0,0,0,-0.02,0,0,0,0,0,0,是-商品卡免佣,0.15,义乌市衍郝电子商务商行,订单结算
2026-04-23 10:11:44,'2026042310114106086331380159,入账,2.87,聚合账户,货款结算入账,小店自卖,'6952048059790333687,'6952048059790333687,'SS76307475516959132520126,2026-04-13 12:48:10,'3799616810156949953,绒面宽边简约高颅顶发箍秋冬网红发饰女高级感洗脸头箍发卡发带潮,,,普通订单,2.89,0,0,0,0,0,0,0,0,0,0,0,-0.02,0,0,0,0,0,0,是-商品卡免佣,0.15,义乌市衍郝电子商务商行,订单结算
2026-04-23 10:11:44,'2026042310114102611289860159,入账,2.53,聚合账户,货款结算入账,小店自卖,'6951873239425094738,'6951873239425094738,'SS76306648101419097870097,2026-04-07 22:19:07,'3809056869209735557,蝴蝶结发带女2026新款飘带头绳大肠发圈高级感扎头发皮筋发绳发饰,,,普通订单,2.55,0,0,0,0,0,0,0,0,0,0,0,-0.02,0,0,0,0,0,0,是-商品卡免佣,0.15,义乌市衍郝电子商务商行,订单结算
2026-04-23 10:13:29,'2026042310132700219712350159,入账,5.17,聚合账户,货款结算入账,小店自卖,'6952148992197071930,'6952148992197071930,'SS76308575387030658620159,2026-04-18 09:22:01,'3812961166053999319,ins爆款卡通蓬松夹鸭嘴夹一字夹化妆发夹超萌可爱猫咪少女刘海夹,,,普通订单,5.2,0,0,0,0,0,0,0,0,0,0,0,-0.03,0,0,0,0,0,0,是-商品卡免佣,0.22,义乌市衍郝电子商务商行,订单结算
2026-04-23 10:13:29,'2026042310132510709076740159,入账,4.65,聚合账户,货款结算入账,小店自卖,'6925533917671161780,'6925533917671161780,'SS76306425563905766590113,2026-04-12 16:47:51,'3800198492568289686,买一送一爆款凉拖鞋男士夏季情侣2026新款家居防滑防臭厚底拖鞋女,,,普通订单,3.43,0,0,1.47,0,0,0,0,0,0,0,0,-0.25,0,0,0,0,0,0,,0,义乌市衍郝电子商务商行,订单结算
2026-04-23 10:13:29,'2026042310132702559513600159,入账,2.83,聚合账户,货款结算入账,小店自卖,'6952143929164044099,'6952143929164044099,'SS76308383906314652260033,2026-04-17 22:40:47,'3812240028327870813,粉色双面蝴蝶结香蕉夹竖夹超温柔!气质高马尾发夹后脑勺发夹发饰,,,普通订单,2.98,0,0,0,0,0,0,0,0,0,0,0,-0.15,0,0,0,0,0,0,,0,义乌市衍郝电子商务商行,订单结算
2026-04-23 10:13:29,'2026042310132701217050000159,入账,3.47,聚合账户,货款结算入账,小店自卖,'6952140737593874087,'6952140737593874087,'SS76308494158253923990188,2026-04-17 08:20:42,'3806655969480540177,米菲兔巨显发量香蕉兔子后脑勺盘发百搭少女发饰时尚可爱波点大号,,,普通订单,0.01,0,0,3.48,0,0,0,0,0,0,0,0,-0.02,0,0,0,0,0,0,是-商品卡免佣,0.15,义乌市衍郝电子商务商行,订单结算
2026-04-23 10:13:29,'2026042310132613642798580159,入账,4.84,聚合账户,货款结算入账,小店自卖,'6925550072619433768,'6925550072619433768,'SS76306777890878100740185,2026-04-13 09:02:34,'3811106461837295881,新款五角星发夹发扣韩国少女甜美甜酷侧边夹顶刘海前额固定卡子,,,普通订单,4.87,0,0,0,0,0,0,0,0,0,0,0,-0.03,0,0,0,0,0,0,是-商品卡免佣,0.22,义乌市衍郝电子商务商行,订单结算
2026-04-23 10:13:42,'2026042310134000713694820159,入账,8.45,聚合账户,货款结算入账,小店自卖,'6925684806503268242,'6925684806503268242,'SS76307556401729380360100,2026-04-18 15:43:34,'3800198492568289686,买一送一爆款凉拖鞋男士夏季情侣2026新款家居防滑防臭厚底拖鞋女,,,普通订单,8.9,0,0,0,0,0,0,0,0,0,0,0,-0.45,0,0,0,0,0,0,,0,义乌市衍郝电子商务商行,订单结算
2026-04-23 10:13:42,'2026042310134011208302580159,入账,6.74,聚合账户,货款结算入账,小店自卖,'6925556442348158889,'6925556442348158889,'SS76307028510328796350131,2026-04-13 03:28:53,'3811855892845035634,卡通可爱云朵发箍洗脸网红同款化妆高颅发捆头饰发饰女生春夏头箍,,,普通订单,6.78,1.1,0,0,0,0,0,0,0,0,0,0,-0.04,0,0,0,0,0,0,是-商品卡免佣,0.29,义乌市衍郝电子商务商行,订单结算
2026-04-23 10:13:42,'2026042310133921353106280159,入账,3.36,聚合账户,货款结算入账,小店自卖,'6952007348244976781,'6952007348244976781,'SS76306603906710085750115,2026-04-12 20:41:27,'3812796426258350389,夏天简约随手盘发一字扭扭夹水钻抓夹高级发夹扭扭后脑勺盘发器,,,普通订单,3.38,0,0,0,0,0,0,0,0,0,0,0,-0.02,0,0,0,0,0,0,是-商品卡免佣,0.15,义乌市衍郝电子商务商行,订单结算
2026-04-23 10:13:42,'2026042310133835369948430159,入账,3.46,聚合账户,货款结算入账,小店自卖,'6925549269397437937,'6925549269397437937,'SS76306667218754647440247,2026-04-12 21:50:31,'3799990809466634691,2026新款高端刘海夹爱心撞色发夹头饰侧边碎发夹一字夹发卡发饰女,,,普通订单,3.28,0,0,0.2,0,0,0,0,0,0,0,0,-0.02,0,0,0,0,0,0,是-商品卡免佣,0.15,义乌市衍郝电子商务商行,订单结算
2026-04-23 10:13:42,'2026042310133909782730750159,入账,5.26,聚合账户,货款结算入账,小店自卖,'6925663722963894245,'6925663722963894245,'SS76308533883807667550033,2026-04-17 23:31:05,'3809625164249956608,孕妇专用防滑拖鞋女士夏季家居家室内静音浴室洗澡防臭凉拖鞋外穿,,,普通订单,5.29,0,0,0,0,0,0,0,0,0,0,0,-0.03,0,0,0,0,0,0,是-商品卡免佣,0.22,义乌市衍郝电子商务商行,订单结算
2026-04-23 10:13:42,'2026042310133928820936220159,入账,9.97,聚合账户,货款结算入账,小店自卖,'6952150098398352395,'6952150098398286859,'SS76305167168334280040036,2026-04-17 15:36:00,'3812771631437316687,买一送一拖鞋男款外出耐穿夏天居家用室内厚底防滑防臭男女凉托鞋,,,普通订单,10.03,0,0,0,0,0,0,0,0,0,0,0,-0.06,0,0,0,0,0,0,是-商品卡免佣,0.44,义乌市衍郝电子商务商行,订单结算
2026-04-23 10:13:42,'2026042310133936621524630159,入账,5.57,聚合账户,货款结算入账,小店自卖,'6952077246313862649,'6952077246313862649,'SS76307958145635661210224,2026-04-14 20:45:28,'3809056869209735557,蝴蝶结发带女2026新款飘带头绳大肠发圈高级感扎头发皮筋发绳发饰,,,普通订单,5.4,0.3,0,0.2,0,0,0,0,0,0,0,0,-0.03,0,0,0,0,0,0,是-商品卡免佣,0.22,义乌市衍郝电子商务商行,订单结算
2026-04-23 10:13:42,'2026042310133915240568820159,入账,2.75,聚合账户,货款结算入账,小店自卖,'6925546904694193749,'6925546904694193749,'SS76306667123101540340148,2026-04-12 21:54:58,'3752321970432246133,宫廷发箍设计波西米亚风发箍宽边网红洋气气质头箍红色头饰发饰,,,普通订单,2.89,0,0,0,0,0,0,0,0,0,0,0,-0.14,0,0,0,0,0,0,,0,义乌市衍郝电子商务商行,订单结算
2026-04-23 10:13:42,'2026042310133925758768990159,入账,2.24,聚合账户,货款结算入账,小店自卖,'6952161653952681414,'6952161653952681414,'SS76307620789465746110072,2026-04-17 20:22:11,'3809975766641410463,高级感水钻珠珠一字扭扭夹2026新款盘发抓夹后脑勺发量多发夹头饰,,,普通订单,2.25,0,0,0,0,0,0,0,0,0,0,0,-0.01,0,0,0,0,0,0,是-商品卡免佣,0.07,义乌市衍郝电子商务商行,订单结算
2026-04-23 10:13:42,'2026042310133910656648060159,入账,5.97,聚合账户,货款结算入账,小店自卖,'6925557932782353491,'6925557932782353491,'SS76306684812618511820240,2026-04-12 20:12:14,'3777377297783456183,毛绒布丁小熊可爱鸭嘴夹大号发夹头饰刘海后脑勺少女日系秋天超萌,,,普通订单,6.01,0,0,0,0,0,0,0,0,0,0,0,-0.04,0,0,0,0,0,0,是-商品卡免佣,0.29,义乌市衍郝电子商务商行,订单结算
2026-04-23 10:13:42,'2026042310133910654518140159,入账,5.17,聚合账户,货款结算入账,小店自卖,'6925536410183630343,'6925536410183630343,'SS76306672885237353340095,2026-04-12 17:43:17,'3812961166053999319,ins爆款卡通蓬松夹鸭嘴夹一字夹化妆发夹超萌可爱猫咪少女刘海夹,,,普通订单,5.2,0,0,0,0,0,0,0,0,0,0,0,-0.03,0,0,0,0,0,0,是-商品卡免佣,0.22,义乌市衍郝电子商务商行,订单结算
2026-04-23 10:13:42,'2026042310133933027896830159,入账,2.28,聚合账户,货款结算入账,小店自卖,'6952043350338180127,'6952043350338180127,'SS76306673398023009800238,2026-04-13 06:43:36,'3812961166053999319,ins爆款卡通蓬松夹鸭嘴夹一字夹化妆发夹超萌可爱猫咪少女刘海夹,,,普通订单,2.29,0,0,0,0,0,0,0,0,0,0,0,-0.01,0,0,0,0,0,0,是-商品卡免佣,0.07,义乌市衍郝电子商务商行,订单结算
2026-04-23 10:13:43,'2026042310134017298273690159,入账,4.87,聚合账户,货款结算入账,小店自卖,'6952000060452640731,'6952000060452640731,'SS76306426487517186820181,2026-04-12 15:20:20,'3800198492568289686,买一送一爆款凉拖鞋男士夏季情侣2026新款家居防滑防臭厚底拖鞋女,,,普通订单,4.9,0,0,0,0,0,0,0,0,0,0,0,-0.03,0,0,0,0,0,0,是-商品卡免佣,0.22,义乌市衍郝电子商务商行,订单结算
2026-04-23 10:13:43,'2026042310134005557335500159,入账,5.13,聚合账户,货款结算入账,小店自卖,'6925541170406391154,'6925541170406325618,'SS76307409300726257020192,2026-04-13 07:26:19,'3780529915473035588,头绳皮筋扎头发高弹力耐用2025新款发绳高马尾皮套超弹力无痕发圈,,,普通订单,5.16,0,0,0,0,0,0,0,0,0,0,0,-0.03,0,0,0,0,0,0,是-商品卡免佣,0.22,义乌市衍郝电子商务商行,订单结算
2026-04-23 10:13:43,'2026042310133819680138660159,入账,3.36,聚合账户,货款结算入账,小店自卖,'6952125207509669527,'6952125207509669527,'SS76306414043306729050250,2026-04-17 02:58:43,'3812796426258350389,夏天简约随手盘发一字扭扭夹水钻抓夹高级发夹扭扭后脑勺盘发器,,,普通订单,3.38,0,0,0,0,0,0,0,0,0,0,0,-0.02,0,0,0,0,0,0,是-商品卡免佣,0.15,义乌市衍郝电子商务商行,订单结算
2026-04-23 10:13:43,'2026042310134014898301950159,入账,5.45,聚合账户,货款结算入账,小店自卖,'6925559057217387780,'6925559057217387780,'SS76306792685148905300118,2026-04-13 08:52:41,'3771251637243478052,新中式珠珠扭扭夹不硌头2025新款高端后脑勺盘发夹子抓夹百搭发饰,,,普通订单,5.48,0.4,0,0,0,0,0,0,0,0,0,0,-0.03,0,0,0,0,0,0,是-商品卡免佣,0.22,义乌市衍郝电子商务商行,订单结算
2026-04-23 10:13:43,'2026042310134001259771150159,入账,8.85,聚合账户,货款结算入账,小店自卖,'6925554796493700210,'6925554796493700210,'SS76306427603336934860156,2026-04-13 02:36:34,'3800198492568289686,买一送一爆款凉拖鞋男士夏季情侣2026新款家居防滑防臭厚底拖鞋女,,,普通订单,8.9,0,0,0,0,0,0,0,0,0,0,0,-0.05,0,0,0,0,0,0,是-商品卡免佣,0.37,义乌市衍郝电子商务商行,订单结算
2026-04-23 10:13:43,'2026042310133934281436350159,入账,3.88,聚合账户,货款结算入账,小店自卖,'6952105279967139724,'6952105279967139724,'SS76306156415830106020018,2026-04-15 21:21:34,'3799023022220903050,2026新款EVA家居室内不臭脚拖鞋男士夏季踩屎感防滑洗澡凉拖女式,,,普通订单,3.9,0,0,0,0,0,0,0,0,0,0,0,-0.02,0,0,0,0,0,0,是-商品卡免佣,0.15,义乌市衍郝电子商务商行,订单结算
2026-04-23 10:13:46,'2026042310134305544020910159,入账,5.17,聚合账户,货款结算入账,小店自卖,'6925663052661423888,'6925663052661423888,'SS76308246729672793700156,2026-04-17 18:13:39,'3812961166053999319,ins爆款卡通蓬松夹鸭嘴夹一字夹化妆发夹超萌可爱猫咪少女刘海夹,,,普通订单,5.2,0,0,0,0,0,0,0,0,0,0,0,-0.03,0,0,0,0,0,0,是-商品卡免佣,0.22,义乌市衍郝电子商务商行,订单结算
2026-04-23 10:13:46,'2026042310134309565148590159,入账,4.65,聚合账户,货款结算入账,巨量千川,'6925688333428882880,'6925688333428882880,'SS76307691686445389340240,2026-04-18 12:01:20,'3800198492568289686,买一送一爆款凉拖鞋男士夏季情侣2026新款家居防滑防臭厚底拖鞋女,,,普通订单,4.9,0,0,0,0,0,0,0,0,0,0,0,-0.25,0,0,0,0,0,0,,0,义乌市衍郝电子商务商行,订单结算
2026-04-23 10:13:46,'2026042310134340537175550159,入账,8.45,聚合账户,货款结算入账,小店自卖,'6952118531500414280,'6952118531500414280,'SS76308585685516457300054,2026-04-16 23:01:03,'3800198492568289686,买一送一爆款凉拖鞋男士夏季情侣2026新款家居防滑防臭厚底拖鞋女,,,普通订单,8.9,0,0,0,0,0,0,0,0,0,0,0,-0.45,0,0,0,0,0,0,,0,义乌市衍郝电子商务商行,订单结算
2026-04-23 10:13:46,'2026042310134415687682620159,入账,1.28,聚合账户,货款结算入账,小店自卖,'6925657581037780861,'6925657581037780861,'SS76308030169370956950246,2026-04-17 04:29:03,'3752322049939472693,儿童一次性皮筋发卡神器彩色发绳夹子工具小号不伤发可爱扎头发器,,,普通订单,1.16,0.3,0,0.13,0,0,0,0,0,0,0,0,-0.01,0,0,0,0,0,0,是-商品卡免佣,0.07,义乌市衍郝电子商务商行,订单结算
2026-04-23 10:13:46,'2026042310134108567037540159,入账,1.88,聚合账户,货款结算入账,小店自卖,'6952022900761892662,'6952022900761892662,'SS76289929435458117310246,2026-04-12 22:07:56,'3811861106843059086,山茶花朵7cm小抓夹花朵抓夹玫瑰花森女小清新夏季花抓夹森系干枯,,,普通订单,3.89,0,0,0,0,0,0,0,0,0,0,-2,-0.01,0,0,0,0,0,0,是-商品卡免佣,0.07,义乌市衍郝电子商务商行,订单结算
2026-04-23 10:13:58,'2026042310135408502359420159,入账,2.96,聚合账户,货款结算入账,小店自卖,'6952024695912077067,'6952024695912077067,'SS76306672712715635580174,2026-04-12 18:49:52,'3812961166053999319,ins爆款卡通蓬松夹鸭嘴夹一字夹化妆发夹超萌可爱猫咪少女刘海夹,,,普通订单,2.98,0,0,0,0,0,0,0,0,0,0,0,-0.02,0,0,0,0,0,0,是-商品卡免佣,0.15,义乌市衍郝电子商务商行,订单结算
2026-04-23 10:13:58,'2026042310135411671800420159,入账,6.95,聚合账户,货款结算入账,小店自卖,'6925185751430627209,'6925185751430299529,'SS76307510188086113740152,2026-03-28 14:45:40,'3809627569339367610,印花小熊防滑拖鞋女士家居室内2025新款夏季洗澡家用eva静音凉拖,,,普通订单,6.99,0,0,0,0,0,0,0,0,0,0,0,-0.04,0,0,0,0,0,0,是-商品卡免佣,0.29,义乌市衍郝电子商务商行,订单结算
2026-04-23 10:13:58,'2026042310135534561072910159,入账,4.72,聚合账户,货款结算入账,小店自卖,'6925663150160772346,'6925663150160772346,'SS76306744517555491990141,2026-04-17 19:25:20,'3781078857248014463,韩国基础款小清新浅色系列麻花编织发绳粗头绳扎黑色高级大肠发圈,,,普通订单,4.75,0,0,0,0,0,0,0,0,0,0,0,-0.03,0,0,0,0,0,0,是-商品卡免佣,0.22,义乌市衍郝电子商务商行,订单结算
2026-04-23 10:13:58,'2026042310135434311380910159,入账,4.74,聚合账户,货款结算入账,小店自卖,'6925542047859375355,'6925542047859375355,'SS76306424384034573140157,2026-04-12 17:40:36,'3809625164249956608,孕妇专用防滑拖鞋女士夏季家居家室内静音浴室洗澡防臭凉拖鞋外穿,,,普通订单,4.99,0,0,0,0,0,0,0,0,0,0,0,-0.25,0,0,0,0,0,0,,0,义乌市衍郝电子商务商行,订单结算
2026-04-23 10:13:58,'2026042310135414711567460159,入账,3.87,聚合账户,货款结算入账,小店自卖,'6952149774116329004,'6952149774116329004,'SS76306628861301437700094,2026-04-17 11:55:08,'3811861106843059086,山茶花朵7cm小抓夹花朵抓夹玫瑰花森女小清新夏季花抓夹森系干枯,,,普通订单,3.89,0,0,0,0,0,0,0,0,0,0,0,-0.02,0,0,0,0,0,0,是-商品卡免佣,0.15,义乌市衍郝电子商务商行,订单结算
2026-04-23 10:13:58,'2026042310135431003937910159,入账,3.47,聚合账户,货款结算入账,小店自卖,'6925558453570207146,'6925558453570207146,'SS76306665247478418020081,2026-04-12 22:52:51,'3806655969480540177,米菲兔巨显发量香蕉兔子后脑勺盘发百搭少女发饰时尚可爱波点大号,,,普通订单,3.49,0,0,0,0,0,0,0,0,0,0,0,-0.02,0,0,0,0,0,0,是-商品卡免佣,0.15,义乌市衍郝电子商务商行,订单结算
2026-04-23 10:13:58,'2026042310135515017249370159,入账,10,聚合账户,货款结算入账,小店自卖,'6952136812524606480,'6952136812524540944,'SS76305154272691980990143,2026-04-17 15:28:20,'3812771631437316687,买一送一拖鞋男款外出耐穿夏天居家用室内厚底防滑防臭男女凉托鞋,,,普通订单,10.06,0,0,0,0,0,0,0,0,0,0,0,-0.06,0,0,0,0,0,0,是-商品卡免佣,0.44,义乌市衍郝电子商务商行,订单结算
2026-04-23 10:13:58,'2026042310135402906403930159,入账,2.97,聚合账户,货款结算入账,小店自卖,'6925574315736989614,'6925574315736989614,'SS76307406332759908360067,2026-04-13 14:20:46,'3784025743923740805,韩国气质精致百搭炫彩闪钻少女侧边夹刘大号在成人前额碎发夹子,,,普通订单,2.99,0,0,0,0,0,0,0,0,0,0,0,-0.02,0,0,0,0,0,0,是-商品卡免佣,0.15,义乌市衍郝电子商务商行,订单结算
2026-04-23 10:13:58,'2026042310135540104924540159,入账,4.96,聚合账户,货款结算入账,小店自卖,'6925546324802698529,'6925546324802698529,'SS76306420793544914180101,2026-04-12 17:18:00,'3809625164249956608,孕妇专用防滑拖鞋女士夏季家居家室内静音浴室洗澡防臭凉拖鞋外穿,,,普通订单,4.99,0,0,0,0,0,0,0,0,0,0,0,-0.03,0,0,0,0,0,0,是-商品卡免佣,0.22,义乌市衍郝电子商务商行,订单结算
2026-04-23 10:13:59,'2026042310135601735723940159,入账,7.01,聚合账户,货款结算入账,小店自卖,'6952018939170920005,'6952018939170920005,'SS76306669695278123780090,2026-04-13 07:45:29,'3800918464336625694,韩式少女心花朵发夹女2026新款甜美前额侧边发卡一字夹刘海夹发饰,,,普通订单,7.05,0.8,0,0,0,0,0,0,0,0,0,0,-0.04,0,0,0,0,0,0,是-商品卡免佣,0.29,义乌市衍郝电子商务商行,订单结算
2026-04-23 10:14:14,'2026042310141124080921960159,入账,3.31,聚合账户,货款结算入账,小店自卖,'6925597388898204960,'6925597388898204960,'SS76307265417146539980064,2026-04-15 06:53:17,'3752323501579698198,炫彩精致马尾侧边百搭气质闪钻少女顶夹刘海造型侧边夹碎发刘海夹,,,普通订单,3.33,0,0,0,0,0,0,0,0,0,0,0,-0.02,0,0,0,0,0,0,是-商品卡免佣,0.15,义乌市衍郝电子商务商行,订单结算
2026-04-23 10:14:14,'2026042310141022778028150159,入账,4.96,聚合账户,货款结算入账,小店自卖,'6952025235474355896,'6952025235474355896,'SS76306421829032839950078,2026-04-13 00:03:33,'3809625164249956608,孕妇专用防滑拖鞋女士夏季家居家室内静音浴室洗澡防臭凉拖鞋外穿,,,普通订单,4.99,0,0,0,0,0,0,0,0,0,0,0,-0.03,0,0,0,0,0,0,是-商品卡免佣,0.22,义乌市衍郝电子商务商行,订单结算
2026-04-23 10:14:14,'2026042310141026683973530159,入账,2.61,聚合账户,货款结算入账,小店自卖,'6925546909829070465,'6925546909829070465,'SS76306386337661424730170,2026-04-12 21:41:35,'3809980984917622883,韩系高马尾香蕉夹竖夹女2026新款高级感发夹后脑勺大发量发饰头饰,,,普通订单,2.63,0,0,0,0,0,0,0,0,0,0,0,-0.02,0,0,0,0,0,0,是-商品卡免佣,0.15,义乌市衍郝电子商务商行,订单结算
2026-04-23 10:14:14,'2026042310141116951058550159,入账,6.2,聚合账户,货款结算入账,小店自卖,'6925553557745663554,'6925553557745663554,'SS76307256614220761940162,2026-04-12 17:02:19,'3813155747399860401,春日甜美感丸子头慵懒风超大发饰头绳超仙韩系碎花蕾丝大肠发圈女,,,普通订单,6.24,0,0,0,0,0,0,0,0,0,0,0,-0.04,0,0,0,0,0,0,是-商品卡免佣,0.29,义乌市衍郝电子商务商行,订单结算
2026-04-23 10:14:14,'2026042310141133723681640159,入账,0.89,聚合账户,货款结算入账,小店自卖,'6952167372478093245,'6952167372478093245,'SS76308261421691374500192,2026-04-18 13:59:43,'3812961166053999319,ins爆款卡通蓬松夹鸭嘴夹一字夹化妆发夹超萌可爱猫咪少女刘海夹,,,普通订单,0.9,0,0,0,0,0,0,0,0,0,0,0,-0.01,0,0,0,0,0,0,是-商品卡免佣,0.07,义乌市衍郝电子商务商行,订单结算
2026-04-23 10:14:17,'2026042310141505411190260159,入账,2.96,聚合账户,货款结算入账,小店自卖,'6925574281253584297,'6925574281253584297,'SS76307378450028792950156,2026-04-13 13:56:17,'3812961166053999319,ins爆款卡通蓬松夹鸭嘴夹一字夹化妆发夹超萌可爱猫咪少女刘海夹,,,普通订单,2.98,0,0,0,0,0,0,0,0,0,0,0,-0.02,0,0,0,0,0,0,是-商品卡免佣,0.15,义乌市衍郝电子商务商行,订单结算
2026-04-23 10:14:17,'2026042310141330293532560159,入账,4.96,聚合账户,货款结算入账,小店自卖,'6952014217862124935,'6952014217862124935,'SS76306416794015667620115,2026-04-12 22:15:24,'3809625164249956608,孕妇专用防滑拖鞋女士夏季家居家室内静音浴室洗澡防臭凉拖鞋外穿,,,普通订单,4.99,0,0,0,0,0,0,0,0,0,0,0,-0.03,0,0,0,0,0,0,是-商品卡免佣,0.22,义乌市衍郝电子商务商行,订单结算
2026-04-23 10:14:17,'2026042310141407762250750159,入账,5.86,聚合账户,货款结算入账,小店自卖,'6925558853780405599,'6925558853780405599,'SS76306668255038840670113,2026-04-13 06:55:35,'3783078074455819331,法式黑色缎面蝴蝶结抓夹女高级感2025新款大号在成人前额碎发夹子,,,普通订单,5.9,0,0,0,0,0,0,0,0,0,0,0,-0.04,0,0,0,0,0,0,是-商品卡免佣,0.29,义乌市衍郝电子商务商行,订单结算
2026-04-23 10:14:17,'2026042310141416363686660159,入账,2.96,聚合账户,货款结算入账,小店自卖,'6925678005149138437,'6925678005149138437,'SS76307851541470420860115,2026-04-18 15:35:43,'3812961166053999319,ins爆款卡通蓬松夹鸭嘴夹一字夹化妆发夹超萌可爱猫咪少女刘海夹,,,普通订单,2.98,0,0,0,0,0,0,0,0,0,0,0,-0.02,0,0,0,0,0,0,是-商品卡免佣,0.15,义乌市衍郝电子商务商行,订单结算
2026-04-23 10:14:17,'2026042310141411497643670159,入账,2.37,聚合账户,货款结算入账,小店自卖,'6952041487167657469,'6952041487167657469,'SS76307249056268170510171,2026-04-13 13:45:05,'3807956255797018943,韩国精致气质炫彩侧边夹2026年新款发夹高端夹顶刘海鸭嘴高级夹子,,,普通订单,2.38,0,0,0,0,0,0,0,0,0,0,0,-0.01,0,0,0,0,0,0,是-商品卡免佣,0.07,义乌市衍郝电子商务商行,订单结算
2026-04-23 10:14:26,'2026042310142326691177150159,入账,3.97,聚合账户,货款结算入账,小店自卖,'6925661477610487192,'6925661477610487192,'SS76306806537646574430209,2026-04-17 19:08:50,'3809627569339367610,印花小熊防滑拖鞋女士家居室内2025新款夏季洗澡家用eva静音凉拖,,,普通订单,3.99,0,0,0,0,0,0,0,0,0,0,0,-0.02,0,0,0,0,0,0,是-商品卡免佣,0.15,义乌市衍郝电子商务商行,订单结算
2026-04-23 10:14:26,'2026042310142313429519780159,入账,9.52,聚合账户,货款结算入账,小店自卖,'6952043640470050722,'6952043640470050722,'SS76307453960667466430022,2026-04-13 09:59:08,'3809086450570494406,法式大号蕾丝网纱双层大肠发圈2026新款甜美芭蕾风百搭发绳发饰,,,普通订单,9.58,0,0,0,0,0,0,0,0,0,0,0,-0.06,0,0,0,0,0,0,是-商品卡免佣,0.44,义乌市衍郝电子商务商行,订单结算
2026-04-23 10:14:26,'2026042310142319630822760159,入账,9.93,聚合账户,货款结算入账,小店自卖,'6952038522078893252,'6952038522078893252,'SS76306668566005028340135,2026-04-12 22:42:10,'3806655969480540177,米菲兔巨显发量香蕉兔子后脑勺盘发百搭少女发饰时尚可爱波点大号,,,普通订单,9.99,0,0,0,0,0,0,0,0,0,0,0,-0.06,0,0,0,0,0,0,是-商品卡免佣,0.44,义乌市衍郝电子商务商行,订单结算
2026-04-23 10:14:26,'2026042310142336913525950159,入账,2.46,聚合账户,货款结算入账,小店自卖,'6952041518160221268,'6952041518160221268,'SS76307249558321073140109,2026-04-13 13:45:23,'3774210871656579079,小众不规则配饰撞色女新款高级感发卡爆款大号鲨鱼夹发夹气质头饰,,,普通订单,2.47,0,0,0,0,0,0,0,0,0,0,0,-0.01,0,0,0,0,0,0,是-商品卡免佣,0.07,义乌市衍郝电子商务商行,订单结算
2026-04-23 10:14:26,'2026042310142336915328190159,入账,5.07,聚合账户,货款结算入账,小店自卖,'6952013887542465984,'6952013887542465984,'SS76306666541529830920205,2026-04-12 19:05:24,'3776807804489302292,豹纹ins爱心发夹女一字夹高端碎发前额刘大号在成人前额碎发夹子,,,普通订单,5.1,0,0,0,0,0,0,0,0,0,0,0,-0.03,0,0,0,0,0,0,是-商品卡免佣,0.22,义乌市衍郝电子商务商行,订单结算
2026-04-23 10:14:38,'2026042310143438300716060159,出账,2,聚合账户,小额打款,,'6925665269240331914,'6925665269240331914,,,,,,,普通订单,0,0,0,0,0,0,0,0,0,0,0,0,0,0,0,0,0,0,0,,0,义乌市衍郝电子商务商行,商家向消费者小额打款-“其他”
2026-04-23 10:15:23,'2026042310151931972237200159,入账,3.38,聚合账户,货款结算入账,小店自卖,'6952138730988442723,'6952138730988442723,'SS76308246468368141160075,2026-04-17 13:14:57,'3812240028327870813,粉色双面蝴蝶结香蕉夹竖夹超温柔!气质高马尾发夹后脑勺发夹发饰,,,普通订单,0.01,0,0,3.39,0,0,0,0,0,0,0,0,-0.02,0,0,0,0,0,0,是-商品卡免佣,0.15,义乌市衍郝电子商务商行,订单结算
2026-04-23 10:16:16,'2026042310161316710210710159,入账,2.9,聚合账户,货款结算入账,小店自卖,'6952173415000381175,'6952173415000381175,'SS76307885654936786300121,2026-04-18 10:46:15,'3809610642873254247,法式秋冬季森系ins甜美大肠发圈经典系列发绳高级感方巾发圈发饰,,,普通订单,0.05,0,0,3,0,0,0,0,0,0,0,0,-0.15,0,0,0,0,0,0,,0,义乌市衍郝电子商务商行,订单结算
2026-04-23 10:16:16,'2026042310161332977231620159,入账,4.38,聚合账户,货款结算入账,小店自卖,'6925575284388756970,'6925575284388756970,'SS76306864816061320220224,2026-04-13 21:41:24,'3723181403114963299,小香风蝴蝶结发夹雀翎公主鸭嘴夹刘海整理边夹侧边碎发夹气质头饰,,,普通订单,4.41,0,0,0,0,0,0,0,0,0,0,0,-0.03,0,0,0,0,0,0,是-商品卡免佣,0.22,义乌市衍郝电子商务商行,订单结算
2026-04-23 10:16:16,'2026042310161233566889050159,入账,5.22,聚合账户,货款结算入账,小店自卖,'6925554846260952510,'6925554846260952510,'SS76306668860456962710241,2026-04-13 04:29:13,'3800918464336625694,韩式少女心花朵发夹女2026新款甜美前额侧边发卡一字夹刘海夹发饰,,,普通订单,5.25,0.8,0,0,0,0,0,0,0,0,0,0,-0.03,0,0,0,0,0,0,是-商品卡免佣,0.22,义乌市衍郝电子商务商行,订单结算
2026-04-23 10:16:16,'2026042310161230462118860159,入账,4.27,聚合账户,货款结算入账,小店自卖,'6925560782924644001,'6925560782924644001,'SS76306662408311447100107,2026-04-13 02:42:18,'3799616810156949953,绒面宽边简约高颅顶发箍秋冬网红发饰女高级感洗脸头箍发卡发带潮,,,普通订单,4.3,0,0,0,0,0,0,0,0,0,0,0,-0.03,0,0,0,0,0,0,是-商品卡免佣,0.22,义乌市衍郝电子商务商行,订单结算
2026-04-23 10:16:16,'2026042310161212846208000159,入账,2.3,聚合账户,货款结算入账,小店自卖,'6952067011174733320,'6952067011174733320,'SS76306378037055004570074,2026-04-14 00:12:51,'3807235160995398024,甜美闪钻豹纹猫咪发夹女碎发刘海夹子ins新款高端头饰鸭嘴夹边夹,,,普通订单,0.01,0,0,2.41,0,0,0,0,0,0,0,0,-0.12,0,0,0,0,0,0,,0,义乌市衍郝电子商务商行,订单结算
2026-04-23 10:16:28,'2026042310162518051238800159,入账,4.74,聚合账户,货款结算入账,小店自卖,'6952033970582525902,'6952033970582525902,'SS76306421636070650980015,2026-04-12 22:12:26,'3809625164249956608,孕妇专用防滑拖鞋女士夏季家居家室内静音浴室洗澡防臭凉拖鞋外穿,,,普通订单,4.99,0,0,0,0,0,0,0,0,0,0,0,-0.25,0,0,0,0,0,0,,0,义乌市衍郝电子商务商行,订单结算
2026-04-23 10:16:28,'2026042310162538253366220159,入账,3.23,聚合账户,货款结算入账,小店自卖,'6925557385738878368,'6925557385738878368,'SS76307257734056023580119,2026-04-13 13:01:23,'3809975766641410463,高级感水钻珠珠一字扭扭夹2026新款盘发抓夹后脑勺发量多发夹头饰,,,普通订单,3.25,0,0,0,0,0,0,0,0,0,0,0,-0.02,0,0,0,0,0,0,是-商品卡免佣,0.15,义乌市衍郝电子商务商行,订单结算
2026-04-23 10:16:29,'2026042310162601517655560159,入账,4.93,聚合账户,货款结算入账,小店自卖,'6952126709034456566,'6952126709034456566,'SS76308106020505891840140,2026-04-16 19:27:33,'3811860441341232019,踩屎感拖鞋2026夏季eva浴室防滑情侣软底厚底居家室内凉拖鞋男夏,,,普通订单,5.19,0,0,0,0,0,0,0,0,0,0,0,-0.26,0,0,0,0,0,0,,0,义乌市衍郝电子商务商行,订单结算
2026-04-23 10:16:29,'2026042310162525755162120159,入账,2.84,聚合账户,货款结算入账,小店自卖,'6952022842352079944,'6952022842352079944,'SS76306667580353131780185,2026-04-12 21:28:08,'3811102963569655948,春夏撞色蝴蝶结发夹发卡女后脑勺2026新款气质大号盘发鸭嘴夹发饰,,,普通订单,0.01,0,0,2.98,0,0,0,0,0,0,0,0,-0.15,0,0,0,0,0,0,,0,义乌市衍郝电子商务商行,订单结算
2026-04-23 10:16:29,'2026042310162512926492500159,入账,4.55,聚合账户,货款结算入账,小店自卖,'6952016162528171045,'6952016162528171045,'SS76306665787624330640186,2026-04-12 19:55:42,'3807235160995398024,甜美闪钻豹纹猫咪发夹女碎发刘海夹子ins新款高端头饰鸭嘴夹边夹,,,普通订单,2.79,0,0,2,0,0,0,0,0,0,0,0,-0.24,0,0,0,0,0,0,,0,义乌市衍郝电子商务商行,订单结算
2026-04-23 10:16:41,'2026042310163734568932240159,入账,3.12,聚合账户,货款结算入账,小店自卖,'6952036553165182187,'6952036553165182187,'SS76306665456323958220025,2026-04-13 07:46:02,'3806655969480540177,米菲兔巨显发量香蕉兔子后脑勺盘发百搭少女发饰时尚可爱波点大号,,,普通订单,0.01,0,0,3.13,0,0,0,0,0,0,0,0,-0.02,0,0,0,0,0,0,是-商品卡免佣,0.15,义乌市衍郝电子商务商行,订单结算
2026-04-23 10:16:41,'2026042310163741209697680159,入账,3.36,聚合账户,货款结算入账,小店自卖,'6952018543004357873,'6952018543004357873,'SS76306607579959792830173,2026-04-12 22:38:40,'3812796426258350389,夏天简约随手盘发一字扭扭夹水钻抓夹高级发夹扭扭后脑勺盘发器,,,普通订单,3.38,0,0,0,0,0,0,0,0,0,0,0,-0.02,0,0,0,0,0,0,是-商品卡免佣,0.15,义乌市衍郝电子商务商行,订单结算
2026-04-23 10:16:41,'2026042310163829402404180159,入账,3.54,聚合账户,货款结算入账,小店自卖,'6952026006471513745,'6952026006471513745,'SS76307248872628557140171,2026-04-13 14:02:03,'3799240809392504924,韩国东大门同款碎发夹气质水钻侧边刘海夹子女高颜值发卡头饰BB夹,,,普通订单,3.56,0,0,0,0,0,0,0,0,0,0,0,-0.02,0,0,0,0,0,0,是-商品卡免佣,0.15,义乌市衍郝电子商务商行,订单结算
2026-04-23 10:16:41,'2026042310163811244180570159,入账,8.2,聚合账户,货款结算入账,小店自卖,'6925550078315560225,'6925550078315560225,'SS76307365320052902660163,2026-04-13 08:40:29,'3807214433365787096,气质新款简约抓夹大号发量多2026发夹女后脑勺鲨鱼夹高级感头饰,,,普通订单,8.25,0,0,0,0,0,0,0,0,0,0,0,-0.05,0,0,0,0,0,0,是-商品卡免佣,0.37,义乌市衍郝电子商务商行,订单结算
2026-04-23 10:16:41,'2026042310163729961917940159,入账,2.87,聚合账户,货款结算入账,小店自卖,'6925540244816297052,'6925540244816297052,'SS76307228224863936460040,2026-04-12 20:20:21,'3752323855864168814,飘带齿梳发箍波浪高颅顶高颅顶宫廷编发发箍女复红色蝴蝶结发饰,,,普通订单,2.89,0,0,0,0,0,0,0,0,0,0,0,-0.02,0,0,0,0,0,0,是-商品卡免佣,0.15,义乌市衍郝电子商务商行,订单结算
2026-04-23 10:16:55,'2026042310165039436989940159,入账,4.86,聚合账户,货款结算入账,小店自卖,'6925541003485084893,'6925541003485084893,'SS76306668281359775180228,2026-04-13 03:14:37,'3811102963569655948,春夏撞色蝴蝶结发夹发卡女后脑勺2026新款气质大号盘发鸭嘴夹发饰,,,普通订单,4.89,0,0,0,0,0,0,0,0,0,0,0,-0.03,0,0,0,0,0,0,是-商品卡免佣,0.22,义乌市衍郝电子商务商行,订单结算
2026-04-23 10:16:55,'2026042310165214199362650159,入账,2.83,聚合账户,货款结算入账,小店自卖,'6925681108807941392,'6925681108807941392,'SS76307068655585369790240,2026-04-18 00:00:15,'3812240028327870813,粉色双面蝴蝶结香蕉夹竖夹超温柔!气质高马尾发夹后脑勺发夹发饰,,,普通订单,0.01,0,0,2.97,0,0,0,0,0,0,0,0,-0.15,0,0,0,0,0,0,,0,义乌市衍郝电子商务商行,订单结算
2026-04-23 10:16:55,'2026042310165234899768830159,入账,3.61,聚合账户,货款结算入账,小店自卖,'6925547570390466368,'6925547570390466368,'SS76306668279041728100152,2026-04-13 06:46:17,'3783078074455819331,法式黑色缎面蝴蝶结抓夹女高级感2025新款大号在成人前额碎发夹子,,,普通订单,0.01,0,0,3.79,0,0,0,0,0,0,0,0,-0.19,0,0,0,0,0,0,,0,义乌市衍郝电子商务商行,订单结算
2026-04-23 10:16:55,'2026042310165035831155290159,入账,8.85,聚合账户,货款结算入账,小店自卖,'6925545195896142986,'6925545195896142986,'SS76306424700203218350159,2026-04-12 23:06:43,'3800198492568289686,买一送一爆款凉拖鞋男士夏季情侣2026新款家居防滑防臭厚底拖鞋女,,,普通订单,1.9,0,0,7,0,0,0,0,0,0,0,0,-0.05,0,0,0,0,0,0,是-商品卡免佣,0.37,义乌市衍郝电子商务商行,订单结算
2026-04-23 10:16:55,'2026042310165134276810390159,入账,5.07,聚合账户,货款结算入账,小店自卖,'6952032286034564363,'6952032286034564363,'SS76307002254865866580174,2026-04-13 08:32:26,'3807216817156522080,抓夹大号发量大发夹女后脑勺鲨鱼夹发卡2026新款盘发韩系夹子头饰,,,普通订单,5.1,0,0,0,0,0,0,0,0,0,0,0,-0.03,0,0,0,0,0,0,是-商品卡免佣,0.22,义乌市衍郝电子商务商行,订单结算
2026-04-23 10:18:09,'2026042310180423328527860159,入账,8.85,聚合账户,货款结算入账,小店自卖,'6952168395883746641,'6952168395883746641,'SS76306804772128694270115,2026-04-18 01:13:57,'3800198492568289686,买一送一爆款凉拖鞋男士夏季情侣2026新款家居防滑防臭厚底拖鞋女,,,普通订单,8.9,0,0,0,0,0,0,0,0,0,0,0,-0.05,0,0,0,0,0,0,是-商品卡免佣,0.37,义乌市衍郝电子商务商行,订单结算
2026-04-23 10:18:09,'2026042310180624623068260159,入账,3.88,聚合账户,货款结算入账,小店自卖,'6952009813301729078,'6952009813301729078,'SS76306668940954547200193,2026-04-12 22:45:23,'3810400437908144201,2026新款发夹头饰适合发量少的抓夹女高级感后脑勺鲨鱼夹发卡夹子,,,普通订单,3.9,0,0,0,0,0,0,0,0,0,0,0,-0.02,0,0,0,0,0,0,是-商品卡免佣,0.15,义乌市衍郝电子商务商行,订单结算
2026-04-23 10:18:09,'2026042310180624456893940159,入账,4.65,聚合账户,货款结算入账,小店自卖,'6952139719489295709,'6952139719489295709,'SS76307732694238828150073,2026-04-18 03:25:17,'3800198492568289686,买一送一爆款凉拖鞋男士夏季情侣2026新款家居防滑防臭厚底拖鞋女,,,普通订单,4.9,0,0,0,0,0,0,0,0,0,0,0,-0.25,0,0,0,0,0,0,,0,义乌市衍郝电子商务商行,订单结算
2026-04-23 10:18:09,'2026042310180629448604540159,入账,3.23,聚合账户,货款结算入账,小店自卖,'6952027322912085149,'6952027322912085149,'SS76306667431288179830046,2026-04-12 20:30:51,'3809975766641410463,高级感水钻珠珠一字扭扭夹2026新款盘发抓夹后脑勺发量多发夹头饰,,,普通订单,3.25,0,0,0,0,0,0,0,0,0,0,0,-0.02,0,0,0,0,0,0,是-商品卡免佣,0.15,义乌市衍郝电子商务商行,订单结算
2026-04-23 10:18:09,'2026042310180622279790170159,入账,9.02,聚合账户,货款结算入账,小店自卖,'6952150098398483467,'6952150098398286859,'SS76305167192571251700031,2026-04-17 15:36:00,'3809632216561090850,买一送一拖鞋男款外出耐穿夏天居家用室内厚底防滑防臭男女凉托鞋,,,普通订单,9.07,0,0,0,0,0,0,0,0,0,0,0,-0.05,0,0,0,0,0,0,是-商品卡免佣,0.37,义乌市衍郝电子商务商行,订单结算
2026-04-23 10:18:26,'2026042310182321232033380159,入账,7.63,聚合账户,货款结算入账,小店自卖,'6925562617630457287,'6925562617630457287,'SS76307001266966371840154,2026-04-13 09:27:31,'3807216817156522080,抓夹大号发量大发夹女后脑勺鲨鱼夹发卡2026新款盘发韩系夹子头饰,,,普通订单,7.68,0,0,0,0,0,0,0,0,0,0,0,-0.05,0,0,0,0,0,0,是-商品卡免佣,0.37,义乌市衍郝电子商务商行,订单结算
2026-04-23 10:18:26,'2026042310182407104804100159,入账,2.86,聚合账户,货款结算入账,小店自卖,'6925172873496067242,'6925172873496067242,'SS76306973565200474110212,2026-03-28 10:53:21,'3797749369206342546,豹纹大肠发圈高级小众手工韩国新款头绳编织显发量马尾丸子头发绳,,,普通订单,2.88,0,0,0,0,0,0,0,0,0,0,0,-0.02,0,0,0,0,0,0,是-商品卡免佣,0.15,义乌市衍郝电子商务商行,订单结算
2026-04-23 10:18:26,'2026042310182413328594010159,入账,9.71,聚合账户,货款结算入账,小店自卖,'6925673947079016011,'6925673947078688331,'SS76308389145006251610045,2026-04-17 17:43:07,'3812994604597379368,韩系重工藏青色爱心蕾丝四层大肠发圈女高级感超大扎头发头绳头饰,,,普通订单,9.77,0,0,0,0,0,0,0,0,0,0,0,-0.06,0,0,0,0,0,0,是-商品卡免佣,0.44,义乌市衍郝电子商务商行,订单结算
2026-04-23 10:18:26,'2026042310182337838239100159,入账,5.26,聚合账户,货款结算入账,小店自卖,'6925656284241100008,'6925656284241100008,'SS76306719742972605820109,2026-04-17 10:28:16,'3809625164249956608,孕妇专用防滑拖鞋女士夏季家居家室内静音浴室洗澡防臭凉拖鞋外穿,,,普通订单,5.29,0,0,0,0,0,0,0,0,0,0,0,-0.03,0,0,0,0,0,0,是-商品卡免佣,0.22,义乌市衍郝电子商务商行,订单结算
2026-04-23 10:18:27,'2026042310182408332746430159,入账,5.22,聚合账户,货款结算入账,小店自卖,'6951899811727874002,'6951899811727874002,'SS76306647405370291300091,2026-04-07 22:02:30,'3659542706419563442,在逃公主大蝴蝶结抓夹马尾黑色双面发饰鲨鱼夹子发夹女后脑勺发卡,,,普通订单,5.25,0,0,0,0,0,0,0,0,0,0,0,-0.03,0,0,0,0,0,0,是-商品卡免佣,0.22,义乌市衍郝电子商务商行,订单结算
2026-04-23 10:18:39,'2026042310183628080545780159,入账,4.46,聚合账户,货款结算入账,小店自卖,'6952021236585927952,'6952021236585927952,'SS76306422616800998920154,2026-04-12 23:05:59,'3800204625789977042,儿童拖鞋男童夏季外穿2025新款室内家居浴室亲子中大童小孩凉拖男,,,普通订单,0.01,0,0,4.48,0,0,0,0,0,0,0,0,-0.03,0,0,0,0,0,0,是-商品卡免佣,0.22,义乌市衍郝电子商务商行,订单结算
2026-04-23 10:18:44,'2026042310184041622244300159,入账,3.84,聚合账户,货款结算入账,小店自卖,'6952031863028651891,'6952031863028651891,'SS76306669060353561690000,2026-04-12 23:02:18,'3807380871913276292,刘海夹前额碎发夹高级感2026新款鸭嘴夹头饰边夹侧边碎发整理神器,,,普通订单,3.86,0,0,0,0,0,0,0,0,0,0,0,-0.02,0,0,0,0,0,0,是-商品卡免佣,0.15,义乌市衍郝电子商务商行,订单结算
2026-04-23 10:18:44,'2026042310184009657226340159,入账,3.65,聚合账户,货款结算入账,小店自卖,'6952058065850799815,'6952058065850799815,'SS76307334621190065160137,2026-04-14 03:52:52,'3797568456468070758,学院风韩系蝴蝶结蓝色格洋气简约金标鲨鱼后脑勺盘发夹子发饰格子,,,普通订单,3.67,0,0,0,0,0,0,0,0,0,0,0,-0.02,0,0,0,0,0,0,是-商品卡免佣,0.15,义乌市衍郝电子商务商行,订单结算
2026-04-23 10:18:44,'2026042310184109398850940159,入账,8.85,聚合账户,货款结算入账,小店自卖,'6925556521005710513,'6925556521005710513,'SS76306671990636262860081,2026-04-13 06:22:40,'3800198492568289686,买一送一爆款凉拖鞋男士夏季情侣2026新款家居防滑防臭厚底拖鞋女,,,普通订单,8.9,0,0,0,0,0,0,0,0,0,0,0,-0.05,0,0,0,0,0,0,是-商品卡免佣,0.37,义乌市衍郝电子商务商行,订单结算
2026-04-23 10:18:44,'2026042310184130370695770159,入账,4.96,聚合账户,货款结算入账,小店自卖,'6952158270670968093,'6952158270670968093,'SS76308451805682081910040,2026-04-18 13:05:39,'3777378186900406322,卡通小熊毛绒侧边夹女大号刘海发夹可爱发卡儿童碎发鸭嘴夹子头,,,普通订单,4.99,0,0,0,0,0,0,0,0,0,0,0,-0.03,0,0,0,0,0,0,是-商品卡免佣,0.22,义乌市衍郝电子商务商行,订单结算
2026-04-23 10:18:44,'2026042310184221099159300159,入账,3.97,聚合账户,货款结算入账,小店自卖,'6952026997706724922,'6952026997706724922,'SS76306672170273223740025,2026-04-12 17:22:12,'3809625164249956608,孕妇专用防滑拖鞋女士夏季家居家室内静音浴室洗澡防臭凉拖鞋外穿,,,普通订单,3.99,0,0,0,0,0,0,0,0,0,0,0,-0.02,0,0,0,0,0,0,是-商品卡免佣,0.15,义乌市衍郝电子商务商行,订单结算
2026-04-23 10:18:58,'2026042310185338516864090159,入账,5.17,聚合账户,货款结算入账,小店自卖,'6925653165711326457,'6925653165711326457,'SS76306684356342910070219,2026-04-16 22:20:17,'3812961166053999319,ins爆款卡通蓬松夹鸭嘴夹一字夹化妆发夹超萌可爱猫咪少女刘海夹,,,普通订单,5.2,0,0,0,0,0,0,0,0,0,0,0,-0.03,0,0,0,0,0,0,是-商品卡免佣,0.22,义乌市衍郝电子商务商行,订单结算
2026-04-23 10:18:58,'2026042310185517323013550159,入账,3.38,聚合账户,货款结算入账,小店自卖,'6952030561270240967,'6952030561270240967,'SS76307407661129774350088,2026-04-13 14:33:03,'3783072477903716812,饱满花型高级感抓夹大号夹子蝴蝶结发夹后大号在成人大号毛绒发卡,,,普通订单,0.4,0,0,3,0,0,0,0,0,0,0,0,-0.02,0,0,0,0,0,0,是-商品卡免佣,0.15,义乌市衍郝电子商务商行,订单结算
2026-04-23 10:18:58,'2026042310185509485688580159,入账,4.52,聚合账户,货款结算入账,小店自卖,'6925683945174564738,'6925683945174564738,'SS76307513571625047300081,2026-04-18 09:42:02,'3807217918840799504,新款百搭2026可爱小狗香蕉夹竖夹发夹脑勺扭扭夹高马尾抓夹高级感,,,普通订单,4.55,0,0,0,0,0,0,0,0,0,0,0,-0.03,0,0,0,0,0,0,是-商品卡免佣,0.22,义乌市衍郝电子商务商行,订单结算
2026-04-23 10:18:58,'2026042310185428620273150159,入账,5.65,聚合账户,货款结算入账,小店自卖,'6925558615251123880,'6925558615251123880,'SS76306668322571924980003,2026-04-13 00:09:11,'3812796426258350389,夏天简约随手盘发一字扭扭夹水钻抓夹高级发夹扭扭后脑勺盘发器,,,普通订单,5.68,0,0,0,0,0,0,0,0,0,0,0,-0.03,0,0,0,0,0,0,是-商品卡免佣,0.22,义乌市衍郝电子商务商行,订单结算
2026-04-23 10:18:58,'2026042310185517912837630159,入账,2.1,聚合账户,货款结算入账,小店自卖,'6925681272448777485,'6925681272448777485,'SS76308078529530147940144,2026-04-18 04:56:46,'3812240028327870813,粉色双面蝴蝶结香蕉夹竖夹超温柔!气质高马尾发夹后脑勺发夹发饰,,,普通订单,0.01,0,0,2.2,0,0,0,0,0,0,0,0,-0.11,0,0,0,0,0,0,,0,义乌市衍郝电子商务商行,订单结算
2026-04-23 10:19:01,'2026042310185734821742620159,入账,5.65,聚合账户,货款结算入账,小店自卖,'6952014693875914172,'6952014693875914172,'SS76306631036265477620206,2026-04-13 08:23:31,'3782888475330740360,可爱毛绒米菲兔大号魔术贴卡通hellokitty发饰刘海碎发刘海贴神器,,,普通订单,5.68,0.3,0,0,0,0,0,0,0,0,0,0,-0.03,0,0,0,0,0,0,是-商品卡免佣,0.22,义乌市衍郝电子商务商行,订单结算
2026-04-23 10:19:01,'2026042310185804168256410159,入账,6.94,聚合账户,货款结算入账,小店自卖,'6952029329862170233,'6952029329862170233,'SS76306667468858987620143,2026-04-12 20:31:55,'3780849912053366920,超可爱的kt猫脑袋碎发魔术贴发卡化妆敷面膜无痕刘海贴粘发贴发饰,,,普通订单,6.98,0,0,0,0,0,0,0,0,0,0,0,-0.04,0,0,0,0,0,0,是-商品卡免佣,0.29,义乌市衍郝电子商务商行,订单结算
2026-04-23 10:19:01,'2026042310185729329700110159,入账,3.59,聚合账户,货款结算入账,小店自卖,'6925560100277747433,'6925560100277747433,'SS76306678284423378010184,2026-04-12 20:52:46,'3797749369206342546,豹纹大肠发圈高级小众手工韩国新款头绳编织显发量马尾丸子头发绳,,,普通订单,3.61,0,0,0,0,0,0,0,0,0,0,0,-0.02,0,0,0,0,0,0,是-商品卡免佣,0.15,义乌市衍郝电子商务商行,订单结算
2026-04-23 10:19:01,'2026042310185419535672680159,入账,5.46,聚合账户,货款结算入账,小店自卖,'6951998098175956642,'6951998098175956642,'SS76306666530758167190081,2026-04-12 17:56:33,'3806655969480540177,米菲兔巨显发量香蕉兔子后脑勺盘发百搭少女发饰时尚可爱波点大号,,,普通订单,5.49,0,0,0,0,0,0,0,0,0,0,0,-0.03,0,0,0,0,0,0,是-商品卡免佣,0.22,义乌市衍郝电子商务商行,订单结算
2026-04-23 10:19:35,'2026042310193132184404570159,入账,4.83,聚合账户,货款结算入账,小店自卖,'6925634633299427146,'6925634633299427146,'SS76307721577520827340111,2026-04-16 12:48:47,'3754925109299773553,新款韩国水钻彩色水晶手链爆款洋气发圈头绳女发绳高级感皮筋马尾,,,普通订单,4.86,0,0,0,0,0,0,0,0,0,0,0,-0.03,0,0,0,0,0,0,是-商品卡免佣,0.22,义乌市衍郝电子商务商行,订单结算
2026-04-23 10:19:35,'2026042310193123747794270159,入账,3.63,聚合账户,货款结算入账,小店自卖,'6952062564018623635,'6952062564018623635,'SS76308188054811653520241,2026-04-14 06:32:43,'3811094049524416689,韩国时尚高级感印花大肠发圈女2026新款气质马尾皮筋弹力耐用头绳,,,普通订单,0.65,0,0,3,0,0,0,0,0,0,0,0,-0.02,0,0,0,0,0,0,是-商品卡免佣,0.15,义乌市衍郝电子商务商行,订单结算
2026-04-23 10:19:35,'2026042310193118685015390159,入账,9.92,聚合账户,货款结算入账,小店自卖,'6952028186605786329,'6952028186605786329,'SS76306794857264788480184,2026-04-13 10:35:52,'3813155747399860401,春日甜美感丸子头慵懒风超大发饰头绳超仙韩系碎花蕾丝大肠发圈女,,,普通订单,9.98,0,0,0,0,0,0,0,0,0,0,0,-0.06,0,0,0,0,0,0,是-商品卡免佣,0.44,义乌市衍郝电子商务商行,订单结算
2026-04-23 10:19:35,'2026042310193114304220500159,入账,2.17,聚合账户,货款结算入账,小店自卖,'6952015778887439805,'6952015778887439805,'SS76306636242279675280108,2026-04-12 15:54:13,'3786031401200124187,可爱甜美kitty网红秋冬发夹夹头发发卡ins后秋森系韩系彩色大号,,,普通订单,0.57,0.3,0,1.71,0,0,0,0,0,0,0,0,-0.11,0,0,0,0,0,0,,0,义乌市衍郝电子商务商行,订单结算
2026-04-23 10:19:35,'2026042310193112005056260159,入账,4.77,聚合账户,货款结算入账,小店自卖,'6925670988773490550,'6925670988773490550,'SS76307730213090757220250,2026-04-17 11:10:01,'3812240028327870813,粉色双面蝴蝶结香蕉夹竖夹超温柔!气质高马尾发夹后脑勺发夹发饰,,,普通订单,0.01,0,0,4.79,0,0,0,0,0,0,0,0,-0.03,0,0,0,0,0,0,是-商品卡免佣,0.22,义乌市衍郝电子商务商行,订单结算
2026-04-23 10:20:46,'2026042310204310429117820159,入账,8.45,聚合账户,货款结算入账,小店自卖,'6925564810436181678,'6925564810436181678,'SS76307389921927007240161,2026-04-13 10:34:31,'3800198492568289686,买一送一爆款凉拖鞋男士夏季情侣2026新款家居防滑防臭厚底拖鞋女,,,普通订单,6.9,0,0,2,0,0,0,0,0,0,0,0,-0.45,0,0,0,0,0,0,,0,义乌市衍郝电子商务商行,订单结算
2026-04-23 10:24:18,'2026042310241424550280180159,入账,4.65,聚合账户,货款结算入账,小店自卖,'6925554900889730218,'6925554900889730218,'SS76306427166458844430226,2026-04-13 06:21:34,'3800198492568289686,买一送一爆款凉拖鞋男士夏季情侣2026新款家居防滑防臭厚底拖鞋女,,,普通订单,1.9,0,0,3,0,0,0,0,0,0,0,0,-0.25,0,0,0,0,0,0,,0,义乌市衍郝电子商务商行,订单结算
2026-04-23 10:24:18,'2026042310241440826801000159,入账,4.74,聚合账户,货款结算入账,小店自卖,'6952027414073775923,'6952027414073775923,'SS76306421453515328060119,2026-04-12 21:17:35,'3809625164249956608,孕妇专用防滑拖鞋女士夏季家居家室内静音浴室洗澡防臭凉拖鞋外穿,,,普通订单,3.5,0,0,1.49,0,0,0,0,0,0,0,0,-0.25,0,0,0,0,0,0,,0,义乌市衍郝电子商务商行,订单结算
2026-04-23 10:24:18,'2026042310241507477703870159,入账,6.18,聚合账户,货款结算入账,小店自卖,'6952036223159899221,'6952036223159899221,'SS76307404651299517980031,2026-04-12 22:54:45,'3807214433365787096,气质新款简约抓夹大号发量多2026发夹女后脑勺鲨鱼夹高级感头饰,,,普通订单,6.22,0,0,0,0,0,0,0,0,0,0,0,-0.04,0,0,0,0,0,0,是-商品卡免佣,0.29,义乌市衍郝电子商务商行,订单结算
2026-04-23 10:24:18,'2026042310241326764948840159,入账,4.96,聚合账户,货款结算入账,小店自卖,'6952012282014209311,'6952012282014143775,'SS76306671764252761950226,2026-04-12 22:30:41,'3809625164249956608,孕妇专用防滑拖鞋女士夏季家居家室内静音浴室洗澡防臭凉拖鞋外穿,,,普通订单,4.99,0,0,0,0,0,0,0,0,0,0,0,-0.03,0,0,0,0,0,0,是-商品卡免佣,0.22,义乌市衍郝电子商务商行,订单结算
2026-04-23 10:24:18,'2026042310241341320456220159,入账,4.27,聚合账户,货款结算入账,小店自卖,'6952029210612340238,'6952029210612340238,'SS76306666093795418140111,2026-04-12 19:58:31,'3752321970432246133,宫廷发箍设计波西米亚风发箍宽边网红洋气气质头箍红色头饰发饰,,,普通订单,4.3,0,0,0,0,0,0,0,0,0,0,0,-0.03,0,0,0,0,0,0,是-商品卡免佣,0.22,义乌市衍郝电子商务商行,订单结算
2026-04-23 10:24:18,'2026042310241413089016700159,入账,3.43,聚合账户,货款结算入账,小店自卖,'6925544938979819400,'6925544938979819400,'SS76306678653432302620010,2026-04-12 21:50:40,'3797749369206342546,豹纹大肠发圈高级小众手工韩国新款头绳编织显发量马尾丸子头发绳,,,普通订单,0.61,0,0,3,0,0,0,0,0,0,0,0,-0.18,0,0,0,0,0,0,,0,义乌市衍郝电子商务商行,订单结算
2026-04-23 10:24:18,'2026042310241425212521420159,入账,5.07,聚合账户,货款结算入账,小店自卖,'6925656535031906168,'6925656535031906168,'SS76306631814303747060072,2026-04-17 12:27:38,'3776807804489302292,豹纹ins爱心女一字夹高端碎发发夹女款2026新款网红爆款,,,普通订单,5.1,0,0,0,0,0,0,0,0,0,0,0,-0.03,0,0,0,0,0,0,是-商品卡免佣,0.22,义乌市衍郝电子商务商行,订单结算
2026-04-23 10:24:18,'2026042310241402528545640159,入账,6.83,聚合账户,货款结算入账,小店自卖,'6952067715322943079,'6952067715322943079,'SS76306448961870280180024,2026-04-14 13:13:37,'3811106461837295881,新款五角星发夹发扣韩国少女甜美甜酷侧边夹顶刘海前额固定卡子,,,普通订单,6.87,0,0,0,0,0,0,0,0,0,0,0,-0.04,0,0,0,0,0,0,是-商品卡免佣,0.29,义乌市衍郝电子商务商行,订单结算
2026-04-23 10:24:18,'2026042310241502879168090159,入账,4.76,聚合账户,货款结算入账,小店自卖,'6925675823511731450,'6925675823511731450,'SS76306745129963525460246,2026-04-17 15:47:50,'3807235160995398024,甜美闪钻豹纹猫咪发夹女碎发刘海夹子ins新款高端头饰鸭嘴夹边夹,,,普通订单,4.79,0,0,0,0,0,0,0,0,0,0,0,-0.03,0,0,0,0,0,0,是-商品卡免佣,0.22,义乌市衍郝电子商务商行,订单结算
2026-04-23 10:24:18,'2026042310241331472361460159,入账,6.09,聚合账户,货款结算入账,小店自卖,'6925570260491599668,'6925570260491599668,'SS76307365914274209620148,2026-04-13 15:03:19,'3752323576548688241,中国风孔雀盘发器女生古典旗袍发饰丸子懒人高级感饰品优雅发夹女,,,普通订单,6.41,0,0,0,0,0,0,0,0,0,0,0,-0.32,0,0,0,0,0,0,,0,义乌市衍郝电子商务商行,订单结算
2026-04-23 10:24:29,'2026042310242620305352060159,入账,4.47,聚合账户,货款结算入账,小店自卖,'6925680752158408402,'6925680752158408402,'SS76308042884658465820164,2026-04-17 21:47:41,'3772322067672858861,玫瑰花朵小抓夹女精灵耳发夹高颅顶刘海夹侧边夹后脑勺半扎发夹子,,,普通订单,4.5,0.3,0,0,0,0,0,0,0,0,0,0,-0.03,0,0,0,0,0,0,是-商品卡免佣,0.22,义乌市衍郝电子商务商行,订单结算
2026-04-23 10:24:29,'2026042310242634571395100159,入账,8.85,聚合账户,货款结算入账,小店自卖,'6952074947044382437,'6952074947044382437,'SS76308544504034923860169,2026-04-14 21:54:59,'3800198492568289686,买一送一爆款凉拖鞋男士夏季情侣2026新款家居防滑防臭厚底拖鞋女,,,普通订单,8.9,0,0,0,0,0,0,0,0,0,0,0,-0.05,0,0,0,0,0,0,是-商品卡免佣,0.37,义乌市衍郝电子商务商行,订单结算
2026-04-23 10:24:29,'2026042310242534507166980159,入账,3.97,聚合账户,货款结算入账,小店自卖,'6925554016097238588,'6925554016097238588,'SS76306422142788247500233,2026-04-12 20:16:35,'3809625164249956608,孕妇专用防滑拖鞋女士夏季家居家室内静音浴室洗澡防臭凉拖鞋外穿,,,普通订单,3.99,0,0,0,0,0,0,0,0,0,0,0,-0.02,0,0,0,0,0,0,是-商品卡免佣,0.15,义乌市衍郝电子商务商行,订单结算
2026-04-23 10:24:29,'2026042310242637293102510159,入账,2.97,聚合账户,货款结算入账,小店自卖,'6952000428976576483,'6952000428976576483,'SS76306680389057459660105,2026-04-12 19:25:59,'3812438526650351850,韩版网纱蝴蝶结抓夹2026新款水晶刘海夹侧边夹气质优雅公主夹蓬松,,,普通订单,2.99,0,0,0,0,0,0,0,0,0,0,0,-0.02,0,0,0,0,0,0,是-商品卡免佣,0.15,义乌市衍郝电子商务商行,订单结算
2026-04-23 10:24:29,'2026042310242501357258870159,入账,4.96,聚合账户,货款结算入账,小店自卖,'6952031748937946452,'6952031748937946452,'SS76306422536656161380051,2026-04-12 22:21:00,'3809625164249956608,孕妇专用防滑拖鞋女士夏季家居家室内静音浴室洗澡防臭凉拖鞋外穿,,,普通订单,4.99,0,0,0,0,0,0,0,0,0,0,0,-0.03,0,0,0,0,0,0,是-商品卡免佣,0.22,义乌市衍郝电子商务商行,订单结算
2026-04-23 10:24:45,'2026042310244225306281460159,入账,3.18,聚合账户,货款结算入账,小店自卖,'6925562000855498249,'6925562000855498249,'SS76307407626913101140219,2026-04-13 14:45:31,'3774210871656579079,小众不规则配饰撞色女新款高级感发卡爆款大号鲨鱼夹发夹气质头饰,,,普通订单,3.2,0,0,0,0,0,0,0,0,0,0,0,-0.02,0,0,0,0,0,0,是-商品卡免佣,0.15,义乌市衍郝电子商务商行,订单结算
2026-04-23 10:24:45,'2026042310244208664561140159,入账,2.65,聚合账户,货款结算入账,小店自卖,'6952028296225756189,'6952028296225756189,'SS76307428533335002020232,2026-04-13 10:38:55,'3807217918840799504,新款百搭2026可爱小狗香蕉夹竖夹发夹脑勺扭扭夹高马尾抓夹高级感,,,普通订单,2.67,0,0,0,0,0,0,0,0,0,0,0,-0.02,0,0,0,0,0,0,是-商品卡免佣,0.15,义乌市衍郝电子商务商行,订单结算
2026-04-23 10:24:45,'2026042310244220230310670159,入账,9.59,聚合账户,货款结算入账,小店自卖,'6952031429076653353,'6952031429076653353,'SS76306666709123241300185,2026-04-12 19:36:41,'3810919823941174195,中式复古洋气多层小蛮腰褶皱印花肥肠圈高端水墨皮筋耐用新款发圈,,,普通订单,9.65,0,0,0,0,0,0,0,0,0,0,0,-0.06,0,0,0,0,0,0,是-商品卡免佣,0.44,义乌市衍郝电子商务商行,订单结算
2026-04-23 10:24:45,'2026042310244301972636660159,入账,3.63,聚合账户,货款结算入账,小店自卖,'6952023121232664511,'6952023121232664511,'SS76306656949721172630153,2026-04-12 23:56:08,'3810919823941174195,中式复古洋气多层小蛮腰褶皱印花肥肠圈高端水墨皮筋耐用新款发圈,,,普通订单,3.65,0,0,0,0,0,0,0,0,0,0,0,-0.02,0,0,0,0,0,0,是-商品卡免佣,0.15,义乌市衍郝电子商务商行,订单结算
2026-04-23 10:24:45,'2026042310244237938836980159,入账,2.52,聚合账户,货款结算入账,小店自卖,'6952018648403417023,'6952018648403417023,'SS76306668848555791790185,2026-04-12 23:33:02,'3776807804489302292,豹纹ins爱心发夹女一字夹高端碎发前额刘大号在成人前额碎发夹子,,,普通订单,2.54,0,0,0,0,0,0,0,0,0,0,0,-0.02,0,0,0,0,0,0,是-商品卡免佣,0.15,义乌市衍郝电子商务商行,订单结算
2026-04-23 10:25:00,'2026042310245727306726670159,入账,4.46,聚合账户,货款结算入账,小店自卖,'6925540802640575659,'6925540802640575659,'SS76306421798920361310055,2026-04-12 23:37:14,'3809625164249956608,孕妇专用防滑拖鞋女士夏季家居家室内静音浴室洗澡防臭凉拖鞋外穿,,,普通订单,0.01,0,0,4.48,0,0,0,0,0,0,0,0,-0.03,0,0,0,0,0,0,是-商品卡免佣,0.22,义乌市衍郝电子商务商行,订单结算
2026-04-23 10:25:03,'2026042310250020554227660159,入账,2.42,聚合账户,货款结算入账,小店自卖,'6925631299680828600,'6925631299680828600,'SS76307860388480131190157,2026-04-15 16:39:33,'3767675591411761485,显白牛油果绿系列小丝巾缠包模特搭配装饰品丝带绑红色蝴蝶结发饰,,,普通订单,2.43,0.5,0,0,0,0,0,0,0,0,0,0,-0.01,0,0,0,0,0,0,是-商品卡免佣,0.07,义乌市衍郝电子商务商行,订单结算
2026-04-23 10:25:03,'2026042310250005042836900159,入账,1.32,聚合账户,货款结算入账,巨量千川,'6952040897012241949,'6952040897012241949,'SS76307027271437688420116,2026-04-13 05:18:14,'3812433686331260960,小号迷你鸭嘴夹发夹侧边小夹子精致蝴蝶结碎发夹刘海夹高级感发卡,,,普通订单,1.39,0,0,0,0,0,0,0,0,0,0,0,-0.07,0,0,0,0,0,0,,0,义乌市衍郝电子商务商行,订单结算
2026-04-23 10:25:03,'2026042310245939159772540159,入账,5.76,聚合账户,货款结算入账,小店自卖,'6925542664132590704,'6925542664132590704,'SS76306668414802171510162,2026-04-12 22:11:46,'3797199952510321008,儿童韩系五角星女童大肠花朵发圈甜美可爱纹波丸子头头绳马尾发饰,,,普通订单,5.79,0,0,0,0,0,0,0,0,0,0,0,-0.03,0,0,0,0,0,0,是-商品卡免佣,0.22,义乌市衍郝电子商务商行,订单结算
2026-04-23 10:25:03,'2026042310245926724928410159,入账,4.46,聚合账户,货款结算入账,小店自卖,'6952075955998889653,'6952075955998889653,'SS76308293838252444670226,2026-04-15 14:29:56,'3797744148640039074,新款法式公主头赫本抓夹女冬季发抓后脑勺高级感气质鲨鱼夹子发卡,,,普通订单,4.49,0,0,0,0,0,0,0,0,0,0,0,-0.03,0,0,0,0,0,0,是-商品卡免佣,0.22,义乌市衍郝电子商务商行,订单结算
2026-04-23 10:25:03,'2026042310250000807411290159,入账,6.92,聚合账户,货款结算入账,小店自卖,'6925578656893205963,'6925578656893074891,'SS76307284396369065300075,2026-04-14 11:20:11,'3809980984917622883,韩系高马尾香蕉夹竖夹女2026新款高级感发夹后脑勺大发量发饰头饰,,,普通订单,6.96,0,0,0,0,0,0,0,0,0,0,0,-0.04,0,0,0,0,0,0,是-商品卡免佣,0.29,义乌市衍郝电子商务商行,订单结算
2026-04-23 10:25:14,'2026042310251113265968740159,入账,2.97,聚合账户,货款结算入账,小店自卖,'6925598601374760597,'6925598601374760597,'SS76308324980136883600079,2026-04-14 20:37:14,'3812240028327870813,粉色双面蝴蝶结香蕉夹竖夹超温柔!气质高马尾发夹后脑勺发夹发饰,,,普通订单,0.01,0,0,2.98,0,0,0,0,0,0,0,0,-0.02,0,0,0,0,0,0,是-商品卡免佣,0.15,义乌市衍郝电子商务商行,订单结算
2026-04-23 10:25:14,'2026042310251137008678900159,入账,3.87,聚合账户,货款结算入账,小店自卖,'6925683563510660958,'6925683563510660958,'SS76307550646801538990185,2026-04-18 05:29:15,'3811861106843059086,山茶花朵7cm小抓夹花朵抓夹玫瑰花森女小清新夏季花抓夹森系干枯,,,普通订单,3.89,0,0,0,0,0,0,0,0,0,0,0,-0.02,0,0,0,0,0,0,是-商品卡免佣,0.15,义乌市衍郝电子商务商行,订单结算
2026-04-23 10:25:14,'2026042310251206798259830159,入账,3.88,聚合账户,货款结算入账,小店自卖,'6952000271896549154,'6952000271896549154,'SS76306666396924316790248,2026-04-12 17:51:15,'3812224594438390204,可爱比奇堡丑萌搞怪呆呆鱼迷你发夹碎发前额发饰刘海发卡饰品头饰,,,普通订单,0.01,0,0,3.89,0,0,0,0,0,0,0,0,-0.02,0,0,0,0,0,0,是-商品卡免佣,0.15,义乌市衍郝电子商务商行,订单结算
2026-04-23 10:25:14,'2026042310251041656816830159,入账,4.87,聚合账户,货款结算入账,小店自卖,'6952009131467216305,'6952009131467216305,'SS76306426357208681590105,2026-04-12 15:34:38,'3800198492568289686,买一送一爆款凉拖鞋男士夏季情侣2026新款家居防滑防臭厚底拖鞋女,,,普通订单,3.9,0,0,0,0,0,0,0,0,1,0,0,-0.03,0,0,0,0,0,0,是-商品卡免佣,0.22,义乌市衍郝电子商务商行,订单结算
2026-04-23 10:25:14,'2026042310251123954726590159,入账,4.74,聚合账户,货款结算入账,小店自卖,'6952031720352584883,'6952031720352584883,'SS76306421642461516860248,2026-04-12 21:49:43,'3809625164249956608,孕妇专用防滑拖鞋女士夏季家居家室内静音浴室洗澡防臭凉拖鞋外穿,,,普通订单,4.99,0,0,0,0,0,0,0,0,0,0,0,-0.25,0,0,0,0,0,0,,0,义乌市衍郝电子商务商行,订单结算
2026-04-23 10:25:30,'2026042310252701606786830159,入账,4.74,聚合账户,货款结算入账,小店自卖,'6925557033703341149,'6925557033703341149,'SS76307240161940447260184,2026-04-13 10:37:09,'3809625164249956608,孕妇专用防滑拖鞋女士夏季家居家室内静音浴室洗澡防臭凉拖鞋外穿,,,普通订单,1.99,0,0,3,0,0,0,0,0,0,0,0,-0.25,0,0,0,0,0,0,,0,义乌市衍郝电子商务商行,订单结算
2026-04-23 10:25:30,'2026042310252804794288700159,入账,4.96,聚合账户,货款结算入账,小店自卖,'6952022432982767255,'6952022432982767255,'SS76306423251104730020104,2026-04-12 16:50:13,'3809625164249956608,孕妇专用防滑拖鞋女士夏季家居家室内静音浴室洗澡防臭凉拖鞋外穿,,,普通订单,0.99,0,0,4,0,0,0,0,0,0,0,0,-0.03,0,0,0,0,0,0,是-商品卡免佣,0.22,义乌市衍郝电子商务商行,订单结算
2026-04-23 10:25:30,'2026042310252815624975820159,入账,3.89,聚合账户,货款结算入账,小店自卖,'6925681172213431592,'6925681172213431592,'SS76307487672073139290172,2026-04-18 01:02:24,'3813158348195496156,公主发夹波点蝴蝶结夹小众香蕉2026新款发饰发卡洋气双排头花夹子,,,普通订单,0.01,0,0,3.9,0,0,0,0,0,0,0,0,-0.02,0,0,0,0,0,0,是-商品卡免佣,0.15,义乌市衍郝电子商务商行,订单结算
2026-04-23 10:25:30,'2026042310252634612677750159,入账,5.27,聚合账户,货款结算入账,小店自卖,'6952038555207603266,'6952038555207603266,'SS76306668799672983390212,2026-04-12 22:54:16,'3781429375921160350,网红植绒编发发夹女神器丝绒侧边夹前额大号在成人前额碎发夹子,,,普通订单,5.3,0.8,0,0,0,0,0,0,0,0,0,0,-0.03,0,0,0,0,0,0,是-商品卡免佣,0.22,义乌市衍郝电子商务商行,订单结算
2026-04-23 10:25:30,'2026042310252708189708860159,入账,2.23,聚合账户,货款结算入账,小店自卖,'6952041390178964596,'6952041390178964596,'SS76307049371315123660043,2026-04-13 12:36:18,'3656186919630559115,网红新款耐用气质发夹蝴蝶结发饰丸子头抓夹女洋气夹子头饰发卡,,,普通订单,0.24,0,0,2,0,0,0,0,0,0,0,0,-0.01,0,0,0,0,0,0,是-商品卡免佣,0.07,义乌市衍郝电子商务商行,订单结算
2026-04-23 10:25:45,'2026042310254138219617780159,入账,8.85,聚合账户,货款结算入账,小店自卖,'6952189468148045702,'6952189468148045702,'SS76307445822762849690054,2026-04-18 15:23:12,'3800198492568289686,买一送一爆款凉拖鞋男士夏季情侣2026新款家居防滑防臭厚底拖鞋女,,,普通订单,8.9,0,0,0,0,0,0,0,0,0,0,0,-0.05,0,0,0,0,0,0,是-商品卡免佣,0.37,义乌市衍郝电子商务商行,订单结算
2026-04-23 10:25:45,'2026042310254221153385340159,入账,2.84,聚合账户,货款结算入账,小店自卖,'6952158952801310592,'6952158952801310592,'SS76307003242774858500209,2026-04-17 16:13:07,'3811102963569655948,春夏撞色蝴蝶结发夹发卡女后脑勺2026新款气质大号盘发鸭嘴夹发饰,,,普通订单,0.01,0,0,2.98,0,0,0,0,0,0,0,0,-0.15,0,0,0,0,0,0,,0,义乌市衍郝电子商务商行,订单结算
2026-04-23 10:25:45,'2026042310254123576087300159,入账,2.96,聚合账户,货款结算入账,小店自卖,'6952125352003245292,'6952125352003245292,'SS76306728710859535760155,2026-04-17 08:02:06,'3812961166053999319,ins爆款卡通蓬松夹鸭嘴夹一字夹化妆发夹超萌可爱猫咪少女刘海夹,,,普通订单,1.98,0,0,1,0,0,0,0,0,0,0,0,-0.02,0,0,0,0,0,0,是-商品卡免佣,0.15,义乌市衍郝电子商务商行,订单结算
2026-04-23 10:25:45,'2026042310254126775762420159,入账,3.64,聚合账户,货款结算入账,小店自卖,'6952007469637047684,'6952007469637047684,'SS76307016787965550080052,2026-04-12 21:44:08,'3807584451282731335,缎面高级感碎花蝴蝶结抓夹新款百搭后脑盘发鲨鱼夹马尾夹高档发夹,,,普通订单,2.69,0,0,1.14,0,0,0,0,0,0,0,0,-0.19,0,0,0,0,0,0,,0,义乌市衍郝电子商务商行,订单结算
2026-04-23 10:25:45,'2026042310254138220436980159,入账,7.01,聚合账户,货款结算入账,小店自卖,'6952150151028282967,'6952150151028282967,'SS76306434019097485310081,2026-04-17 16:57:08,'3813152773302780175,柔软泡泡纱韩国粉色碎花大肠发圈超大号高级仙气丸子慵懒头绳发饰,,,普通订单,2.55,0,0,4.5,0,0,0,0,0,0,0,0,-0.04,0,0,0,0,0,0,是-商品卡免佣,0.29,义乌市衍郝电子商务商行,订单结算
2026-04-23 10:26:04,'2026042310260021501097360159,入账,5.03,聚合账户,货款结算入账,小店自卖,'6952145855449405397,'6952145855449405397,'SS76308450360492569940038,2026-04-17 20:58:39,'3809625164249956608,孕妇专用防滑拖鞋女士夏季家居家室内静音浴室洗澡防臭凉拖鞋外穿,,,普通订单,3.71,0,0,1.58,0,0,0,0,0,0,0,0,-0.26,0,0,0,0,0,0,,0,义乌市衍郝电子商务商行,订单结算
2026-04-23 10:26:04,'2026042310260103787169660159,入账,5.47,聚合账户,货款结算入账,小店自卖,'6925547717759827462,'6925547717759696390,'SS76307406668861486460145,2026-04-13 08:19:17,'3807214433365787096,气质新款简约抓夹大号发量多2026发夹女后脑勺鲨鱼夹高级感头饰,,,普通订单,5.5,0,0,0,0,0,0,0,0,0,0,0,-0.03,0,0,0,0,0,0,是-商品卡免佣,0.22,义乌市衍郝电子商务商行,订单结算
2026-04-23 10:26:04,'2026042310260109862023680159,入账,2.83,聚合账户,货款结算入账,小店自卖,'6952162199462025005,'6952162199462025005,'SS76307988681159849150016,2026-04-18 00:19:32,'3771355796558971375,网红抓夹爆款2025新款高级感半扎发发夹后脑勺鲨鱼夹大号发量多,,,普通订单,0.01,0,0,2.97,0,0,0,0,0,0,0,0,-0.15,0,0,0,0,0,0,,0,义乌市衍郝电子商务商行,订单结算
2026-04-23 10:26:04,'2026042310260033931921920159,入账,3.54,聚合账户,货款结算入账,小店自卖,'6952089674956805882,'6952089674956805882,'SS76307879719854904860235,2026-04-15 15:44:36,'3799224164339024287,高级感满钻蝴蝶结小发夹女侧边刘海夹气质发卡头饰迷你鸭嘴夹子,,,普通订单,3.56,0,0,0,0,0,0,0,0,0,0,0,-0.02,0,0,0,0,0,0,是-商品卡免佣,0.15,义乌市衍郝电子商务商行,订单结算
2026-04-23 10:26:04,'2026042310260120428726100159,入账,4.74,聚合账户,货款结算入账,小店自卖,'6952047979736733066,'6952047979736733066,'SS76307238918248207700147,2026-04-13 11:41:26,'3809625164249956608,孕妇专用防滑拖鞋女士夏季家居家室内静音浴室洗澡防臭凉拖鞋外穿,,,普通订单,0.01,0,0,4.98,0,0,0,0,0,0,0,0,-0.25,0,0,0,0,0,0,,0,义乌市衍郝电子商务商行,订单结算
2026-04-23 10:26:20,'2026042310261824045002620159,入账,2.86,聚合账户,货款结算入账,小店自卖,'6952142088752600213,'6952142088752600213,'SS76306388469849953790221,2026-04-17 22:43:51,'3797749369206342546,豹纹大肠发圈高级小众手工韩国新款头绳编织显发量马尾丸子头发绳,,,普通订单,1.88,0,0,1,0,0,0,0,0,0,0,0,-0.02,0,0,0,0,0,0,是-商品卡免佣,0.15,义乌市衍郝电子商务商行,订单结算
2026-04-23 10:26:21,'2026042310261716447739380159,入账,5.69,聚合账户,货款结算入账,小店自卖,'6952032229610034617,'6952032229610034617,'SS76306424496064148750149,2026-04-13 07:11:09,'3799223154979766395,印花小熊防滑防臭抑菌拖鞋女士2026新款夏季浴室情侣家用凉拖男士,,,普通订单,3.99,0,0,2,0,0,0,0,0,0,0,0,-0.3,0,0,0,0,0,0,,0,义乌市衍郝电子商务商行,订单结算
2026-04-23 10:26:21,'2026042310261735656666110159,入账,2.78,聚合账户,货款结算入账,小店自卖,'6925669562637844131,'6925669562637844131,'SS76307226463486817660212,2026-04-17 16:27:17,'3813133909697364052,布艺清新格纹碎花头花发圈韩系丸子头大肠圈甜美少女百搭头绳发绳,,,普通订单,0.01,0,0,2.92,0,0,0,0,0,0,0,0,-0.15,0,0,0,0,0,0,,0,义乌市衍郝电子商务商行,订单结算
2026-04-23 10:26:21,'2026042310261725009195610159,入账,7.69,聚合账户,货款结算入账,小店自卖,'6952029774571312250,'6952029774571312250,'SS76306466054983194010114,2026-04-13 00:13:00,'3774210871656579079,小众不规则配饰撞色女新款高级感发卡爆款大号鲨鱼夹发夹气质头饰,,,普通订单,4.74,0,0,3,0,0,0,0,0,0,0,0,-0.05,0,0,0,0,0,0,是-商品卡免佣,0.37,义乌市衍郝电子商务商行,订单结算
2026-04-23 10:26:21,'2026042310261801097730650159,入账,3.08,聚合账户,货款结算入账,小店自卖,'6925561808685464711,'6925561808685464711,'SS76307124360557038340159,2026-04-13 13:11:33,'3809262658188869664,高级感新年红色大肠发圈女2026新款扎头发绳丸子氛围感头花发饰,,,普通订单,0.01,0,0,3.09,0,0,0,0,0,0,0,0,-0.02,0,0,0,0,0,0,是-商品卡免佣,0.15,义乌市衍郝电子商务商行,订单结算
2026-04-23 10:26:37,'2026042310263402860654600159,入账,4.87,聚合账户,货款结算入账,小店自卖,'6952018836292048748,'6952018836292048748,'SS76306424421405046170250,2026-04-13 06:24:03,'3800198492568289686,买一送一爆款凉拖鞋男士夏季情侣2026新款家居防滑防臭厚底拖鞋女,,,普通订单,0.01,0,0,4.89,0,0,0,0,0,0,0,0,-0.03,0,0,0,0,0,0,是-商品卡免佣,0.22,义乌市衍郝电子商务商行,订单结算
2026-04-23 10:26:37,'2026042310263310038973440159,入账,10.75,聚合账户,货款结算入账,小店自卖,'6952159476428379973,'6952159476428379973,'SS76308107349374569470039,2026-04-17 22:41:01,'3809262658188869664,高级感新年红色大肠发圈女2026新款扎头发绳丸子氛围感头花发饰,,,普通订单,10.67,0,0,0.14,0,0,0,0,0,0,0,0,-0.06,0,0,0,0,0,0,是-商品卡免佣,0.44,义乌市衍郝电子商务商行,订单结算
2026-04-23 10:26:37,'2026042310263403800806670159,入账,2.9,聚合账户,货款结算入账,小店自卖,'6925557192458468583,'6925557192458468583,'SS76307002470017643870131,2026-04-13 11:45:02,'3798679044816503235,秋冬花朵鸭嘴夹女2026新款高级感后脑勺盘发一字夹子大号发夹头饰,,,普通订单,0.05,0,0,3,0,0,0,0,0,0,0,0,-0.15,0,0,0,0,0,0,,0,义乌市衍郝电子商务商行,订单结算
2026-04-23 10:26:37,'2026042310263314942418260159,入账,2.84,聚合账户,货款结算入账,小店自卖,'6952040848290682314,'6952040848290682314,'SS76306681254332828560247,2026-04-13 01:11:02,'3811102963569655948,春夏撞色蝴蝶结发夹发卡女后脑勺2026新款气质大号盘发鸭嘴夹发饰,,,普通订单,2.99,0,0,0,0,0,0,0,0,0,0,0,-0.15,0,0,0,0,0,0,,0,义乌市衍郝电子商务商行,订单结算
2026-04-23 10:26:37,'2026042310263408653709260159,入账,1.78,聚合账户,货款结算入账,小店自卖,'6925545739397595072,'6925545739397595072,'SS76307375545603525390063,2026-04-13 09:11:48,'3812796426258350389,夏天简约随手盘发一字扭扭夹水钻抓夹高级发夹扭扭后脑勺盘发器,,,普通订单,0.01,0,0,1.78,0,0,0,0,0,0,0,0,-0.01,0,0,0,0,0,0,是-商品卡免佣,0.07,义乌市衍郝电子商务商行,订单结算
2026-04-23 10:26:52,'2026042310264927613598820159,入账,2.81,聚合账户,货款结算入账,小店自卖,'6952025472487724944,'6952025472487724944,'SS76306624901395914620222,2026-04-13 07:18:08,'3809086450570494406,法式大号蕾丝网纱双层大肠发圈2026新款甜美芭蕾风百搭发绳发饰,,,普通订单,0.01,0,0,2.82,0,0,0,0,0,0,0,0,-0.02,0,0,0,0,0,0,是-商品卡免佣,0.15,义乌市衍郝电子商务商行,订单结算
2026-04-23 10:26:52,'2026042310264927814180350159,入账,1.91,聚合账户,货款结算入账,小店自卖,'6925557305865501709,'6925557305865501709,'SS76307012562243425700103,2026-04-13 12:35:20,'3659542706419563442,在逃公主大蝴蝶结抓夹马尾黑色双面发饰鲨鱼夹子发夹女后脑勺发卡,,,普通订单,0.01,0,0,1.91,0,0,0,0,0,0,0,0,-0.01,0,0,0,0,0,0,是-商品卡免佣,0.07,义乌市衍郝电子商务商行,订单结算
2026-04-23 10:26:52,'2026042310265016864714340159,入账,1.87,聚合账户,货款结算入账,小店自卖,'6925615423913098890,'6925615423913098890,'SS76307446483154045590248,2026-04-15 18:12:36,'3812244340491813699,新款密齿香蕉韩系法式波点蕾丝蝴蝶结后脑勺盘发发夹发卡马尾发饰,,,普通订单,0.01,0,0,1.87,0,0,0,0,0,0,0,0,-0.01,0,0,0,0,0,0,是-商品卡免佣,0.07,义乌市衍郝电子商务商行,订单结算
2026-04-23 10:26:52,'2026042310264939640768090159,入账,4.65,聚合账户,货款结算入账,小店自卖,'6925545862705544765,'6925545862705544765,'SS76307241968131487100224,2026-04-13 09:59:00,'3800198492568289686,买一送一爆款凉拖鞋男士夏季情侣2026新款家居防滑防臭厚底拖鞋女,,,普通订单,1.9,0,0,3,0,0,0,0,0,0,0,0,-0.25,0,0,0,0,0,0,,0,义乌市衍郝电子商务商行,订单结算
2026-04-23 10:26:52,'2026042310264817810890510159,入账,5.65,聚合账户,货款结算入账,小店自卖,'6952009891014776131,'6952009891014776131,'SS76306631169509460570216,2026-04-12 22:56:18,'3782888475330740360,可爱毛绒米菲兔大号魔术贴卡通hellokitty发饰刘海碎发刘海贴神器,,,普通订单,4.98,0.3,0,0.7,0,0,0,0,0,0,0,0,-0.03,0,0,0,0,0,0,是-商品卡免佣,0.22,义乌市衍郝电子商务商行,订单结算
2026-04-23 10:26:52,'2026042310264839391892570159,入账,4.91,聚合账户,货款结算入账,小店自卖,'6952029620857083583,'6952029620857083583,'SS76306668408724687420239,2026-04-12 22:43:30,'3778077439553568955,超可爱的kt猫脑袋碎发魔术贴发卡化妆敷面大号在成人前额碎发夹子,,,普通订单,0.01,0,0.8,4.13,0,0,0,0,0,0,0,0,-0.03,0,0,0,0,0,0,是-商品卡免佣,0.22,义乌市衍郝电子商务商行,订单结算
2026-04-23 10:26:52,'2026042310264805760786300159,入账,4.65,聚合账户,货款结算入账,小店自卖,'6952146133525075001,'6952146133525075001,'SS76306865505625052250060,2026-04-17 23:45:00,'3800198492568289686,买一送一爆款凉拖鞋男士夏季情侣2026新款家居防滑防臭厚底拖鞋女,,,普通订单,0.9,0,0,4,0,0,0,0,0,0,0,0,-0.25,0,0,0,0,0,0,,0,义乌市衍郝电子商务商行,订单结算
2026-04-23 10:26:52,'2026042310264907592353550159,入账,2.88,聚合账户,货款结算入账,小店自卖,'6952043945601472459,'6952043945601472459,'SS76307249087052232190235,2026-04-13 13:23:24,'3807956255797018943,韩国精致气质炫彩侧边夹2026年新款发夹高端夹顶刘海鸭嘴高级夹子,,,普通订单,0.7,0,0,2.2,0,0,0,0,0,0,0,0,-0.02,0,0,0,0,0,0,是-商品卡免佣,0.15,义乌市衍郝电子商务商行,订单结算
2026-04-23 10:26:52,'2026042310264830212590590159,入账,2.45,聚合账户,货款结算入账,小店自卖,'6952014237345191790,'6952014237345191790,'SS76306668290478740540022,2026-04-12 22:07:05,'3773268304727245249,洋气国风蝴蝶结高级感复古丝巾发带发饰女绑头巾飘带网红爆款新款,,,普通订单,0.01,0,0,2.57,0,0,0,0,0,0,0,0,-0.13,0,0,0,0,0,0,,0,义乌市衍郝电子商务商行,订单结算
2026-04-23 10:26:52,'2026042310264906000156420159,入账,8.45,聚合账户,货款结算入账,小店自卖,'6952135605417612824,'6952135605417612824,'SS76306336674934136830237,2026-04-16 20:28:15,'3800198492568289686,买一送一爆款凉拖鞋男士夏季情侣2026新款家居防滑防臭厚底拖鞋女,,,普通订单,8.19,0,0,0.71,0,0,0,0,0,0,0,0,-0.45,0,0,0,0,0,0,,0,义乌市衍郝电子商务商行,订单结算
2026-04-23 10:27:09,'2026042310270619129638800159,入账,0.92,聚合账户,货款结算入账,小店自卖,'6952144368623687303,'6952144368623687303,'SS76307750487642977470137,2026-04-18 09:37:01,'3800904142743011666,豹纹花朵发夹2026新款侧边夹发卡头饰女一字夹高端碎发前额刘海夹,,,普通订单,0.01,0,0,0.96,0,0,0,0,0,0,0,0,-0.05,0,0,0,0,0,0,,0,义乌市衍郝电子商务商行,订单结算
2026-04-23 10:27:09,'2026042310270610867389780159,入账,1.04,聚合账户,货款结算入账,小店自卖,'6952139182475122369,'6952139182475122369,'SS76306778015321950780075,2026-04-17 19:13:12,'3810734809710461390,闪钻迷你小抓夹女刘海前额碎发侧边发卡公主头发夹头顶小夹子头饰,,,普通订单,0.1,0,0,1,0,0,0,0,0,0,0,0,-0.06,0,0,0,0,0,0,,0,义乌市衍郝电子商务商行,订单结算
2026-04-23 10:27:09,'2026042310270612686466820159,入账,4.46,聚合账户,货款结算入账,小店自卖,'6925546614747397203,'6925546614747397203,'SS76306423370394995540208,2026-04-12 19:45:55,'3809625164249956608,孕妇专用防滑拖鞋女士夏季家居家室内静音浴室洗澡防臭凉拖鞋外穿,,,普通订单,0.01,0,0,4.48,0,0,0,0,0,0,0,0,-0.03,0,0,0,0,0,0,是-商品卡免佣,0.22,义乌市衍郝电子商务商行,订单结算
2026-04-23 10:27:09,'2026042310270514569313800159,入账,4.46,聚合账户,货款结算入账,小店自卖,'6952025856390272494,'6952025856390272494,'SS76307238827394010020177,2026-04-13 12:55:11,'3809625164249956608,孕妇专用防滑拖鞋女士夏季家居家室内静音浴室洗澡防臭凉拖鞋外穿,,,普通订单,0.01,0,0,4.48,0,0,0,0,0,0,0,0,-0.03,0,0,0,0,0,0,是-商品卡免佣,0.22,义乌市衍郝电子商务商行,订单结算
2026-04-23 10:27:09,'2026042310270619313996950159,入账,5.03,聚合账户,货款结算入账,小店自卖,'6952119824278492243,'6952119824278492243,'SS76307943769564449430118,2026-04-16 15:36:45,'3809625164249956608,孕妇专用防滑拖鞋女士夏季家居家室内静音浴室洗澡防臭凉拖鞋外穿,,,普通订单,2.29,0,0,3,0,0,0,0,0,0,0,0,-0.26,0,0,0,0,0,0,,0,义乌市衍郝电子商务商行,订单结算
2026-04-23 10:27:22,'2026042310271927331343870159,入账,3.83,聚合账户,货款结算入账,小店自卖,'6925543389519314127,'6925543389519314127,'SS76307001351942638140213,2026-04-13 08:34:49,'3809056869209735557,蝴蝶结发带女2026新款飘带头绳大肠发圈高级感扎头发皮筋发绳发饰,,,普通订单,3.25,0.3,0,0.6,0,0,0,0,0,0,0,0,-0.02,0,0,0,0,0,0,是-商品卡免佣,0.15,义乌市衍郝电子商务商行,订单结算
2026-04-23 10:27:22,'2026042310271836933022810159,入账,4.46,聚合账户,货款结算入账,小店自卖,'6925545753843957013,'6925545753843957013,'SS76307239685596820630009,2026-04-13 09:13:23,'3809625164249956608,孕妇专用防滑拖鞋女士夏季家居家室内静音浴室洗澡防臭凉拖鞋外穿,,,普通订单,0.01,0,0,4.48,0,0,0,0,0,0,0,0,-0.03,0,0,0,0,0,0,是-商品卡免佣,0.22,义乌市衍郝电子商务商行,订单结算
2026-04-23 10:27:22,'2026042310271915529129220159,入账,3.23,聚合账户,货款结算入账,小店自卖,'6952034764649142133,'6952034764649142133,'SS76307001010751572570080,2026-04-13 12:07:41,'3783072477903716812,饱满花型高级感抓夹大号夹子蝴蝶结发夹后大号在成人大号毛绒发卡,,,普通订单,0.4,0,0,3,0,0,0,0,0,0,0,0,-0.17,0,0,0,0,0,0,,0,义乌市衍郝电子商务商行,订单结算
2026-04-23 10:27:22,'2026042310271814556859150159,入账,9.48,聚合账户,货款结算入账,小店自卖,'6952082793332676352,'6952082793332676352,'SS76307158776262822590187,2026-04-15 16:01:35,'3809625164249956608,孕妇专用防滑拖鞋女士夏季家居家室内静音浴室洗澡防臭凉拖鞋外穿,,,普通订单,3.98,0,0,6,0,0,0,0,0,0,0,0,-0.5,0,0,0,0,0,0,,0,义乌市衍郝电子商务商行,订单结算
2026-04-23 10:27:22,'2026042310271737050457690159,入账,3.7,聚合账户,货款结算入账,小店自卖,'6925542235731427268,'6925542235731427268,'SS76306666135502036480101,2026-04-12 19:33:22,'3811861106843059086,山茶花朵7cm小抓夹花朵抓夹玫瑰花森女小清新夏季花抓夹森系干枯,,,普通订单,0.89,0,0,3,0,0,0,0,0,0,0,0,-0.19,0,0,0,0,0,0,,0,义乌市衍郝电子商务商行,订单结算
2026-04-23 10:27:36,'2026042310273416256087560159,入账,4.98,聚合账户,货款结算入账,小店自卖,'6952027091718771929,'6952027091718771929,'SS76306665862784292250171,2026-04-12 18:28:04,'3806655969480540177,米菲兔巨显发量香蕉兔子后脑勺盘发百搭少女发饰时尚可爱波点大号,,,普通订单,1.49,0,0,3.52,0,0,0,0,0,0,0,0,-0.03,0,0,0,0,0,0,是-商品卡免佣,0.22,义乌市衍郝电子商务商行,订单结算
2026-04-23 10:27:36,'2026042310273239030458880159,入账,4.65,聚合账户,货款结算入账,小店自卖,'6952023874192283076,'6952023874192283076,'SS76307242430105728430000,2026-04-13 13:36:45,'3800198492568289686,买一送一爆款凉拖鞋男士夏季情侣2026新款家居防滑防臭厚底拖鞋女,,,普通订单,1.9,0,0,3,0,0,0,0,0,0,0,0,-0.25,0,0,0,0,0,0,,0,义乌市衍郝电子商务商行,订单结算
2026-04-23 10:27:36,'2026042310273300685348360159,入账,5.65,聚合账户,货款结算入账,小店自卖,'6952017973689784117,'6952017973689784117,'SS76306631088140946280059,2026-04-12 16:58:27,'3782888475330740360,可爱毛绒米菲兔大号魔术贴卡通hellokitty发饰刘海碎发刘海贴神器,,,普通订单,5.68,0.3,0,0,0,0,0,0,0,0,0,0,-0.03,0,0,0,0,0,0,是-商品卡免佣,0.22,义乌市衍郝电子商务商行,订单结算
2026-04-23 10:27:36,'2026042310273230799301120159,入账,5.73,聚合账户,货款结算入账,小店自卖,'6952130162787423499,'6952130162787423499,'SS76307570049318592500135,2026-04-17 09:40:29,'3797749369206342546,豹纹大肠发圈高级小众手工韩国新款头绳编织显发量马尾丸子头发绳,,,普通订单,5.76,0,0,0,0,0,0,0,0,0,0,0,-0.03,0,0,0,0,0,0,是-商品卡免佣,0.22,义乌市衍郝电子商务商行,订单结算
2026-04-23 10:27:36,'2026042310273314108923340159,入账,4.69,聚合账户,货款结算入账,小店自卖,'6925661227977375543,'6925661227977375543,'SS76308612184122662490209,2026-04-17 17:03:08,'3807380871913276292,刘海夹前额碎发夹高级感2026新款鸭嘴夹头饰边夹侧边碎发整理神器,,,普通订单,0.01,0,0,4.93,0,0,0,0,0,0,0,0,-0.25,0,0,0,0,0,0,,0,义乌市衍郝电子商务商行,订单结算
2026-04-23 10:27:42,'2026042310273940069701220159,入账,4.08,聚合账户,货款结算入账,小店自卖,'6925554579932413193,'6925554579932413193,'SS76306667988344676360104,2026-04-12 23:32:28,'3809975766641410463,高级感水钻珠珠一字扭扭夹2026新款盘发抓夹后脑勺发量多发夹头饰,,,普通订单,0.01,0,0,4.09,0,0,0,0,0,0,0,0,-0.02,0,0,0,0,0,0,是-商品卡免佣,0.15,义乌市衍郝电子商务商行,订单结算
2026-04-23 10:27:42,'2026042310273832726551560159,入账,7.7,聚合账户,货款结算入账,小店自卖,'6952130812371670561,'6952130812371670561,'SS76307245997008489340094,2026-04-16 16:24:23,'3807214433365787096,气质新款简约抓夹大号发量多2026发夹女后脑勺鲨鱼夹高级感头饰,,,普通订单,0.75,0,0,4.5,0,0,0,0,2.5,0,0,0,-0.05,0,0,0,0,0,0,是-商品卡免佣,0.37,义乌市衍郝电子商务商行,订单结算
2026-04-23 10:27:42,'2026042310273829912435350159,入账,7.85,聚合账户,货款结算入账,小店自卖,'6952094462139503934,'6952094462139503934,'SS76308213356735045270232,2026-04-15 21:12:33,'3800198492568289686,买一送一爆款凉拖鞋男士夏季情侣2026新款家居防滑防臭厚底拖鞋女,,,普通订单,7.9,0,0,0,0,0,0,0,0,0,0,0,-0.05,0,0,0,0,0,0,是-商品卡免佣,0.37,义乌市衍郝电子商务商行,订单结算
2026-04-23 10:27:42,'2026042310273940240297060159,入账,3.61,聚合账户,货款结算入账,小店自卖,'6925546458722499782,'6925546458722499782,'SS76306825431378987780054,2026-04-12 18:52:23,'3790155312900735053,新款复古气质豹纹皮革三角后秋森系女款黑色抓夹ins网红发夹发卡,,,普通订单,2.46,0,0,1.34,0,0,0,0,0,0,0,0,-0.19,0,0,0,0,0,0,,0,义乌市衍郝电子商务商行,订单结算
2026-04-23 10:27:42,'2026042310274001722004580159,入账,4.74,聚合账户,货款结算入账,小店自卖,'6925549482908155712,'6925549482908155712,'SS76306423637574333840056,2026-04-12 22:48:20,'3809625164249956608,孕妇专用防滑拖鞋女士夏季家居家室内静音浴室洗澡防臭凉拖鞋外穿,,,普通订单,1.99,0,0,3,0,0,0,0,0,0,0,0,-0.25,0,0,0,0,0,0,,0,义乌市衍郝电子商务商行,订单结算
2026-04-23 10:27:42,'2026042310273816917796240159,入账,5.07,聚合账户,货款结算入账,小店自卖,'6952025864006472899,'6952025864006472899,'SS76307049984267883790210,2026-04-13 12:50:29,'3776807804489302292,豹纹ins爱心发夹女一字夹高端碎发前额刘大号在成人前额碎发夹子,,,普通订单,5.1,0,0,0,0,0,0,0,0,0,0,0,-0.03,0,0,0,0,0,0,是-商品卡免佣,0.22,义乌市衍郝电子商务商行,订单结算
2026-04-23 10:27:42,'2026042310273816201485180159,入账,5.37,聚合账户,货款结算入账,小店自卖,'6925548722193202589,'6925548722193202589,'SS76306666602069860100040,2026-04-12 17:53:28,'3782304295328809090,黑色大号抓夹2025新款后脑勺盘发鲨鱼夹发大号在成人大号毛绒鲨鱼,,,普通订单,5.4,0,0,0,0,0,0,0,0,0,0,0,-0.03,0,0,0,0,0,0,是-商品卡免佣,0.22,义乌市衍郝电子商务商行,订单结算
2026-04-23 10:27:43,'2026042310274007790474500159,入账,3.89,聚合账户,货款结算入账,小店自卖,'6925542025457139571,'6925542025457139571,'SS76306422454826437660026,2026-04-12 17:42:22,'3811860441341232019,踩屎感拖鞋2026夏季eva浴室防滑情侣软底厚底居家室内凉拖鞋男夏,,,普通订单,1.09,0,0,3,0,0,0,0,0,0,0,0,-0.2,0,0,0,0,0,0,,0,义乌市衍郝电子商务商行,订单结算
2026-04-23 10:27:43,'2026042310274010066993140159,入账,4.96,聚合账户,货款结算入账,小店自卖,'6925555634576391740,'6925555634576391740,'SS76306422099139632980088,2026-04-12 20:15:21,'3809625164249956608,孕妇专用防滑拖鞋女士夏季家居家室内静音浴室洗澡防臭凉拖鞋外穿,,,普通订单,4.99,0,0,0,0,0,0,0,0,0,0,0,-0.03,0,0,0,0,0,0,是-商品卡免佣,0.22,义乌市衍郝电子商务商行,订单结算
2026-04-23 10:27:43,'2026042310274011201421180159,入账,3.21,聚合账户,货款结算入账,小店自卖,'6952129812226315418,'6952129812226315418,'SS76307179297852956510118,2026-04-17 02:03:19,'3812796426258350389,夏天简约随手盘发一字扭扭夹水钻抓夹高级发夹扭扭后脑勺盘发器,,,普通订单,3.38,0,0,0,0,0,0,0,0,0,0,0,-0.17,0,0,0,0,0,0,,0,义乌市衍郝电子商务商行,订单结算
2026-04-23 10:27:43,'2026042310274021527273420159,入账,4.4,聚合账户,货款结算入账,小店自卖,'6925549094576291388,'6925549094576291388,'SS76306667131592220620229,2026-04-12 21:06:44,'3712259868460187975,气质抓夹大号发量多2024新款爆款发夹女后脑勺鲨鱼夹高级感头饰,,,普通订单,2.43,0,0,2,0,0,0,0,0,0,0,0,-0.03,0,0,0,0,0,0,是-商品卡免佣,0.22,义乌市衍郝电子商务商行,订单结算
2026-04-23 10:27:43,'2026042310274006472545740159,入账,3.36,聚合账户,货款结算入账,小店自卖,'6952021404033160993,'6952021404033160993,'SS76306668623896256100196,2026-04-13 01:43:28,'3812796426258350389,夏天简约随手盘发一字扭扭夹水钻抓夹高级发夹扭扭后脑勺盘发器,,,普通订单,3.38,0,0,0,0,0,0,0,0,0,0,0,-0.02,0,0,0,0,0,0,是-商品卡免佣,0.15,义乌市衍郝电子商务商行,订单结算
2026-04-23 10:27:43,'2026042310274001724626020159,入账,1.66,聚合账户,货款结算入账,小店自卖,'6952027209394493067,'6952027209394493067,'SS76306386277288228470181,2026-04-12 20:03:32,'3807217918840799504,新款百搭2026可爱小狗香蕉夹竖夹发夹脑勺扭扭夹高马尾抓夹高级感,,,普通订单,1.67,0,0,0,0,0,0,0,0,0,0,0,-0.01,0,0,0,0,0,0,是-商品卡免佣,0.07,义乌市衍郝电子商务商行,订单结算
2026-04-23 10:27:43,'2026042310273939275443550159,入账,4.38,聚合账户,货款结算入账,小店自卖,'6952041249611192105,'6952041249611192105,'SS76306208046984568740137,2026-04-13 11:36:19,'3800198492568289686,买一送一爆款凉拖鞋男士夏季情侣2026新款家居防滑防臭厚底拖鞋女,,,普通订单,0.01,0,0,4.4,0,0,0,0,0,0,0,0,-0.03,0,0,0,0,0,0,是-商品卡免佣,0.22,义乌市衍郝电子商务商行,订单结算
2026-04-23 10:27:43,'2026042310273909074936660159,入账,4.96,聚合账户,货款结算入账,小店自卖,'6952019120472987399,'6952019120472987399,'SS76307239765536937150021,2026-04-13 09:47:17,'3809625164249956608,孕妇专用防滑拖鞋女士夏季家居家室内静音浴室洗澡防臭凉拖鞋外穿,,,普通订单,4.99,0,0,0,0,0,0,0,0,0,0,0,-0.03,0,0,0,0,0,0,是-商品卡免佣,0.22,义乌市衍郝电子商务商行,订单结算
2026-04-23 10:28:01,'2026042310275812089101150159,入账,16.7,聚合账户,货款结算入账,小店自卖,'6952067820118807708,'6952067820118742172,'SS76306457587948303760069,2026-04-14 14:17:14,'3813319177406644229,迷你小号鸭嘴夹发夹侧边小夹子精致蝴蝶结碎发夹刘海夹高级感发卡,,,普通订单,16.8,0,0,0,0,0,0,0,0,0,0,0,-0.1,0,0,0,0,0,0,是-商品卡免佣,0.73,义乌市衍郝电子商务商行,订单结算
2026-04-23 10:28:01,'2026042310275737801986560159,入账,2.7,聚合账户,货款结算入账,小店自卖,'6952029067102131932,'6952029067102131932,'SS76307552058520701820049,2026-04-12 17:58:09,'3752324139441062001,多款造型男士发箍潮男隐形压发背头波浪发窟头箍韩红色蝴蝶结发饰,,,普通订单,2.72,0,0,0,0,0,0,0,0,0,0,0,-0.02,0,0,0,0,0,0,是-商品卡免佣,0.15,义乌市衍郝电子商务商行,订单结算
2026-04-23 10:28:01,'2026042310275709885332990159,入账,3.36,聚合账户,货款结算入账,小店自卖,'6925560794157383256,'6925560794157383256,'SS76306605222880916990244,2026-04-13 01:40:14,'3812796426258350389,夏天简约随手盘发一字扭扭夹水钻抓夹高级发夹扭扭后脑勺盘发器,,,普通订单,3.38,0,0,0,0,0,0,0,0,0,0,0,-0.02,0,0,0,0,0,0,是-商品卡免佣,0.15,义乌市衍郝电子商务商行,订单结算
2026-04-23 10:28:01,'2026042310275733370158460159,入账,4.74,聚合账户,货款结算入账,小店自卖,'6925558234825129316,'6925558234825129316,'SS76306423567651801700174,2026-04-12 21:51:01,'3809625164249956608,孕妇专用防滑拖鞋女士夏季家居家室内静音浴室洗澡防臭凉拖鞋外穿,,,普通订单,4.99,0,0,0,0,0,0,0,0,0,0,0,-0.25,0,0,0,0,0,0,,0,义乌市衍郝电子商务商行,订单结算
2026-04-23 10:28:01,'2026042310275727896059390159,入账,3.65,聚合账户,货款结算入账,小店自卖,'6925541061180292112,'6925541061180292112,'SS76307228644252882270143,2026-04-13 06:30:22,'3812600459668095315,金枝玉叶韩系发梳闪钻时尚高颅顶倒插梳树叶防滑发夹百搭发卡发饰,,,普通订单,3.67,0,0,0,0,0,0,0,0,0,0,0,-0.02,0,0,0,0,0,0,是-商品卡免佣,0.15,义乌市衍郝电子商务商行,订单结算
2026-04-23 10:28:12,'2026042310280907771428100159,入账,9.83,聚合账户,货款结算入账,小店自卖,'6925557775925018143,'6925557775925018143,'SS76306666271117156200100,2026-04-12 18:48:38,'3752321583742583268,金属抓夹女高级感轻奢鲨鱼夹夹子盘发发夹大号在成人大号毛绒鲨鱼,,,普通订单,10.35,0.95,0,0,0,0,0,0,0,0,0,0,-0.52,0,0,0,0,0,0,,0,义乌市衍郝电子商务商行,订单结算
2026-04-23 10:28:12,'2026042310280929744338020159,入账,8.85,聚合账户,货款结算入账,小店自卖,'6925561657709722694,'6925561657709722694,'SS76307389277500257800215,2026-04-13 12:15:39,'3800198492568289686,买一送一爆款凉拖鞋男士夏季情侣2026新款家居防滑防臭厚底拖鞋女,,,普通订单,8.9,0,0,0,0,0,0,0,0,0,0,0,-0.05,0,0,0,0,0,0,是-商品卡免佣,0.37,义乌市衍郝电子商务商行,订单结算
2026-04-23 10:28:12,'2026042310281008388777480159,入账,2.24,聚合账户,货款结算入账,小店自卖,'6952018285040506694,'6952018285040506694,'SS76306611428763571300115,2026-04-12 20:39:26,'3809975766641410463,高级感水钻珠珠一字扭扭夹2026新款盘发抓夹后脑勺发量多发夹头饰,,,普通订单,2.25,0,0,0,0,0,0,0,0,0,0,0,-0.01,0,0,0,0,0,0,是-商品卡免佣,0.07,义乌市衍郝电子商务商行,订单结算
2026-04-23 10:28:12,'2026042310280910534756360159,入账,12.72,聚合账户,货款结算入账,小店自卖,'6952017036678468773,'6952017036678468773,'SS76306795034393974170015,2026-04-13 09:20:46,'3810919823941174195,中式复古洋气多层小蛮腰褶皱印花肥肠圈高端水墨皮筋耐用新款发圈,,,普通订单,12.8,0,0,0,0,0,0,0,0,0,0,0,-0.08,0,0,0,0,0,0,是-商品卡免佣,0.59,义乌市衍郝电子商务商行,订单结算
2026-04-23 10:28:12,'2026042310280931524129620159,入账,8.85,聚合账户,货款结算入账,小店自卖,'6952126008540272195,'6952126008540272195,'SS76306396971439398500094,2026-04-16 11:15:08,'3800198492568289686,买一送一爆款凉拖鞋男士夏季情侣2026新款家居防滑防臭厚底拖鞋女,,,普通订单,3.9,0,0,5,0,0,0,0,0,0,0,0,-0.05,0,0,0,0,0,0,是-商品卡免佣,0.37,义乌市衍郝电子商务商行,订单结算
2026-04-23 10:28:29,'2026042310282501452610940159,入账,4.87,聚合账户,货款结算入账,小店自卖,'6925571859869432983,'6925571859869432983,'SS76307692203349939700090,2026-04-14 06:50:23,'3799023022220903050,2026新款EVA家居室内不臭脚拖鞋男士夏季踩屎感防滑洗澡凉拖女式,,,普通订单,4.9,0,0,0,0,0,0,0,0,0,0,0,-0.03,0,0,0,0,0,0,是-商品卡免佣,0.22,义乌市衍郝电子商务商行,订单结算
2026-04-23 10:28:29,'2026042310282441539179620159,入账,7.06,聚合账户,货款结算入账,小店自卖,'6925534087706344481,'6925534087706344481,'SS76306666261592028570136,2026-04-12 17:58:08,'3776807804489302292,豹纹ins爱心发夹女一字夹高端碎发前额刘大号在成人前额碎发夹子,,,普通订单,7.1,0,0,0,0,0,0,0,0,0,0,0,-0.04,0,0,0,0,0,0,是-商品卡免佣,0.29,义乌市衍郝电子商务商行,订单结算
2026-04-23 10:28:29,'2026042310282424062244380159,入账,4.65,聚合账户,货款结算入账,小店自卖,'6952034033844687930,'6952034033844687930,'SS76306419215888430480113,2026-04-12 22:43:50,'3800198492568289686,买一送一爆款凉拖鞋男士夏季情侣2026新款家居防滑防臭厚底拖鞋女,,,普通订单,4.9,0,0,0,0,0,0,0,0,0,0,0,-0.25,0,0,0,0,0,0,,0,义乌市衍郝电子商务商行,订单结算
2026-04-23 10:28:29,'2026042310282425636746430159,入账,3.13,聚合账户,货款结算入账,小店自卖,'6952071756034872948,'6952071756034872948,'SS76306167420817290870158,2026-04-14 12:31:20,'3806648290204844347,秋冬复古ins彩虹格子蝴蝶结大肠头绳发圈丸子2026马尾发绳新款女,,,普通订单,3.15,0,0,0,0,0,0,0,0,0,0,0,-0.02,0,0,0,0,0,0,是-商品卡免佣,0.15,义乌市衍郝电子商务商行,订单结算
2026-04-23 10:28:29,'2026042310282540211953140159,入账,3.95,聚合账户,货款结算入账,小店自卖,'6925587705044565708,'6925587705044565708,'SS76306372712980977040083,2026-04-14 22:33:30,'3752324184429166813,奇妙萌可大人卡通发夹可爱洋气花朵新款发卡立体发饰学生彩色头饰,,,普通订单,3.97,0,0,0,0,0,0,0,0,0,0,0,-0.02,0,0,0,0,0,0,是-商品卡免佣,0.15,义乌市衍郝电子商务商行,订单结算
2026-04-23 10:28:40,'2026042310283738085757530159,入账,2.87,聚合账户,货款结算入账,小店自卖,'6925685216033079134,'6925685216033079134,'SS76307550168692165580043,2026-04-18 05:29:56,'3811861106843059086,山茶花朵7cm小抓夹花朵抓夹玫瑰花森女小清新夏季花抓夹森系干枯,,,普通订单,2.89,0,0,0,0,0,0,0,0,0,0,0,-0.02,0,0,0,0,0,0,是-商品卡免佣,0.15,义乌市衍郝电子商务商行,订单结算
2026-04-23 10:28:40,'2026042310283622573553270159,入账,5.17,聚合账户,货款结算入账,小店自卖,'6952009717420528853,'6952009717420528853,'SS76307228813405724350109,2026-04-12 21:46:32,'3812961166053999319,ins爆款卡通蓬松夹鸭嘴夹一字夹化妆发夹超萌可爱猫咪少女刘海夹,,,普通订单,5.2,0,0,0,0,0,0,0,0,0,0,0,-0.03,0,0,0,0,0,0,是-商品卡免佣,0.22,义乌市衍郝电子商务商行,订单结算
2026-04-23 10:28:40,'2026042310283812843095500159,入账,5.26,聚合账户,货款结算入账,小店自卖,'6925671815592312516,'6925671815592312516,'SS76307628891333309850178,2026-04-17 19:07:14,'3809625164249956608,孕妇专用防滑拖鞋女士夏季家居家室内静音浴室洗澡防臭凉拖鞋外穿,,,普通订单,5.29,0,0,0,0,0,0,0,0,0,0,0,-0.03,0,0,0,0,0,0,是-商品卡免佣,0.22,义乌市衍郝电子商务商行,订单结算
2026-04-23 10:28:40,'2026042310283626864235930159,入账,8.45,聚合账户,货款结算入账,巨量千川,'6952168296422118761,'6952168296422118761,'SS76307776777224691460206,2026-04-17 22:59:07,'3800198492568289686,买一送一爆款凉拖鞋男士夏季情侣2026新款家居防滑防臭厚底拖鞋女,,,普通订单,8.9,0,0,0,0,0,0,0,0,0,0,0,-0.45,0,0,0,0,0,0,,0,义乌市衍郝电子商务商行,订单结算
2026-04-23 10:28:40,'2026042310283523415895460159,入账,4.96,聚合账户,货款结算入账,小店自卖,'6952041328527349025,'6952041328527349025,'SS76307238863716355070178,2026-04-13 11:48:57,'3809625164249956608,孕妇专用防滑拖鞋女士夏季家居家室内静音浴室洗澡防臭凉拖鞋外穿,,,普通订单,4.99,0,0,0,0,0,0,0,0,0,0,0,-0.03,0,0,0,0,0,0,是-商品卡免佣,0.22,义乌市衍郝电子商务商行,订单结算
2026-04-23 10:28:56,'2026042310285200382408310159,入账,5.26,聚合账户,货款结算入账,小店自卖,'6952146499147142525,'6952146499147011453,'SS76307270835469688860125,2026-04-18 09:41:43,'3757533694093557766,山茶花发卡网红爆款抓夹新款半扎发夹女2025大号在成人碎发夹子,,,普通订单,5.29,0,0,0,0,0,0,0,0,0,0,0,-0.03,0,0,0,0,0,0,是-商品卡免佣,0.22,义乌市衍郝电子商务商行,订单结算
2026-04-23 10:28:56,'2026042310285119507820150159,入账,3.96,聚合账户,货款结算入账,小店自卖,'6952067820119004316,'6952067820118742172,'SS76306457588702131720142,2026-04-14 14:17:14,'3812795676727836686,趣味黑皮可爱KT猫咪刘海贴碎发整理神器魔术贴无痕发夹女头饰发饰,,,普通订单,3.98,0,0,0,0,0,0,0,0,0,0,0,-0.02,0,0,0,0,0,0,是-商品卡免佣,0.15,义乌市衍郝电子商务商行,订单结算
2026-04-23 10:28:56,'2026042310285130210831620159,入账,3.62,聚合账户,货款结算入账,小店自卖,'6925554406490275563,'6925554406490275563,'SS76306668792924577800222,2026-04-12 22:29:40,'3752323576548688241,中国风孔雀盘发器女生古典旗袍发饰丸子懒人高级感饰品优雅发夹女,,,普通订单,3.81,0,0,0,0,0,0,0,0,0,0,0,-0.19,0,0,0,0,0,0,,0,义乌市衍郝电子商务商行,订单结算
2026-04-23 10:28:56,'2026042310285040232881050159,入账,4.96,聚合账户,货款结算入账,小店自卖,'6952173413310797106,'6952173413310797106,'SS76306359655189714070145,2026-04-18 11:07:23,'3777378186900406322,卡通小熊毛绒侧边夹女大号刘海发夹可爱发卡儿童碎发鸭嘴夹子头,,,普通订单,2.99,0,0,0,0,0,0,0,0,2,0,0,-0.03,0,0,0,0,0,0,是-商品卡免佣,0.22,义乌市衍郝电子商务商行,订单结算
2026-04-23 10:28:56,'2026042310285220302077950159,入账,3.2,聚合账户,货款结算入账,小店自卖,'6925546236883991614,'6925546236883991614,'SS76307501295665318830108,2026-04-12 16:56:00,'3809044568205295744,日常碎发波浪发箍2026新款高颜值高颅顶外出百搭洗脸专用头箍女,,,普通订单,3.22,0,0,0,0,0,0,0,0,0,0,0,-0.02,0,0,0,0,0,0,是-商品卡免佣,0.15,义乌市衍郝电子商务商行,订单结算
2026-04-23 10:30:57,'2026042310305335788887440159,入账,4.86,聚合账户,货款结算入账,小店自卖,'6952034731569714197,'6952034731569714197,'SS76307409015647647180058,2026-04-13 11:54:31,'3811102963569655948,春夏撞色蝴蝶结发夹发卡女后脑勺2026新款气质大号盘发鸭嘴夹发饰,,,普通订单,4.89,0,0,0,0,0,0,0,0,0,0,0,-0.03,0,0,0,0,0,0,是-商品卡免佣,0.22,义乌市衍郝电子商务商行,订单结算
2026-04-23 10:30:57,'2026042310305415520238230159,入账,3.46,聚合账户,货款结算入账,小店自卖,'6952021721015063889,'6952021721015063889,'SS76306999688141706670156,2026-04-13 09:26:32,'3773433055411306662,2025太太高级鸭嘴气质马尾夹子头饰精致水大号在成人前额碎发夹子,,,普通订单,3.48,0,0,0,0,0,0,0,0,0,0,0,-0.02,0,0,0,0,0,0,是-商品卡免佣,0.15,义乌市衍郝电子商务商行,订单结算
2026-04-23 10:30:57,'2026042310305330162171380159,入账,4.96,聚合账户,货款结算入账,小店自卖,'6925534039775215147,'6925534039775215147,'SS76306420881706688540118,2026-04-12 17:29:10,'3809625164249956608,孕妇专用防滑拖鞋女士夏季家居家室内静音浴室洗澡防臭凉拖鞋外穿,,,普通订单,4.99,0,0,0,0,0,0,0,0,0,0,0,-0.03,0,0,0,0,0,0,是-商品卡免佣,0.22,义乌市衍郝电子商务商行,订单结算
2026-04-23 10:30:57,'2026042310305232724751630159,入账,3.93,聚合账户,货款结算入账,小店自卖,'6925551518954979290,'6925551518954979290,'SS76306666672904768000003,2026-04-12 19:41:39,'3809975766641410463,高级感水钻珠珠一字扭扭夹2026新款盘发抓夹后脑勺发量多发夹头饰,,,普通订单,3.95,0,0,0,0,0,0,0,0,0,0,0,-0.02,0,0,0,0,0,0,是-商品卡免佣,0.15,义乌市衍郝电子商务商行,订单结算
2026-04-23 10:30:57,'2026042310305403445399300159,入账,4.87,聚合账户,货款结算入账,小店自卖,'6925633054236311483,'6925633054236311483,'SS76306382491117325060074,2026-04-16 10:13:07,'3799023022220903050,2026新款EVA家居室内不臭脚拖鞋男士夏季踩屎感防滑洗澡凉拖女式,,,普通订单,4.9,0,0,0,0,0,0,0,0,0,0,0,-0.03,0,0,0,0,0,0,是-商品卡免佣,0.22,义乌市衍郝电子商务商行,订单结算
2026-04-23 10:31:14,'2026042310311124211791870159,入账,3.87,聚合账户,货款结算入账,小店自卖,'6925650860427345632,'6925650860427345632,'SS76306644355600059340002,2026-04-16 19:57:07,'3806656594406670373,虞书欣同款发扣小金属圆圈环扣刘海前额侧边边夹发夹抓夹发卡夹子,,,普通订单,3.89,0,0,0,0,0,0,0,0,0,0,0,-0.02,0,0,0,0,0,0,是-商品卡免佣,0.15,义乌市衍郝电子商务商行,订单结算
2026-04-23 10:31:14,'2026042310311029555471450159,入账,8.45,聚合账户,货款结算入账,小店自卖,'6925540131967434222,'6925540131967434222,'SS76307409085728076800231,2026-04-12 19:28:03,'3811102963569655948,春夏撞色蝴蝶结发夹发卡女后脑勺2026新款气质大号盘发鸭嘴夹发饰,,,普通订单,8.5,0,0,0,0,0,0,0,0,0,0,0,-0.05,0,0,0,0,0,0,是-商品卡免佣,0.37,义乌市衍郝电子商务商行,订单结算
2026-04-23 10:31:14,'2026042310311036712166780159,入账,4.54,聚合账户,货款结算入账,小店自卖,'6925560940088753668,'6925560940088753668,'SS76306669188151711180120,2026-04-13 07:08:02,'3799224164339024287,高级感满钻蝴蝶结小发夹女侧边刘海夹气质发卡头饰迷你鸭嘴夹子,,,普通订单,4.57,0,0,0,0,0,0,0,0,0,0,0,-0.03,0,0,0,0,0,0,是-商品卡免佣,0.22,义乌市衍郝电子商务商行,订单结算
2026-04-23 10:31:14,'2026042310311140817794970159,入账,3.36,聚合账户,货款结算入账,小店自卖,'6952029746318546893,'6952029746318546893,'SS76307375413104315310219,2026-04-13 00:27:36,'3812796426258350389,夏天简约随手盘发一字扭扭夹水钻抓夹高级发夹扭扭后脑勺盘发器,,,普通订单,3.38,0,0,0,0,0,0,0,0,0,0,0,-0.02,0,0,0,0,0,0,是-商品卡免佣,0.15,义乌市衍郝电子商务商行,订单结算
2026-04-23 10:31:14,'2026042310311218230195460159,入账,5.95,聚合账户,货款结算入账,小店自卖,'6952015972042151229,'6952015972042151229,'SS76306425171821857700135,2026-04-12 18:00:38,'3799223154979766395,印花小熊防滑防臭抑菌拖鞋女士2026新款夏季浴室情侣家用凉拖男士,,,普通订单,4.99,0,0,0,0,0,0,0,0,1,0,0,-0.04,0,0,0,0,0,0,是-商品卡免佣,0.29,义乌市衍郝电子商务商行,订单结算
2026-04-23 10:31:14,'2026042310311022377150070159,入账,4.96,聚合账户,货款结算入账,小店自卖,'6952012282014143775,'6952012282014143775,'SS76306671808579996260120,2026-04-12 22:30:41,'3809625164249956608,孕妇专用防滑拖鞋女士夏季家居家室内静音浴室洗澡防臭凉拖鞋外穿,,,普通订单,4.99,0,0,0,0,0,0,0,0,0,0,0,-0.03,0,0,0,0,0,0,是-商品卡免佣,0.22,义乌市衍郝电子商务商行,订单结算
2026-04-23 10:31:15,'2026042310311113473548900159,入账,7.75,聚合账户,货款结算入账,小店自卖,'6952047893604013281,'6952047893604013281,'SS76307365866546465780149,2026-04-13 11:00:03,'3812988718369865893,可爱小熊眼镜2026新款发卡发夹女边夹侧边鸭嘴夹前额刘海夹子头饰,,,普通订单,7.8,0,0,0,0,0,0,0,0,0,0,0,-0.05,0,0,0,0,0,0,是-商品卡免佣,0.37,义乌市衍郝电子商务商行,订单结算
2026-04-23 10:31:15,'2026042310311104759926020159,入账,3.65,聚合账户,货款结算入账,小店自卖,'6952029519410763257,'6952029519410763257,'SS76306666173661355670071,2026-04-12 21:42:31,'3812600459668095315,金枝玉叶韩系发梳闪钻时尚高颅顶倒插梳树叶防滑发夹百搭发卡发饰,,,普通订单,3.67,0,0,0,0,0,0,0,0,0,0,0,-0.02,0,0,0,0,0,0,是-商品卡免佣,0.15,义乌市衍郝电子商务商行,订单结算
2026-04-23 10:31:15,'2026042310311127190891620159,入账,4.86,聚合账户,货款结算入账,小店自卖,'6952010085348546366,'6952010085348546366,'SS76306668543356936100081,2026-04-13 02:31:36,'3809980984917622883,韩系高马尾香蕉夹竖夹女2026新款高级感发夹后脑勺大发量发饰头饰,,,普通订单,4.89,0,0,0,0,0,0,0,0,0,0,0,-0.03,0,0,0,0,0,0,是-商品卡免佣,0.22,义乌市衍郝电子商务商行,订单结算
2026-04-23 10:31:15,'2026042310311128485716860159,入账,8.85,聚合账户,货款结算入账,小店自卖,'6925558641963531465,'6925558641963531465,'SS76306671801993016750153,2026-04-13 00:08:46,'3800198492568289686,买一送一爆款凉拖鞋男士夏季情侣2026新款家居防滑防臭厚底拖鞋女,,,普通订单,8.9,0,0,0,0,0,0,0,0,0,0,0,-0.05,0,0,0,0,0,0,是-商品卡免佣,0.37,义乌市衍郝电子商务商行,订单结算
2026-04-23 10:31:30,'2026042310312619613125630159,入账,2.97,聚合账户,货款结算入账,小店自卖,'6925650660652777105,'6925650660652777105,'SS76308010842687083870064,2026-04-16 18:18:48,'3752323907361833246,敲甜蝴蝶结编发发夹新款网红碎发夹刘海夹大号在成人大号毛绒鲨鱼,,,普通订单,2.99,0.8,0,0,0,0,0,0,0,0,0,0,-0.02,0,0,0,0,0,0,是-商品卡免佣,0.15,义乌市衍郝电子商务商行,订单结算
2026-04-23 10:31:30,'2026042310312628488506880159,入账,8.45,聚合账户,货款结算入账,小店自卖,'6952158280272909934,'6952158280272909934,'SS76307468990664056420249,2026-04-18 12:06:25,'3800198492568289686,买一送一爆款凉拖鞋男士夏季情侣2026新款家居防滑防臭厚底拖鞋女,,,普通订单,8.9,0,0,0,0,0,0,0,0,0,0,0,-0.45,0,0,0,0,0,0,,0,义乌市衍郝电子商务商行,订单结算
2026-04-23 10:31:30,'2026042310312618714304270159,入账,4.96,聚合账户,货款结算入账,小店自卖,'6951998227519116804,'6951998227519116804,'SS76306428022207493540181,2026-04-12 20:11:42,'3809625164249956608,孕妇专用防滑拖鞋女士夏季家居家室内静音浴室洗澡防臭凉拖鞋外穿,,,普通订单,4.99,0,0,0,0,0,0,0,0,0,0,0,-0.03,0,0,0,0,0,0,是-商品卡免佣,0.22,义乌市衍郝电子商务商行,订单结算
2026-04-23 10:31:30,'2026042310312707767700940159,入账,3.47,聚合账户,货款结算入账,小店自卖,'6952036835316208685,'6952036835316208685,'SS76307001021141977940063,2026-04-13 11:12:03,'3773441911558373750,路易斯气质新款盘发高级丸子头优雅头花大号头饰赫本发夹鲨鱼法式,,,普通订单,3.49,0,0,0,0,0,0,0,0,0,0,0,-0.02,0,0,0,0,0,0,是-商品卡免佣,0.15,义乌市衍郝电子商务商行,订单结算
2026-04-23 10:31:30,'2026042310312625052452340159,入账,2.97,聚合账户,货款结算入账,小店自卖,'6925560751976578950,'6925560751976578950,'SS76306668836507000720084,2026-04-13 01:08:21,'3811102963569655948,春夏撞色蝴蝶结发夹发卡女后脑勺2026新款气质大号盘发鸭嘴夹发饰,,,普通订单,2.99,0,0,0,0,0,0,0,0,0,0,0,-0.02,0,0,0,0,0,0,是-商品卡免佣,0.15,义乌市衍郝电子商务商行,订单结算
2026-04-23 10:31:30,'2026042310312720344179660159,入账,5.07,聚合账户,货款结算入账,小店自卖,'6925562021048844059,'6925562021048844059,'SS76307406554294891790005,2026-04-13 14:42:18,'3776807804489302292,豹纹ins爱心发夹女一字夹高端碎发前额刘大号在成人前额碎发夹子,,,普通订单,5.1,0,0,0,0,0,0,0,0,0,0,0,-0.03,0,0,0,0,0,0,是-商品卡免佣,0.22,义乌市衍郝电子商务商行,订单结算
2026-04-23 10:31:30,'2026042310312728744752740159,入账,2.18,聚合账户,货款结算入账,小店自卖,'6925687693717372041,'6925687693717372041,'SS76308088690227289660201,2026-04-18 08:15:08,'3774210871656579079,小众不规则配饰撞色女新款高级感发卡爆款大号鲨鱼夹发夹气质头饰,,,普通订单,1.57,0,0,0,0,0,0,0,1.67,0,0,-1.05,-0.01,0,0,0,0,0,0,是-商品卡免佣,0.07,义乌市衍郝电子商务商行,订单结算
2026-04-23 10:31:30,'2026042310312625474337430159,入账,5.38,聚合账户,货款结算入账,小店自卖,'6952041129185908649,'6952041129185908649,'SS76307477541551314260202,2026-04-13 09:21:38,'3806656594406670373,虞书欣同款发扣小金属圆圈环扣刘海前额侧边边夹发夹抓夹发卡夹子,,,普通订单,5.41,0,0,0,0,0,0,0,0,0,0,0,-0.03,0,0,0,0,0,0,是-商品卡免佣,0.22,义乌市衍郝电子商务商行,订单结算
2026-04-23 10:31:30,'2026042310312621062126350159,入账,5.48,聚合账户,货款结算入账,小店自卖,'6925542411450940498,'6925542411450940498,'SS76306667001547819790190,2026-04-12 20:50:48,'3621925144525668908,波浪头箍发卡马尾压发优雅发带夹子夹头发压发扎头绳大肠发圈红色,,,普通订单,5.51,0,0,0,0,0,0,0,0,0,0,0,-0.03,0,0,0,0,0,0,是-商品卡免佣,0.22,义乌市衍郝电子商务商行,订单结算
2026-04-23 10:31:30,'2026042310312632215905680159,入账,3.37,聚合账户,货款结算入账,小店自卖,'6952009976580347080,'6952009976580347080,'SS76306668411453278780079,2026-04-12 23:49:29,'3659542706419563442,在逃公主大蝴蝶结抓夹马尾黑色双面发饰鲨鱼夹子发夹女后脑勺发卡,,,普通订单,3.39,0,0,0,0,0,0,0,0,0,0,0,-0.02,0,0,0,0,0,0,是-商品卡免佣,0.15,义乌市衍郝电子商务商行,订单结算
2026-04-23 10:31:32,'2026042310313020596372740159,入账,6.51,聚合账户,货款结算入账,小店自卖,'6925549701794725775,'6925549701794725775,'SS76306668153918266880245,2026-04-13 00:16:04,'3811098503330005269,雾色暖秋~氛围感带齿高颅顶头箍旅行发卡气质姜黄丝绒蝴蝶结发箍,,,普通订单,6.55,0,0,0,0,0,0,0,0,0,0,0,-0.04,0,0,0,0,0,0,是-商品卡免佣,0.29,义乌市衍郝电子商务商行,订单结算
2026-04-23 10:31:32,'2026042310312834440814600159,入账,4.86,聚合账户,货款结算入账,小店自卖,'6952041336808674438,'6952041336808674438,'SS76307408995760218100151,2026-04-13 11:19:37,'3811102963569655948,春夏撞色蝴蝶结发夹发卡女后脑勺2026新款气质大号盘发鸭嘴夹发饰,,,普通订单,4.89,0,0,0,0,0,0,0,0,0,0,0,-0.03,0,0,0,0,0,0,是-商品卡免佣,0.22,义乌市衍郝电子商务商行,订单结算
2026-04-23 10:31:32,'2026042310313005418726860159,入账,8.85,聚合账户,货款结算入账,小店自卖,'6925543506231787176,'6925543506231787176,'SS76307389457851522910150,2026-04-13 09:56:52,'3800198492568289686,买一送一爆款凉拖鞋男士夏季情侣2026新款家居防滑防臭厚底拖鞋女,,,普通订单,8.9,0,0,0,0,0,0,0,0,0,0,0,-0.05,0,0,0,0,0,0,是-商品卡免佣,0.37,义乌市衍郝电子商务商行,订单结算
2026-04-23 10:31:32,'2026042310312929826911120159,入账,8.85,聚合账户,货款结算入账,小店自卖,'6952009580347332268,'6952009580347332268,'SS76306426204316306550227,2026-04-12 20:25:15,'3800198492568289686,买一送一爆款凉拖鞋男士夏季情侣2026新款家居防滑防臭厚底拖鞋女,,,普通订单,8.9,0,0,0,0,0,0,0,0,0,0,0,-0.05,0,0,0,0,0,0,是-商品卡免佣,0.37,义乌市衍郝电子商务商行,订单结算
2026-04-23 10:31:32,'2026042310312937666985110159,入账,4.16,聚合账户,货款结算入账,小店自卖,'6952141557232833564,'6952141557232833564,'SS76308097611855137700205,2026-04-17 17:02:30,'3811083906791374873,懒人扎高马尾不塌神器啪啪圈发圈头绳显发量丸子头不伤发发绳头饰,,,普通订单,4.38,0,0,0,0,0,0,0,0,0,0,0,-0.22,0,0,0,0,0,0,,0,义乌市衍郝电子商务商行,订单结算
2026-04-23 10:31:49,'2026042310314613187855360159,入账,3.78,聚合账户,货款结算入账,小店自卖,'6951997831222990392,'6951997831222990392,'SS76307017718158303240250,2026-04-12 15:17:20,'3783078074455819331,法式黑色缎面蝴蝶结抓夹女高级感2025新款大号在成人前额碎发夹子,,,普通订单,3.8,0,0,0,0,0,0,0,0,0,0,0,-0.02,0,0,0,0,0,0,是-商品卡免佣,0.15,义乌市衍郝电子商务商行,订单结算
2026-04-23 10:31:49,'2026042310314538648384380159,入账,2.96,聚合账户,货款结算入账,小店自卖,'6952074596192950138,'6952074596192950138,'SS76306159850950047240146,2026-04-14 18:39:49,'3812961166053999319,ins爆款卡通蓬松夹鸭嘴夹一字夹化妆发夹超萌可爱猫咪少女刘海夹,,,普通订单,2.98,0,0,0,0,0,0,0,0,0,0,0,-0.02,0,0,0,0,0,0,是-商品卡免佣,0.15,义乌市衍郝电子商务商行,订单结算
2026-04-23 10:31:49,'2026042310314531669291930159,入账,4.96,聚合账户,货款结算入账,小店自卖,'6952032526457706136,'6952032526457706136,'SS76307241449215595880058,2026-04-13 10:58:29,'3809625164249956608,孕妇专用防滑拖鞋女士夏季家居家室内静音浴室洗澡防臭凉拖鞋外穿,,,普通订单,4.99,0,0,0,0,0,0,0,0,0,0,0,-0.03,0,0,0,0,0,0,是-商品卡免佣,0.22,义乌市衍郝电子商务商行,订单结算
2026-04-23 10:31:49,'2026042310314618751657390159,入账,4.96,聚合账户,货款结算入账,小店自卖,'6952043776031396878,'6952043776031396878,'SS76307239294302953230059,2026-04-13 11:03:31,'3809625164249956608,孕妇专用防滑拖鞋女士夏季家居家室内静音浴室洗澡防臭凉拖鞋外穿,,,普通订单,4.99,0,0,0,0,0,0,0,0,0,0,0,-0.03,0,0,0,0,0,0,是-商品卡免佣,0.22,义乌市衍郝电子商务商行,订单结算
2026-04-23 10:31:49,'2026042310314608606234060159,入账,1.88,聚合账户,货款结算入账,小店自卖,'6925553859954572751,'6925553859954572751,'SS76295424669924073050193,2026-04-12 19:31:03,'3752323855864168814,飘带齿梳发箍波浪高颅顶高颅顶宫廷编发发箍女复红色蝴蝶结发饰,,,普通订单,2.89,0,0,0,0,0,0,0,0,0,0,-1,-0.01,0,0,0,0,0,0,是-商品卡免佣,0.07,义乌市衍郝电子商务商行,订单结算
2026-04-23 10:31:49,'2026042310314506721214070159,入账,2.61,聚合账户,货款结算入账,小店自卖,'6952037000021284561,'6952037000021284561,'SS76307429948905234380007,2026-04-13 12:43:47,'3809980984917622883,韩系高马尾香蕉夹竖夹女2026新款高级感发夹后脑勺大发量发饰头饰,,,普通订单,2.63,0,0,0,0,0,0,0,0,0,0,0,-0.02,0,0,0,0,0,0,是-商品卡免佣,0.15,义乌市衍郝电子商务商行,订单结算
2026-04-23 10:31:49,'2026042310314509661816670159,入账,12.72,聚合账户,货款结算入账,小店自卖,'6952106663283725957,'6952106663283725957,'SS76307055554769925270211,2026-04-16 19:30:13,'3810919823941174195,中式复古洋气多层小蛮腰褶皱印花肥肠圈高端水墨皮筋耐用新款发圈,,,普通订单,12.8,0,0,0,0,0,0,0,0,0,0,0,-0.08,0,0,0,0,0,0,是-商品卡免佣,0.59,义乌市衍郝电子商务商行,订单结算
2026-04-23 10:31:49,'2026042310314609191267940159,入账,8.25,聚合账户,货款结算入账,小店自卖,'6925544461444415200,'6925544461444415200,'SS76306666776258319760119,2026-04-12 19:09:00,'3800918464336625694,韩式少女心花朵发夹女2026新款甜美前额侧边发卡一字夹刘海夹发饰,,,普通订单,8.3,0.8,0,0,0,0,0,0,0,0,0,0,-0.05,0,0,0,0,0,0,是-商品卡免佣,0.37,义乌市衍郝电子商务商行,订单结算
2026-04-23 10:31:49,'2026042310314621327426940159,入账,3.1,聚合账户,货款结算入账,小店自卖,'6925559786781245175,'6925559786781245175,'SS76307248188886103390057,2026-04-13 13:46:11,'3810393692611674121,小众不规则抓夹大号发量大发夹女后脑勺鲨鱼夹发卡2026新款头饰,,,普通订单,3.12,0,0,0,0,0,0,0,0,0,0,0,-0.02,0,0,0,0,0,0,是-商品卡免佣,0.15,义乌市衍郝电子商务商行,订单结算
2026-04-23 10:31:49,'2026042310314534775534590159,入账,2.91,聚合账户,货款结算入账,小店自卖,'6925668425711976002,'6925668425711976002,'SS76307963427832346060197,2026-04-18 10:24:52,'3799233069819494744,韩国气质精致百搭炫彩闪钻少女侧边夹水钻刘海夹顶夹马尾夹鸭嘴夹,,,普通订单,2.93,0,0,0,0,0,0,0,0,0,0,0,-0.02,0,0,0,0,0,0,是-商品卡免佣,0.15,义乌市衍郝电子商务商行,订单结算
2026-04-23 10:31:49,'2026042310314527863616360159,入账,3.36,聚合账户,货款结算入账,小店自卖,'6952123783120360949,'6952123783120360949,'SS76306061946584931840069,2026-04-16 08:53:19,'3812796426258350389,夏天简约随手盘发一字扭扭夹水钻抓夹高级发夹扭扭后脑勺盘发器,,,普通订单,3.38,0,0,0,0,0,0,0,0,0,0,0,-0.02,0,0,0,0,0,0,是-商品卡免佣,0.15,义乌市衍郝电子商务商行,订单结算
2026-04-23 10:31:49,'2026042310314415425418600159,入账,13.32,聚合账户,货款结算入账,小店自卖,'6952134495707403383,'6952134495707403383,'SS76300541572328044030000,2026-04-17 10:01:09,'3800198492568289686,买一送一爆款凉拖鞋男士夏季情侣2026新款家居防滑防臭厚底拖鞋女,,,普通订单,17.8,0,0,0,0,0,0,0,0,0,0,-4.4,-0.08,0,0,0,0,0,0,是-商品卡免佣,0.59,义乌市衍郝电子商务商行,订单结算
2026-04-23 10:31:49,'2026042310314511649687390159,入账,1.79,聚合账户,货款结算入账,小店自卖,'6952093794065323965,'6952093794065323965,'SS76306390250281866660013,2026-04-15 14:58:27,'3752324139441062001,多款造型男士发箍潮男隐形压发背头波浪发窟头箍韩红色蝴蝶结发饰,,,普通订单,1.8,0,0,0,0,0,0,0,0,0,0,0,-0.01,0,0,0,0,0,0,是-商品卡免佣,0.07,义乌市衍郝电子商务商行,订单结算
2026-04-23 10:31:49,'2026042310314540950336350159,入账,3.97,聚合账户,货款结算入账,小店自卖,'6952028349839971938,'6952028349839971938,'SS76292965357125312350250,2026-04-13 11:12:15,'3807584451282731335,缎面高级感碎花蝴蝶结抓夹新款百搭后脑盘发鲨鱼夹马尾夹高档发夹,,,普通订单,3.99,0,0,0,0,0,0,0,0,0,0,0,-0.02,0,0,0,0,0,0,是-商品卡免佣,0.15,义乌市衍郝电子商务商行,订单结算
2026-04-23 10:31:49,'2026042310314627813156350159,入账,5.57,聚合账户,货款结算入账,小店自卖,'6925642460699524980,'6925642460699524980,'SS76307763777555993600245,2026-04-17 00:27:00,'3809056869209735557,蝴蝶结发带女2026新款飘带头绳大肠发圈高级感扎头发皮筋发绳发饰,,,普通订单,5.6,0.3,0,0,0,0,0,0,0,0,0,0,-0.03,0,0,0,0,0,0,是-商品卡免佣,0.22,义乌市衍郝电子商务商行,订单结算
2026-04-23 10:31:49,'2026042310314704077327740159,入账,4.74,聚合账户,货款结算入账,小店自卖,'6925546888413085668,'6925546888413085668,'SS76306671898775065690214,2026-04-12 21:30:20,'3809625164249956608,孕妇专用防滑拖鞋女士夏季家居家室内静音浴室洗澡防臭凉拖鞋外穿,,,普通订单,4.99,0,0,0,0,0,0,0,0,0,0,0,-0.25,0,0,0,0,0,0,,0,义乌市衍郝电子商务商行,订单结算
2026-04-23 10:31:49,'2026042310314436478162430159,入账,3.59,聚合账户,货款结算入账,小店自卖,'6925546691015441765,'6925546691015441765,'SS76306678629285729280121,2026-04-12 20:35:59,'3797749369206342546,豹纹大肠发圈高级小众手工韩国新款头绳编织显发量马尾丸子头发绳,,,普通订单,3.61,0,0,0,0,0,0,0,0,0,0,0,-0.02,0,0,0,0,0,0,是-商品卡免佣,0.15,义乌市衍郝电子商务商行,订单结算
2026-04-23 10:31:49,'2026042310314633430574350159,入账,6.95,聚合账户,货款结算入账,小店自卖,'6925538455984307951,'6925538455984307951,'SS76307238824357115240139,2026-04-12 18:02:34,'3809627569339367610,印花小熊防滑拖鞋女士家居室内2025新款夏季洗澡家用eva静音凉拖,,,普通订单,6.99,0,0,0,0,0,0,0,0,0,0,0,-0.04,0,0,0,0,0,0,是-商品卡免佣,0.29,义乌市衍郝电子商务商行,订单结算
2026-04-23 10:31:49,'2026042310314704082242940159,入账,4.96,聚合账户,货款结算入账,小店自卖,'6952006823372789559,'6952006823372789559,'SS76306425732005071900079,2026-04-12 14:45:29,'3799023022220903050,2026新款EVA家居室内不臭脚拖鞋男士夏季踩屎感防滑洗澡凉拖女式,,,普通订单,4.99,0,0,0,0,0,0,0,0,0,0,0,-0.03,0,0,0,0,0,0,是-商品卡免佣,0.22,义乌市衍郝电子商务商行,订单结算
2026-04-23 10:31:49,'2026042310314631461094660159,入账,8.85,聚合账户,货款结算入账,小店自卖,'6925565256449686723,'6925565256449686723,'SS76307389964863780180007,2026-04-13 13:55:02,'3800198492568289686,买一送一爆款凉拖鞋男士夏季情侣2026新款家居防滑防臭厚底拖鞋女,,,普通订单,8.9,0,0,0,0,0,0,0,0,0,0,0,-0.05,0,0,0,0,0,0,是-商品卡免佣,0.37,义乌市衍郝电子商务商行,订单结算
2026-04-23 10:31:49,'2026042310314618455268380159,入账,5.26,聚合账户,货款结算入账,小店自卖,'6952167226755847528,'6952167226755847528,'SS76306914551829629800070,2026-04-18 12:41:43,'3809625164249956608,孕妇专用防滑拖鞋女士夏季家居家室内静音浴室洗澡防臭凉拖鞋外穿,,,普通订单,5.29,0,0,0,0,0,0,0,0,0,0,0,-0.03,0,0,0,0,0,0,是-商品卡免佣,0.22,义乌市衍郝电子商务商行,订单结算
2026-04-23 10:31:50,'2026042310314527966021470159,入账,3.67,聚合账户,货款结算入账,小店自卖,'6952075955998955189,'6952075955998889653,'SS76308293859098465470241,2026-04-15 14:29:56,'3797744148640039074,新款法式公主头赫本抓夹女冬季发抓后脑勺高级感气质鲨鱼夹子发卡,,,普通订单,3.69,0,0,0,0,0,0,0,0,0,0,0,-0.02,0,0,0,0,0,0,是-商品卡免佣,0.15,义乌市衍郝电子商务商行,订单结算
2026-04-23 10:31:50,'2026042310314316702387390159,入账,5.25,聚合账户,货款结算入账,小店自卖,'6952005358415385882,'6952005358415385882,'SS76306668325345859080072,2026-04-12 22:12:25,'3767675591411761485,显白牛油果绿系列小丝巾缠包模特搭配装饰品丝带绑红色蝴蝶结发饰,,,普通订单,5.28,0,0,0,0,0,0,0,0,0,0,0,-0.03,0,0,0,0,0,0,是-商品卡免佣,0.22,义乌市衍郝电子商务商行,订单结算
2026-04-23 10:31:50,'2026042310314528201825640159,入账,4.87,聚合账户,货款结算入账,小店自卖,'6952106742339016628,'6952106742339016628,'SS76308551277499026340225,2026-04-16 20:21:05,'3800198492568289686,买一送一爆款凉拖鞋男士夏季情侣2026新款家居防滑防臭厚底拖鞋女,,,普通订单,4.9,0,0,0,0,0,0,0,0,0,0,0,-0.03,0,0,0,0,0,0,是-商品卡免佣,0.22,义乌市衍郝电子商务商行,订单结算
2026-04-23 10:31:50,'2026042310314711261916260159,入账,4.96,聚合账户,货款结算入账,小店自卖,'6925558092141133084,'6925558092141133084,'SS76306671799355804670039,2026-04-12 20:58:48,'3809625164249956608,孕妇专用防滑拖鞋女士夏季家居家室内静音浴室洗澡防臭凉拖鞋外穿,,,普通订单,4.99,0,0,0,0,0,0,0,0,0,0,0,-0.03,0,0,0,0,0,0,是-商品卡免佣,0.22,义乌市衍郝电子商务商行,订单结算
2026-04-23 10:31:50,'2026042310314619426842000159,入账,9.69,聚合账户,货款结算入账,小店自卖,'6952021074876372206,'6952021074876372206,'SS76306668835668794880090,2026-04-12 22:11:48,'3806648290204844347,秋冬复古ins彩虹格子蝴蝶结大肠头绳发圈丸子2026马尾发绳新款女,,,普通订单,9.75,0,0,0,0,0,0,0,0,0,0,0,-0.06,0,0,0,0,0,0,是-商品卡免佣,0.44,义乌市衍郝电子商务商行,订单结算
2026-04-23 10:31:50,'2026042310314638434250580159,入账,4.08,聚合账户,货款结算入账,小店自卖,'6952018823838701539,'6952018823838701539,'SS76306668792476964270090,2026-04-13 04:27:19,'3752321970432246133,宫廷发箍设计波西米亚风发箍宽边网红洋气气质头箍红色头饰发饰,,,普通订单,4.3,0,0,0,0,0,0,0,0,0,0,0,-0.22,0,0,0,0,0,0,,0,义乌市衍郝电子商务商行,订单结算
2026-04-23 10:31:50,'2026042310314617806669430159,入账,4.74,聚合账户,货款结算入账,小店自卖,'6952025646056150605,'6952025646056150605,'SS76307240972783785590118,2026-04-13 10:13:52,'3809625164249956608,孕妇专用防滑拖鞋女士夏季家居家室内静音浴室洗澡防臭凉拖鞋外穿,,,普通订单,4.99,0,0,0,0,0,0,0,0,0,0,0,-0.25,0,0,0,0,0,0,,0,义乌市衍郝电子商务商行,订单结算
2026-04-23 10:31:50,'2026042310314520646300700159,入账,5.91,聚合账户,货款结算入账,小店自卖,'6952127972276180494,'6952127972276180494,'SS76308664195424261750215,2026-04-17 14:15:46,'3807576505576456267,可爱蝴蝶结小猫无痕刘海魔术发饰少女前额星星kt侧边发贴整理神器,,,普通订单,5.95,0,0,0,0,0,0,0,0,0,0,0,-0.04,0,0,0,0,0,0,是-商品卡免佣,0.29,义乌市衍郝电子商务商行,订单结算
2026-04-23 10:32:06,'2026042310320303588470110159,入账,4.87,聚合账户,货款结算入账,小店自卖,'6952116675136132203,'6952116675136132203,'SS76306234818776768380149,2026-04-15 23:14:18,'3800198492568289686,买一送一爆款凉拖鞋男士夏季情侣2026新款家居防滑防臭厚底拖鞋女,,,普通订单,4.9,0,0,0,0,0,0,0,0,0,0,0,-0.03,0,0,0,0,0,0,是-商品卡免佣,0.22,义乌市衍郝电子商务商行,订单结算
2026-04-23 10:32:06,'2026042310320121528090000159,入账,5.77,聚合账户,货款结算入账,小店自卖,'6952022454773880557,'6952022454773880557,'SS76307406626647946590235,2026-04-12 17:25:08,'3800904142743011666,豹纹花朵发夹2026新款侧边夹发卡头饰女一字夹高端碎发前额刘海夹,,,普通订单,5.8,0,0,0,0,0,0,0,0,0,0,0,-0.03,0,0,0,0,0,0,是-商品卡免佣,0.22,义乌市衍郝电子商务商行,订单结算
2026-04-23 10:32:06,'2026042310320204854789270159,入账,9.6,聚合账户,货款结算入账,小店自卖,'6952014528205821518,'6952014528205821518,'SS76306668024581985540125,2026-04-13 05:36:20,'3768979814174818449,2025新款气质大号盘发鸭嘴夹春夏发卡蝴蝶大号在成人抓夹碎发夹子,,,普通订单,9.66,0,0,0,0,0,0,0,0,0,0,0,-0.06,0,0,0,0,0,0,是-商品卡免佣,0.44,义乌市衍郝电子商务商行,订单结算
2026-04-23 10:32:06,'2026042310320222027799390159,入账,4.65,聚合账户,货款结算入账,巨量千川,'6952125683045570066,'6952125683045570066,'SS76307541661864965270222,2026-04-17 12:39:58,'3800198492568289686,买一送一爆款凉拖鞋男士夏季情侣2026新款家居防滑防臭厚底拖鞋女,,,普通订单,4.9,0,0,0,0,0,0,0,0,0,0,0,-0.25,0,0,0,0,0,0,,0,义乌市衍郝电子商务商行,订单结算
2026-04-23 10:32:06,'2026042310320205180462180159,入账,5.46,聚合账户,货款结算入账,小店自卖,'6925533843452689859,'6925533843452689859,'SS76306665873385723340089,2026-04-12 16:06:01,'3806655969480540177,米菲兔巨显发量香蕉兔子后脑勺盘发百搭少女发饰时尚可爱波点大号,,,普通订单,5.49,0,0,0,0,0,0,0,0,0,0,0,-0.03,0,0,0,0,0,0,是-商品卡免佣,0.22,义乌市衍郝电子商务商行,订单结算
2026-04-23 10:32:19,'2026042310321631136036300159,入账,6.37,聚合账户,货款结算入账,小店自卖,'6925555465614359938,'6925555465614359938,'SS76306666878054897040147,2026-04-12 19:12:02,'3752323576548688241,中国风孔雀盘发器女生古典旗袍发饰丸子懒人高级感饰品优雅发夹女,,,普通订单,6.41,0,0,0,0,0,0,0,0,0,0,0,-0.04,0,0,0,0,0,0,是-商品卡免佣,0.29,义乌市衍郝电子商务商行,订单结算
2026-04-23 10:32:19,'2026042310321603957563150159,入账,8.85,聚合账户,货款结算入账,小店自卖,'6925547597189119143,'6925547597189119143,'SS76306420598563806810187,2026-04-13 06:56:14,'3800198492568289686,买一送一爆款凉拖鞋男士夏季情侣2026新款家居防滑防臭厚底拖鞋女,,,普通订单,8.9,0,0,0,0,0,0,0,0,0,0,0,-0.05,0,0,0,0,0,0,是-商品卡免佣,0.37,义乌市衍郝电子商务商行,订单结算
2026-04-23 10:32:19,'2026042310321513806635790159,入账,4.75,聚合账户,货款结算入账,小店自卖,'6925673069731807063,'6925673069731807063,'SS76307793947345925550002,2026-04-18 10:13:34,'3752324139441062001,多款造型男士发箍潮男隐形压发背头波浪发窟头箍韩红色蝴蝶结发饰,,,普通订单,4.78,0,0,0,0,0,0,0,0,0,0,0,-0.03,0,0,0,0,0,0,是-商品卡免佣,0.22,义乌市衍郝电子商务商行,订单结算
2026-04-23 10:32:19,'2026042310321618345172580159,入账,5.91,聚合账户,货款结算入账,小店自卖,'6925551567232532383,'6925551567232532383,'SS76306665944527549840042,2026-04-12 20:10:29,'3807576505576456267,可爱蝴蝶结小猫无痕刘海魔术发饰少女前额星星kt侧边发贴整理神器,,,普通订单,4.95,0,0,0,0,0,0,0,0,1,0,0,-0.04,0,0,0,0,0,0,是-商品卡免佣,0.29,义乌市衍郝电子商务商行,订单结算
2026-04-23 10:32:19,'2026042310321611498790750159,入账,12.9,聚合账户,货款结算入账,小店自卖,'6952034126620399391,'6952034126620399391,'SS76307367727178429790185,2026-04-12 23:35:23,'3812240028327870813,粉色双面蝴蝶结香蕉夹竖夹超温柔!气质高马尾发夹后脑勺发夹发饰,,,普通订单,12.98,0,0,0,0,0,0,0,0,0,0,0,-0.08,0,0,0,0,0,0,是-商品卡免佣,0.59,义乌市衍郝电子商务商行,订单结算
2026-04-23 10:32:20,'2026042310321711098732030159,入账,6.36,聚合账户,货款结算入账,小店自卖,'6925550249612967123,'6925550249612967123,'SS76307001056451343420143,2026-04-13 10:32:38,'3807584451282731335,缎面高级感碎花蝴蝶结抓夹新款百搭后脑盘发鲨鱼夹马尾夹高档发夹,,,普通订单,6.4,0,0,0,0,0,0,0,0,0,0,0,-0.04,0,0,0,0,0,0,是-商品卡免佣,0.29,义乌市衍郝电子商务商行,订单结算
2026-04-23 10:32:20,'2026042310321633229378980159,入账,6.44,聚合账户,货款结算入账,小店自卖,'6952027712772576925,'6952027712772576925,'SS76306997277465807790142,2026-04-12 23:40:07,'3806646636424331422,韩风珍珠抓夹小号发夹女后脑勺发卡小巧鲨鱼夹发抓迷你小夹子头饰,,,普通订单,6.48,0,0,0,0,0,0,0,0,0,0,0,-0.04,0,0,0,0,0,0,是-商品卡免佣,0.29,义乌市衍郝电子商务商行,订单结算
2026-04-23 10:32:20,'2026042310321526574686720159,入账,3.77,聚合账户,货款结算入账,小店自卖,'6952016429523604495,'6952016429523604495,'SS76306667255660219400036,2026-04-12 21:51:01,'3752324184429166813,奇妙萌可大人卡通发夹可爱洋气花朵新款发卡立体发饰学生彩色头饰,,,普通订单,3.97,0,0,0,0,0,0,0,0,0,0,0,-0.2,0,0,0,0,0,0,,0,义乌市衍郝电子商务商行,订单结算
2026-04-23 10:32:20,'2026042310321605107758490159,入账,4.35,聚合账户,货款结算入账,小店自卖,'6952033890781107878,'6952033890781107878,'SS76306667561598323550192,2026-04-12 21:55:55,'3811083906791374873,懒人扎高马尾不塌神器啪啪圈发圈头绳显发量丸子头不伤发发绳头饰,,,普通订单,4.38,0,0,0,0,0,0,0,0,0,0,0,-0.03,0,0,0,0,0,0,是-商品卡免佣,0.22,义乌市衍郝电子商务商行,订单结算
2026-04-23 10:32:20,'2026042310321528826995540159,入账,10.74,聚合账户,货款结算入账,小店自卖,'6952067715323008615,'6952067715322943079,'SS76306448959384335630011,2026-04-14 13:13:37,'3813319177406644229,迷你小号鸭嘴夹发夹侧边小夹子精致蝴蝶结碎发夹刘海夹高级感发卡,,,普通订单,10.8,0,0,0,0,0,0,0,0,0,0,0,-0.06,0,0,0,0,0,0,是-商品卡免佣,0.44,义乌市衍郝电子商务商行,订单结算
2026-04-23 10:32:20,'2026042310321613722957150159,入账,6.86,聚合账户,货款结算入账,小店自卖,'6952046710866581390,'6952046710866515854,'SS76307583664197307420010,2026-04-13 20:25:22,'3810393692611674121,小众不规则抓夹大号发量大发夹女后脑勺鲨鱼夹发卡2026新款头饰,,,普通订单,6.9,0,0,0,0,0,0,0,0,0,0,0,-0.04,0,0,0,0,0,0,是-商品卡免佣,0.29,义乌市衍郝电子商务商行,订单结算
2026-04-23 10:32:20,'2026042310321615620508520159,入账,2.62,聚合账户,货款结算入账,小店自卖,'6952014153079264299,'6952014153079264299,'SS76306666194399070810098,2026-04-12 21:53:04,'3812600459668095315,金枝玉叶韩系发梳闪钻时尚高颅顶倒插梳树叶防滑发夹百搭发卡发饰,,,普通订单,2.64,0,0,0,0,0,0,0,0,0,0,0,-0.02,0,0,0,0,0,0,是-商品卡免佣,0.15,义乌市衍郝电子商务商行,订单结算
2026-04-23 10:32:20,'2026042310321634479153160159,入账,4.74,聚合账户,货款结算入账,小店自卖,'6952037504522196083,'6952037504522196083,'SS76306962184981716990232,2026-04-13 18:27:48,'3809625164249956608,孕妇专用防滑拖鞋女士夏季家居家室内静音浴室洗澡防臭凉拖鞋外穿,,,普通订单,4.99,0,0,0,0,0,0,0,0,0,0,0,-0.25,0,0,0,0,0,0,,0,义乌市衍郝电子商务商行,订单结算
2026-04-23 10:32:20,'2026042310321627102420570159,入账,3.78,聚合账户,货款结算入账,小店自卖,'6925555024278158730,'6925555024278158730,'SS76306669783027878490092,2026-04-13 08:15:45,'3783078074455819331,法式黑色缎面蝴蝶结抓夹女高级感2025新款大号在成人前额碎发夹子,,,普通订单,3.8,0,0,0,0,0,0,0,0,0,0,0,-0.02,0,0,0,0,0,0,是-商品卡免佣,0.15,义乌市衍郝电子商务商行,订单结算
2026-04-23 10:32:32,'2026042310322727278218240159,入账,4.84,聚合账户,货款结算入账,小店自卖,'6952089915652707481,'6952089915652707481,'SS76306699931656527820016,2026-04-15 17:27:36,'3776807804489302292,豹纹ins爱心发夹女一字夹高端碎发前额刘大号在成人前额碎发夹子,,,普通订单,5.1,0,0,0,0,0,0,0,0,0,0,0,-0.26,0,0,0,0,0,0,,0,义乌市衍郝电子商务商行,订单结算
2026-04-23 10:32:32,'2026042310322822115617800159,入账,3.93,聚合账户,货款结算入账,小店自卖,'6952164157787674015,'6952164157787674015,'SS76307333923339146590135,2026-04-18 02:22:52,'3812961166053999319,ins爆款卡通蓬松夹鸭嘴夹一字夹化妆发夹超萌可爱猫咪少女刘海夹,,,普通订单,3.95,0,0,0,0,0,0,0,0,0,0,0,-0.02,0,0,0,0,0,0,是-商品卡免佣,0.15,义乌市衍郝电子商务商行,订单结算
2026-04-23 10:32:32,'2026042310322804869824410159,入账,2.99,聚合账户,货款结算入账,小店自卖,'6952020709952198219,'6952020709952198219,'SS76306669523574628100051,2026-04-12 19:40:04,'3812433686331260960,小号迷你鸭嘴夹发夹侧边小夹子精致蝴蝶结碎发夹刘海夹高级感发卡,,,普通订单,3.01,0,0,0,0,0,0,0,0,0,0,0,-0.02,0,0,0,0,0,0,是-商品卡免佣,0.15,义乌市衍郝电子商务商行,订单结算
2026-04-23 10:32:32,'2026042310322825634737270159,入账,4.87,聚合账户,货款结算入账,小店自卖,'6952024396006823599,'6952024396006823599,'SS76306425464699789220085,2026-04-12 16:00:56,'3800198492568289686,买一送一爆款凉拖鞋男士夏季情侣2026新款家居防滑防臭厚底拖鞋女,,,普通订单,4.9,0,0,0,0,0,0,0,0,0,0,0,-0.03,0,0,0,0,0,0,是-商品卡免佣,0.22,义乌市衍郝电子商务商行,订单结算
2026-04-23 10:32:32,'2026042310322914667003340159,入账,3.36,聚合账户,货款结算入账,小店自卖,'6925646784831979460,'6925646784831979460,'SS76306621335294653960016,2026-04-17 01:06:25,'3812796426258350389,夏天简约随手盘发一字扭扭夹水钻抓夹高级发夹扭扭后脑勺盘发器,,,普通订单,3.38,0,0,0,0,0,0,0,0,0,0,0,-0.02,0,0,0,0,0,0,是-商品卡免佣,0.15,义乌市衍郝电子商务商行,订单结算
2026-04-23 10:32:32,'2026042310322929511685500159,入账,8.85,聚合账户,货款结算入账,小店自卖,'6925614539966807808,'6925614539966807808,'SS76308179768130114660188,2026-04-15 11:01:30,'3800198492568289686,买一送一爆款凉拖鞋男士夏季情侣2026新款家居防滑防臭厚底拖鞋女,,,普通订单,8.9,0,0,0,0,0,0,0,0,0,0,0,-0.05,0,0,0,0,0,0,是-商品卡免佣,0.37,义乌市衍郝电子商务商行,订单结算
2026-04-23 10:32:32,'2026042310322924011289690159,入账,8.85,聚合账户,货款结算入账,小店自卖,'6925673845626535821,'6925673845626535821,'SS76308141496477458300035,2026-04-17 16:59:19,'3800198492568289686,买一送一爆款凉拖鞋男士夏季情侣2026新款家居防滑防臭厚底拖鞋女,,,普通订单,8.9,0,0,0,0,0,0,0,0,0,0,0,-0.05,0,0,0,0,0,0,是-商品卡免佣,0.37,义乌市衍郝电子商务商行,订单结算
2026-04-23 10:32:32,'2026042310322833556236900159,入账,2.84,聚合账户,货款结算入账,小店自卖,'6925563112797666760,'6925563112797666760,'SS76306821936563489910149,2026-04-13 13:50:56,'3813155747399860401,春日甜美感丸子头慵懒风超大发饰头绳超仙韩系碎花蕾丝大肠发圈女,,,普通订单,3.85,0,0,0,0,0,0,0,0,0,0,-1,-0.01,0,0,0,0,0,0,是-商品卡免佣,0.07,义乌市衍郝电子商务商行,订单结算
2026-04-23 10:32:32,'2026042310322737340943990159,入账,7.6,聚合账户,货款结算入账,小店自卖,'6952036362125776501,'6952036362125776501,'SS76306668777369154820146,2026-04-13 00:35:37,'3798679044816503235,秋冬花朵鸭嘴夹女2026新款高级感后脑勺盘发一字夹子大号发夹头饰,,,普通订单,7.65,0,0,0,0,0,0,0,0,0,0,0,-0.05,0,0,0,0,0,0,是-商品卡免佣,0.37,义乌市衍郝电子商务商行,订单结算
2026-04-23 10:32:32,'2026042310322918680263940159,入账,10.34,聚合账户,货款结算入账,小店自卖,'6925548745287433344,'6925548745287236736,'SS76306666096656553590051,2026-04-12 18:30:19,'3812961166053999319,ins爆款卡通蓬松夹鸭嘴夹一字夹化妆发夹超萌可爱猫咪少女刘海夹,,,普通订单,10.4,0,0,0,0,0,0,0,0,0,0,0,-0.06,0,0,0,0,0,0,是-商品卡免佣,0.44,义乌市衍郝电子商务商行,订单结算
2026-04-23 10:32:32,'2026042310322813856448520159,入账,8.85,聚合账户,货款结算入账,小店自卖,'6952037200721876851,'6952037200721876851,'SS76308057668823616420128,2026-04-13 15:24:32,'3800198492568289686,买一送一爆款凉拖鞋男士夏季情侣2026新款家居防滑防臭厚底拖鞋女,,,普通订单,8.9,0,0,0,0,0,0,0,0,0,0,0,-0.05,0,0,0,0,0,0,是-商品卡免佣,0.37,义乌市衍郝电子商务商行,订单结算
2026-04-23 10:32:32,'2026042310322914558169860159,入账,4.28,聚合账户,货款结算入账,小店自卖,'6925549418636279013,'6925549418636279013,'SS76306668840745864090146,2026-04-12 22:48:11,'3752323855864168814,飘带齿梳发箍波浪高颅顶高颅顶宫廷编发发箍女复红色蝴蝶结发饰,,,普通订单,4.31,0,0,0,0,0,0,0,0,0,0,0,-0.03,0,0,0,0,0,0,是-商品卡免佣,0.22,义乌市衍郝电子商务商行,订单结算
2026-04-23 10:32:32,'2026042310322821981432840159,入账,4.77,聚合账户,货款结算入账,小店自卖,'6952039393947227955,'6952039393947227955,'SS76307368625245396880055,2026-04-13 13:51:22,'3812240028327870813,粉色双面蝴蝶结香蕉夹竖夹超温柔!气质高马尾发夹后脑勺发夹发饰,,,普通订单,4.8,0,0,0,0,0,0,0,0,0,0,0,-0.03,0,0,0,0,0,0,是-商品卡免佣,0.22,义乌市衍郝电子商务商行,订单结算
2026-04-23 10:32:32,'2026042310322822090882560159,入账,4.28,聚合账户,货款结算入账,小店自卖,'6952019357337916643,'6952019357337916643,'SS76306998696192084840201,2026-04-13 12:09:34,'3752323855864168814,飘带齿梳发箍波浪高颅顶高颅顶宫廷编发发箍女复红色蝴蝶结发饰,,,普通订单,4.31,0,0,0,0,0,0,0,0,0,0,0,-0.03,0,0,0,0,0,0,是-商品卡免佣,0.22,义乌市衍郝电子商务商行,订单结算
2026-04-23 10:36:27,'2026042310362522321569430159,入账,5.26,聚合账户,货款结算入账,小店自卖,'6925663071613058700,'6925663071613058700,'SS76307907937854469630223,2026-04-17 18:20:36,'3809625164249956608,孕妇专用防滑拖鞋女士夏季家居家室内静音浴室洗澡防臭凉拖鞋外穿,,,普通订单,0.29,0,0,5,0,0,0,0,0,0,0,0,-0.03,0,0,0,0,0,0,是-商品卡免佣,0.22,义乌市衍郝电子商务商行,订单结算
2026-04-23 10:39:21,'2026042310391909277606920159,出账,1,聚合账户,小额打款,,'6952140670907585825,'6952140670907585825,,,,,,,普通订单,0,0,0,0,0,0,0,0,0,0,0,0,0,0,0,0,0,0,0,,0,义乌市衍郝电子商务商行,商家向消费者小额打款-“其他”
2026-04-23 10:42:47,'2026042310424430902236590159,出账,1,聚合账户,小额打款,,'6952174055918475007,'6952174055918475007,,,,,,,普通订单,0,0,0,0,0,0,0,0,0,0,0,0,0,0,0,0,0,0,0,,0,义乌市衍郝电子商务商行,商家向消费者小额打款-“其他”
2026-04-23 10:44:17,'2026042310441426580956510159,出账,2,聚合账户,小额打款,,'6952149708501816548,'6952149708501816548,,,,,,,普通订单,0,0,0,0,0,0,0,0,0,0,0,0,0,0,0,0,0,0,0,,0,义乌市衍郝电子商务商行,商家向消费者小额打款-“其他”
2026-04-23 10:45:29,'2026042310452534839764820159,入账,3.47,聚合账户,货款结算入账,小店自卖,'6952134831203292407,'6952134831203292407,'SS76308050664669847100235,2026-04-17 13:06:41,'3806655969480540177,米菲兔巨显发量香蕉兔子后脑勺盘发百搭少女发饰时尚可爱波点大号,,,普通订单,0.01,0,0,3.48,0,0,0,0,0,0,0,0,-0.02,0,0,0,0,0,0,是-商品卡免佣,0.15,义乌市衍郝电子商务商行,订单结算
2026-04-23 10:47:09,'2026042310470504322271350159,出账,1,聚合账户,小额打款,,'6952054918861034811,'6952054918861034811,,,,,,,普通订单,0,0,0,0,0,0,0,0,0,0,0,0,0,0,0,0,0,0,0,,0,义乌市衍郝电子商务商行,商家向消费者小额打款-“其他”
2026-04-23 10:49:24,'2026042310491515760307620159,入账,3.83,聚合账户,货款结算入账,小店自卖,'6925554028700138715,'6925554028700073179,'SS76306667459801915400038,2026-04-12 20:28:27,'3810919823941174195,中式复古洋气多层小蛮腰褶皱印花肥肠圈高端水墨皮筋耐用新款发圈,,,普通订单,3.85,0,0,0,0,0,0,0,0,0,0,0,-0.02,0,0,0,0,0,0,是-商品卡免佣,0.15,义乌市衍郝电子商务商行,订单结算
2026-04-23 10:53:56,'2026042310535235108949110159,出账,1,聚合账户,小额打款,,'6952145437536031985,'6952145437536031985,,,,,,,普通订单,0,0,0,0,0,0,0,0,0,0,0,0,0,0,0,0,0,0,0,,0,义乌市衍郝电子商务商行,商家向消费者小额打款-“其他”
2026-04-23 11:04:38,'2026042311043328910389910159,出账,1,聚合账户,小额打款,,'6952144999676122665,'6952144999676122665,,,,,,,普通订单,0,0,0,0,0,0,0,0,0,0,0,0,0,0,0,0,0,0,0,,0,义乌市衍郝电子商务商行,商家向消费者小额打款-“其他”
2026-04-23 11:09:24,'2026042311091925965043200159,出账,2,聚合账户,小额打款,,'6925680180814839116,'6925680180814839116,,,,,,,普通订单,0,0,0,0,0,0,0,0,0,0,0,0,0,0,0,0,0,0,0,,0,义乌市衍郝电子商务商行,商家向消费者小额打款-“其他”
2026-04-23 11:27:11,'2026042311270621956736400159,出账,1,聚合账户,小额打款,,'6925587122402000094,'6925587122402000094,,,,,,,普通订单,0,0,0,0,0,0,0,0,0,0,0,0,0,0,0,0,0,0,0,,0,义乌市衍郝电子商务商行,商家向消费者小额打款-“其他”
2026-04-23 11:30:45,'2026042311304022907292680159,出账,2,聚合账户,小额打款,,'6952164071287756172,'6952164071287756172,,,,,,,普通订单,0,0,0,0,0,0,0,0,0,0,0,0,0,0,0,0,0,0,0,,0,义乌市衍郝电子商务商行,商家向消费者小额打款-“其他”
2026-04-23 11:40:21,'2026042311401612347479040159,出账,1,聚合账户,小额打款,,'6952167401276315091,'6952167401276315091,,,,,,,普通订单,0,0,0,0,0,0,0,0,0,0,0,0,0,0,0,0,0,0,0,,0,义乌市衍郝电子商务商行,商家向消费者小额打款-“其他”
2026-04-23 11:44:56,'2026042311445127431570460159,入账,3.97,聚合账户,货款结算入账,小店自卖,'6925551273346104590,'6925551273346104590,'SS76306666383170770180106,2026-04-12 17:52:14,'3806666251548361200,韩系可爱小熊格纹发夹女后脑勺马尾竖夹盘发香蕉夹甜美发卡子发饰,,,普通订单,3.99,0,0,0,0,0,0,0,0,0,0,0,-0.02,0,0,0,0,0,0,是-商品卡免佣,0.15,义乌市衍郝电子商务商行,订单结算
2026-04-23 11:49:37,'2026042311493214022784350159,出账,1,聚合账户,小额打款,,'6952136348996474505,'6952136348996474505,,,,,,,普通订单,0,0,0,0,0,0,0,0,0,0,0,0,0,0,0,0,0,0,0,,0,义乌市衍郝电子商务商行,商家向消费者小额打款-“其他”
2026-04-23 11:50:08,'2026042311500327606223760159,出账,1,聚合账户,小额打款,,'6925575736943214314,'6925575736943214314,,,,,,,普通订单,0,0,0,0,0,0,0,0,0,0,0,0,0,0,0,0,0,0,0,,0,义乌市衍郝电子商务商行,商家向消费者小额打款-“其他”
2026-04-23 11:50:50,'2026042311504621314319820159,出账,1,聚合账户,小额打款,,'6925669653613412000,'6925669653613412000,,,,,,,普通订单,0,0,0,0,0,0,0,0,0,0,0,0,0,0,0,0,0,0,0,,0,义乌市衍郝电子商务商行,商家向消费者小额打款-“其他”
2026-04-23 11:56:06,'2026042311560300001154660159,入账,3.48,聚合账户,货款结算入账,小店自卖,'6925540446546919055,'6925540446546919055,'SS76306667634688333430099,2026-04-12 21:25:39,'3782167075276063199,法式爱心香蕉夹发夹女2025新款高马尾固定大号在成人大号毛绒鲨鱼,,,普通订单,3.5,0,0,0,0,0,0,0,0,0,0,0,-0.02,0,0,0,0,0,0,是-商品卡免佣,0.15,义乌市衍郝电子商务商行,订单结算
2026-04-23 11:56:14,'2026042311560841325202190159,入账,9.59,聚合账户,货款结算入账,小店自卖,'6925550040144247890,'6925550040144247890,'SS76306669966863406430081,2026-04-13 08:36:04,'3810919823941174195,中式复古洋气多层小蛮腰褶皱印花肥肠圈高端水墨皮筋耐用新款发圈,,,普通订单,9.65,0,0,0,0,0,0,0,0,0,0,0,-0.06,0,0,0,0,0,0,是-商品卡免佣,0.44,义乌市衍郝电子商务商行,订单结算
2026-04-23 11:56:45,'2026042311563932870241660159,入账,4.43,聚合账户,货款结算入账,小店自卖,'6925545672428256533,'6925545672428256533,'SS76306669909940966820193,2026-04-13 08:13:43,'3782304295328809090,黑色大号抓夹2025新款后脑勺盘发鲨鱼夹发大号在成人大号毛绒鲨鱼,,,普通订单,4.46,0,0,0,0,0,0,0,0,0,0,0,-0.03,0,0,0,0,0,0,是-商品卡免佣,0.22,义乌市衍郝电子商务商行,订单结算
2026-04-23 11:57:25,'2026042311572016889656590159,入账,2.61,聚合账户,货款结算入账,小店自卖,'6925550014063673051,'6925550014063673051,'SS76306793521909926750073,2026-04-13 08:50:55,'3770291082655564062,黑色H字母抓夹女2025新款后脑勺盘发夹子大号在成人大号毛绒鲨鱼,,,普通订单,2.63,0,0,0,0,0,0,0,0,0,0,0,-0.02,0,0,0,0,0,0,是-商品卡免佣,0.15,义乌市衍郝电子商务商行,订单结算
2026-04-23 11:59:05,'2026042311590205832750230159,出账,2,聚合账户,小额打款,,'6925680015148482497,'6925680015148482497,,,,,,,普通订单,0,0,0,0,0,0,0,0,0,0,0,0,0,0,0,0,0,0,0,,0,义乌市衍郝电子商务商行,商家向消费者小额打款-“其他”
2026-04-23 12:07:46,'2026042312074127958976260159,入账,4.56,聚合账户,货款结算入账,小店自卖,'6952040919728330081,'6952040919728330081,'SS76307017940888786260013,2026-04-13 04:34:27,'3782909438948671661,满天星蝴蝶结2025网纱云朵后脑勺鲨鱼泡大号在成人前额碎发夹子,,,普通订单,4.59,0,0,0,0,0,0,0,0,0,0,0,-0.03,0,0,0,0,0,0,是-商品卡免佣,0.22,义乌市衍郝电子商务商行,订单结算
2026-04-23 12:09:51,'2026042312094618419551070159,出账,1,聚合账户,小额打款,,'6925615887773957823,'6925615887773957823,,,,,,,普通订单,0,0,0,0,0,0,0,0,0,0,0,0,0,0,0,0,0,0,0,,0,义乌市衍郝电子商务商行,商家向消费者小额打款-“其他”
2026-04-23 12:12:01,'2026042312115514309831770159,入账,8.85,聚合账户,货款结算入账,小店自卖,'6952180068072887302,'6952180068072887302,'SS76307844726904593920174,2026-04-18 11:34:13,'3800198492568289686,买一送一爆款凉拖鞋男士夏季情侣2026新款家居防滑防臭厚底拖鞋女,,,普通订单,8.9,0,0,0,0,0,0,0,0,0,0,0,-0.05,0,0,0,0,0,0,是-商品卡免佣,0.37,义乌市衍郝电子商务商行,订单结算
2026-04-23 12:12:56,'2026042312125200262474870159,入账,7.75,聚合账户,货款结算入账,小店自卖,'6952115625947960912,'6952115625947960912,'SS76307338468216348500152,2026-04-16 18:43:17,'3812988718369865893,可爱小熊眼镜2026新款发卡发夹女边夹侧边鸭嘴夹前额刘海夹子头饰,,,普通订单,7.8,0,0,0,0,0,0,0,0,0,0,0,-0.05,0,0,0,0,0,0,是-商品卡免佣,0.37,义乌市衍郝电子商务商行,订单结算
2026-04-23 12:13:05,'2026042312130014100239550159,出账,1,聚合账户,小额打款,,'6952118160845640851,'6952118160845640851,,,,,,,普通订单,0,0,0,0,0,0,0,0,0,0,0,0,0,0,0,0,0,0,0,,0,义乌市衍郝电子商务商行,商家向消费者小额打款-“其他”
2026-04-23 12:13:07,'2026042312130240768801790159,入账,3.86,聚合账户,货款结算入账,小店自卖,'6952014764298081756,'6952014764298081756,'SS76306792465244861820062,2026-04-13 09:16:10,'3812986729825173830,多巴胺波点磨砂透明夹缠线缎面彩色波点马卡龙色系香蕉夹学生发夹,,,普通订单,3.88,0,0,0,0,0,0,0,0,0,0,0,-0.02,0,0,0,0,0,0,是-商品卡免佣,0.15,义乌市衍郝电子商务商行,订单结算
2026-04-23 12:13:51,'2026042312134703778972250159,入账,3.47,聚合账户,货款结算入账,小店自卖,'6952018768313325517,'6952018768313325517,'SS76306665918022292830015,2026-04-13 01:02:56,'3806655969480540177,米菲兔巨显发量香蕉兔子后脑勺盘发百搭少女发饰时尚可爱波点大号,,,普通订单,3.49,0,0,0,0,0,0,0,0,0,0,0,-0.02,0,0,0,0,0,0,是-商品卡免佣,0.15,义乌市衍郝电子商务商行,订单结算
2026-04-23 12:14:44,'2026042312143802456991220159,出账,1,聚合账户,小额打款,,'6952118160845640851,'6952118160845640851,,,,,,,普通订单,0,0,0,0,0,0,0,0,0,0,0,0,0,0,0,0,0,0,0,,0,义乌市衍郝电子商务商行,商家向消费者小额打款-“其他”
2026-04-23 12:14:58,'2026042312145104920282110159,出账,2,聚合账户,小额打款,,'6952146395909985562,'6952146395909985562,,,,,,,普通订单,0,0,0,0,0,0,0,0,0,0,0,0,0,0,0,0,0,0,0,,0,义乌市衍郝电子商务商行,商家向消费者小额打款-“其他”
2026-04-23 12:17:08,'2026042312170211745861660159,出账,2,聚合账户,小额打款,,'6925580255578849047,'6925580255578849047,,,,,,,普通订单,0,0,0,0,0,0,0,0,0,0,0,0,0,0,0,0,0,0,0,,0,义乌市衍郝电子商务商行,商家向消费者小额打款-“其他”
2026-04-23 12:20:38,'2026042312203235529203300159,入账,3.36,聚合账户,货款结算入账,小店自卖,'6952019048348718617,'6952019048348718617,'SS76307372795269617050126,2026-04-13 08:53:33,'3812796426258350389,夏天简约随手盘发一字扭扭夹水钻抓夹高级发夹扭扭后脑勺盘发器,,,普通订单,3.38,0,0,0,0,0,0,0,0,0,0,0,-0.02,0,0,0,0,0,0,是-商品卡免佣,0.15,义乌市衍郝电子商务商行,订单结算
2026-04-23 12:20:40,'2026042312203622247388420159,出账,1,聚合账户,小额打款,,'6925683415020961696,'6925683415020961696,,,,,,,普通订单,0,0,0,0,0,0,0,0,0,0,0,0,0,0,0,0,0,0,0,,0,义乌市衍郝电子商务商行,商家向消费者小额打款-“其他”
2026-04-23 12:24:08,'2026042312240207733744900159,入账,2.28,聚合账户,货款结算入账,小店自卖,'6952024998003021397,'6952024998003021397,'SS76306673348404846460189,2026-04-12 21:41:21,'3812961166053999319,ins爆款卡通蓬松夹鸭嘴夹一字夹化妆发夹超萌可爱猫咪少女刘海夹,,,普通订单,2.29,0,0,0,0,0,0,0,0,0,0,0,-0.01,0,0,0,0,0,0,是-商品卡免佣,0.07,义乌市衍郝电子商务商行,订单结算
2026-04-23 12:27:57,'2026042312275217492544430159,入账,1.67,聚合账户,货款结算入账,巨量千川,'6925555804556853029,'6925555804556853029,'SS76306607408364262810108,2026-04-12 21:08:47,'3809975766641410463,高级感水钻珠珠一字扭扭夹2026新款盘发抓夹后脑勺发量多发夹头饰,,,普通订单,1.76,0,0,0,0,0,0,0,0,0,0,0,-0.09,0,0,0,0,0,0,,0,义乌市衍郝电子商务商行,订单结算
2026-04-23 12:27:57,'2026042312275133477268880159,入账,3.38,聚合账户,货款结算入账,小店自卖,'6952114009145284342,'6952114009145284342,'SS76307252914005609110226,2026-04-15 19:25:22,'3812240028327870813,粉色双面蝴蝶结香蕉夹竖夹超温柔!气质高马尾发夹后脑勺发夹发饰,,,普通订单,0.01,0,0,3.39,0,0,0,0,0,0,0,0,-0.02,0,0,0,0,0,0,是-商品卡免佣,0.15,义乌市衍郝电子商务商行,订单结算
2026-04-23 12:27:57,'2026042312275309275312830159,入账,8.6,聚合账户,货款结算入账,小店自卖,'6951995159379318458,'6951995159379318458,'SS76284798891260810870170,2026-04-12 01:13:45,'3810919823941174195,中式复古洋气多层小蛮腰褶皱印花肥肠圈高端水墨皮筋耐用新款发圈,,,普通订单,8.65,0,0,0,0,0,0,0,0,0,0,0,-0.05,0,0,0,0,0,0,是-商品卡免佣,0.37,义乌市衍郝电子商务商行,订单结算
2026-04-23 12:27:57,'2026042312275313180441700159,入账,4.85,聚合账户,货款结算入账,小店自卖,'6951998011807831649,'6951998011807831649,'SS76306666003200090060242,2026-04-12 17:20:58,'3807217918840799504,新款百搭2026可爱小狗香蕉夹竖夹发夹脑勺扭扭夹高马尾抓夹高级感,,,普通订单,4.88,0,0,0,0,0,0,0,0,0,0,0,-0.03,0,0,0,0,0,0,是-商品卡免佣,0.22,义乌市衍郝电子商务商行,订单结算
2026-04-23 12:27:57,'2026042312275033668019620159,入账,2.97,聚合账户,货款结算入账,小店自卖,'6925542858948836526,'6925542858948836526,'SS76306668200140969300024,2026-04-12 23:06:23,'3784025743923740805,韩国气质精致百搭炫彩闪钻少女侧边夹刘大号在成人前额碎发夹子,,,普通订单,2.99,0,0,0,0,0,0,0,0,0,0,0,-0.02,0,0,0,0,0,0,是-商品卡免佣,0.15,义乌市衍郝电子商务商行,订单结算
2026-04-23 12:27:57,'2026042312275320846228860159,入账,9.74,聚合账户,货款结算入账,小店自卖,'6952028344791798849,'6952028344791798849,'SS76307389115896018330227,2026-04-13 11:38:26,'3800198492568289686,买一送一爆款凉拖鞋男士夏季情侣2026新款家居防滑防臭厚底拖鞋女,,,普通订单,9.8,0,0,0,0,0,0,0,0,0,0,0,-0.06,0,0,0,0,0,0,是-商品卡免佣,0.44,义乌市衍郝电子商务商行,订单结算
2026-04-23 12:27:57,'2026042312275130755558820159,入账,8.85,聚合账户,货款结算入账,小店自卖,'6925549592197561562,'6925549592197561562,'SS76306671788361200730138,2026-04-12 23:41:04,'3800198492568289686,买一送一爆款凉拖鞋男士夏季情侣2026新款家居防滑防臭厚底拖鞋女,,,普通订单,8.9,0,0,0,0,0,0,0,0,0,0,0,-0.05,0,0,0,0,0,0,是-商品卡免佣,0.37,义乌市衍郝电子商务商行,订单结算
2026-04-23 12:27:57,'2026042312275111877586350159,入账,2.42,聚合账户,货款结算入账,小店自卖,'6925631325407509688,'6925631325407509688,'SS76307860005116157790232,2026-04-15 16:36:53,'3767675591411761485,显白牛油果绿系列小丝巾缠包模特搭配装饰品丝带绑红色蝴蝶结发饰,,,普通订单,2.43,0.5,0,0,0,0,0,0,0,0,0,0,-0.01,0,0,0,0,0,0,是-商品卡免佣,0.07,义乌市衍郝电子商务商行,订单结算
2026-04-23 12:27:57,'2026042312275140908393060159,入账,6.14,聚合账户,货款结算入账,小店自卖,'6952027146886780598,'6952027146886780598,'SS76306678503402376110144,2026-04-12 19:18:51,'3797749369206342546,豹纹大肠发圈高级小众手工韩国新款头绳编织显发量马尾丸子头发绳,,,普通订单,6.18,0,0,0,0,0,0,0,0,0,0,0,-0.04,0,0,0,0,0,0,是-商品卡免佣,0.29,义乌市衍郝电子商务商行,订单结算
2026-04-23 12:27:57,'2026042312275204919954010159,入账,5.65,聚合账户,货款结算入账,小店自卖,'6951995407075906893,'6951995407075906893,'SS76286078725778519400242,2026-04-12 08:22:33,'3812796426258350389,夏天简约随手盘发一字扭扭夹水钻抓夹高级发夹扭扭后脑勺盘发器,,,普通订单,5.68,0,0,0,0,0,0,0,0,0,0,0,-0.03,0,0,0,0,0,0,是-商品卡免佣,0.22,义乌市衍郝电子商务商行,订单结算
2026-04-23 12:27:57,'2026042312275329115353960159,入账,10.49,聚合账户,货款结算入账,小店自卖,'6925557586199674426,'6925557586199674426,'SS76307406541006115840237,2026-04-13 14:17:20,'3659867155018687615,仿真冰糖葫芦发夹可爱简约搞怪发夹发带猴皮筋搞怪发卡稀奇古怪,,,普通订单,10.55,0,0,0,0,0,0,0,0,0,0,0,-0.06,0,0,0,0,0,0,是-商品卡免佣,0.44,义乌市衍郝电子商务商行,订单结算
2026-04-23 12:27:57,'2026042312275310747786330159,入账,3.47,聚合账户,货款结算入账,小店自卖,'6952031452668499593,'6952031452668499593,'SS76306665706465572100195,2026-04-12 19:50:58,'3806655969480540177,米菲兔巨显发量香蕉兔子后脑勺盘发百搭少女发饰时尚可爱波点大号,,,普通订单,3.49,0,0,0,0,0,0,0,0,0,0,0,-0.02,0,0,0,0,0,0,是-商品卡免佣,0.15,义乌市衍郝电子商务商行,订单结算
2026-04-23 12:27:57,'2026042312275322567695620159,入账,4.87,聚合账户,货款结算入账,小店自卖,'6952110829420222362,'6952110829420222362,'SS76306608328637320180115,2026-04-16 15:27:29,'3800198492568289686,买一送一爆款凉拖鞋男士夏季情侣2026新款家居防滑防臭厚底拖鞋女,,,普通订单,4.9,0,0,0,0,0,0,0,0,0,0,0,-0.03,0,0,0,0,0,0,是-商品卡免佣,0.22,义乌市衍郝电子商务商行,订单结算
2026-04-23 12:27:57,'2026042312275128565675710159,入账,3.36,聚合账户,货款结算入账,小店自卖,'6925547388350594876,'6925547388350594876,'SS76306610070316654080007,2026-04-13 01:34:50,'3812796426258350389,夏天简约随手盘发一字扭扭夹水钻抓夹高级发夹扭扭后脑勺盘发器,,,普通订单,3.38,0,0,0,0,0,0,0,0,0,0,0,-0.02,0,0,0,0,0,0,是-商品卡免佣,0.15,义乌市衍郝电子商务商行,订单结算
2026-04-23 12:27:58,'2026042312275338340244900159,入账,4.87,聚合账户,货款结算入账,小店自卖,'6952086135702296163,'6952086135702296163,'SS76307843156479844180008,2026-04-14 22:35:33,'3800198492568289686,买一送一爆款凉拖鞋男士夏季情侣2026新款家居防滑防臭厚底拖鞋女,,,普通订单,4.9,0,0,0,0,0,0,0,0,0,0,0,-0.03,0,0,0,0,0,0,是-商品卡免佣,0.22,义乌市衍郝电子商务商行,订单结算
2026-04-23 12:27:58,'2026042312275434732117110159,入账,6.59,聚合账户,货款结算入账,小店自卖,'6952159564840638381,'6952159564840638381,'SS76307001316749970430141,2026-04-17 23:32:58,'3813158348195496156,公主发夹波点蝴蝶结夹小众香蕉2026新款发饰发卡洋气双排头花夹子,,,普通订单,1.63,0,0,5,0,0,0,0,0,0,0,0,-0.04,0,0,0,0,0,0,是-商品卡免佣,0.29,义乌市衍郝电子商务商行,订单结算
2026-04-23 12:27:58,'2026042312275224333519900159,入账,4.74,聚合账户,货款结算入账,小店自卖,'6952041193004405919,'6952041193004405919,'SS76307240549994662670115,2026-04-13 09:53:46,'3809625164249956608,孕妇专用防滑拖鞋女士夏季家居家室内静音浴室洗澡防臭凉拖鞋外穿,,,普通订单,0.01,0,0,4.98,0,0,0,0,0,0,0,0,-0.25,0,0,0,0,0,0,,0,义乌市衍郝电子商务商行,订单结算
2026-04-23 12:27:58,'2026042312275238859126170159,入账,8.85,聚合账户,货款结算入账,小店自卖,'6925677144326044856,'6925677144326044856,'SS76308352635072517180156,2026-04-18 08:01:18,'3800198492568289686,买一送一爆款凉拖鞋男士夏季情侣2026新款家居防滑防臭厚底拖鞋女,,,普通订单,8.9,0,0,0,0,0,0,0,0,0,0,0,-0.05,0,0,0,0,0,0,是-商品卡免佣,0.37,义乌市衍郝电子商务商行,订单结算
2026-04-23 12:27:58,'2026042312275403776842660159,入账,8.2,聚合账户,货款结算入账,小店自卖,'6952018121385383312,'6952018121385383312,'SS76306666267064775680179,2026-04-12 18:35:13,'3810919823941174195,中式复古洋气多层小蛮腰褶皱印花肥肠圈高端水墨皮筋耐用新款发圈,,,普通订单,8.25,0,0,0,0,0,0,0,0,0,0,0,-0.05,0,0,0,0,0,0,是-商品卡免佣,0.37,义乌市衍郝电子商务商行,订单结算
2026-04-23 12:27:58,'2026042312275319762711190159,入账,4.74,聚合账户,货款结算入账,小店自卖,'6952022702053201787,'6952022702053201787,'SS76306422506285801320036,2026-04-12 20:18:11,'3809625164249956608,孕妇专用防滑拖鞋女士夏季家居家室内静音浴室洗澡防臭凉拖鞋外穿,,,普通订单,4.99,0,0,0,0,0,0,0,0,0,0,0,-0.25,0,0,0,0,0,0,,0,义乌市衍郝电子商务商行,订单结算
2026-04-23 12:27:58,'2026042312275307510106030159,入账,6.94,聚合账户,货款结算入账,小店自卖,'6925560461780942606,'6925560461780942606,'SS76306668926254451290026,2026-04-12 22:51:52,'3810919823941174195,中式复古洋气多层小蛮腰褶皱印花肥肠圈高端水墨皮筋耐用新款发圈,,,普通订单,6.98,0,0,0,0,0,0,0,0,0,0,0,-0.04,0,0,0,0,0,0,是-商品卡免佣,0.29,义乌市衍郝电子商务商行,订单结算
2026-04-23 12:27:58,'2026042312275304643272220159,入账,4.86,聚合账户,货款结算入账,小店自卖,'6952159064084845900,'6952159064084845900,'SS76308500686997591040099,2026-04-17 17:13:16,'3811102963569655948,春夏撞色蝴蝶结发夹发卡女后脑勺2026新款气质大号盘发鸭嘴夹发饰,,,普通订单,4.89,0,0,0,0,0,0,0,0,0,0,0,-0.03,0,0,0,0,0,0,是-商品卡免佣,0.22,义乌市衍郝电子商务商行,订单结算
2026-04-23 12:27:58,'2026042312275031879007080159,入账,8.2,聚合账户,货款结算入账,小店自卖,'6925560579284762151,'6925560579284762151,'SS76306668578677110270038,2026-04-12 23:24:37,'3810919823941174195,中式复古洋气多层小蛮腰褶皱印花肥肠圈高端水墨皮筋耐用新款发圈,,,普通订单,8.25,0,0,0,0,0,0,0,0,0,0,0,-0.05,0,0,0,0,0,0,是-商品卡免佣,0.37,义乌市衍郝电子商务商行,订单结算
2026-04-23 12:27:58,'2026042312275115703455260159,入账,4.04,聚合账户,货款结算入账,小店自卖,'6952009961582695998,'6952009961582695998,'SS76306669230592985700116,2026-04-12 23:40:46,'3807380871913276292,刘海夹前额碎发夹高级感2026新款鸭嘴夹头饰边夹侧边碎发整理神器,,,普通订单,0.25,0,0,4,0,0,0,0,0,0,0,0,-0.21,0,0,0,0,0,0,,0,义乌市衍郝电子商务商行,订单结算
2026-04-23 12:27:58,'2026042312275203960673910159,入账,2.9,聚合账户,货款结算入账,小店自卖,'6952063045457089906,'6952063045457089906,'SS76307748557233239310107,2026-04-14 12:45:40,'3809262658188869664,高级感新年红色大肠发圈女2026新款扎头发绳丸子氛围感头花发饰,,,普通订单,0.01,0,0,2.91,0,0,0,0,0,0,0,0,-0.02,0,0,0,0,0,0,是-商品卡免佣,0.15,义乌市衍郝电子商务商行,订单结算
2026-04-23 12:27:58,'2026042312275141286863510159,入账,4.96,聚合账户,货款结算入账,小店自卖,'6952066036315723047,'6952066036315723047,'SS76306635240082153110225,2026-04-14 21:57:24,'3809625164249956608,孕妇专用防滑拖鞋女士夏季家居家室内静音浴室洗澡防臭凉拖鞋外穿,,,普通订单,4.99,0,0,0,0,0,0,0,0,0,0,0,-0.03,0,0,0,0,0,0,是-商品卡免佣,0.22,义乌市衍郝电子商务商行,订单结算
2026-04-23 12:27:58,'2026042312275033899484560159,入账,7.06,聚合账户,货款结算入账,小店自卖,'6952019390429533783,'6952019390429533783,'SS76307050057666237790223,2026-04-13 12:35:03,'3776807804489302292,豹纹ins爱心发夹女一字夹高端碎发前额刘大号在成人前额碎发夹子,,,普通订单,7.1,0,0,0,0,0,0,0,0,0,0,0,-0.04,0,0,0,0,0,0,是-商品卡免佣,0.29,义乌市衍郝电子商务商行,订单结算
2026-04-23 12:27:58,'2026042312275313636244840159,入账,7.06,聚合账户,货款结算入账,小店自卖,'6925562858255973682,'6925562858255973682,'SS76306999854450122240074,2026-04-13 11:51:55,'3776807804489302292,豹纹ins爱心发夹女一字夹高端碎发前额刘大号在成人前额碎发夹子,,,普通订单,7.1,0,0,0,0,0,0,0,0,0,0,0,-0.04,0,0,0,0,0,0,是-商品卡免佣,0.29,义乌市衍郝电子商务商行,订单结算
2026-04-23 12:27:58,'2026042312275210240169310159,入账,1.37,聚合账户,货款结算入账,小店自卖,'6952018562819626650,'6952018562819626650,'SS76297148576526996860006,2026-04-12 22:39:17,'3812796426258350389,夏天简约随手盘发一字扭扭夹水钻抓夹高级发夹扭扭后脑勺盘发器,,,普通订单,3.38,0,0,0,0,0,0,0,0,0,0,-2,-0.01,0,0,0,0,0,0,是-商品卡免佣,0.07,义乌市衍郝电子商务商行,订单结算
2026-04-23 12:27:58,'2026042312275305452641640159,入账,3.32,聚合账户,货款结算入账,小店自卖,'6925555073219394796,'6925555073219394796,'SS76306666445295127310002,2026-04-13 08:23:39,'3806655969480540177,米菲兔巨显发量香蕉兔子后脑勺盘发百搭少女发饰时尚可爱波点大号,,,普通订单,0.49,0,0,3,0,0,0,0,0,0,0,0,-0.17,0,0,0,0,0,0,,0,义乌市衍郝电子商务商行,订单结算
2026-04-23 12:27:58,'2026042312275222064993340159,入账,3.47,聚合账户,货款结算入账,小店自卖,'6925549220182982060,'6925549220182982060,'SS76306665271516536950035,2026-04-12 21:32:02,'3806655969480540177,米菲兔巨显发量香蕉兔子后脑勺盘发百搭少女发饰时尚可爱波点大号,,,普通订单,3.49,0,0,0,0,0,0,0,0,0,0,0,-0.02,0,0,0,0,0,0,是-商品卡免佣,0.15,义乌市衍郝电子商务商行,订单结算
2026-04-23 12:27:58,'2026042312275240350233790159,入账,3.08,聚合账户,货款结算入账,小店自卖,'6925554873511542554,'6925554873511542554,'SS76306669010315845550204,2026-04-13 06:13:20,'3809262658188869664,高级感新年红色大肠发圈女2026新款扎头发绳丸子氛围感头花发饰,,,普通订单,0.01,0,0,3.09,0,0,0,0,0,0,0,0,-0.02,0,0,0,0,0,0,是-商品卡免佣,0.15,义乌市衍郝电子商务商行,订单结算
2026-04-23 12:27:58,'2026042312275432841899940159,入账,1.35,聚合账户,货款结算入账,小店自卖,'6952048143598163435,'6952048143598163435,'SS76307249557976353790015,2026-04-13 13:39:24,'3784047231661900210,爆款小众合集花朵发夹侧边夹子韩版碎发刘大号在成人前额碎发夹子,,,普通订单,0.51,0.5,0,0.91,0,0,0,0,0,0,0,0,-0.07,0,0,0,0,0,0,,0,义乌市衍郝电子商务商行,订单结算
2026-04-23 12:27:58,'2026042312275218508232040159,入账,2.96,聚合账户,货款结算入账,小店自卖,'6952175660091381006,'6952175660091381006,'SS76308059119345218710187,2026-04-18 12:59:28,'3807216817156522080,抓夹大号发量大发夹女后脑勺鲨鱼夹发卡2026新款盘发韩系夹子头饰,,,普通订单,0.98,0,0,2,0,0,0,0,0,0,0,0,-0.02,0,0,0,0,0,0,是-商品卡免佣,0.15,义乌市衍郝电子商务商行,订单结算
2026-04-23 12:27:58,'2026042312275330034659990159,入账,4.54,聚合账户,货款结算入账,小店自卖,'6952041537031116200,'6952041537031116200,'SS76307249564809467420129,2026-04-13 13:34:25,'3711478916494524912,路易斯抓夹黑色赫本风抓夹定制高级感轻奢鲨鱼夹洋气后脑勺盘发夹,,,普通订单,4.57,0,0,0,0,0,0,0,0,0,0,0,-0.03,0,0,0,0,0,0,是-商品卡免佣,0.22,义乌市衍郝电子商务商行,订单结算
2026-04-23 12:27:59,'2026042312275428837977860159,入账,2.96,聚合账户,货款结算入账,小店自卖,'6952039002437064124,'6952039002437064124,'SS76306843735532669820080,2026-04-13 09:18:55,'3812240028327870813,粉色双面蝴蝶结香蕉夹竖夹超温柔!气质高马尾发夹后脑勺发夹发饰,,,普通订单,0.01,0,0,2.97,0,0,0,0,0,0,0,0,-0.02,0,0,0,0,0,0,是-商品卡免佣,0.15,义乌市衍郝电子商务商行,订单结算
2026-04-23 12:27:59,'2026042312275214276367870159,入账,3.75,聚合账户,货款结算入账,小店自卖,'6952083798510146669,'6952083798510146669,'SS76306287767122086860152,2026-04-14 21:35:45,'3812961166053999319,ins爆款卡通蓬松夹鸭嘴夹一字夹化妆发夹超萌可爱猫咪少女刘海夹,,,普通订单,0.01,0,0,3.94,0,0,0,0,0,0,0,0,-0.2,0,0,0,0,0,0,,0,义乌市衍郝电子商务商行,订单结算
2026-04-23 12:27:59,'2026042312275414648284660159,入账,4.46,聚合账户,货款结算入账,小店自卖,'6952107716117271671,'6952107716117271671,'SS76305030530666007400019,2026-04-15 22:24:16,'3812961166053999319,ins爆款卡通蓬松夹鸭嘴夹一字夹化妆发夹超萌可爱猫咪少女刘海夹,,,普通订单,0.01,0,0,4.48,0,0,0,0,0,0,0,0,-0.03,0,0,0,0,0,0,是-商品卡免佣,0.22,义乌市衍郝电子商务商行,订单结算
2026-04-23 12:27:59,'2026042312275124211625470159,入账,3.94,聚合账户,货款结算入账,小店自卖,'6952151470728680822,'6952151470728680822,'SS76306543219887518980180,2026-04-18 12:43:05,'3809063412592410827,法式复古三层波点大蝴蝶结抓夹气质高级感马尾鲨鱼夹后脑勺发抓夹,,,普通订单,0.01,0,0,3.95,0,0,0,0,0,0,0,0,-0.02,0,0,0,0,0,0,是-商品卡免佣,0.15,义乌市衍郝电子商务商行,订单结算
2026-04-23 12:27:59,'2026042312275400972108900159,入账,2.46,聚合账户,货款结算入账,小店自卖,'6952120027391595914,'6952120027391595914,'SS76308664535010516480167,2026-04-16 18:04:48,'3807610285351632955,超萌秋天日系毛绒布丁小熊可爱鸭嘴夹大号发夹头饰刘海后脑勺少女,,,普通订单,0.09,0,0,2,0,0,0,0,0.5,0,0,0,-0.13,0,0,0,0,0,0,,0,义乌市衍郝电子商务商行,订单结算
2026-04-23 12:27:59,'2026042312275132179330970159,入账,8.45,聚合账户,货款结算入账,小店自卖,'6952048344433890753,'6952048344433890753,'SS76307639764946785910216,2026-04-13 15:59:09,'3800198492568289686,买一送一爆款凉拖鞋男士夏季情侣2026新款家居防滑防臭厚底拖鞋女,,,普通订单,5.9,0,0,3,0,0,0,0,0,0,0,0,-0.45,0,0,0,0,0,0,,0,义乌市衍郝电子商务商行,订单结算
2026-04-23 12:28:00,'2026042312275339499740560159,入账,4.65,聚合账户,货款结算入账,小店自卖,'6952029255988548957,'6952029255988548957,'SS76306417893465462260084,2026-04-12 19:29:17,'3800198492568289686,买一送一爆款凉拖鞋男士夏季情侣2026新款家居防滑防臭厚底拖鞋女,,,普通订单,1.9,0,0,3,0,0,0,0,0,0,0,0,-0.25,0,0,0,0,0,0,,0,义乌市衍郝电子商务商行,订单结算
2026-04-23 12:28:00,'2026042312275329866563100159,入账,2.67,聚合账户,货款结算入账,小店自卖,'6925620041226812742,'6925620041226812742,'SS76306893912284040040121,2026-04-15 19:26:31,'3812988718369865893,可爱小熊眼镜2026新款发卡发夹女边夹侧边鸭嘴夹前额刘海夹子头饰,,,普通订单,2.69,0,0,0,0,0,0,0,0,0,0,0,-0.02,0,0,0,0,0,0,是-商品卡免佣,0.15,义乌市衍郝电子商务商行,订单结算
2026-04-23 12:28:00,'2026042312275606434168860159,入账,3.89,聚合账户,货款结算入账,小店自卖,'6925639688580201993,'6925639688580201993,'SS76307008838710277220027,2026-04-16 23:59:58,'3813158348195496156,公主发夹波点蝴蝶结夹小众香蕉2026新款发饰发卡洋气双排头花夹子,,,普通订单,0.91,0,0,3,0,0,0,0,0,0,0,0,-0.02,0,0,0,0,0,0,是-商品卡免佣,0.15,义乌市衍郝电子商务商行,订单结算
2026-04-23 12:28:00,'2026042312275438321730960159,入账,4.87,聚合账户,货款结算入账,小店自卖,'6952022991396803856,'6952022991396803856,'SS76306415461273154960052,2026-04-12 22:29:14,'3800198492568289686,买一送一爆款凉拖鞋男士夏季情侣2026新款家居防滑防臭厚底拖鞋女,,,普通订单,0.01,0,0,4.89,0,0,0,0,0,0,0,0,-0.03,0,0,0,0,0,0,是-商品卡免佣,0.22,义乌市衍郝电子商务商行,订单结算
2026-04-23 12:28:00,'2026042312275322867643280159,入账,4.65,聚合账户,货款结算入账,巨量千川,'6952147834075681816,'6952147834075681816,'SS76307935738452096360119,2026-04-17 15:12:34,'3800198492568289686,买一送一爆款凉拖鞋男士夏季情侣2026新款家居防滑防臭厚底拖鞋女,,,普通订单,1.33,0,0,3.57,0,0,0,0,0,0,0,0,-0.25,0,0,0,0,0,0,,0,义乌市衍郝电子商务商行,订单结算
2026-04-23 12:28:00,'2026042312275608693233070159,入账,4.67,聚合账户,货款结算入账,小店自卖,'6925554103349182170,'6925554103349182170,'SS76306672965705402980109,2026-04-12 20:56:46,'3812961166053999319,ins爆款卡通蓬松夹鸭嘴夹一字夹化妆发夹超萌可爱猫咪少女刘海夹,,,普通订单,0.2,0,0,4.5,0,0,0,0,0,0,0,0,-0.03,0,0,0,0,0,0,是-商品卡免佣,0.22,义乌市衍郝电子商务商行,订单结算
2026-04-23 12:28:00,'2026042312275236673790070159,入账,1.87,聚合账户,货款结算入账,小店自卖,'6925600648086585309,'6925600648086585309,'SS76307809244811596800018,2026-04-14 18:00:46,'3812244340491813699,新款密齿香蕉韩系法式波点蕾丝蝴蝶结后脑勺盘发发夹发卡马尾发饰,,,普通订单,1.88,0,0,0,0,0,0,0,0,0,0,0,-0.01,0,0,0,0,0,0,是-商品卡免佣,0.07,义乌市衍郝电子商务商行,订单结算
2026-04-23 12:28:00,'2026042312275430923658580159,入账,2.23,聚合账户,货款结算入账,小店自卖,'6952153410650380026,'6952153410650380026,'SS76307634947965919120109,2026-04-17 23:19:47,'3656186919630559115,网红新款耐用气质发夹蝴蝶结发饰丸子头抓夹女洋气夹子头饰发卡,,,普通订单,0.01,0,0,2.23,0,0,0,0,0,0,0,0,-0.01,0,0,0,0,0,0,是-商品卡免佣,0.07,义乌市衍郝电子商务商行,订单结算
2026-04-23 12:28:00,'2026042312275337569172900159,入账,8.85,聚合账户,货款结算入账,小店自卖,'6925560287181963043,'6925560287181963043,'SS76306671502172654350081,2026-04-12 21:40:46,'3800198492568289686,买一送一爆款凉拖鞋男士夏季情侣2026新款家居防滑防臭厚底拖鞋女,,,普通订单,8.9,0,0,0,0,0,0,0,0,0,0,0,-0.05,0,0,0,0,0,0,是-商品卡免佣,0.37,义乌市衍郝电子商务商行,订单结算
2026-04-23 12:28:00,'2026042312275430386918800159,入账,8.85,聚合账户,货款结算入账,小店自卖,'6952012142104221349,'6952012142104221349,'SS76306671943874196820081,2026-04-12 21:40:48,'3800198492568289686,买一送一爆款凉拖鞋男士夏季情侣2026新款家居防滑防臭厚底拖鞋女,,,普通订单,0.01,0,0,0,0,0,0,0,0,8.89,0,0,-0.05,0,0,0,0,0,0,是-商品卡免佣,0.37,义乌市衍郝电子商务商行,订单结算
2026-04-23 12:28:01,'2026042312275618220365430159,入账,5.17,聚合账户,货款结算入账,小店自卖,'6925555520631373388,'6925555520631373388,'SS76306672678235021260207,2026-04-12 19:29:21,'3812961166053999319,ins爆款卡通蓬松夹鸭嘴夹一字夹化妆发夹超萌可爱猫咪少女刘海夹,,,普通订单,0.01,0,0,5.19,0,0,0,0,0,0,0,0,-0.03,0,0,0,0,0,0,是-商品卡免佣,0.22,义乌市衍郝电子商务商行,订单结算
2026-04-23 12:28:01,'2026042312275502865564500159,入账,4.47,聚合账户,货款结算入账,小店自卖,'6952029794249085999,'6952029794249085999,'SS76307015569037233020031,2026-04-13 00:52:58,'3772322067672858861,玫瑰花朵小抓夹女精灵耳发夹高颅顶刘海夹侧边夹后脑勺半扎发夹子,,,普通订单,4.5,0.3,0,0,0,0,0,0,0,0,0,0,-0.03,0,0,0,0,0,0,是-商品卡免佣,0.22,义乌市衍郝电子商务商行,订单结算
2026-04-23 12:28:01,'2026042312275623048729600159,入账,3.79,聚合账户,货款结算入账,小店自卖,'6952019362133972238,'6952019362133972238,'SS76307050084807810960214,2026-04-13 12:36:19,'3807584451282731335,缎面高级感碎花蝴蝶结抓夹新款百搭后脑盘发鲨鱼夹马尾夹高档发夹,,,普通订单,0.99,0,0,3,0,0,0,0,0,0,0,0,-0.2,0,0,0,0,0,0,,0,义乌市衍郝电子商务商行,订单结算
2026-04-23 12:28:01,'2026042312275813591841820159,入账,2.96,聚合账户,货款结算入账,小店自卖,'6952155384696543004,'6952155384696543004,'SS76307655435281533940163,2026-04-17 21:38:53,'3812240028327870813,粉色双面蝴蝶结香蕉夹竖夹超温柔!气质高马尾发夹后脑勺发夹发饰,,,普通订单,0.01,0,0,2.97,0,0,0,0,0,0,0,0,-0.02,0,0,0,0,0,0,是-商品卡免佣,0.15,义乌市衍郝电子商务商行,订单结算
2026-04-23 12:28:01,'2026042312275518395346270159,入账,4.74,聚合账户,货款结算入账,小店自卖,'6952007621510502303,'6952007621510502303,'SS76306421665739246580116,2026-04-12 22:21:01,'3809625164249956608,孕妇专用防滑拖鞋女士夏季家居家室内静音浴室洗澡防臭凉拖鞋外穿,,,普通订单,3.5,0,0,1.49,0,0,0,0,0,0,0,0,-0.25,0,0,0,0,0,0,,0,义乌市衍郝电子商务商行,订单结算
2026-04-23 12:28:01,'2026042312275333920005550159,入账,4.74,聚合账户,货款结算入账,小店自卖,'6925545786132102281,'6925545786132102281,'SS76307240127562593680103,2026-04-13 09:19:51,'3809625164249956608,孕妇专用防滑拖鞋女士夏季家居家室内静音浴室洗澡防臭凉拖鞋外穿,,,普通订单,0.01,0,0,4.98,0,0,0,0,0,0,0,0,-0.25,0,0,0,0,0,0,,0,义乌市衍郝电子商务商行,订单结算
2026-04-23 12:28:01,'2026042312275318046984040159,入账,2.52,聚合账户,货款结算入账,小店自卖,'6952147491055605657,'6952147491055605657,'SS76307008224646766340053,2026-04-17 10:24:37,'3776807804489302292,豹纹ins爱心女一字夹高端碎发发夹女款2026新款网红爆款,,,普通订单,2.54,0,0,0,0,0,0,0,0,0,0,0,-0.02,0,0,0,0,0,0,是-商品卡免佣,0.15,义乌市衍郝电子商务商行,订单结算
2026-04-23 12:28:01,'2026042312275626566825370159,入账,5.03,聚合账户,货款结算入账,小店自卖,'6925670703003237931,'6925670703003237931,'SS76307908280050037910115,2026-04-18 05:10:02,'3809625164249956608,孕妇专用防滑拖鞋女士夏季家居家室内静音浴室洗澡防臭凉拖鞋外穿,,,普通订单,2.29,0,0,3,0,0,0,0,0,0,0,0,-0.26,0,0,0,0,0,0,,0,义乌市衍郝电子商务商行,订单结算
2026-04-23 12:28:01,'2026042312275230170649750159,入账,3.43,聚合账户,货款结算入账,小店自卖,'6952014326669514417,'6952014326669514417,'SS76306678330558226260242,2026-04-12 23:03:07,'3797749369206342546,豹纹大肠发圈高级小众手工韩国新款头绳编织显发量马尾丸子头发绳,,,普通订单,0.43,0,0,3.18,0,0,0,0,0,0,0,0,-0.18,0,0,0,0,0,0,,0,义乌市衍郝电子商务商行,订单结算
2026-04-23 12:28:01,'2026042312275431852508580159,入账,2.7,聚合账户,货款结算入账,小店自卖,'6925545327241362897,'6925545327241362897,'SS76306668570836175360210,2026-04-13 00:30:54,'3752324139441062001,多款造型男士发箍潮男隐形压发背头波浪发窟头箍韩红色蝴蝶结发饰,,,普通订单,2.72,0,0,0,0,0,0,0,0,0,0,0,-0.02,0,0,0,0,0,0,是-商品卡免佣,0.15,义乌市衍郝电子商务商行,订单结算
2026-04-23 12:28:01,'2026042312275618388792510159,入账,6.09,聚合账户,货款结算入账,小店自卖,'6925542962155388581,'6925542962155388581,'SS76306668411825528730137,2026-04-12 23:54:31,'3752323576548688241,中国风孔雀盘发器女生古典旗袍发饰丸子懒人高级感饰品优雅发夹女,,,普通订单,6.41,0,0,0,0,0,0,0,0,0,0,0,-0.32,0,0,0,0,0,0,,0,义乌市衍郝电子商务商行,订单结算
2026-04-23 12:28:01,'2026042312275619295974820159,入账,2.92,聚合账户,货款结算入账,小店自卖,'6925555204169301956,'6925555204169301956,'SS76307500516319073690143,2026-04-13 09:34:03,'3806648290204844347,秋冬复古ins彩虹格子蝴蝶结大肠头绳发圈丸子2026马尾发绳新款女,,,普通订单,0.01,0,0,2.93,0,0,0,0,0,0,0,0,-0.02,0,0,0,0,0,0,是-商品卡免佣,0.15,义乌市衍郝电子商务商行,订单结算
2026-04-23 12:28:01,'2026042312275621024612030159,入账,4.24,聚合账户,货款结算入账,小店自卖,'6925567660393725495,'6925567660393725495,'SS76307456576086185390181,2026-04-13 14:57:39,'3809086450570494406,法式大号蕾丝网纱双层大肠发圈2026新款甜美芭蕾风百搭发绳发饰,,,普通订单,0.01,0,0,4.26,0,0,0,0,0,0,0,0,-0.03,0,0,0,0,0,0,是-商品卡免佣,0.22,义乌市衍郝电子商务商行,订单结算
2026-04-23 12:28:01,'2026042312275428871887710159,入账,6.77,聚合账户,货款结算入账,小店自卖,'6952009707199862354,'6952009707199862354,'SS76306666807044183560202,2026-04-12 21:43:49,'3809262658188869664,高级感新年红色大肠发圈女2026新款扎头发绳丸子氛围感头花发饰,,,普通订单,6.81,0,0,0,0,0,0,0,0,0,0,0,-0.04,0,0,0,0,0,0,是-商品卡免佣,0.29,义乌市衍郝电子商务商行,订单结算
2026-04-23 12:28:01,'2026042312275631182566820159,入账,3.38,聚合账户,货款结算入账,小店自卖,'6952009981075724042,'6952009981075724042,'SS76307552056672422800203,2026-04-13 00:33:37,'3752324139441062001,多款造型男士发箍潮男隐形压发背头波浪发窟头箍韩红色蝴蝶结发饰,,,普通订单,3.4,0,0,0,0,0,0,0,0,0,0,0,-0.02,0,0,0,0,0,0,是-商品卡免佣,0.15,义乌市衍郝电子商务商行,订单结算
2026-04-23 12:28:01,'2026042312275438966113820159,入账,4.87,聚合账户,货款结算入账,小店自卖,'6925638835719077186,'6925638835719077186,'SS76307842714189662720091,2026-04-16 16:50:31,'3800198492568289686,买一送一爆款凉拖鞋男士夏季情侣2026新款家居防滑防臭厚底拖鞋女,,,普通订单,0.01,0,0,4.89,0,0,0,0,0,0,0,0,-0.03,0,0,0,0,0,0,是-商品卡免佣,0.22,义乌市衍郝电子商务商行,订单结算
2026-04-23 12:28:01,'2026042312275720053363630159,入账,6.69,聚合账户,货款结算入账,小店自卖,'6952009584566015526,'6952009584566015526,'SS76307404735702310820039,2026-04-12 21:20:31,'3752322921725559076,【四层设计】法式温柔气质缎面超大号蝴蝶大号在成人前额碎发夹子,,,普通订单,6.73,0,0,0,0,0,0,0,0,0,0,0,-0.04,0,0,0,0,0,0,是-商品卡免佣,0.29,义乌市衍郝电子商务商行,订单结算
2026-04-23 12:28:01,'2026042312275607096243830159,入账,10.91,聚合账户,货款结算入账,小店自卖,'6925620470858481384,'6925620470858481384,'SS76306054200466806110102,2026-04-15 21:53:34,'3812230072501404087,女童卡通可爱KT猫大肠发圈小女孩丸子头绳扎头发绳皮筋儿童不伤发,,,普通订单,10.98,0,0,0,0,0,0,0,0,0,0,0,-0.07,0,0,0,0,0,0,是-商品卡免佣,0.51,义乌市衍郝电子商务商行,订单结算
2026-04-23 12:28:01,'2026042312275512925345430159,入账,4.87,聚合账户,货款结算入账,小店自卖,'6952032810274133992,'6952032810274133992,'SS76307238823160716900191,2026-04-13 13:34:09,'3800198492568289686,买一送一爆款凉拖鞋男士夏季情侣2026新款家居防滑防臭厚底拖鞋女,,,普通订单,4.9,0,0,0,0,0,0,0,0,0,0,0,-0.03,0,0,0,0,0,0,是-商品卡免佣,0.22,义乌市衍郝电子商务商行,订单结算
2026-04-23 12:28:01,'2026042312275336587115710159,入账,4.96,聚合账户,货款结算入账,小店自卖,'6925556119478173256,'6925556119478173256,'SS76306419449806692360115,2026-04-12 22:49:48,'3809625164249956608,孕妇专用防滑拖鞋女士夏季家居家室内静音浴室洗澡防臭凉拖鞋外穿,,,普通订单,4.99,0,0,0,0,0,0,0,0,0,0,0,-0.03,0,0,0,0,0,0,是-商品卡免佣,0.22,义乌市衍郝电子商务商行,订单结算
2026-04-23 12:28:01,'2026042312275612590615580159,入账,0.76,聚合账户,货款结算入账,小店自卖,'6925565117184965718,'6925565117184965718,'SS76307374241501842280155,2026-04-13 12:44:45,'3809975766641410463,高级感水钻珠珠一字扭扭夹2026新款盘发抓夹后脑勺发量多发夹头饰,,,普通订单,0.76,0,0,0,0,0,0,0,0,0,0,0,0,0,0,0,0,0,0,是-商品卡免佣,0,义乌市衍郝电子商务商行,订单结算
2026-04-23 12:28:01,'2026042312275327160130960159,入账,3.23,聚合账户,货款结算入账,小店自卖,'6952044138465465998,'6952044138465465998,'SS76307408901094282240058,2026-04-13 15:01:37,'3809975766641410463,高级感水钻珠珠一字扭扭夹2026新款盘发抓夹后脑勺发量多发夹头饰,,,普通订单,3.25,0,0,0,0,0,0,0,0,0,0,0,-0.02,0,0,0,0,0,0,是-商品卡免佣,0.15,义乌市衍郝电子商务商行,订单结算
2026-04-23 12:28:01,'2026042312275706879647130159,入账,3.76,聚合账户,货款结算入账,小店自卖,'6925555781775752565,'6925555781775752565,'SS76306667445665631080099,2026-04-12 21:10:08,'3776807804489302292,豹纹ins爱心发夹女一字夹高端碎发前额刘大号在成人前额碎发夹子,,,普通订单,3.78,0,0,0,0,0,0,0,0,0,0,0,-0.02,0,0,0,0,0,0,是-商品卡免佣,0.15,义乌市衍郝电子商务商行,订单结算
2026-04-23 12:28:01,'2026042312275704415206750159,入账,8.85,聚合账户,货款结算入账,小店自卖,'6952076232555894000,'6952076232555894000,'SS76307517013189599350237,2026-04-14 09:54:11,'3800198492568289686,买一送一爆款凉拖鞋男士夏季情侣2026新款家居防滑防臭厚底拖鞋女,,,普通订单,8.9,0,0,0,0,0,0,0,0,0,0,0,-0.05,0,0,0,0,0,0,是-商品卡免佣,0.37,义乌市衍郝电子商务商行,订单结算
2026-04-23 12:28:01,'2026042312275713673925460159,入账,5.91,聚合账户,货款结算入账,小店自卖,'6952155580240304030,'6952155580240304030,'SS76307841581553587560038,2026-04-17 22:56:19,'3807576505576456267,可爱蝴蝶结小猫无痕刘海魔术发饰少女前额星星kt侧边发贴整理神器,,,普通订单,5.95,0,0,0,0,0,0,0,0,0,0,0,-0.04,0,0,0,0,0,0,是-商品卡免佣,0.29,义乌市衍郝电子商务商行,订单结算
2026-04-23 12:28:02,'2026042312275637901481500159,入账,8.85,聚合账户,货款结算入账,小店自卖,'6952023571518592359,'6952023571518592359,'SS76307389447457021900193,2026-04-13 10:31:56,'3800198492568289686,买一送一爆款凉拖鞋男士夏季情侣2026新款家居防滑防臭厚底拖鞋女,,,普通订单,8.9,0,0,0,0,0,0,0,0,0,0,0,-0.05,0,0,0,0,0,0,是-商品卡免佣,0.37,义乌市衍郝电子商务商行,订单结算
2026-04-23 12:28:02,'2026042312275634688537940159,入账,10.27,聚合账户,货款结算入账,小店自卖,'6952050510933529619,'6952050510933529619,'SS76307256604951188750065,2026-04-13 13:27:28,'3809262658188869664,高级感新年红色大肠发圈女2026新款扎头发绳丸子氛围感头花发饰,,,普通订单,10.81,0,0,0,0,0,0,0,0,0,0,0,-0.54,0,0,0,0,0,0,,0,义乌市衍郝电子商务商行,订单结算
2026-04-23 12:28:02,'2026042312275628908754260159,入账,4.65,聚合账户,货款结算入账,小店自卖,'6952045748555814776,'6952045748555814776,'SS76307012783020777150086,2026-04-13 10:10:44,'3812796426258350389,夏天简约随手盘发一字扭扭夹水钻抓夹高级发夹扭扭后脑勺盘发器,,,普通订单,4.68,0,0,0,0,0,0,0,0,0,0,0,-0.03,0,0,0,0,0,0,是-商品卡免佣,0.22,义乌市衍郝电子商务商行,订单结算
2026-04-23 12:28:02,'2026042312275500087985070159,入账,3.73,聚合账户,货款结算入账,小店自卖,'6925550599961541998,'6925550599961541998,'SS76307256646179233370031,2026-04-13 13:38:24,'3810919823941174195,中式复古洋气多层小蛮腰褶皱印花肥肠圈高端水墨皮筋耐用新款发圈,,,普通订单,3.75,0,0,0,0,0,0,0,0,0,0,0,-0.02,0,0,0,0,0,0,是-商品卡免佣,0.15,义乌市衍郝电子商务商行,订单结算
2026-04-23 12:28:02,'2026042312275630416614830159,入账,3.08,聚合账户,货款结算入账,小店自卖,'6925654675786727063,'6925654675786727063,'SS76306291433861780840047,2026-04-16 15:48:08,'3807610285351632955,超萌秋天日系毛绒布丁小熊可爱鸭嘴夹大号发夹头饰刘海后脑勺少女,,,普通订单,0.06,0,0,2.47,0,0,0,0,0.71,0,0,0,-0.16,0,0,0,0,0,0,,0,义乌市衍郝电子商务商行,订单结算
2026-04-23 12:28:02,'2026042312275733974359190159,入账,1.75,聚合账户,货款结算入账,小店自卖,'6952018454997636137,'6952018454997636137,'SS76306607433860265380061,2026-04-12 21:55:22,'3809975766641410463,高级感水钻珠珠一字扭扭夹2026新款盘发抓夹后脑勺发量多发夹头饰,,,普通订单,1.76,0,0,0,0,0,0,0,0,0,0,0,-0.01,0,0,0,0,0,0,是-商品卡免佣,0.07,义乌市衍郝电子商务商行,订单结算
2026-04-23 12:28:02,'2026042312275637792325180159,入账,3.48,聚合账户,货款结算入账,小店自卖,'6925545035705580552,'6925545035705580552,'SS76306668320513725870234,2026-04-12 22:18:14,'3655422615167834049,复古绑发套优雅丝巾发绳皮筋高弹力发圈飘带一体式发箍皮筋扎头绳,,,普通订单,3.5,0,0,0,0,0,0,0,0,0,0,0,-0.02,0,0,0,0,0,0,是-商品卡免佣,0.15,义乌市衍郝电子商务商行,订单结算
2026-04-23 12:28:02,'2026042312275800442539580159,入账,9.52,聚合账户,货款结算入账,小店自卖,'6925635348070432195,'6925635348070432195,'SS76307043056256458330209,2026-04-16 18:26:05,'3809625164249956608,孕妇专用防滑拖鞋女士夏季家居家室内静音浴室洗澡防臭凉拖鞋外穿,,,普通订单,9.58,0,0,0,0,0,0,0,0,0,0,0,-0.06,0,0,0,0,0,0,是-商品卡免佣,0.44,义乌市衍郝电子商务商行,订单结算
2026-04-23 12:28:02,'2026042312275606212654500159,入账,3.65,聚合账户,货款结算入账,小店自卖,'6925551936367590773,'6925551936367590773,'SS76306667375542113280037,2026-04-12 22:00:10,'3797568456468070758,学院风韩系蝴蝶结蓝色格洋气简约金标鲨鱼后脑勺盘发夹子发饰格子,,,普通订单,3.67,0,0,0,0,0,0,0,0,0,0,0,-0.02,0,0,0,0,0,0,是-商品卡免佣,0.15,义乌市衍郝电子商务商行,订单结算
2026-04-23 12:28:02,'2026042312275718970055740159,入账,2.96,聚合账户,货款结算入账,小店自卖,'6925541140920958268,'6925541140920958268,'SS76306673133545272410134,2026-04-13 07:11:20,'3812961166053999319,ins爆款卡通蓬松夹鸭嘴夹一字夹化妆发夹超萌可爱猫咪少女刘海夹,,,普通订单,2.98,0,0,0,0,0,0,0,0,0,0,0,-0.02,0,0,0,0,0,0,是-商品卡免佣,0.15,义乌市衍郝电子商务商行,订单结算
2026-04-23 12:28:02,'2026042312275633016712040159,入账,6.14,聚合账户,货款结算入账,小店自卖,'6925555805735255695,'6925555805735255695,'SS76307404563265459290112,2026-04-12 21:20:12,'3783072477903716812,饱满花型高级感抓夹大号夹子蝴蝶结发夹后大号在成人大号毛绒发卡,,,普通订单,6.18,0,0,0,0,0,0,0,0,0,0,0,-0.04,0,0,0,0,0,0,是-商品卡免佣,0.29,义乌市衍郝电子商务商行,订单结算
2026-04-23 12:28:02,'2026042312275822147610020159,入账,6.61,聚合账户,货款结算入账,小店自卖,'6925559994352697163,'6925559994352697163,'SS76307407753700482980179,2026-04-13 15:07:46,'3767675591411761485,显白牛油果绿系列小丝巾缠包模特搭配装饰品丝带绑红色蝴蝶结发饰,,,普通订单,6.65,0,0,0,0,0,0,0,0,0,0,0,-0.04,0,0,0,0,0,0,是-商品卡免佣,0.29,义乌市衍郝电子商务商行,订单结算
2026-04-23 12:28:02,'2026042312275120182638620159,入账,1.19,聚合账户,货款结算入账,小店自卖,'6925545247558630610,'6925545247558630610,'SS76306668979271767140178,2026-04-12 23:42:03,'3774210871656579079,小众不规则配饰撞色女新款高级感发卡爆款大号鲨鱼夹发夹气质头饰,,,普通订单,3.2,0,0,0,0,0,0,0,0,0,0,-2,-0.01,0,0,0,0,0,0,是-商品卡免佣,0.07,义乌市衍郝电子商务商行,订单结算
2026-04-23 12:28:02,'2026042312275503911846750159,入账,4.46,聚合账户,货款结算入账,小店自卖,'6952036204080076192,'6952036204080076192,'SS76306421781836598160078,2026-04-12 22:41:24,'3809625164249956608,孕妇专用防滑拖鞋女士夏季家居家室内静音浴室洗澡防臭凉拖鞋外穿,,,普通订单,0.01,0,0,4.48,0,0,0,0,0,0,0,0,-0.03,0,0,0,0,0,0,是-商品卡免佣,0.22,义乌市衍郝电子商务商行,订单结算
2026-04-23 12:28:02,'2026042312275519644421550159,入账,4.96,聚合账户,货款结算入账,小店自卖,'6925553654594305775,'6925553654594305775,'SS76306426622450939340140,2026-04-12 17:58:00,'3809625164249956608,孕妇专用防滑拖鞋女士夏季家居家室内静音浴室洗澡防臭凉拖鞋外穿,,,普通订单,4.99,0,0,0,0,0,0,0,0,0,0,0,-0.03,0,0,0,0,0,0,是-商品卡免佣,0.22,义乌市衍郝电子商务商行,订单结算
2026-04-23 12:28:02,'2026042312275732064353630159,入账,3.04,聚合账户,货款结算入账,小店自卖,'6952143956004444047,'6952143956004444047,'SS76308207510851958110110,2026-04-17 22:59:09,'3774210871656579079,小众不规则配饰撞色女新款高级感发卡爆款大号鲨鱼夹发夹气质头饰,,,普通订单,0.2,0,0,3,0,0,0,0,0,0,0,0,-0.16,0,0,0,0,0,0,,0,义乌市衍郝电子商务商行,订单结算
2026-04-23 12:28:02,'2026042312275615151931300159,入账,4.74,聚合账户,货款结算入账,小店自卖,'6925542586404731956,'6925542586404731956,'SS76306425210312135780001,2026-04-12 21:44:11,'3809625164249956608,孕妇专用防滑拖鞋女士夏季家居家室内静音浴室洗澡防臭凉拖鞋外穿,,,普通订单,4.89,0,0,0,0,0,0,0,0,0.1,0,0,-0.25,0,0,0,0,0,0,,0,义乌市衍郝电子商务商行,订单结算
2026-04-23 12:28:02,'2026042312275627477120340159,入账,2.67,聚合账户,货款结算入账,小店自卖,'6952067820118938780,'6952067820118742172,'SS76306457601098102030198,2026-04-14 14:17:14,'3812988718369865893,可爱小熊眼镜2026新款发卡发夹女边夹侧边鸭嘴夹前额刘海夹子头饰,,,普通订单,2.69,0,0,0,0,0,0,0,0,0,0,0,-0.02,0,0,0,0,0,0,是-商品卡免佣,0.15,义乌市衍郝电子商务商行,订单结算
2026-04-23 12:28:02,'2026042312275722460341760159,入账,4.96,聚合账户,货款结算入账,小店自卖,'6952030138617632041,'6952030138617632041,'SS76307242359081705310055,2026-04-13 10:03:48,'3799223154979766395,印花小熊防滑防臭抑菌拖鞋女士2026新款夏季浴室情侣家用凉拖男士,,,普通订单,4.99,0,0,0,0,0,0,0,0,0,0,0,-0.03,0,0,0,0,0,0,是-商品卡免佣,0.22,义乌市衍郝电子商务商行,订单结算
2026-04-23 12:28:02,'2026042312275810241969160159,入账,8.85,聚合账户,货款结算入账,小店自卖,'6952023744147494580,'6952023744147494580,'SS76307389317848151190047,2026-04-13 12:12:57,'3800198492568289686,买一送一爆款凉拖鞋男士夏季情侣2026新款家居防滑防臭厚底拖鞋女,,,普通订单,8.9,0,0,0,0,0,0,0,0,0,0,0,-0.05,0,0,0,0,0,0,是-商品卡免佣,0.37,义乌市衍郝电子商务商行,订单结算
2026-04-23 12:28:02,'2026042312275723372764350159,入账,5.26,聚合账户,货款结算入账,小店自卖,'6925667405525711925,'6925667405525711925,'SS76306515661588564630092,2026-04-17 20:49:25,'3809625164249956608,孕妇专用防滑拖鞋女士夏季家居家室内静音浴室洗澡防臭凉拖鞋外穿,,,普通订单,3.79,0,0,1.5,0,0,0,0,0,0,0,0,-0.03,0,0,0,0,0,0,是-商品卡免佣,0.22,义乌市衍郝电子商务商行,订单结算
2026-04-23 12:28:02,'2026042312275415865943040159,入账,7.04,聚合账户,货款结算入账,小店自卖,'6952012182510966527,'6952012182510966527,'SS76306331294975593500090,2026-04-12 21:37:28,'3768979814174818449,2025新款气质大号盘发鸭嘴夹春夏发卡蝴蝶大号在成人抓夹碎发夹子,,,普通订单,7.08,0,0,0,0,0,0,0,0,0,0,0,-0.04,0,0,0,0,0,0,是-商品卡免佣,0.29,义乌市衍郝电子商务商行,订单结算
2026-04-23 12:28:02,'2026042312275613510904840159,入账,2.62,聚合账户,货款结算入账,小店自卖,'6952014281457211119,'6952014281457211119,'SS76306666321509261060001,2026-04-12 22:41:03,'3812600459668095315,金枝玉叶韩系发梳闪钻时尚高颅顶倒插梳树叶防滑发夹百搭发卡发饰,,,普通订单,2.64,0,0,0,0,0,0,0,0,0,0,0,-0.02,0,0,0,0,0,0,是-商品卡免佣,0.15,义乌市衍郝电子商务商行,订单结算
2026-04-23 12:28:02,'2026042312275526938291600159,入账,5.65,聚合账户,货款结算入账,小店自卖,'6952009871431702346,'6952009871431702346,'SS76306666272943355400183,2026-04-12 22:52:34,'3812796426258350389,夏天简约随手盘发一字扭扭夹水钻抓夹高级发夹扭扭后脑勺盘发器,,,普通订单,5.68,0,0,0,0,0,0,0,0,0,0,0,-0.03,0,0,0,0,0,0,是-商品卡免佣,0.22,义乌市衍郝电子商务商行,订单结算
2026-04-23 12:28:03,'2026042312275733434345480159,入账,1.75,聚合账户,货款结算入账,小店自卖,'6952016553907459100,'6952016553907459100,'SS76306607798638349070191,2026-04-12 23:13:16,'3809975766641410463,高级感水钻珠珠一字扭扭夹2026新款盘发抓夹后脑勺发量多发夹头饰,,,普通订单,0.76,0,0,0,0,0,0,0,0,1,0,0,-0.01,0,0,0,0,0,0,是-商品卡免佣,0.07,义乌市衍郝电子商务商行,订单结算
2026-04-23 12:28:03,'2026042312275406265452060159,入账,3.65,聚合账户,货款结算入账,小店自卖,'6925669925538135251,'6925669925538135251,'SS76306719874262474330241,2026-04-17 20:00:32,'3812600459668095315,金枝玉叶韩系发梳闪钻时尚高颅顶倒插梳树叶防滑发夹百搭发卡发饰,,,普通订单,3.67,0,0,0,0,0,0,0,0,0,0,0,-0.02,0,0,0,0,0,0,是-商品卡免佣,0.15,义乌市衍郝电子商务商行,订单结算
2026-04-23 12:28:03,'2026042312275700434181530159,入账,4.37,聚合账户,货款结算入账,小店自卖,'6925545069965245709,'6925545069965245709,'SS76306668589929436220171,2026-04-12 22:40:11,'3677717677658472478,法式鲨鱼夹洋气头发鱼尾夹子新款后脑勺盘发方块发夹黑色大号抓夹,,,普通订单,4.6,0.8,0,0,0,0,0,0,0,0,0,0,-0.23,0,0,0,0,0,0,,0,义乌市衍郝电子商务商行,订单结算
2026-04-23 12:28:03,'2026042312275637805104700159,入账,1.13,聚合账户,货款结算入账,小店自卖,'6925669816556682996,'6925669816556682996,'SS76307808080184611940162,2026-04-17 18:33:06,'3807956255797018943,韩国精致气质炫彩侧边夹2026年新款发夹高端夹顶刘海鸭嘴高级夹子,,,普通订单,0.14,0,0,1,0,0,0,0,0,0,0,0,-0.01,0,0,0,0,0,0,是-商品卡免佣,0.07,义乌市衍郝电子商务商行,订单结算
2026-04-23 12:28:03,'2026042312275612549983140159,入账,4.46,聚合账户,货款结算入账,小店自卖,'6925542436367793430,'6925542436367793430,'SS76306416233704822180243,2026-04-12 20:58:38,'3809625164249956608,孕妇专用防滑拖鞋女士夏季家居家室内静音浴室洗澡防臭凉拖鞋外穿,,,普通订单,0.01,0,0,4.48,0,0,0,0,0,0,0,0,-0.03,0,0,0,0,0,0,是-商品卡免佣,0.22,义乌市衍郝电子商务商行,订单结算
2026-04-23 12:28:03,'2026042312275622492288460159,入账,4.26,聚合账户,货款结算入账,小店自卖,'6952164417440847063,'6952164417440847063,'SS76308215455238763980071,2026-04-18 08:15:19,'3809625164249956608,孕妇专用防滑拖鞋女士夏季家居家室内静音浴室洗澡防臭凉拖鞋外穿,,,普通订单,4.29,0,0,0,0,0,0,0,0,0,0,0,-0.03,0,0,0,0,0,0,是-商品卡免佣,0.22,义乌市衍郝电子商务商行,订单结算
2026-04-23 12:28:03,'2026042312275810948818550159,入账,2.24,聚合账户,货款结算入账,小店自卖,'6952020513033492050,'6952020513033492050,'SS76306611284227527870063,2026-04-12 17:28:41,'3809975766641410463,高级感水钻珠珠一字扭扭夹2026新款盘发抓夹后脑勺发量多发夹头饰,,,普通订单,2.05,0,0,0,0,0,0,0,0,0.2,0,0,-0.01,0,0,0,0,0,0,是-商品卡免佣,0.07,义乌市衍郝电子商务商行,订单结算
2026-04-23 12:28:03,'2026042312275635006592410159,入账,2.46,聚合账户,货款结算入账,小店自卖,'6925653877354757783,'6925653877354757783,'SS76306290988233367390191,2026-04-17 09:33:47,'3807610285351632955,超萌秋天日系毛绒布丁小熊可爱鸭嘴夹大号发夹头饰刘海后脑勺少女,,,普通订单,0.01,0,0,2.17,0,0,0,0,0.41,0,0,0,-0.13,0,0,0,0,0,0,,0,义乌市衍郝电子商务商行,订单结算
2026-04-23 12:28:03,'2026042312275701559268240159,入账,3.08,聚合账户,货款结算入账,小店自卖,'6952146499147011453,'6952146499147011453,'SS76307270861138496260022,2026-04-18 09:41:43,'3814622695711178916,韩系缎面黑色蝴蝶结波点格纹香蕉夹女后脑勺抓夹马尾夹发卡发饰女,,,普通订单,3.1,0,0,0,0,0,0,0,0,0,0,0,-0.02,0,0,0,0,0,0,是-商品卡免佣,0.15,义乌市衍郝电子商务商行,订单结算
2026-04-23 12:28:03,'2026042312275821503063460159,入账,8.7,聚合账户,货款结算入账,小店自卖,'6925687904246398886,'6925687904246398886,'SS76307501029945351950175,2026-04-18 09:24:10,'3809427327243387363,新中式蝴蝶结双层大肠发圈女小蛮腰低马尾发绳扎丸子头花发饰皮筋,,,普通订单,8.75,0,0,0,0,0,0,0,0,0,0,0,-0.05,0,0,0,0,0,0,是-商品卡免佣,0.37,义乌市衍郝电子商务商行,订单结算
2026-04-23 12:28:03,'2026042312275706892754330159,入账,3.75,聚合账户,货款结算入账,小店自卖,'6925682339637591256,'6925682339637591256,'SS76307893185749202180194,2026-04-18 14:05:28,'3812961166053999319,ins爆款卡通蓬松夹鸭嘴夹一字夹化妆发夹超萌可爱猫咪少女刘海夹,,,普通订单,0.01,0,0,3.94,0,0,0,0,0,0,0,0,-0.2,0,0,0,0,0,0,,0,义乌市衍郝电子商务商行,订单结算
2026-04-23 12:28:03,'2026042312275731568737690159,入账,4.87,聚合账户,货款结算入账,小店自卖,'6952004657581594325,'6952004657581594325,'SS76306416590093030830038,2026-04-12 15:09:53,'3800198492568289686,买一送一爆款凉拖鞋男士夏季情侣2026新款家居防滑防臭厚底拖鞋女,,,普通订单,4.9,0,0,0,0,0,0,0,0,0,0,0,-0.03,0,0,0,0,0,0,是-商品卡免佣,0.22,义乌市衍郝电子商务商行,订单结算
2026-04-23 12:28:03,'2026042312275731020201320159,入账,6.86,聚合账户,货款结算入账,小店自卖,'6925571023171255334,'6925571023171255334,'SS76307024851375396240137,2026-04-13 20:34:09,'3752323159945249725,碎发整理神器山茶花碎发整理神器后脑勺成人拉拉发红色蝴蝶结发饰,,,普通订单,6.9,0,0,0,0,0,0,0,0,0,0,0,-0.04,0,0,0,0,0,0,是-商品卡免佣,0.29,义乌市衍郝电子商务商行,订单结算
2026-04-23 12:28:03,'2026042312275731017088360159,入账,1.75,聚合账户,货款结算入账,小店自卖,'6925570214902529817,'6925570214902529817,'SS76307374158124813060108,2026-04-13 14:43:16,'3809975766641410463,高级感水钻珠珠一字扭扭夹2026新款盘发抓夹后脑勺发量多发夹头饰,,,普通订单,1.76,0,0,0,0,0,0,0,0,0,0,0,-0.01,0,0,0,0,0,0,是-商品卡免佣,0.07,义乌市衍郝电子商务商行,订单结算
2026-04-23 12:28:03,'2026042312275703067087740159,入账,5.17,聚合账户,货款结算入账,小店自卖,'6952087548492715094,'6952087548492715094,'SS76306227076716961680062,2026-04-15 19:47:52,'3812988718369865893,可爱小熊眼镜2026新款发卡发夹女边夹侧边鸭嘴夹前额刘海夹子头饰,,,普通订单,5.2,0,0,0,0,0,0,0,0,0,0,0,-0.03,0,0,0,0,0,0,是-商品卡免佣,0.22,义乌市衍郝电子商务商行,订单结算
2026-04-23 12:28:03,'2026042312275633735194010159,入账,8.85,聚合账户,货款结算入账,小店自卖,'6925586967891509036,'6925586967891509036,'SS76305902523384143710167,2026-04-14 16:41:15,'3800198492568289686,买一送一爆款凉拖鞋男士夏季情侣2026新款家居防滑防臭厚底拖鞋女,,,普通订单,8.9,0,0,0,0,0,0,0,0,0,0,0,-0.05,0,0,0,0,0,0,是-商品卡免佣,0.37,义乌市衍郝电子商务商行,订单结算
2026-04-23 12:28:03,'2026042312275622705280190159,入账,4.96,聚合账户,货款结算入账,小店自卖,'6925565066188193557,'6925565066188193557,'SS76307240979497781820064,2026-04-13 12:31:27,'3809625164249956608,孕妇专用防滑拖鞋女士夏季家居家室内静音浴室洗澡防臭凉拖鞋外穿,,,普通订单,4.99,0,0,0,0,0,0,0,0,0,0,0,-0.03,0,0,0,0,0,0,是-商品卡免佣,0.22,义乌市衍郝电子商务商行,订单结算
2026-04-23 12:28:03,'2026042312275804951908260159,入账,4.47,聚合账户,货款结算入账,小店自卖,'6925550502662733010,'6925550502662733010,'SS76306962838454771830132,2026-04-13 12:28:28,'3806655969480540177,米菲兔巨显发量香蕉兔子后脑勺盘发百搭少女发饰时尚可爱波点大号,,,普通订单,5.49,0,0,0,0,0,0,0,0,0,0,-1,-0.02,0,0,0,0,0,0,是-商品卡免佣,0.15,义乌市衍郝电子商务商行,订单结算
2026-04-23 12:28:03,'2026042312275807008302620159,入账,3.76,聚合账户,货款结算入账,小店自卖,'6925540552207400486,'6925540552207400486,'SS76306668523562278940149,2026-04-12 22:07:40,'3807576505576456267,可爱蝴蝶结小猫无痕刘海魔术发饰少女前额星星kt侧边发贴整理神器,,,普通订单,3.78,0,0,0,0,0,0,0,0,0,0,0,-0.02,0,0,0,0,0,0,是-商品卡免佣,0.15,义乌市衍郝电子商务商行,订单结算
2026-04-23 12:28:03,'2026042312275533862623260159,入账,5.07,聚合账户,货款结算入账,小店自卖,'6925556069173722318,'6925556069173722318,'SS76306668279795430940025,2026-04-12 22:41:43,'3776807804489302292,豹纹ins爱心发夹女一字夹高端碎发前额刘大号在成人前额碎发夹子,,,普通订单,5.1,0,0,0,0,0,0,0,0,0,0,0,-0.03,0,0,0,0,0,0,是-商品卡免佣,0.22,义乌市衍郝电子商务商行,订单结算
2026-04-23 12:28:03,'2026042312275826719687950159,入账,8.85,聚合账户,货款结算入账,小店自卖,'6952012241452078696,'6952012241452078696,'SS76306671501385730820229,2026-04-12 21:57:56,'3800198492568289686,买一送一爆款凉拖鞋男士夏季情侣2026新款家居防滑防臭厚底拖鞋女,,,普通订单,8.9,0,0,0,0,0,0,0,0,0,0,0,-0.05,0,0,0,0,0,0,是-商品卡免佣,0.37,义乌市衍郝电子商务商行,订单结算
2026-04-23 12:28:03,'2026042312275730590612990159,入账,8.85,聚合账户,货款结算入账,小店自卖,'6952032306382902693,'6952032306382902693,'SS76306671932941437820131,2026-04-13 08:44:21,'3800198492568289686,买一送一爆款凉拖鞋男士夏季情侣2026新款家居防滑防臭厚底拖鞋女,,,普通订单,8.9,0,0,0,0,0,0,0,0,0,0,0,-0.05,0,0,0,0,0,0,是-商品卡免佣,0.37,义乌市衍郝电子商务商行,订单结算
2026-04-23 12:28:03,'2026042312275737640484470159,入账,12.9,聚合账户,货款结算入账,小店自卖,'6925661277556211414,'6925661277556211414,'SS76307950643019123630121,2026-04-17 17:09:06,'3812240028327870813,粉色双面蝴蝶结香蕉夹竖夹超温柔!气质高马尾发夹后脑勺发夹发饰,,,普通订单,12.98,0,0,0,0,0,0,0,0,0,0,0,-0.08,0,0,0,0,0,0,是-商品卡免佣,0.59,义乌市衍郝电子商务商行,订单结算
2026-04-23 12:28:03,'2026042312275733598507940159,入账,3.47,聚合账户,货款结算入账,小店自卖,'6925562964987576057,'6925562964987576057,'SS76307501391251092830040,2026-04-13 12:33:02,'3806655969480540177,米菲兔巨显发量香蕉兔子后脑勺盘发百搭少女发饰时尚可爱波点大号,,,普通订单,3.49,0,0,0,0,0,0,0,0,0,0,0,-0.02,0,0,0,0,0,0,是-商品卡免佣,0.15,义乌市衍郝电子商务商行,订单结算
2026-04-23 12:28:03,'2026042312275324246853530159,入账,6,聚合账户,货款结算入账,小店自卖,'6925682938379140359,'6925682938379140359,'SS76306997273022303070046,2026-04-17 21:00:12,'3800198492568289686,买一送一爆款凉拖鞋男士夏季情侣2026新款家居防滑防臭厚底拖鞋女,,,普通订单,6.9,0,0,1.42,0,0,0,0,0,0,0,-2,-0.32,0,0,0,0,0,0,,0,义乌市衍郝电子商务商行,订单结算
2026-04-23 12:28:03,'2026042312275722325988380159,入账,2.5,聚合账户,货款结算入账,小店自卖,'6925552482388638928,'6925552482388638928,'SS76306667978141578660065,2026-04-13 06:24:08,'3799240809392504924,韩国东大门同款碎发夹气质水钻侧边刘海夹子女高颜值发卡头饰BB夹,,,普通订单,2.52,0,0,0,0,0,0,0,0,0,0,0,-0.02,0,0,0,0,0,0,是-商品卡免佣,0.15,义乌市衍郝电子商务商行,订单结算
2026-04-23 12:28:04,'2026042312275818384040960159,入账,1.79,聚合账户,货款结算入账,小店自卖,'6951998082554270970,'6951998082554270970,'SS76307549607114842020173,2026-04-12 17:49:10,'3798678606662729899,精致满钻侧边小抓夹女半扎发碎发夹前额刘海公主头发夹小号鲨鱼夹,,,普通订单,0.01,0,0,1.79,0,0,0,0,0,0,0,0,-0.01,0,0,0,0,0,0,是-商品卡免佣,0.07,义乌市衍郝电子商务商行,订单结算
2026-04-23 12:28:04,'2026042312275841784653430159,入账,2.97,聚合账户,货款结算入账,小店自卖,'6925636830694833831,'6925636830694833831,'SS76306886977173921740131,2026-04-16 12:02:47,'3811102963569655948,春夏撞色蝴蝶结发夹发卡女后脑勺2026新款气质大号盘发鸭嘴夹发饰,,,普通订单,0.01,0,0,2.98,0,0,0,0,0,0,0,0,-0.02,0,0,0,0,0,0,是-商品卡免佣,0.15,义乌市衍郝电子商务商行,订单结算
2026-04-23 12:28:04,'2026042312275816203779020159,入账,2.87,聚合账户,货款结算入账,小店自卖,'6952029345453905239,'6952029345453905239,'SS76306667247166305430081,2026-04-12 20:26:11,'3752323855864168814,飘带齿梳发箍波浪高颅顶高颅顶宫廷编发发箍女复红色蝴蝶结发饰,,,普通订单,2.69,0,0,0.2,0,0,0,0,0,0,0,0,-0.02,0,0,0,0,0,0,是-商品卡免佣,0.15,义乌市衍郝电子商务商行,订单结算
2026-04-23 12:28:04,'2026042312275822327342340159,入账,11.38,聚合账户,货款结算入账,小店自卖,'6951998114422593370,'6951998114422593370,'SS76289457441958507580222,2026-04-12 18:54:06,'3811094049524416689,韩国时尚高级感印花大肠发圈女2026新款气质马尾皮筋弹力耐用头绳,,,普通订单,2.95,0,0,6,0,0,0,0,2.5,0,0,0,-0.07,0,0,0,0,0,0,是-商品卡免佣,0.51,义乌市衍郝电子商务商行,订单结算
2026-04-23 12:28:04,'2026042312275713265474970159,入账,4.35,聚合账户,货款结算入账,小店自卖,'6925576644521327826,'6925576644521327826,'SS76307409252199631900113,2026-04-13 14:16:27,'3811083906791374873,懒人扎高马尾不塌神器啪啪圈发圈头绳显发量丸子头不伤发发绳头饰,,,普通订单,2.38,0,0,2,0,0,0,0,0,0,0,0,-0.03,0,0,0,0,0,0,是-商品卡免佣,0.22,义乌市衍郝电子商务商行,订单结算
2026-04-23 12:28:04,'2026042312275903080525430159,入账,4.96,聚合账户,货款结算入账,小店自卖,'6925545153183383120,'6925545153183383120,'SS76306423632156756630173,2026-04-12 23:01:43,'3809625164249956608,孕妇专用防滑拖鞋女士夏季家居家室内静音浴室洗澡防臭凉拖鞋外穿,,,普通订单,4.99,0,0,0,0,0,0,0,0,0,0,0,-0.03,0,0,0,0,0,0,是-商品卡免佣,0.22,义乌市衍郝电子商务商行,订单结算
2026-04-23 12:28:04,'2026042312275805019284740159,入账,5.07,聚合账户,货款结算入账,小店自卖,'6952016758376568356,'6952016758376568356,'SS76306668506929075540114,2026-04-13 02:00:48,'3776807804489302292,豹纹ins爱心发夹女一字夹高端碎发前额刘大号在成人前额碎发夹子,,,普通订单,5.1,0,0,0,0,0,0,0,0,0,0,0,-0.03,0,0,0,0,0,0,是-商品卡免佣,0.22,义乌市衍郝电子商务商行,订单结算
2026-04-23 12:28:04,'2026042312275828800824740159,入账,3.38,聚合账户,货款结算入账,小店自卖,'6925614510649212146,'6925614510649212146,'SS76307807089152005220137,2026-04-15 10:59:04,'3812240028327870813,粉色双面蝴蝶结香蕉夹竖夹超温柔!气质高马尾发夹后脑勺发夹发饰,,,普通订单,0.01,0,0,3.39,0,0,0,0,0,0,0,0,-0.02,0,0,0,0,0,0,是-商品卡免佣,0.15,义乌市衍郝电子商务商行,订单结算
2026-04-23 12:28:04,'2026042312280007089196030159,入账,2.87,聚合账户,货款结算入账,小店自卖,'6952020770769671386,'6952020770769671386,'SS76306663651267425820087,2026-04-12 19:45:15,'3799616810156949953,绒面宽边简约高颅顶发箍秋冬网红发饰女高级感洗脸头箍发卡发带潮,,,普通订单,2.89,0,0,0,0,0,0,0,0,0,0,0,-0.02,0,0,0,0,0,0,是-商品卡免佣,0.15,义乌市衍郝电子商务商行,订单结算
2026-04-23 12:28:04,'2026042312280010823114430159,入账,3.36,聚合账户,货款结算入账,小店自卖,'6925549879021436124,'6925549879021436124,'SS76306610039788511080215,2026-04-13 06:48:56,'3812796426258350389,夏天简约随手盘发一字扭扭夹水钻抓夹高级发夹扭扭后脑勺盘发器,,,普通订单,3.38,0,0,0,0,0,0,0,0,0,0,0,-0.02,0,0,0,0,0,0,是-商品卡免佣,0.15,义乌市衍郝电子商务商行,订单结算
2026-04-23 12:28:04,'2026042312275411751268030159,入账,4.74,聚合账户,货款结算入账,小店自卖,'6925544550556007809,'6925544550556007809,'SS76306671469077634750241,2026-04-12 19:44:23,'3809625164249956608,孕妇专用防滑拖鞋女士夏季家居家室内静音浴室洗澡防臭凉拖鞋外穿,,,普通订单,1.99,0,0,3,0,0,0,0,0,0,0,0,-0.25,0,0,0,0,0,0,,0,义乌市衍郝电子商务商行,订单结算
2026-04-23 12:28:04,'2026042312275733567050780159,入账,4.96,聚合账户,货款结算入账,小店自卖,'6925552375938514369,'6925552375938514369,'SS76306421818718948360162,2026-04-13 01:51:55,'3809625164249956608,孕妇专用防滑拖鞋女士夏季家居家室内静音浴室洗澡防臭凉拖鞋外穿,,,普通订单,4.99,0,0,0,0,0,0,0,0,0,0,0,-0.03,0,0,0,0,0,0,是-商品卡免佣,0.22,义乌市衍郝电子商务商行,订单结算
2026-04-23 12:28:04,'2026042312275922252139920159,入账,1.01,聚合账户,货款结算入账,小店自卖,'6952147146907850265,'6952147146907850265,'SS76307980633303823720130,2026-04-17 06:18:32,'3809610642873254247,法式秋冬季森系ins甜美大肠发圈经典系列发绳高级感方巾发圈发饰,,,普通订单,0.02,0,0,1.04,0,0,0,0,0,0,0,0,-0.05,0,0,0,0,0,0,,0,义乌市衍郝电子商务商行,订单结算
2026-04-23 12:28:04,'2026042312280001308101180159,入账,2.84,聚合账户,货款结算入账,小店自卖,'6925557925352406893,'6925557925352406893,'SS76306666230002038110191,2026-04-12 19:57:51,'3811102963569655948,春夏撞色蝴蝶结发夹发卡女后脑勺2026新款气质大号盘发鸭嘴夹发饰,,,普通订单,0.01,0,0,2.98,0,0,0,0,0,0,0,0,-0.15,0,0,0,0,0,0,,0,义乌市衍郝电子商务商行,订单结算
2026-04-23 12:28:04,'2026042312280010821803710159,入账,2.78,聚合账户,货款结算入账,小店自卖,'6925578656893140427,'6925578656893074891,'SS76307284347169835710203,2026-04-14 11:20:11,'3812779169155252959,仙女爆闪满钻发夹迷你鸭嘴夹发夹侧边小夹子精致蝴蝶结碎发夹刘海,,,普通订单,2.8,0,0,0,0,0,0,0,0,0,0,0,-0.02,0,0,0,0,0,0,是-商品卡免佣,0.15,义乌市衍郝电子商务商行,订单结算
2026-04-23 12:28:04,'2026042312275729673108540159,入账,4.74,聚合账户,货款结算入账,小店自卖,'6925560232334818885,'6925560232334818885,'SS76306423531963192830210,2026-04-12 21:36:31,'3809625164249956608,孕妇专用防滑拖鞋女士夏季家居家室内静音浴室洗澡防臭凉拖鞋外穿,,,普通订单,1.4,0,0,3.59,0,0,0,0,0,0,0,0,-0.25,0,0,0,0,0,0,,0,义乌市衍郝电子商务商行,订单结算
2026-04-23 12:28:04,'2026042312275933943723610159,入账,2.83,聚合账户,货款结算入账,小店自卖,'6952094595670873383,'6952094595670873383,'SS76306439323140595600113,2026-04-15 21:39:44,'3811112629418721668,儿童小碎花方巾大肠发圈2026新款女童扎低马尾头绳女孩丸子头发绳,,,普通订单,0.01,0,0,2.84,0,0,0,0,0,0,0,0,-0.02,0,0,0,0,0,0,是-商品卡免佣,0.15,义乌市衍郝电子商务商行,订单结算
2026-04-23 12:28:04,'2026042312275806797890970159,入账,2.74,聚合账户,货款结算入账,小店自卖,'6952027725844387290,'6952027725844387290,'SS76307030132375434620211,2026-04-12 23:54:01,'3812599293685137539,圆形银色金属仿钻五角发扣前额刘海发夹侧边碎发夹小号发夹子头饰,,,普通订单,2.76,0,0,0,0,0,0,0,0,0,0,0,-0.02,0,0,0,0,0,0,是-商品卡免佣,0.15,义乌市衍郝电子商务商行,订单结算
2026-04-23 12:28:04,'2026042312275808582313390159,入账,8.85,聚合账户,货款结算入账,小店自卖,'6925565138264423916,'6925565138264423916,'SS76307390007394350080066,2026-04-13 13:03:05,'3800198492568289686,买一送一爆款凉拖鞋男士夏季情侣2026新款家居防滑防臭厚底拖鞋女,,,普通订单,8.9,0,0,0,0,0,0,0,0,0,0,0,-0.05,0,0,0,0,0,0,是-商品卡免佣,0.37,义乌市衍郝电子商务商行,订单结算
2026-04-23 12:28:04,'2026042312275413514675560159,入账,4.74,聚合账户,货款结算入账,小店自卖,'6925534090093297052,'6925534090093297052,'SS76306419313699231060096,2026-04-12 18:09:33,'3809625164249956608,孕妇专用防滑拖鞋女士夏季家居家室内静音浴室洗澡防臭凉拖鞋外穿,,,普通订单,3.5,0,0,1.49,0,0,0,0,0,0,0,0,-0.25,0,0,0,0,0,0,,0,义乌市衍郝电子商务商行,订单结算
2026-04-23 12:28:04,'2026042312275812635387300159,入账,7.79,聚合账户,货款结算入账,小店自卖,'6925567467856494539,'6925567467856494539,'SS76307502364657426430228,2026-04-13 13:27:55,'3797749369206342546,豹纹大肠发圈高级小众手工韩国新款头绳编织显发量马尾丸子头发绳,,,普通订单,8.2,0,0,0,0,0,0,0,0,0,0,0,-0.41,0,0,0,0,0,0,,0,义乌市衍郝电子商务商行,订单结算
2026-04-23 12:28:04,'2026042312275921107840360159,入账,4.74,聚合账户,货款结算入账,小店自卖,'6925662388900887866,'6925662388900887866,'SS76306431281207587940043,2026-04-17 13:14:58,'3799223154979766395,印花小熊防滑防臭抑菌拖鞋女士2026新款夏季浴室情侣家用凉拖男士,,,普通订单,0.01,0,0,4.98,0,0,0,0,0,0,0,0,-0.25,0,0,0,0,0,0,,0,义乌市衍郝电子商务商行,订单结算
2026-04-23 12:28:04,'2026042312280000193377710159,入账,12.9,聚合账户,货款结算入账,小店自卖,'6925560181640690944,'6925560181640690944,'SS76307367633696732620022,2026-04-12 21:28:52,'3812240028327870813,粉色双面蝴蝶结香蕉夹竖夹超温柔!气质高马尾发夹后脑勺发夹发饰,,,普通订单,12.98,0,0,0,0,0,0,0,0,0,0,0,-0.08,0,0,0,0,0,0,是-商品卡免佣,0.59,义乌市衍郝电子商务商行,订单结算
2026-04-23 12:28:04,'2026042312275821562171510159,入账,4.74,聚合账户,货款结算入账,小店自卖,'6925551804237250040,'6925551804237250040,'SS76306423443647536980248,2026-04-12 21:19:17,'3809625164249956608,孕妇专用防滑拖鞋女士夏季家居家室内静音浴室洗澡防臭凉拖鞋外穿,,,普通订单,0.99,0,0,4,0,0,0,0,0,0,0,0,-0.25,0,0,0,0,0,0,,0,义乌市衍郝电子商务商行,订单结算
2026-04-23 12:28:04,'2026042312275901140826140159,入账,8.85,聚合账户,货款结算入账,小店自卖,'6952155201703843075,'6952155201703843075,'SS76306736399525483520088,2026-04-17 19:29:24,'3800198492568289686,买一送一爆款凉拖鞋男士夏季情侣2026新款家居防滑防臭厚底拖鞋女,,,普通订单,8.9,0,0,0,0,0,0,0,0,0,0,0,-0.05,0,0,0,0,0,0,是-商品卡免佣,0.37,义乌市衍郝电子商务商行,订单结算
2026-04-23 12:28:04,'2026042312275902239411740159,入账,10.83,聚合账户,货款结算入账,小店自卖,'6925654584759058285,'6925654584759058285,'SS76308228358682222540041,2026-04-16 15:00:33,'3813152773302780175,柔软泡泡纱韩国粉色碎花大肠发圈超大号高级仙气丸子慵懒头绳发饰,,,普通订单,10.9,0,0,0,0,0,0,0,0,0,0,0,-0.07,0,0,0,0,0,0,是-商品卡免佣,0.51,义乌市衍郝电子商务商行,订单结算
2026-04-23 12:28:04,'2026042312275916405673230159,入账,4.07,聚合账户,货款结算入账,小店自卖,'6952031552866358293,'6952031552866358293,'SS76307377644722467900217,2026-04-12 21:01:13,'3812240028327870813,粉色双面蝴蝶结香蕉夹竖夹超温柔!气质高马尾发夹后脑勺发夹发饰,,,普通订单,0.01,0,0,4.27,0,0,0,0,0,0,0,0,-0.21,0,0,0,0,0,0,,0,义乌市衍郝电子商务商行,订单结算
2026-04-23 12:28:04,'2026042312275417187026330159,入账,5.22,聚合账户,货款结算入账,小店自卖,'6925588281912819664,'6925588281912819664,'SS76307643634646390160074,2026-04-15 08:09:57,'3806655969480540177,米菲兔巨显发量香蕉兔子后脑勺盘发百搭少女发饰时尚可爱波点大号,,,普通订单,1.75,0,0,3.74,0,0,0,0,0,0,0,0,-0.27,0,0,0,0,0,0,,0,义乌市衍郝电子商务商行,订单结算
2026-04-23 12:28:04,'2026042312275908362565660159,入账,8.85,聚合账户,货款结算入账,小店自卖,'6925558381288193999,'6925558381288193999,'SS76306671523665187900047,2026-04-12 22:37:27,'3800198492568289686,买一送一爆款凉拖鞋男士夏季情侣2026新款家居防滑防臭厚底拖鞋女,,,普通订单,8.9,0,0,0,0,0,0,0,0,0,0,0,-0.05,0,0,0,0,0,0,是-商品卡免佣,0.37,义乌市衍郝电子商务商行,订单结算
2026-04-23 12:28:04,'2026042312275823787446280159,入账,3.89,聚合账户,货款结算入账,小店自卖,'6952158175423764243,'6952158175423764243,'SS76307602448769196150182,2026-04-18 10:53:45,'3813158348195496156,公主发夹波点蝴蝶结夹小众香蕉2026新款发饰发卡洋气双排头花夹子,,,普通订单,3.91,0,0,0,0,0,0,0,0,0,0,0,-0.02,0,0,0,0,0,0,是-商品卡免佣,0.15,义乌市衍郝电子商务商行,订单结算
2026-04-23 12:28:05,'2026042312275401901041180159,入账,8.85,聚合账户,货款结算入账,小店自卖,'6925557456164060181,'6925557456164060181,'SS76307389022570624460241,2026-04-13 13:22:47,'3800198492568289686,买一送一爆款凉拖鞋男士夏季情侣2026新款家居防滑防臭厚底拖鞋女,,,普通订单,6.1,0,0,2.8,0,0,0,0,0,0,0,0,-0.05,0,0,0,0,0,0,是-商品卡免佣,0.37,义乌市衍郝电子商务商行,订单结算
2026-04-23 12:28:05,'2026042312280105935112140159,入账,4.87,聚合账户,货款结算入账,小店自卖,'6952019545102161736,'6952019545102161736,'SS76307242342811246510084,2026-04-13 14:00:08,'3800198492568289686,买一送一爆款凉拖鞋男士夏季情侣2026新款家居防滑防臭厚底拖鞋女,,,普通订单,1.1,0,0,3.8,0,0,0,0,0,0,0,0,-0.03,0,0,0,0,0,0,是-商品卡免佣,0.22,义乌市衍郝电子商务商行,订单结算
2026-04-23 12:28:05,'2026042312275807971354020159,入账,4.77,聚合账户,货款结算入账,小店自卖,'6925656711428209699,'6925656711428209699,'SS76306855419521114000133,2026-04-17 14:08:23,'3812240028327870813,粉色双面蝴蝶结香蕉夹竖夹超温柔!气质高马尾发夹后脑勺发夹发饰,,,普通订单,0.01,0,0,4.79,0,0,0,0,0,0,0,0,-0.03,0,0,0,0,0,0,是-商品卡免佣,0.22,义乌市衍郝电子商务商行,订单结算
2026-04-23 12:28:05,'2026042312280001984435540159,入账,5.95,聚合账户,货款结算入账,小店自卖,'6952011699332912352,'6952011699332846816,'SS76307406724962719220005,2026-04-12 17:21:40,'3781416959145542337,黑色植绒蝴蝶结小抓夹女侧边刘海夹发卡网大号在成人新款碎发夹子,,,普通订单,5.99,0,0,0,0,0,0,0,0,0,0,0,-0.04,0,0,0,0,0,0,是-商品卡免佣,0.29,义乌市衍郝电子商务商行,订单结算
2026-04-23 12:28:05,'2026042312275923158464260159,入账,4.96,聚合账户,货款结算入账,小店自卖,'6952157002419738499,'6952157002419738499,'SS76307838539420964240006,2026-04-17 16:34:43,'3799223154979766395,印花小熊防滑防臭抑菌拖鞋女士2026新款夏季浴室情侣家用凉拖男士,,,普通订单,0.01,0,0,4.98,0,0,0,0,0,0,0,0,-0.03,0,0,0,0,0,0,是-商品卡免佣,0.22,义乌市衍郝电子商务商行,订单结算
2026-04-23 12:28:05,'2026042312275908987121050159,入账,8.45,聚合账户,货款结算入账,小店自卖,'6925536041122627055,'6925536041122627055,'SS76306426268406259580212,2026-04-12 15:23:51,'3800198492568289686,买一送一爆款凉拖鞋男士夏季情侣2026新款家居防滑防臭厚底拖鞋女,,,普通订单,8.9,0,0,0,0,0,0,0,0,0,0,0,-0.45,0,0,0,0,0,0,,0,义乌市衍郝电子商务商行,订单结算
2026-04-23 12:28:05,'2026042312275733025073000159,入账,3.32,聚合账户,货款结算入账,小店自卖,'6925559315549879601,'6925559315549879601,'SS76307502115476278220025,2026-04-13 10:33:08,'3806655969480540177,米菲兔巨显发量香蕉兔子后脑勺盘发百搭少女发饰时尚可爱波点大号,,,普通订单,0.49,0,0,3,0,0,0,0,0,0,0,0,-0.17,0,0,0,0,0,0,,0,义乌市衍郝电子商务商行,订单结算
2026-04-23 12:28:05,'2026042312275930327116800159,入账,4.96,聚合账户,货款结算入账,小店自卖,'6952018382756451457,'6952018382756451457,'SS76306671561197980500152,2026-04-12 21:35:09,'3799223154979766395,印花小熊防滑防臭抑菌拖鞋女士2026新款夏季浴室情侣家用凉拖男士,,,普通订单,0.79,0,0,4.2,0,0,0,0,0,0,0,0,-0.03,0,0,0,0,0,0,是-商品卡免佣,0.22,义乌市衍郝电子商务商行,订单结算
2026-04-23 12:28:05,'2026042312275737000975720159,入账,4.18,聚合账户,货款结算入账,小店自卖,'6925599489387232400,'6925599489387232400,'SS76307773382336514980062,2026-04-15 07:46:01,'3812796426258350389,夏天简约随手盘发一字扭扭夹水钻抓夹高级发夹扭扭后脑勺盘发器,,,普通订单,0.01,0,0,4.2,0,0,0,0,0,0,0,0,-0.03,0,0,0,0,0,0,是-商品卡免佣,0.22,义乌市衍郝电子商务商行,订单结算
2026-04-23 12:28:05,'2026042312280106669606460159,入账,0.47,聚合账户,货款结算入账,小店自卖,'6925578593853406245,'6925578593853406245,'SS76296830273077908480129,2026-04-14 10:42:59,'3782909438948671661,满天星蝴蝶结2025网纱云朵后脑勺鲨鱼泡大号在成人前额碎发夹子,,,普通订单,1.12,0,0,0.37,0,0,0,0,0,0,0,-1,-0.02,0,0,0,0,0,0,,0,义乌市衍郝电子商务商行,订单结算
2026-04-23 12:28:05,'2026042312275718434012220159,入账,3.59,聚合账户,货款结算入账,小店自卖,'6952041410529924998,'6952041410529924998,'SS76307502276599649280070,2026-04-13 12:10:34,'3797749369206342546,豹纹大肠发圈高级小众手工韩国新款头绳编织显发量马尾丸子头发绳,,,普通订单,3.61,0,0,0,0,0,0,0,0,0,0,0,-0.02,0,0,0,0,0,0,是-商品卡免佣,0.15,义乌市衍郝电子商务商行,订单结算
2026-04-23 12:28:05,'2026042312275902586916250159,入账,5.69,聚合账户,货款结算入账,小店自卖,'6952014464063509769,'6952014464063509769,'SS76306649813046604990194,2026-04-13 01:46:02,'3783814637598933259,高级牡丹花流苏2025新款发夹后脑勺显发量大号在成人大号毛绒鲨鱼,,,普通订单,5.72,0.3,0,0,0,0,0,0,0,0,0,0,-0.03,0,0,0,0,0,0,是-商品卡免佣,0.22,义乌市衍郝电子商务商行,订单结算
2026-04-23 12:28:05,'2026042312275903860406390159,入账,4.74,聚合账户,货款结算入账,小店自卖,'6925601813900262607,'6925601813900262607,'SS76306646312590546440065,2026-04-15 07:28:11,'3809625164249956608,孕妇专用防滑拖鞋女士夏季家居家室内静音浴室洗澡防臭凉拖鞋外穿,,,普通订单,1.99,0,0,3,0,0,0,0,0,0,0,0,-0.25,0,0,0,0,0,0,,0,义乌市衍郝电子商务商行,订单结算
2026-04-23 12:28:05,'2026042312275912630269870159,入账,4.74,聚合账户,货款结算入账,小店自卖,'6925558557655924287,'6925558557655924287,'SS76306421787347194970019,2026-04-12 23:42:20,'3809625164249956608,孕妇专用防滑拖鞋女士夏季家居家室内静音浴室洗澡防臭凉拖鞋外穿,,,普通订单,1.99,0,0,3,0,0,0,0,0,0,0,0,-0.25,0,0,0,0,0,0,,0,义乌市衍郝电子商务商行,订单结算
2026-04-23 12:28:05,'2026042312280118875848310159,入账,5.55,聚合账户,货款结算入账,小店自卖,'6925559038307761480,'6925559038307761480,'SS76307002469011131400153,2026-04-13 08:58:33,'3767675591411761485,显白牛油果绿系列小丝巾缠包模特搭配装饰品丝带绑红色蝴蝶结发饰,,,普通订单,5.84,0,0,0,0,0,0,0,0,0,0,0,-0.29,0,0,0,0,0,0,,0,义乌市衍郝电子商务商行,订单结算
2026-04-23 12:28:05,'2026042312275819008392110159,入账,7.69,聚合账户,货款结算入账,小店自卖,'6925546733721582917,'6925546733721582917,'SS76306667419709611920084,2026-04-12 20:37:30,'3774210871656579079,小众不规则配饰撞色女新款高级感发卡爆款大号鲨鱼夹发夹气质头饰,,,普通订单,7.74,0,0,0,0,0,0,0,0,0,0,0,-0.05,0,0,0,0,0,0,是-商品卡免佣,0.37,义乌市衍郝电子商务商行,订单结算
2026-04-23 12:28:05,'2026042312275941678976190159,入账,4.27,聚合账户,货款结算入账,小店自卖,'6952021362362291318,'6952021362362291318,'SS76306662485024775680012,2026-04-13 01:54:25,'3799616810156949953,绒面宽边简约高颅顶发箍秋冬网红发饰女高级感洗脸头箍发卡发带潮,,,普通订单,4.3,0,0,0,0,0,0,0,0,0,0,0,-0.03,0,0,0,0,0,0,是-商品卡免佣,0.22,义乌市衍郝电子商务商行,订单结算
2026-04-23 12:28:05,'2026042312275738386775390159,入账,4.96,聚合账户,货款结算入账,小店自卖,'6952016299032975243,'6952016299032975243,'SS76306419436096558490064,2026-04-12 21:15:41,'3809625164249956608,孕妇专用防滑拖鞋女士夏季家居家室内静音浴室洗澡防臭凉拖鞋外穿,,,普通订单,1.99,0,0,3,0,0,0,0,0,0,0,0,-0.03,0,0,0,0,0,0,是-商品卡免佣,0.22,义乌市衍郝电子商务商行,订单结算
2026-04-23 12:28:05,'2026042312280008863751870159,入账,4.36,聚合账户,货款结算入账,小店自卖,'6952000197829072491,'6952000197829072491,'SS76307017674661563030183,2026-04-12 17:12:21,'3782909438948671661,满天星蝴蝶结2025网纱云朵后脑勺鲨鱼泡大号在成人前额碎发夹子,,,普通订单,4.59,0,0,0,0,0,0,0,0,0,0,0,-0.23,0,0,0,0,0,0,,0,义乌市衍郝电子商务商行,订单结算
2026-04-23 12:28:05,'2026042312275502322931740159,入账,8.45,聚合账户,货款结算入账,巨量千川,'6925639815966457389,'6925639815966457389,'SS76306380006600586650245,2026-04-17 01:27:09,'3800198492568289686,买一送一爆款凉拖鞋男士夏季情侣2026新款家居防滑防臭厚底拖鞋女,,,普通订单,8.58,0,0,0.32,0,0,0,0,0,0,0,0,-0.45,0,0,0,0,0,0,,0,义乌市衍郝电子商务商行,订单结算
2026-04-23 12:28:06,'2026042312280038052009230159,入账,3.43,聚合账户,货款结算入账,小店自卖,'6952064203458811302,'6952064203458811302,'SS76305683348990697220056,2026-04-15 06:20:42,'3812600792603558021,可爱小猪小黄鸡发圈萌系扎发神器黑色发绳马尾扎头发皮筋学生头饰,,,普通订单,3.45,0,0,0,0,0,0,0,0,0,0,0,-0.02,0,0,0,0,0,0,是-商品卡免佣,0.15,义乌市衍郝电子商务商行,订单结算
2026-04-23 12:28:06,'2026042312280208542784000159,入账,5.76,聚合账户,货款结算入账,小店自卖,'6952027081322272233,'6952027081322272233,'SS76306666401490045860215,2026-04-12 18:31:34,'3797199952510321008,儿童韩系五角星女童大肠花朵发圈甜美可爱纹波丸子头头绳马尾发饰,,,普通订单,5.79,0,0,0,0,0,0,0,0,0,0,0,-0.03,0,0,0,0,0,0,是-商品卡免佣,0.22,义乌市衍郝电子商务商行,订单结算
2026-04-23 12:28:06,'2026042312275713956713320159,入账,1.98,聚合账户,货款结算入账,小店自卖,'6925541105135418983,'6925541105135418983,'SS76306604046290946650104,2026-04-13 06:25:36,'3812796426258350389,夏天简约随手盘发一字扭扭夹水钻抓夹高级发夹扭扭后脑勺盘发器,,,普通订单,1.99,0,0,0,0,0,0,0,0,0,0,0,-0.01,0,0,0,0,0,0,是-商品卡免佣,0.07,义乌市衍郝电子商务商行,订单结算
2026-04-23 12:28:06,'2026042312280105129508110159,入账,3.97,聚合账户,货款结算入账,小店自卖,'6952157706867119658,'6952157706867119658,'SS76307700617367391220062,2026-04-18 00:23:51,'3800204625789977042,儿童拖鞋男童夏季外穿2025新款室内家居浴室亲子中大童小孩凉拖男,,,普通订单,3.99,0,0,0,0,0,0,0,0,0,0,0,-0.02,0,0,0,0,0,0,是-商品卡免佣,0.15,义乌市衍郝电子商务商行,订单结算
2026-04-23 12:28:06,'2026042312280125491212990159,入账,5.07,聚合账户,货款结算入账,小店自卖,'6925554651888975094,'6925554651888975094,'SS76306668423900700510135,2026-04-12 23:50:47,'3776807804489302292,豹纹ins爱心发夹女一字夹高端碎发前额刘大号在成人前额碎发夹子,,,普通订单,5.1,0,0,0,0,0,0,0,0,0,0,0,-0.03,0,0,0,0,0,0,是-商品卡免佣,0.22,义乌市衍郝电子商务商行,订单结算
2026-04-23 12:28:06,'2026042312280223406515610159,入账,1.98,聚合账户,货款结算入账,小店自卖,'6925554139183677140,'6925554139183677140,'SS76306603660998415760209,2026-04-12 21:13:03,'3812796426258350389,夏天简约随手盘发一字扭扭夹水钻抓夹高级发夹扭扭后脑勺盘发器,,,普通订单,1.99,0,0,0,0,0,0,0,0,0,0,0,-0.01,0,0,0,0,0,0,是-商品卡免佣,0.07,义乌市衍郝电子商务商行,订单结算
2026-04-23 12:28:06,'2026042312280203198531100159,入账,3.33,聚合账户,货款结算入账,小店自卖,'6925576654967832473,'6925576654967832473,'SS76307409118029913870035,2026-04-13 14:16:06,'3781605808916267271,豹纹公主头蝴蝶结抓夹侧边小夹子前额刘大号在成人前额碎发夹子,,,普通订单,3.35,0,0,0,0,0,0,0,0,0,0,0,-0.02,0,0,0,0,0,0,是-商品卡免佣,0.15,义乌市衍郝电子商务商行,订单结算
2026-04-23 12:28:06,'2026042312280020765619630159,入账,5.25,聚合账户,货款结算入账,小店自卖,'6952142403480393403,'6952142403480393403,'SS76308472309509983100031,2026-04-16 22:19:24,'3812240028327870813,粉色双面蝴蝶结香蕉夹竖夹超温柔!气质高马尾发夹后脑勺发夹发饰,,,普通订单,0.28,0,0,5,0,0,0,0,0,0,0,0,-0.03,0,0,0,0,0,0,是-商品卡免佣,0.22,义乌市衍郝电子商务商行,订单结算
2026-04-23 12:28:06,'2026042312280118885023350159,入账,2.87,聚合账户,货款结算入账,小店自卖,'6925610841913982650,'6925610841913982650,'SS76307005389141448220163,2026-04-15 13:59:11,'3799616810156949953,绒面宽边简约高颅顶发箍秋冬网红发饰女高级感洗脸头箍发卡发带潮,,,普通订单,2.89,0,0,0,0,0,0,0,0,0,0,0,-0.02,0,0,0,0,0,0,是-商品卡免佣,0.15,义乌市衍郝电子商务商行,订单结算
2026-04-23 12:28:06,'2026042312280207232107980159,入账,4.89,聚合账户,货款结算入账,小店自卖,'6952145143280440516,'6952145143280440516,'SS76306223885389012910170,2026-04-17 10:44:47,'3797749369206342546,豹纹大肠发圈高级小众手工韩国新款头绳编织显发量马尾丸子头发绳,,,普通订单,6.92,0,0,0,0,0,0,0,0,0,0,-2,-0.03,0,0,0,0,0,0,是-商品卡免佣,0.22,义乌市衍郝电子商务商行,订单结算
2026-04-23 12:28:06,'2026042312280011329871550159,入账,3.79,聚合账户,货款结算入账,小店自卖,'6952016431800128975,'6952016431800128975,'SS76306667124888253960128,2026-04-12 21:50:14,'3656233852961206645,闪耀蝴蝶结公主头头饰扎头发发带橡皮蝴蝶抓夹公主头发饰网红款,,,普通订单,3.81,0,0,0,0,0,0,0,0,0,0,0,-0.02,0,0,0,0,0,0,是-商品卡免佣,0.15,义乌市衍郝电子商务商行,订单结算
2026-04-23 12:28:06,'2026042312275940910566920159,入账,2.86,聚合账户,货款结算入账,小店自卖,'6952037139266737920,'6952037139266737920,'SS76307502361932273020019,2026-04-13 14:26:23,'3797749369206342546,豹纹大肠发圈高级小众手工韩国新款头绳编织显发量马尾丸子头发绳,,,普通订单,2.88,0,0,0,0,0,0,0,0,0,0,0,-0.02,0,0,0,0,0,0,是-商品卡免佣,0.15,义乌市衍郝电子商务商行,订单结算
2026-04-23 12:28:06,'2026042312280119398538640159,入账,2.95,聚合账户,货款结算入账,小店自卖,'6952016093228831942,'6952016093228831942,'SS76306666087172183460170,2026-04-12 19:30:27,'3807233228251726216,发圈式啪啪圈~秋冬美拉德系懒人高马尾啪啪圈复古固定不塌神器,,,普通订单,2.97,0,0,0,0,0,0,0,0,0,0,0,-0.02,0,0,0,0,0,0,是-商品卡免佣,0.15,义乌市衍郝电子商务商行,订单结算
2026-04-23 12:28:06,'2026042312280040266796040159,入账,9.84,聚合账户,货款结算入账,小店自卖,'6952027092015716212,'6952027092015716212,'SS76306666786367902910029,2026-04-12 18:20:36,'3809250643101745422,精致气质丝绒蝴蝶结齿梳发箍百搭外出时尚高颅顶发卡头箍头饰发饰,,,普通订单,9.9,0,0,0,0,0,0,0,0,0,0,0,-0.06,0,0,0,0,0,0,是-商品卡免佣,0.44,义乌市衍郝电子商务商行,订单结算
2026-04-23 12:28:06,'2026042312280128864189540159,入账,2.37,聚合账户,货款结算入账,小店自卖,'6952032754480060245,'6952032754480060245,'SS76307248198870963350102,2026-04-13 13:45:38,'3622204585743109819,新款抓头饰黑色鲨鱼夹抓夹发夹发圈洋气夹子高端感橡皮抓夹发饰款,,,普通订单,2.38,0,0,0,0,0,0,0,0,0,0,0,-0.01,0,0,0,0,0,0,是-商品卡免佣,0.07,义乌市衍郝电子商务商行,订单结算
2026-04-23 12:28:06,'2026042312280109942638140159,入账,5.65,聚合账户,货款结算入账,小店自卖,'6925648385309900152,'6925648385309900152,'SS76307206522402739830152,2026-04-16 19:57:56,'3812796426258350389,夏天简约随手盘发一字扭扭夹水钻抓夹高级发夹扭扭后脑勺盘发器,,,普通订单,5.68,0,0,0,0,0,0,0,0,0,0,0,-0.03,0,0,0,0,0,0,是-商品卡免佣,0.22,义乌市衍郝电子商务商行,订单结算
2026-04-23 12:28:06,'2026042312275913559570340159,入账,8.2,聚合账户,货款结算入账,小店自卖,'6925548880957439475,'6925548880957439475,'SS76306621326608632840228,2026-04-12 19:09:03,'3809996734654972351,韩系碎花大肠发圈女夏季网纱蕾丝头绳甜美扎头发皮筋ins风发饰,,,普通订单,8.25,0,0,0,0,0,0,0,0,0,0,0,-0.05,0,0,0,0,0,0,是-商品卡免佣,0.37,义乌市衍郝电子商务商行,订单结算
2026-04-23 12:28:06,'2026042312280130913049790159,入账,5.22,聚合账户,货款结算入账,小店自卖,'6952030431610410417,'6952030431610410417,'SS76307048901385303400208,2026-04-13 12:33:14,'3659542706419563442,在逃公主大蝴蝶结抓夹马尾黑色双面发饰鲨鱼夹子发夹女后脑勺发卡,,,普通订单,5.25,0,0,0,0,0,0,0,0,0,0,0,-0.03,0,0,0,0,0,0,是-商品卡免佣,0.22,义乌市衍郝电子商务商行,订单结算
2026-04-23 12:28:06,'2026042312280039744312840159,入账,1.98,聚合账户,货款结算入账,小店自卖,'6952052827382880206,'6952052827382880206,'SS76307376869627824830162,2026-04-13 13:56:18,'3812796426258350389,夏天简约随手盘发一字扭扭夹水钻抓夹高级发夹扭扭后脑勺盘发器,,,普通订单,1.99,0,0,0,0,0,0,0,0,0,0,0,-0.01,0,0,0,0,0,0,是-商品卡免佣,0.07,义乌市衍郝电子商务商行,订单结算
2026-04-23 12:28:06,'2026042312280114096305000159,入账,4.96,聚合账户,货款结算入账,小店自卖,'6925540343300128579,'6925540343300128579,'SS76306429177302062590084,2026-04-12 20:50:16,'3809625164249956608,孕妇专用防滑拖鞋女士夏季家居家室内静音浴室洗澡防臭凉拖鞋外穿,,,普通订单,4.99,0,0,0,0,0,0,0,0,0,0,0,-0.03,0,0,0,0,0,0,是-商品卡免佣,0.22,义乌市衍郝电子商务商行,订单结算
2026-04-23 12:28:06,'2026042312275941680123070159,入账,4.87,聚合账户,货款结算入账,小店自卖,'6925551460514823570,'6925551460514823570,'SS76306425510834836860085,2026-04-12 19:07:55,'3800198492568289686,买一送一爆款凉拖鞋男士夏季情侣2026新款家居防滑防臭厚底拖鞋女,,,普通订单,4.9,0,0,0,0,0,0,0,0,0,0,0,-0.03,0,0,0,0,0,0,是-商品卡免佣,0.22,义乌市衍郝电子商务商行,订单结算
2026-04-23 12:28:06,'2026042312280013478960700159,入账,4.04,聚合账户,货款结算入账,小店自卖,'6925562052737203228,'6925562052737203228,'SS76307405650215078400097,2026-04-13 14:50:34,'3622101757909408748,潮流男士发箍无痕皮筋发夹大肠发圈头顶橡皮压发成人发卡男士耐用,,,普通订单,4.06,0,0,0,0,0,0,0,0,0,0,0,-0.02,0,0,0,0,0,0,是-商品卡免佣,0.15,义乌市衍郝电子商务商行,订单结算
2026-04-23 12:28:06,'2026042312280114094830440159,入账,3.97,聚合账户,货款结算入账,小店自卖,'6925540822268345789,'6925540822268345789,'SS76306668712612050420180,2026-04-12 23:45:25,'3807584451282731335,缎面高级感碎花蝴蝶结抓夹新款百搭后脑盘发鲨鱼夹马尾夹高档发夹,,,普通订单,3.99,0,0,0,0,0,0,0,0,0,0,0,-0.02,0,0,0,0,0,0,是-商品卡免佣,0.15,义乌市衍郝电子商务商行,订单结算
2026-04-23 12:28:07,'2026042312280218122675300159,入账,2.97,聚合账户,货款结算入账,小店自卖,'6952126767820183342,'6952126767820183342,'SS76306784631097472270001,2026-04-16 20:46:36,'3777378186900406322,卡通小熊毛绒侧边夹女大号刘海发夹可爱发卡儿童碎发鸭嘴夹子头,,,普通订单,4.99,0,0,0,0,0,0,0,0,0,0,-2,-0.02,0,0,0,0,0,0,是-商品卡免佣,0.15,义乌市衍郝电子商务商行,订单结算
2026-04-23 12:28:07,'2026042312280118164293310159,入账,3.34,聚合账户,货款结算入账,小店自卖,'6925557909268036766,'6925557909268036766,'SS76306666449026749590198,2026-04-12 19:48:21,'3621925144525668908,波浪头箍发卡马尾压发优雅发带夹子夹头发压发扎头绳大肠发圈红色,,,普通订单,3.52,1.14,0,0,0,0,0,0,0,0,0,0,-0.18,0,0,0,0,0,0,,0,义乌市衍郝电子商务商行,订单结算
2026-04-23 12:28:07,'2026042312280308029189550159,入账,3.61,聚合账户,货款结算入账,小店自卖,'6925671886295039595,'6925671886295039595,'SS76306462737623457800029,2026-04-17 19:50:56,'3656233857121969100,束发带女最新款可爱洋气发圈网红爆款扎头绳发箍马尾圈高级发饰,,,普通订单,3.63,0,0,0,0,0,0,0,0,0,0,0,-0.02,0,0,0,0,0,0,是-商品卡免佣,0.15,义乌市衍郝电子商务商行,订单结算
2026-04-23 12:28:07,'2026042312280138910200320159,入账,6.26,聚合账户,货款结算入账,小店自卖,'6952060506419697583,'6952060506419697583,'SS76306848585592837540029,2026-04-14 03:51:14,'3671387557121360067,洋气新款网红抓夹大肠发圈橡皮黑色扎头发耐用头饰蕾丝高级感发饰,,,普通订单,6.3,1.35,0,0,0,0,0,0,0,0,0,0,-0.04,0,0,0,0,0,0,是-商品卡免佣,0.29,义乌市衍郝电子商务商行,订单结算
2026-04-23 12:28:07,'2026042312280334730030230159,入账,65.6,聚合账户,货款结算入账,小店自卖,'6952130367084631282,'6952130367084631282,'SS76308714194437737050202,2026-04-17 12:21:02,'3812961166053999319,ins爆款卡通蓬松夹鸭嘴夹一字夹化妆发夹超萌可爱猫咪少女刘海夹,,,普通订单,66,0,0,0,0,0,0,0,0,0,0,0,-0.4,0,0,0,0,0,0,是-商品卡免佣,2.93,义乌市衍郝电子商务商行,订单结算
2026-04-23 12:28:07,'2026042312280117588226960159,入账,8.85,聚合账户,货款结算入账,小店自卖,'6952126393651893546,'6952126393651893546,'SS76305655494539515140028,2026-04-16 16:29:19,'3800198492568289686,买一送一爆款凉拖鞋男士夏季情侣2026新款家居防滑防臭厚底拖鞋女,,,普通订单,8.9,0,0,0,0,0,0,0,0,0,0,0,-0.05,0,0,0,0,0,0,是-商品卡免佣,0.37,义乌市衍郝电子商务商行,订单结算
2026-04-23 12:28:07,'2026042312280214935001700159,入账,3.23,聚合账户,货款结算入账,小店自卖,'6952036199070766561,'6952036199070766561,'SS76306604849396331860020,2026-04-12 23:08:00,'3809975766641410463,高级感水钻珠珠一字扭扭夹2026新款盘发抓夹后脑勺发量多发夹头饰,,,普通订单,3.25,0,0,0,0,0,0,0,0,0,0,0,-0.02,0,0,0,0,0,0,是-商品卡免佣,0.15,义乌市衍郝电子商务商行,订单结算
2026-04-23 12:28:07,'2026042312280228970890500159,入账,3.21,聚合账户,货款结算入账,小店自卖,'6952070743018968701,'6952070743018968701,'SS76306119676060966460218,2026-04-15 05:56:27,'3812796426258350389,夏天简约随手盘发一字扭扭夹水钻抓夹高级发夹扭扭后脑勺盘发器,,,普通订单,3.38,0,0,0,0,0,0,0,0,0,0,0,-0.17,0,0,0,0,0,0,,0,义乌市衍郝电子商务商行,订单结算
2026-04-23 12:28:07,'2026042312280224190159770159,入账,3.32,聚合账户,货款结算入账,小店自卖,'6952157008095679912,'6952157008095679912,'SS76306298841169270260002,2026-04-17 16:50:55,'3773441911558373750,路易斯气质新款盘发高级丸子头优雅头花大号头饰赫本发夹鲨鱼法式,,,普通订单,3.49,0,0,0,0,0,0,0,0,0,0,0,-0.17,0,0,0,0,0,0,,0,义乌市衍郝电子商务商行,订单结算
2026-04-23 12:28:07,'2026042312280231040476790159,入账,8.45,聚合账户,货款结算入账,巨量千川,'6925680597932014607,'6925680597932014607,'SS76306507656037873100191,2026-04-17 20:31:31,'3800198492568289686,买一送一爆款凉拖鞋男士夏季情侣2026新款家居防滑防臭厚底拖鞋女,,,普通订单,8.9,0,0,0,0,0,0,0,0,0,0,0,-0.45,0,0,0,0,0,0,,0,义乌市衍郝电子商务商行,订单结算
2026-04-23 12:28:07,'2026042312280215318884380159,入账,1.89,聚合账户,货款结算入账,巨量千川,'6925545820775153569,'6925545820775153569,'SS76307376702275917060107,2026-04-13 09:27:44,'3812796426258350389,夏天简约随手盘发一字扭扭夹水钻抓夹高级发夹扭扭后脑勺盘发器,,,普通订单,1.99,0,0,0,0,0,0,0,0,0,0,0,-0.1,0,0,0,0,0,0,,0,义乌市衍郝电子商务商行,订单结算
2026-04-23 12:28:07,'2026042312280335502328730159,入账,7.94,聚合账户,货款结算入账,小店自卖,'6925542731214650406,'6925542731214650406,'SS76306668931501266350236,2026-04-12 22:28:28,'3782901162395697217,拯救扁塌头缎面贝壳三角抓夹2025新款饱满大号在成人前额碎发夹子,,,普通订单,7.99,0,0,0,0,0,0,0,0,0,0,0,-0.05,0,0,0,0,0,0,是-商品卡免佣,0.37,义乌市衍郝电子商务商行,订单结算
2026-04-23 12:28:07,'2026042312280110074688410159,入账,0.2,聚合账户,货款结算入账,小店自卖,'6925647361740078908,'6925647361740078908,'SS76306329175307558670037,2026-04-17 10:59:11,'3807214433365787096,气质新款简约抓夹大号发量多2026发夹女后脑勺鲨鱼夹高级感头饰,,,普通订单,2.2,0,0,0,0,0,0,0,0,0,0,-2,0,0,0,0,0,0,0,是-商品卡免佣,0,义乌市衍郝电子商务商行,订单结算
2026-04-23 12:28:07,'2026042312280410888156540159,入账,5.07,聚合账户,货款结算入账,小店自卖,'6952029754618156457,'6952029754618156457,'SS76306668448914639630068,2026-04-12 23:19:33,'3776807804489302292,豹纹ins爱心发夹女一字夹高端碎发前额刘大号在成人前额碎发夹子,,,普通订单,5.1,0,0,0,0,0,0,0,0,0,0,0,-0.03,0,0,0,0,0,0,是-商品卡免佣,0.22,义乌市衍郝电子商务商行,订单结算
2026-04-23 12:28:07,'2026042312280128509844900159,入账,7.06,聚合账户,货款结算入账,小店自卖,'6925554809803472349,'6925554809803472349,'SS76306668281530005110128,2026-04-13 02:14:41,'3776807804489302292,豹纹ins爱心发夹女一字夹高端碎发前额刘大号在成人前额碎发夹子,,,普通订单,7.1,0,0,0,0,0,0,0,0,0,0,0,-0.04,0,0,0,0,0,0,是-商品卡免佣,0.29,义乌市衍郝电子商务商行,订单结算
2026-04-23 12:28:07,'2026042312280109573217640159,入账,4.96,聚合账户,货款结算入账,小店自卖,'6925556443365473676,'6925556443365473676,'SS76306421910355812250063,2026-04-13 03:33:43,'3809625164249956608,孕妇专用防滑拖鞋女士夏季家居家室内静音浴室洗澡防臭凉拖鞋外穿,,,普通订单,4.99,0,0,0,0,0,0,0,0,0,0,0,-0.03,0,0,0,0,0,0,是-商品卡免佣,0.22,义乌市衍郝电子商务商行,订单结算
2026-04-23 12:28:07,'2026042312280110203963510159,入账,4.27,聚合账户,货款结算入账,小店自卖,'6952082003867342259,'6952082003867342259,'SS76308146734993454500156,2026-04-15 07:26:10,'3752321970432246133,宫廷发箍设计波西米亚风发箍宽边网红洋气气质头箍红色头饰发饰,,,普通订单,4.3,0,0,0,0,0,0,0,0,0,0,0,-0.03,0,0,0,0,0,0,是-商品卡免佣,0.22,义乌市衍郝电子商务商行,订单结算
2026-04-23 12:28:07,'2026042312280210350600030159,入账,3.59,聚合账户,货款结算入账,小店自卖,'6952027587865417502,'6952027587865417502,'SS76306678553955087620215,2026-04-12 22:37:25,'3797749369206342546,豹纹大肠发圈高级小众手工韩国新款头绳编织显发量马尾丸子头发绳,,,普通订单,3.61,0,0,0,0,0,0,0,0,0,0,0,-0.02,0,0,0,0,0,0,是-商品卡免佣,0.15,义乌市衍郝电子商务商行,订单结算
2026-04-23 12:28:07,'2026042312280240645271300159,入账,3.63,聚合账户,货款结算入账,小店自卖,'6952123572651496950,'6952123572651496950,'SS76307785406539085220137,2026-04-16 06:51:37,'3812994604597379368,韩系重工藏青色爱心蕾丝四层大肠发圈女高级感超大扎头发头绳头饰,,,普通订单,3.65,0,0,0,0,0,0,0,0,0,0,0,-0.02,0,0,0,0,0,0,是-商品卡免佣,0.15,义乌市衍郝电子商务商行,订单结算
2026-04-23 12:28:07,'2026042312280109955089980159,入账,4.96,聚合账户,货款结算入账,小店自卖,'6952101956450784501,'6952101956450784501,'SS76307939633613379190004,2026-04-16 10:05:02,'3777378186900406322,卡通小熊毛绒侧边夹女大号刘海发夹可爱发卡儿童碎发鸭嘴夹子头,,,普通订单,4.99,0,0,0,0,0,0,0,0,0,0,0,-0.03,0,0,0,0,0,0,是-商品卡免佣,0.22,义乌市衍郝电子商务商行,订单结算
2026-04-23 12:28:07,'2026042312280031841160040159,入账,5.18,聚合账户,货款结算入账,小店自卖,'6925547564632276141,'6925547564632276141,'SS76307405567082340030117,2026-04-13 06:56:41,'3806646636424331422,韩风珍珠抓夹小号发夹女后脑勺发卡小巧鲨鱼夹发抓迷你小夹子头饰,,,普通订单,5.21,0,0,0,0,0,0,0,0,0,0,0,-0.03,0,0,0,0,0,0,是-商品卡免佣,0.22,义乌市衍郝电子商务商行,订单结算
2026-04-23 12:28:07,'2026042312280202210739390159,入账,2.88,聚合账户,货款结算入账,小店自卖,'6925646639885614704,'6925646639885614704,'SS76307222480054031360209,2026-04-16 23:04:17,'3807956255797018943,韩国精致气质炫彩侧边夹2026年新款发夹高端夹顶刘海鸭嘴高级夹子,,,普通订单,2.9,0,0,0,0,0,0,0,0,0,0,0,-0.02,0,0,0,0,0,0,是-商品卡免佣,0.15,义乌市衍郝电子商务商行,订单结算
2026-04-23 12:28:07,'2026042312280224171484350159,入账,1.98,聚合账户,货款结算入账,小店自卖,'6925540669662395757,'6925540669662395757,'SS76307029190337009020210,2026-04-12 22:34:06,'3813158348195496156,公主发夹波点蝴蝶结夹小众香蕉2026新款发饰发卡洋气双排头花夹子,,,普通订单,1.99,0,0,0,0,0,0,0,0,0,0,0,-0.01,0,0,0,0,0,0,是-商品卡免佣,0.07,义乌市衍郝电子商务商行,订单结算
2026-04-23 12:28:07,'2026042312280224167552190159,入账,1.24,聚合账户,货款结算入账,小店自卖,'6925554455755717871,'6925554455755717871,'SS76307019528421220180094,2026-04-12 22:47:56,'3622101757909408748,潮流男士发箍无痕皮筋发夹大肠发圈头顶橡皮压发成人发卡男士耐用,,,普通订单,0.25,0,0,0,0,0,0,0,0,1,0,0,-0.01,0,0,0,0,0,0,是-商品卡免佣,0.07,义乌市衍郝电子商务商行,订单结算
2026-04-23 12:28:07,'2026042312280335296222820159,入账,3.47,聚合账户,货款结算入账,小店自卖,'6952020748184459096,'6952020748184459096,'SS76306665829187100510130,2026-04-12 19:31:29,'3806655969480540177,米菲兔巨显发量香蕉兔子后脑勺盘发百搭少女发饰时尚可爱波点大号,,,普通订单,3.49,0,0,0,0,0,0,0,0,0,0,0,-0.02,0,0,0,0,0,0,是-商品卡免佣,0.15,义乌市衍郝电子商务商行,订单结算
2026-04-23 12:28:07,'2026042312280109828111990159,入账,4.87,聚合账户,货款结算入账,小店自卖,'6925562951727546217,'6925562951727546217,'SS76307242021437281370080,2026-04-13 12:42:39,'3800198492568289686,买一送一爆款凉拖鞋男士夏季情侣2026新款家居防滑防臭厚底拖鞋女,,,普通订单,4.9,0,0,0,0,0,0,0,0,0,0,0,-0.03,0,0,0,0,0,0,是-商品卡免佣,0.22,义乌市衍郝电子商务商行,订单结算
2026-04-23 12:28:07,'2026042312280202212213950159,入账,4.75,聚合账户,货款结算入账,小店自卖,'6925547013801082084,'6925547013801082084,'SS76306668768000906740088,2026-04-12 22:13:07,'3752324139441062001,多款造型男士发箍潮男隐形压发背头波浪发窟头箍韩红色蝴蝶结发饰,,,普通订单,4.78,0,0,0,0,0,0,0,0,0,0,0,-0.03,0,0,0,0,0,0,是-商品卡免佣,0.22,义乌市衍郝电子商务商行,订单结算
2026-04-23 12:28:07,'2026042312280138065157270159,入账,3.08,聚合账户,货款结算入账,小店自卖,'6952121930475640179,'6952121930475640179,'SS76306810572195924940009,2026-04-16 11:00:09,'3807211796314587140,发量少缎面褶皱香蕉夹时尚发夹女后脑勺固定马尾夹竖式扭扭夹发卡,,,普通订单,0.01,0,0,3.09,0,0,0,0,0,0,0,0,-0.02,0,0,0,0,0,0,是-商品卡免佣,0.15,义乌市衍郝电子商务商行,订单结算
2026-04-23 12:28:08,'2026042312280241105329060159,入账,3.54,聚合账户,货款结算入账,小店自卖,'6925685337548750659,'6925685337548750659,'SS76307587067122650140245,2026-04-18 07:14:05,'3783078074455819331,法式黑色缎面蝴蝶结抓夹女高级感2025新款大号在成人前额碎发夹子,,,普通订单,0.73,0,0,3,0,0,0,0,0,0,0,0,-0.19,0,0,0,0,0,0,,0,义乌市衍郝电子商务商行,订单结算
2026-04-23 12:28:08,'2026042312280137907051580159,入账,5.44,聚合账户,货款结算入账,小店自卖,'6952018461159265396,'6952018461159265396,'SS76306666905105741180074,2026-04-12 21:44:33,'3807213698901213451,轻奢百搭单面高级感超仙后脑勺盘发鲨鱼夹子头饰头发抓夹高档抓夹,,,普通订单,5.47,0.5,0,0,0,0,0,0,0,0,0,0,-0.03,0,0,0,0,0,0,是-商品卡免佣,0.22,义乌市衍郝电子商务商行,订单结算
2026-04-23 12:28:08,'2026042312280418390103230159,入账,8.53,聚合账户,货款结算入账,小店自卖,'6952150606879724770,'6952150606879724770,'SS76308002597131924750051,2026-04-17 22:37:24,'3813145673738618410,春天系大肠发圈韩系波点发绳甜美扎头发蕾丝花边碎花大发圈皮筋女,,,普通订单,8.58,0,0,0,0,0,0,0,0,0,0,0,-0.05,0,0,0,0,0,0,是-商品卡免佣,0.37,义乌市衍郝电子商务商行,订单结算
2026-04-23 12:28:08,'2026042312280130086313360159,入账,3.47,聚合账户,货款结算入账,小店自卖,'6952033835156771905,'6952033835156771905,'SS76306666215949317220022,2026-04-12 21:41:46,'3806655969480540177,米菲兔巨显发量香蕉兔子后脑勺盘发百搭少女发饰时尚可爱波点大号,,,普通订单,3.49,0,0,0,0,0,0,0,0,0,0,0,-0.02,0,0,0,0,0,0,是-商品卡免佣,0.15,义乌市衍郝电子商务商行,订单结算
2026-04-23 12:28:08,'2026042312280121186644840159,入账,4.74,聚合账户,货款结算入账,小店自卖,'6925539690401332346,'6925539690401266810,'SS76306672006485161020177,2026-04-12 15:53:32,'3809625164249956608,孕妇专用防滑拖鞋女士夏季家居家室内静音浴室洗澡防臭凉拖鞋外穿,,,普通订单,3.99,0,0,1,0,0,0,0,0,0,0,0,-0.25,0,0,0,0,0,0,,0,义乌市衍郝电子商务商行,订单结算
2026-04-23 12:28:08,'2026042312280222114964630159,入账,4.87,聚合账户,货款结算入账,小店自卖,'6952155135747823284,'6952155135747823284,'SS76307427892021539940055,2026-04-17 19:02:27,'3800198492568289686,买一送一爆款凉拖鞋男士夏季情侣2026新款家居防滑防臭厚底拖鞋女,,,普通订单,4.9,0,0,0,0,0,0,0,0,0,0,0,-0.03,0,0,0,0,0,0,是-商品卡免佣,0.22,义乌市衍郝电子商务商行,订单结算
2026-04-23 12:28:08,'2026042312280338759470620159,入账,4.08,聚合账户,货款结算入账,小店自卖,'6925646662405553905,'6925646662405553905,'SS76308549233447242300012,2026-04-16 23:18:44,'3752321970432246133,宫廷发箍设计波西米亚风发箍宽边网红洋气气质头箍红色头饰发饰,,,普通订单,3.01,0,0,1.29,0,0,0,0,0,0,0,0,-0.22,0,0,0,0,0,0,,0,义乌市衍郝电子商务商行,订单结算
2026-04-23 12:28:11,'2026042312280540024645380159,出账,2,聚合账户,小额打款,,'6952155674306352787,'6952155674306352787,,,,,,,普通订单,0,0,0,0,0,0,0,0,0,0,0,0,0,0,0,0,0,0,0,,0,义乌市衍郝电子商务商行,商家向消费者小额打款-“其他”
2026-04-23 12:28:32,'2026042312282827731730010159,入账,4.86,聚合账户,货款结算入账,小店自卖,'6952013818193384504,'6952013818193384504,'SS76306331731267258940133,2026-04-12 18:32:20,'3811102963569655948,春夏撞色蝴蝶结发夹发卡女后脑勺2026新款气质大号盘发鸭嘴夹发饰,,,普通订单,4.67,0,0,0.22,0,0,0,0,0,0,0,0,-0.03,0,0,0,0,0,0,是-商品卡免佣,0.22,义乌市衍郝电子商务商行,订单结算
2026-04-23 12:28:46,'2026042312284239008013300159,入账,1.79,聚合账户,货款结算入账,小店自卖,'6925557965172800582,'6925557965172800582,'SS76306680346095785420200,2026-04-12 20:27:16,'3812779169155252959,仙女爆闪满钻发夹迷你鸭嘴夹发夹侧边小夹子精致蝴蝶结碎发夹刘海,,,普通订单,1.8,0,0,0,0,0,0,0,0,0,0,0,-0.01,0,0,0,0,0,0,是-商品卡免佣,0.07,义乌市衍郝电子商务商行,订单结算
2026-04-23 12:28:46,'2026042312284201401861480159,入账,5.86,聚合账户,货款结算入账,小店自卖,'6952016596899140826,'6952016596899140826,'SS76307365307969910030090,2026-04-12 23:25:49,'3783078074455819331,法式黑色缎面蝴蝶结抓夹女高级感2025新款大号在成人前额碎发夹子,,,普通订单,5.9,0,0,0,0,0,0,0,0,0,0,0,-0.04,0,0,0,0,0,0,是-商品卡免佣,0.29,义乌市衍郝电子商务商行,订单结算
2026-04-23 12:28:46,'2026042312284233480875620159,入账,4.36,聚合账户,货款结算入账,小店自卖,'6925541046606659460,'6925541046606659460,'SS76307017812365809140239,2026-04-13 05:04:42,'3782909438948671661,满天星蝴蝶结2025网纱云朵后脑勺鲨鱼泡大号在成人前额碎发夹子,,,普通订单,4.59,0,0,0,0,0,0,0,0,0,0,0,-0.23,0,0,0,0,0,0,,0,义乌市衍郝电子商务商行,订单结算
2026-04-23 12:28:46,'2026042312283919561518590159,入账,5.78,聚合账户,货款结算入账,小店自卖,'6925432905483713922,'6925432905483713922,'SS76293517389406047260166,2026-04-07 23:33:13,'3809262658188869664,高级感新年红色大肠发圈女2026新款扎头发绳丸子氛围感头花发饰,,,普通订单,6.81,0,0,0,0,0,0,0,0,0,0,-1,-0.03,0,0,0,0,0,0,是-商品卡免佣,0.22,义乌市衍郝电子商务商行,订单结算
2026-04-23 12:28:46,'2026042312284101263580570159,入账,6.56,聚合账户,货款结算入账,小店自卖,'6952134004792825131,'6952134004792825131,'SS76307596312287974800078,2026-04-16 23:37:46,'3812240028327870813,粉色双面蝴蝶结香蕉夹竖夹超温柔!气质高马尾发夹后脑勺发夹发饰,,,普通订单,6.6,0,0,0,0,0,0,0,0,0,0,0,-0.04,0,0,0,0,0,0,是-商品卡免佣,0.29,义乌市衍郝电子商务商行,订单结算
2026-04-23 12:28:47,'2026042312284239012109300159,入账,5.08,聚合账户,货款结算入账,小店自卖,'6925605223697972580,'6925605223697972580,'SS76307365766323779060127,2026-04-14 15:34:16,'3722756010360832483,韩国鸭嘴夹甜美镂空蝴蝶结发夹刘海夹女设计感韩系头饰马尾夹,,,普通订单,5.11,0,0,0,0,0,0,0,0,0,0,0,-0.03,0,0,0,0,0,0,是-商品卡免佣,0.22,义乌市衍郝电子商务商行,订单结算
2026-04-23 12:28:47,'2026042312284220562949380159,入账,4.03,聚合账户,货款结算入账,小店自卖,'6925540087893425404,'6925540087893425404,'SS76307548323702377050070,2026-04-12 19:19:27,'3782888475330740360,可爱毛绒米菲兔大号魔术贴卡通hellokitty发饰刘海碎发刘海贴神器,,,普通订单,4.05,0.3,0,0,0,0,0,0,0,0,0,0,-0.02,0,0,0,0,0,0,是-商品卡免佣,0.15,义乌市衍郝电子商务商行,订单结算
2026-04-23 12:28:47,'2026042312284235243789070159,入账,3.79,聚合账户,货款结算入账,小店自卖,'6952037513787741211,'6952037513787741211,'SS76306568125806354070084,2026-04-13 17:47:21,'3807584451282731335,缎面高级感碎花蝴蝶结抓夹新款百搭后脑盘发鲨鱼夹马尾夹高档发夹,,,普通订单,2.8,0,0,1.19,0,0,0,0,0,0,0,0,-0.2,0,0,0,0,0,0,,0,义乌市衍郝电子商务商行,订单结算
2026-04-23 12:28:47,'2026042312284337128281870159,入账,5.65,聚合账户,货款结算入账,小店自卖,'6925565094463306850,'6925565094463306850,'SS76307280874327127380018,2026-04-13 12:50:57,'3780819776314671477,复古豹纹kt猫多层香蕉夹女后脑勺抓夹头饰大号在成人前额碎发夹子,,,普通订单,5.68,0.8,0,0,0,0,0,0,0,0,0,0,-0.03,0,0,0,0,0,0,是-商品卡免佣,0.22,义乌市衍郝电子商务商行,订单结算
2026-04-23 12:28:47,'2026042312284208358999450159,入账,4.25,聚合账户,货款结算入账,小店自卖,'6952009367946073109,'6952009367946073109,'SS76307377689687329540033,2026-04-12 18:42:51,'3812240028327870813,粉色双面蝴蝶结香蕉夹竖夹超温柔!气质高马尾发夹后脑勺发夹发饰,,,普通订单,4.28,0,0,0,0,0,0,0,0,0,0,0,-0.03,0,0,0,0,0,0,是-商品卡免佣,0.22,义乌市衍郝电子商务商行,订单结算
2026-04-23 12:28:47,'2026042312284017379374580159,入账,4.95,聚合账户,货款结算入账,小店自卖,'6925572189425860377,'6925572189425860377,'SS76307050019047344910138,2026-04-13 12:47:54,'3812600792603558021,可爱小猪小黄鸡发圈萌系扎发神器黑色发绳马尾扎头发皮筋学生头饰,,,普通订单,4.98,0,0,0,0,0,0,0,0,0,0,0,-0.03,0,0,0,0,0,0,是-商品卡免佣,0.22,义乌市衍郝电子商务商行,订单结算
2026-04-23 12:28:47,'2026042312284132976084540159,入账,2.96,聚合账户,货款结算入账,小店自卖,'6952025235379524725,'6952025235379524725,'SS76306672843192901540165,2026-04-12 23:47:50,'3812961166053999319,ins爆款卡通蓬松夹鸭嘴夹一字夹化妆发夹超萌可爱猫咪少女刘海夹,,,普通订单,0.98,0,0,2,0,0,0,0,0,0,0,0,-0.02,0,0,0,0,0,0,是-商品卡免佣,0.15,义乌市衍郝电子商务商行,订单结算
2026-04-23 12:28:47,'2026042312284323450426980159,入账,3.15,聚合账户,货款结算入账,小店自卖,'6925542525409918618,'6925542525409918618,'SS76306667506549273700131,2026-04-12 21:20:29,'3809262658188869664,高级感新年红色大肠发圈女2026新款扎头发绳丸子氛围感头花发饰,,,普通订单,0.01,0,0,3.16,0,0,0,0,0,0,0,0,-0.02,0,0,0,0,0,0,是-商品卡免佣,0.15,义乌市衍郝电子商务商行,订单结算
2026-04-23 12:28:47,'2026042312284218591094160159,入账,4.96,聚合账户,货款结算入账,小店自卖,'6952031888782922964,'6952031888782922964,'SS76306424460267364360081,2026-04-12 22:52:11,'3799023022220903050,2026新款EVA家居室内不臭脚拖鞋男士夏季踩屎感防滑洗澡凉拖女式,,,普通订单,4.99,0,0,0,0,0,0,0,0,0,0,0,-0.03,0,0,0,0,0,0,是-商品卡免佣,0.22,义乌市衍郝电子商务商行,订单结算
2026-04-23 12:28:47,'2026042312284218123819930159,入账,2.96,聚合账户,货款结算入账,小店自卖,'6952097826041828723,'6952097826041828723,'SS76308424913485499300166,2026-04-15 13:51:47,'3812240028327870813,粉色双面蝴蝶结香蕉夹竖夹超温柔!气质高马尾发夹后脑勺发夹发饰,,,普通订单,2.98,0,0,0,0,0,0,0,0,0,0,0,-0.02,0,0,0,0,0,0,是-商品卡免佣,0.15,义乌市衍郝电子商务商行,订单结算
2026-04-23 12:28:47,'2026042312284206922573340159,入账,6.36,聚合账户,货款结算入账,小店自卖,'6952150081562548120,'6952150081562285976,'SS76305160283306276340241,2026-04-17 15:48:54,'3809625164249956608,孕妇专用防滑拖鞋女士夏季家居家室内静音浴室洗澡防臭凉拖鞋外穿,,,普通订单,6.4,0,0,0,0,0,0,0,0,0,0,0,-0.04,0,0,0,0,0,0,是-商品卡免佣,0.29,义乌市衍郝电子商务商行,订单结算
2026-04-23 12:28:47,'2026042312284221984545540159,入账,3.47,聚合账户,货款结算入账,小店自卖,'6925560538715487984,'6925560538715487984,'SS76306668419458708940150,2026-04-12 23:18:06,'3806655969480540177,米菲兔巨显发量香蕉兔子后脑勺盘发百搭少女发饰时尚可爱波点大号,,,普通订单,3.49,0,0,0,0,0,0,0,0,0,0,0,-0.02,0,0,0,0,0,0,是-商品卡免佣,0.15,义乌市衍郝电子商务商行,订单结算
2026-04-23 12:28:47,'2026042312284326928625000159,入账,4.27,聚合账户,货款结算入账,小店自卖,'6952147432291440543,'6952147432291375007,'SS76308272706575774820195,2026-04-17 10:20:38,'3812240028327870813,粉色双面蝴蝶结香蕉夹竖夹超温柔!气质高马尾发夹后脑勺发夹发饰,,,普通订单,2.69,0,0,1.81,0,0,0,0,0,0,0,0,-0.23,0,0,0,0,0,0,,0,义乌市衍郝电子商务商行,订单结算
2026-04-23 12:28:47,'2026042312284206743335030159,入账,2.96,聚合账户,货款结算入账,小店自卖,'6952161900453041877,'6952161900453041877,'SS76308606386588267670022,2026-04-17 21:18:21,'3812240028327870813,粉色双面蝴蝶结香蕉夹竖夹超温柔!气质高马尾发夹后脑勺发夹发饰,,,普通订单,0.01,0,0,2.97,0,0,0,0,0,0,0,0,-0.02,0,0,0,0,0,0,是-商品卡免佣,0.15,义乌市衍郝电子商务商行,订单结算
2026-04-23 12:28:47,'2026042312284213239465340159,入账,10.52,聚合账户,货款结算入账,小店自卖,'6925672324742741344,'6925672324742741344,'SS76308219461977748980073,2026-04-17 22:51:08,'3809625164249956608,孕妇专用防滑拖鞋女士夏季家居家室内静音浴室洗澡防臭凉拖鞋外穿,,,普通订单,10.58,0,0,0,0,0,0,0,0,0,0,0,-0.06,0,0,0,0,0,0,是-商品卡免佣,0.44,义乌市衍郝电子商务商行,订单结算
2026-04-23 12:28:47,'2026042312284025676354620159,入账,3.32,聚合账户,货款结算入账,小店自卖,'6952097900673635643,'6952097900673635643,'SS76306034790016130960136,2026-04-15 14:14:07,'3809975766641410463,高级感水钻珠珠一字扭扭夹2026新款盘发抓夹后脑勺发量多发夹头饰,,,普通订单,3.76,0,0,0.58,0,0,0,0,0,0,0,-1,-0.02,0,0,0,0,0,0,是-商品卡免佣,0.15,义乌市衍郝电子商务商行,订单结算
2026-04-23 12:28:47,'2026042312284214524298740159,入账,4.96,聚合账户,货款结算入账,小店自卖,'6925554957019741535,'6925554957019741535,'SS76306419457983946870096,2026-04-13 07:23:15,'3809625164249956608,孕妇专用防滑拖鞋女士夏季家居家室内静音浴室洗澡防臭凉拖鞋外穿,,,普通订单,4.99,0,0,0,0,0,0,0,0,0,0,0,-0.03,0,0,0,0,0,0,是-商品卡免佣,0.22,义乌市衍郝电子商务商行,订单结算
2026-04-23 12:28:47,'2026042312284217587904090159,入账,12.73,聚合账户,货款结算入账,小店自卖,'6925172958474764169,'6925172958474436489,'SS76307692585947796880159,2026-03-28 11:57:25,'3809262658188869664,高级感新年红色大肠发圈女2026新款扎头发绳丸子氛围感头花发饰,,,普通订单,12.81,0,0,0,0,0,0,0,0,0,0,0,-0.08,0,0,0,0,0,0,是-商品卡免佣,0.59,义乌市衍郝电子商务商行,订单结算
2026-04-23 12:28:47,'2026042312284308945546750159,入账,5.07,聚合账户,货款结算入账,小店自卖,'6925547454737448214,'6925547454737448214,'SS76306668732948482830235,2026-04-13 03:22:53,'3807216817156522080,抓夹大号发量大发夹女后脑勺鲨鱼夹发卡2026新款盘发韩系夹子头饰,,,普通订单,5.1,0,0,0,0,0,0,0,0,0,0,0,-0.03,0,0,0,0,0,0,是-商品卡免佣,0.22,义乌市衍郝电子商务商行,订单结算
2026-04-23 12:28:47,'2026042312284241444641700159,入账,3.78,聚合账户,货款结算入账,小店自卖,'6952164086511703542,'6952164086511703542,'SS76308141073898419300030,2026-04-17 23:10:12,'3790155312900735053,新款复古气质豹纹皮革三角后秋森系女款黑色抓夹ins网红发夹发卡,,,普通订单,0.01,0,0,3.79,0,0,0,0,0,0,0,0,-0.02,0,0,0,0,0,0,是-商品卡免佣,0.15,义乌市衍郝电子商务商行,订单结算
2026-04-23 12:28:47,'2026042312284315118338650159,入账,7.41,聚合账户,货款结算入账,小店自卖,'6925673394344262954,'6925673394344262954,'SS76308650452380595720122,2026-04-17 12:30:15,'3812994604597379368,韩系重工藏青色爱心蕾丝四层大肠发圈女高级感超大扎头发头绳头饰,,,普通订单,7.45,0,0,0,0,0,0,0,0,0,0,0,-0.04,0,0,0,0,0,0,是-商品卡免佣,0.29,义乌市衍郝电子商务商行,订单结算
2026-04-23 12:28:47,'2026042312284407928553460159,入账,4.65,聚合账户,货款结算入账,小店自卖,'6925595105945353827,'6925595105945353827,'SS76306833725325314990048,2026-04-15 07:19:57,'3800198492568289686,买一送一爆款凉拖鞋男士夏季情侣2026新款家居防滑防臭厚底拖鞋女,,,普通订单,0.01,0,0,4.89,0,0,0,0,0,0,0,0,-0.25,0,0,0,0,0,0,,0,义乌市衍郝电子商务商行,订单结算
2026-04-23 12:28:47,'2026042312284139145641150159,入账,4.96,聚合账户,货款结算入账,小店自卖,'6952046001112225290,'6952046001112225290,'SS76307241013965457980204,2026-04-13 12:29:31,'3809625164249956608,孕妇专用防滑拖鞋女士夏季家居家室内静音浴室洗澡防臭凉拖鞋外穿,,,普通订单,4.99,0,0,0,0,0,0,0,0,0,0,0,-0.03,0,0,0,0,0,0,是-商品卡免佣,0.22,义乌市衍郝电子商务商行,订单结算
2026-04-23 12:28:47,'2026042312284201454290280159,入账,8.85,聚合账户,货款结算入账,小店自卖,'6952145736665405189,'6952145736665405189,'SS76307434247151624110190,2026-04-17 18:29:33,'3800198492568289686,买一送一爆款凉拖鞋男士夏季情侣2026新款家居防滑防臭厚底拖鞋女,,,普通订单,8.9,0,0,0,0,0,0,0,0,0,0,0,-0.05,0,0,0,0,0,0,是-商品卡免佣,0.37,义乌市衍郝电子商务商行,订单结算
2026-04-23 12:28:47,'2026042312284225723215620159,入账,9.86,聚合账户,货款结算入账,小店自卖,'6925545659780070690,'6925545659780070690,'SS76307368621430871470121,2026-04-13 08:20:32,'3812240028327870813,粉色双面蝴蝶结香蕉夹竖夹超温柔!气质高马尾发夹后脑勺发夹发饰,,,普通订单,10.38,0,0,0,0,0,0,0,0,0,0,0,-0.52,0,0,0,0,0,0,,0,义乌市衍郝电子商务商行,订单结算
2026-04-23 12:28:48,'2026042312284331930987900159,入账,4.87,聚合账户,货款结算入账,小店自卖,'6925646334732958956,'6925646334732958956,'SS76307714702850957260079,2026-04-16 21:35:16,'3800198492568289686,买一送一爆款凉拖鞋男士夏季情侣2026新款家居防滑防臭厚底拖鞋女,,,普通订单,4.9,0,0,0,0,0,0,0,0,0,0,0,-0.03,0,0,0,0,0,0,是-商品卡免佣,0.22,义乌市衍郝电子商务商行,订单结算
2026-04-23 12:28:48,'2026042312284310033608180159,入账,2.68,聚合账户,货款结算入账,小店自卖,'6925557552359440287,'6925557552359440287,'SS76307255272351872340060,2026-04-13 13:58:11,'3752323159945249725,碎发整理神器山茶花碎发整理神器后脑勺成人拉拉发红色蝴蝶结发饰,,,普通订单,2.7,0,0,0,0,0,0,0,0,0,0,0,-0.02,0,0,0,0,0,0,是-商品卡免佣,0.15,义乌市衍郝电子商务商行,订单结算
2026-04-23 12:28:48,'2026042312284318142868570159,入账,4.25,聚合账户,货款结算入账,小店自卖,'6925551476442431030,'6925551476442431030,'SS76306666400441142270089,2026-04-12 19:28:02,'3752322921725559076,【四层设计】法式温柔气质缎面超大号蝴蝶大号在成人前额碎发夹子,,,普通订单,4.28,0,0,0,0,0,0,0,0,0,0,0,-0.03,0,0,0,0,0,0,是-商品卡免佣,0.22,义乌市衍郝电子商务商行,订单结算
2026-04-23 12:28:48,'2026042312284412797878160159,入账,4.27,聚合账户,货款结算入账,小店自卖,'6952134273877546613,'6952134273877546613,'SS76306821008825224020124,2026-04-17 07:57:59,'3812240028327870813,粉色双面蝴蝶结香蕉夹竖夹超温柔!气质高马尾发夹后脑勺发夹发饰,,,普通订单,1.05,0,0,3.45,0,0,0,0,0,0,0,0,-0.23,0,0,0,0,0,0,,0,义乌市衍郝电子商务商行,订单结算
2026-04-23 12:28:48,'2026042312284429412236890159,入账,5.17,聚合账户,货款结算入账,小店自卖,'6925663643817377517,'6925663643817377517,'SS76308682971559531930222,2026-04-17 22:45:17,'3812961166053999319,ins爆款卡通蓬松夹鸭嘴夹一字夹化妆发夹超萌可爱猫咪少女刘海夹,,,普通订单,5.2,0,0,0,0,0,0,0,0,0,0,0,-0.03,0,0,0,0,0,0,是-商品卡免佣,0.22,义乌市衍郝电子商务商行,订单结算
2026-04-23 12:28:48,'2026042312284301101176740159,入账,4.96,聚合账户,货款结算入账,小店自卖,'6952029753034937736,'6952029753034937736,'SS76306672216769500310201,2026-04-12 23:29:47,'3809625164249956608,孕妇专用防滑拖鞋女士夏季家居家室内静音浴室洗澡防臭凉拖鞋外穿,,,普通订单,4.99,0,0,0,0,0,0,0,0,0,0,0,-0.03,0,0,0,0,0,0,是-商品卡免佣,0.22,义乌市衍郝电子商务商行,订单结算
2026-04-23 12:28:48,'2026042312284228951355340159,入账,2.52,聚合账户,货款结算入账,小店自卖,'6925538494871796750,'6925538494871796750,'SS76306666681043686550036,2026-04-12 18:10:26,'3776807804489302292,豹纹ins爱心发夹女一字夹高端碎发前额刘大号在成人前额碎发夹子,,,普通订单,2.54,0,0,0,0,0,0,0,0,0,0,0,-0.02,0,0,0,0,0,0,是-商品卡免佣,0.15,义乌市衍郝电子商务商行,订单结算
2026-04-23 12:28:48,'2026042312284407435228430159,入账,3.89,聚合账户,货款结算入账,小店自卖,'6952134880708990374,'6952134880708990374,'SS76307716039002033180039,2026-04-17 13:50:35,'3813158348195496156,公主发夹波点蝴蝶结夹小众香蕉2026新款发饰发卡洋气双排头花夹子,,,普通订单,0.91,0,0,3,0,0,0,0,0,0,0,0,-0.02,0,0,0,0,0,0,是-商品卡免佣,0.15,义乌市衍郝电子商务商行,订单结算
2026-04-23 12:28:48,'2026042312284310033935860159,入账,4.07,聚合账户,货款结算入账,小店自卖,'6952045779315135959,'6952045779315135959,'SS76306791406182405640020,2026-04-13 10:10:47,'3778620647714979938,会发光的灯泡发夹女夹头发创意发卡道具鸭大号在成人前额碎发夹子,,,普通订单,1.51,1.5,0,2.58,0,0,0,0,0,0,0,0,-0.02,0,0,0,0,0,0,是-商品卡免佣,0.15,义乌市衍郝电子商务商行,订单结算
2026-04-23 12:28:48,'2026042312284321307397120159,入账,4.77,聚合账户,货款结算入账,小店自卖,'6952153307264587499,'6952153307264587499,'SS76306877150212431870152,2026-04-17 23:13:42,'3812240028327870813,粉色双面蝴蝶结香蕉夹竖夹超温柔!气质高马尾发夹后脑勺发夹发饰,,,普通订单,0.8,0,0,4,0,0,0,0,0,0,0,0,-0.03,0,0,0,0,0,0,是-商品卡免佣,0.22,义乌市衍郝电子商务商行,订单结算
2026-04-23 12:28:48,'2026042312284337132869390159,入账,2.89,聚合账户,货款结算入账,小店自卖,'6952024777077953848,'6952024777077953848,'SS76306665877508431770134,2026-04-12 20:09:12,'3797192698386055325,2025新款卡通抓夹女高级感鲨鱼夹大号后脑勺盘发发量大发夹发饰夏,,,普通订单,2.91,0,0,0,0,0,0,0,0,0,0,0,-0.02,0,0,0,0,0,0,是-商品卡免佣,0.15,义乌市衍郝电子商务商行,订单结算
2026-04-23 12:28:48,'2026042312284204706350180159,入账,5.91,聚合账户,货款结算入账,小店自卖,'6925671514127891751,'6925671514127891751,'SS76307040824535616410119,2026-04-17 16:00:09,'3807576505576456267,可爱蝴蝶结小猫无痕刘海魔术发饰少女前额星星kt侧边发贴整理神器,,,普通订单,1.95,0,0,4,0,0,0,0,0,0,0,0,-0.04,0,0,0,0,0,0,是-商品卡免佣,0.29,义乌市衍郝电子商务商行,订单结算
2026-04-23 12:28:48,'2026042312284406554096980159,入账,5.19,聚合账户,货款结算入账,小店自卖,'6952120723844371920,'6952120723844371920,'SS76307856873495106960151,2026-04-17 00:54:09,'3812795676727836686,趣味黑皮可爱KT猫咪刘海贴碎发整理神器魔术贴无痕发夹女头饰发饰,,,普通订单,4.68,0,0,0.54,0,0,0,0,0,0,0,0,-0.03,0,0,0,0,0,0,是-商品卡免佣,0.22,义乌市衍郝电子商务商行,订单结算
2026-04-23 12:28:48,'2026042312284424917445390159,入账,4.74,聚合账户,货款结算入账,小店自卖,'6952004776968656248,'6952004776968656248,'SS76306420658992133480173,2026-04-12 15:46:26,'3809625164249956608,孕妇专用防滑拖鞋女士夏季家居家室内静音浴室洗澡防臭凉拖鞋外穿,,,普通订单,4.99,0,0,0,0,0,0,0,0,0,0,0,-0.25,0,0,0,0,0,0,,0,义乌市衍郝电子商务商行,订单结算
2026-04-23 12:28:48,'2026042312284329116052980159,入账,5.52,聚合账户,货款结算入账,小店自卖,'6925610381950352538,'6925610381950352538,'SS76306527818039462900148,2026-04-15 10:45:21,'3812244340491813699,新款密齿香蕉韩系法式波点蕾丝蝴蝶结后脑勺盘发发夹发卡马尾发饰,,,普通订单,0.55,0,0,5,0,0,0,0,0,0,0,0,-0.03,0,0,0,0,0,0,是-商品卡免佣,0.22,义乌市衍郝电子商务商行,订单结算
2026-04-23 12:28:48,'2026042312284324749186820159,入账,2.89,聚合账户,货款结算入账,小店自卖,'6925555432523791502,'6925555432523791502,'SS76306666576108587580066,2026-04-12 18:56:42,'3752321399075766709,女新款可爱蓬松抓夹头饰网红蓬松夹子in大号在成人高颅顶发夹子,,,普通订单,2.91,0,0,0,0,0,0,0,0,0,0,0,-0.02,0,0,0,0,0,0,是-商品卡免佣,0.15,义乌市衍郝电子商务商行,订单结算
2026-04-23 12:28:48,'2026042312284402811661070159,入账,6.76,聚合账户,货款结算入账,小店自卖,'6925561207235247264,'6925561207235247264,'SS76307001184293237760203,2026-04-13 09:37:38,'3783072477903716812,饱满花型高级感抓夹大号夹子蝴蝶结发夹后大号在成人大号毛绒发卡,,,普通订单,6.8,0,0,0,0,0,0,0,0,0,0,0,-0.04,0,0,0,0,0,0,是-商品卡免佣,0.29,义乌市衍郝电子商务商行,订单结算
2026-04-23 12:28:48,'2026042312284303114115060159,入账,3.85,聚合账户,货款结算入账,小店自卖,'6925658178808085511,'6925658178808085511,'SS76307926491217103990042,2026-04-17 11:07:07,'3812240028327870813,粉色双面蝴蝶结香蕉夹竖夹超温柔!气质高马尾发夹后脑勺发夹发饰,,,普通订单,0.01,0,0,3.86,0,0,0,0,0,0,0,0,-0.02,0,0,0,0,0,0,是-商品卡免佣,0.15,义乌市衍郝电子商务商行,订单结算
2026-04-23 12:28:48,'2026042312284239385505550159,入账,8.85,聚合账户,货款结算入账,小店自卖,'6952024844725392938,'6952024844725392938,'SS76306417808158231580075,2026-04-12 20:26:48,'3800198492568289686,买一送一爆款凉拖鞋男士夏季情侣2026新款家居防滑防臭厚底拖鞋女,,,普通订单,8.9,0,0,0,0,0,0,0,0,0,0,0,-0.05,0,0,0,0,0,0,是-商品卡免佣,0.37,义乌市衍郝电子商务商行,订单结算
2026-04-23 12:28:48,'2026042312284329123753460159,入账,3.36,聚合账户,货款结算入账,小店自卖,'6925556540160113993,'6925556540160113993,'SS76291393607928711870235,2026-04-13 06:10:27,'3812796426258350389,夏天简约随手盘发一字扭扭夹水钻抓夹高级发夹扭扭后脑勺盘发器,,,普通订单,3.38,0,0,0,0,0,0,0,0,0,0,0,-0.02,0,0,0,0,0,0,是-商品卡免佣,0.15,义乌市衍郝电子商务商行,订单结算
2026-04-23 12:28:48,'2026042312284407432443150159,入账,2.96,聚合账户,货款结算入账,小店自卖,'6925568855598398805,'6925568855598398805,'SS76307320697143467930009,2026-04-13 23:37:52,'3812240028327870813,粉色双面蝴蝶结香蕉夹竖夹超温柔!气质高马尾发夹后脑勺发夹发饰,,,普通订单,0.01,0,0,2.97,0,0,0,0,0,0,0,0,-0.02,0,0,0,0,0,0,是-商品卡免佣,0.15,义乌市衍郝电子商务商行,订单结算
2026-04-23 12:28:48,'2026042312284235246085120159,入账,4.87,聚合账户,货款结算入账,小店自卖,'6952034193191409228,'6952034193191409228,'SS76306425209509688840102,2026-04-13 00:41:53,'3800198492568289686,买一送一爆款凉拖鞋男士夏季情侣2026新款家居防滑防臭厚底拖鞋女,,,普通订单,4.9,0,0,0,0,0,0,0,0,0,0,0,-0.03,0,0,0,0,0,0,是-商品卡免佣,0.22,义乌市衍郝电子商务商行,订单结算
2026-04-23 12:28:48,'2026042312284300008730100159,入账,3.89,聚合账户,货款结算入账,小店自卖,'6952014516486280528,'6952014516486280528,'SS76306668930284754260032,2026-04-13 05:38:05,'3813158348195496156,公主发夹波点蝴蝶结夹小众香蕉2026新款发饰发卡洋气双排头花夹子,,,普通订单,3.91,0,0,0,0,0,0,0,0,0,0,0,-0.02,0,0,0,0,0,0,是-商品卡免佣,0.15,义乌市衍郝电子商务商行,订单结算
2026-04-23 12:28:48,'2026042312284221027233690159,入账,5.65,聚合账户,货款结算入账,小店自卖,'6952166309563995263,'6952166309563995263,'SS76306956569104716860069,2026-04-17 22:15:35,'3782888475330740360,可爱毛绒米菲兔大号魔术贴卡通hellokitty发饰刘海碎发刘海贴神器,,,普通订单,5.68,0.3,0,0,0,0,0,0,0,0,0,0,-0.03,0,0,0,0,0,0,是-商品卡免佣,0.22,义乌市衍郝电子商务商行,订单结算
2026-04-23 12:28:48,'2026042312284331919972250159,入账,5.17,聚合账户,货款结算入账,小店自卖,'6952159333970548708,'6952159333970548708,'SS76308177024286766140057,2026-04-17 21:27:28,'3812961166053999319,ins爆款卡通蓬松夹鸭嘴夹一字夹化妆发夹超萌可爱猫咪少女刘海夹,,,普通订单,0.01,0,0,5.19,0,0,0,0,0,0,0,0,-0.03,0,0,0,0,0,0,是-商品卡免佣,0.22,义乌市衍郝电子商务商行,订单结算
2026-04-23 12:28:48,'2026042312284435651794180159,入账,4.38,聚合账户,货款结算入账,小店自卖,'6925569873677877210,'6925569873677877210,'SS76306438643361713180020,2026-04-13 12:37:25,'3752323576548688241,中国风孔雀盘发器女生古典旗袍发饰丸子懒人高级感饰品优雅发夹女,,,普通订单,6.41,0,0,0,0,0,0,0,0,0,0,-2,-0.03,0,0,0,0,0,0,是-商品卡免佣,0.22,义乌市衍郝电子商务商行,订单结算
2026-04-23 12:28:49,'2026042312284327486336500159,入账,4.21,聚合账户,货款结算入账,小店自卖,'6925556128871709753,'6925556128871709753,'SS76306997746017899920171,2026-04-12 23:03:48,'3781407329996636824,咖色磨砂抓夹大号发夹女2025年新款后脑大号在成人前额碎发夹子,,,普通订单,4.24,0,0,0,0,0,0,0,0,0,0,0,-0.03,0,0,0,0,0,0,是-商品卡免佣,0.22,义乌市衍郝电子商务商行,订单结算
2026-04-23 12:28:49,'2026042312284510745779460159,入账,2.96,聚合账户,货款结算入账,小店自卖,'6925631632144236370,'6925631632144236370,'SS76307960196186938880227,2026-04-15 19:10:31,'3812961166053999319,ins爆款卡通蓬松夹鸭嘴夹一字夹化妆发夹超萌可爱猫咪少女刘海夹,,,普通订单,0.01,0,0,2.97,0,0,0,0,0,0,0,0,-0.02,0,0,0,0,0,0,是-商品卡免佣,0.15,义乌市衍郝电子商务商行,订单结算
2026-04-23 12:28:49,'2026042312284322780851560159,入账,3.89,聚合账户,货款结算入账,小店自卖,'6952143824684324402,'6952143824684324402,'SS76307742665245537380129,2026-04-17 21:50:04,'3813158348195496156,公主发夹波点蝴蝶结夹小众香蕉2026新款发饰发卡洋气双排头花夹子,,,普通订单,0.01,0,0,3.9,0,0,0,0,0,0,0,0,-0.02,0,0,0,0,0,0,是-商品卡免佣,0.15,义乌市衍郝电子商务商行,订单结算
2026-04-23 12:28:49,'2026042312284514599296500159,入账,0.85,聚合账户,货款结算入账,小店自卖,'6925678202202979642,'6925678202202979642,'SS76307800891027950420180,2026-04-17 16:21:53,'3812961166053999319,ins爆款卡通蓬松夹鸭嘴夹一字夹化妆发夹超萌可爱猫咪少女刘海夹,,,普通订单,0.9,0,0,0,0,0,0,0,0,0,0,0,-0.05,0,0,0,0,0,0,,0,义乌市衍郝电子商务商行,订单结算
2026-04-23 12:28:49,'2026042312284425233863780159,入账,4.27,聚合账户,货款结算入账,小店自卖,'6925584175798451595,'6925584175798451595,'SS76306930329242998120164,2026-04-13 21:06:39,'3799616810156949953,绒面宽边简约高颅顶发箍秋冬网红发饰女高级感洗脸头箍发卡发带潮,,,普通订单,4.3,0,0,0,0,0,0,0,0,0,0,0,-0.03,0,0,0,0,0,0,是-商品卡免佣,0.22,义乌市衍郝电子商务商行,订单结算
2026-04-23 12:28:49,'2026042312284503657900020159,入账,2.85,聚合账户,货款结算入账,小店自卖,'6925552194532442061,'6925552194532442061,'SS76306668375900697940050,2026-04-12 23:20:40,'3794075048172716228,安可拉红色蝴蝶镶钻头绳女高端网红扎头花高弹力马尾耐用皮筋发圈,,,普通订单,0.01,0,0,2.99,0,0,0,0,0,0,0,0,-0.15,0,0,0,0,0,0,,0,义乌市衍郝电子商务商行,订单结算
2026-04-23 12:28:49,'2026042312284503333327360159,入账,6.95,聚合账户,货款结算入账,小店自卖,'6951640934395155713,'6951640934394959105,'SS76307510308893701540066,2026-03-28 17:03:40,'3809642786458829326,2026新款镶钻一字夹女后脑勺懒人夹盘发夹鸭嘴夹发饰轻奢风碎发,,,普通订单,6.99,0,0,0,0,0,0,0,0,0,0,0,-0.04,0,0,0,0,0,0,是-商品卡免佣,0.29,义乌市衍郝电子商务商行,订单结算
2026-04-23 12:28:49,'2026042312284531227251700159,入账,4.96,聚合账户,货款结算入账,小店自卖,'6925550030726004457,'6925550030726004457,'SS76306422043818068750216,2026-04-13 08:42:37,'3809625164249956608,孕妇专用防滑拖鞋女士夏季家居家室内静音浴室洗澡防臭凉拖鞋外穿,,,普通订单,4.99,0,0,0,0,0,0,0,0,0,0,0,-0.03,0,0,0,0,0,0,是-商品卡免佣,0.22,义乌市衍郝电子商务商行,订单结算
2026-04-23 12:28:49,'2026042312284439903237630159,入账,2.96,聚合账户,货款结算入账,小店自卖,'6925649035816238712,'6925649035816238712,'SS76307320439323533220236,2026-04-17 00:06:28,'3812240028327870813,粉色双面蝴蝶结香蕉夹竖夹超温柔!气质高马尾发夹后脑勺发夹发饰,,,普通订单,0.01,0,0,2.97,0,0,0,0,0,0,0,0,-0.02,0,0,0,0,0,0,是-商品卡免佣,0.15,义乌市衍郝电子商务商行,订单结算
2026-04-23 12:28:49,'2026042312284229032167030159,入账,8.45,聚合账户,货款结算入账,小店自卖,'6952104000623350858,'6952104000623350858,'SS76307443576116354830195,2026-04-16 11:44:13,'3800198492568289686,买一送一爆款凉拖鞋男士夏季情侣2026新款家居防滑防臭厚底拖鞋女,,,普通订单,4.13,0,0,4.77,0,0,0,0,0,0,0,0,-0.45,0,0,0,0,0,0,,0,义乌市衍郝电子商务商行,订单结算
2026-04-23 12:28:49,'2026042312284340079734020159,入账,2.96,聚合账户,货款结算入账,小店自卖,'6925556435526646949,'6925556435526646949,'SS76306672972040440780004,2026-04-13 03:35:44,'3812961166053999319,ins爆款卡通蓬松夹鸭嘴夹一字夹化妆发夹超萌可爱猫咪少女刘海夹,,,普通订单,2.98,0,0,0,0,0,0,0,0,0,0,0,-0.02,0,0,0,0,0,0,是-商品卡免佣,0.15,义乌市衍郝电子商务商行,订单结算
2026-04-23 12:28:49,'2026042312284417222044250159,入账,4.43,聚合账户,货款结算入账,小店自卖,'6925678203973828448,'6925678203973828448,'SS76308384934104478980071,2026-04-17 16:39:51,'3813126193763451056,明星同款高级感银色金属五角星发扣发夹洋气甜酷风刘海发夹扣发饰,,,普通订单,4.46,0,0,0,0,0,0,0,0,0,0,0,-0.03,0,0,0,0,0,0,是-商品卡免佣,0.22,义乌市衍郝电子商务商行,订单结算
2026-04-23 12:28:49,'2026042312284435662279940159,入账,4.69,聚合账户,货款结算入账,小店自卖,'6925662911650954268,'6925662911650954268,'SS76307723610308818010104,2026-04-17 16:57:14,'3811106461837295881,新款五角星发夹发扣韩国少女甜美甜酷侧边夹顶刘海前额固定卡子,,,普通订单,4.72,0,0,0,0,0,0,0,0,0,0,0,-0.03,0,0,0,0,0,0,是-商品卡免佣,0.22,义乌市衍郝电子商务商行,订单结算
2026-04-23 12:28:49,'2026042312284416022779420159,入账,6.33,聚合账户,货款结算入账,小店自卖,'6952136812524672016,'6952136812524540944,'SS76305154252102541200221,2026-04-17 15:28:20,'3812776682201416089,踩屎感凉拖鞋女夏季室内家居家用情侣防滑静音厚底洗澡高级感男士,,,普通订单,6.37,0,0,0,0,0,0,0,0,0,0,0,-0.04,0,0,0,0,0,0,是-商品卡免佣,0.29,义乌市衍郝电子商务商行,订单结算
2026-04-23 12:28:49,'2026042312284436033868900159,入账,5.17,聚合账户,货款结算入账,小店自卖,'6925675166100585979,'6925675166100585979,'SS76308030162094167470070,2026-04-18 09:11:18,'3812961166053999319,ins爆款卡通蓬松夹鸭嘴夹一字夹化妆发夹超萌可爱猫咪少女刘海夹,,,普通订单,5.2,0,0,0,0,0,0,0,0,0,0,0,-0.03,0,0,0,0,0,0,是-商品卡免佣,0.22,义乌市衍郝电子商务商行,订单结算
2026-04-23 12:28:49,'2026042312284414727746620159,入账,3.59,聚合账户,货款结算入账,小店自卖,'6952048090576459086,'6952048090576459086,'SS76307502489283671540005,2026-04-13 13:16:55,'3797749369206342546,豹纹大肠发圈高级小众手工韩国新款头绳编织显发量马尾丸子头发绳,,,普通订单,3.61,0,0,0,0,0,0,0,0,0,0,0,-0.02,0,0,0,0,0,0,是-商品卡免佣,0.15,义乌市衍郝电子商务商行,订单结算
2026-04-23 12:28:49,'2026042312284322084367790159,入账,2.96,聚合账户,货款结算入账,小店自卖,'6952009690752619718,'6952009690752619718,'SS76306667031734034070170,2026-04-12 21:39:45,'3771355796558971375,网红抓夹爆款2025新款高级感半扎发发夹后脑勺鲨鱼夹大号发量多,,,普通订单,2.98,0,0,0,0,0,0,0,0,0,0,0,-0.02,0,0,0,0,0,0,是-商品卡免佣,0.15,义乌市衍郝电子商务商行,订单结算
2026-04-23 12:28:49,'2026042312284128065472100159,入账,3.93,聚合账户,货款结算入账,小店自卖,'6925667566826323187,'6925667566826323187,'SS76307996542674373520244,2026-04-17 21:59:34,'3812961166053999319,ins爆款卡通蓬松夹鸭嘴夹一字夹化妆发夹超萌可爱猫咪少女刘海夹,,,普通订单,0.01,0,0,3.94,0,0,0,0,0,0,0,0,-0.02,0,0,0,0,0,0,是-商品卡免佣,0.15,义乌市衍郝电子商务商行,订单结算
2026-04-23 12:28:49,'2026042312284408865551620159,入账,8.45,聚合账户,货款结算入账,小店自卖,'6925656762138197572,'6925656762138197572,'SS76308041000411794260149,2026-04-17 15:55:20,'3800198492568289686,买一送一爆款凉拖鞋男士夏季情侣2026新款家居防滑防臭厚底拖鞋女,,,普通订单,8.9,0,0,0,0,0,0,0,0,0,0,0,-0.45,0,0,0,0,0,0,,0,义乌市衍郝电子商务商行,订单结算
2026-04-23 12:28:49,'2026042312284423992077180159,入账,2.83,聚合账户,货款结算入账,小店自卖,'6925572512461126910,'6925572512461126910,'SS76307369349268442010043,2026-04-13 14:57:58,'3807217918840799504,新款百搭2026可爱小狗香蕉夹竖夹发夹脑勺扭扭夹高马尾抓夹高级感,,,普通订单,0.01,0,0,2.97,0,0,0,0,0,0,0,0,-0.15,0,0,0,0,0,0,,0,义乌市衍郝电子商务商行,订单结算
2026-04-23 12:28:49,'2026042312284339564948890159,入账,9.19,聚合账户,货款结算入账,小店自卖,'6952136812524737552,'6952136812524540944,'SS76305154299071204220146,2026-04-17 15:28:20,'3809632216561090850,买一送一拖鞋男款外出耐穿夏天居家用室内厚底防滑防臭男女凉托鞋,,,普通订单,9.25,0,0,0,0,0,0,0,0,0,0,0,-0.06,0,0,0,0,0,0,是-商品卡免佣,0.44,义乌市衍郝电子商务商行,订单结算
2026-04-23 12:28:49,'2026042312284412556377690159,入账,4.84,聚合账户,货款结算入账,小店自卖,'6925643676065234473,'6925643676065234473,'SS76307284956516070910192,2026-04-16 16:21:57,'3811106461837295881,新款五角星发夹发扣韩国少女甜美甜酷侧边夹顶刘海前额固定卡子,,,普通订单,4.87,0,0,0,0,0,0,0,0,0,0,0,-0.03,0,0,0,0,0,0,是-商品卡免佣,0.22,义乌市衍郝电子商务商行,订单结算
2026-04-23 12:28:49,'2026042312284317033180560159,入账,2.38,聚合账户,货款结算入账,小店自卖,'6952018447224804757,'6952018447224804757,'SS76306667462230188060100,2026-04-12 22:01:19,'3784025743923740805,韩国气质精致百搭炫彩闪钻少女侧边夹刘大号在成人前额碎发夹子,,,普通订单,2.39,0,0,0,0,0,0,0,0,0,0,0,-0.01,0,0,0,0,0,0,是-商品卡免佣,0.07,义乌市衍郝电子商务商行,订单结算
2026-04-23 12:28:49,'2026042312284200687316740159,入账,3.47,聚合账户,货款结算入账,小店自卖,'6925557859247226694,'6925557859247226694,'SS76306666689017126590111,2026-04-12 19:32:58,'3806655969480540177,米菲兔巨显发量香蕉兔子后脑勺盘发百搭少女发饰时尚可爱波点大号,,,普通订单,3.49,0,0,0,0,0,0,0,0,0,0,0,-0.02,0,0,0,0,0,0,是-商品卡免佣,0.15,义乌市衍郝电子商务商行,订单结算
2026-04-23 12:28:49,'2026042312284331044244580159,入账,3.86,聚合账户,货款结算入账,小店自卖,'6925674684241837508,'6925674684241837508,'SS76308247113432642650005,2026-04-17 23:29:04,'3812794010364412322,趣味黑皮kitty猫魔术贴超可爱猫咪整理碎发刘海贴魔术贴发卡化妆,,,普通订单,3.88,0,0,0,0,0,0,0,0,0,0,0,-0.02,0,0,0,0,0,0,是-商品卡免佣,0.15,义乌市衍郝电子商务商行,订单结算
2026-04-23 12:28:49,'2026042312284321316080640159,入账,5.26,聚合账户,货款结算入账,小店自卖,'6952166988637410701,'6952166988637410701,'SS76308057519343214580039,2026-04-18 09:52:46,'3809625164249956608,孕妇专用防滑拖鞋女士夏季家居家室内静音浴室洗澡防臭凉拖鞋外穿,,,普通订单,5.29,0,0,0,0,0,0,0,0,0,0,0,-0.03,0,0,0,0,0,0,是-商品卡免佣,0.22,义乌市衍郝电子商务商行,订单结算
2026-04-23 12:28:49,'2026042312284331042770020159,入账,12.9,聚合账户,货款结算入账,小店自卖,'6925680742311034609,'6925680742311034609,'SS76308186379468805520201,2026-04-17 21:46:31,'3812240028327870813,粉色双面蝴蝶结香蕉夹竖夹超温柔!气质高马尾发夹后脑勺发夹发饰,,,普通订单,12.98,0,0,0,0,0,0,0,0,0,0,0,-0.08,0,0,0,0,0,0,是-商品卡免佣,0.59,义乌市衍郝电子商务商行,订单结算
2026-04-23 12:28:50,'2026042312284429076198750159,入账,4.65,聚合账户,货款结算入账,小店自卖,'6952007323928565040,'6952007323928565040,'SS76306426327886405460034,2026-04-12 20:07:51,'3800198492568289686,买一送一爆款凉拖鞋男士夏季情侣2026新款家居防滑防臭厚底拖鞋女,,,普通订单,1.9,0,0,3,0,0,0,0,0,0,0,0,-0.25,0,0,0,0,0,0,,0,义乌市衍郝电子商务商行,订单结算
2026-04-23 12:28:50,'2026042312284418134469460159,入账,1.29,聚合账户,货款结算入账,小店自卖,'6951578166243562673,'6951578166243562673,'SS76306862163756692940233,2026-03-26 18:33:54,'3809046638404698823,韩国男士发箍洗脸头箍发卡发夹潮男运动发带背头压发窟发捆女头饰,,,普通订单,1.3,0,0,0,0,0,0,0,0,0,0,0,-0.01,0,0,0,0,0,0,是-商品卡免佣,0.07,义乌市衍郝电子商务商行,订单结算
2026-04-23 12:28:50,'2026042312284506012810340159,入账,7.18,聚合账户,货款结算入账,小店自卖,'6925678203974090592,'6925678203973828448,'SS76308384946251046500000,2026-04-17 16:39:51,'3813152773302780175,柔软泡泡纱韩国粉色碎花大肠发圈超大号高级仙气丸子慵懒头绳发饰,,,普通订单,7.22,0,0,0,0,0,0,0,0,0,0,0,-0.04,0,0,0,0,0,0,是-商品卡免佣,0.29,义乌市衍郝电子商务商行,订单结算
2026-04-23 12:28:50,'2026042312284522904998810159,入账,5.17,聚合账户,货款结算入账,小店自卖,'6952016454206100755,'6952016454206100755,'SS76306673119809379840087,2026-04-12 22:09:07,'3812961166053999319,ins爆款卡通蓬松夹鸭嘴夹一字夹化妆发夹超萌可爱猫咪少女刘海夹,,,普通订单,5.2,0,0,0,0,0,0,0,0,0,0,0,-0.03,0,0,0,0,0,0,是-商品卡免佣,0.22,义乌市衍郝电子商务商行,订单结算
2026-04-23 12:28:50,'2026042312284426267814800159,入账,11.16,聚合账户,货款结算入账,小店自卖,'6952041476519433871,'6952041476519237263,'SS76306851562656243600249,2026-04-13 13:11:09,'3813158348195496156,公主发夹波点蝴蝶结夹小众香蕉2026新款发饰发卡洋气双排头花夹子,,,普通订单,11.23,0,0,0,0,0,0,0,0,0,0,0,-0.07,0,0,0,0,0,0,是-商品卡免佣,0.51,义乌市衍郝电子商务商行,订单结算
2026-04-23 12:28:50,'2026042312284338306125260159,入账,2.93,聚合账户,货款结算入账,小店自卖,'6925554412573261460,'6925554412573261460,'SS76307016866839272960239,2026-04-12 22:21:25,'3810369325274104057,黑色在逃公主发饰超大蝴蝶结抓夹女后脑勺高级感大号鲨鱼夹发夹,,,普通订单,2.95,0,0,0,0,0,0,0,0,0,0,0,-0.02,0,0,0,0,0,0,是-商品卡免佣,0.15,义乌市衍郝电子商务商行,订单结算
2026-04-23 12:28:50,'2026042312284605810959820159,入账,1.6,聚合账户,货款结算入账,小店自卖,'6925654718686330050,'6925654718686330050,'SS76306479577924081070249,2026-04-16 16:09:38,'3782909438948671661,满天星蝴蝶结2025网纱云朵后脑勺鲨鱼泡大号在成人前额碎发夹子,,,普通订单,1.58,0,0,1.1,0,0,0,0,0,0,0,-1,-0.08,0,0,0,0,0,0,,0,义乌市衍郝电子商务商行,订单结算
2026-04-23 12:28:50,'2026042312284415448640150159,入账,8.03,聚合账户,货款结算入账,小店自卖,'6952111984562673236,'6952111984562673236,'SS76307241284373755260211,2026-04-15 20:39:05,'3807584451282731335,缎面高级感碎花蝴蝶结抓夹新款百搭后脑盘发鲨鱼夹马尾夹高档发夹,,,普通订单,8.08,0,0,0,0,0,0,0,0,0,0,0,-0.05,0,0,0,0,0,0,是-商品卡免佣,0.37,义乌市衍郝电子商务商行,订单结算
2026-04-23 12:28:50,'2026042312284529458931610159,入账,3.54,聚合账户,货款结算入账,小店自卖,'6952018479632028855,'6952018479632028855,'SS76306667462695657500167,2026-04-12 22:02:04,'3799240809392504924,韩国东大门同款碎发夹气质水钻侧边刘海夹子女高颜值发卡头饰BB夹,,,普通订单,3.56,0,0,0,0,0,0,0,0,0,0,0,-0.02,0,0,0,0,0,0,是-商品卡免佣,0.15,义乌市衍郝电子商务商行,订单结算
2026-04-23 12:28:50,'2026042312284424044838740159,入账,3.36,聚合账户,货款结算入账,小店自卖,'6952048109202379883,'6952048109202379883,'SS76307373038198950490199,2026-04-13 13:11:20,'3812796426258350389,夏天简约随手盘发一字扭扭夹水钻抓夹高级发夹扭扭后脑勺盘发器,,,普通订单,3.38,0,0,0,0,0,0,0,0,0,0,0,-0.02,0,0,0,0,0,0,是-商品卡免佣,0.15,义乌市衍郝电子商务商行,订单结算
2026-04-23 12:28:50,'2026042312284237152077340159,入账,3.71,聚合账户,货款结算入账,小店自卖,'6952132734844016525,'6952132734844016525,'SS76307815893972260350242,2026-04-17 22:02:31,'3813158348195496156,公主发夹波点蝴蝶结夹小众香蕉2026新款发饰发卡洋气双排头花夹子,,,普通订单,3.91,0,0,0,0,0,0,0,0,0,0,0,-0.2,0,0,0,0,0,0,,0,义乌市衍郝电子商务商行,订单结算
2026-04-23 12:28:50,'2026042312284436477220030159,入账,4.28,聚合账户,货款结算入账,小店自卖,'6952021894439965887,'6952021894439965887,'SS76306998613902630860078,2026-04-13 11:21:27,'3752323855864168814,飘带齿梳发箍波浪高颅顶高颅顶宫廷编发发箍女复红色蝴蝶结发饰,,,普通订单,4.31,0,0,0,0,0,0,0,0,0,0,0,-0.03,0,0,0,0,0,0,是-商品卡免佣,0.22,义乌市衍郝电子商务商行,订单结算
2026-04-23 12:28:50,'2026042312284636832386820159,入账,0.98,聚合账户,货款结算入账,小店自卖,'6925553910703226556,'6925553910703226556,'SS76306673213712960100205,2026-04-12 19:45:47,'3812961166053999319,ins爆款卡通蓬松夹鸭嘴夹一字夹化妆发夹超萌可爱猫咪少女刘海夹,,,普通订单,0.99,0,0,0,0,0,0,0,0,0,0,0,-0.01,0,0,0,0,0,0,是-商品卡免佣,0.07,义乌市衍郝电子商务商行,订单结算
2026-04-23 12:28:50,'2026042312284703989020540159,入账,1.97,聚合账户,货款结算入账,小店自卖,'6952061085826487491,'6952061085826487491,'SS76306303792005778190043,2026-04-14 12:38:08,'3775078053496094793,可爱波点2025爆款洋气高级感米菲兔发圈大肠少女心扎马尾头绳丸子,,,普通订单,0.01,0,0,1.97,0,0,0,0,0,0,0,0,-0.01,0,0,0,0,0,0,是-商品卡免佣,0.07,义乌市衍郝电子商务商行,订单结算
2026-04-23 12:28:50,'2026042312284503196728700159,入账,3.59,聚合账户,货款结算入账,小店自卖,'6925563296601242977,'6925563296601242977,'SS76307500514632177160124,2026-04-13 15:27:41,'3799610118572736926,韩系蝴蝶结香蕉夹发夹女秋冬高级感精致后脑勺盘发马尾夹竖夹头饰,,,普通订单,3.61,0,0,0,0,0,0,0,0,0,0,0,-0.02,0,0,0,0,0,0,是-商品卡免佣,0.15,义乌市衍郝电子商务商行,订单结算
2026-04-23 12:28:50,'2026042312284417585771900159,入账,5.27,聚合账户,货款结算入账,小店自卖,'6925661956200955258,'6925661956200955258,'SS76306304866465060340040,2026-04-17 10:09:38,'3812244340491813699,新款密齿香蕉韩系法式波点蕾丝蝴蝶结后脑勺盘发发夹发卡马尾发饰,,,普通订单,0.01,0,0,5.54,0,0,0,0,0,0,0,0,-0.28,0,0,0,0,0,0,,0,义乌市衍郝电子商务商行,订单结算
2026-04-23 12:28:50,'2026042312284712673359630159,入账,2.65,聚合账户,货款结算入账,小店自卖,'6952140432758740496,'6952140432758740496,'SS76307934262965376520134,2026-04-17 00:37:27,'3784047231661900210,爆款小众合集花朵发夹侧边夹子韩版碎发刘大号在成人前额碎发夹子,,,普通订单,1.79,0.5,0,1,0,0,0,0,0,0,0,0,-0.14,0,0,0,0,0,0,,0,义乌市衍郝电子商务商行,订单结算
2026-04-23 12:28:50,'2026042312284625308208900159,入账,3.19,聚合账户,货款结算入账,小店自卖,'6952048041478854545,'6952048041478854545,'SS76307015589942605070131,2026-04-13 11:58:00,'3810919823941174195,中式复古洋气多层小蛮腰褶皱印花肥肠圈高端水墨皮筋耐用新款发圈,,,普通订单,0.01,0,0,3.2,0,0,0,0,0,0,0,0,-0.02,0,0,0,0,0,0,是-商品卡免佣,0.15,义乌市衍郝电子商务商行,订单结算
2026-04-23 12:28:50,'2026042312284619715036420159,入账,0.87,聚合账户,货款结算入账,小店自卖,'6925635362666479491,'6925635362666479491,'SS76307269239496378980087,2026-04-16 18:17:50,'3797749369206342546,豹纹大肠发圈高级小众手工韩国新款头绳编织显发量马尾丸子头发绳,,,普通订单,2.88,0,0,0,0,0,0,0,0,0,0,-2,-0.01,0,0,0,0,0,0,是-商品卡免佣,0.07,义乌市衍郝电子商务商行,订单结算
2026-04-23 12:28:50,'2026042312284522626350500159,入账,4.85,聚合账户,货款结算入账,小店自卖,'6952011762095101832,'6952011762095101832,'SS76306666279232804240118,2026-04-12 17:41:33,'3807217918840799504,新款百搭2026可爱小狗香蕉夹竖夹发夹脑勺扭扭夹高马尾抓夹高级感,,,普通订单,4.88,0,0,0,0,0,0,0,0,0,0,0,-0.03,0,0,0,0,0,0,是-商品卡免佣,0.22,义乌市衍郝电子商务商行,订单结算
2026-04-23 12:28:50,'2026042312284434419062280159,入账,4.84,聚合账户,货款结算入账,小店自卖,'6952115158286341213,'6952115158286341213,'SS76306193294538061300076,2026-04-16 12:37:07,'3811106461837295881,新款五角星发夹发扣韩国少女甜美甜酷侧边夹顶刘海前额固定卡子,,,普通订单,4.87,0,0,0,0,0,0,0,0,0,0,0,-0.03,0,0,0,0,0,0,是-商品卡免佣,0.22,义乌市衍郝电子商务商行,订单结算
2026-04-23 12:28:50,'2026042312284604040340940159,入账,17.74,聚合账户,货款结算入账,小店自卖,'6925538192562159589,'6925538192562159589,'SS76295465048783304090224,2026-04-12 16:17:43,'3771969212243902709,网红爆款羽毛抓夹女气质新款发夹后脑勺大号在成人发卡碎发夹子,,,普通订单,22.2,0.4,0,0,0,0,0,0,0,0,0,-4.36,-0.1,0,0,0,0,0,0,是-商品卡免佣,0.73,义乌市衍郝电子商务商行,订单结算
2026-04-23 12:28:50,'2026042312284535914266060159,入账,5.32,聚合账户,货款结算入账,小店自卖,'6952142382457165013,'6952142382457165013,'SS76308079447115904000045,2026-04-16 22:56:56,'3809056869209735557,蝴蝶结发带女2026新款飘带头绳大肠发圈高级感扎头发皮筋发绳发饰,,,普通订单,4.94,0.3,0,0.66,0,0,0,0,0,0,0,0,-0.28,0,0,0,0,0,0,,0,义乌市衍郝电子商务商行,订单结算
2026-04-23 12:28:50,'2026042312284504751690500159,入账,3.68,聚合账户,货款结算入账,小店自卖,'6925674221152140906,'6925674221152140906,'SS76308370459166479550118,2026-04-17 20:45:50,'3807223656816443421,多巴胺波点香蕉夹磨砂缠线缎面彩色波点马卡龙色系透明夹学生发夹,,,普通订单,3.35,0,0,0.35,0,0,0,0,0,0,0,0,-0.02,0,0,0,0,0,0,是-商品卡免佣,0.15,义乌市衍郝电子商务商行,订单结算
2026-04-23 12:28:50,'2026042312284428693140750159,入账,4.46,聚合账户,货款结算入账,小店自卖,'6925540010247421620,'6925540010247421620,'SS76306420333257034340249,2026-04-12 18:44:37,'3809625164249956608,孕妇专用防滑拖鞋女士夏季家居家室内静音浴室洗澡防臭凉拖鞋外穿,,,普通订单,0.01,0,0,4.48,0,0,0,0,0,0,0,0,-0.03,0,0,0,0,0,0,是-商品卡免佣,0.22,义乌市衍郝电子商务商行,订单结算
2026-04-23 12:28:51,'2026042312284607888243710159,入账,8.45,聚合账户,货款结算入账,巨量千川,'6925671623109475857,'6925671623109475857,'SS76306934708112757860061,2026-04-17 16:48:36,'3800198492568289686,买一送一爆款凉拖鞋男士夏季情侣2026新款家居防滑防臭厚底拖鞋女,,,普通订单,8.64,0,0,0.26,0,0,0,0,0,0,0,0,-0.45,0,0,0,0,0,0,,0,义乌市衍郝电子商务商行,订单结算
2026-04-23 12:28:51,'2026042312284401458222430159,入账,4.36,聚合账户,货款结算入账,小店自卖,'6952151544009725682,'6952151544009725682,'SS76307608662667108100187,2026-04-18 14:05:50,'3782909438948671661,满天星蝴蝶结2025网纱云朵后脑勺鲨鱼泡大号在成人前额碎发夹子,,,普通订单,1.59,0,0,3,0,0,0,0,0,0,0,0,-0.23,0,0,0,0,0,0,,0,义乌市衍郝电子商务商行,订单结算
2026-04-23 12:28:51,'2026042312284638645271540159,入账,3.7,聚合账户,货款结算入账,小店自卖,'6925670205363289823,'6925670205363289823,'SS76307867792480996240053,2026-04-17 21:51:15,'3806656594406670373,虞书欣同款发扣小金属圆圈环扣刘海前额侧边边夹发夹抓夹发卡夹子,,,普通订单,0.89,0,0,3,0,0,0,0,0,0,0,0,-0.19,0,0,0,0,0,0,,0,义乌市衍郝电子商务商行,订单结算
2026-04-23 12:28:51,'2026042312284434421519880159,入账,3.5,聚合账户,货款结算入账,小店自卖,'6952079575436891977,'6952079575436891977,'SS76306040280962992790145,2026-04-14 23:02:31,'3813158348195496156,公主发夹波点蝴蝶结夹小众香蕉2026新款发饰发卡洋气双排头花夹子,,,普通订单,0.01,0,0,3.51,0,0,0,0,0,0,0,0,-0.02,0,0,0,0,0,0,是-商品卡免佣,0.15,义乌市衍郝电子商务商行,订单结算
2026-04-23 12:28:51,'2026042312284522160512270159,入账,4.48,聚合账户,货款结算入账,小店自卖,'6925422527413845619,'6925422527413845619,'SS76306553866681103620143,2026-04-07 21:53:58,'3799023022220903050,2026新款EVA家居室内不臭脚拖鞋男士夏季踩屎感防滑洗澡凉拖女式,,,普通订单,0.01,0,0,3.52,0,0,0,0,0.98,0,0,0,-0.03,0,0,0,0,0,0,是-商品卡免佣,0.22,义乌市衍郝电子商务商行,订单结算
2026-04-23 12:28:51,'2026042312284631714020300159,入账,4.65,聚合账户,货款结算入账,小店自卖,'6925555201226014001,'6925555201226014001,'SS76307241841005737470135,2026-04-13 09:32:58,'3800198492568289686,买一送一爆款凉拖鞋男士夏季情侣2026新款家居防滑防臭厚底拖鞋女,,,普通订单,1.33,0,0,3.57,0,0,0,0,0,0,0,0,-0.25,0,0,0,0,0,0,,0,义乌市衍郝电子商务商行,订单结算
2026-04-23 12:28:51,'2026042312284600892767240159,入账,4.65,聚合账户,货款结算入账,小店自卖,'6952036895475242004,'6952036895475242004,'SS76307242170925878120159,2026-04-13 11:28:32,'3800198492568289686,买一送一爆款凉拖鞋男士夏季情侣2026新款家居防滑防臭厚底拖鞋女,,,普通订单,0.01,0,0,4.89,0,0,0,0,0,0,0,0,-0.25,0,0,0,0,0,0,,0,义乌市衍郝电子商务商行,订单结算
2026-04-23 12:28:51,'2026042312284634734740820159,入账,4.65,聚合账户,货款结算入账,小店自卖,'6952115115554509924,'6952115115554509924,'SS76307877580589143460178,2026-04-16 12:33:24,'3800198492568289686,买一送一爆款凉拖鞋男士夏季情侣2026新款家居防滑防臭厚底拖鞋女,,,普通订单,0.9,0,0,4,0,0,0,0,0,0,0,0,-0.25,0,0,0,0,0,0,,0,义乌市衍郝电子商务商行,订单结算
2026-04-23 12:28:51,'2026042312284633764684800159,入账,5.02,聚合账户,货款结算入账,小店自卖,'6952135984010958815,'6952135984010958815,'SS76308535903634273370139,2026-04-17 00:06:07,'3812244340491813699,新款密齿香蕉韩系法式波点蕾丝蝴蝶结后脑勺盘发发夹发卡马尾发饰,,,普通订单,0.38,0,0,4.67,0,0,0,0,0,0,0,0,-0.03,0,0,0,0,0,0,是-商品卡免佣,0.22,义乌市衍郝电子商务商行,订单结算
2026-04-23 12:28:51,'2026042312284522032061900159,入账,3.32,聚合账户,货款结算入账,小店自卖,'6925676350931631331,'6925676350931631331,'SS76308013010893048380146,2026-04-17 20:45:32,'3806655969480540177,米菲兔巨显发量香蕉兔子后脑勺盘发百搭少女发饰时尚可爱波点大号,,,普通订单,0.49,0,0,3,0,0,0,0,0,0,0,0,-0.17,0,0,0,0,0,0,,0,义乌市衍郝电子商务商行,订单结算
2026-04-23 12:28:51,'2026042312284716196247300159,入账,5.49,聚合账户,货款结算入账,小店自卖,'6925673554942393448,'6925673554942393448,'SS76308612186386642190230,2026-04-17 14:04:04,'3799616810156949953,绒面宽边简约高颅顶发箍秋冬网红发饰女高级感洗脸头箍发卡发带潮,,,普通订单,5.34,0,0,0.44,0,0,0,0,0,0,0,0,-0.29,0,0,0,0,0,0,,0,义乌市衍郝电子商务商行,订单结算
2026-04-23 12:28:52,'2026042312284633779266560159,入账,3.12,聚合账户,货款结算入账,小店自卖,'6952017823944349235,'6952017823944349235,'SS76306666185791083870053,2026-04-12 15:09:53,'3806655969480540177,米菲兔巨显发量香蕉兔子后脑勺盘发百搭少女发饰时尚可爱波点大号,,,普通订单,0.01,0,0,3.13,0,0,0,0,0,0,0,0,-0.02,0,0,0,0,0,0,是-商品卡免佣,0.15,义乌市衍郝电子商务商行,订单结算
2026-04-23 12:28:52,'2026042312284534130007540159,入账,3.1,聚合账户,货款结算入账,小店自卖,'6925548835023126278,'6925548835023126278,'SS76306666348642962010038,2026-04-12 19:15:13,'3809260070538182837,复古彩色多巴胺kt猫撞色AB款爱心发夹女侧边夹刘海夹发卡发饰夹子,,,普通订单,3.12,0,0,0,0,0,0,0,0,0,0,0,-0.02,0,0,0,0,0,0,是-商品卡免佣,0.15,义乌市衍郝电子商务商行,订单结算
2026-04-23 12:28:52,'2026042312284806253289420159,入账,1.89,聚合账户,货款结算入账,小店自卖,'6925626206287068941,'6925626206287068941,'SS76306388059861491600141,2026-04-15 14:05:25,'3812796426258350389,夏天简约随手盘发一字扭扭夹水钻抓夹高级发夹扭扭后脑勺盘发器,,,普通订单,0.01,0,0,1.98,0,0,0,0,0,0,0,0,-0.1,0,0,0,0,0,0,,0,义乌市衍郝电子商务商行,订单结算
2026-04-23 12:28:52,'2026042312284833418982490159,入账,4.33,聚合账户,货款结算入账,小店自卖,'6925437398928817899,'6925437398928817899,'SS76306648745621752750247,2026-04-08 07:41:00,'3621923284838440997,发饰碎发整理夹发卡夹子头饰新款爆款刘海洋气发卡发圈猴皮筋头花,,,普通订单,4.36,0,0,0,0,0,0,0,0,0,0,0,-0.03,0,0,0,0,0,0,是-商品卡免佣,0.22,义乌市衍郝电子商务商行,订单结算
2026-04-23 12:28:52,'2026042312284739176812030159,入账,3.23,聚合账户,货款结算入账,小店自卖,'6925552025462865626,'6925552025462865626,'SS76306667987489756570020,2026-04-12 22:26:30,'3809975766641410463,高级感水钻珠珠一字扭扭夹2026新款盘发抓夹后脑勺发量多发夹头饰,,,普通订单,2.45,0,0,0.8,0,0,0,0,0,0,0,0,-0.02,0,0,0,0,0,0,是-商品卡免佣,0.15,义乌市衍郝电子商务商行,订单结算
2026-04-23 12:28:52,'2026042312284807468856780159,入账,5.94,聚合账户,货款结算入账,巨量千川,'6952138521881876045,'6952138521881876045,'SS76303186093026841960164,2026-04-17 10:18:56,'3800198492568289686,买一送一爆款凉拖鞋男士夏季情侣2026新款家居防滑防臭厚底拖鞋女,,,普通订单,6.76,0,0,1.5,0,0,0,0,0,0,0,-2,-0.32,0,0,0,0,0,0,,0,义乌市衍郝电子商务商行,订单结算
2026-04-23 12:28:52,'2026042312284706424501860159,入账,5.46,聚合账户,货款结算入账,小店自卖,'6952022302926837009,'6952022302926837009,'SS76307324772580766820017,2026-04-12 15:34:52,'3806655969480540177,米菲兔巨显发量香蕉兔子后脑勺盘发百搭少女发饰时尚可爱波点大号,,,普通订单,3.49,0,0,2,0,0,0,0,0,0,0,0,-0.03,0,0,0,0,0,0,是-商品卡免佣,0.22,义乌市衍郝电子商务商行,订单结算
2026-04-23 12:28:52,'2026042312284637755172360159,入账,4.08,聚合账户,货款结算入账,小店自卖,'6952023630874285719,'6952023630874285719,'SS76307016787019412900063,2026-04-13 11:09:40,'3809975766641410463,高级感水钻珠珠一字扭扭夹2026新款盘发抓夹后脑勺发量多发夹头饰,,,普通订单,0.01,0,0,4.09,0,0,0,0,0,0,0,0,-0.02,0,0,0,0,0,0,是-商品卡免佣,0.15,义乌市衍郝电子商务商行,订单结算
2026-04-23 12:28:52,'2026042312284838336924590159,入账,12.72,聚合账户,货款结算入账,小店自卖,'6952033968763114798,'6952033968763114798,'SS76306668921901225110143,2026-04-12 22:26:33,'3810919823941174195,中式复古洋气多层小蛮腰褶皱印花肥肠圈高端水墨皮筋耐用新款发圈,,,普通订单,12.8,0,0,0,0,0,0,0,0,0,0,0,-0.08,0,0,0,0,0,0,是-商品卡免佣,0.59,义乌市衍郝电子商务商行,订单结算
2026-04-23 12:28:52,'2026042312284713354767510159,入账,4.86,聚合账户,货款结算入账,小店自卖,'6952100350101559027,'6952100350101559027,'SS76308599922636436570166,2026-04-15 13:30:13,'3811102963569655948,春夏撞色蝴蝶结发夹发卡女后脑勺2026新款气质大号盘发鸭嘴夹发饰,,,普通订单,0.01,0,0,4.88,0,0,0,0,0,0,0,0,-0.03,0,0,0,0,0,0,是-商品卡免佣,0.22,义乌市衍郝电子商务商行,订单结算
2026-04-23 12:28:52,'2026042312284706261803880159,入账,4.87,聚合账户,货款结算入账,小店自卖,'6952018415544178249,'6952018415544178249,'SS76306428989376274420037,2026-04-12 21:51:16,'3800198492568289686,买一送一爆款凉拖鞋男士夏季情侣2026新款家居防滑防臭厚底拖鞋女,,,普通订单,4.9,0,0,0,0,0,0,0,0,0,0,0,-0.03,0,0,0,0,0,0,是-商品卡免佣,0.22,义乌市衍郝电子商务商行,订单结算
2026-04-23 12:28:52,'2026042312284814219512410159,入账,4.96,聚合账户,货款结算入账,小店自卖,'6952049054383412667,'6952049054383412667,'SS76307237882204001540166,2026-04-13 22:24:41,'3809625164249956608,孕妇专用防滑拖鞋女士夏季家居家室内静音浴室洗澡防臭凉拖鞋外穿,,,普通订单,3.59,0,0,1.4,0,0,0,0,0,0,0,0,-0.03,0,0,0,0,0,0,是-商品卡免佣,0.22,义乌市衍郝电子商务商行,订单结算
2026-04-23 12:28:52,'2026042312284531343905550159,入账,3.32,聚合账户,货款结算入账,小店自卖,'6952002771113940396,'6952002771113940396,'SS76306665964338550030007,2026-04-12 16:34:56,'3806655969480540177,米菲兔巨显发量香蕉兔子后脑勺盘发百搭少女发饰时尚可爱波点大号,,,普通订单,0.01,0,0,3.48,0,0,0,0,0,0,0,0,-0.17,0,0,0,0,0,0,,0,义乌市衍郝电子商务商行,订单结算
2026-04-23 12:28:52,'2026042312284702194644740159,入账,4.46,聚合账户,货款结算入账,小店自卖,'6952024773220308546,'6952024773220308546,'SS76306420221528479120097,2026-04-12 19:33:45,'3809625164249956608,孕妇专用防滑拖鞋女士夏季家居家室内静音浴室洗澡防臭凉拖鞋外穿,,,普通订单,0.01,0,0,4.48,0,0,0,0,0,0,0,0,-0.03,0,0,0,0,0,0,是-商品卡免佣,0.22,义乌市衍郝电子商务商行,订单结算
2026-04-23 12:28:52,'2026042312284609614300560159,入账,2.46,聚合账户,货款结算入账,小店自卖,'6952151069023212709,'6952151069023212709,'SS76307525515330852190014,2026-04-18 07:52:57,'3774210871656579079,小众不规则配饰撞色女新款高级感发卡爆款大号鲨鱼夹发夹气质头饰,,,普通订单,0.01,0,0,2.46,0,0,0,0,0,0,0,0,-0.01,0,0,0,0,0,0,是-商品卡免佣,0.07,义乌市衍郝电子商务商行,订单结算
2026-04-23 12:28:52,'2026042312284820190661390159,入账,2.94,聚合账户,货款结算入账,小店自卖,'6952016647595169460,'6952016647595169460,'SS76306668756886986340070,2026-04-12 23:41:58,'3809991516328427563,可爱红色新春小狗香蕉夹发夹女2026新款高马尾扭扭夹竖夹高级感,,,普通订单,2.96,0,0,0,0,0,0,0,0,0,0,0,-0.02,0,0,0,0,0,0,是-商品卡免佣,0.15,义乌市衍郝电子商务商行,订单结算
2026-04-23 12:28:52,'2026042312284725679962000159,入账,3.16,聚合账户,货款结算入账,小店自卖,'6952166880707286460,'6952166880707286460,'SS76308170101671531920178,2026-04-18 09:04:19,'3712259868460187975,气质抓夹大号发量多2024新款爆款发夹女后脑勺鲨鱼夹高级感头饰,,,普通订单,4.01,0,0,0.31,0,0,0,0,0,0,0,-1,-0.16,0,0,0,0,0,0,,0,义乌市衍郝电子商务商行,订单结算
2026-04-23 12:28:52,'2026042312284831838216140159,入账,4.39,聚合账户,货款结算入账,小店自卖,'6925538811867070180,'6925538811867070180,'SS76306419106138196860223,2026-04-12 20:36:11,'3800198492568289686,买一送一爆款凉拖鞋男士夏季情侣2026新款家居防滑防臭厚底拖鞋女,,,普通订单,0.7,0,0,3.72,0,0,0,0,0,0,0,0,-0.03,0,0,0,0,0,0,是-商品卡免佣,0.22,义乌市衍郝电子商务商行,订单结算
2026-04-23 12:28:52,'2026042312284841339128750159,入账,2.96,聚合账户,货款结算入账,小店自卖,'6952081690873173333,'6952081690873173333,'SS76307135705529759230095,2026-04-14 23:59:39,'3771355796558971375,网红抓夹爆款2025新款高级感半扎发发夹后脑勺鲨鱼夹大号发量多,,,普通订单,2.98,0,0,0,0,0,0,0,0,0,0,0,-0.02,0,0,0,0,0,0,是-商品卡免佣,0.15,义乌市衍郝电子商务商行,订单结算
2026-04-23 12:28:52,'2026042312284620470666620159,入账,3.47,聚合账户,货款结算入账,小店自卖,'6925577427043319591,'6925577427043319591,'SS76305057210675371920054,2026-04-13 20:32:19,'3806655969480540177,米菲兔巨显发量香蕉兔子后脑勺盘发百搭少女发饰时尚可爱波点大号,,,普通订单,0.01,0,0,3.48,0,0,0,0,0,0,0,0,-0.02,0,0,0,0,0,0,是-商品卡免佣,0.15,义乌市衍郝电子商务商行,订单结算
2026-04-23 12:28:52,'2026042312284815818265960159,入账,4.46,聚合账户,货款结算入账,小店自卖,'6952018477596022725,'6952018477596022725,'SS76306415296209761800011,2026-04-12 21:59:17,'3809625164249956608,孕妇专用防滑拖鞋女士夏季家居家室内静音浴室洗澡防臭凉拖鞋外穿,,,普通订单,0.01,0,0,4.48,0,0,0,0,0,0,0,0,-0.03,0,0,0,0,0,0,是-商品卡免佣,0.22,义乌市衍郝电子商务商行,订单结算
2026-04-23 12:28:52,'2026042312284740270400260159,入账,6.14,聚合账户,货款结算入账,小店自卖,'6952038970001397260,'6952038970001397260,'SS76307015225440013210050,2026-04-13 08:51:43,'3797749369206342546,豹纹大肠发圈高级小众手工韩国新款头绳编织显发量马尾丸子头发绳,,,普通订单,6.18,0,0,0,0,0,0,0,0,0,0,0,-0.04,0,0,0,0,0,0,是-商品卡免佣,0.29,义乌市衍郝电子商务商行,订单结算
2026-04-23 12:28:52,'2026042312284734882565620159,入账,4.87,聚合账户,货款结算入账,小店自卖,'6952156791140914411,'6952156791140914411,'SS76305067222900088670148,2026-04-17 14:22:20,'3800198492568289686,买一送一爆款凉拖鞋男士夏季情侣2026新款家居防滑防臭厚底拖鞋女,,,普通订单,4.9,0,0,0,0,0,0,0,0,0,0,0,-0.03,0,0,0,0,0,0,是-商品卡免佣,0.22,义乌市衍郝电子商务商行,订单结算
2026-04-23 12:28:52,'2026042312284720232112790159,入账,6.37,聚合账户,货款结算入账,小店自卖,'6952010035053729609,'6952010035053729609,'SS76306668152196631040031,2026-04-13 01:49:41,'3752323576548688241,中国风孔雀盘发器女生古典旗袍发饰丸子懒人高级感饰品优雅发夹女,,,普通订单,6.41,0,0,0,0,0,0,0,0,0,0,0,-0.04,0,0,0,0,0,0,是-商品卡免佣,0.29,义乌市衍郝电子商务商行,订单结算
2026-04-23 12:28:52,'2026042312284636878095460159,入账,3.05,聚合账户,货款结算入账,小店自卖,'6952022699561719586,'6952022699561719586,'SS76306665838411287550148,2026-04-12 20:28:11,'3806655969480540177,米菲兔巨显发量香蕉兔子后脑勺盘发百搭少女发饰时尚可爱波点大号,,,普通订单,0.01,0,0,3.06,0,0,0,0,0,0,0,0,-0.02,0,0,0,0,0,0,是-商品卡免佣,0.15,义乌市衍郝电子商务商行,订单结算
2026-04-23 12:28:52,'2026042312284622871946670159,入账,4.96,聚合账户,货款结算入账,小店自卖,'6951877522438952493,'6951877522438952493,'SS76306553402085381750149,2026-04-07 19:59:18,'3809625164249956608,孕妇专用防滑拖鞋女士夏季家居家室内静音浴室洗澡防臭凉拖鞋外穿,,,普通订单,4.99,0,0,0,0,0,0,0,0,0,0,0,-0.03,0,0,0,0,0,0,是-商品卡免佣,0.22,义乌市衍郝电子商务商行,订单结算
2026-04-23 12:28:53,'2026042312284632319780190159,入账,3.36,聚合账户,货款结算入账,小店自卖,'6952018632712394174,'6952018632712394174,'SS76306607723396798070065,2026-04-12 23:16:57,'3812796426258350389,夏天简约随手盘发一字扭扭夹水钻抓夹高级发夹扭扭后脑勺盘发器,,,普通订单,3.38,0,0,0,0,0,0,0,0,0,0,0,-0.02,0,0,0,0,0,0,是-商品卡免佣,0.15,义乌市衍郝电子商务商行,订单结算
2026-04-23 12:28:53,'2026042312284740648220580159,入账,6.37,聚合账户,货款结算入账,小店自卖,'6952052861022050182,'6952052861022050182,'SS76306810184642074030013,2026-04-13 14:17:04,'3752323576548688241,中国风孔雀盘发器女生古典旗袍发饰丸子懒人高级感饰品优雅发夹女,,,普通订单,0.01,0,0,6.4,0,0,0,0,0,0,0,0,-0.04,0,0,0,0,0,0,是-商品卡免佣,0.29,义乌市衍郝电子商务商行,订单结算
2026-04-23 12:28:53,'2026042312284830709069260159,入账,3.47,聚合账户,货款结算入账,小店自卖,'6925554832389471468,'6925554832389471468,'SS76306665366462308360152,2026-04-13 03:01:40,'3806655969480540177,米菲兔巨显发量香蕉兔子后脑勺盘发百搭少女发饰时尚可爱波点大号,,,普通订单,3.49,0,0,0,0,0,0,0,0,0,0,0,-0.02,0,0,0,0,0,0,是-商品卡免佣,0.15,义乌市衍郝电子商务商行,订单结算
2026-04-23 12:28:53,'2026042312284722021903460159,入账,2.96,聚合账户,货款结算入账,小店自卖,'6925536336218979509,'6925536336218979509,'SS76306779700431590500215,2026-04-12 17:19:16,'3812240028327870813,粉色双面蝴蝶结香蕉夹竖夹超温柔!气质高马尾发夹后脑勺发夹发饰,,,普通订单,2.98,0,0,0,0,0,0,0,0,0,0,0,-0.02,0,0,0,0,0,0,是-商品卡免佣,0.15,义乌市衍郝电子商务商行,订单结算
2026-04-23 12:28:53,'2026042312284731797086980159,入账,3.57,聚合账户,货款结算入账,小店自卖,'6952027592711935888,'6952027592711935888,'SS76306668280122619140117,2026-04-12 22:42:35,'3783256105019375870,赵露思同款缎面超大大肠发圈韩系皮筋女扎头发绳黑色高级大肠发圈,,,普通订单,3.59,0,0,0,0,0,0,0,0,0,0,0,-0.02,0,0,0,0,0,0,是-商品卡免佣,0.15,义乌市衍郝电子商务商行,订单结算
2026-04-23 12:28:53,'2026042312284631778412030159,入账,4.96,聚合账户,货款结算入账,小店自卖,'6925551831300931220,'6925551831300931220,'SS76306416349656069270082,2026-04-12 21:37:39,'3799223154979766395,印花小熊防滑防臭抑菌拖鞋女士2026新款夏季浴室情侣家用凉拖男士,,,普通订单,4.99,0,0,0,0,0,0,0,0,0,0,0,-0.03,0,0,0,0,0,0,是-商品卡免佣,0.22,义乌市衍郝电子商务商行,订单结算
2026-04-23 12:28:53,'2026042312284838474058670159,入账,4.74,聚合账户,货款结算入账,小店自卖,'6925555381011840642,'6925555381011840642,'SS76306416691128568780156,2026-04-12 18:23:24,'3809625164249956608,孕妇专用防滑拖鞋女士夏季家居家室内静音浴室洗澡防臭凉拖鞋外穿,,,普通订单,3.5,0,0,1.49,0,0,0,0,0,0,0,0,-0.25,0,0,0,0,0,0,,0,义乌市衍郝电子商务商行,订单结算
2026-04-23 12:28:53,'2026042312284830077913690159,入账,6.03,聚合账户,货款结算入账,小店自卖,'6925571636692155782,'6925571636692155782,'SS76308561886744089980083,2026-04-14 00:52:21,'3810919823941174195,中式复古洋气多层小蛮腰褶皱印花肥肠圈高端水墨皮筋耐用新款发圈,,,普通订单,6.35,0,0,0,0,0,0,0,0,0,0,0,-0.32,0,0,0,0,0,0,,0,义乌市衍郝电子商务商行,订单结算
2026-04-23 12:28:53,'2026042312284634274391440159,入账,8.85,聚合账户,货款结算入账,小店自卖,'6952000539699844117,'6952000539699844117,'SS76306424659643315540229,2026-04-12 20:33:56,'3800198492568289686,买一送一爆款凉拖鞋男士夏季情侣2026新款家居防滑防臭厚底拖鞋女,,,普通订单,8.9,0,0,0,0,0,0,0,0,0,0,0,-0.05,0,0,0,0,0,0,是-商品卡免佣,0.37,义乌市衍郝电子商务商行,订单结算
2026-04-23 12:28:53,'2026042312284726939438340159,入账,3.43,聚合账户,货款结算入账,小店自卖,'6925678172950920757,'6925678172950920757,'SS76308160410395773980205,2026-04-17 16:33:04,'3812600792603558021,可爱小猪小黄鸡发圈萌系扎发神器黑色发绳马尾扎头发皮筋学生头饰,,,普通订单,3.45,0,0,0,0,0,0,0,0,0,0,0,-0.02,0,0,0,0,0,0,是-商品卡免佣,0.15,义乌市衍郝电子商务商行,订单结算
2026-04-23 12:28:53,'2026042312284720642373220159,入账,2.96,聚合账户,货款结算入账,小店自卖,'6952027243982100107,'6952027243982100107,'SS76306665981975598350129,2026-04-12 20:03:06,'3807217918840799504,新款百搭2026可爱小狗香蕉夹竖夹发夹脑勺扭扭夹高马尾抓夹高级感,,,普通订单,2.98,0,0,0,0,0,0,0,0,0,0,0,-0.02,0,0,0,0,0,0,是-商品卡免佣,0.15,义乌市衍郝电子商务商行,订单结算
2026-04-23 12:28:53,'2026042312284707004697980159,入账,7.55,聚合账户,货款结算入账,小店自卖,'6925662911651019804,'6925662911650954268,'SS76307723694720945050214,2026-04-17 16:57:14,'3813158348195496156,公主发夹波点蝴蝶结夹小众香蕉2026新款发饰发卡洋气双排头花夹子,,,普通订单,7.6,0,0,0,0,0,0,0,0,0,0,0,-0.05,0,0,0,0,0,0,是-商品卡免佣,0.37,义乌市衍郝电子商务商行,订单结算
2026-04-23 12:28:53,'2026042312284804049515620159,入账,2.24,聚合账户,货款结算入账,小店自卖,'6925560664260509658,'6925560664260509658,'SS76306668206264530430118,2026-04-13 00:19:19,'3809975766641410463,高级感水钻珠珠一字扭扭夹2026新款盘发抓夹后脑勺发量多发夹头饰,,,普通订单,2.25,0,0,0,0,0,0,0,0,0,0,0,-0.01,0,0,0,0,0,0,是-商品卡免佣,0.07,义乌市衍郝电子商务商行,订单结算
2026-04-23 12:28:53,'2026042312284912374840820159,入账,3.36,聚合账户,货款结算入账,小店自卖,'6925659805842636077,'6925659805842636077,'SS76305951697465021980074,2026-04-17 02:31:59,'3812796426258350389,夏天简约随手盘发一字扭扭夹水钻抓夹高级发夹扭扭后脑勺盘发器,,,普通订单,3.38,0,0,0,0,0,0,0,0,0,0,0,-0.02,0,0,0,0,0,0,是-商品卡免佣,0.15,义乌市衍郝电子商务商行,订单结算
2026-04-23 12:28:53,'2026042312284903076922980159,入账,2.2,聚合账户,货款结算入账,小店自卖,'6925538216417983885,'6925538216417983885,'SS76307326782410099460169,2026-04-12 16:20:09,'3812240028327870813,粉色双面蝴蝶结香蕉夹竖夹超温柔!气质高马尾发夹后脑勺发夹发饰,,,普通订单,2.21,0,0,0,0,0,0,0,0,0,0,0,-0.01,0,0,0,0,0,0,是-商品卡免佣,0.07,义乌市衍郝电子商务商行,订单结算
2026-04-23 12:28:53,'2026042312284625098002190159,入账,5.42,聚合账户,货款结算入账,小店自卖,'6952167071401645591,'6952167071401645591,'SS76308016456100255120020,2026-04-18 11:05:00,'3813150520667930781,超大蓝色花边褶皱大肠发圈发绳皮筋头饰头绳发饰马尾丸子头发头花,,,普通订单,5.45,0,0,0,0,0,0,0,0,0,0,0,-0.03,0,0,0,0,0,0,是-商品卡免佣,0.22,义乌市衍郝电子商务商行,订单结算
2026-04-23 12:28:53,'2026042312284638172431460159,入账,3.36,聚合账户,货款结算入账,小店自卖,'6951791789130192169,'6951791789130192169,'SS76307231360984686580068,2026-04-03 12:29:44,'3807587822832058442,2025新款夏天珍珠百搭一字夹后脑勺高级感扭扭夹大号发量多发卡,,,普通订单,3.38,0,0,0,0,0,0,0,0,0,0,0,-0.02,0,0,0,0,0,0,是-商品卡免佣,0.15,义乌市衍郝电子商务商行,订单结算
2026-04-23 12:29:03,'2026042312285901120875900159,入账,5.75,聚合账户,货款结算入账,小店自卖,'6952146499147339133,'6952146499147011453,'SS76307270917272374020108,2026-04-18 09:41:43,'3776807804489302292,豹纹ins爱心女一字夹高端碎发发夹女款2026新款网红爆款,,,普通订单,5.78,0,0,0,0,0,0,0,0,0,0,0,-0.03,0,0,0,0,0,0,是-商品卡免佣,0.22,义乌市衍郝电子商务商行,订单结算
2026-04-23 12:29:17,'2026042312291312846205800159,入账,5.26,聚合账户,货款结算入账,小店自卖,'6925676160027557069,'6925676160027557069,'SS76308094637545229340185,2026-04-17 19:24:36,'3809625164249956608,孕妇专用防滑拖鞋女士夏季家居家室内静音浴室洗澡防臭凉拖鞋外穿,,,普通订单,0.29,0,0,5,0,0,0,0,0,0,0,0,-0.03,0,0,0,0,0,0,是-商品卡免佣,0.22,义乌市衍郝电子商务商行,订单结算
2026-04-23 12:29:19,'2026042312291330101181780159,入账,5.07,聚合账户,货款结算入账,小店自卖,'6952034362605639376,'6952034362605639376,'SS76306669056530844790018,2026-04-13 07:12:25,'3776807804489302292,豹纹ins爱心发夹女一字夹高端碎发前额刘大号在成人前额碎发夹子,,,普通订单,5.1,0,0,0,0,0,0,0,0,0,0,0,-0.03,0,0,0,0,0,0,是-商品卡免佣,0.22,义乌市衍郝电子商务商行,订单结算
2026-04-23 12:29:31,'2026042312292420557826940159,入账,2.89,聚合账户,货款结算入账,小店自卖,'6925625375684328844,'6925625375684328844,'SS76307570450205576190067,2026-04-15 22:12:25,'3808680838397296933,许我耀眼赵露思同款简约蝴蝶结抓夹女高级感鲨鱼夹大号发量多头饰,,,普通订单,2.91,0,0,0,0,0,0,0,0,0,0,0,-0.02,0,0,0,0,0,0,是-商品卡免佣,0.15,义乌市衍郝电子商务商行,订单结算
2026-04-23 12:29:38,'2026042312293232866312060159,入账,2.84,聚合账户,货款结算入账,小店自卖,'6925549584085449843,'6925549584085449843,'SS76306681429228429060240,2026-04-12 23:53:08,'3811102963569655948,春夏撞色蝴蝶结发夹发卡女后脑勺2026新款气质大号盘发鸭嘴夹发饰,,,普通订单,0.01,0,0,2.98,0,0,0,0,0,0,0,0,-0.15,0,0,0,0,0,0,,0,义乌市衍郝电子商务商行,订单结算
2026-04-23 12:30:09,'2026042312300533054561370159,入账,3.71,聚合账户,货款结算入账,小店自卖,'6925669852938665367,'6925669852938665367,'SS76308180581263281270084,2026-04-17 18:50:35,'3813158348195496156,公主发夹波点蝴蝶结夹小众香蕉2026新款发饰发卡洋气双排头花夹子,,,普通订单,2.91,0,0,1,0,0,0,0,0,0,0,0,-0.2,0,0,0,0,0,0,,0,义乌市衍郝电子商务商行,订单结算
2026-04-23 12:30:12,'2026042312300605215237180159,出账,1,聚合账户,小额打款,,'6952127133837497503,'6952127133837497503,,,,,,,普通订单,0,0,0,0,0,0,0,0,0,0,0,0,0,0,0,0,0,0,0,,0,义乌市衍郝电子商务商行,商家向消费者小额打款-“其他”
2026-04-23 12:30:32,'2026042312302734647744340159,入账,3.48,聚合账户,货款结算入账,小店自卖,'6952038810579047791,'6952038810579047791,'SS76307042039519972360148,2026-04-13 06:53:57,'3806656594406670373,虞书欣同款发扣小金属圆圈环扣刘海前额侧边边夹发夹抓夹发卡夹子,,,普通订单,0.01,0,0,3.49,0,0,0,0,0,0,0,0,-0.02,0,0,0,0,0,0,是-商品卡免佣,0.15,义乌市衍郝电子商务商行,订单结算
2026-04-23 12:30:37,'2026042312303137225477220159,入账,4.74,聚合账户,货款结算入账,小店自卖,'6952084872324387966,'6952084872324387966,'SS76306996415218813820044,2026-04-15 13:22:58,'3777378186900406322,卡通小熊毛绒侧边夹女大号刘海发夹可爱发卡儿童碎发鸭嘴夹子头,,,普通订单,4.99,0,0,0,0,0,0,0,0,0,0,0,-0.25,0,0,0,0,0,0,,0,义乌市衍郝电子商务商行,订单结算
2026-04-23 12:30:40,'2026042312303621568397260159,入账,3.49,聚合账户,货款结算入账,小店自卖,'6952139464620905639,'6952139464620905639,'SS76307697620667929600200,2026-04-17 22:35:14,'3811861106843059086,山茶花朵7cm小抓夹花朵抓夹玫瑰花森女小清新夏季花抓夹森系干枯,,,普通订单,3.51,0,0,0,0,0,0,0,0,0,0,0,-0.02,0,0,0,0,0,0,是-商品卡免佣,0.15,义乌市衍郝电子商务商行,订单结算
2026-04-23 12:30:49,'2026042312304504213683610159,入账,4.77,聚合账户,货款结算入账,小店自卖,'6925659256354405901,'6925659256354405901,'SS76306356680335365550225,2026-04-16 21:27:56,'3812240028327870813,粉色双面蝴蝶结香蕉夹竖夹超温柔!气质高马尾发夹后脑勺发夹发饰,,,普通订单,0.01,0,0,4.79,0,0,0,0,0,0,0,0,-0.03,0,0,0,0,0,0,是-商品卡免佣,0.22,义乌市衍郝电子商务商行,订单结算
2026-04-23 12:30:53,'2026042312304903403945230159,入账,4.87,聚合账户,货款结算入账,小店自卖,'6952009194635139028,'6952009194635139028,'SS76306426413946473110019,2026-04-12 16:38:51,'3800198492568289686,买一送一爆款凉拖鞋男士夏季情侣2026新款家居防滑防臭厚底拖鞋女,,,普通订单,2.9,0,0,2,0,0,0,0,0,0,0,0,-0.03,0,0,0,0,0,0,是-商品卡免佣,0.22,义乌市衍郝电子商务商行,订单结算
2026-04-23 12:30:53,'2026042312304732073489920159,入账,4.74,聚合账户,货款结算入账,小店自卖,'6952088193569462053,'6952088193569462053,'SS76308505106516544190161,2026-04-14 19:17:50,'3809625164249956608,孕妇专用防滑拖鞋女士夏季家居家室内静音浴室洗澡防臭凉拖鞋外穿,,,普通订单,0.01,0,0,4.98,0,0,0,0,0,0,0,0,-0.25,0,0,0,0,0,0,,0,义乌市衍郝电子商务商行,订单结算
2026-04-23 12:31:04,'2026042312305825472701800159,入账,4.74,聚合账户,货款结算入账,小店自卖,'6951881570232702921,'6951881570232702921,'SS76306552725756485550200,2026-04-07 19:19:19,'3799023022220903050,2026新款EVA家居室内不臭脚拖鞋男士夏季踩屎感防滑洗澡凉拖女式,,,普通订单,1.99,0,0,3,0,0,0,0,0,0,0,0,-0.25,0,0,0,0,0,0,,0,义乌市衍郝电子商务商行,订单结算
2026-04-23 12:31:09,'2026042312310414521966510159,入账,8.85,聚合账户,货款结算入账,小店自卖,'6925659100720234101,'6925659100720234101,'SS76308046110578941440109,2026-04-17 17:55:50,'3800198492568289686,买一送一爆款凉拖鞋男士夏季情侣2026新款家居防滑防臭厚底拖鞋女,,,普通订单,8.9,0,0,0,0,0,0,0,0,0,0,0,-0.05,0,0,0,0,0,0,是-商品卡免佣,0.37,义乌市衍郝电子商务商行,订单结算
2026-04-23 12:31:25,'2026042312311736881047460159,入账,2.92,聚合账户,货款结算入账,小店自卖,'6952136702114927800,'6952136702114927800,'SS76307807919216276540180,2026-04-17 14:04:38,'3813152773302780175,柔软泡泡纱韩国粉色碎花大肠发圈超大号高级仙气丸子慵懒头绳发饰,,,普通订单,0.94,0,0,2,0,0,0,0,0,0,0,0,-0.02,0,0,0,0,0,0,是-商品卡免佣,0.15,义乌市衍郝电子商务商行,订单结算
2026-04-23 12:32:15,'2026042312320820477220180159,入账,2.83,聚合账户,货款结算入账,小店自卖,'6952090861479401114,'6952090861479401114,'SS76306906132245880660123,2026-04-15 07:53:46,'3812240028327870813,粉色双面蝴蝶结香蕉夹竖夹超温柔!气质高马尾发夹后脑勺发夹发饰,,,普通订单,0.01,0,0,2.97,0,0,0,0,0,0,0,0,-0.15,0,0,0,0,0,0,,0,义乌市衍郝电子商务商行,订单结算
2026-04-23 12:32:29,'2026042312322606882596110159,入账,4.96,聚合账户,货款结算入账,小店自卖,'6952013897784038475,'6952013897784038475,'SS76306421039580290970142,2026-04-12 19:45:10,'3809625164249956608,孕妇专用防滑拖鞋女士夏季家居家室内静音浴室洗澡防臭凉拖鞋外穿,,,普通订单,4.99,0,0,0,0,0,0,0,0,0,0,0,-0.03,0,0,0,0,0,0,是-商品卡免佣,0.22,义乌市衍郝电子商务商行,订单结算
2026-04-23 12:33:07,'2026042312325814318149550159,入账,4.96,聚合账户,货款结算入账,小店自卖,'6952041349363078910,'6952041349363078910,'SS76307241446669399560203,2026-04-13 11:45:06,'3809625164249956608,孕妇专用防滑拖鞋女士夏季家居家室内静音浴室洗澡防臭凉拖鞋外穿,,,普通订单,4.99,0,0,0,0,0,0,0,0,0,0,0,-0.03,0,0,0,0,0,0,是-商品卡免佣,0.22,义乌市衍郝电子商务商行,订单结算
2026-04-23 12:33:30,'2026042312332418067993860159,入账,4.96,聚合账户,货款结算入账,小店自卖,'6952170619561317930,'6952170619561317930,'SS76307700960715740160013,2026-04-18 00:23:24,'3800204625789977042,儿童拖鞋男童夏季外穿2025新款室内家居浴室亲子中大童小孩凉拖男,,,普通订单,4.99,0,0,0,0,0,0,0,0,0,0,0,-0.03,0,0,0,0,0,0,是-商品卡免佣,0.22,义乌市衍郝电子商务商行,订单结算
2026-04-23 12:33:41,'2026042312333500089137050159,入账,5.65,聚合账户,货款结算入账,小店自卖,'6952086327002993746,'6952086327002993746,'SS76307148829250527060039,2026-04-15 00:36:56,'3812796426258350389,夏天简约随手盘发一字扭扭夹水钻抓夹高级发夹扭扭后脑勺盘发器,,,普通订单,5.68,0,0,0,0,0,0,0,0,0,0,0,-0.03,0,0,0,0,0,0,是-商品卡免佣,0.22,义乌市衍郝电子商务商行,订单结算
2026-04-23 12:34:41,'2026042312343414247081320159,入账,3.47,聚合账户,货款结算入账,小店自卖,'6925539905675557937,'6925539905675557937,'SS76306664972060144990120,2026-04-12 17:42:44,'3806655969480540177,米菲兔巨显发量香蕉兔子后脑勺盘发百搭少女发饰时尚可爱波点大号,,,普通订单,0.01,0,0,3.48,0,0,0,0,0,0,0,0,-0.02,0,0,0,0,0,0,是-商品卡免佣,0.15,义乌市衍郝电子商务商行,订单结算
2026-04-23 12:35:01,'2026042312345521727976960159,入账,2.66,聚合账户,货款结算入账,小店自卖,'6925541999431548396,'6925541999431548396,'SS76306666331255775260021,2026-04-12 17:20:34,'3812240028327870813,粉色双面蝴蝶结香蕉夹竖夹超温柔!气质高马尾发夹后脑勺发夹发饰,,,普通订单,0.01,0,0,2.67,0,0,0,0,0,0,0,0,-0.02,0,0,0,0,0,0,是-商品卡免佣,0.15,义乌市衍郝电子商务商行,订单结算
2026-04-23 12:35:15,'2026042312350731257562000159,入账,3.93,聚合账户,货款结算入账,小店自卖,'6925667872385761026,'6925667872385761026,'SS76308432916300931020153,2026-04-17 23:54:14,'3812961166053999319,ins爆款卡通蓬松夹鸭嘴夹一字夹化妆发夹超萌可爱猫咪少女刘海夹,,,普通订单,0.01,0,0,3.94,0,0,0,0,0,0,0,0,-0.02,0,0,0,0,0,0,是-商品卡免佣,0.15,义乌市衍郝电子商务商行,订单结算
2026-04-23 12:35:32,'2026042312352630591224470159,入账,8.85,聚合账户,货款结算入账,小店自卖,'6925553703219592319,'6925553703219592319,'SS76306428584201754020160,2026-04-12 18:05:20,'3800198492568289686,买一送一爆款凉拖鞋男士夏季情侣2026新款家居防滑防臭厚底拖鞋女,,,普通订单,8.3,0,0,0.6,0,0,0,0,0,0,0,0,-0.05,0,0,0,0,0,0,是-商品卡免佣,0.37,义乌市衍郝电子商务商行,订单结算
2026-04-23 12:36:07,'2026042312360020486927870159,入账,2.2,聚合账户,货款结算入账,小店自卖,'6952017132994500136,'6952017132994500136,'SS76307428572924807770214,2026-04-13 10:13:56,'3812240028327870813,粉色双面蝴蝶结香蕉夹竖夹超温柔!气质高马尾发夹后脑勺发夹发饰,,,普通订单,0.01,0,0,2.2,0,0,0,0,0,0,0,0,-0.01,0,0,0,0,0,0,是-商品卡免佣,0.07,义乌市衍郝电子商务商行,订单结算
2026-04-23 12:36:15,'2026042312360838866170940159,入账,2.96,聚合账户,货款结算入账,小店自卖,'6925679366700629271,'6925679366700629271,'SS76308388849648276540089,2026-04-18 07:25:14,'3812240028327870813,粉色双面蝴蝶结香蕉夹竖夹超温柔!气质高马尾发夹后脑勺发夹发饰,,,普通订单,0.01,0,0,2.97,0,0,0,0,0,0,0,0,-0.02,0,0,0,0,0,0,是-商品卡免佣,0.15,义乌市衍郝电子商务商行,订单结算
2026-04-23 12:36:42,'2026042312363704410247870159,出账,2,聚合账户,小额打款,,'6952160013620745295,'6952160013620745295,,,,,,,普通订单,0,0,0,0,0,0,0,0,0,0,0,0,0,0,0,0,0,0,0,,0,义乌市衍郝电子商务商行,商家向消费者小额打款-“其他”
2026-04-23 12:37:10,'2026042312370506004411300159,入账,5.32,聚合账户,货款结算入账,小店自卖,'6925567654764117964,'6925567654764117964,'SS76307411399304156680243,2026-04-13 14:49:22,'3810919823941174195,中式复古洋气多层小蛮腰褶皱印花肥肠圈高端水墨皮筋耐用新款发圈,,,普通订单,0.35,0,0,5,0,0,0,0,0,0,0,0,-0.03,0,0,0,0,0,0,是-商品卡免佣,0.22,义乌市衍郝电子商务商行,订单结算
2026-04-23 12:38:16,'2026042312380813515658590159,入账,6.64,聚合账户,货款结算入账,小店自卖,'6952067820119069852,'6952067820118742172,'SS76306457599441799770090,2026-04-14 14:17:14,'3812796426258350389,夏天简约随手盘发一字扭扭夹水钻抓夹高级发夹扭扭后脑勺盘发器,,,普通订单,6.68,0,0,0,0,0,0,0,0,0,0,0,-0.04,0,0,0,0,0,0,是-商品卡免佣,0.29,义乌市衍郝电子商务商行,订单结算
2026-04-23 12:38:30,'2026042312382139626839440159,入账,8.45,聚合账户,货款结算入账,巨量千川,'6925685922572041428,'6925685922572041428,'SS76307918514147003310053,2026-04-18 11:47:49,'3800198492568289686,买一送一爆款凉拖鞋男士夏季情侣2026新款家居防滑防臭厚底拖鞋女,,,普通订单,5.72,0,0,3.18,0,0,0,0,0,0,0,0,-0.45,0,0,0,0,0,0,,0,义乌市衍郝电子商务商行,订单结算
2026-04-23 12:39:05,'2026042312385909361170270159,入账,6.94,聚合账户,货款结算入账,小店自卖,'6925671332453579955,'6925671332453579955,'SS76308100953116679870112,2026-04-17 14:02:58,'3806655969480540177,米菲兔巨显发量香蕉兔子后脑勺盘发百搭少女发饰时尚可爱波点大号,,,普通订单,6.98,0,0,0,0,0,0,0,0,0,0,0,-0.04,0,0,0,0,0,0,是-商品卡免佣,0.29,义乌市衍郝电子商务商行,订单结算
2026-04-23 12:39:12,'2026042312390417123784100159,入账,4.74,聚合账户,货款结算入账,小店自卖,'6925539690401266810,'6925539690401266810,'SS76306672173649928080074,2026-04-12 15:53:32,'3809625164249956608,孕妇专用防滑拖鞋女士夏季家居家室内静音浴室洗澡防臭凉拖鞋外穿,,,普通订单,3.99,0,0,1,0,0,0,0,0,0,0,0,-0.25,0,0,0,0,0,0,,0,义乌市衍郝电子商务商行,订单结算
2026-04-23 12:39:19,'2026042312391314682688460159,入账,4.74,聚合账户,货款结算入账,小店自卖,'6925540482301787882,'6925540482301787882,'SS76306428077793613060219,2026-04-12 21:42:55,'3809625164249956608,孕妇专用防滑拖鞋女士夏季家居家室内静音浴室洗澡防臭凉拖鞋外穿,,,普通订单,1.4,0,0,3.59,0,0,0,0,0,0,0,0,-0.25,0,0,0,0,0,0,,0,义乌市衍郝电子商务商行,订单结算
2026-04-23 12:39:21,'2026042312391614514796030159,入账,3.2,聚合账户,货款结算入账,小店自卖,'6925545843961790002,'6925545843961790002,'SS76306997143103081460121,2026-04-13 10:11:26,'3757532817953784124,法式褶皱气质布艺抓夹大号复古黑色后脑大号在成人大号毛绒鲨鱼,,,普通订单,0.08,0,0,3.29,0,0,0,0,0,0,0,0,-0.17,0,0,0,0,0,0,,0,义乌市衍郝电子商务商行,订单结算
2026-04-23 12:39:50,'2026042312394419554964570159,入账,2.61,聚合账户,货款结算入账,小店自卖,'6952023558779901517,'6952023558779901517,'SS76307428575407480860007,2026-04-13 10:26:20,'3809980984917622883,韩系高马尾香蕉夹竖夹女2026新款高级感发夹后脑勺大发量发饰头饰,,,普通订单,0.63,0,0,2,0,0,0,0,0,0,0,0,-0.02,0,0,0,0,0,0,是-商品卡免佣,0.15,义乌市衍郝电子商务商行,订单结算
2026-04-23 12:40:05,'2026042312395737693361270159,入账,7.75,聚合账户,货款结算入账,小店自卖,'6952007374390891774,'6952007374390891774,'SS76306666572125478940186,2026-04-12 20:39:41,'3812240028327870813,粉色双面蝴蝶结香蕉夹竖夹超温柔!气质高马尾发夹后脑勺发夹发饰,,,普通订单,7.8,0,0,0,0,0,0,0,0,0,0,0,-0.05,0,0,0,0,0,0,是-商品卡免佣,0.37,义乌市衍郝电子商务商行,订单结算
2026-04-23 12:40:17,'2026042312401203819604860159,入账,3.47,聚合账户,货款结算入账,小店自卖,'6925534010784251373,'6925534010784251373,'SS76306665109227443460231,2026-04-12 17:29:30,'3806655969480540177,米菲兔巨显发量香蕉兔子后脑勺盘发百搭少女发饰时尚可爱波点大号,,,普通订单,0.01,0,0,3.48,0,0,0,0,0,0,0,0,-0.02,0,0,0,0,0,0,是-商品卡免佣,0.15,义乌市衍郝电子商务商行,订单结算
2026-04-23 12:40:26,'2026042312401937506258440159,入账,3.39,聚合账户,货款结算入账,小店自卖,'6952155205451584922,'6952155205451584922,'SS76307766290525068950006,2026-04-17 19:54:30,'3800198492568289686,买一送一爆款凉拖鞋男士夏季情侣2026新款家居防滑防臭厚底拖鞋女,,,普通订单,0.01,0,0,3.4,0,0,0,0,0,0,0,0,-0.02,0,0,0,0,0,0,是-商品卡免佣,0.15,义乌市衍郝电子商务商行,订单结算
2026-04-23 12:41:41,'2026042312413717467482230159,出账,1,聚合账户,小额打款,,'6925648764436774585,'6925648764436774585,,,,,,,普通订单,0,0,0,0,0,0,0,0,0,0,0,0,0,0,0,0,0,0,0,,0,义乌市衍郝电子商务商行,商家向消费者小额打款-“其他”
2026-04-23 12:41:59,'2026042312415321401605640159,出账,2,聚合账户,小额打款,,'6952148184292136516,'6952148184292136516,,,,,,,普通订单,0,0,0,0,0,0,0,0,0,0,0,0,0,0,0,0,0,0,0,,0,义乌市衍郝电子商务商行,商家向消费者小额打款-“其他”
2026-04-23 12:42:06,'2026042312420138355809340159,入账,8.85,聚合账户,货款结算入账,小店自卖,'6952146261418644561,'6952146261418644561,'SS76307695044232197480175,2026-04-18 06:06:19,'3800198492568289686,买一送一爆款凉拖鞋男士夏季情侣2026新款家居防滑防臭厚底拖鞋女,,,普通订单,8.9,0,0,0,0,0,0,0,0,0,0,0,-0.05,0,0,0,0,0,0,是-商品卡免佣,0.37,义乌市衍郝电子商务商行,订单结算
2026-04-23 12:42:11,'2026042312420734232737740159,入账,5.22,聚合账户,货款结算入账,小店自卖,'6925562071068409290,'6925562071068409290,'SS76307406374025508340192,2026-04-13 14:58:49,'3807576505576456267,可爱蝴蝶结小猫无痕刘海魔术发饰少女前额星星kt侧边发贴整理神器,,,普通订单,5.25,0,0,0,0,0,0,0,0,0,0,0,-0.03,0,0,0,0,0,0,是-商品卡免佣,0.22,义乌市衍郝电子商务商行,订单结算
2026-04-23 12:43:32,'2026042312432835276229270159,入账,5.07,聚合账户,货款结算入账,小店自卖,'6952106067537761588,'6952106067537761588,'SS76307820660579535460112,2026-04-16 11:47:58,'3776807804489302292,豹纹ins爱心发夹女一字夹高端碎发前额刘大号在成人前额碎发夹子,,,普通订单,5.1,0,0,0,0,0,0,0,0,0,0,0,-0.03,0,0,0,0,0,0,是-商品卡免佣,0.22,义乌市衍郝电子商务商行,订单结算
2026-04-23 12:43:39,'2026042312433505641057700159,入账,5.9,聚合账户,货款结算入账,小店自卖,'6925554600837742498,'6925554600837742498,'SS76306666476027786650222,2026-04-12 23:35:51,'3812244340491813699,新款密齿香蕉韩系法式波点蕾丝蝴蝶结后脑勺盘发发夹发卡马尾发饰,,,普通订单,5.94,0,0,0,0,0,0,0,0,0,0,0,-0.04,0,0,0,0,0,0,是-商品卡免佣,0.29,义乌市衍郝电子商务商行,订单结算
2026-04-23 12:44:51,'2026042312444840448002940159,入账,3.86,聚合账户,货款结算入账,小店自卖,'6925680974283570915,'6925680974283570915,'SS76308560215188441660195,2026-04-17 23:09:04,'3812986729825173830,多巴胺波点磨砂透明夹缠线缎面彩色波点马卡龙色系香蕉夹学生发夹,,,普通订单,3.88,0,0,0,0,0,0,0,0,0,0,0,-0.02,0,0,0,0,0,0,是-商品卡免佣,0.15,义乌市衍郝电子商务商行,订单结算
2026-04-23 12:45:17,'2026042312451501426109940159,入账,4.74,聚合账户,货款结算入账,小店自卖,'6925544550556073345,'6925544550556007809,'SS76306671562707318160038,2026-04-12 19:44:23,'3809625164249956608,孕妇专用防滑拖鞋女士夏季家居家室内静音浴室洗澡防臭凉拖鞋外穿,,,普通订单,1.99,0,0,3,0,0,0,0,0,0,0,0,-0.25,0,0,0,0,0,0,,0,义乌市衍郝电子商务商行,订单结算
2026-04-23 12:46:21,'2026042312461734739166810159,入账,4.38,聚合账户,货款结算入账,小店自卖,'6925552199373782314,'6925552199373782314,'SS76306425844611815030073,2026-04-12 23:16:38,'3800198492568289686,买一送一爆款凉拖鞋男士夏季情侣2026新款家居防滑防臭厚底拖鞋女,,,普通订单,0.01,0,0,4.4,0,0,0,0,0,0,0,0,-0.03,0,0,0,0,0,0,是-商品卡免佣,0.22,义乌市衍郝电子商务商行,订单结算
2026-04-23 12:46:33,'2026042312463011749793780159,入账,2.97,聚合账户,货款结算入账,小店自卖,'6952016979621516913,'6952016979621516913,'SS76306997833462090500120,2026-04-13 08:47:35,'3807213698901213451,轻奢百搭单面高级感超仙后脑勺盘发鲨鱼夹子头饰头发抓夹高档抓夹,,,普通订单,3.13,0.5,0,0,0,0,0,0,0,0,0,0,-0.16,0,0,0,0,0,0,,0,义乌市衍郝电子商务商行,订单结算
2026-04-23 12:47:12,'2026042312470901516876800159,入账,0.98,聚合账户,货款结算入账,小店自卖,'6952027549760558879,'6952027549760558879,'SS76306673334775321950005,2026-04-12 22:18:57,'3812961166053999319,ins爆款卡通蓬松夹鸭嘴夹一字夹化妆发夹超萌可爱猫咪少女刘海夹,,,普通订单,0.99,0,0,0,0,0,0,0,0,0,0,0,-0.01,0,0,0,0,0,0,是-商品卡免佣,0.07,义乌市衍郝电子商务商行,订单结算
2026-04-23 12:47:14,'2026042312471134908575230159,入账,3.09,聚合账户,货款结算入账,小店自卖,'6925420789499264704,'6925420789499264704,'SS76307002468804081270084,2026-04-08 09:14:18,'3778078786168422695,网红爆款发夹女满钻花朵发卡高级感发抓小大号在成人前额碎发夹子,,,普通订单,3.11,0,0,0,0,0,0,0,0,0,0,0,-0.02,0,0,0,0,0,0,是-商品卡免佣,0.15,义乌市衍郝电子商务商行,订单结算
2026-04-23 12:47:15,'2026042312471114486080150159,入账,4.74,聚合账户,货款结算入账,小店自卖,'6925538598843547399,'6925538598843547399,'SS76306415383133271400114,2026-04-12 19:08:12,'3809625164249956608,孕妇专用防滑拖鞋女士夏季家居家室内静音浴室洗澡防臭凉拖鞋外穿,,,普通订单,1.99,0,0,3,0,0,0,0,0,0,0,0,-0.25,0,0,0,0,0,0,,0,义乌市衍郝电子商务商行,订单结算
2026-04-23 12:47:30,'2026042312472710657472510159,入账,3.12,聚合账户,货款结算入账,小店自卖,'6925679487115492999,'6925679487115492999,'SS76306731350123689460239,2026-04-18 08:33:58,'3806655969480540177,米菲兔巨显发量香蕉兔子后脑勺盘发百搭少女发饰时尚可爱波点大号,,,普通订单,0.01,0,0,3.13,0,0,0,0,0,0,0,0,-0.02,0,0,0,0,0,0,是-商品卡免佣,0.15,义乌市衍郝电子商务商行,订单结算
2026-04-23 12:49:10,'2026042312490619561193050159,出账,1,聚合账户,小额打款,,'6952118791803377501,'6952118791803377501,,,,,,,普通订单,0,0,0,0,0,0,0,0,0,0,0,0,0,0,0,0,0,0,0,,0,义乌市衍郝电子商务商行,商家向消费者小额打款-“其他”
2026-04-23 12:49:44,'2026042312494003999872190159,入账,5.17,聚合账户,货款结算入账,小店自卖,'6925664657323490441,'6925664657323490441,'SS76306767366617011200088,2026-04-17 12:41:54,'3812961166053999319,ins爆款卡通蓬松夹鸭嘴夹一字夹化妆发夹超萌可爱猫咪少女刘海夹,,,普通订单,0.01,0,0,5.19,0,0,0,0,0,0,0,0,-0.03,0,0,0,0,0,0,是-商品卡免佣,0.22,义乌市衍郝电子商务商行,订单结算
2026-04-23 12:50:50,'2026042312504624081702810159,入账,3.76,聚合账户,货款结算入账,小店自卖,'6925621400847679237,'6925621400847679237,'SS76307510481647045380104,2026-04-16 10:38:13,'3811110537878700323,森系干枯山茶花朵7cm小抓夹 百搭气质发夹女后脑勺超仙鲨夹发饰,,,普通订单,0.78,0,0,3,0,0,0,0,0,0,0,0,-0.02,0,0,0,0,0,0,是-商品卡免佣,0.15,义乌市衍郝电子商务商行,订单结算
2026-04-23 12:52:50,'2026042312524723363097870159,入账,7.16,聚合账户,货款结算入账,小店自卖,'6925578656893271499,'6925578656893074891,'SS76307284394035656190157,2026-04-14 11:20:11,'3812988718369865893,可爱小熊眼镜2026新款发卡发夹女边夹侧边鸭嘴夹前额刘海夹子头饰,,,普通订单,7.2,0,0,0,0,0,0,0,0,0,0,0,-0.04,0,0,0,0,0,0,是-商品卡免佣,0.29,义乌市衍郝电子商务商行,订单结算
2026-04-23 12:53:01,'2026042312525727451602270159,入账,4.34,聚合账户,货款结算入账,小店自卖,'6952016746896233939,'6952016746896233939,'SS76306668063618337910211,2026-04-13 01:31:39,'3807233228251726216,发圈式啪啪圈~秋冬美拉德系懒人高马尾啪啪圈复古固定不塌神器,,,普通订单,4.37,0,0,0,0,0,0,0,0,0,0,0,-0.03,0,0,0,0,0,0,是-商品卡免佣,0.22,义乌市衍郝电子商务商行,订单结算
2026-04-23 12:53:30,'2026042312532622581250910159,入账,3.93,聚合账户,货款结算入账,小店自卖,'6952139874001884938,'6952139874001884938,'SS76308123412694310900190,2026-04-18 09:04:57,'3812961166053999319,ins爆款卡通蓬松夹鸭嘴夹一字夹化妆发夹超萌可爱猫咪少女刘海夹,,,普通订单,0.01,0,0,3.94,0,0,0,0,0,0,0,0,-0.02,0,0,0,0,0,0,是-商品卡免佣,0.15,义乌市衍郝电子商务商行,订单结算
2026-04-23 12:54:47,'2026042312544232883346440159,入账,3.46,聚合账户,货款结算入账,小店自卖,'6925540216337694689,'6925540216337694689,'SS76306667393066109800226,2026-04-12 20:14:38,'3773433055411306662,2025太太高级鸭嘴气质马尾夹子头饰精致水大号在成人前额碎发夹子,,,普通订单,0.01,0,0,3.47,0,0,0,0,0,0,0,0,-0.02,0,0,0,0,0,0,是-商品卡免佣,0.15,义乌市衍郝电子商务商行,订单结算
2026-04-23 12:55:07,'2026042312550403986066180159,入账,8.45,聚合账户,货款结算入账,巨量千川,'6952152382741550219,'6952152382741550219,'SS76308709390404859380124,2026-04-17 12:40:25,'3800198492568289686,买一送一爆款凉拖鞋男士夏季情侣2026新款家居防滑防臭厚底拖鞋女,,,普通订单,8.9,0,0,0,0,0,0,0,0,0,0,0,-0.45,0,0,0,0,0,0,,0,义乌市衍郝电子商务商行,订单结算
2026-04-23 12:58:38,'2026042312583503441626110159,入账,4.65,聚合账户,货款结算入账,小店自卖,'6925555016647933281,'6925555016647933281,'SS76306429559209009270143,2026-04-13 07:59:48,'3800198492568289686,买一送一爆款凉拖鞋男士夏季情侣2026新款家居防滑防臭厚底拖鞋女,,,普通订单,3.43,0,0,1.47,0,0,0,0,0,0,0,0,-0.25,0,0,0,0,0,0,,0,义乌市衍郝电子商务商行,订单结算
2026-04-23 12:58:44,'2026042312584035620664420159,出账,2,聚合账户,小额打款,,'6952167338863432718,'6952167338863432718,,,,,,,普通订单,0,0,0,0,0,0,0,0,0,0,0,0,0,0,0,0,0,0,0,,0,义乌市衍郝电子商务商行,商家向消费者小额打款-“其他”
2026-04-23 13:01:47,'2026042313014123118689780159,入账,4.53,聚合账户,货款结算入账,小店自卖,'6952133923430012107,'6952133923430012107,'SS76305223687925437950218,2026-04-16 22:50:22,'3812244340491813699,新款密齿香蕉韩系法式波点蕾丝蝴蝶结后脑勺盘发发夹发卡马尾发饰,,,普通订单,5.55,0,0,0,0,0,0,0,0,0,0,-1,-0.02,0,0,0,0,0,0,是-商品卡免佣,0.15,义乌市衍郝电子商务商行,订单结算
2026-04-23 13:02:25,'2026042313022139942392950159,入账,3.23,聚合账户,货款结算入账,小店自卖,'6925555336979184651,'6925555336979184651,'SS76307017601263045180046,2026-04-13 10:04:40,'3809975766641410463,高级感水钻珠珠一字扭扭夹2026新款盘发抓夹后脑勺发量多发夹头饰,,,普通订单,3.25,0,0,0,0,0,0,0,0,0,0,0,-0.02,0,0,0,0,0,0,是-商品卡免佣,0.15,义乌市衍郝电子商务商行,订单结算
2026-04-23 13:07:28,'2026042313072116206116220159,入账,7.36,聚合账户,货款结算入账,小店自卖,'6951900327110120758,'6951900327110120758,'SS76306999251099325840061,2026-04-08 09:15:32,'3782304295328809090,黑色大号抓夹2025新款后脑勺盘发鲨鱼夹发大号在成人大号毛绒鲨鱼,,,普通订单,7.4,0,0,0,0,0,0,0,0,0,0,0,-0.04,0,0,0,0,0,0,是-商品卡免佣,0.29,义乌市衍郝电子商务商行,订单结算
2026-04-23 13:07:40,'2026042313073525106030350159,入账,3.36,聚合账户,货款结算入账,小店自卖,'6952034850233652766,'6952034850233652766,'SS76307370375612014230059,2026-04-13 13:13:27,'3812796426258350389,夏天简约随手盘发一字扭扭夹水钻抓夹高级发夹扭扭后脑勺盘发器,,,普通订单,3.38,0,0,0,0,0,0,0,0,0,0,0,-0.02,0,0,0,0,0,0,是-商品卡免佣,0.15,义乌市衍郝电子商务商行,订单结算
2026-04-23 13:10:21,'2026042313101527306235380159,入账,29.78,聚合账户,货款结算入账,小店自卖,'6925548745287498880,'6925548745287236736,'SS76306666127061814180084,2026-04-12 18:30:19,'3812240028327870813,粉色双面蝴蝶结香蕉夹竖夹超温柔!气质高马尾发夹后脑勺发夹发饰,,,普通订单,29.96,0,0,0,0,0,0,0,0,0,0,0,-0.18,0,0,0,0,0,0,是-商品卡免佣,1.32,义乌市衍郝电子商务商行,订单结算
2026-04-23 13:13:01,'2026042313125503280286990159,入账,4.65,聚合账户,货款结算入账,小店自卖,'6952009989817833089,'6952009989817833089,'SS76306668280504491860019,2026-04-13 00:23:41,'3812796426258350389,夏天简约随手盘发一字扭扭夹水钻抓夹高级发夹扭扭后脑勺盘发器,,,普通订单,4.68,0,0,0,0,0,0,0,0,0,0,0,-0.03,0,0,0,0,0,0,是-商品卡免佣,0.22,义乌市衍郝电子商务商行,订单结算
2026-04-23 13:13:31,'2026042313132008489044990159,入账,3.96,聚合账户,货款结算入账,小店自卖,'6952022308576302181,'6952022308576302181,'SS76307548188436936140058,2026-04-12 15:48:44,'3812795676727836686,趣味黑皮可爱KT猫咪刘海贴碎发整理神器魔术贴无痕发夹女头饰发饰,,,普通订单,3.98,0,0,0,0,0,0,0,0,0,0,0,-0.02,0,0,0,0,0,0,是-商品卡免佣,0.15,义乌市衍郝电子商务商行,订单结算
2026-04-23 13:13:46,'2026042313133536774753370159,入账,3.87,聚合账户,货款结算入账,小店自卖,'6925544320110853893,'6925544320110853893,'SS76306411615437458340091,2026-04-12 17:32:00,'3806656594406670373,虞书欣同款发扣小金属圆圈环扣刘海前额侧边边夹发夹抓夹发卡夹子,,,普通订单,3.89,0,0,0,0,0,0,0,0,0,0,0,-0.02,0,0,0,0,0,0,是-商品卡免佣,0.15,义乌市衍郝电子商务商行,订单结算
2026-04-23 13:14:14,'2026042313140614225249370159,入账,5.46,聚合账户,货款结算入账,小店自卖,'6952015834107156222,'6952015834107156222,'SS76306665872883267070227,2026-04-12 16:02:50,'3806655969480540177,米菲兔巨显发量香蕉兔子后脑勺盘发百搭少女发饰时尚可爱波点大号,,,普通订单,5.49,0,0,0,0,0,0,0,0,0,0,0,-0.03,0,0,0,0,0,0,是-商品卡免佣,0.22,义乌市衍郝电子商务商行,订单结算
2026-04-23 13:16:19,'2026042313161401222620620159,出账,1,聚合账户,小额打款,,'6925671914932960281,'6925671914932960281,,,,,,,普通订单,0,0,0,0,0,0,0,0,0,0,0,0,0,0,0,0,0,0,0,,0,义乌市衍郝电子商务商行,商家向消费者小额打款-“其他”
2026-04-23 13:16:40,'2026042313163532488164180159,入账,5.97,聚合账户,货款结算入账,小店自卖,'6952150098398417931,'6952150098398286859,'SS76305167187665884570058,2026-04-17 15:36:00,'3809627569339367610,印花小熊防滑拖鞋女士家居室内2025新款夏季洗澡家用eva静音凉拖,,,普通订单,6.01,0,0,0,0,0,0,0,0,0,0,0,-0.04,0,0,0,0,0,0,是-商品卡免佣,0.29,义乌市衍郝电子商务商行,订单结算
2026-04-23 13:17:04,'2026042313165824720348500159,入账,2.5,聚合账户,货款结算入账,小店自卖,'6952043196603307265,'6952043196603307265,'SS76306668999279621460199,2026-04-13 01:02:04,'3799240809392504924,韩国东大门同款碎发夹气质水钻侧边刘海夹子女高颜值发卡头饰BB夹,,,普通订单,2.52,0,0,0,0,0,0,0,0,0,0,0,-0.02,0,0,0,0,0,0,是-商品卡免佣,0.15,义乌市衍郝电子商务商行,订单结算
2026-04-23 13:18:41,'2026042313183601429020660159,入账,1.98,聚合账户,货款结算入账,小店自卖,'6952067502702335062,'6952067502702335062,'SS76306169619077739860150,2026-04-14 10:40:11,'3812796426258350389,夏天简约随手盘发一字扭扭夹水钻抓夹高级发夹扭扭后脑勺盘发器,,,普通订单,1.99,0,0,0,0,0,0,0,0,0,0,0,-0.01,0,0,0,0,0,0,是-商品卡免佣,0.07,义乌市衍郝电子商务商行,订单结算
2026-04-23 13:19:36,'2026042313193130416942140159,入账,5.65,聚合账户,货款结算入账,小店自卖,'6952152960680334690,'6952152960680334690,'SS76308043397626601500064,2026-04-17 19:07:37,'3812794010364412322,趣味黑皮kitty猫魔术贴超可爱猫咪整理碎发刘海贴魔术贴发卡化妆,,,普通订单,5.68,0,0,0,0,0,0,0,0,0,0,0,-0.03,0,0,0,0,0,0,是-商品卡免佣,0.22,义乌市衍郝电子商务商行,订单结算
2026-04-23 13:21:04,'2026042313205822794900820159,入账,3.38,聚合账户,货款结算入账,小店自卖,'6925552182793436282,'6925552182793436282,'SS76306666468588795400088,2026-04-12 23:18:49,'3812240028327870813,粉色双面蝴蝶结香蕉夹竖夹超温柔!气质高马尾发夹后脑勺发夹发饰,,,普通订单,3.4,0,0,0,0,0,0,0,0,0,0,0,-0.02,0,0,0,0,0,0,是-商品卡免佣,0.15,义乌市衍郝电子商务商行,订单结算
2026-04-23 13:23:05,'2026042313230122484096380159,入账,8.45,聚合账户,货款结算入账,小店自卖,'6952031716763702773,'6952031716763702773,'SS76306428464384087460146,2026-04-12 21:48:33,'3800198492568289686,买一送一爆款凉拖鞋男士夏季情侣2026新款家居防滑防臭厚底拖鞋女,,,普通订单,8.9,0,0,0,0,0,0,0,0,0,0,0,-0.45,0,0,0,0,0,0,,0,义乌市衍郝电子商务商行,订单结算
2026-04-23 13:24:42,'2026042313243530841408260159,入账,4.96,聚合账户,货款结算入账,小店自卖,'6925552685710539837,'6925552685710539837,'SS76306416400009305860095,2026-04-13 08:32:34,'3809625164249956608,孕妇专用防滑拖鞋女士夏季家居家室内静音浴室洗澡防臭凉拖鞋外穿,,,普通订单,4.99,0,0,0,0,0,0,0,0,0,0,0,-0.03,0,0,0,0,0,0,是-商品卡免佣,0.22,义乌市衍郝电子商务商行,订单结算
2026-04-23 13:25:38,'2026042313253215486000900159,入账,2.31,聚合账户,货款结算入账,小店自卖,'6925436314294583239,'6925436314294583239,'SS76307377639394022550125,2026-04-08 13:14:29,'3807235160995398024,甜美闪钻豹纹猫咪发夹女碎发刘海夹子ins新款高端头饰鸭嘴夹边夹,,,普通订单,0.01,0,0,2.42,0,0,0,0,0,0,0,0,-0.12,0,0,0,0,0,0,,0,义乌市衍郝电子商务商行,订单结算
2026-04-23 13:26:22,'2026042313261635456619860159,入账,2.83,聚合账户,货款结算入账,小店自卖,'6952145362102064144,'6952145362102064144,'SS76307516201127613630124,2026-04-17 13:13:34,'3812961166053999319,ins爆款卡通蓬松夹鸭嘴夹一字夹化妆发夹超萌可爱猫咪少女刘海夹,,,普通订单,2.98,0,0,0,0,0,0,0,0,0,0,0,-0.15,0,0,0,0,0,0,,0,义乌市衍郝电子商务商行,订单结算
2026-04-23 13:26:38,'2026042313263205709827060159,入账,5.46,聚合账户,货款结算入账,小店自卖,'6925617843909983323,'6925617843909983323,'SS76306503140723922110093,2026-04-15 19:57:15,'3806655969480540177,米菲兔巨显发量香蕉兔子后脑勺盘发百搭少女发饰时尚可爱波点大号,,,普通订单,5.49,0,0,0,0,0,0,0,0,0,0,0,-0.03,0,0,0,0,0,0,是-商品卡免佣,0.22,义乌市衍郝电子商务商行,订单结算
2026-04-23 13:26:42,'2026042313263629154516990159,入账,6.6,聚合账户,货款结算入账,小店自卖,'6952019021945181603,'6952019021945181603,'SS76306999992456159180049,2026-04-13 08:49:23,'3790685861671207338,撞色幻彩花朵发夹女边侧边小抓夹发卡ins后秋森系韩系彩色大号,,,普通订单,6.64,0,0,0,0,0,0,0,0,0,0,0,-0.04,0,0,0,0,0,0,是-商品卡免佣,0.29,义乌市衍郝电子商务商行,订单结算
2026-04-23 13:27:15,'2026042313270835045875580159,入账,5.65,聚合账户,货款结算入账,小店自卖,'6925562619461008714,'6925562619461008714,'SS76307015568243105280034,2026-04-13 09:51:49,'3812796426258350389,夏天简约随手盘发一字扭扭夹水钻抓夹高级发夹扭扭后脑勺盘发器,,,普通订单,5.68,0,0,0,0,0,0,0,0,0,0,0,-0.03,0,0,0,0,0,0,是-商品卡免佣,0.22,义乌市衍郝电子商务商行,订单结算
2026-04-23 13:27:22,'2026042313271617078850900159,入账,4.75,聚合账户,货款结算入账,小店自卖,'6925677256902147576,'6925677256902147576,'SS76307894232905484950229,2026-04-18 08:56:55,'3752324139441062001,多款造型男士发箍潮男隐形压发背头波浪发窟头箍韩红色蝴蝶结发饰,,,普通订单,4.78,0,0,0,0,0,0,0,0,0,0,0,-0.03,0,0,0,0,0,0,是-商品卡免佣,0.22,义乌市衍郝电子商务商行,订单结算
2026-04-23 13:30:13,'2026042313300821223183740159,入账,2.61,聚合账户,货款结算入账,小店自卖,'6925570201976012498,'6925570201976012498,'SS76307410189803200540104,2026-04-13 14:50:51,'3770291082655564062,黑色H字母抓夹女2025新款后脑勺盘发夹子大号在成人大号毛绒鲨鱼,,,普通订单,2.63,0,0,0,0,0,0,0,0,0,0,0,-0.02,0,0,0,0,0,0,是-商品卡免佣,0.15,义乌市衍郝电子商务商行,订单结算
2026-04-23 13:31:09,'2026042313310506559669860159,入账,5.47,聚合账户,货款结算入账,小店自卖,'6951881991925077009,'6951881991925077009,'SS76306647422991245150107,2026-04-07 23:22:55,'3776807804489302292,豹纹ins爱心发夹女一字夹高端碎发前额刘大号在成人前额碎发夹子,,,普通订单,5.5,0.4,0,0,0,0,0,0,0,0,0,0,-0.03,0,0,0,0,0,0,是-商品卡免佣,0.22,义乌市衍郝电子商务商行,订单结算
2026-04-23 13:32:57,'2026042313325314773458010159,入账,4.96,聚合账户,货款结算入账,小店自卖,'6952018629767796502,'6952018629767796502,'SS76306416796412643900060,2026-04-12 23:22:25,'3799223154979766395,印花小熊防滑防臭抑菌拖鞋女士2026新款夏季浴室情侣家用凉拖男士,,,普通订单,4.99,0,0,0,0,0,0,0,0,0,0,0,-0.03,0,0,0,0,0,0,是-商品卡免佣,0.22,义乌市衍郝电子商务商行,订单结算
2026-04-23 13:33:00,'2026042313325536701478460159,入账,2.68,聚合账户,货款结算入账,小店自卖,'6925549209625394283,'6925549209625394283,'SS76306667418319915940074,2026-04-12 21:24:01,'3782363084866322531,许我耀眼赵露思许妍同款爱心抓夹高级感后大号在成人前额碎发夹子,,,普通订单,2.7,0.5,0,0,0,0,0,0,0,0,0,0,-0.02,0,0,0,0,0,0,是-商品卡免佣,0.15,义乌市衍郝电子商务商行,订单结算
2026-04-23 13:33:40,'2026042313333603878423230159,入账,6.91,聚合账户,货款结算入账,小店自卖,'6925536294111509541,'6925536294111509541,'SS76307255616569349550091,2026-04-12 16:47:17,'3777357418502161079,曲奇夏天头饰发箍女网红爆款洋气可爱感头箍显脸小百搭蝴蝶结发饰,,,普通订单,6.95,0.8,0,0,0,0,0,0,0,0,0,0,-0.04,0,0,0,0,0,0,是-商品卡免佣,0.29,义乌市衍郝电子商务商行,订单结算
2026-04-23 13:34:17,'2026042313341406966648670159,入账,2.97,聚合账户,货款结算入账,小店自卖,'6952160008984794436,'6952160008984794436,'SS76306893467412073470167,2026-04-18 11:16:39,'3809627569339367610,印花小熊防滑拖鞋女士家居室内2025新款夏季洗澡家用eva静音凉拖,,,普通订单,4.99,0,0,0,0,0,0,0,0,0,0,-2,-0.02,0,0,0,0,0,0,是-商品卡免佣,0.15,义乌市衍郝电子商务商行,订单结算
2026-04-23 13:34:53,'2026042313344823894471950159,出账,1,聚合账户,小额打款,,'6952126975697557010,'6952126975697557010,,,,,,,普通订单,0,0,0,0,0,0,0,0,0,0,0,0,0,0,0,0,0,0,0,,0,义乌市衍郝电子商务商行,商家向消费者小额打款-“其他”
2026-04-23 13:40:07,'2026042313400129906539870159,入账,5.17,聚合账户,货款结算入账,小店自卖,'6952046757917890207,'6952046757917890207,'SS76308342971041879460249,2026-04-13 20:21:22,'3812961166053999319,ins爆款卡通蓬松夹鸭嘴夹一字夹化妆发夹超萌可爱猫咪少女刘海夹,,,普通订单,5.2,0,0,0,0,0,0,0,0,0,0,0,-0.03,0,0,0,0,0,0,是-商品卡免佣,0.22,义乌市衍郝电子商务商行,订单结算
2026-04-23 13:46:10,'2026042313460604362570390159,入账,2.86,聚合账户,货款结算入账,小店自卖,'6952153000417170441,'6952153000417170441,'SS76307887030149617140137,2026-04-17 19:52:35,'3797749369206342546,豹纹大肠发圈高级小众手工韩国新款头绳编织显发量马尾丸子头发绳,,,普通订单,2.88,0,0,0,0,0,0,0,0,0,0,0,-0.02,0,0,0,0,0,0,是-商品卡免佣,0.15,义乌市衍郝电子商务商行,订单结算
2026-04-23 13:46:59,'2026042313465307215188820159,入账,5.07,聚合账户,货款结算入账,小店自卖,'6952026040579134485,'6952026040579134485,'SS76307406552450015130104,2026-04-13 14:42:26,'3776807804489302292,豹纹ins爱心发夹女一字夹高端碎发前额刘大号在成人前额碎发夹子,,,普通订单,5.1,0,0,0,0,0,0,0,0,0,0,0,-0.03,0,0,0,0,0,0,是-商品卡免佣,0.22,义乌市衍郝电子商务商行,订单结算
2026-04-23 13:48:55,'2026042313484805419709590159,入账,14.11,聚合账户,货款结算入账,小店自卖,'6925549230722153564,'6925549230722153564,'SS76306666947090683280195,2026-04-12 21:37:34,'3776807804489302292,豹纹ins爱心发夹女一字夹高端碎发前额刘大号在成人前额碎发夹子,,,普通订单,14.2,0,0,0,0,0,0,0,0,0,0,0,-0.09,0,0,0,0,0,0,是-商品卡免佣,0.66,义乌市衍郝电子商务商行,订单结算
2026-04-23 13:49:48,'2026042313494007679022600159,入账,3.47,聚合账户,货款结算入账,小店自卖,'6925538535175388987,'6925538535175388987,'SS76306666761679549590135,2026-04-12 18:29:28,'3806655969480540177,米菲兔巨显发量香蕉兔子后脑勺盘发百搭少女发饰时尚可爱波点大号,,,普通订单,3.49,0,0,0,0,0,0,0,0,0,0,0,-0.02,0,0,0,0,0,0,是-商品卡免佣,0.15,义乌市衍郝电子商务商行,订单结算
2026-04-23 13:53:09,'2026042313530038092313960159,入账,3.67,聚合账户,货款结算入账,小店自卖,'6925672378009222705,'6925672378009157169,'SS76307311294664258750216,2026-04-17 23:08:25,'3752321935971844405,女甜美风日韩发绳发圈仙气森系发饰蝴蝶女孩头绳韩系女童可爱头饰,,,普通订单,3.69,0,0,0,0,0,0,0,0,0,0,0,-0.02,0,0,0,0,0,0,是-商品卡免佣,0.15,义乌市衍郝电子商务商行,订单结算
2026-04-23 13:53:19,'2026042313531017546283870159,入账,3.93,聚合账户,货款结算入账,小店自卖,'6952016739655619745,'6952016739655619745,'SS76306673001620119190096,2026-04-13 01:03:12,'3812961166053999319,ins爆款卡通蓬松夹鸭嘴夹一字夹化妆发夹超萌可爱猫咪少女刘海夹,,,普通订单,3.95,0,0,0,0,0,0,0,0,0,0,0,-0.02,0,0,0,0,0,0,是-商品卡免佣,0.15,义乌市衍郝电子商务商行,订单结算
2026-04-23 13:53:25,'2026042313531807690329860159,入账,8.55,聚合账户,货款结算入账,小店自卖,'6925545018306756353,'6925545018306756353,'SS76306668838974267390052,2026-04-12 22:07:46,'3780852999941914658,库洛米发圈儿童可爱三丽鸥毛线卡通皮筋头绳女孩扎马尾丸子头发饰,,,普通订单,8.6,0,0,0,0,0,0,0,0,0,0,0,-0.05,0,0,0,0,0,0,是-商品卡免佣,0.37,义乌市衍郝电子商务商行,订单结算
2026-04-23 13:54:19,'2026042313540919348196030159,入账,6.35,聚合账户,货款结算入账,小店自卖,'6925683628465880155,'6925683628465880155,'SS76307569706434565620009,2026-04-18 07:15:59,'3674363744047202423,儿童碎发梳韩式发夹小女孩头饰可爱碎发神器女童发卡高颅顶神器,,,普通订单,6.39,1.1,0,0,0,0,0,0,0,0,0,0,-0.04,0,0,0,0,0,0,是-商品卡免佣,0.29,义乌市衍郝电子商务商行,订单结算
2026-04-23 13:55:53,'2026042313554418539646070159,入账,2.13,聚合账户,货款结算入账,小店自卖,'6925546966526754713,'6925546966526754713,'SS76306667459182474240178,2026-04-12 22:01:38,'3680653646250508599,蝴蝶结最新款丝巾发带绑发飘带发箍洋气女扎头发高级感丝带头饰,,,普通订单,2.14,0,0,0,0,0,0,0,0,0,0,0,-0.01,0,0,0,0,0,0,是-商品卡免佣,0.07,义乌市衍郝电子商务商行,订单结算
2026-04-23 13:55:55,'2026042313554606087811190159,入账,5.65,聚合账户,货款结算入账,小店自卖,'6925548243485359752,'6925548243485359752,'SS76307257678231967130068,2026-04-13 13:11:14,'3812796426258350389,夏天简约随手盘发一字扭扭夹水钻抓夹高级发夹扭扭后脑勺盘发器,,,普通订单,5.68,0,0,0,0,0,0,0,0,0,0,0,-0.03,0,0,0,0,0,0,是-商品卡免佣,0.22,义乌市衍郝电子商务商行,订单结算
2026-04-23 13:58:40,'2026042313583137123366750159,出账,6.96,聚合账户,退款-结算后退款-退用户,小店自卖,'6951869639791941349,'6951869639791941349,'147448372593033503,2026-04-06 22:29:21,'3768979814174818449,2025新款气质大号盘发鸭嘴夹春夏发卡蝴蝶大号在成人抓夹碎发夹子,,,普通订单,0,0,0,0,0,0,0,0,0,0,0,-6.96,0,0,0,0,0,0,0,,0,义乌市衍郝电子商务商行,已退款
2026-04-23 13:58:40,'2026042313583038519283550159,入账,0.04,聚合账户,退款-订单退款触发-退分账,小店自卖,'6951869639791941349,'6951869639791941349,'147448372593033503,2026-04-06 22:29:21,'3768979814174818449,2025新款气质大号盘发鸭嘴夹春夏发卡蝴蝶大号在成人抓夹碎发夹子,,,普通订单,0,0,0,0,0,0,0,0,0,0,0,0,0.04,0,0,0,0,0,0,,0,义乌市衍郝电子商务商行,服务费返还
2026-04-23 14:00:06,'2026042313595403281718160159,入账,4.96,聚合账户,货款结算入账,小店自卖,'6925545075615235231,'6925545075615235231,'SS76306421605892429300075,2026-04-12 22:24:53,'3809625164249956608,孕妇专用防滑拖鞋女士夏季家居家室内静音浴室洗澡防臭凉拖鞋外穿,,,普通订单,0.01,0,0,0,0,0,0,0,4.98,0,0,0,-0.03,0,0,0,0,0,0,是-商品卡免佣,0.22,义乌市衍郝电子商务商行,订单结算
2026-04-23 14:00:26,'2026042314001810294894350159,入账,2.64,聚合账户,货款结算入账,小店自卖,'6952069945458365964,'6952069945458365964,'SS76306158091533028340027,2026-04-14 17:02:16,'3812994604597379368,韩系重工藏青色爱心蕾丝四层大肠发圈女高级感超大扎头发头绳头饰,,,普通订单,3.65,0,0,0,0,0,0,0,0,0,0,-1,-0.01,0,0,0,0,0,0,是-商品卡免佣,0.07,义乌市衍郝电子商务商行,订单结算
2026-04-23 14:00:35,'2026042314002534320227840159,出账,2,聚合账户,小额打款,,'6952162749953742198,'6952162749953742198,,,,,,,普通订单,0,0,0,0,0,0,0,0,0,0,0,0,0,0,0,0,0,0,0,,0,义乌市衍郝电子商务商行,商家向消费者小额打款-“其他”
2026-04-23 14:03:12,'2026042314030507891034120159,入账,7.5,聚合账户,货款结算入账,小店自卖,'6925673947078950475,'6925673947078688331,'SS76308389142148551780070,2026-04-17 17:43:07,'3813152773302780175,柔软泡泡纱韩国粉色碎花大肠发圈超大号高级仙气丸子慵懒头绳发饰,,,普通订单,7.55,0,0,0,0,0,0,0,0,0,0,0,-0.05,0,0,0,0,0,0,是-商品卡免佣,0.37,义乌市衍郝电子商务商行,订单结算
2026-04-23 14:05:19,'2026042314051329959954010159,入账,2.87,聚合账户,货款结算入账,小店自卖,'6925534080031620172,'6925534080031620172,'SS76307248196382602390122,2026-04-12 17:44:08,'3781407329996636824,咖色磨砂抓夹大号发夹女2025年新款后脑大号在成人前额碎发夹子,,,普通订单,2.89,0,0,0,0,0,0,0,0,0,0,0,-0.02,0,0,0,0,0,0,是-商品卡免佣,0.15,义乌市衍郝电子商务商行,订单结算
2026-04-23 14:05:44,'2026042314053738268114320159,入账,4.96,聚合账户,货款结算入账,小店自卖,'6952016847543866721,'6952016847543866721,'SS76306416424255657230002,2026-04-13 06:49:42,'3809625164249956608,孕妇专用防滑拖鞋女士夏季家居家室内静音浴室洗澡防臭凉拖鞋外穿,,,普通订单,4.99,0,0,0,0,0,0,0,0,0,0,0,-0.03,0,0,0,0,0,0,是-商品卡免佣,0.22,义乌市衍郝电子商务商行,订单结算
2026-04-23 14:05:58,'2026042314055227406054670159,入账,4.28,聚合账户,货款结算入账,小店自卖,'6925569537305312402,'6925569537305312402,'SS76306998477478344140081,2026-04-13 10:19:07,'3752323855864168814,飘带齿梳发箍波浪高颅顶高颅顶宫廷编发发箍女复红色蝴蝶结发饰,,,普通订单,4.31,0,0,0,0,0,0,0,0,0,0,0,-0.03,0,0,0,0,0,0,是-商品卡免佣,0.22,义乌市衍郝电子商务商行,订单结算
2026-04-23 14:06:00,'2026042314055307732106760159,入账,4.96,聚合账户,货款结算入账,小店自卖,'6925597573326470295,'6925597573326470295,'SS76306350197832095350214,2026-04-15 09:08:00,'3777378186900406322,卡通小熊毛绒侧边夹女大号刘海发夹可爱发卡儿童碎发鸭嘴夹子头,,,普通订单,4.99,0,0,0,0,0,0,0,0,0,0,0,-0.03,0,0,0,0,0,0,是-商品卡免佣,0.22,义乌市衍郝电子商务商行,订单结算
2026-04-23 14:07:36,'2026042314072808056222720159,入账,8.85,聚合账户,货款结算入账,小店自卖,'6952145333087245561,'6952145333087245561,'SS76307605058958997020011,2026-04-17 13:27:06,'3800198492568289686,买一送一爆款凉拖鞋男士夏季情侣2026新款家居防滑防臭厚底拖鞋女,,,普通订单,8.9,0,0,0,0,0,0,0,0,0,0,0,-0.05,0,0,0,0,0,0,是-商品卡免佣,0.37,义乌市衍郝电子商务商行,订单结算
2026-04-23 14:08:08,'2026042314080023423759860159,入账,2.96,聚合账户,货款结算入账,小店自卖,'6925539938098053054,'6925539938098053054,'SS76306666458801938270215,2026-04-12 17:54:55,'3807217918840799504,新款百搭2026可爱小狗香蕉夹竖夹发夹脑勺扭扭夹高马尾抓夹高级感,,,普通订单,2.98,0,0,0,0,0,0,0,0,0,0,0,-0.02,0,0,0,0,0,0,是-商品卡免佣,0.15,义乌市衍郝电子商务商行,订单结算
2026-04-23 14:12:18,'2026042314121108371574260159,入账,8.45,聚合账户,货款结算入账,巨量千川,'6952171421917779502,'6952171421917779502,'SS76307704020841928080178,2026-04-18 14:17:17,'3800198492568289686,买一送一爆款凉拖鞋男士夏季情侣2026新款家居防滑防臭厚底拖鞋女,,,普通订单,8.9,0,0,0,0,0,0,0,0,0,0,0,-0.45,0,0,0,0,0,0,,0,义乌市衍郝电子商务商行,订单结算
2026-04-23 14:12:34,'2026042314122433021140630159,入账,6.95,聚合账户,货款结算入账,小店自卖,'6951640934395286785,'6951640934394959105,'SS76307510195260787710071,2026-03-28 17:03:40,'3809627569339367610,印花小熊防滑拖鞋女士家居室内2025新款夏季洗澡家用eva静音凉拖,,,普通订单,6.99,0,0,0,0,0,0,0,0,0,0,0,-0.04,0,0,0,0,0,0,是-商品卡免佣,0.29,义乌市衍郝电子商务商行,订单结算
2026-04-23 14:15:17,'2026042314151041450583670159,入账,4.07,聚合账户,货款结算入账,小店自卖,'6925555452653108693,'6925555452653108693,'SS76306666573739177480014,2026-04-12 18:49:38,'3778620647714979938,会发光的灯泡发夹女夹头发创意发卡道具鸭大号在成人前额碎发夹子,,,普通订单,4.09,1.5,0,0,0,0,0,0,0,0,0,0,-0.02,0,0,0,0,0,0,是-商品卡免佣,0.15,义乌市衍郝电子商务商行,订单结算
2026-04-23 14:15:19,'2026042314151234612065710159,入账,8.85,聚合账户,货款结算入账,小店自卖,'6925547313598529303,'6925547313598529303,'SS76306672100229494220093,2026-04-13 00:06:20,'3800198492568289686,买一送一爆款凉拖鞋男士夏季情侣2026新款家居防滑防臭厚底拖鞋女,,,普通订单,8.9,0,0,0,0,0,0,0,0,0,0,0,-0.05,0,0,0,0,0,0,是-商品卡免佣,0.37,义乌市衍郝电子商务商行,订单结算
2026-04-23 14:17:00,'2026042314165618892395610159,入账,7.93,聚合账户,货款结算入账,小店自卖,'6925559066964950323,'6925559066964950323,'SS76307404790689467140070,2026-04-13 08:49:51,'3810393692611674121,小众不规则抓夹大号发量大发夹女后脑勺鲨鱼夹发卡2026新款头饰,,,普通订单,7.98,0,0,0,0,0,0,0,0,0,0,0,-0.05,0,0,0,0,0,0,是-商品卡免佣,0.37,义乌市衍郝电子商务商行,订单结算
2026-04-23 14:23:21,'2026042314231222612221840159,出账,1,聚合账户,小额打款,,'6925680204042632869,'6925680204042632869,,,,,,,普通订单,0,0,0,0,0,0,0,0,0,0,0,0,0,0,0,0,0,0,0,,0,义乌市衍郝电子商务商行,商家向消费者小额打款-“其他”
2026-04-23 14:24:40,'2026042314243111075753310159,入账,4.27,聚合账户,货款结算入账,小店自卖,'6952009528003204953,'6952009528003204953,'SS76306666003519411660206,2026-04-12 20:12:19,'3799616810156949953,绒面宽边简约高颅顶发箍秋冬网红发饰女高级感洗脸头箍发卡发带潮,,,普通订单,4.3,0,0,0,0,0,0,0,0,0,0,0,-0.03,0,0,0,0,0,0,是-商品卡免佣,0.22,义乌市衍郝电子商务商行,订单结算
2026-04-23 14:34:21,'2026042314340909529103550159,出账,500,聚合账户,,,,,,,,,,,普通订单,0,0,0,0,0,0,0,0,0,0,0,0,0,0,0,0,0,0,0,,0,义乌市衍郝电子商务商行,划扣电商货款充值巨量千川
2026-04-23 14:41:49,'2026042314413636459033980159,入账,2.92,聚合账户,货款结算入账,小店自卖,'6925688631511383331,'6925688631511383331,'SS76306903436875535860027,2026-04-18 14:17:27,'3813152773302780175,柔软泡泡纱韩国粉色碎花大肠发圈超大号高级仙气丸子慵懒头绳发饰,,,普通订单,0.01,0,0,2.93,0,0,0,0,0,0,0,0,-0.02,0,0,0,0,0,0,是-商品卡免佣,0.15,义乌市衍郝电子商务商行,订单结算
2026-04-23 14:41:49,'2026042314413932303352420159,入账,4.18,聚合账户,货款结算入账,小店自卖,'6952154159614793634,'6952154159614793634,'SS76307603950071485500151,2026-04-17 08:11:53,'3812796426258350389,夏天简约随手盘发一字扭扭夹水钻抓夹高级发夹扭扭后脑勺盘发器,,,普通订单,0.01,0,0,4.2,0,0,0,0,0,0,0,0,-0.03,0,0,0,0,0,0,是-商品卡免佣,0.22,义乌市衍郝电子商务商行,订单结算
2026-04-23 14:41:49,'2026042314414004119601150159,入账,8.45,聚合账户,货款结算入账,巨量千川,'6925676737452670805,'6925676737452670805,'SS76308430291670472200110,2026-04-17 23:13:47,'3800198492568289686,买一送一爆款凉拖鞋男士夏季情侣2026新款家居防滑防臭厚底拖鞋女,,,普通订单,0.01,0,0,8.89,0,0,0,0,0,0,0,0,-0.45,0,0,0,0,0,0,,0,义乌市衍郝电子商务商行,订单结算
2026-04-23 14:41:49,'2026042314413807515185020159,入账,4.38,聚合账户,货款结算入账,小店自卖,'6925576593528553332,'6925576593528553332,'SS76307243074502661620221,2026-04-13 13:31:49,'3800198492568289686,买一送一爆款凉拖鞋男士夏季情侣2026新款家居防滑防臭厚底拖鞋女,,,普通订单,0.01,0,0,4.4,0,0,0,0,0,0,0,0,-0.03,0,0,0,0,0,0,是-商品卡免佣,0.22,义乌市衍郝电子商务商行,订单结算
2026-04-23 14:41:49,'2026042314413834773076940159,入账,4.74,聚合账户,货款结算入账,小店自卖,'6925570058892442731,'6925570058892442731,'SS76307240972452664820078,2026-04-13 13:56:54,'3809625164249956608,孕妇专用防滑拖鞋女士夏季家居家室内静音浴室洗澡防臭凉拖鞋外穿,,,普通订单,0.01,0,0,4.98,0,0,0,0,0,0,0,0,-0.25,0,0,0,0,0,0,,0,义乌市衍郝电子商务商行,订单结算
2026-04-23 14:41:49,'2026042314414001809287940159,入账,3.47,聚合账户,货款结算入账,小店自卖,'6925681861609947012,'6925681861609947012,'SS76307780356587689310183,2026-04-18 10:50:50,'3806655969480540177,米菲兔巨显发量香蕉兔子后脑勺盘发百搭少女发饰时尚可爱波点大号,,,普通订单,0.01,0,0,3.48,0,0,0,0,0,0,0,0,-0.02,0,0,0,0,0,0,是-商品卡免佣,0.15,义乌市衍郝电子商务商行,订单结算
2026-04-23 14:41:49,'2026042314413707313167710159,入账,3.23,聚合账户,货款结算入账,小店自卖,'6951875355288409188,'6951875355288409188,'SS76306452847097328910180,2026-04-08 00:09:55,'3809975766641410463,高级感水钻珠珠一字扭扭夹2026新款盘发抓夹后脑勺发量多发夹头饰,,,普通订单,2.45,0,0,0.8,0,0,0,0,0,0,0,0,-0.02,0,0,0,0,0,0,是-商品卡免佣,0.15,义乌市衍郝电子商务商行,订单结算
2026-04-23 14:41:49,'2026042314413830083484500159,入账,4.46,聚合账户,货款结算入账,小店自卖,'6952005316559247194,'6952005316559247194,'SS76306429169110714880240,2026-04-12 21:12:06,'3809625164249956608,孕妇专用防滑拖鞋女士夏季家居家室内静音浴室洗澡防臭凉拖鞋外穿,,,普通订单,0.01,0,0,4.48,0,0,0,0,0,0,0,0,-0.03,0,0,0,0,0,0,是-商品卡免佣,0.22,义乌市衍郝电子商务商行,订单结算
2026-04-23 14:41:49,'2026042314413915772759560159,入账,2.96,聚合账户,货款结算入账,小店自卖,'6952018598924457410,'6952018598924457410,'SS76306668077053711790203,2026-04-12 23:15:08,'3807217918840799504,新款百搭2026可爱小狗香蕉夹竖夹发夹脑勺扭扭夹高马尾抓夹高级感,,,普通订单,2.18,0,0,0.8,0,0,0,0,0,0,0,0,-0.02,0,0,0,0,0,0,是-商品卡免佣,0.15,义乌市衍郝电子商务商行,订单结算
2026-04-23 14:41:49,'2026042314413935380802940159,入账,3.38,聚合账户,货款结算入账,小店自卖,'6925675530619485280,'6925675530619485280,'SS76307901671126797210187,2026-04-18 12:21:00,'3812240028327870813,粉色双面蝴蝶结香蕉夹竖夹超温柔!气质高马尾发夹后脑勺发夹发饰,,,普通订单,0.01,0,0,3.39,0,0,0,0,0,0,0,0,-0.02,0,0,0,0,0,0,是-商品卡免佣,0.15,义乌市衍郝电子商务商行,订单结算
2026-04-23 14:41:49,'2026042314413840230302980159,入账,4.38,聚合账户,货款结算入账,小店自卖,'6925556061413080432,'6925556061413080432,'SS76306424185020421750051,2026-04-12 22:28:32,'3800198492568289686,买一送一爆款凉拖鞋男士夏季情侣2026新款家居防滑防臭厚底拖鞋女,,,普通订单,0.01,0,0,4.4,0,0,0,0,0,0,0,0,-0.03,0,0,0,0,0,0,是-商品卡免佣,0.22,义乌市衍郝电子商务商行,订单结算
2026-04-23 14:41:49,'2026042314413932382651260159,入账,2.24,聚合账户,货款结算入账,小店自卖,'6952033791774037738,'6952033791774037738,'SS76306414173298527240008,2026-04-12 21:07:09,'3809975766641410463,高级感水钻珠珠一字扭扭夹2026新款盘发抓夹后脑勺发量多发夹头饰,,,普通订单,1.65,0,0,0.6,0,0,0,0,0,0,0,0,-0.01,0,0,0,0,0,0,是-商品卡免佣,0.07,义乌市衍郝电子商务商行,订单结算
2026-04-23 14:41:49,'2026042314413732804538980159,入账,5.02,聚合账户,货款结算入账,小店自卖,'6925675503659352017,'6925675503659352017,'SS76308345590847900540182,2026-04-18 12:20:44,'3812244340491813699,新款密齿香蕉韩系法式波点蕾丝蝴蝶结后脑勺盘发发夹发卡马尾发饰,,,普通订单,0.05,0,0,5,0,0,0,0,0,0,0,0,-0.03,0,0,0,0,0,0,是-商品卡免佣,0.22,义乌市衍郝电子商务商行,订单结算
2026-04-23 14:41:49,'2026042314414034528632820159,入账,4.67,聚合账户,货款结算入账,小店自卖,'6925674818499738974,'6925674818499738974,'SS76307640493407280740236,2026-04-18 03:06:37,'3812961166053999319,ins爆款卡通蓬松夹鸭嘴夹一字夹化妆发夹超萌可爱猫咪少女刘海夹,,,普通订单,0.2,0,0,4.5,0,0,0,0,0,0,0,0,-0.03,0,0,0,0,0,0,是-商品卡免佣,0.22,义乌市衍郝电子商务商行,订单结算
2026-04-23 14:41:49,'2026042314413908664233050159,入账,3.47,聚合账户,货款结算入账,小店自卖,'6925670936419335553,'6925670936419335553,'SS76307171231319985000004,2026-04-18 08:41:34,'3812994604597379368,韩系重工藏青色爱心蕾丝四层大肠发圈女高级感超大扎头发头绳头饰,,,普通订单,0.01,0,0,3.64,0,0,0,0,0,0,0,0,-0.18,0,0,0,0,0,0,,0,义乌市衍郝电子商务商行,订单结算
2026-04-23 14:41:49,'2026042314413735454656400159,入账,2.36,聚合账户,货款结算入账,小店自卖,'6952123539665917923,'6952123539665917923,'SS76307515300057461860084,2026-04-16 01:49:58,'3812794010364412322,趣味黑皮kitty猫魔术贴超可爱猫咪整理碎发刘海贴魔术贴发卡化妆,,,普通订单,0.01,0,0,2.47,0,0,0,0,0,0,0,0,-0.12,0,0,0,0,0,0,,0,义乌市衍郝电子商务商行,订单结算
2026-04-23 14:41:49,'2026042314414030260475220159,入账,2.96,聚合账户,货款结算入账,小店自卖,'6952007144905119691,'6952007144905119691,'SS76306672748352189850085,2026-04-12 18:47:15,'3812961166053999319,ins爆款卡通蓬松夹鸭嘴夹一字夹化妆发夹超萌可爱猫咪少女刘海夹,,,普通订单,2.98,0,0,0,0,0,0,0,0,0,0,0,-0.02,0,0,0,0,0,0,是-商品卡免佣,0.15,义乌市衍郝电子商务商行,订单结算
2026-04-23 14:41:49,'2026042314413931807414030159,入账,5.32,聚合账户,货款结算入账,小店自卖,'6925543015839727582,'6925543015839727582,'SS76306657540533624410203,2026-04-13 00:10:00,'3810919823941174195,中式复古洋气多层小蛮腰褶皱印花肥肠圈高端水墨皮筋耐用新款发圈,,,普通订单,0.85,0,0,4.5,0,0,0,0,0,0,0,0,-0.03,0,0,0,0,0,0,是-商品卡免佣,0.22,义乌市衍郝电子商务商行,订单结算
2026-04-23 14:41:49,'2026042314413706974838020159,入账,3.89,聚合账户,货款结算入账,小店自卖,'6925683618247441714,'6925683618247441714,'SS76307763641064169050140,2026-04-18 06:43:05,'3813158348195496156,公主发夹波点蝴蝶结夹小众香蕉2026新款发饰发卡洋气双排头花夹子,,,普通订单,0.01,0,0,3.9,0,0,0,0,0,0,0,0,-0.02,0,0,0,0,0,0,是-商品卡免佣,0.15,义乌市衍郝电子商务商行,订单结算
2026-04-23 14:41:49,'2026042314413812547528180159,入账,3.47,聚合账户,货款结算入账,小店自卖,'6925685177542213024,'6925685177542213024,'SS76307789908731008430022,2026-04-18 01:55:52,'3806655969480540177,米菲兔巨显发量香蕉兔子后脑勺盘发百搭少女发饰时尚可爱波点大号,,,普通订单,0.01,0,0,3.48,0,0,0,0,0,0,0,0,-0.02,0,0,0,0,0,0,是-商品卡免佣,0.15,义乌市衍郝电子商务商行,订单结算
2026-04-23 14:41:49,'2026042314413733866102220159,入账,9.59,聚合账户,货款结算入账,小店自卖,'6952159818689419214,'6952159818689419214,'SS76307866999587845640239,2026-04-18 07:50:30,'3810919823941174195,中式复古洋气多层小蛮腰褶皱印花肥肠圈高端水墨皮筋耐用新款发圈,,,普通订单,7.65,0,0,2,0,0,0,0,0,0,0,0,-0.06,0,0,0,0,0,0,是-商品卡免佣,0.44,义乌市衍郝电子商务商行,订单结算
2026-04-23 14:41:49,'2026042314413935927700630159,入账,3.58,聚合账户,货款结算入账,小店自卖,'6952148411948995938,'6952148411948995938,'SS76307773736715228680049,2026-04-17 21:52:00,'3782304295328809090,黑色大号抓夹2025新款后脑勺盘发鲨鱼夹发大号在成人大号毛绒鲨鱼,,,普通订单,0.01,0,0,3.59,0,0,0,0,0,0,0,0,-0.02,0,0,0,0,0,0,是-商品卡免佣,0.15,义乌市衍郝电子商务商行,订单结算
2026-04-23 14:41:49,'2026042314413710535613780159,入账,5.52,聚合账户,货款结算入账,小店自卖,'6952094751525115489,'6952094751525115489,'SS76305099854919114590146,2026-04-15 23:27:16,'3812244340491813699,新款密齿香蕉韩系法式波点蕾丝蝴蝶结后脑勺盘发发夹发卡马尾发饰,,,普通订单,0.01,0,0,5.54,0,0,0,0,0,0,0,0,-0.03,0,0,0,0,0,0,是-商品卡免佣,0.22,义乌市衍郝电子商务商行,订单结算
2026-04-23 14:41:49,'2026042314413400140582860159,入账,2.83,聚合账户,货款结算入账,小店自卖,'6925429284844371261,'6925429284844371261,'SS76306647967495787670211,2026-04-07 23:09:42,'3771355796558971375,网红抓夹爆款2025新款高级感半扎发发夹后脑勺鲨鱼夹大号发量多,,,普通订单,0.01,0,0,2.97,0,0,0,0,0,0,0,0,-0.15,0,0,0,0,0,0,,0,义乌市衍郝电子商务商行,订单结算
2026-04-23 14:41:49,'2026042314413803400506880159,入账,4.11,聚合账户,货款结算入账,小店自卖,'6952002858891547835,'6952002858891547835,'SS76306666088177180590084,2026-04-12 17:18:40,'3784238937577488514,可爱猫咪香蕉夹女鲨鱼夹高级感发饰头饰韩大号在成人前额碎发夹子,,,普通订单,3.81,0.5,0,0.32,0,0,0,0,0,0,0,0,-0.02,0,0,0,0,0,0,是-商品卡免佣,0.15,义乌市衍郝电子商务商行,订单结算
2026-04-23 14:41:50,'2026042314413911333470810159,入账,4.74,聚合账户,货款结算入账,小店自卖,'6952143092532123287,'6952143092532123287,'SS76307566151557166180161,2026-04-17 12:21:54,'3799223154979766395,印花小熊防滑防臭抑菌拖鞋女士2026新款夏季浴室情侣家用凉拖男士,,,普通订单,1.99,0,0,3,0,0,0,0,0,0,0,0,-0.25,0,0,0,0,0,0,,0,义乌市衍郝电子商务商行,订单结算
2026-04-23 14:41:50,'2026042314413823677506650159,入账,4.38,聚合账户,货款结算入账,小店自卖,'6952134174394947449,'6952134174394947449,'SS76307243212833753960160,2026-04-17 06:28:23,'3800198492568289686,买一送一爆款凉拖鞋男士夏季情侣2026新款家居防滑防臭厚底拖鞋女,,,普通订单,0.01,0,0,4.4,0,0,0,0,0,0,0,0,-0.03,0,0,0,0,0,0,是-商品卡免佣,0.22,义乌市衍郝电子商务商行,订单结算
2026-04-23 14:41:50,'2026042314413931886543780159,入账,1.64,聚合账户,货款结算入账,小店自卖,'6952013602002048637,'6952013602002048637,'SS76307551108595553280193,2026-04-12 15:26:14,'3807610285351632955,超萌秋天日系毛绒布丁小熊可爱鸭嘴夹大号发夹头饰刘海后脑勺少女,,,普通订单,0.01,0,0,1.72,0,0,0,0,0,0,0,0,-0.09,0,0,0,0,0,0,,0,义乌市衍郝电子商务商行,订单结算
2026-04-23 14:41:50,'2026042314413919931468860159,入账,2.28,聚合账户,货款结算入账,小店自卖,'6952111050361280061,'6952111050361280061,'SS76307907039834649940012,2026-04-16 18:44:57,'3812961166053999319,ins爆款卡通蓬松夹鸭嘴夹一字夹化妆发夹超萌可爱猫咪少女刘海夹,,,普通订单,0.01,0,0,2.28,0,0,0,0,0,0,0,0,-0.01,0,0,0,0,0,0,是-商品卡免佣,0.07,义乌市衍郝电子商务商行,订单结算
2026-04-23 14:41:50,'2026042314414033731384830159,入账,4.96,聚合账户,货款结算入账,小店自卖,'6925673107978878172,'6925673107978878172,'SS76308458595972227080058,2026-04-18 10:55:14,'3799223154979766395,印花小熊防滑防臭抑菌拖鞋女士2026新款夏季浴室情侣家用凉拖男士,,,普通订单,1.99,0,0,3,0,0,0,0,0,0,0,0,-0.03,0,0,0,0,0,0,是-商品卡免佣,0.22,义乌市衍郝电子商务商行,订单结算
2026-04-23 14:41:50,'2026042314413937061593660159,入账,4.96,聚合账户,货款结算入账,小店自卖,'6952040991304062731,'6952040991304062731,'SS76307324820369741070176,2026-04-13 07:39:47,'3806655969480540177,米菲兔巨显发量香蕉兔子后脑勺盘发百搭少女发饰时尚可爱波点大号,,,普通订单,0.49,0,0,4.5,0,0,0,0,0,0,0,0,-0.03,0,0,0,0,0,0,是-商品卡免佣,0.22,义乌市衍郝电子商务商行,订单结算
2026-04-23 14:41:50,'2026042314414215652790220159,入账,1.97,聚合账户,货款结算入账,小店自卖,'6925554827501010356,'6925554827501010356,'SS76306388951845114880046,2026-04-13 03:00:13,'3812244340491813699,新款密齿香蕉韩系法式波点蕾丝蝴蝶结后脑勺盘发发夹发卡马尾发饰,,,普通订单,0.01,0,0,1.97,0,0,0,0,0,0,0,0,-0.01,0,0,0,0,0,0,是-商品卡免佣,0.07,义乌市衍郝电子商务商行,订单结算
2026-04-23 14:41:50,'2026042314414201601871860159,入账,4.47,聚合账户,货款结算入账,小店自卖,'6952137297905718934,'6952137297905718934,'SS76308131587015810940088,2026-04-17 21:13:13,'3812240028327870813,粉色双面蝴蝶结香蕉夹竖夹超温柔!气质高马尾发夹后脑勺发夹发饰,,,普通订单,0.5,0,0,4,0,0,0,0,0,0,0,0,-0.03,0,0,0,0,0,0,是-商品卡免佣,0.22,义乌市衍郝电子商务商行,订单结算
2026-04-23 14:41:50,'2026042314413701055787780159,入账,3.88,聚合账户,货款结算入账,小店自卖,'6925681760949664816,'6925681760949664816,'SS76306654685969658880094,2026-04-18 10:13:30,'3800198492568289686,买一送一爆款凉拖鞋男士夏季情侣2026新款家居防滑防臭厚底拖鞋女,,,普通订单,0.9,0,0,3,0,0,0,0,0,0,0,0,-0.02,0,0,0,0,0,0,是-商品卡免佣,0.15,义乌市衍郝电子商务商行,订单结算
2026-04-23 14:41:50,'2026042314414138169359360159,入账,3.83,聚合账户,货款结算入账,小店自卖,'6952031499620784013,'6952031499620784013,'SS76307377598794184080083,2026-04-12 20:21:14,'3812240028327870813,粉色双面蝴蝶结香蕉夹竖夹超温柔!气质高马尾发夹后脑勺发夹发饰,,,普通订单,0.01,0,0,3.84,0,0,0,0,0,0,0,0,-0.02,0,0,0,0,0,0,是-商品卡免佣,0.15,义乌市衍郝电子商务商行,订单结算
2026-04-23 14:41:50,'2026042314414130324987140159,入账,3.14,聚合账户,货款结算入账,小店自卖,'6925590414859861439,'6925590414859861439,'SS76306970991596508670245,2026-04-14 21:58:00,'3812434953229172775,山沐手作~青提奶绿森系葡萄发夹新中式古风高级感汉服头饰发饰,,,普通订单,0.01,0,0,3.15,0,0,0,0,0,0,0,0,-0.02,0,0,0,0,0,0,是-商品卡免佣,0.15,义乌市衍郝电子商务商行,订单结算
2026-04-23 14:41:50,'2026042314413800672571150159,入账,4.94,聚合账户,货款结算入账,小店自卖,'6925551854740077877,'6925551854740077877,'SS76306673028034071440057,2026-04-12 21:37:32,'3812961166053999319,ins爆款卡通蓬松夹鸭嘴夹一字夹化妆发夹超萌可爱猫咪少女刘海夹,,,普通订单,4.36,0,0,0.84,0,0,0,0,0,0,0,0,-0.26,0,0,0,0,0,0,,0,义乌市衍郝电子商务商行,订单结算
2026-04-23 14:41:50,'2026042314414300714552780159,入账,2.75,聚合账户,货款结算入账,小店自卖,'6925672524776373923,'6925672524776373923,'SS76307996975564065380031,2026-04-18 00:16:10,'3776223049020473524,韩系蓝色花朵水钻发夹女边夹侧边碎发刘海鸭嘴夹子高级感百搭夹子,,,普通订单,0.89,0.4,0,2,0,0,0,0,0,0,0,0,-0.14,0,0,0,0,0,0,,0,义乌市衍郝电子商务商行,订单结算
2026-04-23 14:41:50,'2026042314414026597624410159,入账,5.46,聚合账户,货款结算入账,小店自卖,'6952009353086113171,'6952009353086113171,'SS76305558765040440840248,2026-04-12 18:29:27,'3806655969480540177,米菲兔巨显发量香蕉兔子后脑勺盘发百搭少女发饰时尚可爱波点大号,,,普通订单,0.01,0,0,5.48,0,0,0,0,0,0,0,0,-0.03,0,0,0,0,0,0,是-商品卡免佣,0.22,义乌市衍郝电子商务商行,订单结算
2026-04-23 14:41:50,'2026042314413519266933850159,入账,4.25,聚合账户,货款结算入账,小店自卖,'6952127317091096160,'6952127317091096160,'SS76308669751535212030003,2026-04-17 03:42:39,'3812240028327870813,粉色双面蝴蝶结香蕉夹竖夹超温柔!气质高马尾发夹后脑勺发夹发饰,,,普通订单,0.01,0,0,4.27,0,0,0,0,0,0,0,0,-0.03,0,0,0,0,0,0,是-商品卡免佣,0.22,义乌市衍郝电子商务商行,订单结算
2026-04-23 14:41:50,'2026042314413521321162300159,入账,5.46,聚合账户,货款结算入账,小店自卖,'6952141071128467403,'6952141071128467403,'SS76307040965047262720007,2026-04-17 11:35:14,'3806655969480540177,米菲兔巨显发量香蕉兔子后脑勺盘发百搭少女发饰时尚可爱波点大号,,,普通订单,1.49,0,0,4,0,0,0,0,0,0,0,0,-0.03,0,0,0,0,0,0,是-商品卡免佣,0.22,义乌市衍郝电子商务商行,订单结算
2026-04-23 14:41:50,'2026042314413629474823950159,入账,3.12,聚合账户,货款结算入账,小店自卖,'6925543135498632542,'6925543135498632542,'SS76306668638964003930096,2026-04-13 02:50:59,'3806655969480540177,米菲兔巨显发量香蕉兔子后脑勺盘发百搭少女发饰时尚可爱波点大号,,,普通订单,0.01,0,0,3.13,0,0,0,0,0,0,0,0,-0.02,0,0,0,0,0,0,是-商品卡免佣,0.15,义乌市衍郝电子商务商行,订单结算
2026-04-23 14:41:50,'2026042314413932391662460159,入账,4.34,聚合账户,货款结算入账,小店自卖,'6952024595525867306,'6952024595525867306,'SS76306666268364027280238,2026-04-12 18:07:45,'3807233228251726216,发圈式啪啪圈~秋冬美拉德系懒人高马尾啪啪圈复古固定不塌神器,,,普通订单,3.17,0,0,1.2,0,0,0,0,0,0,0,0,-0.03,0,0,0,0,0,0,是-商品卡免佣,0.22,义乌市衍郝电子商务商行,订单结算
2026-04-23 14:41:50,'2026042314413935388831100159,入账,4.46,聚合账户,货款结算入账,小店自卖,'6952029491380754243,'6952029491380754243,'SS76306684825648340740041,2026-04-12 21:47:43,'3807610285351632955,超萌秋天日系毛绒布丁小熊可爱鸭嘴夹大号发夹头饰刘海后脑勺少女,,,普通订单,0.01,0,0,4.48,0,0,0,0,0,0,0,0,-0.03,0,0,0,0,0,0,是-商品卡免佣,0.22,义乌市衍郝电子商务商行,订单结算
2026-04-23 14:41:50,'2026042314414038216709540159,入账,2.2,聚合账户,货款结算入账,小店自卖,'6952154337253857163,'6952154337253857163,'SS76307957588017485140165,2026-04-17 09:40:00,'3812240028327870813,粉色双面蝴蝶结香蕉夹竖夹超温柔!气质高马尾发夹后脑勺发夹发饰,,,普通订单,0.01,0,0,2.2,0,0,0,0,0,0,0,0,-0.01,0,0,0,0,0,0,是-商品卡免佣,0.07,义乌市衍郝电子商务商行,订单结算
2026-04-23 14:41:50,'2026042314414117913290620159,入账,3.47,聚合账户,货款结算入账,小店自卖,'6925535642586283808,'6925535642586283808,'SS76308486424583910740187,2026-04-12 12:42:06,'3806655969480540177,米菲兔巨显发量香蕉兔子后脑勺盘发百搭少女发饰时尚可爱波点大号,,,普通订单,0.49,0,0,3,0,0,0,0,0,0,0,0,-0.02,0,0,0,0,0,0,是-商品卡免佣,0.15,义乌市衍郝电子商务商行,订单结算
2026-04-23 14:41:50,'2026042314413927990308110159,入账,4.29,聚合账户,货款结算入账,小店自卖,'6925685571462266748,'6925685571462266748,'SS76307485998144599550167,2026-04-18 09:22:27,'3812240028327870813,粉色双面蝴蝶结香蕉夹竖夹超温柔!气质高马尾发夹后脑勺发夹发饰,,,普通订单,0.01,0,0,4.31,0,0,0,0,0,0,0,0,-0.03,0,0,0,0,0,0,是-商品卡免佣,0.22,义乌市衍郝电子商务商行,订单结算
2026-04-23 14:41:50,'2026042314413802604406270159,入账,3.89,聚合账户,货款结算入账,小店自卖,'6952137488147158612,'6952137488147158612,'SS76307975331451049590244,2026-04-17 23:21:02,'3813158348195496156,公主发夹波点蝴蝶结夹小众香蕉2026新款发饰发卡洋气双排头花夹子,,,普通订单,1.91,0,0,2,0,0,0,0,0,0,0,0,-0.02,0,0,0,0,0,0,是-商品卡免佣,0.15,义乌市衍郝电子商务商行,订单结算
2026-04-23 14:41:50,'2026042314413734526008780159,入账,3.4,聚合账户,货款结算入账,小店自卖,'6925665983043435727,'6925665983043435727,'SS76308272643803062140066,2026-04-17 22:45:52,'3806656594406670373,虞书欣同款发扣小金属圆圈环扣刘海前额侧边边夹发夹抓夹发卡夹子,,,普通订单,0.01,0,0,3.41,0,0,0,0,0,0,0,0,-0.02,0,0,0,0,0,0,是-商品卡免佣,0.15,义乌市衍郝电子商务商行,订单结算
2026-04-23 14:41:50,'2026042314413927271214170159,入账,2.28,聚合账户,货款结算入账,小店自卖,'6952155326522332503,'6952155326522332503,'SS76307816542394944060031,2026-04-17 20:38:43,'3812961166053999319,ins爆款卡通蓬松夹鸭嘴夹一字夹化妆发夹超萌可爱猫咪少女刘海夹,,,普通订单,1.89,0,0,0.4,0,0,0,0,0,0,0,0,-0.01,0,0,0,0,0,0,是-商品卡免佣,0.07,义乌市衍郝电子商务商行,订单结算
2026-04-23 14:41:50,'2026042314414330998699710159,入账,6.35,聚合账户,货款结算入账,小店自卖,'6952032471738291337,'6952032471738291337,'SS76307002343281505620172,2026-04-13 10:16:51,'3674363744047202423,儿童碎发梳韩式发夹小女孩头饰可爱碎发神器女童发卡高颅顶神器,,,普通订单,5.59,1.1,0,0.8,0,0,0,0,0,0,0,0,-0.04,0,0,0,0,0,0,是-商品卡免佣,0.29,义乌市衍郝电子商务商行,订单结算
2026-04-23 14:41:50,'2026042314413602632627620159,入账,4.03,聚合账户,货款结算入账,小店自卖,'6952141542743741546,'6952141542743741546,'SS76307877268539476480180,2026-04-17 16:42:43,'3812994604597379368,韩系重工藏青色爱心蕾丝四层大肠发圈女高级感超大扎头发头绳头饰,,,普通订单,0.01,0,0,4.04,0,0,0,0,0,0,0,0,-0.02,0,0,0,0,0,0,是-商品卡免佣,0.15,义乌市衍郝电子商务商行,订单结算
2026-04-23 14:41:50,'2026042314413706978770180159,入账,8.25,聚合账户,货款结算入账,小店自卖,'6925580330506615987,'6925580330506615987,'SS76305262857085138260080,2026-04-14 00:57:20,'3812240028327870813,粉色双面蝴蝶结香蕉夹竖夹超温柔!气质高马尾发夹后脑勺发夹发饰,,,普通订单,5.68,0,0,3,0,0,0,0,0,0,0,0,-0.43,0,0,0,0,0,0,,0,义乌市衍郝电子商务商行,订单结算
2026-04-23 14:41:50,'2026042314413623546273790159,入账,4.96,聚合账户,货款结算入账,小店自卖,'6925550605308297091,'6925550605308297091,'SS76307502019764390860205,2026-04-13 13:23:35,'3806655969480540177,米菲兔巨显发量香蕉兔子后脑勺盘发百搭少女发饰时尚可爱波点大号,,,普通订单,0.49,0,0,4.5,0,0,0,0,0,0,0,0,-0.03,0,0,0,0,0,0,是-商品卡免佣,0.22,义乌市衍郝电子商务商行,订单结算
2026-04-23 14:41:50,'2026042314413704914058740159,入账,3.47,聚合账户,货款结算入账,小店自卖,'6925678961339628682,'6925678961339628682,'SS76307866104265444250035,2026-04-17 23:01:00,'3806655969480540177,米菲兔巨显发量香蕉兔子后脑勺盘发百搭少女发饰时尚可爱波点大号,,,普通订单,1.49,0,0,2,0,0,0,0,0,0,0,0,-0.02,0,0,0,0,0,0,是-商品卡免佣,0.15,义乌市衍郝电子商务商行,订单结算
2026-04-23 14:41:50,'2026042314414230496200060159,入账,5.27,聚合账户,货款结算入账,小店自卖,'6952016867398326195,'6952016867398326195,'SS76306668938796408680131,2026-04-13 06:31:36,'3812244340491813699,新款密齿香蕉韩系法式波点蕾丝蝴蝶结后脑勺盘发发夹发卡马尾发饰,,,普通订单,1.55,0,0,4,0,0,0,0,0,0,0,0,-0.28,0,0,0,0,0,0,,0,义乌市衍郝电子商务商行,订单结算
2026-04-23 14:42:29,'2026042314421610958769020159,入账,4.03,聚合账户,货款结算入账,小店自卖,'6925561781162442584,'6925561781162442584,'SS76307124498474767720218,2026-04-13 13:06:09,'3812240028327870813,粉色双面蝴蝶结香蕉夹竖夹超温柔!气质高马尾发夹后脑勺发夹发饰,,,普通订单,0.01,0,0,4.04,0,0,0,0,0,0,0,0,-0.02,0,0,0,0,0,0,是-商品卡免佣,0.15,义乌市衍郝电子商务商行,订单结算
2026-04-23 14:43:13,'2026042314430306921428900159,入账,5.03,聚合账户,货款结算入账,小店自卖,'6952148298938389859,'6952148298938389859,'SS76307998443908306320241,2026-04-17 20:31:58,'3809625164249956608,孕妇专用防滑拖鞋女士夏季家居家室内静音浴室洗澡防臭凉拖鞋外穿,,,普通订单,3.71,0,0,1.58,0,0,0,0,0,0,0,0,-0.26,0,0,0,0,0,0,,0,义乌市衍郝电子商务商行,订单结算
2026-04-23 14:44:42,'2026042314442841914086460159,入账,4.65,聚合账户,货款结算入账,小店自卖,'6952103293882930747,'6952103293882930747,'SS76308264417807572480238,2026-04-15 22:01:38,'3800198492568289686,买一送一爆款凉拖鞋男士夏季情侣2026新款家居防滑防臭厚底拖鞋女,,,普通订单,0.01,0,0,4.89,0,0,0,0,0,0,0,0,-0.25,0,0,0,0,0,0,,0,义乌市衍郝电子商务商行,订单结算
2026-04-23 14:45:19,'2026042314450939147484590159,入账,4.96,聚合账户,货款结算入账,小店自卖,'6952019005129364578,'6952019005129364578,'SS76306419495155021320156,2026-04-13 08:22:58,'3809625164249956608,孕妇专用防滑拖鞋女士夏季家居家室内静音浴室洗澡防臭凉拖鞋外穿,,,普通订单,0.01,0,0,4.98,0,0,0,0,0,0,0,0,-0.03,0,0,0,0,0,0,是-商品卡免佣,0.22,义乌市衍郝电子商务商行,订单结算
2026-04-23 14:45:28,'2026042314451808454807400159,入账,2.6,聚合账户,货款结算入账,小店自卖,'6925666028114116445,'6925666028114116445,'SS76308324035980375310172,2026-04-17 23:12:44,'3776798658356445396,发夹女后脑勺轻奢风鲨鱼夹大号发量多新款头发夹子抓夹发卡头饰,,,普通订单,0.62,0,0,2,0,0,0,0,0,0,0,0,-0.02,0,0,0,0,0,0,是-商品卡免佣,0.15,义乌市衍郝电子商务商行,订单结算
2026-04-23 14:45:43,'2026042314453709859077460159,入账,8.45,聚合账户,货款结算入账,小店自卖,'6952122892293183282,'6952122892293183282,'SS76308112374430807230050,2026-04-16 21:28:02,'3800198492568289686,买一送一爆款凉拖鞋男士夏季情侣2026新款家居防滑防臭厚底拖鞋女,,,普通订单,4.83,0,0,4.07,0,0,0,0,0,0,0,0,-0.45,0,0,0,0,0,0,,0,义乌市衍郝电子商务商行,订单结算
2026-04-23 14:46:36,'2026042314462712211533060159,入账,5.09,聚合账户,货款结算入账,小店自卖,'6952132717939005039,'6952132717939005039,'SS76308115856740685140220,2026-04-17 21:08:21,'3671567561331441828,黑色气质碎发bb夹气质发夹发饰无痕皮筋发圈头饰简约扎头大肠白发,,,普通订单,5.12,0,0,0,0,0,0,0,0,0,0,0,-0.03,0,0,0,0,0,0,是-商品卡免佣,0.22,义乌市衍郝电子商务商行,订单结算
2026-04-23 14:46:41,'2026042314463436352210380159,入账,2.2,聚合账户,货款结算入账,小店自卖,'6925681246084562599,'6925681246084562599,'SS76308083651027443580169,2026-04-18 03:27:07,'3812240028327870813,粉色双面蝴蝶结香蕉夹竖夹超温柔!气质高马尾发夹后脑勺发夹发饰,,,普通订单,0.01,0,0,2.2,0,0,0,0,0,0,0,0,-0.01,0,0,0,0,0,0,是-商品卡免佣,0.07,义乌市衍郝电子商务商行,订单结算
2026-04-23 14:47:00,'2026042314465105880220510159,入账,4.96,聚合账户,货款结算入账,小店自卖,'6952023894481180369,'6952023894481180369,'SS76307240550418847260211,2026-04-13 13:50:14,'3809625164249956608,孕妇专用防滑拖鞋女士夏季家居家室内静音浴室洗澡防臭凉拖鞋外穿,,,普通订单,1.99,0,0,3,0,0,0,0,0,0,0,0,-0.03,0,0,0,0,0,0,是-商品卡免佣,0.22,义乌市衍郝电子商务商行,订单结算
2026-04-23 14:47:05,'2026042314465600993528670159,入账,4.46,聚合账户,货款结算入账,小店自卖,'6952017880113026127,'6952017880113026127,'SS76306416663991424100067,2026-04-12 16:27:33,'3809625164249956608,孕妇专用防滑拖鞋女士夏季家居家室内静音浴室洗澡防臭凉拖鞋外穿,,,普通订单,0.01,0,0,4.48,0,0,0,0,0,0,0,0,-0.03,0,0,0,0,0,0,是-商品卡免佣,0.22,义乌市衍郝电子商务商行,订单结算
2026-04-23 14:47:13,'2026042314470231342763950159,入账,2.83,聚合账户,货款结算入账,小店自卖,'6925665326454504692,'6925665326454504692,'SS76308483430145400830052,2026-04-17 17:55:20,'3812961166053999319,ins爆款卡通蓬松夹鸭嘴夹一字夹化妆发夹超萌可爱猫咪少女刘海夹,,,普通订单,2.17,0,0,0.81,0,0,0,0,0,0,0,0,-0.15,0,0,0,0,0,0,,0,义乌市衍郝电子商务商行,订单结算
2026-04-23 14:47:29,'2026042314471920306501550159,入账,5.97,聚合账户,货款结算入账,小店自卖,'6925673004931121085,'6925673004931121085,'SS76307891626583045470073,2026-04-18 09:44:09,'3797744148640039074,新款法式公主头赫本抓夹女冬季发抓后脑勺高级感气质鲨鱼夹子发卡,,,普通订单,4.4,0,0,1.88,0,0,0,0,0,0,0,0,-0.31,0,0,0,0,0,0,,0,义乌市衍郝电子商务商行,订单结算
2026-04-23 14:47:40,'2026042314473110448450980159,入账,8.45,聚合账户,货款结算入账,小店自卖,'6925556231938735547,'6925556231938735547,'SS76306671523409595230026,2026-04-12 23:35:37,'3800198492568289686,买一送一爆款凉拖鞋男士夏季情侣2026新款家居防滑防臭厚底拖鞋女,,,普通订单,5.9,0,0,3,0,0,0,0,0,0,0,0,-0.45,0,0,0,0,0,0,,0,义乌市衍郝电子商务商行,订单结算
2026-04-23 14:48:12,'2026042314475803446218650159,入账,5.03,聚合账户,货款结算入账,小店自卖,'6925673463622892852,'6925673463622892852,'SS76306979459368105500190,2026-04-17 12:53:01,'3809625164249956608,孕妇专用防滑拖鞋女士夏季家居家室内静音浴室洗澡防臭凉拖鞋外穿,,,普通订单,2.29,0,0,3,0,0,0,0,0,0,0,0,-0.26,0,0,0,0,0,0,,0,义乌市衍郝电子商务商行,订单结算
2026-04-23 14:49:17,'2026042314490602872489370159,入账,0.14,聚合账户,货款结算入账,小店自卖,'6925568168753855852,'6925568168753855852,'SS76306794365520942420075,2026-04-13 19:05:20,'3809610642873254247,法式秋冬季森系ins甜美大肠发圈经典系列发绳高级感方巾发圈发饰,,,普通订单,1.05,0,0,0.09,0,0,0,0,0,0,0,-1,0,0,0,0,0,0,0,是-商品卡免佣,0,义乌市衍郝电子商务商行,订单结算
2026-04-23 14:49:23,'2026042314491025005596580159,入账,3.89,聚合账户,货款结算入账,小店自卖,'6925668684719029459,'6925668684719029459,'SS76307137117451225860053,2026-04-17 10:01:33,'3813158348195496156,公主发夹波点蝴蝶结夹小众香蕉2026新款发饰发卡洋气双排头花夹子,,,普通订单,0.91,0,0,3,0,0,0,0,0,0,0,0,-0.02,0,0,0,0,0,0,是-商品卡免佣,0.15,义乌市衍郝电子商务商行,订单结算
2026-04-23 14:49:53,'2026042314494110875051610159,入账,4.77,聚合账户,货款结算入账,小店自卖,'6925648912730324944,'6925648912730324944,'SS76308472771329438720244,2026-04-16 23:25:57,'3812240028327870813,粉色双面蝴蝶结香蕉夹竖夹超温柔!气质高马尾发夹后脑勺发夹发饰,,,普通订单,0.01,0,0,4.79,0,0,0,0,0,0,0,0,-0.03,0,0,0,0,0,0,是-商品卡免佣,0.22,义乌市衍郝电子商务商行,订单结算
2026-04-23 14:50:39,'2026042314502932604861530159,入账,3.63,聚合账户,货款结算入账,小店自卖,'6925648883391429797,'6925648883391429797,'SS76306879525695163300013,2026-04-16 22:56:32,'3810919823941174195,中式复古洋气多层小蛮腰褶皱印花肥肠圈高端水墨皮筋耐用新款发圈,,,普通订单,0.01,0,0,3.64,0,0,0,0,0,0,0,0,-0.02,0,0,0,0,0,0,是-商品卡免佣,0.15,义乌市衍郝电子商务商行,订单结算
2026-04-23 14:50:50,'2026042314503711590866380159,入账,4.46,聚合账户,货款结算入账,小店自卖,'6952025222353393123,'6952025222353393123,'SS76306419373138621980192,2026-04-12 23:44:32,'3809625164249956608,孕妇专用防滑拖鞋女士夏季家居家室内静音浴室洗澡防臭凉拖鞋外穿,,,普通订单,0.01,0,0,4.48,0,0,0,0,0,0,0,0,-0.03,0,0,0,0,0,0,是-商品卡免佣,0.22,义乌市衍郝电子商务商行,订单结算
2026-04-23 14:51:03,'2026042314505027062932580159,入账,4.65,聚合账户,货款结算入账,小店自卖,'6925547316441218532,'6925547316441218532,'SS76306425132801887060144,2026-04-12 23:58:40,'3800198492568289686,买一送一爆款凉拖鞋男士夏季情侣2026新款家居防滑防臭厚底拖鞋女,,,普通订单,2.9,0,0,2,0,0,0,0,0,0,0,0,-0.25,0,0,0,0,0,0,,0,义乌市衍郝电子商务商行,订单结算
2026-04-23 14:51:05,'2026042314505405860111820159,入账,3.04,聚合账户,货款结算入账,小店自卖,'6925615545690127832,'6925615545690127832,'SS76307073427658022490043,2026-04-15 19:17:40,'3774210871656579079,小众不规则配饰撞色女新款高级感发卡爆款大号鲨鱼夹发夹气质头饰,,,普通订单,0.14,0,0,3.06,0,0,0,0,0,0,0,0,-0.16,0,0,0,0,0,0,,0,义乌市衍郝电子商务商行,订单结算
2026-04-23 14:51:09,'2026042314510017744535300159,入账,2.93,聚合账户,货款结算入账,小店自卖,'6925697057688682003,'6925697057688682003,'SS76307479238190904860168,2026-04-18 14:45:22,'3797749369206342546,豹纹大肠发圈高级小众手工韩国新款头绳编织显发量马尾丸子头发绳,,,普通订单,0.01,0,0,2.94,0,0,0,0,0,0,0,0,-0.02,0,0,0,0,0,0,是-商品卡免佣,0.15,义乌市衍郝电子商务商行,订单结算
2026-04-23 14:51:16,'2026042314510714026716420159,入账,2.84,聚合账户,货款结算入账,小店自卖,'6952096461376132153,'6952096461376132153,'SS76308063804460403600045,2026-04-15 21:02:18,'3811102963569655948,春夏撞色蝴蝶结发夹发卡女后脑勺2026新款气质大号盘发鸭嘴夹发饰,,,普通订单,0.01,0,0,2.98,0,0,0,0,0,0,0,0,-0.15,0,0,0,0,0,0,,0,义乌市衍郝电子商务商行,订单结算
2026-04-23 14:51:42,'2026042314513002184811860159,出账,2,聚合账户,小额打款,,'6925661352932114290,'6925661352932114290,,,,,,,普通订单,0,0,0,0,0,0,0,0,0,0,0,0,0,0,0,0,0,0,0,,0,义乌市衍郝电子商务商行,商家向消费者小额打款-“其他”
2026-04-23 14:51:50,'2026042314513809199457540159,入账,1.87,聚合账户,货款结算入账,小店自卖,'6925677664549830397,'6925677664549830397,'SS76306930271033308260024,2026-04-18 12:35:13,'3812244340491813699,新款密齿香蕉韩系法式波点蕾丝蝴蝶结后脑勺盘发发夹发卡马尾发饰,,,普通订单,0.01,0,0,1.87,0,0,0,0,0,0,0,0,-0.01,0,0,0,0,0,0,是-商品卡免佣,0.07,义乌市衍郝电子商务商行,订单结算
2026-04-23 14:52:37,'2026042314522437584248680159,入账,4.93,聚合账户,货款结算入账,小店自卖,'6952024939417048452,'6952024939417048452,'SS76306419040413988220138,2026-04-12 21:17:28,'3811860441341232019,踩屎感拖鞋2026夏季eva浴室防滑情侣软底厚底居家室内凉拖鞋男夏,,,普通订单,1.54,0,0,3.65,0,0,0,0,0,0,0,0,-0.26,0,0,0,0,0,0,,0,义乌市衍郝电子商务商行,订单结算
2026-04-23 14:53:31,'2026042314531926053353300159,入账,4.27,聚合账户,货款结算入账,小店自卖,'6925649141561523528,'6925649141561523528,'SS76306819419433866590071,2026-04-17 01:32:43,'3812240028327870813,粉色双面蝴蝶结香蕉夹竖夹超温柔!气质高马尾发夹后脑勺发夹发饰,,,普通订单,0.3,0,0,4,0,0,0,0,0,0,0,0,-0.03,0,0,0,0,0,0,是-商品卡免佣,0.22,义乌市衍郝电子商务商行,订单结算
2026-04-23 14:53:50,'2026042314533501496888730159,入账,4.87,聚合账户,货款结算入账,小店自卖,'6925669380465982880,'6925669380465982880,'SS76307252096955850390161,2026-04-17 15:04:16,'3800198492568289686,买一送一爆款凉拖鞋男士夏季情侣2026新款家居防滑防臭厚底拖鞋女,,,普通订单,0.01,0,0,4.89,0,0,0,0,0,0,0,0,-0.03,0,0,0,0,0,0,是-商品卡免佣,0.22,义乌市衍郝电子商务商行,订单结算
2026-04-23 14:54:00,'2026042314534602209221120159,入账,8.41,聚合账户,货款结算入账,小店自卖,'6951993604196800344,'6951993604196800344,'SS76306416512958963710021,2026-04-12 16:37:13,'3800198492568289686,买一送一爆款凉拖鞋男士夏季情侣2026新款家居防滑防臭厚底拖鞋女,,,普通订单,7.84,0,0,0.62,0,0,0,0,0,0,0,0,-0.05,0,0,0,0,0,0,是-商品卡免佣,0.37,义乌市衍郝电子商务商行,订单结算
2026-04-23 14:54:18,'2026042314541000252195900159,入账,8.85,聚合账户,货款结算入账,小店自卖,'6952049919796319494,'6952049919796319494,'SS76307949910483110860177,2026-04-14 13:32:02,'3800198492568289686,买一送一爆款凉拖鞋男士夏季情侣2026新款家居防滑防臭厚底拖鞋女,,,普通订单,6.5,0,0,2.4,0,0,0,0,0,0,0,0,-0.05,0,0,0,0,0,0,是-商品卡免佣,0.37,义乌市衍郝电子商务商行,订单结算
2026-04-23 14:54:21,'2026042314541131381959770159,出账,2,聚合账户,小额打款,,'6952148392528516916,'6952148392528516916,,,,,,,普通订单,0,0,0,0,0,0,0,0,0,0,0,0,0,0,0,0,0,0,0,,0,义乌市衍郝电子商务商行,商家向消费者小额打款-“其他”
2026-04-23 14:54:45,'2026042314543130250972160159,入账,4.03,聚合账户,货款结算入账,小店自卖,'6925680935283883662,'6925680935283883662,'SS76307252410019190160059,2026-04-17 22:47:37,'3812240028327870813,粉色双面蝴蝶结香蕉夹竖夹超温柔!气质高马尾发夹后脑勺发夹发饰,,,普通订单,3.05,0,0,2.01,0,0,0,0,0,0,0,-1,-0.03,0,0,0,0,0,0,是-商品卡免佣,0.22,义乌市衍郝电子商务商行,订单结算
2026-04-23 14:56:22,'2026042314561509238124040159,入账,2.84,聚合账户,货款结算入账,小店自卖,'6952142598997350047,'6952142598997350047,'SS76305430202414904840210,2026-04-17 04:51:59,'3811102963569655948,春夏撞色蝴蝶结发夹发卡女后脑勺2026新款气质大号盘发鸭嘴夹发饰,,,普通订单,0.01,0,0,2.98,0,0,0,0,0,0,0,0,-0.15,0,0,0,0,0,0,,0,义乌市衍郝电子商务商行,订单结算
2026-04-23 14:56:22,'2026042314561206711877540159,入账,2.83,聚合账户,货款结算入账,小店自卖,'6925671986176752734,'6925671986176752734,'SS76308502370463258110010,2026-04-17 20:26:38,'3812240028327870813,粉色双面蝴蝶结香蕉夹竖夹超温柔!气质高马尾发夹后脑勺发夹发饰,,,普通订单,0.01,0,0,2.97,0,0,0,0,0,0,0,0,-0.15,0,0,0,0,0,0,,0,义乌市衍郝电子商务商行,订单结算
2026-04-23 14:56:22,'2026042314561134025190820159,入账,4.74,聚合账户,货款结算入账,小店自卖,'6925545706917952708,'6925545706917952708,'SS76307241408279393550080,2026-04-13 08:41:18,'3809625164249956608,孕妇专用防滑拖鞋女士夏季家居家室内静音浴室洗澡防臭凉拖鞋外穿,,,普通订单,0.01,0,0,4.98,0,0,0,0,0,0,0,0,-0.25,0,0,0,0,0,0,,0,义乌市衍郝电子商务商行,订单结算
2026-04-23 14:56:22,'2026042314561404203154350159,入账,3.51,聚合账户,货款结算入账,小店自卖,'6925554466698198252,'6925554466698198252,'SS76306668272245847440136,2026-04-12 22:41:08,'3809262658188869664,高级感新年红色大肠发圈女2026新款扎头发绳丸子氛围感头花发饰,,,普通订单,3.21,0,0,0.32,0,0,0,0,0,0,0,0,-0.02,0,0,0,0,0,0,是-商品卡免佣,0.15,义乌市衍郝电子商务商行,订单结算
2026-04-23 14:56:22,'2026042314561017833500790159,入账,8.45,聚合账户,货款结算入账,小店自卖,'6925607905335869037,'6925607905335869037,'SS76306634545823135220213,2026-04-14 20:41:28,'3800198492568289686,买一送一爆款凉拖鞋男士夏季情侣2026新款家居防滑防臭厚底拖鞋女,,,普通订单,5.9,0,0,3,0,0,0,0,0,0,0,0,-0.45,0,0,0,0,0,0,,0,义乌市衍郝电子商务商行,订单结算
2026-04-23 14:56:22,'2026042314561316534412860159,入账,3.96,聚合账户,货款结算入账,小店自卖,'6925683203604970675,'6925683203604970675,'SS76307892174592742490056,2026-04-17 22:32:11,'3812795676727836686,趣味黑皮可爱KT猫咪刘海贴碎发整理神器魔术贴无痕发夹女头饰发饰,,,普通订单,0.01,0,0,3.97,0,0,0,0,0,0,0,0,-0.02,0,0,0,0,0,0,是-商品卡免佣,0.15,义乌市衍郝电子商务商行,订单结算
2026-04-23 14:56:22,'2026042314561223931991130159,入账,4.96,聚合账户,货款结算入账,小店自卖,'6952140125784773971,'6952140125784773971,'SS76307923913313651700104,2026-04-16 21:23:46,'3812961166053999319,ins爆款卡通蓬松夹鸭嘴夹一字夹化妆发夹超萌可爱猫咪少女刘海夹,,,普通订单,0.01,0,0,4.98,0,0,0,0,0,0,0,0,-0.03,0,0,0,0,0,0,是-商品卡免佣,0.22,义乌市衍郝电子商务商行,订单结算
2026-04-23 14:56:22,'2026042314561414223117340159,入账,2.13,聚合账户,货款结算入账,小店自卖,'6925638514580881191,'6925638514580881191,'SS76305130688968788740118,2026-04-16 13:52:29,'3656186919630559115,网红新款耐用气质发夹蝴蝶结发饰丸子头抓夹女洋气夹子头饰发卡,,,普通订单,1.57,0,0,0.67,0,0,0,0,0,0,0,0,-0.11,0,0,0,0,0,0,,0,义乌市衍郝电子商务商行,订单结算
2026-04-23 14:56:22,'2026042314561414097822870159,入账,3.36,聚合账户,货款结算入账,小店自卖,'6952031539940890398,'6952031539940890398,'SS76306665989743580160134,2026-04-12 20:42:22,'3812796426258350389,夏天简约随手盘发一字扭扭夹水钻抓夹高级发夹扭扭后脑勺盘发器,,,普通订单,1.38,0,0,2,0,0,0,0,0,0,0,0,-0.02,0,0,0,0,0,0,是-商品卡免佣,0.15,义乌市衍郝电子商务商行,订单结算
2026-04-23 14:56:22,'2026042314561410289484990159,入账,8.85,聚合账户,货款结算入账,小店自卖,'6925547621870631955,'6925547621870631955,'SS76306426362814141790169,2026-04-13 07:41:06,'3800198492568289686,买一送一爆款凉拖鞋男士夏季情侣2026新款家居防滑防臭厚底拖鞋女,,,普通订单,6.9,0,0,2,0,0,0,0,0,0,0,0,-0.05,0,0,0,0,0,0,是-商品卡免佣,0.37,义乌市衍郝电子商务商行,订单结算
2026-04-23 14:56:22,'2026042314561701433810320159,入账,2.2,聚合账户,货款结算入账,小店自卖,'6952159274582218458,'6952159274582218458,'SS76308179033447470230025,2026-04-17 20:38:39,'3812240028327870813,粉色双面蝴蝶结香蕉夹竖夹超温柔!气质高马尾发夹后脑勺发夹发饰,,,普通订单,0.01,0,0,2.2,0,0,0,0,0,0,0,0,-0.01,0,0,0,0,0,0,是-商品卡免佣,0.07,义乌市衍郝电子商务商行,订单结算
2026-04-23 14:56:22,'2026042314561330161515940159,入账,4.87,聚合账户,货款结算入账,小店自卖,'6925635119353986864,'6925635119353986864,'SS76307381327824164240047,2026-04-16 16:33:44,'3800198492568289686,买一送一爆款凉拖鞋男士夏季情侣2026新款家居防滑防臭厚底拖鞋女,,,普通订单,0.01,0,0,4,0,0,0,0,0,0.89,0,0,-0.03,0,0,0,0,0,0,是-商品卡免佣,0.22,义乌市衍郝电子商务商行,订单结算
2026-04-23 14:56:22,'2026042314561320850283670159,入账,1.89,聚合账户,货款结算入账,小店自卖,'6952086586831541441,'6952086586831541441,'SS76307632556542899710014,2026-04-15 09:00:24,'3812796426258350389,夏天简约随手盘发一字扭扭夹水钻抓夹高级发夹扭扭后脑勺盘发器,,,普通订单,0.01,0,0,1.98,0,0,0,0,0,0,0,0,-0.1,0,0,0,0,0,0,,0,义乌市衍郝电子商务商行,订单结算
2026-04-23 14:56:22,'2026042314560904897510910159,入账,3.84,聚合账户,货款结算入账,小店自卖,'6925544849237835168,'6925544849237835168,'SS76306667915973593600106,2026-04-12 21:21:10,'3767675591411761485,显白牛油果绿系列小丝巾缠包模特搭配装饰品丝带绑红色蝴蝶结发饰,,,普通订单,3.39,0,0,0.47,0,0,0,0,0,0,0,0,-0.02,0,0,0,0,0,0,是-商品卡免佣,0.15,义乌市衍郝电子商务商行,订单结算
2026-04-23 14:56:22,'2026042314560823839547300159,入账,4.87,聚合账户,货款结算入账,小店自卖,'6925670326049013294,'6925670326049013294,'SS76307634775955218180195,2026-04-17 22:25:34,'3800198492568289686,买一送一爆款凉拖鞋男士夏季情侣2026新款家居防滑防臭厚底拖鞋女,,,普通订单,0.01,0,0,4.89,0,0,0,0,0,0,0,0,-0.03,0,0,0,0,0,0,是-商品卡免佣,0.22,义乌市衍郝电子商务商行,订单结算
2026-04-23 14:56:22,'2026042314561240105904740159,入账,6.44,聚合账户,货款结算入账,小店自卖,'6952043862001980813,'6952043862001980813,'SS76307015482774697310138,2026-04-13 12:12:41,'3810919823941174195,中式复古洋气多层小蛮腰褶皱印花肥肠圈高端水墨皮筋耐用新款发圈,,,普通订单,1.98,0,0,4.5,0,0,0,0,0,0,0,0,-0.04,0,0,0,0,0,0,是-商品卡免佣,0.29,义乌市衍郝电子商务商行,订单结算
2026-04-23 14:56:22,'2026042314561307957099930159,入账,3.19,聚合账户,货款结算入账,小店自卖,'6952164262083040480,'6952164262083040480,'SS76306973145244638810182,2026-04-18 05:22:53,'3812796426258350389,夏天简约随手盘发一字扭扭夹水钻抓夹高级发夹扭扭后脑勺盘发器,,,普通订单,2.91,0,0,0.3,0,0,0,0,0,0,0,0,-0.02,0,0,0,0,0,0,是-商品卡免佣,0.15,义乌市衍郝电子商务商行,订单结算
2026-04-23 14:56:22,'2026042314561417576435560159,入账,4.29,聚合账户,货款结算入账,小店自卖,'6925546397000498832,'6925546397000498832,'SS76307368615349990740173,2026-04-12 18:06:25,'3812240028327870813,粉色双面蝴蝶结香蕉夹竖夹超温柔!气质高马尾发夹后脑勺发夹发饰,,,普通订单,0.01,0,0,4.31,0,0,0,0,0,0,0,0,-0.03,0,0,0,0,0,0,是-商品卡免佣,0.22,义乌市衍郝电子商务商行,订单结算
2026-04-23 14:56:22,'2026042314561218924510980159,入账,4.96,聚合账户,货款结算入账,小店自卖,'6952026863526941898,'6952026863526941898,'SS76306665788206453850211,2026-04-12 15:49:53,'3806655969480540177,米菲兔巨显发量香蕉兔子后脑勺盘发百搭少女发饰时尚可爱波点大号,,,普通订单,0.49,0,0,4.5,0,0,0,0,0,0,0,0,-0.03,0,0,0,0,0,0,是-商品卡免佣,0.22,义乌市衍郝电子商务商行,订单结算
2026-04-23 14:56:22,'2026042314561133357662910159,入账,3.23,聚合账户,货款结算入账,小店自卖,'6925632169425403775,'6925632169425403775,'SS76306968629872235940181,2026-04-15 22:23:12,'3809975766641410463,高级感水钻珠珠一字扭扭夹2026新款盘发抓夹后脑勺发量多发夹头饰,,,普通订单,2.65,0,0,0.6,0,0,0,0,0,0,0,0,-0.02,0,0,0,0,0,0,是-商品卡免佣,0.15,义乌市衍郝电子商务商行,订单结算
2026-04-23 14:56:23,'2026042314561503157854720159,入账,4.74,聚合账户,货款结算入账,小店自卖,'6952031835311642498,'6952031835311642498,'SS76306421675181509180108,2026-04-12 23:09:40,'3809625164249956608,孕妇专用防滑拖鞋女士夏季家居家室内静音浴室洗澡防臭凉拖鞋外穿,,,普通订单,1.4,0,0,3.59,0,0,0,0,0,0,0,0,-0.25,0,0,0,0,0,0,,0,义乌市衍郝电子商务商行,订单结算
2026-04-23 14:56:23,'2026042314561225399014590159,入账,8.85,聚合账户,货款结算入账,小店自卖,'6925552627339198007,'6925552627339198007,'SS76306672194712049040091,2026-04-13 07:59:15,'3800198492568289686,买一送一爆款凉拖鞋男士夏季情侣2026新款家居防滑防臭厚底拖鞋女,,,普通订单,2.1,0,0,2.8,0,0,0,0,0,4,0,0,-0.05,0,0,0,0,0,0,是-商品卡免佣,0.37,义乌市衍郝电子商务商行,订单结算
2026-04-23 14:56:23,'2026042314560801416279470159,入账,4.74,聚合账户,货款结算入账,小店自卖,'6925547053402128069,'6925547053402128069,'SS76306417713466291550045,2026-04-12 22:29:10,'3809625164249956608,孕妇专用防滑拖鞋女士夏季家居家室内静音浴室洗澡防臭凉拖鞋外穿,,,普通订单,1.99,0,0,3,0,0,0,0,0,0,0,0,-0.25,0,0,0,0,0,0,,0,义乌市衍郝电子商务商行,订单结算
2026-04-23 14:56:23,'2026042314561218929426180159,入账,4.65,聚合账户,货款结算入账,小店自卖,'6952028358052615186,'6952028358052615186,'SS76307012960516511260249,2026-04-13 11:22:25,'3812796426258350389,夏天简约随手盘发一字扭扭夹水钻抓夹高级发夹扭扭后脑勺盘发器,,,普通订单,0.01,0,0,4.67,0,0,0,0,0,0,0,0,-0.03,0,0,0,0,0,0,是-商品卡免佣,0.22,义乌市衍郝电子商务商行,订单结算
2026-04-23 14:56:23,'2026042314561433945892180159,入账,8.45,聚合账户,货款结算入账,小店自卖,'6952009621325354442,'6952009621325354442,'SS76306420543604498320197,2026-04-12 20:48:27,'3800198492568289686,买一送一爆款凉拖鞋男士夏季情侣2026新款家居防滑防臭厚底拖鞋女,,,普通订单,4.89,0,0,4.01,0,0,0,0,0,0,0,0,-0.45,0,0,0,0,0,0,,0,义乌市衍郝电子商务商行,订单结算
2026-04-23 14:56:23,'2026042314561430713945600159,入账,4.46,聚合账户,货款结算入账,小店自卖,'6952005232022721736,'6952005232022721736,'SS76306426689895636990193,2026-04-12 20:37:12,'3809625164249956608,孕妇专用防滑拖鞋女士夏季家居家室内静音浴室洗澡防臭凉拖鞋外穿,,,普通订单,0.01,0,0,4.48,0,0,0,0,0,0,0,0,-0.03,0,0,0,0,0,0,是-商品卡免佣,0.22,义乌市衍郝电子商务商行,订单结算
2026-04-23 14:56:23,'2026042314561610907819610159,入账,4.87,聚合账户,货款结算入账,小店自卖,'6952020630869448352,'6952020630869448352,'SS76306425453375329430025,2026-04-12 18:18:38,'3800198492568289686,买一送一爆款凉拖鞋男士夏季情侣2026新款家居防滑防臭厚底拖鞋女,,,普通订单,0.01,0,0,4.89,0,0,0,0,0,0,0,0,-0.03,0,0,0,0,0,0,是-商品卡免佣,0.22,义乌市衍郝电子商务商行,订单结算
2026-04-23 14:56:23,'2026042314561336475581850159,入账,6.44,聚合账户,货款结算入账,小店自卖,'6952029395361600697,'6952029395361600697,'SS76306667119009144680142,2026-04-12 20:56:25,'3810919823941174195,中式复古洋气多层小蛮腰褶皱印花肥肠圈高端水墨皮筋耐用新款发圈,,,普通订单,1.98,0,0,4.5,0,0,0,0,0,0,0,0,-0.04,0,0,0,0,0,0,是-商品卡免佣,0.29,义乌市衍郝电子商务商行,订单结算
2026-04-23 14:56:23,'2026042314561339078016090159,入账,2.28,聚合账户,货款结算入账,小店自卖,'6952129041008170865,'6952129041008170865,'SS76306498417757724540230,2026-04-16 17:38:19,'3812961166053999319,ins爆款卡通蓬松夹鸭嘴夹一字夹化妆发夹超萌可爱猫咪少女刘海夹,,,普通订单,0.29,0,0,2,0,0,0,0,0,0,0,0,-0.01,0,0,0,0,0,0,是-商品卡免佣,0.07,义乌市衍郝电子商务商行,订单结算
2026-04-23 14:56:23,'2026042314561610741521920159,入账,4.86,聚合账户,货款结算入账,小店自卖,'6952016865294817002,'6952016865294817002,'SS76306668108088653310214,2026-04-13 07:00:11,'3811102963569655948,春夏撞色蝴蝶结发夹发卡女后脑勺2026新款气质大号盘发鸭嘴夹发饰,,,普通订单,1.04,0,0,3.85,0,0,0,0,0,0,0,0,-0.03,0,0,0,0,0,0,是-商品卡免佣,0.22,义乌市衍郝电子商务商行,订单结算
2026-04-23 14:56:23,'2026042314561417582661480159,入账,2.8,聚合账户,货款结算入账,小店自卖,'6925623006516051198,'6925623006516051198,'SS76305247408763215900025,2026-04-15 21:56:51,'3769365160729379220,发量多花朵珠珠扭扭夹女高级感2025新款后大号在成人前额碎发夹子,,,普通订单,0.01,0,0,2.94,0,0,0,0,0,0,0,0,-0.15,0,0,0,0,0,0,,0,义乌市衍郝电子商务商行,订单结算
2026-04-23 14:56:23,'2026042314561504708316700159,入账,4.74,聚合账户,货款结算入账,小店自卖,'6925533889004207911,'6925533889004207911,'SS76306420824869770330041,2026-04-12 16:22:40,'3809625164249956608,孕妇专用防滑拖鞋女士夏季家居家室内静音浴室洗澡防臭凉拖鞋外穿,,,普通订单,1.99,0,0,3,0,0,0,0,0,0,0,0,-0.25,0,0,0,0,0,0,,0,义乌市衍郝电子商务商行,订单结算
2026-04-23 14:56:23,'2026042314561327359321960159,入账,4.38,聚合账户,货款结算入账,小店自卖,'6952136992918017813,'6952136992918017813,'SS76307719997903342580231,2026-04-17 17:34:05,'3800198492568289686,买一送一爆款凉拖鞋男士夏季情侣2026新款家居防滑防臭厚底拖鞋女,,,普通订单,0.01,0,0,4.4,0,0,0,0,0,0,0,0,-0.03,0,0,0,0,0,0,是-商品卡免佣,0.22,义乌市衍郝电子商务商行,订单结算
2026-04-23 14:56:23,'2026042314561514564564910159,入账,3.89,聚合账户,货款结算入账,小店自卖,'6952177834773976152,'6952177834773976152,'SS76307648176622801920228,2026-04-18 15:08:20,'3813158348195496156,公主发夹波点蝴蝶结夹小众香蕉2026新款发饰发卡洋气双排头花夹子,,,普通订单,0.01,0,0,3.9,0,0,0,0,0,0,0,0,-0.02,0,0,0,0,0,0,是-商品卡免佣,0.15,义乌市衍郝电子商务商行,订单结算
2026-04-23 14:56:23,'2026042314561238725553060159,入账,2.18,聚合账户,货款结算入账,小店自卖,'6925655078681083806,'6925655078681083806,'SS76308345711058782980099,2026-04-16 20:08:26,'3812961166053999319,ins爆款卡通蓬松夹鸭嘴夹一字夹化妆发夹超萌可爱猫咪少女刘海夹,,,普通订单,2.03,0,0,0.26,0,0,0,0,0,0,0,0,-0.11,0,0,0,0,0,0,,0,义乌市衍郝电子商务商行,订单结算
2026-04-23 14:56:23,'2026042314561632465231420159,入账,4.74,聚合账户,货款结算入账,小店自卖,'6925551094810574504,'6925551094810574504,'SS76306420771945515610045,2026-04-12 16:20:51,'3809625164249956608,孕妇专用防滑拖鞋女士夏季家居家室内静音浴室洗澡防臭凉拖鞋外穿,,,普通订单,0.99,0,0,4,0,0,0,0,0,0,0,0,-0.25,0,0,0,0,0,0,,0,义乌市衍郝电子商务商行,订单结算
2026-04-23 14:56:23,'2026042314561702400097630159,入账,3.23,聚合账户,货款结算入账,小店自卖,'6952038717152237413,'6952038717152237413,'SS76306668065314616420174,2026-04-13 01:33:50,'3783072477903716812,饱满花型高级感抓夹大号夹子蝴蝶结发夹后大号在成人大号毛绒发卡,,,普通订单,0.39,0,0,3.01,0,0,0,0,0,0,0,0,-0.17,0,0,0,0,0,0,,0,义乌市衍郝电子商务商行,订单结算
2026-04-23 14:56:23,'2026042314561414234913820159,入账,4.96,聚合账户,货款结算入账,小店自卖,'6925558452363951757,'6925558452363951757,'SS76306420474856578560115,2026-04-12 22:57:48,'3809625164249956608,孕妇专用防滑拖鞋女士夏季家居家室内静音浴室洗澡防臭凉拖鞋外穿,,,普通订单,2.99,0,0,2,0,0,0,0,0,0,0,0,-0.03,0,0,0,0,0,0,是-商品卡免佣,0.22,义乌市衍郝电子商务商行,订单结算
2026-04-23 14:56:23,'2026042314561506714165950159,入账,4.87,聚合账户,货款结算入账,小店自卖,'6952013949740127529,'6952013949740127529,'SS76306425144351503550020,2026-04-12 19:47:24,'3800198492568289686,买一送一爆款凉拖鞋男士夏季情侣2026新款家居防滑防臭厚底拖鞋女,,,普通订单,0.01,0,0,4.89,0,0,0,0,0,0,0,0,-0.03,0,0,0,0,0,0,是-商品卡免佣,0.22,义乌市衍郝电子商务商行,订单结算
2026-04-23 14:56:23,'2026042314561317618050980159,入账,2.79,聚合账户,货款结算入账,小店自卖,'6925555567616622422,'6925555567616622422,'SS76306666715307709530112,2026-04-12 19:40:58,'3769719102516625704,新中式超仙山茶花扭扭夹发夹女2025新款后大号在成人前额碎发夹子,,,普通订单,0.81,0,0,2,0,0,0,0,0,0,0,0,-0.02,0,0,0,0,0,0,是-商品卡免佣,0.15,义乌市衍郝电子商务商行,订单结算
2026-04-23 14:56:23,'2026042314561331174663870159,入账,4.38,聚合账户,货款结算入账,小店自卖,'6925540424741584822,'6925540424741584822,'SS76306427712876715870109,2026-04-12 21:34:36,'3800198492568289686,买一送一爆款凉拖鞋男士夏季情侣2026新款家居防滑防臭厚底拖鞋女,,,普通订单,0.01,0,0,4.4,0,0,0,0,0,0,0,0,-0.03,0,0,0,0,0,0,是-商品卡免佣,0.22,义乌市衍郝电子商务商行,订单结算
2026-04-23 14:56:23,'2026042314561525502234230159,入账,4.65,聚合账户,货款结算入账,小店自卖,'6925542313911745549,'6925542313911745549,'SS76306427696817610340146,2026-04-12 20:23:30,'3800198492568289686,买一送一爆款凉拖鞋男士夏季情侣2026新款家居防滑防臭厚底拖鞋女,,,普通订单,0.01,0,0,4.89,0,0,0,0,0,0,0,0,-0.25,0,0,0,0,0,0,,0,义乌市衍郝电子商务商行,订单结算
2026-04-23 14:56:23,'2026042314561036380511260159,入账,4.42,聚合账户,货款结算入账,小店自卖,'6952010089913194331,'6952010089913194331,'SS76306668418829191950048,2026-04-13 03:02:59,'3811094049524416689,韩国时尚高级感印花大肠发圈女2026新款气质马尾皮筋弹力耐用头绳,,,普通订单,0.01,0,0,4.44,0,0,0,0,0,0,0,0,-0.03,0,0,0,0,0,0,是-商品卡免佣,0.22,义乌市衍郝电子商务商行,订单结算
2026-04-23 14:56:23,'2026042314561202611940340159,入账,4.65,聚合账户,货款结算入账,小店自卖,'6952083114042070182,'6952083114042070182,'SS76307736309008637820170,2026-04-15 19:23:20,'3800198492568289686,买一送一爆款凉拖鞋男士夏季情侣2026新款家居防滑防臭厚底拖鞋女,,,普通订单,4.38,0,0,0.52,0,0,0,0,0,0,0,0,-0.25,0,0,0,0,0,0,,0,义乌市衍郝电子商务商行,订单结算
2026-04-23 14:56:23,'2026042314561411211085150159,入账,3.47,聚合账户,货款结算入账,小店自卖,'6952064687516882059,'6952064687516882059,'SS76306343168384538020213,2026-04-14 06:36:11,'3810919823941174195,中式复古洋气多层小蛮腰褶皱印花肥肠圈高端水墨皮筋耐用新款发圈,,,普通订单,0.01,0,0,3.64,0,0,0,0,0,0,0,0,-0.18,0,0,0,0,0,0,,0,义乌市衍郝电子商务商行,订单结算
2026-04-23 14:56:23,'2026042314561524415444900159,入账,2.67,聚合账户,货款结算入账,小店自卖,'6952112698706892066,'6952112698706892066,'SS76306312110651520260134,2026-04-16 08:32:49,'3812988718369865893,可爱小熊眼镜2026新款发卡发夹女边夹侧边鸭嘴夹前额刘海夹子头饰,,,普通订单,0.01,0,0,2.68,0,0,0,0,0,0,0,0,-0.02,0,0,0,0,0,0,是-商品卡免佣,0.15,义乌市衍郝电子商务商行,订单结算
2026-04-23 14:56:23,'2026042314561311212229530159,入账,4.74,聚合账户,货款结算入账,小店自卖,'6952084921628890238,'6952084921628890238,'SS76306996328672632410123,2026-04-15 13:21:31,'3777378186900406322,卡通小熊毛绒侧边夹女大号刘海发夹可爱发卡儿童碎发鸭嘴夹子头,,,普通订单,1.79,0,0,3.2,0,0,0,0,0,0,0,0,-0.25,0,0,0,0,0,0,,0,义乌市衍郝电子商务商行,订单结算
2026-04-23 14:56:24,'2026042314561438426872950159,入账,4.25,聚合账户,货款结算入账,小店自卖,'6925557495029268131,'6925557495029268131,'SS76307377681822561380127,2026-04-13 13:32:47,'3812240028327870813,粉色双面蝴蝶结香蕉夹竖夹超温柔!气质高马尾发夹后脑勺发夹发饰,,,普通订单,1.28,0,0,3,0,0,0,0,0,0,0,0,-0.03,0,0,0,0,0,0,是-商品卡免佣,0.22,义乌市衍郝电子商务商行,订单结算
2026-04-23 14:56:24,'2026042314561506723177150159,入账,8.85,聚合账户,货款结算入账,小店自卖,'6925544605243178371,'6925544605243178371,'SS76306426300624450560081,2026-04-12 19:59:42,'3800198492568289686,买一送一爆款凉拖鞋男士夏季情侣2026新款家居防滑防臭厚底拖鞋女,,,普通订单,5.9,0,0,3,0,0,0,0,0,0,0,0,-0.05,0,0,0,0,0,0,是-商品卡免佣,0.37,义乌市衍郝电子商务商行,订单结算
2026-04-23 14:56:24,'2026042314561318172647030159,入账,4.96,聚合账户,货款结算入账,小店自卖,'6925533641266592892,'6925533641266592892,'SS76306426482196649470063,2026-04-12 14:46:25,'3809625164249956608,孕妇专用防滑拖鞋女士夏季家居家室内静音浴室洗澡防臭凉拖鞋外穿,,,普通订单,4.33,0,0,0.66,0,0,0,0,0,0,0,0,-0.03,0,0,0,0,0,0,是-商品卡免佣,0.22,义乌市衍郝电子商务商行,订单结算
2026-04-23 14:56:24,'2026042314561330169707940159,入账,2.61,聚合账户,货款结算入账,小店自卖,'6925572131759226224,'6925572131759226224,'SS76307049588115052060154,2026-04-13 12:31:18,'3779178385759142273,布艺缠绕格纹带齿防滑发箍女2025新款高颅顶头箍时红色蝴蝶结发饰,,,普通订单,0.63,0,0,2,0,0,0,0,0,0,0,0,-0.02,0,0,0,0,0,0,是-商品卡免佣,0.15,义乌市衍郝电子商务商行,订单结算
2026-04-23 14:56:24,'2026042314561639766595100159,入账,4.38,聚合账户,货款结算入账,小店自卖,'6925533911705615432,'6925533911705615432,'SS76289424886633641460122,2026-04-12 16:29:30,'3800198492568289686,买一送一爆款凉拖鞋男士夏季情侣2026新款家居防滑防臭厚底拖鞋女,,,普通订单,0.01,0,0,4.4,0,0,0,0,0,0,0,0,-0.03,0,0,0,0,0,0,是-商品卡免佣,0.22,义乌市衍郝电子商务商行,订单结算
2026-04-23 14:56:24,'2026042314561609111964700159,入账,3.05,聚合账户,货款结算入账,小店自卖,'6925554369490091873,'6925554369490091873,'SS76306665958341350590236,2026-04-12 22:19:23,'3806655969480540177,米菲兔巨显发量香蕉兔子后脑勺盘发百搭少女发饰时尚可爱波点大号,,,普通订单,0.01,0,0,3.06,0,0,0,0,0,0,0,0,-0.02,0,0,0,0,0,0,是-商品卡免佣,0.15,义乌市衍郝电子商务商行,订单结算
2026-04-23 14:56:24,'2026042314561626927598490159,入账,1.64,聚合账户,货款结算入账,小店自卖,'6925559493949029809,'6925559493949029809,'SS76307551067450455230186,2026-04-13 11:26:28,'3807610285351632955,超萌秋天日系毛绒布丁小熊可爱鸭嘴夹大号发夹头饰刘海后脑勺少女,,,普通订单,0.01,0,0,1.72,0,0,0,0,0,0,0,0,-0.09,0,0,0,0,0,0,,0,义乌市衍郝电子商务商行,订单结算
2026-04-23 14:56:24,'2026042314561411926287770159,入账,5.25,聚合账户,货款结算入账,小店自卖,'6925654129437933399,'6925654129437933399,'SS76307566917261074440031,2026-04-17 11:41:04,'3812240028327870813,粉色双面蝴蝶结香蕉夹竖夹超温柔!气质高马尾发夹后脑勺发夹发饰,,,普通订单,0.28,0,0,5,0,0,0,0,0,0,0,0,-0.03,0,0,0,0,0,0,是-商品卡免佣,0.22,义乌市衍郝电子商务商行,订单结算
2026-04-23 14:56:24,'2026042314560900534451260159,入账,2.81,聚合账户,货款结算入账,小店自卖,'6925545035022367850,'6925545035022367850,'SS76306386385290245580006,2026-04-12 22:19:21,'3806656594406670373,虞书欣同款发扣小金属圆圈环扣刘海前额侧边边夹发夹抓夹发卡夹子,,,普通订单,0.01,0,0,2.95,0,0,0,0,0,0,0,0,-0.15,0,0,0,0,0,0,,0,义乌市衍郝电子商务商行,订单结算
2026-04-23 14:56:24,'2026042314561020355653310159,入账,2.34,聚合账户,货款结算入账,小店自卖,'6925572391065255294,'6925572391065255294,'SS76307390136582315980039,2026-04-13 13:58:11,'3809044568205295744,日常碎发波浪发箍2026新款高颜值高颅顶外出百搭洗脸专用头箍女,,,普通订单,0.35,0,0,2,0,0,0,0,0,0,0,0,-0.01,0,0,0,0,0,0,是-商品卡免佣,0.07,义乌市衍郝电子商务商行,订单结算
2026-04-23 14:56:24,'2026042314561531930332700159,入账,2.96,聚合账户,货款结算入账,小店自卖,'6925654082275278364,'6925654082275278364,'SS76307467154017654020239,2026-04-17 11:23:06,'3812240028327870813,粉色双面蝴蝶结香蕉夹竖夹超温柔!气质高马尾发夹后脑勺发夹发饰,,,普通订单,0.01,0,0,2.97,0,0,0,0,0,0,0,0,-0.02,0,0,0,0,0,0,是-商品卡免佣,0.15,义乌市衍郝电子商务商行,订单结算
2026-04-23 14:56:24,'2026042314561508516406180159,入账,4.96,聚合账户,货款结算入账,小店自卖,'6925620714525916287,'6925620714525916287,'SS76305530280020544510200,2026-04-15 23:35:42,'3799223154979766395,印花小熊防滑防臭抑菌拖鞋女士2026新款夏季浴室情侣家用凉拖男士,,,普通订单,2.99,0,0,2,0,0,0,0,0,0,0,0,-0.03,0,0,0,0,0,0,是-商品卡免佣,0.22,义乌市衍郝电子商务商行,订单结算
2026-04-23 14:56:24,'2026042314561241068795290159,入账,4.84,聚合账户,货款结算入账,小店自卖,'6925552199618559771,'6925552199618559771,'SS76295909735558351450061,2026-04-12 23:33:57,'3811106461837295881,新款五角星发夹发扣韩国少女甜美甜酷侧边夹顶刘海前额固定卡子,,,普通订单,4.23,0,0,0.64,0,0,0,0,0,0,0,0,-0.03,0,0,0,0,0,0,是-商品卡免佣,0.22,义乌市衍郝电子商务商行,订单结算
2026-04-23 14:56:24,'2026042314561726383324510159,入账,3.63,聚合账户,货款结算入账,小店自卖,'6952041475988853902,'6952041475988853902,'SS76307500427816842780110,2026-04-13 13:30:34,'3810919823941174195,中式复古洋气多层小蛮腰褶皱印花肥肠圈高端水墨皮筋耐用新款发圈,,,普通订单,1.65,0,0,2,0,0,0,0,0,0,0,0,-0.02,0,0,0,0,0,0,是-商品卡免佣,0.15,义乌市衍郝电子商务商行,订单结算
2026-04-23 14:56:24,'2026042314561525795141530159,入账,1.87,聚合账户,货款结算入账,小店自卖,'6925685884066299469,'6925685884066299469,'SS76308052943014467020046,2026-04-18 11:16:47,'3768802352526655781,软硅胶抓夹鲨鱼夹安全新款发夹大号防摔不大号在成人大号发卡鲨鱼,,,普通订单,0.01,0,0,1.87,0,0,0,0,0,0,0,0,-0.01,0,0,0,0,0,0,是-商品卡免佣,0.07,义乌市衍郝电子商务商行,订单结算
2026-04-23 14:56:24,'2026042314561613884951440159,入账,3.89,聚合账户,货款结算入账,小店自卖,'6952157865771537493,'6952157865771537493,'SS76307919108440399420097,2026-04-18 07:11:32,'3813158348195496156,公主发夹波点蝴蝶结夹小众香蕉2026新款发饰发卡洋气双排头花夹子,,,普通订单,1.91,0,0,2,0,0,0,0,0,0,0,0,-0.02,0,0,0,0,0,0,是-商品卡免佣,0.15,义乌市衍郝电子商务商行,订单结算
2026-04-23 14:56:24,'2026042314561718880312750159,入账,8.45,聚合账户,货款结算入账,小店自卖,'6925554014207114665,'6925554014207114665,'SS76306671725167949140167,2026-04-12 20:25:10,'3800198492568289686,买一送一爆款凉拖鞋男士夏季情侣2026新款家居防滑防臭厚底拖鞋女,,,普通订单,4.13,0,0,4.77,0,0,0,0,0,0,0,0,-0.45,0,0,0,0,0,0,,0,义乌市衍郝电子商务商行,订单结算
2026-04-23 14:56:24,'2026042314561639570803630159,入账,9.19,聚合账户,货款结算入账,小店自卖,'6925557459027525284,'6925557459027525284,'SS76307256498372779580074,2026-04-13 13:22:18,'3806648290204844347,秋冬复古ins彩虹格子蝴蝶结大肠头绳发圈丸子2026马尾发绳新款女,,,普通订单,4.75,0,0,4.5,0,0,0,0,0,0,0,0,-0.06,0,0,0,0,0,0,是-商品卡免佣,0.44,义乌市衍郝电子商务商行,订单结算
2026-04-23 14:56:24,'2026042314561708056059310159,入账,5.22,聚合账户,货款结算入账,小店自卖,'6925631743147671416,'6925631743147671416,'SS76307798508020866650121,2026-04-15 19:54:49,'3806655969480540177,米菲兔巨显发量香蕉兔子后脑勺盘发百搭少女发饰时尚可爱波点大号,,,普通订单,5.27,0,0,0.22,0,0,0,0,0,0,0,0,-0.27,0,0,0,0,0,0,,0,义乌市衍郝电子商务商行,订单结算
2026-04-23 14:56:24,'2026042314561325601149960159,入账,6.61,聚合账户,货款结算入账,小店自卖,'6952027365573727986,'6952027365573727986,'SS76306667804783744150056,2026-04-12 20:58:02,'3767675591411761485,显白牛油果绿系列小丝巾缠包模特搭配装饰品丝带绑红色蝴蝶结发饰,,,普通订单,5.78,0,0,0.87,0,0,0,0,0,0,0,0,-0.04,0,0,0,0,0,0,是-商品卡免佣,0.29,义乌市衍郝电子商务商行,订单结算
2026-04-23 14:56:24,'2026042314561508791984790159,入账,4.38,聚合账户,货款结算入账,小店自卖,'6952016329048069493,'6952016329048069493,'SS76306427763971858070007,2026-04-12 21:18:10,'3800198492568289686,买一送一爆款凉拖鞋男士夏季情侣2026新款家居防滑防臭厚底拖鞋女,,,普通订单,0.01,0,0,4.4,0,0,0,0,0,0,0,0,-0.03,0,0,0,0,0,0,是-商品卡免佣,0.22,义乌市衍郝电子商务商行,订单结算
2026-04-23 14:56:24,'2026042314561441738245210159,入账,2.84,聚合账户,货款结算入账,小店自卖,'6952043728526644593,'6952043728526644593,'SS76306791285476073110081,2026-04-13 10:41:56,'3811102963569655948,春夏撞色蝴蝶结发夹发卡女后脑勺2026新款气质大号盘发鸭嘴夹发饰,,,普通订单,0.01,0,0,2.98,0,0,0,0,0,0,0,0,-0.15,0,0,0,0,0,0,,0,义乌市衍郝电子商务商行,订单结算
2026-04-23 14:56:24,'2026042314561610749713920159,入账,4.74,聚合账户,货款结算入账,小店自卖,'6952162626262276060,'6952162626262276060,'SS76308019822903629140042,2026-04-18 09:38:25,'3799223154979766395,印花小熊防滑防臭抑菌拖鞋女士2026新款夏季浴室情侣家用凉拖男士,,,普通订单,0.01,0,0,3.59,0,0,0,0,1.39,0,0,0,-0.25,0,0,0,0,0,0,,0,义乌市衍郝电子商务商行,订单结算
2026-04-23 14:56:24,'2026042314561501912878710159,入账,2.2,聚合账户,货款结算入账,小店自卖,'6925669598644764089,'6925669598644764089,'SS76308096310985367310067,2026-04-17 16:38:56,'3812240028327870813,粉色双面蝴蝶结香蕉夹竖夹超温柔!气质高马尾发夹后脑勺发夹发饰,,,普通订单,0.01,0,0,2.2,0,0,0,0,0,0,0,0,-0.01,0,0,0,0,0,0,是-商品卡免佣,0.07,义乌市衍郝电子商务商行,订单结算
2026-04-23 14:56:25,'2026042314561539827540890159,入账,4.65,聚合账户,货款结算入账,小店自卖,'6925568726915382389,'6925568726915382389,'SS76306703797125942260137,2026-04-13 22:30:12,'3812240028327870813,粉色双面蝴蝶结香蕉夹竖夹超温柔!气质高马尾发夹后脑勺发夹发饰,,,普通订单,0.01,0,0,4.67,0,0,0,0,0,0,0,0,-0.03,0,0,0,0,0,0,是-商品卡免佣,0.22,义乌市衍郝电子商务商行,订单结算
2026-04-23 14:56:25,'2026042314561718885555630159,入账,5.57,聚合账户,货款结算入账,小店自卖,'6925646142633704639,'6925646142633704639,'SS76307172764312376590130,2026-04-16 20:09:21,'3809056869209735557,蝴蝶结发带女2026新款飘带头绳大肠发圈高级感扎头发皮筋发绳发饰,,,普通订单,0.8,0.3,0,4.8,0,0,0,0,0,0,0,0,-0.03,0,0,0,0,0,0,是-商品卡免佣,0.22,义乌市衍郝电子商务商行,订单结算
2026-04-23 14:56:25,'2026042314561428912847790159,入账,4.87,聚合账户,货款结算入账,小店自卖,'6925549756559818467,'6925549756559818467,'SS76306427097113236860160,2026-04-13 01:15:03,'3800198492568289686,买一送一爆款凉拖鞋男士夏季情侣2026新款家居防滑防臭厚底拖鞋女,,,普通订单,0.1,0,0,4.8,0,0,0,0,0,0,0,0,-0.03,0,0,0,0,0,0,是-商品卡免佣,0.22,义乌市衍郝电子商务商行,订单结算
2026-04-23 14:56:37,'2026042314562613805494300159,入账,8.45,聚合账户,货款结算入账,小店自卖,'6925690753800437352,'6925690753800437352,'SS76307711747967391240010,2026-04-18 14:55:23,'3800198492568289686,买一送一爆款凉拖鞋男士夏季情侣2026新款家居防滑防臭厚底拖鞋女,,,普通订单,4.83,0,0,4.07,0,0,0,0,0,0,0,0,-0.45,0,0,0,0,0,0,,0,义乌市衍郝电子商务商行,订单结算
2026-04-23 14:56:38,'2026042314563233010201940159,入账,5.46,聚合账户,货款结算入账,小店自卖,'6925679834838695313,'6925679834838695313,'SS76308182081316954060103,2026-04-18 11:42:36,'3806655969480540177,米菲兔巨显发量香蕉兔子后脑勺盘发百搭少女发饰时尚可爱波点大号,,,普通订单,0.01,0,0,5.48,0,0,0,0,0,0,0,0,-0.03,0,0,0,0,0,0,是-商品卡免佣,0.22,义乌市衍郝电子商务商行,订单结算
2026-04-23 14:56:51,'2026042314564119509458190159,入账,7.05,聚合账户,货款结算入账,小店自卖,'6925534054624492582,'6925534054624492582,'SS76306666602485888510095,2026-04-12 17:43:27,'3807233228251726216,发圈式啪啪圈~秋冬美拉德系懒人高马尾啪啪圈复古固定不塌神器,,,普通订单,5.09,0,0,2,0,0,0,0,0,0,0,0,-0.04,0,0,0,0,0,0,是-商品卡免佣,0.29,义乌市衍郝电子商务商行,订单结算
2026-04-23 14:57:14,'2026042314570319272834900159,入账,4.46,聚合账户,货款结算入账,小店自卖,'6952031435731047850,'6952031435731047850,'SS76306419261529175560070,2026-04-12 20:08:43,'3809625164249956608,孕妇专用防滑拖鞋女士夏季家居家室内静音浴室洗澡防臭凉拖鞋外穿,,,普通订单,0.01,0,0,4.48,0,0,0,0,0,0,0,0,-0.03,0,0,0,0,0,0,是-商品卡免佣,0.22,义乌市衍郝电子商务商行,订单结算
2026-04-23 14:57:27,'2026042314571415989355710159,入账,5.26,聚合账户,货款结算入账,小店自卖,'6925667405525777461,'6925667405525711925,'SS76306515675410271070187,2026-04-17 20:49:25,'3809625164249956608,孕妇专用防滑拖鞋女士夏季家居家室内静音浴室洗澡防臭凉拖鞋外穿,,,普通订单,3.79,0,0,1.5,0,0,0,0,0,0,0,0,-0.03,0,0,0,0,0,0,是-商品卡免佣,0.22,义乌市衍郝电子商务商行,订单结算
2026-04-23 14:57:48,'2026042314573705966400540159,入账,6.01,聚合账户,货款结算入账,小店自卖,'6925576606079483689,'6925576606079483689,'SS76307408909953930760199,2026-04-13 13:47:17,'3811102963569655948,春夏撞色蝴蝶结发夹发卡女后脑勺2026新款气质大号盘发鸭嘴夹发饰,,,普通订单,1.55,0,0,4.5,0,0,0,0,0,0,0,0,-0.04,0,0,0,0,0,0,是-商品卡免佣,0.29,义乌市衍郝电子商务商行,订单结算
2026-04-23 14:58:03,'2026042314575210701419790159,入账,3.69,聚合账户,货款结算入账,小店自卖,'6925680796454977415,'6925680796454977415,'SS76305233522935608420202,2026-04-17 21:45:07,'3812986729825173830,多巴胺波点磨砂透明夹缠线缎面彩色波点马卡龙色系香蕉夹学生发夹,,,普通订单,0.88,0,0,3,0,0,0,0,0,0,0,0,-0.19,0,0,0,0,0,0,,0,义乌市衍郝电子商务商行,订单结算
2026-04-23 14:59:39,'2026042314592800209723340159,入账,1.79,聚合账户,货款结算入账,小店自卖,'6952127764091901130,'6952127764091901130,'SS76307890168116021820036,2026-04-17 11:32:22,'3768802352526655781,软硅胶抓夹鲨鱼夹安全新款发夹大号防摔不大号在成人大号发卡鲨鱼,,,普通订单,0.01,0,0,1.87,0,0,0,0,0,0,0,0,-0.09,0,0,0,0,0,0,,0,义乌市衍郝电子商务商行,订单结算
2026-04-23 14:59:51,'2026042314594127393231360159,入账,8.85,聚合账户,货款结算入账,小店自卖,'6925557289711927155,'6925557289711927155,'SS76307389280641031830160,2026-04-13 12:22:00,'3800198492568289686,买一送一爆款凉拖鞋男士夏季情侣2026新款家居防滑防臭厚底拖鞋女,,,普通订单,0.01,0,0,7,0,0,0,0,1.89,0,0,0,-0.05,0,0,0,0,0,0,是-商品卡免佣,0.37,义乌市衍郝电子商务商行,订单结算
2026-04-23 15:01:45,'2026042315013100131732840159,入账,3.26,聚合账户,货款结算入账,小店自卖,'6952117577502955487,'6952117577502955487,'SS76306545697488450920088,2026-04-16 13:34:26,'3806648290204844347,秋冬复古ins彩虹格子蝴蝶结大肠头绳发圈丸子2026马尾发绳新款女,,,普通订单,0.31,0,0,3.12,0,0,0,0,0,0,0,0,-0.17,0,0,0,0,0,0,,0,义乌市衍郝电子商务商行,订单结算
2026-04-23 15:03:25,'2026042315031111668196260159,入账,1.5,聚合账户,货款结算入账,小店自卖,'6925564970439966608,'6925564970439966608,'SS76293219748833856420009,2026-04-13 11:37:58,'3812961166053999319,ins爆款卡通蓬松夹鸭嘴夹一字夹化妆发夹超萌可爱猫咪少女刘海夹,,,普通订单,1.61,0,0,0.46,0,0,0,0,0,0,0,-0.5,-0.07,0,0,0,0,0,0,,0,义乌市衍郝电子商务商行,订单结算
2026-04-23 15:03:47,'2026042315033536507366660159,入账,4.65,聚合账户,货款结算入账,小店自卖,'6925582532836162727,'6925582532836162727,'SS76308360243776599190129,2026-04-13 23:45:01,'3800198492568289686,买一送一爆款凉拖鞋男士夏季情侣2026新款家居防滑防臭厚底拖鞋女,,,普通订单,1.9,0,0,3,0,0,0,0,0,0,0,0,-0.25,0,0,0,0,0,0,,0,义乌市衍郝电子商务商行,订单结算
2026-04-23 15:06:02,'2026042315055600532155400159,入账,3.62,聚合账户,货款结算入账,小店自卖,'6952039044211611449,'6952039044211611449,'SS76307001202161587550144,2026-04-13 09:57:09,'3656233852961206645,闪耀蝴蝶结公主头头饰扎头发发带橡皮蝴蝶抓夹公主头发饰网红款,,,普通订单,0.57,0,0,3.24,0,0,0,0,0,0,0,0,-0.19,0,0,0,0,0,0,,0,义乌市衍郝电子商务商行,订单结算
2026-04-23 15:06:24,'2026042315062003818132980159,入账,4.74,聚合账户,货款结算入账,小店自卖,'6952047748840560374,'6952047748840560374,'SS76307244977005409790096,2026-04-14 12:40:42,'3809625164249956608,孕妇专用防滑拖鞋女士夏季家居家室内静音浴室洗澡防臭凉拖鞋外穿,,,普通订单,1.4,0,0,3.59,0,0,0,0,0,0,0,0,-0.25,0,0,0,0,0,0,,0,义乌市衍郝电子商务商行,订单结算
2026-04-23 15:08:37,'2026042315082717051366900159,入账,2.84,聚合账户,货款结算入账,小店自卖,'6952018724881765594,'6952018724881765594,'SS76306420849753298420031,2026-04-13 01:05:35,'3809975766641410463,高级感水钻珠珠一字扭扭夹2026新款盘发抓夹后脑勺发量多发夹头饰,,,普通订单,0.01,0,0,2.85,0,0,0,0,0,0,0,0,-0.02,0,0,0,0,0,0,是-商品卡免佣,0.15,义乌市衍郝电子商务商行,订单结算
2026-04-23 15:08:48,'2026042315083934477837340159,入账,0.92,聚合账户,货款结算入账,小店自卖,'6952130417002681822,'6952130417002681822,'SS76306911200512248510242,2026-04-17 12:19:47,'3800904142743011666,豹纹花朵发夹2026新款侧边夹发卡头饰女一字夹高端碎发前额刘海夹,,,普通订单,0.01,0,0,0.96,0,0,0,0,0,0,0,0,-0.05,0,0,0,0,0,0,,0,义乌市衍郝电子商务商行,订单结算
2026-04-23 15:09:13,'2026042315090134277952510159,入账,3.47,聚合账户,货款结算入账,小店自卖,'6952004952526558233,'6952004952526558233,'SS76306665875073605500068,2026-04-12 17:21:56,'3806655969480540177,米菲兔巨显发量香蕉兔子后脑勺盘发百搭少女发饰时尚可爱波点大号,,,普通订单,0.49,0,0,3,0,0,0,0,0,0,0,0,-0.02,0,0,0,0,0,0,是-商品卡免佣,0.15,义乌市衍郝电子商务商行,订单结算
2026-04-23 15:09:52,'2026042315093701351398590159,入账,2.83,聚合账户,货款结算入账,小店自卖,'6925684433033002309,'6925684433033002309,'SS76308043269568312830224,2026-04-18 12:43:26,'3812961166053999319,ins爆款卡通蓬松夹鸭嘴夹一字夹化妆发夹超萌可爱猫咪少女刘海夹,,,普通订单,0.01,0,0,2.97,0,0,0,0,0,0,0,0,-0.15,0,0,0,0,0,0,,0,义乌市衍郝电子商务商行,订单结算
2026-04-23 15:10:42,'2026042315103340703759450159,入账,3.57,聚合账户,货款结算入账,小店自卖,'6952029205404063715,'6952029205404063715,'SS76307120418333499310070,2026-04-12 19:25:31,'3812438526650351850,韩版网纱蝴蝶结抓夹2026新款水晶刘海夹侧边夹气质优雅公主夹蓬松,,,普通订单,0.01,0,0,3.58,0,0,0,0,0,0,0,0,-0.02,0,0,0,0,0,0,是-商品卡免佣,0.15,义乌市衍郝电子商务商行,订单结算
2026-04-23 15:12:18,'2026042315120618263946580159,入账,1.98,聚合账户,货款结算入账,小店自卖,'6925682292170783762,'6925682292170783762,'SS76308287695526136420084,2026-04-18 13:53:51,'3812994604597379368,韩系重工藏青色爱心蕾丝四层大肠发圈女高级感超大扎头发头绳头饰,,,普通订单,0.01,0,0,1.98,0,0,0,0,0,0,0,0,-0.01,0,0,0,0,0,0,是-商品卡免佣,0.07,义乌市衍郝电子商务商行,订单结算
2026-04-23 15:12:51,'2026042315124018603095380159,出账,1,聚合账户,小额打款,,'6952141352913016478,'6952141352913016478,,,,,,,普通订单,0,0,0,0,0,0,0,0,0,0,0,0,0,0,0,0,0,0,0,,0,义乌市衍郝电子商务商行,商家向消费者小额打款-“其他”
2026-04-23 15:14:21,'2026042315141021699791740159,入账,1.98,聚合账户,货款结算入账,小店自卖,'6925681867028266247,'6925681867028266247,'SS76307807356659802120140,2026-04-18 10:48:36,'3813158348195496156,公主发夹波点蝴蝶结夹小众香蕉2026新款发饰发卡洋气双排头花夹子,,,普通订单,0.01,0,0,1.98,0,0,0,0,0,0,0,0,-0.01,0,0,0,0,0,0,是-商品卡免佣,0.07,义乌市衍郝电子商务商行,订单结算
2026-04-23 15:15:03,'2026042315145228235697060159,入账,3.83,聚合账户,货款结算入账,小店自卖,'6952027232848254324,'6952027232848254324,'SS76306667378008394700244,2026-04-12 20:13:53,'3809056869209735557,蝴蝶结发带女2026新款飘带头绳大肠发圈高级感扎头发皮筋发绳发饰,,,普通订单,0.85,0.3,0,3,0,0,0,0,0,0,0,0,-0.02,0,0,0,0,0,0,是-商品卡免佣,0.15,义乌市衍郝电子商务商行,订单结算
2026-04-23 15:15:08,'2026042315145937391119720159,入账,3.32,聚合账户,货款结算入账,小店自卖,'6925545720710791133,'6925545720710791133,'SS76306977002749834580082,2026-04-13 09:09:29,'3806655969480540177,米菲兔巨显发量香蕉兔子后脑勺盘发百搭少女发饰时尚可爱波点大号,,,普通订单,0.49,0,0,3,0,0,0,0,0,0,0,0,-0.17,0,0,0,0,0,0,,0,义乌市衍郝电子商务商行,订单结算
2026-04-23 15:15:29,'2026042315152204405540110159,入账,3.66,聚合账户,货款结算入账,小店自卖,'6952105859228440331,'6952105859228440331,'SS76307864995290319630119,2026-04-16 09:47:17,'3810919823941174195,中式复古洋气多层小蛮腰褶皱印花肥肠圈高端水墨皮筋耐用新款发圈,,,普通订单,0.6,0,0,3.25,0,0,0,0,0,0,0,0,-0.19,0,0,0,0,0,0,,0,义乌市衍郝电子商务商行,订单结算
2026-04-23 15:15:43,'2026042315153700953060470159,入账,2.36,聚合账户,货款结算入账,小店自卖,'6925606282121870929,'6925606282121870929,'SS76306386041647314320113,2026-04-14 22:59:34,'3812794010364412322,趣味黑皮kitty猫魔术贴超可爱猫咪整理碎发刘海贴魔术贴发卡化妆,,,普通订单,0.01,0,0,2.47,0,0,0,0,0,0,0,0,-0.12,0,0,0,0,0,0,,0,义乌市衍郝电子商务商行,订单结算
2026-04-23 15:17:13,'2026042315170420032069270159,入账,5.03,聚合账户,货款结算入账,小店自卖,'6952134687164405299,'6952134687164405299,'SS76306221853934105600138,2026-04-17 11:59:06,'3809625164249956608,孕妇专用防滑拖鞋女士夏季家居家室内静音浴室洗澡防臭凉拖鞋外穿,,,普通订单,1.61,0,0,3.68,0,0,0,0,0,0,0,0,-0.26,0,0,0,0,0,0,,0,义乌市衍郝电子商务商行,订单结算
2026-04-23 15:17:28,'2026042315172106545741220159,入账,2.75,聚合账户,货款结算入账,小店自卖,'6952120817894102793,'6952120817894102793,'SS76308206156719726180216,2026-04-17 05:55:08,'3807956255797018943,韩国精致气质炫彩侧边夹2026年新款发夹高端夹顶刘海鸭嘴高级夹子,,,普通订单,0.71,0,0,2.19,0,0,0,0,0,0,0,0,-0.15,0,0,0,0,0,0,,0,义乌市衍郝电子商务商行,订单结算
2026-04-23 15:18:21,'2026042315181124375954300159,入账,4.46,聚合账户,货款结算入账,小店自卖,'6951993484095198431,'6951993484095198431,'SS76306422923505710540104,2026-04-12 14:52:38,'3809625164249956608,孕妇专用防滑拖鞋女士夏季家居家室内静音浴室洗澡防臭凉拖鞋外穿,,,普通订单,0.01,0,0,4.48,0,0,0,0,0,0,0,0,-0.03,0,0,0,0,0,0,是-商品卡免佣,0.22,义乌市衍郝电子商务商行,订单结算
2026-04-23 15:18:21,'2026042315181420468208910159,入账,3.32,聚合账户,货款结算入账,小店自卖,'6925545787618196682,'6925545787618196682,'SS76307552056175173270011,2026-04-13 10:09:48,'3806655969480540177,米菲兔巨显发量香蕉兔子后脑勺盘发百搭少女发饰时尚可爱波点大号,,,普通订单,0.49,0,0,3,0,0,0,0,0,0,0,0,-0.17,0,0,0,0,0,0,,0,义乌市衍郝电子商务商行,订单结算
2026-04-23 15:18:21,'2026042315181320302116220159,入账,5.4,聚合账户,货款结算入账,小店自卖,'6925552264426454898,'6925552264426454898,'SS76306666568556060590208,2026-04-12 23:57:53,'3812796426258350389,夏天简约随手盘发一字扭扭夹水钻抓夹高级发夹扭扭后脑勺盘发器,,,普通订单,2.58,0,0,3.1,0,0,0,0,0,0,0,0,-0.28,0,0,0,0,0,0,,0,义乌市衍郝电子商务商行,订单结算
2026-04-23 15:18:21,'2026042315181219946419300159,入账,4.96,聚合账户,货款结算入账,小店自卖,'6925641608386149973,'6925641608386149973,'SS76307909101473510780047,2026-04-16 18:22:10,'3812961166053999319,ins爆款卡通蓬松夹鸭嘴夹一字夹化妆发夹超萌可爱猫咪少女刘海夹,,,普通订单,0.99,0,0,4,0,0,0,0,0,0,0,0,-0.03,0,0,0,0,0,0,是-商品卡免佣,0.22,义乌市衍郝电子商务商行,订单结算
2026-04-23 15:18:21,'2026042315181035912095180159,入账,2.83,聚合账户,货款结算入账,小店自卖,'6952159775075079327,'6952159775075079327,'SS76307970682904420240075,2026-04-18 08:10:06,'3812240028327870813,粉色双面蝴蝶结香蕉夹竖夹超温柔!气质高马尾发夹后脑勺发夹发饰,,,普通订单,0.01,0,0,2.97,0,0,0,0,0,0,0,0,-0.15,0,0,0,0,0,0,,0,义乌市衍郝电子商务商行,订单结算
2026-04-23 15:18:21,'2026042315181034695747070159,入账,4.46,聚合账户,货款结算入账,小店自卖,'6925422974179441765,'6925422974179441765,'SS76306554359845030660212,2026-04-08 02:34:26,'3799023022220903050,2026新款EVA家居室内不臭脚拖鞋男士夏季踩屎感防滑洗澡凉拖女式,,,普通订单,0.01,0,0,4.48,0,0,0,0,0,0,0,0,-0.03,0,0,0,0,0,0,是-商品卡免佣,0.22,义乌市衍郝电子商务商行,订单结算
2026-04-23 15:18:22,'2026042315181613732093530159,入账,2.66,聚合账户,货款结算入账,小店自卖,'6925662129620876974,'6925662129620876974,'SS76307373515343465340153,2026-04-17 11:18:36,'3812240028327870813,粉色双面蝴蝶结香蕉夹竖夹超温柔!气质高马尾发夹后脑勺发夹发饰,,,普通订单,0.01,0,0,2.67,0,0,0,0,0,0,0,0,-0.02,0,0,0,0,0,0,是-商品卡免佣,0.15,义乌市衍郝电子商务商行,订单结算
2026-04-23 15:18:22,'2026042315181427180446820159,入账,2.83,聚合账户,货款结算入账,小店自卖,'6925576414193024316,'6925576414193024316,'SS76307729311293814180034,2026-04-14 12:05:47,'3771355796558971375,网红抓夹爆款2025新款高级感半扎发发夹后脑勺鲨鱼夹大号发量多,,,普通订单,0.01,0,0,2.97,0,0,0,0,0,0,0,0,-0.15,0,0,0,0,0,0,,0,义乌市衍郝电子商务商行,订单结算
2026-04-23 15:18:22,'2026042315180820118943140159,入账,8.45,聚合账户,货款结算入账,巨量千川,'6952139272023053558,'6952139272023053558,'SS76308239695155366460075,2026-04-17 20:58:39,'3800198492568289686,买一送一爆款凉拖鞋男士夏季情侣2026新款家居防滑防臭厚底拖鞋女,,,普通订单,5.9,0,0,3,0,0,0,0,0,0,0,0,-0.45,0,0,0,0,0,0,,0,义乌市衍郝电子商务商行,订单结算
2026-04-23 15:18:22,'2026042315181327650995610159,入账,9.43,聚合账户,货款结算入账,小店自卖,'6952007614260122876,'6952007614260122876,'SS76306668878732823130127,2026-04-12 22:27:58,'3806655969480540177,米菲兔巨显发量香蕉兔子后脑勺盘发百搭少女发饰时尚可爱波点大号,,,普通订单,4.99,0,0,4.5,0,0,0,0,0,0,0,0,-0.06,0,0,0,0,0,0,是-商品卡免佣,0.44,义乌市衍郝电子商务商行,订单结算
2026-04-23 15:18:22,'2026042315181327315412900159,入账,4.96,聚合账户,货款结算入账,小店自卖,'6952092220037207734,'6952092220037207734,'SS76308016519067612260093,2026-04-15 21:43:17,'3806655969480540177,米菲兔巨显发量香蕉兔子后脑勺盘发百搭少女发饰时尚可爱波点大号,,,普通订单,0.49,0,0,4.5,0,0,0,0,0,0,0,0,-0.03,0,0,0,0,0,0,是-商品卡免佣,0.22,义乌市衍郝电子商务商行,订单结算
2026-04-23 15:18:22,'2026042315181318379743180159,入账,4.38,聚合账户,货款结算入账,小店自卖,'6925540630388047350,'6925540630388047350,'SS76306427943635400020206,2026-04-12 22:22:04,'3800198492568289686,买一送一爆款凉拖鞋男士夏季情侣2026新款家居防滑防臭厚底拖鞋女,,,普通订单,0.01,0,0,4.4,0,0,0,0,0,0,0,0,-0.03,0,0,0,0,0,0,是-商品卡免佣,0.22,义乌市衍郝电子商务商行,订单结算
2026-04-23 15:18:22,'2026042315181339612462340159,入账,5.35,聚合账户,货款结算入账,小店自卖,'6925560601972341940,'6925560601972341940,'SS76307548703976535140218,2026-04-12 23:38:41,'3812789479249412837,可爱蝴蝶结小猫无痕刘海贴魔术贴发饰少女前额侧边碎发贴整理神器,,,普通订单,0.88,0,0,4.5,0,0,0,0,0,0,0,0,-0.03,0,0,0,0,0,0,是-商品卡免佣,0.22,义乌市衍郝电子商务商行,订单结算
2026-04-23 15:18:22,'2026042315181416276854110159,入账,4.67,聚合账户,货款结算入账,小店自卖,'6952148471214970756,'6952148471214970756,'SS76308391681509793910205,2026-04-17 22:18:40,'3812240028327870813,粉色双面蝴蝶结香蕉夹竖夹超温柔!气质高马尾发夹后脑勺发夹发饰,,,普通订单,0.2,0,0,4.5,0,0,0,0,0,0,0,0,-0.03,0,0,0,0,0,0,是-商品卡免佣,0.22,义乌市衍郝电子商务商行,订单结算
2026-04-23 15:18:22,'2026042315181327648701850159,入账,4.84,聚合账户,货款结算入账,小店自卖,'6952062987944858815,'6952062987944858815,'SS76306222661503224410138,2026-04-14 11:50:53,'3776807804489302292,豹纹ins爱心发夹女一字夹高端碎发前额刘大号在成人前额碎发夹子,,,普通订单,3.57,0,0,1.53,0,0,0,0,0,0,0,0,-0.26,0,0,0,0,0,0,,0,义乌市衍郝电子商务商行,订单结算
2026-04-23 15:18:22,'2026042315181127567557210159,入账,2.27,聚合账户,货款结算入账,小店自卖,'6925652277743156577,'6925652277743156577,'SS76307631427881907630074,2026-04-16 15:12:12,'3784025743923740805,韩国气质精致百搭炫彩闪钻少女侧边夹刘大号在成人前额碎发夹子,,,普通订单,1.68,0,0,0.71,0,0,0,0,0,0,0,0,-0.12,0,0,0,0,0,0,,0,义乌市衍郝电子商务商行,订单结算
2026-04-23 15:18:22,'2026042315181431007050500159,入账,2.83,聚合账户,货款结算入账,小店自卖,'6925666104559893521,'6925666104559893521,'SS76306858630976640150120,2026-04-17 23:31:15,'3812240028327870813,粉色双面蝴蝶结香蕉夹竖夹超温柔!气质高马尾发夹后脑勺发夹发饰,,,普通订单,0.01,0,0,2.97,0,0,0,0,0,0,0,0,-0.15,0,0,0,0,0,0,,0,义乌市衍郝电子商务商行,订单结算
2026-04-23 15:18:22,'2026042315181613354317310159,入账,2.02,聚合账户,货款结算入账,小店自卖,'6925684435825098235,'6925684435825098235,'SS76307266268461632340170,2026-04-18 13:01:43,'3807235160995398024,甜美闪钻豹纹猫咪发夹女碎发刘海夹子ins新款高端头饰鸭嘴夹边夹,,,普通订单,0.01,0,0,2.02,0,0,0,0,0,0,0,0,-0.01,0,0,0,0,0,0,是-商品卡免佣,0.07,义乌市衍郝电子商务商行,订单结算
2026-04-23 15:18:22,'2026042315180907941004890159,入账,2.2,聚合账户,货款结算入账,小店自卖,'6925642364559195467,'6925642364559195467,'SS76308444900597112410002,2026-04-16 23:21:28,'3812240028327870813,粉色双面蝴蝶结香蕉夹竖夹超温柔!气质高马尾发夹后脑勺发夹发饰,,,普通订单,0.01,0,0,2.2,0,0,0,0,0,0,0,0,-0.01,0,0,0,0,0,0,是-商品卡免佣,0.07,义乌市衍郝电子商务商行,订单结算
2026-04-23 15:18:22,'2026042315181401901409540159,入账,4.87,聚合账户,货款结算入账,小店自卖,'6925569904563289659,'6925569904563289659,'SS76307241741053998600199,2026-04-13 12:56:45,'3800198492568289686,买一送一爆款凉拖鞋男士夏季情侣2026新款家居防滑防臭厚底拖鞋女,,,普通订单,2.5,0,0,2.4,0,0,0,0,0,0,0,0,-0.03,0,0,0,0,0,0,是-商品卡免佣,0.22,义乌市衍郝电子商务商行,订单结算
2026-04-23 15:18:22,'2026042315181303128899020159,入账,4.63,聚合账户,货款结算入账,小店自卖,'6925549133255179374,'6925549133255179374,'SS76306667731383093860148,2026-04-12 21:17:21,'3809265632504053775,韩系波点椭圆刘海插梳碎发整理神器发插女后脑勺倒插梳子发卡发饰,,,普通订单,0.01,0,0,4.65,0,0,0,0,0,0,0,0,-0.03,0,0,0,0,0,0,是-商品卡免佣,0.22,义乌市衍郝电子商务商行,订单结算
2026-04-23 15:18:22,'2026042315181500389619620159,入账,3.31,聚合账户,货款结算入账,小店自卖,'6952052790147356181,'6952052790147356181,'SS76307255622941251100211,2026-04-13 13:43:17,'3768802352526655781,软硅胶抓夹鲨鱼夹安全新款发夹大号防摔不大号在成人大号发卡鲨鱼,,,普通订单,0.46,0,0,3.02,0,0,0,0,0,0,0,0,-0.17,0,0,0,0,0,0,,0,义乌市衍郝电子商务商行,订单结算
2026-04-23 15:18:22,'2026042315181438384279420159,入账,1.98,聚合账户,货款结算入账,小店自卖,'6925678058471522133,'6925678058471522133,'SS76308428619567275950115,2026-04-17 15:20:13,'3810919823941174195,中式复古洋气多层小蛮腰褶皱印花肥肠圈高端水墨皮筋耐用新款发圈,,,普通订单,0.01,0,0,1.98,0,0,0,0,0,0,0,0,-0.01,0,0,0,0,0,0,是-商品卡免佣,0.07,义乌市衍郝电子商务商行,订单结算
2026-04-23 15:18:22,'2026042315181307725716980159,入账,4.25,聚合账户,货款结算入账,小店自卖,'6925639285152382284,'6925639285152382284,'SS76308015015149412190140,2026-04-16 21:15:18,'3812240028327870813,粉色双面蝴蝶结香蕉夹竖夹超温柔!气质高马尾发夹后脑勺发夹发饰,,,普通订单,0.01,0,0,4.27,0,0,0,0,0,0,0,0,-0.03,0,0,0,0,0,0,是-商品卡免佣,0.22,义乌市衍郝电子商务商行,订单结算
2026-04-23 15:18:22,'2026042315181413427840190159,入账,5.02,聚合账户,货款结算入账,小店自卖,'6952167253952762915,'6952167253952762915,'SS76308472120458122240112,2026-04-18 13:10:18,'3812244340491813699,新款密齿香蕉韩系法式波点蕾丝蝴蝶结后脑勺盘发发夹发卡马尾发饰,,,普通订单,0.05,0,0,5,0,0,0,0,0,0,0,0,-0.03,0,0,0,0,0,0,是-商品卡免佣,0.22,义乌市衍郝电子商务商行,订单结算
2026-04-23 15:18:22,'2026042315181003161789700159,入账,3.47,聚合账户,货款结算入账,小店自卖,'6925557301975022892,'6925557301975022892,'SS76307050744826109780231,2026-04-13 12:30:27,'3806655969480540177,米菲兔巨显发量香蕉兔子后脑勺盘发百搭少女发饰时尚可爱波点大号,,,普通订单,0.49,0,0,3,0,0,0,0,0,0,0,0,-0.02,0,0,0,0,0,0,是-商品卡免佣,0.15,义乌市衍郝电子商务商行,订单结算
2026-04-23 15:18:22,'2026042315181515900390820159,入账,2.96,聚合账户,货款结算入账,小店自卖,'6952119286639564208,'6952119286639564208,'SS76306173730040427520087,2026-04-16 08:36:24,'3812240028327870813,粉色双面蝴蝶结香蕉夹竖夹超温柔!气质高马尾发夹后脑勺发夹发饰,,,普通订单,0.01,0,0,2.97,0,0,0,0,0,0,0,0,-0.02,0,0,0,0,0,0,是-商品卡免佣,0.15,义乌市衍郝电子商务商行,订单结算
2026-04-23 15:18:22,'2026042315181036724618650159,入账,3.38,聚合账户,货款结算入账,小店自卖,'6952158034254894185,'6952158034254894185,'SS76307832982828037270161,2026-04-18 09:47:08,'3812240028327870813,粉色双面蝴蝶结香蕉夹竖夹超温柔!气质高马尾发夹后脑勺发夹发饰,,,普通订单,0.01,0,0,3.39,0,0,0,0,0,0,0,0,-0.02,0,0,0,0,0,0,是-商品卡免佣,0.15,义乌市衍郝电子商务商行,订单结算
2026-04-23 15:18:22,'2026042315181217241093540159,入账,4.64,聚合账户,货款结算入账,小店自卖,'6951877799302468825,'6951877799302468825,'SS76306647920643446110008,2026-04-07 22:17:52,'3797192698386055325,2025新款卡通抓夹女高级感鲨鱼夹大号后脑勺盘发发量大发夹发饰夏,,,普通订单,0.01,0,0,4.66,0,0,0,0,0,0,0,0,-0.03,0,0,0,0,0,0,是-商品卡免佣,0.22,义乌市衍郝电子商务商行,订单结算
2026-04-23 15:18:22,'2026042315181330080906620159,入账,5.26,聚合账户,货款结算入账,小店自卖,'6925644946933251846,'6925644946933251846,'SS76305808714098936510117,2026-04-17 05:11:50,'3809625164249956608,孕妇专用防滑拖鞋女士夏季家居家室内静音浴室洗澡防臭凉拖鞋外穿,,,普通订单,3.49,0,0,1.8,0,0,0,0,0,0,0,0,-0.03,0,0,0,0,0,0,是-商品卡免佣,0.22,义乌市衍郝电子商务商行,订单结算
2026-04-23 15:18:22,'2026042315181407846628340159,入账,4.47,聚合账户,货款结算入账,小店自卖,'6925692414427365033,'6925692414427365033,'SS76306883845494748250247,2026-04-18 13:33:21,'3812240028327870813,粉色双面蝴蝶结香蕉夹竖夹超温柔!气质高马尾发夹后脑勺发夹发饰,,,普通订单,0.5,0,0,4,0,0,0,0,0,0,0,0,-0.03,0,0,0,0,0,0,是-商品卡免佣,0.22,义乌市衍郝电子商务商行,订单结算
2026-04-23 15:18:23,'2026042315181502938516480159,入账,2.94,聚合账户,货款结算入账,小店自卖,'6952145300088231351,'6952145300088231351,'SS76308196857177218920037,2026-04-17 13:20:42,'3814596550164873581,百搭洗脸无痕夹发卡KT猫系列鸭嘴夹女发夹金属定位夹前额侧边夹,,,普通订单,2.17,0,0,0.92,0,0,0,0,0,0,0,0,-0.15,0,0,0,0,0,0,,0,义乌市衍郝电子商务商行,订单结算
2026-04-23 15:18:23,'2026042315181108442352990159,入账,8.85,聚合账户,货款结算入账,小店自卖,'6952000124940522905,'6952000124940522905,'SS76306424604587177300179,2026-04-12 16:16:54,'3800198492568289686,买一送一爆款凉拖鞋男士夏季情侣2026新款家居防滑防臭厚底拖鞋女,,,普通订单,7.9,0,0,1,0,0,0,0,0,0,0,0,-0.05,0,0,0,0,0,0,是-商品卡免佣,0.37,义乌市衍郝电子商务商行,订单结算
2026-04-23 15:18:23,'2026042315181232363156880159,入账,4.27,聚合账户,货款结算入账,小店自卖,'6952163955247093469,'6952163955247093469,'SS76308310898923440910028,2026-04-17 22:01:26,'3812240028327870813,粉色双面蝴蝶结香蕉夹竖夹超温柔!气质高马尾发夹后脑勺发夹发饰,,,普通订单,0.3,0,0,4,0,0,0,0,0,0,0,0,-0.03,0,0,0,0,0,0,是-商品卡免佣,0.22,义乌市衍郝电子商务商行,订单结算
2026-04-23 15:18:23,'2026042315181227650667860159,入账,1.86,聚合账户,货款结算入账,小店自卖,'6952091369646724127,'6952091369646724127,'SS76307042245901197140165,2026-04-15 13:06:37,'3809446545066164655,短发过渡期神器一字马尾发夹弹簧小抓夹发量少半扎发饰短烫发发卡,,,普通订单,2.38,0,0,0.58,0,0,0,0,0,0,0,-1,-0.1,0,0,0,0,0,0,,0,义乌市衍郝电子商务商行,订单结算
2026-04-23 15:18:23,'2026042315181223373089430159,入账,3.89,聚合账户,货款结算入账,小店自卖,'6952166779832440020,'6952166779832440020,'SS76308485953836815880019,2026-04-18 08:14:12,'3813158348195496156,公主发夹波点蝴蝶结夹小众香蕉2026新款发饰发卡洋气双排头花夹子,,,普通订单,0.91,0,0,3,0,0,0,0,0,0,0,0,-0.02,0,0,0,0,0,0,是-商品卡免佣,0.15,义乌市衍郝电子商务商行,订单结算
2026-04-23 15:18:23,'2026042315180827883484520159,入账,3.12,聚合账户,货款结算入账,小店自卖,'6952161969945449883,'6952161969945449883,'SS76308369746095355420100,2026-04-17 22:02:22,'3806655969480540177,米菲兔巨显发量香蕉兔子后脑勺盘发百搭少女发饰时尚可爱波点大号,,,普通订单,0.01,0,0,3.13,0,0,0,0,0,0,0,0,-0.02,0,0,0,0,0,0,是-商品卡免佣,0.15,义乌市衍郝电子商务商行,订单结算
2026-04-23 15:18:23,'2026042315181417298721820159,入账,4.27,聚合账户,货款结算入账,小店自卖,'6952166571629417567,'6952166571629417567,'SS76307792835392189900212,2026-04-18 01:21:16,'3812240028327870813,粉色双面蝴蝶结香蕉夹竖夹超温柔!气质高马尾发夹后脑勺发夹发饰,,,普通订单,0.5,0,0,4,0,0,0,0,0,0,0,0,-0.23,0,0,0,0,0,0,,0,义乌市衍郝电子商务商行,订单结算
2026-04-23 15:18:23,'2026042315181307050043140159,入账,4.48,聚合账户,货款结算入账,小店自卖,'6925430195147407204,'6925430195147407204,'SS76307332123272973340020,2026-04-08 12:22:25,'3809625164249956608,孕妇专用防滑拖鞋女士夏季家居家室内静音浴室洗澡防臭凉拖鞋外穿,,,普通订单,0.99,0,0,3.52,0,0,0,0,0,0,0,0,-0.03,0,0,0,0,0,0,是-商品卡免佣,0.22,义乌市衍郝电子商务商行,订单结算
2026-04-23 15:18:55,'2026042315184529959626510159,入账,2.86,聚合账户,货款结算入账,小店自卖,'6952094658732038033,'6952094658732038033,'SS76307609356951065660113,2026-04-15 22:30:43,'3797749369206342546,豹纹大肠发圈高级小众手工韩国新款头绳编织显发量马尾丸子头发绳,,,普通订单,2.5,0,0,0.37,0,0,0,0,0.01,0,0,0,-0.02,0,0,0,0,0,0,是-商品卡免佣,0.15,义乌市衍郝电子商务商行,订单结算
2026-04-23 15:19:13,'2026042315190601850580750159,入账,5.03,聚合账户,货款结算入账,小店自卖,'6952123332123039213,'6952123332123039213,'SS76308169370184092260082,2026-04-17 05:44:43,'3809625164249956608,孕妇专用防滑拖鞋女士夏季家居家室内静音浴室洗澡防臭凉拖鞋外穿,,,普通订单,1.61,0,0,3.68,0,0,0,0,0,0,0,0,-0.26,0,0,0,0,0,0,,0,义乌市衍郝电子商务商行,订单结算
2026-04-23 15:19:13,'2026042315190130336005120159,入账,4.86,聚合账户,货款结算入账,小店自卖,'6952012415443015488,'6952012415443015488,'SS76307408988256384350176,2026-04-12 23:11:15,'3811102963569655948,春夏撞色蝴蝶结发夹发卡女后脑勺2026新款气质大号盘发鸭嘴夹发饰,,,普通订单,4.25,0,0,0.64,0,0,0,0,0,0,0,0,-0.03,0,0,0,0,0,0,是-商品卡免佣,0.22,义乌市衍郝电子商务商行,订单结算
2026-04-23 15:19:13,'2026042315190309713464580159,入账,2.96,聚合账户,货款结算入账,小店自卖,'6925689850293616157,'6925689850293616157,'SS76307416777767324570133,2026-04-18 08:53:23,'3812240028327870813,粉色双面蝴蝶结香蕉夹竖夹超温柔!气质高马尾发夹后脑勺发夹发饰,,,普通订单,0.01,0,0,2.97,0,0,0,0,0,0,0,0,-0.02,0,0,0,0,0,0,是-商品卡免佣,0.15,义乌市衍郝电子商务商行,订单结算
2026-04-23 15:19:13,'2026042315190409231938820159,入账,8.07,聚合账户,货款结算入账,小店自卖,'6925540422307249432,'6925540422307249432,'SS76307408991698171390022,2026-04-12 21:20:07,'3811102963569655948,春夏撞色蝴蝶结发夹发卡女后脑勺2026新款气质大号盘发鸭嘴夹发饰,,,普通订单,5.5,0,0,3,0,0,0,0,0,0,0,0,-0.43,0,0,0,0,0,0,,0,义乌市衍郝电子商务商行,订单结算
2026-04-23 15:19:13,'2026042315190339388165620159,入账,3.86,聚合账户,货款结算入账,小店自卖,'6952118576560412632,'6952118576560412632,'SS76306831875092155140006,2026-04-16 23:11:45,'3812794010364412322,趣味黑皮kitty猫魔术贴超可爱猫咪整理碎发刘海贴魔术贴发卡化妆,,,普通订单,0.01,0,0,3.87,0,0,0,0,0,0,0,0,-0.02,0,0,0,0,0,0,是-商品卡免佣,0.15,义乌市衍郝电子商务商行,订单结算
2026-04-23 15:19:13,'2026042315190408408643020159,入账,3.47,聚合账户,货款结算入账,小店自卖,'6952166505612973084,'6952166505612973084,'SS76307728704482352640214,2026-04-18 00:29:51,'3806655969480540177,米菲兔巨显发量香蕉兔子后脑勺盘发百搭少女发饰时尚可爱波点大号,,,普通订单,0.01,0,0,3.48,0,0,0,0,0,0,0,0,-0.02,0,0,0,0,0,0,是-商品卡免佣,0.15,义乌市衍郝电子商务商行,订单结算
2026-04-23 15:19:13,'2026042315190427265763940159,入账,2.81,聚合账户,货款结算入账,小店自卖,'6952070281979958357,'6952070281979958357,'SS76306549233245230140120,2026-04-14 20:56:24,'3769719102516625704,新中式超仙山茶花扭扭夹发夹女2025新款后大号在成人前额碎发夹子,,,普通订单,0.01,0,0,2.95,0,0,0,0,0,0,0,0,-0.15,0,0,0,0,0,0,,0,义乌市衍郝电子商务商行,订单结算
2026-04-23 15:19:13,'2026042315190329998167540159,入账,4.25,聚合账户,货款结算入账,小店自卖,'6952120510306391428,'6952120510306391428,'SS76308147852228201320092,2026-04-16 22:36:50,'3752322921725559076,【四层设计】法式温柔气质缎面超大号蝴蝶大号在成人前额碎发夹子,,,普通订单,0.01,0,0,4.27,0,0,0,0,0,0,0,0,-0.03,0,0,0,0,0,0,是-商品卡免佣,0.22,义乌市衍郝电子商务商行,订单结算
2026-04-23 15:19:13,'2026042315190113594629500159,入账,2.5,聚合账户,货款结算入账,小店自卖,'6925616334895021773,'6925616334895021773,'SS76308479894657436160207,2026-04-16 00:17:31,'3770291082655564062,黑色H字母抓夹女2025新款后脑勺盘发夹子大号在成人大号毛绒鲨鱼,,,普通订单,0.01,0,0,2.62,0,0,0,0,0,0,0,0,-0.13,0,0,0,0,0,0,,0,义乌市衍郝电子商务商行,订单结算
2026-04-23 15:19:13,'2026042315190106027392260159,入账,3.11,聚合账户,货款结算入账,小店自卖,'6925540780131253852,'6925540780131253852,'SS76306681143856993640226,2026-04-12 23:14:58,'3752322049939472693,儿童一次性皮筋发卡神器彩色发绳夹子工具小号不伤发可爱扎头发器,,,普通订单,0.31,0.3,0,2.96,0,0,0,0,0,0,0,0,-0.16,0,0,0,0,0,0,,0,义乌市衍郝电子商务商行,订单结算
2026-04-23 15:19:13,'2026042315190338046763900159,入账,3.79,聚合账户,货款结算入账,小店自卖,'6925578360048942675,'6925578360048942675,'SS76306657124892063100140,2026-04-14 08:09:32,'3812438526650351850,韩版网纱蝴蝶结抓夹2026新款水晶刘海夹侧边夹气质优雅公主夹蓬松,,,普通订单,0.7,0,0,3.29,0,0,0,0,0,0,0,0,-0.2,0,0,0,0,0,0,,0,义乌市衍郝电子商务商行,订单结算
2026-04-23 15:19:13,'2026042315190527143214590159,入账,4.74,聚合账户,货款结算入账,小店自卖,'6925539690401397882,'6925539690401266810,'SS76306672057270113430074,2026-04-12 15:53:32,'3809625164249956608,孕妇专用防滑拖鞋女士夏季家居家室内静音浴室洗澡防臭凉拖鞋外穿,,,普通订单,3.99,0,0,1,0,0,0,0,0,0,0,0,-0.25,0,0,0,0,0,0,,0,义乌市衍郝电子商务商行,订单结算
2026-04-23 15:19:13,'2026042315190506002775140159,入账,4.74,聚合账户,货款结算入账,小店自卖,'6952019304576914779,'6952019304576914779,'SS76307241414102884220120,2026-04-13 11:32:31,'3809625164249956608,孕妇专用防滑拖鞋女士夏季家居家室内静音浴室洗澡防臭凉拖鞋外穿,,,普通订单,3.5,0,0,1.49,0,0,0,0,0,0,0,0,-0.25,0,0,0,0,0,0,,0,义乌市衍郝电子商务商行,订单结算
2026-04-23 15:19:13,'2026042315190100634554980159,入账,8.45,聚合账户,货款结算入账,小店自卖,'6925547619969170874,'6925547619969170874,'SS76306422087578588680041,2026-04-13 07:45:53,'3800198492568289686,买一送一爆款凉拖鞋男士夏季情侣2026新款家居防滑防臭厚底拖鞋女,,,普通订单,5.9,0,0,3,0,0,0,0,0,0,0,0,-0.45,0,0,0,0,0,0,,0,义乌市衍郝电子商务商行,订单结算
2026-04-23 15:19:13,'2026042315190014245442830159,入账,4.96,聚合账户,货款结算入账,小店自卖,'6925649634258353286,'6925649634258353286,'SS76307679614182039230208,2026-04-17 11:00:10,'3812961166053999319,ins爆款卡通蓬松夹鸭嘴夹一字夹化妆发夹超萌可爱猫咪少女刘海夹,,,普通订单,0.01,0,0,4.98,0,0,0,0,0,0,0,0,-0.03,0,0,0,0,0,0,是-商品卡免佣,0.22,义乌市衍郝电子商务商行,订单结算
2026-04-23 15:19:13,'2026042315190305312885850159,入账,3.5,聚合账户,货款结算入账,小店自卖,'6925569943833640640,'6925569943833640640,'SS76307123009919104540246,2026-04-13 13:09:59,'3813158348195496156,公主发夹波点蝴蝶结夹小众香蕉2026新款发饰发卡洋气双排头花夹子,,,普通订单,0.01,0,0,3.51,0,0,0,0,0,0,0,0,-0.02,0,0,0,0,0,0,是-商品卡免佣,0.15,义乌市衍郝电子商务商行,订单结算
2026-04-23 15:19:13,'2026042315190218123492300159,入账,8.85,聚合账户,货款结算入账,小店自卖,'6925679992124636637,'6925679992124636637,'SS76307585596718781700202,2026-04-18 13:11:39,'3800198492568289686,买一送一爆款凉拖鞋男士夏季情侣2026新款家居防滑防臭厚底拖鞋女,,,普通订单,4.9,0,0,4,0,0,0,0,0,0,0,0,-0.05,0,0,0,0,0,0,是-商品卡免佣,0.37,义乌市衍郝电子商务商行,订单结算
2026-04-23 15:19:13,'2026042315190503189151060159,入账,2.83,聚合账户,货款结算入账,小店自卖,'6952162918884054323,'6952162918884054323,'SS76307911455971740350224,2026-04-18 12:58:08,'3812961166053999319,ins爆款卡通蓬松夹鸭嘴夹一字夹化妆发夹超萌可爱猫咪少女刘海夹,,,普通订单,0.01,0,0,2.97,0,0,0,0,0,0,0,0,-0.15,0,0,0,0,0,0,,0,义乌市衍郝电子商务商行,订单结算
2026-04-23 15:19:13,'2026042315190400088683790159,入账,4.87,聚合账户,货款结算入账,小店自卖,'6925555727689940825,'6925555727689940825,'SS76306424246043448510067,2026-04-12 20:51:29,'3800198492568289686,买一送一爆款凉拖鞋男士夏季情侣2026新款家居防滑防臭厚底拖鞋女,,,普通订单,1.4,0,0,3,0,0,0,0,0,0.5,0,0,-0.03,0,0,0,0,0,0,是-商品卡免佣,0.22,义乌市衍郝电子商务商行,订单结算
2026-04-23 15:19:13,'2026042315190219724372740159,入账,8.85,聚合账户,货款结算入账,小店自卖,'6952083007037183969,'6952083007037183969,'SS76306893977721905180134,2026-04-15 18:18:07,'3800198492568289686,买一送一爆款凉拖鞋男士夏季情侣2026新款家居防滑防臭厚底拖鞋女,,,普通订单,6.3,0,0,2.6,0,0,0,0,0,0,0,0,-0.05,0,0,0,0,0,0,是-商品卡免佣,0.37,义乌市衍郝电子商务商行,订单结算
2026-04-23 15:19:13,'2026042315190329282967420159,入账,4.65,聚合账户,货款结算入账,小店自卖,'6925657383595048281,'6925657383595048281,'SS76307696287842309640007,2026-04-16 23:45:20,'3800198492568289686,买一送一爆款凉拖鞋男士夏季情侣2026新款家居防滑防臭厚底拖鞋女,,,普通订单,0.01,0,0,4.89,0,0,0,0,0,0,0,0,-0.25,0,0,0,0,0,0,,0,义乌市衍郝电子商务商行,订单结算
2026-04-23 15:19:13,'2026042315190341315044110159,入账,4.38,聚合账户,货款结算入账,小店自卖,'6952002901357827131,'6952002901357827131,'SS76306426429014840720006,2026-04-12 17:29:12,'3800198492568289686,买一送一爆款凉拖鞋男士夏季情侣2026新款家居防滑防臭厚底拖鞋女,,,普通订单,0.01,0,0,4.4,0,0,0,0,0,0,0,0,-0.03,0,0,0,0,0,0,是-商品卡免佣,0.22,义乌市衍郝电子商务商行,订单结算
2026-04-23 15:19:13,'2026042315190409233413380159,入账,4.46,聚合账户,货款结算入账,小店自卖,'6952021765278406366,'6952021765278406366,'SS76307238820514045980019,2026-04-13 09:53:27,'3809625164249956608,孕妇专用防滑拖鞋女士夏季家居家室内静音浴室洗澡防臭凉拖鞋外穿,,,普通订单,0.01,0,0,4.48,0,0,0,0,0,0,0,0,-0.03,0,0,0,0,0,0,是-商品卡免佣,0.22,义乌市衍郝电子商务商行,订单结算
2026-04-23 15:19:14,'2026042315190241259382020159,入账,3.89,聚合账户,货款结算入账,小店自卖,'6952170688081565408,'6952170688081565408,'SS76308050742939202960199,2026-04-18 03:01:50,'3813158348195496156,公主发夹波点蝴蝶结夹小众香蕉2026新款发饰发卡洋气双排头花夹子,,,普通订单,1.91,0,0,2,0,0,0,0,0,0,0,0,-0.02,0,0,0,0,0,0,是-商品卡免佣,0.15,义乌市衍郝电子商务商行,订单结算
2026-04-23 15:19:14,'2026042315190101393953620159,入账,3.15,聚合账户,货款结算入账,小店自卖,'6952009655772386325,'6952009655772386325,'SS76306667203657569910239,2026-04-12 21:14:13,'3809262658188869664,高级感新年红色大肠发圈女2026新款扎头发绳丸子氛围感头花发饰,,,普通订单,0.01,0,0,3.16,0,0,0,0,0,0,0,0,-0.02,0,0,0,0,0,0,是-商品卡免佣,0.15,义乌市衍郝电子商务商行,订单结算
2026-04-23 15:19:14,'2026042315190327308201420159,入账,2.1,聚合账户,货款结算入账,小店自卖,'6952167478856849249,'6952167478856849249,'SS76308590276615211940061,2026-04-18 14:54:06,'3812240028327870813,粉色双面蝴蝶结香蕉夹竖夹超温柔!气质高马尾发夹后脑勺发夹发饰,,,普通订单,0.01,0,0,2.2,0,0,0,0,0,0,0,0,-0.11,0,0,0,0,0,0,,0,义乌市衍郝电子商务商行,订单结算
2026-04-23 15:19:14,'2026042315190212849318910159,入账,4.74,聚合账户,货款结算入账,小店自卖,'6952149892892268245,'6952149892892268245,'SS76308185054240937480060,2026-04-17 13:42:21,'3799223154979766395,印花小熊防滑防臭抑菌拖鞋女士2026新款夏季浴室情侣家用凉拖男士,,,普通订单,1.98,0,0,3.01,0,0,0,0,0,0,0,0,-0.25,0,0,0,0,0,0,,0,义乌市衍郝电子商务商行,订单结算
2026-04-23 15:19:14,'2026042315190225514483580159,入账,1.64,聚合账户,货款结算入账,小店自卖,'6952067318657914295,'6952067318657914295,'SS76307841705533279140208,2026-04-14 08:56:14,'3807610285351632955,超萌秋天日系毛绒布丁小熊可爱鸭嘴夹大号发夹头饰刘海后脑勺少女,,,普通订单,0.01,0,0,1.72,0,0,0,0,0,0,0,0,-0.09,0,0,0,0,0,0,,0,义乌市衍郝电子商务商行,订单结算
2026-04-23 15:19:14,'2026042315190239688276940159,入账,5.17,聚合账户,货款结算入账,小店自卖,'6925665712767204579,'6925665712767204579,'SS76306979702074575700051,2026-04-17 21:04:57,'3812961166053999319,ins爆款卡通蓬松夹鸭嘴夹一字夹化妆发夹超萌可爱猫咪少女刘海夹,,,普通订单,1.2,0,0,4,0,0,0,0,0,0,0,0,-0.03,0,0,0,0,0,0,是-商品卡免佣,0.22,义乌市衍郝电子商务商行,订单结算
2026-04-23 15:19:18,'2026042315190737632248590159,入账,5.22,聚合账户,货款结算入账,小店自卖,'6925638703860055598,'6925638703860055598,'SS76307602796386596270055,2026-04-16 15:56:01,'3784047231661900210,爆款小众合集花朵发夹侧边夹子韩版碎发刘大号在成人前额碎发夹子,,,普通订单,2.49,0.5,0,3,0,0,0,0,0,0,0,0,-0.27,0,0,0,0,0,0,,0,义乌市衍郝电子商务商行,订单结算
2026-04-23 15:20:55,'2026042315204722915817310159,入账,5.87,聚合账户,货款结算入账,小店自卖,'6952031937111267064,'6952031937111267064,'SS76306668703285089820187,2026-04-12 23:45:48,'3769186223818670555,满天星抓夹女质感中号鲨鱼夹半披发抓夹高大号在成人前额碎发夹子,,,普通订单,6.04,0,0,0.14,0,0,0,0,0,0,0,0,-0.31,0,0,0,0,0,0,,0,义乌市衍郝电子商务商行,订单结算
2026-04-23 15:21:07,'2026042315205534189647720159,入账,4.65,聚合账户,货款结算入账,小店自卖,'6925538652273802959,'6925538652273802959,'SS76306428946649091190119,2026-04-12 19:33:34,'3800198492568289686,买一送一爆款凉拖鞋男士夏季情侣2026新款家居防滑防臭厚底拖鞋女,,,普通订单,0.01,0,0,4.89,0,0,0,0,0,0,0,0,-0.25,0,0,0,0,0,0,,0,义乌市衍郝电子商务商行,订单结算
2026-04-23 15:21:08,'2026042315205531803312730159,入账,4.65,聚合账户,货款结算入账,小店自卖,'6952022872517908054,'6952022872517908054,'SS76306428913771361280003,2026-04-12 21:43:06,'3800198492568289686,买一送一爆款凉拖鞋男士夏季情侣2026新款家居防滑防臭厚底拖鞋女,,,普通订单,0.01,0,0,4.89,0,0,0,0,0,0,0,0,-0.25,0,0,0,0,0,0,,0,义乌市衍郝电子商务商行,订单结算
2026-04-23 15:21:14,'2026042315210433181578340159,入账,4.67,聚合账户,货款结算入账,小店自卖,'6925552223286886325,'6925552223286886325,'SS76306673218077335190065,2026-04-12 23:48:46,'3812961166053999319,ins爆款卡通蓬松夹鸭嘴夹一字夹化妆发夹超萌可爱猫咪少女刘海夹,,,普通订单,0.2,0,0,4.5,0,0,0,0,0,0,0,0,-0.03,0,0,0,0,0,0,是-商品卡免佣,0.22,义乌市衍郝电子商务商行,订单结算
2026-04-23 15:21:26,'2026042315211431936722270159,入账,4.96,聚合账户,货款结算入账,小店自卖,'6925458110551064173,'6925458110551064173,'SS76307716766619082760049,2026-04-09 14:46:07,'3806655969480540177,米菲兔巨显发量香蕉兔子后脑勺盘发百搭少女发饰时尚可爱波点大号,,,普通订单,0.49,0,0,4.5,0,0,0,0,0,0,0,0,-0.03,0,0,0,0,0,0,是-商品卡免佣,0.22,义乌市衍郝电子商务商行,订单结算
2026-04-23 15:21:43,'2026042315213413137190760159,入账,4.96,聚合账户,货款结算入账,小店自卖,'6925555492960042894,'6925555492960042894,'SS76306666044483837440193,2026-04-12 19:12:44,'3806655969480540177,米菲兔巨显发量香蕉兔子后脑勺盘发百搭少女发饰时尚可爱波点大号,,,普通订单,0.49,0,0,4.5,0,0,0,0,0,0,0,0,-0.03,0,0,0,0,0,0,是-商品卡免佣,0.22,义乌市衍郝电子商务商行,订单结算
2026-04-23 15:21:47,'2026042315213338433264910159,入账,3.06,聚合账户,货款结算入账,小店自卖,'6925683037485039578,'6925683037485039578,'SS76307740584496665960082,2026-04-17 21:27:46,'3813152773302780175,柔软泡泡纱韩国粉色碎花大肠发圈超大号高级仙气丸子慵懒头绳发饰,,,普通订单,0.22,0,0,3,0,0,0,0,0,0,0,0,-0.16,0,0,0,0,0,0,,0,义乌市衍郝电子商务商行,订单结算
2026-04-23 15:21:59,'2026042315215010737753750159,入账,8.45,聚合账户,货款结算入账,小店自卖,'6952019142952359140,'6952019142952359140,'SS76307389444975009680175,2026-04-13 10:53:08,'3800198492568289686,买一送一爆款凉拖鞋男士夏季情侣2026新款家居防滑防臭厚底拖鞋女,,,普通订单,5.9,0,0,3,0,0,0,0,0,0,0,0,-0.45,0,0,0,0,0,0,,0,义乌市衍郝电子商务商行,订单结算
2026-04-23 15:22:00,'2026042315214811746554970159,入账,4.96,聚合账户,货款结算入账,小店自卖,'6951899826572170454,'6951899826572170454,'SS76306568119510146710081,2026-04-07 21:39:24,'3799023022220903050,2026新款EVA家居室内不臭脚拖鞋男士夏季踩屎感防滑洗澡凉拖女式,,,普通订单,0.01,0,0,4.98,0,0,0,0,0,0,0,0,-0.03,0,0,0,0,0,0,是-商品卡免佣,0.22,义乌市衍郝电子商务商行,订单结算
2026-04-23 15:23:20,'2026042315231400130258300159,入账,3.47,聚合账户,货款结算入账,小店自卖,'6925543166554242742,'6925543166554242742,'SS76306666260150195390227,2026-04-13 05:02:23,'3806655969480540177,米菲兔巨显发量香蕉兔子后脑勺盘发百搭少女发饰时尚可爱波点大号,,,普通订单,0.01,0,0,3.48,0,0,0,0,0,0,0,0,-0.02,0,0,0,0,0,0,是-商品卡免佣,0.15,义乌市衍郝电子商务商行,订单结算
2026-04-23 15:24:14,'2026042315240236628237180159,入账,4.96,聚合账户,货款结算入账,小店自卖,'6925547190948495323,'6925547190948495323,'SS76306422637876720730197,2026-04-12 22:59:52,'3809625164249956608,孕妇专用防滑拖鞋女士夏季家居家室内静音浴室洗澡防臭凉拖鞋外穿,,,普通订单,3.19,0,0,1.8,0,0,0,0,0,0,0,0,-0.03,0,0,0,0,0,0,是-商品卡免佣,0.22,义乌市衍郝电子商务商行,订单结算
2026-04-23 15:24:32,'2026042315241735829847440159,入账,4.38,聚合账户,货款结算入账,小店自卖,'6952173637443589227,'6952173637443589227,'SS76307216532657446940001,2026-04-18 12:59:05,'3800198492568289686,买一送一爆款凉拖鞋男士夏季情侣2026新款家居防滑防臭厚底拖鞋女,,,普通订单,0.01,0,0,4.4,0,0,0,0,0,0,0,0,-0.03,0,0,0,0,0,0,是-商品卡免佣,0.22,义乌市衍郝电子商务商行,订单结算
2026-04-23 15:24:34,'2026042315242203824356250159,入账,3.74,聚合账户,货款结算入账,小店自卖,'6925540916733312837,'6925540916733312837,'SS76306649988638971310084,2026-04-13 00:18:40,'3778649419818336458,高级感牡丹花流苏抓夹女2024新款毛毛发夹后脑勺显发量鲨鱼夹头饰,,,普通订单,0.01,0,0,3.93,0,0,0,0,0,0,0,0,-0.2,0,0,0,0,0,0,,0,义乌市衍郝电子商务商行,订单结算
2026-04-23 15:25:26,'2026042315251608279373160159,出账,1,聚合账户,小额打款,,'6952273011759584932,'6952273011759584932,,,,,,,普通订单,0,0,0,0,0,0,0,0,0,0,0,0,0,0,0,0,0,0,0,,0,义乌市衍郝电子商务商行,商家向消费者小额打款-“其他”
2026-04-23 15:26:34,'2026042315262101725565780159,入账,6.94,聚合账户,货款结算入账,小店自卖,'6952139759833192388,'6952139759833192388,'SS76308367539679567760173,2026-04-18 06:36:24,'3812240028327870813,粉色双面蝴蝶结香蕉夹竖夹超温柔!气质高马尾发夹后脑勺发夹发饰,,,普通订单,0.01,0,0,6.97,0,0,0,0,0,0,0,0,-0.04,0,0,0,0,0,0,是-商品卡免佣,0.29,义乌市衍郝电子商务商行,订单结算
2026-04-23 15:30:05,'2026042315295625846461980159,入账,1.92,聚合账户,货款结算入账,小店自卖,'6925642135423254174,'6925642135423254174,'SS76308164851040097790239,2026-04-16 21:57:09,'3812240028327870813,粉色双面蝴蝶结香蕉夹竖夹超温柔!气质高马尾发夹后脑勺发夹发饰,,,普通订单,0.01,0,0,1.92,0,0,0,0,0,0,0,0,-0.01,0,0,0,0,0,0,是-商品卡免佣,0.07,义乌市衍郝电子商务商行,订单结算
2026-04-23 15:31:30,'2026042315312121029691070159,出账,2,聚合账户,小额打款,,'6925679840386973030,'6925679840386973030,,,,,,,普通订单,0,0,0,0,0,0,0,0,0,0,0,0,0,0,0,0,0,0,0,,0,义乌市衍郝电子商务商行,商家向消费者小额打款-“其他”
2026-04-23 15:35:24,'2026042315351804123205530159,入账,3.93,聚合账户,货款结算入账,小店自卖,'6925688634960543369,'6925688634960543369,'SS76307259611728123030031,2026-04-18 14:13:24,'3812961166053999319,ins爆款卡通蓬松夹鸭嘴夹一字夹化妆发夹超萌可爱猫咪少女刘海夹,,,普通订单,0.01,0,0,3.94,0,0,0,0,0,0,0,0,-0.02,0,0,0,0,0,0,是-商品卡免佣,0.15,义乌市衍郝电子商务商行,订单结算
2026-04-23 15:41:01,'2026042315405135031294070159,入账,5.17,聚合账户,货款结算入账,小店自卖,'6952153311063054144,'6952153311063054144,'SS76306990301893104640054,2026-04-17 22:31:19,'3812961166053999319,ins爆款卡通蓬松夹鸭嘴夹一字夹化妆发夹超萌可爱猫咪少女刘海夹,,,普通订单,1.2,0,0,4,0,0,0,0,0,0,0,0,-0.03,0,0,0,0,0,0,是-商品卡免佣,0.22,义乌市衍郝电子商务商行,订单结算
2026-04-23 15:43:01,'2026042315424806341924360159,入账,4.62,聚合账户,货款结算入账,小店自卖,'6925683749527911511,'6925683749527911511,'SS76308404024509079300015,2026-04-18 08:08:48,'3812795676727836686,趣味黑皮可爱KT猫咪刘海贴碎发整理神器魔术贴无痕发夹女头饰发饰,,,普通订单,0.65,0,0,4,0,0,0,0,0,0,0,0,-0.03,0,0,0,0,0,0,是-商品卡免佣,0.22,义乌市衍郝电子商务商行,订单结算
2026-04-23 15:44:35,'2026042315442527943777280159,入账,4.09,聚合账户,货款结算入账,小店自卖,'6952150012998390998,'6952150012998390998,'SS76308170024580390670186,2026-04-17 14:55:46,'3675482767761735989,成人碎发发夹大人女大号插梳丸子头黑色发梳发饰夹子韩版头饰发卡,,,普通订单,3.17,0.5,0,1.14,0,0,0,0,0,0,0,0,-0.22,0,0,0,0,0,0,,0,义乌市衍郝电子商务商行,订单结算
2026-04-23 15:45:34,'2026042315452533608834750159,入账,3.38,聚合账户,货款结算入账,小店自卖,'6952108695382791175,'6952108695382791175,'SS76307873324141939700112,2026-04-16 12:50:43,'3812240028327870813,粉色双面蝴蝶结香蕉夹竖夹超温柔!气质高马尾发夹后脑勺发夹发饰,,,普通订单,0.01,0,0,3.39,0,0,0,0,0,0,0,0,-0.02,0,0,0,0,0,0,是-商品卡免佣,0.15,义乌市衍郝电子商务商行,订单结算
2026-04-23 15:45:53,'2026042315454401430492160159,入账,5.55,聚合账户,货款结算入账,小店自卖,'6952024873343981265,'6952024873343981265,'SS76306667709197849860240,2026-04-12 20:57:53,'3809975766641410463,高级感水钻珠珠一字扭扭夹2026新款盘发抓夹后脑勺发量多发夹头饰,,,普通订单,3.98,0,0,1.6,0,0,0,0,0,0,0,0,-0.03,0,0,0,0,0,0,是-商品卡免佣,0.22,义乌市衍郝电子商务商行,订单结算
2026-04-23 15:46:09,'2026042315455529298570650159,入账,4.65,聚合账户,货款结算入账,小店自卖,'6952013799030264957,'6952013799030264957,'SS76306331720948457050143,2026-04-12 17:56:18,'3811102963569655948,春夏撞色蝴蝶结发夹发卡女后脑勺2026新款气质大号盘发鸭嘴夹发饰,,,普通订单,1.89,0,0,3,0,0,0,0,0,0,0,0,-0.24,0,0,0,0,0,0,,0,义乌市衍郝电子商务商行,订单结算
2026-04-23 15:47:09,'2026042315470005919053210159,入账,2.96,聚合账户,货款结算入账,小店自卖,'6925676637306453271,'6925676637306453271,'SS76308223661974205500175,2026-04-17 22:38:53,'3812240028327870813,粉色双面蝴蝶结香蕉夹竖夹超温柔!气质高马尾发夹后脑勺发夹发饰,,,普通订单,0.01,0,0,2.97,0,0,0,0,0,0,0,0,-0.02,0,0,0,0,0,0,是-商品卡免佣,0.15,义乌市衍郝电子商务商行,订单结算
2026-04-23 15:59:39,'2026042315592714642716520159,出账,1,聚合账户,小额打款,,'6925588369634721385,'6925588369634721385,,,,,,,普通订单,0,0,0,0,0,0,0,0,0,0,0,0,0,0,0,0,0,0,0,,0,义乌市衍郝电子商务商行,商家向消费者小额打款-“其他”
2026-04-23 16:03:03,'2026042316024832306634650159,出账,1,聚合账户,小额打款,,'6951886309401761644,'6951886309401761644,,,,,,,普通订单,0,0,0,0,0,0,0,0,0,0,0,0,0,0,0,0,0,0,0,,0,义乌市衍郝电子商务商行,商家向消费者小额打款-“其他”
2026-04-23 16:11:18,'2026042316110401897761680159,出账,1,聚合账户,小额打款,,'6952168218050565788,'6952168218050565788,,,,,,,普通订单,0,0,0,0,0,0,0,0,0,0,0,0,0,0,0,0,0,0,0,,0,义乌市衍郝电子商务商行,商家向消费者小额打款-“其他”
2026-04-23 16:12:47,'2026042316123415362629520159,出账,1,聚合账户,小额打款,,'6952168218050565788,'6952168218050565788,,,,,,,普通订单,0,0,0,0,0,0,0,0,0,0,0,0,0,0,0,0,0,0,0,,0,义乌市衍郝电子商务商行,商家向消费者小额打款-“其他”
2026-04-23 16:27:15,'2026042316270224629092030159,入账,0.03,聚合账户,退款-订单退款触发-退分账,小店自卖,'6952041492022629751,'6952041492022629751,'147455462179150337,2026-04-13 13:29:00,'3782143424946372726,公主宝宝超仙蝴蝶结发夹布艺花朵发卡发饰不伤发bb夹女童刘海夹子,,,普通订单,0,0,0,0,0,0,0,0,0,0,0,0,0.03,0,0,0,0,0,0,,0,义乌市衍郝电子商务商行,服务费返还
2026-04-23 16:27:15,'2026042316270526174920110159,出账,4.9,聚合账户,退款-结算后退款-退用户,小店自卖,'6952041492022629751,'6952041492022629751,'147455462179150337,2026-04-13 13:29:00,'3782143424946372726,公主宝宝超仙蝴蝶结发夹布艺花朵发卡发饰不伤发bb夹女童刘海夹子,,,普通订单,0,0,0,0,0,0,0,0,0,0,0,-4.9,0,0,0,0,0,0,0,,0,义乌市衍郝电子商务商行,已退款
2026-04-23 17:04:12,'2026042317035809871734260159,出账,1,聚合账户,小额打款,,'6952113224838944025,'6952113224838944025,,,,,,,普通订单,0,0,0,0,0,0,0,0,0,0,0,0,0,0,0,0,0,0,0,,0,义乌市衍郝电子商务商行,商家向消费者小额打款-“其他”
2026-04-23 17:05:50,'2026042317054323754514420159,出账,1,聚合账户,小额打款,,'6952102196855641318,'6952102196855641318,,,,,,,普通订单,0,0,0,0,0,0,0,0,0,0,0,0,0,0,0,0,0,0,0,,0,义乌市衍郝电子商务商行,商家向消费者小额打款-“其他”
2026-04-23 17:14:04,'2026042317135314143985180159,出账,1,聚合账户,小额打款,,'6925679260863856513,'6925679260863856513,,,,,,,普通订单,0,0,0,0,0,0,0,0,0,0,0,0,0,0,0,0,0,0,0,,0,义乌市衍郝电子商务商行,商家向消费者小额打款-“其他”
2026-04-23 17:15:49,'2026042317154001028306260159,出账,2,聚合账户,小额打款,,'6952127183119127558,'6952127183119127558,,,,,,,普通订单,0,0,0,0,0,0,0,0,0,0,0,0,0,0,0,0,0,0,0,,0,义乌市衍郝电子商务商行,商家向消费者小额打款-“其他”
2026-04-23 17:34:54,'2026042317344200066030420159,出账,2,聚合账户,小额打款,,'6951977087800710808,'6951977087800710808,,,,,,,普通订单,0,0,0,0,0,0,0,0,0,0,0,0,0,0,0,0,0,0,0,,0,义乌市衍郝电子商务商行,商家向消费者小额打款-“其他”
2026-04-23 17:48:14,'2026042317475937464153690159,出账,1,聚合账户,小额打款,,'6952160040764839523,'6952160040764839523,,,,,,,普通订单,0,0,0,0,0,0,0,0,0,0,0,0,0,0,0,0,0,0,0,,0,义乌市衍郝电子商务商行,商家向消费者小额打款-“其他”
2026-04-23 17:51:39,'2026042317512700671752040159,出账,2,聚合账户,小额打款,,'6952254625697437235,'6952254625697437235,,,,,,,普通订单,0,0,0,0,0,0,0,0,0,0,0,0,0,0,0,0,0,0,0,,0,义乌市衍郝电子商务商行,商家向消费者小额打款-“其他”
2026-04-23 18:14:46,'2026042318143101567298830159,出账,1,聚合账户,小额打款,,'6952180614212425539,'6952180614212425539,,,,,,,普通订单,0,0,0,0,0,0,0,0,0,0,0,0,0,0,0,0,0,0,0,,0,义乌市衍郝电子商务商行,商家向消费者小额打款-“其他”
2026-04-23 18:23:21,'2026042318230702942077980159,出账,1,聚合账户,小额打款,,'6952112792891102650,'6952112792891102650,,,,,,,普通订单,0,0,0,0,0,0,0,0,0,0,0,0,0,0,0,0,0,0,0,,0,义乌市衍郝电子商务商行,商家向消费者小额打款-“其他”
2026-04-23 18:36:35,'2026042318362334286313310159,出账,1,聚合账户,小额打款,,'6925672570620247522,'6925672570620247522,,,,,,,普通订单,0,0,0,0,0,0,0,0,0,0,0,0,0,0,0,0,0,0,0,,0,义乌市衍郝电子商务商行,商家向消费者小额打款-“其他”
2026-04-23 18:52:09,'2026042318515400854269980159,出账,1,聚合账户,小额打款,,'6952098544814593531,'6952098544814593531,,,,,,,普通订单,0,0,0,0,0,0,0,0,0,0,0,0,0,0,0,0,0,0,0,,0,义乌市衍郝电子商务商行,商家向消费者小额打款-“其他”
2026-04-23 19:01:49,'2026042319013602523469260159,出账,1,聚合账户,小额打款,,'6925594996763163696,'6925594996763163696,,,,,,,普通订单,0,0,0,0,0,0,0,0,0,0,0,0,0,0,0,0,0,0,0,,0,义乌市衍郝电子商务商行,商家向消费者小额打款-“其他”
2026-04-23 19:13:18,'2026042319130500379458980159,出账,1,聚合账户,小额打款,,'6925680925903650333,'6925680925903650333,,,,,,,普通订单,0,0,0,0,0,0,0,0,0,0,0,0,0,0,0,0,0,0,0,,0,义乌市衍郝电子商务商行,商家向消费者小额打款-“其他”
2026-04-23 19:36:22,'2026042319360900609820670159,出账,1,聚合账户,小额打款,,'6952171471671137426,'6952171471671137426,,,,,,,普通订单,0,0,0,0,0,0,0,0,0,0,0,0,0,0,0,0,0,0,0,,0,义乌市衍郝电子商务商行,商家向消费者小额打款-“其他”
2026-04-23 19:36:58,'2026042319364500464003060159,出账,1,聚合账户,小额打款,,'6952142598997350047,'6952142598997350047,,,,,,,普通订单,0,0,0,0,0,0,0,0,0,0,0,0,0,0,0,0,0,0,0,,0,义乌市衍郝电子商务商行,商家向消费者小额打款-“其他”
2026-04-23 19:43:17,'2026042319430423952143880159,出账,1,聚合账户,小额打款,,'6952155600907933619,'6952155600907933619,,,,,,,普通订单,0,0,0,0,0,0,0,0,0,0,0,0,0,0,0,0,0,0,0,,0,义乌市衍郝电子商务商行,商家向消费者小额打款-“其他”
2026-04-23 20:30:09,'2026042320295806504947390159,出账,1,聚合账户,小额打款,,'6952132720445363231,'6952132720445363231,,,,,,,普通订单,0,0,0,0,0,0,0,0,0,0,0,0,0,0,0,0,0,0,0,,0,义乌市衍郝电子商务商行,商家向消费者小额打款-“其他”
2026-04-23 20:35:47,'2026042320353715367048200159,出账,1,聚合账户,小额打款,,'6925670696675934064,'6925670696675934064,,,,,,,普通订单,0,0,0,0,0,0,0,0,0,0,0,0,0,0,0,0,0,0,0,,0,义乌市衍郝电子商务商行,商家向消费者小额打款-“其他”
2026-04-23 20:39:30,'2026042320391721730107070159,出账,1,聚合账户,小额打款,,'6952138922965734641,'6952138922965734641,,,,,,,普通订单,0,0,0,0,0,0,0,0,0,0,0,0,0,0,0,0,0,0,0,,0,义乌市衍郝电子商务商行,商家向消费者小额打款-“其他”
2026-04-23 21:10:35,'2026042321102433597691240159,出账,1,聚合账户,小额打款,,'6925472012792003978,'6925472012792003978,,,,,,,普通订单,0,0,0,0,0,0,0,0,0,0,0,0,0,0,0,0,0,0,0,,0,义乌市衍郝电子商务商行,商家向消费者小额打款-“其他”
2026-04-23 21:18:54,'2026042321184000695506330159,出账,1,聚合账户,小额打款,,'6952155619826407284,'6952155619826407284,,,,,,,普通订单,0,0,0,0,0,0,0,0,0,0,0,0,0,0,0,0,0,0,0,,0,义乌市衍郝电子商务商行,商家向消费者小额打款-“其他”
2026-04-23 21:20:49,'2026042321203815189281640159,出账,1,聚合账户,小额打款,,'6952099471290275381,'6952099471290275381,,,,,,,普通订单,0,0,0,0,0,0,0,0,0,0,0,0,0,0,0,0,0,0,0,,0,义乌市衍郝电子商务商行,商家向消费者小额打款-“其他”
2026-04-23 21:30:49,'2026042321303903738383880159,出账,2,聚合账户,小额打款,,'6925581283871194376,'6925581283871194376,,,,,,,普通订单,0,0,0,0,0,0,0,0,0,0,0,0,0,0,0,0,0,0,0,,0,义乌市衍郝电子商务商行,商家向消费者小额打款-“其他”
2026-04-23 21:34:15,'2026042321340300594905600159,出账,1,聚合账户,小额打款,,'6952139743841097359,'6952139743841097359,,,,,,,普通订单,0,0,0,0,0,0,0,0,0,0,0,0,0,0,0,0,0,0,0,,0,义乌市衍郝电子商务商行,商家向消费者小额打款-“其他”
2026-04-23 21:38:41,'2026042321382927683395190159,出账,1,聚合账户,小额打款,,'6925658330784234783,'6925658330784234783,,,,,,,普通订单,0,0,0,0,0,0,0,0,0,0,0,0,0,0,0,0,0,0,0,,0,义乌市衍郝电子商务商行,商家向消费者小额打款-“其他”
2026-04-23 21:57:26,'2026042321571501107604750159,出账,1,聚合账户,小额打款,,'6952141857010226704,'6952141857010226704,,,,,,,普通订单,0,0,0,0,0,0,0,0,0,0,0,0,0,0,0,0,0,0,0,,0,义乌市衍郝电子商务商行,商家向消费者小额打款-“其他”
2026-04-23 22:00:17,'2026042322000719981645070159,出账,1,聚合账户,小额打款,,'6952168297108280831,'6952168297108280831,,,,,,,普通订单,0,0,0,0,0,0,0,0,0,0,0,0,0,0,0,0,0,0,0,,0,义乌市衍郝电子商务商行,商家向消费者小额打款-“其他”
2026-04-23 22:04:11,'2026042322040128608105380159,出账,1,聚合账户,小额打款,,'6925566441765239974,'6925566441765239974,,,,,,,普通订单,0,0,0,0,0,0,0,0,0,0,0,0,0,0,0,0,0,0,0,,0,义乌市衍郝电子商务商行,商家向消费者小额打款-“其他”
2026-04-23 22:04:32,'2026042322041740528453180159,出账,2,聚合账户,小额打款,,'6925660104857845442,'6925660104857845442,,,,,,,普通订单,0,0,0,0,0,0,0,0,0,0,0,0,0,0,0,0,0,0,0,,0,义乌市衍郝电子商务商行,商家向消费者小额打款-“其他”
2026-04-23 22:05:08,'2026042322045726226363310159,出账,2,聚合账户,小额打款,,'6925688273272274074,'6925688273272274074,,,,,,,普通订单,0,0,0,0,0,0,0,0,0,0,0,0,0,0,0,0,0,0,0,,0,义乌市衍郝电子商务商行,商家向消费者小额打款-“其他”
2026-04-23 22:07:02,'2026042322064901469980350159,出账,1,聚合账户,小额打款,,'6952157381396338169,'6952157381396338169,,,,,,,普通订单,0,0,0,0,0,0,0,0,0,0,0,0,0,0,0,0,0,0,0,,0,义乌市衍郝电子商务商行,商家向消费者小额打款-“其他”
2026-04-23 22:10:33,'2026042322101841113526170159,出账,1,聚合账户,小额打款,,'6951819944398231258,'6951819944398231258,,,,,,,普通订单,0,0,0,0,0,0,0,0,0,0,0,0,0,0,0,0,0,0,0,,0,义乌市衍郝电子商务商行,商家向消费者小额打款-“其他”
2026-04-23 22:18:02,'2026042322175302328540310159,出账,1,聚合账户,小额打款,,'6952168436025595082,'6952168436025595082,,,,,,,普通订单,0,0,0,0,0,0,0,0,0,0,0,0,0,0,0,0,0,0,0,,0,义乌市衍郝电子商务商行,商家向消费者小额打款-“其他”
2026-04-23 22:29:12,'2026042322285939892426620159,出账,1,聚合账户,小额打款,,'6925674002969558855,'6925674002969558855,,,,,,,普通订单,0,0,0,0,0,0,0,0,0,0,0,0,0,0,0,0,0,0,0,,0,义乌市衍郝电子商务商行,商家向消费者小额打款-“其他”
2026-04-23 22:34:23,'2026042322340801062999100159,出账,1,聚合账户,小额打款,,'6925638294302457027,'6925638294302457027,,,,,,,普通订单,0,0,0,0,0,0,0,0,0,0,0,0,0,0,0,0,0,0,0,,0,义乌市衍郝电子商务商行,商家向消费者小额打款-“其他”
2026-04-23 22:36:36,'2026042322362334397599070159,出账,1,聚合账户,小额打款,,'6925668014347484208,'6925668014347484208,,,,,,,普通订单,0,0,0,0,0,0,0,0,0,0,0,0,0,0,0,0,0,0,0,,0,义乌市衍郝电子商务商行,商家向消费者小额打款-“其他”
2026-04-23 22:38:28,'2026042322381400517081950159,出账,1,聚合账户,小额打款,,'6952138128737244319,'6952138128737244319,,,,,,,普通订单,0,0,0,0,0,0,0,0,0,0,0,0,0,0,0,0,0,0,0,,0,义乌市衍郝电子商务商行,商家向消费者小额打款-“其他”
2026-04-23 22:39:11,'2026042322385900940119310159,出账,2,聚合账户,小额打款,,'6925663790016921155,'6925663790016921155,,,,,,,普通订单,0,0,0,0,0,0,0,0,0,0,0,0,0,0,0,0,0,0,0,,0,义乌市衍郝电子商务商行,商家向消费者小额打款-“其他”
2026-04-23 22:41:21,'2026042322410704918973940159,出账,2,聚合账户,小额打款,,'6925499295558630785,'6925499295558630785,,,,,,,普通订单,0,0,0,0,0,0,0,0,0,0,0,0,0,0,0,0,0,0,0,,0,义乌市衍郝电子商务商行,商家向消费者小额打款-“其他”
2026-04-23 22:56:25,'2026042322561400298357850159,出账,1,聚合账户,小额打款,,'6925667828738260434,'6925667828738260434,,,,,,,普通订单,0,0,0,0,0,0,0,0,0,0,0,0,0,0,0,0,0,0,0,,0,义乌市衍郝电子商务商行,商家向消费者小额打款-“其他”
2026-04-23 23:24:37,'2026042323242300678343680159,出账,1,聚合账户,小额打款,,'6925573337796542143,'6925573337796542143,,,,,,,普通订单,0,0,0,0,0,0,0,0,0,0,0,0,0,0,0,0,0,0,0,,0,义乌市衍郝电子商务商行,商家向消费者小额打款-“其他”
2026-04-23 23:33:14,'2026042323330000217298280159,出账,1,聚合账户,小额打款,,'6925684411060027357,'6925684411060027357,,,,,,,普通订单,0,0,0,0,0,0,0,0,0,0,0,0,0,0,0,0,0,0,0,,0,义乌市衍郝电子商务商行,商家向消费者小额打款-“其他”
2026-04-23 23:36:39,'2026042323362400093271390159,出账,1,聚合账户,小额打款,,'6925679500850659290,'6925679500850659290,,,,,,,普通订单,0,0,0,0,0,0,0,0,0,0,0,0,0,0,0,0,0,0,0,,0,义乌市衍郝电子商务商行,商家向消费者小额打款-“其他”
2026-04-23 23:48:31,'2026042323481700346038110159,出账,1,聚合账户,小额打款,,'6925663393638743062,'6925663393638743062,,,,,,,普通订单,0,0,0,0,0,0,0,0,0,0,0,0,0,0,0,0,0,0,0,,0,义乌市衍郝电子商务商行,商家向消费者小额打款-“其他”
2026-04-23 23:54:18,'2026042323540614597985540159,出账,1,聚合账户,小额打款,,'6925684019559300852,'6925684019559300852,,,,,,,普通订单,0,0,0,0,0,0,0,0,0,0,0,0,0,0,0,0,0,0,0,,0,义乌市衍郝电子商务商行,商家向消费者小额打款-“其他”
