动账时间,动帐流水号,动账方向,动账金额,动账账户,动账场景,计费类型,子订单号,订单号,售后编号,下单时间,商品ID,商品名称,达人ID,达人名称,订单类型,订单实付应结,运费实付,实际平台补贴_运费,实际平台补贴,其他平台补贴,以旧换新抵扣,政府补贴平台垫资,实际达人补贴,实际抖音支付补贴,实际抖音月付营销补贴,银行补贴,订单退款,平台服务费,佣金,服务商佣金,渠道分成,招商服务费,站外推广费,其他分成,是否免佣,免佣金额,商户主体名称,备注
2026-04-21 01:26:32,'2026042101262536365644995562,入账,2.58,聚合账户,货款结算入账,精选联盟,'6952038318485018446,'6952038318485018446,'SS76300747063849454710219,2026-04-14 08:25:28,'3782325961064841649,许我耀眼赵露思许妍同款爱心抓夹2025新款高级感后脑勺鲨鱼夹发夹,'0,,普通订单,2.86,0,0,0,0,0,0,0,0,0,0,0,-0.14,0,0,0,0,-0.14,0,,0,义乌市燃困电子商务商行（个体工商户）,订单结算
2026-04-21 01:26:32,'2026042101262509234844565562,入账,4.47,聚合账户,货款结算入账,小店自卖,'6952044697175987669,'6952044697175987669,'SS76300786878026877780199,2026-04-13 20:32:04,'3782206591290442095,气质豹纹三角抓夹女款2025新款复古秋冬鲨鱼夹后脑勺盘发发夹发饰,,,普通订单,4.5,0,0,0,0,0,0,0,0,0,0,0,-0.03,0,0,0,0,0,0,是-商品卡免佣,0.22,义乌市燃困电子商务商行（个体工商户）,订单结算
2026-04-21 01:26:32,'2026042101262225092431775562,入账,3.57,聚合账户,货款结算入账,精选联盟,'6925568706222128408,'6925568706222128408,'SS76299806380828761700058,2026-04-13 22:46:38,'3782179818351755475,银色金属水钻发扣发夹虞书欣同款高级感洋气甜酷风刘海发夹扣发饰,'3122211035558957,小郡主,普通订单,3.97,0,0,0,0,0,0,0,0,0,0,0,-0.2,-0.2,0,0,0,0,0,,0,义乌市燃困电子商务商行（个体工商户）,订单结算
2026-04-21 01:26:32,'2026042101262221319851945562,入账,3.53,聚合账户,货款结算入账,精选联盟,'6925526538682793501,'6925526538682793501,'SS76300061727557228060140,2026-04-12 10:16:34,'3782179818351755475,银色金属水钻发扣发夹虞书欣同款高级感洋气甜酷风刘海发夹扣发饰,'3122211035558957,小郡主,普通订单,3.93,0,0,0,0,0,0,0,0,0,0,0,-0.2,-0.2,0,0,0,0,0,,0,义乌市燃困电子商务商行（个体工商户）,订单结算
2026-04-21 01:26:32,'2026042101262527442552385562,入账,2.6,聚合账户,货款结算入账,精选联盟,'6925517991444053057,'6925517991444053057,'SS76299892202962952060246,2026-04-11 14:42:33,'3782179818351755475,银色金属水钻发扣发夹虞书欣同款高级感洋气甜酷风刘海发夹扣发饰,'3122211035558957,小郡主,普通订单,2.9,0,0,0,0,0,0,0,0,0,0,0,-0.15,-0.15,0,0,0,0,0,,0,义乌市燃困电子商务商行（个体工商户）,订单结算
2026-04-21 01:26:32,'2026042101262213184371615562,入账,3.78,聚合账户,货款结算入账,小店自卖,'6925594630863289785,'6925594630863289785,'SS76298920273369503260188,2026-04-14 22:42:43,'3797193810723864658,2026秋冬款麻花撞色发箍女高级感编织发饰高颅顶带齿防滑头箍发卡,,,普通订单,3.8,0,0,0,0,0,0,0,0,0,0,0,-0.02,0,0,0,0,0,0,是-商品卡免佣,0.15,义乌市燃困电子商务商行（个体工商户）,订单结算
2026-04-21 01:26:32,'2026042101262329501038605562,入账,2.87,聚合账户,货款结算入账,小店自卖,'6951964531550262465,'6951964531550262465,'SS76298947358089224110206,2026-04-11 02:57:23,'3782193222986629380,复古波点褶皱香蕉夹高级感马尾扭扭竖夹后脑勺显发量横夹发卡抓夹,,,普通订单,2.89,0,0,0,0,0,0,0,0,0,0,0,-0.02,0,0,0,0,0,0,是-商品卡免佣,0.15,义乌市燃困电子商务商行（个体工商户）,订单结算
2026-04-21 01:26:32,'2026042101262322444446785562,入账,3.57,聚合账户,货款结算入账,精选联盟,'6951978841690870811,'6951978841690870811,'SS76299876571635720080099,2026-04-11 14:02:14,'3782179818351755475,银色金属水钻发扣发夹虞书欣同款高级感洋气甜酷风刘海发夹扣发饰,'3122211035558957,小郡主,普通订单,3.97,0,0,0,0,0,0,0,0,0,0,0,-0.2,-0.2,0,0,0,0,0,,0,义乌市燃困电子商务商行（个体工商户）,订单结算
2026-04-21 01:26:32,'2026042101262407985073075562,入账,4.47,聚合账户,货款结算入账,小店自卖,'6952060823690876608,'6952060823690876608,'SS76299858318994191900063,2026-04-14 10:20:14,'3782206591290442095,气质豹纹三角抓夹女款2025新款复古秋冬鲨鱼夹后脑勺盘发发夹发饰,,,普通订单,4.5,0,0,0,0,0,0,0,0,0,0,0,-0.03,0,0,0,0,0,0,是-商品卡免佣,0.22,义乌市燃困电子商务商行（个体工商户）,订单结算
2026-04-21 01:26:32,'2026042101262410072069275562,入账,3.52,聚合账户,货款结算入账,小店自卖,'6951971590476666643,'6951971590476666643,'SS76299876389676979350005,2026-04-11 09:20:26,'3782179818351755475,银色金属水钻发扣发夹虞书欣同款高级感洋气甜酷风刘海发夹扣发饰,,,普通订单,3.54,0,0,0,0,0,0,0,0,0,0,0,-0.02,0,0,0,0,0,0,是-商品卡免佣,0.15,义乌市燃困电子商务商行（个体工商户）,订单结算
2026-04-21 01:26:32,'2026042101262311037903995562,入账,3.95,聚合账户,货款结算入账,小店自卖,'6952060312461449120,'6952060312461449120,'SS76297662938623025070006,2026-04-13 23:17:40,'3782179818351755475,银色金属水钻发扣发夹虞书欣同款高级感洋气甜酷风刘海发夹扣发饰,,,普通订单,3.97,0,0,0,0,0,0,0,0,0,0,0,-0.02,0,0,0,0,0,0,是-商品卡免佣,0.15,义乌市燃困电子商务商行（个体工商户）,订单结算
2026-04-21 01:26:32,'2026042101262605747389445562,入账,2.87,聚合账户,货款结算入账,小店自卖,'6951971833012819590,'6951971833012819590,'SS76299760918392018460085,2026-04-11 11:56:04,'3782193222986629380,复古波点褶皱香蕉夹高级感马尾扭扭竖夹后脑勺显发量横夹发卡抓夹,,,普通订单,2.89,0,0,0,0,0,0,0,0,0,0,0,-0.02,0,0,0,0,0,0,是-商品卡免佣,0.15,义乌市燃困电子商务商行（个体工商户）,订单结算
2026-04-21 01:26:32,'2026042101262635106982815562,入账,2.93,聚合账户,货款结算入账,小店自卖,'6925499126679764942,'6925499126679764942,'SS76298947198629524980074,2026-04-10 16:40:29,'3789769309207789754,2025新款秋冬橡皮筋高弹力发绳可爱头绳洋气发圈马尾发饰高级头饰,,,普通订单,2.95,0,0,0,0,0,0,0,0,0,0,0,-0.02,0,0,0,0,0,0,是-商品卡免佣,0.15,义乌市燃困电子商务商行（个体工商户）,订单结算
2026-04-21 01:26:32,'2026042101262629991245235562,入账,3.23,聚合账户,货款结算入账,精选联盟,'6925574501665308511,'6925574501665308511,'SS76299804340150810100157,2026-04-13 15:36:06,'3782154121554035149,韩系简约灰色绒面宽边发箍女高颅顶日常外戴显脸小百搭头箍发饰女,'62909993519,美伊.,普通订单,3.59,0,0,0,0,0,0,0,0,0,0,0,-0.18,-0.18,0,0,0,0,0,,0,义乌市燃困电子商务商行（个体工商户）,订单结算
2026-04-21 02:03:00,'2026042102025527894256995562,入账,3.91,聚合账户,货款结算入账,小店自卖,'6925511560679358170,'6925511560679358170,'SS76299749175593869230107,2026-04-11 11:17:38,'3782179818351755475,银色金属水钻发扣发夹虞书欣同款高级感洋气甜酷风刘海发夹扣发饰,,,普通订单,3.93,0,0,0,0,0,0,0,0,0,0,0,-0.02,0,0,0,0,0,0,是-商品卡免佣,0.15,义乌市燃困电子商务商行（个体工商户）,订单结算
2026-04-21 02:03:06,'2026042102025937375188835562,入账,2.25,聚合账户,货款结算入账,精选联盟,'6925496142859107802,'6925496142859107802,'SS76288382156186465620188,2026-04-11 09:02:54,'3782179818351755475,银色金属水钻发扣发夹虞书欣同款高级感洋气甜酷风刘海发夹扣发饰,'3122211035558957,小郡主,普通订单,3.35,0,0,0,0,0,0,0,0,0,0,-0.84,-0.13,-0.13,0,0,0,0,0,,0,义乌市燃困电子商务商行（个体工商户）,订单结算
2026-04-21 02:04:09,'2026042102040228493422465562,入账,2.6,聚合账户,货款结算入账,精选联盟,'6925518994852445507,'6925518994852445507,'SS76299334706591828750223,2026-04-11 22:38:22,'3782179818351755475,银色金属水钻发扣发夹虞书欣同款高级感洋气甜酷风刘海发夹扣发饰,'3122211035558957,小郡主,普通订单,2.9,0,0,0,0,0,0,0,0,0,0,0,-0.15,-0.15,0,0,0,0,0,,0,义乌市燃困电子商务商行（个体工商户）,订单结算
2026-04-21 02:04:39,'2026042102043109902661545562,入账,3.96,聚合账户,货款结算入账,小店自卖,'6925550627328262094,'6925550627328262094,'SS76299077323210757120246,2026-04-13 13:37:47,'3806826554969948422,韩系复古气质豹纹颅顶发梳女碎发整理神器倒插梳发夹时尚发卡夹子,,,普通订单,3.98,0,0,0,0,0,0,0,0,0,0,0,-0.02,0,0,0,0,0,0,是-商品卡免佣,0.15,义乌市燃困电子商务商行（个体工商户）,订单结算
2026-04-21 02:04:48,'2026042102044128411338745562,入账,3.35,聚合账户,货款结算入账,小店自卖,'6925512089592495881,'6925512089592495881,'SS76299906540346253320132,2026-04-11 14:47:50,'3789769309207789754,2025新款秋冬橡皮筋高弹力发绳可爱头绳洋气发圈马尾发饰高级头饰,,,普通订单,3.37,0,0,0,0,0,0,0,0,0,0,0,-0.02,0,0,0,0,0,0,是-商品卡免佣,0.15,义乌市燃困电子商务商行（个体工商户）,订单结算
2026-04-21 02:07:30,'2026042102072340349207585562,入账,3.91,聚合账户,货款结算入账,小店自卖,'6925488885617622546,'6925488885617622546,'SS76299221018692815990234,2026-04-10 20:16:33,'3782179818351755475,银色金属水钻发扣发夹虞书欣同款高级感洋气甜酷风刘海发夹扣发饰,,,普通订单,3.93,0,0,0,0,0,0,0,0,0,0,0,-0.02,0,0,0,0,0,0,是-商品卡免佣,0.15,义乌市燃困电子商务商行（个体工商户）,订单结算
2026-04-21 02:08:14,'2026042102080728824376385562,入账,3.91,聚合账户,货款结算入账,小店自卖,'6925508265851387603,'6925508265851387603,'SS76299223643567885320223,2026-04-10 23:21:53,'3782179818351755475,银色金属水钻发扣发夹虞书欣同款高级感洋气甜酷风刘海发夹扣发饰,,,普通订单,3.93,0,0,0,0,0,0,0,0,0,0,0,-0.02,0,0,0,0,0,0,是-商品卡免佣,0.15,义乌市燃困电子商务商行（个体工商户）,订单结算
2026-04-21 02:08:54,'2026042102084431472852915562,入账,3.53,聚合账户,货款结算入账,精选联盟,'6925525227122818674,'6925525227122818674,'SS76300536231493842070041,2026-04-11 18:58:45,'3782179818351755475,银色金属水钻发扣发夹虞书欣同款高级感洋气甜酷风刘海发夹扣发饰,'3122211035558957,小郡主,普通订单,3.93,0,0,0,0,0,0,0,0,0,0,0,-0.2,-0.2,0,0,0,0,0,,0,义乌市燃困电子商务商行（个体工商户）,订单结算
2026-04-21 02:14:26,'2026042102142306385503225562,入账,3.96,聚合账户,货款结算入账,小店自卖,'6925584600668404820,'6925584600668404820,'SS76299302211518963830211,2026-04-14 00:01:58,'3806826554969948422,韩系复古气质豹纹颅顶发梳女碎发整理神器倒插梳发夹时尚发卡夹子,,,普通订单,3.98,0,0,0,0,0,0,0,0,0,0,0,-0.02,0,0,0,0,0,0,是-商品卡免佣,0.15,义乌市燃困电子商务商行（个体工商户）,订单结算
2026-04-21 02:14:47,'2026042102144000724344845562,入账,3.35,聚合账户,货款结算入账,小店自卖,'6925443189538455378,'6925443189538455378,'SS76300385731478817380037,2026-04-08 16:23:26,'3789769309207789754,2025新款秋冬橡皮筋高弹力发绳可爱头绳洋气发圈马尾发饰高级头饰,,,普通订单,3.37,0,0,0,0,0,0,0,0,0,0,0,-0.02,0,0,0,0,0,0,是-商品卡免佣,0.15,义乌市燃困电子商务商行（个体工商户）,订单结算
2026-04-21 03:07:09,'2026042103070609814843265562,入账,3.53,聚合账户,货款结算入账,精选联盟,'6951980651219064529,'6951980651219064529,'SS76299899280840461060006,2026-04-11 14:22:42,'3782179818351755475,银色金属水钻发扣发夹虞书欣同款高级感洋气甜酷风刘海发夹扣发饰,'3122211035558957,小郡主,普通订单,3.93,0,0,0,0,0,0,0,0,0,0,0,-0.2,-0.2,0,0,0,0,0,,0,义乌市燃困电子商务商行（个体工商户）,订单结算
2026-04-21 03:07:21,'2026042103071619565000185562,入账,2.61,聚合账户,货款结算入账,精选联盟,'6952034444324705570,'6952034444324705570,'SS76299119669180669500117,2026-04-13 09:31:47,'3782193222986629380,复古波点褶皱香蕉夹高级感马尾扭扭竖夹后脑勺显发量横夹发卡抓夹,'66906805977,婧婷好物,普通订单,2.89,0,0,0,0,0,0,0,0,0,0,0,-0.14,-0.14,0,0,0,0,0,,0,义乌市燃困电子商务商行（个体工商户）,订单结算
2026-04-21 03:07:42,'2026042103073739261640185562,入账,3.87,聚合账户,货款结算入账,小店自卖,'6951963462922475108,'6951963462922475108,'SS76299909806872174180151,2026-04-10 14:27:45,'3782158083703309205,春夏韩系雾霾紫布艺发箍显白复古头箍发饰发箍2026爆款洋气高级感,,,普通订单,3.89,0,0,0,0,0,0,0,0,0,0,0,-0.02,0,0,0,0,0,0,是-商品卡免佣,0.15,义乌市燃困电子商务商行（个体工商户）,订单结算
2026-04-21 03:09:00,'2026042103085521895744275562,入账,4.69,聚合账户,货款结算入账,小店自卖,'6951957944740353625,'6951957944740353625,'SS76299243570332513540199,2026-04-11 02:48:20,'3792556779406229663,网红同款高颅顶圆形金属百搭发扣甜酷刘海发夹前额侧边夹发卡头饰,,,普通订单,0.01,0,0,0,0,0,0,0,4.71,0,0,0,-0.03,0,0,0,0,0,0,是-商品卡免佣,0.22,义乌市燃困电子商务商行（个体工商户）,订单结算
2026-04-21 03:10:27,'2026042103102330159713545562,入账,3.35,聚合账户,货款结算入账,小店自卖,'6951993832177604291,'6951993832177604291,'SS76299761045155517870146,2026-04-11 11:22:20,'3789769309207789754,2025新款秋冬橡皮筋高弹力发绳可爱头绳洋气发圈马尾发饰高级头饰,,,普通订单,3.37,0,0,0,0,0,0,0,0,0,0,0,-0.02,0,0,0,0,0,0,是-商品卡免佣,0.15,义乌市燃困电子商务商行（个体工商户）,订单结算
2026-04-21 03:11:55,'2026042103114932971331025562,入账,3.35,聚合账户,货款结算入账,小店自卖,'6951965067287795352,'6951965067287795352,'SS76299761003837693860084,2026-04-11 13:35:05,'3789769309207789754,2025新款秋冬橡皮筋高弹力发绳可爱头绳洋气发圈马尾发饰高级头饰,,,普通订单,3.37,0,0,0,0,0,0,0,0,0,0,0,-0.02,0,0,0,0,0,0,是-商品卡免佣,0.15,义乌市燃困电子商务商行（个体工商户）,订单结算
2026-04-21 03:17:48,'2026042103174304950594835562,入账,3.01,聚合账户,货款结算入账,精选联盟,'6951984454727767139,'6951984454727767139,'SS76299884381420265300043,2026-04-11 00:40:12,'3782179818351755475,银色金属水钻发扣发夹虞书欣同款高级感洋气甜酷风刘海发夹扣发饰,'3122211035558957,小郡主,普通订单,3.35,0,0,0,0,0,0,0,0,0,0,0,-0.17,-0.17,0,0,0,0,0,,0,义乌市燃困电子商务商行（个体工商户）,订单结算
2026-04-21 03:17:48,'2026042103174432423326985562,入账,3.53,聚合账户,货款结算入账,精选联盟,'6951975623218631909,'6951975623218631909,'SS76299243745693373800068,2026-04-11 01:50:59,'3782179818351755475,银色金属水钻发扣发夹虞书欣同款高级感洋气甜酷风刘海发夹扣发饰,'3122211035558957,小郡主,普通订单,3.93,0,0,0,0,0,0,0,0,0,0,0,-0.2,-0.2,0,0,0,0,0,,0,义乌市燃困电子商务商行（个体工商户）,订单结算
2026-04-21 03:17:49,'2026042103174416075208145562,入账,3.35,聚合账户,货款结算入账,小店自卖,'6951982460188759984,'6951982460188759984,'SS76299898120422241370223,2026-04-11 08:34:17,'3789769309207789754,2025新款秋冬橡皮筋高弹力发绳可爱头绳洋气发圈马尾发饰高级头饰,,,普通订单,3.37,0,0,0,0,0,0,0,0,0,0,0,-0.02,0,0,0,0,0,0,是-商品卡免佣,0.15,义乌市燃困电子商务商行（个体工商户）,订单结算
2026-04-21 03:17:49,'2026042103174406300803075562,入账,3.53,聚合账户,货款结算入账,精选联盟,'6925495267989356375,'6925495267989356375,'SS76299221997812288350180,2026-04-10 21:22:56,'3782179818351755475,银色金属水钻发扣发夹虞书欣同款高级感洋气甜酷风刘海发夹扣发饰,'3122211035558957,小郡主,普通订单,3.93,0,0,0,0,0,0,0,0,0,0,0,-0.2,-0.2,0,0,0,0,0,,0,义乌市燃困电子商务商行（个体工商户）,订单结算
2026-04-21 03:17:50,'2026042103174539181727145562,入账,3.91,聚合账户,货款结算入账,小店自卖,'6925499519309152041,'6925499519309152041,'SS76299221801856207870060,2026-04-10 20:29:58,'3782179818351755475,银色金属水钻发扣发夹虞书欣同款高级感洋气甜酷风刘海发夹扣发饰,,,普通订单,3.93,0,0,0,0,0,0,0,0,0,0,0,-0.02,0,0,0,0,0,0,是-商品卡免佣,0.15,义乌市燃困电子商务商行（个体工商户）,订单结算
2026-04-21 03:17:50,'2026042103174625887421825562,入账,2.85,聚合账户,货款结算入账,小店自卖,'6952043068491372410,'6952043068491372410,'SS76299032014600648060043,2026-04-14 11:33:23,'3782171819000332501,许我耀眼赵露思许妍同款三角抓夹女高级感后脑勺高马尾发夹鲨鱼夹,,,普通订单,2.87,0,0,0,0,0,0,0,0,0,0,0,-0.02,0,0,0,0,0,0,是-商品卡免佣,0.15,义乌市燃困电子商务商行（个体工商户）,订单结算
2026-04-21 03:17:50,'2026042103174434029903825562,入账,3.43,聚合账户,货款结算入账,小店自卖,'6951973496781542801,'6951973496781542801,'SS76298955812096084940045,2026-04-11 00:25:28,'3782193222986629380,复古波点褶皱香蕉夹高级感马尾扭扭竖夹后脑勺显发量横夹发卡抓夹,,,普通订单,3.45,0,0,0,0,0,0,0,0,0,0,0,-0.02,0,0,0,0,0,0,是-商品卡免佣,0.15,义乌市燃困电子商务商行（个体工商户）,订单结算
2026-04-21 03:17:50,'2026042103174513049039555562,入账,5.36,聚合账户,货款结算入账,精选联盟,'6925506773420113809,'6925506773420113809,'SS76299243568359019880184,2026-04-11 00:41:51,'3782032949856305462,虞书欣同款发夹小发扣金属圆形水钻刘海前额侧边边夹抓夹发卡夹子,'0,,普通订单,5.96,0,0,0,0,0,0,0,0,0,0,0,-0.3,0,0,0,0,-0.3,0,,0,义乌市燃困电子商务商行（个体工商户）,订单结算
2026-04-21 03:17:50,'2026042103174616029660425562,入账,3.01,聚合账户,货款结算入账,精选联盟,'6925531631995288940,'6925531631995288940,'SS76299884206706040660091,2026-04-12 12:28:17,'3782179818351755475,银色金属水钻发扣发夹虞书欣同款高级感洋气甜酷风刘海发夹扣发饰,'3122211035558957,小郡主,普通订单,3.35,0,0,0,0,0,0,0,0,0,0,0,-0.17,-0.17,0,0,0,0,0,,0,义乌市燃困电子商务商行（个体工商户）,订单结算
2026-04-21 03:17:50,'2026042103174603402304275562,入账,3.53,聚合账户,货款结算入账,精选联盟,'6925504526972256040,'6925504526972256040,'SS76299876387844265500223,2026-04-11 03:34:06,'3782179818351755475,银色金属水钻发扣发夹虞书欣同款高级感洋气甜酷风刘海发夹扣发饰,'3122211035558957,小郡主,普通订单,3.93,0,0,0,0,0,0,0,0,0,0,0,-0.2,-0.2,0,0,0,0,0,,0,义乌市燃困电子商务商行（个体工商户）,订单结算
2026-04-21 03:17:50,'2026042103174534310108425562,入账,3.35,聚合账户,货款结算入账,小店自卖,'6925508704056016276,'6925508704056016276,'SS76298946986142970880020,2026-04-11 08:07:26,'3789769309207789754,2025新款秋冬橡皮筋高弹力发绳可爱头绳洋气发圈马尾发饰高级头饰,,,普通订单,3.37,0,0,0,0,0,0,0,0,0,0,0,-0.02,0,0,0,0,0,0,是-商品卡免佣,0.15,义乌市燃困电子商务商行（个体工商户）,订单结算
2026-04-21 03:17:50,'2026042103174534309780745562,入账,3.77,聚合账户,货款结算入账,小店自卖,'6951997928445121920,'6951997928445121920,'SS76300270925974085390096,2026-04-12 15:53:54,'3806659074658009268,春夏复古彩虹格子蝴蝶结大肠发圈女丸子马尾头绳2026新款韩式发绳,,,普通订单,3.79,0,0,0,0,0,0,0,0,0,0,0,-0.02,0,0,0,0,0,0,是-商品卡免佣,0.15,义乌市燃困电子商务商行（个体工商户）,订单结算
2026-04-21 03:17:50,'2026042103174612796564575562,入账,0.99,聚合账户,货款结算入账,小店自卖,'6925706993771839335,'6925706993771839335,'SS76301062233470899460236,2026-04-18 22:27:12,'3806829537606632250,发量少缎面褶皱密齿香蕉夹女后脑勺固定马尾夹竖式扭扭夹发卡发夹,,,普通订单,4.55,0,0,0,0,0,0,0,0,0,0,-3.55,-0.01,0,0,0,0,0,0,是-商品卡免佣,0.07,义乌市燃困电子商务商行（个体工商户）,订单结算
2026-04-21 03:17:51,'2026042103174640821929465562,入账,3.35,聚合账户,货款结算入账,小店自卖,'6951982327799682871,'6951982327799682871,'SS76298945640405898330166,2026-04-11 06:46:55,'3789769309207789754,2025新款秋冬橡皮筋高弹力发绳可爱头绳洋气发圈马尾发饰高级头饰,,,普通订单,3.37,0,0,0,0,0,0,0,0,0,0,0,-0.02,0,0,0,0,0,0,是-商品卡免佣,0.15,义乌市燃困电子商务商行（个体工商户）,订单结算
2026-04-21 03:17:51,'2026042103174603695583155562,入账,3.18,聚合账户,货款结算入账,精选联盟,'6925492981906963718,'6925492981906963718,'SS76299222098384491620172,2026-04-10 18:10:21,'3782179818351755475,银色金属水钻发扣发夹虞书欣同款高级感洋气甜酷风刘海发夹扣发饰,'3122211035558957,小郡主,普通订单,3.54,0,0,0,0,0,0,0,0,0,0,0,-0.18,-0.18,0,0,0,0,0,,0,义乌市燃困电子商务商行（个体工商户）,订单结算
2026-04-21 03:17:51,'2026042103174810529835625562,入账,3.53,聚合账户,货款结算入账,精选联盟,'6951987247400949489,'6951987247400949489,'SS76299748758517844820002,2026-04-11 12:03:36,'3782179818351755475,银色金属水钻发扣发夹虞书欣同款高级感洋气甜酷风刘海发夹扣发饰,'3122211035558957,小郡主,普通订单,3.93,0,0,0,0,0,0,0,0,0,0,0,-0.2,-0.2,0,0,0,0,0,,0,义乌市燃困电子商务商行（个体工商户）,订单结算
2026-04-21 03:17:51,'2026042103174806803131265562,入账,3.2,聚合账户,货款结算入账,小店自卖,'6925512897446116890,'6925512897446116890,'SS76298946396132969590023,2026-04-11 04:09:53,'3789769309207789754,2025新款秋冬橡皮筋高弹力发绳可爱头绳洋气发圈马尾发饰高级头饰,,,普通订单,3.37,0,0,0,0,0,0,0,0,0,0,0,-0.17,0,0,0,0,0,0,,0,义乌市燃困电子商务商行（个体工商户）,订单结算
2026-04-21 03:17:51,'2026042103174800634391555562,入账,3.77,聚合账户,货款结算入账,小店自卖,'6925511346436210023,'6925511346436210023,'SS76299536154777034600043,2026-04-11 10:03:17,'3782037403703836681,可爱米菲兔香蕉夹牛仔兔子高马尾少女巨显后脑勺发量百搭盘发发饰,,,普通订单,3.79,0,0,0,0,0,0,0,0,0,0,0,-0.02,0,0,0,0,0,0,是-商品卡免佣,0.15,义乌市燃困电子商务商行（个体工商户）,订单结算
2026-04-21 03:17:51,'2026042103174702820508565562,入账,3.2,聚合账户,货款结算入账,小店自卖,'6925504362519429093,'6925504362519429093,'SS76298946256965637210166,2026-04-11 00:06:48,'3789769309207789754,2025新款秋冬橡皮筋高弹力发绳可爱头绳洋气发圈马尾发饰高级头饰,,,普通订单,3.37,0,0,0,0,0,0,0,0,0,0,0,-0.17,0,0,0,0,0,0,,0,义乌市燃困电子商务商行（个体工商户）,订单结算
2026-04-21 03:17:52,'2026042103174831337682015562,入账,3.35,聚合账户,货款结算入账,小店自卖,'6951958030460589545,'6951958030460589545,'SS76298946520365304510157,2026-04-11 06:20:24,'3792527296510951799,新款秋冬糖果色字母球发圈女高颜值马尾头绳可爱不勒无痕发绳发饰,,,普通订单,3.37,0,0,0,0,0,0,0,0,0,0,0,-0.02,0,0,0,0,0,0,是-商品卡免佣,0.15,义乌市燃困电子商务商行（个体工商户）,订单结算
2026-04-21 03:17:52,'2026042103174710823153165562,入账,1.1,聚合账户,货款结算入账,小店自卖,'6925552301568720696,'6925552301568720696,'SS76297956269050764950160,2026-04-13 00:37:58,'3782108139843878924,秋冬宽边绒面发箍女2025新款压发洗脸发卡发箍网红爆款2026最新款,,,普通订单,1.11,0,0,0,0,0,0,0,0,0,0,0,-0.01,0,0,0,0,0,0,是-商品卡免佣,0.07,义乌市燃困电子商务商行（个体工商户）,订单结算
2026-04-21 03:17:52,'2026042103174612526269865562,入账,3.35,聚合账户,货款结算入账,小店自卖,'6925491147028856585,'6925491147028856585,'SS76298941499963479310124,2026-04-10 22:57:37,'3789769309207789754,2025新款秋冬橡皮筋高弹力发绳可爱头绳洋气发圈马尾发饰高级头饰,,,普通订单,3.37,0,0,0,0,0,0,0,0,0,0,0,-0.02,0,0,0,0,0,0,是-商品卡免佣,0.15,义乌市燃困电子商务商行（个体工商户）,订单结算
2026-04-21 03:17:52,'2026042103174819305930605562,入账,3.25,聚合账户,货款结算入账,小店自卖,'6925541510292799002,'6925541510292799002,'SS76300052571247250330242,2026-04-12 13:42:52,'3789769536681673133,M豆新款秋冬橡皮筋高弹力发绳可爱头绳洋气发圈马尾发饰高级头饰,,,普通订单,3.27,0,0,0,0,0,0,0,0,0,0,0,-0.02,0,0,0,0,0,0,是-商品卡免佣,0.15,义乌市燃困电子商务商行（个体工商户）,订单结算
2026-04-21 03:17:52,'2026042103174801777218835562,入账,2.87,聚合账户,货款结算入账,小店自卖,'6951958009659463602,'6951958009659463602,'SS76298947389306637060159,2026-04-11 06:28:51,'3782193222986629380,复古波点褶皱香蕉夹高级感马尾扭扭竖夹后脑勺显发量横夹发卡抓夹,,,普通订单,2.89,0,0,0,0,0,0,0,0,0,0,0,-0.02,0,0,0,0,0,0,是-商品卡免佣,0.15,义乌市燃困电子商务商行（个体工商户）,订单结算
2026-04-21 03:17:52,'2026042103174805244521055562,入账,3.2,聚合账户,货款结算入账,小店自卖,'6951982436129904506,'6951982436129904506,'SS76298947695530521960133,2026-04-11 07:32:40,'3792527296510951799,新款秋冬糖果色字母球发圈女高颜值马尾头绳可爱不勒无痕发绳发饰,,,普通订单,3.37,0,0,0,0,0,0,0,0,0,0,0,-0.17,0,0,0,0,0,0,,0,义乌市燃困电子商务商行（个体工商户）,订单结算
2026-04-21 03:17:53,'2026042103174708446773865562,入账,4.56,聚合账户,货款结算入账,小店自卖,'6952046407463540568,'6952046407463540568,'SS76300729113232512190106,2026-04-13 16:50:34,'3782164023710188046,复古洋气百搭宽边发箍女2025新款高颜值日常外戴头箍洗脸发卡头饰,,,普通订单,4.59,0,0,0,0,0,0,0,0,0,0,0,-0.03,0,0,0,0,0,0,是-商品卡免佣,0.22,义乌市燃困电子商务商行（个体工商户）,订单结算
2026-04-21 03:17:53,'2026042103174901512617315562,入账,2.8,聚合账户,货款结算入账,小店自卖,'6925494708937064287,'6925494708937064287,'SS76298948896144924350068,2026-04-10 16:44:21,'3789769309207789754,2025新款秋冬橡皮筋高弹力发绳可爱头绳洋气发圈马尾发饰高级头饰,,,普通订单,2.95,0,0,0,0,0,0,0,0,0,0,0,-0.15,0,0,0,0,0,0,,0,义乌市燃困电子商务商行（个体工商户）,订单结算
2026-04-21 03:17:53,'2026042103174835116649115562,入账,3.2,聚合账户,货款结算入账,小店自卖,'6925504572453912293,'6925504572453912293,'SS76298946439962627060127,2026-04-11 05:22:23,'3789769309207789754,2025新款秋冬橡皮筋高弹力发绳可爱头绳洋气发圈马尾发饰高级头饰,,,普通订单,3.37,0,0,0,0,0,0,0,0,0,0,0,-0.17,0,0,0,0,0,0,,0,义乌市燃困电子商务商行（个体工商户）,订单结算
2026-04-21 03:17:53,'2026042103174924203310345562,入账,1,聚合账户,货款结算入账,小店自卖,'6925675640698208066,'6925675640698208066,'SS76299607694506603870103,2026-04-18 13:02:57,'3782158083703309205,春夏韩系雾霾紫布艺发箍显白复古头箍发饰发箍2026爆款洋气高级感,,,普通订单,3.89,0,0,0,0,0,0,0,0,0,0,-2.89,0,0,0,0,0,0,0,是-商品卡免佣,0,义乌市燃困电子商务商行（个体工商户）,订单结算
2026-04-21 03:17:53,'2026042103174825006415765562,入账,3.35,聚合账户,货款结算入账,小店自卖,'6925508627369065730,'6925508627369065730,'SS76298946898141683630054,2026-04-11 07:16:37,'3789769309207789754,2025新款秋冬橡皮筋高弹力发绳可爱头绳洋气发圈马尾发饰高级头饰,,,普通订单,3.37,0,0,0,0,0,0,0,0,0,0,0,-0.02,0,0,0,0,0,0,是-商品卡免佣,0.15,义乌市燃困电子商务商行（个体工商户）,订单结算
2026-04-21 03:17:53,'2026042103174902228390555562,入账,3.35,聚合账户,货款结算入账,小店自卖,'6925519845977193521,'6925519845977193521,'SS76299063795603049380181,2026-04-12 10:09:08,'3789769309207789754,2025新款秋冬橡皮筋高弹力发绳可爱头绳洋气发圈马尾发饰高级头饰,,,普通订单,3.37,0,0,0,0,0,0,0,0,0,0,0,-0.02,0,0,0,0,0,0,是-商品卡免佣,0.15,义乌市燃困电子商务商行（个体工商户）,订单结算
2026-04-21 03:17:54,'2026042103175012214116225562,入账,2.87,聚合账户,货款结算入账,小店自卖,'6951959868455916594,'6951959868455916594,'SS76299209068360502140246,2026-04-10 21:26:06,'3782154121554035149,韩系简约灰色绒面宽边发箍高颅顶日常发箍网红爆款2026最新款,,,普通订单,2.89,0,0,0,0,0,0,0,0,0,0,0,-0.02,0,0,0,0,0,0,是-商品卡免佣,0.15,义乌市燃困电子商务商行（个体工商户）,订单结算
2026-04-21 03:17:54,'2026042103174823912330755562,入账,3.2,聚合账户,货款结算入账,小店自卖,'6925501390761786407,'6925501390761786407,'SS76298940151521613320244,2026-04-10 16:32:42,'3792527296510951799,新款秋冬糖果色字母球发圈女高颜值马尾头绳可爱不勒无痕发绳发饰,,,普通订单,3.37,0,0,0,0,0,0,0,0,0,0,0,-0.17,0,0,0,0,0,0,,0,义乌市燃困电子商务商行（个体工商户）,订单结算
2026-04-21 03:17:54,'2026042103175008773962515562,入账,8.35,聚合账户,货款结算入账,小店自卖,'6952045584237991054,'6952045584237991054,'SS76299242278601569820122,2026-04-13 07:13:18,'3806659074658009268,春夏复古彩虹格子蝴蝶结大肠发圈女丸子马尾头绳2026新款韩式发绳,,,普通订单,7.4,0,0,0,0,0,0,0,0,1,0,0,-0.05,0,0,0,0,0,0,是-商品卡免佣,0.37,义乌市燃困电子商务商行（个体工商户）,订单结算
2026-04-21 03:17:54,'2026042103174929115354115562,入账,4.94,聚合账户,货款结算入账,小店自卖,'6952046407463737176,'6952046407463540568,'SS76300729121179285000233,2026-04-13 16:50:34,'3782120683170038383,百搭纯色复古秋冬压发针织宽边洗脸发箍新款头箍发卡头饰发饰发捆,,,普通订单,4.97,0,0,0,0,0,0,0,0,0,0,0,-0.03,0,0,0,0,0,0,是-商品卡免佣,0.22,义乌市燃困电子商务商行（个体工商户）,订单结算
2026-04-21 03:17:55,'2026042103174914525568515562,入账,3.53,聚合账户,货款结算入账,精选联盟,'6925501568306281706,'6925501568306281706,'SS76299222040427771390008,2026-04-10 18:15:42,'3782179818351755475,银色金属水钻发扣发夹虞书欣同款高级感洋气甜酷风刘海发夹扣发饰,'3122211035558957,小郡主,普通订单,3.93,0,0,0,0,0,0,0,0,0,0,0,-0.2,-0.2,0,0,0,0,0,,0,义乌市燃困电子商务商行（个体工商户）,订单结算
2026-04-21 03:17:55,'2026042103174834073851145562,入账,3.78,聚合账户,货款结算入账,小店自卖,'6952077337437607028,'6952077337437607028,'SS76300647904586798480119,2026-04-14 21:26:35,'3782325961064841649,许我耀眼赵露思许妍同款爱心抓夹2025新款高级感后脑勺鲨鱼夹发夹,,,普通订单,3.8,0,0,0,0,0,0,0,0,0,0,0,-0.02,0,0,0,0,0,0,是-商品卡免佣,0.15,义乌市燃困电子商务商行（个体工商户）,订单结算
2026-04-21 03:17:55,'2026042103175001912550865562,入账,3.01,聚合账户,货款结算入账,精选联盟,'6951943983884408223,'6951943983884408223,'SS76299244869516172860065,2026-04-10 19:33:11,'3782179818351755475,银色金属水钻发扣发夹虞书欣同款高级感洋气甜酷风刘海发夹扣发饰,'3122211035558957,小郡主,普通订单,3.35,0,0,0,0,0,0,0,0,0,0,0,-0.17,-0.17,0,0,0,0,0,,0,义乌市燃困电子商务商行（个体工商户）,订单结算
2026-04-21 03:17:55,'2026042103174902399275615562,入账,4.09,聚合账户,货款结算入账,小店自卖,'6925506664302870335,'6925506664302870335,'SS76298955857437330260112,2026-04-10 23:38:38,'3782193222986629380,复古波点褶皱香蕉夹高级感马尾扭扭竖夹后脑勺显发量横夹发卡抓夹,,,普通订单,4.11,0,0,0,0,0,0,0,0,0,0,0,-0.02,0,0,0,0,0,0,是-商品卡免佣,0.15,义乌市燃困电子商务商行（个体工商户）,订单结算
2026-04-21 03:17:55,'2026042103174934030717795562,入账,3.2,聚合账户,货款结算入账,小店自卖,'6925490299172388790,'6925490299172388790,'SS76298940103171282020043,2026-04-10 16:57:47,'3789769309207789754,2025新款秋冬橡皮筋高弹力发绳可爱头绳洋气发圈马尾发饰高级头饰,,,普通订单,3.37,0,0,0,0,0,0,0,0,0,0,0,-0.17,0,0,0,0,0,0,,0,义乌市燃困电子商务商行（个体工商户）,订单结算
2026-04-21 03:17:55,'2026042103175112046218745562,入账,3.53,聚合账户,货款结算入账,精选联盟,'6951977650114074247,'6951977650114074247,'SS76299222473479992580054,2026-04-10 21:37:25,'3782179818351755475,银色金属水钻发扣发夹虞书欣同款高级感洋气甜酷风刘海发夹扣发饰,'3122211035558957,小郡主,普通订单,3.93,0,0,0,0,0,0,0,0,0,0,0,-0.2,-0.2,0,0,0,0,0,,0,义乌市燃困电子商务商行（个体工商户）,订单结算
2026-04-21 03:17:55,'2026042103175136876618335562,入账,1.79,聚合账户,货款结算入账,小店自卖,'6925526821978603119,'6925526821978603119,'SS76300697690767859630045,2026-04-12 12:42:57,'3792527296510951799,新款秋冬糖果色字母球发圈女高颜值马尾头绳可爱不勒无痕发绳发饰,,,普通订单,0.01,0,0,1.79,0,0,0,0,0,0,0,0,-0.01,0,0,0,0,0,0,是-商品卡免佣,0.07,义乌市燃困电子商务商行（个体工商户）,订单结算
2026-04-21 03:17:56,'2026042103175218086835305562,入账,2.87,聚合账户,货款结算入账,小店自卖,'6951961224684115695,'6951961224684115695,'SS76299207840559603700227,2026-04-10 12:56:31,'3782108139843878924,秋冬宽边绒面发箍女2025新款压发洗脸发卡发箍网红爆款2026最新款,,,普通订单,0.89,0,0,2,0,0,0,0,0,0,0,0,-0.02,0,0,0,0,0,0,是-商品卡免佣,0.15,义乌市燃困电子商务商行（个体工商户）,订单结算
2026-04-21 03:17:56,'2026042103175220302771295562,入账,3.96,聚合账户,货款结算入账,小店自卖,'6951948312107160977,'6951948312107160977,'SS76299986868101450870078,2026-04-10 18:07:16,'3806826554969948422,韩系复古气质豹纹颅顶发梳女碎发整理神器倒插梳发夹时尚发卡夹子,,,普通订单,3.98,0,0,0,0,0,0,0,0,0,0,0,-0.02,0,0,0,0,0,0,是-商品卡免佣,0.15,义乌市燃困电子商务商行（个体工商户）,订单结算
2026-04-21 03:17:56,'2026042103175217621325315562,入账,3.91,聚合账户,货款结算入账,小店自卖,'6925511378266258841,'6925511378266258841,'SS76299278874884677380219,2026-04-11 10:19:53,'3782179818351755475,银色金属水钻发扣发夹虞书欣同款高级感洋气甜酷风刘海发夹扣发饰,,,普通订单,3.93,0,0,0,0,0,0,0,0,0,0,0,-0.02,0,0,0,0,0,0,是-商品卡免佣,0.15,义乌市燃困电子商务商行（个体工商户）,订单结算
2026-04-21 03:17:56,'2026042103174706490032735562,入账,3.2,聚合账户,货款结算入账,小店自卖,'6951961679885178644,'6951961679885178644,'SS76300003577553269950017,2026-04-10 18:59:19,'3789769309207789754,2025新款秋冬橡皮筋高弹力发绳可爱头绳洋气发圈马尾发饰高级头饰,,,普通订单,3.37,0,0,0,0,0,0,0,0,0,0,0,-0.17,0,0,0,0,0,0,,0,义乌市燃困电子商务商行（个体工商户）,订单结算
2026-04-21 03:17:56,'2026042103175108102054805562,入账,5.65,聚合账户,货款结算入账,小店自卖,'6925493505976532868,'6925493505976532868,'SS76299158342275238490213,2026-04-10 22:06:51,'3807934237588455815,短发半扎发饰过渡期神器一字弹簧夹2026新款高端后脑勺发夹头饰女,,,普通订单,0.01,0,0,5.94,0,0,0,0,0,0,0,0,-0.3,0,0,0,0,0,0,,0,义乌市燃困电子商务商行（个体工商户）,订单结算
2026-04-21 03:18:11,'2026042103180604917665625562,入账,2.59,聚合账户,货款结算入账,精选联盟,'6952093198032115435,'6952093198032115435,'SS76300460174436275740003,2026-04-15 09:07:35,'3782171819000332501,许我耀眼赵露思许妍同款三角抓夹女高级感后脑勺高马尾发夹鲨鱼夹,'0,,普通订单,1.61,0,0,1.26,0,0,0,0,0,0,0,0,-0.14,0,0,0,0,-0.14,0,,0,义乌市燃困电子商务商行（个体工商户）,订单结算
2026-04-21 03:18:22,'2026042103181612008988675562,入账,3.35,聚合账户,货款结算入账,小店自卖,'6951977360362247606,'6951977360362247606,'SS76298940245060323840244,2026-04-10 18:38:25,'3789769309207789754,2025新款秋冬橡皮筋高弹力发绳可爱头绳洋气发圈马尾发饰高级头饰,,,普通订单,3.37,0,0,0,0,0,0,0,0,0,0,0,-0.02,0,0,0,0,0,0,是-商品卡免佣,0.15,义乌市燃困电子商务商行（个体工商户）,订单结算
2026-04-21 03:19:19,'2026042103191515482557955562,入账,3.35,聚合账户,货款结算入账,小店自卖,'6925511870687903288,'6925511870687903288,'SS76299761441180390910155,2026-04-11 13:17:05,'3789769309207789754,2025新款秋冬橡皮筋高弹力发绳可爱头绳洋气发圈马尾发饰高级头饰,,,普通订单,3.37,0,0,0,0,0,0,0,0,0,0,0,-0.02,0,0,0,0,0,0,是-商品卡免佣,0.15,义乌市燃困电子商务商行（个体工商户）,订单结算
2026-04-21 03:19:19,'2026042103191335706148105562,入账,2.99,聚合账户,货款结算入账,小店自卖,'6925510615763221566,'6925510615763221566,'SS76298948392667059630179,2026-04-10 23:21:45,'3789769536681673133,M豆新款秋冬橡皮筋高弹力发绳可爱头绳洋气发圈马尾发饰高级头饰,,,普通订单,3.01,0,0,0,0,0,0,0,0,0,0,0,-0.02,0,0,0,0,0,0,是-商品卡免佣,0.15,义乌市燃困电子商务商行（个体工商户）,订单结算
2026-04-21 03:19:19,'2026042103191400009508365562,入账,3.91,聚合账户,货款结算入账,小店自卖,'6951974055781536951,'6951974055781536951,'SS76299749090347092820115,2026-04-11 11:58:46,'3782179818351755475,银色金属水钻发扣发夹虞书欣同款高级感洋气甜酷风刘海发夹扣发饰,,,普通订单,3.93,0,0,0,0,0,0,0,0,0,0,0,-0.02,0,0,0,0,0,0,是-商品卡免佣,0.15,义乌市燃困电子商务商行（个体工商户）,订单结算
2026-04-21 03:19:19,'2026042103191333395512675562,入账,3,聚合账户,货款结算入账,小店自卖,'6951951029604717729,'6951951029604717729,'SS76299245154598426120074,2026-04-10 19:55:18,'3782179818351755475,银色金属水钻发扣发夹虞书欣同款高级感洋气甜酷风刘海发夹扣发饰,,,普通订单,3.02,0,0,0,0,0,0,0,0,0,0,0,-0.02,0,0,0,0,0,0,是-商品卡免佣,0.15,义乌市燃困电子商务商行（个体工商户）,订单结算
2026-04-21 03:19:19,'2026042103191439556554245562,入账,3.53,聚合账户,货款结算入账,精选联盟,'6951982920518604505,'6951982920518604505,'SS76299748656806630920049,2026-04-11 12:51:22,'3782179818351755475,银色金属水钻发扣发夹虞书欣同款高级感洋气甜酷风刘海发夹扣发饰,'3122211035558957,小郡主,普通订单,3.93,0,0,0,0,0,0,0,0,0,0,0,-0.2,-0.2,0,0,0,0,0,,0,义乌市燃困电子商务商行（个体工商户）,订单结算
2026-04-21 03:20:44,'2026042103203927227919995562,入账,3.91,聚合账户,货款结算入账,小店自卖,'6925502282314841118,'6925502282314841118,'SS76299223295738516540121,2026-04-10 23:12:20,'3782179818351755475,银色金属水钻发扣发夹虞书欣同款高级感洋气甜酷风刘海发夹扣发饰,,,普通订单,3.93,0,0,0,0,0,0,0,0,0,0,0,-0.02,0,0,0,0,0,0,是-商品卡免佣,0.15,义乌市燃困电子商务商行（个体工商户）,订单结算
2026-04-21 03:20:44,'2026042103203919085396915562,入账,3.53,聚合账户,货款结算入账,精选联盟,'6951950868423447703,'6951950868423447703,'SS76299222085189475930009,2026-04-10 18:04:22,'3782179818351755475,银色金属水钻发扣发夹虞书欣同款高级感洋气甜酷风刘海发夹扣发饰,'3122211035558957,小郡主,普通订单,3.93,0,0,0,0,0,0,0,0,0,0,0,-0.2,-0.2,0,0,0,0,0,,0,义乌市燃困电子商务商行（个体工商户）,订单结算
2026-04-21 03:20:44,'2026042103203833184156225562,入账,6.08,聚合账户,货款结算入账,小店自卖,'6925579785025060778,'6925579785025060778,'SS76299544259057098620221,2026-04-13 21:09:57,'3782179818351755475,银色金属水钻发扣发夹虞书欣同款高级感洋气甜酷风刘海发夹扣发饰,,,普通订单,6.12,0,0,0,0,0,0,0,0,0,0,0,-0.04,0,0,0,0,0,0,是-商品卡免佣,0.29,义乌市燃困电子商务商行（个体工商户）,订单结算
2026-04-21 03:20:44,'2026042103203633682885665562,入账,3.91,聚合账户,货款结算入账,小店自卖,'6951957888004396077,'6951957888004396077,'SS76299243783518953310208,2026-04-11 00:40:26,'3782179818351755475,银色金属水钻发扣发夹虞书欣同款高级感洋气甜酷风刘海发夹扣发饰,,,普通订单,3.93,0,0,0,0,0,0,0,0,0,0,0,-0.02,0,0,0,0,0,0,是-商品卡免佣,0.15,义乌市燃困电子商务商行（个体工商户）,订单结算
2026-04-21 03:20:44,'2026042103203805506992705562,入账,3.26,聚合账户,货款结算入账,小店自卖,'6952063143729567523,'6952063143729567523,'SS76301246492335971900167,2026-04-14 13:51:56,'3789769536681673133,M豆新款百搭橡皮筋高弹力发绳可爱头绳洋气发圈马尾发饰高级头饰,,,普通订单,3.28,0,0,0,0,0,0,0,0,0,0,0,-0.02,0,0,0,0,0,0,是-商品卡免佣,0.15,义乌市燃困电子商务商行（个体工商户）,订单结算
2026-04-21 03:21:35,'2026042103212918428070815562,入账,0.95,聚合账户,货款结算入账,小店自卖,'6951979783904171190,'6951979783904171190,'SS76298949760712379390098,2026-04-10 23:26:23,'3789769309207789754,2025新款秋冬橡皮筋高弹力发绳可爱头绳洋气发圈马尾发饰高级头饰,,,普通订单,0.87,0,0,0.13,0,0,0,0,0,0,0,0,-0.05,0,0,0,0,0,0,,0,义乌市燃困电子商务商行（个体工商户）,订单结算
2026-04-21 03:22:58,'2026042103225423958981225562,入账,3.91,聚合账户,货款结算入账,小店自卖,'6951968531452662851,'6951968531452662851,'SS76299221784619095390027,2026-04-10 18:34:18,'3782179818351755475,银色金属水钻发扣发夹虞书欣同款高级感洋气甜酷风刘海发夹扣发饰,,,普通订单,3.93,0,0,0,0,0,0,0,0,0,0,0,-0.02,0,0,0,0,0,0,是-商品卡免佣,0.15,义乌市燃困电子商务商行（个体工商户）,订单结算
2026-04-21 03:22:58,'2026042103225223663419425562,入账,3.91,聚合账户,货款结算入账,小店自卖,'6951982230974437087,'6951982230974437087,'SS76299243753361247260036,2026-04-11 00:55:39,'3782179818351755475,银色金属水钻发扣发夹虞书欣同款高级感洋气甜酷风刘海发夹扣发饰,,,普通订单,3.93,0,0,0,0,0,0,0,0,0,0,0,-0.02,0,0,0,0,0,0,是-商品卡免佣,0.15,义乌市燃困电子商务商行（个体工商户）,订单结算
2026-04-21 03:22:58,'2026042103225322023539615562,入账,3.53,聚合账户,货款结算入账,精选联盟,'6925522401952038122,'6925522401952038122,'SS76299899324506939390077,2026-04-11 14:42:35,'3782179818351755475,银色金属水钻发扣发夹虞书欣同款高级感洋气甜酷风刘海发夹扣发饰,'3122211035558957,小郡主,普通订单,3.93,0,0,0,0,0,0,0,0,0,0,0,-0.2,-0.2,0,0,0,0,0,,0,义乌市燃困电子商务商行（个体工商户）,订单结算
2026-04-21 03:22:58,'2026042103225307091494815562,入账,2.29,聚合账户,货款结算入账,小店自卖,'6951953175828501645,'6951953175828501645,'SS76298948984723218260109,2026-04-10 18:36:05,'3789769309207789754,2025新款秋冬橡皮筋高弹力发绳可爱头绳洋气发圈马尾发饰高级头饰,,,普通订单,2.3,0,0,0,0,0,0,0,0,0,0,0,-0.01,0,0,0,0,0,0,是-商品卡免佣,0.07,义乌市燃困电子商务商行（个体工商户）,订单结算
2026-04-21 03:22:58,'2026042103225329291487135562,入账,4.32,聚合账户,货款结算入账,小店自卖,'6951984354542884258,'6951984354542884258,'SS76299209653885831870164,2026-04-10 23:07:55,'3782154121554035149,韩系简约灰色绒面宽边发箍高颅顶日常发箍网红爆款2026最新款,,,普通订单,4.35,0,0,0,0,0,0,0,0,0,0,0,-0.03,0,0,0,0,0,0,是-商品卡免佣,0.22,义乌市燃困电子商务商行（个体工商户）,订单结算
2026-04-21 03:22:58,'2026042103225222706265695562,入账,3.13,聚合账户,货款结算入账,小店自卖,'6951968516076344401,'6951968516076344401,'SS76299207523185792400163,2026-04-10 18:34:48,'3782179818351755475,银色金属水钻发扣发夹虞书欣同款高级感洋气甜酷风刘海发夹扣发饰,,,普通订单,3.15,0,0,0,0,0,0,0,0,0,0,0,-0.02,0,0,0,0,0,0,是-商品卡免佣,0.15,义乌市燃困电子商务商行（个体工商户）,订单结算
2026-04-21 03:22:58,'2026042103225135911437165562,入账,3.91,聚合账户,货款结算入账,小店自卖,'6951959905137530681,'6951959905137530681,'SS76299222019346805760075,2026-04-10 21:51:12,'3782179818351755475,银色金属水钻发扣发夹虞书欣同款高级感洋气甜酷风刘海发夹扣发饰,,,普通订单,3.93,0,0,0,0,0,0,0,0,0,0,0,-0.02,0,0,0,0,0,0,是-商品卡免佣,0.15,义乌市燃困电子商务商行（个体工商户）,订单结算
2026-04-21 03:22:58,'2026042103225308305871465562,入账,3.91,聚合账户,货款结算入账,小店自卖,'6951961537426888467,'6951961537426888467,'SS76299220641028019630201,2026-04-10 17:31:05,'3782179818351755475,银色金属水钻发扣发夹虞书欣同款高级感洋气甜酷风刘海发夹扣发饰,,,普通订单,3.93,0,0,0,0,0,0,0,0,0,0,0,-0.02,0,0,0,0,0,0,是-商品卡免佣,0.15,义乌市燃困电子商务商行（个体工商户）,订单结算
2026-04-21 03:22:58,'2026042103225212883566515562,入账,3.91,聚合账户,货款结算入账,小店自卖,'6925509394390875869,'6925509394390875869,'SS76299748840135395930035,2026-04-11 12:40:10,'3782179818351755475,银色金属水钻发扣发夹虞书欣同款高级感洋气甜酷风刘海发夹扣发饰,,,普通订单,3.93,0,0,0,0,0,0,0,0,0,0,0,-0.02,0,0,0,0,0,0,是-商品卡免佣,0.15,义乌市燃困电子商务商行（个体工商户）,订单结算
2026-04-21 03:22:58,'2026042103225335830871405562,入账,5.61,聚合账户,货款结算入账,小店自卖,'6952096524260480624,'6952096524260480624,'SS76300471156886615500158,2026-04-15 21:25:47,'3782159170296479904,秋冬宽边高颅顶发箍女高级感洋气时尚压发发捆显脸小洗脸头箍发卡,,,普通订单,5.64,0,0,0,0,0,0,0,0,0,0,0,-0.03,0,0,0,0,0,0,是-商品卡免佣,0.22,义乌市燃困电子商务商行（个体工商户）,订单结算
2026-04-21 03:22:59,'2026042103225341321149705562,入账,2.88,聚合账户,货款结算入账,小店自卖,'6951962334807201003,'6951962334807201003,'SS76299206879400435350232,2026-04-11 04:46:36,'3782179818351755475,银色金属水钻发扣发夹虞书欣同款高级感洋气甜酷风刘海发夹扣发饰,,,普通订单,2.9,0,0,0,0,0,0,0,0,0,0,0,-0.02,0,0,0,0,0,0,是-商品卡免佣,0.15,义乌市燃困电子商务商行（个体工商户）,订单结算
2026-04-21 03:23:05,'2026042103230012218703775562,入账,2.93,聚合账户,货款结算入账,小店自卖,'6951977698924827734,'6951977698924827734,'SS76298948946271278420057,2026-04-10 21:59:43,'3789769309207789754,2025新款秋冬橡皮筋高弹力发绳可爱头绳洋气发圈马尾发饰高级头饰,,,普通订单,2.56,0,0,0.39,0,0,0,0,0,0,0,0,-0.02,0,0,0,0,0,0,是-商品卡免佣,0.15,义乌市燃困电子商务商行（个体工商户）,订单结算
2026-04-21 03:24:48,'2026042103244001859302495562,入账,3.35,聚合账户,货款结算入账,小店自卖,'6951984450089260962,'6951984450089260962,'SS76298946238293614420162,2026-04-11 00:30:39,'3789769309207789754,2025新款秋冬橡皮筋高弹力发绳可爱头绳洋气发圈马尾发饰高级头饰,,,普通订单,3.37,0,0,0,0,0,0,0,0,0,0,0,-0.02,0,0,0,0,0,0,是-商品卡免佣,0.15,义乌市燃困电子商务商行（个体工商户）,订单结算
2026-04-21 03:25:12,'2026042103250836073480145562,入账,3.35,聚合账户,货款结算入账,小店自卖,'6951966778716657106,'6951966778716657106,'SS76298946292106862500204,2026-04-11 01:34:23,'3789769309207789754,2025新款秋冬橡皮筋高弹力发绳可爱头绳洋气发圈马尾发饰高级头饰,,,普通订单,3.37,0,0,0,0,0,0,0,0,0,0,0,-0.02,0,0,0,0,0,0,是-商品卡免佣,0.15,义乌市燃困电子商务商行（个体工商户）,订单结算
2026-04-21 03:25:12,'2026042103250725679180895562,入账,2.29,聚合账户,货款结算入账,小店自卖,'6952013479051269270,'6952013479051269270,'SS76300483999875571350156,2026-04-12 15:20:21,'3792527296510951799,新款秋冬糖果色字母球发圈女高颜值马尾头绳可爱不勒无痕发绳发饰,,,普通订单,1.99,0,0,0.31,0,0,0,0,0,0,0,0,-0.01,0,0,0,0,0,0,是-商品卡免佣,0.07,义乌市燃困电子商务商行（个体工商户）,订单结算
2026-04-21 03:25:12,'2026042103250723614756355562,入账,1.1,聚合账户,货款结算入账,小店自卖,'6925372946302401626,'6925372946302401626,'SS76299212122450662830041,2026-04-05 19:00:24,'3797742862297334653,2026新款水钻红珠子花朵抓夹后脑勺洋气发夹时尚百搭半扎发鲨鱼夹,,,普通订单,0.01,0,0,1.1,0,0,0,0,0,0,0,0,-0.01,0,0,0,0,0,0,是-商品卡免佣,0.07,义乌市燃困电子商务商行（个体工商户）,订单结算
2026-04-21 03:25:12,'2026042103250541700231955562,入账,3.53,聚合账户,货款结算入账,精选联盟,'6951955526197778318,'6951955526197778318,'SS76299222712073098510161,2026-04-10 22:27:59,'3782179818351755475,银色金属水钻发扣发夹虞书欣同款高级感洋气甜酷风刘海发夹扣发饰,'3122211035558957,小郡主,普通订单,3.93,0,0,0,0,0,0,0,0,0,0,0,-0.2,-0.2,0,0,0,0,0,,0,义乌市燃困电子商务商行（个体工商户）,订单结算
2026-04-21 03:25:12,'2026042103250534996554755562,入账,2.96,聚合账户,货款结算入账,小店自卖,'6952096630977009432,'6952096630977009432,'SS76299970105022712950239,2026-04-15 22:04:50,'3782154121554035149,韩系简约灰色绒面宽边发箍高颅顶日常发箍网红爆款2026最新款,,,普通订单,0.98,0,0,2,0,0,0,0,0,0,0,0,-0.02,0,0,0,0,0,0,是-商品卡免佣,0.15,义乌市燃困电子商务商行（个体工商户）,订单结算
2026-04-21 03:25:18,'2026042103251430875489795562,入账,3.35,聚合账户,货款结算入账,小店自卖,'6951971474742842718,'6951971474742842718,'SS76299218304474485760095,2026-04-11 08:45:59,'3789769309207789754,2025新款秋冬橡皮筋高弹力发绳可爱头绳洋气发圈马尾发饰高级头饰,,,普通订单,3.37,0,0,0,0,0,0,0,0,0,0,0,-0.02,0,0,0,0,0,0,是-商品卡免佣,0.15,义乌市燃困电子商务商行（个体工商户）,订单结算
2026-04-21 03:25:28,'2026042103252141253604345562,入账,3.47,聚合账户,货款结算入账,小店自卖,'6925511011157376637,'6925511011157376637,'SS76300003604548165550148,2026-04-11 07:14:51,'3789769536681673133,M豆新款秋冬橡皮筋高弹力发绳可爱头绳洋气发圈马尾发饰高级头饰,,,普通订单,3.03,0,0,0.46,0,0,0,0,0,0,0,0,-0.02,0,0,0,0,0,0,是-商品卡免佣,0.15,义乌市燃困电子商务商行（个体工商户）,订单结算
2026-04-21 03:25:28,'2026042103252237798715315562,入账,3.35,聚合账户,货款结算入账,小店自卖,'6952030106311989083,'6952030106311989083,'SS76298988973646156860179,2026-04-13 09:12:24,'3789769309207789754,2025新款秋冬橡皮筋高弹力发绳可爱头绳洋气发圈马尾发饰高级头饰,,,普通订单,3.37,0,0,0,0,0,0,0,0,0,0,0,-0.02,0,0,0,0,0,0,是-商品卡免佣,0.15,义乌市燃困电子商务商行（个体工商户）,订单结算
2026-04-21 03:25:28,'2026042103252416613548035562,入账,3.35,聚合账户,货款结算入账,小店自卖,'6925141125810257496,'6925141125810257496,'SS76299796776371369020162,2026-03-26 14:17:22,'3789769536681673133,M豆新款秋冬橡皮筋高弹力发绳可爱头绳洋气发圈马尾发饰高级头饰,,,普通订单,3.37,0,0,0,0,0,0,0,0,0,0,0,-0.02,0,0,0,0,0,0,是-商品卡免佣,0.15,义乌市燃困电子商务商行（个体工商户）,订单结算
2026-04-21 03:25:28,'2026042103252309145923025562,入账,3.52,聚合账户,货款结算入账,小店自卖,'6925506525234953622,'6925506525234953622,'SS76299222331716736150067,2026-04-10 22:55:07,'3782179818351755475,银色金属水钻发扣发夹虞书欣同款高级感洋气甜酷风刘海发夹扣发饰,,,普通订单,3.54,0,0,0,0,0,0,0,0,0,0,0,-0.02,0,0,0,0,0,0,是-商品卡免佣,0.15,义乌市燃困电子商务商行（个体工商户）,订单结算
2026-04-21 03:25:28,'2026042103252406921101215562,入账,3.96,聚合账户,货款结算入账,巨量千川,'6952151977038320858,'6952151977038320858,'SS76301095913803330900133,2026-04-17 08:32:33,'3806826554969948422,韩系复古气质豹纹颅顶发梳女碎发整理神器倒插梳发夹时尚发卡夹子,,,普通订单,3.98,0,0,0,0,0,0,0,0,0,0,0,-0.02,0,0,0,0,0,0,是-商品卡免佣,0.15,义乌市燃困电子商务商行（个体工商户）,订单结算
2026-04-21 03:25:35,'2026042103253130258836745562,入账,3.53,聚合账户,货款结算入账,精选联盟,'6951966798219318997,'6951966798219318997,'SS76299243646154839450026,2026-04-11 00:40:55,'3782179818351755475,银色金属水钻发扣发夹虞书欣同款高级感洋气甜酷风刘海发夹扣发饰,'3122211035558957,小郡主,普通订单,3.93,0,0,0,0,0,0,0,0,0,0,0,-0.2,-0.2,0,0,0,0,0,,0,义乌市燃困电子商务商行（个体工商户）,订单结算
2026-04-21 03:25:48,'2026042103254307433428575562,入账,2.41,聚合账户,货款结算入账,精选联盟,'6925525555795164878,'6925525555795164878,'SS76299563688332334490129,2026-04-11 21:20:01,'3782195308151308329,复古豹纹大号发夹女秋冬高级感盘发鲨鱼夹气质后脑勺发抓夹子头饰,'0,,普通订单,0.01,0,0,2.66,0,0,0,0,0,0,0,0,-0.13,0,0,0,0,-0.13,0,,0,义乌市燃困电子商务商行（个体工商户）,订单结算
2026-04-21 03:25:48,'2026042103254331721928195562,入账,2.61,聚合账户,货款结算入账,精选联盟,'6925491213573127507,'6925491213573127507,'SS76299209152714017740071,2026-04-10 23:29:17,'3782154121554035149,韩系简约灰色绒面宽边发箍高颅顶日常发箍网红爆款2026最新款,'0,,普通订单,0.01,0,0,2.88,0,0,0,0,0,0,0,0,-0.14,0,0,0,0,-0.14,0,,0,义乌市燃困电子商务商行（个体工商户）,订单结算
2026-04-21 03:25:48,'2026042103254235037847555562,入账,3.35,聚合账户,货款结算入账,小店自卖,'6951984470843594493,'6951984470843594493,'SS76299164431358080100076,2026-04-11 05:16:17,'3806606351963128229,新款韩系毛绒带齿发箍女洗脸化妆专用发卡外出百搭显脸小头箍头饰,,,普通订单,3.37,0,0,0,0,0,0,0,0,0,0,0,-0.02,0,0,0,0,0,0,是-商品卡免佣,0.15,义乌市燃困电子商务商行（个体工商户）,订单结算
2026-04-21 03:25:48,'2026042103254213432304745562,入账,3.35,聚合账户,货款结算入账,小店自卖,'6925509260370279823,'6925509260370279823,'SS76299761159480123390132,2026-04-11 11:44:18,'3792527296510951799,新款秋冬糖果色字母球发圈女高颜值马尾头绳可爱不勒无痕发绳发饰,,,普通订单,0.87,0,0,0,0,0,0,0,2.5,0,0,0,-0.02,0,0,0,0,0,0,是-商品卡免佣,0.15,义乌市燃困电子商务商行（个体工商户）,订单结算
2026-04-21 03:25:48,'2026042103254235037683715562,入账,3.35,聚合账户,货款结算入账,小店自卖,'6951980232768689566,'6951980232768689566,'SS76299218526229632060076,2026-04-11 09:42:07,'3789769309207789754,2025新款秋冬橡皮筋高弹力发绳可爱头绳洋气发圈马尾发饰高级头饰,,,普通订单,2.93,0,0,0.44,0,0,0,0,0,0,0,0,-0.02,0,0,0,0,0,0,是-商品卡免佣,0.15,义乌市燃困电子商务商行（个体工商户）,订单结算
2026-04-21 03:26:35,'2026042103262915118505345562,入账,2.82,聚合账户,货款结算入账,小店自卖,'6925504208443047376,'6925504208443047376,'SS76299207600518108590135,2026-04-10 22:53:08,'3782179818351755475,银色金属水钻发扣发夹虞书欣同款高级感洋气甜酷风刘海发夹扣发饰,,,普通订单,2.84,0,0,0,0,0,0,0,0,0,0,0,-0.02,0,0,0,0,0,0,是-商品卡免佣,0.15,义乌市燃困电子商务商行（个体工商户）,订单结算
2026-04-21 03:26:35,'2026042103263035330301715562,入账,5.18,聚合账户,货款结算入账,小店自卖,'6925546254887517798,'6925546254887517798,'SS76299860926487595870001,2026-04-12 17:03:27,'3782154121554035149,韩系简约灰色绒面宽边发箍高颅顶日常发箍网红爆款2026最新款,,,普通订单,5.21,0,0,0,0,0,0,0,0,0,0,0,-0.03,0,0,0,0,0,0,是-商品卡免佣,0.22,义乌市燃困电子商务商行（个体工商户）,订单结算
2026-04-21 03:26:35,'2026042103262728495058325562,入账,4.9,聚合账户,货款结算入账,小店自卖,'6952052623527056596,'6952052623526991060,'SS76299539063488885760036,2026-04-13 11:51:55,'3813291219258311147,高级感复古孔雀发夹女后脑勺花苞头盘发器懒人丸子头扭扭夹子头饰,,,普通订单,4.73,0,0,0.2,0,0,0,0,0,0,0,0,-0.03,0,0,0,0,0,0,是-商品卡免佣,0.22,义乌市燃困电子商务商行（个体工商户）,订单结算
2026-04-21 03:26:35,'2026042103262910793334145562,入账,3.91,聚合账户,货款结算入账,小店自卖,'6925493909389147486,'6925493909389147486,'SS76300681053746345360039,2026-04-11 00:35:19,'3782179818351755475,银色金属水钻发扣发夹虞书欣同款高级感洋气甜酷风刘海发夹扣发饰,,,普通订单,0.01,0,0,3.92,0,0,0,0,0,0,0,0,-0.02,0,0,0,0,0,0,是-商品卡免佣,0.15,义乌市燃困电子商务商行（个体工商户）,订单结算
2026-04-21 03:26:35,'2026042103262914350748425562,入账,3.18,聚合账户,货款结算入账,小店自卖,'6925622912480411141,'6925622912480411141,'SS76299860379133056400109,2026-04-15 21:25:02,'3782325961064841649,许我耀眼赵露思许妍同款爱心抓夹2025新款高级感后脑勺鲨鱼夹发夹,,,普通订单,0.2,0,0,3,0,0,0,0,0,0,0,0,-0.02,0,0,0,0,0,0,是-商品卡免佣,0.15,义乌市燃困电子商务商行（个体工商户）,订单结算
2026-04-21 03:27:26,'2026042103272019098176105562,入账,2.59,聚合账户,货款结算入账,小店自卖,'6952103539453269653,'6952103539453269653,'SS76300012195365850110128,2026-04-16 02:37:38,'3782158083703309205,春夏韩系雾霾紫布艺发箍显白复古头箍发饰发箍2026爆款洋气高级感,,,普通订单,2.61,0,0,0,0,0,0,0,0,0,0,0,-0.02,0,0,0,0,0,0,是-商品卡免佣,0.15,义乌市燃困电子商务商行（个体工商户）,订单结算
2026-04-21 03:29:10,'2026042103290608858383625562,入账,3.57,聚合账户,货款结算入账,精选联盟,'6952092027517932943,'6952092027517932943,'SS76300474082395589630203,2026-04-15 20:23:11,'3782179818351755475,银色金属水钻发扣发夹虞书欣同款高级感洋气甜酷风刘海发夹扣发饰,'3122211035558957,小郡主,普通订单,3.97,0,0,0,0,0,0,0,0,0,0,0,-0.2,-0.2,0,0,0,0,0,,0,义乌市燃困电子商务商行（个体工商户）,订单结算
2026-04-21 03:29:32,'2026042103292931002299265562,入账,2.35,聚合账户,货款结算入账,精选联盟,'6951978029577803171,'6951978029577803171,'SS76299207133534953470248,2026-04-11 01:20:33,'3782179818351755475,银色金属水钻发扣发夹虞书欣同款高级感洋气甜酷风刘海发夹扣发饰,'3122211035558957,小郡主,普通订单,2.61,0,0,0,0,0,0,0,0,0,0,0,-0.13,-0.13,0,0,0,0,0,,0,义乌市燃困电子商务商行（个体工商户）,订单结算
2026-04-21 03:30:42,'2026042103303808647642065562,入账,4.59,聚合账户,货款结算入账,小店自卖,'6925494607178858063,'6925494607178858063,'SS76299209533292552020026,2026-04-10 15:47:19,'3782115730997248221,法式复古简约ins纯色宽边发带高颅顶发箍网红爆款2026最新款,,,普通订单,4.62,0,0,0,0,0,0,0,0,0,0,0,-0.03,0,0,0,0,0,0,是-商品卡免佣,0.22,义乌市燃困电子商务商行（个体工商户）,订单结算
2026-04-21 03:30:42,'2026042103303637090598675562,入账,10.75,聚合账户,货款结算入账,小店自卖,'6925603515052489831,'6925603515052489831,'SS76300961859613663240172,2026-04-14 20:28:44,'3806832275665060039,高级感百搭红色大肠发圈女2026新款扎头发绳丸子头绳甜美可爱发饰,,,普通订单,10.81,0,0,0,0,0,0,0,0,0,0,0,-0.06,0,0,0,0,0,0,是-商品卡免佣,0.44,义乌市燃困电子商务商行（个体工商户）,订单结算
2026-04-21 03:30:42,'2026042103303523334794765562,入账,2.93,聚合账户,货款结算入账,小店自卖,'6951962555755795936,'6951962555755795936,'SS76299983258461800960177,2026-04-11 09:20:30,'3789769309207789754,2025新款秋冬橡皮筋高弹力发绳可爱头绳洋气发圈马尾发饰高级头饰,,,普通订单,2.95,0,0,0,0,0,0,0,0,0,0,0,-0.02,0,0,0,0,0,0,是-商品卡免佣,0.15,义乌市燃困电子商务商行（个体工商户）,订单结算
2026-04-21 03:30:42,'2026042103303733787458665562,入账,2.87,聚合账户,货款结算入账,小店自卖,'6925511502315486772,'6925511502315486772,'SS76300005636021783300093,2026-04-11 10:56:42,'3782158083703309205,春夏韩系雾霾紫布艺发箍显白复古头箍发饰发箍2026爆款洋气高级感,,,普通订单,2.89,0,0,0,0,0,0,0,0,0,0,0,-0.02,0,0,0,0,0,0,是-商品卡免佣,0.15,义乌市燃困电子商务商行（个体工商户）,订单结算
2026-04-21 03:30:42,'2026042103303800379008095562,入账,3.91,聚合账户,货款结算入账,小店自卖,'6925495504771186028,'6925495504771186028,'SS76299222905414006270086,2026-04-10 22:57:35,'3782179818351755475,银色金属水钻发扣发夹虞书欣同款高级感洋气甜酷风刘海发夹扣发饰,,,普通订单,3.93,0,0,0,0,0,0,0,0,0,0,0,-0.02,0,0,0,0,0,0,是-商品卡免佣,0.15,义乌市燃困电子商务商行（个体工商户）,订单结算
2026-04-21 03:32:39,'2026042103323617449170345562,入账,3.77,聚合账户,货款结算入账,小店自卖,'6925521423869312193,'6925521423869312193,'SS76299647082878241550164,2026-04-11 23:19:12,'3782209586937856113,日韩风米菲兔牛仔香蕉夹可爱兔子造型高马尾盘发发夹显发量多百搭,,,普通订单,3.79,0,0,0,0,0,0,0,0,0,0,0,-0.02,0,0,0,0,0,0,是-商品卡免佣,0.15,义乌市燃困电子商务商行（个体工商户）,订单结算
2026-04-21 03:32:39,'2026042103323522697413485562,入账,3.01,聚合账户,货款结算入账,精选联盟,'6925491084972293310,'6925491084972293310,'SS76299244838807642060238,2026-04-10 23:03:11,'3782179818351755475,银色金属水钻发扣发夹虞书欣同款高级感洋气甜酷风刘海发夹扣发饰,'1607921290974931,1郫都区宜源商贸部（个体工商户）,普通订单,3.35,0,0,0,0,0,0,0,0,0,0,0,-0.17,-0.17,0,0,0,0,0,,0,义乌市燃困电子商务商行（个体工商户）,订单结算
2026-04-21 03:32:39,'2026042103323522444121665562,入账,3.53,聚合账户,货款结算入账,精选联盟,'6925506811977629571,'6925506811977629571,'SS76299243957335209320168,2026-04-11 02:24:43,'3782179818351755475,银色金属水钻发扣发夹虞书欣同款高级感洋气甜酷风刘海发夹扣发饰,'3122211035558957,小郡主,普通订单,0.01,0,0,3.92,0,0,0,0,0,0,0,0,-0.2,-0.2,0,0,0,0,0,,0,义乌市燃困电子商务商行（个体工商户）,订单结算
2026-04-21 03:32:39,'2026042103323617450972585562,入账,4.04,聚合账户,货款结算入账,精选联盟,'6925512026212826528,'6925512026212826528,'SS76299998805177021440175,2026-04-11 14:22:39,'3782206591290442095,气质豹纹三角抓夹女款2025新款复古秋冬鲨鱼夹后脑勺盘发发夹发饰,'1266292766553438,芳芳好物,普通订单,4.5,0,0,0,0,0,0,0,0,0,0,0,-0.23,-0.23,0,0,0,0,0,,0,义乌市燃困电子商务商行（个体工商户）,订单结算
2026-04-21 03:32:39,'2026042103323526267653755562,入账,3.33,聚合账户,货款结算入账,小店自卖,'6925505369880624579,'6925505369880624579,'SS76299749016302067300053,2026-04-11 12:31:00,'3792556779406229663,网红同款高颅顶圆形金属百搭发扣甜酷刘海发夹前额侧边夹发卡头饰,,,普通订单,0.01,0,0,3.34,0,0,0,0,0,0,0,0,-0.02,0,0,0,0,0,0,是-商品卡免佣,0.15,义乌市燃困电子商务商行（个体工商户）,订单结算
2026-04-21 03:32:53,'2026042103324818834928645562,入账,7.86,聚合账户,货款结算入账,小店自卖,'6951964784099988750,'6951964784099988750,'SS76299564959539901530077,2026-04-11 10:37:09,'3790335995623375667,摩卡甜心~新款复古格纹云朵香蕉夹蝴蝶结飘带发夹学院风马尾竖夹,,,普通订单,7.91,0,0,0,0,0,0,0,0,0,0,0,-0.05,0,0,0,0,0,0,是-商品卡免佣,0.37,义乌市燃困电子商务商行（个体工商户）,订单结算
2026-04-21 03:32:53,'2026042103324813115886485562,入账,3.35,聚合账户,货款结算入账,小店自卖,'6951959383305819424,'6951959383305819424,'SS76299898132901115260061,2026-04-10 16:16:20,'3789769309207789754,2025新款秋冬橡皮筋高弹力发绳可爱头绳洋气发圈马尾发饰高级头饰,,,普通订单,3.37,0,0,0,0,0,0,0,0,0,0,0,-0.02,0,0,0,0,0,0,是-商品卡免佣,0.15,义乌市燃困电子商务商行（个体工商户）,订单结算
2026-04-21 03:32:53,'2026042103324907351508895562,入账,8.89,聚合账户,货款结算入账,小店自卖,'6925502071750098620,'6925502071750098620,'SS76298947055640911990234,2026-04-10 22:06:56,'3789771031472898748,新款M豆高弹力发绳秋冬橡皮筋可爱头绳洋气发圈马尾发饰高级头饰,,,普通订单,8.94,0,0,0,0,0,0,0,0,0,0,0,-0.05,0,0,0,0,0,0,是-商品卡免佣,0.37,义乌市燃困电子商务商行（个体工商户）,订单结算
2026-04-21 03:32:53,'2026042103324837834920965562,入账,3.91,聚合账户,货款结算入账,小店自卖,'6952021957600679147,'6952021957600679147,'SS76300202336727086440135,2026-04-12 11:52:54,'3782179818351755475,银色金属水钻发扣发夹虞书欣同款高级感洋气甜酷风刘海发夹扣发饰,,,普通订单,3.93,0,0,0,0,0,0,0,0,0,0,0,-0.02,0,0,0,0,0,0,是-商品卡免佣,0.15,义乌市燃困电子商务商行（个体工商户）,订单结算
2026-04-21 03:32:53,'2026042103324818377444475562,入账,3.35,聚合账户,货款结算入账,小店自卖,'6925385355391893276,'6925385355391893276,'SS76300015045202089020111,2026-04-06 12:26:32,'3789769309207789754,2025新款秋冬橡皮筋高弹力发绳可爱头绳洋气发圈马尾发饰高级头饰,,,普通订单,3.37,0,0,0,0,0,0,0,0,0,0,0,-0.02,0,0,0,0,0,0,是-商品卡免佣,0.15,义乌市燃困电子商务商行（个体工商户）,订单结算
2026-04-21 03:34:47,'2026042103344312843914335562,入账,3.33,聚合账户,货款结算入账,小店自卖,'6951975520057693813,'6951975520057693813,'SS76299244847345218660183,2026-04-10 23:37:20,'3782179818351755475,银色金属水钻发扣发夹虞书欣同款高级感洋气甜酷风刘海发夹扣发饰,,,普通订单,3.35,0,0,0,0,0,0,0,0,0,0,0,-0.02,0,0,0,0,0,0,是-商品卡免佣,0.15,义乌市燃困电子商务商行（个体工商户）,订单结算
2026-04-21 03:34:47,'2026042103344333524291025562,入账,2.87,聚合账户,货款结算入账,小店自卖,'6925495694517632575,'6925495694517632575,'SS76298947236620700260166,2026-04-11 00:38:55,'3782193222986629380,复古波点褶皱香蕉夹高级感马尾扭扭竖夹后脑勺显发量横夹发卡抓夹,,,普通订单,2.89,0,0,0,0,0,0,0,0,0,0,0,-0.02,0,0,0,0,0,0,是-商品卡免佣,0.15,义乌市燃困电子商务商行（个体工商户）,订单结算
2026-04-21 03:34:47,'2026042103344406888862995562,入账,6.7,聚合账户,货款结算入账,小店自卖,'6925501339777137796,'6925501339777137796,'SS76300003698713075200235,2026-04-10 16:36:51,'3789769309207789754,2025新款秋冬橡皮筋高弹力发绳可爱头绳洋气发圈马尾发饰高级头饰,,,普通订单,6.74,0,0,0,0,0,0,0,0,0,0,0,-0.04,0,0,0,0,0,0,是-商品卡免佣,0.29,义乌市燃困电子商务商行（个体工商户）,订单结算
2026-04-21 03:34:47,'2026042103344425965693705562,入账,3.57,聚合账户,货款结算入账,精选联盟,'6951837759829382811,'6951837759829382811,'SS76300275135152461180104,2026-04-06 09:44:34,'3782179818351755475,银色金属水钻发扣发夹虞书欣同款高级感洋气甜酷风刘海发夹扣发饰,'91505067155,悦己好物,普通订单,3.97,0,0,0,0,0,0,0,0,0,0,0,-0.2,-0.2,0,0,0,0,0,,0,义乌市燃困电子商务商行（个体工商户）,订单结算
2026-04-21 03:34:47,'2026042103344409659850345562,入账,3.53,聚合账户,货款结算入账,精选联盟,'6925509246530714761,'6925509246530714761,'SS76299748701719759990100,2026-04-11 11:33:18,'3782179818351755475,银色金属水钻发扣发夹虞书欣同款高级感洋气甜酷风刘海发夹扣发饰,'3122211035558957,小郡主,普通订单,3.93,0,0,0,0,0,0,0,0,0,0,0,-0.2,-0.2,0,0,0,0,0,,0,义乌市燃困电子商务商行（个体工商户）,订单结算
2026-04-21 03:36:50,'2026042103364716741670945562,入账,3.53,聚合账户,货款结算入账,精选联盟,'6925495466721115923,'6925495466721115923,'SS76299222766588114300109,2026-04-10 22:42:49,'3782179818351755475,银色金属水钻发扣发夹虞书欣同款高级感洋气甜酷风刘海发夹扣发饰,'3122211035558957,小郡主,普通订单,3.93,0,0,0,0,0,0,0,0,0,0,0,-0.2,-0.2,0,0,0,0,0,,0,义乌市燃困电子商务商行（个体工商户）,订单结算
2026-04-21 03:36:50,'2026042103364711870707615562,入账,3.35,聚合账户,货款结算入账,小店自卖,'6925502765818346524,'6925502765818346524,'SS76298947046047790420238,2026-04-11 08:24:44,'3789769309207789754,2025新款秋冬橡皮筋高弹力发绳可爱头绳洋气发圈马尾发饰高级头饰,,,普通订单,3.37,0,0,0,0,0,0,0,0,0,0,0,-0.02,0,0,0,0,0,0,是-商品卡免佣,0.15,义乌市燃困电子商务商行（个体工商户）,订单结算
2026-04-21 03:36:50,'2026042103364704874900995562,入账,2.61,聚合账户,货款结算入账,精选联盟,'6951976210331407680,'6951976210331407680,'SS76299896154531108180149,2026-04-11 13:06:07,'3782193222986629380,复古波点褶皱香蕉夹高级感马尾扭扭竖夹后脑勺显发量横夹发卡抓夹,'66906805977,婧婷好物,普通订单,2.89,0,0,0,0,0,0,0,0,0,0,0,-0.14,-0.14,0,0,0,0,0,,0,义乌市燃困电子商务商行（个体工商户）,订单结算
2026-04-21 03:36:50,'2026042103364714579676665562,入账,3.01,聚合账户,货款结算入账,精选联盟,'6952007819215181767,'6952007819215181767,'SS76299561622424296960137,2026-04-11 20:28:02,'3782179818351755475,银色金属水钻发扣发夹虞书欣同款高级感洋气甜酷风刘海发夹扣发饰,'3122211035558957,小郡主,普通订单,3.35,0,0,0,0,0,0,0,0,0,0,0,-0.17,-0.17,0,0,0,0,0,,0,义乌市燃困电子商务商行（个体工商户）,订单结算
2026-04-21 03:36:50,'2026042103364724968568825562,入账,4.94,聚合账户,货款结算入账,小店自卖,'6952040525084562680,'6952040525084562680,'SS76297914541025042260065,2026-04-14 04:20:29,'3782171819000332501,许我耀眼赵露思许妍同款三角抓夹女高级感后脑勺高马尾发夹鲨鱼夹,,,普通订单,4.97,0,0,0,0,0,0,0,0,0,0,0,-0.03,0,0,0,0,0,0,是-商品卡免佣,0.22,义乌市燃困电子商务商行（个体工商户）,订单结算
2026-04-21 03:37:33,'2026042103372900173839455562,入账,2.73,聚合账户,货款结算入账,小店自卖,'6925482034998443971,'6925482034998443971,'SS76298956980561884510216,2026-04-10 16:00:41,'3782193222986629380,复古波点褶皱香蕉夹高级感马尾扭扭竖夹后脑勺显发量横夹发卡抓夹,,,普通订单,2.75,0,0,0,0,0,0,0,0,0,0,0,-0.02,0,0,0,0,0,0,是-商品卡免佣,0.15,义乌市燃困电子商务商行（个体工商户）,订单结算
2026-04-21 03:37:33,'2026042103372916190180195562,入账,4.93,聚合账户,货款结算入账,小店自卖,'6952012489138181195,'6952012489138181195,'SS76300741226257779200047,2026-04-12 23:47:45,'3806829537606632250,发量少缎面褶皱密齿香蕉夹女后脑勺固定马尾夹竖式扭扭夹发卡发夹,,,普通订单,4.96,0,0,0,0,0,0,0,0,0,0,0,-0.03,0,0,0,0,0,0,是-商品卡免佣,0.22,义乌市燃困电子商务商行（个体工商户）,订单结算
2026-04-21 03:37:33,'2026042103373033602117225562,入账,3.53,聚合账户,货款结算入账,精选联盟,'6925538202210828123,'6925538202210828123,'SS76300038397489323790028,2026-04-12 16:08:07,'3782179818351755475,银色金属水钻发扣发夹虞书欣同款高级感洋气甜酷风刘海发夹扣发饰,'3122211035558957,小郡主,普通订单,3.93,0,0,0,0,0,0,0,0,0,0,0,-0.2,-0.2,0,0,0,0,0,,0,义乌市燃困电子商务商行（个体工商户）,订单结算
2026-04-21 03:37:33,'2026042103372808184346105562,入账,3.95,聚合账户,货款结算入账,小店自卖,'6925579426413772338,'6925579426413772338,'SS76300727611003704380169,2026-04-13 18:20:14,'3782179818351755475,银色金属水钻发扣发夹虞书欣同款高级感洋气甜酷风刘海发夹扣发饰,,,普通订单,3.97,0,0,0,0,0,0,0,0,0,0,0,-0.02,0,0,0,0,0,0,是-商品卡免佣,0.15,义乌市燃困电子商务商行（个体工商户）,订单结算
2026-04-21 03:37:33,'2026042103372937550661585562,入账,3.95,聚合账户,货款结算入账,小店自卖,'6925573951780453613,'6925573951780453613,'SS76297812675544030810114,2026-04-14 00:48:18,'3782179818351755475,银色金属水钻发扣发夹虞书欣同款高级感洋气甜酷风刘海发夹扣发饰,,,普通订单,3.97,0,0,0,0,0,0,0,0,0,0,0,-0.02,0,0,0,0,0,0,是-商品卡免佣,0.15,义乌市燃困电子商务商行（个体工商户）,订单结算
2026-04-21 03:37:45,'2026042103374004838077445562,入账,2.61,聚合账户,货款结算入账,精选联盟,'6952002709452625205,'6952002709452625205,'SS76300548902536650650052,2026-04-12 15:50:45,'3782193222986629380,复古波点褶皱香蕉夹高级感马尾扭扭竖夹后脑勺显发量横夹发卡抓夹,'0,,普通订单,0.01,0,0,2.88,0,0,0,0,0,0,0,0,-0.14,0,0,0,0,-0.14,0,,0,义乌市燃困电子商务商行（个体工商户）,订单结算
2026-04-21 03:37:45,'2026042103374015822730585562,入账,3.57,聚合账户,货款结算入账,精选联盟,'6952086975163339837,'6952086975163339837,'SS76299231927963366860187,2026-04-15 13:10:52,'3782179818351755475,银色金属水钻发扣发夹虞书欣同款高级感洋气甜酷风刘海发夹扣发饰,'3122211035558957,小郡主,普通订单,3.97,0,0,0,0,0,0,0,0,0,0,0,-0.2,-0.2,0,0,0,0,0,,0,义乌市燃困电子商务商行（个体工商户）,订单结算
2026-04-21 03:37:45,'2026042103374110621754885562,入账,3.77,聚合账户,货款结算入账,小店自卖,'6951965146108663376,'6951965146108663376,'SS76299915992669230490143,2026-04-11 14:04:46,'3782037403703836681,可爱米菲兔香蕉夹牛仔兔子高马尾少女巨显后脑勺发量百搭盘发发饰,,,普通订单,3.79,0,0,0,0,0,0,0,0,0,0,0,-0.02,0,0,0,0,0,0,是-商品卡免佣,0.15,义乌市燃困电子商务商行（个体工商户）,订单结算
2026-04-21 03:37:45,'2026042103374130368896005562,入账,3.91,聚合账户,货款结算入账,小店自卖,'6951948727839889125,'6951948727839889125,'SS76299222616428221960073,2026-04-10 22:59:32,'3782179818351755475,银色金属水钻发扣发夹虞书欣同款高级感洋气甜酷风刘海发夹扣发饰,,,普通订单,3.93,0,0,0,0,0,0,0,0,0,0,0,-0.02,0,0,0,0,0,0,是-商品卡免佣,0.15,义乌市燃困电子商务商行（个体工商户）,订单结算
2026-04-21 03:37:45,'2026042103374136667110675562,入账,3.57,聚合账户,货款结算入账,精选联盟,'6925563829157788835,'6925563829157788835,'SS76298947884181752700108,2026-04-13 19:51:55,'3782179818351755475,银色金属水钻发扣发夹虞书欣同款高级感洋气甜酷风刘海发夹扣发饰,'3122211035558957,小郡主,普通订单,3.97,0,0,0,0,0,0,0,0,0,0,0,-0.2,-0.2,0,0,0,0,0,,0,义乌市燃困电子商务商行（个体工商户）,订单结算
2026-04-21 03:38:24,'2026042103381936373634975562,入账,3.91,聚合账户,货款结算入账,小店自卖,'6925495523034365710,'6925495523034365710,'SS76299222810867308030163,2026-04-10 22:59:28,'3782179818351755475,银色金属水钻发扣发夹虞书欣同款高级感洋气甜酷风刘海发夹扣发饰,,,普通订单,3.93,0,0,0,0,0,0,0,0,0,0,0,-0.02,0,0,0,0,0,0,是-商品卡免佣,0.15,义乌市燃困电子商务商行（个体工商户）,订单结算
2026-04-21 03:38:24,'2026042103381937631926395562,入账,3.76,聚合账户,货款结算入账,小店自卖,'6925513286746864772,'6925513286746864772,'SS76299261220319114670172,2026-04-11 09:33:01,'3782032949856305462,虞书欣同款发夹小发扣金属圆形水钻刘海前额侧边边夹抓夹发卡夹子,,,普通订单,3.78,0,0,0,0,0,0,0,0,0,0,0,-0.02,0,0,0,0,0,0,是-商品卡免佣,0.15,义乌市燃困电子商务商行（个体工商户）,订单结算
2026-04-21 03:38:24,'2026042103382118582244035562,入账,2.88,聚合账户,货款结算入账,小店自卖,'6925506775709154889,'6925506775709154889,'SS76299206705044856730250,2026-04-11 01:59:04,'3782179818351755475,银色金属水钻发扣发夹虞书欣同款高级感洋气甜酷风刘海发夹扣发饰,,,普通订单,2.9,0,0,0,0,0,0,0,0,0,0,0,-0.02,0,0,0,0,0,0,是-商品卡免佣,0.15,义乌市燃困电子商务商行（个体工商户）,订单结算
2026-04-21 03:38:24,'2026042103382100803845635562,入账,3.53,聚合账户,货款结算入账,精选联盟,'6952011309948540361,'6952011309948540361,'SS76300664389596777050113,2026-04-12 13:42:32,'3782179818351755475,银色金属水钻发扣发夹虞书欣同款高级感洋气甜酷风刘海发夹扣发饰,'3122211035558957,小郡主,普通订单,3.93,0,0,0,0,0,0,0,0,0,0,0,-0.2,-0.2,0,0,0,0,0,,0,义乌市燃困电子商务商行（个体工商户）,订单结算
2026-04-21 03:38:24,'2026042103382007434245545562,入账,3.35,聚合账户,货款结算入账,小店自卖,'6925513430281387529,'6925513430281387529,'SS76299760893521761780138,2026-04-11 10:31:34,'3789769309207789754,2025新款秋冬橡皮筋高弹力发绳可爱头绳洋气发圈马尾发饰高级头饰,,,普通订单,3.37,0,0,0,0,0,0,0,0,0,0,0,-0.02,0,0,0,0,0,0,是-商品卡免佣,0.15,义乌市燃困电子商务商行（个体工商户）,订单结算
2026-04-21 03:38:24,'2026042103382039013752865562,入账,3.35,聚合账户,货款结算入账,小店自卖,'6925490800114302572,'6925490800114302572,'SS76298941350102021390071,2026-04-10 21:04:57,'3789769309207789754,2025新款秋冬橡皮筋高弹力发绳可爱头绳洋气发圈马尾发饰高级头饰,,,普通订单,3.37,0,0,0,0,0,0,0,0,0,0,0,-0.02,0,0,0,0,0,0,是-商品卡免佣,0.15,义乌市燃困电子商务商行（个体工商户）,订单结算
2026-04-21 03:38:24,'2026042103382106607058185562,入账,3.01,聚合账户,货款结算入账,精选联盟,'6951991491954284246,'6951991491954284246,'SS76299748956166397780053,2026-04-11 12:02:40,'3782179818351755475,银色金属水钻发扣发夹虞书欣同款高级感洋气甜酷风刘海发夹扣发饰,'3122211035558957,小郡主,普通订单,3.35,0,0,0,0,0,0,0,0,0,0,0,-0.17,-0.17,0,0,0,0,0,,0,义乌市燃困电子商务商行（个体工商户）,订单结算
2026-04-21 03:38:24,'2026042103382040105252475562,入账,1.31,聚合账户,货款结算入账,巨量千川,'6925632894557256733,'6925632894557256733,'SS76300518378107379200213,2026-04-16 09:09:34,'3807029917166731596,简约盘发一字扭扭夹女水钻抓夹复古百搭盘发器2026新款后脑勺发夹,,,普通订单,0.01,0,0,1.37,0,0,0,0,0,0,0,0,-0.07,0,0,0,0,0,0,,0,义乌市燃困电子商务商行（个体工商户）,订单结算
2026-04-21 03:38:24,'2026042103381809157675585562,入账,3.01,聚合账户,货款结算入账,精选联盟,'6925529095380433997,'6925529095380433997,'SS76300063306312914380180,2026-04-12 12:51:19,'3782179818351755475,银色金属水钻发扣发夹虞书欣同款高级感洋气甜酷风刘海发夹扣发饰,'0,,普通订单,2.35,0,0,1,0,0,0,0,0,0,0,0,-0.17,0,0,0,0,-0.17,0,,0,义乌市燃困电子商务商行（个体工商户）,订单结算
2026-04-21 03:38:24,'2026042103381937090964755562,入账,3.35,聚合账户,货款结算入账,小店自卖,'6951959547868681310,'6951959547868681310,'SS76298940196209139540139,2026-04-10 17:46:24,'3789769309207789754,2025新款秋冬橡皮筋高弹力发绳可爱头绳洋气发圈马尾发饰高级头饰,,,普通订单,3.37,0,0,0,0,0,0,0,0,0,0,0,-0.02,0,0,0,0,0,0,是-商品卡免佣,0.15,义乌市燃困电子商务商行（个体工商户）,订单结算
2026-04-21 03:39:33,'2026042103392923881856505562,入账,2.88,聚合账户,货款结算入账,小店自卖,'6951971232032036116,'6951971232032036116,'SS76299205099621916660055,2026-04-10 23:56:40,'3782179818351755475,银色金属水钻发扣发夹虞书欣同款高级感洋气甜酷风刘海发夹扣发饰,,,普通订单,2.9,0,0,0,0,0,0,0,0,0,0,0,-0.02,0,0,0,0,0,0,是-商品卡免佣,0.15,义乌市燃困电子商务商行（个体工商户）,订单结算
2026-04-21 03:39:33,'2026042103393017794217305562,入账,3.56,聚合账户,货款结算入账,小店自卖,'6951978605722997805,'6951978605722997805,'SS76299551603448550400079,2026-04-11 11:27:32,'3782039742330306819,kitty香蕉夹女2025新款高级感大号马尾夹发夹竖夹后脑勺盘发饰抓,,,普通订单,3.58,0,0,0,0,0,0,0,0,0,0,0,-0.02,0,0,0,0,0,0,是-商品卡免佣,0.15,义乌市燃困电子商务商行（个体工商户）,订单结算
2026-04-21 03:39:33,'2026042103392937231829025562,入账,2.95,聚合账户,货款结算入账,小店自卖,'6925383766496541790,'6925383766496541790,'SS76298908724582326110031,2026-04-05 19:06:58,'3782179818351755475,银色金属水钻发扣发夹虞书欣同款高级感洋气甜酷风刘海发夹扣发饰,,,普通订单,2.97,0,0,0,0,0,0,0,0,0,0,0,-0.02,0,0,0,0,0,0,是-商品卡免佣,0.15,义乌市燃困电子商务商行（个体工商户）,订单结算
2026-04-21 03:39:33,'2026042103393009564004305562,入账,2.8,聚合账户,货款结算入账,小店自卖,'6952092095640245354,'6952092095640245354,'SS76295656242591833960002,2026-04-15 20:56:38,'3806832275665060039,高级感百搭红色大肠发圈女2026新款扎头发绳丸子头绳甜美可爱发饰,,,普通订单,2.82,0,0,0,0,0,0,0,0,0,0,0,-0.02,0,0,0,0,0,0,是-商品卡免佣,0.15,义乌市燃困电子商务商行（个体工商户）,订单结算
2026-04-21 03:39:33,'2026042103392927607578235562,入账,3.53,聚合账户,货款结算入账,精选联盟,'6925550886581468481,'6925550886581468481,'SS76299372934610624520120,2026-04-12 15:06:23,'3782179818351755475,银色金属水钻发扣发夹虞书欣同款高级感洋气甜酷风刘海发夹扣发饰,'3122211035558957,小郡主,普通订单,3.93,0,0,0,0,0,0,0,0,0,0,0,-0.2,-0.2,0,0,0,0,0,,0,义乌市燃困电子商务商行（个体工商户）,订单结算
2026-04-21 03:39:33,'2026042103392917249776995562,入账,3.72,聚合账户,货款结算入账,小店自卖,'6951955161603905330,'6951955161603905330,'SS76299221499740331520235,2026-04-10 18:10:31,'3782179818351755475,银色金属水钻发扣发夹虞书欣同款高级感洋气甜酷风刘海发夹扣发饰,,,普通订单,3.74,0,0,0,0,0,0,0,0,0,0,0,-0.02,0,0,0,0,0,0,是-商品卡免佣,0.15,义乌市燃困电子商务商行（个体工商户）,订单结算
2026-04-21 03:39:33,'2026042103393019968821865562,入账,2.6,聚合账户,货款结算入账,精选联盟,'6951971107117864383,'6951971107117864383,'SS76299204880891417690178,2026-04-10 22:36:17,'3782179818351755475,银色金属水钻发扣发夹虞书欣同款高级感洋气甜酷风刘海发夹扣发饰,'3122211035558957,小郡主,普通订单,2.9,0,0,0,0,0,0,0,0,0,0,0,-0.15,-0.15,0,0,0,0,0,,0,义乌市燃困电子商务商行（个体工商户）,订单结算
2026-04-21 03:39:33,'2026042103392904707005505562,入账,3.69,聚合账户,货款结算入账,精选联盟,'6925635921858165963,'6925635921858165963,'SS76300495898317458180153,2026-04-16 00:33:21,'3782193222986629380,复古波点褶皱香蕉夹高级感马尾扭扭竖夹后脑勺显发量横夹发卡抓夹,'0,,普通订单,4.09,0,0,0,0,0,0,0,0,0,0,0,-0.2,0,0,0,0,-0.2,0,,0,义乌市燃困电子商务商行（个体工商户）,订单结算
2026-04-21 03:39:33,'2026042103393033816253965562,入账,3.26,聚合账户,货款结算入账,小店自卖,'6952116435997824227,'6952116435997824227,'SS76300464557486618110106,2026-04-15 21:34:46,'3789769309207789754,2025新款百搭橡皮筋高弹力发绳可爱头绳洋气发圈马尾发饰高级头饰,,,普通订单,3.28,0,0,0,0,0,0,0,0,0,0,0,-0.02,0,0,0,0,0,0,是-商品卡免佣,0.15,义乌市燃困电子商务商行（个体工商户）,订单结算
2026-04-21 03:39:33,'2026042103392731297214075562,入账,3.77,聚合账户,货款结算入账,小店自卖,'6925501443702357241,'6925501443702357241,'SS76299212893234629580074,2026-04-10 17:22:30,'3782037403703836681,可爱米菲兔香蕉夹牛仔兔子高马尾少女巨显后脑勺发量百搭盘发发饰,,,普通订单,3.79,0,0,0,0,0,0,0,0,0,0,0,-0.02,0,0,0,0,0,0,是-商品卡免佣,0.15,义乌市燃困电子商务商行（个体工商户）,订单结算
2026-04-21 03:40:04,'2026042103400005340209055562,入账,3.26,聚合账户,货款结算入账,小店自卖,'6952091251577459872,'6952091251577459872,'SS76300798659468334600010,2026-04-15 12:23:21,'3789769309207789754,2025新款百搭橡皮筋高弹力发绳可爱头绳洋气发圈马尾发饰高级头饰,,,普通订单,3.28,0,0,0,0,0,0,0,0,0,0,0,-0.02,0,0,0,0,0,0,是-商品卡免佣,0.15,义乌市燃困电子商务商行（个体工商户）,订单结算
2026-04-21 03:40:04,'2026042103400018254894145562,入账,3.78,聚合账户,货款结算入账,小店自卖,'6925599924826374100,'6925599924826374100,'SS76300410608503693140076,2026-04-15 11:35:54,'3782325961064841649,许我耀眼赵露思许妍同款爱心抓夹2025新款高级感后脑勺鲨鱼夹发夹,,,普通订单,3.8,0,0,0,0,0,0,0,0,0,0,0,-0.02,0,0,0,0,0,0,是-商品卡免佣,0.15,义乌市燃困电子商务商行（个体工商户）,订单结算
2026-04-21 03:40:04,'2026042103395610954673275562,入账,3.26,聚合账户,货款结算入账,小店自卖,'6952095902945776829,'6952095902945776829,'SS76299687378060907980193,2026-04-15 15:40:23,'3789769309207789754,2025新款百搭橡皮筋高弹力发绳可爱头绳洋气发圈马尾发饰高级头饰,,,普通订单,3.28,0,0,0,0,0,0,0,0,0,0,0,-0.02,0,0,0,0,0,0,是-商品卡免佣,0.15,义乌市燃困电子商务商行（个体工商户）,订单结算
2026-04-21 03:40:36,'2026042103403217082455045562,入账,2.87,聚合账户,货款结算入账,小店自卖,'6951575788738319862,'6951575788738319862,'SS76299852303424888320186,2026-03-26 16:44:20,'3782154121554035149,韩系简约灰色绒面宽边发箍女高颅顶日常外戴显脸小百搭头箍发饰女,,,普通订单,2.89,0,0,0,0,0,0,0,0,0,0,0,-0.02,0,0,0,0,0,0,是-商品卡免佣,0.15,义乌市燃困电子商务商行（个体工商户）,订单结算
2026-04-21 05:22:48,'2026042105224214989233005562,出账,7.33,聚合账户,上门取件运费,,'6952045142229784087,'6952045142229784087,'147447790807928676,,,,,,普通订单,0,0,0,0,0,0,0,0,0,0,0,0,0,0,0,0,0,0,0,,0,义乌市燃困电子商务商行（个体工商户）,因商品存在品质问题，扣除商家相应金额进行运费赔付-订单6952045142229784087-售后单147447790807928676-运单JDX052431692072
2026-04-21 05:27:31,'2026042105272633558041695562,入账,3.91,聚合账户,货款结算入账,小店自卖,'6951957595666191766,'6951957595666191766,'SS76299221979350146560056,2026-04-10 21:37:14,'3782179818351755475,银色金属水钻发扣发夹虞书欣同款高级感洋气甜酷风刘海发夹扣发饰,,,普通订单,3.93,0,0,0,0,0,0,0,0,0,0,0,-0.02,0,0,0,0,0,0,是-商品卡免佣,0.15,义乌市燃困电子商务商行（个体工商户）,订单结算
2026-04-21 05:27:31,'2026042105272609657431145562,入账,3.71,聚合账户,货款结算入账,精选联盟,'6925532175717793345,'6925532175717793345,'SS76299874583854617690244,2026-04-11 23:42:15,'3782179818351755475,银色金属水钻发扣发夹虞书欣同款高级感洋气甜酷风刘海发夹扣发饰,'3122211035558957,小郡主,普通订单,3.93,0,0,0,0,0,0,0,0,0,0,0,-0.02,-0.2,0,0,0,0,0,是-商品卡免佣,0.15,义乌市燃困电子商务商行（个体工商户）,订单结算
2026-04-21 05:27:31,'2026042105272316324856595562,入账,2.63,聚合账户,货款结算入账,精选联盟,'6925532353602813707,'6925532353602813707,'SS76300118932387924860036,2026-04-12 01:41:33,'3782179818351755475,银色金属水钻发扣发夹虞书欣同款高级感洋气甜酷风刘海发夹扣发饰,'3122211035558957,小郡主,普通订单,3.93,0,0,0,0,0,0,0,0,0,0,-1,-0.15,-0.15,0,0,0,0,0,,0,义乌市燃困电子商务商行（个体工商户）,订单结算
2026-04-21 05:27:31,'2026042105272434425943315562,入账,6,聚合账户,货款结算入账,小店自卖,'6925540146503777551,'6925540146503777551,'SS76286025862829023220081,2026-04-12 19:41:34,'3782037403703836681,可爱米菲兔香蕉夹牛仔兔子高马尾少女巨显后脑勺发量百搭盘发发饰,,,普通订单,6.04,0,0,0,0,0,0,0,0,0,0,0,-0.04,0,0,0,0,0,0,是-商品卡免佣,0.29,义乌市燃困电子商务商行（个体工商户）,订单结算
2026-04-21 05:27:31,'2026042105272436789788625562,入账,3.77,聚合账户,货款结算入账,小店自卖,'6951976008487802142,'6951976008487802142,'SS76299536055582725470165,2026-04-11 10:42:26,'3782037403703836681,可爱米菲兔香蕉夹牛仔兔子高马尾少女巨显后脑勺发量百搭盘发发饰,,,普通订单,3.79,0,0,0,0,0,0,0,0,0,0,0,-0.02,0,0,0,0,0,0,是-商品卡免佣,0.15,义乌市燃困电子商务商行（个体工商户）,订单结算
2026-04-21 05:27:47,'2026042105274306301455635562,入账,3.57,聚合账户,货款结算入账,精选联盟,'6925611647651773777,'6925611647651773777,'SS76299404437566594960181,2026-04-15 19:44:40,'3782179818351755475,银色金属水钻发扣发夹虞书欣同款高级感洋气甜酷风刘海发夹扣发饰,'3122211035558957,小郡主,普通订单,3.97,0,0,0,0,0,0,0,0,0,0,0,-0.2,-0.2,0,0,0,0,0,,0,义乌市燃困电子商务商行（个体工商户）,订单结算
2026-04-21 05:27:47,'2026042105273926075510035562,入账,3,聚合账户,货款结算入账,小店自卖,'6925502378886135559,'6925502378886135559,'SS76299260908988336830039,2026-04-11 00:13:50,'3782179818351755475,银色金属水钻发扣发夹虞书欣同款高级感洋气甜酷风刘海发夹扣发饰,,,普通订单,3.02,0,0,0,0,0,0,0,0,0,0,0,-0.02,0,0,0,0,0,0,是-商品卡免佣,0.15,义乌市燃困电子商务商行（个体工商户）,订单结算
2026-04-21 05:27:47,'2026042105274107173576065562,入账,3.57,聚合账户,货款结算入账,精选联盟,'6925584643356327127,'6925584643356327127,'SS76299682697089354700096,2026-04-14 00:03:51,'3782179818351755475,银色金属水钻发扣发夹虞书欣同款高级感洋气甜酷风刘海发夹扣发饰,'3122211035558957,小郡主,普通订单,3.97,0,0,0,0,0,0,0,0,0,0,0,-0.2,-0.2,0,0,0,0,0,,0,义乌市燃困电子商务商行（个体工商户）,订单结算
2026-04-21 05:27:47,'2026042105274234859750505562,入账,3.78,聚合账户,货款结算入账,小店自卖,'6925507994626849985,'6925507994626849985,'SS76299914534497531300088,2026-04-11 14:42:31,'3782209586937856113,日韩风米菲兔牛仔香蕉夹可爱兔子造型高马尾盘发发夹显发量多百搭,,,普通订单,3.8,0,0,0,0,0,0,0,0,0,0,0,-0.02,0,0,0,0,0,0,是-商品卡免佣,0.15,义乌市燃困电子商务商行（个体工商户）,订单结算
2026-04-21 05:27:47,'2026042105274306224327875562,入账,2.85,聚合账户,货款结算入账,小店自卖,'6952077560679110455,'6952077560679110455,'SS76299963073029248350169,2026-04-14 23:22:05,'3782171819000332501,许我耀眼赵露思许妍同款三角抓夹女高级感后脑勺高马尾发夹鲨鱼夹,,,普通订单,2.87,0,0,0,0,0,0,0,0,0,0,0,-0.02,0,0,0,0,0,0,是-商品卡免佣,0.15,义乌市燃困电子商务商行（个体工商户）,订单结算
2026-04-21 05:28:40,'2026042105283437089123845562,入账,3.53,聚合账户,货款结算入账,精选联盟,'6951953405446330219,'6951953405446330219,'SS76299222762513375120058,2026-04-10 21:18:36,'3782179818351755475,银色金属水钻发扣发夹虞书欣同款高级感洋气甜酷风刘海发夹扣发饰,'3122211035558957,小郡主,普通订单,3.93,0,0,0,0,0,0,0,0,0,0,0,-0.2,-0.2,0,0,0,0,0,,0,义乌市燃困电子商务商行（个体工商户）,订单结算
2026-04-21 05:28:40,'2026042105283414436111465562,入账,3.53,聚合账户,货款结算入账,精选联盟,'6925503660909297608,'6925503660909297608,'SS76299221142502116270204,2026-04-10 19:27:13,'3782179818351755475,银色金属水钻发扣发夹虞书欣同款高级感洋气甜酷风刘海发夹扣发饰,'3122211035558957,小郡主,普通订单,3.93,0,0,0,0,0,0,0,0,0,0,0,-0.2,-0.2,0,0,0,0,0,,0,义乌市燃困电子商务商行（个体工商户）,订单结算
2026-04-21 05:28:40,'2026042105283316660936065562,入账,3.52,聚合账户,货款结算入账,小店自卖,'6925503258163314046,'6925503258163314046,'SS76299748829900805270019,2026-04-11 12:34:59,'3782179818351755475,银色金属水钻发扣发夹虞书欣同款高级感洋气甜酷风刘海发夹扣发饰,,,普通订单,3.54,0,0,0,0,0,0,0,0,0,0,0,-0.02,0,0,0,0,0,0,是-商品卡免佣,0.15,义乌市燃困电子商务商行（个体工商户）,订单结算
2026-04-21 05:28:40,'2026042105283615691784195562,入账,4.16,聚合账户,货款结算入账,精选联盟,'6925505073980472771,'6925505073980472771,'SS76299565048080348350154,2026-04-11 10:40:57,'3782016603152056727,时髦回归~头发抓夹女豹纹蝴蝶结鲨鱼夹2025新款发夹高级感发饰秋,'94652267822,小米豆（孕期）,普通订单,4.41,0,0,0,0,0,0,0,0,0,0,0,-0.03,-0.22,0,0,0,0,0,是-商品卡免佣,0.22,义乌市燃困电子商务商行（个体工商户）,订单结算
2026-04-21 05:28:40,'2026042105283603191611145562,入账,3.95,聚合账户,货款结算入账,小店自卖,'6925577387965644313,'6925577387965644313,'SS76301048531338693310209,2026-04-13 20:13:47,'3782179818351755475,银色金属水钻发扣发夹虞书欣同款高级感洋气甜酷风刘海发夹扣发饰,,,普通订单,3.97,0,0,0,0,0,0,0,0,0,0,0,-0.02,0,0,0,0,0,0,是-商品卡免佣,0.15,义乌市燃困电子商务商行（个体工商户）,订单结算
2026-04-21 05:30:03,'2026042105295815778001925562,入账,3.53,聚合账户,货款结算入账,精选联盟,'6951955324311639739,'6951955324311639739,'SS76299222736509220190050,2026-04-10 21:03:01,'3782179818351755475,银色金属水钻发扣发夹虞书欣同款高级感洋气甜酷风刘海发夹扣发饰,'3122211035558957,小郡主,普通订单,3.93,0,0,0,0,0,0,0,0,0,0,0,-0.2,-0.2,0,0,0,0,0,,0,义乌市燃困电子商务商行（个体工商户）,订单结算
2026-04-21 05:30:03,'2026042105300003444413945562,入账,3.53,聚合账户,货款结算入账,精选联盟,'6925495544920113124,'6925495544920113124,'SS76299222544286195560110,2026-04-10 23:02:23,'3782179818351755475,银色金属水钻发扣发夹虞书欣同款高级感洋气甜酷风刘海发夹扣发饰,'3122211035558957,小郡主,普通订单,3.93,0,0,0,0,0,0,0,0,0,0,0,-0.2,-0.2,0,0,0,0,0,,0,义乌市燃困电子商务商行（个体工商户）,订单结算
2026-04-21 05:30:03,'2026042105295828703340035562,入账,6.52,聚合账户,货款结算入账,小店自卖,'6925622595593600663,'6925622595593600663,'SS76300273711814085580201,2026-04-15 19:21:19,'3814251806100422837,故事里的小黄花~复古五瓣花朵大号抓夹高品质鲨鱼夹盘发夹子2026,,,普通订单,6.56,0,0,0,0,0,0,0,0,0,0,0,-0.04,0,0,0,0,0,0,是-商品卡免佣,0.29,义乌市燃困电子商务商行（个体工商户）,订单结算
2026-04-21 05:30:03,'2026042105295925544504595562,入账,2.56,聚合账户,货款结算入账,精选联盟,'6925503633333321344,'6925503633333321344,'SS76299207968827640700115,2026-04-10 19:05:38,'3782179818351755475,银色金属水钻发扣发夹虞书欣同款高级感洋气甜酷风刘海发夹扣发饰,'3122211035558957,小郡主,普通订单,2.84,0,0,0,0,0,0,0,0,0,0,0,-0.14,-0.14,0,0,0,0,0,,0,义乌市燃困电子商务商行（个体工商户）,订单结算
2026-04-21 05:30:03,'2026042105295835569016665562,入账,3.91,聚合账户,货款结算入账,小店自卖,'6951964425528939573,'6951964425528939573,'SS76299243645995586750047,2026-04-11 01:20:10,'3782179818351755475,银色金属水钻发扣发夹虞书欣同款高级感洋气甜酷风刘海发夹扣发饰,,,普通订单,3.93,0,0,0,0,0,0,0,0,0,0,0,-0.02,0,0,0,0,0,0,是-商品卡免佣,0.15,义乌市燃困电子商务商行（个体工商户）,订单结算
2026-04-21 05:32:48,'2026042105324403660027315562,入账,3.53,聚合账户,货款结算入账,精选联盟,'6951977034451522996,'6951977034451522996,'SS76300469050908024720033,2026-04-11 22:03:02,'3782179818351755475,银色金属水钻发扣发夹虞书欣同款高级感洋气甜酷风刘海发夹扣发饰,'3122211035558957,小郡主,普通订单,3.93,0,0,0,0,0,0,0,0,0,0,0,-0.2,-0.2,0,0,0,0,0,,0,义乌市燃困电子商务商行（个体工商户）,订单结算
2026-04-21 05:32:48,'2026042105324422735754345562,入账,3.91,聚合账户,货款结算入账,小店自卖,'6925510341711003044,'6925510341711003044,'SS76300916772118039550022,2026-04-11 19:55:47,'3782179818351755475,银色金属水钻发扣发夹虞书欣同款高级感洋气甜酷风刘海发夹扣发饰,,,普通订单,3.93,0,0,0,0,0,0,0,0,0,0,0,-0.02,0,0,0,0,0,0,是-商品卡免佣,0.15,义乌市燃困电子商务商行（个体工商户）,订单结算
2026-04-21 05:32:48,'2026042105324433009503265562,入账,3.77,聚合账户,货款结算入账,小店自卖,'6951985299026876245,'6951985299026876245,'SS76299914712329466940166,2026-04-11 14:06:37,'3782037403703836681,可爱米菲兔香蕉夹牛仔兔子高马尾少女巨显后脑勺发量百搭盘发发饰,,,普通订单,3.79,0,0,0,0,0,0,0,0,0,0,0,-0.02,0,0,0,0,0,0,是-商品卡免佣,0.15,义乌市燃困电子商务商行（个体工商户）,订单结算
2026-04-21 05:32:48,'2026042105324421454566595562,入账,2.84,聚合账户,货款结算入账,小店自卖,'6952084176115996216,'6952084176115996216,'SS76300936643829273980187,2026-04-15 00:38:40,'3782325703417135370,许我耀眼赵露思许妍同款爱心抓夹高级感后脑勺盘发鲨鱼夹发夹头饰,,,普通订单,2.86,0,0,0,0,0,0,0,0,0,0,0,-0.02,0,0,0,0,0,0,是-商品卡免佣,0.15,义乌市燃困电子商务商行（个体工商户）,订单结算
2026-04-21 05:32:48,'2026042105324518163633185562,入账,10.88,聚合账户,货款结算入账,小店自卖,'6951994442709407035,'6951994442709407035,'SS76301139217347546110231,2026-04-11 17:55:25,'3782037403703836681,可爱米菲兔香蕉夹牛仔兔子高马尾少女巨显后脑勺发量百搭盘发发饰,,,普通订单,10.95,0,0,0,0,0,0,0,0,0,0,0,-0.07,0,0,0,0,0,0,是-商品卡免佣,0.51,义乌市燃困电子商务商行（个体工商户）,订单结算
2026-04-21 05:33:04,'2026042105330104720397065562,入账,2.88,聚合账户,货款结算入账,小店自卖,'6951975624597575103,'6951975624597575103,'SS76299207104507950580182,2026-04-11 02:11:06,'3782179818351755475,银色金属水钻发扣发夹虞书欣同款高级感洋气甜酷风刘海发夹扣发饰,,,普通订单,2.9,0,0,0,0,0,0,0,0,0,0,0,-0.02,0,0,0,0,0,0,是-商品卡免佣,0.15,义乌市燃困电子商务商行（个体工商户）,订单结算
2026-04-21 05:33:04,'2026042105330138797645065562,入账,3.01,聚合账户,货款结算入账,精选联盟,'6925490678194798111,'6925490678194798111,'SS76299245217388303630112,2026-04-10 20:16:58,'3782179818351755475,银色金属水钻发扣发夹虞书欣同款高级感洋气甜酷风刘海发夹扣发饰,'3122211035558957,小郡主,普通订单,3.35,0,0,0,0,0,0,0,0,0,0,0,-0.17,-0.17,0,0,0,0,0,,0,义乌市燃困电子商务商行（个体工商户）,订单结算
2026-04-21 05:33:04,'2026042105330126950415635562,入账,3.33,聚合账户,货款结算入账,小店自卖,'6925546904459640229,'6925546904459640229,'SS76300105442757391900021,2026-04-12 21:37:12,'3782179818351755475,银色金属水钻发扣发夹虞书欣同款高级感洋气甜酷风刘海发夹扣发饰,,,普通订单,3.35,0,0,0,0,0,0,0,0,0,0,0,-0.02,0,0,0,0,0,0,是-商品卡免佣,0.15,义乌市燃困电子商务商行（个体工商户）,订单结算
2026-04-21 05:33:04,'2026042105330129701125625562,入账,3.01,聚合账户,货款结算入账,精选联盟,'6951964242061956133,'6951964242061956133,'SS76299244623553214070163,2026-04-10 22:49:31,'3782179818351755475,银色金属水钻发扣发夹虞书欣同款高级感洋气甜酷风刘海发夹扣发饰,'3122211035558957,小郡主,普通订单,3.35,0,0,0,0,0,0,0,0,0,0,0,-0.17,-0.17,0,0,0,0,0,,0,义乌市燃困电子商务商行（个体工商户）,订单结算
2026-04-21 05:33:04,'2026042105330104587364345562,入账,2.88,聚合账户,货款结算入账,小店自卖,'6951975735950317348,'6951975735950317348,'SS76299206967730347520126,2026-04-11 05:03:16,'3782179818351755475,银色金属水钻发扣发夹虞书欣同款高级感洋气甜酷风刘海发夹扣发饰,,,普通订单,2.9,0,0,0,0,0,0,0,0,0,0,0,-0.02,0,0,0,0,0,0,是-商品卡免佣,0.15,义乌市燃困电子商务商行（个体工商户）,订单结算
2026-04-21 05:35:55,'2026042105355119473375085562,入账,3.57,聚合账户,货款结算入账,精选联盟,'6952055938858030403,'6952055938858030403,'SS76297749284048904220021,2026-04-14 00:10:53,'3782179818351755475,银色金属水钻发扣发夹虞书欣同款高级感洋气甜酷风刘海发夹扣发饰,'1607921290974931,1郫都区宜源商贸部（个体工商户）,普通订单,3.97,0,0,0,0,0,0,0,0,0,0,0,-0.2,-0.2,0,0,0,0,0,,0,义乌市燃困电子商务商行（个体工商户）,订单结算
2026-04-21 05:35:55,'2026042105355140281912685562,入账,3.53,聚合账户,货款结算入账,精选联盟,'6951971237817947151,'6951971237817947151,'SS76299244099144095120079,2026-04-11 02:38:33,'3782179818351755475,银色金属水钻发扣发夹虞书欣同款高级感洋气甜酷风刘海发夹扣发饰,'3122211035558957,小郡主,普通订单,3.93,0,0,0,0,0,0,0,0,0,0,0,-0.2,-0.2,0,0,0,0,0,,0,义乌市燃困电子商务商行（个体工商户）,订单结算
2026-04-21 05:35:55,'2026042105354901855982505562,入账,3.53,聚合账户,货款结算入账,精选联盟,'6951981993757447697,'6951981993757447697,'SS76299873478700894810014,2026-04-10 22:28:07,'3782179818351755475,银色金属水钻发扣发夹虞书欣同款高级感洋气甜酷风刘海发夹扣发饰,'3122211035558957,小郡主,普通订单,3.93,0,0,0,0,0,0,0,0,0,0,0,-0.2,-0.2,0,0,0,0,0,,0,义乌市燃困电子商务商行（个体工商户）,订单结算
2026-04-21 05:35:55,'2026042105355114859965955562,入账,2.85,聚合账户,货款结算入账,小店自卖,'6925582525936270653,'6925582525936270653,'SS76297867865580836260019,2026-04-13 23:44:24,'3782171819000332501,许我耀眼赵露思许妍同款三角抓夹女高级感后脑勺高马尾发夹鲨鱼夹,,,普通订单,2.87,0,0,0,0,0,0,0,0,0,0,0,-0.02,0,0,0,0,0,0,是-商品卡免佣,0.15,义乌市燃困电子商务商行（个体工商户）,订单结算
2026-04-21 05:35:55,'2026042105355201189361275562,入账,3.33,聚合账户,货款结算入账,小店自卖,'6952050480354629165,'6952050480354629165,'SS76299153045302318460104,2026-04-13 13:24:17,'3782179818351755475,银色金属水钻发扣发夹虞书欣同款高级感洋气甜酷风刘海发夹扣发饰,,,普通订单,3.35,0,0,0,0,0,0,0,0,0,0,0,-0.02,0,0,0,0,0,0,是-商品卡免佣,0.15,义乌市燃困电子商务商行（个体工商户）,订单结算
2026-04-21 05:36:10,'2026042105360740270566495562,入账,3.91,聚合账户,货款结算入账,小店自卖,'6951977539828847624,'6951977539828847624,'SS76299221459001674430079,2026-04-10 20:36:12,'3782179818351755475,银色金属水钻发扣发夹虞书欣同款高级感洋气甜酷风刘海发夹扣发饰,,,普通订单,3.93,0,0,0,0,0,0,0,0,0,0,0,-0.02,0,0,0,0,0,0,是-商品卡免佣,0.15,义乌市燃困电子商务商行（个体工商户）,订单结算
2026-04-21 05:36:10,'2026042105360727442058335562,入账,3.53,聚合账户,货款结算入账,精选联盟,'6925517984195050923,'6925517984195050923,'SS76299899195364480000176,2026-04-11 14:36:38,'3782179818351755475,银色金属水钻发扣发夹虞书欣同款高级感洋气甜酷风刘海发夹扣发饰,'3122211035558957,小郡主,普通订单,3.93,0,0,0,0,0,0,0,0,0,0,0,-0.2,-0.2,0,0,0,0,0,,0,义乌市燃困电子商务商行（个体工商户）,订单结算
2026-04-21 05:36:10,'2026042105360636041405535562,入账,3.76,聚合账户,货款结算入账,小店自卖,'6925499954226953898,'6925499954226953898,'SS76299244599631874920037,2026-04-10 23:18:41,'3782032949856305462,虞书欣同款发夹小发扣金属圆形水钻刘海前额侧边边夹抓夹发卡夹子,,,普通订单,3.78,0,0,0,0,0,0,0,0,0,0,0,-0.02,0,0,0,0,0,0,是-商品卡免佣,0.15,义乌市燃困电子商务商行（个体工商户）,订单结算
2026-04-21 05:36:10,'2026042105360722625979395562,入账,4.69,聚合账户,货款结算入账,小店自卖,'6925533830141148405,'6925533830141148405,'SS76299921451763963030241,2026-04-12 16:05:33,'3782179818351755475,银色金属水钻发扣发夹虞书欣同款高级感洋气甜酷风刘海发夹扣发饰,,,普通订单,4.72,0,0,0,0,0,0,0,0,0,0,0,-0.03,0,0,0,0,0,0,是-商品卡免佣,0.22,义乌市燃困电子商务商行（个体工商户）,订单结算
2026-04-21 05:36:10,'2026042105360808683855465562,入账,2.87,聚合账户,货款结算入账,小店自卖,'6925513414546718356,'6925513414546718356,'SS76299764339563074920051,2026-04-11 10:23:15,'3782154121554035149,韩系简约灰色绒面宽边发箍高颅顶日常发箍网红爆款2026最新款,,,普通订单,2.89,0,0,0,0,0,0,0,0,0,0,0,-0.02,0,0,0,0,0,0,是-商品卡免佣,0.15,义乌市燃困电子商务商行（个体工商户）,订单结算
2026-04-21 05:36:21,'2026042105361523796618335562,入账,5.78,聚合账户,货款结算入账,小店自卖,'6925489134271102314,'6925489134271102314,'SS76299201622627289940204,2026-04-10 21:49:23,'3806659074658009268,春夏复古彩虹格子蝴蝶结大肠发圈女丸子马尾头绳2026新款韩式发绳,,,普通订单,5.81,0,0,0,0,0,0,0,0,0,0,0,-0.03,0,0,0,0,0,0,是-商品卡免佣,0.22,义乌市燃困电子商务商行（个体工商户）,订单结算
2026-04-21 05:36:21,'2026042105361825555602385562,入账,2.87,聚合账户,货款结算入账,小店自卖,'6951977260933388180,'6951977260933388180,'SS76298956957106839400073,2026-04-10 17:39:46,'3782193222986629380,复古波点褶皱香蕉夹高级感马尾扭扭竖夹后脑勺显发量横夹发卡抓夹,,,普通订单,2.89,0,0,0,0,0,0,0,0,0,0,0,-0.02,0,0,0,0,0,0,是-商品卡免佣,0.15,义乌市燃困电子商务商行（个体工商户）,订单结算
2026-04-21 05:36:21,'2026042105361813717058665562,入账,3.01,聚合账户,货款结算入账,精选联盟,'6925523281146183036,'6925523281146183036,'SS76300336594639424350248,2026-04-11 21:57:22,'3782179818351755475,银色金属水钻发扣发夹虞书欣同款高级感洋气甜酷风刘海发夹扣发饰,'3122211035558957,小郡主,普通订单,3.35,0,0,0,0,0,0,0,0,0,0,0,-0.17,-0.17,0,0,0,0,0,,0,义乌市燃困电子商务商行（个体工商户）,订单结算
2026-04-21 05:36:21,'2026042105361637974510185562,入账,4.62,聚合账户,货款结算入账,小店自卖,'6952071492186084443,'6952071492186084443,'SS76299156689406080350007,2026-04-14 10:29:15,'3782108139843878924,秋冬宽边绒面发箍女2025新款压发洗脸发卡发箍网红爆款2026最新款,,,普通订单,4.65,0,0,0,0,0,0,0,0,0,0,0,-0.03,0,0,0,0,0,0,是-商品卡免佣,0.22,义乌市燃困电子商务商行（个体工商户）,订单结算
2026-04-21 05:36:21,'2026042105361801984432735562,入账,3.57,聚合账户,货款结算入账,精选联盟,'6952116636220200506,'6952116636220200506,'SS76299967359067305590088,2026-04-15 23:08:19,'3782179818351755475,银色金属水钻发扣发夹虞书欣同款高级感洋气甜酷风刘海发夹扣发饰,'3122211035558957,小郡主,普通订单,3.97,0,0,0,0,0,0,0,0,0,0,0,-0.2,-0.2,0,0,0,0,0,,0,义乌市燃困电子商务商行（个体工商户）,订单结算
2026-04-21 05:36:31,'2026042105362718502456415562,入账,5.32,聚合账户,货款结算入账,小店自卖,'6925486135337647692,'6925486135337647692,'SS76300005589464844990214,2026-04-10 16:51:56,'3782108139843878924,秋冬宽边绒面发箍女2025新款压发洗脸发卡发箍网红爆款2026最新款,,,普通订单,5.35,0,0,0,0,0,0,0,0,0,0,0,-0.03,0,0,0,0,0,0,是-商品卡免佣,0.22,义乌市燃困电子商务商行（个体工商户）,订单结算
2026-04-21 05:36:34,'2026042105363020896363985562,入账,3.91,聚合账户,货款结算入账,小店自卖,'6925560146580831465,'6925560146580831465,'SS76300966118463780200123,2026-04-12 21:19:03,'3782179818351755475,银色金属水钻发扣发夹虞书欣同款高级感洋气甜酷风刘海发夹扣发饰,,,普通订单,3.93,0,0,0,0,0,0,0,0,0,0,0,-0.02,0,0,0,0,0,0,是-商品卡免佣,0.15,义乌市燃困电子商务商行（个体工商户）,订单结算
2026-04-21 05:36:34,'2026042105362907816481555562,入账,5.75,聚合账户,货款结算入账,精选联盟,'6952004798057944607,'6952004798057944607,'SS76299633400478108500072,2026-04-12 16:06:35,'3782209586937856113,日韩风米菲兔牛仔香蕉夹可爱兔子造型高马尾盘发发夹显发量多百搭,'0,,普通订单,3.39,0,0,3,0,0,0,0,0,0,0,0,-0.32,0,0,0,0,-0.32,0,,0,义乌市燃困电子商务商行（个体工商户）,订单结算
2026-04-21 05:36:34,'2026042105363102068198675562,入账,4.65,聚合账户,货款结算入账,精选联盟,'6952063431824119229,'6952063431824119229,'SS76299097499014804830019,2026-04-14 17:26:39,'3782179818351755475,银色金属水钻发扣发夹虞书欣同款高级感洋气甜酷风刘海发夹扣发饰,'3122211035558957,小郡主,普通订单,5.17,0,0,0,0,0,0,0,0,0,0,0,-0.26,-0.26,0,0,0,0,0,,0,义乌市燃困电子商务商行（个体工商户）,订单结算
2026-04-21 05:36:34,'2026042105362925235011025562,入账,3.95,聚合账户,货款结算入账,小店自卖,'6952055950386141056,'6952055950386141056,'SS76299337156863101710008,2026-04-14 00:35:36,'3782179818351755475,银色金属水钻发扣发夹虞书欣同款高级感洋气甜酷风刘海发夹扣发饰,,,普通订单,3.97,0,0,0,0,0,0,0,0,0,0,0,-0.02,0,0,0,0,0,0,是-商品卡免佣,0.15,义乌市燃困电子商务商行（个体工商户）,订单结算
2026-04-21 05:36:34,'2026042105363104069793745562,入账,6.68,聚合账户,货款结算入账,小店自卖,'6925536252778282408,'6925536252778282408,'SS76299158652329828100133,2026-04-12 16:51:27,'3806659074658009268,春夏复古彩虹格子蝴蝶结大肠发圈女丸子马尾头绳2026新款韩式发绳,,,普通订单,4.72,0,0,2,0,0,0,0,0,0,0,0,-0.04,0,0,0,0,0,0,是-商品卡免佣,0.29,义乌市燃困电子商务商行（个体工商户）,订单结算
2026-04-21 05:36:48,'2026042105364423981635075562,入账,2.6,聚合账户,货款结算入账,精选联盟,'6925553536569211949,'6925553536569211949,'SS76297871182324741210179,2026-04-12 17:01:36,'3782179818351755475,银色金属水钻发扣发夹虞书欣同款高级感洋气甜酷风刘海发夹扣发饰,'3122211035558957,小郡主,普通订单,0.01,0,0,2.89,0,0,0,0,0,0,0,0,-0.15,-0.15,0,0,0,0,0,,0,义乌市燃困电子商务商行（个体工商户）,订单结算
2026-04-21 05:36:48,'2026042105364526177538835562,入账,2.86,聚合账户,货款结算入账,小店自卖,'6952105097183434471,'6952105097183434471,'SS76300923548878604860103,2026-04-15 20:08:21,'3782171978056728971,日韩慵懒风亮面三角大抓夹气质百搭后脑勺鲨鱼夹发抓法式复古发饰,,,普通订单,2.47,0,0,0.41,0,0,0,0,0,0,0,0,-0.02,0,0,0,0,0,0,是-商品卡免佣,0.15,义乌市燃困电子商务商行（个体工商户）,订单结算
2026-04-21 05:36:48,'2026042105364416369751315562,入账,5.18,聚合账户,货款结算入账,小店自卖,'6925488829063397119,'6925488829063397119,'SS76298949989649129480081,2026-04-10 19:39:17,'3782193222986629380,复古波点褶皱香蕉夹高级感马尾扭扭竖夹后脑勺显发量横夹发卡抓夹,,,普通订单,4.92,0,0,0.29,0,0,0,0,0,0,0,0,-0.03,0,0,0,0,0,0,是-商品卡免佣,0.22,义乌市燃困电子商务商行（个体工商户）,订单结算
2026-04-21 05:36:48,'2026042105364407518295505562,入账,3.56,聚合账户,货款结算入账,小店自卖,'6951987046918722945,'6951987046918722945,'SS76299551486183347740114,2026-04-11 10:03:20,'3782039742330306819,kitty香蕉夹女2025新款高级感大号马尾夹发夹竖夹后脑勺盘发饰抓,,,普通订单,0.01,0,0,3.57,0,0,0,0,0,0,0,0,-0.02,0,0,0,0,0,0,是-商品卡免佣,0.15,义乌市燃困电子商务商行（个体工商户）,订单结算
2026-04-21 05:36:48,'2026042105364415698990175562,入账,2.6,聚合账户,货款结算入账,精选联盟,'6925502132697202219,'6925502132697202219,'SS76299204996820016900100,2026-04-10 22:22:24,'3782179818351755475,银色金属水钻发扣发夹虞书欣同款高级感洋气甜酷风刘海发夹扣发饰,'3122211035558957,小郡主,普通订单,0.01,0,0,2.89,0,0,0,0,0,0,0,0,-0.15,-0.15,0,0,0,0,0,,0,义乌市燃困电子商务商行（个体工商户）,订单结算
2026-04-21 05:37:03,'2026042105370017242852225562,入账,3.91,聚合账户,货款结算入账,小店自卖,'6925495468965789057,'6925495468965789057,'SS76299222723134592260060,2026-04-10 22:37:48,'3782179818351755475,银色金属水钻发扣发夹虞书欣同款高级感洋气甜酷风刘海发夹扣发饰,,,普通订单,3.93,0,0,0,0,0,0,0,0,0,0,0,-0.02,0,0,0,0,0,0,是-商品卡免佣,0.15,义乌市燃困电子商务商行（个体工商户）,订单结算
2026-04-21 05:37:03,'2026042105365912676142175562,入账,2.87,聚合账户,货款结算入账,小店自卖,'6951964400889042189,'6951964400889042189,'SS76298947261961385460240,2026-04-11 00:22:27,'3782193222986629380,复古波点褶皱香蕉夹高级感马尾扭扭竖夹后脑勺显发量横夹发卡抓夹,,,普通订单,2.89,0,0,0,0,0,0,0,0,0,0,0,-0.02,0,0,0,0,0,0,是-商品卡免佣,0.15,义乌市燃困电子商务商行（个体工商户）,订单结算
2026-04-21 05:37:03,'2026042105370030790825425562,入账,3.89,聚合账户,货款结算入账,小店自卖,'6925532787602783390,'6925532787602783390,'SS76299627280022451720070,2026-04-12 09:42:30,'3782211521745125558,百搭盘发发饰可爱米菲兔香蕉夹牛仔兔子高马尾少女巨显后脑勺发量,,,普通订单,3.91,0,0,0,0,0,0,0,0,0,0,0,-0.02,0,0,0,0,0,0,是-商品卡免佣,0.15,义乌市燃困电子商务商行（个体工商户）,订单结算
2026-04-21 05:37:03,'2026042105370021542712415562,入账,2.86,聚合账户,货款结算入账,小店自卖,'6925630378117594605,'6925630378117594605,'SS76300311431653299290001,2026-04-16 09:49:32,'3782173807536636302,许我耀眼赵露思许妍同款三角抓夹后脑勺盘发鲨鱼夹高马尾发夹发饰,,,普通订单,0.88,0,0,2,0,0,0,0,0,0,0,0,-0.02,0,0,0,0,0,0,是-商品卡免佣,0.15,义乌市燃困电子商务商行（个体工商户）,订单结算
2026-04-21 05:37:03,'2026042105370007606930025562,入账,3.91,聚合账户,货款结算入账,小店自卖,'6951980438764983598,'6951980438764983598,'SS76299876604017382800108,2026-04-11 11:41:57,'3782179818351755475,银色金属水钻发扣发夹虞书欣同款高级感洋气甜酷风刘海发夹扣发饰,,,普通订单,2.93,0,0,1,0,0,0,0,0,0,0,0,-0.02,0,0,0,0,0,0,是-商品卡免佣,0.15,义乌市燃困电子商务商行（个体工商户）,订单结算
2026-04-21 05:37:03,'2026042105370038760455875562,入账,3.72,聚合账户,货款结算入账,小店自卖,'6951948739645478575,'6951948739645478575,'SS76299222420967267900012,2026-04-10 23:10:45,'3782179818351755475,银色金属水钻发扣发夹虞书欣同款高级感洋气甜酷风刘海发夹扣发饰,,,普通订单,3.28,0,0,0.46,0,0,0,0,0,0,0,0,-0.02,0,0,0,0,0,0,是-商品卡免佣,0.15,义乌市燃困电子商务商行（个体工商户）,订单结算
2026-04-21 05:37:03,'2026042105370016620915635562,入账,5,聚合账户,货款结算入账,精选联盟,'6952051052686152717,'6952051052686152717,'SS76298943897674058870160,2026-04-13 18:54:01,'3783425060484809246,网红爆款发卡洋气蓝色碎发夹女边夹侧边刘海夹子头饰2025新款bb夹,'0,,普通订单,6.02,0,0,0,0,0,0,0,0,0,0,0,-0.3,0,0,0,0,-0.72,0,,0,义乌市燃困电子商务商行（个体工商户）,订单结算
2026-04-21 05:37:03,'2026042105370110570020305562,入账,3.91,聚合账户,货款结算入账,小店自卖,'6951998243931953110,'6951998243931953110,'SS76300775410423772560175,2026-04-12 19:29:13,'3782179818351755475,银色金属水钻发扣发夹虞书欣同款高级感洋气甜酷风刘海发夹扣发饰,,,普通订单,3.93,0,0,0,0,0,0,0,0,0,0,0,-0.02,0,0,0,0,0,0,是-商品卡免佣,0.15,义乌市燃困电子商务商行（个体工商户）,订单结算
2026-04-21 05:37:03,'2026042105370038046600095562,入账,2.85,聚合账户,货款结算入账,小店自卖,'6952034815450945318,'6952034815450945318,'SS76298400066563448950242,2026-04-13 12:42:38,'3782171819000332501,许我耀眼赵露思许妍同款三角抓夹女高级感后脑勺高马尾发夹鲨鱼夹,,,普通订单,2.87,0,0,0,0,0,0,0,0,0,0,0,-0.02,0,0,0,0,0,0,是-商品卡免佣,0.15,义乌市燃困电子商务商行（个体工商户）,订单结算
2026-04-21 05:41:14,'2026042105411038013056105562,入账,2.91,聚合账户,货款结算入账,小店自卖,'6925490682427178398,'6925490682427178398,'SS76299221061805509660236,2026-04-10 20:15:25,'3782179818351755475,银色金属水钻发扣发夹虞书欣同款高级感洋气甜酷风刘海发夹扣发饰,,,普通订单,2.93,0,0,0,0,0,0,0,0,0,0,0,-0.02,0,0,0,0,0,0,是-商品卡免佣,0.15,义乌市燃困电子商务商行（个体工商户）,订单结算
2026-04-21 05:43:41,'2026042105433724793915305562,入账,3.91,聚合账户,货款结算入账,小店自卖,'6925510783196953919,'6925510783196953919,'SS76299243922951539470095,2026-04-11 00:54:32,'3782179818351755475,银色金属水钻发扣发夹虞书欣同款高级感洋气甜酷风刘海发夹扣发饰,,,普通订单,3.93,0,0,0,0,0,0,0,0,0,0,0,-0.02,0,0,0,0,0,0,是-商品卡免佣,0.15,义乌市燃困电子商务商行（个体工商户）,订单结算
2026-04-21 05:45:30,'2026042105452526899953105562,入账,3.35,聚合账户,货款结算入账,小店自卖,'6951959415657994124,'6951959415657994124,'SS76299898168929815540153,2026-04-10 16:26:14,'3789769309207789754,2025新款秋冬橡皮筋高弹力发绳可爱头绳洋气发圈马尾发饰高级头饰,,,普通订单,3.37,0,0,0,0,0,0,0,0,0,0,0,-0.02,0,0,0,0,0,0,是-商品卡免佣,0.15,义乌市燃困电子商务商行（个体工商户）,订单结算
2026-04-21 05:51:44,'2026042105514039220884575562,入账,3.01,聚合账户,货款结算入账,精选联盟,'6951969955652048182,'6951969955652048182,'SS76299748452623982420032,2026-04-11 13:08:53,'3782179818351755475,银色金属水钻发扣发夹虞书欣同款高级感洋气甜酷风刘海发夹扣发饰,'91505067155,悦己好物,普通订单,3.35,0,0,0,0,0,0,0,0,0,0,0,-0.17,-0.17,0,0,0,0,0,,0,义乌市燃困电子商务商行（个体工商户）,订单结算
2026-04-21 05:52:13,'2026042105520639605744735562,入账,2.93,聚合账户,货款结算入账,小店自卖,'6951986912906843944,'6951986912906843944,'SS76300003652155973630065,2026-04-11 08:30:39,'3789769309207789754,2025新款秋冬橡皮筋高弹力发绳可爱头绳洋气发圈马尾发饰高级头饰,,,普通订单,2.95,0,0,0,0,0,0,0,0,0,0,0,-0.02,0,0,0,0,0,0,是-商品卡免佣,0.15,义乌市燃困电子商务商行（个体工商户）,订单结算
2026-04-21 05:53:32,'2026042105532835151547385562,入账,3.12,聚合账户,货款结算入账,小店自卖,'6952101146751341588,'6952101146751341588,'SS76300966932411359260052,2026-04-15 21:16:08,'3789769309207789754,2025新款百搭橡皮筋高弹力发绳可爱头绳洋气发圈马尾发饰高级头饰,,,普通订单,0.27,0,0,3.01,0,0,0,0,0,0,0,0,-0.16,0,0,0,0,0,0,,0,义乌市燃困电子商务商行（个体工商户）,订单结算
2026-04-21 05:57:29,'2026042105572505376909305562,入账,3.35,聚合账户,货款结算入账,小店自卖,'6951986874812929305,'6951986874812929305,'SS76298947772709811720198,2026-04-11 07:56:02,'3789769309207789754,2025新款秋冬橡皮筋高弹力发绳可爱头绳洋气发圈马尾发饰高级头饰,,,普通订单,3.37,0,0,0,0,0,0,0,0,0,0,0,-0.02,0,0,0,0,0,0,是-商品卡免佣,0.15,义乌市燃困电子商务商行（个体工商户）,订单结算
2026-04-21 05:58:02,'2026042105575517167201795562,入账,3.35,聚合账户,货款结算入账,小店自卖,'6951980470387283620,'6951980470387283620,'SS76299761201081884420204,2026-04-11 12:24:38,'3789769309207789754,2025新款秋冬橡皮筋高弹力发绳可爱头绳洋气发圈马尾发饰高级头饰,,,普通订单,0.87,0,0,0,0,0,0,0,2.5,0,0,0,-0.02,0,0,0,0,0,0,是-商品卡免佣,0.15,义乌市燃困电子商务商行（个体工商户）,订单结算
2026-04-21 06:02:11,'2026042106020506673413385562,入账,3.66,聚合账户,货款结算入账,小店自卖,'6925590114350759196,'6925590114350759196,'SS76298837445861913860220,2026-04-14 20:14:12,'3782173807536636302,许我耀眼赵露思许妍同款三角抓夹后脑勺盘发鲨鱼夹高马尾发夹发饰,,,普通订单,3.68,0,0,0,0,0,0,0,0,0,0,0,-0.02,0,0,0,0,0,0,是-商品卡免佣,0.15,义乌市燃困电子商务商行（个体工商户）,订单结算
2026-04-21 06:06:34,'2026042106062500469732305562,入账,3.91,聚合账户,货款结算入账,小店自卖,'6951967122722002679,'6951967122722002679,'SS76299245429741002500119,2026-04-11 09:26:11,'3782179818351755475,银色金属水钻发扣发夹虞书欣同款高级感洋气甜酷风刘海发夹扣发饰,,,普通订单,1.93,0,0,2,0,0,0,0,0,0,0,0,-0.02,0,0,0,0,0,0,是-商品卡免佣,0.15,义乌市燃困电子商务商行（个体工商户）,订单结算
2026-04-21 06:09:38,'2026042106093019422420745562,入账,3.35,聚合账户,货款结算入账,小店自卖,'6951973569544329022,'6951973569544329022,'SS76298946290763207740193,2026-04-11 04:44:28,'3789769309207789754,2025新款秋冬橡皮筋高弹力发绳可爱头绳洋气发圈马尾发饰高级头饰,,,普通订单,3.37,0,0,0,0,0,0,0,0,0,0,0,-0.02,0,0,0,0,0,0,是-商品卡免佣,0.15,义乌市燃困电子商务商行（个体工商户）,订单结算
2026-04-21 06:09:38,'2026042106093200846564305562,入账,3.72,聚合账户,货款结算入账,小店自卖,'6925490622286233454,'6925490622286233454,'SS76299221175718546350090,2026-04-10 20:09:49,'3782179818351755475,银色金属水钻发扣发夹虞书欣同款高级感洋气甜酷风刘海发夹扣发饰,,,普通订单,3.74,0,0,0,0,0,0,0,0,0,0,0,-0.02,0,0,0,0,0,0,是-商品卡免佣,0.15,义乌市燃困电子商务商行（个体工商户）,订单结算
2026-04-21 06:09:48,'2026042106093540699174665562,入账,6.46,聚合账户,货款结算入账,小店自卖,'6951975529932527163,'6951975529932527163,'SS76300009066620851260162,2026-04-10 23:43:21,'3788646572401754299,虞书欣同款发夹金属圆形水钻发扣刘海前额侧边边夹抓夹发卡发饰,,,普通订单,6.5,0,0,0,0,0,0,0,0,0,0,0,-0.04,0,0,0,0,0,0,是-商品卡免佣,0.29,义乌市燃困电子商务商行（个体工商户）,订单结算
2026-04-21 06:11:45,'2026042106113429079477855562,入账,3.35,聚合账户,货款结算入账,小店自卖,'6925510964856651677,'6925510964856651677,'SS76298946514320594460191,2026-04-11 06:20:57,'3789769309207789754,2025新款秋冬橡皮筋高弹力发绳可爱头绳洋气发圈马尾发饰高级头饰,,,普通订单,3.37,0,0,0,0,0,0,0,0,0,0,0,-0.02,0,0,0,0,0,0,是-商品卡免佣,0.15,义乌市燃困电子商务商行（个体工商户）,订单结算
2026-04-21 06:21:33,'2026042106212116709061395562,入账,3.6,聚合账户,货款结算入账,小店自卖,'6925502759487504261,'6925502759487504261,'SS76299164557737828300035,2026-04-11 08:03:22,'3782030450160173247,百搭秋冬复古侧边刘海夹子碎发夹女边夹头饰2025新款前额bb夹掰掰,,,普通订单,3.62,0,0,0,0,0,0,0,0,0,0,0,-0.02,0,0,0,0,0,0,是-商品卡免佣,0.15,义乌市燃困电子商务商行（个体工商户）,订单结算
2026-04-21 06:24:36,'2026042106242540150474435562,入账,3.01,聚合账户,货款结算入账,精选联盟,'6925493939407585131,'6925493939407585131,'SS76299260935207985050216,2026-04-11 01:53:33,'3782179818351755475,银色金属水钻发扣发夹虞书欣同款高级感洋气甜酷风刘海发夹扣发饰,'3122211035558957,小郡主,普通订单,3.35,0,0,0,0,0,0,0,0,0,0,0,-0.17,-0.17,0,0,0,0,0,,0,义乌市燃困电子商务商行（个体工商户）,订单结算
2026-04-21 06:25:36,'2026042106252709333519865562,入账,3.53,聚合账户,货款结算入账,精选联盟,'6951991549857502273,'6951991549857502273,'SS76299876475487854490079,2026-04-11 12:24:45,'3782179818351755475,银色金属水钻发扣发夹虞书欣同款高级感洋气甜酷风刘海发夹扣发饰,'3122211035558957,小郡主,普通订单,3.93,0,0,0,0,0,0,0,0,0,0,0,-0.2,-0.2,0,0,0,0,0,,0,义乌市燃困电子商务商行（个体工商户）,订单结算
2026-04-21 06:27:51,'2026042106274423803704595562,入账,3.53,聚合账户,货款结算入账,精选联盟,'6951988630437434935,'6951988630437434935,'SS76299317786399050390150,2026-04-12 08:28:43,'3782179818351755475,银色金属水钻发扣发夹虞书欣同款高级感洋气甜酷风刘海发夹扣发饰,'3122211035558957,小郡主,普通订单,3.93,0,0,0,0,0,0,0,0,0,0,0,-0.2,-0.2,0,0,0,0,0,,0,义乌市燃困电子商务商行（个体工商户）,订单结算
2026-04-21 06:27:59,'2026042106275408281300915562,入账,3.57,聚合账户,货款结算入账,精选联盟,'6952089320530646315,'6952089320530646315,'SS76298869094934126270006,2026-04-15 11:32:44,'3782179818351755475,银色金属水钻发扣发夹虞书欣同款高级感洋气甜酷风刘海发夹扣发饰,'3122211035558957,小郡主,普通订单,3.97,0,0,0,0,0,0,0,0,0,0,0,-0.2,-0.2,0,0,0,0,0,,0,义乌市燃困电子商务商行（个体工商户）,订单结算
2026-04-21 06:27:59,'2026042106275436114276105562,入账,6.54,聚合账户,货款结算入账,小店自卖,'6925619314232491013,'6925619314232491013,'SS76300621351837534870047,2026-04-15 13:18:17,'3814247710857494558,安全不硌头扁平大饼抓夹女后脑勺盘发夹瑜伽运动无痕无压感不伤发,,,普通订单,6.58,0,0,0,0,0,0,0,0,0,0,0,-0.04,0,0,0,0,0,0,是-商品卡免佣,0.29,义乌市燃困电子商务商行（个体工商户）,订单结算
2026-04-21 06:27:59,'2026042106275212398922755562,入账,4.63,聚合账户,货款结算入账,小店自卖,'6925599648477117689,'6925599648477117689,'SS76300367368819345980104,2026-04-15 09:03:24,'3782179818351755475,银色金属水钻发扣发夹虞书欣同款高级感洋气甜酷风刘海发夹扣发饰,,,普通订单,4.66,0,0,0,0,0,0,0,0,0,0,0,-0.03,0,0,0,0,0,0,是-商品卡免佣,0.22,义乌市燃困电子商务商行（个体工商户）,订单结算
2026-04-21 06:27:59,'2026042106275331633252035562,入账,12.51,聚合账户,货款结算入账,小店自卖,'6952089844697666769,'6952089844697666769,'SS76300630671999350190053,2026-04-15 16:11:36,'3814247710857494558,安全不硌头扁平大饼抓夹女后脑勺盘发夹瑜伽运动无痕无压感不伤发,,,普通订单,12.59,0,0,0,0,0,0,0,0,0,0,0,-0.08,0,0,0,0,0,0,是-商品卡免佣,0.59,义乌市燃困电子商务商行（个体工商户）,订单结算
2026-04-21 06:29:49,'2026042106294323155840465562,入账,3.51,聚合账户,货款结算入账,精选联盟,'6951947923612439850,'6951947923612439850,'SS76299241596235123300149,2026-04-10 13:49:49,'3782158083703309205,春夏韩系雾霾紫布艺发箍显白复古头箍发饰发箍2026爆款洋气高级感,'675518124143531,阳光精品铺,普通订单,3.89,0,0,0,0,0,0,0,0,0,0,0,-0.19,-0.19,0,0,0,0,0,,0,义乌市燃困电子商务商行（个体工商户）,订单结算
2026-04-21 06:32:54,'2026042106324812609500625562,入账,3.53,聚合账户,货款结算入账,精选联盟,'6925515753822650025,'6925515753822650025,'SS76299748660913938440200,2026-04-11 12:28:11,'3782179818351755475,银色金属水钻发扣发夹虞书欣同款高级感洋气甜酷风刘海发夹扣发饰,'3122211035558957,小郡主,普通订单,3.93,0,0,0,0,0,0,0,0,0,0,0,-0.2,-0.2,0,0,0,0,0,,0,义乌市燃困电子商务商行（个体工商户）,订单结算
2026-04-21 06:34:08,'2026042106340406892429225562,入账,3.2,聚合账户,货款结算入账,小店自卖,'6925503508171685184,'6925503508171685184,'SS76298940421171121160129,2026-04-10 18:04:08,'3789769309207789754,2025新款秋冬橡皮筋高弹力发绳可爱头绳洋气发圈马尾发饰高级头饰,,,普通订单,3.27,0,0,0,0,0,0,0,0,0.1,0,0,-0.17,0,0,0,0,0,0,,0,义乌市燃困电子商务商行（个体工商户）,订单结算
2026-04-21 06:35:38,'2026042106353411545321155562,入账,3.53,聚合账户,货款结算入账,精选联盟,'6925517844024557479,'6925517844024557479,'SS76299898939529671780226,2026-04-11 13:29:09,'3782179818351755475,银色金属水钻发扣发夹虞书欣同款高级感洋气甜酷风刘海发夹扣发饰,'3122211035558957,小郡主,普通订单,3.93,0,0,0,0,0,0,0,0,0,0,0,-0.2,-0.2,0,0,0,0,0,,0,义乌市燃困电子商务商行（个体工商户）,订单结算
2026-04-21 06:36:12,'2026042106360832219635835562,入账,3.35,聚合账户,货款结算入账,小店自卖,'6925522386877579149,'6925522386877579149,'SS76299906597720394780149,2026-04-11 14:36:24,'3789769309207789754,2025新款秋冬橡皮筋高弹力发绳可爱头绳洋气发圈马尾发饰高级头饰,,,普通订单,3.37,0,0,0,0,0,0,0,0,0,0,0,-0.02,0,0,0,0,0,0,是-商品卡免佣,0.15,义乌市燃困电子商务商行（个体工商户）,订单结算
2026-04-21 06:41:21,'2026042106411713558625785562,入账,3.2,聚合账户,货款结算入账,小店自卖,'6951948193473369703,'6951948193473369703,'SS76298940062252733900009,2026-04-10 16:39:09,'3789769309207789754,2025新款秋冬橡皮筋高弹力发绳可爱头绳洋气发圈马尾发饰高级头饰,,,普通订单,3.37,0,0,0,0,0,0,0,0,0,0,0,-0.17,0,0,0,0,0,0,,0,义乌市燃困电子商务商行（个体工商户）,订单结算
2026-04-21 06:41:39,'2026042106413640062820345562,入账,3.01,聚合账户,货款结算入账,精选联盟,'6951943842471942041,'6951943842471942041,'SS76299243269739484590127,2026-04-10 17:54:29,'3782179818351755475,银色金属水钻发扣发夹虞书欣同款高级感洋气甜酷风刘海发夹扣发饰,'3122211035558957,小郡主,普通订单,3.35,0,0,0,0,0,0,0,0,0,0,0,-0.17,-0.17,0,0,0,0,0,,0,义乌市燃困电子商务商行（个体工商户）,订单结算
2026-04-21 06:42:27,'2026042106422138494418335562,入账,4.47,聚合账户,货款结算入账,小店自卖,'6925499442580323982,'6925499442580323982,'SS76299157863712691600203,2026-04-10 19:55:36,'3782206591290442095,气质豹纹三角抓夹女款2025新款复古秋冬鲨鱼夹后脑勺盘发发夹发饰,,,普通订单,4.5,0,0,0,0,0,0,0,0,0,0,0,-0.03,0,0,0,0,0,0,是-商品卡免佣,0.22,义乌市燃困电子商务商行（个体工商户）,订单结算
2026-04-21 06:42:56,'2026042106425032823588355562,入账,3.87,聚合账户,货款结算入账,小店自卖,'6951948762692195501,'6951948762692195501,'SS76299209952608957530082,2026-04-10 22:53:23,'3782158083703309205,春夏韩系雾霾紫布艺发箍显白复古头箍发饰发箍2026爆款洋气高级感,,,普通订单,3.89,0,0,0,0,0,0,0,0,0,0,0,-0.02,0,0,0,0,0,0,是-商品卡免佣,0.15,义乌市燃困电子商务商行（个体工商户）,订单结算
2026-04-21 06:45:22,'2026042106451721733258395562,入账,3.53,聚合账户,货款结算入账,精选联盟,'6925544282450656723,'6925544282450656723,'SS76300144524318807550149,2026-04-12 17:17:15,'3782179818351755475,银色金属水钻发扣发夹虞书欣同款高级感洋气甜酷风刘海发夹扣发饰,'1607921290974931,1郫都区宜源商贸部（个体工商户）,普通订单,3.93,0,0,0,0,0,0,0,0,0,0,0,-0.2,-0.2,0,0,0,0,0,,0,义乌市燃困电子商务商行（个体工商户）,订单结算
2026-04-21 06:48:26,'2026042106481734530598825562,入账,2.6,聚合账户,货款结算入账,精选联盟,'6925508857426443892,'6925508857426443892,'SS76299207249662610420117,2026-04-11 09:25:12,'3782179818351755475,银色金属水钻发扣发夹虞书欣同款高级感洋气甜酷风刘海发夹扣发饰,'3122211035558957,小郡主,普通订单,2.9,0,0,0,0,0,0,0,0,0,0,0,-0.15,-0.15,0,0,0,0,0,,0,义乌市燃困电子商务商行（个体工商户）,订单结算
2026-04-21 07:16:10,'2026042107160512016563665562,入账,2.29,聚合账户,货款结算入账,小店自卖,'6925503143126007389,'6925503143126007389,'SS76299906542523069860170,2026-04-11 11:30:33,'3789769309207789754,2025新款秋冬橡皮筋高弹力发绳可爱头绳洋气发圈马尾发饰高级头饰,,,普通订单,2,0,0,0.3,0,0,0,0,0,0,0,0,-0.01,0,0,0,0,0,0,是-商品卡免佣,0.07,义乌市燃困电子商务商行（个体工商户）,订单结算
2026-04-21 07:22:19,'2026042107221518168061985562,入账,3.2,聚合账户,货款结算入账,小店自卖,'6925490640034692848,'6925490640034692848,'SS76298941269892964240206,2026-04-10 20:10:27,'3789769309207789754,2025新款秋冬橡皮筋高弹力发绳可爱头绳洋气发圈马尾发饰高级头饰,,,普通订单,0.37,0,0,3,0,0,0,0,0,0,0,0,-0.17,0,0,0,0,0,0,,0,义乌市燃困电子商务商行（个体工商户）,订单结算
2026-04-21 07:23:39,'2026042107233429667172275562,入账,1.79,聚合账户,货款结算入账,小店自卖,'6951955135573136814,'6951955135573136814,'SS76298949106359017050200,2026-04-10 18:38:58,'3792527296510951799,新款秋冬糖果色字母球发圈女高颜值马尾头绳可爱不勒无痕发绳发饰,,,普通订单,0.8,0,0,1,0,0,0,0,0,0,0,0,-0.01,0,0,0,0,0,0,是-商品卡免佣,0.07,义乌市燃困电子商务商行（个体工商户）,订单结算
2026-04-21 07:43:48,'2026042107434608643712435562,入账,2.86,聚合账户,货款结算入账,小店自卖,'6925524724121173280,'6925524724121173280,'SS76299905471474775390146,2026-04-11 14:20:30,'3782179818351755475,银色金属水钻发扣发夹虞书欣同款高级感洋气甜酷风刘海发夹扣发饰,,,普通订单,2.88,0,0,0,0,0,0,0,0,0,0,0,-0.02,0,0,0,0,0,0,是-商品卡免佣,0.15,义乌市燃困电子商务商行（个体工商户）,订单结算
2026-04-21 07:43:48,'2026042107434540022062505562,入账,2.6,聚合账户,货款结算入账,精选联盟,'6925499777918991381,'6925499777918991381,'SS76299204542005908480100,2026-04-10 22:10:53,'3782179818351755475,银色金属水钻发扣发夹虞书欣同款高级感洋气甜酷风刘海发夹扣发饰,'3122211035558957,小郡主,普通订单,2.9,0,0,0,0,0,0,0,0,0,0,0,-0.15,-0.15,0,0,0,0,0,,0,义乌市燃困电子商务商行（个体工商户）,订单结算
2026-04-21 07:43:49,'2026042107434612794923525562,入账,2.95,聚合账户,货款结算入账,小店自卖,'6951716980630099695,'6951716980630099695,'SS76300222897300446720072,2026-03-31 19:38:52,'3782179818351755475,银色金属水钻发扣发夹虞书欣同款高级感洋气甜酷风刘海发夹扣发饰,,,普通订单,2.97,0,0,0,0,0,0,0,0,0,0,0,-0.02,0,0,0,0,0,0,是-商品卡免佣,0.15,义乌市燃困电子商务商行（个体工商户）,订单结算
2026-04-21 07:43:49,'2026042107434620221299555562,入账,3.92,聚合账户,货款结算入账,精选联盟,'6952061041531753963,'6952061041531753963,'SS76298866415574103190242,2026-04-14 12:19:17,'3782179818351755475,银色金属水钻发扣发夹虞书欣同款高级感洋气甜酷风刘海发夹扣发饰,'3122211035558957,小郡主,普通订单,4.36,0,0,0,0,0,0,0,0,0,0,0,-0.22,-0.22,0,0,0,0,0,,0,义乌市燃困电子商务商行（个体工商户）,订单结算
2026-04-21 07:43:49,'2026042107434610117946885562,入账,3.01,聚合账户,货款结算入账,精选联盟,'6951959646514648374,'6951959646514648374,'SS76299244705901289020041,2026-04-10 19:05:56,'3782179818351755475,银色金属水钻发扣发夹虞书欣同款高级感洋气甜酷风刘海发夹扣发饰,'3122211035558957,小郡主,普通订单,3.35,0,0,0,0,0,0,0,0,0,0,0,-0.17,-0.17,0,0,0,0,0,,0,义乌市燃困电子商务商行（个体工商户）,订单结算
2026-04-21 07:44:03,'2026042107440132592530195562,入账,3.35,聚合账户,货款结算入账,小店自卖,'6925511562021666429,'6925511562021666429,'SS76299761174457064960136,2026-04-11 11:19:30,'3789769309207789754,2025新款秋冬橡皮筋高弹力发绳可爱头绳洋气发圈马尾发饰高级头饰,,,普通订单,3.37,0,0,0,0,0,0,0,0,0,0,0,-0.02,0,0,0,0,0,0,是-商品卡免佣,0.15,义乌市燃困电子商务商行（个体工商户）,订单结算
2026-04-21 07:44:03,'2026042107435931550674305562,入账,4.95,聚合账户,货款结算入账,小店自卖,'6952052623527122132,'6952052623526991060,'SS76299539108534028860071,2026-04-13 11:51:55,'3813506247005700584,2026韩系格子方巾大肠发圈高级慵懒风扎方形头发头绳大号发饰,,,普通订单,4.78,0,0,0.2,0,0,0,0,0,0,0,0,-0.03,0,0,0,0,0,0,是-商品卡免佣,0.22,义乌市燃困电子商务商行（个体工商户）,订单结算
2026-04-21 07:44:03,'2026042107440103782784465562,入账,6.03,聚合账户,货款结算入账,精选联盟,'6951964014965364046,'6951964014965364046,'SS76299186704168391940020,2026-04-10 20:55:35,'3782209586937856113,日韩风米菲兔牛仔香蕉夹可爱兔子造型高马尾盘发发夹显发量多百搭,'92690829815,钰霖优选（指尖）,普通订单,3.39,0,0,3,0,0,0,0,0,0,0,0,-0.04,-0.32,0,0,0,0,0,是-商品卡免佣,0.29,义乌市燃困电子商务商行（个体工商户）,订单结算
2026-04-21 07:44:03,'2026042107435828907156755562,入账,2.29,聚合账户,货款结算入账,小店自卖,'6951956921277028061,'6951956921277028061,'SS76298948345154609040201,2026-04-10 13:17:27,'3789769309207789754,2025新款秋冬橡皮筋高弹力发绳可爱头绳洋气发圈马尾发饰高级头饰,,,普通订单,0.3,0,0,2,0,0,0,0,0,0,0,0,-0.01,0,0,0,0,0,0,是-商品卡免佣,0.07,义乌市燃困电子商务商行（个体工商户）,订单结算
2026-04-21 07:44:03,'2026042107440030663153025562,入账,2.23,聚合账户,货款结算入账,小店自卖,'6925645698852551869,'6925645698852551869,'SS76300537215855211620249,2026-04-16 16:32:49,'3782171978056728971,日韩慵懒风亮面三角大抓夹气质百搭后脑勺鲨鱼夹发抓法式复古发饰,,,普通订单,0.01,0,0,2.23,0,0,0,0,0,0,0,0,-0.01,0,0,0,0,0,0,是-商品卡免佣,0.07,义乌市燃困电子商务商行（个体工商户）,订单结算
2026-04-21 07:44:04,'2026042107440009106273795562,入账,4.32,聚合账户,货款结算入账,小店自卖,'6925508760898862418,'6925508760898862418,'SS76300150738520317790120,2026-04-11 08:26:08,'3788640175123464434,懒人金属圆形小发扣女前额侧边水钻刘海夹子发卡公主头编发夹发饰,,,普通订单,0.01,0,0,4.54,0,0,0,0,0,0,0,0,-0.23,0,0,0,0,0,0,,0,义乌市燃困电子商务商行（个体工商户）,订单结算
2026-04-21 07:44:04,'2026042107440110793951235562,入账,2.03,聚合账户,货款结算入账,小店自卖,'6925573599390104981,'6925573599390104981,'SS76299110313985193370146,2026-04-13 22:20:42,'3788640175123464434,懒人金属圆形小发扣女前额侧边水钻刘海夹子发卡公主头编发夹发饰,,,普通订单,0.04,0,0,2,0,0,0,0,0,0,0,0,-0.01,0,0,0,0,0,0,是-商品卡免佣,0.07,义乌市燃困电子商务商行（个体工商户）,订单结算
2026-04-21 07:44:04,'2026042107440038432814235562,入账,3.91,聚合账户,货款结算入账,小店自卖,'6951974279900042631,'6951974279900042631,'SS76299836621546624340037,2026-04-11 14:37:45,'3782179818351755475,银色金属水钻发扣发夹虞书欣同款高级感洋气甜酷风刘海发夹扣发饰,,,普通订单,0.01,0,0,3.92,0,0,0,0,0,0,0,0,-0.02,0,0,0,0,0,0,是-商品卡免佣,0.15,义乌市燃困电子商务商行（个体工商户）,订单结算
2026-04-21 07:44:04,'2026042107440117499594595562,入账,2.81,聚合账户,货款结算入账,小店自卖,'6952060387779351928,'6952060387779351928,'SS76299934549109356030167,2026-04-13 23:46:18,'3806826554969948422,韩系复古气质豹纹颅顶发梳女碎发整理神器倒插梳发夹时尚发卡夹子,,,普通订单,0.01,0,0,2.95,0,0,0,0,0,0,0,0,-0.15,0,0,0,0,0,0,,0,义乌市燃困电子商务商行（个体工商户）,订单结算
2026-04-21 07:44:04,'2026042107440117575777285562,入账,4.32,聚合账户,货款结算入账,小店自卖,'6952121105191671729,'6952121105191671729,'SS76299396627087734160237,2026-04-15 22:07:50,'3806829537606632250,发量少缎面褶皱密齿香蕉夹女后脑勺固定马尾夹竖式扭扭夹发卡发夹,,,普通订单,0.01,0,0,4.54,0,0,0,0,0,0,0,0,-0.23,0,0,0,0,0,0,,0,义乌市燃困电子商务商行（个体工商户）,订单结算
2026-04-21 07:44:48,'2026042107444326686426065562,入账,2.61,聚合账户,货款结算入账,精选联盟,'6951962825698318179,'6951962825698318179,'SS76299760988947297680196,2026-04-11 12:01:34,'3782193222986629380,复古波点褶皱香蕉夹高级感马尾扭扭竖夹后脑勺显发量横夹发卡抓夹,'66906805977,婧婷好物,普通订单,2.89,0,0,0,0,0,0,0,0,0,0,0,-0.14,-0.14,0,0,0,0,0,,0,义乌市燃困电子商务商行（个体工商户）,订单结算
2026-04-21 07:44:48,'2026042107444506674028065562,入账,3.31,聚合账户,货款结算入账,小店自卖,'6925559940267211942,'6925559940267211942,'SS76299989051912194820173,2026-04-13 14:42:11,'3807029917166731596,简约盘发一字扭扭夹女水钻抓夹复古百搭盘发器2026新款后脑勺发夹,,,普通订单,3.33,0,0,0,0,0,0,0,0,0,0,0,-0.02,0,0,0,0,0,0,是-商品卡免佣,0.15,义乌市燃困电子商务商行（个体工商户）,订单结算
2026-04-21 07:44:48,'2026042107444512190397805562,入账,3.77,聚合账户,货款结算入账,小店自卖,'6925492941273464727,'6925492941273464727,'SS76299215774683018640198,2026-04-10 17:46:48,'3782037403703836681,可爱米菲兔香蕉夹牛仔兔子高马尾少女巨显后脑勺发量百搭盘发发饰,,,普通订单,3.79,0,0,0,0,0,0,0,0,0,0,0,-0.02,0,0,0,0,0,0,是-商品卡免佣,0.15,义乌市燃困电子商务商行（个体工商户）,订单结算
2026-04-21 07:44:48,'2026042107444436583017325562,入账,3.26,聚合账户,货款结算入账,小店自卖,'6925638007346986248,'6925638007346986248,'SS76299519289277978120175,2026-04-16 09:27:40,'3789769309207789754,2025新款百搭橡皮筋高弹力发绳可爱头绳洋气发圈马尾发饰高级头饰,,,普通订单,3.28,0,0,0,0,0,0,0,0,0,0,0,-0.02,0,0,0,0,0,0,是-商品卡免佣,0.15,义乌市燃困电子商务商行（个体工商户）,订单结算
2026-04-21 07:44:48,'2026042107444526941524895562,入账,2.67,聚合账户,货款结算入账,精选联盟,'6925577327433251875,'6925577327433251875,'SS76299084974065751390135,2026-04-13 19:59:29,'3782179818351755475,银色金属水钻发扣发夹虞书欣同款高级感洋气甜酷风刘海发夹扣发饰,'3122211035558957,小郡主,普通订单,2.97,0,0,0,0,0,0,0,0,0,0,0,-0.15,-0.15,0,0,0,0,0,,0,义乌市燃困电子商务商行（个体工商户）,订单结算
2026-04-21 07:45:04,'2026042107450131557394325562,入账,3.33,聚合账户,货款结算入账,小店自卖,'6952116689026094550,'6952116689026094550,'SS76301259668070243900233,2026-04-15 23:55:43,'3782179818351755475,银色金属水钻发扣发夹虞书欣同款高级感洋气甜酷风刘海发夹扣发饰,,,普通订单,3.35,0,0,0,0,0,0,0,0,0,0,0,-0.02,0,0,0,0,0,0,是-商品卡免佣,0.15,义乌市燃困电子商务商行（个体工商户）,订单结算
2026-04-21 07:45:04,'2026042107450121224333165562,入账,3.91,聚合账户,货款结算入账,小店自卖,'6925542915102703566,'6925542915102703566,'SS76299204079029788160009,2026-04-12 23:45:05,'3782179818351755475,银色金属水钻发扣发夹虞书欣同款高级感洋气甜酷风刘海发夹扣发饰,,,普通订单,3.93,0,0,0,0,0,0,0,0,0,0,0,-0.02,0,0,0,0,0,0,是-商品卡免佣,0.15,义乌市燃困电子商务商行（个体工商户）,订单结算
2026-04-21 07:45:04,'2026042107450023955054715562,入账,3.91,聚合账户,货款结算入账,小店自卖,'6925521376793296335,'6925521376793296335,'SS76299843459141471140098,2026-04-11 23:10:15,'3782179818351755475,银色金属水钻发扣发夹虞书欣同款高级感洋气甜酷风刘海发夹扣发饰,,,普通订单,3.93,0,0,0,0,0,0,0,0,0,0,0,-0.02,0,0,0,0,0,0,是-商品卡免佣,0.15,义乌市燃困电子商务商行（个体工商户）,订单结算
2026-04-21 07:45:04,'2026042107450135588677465562,入账,3.33,聚合账户,货款结算入账,小店自卖,'6951968449760991007,'6951968449760991007,'SS76299244084383462550023,2026-04-10 17:18:17,'3782179818351755475,银色金属水钻发扣发夹虞书欣同款高级感洋气甜酷风刘海发夹扣发饰,,,普通订单,3.35,0,0,0,0,0,0,0,0,0,0,0,-0.02,0,0,0,0,0,0,是-商品卡免佣,0.15,义乌市燃困电子商务商行（个体工商户）,订单结算
2026-04-21 07:45:04,'2026042107450137299325785562,入账,3.53,聚合账户,货款结算入账,精选联盟,'6952012533129549445,'6952012533129549445,'SS76300338539602742170154,2026-04-11 22:34:53,'3782179818351755475,银色金属水钻发扣发夹虞书欣同款高级感洋气甜酷风刘海发夹扣发饰,'0,,普通订单,3.93,0,0,0,0,0,0,0,0,0,0,0,-0.2,0,0,0,0,-0.2,0,,0,义乌市燃困电子商务商行（个体工商户）,订单结算
2026-04-21 07:45:22,'2026042107451906798876525562,入账,3.52,聚合账户,货款结算入账,小店自卖,'6951980625995437673,'6951980625995437673,'SS76299899075109527560039,2026-04-11 14:07:56,'3782179818351755475,银色金属水钻发扣发夹虞书欣同款高级感洋气甜酷风刘海发夹扣发饰,,,普通订单,3.54,0,0,0,0,0,0,0,0,0,0,0,-0.02,0,0,0,0,0,0,是-商品卡免佣,0.15,义乌市燃困电子商务商行（个体工商户）,订单结算
2026-04-21 07:45:22,'2026042107451836338404475562,入账,2.88,聚合账户,货款结算入账,小店自卖,'6951988325275998018,'6951988325275998018,'SS76300392257604820480201,2026-04-12 00:23:03,'3782179818351755475,银色金属水钻发扣发夹虞书欣同款高级感洋气甜酷风刘海发夹扣发饰,,,普通订单,2.9,0,0,0,0,0,0,0,0,0,0,0,-0.02,0,0,0,0,0,0,是-商品卡免佣,0.15,义乌市燃困电子商务商行（个体工商户）,订单结算
2026-04-21 07:45:22,'2026042107451818692836355562,入账,3.31,聚合账户,货款结算入账,小店自卖,'6925268463641591176,'6925268463641591176,'SS76299001559990771630085,2026-03-31 20:05:25,'3807029917166731596,简约盘发一字扭扭夹女水钻抓夹复古百搭盘发器2026新款后脑勺发夹,,,普通订单,3.33,0,0,0,0,0,0,0,0,0,0,0,-0.02,0,0,0,0,0,0,是-商品卡免佣,0.15,义乌市燃困电子商务商行（个体工商户）,订单结算
2026-04-21 07:45:22,'2026042107451822509368755562,入账,3.91,聚合账户,货款结算入账,小店自卖,'6951982681646634602,'6951982681646634602,'SS76299748618133834340093,2026-04-11 10:39:12,'3782179818351755475,银色金属水钻发扣发夹虞书欣同款高级感洋气甜酷风刘海发夹扣发饰,,,普通订单,3.93,0,0,0,0,0,0,0,0,0,0,0,-0.02,0,0,0,0,0,0,是-商品卡免佣,0.15,义乌市燃困电子商务商行（个体工商户）,订单结算
2026-04-21 07:45:22,'2026042107451803912179665562,入账,3,聚合账户,货款结算入账,小店自卖,'6925501870522989880,'6925501870522989880,'SS76299119839827932560077,2026-04-10 20:56:21,'3782179818351755475,银色金属水钻发扣发夹虞书欣同款高级感洋气甜酷风刘海发夹扣发饰,,,普通订单,3.02,0,0,0,0,0,0,0,0,0,0,0,-0.02,0,0,0,0,0,0,是-商品卡免佣,0.15,义乌市燃困电子商务商行（个体工商户）,订单结算
2026-04-21 07:45:38,'2026042107453409653952465562,入账,3.26,聚合账户,货款结算入账,小店自卖,'6925597158463601682,'6925597158463601682,'SS76301133782660882420104,2026-04-14 23:57:04,'3789769536681673133,M豆新款百搭橡皮筋高弹力发绳可爱头绳洋气发圈马尾发饰高级头饰,,,普通订单,3.28,0,0,0,0,0,0,0,0,0,0,0,-0.02,0,0,0,0,0,0,是-商品卡免佣,0.15,义乌市燃困电子商务商行（个体工商户）,订单结算
2026-04-21 07:45:38,'2026042107453620556355085562,入账,3.18,聚合账户,货款结算入账,精选联盟,'6951982026351384196,'6951982026351384196,'SS76299222482164124310128,2026-04-10 22:58:54,'3782179818351755475,银色金属水钻发扣发夹虞书欣同款高级感洋气甜酷风刘海发夹扣发饰,'3122211035558957,小郡主,普通订单,3.54,0,0,0,0,0,0,0,0,0,0,0,-0.18,-0.18,0,0,0,0,0,,0,义乌市燃困电子商务商行（个体工商户）,订单结算
2026-04-21 07:45:38,'2026042107453524998879125562,入账,3.53,聚合账户,货款结算入账,精选联盟,'6951957835160164186,'6951957835160164186,'SS76299223545667264410146,2026-04-10 23:35:35,'3782179818351755475,银色金属水钻发扣发夹虞书欣同款高级感洋气甜酷风刘海发夹扣发饰,'3122211035558957,小郡主,普通订单,3.93,0,0,0,0,0,0,0,0,0,0,0,-0.2,-0.2,0,0,0,0,0,,0,义乌市燃困电子商务商行（个体工商户）,订单结算
2026-04-21 07:45:38,'2026042107453421907540865562,入账,2.6,聚合账户,货款结算入账,精选联盟,'6925540754427509819,'6925540754427509819,'SS76300693390472650510178,2026-04-12 23:19:21,'3782179818351755475,银色金属水钻发扣发夹虞书欣同款高级感洋气甜酷风刘海发夹扣发饰,'3122211035558957,小郡主,普通订单,2.9,0,0,0,0,0,0,0,0,0,0,0,-0.15,-0.15,0,0,0,0,0,,0,义乌市燃困电子商务商行（个体工商户）,订单结算
2026-04-21 07:45:38,'2026042107453517252518745562,入账,2.85,聚合账户,货款结算入账,小店自卖,'6952060707108951852,'6952060707108951852,'SS76300014302922017550119,2026-04-14 08:47:50,'3782171819000332501,许我耀眼赵露思许妍同款三角抓夹女高级感后脑勺高马尾发夹鲨鱼夹,,,普通订单,2.87,0,0,0,0,0,0,0,0,0,0,0,-0.02,0,0,0,0,0,0,是-商品卡免佣,0.15,义乌市燃困电子商务商行（个体工商户）,订单结算
2026-04-21 07:45:54,'2026042107455014723364225562,入账,5.98,聚合账户,货款结算入账,小店自卖,'6925611945061416801,'6925611945061416801,'SS76300627540445268540192,2026-04-15 21:30:00,'3782030450160173247,百搭秋冬复古侧边刘海夹子碎发夹女边夹头饰2025新款前额bb夹掰掰,,,普通订单,6.02,0,0,0,0,0,0,0,0,0,0,0,-0.04,0,0,0,0,0,0,是-商品卡免佣,0.29,义乌市燃困电子商务商行（个体工商户）,订单结算
2026-04-21 07:45:54,'2026042107455037212042585562,入账,5.63,聚合账户,货款结算入账,小店自卖,'6951963901238056895,'6951963901238056895,'SS76299157867444477790019,2026-04-10 19:26:56,'3797747822808399961,2026新年款水钻红珠花朵抓夹时尚百搭半扎发发夹洋气后脑勺鲨鱼夹,,,普通订单,5.66,0,0,0,0,0,0,0,0,0,0,0,-0.03,0,0,0,0,0,0,是-商品卡免佣,0.22,义乌市燃困电子商务商行（个体工商户）,订单结算
2026-04-21 07:45:54,'2026042107455132570291605562,入账,3.53,聚合账户,货款结算入账,精选联盟,'6951977530026497983,'6951977530026497983,'SS76299221712030970980082,2026-04-10 20:31:12,'3782179818351755475,银色金属水钻发扣发夹虞书欣同款高级感洋气甜酷风刘海发夹扣发饰,'3122211035558957,小郡主,普通订单,3.93,0,0,0,0,0,0,0,0,0,0,0,-0.2,-0.2,0,0,0,0,0,,0,义乌市燃困电子商务商行（个体工商户）,订单结算
2026-04-21 07:45:54,'2026042107455016416814175562,入账,2.6,聚合账户,货款结算入账,精选联盟,'6925498029780271037,'6925498029780271037,'SS76299205617281766830160,2026-04-11 00:10:51,'3782179818351755475,银色金属水钻发扣发夹虞书欣同款高级感洋气甜酷风刘海发夹扣发饰,'3122211035558957,小郡主,普通订单,2.9,0,0,0,0,0,0,0,0,0,0,0,-0.15,-0.15,0,0,0,0,0,,0,义乌市燃困电子商务商行（个体工商户）,订单结算
2026-04-21 07:45:54,'2026042107455039819185165562,入账,3.56,聚合账户,货款结算入账,小店自卖,'6951830207732585733,'6951830207732585733,'SS76299963796036162980068,2026-04-05 21:25:23,'3782179818351755475,银色金属水钻发扣发夹虞书欣同款高级感洋气甜酷风刘海发夹扣发饰,,,普通订单,3.58,0,0,0,0,0,0,0,0,0,0,0,-0.02,0,0,0,0,0,0,是-商品卡免佣,0.15,义乌市燃困电子商务商行（个体工商户）,订单结算
2026-04-21 07:47:17,'2026042107471409407204195562,入账,3.91,聚合账户,货款结算入账,小店自卖,'6925490532340170280,'6925490532340170280,'SS76299221919243310140215,2026-04-10 18:56:15,'3782179818351755475,银色金属水钻发扣发夹虞书欣同款高级感洋气甜酷风刘海发夹扣发饰,,,普通订单,0.01,0,0,3.92,0,0,0,0,0,0,0,0,-0.02,0,0,0,0,0,0,是-商品卡免佣,0.15,义乌市燃困电子商务商行（个体工商户）,订单结算
2026-04-21 07:47:41,'2026042107473740478154675562,入账,2.88,聚合账户,货款结算入账,小店自卖,'6925499743006784809,'6925499743006784809,'SS76299204879845297150132,2026-04-10 22:08:38,'3782179818351755475,银色金属水钻发扣发夹虞书欣同款高级感洋气甜酷风刘海发夹扣发饰,,,普通订单,0.6,0,0,2,0,0,0,0,0,0.3,0,0,-0.02,0,0,0,0,0,0,是-商品卡免佣,0.15,义乌市燃困电子商务商行（个体工商户）,订单结算
2026-04-21 07:47:56,'2026042107475321944410025562,入账,3.53,聚合账户,货款结算入账,精选联盟,'6925507378782502094,'6925507378782502094,'SS76299278952088212740177,2026-04-11 10:27:04,'3782179818351755475,银色金属水钻发扣发夹虞书欣同款高级感洋气甜酷风刘海发夹扣发饰,'3122211035558957,小郡主,普通订单,3.93,0,0,0,0,0,0,0,0,0,0,0,-0.2,-0.2,0,0,0,0,0,,0,义乌市燃困电子商务商行（个体工商户）,订单结算
2026-04-21 07:47:56,'2026042107475240531070075562,入账,2.83,聚合账户,货款结算入账,精选联盟,'6925500718136524328,'6925500718136524328,'SS76299892537640228110238,2026-04-11 10:57:35,'3782179818351755475,银色金属水钻发扣发夹虞书欣同款高级感洋气甜酷风刘海发夹扣发饰,'3122211035558957,小郡主,普通订单,3.15,0,0,0,0,0,0,0,0,0,0,0,-0.16,-0.16,0,0,0,0,0,,0,义乌市燃困电子商务商行（个体工商户）,订单结算
2026-04-21 07:47:56,'2026042107475125641945965562,入账,2.94,聚合账户,货款结算入账,小店自卖,'6925636024837439200,'6925636024837439200,'SS76297611053254085210096,2026-04-16 02:11:02,'3806826554969948422,韩系复古气质豹纹颅顶发梳女碎发整理神器倒插梳发夹时尚发卡夹子,,,普通订单,2.96,0,0,0,0,0,0,0,0,0,0,0,-0.02,0,0,0,0,0,0,是-商品卡免佣,0.15,义乌市燃困电子商务商行（个体工商户）,订单结算
2026-04-21 07:47:56,'2026042107475316486241345562,入账,3.91,聚合账户,货款结算入账,小店自卖,'6951980495134594465,'6951980495134594465,'SS76299748669934842980116,2026-04-11 12:17:26,'3782179818351755475,银色金属水钻发扣发夹虞书欣同款高级感洋气甜酷风刘海发夹扣发饰,,,普通订单,3.93,0,0,0,0,0,0,0,0,0,0,0,-0.02,0,0,0,0,0,0,是-商品卡免佣,0.15,义乌市燃困电子商务商行（个体工商户）,订单结算
2026-04-21 07:47:56,'2026042107475233182190585562,入账,3.53,聚合账户,货款结算入账,精选联盟,'6951985613416240151,'6951985613416240151,'SS76300166694040253900236,2026-04-11 17:40:22,'3782179818351755475,银色金属水钻发扣发夹虞书欣同款高级感洋气甜酷风刘海发夹扣发饰,'3122211035558957,小郡主,普通订单,3.93,0,0,0,0,0,0,0,0,0,0,0,-0.2,-0.2,0,0,0,0,0,,0,义乌市燃困电子商务商行（个体工商户）,订单结算
2026-04-21 07:47:56,'2026042107475306017359455562,入账,4.65,聚合账户,货款结算入账,精选联盟,'6952070580806227908,'6952070580806227908,'SS76299984630400332800049,2026-04-14 23:48:01,'3782179818351755475,银色金属水钻发扣发夹虞书欣同款高级感洋气甜酷风刘海发夹扣发饰,'3122211035558957,小郡主,普通订单,5.17,0,0,0,0,0,0,0,0,0,0,0,-0.26,-0.26,0,0,0,0,0,,0,义乌市燃困电子商务商行（个体工商户）,订单结算
2026-04-21 07:47:56,'2026042107475230543060545562,入账,10.4,聚合账户,货款结算入账,小店自卖,'6952134825356105104,'6952134825356105104,'SS76300721127075353750201,2026-04-17 13:25:17,'3782037403703836681,可爱米菲兔香蕉夹牛仔兔子高马尾少女巨显后脑勺发量百搭盘发发饰,,,普通订单,10.95,0,0,0,0,0,0,0,0,0,0,0,-0.55,0,0,0,0,0,0,,0,义乌市燃困电子商务商行（个体工商户）,订单结算
2026-04-21 07:47:56,'2026042107475300307246545562,入账,3.53,聚合账户,货款结算入账,精选联盟,'6951961917191754885,'6951961917191754885,'SS76299873427946545100159,2026-04-10 21:36:21,'3782179818351755475,银色金属水钻发扣发夹虞书欣同款高级感洋气甜酷风刘海发夹扣发饰,'3122211035558957,小郡主,普通订单,3.93,0,0,0,0,0,0,0,0,0,0,0,-0.2,-0.2,0,0,0,0,0,,0,义乌市燃困电子商务商行（个体工商户）,订单结算
2026-04-21 07:47:56,'2026042107475225516979395562,入账,1.79,聚合账户,货款结算入账,小店自卖,'6925496194182184391,'6925496194182184391,'SS76299898252166313310001,2026-04-11 10:04:05,'3789769309207789754,2025新款秋冬橡皮筋高弹力发绳可爱头绳洋气发圈马尾发饰高级头饰,,,普通订单,1.8,0,0,0,0,0,0,0,0,0,0,0,-0.01,0,0,0,0,0,0,是-商品卡免佣,0.07,义乌市燃困电子商务商行（个体工商户）,订单结算
2026-04-21 07:47:56,'2026042107475341708959105562,入账,4.69,聚合账户,货款结算入账,小店自卖,'6951969741287265928,'6951969741287265928,'SS76299748871715397270040,2026-04-11 12:02:08,'3792556779406229663,网红同款高颅顶圆形金属百搭发扣甜酷刘海发夹前额侧边夹发卡头饰,,,普通订单,4.72,0,0,0,0,0,0,0,0,0,0,0,-0.03,0,0,0,0,0,0,是-商品卡免佣,0.22,义乌市燃困电子商务商行（个体工商户）,订单结算
2026-04-21 07:48:07,'2026042107480404840044025562,入账,3.53,聚合账户,货款结算入账,精选联盟,'6925503217844321883,'6925503217844321883,'SS76299748913536371610131,2026-04-11 12:10:29,'3782179818351755475,银色金属水钻发扣发夹虞书欣同款高级感洋气甜酷风刘海发夹扣发饰,'3122211035558957,小郡主,普通订单,0.01,0,0,3.92,0,0,0,0,0,0,0,0,-0.2,-0.2,0,0,0,0,0,,0,义乌市燃困电子商务商行（个体工商户）,订单结算
2026-04-21 07:48:07,'2026042107480240489295825562,入账,3.78,聚合账户,货款结算入账,小店自卖,'6925489207452466750,'6925489207452466750,'SS76299212818020928100087,2026-04-10 22:18:18,'3782209586937856113,日韩风米菲兔牛仔香蕉夹可爱兔子造型高马尾盘发发夹显发量多百搭,,,普通订单,0.01,0,0,3.79,0,0,0,0,0,0,0,0,-0.02,0,0,0,0,0,0,是-商品卡免佣,0.15,义乌市燃困电子商务商行（个体工商户）,订单结算
2026-04-21 07:48:07,'2026042107480302236462595562,入账,3.53,聚合账户,货款结算入账,精选联盟,'6925511641486425396,'6925511641486425396,'SS76299748715059983760037,2026-04-11 11:40:56,'3782179818351755475,银色金属水钻发扣发夹虞书欣同款高级感洋气甜酷风刘海发夹扣发饰,'3122211035558957,小郡主,普通订单,3.93,0,0,0,0,0,0,0,0,0,0,0,-0.2,-0.2,0,0,0,0,0,,0,义乌市燃困电子商务商行（个体工商户）,订单结算
2026-04-21 07:48:07,'2026042107480240477210115562,入账,3.77,聚合账户,货款结算入账,小店自卖,'6925633634274672531,'6925633634274672531,'SS76300380843101762920247,2026-04-16 00:35:47,'3782037403703836681,可爱米菲兔香蕉夹牛仔兔子高马尾少女巨显后脑勺发量百搭盘发发饰,,,普通订单,3.79,0,0,0,0,0,0,0,0,0,0,0,-0.02,0,0,0,0,0,0,是-商品卡免佣,0.15,义乌市燃困电子商务商行（个体工商户）,订单结算
2026-04-21 07:48:07,'2026042107480225399997705562,入账,2.94,聚合账户,货款结算入账,小店自卖,'6925550992426564628,'6925550992426564628,'SS76299359623680166500053,2026-04-12 15:48:07,'3806826554969948422,韩系复古气质豹纹颅顶发梳女碎发整理神器倒插梳发夹时尚发卡夹子,,,普通订单,0.96,0,0,2,0,0,0,0,0,0,0,0,-0.02,0,0,0,0,0,0,是-商品卡免佣,0.15,义乌市燃困电子商务商行（个体工商户）,订单结算
2026-04-21 07:48:11,'2026042107480704407954185562,入账,12.56,聚合账户,货款结算入账,小店自卖,'6952062381562467378,'6952062381562467378,'SS76301283298359385940141,2026-04-13 23:58:26,'3806659074658009268,春夏复古彩虹格子蝴蝶结大肠发圈女丸子马尾头绳2026新款韩式发绳,,,普通订单,12.64,0,0,0,0,0,0,0,0,0,0,0,-0.08,0,0,0,0,0,0,是-商品卡免佣,0.59,义乌市燃困电子商务商行（个体工商户）,订单结算
2026-04-21 07:48:11,'2026042107480623416386665562,入账,3.91,聚合账户,货款结算入账,小店自卖,'6951966833537848953,'6951966833537848953,'SS76299243783812718490157,2026-04-11 01:00:23,'3782179818351755475,银色金属水钻发扣发夹虞书欣同款高级感洋气甜酷风刘海发夹扣发饰,,,普通订单,3.93,0,0,0,0,0,0,0,0,0,0,0,-0.02,0,0,0,0,0,0,是-商品卡免佣,0.15,义乌市燃困电子商务商行（个体工商户）,订单结算
2026-04-21 07:48:11,'2026042107480721818127775562,入账,3.91,聚合账户,货款结算入账,小店自卖,'6925497592664063489,'6925497592664063489,'SS76299221910318456750075,2026-04-10 21:27:55,'3782179818351755475,银色金属水钻发扣发夹虞书欣同款高级感洋气甜酷风刘海发夹扣发饰,,,普通订单,0.01,0,0,3.92,0,0,0,0,0,0,0,0,-0.02,0,0,0,0,0,0,是-商品卡免佣,0.15,义乌市燃困电子商务商行（个体工商户）,订单结算
2026-04-21 07:48:11,'2026042107480735043292675562,入账,1.99,聚合账户,货款结算入账,小店自卖,'6952058218881750085,'6952058218881750085,'SS76300721342083773780138,2026-04-14 08:14:23,'3789769309207789754,2025新款秋冬橡皮筋高弹力发绳可爱头绳洋气发圈马尾发饰高级头饰,,,普通订单,0.1,0,0,2,0,0,0,0,0,0,0,0,-0.11,0,0,0,0,0,0,,0,义乌市燃困电子商务商行（个体工商户）,订单结算
2026-04-21 07:48:11,'2026042107480540572362755562,入账,3.91,聚合账户,货款结算入账,小店自卖,'6951961693040875187,'6951961693040875187,'SS76299221019190768640206,2026-04-10 19:24:58,'3782179818351755475,银色金属水钻发扣发夹虞书欣同款高级感洋气甜酷风刘海发夹扣发饰,,,普通订单,1.93,0,0,2,0,0,0,0,0,0,0,0,-0.02,0,0,0,0,0,0,是-商品卡免佣,0.15,义乌市燃困电子商务商行（个体工商户）,订单结算
2026-04-21 07:48:11,'2026042107480712754291295562,入账,9.98,聚合账户,货款结算入账,小店自卖,'6952052623526991060,'6952052623526991060,'SS76299538987455780180210,2026-04-13 11:51:55,'3813138041422348735,韩系甜美多层蝴蝶结波点爱心香蕉夹洋气百搭不易掉香蕉夹甜妹发饰,,,普通订单,9.63,0,0,0.41,0,0,0,0,0,0,0,0,-0.06,0,0,0,0,0,0,是-商品卡免佣,0.44,义乌市燃困电子商务商行（个体工商户）,订单结算
2026-04-21 07:48:11,'2026042107480721652157945562,入账,3.52,聚合账户,货款结算入账,小店自卖,'6951955196409747014,'6951955196409747014,'SS76299221786598446270194,2026-04-10 18:40:57,'3782179818351755475,银色金属水钻发扣发夹虞书欣同款高级感洋气甜酷风刘海发夹扣发饰,,,普通订单,2.54,0,0,1,0,0,0,0,0,0,0,0,-0.02,0,0,0,0,0,0,是-商品卡免佣,0.15,义乌市燃困电子商务商行（个体工商户）,订单结算
2026-04-21 07:48:22,'2026042107481818638277185562,入账,2.67,聚合账户,货款结算入账,精选联盟,'6925565693472505791,'6925565693472505791,'SS76299059931291492190102,2026-04-13 17:33:32,'3782179818351755475,银色金属水钻发扣发夹虞书欣同款高级感洋气甜酷风刘海发夹扣发饰,'0,,普通订单,0.01,0,0,2.96,0,0,0,0,0,0,0,0,-0.15,0,0,0,0,-0.15,0,,0,义乌市燃困电子商务商行（个体工商户）,订单结算
2026-04-21 07:48:26,'2026042107482314018977665562,入账,0.97,聚合账户,货款结算入账,小店自卖,'6951957350608148095,'6951957350608148095,'SS76299157634542144400132,2026-04-10 19:14:07,'3807934237588455815,短发半扎发饰过渡期神器一字弹簧夹2026新款高端后脑勺发夹头饰女,,,普通订单,0.01,0,0,0.97,0,0,0,0,0,0,0,0,-0.01,0,0,0,0,0,0,是-商品卡免佣,0.07,义乌市燃困电子商务商行（个体工商户）,订单结算
2026-04-21 07:50:46,'2026042107504137316900355562,入账,3.2,聚合账户,货款结算入账,小店自卖,'6925499449929400240,'6925499449929400240,'SS76298941270356342100169,2026-04-10 20:08:10,'3789769309207789754,2025新款秋冬橡皮筋高弹力发绳可爱头绳洋气发圈马尾发饰高级头饰,,,普通订单,3.37,0,0,0,0,0,0,0,0,0,0,0,-0.17,0,0,0,0,0,0,,0,义乌市燃困电子商务商行（个体工商户）,订单结算
2026-04-21 07:51:50,'2026042107514712969582605562,入账,1.79,聚合账户,货款结算入账,小店自卖,'6925506222221327569,'6925506222221327569,'SS76298949158451125850125,2026-04-10 21:18:34,'3789769309207789754,2025新款秋冬橡皮筋高弹力发绳可爱头绳洋气发圈马尾发饰高级头饰,,,普通订单,1.57,0,0,0.23,0,0,0,0,0,0,0,0,-0.01,0,0,0,0,0,0,是-商品卡免佣,0.07,义乌市燃困电子商务商行（个体工商户）,订单结算
2026-04-21 07:53:08,'2026042107530407517309905562,入账,2.87,聚合账户,货款结算入账,小店自卖,'6925495494331825289,'6925495494331825289,'SS76299208671009879380135,2026-04-10 22:57:26,'3782154121554035149,韩系简约灰色绒面宽边发箍高颅顶日常发箍网红爆款2026最新款,,,普通订单,2.89,0,0,0,0,0,0,0,0,0,0,0,-0.02,0,0,0,0,0,0,是-商品卡免佣,0.15,义乌市燃困电子商务商行（个体工商户）,订单结算
2026-04-21 07:53:33,'2026042107532927359808545562,入账,3.53,聚合账户,货款结算入账,精选联盟,'6925497901092601603,'6925497901092601603,'SS76299223572620091230153,2026-04-10 23:16:09,'3782179818351755475,银色金属水钻发扣发夹虞书欣同款高级感洋气甜酷风刘海发夹扣发饰,'3122211035558957,小郡主,普通订单,3.93,0,0,0,0,0,0,0,0,0,0,0,-0.2,-0.2,0,0,0,0,0,,0,义乌市燃困电子商务商行（个体工商户）,订单结算
2026-04-21 07:54:48,'2026042107544405494584425562,出账,1,聚合账户,小额打款,,'6925676021864365468,'6925676021864365468,,,,,,,普通订单,0,0,0,0,0,0,0,0,0,0,0,0,0,0,0,0,0,0,0,,0,义乌市燃困电子商务商行（个体工商户）,商家向消费者小额打款-“补差价”
2026-04-21 07:55:27,'2026042107552341491052035562,入账,5.92,聚合账户,货款结算入账,小店自卖,'6925513944748621710,'6925513944748621710,'SS76299899153207139990035,2026-04-11 13:52:07,'3782032949856305462,虞书欣同款发夹小发扣金属圆形水钻刘海前额侧边边夹抓夹发卡夹子,,,普通订单,5.96,0,0,0,0,0,0,0,0,0,0,0,-0.04,0,0,0,0,0,0,是-商品卡免佣,0.29,义乌市燃困电子商务商行（个体工商户）,订单结算
2026-04-21 07:55:40,'2026042107553441157266025562,入账,3.65,聚合账户,货款结算入账,小店自卖,'6925528172747193351,'6925528172747193351,'SS76301182281862679300101,2026-04-11 23:32:14,'3789769536681673133,M豆新款秋冬橡皮筋高弹力发绳可爱头绳洋气发圈马尾发饰高级头饰,,,普通订单,3.67,0,0,0,0,0,0,0,0,0,0,0,-0.02,0,0,0,0,0,0,是-商品卡免佣,0.15,义乌市燃困电子商务商行（个体工商户）,订单结算
2026-04-21 07:55:45,'2026042107554301574057155562,入账,3.34,聚合账户,货款结算入账,小店自卖,'6952075144803194789,'6952075144803194789,'SS76300263513378821220246,2026-04-15 00:24:05,'3789769309207789754,2025新款百搭橡皮筋高弹力发绳可爱头绳洋气发圈马尾发饰高级头饰,,,普通订单,2.47,0,0,1.05,0,0,0,0,0,0,0,0,-0.18,0,0,0,0,0,0,,0,义乌市燃困电子商务商行（个体工商户）,订单结算
2026-04-21 07:55:45,'2026042107554217663593325562,入账,3.56,聚合账户,货款结算入账,小店自卖,'6925602258901236904,'6925602258901236904,'SS76298997792015693070136,2026-04-15 11:56:48,'3782179818351755475,银色金属水钻发扣发夹虞书欣同款高级感洋气甜酷风刘海发夹扣发饰,,,普通订单,3.58,0,0,0,0,0,0,0,0,0,0,0,-0.02,0,0,0,0,0,0,是-商品卡免佣,0.15,义乌市燃困电子商务商行（个体工商户）,订单结算
2026-04-21 07:55:45,'2026042107554135749732475562,入账,3.26,聚合账户,货款结算入账,小店自卖,'6952102343755306981,'6952102343755306981,'SS76299363012357655300086,2026-04-15 13:17:10,'3789769309207789754,2025新款百搭橡皮筋高弹力发绳可爱头绳洋气发圈马尾发饰高级头饰,,,普通订单,3.28,0,0,0,0,0,0,0,0,0,0,0,-0.02,0,0,0,0,0,0,是-商品卡免佣,0.15,义乌市燃困电子商务商行（个体工商户）,订单结算
2026-04-21 07:55:45,'2026042107554223452715715562,入账,2.65,聚合账户,货款结算入账,精选联盟,'6952111783601968548,'6952111783601968548,'SS76299878278496428150071,2026-04-15 18:27:51,'3782151263429460166,秋冬百搭灰色宽边发箍高级感女2025新款高颅顶显脸小发带头箍发饰,'0,,普通订单,0.01,0,0,2.94,0,0,0,0,0,0,0,0,-0.15,0,0,0,0,-0.15,0,,0,义乌市燃困电子商务商行（个体工商户）,订单结算
2026-04-21 07:55:45,'2026042107554213005463105562,入账,5.14,聚合账户,货款结算入账,小店自卖,'6952064323861813163,'6952064323861813163,'SS76300397152526999130186,2026-04-15 07:26:09,'3782179818351755475,银色金属水钻发扣发夹虞书欣同款高级感洋气甜酷风刘海发夹扣发饰,,,普通订单,5.17,0,0,0,0,0,0,0,0,0,0,0,-0.03,0,0,0,0,0,0,是-商品卡免佣,0.22,义乌市燃困电子商务商行（个体工商户）,订单结算
2026-04-21 07:55:49,'2026042107554613639398405562,入账,6.15,聚合账户,货款结算入账,小店自卖,'6925624488663416489,'6925624488663416489,'SS76300983123891653460164,2026-04-15 16:01:24,'3807934237588455815,短发半扎发饰过渡期神器一字弹簧夹2026新款高端后脑勺发夹头饰女,,,普通订单,0.47,0,0,6,0,0,0,0,0,0,0,0,-0.32,0,0,0,0,0,0,,0,义乌市燃困电子商务商行（个体工商户）,订单结算
2026-04-21 07:56:06,'2026042107560141162350445562,入账,5.06,聚合账户,货款结算入账,小店自卖,'6925555377002807014,'6925555377002807014,'SS76299614622237662820175,2026-04-12 18:17:51,'3782108139843878924,秋冬宽边绒面发箍女2025新款压发洗脸发卡发箍网红爆款2026最新款,,,普通订单,5.09,0,0,0,0,0,0,0,0,0,0,0,-0.03,0,0,0,0,0,0,是-商品卡免佣,0.22,义乌市燃困电子商务商行（个体工商户）,订单结算
2026-04-21 07:56:40,'2026042107563716197061535562,入账,3.35,聚合账户,货款结算入账,小店自卖,'6925504783601925576,'6925504783601925576,'SS76299218390121026620011,2026-04-11 08:42:58,'3789769309207789754,2025新款秋冬橡皮筋高弹力发绳可爱头绳洋气发圈马尾发饰高级头饰,,,普通订单,3.37,0,0,0,0,0,0,0,0,0,0,0,-0.02,0,0,0,0,0,0,是-商品卡免佣,0.15,义乌市燃困电子商务商行（个体工商户）,订单结算
2026-04-21 07:56:51,'2026042107564904329641395562,入账,3.91,聚合账户,货款结算入账,小店自卖,'6951953186138691293,'6951953186138691293,'SS76299221816673613230205,2026-04-10 19:05:23,'3782179818351755475,银色金属水钻发扣发夹虞书欣同款高级感洋气甜酷风刘海发夹扣发饰,,,普通订单,0.01,0,0,3.92,0,0,0,0,0,0,0,0,-0.02,0,0,0,0,0,0,是-商品卡免佣,0.15,义乌市燃困电子商务商行（个体工商户）,订单结算
2026-04-21 07:58:10,'2026042107580702482184225562,入账,8.27,聚合账户,货款结算入账,精选联盟,'6925557873497636586,'6925557873497636586,'SS76301083710346737100056,2026-04-12 19:27:20,'3782016603152056727,时髦回归~头发抓夹女豹纹蝴蝶结鲨鱼夹2025新款发夹高级感发饰秋,'487836107934860,静静好物,普通订单,9.19,0,0,0,0,0,0,0,0,0,0,0,-0.46,-0.46,0,0,0,0,0,,0,义乌市燃困电子商务商行（个体工商户）,订单结算
2026-04-21 07:58:19,'2026042107581617921974115562,入账,2.3,聚合账户,货款结算入账,巨量千川,'6951928645367240379,'6951928645367240379,'SS76300258415877985710105,2026-04-09 10:19:27,'3806829537606632250,发量少缎面褶皱密齿香蕉夹女后脑勺固定马尾夹竖式扭扭夹发卡发夹,,,普通订单,0.01,0,0,2.41,0,0,0,0,0,0,0,0,-0.12,0,0,0,0,0,0,,0,义乌市燃困电子商务商行（个体工商户）,订单结算
2026-04-21 07:58:41,'2026042107583804917171565562,入账,2.92,聚合账户,货款结算入账,小店自卖,'6951962623815259691,'6951962623815259691,'SS76299242071514325110154,2026-04-11 09:53:23,'3806659074658009268,春夏复古彩虹格子蝴蝶结大肠发圈女丸子马尾头绳2026新款韩式发绳,,,普通订单,0.94,0,0,2,0,0,0,0,0,0,0,0,-0.02,0,0,0,0,0,0,是-商品卡免佣,0.15,义乌市燃困电子商务商行（个体工商户）,订单结算
2026-04-21 07:58:43,'2026042107584016492836475562,入账,3.35,聚合账户,货款结算入账,小店自卖,'6925503469496073402,'6925503469496073402,'SS76298940293310428250194,2026-04-10 17:44:54,'3789769309207789754,2025新款秋冬橡皮筋高弹力发绳可爱头绳洋气发圈马尾发饰高级头饰,,,普通订单,0.01,0,0,3.36,0,0,0,0,0,0,0,0,-0.02,0,0,0,0,0,0,是-商品卡免佣,0.15,义乌市燃困电子商务商行（个体工商户）,订单结算
2026-04-21 07:58:44,'2026042107583739986959795562,入账,3.35,聚合账户,货款结算入账,小店自卖,'6925506479546072329,'6925506479546072329,'SS76298941503473300940009,2026-04-10 22:31:47,'3789769309207789754,2025新款秋冬橡皮筋高弹力发绳可爱头绳洋气发圈马尾发饰高级头饰,,,普通订单,3.37,0,0,0,0,0,0,0,0,0,0,0,-0.02,0,0,0,0,0,0,是-商品卡免佣,0.15,义乌市燃困电子商务商行（个体工商户）,订单结算
2026-04-21 07:59:53,'2026042107595000773698755562,入账,3.65,聚合账户,货款结算入账,小店自卖,'6925513965012090147,'6925513965012090147,'SS76299906370226752510229,2026-04-11 14:24:30,'3789769536681673133,M豆新款秋冬橡皮筋高弹力发绳可爱头绳洋气发圈马尾发饰高级头饰,,,普通订单,3.67,0,0,0,0,0,0,0,0,0,0,0,-0.02,0,0,0,0,0,0,是-商品卡免佣,0.15,义乌市燃困电子商务商行（个体工商户）,订单结算
2026-04-21 07:59:56,'2026042107595314949419785562,入账,3.35,聚合账户,货款结算入账,小店自卖,'6925505040812440756,'6925505040812440756,'SS76299898208669742540070,2026-04-11 10:18:06,'3789769309207789754,2025新款秋冬橡皮筋高弹力发绳可爱头绳洋气发圈马尾发饰高级头饰,,,普通订单,3.37,0,0,0,0,0,0,0,0,0,0,0,-0.02,0,0,0,0,0,0,是-商品卡免佣,0.15,义乌市燃困电子商务商行（个体工商户）,订单结算
2026-04-21 08:00:33,'2026042108002825303293855562,入账,2.87,聚合账户,货款结算入账,小店自卖,'6925482186015080165,'6925482186015080165,'SS76299210496734541200076,2026-04-10 17:14:10,'3782158083703309205,春夏韩系雾霾紫布艺发箍显白复古头箍发饰发箍2026爆款洋气高级感,,,普通订单,2.89,0,0,0,0,0,0,0,0,0,0,0,-0.02,0,0,0,0,0,0,是-商品卡免佣,0.15,义乌市燃困电子商务商行（个体工商户）,订单结算
2026-04-21 08:00:51,'2026042108004618333742355562,出账,1,聚合账户,小额打款,,'6952199644300711277,'6952199644300711277,,,,,,,普通订单,0,0,0,0,0,0,0,0,0,0,0,0,0,0,0,0,0,0,0,,0,义乌市燃困电子商务商行（个体工商户）,商家向消费者小额打款-“补差价”
2026-04-21 08:02:10,'2026042108020224216540225562,入账,4.78,聚合账户,货款结算入账,小店自卖,'6925633679430286423,'6925633679430286423,'SS76299556375731576720245,2026-04-16 01:06:36,'3782016603152056727,时髦回归~头发抓夹女豹纹蝴蝶结鲨鱼夹2025新款发夹高级感发饰秋,,,普通订单,4.81,0,0,0,0,0,0,0,0,0,0,0,-0.03,0,0,0,0,0,0,是-商品卡免佣,0.22,义乌市燃困电子商务商行（个体工商户）,订单结算
2026-04-21 08:03:13,'2026042108030917662653905562,入账,3.57,聚合账户,货款结算入账,精选联盟,'6925363284585119183,'6925363284585119183,'SS76299961514791083930021,2026-04-05 14:05:05,'3782179818351755475,银色金属水钻发扣发夹虞书欣同款高级感洋气甜酷风刘海发夹扣发饰,'91505067155,悦己好物,普通订单,3.97,0,0,0,0,0,0,0,0,0,0,0,-0.2,-0.2,0,0,0,0,0,,0,义乌市燃困电子商务商行（个体工商户）,订单结算
2026-04-21 08:03:21,'2026042108031722865846395562,入账,3.35,聚合账户,货款结算入账,小店自卖,'6925509301118794781,'6925509301118794781,'SS76299761216273124030246,2026-04-11 12:13:13,'3789769309207789754,2025新款秋冬橡皮筋高弹力发绳可爱头绳洋气发圈马尾发饰高级头饰,,,普通订单,3.37,0,0,0,0,0,0,0,0,0,0,0,-0.02,0,0,0,0,0,0,是-商品卡免佣,0.15,义乌市燃困电子商务商行（个体工商户）,订单结算
2026-04-21 08:04:47,'2026042108044225554624105562,入账,2.87,聚合账户,货款结算入账,小店自卖,'6925504212746796962,'6925504212746796962,'SS76298938831658846810196,2026-04-10 22:59:28,'3782193222986629380,复古波点褶皱香蕉夹高级感马尾扭扭竖夹后脑勺显发量横夹发卡抓夹,,,普通订单,2.89,0,0,0,0,0,0,0,0,0,0,0,-0.02,0,0,0,0,0,0,是-商品卡免佣,0.15,义乌市燃困电子商务商行（个体工商户）,订单结算
2026-04-21 08:04:50,'2026042108044602819733005562,入账,3.35,聚合账户,货款结算入账,小店自卖,'6925499405110902689,'6925499405110902689,'SS76298941209672791420167,2026-04-10 19:47:28,'3789769309207789754,2025新款秋冬橡皮筋高弹力发绳可爱头绳洋气发圈马尾发饰高级头饰,,,普通订单,3.37,0,0,0,0,0,0,0,0,0,0,0,-0.02,0,0,0,0,0,0,是-商品卡免佣,0.15,义乌市燃困电子商务商行（个体工商户）,订单结算
2026-04-21 08:05:25,'2026042108052108354046075562,入账,2.87,聚合账户,货款结算入账,小店自卖,'6925492706814361160,'6925492706814361160,'SS76299209028847864830026,2026-04-10 15:45:41,'3782154121554035149,韩系简约灰色绒面宽边发箍高颅顶日常发箍网红爆款2026最新款,,,普通订单,2.89,0,0,0,0,0,0,0,0,0,0,0,-0.02,0,0,0,0,0,0,是-商品卡免佣,0.15,义乌市燃困电子商务商行（个体工商户）,订单结算
2026-04-21 08:06:37,'2026042108063201347264515562,入账,4.47,聚合账户,货款结算入账,精选联盟,'6925495770539523095,'6925495770539523095,'SS76299164248489169920070,2026-04-11 02:32:52,'3782206591290442095,气质豹纹三角抓夹女款2025新款复古秋冬鲨鱼夹后脑勺盘发发夹发饰,,,普通订单,4.5,0,0,0,0,0,0,0,0,0,0,0,-0.03,0,0,0,0,0,0,是-商品卡免佣,0.22,义乌市燃困电子商务商行（个体工商户）,订单结算
2026-04-21 08:09:07,'2026042108090202233797275562,入账,4.47,聚合账户,货款结算入账,小店自卖,'6951963872581129966,'6951963872581129966,'SS76299157798317924360109,2026-04-10 18:44:33,'3782206591290442095,气质豹纹三角抓夹女款2025新款复古秋冬鲨鱼夹后脑勺盘发发夹发饰,,,普通订单,4.26,0,0,0,0,0,0,0,0.24,0,0,0,-0.03,0,0,0,0,0,0,是-商品卡免佣,0.22,义乌市燃困电子商务商行（个体工商户）,订单结算
2026-04-21 08:09:14,'2026042108090926481298325562,入账,3.53,聚合账户,货款结算入账,精选联盟,'6951967619077379591,'6951967619077379591,'SS76299899280438769100224,2026-04-11 14:35:48,'3782179818351755475,银色金属水钻发扣发夹虞书欣同款高级感洋气甜酷风刘海发夹扣发饰,'3122211035558957,小郡主,普通订单,3.93,0,0,0,0,0,0,0,0,0,0,0,-0.2,-0.2,0,0,0,0,0,,0,义乌市燃困电子商务商行（个体工商户）,订单结算
2026-04-21 08:09:51,'2026042108094633854758465562,入账,3.01,聚合账户,货款结算入账,精选联盟,'6925503599037349185,'6925503599037349185,'SS76299244772136596900025,2026-04-10 19:00:57,'3782179818351755475,银色金属水钻发扣发夹虞书欣同款高级感洋气甜酷风刘海发夹扣发饰,'3122211035558957,小郡主,普通订单,3.35,0,0,0,0,0,0,0,0,0,0,0,-0.17,-0.17,0,0,0,0,0,,0,义乌市燃困电子商务商行（个体工商户）,订单结算
2026-04-21 08:09:53,'2026042108094812751549865562,入账,3.53,聚合账户,货款结算入账,精选联盟,'6951960197811082562,'6951960197811082562,'SS76299243422276656790150,2026-04-11 00:26:38,'3782179818351755475,银色金属水钻发扣发夹虞书欣同款高级感洋气甜酷风刘海发夹扣发饰,'3122211035558957,小郡主,普通订单,3.93,0,0,0,0,0,0,0,0,0,0,0,-0.2,-0.2,0,0,0,0,0,,0,义乌市燃困电子商务商行（个体工商户）,订单结算
2026-04-21 08:09:57,'2026042108095313358904705562,入账,2.8,聚合账户,货款结算入账,小店自卖,'6951975070726297364,'6951975070726297364,'SS76300003786791368310000,2026-04-10 18:59:37,'3789769309207789754,2025新款秋冬橡皮筋高弹力发绳可爱头绳洋气发圈马尾发饰高级头饰,,,普通订单,2.95,0,0,0,0,0,0,0,0,0,0,0,-0.15,0,0,0,0,0,0,,0,义乌市燃困电子商务商行（个体工商户）,订单结算
2026-04-21 08:10:13,'2026042108100837795597145562,入账,3.43,聚合账户,货款结算入账,小店自卖,'6925511678850268355,'6925511678850268355,'SS76299988017299627860099,2026-04-11 11:53:20,'3782193222986629380,复古波点褶皱香蕉夹高级感马尾扭扭竖夹后脑勺显发量横夹发卡抓夹,,,普通订单,3.45,0,0,0,0,0,0,0,0,0,0,0,-0.02,0,0,0,0,0,0,是-商品卡免佣,0.15,义乌市燃困电子商务商行（个体工商户）,订单结算
2026-04-21 08:10:20,'2026042108101604007859355562,入账,1.79,聚合账户,货款结算入账,小店自卖,'6951989031531189276,'6951989031531189276,'SS76298948328367890020245,2026-04-11 08:14:26,'3789769309207789754,2025新款秋冬橡皮筋高弹力发绳可爱头绳洋气发圈马尾发饰高级头饰,,,普通订单,1.8,0,0,0,0,0,0,0,0,0,0,0,-0.01,0,0,0,0,0,0,是-商品卡免佣,0.07,义乌市燃困电子商务商行（个体工商户）,订单结算
2026-04-21 08:12:11,'2026042108120337391774825562,入账,3.2,聚合账户,货款结算入账,小店自卖,'6951982164404147565,'6951982164404147565,'SS76298941586557056350140,2026-04-10 23:48:55,'3789769309207789754,2025新款秋冬橡皮筋高弹力发绳可爱头绳洋气发圈马尾发饰高级头饰,,,普通订单,3.37,0,0,0,0,0,0,0,0,0,0,0,-0.17,0,0,0,0,0,0,,0,义乌市燃困电子商务商行（个体工商户）,订单结算
2026-04-21 08:12:52,'2026042108124516528553345562,入账,2.93,聚合账户,货款结算入账,小店自卖,'6951967257625171648,'6951967257625171648,'SS76299983203496638070087,2026-04-11 10:32:11,'3789769309207789754,2025新款秋冬橡皮筋高弹力发绳可爱头绳洋气发圈马尾发饰高级头饰,,,普通订单,2.95,0,0,0,0,0,0,0,0,0,0,0,-0.02,0,0,0,0,0,0,是-商品卡免佣,0.15,义乌市燃困电子商务商行（个体工商户）,订单结算
2026-04-21 08:13:12,'2026042108130610767119625562,入账,2.85,聚合账户,货款结算入账,小店自卖,'6952077165148182331,'6952077165148182331,'SS76300860841828360200169,2026-04-14 20:02:24,'3782171819000332501,许我耀眼赵露思许妍同款三角抓夹女高级感后脑勺高马尾发夹鲨鱼夹,,,普通订单,2.87,0,0,0,0,0,0,0,0,0,0,0,-0.02,0,0,0,0,0,0,是-商品卡免佣,0.15,义乌市燃困电子商务商行（个体工商户）,订单结算
2026-04-21 08:14:33,'2026042108142606507405435562,入账,3.35,聚合账户,货款结算入账,小店自卖,'6925504536968133789,'6925504536968133789,'SS76298946285658447880155,2026-04-11 05:50:38,'3789769309207789754,2025新款秋冬橡皮筋高弹力发绳可爱头绳洋气发圈马尾发饰高级头饰,,,普通订单,3.37,0,0,0,0,0,0,0,0,0,0,0,-0.02,0,0,0,0,0,0,是-商品卡免佣,0.15,义乌市燃困电子商务商行（个体工商户）,订单结算
2026-04-21 08:15:04,'2026042108145630213245545562,入账,2.5,聚合账户,货款结算入账,小店自卖,'6951962822010738304,'6951962822010738304,'SS76280608389988354650088,2026-04-11 12:32:20,'3792556779406229663,网红同款高颅顶圆形金属百搭发扣甜酷刘海发夹前额侧边夹发卡头饰,,,普通订单,3.35,0,0,0,0,0,0,0,0,0,0,-0.84,-0.01,0,0,0,0,0,0,是-商品卡免佣,0.07,义乌市燃困电子商务商行（个体工商户）,订单结算
2026-04-21 08:15:20,'2026042108151300801838495562,入账,3.91,聚合账户,货款结算入账,小店自卖,'6951980457552516953,'6951980457552516953,'SS76299876530726019100000,2026-04-11 12:15:49,'3782179818351755475,银色金属水钻发扣发夹虞书欣同款高级感洋气甜酷风刘海发夹扣发饰,,,普通订单,0.13,0,0,3.8,0,0,0,0,0,0,0,0,-0.02,0,0,0,0,0,0,是-商品卡免佣,0.15,义乌市燃困电子商务商行（个体工商户）,订单结算
2026-04-21 08:17:29,'2026042108172202609526125562,入账,3.2,聚合账户,货款结算入账,小店自卖,'6925515590685589240,'6925515590685589240,'SS76299761072198661460158,2026-04-11 11:08:57,'3789769309207789754,2025新款秋冬橡皮筋高弹力发绳可爱头绳洋气发圈马尾发饰高级头饰,,,普通订单,3.37,0,0,0,0,0,0,0,0,0,0,0,-0.17,0,0,0,0,0,0,,0,义乌市燃困电子商务商行（个体工商户）,订单结算
2026-04-21 08:18:49,'2026042108184514053547865562,入账,3.2,聚合账户,货款结算入账,小店自卖,'6951943766586758381,'6951943766586758381,'SS76298940042011778830139,2026-04-10 16:26:11,'3789769309207789754,2025新款秋冬橡皮筋高弹力发绳可爱头绳洋气发圈马尾发饰高级头饰,,,普通订单,3.37,0,0,0,0,0,0,0,0,0,0,0,-0.17,0,0,0,0,0,0,,0,义乌市燃困电子商务商行（个体工商户）,订单结算
2026-04-21 08:18:58,'2026042108185137147612315562,入账,3.91,聚合账户,货款结算入账,小店自卖,'6951957910069581737,'6951957910069581737,'SS76299244156415882740038,2026-04-11 02:08:41,'3782179818351755475,银色金属水钻发扣发夹虞书欣同款高级感洋气甜酷风刘海发夹扣发饰,,,普通订单,3.93,0,0,0,0,0,0,0,0,0,0,0,-0.02,0,0,0,0,0,0,是-商品卡免佣,0.15,义乌市燃困电子商务商行（个体工商户）,订单结算
2026-04-21 08:19:44,'2026042108193803801789715562,入账,4.92,聚合账户,货款结算入账,小店自卖,'6952046407463802712,'6952046407463540568,'SS76300729033852728680012,2026-04-13 16:50:34,'3782119074688008567,秋冬日韩纯色复古针织宽边发箍新款头箍发卡头饰发饰毛呢发捆洗脸,,,普通订单,4.95,0,0,0,0,0,0,0,0,0,0,0,-0.03,0,0,0,0,0,0,是-商品卡免佣,0.22,义乌市燃困电子商务商行（个体工商户）,订单结算
2026-04-21 08:20:16,'2026042108200841451200065562,入账,3.35,聚合账户,货款结算入账,小店自卖,'6925498608857939031,'6925498608857939031,'SS76299898122211866100115,2026-04-11 10:46:49,'3789769309207789754,2025新款秋冬橡皮筋高弹力发绳可爱头绳洋气发圈马尾发饰高级头饰,,,普通订单,3.37,0,0,0,0,0,0,0,0,0,0,0,-0.02,0,0,0,0,0,0,是-商品卡免佣,0.15,义乌市燃困电子商务商行（个体工商户）,订单结算
2026-04-21 08:20:33,'2026042108202703336156585562,入账,2.85,聚合账户,货款结算入账,小店自卖,'6952041587879908439,'6952041587879908439,'SS76299817632550753550059,2026-04-13 14:24:57,'3782171819000332501,许我耀眼赵露思许妍同款三角抓夹女高级感后脑勺高马尾发夹鲨鱼夹,,,普通订单,2.87,0,0,0,0,0,0,0,0,0,0,0,-0.02,0,0,0,0,0,0,是-商品卡免佣,0.15,义乌市燃困电子商务商行（个体工商户）,订单结算
2026-04-21 08:20:35,'2026042108202907476679785562,入账,3.53,聚合账户,货款结算入账,精选联盟,'6951989804515857786,'6951989804515857786,'SS76301012493433451610094,2026-04-11 16:56:47,'3782179818351755475,银色金属水钻发扣发夹虞书欣同款高级感洋气甜酷风刘海发夹扣发饰,'3122211035558957,小郡主,普通订单,3.93,0,0,0,0,0,0,0,0,0,0,0,-0.2,-0.2,0,0,0,0,0,,0,义乌市燃困电子商务商行（个体工商户）,订单结算
2026-04-21 08:22:46,'2026042108224101984601875562,入账,3.53,聚合账户,货款结算入账,精选联盟,'6951955333485696544,'6951955333485696544,'SS76299222298581568380099,2026-04-10 20:59:35,'3782179818351755475,银色金属水钻发扣发夹虞书欣同款高级感洋气甜酷风刘海发夹扣发饰,'0,,普通订单,3.93,0,0,0,0,0,0,0,0,0,0,0,-0.2,0,0,0,0,-0.2,0,,0,义乌市燃困电子商务商行（个体工商户）,订单结算
2026-04-21 08:22:53,'2026042108224640105088095562,入账,3.35,聚合账户,货款结算入账,小店自卖,'6951969022703572712,'6951969022703572712,'SS76298941548431283550076,2026-04-10 23:04:35,'3789769309207789754,2025新款秋冬橡皮筋高弹力发绳可爱头绳洋气发圈马尾发饰高级头饰,,,普通订单,3.37,0,0,0,0,0,0,0,0,0,0,0,-0.02,0,0,0,0,0,0,是-商品卡免佣,0.15,义乌市燃困电子商务商行（个体工商户）,订单结算
2026-04-21 08:23:09,'2026042108230216832596755562,入账,3.77,聚合账户,货款结算入账,小店自卖,'6951986620414760675,'6951986620414760675,'SS76299216240365412300134,2026-04-11 00:48:33,'3782037403703836681,可爱米菲兔香蕉夹牛仔兔子高马尾少女巨显后脑勺发量百搭盘发发饰,,,普通订单,3.79,0,0,0,0,0,0,0,0,0,0,0,-0.02,0,0,0,0,0,0,是-商品卡免佣,0.15,义乌市燃困电子商务商行（个体工商户）,订单结算
2026-04-21 08:24:33,'2026042108242802019538425562,入账,3.01,聚合账户,货款结算入账,精选联盟,'6951973156162835623,'6951973156162835623,'SS76299882273065580040211,2026-04-10 20:49:00,'3782179818351755475,银色金属水钻发扣发夹虞书欣同款高级感洋气甜酷风刘海发夹扣发饰,'3122211035558957,小郡主,普通订单,3.35,0,0,0,0,0,0,0,0,0,0,0,-0.17,-0.17,0,0,0,0,0,,0,义乌市燃困电子商务商行（个体工商户）,订单结算
2026-04-21 08:25:42,'2026042108253436544842675562,入账,4.19,聚合账户,货款结算入账,小店自卖,'6925397492304608751,'6925397492304608751,'SS76299554439580388200207,2026-04-06 11:51:33,'3793462033983341012,2025秋冬新款扭扭麻花发箍高颅顶带齿防滑头箍发卡高级感民族发饰,,,普通订单,4.22,0,0,0,0,0,0,0,0,0,0,0,-0.03,0,0,0,0,0,0,是-商品卡免佣,0.22,义乌市燃困电子商务商行（个体工商户）,订单结算
2026-04-21 08:27:25,'2026042108271626097426075562,入账,3.52,聚合账户,货款结算入账,小店自卖,'6951957228483909000,'6951957228483909000,'SS76299221066598200590073,2026-04-10 17:27:14,'3782179818351755475,银色金属水钻发扣发夹虞书欣同款高级感洋气甜酷风刘海发夹扣发饰,,,普通订单,3.54,0,0,0,0,0,0,0,0,0,0,0,-0.02,0,0,0,0,0,0,是-商品卡免佣,0.15,义乌市燃困电子商务商行（个体工商户）,订单结算
2026-04-21 08:29:26,'2026042108291935107315605562,入账,4.84,聚合账户,货款结算入账,小店自卖,'6951966415558350705,'6951966415558350705,'SS76299157682812032430249,2026-04-10 21:02:42,'3782325961064841649,许我耀眼赵露思许妍同款爱心抓夹2025新款高级感后脑勺鲨鱼夹发夹,,,普通订单,0.01,0,0,4.86,0,0,0,0,0,0,0,0,-0.03,0,0,0,0,0,0,是-商品卡免佣,0.22,义乌市燃困电子商务商行（个体工商户）,订单结算
2026-04-21 08:30:40,'2026042108303632018273375562,入账,3.35,聚合账户,货款结算入账,小店自卖,'6951973119360964019,'6951973119360964019,'SS76298941352445714270232,2026-04-10 20:50:49,'3792527296510951799,新款秋冬糖果色字母球发圈女高颜值马尾头绳可爱不勒无痕发绳发饰,,,普通订单,3.37,0,0,0,0,0,0,0,0,0,0,0,-0.02,0,0,0,0,0,0,是-商品卡免佣,0.15,义乌市燃困电子商务商行（个体工商户）,订单结算
2026-04-21 08:30:47,'2026042108304037275732845562,入账,3.01,聚合账户,货款结算入账,精选联盟,'6925490850293448624,'6925490850293448624,'SS76299245243978882620103,2026-04-10 21:26:15,'3782179818351755475,银色金属水钻发扣发夹虞书欣同款高级感洋气甜酷风刘海发夹扣发饰,'1607921290974931,1郫都区宜源商贸部（个体工商户）,普通订单,3.35,0,0,0,0,0,0,0,0,0,0,0,-0.17,-0.17,0,0,0,0,0,,0,义乌市燃困电子商务商行（个体工商户）,订单结算
2026-04-21 08:31:40,'2026042108313500240356105562,入账,3.77,聚合账户,货款结算入账,小店自卖,'6952084173121197957,'6952084173121197957,'SS76300262813753840900153,2026-04-15 00:54:49,'3782037403703836681,可爱米菲兔香蕉夹牛仔兔子高马尾少女巨显后脑勺发量百搭盘发发饰,,,普通订单,3.79,0,0,0,0,0,0,0,0,0,0,0,-0.02,0,0,0,0,0,0,是-商品卡免佣,0.15,义乌市燃困电子商务商行（个体工商户）,订单结算
2026-04-21 08:33:21,'2026042108331702779714625562,入账,3.65,聚合账户,货款结算入账,小店自卖,'6951987172971714215,'6951987172971714215,'SS76299761229479326870216,2026-04-11 11:09:44,'3789769536681673133,M豆新款秋冬橡皮筋高弹力发绳可爱头绳洋气发圈马尾发饰高级头饰,,,普通订单,3.67,0,0,0,0,0,0,0,0,0,0,0,-0.02,0,0,0,0,0,0,是-商品卡免佣,0.15,义乌市燃困电子商务商行（个体工商户）,订单结算
2026-04-21 08:34:54,'2026042108345020079416865562,入账,3.35,聚合账户,货款结算入账,小店自卖,'6925493180063907682,'6925493180063907682,'SS76298941179919736380032,2026-04-10 19:50:19,'3789769309207789754,2025新款秋冬橡皮筋高弹力发绳可爱头绳洋气发圈马尾发饰高级头饰,,,普通订单,3.37,0,0,0,0,0,0,0,0,0,0,0,-0.02,0,0,0,0,0,0,是-商品卡免佣,0.15,义乌市燃困电子商务商行（个体工商户）,订单结算
2026-04-21 08:35:29,'2026042108352509321352195562,入账,3.78,聚合账户,货款结算入账,巨量千川,'6952103689991362191,'6952103689991362191,'SS76300544091075218330240,2026-04-16 07:51:37,'3806826554969948422,韩系复古气质豹纹颅顶发梳女碎发整理神器倒插梳发夹时尚发卡夹子,,,普通订单,0.98,0,0,3,0,0,0,0,0,0,0,0,-0.2,0,0,0,0,0,0,,0,义乌市燃困电子商务商行（个体工商户）,订单结算
2026-04-21 08:35:36,'2026042108353139440059155562,入账,1.79,聚合账户,货款结算入账,小店自卖,'6951985350949737593,'6951985350949737593,'SS76299906831635089980137,2026-04-11 14:43:29,'3789769309207789754,2025新款秋冬橡皮筋高弹力发绳可爱头绳洋气发圈马尾发饰高级头饰,,,普通订单,1.57,0,0,0.23,0,0,0,0,0,0,0,0,-0.01,0,0,0,0,0,0,是-商品卡免佣,0.07,义乌市燃困电子商务商行（个体工商户）,订单结算
2026-04-21 08:36:06,'2026042108360233160934405562,入账,4.02,聚合账户,货款结算入账,小店自卖,'6925520096740408983,'6925520096740408983,'SS76299964364821837320143,2026-04-11 12:57:06,'3806829537606632250,发量少缎面褶皱密齿香蕉夹女后脑勺固定马尾夹竖式扭扭夹发卡发夹,,,普通订单,4.04,0,0,0,0,0,0,0,0,0,0,0,-0.02,0,0,0,0,0,0,是-商品卡免佣,0.15,义乌市燃困电子商务商行（个体工商户）,订单结算
2026-04-21 08:37:42,'2026042108373917732121695562,入账,2.29,聚合账户,货款结算入账,小店自卖,'6951987161331865504,'6951987161331865504,'SS76299983769993262270119,2026-04-11 11:19:23,'3789769309207789754,2025新款秋冬橡皮筋高弹力发绳可爱头绳洋气发圈马尾发饰高级头饰,,,普通订单,0.3,0,0,2,0,0,0,0,0,0,0,0,-0.01,0,0,0,0,0,0,是-商品卡免佣,0.07,义乌市燃困电子商务商行（个体工商户）,订单结算
2026-04-21 08:37:58,'2026042108375240435556275562,入账,6.87,聚合账户,货款结算入账,小店自卖,'6925383794601918323,'6925383794601918323,'SS76299158618037128310023,2026-04-05 19:17:13,'3806659074658009268,秋冬复古彩虹格子蝴蝶结大肠发圈女丸子马尾头绳2026新款韩式发绳,,,普通订单,6.91,0,0,0,0,0,0,0,0,0,0,0,-0.04,0,0,0,0,0,0,是-商品卡免佣,0.29,义乌市燃困电子商务商行（个体工商户）,订单结算
2026-04-21 08:38:11,'2026042108380720316495625562,入账,3.2,聚合账户,货款结算入账,小店自卖,'6951950899508352470,'6951950899508352470,'SS76298940305198620260159,2026-04-10 18:16:20,'3789769309207789754,2025新款秋冬橡皮筋高弹力发绳可爱头绳洋气发圈马尾发饰高级头饰,,,普通订单,3.37,0,0,0,0,0,0,0,0,0,0,0,-0.17,0,0,0,0,0,0,,0,义乌市燃困电子商务商行（个体工商户）,订单结算
2026-04-21 08:38:44,'2026042108384017914765165562,入账,2.58,聚合账户,货款结算入账,精选联盟,'6925524679179796353,'6925524679179796353,'SS76299853251961653860118,2026-04-12 14:01:36,'3782325961064841649,许我耀眼赵露思许妍同款爱心抓夹2025新款高级感后脑勺鲨鱼夹发夹,'0,,普通订单,0.01,0,0,2.85,0,0,0,0,0,0,0,0,-0.14,0,0,0,0,-0.14,0,,0,义乌市燃困电子商务商行（个体工商户）,订单结算
2026-04-21 08:38:54,'2026042108385114202473055562,入账,3.35,聚合账户,货款结算入账,小店自卖,'6951989175051293957,'6951989175051293957,'SS76299218602511409000084,2026-04-11 09:53:06,'3789769309207789754,2025新款秋冬橡皮筋高弹力发绳可爱头绳洋气发圈马尾发饰高级头饰,,,普通订单,3.37,0,0,0,0,0,0,0,0,0,0,0,-0.02,0,0,0,0,0,0,是-商品卡免佣,0.15,义乌市燃困电子商务商行（个体工商户）,订单结算
2026-04-21 08:41:40,'2026042108413734988695475562,入账,3.35,聚合账户,货款结算入账,小店自卖,'6925517928304835650,'6925517928304835650,'SS76299906462344156430037,2026-04-11 13:50:15,'3789769309207789754,2025新款秋冬橡皮筋高弹力发绳可爱头绳洋气发圈马尾发饰高级头饰,,,普通订单,0.77,0,0,2.6,0,0,0,0,0,0,0,0,-0.02,0,0,0,0,0,0,是-商品卡免佣,0.15,义乌市燃困电子商务商行（个体工商户）,订单结算
2026-04-21 08:43:42,'2026042108433615785866595562,入账,3.2,聚合账户,货款结算入账,小店自卖,'6925492866843049413,'6925492866843049413,'SS76298940196492741640036,2026-04-10 17:10:27,'3789769309207789754,2025新款秋冬橡皮筋高弹力发绳可爱头绳洋气发圈马尾发饰高级头饰,,,普通订单,3.37,0,0,0,0,0,0,0,0,0,0,0,-0.17,0,0,0,0,0,0,,0,义乌市燃困电子商务商行（个体工商户）,订单结算
2026-04-21 08:43:58,'2026042108435326817334025562,入账,3.35,聚合账户,货款结算入账,小店自卖,'6951948126166586667,'6951948126166586667,'SS76298940154803161870065,2026-04-10 16:06:14,'3789769309207789754,2025新款秋冬橡皮筋高弹力发绳可爱头绳洋气发圈马尾发饰高级头饰,,,普通订单,3.37,0,0,0,0,0,0,0,0,0,0,0,-0.02,0,0,0,0,0,0,是-商品卡免佣,0.15,义乌市燃困电子商务商行（个体工商户）,订单结算
2026-04-21 08:44:40,'2026042108443710997112585562,入账,8.89,聚合账户,货款结算入账,小店自卖,'6925504101294374521,'6925504101294374521,'SS76298947142462021640211,2026-04-10 22:19:15,'3789771031472898748,新款M豆高弹力发绳秋冬橡皮筋可爱头绳洋气发圈马尾发饰高级头饰,,,普通订单,8.34,0,0,0.6,0,0,0,0,0,0,0,0,-0.05,0,0,0,0,0,0,是-商品卡免佣,0.37,义乌市燃困电子商务商行（个体工商户）,订单结算
2026-04-21 08:44:55,'2026042108445110011451145562,入账,3.53,聚合账户,货款结算入账,精选联盟,'6951989094451255047,'6951989094451255047,'SS76299244958354806180101,2026-04-11 09:01:50,'3782179818351755475,银色金属水钻发扣发夹虞书欣同款高级感洋气甜酷风刘海发夹扣发饰,'3122211035558957,小郡主,普通订单,3.93,0,0,0,0,0,0,0,0,0,0,0,-0.2,-0.2,0,0,0,0,0,,0,义乌市燃困电子商务商行（个体工商户）,订单结算
2026-04-21 08:44:58,'2026042108445437750871505562,入账,3.53,聚合账户,货款结算入账,精选联盟,'6925486312480799853,'6925486312480799853,'SS76299221520509998080022,2026-04-10 18:10:21,'3782179818351755475,银色金属水钻发扣发夹虞书欣同款高级感洋气甜酷风刘海发夹扣发饰,'3122211035558957,小郡主,普通订单,3.93,0,0,0,0,0,0,0,0,0,0,0,-0.2,-0.2,0,0,0,0,0,,0,义乌市燃困电子商务商行（个体工商户）,订单结算
2026-04-21 08:45:47,'2026042108454319263165905562,入账,2.8,聚合账户,货款结算入账,小店自卖,'6951969177523262560,'6951969177523262560,'SS76298947114865792520135,2026-04-11 00:21:30,'3789769309207789754,2025新款秋冬橡皮筋高弹力发绳可爱头绳洋气发圈马尾发饰高级头饰,,,普通订单,2.95,0,0,0,0,0,0,0,0,0,0,0,-0.15,0,0,0,0,0,0,,0,义乌市燃困电子商务商行（个体工商户）,订单结算
2026-04-21 08:46:21,'2026042108461532805852625562,入账,3.2,聚合账户,货款结算入账,小店自卖,'6951944005555984281,'6951944005555984281,'SS76298941171197054070208,2026-04-10 19:53:55,'3789769309207789754,2025新款秋冬橡皮筋高弹力发绳可爱头绳洋气发圈马尾发饰高级头饰,,,普通订单,3.37,0,0,0,0,0,0,0,0,0,0,0,-0.17,0,0,0,0,0,0,,0,义乌市燃困电子商务商行（个体工商户）,订单结算
2026-04-21 08:48:03,'2026042108475703077411945562,入账,3.53,聚合账户,货款结算入账,精选联盟,'6925495688695742127,'6925495688695742127,'SS76299223586491435870167,2026-04-10 23:59:53,'3782179818351755475,银色金属水钻发扣发夹虞书欣同款高级感洋气甜酷风刘海发夹扣发饰,'3122211035558957,小郡主,普通订单,3.93,0,0,0,0,0,0,0,0,0,0,0,-0.2,-0.2,0,0,0,0,0,,0,义乌市燃困电子商务商行（个体工商户）,订单结算
2026-04-21 08:48:37,'2026042108483302696317715562,入账,9.66,聚合账户,货款结算入账,小店自卖,'6952023864671802370,'6952023864671802370,'SS76300918792582641270092,2026-04-13 13:23:59,'3806659074658009268,春夏复古彩虹格子蝴蝶结大肠发圈女丸子马尾头绳2026新款韩式发绳,,,普通订单,8.72,0,0,0,0,0,0,0,1,0,0,0,-0.06,0,0,0,0,0,0,是-商品卡免佣,0.44,义乌市燃困电子商务商行（个体工商户）,订单结算
2026-04-21 08:51:59,'2026042108515400719795705562,入账,5.91,聚合账户,货款结算入账,小店自卖,'6951989261430101294,'6951989261430101294,'SS76299564837118653980027,2026-04-11 11:18:30,'3807934237588455815,短发半扎发饰过渡期神器一字弹簧夹2026新款高端后脑勺发夹头饰女,,,普通订单,5.95,0,0,0,0,0,0,0,0,0,0,0,-0.04,0,0,0,0,0,0,是-商品卡免佣,0.29,义乌市燃困电子商务商行（个体工商户）,订单结算
2026-04-21 08:52:11,'2026042108520710992399715562,入账,2.29,聚合账户,货款结算入账,小店自卖,'6925501811983482159,'6925501811983482159,'SS76298947340514271120172,2026-04-10 20:38:48,'3789769309207789754,2025新款秋冬橡皮筋高弹力发绳可爱头绳洋气发圈马尾发饰高级头饰,,,普通订单,2.3,0,0,0,0,0,0,0,0,0,0,0,-0.01,0,0,0,0,0,0,是-商品卡免佣,0.07,义乌市燃困电子商务商行（个体工商户）,订单结算
2026-04-21 08:53:13,'2026042108531040521241875562,入账,3.56,聚合账户,货款结算入账,小店自卖,'6952077400088123311,'6952077400088123311,'SS76299890055469309860217,2026-04-14 21:57:30,'3782039742330306819,kitty香蕉夹女2025新款高级感大号马尾夹发夹竖夹后脑勺盘发饰抓,,,普通订单,3.58,0,0,0,0,0,0,0,0,0,0,0,-0.02,0,0,0,0,0,0,是-商品卡免佣,0.15,义乌市燃困电子商务商行（个体工商户）,订单结算
2026-04-21 08:53:36,'2026042108533211326426105562,入账,2.29,聚合账户,货款结算入账,小店自卖,'6925140272788110787,'6925140272788110787,'SS76299785738269166080118,2026-03-26 06:52:46,'3789769309207789754,2025新款秋冬橡皮筋高弹力发绳可爱头绳洋气发圈马尾发饰高级头饰,,,普通订单,2.3,0,0,0,0,0,0,0,0,0,0,0,-0.01,0,0,0,0,0,0,是-商品卡免佣,0.07,义乌市燃困电子商务商行（个体工商户）,订单结算
2026-04-21 08:56:24,'2026042108561408153008835562,入账,4.38,聚合账户,货款结算入账,小店自卖,'6925501799674576796,'6925501799674576796,'SS76299158178722493530201,2026-04-10 20:22:32,'3782016603152056727,时髦回归~头发抓夹女豹纹蝴蝶结鲨鱼夹2025新款发夹高级感发饰秋,,,普通订单,4.41,0,0,0,0,0,0,0,0,0,0,0,-0.03,0,0,0,0,0,0,是-商品卡免佣,0.22,义乌市燃困电子商务商行（个体工商户）,订单结算
2026-04-21 08:56:38,'2026042108563322536852835562,入账,2.6,聚合账户,货款结算入账,精选联盟,'6925493614890418039,'6925493614890418039,'SS76299204669557151150071,2026-04-10 22:31:23,'3782179818351755475,银色金属水钻发扣发夹虞书欣同款高级感洋气甜酷风刘海发夹扣发饰,'3122211035558957,小郡主,普通订单,2.9,0,0,0,0,0,0,0,0,0,0,0,-0.15,-0.15,0,0,0,0,0,,0,义乌市燃困电子商务商行（个体工商户）,订单结算
2026-04-21 08:58:54,'2026042108584836964275585562,入账,3.53,聚合账户,货款结算入账,精选联盟,'6951967185966667357,'6951967185966667357,'SS76299245488111132500093,2026-04-11 10:05:29,'3782179818351755475,银色金属水钻发扣发夹虞书欣同款高级感洋气甜酷风刘海发夹扣发饰,'3122211035558957,小郡主,普通订单,3.93,0,0,0,0,0,0,0,0,0,0,0,-0.2,-0.2,0,0,0,0,0,,0,义乌市燃困电子商务商行（个体工商户）,订单结算
2026-04-21 08:59:54,'2026042108595022023869705562,入账,2.87,聚合账户,货款结算入账,小店自卖,'6952105338020238735,'6952105338020238735,'SS76301074178266445210118,2026-04-15 22:04:14,'3782158083703309205,春夏韩系雾霾紫布艺发箍显白复古头箍发饰发箍2026爆款洋气高级感,,,普通订单,2.89,0,0,0,0,0,0,0,0,0,0,0,-0.02,0,0,0,0,0,0,是-商品卡免佣,0.15,义乌市燃困电子商务商行（个体工商户）,订单结算
2026-04-21 09:01:11,'2026042109010607282242965562,入账,3.2,聚合账户,货款结算入账,小店自卖,'6925497293759807383,'6925497293759807383,'SS76298940313563635720214,2026-04-10 19:17:44,'3789769309207789754,2025新款秋冬橡皮筋高弹力发绳可爱头绳洋气发圈马尾发饰高级头饰,,,普通订单,3.37,0,0,0,0,0,0,0,0,0,0,0,-0.17,0,0,0,0,0,0,,0,义乌市燃困电子商务商行（个体工商户）,订单结算
2026-04-21 09:03:09,'2026042109030423092639145562,入账,4.65,聚合账户,货款结算入账,精选联盟,'6925603964499885219,'6925603964499885219,'SS76299751665755430400207,2026-04-14 23:21:17,'3782179818351755475,银色金属水钻发扣发夹虞书欣同款高级感洋气甜酷风刘海发夹扣发饰,'3122211035558957,小郡主,普通订单,5.17,0,0,0,0,0,0,0,0,0,0,0,-0.26,-0.26,0,0,0,0,0,,0,义乌市燃困电子商务商行（个体工商户）,订单结算
2026-04-21 09:03:29,'2026042109032504627994035562,入账,3.01,聚合账户,货款结算入账,精选联盟,'6951974887672256191,'6951974887672256191,'SS76299244098325263790038,2026-04-10 16:56:38,'3782179818351755475,银色金属水钻发扣发夹虞书欣同款高级感洋气甜酷风刘海发夹扣发饰,'3122211035558957,小郡主,普通订单,3.35,0,0,0,0,0,0,0,0,0,0,0,-0.17,-0.17,0,0,0,0,0,,0,义乌市燃困电子商务商行（个体工商户）,订单结算
2026-04-21 09:05:05,'2026042109045926679383405562,入账,3.91,聚合账户,货款结算入账,小店自卖,'6925508457544842409,'6925508457544842409,'SS76299243981951473020014,2026-04-11 01:43:35,'3782179818351755475,银色金属水钻发扣发夹虞书欣同款高级感洋气甜酷风刘海发夹扣发饰,,,普通订单,3.93,0,0,0,0,0,0,0,0,0,0,0,-0.02,0,0,0,0,0,0,是-商品卡免佣,0.15,义乌市燃困电子商务商行（个体工商户）,订单结算
2026-04-21 09:05:35,'2026042109053022285519515562,入账,2.87,聚合账户,货款结算入账,小店自卖,'6951980578199246777,'6951980578199246777,'SS76299764335699566270204,2026-04-11 13:35:03,'3782108139843878924,秋冬宽边绒面发箍女2025新款压发洗脸发卡发箍网红爆款2026最新款,,,普通订单,2.89,0,0,0,0,0,0,0,0,0,0,0,-0.02,0,0,0,0,0,0,是-商品卡免佣,0.15,义乌市燃困电子商务商行（个体工商户）,订单结算
2026-04-21 09:11:57,'2026042109115338253696505562,入账,5.92,聚合账户,货款结算入账,小店自卖,'6951957692606584420,'6951957692606584420,'SS76299222660634547700117,2026-04-10 22:17:21,'3782032949856305462,虞书欣同款发夹小发扣金属圆形水钻刘海前额侧边边夹抓夹发卡夹子,,,普通订单,5.96,0,0,0,0,0,0,0,0,0,0,0,-0.04,0,0,0,0,0,0,是-商品卡免佣,0.29,义乌市燃困电子商务商行（个体工商户）,订单结算
2026-04-21 09:12:22,'2026042109121718478085545562,入账,3.35,聚合账户,货款结算入账,小店自卖,'6925509267440041282,'6925509267440041282,'SS76299760940935580670016,2026-04-11 11:36:19,'3789769309207789754,2025新款秋冬橡皮筋高弹力发绳可爱头绳洋气发圈马尾发饰高级头饰,,,普通订单,3.37,0,0,0,0,0,0,0,0,0,0,0,-0.02,0,0,0,0,0,0,是-商品卡免佣,0.15,义乌市燃困电子商务商行（个体工商户）,订单结算
2026-04-21 09:30:26,'2026042109302320304696595562,出账,1,聚合账户,小额打款,,'6952156805091628771,'6952156805091628771,,,,,,,普通订单,0,0,0,0,0,0,0,0,0,0,0,0,0,0,0,0,0,0,0,,0,义乌市燃困电子商务商行（个体工商户）,商家向消费者小额打款-“补差价”
2026-04-21 09:31:14,'2026042109310903327431785562,入账,2.88,聚合账户,货款结算入账,小店自卖,'6951986574425461815,'6951986574425461815,'SS76299204712908928340137,2026-04-10 23:39:40,'3782179818351755475,银色金属水钻发扣发夹虞书欣同款高级感洋气甜酷风刘海发夹扣发饰,,,普通订单,0.01,0,0,2.89,0,0,0,0,0,0,0,0,-0.02,0,0,0,0,0,0,是-商品卡免佣,0.15,义乌市燃困电子商务商行（个体工商户）,订单结算
2026-04-21 09:35:06,'2026042109350306398938005562,入账,1.79,聚合账户,货款结算入账,小店自卖,'6951967575851275971,'6951967575851275971,'SS76299906670508815630206,2026-04-11 14:24:20,'3789769309207789754,2025新款秋冬橡皮筋高弹力发绳可爱头绳洋气发圈马尾发饰高级头饰,,,普通订单,0.01,0,0,1.79,0,0,0,0,0,0,0,0,-0.01,0,0,0,0,0,0,是-商品卡免佣,0.07,义乌市燃困电子商务商行（个体工商户）,订单结算
2026-04-21 09:40:47,'2026042109404412568993685562,出账,2,聚合账户,小额打款,,'6925580664117755840,'6925580664117755840,,,,,,,普通订单,0,0,0,0,0,0,0,0,0,0,0,0,0,0,0,0,0,0,0,,0,义乌市燃困电子商务商行（个体工商户）,商家向消费者小额打款-“补差价”
2026-04-21 09:45:57,'2026042109455410654522945562,入账,3.33,聚合账户,货款结算入账,小店自卖,'6952121071385777450,'6952121071385777450,'SS76300442422997980420186,2026-04-15 21:49:41,'3782179818351755475,银色金属水钻发扣发夹虞书欣同款高级感洋气甜酷风刘海发夹扣发饰,,,普通订单,3.35,0,0,0,0,0,0,0,0,0,0,0,-0.02,0,0,0,0,0,0,是-商品卡免佣,0.15,义乌市燃困电子商务商行（个体工商户）,订单结算
2026-04-21 09:45:57,'2026042109455320103173385562,入账,2.75,聚合账户,货款结算入账,巨量千川,'6925602234700955321,'6925602234700955321,'SS76298800878330682880247,2026-04-15 11:51:14,'3782158083703309205,春夏韩系雾霾紫布艺发箍显白复古头箍发饰发箍2026爆款洋气高级感,,,普通订单,2.89,0,0,0,0,0,0,0,0,0,0,0,-0.14,0,0,0,0,0,0,,0,义乌市燃困电子商务商行（个体工商户）,订单结算
2026-04-21 09:45:57,'2026042109455414436436915562,入账,4.27,聚合账户,货款结算入账,小店自卖,'6952073948899514026,'6952073948899514026,'SS76300941550510574440138,2026-04-14 10:42:21,'3806659074658009268,春夏复古彩虹格子蝴蝶结大肠发圈女丸子马尾头绳2026新款韩式发绳,,,普通订单,4.5,0,0,0,0,0,0,0,0,0,0,0,-0.23,0,0,0,0,0,0,,0,义乌市燃困电子商务商行（个体工商户）,订单结算
2026-04-21 09:45:57,'2026042109455439037507075562,入账,3.91,聚合账户,货款结算入账,小店自卖,'6925496366481964335,'6925496366481964335,'SS76299748659651873790188,2026-04-11 11:15:43,'3782179818351755475,银色金属水钻发扣发夹虞书欣同款高级感洋气甜酷风刘海发夹扣发饰,,,普通订单,0.93,0,0,3,0,0,0,0,0,0,0,0,-0.02,0,0,0,0,0,0,是-商品卡免佣,0.15,义乌市燃困电子商务商行（个体工商户）,订单结算
2026-04-21 09:45:57,'2026042109455404244771935562,入账,1.1,聚合账户,货款结算入账,小店自卖,'6925571378413207327,'6925571378413207327,'SS76301075470806228890050,2026-04-13 22:37:08,'3807029917166731596,简约盘发一字扭扭夹女水钻抓夹复古百搭盘发器2026新款后脑勺发夹,,,普通订单,1.11,0,0,0,0,0,0,0,0,0,0,0,-0.01,0,0,0,0,0,0,是-商品卡免佣,0.07,义乌市燃困电子商务商行（个体工商户）,订单结算
2026-04-21 09:45:57,'2026042109455326350226285562,入账,10.05,聚合账户,货款结算入账,小店自卖,'6951981962323171151,'6951981962323171151,'SS76300003617553126660026,2026-04-10 22:13:44,'3789769309207789754,2025新款秋冬橡皮筋高弹力发绳可爱头绳洋气发圈马尾发饰高级头饰,,,普通订单,10.11,0,0,0,0,0,0,0,0,0,0,0,-0.06,0,0,0,0,0,0,是-商品卡免佣,0.44,义乌市燃困电子商务商行（个体工商户）,订单结算
2026-04-21 09:45:57,'2026042109455513256133555562,入账,3.53,聚合账户,货款结算入账,精选联盟,'6951987188570264858,'6951987188570264858,'SS76299748788381125180036,2026-04-11 11:40:45,'3782179818351755475,银色金属水钻发扣发夹虞书欣同款高级感洋气甜酷风刘海发夹扣发饰,'3122211035558957,小郡主,普通订单,3.93,0,0,0,0,0,0,0,0,0,0,0,-0.2,-0.2,0,0,0,0,0,,0,义乌市燃困电子商务商行（个体工商户）,订单结算
2026-04-21 09:45:57,'2026042109455409237345825562,入账,3.35,聚合账户,货款结算入账,小店自卖,'6951973803764094108,'6951973803764094108,'SS76299218789899146510248,2026-04-11 09:00:39,'3789769309207789754,2025新款秋冬橡皮筋高弹力发绳可爱头绳洋气发圈马尾发饰高级头饰,,,普通订单,3.17,0,0,0.2,0,0,0,0,0,0,0,0,-0.02,0,0,0,0,0,0,是-商品卡免佣,0.15,义乌市燃困电子商务商行（个体工商户）,订单结算
2026-04-21 09:45:57,'2026042109455335149092385562,入账,3.53,聚合账户,货款结算入账,精选联盟,'6951985316651079599,'6951985316651079599,'SS76299876610794785550083,2026-04-11 14:09:29,'3782179818351755475,银色金属水钻发扣发夹虞书欣同款高级感洋气甜酷风刘海发夹扣发饰,'1607921290974931,1郫都区宜源商贸部（个体工商户）,普通订单,3.93,0,0,0,0,0,0,0,0,0,0,0,-0.2,-0.2,0,0,0,0,0,,0,义乌市燃困电子商务商行（个体工商户）,订单结算
2026-04-21 09:45:57,'2026042109455441865060105562,入账,3.35,聚合账户,货款结算入账,小店自卖,'6925498370106031782,'6925498370106031782,'SS76298947117846203340118,2026-04-11 08:15:38,'3789769309207789754,2025新款秋冬橡皮筋高弹力发绳可爱头绳洋气发圈马尾发饰高级头饰,,,普通订单,3.37,0,0,0,0,0,0,0,0,0,0,0,-0.02,0,0,0,0,0,0,是-商品卡免佣,0.15,义乌市燃困电子商务商行（个体工商户）,订单结算
2026-04-21 09:46:15,'2026042109461233142871305562,入账,3.53,聚合账户,货款结算入账,精选联盟,'6951988393144227522,'6951988393144227522,'SS76299638623951631740217,2026-04-12 02:38:35,'3782179818351755475,银色金属水钻发扣发夹虞书欣同款高级感洋气甜酷风刘海发夹扣发饰,'3122211035558957,小郡主,普通订单,3.93,0,0,0,0,0,0,0,0,0,0,0,-0.2,-0.2,0,0,0,0,0,,0,义乌市燃困电子商务商行（个体工商户）,订单结算
2026-04-21 09:46:15,'2026042109461216244088415562,入账,3.53,聚合账户,货款结算入账,精选联盟,'6925501058282323210,'6925501058282323210,'SS76299899065003218280083,2026-04-11 14:01:36,'3782179818351755475,银色金属水钻发扣发夹虞书欣同款高级感洋气甜酷风刘海发夹扣发饰,'3122211035558957,小郡主,普通订单,3.93,0,0,0,0,0,0,0,0,0,0,0,-0.2,-0.2,0,0,0,0,0,,0,义乌市燃困电子商务商行（个体工商户）,订单结算
2026-04-21 09:46:15,'2026042109461239678118675562,入账,3.53,聚合账户,货款结算入账,精选联盟,'6952012334295291850,'6952012334295291850,'SS76297690907697154560191,2026-04-12 22:42:31,'3782179818351755475,银色金属水钻发扣发夹虞书欣同款高级感洋气甜酷风刘海发夹扣发饰,'3122211035558957,小郡主,普通订单,3.93,0,0,0,0,0,0,0,0,0,0,0,-0.2,-0.2,0,0,0,0,0,,0,义乌市燃困电子商务商行（个体工商户）,订单结算
2026-04-21 09:46:15,'2026042109461222526205545562,入账,3.95,聚合账户,货款结算入账,小店自卖,'6952057333720815520,'6952057333720815520,'SS76299343683996556800093,2026-04-13 18:19:38,'3782179818351755475,银色金属水钻发扣发夹虞书欣同款高级感洋气甜酷风刘海发夹扣发饰,,,普通订单,3.97,0,0,0,0,0,0,0,0,0,0,0,-0.02,0,0,0,0,0,0,是-商品卡免佣,0.15,义乌市燃困电子商务商行（个体工商户）,订单结算
2026-04-21 09:46:15,'2026042109461213158489875562,入账,3.53,聚合账户,货款结算入账,精选联盟,'6925493480605514941,'6925493480605514941,'SS76299222146911439780091,2026-04-10 21:50:50,'3782179818351755475,银色金属水钻发扣发夹虞书欣同款高级感洋气甜酷风刘海发夹扣发饰,'3122211035558957,小郡主,普通订单,3.93,0,0,0,0,0,0,0,0,0,0,0,-0.2,-0.2,0,0,0,0,0,,0,义乌市燃困电子商务商行（个体工商户）,订单结算
2026-04-21 09:46:26,'2026042109462340315947675562,入账,8.36,聚合账户,货款结算入账,精选联盟,'6951969585936602639,'6951969585936602639,'SS76299565788754583670041,2026-04-11 09:41:04,'3782016603152056727,时髦回归~头发抓夹女豹纹蝴蝶结鲨鱼夹2025新款发夹高级感发饰秋,'487836107934860,静静好物,普通订单,9.28,0,0,0,0,0,0,0,0,0,0,0,-0.46,-0.46,0,0,0,0,0,,0,义乌市燃困电子商务商行（个体工商户）,订单结算
2026-04-21 09:46:26,'2026042109462314025200995562,入账,5.92,聚合账户,货款结算入账,小店自卖,'6952031013773121365,'6952031013773121365,'SS76298986677170833980072,2026-04-13 19:16:13,'3782032949856305462,虞书欣同款发夹小发扣金属圆形水钻刘海前额侧边边夹抓夹发卡夹子,,,普通订单,5.96,0,0,0,0,0,0,0,0,0,0,0,-0.04,0,0,0,0,0,0,是-商品卡免佣,0.29,义乌市燃困电子商务商行（个体工商户）,订单结算
2026-04-21 09:46:26,'2026042109462319973250965562,入账,3.33,聚合账户,货款结算入账,小店自卖,'6951964084452005261,'6951964084452005261,'SS76299245173220318780223,2026-04-10 21:34:21,'3782179818351755475,银色金属水钻发扣发夹虞书欣同款高级感洋气甜酷风刘海发夹扣发饰,,,普通订单,3.35,0,0,0,0,0,0,0,0,0,0,0,-0.02,0,0,0,0,0,0,是-商品卡免佣,0.15,义乌市燃困电子商务商行（个体工商户）,订单结算
2026-04-21 09:46:26,'2026042109462313182244275562,入账,3.91,聚合账户,货款结算入账,小店自卖,'6925493735945042982,'6925493735945042982,'SS76299223512834217390206,2026-04-10 23:25:18,'3782179818351755475,银色金属水钻发扣发夹虞书欣同款高级感洋气甜酷风刘海发夹扣发饰,,,普通订单,3.93,0,0,0,0,0,0,0,0,0,0,0,-0.02,0,0,0,0,0,0,是-商品卡免佣,0.15,义乌市燃困电子商务商行（个体工商户）,订单结算
2026-04-21 09:46:26,'2026042109462232789345345562,入账,2.87,聚合账户,货款结算入账,小店自卖,'6925494848521797425,'6925494848521797425,'SS76299210907014925070156,2026-04-10 17:54:35,'3782158083703309205,春夏韩系雾霾紫布艺发箍显白复古头箍发饰发箍2026爆款洋气高级感,,,普通订单,2.89,0,0,0,0,0,0,0,0,0,0,0,-0.02,0,0,0,0,0,0,是-商品卡免佣,0.15,义乌市燃困电子商务商行（个体工商户）,订单结算
2026-04-21 09:46:34,'2026042109463117787786785562,入账,2.6,聚合账户,货款结算入账,精选联盟,'6951948188235798446,'6951948188235798446,'SS76299204359925274010104,2026-04-10 16:39:09,'3782179818351755475,银色金属水钻发扣发夹虞书欣同款高级感洋气甜酷风刘海发夹扣发饰,'3122211035558957,小郡主,普通订单,2.9,0,0,0,0,0,0,0,0,0,0,0,-0.15,-0.15,0,0,0,0,0,,0,义乌市燃困电子商务商行（个体工商户）,订单结算
2026-04-21 09:46:34,'2026042109463009487651945562,入账,3.01,聚合账户,货款结算入账,精选联盟,'6925514779930426576,'6925514779930426576,'SS76299699659920673710070,2026-04-11 20:34:30,'3782179818351755475,银色金属水钻发扣发夹虞书欣同款高级感洋气甜酷风刘海发夹扣发饰,'3122211035558957,小郡主,普通订单,3.35,0,0,0,0,0,0,0,0,0,0,0,-0.17,-0.17,0,0,0,0,0,,0,义乌市燃困电子商务商行（个体工商户）,订单结算
2026-04-21 09:46:34,'2026042109463013729794985562,入账,3.91,聚合账户,货款结算入账,小店自卖,'6951984532178867378,'6951984532178867378,'SS76299243688939850300056,2026-04-11 00:57:14,'3782179818351755475,银色金属水钻发扣发夹虞书欣同款高级感洋气甜酷风刘海发夹扣发饰,,,普通订单,3.93,0,0,0,0,0,0,0,0,0,0,0,-0.02,0,0,0,0,0,0,是-商品卡免佣,0.15,义乌市燃困电子商务商行（个体工商户）,订单结算
2026-04-21 09:46:34,'2026042109463040521938115562,入账,3.63,聚合账户,货款结算入账,小店自卖,'6952032646044718355,'6952032646044718355,'SS76299188722001515670125,2026-04-13 12:23:24,'3782195308151308329,复古豹纹大号发夹女秋冬高级感盘发鲨鱼夹气质后脑勺发抓夹子头饰,,,普通订单,3.65,0,0,0,0,0,0,0,0,0,0,0,-0.02,0,0,0,0,0,0,是-商品卡免佣,0.15,义乌市燃困电子商务商行（个体工商户）,订单结算
2026-04-21 09:46:34,'2026042109463031375526675562,入账,3.95,聚合账户,货款结算入账,小店自卖,'6925493068137201455,'6925493068137201455,'SS76299873391185922820018,2026-04-10 19:04:22,'3782179818351755475,银色金属水钻发扣发夹虞书欣同款高级感洋气甜酷风刘海发夹扣发饰,,,普通订单,3.97,0,0,0,0,0,0,0,0,0,0,0,-0.02,0,0,0,0,0,0,是-商品卡免佣,0.15,义乌市燃困电子商务商行（个体工商户）,订单结算
2026-04-21 09:46:49,'2026042109464720638600065562,入账,0.95,聚合账户,货款结算入账,小店自卖,'6925397687050928046,'6925397687050928046,'SS76300017092759068700005,2026-04-06 13:48:39,'3806659074658009268,秋冬复古彩虹格子蝴蝶结大肠发圈女丸子马尾头绳2026新款韩式发绳,,,普通订单,0.85,0,0,0.15,0,0,0,0,0,0,0,0,-0.05,0,0,0,0,0,0,,0,义乌市燃困电子商务商行（个体工商户）,订单结算
2026-04-21 09:46:49,'2026042109464617668349825562,入账,4.69,聚合账户,货款结算入账,小店自卖,'6925515739083276254,'6925515739083276254,'SS76299748575326582110250,2026-04-11 12:24:18,'3792556779406229663,网红同款高颅顶圆形金属百搭发扣甜酷刘海发夹前额侧边夹发卡头饰,,,普通订单,0.72,0,0,4,0,0,0,0,0,0,0,0,-0.03,0,0,0,0,0,0,是-商品卡免佣,0.22,义乌市燃困电子商务商行（个体工商户）,订单结算
2026-04-21 09:46:49,'2026042109464532638080465562,入账,2.7,聚合账户,货款结算入账,小店自卖,'6925563803321007174,'6925563803321007174,'SS76300917360856765960034,2026-04-13 19:49:43,'3793481951785123969,2025新年款红色百搭珍珠皮筋发圈女马尾头绳高级发绳丸子头发发饰,,,普通订单,0.01,0,0,2.83,0,0,0,0,0,0,0,0,-0.14,0,0,0,0,0,0,,0,义乌市燃困电子商务商行（个体工商户）,订单结算
2026-04-21 09:46:49,'2026042109464638931832415562,入账,4.89,聚合账户,货款结算入账,精选联盟,'6925506016041074205,'6925506016041074205,'SS76299764451208443380125,2026-04-10 19:58:04,'3782108139843878924,秋冬宽边绒面发箍女2025新款压发洗脸发卡高级感时尚洋气头箍发饰,'479040913815549,文静好物,普通订单,5.29,0,0,0.6,0,0,0,0,0,0,0,0,-0.29,-0.71,0,0,0,0,0,,0,义乌市燃困电子商务商行（个体工商户）,订单结算
2026-04-21 09:46:49,'2026042109464717205496785562,入账,3.41,聚合账户,货款结算入账,精选联盟,'6952110646600669092,'6952110646600669092,'SS76300798439421708990140,2026-04-16 13:22:14,'3782325703417135370,许我耀眼赵露思许妍同款爱心抓夹高级感后脑勺盘发鲨鱼夹发夹头饰,'0,,普通订单,0.79,0,0,3,0,0,0,0,0,0,0,0,-0.19,0,0,0,0,-0.19,0,,0,义乌市燃困电子商务商行（个体工商户）,订单结算
2026-04-21 09:47:04,'2026042109470206754803715562,入账,3.77,聚合账户,货款结算入账,小店自卖,'6925629449764896614,'6925629449764896614,'SS76300223208069696060238,2026-04-15 21:28:49,'3782325703417135370,许我耀眼赵露思许妍同款爱心抓夹高级感后脑勺盘发鲨鱼夹发夹头饰,,,普通订单,3.79,0,0,0,0,0,0,0,0,0,0,0,-0.02,0,0,0,0,0,0,是-商品卡免佣,0.15,义乌市燃困电子商务商行（个体工商户）,订单结算
2026-04-21 09:47:04,'2026042109470041168287225562,入账,2.95,聚合账户,货款结算入账,小店自卖,'6925335262435442505,'6925335262435442505,'SS76299096436909020260005,2026-04-03 22:09:22,'3782179818351755475,银色金属水钻发扣发夹虞书欣同款高级感洋气甜酷风刘海发夹扣发饰,,,普通订单,2.97,0,0,0,0,0,0,0,0,0,0,0,-0.02,0,0,0,0,0,0,是-商品卡免佣,0.15,义乌市燃困电子商务商行（个体工商户）,订单结算
2026-04-21 09:47:04,'2026042109470141361085705562,入账,3.77,聚合账户,货款结算入账,小店自卖,'6925515615076842876,'6925515615076842876,'SS76299914614418642320231,2026-04-11 11:33:40,'3782037403703836681,可爱米菲兔香蕉夹牛仔兔子高马尾少女巨显后脑勺发量百搭盘发发饰,,,普通订单,3.79,0,0,0,0,0,0,0,0,0,0,0,-0.02,0,0,0,0,0,0,是-商品卡免佣,0.15,义乌市燃困电子商务商行（个体工商户）,订单结算
2026-04-21 09:47:04,'2026042109470103067579385562,入账,5.32,聚合账户,货款结算入账,小店自卖,'6925488091809873406,'6925488091809873406,'SS76300005676619044200080,2026-04-10 13:35:08,'3782108139843878924,秋冬宽边绒面发箍女2025新款压发洗脸发卡发箍网红爆款2026最新款,,,普通订单,5.35,0,0,0,0,0,0,0,0,0,0,0,-0.03,0,0,0,0,0,0,是-商品卡免佣,0.22,义乌市燃困电子商务商行（个体工商户）,订单结算
2026-04-21 09:47:04,'2026042109470106715640845562,入账,3.57,聚合账户,货款结算入账,精选联盟,'6952050468993111523,'6952050468993111523,'SS76299571893203154280023,2026-04-13 12:55:32,'3782179818351755475,银色金属水钻发扣发夹虞书欣同款高级感洋气甜酷风刘海发夹扣发饰,'0,,普通订单,0.97,0,0,3,0,0,0,0,0,0,0,0,-0.2,0,0,0,0,-0.2,0,,0,义乌市燃困电子商务商行（个体工商户）,订单结算
2026-04-21 09:47:46,'2026042109474326766221145562,入账,4.19,聚合账户,货款结算入账,精选联盟,'6952003854797378927,'6952003854797378927,'SS76298906687739665920036,2026-04-11 23:58:17,'3782195308151308329,复古豹纹大号发夹女秋冬高级感盘发鲨鱼夹气质后脑勺发抓夹子头饰,'0,,普通订单,1.16,0,0,3.49,0,0,0,0,0,0,0,0,-0.23,0,0,0,0,-0.23,0,,0,义乌市燃困电子商务商行（个体工商户）,订单结算
2026-04-21 09:48:05,'2026042109480128492109435562,入账,3.01,聚合账户,货款结算入账,精选联盟,'6952007709353776648,'6952007709353776648,'SS76300452948652078480116,2026-04-12 23:19:04,'3782179818351755475,银色金属水钻发扣发夹虞书欣同款高级感洋气甜酷风刘海发夹扣发饰,'3122211035558957,小郡主,普通订单,3.35,0,0,0,0,0,0,0,0,0,0,0,-0.17,-0.17,0,0,0,0,0,,0,义乌市燃困电子商务商行（个体工商户）,订单结算
2026-04-21 09:48:05,'2026042109480128363535425562,入账,3.95,聚合账户,货款结算入账,小店自卖,'6925277991717404454,'6925277991717404454,'SS76298997850517670500221,2026-03-31 23:42:48,'3782179818351755475,银色金属水钻发扣发夹虞书欣同款高级感洋气甜酷风刘海发夹扣发饰,,,普通订单,3.97,0,0,0,0,0,0,0,0,0,0,0,-0.02,0,0,0,0,0,0,是-商品卡免佣,0.15,义乌市燃困电子商务商行（个体工商户）,订单结算
2026-04-21 09:48:05,'2026042109480127312622145562,入账,5.72,聚合账户,货款结算入账,小店自卖,'6925533246568562367,'6925533246568562367,'SS76297652010718503030051,2026-04-12 12:21:41,'3788640175123464434,懒人金属圆形小发扣女前额侧边水钻刘海夹子发卡公主头编发夹发饰,,,普通订单,5.75,0,0,0,0,0,0,0,0,0,0,0,-0.03,0,0,0,0,0,0,是-商品卡免佣,0.22,义乌市燃困电子商务商行（个体工商户）,订单结算
2026-04-21 09:48:05,'2026042109480137718922675562,入账,3.35,聚合账户,货款结算入账,小店自卖,'6951984992098588155,'6951984992098588155,'SS76299761174538816510227,2026-04-11 11:04:00,'3789769309207789754,2025新款秋冬橡皮筋高弹力发绳可爱头绳洋气发圈马尾发饰高级头饰,,,普通订单,3.37,0,0,0,0,0,0,0,0,0,0,0,-0.02,0,0,0,0,0,0,是-商品卡免佣,0.15,义乌市燃困电子商务商行（个体工商户）,订单结算
2026-04-21 09:48:05,'2026042109475918303066015562,入账,2.72,聚合账户,货款结算入账,精选联盟,'6925503678016355982,'6925503678016355982,'SS76299245272883371900193,2026-04-10 19:48:08,'3782179818351755475,银色金属水钻发扣发夹虞书欣同款高级感洋气甜酷风刘海发夹扣发饰,'3122211035558957,小郡主,普通订单,3.02,0,0,0,0,0,0,0,0,0,0,0,-0.15,-0.15,0,0,0,0,0,,0,义乌市燃困电子商务商行（个体工商户）,订单结算
2026-04-21 09:48:05,'2026042109480227692938665562,入账,3.35,聚合账户,货款结算入账,小店自卖,'6925511203186375952,'6925511203186375952,'SS76299218594940728470165,2026-04-11 09:01:30,'3789769309207789754,2025新款秋冬橡皮筋高弹力发绳可爱头绳洋气发圈马尾发饰高级头饰,,,普通订单,2.98,0,0,0.39,0,0,0,0,0,0,0,0,-0.02,0,0,0,0,0,0,是-商品卡免佣,0.15,义乌市燃困电子商务商行（个体工商户）,订单结算
2026-04-21 09:48:22,'2026042109481933819205225562,入账,4.88,聚合账户,货款结算入账,小店自卖,'6952011144249807900,'6952011144249807900,'SS76299847371632970390157,2026-04-12 11:50:53,'3806659074658009268,春夏复古彩虹格子蝴蝶结大肠发圈女丸子马尾头绳2026新款韩式发绳,,,普通订单,4.91,0,0,0,0,0,0,0,0,0,0,0,-0.03,0,0,0,0,0,0,是-商品卡免佣,0.22,义乌市燃困电子商务商行（个体工商户）,订单结算
2026-04-21 09:48:22,'2026042109482000506967145562,入账,3.53,聚合账户,货款结算入账,精选联盟,'6951961905318074194,'6951961905318074194,'SS76299222100190005910094,2026-04-10 21:30:04,'3782179818351755475,银色金属水钻发扣发夹虞书欣同款高级感洋气甜酷风刘海发夹扣发饰,'3122211035558957,小郡主,普通订单,3.93,0,0,0,0,0,0,0,0,0,0,0,-0.2,-0.2,0,0,0,0,0,,0,义乌市燃困电子商务商行（个体工商户）,订单结算
2026-04-21 09:48:22,'2026042109481924875011075562,入账,3.01,聚合账户,货款结算入账,精选联盟,'6925501010532859453,'6925501010532859453,'SS76299884510061245440082,2026-04-11 13:08:45,'3782179818351755475,银色金属水钻发扣发夹虞书欣同款高级感洋气甜酷风刘海发夹扣发饰,'3122211035558957,小郡主,普通订单,3.35,0,0,0,0,0,0,0,0,0,0,0,-0.17,-0.17,0,0,0,0,0,,0,义乌市燃困电子商务商行（个体工商户）,订单结算
2026-04-21 09:48:22,'2026042109482011998338835562,入账,4.67,聚合账户,货款结算入账,精选联盟,'6952103153830139734,'6952103153830139734,'SS76299956897995660860043,2026-04-15 21:24:04,'3782154121554035149,韩系简约灰色绒面宽边发箍女高颅顶日常外戴显脸小百搭头箍发饰女,'62909993519,美伊.,普通订单,5.19,0,0,0,0,0,0,0,0,0,0,0,-0.26,-0.26,0,0,0,0,0,,0,义乌市燃困电子商务商行（个体工商户）,订单结算
2026-04-21 09:48:22,'2026042109481902566886505562,入账,3.43,聚合账户,货款结算入账,小店自卖,'6925543948964560245,'6925543948964560245,'SS76300349667349471060026,2026-04-12 14:38:41,'3782193222986629380,复古波点褶皱香蕉夹高级感马尾扭扭竖夹后脑勺显发量横夹发卡抓夹,,,普通订单,3.45,0,0,0,0,0,0,0,0,0,0,0,-0.02,0,0,0,0,0,0,是-商品卡免佣,0.15,义乌市燃困电子商务商行（个体工商户）,订单结算
2026-04-21 09:48:38,'2026042109483312975475475562,入账,2.97,聚合账户,货款结算入账,精选联盟,'6925523204002512328,'6925523204002512328,'SS76299400893846164940028,2026-04-11 21:22:25,'3782179818351755475,银色金属水钻发扣发夹虞书欣同款高级感洋气甜酷风刘海发夹扣发饰,'3122211035558957,小郡主,普通订单,3.15,0,0,0,0,0,0,0,0,0,0,0,-0.02,-0.16,0,0,0,0,0,是-商品卡免佣,0.15,义乌市燃困电子商务商行（个体工商户）,订单结算
2026-04-21 09:48:38,'2026042109483507509161595562,入账,3.53,聚合账户,货款结算入账,精选联盟,'6951957645172675697,'6951957645172675697,'SS76299222301931320510239,2026-04-10 22:13:39,'3782179818351755475,银色金属水钻发扣发夹虞书欣同款高级感洋气甜酷风刘海发夹扣发饰,'3122211035558957,小郡主,普通订单,3.93,0,0,0,0,0,0,0,0,0,0,0,-0.2,-0.2,0,0,0,0,0,,0,义乌市燃困电子商务商行（个体工商户）,订单结算
2026-04-21 09:48:38,'2026042109483237638026705562,入账,4.24,聚合账户,货款结算入账,精选联盟,'6925553301846392064,'6925553301846392064,'SS76300444571860175870087,2026-04-12 15:09:11,'3782179818351755475,银色金属水钻发扣发夹虞书欣同款高级感洋气甜酷风刘海发夹扣发饰,'3122211035558957,小郡主,普通订单,4.72,0,0,0,0,0,0,0,0,0,0,0,-0.24,-0.24,0,0,0,0,0,,0,义乌市燃困电子商务商行（个体工商户）,订单结算
2026-04-21 09:48:38,'2026042109483423342986505562,入账,3.26,聚合账户,货款结算入账,小店自卖,'6925633214973967833,'6925633214973967833,'SS76300788945692925960143,2026-04-15 21:35:06,'3789769309207789754,2025新款百搭橡皮筋高弹力发绳可爱头绳洋气发圈马尾发饰高级头饰,,,普通订单,3.28,0,0,0,0,0,0,0,0,0,0,0,-0.02,0,0,0,0,0,0,是-商品卡免佣,0.15,义乌市燃困电子商务商行（个体工商户）,订单结算
2026-04-21 09:48:38,'2026042109483439304896095562,入账,3.01,聚合账户,货款结算入账,精选联盟,'6925500965154160046,'6925500965154160046,'SS76299748494859351040024,2026-04-11 13:06:26,'3782179818351755475,银色金属水钻发扣发夹虞书欣同款高级感洋气甜酷风刘海发夹扣发饰,'3122211035558957,小郡主,普通订单,3.35,0,0,0,0,0,0,0,0,0,0,0,-0.17,-0.17,0,0,0,0,0,,0,义乌市燃困电子商务商行（个体工商户）,订单结算
2026-04-21 09:48:50,'2026042109484626535900425562,入账,3.35,聚合账户,货款结算入账,小店自卖,'6925491613988518936,'6925491613988518936,'SS76298946980767665140024,2026-04-11 07:32:34,'3789769309207789754,2025新款秋冬橡皮筋高弹力发绳可爱头绳洋气发圈马尾发饰高级头饰,,,普通订单,3.37,0,0,0,0,0,0,0,0,0,0,0,-0.02,0,0,0,0,0,0,是-商品卡免佣,0.15,义乌市燃困电子商务商行（个体工商户）,订单结算
2026-04-21 09:48:50,'2026042109484712224312595562,入账,3.2,聚合账户,货款结算入账,小店自卖,'6925499689714613532,'6925499689714613532,'SS76298941335283474460001,2026-04-10 21:37:11,'3789769309207789754,2025新款秋冬橡皮筋高弹力发绳可爱头绳洋气发圈马尾发饰高级头饰,,,普通订单,3.37,0,0,0,0,0,0,0,0,0,0,0,-0.17,0,0,0,0,0,0,,0,义乌市燃困电子商务商行（个体工商户）,订单结算
2026-04-21 09:48:50,'2026042109484714135140305562,入账,3.53,聚合账户,货款结算入账,精选联盟,'6925517749506243673,'6925517749506243673,'SS76299748929320230910243,2026-04-11 12:33:34,'3782179818351755475,银色金属水钻发扣发夹虞书欣同款高级感洋气甜酷风刘海发夹扣发饰,'3122211035558957,小郡主,普通订单,3.93,0,0,0,0,0,0,0,0,0,0,0,-0.2,-0.2,0,0,0,0,0,,0,义乌市燃困电子商务商行（个体工商户）,订单结算
2026-04-21 09:48:50,'2026042109484630248307305562,入账,3.53,聚合账户,货款结算入账,精选联盟,'6925498131178684338,'6925498131178684338,'SS76299244771287045520136,2026-04-11 04:26:44,'3782179818351755475,银色金属水钻发扣发夹虞书欣同款高级感洋气甜酷风刘海发夹扣发饰,'3122211035558957,小郡主,普通订单,3.93,0,0,0,0,0,0,0,0,0,0,0,-0.2,-0.2,0,0,0,0,0,,0,义乌市燃困电子商务商行（个体工商户）,订单结算
2026-04-21 09:48:50,'2026042109484601898089385562,入账,3.91,聚合账户,货款结算入账,小店自卖,'6952000713443382883,'6952000713443382883,'SS76299899156982380040225,2026-04-11 14:14:26,'3782179818351755475,银色金属水钻发扣发夹虞书欣同款高级感洋气甜酷风刘海发夹扣发饰,,,普通订单,3.93,0,0,0,0,0,0,0,0,0,0,0,-0.02,0,0,0,0,0,0,是-商品卡免佣,0.15,义乌市燃困电子商务商行（个体工商户）,订单结算
2026-04-21 09:49:06,'2026042109490309949023075562,入账,2.72,聚合账户,货款结算入账,精选联盟,'6951981846926202508,'6951981846926202508,'SS76299245109435272200083,2026-04-10 21:16:37,'3782179818351755475,银色金属水钻发扣发夹虞书欣同款高级感洋气甜酷风刘海发夹扣发饰,'3122211035558957,小郡主,普通订单,3.02,0,0,0,0,0,0,0,0,0,0,0,-0.15,-0.15,0,0,0,0,0,,0,义乌市燃困电子商务商行（个体工商户）,订单结算
2026-04-21 09:49:06,'2026042109490314356976645562,入账,3.33,聚合账户,货款结算入账,小店自卖,'6951973974029899098,'6951973974029899098,'SS76299748754780659580214,2026-04-11 10:46:07,'3782179818351755475,银色金属水钻发扣发夹虞书欣同款高级感洋气甜酷风刘海发夹扣发饰,,,普通订单,3.35,0,0,0,0,0,0,0,0,0,0,0,-0.02,0,0,0,0,0,0,是-商品卡免佣,0.15,义乌市燃困电子商务商行（个体工商户）,订单结算
2026-04-21 09:49:06,'2026042109490408349168905562,入账,2.11,聚合账户,货款结算入账,精选联盟,'6925497692954132396,'6925497692954132396,'SS76299245316920611840243,2026-04-10 22:08:54,'3782179818351755475,银色金属水钻发扣发夹虞书欣同款高级感洋气甜酷风刘海发夹扣发饰,'3122211035558957,小郡主,普通订单,3.35,0,0,0,0,0,0,0,0,0,0,-1,-0.12,-0.12,0,0,0,0,0,,0,义乌市燃困电子商务商行（个体工商户）,订单结算
2026-04-21 09:49:06,'2026042109490307431621525562,入账,2.85,聚合账户,货款结算入账,小店自卖,'6952114070320780480,'6952114070320780480,'SS76300908392970327670227,2026-04-15 19:44:20,'3782171819000332501,许我耀眼赵露思许妍同款三角抓夹女高级感后脑勺高马尾发夹鲨鱼夹,,,普通订单,2.87,0,0,0,0,0,0,0,0,0,0,0,-0.02,0,0,0,0,0,0,是-商品卡免佣,0.15,义乌市燃困电子商务商行（个体工商户）,订单结算
2026-04-21 09:49:06,'2026042109490334735068165562,入账,3.57,聚合账户,货款结算入账,精选联盟,'6952048149503481463,'6952048149503481463,'SS76300158482384204860005,2026-04-13 13:37:40,'3782179818351755475,银色金属水钻发扣发夹虞书欣同款高级感洋气甜酷风刘海发夹扣发饰,'3122211035558957,小郡主,普通订单,3.97,0,0,0,0,0,0,0,0,0,0,0,-0.2,-0.2,0,0,0,0,0,,0,义乌市燃困电子商务商行（个体工商户）,订单结算
2026-04-21 09:49:19,'2026042109491623111808635562,入账,2.8,聚合账户,货款结算入账,小店自卖,'6951943771591939416,'6951943771591939416,'SS76298948862042442340032,2026-04-10 17:04:26,'3789769309207789754,2025新款秋冬橡皮筋高弹力发绳可爱头绳洋气发圈马尾发饰高级头饰,,,普通订单,0.01,0,0,2.94,0,0,0,0,0,0,0,0,-0.15,0,0,0,0,0,0,,0,义乌市燃困电子商务商行（个体工商户）,订单结算
2026-04-21 09:49:21,'2026042109491710221204635562,入账,3.01,聚合账户,货款结算入账,精选联盟,'6951955393190368722,'6951955393190368722,'SS76299245113251599360235,2026-04-10 21:22:45,'3782179818351755475,银色金属水钻发扣发夹虞书欣同款高级感洋气甜酷风刘海发夹扣发饰,'3122211035558957,小郡主,普通订单,3.35,0,0,0,0,0,0,0,0,0,0,0,-0.17,-0.17,0,0,0,0,0,,0,义乌市燃困电子商务商行（个体工商户）,订单结算
2026-04-21 09:49:21,'2026042109491728857966485562,入账,3.31,聚合账户,货款结算入账,小店自卖,'6952000163328759643,'6952000163328759643,'SS76299532149346841980064,2026-04-12 16:19:33,'3807029917166731596,简约盘发一字扭扭夹女水钻抓夹复古百搭盘发器2026新款后脑勺发夹,,,普通订单,3.33,0,0,0,0,0,0,0,0,0,0,0,-0.02,0,0,0,0,0,0,是-商品卡免佣,0.15,义乌市燃困电子商务商行（个体工商户）,订单结算
2026-04-21 09:52:06,'2026042109520327867919455562,入账,1.03,聚合账户,货款结算入账,小店自卖,'6951605892584248372,'6951605892584248372,'SS76300009549852841420057,2026-03-27 13:52:16,'3806660962472296569,2026新款韩式彩虹格子蝴蝶结大肠发圈女丸子马尾头绳时尚复古发绳,,,普通订单,0.01,0,0,1.07,0,0,0,0,0,0,0,0,-0.05,0,0,0,0,0,0,,0,义乌市燃困电子商务商行（个体工商户）,订单结算
2026-04-21 09:58:29,'2026042109582609996416065562,入账,1.93,聚合账户,货款结算入账,精选联盟,'6925497942641376285,'6925497942641376285,'SS76284671822811139080064,2026-04-10 23:26:52,'3782158083703309205,春夏韩系雾霾紫布艺发箍显白复古头箍发饰发箍2026爆款洋气高级感,'0,,普通订单,1.41,0,0,1.54,0,0,0,0,0,0,0,-0.8,-0.11,0,0,0,0,-0.11,0,,0,义乌市燃困电子商务商行（个体工商户）,订单结算
2026-04-21 09:59:23,'2026042109591932135089165562,入账,1.79,聚合账户,货款结算入账,小店自卖,'6951976371923785609,'6951976371923785609,'SS76299906711971765860008,2026-04-11 14:41:39,'3789769309207789754,2025新款秋冬橡皮筋高弹力发绳可爱头绳洋气发圈马尾发饰高级头饰,,,普通订单,1.54,0,0,0.26,0,0,0,0,0,0,0,0,-0.01,0,0,0,0,0,0,是-商品卡免佣,0.07,义乌市燃困电子商务商行（个体工商户）,订单结算
2026-04-21 10:00:24,'2026042110001931005292065562,入账,0.99,聚合账户,货款结算入账,小店自卖,'6952003705308452600,'6952003705308452600,'SS76298931464741360910056,2026-04-11 23:02:54,'3789769309207789754,2025新款秋冬橡皮筋高弹力发绳可爱头绳洋气发圈马尾发饰高级头饰,,,普通订单,0.87,0,0,0.13,0,0,0,0,0,0,0,0,-0.01,0,0,0,0,0,0,是-商品卡免佣,0.07,义乌市燃困电子商务商行（个体工商户）,订单结算
2026-04-21 10:08:46,'2026042110084219811906625562,入账,3.01,聚合账户,货款结算入账,精选联盟,'6925493047415373475,'6925493047415373475,'SS76299244859446728100190,2026-04-10 18:46:14,'3782179818351755475,银色金属水钻发扣发夹虞书欣同款高级感洋气甜酷风刘海发夹扣发饰,'0,,普通订单,0.35,0,0,3,0,0,0,0,0,0,0,0,-0.17,0,0,0,0,-0.17,0,,0,义乌市燃困电子商务商行（个体工商户）,订单结算
2026-04-21 10:11:19,'2026042110111541124213955562,入账,4.31,聚合账户,货款结算入账,小店自卖,'6925499999172722324,'6925499999172722324,'SS76299200936216376580005,2026-04-10 23:39:40,'3806659074658009268,春夏复古彩虹格子蝴蝶结大肠发圈女丸子马尾头绳2026新款韩式发绳,,,普通订单,3.86,0,0,0.68,0,0,0,0,0,0,0,0,-0.23,0,0,0,0,0,0,,0,义乌市燃困电子商务商行（个体工商户）,订单结算
2026-04-21 10:23:16,'2026042110231317156349535562,入账,2.87,聚合账户,货款结算入账,小店自卖,'6925505394045517342,'6925505394045517342,'SS76299764331986455550119,2026-04-11 12:33:39,'3782154121554035149,韩系简约灰色绒面宽边发箍高颅顶日常发箍网红爆款2026最新款,,,普通订单,2.89,0,0,0,0,0,0,0,0,0,0,0,-0.02,0,0,0,0,0,0,是-商品卡免佣,0.15,义乌市燃困电子商务商行（个体工商户）,订单结算
2026-04-21 10:26:28,'2026042110262502647168525562,入账,3.35,聚合账户,货款结算入账,小店自卖,'6951976147807639514,'6951976147807639514,'SS76299761104417103420247,2026-04-11 11:29:33,'3789769309207789754,2025新款秋冬橡皮筋高弹力发绳可爱头绳洋气发圈马尾发饰高级头饰,,,普通订单,1.37,0,0,2,0,0,0,0,0,0,0,0,-0.02,0,0,0,0,0,0,是-商品卡免佣,0.15,义乌市燃困电子商务商行（个体工商户）,订单结算
2026-04-21 10:28:18,'2026042110281441401060255562,入账,0.99,聚合账户,货款结算入账,小店自卖,'6925502031870328069,'6925502031870328069,'SS76298949727812654510242,2026-04-10 21:59:11,'3789769309207789754,2025新款秋冬橡皮筋高弹力发绳可爱头绳洋气发圈马尾发饰高级头饰,,,普通订单,0.01,0,0,0.99,0,0,0,0,0,0,0,0,-0.01,0,0,0,0,0,0,是-商品卡免佣,0.07,义乌市燃困电子商务商行（个体工商户）,订单结算
2026-04-21 10:35:31,'2026042110352909902863365562,入账,2.77,聚合账户,货款结算入账,小店自卖,'6925503055043525737,'6925503055043525737,'SS76299564970782072720192,2026-04-11 10:47:01,'3807934237588455815,短发半扎发饰过渡期神器一字弹簧夹2026新款高端后脑勺发夹头饰女,,,普通订单,0.65,0,0,2.27,0,0,0,0,0,0,0,0,-0.15,0,0,0,0,0,0,,0,义乌市燃困电子商务商行（个体工商户）,订单结算
2026-04-21 10:35:49,'2026042110354710412531625562,入账,7.18,聚合账户,货款结算入账,小店自卖,'6925560983569923721,'6925560983569923721,'SS76300640893265228990120,2026-04-13 07:14:22,'3806659074658009268,春夏复古彩虹格子蝴蝶结大肠发圈女丸子马尾头绳2026新款韩式发绳,,,普通订单,7.22,0,0,0,0,0,0,0,0,0,0,0,-0.04,0,0,0,0,0,0,是-商品卡免佣,0.29,义乌市燃困电子商务商行（个体工商户）,订单结算
2026-04-21 10:36:23,'2026042110362023164034985562,入账,2.87,聚合账户,货款结算入账,小店自卖,'6925503437706198090,'6925503437706198090,'SS76299764361745413390026,2026-04-11 13:57:04,'3782154121554035149,韩系简约灰色绒面宽边发箍高颅顶日常发箍网红爆款2026最新款,,,普通订单,0.89,0,0,2,0,0,0,0,0,0,0,0,-0.02,0,0,0,0,0,0,是-商品卡免佣,0.15,义乌市燃困电子商务商行（个体工商户）,订单结算
2026-04-21 10:45:00,'2026042110445727954263385562,入账,2.29,聚合账户,货款结算入账,小店自卖,'6925493948970270563,'6925493948970270563,'SS76298948971854443940029,2026-04-11 03:01:55,'3789769309207789754,2025新款秋冬橡皮筋高弹力发绳可爱头绳洋气发圈马尾发饰高级头饰,,,普通订单,2.3,0,0,0,0,0,0,0,0,0,0,0,-0.01,0,0,0,0,0,0,是-商品卡免佣,0.07,义乌市燃困电子商务商行（个体工商户）,订单结算
2026-04-21 10:47:08,'2026042110470513434926425562,入账,2.61,聚合账户,货款结算入账,精选联盟,'6951975182908921455,'6951975182908921455,'SS76299208449870566810156,2026-04-10 20:33:01,'3782158083703309205,春夏韩系雾霾紫布艺发箍显白复古头箍发饰发箍2026爆款洋气高级感,'0,,普通订单,0.01,0,0,2.88,0,0,0,0,0,0,0,0,-0.14,0,0,0,0,-0.14,0,,0,义乌市燃困电子商务商行（个体工商户）,订单结算
2026-04-21 10:48:26,'2026042110482212422188035562,入账,3.26,聚合账户,货款结算入账,小店自卖,'6925604913497996352,'6925604913497996352,'SS76300213929900941230095,2026-04-14 13:34:52,'3789769536681673133,M豆新款百搭橡皮筋高弹力发绳可爱头绳洋气发圈马尾发饰高级头饰,,,普通订单,3.26,0,0,0.02,0,0,0,0,0,0,0,0,-0.02,0,0,0,0,0,0,是-商品卡免佣,0.15,义乌市燃困电子商务商行（个体工商户）,订单结算
2026-04-21 10:48:29,'2026042110482538687383305562,入账,3.22,聚合账户,货款结算入账,小店自卖,'6925491237876956431,'6925491237876956431,'SS76299876353103306760191,2026-04-10 23:42:08,'3788640175123464434,懒人金属圆形小发扣女前额侧边水钻刘海夹子发卡公主头编发夹发饰,,,普通订单,2.82,0,0,0.42,0,0,0,0,0,0,0,0,-0.02,0,0,0,0,0,0,是-商品卡免佣,0.15,义乌市燃困电子商务商行（个体工商户）,订单结算
2026-04-21 10:49:40,'2026042110493717197020545562,入账,6.76,聚合账户,货款结算入账,巨量千川,'6925517794382675847,'6925517794382675847,'SS76299964353833047140094,2026-04-11 12:48:06,'3813142035800654075,新款儿童针织花朵发绳女童扎丸子头大肠发圈小女孩高颜值马尾头绳,,,普通订单,6.8,0,0,0,0,0,0,0,0,0,0,0,-0.04,0,0,0,0,0,0,是-商品卡免佣,0.29,义乌市燃困电子商务商行（个体工商户）,订单结算
2026-04-21 10:50:12,'2026042110500820435768745562,出账,1,聚合账户,小额打款,,'6952098781433108434,'6952098781433108434,,,,,,,普通订单,0,0,0,0,0,0,0,0,0,0,0,0,0,0,0,0,0,0,0,,0,义乌市燃困电子商务商行（个体工商户）,商家向消费者小额打款-“补差价”
2026-04-21 10:51:08,'2026042110510420515066945562,入账,2.51,聚合账户,货款结算入账,小店自卖,'6925566607109750045,'6925566607109750045,'SS76300267146224645480053,2026-04-14 00:20:53,'3807929702102991097,洗脸防水手腕带吸水防滑束发圈手环袖护卡通可爱防湿护腕带洗漱带,,,普通订单,0.01,0,0,2.63,0,0,0,0,0,0,0,0,-0.13,0,0,0,0,0,0,,0,义乌市燃困电子商务商行（个体工商户）,订单结算
2026-04-21 10:51:12,'2026042110510933638692255562,入账,2.92,聚合账户,货款结算入账,精选联盟,'6951953457873818930,'6951953457873818930,'SS76299222553518945380198,2026-04-10 21:42:22,'3782179818351755475,银色金属水钻发扣发夹虞书欣同款高级感洋气甜酷风刘海发夹扣发饰,'3122211035558957,小郡主,普通订单,3.54,0,0,0.32,0,0,0,0,0,0,0,-0.6,-0.17,-0.17,0,0,0,0,0,,0,义乌市燃困电子商务商行（个体工商户）,订单结算
2026-04-21 10:52:15,'2026042110521235487462915562,入账,8.16,聚合账户,货款结算入账,巨量千川,'6952095288906356055,'6952095288906356055,'SS76298896981015104000140,2026-04-15 09:09:32,'3782158083703309205,春夏韩系雾霾紫布艺发箍显白复古头箍发饰发箍2026爆款洋气高级感,,,普通订单,6.21,0,0,2,0,0,0,0,0,0,0,0,-0.05,0,0,0,0,0,0,是-商品卡免佣,0.37,义乌市燃困电子商务商行（个体工商户）,订单结算
2026-04-21 10:52:59,'2026042110525507098905985562,入账,0.99,聚合账户,货款结算入账,小店自卖,'6925513089417641687,'6925513089417641687,'SS76299241517044700250241,2026-04-11 08:33:39,'3789769309207789754,2025新款秋冬橡皮筋高弹力发绳可爱头绳洋气发圈马尾发饰高级头饰,,,普通订单,0.87,0,0,0.13,0,0,0,0,0,0,0,0,-0.01,0,0,0,0,0,0,是-商品卡免佣,0.07,义乌市燃困电子商务商行（个体工商户）,订单结算
2026-04-21 10:54:16,'2026042110541105148352545562,入账,3.35,聚合账户,货款结算入账,小店自卖,'6925500478613716937,'6925500478613716937,'SS76299218411211863380106,2026-04-11 09:01:58,'3789769309207789754,2025新款秋冬橡皮筋高弹力发绳可爱头绳洋气发圈马尾发饰高级头饰,,,普通订单,3.37,0,0,0,0,0,0,0,0,0,0,0,-0.02,0,0,0,0,0,0,是-商品卡免佣,0.15,义乌市燃困电子商务商行（个体工商户）,订单结算
2026-04-21 10:55:18,'2026042110551513973263885562,入账,3.35,聚合账户,货款结算入账,小店自卖,'6925507983678864469,'6925507983678864469,'SS76299907227794846990088,2026-04-11 14:19:54,'3789769309207789754,2025新款秋冬橡皮筋高弹力发绳可爱头绳洋气发圈马尾发饰高级头饰,,,普通订单,0.01,0,0,3.36,0,0,0,0,0,0,0,0,-0.02,0,0,0,0,0,0,是-商品卡免佣,0.15,义乌市燃困电子商务商行（个体工商户）,订单结算
2026-04-21 11:00:08,'2026042111000413053015465562,入账,3.53,聚合账户,货款结算入账,精选联盟,'6925549810666798837,'6925549810666798837,'SS76301064166234852300052,2026-04-13 03:11:39,'3782179818351755475,银色金属水钻发扣发夹虞书欣同款高级感洋气甜酷风刘海发夹扣发饰,'3122211035558957,小郡主,普通订单,3.93,0,0,0,0,0,0,0,0,0,0,0,-0.2,-0.2,0,0,0,0,0,,0,义乌市燃困电子商务商行（个体工商户）,订单结算
2026-04-21 11:01:06,'2026042111010114100608635562,入账,3.87,聚合账户,货款结算入账,小店自卖,'6925505868679511754,'6925505868679511754,'SS76299208947314857060172,2026-04-10 18:48:43,'3782158083703309205,春夏韩系雾霾紫布艺发箍显白复古头箍发饰发箍2026爆款洋气高级感,,,普通订单,3.89,0,0,0,0,0,0,0,0,0,0,0,-0.02,0,0,0,0,0,0,是-商品卡免佣,0.15,义乌市燃困电子商务商行（个体工商户）,订单结算
2026-04-21 11:01:55,'2026042111015100738104475562,入账,4.8,聚合账户,货款结算入账,小店自卖,'6925505056943733829,'6925505056943733829,'SS76300150793496988350111,2026-04-11 10:30:41,'3788641403551219966,虞书欣同款圆形金属小发扣女2025新款前额侧边夹发夹发卡夹子头饰,,,普通订单,4.83,0,0,0,0,0,0,0,0,0,0,0,-0.03,0,0,0,0,0,0,是-商品卡免佣,0.22,义乌市燃困电子商务商行（个体工商户）,订单结算
2026-04-21 11:02:21,'2026042111021712054410345562,入账,3.33,聚合账户,货款结算入账,小店自卖,'6951952928026596627,'6951952928026596627,'SS76299244216090506330150,2026-04-10 16:30:48,'3782179818351755475,银色金属水钻发扣发夹虞书欣同款高级感洋气甜酷风刘海发夹扣发饰,,,普通订单,3.35,0,0,0,0,0,0,0,0,0,0,0,-0.02,0,0,0,0,0,0,是-商品卡免佣,0.15,义乌市燃困电子商务商行（个体工商户）,订单结算
2026-04-21 11:02:32,'2026042111022824246028895562,入账,3.2,聚合账户,货款结算入账,小店自卖,'6925501547829690174,'6925501547829690174,'SS76298940358946698510193,2026-04-10 18:36:43,'3789769309207789754,2025新款秋冬橡皮筋高弹力发绳可爱头绳洋气发圈马尾发饰高级头饰,,,普通订单,3.37,0,0,0,0,0,0,0,0,0,0,0,-0.17,0,0,0,0,0,0,,0,义乌市燃困电子商务商行（个体工商户）,订单结算
2026-04-21 11:03:21,'2026042111031508794158145562,入账,1.79,聚合账户,货款结算入账,小店自卖,'6951961839265191765,'6951961839265191765,'SS76298948225052021860090,2026-04-10 20:59:38,'3789769309207789754,2025新款秋冬橡皮筋高弹力发绳可爱头绳洋气发圈马尾发饰高级头饰,,,普通订单,1.57,0,0,0.23,0,0,0,0,0,0,0,0,-0.01,0,0,0,0,0,0,是-商品卡免佣,0.07,义乌市燃困电子商务商行（个体工商户）,订单结算
2026-04-21 11:04:35,'2026042111042810491172385562,出账,1,聚合账户,小额打款,,'6952152412435912190,'6952152412435912190,,,,,,,普通订单,0,0,0,0,0,0,0,0,0,0,0,0,0,0,0,0,0,0,0,,0,义乌市燃困电子商务商行（个体工商户）,商家向消费者小额打款-“补差价”
2026-04-21 11:09:34,'2026042111092833387978335562,入账,4.94,聚合账户,货款结算入账,小店自卖,'6925579232061652569,'6925579232061652569,'SS76299596441952591760147,2026-04-13 16:47:14,'3782171819000332501,许我耀眼赵露思许妍同款三角抓夹女高级感后脑勺高马尾发夹鲨鱼夹,,,普通订单,4.97,0,0,0,0,0,0,0,0,0,0,0,-0.03,0,0,0,0,0,0,是-商品卡免佣,0.22,义乌市燃困电子商务商行（个体工商户）,订单结算
2026-04-21 11:10:44,'2026042111103840696384505562,入账,3.35,聚合账户,货款结算入账,小店自卖,'6951982481271887025,'6951982481271887025,'SS76298947031912822030005,2026-04-11 08:07:27,'3789769309207789754,2025新款秋冬橡皮筋高弹力发绳可爱头绳洋气发圈马尾发饰高级头饰,,,普通订单,3.37,0,0,0,0,0,0,0,0,0,0,0,-0.02,0,0,0,0,0,0,是-商品卡免佣,0.15,义乌市燃困电子商务商行（个体工商户）,订单结算
2026-04-21 11:11:16,'2026042111111023032307205562,入账,3.2,聚合账户,货款结算入账,小店自卖,'6925504036427497173,'6925504036427497173,'SS76298941409863278080112,2026-04-10 21:55:17,'3789769309207789754,2025新款秋冬橡皮筋高弹力发绳可爱头绳洋气发圈马尾发饰高级头饰,,,普通订单,3.37,0,0,0,0,0,0,0,0,0,0,0,-0.17,0,0,0,0,0,0,,0,义乌市燃困电子商务商行（个体工商户）,订单结算
2026-04-21 11:11:39,'2026042111113336910536145562,入账,3.35,聚合账户,货款结算入账,小店自卖,'6952000739389216740,'6952000739389216740,'SS76299906632741363560086,2026-04-11 14:45:03,'3789769309207789754,2025新款秋冬橡皮筋高弹力发绳可爱头绳洋气发圈马尾发饰高级头饰,,,普通订单,3.37,0,0,0,0,0,0,0,0,0,0,0,-0.02,0,0,0,0,0,0,是-商品卡免佣,0.15,义乌市燃困电子商务商行（个体工商户）,订单结算
2026-04-21 11:12:27,'2026042111122210825242025562,入账,3.91,聚合账户,货款结算入账,小店自卖,'6925501429412167136,'6925501429412167136,'SS76299220526743557640108,2026-04-10 16:59:54,'3782179818351755475,银色金属水钻发扣发夹虞书欣同款高级感洋气甜酷风刘海发夹扣发饰,,,普通订单,3.93,0,0,0,0,0,0,0,0,0,0,0,-0.02,0,0,0,0,0,0,是-商品卡免佣,0.15,义乌市燃困电子商务商行（个体工商户）,订单结算
2026-04-21 11:12:56,'2026042111125200505779725562,入账,3.53,聚合账户,货款结算入账,精选联盟,'6925505311468453124,'6925505311468453124,'SS76299749222064627580007,2026-04-11 11:59:55,'3782179818351755475,银色金属水钻发扣发夹虞书欣同款高级感洋气甜酷风刘海发夹扣发饰,'1607921290974931,1郫都区宜源商贸部（个体工商户）,普通订单,3.93,0,0,0,0,0,0,0,0,0,0,0,-0.2,-0.2,0,0,0,0,0,,0,义乌市燃困电子商务商行（个体工商户）,订单结算
2026-04-21 11:15:48,'2026042111154134247483075562,入账,3.35,聚合账户,货款结算入账,小店自卖,'6925492854109667045,'6925492854109667045,'SS76299897953475466870013,2026-04-10 17:03:07,'3789769309207789754,2025新款秋冬橡皮筋高弹力发绳可爱头绳洋气发圈马尾发饰高级头饰,,,普通订单,3.37,0,0,0,0,0,0,0,0,0,0,0,-0.02,0,0,0,0,0,0,是-商品卡免佣,0.15,义乌市燃困电子商务商行（个体工商户）,订单结算
2026-04-21 11:19:01,'2026042111185706340938515562,入账,0.03,聚合账户,退款-订单退款触发-退分账,小店自卖,'6925311345782717907,'6925311345782717907,'147450077713456041,2026-04-02 19:27:33,'3782325703417135370,许我耀眼赵露思许妍同款爱心抓夹高级感后脑勺盘发鲨鱼夹发夹头饰,,,普通订单,0,0,0,0,0,0,0,0,0,0,0,0,0.03,0,0,0,0,0,0,,0,义乌市燃困电子商务商行（个体工商户）,服务费返还
2026-04-21 11:19:01,'2026042111185741861617145562,出账,3.52,聚合账户,退款-结算后退款-退用户,小店自卖,'6925311345782717907,'6925311345782717907,'147450077713456041,2026-04-02 19:27:33,'3782325703417135370,许我耀眼赵露思许妍同款爱心抓夹高级感后脑勺盘发鲨鱼夹发夹头饰,,,普通订单,0,0,0,0,0,0,0,0,0,0,0,-3.52,0,0,0,0,0,0,0,,0,义乌市燃困电子商务商行（个体工商户）,已退款
2026-04-21 11:19:22,'2026042111191809036805645562,出账,1,聚合账户,退款-订单退款触发-退补贴,小店自卖,'6925311345782717907,'6925311345782717907,'147450077713456041,2026-04-02 19:27:33,'3782325703417135370,许我耀眼赵露思许妍同款爱心抓夹高级感后脑勺盘发鲨鱼夹发夹头饰,,,普通订单,0,0,0,-1,0,0,0,0,0,0,0,0,0,0,0,0,0,0,0,,0,义乌市燃困电子商务商行（个体工商户）,平台补贴扣回
2026-04-21 11:19:53,'2026042111194639774663775562,入账,4.32,聚合账户,货款结算入账,小店自卖,'6951985048288629915,'6951985048288629915,'SS76300005644117614540156,2026-04-11 11:24:37,'3782154121554035149,韩系简约灰色绒面宽边发箍高颅顶日常发箍网红爆款2026最新款,,,普通订单,4.35,0,0,0,0,0,0,0,0,0,0,0,-0.03,0,0,0,0,0,0,是-商品卡免佣,0.22,义乌市燃困电子商务商行（个体工商户）,订单结算
2026-04-21 11:23:02,'2026042111225806556882555562,入账,3.53,聚合账户,货款结算入账,精选联盟,'6925493977599736870,'6925493977599736870,'SS76299244211343859550104,2026-04-11 02:30:42,'3782179818351755475,银色金属水钻发扣发夹虞书欣同款高级感洋气甜酷风刘海发夹扣发饰,'3122211035558957,小郡主,普通订单,3.93,0,0,0,0,0,0,0,0,0,0,0,-0.2,-0.2,0,0,0,0,0,,0,义乌市燃困电子商务商行（个体工商户）,订单结算
2026-04-21 11:24:58,'2026042111245239398978665562,入账,3.91,聚合账户,货款结算入账,小店自卖,'6925493435893120398,'6925493435893120398,'SS76299222432755392260245,2026-04-10 21:26:44,'3782179818351755475,银色金属水钻发扣发夹虞书欣同款高级感洋气甜酷风刘海发夹扣发饰,,,普通订单,3.93,0,0,0,0,0,0,0,0,0,0,0,-0.02,0,0,0,0,0,0,是-商品卡免佣,0.15,义乌市燃困电子商务商行（个体工商户）,订单结算
2026-04-21 11:26:56,'2026042111265100681088275562,入账,3.57,聚合账户,货款结算入账,精选联盟,'6951968746044462823,'6951968746044462823,'SS76299223012970176500196,2026-04-10 20:54:31,'3782179818351755475,银色金属水钻发扣发夹虞书欣同款高级感洋气甜酷风刘海发夹扣发饰,'3122211035558957,小郡主,普通订单,3.97,0,0,0,0,0,0,0,0,0,0,0,-0.2,-0.2,0,0,0,0,0,,0,义乌市燃困电子商务商行（个体工商户）,订单结算
2026-04-21 11:31:36,'2026042111313115448967785562,入账,3.91,聚合账户,货款结算入账,小店自卖,'6951971238738859703,'6951971238738859703,'SS76299243524311943870203,2026-04-11 00:25:41,'3782179818351755475,银色金属水钻发扣发夹虞书欣同款高级感洋气甜酷风刘海发夹扣发饰,,,普通订单,3.93,0,0,0,0,0,0,0,0,0,0,0,-0.02,0,0,0,0,0,0,是-商品卡免佣,0.15,义乌市燃困电子商务商行（个体工商户）,订单结算
2026-04-21 11:35:25,'2026042111352138716218975562,入账,2.09,聚合账户,货款结算入账,小店自卖,'6952030808711698068,'6952030808711698068,'SS76299621310557885870112,2026-04-13 17:20:20,'3789769536681673133,M豆新款百搭橡皮筋高弹力发绳可爱头绳洋气发圈马尾发饰高级头饰,,,普通订单,2.1,0,0,0,0,0,0,0,0,0,0,0,-0.01,0,0,0,0,0,0,是-商品卡免佣,0.07,义乌市燃困电子商务商行（个体工商户）,订单结算
2026-04-21 11:36:30,'2026042111362637083548525562,入账,3.26,聚合账户,货款结算入账,小店自卖,'6952104541999863264,'6952104541999863264,'SS76300528836856550500072,2026-04-15 14:34:11,'3789769536681673133,M豆新款百搭橡皮筋高弹力发绳可爱头绳洋气发圈马尾发饰高级头饰,,,普通订单,3.28,0,0,0,0,0,0,0,0,0,0,0,-0.02,0,0,0,0,0,0,是-商品卡免佣,0.15,义乌市燃困电子商务商行（个体工商户）,订单结算
2026-04-21 11:37:49,'2026042111374439095995265562,入账,2.93,聚合账户,货款结算入账,小店自卖,'6925489151332941651,'6925489151332941651,'SS76298948865194068860094,2026-04-10 21:56:17,'3792527296510951799,新款秋冬糖果色字母球发圈女高颜值马尾头绳可爱不勒无痕发绳发饰,,,普通订单,2.95,0,0,0,0,0,0,0,0,0,0,0,-0.02,0,0,0,0,0,0,是-商品卡免佣,0.15,义乌市燃困电子商务商行（个体工商户）,订单结算
2026-04-21 11:39:31,'2026042111392736552750625562,入账,2.87,聚合账户,货款结算入账,小店自卖,'6925513977044368809,'6925513977044368809,'SS76299896962193495040046,2026-04-11 14:21:31,'3782193222986629380,复古波点褶皱香蕉夹高级感马尾扭扭竖夹后脑勺显发量横夹发卡抓夹,,,普通订单,2.89,0,0,0,0,0,0,0,0,0,0,0,-0.02,0,0,0,0,0,0,是-商品卡免佣,0.15,义乌市燃困电子商务商行（个体工商户）,订单结算
2026-04-21 11:39:36,'2026042111393130122521985562,入账,3.18,聚合账户,货款结算入账,精选联盟,'6951962073524410336,'6951962073524410336,'SS76299222870299776090137,2026-04-10 22:56:39,'3782179818351755475,银色金属水钻发扣发夹虞书欣同款高级感洋气甜酷风刘海发夹扣发饰,'3122211035558957,小郡主,普通订单,3.54,0,0,0,0,0,0,0,0,0,0,0,-0.18,-0.18,0,0,0,0,0,,0,义乌市燃困电子商务商行（个体工商户）,订单结算
2026-04-21 11:40:32,'2026042111402836457067935562,入账,3.2,聚合账户,货款结算入账,小店自卖,'6925498410272260033,'6925498410272260033,'SS76299218412056417700053,2026-04-11 09:01:14,'3789769309207789754,2025新款秋冬橡皮筋高弹力发绳可爱头绳洋气发圈马尾发饰高级头饰,,,普通订单,3.37,0,0,0,0,0,0,0,0,0,0,0,-0.17,0,0,0,0,0,0,,0,义乌市燃困电子商务商行（个体工商户）,订单结算
2026-04-21 11:41:00,'2026042111405502354222355562,入账,3.53,聚合账户,货款结算入账,精选联盟,'6925504532041662034,'6925504532041662034,'SS76299244775522309480181,2026-04-11 05:35:43,'3782179818351755475,银色金属水钻发扣发夹虞书欣同款高级感洋气甜酷风刘海发夹扣发饰,'3122211035558957,小郡主,普通订单,3.93,0,0,0,0,0,0,0,0,0,0,0,-0.2,-0.2,0,0,0,0,0,,0,义乌市燃困电子商务商行（个体工商户）,订单结算
2026-04-21 11:42:10,'2026042111420535958625915562,入账,3.2,聚合账户,货款结算入账,小店自卖,'6925498203827765134,'6925498203827765134,'SS76298946463029990590238,2026-04-11 06:19:55,'3792527296510951799,新款秋冬糖果色字母球发圈女高颜值马尾头绳可爱不勒无痕发绳发饰,,,普通订单,3.37,0,0,0,0,0,0,0,0,0,0,0,-0.17,0,0,0,0,0,0,,0,义乌市燃困电子商务商行（个体工商户）,订单结算
2026-04-21 11:43:23,'2026042111431739939279465562,入账,4.63,聚合账户,货款结算入账,小店自卖,'6952046407463606104,'6952046407463540568,'SS76300729111429002670238,2026-04-13 16:50:34,'3782159170296479904,秋冬宽边高颅顶发箍女高级感洋气时尚压发发捆显脸小洗脸头箍发卡,,,普通订单,4.66,0,0,0,0,0,0,0,0,0,0,0,-0.03,0,0,0,0,0,0,是-商品卡免佣,0.22,义乌市燃困电子商务商行（个体工商户）,订单结算
2026-04-21 11:43:28,'2026042111432301604652025562,入账,2.87,聚合账户,货款结算入账,小店自卖,'6925490720095895384,'6925490720095895384,'SS76299209062862689370107,2026-04-10 20:32:36,'3782108139843878924,秋冬宽边绒面发箍女2025新款压发洗脸发卡发箍网红爆款2026最新款,,,普通订单,2.89,0,0,0,0,0,0,0,0,0,0,0,-0.02,0,0,0,0,0,0,是-商品卡免佣,0.15,义乌市燃困电子商务商行（个体工商户）,订单结算
2026-04-21 11:44:52,'2026042111444626257864115562,入账,1.79,聚合账户,货款结算入账,小店自卖,'6925499916048891666,'6925499916048891666,'SS76298948337124969340233,2026-04-10 23:15:53,'3789769309207789754,2025新款秋冬橡皮筋高弹力发绳可爱头绳洋气发圈马尾发饰高级头饰,,,普通订单,1.8,0,0,0,0,0,0,0,0,0,0,0,-0.01,0,0,0,0,0,0,是-商品卡免佣,0.07,义乌市燃困电子商务商行（个体工商户）,订单结算
2026-04-21 11:44:58,'2026042111445409037422145562,入账,2.93,聚合账户,货款结算入账,小店自卖,'6925486841679543732,'6925486841679543732,'SS76298948903563269540142,2026-04-10 22:01:01,'3789769309207789754,2025新款秋冬橡皮筋高弹力发绳可爱头绳洋气发圈马尾发饰高级头饰,,,普通订单,2.95,0,0,0,0,0,0,0,0,0,0,0,-0.02,0,0,0,0,0,0,是-商品卡免佣,0.15,义乌市燃困电子商务商行（个体工商户）,订单结算
2026-04-21 11:45:40,'2026042111453432852877315562,入账,2.93,聚合账户,货款结算入账,小店自卖,'6925515954717097716,'6925515954717097716,'SS76299906668142758860051,2026-04-11 14:14:53,'3789769309207789754,2025新款秋冬橡皮筋高弹力发绳可爱头绳洋气发圈马尾发饰高级头饰,,,普通订单,2.95,0,0,0,0,0,0,0,0,0,0,0,-0.02,0,0,0,0,0,0,是-商品卡免佣,0.15,义乌市燃困电子商务商行（个体工商户）,订单结算
2026-04-21 11:47:57,'2026042111475216450729225562,入账,2.87,聚合账户,货款结算入账,小店自卖,'6951979990186727141,'6951979990186727141,'SS76299210963340823550186,2026-04-11 04:25:21,'3782154121554035149,韩系简约灰色绒面宽边发箍高颅顶日常发箍网红爆款2026最新款,,,普通订单,2.89,0,0,0,0,0,0,0,0,0,0,0,-0.02,0,0,0,0,0,0,是-商品卡免佣,0.15,义乌市燃困电子商务商行（个体工商户）,订单结算
2026-04-21 11:49:49,'2026042111494502307569105562,出账,2,聚合账户,小额打款,,'6925746575876324709,'6925746575876324709,,,,,,,普通订单,0,0,0,0,0,0,0,0,0,0,0,0,0,0,0,0,0,0,0,,0,义乌市燃困电子商务商行（个体工商户）,商家向消费者小额打款-“补差价”
2026-04-21 11:50:03,'2026042111495811627727635562,入账,3.57,聚合账户,货款结算入账,精选联盟,'6952044086717453319,'6952044086717453319,'SS76299090746713218970046,2026-04-13 14:29:39,'3782179818351755475,银色金属水钻发扣发夹虞书欣同款高级感洋气甜酷风刘海发夹扣发饰,'3122211035558957,小郡主,普通订单,3.97,0,0,0,0,0,0,0,0,0,0,0,-0.2,-0.2,0,0,0,0,0,,0,义乌市燃困电子商务商行（个体工商户）,订单结算
2026-04-21 11:50:49,'2026042111504529992719515562,入账,3.53,聚合账户,货款结算入账,精选联盟,'6925514094464499066,'6925514094464499066,'SS76299893913599022510112,2026-04-11 14:52:59,'3782179818351755475,银色金属水钻发扣发夹虞书欣同款高级感洋气甜酷风刘海发夹扣发饰,'3122211035558957,小郡主,普通订单,3.93,0,0,0,0,0,0,0,0,0,0,0,-0.2,-0.2,0,0,0,0,0,,0,义乌市燃困电子商务商行（个体工商户）,订单结算
2026-04-21 11:52:10,'2026042111520740646090305562,出账,1,聚合账户,小额打款,,'6925668553519431193,'6925668553519431193,,,,,,,普通订单,0,0,0,0,0,0,0,0,0,0,0,0,0,0,0,0,0,0,0,,0,义乌市燃困电子商务商行（个体工商户）,商家向消费者小额打款-“补差价”
2026-04-21 11:53:00,'2026042111525519810394065562,入账,3.95,聚合账户,货款结算入账,小店自卖,'6952125789321959398,'6952125789321959398,'SS76301055062747553800192,2026-04-16 08:45:02,'3782179818351755475,银色金属水钻发扣发夹虞书欣同款高级感洋气甜酷风刘海发夹扣发饰,,,普通订单,3.97,0,0,0,0,0,0,0,0,0,0,0,-0.02,0,0,0,0,0,0,是-商品卡免佣,0.15,义乌市燃困电子商务商行（个体工商户）,订单结算
2026-04-21 11:56:45,'2026042111564017041167455562,入账,6.35,聚合账户,货款结算入账,小店自卖,'6925550900115439554,'6925550900115439554,'SS76299425432288960000220,2026-04-12 15:18:05,'3782209586937856113,日韩风米菲兔牛仔香蕉夹可爱兔子造型高马尾盘发发夹显发量多百搭,,,普通订单,4.39,0,0,0,0,0,0,0,0,2,0,0,-0.04,0,0,0,0,0,0,是-商品卡免佣,0.29,义乌市燃困电子商务商行（个体工商户）,订单结算
2026-04-21 11:58:29,'2026042111582422242964635562,入账,3.51,聚合账户,货款结算入账,精选联盟,'6925510607040774012,'6925510607040774012,'SS76299209618066478490121,2026-04-10 23:02:23,'3782158083703309205,春夏韩系雾霾紫布艺发箍显白复古头箍发饰发箍2026爆款洋气高级感,'675518124143531,阳光精品铺,普通订单,3.89,0,0,0,0,0,0,0,0,0,0,0,-0.19,-0.19,0,0,0,0,0,,0,义乌市燃困电子商务商行（个体工商户）,订单结算
2026-04-21 12:01:04,'2026042112005914244295945562,入账,4.35,聚合账户,货款结算入账,小店自卖,'6952046407463671640,'6952046407463540568,'SS76300729069362552380171,2026-04-13 16:50:34,'3782158865404133482,紫色绒面针织宽边秋冬发箍发卡宽边发带小众设计高颅顶显脸小发饰,,,普通订单,4.38,0,0,0,0,0,0,0,0,0,0,0,-0.03,0,0,0,0,0,0,是-商品卡免佣,0.22,义乌市燃困电子商务商行（个体工商户）,订单结算
2026-04-21 12:02:45,'2026042112023924525870355562,入账,3.91,聚合账户,货款结算入账,小店自卖,'6925504509182966844,'6925504509182966844,'SS76299243825848653150191,2026-04-11 01:57:32,'3782179818351755475,银色金属水钻发扣发夹虞书欣同款高级感洋气甜酷风刘海发夹扣发饰,,,普通订单,3.93,0,0,0,0,0,0,0,0,0,0,0,-0.02,0,0,0,0,0,0,是-商品卡免佣,0.15,义乌市燃困电子商务商行（个体工商户）,订单结算
2026-04-21 12:05:59,'2026042112055312332895145562,入账,2.93,聚合账户,货款结算入账,小店自卖,'6951977647347995759,'6951977647347995759,'SS76298947158615329710053,2026-04-10 21:15:07,'3789769309207789754,2025新款秋冬橡皮筋高弹力发绳可爱头绳洋气发圈马尾发饰高级头饰,,,普通订单,2.95,0,0,0,0,0,0,0,0,0,0,0,-0.02,0,0,0,0,0,0,是-商品卡免佣,0.15,义乌市燃困电子商务商行（个体工商户）,订单结算
2026-04-21 12:06:30,'2026042112062408818526985562,入账,4.62,聚合账户,货款结算入账,小店自卖,'6952058161725642622,'6952058161725642622,'SS76298827087811916860048,2026-04-14 08:07:06,'3782108139843878924,秋冬宽边绒面发箍女2025新款压发洗脸发卡发箍网红爆款2026最新款,,,普通订单,4.65,0,0,0,0,0,0,0,0,0,0,0,-0.03,0,0,0,0,0,0,是-商品卡免佣,0.22,义乌市燃困电子商务商行（个体工商户）,订单结算
2026-04-21 12:06:30,'2026042112062503358394885562,入账,3.53,聚合账户,货款结算入账,精选联盟,'6951969999797163550,'6951969999797163550,'SS76299899245120435610235,2026-04-11 14:09:46,'3782179818351755475,银色金属水钻发扣发夹虞书欣同款高级感洋气甜酷风刘海发夹扣发饰,'3122211035558957,小郡主,普通订单,3.93,0,0,0,0,0,0,0,0,0,0,0,-0.2,-0.2,0,0,0,0,0,,0,义乌市燃困电子商务商行（个体工商户）,订单结算
2026-04-21 12:06:30,'2026042112062501893010015562,入账,3.57,聚合账户,货款结算入账,精选联盟,'6925640968625880975,'6925640968625880975,'SS76300156769417631230083,2026-04-16 13:10:45,'3782179818351755475,银色金属水钻发扣发夹虞书欣同款高级感洋气甜酷风刘海发夹扣发饰,'3122211035558957,小郡主,普通订单,3.97,0,0,0,0,0,0,0,0,0,0,0,-0.2,-0.2,0,0,0,0,0,,0,义乌市燃困电子商务商行（个体工商户）,订单结算
2026-04-21 12:06:30,'2026042112062536642698585562,入账,3.91,聚合账户,货款结算入账,小店自卖,'6952004113152611933,'6952004113152611933,'SS76300110292247022590024,2026-04-12 08:28:31,'3782179818351755475,银色金属水钻发扣发夹虞书欣同款高级感洋气甜酷风刘海发夹扣发饰,,,普通订单,3.93,0,0,0,0,0,0,0,0,0,0,0,-0.02,0,0,0,0,0,0,是-商品卡免佣,0.15,义乌市燃困电子商务商行（个体工商户）,订单结算
2026-04-21 12:06:30,'2026042112062430123302505562,入账,3.91,聚合账户,货款结算入账,小店自卖,'6925505427066616917,'6925505427066616917,'SS76299748955901465950197,2026-04-11 12:41:47,'3782179818351755475,银色金属水钻发扣发夹虞书欣同款高级感洋气甜酷风刘海发夹扣发饰,,,普通订单,0.01,0,0,3.92,0,0,0,0,0,0,0,0,-0.02,0,0,0,0,0,0,是-商品卡免佣,0.15,义乌市燃困电子商务商行（个体工商户）,订单结算
2026-04-21 12:06:30,'2026042112062431878845535562,入账,3.78,聚合账户,货款结算入账,小店自卖,'6951957395399382944,'6951957395399382944,'SS76299212408498260830008,2026-04-10 19:33:36,'3782209586937856113,日韩风米菲兔牛仔香蕉夹可爱兔子造型高马尾盘发发夹显发量多百搭,,,普通订单,3.8,0,0,0,0,0,0,0,0,0,0,0,-0.02,0,0,0,0,0,0,是-商品卡免佣,0.15,义乌市燃困电子商务商行（个体工商户）,订单结算
2026-04-21 12:06:30,'2026042112062512836380435562,入账,3.33,聚合账户,货款结算入账,小店自卖,'6925515488628473054,'6925515488628473054,'SS76299283179066990180149,2026-04-11 10:34:44,'3782179818351755475,银色金属水钻发扣发夹虞书欣同款高级感洋气甜酷风刘海发夹扣发饰,,,普通订单,3.35,0,0,0,0,0,0,0,0,0,0,0,-0.02,0,0,0,0,0,0,是-商品卡免佣,0.15,义乌市燃困电子商务商行（个体工商户）,订单结算
2026-04-21 12:06:30,'2026042112062341119462865562,入账,3.35,聚合账户,货款结算入账,小店自卖,'6925491486538891240,'6925491486538891240,'SS76298946325132457050215,2026-04-11 05:09:07,'3789769309207789754,2025新款秋冬橡皮筋高弹力发绳可爱头绳洋气发圈马尾发饰高级头饰,,,普通订单,0.37,0,0,3,0,0,0,0,0,0,0,0,-0.02,0,0,0,0,0,0,是-商品卡免佣,0.15,义乌市燃困电子商务商行（个体工商户）,订单结算
2026-04-21 12:06:30,'2026042112062510237386245562,入账,3.95,聚合账户,货款结算入账,小店自卖,'6952040542892201537,'6952040542892201537,'SS76299780239780744090201,2026-04-14 01:27:38,'3782179818351755475,银色金属水钻发扣发夹虞书欣同款高级感洋气甜酷风刘海发夹扣发饰,,,普通订单,3.97,0,0,0,0,0,0,0,0,0,0,0,-0.02,0,0,0,0,0,0,是-商品卡免佣,0.15,义乌市燃困电子商务商行（个体工商户）,订单结算
2026-04-21 12:06:30,'2026042112062322664645395562,入账,3.53,聚合账户,货款结算入账,精选联盟,'6925499583379897760,'6925499583379897760,'SS76299222697897047380021,2026-04-10 21:15:21,'3782179818351755475,银色金属水钻发扣发夹虞书欣同款高级感洋气甜酷风刘海发夹扣发饰,'3122211035558957,小郡主,普通订单,0.01,0,0,3.92,0,0,0,0,0,0,0,0,-0.2,-0.2,0,0,0,0,0,,0,义乌市燃困电子商务商行（个体工商户）,订单结算
2026-04-21 12:06:30,'2026042112062335279221955562,入账,3.91,聚合账户,货款结算入账,小店自卖,'6952015203396949099,'6952015203396949099,'SS76299975400159808420098,2026-04-12 10:04:24,'3782179818351755475,银色金属水钻发扣发夹虞书欣同款高级感洋气甜酷风刘海发夹扣发饰,,,普通订单,0.93,0,0,3,0,0,0,0,0,0,0,0,-0.02,0,0,0,0,0,0,是-商品卡免佣,0.15,义乌市燃困电子商务商行（个体工商户）,订单结算
2026-04-21 12:06:30,'2026042112062426976138625562,入账,3.56,聚合账户,货款结算入账,小店自卖,'6951837019353322771,'6951837019353322771,'SS76299272609970588660092,2026-04-05 20:55:22,'3782039742330306819,kitty豹纹香蕉夹女2025新款高级感大号马尾夹竖夹后脑勺盘发饰抓,,,普通订单,3.58,0,0,0,0,0,0,0,0,0,0,0,-0.02,0,0,0,0,0,0,是-商品卡免佣,0.15,义乌市燃困电子商务商行（个体工商户）,订单结算
2026-04-21 12:06:30,'2026042112062531975350105562,入账,3.71,聚合账户,货款结算入账,精选联盟,'6951957880030762342,'6951957880030762342,'SS76299244015515241470126,2026-04-11 01:03:37,'3782179818351755475,银色金属水钻发扣发夹虞书欣同款高级感洋气甜酷风刘海发夹扣发饰,'3122211035558957,小郡主,普通订单,3.93,0,0,0,0,0,0,0,0,0,0,0,-0.02,-0.2,0,0,0,0,0,是-商品卡免佣,0.15,义乌市燃困电子商务商行（个体工商户）,订单结算
2026-04-21 12:06:30,'2026042112062333897516155562,入账,3.53,聚合账户,货款结算入账,精选联盟,'6951986186638464425,'6951986186638464425,'SS76301088142902889380151,2026-04-11 22:42:25,'3782179818351755475,银色金属水钻发扣发夹虞书欣同款高级感洋气甜酷风刘海发夹扣发饰,'0,,普通订单,0.01,0,0,3.92,0,0,0,0,0,0,0,0,-0.2,0,0,0,0,-0.2,0,,0,义乌市燃困电子商务商行（个体工商户）,订单结算
2026-04-21 12:06:30,'2026042112062425339825105562,入账,3.65,聚合账户,货款结算入账,小店自卖,'6925508488945040396,'6925508488945040396,'SS76298946367403996670195,2026-04-11 02:17:26,'3789769536681673133,M豆新款秋冬橡皮筋高弹力发绳可爱头绳洋气发圈马尾发饰高级头饰,,,普通订单,3.67,0,0,0,0,0,0,0,0,0,0,0,-0.02,0,0,0,0,0,0,是-商品卡免佣,0.15,义乌市燃困电子商务商行（个体工商户）,订单结算
2026-04-21 12:06:31,'2026042112062617575288325562,入账,3.33,聚合账户,货款结算入账,小店自卖,'6951959875602421535,'6951959875602421535,'SS76299245275771704840222,2026-04-10 21:29:45,'3782179818351755475,银色金属水钻发扣发夹虞书欣同款高级感洋气甜酷风刘海发夹扣发饰,,,普通订单,3.35,0,0,0,0,0,0,0,0,0,0,0,-0.02,0,0,0,0,0,0,是-商品卡免佣,0.15,义乌市燃困电子商务商行（个体工商户）,订单结算
2026-04-21 12:06:31,'2026042112062524628761755562,入账,3.17,聚合账户,货款结算入账,小店自卖,'6951968459772991159,'6951968459772991159,'SS76299244077082386440070,2026-04-10 16:55:27,'3782179818351755475,银色金属水钻发扣发夹虞书欣同款高级感洋气甜酷风刘海发夹扣发饰,,,普通订单,3.19,0,0,0,0,0,0,0,0,0,0,0,-0.02,0,0,0,0,0,0,是-商品卡免佣,0.15,义乌市燃困电子商务商行（个体工商户）,订单结算
2026-04-21 12:06:31,'2026042112062639515266925562,入账,2.66,聚合账户,货款结算入账,小店自卖,'6925615706707033308,'6925615706707033308,'SS76300268088927196590174,2026-04-15 20:07:58,'3782179818351755475,银色金属水钻发扣发夹虞书欣同款高级感洋气甜酷风刘海发夹扣发饰,,,普通订单,2.68,0,0,0,0,0,0,0,0,0,0,0,-0.02,0,0,0,0,0,0,是-商品卡免佣,0.15,义乌市燃困电子商务商行（个体工商户）,订单结算
2026-04-21 12:06:31,'2026042112062611587630625562,入账,3.91,聚合账户,货款结算入账,小店自卖,'6925499372744113867,'6925499372744113867,'SS76299221147582144190244,2026-04-10 19:44:45,'3782179818351755475,银色金属水钻发扣发夹虞书欣同款高级感洋气甜酷风刘海发夹扣发饰,,,普通订单,3.93,0,0,0,0,0,0,0,0,0,0,0,-0.02,0,0,0,0,0,0,是-商品卡免佣,0.15,义乌市燃困电子商务商行（个体工商户）,订单结算
2026-04-21 12:06:31,'2026042112062603080199835562,入账,3.91,聚合账户,货款结算入账,小店自卖,'6951959724869752343,'6951959724869752343,'SS76299221131808115720123,2026-04-10 19:57:55,'3782179818351755475,银色金属水钻发扣发夹虞书欣同款高级感洋气甜酷风刘海发夹扣发饰,,,普通订单,3.93,0,0,0,0,0,0,0,0,0,0,0,-0.02,0,0,0,0,0,0,是-商品卡免佣,0.15,义乌市燃困电子商务商行（个体工商户）,订单结算
2026-04-21 12:06:31,'2026042112062641293952435562,入账,3.57,聚合账户,货款结算入账,精选联盟,'6925616354819604372,'6925616354819604372,'SS76299193675973473630180,2026-04-16 01:40:09,'3782179818351755475,银色金属水钻发扣发夹虞书欣同款高级感洋气甜酷风刘海发夹扣发饰,'3122211035558957,小郡主,普通订单,3.97,0,0,0,0,0,0,0,0,0,0,0,-0.2,-0.2,0,0,0,0,0,,0,义乌市燃困电子商务商行（个体工商户）,订单结算
2026-04-21 12:06:31,'2026042112062703612186035562,入账,6.54,聚合账户,货款结算入账,小店自卖,'6925625028707647366,'6925625028707647366,'SS76300042361260449660112,2026-04-15 20:07:47,'3814247710857494558,安全不硌头扁平大饼抓夹女后脑勺盘发夹瑜伽运动无痕无压感不伤发,,,普通订单,6.58,0,0,0,0,0,0,0,0,0,0,0,-0.04,0,0,0,0,0,0,是-商品卡免佣,0.29,义乌市燃困电子商务商行（个体工商户）,订单结算
2026-04-21 12:06:31,'2026042112062526152023235562,入账,2.56,聚合账户,货款结算入账,小店自卖,'6925598051356539995,'6925598051356539995,'SS76299066877937748750139,2026-04-14 15:16:30,'3789769309207789754,2025新款百搭橡皮筋高弹力发绳可爱头绳洋气发圈马尾发饰高级头饰,,,普通订单,2.58,0,0,0,0,0,0,0,0,0,0,0,-0.02,0,0,0,0,0,0,是-商品卡免佣,0.15,义乌市燃困电子商务商行（个体工商户）,订单结算
2026-04-21 12:06:31,'2026042112062739477786235562,入账,3.53,聚合账户,货款结算入账,精选联盟,'6925507812916690212,'6925507812916690212,'SS76299748355376417660135,2026-04-11 13:08:15,'3782179818351755475,银色金属水钻发扣发夹虞书欣同款高级感洋气甜酷风刘海发夹扣发饰,'3122211035558957,小郡主,普通订单,3.93,0,0,0,0,0,0,0,0,0,0,0,-0.2,-0.2,0,0,0,0,0,,0,义乌市燃困电子商务商行（个体工商户）,订单结算
2026-04-21 12:06:31,'2026042112062725839867235562,入账,3.56,聚合账户,货款结算入账,小店自卖,'6951978879646766718,'6951978879646766718,'SS76300000171650916100250,2026-04-11 14:50:26,'3782039742330306819,kitty香蕉夹女2025新款高级感大号马尾夹发夹竖夹后脑勺盘发饰抓,,,普通订单,3.58,0,0,0,0,0,0,0,0,0,0,0,-0.02,0,0,0,0,0,0,是-商品卡免佣,0.15,义乌市燃困电子商务商行（个体工商户）,订单结算
2026-04-21 12:06:31,'2026042112062535408492045562,入账,3.33,聚合账户,货款结算入账,小店自卖,'6951975261246854210,'6951975261246854210,'SS76299245441401162330089,2026-04-10 21:23:39,'3782179818351755475,银色金属水钻发扣发夹虞书欣同款高级感洋气甜酷风刘海发夹扣发饰,,,普通订单,3.35,0,0,0,0,0,0,0,0,0,0,0,-0.02,0,0,0,0,0,0,是-商品卡免佣,0.15,义乌市燃困电子商务商行（个体工商户）,订单结算
2026-04-21 12:06:31,'2026042112062633316047515562,入账,3.53,聚合账户,货款结算入账,精选联盟,'6951970526010480246,'6951970526010480246,'SS76299220537477859990145,2026-04-10 17:07:35,'3782179818351755475,银色金属水钻发扣发夹虞书欣同款高级感洋气甜酷风刘海发夹扣发饰,'3122211035558957,小郡主,普通订单,3.93,0,0,0,0,0,0,0,0,0,0,0,-0.2,-0.2,0,0,0,0,0,,0,义乌市燃困电子商务商行（个体工商户）,订单结算
2026-04-21 12:06:31,'2026042112062538780277915562,入账,5.11,聚合账户,货款结算入账,小店自卖,'6952085578026587164,'6952085578026587164,'SS76299856805926671770242,2026-04-15 20:06:45,'3806659074658009268,春夏复古彩虹格子蝴蝶结大肠发圈女丸子马尾头绳2026新款韩式发绳,,,普通订单,5.14,0,0,0,0,0,0,0,0,0,0,0,-0.03,0,0,0,0,0,0,是-商品卡免佣,0.22,义乌市燃困电子商务商行（个体工商户）,订单结算
2026-04-21 12:06:31,'2026042112062616280620155562,入账,3.57,聚合账户,货款结算入账,精选联盟,'6925615783020297463,'6925615783020297463,'SS76301035043043906980239,2026-04-15 21:06:50,'3782179818351755475,银色金属水钻发扣发夹虞书欣同款高级感洋气甜酷风刘海发夹扣发饰,'3122211035558957,小郡主,普通订单,3.97,0,0,0,0,0,0,0,0,0,0,0,-0.2,-0.2,0,0,0,0,0,,0,义乌市燃困电子商务商行（个体工商户）,订单结算
2026-04-21 12:06:31,'2026042112062601270259475562,入账,3.33,聚合账户,货款结算入账,小店自卖,'6925486845678812480,'6925486845678812480,'SS76299245366120291900147,2026-04-10 22:04:48,'3782179818351755475,银色金属水钻发扣发夹虞书欣同款高级感洋气甜酷风刘海发夹扣发饰,,,普通订单,3.35,0,0,0,0,0,0,0,0,0,0,0,-0.02,0,0,0,0,0,0,是-商品卡免佣,0.15,义乌市燃困电子商务商行（个体工商户）,订单结算
2026-04-21 12:06:32,'2026042112062706678290015562,入账,3.91,聚合账户,货款结算入账,小店自卖,'6951979756485023285,'6951979756485023285,'SS76299223595854236680083,2026-04-10 23:16:38,'3782179818351755475,银色金属水钻发扣发夹虞书欣同款高级感洋气甜酷风刘海发夹扣发饰,,,普通订单,0.01,0,0,3.92,0,0,0,0,0,0,0,0,-0.02,0,0,0,0,0,0,是-商品卡免佣,0.15,义乌市燃困电子商务商行（个体工商户）,订单结算
2026-04-21 12:06:32,'2026042112062712087137705562,入账,3.91,聚合账户,货款结算入账,小店自卖,'6925504467450166850,'6925504467450166850,'SS76299243968487265910001,2026-04-11 02:00:35,'3782179818351755475,银色金属水钻发扣发夹虞书欣同款高级感洋气甜酷风刘海发夹扣发饰,,,普通订单,3.93,0,0,0,0,0,0,0,0,0,0,0,-0.02,0,0,0,0,0,0,是-商品卡免佣,0.15,义乌市燃困电子商务商行（个体工商户）,订单结算
2026-04-21 12:06:32,'2026042112062711291200505562,入账,1.28,聚合账户,货款结算入账,小店自卖,'6952133301454181708,'6952133301454181708,'SS76299737193650099720086,2026-04-16 17:59:45,'3789769309207789754,2025新款百搭橡皮筋高弹力发绳可爱头绳洋气发圈马尾发饰高级头饰,,,普通订单,0.01,0,0,1.34,0,0,0,0,0,0,0,0,-0.07,0,0,0,0,0,0,,0,义乌市燃困电子商务商行（个体工商户）,订单结算
2026-04-21 12:06:32,'2026042112062618801014145562,入账,3.91,聚合账户,货款结算入账,小店自卖,'6925513348618222931,'6925513348618222931,'SS76299245330136604580210,2026-04-11 10:11:49,'3782179818351755475,银色金属水钻发扣发夹虞书欣同款高级感洋气甜酷风刘海发夹扣发饰,,,普通订单,3.93,0,0,0,0,0,0,0,0,0,0,0,-0.02,0,0,0,0,0,0,是-商品卡免佣,0.15,义乌市燃困电子商务商行（个体工商户）,订单结算
2026-04-21 12:06:32,'2026042112062625218258325562,入账,2.84,聚合账户,货款结算入账,小店自卖,'6952019882219607977,'6952019882219607977,'SS76299190044254707300031,2026-04-12 11:07:12,'3782325961064841649,许我耀眼赵露思许妍同款爱心抓夹2025新款高级感后脑勺鲨鱼夹发夹,,,普通订单,0.01,0,0,2.85,0,0,0,0,0,0,0,0,-0.02,0,0,0,0,0,0,是-商品卡免佣,0.15,义乌市燃困电子商务商行（个体工商户）,订单结算
2026-04-21 12:06:32,'2026042112062719107190225562,入账,3.35,聚合账户,货款结算入账,小店自卖,'6951961815297954843,'6951961815297954843,'SS76298941398279135180106,2026-04-10 20:52:26,'3789769309207789754,2025新款秋冬橡皮筋高弹力发绳可爱头绳洋气发圈马尾发饰高级头饰,,,普通订单,3.37,0,0,0,0,0,0,0,0,0,0,0,-0.02,0,0,0,0,0,0,是-商品卡免佣,0.15,义乌市燃困电子商务商行（个体工商户）,订单结算
2026-04-21 12:06:32,'2026042112062705292897665562,入账,3.33,聚合账户,货款结算入账,小店自卖,'6951830170911970867,'6951830170911970867,'SS76298800810583171060176,2026-04-05 21:33:28,'3792556779406229663,网红同款高颅顶圆形金属百搭发扣甜酷刘海发夹前额侧边夹发卡头饰,,,普通订单,0.35,0,0,3,0,0,0,0,0,0,0,0,-0.02,0,0,0,0,0,0,是-商品卡免佣,0.15,义乌市燃困电子商务商行（个体工商户）,订单结算
2026-04-21 12:06:32,'2026042112062612340966785562,入账,3.53,聚合账户,货款结算入账,精选联盟,'6925500858021019115,'6925500858021019115,'SS76299749181720660940201,2026-04-11 12:10:33,'3782179818351755475,银色金属水钻发扣发夹虞书欣同款高级感洋气甜酷风刘海发夹扣发饰,'3122211035558957,小郡主,普通订单,3.93,0,0,0,0,0,0,0,0,0,0,0,-0.2,-0.2,0,0,0,0,0,,0,义乌市燃困电子商务商行（个体工商户）,订单结算
2026-04-21 12:06:32,'2026042112062733513026665562,入账,3.91,聚合账户,货款结算入账,小店自卖,'6925508032089979916,'6925508032089979916,'SS76299899073357417230066,2026-04-11 14:33:54,'3782179818351755475,银色金属水钻发扣发夹虞书欣同款高级感洋气甜酷风刘海发夹扣发饰,,,普通订单,3.93,0,0,0,0,0,0,0,0,0,0,0,-0.02,0,0,0,0,0,0,是-商品卡免佣,0.15,义乌市燃困电子商务商行（个体工商户）,订单结算
2026-04-21 12:06:32,'2026042112062727155994005562,入账,2.61,聚合账户,货款结算入账,精选联盟,'6952002973649081451,'6952002973649081451,'SS76300612764683635720136,2026-04-12 17:52:30,'3782193222986629380,复古波点褶皱香蕉夹高级感马尾扭扭竖夹后脑勺显发量横夹发卡抓夹,'0,,普通订单,0.01,0,0,2.88,0,0,0,0,0,0,0,0,-0.14,0,0,0,0,-0.14,0,,0,义乌市燃困电子商务商行（个体工商户）,订单结算
2026-04-21 12:06:32,'2026042112062524987284485562,入账,3.54,聚合账户,货款结算入账,小店自卖,'6951967100330842028,'6951967100330842028,'SS76299534036252265150129,2026-04-11 08:57:39,'3797747822808399961,2026新年款水钻红珠花朵抓夹时尚百搭半扎发发夹洋气后脑勺鲨鱼夹,,,普通订单,3.73,0,0,0,0,0,0,0,0,0,0,0,-0.19,0,0,0,0,0,0,,0,义乌市燃困电子商务商行（个体工商户）,订单结算
2026-04-21 12:06:32,'2026042112062620522601065562,入账,3.53,聚合账户,货款结算入账,精选联盟,'6951964045637457380,'6951964045637457380,'SS76299222303446305790215,2026-04-10 20:58:35,'3782179818351755475,银色金属水钻发扣发夹虞书欣同款高级感洋气甜酷风刘海发夹扣发饰,'3122211035558957,小郡主,普通订单,3.93,0,0,0,0,0,0,0,0,0,0,0,-0.2,-0.2,0,0,0,0,0,,0,义乌市燃困电子商务商行（个体工商户）,订单结算
2026-04-21 12:06:32,'2026042112062720511298655562,入账,3.53,聚合账户,货款结算入账,精选联盟,'6925509117820764076,'6925509117820764076,'SS76299749089504466260157,2026-04-11 10:53:45,'3782179818351755475,银色金属水钻发扣发夹虞书欣同款高级感洋气甜酷风刘海发夹扣发饰,'3122211035558957,小郡主,普通订单,3.93,0,0,0,0,0,0,0,0,0,0,0,-0.2,-0.2,0,0,0,0,0,,0,义乌市燃困电子商务商行（个体工商户）,订单结算
2026-04-21 12:06:32,'2026042112062732296640385562,入账,3.91,聚合账户,货款结算入账,小店自卖,'6951959599565706346,'6951959599565706346,'SS76299873382942479720206,2026-04-10 19:03:11,'3782179818351755475,银色金属水钻发扣发夹虞书欣同款高级感洋气甜酷风刘海发夹扣发饰,,,普通订单,3.93,0,0,0,0,0,0,0,0,0,0,0,-0.02,0,0,0,0,0,0,是-商品卡免佣,0.15,义乌市燃困电子商务商行（个体工商户）,订单结算
2026-04-21 12:06:32,'2026042112062641783342465562,入账,3.57,聚合账户,货款结算入账,精选联盟,'6925561530063224692,'6925561530063224692,'SS76299189950815603350159,2026-04-13 11:15:40,'3782179818351755475,银色金属水钻发扣发夹虞书欣同款高级感洋气甜酷风刘海发夹扣发饰,'3122211035558957,小郡主,普通订单,3.97,0,0,0,0,0,0,0,0,0,0,0,-0.2,-0.2,0,0,0,0,0,,0,义乌市燃困电子商务商行（个体工商户）,订单结算
2026-04-21 12:06:32,'2026042112062722146749955562,入账,5.46,聚合账户,货款结算入账,小店自卖,'6951985242298848907,'6951985242298848907,'SS76300000181662889320219,2026-04-11 13:19:42,'3782039742330306819,kitty香蕉夹女2025新款高级感大号马尾夹发夹竖夹后脑勺盘发饰抓,,,普通订单,5.49,0,0,0,0,0,0,0,0,0,0,0,-0.03,0,0,0,0,0,0,是-商品卡免佣,0.22,义乌市燃困电子商务商行（个体工商户）,订单结算
2026-04-21 12:06:32,'2026042112062703705085795562,入账,3.53,聚合账户,货款结算入账,精选联盟,'6951973079670068915,'6951973079670068915,'SS76299221819926945740102,2026-04-10 20:27:10,'3782179818351755475,银色金属水钻发扣发夹虞书欣同款高级感洋气甜酷风刘海发夹扣发饰,'3122211035558957,小郡主,普通订单,3.93,0,0,0,0,0,0,0,0,0,0,0,-0.2,-0.2,0,0,0,0,0,,0,义乌市燃困电子商务商行（个体工商户）,订单结算
2026-04-21 12:06:32,'2026042112062627542369555562,入账,3.91,聚合账户,货款结算入账,小店自卖,'6925493981414391755,'6925493981414391755,'SS76299245087317734780232,2026-04-11 05:23:00,'3782179818351755475,银色金属水钻发扣发夹虞书欣同款高级感洋气甜酷风刘海发夹扣发饰,,,普通订单,0.93,0,0,3,0,0,0,0,0,0,0,0,-0.02,0,0,0,0,0,0,是-商品卡免佣,0.15,义乌市燃困电子商务商行（个体工商户）,订单结算
2026-04-21 12:06:32,'2026042112062641779082625562,入账,3.53,聚合账户,货款结算入账,精选联盟,'6925511887047065328,'6925511887047065328,'SS76299748539986091620196,2026-04-11 13:25:10,'3782179818351755475,银色金属水钻发扣发夹虞书欣同款高级感洋气甜酷风刘海发夹扣发饰,'3122211035558957,小郡主,普通订单,3.93,0,0,0,0,0,0,0,0,0,0,0,-0.2,-0.2,0,0,0,0,0,,0,义乌市燃困电子商务商行（个体工商户）,订单结算
2026-04-21 12:06:32,'2026042112062719884121755562,入账,4.08,聚合账户,货款结算入账,小店自卖,'6952052623527187668,'6952052623526991060,'SS76299539020222838220014,2026-04-13 11:51:55,'3813142035800654075,新款儿童针织花朵发绳女童扎丸子头大肠发圈小女孩高颜值马尾头绳,,,普通订单,3.91,0,0,0.19,0,0,0,0,0,0,0,0,-0.02,0,0,0,0,0,0,是-商品卡免佣,0.15,义乌市燃困电子商务商行（个体工商户）,订单结算
2026-04-21 12:06:32,'2026042112062528451681435562,入账,3.53,聚合账户,货款结算入账,精选联盟,'6951984418368656592,'6951984418368656592,'SS76299243484720008090186,2026-04-11 00:14:31,'3782179818351755475,银色金属水钻发扣发夹虞书欣同款高级感洋气甜酷风刘海发夹扣发饰,'3122211035558957,小郡主,普通订单,3.93,0,0,0,0,0,0,0,0,0,0,0,-0.2,-0.2,0,0,0,0,0,,0,义乌市燃困电子商务商行（个体工商户）,订单结算
2026-04-21 12:06:32,'2026042112062624925478865562,入账,3.35,聚合账户,货款结算入账,小店自卖,'6925504357751750030,'6925504357751750030,'SS76299898262718428160088,2026-04-11 00:16:23,'3789769309207789754,2025新款秋冬橡皮筋高弹力发绳可爱头绳洋气发圈马尾发饰高级头饰,,,普通订单,3.37,0,0,0,0,0,0,0,0,0,0,0,-0.02,0,0,0,0,0,0,是-商品卡免佣,0.15,义乌市燃困电子商务商行（个体工商户）,订单结算
2026-04-21 12:07:58,'2026042112075232892035025562,入账,3.65,聚合账户,货款结算入账,小店自卖,'6951993942185940959,'6951993942185940959,'SS76299760790425930750209,2026-04-11 12:21:19,'3789769536681673133,M豆新款秋冬橡皮筋高弹力发绳可爱头绳洋气发圈马尾发饰高级头饰,,,普通订单,3.67,0,0,0,0,0,0,0,0,0,0,0,-0.02,0,0,0,0,0,0,是-商品卡免佣,0.15,义乌市燃困电子商务商行（个体工商户）,订单结算
2026-04-21 12:08:20,'2026042112081432845007725562,入账,3.95,聚合账户,货款结算入账,小店自卖,'6952073702100637518,'6952073702100637518,'SS76300951765515476990176,2026-04-15 15:08:21,'3782179818351755475,银色金属水钻发扣发夹虞书欣同款高级感洋气甜酷风刘海发夹扣发饰,,,普通订单,3.97,0,0,0,0,0,0,0,0,0,0,0,-0.02,0,0,0,0,0,0,是-商品卡免佣,0.15,义乌市燃困电子商务商行（个体工商户）,订单结算
2026-04-21 12:09:31,'2026042112092422489052575562,入账,3.22,聚合账户,货款结算入账,精选联盟,'6951964385808684108,'6951964385808684108,'SS76299164019989263790218,2026-04-11 00:22:38,'3782039742330306819,kitty香蕉夹女2025新款高级感大号马尾夹发夹竖夹后脑勺盘发饰抓,'0,,普通订单,0.58,0,0,3,0,0,0,0,0,0,0,0,-0.18,0,0,0,0,-0.18,0,,0,义乌市燃困电子商务商行（个体工商户）,订单结算
2026-04-21 12:10:54,'2026042112104807910405625562,入账,2.29,聚合账户,货款结算入账,小店自卖,'6951971158327366800,'6951971158327366800,'SS76298947312543833750024,2026-04-10 23:09:38,'3789769309207789754,2025新款秋冬橡皮筋高弹力发绳可爱头绳洋气发圈马尾发饰高级头饰,,,普通订单,0.3,0,0,2,0,0,0,0,0,0,0,0,-0.01,0,0,0,0,0,0,是-商品卡免佣,0.07,义乌市燃困电子商务商行（个体工商户）,订单结算
2026-04-21 12:10:55,'2026042112104811249262715562,入账,3.35,聚合账户,货款结算入账,小店自卖,'6925502597991333601,'6925502597991333601,'SS76298945585082867390243,2026-04-11 06:16:06,'3789769309207789754,2025新款秋冬橡皮筋高弹力发绳可爱头绳洋气发圈马尾发饰高级头饰,,,普通订单,3.37,0,0,0,0,0,0,0,0,0,0,0,-0.02,0,0,0,0,0,0,是-商品卡免佣,0.15,义乌市燃困电子商务商行（个体工商户）,订单结算
2026-04-21 12:10:58,'2026042112105407845153635562,入账,0.99,聚合账户,货款结算入账,小店自卖,'6951960421787375036,'6951960421787375036,'SS76298949867779732890075,2026-04-11 07:04:00,'3789769309207789754,2025新款秋冬橡皮筋高弹力发绳可爱头绳洋气发圈马尾发饰高级头饰,,,普通订单,0.87,0,0,0.13,0,0,0,0,0,0,0,0,-0.01,0,0,0,0,0,0,是-商品卡免佣,0.07,义乌市燃困电子商务商行（个体工商户）,订单结算
2026-04-21 12:11:07,'2026042112110104327838995562,入账,2.87,聚合账户,货款结算入账,小店自卖,'6951955743585408939,'6951955743585408939,'SS76299209107487629310239,2026-04-11 00:06:34,'3782108139843878924,秋冬宽边绒面发箍女2025新款压发洗脸发卡发箍网红爆款2026最新款,,,普通订单,2.89,0,0,0,0,0,0,0,0,0,0,0,-0.02,0,0,0,0,0,0,是-商品卡免佣,0.15,义乌市燃困电子商务商行（个体工商户）,订单结算
2026-04-21 12:11:12,'2026042112110603924298395562,入账,3.35,聚合账户,货款结算入账,小店自卖,'6951988967130535031,'6951988967130535031,'SS76298946875715794270023,2026-04-11 07:33:26,'3789769309207789754,2025新款秋冬橡皮筋高弹力发绳可爱头绳洋气发圈马尾发饰高级头饰,,,普通订单,3.37,0,0,0,0,0,0,0,0,0,0,0,-0.02,0,0,0,0,0,0,是-商品卡免佣,0.15,义乌市燃困电子商务商行（个体工商户）,订单结算
2026-04-21 12:11:20,'2026042112111505177676895562,入账,3.91,聚合账户,货款结算入账,小店自卖,'6952007633128003287,'6952007633128003287,'SS76299788906519923550135,2026-04-12 22:51:19,'3782179818351755475,银色金属水钻发扣发夹虞书欣同款高级感洋气甜酷风刘海发夹扣发饰,,,普通订单,3.93,0,0,0,0,0,0,0,0,0,0,0,-0.02,0,0,0,0,0,0,是-商品卡免佣,0.15,义乌市燃困电子商务商行（个体工商户）,订单结算
2026-04-21 12:11:36,'2026042112113026996127185562,入账,3.91,聚合账户,货款结算入账,小店自卖,'6951966247975982946,'6951966247975982946,'SS76299221798958041600122,2026-04-10 18:36:35,'3782179818351755475,银色金属水钻发扣发夹虞书欣同款高级感洋气甜酷风刘海发夹扣发饰,,,普通订单,0.93,0,0,3,0,0,0,0,0,0,0,0,-0.02,0,0,0,0,0,0,是-商品卡免佣,0.15,义乌市燃困电子商务商行（个体工商户）,订单结算
2026-04-21 12:12:21,'2026042112121537895582815562,入账,3.35,聚合账户,货款结算入账,小店自卖,'6951921638488544644,'6951921638488544644,'SS76299771865814474510123,2026-04-09 07:42:13,'3789769309207789754,2025新款秋冬橡皮筋高弹力发绳可爱头绳洋气发圈马尾发饰高级头饰,,,普通订单,3.37,0,0,0,0,0,0,0,0,0,0,0,-0.02,0,0,0,0,0,0,是-商品卡免佣,0.15,义乌市燃困电子商务商行（个体工商户）,订单结算
2026-04-21 12:14:17,'2026042112141229239708565562,入账,2.6,聚合账户,货款结算入账,精选联盟,'6951957964860167191,'6951957964860167191,'SS76299206820274020180167,2026-04-11 01:56:22,'3782179818351755475,银色金属水钻发扣发夹虞书欣同款高级感洋气甜酷风刘海发夹扣发饰,'3122211035558957,小郡主,普通订单,0.01,0,0,2.89,0,0,0,0,0,0,0,0,-0.15,-0.15,0,0,0,0,0,,0,义乌市燃困电子商务商行（个体工商户）,订单结算
2026-04-21 12:14:31,'2026042112142704559058265562,入账,3.65,聚合账户,货款结算入账,小店自卖,'6925502927113715182,'6925502927113715182,'SS76299218553587310710073,2026-04-11 09:28:42,'3789769536681673133,M豆新款秋冬橡皮筋高弹力发绳可爱头绳洋气发圈马尾发饰高级头饰,,,普通订单,3.67,0,0,0,0,0,0,0,0,0,0,0,-0.02,0,0,0,0,0,0,是-商品卡免佣,0.15,义乌市燃困电子商务商行（个体工商户）,订单结算
2026-04-21 12:14:52,'2026042112144731043586665562,入账,3.43,聚合账户,货款结算入账,小店自卖,'6925504440478301390,'6925504440478301390,'SS76298955851727342430197,2026-04-11 00:55:04,'3782193222986629380,复古波点褶皱香蕉夹高级感马尾扭扭竖夹后脑勺显发量横夹发卡抓夹,,,普通订单,3.45,0,0,0,0,0,0,0,0,0,0,0,-0.02,0,0,0,0,0,0,是-商品卡免佣,0.15,义乌市燃困电子商务商行（个体工商户）,订单结算
2026-04-21 12:15:17,'2026042112151232952819725562,入账,2.88,聚合账户,货款结算入账,小店自卖,'6951980139867936152,'6951980139867936152,'SS76299207177438664190068,2026-04-11 09:00:19,'3782179818351755475,银色金属水钻发扣发夹虞书欣同款高级感洋气甜酷风刘海发夹扣发饰,,,普通订单,0.9,0,0,2,0,0,0,0,0,0,0,0,-0.02,0,0,0,0,0,0,是-商品卡免佣,0.15,义乌市燃困电子商务商行（个体工商户）,订单结算
2026-04-21 12:15:33,'2026042112152636541076845562,入账,2.77,聚合账户,货款结算入账,小店自卖,'6952125829444998193,'6952125829444998193,'SS76300452042307835150227,2026-04-16 08:52:21,'3807934237588455815,短发半扎发饰过渡期神器一字弹簧夹2026新款高端后脑勺发夹头饰女,,,普通订单,0.65,0,0,2.27,0,0,0,0,0,0,0,0,-0.15,0,0,0,0,0,0,,0,义乌市燃困电子商务商行（个体工商户）,订单结算
2026-04-21 12:15:55,'2026042112154923960947635562,入账,2.29,聚合账户,货款结算入账,小店自卖,'6925506162756255634,'6925506162756255634,'SS76298947300463255440106,2026-04-10 20:44:22,'3792527296510951799,新款秋冬糖果色字母球发圈女高颜值马尾头绳可爱不勒无痕发绳发饰,,,普通订单,2,0,0,0.3,0,0,0,0,0,0,0,0,-0.01,0,0,0,0,0,0,是-商品卡免佣,0.07,义乌市燃困电子商务商行（个体工商户）,订单结算
2026-04-21 12:16:07,'2026042112160103765045825562,入账,1.79,聚合账户,货款结算入账,小店自卖,'6925545270916054253,'6925545270916054253,'SS76299591386716902490132,2026-04-12 23:33:52,'3789769309207789754,2025新款秋冬橡皮筋高弹力发绳可爱头绳洋气发圈马尾发饰高级头饰,,,普通订单,1.57,0,0,0.23,0,0,0,0,0,0,0,0,-0.01,0,0,0,0,0,0,是-商品卡免佣,0.07,义乌市燃困电子商务商行（个体工商户）,订单结算
2026-04-21 12:16:52,'2026042112164538179801945562,入账,3.53,聚合账户,货款结算入账,精选联盟,'6951944050028319825,'6951944050028319825,'SS76299221201148523920225,2026-04-10 20:23:52,'3782179818351755475,银色金属水钻发扣发夹虞书欣同款高级感洋气甜酷风刘海发夹扣发饰,'3122211035558957,小郡主,普通订单,0.93,0,0,3,0,0,0,0,0,0,0,0,-0.2,-0.2,0,0,0,0,0,,0,义乌市燃困电子商务商行（个体工商户）,订单结算
2026-04-21 12:17:10,'2026042112170429282677855562,入账,3.35,聚合账户,货款结算入账,小店自卖,'6951996001606571254,'6951996001606571254,'SS76299760955929075600142,2026-04-11 13:34:35,'3789769309207789754,2025新款秋冬橡皮筋高弹力发绳可爱头绳洋气发圈马尾发饰高级头饰,,,普通订单,3.37,0,0,0,0,0,0,0,0,0,0,0,-0.02,0,0,0,0,0,0,是-商品卡免佣,0.15,义乌市燃困电子商务商行（个体工商户）,订单结算
2026-04-21 12:17:19,'2026042112171333220531745562,入账,2.79,聚合账户,货款结算入账,小店自卖,'6925499499183963418,'6925499499183963418,'SS76299242439331842660185,2026-04-10 20:42:30,'3806659074658009268,春夏复古彩虹格子蝴蝶结大肠发圈女丸子马尾头绳2026新款韩式发绳,,,普通订单,0.01,0,0,2.93,0,0,0,0,0,0,0,0,-0.15,0,0,0,0,0,0,,0,义乌市燃困电子商务商行（个体工商户）,订单结算
2026-04-21 12:18:09,'2026042112180319892352435562,入账,4.29,聚合账户,货款结算入账,小店自卖,'6925530272596066206,'6925530272596066206,'SS76298729628584678810197,2026-04-11 22:01:17,'3782193222986629380,复古波点褶皱香蕉夹高级感马尾扭扭竖夹后脑勺显发量横夹发卡抓夹,,,普通订单,4.32,0,0,0,0,0,0,0,0,0,0,0,-0.03,0,0,0,0,0,0,是-商品卡免佣,0.22,义乌市燃困电子商务商行（个体工商户）,订单结算
2026-04-21 12:18:27,'2026042112182322866337435562,入账,2.3,聚合账户,货款结算入账,小店自卖,'6925538453126741128,'6925538453126741128,'SS76299005451254664100118,2026-04-12 18:07:29,'3782173807536636302,许我耀眼赵露思许妍同款三角抓夹后脑勺盘发鲨鱼夹高马尾发夹发饰,,,普通订单,2.31,0,0,0,0,0,0,0,0,0,0,0,-0.01,0,0,0,0,0,0,是-商品卡免佣,0.07,义乌市燃困电子商务商行（个体工商户）,订单结算
2026-04-21 12:19:19,'2026042112191416321912675562,入账,0.99,聚合账户,货款结算入账,小店自卖,'6951977922471990384,'6951977922471990384,'SS76298949812892639240073,2026-04-11 00:04:16,'3789769309207789754,2025新款秋冬橡皮筋高弹力发绳可爱头绳洋气发圈马尾发饰高级头饰,,,普通订单,0.87,0,0,0.13,0,0,0,0,0,0,0,0,-0.01,0,0,0,0,0,0,是-商品卡免佣,0.07,义乌市燃困电子商务商行（个体工商户）,订单结算
2026-04-21 12:19:26,'2026042112191825701790815562,入账,3.53,聚合账户,货款结算入账,精选联盟,'6925493710643887252,'6925493710643887252,'SS76299223587403249160064,2026-04-10 23:11:44,'3782179818351755475,银色金属水钻发扣发夹虞书欣同款高级感洋气甜酷风刘海发夹扣发饰,'3122211035558957,小郡主,普通订单,3.93,0,0,0,0,0,0,0,0,0,0,0,-0.2,-0.2,0,0,0,0,0,,0,义乌市燃困电子商务商行（个体工商户）,订单结算
2026-04-21 12:19:43,'2026042112193437109768065562,入账,2.84,聚合账户,货款结算入账,小店自卖,'6951987405357389319,'6951987405357389319,'SS76300042573449180250086,2026-04-11 13:44:59,'3782325961064841649,许我耀眼赵露思许妍同款爱心抓夹2025新款高级感后脑勺鲨鱼夹发夹,,,普通订单,0.86,0,0,2,0,0,0,0,0,0,0,0,-0.02,0,0,0,0,0,0,是-商品卡免佣,0.15,义乌市燃困电子商务商行（个体工商户）,订单结算
2026-04-21 12:20:57,'2026042112205036203771395562,入账,3.53,聚合账户,货款结算入账,精选联盟,'6951984551756567587,'6951984551756567587,'SS76299245087178755020131,2026-04-11 05:50:16,'3782179818351755475,银色金属水钻发扣发夹虞书欣同款高级感洋气甜酷风刘海发夹扣发饰,'3122211035558957,小郡主,普通订单,3.93,0,0,0,0,0,0,0,0,0,0,0,-0.2,-0.2,0,0,0,0,0,,0,义乌市燃困电子商务商行（个体工商户）,订单结算
2026-04-21 12:21:09,'2026042112210211712435835562,入账,0.99,聚合账户,货款结算入账,小店自卖,'6925493840288645092,'6925493840288645092,'SS76298949829092641680123,2026-04-10 23:55:49,'3789769309207789754,2025新款秋冬橡皮筋高弹力发绳可爱头绳洋气发圈马尾发饰高级头饰,,,普通订单,0.91,0,0,0.09,0,0,0,0,0,0,0,0,-0.01,0,0,0,0,0,0,是-商品卡免佣,0.07,义乌市燃困电子商务商行（个体工商户）,订单结算
2026-04-21 12:22:11,'2026042112220319726671725562,入账,1.1,聚合账户,货款结算入账,小店自卖,'6951834082273073028,'6951834082273073028,'SS76300222053424870900168,2026-04-05 13:46:21,'3797747822808399961,2026新年款水钻红珠花朵抓夹时尚百搭半扎发发夹洋气后脑勺鲨鱼夹,,,普通订单,1.11,0,0,0,0,0,0,0,0,0,0,0,-0.01,0,0,0,0,0,0,是-商品卡免佣,0.07,义乌市燃困电子商务商行（个体工商户）,订单结算
2026-04-21 12:22:49,'2026042112224305235553435562,入账,5.92,聚合账户,货款结算入账,小店自卖,'6925517694947327188,'6925517694947327188,'SS76299749181221442710070,2026-04-11 12:12:01,'3782032949856305462,虞书欣同款发夹小发扣金属圆形水钻刘海前额侧边边夹抓夹发卡夹子,,,普通订单,5.96,0,0,0,0,0,0,0,0,0,0,0,-0.04,0,0,0,0,0,0,是-商品卡免佣,0.29,义乌市燃困电子商务商行（个体工商户）,订单结算
2026-04-21 12:23:12,'2026042112230637077655505562,入账,3.53,聚合账户,货款结算入账,精选联盟,'6951967576302622407,'6951967576302622407,'SS76299899163149929460001,2026-04-11 14:33:05,'3782179818351755475,银色金属水钻发扣发夹虞书欣同款高级感洋气甜酷风刘海发夹扣发饰,'3122211035558957,小郡主,普通订单,3.93,0,0,0,0,0,0,0,0,0,0,0,-0.2,-0.2,0,0,0,0,0,,0,义乌市燃困电子商务商行（个体工商户）,订单结算
2026-04-21 12:24:05,'2026042112235735024243205562,入账,1.79,聚合账户,货款结算入账,小店自卖,'6951982115337803308,'6951982115337803308,'SS76298948290996311390015,2026-04-10 23:31:03,'3792527296510951799,新款秋冬糖果色字母球发圈女高颜值马尾头绳可爱不勒无痕发绳发饰,,,普通订单,1.55,0,0,0.25,0,0,0,0,0,0,0,0,-0.01,0,0,0,0,0,0,是-商品卡免佣,0.07,义乌市燃困电子商务商行（个体工商户）,订单结算
2026-04-21 12:25:21,'2026042112251437104727505562,入账,2.93,聚合账户,货款结算入账,小店自卖,'6951818366551463415,'6951818366551463415,'SS76285668390199790340155,2026-04-05 12:21:46,'3789769309207789754,2025新款秋冬橡皮筋高弹力发绳可爱头绳洋气发圈马尾发饰高级头饰,,,普通订单,2.95,0,0,0,0,0,0,0,0,0,0,0,-0.02,0,0,0,0,0,0,是-商品卡免佣,0.15,义乌市燃困电子商务商行（个体工商户）,订单结算
2026-04-21 12:26:13,'2026042112260729366361695562,入账,2.29,聚合账户,货款结算入账,小店自卖,'6925506917193514577,'6925506917193514577,'SS76298948504123804560241,2026-04-11 07:08:30,'3789769309207789754,2025新款秋冬橡皮筋高弹力发绳可爱头绳洋气发圈马尾发饰高级头饰,,,普通订单,0.1,0,0,2.2,0,0,0,0,0,0,0,0,-0.01,0,0,0,0,0,0,是-商品卡免佣,0.07,义乌市燃困电子商务商行（个体工商户）,订单结算
2026-04-21 12:26:38,'2026042112263209883653635562,入账,2.29,聚合账户,货款结算入账,小店自卖,'6925508400338468026,'6925508400338468026,'SS76298948418035553680035,2026-04-11 00:50:38,'3789769309207789754,2025新款秋冬橡皮筋高弹力发绳可爱头绳洋气发圈马尾发饰高级头饰,,,普通订单,0.3,0,0,2,0,0,0,0,0,0,0,0,-0.01,0,0,0,0,0,0,是-商品卡免佣,0.07,义乌市燃困电子商务商行（个体工商户）,订单结算
2026-04-21 12:27:09,'2026042112270208265242015562,入账,3.83,聚合账户,货款结算入账,小店自卖,'6951965004701242839,'6951965004701242839,'SS76299966928091553640210,2026-04-11 13:10:32,'3793481951785123969,2025新年款红色百搭珍珠皮筋发圈女马尾头绳高级发绳丸子头发发饰,,,普通订单,3.85,0,0,0,0,0,0,0,0,0,0,0,-0.02,0,0,0,0,0,0,是-商品卡免佣,0.15,义乌市燃困电子商务商行（个体工商户）,订单结算
2026-04-21 12:28:17,'2026042112281218459899245562,入账,5.71,聚合账户,货款结算入账,小店自卖,'6925497064725380228,'6925497064725380228,'SS76300003652365358710007,2026-04-10 16:49:20,'3789769309207789754,2025新款秋冬橡皮筋高弹力发绳可爱头绳洋气发圈马尾发饰高级头饰,,,普通订单,5.74,0,0,0,0,0,0,0,0,0,0,0,-0.03,0,0,0,0,0,0,是-商品卡免佣,0.22,义乌市燃困电子商务商行（个体工商户）,订单结算
2026-04-21 12:28:46,'2026042112283832976898945562,入账,3.35,聚合账户,货款结算入账,小店自卖,'6951830735085508381,'6951830735085508381,'SS76300012927439017390123,2026-04-06 09:02:50,'3789769309207789754,2025新款秋冬橡皮筋高弹力发绳可爱头绳洋气发圈马尾发饰高级头饰,,,普通订单,3.37,0,0,0,0,0,0,0,0,0,0,0,-0.02,0,0,0,0,0,0,是-商品卡免佣,0.15,义乌市燃困电子商务商行（个体工商户）,订单结算
2026-04-21 12:29:45,'2026042112294022653834585562,入账,3.01,聚合账户,货款结算入账,精选联盟,'6925514686506565306,'6925514686506565306,'SS76299007602239903220101,2026-04-11 20:04:32,'3782179818351755475,银色金属水钻发扣发夹虞书欣同款高级感洋气甜酷风刘海发夹扣发饰,'3122211035558957,小郡主,普通订单,3.35,0,0,0,0,0,0,0,0,0,0,0,-0.17,-0.17,0,0,0,0,0,,0,义乌市燃困电子商务商行（个体工商户）,订单结算
2026-04-21 12:31:28,'2026042112312326016648225562,入账,3.91,聚合账户,货款结算入账,小店自卖,'6925488663940267942,'6925488663940267942,'SS76299222145147871220182,2026-04-10 18:07:51,'3782179818351755475,银色金属水钻发扣发夹虞书欣同款高级感洋气甜酷风刘海发夹扣发饰,,,普通订单,3.93,0,0,0,0,0,0,0,0,0,0,0,-0.02,0,0,0,0,0,0,是-商品卡免佣,0.15,义乌市燃困电子商务商行（个体工商户）,订单结算
2026-04-21 12:31:55,'2026042112315105162442875562,入账,2.1,聚合账户,货款结算入账,小店自卖,'6951955758984926216,'6951955758984926216,'SS76299164039131469320221,2026-04-11 00:27:07,'3782206591290442095,气质豹纹三角抓夹女款2025新款复古秋冬鲨鱼夹后脑勺盘发发夹发饰,,,普通订单,2.11,0,0,0,0,0,0,0,0,0,0,0,-0.01,0,0,0,0,0,0,是-商品卡免佣,0.07,义乌市燃困电子商务商行（个体工商户）,订单结算
2026-04-21 12:31:58,'2026042112315321190620265562,入账,3.35,聚合账户,货款结算入账,小店自卖,'6925508312028839839,'6925508312028839839,'SS76298941612744051610180,2026-04-10 23:34:05,'3789769309207789754,2025新款秋冬橡皮筋高弹力发绳可爱头绳洋气发圈马尾发饰高级头饰,,,普通订单,0.01,0,0,3.36,0,0,0,0,0,0,0,0,-0.02,0,0,0,0,0,0,是-商品卡免佣,0.15,义乌市燃困电子商务商行（个体工商户）,订单结算
2026-04-21 12:32:04,'2026042112315906685002625562,入账,2.88,聚合账户,货款结算入账,小店自卖,'6925534016939064555,'6925534016939064555,'SS76301232738923482100192,2026-04-12 17:29:56,'3782179818351755475,银色金属水钻发扣发夹虞书欣同款高级感洋气甜酷风刘海发夹扣发饰,,,普通订单,2.9,0,0,0,0,0,0,0,0,0,0,0,-0.02,0,0,0,0,0,0,是-商品卡免佣,0.15,义乌市燃困电子商务商行（个体工商户）,订单结算
2026-04-21 12:32:40,'2026042112323635125704195562,入账,2.87,聚合账户,货款结算入账,小店自卖,'6951977629049034663,'6951977629049034663,'SS76298957038961467280013,2026-04-10 21:40:56,'3782193222986629380,复古波点褶皱香蕉夹高级感马尾扭扭竖夹后脑勺显发量横夹发卡抓夹,,,普通订单,0.01,0,0,2.88,0,0,0,0,0,0,0,0,-0.02,0,0,0,0,0,0,是-商品卡免佣,0.15,义乌市燃困电子商务商行（个体工商户）,订单结算
2026-04-21 12:33:27,'2026042112332301472435665562,入账,3.91,聚合账户,货款结算入账,小店自卖,'6951964014401295720,'6951964014401295720,'SS76299222663154898070115,2026-04-10 21:02:44,'3782179818351755475,银色金属水钻发扣发夹虞书欣同款高级感洋气甜酷风刘海发夹扣发饰,,,普通订单,3.93,0,0,0,0,0,0,0,0,0,0,0,-0.02,0,0,0,0,0,0,是-商品卡免佣,0.15,义乌市燃困电子商务商行（个体工商户）,订单结算
2026-04-21 12:34:01,'2026042112335638343644625562,入账,3.91,聚合账户,货款结算入账,小店自卖,'6925488763630550305,'6925488763630550305,'SS76299221019656691720029,2026-04-10 19:05:44,'3782179818351755475,银色金属水钻发扣发夹虞书欣同款高级感洋气甜酷风刘海发夹扣发饰,,,普通订单,3.93,0,0,0,0,0,0,0,0,0,0,0,-0.02,0,0,0,0,0,0,是-商品卡免佣,0.15,义乌市燃困电子商务商行（个体工商户）,订单结算
2026-04-21 12:36:54,'2026042112365106646830545562,入账,4.36,聚合账户,货款结算入账,小店自卖,'6951978545676686732,'6951978545676686732,'SS76299986755739325540075,2026-04-11 11:27:42,'3806659074658009268,春夏复古彩虹格子蝴蝶结大肠发圈女丸子马尾头绳2026新款韩式发绳,,,普通订单,3.44,0,0,0.95,0,0,0,0,0,0,0,0,-0.03,0,0,0,0,0,0,是-商品卡免佣,0.22,义乌市燃困电子商务商行（个体工商户）,订单结算
2026-04-21 12:37:19,'2026042112371529704522335562,入账,3.65,聚合账户,货款结算入账,小店自卖,'6951975755961669295,'6951975755961669295,'SS76298946417643852900057,2026-04-11 05:53:37,'3789769536681673133,M豆新款秋冬橡皮筋高弹力发绳可爱头绳洋气发圈马尾发饰高级头饰,,,普通订单,3.67,0,0,0,0,0,0,0,0,0,0,0,-0.02,0,0,0,0,0,0,是-商品卡免佣,0.15,义乌市燃困电子商务商行（个体工商户）,订单结算
2026-04-21 12:38:15,'2026042112381041802839455562,入账,3.96,聚合账户,货款结算入账,小店自卖,'6951980356990736074,'6951980356990736074,'SS76299986827417851420100,2026-04-11 11:15:32,'3806826554969948422,韩系复古气质豹纹颅顶发梳女碎发整理神器倒插梳发夹时尚发卡夹子,,,普通订单,3.98,0,0,0,0,0,0,0,0,0,0,0,-0.02,0,0,0,0,0,0,是-商品卡免佣,0.15,义乌市燃困电子商务商行（个体工商户）,订单结算
2026-04-21 12:39:13,'2026042112390910080752735562,入账,3.2,聚合账户,货款结算入账,小店自卖,'6951943994469520708,'6951943994469520708,'SS76298941148849446490244,2026-04-10 20:00:43,'3789769309207789754,2025新款秋冬橡皮筋高弹力发绳可爱头绳洋气发圈马尾发饰高级头饰,,,普通订单,2.36,0,0,1.01,0,0,0,0,0,0,0,0,-0.17,0,0,0,0,0,0,,0,义乌市燃困电子商务商行（个体工商户）,订单结算
2026-04-21 12:39:32,'2026042112392826384474035562,入账,3.91,聚合账户,货款结算入账,小店自卖,'6925508061639572934,'6925508061639572934,'SS76299899380412418960092,2026-04-11 14:51:27,'3782179818351755475,银色金属水钻发扣发夹虞书欣同款高级感洋气甜酷风刘海发夹扣发饰,,,普通订单,3.93,0,0,0,0,0,0,0,0,0,0,0,-0.02,0,0,0,0,0,0,是-商品卡免佣,0.15,义乌市燃困电子商务商行（个体工商户）,订单结算
2026-04-21 12:42:15,'2026042112421205243581635562,出账,2,聚合账户,小额打款,,'6952153199011239074,'6952153199011239074,,,,,,,普通订单,0,0,0,0,0,0,0,0,0,0,0,0,0,0,0,0,0,0,0,,0,义乌市燃困电子商务商行（个体工商户）,商家向消费者小额打款-“补差价”
2026-04-21 12:45:26,'2026042112452208362726595562,入账,0.9,聚合账户,货款结算入账,精选联盟,'6952164264459835248,'6952164264459835248,'SS76298580149010109530124,2026-04-18 06:14:48,'3782179818351755475,银色金属水钻发扣发夹虞书欣同款高级感洋气甜酷风刘海发夹扣发饰,'3122211035558957,小郡主,普通订单,7.15,0,0,0,0,0,0,0,0,0,0,-6.15,-0.05,-0.05,0,0,0,0,0,,0,义乌市燃困电子商务商行（个体工商户）,订单结算
2026-04-21 12:47:37,'2026042112473113940820945562,入账,3.2,聚合账户,货款结算入账,小店自卖,'6951959344676869793,'6951959344676869793,'SS76299897995559613820011,2026-04-10 16:41:07,'3789769309207789754,2025新款秋冬橡皮筋高弹力发绳可爱头绳洋气发圈马尾发饰高级头饰,,,普通订单,3.37,0,0,0,0,0,0,0,0,0,0,0,-0.17,0,0,0,0,0,0,,0,义乌市燃困电子商务商行（个体工商户）,订单结算
2026-04-21 12:47:47,'2026042112474223184880735562,入账,3.95,聚合账户,货款结算入账,小店自卖,'6951839231009625935,'6951839231009625935,'SS76299967452665941110185,2026-04-06 00:37:07,'3782179818351755475,银色金属水钻发扣发夹虞书欣同款高级感洋气甜酷风刘海发夹扣发饰,,,普通订单,3.97,0,0,0,0,0,0,0,0,0,0,0,-0.02,0,0,0,0,0,0,是-商品卡免佣,0.15,义乌市燃困电子商务商行（个体工商户）,订单结算
2026-04-21 12:47:50,'2026042112474511537004025562,入账,3.53,聚合账户,货款结算入账,精选联盟,'6925555380790525246,'6925555380790525246,'SS76299388957499230780037,2026-04-12 18:33:41,'3782179818351755475,银色金属水钻发扣发夹虞书欣同款高级感洋气甜酷风刘海发夹扣发饰,'3122211035558957,小郡主,普通订单,3.93,0,0,0,0,0,0,0,0,0,0,0,-0.2,-0.2,0,0,0,0,0,,0,义乌市燃困电子商务商行（个体工商户）,订单结算
2026-04-21 12:47:58,'2026042112475333264604265562,入账,3.35,聚合账户,货款结算入账,小店自卖,'6951989537009243767,'6951989537009243767,'SS76299907241801159680239,2026-04-11 14:33:39,'3789769309207789754,2025新款秋冬橡皮筋高弹力发绳可爱头绳洋气发圈马尾发饰高级头饰,,,普通订单,3.37,0,0,0,0,0,0,0,0,0,0,0,-0.02,0,0,0,0,0,0,是-商品卡免佣,0.15,义乌市燃困电子商务商行（个体工商户）,订单结算
2026-04-21 12:48:15,'2026042112481014608184745562,入账,4.94,聚合账户,货款结算入账,小店自卖,'6925499185700961675,'6925499185700961675,'SS76299157703821562880118,2026-04-10 17:18:46,'3782171819000332501,许我耀眼赵露思许妍同款三角抓夹女高级感后脑勺高马尾发夹鲨鱼夹,,,普通订单,4.97,0,0,0,0,0,0,0,0,0,0,0,-0.03,0,0,0,0,0,0,是-商品卡免佣,0.22,义乌市燃困电子商务商行（个体工商户）,订单结算
2026-04-21 12:48:32,'2026042112482729706493905562,入账,3.35,聚合账户,货款结算入账,小店自卖,'6951971023220184408,'6951971023220184408,'SS76298941302114104410226,2026-04-10 21:54:01,'3789769309207789754,2025新款秋冬橡皮筋高弹力发绳可爱头绳洋气发圈马尾发饰高级头饰,,,普通订单,3.37,0,0,0,0,0,0,0,0,0,0,0,-0.02,0,0,0,0,0,0,是-商品卡免佣,0.15,义乌市燃困电子商务商行（个体工商户）,订单结算
2026-04-21 12:49:33,'2026042112492725810373625562,入账,3.35,聚合账户,货款结算入账,小店自卖,'6951966502568793797,'6951966502568793797,'SS76299898262520630020201,2026-04-10 21:21:49,'3789769309207789754,2025新款秋冬橡皮筋高弹力发绳可爱头绳洋气发圈马尾发饰高级头饰,,,普通订单,3.37,0,0,0,0,0,0,0,0,0,0,0,-0.02,0,0,0,0,0,0,是-商品卡免佣,0.15,义乌市燃困电子商务商行（个体工商户）,订单结算
2026-04-21 12:50:44,'2026042112503812080092625562,入账,4.61,聚合账户,货款结算入账,小店自卖,'6951955380148376972,'6951955380148376972,'SS76299158290414515580244,2026-04-10 20:51:49,'3782016603152056727,时髦回归~头发抓夹女豹纹蝴蝶结鲨鱼夹2025新款发夹高级感发饰秋,,,普通订单,4.64,0,0,0,0,0,0,0,0,0,0,0,-0.03,0,0,0,0,0,0,是-商品卡免佣,0.22,义乌市燃困电子商务商行（个体工商户）,订单结算
2026-04-21 12:51:14,'2026042112510831340469865562,入账,2.6,聚合账户,货款结算入账,精选联盟,'6925495219670645828,'6925495219670645828,'SS76299204896371676670010,2026-04-10 21:20:21,'3782179818351755475,银色金属水钻发扣发夹虞书欣同款高级感洋气甜酷风刘海发夹扣发饰,'3122211035558957,小郡主,普通订单,2.9,0,0,0,0,0,0,0,0,0,0,0,-0.15,-0.15,0,0,0,0,0,,0,义乌市燃困电子商务商行（个体工商户）,订单结算
2026-04-21 12:52:21,'2026042112521527731238805562,入账,3.53,聚合账户,货款结算入账,精选联盟,'6951950809113106339,'6951950809113106339,'SS76299160166849093520080,2026-04-10 17:13:30,'3782179818351755475,银色金属水钻发扣发夹虞书欣同款高级感洋气甜酷风刘海发夹扣发饰,'3122211035558957,小郡主,普通订单,3.93,0,0,0,0,0,0,0,0,0,0,0,-0.2,-0.2,0,0,0,0,0,,0,义乌市燃困电子商务商行（个体工商户）,订单结算
2026-04-21 12:53:56,'2026042112534740697863875562,入账,3.01,聚合账户,货款结算入账,精选联盟,'6951973892654766051,'6951973892654766051,'SS76299261309674785660240,2026-04-11 10:13:30,'3782179818351755475,银色金属水钻发扣发夹虞书欣同款高级感洋气甜酷风刘海发夹扣发饰,'3122211035558957,小郡主,普通订单,3.35,0,0,0,0,0,0,0,0,0,0,0,-0.17,-0.17,0,0,0,0,0,,0,义乌市燃困电子商务商行（个体工商户）,订单结算
2026-04-21 12:55:03,'2026042112545621853642785562,入账,3.65,聚合账户,货款结算入账,小店自卖,'6952011936045864899,'6952011936045864899,'SS76299316854861542500022,2026-04-12 19:38:21,'3789769536681673133,M豆新款秋冬橡皮筋高弹力发绳可爱头绳洋气发圈马尾发饰高级头饰,,,普通订单,3.67,0,0,0,0,0,0,0,0,0,0,0,-0.02,0,0,0,0,0,0,是-商品卡免佣,0.15,义乌市燃困电子商务商行（个体工商户）,订单结算
2026-04-21 12:57:27,'2026042112572106178409365562,出账,1,聚合账户,小额打款,,'6952093270299907284,'6952093270299907284,,,,,,,普通订单,0,0,0,0,0,0,0,0,0,0,0,0,0,0,0,0,0,0,0,,0,义乌市燃困电子商务商行（个体工商户）,商家向消费者小额打款-“补差价”
2026-04-21 12:58:35,'2026042112582805377439185562,入账,3.35,聚合账户,货款结算入账,小店自卖,'6952034532868297996,'6952034532868297996,'SS76299528153054090580058,2026-04-13 09:30:45,'3789769309207789754,2025新款秋冬橡皮筋高弹力发绳可爱头绳洋气发圈马尾发饰高级头饰,,,普通订单,3.37,0,0,0,0,0,0,0,0,0,0,0,-0.02,0,0,0,0,0,0,是-商品卡免佣,0.15,义乌市燃困电子商务商行（个体工商户）,订单结算
2026-04-21 12:58:45,'2026042112583733697346825562,入账,5.79,聚合账户,货款结算入账,小店自卖,'6925546248305868621,'6925546248305868621,'SS76300067943079818390201,2026-04-12 16:54:55,'3806659074658009268,春夏复古彩虹格子蝴蝶结大肠发圈女丸子马尾头绳2026新款韩式发绳,,,普通订单,6.09,0,0,0,0,0,0,0,0,0,0,0,-0.3,0,0,0,0,0,0,,0,义乌市燃困电子商务商行（个体工商户）,订单结算
2026-04-21 12:59:24,'2026042112591833368355935562,入账,3.53,聚合账户,货款结算入账,精选联盟,'6925522371189833323,'6925522371189833323,'SS76299899291536103030066,2026-04-11 14:36:20,'3782179818351755475,银色金属水钻发扣发夹虞书欣同款高级感洋气甜酷风刘海发夹扣发饰,'3122211035558957,小郡主,普通订单,3.93,0,0,0,0,0,0,0,0,0,0,0,-0.2,-0.2,0,0,0,0,0,,0,义乌市燃困电子商务商行（个体工商户）,订单结算
2026-04-21 12:59:34,'2026042112592513768463905562,入账,3.91,聚合账户,货款结算入账,小店自卖,'6925528300567625261,'6925528300567625261,'SS76301056604407892740029,2026-04-12 00:53:08,'3782179818351755475,银色金属水钻发扣发夹虞书欣同款高级感洋气甜酷风刘海发夹扣发饰,,,普通订单,3.93,0,0,0,0,0,0,0,0,0,0,0,-0.02,0,0,0,0,0,0,是-商品卡免佣,0.15,义乌市燃困电子商务商行（个体工商户）,订单结算
2026-04-21 13:01:55,'2026042113015011620032635562,入账,3.78,聚合账户,货款结算入账,小店自卖,'6952081302491961013,'6952081302491961013,'SS76297649440247488360175,2026-04-14 19:37:14,'3782209586937856113,日韩风米菲兔牛仔香蕉夹可爱兔子造型高马尾盘发发夹显发量多百搭,,,普通订单,0.8,0,0,3,0,0,0,0,0,0,0,0,-0.02,0,0,0,0,0,0,是-商品卡免佣,0.15,义乌市燃困电子商务商行（个体工商户）,订单结算
2026-04-21 13:01:55,'2026042113014821143229865562,入账,4.2,聚合账户,货款结算入账,小店自卖,'6952086287121454976,'6952086287121454976,'SS76300937463396273100049,2026-04-15 01:29:15,'3782158083703309205,春夏韩系雾霾紫布艺发箍显白复古头箍发饰发箍2026爆款洋气高级感,,,普通订单,4.23,0,0,0,0,0,0,0,0,0,0,0,-0.03,0,0,0,0,0,0,是-商品卡免佣,0.22,义乌市燃困电子商务商行（个体工商户）,订单结算
2026-04-21 13:02:11,'2026042113020624888778305562,出账,10,聚合账户,评价有礼保证金扣款,,,,,,,,,,普通订单,0,0,0,0,0,0,0,0,0,0,0,0,0,0,0,0,0,0,0,,0,义乌市燃困电子商务商行（个体工商户）,扣除货款充值评价有礼保证金，详情至【流量-营销工具-工具列表-评价有礼】查看
2026-04-21 13:06:17,'2026042113060841387668675562,入账,3.91,聚合账户,货款结算入账,小店自卖,'6951960245314655669,'6951960245314655669,'SS76299243467657385360243,2026-04-11 00:49:00,'3782179818351755475,银色金属水钻发扣发夹虞书欣同款高级感洋气甜酷风刘海发夹扣发饰,,,普通订单,3.93,0,0,0,0,0,0,0,0,0,0,0,-0.02,0,0,0,0,0,0,是-商品卡免佣,0.15,义乌市燃困电子商务商行（个体工商户）,订单结算
2026-04-21 13:14:28,'2026042113142003274511775562,入账,3.53,聚合账户,货款结算入账,精选联盟,'6925504988086238431,'6925504988086238431,'SS76299245255975575550020,2026-04-11 10:01:10,'3782179818351755475,银色金属水钻发扣发夹虞书欣同款高级感洋气甜酷风刘海发夹扣发饰,'3122211035558957,小郡主,普通订单,3.93,0,0,0,0,0,0,0,0,0,0,0,-0.2,-0.2,0,0,0,0,0,,0,义乌市燃困电子商务商行（个体工商户）,订单结算
2026-04-21 13:16:20,'2026042113161514603558945562,入账,3.35,聚合账户,货款结算入账,小店自卖,'6925498260770553463,'6925498260770553463,'SS76298947039114862620067,2026-04-11 07:22:02,'3789769309207789754,2025新款秋冬橡皮筋高弹力发绳可爱头绳洋气发圈马尾发饰高级头饰,,,普通订单,3.37,0,0,0,0,0,0,0,0,0,0,0,-0.02,0,0,0,0,0,0,是-商品卡免佣,0.15,义乌市燃困电子商务商行（个体工商户）,订单结算
2026-04-21 13:28:34,'2026042113282637122422165562,入账,3.91,聚合账户,货款结算入账,小店自卖,'6925501964617546948,'6925501964617546948,'SS76299221951085287030041,2026-04-10 21:31:15,'3782179818351755475,银色金属水钻发扣发夹虞书欣同款高级感洋气甜酷风刘海发夹扣发饰,,,普通订单,3.93,0,0,0,0,0,0,0,0,0,0,0,-0.02,0,0,0,0,0,0,是-商品卡免佣,0.15,义乌市燃困电子商务商行（个体工商户）,订单结算
2026-04-21 13:28:46,'2026042113283627102582145562,入账,3.95,聚合账户,货款结算入账,小店自卖,'6925506131175111722,'6925506131175111722,'SS76299222685248561070206,2026-04-10 20:25:00,'3782179818351755475,银色金属水钻发扣发夹虞书欣同款高级感洋气甜酷风刘海发夹扣发饰,,,普通订单,3.97,0,0,0,0,0,0,0,0,0,0,0,-0.02,0,0,0,0,0,0,是-商品卡免佣,0.15,义乌市燃困电子商务商行（个体工商户）,订单结算
2026-04-21 13:29:01,'2026042113285301691164525562,入账,3.78,聚合账户,货款结算入账,小店自卖,'6951977342185183194,'6951977342185183194,'SS76299212281162634580079,2026-04-10 18:17:40,'3782209586937856113,日韩风米菲兔牛仔香蕉夹可爱兔子造型高马尾盘发发夹显发量多百搭,,,普通订单,3.8,0,0,0,0,0,0,0,0,0,0,0,-0.02,0,0,0,0,0,0,是-商品卡免佣,0.15,义乌市燃困电子商务商行（个体工商户）,订单结算
2026-04-21 13:29:35,'2026042113292700884577635562,入账,3.2,聚合账户,货款结算入账,小店自卖,'6951943981749835223,'6951943981749835223,'SS76299898042224156670072,2026-04-10 19:10:25,'3789769309207789754,2025新款秋冬橡皮筋高弹力发绳可爱头绳洋气发圈马尾发饰高级头饰,,,普通订单,3.37,0,0,0,0,0,0,0,0,0,0,0,-0.17,0,0,0,0,0,0,,0,义乌市燃困电子商务商行（个体工商户）,订单结算
2026-04-21 13:30:05,'2026042113295621142576795562,入账,6.43,聚合账户,货款结算入账,精选联盟,'6952129748064147289,'6952129748064147289,'SS76300765031532137230084,2026-04-17 00:29:15,'3782179818351755475,银色金属水钻发扣发夹虞书欣同款高级感洋气甜酷风刘海发夹扣发饰,'0,,普通订单,7.15,0,0,0,0,0,0,0,0,0,0,0,-0.36,0,0,0,0,-0.36,0,,0,义乌市燃困电子商务商行（个体工商户）,订单结算
2026-04-21 13:33:08,'2026042113330211199286225562,入账,3.35,聚合账户,货款结算入账,小店自卖,'6951985368523413292,'6951985368523413292,'SS76299906462345958670047,2026-04-11 14:42:21,'3789769309207789754,2025新款秋冬橡皮筋高弹力发绳可爱头绳洋气发圈马尾发饰高级头饰,,,普通订单,3.37,0,0,0,0,0,0,0,0,0,0,0,-0.02,0,0,0,0,0,0,是-商品卡免佣,0.15,义乌市燃困电子商务商行（个体工商户）,订单结算
2026-04-21 13:34:52,'2026042113344634561722885562,入账,3.01,聚合账户,货款结算入账,精选联盟,'6925504431705194352,'6925504431705194352,'SS76299260843019635580034,2026-04-11 01:04:15,'3782179818351755475,银色金属水钻发扣发夹虞书欣同款高级感洋气甜酷风刘海发夹扣发饰,'3122211035558957,小郡主,普通订单,3.35,0,0,0,0,0,0,0,0,0,0,0,-0.17,-0.17,0,0,0,0,0,,0,义乌市燃困电子商务商行（个体工商户）,订单结算
2026-04-21 13:39:35,'2026042113393032801141765562,入账,4.7,聚合账户,货款结算入账,小店自卖,'6951979806140995357,'6951979806140995357,'SS76299158445468390910085,2026-04-10 23:31:22,'3782171819000332501,许我耀眼赵露思许妍同款三角抓夹女高级感后脑勺高马尾发夹鲨鱼夹,,,普通订单,4.73,0,0,0,0,0,0,0,0,0,0,0,-0.03,0,0,0,0,0,0,是-商品卡免佣,0.22,义乌市燃困电子商务商行（个体工商户）,订单结算
2026-04-21 13:52:34,'2026042113522036626598945562,入账,3.35,聚合账户,货款结算入账,小店自卖,'6925500470479257271,'6925500470479257271,'SS76299218950946493710167,2026-04-11 08:54:22,'3789769309207789754,2025新款秋冬橡皮筋高弹力发绳可爱头绳洋气发圈马尾发饰高级头饰,,,普通订单,3.37,0,0,0,0,0,0,0,0,0,0,0,-0.02,0,0,0,0,0,0,是-商品卡免佣,0.15,义乌市燃困电子商务商行（个体工商户）,订单结算
2026-04-21 13:57:51,'2026042113574320815099405562,出账,2,聚合账户,小额打款,,'6952178962275308990,'6952178962275308990,,,,,,,普通订单,0,0,0,0,0,0,0,0,0,0,0,0,0,0,0,0,0,0,0,,0,义乌市燃困电子商务商行（个体工商户）,商家向消费者小额打款-“补差价”
2026-04-21 13:58:41,'2026042113583213057236995562,入账,3.95,聚合账户,货款结算入账,小店自卖,'6925579384095997632,'6925579384095997632,'SS76300260616397299600216,2026-04-13 18:02:08,'3782179818351755475,银色金属水钻发扣发夹虞书欣同款高级感洋气甜酷风刘海发夹扣发饰,,,普通订单,3.97,0,0,0,0,0,0,0,0,0,0,0,-0.02,0,0,0,0,0,0,是-商品卡免佣,0.15,义乌市燃困电子商务商行（个体工商户）,订单结算
2026-04-21 14:06:07,'2026042114055401189814175562,出账,1,聚合账户,小额打款,,'6925626489515375684,'6925626489515375684,,,,,,,普通订单,0,0,0,0,0,0,0,0,0,0,0,0,0,0,0,0,0,0,0,,0,义乌市燃困电子商务商行（个体工商户）,商家向消费者小额打款-“补差价”
2026-04-21 14:14:13,'2026042114140424831429585562,入账,4.65,聚合账户,货款结算入账,精选联盟,'6925595732525284659,'6925595732525284659,'SS76300234401762391540084,2026-04-14 13:15:20,'3782179818351755475,银色金属水钻发扣发夹虞书欣同款高级感洋气甜酷风刘海发夹扣发饰,'0,,普通订单,2.17,0,0,3,0,0,0,0,0,0,0,0,-0.26,0,0,0,0,-0.26,0,,0,义乌市燃困电子商务商行（个体工商户）,订单结算
2026-04-21 14:14:13,'2026042114140402744983315562,入账,3.22,聚合账户,货款结算入账,精选联盟,'6925510909776854636,'6925510909776854636,'SS76299164127699766100046,2026-04-11 04:01:29,'3782039742330306819,kitty香蕉夹女2025新款高级感大号马尾夹发夹竖夹后脑勺盘发饰抓,'0,,普通订单,0.58,0,0,3,0,0,0,0,0,0,0,0,-0.18,0,0,0,0,-0.18,0,,0,义乌市燃困电子商务商行（个体工商户）,订单结算
2026-04-21 14:14:13,'2026042114140306671938835562,入账,3.91,聚合账户,货款结算入账,小店自卖,'6951989464062433084,'6951989464062433084,'SS76299748399066161150202,2026-04-11 13:02:45,'3782179818351755475,银色金属水钻发扣发夹虞书欣同款高级感洋气甜酷风刘海发夹扣发饰,,,普通订单,0.01,0,0,3.92,0,0,0,0,0,0,0,0,-0.02,0,0,0,0,0,0,是-商品卡免佣,0.15,义乌市燃困电子商务商行（个体工商户）,订单结算
2026-04-21 14:14:13,'2026042114135914526060025562,入账,3.77,聚合账户,货款结算入账,小店自卖,'6951966974630631286,'6951966974630631286,'SS76299164567713221390090,2026-04-11 07:40:12,'3806832275665060039,高级感百搭红色大肠发圈女2026新款扎头发绳丸子头绳甜美可爱发饰,,,普通订单,3.59,0,0,0.2,0,0,0,0,0,0,0,0,-0.02,0,0,0,0,0,0,是-商品卡免佣,0.15,义乌市燃困电子商务商行（个体工商户）,订单结算
2026-04-21 14:14:13,'2026042114140035121564265562,入账,3.35,聚合账户,货款结算入账,小店自卖,'6951964975771423816,'6951964975771423816,'SS76299761250112965500200,2026-04-11 12:36:53,'3789769309207789754,2025新款秋冬橡皮筋高弹力发绳可爱头绳洋气发圈马尾发饰高级头饰,,,普通订单,1.77,0,0,1.6,0,0,0,0,0,0,0,0,-0.02,0,0,0,0,0,0,是-商品卡免佣,0.15,义乌市燃困电子商务商行（个体工商户）,订单结算
2026-04-21 14:14:13,'2026042114140036380021865562,入账,3.76,聚合账户,货款结算入账,小店自卖,'6952057796520187819,'6952057796520187819,'SS76300440415261865060095,2026-04-13 22:24:16,'3782032949856305462,虞书欣同款发夹小发扣金属圆形水钻刘海前额侧边边夹抓夹发卡夹子,,,普通订单,0.01,0,0,3.77,0,0,0,0,0,0,0,0,-0.02,0,0,0,0,0,0,是-商品卡免佣,0.15,义乌市燃困电子商务商行（个体工商户）,订单结算
2026-04-21 14:14:13,'2026042114140311920020585562,入账,3.01,聚合账户,货款结算入账,精选联盟,'6925657726383849013,'6925657726383849013,'SS76300297645518687220246,2026-04-17 07:57:21,'3782179818351755475,银色金属水钻发扣发夹虞书欣同款高级感洋气甜酷风刘海发夹扣发饰,'3122211035558957,小郡主,普通订单,0.25,0,0,3.1,0,0,0,0,0,0,0,0,-0.17,-0.17,0,0,0,0,0,,0,义乌市燃困电子商务商行（个体工商户）,订单结算
2026-04-21 14:14:13,'2026042114140016931558465562,入账,2.77,聚合账户,货款结算入账,小店自卖,'6952109098212005857,'6952109098212005857,'SS76301054325724291060212,2026-04-16 18:00:43,'3807934237588455815,短发半扎发饰过渡期神器一字弹簧夹2026新款高端后脑勺发夹头饰女,,,普通订单,0.65,0,0,2.27,0,0,0,0,0,0,0,0,-0.15,0,0,0,0,0,0,,0,义乌市燃困电子商务商行（个体工商户）,订单结算
2026-04-21 14:14:13,'2026042114140226515912225562,入账,3.77,聚合账户,货款结算入账,小店自卖,'6951962202122622643,'6951962202122622643,'SS76299158488641582350169,2026-04-10 23:53:53,'3782209586937856113,日韩风米菲兔牛仔香蕉夹可爱兔子造型高马尾盘发发夹显发量多百搭,,,普通订单,0.01,0,0,3.78,0,0,0,0,0,0,0,0,-0.02,0,0,0,0,0,0,是-商品卡免佣,0.15,义乌市燃困电子商务商行（个体工商户）,订单结算
2026-04-21 14:14:13,'2026042114135800601956205562,入账,4.9,聚合账户,货款结算入账,小店自卖,'6951966654874457888,'6951966654874457888,'SS76299244696408563610146,2026-04-10 23:09:20,'3782180228571463911,圆形金属发扣刘海发夹新款侧边夹虞书欣网红爆款水钻夹子发卡头饰,,,普通订单,0.01,0,0,4.92,0,0,0,0,0,0,0,0,-0.03,0,0,0,0,0,0,是-商品卡免佣,0.22,义乌市燃困电子商务商行（个体工商户）,订单结算
2026-04-21 14:14:13,'2026042114135912175450105562,入账,2.81,聚合账户,货款结算入账,巨量千川,'6925620655163277053,'6925620655163277053,'SS76301143238654243930194,2026-04-15 23:06:24,'3806826554969948422,韩系复古气质豹纹颅顶发梳女碎发整理神器倒插梳发夹时尚发卡夹子,,,普通订单,0.01,0,0,2.95,0,0,0,0,0,0,0,0,-0.15,0,0,0,0,0,0,,0,义乌市燃困电子商务商行（个体工商户）,订单结算
2026-04-21 14:14:13,'2026042114140410329628665562,入账,3.53,聚合账户,货款结算入账,精选联盟,'6925529205318122824,'6925529205318122824,'SS76299537745358364660203,2026-04-12 12:00:59,'3782179818351755475,银色金属水钻发扣发夹虞书欣同款高级感洋气甜酷风刘海发夹扣发饰,'0,,普通订单,0.93,0,0,3,0,0,0,0,0,0,0,0,-0.2,0,0,0,0,-0.2,0,,0,义乌市燃困电子商务商行（个体工商户）,订单结算
2026-04-21 14:14:13,'2026042114140104955018515562,入账,3.53,聚合账户,货款结算入账,精选联盟,'6925518037705129372,'6925518037705129372,'SS76299963934107776340160,2026-04-11 15:06:59,'3782179818351755475,银色金属水钻发扣发夹虞书欣同款高级感洋气甜酷风刘海发夹扣发饰,'0,,普通订单,0.01,0,0,3.92,0,0,0,0,0,0,0,0,-0.2,0,0,0,0,-0.2,0,,0,义乌市燃困电子商务商行（个体工商户）,订单结算
2026-04-21 14:14:13,'2026042114140214393838185562,入账,3.53,聚合账户,货款结算入账,精选联盟,'6951985543200707911,'6951985543200707911,'SS76300926077722834010165,2026-04-11 16:42:29,'3782179818351755475,银色金属水钻发扣发夹虞书欣同款高级感洋气甜酷风刘海发夹扣发饰,'3122211035558957,小郡主,普通订单,0.93,0,0,3,0,0,0,0,0,0,0,0,-0.2,-0.2,0,0,0,0,0,,0,义乌市燃困电子商务商行（个体工商户）,订单结算
2026-04-21 14:15:37,'2026042114153205481969275562,入账,3.53,聚合账户,货款结算入账,精选联盟,'6951953223922358087,'6951953223922358087,'SS76299221298441915030209,2026-04-10 19:41:33,'3782179818351755475,银色金属水钻发扣发夹虞书欣同款高级感洋气甜酷风刘海发夹扣发饰,'3122211035558957,小郡主,普通订单,0.01,0,0,3.92,0,0,0,0,0,0,0,0,-0.2,-0.2,0,0,0,0,0,,0,义乌市燃困电子商务商行（个体工商户）,订单结算
2026-04-21 14:15:39,'2026042114153404451043845562,入账,2.77,聚合账户,货款结算入账,小店自卖,'6952018086370547236,'6952018086370547236,'SS76299072862533719390170,2026-04-12 18:19:42,'3807934237588455815,短发半扎发饰过渡期神器一字弹簧夹2026新款高端后脑勺发夹头饰女,,,普通订单,0.65,0,0,2.27,0,0,0,0,0,0,0,0,-0.15,0,0,0,0,0,0,,0,义乌市燃困电子商务商行（个体工商户）,订单结算
2026-04-21 14:16:22,'2026042114161728908101555562,入账,4.63,聚合账户,货款结算入账,小店自卖,'6925493771218092004,'6925493771218092004,'SS76299536015717501950100,2026-04-10 23:34:17,'3793462033983341012,2025秋冬新款扭扭麻花发箍高颅顶带齿防滑发箍网红爆款2026最新款,,,普通订单,1.75,0,0,2.91,0,0,0,0,0,0,0,0,-0.03,0,0,0,0,0,0,是-商品卡免佣,0.22,义乌市燃困电子商务商行（个体工商户）,订单结算
2026-04-21 14:16:24,'2026042114161934069061485562,入账,3.78,聚合账户,货款结算入账,小店自卖,'6925515842099576462,'6925515842099576462,'SS76299916170596846590111,2026-04-11 13:27:43,'3782209586937856113,日韩风米菲兔牛仔香蕉夹可爱兔子造型高马尾盘发发夹显发量多百搭,,,普通订单,0.01,0,0,3.79,0,0,0,0,0,0,0,0,-0.02,0,0,0,0,0,0,是-商品卡免佣,0.15,义乌市燃困电子商务商行（个体工商户）,订单结算
2026-04-21 14:16:34,'2026042114162840734070115562,入账,2.77,聚合账户,货款结算入账,小店自卖,'6925568029352885268,'6925568029352885268,'SS76299886278791825920196,2026-04-13 17:39:50,'3782325961064841649,许我耀眼赵露思许妍同款爱心抓夹2025新款高级感后脑勺鲨鱼夹发夹,,,普通订单,0.79,0,0,2,0,0,0,0,0,0,0,0,-0.02,0,0,0,0,0,0,是-商品卡免佣,0.15,义乌市燃困电子商务商行（个体工商户）,订单结算
2026-04-21 14:17:07,'2026042114170114273907605562,入账,3.35,聚合账户,货款结算入账,小店自卖,'6951963730696344810,'6951963730696344810,'SS76298940056982164900163,2026-04-10 16:46:08,'3789769309207789754,2025新款秋冬橡皮筋高弹力发绳可爱头绳洋气发圈马尾发饰高级头饰,,,普通订单,1.37,0,0,2,0,0,0,0,0,0,0,0,-0.02,0,0,0,0,0,0,是-商品卡免佣,0.15,义乌市燃困电子商务商行（个体工商户）,订单结算
2026-04-21 14:17:16,'2026042114171022916308575562,入账,2.29,聚合账户,货款结算入账,小店自卖,'6925504671858851119,'6925504671858851119,'SS76298948457330447790216,2026-04-11 07:38:38,'3792527296510951799,新款秋冬糖果色字母球发圈女高颜值马尾头绳可爱不勒无痕发绳发饰,,,普通订单,0.3,0,0,2,0,0,0,0,0,0,0,0,-0.01,0,0,0,0,0,0,是-商品卡免佣,0.07,义乌市燃困电子商务商行（个体工商户）,订单结算
2026-04-21 14:17:18,'2026042114171014773460545562,入账,0.95,聚合账户,货款结算入账,小店自卖,'6951980004922037706,'6951980004922037706,'SS76298949985589335550089,2026-04-11 05:21:44,'3789769309207789754,2025新款秋冬橡皮筋高弹力发绳可爱头绳洋气发圈马尾发饰高级头饰,,,普通订单,0.87,0,0,0.13,0,0,0,0,0,0,0,0,-0.05,0,0,0,0,0,0,,0,义乌市燃困电子商务商行（个体工商户）,订单结算
2026-04-21 14:18:44,'2026042114183834646761115562,入账,2.18,聚合账户,货款结算入账,小店自卖,'6925509658665778177,'6925509658665778177,'SS76299912042387376910110,2026-04-11 14:15:21,'3789769309207789754,2025新款秋冬橡皮筋高弹力发绳可爱头绳洋气发圈马尾发饰高级头饰,,,普通订单,0.21,0,0,2.09,0,0,0,0,0,0,0,0,-0.12,0,0,0,0,0,0,,0,义乌市燃困电子商务商行（个体工商户）,订单结算
2026-04-21 14:19:14,'2026042114190711367713805562,入账,3.53,聚合账户,货款结算入账,精选联盟,'6951989399022343845,'6951989399022343845,'SS76299876431952125710145,2026-04-11 12:48:56,'3782179818351755475,银色金属水钻发扣发夹虞书欣同款高级感洋气甜酷风刘海发夹扣发饰,'91505067155,悦己好物,普通订单,2.76,0,0,1.17,0,0,0,0,0,0,0,0,-0.2,-0.2,0,0,0,0,0,,0,义乌市燃困电子商务商行（个体工商户）,订单结算
2026-04-21 14:19:59,'2026042114195327934892025562,入账,3.91,聚合账户,货款结算入账,小店自卖,'6952017404282148393,'6952017404282148393,'SS76300664701956262490012,2026-04-12 11:06:29,'3782179818351755475,银色金属水钻发扣发夹虞书欣同款高级感洋气甜酷风刘海发夹扣发饰,,,普通订单,0.01,0,0,3.92,0,0,0,0,0,0,0,0,-0.02,0,0,0,0,0,0,是-商品卡免佣,0.15,义乌市燃困电子商务商行（个体工商户）,订单结算
2026-04-21 14:20:18,'2026042114200820976768515562,入账,4.51,聚合账户,货款结算入账,精选联盟,'6925498210117975159,'6925498210117975159,'SS76299207755711450120088,2026-04-11 06:49:19,'3782158083703309205,春夏韩系雾霾紫布艺发箍显白复古头箍发饰发箍2026爆款洋气高级感,'0,,普通订单,1.41,0,0,3.6,0,0,0,0,0,0,0,0,-0.25,0,0,0,0,-0.25,0,,0,义乌市燃困电子商务商行（个体工商户）,订单结算
2026-04-21 14:21:08,'2026042114205706349458075562,入账,4.32,聚合账户,货款结算入账,小店自卖,'6952014529006081751,'6952014529006081751,'SS76300311095229155930157,2026-04-13 02:14:47,'3782154121554035149,韩系简约灰色绒面宽边发箍高颅顶日常发箍网红爆款2026最新款,,,普通订单,0.35,0,0,4,0,0,0,0,0,0,0,0,-0.03,0,0,0,0,0,0,是-商品卡免佣,0.22,义乌市燃困电子商务商行（个体工商户）,订单结算
2026-04-21 14:22:18,'2026042114220727069320095562,入账,3.53,聚合账户,货款结算入账,精选联盟,'6925534221608254767,'6925534221608254767,'SS76300310142909652750110,2026-04-11 21:37:27,'3782179818351755475,银色金属水钻发扣发夹虞书欣同款高级感洋气甜酷风刘海发夹扣发饰,'3122211035558957,小郡主,普通订单,0.01,0,0,3.92,0,0,0,0,0,0,0,0,-0.2,-0.2,0,0,0,0,0,,0,义乌市燃困电子商务商行（个体工商户）,订单结算
2026-04-21 14:24:49,'2026042114243931962074025562,入账,4.31,聚合账户,货款结算入账,小店自卖,'6951813833237796574,'6951813833237796574,'SS76299156051732892590178,2026-04-05 12:04:35,'3806659074658009268,秋冬复古彩虹格子蝴蝶结大肠发圈女丸子马尾头绳2026新款韩式发绳,,,普通订单,0.54,0,0,4,0,0,0,0,0,0,0,0,-0.23,0,0,0,0,0,0,,0,义乌市燃困电子商务商行（个体工商户）,订单结算
2026-04-21 14:25:18,'2026042114250719151424355562,入账,2.7,聚合账户,货款结算入账,精选联盟,'6925552630770793683,'6925552630770793683,'SS76300554678637530120202,2026-04-13 08:13:39,'3782179818351755475,银色金属水钻发扣发夹虞书欣同款高级感洋气甜酷风刘海发夹扣发饰,'3122211035558957,小郡主,普通订单,0.01,0,0,2.99,0,0,0,0,0,0,0,0,-0.15,-0.15,0,0,0,0,0,,0,义乌市燃困电子商务商行（个体工商户）,订单结算
2026-04-21 14:32:17,'2026042114320615730324575562,入账,0.99,聚合账户,货款结算入账,小店自卖,'6951960416883971361,'6951960416883971361,'SS76298949908392189980110,2026-04-11 06:49:13,'3792527296510951799,新款秋冬糖果色字母球发圈女高颜值马尾头绳可爱不勒无痕发绳发饰,,,普通订单,0.86,0,0,0.13,0,0,0,0,0,0.01,0,0,-0.01,0,0,0,0,0,0,是-商品卡免佣,0.07,义乌市燃困电子商务商行（个体工商户）,订单结算
2026-04-21 14:38:27,'2026042114381518291264405562,出账,1,聚合账户,小额打款,,'6925664429481950842,'6925664429481950842,,,,,,,普通订单,0,0,0,0,0,0,0,0,0,0,0,0,0,0,0,0,0,0,0,,0,义乌市燃困电子商务商行（个体工商户）,商家向消费者小额打款-“补差价”
2026-04-21 15:19:25,'2026042115191720436465145562,入账,3.35,聚合账户,货款结算入账,小店自卖,'6925495917002849941,'6925495917002849941,'SS76298946449728146320111,2026-04-11 07:03:57,'3789769309207789754,2025新款秋冬橡皮筋高弹力发绳可爱头绳洋气发圈马尾发饰高级头饰,,,普通订单,1.37,0,0,2,0,0,0,0,0,0,0,0,-0.02,0,0,0,0,0,0,是-商品卡免佣,0.15,义乌市燃困电子商务商行（个体工商户）,订单结算
2026-04-21 15:20:36,'2026042115202730057477635562,入账,3.91,聚合账户,货款结算入账,小店自卖,'6951979730838754533,'6951979730838754533,'SS76299222456992609280121,2026-04-10 23:06:35,'3782179818351755475,银色金属水钻发扣发夹虞书欣同款高级感洋气甜酷风刘海发夹扣发饰,,,普通订单,0.01,0,0,3.92,0,0,0,0,0,0,0,0,-0.02,0,0,0,0,0,0,是-商品卡免佣,0.15,义乌市燃困电子商务商行（个体工商户）,订单结算
2026-04-21 15:21:41,'2026042115213023914749635562,入账,3.77,聚合账户,货款结算入账,小店自卖,'6951973071394838337,'6951973071394838337,'SS76299157629585170350242,2026-04-10 20:14:06,'3782325961064841649,许我耀眼赵露思许妍同款爱心抓夹2025新款高级感后脑勺鲨鱼夹发夹,,,普通订单,0.01,0,0,3.78,0,0,0,0,0,0,0,0,-0.02,0,0,0,0,0,0,是-商品卡免佣,0.15,义乌市燃困电子商务商行（个体工商户）,订单结算
2026-04-21 15:22:24,'2026042115221329200222915562,入账,3.54,聚合账户,货款结算入账,小店自卖,'6925493563967831632,'6925493563967831632,'SS76299158113809861310012,2026-04-10 22:26:05,'3797747822808399961,2026新年款水钻红珠花朵抓夹时尚百搭半扎发发夹洋气后脑勺鲨鱼夹,,,普通订单,0.73,0,0,3,0,0,0,0,0,0,0,0,-0.19,0,0,0,0,0,0,,0,义乌市燃困电子商务商行（个体工商户）,订单结算
2026-04-21 15:23:02,'2026042115225200222868755562,入账,3.33,聚合账户,货款结算入账,小店自卖,'6925511708418277211,'6925511708418277211,'SS76299597224197699060060,2026-04-11 12:09:58,'3792556779406229663,网红同款高颅顶圆形金属百搭发扣甜酷刘海发夹前额侧边夹发卡头饰,,,普通订单,1.35,0,0,2,0,0,0,0,0,0,0,0,-0.02,0,0,0,0,0,0,是-商品卡免佣,0.15,义乌市燃困电子商务商行（个体工商户）,订单结算
2026-04-21 15:29:27,'2026042115291727207971945562,入账,3.53,聚合账户,货款结算入账,精选联盟,'6925553482431954021,'6925553482431954021,'SS76300267549669791130031,2026-04-12 16:35:30,'3782179818351755475,银色金属水钻发扣发夹虞书欣同款高级感洋气甜酷风刘海发夹扣发饰,'3122211035558957,小郡主,普通订单,0.01,0,0,3.92,0,0,0,0,0,0,0,0,-0.2,-0.2,0,0,0,0,0,,0,义乌市燃困电子商务商行（个体工商户）,订单结算
2026-04-21 15:40:10,'2026042115395600444505945562,出账,1,聚合账户,小额打款,,'6952065804586653249,'6952065804586653249,,,,,,,普通订单,0,0,0,0,0,0,0,0,0,0,0,0,0,0,0,0,0,0,0,,0,义乌市燃困电子商务商行（个体工商户）,商家向消费者小额打款-“补差价”
2026-04-21 15:44:59,'2026042115444401818304005562,入账,2.29,聚合账户,货款结算入账,小店自卖,'6951969272595945210,'6951969272595945210,'SS76298948525536545740034,2026-04-11 04:21:18,'3789769309207789754,2025新款秋冬橡皮筋高弹力发绳可爱头绳洋气发圈马尾发饰高级头饰,,,普通订单,0.3,0,0,2,0,0,0,0,0,0,0,0,-0.01,0,0,0,0,0,0,是-商品卡免佣,0.07,义乌市燃困电子商务商行（个体工商户）,订单结算
2026-04-21 15:45:30,'2026042115451726606963205562,入账,4.88,聚合账户,货款结算入账,小店自卖,'6951959495947195606,'6951959495947195606,'SS76299157725384094870123,2026-04-10 17:43:48,'3797742862297334653,2026新款水钻红珠子花朵抓夹后脑勺洋气发夹时尚百搭半扎发鲨鱼夹,,,普通订单,3.51,0,0,1.4,0,0,0,0,0,0,0,0,-0.03,0,0,0,0,0,0,是-商品卡免佣,0.22,义乌市燃困电子商务商行（个体工商户）,订单结算
2026-04-21 15:45:31,'2026042115452134113784475562,入账,4.42,聚合账户,货款结算入账,小店自卖,'6951960137608664530,'6951960137608664530,'SS76298736482589783560036,2026-04-10 23:51:56,'3782195308151308329,复古豹纹大号发夹女秋冬高级感盘发鲨鱼夹气质后脑勺发抓夹子头饰,,,普通订单,1.16,0,0,3.49,0,0,0,0,0,0,0,0,-0.23,0,0,0,0,0,0,,0,义乌市燃困电子商务商行（个体工商户）,订单结算
2026-04-21 15:57:58,'2026042115574507390825365562,出账,1,聚合账户,小额打款,,'6925590365862068159,'6925590365862068159,,,,,,,普通订单,0,0,0,0,0,0,0,0,0,0,0,0,0,0,0,0,0,0,0,,0,义乌市燃困电子商务商行（个体工商户）,商家向消费者小额打款-“补差价”
2026-04-21 16:02:12,'2026042116020026304680965562,出账,2,聚合账户,小额打款,,'6952206120942900493,'6952206120942900493,,,,,,,普通订单,0,0,0,0,0,0,0,0,0,0,0,0,0,0,0,0,0,0,0,,0,义乌市燃困电子商务商行（个体工商户）,商家向消费者小额打款-“补差价”
2026-04-21 16:08:58,'2026042116084600380442035562,出账,2200,聚合账户,提现,,,,,,,,,,普通订单,0,0,0,0,0,0,0,0,0,0,0,0,0,0,0,0,0,0,0,,0,义乌市燃困电子商务商行（个体工商户）,提现
2026-04-21 16:10:42,'2026042116102901053701535562,出账,1,聚合账户,小额打款,,'6952116931421476268,'6952116931421476268,,,,,,,普通订单,0,0,0,0,0,0,0,0,0,0,0,0,0,0,0,0,0,0,0,,0,义乌市燃困电子商务商行（个体工商户）,商家向消费者小额打款-“补差价”
2026-04-21 16:12:45,'2026042116123203150487235562,出账,2,聚合账户,小额打款,,'6925732987105082606,'6925732987105082606,,,,,,,普通订单,0,0,0,0,0,0,0,0,0,0,0,0,0,0,0,0,0,0,0,,0,义乌市燃困电子商务商行（个体工商户）,商家向消费者小额打款-“补差价”
2026-04-21 16:15:08,'2026042116145325893443085562,出账,1,聚合账户,小额打款,,'6952131980127442483,'6952131980127442483,,,,,,,普通订单,0,0,0,0,0,0,0,0,0,0,0,0,0,0,0,0,0,0,0,,0,义乌市燃困电子商务商行（个体工商户）,商家向消费者小额打款-“补差价”
2026-04-21 16:24:28,'2026042116241501781273875562,出账,1,聚合账户,小额打款,,'6925556116076854806,'6925556116076854806,,,,,,,普通订单,0,0,0,0,0,0,0,0,0,0,0,0,0,0,0,0,0,0,0,,0,义乌市燃困电子商务商行（个体工商户）,商家向消费者小额打款-“补差价”
2026-04-21 17:06:06,'2026042117060028534584595562,出账,2,聚合账户,小额打款,,'6952176382506702080,'6952176382506702080,,,,,,,普通订单,0,0,0,0,0,0,0,0,0,0,0,0,0,0,0,0,0,0,0,,0,义乌市燃困电子商务商行（个体工商户）,商家向消费者小额打款-“补差价”
2026-04-21 17:19:32,'2026042117192004700736065562,出账,1,聚合账户,小额打款,,'6952134588889830901,'6952134588889830901,,,,,,,普通订单,0,0,0,0,0,0,0,0,0,0,0,0,0,0,0,0,0,0,0,,0,义乌市燃困电子商务商行（个体工商户）,商家向消费者小额打款-“补差价”
2026-04-21 17:19:48,'2026042117193300852958915562,出账,2,聚合账户,小额打款,,'6952171214952273267,'6952171214952273267,,,,,,,普通订单,0,0,0,0,0,0,0,0,0,0,0,0,0,0,0,0,0,0,0,,0,义乌市燃困电子商务商行（个体工商户）,商家向消费者小额打款-“补差价”
2026-04-21 17:21:48,'2026042117213535282127765562,出账,2,聚合账户,小额打款,,'6925706346511302419,'6925706346511302419,,,,,,,普通订单,0,0,0,0,0,0,0,0,0,0,0,0,0,0,0,0,0,0,0,,0,义乌市燃困电子商务商行（个体工商户）,商家向消费者小额打款-“补差价”
2026-04-21 18:12:32,'2026042118121900129275235562,出账,1,聚合账户,小额打款,,'6952175603077878806,'6952175603077878806,,,,,,,普通订单,0,0,0,0,0,0,0,0,0,0,0,0,0,0,0,0,0,0,0,,0,义乌市燃困电子商务商行（个体工商户）,商家向消费者小额打款-“补差价”
2026-04-21 18:26:40,'2026042118262603786017375562,出账,2,聚合账户,小额打款,,'6925641536913047114,'6925641536913047114,,,,,,,普通订单,0,0,0,0,0,0,0,0,0,0,0,0,0,0,0,0,0,0,0,,0,义乌市燃困电子商务商行（个体工商户）,商家向消费者小额打款-“补差价”
2026-04-21 18:37:48,'2026042118373636034810885562,出账,1,聚合账户,小额打款,,'6952198956720919569,'6952198956720919569,,,,,,,普通订单,0,0,0,0,0,0,0,0,0,0,0,0,0,0,0,0,0,0,0,,0,义乌市燃困电子商务商行（个体工商户）,商家向消费者小额打款-“补差价”
2026-04-21 18:46:06,'2026042118455439741404595562,出账,2,聚合账户,小额打款,,'6925675998563434445,'6925675998563434445,,,,,,,普通订单,0,0,0,0,0,0,0,0,0,0,0,0,0,0,0,0,0,0,0,,0,义乌市燃困电子商务商行（个体工商户）,商家向消费者小额打款-“补差价”
2026-04-21 18:55:27,'2026042118551522489009165562,出账,2,聚合账户,小额打款,,'6952058082568901948,'6952058082568901948,,,,,,,普通订单,0,0,0,0,0,0,0,0,0,0,0,0,0,0,0,0,0,0,0,,0,义乌市燃困电子商务商行（个体工商户）,商家向消费者小额打款-“补差价”
2026-04-21 18:57:31,'2026042118571801900917955562,出账,1,聚合账户,小额打款,,'6925706178198469836,'6925706178198469836,,,,,,,普通订单,0,0,0,0,0,0,0,0,0,0,0,0,0,0,0,0,0,0,0,,0,义乌市燃困电子商务商行（个体工商户）,商家向消费者小额打款-“补差价”
2026-04-21 19:07:49,'2026042119073737623281155562,出账,2,聚合账户,小额打款,,'6925709225508371973,'6925709225508371973,,,,,,,普通订单,0,0,0,0,0,0,0,0,0,0,0,0,0,0,0,0,0,0,0,,0,义乌市燃困电子商务商行（个体工商户）,商家向消费者小额打款-“补差价”
2026-04-21 19:15:12,'2026042119150513675935105562,出账,1,聚合账户,小额打款,,'6952184791866414219,'6952184791866414219,,,,,,,普通订单,0,0,0,0,0,0,0,0,0,0,0,0,0,0,0,0,0,0,0,,0,义乌市燃困电子商务商行（个体工商户）,商家向消费者小额打款-“补差价”
2026-04-21 19:23:05,'2026042119225238381163675562,出账,1,聚合账户,小额打款,,'6925454909714693323,'6925454909714693323,,,,,,,普通订单,0,0,0,0,0,0,0,0,0,0,0,0,0,0,0,0,0,0,0,,0,义乌市燃困电子商务商行（个体工商户）,商家向消费者小额打款-“补差价”
2026-04-21 19:37:14,'2026042119370100676214105562,出账,2,聚合账户,小额打款,,'6925693348007411184,'6925693348007411184,,,,,,,普通订单,0,0,0,0,0,0,0,0,0,0,0,0,0,0,0,0,0,0,0,,0,义乌市燃困电子商务商行（个体工商户）,商家向消费者小额打款-“补差价”
2026-04-21 19:37:54,'2026042119374001159542305562,出账,1,聚合账户,小额打款,,'6952196953544267066,'6952196953544267066,,,,,,,普通订单,0,0,0,0,0,0,0,0,0,0,0,0,0,0,0,0,0,0,0,,0,义乌市燃困电子商务商行（个体工商户）,商家向消费者小额打款-“补差价”
2026-04-21 19:45:16,'2026042119450201187351305562,出账,1,聚合账户,小额打款,,'6952166876002129150,'6952166876002129150,,,,,,,普通订单,0,0,0,0,0,0,0,0,0,0,0,0,0,0,0,0,0,0,0,,0,义乌市燃困电子商务商行（个体工商户）,商家向消费者小额打款-“补差价”
2026-04-21 19:46:31,'2026042119461700137631135562,出账,1,聚合账户,小额打款,,'6925700570309427025,'6925700570309427025,,,,,,,普通订单,0,0,0,0,0,0,0,0,0,0,0,0,0,0,0,0,0,0,0,,0,义乌市燃困电子商务商行（个体工商户）,商家向消费者小额打款-“补差价”
2026-04-21 19:50:18,'2026042119500400736138785562,出账,2,聚合账户,小额打款,,'6925510130202148317,'6925510130202148317,,,,,,,普通订单,0,0,0,0,0,0,0,0,0,0,0,0,0,0,0,0,0,0,0,,0,义乌市燃困电子商务商行（个体工商户）,商家向消费者小额打款-“补差价”
2026-04-21 19:59:44,'2026042119592904788723745562,出账,1,聚合账户,小额打款,,'6925665262232174085,'6925665262232174085,,,,,,,普通订单,0,0,0,0,0,0,0,0,0,0,0,0,0,0,0,0,0,0,0,,0,义乌市燃困电子商务商行（个体工商户）,商家向消费者小额打款-“补差价”
2026-04-21 20:01:25,'2026042120011102448263945562,出账,1,聚合账户,小额打款,,'6952182660771878820,'6952182660771878820,,,,,,,普通订单,0,0,0,0,0,0,0,0,0,0,0,0,0,0,0,0,0,0,0,,0,义乌市燃困电子商务商行（个体工商户）,商家向消费者小额打款-“补差价”
2026-04-21 20:21:27,'2026042120211514531791705562,出账,2,聚合账户,小额打款,,'6952030554855577171,'6952030554855577171,,,,,,,普通订单,0,0,0,0,0,0,0,0,0,0,0,0,0,0,0,0,0,0,0,,0,义乌市燃困电子商务商行（个体工商户）,商家向消费者小额打款-“补差价”
2026-04-21 20:31:57,'2026042120314205212411515562,出账,1,聚合账户,小额打款,,'6952131551400563904,'6952131551400563904,,,,,,,普通订单,0,0,0,0,0,0,0,0,0,0,0,0,0,0,0,0,0,0,0,,0,义乌市燃困电子商务商行（个体工商户）,商家向消费者小额打款-“补差价”
2026-04-21 20:38:22,'2026042120380901180636595562,出账,2,聚合账户,小额打款,,'6952213862550541411,'6952213862550541411,,,,,,,普通订单,0,0,0,0,0,0,0,0,0,0,0,0,0,0,0,0,0,0,0,,0,义乌市燃困电子商务商行（个体工商户）,商家向消费者小额打款-“补差价”
2026-04-21 20:38:58,'2026042120384827560351235562,出账,1,聚合账户,小额打款,,'6925714665924623595,'6925714665924623595,,,,,,,普通订单,0,0,0,0,0,0,0,0,0,0,0,0,0,0,0,0,0,0,0,,0,义乌市燃困电子商务商行（个体工商户）,商家向消费者小额打款-“补差价”
2026-04-21 20:44:10,'2026042120435821520555865562,出账,2,聚合账户,小额打款,,'6952150825041008609,'6952150825041008609,,,,,,,普通订单,0,0,0,0,0,0,0,0,0,0,0,0,0,0,0,0,0,0,0,,0,义乌市燃困电子商务商行（个体工商户）,商家向消费者小额打款-“补差价”
2026-04-21 20:46:58,'2026042120464600849556905562,出账,2,聚合账户,小额打款,,'6925728568510021486,'6925728568510021486,,,,,,,普通订单,0,0,0,0,0,0,0,0,0,0,0,0,0,0,0,0,0,0,0,,0,义乌市燃困电子商务商行（个体工商户）,商家向消费者小额打款-“补差价”
2026-04-21 20:52:50,'2026042120523700817242015562,出账,1,聚合账户,小额打款,,'6952169890963199329,'6952169890963199329,,,,,,,普通订单,0,0,0,0,0,0,0,0,0,0,0,0,0,0,0,0,0,0,0,,0,义乌市燃困电子商务商行（个体工商户）,商家向消费者小额打款-“补差价”
2026-04-21 21:00:08,'2026042120595600126039425562,出账,2,聚合账户,小额打款,,'6925562582518562393,'6925562582518562393,,,,,,,普通订单,0,0,0,0,0,0,0,0,0,0,0,0,0,0,0,0,0,0,0,,0,义乌市燃困电子商务商行（个体工商户）,商家向消费者小额打款-“补差价”
2026-04-21 21:14:41,'2026042121142829029501845562,出账,2,聚合账户,小额打款,,'6952174337991906968,'6952174337991906968,,,,,,,普通订单,0,0,0,0,0,0,0,0,0,0,0,0,0,0,0,0,0,0,0,,0,义乌市燃困电子商务商行（个体工商户）,商家向消费者小额打款-“补差价”
2026-04-21 21:16:05,'2026042121155320975621215562,出账,1,聚合账户,小额打款,,'6925670044559178788,'6925670044559178788,,,,,,,普通订单,0,0,0,0,0,0,0,0,0,0,0,0,0,0,0,0,0,0,0,,0,义乌市燃困电子商务商行（个体工商户）,商家向消费者小额打款-“补差价”
2026-04-21 21:30:00,'2026042121294800127803305562,出账,1,聚合账户,小额打款,,'6952099361390990591,'6952099361390990591,,,,,,,普通订单,0,0,0,0,0,0,0,0,0,0,0,0,0,0,0,0,0,0,0,,0,义乌市燃困电子商务商行（个体工商户）,商家向消费者小额打款-“补差价”
2026-04-21 21:51:09,'2026042121505923535498755562,出账,1,聚合账户,小额打款,,'6952194419599021845,'6952194419599021845,,,,,,,普通订单,0,0,0,0,0,0,0,0,0,0,0,0,0,0,0,0,0,0,0,,0,义乌市燃困电子商务商行（个体工商户）,商家向消费者小额打款-“补差价”
2026-04-21 22:04:22,'2026042122041036382193165562,出账,1,聚合账户,小额打款,,'6925623408040705543,'6925623408040705543,,,,,,,普通订单,0,0,0,0,0,0,0,0,0,0,0,0,0,0,0,0,0,0,0,,0,义乌市燃困电子商务商行（个体工商户）,商家向消费者小额打款-“补差价”
2026-04-21 22:04:41,'2026042122042806966809705562,出账,1,聚合账户,小额打款,,'6925003022543584268,'6925003022543584268,,,,,,,普通订单,0,0,0,0,0,0,0,0,0,0,0,0,0,0,0,0,0,0,0,,0,义乌市燃困电子商务商行（个体工商户）,商家向消费者小额打款-“补差价”
2026-04-21 22:06:39,'2026042122062508735788035562,出账,1,聚合账户,小额打款,,'6952104419789837566,'6952104419789837566,,,,,,,普通订单,0,0,0,0,0,0,0,0,0,0,0,0,0,0,0,0,0,0,0,,0,义乌市燃困电子商务商行（个体工商户）,商家向消费者小额打款-“补差价”
2026-04-21 22:27:43,'2026042122273100042601305562,出账,1,聚合账户,小额打款,,'6952180701550876474,'6952180701550876474,,,,,,,普通订单,0,0,0,0,0,0,0,0,0,0,0,0,0,0,0,0,0,0,0,,0,义乌市燃困电子商务商行（个体工商户）,商家向消费者小额打款-“补差价”
2026-04-21 23:04:38,'2026042123042308268029985562,出账,2,聚合账户,小额打款,,'6925616539652357973,'6925616539652357973,,,,,,,普通订单,0,0,0,0,0,0,0,0,0,0,0,0,0,0,0,0,0,0,0,,0,义乌市燃困电子商务商行（个体工商户）,商家向消费者小额打款-“补差价”
