动账时间,动帐流水号,动账方向,动账金额,动账账户,动账场景,计费类型,子订单号,订单号,售后编号,下单时间,商品ID,商品名称,达人ID,达人名称,订单类型,订单实付应结,运费实付,实际平台补贴_运费,实际平台补贴,其他平台补贴,以旧换新抵扣,政府补贴平台垫资,实际达人补贴,实际抖音支付补贴,实际抖音月付营销补贴,银行补贴,订单退款,平台服务费,佣金,服务商佣金,渠道分成,招商服务费,站外推广费,其他分成,是否免佣,免佣金额,商户主体名称,备注
2026-04-23 01:07:41,'2026042301073636537964044242,入账,3.7,聚合账户,货款结算入账,巨量千川,'6952022675923080261,'6952022675923080261,'SS76306666063014671360234,2026-04-12 20:06:22,'3807220077028311460,【超显气质】简约不硌头扭扭夹发夹女2026新款盘发抓夹高级感水钻珠珠一字夹子,,,普通订单,3.89,0,0,0,0,0,0,0,0,0,0,0,-0.19,0,0,0,0,0,0,,0,义乌市蓓行电子商务商行（个体工商户）,订单结算
2026-04-23 01:07:41,'2026042301073735289833314242,入账,5.6,聚合账户,货款结算入账,巨量千川,'6925681338405519075,'6925681338405519075,'SS76307711874337551760207,2026-04-18 06:07:20,'3807220077028311460,新中式发饰高级感扭扭夹随手盘发一字夹水钻抓夹后脑勺发夹盘发器,,,普通订单,5.89,0,0,0,0,0,0,0,0,0,0,0,-0.29,0,0,0,0,0,0,,0,义乌市蓓行电子商务商行（个体工商户）,订单结算
2026-04-23 01:07:41,'2026042301073711764703224242,入账,3.54,聚合账户,货款结算入账,小店自卖,'6952021069481841906,'6952021069481841906,'SS76306666988863987580136,2026-04-12 21:57:32,'3801832059815723099,懒人公主头编发夹女前额双层侧边夹子刘海碎发编发发夹鸭嘴夹发卡,,,普通订单,3.56,0,0,0,0,0,0,0,0,0,0,0,-0.02,0,0,0,0,0,0,是-商品卡免佣,0.15,义乌市蓓行电子商务商行（个体工商户）,订单结算
2026-04-23 01:07:41,'2026042301073626649239194242,入账,4.65,聚合账户,货款结算入账,小店自卖,'6925549291092934325,'6925549291092934325,'SS76306667035591647240173,2026-04-12 21:59:47,'3799803177344303392,简约复古超弹高级感头绳韩国东大门咖色磨砂小香风头绳大肠圈日常,,,普通订单,4.68,0,0,0,0,0,0,0,0,0,0,0,-0.03,0,0,0,0,0,0,是-商品卡免佣,0.22,义乌市蓓行电子商务商行（个体工商户）,订单结算
2026-04-23 01:07:41,'2026042301073714778370564242,入账,8.08,聚合账户,货款结算入账,小店自卖,'6925565130777066561,'6925565130777066561,'SS76307247925975293710220,2026-04-13 13:05:47,'3805708033615593705,咖色磨砂抓夹大号发夹女2026年新款后脑勺发量多鲨鱼夹子发卡头饰,,,普通订单,8.13,0,0,0,0,0,0,0,0,0,0,0,-0.05,0,0,0,0,0,0,是-商品卡免佣,0.37,义乌市蓓行电子商务商行（个体工商户）,订单结算
2026-04-23 01:07:41,'2026042301073628402163554242,入账,3.68,聚合账户,货款结算入账,精选联盟,'6952071215975503226,'6952071215975503226,'SS76307157016485568260176,2026-04-15 11:29:11,'3807220077028311460,夏天高级感随手盘发一字扭扭夹水钻抓夹高级发夹扭扭后脑勺盘发器,'0,,普通订单,3.89,0,0,0,0,0,0,0,0,0,0,0,-0.02,0,0,0,0,-0.19,0,是-商品卡免佣,0.15,义乌市蓓行电子商务商行（个体工商户）,订单结算
2026-04-23 01:07:41,'2026042301073714094830434242,入账,8.49,聚合账户,货款结算入账,小店自卖,'6952034337336792882,'6952034337336792882,'SS76307409216293276670194,2026-04-13 07:45:38,'3809451943731003427,趣味M豆ins可爱新款彩虹扎发绳高弹力发圈头绳2026新款耐用橡皮筋,,,普通订单,8.54,0,0,0,0,0,0,0,0,0,0,0,-0.05,0,0,0,0,0,0,是-商品卡免佣,0.37,义乌市蓓行电子商务商行（个体工商户）,订单结算
2026-04-23 01:07:41,'2026042301073620048983384242,入账,3.7,聚合账户,货款结算入账,巨量千川,'6925560787946077212,'6925560787946077212,'SS76307407658319552500123,2026-04-13 01:34:48,'3807220077028311460,【超显气质】简约不硌头扭扭夹发夹女2026新款盘发抓夹高级感水钻珠珠一字夹子,,,普通订单,3.89,0,0,0,0,0,0,0,0,0,0,0,-0.19,0,0,0,0,0,0,,0,义乌市蓓行电子商务商行（个体工商户）,订单结算
2026-04-23 01:07:41,'2026042301073514316341854242,入账,5.15,聚合账户,货款结算入账,小店自卖,'6952012341329794252,'6952012341329794252,'SS76306669002043233430126,2026-04-12 22:58:49,'3801832059815723099,懒人公主头编发夹女前额双层侧边夹子刘海碎发编发发夹鸭嘴夹发卡,,,普通订单,5.18,0,0,0,0,0,0,0,0,0,0,0,-0.03,0,0,0,0,0,0,是-商品卡免佣,0.22,义乌市蓓行电子商务商行（个体工商户）,订单结算
2026-04-23 01:07:41,'2026042301073718124152474242,入账,9.82,聚合账户,货款结算入账,小店自卖,'6925557274412154677,'6925557274412154677,'SS76307014853451123600052,2026-04-13 12:23:35,'3798263450837320143,儿童是兔子警官可爱兔子帽子发夹边夹侧边发卡女卡通甜美拍照道具,,,普通订单,9.88,0,0,0,0,0,0,0,0,0,0,0,-0.06,0,0,0,0,0,0,是-商品卡免佣,0.44,义乌市蓓行电子商务商行（个体工商户）,订单结算
2026-04-23 01:07:42,'2026042301073827808898964242,出账,0.01,聚合账户,公益捐款,,'6952022675923080261,'6952022675923080261,,,,,,,普通订单,0,0,0,0,0,0,0,0,0,0,0,0,0,0,0,0,0,0,0,,0,义乌市蓓行电子商务商行（个体工商户）,公益捐款支出|贵州省慈善总会|6952022675923080261
2026-04-23 01:07:42,'2026042301073916657129594242,出账,0.01,聚合账户,公益捐款,,'6952021069481841906,'6952021069481841906,,,,,,,普通订单,0,0,0,0,0,0,0,0,0,0,0,0,0,0,0,0,0,0,0,,0,义乌市蓓行电子商务商行（个体工商户）,公益捐款支出|贵州省慈善总会|6952021069481841906
2026-04-23 01:07:42,'2026042301073824792932254242,出账,0.01,聚合账户,公益捐款,,'6952071215975503226,'6952071215975503226,,,,,,,普通订单,0,0,0,0,0,0,0,0,0,0,0,0,0,0,0,0,0,0,0,,0,义乌市蓓行电子商务商行（个体工商户）,公益捐款支出|贵州省慈善总会|6952071215975503226
2026-04-23 01:07:47,'2026042301074307509286744242,入账,3.67,聚合账户,货款结算入账,小店自卖,'6952150258698556663,'6952150258698556663,'SS76308122523713052430002,2026-04-17 17:36:47,'3799969300262028066,复古波点褶皱香蕉夹高级感马尾扭扭竖夹后脑勺显发量横夹发卡发饰,,,普通订单,3.69,0,0,0,0,0,0,0,0,0,0,0,-0.02,0,0,0,0,0,0,是-商品卡免佣,0.15,义乌市蓓行电子商务商行（个体工商户）,订单结算
2026-04-23 01:07:47,'2026042301074222911388544242,入账,5.15,聚合账户,货款结算入账,小店自卖,'6925539865715113213,'6925539865715113213,'SS76306666060141245710143,2026-04-12 17:21:05,'3801832059815723099,懒人公主头编发夹女前额双层侧边夹子刘海碎发编发发夹鸭嘴夹发卡,,,普通订单,5.18,0,0,0,0,0,0,0,0,0,0,0,-0.03,0,0,0,0,0,0,是-商品卡免佣,0.22,义乌市蓓行电子商务商行（个体工商户）,订单结算
2026-04-23 01:07:47,'2026042301074206933263514242,入账,6.55,聚合账户,货款结算入账,巨量千川,'6952016675397309804,'6952016675397309804,'SS76306669655813043710138,2026-04-13 00:08:05,'3807220077028311460,【超显气质】简约不硌头扭扭夹发夹女2026新款盘发抓夹高级感水钻珠珠一字夹子,,,普通订单,6.89,0,0,0,0,0,0,0,0,0,0,0,-0.34,0,0,0,0,0,0,,0,义乌市蓓行电子商务商行（个体工商户）,订单结算
2026-04-23 01:07:47,'2026042301074316445934484242,入账,4.4,聚合账户,货款结算入账,小店自卖,'6952028712271681492,'6952028712271681492,'SS76307410737569142390173,2026-04-13 14:59:37,'3798263450837320143,儿童是兔子警官可爱兔子帽子发夹边夹侧边发卡女卡通甜美拍照道具,,,普通订单,4.43,0,0,0,0,0,0,0,0,0,0,0,-0.03,0,0,0,0,0,0,是-商品卡免佣,0.22,义乌市蓓行电子商务商行（个体工商户）,订单结算
2026-04-23 01:07:47,'2026042301074123503834004242,入账,3.7,聚合账户,货款结算入账,巨量千川,'6952166175890937216,'6952166175890937216,'SS76308275841081021900065,2026-04-17 21:15:35,'3807220077028311460,新中式发饰高级感扭扭夹随手盘发一字夹水钻抓夹后脑勺发夹盘发器,,,普通订单,3.89,0,0,0,0,0,0,0,0,0,0,0,-0.19,0,0,0,0,0,0,,0,义乌市蓓行电子商务商行（个体工商户）,订单结算
2026-04-23 01:07:48,'2026042301074303366919784242,出账,0.01,聚合账户,公益捐款,,'6952150258698556663,'6952150258698556663,,,,,,,普通订单,0,0,0,0,0,0,0,0,0,0,0,0,0,0,0,0,0,0,0,,0,义乌市蓓行电子商务商行（个体工商户）,公益捐款支出|贵州省慈善总会|6952150258698556663
2026-04-23 01:07:55,'2026042301075117875438504242,入账,5.6,聚合账户,货款结算入账,巨量千川,'6952041238953071858,'6952041238953071858,'SS76307408344130199230061,2026-04-13 10:34:09,'3811112236538265926,【超值特惠】古风高级感发夹女2026新款网红后脑抓夹发量少专用水钻一字扭扭夹,,,普通订单,5.89,0,0,0,0,0,0,0,0,0,0,0,-0.29,0,0,0,0,0,0,,0,义乌市蓓行电子商务商行（个体工商户）,订单结算
2026-04-23 01:07:55,'2026042301075122864901624242,入账,3.7,聚合账户,货款结算入账,巨量千川,'6952029150477817671,'6952029150477817671,'SS76306666218082962180101,2026-04-12 18:11:17,'3807220077028311460,【超显气质】简约不硌头扭扭夹发夹女2026新款盘发抓夹高级感水钻珠珠一字夹子,,,普通订单,3.89,0,0,0,0,0,0,0,0,0,0,0,-0.19,0,0,0,0,0,0,,0,义乌市蓓行电子商务商行（个体工商户）,订单结算
2026-04-23 01:07:55,'2026042301075101428195844242,入账,3.7,聚合账户,货款结算入账,巨量千川,'6925555029093416008,'6925555029093416008,'SS76306669797226296660129,2026-04-13 08:06:35,'3807220077028311460,【超显气质】简约不硌头扭扭夹发夹女2026新款盘发抓夹高级感水钻珠珠一字夹子,,,普通订单,3.89,0,0,0,0,0,0,0,0,0,0,0,-0.19,0,0,0,0,0,0,,0,义乌市蓓行电子商务商行（个体工商户）,订单结算
2026-04-23 01:07:55,'2026042301074937125535074242,入账,4.46,聚合账户,货款结算入账,小店自卖,'6925542814033608097,'6925542814033608097,'SS76306795368414950780180,2026-04-12 22:49:52,'3808317071612313998,简约气质豹纹小马香蕉夹女高马尾发夹大号防滑后脑勺竖夹抓夹发卡,,,普通订单,4.49,0,0,0,0,0,0,0,0,0,0,0,-0.03,0,0,0,0,0,0,是-商品卡免佣,0.22,义乌市蓓行电子商务商行（个体工商户）,订单结算
2026-04-23 01:07:55,'2026042301074939691433304242,入账,5.6,聚合账户,货款结算入账,巨量千川,'6925567268552342633,'6925567268552342633,'SS76307017213077632430104,2026-04-13 11:37:49,'3807220077028311460,【超显气质】简约不硌头扭扭夹发夹女2026新款盘发抓夹高级感水钻珠珠一字夹子,,,普通订单,5.89,0,0,0,0,0,0,0,0,0,0,0,-0.29,0,0,0,0,0,0,,0,义乌市蓓行电子商务商行（个体工商户）,订单结算
2026-04-23 01:07:55,'2026042301075112754296664242,入账,6.55,聚合账户,货款结算入账,巨量千川,'6925559959828791061,'6925559959828791061,'SS76307371544027796940209,2026-04-13 14:44:49,'3807220077028311460,【超显气质】简约不硌头扭扭夹发夹女2026新款盘发抓夹高级感水钻珠珠一字夹子,,,普通订单,6.89,0,0,0,0,0,0,0,0,0,0,0,-0.34,0,0,0,0,0,0,,0,义乌市蓓行电子商务商行（个体工商户）,订单结算
2026-04-23 01:07:55,'2026042301075129320525184242,入账,4.64,聚合账户,货款结算入账,小店自卖,'6952016916691817497,'6952016916691817497,'SS76306669782653181790202,2026-04-13 08:00:21,'3807220077028311460,夏天高级感随手盘发一字扭扭夹水钻抓夹高级发夹扭扭后脑勺盘发器,,,普通订单,4.67,0,0,0,0,0,0,0,0,0,0,0,-0.03,0,0,0,0,0,0,是-商品卡免佣,0.22,义乌市蓓行电子商务商行（个体工商户）,订单结算
2026-04-23 01:07:55,'2026042301075127267074714242,入账,6.55,聚合账户,货款结算入账,巨量千川,'6925556484925717964,'6925556484925717964,'SS76306669106540388200245,2026-04-13 05:22:58,'3807220077028311460,【超显气质】简约不硌头扭扭夹发夹女2026新款盘发抓夹高级感水钻珠珠一字夹子,,,普通订单,6.89,0,0,0,0,0,0,0,0,0,0,0,-0.34,0,0,0,0,0,0,,0,义乌市蓓行电子商务商行（个体工商户）,订单结算
2026-04-23 01:07:55,'2026042301075201973826754242,入账,4.65,聚合账户,货款结算入账,小店自卖,'6952101331946378860,'6952101331946378860,'SS76308417288824632780090,2026-04-15 22:49:44,'3805708033615593705,咖色磨砂抓夹大号发夹女2026年新款后脑勺发量多鲨鱼夹子发卡头饰,,,普通订单,4.68,0,0,0,0,0,0,0,0,0,0,0,-0.03,0,0,0,0,0,0,是-商品卡免佣,0.22,义乌市蓓行电子商务商行（个体工商户）,订单结算
2026-04-23 01:07:55,'2026042301075100104696474242,入账,3.7,聚合账户,货款结算入账,巨量千川,'6925545596942778057,'6925545596942778057,'SS76306422220610934170094,2026-04-13 07:41:34,'3807220077028311460,【超显气质】简约不硌头扭扭夹发夹女2026新款盘发抓夹高级感水钻珠珠一字夹子,,,普通订单,3.89,0,0,0,0,0,0,0,0,0,0,0,-0.19,0,0,0,0,0,0,,0,义乌市蓓行电子商务商行（个体工商户）,订单结算
2026-04-23 01:07:56,'2026042301075125977495304242,出账,0.01,聚合账户,公益捐款,,'6925559959828791061,'6925559959828791061,,,,,,,普通订单,0,0,0,0,0,0,0,0,0,0,0,0,0,0,0,0,0,0,0,,0,义乌市蓓行电子商务商行（个体工商户）,公益捐款支出|贵州省慈善总会|6925559959828791061
2026-04-23 01:07:56,'2026042301075138471316914242,出账,0.01,聚合账户,公益捐款,,'6952101331946378860,'6952101331946378860,,,,,,,普通订单,0,0,0,0,0,0,0,0,0,0,0,0,0,0,0,0,0,0,0,,0,义乌市蓓行电子商务商行（个体工商户）,公益捐款支出|贵州省慈善总会|6952101331946378860
2026-04-23 01:16:03,'2026042301155741566374944242,出账,0.01,聚合账户,公益捐款,,'6952016675397309804,'6952016675397309804,,,,,,,普通订单,0,0,0,0,0,0,0,0,0,0,0,0,0,0,0,0,0,0,0,,0,义乌市蓓行电子商务商行（个体工商户）,公益捐款支出|贵州省慈善总会|6952016675397309804
2026-04-23 01:16:03,'2026042301155835570158544242,出账,0.01,聚合账户,公益捐款,,'6925565130777066561,'6925565130777066561,,,,,,,普通订单,0,0,0,0,0,0,0,0,0,0,0,0,0,0,0,0,0,0,0,,0,义乌市蓓行电子商务商行（个体工商户）,公益捐款支出|贵州省慈善总会|6925565130777066561
2026-04-23 01:16:03,'2026042301155904026537394242,出账,0.01,聚合账户,公益捐款,,'6925556484925717964,'6925556484925717964,,,,,,,普通订单,0,0,0,0,0,0,0,0,0,0,0,0,0,0,0,0,0,0,0,,0,义乌市蓓行电子商务商行（个体工商户）,公益捐款支出|贵州省慈善总会|6925556484925717964
2026-04-23 01:16:03,'2026042301155635861796104242,出账,0.01,聚合账户,公益捐款,,'6952034337336792882,'6952034337336792882,,,,,,,普通订单,0,0,0,0,0,0,0,0,0,0,0,0,0,0,0,0,0,0,0,,0,义乌市蓓行电子商务商行（个体工商户）,公益捐款支出|贵州省慈善总会|6952034337336792882
2026-04-23 01:16:03,'2026042301155737248862824242,出账,0.01,聚合账户,公益捐款,,'6925555029093416008,'6925555029093416008,,,,,,,普通订单,0,0,0,0,0,0,0,0,0,0,0,0,0,0,0,0,0,0,0,,0,义乌市蓓行电子商务商行（个体工商户）,公益捐款支出|贵州省慈善总会|6925555029093416008
2026-04-23 01:16:03,'2026042301155704118448794242,出账,0.01,聚合账户,公益捐款,,'6925549291092934325,'6925549291092934325,,,,,,,普通订单,0,0,0,0,0,0,0,0,0,0,0,0,0,0,0,0,0,0,0,,0,义乌市蓓行电子商务商行（个体工商户）,公益捐款支出|贵州省慈善总会|6925549291092934325
2026-04-23 01:17:45,'2026042301173603790282394242,出账,0.01,聚合账户,公益捐款,,'6925567268552342633,'6925567268552342633,,,,,,,普通订单,0,0,0,0,0,0,0,0,0,0,0,0,0,0,0,0,0,0,0,,0,义乌市蓓行电子商务商行（个体工商户）,公益捐款支出|贵州省慈善总会|6925567268552342633
2026-04-23 01:17:45,'2026042301173835498893154242,出账,0.01,聚合账户,公益捐款,,'6925681338405519075,'6925681338405519075,,,,,,,普通订单,0,0,0,0,0,0,0,0,0,0,0,0,0,0,0,0,0,0,0,,0,义乌市蓓行电子商务商行（个体工商户）,公益捐款支出|贵州省慈善总会|6925681338405519075
2026-04-23 01:17:45,'2026042301173729960648224242,出账,0.01,聚合账户,公益捐款,,'6952029150477817671,'6952029150477817671,,,,,,,普通订单,0,0,0,0,0,0,0,0,0,0,0,0,0,0,0,0,0,0,0,,0,义乌市蓓行电子商务商行（个体工商户）,公益捐款支出|贵州省慈善总会|6952029150477817671
2026-04-23 01:17:45,'2026042301173622744271364242,出账,0.01,聚合账户,公益捐款,,'6925557274412154677,'6925557274412154677,,,,,,,普通订单,0,0,0,0,0,0,0,0,0,0,0,0,0,0,0,0,0,0,0,,0,义乌市蓓行电子商务商行（个体工商户）,公益捐款支出|贵州省慈善总会|6925557274412154677
2026-04-23 01:24:34,'2026042301242535242153054242,入账,3.7,聚合账户,货款结算入账,巨量千川,'6952032542948791513,'6952032542948791513,'SS76307374948494546320126,2026-04-13 11:07:03,'3811112236538265926,【超值特惠】古风高级感发夹女2026新款网红后脑抓夹发量少专用水钻一字扭扭夹,,,普通订单,3.89,0,0,0,0,0,0,0,0,0,0,0,-0.19,0,0,0,0,0,0,,0,义乌市蓓行电子商务商行（个体工商户）,订单结算
2026-04-23 01:24:34,'2026042301242324046843384242,入账,3.7,聚合账户,货款结算入账,巨量千川,'6925673766353796946,'6925673766353796946,'SS76307642966828324360146,2026-04-17 16:14:13,'3807220077028311460,夏天高级感随手盘发一字扭扭夹水钻抓夹高级发夹扭扭后脑勺盘发器,,,普通订单,3.89,0,0,0,0,0,0,0,0,0,0,0,-0.19,0,0,0,0,0,0,,0,义乌市蓓行电子商务商行（个体工商户）,订单结算
2026-04-23 01:24:34,'2026042301242634826493704242,入账,10.68,聚合账户,货款结算入账,小店自卖,'6925579764498464650,'6925579764498464650,'SS76306765920750804480171,2026-04-13 20:49:28,'3807250008697339947,蓝咖格子大肠发圈蓝色韩系新款复古四层头发丸子马尾高级头绳发饰,,,普通订单,10.74,0,0,0,0,0,0,0,0,0,0,0,-0.06,0,0,0,0,0,0,是-商品卡免佣,0.44,义乌市蓓行电子商务商行（个体工商户）,订单结算
2026-04-23 01:24:34,'2026042301242423200118024242,入账,5.6,聚合账户,货款结算入账,巨量千川,'6925562807157947595,'6925562807157947595,'SS76307017288699090190178,2026-04-13 11:24:21,'3807220077028311460,【超显气质】简约不硌头扭扭夹发夹女2026新款盘发抓夹高级感水钻珠珠一字夹子,,,普通订单,5.89,0,0,0,0,0,0,0,0,0,0,0,-0.29,0,0,0,0,0,0,,0,义乌市蓓行电子商务商行（个体工商户）,订单结算
2026-04-23 01:24:34,'2026042301242241826104844242,入账,4.21,聚合账户,货款结算入账,小店自卖,'6952100877132633869,'6952100877132633869,'SS76306282895645906330220,2026-04-15 18:55:05,'3807250008697339947,蓝咖格子大肠发圈蓝色韩系新款复古四层头发丸子马尾高级头绳发饰,,,普通订单,4.24,0,0,0,0,0,0,0,0,0,0,0,-0.03,0,0,0,0,0,0,是-商品卡免佣,0.22,义乌市蓓行电子商务商行（个体工商户）,订单结算
2026-04-23 01:24:34,'2026042301242521022640914242,入账,4.14,聚合账户,货款结算入账,小店自卖,'6952000008071812860,'6952000008071812860,'SS76307015912674923880037,2026-04-12 15:07:14,'3797921962500686134,繁花似锦玫瑰花抓夹盘发头花刘海侧边夹7cm法式慵懒感半扎发卡子,,,普通订单,4.17,0,0,0,0,0,0,0,0,0,0,0,-0.03,0,0,0,0,0,0,是-商品卡免佣,0.22,义乌市蓓行电子商务商行（个体工商户）,订单结算
2026-04-23 01:24:34,'2026042301242711246308194242,入账,0.51,聚合账户,货款结算入账,小店自卖,'6952028168394774224,'6952028168394774224,'SS76295678143706568030119,2026-04-13 09:35:14,'3799803177344303392,简约复古超弹高级感头绳韩国东大门咖色磨砂小香风头绳大肠圈日常,,,普通订单,5.51,0,0,0,0,0,0,0,0,0,0,-5,0,0,0,0,0,0,0,是-商品卡免佣,0,义乌市蓓行电子商务商行（个体工商户）,订单结算
2026-04-23 01:24:34,'2026042301242424957629594242,入账,3.6,聚合账户,货款结算入账,小店自卖,'6952053414741218418,'6952053414741218418,'SS76306391696779228590172,2026-04-13 19:17:22,'3808487953345413268,高颅顶蓬松发箍女新款麻花洗脸专用发卡压发防滑头箍带齿碎发头饰,,,普通订单,3.79,0,0,0,0,0,0,0,0,0,0,0,-0.19,0,0,0,0,0,0,,0,义乌市蓓行电子商务商行（个体工商户）,订单结算
2026-04-23 01:24:34,'2026042301242503958213584242,入账,2.72,聚合账户,货款结算入账,小店自卖,'6925554112771686312,'6925554112771686312,'SS76306386485608455950121,2026-04-12 20:53:42,'3799969300262028066,复古波点褶皱香蕉夹高级感马尾扭扭竖夹后脑勺显发量横夹发卡发饰,,,普通订单,2.74,0,0,0,0,0,0,0,0,0,0,0,-0.02,0,0,0,0,0,0,是-商品卡免佣,0.15,义乌市蓓行电子商务商行（个体工商户）,订单结算
2026-04-23 01:24:34,'2026042301242404204508424242,入账,4.45,聚合账户,货款结算入账,小店自卖,'6925548032817134929,'6925548032817134929,'SS76307014851356800510169,2026-04-13 11:42:08,'3798263450837320143,儿童是兔子警官可爱兔子帽子发夹边夹侧边发卡女卡通甜美拍照道具,,,普通订单,4.48,0,0,0,0,0,0,0,0,0,0,0,-0.03,0,0,0,0,0,0,是-商品卡免佣,0.22,义乌市蓓行电子商务商行（个体工商户）,订单结算
2026-04-23 01:24:34,'2026042301242716665032194242,入账,3.7,聚合账户,货款结算入账,巨量千川,'6925538488291196550,'6925538488291196550,'SS76306604300676306110028,2026-04-12 18:05:11,'3807220077028311460,【超显气质】简约不硌头扭扭夹发夹女2026新款盘发抓夹高级感水钻珠珠一字夹子,,,普通订单,3.89,0,0,0,0,0,0,0,0,0,0,0,-0.19,0,0,0,0,0,0,,0,义乌市蓓行电子商务商行（个体工商户）,订单结算
2026-04-23 01:24:35,'2026042301242737413237854242,出账,0.01,聚合账户,公益捐款,,'6952028168394774224,'6952028168394774224,,,,,,,普通订单,0,0,0,0,0,0,0,0,0,0,0,0,0,0,0,0,0,0,0,,0,义乌市蓓行电子商务商行（个体工商户）,公益捐款支出|贵州省慈善总会|6952028168394774224
2026-04-23 01:24:35,'2026042301242303666130464242,出账,0.01,聚合账户,公益捐款,,'6925554112771686312,'6925554112771686312,,,,,,,普通订单,0,0,0,0,0,0,0,0,0,0,0,0,0,0,0,0,0,0,0,,0,义乌市蓓行电子商务商行（个体工商户）,公益捐款支出|贵州省慈善总会|6925554112771686312
2026-04-23 01:24:51,'2026042301244031883594594242,出账,0.01,聚合账户,公益捐款,,'6925562807157947595,'6925562807157947595,,,,,,,普通订单,0,0,0,0,0,0,0,0,0,0,0,0,0,0,0,0,0,0,0,,0,义乌市蓓行电子商务商行（个体工商户）,公益捐款支出|贵州省慈善总会|6925562807157947595
2026-04-23 01:26:17,'2026042301260925299564034242,出账,0.01,聚合账户,公益捐款,,'6952016916691817497,'6952016916691817497,,,,,,,普通订单,0,0,0,0,0,0,0,0,0,0,0,0,0,0,0,0,0,0,0,,0,义乌市蓓行电子商务商行（个体工商户）,公益捐款支出|贵州省慈善总会|6952016916691817497
2026-04-23 01:26:17,'2026042301261020644664384242,出账,0.01,聚合账户,公益捐款,,'6925539865715113213,'6925539865715113213,,,,,,,普通订单,0,0,0,0,0,0,0,0,0,0,0,0,0,0,0,0,0,0,0,,0,义乌市蓓行电子商务商行（个体工商户）,公益捐款支出|贵州省慈善总会|6925539865715113213
2026-04-23 01:26:17,'2026042301260913934595064242,出账,0.01,聚合账户,公益捐款,,'6952028712271681492,'6952028712271681492,,,,,,,普通订单,0,0,0,0,0,0,0,0,0,0,0,0,0,0,0,0,0,0,0,,0,义乌市蓓行电子商务商行（个体工商户）,公益捐款支出|贵州省慈善总会|6952028712271681492
2026-04-23 01:26:17,'2026042301260735663222194242,出账,0.01,聚合账户,公益捐款,,'6925560787946077212,'6925560787946077212,,,,,,,普通订单,0,0,0,0,0,0,0,0,0,0,0,0,0,0,0,0,0,0,0,,0,义乌市蓓行电子商务商行（个体工商户）,公益捐款支出|贵州省慈善总会|6925560787946077212
2026-04-23 01:26:17,'2026042301261031920135744242,出账,0.01,聚合账户,公益捐款,,'6952041238953071858,'6952041238953071858,,,,,,,普通订单,0,0,0,0,0,0,0,0,0,0,0,0,0,0,0,0,0,0,0,,0,义乌市蓓行电子商务商行（个体工商户）,公益捐款支出|贵州省慈善总会|6952041238953071858
2026-04-23 01:26:17,'2026042301260937510067304242,出账,0.01,聚合账户,公益捐款,,'6925542814033608097,'6925542814033608097,,,,,,,普通订单,0,0,0,0,0,0,0,0,0,0,0,0,0,0,0,0,0,0,0,,0,义乌市蓓行电子商务商行（个体工商户）,公益捐款支出|贵州省慈善总会|6925542814033608097
2026-04-23 01:26:18,'2026042301261008403523064242,出账,0.01,聚合账户,公益捐款,,'6952166175890937216,'6952166175890937216,,,,,,,普通订单,0,0,0,0,0,0,0,0,0,0,0,0,0,0,0,0,0,0,0,,0,义乌市蓓行电子商务商行（个体工商户）,公益捐款支出|贵州省慈善总会|6952166175890937216
2026-04-23 01:26:18,'2026042301261016892114354242,出账,0.01,聚合账户,公益捐款,,'6925545596942778057,'6925545596942778057,,,,,,,普通订单,0,0,0,0,0,0,0,0,0,0,0,0,0,0,0,0,0,0,0,,0,义乌市蓓行电子商务商行（个体工商户）,公益捐款支出|贵州省慈善总会|6925545596942778057
2026-04-23 01:26:18,'2026042301261207805383684242,出账,0.01,聚合账户,公益捐款,,'6952012341329794252,'6952012341329794252,,,,,,,普通订单,0,0,0,0,0,0,0,0,0,0,0,0,0,0,0,0,0,0,0,,0,义乌市蓓行电子商务商行（个体工商户）,公益捐款支出|贵州省慈善总会|6952012341329794252
2026-04-23 01:34:49,'2026042301344132266652574242,出账,0.01,聚合账户,公益捐款,,'6925673766353796946,'6925673766353796946,,,,,,,普通订单,0,0,0,0,0,0,0,0,0,0,0,0,0,0,0,0,0,0,0,,0,义乌市蓓行电子商务商行（个体工商户）,公益捐款支出|贵州省慈善总会|6925673766353796946
2026-04-23 01:34:49,'2026042301344413129487514242,出账,0.01,聚合账户,公益捐款,,'6952100877132633869,'6952100877132633869,,,,,,,普通订单,0,0,0,0,0,0,0,0,0,0,0,0,0,0,0,0,0,0,0,,0,义乌市蓓行电子商务商行（个体工商户）,公益捐款支出|贵州省慈善总会|6952100877132633869
2026-04-23 01:34:49,'2026042301344538759964624242,出账,0.01,聚合账户,公益捐款,,'6952000008071812860,'6952000008071812860,,,,,,,普通订单,0,0,0,0,0,0,0,0,0,0,0,0,0,0,0,0,0,0,0,,0,义乌市蓓行电子商务商行（个体工商户）,公益捐款支出|贵州省慈善总会|6952000008071812860
2026-04-23 01:49:19,'2026042301491120061555474242,出账,0.01,聚合账户,公益捐款,,'6925579764498464650,'6925579764498464650,,,,,,,普通订单,0,0,0,0,0,0,0,0,0,0,0,0,0,0,0,0,0,0,0,,0,义乌市蓓行电子商务商行（个体工商户）,公益捐款支出|贵州省慈善总会|6925579764498464650
2026-04-23 01:49:20,'2026042301491105666086554242,出账,0.01,聚合账户,公益捐款,,'6952053414741218418,'6952053414741218418,,,,,,,普通订单,0,0,0,0,0,0,0,0,0,0,0,0,0,0,0,0,0,0,0,,0,义乌市蓓行电子商务商行（个体工商户）,公益捐款支出|贵州省慈善总会|6952053414741218418
2026-04-23 02:07:14,'2026042302070532807980024242,出账,0.01,聚合账户,公益捐款,,'6925548032817134929,'6925548032817134929,,,,,,,普通订单,0,0,0,0,0,0,0,0,0,0,0,0,0,0,0,0,0,0,0,,0,义乌市蓓行电子商务商行（个体工商户）,公益捐款支出|贵州省慈善总会|6925548032817134929
2026-04-23 02:19:47,'2026042302193833225280364242,出账,0.01,聚合账户,公益捐款,,'6925538488291196550,'6925538488291196550,,,,,,,普通订单,0,0,0,0,0,0,0,0,0,0,0,0,0,0,0,0,0,0,0,,0,义乌市蓓行电子商务商行（个体工商户）,公益捐款支出|贵州省慈善总会|6925538488291196550
2026-04-23 02:56:58,'2026042302565232807493474242,出账,0.01,聚合账户,公益捐款,,'6952032542948791513,'6952032542948791513,,,,,,,普通订单,0,0,0,0,0,0,0,0,0,0,0,0,0,0,0,0,0,0,0,,0,义乌市蓓行电子商务商行（个体工商户）,公益捐款支出|贵州省慈善总会|6952032542948791513
2026-04-23 03:06:30,'2026042303062633023270784242,入账,5.16,聚合账户,货款结算入账,小店自卖,'6925599502381186823,'6925599502381186823,'SS76306545060908408660120,2026-04-15 07:42:17,'3812957000178991182,百搭洗脸无痕发夹卡通KT猫系列鸭嘴夹女金属定位夹前额侧边夹发卡,,,普通订单,5.19,0,0,0,0,0,0,0,0,0,0,0,-0.03,0,0,0,0,0,0,是-商品卡免佣,0.22,义乌市蓓行电子商务商行（个体工商户）,订单结算
2026-04-23 03:06:30,'2026042303062617663429394242,入账,2.82,聚合账户,货款结算入账,小店自卖,'6925547593960488473,'6925547593960488473,'SS76306669480997852430239,2026-04-13 07:01:53,'3807235944625602787,LOVEIXCC南瓜豹纹抓夹大号发量大2026新款高级感鲨鱼夹后脑勺发夹,,,普通订单,2.84,0,0,0,0,0,0,0,0,0,0,0,-0.02,0,0,0,0,0,0,是-商品卡免佣,0.15,义乌市蓓行电子商务商行（个体工商户）,订单结算
2026-04-23 03:06:30,'2026042303062730413954824242,入账,4.65,聚合账户,货款结算入账,巨量千川,'6925557725223877738,'6925557725223877738,'SS76306408432751252630230,2026-04-12 18:32:12,'3792402691087532393,【小众高级感】高颜值彩色豆豆发圈头绳扎头发马尾丸子头高弹力橡皮筋不伤发发绳,,,普通订单,4.9,0,0,0,0,0,0,0,0,0,0,0,-0.25,0,0,0,0,0,0,,0,义乌市蓓行电子商务商行（个体工商户）,订单结算
2026-04-23 03:06:30,'2026042303062635571965594242,入账,6.63,聚合账户,货款结算入账,小店自卖,'6952028421622142662,'6952028421622142662,'SS76306999819195522920098,2026-04-13 11:52:14,'3803465614220198176,国风玫瑰花琵琶发夹女小众侧边夹刘海夹创意碎发夹子古风发卡头饰,,,普通订单,6.67,0,0,0,0,0,0,0,0,0,0,0,-0.04,0,0,0,0,0,0,是-商品卡免佣,0.29,义乌市蓓行电子商务商行（个体工商户）,订单结算
2026-04-23 03:06:30,'2026042303062425181396754242,入账,6.96,聚合账户,货款结算入账,小店自卖,'6925592088310611125,'6925592088310611125,'SS76306525535838379880206,2026-04-14 17:38:44,'3798263450837320143,儿童是兔子警官可爱兔子帽子发夹边夹侧边发卡女卡通甜美拍照道具,,,普通订单,7,0,0,0,0,0,0,0,0,0,0,0,-0.04,0,0,0,0,0,0,是-商品卡免佣,0.29,义乌市蓓行电子商务商行（个体工商户）,订单结算
2026-04-23 03:06:31,'2026042303062515527654904242,入账,3.7,聚合账户,货款结算入账,巨量千川,'6952166361776133751,'6952166361776133751,'SS76308317775608919040059,2026-04-17 22:26:40,'3807220077028311460,新中式发饰高级感扭扭夹随手盘发一字夹水钻抓夹后脑勺发夹盘发器,,,普通订单,3.89,0,0,0,0,0,0,0,0,0,0,0,-0.19,0,0,0,0,0,0,,0,义乌市蓓行电子商务商行（个体工商户）,订单结算
2026-04-23 03:06:31,'2026042303062702292616144242,出账,0.01,聚合账户,公益捐款,,'6925547593960488473,'6925547593960488473,,,,,,,普通订单,0,0,0,0,0,0,0,0,0,0,0,0,0,0,0,0,0,0,0,,0,义乌市蓓行电子商务商行（个体工商户）,公益捐款支出|贵州省慈善总会|6925547593960488473
2026-04-23 03:06:31,'2026042303062727517755144242,入账,4.14,聚合账户,货款结算入账,小店自卖,'6952006878917760237,'6952006878917760237,'SS76307015750952760700198,2026-04-12 15:32:55,'3797921962500686134,繁花似锦玫瑰花抓夹盘发头花刘海侧边夹7cm法式慵懒感半扎发卡子,,,普通订单,4.17,0,0,0,0,0,0,0,0,0,0,0,-0.03,0,0,0,0,0,0,是-商品卡免佣,0.22,义乌市蓓行电子商务商行（个体工商户）,订单结算
2026-04-23 03:06:32,'2026042303062812134036834242,出账,0.01,聚合账户,公益捐款,,'6952006878917760237,'6952006878917760237,,,,,,,普通订单,0,0,0,0,0,0,0,0,0,0,0,0,0,0,0,0,0,0,0,,0,义乌市蓓行电子商务商行（个体工商户）,公益捐款支出|贵州省慈善总会|6952006878917760237
2026-04-23 03:06:32,'2026042303062514519711064242,入账,2.72,聚合账户,货款结算入账,小店自卖,'6925538295374183921,'6925538295374183921,'SS76306382837403164430137,2026-04-12 16:49:24,'3799969300262028066,复古波点褶皱香蕉夹高级感马尾扭扭竖夹后脑勺显发量横夹发卡发饰,,,普通订单,2.74,0,0,0,0,0,0,0,0,0,0,0,-0.02,0,0,0,0,0,0,是-商品卡免佣,0.15,义乌市蓓行电子商务商行（个体工商户）,订单结算
2026-04-23 03:06:32,'2026042303062707302886744242,入账,0.83,聚合账户,货款结算入账,小店自卖,'6925574303556730681,'6925574303556730681,'SS76292552223716641540004,2026-04-13 14:09:16,'3805708033615593705,咖色磨砂抓夹大号发夹女2026年新款后脑勺发量多鲨鱼夹子发卡头饰,,,普通订单,5.84,0,0,0,0,0,0,0,0,0,0,-5,-0.01,0,0,0,0,0,0,是-商品卡免佣,0.07,义乌市蓓行电子商务商行（个体工商户）,订单结算
2026-04-23 03:06:32,'2026042303062714723157004242,入账,8.49,聚合账户,货款结算入账,小店自卖,'6925559710187093561,'6925559710187093561,'SS76307124194302407940188,2026-04-13 12:55:59,'3807250008697339947,蓝咖格子大肠发圈蓝色韩系新款复古四层头发丸子马尾高级头绳发饰,,,普通订单,8.4,0,0,0,0,0,0,0,0.14,0,0,0,-0.05,0,0,0,0,0,0,是-商品卡免佣,0.37,义乌市蓓行电子商务商行（个体工商户）,订单结算
2026-04-23 03:06:32,'2026042303062334226181484242,入账,3.87,聚合账户,货款结算入账,巨量千川,'6952154574098535663,'6952154574098535663,'SS76307180519862768980245,2026-04-17 12:52:59,'3807220077028311460,夏天高级感随手盘发一字扭扭夹水钻抓夹高级发夹扭扭后脑勺盘发器,,,普通订单,3.89,0,0,0,0,0,0,0,0,0,0,0,-0.02,0,0,0,0,0,0,是-商品卡免佣,0.15,义乌市蓓行电子商务商行（个体工商户）,订单结算
2026-04-23 03:06:32,'2026042303062740237020424242,入账,4.87,聚合账户,货款结算入账,小店自卖,'6925636145050254501,'6925636145050254501,'SS76307163530032914460071,2026-04-16 07:25:11,'3792402691087532393,女韩版橡皮筋高弹力新款发绳简约可爱头绳发圈无扎痕头饰高级发饰,,,普通订单,4.9,0,0,0,0,0,0,0,0,0,0,0,-0.03,0,0,0,0,0,0,是-商品卡免佣,0.22,义乌市蓓行电子商务商行（个体工商户）,订单结算
2026-04-23 03:06:32,'2026042303062802061645264242,入账,3.54,聚合账户,货款结算入账,小店自卖,'6925542363568045796,'6925542363568045796,'SS76306667333639053180243,2026-04-12 20:37:34,'3801832059815723099,懒人公主头编发夹女前额双层侧边夹子刘海碎发编发发夹鸭嘴夹发卡,,,普通订单,3.56,0,0,0,0,0,0,0,0,0,0,0,-0.02,0,0,0,0,0,0,是-商品卡免佣,0.15,义乌市蓓行电子商务商行（个体工商户）,订单结算
2026-04-23 03:06:32,'2026042303062726518000734242,入账,3.7,聚合账户,货款结算入账,巨量千川,'6925601907139378803,'6925601907139378803,'SS76307982112502912350197,2026-04-15 08:28:53,'3807220077028311460,夏天高级感随手盘发一字扭扭夹水钻抓夹高级发夹扭扭后脑勺盘发器,,,普通订单,3.89,0,0,0,0,0,0,0,0,0,0,0,-0.19,0,0,0,0,0,0,,0,义乌市蓓行电子商务商行（个体工商户）,订单结算
2026-04-23 03:06:32,'2026042303062813593812824242,出账,0.01,聚合账户,公益捐款,,'6952166361776133751,'6952166361776133751,,,,,,,普通订单,0,0,0,0,0,0,0,0,0,0,0,0,0,0,0,0,0,0,0,,0,义乌市蓓行电子商务商行（个体工商户）,公益捐款支出|贵州省慈善总会|6952166361776133751
2026-04-23 03:06:32,'2026042303062425013292154242,入账,3.7,聚合账户,货款结算入账,巨量千川,'6952029829753935333,'6952029829753935333,'SS76306669788148866660187,2026-04-13 00:35:29,'3807220077028311460,【超显气质】简约不硌头扭扭夹发夹女2026新款盘发抓夹高级感水钻珠珠一字夹子,,,普通订单,3.89,0,0,0,0,0,0,0,0,0,0,0,-0.19,0,0,0,0,0,0,,0,义乌市蓓行电子商务商行（个体工商户）,订单结算
2026-04-23 03:06:33,'2026042303063004326689704242,出账,0.01,聚合账户,公益捐款,,'6925542363568045796,'6925542363568045796,,,,,,,普通订单,0,0,0,0,0,0,0,0,0,0,0,0,0,0,0,0,0,0,0,,0,义乌市蓓行电子商务商行（个体工商户）,公益捐款支出|贵州省慈善总会|6925542363568045796
2026-04-23 03:06:34,'2026042303062928613512104242,入账,3.54,聚合账户,货款结算入账,小店自卖,'6952136635770410649,'6952136635770410649,'SS76307237069270758740127,2026-04-17 12:55:48,'3801832059815723099,懒人公主头编发夹女前额双层侧边夹子刘海碎发编发发夹鸭嘴夹发卡,,,普通订单,3.56,0,0,0,0,0,0,0,0,0,0,0,-0.02,0,0,0,0,0,0,是-商品卡免佣,0.15,义乌市蓓行电子商务商行（个体工商户）,订单结算
2026-04-23 03:06:34,'2026042303063032130831794242,入账,6.96,聚合账户,货款结算入账,小店自卖,'6925551905729969854,'6925551905729969854,'SS76306666961064105150024,2026-04-12 22:02:53,'3798263450837320143,儿童是兔子警官可爱兔子帽子发夹边夹侧边发卡女卡通甜美拍照道具,,,普通订单,7,0,0,0,0,0,0,0,0,0,0,0,-0.04,0,0,0,0,0,0,是-商品卡免佣,0.29,义乌市蓓行电子商务商行（个体工商户）,订单结算
2026-04-23 03:06:34,'2026042303063024580918394242,入账,3.54,聚合账户,货款结算入账,小店自卖,'6925548852702182444,'6925548852702182444,'SS76306665994158126350212,2026-04-12 19:13:38,'3801832059815723099,懒人公主头编发夹女前额双层侧边夹子刘海碎发编发发夹鸭嘴夹发卡,,,普通订单,3.56,0,0,0,0,0,0,0,0,0,0,0,-0.02,0,0,0,0,0,0,是-商品卡免佣,0.15,义乌市蓓行电子商务商行（个体工商户）,订单结算
2026-04-23 03:06:34,'2026042303062737253658234242,入账,3.7,聚合账户,货款结算入账,巨量千川,'6952095812289238449,'6952095812289238449,'SS76306481418680407550218,2026-04-15 13:50:06,'3807220077028311460,夏天高级感随手盘发一字扭扭夹水钻抓夹高级发夹扭扭后脑勺盘发器,,,普通订单,3.89,0,0,0,0,0,0,0,0,0,0,0,-0.19,0,0,0,0,0,0,,0,义乌市蓓行电子商务商行（个体工商户）,订单结算
2026-04-23 03:06:34,'2026042303063018630085534242,入账,6.63,聚合账户,货款结算入账,小店自卖,'6952014307560461399,'6952014307560461399,'SS76306668934142697460181,2026-04-12 22:48:30,'3803465614220198176,国风玫瑰花琵琶发夹女小众侧边夹刘海夹创意碎发夹子古风发卡头饰,,,普通订单,6.67,0,0,0,0,0,0,0,0,0,0,0,-0.04,0,0,0,0,0,0,是-商品卡免佣,0.29,义乌市蓓行电子商务商行（个体工商户）,订单结算
2026-04-23 03:06:35,'2026042303063127905236994242,出账,0.01,聚合账户,公益捐款,,'6952014307560461399,'6952014307560461399,,,,,,,普通订单,0,0,0,0,0,0,0,0,0,0,0,0,0,0,0,0,0,0,0,,0,义乌市蓓行电子商务商行（个体工商户）,公益捐款支出|贵州省慈善总会|6952014307560461399
2026-04-23 03:06:41,'2026042303063633346030354242,入账,3.7,聚合账户,货款结算入账,巨量千川,'6925549826953084555,'6925549826953084555,'SS76306669484724226750158,2026-04-13 06:14:04,'3807220077028311460,【超显气质】简约不硌头扭扭夹发夹女2026新款盘发抓夹高级感水钻珠珠一字夹子,,,普通订单,3.89,0,0,0,0,0,0,0,0,0,0,0,-0.19,0,0,0,0,0,0,,0,义乌市蓓行电子商务商行（个体工商户）,订单结算
2026-04-23 03:06:41,'2026042303063704617505704242,入账,8.49,聚合账户,货款结算入账,小店自卖,'6952030513557280494,'6952030513557280494,'SS76307256817391908180020,2026-04-13 13:42:29,'3807250008697339947,蓝咖格子大肠发圈蓝色韩系新款复古四层头发丸子马尾高级头绳发饰,,,普通订单,8.54,0,0,0,0,0,0,0,0,0,0,0,-0.05,0,0,0,0,0,0,是-商品卡免佣,0.37,义乌市蓓行电子商务商行（个体工商户）,订单结算
2026-04-23 03:06:41,'2026042303063739603079954242,入账,3.82,聚合账户,货款结算入账,小店自卖,'6925632862798118506,'6925632862798118506,'SS76308192389318746120095,2026-04-16 08:55:54,'3799803177344303392,简约复古超弹高级感头绳韩国东大门咖色磨砂小香风头绳大肠圈日常,,,普通订单,3.84,0,0,0,0,0,0,0,0,0,0,0,-0.02,0,0,0,0,0,0,是-商品卡免佣,0.15,义乌市蓓行电子商务商行（个体工商户）,订单结算
2026-04-23 03:06:41,'2026042303063725045120514242,入账,3.7,聚合账户,货款结算入账,小店自卖,'6925553917256826702,'6925553917256826702,'SS76306665942346796040198,2026-04-12 19:48:39,'3807220077028311460,【超显气质】简约不硌头扭扭夹发夹女2026新款盘发抓夹高级感水钻珠珠一字夹子,,,普通订单,3.89,0,0,0,0,0,0,0,0,0,0,0,-0.19,0,0,0,0,0,0,,0,义乌市蓓行电子商务商行（个体工商户）,订单结算
2026-04-23 03:06:41,'2026042303063734231590594242,入账,4.65,聚合账户,货款结算入账,小店自卖,'6952110400539792401,'6952110400539792401,'SS76307399067545114010215,2026-04-16 10:46:01,'3805708033615593705,咖色磨砂抓夹大号发夹女2026年新款后脑勺发量多鲨鱼夹子发卡头饰,,,普通订单,4.68,0,0,0,0,0,0,0,0,0,0,0,-0.03,0,0,0,0,0,0,是-商品卡免佣,0.22,义乌市蓓行电子商务商行（个体工商户）,订单结算
2026-04-23 03:06:42,'2026042303063921561019514242,出账,0.01,聚合账户,公益捐款,,'6925549826953084555,'6925549826953084555,,,,,,,普通订单,0,0,0,0,0,0,0,0,0,0,0,0,0,0,0,0,0,0,0,,0,义乌市蓓行电子商务商行（个体工商户）,公益捐款支出|贵州省慈善总会|6925549826953084555
2026-04-23 03:06:43,'2026042303063818257026914242,入账,2.72,聚合账户,货款结算入账,小店自卖,'6925673439712804023,'6925673439712804023,'SS76308490288085734500059,2026-04-17 12:41:36,'3799969300262028066,复古波点褶皱香蕉夹高级感马尾扭扭竖夹后脑勺显发量横夹发卡发饰,,,普通订单,0.74,0,0,2,0,0,0,0,0,0,0,0,-0.02,0,0,0,0,0,0,是-商品卡免佣,0.15,义乌市蓓行电子商务商行（个体工商户）,订单结算
2026-04-23 03:06:43,'2026042303063915016435724242,入账,2.82,聚合账户,货款结算入账,巨量千川,'6925604137803414871,'6925604137803414871,'SS76307730035887150510138,2026-04-15 01:04:56,'3807230150731497890,可爱小狗抓夹卡通高级2026新款后脑勺盘发鲨鱼夹中号发量发夹发饰,,,普通订单,0.01,0,0,2.96,0,0,0,0,0,0,0,0,-0.15,0,0,0,0,0,0,,0,义乌市蓓行电子商务商行（个体工商户）,订单结算
2026-04-23 03:06:43,'2026042303063940349250564242,入账,2.4,聚合账户,货款结算入账,小店自卖,'6925550100124303111,'6925550100124303111,'SS76307428706392519940046,2026-04-13 09:11:17,'3799969300262028066,复古波点褶皱香蕉夹高级感马尾扭扭竖夹后脑勺显发量横夹发卡发饰,,,普通订单,0.01,0,0,2.4,0,0,0,0,0,0,0,0,-0.01,0,0,0,0,0,0,是-商品卡免佣,0.07,义乌市蓓行电子商务商行（个体工商户）,订单结算
2026-04-23 03:06:43,'2026042303063802280002914242,入账,5.57,聚合账户,货款结算入账,小店自卖,'6925587661547470153,'6925587661547470153,'SS76308437332356636590067,2026-04-14 22:23:06,'3798263450837320143,儿童是兔子警官可爱兔子帽子发夹边夹侧边发卡女卡通甜美拍照道具,,,普通订单,0.6,0,0,5,0,0,0,0,0,0,0,0,-0.03,0,0,0,0,0,0,是-商品卡免佣,0.22,义乌市蓓行电子商务商行（个体工商户）,订单结算
2026-04-23 03:06:43,'2026042303063732183629144242,入账,4.14,聚合账户,货款结算入账,小店自卖,'6952153323967223095,'6952153323967223095,'SS76308367029907297690013,2026-04-17 22:59:30,'3797921962500686134,繁花似锦玫瑰花抓夹盘发头花刘海侧边夹7cm法式慵懒感半扎发卡子,,,普通订单,0.17,0,0,4,0,0,0,0,0,0,0,0,-0.03,0,0,0,0,0,0,是-商品卡免佣,0.22,义乌市蓓行电子商务商行（个体工商户）,订单结算
2026-04-23 03:06:44,'2026042303063933560993434242,出账,0.01,聚合账户,公益捐款,,'6925550100124303111,'6925550100124303111,,,,,,,普通订单,0,0,0,0,0,0,0,0,0,0,0,0,0,0,0,0,0,0,0,,0,义乌市蓓行电子商务商行（个体工商户）,公益捐款支出|贵州省慈善总会|6925550100124303111
2026-04-23 03:06:44,'2026042303064025587062104242,出账,0.01,聚合账户,公益捐款,,'6925587661547470153,'6925587661547470153,,,,,,,普通订单,0,0,0,0,0,0,0,0,0,0,0,0,0,0,0,0,0,0,0,,0,义乌市蓓行电子商务商行（个体工商户）,公益捐款支出|贵州省慈善总会|6925587661547470153
2026-04-23 03:06:45,'2026042303063925008584044242,出账,0.01,聚合账户,公益捐款,,'6925604137803414871,'6925604137803414871,,,,,,,普通订单,0,0,0,0,0,0,0,0,0,0,0,0,0,0,0,0,0,0,0,,0,义乌市蓓行电子商务商行（个体工商户）,公益捐款支出|贵州省慈善总会|6925604137803414871
2026-04-23 03:06:47,'2026042303064311247951864242,入账,3.7,聚合账户,货款结算入账,巨量千川,'6952023498413511848,'6952023498413511848,'SS76307376046066240270136,2026-04-13 09:41:09,'3807220077028311460,【超显气质】简约不硌头扭扭夹发夹女2026新款盘发抓夹高级感水钻珠珠一字夹子,,,普通订单,3.89,0,0,0,0,0,0,0,0,0,0,0,-0.19,0,0,0,0,0,0,,0,义乌市蓓行电子商务商行（个体工商户）,订单结算
2026-04-23 03:06:47,'2026042303064305288599544242,入账,9.69,聚合账户,货款结算入账,小店自卖,'6952019001180493361,'6952019001180493361,'SS76306669896569495230036,2026-04-13 08:16:21,'3807250008697339947,蓝咖格子大肠发圈蓝色韩系新款复古四层头发丸子马尾高级头绳发饰,,,普通订单,10.74,0,0,0,0,0,0,0,0,0,0,-1,-0.05,0,0,0,0,0,0,是-商品卡免佣,0.37,义乌市蓓行电子商务商行（个体工商户）,订单结算
2026-04-23 03:06:47,'2026042303064233982920094242,入账,3.65,聚合账户,货款结算入账,小店自卖,'6925557255508950605,'6925557255508950605,'SS76306997401117663230014,2026-04-13 11:57:08,'3805708033615593705,咖色磨砂抓夹大号发夹女2026年新款后脑勺发量多鲨鱼夹子发卡头饰,,,普通订单,3.84,0,0,0,0,0,0,0,0,0,0,0,-0.19,0,0,0,0,0,0,,0,义乌市蓓行电子商务商行（个体工商户）,订单结算
2026-04-23 03:06:47,'2026042303064338381204864242,入账,5.6,聚合账户,货款结算入账,巨量千川,'6952016241985132160,'6952016241985132160,'SS76306667570323953150185,2026-04-12 21:01:03,'3807220077028311460,【超显气质】简约不硌头扭扭夹发夹女2026新款盘发抓夹高级感水钻珠珠一字夹子,,,普通订单,5.89,0,0,0,0,0,0,0,0,0,0,0,-0.29,0,0,0,0,0,0,,0,义乌市蓓行电子商务商行（个体工商户）,订单结算
2026-04-23 03:06:47,'2026042303064338394601234242,入账,5.6,聚合账户,货款结算入账,巨量千川,'6925545582778220126,'6925545582778220126,'SS76306669523484227070109,2026-04-13 07:07:51,'3807220077028311460,【超显气质】简约不硌头扭扭夹发夹女2026新款盘发抓夹高级感水钻珠珠一字夹子,,,普通订单,5.89,0,0,0,0,0,0,0,0,0,0,0,-0.29,0,0,0,0,0,0,,0,义乌市蓓行电子商务商行（个体工商户）,订单结算
2026-04-23 03:06:47,'2026042303064212625884674242,入账,4.27,聚合账户,货款结算入账,小店自卖,'6952031435818407604,'6952031435818407604,'SS76306667293708498550219,2026-04-12 20:24:01,'3803465614220198176,国风玫瑰花琵琶发夹女小众侧边夹刘海夹创意碎发夹子古风发卡头饰,,,普通订单,4.3,0,0,0,0,0,0,0,0,0,0,0,-0.03,0,0,0,0,0,0,是-商品卡免佣,0.22,义乌市蓓行电子商务商行（个体工商户）,订单结算
2026-04-23 03:06:47,'2026042303064237039802974242,入账,3.7,聚合账户,货款结算入账,巨量千川,'6952037924643346398,'6952037924643346398,'SS76308262484047017340126,2026-04-13 22:38:16,'3807220077028311460,【超显气质】简约不硌头扭扭夹发夹女2026新款盘发抓夹高级感水钻珠珠一字夹子,,,普通订单,3.89,0,0,0,0,0,0,0,0,0,0,0,-0.19,0,0,0,0,0,0,,0,义乌市蓓行电子商务商行（个体工商户）,订单结算
2026-04-23 03:06:47,'2026042303064306172838864242,入账,3.7,聚合账户,货款结算入账,巨量千川,'6925673915374468392,'6925673915374468392,'SS76307760551499208030067,2026-04-17 17:32:05,'3807220077028311460,夏天高级感随手盘发一字扭扭夹水钻抓夹高级发夹扭扭后脑勺盘发器,,,普通订单,3.89,0,0,0,0,0,0,0,0,0,0,0,-0.19,0,0,0,0,0,0,,0,义乌市蓓行电子商务商行（个体工商户）,订单结算
2026-04-23 03:06:47,'2026042303064329163692024242,入账,6.55,聚合账户,货款结算入账,小店自卖,'6952043382075692114,'6952043382075692114,'SS76306669566724879740166,2026-04-13 07:09:22,'3807220077028311460,【超显气质】简约不硌头扭扭夹发夹女2026新款盘发抓夹高级感水钻珠珠一字夹子,,,普通订单,6.89,0,0,0,0,0,0,0,0,0,0,0,-0.34,0,0,0,0,0,0,,0,义乌市蓓行电子商务商行（个体工商户）,订单结算
2026-04-23 03:06:47,'2026042303064313967078764242,入账,3.7,聚合账户,货款结算入账,巨量千川,'6925659063525932382,'6925659063525932382,'SS76307410283199695550242,2026-04-17 17:46:25,'3807220077028311460,夏天高级感随手盘发一字扭扭夹水钻抓夹高级发夹扭扭后脑勺盘发器,,,普通订单,3.89,0,0,0,0,0,0,0,0,0,0,0,-0.19,0,0,0,0,0,0,,0,义乌市蓓行电子商务商行（个体工商户）,订单结算
2026-04-23 03:06:48,'2026042303064120432161804242,出账,0.01,聚合账户,公益捐款,,'6952043382075692114,'6952043382075692114,,,,,,,普通订单,0,0,0,0,0,0,0,0,0,0,0,0,0,0,0,0,0,0,0,,0,义乌市蓓行电子商务商行（个体工商户）,公益捐款支出|贵州省慈善总会|6952043382075692114
2026-04-23 03:06:48,'2026042303064337749722064242,出账,0.01,聚合账户,公益捐款,,'6925673915374468392,'6925673915374468392,,,,,,,普通订单,0,0,0,0,0,0,0,0,0,0,0,0,0,0,0,0,0,0,0,,0,义乌市蓓行电子商务商行（个体工商户）,公益捐款支出|贵州省慈善总会|6925673915374468392
2026-04-23 03:06:48,'2026042303064334505569624242,出账,0.01,聚合账户,公益捐款,,'6952037924643346398,'6952037924643346398,,,,,,,普通订单,0,0,0,0,0,0,0,0,0,0,0,0,0,0,0,0,0,0,0,,0,义乌市蓓行电子商务商行（个体工商户）,公益捐款支出|贵州省慈善总会|6952037924643346398
2026-04-23 03:06:55,'2026042303064937259187724242,入账,4.65,聚合账户,货款结算入账,巨量千川,'6925544069077761357,'6925544069077761357,'SS76306408382672576260158,2026-04-12 15:28:52,'3792402691087532393,【小众高级感】高颜值彩色豆豆发圈头绳扎头发马尾丸子头高弹力橡皮筋不伤发发绳,,,普通订单,4.9,0,0,0,0,0,0,0,0,0,0,0,-0.25,0,0,0,0,0,0,,0,义乌市蓓行电子商务商行（个体工商户）,订单结算
2026-04-23 03:06:55,'2026042303064935028874594242,入账,3.7,聚合账户,货款结算入账,巨量千川,'6925670830111489850,'6925670830111489850,'SS76308364747701788430170,2026-04-18 07:25:34,'3807220077028311460,新中式发饰高级感扭扭夹随手盘发一字夹水钻抓夹后脑勺发夹盘发器,,,普通订单,3.89,0,0,0,0,0,0,0,0,0,0,0,-0.19,0,0,0,0,0,0,,0,义乌市蓓行电子商务商行（个体工商户）,订单结算
2026-04-23 03:06:55,'2026042303064840072647834242,入账,6.55,聚合账户,货款结算入账,巨量千川,'6925658611052018912,'6925658611052018912,'SS76308703201485010300174,2026-04-17 14:09:27,'3807220077028311460,夏天高级感随手盘发一字扭扭夹水钻抓夹高级发夹扭扭后脑勺盘发器,,,普通订单,6.89,0,0,0,0,0,0,0,0,0,0,0,-0.34,0,0,0,0,0,0,,0,义乌市蓓行电子商务商行（个体工商户）,订单结算
2026-04-23 03:06:55,'2026042303064838561385304242,入账,3.7,聚合账户,货款结算入账,巨量千川,'6925541172803239871,'6925541172803239871,'SS76306417963196910230071,2026-04-13 07:37:43,'3807220077028311460,【超显气质】简约不硌头扭扭夹发夹女2026新款盘发抓夹高级感水钻珠珠一字夹子,,,普通订单,3.89,0,0,0,0,0,0,0,0,0,0,0,-0.19,0,0,0,0,0,0,,0,义乌市蓓行电子商务商行（个体工商户）,订单结算
2026-04-23 03:06:55,'2026042303065000764480404242,入账,2.87,聚合账户,货款结算入账,小店自卖,'6952007609509025004,'6952007609509025004,'SS76306668846517624750129,2026-04-12 22:34:49,'3807250008697339947,蓝咖格子大肠发圈蓝色韩系新款复古四层头发丸子马尾高级头绳发饰,,,普通订单,2.89,0,0,0,0,0,0,0,0,0,0,0,-0.02,0,0,0,0,0,0,是-商品卡免佣,0.15,义乌市蓓行电子商务商行（个体工商户）,订单结算
2026-04-23 03:06:56,'2026042303065318463301394242,出账,0.01,聚合账户,公益捐款,,'6925626542888615274,'6925626542888615274,,,,,,,普通订单,0,0,0,0,0,0,0,0,0,0,0,0,0,0,0,0,0,0,0,,0,义乌市蓓行电子商务商行（个体工商户）,公益捐款支出|贵州省慈善总会|6925626542888615274
2026-04-23 03:06:56,'2026042303065030214599954242,入账,3.7,聚合账户,货款结算入账,巨量千川,'6925546483728809571,'6925546483728809571,'SS76306666392780638810247,2026-04-12 18:47:07,'3807220077028311460,【超显气质】简约不硌头扭扭夹发夹女2026新款盘发抓夹高级感水钻珠珠一字夹子,,,普通订单,3.89,0,0,0,0,0,0,0,0,0,0,0,-0.19,0,0,0,0,0,0,,0,义乌市蓓行电子商务商行（个体工商户）,订单结算
2026-04-23 03:06:56,'2026042303065031966497624242,入账,3.7,聚合账户,货款结算入账,小店自卖,'6952025986220890022,'6952025986220890022,'SS76307374862640581620153,2026-04-13 13:55:08,'3811112236538265926,【超值特惠】古风高级感发夹女2026新款网红后脑抓夹发量少专用水钻一字扭扭夹,,,普通订单,3.89,0,0,0,0,0,0,0,0,0,0,0,-0.19,0,0,0,0,0,0,,0,义乌市蓓行电子商务商行（个体工商户）,订单结算
2026-04-23 03:06:56,'2026042303065018715776094242,入账,3.7,聚合账户,货款结算入账,巨量千川,'6925626542888615274,'6925626542888615274,'SS76306019367818081790099,2026-04-15 16:26:03,'3807220077028311460,夏天高级感随手盘发一字扭扭夹水钻抓夹高级发夹扭扭后脑勺盘发器,,,普通订单,3.89,0,0,0,0,0,0,0,0,0,0,0,-0.19,0,0,0,0,0,0,,0,义乌市蓓行电子商务商行（个体工商户）,订单结算
2026-04-23 03:06:56,'2026042303065038515061824242,出账,0.01,聚合账户,公益捐款,,'6925544069077761357,'6925544069077761357,,,,,,,普通订单,0,0,0,0,0,0,0,0,0,0,0,0,0,0,0,0,0,0,0,,0,义乌市蓓行电子商务商行（个体工商户）,公益捐款支出|贵州省慈善总会|6925544069077761357
2026-04-23 03:06:56,'2026042303065007648386904242,出账,0.01,聚合账户,公益捐款,,'6925658611052018912,'6925658611052018912,,,,,,,普通订单,0,0,0,0,0,0,0,0,0,0,0,0,0,0,0,0,0,0,0,,0,义乌市蓓行电子商务商行（个体工商户）,公益捐款支出|贵州省慈善总会|6925658611052018912
2026-04-23 03:06:56,'2026042303065037597722064242,入账,3.54,聚合账户,货款结算入账,小店自卖,'6925541175784668874,'6925541175784668874,'SS76306669655519278350033,2026-04-13 07:41:58,'3801832059815723099,懒人公主头编发夹女前额双层侧边夹子刘海碎发编发发夹鸭嘴夹发卡,,,普通订单,3.56,0,0,0,0,0,0,0,0,0,0,0,-0.02,0,0,0,0,0,0,是-商品卡免佣,0.15,义乌市蓓行电子商务商行（个体工商户）,订单结算
2026-04-23 03:06:56,'2026042303065134099863504242,入账,2.72,聚合账户,货款结算入账,小店自卖,'6925428663528029498,'6925428663528029498,'SS76307286970079319670139,2026-04-07 18:33:59,'3799969300262028066,复古波点褶皱香蕉夹高级感马尾扭扭竖夹后脑勺显发量横夹发卡发饰,,,普通订单,2.74,0,0,0,0,0,0,0,0,0,0,0,-0.02,0,0,0,0,0,0,是-商品卡免佣,0.15,义乌市蓓行电子商务商行（个体工商户）,订单结算
2026-04-23 03:06:56,'2026042303065018422833144242,出账,0.01,聚合账户,公益捐款,,'6925541172803239871,'6925541172803239871,,,,,,,普通订单,0,0,0,0,0,0,0,0,0,0,0,0,0,0,0,0,0,0,0,,0,义乌市蓓行电子商务商行（个体工商户）,公益捐款支出|贵州省慈善总会|6925541172803239871
2026-04-23 03:06:57,'2026042303065234653637524242,出账,0.01,聚合账户,公益捐款,,'6925541175784668874,'6925541175784668874,,,,,,,普通订单,0,0,0,0,0,0,0,0,0,0,0,0,0,0,0,0,0,0,0,,0,义乌市蓓行电子商务商行（个体工商户）,公益捐款支出|贵州省慈善总会|6925541175784668874
2026-04-23 03:07:01,'2026042303065628209198184242,入账,3.7,聚合账户,货款结算入账,巨量千川,'6925560380708322904,'6925560380708322904,'SS76306416469714908250111,2026-04-12 22:16:13,'3807220077028311460,【超显气质】简约不硌头扭扭夹发夹女2026新款盘发抓夹高级感水钻珠珠一字夹子,,,普通订单,3.89,0,0,0,0,0,0,0,0,0,0,0,-0.19,0,0,0,0,0,0,,0,义乌市蓓行电子商务商行（个体工商户）,订单结算
2026-04-23 03:07:01,'2026042303065319261690974242,入账,4.87,聚合账户,货款结算入账,小店自卖,'6925680702916361407,'6925680702916361407,'SS76307799357889787390190,2026-04-17 21:27:18,'3805708033615593705,咖色磨砂抓夹大号发夹女2026年新款后脑勺发量多鲨鱼夹子发卡头饰,,,普通订单,0.01,0,0,4.89,0,0,0,0,0,0,0,0,-0.03,0,0,0,0,0,0,是-商品卡免佣,0.22,义乌市蓓行电子商务商行（个体工商户）,订单结算
2026-04-23 03:07:01,'2026042303065527389138014242,入账,2.95,聚合账户,货款结算入账,小店自卖,'6925627099945532750,'6925627099945532750,'SS76307406888344947580025,2026-04-15 21:07:12,'3807230150731497890,可爱小狗抓夹卡通高级2026新款后脑勺盘发鲨鱼夹中号发量发夹发饰,,,普通订单,0.01,0,0,2.96,0,0,0,0,0,0,0,0,-0.02,0,0,0,0,0,0,是-商品卡免佣,0.15,义乌市蓓行电子商务商行（个体工商户）,订单结算
2026-04-23 03:07:01,'2026042303065432687887554242,入账,1.78,聚合账户,货款结算入账,小店自卖,'6952031918459852055,'6952031918459852055,'SS76306669541984179830241,2026-04-12 23:36:28,'3799223013136794088,低马尾发饰红色格纹花朵发圈儿童秋冬植绒发绳可爱卡通丸子头皮筋,,,普通订单,0.01,0,0,1.78,0,0,0,0,0,0,0,0,-0.01,0,0,0,0,0,0,是-商品卡免佣,0.07,义乌市蓓行电子商务商行（个体工商户）,订单结算
2026-04-23 03:07:01,'2026042303065604113044754242,入账,2.75,聚合账户,货款结算入账,巨量千川,'6925549805934640174,'6925549805934640174,'SS76306411132212721140091,2026-04-13 05:53:11,'3792402691087532393,【小众高级感】高颜值彩色豆豆发圈头绳扎头发马尾丸子头高弹力橡皮筋不伤发发绳,,,普通订单,2.1,0,0,0.8,0,0,0,0,0,0,0,0,-0.15,0,0,0,0,0,0,,0,义乌市蓓行电子商务商行（个体工商户）,订单结算
2026-04-23 03:07:02,'2026042303065721444528644242,出账,0.01,聚合账户,公益捐款,,'6925627099945532750,'6925627099945532750,,,,,,,普通订单,0,0,0,0,0,0,0,0,0,0,0,0,0,0,0,0,0,0,0,,0,义乌市蓓行电子商务商行（个体工商户）,公益捐款支出|贵州省慈善总会|6925627099945532750
2026-04-23 03:07:04,'2026042303065927012467744242,入账,3.54,聚合账户,货款结算入账,小店自卖,'6952028406053738372,'6952028406053738372,'SS76307013293045030920057,2026-04-13 12:13:49,'3801832059815723099,懒人公主头编发夹女前额双层侧边夹子刘海碎发编发发夹鸭嘴夹发卡,,,普通订单,3.56,0,0,0,0,0,0,0,0,0,0,0,-0.02,0,0,0,0,0,0,是-商品卡免佣,0.15,义乌市蓓行电子商务商行（个体工商户）,订单结算
2026-04-23 03:07:04,'2026042303065600200258974242,入账,5.8,聚合账户,货款结算入账,小店自卖,'6952080733465220833,'6952080733465220833,'SS76305011793948841370018,2026-04-15 16:01:06,'3805708033615593705,咖色磨砂抓夹大号发夹女2026年新款后脑勺发量多鲨鱼夹子发卡头饰,,,普通订单,5.84,0,0,0,0,0,0,0,0,0,0,0,-0.04,0,0,0,0,0,0,是-商品卡免佣,0.29,义乌市蓓行电子商务商行（个体工商户）,订单结算
2026-04-23 03:07:04,'2026042303070023992898924242,入账,5.15,聚合账户,货款结算入账,小店自卖,'6952016692277810603,'6952016692277810603,'SS76305472888721907260150,2026-04-13 03:02:31,'3801832059815723099,懒人公主头编发夹女前额双层侧边夹子刘海碎发编发发夹鸭嘴夹发卡,,,普通订单,5.18,0,0,0,0,0,0,0,0,0,0,0,-0.03,0,0,0,0,0,0,是-商品卡免佣,0.22,义乌市蓓行电子商务商行（个体工商户）,订单结算
2026-04-23 03:07:04,'2026042303070014981696064242,入账,6.96,聚合账户,货款结算入账,小店自卖,'6952034678632093518,'6952034678632093518,'SS76307002608511391230160,2026-04-13 11:27:35,'3798263450837320143,儿童是兔子警官可爱兔子帽子发夹边夹侧边发卡女卡通甜美拍照道具,,,普通订单,7,0,0,0,0,0,0,0,0,0,0,0,-0.04,0,0,0,0,0,0,是-商品卡免佣,0.29,义乌市蓓行电子商务商行（个体工商户）,订单结算
2026-04-23 03:07:05,'2026042303070012676145024242,出账,0.01,聚合账户,公益捐款,,'6952080733465220833,'6952080733465220833,,,,,,,普通订单,0,0,0,0,0,0,0,0,0,0,0,0,0,0,0,0,0,0,0,,0,义乌市蓓行电子商务商行（个体工商户）,公益捐款支出|贵州省慈善总会|6952080733465220833
2026-04-23 03:07:05,'2026042303070013275346354242,入账,5.5,聚合账户,货款结算入账,巨量千川,'6925691879912078802,'6925691879912078802,'SS76308200356192427950193,2026-04-18 22:59:39,'3807220077028311460,新中式发饰高级感扭扭夹随手盘发一字夹水钻抓夹后脑勺发夹盘发器,,,普通订单,5.79,0,0,0,0,0,0,0,0,0,0,0,-0.29,0,0,0,0,0,0,,0,义乌市蓓行电子商务商行（个体工商户）,订单结算
2026-04-23 03:07:06,'2026042303070010208223064242,出账,0.01,聚合账户,公益捐款,,'6952034678632093518,'6952034678632093518,,,,,,,普通订单,0,0,0,0,0,0,0,0,0,0,0,0,0,0,0,0,0,0,0,,0,义乌市蓓行电子商务商行（个体工商户）,公益捐款支出|贵州省慈善总会|6952034678632093518
2026-04-23 03:07:07,'2026042303070105845491544242,入账,3.7,聚合账户,货款结算入账,巨量千川,'6952024788452185761,'6952024788452185761,'SS76306416308029530020110,2026-04-12 20:04:30,'3807220077028311460,【超显气质】简约不硌头扭扭夹发夹女2026新款盘发抓夹高级感水钻珠珠一字夹子,,,普通订单,3.89,0,0,0,0,0,0,0,0,0,0,0,-0.19,0,0,0,0,0,0,,0,义乌市蓓行电子商务商行（个体工商户）,订单结算
2026-04-23 03:07:07,'2026042303070209613478404242,入账,5.6,聚合账户,货款结算入账,巨量千川,'6952023219988468798,'6952023219988468798,'SS76306669248642749500103,2026-04-13 04:12:03,'3807220077028311460,【超显气质】简约不硌头扭扭夹发夹女2026新款盘发抓夹高级感水钻珠珠一字夹子,,,普通订单,5.89,0,0,0,0,0,0,0,0,0,0,0,-0.29,0,0,0,0,0,0,,0,义乌市蓓行电子商务商行（个体工商户）,订单结算
2026-04-23 03:07:07,'2026042303070223625610594242,入账,4.21,聚合账户,货款结算入账,小店自卖,'6925596950464593828,'6925596950464528292,'SS76307591482339335950179,2026-04-14 22:41:31,'3807250008697339947,蓝咖格子大肠发圈蓝色韩系新款复古四层头发丸子马尾高级头绳发饰,,,普通订单,4.24,0,0,0,0,0,0,0,0,0,0,0,-0.03,0,0,0,0,0,0,是-商品卡免佣,0.22,义乌市蓓行电子商务商行（个体工商户）,订单结算
2026-04-23 03:07:07,'2026042303070123331807244242,入账,6.96,聚合账户,货款结算入账,小店自卖,'6952030143029908782,'6952030143029908782,'SS76306783946273923060161,2026-04-13 09:39:18,'3798263450837320143,儿童是兔子警官可爱兔子帽子发夹边夹侧边发卡女卡通甜美拍照道具,,,普通订单,7,0,0,0,0,0,0,0,0,0,0,0,-0.04,0,0,0,0,0,0,是-商品卡免佣,0.29,义乌市蓓行电子商务商行（个体工商户）,订单结算
2026-04-23 03:07:07,'2026042303070034845169044242,入账,6.55,聚合账户,货款结算入账,巨量千川,'6925543219295517826,'6925543219295517826,'SS76306669523567746820238,2026-04-13 07:04:17,'3807220077028311460,【超显气质】简约不硌头扭扭夹发夹女2026新款盘发抓夹高级感水钻珠珠一字夹子,,,普通订单,6.89,0,0,0,0,0,0,0,0,0,0,0,-0.34,0,0,0,0,0,0,,0,义乌市蓓行电子商务商行（个体工商户）,订单结算
2026-04-23 03:07:08,'2026042303070332843369344242,出账,0.01,聚合账户,公益捐款,,'6952023219988468798,'6952023219988468798,,,,,,,普通订单,0,0,0,0,0,0,0,0,0,0,0,0,0,0,0,0,0,0,0,,0,义乌市蓓行电子商务商行（个体工商户）,公益捐款支出|贵州省慈善总会|6952023219988468798
2026-04-23 03:07:10,'2026042303070429487805904242,入账,3.14,聚合账户,货款结算入账,巨量千川,'6925549523938999562,'6925549523938999562,'SS76306604923188393310073,2026-04-12 23:05:08,'3807220077028311460,夏天高级感随手盘发一字扭扭夹水钻抓夹高级发夹扭扭后脑勺盘发器,,,普通订单,3.31,0,0,0,0,0,0,0,0,0,0,0,-0.17,0,0,0,0,0,0,,0,义乌市蓓行电子商务商行（个体工商户）,订单结算
2026-04-23 03:07:10,'2026042303070525970652424242,入账,3.7,聚合账户,货款结算入账,巨量千川,'6952024824833971511,'6952024824833971511,'SS76306667217877240410008,2026-04-12 20:29:45,'3811112236538265926,【超值特惠】古风高级感发夹女2026新款网红后脑抓夹发量少专用水钻一字扭扭夹,,,普通订单,3.89,0,0,0,0,0,0,0,0,0,0,0,-0.19,0,0,0,0,0,0,,0,义乌市蓓行电子商务商行（个体工商户）,订单结算
2026-04-23 03:07:10,'2026042303070623283802114242,入账,3.7,聚合账户,货款结算入账,巨量千川,'6925536163728423977,'6925536163728423977,'SS76306419421674048540079,2026-04-12 15:55:27,'3807220077028311460,【超显气质】简约不硌头扭扭夹发夹女2026新款盘发抓夹高级感水钻珠珠一字夹子,,,普通订单,3.89,0,0,0,0,0,0,0,0,0,0,0,-0.19,0,0,0,0,0,0,,0,义乌市蓓行电子商务商行（个体工商户）,订单结算
2026-04-23 03:07:10,'2026042303070432087744504242,入账,2.72,聚合账户,货款结算入账,小店自卖,'6952020671175201815,'6952020671175201815,'SS76306385622838151950169,2026-04-12 18:45:45,'3799969300262028066,复古波点褶皱香蕉夹高级感马尾扭扭竖夹后脑勺显发量横夹发卡发饰,,,普通订单,2.74,0,0,0,0,0,0,0,0,0,0,0,-0.02,0,0,0,0,0,0,是-商品卡免佣,0.15,义乌市蓓行电子商务商行（个体工商户）,订单结算
2026-04-23 03:07:10,'2026042303070627144691664242,入账,4.4,聚合账户,货款结算入账,小店自卖,'6925557069906804213,'6925557069906804213,'SS76306783812900296100125,2026-04-13 11:01:28,'3798263450837320143,儿童是兔子警官可爱兔子帽子发夹边夹侧边发卡女卡通甜美拍照道具,,,普通订单,4.43,0,0,0,0,0,0,0,0,0,0,0,-0.03,0,0,0,0,0,0,是-商品卡免佣,0.22,义乌市蓓行电子商务商行（个体工商户）,订单结算
2026-04-23 03:07:11,'2026042303070612844078484242,出账,0.01,聚合账户,公益捐款,,'6952024824833971511,'6952024824833971511,,,,,,,普通订单,0,0,0,0,0,0,0,0,0,0,0,0,0,0,0,0,0,0,0,,0,义乌市蓓行电子商务商行（个体工商户）,公益捐款支出|贵州省慈善总会|6952024824833971511
2026-04-23 03:07:12,'2026042303070537501509504242,入账,2.82,聚合账户,货款结算入账,巨量千川,'6952057970354230588,'6952057970354230588,'SS76305029718770652700046,2026-04-14 01:19:29,'3807230150731497890,可爱小狗抓夹卡通高级2026新款后脑勺盘发鲨鱼夹中号发量发夹发饰,,,普通订单,0.01,0,0,2.96,0,0,0,0,0,0,0,0,-0.15,0,0,0,0,0,0,,0,义乌市蓓行电子商务商行（个体工商户）,订单结算
2026-04-23 03:07:12,'2026042303070725886395154242,入账,2.46,聚合账户,货款结算入账,精选联盟,'6952013992398361648,'6952013992398361648,'SS76306386464924636420146,2026-04-12 20:22:40,'3799969300262028066,复古波点褶皱香蕉夹高级感马尾扭扭竖夹后脑勺显发量横夹发卡发饰,'0,,普通订单,0.01,0,0,2.73,0,0,0,0,0,0,0,0,-0.14,0,0,0,0,-0.14,0,,0,义乌市蓓行电子商务商行（个体工商户）,订单结算
2026-04-23 03:07:12,'2026042303070732097244424242,入账,2.75,聚合账户,货款结算入账,巨量千川,'6925545541877792064,'6925545541877792064,'SS76306411149363000670134,2026-04-13 06:55:10,'3792402691087532393,【小众高级感】高颜值彩色豆豆发圈头绳扎头发马尾丸子头高弹力橡皮筋不伤发发绳,,,普通订单,2.9,0,0,0,0,0,0,0,0,0,0,0,-0.15,0,0,0,0,0,0,,0,义乌市蓓行电子商务商行（个体工商户）,订单结算
2026-04-23 03:07:12,'2026042303070533486277224242,入账,2.72,聚合账户,货款结算入账,小店自卖,'6951625483000157254,'6951625483000157254,'SS76244986062462651390015,2026-03-28 17:22:15,'3799969300262028066,复古波点褶皱香蕉夹高级感马尾扭扭竖夹后脑勺显发量横夹发卡发饰,,,普通订单,0.01,0,0,2.73,0,0,0,0,0,0,0,0,-0.02,0,0,0,0,0,0,是-商品卡免佣,0.15,义乌市蓓行电子商务商行（个体工商户）,订单结算
2026-04-23 03:07:12,'2026042303070741755817474242,入账,3.7,聚合账户,货款结算入账,巨量千川,'6952069162764473844,'6952069162764473844,'SS76306635894616230820090,2026-04-14 07:16:37,'3807220077028311460,【超显气质】简约不硌头扭扭夹发夹女2026新款盘发抓夹高级感水钻珠珠一字夹子,,,普通订单,3.89,0,0,0,0,0,0,0,0,0,0,0,-0.19,0,0,0,0,0,0,,0,义乌市蓓行电子商务商行（个体工商户）,订单结算
2026-04-23 03:07:19,'2026042303071528864845144242,入账,2.46,聚合账户,货款结算入账,精选联盟,'6925567951372123805,'6925567951372123805,'SS76307620660811865940014,2026-04-13 17:01:08,'3799969300262028066,复古波点褶皱香蕉夹高级感马尾扭扭竖夹后脑勺显发量横夹发卡发饰,'0,,普通订单,0.01,0,0,2.73,0,0,0,0,0,0,0,0,-0.14,0,0,0,0,-0.14,0,,0,义乌市蓓行电子商务商行（个体工商户）,订单结算
2026-04-23 03:07:19,'2026042303071428108065624242,入账,5.15,聚合账户,货款结算入账,小店自卖,'6925569840187473828,'6925569840187473828,'SS76307013303697577380098,2026-04-13 12:17:42,'3801832059815723099,懒人公主头编发夹女前额双层侧边夹子刘海碎发编发发夹鸭嘴夹发卡,,,普通订单,5.18,0,0,0,0,0,0,0,0,0,0,0,-0.03,0,0,0,0,0,0,是-商品卡免佣,0.22,义乌市蓓行电子商务商行（个体工商户）,订单结算
2026-04-23 03:07:19,'2026042303071522443630484242,入账,2.96,聚合账户,货款结算入账,小店自卖,'6952080049365128923,'6952080049365128923,'SS76306916012930872840211,2026-04-15 09:53:13,'3812957000178991182,百搭洗脸无痕发夹卡通KT猫系列鸭嘴夹女金属定位夹前额侧边夹发卡,,,普通订单,2.98,0,0,0,0,0,0,0,0,0,0,0,-0.02,0,0,0,0,0,0,是-商品卡免佣,0.15,义乌市蓓行电子商务商行（个体工商户）,订单结算
2026-04-23 03:07:19,'2026042303071326598446434242,入账,2.72,聚合账户,货款结算入账,小店自卖,'6925546754380037492,'6925546754380037492,'SS76306386452717737390186,2026-04-12 20:46:30,'3799969300262028066,复古波点褶皱香蕉夹高级感马尾扭扭竖夹后脑勺显发量横夹发卡发饰,,,普通订单,2.74,0,0,0,0,0,0,0,0,0,0,0,-0.02,0,0,0,0,0,0,是-商品卡免佣,0.15,义乌市蓓行电子商务商行（个体工商户）,订单结算
2026-04-23 03:07:19,'2026042303071427983547284242,入账,5.15,聚合账户,货款结算入账,小店自卖,'6952185160581256890,'6952185160581256890,'SS76308177400986181520019,2026-04-18 21:27:43,'3801832059815723099,懒人公主头编发夹女前额双层侧边夹子刘海碎发编发发夹鸭嘴夹发卡,,,普通订单,5.18,0,0,0,0,0,0,0,0,0,0,0,-0.03,0,0,0,0,0,0,是-商品卡免佣,0.22,义乌市蓓行电子商务商行（个体工商户）,订单结算
2026-04-23 03:07:20,'2026042303071433096873314242,入账,2.86,聚合账户,货款结算入账,小店自卖,'6952166841280042525,'6952166841280042525,'SS76307767700913075550243,2026-04-18 08:33:14,'3799223013136794088,低马尾发饰红色格纹花朵发圈儿童秋冬植绒发绳可爱卡通丸子头皮筋,,,普通订单,2.88,0,0,0,0,0,0,0,0,0,0,0,-0.02,0,0,0,0,0,0,是-商品卡免佣,0.15,义乌市蓓行电子商务商行（个体工商户）,订单结算
2026-04-23 03:07:20,'2026042303071521733053954242,入账,3.7,聚合账户,货款结算入账,巨量千川,'6925687773788274066,'6925687773788274066,'SS76308465217053821960098,2026-04-18 08:25:20,'3807220077028311460,新中式发饰高级感扭扭夹随手盘发一字夹水钻抓夹后脑勺发夹盘发器,,,普通订单,2.89,0,0,1,0,0,0,0,0,0,0,0,-0.19,0,0,0,0,0,0,,0,义乌市蓓行电子商务商行（个体工商户）,订单结算
2026-04-23 03:07:20,'2026042303071513385080664242,入账,6.55,聚合账户,货款结算入账,巨量千川,'6952170751938139673,'6952170751938139673,'SS76308003550178189210006,2026-04-18 06:48:31,'3807220077028311460,新中式发饰高级感扭扭夹随手盘发一字夹水钻抓夹后脑勺发夹盘发器,,,普通订单,1.49,0,0,5.4,0,0,0,0,0,0,0,0,-0.34,0,0,0,0,0,0,,0,义乌市蓓行电子商务商行（个体工商户）,订单结算
2026-04-23 03:07:20,'2026042303071404493972634242,入账,2.46,聚合账户,货款结算入账,精选联盟,'6951634007392982553,'6951634007392982553,'SS76307613951344153960210,2026-03-28 17:43:28,'3799969300262028066,复古波点褶皱香蕉夹高级感马尾扭扭竖夹后脑勺显发量横夹发卡发饰,'0,,普通订单,1.93,0,0,0.81,0,0,0,0,0,0,0,0,-0.14,0,0,0,0,-0.14,0,,0,义乌市蓓行电子商务商行（个体工商户）,订单结算
2026-04-23 03:07:20,'2026042303071430315197904242,入账,3.7,聚合账户,货款结算入账,巨量千川,'6925557891999301399,'6925557891999301399,'SS76306609726336698940079,2026-04-12 19:47:20,'3807220077028311460,【超显气质】简约不硌头扭扭夹发夹女2026新款盘发抓夹高级感水钻珠珠一字夹子,,,普通订单,3.89,0,0,0,0,0,0,0,0,0,0,0,-0.19,0,0,0,0,0,0,,0,义乌市蓓行电子商务商行（个体工商户）,订单结算
2026-04-23 03:07:21,'2026042303071533149913954242,出账,0.01,聚合账户,公益捐款,,'6952170751938139673,'6952170751938139673,,,,,,,普通订单,0,0,0,0,0,0,0,0,0,0,0,0,0,0,0,0,0,0,0,,0,义乌市蓓行电子商务商行（个体工商户）,公益捐款支出|贵州省慈善总会|6952170751938139673
2026-04-23 03:07:21,'2026042303071605167191464242,入账,5.14,聚合账户,货款结算入账,小店自卖,'6925556072683371833,'6925556072683371833,'SS76306668924239219710166,2026-04-12 22:37:42,'3807250008697339947,蓝咖格子大肠发圈蓝色韩系新款复古四层头发丸子马尾高级头绳发饰,,,普通订单,2.41,0,0,3,0,0,0,0,0,0,0,0,-0.27,0,0,0,0,0,0,,0,义乌市蓓行电子商务商行（个体工商户）,订单结算
2026-04-23 03:07:21,'2026042303071511382622874242,出账,0.01,聚合账户,公益捐款,,'6951634007392982553,'6951634007392982553,,,,,,,普通订单,0,0,0,0,0,0,0,0,0,0,0,0,0,0,0,0,0,0,0,,0,义乌市蓓行电子商务商行（个体工商户）,公益捐款支出|贵州省慈善总会|6951634007392982553
2026-04-23 03:07:21,'2026042303071536745917714242,出账,0.01,聚合账户,公益捐款,,'6925557891999301399,'6925557891999301399,,,,,,,普通订单,0,0,0,0,0,0,0,0,0,0,0,0,0,0,0,0,0,0,0,,0,义乌市蓓行电子商务商行（个体工商户）,公益捐款支出|贵州省慈善总会|6925557891999301399
2026-04-23 03:07:21,'2026042303071434490621704242,入账,2.7,聚合账户,货款结算入账,小店自卖,'6952159536652031314,'6952159536652031314,'SS76307190533294495240130,2026-04-17 23:21:54,'3807235944625602787,LOVEIXCC南瓜豹纹抓夹大号发量大2026新款高级感鲨鱼夹后脑勺发夹,,,普通订单,0.01,0,0,2.83,0,0,0,0,0,0,0,0,-0.14,0,0,0,0,0,0,,0,义乌市蓓行电子商务商行（个体工商户）,订单结算
2026-04-23 03:07:21,'2026042303071526555889144242,入账,4.44,聚合账户,货款结算入账,小店自卖,'6952032534701479774,'6952032534701479774,'SS76306844346608195100057,2026-04-13 10:57:51,'3807230150731497890,可爱小狗抓夹卡通高级2026新款后脑勺盘发鲨鱼夹中号发量发夹发饰,,,普通订单,3.76,0,0,0.91,0,0,0,0,0,0,0,0,-0.23,0,0,0,0,0,0,,0,义乌市蓓行电子商务商行（个体工商户）,订单结算
2026-04-23 03:07:21,'2026042303071505916265024242,入账,2.46,聚合账户,货款结算入账,精选联盟,'6925689986813755283,'6925689986813755283,'SS76308333111238497700217,2026-04-18 09:54:55,'3799969300262028066,复古波点褶皱香蕉夹高级感马尾扭扭竖夹后脑勺显发量横夹发卡发饰,'0,,普通订单,0.01,0,0,2.73,0,0,0,0,0,0,0,0,-0.14,0,0,0,0,-0.14,0,,0,义乌市蓓行电子商务商行（个体工商户）,订单结算
2026-04-23 03:07:21,'2026042303071610414535834242,出账,0.01,聚合账户,公益捐款,,'6925556072683371833,'6925556072683371833,,,,,,,普通订单,0,0,0,0,0,0,0,0,0,0,0,0,0,0,0,0,0,0,0,,0,义乌市蓓行电子商务商行（个体工商户）,公益捐款支出|贵州省慈善总会|6925556072683371833
2026-04-23 03:07:21,'2026042303071634149337704242,入账,2.82,聚合账户,货款结算入账,巨量千川,'6951958627939784021,'6951958627939784021,'SS76280959041924511150191,2026-04-10 07:42:31,'3807230150731497890,可爱小狗抓夹卡通高级2026新款后脑勺盘发鲨鱼夹中号发量发夹发饰,,,普通订单,0.01,0,0,2.96,0,0,0,0,0,0,0,0,-0.15,0,0,0,0,0,0,,0,义乌市蓓行电子商务商行（个体工商户）,订单结算
2026-04-23 03:07:22,'2026042303071712095332264242,出账,0.01,聚合账户,公益捐款,,'6952159536652031314,'6952159536652031314,,,,,,,普通订单,0,0,0,0,0,0,0,0,0,0,0,0,0,0,0,0,0,0,0,,0,义乌市蓓行电子商务商行（个体工商户）,公益捐款支出|贵州省慈善总会|6952159536652031314
2026-04-23 03:07:28,'2026042303072312210222434242,入账,1.8,聚合账户,货款结算入账,巨量千川,'6952163247001835412,'6952163247001835412,'SS76308093095756925870045,2026-04-18 16:42:54,'3807220077028311460,新中式发饰高级感扭扭夹随手盘发一字夹水钻抓夹后脑勺发夹盘发器,,,普通订单,3.89,0,0,0,0,0,0,0,0,0,0,-2,-0.09,0,0,0,0,0,0,,0,义乌市蓓行电子商务商行（个体工商户）,订单结算
2026-04-23 03:07:28,'2026042303072238639045384242,入账,3.7,聚合账户,货款结算入账,巨量千川,'6925673902714354706,'6925673902714354706,'SS76306615636032722330017,2026-04-17 17:06:45,'3807220077028311460,夏天高级感随手盘发一字扭扭夹水钻抓夹高级发夹扭扭后脑勺盘发器,,,普通订单,3.89,0,0,0,0,0,0,0,0,0,0,0,-0.19,0,0,0,0,0,0,,0,义乌市蓓行电子商务商行（个体工商户）,订单结算
2026-04-23 03:07:28,'2026042303072323165995984242,入账,6.55,聚合账户,货款结算入账,巨量千川,'6925679130097450636,'6925679130097450636,'SS76308699496450296750028,2026-04-18 00:26:16,'3807220077028311460,新中式发饰高级感扭扭夹随手盘发一字夹水钻抓夹后脑勺发夹盘发器,,,普通订单,6.89,0,0,0,0,0,0,0,0,0,0,0,-0.34,0,0,0,0,0,0,,0,义乌市蓓行电子商务商行（个体工商户）,订单结算
2026-04-23 03:07:28,'2026042303072112783127304242,入账,5.6,聚合账户,货款结算入账,巨量千川,'6925416447373704528,'6925416447373704528,'SS76306639493696271620245,2026-04-07 10:18:06,'3807220077028311460,【超显气质】简约不硌头扭扭夹发夹女2026新款盘发抓夹高级感水钻珠珠一字夹子,,,普通订单,5.89,0,0,0,0,0,0,0,0,0,0,0,-0.29,0,0,0,0,0,0,,0,义乌市蓓行电子商务商行（个体工商户）,订单结算
2026-04-23 03:07:28,'2026042303072341021606754242,入账,5.6,聚合账户,货款结算入账,巨量千川,'6952073954469943271,'6952073954469943271,'SS76307963249336857690183,2026-04-14 11:01:30,'3807220077028311460,【超显气质】简约不硌头扭扭夹发夹女2026新款盘发抓夹高级感水钻珠珠一字夹子,,,普通订单,5.89,0,0,0,0,0,0,0,0,0,0,0,-0.29,0,0,0,0,0,0,,0,义乌市蓓行电子商务商行（个体工商户）,订单结算
2026-04-23 03:07:29,'2026042303072437294082714242,出账,0.01,聚合账户,公益捐款,,'6925679130097450636,'6925679130097450636,,,,,,,普通订单,0,0,0,0,0,0,0,0,0,0,0,0,0,0,0,0,0,0,0,,0,义乌市蓓行电子商务商行（个体工商户）,公益捐款支出|贵州省慈善总会|6925679130097450636
2026-04-23 03:07:29,'2026042303072504331648264242,出账,0.01,聚合账户,公益捐款,,'6952073954469943271,'6952073954469943271,,,,,,,普通订单,0,0,0,0,0,0,0,0,0,0,0,0,0,0,0,0,0,0,0,,0,义乌市蓓行电子商务商行（个体工商户）,公益捐款支出|贵州省慈善总会|6952073954469943271
2026-04-23 03:07:38,'2026042303073313932795304242,入账,3.42,聚合账户,货款结算入账,小店自卖,'6925706855713635965,'6925706855713635965,'SS76307781190121723510016,2026-04-18 21:56:03,'3807244487391051987,丝绒秋冬彩色植绒发夹女侧边刘海边夹小众设计碎发夹三角形发夹子,,,普通订单,0.12,0,0,2.48,0,0,0,0,1,0,0,0,-0.18,0,0,0,0,0,0,,0,义乌市蓓行电子商务商行（个体工商户）,订单结算
2026-04-23 03:07:38,'2026042303073322735795614242,入账,3.7,聚合账户,货款结算入账,巨量千川,'6952145596539016318,'6952145596539016318,'SS76307682835447813620231,2026-04-17 16:26:01,'3807220077028311460,夏天高级感随手盘发一字扭扭夹水钻抓夹高级发夹扭扭后脑勺盘发器,,,普通订单,3.7,0,0,0.19,0,0,0,0,0,0,0,0,-0.19,0,0,0,0,0,0,,0,义乌市蓓行电子商务商行（个体工商户）,订单结算
2026-04-23 03:07:38,'2026042303073340058724474242,入账,5.6,聚合账户,货款结算入账,巨量千川,'6952028114643392227,'6952028114643392227,'SS76307017251748093960060,2026-04-13 09:01:39,'3807220077028311460,【超显气质】简约不硌头扭扭夹发夹女2026新款盘发抓夹高级感水钻珠珠一字夹子,,,普通订单,4.29,0,0,1.6,0,0,0,0,0,0,0,0,-0.29,0,0,0,0,0,0,,0,义乌市蓓行电子商务商行（个体工商户）,订单结算
2026-04-23 03:07:38,'2026042303073212087790504242,入账,3.7,聚合账户,货款结算入账,巨量千川,'6925683637139111612,'6925683637139111612,'SS76307847636280937220082,2026-04-18 06:48:30,'3807220077028311460,新中式发饰高级感扭扭夹随手盘发一字夹水钻抓夹后脑勺发夹盘发器,,,普通订单,3.7,0,0,0.19,0,0,0,0,0,0,0,0,-0.19,0,0,0,0,0,0,,0,义乌市蓓行电子商务商行（个体工商户）,订单结算
2026-04-23 03:07:38,'2026042303073313687526944242,入账,2.6,聚合账户,货款结算入账,小店自卖,'6952132621675271699,'6952132621675271699,'SS76307662135740544460249,2026-04-17 20:24:07,'3799969300262028066,复古波点褶皱香蕉夹高级感马尾扭扭竖夹后脑勺显发量横夹发卡发饰,,,普通订单,0.01,0,0,2.73,0,0,0,0,0,0,0,0,-0.14,0,0,0,0,0,0,,0,义乌市蓓行电子商务商行（个体工商户）,订单结算
2026-04-23 03:07:39,'2026042303073427228086224242,出账,0.01,聚合账户,公益捐款,,'6952145596539016318,'6952145596539016318,,,,,,,普通订单,0,0,0,0,0,0,0,0,0,0,0,0,0,0,0,0,0,0,0,,0,义乌市蓓行电子商务商行（个体工商户）,公益捐款支出|贵州省慈善总会|6952145596539016318
2026-04-23 03:07:49,'2026042303074205796378024242,入账,3.7,聚合账户,货款结算入账,巨量千川,'6952028601745675515,'6952028601745675515,'SS76307372878275098010219,2026-04-13 14:40:16,'3807220077028311460,【超显气质】简约不硌头扭扭夹发夹女2026新款盘发抓夹高级感水钻珠珠一字夹子,,,普通订单,3.89,0,0,0,0,0,0,0,0,0,0,0,-0.19,0,0,0,0,0,0,,0,义乌市蓓行电子商务商行（个体工商户）,订单结算
2026-04-23 03:07:49,'2026042303074516337351954242,入账,3.7,聚合账户,货款结算入账,巨量千川,'6925548078539439770,'6925548078539439770,'SS76307018189809098590169,2026-04-13 11:43:24,'3807220077028311460,【超显气质】简约不硌头扭扭夹发夹女2026新款盘发抓夹高级感水钻珠珠一字夹子,,,普通订单,3.89,0,0,0,0,0,0,0,0,0,0,0,-0.19,0,0,0,0,0,0,,0,义乌市蓓行电子商务商行（个体工商户）,订单结算
2026-04-23 03:07:49,'2026042303074516875200384242,入账,3.67,聚合账户,货款结算入账,小店自卖,'6925540224856063058,'6925540224856063058,'SS76306392057101519870047,2026-04-12 20:16:55,'3799969300262028066,复古波点褶皱香蕉夹高级感马尾扭扭竖夹后脑勺显发量横夹发卡发饰,,,普通订单,3.69,0,0,0,0,0,0,0,0,0,0,0,-0.02,0,0,0,0,0,0,是-商品卡免佣,0.15,义乌市蓓行电子商务商行（个体工商户）,订单结算
2026-04-23 03:07:49,'2026042303074418717248004242,入账,3.7,聚合账户,货款结算入账,巨量千川,'6925661043674873193,'6925661043674873193,'SS76307315624975731700070,2026-04-17 15:15:39,'3807220077028311460,夏天高级感随手盘发一字扭扭夹水钻抓夹高级发夹扭扭后脑勺盘发器,,,普通订单,3.89,0,0,0,0,0,0,0,0,0,0,0,-0.19,0,0,0,0,0,0,,0,义乌市蓓行电子商务商行（个体工商户）,订单结算
2026-04-23 03:07:49,'2026042303074336079089164242,入账,5.51,聚合账户,货款结算入账,小店自卖,'6925557981879631781,'6925557981879631781,'SS76307411183483663770036,2026-04-12 20:33:23,'3812037565633134870,法式碎花早春蝴蝶结香蕉夹高马尾丸子头盘发夹气质蓬松显发量发饰,,,普通订单,5.54,0,0,0,0,0,0,0,0,0,0,0,-0.03,0,0,0,0,0,0,是-商品卡免佣,0.22,义乌市蓓行电子商务商行（个体工商户）,订单结算
2026-04-23 03:07:49,'2026042303074403867451034242,入账,3.54,聚合账户,货款结算入账,小店自卖,'6925545083718631392,'6925545083718631392,'SS76306668722753702550097,2026-04-12 22:41:12,'3801832059815723099,懒人公主头编发夹女前额双层侧边夹子刘海碎发编发发夹鸭嘴夹发卡,,,普通订单,3.56,0,0,0,0,0,0,0,0,0,0,0,-0.02,0,0,0,0,0,0,是-商品卡免佣,0.15,义乌市蓓行电子商务商行（个体工商户）,订单结算
2026-04-23 03:07:49,'2026042303074507510799744242,入账,3.7,聚合账户,货款结算入账,巨量千川,'6925565024566541708,'6925565024566541708,'SS76307376217203881300161,2026-04-13 12:08:17,'3807220077028311460,【超显气质】简约不硌头扭扭夹发夹女2026新款盘发抓夹高级感水钻珠珠一字夹子,,,普通订单,3.89,0,0,0,0,0,0,0,0,0,0,0,-0.19,0,0,0,0,0,0,,0,义乌市蓓行电子商务商行（个体工商户）,订单结算
2026-04-23 03:07:49,'2026042303074426684298644242,入账,4.65,聚合账户,货款结算入账,巨量千川,'6925538554283065010,'6925538554283065010,'SS76306408307689559450139,2026-04-12 18:45:07,'3792402691087532393,【小众高级感】高颜值彩色豆豆发圈头绳扎头发马尾丸子头高弹力橡皮筋不伤发发绳,,,普通订单,2.4,0,0,0,0,0,0,0,2.5,0,0,0,-0.25,0,0,0,0,0,0,,0,义乌市蓓行电子商务商行（个体工商户）,订单结算
2026-04-23 03:07:50,'2026042303074435873961424242,入账,3.99,聚合账户,货款结算入账,小店自卖,'6952168578149258399,'6952168578149258399,'SS76307571123225400320044,2026-04-18 08:26:45,'3805708033615593705,咖色磨砂抓夹大号发夹女2026年新款后脑勺发量多鲨鱼夹子发卡头饰,,,普通订单,4.01,0,0,0,0,0,0,0,0,0,0,0,-0.02,0,0,0,0,0,0,是-商品卡免佣,0.15,义乌市蓓行电子商务商行（个体工商户）,订单结算
2026-04-23 03:07:50,'2026042303074440786990144242,出账,0.01,聚合账户,公益捐款,,'6925545083718631392,'6925545083718631392,,,,,,,普通订单,0,0,0,0,0,0,0,0,0,0,0,0,0,0,0,0,0,0,0,,0,义乌市蓓行电子商务商行（个体工商户）,公益捐款支出|贵州省慈善总会|6925545083718631392
2026-04-23 03:07:50,'2026042303074424548807834242,出账,0.01,聚合账户,公益捐款,,'6952028601745675515,'6952028601745675515,,,,,,,普通订单,0,0,0,0,0,0,0,0,0,0,0,0,0,0,0,0,0,0,0,,0,义乌市蓓行电子商务商行（个体工商户）,公益捐款支出|贵州省慈善总会|6952028601745675515
2026-04-23 03:07:50,'2026042303074439267046504242,入账,3.7,聚合账户,货款结算入账,巨量千川,'6952011633265284425,'6952011633265284425,'SS76306419485340349540033,2026-04-12 16:19:05,'3807220077028311460,【超显气质】简约不硌头扭扭夹发夹女2026新款盘发抓夹高级感水钻珠珠一字夹子,,,普通订单,3.89,0,0,0,0,0,0,0,0,0,0,0,-0.19,0,0,0,0,0,0,,0,义乌市蓓行电子商务商行（个体工商户）,订单结算
2026-04-23 03:07:50,'2026042303074638507809644242,出账,0.01,聚合账户,公益捐款,,'6925661043674873193,'6925661043674873193,,,,,,,普通订单,0,0,0,0,0,0,0,0,0,0,0,0,0,0,0,0,0,0,0,,0,义乌市蓓行电子商务商行（个体工商户）,公益捐款支出|贵州省慈善总会|6925661043674873193
2026-04-23 03:07:50,'2026042303074324678402564242,出账,0.01,聚合账户,公益捐款,,'6952168578149258399,'6952168578149258399,,,,,,,普通订单,0,0,0,0,0,0,0,0,0,0,0,0,0,0,0,0,0,0,0,,0,义乌市蓓行电子商务商行（个体工商户）,公益捐款支出|贵州省慈善总会|6952168578149258399
2026-04-23 03:07:52,'2026042303074821181240844242,入账,3.7,聚合账户,货款结算入账,巨量千川,'6925540882492325176,'6925540882492325176,'SS76306610824249349620133,2026-04-13 00:28:57,'3807220077028311460,【超显气质】简约不硌头扭扭夹发夹女2026新款盘发抓夹高级感水钻珠珠一字夹子,,,普通订单,3.89,0,0,0,0,0,0,0,0,0,0,0,-0.19,0,0,0,0,0,0,,0,义乌市蓓行电子商务商行（个体工商户）,订单结算
2026-04-23 03:07:52,'2026042303074629625715474242,入账,8.92,聚合账户,货款结算入账,小店自卖,'6952071189144803016,'6952071189144803016,'SS76306754178125829580158,2026-04-15 11:09:19,'3797358013866705284,美拉德咖色波浪高颅顶发箍女款日常外戴头箍带齿防滑洗脸压发发卡,,,普通订单,8.97,0,0,0,0,0,0,0,0,0,0,0,-0.05,0,0,0,0,0,0,是-商品卡免佣,0.37,义乌市蓓行电子商务商行（个体工商户）,订单结算
2026-04-23 03:07:52,'2026042303074703657244164242,入账,3.7,聚合账户,货款结算入账,巨量千川,'6925674803396443314,'6925674803396443314,'SS76308343293940085820165,2026-04-18 02:21:14,'3807220077028311460,新中式发饰高级感扭扭夹随手盘发一字夹水钻抓夹后脑勺发夹盘发器,,,普通订单,3.89,0,0,0,0,0,0,0,0,0,0,0,-0.19,0,0,0,0,0,0,,0,义乌市蓓行电子商务商行（个体工商户）,订单结算
2026-04-23 03:07:52,'2026042303074638556961284242,入账,5.6,聚合账户,货款结算入账,巨量千川,'6925685478959513014,'6925685478959513014,'SS76307852589585370100158,2026-04-18 08:35:42,'3807220077028311460,新中式发饰高级感扭扭夹随手盘发一字夹水钻抓夹后脑勺发夹盘发器,,,普通订单,5.89,0,0,0,0,0,0,0,0,0,0,0,-0.29,0,0,0,0,0,0,,0,义乌市蓓行电子商务商行（个体工商户）,订单结算
2026-04-23 03:07:52,'2026042303074809779453594242,入账,4.31,聚合账户,货款结算入账,小店自卖,'6925553747700317272,'6925553747700317272,'SS76306666458806361950170,2026-04-12 18:18:18,'3807235944625602787,LOVEIXCC南瓜豹纹抓夹大号发量大2026新款高级感鲨鱼夹后脑勺发夹,,,普通订单,4.34,0,0,0,0,0,0,0,0,0,0,0,-0.03,0,0,0,0,0,0,是-商品卡免佣,0.22,义乌市蓓行电子商务商行（个体工商户）,订单结算
2026-04-23 03:07:53,'2026042303074720861261324242,出账,0.01,聚合账户,公益捐款,,'6925553747700317272,'6925553747700317272,,,,,,,普通订单,0,0,0,0,0,0,0,0,0,0,0,0,0,0,0,0,0,0,0,,0,义乌市蓓行电子商务商行（个体工商户）,公益捐款支出|贵州省慈善总会|6925553747700317272
2026-04-23 03:07:53,'2026042303074717501557854242,出账,0.01,聚合账户,公益捐款,,'6925674803396443314,'6925674803396443314,,,,,,,普通订单,0,0,0,0,0,0,0,0,0,0,0,0,0,0,0,0,0,0,0,,0,义乌市蓓行电子商务商行（个体工商户）,公益捐款支出|贵州省慈善总会|6925674803396443314
2026-04-23 03:08:03,'2026042303075638686233754242,入账,3.54,聚合账户,货款结算入账,小店自卖,'6952028304001602808,'6952028304001602808,'SS76306792147357539930221,2026-04-13 10:47:12,'3801832059815723099,懒人公主头编发夹女前额双层侧边夹子刘海碎发编发发夹鸭嘴夹发卡,,,普通订单,3.56,0,0,0,0,0,0,0,0,0,0,0,-0.02,0,0,0,0,0,0,是-商品卡免佣,0.15,义乌市蓓行电子商务商行（个体工商户）,订单结算
2026-04-23 03:08:03,'2026042303075620810184094242,入账,6.55,聚合账户,货款结算入账,巨量千川,'6925570022050266721,'6925570022050266721,'SS76307258151826888140142,2026-04-13 13:28:57,'3807220077028311460,【超显气质】简约不硌头扭扭夹发夹女2026新款盘发抓夹高级感水钻珠珠一字夹子,,,普通订单,6.89,0,0,0,0,0,0,0,0,0,0,0,-0.34,0,0,0,0,0,0,,0,义乌市蓓行电子商务商行（个体工商户）,订单结算
2026-04-23 03:08:03,'2026042303075807267988884242,入账,5.15,聚合账户,货款结算入账,小店自卖,'6952022787920827520,'6952022787920827520,'SS76306667632820106510162,2026-04-12 21:01:12,'3801832059815723099,懒人公主头编发夹女前额双层侧边夹子刘海碎发编发发夹鸭嘴夹发卡,,,普通订单,5.18,0,0,0,0,0,0,0,0,0,0,0,-0.03,0,0,0,0,0,0,是-商品卡免佣,0.22,义乌市蓓行电子商务商行（个体工商户）,订单结算
2026-04-23 03:08:03,'2026042303075816705297924242,入账,3.7,聚合账户,货款结算入账,巨量千川,'6952011913902888435,'6952011913902888435,'SS76306416344230955900148,2026-04-12 19:36:27,'3807220077028311460,【超显气质】简约不硌头扭扭夹发夹女2026新款盘发抓夹高级感水钻珠珠一字夹子,,,普通订单,3.89,0,0,0,0,0,0,0,0,0,0,0,-0.19,0,0,0,0,0,0,,0,义乌市蓓行电子商务商行（个体工商户）,订单结算
2026-04-23 03:08:03,'2026042303075725473359364242,入账,5.72,聚合账户,货款结算入账,小店自卖,'6951648150498973415,'6951648150498973415,'SS76306685025457938270134,2026-03-29 01:42:57,'3792401546319364345,韩系女童星星小熊咖色秋冬儿童宝宝发夹后脑勺碎发侧边夹头饰发卡,,,普通订单,5.75,0,0,0,0,0,0,0,0,0,0,0,-0.03,0,0,0,0,0,0,是-商品卡免佣,0.22,义乌市蓓行电子商务商行（个体工商户）,订单结算
2026-04-23 03:08:04,'2026042303075922063680434242,出账,0.01,聚合账户,公益捐款,,'6952011913902888435,'6952011913902888435,,,,,,,普通订单,0,0,0,0,0,0,0,0,0,0,0,0,0,0,0,0,0,0,0,,0,义乌市蓓行电子商务商行（个体工商户）,公益捐款支出|贵州省慈善总会|6952011913902888435
2026-04-23 03:08:06,'2026042303080223995725184242,入账,2.72,聚合账户,货款结算入账,小店自卖,'6952027598314673328,'6952027598314673328,'SS76306388208797496410157,2026-04-12 22:30:29,'3799969300262028066,复古波点褶皱香蕉夹高级感马尾扭扭竖夹后脑勺显发量横夹发卡发饰,,,普通订单,2.74,0,0,0,0,0,0,0,0,0,0,0,-0.02,0,0,0,0,0,0,是-商品卡免佣,0.15,义乌市蓓行电子商务商行（个体工商户）,订单结算
2026-04-23 03:08:06,'2026042303080104404021864242,入账,5.15,聚合账户,货款结算入账,小店自卖,'6952138923323233972,'6952138923323233972,'SS76308221424599045180192,2026-04-17 15:51:36,'3801832059815723099,懒人公主头编发夹女前额双层侧边夹子刘海碎发编发发夹鸭嘴夹发卡,,,普通订单,5.18,0,0,0,0,0,0,0,0,0,0,0,-0.03,0,0,0,0,0,0,是-商品卡免佣,0.22,义乌市蓓行电子商务商行（个体工商户）,订单结算
2026-04-23 03:08:06,'2026042303080122153306064242,入账,3.88,聚合账户,货款结算入账,小店自卖,'6952039527407556432,'6952039527407556432,'SS76307406026402739350227,2026-04-13 15:09:56,'3805708033615593705,咖色磨砂抓夹大号发夹女2026年新款后脑勺发量多鲨鱼夹子发卡头饰,,,普通订单,3.9,0,0,0,0,0,0,0,0,0,0,0,-0.02,0,0,0,0,0,0,是-商品卡免佣,0.15,义乌市蓓行电子商务商行（个体工商户）,订单结算
2026-04-23 03:08:06,'2026042303080125175864704242,入账,2.72,聚合账户,货款结算入账,小店自卖,'6925667395808624505,'6925667395808624505,'SS76305020479394452670207,2026-04-17 20:56:44,'3799969300262028066,复古波点褶皱香蕉夹高级感马尾扭扭竖夹后脑勺显发量横夹发卡发饰,,,普通订单,2.74,0,0,0,0,0,0,0,0,0,0,0,-0.02,0,0,0,0,0,0,是-商品卡免佣,0.15,义乌市蓓行电子商务商行（个体工商户）,订单结算
2026-04-23 03:08:06,'2026042303080026939886344242,入账,3.67,聚合账户,货款结算入账,小店自卖,'6925551901292789480,'6925551901292789480,'SS76306391971750221320066,2026-04-12 21:51:10,'3799969300262028066,复古波点褶皱香蕉夹高级感马尾扭扭竖夹后脑勺显发量横夹发卡发饰,,,普通订单,3.69,0,0,0,0,0,0,0,0,0,0,0,-0.02,0,0,0,0,0,0,是-商品卡免佣,0.15,义乌市蓓行电子商务商行（个体工商户）,订单结算
2026-04-23 03:08:07,'2026042303080220723305154242,出账,0.01,聚合账户,公益捐款,,'6952039527407556432,'6952039527407556432,,,,,,,普通订单,0,0,0,0,0,0,0,0,0,0,0,0,0,0,0,0,0,0,0,,0,义乌市蓓行电子商务商行（个体工商户）,公益捐款支出|贵州省慈善总会|6952039527407556432
2026-04-23 03:08:10,'2026042303080614303401384242,入账,5.6,聚合账户,货款结算入账,巨量千川,'6952039292007290478,'6952039292007290478,'SS76307258214015470580193,2026-04-13 12:59:43,'3807220077028311460,【超显气质】简约不硌头扭扭夹发夹女2026新款盘发抓夹高级感水钻珠珠一字夹子,,,普通订单,5.89,0,0,0,0,0,0,0,0,0,0,0,-0.29,0,0,0,0,0,0,,0,义乌市蓓行电子商务商行（个体工商户）,订单结算
2026-04-23 03:08:11,'2026042303080623659154194242,入账,2.72,聚合账户,货款结算入账,小店自卖,'6952022961601975570,'6952022961601975570,'SS76306387319674639630110,2026-04-12 22:19:35,'3799969300262028066,复古波点褶皱香蕉夹高级感马尾扭扭竖夹后脑勺显发量横夹发卡发饰,,,普通订单,2.74,0,0,0,0,0,0,0,0,0,0,0,-0.02,0,0,0,0,0,0,是-商品卡免佣,0.15,义乌市蓓行电子商务商行（个体工商户）,订单结算
2026-04-23 03:08:11,'2026042303080632910750994242,出账,0.01,聚合账户,公益捐款,,'6952039292007290478,'6952039292007290478,,,,,,,普通订单,0,0,0,0,0,0,0,0,0,0,0,0,0,0,0,0,0,0,0,,0,义乌市蓓行电子商务商行（个体工商户）,公益捐款支出|贵州省慈善总会|6952039292007290478
2026-04-23 03:08:11,'2026042303080610918136384242,入账,5.15,聚合账户,货款结算入账,小店自卖,'6952023340430464168,'6952023340430464168,'SS76306669695714145740074,2026-04-13 07:22:39,'3801832059815723099,懒人公主头编发夹女前额双层侧边夹子刘海碎发编发发夹鸭嘴夹发卡,,,普通订单,5.18,0,0,0,0,0,0,0,0,0,0,0,-0.03,0,0,0,0,0,0,是-商品卡免佣,0.22,义乌市蓓行电子商务商行（个体工商户）,订单结算
2026-04-23 03:08:11,'2026042303080520398246804242,入账,3.94,聚合账户,货款结算入账,小店自卖,'6925550331779055534,'6925550331779055534,'SS76307502640393917870248,2026-04-13 11:11:59,'3798086633543304014,少女感刘海碎发夹子韩国东大门新款小众设计感头饰炫彩色花朵发夹,,,普通订单,3.96,0,0,0,0,0,0,0,0,0,0,0,-0.02,0,0,0,0,0,0,是-商品卡免佣,0.15,义乌市蓓行电子商务商行（个体工商户）,订单结算
2026-04-23 03:08:11,'2026042303080424292889754242,入账,3.82,聚合账户,货款结算入账,小店自卖,'6925554088584052416,'6925554088584052416,'SS76306667534163315580131,2026-04-12 20:47:47,'3799803177344303392,简约复古超弹高级感头绳韩国东大门咖色磨砂小香风头绳大肠圈日常,,,普通订单,3.84,0,0,0,0,0,0,0,0,0,0,0,-0.02,0,0,0,0,0,0,是-商品卡免佣,0.15,义乌市蓓行电子商务商行（个体工商户）,订单结算
2026-04-23 03:08:11,'2026042303080517916769474242,入账,5.6,聚合账户,货款结算入账,巨量千川,'6952165863371970167,'6952165863371970167,'SS76307597460857331470216,2026-04-17 17:12:50,'3807220077028311460,夏天高级感随手盘发一字扭扭夹水钻抓夹高级发夹扭扭后脑勺盘发器,,,普通订单,5.89,0,0,0,0,0,0,0,0,0,0,0,-0.29,0,0,0,0,0,0,,0,义乌市蓓行电子商务商行（个体工商户）,订单结算
2026-04-23 03:19:13,'2026042303190800895063104242,出账,0.01,聚合账户,公益捐款,,'6925574303556730681,'6925574303556730681,,,,,,,普通订单,0,0,0,0,0,0,0,0,0,0,0,0,0,0,0,0,0,0,0,,0,义乌市蓓行电子商务商行（个体工商户）,公益捐款支出|贵州省慈善总会|6925574303556730681
2026-04-23 03:19:13,'2026042303190833601620984242,出账,0.01,聚合账户,公益捐款,,'6925538295374183921,'6925538295374183921,,,,,,,普通订单,0,0,0,0,0,0,0,0,0,0,0,0,0,0,0,0,0,0,0,,0,义乌市蓓行电子商务商行（个体工商户）,公益捐款支出|贵州省慈善总会|6925538295374183921
2026-04-23 03:19:13,'2026042303191018589294464242,出账,0.01,聚合账户,公益捐款,,'6925559710187093561,'6925559710187093561,,,,,,,普通订单,0,0,0,0,0,0,0,0,0,0,0,0,0,0,0,0,0,0,0,,0,义乌市蓓行电子商务商行（个体工商户）,公益捐款支出|贵州省慈善总会|6925559710187093561
2026-04-23 03:19:14,'2026042303191018668795154242,出账,0.01,聚合账户,公益捐款,,'6952095812289238449,'6952095812289238449,,,,,,,普通订单,0,0,0,0,0,0,0,0,0,0,0,0,0,0,0,0,0,0,0,,0,义乌市蓓行电子商务商行（个体工商户）,公益捐款支出|贵州省慈善总会|6952095812289238449
2026-04-23 03:19:14,'2026042303190831949993384242,出账,0.01,聚合账户,公益捐款,,'6925548852702182444,'6925548852702182444,,,,,,,普通订单,0,0,0,0,0,0,0,0,0,0,0,0,0,0,0,0,0,0,0,,0,义乌市蓓行电子商务商行（个体工商户）,公益捐款支出|贵州省慈善总会|6925548852702182444
2026-04-23 03:19:36,'2026042303192923120287224242,出账,0.01,聚合账户,公益捐款,,'6952031435818407604,'6952031435818407604,,,,,,,普通订单,0,0,0,0,0,0,0,0,0,0,0,0,0,0,0,0,0,0,0,,0,义乌市蓓行电子商务商行（个体工商户）,公益捐款支出|贵州省慈善总会|6952031435818407604
2026-04-23 03:19:36,'2026042303192934659415564242,出账,0.01,聚合账户,公益捐款,,'6925557255508950605,'6925557255508950605,,,,,,,普通订单,0,0,0,0,0,0,0,0,0,0,0,0,0,0,0,0,0,0,0,,0,义乌市蓓行电子商务商行（个体工商户）,公益捐款支出|贵州省慈善总会|6925557255508950605
2026-04-23 03:19:37,'2026042303193107892342164242,出账,0.01,聚合账户,公益捐款,,'6952136635770410649,'6952136635770410649,,,,,,,普通订单,0,0,0,0,0,0,0,0,0,0,0,0,0,0,0,0,0,0,0,,0,义乌市蓓行电子商务商行（个体工商户）,公益捐款支出|贵州省慈善总会|6952136635770410649
2026-04-23 03:19:37,'2026042303193103063198914242,出账,0.01,聚合账户,公益捐款,,'6952019001180493361,'6952019001180493361,,,,,,,普通订单,0,0,0,0,0,0,0,0,0,0,0,0,0,0,0,0,0,0,0,,0,义乌市蓓行电子商务商行（个体工商户）,公益捐款支出|贵州省慈善总会|6952019001180493361
2026-04-23 03:19:37,'2026042303193115785331294242,出账,0.01,聚合账户,公益捐款,,'6952007609509025004,'6952007609509025004,,,,,,,普通订单,0,0,0,0,0,0,0,0,0,0,0,0,0,0,0,0,0,0,0,,0,义乌市蓓行电子商务商行（个体工商户）,公益捐款支出|贵州省慈善总会|6952007609509025004
2026-04-23 03:19:58,'2026042303195212300460064242,出账,0.01,聚合账户,公益捐款,,'6925599502381186823,'6925599502381186823,,,,,,,普通订单,0,0,0,0,0,0,0,0,0,0,0,0,0,0,0,0,0,0,0,,0,义乌市蓓行电子商务商行（个体工商户）,公益捐款支出|贵州省慈善总会|6925599502381186823
2026-04-23 03:19:58,'2026042303195133652577684242,出账,0.01,聚合账户,公益捐款,,'6925636145050254501,'6925636145050254501,,,,,,,普通订单,0,0,0,0,0,0,0,0,0,0,0,0,0,0,0,0,0,0,0,,0,义乌市蓓行电子商务商行（个体工商户）,公益捐款支出|贵州省慈善总会|6925636145050254501
2026-04-23 03:19:58,'2026042303195400599700584242,出账,0.01,聚合账户,公益捐款,,'6925632862798118506,'6925632862798118506,,,,,,,普通订单,0,0,0,0,0,0,0,0,0,0,0,0,0,0,0,0,0,0,0,,0,义乌市蓓行电子商务商行（个体工商户）,公益捐款支出|贵州省慈善总会|6925632862798118506
2026-04-23 03:19:58,'2026042303195400842511774242,出账,0.01,聚合账户,公益捐款,,'6952028421622142662,'6952028421622142662,,,,,,,普通订单,0,0,0,0,0,0,0,0,0,0,0,0,0,0,0,0,0,0,0,,0,义乌市蓓行电子商务商行（个体工商户）,公益捐款支出|贵州省慈善总会|6952028421622142662
2026-04-23 03:19:59,'2026042303195238345116504242,出账,0.01,聚合账户,公益捐款,,'6952154574098535663,'6952154574098535663,,,,,,,普通订单,0,0,0,0,0,0,0,0,0,0,0,0,0,0,0,0,0,0,0,,0,义乌市蓓行电子商务商行（个体工商户）,公益捐款支出|贵州省慈善总会|6952154574098535663
2026-04-23 03:20:03,'2026042303195729206983784242,出账,0.01,聚合账户,公益捐款,,'6925545541877792064,'6925545541877792064,,,,,,,普通订单,0,0,0,0,0,0,0,0,0,0,0,0,0,0,0,0,0,0,0,,0,义乌市蓓行电子商务商行（个体工商户）,公益捐款支出|贵州省慈善总会|6925545541877792064
2026-04-23 03:20:03,'2026042303195813896463794242,出账,0.01,聚合账户,公益捐款,,'6925560380708322904,'6925560380708322904,,,,,,,普通订单,0,0,0,0,0,0,0,0,0,0,0,0,0,0,0,0,0,0,0,,0,义乌市蓓行电子商务商行（个体工商户）,公益捐款支出|贵州省慈善总会|6925560380708322904
2026-04-23 03:20:03,'2026042303195618928809224242,出账,0.01,聚合账户,公益捐款,,'6925553917256826702,'6925553917256826702,,,,,,,普通订单,0,0,0,0,0,0,0,0,0,0,0,0,0,0,0,0,0,0,0,,0,义乌市蓓行电子商务商行（个体工商户）,公益捐款支出|贵州省慈善总会|6925553917256826702
2026-04-23 03:20:03,'2026042303195434405750274242,出账,0.01,聚合账户,公益捐款,,'6952025986220890022,'6952025986220890022,,,,,,,普通订单,0,0,0,0,0,0,0,0,0,0,0,0,0,0,0,0,0,0,0,,0,义乌市蓓行电子商务商行（个体工商户）,公益捐款支出|贵州省慈善总会|6952025986220890022
2026-04-23 03:20:10,'2026042303200501777671744242,出账,0.01,聚合账户,公益捐款,,'6952057970354230588,'6952057970354230588,,,,,,,普通订单,0,0,0,0,0,0,0,0,0,0,0,0,0,0,0,0,0,0,0,,0,义乌市蓓行电子商务商行（个体工商户）,公益捐款支出|贵州省慈善总会|6952057970354230588
2026-04-23 03:20:10,'2026042303200522198525704242,出账,0.01,聚合账户,公益捐款,,'6925687773788274066,'6925687773788274066,,,,,,,普通订单,0,0,0,0,0,0,0,0,0,0,0,0,0,0,0,0,0,0,0,,0,义乌市蓓行电子商务商行（个体工商户）,公益捐款支出|贵州省慈善总会|6925687773788274066
2026-04-23 03:20:11,'2026042303200341191224844242,出账,0.01,聚合账户,公益捐款,,'6952011633265284425,'6952011633265284425,,,,,,,普通订单,0,0,0,0,0,0,0,0,0,0,0,0,0,0,0,0,0,0,0,,0,义乌市蓓行电子商务商行（个体工商户）,公益捐款支出|贵州省慈善总会|6952011633265284425
2026-04-23 03:20:11,'2026042303200433578399124242,出账,0.01,聚合账户,公益捐款,,'6925565024566541708,'6925565024566541708,,,,,,,普通订单,0,0,0,0,0,0,0,0,0,0,0,0,0,0,0,0,0,0,0,,0,义乌市蓓行电子商务商行（个体工商户）,公益捐款支出|贵州省慈善总会|6925565024566541708
2026-04-23 03:20:11,'2026042303200436119186384242,出账,0.01,聚合账户,公益捐款,,'6925673902714354706,'6925673902714354706,,,,,,,普通订单,0,0,0,0,0,0,0,0,0,0,0,0,0,0,0,0,0,0,0,,0,义乌市蓓行电子商务商行（个体工商户）,公益捐款支出|贵州省慈善总会|6925673902714354706
2026-04-23 03:20:18,'2026042303201411913464704242,出账,0.01,聚合账户,公益捐款,,'6925667395808624505,'6925667395808624505,,,,,,,普通订单,0,0,0,0,0,0,0,0,0,0,0,0,0,0,0,0,0,0,0,,0,义乌市蓓行电子商务商行（个体工商户）,公益捐款支出|贵州省慈善总会|6925667395808624505
2026-04-23 03:25:34,'2026042303252909409170384242,出账,0.01,聚合账户,公益捐款,,'6925691879912078802,'6925691879912078802,,,,,,,普通订单,0,0,0,0,0,0,0,0,0,0,0,0,0,0,0,0,0,0,0,,0,义乌市蓓行电子商务商行（个体工商户）,公益捐款支出|贵州省慈善总会|6925691879912078802
2026-04-23 03:25:35,'2026042303252912346657664242,出账,0.01,聚合账户,公益捐款,,'6952024788452185761,'6952024788452185761,,,,,,,普通订单,0,0,0,0,0,0,0,0,0,0,0,0,0,0,0,0,0,0,0,,0,义乌市蓓行电子商务商行（个体工商户）,公益捐款支出|贵州省慈善总会|6952024788452185761
2026-04-23 03:25:35,'2026042303253136534400104242,出账,0.01,聚合账户,公益捐款,,'6952080049365128923,'6952080049365128923,,,,,,,普通订单,0,0,0,0,0,0,0,0,0,0,0,0,0,0,0,0,0,0,0,,0,义乌市蓓行电子商务商行（个体工商户）,公益捐款支出|贵州省慈善总会|6952080049365128923
2026-04-23 03:25:35,'2026042303252720416269434242,出账,0.01,聚合账户,公益捐款,,'6925567951372123805,'6925567951372123805,,,,,,,普通订单,0,0,0,0,0,0,0,0,0,0,0,0,0,0,0,0,0,0,0,,0,义乌市蓓行电子商务商行（个体工商户）,公益捐款支出|贵州省慈善总会|6925567951372123805
2026-04-23 03:25:35,'2026042303252908059827724242,出账,0.01,聚合账户,公益捐款,,'6952016692277810603,'6952016692277810603,,,,,,,普通订单,0,0,0,0,0,0,0,0,0,0,0,0,0,0,0,0,0,0,0,,0,义乌市蓓行电子商务商行（个体工商户）,公益捐款支出|贵州省慈善总会|6952016692277810603
2026-04-23 03:26:34,'2026042303263000869053704242,出账,0.01,聚合账户,公益捐款,,'6952022787920827520,'6952022787920827520,,,,,,,普通订单,0,0,0,0,0,0,0,0,0,0,0,0,0,0,0,0,0,0,0,,0,义乌市蓓行电子商务商行（个体工商户）,公益捐款支出|贵州省慈善总会|6952022787920827520
2026-04-23 03:26:34,'2026042303262711380821004242,出账,0.01,聚合账户,公益捐款,,'6925689986813755283,'6925689986813755283,,,,,,,普通订单,0,0,0,0,0,0,0,0,0,0,0,0,0,0,0,0,0,0,0,,0,义乌市蓓行电子商务商行（个体工商户）,公益捐款支出|贵州省慈善总会|6925689986813755283
2026-04-23 03:26:34,'2026042303262905370519384242,出账,0.01,聚合账户,公益捐款,,'6925706855713635965,'6925706855713635965,,,,,,,普通订单,0,0,0,0,0,0,0,0,0,0,0,0,0,0,0,0,0,0,0,,0,义乌市蓓行电子商务商行（个体工商户）,公益捐款支出|贵州省慈善总会|6925706855713635965
2026-04-23 03:26:34,'2026042303262807940841054242,出账,0.01,聚合账户,公益捐款,,'6952028304001602808,'6952028304001602808,,,,,,,普通订单,0,0,0,0,0,0,0,0,0,0,0,0,0,0,0,0,0,0,0,,0,义乌市蓓行电子商务商行（个体工商户）,公益捐款支出|贵州省慈善总会|6952028304001602808
2026-04-23 03:26:35,'2026042303262919381171604242,出账,0.01,聚合账户,公益捐款,,'6925570022050266721,'6925570022050266721,,,,,,,普通订单,0,0,0,0,0,0,0,0,0,0,0,0,0,0,0,0,0,0,0,,0,义乌市蓓行电子商务商行（个体工商户）,公益捐款支出|贵州省慈善总会|6925570022050266721
2026-04-23 03:26:44,'2026042303263806669973004242,出账,0.01,聚合账户,公益捐款,,'6952023340430464168,'6952023340430464168,,,,,,,普通订单,0,0,0,0,0,0,0,0,0,0,0,0,0,0,0,0,0,0,0,,0,义乌市蓓行电子商务商行（个体工商户）,公益捐款支出|贵州省慈善总会|6952023340430464168
2026-04-23 03:26:45,'2026042303263827107661144242,出账,0.01,聚合账户,公益捐款,,'6952165863371970167,'6952165863371970167,,,,,,,普通订单,0,0,0,0,0,0,0,0,0,0,0,0,0,0,0,0,0,0,0,,0,义乌市蓓行电子商务商行（个体工商户）,公益捐款支出|贵州省慈善总会|6952165863371970167
2026-04-23 03:28:32,'2026042303282803653312064242,出账,0.01,聚合账户,公益捐款,,'6952153323967223095,'6952153323967223095,,,,,,,普通订单,0,0,0,0,0,0,0,0,0,0,0,0,0,0,0,0,0,0,0,,0,义乌市蓓行电子商务商行（个体工商户）,公益捐款支出|贵州省慈善总会|6952153323967223095
2026-04-23 03:28:32,'2026042303282620729863744242,出账,0.01,聚合账户,公益捐款,,'6925670830111489850,'6925670830111489850,,,,,,,普通订单,0,0,0,0,0,0,0,0,0,0,0,0,0,0,0,0,0,0,0,,0,义乌市蓓行电子商务商行（个体工商户）,公益捐款支出|贵州省慈善总会|6925670830111489850
2026-04-23 03:28:32,'2026042303282516534123874242,出账,0.01,聚合账户,公益捐款,,'6952028406053738372,'6952028406053738372,,,,,,,普通订单,0,0,0,0,0,0,0,0,0,0,0,0,0,0,0,0,0,0,0,,0,义乌市蓓行电子商务商行（个体工商户）,公益捐款支出|贵州省慈善总会|6952028406053738372
2026-04-23 03:28:33,'2026042303282725389468594242,出账,0.01,聚合账户,公益捐款,,'6925551905729969854,'6925551905729969854,,,,,,,普通订单,0,0,0,0,0,0,0,0,0,0,0,0,0,0,0,0,0,0,0,,0,义乌市蓓行电子商务商行（个体工商户）,公益捐款支出|贵州省慈善总会|6925551905729969854
2026-04-23 03:28:33,'2026042303282800226596244242,出账,0.01,聚合账户,公益捐款,,'6925546754380037492,'6925546754380037492,,,,,,,普通订单,0,0,0,0,0,0,0,0,0,0,0,0,0,0,0,0,0,0,0,,0,义乌市蓓行电子商务商行（个体工商户）,公益捐款支出|贵州省慈善总会|6925546754380037492
2026-04-23 03:34:39,'2026042303343617165071824242,出账,0.01,聚合账户,公益捐款,,'6951648150498973415,'6951648150498973415,,,,,,,普通订单,0,0,0,0,0,0,0,0,0,0,0,0,0,0,0,0,0,0,0,,0,义乌市蓓行电子商务商行（个体工商户）,公益捐款支出|贵州省慈善总会|6951648150498973415
2026-04-23 03:34:40,'2026042303343614773947404242,出账,0.01,聚合账户,公益捐款,,'6925540882492325176,'6925540882492325176,,,,,,,普通订单,0,0,0,0,0,0,0,0,0,0,0,0,0,0,0,0,0,0,0,,0,义乌市蓓行电子商务商行（个体工商户）,公益捐款支出|贵州省慈善总会|6925540882492325176
2026-04-23 03:34:40,'2026042303343424174146924242,出账,0.01,聚合账户,公益捐款,,'6925685478959513014,'6925685478959513014,,,,,,,普通订单,0,0,0,0,0,0,0,0,0,0,0,0,0,0,0,0,0,0,0,,0,义乌市蓓行电子商务商行（个体工商户）,公益捐款支出|贵州省慈善总会|6925685478959513014
2026-04-23 03:34:40,'2026042303343723197332674242,出账,0.01,聚合账户,公益捐款,,'6952132621675271699,'6952132621675271699,,,,,,,普通订单,0,0,0,0,0,0,0,0,0,0,0,0,0,0,0,0,0,0,0,,0,义乌市蓓行电子商务商行（个体工商户）,公益捐款支出|贵州省慈善总会|6952132621675271699
2026-04-23 03:34:40,'2026042303343719465221754242,出账,0.01,聚合账户,公益捐款,,'6925683637139111612,'6925683637139111612,,,,,,,普通订单,0,0,0,0,0,0,0,0,0,0,0,0,0,0,0,0,0,0,0,,0,义乌市蓓行电子商务商行（个体工商户）,公益捐款支出|贵州省慈善总会|6925683637139111612
2026-04-23 03:34:40,'2026042303343730662006304242,出账,0.01,聚合账户,公益捐款,,'6952185160581256890,'6952185160581256890,,,,,,,普通订单,0,0,0,0,0,0,0,0,0,0,0,0,0,0,0,0,0,0,0,,0,义乌市蓓行电子商务商行（个体工商户）,公益捐款支出|贵州省慈善总会|6952185160581256890
2026-04-23 03:34:40,'2026042303343531571195294242,出账,0.01,聚合账户,公益捐款,,'6952071189144803016,'6952071189144803016,,,,,,,普通订单,0,0,0,0,0,0,0,0,0,0,0,0,0,0,0,0,0,0,0,,0,义乌市蓓行电子商务商行（个体工商户）,公益捐款支出|贵州省慈善总会|6952071189144803016
2026-04-23 03:34:40,'2026042303343635954527244242,出账,0.01,聚合账户,公益捐款,,'6925538554283065010,'6925538554283065010,,,,,,,普通订单,0,0,0,0,0,0,0,0,0,0,0,0,0,0,0,0,0,0,0,,0,义乌市蓓行电子商务商行（个体工商户）,公益捐款支出|贵州省慈善总会|6925538554283065010
2026-04-23 03:34:40,'2026042303343808431252904242,出账,0.01,聚合账户,公益捐款,,'6925554088584052416,'6925554088584052416,,,,,,,普通订单,0,0,0,0,0,0,0,0,0,0,0,0,0,0,0,0,0,0,0,,0,义乌市蓓行电子商务商行（个体工商户）,公益捐款支出|贵州省慈善总会|6925554088584052416
2026-04-23 03:34:41,'2026042303343630674335354242,出账,0.01,聚合账户,公益捐款,,'6952032534701479774,'6952032534701479774,,,,,,,普通订单,0,0,0,0,0,0,0,0,0,0,0,0,0,0,0,0,0,0,0,,0,义乌市蓓行电子商务商行（个体工商户）,公益捐款支出|贵州省慈善总会|6952032534701479774
2026-04-23 03:34:55,'2026042303345104660272994242,出账,0.01,聚合账户,公益捐款,,'6925550331779055534,'6925550331779055534,,,,,,,普通订单,0,0,0,0,0,0,0,0,0,0,0,0,0,0,0,0,0,0,0,,0,义乌市蓓行电子商务商行（个体工商户）,公益捐款支出|贵州省慈善总会|6925550331779055534
2026-04-23 03:35:24,'2026042303352033806792144242,出账,0.01,聚合账户,公益捐款,,'6925557725223877738,'6925557725223877738,,,,,,,普通订单,0,0,0,0,0,0,0,0,0,0,0,0,0,0,0,0,0,0,0,,0,义乌市蓓行电子商务商行（个体工商户）,公益捐款支出|贵州省慈善总会|6925557725223877738
2026-04-23 03:35:25,'2026042303351901069102234242,出账,0.01,聚合账户,公益捐款,,'6952030513557280494,'6952030513557280494,,,,,,,普通订单,0,0,0,0,0,0,0,0,0,0,0,0,0,0,0,0,0,0,0,,0,义乌市蓓行电子商务商行（个体工商户）,公益捐款支出|贵州省慈善总会|6952030513557280494
2026-04-23 03:35:25,'2026042303352011460818274242,出账,0.01,聚合账户,公益捐款,,'6952029829753935333,'6952029829753935333,,,,,,,普通订单,0,0,0,0,0,0,0,0,0,0,0,0,0,0,0,0,0,0,0,,0,义乌市蓓行电子商务商行（个体工商户）,公益捐款支出|贵州省慈善总会|6952029829753935333
2026-04-23 03:35:25,'2026042303352029246103444242,出账,0.01,聚合账户,公益捐款,,'6925428663528029498,'6925428663528029498,,,,,,,普通订单,0,0,0,0,0,0,0,0,0,0,0,0,0,0,0,0,0,0,0,,0,义乌市蓓行电子商务商行（个体工商户）,公益捐款支出|贵州省慈善总会|6925428663528029498
2026-04-23 03:35:26,'2026042303352200297541124242,出账,0.01,聚合账户,公益捐款,,'6925546483728809571,'6925546483728809571,,,,,,,普通订单,0,0,0,0,0,0,0,0,0,0,0,0,0,0,0,0,0,0,0,,0,义乌市蓓行电子商务商行（个体工商户）,公益捐款支出|贵州省慈善总会|6925546483728809571
2026-04-23 03:35:36,'2026042303353137547545604242,出账,0.01,聚合账户,公益捐款,,'6925536163728423977,'6925536163728423977,,,,,,,普通订单,0,0,0,0,0,0,0,0,0,0,0,0,0,0,0,0,0,0,0,,0,义乌市蓓行电子商务商行（个体工商户）,公益捐款支出|贵州省慈善总会|6925536163728423977
2026-04-23 03:35:36,'2026042303353231848371614242,出账,0.01,聚合账户,公益捐款,,'6925557069906804213,'6925557069906804213,,,,,,,普通订单,0,0,0,0,0,0,0,0,0,0,0,0,0,0,0,0,0,0,0,,0,义乌市蓓行电子商务商行（个体工商户）,公益捐款支出|贵州省慈善总会|6925557069906804213
2026-04-23 03:35:36,'2026042303353309020874654242,出账,0.01,聚合账户,公益捐款,,'6952031918459852055,'6952031918459852055,,,,,,,普通订单,0,0,0,0,0,0,0,0,0,0,0,0,0,0,0,0,0,0,0,,0,义乌市蓓行电子商务商行（个体工商户）,公益捐款支出|贵州省慈善总会|6952031918459852055
2026-04-23 03:35:36,'2026042303353314513938354242,出账,0.01,聚合账户,公益捐款,,'6952020671175201815,'6952020671175201815,,,,,,,普通订单,0,0,0,0,0,0,0,0,0,0,0,0,0,0,0,0,0,0,0,,0,义乌市蓓行电子商务商行（个体工商户）,公益捐款支出|贵州省慈善总会|6952020671175201815
2026-04-23 03:35:37,'2026042303353402311337374242,出账,0.01,聚合账户,公益捐款,,'6925549805934640174,'6925549805934640174,,,,,,,普通订单,0,0,0,0,0,0,0,0,0,0,0,0,0,0,0,0,0,0,0,,0,义乌市蓓行电子商务商行（个体工商户）,公益捐款支出|贵州省慈善总会|6925549805934640174
2026-04-23 03:35:51,'2026042303354808478067264242,出账,0.01,聚合账户,公益捐款,,'6951625483000157254,'6951625483000157254,,,,,,,普通订单,0,0,0,0,0,0,0,0,0,0,0,0,0,0,0,0,0,0,0,,0,义乌市蓓行电子商务商行（个体工商户）,公益捐款支出|贵州省慈善总会|6951625483000157254
2026-04-23 03:35:51,'2026042303354813773381504242,出账,0.01,聚合账户,公益捐款,,'6925548078539439770,'6925548078539439770,,,,,,,普通订单,0,0,0,0,0,0,0,0,0,0,0,0,0,0,0,0,0,0,0,,0,义乌市蓓行电子商务商行（个体工商户）,公益捐款支出|贵州省慈善总会|6925548078539439770
2026-04-23 03:35:51,'2026042303354813631534144242,出账,0.01,聚合账户,公益捐款,,'6952138923323233972,'6952138923323233972,,,,,,,普通订单,0,0,0,0,0,0,0,0,0,0,0,0,0,0,0,0,0,0,0,,0,义乌市蓓行电子商务商行（个体工商户）,公益捐款支出|贵州省慈善总会|6952138923323233972
2026-04-23 03:35:51,'2026042303354717328747924242,出账,0.01,聚合账户,公益捐款,,'6952163247001835412,'6952163247001835412,,,,,,,普通订单,0,0,0,0,0,0,0,0,0,0,0,0,0,0,0,0,0,0,0,,0,义乌市蓓行电子商务商行（个体工商户）,公益捐款支出|贵州省慈善总会|6952163247001835412
2026-04-23 03:35:52,'2026042303354724796247394242,出账,0.01,聚合账户,公益捐款,,'6925540224856063058,'6925540224856063058,,,,,,,普通订单,0,0,0,0,0,0,0,0,0,0,0,0,0,0,0,0,0,0,0,,0,义乌市蓓行电子商务商行（个体工商户）,公益捐款支出|贵州省慈善总会|6925540224856063058
2026-04-23 03:37:06,'2026042303370326341870234242,出账,0.01,聚合账户,公益捐款,,'6925592088310611125,'6925592088310611125,,,,,,,普通订单,0,0,0,0,0,0,0,0,0,0,0,0,0,0,0,0,0,0,0,,0,义乌市蓓行电子商务商行（个体工商户）,公益捐款支出|贵州省慈善总会|6925592088310611125
2026-04-23 03:37:06,'2026042303370326229481234242,出账,0.01,聚合账户,公益捐款,,'6952110400539792401,'6952110400539792401,,,,,,,普通订单,0,0,0,0,0,0,0,0,0,0,0,0,0,0,0,0,0,0,0,,0,义乌市蓓行电子商务商行（个体工商户）,公益捐款支出|贵州省慈善总会|6952110400539792401
2026-04-23 03:37:07,'2026042303370300976532864242,出账,0.01,聚合账户,公益捐款,,'6952016241985132160,'6952016241985132160,,,,,,,普通订单,0,0,0,0,0,0,0,0,0,0,0,0,0,0,0,0,0,0,0,,0,义乌市蓓行电子商务商行（个体工商户）,公益捐款支出|贵州省慈善总会|6952016241985132160
2026-04-23 03:37:07,'2026042303370338261888344242,出账,0.01,聚合账户,公益捐款,,'6925601907139378803,'6925601907139378803,,,,,,,普通订单,0,0,0,0,0,0,0,0,0,0,0,0,0,0,0,0,0,0,0,,0,义乌市蓓行电子商务商行（个体工商户）,公益捐款支出|贵州省慈善总会|6925601907139378803
2026-04-23 03:37:09,'2026042303370626803079954242,出账,0.01,聚合账户,公益捐款,,'6925549523938999562,'6925549523938999562,,,,,,,普通订单,0,0,0,0,0,0,0,0,0,0,0,0,0,0,0,0,0,0,0,,0,义乌市蓓行电子商务商行（个体工商户）,公益捐款支出|贵州省慈善总会|6925549523938999562
2026-04-23 03:37:09,'2026042303370625807101704242,出账,0.01,聚合账户,公益捐款,,'6952023498413511848,'6952023498413511848,,,,,,,普通订单,0,0,0,0,0,0,0,0,0,0,0,0,0,0,0,0,0,0,0,,0,义乌市蓓行电子商务商行（个体工商户）,公益捐款支出|贵州省慈善总会|6952023498413511848
2026-04-23 03:37:09,'2026042303370606754309274242,出账,0.01,聚合账户,公益捐款,,'6925545582778220126,'6925545582778220126,,,,,,,普通订单,0,0,0,0,0,0,0,0,0,0,0,0,0,0,0,0,0,0,0,,0,义乌市蓓行电子商务商行（个体工商户）,公益捐款支出|贵州省慈善总会|6925545582778220126
2026-04-23 03:37:09,'2026042303370520987087874242,出账,0.01,聚合账户,公益捐款,,'6952069162764473844,'6952069162764473844,,,,,,,普通订单,0,0,0,0,0,0,0,0,0,0,0,0,0,0,0,0,0,0,0,,0,义乌市蓓行电子商务商行（个体工商户）,公益捐款支出|贵州省慈善总会|6952069162764473844
2026-04-23 03:37:10,'2026042303370641827863394242,出账,0.01,聚合账户,公益捐款,,'6925680702916361407,'6925680702916361407,,,,,,,普通订单,0,0,0,0,0,0,0,0,0,0,0,0,0,0,0,0,0,0,0,,0,义乌市蓓行电子商务商行（个体工商户）,公益捐款支出|贵州省慈善总会|6925680702916361407
2026-04-23 03:37:19,'2026042303371622524889984242,出账,0.01,聚合账户,公益捐款,,'6952013992398361648,'6952013992398361648,,,,,,,普通订单,0,0,0,0,0,0,0,0,0,0,0,0,0,0,0,0,0,0,0,,0,义乌市蓓行电子商务商行（个体工商户）,公益捐款支出|贵州省慈善总会|6952013992398361648
2026-04-23 03:37:19,'2026042303371621738665474242,出账,0.01,聚合账户,公益捐款,,'6952166841280042525,'6952166841280042525,,,,,,,普通订单,0,0,0,0,0,0,0,0,0,0,0,0,0,0,0,0,0,0,0,,0,义乌市蓓行电子商务商行（个体工商户）,公益捐款支出|贵州省慈善总会|6952166841280042525
2026-04-23 03:37:20,'2026042303371705163092574242,出账,0.01,聚合账户,公益捐款,,'6925551901292789480,'6925551901292789480,,,,,,,普通订单,0,0,0,0,0,0,0,0,0,0,0,0,0,0,0,0,0,0,0,,0,义乌市蓓行电子商务商行（个体工商户）,公益捐款支出|贵州省慈善总会|6925551901292789480
2026-04-23 03:37:20,'2026042303371605036652024242,出账,0.01,聚合账户,公益捐款,,'6952027598314673328,'6952027598314673328,,,,,,,普通订单,0,0,0,0,0,0,0,0,0,0,0,0,0,0,0,0,0,0,0,,0,义乌市蓓行电子商务商行（个体工商户）,公益捐款支出|贵州省慈善总会|6952027598314673328
2026-04-23 03:37:20,'2026042303371604286717844242,出账,0.01,聚合账户,公益捐款,,'6925416447373704528,'6925416447373704528,,,,,,,普通订单,0,0,0,0,0,0,0,0,0,0,0,0,0,0,0,0,0,0,0,,0,义乌市蓓行电子商务商行（个体工商户）,公益捐款支出|贵州省慈善总会|6925416447373704528
2026-04-23 03:38:21,'2026042303381825424696684242,出账,0.01,聚合账户,公益捐款,,'6952022961601975570,'6952022961601975570,,,,,,,普通订单,0,0,0,0,0,0,0,0,0,0,0,0,0,0,0,0,0,0,0,,0,义乌市蓓行电子商务商行（个体工商户）,公益捐款支出|贵州省慈善总会|6952022961601975570
2026-04-23 03:46:27,'2026042303462209237673224242,出账,0.01,聚合账户,公益捐款,,'6925659063525932382,'6925659063525932382,,,,,,,普通订单,0,0,0,0,0,0,0,0,0,0,0,0,0,0,0,0,0,0,0,,0,义乌市蓓行电子商务商行（个体工商户）,公益捐款支出|贵州省慈善总会|6925659063525932382
2026-04-23 03:46:29,'2026042303462404572285944242,出账,0.01,聚合账户,公益捐款,,'6925673439712804023,'6925673439712804023,,,,,,,普通订单,0,0,0,0,0,0,0,0,0,0,0,0,0,0,0,0,0,0,0,,0,义乌市蓓行电子商务商行（个体工商户）,公益捐款支出|贵州省慈善总会|6925673439712804023
2026-04-23 03:46:29,'2026042303462329832197664242,出账,0.01,聚合账户,公益捐款,,'6925596950464593828,'6925596950464528292,,,,,,,普通订单,0,0,0,0,0,0,0,0,0,0,0,0,0,0,0,0,0,0,0,,0,义乌市蓓行电子商务商行（个体工商户）,公益捐款支出|贵州省慈善总会|6925596950464593828
2026-04-23 03:46:31,'2026042303462702447941184242,出账,0.01,聚合账户,公益捐款,,'6951958627939784021,'6951958627939784021,,,,,,,普通订单,0,0,0,0,0,0,0,0,0,0,0,0,0,0,0,0,0,0,0,,0,义乌市蓓行电子商务商行（个体工商户）,公益捐款支出|贵州省慈善总会|6951958627939784021
2026-04-23 03:46:31,'2026042303462512429396744242,出账,0.01,聚合账户,公益捐款,,'6925569840187473828,'6925569840187473828,,,,,,,普通订单,0,0,0,0,0,0,0,0,0,0,0,0,0,0,0,0,0,0,0,,0,义乌市蓓行电子商务商行（个体工商户）,公益捐款支出|贵州省慈善总会|6925569840187473828
2026-04-23 03:46:32,'2026042303462622106977704242,出账,0.01,聚合账户,公益捐款,,'6925543219295517826,'6925543219295517826,,,,,,,普通订单,0,0,0,0,0,0,0,0,0,0,0,0,0,0,0,0,0,0,0,,0,义乌市蓓行电子商务商行（个体工商户）,公益捐款支出|贵州省慈善总会|6925543219295517826
2026-04-23 03:46:33,'2026042303462706000522584242,出账,0.01,聚合账户,公益捐款,,'6925557981879631781,'6925557981879631781,,,,,,,普通订单,0,0,0,0,0,0,0,0,0,0,0,0,0,0,0,0,0,0,0,,0,义乌市蓓行电子商务商行（个体工商户）,公益捐款支出|贵州省慈善总会|6925557981879631781
2026-04-23 03:46:33,'2026042303462904450104414242,出账,0.01,聚合账户,公益捐款,,'6952030143029908782,'6952030143029908782,,,,,,,普通订单,0,0,0,0,0,0,0,0,0,0,0,0,0,0,0,0,0,0,0,,0,义乌市蓓行电子商务商行（个体工商户）,公益捐款支出|贵州省慈善总会|6952030143029908782
2026-04-23 03:46:36,'2026042303463032215577664242,出账,0.01,聚合账户,公益捐款,,'6952028114643392227,'6952028114643392227,,,,,,,普通订单,0,0,0,0,0,0,0,0,0,0,0,0,0,0,0,0,0,0,0,,0,义乌市蓓行电子商务商行（个体工商户）,公益捐款支出|贵州省慈善总会|6952028114643392227
2026-04-23 05:19:41,'2026042305193405938219944242,入账,3.7,聚合账户,货款结算入账,巨量千川,'6925555728398188039,'6925555728398188039,'SS76306605971277952090079,2026-04-12 20:46:55,'3807220077028311460,【超显气质】简约不硌头扭扭夹发夹女2026新款盘发抓夹高级感水钻珠珠一字夹子,,,普通订单,3.89,0,0,0,0,0,0,0,0,0,0,0,-0.19,0,0,0,0,0,0,,0,义乌市蓓行电子商务商行（个体工商户）,订单结算
2026-04-23 05:19:41,'2026042305193603780943624242,入账,4.65,聚合账户,货款结算入账,巨量千川,'6952137015754626298,'6952137015754626298,'SS76307599390147709500051,2026-04-17 17:21:33,'3792402691087532393,女韩版橡皮筋高弹力新款发绳简约可爱头绳发圈无扎痕头饰高级发饰,,,普通订单,4.9,0,0,0,0,0,0,0,0,0,0,0,-0.25,0,0,0,0,0,0,,0,义乌市蓓行电子商务商行（个体工商户）,订单结算
2026-04-23 05:19:41,'2026042305193622571420584242,入账,5.85,聚合账户,货款结算入账,小店自卖,'6925555625815014690,'6925555625815014690,'SS76306428800842143140161,2026-04-12 20:14:51,'3806450410181492737,防臭拖鞋男士夏季外穿2026新款厚底室内家居EVA 静音踩屎感凉拖鞋,,,普通订单,5.89,0,0,0,0,0,0,0,0,0,0,0,-0.04,0,0,0,0,0,0,是-商品卡免佣,0.29,义乌市蓓行电子商务商行（个体工商户）,订单结算
2026-04-23 05:19:41,'2026042305193627436160434242,入账,3.7,聚合账户,货款结算入账,巨量千川,'6925539698792430619,'6925539698792430619,'SS76307374069479672660128,2026-04-12 15:41:16,'3811112236538265926,【超值特惠】古风高级感发夹女2026新款网红后脑抓夹发量少专用水钻一字扭扭夹,,,普通订单,3.89,0,0,0,0,0,0,0,0,0,0,0,-0.19,0,0,0,0,0,0,,0,义乌市蓓行电子商务商行（个体工商户）,订单结算
2026-04-23 05:19:41,'2026042305193611789808704242,入账,3.54,聚合账户,货款结算入账,小店自卖,'6925559872545848674,'6925559872545848674,'SS76307409121252150170179,2026-04-13 14:19:17,'3801832059815723099,懒人公主头编发夹女前额双层侧边夹子刘海碎发编发发夹鸭嘴夹发卡,,,普通订单,3.56,0,0,0,0,0,0,0,0,0,0,0,-0.02,0,0,0,0,0,0,是-商品卡免佣,0.15,义乌市蓓行电子商务商行（个体工商户）,订单结算
2026-04-23 05:20:02,'2026042305195727388810764242,出账,0.01,聚合账户,公益捐款,,'6952137015754626298,'6952137015754626298,,,,,,,普通订单,0,0,0,0,0,0,0,0,0,0,0,0,0,0,0,0,0,0,0,,0,义乌市蓓行电子商务商行（个体工商户）,公益捐款支出|贵州省慈善总会|6952137015754626298
2026-04-23 05:20:03,'2026042305195729409654114242,出账,0.01,聚合账户,公益捐款,,'6925555625815014690,'6925555625815014690,,,,,,,普通订单,0,0,0,0,0,0,0,0,0,0,0,0,0,0,0,0,0,0,0,,0,义乌市蓓行电子商务商行（个体工商户）,公益捐款支出|贵州省慈善总会|6925555625815014690
2026-04-23 05:20:03,'2026042305195639812303884242,出账,0.01,聚合账户,公益捐款,,'6925539698792430619,'6925539698792430619,,,,,,,普通订单,0,0,0,0,0,0,0,0,0,0,0,0,0,0,0,0,0,0,0,,0,义乌市蓓行电子商务商行（个体工商户）,公益捐款支出|贵州省慈善总会|6925539698792430619
2026-04-23 05:21:43,'2026042305213919840251154242,入账,6.55,聚合账户,货款结算入账,小店自卖,'6925570052990205138,'6925570052990205138,'SS76307258109994928730046,2026-04-13 13:54:53,'3811112236538265926,【超值特惠】古风高级感发夹女2026新款网红后脑抓夹发量少专用水钻一字扭扭夹,,,普通订单,6.89,0,0,0,0,0,0,0,0,0,0,0,-0.34,0,0,0,0,0,0,,0,义乌市蓓行电子商务商行（个体工商户）,订单结算
2026-04-23 05:21:43,'2026042305213807005970444242,入账,4.65,聚合账户,货款结算入账,巨量千川,'6952022933571704287,'6952022933571704287,'SS76306408501371868160012,2026-04-12 22:20:49,'3792402691087532393,【小众高级感】高颜值彩色豆豆发圈头绳扎头发马尾丸子头高弹力橡皮筋不伤发发绳,,,普通订单,4.9,0,0,0,0,0,0,0,0,0,0,0,-0.25,0,0,0,0,0,0,,0,义乌市蓓行电子商务商行（个体工商户）,订单结算
2026-04-23 05:21:43,'2026042305213900673554074242,入账,4.65,聚合账户,货款结算入账,巨量千川,'6952032918212646017,'6952032918212646017,'SS76307445881600128520172,2026-04-13 15:06:27,'3792402691087532393,【小众高级感】高颜值彩色豆豆发圈头绳扎头发马尾丸子头高弹力橡皮筋不伤发发绳,,,普通订单,4.9,0,0,0,0,0,0,0,0,0,0,0,-0.25,0,0,0,0,0,0,,0,义乌市蓓行电子商务商行（个体工商户）,订单结算
2026-04-23 05:21:43,'2026042305213909823851614242,入账,3.29,聚合账户,货款结算入账,小店自卖,'6925549055134104978,'6925549055134104978,'SS76306419589903485700226,2026-04-12 20:43:56,'3807220077028311460,夏天高级感随手盘发一字扭扭夹水钻抓夹高级发夹扭扭后脑勺盘发器,,,普通订单,3.31,0,0,0,0,0,0,0,0,0,0,0,-0.02,0,0,0,0,0,0,是-商品卡免佣,0.15,义乌市蓓行电子商务商行（个体工商户）,订单结算
2026-04-23 05:21:43,'2026042305213633108505704242,入账,8.49,聚合账户,货款结算入账,小店自卖,'6925549906985319837,'6925549906985319837,'SS76306592520613240380149,2026-04-13 06:34:43,'3807250008697339947,蓝咖格子大肠发圈蓝色韩系新款复古四层头发丸子马尾高级头绳发饰,,,普通订单,8.54,0,0,0,0,0,0,0,0,0,0,0,-0.05,0,0,0,0,0,0,是-商品卡免佣,0.37,义乌市蓓行电子商务商行（个体工商户）,订单结算
2026-04-23 05:21:44,'2026042305213835384899064242,出账,0.01,聚合账户,公益捐款,,'6925549055134104978,'6925549055134104978,,,,,,,普通订单,0,0,0,0,0,0,0,0,0,0,0,0,0,0,0,0,0,0,0,,0,义乌市蓓行电子商务商行（个体工商户）,公益捐款支出|贵州省慈善总会|6925549055134104978
2026-04-23 05:21:44,'2026042305213731387814594242,出账,0.01,聚合账户,公益捐款,,'6925570052990205138,'6925570052990205138,,,,,,,普通订单,0,0,0,0,0,0,0,0,0,0,0,0,0,0,0,0,0,0,0,,0,义乌市蓓行电子商务商行（个体工商户）,公益捐款支出|贵州省慈善总会|6925570052990205138
2026-04-23 05:21:45,'2026042305213921446495124242,出账,0.01,聚合账户,公益捐款,,'6952032918212646017,'6952032918212646017,,,,,,,普通订单,0,0,0,0,0,0,0,0,0,0,0,0,0,0,0,0,0,0,0,,0,义乌市蓓行电子商务商行（个体工商户）,公益捐款支出|贵州省慈善总会|6952032918212646017
2026-04-23 05:21:56,'2026042305214814779190114242,入账,5.6,聚合账户,货款结算入账,巨量千川,'6952147309632165755,'6952147309632165755,'SS76308252308938757120095,2026-04-17 08:39:53,'3807220077028311460,夏天高级感随手盘发一字扭扭夹水钻抓夹高级发夹扭扭后脑勺盘发器,,,普通订单,5.89,0,0,0,0,0,0,0,0,0,0,0,-0.29,0,0,0,0,0,0,,0,义乌市蓓行电子商务商行（个体工商户）,订单结算
2026-04-23 05:21:56,'2026042305215129654715224242,入账,2.89,聚合账户,货款结算入账,小店自卖,'6952019510002325223,'6952019510002325223,'SS76307406037180096100171,2026-04-13 14:35:31,'3805708033615593705,咖色磨砂抓夹大号发夹女2026年新款后脑勺发量多鲨鱼夹子发卡头饰,,,普通订单,0.01,0,0,0,0,0,0,0,2.9,0,0,0,-0.02,0,0,0,0,0,0,是-商品卡免佣,0.15,义乌市蓓行电子商务商行（个体工商户）,订单结算
2026-04-23 05:21:56,'2026042305215136580237144242,入账,3.47,聚合账户,货款结算入账,小店自卖,'6952039000048801061,'6952039000048801061,'SS76307149433565355790186,2026-04-13 09:48:15,'3808133588478722554,简约头绳2026新款珍珠大肠发圈橡皮筋女扎头发优雅皮套高级感发圈,,,普通订单,3.49,0,0,0,0,0,0,0,0,0,0,0,-0.02,0,0,0,0,0,0,是-商品卡免佣,0.15,义乌市蓓行电子商务商行（个体工商户）,订单结算
2026-04-23 05:21:56,'2026042305215012508859234242,入账,3.41,聚合账户,货款结算入账,小店自卖,'6952016173881169506,'6952016173881169506,'SS76306667187890755190105,2026-04-12 20:15:17,'3797708663444079011,贵气时尚发量多鲨鱼夹小众原创红色金标南瓜抓夹女新款加厚发夹子,,,普通订单,3.43,0,0,0,0,0,0,0,0,0,0,0,-0.02,0,0,0,0,0,0,是-商品卡免佣,0.15,义乌市蓓行电子商务商行（个体工商户）,订单结算
2026-04-23 05:21:56,'2026042305215015320031104242,入账,3.7,聚合账户,货款结算入账,巨量千川,'6925555849162031052,'6925555849162031052,'SS76306608876360179600229,2026-04-12 21:26:06,'3807220077028311460,【超显气质】简约不硌头扭扭夹发夹女2026新款盘发抓夹高级感水钻珠珠一字夹子,,,普通订单,0.01,0,0,0,0,0,0,0,0,3.88,0,0,-0.19,0,0,0,0,0,0,,0,义乌市蓓行电子商务商行（个体工商户）,订单结算
2026-04-23 05:21:57,'2026042305215134275494814242,出账,0.01,聚合账户,公益捐款,,'6925555849162031052,'6925555849162031052,,,,,,,普通订单,0,0,0,0,0,0,0,0,0,0,0,0,0,0,0,0,0,0,0,,0,义乌市蓓行电子商务商行（个体工商户）,公益捐款支出|贵州省慈善总会|6925555849162031052
2026-04-23 05:22:49,'2026042305224421518095774242,入账,6.96,聚合账户,货款结算入账,小店自卖,'6925665620469120068,'6925665620469120068,'SS76306820371501883150001,2026-04-17 20:29:45,'3798263450837320143,儿童是兔子警官可爱兔子帽子发夹边夹侧边发卡女卡通甜美拍照道具,,,普通订单,7,0,0,0,0,0,0,0,0,0,0,0,-0.04,0,0,0,0,0,0,是-商品卡免佣,0.29,义乌市蓓行电子商务商行（个体工商户）,订单结算
2026-04-23 05:22:49,'2026042305224414265922754242,入账,3.7,聚合账户,货款结算入账,小店自卖,'6925541997001998001,'6925541997001998001,'SS76306604464300528980035,2026-04-12 17:36:45,'3811112236538265926,【超值特惠】古风高级感发夹女2026新款网红后脑抓夹发量少专用水钻一字扭扭夹,,,普通订单,3.89,0,0,0,0,0,0,0,0,0,0,0,-0.19,0,0,0,0,0,0,,0,义乌市蓓行电子商务商行（个体工商户）,订单结算
2026-04-23 05:22:49,'2026042305224402124846434242,入账,2.72,聚合账户,货款结算入账,小店自卖,'6952029155379778921,'6952029155379778921,'SS76306385025558984080158,2026-04-12 18:11:28,'3799969300262028066,复古波点褶皱香蕉夹高级感马尾扭扭竖夹后脑勺显发量横夹发卡发饰,,,普通订单,2.74,0,0,0,0,0,0,0,0,0,0,0,-0.02,0,0,0,0,0,0,是-商品卡免佣,0.15,义乌市蓓行电子商务商行（个体工商户）,订单结算
2026-04-23 05:22:49,'2026042305224405397755294242,入账,6.55,聚合账户,货款结算入账,巨量千川,'6925558833233624356,'6925558833233624356,'SS76306669312148278280236,2026-04-13 06:31:15,'3807220077028311460,【超显气质】简约不硌头扭扭夹发夹女2026新款盘发抓夹高级感水钻珠珠一字夹子,,,普通订单,6.89,0,0,0,0,0,0,0,0,0,0,0,-0.34,0,0,0,0,0,0,,0,义乌市蓓行电子商务商行（个体工商户）,订单结算
2026-04-23 05:22:49,'2026042305224426849490114242,入账,7.84,聚合账户,货款结算入账,小店自卖,'6925612561257626797,'6925612561257626797,'SS76307800263209618010034,2026-04-15 10:17:35,'3807385665038057791,韩式设计抓夹叶片麦穗鲨鱼新款夹百搭高级发卡后脑勺发抓超值头饰,,,普通订单,7.89,0,0,0,0,0,0,0,0,0,0,0,-0.05,0,0,0,0,0,0,是-商品卡免佣,0.37,义乌市蓓行电子商务商行（个体工商户）,订单结算
2026-04-23 05:28:23,'2026042305281818296343454242,入账,8.49,聚合账户,货款结算入账,小店自卖,'6925549890996764061,'6925549890996764061,'SS76306592460136002900137,2026-04-13 06:35:37,'3807250008697339947,蓝咖格子大肠发圈蓝色韩系新款复古四层头发丸子马尾高级头绳发饰,,,普通订单,8.54,0,0,0,0,0,0,0,0,0,0,0,-0.05,0,0,0,0,0,0,是-商品卡免佣,0.37,义乌市蓓行电子商务商行（个体工商户）,订单结算
2026-04-23 05:28:23,'2026042305281829028846714242,入账,3.7,聚合账户,货款结算入账,巨量千川,'6925542452989361844,'6925542452989361844,'SS76306605945005020510047,2026-04-12 20:59:15,'3811112236538265926,【超值特惠】古风高级感发夹女2026新款网红后脑抓夹发量少专用水钻一字扭扭夹,,,普通订单,3.89,0,0,0,0,0,0,0,0,0,0,0,-0.19,0,0,0,0,0,0,,0,义乌市蓓行电子商务商行（个体工商户）,订单结算
2026-04-23 05:28:23,'2026042305281732813921714242,入账,4.34,聚合账户,货款结算入账,小店自卖,'6952036271239075137,'6952036271239075137,'SS76306669405546952020019,2026-04-12 23:16:13,'3797358013866705284,美拉德咖色波浪高颅顶发箍女款日常外戴头箍带齿防滑洗脸压发发卡,,,普通订单,4.37,0,0,0,0,0,0,0,0,0,0,0,-0.03,0,0,0,0,0,0,是-商品卡免佣,0.22,义乌市蓓行电子商务商行（个体工商户）,订单结算
2026-04-23 05:28:23,'2026042305281731387530674242,入账,3.7,聚合账户,货款结算入账,巨量千川,'6925685218285092513,'6925685218285092513,'SS76307815854676096060200,2026-04-18 05:24:03,'3807220077028311460,新中式发饰高级感扭扭夹随手盘发一字夹水钻抓夹后脑勺发夹盘发器,,,普通订单,3.89,0,0,0,0,0,0,0,0,0,0,0,-0.19,0,0,0,0,0,0,,0,义乌市蓓行电子商务商行（个体工商户）,订单结算
2026-04-23 05:28:23,'2026042305281810452180894242,入账,4.18,聚合账户,货款结算入账,精选联盟,'6952091246700664715,'6952091246700664715,'SS76307349902509020500043,2026-04-15 12:27:28,'3798263450837320143,儿童是兔子警官可爱兔子帽子发夹边夹侧边发卡女卡通甜美拍照道具,'0,,普通订单,4.43,0,0,0,0,0,0,0,0,0,0,0,-0.03,0,0,0,0,-0.22,0,是-商品卡免佣,0.22,义乌市蓓行电子商务商行（个体工商户）,订单结算
2026-04-23 05:28:24,'2026042305281535948959264242,出账,0.01,聚合账户,公益捐款,,'6952036271239075137,'6952036271239075137,,,,,,,普通订单,0,0,0,0,0,0,0,0,0,0,0,0,0,0,0,0,0,0,0,,0,义乌市蓓行电子商务商行（个体工商户）,公益捐款支出|贵州省慈善总会|6952036271239075137
2026-04-23 05:28:56,'2026042305285126241152464242,入账,4.87,聚合账户,货款结算入账,小店自卖,'6925567793093181071,'6925567793093181071,'SS76306571883409743990110,2026-04-13 15:39:10,'3805708033615593705,咖色磨砂抓夹大号发夹女2026年新款后脑勺发量多鲨鱼夹子发卡头饰,,,普通订单,4.9,0,0,0,0,0,0,0,0,0,0,0,-0.03,0,0,0,0,0,0,是-商品卡免佣,0.22,义乌市蓓行电子商务商行（个体工商户）,订单结算
2026-04-23 05:28:56,'2026042305285122075848184242,入账,3.7,聚合账户,货款结算入账,巨量千川,'6925679974092472182,'6925679974092472182,'SS76308095509386696060176,2026-04-18 12:57:56,'3807220077028311460,新中式发饰高级感扭扭夹随手盘发一字夹水钻抓夹后脑勺发夹盘发器,,,普通订单,3.89,0,0,0,0,0,0,0,0,0,0,0,-0.19,0,0,0,0,0,0,,0,义乌市蓓行电子商务商行（个体工商户）,订单结算
2026-04-23 05:28:56,'2026042305285211327739314242,入账,3.82,聚合账户,货款结算入账,小店自卖,'6952027753914111118,'6952027753914111118,'SS76306669702364575220057,2026-04-12 23:57:11,'3805708033615593705,咖色磨砂抓夹大号发夹女2026年新款后脑勺发量多鲨鱼夹子发卡头饰,,,普通订单,3.84,0,0,0,0,0,0,0,0,0,0,0,-0.02,0,0,0,0,0,0,是-商品卡免佣,0.15,义乌市蓓行电子商务商行（个体工商户）,订单结算
2026-04-23 05:28:56,'2026042305285221353270224242,入账,5.48,聚合账户,货款结算入账,小店自卖,'6925694686381047361,'6925694686381047361,'SS76308099667855488520182,2026-04-18 13:52:40,'3799803177344303392,简约复古超弹高级感头绳韩国东大门咖色磨砂小香风头绳大肠圈日常,,,普通订单,5.51,0,0,0,0,0,0,0,0,0,0,0,-0.03,0,0,0,0,0,0,是-商品卡免佣,0.22,义乌市蓓行电子商务商行（个体工商户）,订单结算
2026-04-23 05:28:56,'2026042305285114651602464242,入账,5.15,聚合账户,货款结算入账,小店自卖,'6952029061702358999,'6952029061702358999,'SS76306665830283556360119,2026-04-12 17:10:41,'3801832059815723099,懒人公主头编发夹女前额双层侧边夹子刘海碎发编发发夹鸭嘴夹发卡,,,普通订单,5.18,0,0,0,0,0,0,0,0,0,0,0,-0.03,0,0,0,0,0,0,是-商品卡免佣,0.22,义乌市蓓行电子商务商行（个体工商户）,订单结算
2026-04-23 05:30:10,'2026042305300401189481154242,入账,5.6,聚合账户,货款结算入账,巨量千川,'6925567558862339390,'6925567558862339390,'SS76307258079120921940090,2026-04-13 14:04:26,'3807220077028311460,【超显气质】简约不硌头扭扭夹发夹女2026新款盘发抓夹高级感水钻珠珠一字夹子,,,普通订单,5.89,0,0,0,0,0,0,0,0,0,0,0,-0.29,0,0,0,0,0,0,,0,义乌市蓓行电子商务商行（个体工商户）,订单结算
2026-04-23 05:30:10,'2026042305300619764191354242,入账,2.83,聚合账户,货款结算入账,小店自卖,'6925569938724716350,'6925569938724716350,'SS76307123715518182550134,2026-04-13 12:49:31,'3799803177344303392,简约复古超弹高级感头绳韩国东大门咖色磨砂小香风头绳大肠圈日常,,,普通订单,2.85,0,0,0,0,0,0,0,0,0,0,0,-0.02,0,0,0,0,0,0,是-商品卡免佣,0.15,义乌市蓓行电子商务商行（个体工商户）,订单结算
2026-04-23 05:30:10,'2026042305300701607764894242,入账,6.2,聚合账户,货款结算入账,小店自卖,'6925561804067012006,'6925561804067012006,'SS76306844457455784960161,2026-04-13 13:07:18,'3807250008697339947,蓝咖格子大肠发圈蓝色韩系新款复古四层头发丸子马尾高级头绳发饰,,,普通订单,6.24,0,0,0,0,0,0,0,0,0,0,0,-0.04,0,0,0,0,0,0,是-商品卡免佣,0.29,义乌市蓓行电子商务商行（个体工商户）,订单结算
2026-04-23 05:30:10,'2026042305300630955279774242,入账,4.4,聚合账户,货款结算入账,小店自卖,'6925558614728342977,'6925558614728342977,'SS76306669643821058650070,2026-04-12 23:52:14,'3798263450837320143,儿童是兔子警官可爱兔子帽子发夹边夹侧边发卡女卡通甜美拍照道具,,,普通订单,4.43,0,0,0,0,0,0,0,0,0,0,0,-0.03,0,0,0,0,0,0,是-商品卡免佣,0.22,义乌市蓓行电子商务商行（个体工商户）,订单结算
2026-04-23 05:30:10,'2026042305300527948485644242,入账,5.15,聚合账户,货款结算入账,小店自卖,'6952018274451264802,'6952018274451264802,'SS76306667547048676200030,2026-04-12 20:59:00,'3801832059815723099,懒人公主头编发夹女前额双层侧边夹子刘海碎发编发发夹鸭嘴夹发卡,,,普通订单,5.18,0,0,0,0,0,0,0,0,0,0,0,-0.03,0,0,0,0,0,0,是-商品卡免佣,0.22,义乌市蓓行电子商务商行（个体工商户）,订单结算
2026-04-23 05:30:11,'2026042305300700264320384242,出账,0.01,聚合账户,公益捐款,,'6925558614728342977,'6925558614728342977,,,,,,,普通订单,0,0,0,0,0,0,0,0,0,0,0,0,0,0,0,0,0,0,0,,0,义乌市蓓行电子商务商行（个体工商户）,公益捐款支出|贵州省慈善总会|6925558614728342977
2026-04-23 05:30:24,'2026042305302040184553484242,入账,4.92,聚合账户,货款结算入账,小店自卖,'6952149063080154688,'6952149063080154688,'SS76308006466182192990137,2026-04-18 10:16:49,'3801832059815723099,懒人公主头编发夹女前额双层侧边夹子刘海碎发编发发夹鸭嘴夹发卡,,,普通订单,5.18,0,0,0,0,0,0,0,0,0,0,0,-0.26,0,0,0,0,0,0,,0,义乌市蓓行电子商务商行（个体工商户）,订单结算
2026-04-23 05:30:24,'2026042305301939440758184242,入账,3.7,聚合账户,货款结算入账,巨量千川,'6925556676067556904,'6925556676067556904,'SS76306669867143498330038,2026-04-13 08:28:03,'3807220077028311460,【超显气质】简约不硌头扭扭夹发夹女2026新款盘发抓夹高级感水钻珠珠一字夹子,,,普通订单,3.89,0,0,0,0,0,0,0,0,0,0,0,-0.19,0,0,0,0,0,0,,0,义乌市蓓行电子商务商行（个体工商户）,订单结算
2026-04-23 05:30:24,'2026042305301825591319454242,入账,3.7,聚合账户,货款结算入账,巨量千川,'6925572130513386728,'6925572130513386728,'SS76307371464724198550034,2026-04-13 12:05:53,'3807220077028311460,【超显气质】简约不硌头扭扭夹发夹女2026新款盘发抓夹高级感水钻珠珠一字夹子,,,普通订单,3.89,0,0,0,0,0,0,0,0,0,0,0,-0.19,0,0,0,0,0,0,,0,义乌市蓓行电子商务商行（个体工商户）,订单结算
2026-04-23 05:30:24,'2026042305302100589010344242,入账,5.15,聚合账户,货款结算入账,小店自卖,'6925553991374896608,'6925553991374896608,'SS76306667297910295400220,2026-04-12 20:22:51,'3801832059815723099,懒人公主头编发夹女前额双层侧边夹子刘海碎发编发发夹鸭嘴夹发卡,,,普通订单,5.18,0,0,0,0,0,0,0,0,0,0,0,-0.03,0,0,0,0,0,0,是-商品卡免佣,0.22,义乌市蓓行电子商务商行（个体工商户）,订单结算
2026-04-23 05:30:24,'2026042305302028912852484242,入账,5.6,聚合账户,货款结算入账,巨量千川,'6952153520481572713,'6952153520481572713,'SS76307465559050488860027,2026-04-18 01:05:00,'3807220077028311460,新中式发饰高级感扭扭夹随手盘发一字夹水钻抓夹后脑勺发夹盘发器,,,普通订单,5.89,0,0,0,0,0,0,0,0,0,0,0,-0.29,0,0,0,0,0,0,,0,义乌市蓓行电子商务商行（个体工商户）,订单结算
2026-04-23 05:30:37,'2026042305303230775096704242,入账,5.6,聚合账户,货款结算入账,巨量千川,'6925569995151080712,'6925569995151080712,'SS76307258021785444350173,2026-04-13 13:18:19,'3811112236538265926,【超值特惠】古风高级感发夹女2026新款网红后脑抓夹发量少专用水钻一字扭扭夹,,,普通订单,5.89,0,0,0,0,0,0,0,0,0,0,0,-0.29,0,0,0,0,0,0,,0,义乌市蓓行电子商务商行（个体工商户）,订单结算
2026-04-23 05:30:37,'2026042305303407424456194242,入账,4.87,聚合账户,货款结算入账,小店自卖,'6952078281206469855,'6952078281206469855,'SS76306240905892869620211,2026-04-15 11:28:26,'3805708033615593705,咖色磨砂抓夹大号发夹女2026年新款后脑勺发量多鲨鱼夹子发卡头饰,,,普通订单,4.9,0,0,0,0,0,0,0,0,0,0,0,-0.03,0,0,0,0,0,0,是-商品卡免佣,0.22,义乌市蓓行电子商务商行（个体工商户）,订单结算
2026-04-23 05:30:37,'2026042305303309906757224242,入账,3.7,聚合账户,货款结算入账,巨量千川,'6925569644052905140,'6925569644052905140,'SS76307372837015762010214,2026-04-13 11:12:57,'3807220077028311460,【超显气质】简约不硌头扭扭夹发夹女2026新款盘发抓夹高级感水钻珠珠一字夹子,,,普通订单,2.89,0,0,0,0,0,0,0,1,0,0,0,-0.19,0,0,0,0,0,0,,0,义乌市蓓行电子商务商行（个体工商户）,订单结算
2026-04-23 05:30:37,'2026042305303328862592004242,入账,3.7,聚合账户,货款结算入账,巨量千川,'6952151555407419072,'6952151555407419072,'SS76307700455888002910069,2026-04-18 14:01:12,'3807220077028311460,新中式发饰高级感扭扭夹随手盘发一字夹水钻抓夹后脑勺发夹盘发器,,,普通订单,3.89,0,0,0,0,0,0,0,0,0,0,0,-0.19,0,0,0,0,0,0,,0,义乌市蓓行电子商务商行（个体工商户）,订单结算
2026-04-23 05:30:37,'2026042305303500378639744242,入账,4.54,聚合账户,货款结算入账,小店自卖,'6925679535757361120,'6925679535757361120,'SS76307934441521487860174,2026-04-18 09:28:45,'3807230150731497890,可爱小狗抓夹卡通高级2026新款后脑勺盘发鲨鱼夹中号发量发夹发饰,,,普通订单,4.57,0,0,0,0,0,0,0,0,0,0,0,-0.03,0,0,0,0,0,0,是-商品卡免佣,0.22,义乌市蓓行电子商务商行（个体工商户）,订单结算
2026-04-23 05:30:37,'2026042305303326390410704242,入账,3.2,聚合账户,货款结算入账,小店自卖,'6925543114636492566,'6925543114636492566,'SS76306607175995399780016,2026-04-13 02:44:47,'3811112236538265926,古风高级感发夹女2026新款网红后脑抓夹发量少专用水钻一字扭扭夹,,,普通订单,3.37,0,0,0,0,0,0,0,0,0,0,0,-0.17,0,0,0,0,0,0,,0,义乌市蓓行电子商务商行（个体工商户）,订单结算
2026-04-23 05:30:37,'2026042305303220148231944242,入账,5.6,聚合账户,货款结算入账,巨量千川,'6925548853526821979,'6925548853526821979,'SS76306666602488182270212,2026-04-12 19:03:40,'3807220077028311460,【超显气质】简约不硌头扭扭夹发夹女2026新款盘发抓夹高级感水钻珠珠一字夹子,,,普通订单,5.89,0,0,0,0,0,0,0,0,0,0,0,-0.29,0,0,0,0,0,0,,0,义乌市蓓行电子商务商行（个体工商户）,订单结算
2026-04-23 05:30:37,'2026042305303305291871244242,入账,2.86,聚合账户,货款结算入账,小店自卖,'6952029528037463486,'6952029528037463486,'SS76306666988879590490110,2026-04-12 21:55:40,'3799223013136794088,低马尾发饰红色格纹花朵发圈儿童秋冬植绒发绳可爱卡通丸子头皮筋,,,普通订单,2.88,0,0,0,0,0,0,0,0,0,0,0,-0.02,0,0,0,0,0,0,是-商品卡免佣,0.15,义乌市蓓行电子商务商行（个体工商户）,订单结算
2026-04-23 05:30:37,'2026042305303500377656704242,入账,4.87,聚合账户,货款结算入账,小店自卖,'6925540753341971780,'6925540753341971780,'SS76306669360433728340142,2026-04-12 23:12:45,'3805708033615593705,咖色磨砂抓夹大号发夹女2026年新款后脑勺发量多鲨鱼夹子发卡头饰,,,普通订单,4.9,0,0,0,0,0,0,0,0,0,0,0,-0.03,0,0,0,0,0,0,是-商品卡免佣,0.22,义乌市蓓行电子商务商行（个体工商户）,订单结算
2026-04-23 05:30:37,'2026042305303240819596954242,入账,3.82,聚合账户,货款结算入账,小店自卖,'6952024764613268974,'6952024764613268974,'SS76306667118900229500043,2026-04-12 20:13:22,'3799803177344303392,简约复古超弹高级感头绳韩国东大门咖色磨砂小香风头绳大肠圈日常,,,普通订单,3.84,0,0,0,0,0,0,0,0,0,0,0,-0.02,0,0,0,0,0,0,是-商品卡免佣,0.15,义乌市蓓行电子商务商行（个体工商户）,订单结算
2026-04-23 05:30:38,'2026042305303217576594304242,出账,0.01,聚合账户,公益捐款,,'6925548853526821979,'6925548853526821979,,,,,,,普通订单,0,0,0,0,0,0,0,0,0,0,0,0,0,0,0,0,0,0,0,,0,义乌市蓓行电子商务商行（个体工商户）,公益捐款支出|贵州省慈善总会|6925548853526821979
2026-04-23 05:30:38,'2026042305303327614743564242,出账,0.01,聚合账户,公益捐款,,'6952078281206469855,'6952078281206469855,,,,,,,普通订单,0,0,0,0,0,0,0,0,0,0,0,0,0,0,0,0,0,0,0,,0,义乌市蓓行电子商务商行（个体工商户）,公益捐款支出|贵州省慈善总会|6952078281206469855
2026-04-23 05:30:38,'2026042305303338676116574242,出账,0.01,聚合账户,公益捐款,,'6952024764613268974,'6952024764613268974,,,,,,,普通订单,0,0,0,0,0,0,0,0,0,0,0,0,0,0,0,0,0,0,0,,0,义乌市蓓行电子商务商行（个体工商户）,公益捐款支出|贵州省慈善总会|6952024764613268974
2026-04-23 05:30:52,'2026042305304726976095184242,入账,5.8,聚合账户,货款结算入账,小店自卖,'6925558901933571809,'6925558901933571809,'SS76306669661769403420180,2026-04-13 07:24:06,'3807230150731497890,可爱小狗抓夹卡通高级2026新款后脑勺盘发鲨鱼夹中号发量发夹发饰,,,普通订单,5.84,0,0,0,0,0,0,0,0,0,0,0,-0.04,0,0,0,0,0,0,是-商品卡免佣,0.29,义乌市蓓行电子商务商行（个体工商户）,订单结算
2026-04-23 05:30:52,'2026042305304818756574814242,入账,3.7,聚合账户,货款结算入账,巨量千川,'6952106638707922643,'6952106638707922643,'SS76307685762235277210067,2026-04-16 19:03:22,'3792402691087532393,女韩版橡皮筋高弹力新款发绳简约可爱头绳发圈无扎痕头饰高级发饰,,,普通订单,2.9,0,0,1,0,0,0,0,0,0,0,0,-0.2,0,0,0,0,0,0,,0,义乌市蓓行电子商务商行（个体工商户）,订单结算
2026-04-23 05:30:52,'2026042305304708612749184242,入账,3.27,聚合账户,货款结算入账,小店自卖,'6952007360837391710,'6952007360837391710,'SS76306667490896775870033,2026-04-12 20:57:39,'3807250008697339947,蓝咖格子大肠发圈蓝色韩系新款复古四层头发丸子马尾高级头绳发饰,,,普通订单,0.31,0,0,3.13,0,0,0,0,0,0,0,0,-0.17,0,0,0,0,0,0,,0,义乌市蓓行电子商务商行（个体工商户）,订单结算
2026-04-23 05:30:52,'2026042305304810621752584242,入账,2.75,聚合账户,货款结算入账,巨量千川,'6925617702725647471,'6925617702725647471,'SS76308269841722253060189,2026-04-15 18:52:17,'3792402691087532393,女韩版橡皮筋高弹力新款发绳简约可爱头绳发圈无扎痕头饰高级发饰,,,普通订单,0.01,0,0,2.89,0,0,0,0,0,0,0,0,-0.15,0,0,0,0,0,0,,0,义乌市蓓行电子商务商行（个体工商户）,订单结算
2026-04-23 05:30:52,'2026042305304818336363794242,入账,3.7,聚合账户,货款结算入账,巨量千川,'6952025648875050118,'6952025648875050118,'SS76307018231938913660202,2026-04-13 10:04:43,'3807220077028311460,【超显气质】简约不硌头扭扭夹发夹女2026新款盘发抓夹高级感水钻珠珠一字夹子,,,普通订单,3.89,0,0,0,0,0,0,0,0,0,0,0,-0.19,0,0,0,0,0,0,,0,义乌市蓓行电子商务商行（个体工商户）,订单结算
2026-04-23 05:31:07,'2026042305310328914202024242,入账,3.82,聚合账户,货款结算入账,小店自卖,'6952022735621592668,'6952022735621592668,'SS76306667658230505370077,2026-04-12 20:59:27,'3799803177344303392,简约复古超弹高级感头绳韩国东大门咖色磨砂小香风头绳大肠圈日常,,,普通订单,3.84,0,0,0,0,0,0,0,0,0,0,0,-0.02,0,0,0,0,0,0,是-商品卡免佣,0.15,义乌市蓓行电子商务商行（个体工商户）,订单结算
2026-04-23 05:31:07,'2026042305310414820357484242,入账,5.57,聚合账户,货款结算入账,小店自卖,'6952075237183591890,'6952075237183591890,'SS76307961673665743630194,2026-04-15 04:39:13,'3798263450837320143,儿童是兔子警官可爱兔子帽子发夹边夹侧边发卡女卡通甜美拍照道具,,,普通订单,5.6,0,0,0,0,0,0,0,0,0,0,0,-0.03,0,0,0,0,0,0,是-商品卡免佣,0.22,义乌市蓓行电子商务商行（个体工商户）,订单结算
2026-04-23 05:31:07,'2026042305310338008591464242,入账,5.6,聚合账户,货款结算入账,巨量千川,'6925557835087576505,'6925557835087576505,'SS76306666694599647230245,2026-04-12 19:30:13,'3807220077028311460,【超显气质】简约不硌头扭扭夹发夹女2026新款盘发抓夹高级感水钻珠珠一字夹子,,,普通订单,5.89,0,0,0,0,0,0,0,0,0,0,0,-0.29,0,0,0,0,0,0,,0,义乌市蓓行电子商务商行（个体工商户）,订单结算
2026-04-23 05:31:07,'2026042305310331250846984242,入账,3.7,聚合账户,货款结算入账,巨量千川,'6925574258373328321,'6925574258373328321,'SS76307373987961779600223,2026-04-13 14:09:19,'3811112236538265926,【超值特惠】古风高级感发夹女2026新款网红后脑抓夹发量少专用水钻一字扭扭夹,,,普通订单,3.89,0,0,0,0,0,0,0,0,0,0,0,-0.19,0,0,0,0,0,0,,0,义乌市蓓行电子商务商行（个体工商户）,订单结算
2026-04-23 05:31:07,'2026042305310306598494984242,入账,3.7,聚合账户,货款结算入账,巨量千川,'6925552660361346306,'6925552660361346306,'SS76307372953938993040056,2026-04-13 08:40:19,'3807220077028311460,【超显气质】简约不硌头扭扭夹发夹女2026新款盘发抓夹高级感水钻珠珠一字夹子,,,普通订单,3.89,0,0,0,0,0,0,0,0,0,0,0,-0.19,0,0,0,0,0,0,,0,义乌市蓓行电子商务商行（个体工商户）,订单结算
2026-04-23 05:31:08,'2026042305310424329753794242,出账,0.01,聚合账户,公益捐款,,'6952075237183591890,'6952075237183591890,,,,,,,普通订单,0,0,0,0,0,0,0,0,0,0,0,0,0,0,0,0,0,0,0,,0,义乌市蓓行电子商务商行（个体工商户）,公益捐款支出|贵州省慈善总会|6952075237183591890
2026-04-23 05:31:25,'2026042305312036583675144242,入账,3.54,聚合账户,货款结算入账,小店自卖,'6925553579425628104,'6925553579425628104,'SS76306665845121070490114,2026-04-12 17:15:01,'3801832059815723099,懒人公主头编发夹女前额双层侧边夹子刘海碎发编发发夹鸭嘴夹发卡,,,普通订单,3.56,0,0,0,0,0,0,0,0,0,0,0,-0.02,0,0,0,0,0,0,是-商品卡免佣,0.15,义乌市蓓行电子商务商行（个体工商户）,订单结算
2026-04-23 05:31:25,'2026042305312109144082194242,入账,4.65,聚合账户,货款结算入账,小店自卖,'6952009621245662653,'6952009621245662653,'SS76306667732868797900001,2026-04-12 21:17:33,'3805708033615593705,咖色磨砂抓夹大号发夹女2026年新款后脑勺发量多鲨鱼夹子发卡头饰,,,普通订单,4.68,0,0,0,0,0,0,0,0,0,0,0,-0.03,0,0,0,0,0,0,是-商品卡免佣,0.22,义乌市蓓行电子商务商行（个体工商户）,订单结算
2026-04-23 05:31:25,'2026042305312103528627474242,入账,3.7,聚合账户,货款结算入账,巨量千川,'6925687617939537213,'6925687617939537213,'SS76307598319306022490044,2026-04-18 06:54:53,'3807220077028311460,新中式发饰高级感扭扭夹随手盘发一字夹水钻抓夹后脑勺发夹盘发器,,,普通订单,3.89,0,0,0,0,0,0,0,0,0,0,0,-0.19,0,0,0,0,0,0,,0,义乌市蓓行电子商务商行（个体工商户）,订单结算
2026-04-23 05:31:25,'2026042305311940884803024242,出账,0.01,聚合账户,公益捐款,,'6952009621245662653,'6952009621245662653,,,,,,,普通订单,0,0,0,0,0,0,0,0,0,0,0,0,0,0,0,0,0,0,0,,0,义乌市蓓行电子商务商行（个体工商户）,公益捐款支出|贵州省慈善总会|6952009621245662653
2026-04-23 05:31:25,'2026042305312138643840384242,入账,5.48,聚合账户,货款结算入账,小店自卖,'6925547133757127809,'6925547133757127809,'SS76306668965266273380213,2026-04-12 22:58:27,'3799803177344303392,简约复古超弹高级感头绳韩国东大门咖色磨砂小香风头绳大肠圈日常,,,普通订单,5.51,0,0,0,0,0,0,0,0,0,0,0,-0.03,0,0,0,0,0,0,是-商品卡免佣,0.22,义乌市蓓行电子商务商行（个体工商户）,订单结算
2026-04-23 05:31:25,'2026042305312039896681054242,入账,3.7,聚合账户,货款结算入账,巨量千川,'6925670743942463049,'6925670743942463049,'SS76308045206551928380181,2026-04-18 06:09:53,'3807220077028311460,新中式发饰高级感扭扭夹随手盘发一字夹水钻抓夹后脑勺发夹盘发器,,,普通订单,3.89,0,0,0,0,0,0,0,0,0,0,0,-0.19,0,0,0,0,0,0,,0,义乌市蓓行电子商务商行（个体工商户）,订单结算
2026-04-23 05:31:26,'2026042305312108984991064242,出账,0.01,聚合账户,公益捐款,,'6925687617939537213,'6925687617939537213,,,,,,,普通订单,0,0,0,0,0,0,0,0,0,0,0,0,0,0,0,0,0,0,0,,0,义乌市蓓行电子商务商行（个体工商户）,公益捐款支出|贵州省慈善总会|6925687617939537213
2026-04-23 05:31:37,'2026042305313427644441704242,入账,5.15,聚合账户,货款结算入账,小店自卖,'6952029324927834007,'6952029324927834007,'SS76306667133673640960131,2026-04-12 20:22:05,'3801832059815723099,懒人公主头编发夹女前额双层侧边夹子刘海碎发编发发夹鸭嘴夹发卡,,,普通订单,5.18,0,0,0,0,0,0,0,0,0,0,0,-0.03,0,0,0,0,0,0,是-商品卡免佣,0.22,义乌市蓓行电子商务商行（个体工商户）,订单结算
2026-04-23 05:31:37,'2026042305313401019415304242,入账,4.14,聚合账户,货款结算入账,小店自卖,'6952024656674166411,'6952024656674166411,'SS76307015967832356110129,2026-04-12 18:52:09,'3797921962500686134,繁花似锦玫瑰花抓夹盘发头花刘海侧边夹7cm法式慵懒感半扎发卡子,,,普通订单,4.17,0,0,0,0,0,0,0,0,0,0,0,-0.03,0,0,0,0,0,0,是-商品卡免佣,0.22,义乌市蓓行电子商务商行（个体工商户）,订单结算
2026-04-23 05:31:37,'2026042305313240742587154242,入账,2.95,聚合账户,货款结算入账,小店自卖,'6952012495545898537,'6952012495545898537,'SS76306669739401224140037,2026-04-13 00:08:13,'3807230150731497890,可爱小狗抓夹卡通高级2026新款后脑勺盘发鲨鱼夹中号发量发夹发饰,,,普通订单,2.97,0,0,0,0,0,0,0,0,0,0,0,-0.02,0,0,0,0,0,0,是-商品卡免佣,0.15,义乌市蓓行电子商务商行（个体工商户）,订单结算
2026-04-23 05:31:38,'2026042305313336669363744242,出账,0.01,聚合账户,公益捐款,,'6952012495545898537,'6952012495545898537,,,,,,,普通订单,0,0,0,0,0,0,0,0,0,0,0,0,0,0,0,0,0,0,0,,0,义乌市蓓行电子商务商行（个体工商户）,公益捐款支出|贵州省慈善总会|6952012495545898537
2026-04-23 05:31:38,'2026042305313414599951994242,出账,0.01,聚合账户,公益捐款,,'6952024656674166411,'6952024656674166411,,,,,,,普通订单,0,0,0,0,0,0,0,0,0,0,0,0,0,0,0,0,0,0,0,,0,义乌市蓓行电子商务商行（个体工商户）,公益捐款支出|贵州省慈善总会|6952024656674166411
2026-04-23 05:33:13,'2026042305330939938503784242,出账,0.01,聚合账户,公益捐款,,'6952147309632165755,'6952147309632165755,,,,,,,普通订单,0,0,0,0,0,0,0,0,0,0,0,0,0,0,0,0,0,0,0,,0,义乌市蓓行电子商务商行（个体工商户）,公益捐款支出|贵州省慈善总会|6952147309632165755
2026-04-23 05:33:13,'2026042305330730963469224242,出账,0.01,聚合账户,公益捐款,,'6925549906985319837,'6925549906985319837,,,,,,,普通订单,0,0,0,0,0,0,0,0,0,0,0,0,0,0,0,0,0,0,0,,0,义乌市蓓行电子商务商行（个体工商户）,公益捐款支出|贵州省慈善总会|6925549906985319837
2026-04-23 05:33:13,'2026042305330923874276304242,出账,0.01,聚合账户,公益捐款,,'6925555728398188039,'6925555728398188039,,,,,,,普通订单,0,0,0,0,0,0,0,0,0,0,0,0,0,0,0,0,0,0,0,,0,义乌市蓓行电子商务商行（个体工商户）,公益捐款支出|贵州省慈善总会|6925555728398188039
2026-04-23 05:33:13,'2026042305330923540861794242,出账,0.01,聚合账户,公益捐款,,'6925612561257626797,'6925612561257626797,,,,,,,普通订单,0,0,0,0,0,0,0,0,0,0,0,0,0,0,0,0,0,0,0,,0,义乌市蓓行电子商务商行（个体工商户）,公益捐款支出|贵州省慈善总会|6925612561257626797
2026-04-23 05:33:13,'2026042305330809151002004242,出账,0.01,聚合账户,公益捐款,,'6925559872545848674,'6925559872545848674,,,,,,,普通订单,0,0,0,0,0,0,0,0,0,0,0,0,0,0,0,0,0,0,0,,0,义乌市蓓行电子商务商行（个体工商户）,公益捐款支出|贵州省慈善总会|6925559872545848674
2026-04-23 05:33:15,'2026042305331018024412424242,入账,2.72,聚合账户,货款结算入账,小店自卖,'6925559777451474737,'6925559777451474737,'SS76307430035066885750062,2026-04-13 13:36:03,'3799969300262028066,复古波点褶皱香蕉夹高级感马尾扭扭竖夹后脑勺显发量横夹发卡发饰,,,普通订单,2.74,0,0,0,0,0,0,0,0,0,0,0,-0.02,0,0,0,0,0,0,是-商品卡免佣,0.15,义乌市蓓行电子商务商行（个体工商户）,订单结算
2026-04-23 05:33:15,'2026042305331224418924034242,入账,5.5,聚合账户,货款结算入账,巨量千川,'6925705073889868968,'6925705073889868968,'SS76307806227387889070007,2026-04-19 01:51:56,'3807220077028311460,新中式发饰高级感扭扭夹随手盘发一字夹水钻抓夹后脑勺发夹盘发器,,,普通订单,5.79,0,0,0,0,0,0,0,0,0,0,0,-0.29,0,0,0,0,0,0,,0,义乌市蓓行电子商务商行（个体工商户）,订单结算
2026-04-23 05:33:15,'2026042305331207999004254242,入账,5.6,聚合账户,货款结算入账,巨量千川,'6952044094898705613,'6952044094898705613,'SS76307408257187847770074,2026-04-13 14:33:34,'3807220077028311460,【超显气质】简约不硌头扭扭夹发夹女2026新款盘发抓夹高级感水钻珠珠一字夹子,,,普通订单,5.89,0,0,0,0,0,0,0,0,0,0,0,-0.29,0,0,0,0,0,0,,0,义乌市蓓行电子商务商行（个体工商户）,订单结算
2026-04-23 05:33:15,'2026042305331108739763584242,入账,3.7,聚合账户,货款结算入账,巨量千川,'6952004823902328047,'6952004823902328047,'SS76306604378140226710056,2026-04-12 16:26:04,'3807220077028311460,【超显气质】简约不硌头扭扭夹发夹女2026新款盘发抓夹高级感水钻珠珠一字夹子,,,普通订单,3.89,0,0,0,0,0,0,0,0,0,0,0,-0.19,0,0,0,0,0,0,,0,义乌市蓓行电子商务商行（个体工商户）,订单结算
2026-04-23 05:33:15,'2026042305331107947067154242,入账,3.7,聚合账户,货款结算入账,巨量千川,'6925538601951132936,'6925538601951132936,'SS76306609556954690660073,2026-04-12 19:28:05,'3807220077028311460,【超显气质】简约不硌头扭扭夹发夹女2026新款盘发抓夹高级感水钻珠珠一字夹子,,,普通订单,3.89,0,0,0,0,0,0,0,0,0,0,0,-0.19,0,0,0,0,0,0,,0,义乌市蓓行电子商务商行（个体工商户）,订单结算
2026-04-23 05:33:16,'2026042305331232397440264242,出账,0.01,聚合账户,公益捐款,,'6925559777451474737,'6925559777451474737,,,,,,,普通订单,0,0,0,0,0,0,0,0,0,0,0,0,0,0,0,0,0,0,0,,0,义乌市蓓行电子商务商行（个体工商户）,公益捐款支出|贵州省慈善总会|6925559777451474737
2026-04-23 05:33:16,'2026042305331012134856204242,出账,0.01,聚合账户,公益捐款,,'6952044094898705613,'6952044094898705613,,,,,,,普通订单,0,0,0,0,0,0,0,0,0,0,0,0,0,0,0,0,0,0,0,,0,义乌市蓓行电子商务商行（个体工商户）,公益捐款支出|贵州省慈善总会|6952044094898705613
2026-04-23 05:33:16,'2026042305331229447296384242,出账,0.01,聚合账户,公益捐款,,'6925538601951132936,'6925538601951132936,,,,,,,普通订单,0,0,0,0,0,0,0,0,0,0,0,0,0,0,0,0,0,0,0,,0,义乌市蓓行电子商务商行（个体工商户）,公益捐款支出|贵州省慈善总会|6925538601951132936
2026-04-23 05:33:29,'2026042305332604786795904242,入账,4.46,聚合账户,货款结算入账,小店自卖,'6925616300311871400,'6925616300311871400,'SS76307104560526833040187,2026-04-16 00:13:27,'3808317071612313998,简约气质豹纹小马香蕉夹女高马尾发夹大号防滑后脑勺竖夹抓夹发卡,,,普通订单,4.49,0,0,0,0,0,0,0,0,0,0,0,-0.03,0,0,0,0,0,0,是-商品卡免佣,0.22,义乌市蓓行电子商务商行（个体工商户）,订单结算
2026-04-23 05:33:29,'2026042305332512502840834242,入账,6.55,聚合账户,货款结算入账,巨量千川,'6952049803332425692,'6952049803332425692,'SS76308242140776412250177,2026-04-14 12:34:30,'3807220077028311460,【超显气质】简约不硌头扭扭夹发夹女2026新款盘发抓夹高级感水钻珠珠一字夹子,,,普通订单,6.89,0,0,0,0,0,0,0,0,0,0,0,-0.34,0,0,0,0,0,0,,0,义乌市蓓行电子商务商行（个体工商户）,订单结算
2026-04-23 05:33:29,'2026042305332418678587144242,入账,6.96,聚合账户,货款结算入账,小店自卖,'6952024626822453210,'6952024626822453210,'SS76306666253810119830060,2026-04-12 18:03:48,'3798263450837320143,儿童是兔子警官可爱兔子帽子发夹边夹侧边发卡女卡通甜美拍照道具,,,普通订单,7,0,0,0,0,0,0,0,0,0,0,0,-0.04,0,0,0,0,0,0,是-商品卡免佣,0.29,义乌市蓓行电子商务商行（个体工商户）,订单结算
2026-04-23 05:33:29,'2026042305332606132905344242,入账,3.69,聚合账户,货款结算入账,小店自卖,'6952018283353937025,'6952018283353937025,'SS76306667376417674760094,2026-04-12 20:40:50,'3807208869294374987,韩系可爱小熊格纹发夹女后脑勺马尾竖夹盘发香蕉夹甜美发卡子发饰,,,普通订单,3.71,0,0,0,0,0,0,0,0,0,0,0,-0.02,0,0,0,0,0,0,是-商品卡免佣,0.15,义乌市蓓行电子商务商行（个体工商户）,订单结算
2026-04-23 05:33:29,'2026042305332707343152904242,入账,5.6,聚合账户,货款结算入账,巨量千川,'6925538295766088994,'6925538295766088994,'SS76306665925275323030094,2026-04-12 16:59:36,'3807220077028311460,【超显气质】简约不硌头扭扭夹发夹女2026新款盘发抓夹高级感水钻珠珠一字夹子,,,普通订单,5.89,0,0,0,0,0,0,0,0,0,0,0,-0.29,0,0,0,0,0,0,,0,义乌市蓓行电子商务商行（个体工商户）,订单结算
2026-04-23 05:33:29,'2026042305332628484449544242,入账,4.45,聚合账户,货款结算入账,小店自卖,'6952016200033113368,'6952016200033113368,'SS76306670166972014580241,2026-04-12 20:25:28,'3799001785973211503,迷你小号鸭嘴夹发夹侧边小夹子精致蝴蝶结碎发夹刘海夹高级感发卡,,,普通订单,4.68,0,0,0,0,0,0,0,0,0,0,0,-0.23,0,0,0,0,0,0,,0,义乌市蓓行电子商务商行（个体工商户）,订单结算
2026-04-23 05:33:29,'2026042305332602019538014242,入账,2.72,聚合账户,货款结算入账,小店自卖,'6951900283762317266,'6951900283762317266,'SS76306695571410132990081,2026-04-08 08:44:07,'3799969300262028066,复古波点褶皱香蕉夹高级感马尾扭扭竖夹后脑勺显发量横夹发卡发饰,,,普通订单,2.74,0,0,0,0,0,0,0,0,0,0,0,-0.02,0,0,0,0,0,0,是-商品卡免佣,0.15,义乌市蓓行电子商务商行（个体工商户）,订单结算
2026-04-23 05:33:29,'2026042305332633162409224242,入账,6.96,聚合账户,货款结算入账,小店自卖,'6952075356042762115,'6952075356042762115,'SS76306950414402401380175,2026-04-15 07:55:40,'3798263450837320143,儿童是兔子警官可爱兔子帽子发夹边夹侧边发卡女卡通甜美拍照道具,,,普通订单,7,0,0,0,0,0,0,0,0,0,0,0,-0.04,0,0,0,0,0,0,是-商品卡免佣,0.29,义乌市蓓行电子商务商行（个体工商户）,订单结算
2026-04-23 05:33:29,'2026042305332512633748944242,入账,4.31,聚合账户,货款结算入账,小店自卖,'6952041368298919137,'6952041368298919137,'SS76307408301350095870007,2026-04-13 11:45:53,'3805911344574758966,巨显发量新款香蕉夹豹纹小众布艺褶皱泡泡云朵发夹后脑盘发竖夹子,,,普通订单,4.34,0,0,0,0,0,0,0,0,0,0,0,-0.03,0,0,0,0,0,0,是-商品卡免佣,0.22,义乌市蓓行电子商务商行（个体工商户）,订单结算
2026-04-23 05:33:29,'2026042305332617619028864242,入账,3.7,聚合账户,货款结算入账,巨量千川,'6925558919498792721,'6925558919498792721,'SS76306421142466890660162,2026-04-13 07:18:13,'3807220077028311460,【超显气质】简约不硌头扭扭夹发夹女2026新款盘发抓夹高级感水钻珠珠一字夹子,,,普通订单,3.89,0,0,0,0,0,0,0,0,0,0,0,-0.19,0,0,0,0,0,0,,0,义乌市蓓行电子商务商行（个体工商户）,订单结算
2026-04-23 05:33:30,'2026042305332611540731034242,出账,0.01,聚合账户,公益捐款,,'6952024626822453210,'6952024626822453210,,,,,,,普通订单,0,0,0,0,0,0,0,0,0,0,0,0,0,0,0,0,0,0,0,,0,义乌市蓓行电子商务商行（个体工商户）,公益捐款支出|贵州省慈善总会|6952024626822453210
2026-04-23 05:33:30,'2026042305332524676767064242,出账,0.01,聚合账户,公益捐款,,'6952049803332425692,'6952049803332425692,,,,,,,普通订单,0,0,0,0,0,0,0,0,0,0,0,0,0,0,0,0,0,0,0,,0,义乌市蓓行电子商务商行（个体工商户）,公益捐款支出|贵州省慈善总会|6952049803332425692
2026-04-23 05:33:30,'2026042305332710487406504242,出账,0.01,聚合账户,公益捐款,,'6952041368298919137,'6952041368298919137,,,,,,,普通订单,0,0,0,0,0,0,0,0,0,0,0,0,0,0,0,0,0,0,0,,0,义乌市蓓行电子商务商行（个体工商户）,公益捐款支出|贵州省慈善总会|6952041368298919137
2026-04-23 05:33:46,'2026042305334307518131304242,入账,5.15,聚合账户,货款结算入账,小店自卖,'6925663794286722864,'6925663794286722864,'SS76307921720358833020093,2026-04-17 23:58:14,'3801832059815723099,懒人公主头编发夹女前额双层侧边夹子刘海碎发编发发夹鸭嘴夹发卡,,,普通订单,5.18,0,0,0,0,0,0,0,0,0,0,0,-0.03,0,0,0,0,0,0,是-商品卡免佣,0.22,义乌市蓓行电子商务商行（个体工商户）,订单结算
2026-04-23 05:33:46,'2026042305334231051292704242,入账,6.96,聚合账户,货款结算入账,小店自卖,'6952067440668055518,'6952067440668055518,'SS76307054787221593600045,2026-04-14 10:23:02,'3798263450837320143,儿童是兔子警官可爱兔子帽子发夹边夹侧边发卡女卡通甜美拍照道具,,,普通订单,7,0,0,0,0,0,0,0,0,0,0,0,-0.04,0,0,0,0,0,0,是-商品卡免佣,0.29,义乌市蓓行电子商务商行（个体工商户）,订单结算
2026-04-23 05:33:46,'2026042305334141343224514242,入账,5.6,聚合账户,货款结算入账,巨量千川,'6952093288323225507,'6952093288323225507,'SS76307521990935188860000,2026-04-15 10:12:24,'3807220077028311460,夏天高级感随手盘发一字扭扭夹水钻抓夹高级发夹扭扭后脑勺盘发器,,,普通订单,5.89,0,0,0,0,0,0,0,0,0,0,0,-0.29,0,0,0,0,0,0,,0,义乌市蓓行电子商务商行（个体工商户）,订单结算
2026-04-23 05:33:46,'2026042305334300646723104242,入账,2.72,聚合账户,货款结算入账,小店自卖,'6952157247817585928,'6952157247817585928,'SS76305148406961608030007,2026-04-17 19:40:36,'3799969300262028066,复古波点褶皱香蕉夹高级感马尾扭扭竖夹后脑勺显发量横夹发卡发饰,,,普通订单,2.74,0,0,0,0,0,0,0,0,0,0,0,-0.02,0,0,0,0,0,0,是-商品卡免佣,0.15,义乌市蓓行电子商务商行（个体工商户）,订单结算
2026-04-23 05:33:46,'2026042305334220015027304242,入账,3.7,聚合账户,货款结算入账,巨量千川,'6925665244450684493,'6925665244450684493,'SS76307971549613596260014,2026-04-17 17:00:52,'3807220077028311460,夏天高级感随手盘发一字扭扭夹水钻抓夹高级发夹扭扭后脑勺盘发器,,,普通订单,3.89,0,0,0,0,0,0,0,0,0,0,0,-0.19,0,0,0,0,0,0,,0,义乌市蓓行电子商务商行（个体工商户）,订单结算
2026-04-23 05:33:47,'2026042305334301479316834242,出账,0.01,聚合账户,公益捐款,,'6925685218285092513,'6925685218285092513,,,,,,,普通订单,0,0,0,0,0,0,0,0,0,0,0,0,0,0,0,0,0,0,0,,0,义乌市蓓行电子商务商行（个体工商户）,公益捐款支出|贵州省慈善总会|6925685218285092513
2026-04-23 05:33:47,'2026042305334302487792704242,出账,0.01,聚合账户,公益捐款,,'6925665244450684493,'6925665244450684493,,,,,,,普通订单,0,0,0,0,0,0,0,0,0,0,0,0,0,0,0,0,0,0,0,,0,义乌市蓓行电子商务商行（个体工商户）,公益捐款支出|贵州省慈善总会|6925665244450684493
2026-04-23 05:33:47,'2026042305334409709658114242,出账,0.01,聚合账户,公益捐款,,'6925567793093181071,'6925567793093181071,,,,,,,普通订单,0,0,0,0,0,0,0,0,0,0,0,0,0,0,0,0,0,0,0,,0,义乌市蓓行电子商务商行（个体工商户）,公益捐款支出|贵州省慈善总会|6925567793093181071
2026-04-23 05:33:47,'2026042305334301973826714242,出账,0.01,聚合账户,公益捐款,,'6952091246700664715,'6952091246700664715,,,,,,,普通订单,0,0,0,0,0,0,0,0,0,0,0,0,0,0,0,0,0,0,0,,0,义乌市蓓行电子商务商行（个体工商户）,公益捐款支出|贵州省慈善总会|6952091246700664715
2026-04-23 05:33:47,'2026042305334127613105044242,出账,0.01,聚合账户,公益捐款,,'6925558833233624356,'6925558833233624356,,,,,,,普通订单,0,0,0,0,0,0,0,0,0,0,0,0,0,0,0,0,0,0,0,,0,义乌市蓓行电子商务商行（个体工商户）,公益捐款支出|贵州省慈善总会|6925558833233624356
2026-04-23 05:33:48,'2026042305334332559434584242,出账,0.01,聚合账户,公益捐款,,'6952027753914111118,'6952027753914111118,,,,,,,普通订单,0,0,0,0,0,0,0,0,0,0,0,0,0,0,0,0,0,0,0,,0,义乌市蓓行电子商务商行（个体工商户）,公益捐款支出|贵州省慈善总会|6952027753914111118
2026-04-23 05:34:02,'2026042305335914059610024242,入账,3.7,聚合账户,货款结算入账,巨量千川,'6952041353789117782,'6952041353789117782,'SS76307373006824573790235,2026-04-13 12:15:51,'3807220077028311460,【超显气质】简约不硌头扭扭夹发夹女2026新款盘发抓夹高级感水钻珠珠一字夹子,,,普通订单,3.89,0,0,0,0,0,0,0,0,0,0,0,-0.19,0,0,0,0,0,0,,0,义乌市蓓行电子商务商行（个体工商户）,订单结算
2026-04-23 05:34:02,'2026042305335914059773864242,入账,2.72,聚合账户,货款结算入账,小店自卖,'6952048609242125498,'6952048609242125498,'SS76305026995884570100096,2026-04-13 18:27:09,'3799969300262028066,复古波点褶皱香蕉夹高级感马尾扭扭竖夹后脑勺显发量横夹发卡发饰,,,普通订单,2.74,0,0,0,0,0,0,0,0,0,0,0,-0.02,0,0,0,0,0,0,是-商品卡免佣,0.15,义乌市蓓行电子商务商行（个体工商户）,订单结算
2026-04-23 05:34:02,'2026042305335812934515634242,入账,3.7,聚合账户,货款结算入账,巨量千川,'6952045692810958349,'6952045692810958349,'SS76307371154663514010168,2026-04-13 09:16:55,'3807220077028311460,【超显气质】简约不硌头扭扭夹发夹女2026新款盘发抓夹高级感水钻珠珠一字夹子,,,普通订单,3.89,0,0,0,0,0,0,0,0,0,0,0,-0.19,0,0,0,0,0,0,,0,义乌市蓓行电子商务商行（个体工商户）,订单结算
2026-04-23 05:34:02,'2026042305335831301962334242,入账,6.96,聚合账户,货款结算入账,小店自卖,'6925633841613077543,'6925633841613077543,'SS76306248063294346660132,2026-04-16 06:35:02,'3798263450837320143,儿童是兔子警官可爱兔子帽子发夹边夹侧边发卡女卡通甜美拍照道具,,,普通订单,7,0,0,0,0,0,0,0,0,0,0,0,-0.04,0,0,0,0,0,0,是-商品卡免佣,0.29,义乌市蓓行电子商务商行（个体工商户）,订单结算
2026-04-23 05:34:02,'2026042305335922024566304242,入账,3.7,聚合账户,货款结算入账,巨量千川,'6952016455165023541,'6952016455165023541,'SS76306420993824366440074,2026-04-12 22:08:40,'3807220077028311460,【超显气质】简约不硌头扭扭夹发夹女2026新款盘发抓夹高级感水钻珠珠一字夹子,,,普通订单,3.89,0,0,0,0,0,0,0,0,0,0,0,-0.19,0,0,0,0,0,0,,0,义乌市蓓行电子商务商行（个体工商户）,订单结算
2026-04-23 05:34:03,'2026042305335833894899294242,出账,0.01,聚合账户,公益捐款,,'6952048609242125498,'6952048609242125498,,,,,,,普通订单,0,0,0,0,0,0,0,0,0,0,0,0,0,0,0,0,0,0,0,,0,义乌市蓓行电子商务商行（个体工商户）,公益捐款支出|贵州省慈善总会|6952048609242125498
2026-04-23 05:34:17,'2026042305341309745539064242,入账,3.7,聚合账户,货款结算入账,巨量千川,'6925556696934284853,'6925556696934284853,'SS76307372952391071120062,2026-04-13 08:36:52,'3807220077028311460,【超显气质】简约不硌头扭扭夹发夹女2026新款盘发抓夹高级感水钻珠珠一字夹子,,,普通订单,3.89,0,0,0,0,0,0,0,0,0,0,0,-0.19,0,0,0,0,0,0,,0,义乌市蓓行电子商务商行（个体工商户）,订单结算
2026-04-23 05:34:17,'2026042305341311082798184242,入账,6.55,聚合账户,货款结算入账,巨量千川,'6952150938529502441,'6952150938529502441,'SS76307663249768945180076,2026-04-18 06:25:39,'3807220077028311460,新中式发饰高级感扭扭夹随手盘发一字夹水钻抓夹后脑勺发夹盘发器,,,普通订单,6.89,0,0,0,0,0,0,0,0,0,0,0,-0.34,0,0,0,0,0,0,,0,义乌市蓓行电子商务商行（个体工商户）,订单结算
2026-04-23 05:34:17,'2026042305341429656030814242,入账,5.6,聚合账户,货款结算入账,巨量千川,'6952005194930656958,'6952005194930656958,'SS76306667511638920090025,2026-04-12 20:45:35,'3807220077028311460,【超显气质】简约不硌头扭扭夹发夹女2026新款盘发抓夹高级感水钻珠珠一字夹子,,,普通订单,5.89,0,0,0,0,0,0,0,0,0,0,0,-0.29,0,0,0,0,0,0,,0,义乌市蓓行电子商务商行（个体工商户）,订单结算
2026-04-23 05:34:17,'2026042305341319939167184242,入账,3.53,聚合账户,货款结算入账,小店自卖,'6925549800864317322,'6925549800864317322,'SS76306670044933491700025,2026-04-13 03:15:06,'3807237598330617951,高颅顶神器发根固定夹头发蓬松夹定位夹女定型刘海鸭嘴夹发卡发夹,,,普通订单,3.55,0,0,0,0,0,0,0,0,0,0,0,-0.02,0,0,0,0,0,0,是-商品卡免佣,0.15,义乌市蓓行电子商务商行（个体工商户）,订单结算
2026-04-23 05:34:17,'2026042305341329114742104242,出账,0.01,聚合账户,公益捐款,,'6952025772036200374,'6952025772036200374,,,,,,,普通订单,0,0,0,0,0,0,0,0,0,0,0,0,0,0,0,0,0,0,0,,0,义乌市蓓行电子商务商行（个体工商户）,公益捐款支出|贵州省慈善总会|6952025772036200374
2026-04-23 05:34:17,'2026042305341331551821304242,入账,2.72,聚合账户,货款结算入账,小店自卖,'6952025772036200374,'6952025772036200374,'SS76306286245909798550018,2026-04-13 11:06:26,'3799969300262028066,复古波点褶皱香蕉夹高级感马尾扭扭竖夹后脑勺显发量横夹发卡发饰,,,普通订单,2.74,0,0,0,0,0,0,0,0,0,0,0,-0.02,0,0,0,0,0,0,是-商品卡免佣,0.15,义乌市蓓行电子商务商行（个体工商户）,订单结算
2026-04-23 05:34:18,'2026042305341417080978184242,出账,0.01,聚合账户,公益捐款,,'6925556696934284853,'6925556696934284853,,,,,,,普通订单,0,0,0,0,0,0,0,0,0,0,0,0,0,0,0,0,0,0,0,,0,义乌市蓓行电子商务商行（个体工商户）,公益捐款支出|贵州省慈善总会|6925556696934284853
2026-04-23 05:34:35,'2026042305343230579308034242,入账,6.94,聚合账户,货款结算入账,小店自卖,'6925592317785570454,'6925592317785570454,'SS76306546970025336780038,2026-04-14 19:40:04,'3809238305682358273,高级感非金属布艺抓夹超仙碎花大蝴蝶结飘带女后脑勺鲨鱼夹子发饰,,,普通订单,6.98,0,0,0,0,0,0,0,0,0,0,0,-0.04,0,0,0,0,0,0,是-商品卡免佣,0.29,义乌市蓓行电子商务商行（个体工商户）,订单结算
2026-04-23 05:34:35,'2026042305343214723162144242,入账,2.72,聚合账户,货款结算入账,小店自卖,'6952022630991926498,'6952022630991926498,'SS76305067424265016950212,2026-04-12 19:31:00,'3799969300262028066,复古波点褶皱香蕉夹高级感马尾扭扭竖夹后脑勺显发量横夹发卡发饰,,,普通订单,0.74,0,0,2,0,0,0,0,0,0,0,0,-0.02,0,0,0,0,0,0,是-商品卡免佣,0.15,义乌市蓓行电子商务商行（个体工商户）,订单结算
2026-04-23 05:34:35,'2026042305343008566257004242,入账,5.6,聚合账户,货款结算入账,巨量千川,'6952009862081287672,'6952009862081287672,'SS76306669533466793420125,2026-04-12 22:59:15,'3807220077028311460,【超显气质】简约不硌头扭扭夹发夹女2026新款盘发抓夹高级感水钻珠珠一字夹子,,,普通订单,3.69,0,0,2.2,0,0,0,0,0,0,0,0,-0.29,0,0,0,0,0,0,,0,义乌市蓓行电子商务商行（个体工商户）,订单结算
2026-04-23 05:34:35,'2026042305343101563735504242,出账,0.01,聚合账户,公益捐款,,'6925592317785570454,'6925592317785570454,,,,,,,普通订单,0,0,0,0,0,0,0,0,0,0,0,0,0,0,0,0,0,0,0,,0,义乌市蓓行电子商务商行（个体工商户）,公益捐款支出|贵州省慈善总会|6925592317785570454
2026-04-23 05:34:35,'2026042305343009495191104242,入账,3.67,聚合账户,货款结算入账,小店自卖,'6952115028443928414,'6952115028443928414,'SS76308286898482547620005,2026-04-16 10:55:20,'3799969300262028066,复古波点褶皱香蕉夹高级感马尾扭扭竖夹后脑勺显发量横夹发卡发饰,,,普通订单,0.01,0,0,3.68,0,0,0,0,0,0,0,0,-0.02,0,0,0,0,0,0,是-商品卡免佣,0.15,义乌市蓓行电子商务商行（个体工商户）,订单结算
2026-04-23 05:34:35,'2026042305343225925061464242,出账,0.01,聚合账户,公益捐款,,'6952022630991926498,'6952022630991926498,,,,,,,普通订单,0,0,0,0,0,0,0,0,0,0,0,0,0,0,0,0,0,0,0,,0,义乌市蓓行电子商务商行（个体工商户）,公益捐款支出|贵州省慈善总会|6952022630991926498
2026-04-23 05:34:35,'2026042305343119055252544242,出账,0.01,聚合账户,公益捐款,,'6952115028443928414,'6952115028443928414,,,,,,,普通订单,0,0,0,0,0,0,0,0,0,0,0,0,0,0,0,0,0,0,0,,0,义乌市蓓行电子商务商行（个体工商户）,公益捐款支出|贵州省慈善总会|6952115028443928414
2026-04-23 05:34:35,'2026042305343110136499264242,入账,2.82,聚合账户,货款结算入账,巨量千川,'6952149405427898286,'6952149405427898286,'SS76306824319383843930067,2026-04-17 07:11:47,'3807230150731497890,可爱小狗抓夹卡通高级2026新款后脑勺盘发鲨鱼夹中号发量发夹发饰,,,普通订单,0.01,0,0,2.96,0,0,0,0,0,0,0,0,-0.15,0,0,0,0,0,0,,0,义乌市蓓行电子商务商行（个体工商户）,订单结算
2026-04-23 05:35:06,'2026042305350319421476354242,入账,2.82,聚合账户,货款结算入账,巨量千川,'6925625405576150184,'6925625405576150184,'SS76306577079432317530043,2026-04-15 22:24:37,'3807230150731497890,可爱小狗抓夹卡通高级2026新款后脑勺盘发鲨鱼夹中号发量发夹发饰,,,普通订单,0.01,0,0,2.96,0,0,0,0,0,0,0,0,-0.15,0,0,0,0,0,0,,0,义乌市蓓行电子商务商行（个体工商户）,订单结算
2026-04-23 05:35:06,'2026042305350223248123264242,入账,2.58,聚合账户,货款结算入账,小店自卖,'6925553941397995292,'6925553941397995292,'SS76306385756501286590126,2026-04-12 19:47:53,'3799969300262028066,复古波点褶皱香蕉夹高级感马尾扭扭竖夹后脑勺显发量横夹发卡发饰,,,普通订单,2.39,0,0,0.21,0,0,0,0,0,0,0,0,-0.02,0,0,0,0,0,0,是-商品卡免佣,0.15,义乌市蓓行电子商务商行（个体工商户）,订单结算
2026-04-23 05:35:06,'2026042305350307510592524242,入账,7.88,聚合账户,货款结算入账,小店自卖,'6952079091418010738,'6952079091418010738,'SS76308508037246978560128,2026-04-14 18:17:20,'3797899639299113146,气质鲨鱼夹子法式公主头赫本抓夹女冬季新款发抓后脑勺高级感发卡,,,普通订单,3.71,0,0,4.58,0,0,0,0,0,0,0,0,-0.41,0,0,0,0,0,0,,0,义乌市蓓行电子商务商行（个体工商户）,订单结算
2026-04-23 05:35:06,'2026042305350235096007954242,入账,3.67,聚合账户,货款结算入账,小店自卖,'6925646457836108933,'6925646457836108933,'SS76306793692210793360130,2026-04-16 22:03:51,'3799969300262028066,复古波点褶皱香蕉夹高级感马尾扭扭竖夹后脑勺显发量横夹发卡发饰,,,普通订单,0.01,0,0,3.68,0,0,0,0,0,0,0,0,-0.02,0,0,0,0,0,0,是-商品卡免佣,0.15,义乌市蓓行电子商务商行（个体工商户）,订单结算
2026-04-23 05:35:06,'2026042305350302401776794242,入账,2.82,聚合账户,货款结算入账,巨量千川,'6952082124628825924,'6952082124628825924,'SS76308411739255447560080,2026-04-15 09:37:33,'3807230150731497890,可爱小狗抓夹卡通高级2026新款后脑勺盘发鲨鱼夹中号发量发夹发饰,,,普通订单,0.01,0,0,2.96,0,0,0,0,0,0,0,0,-0.15,0,0,0,0,0,0,,0,义乌市蓓行电子商务商行（个体工商户）,订单结算
2026-04-23 05:35:07,'2026042305350227276949024242,出账,0.01,聚合账户,公益捐款,,'6925646457836108933,'6925646457836108933,,,,,,,普通订单,0,0,0,0,0,0,0,0,0,0,0,0,0,0,0,0,0,0,0,,0,义乌市蓓行电子商务商行（个体工商户）,公益捐款支出|贵州省慈善总会|6925646457836108933
2026-04-23 05:35:07,'2026042305350309658537484242,出账,0.01,聚合账户,公益捐款,,'6925553941397995292,'6925553941397995292,,,,,,,普通订单,0,0,0,0,0,0,0,0,0,0,0,0,0,0,0,0,0,0,0,,0,义乌市蓓行电子商务商行（个体工商户）,公益捐款支出|贵州省慈善总会|6925553941397995292
2026-04-23 05:35:08,'2026042305350504991224384242,出账,0.01,聚合账户,公益捐款,,'6952079091418010738,'6952079091418010738,,,,,,,普通订单,0,0,0,0,0,0,0,0,0,0,0,0,0,0,0,0,0,0,0,,0,义乌市蓓行电子商务商行（个体工商户）,公益捐款支出|贵州省慈善总会|6952079091418010738
2026-04-23 05:35:12,'2026042305350921190251784242,出账,5.19,聚合账户,上门取件运费,,'6925662559160991318,'6925662559160991318,'147451027759571313,,,,,,普通订单,0,0,0,0,0,0,0,0,0,0,0,0,0,0,0,0,0,0,0,,0,义乌市蓓行电子商务商行（个体工商户）,因商品存在品质问题，扣除商家相应金额进行运费赔付-订单6925662559160991318-售后单147451027759571313-运单JDX052578551883
2026-04-23 05:36:01,'2026042305355831879542164242,入账,2.72,聚合账户,货款结算入账,小店自卖,'6952009255198266407,'6952009255198266407,'SS76307326666476754440098,2026-04-12 17:22:33,'3799969300262028066,复古波点褶皱香蕉夹高级感马尾扭扭竖夹后脑勺显发量横夹发卡发饰,,,普通订单,0.01,0,0,2.73,0,0,0,0,0,0,0,0,-0.02,0,0,0,0,0,0,是-商品卡免佣,0.15,义乌市蓓行电子商务商行（个体工商户）,订单结算
2026-04-23 05:36:01,'2026042305355830959866984242,入账,5.8,聚合账户,货款结算入账,小店自卖,'6925426945573944375,'6925426945573944375,'SS76306647835783498510056,2026-04-07 22:45:42,'3805708033615593705,咖色磨砂抓夹大号发夹女2026年新款后脑勺发量多鲨鱼夹子发卡头饰,,,普通订单,5.84,0,0,0,0,0,0,0,0,0,0,0,-0.04,0,0,0,0,0,0,是-商品卡免佣,0.29,义乌市蓓行电子商务商行（个体工商户）,订单结算
2026-04-23 05:36:01,'2026042305355825001334114242,入账,2.82,聚合账户,货款结算入账,巨量千川,'6952101624678979199,'6952101624678979199,'SS76307554029504438270145,2026-04-16 01:30:33,'3807230150731497890,可爱小狗抓夹卡通高级2026新款后脑勺盘发鲨鱼夹中号发量发夹发饰,,,普通订单,0.01,0,0,2.96,0,0,0,0,0,0,0,0,-0.15,0,0,0,0,0,0,,0,义乌市蓓行电子商务商行（个体工商户）,订单结算
2026-04-23 05:36:01,'2026042305355806128770964242,入账,2.45,聚合账户,货款结算入账,小店自卖,'6952011699101898100,'6952011699101898100,'SS76306382868050949470196,2026-04-12 16:55:06,'3799969300262028066,复古波点褶皱香蕉夹高级感马尾扭扭竖夹后脑勺显发量横夹发卡发饰,,,普通订单,0.01,0,0,2.45,0,0,0,0,0,0,0,0,-0.01,0,0,0,0,0,0,是-商品卡免佣,0.07,义乌市蓓行电子商务商行（个体工商户）,订单结算
2026-04-23 05:36:01,'2026042305355821184558464242,入账,2.72,聚合账户,货款结算入账,小店自卖,'6951998252501440364,'6951998252501440364,'SS76306385723543721110237,2026-04-12 19:34:34,'3799969300262028066,复古波点褶皱香蕉夹高级感马尾扭扭竖夹后脑勺显发量横夹发卡发饰,,,普通订单,2.74,0,0,0,0,0,0,0,0,0,0,0,-0.02,0,0,0,0,0,0,是-商品卡免佣,0.15,义乌市蓓行电子商务商行（个体工商户）,订单结算
2026-04-23 05:36:01,'2026042305355731552968194242,入账,4.4,聚合账户,货款结算入账,小店自卖,'6925617849043942440,'6925617849043942440,'SS76306431165381025540135,2026-04-15 20:23:14,'3798263450837320143,儿童是兔子警官可爱兔子帽子发夹边夹侧边发卡女卡通甜美拍照道具,,,普通订单,4.43,0,0,0,0,0,0,0,0,0,0,0,-0.03,0,0,0,0,0,0,是-商品卡免佣,0.22,义乌市蓓行电子商务商行（个体工商户）,订单结算
2026-04-23 05:36:01,'2026042305355733346527184242,入账,3.7,聚合账户,货款结算入账,巨量千川,'6952164323704509697,'6952164323704509697,'SS76307083561150062510102,2026-04-18 06:41:41,'3807220077028311460,新中式发饰高级感扭扭夹随手盘发一字夹水钻抓夹后脑勺发夹盘发器,,,普通订单,3.89,0,0,0,0,0,0,0,0,0,0,0,-0.19,0,0,0,0,0,0,,0,义乌市蓓行电子商务商行（个体工商户）,订单结算
2026-04-23 05:36:01,'2026042305355738074944274242,入账,3.7,聚合账户,货款结算入账,巨量千川,'6925672563090095466,'6925672563090095466,'SS76308248826407368060187,2026-04-18 01:55:26,'3807220077028311460,新中式发饰高级感扭扭夹随手盘发一字夹水钻抓夹后脑勺发夹盘发器,,,普通订单,3.89,0,0,0,0,0,0,0,0,0,0,0,-0.19,0,0,0,0,0,0,,0,义乌市蓓行电子商务商行（个体工商户）,订单结算
2026-04-23 05:36:01,'2026042305355728952169234242,入账,3.7,聚合账户,货款结算入账,巨量千川,'6925540472299487092,'6925540472299487092,'SS76306608645939205750012,2026-04-12 21:47:48,'3807220077028311460,【超显气质】简约不硌头扭扭夹发夹女2026新款盘发抓夹高级感水钻珠珠一字夹子,,,普通订单,3.89,0,0,0,0,0,0,0,0,0,0,0,-0.19,0,0,0,0,0,0,,0,义乌市蓓行电子商务商行（个体工商户）,订单结算
2026-04-23 05:36:01,'2026042305355832338747144242,入账,2.72,聚合账户,货款结算入账,小店自卖,'6925549329006493161,'6925549329006493161,'SS76306387293808113020171,2026-04-12 22:06:48,'3799969300262028066,复古波点褶皱香蕉夹高级感马尾扭扭竖夹后脑勺显发量横夹发卡发饰,,,普通订单,2.74,0,0,0,0,0,0,0,0,0,0,0,-0.02,0,0,0,0,0,0,是-商品卡免佣,0.15,义乌市蓓行电子商务商行（个体工商户）,订单结算
2026-04-23 05:36:02,'2026042305355824086126354242,出账,0.01,聚合账户,公益捐款,,'6925540472299487092,'6925540472299487092,,,,,,,普通订单,0,0,0,0,0,0,0,0,0,0,0,0,0,0,0,0,0,0,0,,0,义乌市蓓行电子商务商行（个体工商户）,公益捐款支出|贵州省慈善总会|6925540472299487092
2026-04-23 05:36:02,'2026042305355825592302714242,出账,0.01,聚合账户,公益捐款,,'6952164323704509697,'6952164323704509697,,,,,,,普通订单,0,0,0,0,0,0,0,0,0,0,0,0,0,0,0,0,0,0,0,,0,义乌市蓓行电子商务商行（个体工商户）,公益捐款支出|贵州省慈善总会|6952164323704509697
2026-04-23 05:36:02,'2026042305355937919626304242,出账,0.01,聚合账户,公益捐款,,'6925426945573944375,'6925426945573944375,,,,,,,普通订单,0,0,0,0,0,0,0,0,0,0,0,0,0,0,0,0,0,0,0,,0,义乌市蓓行电子商务商行（个体工商户）,公益捐款支出|贵州省慈善总会|6925426945573944375
2026-04-23 05:36:17,'2026042305361426528691664242,入账,5.15,聚合账户,货款结算入账,小店自卖,'6925564528049487072,'6925564528049487072,'SS76307067379100882320127,2026-04-14 00:42:33,'3801832059815723099,懒人公主头编发夹女前额双层侧边夹子刘海碎发编发发夹鸭嘴夹发卡,,,普通订单,5.18,0,0,0,0,0,0,0,0,0,0,0,-0.03,0,0,0,0,0,0,是-商品卡免佣,0.22,义乌市蓓行电子商务商行（个体工商户）,订单结算
2026-04-23 05:36:17,'2026042305361428526840834242,入账,3.99,聚合账户,货款结算入账,小店自卖,'6925661516421365318,'6925661516421365318,'SS76307469386731525630075,2026-04-17 19:14:37,'3805708033615593705,咖色磨砂抓夹大号发夹女2026年新款后脑勺发量多鲨鱼夹子发卡头饰,,,普通订单,4.01,0,0,0,0,0,0,0,0,0,0,0,-0.02,0,0,0,0,0,0,是-商品卡免佣,0.15,义乌市蓓行电子商务商行（个体工商户）,订单结算
2026-04-23 05:36:17,'2026042305361421541237824242,入账,5.15,聚合账户,货款结算入账,小店自卖,'6952063397726459778,'6952063397726459778,'SS76306915890530066010212,2026-04-14 17:02:03,'3801832059815723099,懒人公主头编发夹女前额双层侧边夹子刘海碎发编发发夹鸭嘴夹发卡,,,普通订单,5.18,0,0,0,0,0,0,0,0,0,0,0,-0.03,0,0,0,0,0,0,是-商品卡免佣,0.22,义乌市蓓行电子商务商行（个体工商户）,订单结算
2026-04-23 05:36:17,'2026042305361410235748344242,入账,5.57,聚合账户,货款结算入账,小店自卖,'6925580554807180615,'6925580554807180615,'SS76307398380332321740031,2026-04-14 08:07:20,'3798263450837320143,儿童是兔子警官可爱兔子帽子发夹边夹侧边发卡女卡通甜美拍照道具,,,普通订单,5.6,0,0,0,0,0,0,0,0,0,0,0,-0.03,0,0,0,0,0,0,是-商品卡免佣,0.22,义乌市蓓行电子商务商行（个体工商户）,订单结算
2026-04-23 05:36:17,'2026042305361307437399464242,入账,2.72,聚合账户,货款结算入账,小店自卖,'6952025717418563462,'6952025717418563462,'SS76307428922559534710058,2026-04-13 10:55:35,'3799969300262028066,复古波点褶皱香蕉夹高级感马尾扭扭竖夹后脑勺显发量横夹发卡发饰,,,普通订单,2.74,0,0,0,0,0,0,0,0,0,0,0,-0.02,0,0,0,0,0,0,是-商品卡免佣,0.15,义乌市蓓行电子商务商行（个体工商户）,订单结算
2026-04-23 05:36:18,'2026042305361540181478554242,出账,0.01,聚合账户,公益捐款,,'6952063397726459778,'6952063397726459778,,,,,,,普通订单,0,0,0,0,0,0,0,0,0,0,0,0,0,0,0,0,0,0,0,,0,义乌市蓓行电子商务商行（个体工商户）,公益捐款支出|贵州省慈善总会|6952063397726459778
2026-04-23 05:36:18,'2026042305361434363151624242,出账,0.01,聚合账户,公益捐款,,'6925580554807180615,'6925580554807180615,,,,,,,普通订单,0,0,0,0,0,0,0,0,0,0,0,0,0,0,0,0,0,0,0,,0,义乌市蓓行电子商务商行（个体工商户）,公益捐款支出|贵州省慈善总会|6925580554807180615
2026-04-23 05:37:30,'2026042305372711200929714242,出账,0.01,聚合账户,公益捐款,,'6952004823902328047,'6952004823902328047,,,,,,,普通订单,0,0,0,0,0,0,0,0,0,0,0,0,0,0,0,0,0,0,0,,0,义乌市蓓行电子商务商行（个体工商户）,公益捐款支出|贵州省慈善总会|6952004823902328047
2026-04-23 05:37:30,'2026042305372711213378754242,出账,0.01,聚合账户,公益捐款,,'6925616300311871400,'6925616300311871400,,,,,,,普通订单,0,0,0,0,0,0,0,0,0,0,0,0,0,0,0,0,0,0,0,,0,义乌市蓓行电子商务商行（个体工商户）,公益捐款支出|贵州省慈善总会|6925616300311871400
2026-04-23 05:37:30,'2026042305372605004659204242,出账,0.01,聚合账户,公益捐款,,'6925558919498792721,'6925558919498792721,,,,,,,普通订单,0,0,0,0,0,0,0,0,0,0,0,0,0,0,0,0,0,0,0,,0,义乌市蓓行电子商务商行（个体工商户）,公益捐款支出|贵州省慈善总会|6925558919498792721
2026-04-23 05:37:30,'2026042305372713558789664242,出账,0.01,聚合账户,公益捐款,,'6952016200033113368,'6952016200033113368,,,,,,,普通订单,0,0,0,0,0,0,0,0,0,0,0,0,0,0,0,0,0,0,0,,0,义乌市蓓行电子商务商行（个体工商户）,公益捐款支出|贵州省慈善总会|6952016200033113368
2026-04-23 05:37:31,'2026042305372637801006084242,出账,0.01,聚合账户,公益捐款,,'6925705073889868968,'6925705073889868968,,,,,,,普通订单,0,0,0,0,0,0,0,0,0,0,0,0,0,0,0,0,0,0,0,,0,义乌市蓓行电子商务商行（个体工商户）,公益捐款支出|贵州省慈善总会|6925705073889868968
2026-04-23 05:37:39,'2026042305373630832727134242,出账,0.01,聚合账户,公益捐款,,'6952150938529502441,'6952150938529502441,,,,,,,普通订单,0,0,0,0,0,0,0,0,0,0,0,0,0,0,0,0,0,0,0,,0,义乌市蓓行电子商务商行（个体工商户）,公益捐款支出|贵州省慈善总会|6952150938529502441
2026-04-23 05:37:39,'2026042305373421192381964242,出账,0.01,聚合账户,公益捐款,,'6925549800864317322,'6925549800864317322,,,,,,,普通订单,0,0,0,0,0,0,0,0,0,0,0,0,0,0,0,0,0,0,0,,0,义乌市蓓行电子商务商行（个体工商户）,公益捐款支出|贵州省慈善总会|6925549800864317322
2026-04-23 05:37:40,'2026042305373613466506394242,出账,0.01,聚合账户,公益捐款,,'6952157247817585928,'6952157247817585928,,,,,,,普通订单,0,0,0,0,0,0,0,0,0,0,0,0,0,0,0,0,0,0,0,,0,义乌市蓓行电子商务商行（个体工商户）,公益捐款支出|贵州省慈善总会|6952157247817585928
2026-04-23 05:37:40,'2026042305373309535002234242,出账,0.01,聚合账户,公益捐款,,'6952082124628825924,'6952082124628825924,,,,,,,普通订单,0,0,0,0,0,0,0,0,0,0,0,0,0,0,0,0,0,0,0,,0,义乌市蓓行电子商务商行（个体工商户）,公益捐款支出|贵州省慈善总会|6952082124628825924
2026-04-23 05:37:44,'2026042305374008185121684242,出账,0.01,聚合账户,公益捐款,,'6952149405427898286,'6952149405427898286,,,,,,,普通订单,0,0,0,0,0,0,0,0,0,0,0,0,0,0,0,0,0,0,0,,0,义乌市蓓行电子商务商行（个体工商户）,公益捐款支出|贵州省慈善总会|6952149405427898286
2026-04-23 05:37:44,'2026042305374120889646354242,出账,0.01,聚合账户,公益捐款,,'6925549329006493161,'6925549329006493161,,,,,,,普通订单,0,0,0,0,0,0,0,0,0,0,0,0,0,0,0,0,0,0,0,,0,义乌市蓓行电子商务商行（个体工商户）,公益捐款支出|贵州省慈善总会|6925549329006493161
2026-04-23 05:37:44,'2026042305374025678646274242,出账,0.01,聚合账户,公益捐款,,'6951998252501440364,'6951998252501440364,,,,,,,普通订单,0,0,0,0,0,0,0,0,0,0,0,0,0,0,0,0,0,0,0,,0,义乌市蓓行电子商务商行（个体工商户）,公益捐款支出|贵州省慈善总会|6951998252501440364
2026-04-23 05:37:44,'2026042305374111040036274242,出账,0.01,聚合账户,公益捐款,,'6952009255198266407,'6952009255198266407,,,,,,,普通订单,0,0,0,0,0,0,0,0,0,0,0,0,0,0,0,0,0,0,0,,0,义乌市蓓行电子商务商行（个体工商户）,公益捐款支出|贵州省慈善总会|6952009255198266407
2026-04-23 05:37:44,'2026042305374102055381004242,出账,0.01,聚合账户,公益捐款,,'6925617849043942440,'6925617849043942440,,,,,,,普通订单,0,0,0,0,0,0,0,0,0,0,0,0,0,0,0,0,0,0,0,,0,义乌市蓓行电子商务商行（个体工商户）,公益捐款支出|贵州省慈善总会|6925617849043942440
2026-04-23 05:37:51,'2026042305374802662075234242,出账,0.01,聚合账户,公益捐款,,'6952029061702358999,'6952029061702358999,,,,,,,普通订单,0,0,0,0,0,0,0,0,0,0,0,0,0,0,0,0,0,0,0,,0,义乌市蓓行电子商务商行（个体工商户）,公益捐款支出|贵州省慈善总会|6952029061702358999
2026-04-23 05:37:51,'2026042305374728333678464242,出账,0.01,聚合账户,公益捐款,,'6925569995151080712,'6925569995151080712,,,,,,,普通订单,0,0,0,0,0,0,0,0,0,0,0,0,0,0,0,0,0,0,0,,0,义乌市蓓行电子商务商行（个体工商户）,公益捐款支出|贵州省慈善总会|6925569995151080712
2026-04-23 05:37:51,'2026042305374521310183034242,出账,0.01,聚合账户,公益捐款,,'6925567558862339390,'6925567558862339390,,,,,,,普通订单,0,0,0,0,0,0,0,0,0,0,0,0,0,0,0,0,0,0,0,,0,义乌市蓓行电子商务商行（个体工商户）,公益捐款支出|贵州省慈善总会|6925567558862339390
2026-04-23 05:37:51,'2026042305374802833659074242,出账,0.01,聚合账户,公益捐款,,'6925569938724716350,'6925569938724716350,,,,,,,普通订单,0,0,0,0,0,0,0,0,0,0,0,0,0,0,0,0,0,0,0,,0,义乌市蓓行电子商务商行（个体工商户）,公益捐款支出|贵州省慈善总会|6925569938724716350
2026-04-23 05:37:51,'2026042305374636716383124242,出账,0.01,聚合账户,公益捐款,,'6952153520481572713,'6952153520481572713,,,,,,,普通订单,0,0,0,0,0,0,0,0,0,0,0,0,0,0,0,0,0,0,0,,0,义乌市蓓行电子商务商行（个体工商户）,公益捐款支出|贵州省慈善总会|6952153520481572713
2026-04-23 05:39:12,'2026042305390838728873464242,出账,0.01,聚合账户,公益捐款,,'6952151555407419072,'6952151555407419072,,,,,,,普通订单,0,0,0,0,0,0,0,0,0,0,0,0,0,0,0,0,0,0,0,,0,义乌市蓓行电子商务商行（个体工商户）,公益捐款支出|贵州省慈善总会|6952151555407419072
2026-04-23 05:39:12,'2026042305390806083545704242,出账,0.01,聚合账户,公益捐款,,'6925617702725647471,'6925617702725647471,,,,,,,普通订单,0,0,0,0,0,0,0,0,0,0,0,0,0,0,0,0,0,0,0,,0,义乌市蓓行电子商务商行（个体工商户）,公益捐款支出|贵州省慈善总会|6925617702725647471
2026-04-23 05:39:12,'2026042305390729031631824242,出账,0.01,聚合账户,公益捐款,,'6952007360837391710,'6952007360837391710,,,,,,,普通订单,0,0,0,0,0,0,0,0,0,0,0,0,0,0,0,0,0,0,0,,0,义乌市蓓行电子商务商行（个体工商户）,公益捐款支出|贵州省慈善总会|6952007360837391710
2026-04-23 05:39:12,'2026042305390919883300114242,出账,0.01,聚合账户,公益捐款,,'6952025648875050118,'6952025648875050118,,,,,,,普通订单,0,0,0,0,0,0,0,0,0,0,0,0,0,0,0,0,0,0,0,,0,义乌市蓓行电子商务商行（个体工商户）,公益捐款支出|贵州省慈善总会|6952025648875050118
2026-04-23 05:39:21,'2026042305391830663974664242,入账,3.7,聚合账户,货款结算入账,巨量千川,'6925627857640128461,'6925627857640128461,'SS76306342556731970920144,2026-04-16 07:41:04,'3792402691087532393,女韩版橡皮筋高弹力新款发绳简约可爱头绳发圈无扎痕头饰高级发饰,,,普通订单,3.9,0,0,0,0,0,0,0,0,0,0,0,-0.2,0,0,0,0,0,0,,0,义乌市蓓行电子商务商行（个体工商户）,订单结算
2026-04-23 05:39:21,'2026042305391737384850114242,入账,2.72,聚合账户,货款结算入账,小店自卖,'6952020481118573622,'6952020481118573622,'SS76307326615909381220246,2026-04-12 16:44:35,'3799969300262028066,复古波点褶皱香蕉夹高级感马尾扭扭竖夹后脑勺显发量横夹发卡发饰,,,普通订单,2.74,0,0,0,0,0,0,0,0,0,0,0,-0.02,0,0,0,0,0,0,是-商品卡免佣,0.15,义乌市蓓行电子商务商行（个体工商户）,订单结算
2026-04-23 05:44:59,'2026042305445536493931714242,出账,0.01,聚合账户,公益捐款,,'6952005194930656958,'6952005194930656958,,,,,,,普通订单,0,0,0,0,0,0,0,0,0,0,0,0,0,0,0,0,0,0,0,,0,义乌市蓓行电子商务商行（个体工商户）,公益捐款支出|贵州省慈善总会|6952005194930656958
2026-04-23 05:44:59,'2026042305445434790487044242,出账,0.01,聚合账户,公益捐款,,'6952075356042762115,'6952075356042762115,,,,,,,普通订单,0,0,0,0,0,0,0,0,0,0,0,0,0,0,0,0,0,0,0,,0,义乌市蓓行电子商务商行（个体工商户）,公益捐款支出|贵州省慈善总会|6952075356042762115
2026-04-23 05:44:59,'2026042305445511504852944242,出账,0.01,聚合账户,公益捐款,,'6952067440668055518,'6952067440668055518,,,,,,,普通订单,0,0,0,0,0,0,0,0,0,0,0,0,0,0,0,0,0,0,0,,0,义乌市蓓行电子商务商行（个体工商户）,公益捐款支出|贵州省慈善总会|6952067440668055518
2026-04-23 05:45:00,'2026042305445330966093144242,出账,0.01,聚合账户,公益捐款,,'6952101624678979199,'6952101624678979199,,,,,,,普通订单,0,0,0,0,0,0,0,0,0,0,0,0,0,0,0,0,0,0,0,,0,义乌市蓓行电子商务商行（个体工商户）,公益捐款支出|贵州省慈善总会|6952101624678979199
2026-04-23 05:45:00,'2026042305445439181197184242,出账,0.01,聚合账户,公益捐款,,'6925538295766088994,'6925538295766088994,,,,,,,普通订单,0,0,0,0,0,0,0,0,0,0,0,0,0,0,0,0,0,0,0,,0,义乌市蓓行电子商务商行（个体工商户）,公益捐款支出|贵州省慈善总会|6925538295766088994
2026-04-23 05:45:11,'2026042305450627081978984242,出账,0.01,聚合账户,公益捐款,,'6925661516421365318,'6925661516421365318,,,,,,,普通订单,0,0,0,0,0,0,0,0,0,0,0,0,0,0,0,0,0,0,0,,0,义乌市蓓行电子商务商行（个体工商户）,公益捐款支出|贵州省慈善总会|6925661516421365318
2026-04-23 05:45:11,'2026042305450715233846034242,出账,0.01,聚合账户,公益捐款,,'6925564528049487072,'6925564528049487072,,,,,,,普通订单,0,0,0,0,0,0,0,0,0,0,0,0,0,0,0,0,0,0,0,,0,义乌市蓓行电子商务商行（个体工商户）,公益捐款支出|贵州省慈善总会|6925564528049487072
2026-04-23 05:45:12,'2026042305450721944734874242,出账,0.01,聚合账户,公益捐款,,'6952009862081287672,'6952009862081287672,,,,,,,普通订单,0,0,0,0,0,0,0,0,0,0,0,0,0,0,0,0,0,0,0,,0,义乌市蓓行电子商务商行（个体工商户）,公益捐款支出|贵州省慈善总会|6952009862081287672
2026-04-23 05:47:46,'2026042305474205453092034242,出账,0.01,聚合账户,公益捐款,,'6925663794286722864,'6925663794286722864,,,,,,,普通订单,0,0,0,0,0,0,0,0,0,0,0,0,0,0,0,0,0,0,0,,0,义乌市蓓行电子商务商行（个体工商户）,公益捐款支出|贵州省慈善总会|6925663794286722864
2026-04-23 05:47:46,'2026042305473938601853594242,出账,0.01,聚合账户,公益捐款,,'6951900283762317266,'6951900283762317266,,,,,,,普通订单,0,0,0,0,0,0,0,0,0,0,0,0,0,0,0,0,0,0,0,,0,义乌市蓓行电子商务商行（个体工商户）,公益捐款支出|贵州省慈善总会|6951900283762317266
2026-04-23 05:47:46,'2026042305473908042296664242,出账,0.01,聚合账户,公益捐款,,'6952093288323225507,'6952093288323225507,,,,,,,普通订单,0,0,0,0,0,0,0,0,0,0,0,0,0,0,0,0,0,0,0,,0,义乌市蓓行电子商务商行（个体工商户）,公益捐款支出|贵州省慈善总会|6952093288323225507
2026-04-23 05:47:46,'2026042305474229489607774242,出账,0.01,聚合账户,公益捐款,,'6952018283353937025,'6952018283353937025,,,,,,,普通订单,0,0,0,0,0,0,0,0,0,0,0,0,0,0,0,0,0,0,0,,0,义乌市蓓行电子商务商行（个体工商户）,公益捐款支出|贵州省慈善总会|6952018283353937025
2026-04-23 05:48:10,'2026042305480336084618344242,出账,0.01,聚合账户,公益捐款,,'6925633841613077543,'6925633841613077543,,,,,,,普通订单,0,0,0,0,0,0,0,0,0,0,0,0,0,0,0,0,0,0,0,,0,义乌市蓓行电子商务商行（个体工商户）,公益捐款支出|贵州省慈善总会|6925633841613077543
2026-04-23 05:48:10,'2026042305480605507363944242,出账,0.01,聚合账户,公益捐款,,'6952041353789117782,'6952041353789117782,,,,,,,普通订单,0,0,0,0,0,0,0,0,0,0,0,0,0,0,0,0,0,0,0,,0,义乌市蓓行电子商务商行（个体工商户）,公益捐款支出|贵州省慈善总会|6952041353789117782
2026-04-23 05:48:10,'2026042305480512709896034242,出账,0.01,聚合账户,公益捐款,,'6952016455165023541,'6952016455165023541,,,,,,,普通订单,0,0,0,0,0,0,0,0,0,0,0,0,0,0,0,0,0,0,0,,0,义乌市蓓行电子商务商行（个体工商户）,公益捐款支出|贵州省慈善总会|6952016455165023541
2026-04-23 05:48:10,'2026042305480528296361464242,出账,0.01,聚合账户,公益捐款,,'6925625405576150184,'6925625405576150184,,,,,,,普通订单,0,0,0,0,0,0,0,0,0,0,0,0,0,0,0,0,0,0,0,,0,义乌市蓓行电子商务商行（个体工商户）,公益捐款支出|贵州省慈善总会|6925625405576150184
2026-04-23 05:48:10,'2026042305480535949120344242,出账,0.01,聚合账户,公益捐款,,'6952045692810958349,'6952045692810958349,,,,,,,普通订单,0,0,0,0,0,0,0,0,0,0,0,0,0,0,0,0,0,0,0,,0,义乌市蓓行电子商务商行（个体工商户）,公益捐款支出|贵州省慈善总会|6952045692810958349
2026-04-23 05:48:24,'2026042305481836123937384242,出账,0.01,聚合账户,公益捐款,,'6925627857640128461,'6925627857640128461,,,,,,,普通订单,0,0,0,0,0,0,0,0,0,0,0,0,0,0,0,0,0,0,0,,0,义乌市蓓行电子商务商行（个体工商户）,公益捐款支出|贵州省慈善总会|6925627857640128461
2026-04-23 05:48:25,'2026042305481903323830114242,出账,0.01,聚合账户,公益捐款,,'6952025717418563462,'6952025717418563462,,,,,,,普通订单,0,0,0,0,0,0,0,0,0,0,0,0,0,0,0,0,0,0,0,,0,义乌市蓓行电子商务商行（个体工商户）,公益捐款支出|贵州省慈善总会|6952025717418563462
2026-04-23 05:48:25,'2026042305482013511565214242,出账,0.01,聚合账户,公益捐款,,'6925672563090095466,'6925672563090095466,,,,,,,普通订单,0,0,0,0,0,0,0,0,0,0,0,0,0,0,0,0,0,0,0,,0,义乌市蓓行电子商务商行（个体工商户）,公益捐款支出|贵州省慈善总会|6925672563090095466
2026-04-23 05:48:25,'2026042305481835793679784242,出账,0.01,聚合账户,公益捐款,,'6952011699101898100,'6952011699101898100,,,,,,,普通订单,0,0,0,0,0,0,0,0,0,0,0,0,0,0,0,0,0,0,0,,0,义乌市蓓行电子商务商行（个体工商户）,公益捐款支出|贵州省慈善总会|6952011699101898100
2026-04-23 05:48:25,'2026042305482107256683614242,出账,0.01,聚合账户,公益捐款,,'6952020481118573622,'6952020481118573622,,,,,,,普通订单,0,0,0,0,0,0,0,0,0,0,0,0,0,0,0,0,0,0,0,,0,义乌市蓓行电子商务商行（个体工商户）,公益捐款支出|贵州省慈善总会|6952020481118573622
2026-04-23 05:50:57,'2026042305505304576381444242,出账,0.01,聚合账户,公益捐款,,'6952022933571704287,'6952022933571704287,,,,,,,普通订单,0,0,0,0,0,0,0,0,0,0,0,0,0,0,0,0,0,0,0,,0,义乌市蓓行电子商务商行（个体工商户）,公益捐款支出|贵州省慈善总会|6952022933571704287
2026-04-23 05:50:57,'2026042305505209990802074242,出账,0.01,聚合账户,公益捐款,,'6925542452989361844,'6925542452989361844,,,,,,,普通订单,0,0,0,0,0,0,0,0,0,0,0,0,0,0,0,0,0,0,0,,0,义乌市蓓行电子商务商行（个体工商户）,公益捐款支出|贵州省慈善总会|6925542452989361844
2026-04-23 05:50:57,'2026042305505135789381124242,出账,0.01,聚合账户,公益捐款,,'6925541997001998001,'6925541997001998001,,,,,,,普通订单,0,0,0,0,0,0,0,0,0,0,0,0,0,0,0,0,0,0,0,,0,义乌市蓓行电子商务商行（个体工商户）,公益捐款支出|贵州省慈善总会|6925541997001998001
2026-04-23 05:50:57,'2026042305505216449746434242,出账,0.01,聚合账户,公益捐款,,'6952029155379778921,'6952029155379778921,,,,,,,普通订单,0,0,0,0,0,0,0,0,0,0,0,0,0,0,0,0,0,0,0,,0,义乌市蓓行电子商务商行（个体工商户）,公益捐款支出|贵州省慈善总会|6952029155379778921
2026-04-23 05:51:11,'2026042305510640045491624242,出账,0.01,聚合账户,公益捐款,,'6925553991374896608,'6925553991374896608,,,,,,,普通订单,0,0,0,0,0,0,0,0,0,0,0,0,0,0,0,0,0,0,0,,0,义乌市蓓行电子商务商行（个体工商户）,公益捐款支出|贵州省慈善总会|6925553991374896608
2026-04-23 05:51:11,'2026042305510632551286164242,出账,0.01,聚合账户,公益捐款,,'6925561804067012006,'6925561804067012006,,,,,,,普通订单,0,0,0,0,0,0,0,0,0,0,0,0,0,0,0,0,0,0,0,,0,义乌市蓓行电子商务商行（个体工商户）,公益捐款支出|贵州省慈善总会|6925561804067012006
2026-04-23 05:51:11,'2026042305510729781693944242,出账,0.01,聚合账户,公益捐款,,'6952029324927834007,'6952029324927834007,,,,,,,普通订单,0,0,0,0,0,0,0,0,0,0,0,0,0,0,0,0,0,0,0,,0,义乌市蓓行电子商务商行（个体工商户）,公益捐款支出|贵州省慈善总会|6952029324927834007
2026-04-23 05:51:11,'2026042305510709737344354242,出账,0.01,聚合账户,公益捐款,,'6925543114636492566,'6925543114636492566,,,,,,,普通订单,0,0,0,0,0,0,0,0,0,0,0,0,0,0,0,0,0,0,0,,0,义乌市蓓行电子商务商行（个体工商户）,公益捐款支出|贵州省慈善总会|6925543114636492566
2026-04-23 05:51:11,'2026042305510734187187704242,出账,0.01,聚合账户,公益捐款,,'6925572130513386728,'6925572130513386728,,,,,,,普通订单,0,0,0,0,0,0,0,0,0,0,0,0,0,0,0,0,0,0,0,,0,义乌市蓓行电子商务商行（个体工商户）,公益捐款支出|贵州省慈善总会|6925572130513386728
2026-04-23 05:51:11,'2026042305510600853445474242,出账,0.01,聚合账户,公益捐款,,'6925670743942463049,'6925670743942463049,,,,,,,普通订单,0,0,0,0,0,0,0,0,0,0,0,0,0,0,0,0,0,0,0,,0,义乌市蓓行电子商务商行（个体工商户）,公益捐款支出|贵州省慈善总会|6925670743942463049
2026-04-23 05:51:11,'2026042305510638642693484242,出账,0.01,聚合账户,公益捐款,,'6925547133757127809,'6925547133757127809,,,,,,,普通订单,0,0,0,0,0,0,0,0,0,0,0,0,0,0,0,0,0,0,0,,0,义乌市蓓行电子商务商行（个体工商户）,公益捐款支出|贵州省慈善总会|6925547133757127809
2026-04-23 05:51:11,'2026042305510704614397794242,出账,0.01,聚合账户,公益捐款,,'6925679535757361120,'6925679535757361120,,,,,,,普通订单,0,0,0,0,0,0,0,0,0,0,0,0,0,0,0,0,0,0,0,,0,义乌市蓓行电子商务商行（个体工商户）,公益捐款支出|贵州省慈善总会|6925679535757361120
2026-04-23 05:51:11,'2026042305510731419971024242,出账,0.01,聚合账户,公益捐款,,'6925574258373328321,'6925574258373328321,,,,,,,普通订单,0,0,0,0,0,0,0,0,0,0,0,0,0,0,0,0,0,0,0,,0,义乌市蓓行电子商务商行（个体工商户）,公益捐款支出|贵州省慈善总会|6925574258373328321
2026-04-23 05:51:11,'2026042305510639895042754242,出账,0.01,聚合账户,公益捐款,,'6925694686381047361,'6925694686381047361,,,,,,,普通订单,0,0,0,0,0,0,0,0,0,0,0,0,0,0,0,0,0,0,0,,0,义乌市蓓行电子商务商行（个体工商户）,公益捐款支出|贵州省慈善总会|6925694686381047361
2026-04-23 05:51:11,'2026042305510328528154234242,出账,0.01,聚合账户,公益捐款,,'6952029528037463486,'6952029528037463486,,,,,,,普通订单,0,0,0,0,0,0,0,0,0,0,0,0,0,0,0,0,0,0,0,,0,义乌市蓓行电子商务商行（个体工商户）,公益捐款支出|贵州省慈善总会|6952029528037463486
2026-04-23 05:51:12,'2026042305510806878994184242,出账,0.01,聚合账户,公益捐款,,'6925558901933571809,'6925558901933571809,,,,,,,普通订单,0,0,0,0,0,0,0,0,0,0,0,0,0,0,0,0,0,0,0,,0,义乌市蓓行电子商务商行（个体工商户）,公益捐款支出|贵州省慈善总会|6925558901933571809
2026-04-23 05:51:12,'2026042305510729613591394242,出账,0.01,聚合账户,公益捐款,,'6952106638707922643,'6952106638707922643,,,,,,,普通订单,0,0,0,0,0,0,0,0,0,0,0,0,0,0,0,0,0,0,0,,0,义乌市蓓行电子商务商行（个体工商户）,公益捐款支出|贵州省慈善总会|6952106638707922643
2026-04-23 05:51:12,'2026042305510709742751074242,出账,0.01,聚合账户,公益捐款,,'6952018274451264802,'6952018274451264802,,,,,,,普通订单,0,0,0,0,0,0,0,0,0,0,0,0,0,0,0,0,0,0,0,,0,义乌市蓓行电子商务商行（个体工商户）,公益捐款支出|贵州省慈善总会|6952018274451264802
2026-04-23 05:51:12,'2026042305510620061888004242,出账,0.01,聚合账户,公益捐款,,'6952149063080154688,'6952149063080154688,,,,,,,普通订单,0,0,0,0,0,0,0,0,0,0,0,0,0,0,0,0,0,0,0,,0,义乌市蓓行电子商务商行（个体工商户）,公益捐款支出|贵州省慈善总会|6952149063080154688
2026-04-23 05:59:29,'2026042305592521097520834242,出账,0.01,聚合账户,公益捐款,,'6925679974092472182,'6925679974092472182,,,,,,,普通订单,0,0,0,0,0,0,0,0,0,0,0,0,0,0,0,0,0,0,0,,0,义乌市蓓行电子商务商行（个体工商户）,公益捐款支出|贵州省慈善总会|6925679974092472182
2026-04-23 05:59:29,'2026042305592428734920024242,出账,0.01,聚合账户,公益捐款,,'6925540753341971780,'6925540753341971780,,,,,,,普通订单,0,0,0,0,0,0,0,0,0,0,0,0,0,0,0,0,0,0,0,,0,义乌市蓓行电子商务商行（个体工商户）,公益捐款支出|贵州省慈善总会|6925540753341971780
2026-04-23 05:59:29,'2026042305592428733117784242,出账,0.01,聚合账户,公益捐款,,'6925549890996764061,'6925549890996764061,,,,,,,普通订单,0,0,0,0,0,0,0,0,0,0,0,0,0,0,0,0,0,0,0,,0,义乌市蓓行电子商务商行（个体工商户）,公益捐款支出|贵州省慈善总会|6925549890996764061
2026-04-23 05:59:30,'2026042305592510239511384242,出账,0.01,聚合账户,公益捐款,,'6925557835087576505,'6925557835087576505,,,,,,,普通订单,0,0,0,0,0,0,0,0,0,0,0,0,0,0,0,0,0,0,0,,0,义乌市蓓行电子商务商行（个体工商户）,公益捐款支出|贵州省慈善总会|6925557835087576505
2026-04-23 05:59:39,'2026042305593305412992004242,出账,0.01,聚合账户,公益捐款,,'6925569644052905140,'6925569644052905140,,,,,,,普通订单,0,0,0,0,0,0,0,0,0,0,0,0,0,0,0,0,0,0,0,,0,义乌市蓓行电子商务商行（个体工商户）,公益捐款支出|贵州省慈善总会|6925569644052905140
2026-04-23 05:59:40,'2026042305593513309217794242,出账,0.01,聚合账户,公益捐款,,'6925556676067556904,'6925556676067556904,,,,,,,普通订单,0,0,0,0,0,0,0,0,0,0,0,0,0,0,0,0,0,0,0,,0,义乌市蓓行电子商务商行（个体工商户）,公益捐款支出|贵州省慈善总会|6925556676067556904
2026-04-23 05:59:40,'2026042305593326059289694242,出账,0.01,聚合账户,公益捐款,,'6952019510002325223,'6952019510002325223,,,,,,,普通订单,0,0,0,0,0,0,0,0,0,0,0,0,0,0,0,0,0,0,0,,0,义乌市蓓行电子商务商行（个体工商户）,公益捐款支出|贵州省慈善总会|6952019510002325223
2026-04-23 05:59:40,'2026042305593432552553484242,出账,0.01,聚合账户,公益捐款,,'6925665620469120068,'6925665620469120068,,,,,,,普通订单,0,0,0,0,0,0,0,0,0,0,0,0,0,0,0,0,0,0,0,,0,义乌市蓓行电子商务商行（个体工商户）,公益捐款支出|贵州省慈善总会|6925665620469120068
2026-04-23 05:59:40,'2026042305593220062049704242,出账,0.01,聚合账户,公益捐款,,'6952039000048801061,'6952039000048801061,,,,,,,普通订单,0,0,0,0,0,0,0,0,0,0,0,0,0,0,0,0,0,0,0,,0,义乌市蓓行电子商务商行（个体工商户）,公益捐款支出|贵州省慈善总会|6952039000048801061
2026-04-23 05:59:40,'2026042305593609744757854242,出账,0.01,聚合账户,公益捐款,,'6952016173881169506,'6952016173881169506,,,,,,,普通订单,0,0,0,0,0,0,0,0,0,0,0,0,0,0,0,0,0,0,0,,0,义乌市蓓行电子商务商行（个体工商户）,公益捐款支出|贵州省慈善总会|6952016173881169506
2026-04-23 06:00:02,'2026042305595717071355294242,出账,0.01,聚合账户,公益捐款,,'6925553579425628104,'6925553579425628104,,,,,,,普通订单,0,0,0,0,0,0,0,0,0,0,0,0,0,0,0,0,0,0,0,,0,义乌市蓓行电子商务商行（个体工商户）,公益捐款支出|贵州省慈善总会|6925553579425628104
2026-04-23 06:00:10,'2026042306000511051709534242,出账,0.01,聚合账户,公益捐款,,'6925552660361346306,'6925552660361346306,,,,,,,普通订单,0,0,0,0,0,0,0,0,0,0,0,0,0,0,0,0,0,0,0,,0,义乌市蓓行电子商务商行（个体工商户）,公益捐款支出|贵州省慈善总会|6925552660361346306
2026-04-23 06:00:16,'2026042306001009565642644242,出账,0.01,聚合账户,公益捐款,,'6952022735621592668,'6952022735621592668,,,,,,,普通订单,0,0,0,0,0,0,0,0,0,0,0,0,0,0,0,0,0,0,0,,0,义乌市蓓行电子商务商行（个体工商户）,公益捐款支出|贵州省慈善总会|6952022735621592668
2026-04-23 06:25:47,'2026042306253619429138074242,出账,5.03,聚合账户,上门取件运费,,'6925542002758483918,'6925542002758483918,'147449368943065836,,,,,,普通订单,0,0,0,0,0,0,0,0,0,0,0,0,0,0,0,0,0,0,0,,0,义乌市蓓行电子商务商行（个体工商户）,因商品存在品质问题，扣除商家相应金额进行运费赔付-订单6925542002758483918-售后单147449368943065836-运单JT0023027507395
2026-04-23 06:39:06,'2026042306390313843996264242,出账,5.07,聚合账户,上门取件运费,,'6952173970893903533,'6952173970893903533,'147451256360490782,,,,,,普通订单,0,0,0,0,0,0,0,0,0,0,0,0,0,0,0,0,0,0,0,,0,义乌市蓓行电子商务商行（个体工商户）,因订单存在发货违规等问题，扣除商家相应金额进行运费赔付-订单6952173970893903533-售后单147451256360490782-运单73704839361126
2026-04-23 07:20:39,'2026042307203709145879554242,入账,6.3,聚合账户,货款结算入账,精选联盟,'6925560694903963008,'6925560694903963008,'SS76306669696094702270079,2026-04-13 00:08:20,'3798263450837320143,儿童是兔子警官可爱兔子帽子发夹边夹侧边发卡女卡通甜美拍照道具,'0,,普通订单,0.01,0,0,6.99,0,0,0,0,0,0,0,0,-0.35,0,0,0,0,-0.35,0,,0,义乌市蓓行电子商务商行（个体工商户）,订单结算
2026-04-23 07:20:39,'2026042307203506096985944242,入账,3.65,聚合账户,货款结算入账,小店自卖,'6952024900721514240,'6952024900721514240,'SS76306667479856094980221,2026-04-12 21:05:05,'3799803177344303392,简约复古超弹高级感头绳韩国东大门咖色磨砂小香风头绳大肠圈日常,,,普通订单,0.84,0,0,3,0,0,0,0,0,0,0,0,-0.19,0,0,0,0,0,0,,0,义乌市蓓行电子商务商行（个体工商户）,订单结算
2026-04-23 07:20:40,'2026042307203614981701624242,出账,0.01,聚合账户,公益捐款,,'6925546078447631616,'6925546078447631616,,,,,,,普通订单,0,0,0,0,0,0,0,0,0,0,0,0,0,0,0,0,0,0,0,,0,义乌市蓓行电子商务商行（个体工商户）,公益捐款支出|贵州省慈善总会|6925546078447631616
2026-04-23 07:20:40,'2026042307203508066009944242,入账,2.82,聚合账户,货款结算入账,小店自卖,'6952059387200083798,'6952059387200083798,'SS76308378021498719180248,2026-04-14 21:58:21,'3807235944625602787,LOVEIXCC南瓜豹纹抓夹大号发量大2026新款高级感鲨鱼夹后脑勺发夹,,,普通订单,0.01,0,0,2.83,0,0,0,0,0,0,0,0,-0.02,0,0,0,0,0,0,是-商品卡免佣,0.15,义乌市蓓行电子商务商行（个体工商户）,订单结算
2026-04-23 07:20:40,'2026042307203603488811524242,入账,2.72,聚合账户,货款结算入账,小店自卖,'6952027188959909696,'6952027188959909696,'SS76306385687426340260140,2026-04-12 19:25:44,'3799969300262028066,复古波点褶皱香蕉夹高级感马尾扭扭竖夹后脑勺显发量横夹发卡发饰,,,普通订单,2.74,0,0,0,0,0,0,0,0,0,0,0,-0.02,0,0,0,0,0,0,是-商品卡免佣,0.15,义乌市蓓行电子商务商行（个体工商户）,订单结算
2026-04-23 07:20:40,'2026042307203510289976724242,入账,3.7,聚合账户,货款结算入账,巨量千川,'6952029967181157945,'6952029967181157945,'SS76285384019399805540197,2026-04-13 07:35:02,'3811112236538265926,【超值特惠】古风高级感发夹女2026新款网红后脑抓夹发量少专用水钻一字扭扭夹,,,普通订单,2.89,0,0,1,0,0,0,0,0,0,0,0,-0.19,0,0,0,0,0,0,,0,义乌市蓓行电子商务商行（个体工商户）,订单结算
2026-04-23 07:20:40,'2026042307203632220124704242,入账,3.76,聚合账户,货款结算入账,小店自卖,'6925598327527734549,'6925598327527734549,'SS76307613260085829550209,2026-04-14 18:32:11,'3797899639299113146,气质鲨鱼夹子法式公主头赫本抓夹女冬季新款发抓后脑勺高级感发卡,,,普通订单,0.68,0,0,3.28,0,0,0,0,0,0,0,0,-0.2,0,0,0,0,0,0,,0,义乌市蓓行电子商务商行（个体工商户）,订单结算
2026-04-23 07:20:40,'2026042307203621982257044242,入账,4.4,聚合账户,货款结算入账,小店自卖,'6952161439595697952,'6952161439595697952,'SS76307894922989411900226,2026-04-17 16:30:05,'3798263450837320143,儿童是兔子警官可爱兔子帽子发夹边夹侧边发卡女卡通甜美拍照道具,,,普通订单,2.43,0,0,2,0,0,0,0,0,0,0,0,-0.03,0,0,0,0,0,0,是-商品卡免佣,0.22,义乌市蓓行电子商务商行（个体工商户）,订单结算
2026-04-23 07:20:40,'2026042307203637423025024242,入账,2.7,聚合账户,货款结算入账,小店自卖,'6925546078447631616,'6925546078447631616,'SS76306658351138616660040,2026-04-12 15:23:07,'3807250008697339947,蓝咖格子大肠发圈蓝色韩系新款复古四层头发丸子马尾高级头绳发饰,,,普通订单,0.01,0,0,2.83,0,0,0,0,0,0,0,0,-0.14,0,0,0,0,0,0,,0,义乌市蓓行电子商务商行（个体工商户）,订单结算
2026-04-23 07:20:40,'2026042307203640440305004242,入账,3.42,聚合账户,货款结算入账,小店自卖,'6925596950464528292,'6925596950464528292,'SS76307591480410933910111,2026-04-14 22:41:31,'3807250008697339947,蓝咖格子大肠发圈蓝色韩系新款复古四层头发丸子马尾高级头绳发饰,,,普通订单,3.44,0,0,0,0,0,0,0,0,0,0,0,-0.02,0,0,0,0,0,0,是-商品卡免佣,0.15,义乌市蓓行电子商务商行（个体工商户）,订单结算
2026-04-23 07:20:40,'2026042307203708937190744242,入账,1.21,聚合账户,货款结算入账,巨量千川,'6952041054504162512,'6952041054504162512,'SS76303466251195356620185,2026-04-13 08:39:38,'3792402691087532393,【小众高级感】高颜值彩色豆豆发圈头绳扎头发马尾丸子头高弹力橡皮筋不伤发发绳,,,普通订单,0.9,0,0,0.88,0,0,0,0,0,0,0,-0.5,-0.07,0,0,0,0,0,0,,0,义乌市蓓行电子商务商行（个体工商户）,订单结算
2026-04-23 07:20:41,'2026042307203720152159244242,出账,0.01,聚合账户,公益捐款,,'6952024900721514240,'6952024900721514240,,,,,,,普通订单,0,0,0,0,0,0,0,0,0,0,0,0,0,0,0,0,0,0,0,,0,义乌市蓓行电子商务商行（个体工商户）,公益捐款支出|贵州省慈善总会|6952024900721514240
2026-04-23 07:20:41,'2026042307203603092198504242,出账,0.01,聚合账户,公益捐款,,'6952059387200083798,'6952059387200083798,,,,,,,普通订单,0,0,0,0,0,0,0,0,0,0,0,0,0,0,0,0,0,0,0,,0,义乌市蓓行电子商务商行（个体工商户）,公益捐款支出|贵州省慈善总会|6952059387200083798
2026-04-23 07:20:41,'2026042307203729823470424242,出账,0.01,聚合账户,公益捐款,,'6952161439595697952,'6952161439595697952,,,,,,,普通订单,0,0,0,0,0,0,0,0,0,0,0,0,0,0,0,0,0,0,0,,0,义乌市蓓行电子商务商行（个体工商户）,公益捐款支出|贵州省慈善总会|6952161439595697952
2026-04-23 07:20:41,'2026042307203511927232064242,出账,0.01,聚合账户,公益捐款,,'6925560694903963008,'6925560694903963008,,,,,,,普通订单,0,0,0,0,0,0,0,0,0,0,0,0,0,0,0,0,0,0,0,,0,义乌市蓓行电子商务商行（个体工商户）,公益捐款支出|贵州省慈善总会|6925560694903963008
2026-04-23 07:20:41,'2026042307203613686546554242,出账,0.01,聚合账户,公益捐款,,'6952027188959909696,'6952027188959909696,,,,,,,普通订单,0,0,0,0,0,0,0,0,0,0,0,0,0,0,0,0,0,0,0,,0,义乌市蓓行电子商务商行（个体工商户）,公益捐款支出|贵州省慈善总会|6952027188959909696
2026-04-23 07:20:41,'2026042307203726344000264242,出账,0.01,聚合账户,公益捐款,,'6925596950464528292,'6925596950464528292,,,,,,,普通订单,0,0,0,0,0,0,0,0,0,0,0,0,0,0,0,0,0,0,0,,0,义乌市蓓行电子商务商行（个体工商户）,公益捐款支出|贵州省慈善总会|6925596950464528292
2026-04-23 07:20:41,'2026042307203813700346984242,出账,0.01,聚合账户,公益捐款,,'6952041054504162512,'6952041054504162512,,,,,,,普通订单,0,0,0,0,0,0,0,0,0,0,0,0,0,0,0,0,0,0,0,,0,义乌市蓓行电子商务商行（个体工商户）,公益捐款支出|贵州省慈善总会|6952041054504162512
2026-04-23 07:20:46,'2026042307204218090071504242,入账,6.96,聚合账户,货款结算入账,小店自卖,'6925559735886642206,'6925559735886642206,'SS76307123762662121150006,2026-04-13 13:17:54,'3798263450837320143,儿童是兔子警官可爱兔子帽子发夹边夹侧边发卡女卡通甜美拍照道具,,,普通订单,7,0,0,0,0,0,0,0,0,0,0,0,-0.04,0,0,0,0,0,0,是-商品卡免佣,0.29,义乌市蓓行电子商务商行（个体工商户）,订单结算
2026-04-23 07:20:46,'2026042307204224961359464242,入账,9.4,聚合账户,货款结算入账,巨量千川,'6925556667436268776,'6925556667436268776,'SS76306603657821926740173,2026-04-13 08:17:29,'3813321554645877156,轻奢高定一字夹后脑勺高级感扭扭夹大号发量多发卡发夹,,,普通订单,9.89,0,0,0,0,0,0,0,0,0,0,0,-0.49,0,0,0,0,0,0,,0,义乌市蓓行电子商务商行（个体工商户）,订单结算
2026-04-23 07:20:46,'2026042307204221017892184242,入账,6.2,聚合账户,货款结算入账,小店自卖,'6952168409352574325,'6952168409352574325,'SS76307844501044764310167,2026-04-18 02:12:58,'3807250008697339947,蓝咖格子大肠发圈蓝色韩系新款复古四层头发丸子马尾高级头绳发饰,,,普通订单,6.24,0,0,0,0,0,0,0,0,0,0,0,-0.04,0,0,0,0,0,0,是-商品卡免佣,0.29,义乌市蓓行电子商务商行（个体工商户）,订单结算
2026-04-23 07:20:46,'2026042307204304279506324242,入账,5.6,聚合账户,货款结算入账,巨量千川,'6952168419725219408,'6952168419725219408,'SS76307222843577142390084,2026-04-18 02:14:33,'3807220077028311460,新中式发饰高级感扭扭夹随手盘发一字夹水钻抓夹后脑勺发夹盘发器,,,普通订单,5.89,0,0,0,0,0,0,0,0,0,0,0,-0.29,0,0,0,0,0,0,,0,义乌市蓓行电子商务商行（个体工商户）,订单结算
2026-04-23 07:20:46,'2026042307204314350136414242,入账,6.55,聚合账户,货款结算入账,巨量千川,'6925673508099620040,'6925673508099620040,'SS76306860435411115920250,2026-04-17 13:46:51,'3807220077028311460,夏天高级感随手盘发一字扭扭夹水钻抓夹高级发夹扭扭后脑勺盘发器,,,普通订单,4.89,0,0,2,0,0,0,0,0,0,0,0,-0.34,0,0,0,0,0,0,,0,义乌市蓓行电子商务商行（个体工商户）,订单结算
2026-04-23 07:20:47,'2026042307204413761252184242,出账,0.01,聚合账户,公益捐款,,'6952168419725219408,'6952168419725219408,,,,,,,普通订单,0,0,0,0,0,0,0,0,0,0,0,0,0,0,0,0,0,0,0,,0,义乌市蓓行电子商务商行（个体工商户）,公益捐款支出|贵州省慈善总会|6952168419725219408
2026-04-23 07:20:47,'2026042307204200975386124242,出账,0.01,聚合账户,公益捐款,,'6925560379181465234,'6925560379181465234,,,,,,,普通订单,0,0,0,0,0,0,0,0,0,0,0,0,0,0,0,0,0,0,0,,0,义乌市蓓行电子商务商行（个体工商户）,公益捐款支出|贵州省慈善总会|6925560379181465234
2026-04-23 07:20:47,'2026042307204117182274754242,出账,0.01,聚合账户,公益捐款,,'6925559735886642206,'6925559735886642206,,,,,,,普通订单,0,0,0,0,0,0,0,0,0,0,0,0,0,0,0,0,0,0,0,,0,义乌市蓓行电子商务商行（个体工商户）,公益捐款支出|贵州省慈善总会|6925559735886642206
2026-04-23 07:20:47,'2026042307204337544599464242,入账,2.75,聚合账户,货款结算入账,巨量千川,'6925570202154598376,'6925570202154598376,'SS76307377080169930760009,2026-04-13 14:37:19,'3811112236538265926,【超值特惠】古风高级感发夹女2026新款网红后脑抓夹发量少专用水钻一字扭扭夹,,,普通订单,2.89,0,0,0,0,0,0,0,0,0,0,0,-0.14,0,0,0,0,0,0,,0,义乌市蓓行电子商务商行（个体工商户）,订单结算
2026-04-23 07:20:47,'2026042307204316538834334242,入账,4.22,聚合账户,货款结算入账,小店自卖,'6925534075102658427,'6925534075102658427,'SS76306665976171771510018,2026-04-12 17:40:35,'3808310519631315107,2026年高级感水钻发夹新款轻奢一字夹精致少女鸭嘴夹刘海侧边头饰,,,普通订单,4.25,0,0,0,0,0,0,0,0,0,0,0,-0.03,0,0,0,0,0,0,是-商品卡免佣,0.22,义乌市蓓行电子商务商行（个体工商户）,订单结算
2026-04-23 07:20:47,'2026042307204226637279354242,入账,4.4,聚合账户,货款结算入账,小店自卖,'6925560379181465234,'6925560379181465234,'SS76306668775600788860140,2026-04-12 22:22:16,'3798263450837320143,儿童是兔子警官可爱兔子帽子发夹边夹侧边发卡女卡通甜美拍照道具,,,普通订单,4.43,0,0,0,0,0,0,0,0,0,0,0,-0.03,0,0,0,0,0,0,是-商品卡免佣,0.22,义乌市蓓行电子商务商行（个体工商户）,订单结算
2026-04-23 07:20:47,'2026042307204316660444164242,出账,0.01,聚合账户,公益捐款,,'6925556667436268776,'6925556667436268776,,,,,,,普通订单,0,0,0,0,0,0,0,0,0,0,0,0,0,0,0,0,0,0,0,,0,义乌市蓓行电子商务商行（个体工商户）,公益捐款支出|贵州省慈善总会|6925556667436268776
2026-04-23 07:20:47,'2026042307204326428052634242,入账,3.42,聚合账户,货款结算入账,小店自卖,'6952052845958272145,'6952052845958272145,'SS76307256818406036830005,2026-04-13 14:09:20,'3807250008697339947,蓝咖格子大肠发圈蓝色韩系新款复古四层头发丸子马尾高级头绳发饰,,,普通订单,3.44,0,0,0,0,0,0,0,0,0,0,0,-0.02,0,0,0,0,0,0,是-商品卡免佣,0.15,义乌市蓓行电子商务商行（个体工商户）,订单结算
2026-04-23 07:20:47,'2026042307204312086646104242,入账,2.75,聚合账户,货款结算入账,巨量千川,'6952161805147313357,'6952161805147313357,'SS76307531136073241940189,2026-04-17 20:38:01,'3792402691087532393,女韩版橡皮筋高弹力新款发绳简约可爱头绳发圈无扎痕头饰高级发饰,,,普通订单,2.9,0,0,0,0,0,0,0,0,0,0,0,-0.15,0,0,0,0,0,0,,0,义乌市蓓行电子商务商行（个体工商户）,订单结算
2026-04-23 07:20:47,'2026042307204337624755294242,出账,0.01,聚合账户,公益捐款,,'6925673508099620040,'6925673508099620040,,,,,,,普通订单,0,0,0,0,0,0,0,0,0,0,0,0,0,0,0,0,0,0,0,,0,义乌市蓓行电子商务商行（个体工商户）,公益捐款支出|贵州省慈善总会|6925673508099620040
2026-04-23 07:20:47,'2026042307204331738639764242,出账,0.01,聚合账户,公益捐款,,'6952168409352574325,'6952168409352574325,,,,,,,普通订单,0,0,0,0,0,0,0,0,0,0,0,0,0,0,0,0,0,0,0,,0,义乌市蓓行电子商务商行（个体工商户）,公益捐款支出|贵州省慈善总会|6952168409352574325
2026-04-23 07:20:48,'2026042307204324551429124242,出账,0.01,聚合账户,公益捐款,,'6952161805147313357,'6952161805147313357,,,,,,,普通订单,0,0,0,0,0,0,0,0,0,0,0,0,0,0,0,0,0,0,0,,0,义乌市蓓行电子商务商行（个体工商户）,公益捐款支出|贵州省慈善总会|6952161805147313357
2026-04-23 07:20:48,'2026042307204334575813274242,出账,0.01,聚合账户,公益捐款,,'6925570202154598376,'6925570202154598376,,,,,,,普通订单,0,0,0,0,0,0,0,0,0,0,0,0,0,0,0,0,0,0,0,,0,义乌市蓓行电子商务商行（个体工商户）,公益捐款支出|贵州省慈善总会|6925570202154598376
2026-04-23 07:20:52,'2026042307204823292974544242,入账,5.8,聚合账户,货款结算入账,小店自卖,'6925545329648369139,'6925545329648369139,'SS76306669792927588470178,2026-04-13 00:24:22,'3807230150731497890,可爱小狗抓夹卡通高级2026新款后脑勺盘发鲨鱼夹中号发量发夹发饰,,,普通订单,5.84,0,0,0,0,0,0,0,0,0,0,0,-0.04,0,0,0,0,0,0,是-商品卡免佣,0.29,义乌市蓓行电子商务商行（个体工商户）,订单结算
2026-04-23 07:20:52,'2026042307204912675156574242,入账,4.51,聚合账户,货款结算入账,小店自卖,'6925555323200830980,'6925555323200830980,'SS76307552789793510490116,2026-04-13 10:00:44,'3807250008697339947,蓝咖格子大肠发圈蓝色韩系新款复古四层头发丸子马尾高级头绳发饰,,,普通订单,4.54,0,0,0,0,0,0,0,0,0,0,0,-0.03,0,0,0,0,0,0,是-商品卡免佣,0.22,义乌市蓓行电子商务商行（个体工商户）,订单结算
2026-04-23 07:20:52,'2026042307204832095483404242,入账,3.48,聚合账户,货款结算入账,小店自卖,'6952019163021842395,'6952019163021842395,'SS76292853269181571020184,2026-04-13 10:02:50,'3798263450837320143,儿童是兔子警官可爱兔子帽子发夹边夹侧边发卡女卡通甜美拍照道具,,,普通订单,7,0,0,0,0,0,0,0,0,0,0,-3.5,-0.02,0,0,0,0,0,0,是-商品卡免佣,0.15,义乌市蓓行电子商务商行（个体工商户）,订单结算
2026-04-23 07:20:52,'2026042307204923254185594242,入账,2.75,聚合账户,货款结算入账,巨量千川,'6925545739655871765,'6925545739655871765,'SS76307445841926392720100,2026-04-13 08:56:31,'3792402691087532393,【小众高级感】高颜值彩色豆豆发圈头绳扎头发马尾丸子头高弹力橡皮筋不伤发发绳,,,普通订单,2.9,0,0,0,0,0,0,0,0,0,0,0,-0.15,0,0,0,0,0,0,,0,义乌市蓓行电子商务商行（个体工商户）,订单结算
2026-04-23 07:20:52,'2026042307204724424453624242,入账,10.68,聚合账户,货款结算入账,小店自卖,'6952138337436636740,'6952138337436636740,'SS76306347020608315510096,2026-04-17 08:17:12,'3807250008697339947,蓝咖格子大肠发圈蓝色韩系新款复古四层头发丸子马尾高级头绳发饰,,,普通订单,10.74,0,0,0,0,0,0,0,0,0,0,0,-0.06,0,0,0,0,0,0,是-商品卡免佣,0.44,义乌市蓓行电子商务商行（个体工商户）,订单结算
2026-04-23 07:20:52,'2026042307204816360453644242,入账,2.87,聚合账户,货款结算入账,小店自卖,'6952029737507951822,'6952029737507951822,'SS76306669597097827940125,2026-04-12 23:50:00,'3807250008697339947,蓝咖格子大肠发圈蓝色韩系新款复古四层头发丸子马尾高级头绳发饰,,,普通订单,2.89,0,0,0,0,0,0,0,0,0,0,0,-0.02,0,0,0,0,0,0,是-商品卡免佣,0.15,义乌市蓓行电子商务商行（个体工商户）,订单结算
2026-04-23 07:20:52,'2026042307204907386073694242,入账,2.82,聚合账户,货款结算入账,小店自卖,'6952012203611722876,'6952012203611722876,'SS76306667124633605270122,2026-04-12 21:56:17,'3807235944625602787,LOVEIXCC南瓜豹纹抓夹大号发量大2026新款高级感鲨鱼夹后脑勺发夹,,,普通订单,2.84,0,0,0,0,0,0,0,0,0,0,0,-0.02,0,0,0,0,0,0,是-商品卡免佣,0.15,义乌市蓓行电子商务商行（个体工商户）,订单结算
2026-04-23 07:20:52,'2026042307204925166318344242,入账,3.14,聚合账户,货款结算入账,小店自卖,'6925561069870677313,'6925561069870677313,'SS76306610915660149760056,2026-04-13 08:28:14,'3807220077028311460,夏天高级感随手盘发一字扭扭夹水钻抓夹高级发夹扭扭后脑勺盘发器,,,普通订单,3.31,0,0,0,0,0,0,0,0,0,0,0,-0.17,0,0,0,0,0,0,,0,义乌市蓓行电子商务商行（个体工商户）,订单结算
2026-04-23 07:20:52,'2026042307204740154079264242,入账,3.7,聚合账户,货款结算入账,小店自卖,'6925669649340202783,'6925669649340202783,'SS76308158932405947240068,2026-04-17 17:24:30,'3807220077028311460,夏天高级感随手盘发一字扭扭夹水钻抓夹高级发夹扭扭后脑勺盘发器,,,普通订单,3.89,0,0,0,0,0,0,0,0,0,0,0,-0.19,0,0,0,0,0,0,,0,义乌市蓓行电子商务商行（个体工商户）,订单结算
2026-04-23 07:20:52,'2026042307204929067026264242,入账,3.7,聚合账户,货款结算入账,巨量千川,'6952141899108259483,'6952141899108259483,'SS76308056716632560700055,2026-04-17 21:27:51,'3807220077028311460,新中式发饰高级感扭扭夹随手盘发一字夹水钻抓夹后脑勺发夹盘发器,,,普通订单,3.89,0,0,0,0,0,0,0,0,0,0,0,-0.19,0,0,0,0,0,0,,0,义乌市蓓行电子商务商行（个体工商户）,订单结算
2026-04-23 07:20:53,'2026042307205100378025054242,出账,0.01,聚合账户,公益捐款,,'6925561069870677313,'6925561069870677313,,,,,,,普通订单,0,0,0,0,0,0,0,0,0,0,0,0,0,0,0,0,0,0,0,,0,义乌市蓓行电子商务商行（个体工商户）,公益捐款支出|贵州省慈善总会|6925561069870677313
2026-04-23 07:20:53,'2026042307204938094484844242,出账,0.01,聚合账户,公益捐款,,'6952012203611722876,'6952012203611722876,,,,,,,普通订单,0,0,0,0,0,0,0,0,0,0,0,0,0,0,0,0,0,0,0,,0,义乌市蓓行电子商务商行（个体工商户）,公益捐款支出|贵州省慈善总会|6952012203611722876
2026-04-23 07:20:53,'2026042307204815797127684242,出账,0.01,聚合账户,公益捐款,,'6925545739655871765,'6925545739655871765,,,,,,,普通订单,0,0,0,0,0,0,0,0,0,0,0,0,0,0,0,0,0,0,0,,0,义乌市蓓行电子商务商行（个体工商户）,公益捐款支出|贵州省慈善总会|6925545739655871765
2026-04-23 07:20:53,'2026042307204932764564824242,出账,0.01,聚合账户,公益捐款,,'6952141899108259483,'6952141899108259483,,,,,,,普通订单,0,0,0,0,0,0,0,0,0,0,0,0,0,0,0,0,0,0,0,,0,义乌市蓓行电子商务商行（个体工商户）,公益捐款支出|贵州省慈善总会|6952141899108259483
2026-04-23 07:20:53,'2026042307204820522442394242,出账,0.01,聚合账户,公益捐款,,'6952019163021842395,'6952019163021842395,,,,,,,普通订单,0,0,0,0,0,0,0,0,0,0,0,0,0,0,0,0,0,0,0,,0,义乌市蓓行电子商务商行（个体工商户）,公益捐款支出|贵州省慈善总会|6952019163021842395
2026-04-23 07:20:53,'2026042307205000170237904242,出账,0.01,聚合账户,公益捐款,,'6925545329648369139,'6925545329648369139,,,,,,,普通订单,0,0,0,0,0,0,0,0,0,0,0,0,0,0,0,0,0,0,0,,0,义乌市蓓行电子商务商行（个体工商户）,公益捐款支出|贵州省慈善总会|6925545329648369139
2026-04-23 07:20:55,'2026042307205141525745004242,入账,6.96,聚合账户,货款结算入账,小店自卖,'6952126091361392439,'6952126091361392439,'SS76308569535310892060140,2026-04-16 12:05:14,'3798263450837320143,儿童是兔子警官可爱兔子帽子发夹边夹侧边发卡女卡通甜美拍照道具,,,普通订单,7,0,0,0,0,0,0,0,0,0,0,0,-0.04,0,0,0,0,0,0,是-商品卡免佣,0.29,义乌市蓓行电子商务商行（个体工商户）,订单结算
2026-04-23 07:20:55,'2026042307205211961963944242,入账,3.54,聚合账户,货款结算入账,小店自卖,'6952075606880687333,'6952075606880687333,'SS76308352609680430710022,2026-04-15 10:24:45,'3801832059815723099,懒人公主头编发夹女前额双层侧边夹子刘海碎发编发发夹鸭嘴夹发卡,,,普通订单,3.56,0,0,0,0,0,0,0,0,0,0,0,-0.02,0,0,0,0,0,0,是-商品卡免佣,0.15,义乌市蓓行电子商务商行（个体工商户）,订单结算
2026-04-23 07:20:55,'2026042307205000435041474242,入账,4.45,聚合账户,货款结算入账,小店自卖,'6925676730495565182,'6925676730495565182,'SS76308244788675384590000,2026-04-17 23:32:00,'3798263450837320143,儿童是兔子警官可爱兔子帽子发夹边夹侧边发卡女卡通甜美拍照道具,,,普通订单,3.48,0,0,0,0,0,0,0,1,0,0,0,-0.03,0,0,0,0,0,0,是-商品卡免佣,0.22,义乌市蓓行电子商务商行（个体工商户）,订单结算
2026-04-23 07:20:55,'2026042307204937247063474242,入账,6.96,聚合账户,货款结算入账,小店自卖,'6952166735818069464,'6952166735818069464,'SS76306910697471554620000,2026-04-18 07:31:08,'3798263450837320143,儿童是兔子警官可爱兔子帽子发夹边夹侧边发卡女卡通甜美拍照道具,,,普通订单,7,0,0,0,0,0,0,0,0,0,0,0,-0.04,0,0,0,0,0,0,是-商品卡免佣,0.29,义乌市蓓行电子商务商行（个体工商户）,订单结算
2026-04-23 07:20:55,'2026042307205126814920104242,入账,6.55,聚合账户,货款结算入账,巨量千川,'6952000555115156823,'6952000555115156823,'SS76306667380674442740104,2026-04-12 20:49:36,'3811112236538265926,【超值特惠】古风高级感发夹女2026新款网红后脑抓夹发量少专用水钻一字扭扭夹,,,普通订单,6.89,0,0,0,0,0,0,0,0,0,0,0,-0.34,0,0,0,0,0,0,,0,义乌市蓓行电子商务商行（个体工商户）,订单结算
2026-04-23 07:20:56,'2026042307205328235412944242,出账,0.01,聚合账户,公益捐款,,'6952075606880687333,'6952075606880687333,,,,,,,普通订单,0,0,0,0,0,0,0,0,0,0,0,0,0,0,0,0,0,0,0,,0,义乌市蓓行电子商务商行（个体工商户）,公益捐款支出|贵州省慈善总会|6952075606880687333
2026-04-23 07:20:56,'2026042307205228657095834242,出账,0.01,聚合账户,公益捐款,,'6952126091361392439,'6952126091361392439,,,,,,,普通订单,0,0,0,0,0,0,0,0,0,0,0,0,0,0,0,0,0,0,0,,0,义乌市蓓行电子商务商行（个体工商户）,公益捐款支出|贵州省慈善总会|6952126091361392439
2026-04-23 07:20:57,'2026042307205430829284304242,入账,4.65,聚合账户,货款结算入账,巨量千川,'6952034609489646818,'6952034609489646818,'SS76307002563388055040036,2026-04-13 11:01:31,'3811112236538265926,【超值特惠】古风高级感发夹女2026新款网红后脑抓夹发量少专用水钻一字扭扭夹,,,普通订单,4.89,0,0,0,0,0,0,0,0,0,0,0,-0.24,0,0,0,0,0,0,,0,义乌市蓓行电子商务商行（个体工商户）,订单结算
2026-04-23 07:20:57,'2026042307205337121889374242,入账,3.99,聚合账户,货款结算入账,小店自卖,'6925551772161375864,'6925551772161375864,'SS76306667639315013210134,2026-04-12 21:09:59,'3805708033615593705,咖色磨砂抓夹大号发夹女2026年新款后脑勺发量多鲨鱼夹子发卡头饰,,,普通订单,4.01,0,0,0,0,0,0,0,0,0,0,0,-0.02,0,0,0,0,0,0,是-商品卡免佣,0.15,义乌市蓓行电子商务商行（个体工商户）,订单结算
2026-04-23 07:20:57,'2026042307205432767020034242,入账,3.7,聚合账户,货款结算入账,巨量千川,'6952038846162540168,'6952038846162540168,'SS76306607100119124830227,2026-04-13 06:45:31,'3811112236538265926,【超值特惠】古风高级感发夹女2026新款网红后脑抓夹发量少专用水钻一字扭扭夹,,,普通订单,3.89,0,0,0,0,0,0,0,0,0,0,0,-0.19,0,0,0,0,0,0,,0,义乌市蓓行电子商务商行（个体工商户）,订单结算
2026-04-23 07:20:57,'2026042307205411084928274242,入账,2.75,聚合账户,货款结算入账,巨量千川,'6925576702334696725,'6925576702334696725,'SS76307319231237983100006,2026-04-13 14:23:03,'3792402691087532393,【小众高级感】高颜值彩色豆豆发圈头绳扎头发马尾丸子头高弹力橡皮筋不伤发发绳,,,普通订单,2.9,0,0,0,0,0,0,0,0,0,0,0,-0.15,0,0,0,0,0,0,,0,义乌市蓓行电子商务商行（个体工商户）,订单结算
2026-04-23 07:20:57,'2026042307205429251712464242,入账,4.65,聚合账户,货款结算入账,巨量千川,'6925545061892717617,'6925545061892717617,'SS76306408467634755190201,2026-04-12 22:22:28,'3792402691087532393,【小众高级感】高颜值彩色豆豆发圈头绳扎头发马尾丸子头高弹力橡皮筋不伤发发绳,,,普通订单,4.9,0,0,0,0,0,0,0,0,0,0,0,-0.25,0,0,0,0,0,0,,0,义乌市蓓行电子商务商行（个体工商户）,订单结算
2026-04-23 07:20:58,'2026042307205329584307564242,出账,0.01,聚合账户,公益捐款,,'6925545061892717617,'6925545061892717617,,,,,,,普通订单,0,0,0,0,0,0,0,0,0,0,0,0,0,0,0,0,0,0,0,,0,义乌市蓓行电子商务商行（个体工商户）,公益捐款支出|贵州省慈善总会|6925545061892717617
2026-04-23 07:20:58,'2026042307205416790656004242,出账,0.01,聚合账户,公益捐款,,'6925576702334696725,'6925576702334696725,,,,,,,普通订单,0,0,0,0,0,0,0,0,0,0,0,0,0,0,0,0,0,0,0,,0,义乌市蓓行电子商务商行（个体工商户）,公益捐款支出|贵州省慈善总会|6925576702334696725
2026-04-23 07:20:58,'2026042307205340529269914242,出账,0.01,聚合账户,公益捐款,,'6952034609489646818,'6952034609489646818,,,,,,,普通订单,0,0,0,0,0,0,0,0,0,0,0,0,0,0,0,0,0,0,0,,0,义乌市蓓行电子商务商行（个体工商户）,公益捐款支出|贵州省慈善总会|6952034609489646818
2026-04-23 07:20:58,'2026042307205435219092994242,出账,0.01,聚合账户,公益捐款,,'6952038846162540168,'6952038846162540168,,,,,,,普通订单,0,0,0,0,0,0,0,0,0,0,0,0,0,0,0,0,0,0,0,,0,义乌市蓓行电子商务商行（个体工商户）,公益捐款支出|贵州省慈善总会|6952038846162540168
2026-04-23 07:20:59,'2026042307205636033009154242,入账,4.58,聚合账户,货款结算入账,小店自卖,'6952025835318088830,'6952025835318088830,'SS76306999859437409820223,2026-04-13 12:00:34,'3801836466452168850,花朵公主刘海甜美发夹精致迷你侧边发卡夹子小号抓夹碎发发饰头饰,,,普通订单,4.61,0,0,0,0,0,0,0,0,0,0,0,-0.03,0,0,0,0,0,0,是-商品卡免佣,0.22,义乌市蓓行电子商务商行（个体工商户）,订单结算
2026-04-23 07:20:59,'2026042307205535284912834242,入账,10.68,聚合账户,货款结算入账,小店自卖,'6925560718968192764,'6925560718968192764,'SS76306669909482747280066,2026-04-13 00:46:55,'3807250008697339947,蓝咖格子大肠发圈蓝色韩系新款复古四层头发丸子马尾高级头绳发饰,,,普通订单,0.74,0,0,0,0,0,0,0,10,0,0,0,-0.06,0,0,0,0,0,0,是-商品卡免佣,0.44,义乌市蓓行电子商务商行（个体工商户）,订单结算
2026-04-23 07:20:59,'2026042307205619757309984242,入账,3.7,聚合账户,货款结算入账,巨量千川,'6925562923538808600,'6925562923538808600,'SS76307371507845248340039,2026-04-13 12:35:52,'3807220077028311460,【超显气质】简约不硌头扭扭夹发夹女2026新款盘发抓夹高级感水钻珠珠一字夹子,,,普通订单,3.89,0,0,0,0,0,0,0,0,0,0,0,-0.19,0,0,0,0,0,0,,0,义乌市蓓行电子商务商行（个体工商户）,订单结算
2026-04-23 07:20:59,'2026042307205629864146014242,入账,3.67,聚合账户,货款结算入账,小店自卖,'6952030448732935310,'6952030448732935310,'SS76307430162148562420137,2026-04-13 13:05:47,'3799969300262028066,复古波点褶皱香蕉夹高级感马尾扭扭竖夹后脑勺显发量横夹发卡发饰,,,普通订单,3.69,0,0,0,0,0,0,0,0,0,0,0,-0.02,0,0,0,0,0,0,是-商品卡免佣,0.15,义乌市蓓行电子商务商行（个体工商户）,订单结算
2026-04-23 07:20:59,'2026042307205614772144904242,入账,5.15,聚合账户,货款结算入账,小店自卖,'6952025968265991972,'6952025968265991972,'SS76307122815002549860220,2026-04-13 13:17:55,'3801832059815723099,懒人公主头编发夹女前额双层侧边夹子刘海碎发编发发夹鸭嘴夹发卡,,,普通订单,5.18,0,0,0,0,0,0,0,0,0,0,0,-0.03,0,0,0,0,0,0,是-商品卡免佣,0.22,义乌市蓓行电子商务商行（个体工商户）,订单结算
2026-04-23 07:21:00,'2026042307205729045110224242,出账,0.01,聚合账户,公益捐款,,'6925562923538808600,'6925562923538808600,,,,,,,普通订单,0,0,0,0,0,0,0,0,0,0,0,0,0,0,0,0,0,0,0,,0,义乌市蓓行电子商务商行（个体工商户）,公益捐款支出|贵州省慈善总会|6925562923538808600
2026-04-23 07:21:00,'2026042307205529963556184242,出账,0.01,聚合账户,公益捐款,,'6952030448732935310,'6952030448732935310,,,,,,,普通订单,0,0,0,0,0,0,0,0,0,0,0,0,0,0,0,0,0,0,0,,0,义乌市蓓行电子商务商行（个体工商户）,公益捐款支出|贵州省慈善总会|6952030448732935310
2026-04-23 07:21:00,'2026042307205615903137824242,出账,0.01,聚合账户,公益捐款,,'6952025968265991972,'6952025968265991972,,,,,,,普通订单,0,0,0,0,0,0,0,0,0,0,0,0,0,0,0,0,0,0,0,,0,义乌市蓓行电子商务商行（个体工商户）,公益捐款支出|贵州省慈善总会|6952025968265991972
2026-04-23 07:21:00,'2026042307205638043858464242,出账,0.01,聚合账户,公益捐款,,'6952025835318088830,'6952025835318088830,,,,,,,普通订单,0,0,0,0,0,0,0,0,0,0,0,0,0,0,0,0,0,0,0,,0,义乌市蓓行电子商务商行（个体工商户）,公益捐款支出|贵州省慈善总会|6952025835318088830
2026-04-23 07:21:00,'2026042307205627517422434242,出账,0.01,聚合账户,公益捐款,,'6925560718968192764,'6925560718968192764,,,,,,,普通订单,0,0,0,0,0,0,0,0,0,0,0,0,0,0,0,0,0,0,0,,0,义乌市蓓行电子商务商行（个体工商户）,公益捐款支出|贵州省慈善总会|6925560718968192764
2026-04-23 07:21:01,'2026042307205737885260894242,入账,4.4,聚合账户,货款结算入账,小店自卖,'6925555287193779526,'6925555287193779526,'SS76306783912130319550065,2026-04-13 09:51:32,'3798263450837320143,儿童是兔子警官可爱兔子帽子发夹边夹侧边发卡女卡通甜美拍照道具,,,普通订单,4.43,0,0,0,0,0,0,0,0,0,0,0,-0.03,0,0,0,0,0,0,是-商品卡免佣,0.22,义乌市蓓行电子商务商行（个体工商户）,订单结算
2026-04-23 07:21:01,'2026042307205838168704514242,入账,13.92,聚合账户,货款结算入账,小店自卖,'6952022512729527421,'6952022512729527421,'SS76306666398097454500051,2026-04-12 18:11:27,'3798263450837320143,儿童是兔子警官可爱兔子帽子发夹边夹侧边发卡女卡通甜美拍照道具,,,普通订单,14,0,0,0,0,0,0,0,0,0,0,0,-0.08,0,0,0,0,0,0,是-商品卡免佣,0.59,义乌市蓓行电子商务商行（个体工商户）,订单结算
2026-04-23 07:21:01,'2026042307205730842598784242,入账,2.75,聚合账户,货款结算入账,巨量千川,'6952020442623120787,'6952020442623120787,'SS76306411084730376110187,2026-04-12 15:58:16,'3792402691087532393,【小众高级感】高颜值彩色豆豆发圈头绳扎头发马尾丸子头高弹力橡皮筋不伤发发绳,,,普通订单,2.9,0,0,0,0,0,0,0,0,0,0,0,-0.15,0,0,0,0,0,0,,0,义乌市蓓行电子商务商行（个体工商户）,订单结算
2026-04-23 07:21:01,'2026042307205704037883384242,入账,8.49,聚合账户,货款结算入账,小店自卖,'6925553694541578154,'6925553694541578154,'SS76306666387906401550239,2026-04-12 18:13:55,'3807250008697339947,蓝咖格子大肠发圈蓝色韩系新款复古四层头发丸子马尾高级头绳发饰,,,普通订单,8.54,0,0,0,0,0,0,0,0,0,0,0,-0.05,0,0,0,0,0,0,是-商品卡免佣,0.37,义乌市蓓行电子商务商行（个体工商户）,订单结算
2026-04-23 07:21:01,'2026042307205823069660624242,入账,3.7,聚合账户,货款结算入账,巨量千川,'6925556594560564927,'6925556594560564927,'SS76306607100963599790019,2026-04-13 07:15:58,'3811112236538265926,【超值特惠】古风高级感发夹女2026新款网红后脑抓夹发量少专用水钻一字扭扭夹,,,普通订单,3.89,0,0,0,0,0,0,0,0,0,0,0,-0.19,0,0,0,0,0,0,,0,义乌市蓓行电子商务商行（个体工商户）,订单结算
2026-04-23 07:21:02,'2026042307205816674002074242,出账,0.01,聚合账户,公益捐款,,'6925555287193779526,'6925555287193779526,,,,,,,普通订单,0,0,0,0,0,0,0,0,0,0,0,0,0,0,0,0,0,0,0,,0,义乌市蓓行电子商务商行（个体工商户）,公益捐款支出|贵州省慈善总会|6925555287193779526
2026-04-23 07:21:02,'2026042307205806838563994242,出账,0.01,聚合账户,公益捐款,,'6925553694541578154,'6925553694541578154,,,,,,,普通订单,0,0,0,0,0,0,0,0,0,0,0,0,0,0,0,0,0,0,0,,0,义乌市蓓行电子商务商行（个体工商户）,公益捐款支出|贵州省慈善总会|6925553694541578154
2026-04-23 07:21:02,'2026042307205927562156024242,出账,0.01,聚合账户,公益捐款,,'6925556594560564927,'6925556594560564927,,,,,,,普通订单,0,0,0,0,0,0,0,0,0,0,0,0,0,0,0,0,0,0,0,,0,义乌市蓓行电子商务商行（个体工商户）,公益捐款支出|贵州省慈善总会|6925556594560564927
2026-04-23 07:21:03,'2026042307210009106232664242,入账,6.5,聚合账户,货款结算入账,小店自卖,'6952014147922761121,'6952014147922761121,'SS76306667690113971610004,2026-04-12 21:30:42,'3807250008697339947,蓝咖格子大肠发圈蓝色韩系新款复古四层头发丸子马尾高级头绳发饰,,,普通订单,4.54,0,0,2,0,0,0,0,0,0,0,0,-0.04,0,0,0,0,0,0,是-商品卡免佣,0.29,义乌市蓓行电子商务商行（个体工商户）,订单结算
2026-04-23 07:21:03,'2026042307210007770442764242,入账,5.6,聚合账户,货款结算入账,巨量千川,'6952090718668920014,'6952090718668920014,'SS76306800501442322190122,2026-04-15 04:15:04,'3807220077028311460,夏天高级感随手盘发一字扭扭夹水钻抓夹高级发夹扭扭后脑勺盘发器,,,普通订单,5.89,0,0,0,0,0,0,0,0,0,0,0,-0.29,0,0,0,0,0,0,,0,义乌市蓓行电子商务商行（个体工商户）,订单结算
2026-04-23 07:21:03,'2026042307205936289910284242,入账,2.71,聚合账户,货款结算入账,小店自卖,'6951998151436801279,'6951998151436801279,'SS76306666733637148620211,2026-04-12 18:59:20,'3799803177344303392,简约复古超弹高级感头绳韩国东大门咖色磨砂小香风头绳大肠圈日常,,,普通订单,0.01,0,0,2.84,0,0,0,0,0,0,0,0,-0.14,0,0,0,0,0,0,,0,义乌市蓓行电子商务商行（个体工商户）,订单结算
2026-04-23 07:21:03,'2026042307205840154406924242,入账,6.59,聚合账户,货款结算入账,小店自卖,'6952072560326284808,'6952072560326284808,'SS76308425580667702390004,2026-04-14 22:01:40,'3809238305682358273,高级感非金属布艺抓夹超仙碎花大蝴蝶结飘带女后脑勺鲨鱼夹子发饰,,,普通订单,5.94,0,0,0.69,0,0,0,0,0,0,0,0,-0.04,0,0,0,0,0,0,是-商品卡免佣,0.29,义乌市蓓行电子商务商行（个体工商户）,订单结算
2026-04-23 07:21:03,'2026042307205819385715564242,入账,2.5,聚合账户,货款结算入账,小店自卖,'6925552273860296136,'6925552273860296136,'SS76306657719245706660032,2026-04-12 23:59:45,'3807250008697339947,蓝咖格子大肠发圈蓝色韩系新款复古四层头发丸子马尾高级头绳发饰,,,普通订单,0.01,0,0,2.62,0,0,0,0,0,0,0,0,-0.13,0,0,0,0,0,0,,0,义乌市蓓行电子商务商行（个体工商户）,订单结算
2026-04-23 07:21:04,'2026042307210111416417374242,入账,6.96,聚合账户,货款结算入账,小店自卖,'6925666832979950619,'6925666832979950619,'SS76308305274524472670147,2026-04-17 15:14:42,'3798263450837320143,儿童是兔子警官可爱兔子帽子发夹边夹侧边发卡女卡通甜美拍照道具,,,普通订单,7,0,0,0,0,0,0,0,0,0,0,0,-0.04,0,0,0,0,0,0,是-商品卡免佣,0.29,义乌市蓓行电子商务商行（个体工商户）,订单结算
2026-04-23 07:21:04,'2026042307210212800827394242,入账,5.15,聚合账户,货款结算入账,小店自卖,'6952045954686719203,'6952045954686719203,'SS76307013382476597860028,2026-04-13 12:07:14,'3801832059815723099,懒人公主头编发夹女前额双层侧边夹子刘海碎发编发发夹鸭嘴夹发卡,,,普通订单,5.18,0,0,0,0,0,0,0,0,0,0,0,-0.03,0,0,0,0,0,0,是-商品卡免佣,0.22,义乌市蓓行电子商务商行（个体工商户）,订单结算
2026-04-23 07:21:04,'2026042307210021780608364242,出账,0.01,聚合账户,公益捐款,,'6951998151436801279,'6951998151436801279,,,,,,,普通订单,0,0,0,0,0,0,0,0,0,0,0,0,0,0,0,0,0,0,0,,0,义乌市蓓行电子商务商行（个体工商户）,公益捐款支出|贵州省慈善总会|6951998151436801279
2026-04-23 07:21:04,'2026042307210104921761384242,入账,3.88,聚合账户,货款结算入账,小店自卖,'6925549776636182330,'6925549776636182330,'SS76306669923499054460203,2026-04-13 01:52:19,'3805708033615593705,咖色磨砂抓夹大号发夹女2026年新款后脑勺发量多鲨鱼夹子发卡头饰,,,普通订单,3.9,0,0,0,0,0,0,0,0,0,0,0,-0.02,0,0,0,0,0,0,是-商品卡免佣,0.15,义乌市蓓行电子商务商行（个体工商户）,订单结算
2026-04-23 07:21:04,'2026042307210131804787294242,出账,0.01,聚合账户,公益捐款,,'6952014147922761121,'6952014147922761121,,,,,,,普通订单,0,0,0,0,0,0,0,0,0,0,0,0,0,0,0,0,0,0,0,,0,义乌市蓓行电子商务商行（个体工商户）,公益捐款支出|贵州省慈善总会|6952014147922761121
2026-04-23 07:21:04,'2026042307210019221061464242,出账,0.01,聚合账户,公益捐款,,'6925552273860296136,'6925552273860296136,,,,,,,普通订单,0,0,0,0,0,0,0,0,0,0,0,0,0,0,0,0,0,0,0,,0,义乌市蓓行电子商务商行（个体工商户）,公益捐款支出|贵州省慈善总会|6925552273860296136
2026-04-23 07:21:04,'2026042307210102336858114242,入账,3.54,聚合账户,货款结算入账,小店自卖,'6952037160417432708,'6952037160417432708,'SS76307409035776210440117,2026-04-13 14:57:32,'3801832059815723099,懒人公主头编发夹女前额双层侧边夹子刘海碎发编发发夹鸭嘴夹发卡,,,普通订单,3.56,0,0,0,0,0,0,0,0,0,0,0,-0.02,0,0,0,0,0,0,是-商品卡免佣,0.15,义乌市蓓行电子商务商行（个体工商户）,订单结算
2026-04-23 07:21:04,'2026042307210028530119684242,出账,0.01,聚合账户,公益捐款,,'6952072560326284808,'6952072560326284808,,,,,,,普通订单,0,0,0,0,0,0,0,0,0,0,0,0,0,0,0,0,0,0,0,,0,义乌市蓓行电子商务商行（个体工商户）,公益捐款支出|贵州省慈善总会|6952072560326284808
2026-04-23 07:21:04,'2026042307210116492180944242,入账,6.55,聚合账户,货款结算入账,巨量千川,'6952052779652289726,'6952052779652289726,'SS76307258246644741630124,2026-04-13 13:37:53,'3807220077028311460,【超显气质】简约不硌头扭扭夹发夹女2026新款盘发抓夹高级感水钻珠珠一字夹子,,,普通订单,4.39,0,0,0,0,0,0,0,2.5,0,0,0,-0.34,0,0,0,0,0,0,,0,义乌市蓓行电子商务商行（个体工商户）,订单结算
2026-04-23 07:21:05,'2026042307210225167301184242,出账,0.01,聚合账户,公益捐款,,'6952052779652289726,'6952052779652289726,,,,,,,普通订单,0,0,0,0,0,0,0,0,0,0,0,0,0,0,0,0,0,0,0,,0,义乌市蓓行电子商务商行（个体工商户）,公益捐款支出|贵州省慈善总会|6952052779652289726
2026-04-23 07:21:05,'2026042307210310951564894242,出账,0.01,聚合账户,公益捐款,,'6952045954686719203,'6952045954686719203,,,,,,,普通订单,0,0,0,0,0,0,0,0,0,0,0,0,0,0,0,0,0,0,0,,0,义乌市蓓行电子商务商行（个体工商户）,公益捐款支出|贵州省慈善总会|6952045954686719203
2026-04-23 07:21:05,'2026042307210217499753424242,出账,0.01,聚合账户,公益捐款,,'6925666832979950619,'6925666832979950619,,,,,,,普通订单,0,0,0,0,0,0,0,0,0,0,0,0,0,0,0,0,0,0,0,,0,义乌市蓓行电子商务商行（个体工商户）,公益捐款支出|贵州省慈善总会|6925666832979950619
2026-04-23 07:21:05,'2026042307210111079685584242,出账,0.01,聚合账户,公益捐款,,'6925549776636182330,'6925549776636182330,,,,,,,普通订单,0,0,0,0,0,0,0,0,0,0,0,0,0,0,0,0,0,0,0,,0,义乌市蓓行电子商务商行（个体工商户）,公益捐款支出|贵州省慈善总会|6925549776636182330
2026-04-23 07:21:05,'2026042307210113590369624242,出账,0.01,聚合账户,公益捐款,,'6952090718668920014,'6952090718668920014,,,,,,,普通订单,0,0,0,0,0,0,0,0,0,0,0,0,0,0,0,0,0,0,0,,0,义乌市蓓行电子商务商行（个体工商户）,公益捐款支出|贵州省慈善总会|6952090718668920014
2026-04-23 07:21:06,'2026042307210321736497054242,入账,3.7,聚合账户,货款结算入账,巨量千川,'6925547480241634843,'6925547480241634843,'SS76306417945688148740115,2026-04-13 03:51:09,'3807220077028311460,【超显气质】简约不硌头扭扭夹发夹女2026新款盘发抓夹高级感水钻珠珠一字夹子,,,普通订单,3.89,0,0,0,0,0,0,0,0,0,0,0,-0.19,0,0,0,0,0,0,,0,义乌市蓓行电子商务商行（个体工商户）,订单结算
2026-04-23 07:21:06,'2026042307210216201981964242,入账,3.7,聚合账户,货款结算入账,巨量千川,'6952037207696283490,'6952037207696283490,'SS76307409074797327760014,2026-04-13 15:03:34,'3807220077028311460,【超显气质】简约不硌头扭扭夹发夹女2026新款盘发抓夹高级感水钻珠珠一字夹子,,,普通订单,3.89,0,0,0,0,0,0,0,0,0,0,0,-0.19,0,0,0,0,0,0,,0,义乌市蓓行电子商务商行（个体工商户）,订单结算
2026-04-23 07:21:06,'2026042307210304489551724242,入账,6.55,聚合账户,货款结算入账,巨量千川,'6925552204675251689,'6925552204675251689,'SS76306669511149818980092,2026-04-12 23:23:03,'3811112236538265926,【超值特惠】古风高级感发夹女2026新款网红后脑抓夹发量少专用水钻一字扭扭夹,,,普通订单,6.89,0,0,0,0,0,0,0,0,0,0,0,-0.34,0,0,0,0,0,0,,0,义乌市蓓行电子商务商行（个体工商户）,订单结算
2026-04-23 07:21:06,'2026042307210223182218764242,入账,5.6,聚合账户,货款结算入账,小店自卖,'6952018996585502006,'6952018996585502006,'SS76306669781849869430028,2026-04-13 07:59:34,'3807220077028311460,【超显气质】简约不硌头扭扭夹发夹女2026新款盘发抓夹高级感水钻珠珠一字夹子,,,普通订单,5.89,0,0,0,0,0,0,0,0,0,0,0,-0.29,0,0,0,0,0,0,,0,义乌市蓓行电子商务商行（个体工商户）,订单结算
2026-04-23 07:21:06,'2026042307210226264870754242,入账,3.54,聚合账户,货款结算入账,小店自卖,'6951998258369599168,'6951998258369599168,'SS76306665833465940480203,2026-04-12 19:35:42,'3801832059815723099,懒人公主头编发夹女前额双层侧边夹子刘海碎发编发发夹鸭嘴夹发卡,,,普通订单,3.56,0,0,0,0,0,0,0,0,0,0,0,-0.02,0,0,0,0,0,0,是-商品卡免佣,0.15,义乌市蓓行电子商务商行（个体工商户）,订单结算
2026-04-23 07:21:07,'2026042307210417242857424242,入账,2.75,聚合账户,货款结算入账,巨量千川,'6925548444836986412,'6925548444836986412,'SS76306411066831014490063,2026-04-12 15:22:31,'3792402691087532393,【小众高级感】高颜值彩色豆豆发圈头绳扎头发马尾丸子头高弹力橡皮筋不伤发发绳,,,普通订单,2.9,0,0,0,0,0,0,0,0,0,0,0,-0.15,0,0,0,0,0,0,,0,义乌市蓓行电子商务商行（个体工商户）,订单结算
2026-04-23 07:21:07,'2026042307210334568445794242,出账,0.01,聚合账户,公益捐款,,'6951998258369599168,'6951998258369599168,,,,,,,普通订单,0,0,0,0,0,0,0,0,0,0,0,0,0,0,0,0,0,0,0,,0,义乌市蓓行电子商务商行（个体工商户）,公益捐款支出|贵州省慈善总会|6951998258369599168
2026-04-23 07:21:07,'2026042307210410417321594242,出账,0.01,聚合账户,公益捐款,,'6925552204675251689,'6925552204675251689,,,,,,,普通订单,0,0,0,0,0,0,0,0,0,0,0,0,0,0,0,0,0,0,0,,0,义乌市蓓行电子商务商行（个体工商户）,公益捐款支出|贵州省慈善总会|6925552204675251689
2026-04-23 07:21:07,'2026042307210327058015064242,入账,3.51,聚合账户,货款结算入账,精选联盟,'6952016650398471730,'6952016650398471730,'SS76306389183348454820084,2026-04-12 23:32:11,'3799969300262028066,【达人专属】复古波点褶皱香蕉夹高级感马尾扭扭竖夹后脑勺显发量横夹发卡发饰,'1587336651221252,一口甜🎀,普通订单,3.89,0,0,0,0,0,0,0,0,0,0,0,-0.19,-0.19,0,0,0,0,0,,0,义乌市蓓行电子商务商行（个体工商户）,订单结算
2026-04-23 07:21:07,'2026042307210336303997444242,出账,0.01,聚合账户,公益捐款,,'6925547480241634843,'6925547480241634843,,,,,,,普通订单,0,0,0,0,0,0,0,0,0,0,0,0,0,0,0,0,0,0,0,,0,义乌市蓓行电子商务商行（个体工商户）,公益捐款支出|贵州省慈善总会|6925547480241634843
2026-04-23 07:21:07,'2026042307210411043968354242,入账,6.55,聚合账户,货款结算入账,巨量千川,'6952032139689400099,'6952032139689400099,'SS76306669396395794330114,2026-04-13 07:07:39,'3807220077028311460,【超显气质】简约不硌头扭扭夹发夹女2026新款盘发抓夹高级感水钻珠珠一字夹子,,,普通订单,6.89,0,0,0,0,0,0,0,0,0,0,0,-0.34,0,0,0,0,0,0,,0,义乌市蓓行电子商务商行（个体工商户）,订单结算
2026-04-23 07:21:07,'2026042307210436787000704242,入账,3.7,聚合账户,货款结算入账,巨量千川,'6925657799794195620,'6925657799794195620,'SS76307605101138457980215,2026-04-17 08:42:56,'3807220077028311460,夏天高级感随手盘发一字扭扭夹水钻抓夹高级发夹扭扭后脑勺盘发器,,,普通订单,3.89,0,0,0,0,0,0,0,0,0,0,0,-0.19,0,0,0,0,0,0,,0,义乌市蓓行电子商务商行（个体工商户）,订单结算
2026-04-23 07:21:07,'2026042307210327058178904242,出账,0.01,聚合账户,公益捐款,,'6952018996585502006,'6952018996585502006,,,,,,,普通订单,0,0,0,0,0,0,0,0,0,0,0,0,0,0,0,0,0,0,0,,0,义乌市蓓行电子商务商行（个体工商户）,公益捐款支出|贵州省慈善总会|6952018996585502006
2026-04-23 07:21:08,'2026042307210319221550434242,入账,3.7,聚合账户,货款结算入账,巨量千川,'6952014236005307482,'6952014236005307482,'SS76306605865650304340220,2026-04-12 22:20:41,'3811112236538265926,【超值特惠】古风高级感发夹女2026新款网红后脑抓夹发量少专用水钻一字扭扭夹,,,普通订单,3.89,0,0,0,0,0,0,0,0,0,0,0,-0.19,0,0,0,0,0,0,,0,义乌市蓓行电子商务商行（个体工商户）,订单结算
2026-04-23 07:21:08,'2026042307210401856478914242,出账,0.01,聚合账户,公益捐款,,'6952032139689400099,'6952032139689400099,,,,,,,普通订单,0,0,0,0,0,0,0,0,0,0,0,0,0,0,0,0,0,0,0,,0,义乌市蓓行电子商务商行（个体工商户）,公益捐款支出|贵州省慈善总会|6952032139689400099
2026-04-23 07:21:08,'2026042307210214821954564242,出账,0.01,聚合账户,公益捐款,,'6952037207696283490,'6952037207696283490,,,,,,,普通订单,0,0,0,0,0,0,0,0,0,0,0,0,0,0,0,0,0,0,0,,0,义乌市蓓行电子商务商行（个体工商户）,公益捐款支出|贵州省慈善总会|6952037207696283490
2026-04-23 07:21:09,'2026042307210628439677874242,出账,0.01,聚合账户,公益捐款,,'6952014236005307482,'6952014236005307482,,,,,,,普通订单,0,0,0,0,0,0,0,0,0,0,0,0,0,0,0,0,0,0,0,,0,义乌市蓓行电子商务商行（个体工商户）,公益捐款支出|贵州省慈善总会|6952014236005307482
2026-04-23 07:21:09,'2026042307210527979003404242,出账,0.01,聚合账户,公益捐款,,'6952016650398471730,'6952016650398471730,,,,,,,普通订单,0,0,0,0,0,0,0,0,0,0,0,0,0,0,0,0,0,0,0,,0,义乌市蓓行电子商务商行（个体工商户）,公益捐款支出|贵州省慈善总会|6952016650398471730
2026-04-23 07:21:09,'2026042307210631879995344242,出账,0.01,聚合账户,公益捐款,,'6925548444836986412,'6925548444836986412,,,,,,,普通订单,0,0,0,0,0,0,0,0,0,0,0,0,0,0,0,0,0,0,0,,0,义乌市蓓行电子商务商行（个体工商户）,公益捐款支出|贵州省慈善总会|6925548444836986412
2026-04-23 07:21:11,'2026042307210709948040184242,入账,6.55,聚合账户,货款结算入账,巨量千川,'6925569344764477197,'6925569344764477197,'SS76307528218723128840190,2026-04-14 09:16:19,'3811112236538265926,【超值特惠】古风高级感发夹女2026新款网红后脑抓夹发量少专用水钻一字扭扭夹,,,普通订单,6.89,0,0,0,0,0,0,0,0,0,0,0,-0.34,0,0,0,0,0,0,,0,义乌市蓓行电子商务商行（个体工商户）,订单结算
2026-04-23 07:21:11,'2026042307210919713236984242,入账,3.7,聚合账户,货款结算入账,小店自卖,'6952023478853309664,'6952023478853309664,'SS76306997400611886540020,2026-04-13 09:41:12,'3805708033615593705,咖色磨砂抓夹大号发夹女2026年新款后脑勺发量多鲨鱼夹子发卡头饰,,,普通订单,3.9,0,0,0,0,0,0,0,0,0,0,0,-0.2,0,0,0,0,0,0,,0,义乌市蓓行电子商务商行（个体工商户）,订单结算
2026-04-23 07:21:11,'2026042307210716406454034242,入账,5.6,聚合账户,货款结算入账,巨量千川,'6925561362854149482,'6925561362854149482,'SS76307014240156229310022,2026-04-13 10:30:51,'3807220077028311460,【超显气质】简约不硌头扭扭夹发夹女2026新款盘发抓夹高级感水钻珠珠一字夹子,,,普通订单,5.89,0,0,0,0,0,0,0,0,0,0,0,-0.29,0,0,0,0,0,0,,0,义乌市蓓行电子商务商行（个体工商户）,订单结算
2026-04-23 07:21:11,'2026042307210803762593384242,入账,6.55,聚合账户,货款结算入账,巨量千川,'6925559699643923518,'6925559699643923518,'SS76307258032233027020124,2026-04-13 12:48:02,'3807220077028311460,【超显气质】简约不硌头扭扭夹发夹女2026新款盘发抓夹高级感水钻珠珠一字夹子,,,普通订单,6.89,0,0,0,0,0,0,0,0,0,0,0,-0.34,0,0,0,0,0,0,,0,义乌市蓓行电子商务商行（个体工商户）,订单结算
2026-04-23 07:21:12,'2026042307210818761817944242,出账,0.01,聚合账户,公益捐款,,'6925559699643923518,'6925559699643923518,,,,,,,普通订单,0,0,0,0,0,0,0,0,0,0,0,0,0,0,0,0,0,0,0,,0,义乌市蓓行电子商务商行（个体工商户）,公益捐款支出|贵州省慈善总会|6925559699643923518
2026-04-23 07:21:12,'2026042307210834872571224242,出账,0.01,聚合账户,公益捐款,,'6925569344764477197,'6925569344764477197,,,,,,,普通订单,0,0,0,0,0,0,0,0,0,0,0,0,0,0,0,0,0,0,0,,0,义乌市蓓行电子商务商行（个体工商户）,公益捐款支出|贵州省慈善总会|6925569344764477197
2026-04-23 07:21:12,'2026042307210819806295444242,出账,0.01,聚合账户,公益捐款,,'6925561362854149482,'6925561362854149482,,,,,,,普通订单,0,0,0,0,0,0,0,0,0,0,0,0,0,0,0,0,0,0,0,,0,义乌市蓓行电子商务商行（个体工商户）,公益捐款支出|贵州省慈善总会|6925561362854149482
2026-04-23 07:28:12,'2026042307280817658022594242,入账,3.6,聚合账户,货款结算入账,巨量千川,'6925695499457363115,'6925695499457363115,'SS76307675018994652660077,2026-04-18 20:58:03,'3807220077028311460,新中式发饰高级感扭扭夹随手盘发一字夹水钻抓夹后脑勺发夹盘发器,,,普通订单,0.01,0,0,3.78,0,0,0,0,0,0,0,0,-0.19,0,0,0,0,0,0,,0,义乌市蓓行电子商务商行（个体工商户）,订单结算
2026-04-23 07:28:12,'2026042307280930242900674242,入账,3.22,聚合账户,货款结算入账,小店自卖,'6925554237300047662,'6925554237300047662,'SS76306391973091412820229,2026-04-12 21:32:53,'3799969300262028066,复古波点褶皱香蕉夹高级感马尾扭扭竖夹后脑勺显发量横夹发卡发饰,,,普通订单,0.01,0,0,3.23,0,0,0,0,0,0,0,0,-0.02,0,0,0,0,0,0,是-商品卡免佣,0.15,义乌市蓓行电子商务商行（个体工商户）,订单结算
2026-04-23 07:28:12,'2026042307280839113242014242,入账,3.7,聚合账户,货款结算入账,巨量千川,'6925552169600712422,'6925552169600712422,'SS76306605158199135180200,2026-04-12 23:10:28,'3807220077028311460,【超显气质】简约不硌头扭扭夹发夹女2026新款盘发抓夹高级感水钻珠珠一字夹子,,,普通订单,2.89,0,0,1,0,0,0,0,0,0,0,0,-0.19,0,0,0,0,0,0,,0,义乌市蓓行电子商务商行（个体工商户）,订单结算
2026-04-23 07:28:12,'2026042307280937966978974242,入账,2.6,聚合账户,货款结算入账,小店自卖,'6952173547223323740,'6952173547223323740,'SS76307564187695844380088,2026-04-18 11:40:45,'3799969300262028066,复古波点褶皱香蕉夹高级感马尾扭扭竖夹后脑勺显发量横夹发卡发饰,,,普通订单,0.01,0,0,2.73,0,0,0,0,0,0,0,0,-0.14,0,0,0,0,0,0,,0,义乌市蓓行电子商务商行（个体工商户）,订单结算
2026-04-23 07:28:12,'2026042307280904156951454242,入账,3.22,聚合账户,货款结算入账,小店自卖,'6952009832902236117,'6952009832902236117,'SS76307328073960332800049,2026-04-12 22:42:31,'3799969300262028066,复古波点褶皱香蕉夹高级感马尾扭扭竖夹后脑勺显发量横夹发卡发饰,,,普通订单,0.01,0,0,3.23,0,0,0,0,0,0,0,0,-0.02,0,0,0,0,0,0,是-商品卡免佣,0.15,义乌市蓓行电子商务商行（个体工商户）,订单结算
2026-04-23 07:28:26,'2026042307282118677478824242,出账,0.01,聚合账户,公益捐款,,'6952009832902236117,'6952009832902236117,,,,,,,普通订单,0,0,0,0,0,0,0,0,0,0,0,0,0,0,0,0,0,0,0,,0,义乌市蓓行电子商务商行（个体工商户）,公益捐款支出|贵州省慈善总会|6952009832902236117
2026-04-23 07:28:27,'2026042307282409156861804242,入账,4.4,聚合账户,货款结算入账,小店自卖,'6952118892849206892,'6952118892849206892,'SS76305011871631116800165,2026-04-15 22:53:49,'3798263450837320143,儿童是兔子警官可爱兔子帽子发夹边夹侧边发卡女卡通甜美拍照道具,,,普通订单,4.43,0,0,0,0,0,0,0,0,0,0,0,-0.03,0,0,0,0,0,0,是-商品卡免佣,0.22,义乌市蓓行电子商务商行（个体工商户）,订单结算
2026-04-23 07:28:27,'2026042307282440249431474242,入账,2.86,聚合账户,货款结算入账,小店自卖,'6952129783978137159,'6952129783978137159,'SS76307999034263150420137,2026-04-17 01:00:33,'3797733202840387936,时尚高端安可拉红色蝴蝶镶钻发圈气质头绳高弹力马尾丸子皮筋发饰,,,普通订单,2.88,0,0,0,0,0,0,0,0,0,0,0,-0.02,0,0,0,0,0,0,是-商品卡免佣,0.15,义乌市蓓行电子商务商行（个体工商户）,订单结算
2026-04-23 07:28:27,'2026042307282434232120864242,入账,3.54,聚合账户,货款结算入账,小店自卖,'6925637625435094401,'6925637625435094401,'SS76307629031670461710004,2026-04-16 18:17:33,'3801832059815723099,懒人公主头编发夹女前额双层侧边夹子刘海碎发编发发夹鸭嘴夹发卡,,,普通订单,3.56,0,0,0,0,0,0,0,0,0,0,0,-0.02,0,0,0,0,0,0,是-商品卡免佣,0.15,义乌市蓓行电子商务商行（个体工商户）,订单结算
2026-04-23 07:28:27,'2026042307282508187251834242,入账,3.7,聚合账户,货款结算入账,巨量千川,'6925557858379005404,'6925557858379005404,'SS76306604546330465710034,2026-04-12 19:42:18,'3807220077028311460,【超显气质】简约不硌头扭扭夹发夹女2026新款盘发抓夹高级感水钻珠珠一字夹子,,,普通订单,3.89,0,0,0,0,0,0,0,0,0,0,0,-0.19,0,0,0,0,0,0,,0,义乌市蓓行电子商务商行（个体工商户）,订单结算
2026-04-23 07:28:27,'2026042307282311127731604242,出账,0.01,聚合账户,公益捐款,,'6925695499457363115,'6925695499457363115,,,,,,,普通订单,0,0,0,0,0,0,0,0,0,0,0,0,0,0,0,0,0,0,0,,0,义乌市蓓行电子商务商行（个体工商户）,公益捐款支出|贵州省慈善总会|6925695499457363115
2026-04-23 07:28:27,'2026042307282509020055584242,入账,2.72,聚合账户,货款结算入账,小店自卖,'6952021187869677182,'6952021187869677182,'SS76306388255554117210054,2026-04-12 22:51:57,'3799969300262028066,复古波点褶皱香蕉夹高级感马尾扭扭竖夹后脑勺显发量横夹发卡发饰,,,普通订单,0.01,0,0,2.73,0,0,0,0,0,0,0,0,-0.02,0,0,0,0,0,0,是-商品卡免佣,0.15,义乌市蓓行电子商务商行（个体工商户）,订单结算
2026-04-23 07:28:28,'2026042307282407730673064242,入账,3.7,聚合账户,货款结算入账,巨量千川,'6925541001895705686,'6925541001895705686,'SS76307376189965604190082,2026-04-13 01:23:49,'3807220077028311460,【超显气质】简约不硌头扭扭夹发夹女2026新款盘发抓夹高级感水钻珠珠一字夹子,,,普通订单,3.89,0,0,0,0,0,0,0,0,0,0,0,-0.19,0,0,0,0,0,0,,0,义乌市蓓行电子商务商行（个体工商户）,订单结算
2026-04-23 07:28:28,'2026042307282440987205314242,入账,2.82,聚合账户,货款结算入账,小店自卖,'6925540277015575657,'6925540277015575657,'SS76306658355898619310182,2026-04-12 20:43:02,'3807250008697339947,蓝咖格子大肠发圈蓝色韩系新款复古四层头发丸子马尾高级头绳发饰,,,普通订单,2.84,0,0,0,0,0,0,0,0,0,0,0,-0.02,0,0,0,0,0,0,是-商品卡免佣,0.15,义乌市蓓行电子商务商行（个体工商户）,订单结算
2026-04-23 07:28:28,'2026042307282432435246424242,入账,4.65,聚合账户,货款结算入账,巨量千川,'6952034661422929036,'6952034661422929036,'SS76307445853162706300182,2026-04-13 10:59:49,'3792402691087532393,【小众高级感】高颜值彩色豆豆发圈头绳扎头发马尾丸子头高弹力橡皮筋不伤发发绳,,,普通订单,4.9,0,0,0,0,0,0,0,0,0,0,0,-0.25,0,0,0,0,0,0,,0,义乌市蓓行电子商务商行（个体工商户）,订单结算
2026-04-23 07:28:28,'2026042307282339188733804242,出账,0.01,聚合账户,公益捐款,,'6952129783978137159,'6952129783978137159,,,,,,,普通订单,0,0,0,0,0,0,0,0,0,0,0,0,0,0,0,0,0,0,0,,0,义乌市蓓行电子商务商行（个体工商户）,公益捐款支出|贵州省慈善总会|6952129783978137159
2026-04-23 07:28:28,'2026042307282505810754924242,入账,4.65,聚合账户,货款结算入账,巨量千川,'6925439789859766167,'6925439789859766167,'SS76306730513571354100216,2026-04-08 09:16:06,'3792402691087532393,【小众高级感】高颜值彩色豆豆发圈头绳扎头发马尾丸子头高弹力橡皮筋不伤发发绳,,,普通订单,4.9,0,0,0,0,0,0,0,0,0,0,0,-0.25,0,0,0,0,0,0,,0,义乌市蓓行电子商务商行（个体工商户）,订单结算
2026-04-23 07:28:28,'2026042307282537679767554242,出账,0.01,聚合账户,公益捐款,,'6952021187869677182,'6952021187869677182,,,,,,,普通订单,0,0,0,0,0,0,0,0,0,0,0,0,0,0,0,0,0,0,0,,0,义乌市蓓行电子商务商行（个体工商户）,公益捐款支出|贵州省慈善总会|6952021187869677182
2026-04-23 07:28:28,'2026042307282503323704384242,入账,6.55,聚合账户,货款结算入账,巨量千川,'6925559770203716844,'6925559770203716844,'SS76307258116538867830030,2026-04-13 13:26:42,'3807220077028311460,【超显气质】简约不硌头扭扭夹发夹女2026新款盘发抓夹高级感水钻珠珠一字夹子,,,普通订单,6.89,0,0,0,0,0,0,0,0,0,0,0,-0.34,0,0,0,0,0,0,,0,义乌市蓓行电子商务商行（个体工商户）,订单结算
2026-04-23 07:28:30,'2026042307282635651752964242,出账,0.01,聚合账户,公益捐款,,'6952034661422929036,'6952034661422929036,,,,,,,普通订单,0,0,0,0,0,0,0,0,0,0,0,0,0,0,0,0,0,0,0,,0,义乌市蓓行电子商务商行（个体工商户）,公益捐款支出|贵州省慈善总会|6952034661422929036
2026-04-23 07:28:45,'2026042307284202783649714242,入账,3.82,聚合账户,货款结算入账,小店自卖,'6925547114730585461,'6925547114730585461,'SS76306669064621268580239,2026-04-12 22:58:09,'3805708033615593705,咖色磨砂抓夹大号发夹女2026年新款后脑勺发量多鲨鱼夹子发卡头饰,,,普通订单,3.84,0,0,0,0,0,0,0,0,0,0,0,-0.02,0,0,0,0,0,0,是-商品卡免佣,0.15,义乌市蓓行电子商务商行（个体工商户）,订单结算
2026-04-23 07:28:45,'2026042307284202506432404242,入账,6.55,聚合账户,货款结算入账,巨量千川,'6952022500025374071,'6952022500025374071,'SS76306666262579290230167,2026-04-12 18:12:43,'3807220077028311460,【超显气质】简约不硌头扭扭夹发夹女2026新款盘发抓夹高级感水钻珠珠一字夹子,,,普通订单,6.89,0,0,0,0,0,0,0,0,0,0,0,-0.34,0,0,0,0,0,0,,0,义乌市蓓行电子商务商行（个体工商户）,订单结算
2026-04-23 07:28:45,'2026042307284129244298304242,入账,2.75,聚合账户,货款结算入账,巨量千川,'6925564891219787544,'6925564891219787544,'SS76307446712997322650232,2026-04-13 11:03:07,'3792402691087532393,【小众高级感】高颜值彩色豆豆发圈头绳扎头发马尾丸子头高弹力橡皮筋不伤发发绳,,,普通订单,2.9,0,0,0,0,0,0,0,0,0,0,0,-0.15,0,0,0,0,0,0,,0,义乌市蓓行电子商务商行（个体工商户）,订单结算
2026-04-23 07:28:45,'2026042307283832262231474242,入账,4.4,聚合账户,货款结算入账,小店自卖,'6952030176214783159,'6952030176214783159,'SS76307410621011561340185,2026-04-13 10:23:02,'3799783484919251422,法式秋冬复古 ins彩虹格蝴蝶结大肠头绳发圈丸子2025马尾发绳新款,,,普通订单,4.43,0,0,0,0,0,0,0,0,0,0,0,-0.03,0,0,0,0,0,0,是-商品卡免佣,0.22,义乌市蓓行电子商务商行（个体工商户）,订单结算
2026-04-23 07:28:45,'2026042307284041619464224242,入账,4.51,聚合账户,货款结算入账,小店自卖,'6925579554193964773,'6925579554193964773,'SS76307061010301422230132,2026-04-13 19:27:26,'3807250008697339947,蓝咖格子大肠发圈蓝色韩系新款复古四层头发丸子马尾高级头绳发饰,,,普通订单,4.54,0,0,0,0,0,0,0,0,0,0,0,-0.03,0,0,0,0,0,0,是-商品卡免佣,0.22,义乌市蓓行电子商务商行（个体工商户）,订单结算
2026-04-23 07:28:45,'2026042307284134023019884242,入账,3.7,聚合账户,货款结算入账,巨量千川,'6925558864948395452,'6925558864948395452,'SS76306421121884206540236,2026-04-13 06:49:59,'3807220077028311460,【超显气质】简约不硌头扭扭夹发夹女2026新款盘发抓夹高级感水钻珠珠一字夹子,,,普通订单,3.89,0,0,0,0,0,0,0,0,0,0,0,-0.19,0,0,0,0,0,0,,0,义乌市蓓行电子商务商行（个体工商户）,订单结算
2026-04-23 07:28:45,'2026042307284216863070914242,入账,5.06,聚合账户,货款结算入账,小店自卖,'6925652070550306573,'6925652070550306573,'SS76307913949190723080161,2026-04-17 09:38:34,'3807230150731497890,可爱小狗抓夹卡通高级2026新款后脑勺盘发鲨鱼夹中号发量发夹发饰,,,普通订单,5.09,0,0,0,0,0,0,0,0,0,0,0,-0.03,0,0,0,0,0,0,是-商品卡免佣,0.22,义乌市蓓行电子商务商行（个体工商户）,订单结算
2026-04-23 07:28:45,'2026042307284110080095074242,入账,3.7,聚合账户,货款结算入账,小店自卖,'6952044753661859212,'6952044753661859212,'SS76306125250680428030026,2026-04-13 21:13:36,'3805708033615593705,咖色磨砂抓夹大号发夹女2026年新款后脑勺发量多鲨鱼夹子发卡头饰,,,普通订单,3.9,0,0,0,0,0,0,0,0,0,0,0,-0.2,0,0,0,0,0,0,,0,义乌市蓓行电子商务商行（个体工商户）,订单结算
2026-04-23 07:28:45,'2026042307284209859735234242,入账,8.39,聚合账户,货款结算入账,小店自卖,'6952159355203884916,'6952159355203884916,'SS76307639588362979990191,2026-04-17 21:45:43,'3809253784652218478,飘带蝴蝶结抓夹女后脑勺半扎发夹2026新款高级感鲨鱼夹子发卡头饰,,,普通订单,8.83,0,0,0,0,0,0,0,0,0,0,0,-0.44,0,0,0,0,0,0,,0,义乌市蓓行电子商务商行（个体工商户）,订单结算
2026-04-23 07:28:45,'2026042307284225050161054242,入账,3.67,聚合账户,货款结算入账,小店自卖,'6925534079441861760,'6925534079441861760,'SS76306391878466931710013,2026-04-12 17:48:54,'3799969300262028066,复古波点褶皱香蕉夹高级感马尾扭扭竖夹后脑勺显发量横夹发卡发饰,,,普通订单,3.69,0,0,0,0,0,0,0,0,0,0,0,-0.02,0,0,0,0,0,0,是-商品卡免佣,0.15,义乌市蓓行电子商务商行（个体工商户）,订单结算
2026-04-23 07:28:46,'2026042307284209822868944242,出账,0.01,聚合账户,公益捐款,,'6952030176214783159,'6952030176214783159,,,,,,,普通订单,0,0,0,0,0,0,0,0,0,0,0,0,0,0,0,0,0,0,0,,0,义乌市蓓行电子商务商行（个体工商户）,公益捐款支出|贵州省慈善总会|6952030176214783159
2026-04-23 07:28:46,'2026042307284325418636994242,出账,0.01,聚合账户,公益捐款,,'6925564891219787544,'6925564891219787544,,,,,,,普通订单,0,0,0,0,0,0,0,0,0,0,0,0,0,0,0,0,0,0,0,,0,义乌市蓓行电子商务商行（个体工商户）,公益捐款支出|贵州省慈善总会|6925564891219787544
2026-04-23 07:28:46,'2026042307284400549074074242,出账,0.01,聚合账户,公益捐款,,'6952159355203884916,'6952159355203884916,,,,,,,普通订单,0,0,0,0,0,0,0,0,0,0,0,0,0,0,0,0,0,0,0,,0,义乌市蓓行电子商务商行（个体工商户）,公益捐款支出|贵州省慈善总会|6952159355203884916
2026-04-23 07:28:46,'2026042307284200507584064242,出账,0.01,聚合账户,公益捐款,,'6925547114730585461,'6925547114730585461,,,,,,,普通订单,0,0,0,0,0,0,0,0,0,0,0,0,0,0,0,0,0,0,0,,0,义乌市蓓行电子商务商行（个体工商户）,公益捐款支出|贵州省慈善总会|6925547114730585461
2026-04-23 07:28:47,'2026042307284326593244574242,出账,0.01,聚合账户,公益捐款,,'6952022500025374071,'6952022500025374071,,,,,,,普通订单,0,0,0,0,0,0,0,0,0,0,0,0,0,0,0,0,0,0,0,,0,义乌市蓓行电子商务商行（个体工商户）,公益捐款支出|贵州省慈善总会|6952022500025374071
2026-04-23 07:29:02,'2026042307285836966244194242,入账,2.72,聚合账户,货款结算入账,小店自卖,'6952016043556804470,'6952016043556804470,'SS76306385063814766600090,2026-04-12 18:21:29,'3799969300262028066,复古波点褶皱香蕉夹高级感马尾扭扭竖夹后脑勺显发量横夹发卡发饰,,,普通订单,2.74,0,0,0,0,0,0,0,0,0,0,0,-0.02,0,0,0,0,0,0,是-商品卡免佣,0.15,义乌市蓓行电子商务商行（个体工商户）,订单结算
2026-04-23 07:29:02,'2026042307285900091960324242,入账,3.67,聚合账户,货款结算入账,小店自卖,'6952017928904709675,'6952017928904709675,'SS76306391735882552380124,2026-04-12 16:51:05,'3799969300262028066,复古波点褶皱香蕉夹高级感马尾扭扭竖夹后脑勺显发量横夹发卡发饰,,,普通订单,3.69,0,0,0,0,0,0,0,0,0,0,0,-0.02,0,0,0,0,0,0,是-商品卡免佣,0.15,义乌市蓓行电子商务商行（个体工商户）,订单结算
2026-04-23 07:29:02,'2026042307285926311234754242,入账,3.6,聚合账户,货款结算入账,小店自卖,'6925576961053589285,'6925576961053589285,'SS76307984077618549760031,2026-04-13 16:32:55,'3797759133814489524,洗脸化妆专用发卡秋冬韩系毛绒带齿发箍女外出百搭高颅顶头箍头饰,,,普通订单,3.62,0,0,0,0,0,0,0,0,0,0,0,-0.02,0,0,0,0,0,0,是-商品卡免佣,0.15,义乌市蓓行电子商务商行（个体工商户）,订单结算
2026-04-23 07:29:02,'2026042307285917762596184242,入账,5.6,聚合账户,货款结算入账,巨量千川,'6952017115441468863,'6952017115441468863,'SS76307013387203712410106,2026-04-13 09:44:49,'3807220077028311460,【超显气质】简约不硌头扭扭夹发夹女2026新款盘发抓夹高级感水钻珠珠一字夹子,,,普通订单,5.89,0,0,0,0,0,0,0,0,0,0,0,-0.29,0,0,0,0,0,0,,0,义乌市蓓行电子商务商行（个体工商户）,订单结算
2026-04-23 07:29:02,'2026042307290002745966514242,入账,3.88,聚合账户,货款结算入账,小店自卖,'6925555490590129758,'6925555490590129758,'SS76306666860976053910202,2026-04-12 19:00:26,'3805708033615593705,咖色磨砂抓夹大号发夹女2026年新款后脑勺发量多鲨鱼夹子发卡头饰,,,普通订单,3.9,0,0,0,0,0,0,0,0,0,0,0,-0.02,0,0,0,0,0,0,是-商品卡免佣,0.15,义乌市蓓行电子商务商行（个体工商户）,订单结算
2026-04-23 07:29:03,'2026042307285929831662434242,出账,0.01,聚合账户,公益捐款,,'6925555490590129758,'6925555490590129758,,,,,,,普通订单,0,0,0,0,0,0,0,0,0,0,0,0,0,0,0,0,0,0,0,,0,义乌市蓓行电子商务商行（个体工商户）,公益捐款支出|贵州省慈善总会|6925555490590129758
2026-04-23 07:29:04,'2026042307290029280670784242,出账,0.01,聚合账户,公益捐款,,'6952017928904709675,'6952017928904709675,,,,,,,普通订单,0,0,0,0,0,0,0,0,0,0,0,0,0,0,0,0,0,0,0,,0,义乌市蓓行电子商务商行（个体工商户）,公益捐款支出|贵州省慈善总会|6952017928904709675
2026-04-23 07:29:04,'2026042307290031210214804242,出账,0.01,聚合账户,公益捐款,,'6952016043556804470,'6952016043556804470,,,,,,,普通订单,0,0,0,0,0,0,0,0,0,0,0,0,0,0,0,0,0,0,0,,0,义乌市蓓行电子商务商行（个体工商户）,公益捐款支出|贵州省慈善总会|6952016043556804470
2026-04-23 07:29:04,'2026042307290105041528474242,出账,0.01,聚合账户,公益捐款,,'6952017115441468863,'6952017115441468863,,,,,,,普通订单,0,0,0,0,0,0,0,0,0,0,0,0,0,0,0,0,0,0,0,,0,义乌市蓓行电子商务商行（个体工商户）,公益捐款支出|贵州省慈善总会|6952017115441468863
2026-04-23 07:29:19,'2026042307291602863765024242,入账,2.83,聚合账户,货款结算入账,小店自卖,'6925616423499497196,'6925616423499497196,'SS76306600850534566760151,2026-04-16 04:35:54,'3805708033615593705,咖色磨砂抓夹大号发夹女2026年新款后脑勺发量多鲨鱼夹子发卡头饰,,,普通订单,2.85,0,0,0,0,0,0,0,0,0,0,0,-0.02,0,0,0,0,0,0,是-商品卡免佣,0.15,义乌市蓓行电子商务商行（个体工商户）,订单结算
2026-04-23 07:29:19,'2026042307291610950249314242,入账,5.6,聚合账户,货款结算入账,小店自卖,'6952106461055161481,'6952106461055161481,'SS76306411995016402420160,2026-04-16 16:09:48,'3806457155402465337,孕妇防滑拖鞋女款2026新款夏季外穿室内家居软底 eva不臭脚凉拖男,,,普通订单,2.03,0,0,3.86,0,0,0,0,0,0,0,0,-0.29,0,0,0,0,0,0,,0,义乌市蓓行电子商务商行（个体工商户）,订单结算
2026-04-23 07:29:19,'2026042307291515714104674242,入账,3.7,聚合账户,货款结算入账,巨量千川,'6952158256343881626,'6952158256343881626,'SS76307179040704602020045,2026-04-18 11:51:59,'3807220077028311460,新中式发饰高级感扭扭夹随手盘发一字夹水钻抓夹后脑勺发夹盘发器,,,普通订单,0.89,0,0,3,0,0,0,0,0,0,0,0,-0.19,0,0,0,0,0,0,,0,义乌市蓓行电子商务商行（个体工商户）,订单结算
2026-04-23 07:29:19,'2026042307291601763745914242,入账,2.6,聚合账户,货款结算入账,巨量千川,'6925555332147740456,'6925555332147740456,'SS76307428837885220360195,2026-04-13 10:08:32,'3799969300262028066,复古波点褶皱香蕉夹高级感马尾扭扭竖夹后脑勺显发量横夹发卡发饰,,,普通订单,0.01,0,0,2.73,0,0,0,0,0,0,0,0,-0.14,0,0,0,0,0,0,,0,义乌市蓓行电子商务商行（个体工商户）,订单结算
2026-04-23 07:29:19,'2026042307291524879600984242,入账,4.65,聚合账户,货款结算入账,巨量千川,'6952038674299360564,'6952038674299360564,'SS76306409736474135040209,2026-04-13 00:29:23,'3792402691087532393,【小众高级感】高颜值彩色豆豆发圈头绳扎头发马尾丸子头高弹力橡皮筋不伤发发绳,,,普通订单,2.9,0,0,2,0,0,0,0,0,0,0,0,-0.25,0,0,0,0,0,0,,0,义乌市蓓行电子商务商行（个体工商户）,订单结算
2026-04-23 07:29:20,'2026042307291608739064414242,出账,0.01,聚合账户,公益捐款,,'6925616423499497196,'6925616423499497196,,,,,,,普通订单,0,0,0,0,0,0,0,0,0,0,0,0,0,0,0,0,0,0,0,,0,义乌市蓓行电子商务商行（个体工商户）,公益捐款支出|贵州省慈善总会|6925616423499497196
2026-04-23 07:29:21,'2026042307291723702287884242,出账,0.01,聚合账户,公益捐款,,'6952158256343881626,'6952158256343881626,,,,,,,普通订单,0,0,0,0,0,0,0,0,0,0,0,0,0,0,0,0,0,0,0,,0,义乌市蓓行电子商务商行（个体工商户）,公益捐款支出|贵州省慈善总会|6952158256343881626
2026-04-23 07:29:30,'2026042307292723909176664242,入账,3.67,聚合账户,货款结算入账,小店自卖,'6952062207489283190,'6952062207489283190,'SS76307681251224990910167,2026-04-13 22:03:09,'3799969300262028066,复古波点褶皱香蕉夹高级感马尾扭扭竖夹后脑勺显发量横夹发卡发饰,,,普通订单,3.69,0,0,0,0,0,0,0,0,0,0,0,-0.02,0,0,0,0,0,0,是-商品卡免佣,0.15,义乌市蓓行电子商务商行（个体工商户）,订单结算
2026-04-23 07:29:30,'2026042307292532979891634242,入账,2.75,聚合账户,货款结算入账,巨量千川,'6925540080956242977,'6925540080956242977,'SS76306411104361029580139,2026-04-12 19:28:38,'3792402691087532393,【小众高级感】高颜值彩色豆豆发圈头绳扎头发马尾丸子头高弹力橡皮筋不伤发发绳,,,普通订单,2.9,0,0,0,0,0,0,0,0,0,0,0,-0.15,0,0,0,0,0,0,,0,义乌市蓓行电子商务商行（个体工商户）,订单结算
2026-04-23 07:29:30,'2026042307292638597473344242,入账,5.57,聚合账户,货款结算入账,小店自卖,'6925569531650735499,'6925569531650735499,'SS76306795355854812160155,2026-04-13 10:32:45,'3798263450837320143,儿童是兔子警官可爱兔子帽子发夹边夹侧边发卡女卡通甜美拍照道具,,,普通订单,5.6,0,0,0,0,0,0,0,0,0,0,0,-0.03,0,0,0,0,0,0,是-商品卡免佣,0.22,义乌市蓓行电子商务商行（个体工商户）,订单结算
2026-04-23 07:29:30,'2026042307292602695214434242,入账,3.22,聚合账户,货款结算入账,小店自卖,'6952050561836782701,'6952050561836782701,'SS76307452798863283740223,2026-04-13 14:12:47,'3807250008697339947,蓝咖格子大肠发圈蓝色韩系新款复古四层头发丸子马尾高级头绳发饰,,,普通订单,3.24,0,0,0,0,0,0,0,0,0,0,0,-0.02,0,0,0,0,0,0,是-商品卡免佣,0.15,义乌市蓓行电子商务商行（个体工商户）,订单结算
2026-04-23 07:29:30,'2026042307292626478026764242,入账,3.7,聚合账户,货款结算入账,巨量千川,'6952065392411743661,'6952065392411743661,'SS76306754741754803550209,2026-04-14 15:36:36,'3807220077028311460,【超显气质】简约不硌头扭扭夹发夹女2026新款盘发抓夹高级感水钻珠珠一字夹子,,,普通订单,3.89,0,0,0,0,0,0,0,0,0,0,0,-0.19,0,0,0,0,0,0,,0,义乌市蓓行电子商务商行（个体工商户）,订单结算
2026-04-23 07:29:31,'2026042307292719758658904242,出账,0.01,聚合账户,公益捐款,,'6952065392411743661,'6952065392411743661,,,,,,,普通订单,0,0,0,0,0,0,0,0,0,0,0,0,0,0,0,0,0,0,0,,0,义乌市蓓行电子商务商行（个体工商户）,公益捐款支出|贵州省慈善总会|6952065392411743661
2026-04-23 07:29:31,'2026042307292732535884804242,出账,0.01,聚合账户,公益捐款,,'6952050561836782701,'6952050561836782701,,,,,,,普通订单,0,0,0,0,0,0,0,0,0,0,0,0,0,0,0,0,0,0,0,,0,义乌市蓓行电子商务商行（个体工商户）,公益捐款支出|贵州省慈善总会|6952050561836782701
2026-04-23 07:29:31,'2026042307292833975344734242,出账,0.01,聚合账户,公益捐款,,'6952062207489283190,'6952062207489283190,,,,,,,普通订单,0,0,0,0,0,0,0,0,0,0,0,0,0,0,0,0,0,0,0,,0,义乌市蓓行电子商务商行（个体工商户）,公益捐款支出|贵州省慈善总会|6952062207489283190
2026-04-23 07:29:50,'2026042307294821309363264242,入账,4.68,聚合账户,货款结算入账,小店自卖,'6925560522656939692,'6925560522656939692,'SS76307408400292582760233,2026-04-12 23:06:20,'3807230150731497890,可爱小狗抓夹卡通高级2026新款后脑勺盘发鲨鱼夹中号发量发夹发饰,,,普通订单,4.71,0,0,0,0,0,0,0,0,0,0,0,-0.03,0,0,0,0,0,0,是-商品卡免佣,0.22,义乌市蓓行电子商务商行（个体工商户）,订单结算
2026-04-23 07:29:51,'2026042307294713552520094242,入账,9.82,聚合账户,货款结算入账,小店自卖,'6952147332417525418,'6952147332417525418,'SS76307781910826030600080,2026-04-17 08:14:37,'3798263450837320143,儿童是兔子警官可爱兔子帽子发夹边夹侧边发卡女卡通甜美拍照道具,,,普通订单,9.88,0,0,0,0,0,0,0,0,0,0,0,-0.06,0,0,0,0,0,0,是-商品卡免佣,0.44,义乌市蓓行电子商务商行（个体工商户）,订单结算
2026-04-23 07:29:51,'2026042307294606253818944242,入账,2.72,聚合账户,货款结算入账,小店自卖,'6952129842846504762,'6952129842846504762,'SS76308695819803571290126,2026-04-17 02:22:43,'3799969300262028066,复古波点褶皱香蕉夹高级感马尾扭扭竖夹后脑勺显发量横夹发卡发饰,,,普通订单,2.74,0,0,0,0,0,0,0,0,0,0,0,-0.02,0,0,0,0,0,0,是-商品卡免佣,0.15,义乌市蓓行电子商务商行（个体工商户）,订单结算
2026-04-23 07:30:55,'2026042307305217493527464242,出账,0.01,聚合账户,公益捐款,,'6925637625435094401,'6925637625435094401,,,,,,,普通订单,0,0,0,0,0,0,0,0,0,0,0,0,0,0,0,0,0,0,0,,0,义乌市蓓行电子商务商行（个体工商户）,公益捐款支出|贵州省慈善总会|6925637625435094401
2026-04-23 07:30:55,'2026042307305216122066384242,出账,0.01,聚合账户,公益捐款,,'6925541001895705686,'6925541001895705686,,,,,,,普通订单,0,0,0,0,0,0,0,0,0,0,0,0,0,0,0,0,0,0,0,,0,义乌市蓓行电子商务商行（个体工商户）,公益捐款支出|贵州省慈善总会|6925541001895705686
2026-04-23 07:30:55,'2026042307305113643781214242,出账,0.01,聚合账户,公益捐款,,'6925439789859766167,'6925439789859766167,,,,,,,普通订单,0,0,0,0,0,0,0,0,0,0,0,0,0,0,0,0,0,0,0,,0,义乌市蓓行电子商务商行（个体工商户）,公益捐款支出|贵州省慈善总会|6925439789859766167
2026-04-23 07:30:55,'2026042307305232890888064242,出账,0.01,聚合账户,公益捐款,,'6925559770203716844,'6925559770203716844,,,,,,,普通订单,0,0,0,0,0,0,0,0,0,0,0,0,0,0,0,0,0,0,0,,0,义乌市蓓行电子商务商行（个体工商户）,公益捐款支出|贵州省慈善总会|6925559770203716844
2026-04-23 07:30:55,'2026042307305136093791244242,出账,0.01,聚合账户,公益捐款,,'6925557858379005404,'6925557858379005404,,,,,,,普通订单,0,0,0,0,0,0,0,0,0,0,0,0,0,0,0,0,0,0,0,,0,义乌市蓓行电子商务商行（个体工商户）,公益捐款支出|贵州省慈善总会|6925557858379005404
2026-04-23 07:31:01,'2026042307305807005806624242,出账,0.01,聚合账户,公益捐款,,'6925534075102658427,'6925534075102658427,,,,,,,普通订单,0,0,0,0,0,0,0,0,0,0,0,0,0,0,0,0,0,0,0,,0,义乌市蓓行电子商务商行（个体工商户）,公益捐款支出|贵州省慈善总会|6925534075102658427
2026-04-23 07:31:01,'2026042307305833742894494242,出账,0.01,聚合账户,公益捐款,,'6952029967181157945,'6952029967181157945,,,,,,,普通订单,0,0,0,0,0,0,0,0,0,0,0,0,0,0,0,0,0,0,0,,0,义乌市蓓行电子商务商行（个体工商户）,公益捐款支出|贵州省慈善总会|6952029967181157945
2026-04-23 07:31:01,'2026042307305804537060184242,出账,0.01,聚合账户,公益捐款,,'6925555323200830980,'6925555323200830980,,,,,,,普通订单,0,0,0,0,0,0,0,0,0,0,0,0,0,0,0,0,0,0,0,,0,义乌市蓓行电子商务商行（个体工商户）,公益捐款支出|贵州省慈善总会|6925555323200830980
2026-04-23 07:31:01,'2026042307305733108631044242,出账,0.01,聚合账户,公益捐款,,'6952038674299360564,'6952038674299360564,,,,,,,普通订单,0,0,0,0,0,0,0,0,0,0,0,0,0,0,0,0,0,0,0,,0,义乌市蓓行电子商务商行（个体工商户）,公益捐款支出|贵州省慈善总会|6952038674299360564
2026-04-23 07:31:01,'2026042307305720896855564242,出账,0.01,聚合账户,公益捐款,,'6952052845958272145,'6952052845958272145,,,,,,,普通订单,0,0,0,0,0,0,0,0,0,0,0,0,0,0,0,0,0,0,0,,0,义乌市蓓行电子商务商行（个体工商户）,公益捐款支出|贵州省慈善总会|6952052845958272145
2026-04-23 07:31:01,'2026042307305833137134144242,出账,0.01,聚合账户,公益捐款,,'6952106461055161481,'6952106461055161481,,,,,,,普通订单,0,0,0,0,0,0,0,0,0,0,0,0,0,0,0,0,0,0,0,,0,义乌市蓓行电子商务商行（个体工商户）,公益捐款支出|贵州省慈善总会|6952106461055161481
2026-04-23 07:31:01,'2026042307305731766126604242,出账,0.01,聚合账户,公益捐款,,'6925576961053589285,'6925576961053589285,,,,,,,普通订单,0,0,0,0,0,0,0,0,0,0,0,0,0,0,0,0,0,0,0,,0,义乌市蓓行电子商务商行（个体工商户）,公益捐款支出|贵州省慈善总会|6925576961053589285
2026-04-23 07:31:01,'2026042307305804931630544242,出账,0.01,聚合账户,公益捐款,,'6925598327527734549,'6925598327527734549,,,,,,,普通订单,0,0,0,0,0,0,0,0,0,0,0,0,0,0,0,0,0,0,0,,0,义乌市蓓行电子商务商行（个体工商户）,公益捐款支出|贵州省慈善总会|6925598327527734549
2026-04-23 07:31:01,'2026042307305800850540044242,出账,0.01,聚合账户,公益捐款,,'6925534079441861760,'6925534079441861760,,,,,,,普通订单,0,0,0,0,0,0,0,0,0,0,0,0,0,0,0,0,0,0,0,,0,义乌市蓓行电子商务商行（个体工商户）,公益捐款支出|贵州省慈善总会|6925534079441861760
2026-04-23 07:31:07,'2026042307310435567908304242,出账,0.01,聚合账户,公益捐款,,'6952129842846504762,'6952129842846504762,,,,,,,普通订单,0,0,0,0,0,0,0,0,0,0,0,0,0,0,0,0,0,0,0,,0,义乌市蓓行电子商务商行（个体工商户）,公益捐款支出|贵州省慈善总会|6952129842846504762
2026-04-23 07:31:12,'2026042307310939862111354242,出账,0.01,聚合账户,公益捐款,,'6952138337436636740,'6952138337436636740,,,,,,,普通订单,0,0,0,0,0,0,0,0,0,0,0,0,0,0,0,0,0,0,0,,0,义乌市蓓行电子商务商行（个体工商户）,公益捐款支出|贵州省慈善总会|6952138337436636740
2026-04-23 07:31:12,'2026042307310902821330334242,出账,0.01,聚合账户,公益捐款,,'6925676730495565182,'6925676730495565182,,,,,,,普通订单,0,0,0,0,0,0,0,0,0,0,0,0,0,0,0,0,0,0,0,,0,义乌市蓓行电子商务商行（个体工商户）,公益捐款支出|贵州省慈善总会|6925676730495565182
2026-04-23 07:31:12,'2026042307311000191368224242,出账,0.01,聚合账户,公益捐款,,'6952029737507951822,'6952029737507951822,,,,,,,普通订单,0,0,0,0,0,0,0,0,0,0,0,0,0,0,0,0,0,0,0,,0,义乌市蓓行电子商务商行（个体工商户）,公益捐款支出|贵州省慈善总会|6952029737507951822
2026-04-23 07:31:13,'2026042307310924243574284242,出账,0.01,聚合账户,公益捐款,,'6952000555115156823,'6952000555115156823,,,,,,,普通订单,0,0,0,0,0,0,0,0,0,0,0,0,0,0,0,0,0,0,0,,0,义乌市蓓行电子商务商行（个体工商户）,公益捐款支出|贵州省慈善总会|6952000555115156823
2026-04-23 07:31:13,'2026042307310931971090444242,出账,0.01,聚合账户,公益捐款,,'6925669649340202783,'6925669649340202783,,,,,,,普通订单,0,0,0,0,0,0,0,0,0,0,0,0,0,0,0,0,0,0,0,,0,义乌市蓓行电子商务商行（个体工商户）,公益捐款支出|贵州省慈善总会|6925669649340202783
2026-04-23 07:31:17,'2026042307311431630628104242,出账,0.01,聚合账户,公益捐款,,'6952166735818069464,'6952166735818069464,,,,,,,普通订单,0,0,0,0,0,0,0,0,0,0,0,0,0,0,0,0,0,0,0,,0,义乌市蓓行电子商务商行（个体工商户）,公益捐款支出|贵州省慈善总会|6952166735818069464
2026-04-23 07:31:17,'2026042307311428822577104242,出账,0.01,聚合账户,公益捐款,,'6925551772161375864,'6925551772161375864,,,,,,,普通订单,0,0,0,0,0,0,0,0,0,0,0,0,0,0,0,0,0,0,0,,0,义乌市蓓行电子商务商行（个体工商户）,公益捐款支出|贵州省慈善总会|6925551772161375864
2026-04-23 07:31:17,'2026042307311418085196954242,出账,0.01,聚合账户,公益捐款,,'6952020442623120787,'6952020442623120787,,,,,,,普通订单,0,0,0,0,0,0,0,0,0,0,0,0,0,0,0,0,0,0,0,,0,义乌市蓓行电子商务商行（个体工商户）,公益捐款支出|贵州省慈善总会|6952020442623120787
2026-04-23 07:31:18,'2026042307311535950272434242,出账,0.02,聚合账户,公益捐款,,'6952022512729527421,'6952022512729527421,,,,,,,普通订单,0,0,0,0,0,0,0,0,0,0,0,0,0,0,0,0,0,0,0,,0,义乌市蓓行电子商务商行（个体工商户）,公益捐款支出|贵州省慈善总会|6952022512729527421
2026-04-23 07:31:37,'2026042307313314608184844242,出账,0.01,聚合账户,公益捐款,,'6925657799794195620,'6925657799794195620,,,,,,,普通订单,0,0,0,0,0,0,0,0,0,0,0,0,0,0,0,0,0,0,0,,0,义乌市蓓行电子商务商行（个体工商户）,公益捐款支出|贵州省慈善总会|6925657799794195620
2026-04-23 07:31:37,'2026042307313433269519464242,出账,0.01,聚合账户,公益捐款,,'6952023478853309664,'6952023478853309664,,,,,,,普通订单,0,0,0,0,0,0,0,0,0,0,0,0,0,0,0,0,0,0,0,,0,义乌市蓓行电子商务商行（个体工商户）,公益捐款支出|贵州省慈善总会|6952023478853309664
2026-04-23 07:31:37,'2026042307313421224332954242,出账,0.01,聚合账户,公益捐款,,'6952037160417432708,'6952037160417432708,,,,,,,普通订单,0,0,0,0,0,0,0,0,0,0,0,0,0,0,0,0,0,0,0,,0,义乌市蓓行电子商务商行（个体工商户）,公益捐款支出|贵州省慈善总会|6952037160417432708
2026-04-23 07:38:36,'2026042307383340810913744242,出账,0.01,聚合账户,公益捐款,,'6925552169600712422,'6925552169600712422,,,,,,,普通订单,0,0,0,0,0,0,0,0,0,0,0,0,0,0,0,0,0,0,0,,0,义乌市蓓行电子商务商行（个体工商户）,公益捐款支出|贵州省慈善总会|6925552169600712422
2026-04-23 07:39:10,'2026042307390717873969144242,出账,0.01,聚合账户,公益捐款,,'6925554237300047662,'6925554237300047662,,,,,,,普通订单,0,0,0,0,0,0,0,0,0,0,0,0,0,0,0,0,0,0,0,,0,义乌市蓓行电子商务商行（个体工商户）,公益捐款支出|贵州省慈善总会|6925554237300047662
2026-04-23 07:53:06,'2026042307530408924083634242,出账,0.01,聚合账户,公益捐款,,'6952118892849206892,'6952118892849206892,,,,,,,普通订单,0,0,0,0,0,0,0,0,0,0,0,0,0,0,0,0,0,0,0,,0,义乌市蓓行电子商务商行（个体工商户）,公益捐款支出|贵州省慈善总会|6952118892849206892
2026-04-23 07:53:06,'2026042307530213561203264242,出账,0.01,聚合账户,公益捐款,,'6925558864948395452,'6925558864948395452,,,,,,,普通订单,0,0,0,0,0,0,0,0,0,0,0,0,0,0,0,0,0,0,0,,0,义乌市蓓行电子商务商行（个体工商户）,公益捐款支出|贵州省慈善总会|6925558864948395452
2026-04-23 07:53:06,'2026042307530332687721114242,出账,0.01,聚合账户,公益捐款,,'6952044753661859212,'6952044753661859212,,,,,,,普通订单,0,0,0,0,0,0,0,0,0,0,0,0,0,0,0,0,0,0,0,,0,义乌市蓓行电子商务商行（个体工商户）,公益捐款支出|贵州省慈善总会|6952044753661859212
2026-04-23 07:53:08,'2026042307530534523553624242,出账,0.01,聚合账户,公益捐款,,'6925540277015575657,'6925540277015575657,,,,,,,普通订单,0,0,0,0,0,0,0,0,0,0,0,0,0,0,0,0,0,0,0,,0,义乌市蓓行电子商务商行（个体工商户）,公益捐款支出|贵州省慈善总会|6925540277015575657
2026-04-23 07:53:08,'2026042307530407327462804242,出账,0.01,聚合账户,公益捐款,,'6925579554193964773,'6925579554193964773,,,,,,,普通订单,0,0,0,0,0,0,0,0,0,0,0,0,0,0,0,0,0,0,0,,0,义乌市蓓行电子商务商行（个体工商户）,公益捐款支出|贵州省慈善总会|6925579554193964773
2026-04-23 07:53:17,'2026042307531406220188524242,出账,0.01,聚合账户,公益捐款,,'6925652070550306573,'6925652070550306573,,,,,,,普通订单,0,0,0,0,0,0,0,0,0,0,0,0,0,0,0,0,0,0,0,,0,义乌市蓓行电子商务商行（个体工商户）,公益捐款支出|贵州省慈善总会|6925652070550306573
2026-04-23 07:53:17,'2026042307531420597478754242,出账,0.01,聚合账户,公益捐款,,'6925555332147740456,'6925555332147740456,,,,,,,普通订单,0,0,0,0,0,0,0,0,0,0,0,0,0,0,0,0,0,0,0,,0,义乌市蓓行电子商务商行（个体工商户）,公益捐款支出|贵州省慈善总会|6925555332147740456
2026-04-23 07:53:17,'2026042307531440325657754242,出账,0.01,聚合账户,公益捐款,,'6925569531650735499,'6925569531650735499,,,,,,,普通订单,0,0,0,0,0,0,0,0,0,0,0,0,0,0,0,0,0,0,0,,0,义乌市蓓行电子商务商行（个体工商户）,公益捐款支出|贵州省慈善总会|6925569531650735499
2026-04-23 07:53:17,'2026042307531413851369314242,出账,0.01,聚合账户,公益捐款,,'6925540080956242977,'6925540080956242977,,,,,,,普通订单,0,0,0,0,0,0,0,0,0,0,0,0,0,0,0,0,0,0,0,,0,义乌市蓓行电子商务商行（个体工商户）,公益捐款支出|贵州省慈善总会|6925540080956242977
2026-04-23 07:53:17,'2026042307531500987138924242,出账,0.01,聚合账户,公益捐款,,'6925560522656939692,'6925560522656939692,,,,,,,普通订单,0,0,0,0,0,0,0,0,0,0,0,0,0,0,0,0,0,0,0,,0,义乌市蓓行电子商务商行（个体工商户）,公益捐款支出|贵州省慈善总会|6925560522656939692
2026-04-23 07:53:18,'2026042307531537388620904242,出账,0.01,聚合账户,公益捐款,,'6952147332417525418,'6952147332417525418,,,,,,,普通订单,0,0,0,0,0,0,0,0,0,0,0,0,0,0,0,0,0,0,0,,0,义乌市蓓行电子商务商行（个体工商户）,公益捐款支出|贵州省慈善总会|6952147332417525418
2026-04-23 08:06:49,'2026042308064403828167744242,出账,1,聚合账户,小额打款,,'6952101147801491219,'6952101147801491219,,,,,,,普通订单,0,0,0,0,0,0,0,0,0,0,0,0,0,0,0,0,0,0,0,,0,义乌市蓓行电子商务商行（个体工商户）,商家向消费者小额打款-“补差价”
2026-04-23 08:25:24,'2026042308251707115781474242,出账,0.01,聚合账户,公益捐款,,'6952173547223323740,'6952173547223323740,,,,,,,普通订单,0,0,0,0,0,0,0,0,0,0,0,0,0,0,0,0,0,0,0,,0,义乌市蓓行电子商务商行（个体工商户）,公益捐款支出|贵州省慈善总会|6952173547223323740
2026-04-23 09:15:56,'2026042309155110996948484242,入账,3.7,聚合账户,货款结算入账,巨量千川,'6952111970397722430,'6952111970397722430,'SS76307143617870443780156,2026-04-15 20:22:05,'3807220077028311460,夏天高级感随手盘发一字扭扭夹水钻抓夹高级发夹扭扭后脑勺盘发器,,,普通订单,3.89,0,0,0,0,0,0,0,0,0,0,0,-0.19,0,0,0,0,0,0,,0,义乌市蓓行电子商务商行（个体工商户）,订单结算
2026-04-23 09:15:56,'2026042309155035244116754242,入账,3.7,聚合账户,货款结算入账,巨量千川,'6925536448392888036,'6925536448392888036,'SS76306666349442995390169,2026-04-12 18:22:47,'3807220077028311460,【超显气质】简约不硌头扭扭夹发夹女2026新款盘发抓夹高级感水钻珠珠一字夹子,,,普通订单,3.89,0,0,0,0,0,0,0,0,0,0,0,-0.19,0,0,0,0,0,0,,0,义乌市蓓行电子商务商行（个体工商户）,订单结算
2026-04-23 09:15:56,'2026042309155115481451784242,入账,3.7,聚合账户,货款结算入账,巨量千川,'6925685378735177212,'6925685378735177212,'SS76308148715542290550014,2026-04-18 07:35:40,'3807220077028311460,新中式发饰高级感扭扭夹随手盘发一字夹水钻抓夹后脑勺发夹盘发器,,,普通订单,3.89,0,0,0,0,0,0,0,0,0,0,0,-0.19,0,0,0,0,0,0,,0,义乌市蓓行电子商务商行（个体工商户）,订单结算
2026-04-23 09:15:56,'2026042309155305748987154242,入账,5.6,聚合账户,货款结算入账,巨量千川,'6925605909962325367,'6925605909962325367,'SS76305716721478210650088,2026-04-14 20:58:28,'3807220077028311460,【超显气质】简约不硌头扭扭夹发夹女2026新款盘发抓夹高级感水钻珠珠一字夹子,,,普通订单,1.89,0,0,4,0,0,0,0,0,0,0,0,-0.29,0,0,0,0,0,0,,0,义乌市蓓行电子商务商行（个体工商户）,订单结算
2026-04-23 09:15:56,'2026042309155013890688104242,入账,2.61,聚合账户,货款结算入账,小店自卖,'6952012388112078701,'6952012388112078701,'SS76306657767780561920090,2026-04-12 23:17:14,'3807250008697339947,蓝咖格子大肠发圈蓝色韩系新款复古四层头发丸子马尾高级头绳发饰,,,普通订单,2.63,0,0,0,0,0,0,0,0,0,0,0,-0.02,0,0,0,0,0,0,是-商品卡免佣,0.15,义乌市蓓行电子商务商行（个体工商户）,订单结算
2026-04-23 09:15:56,'2026042309155128063665144242,入账,3.7,聚合账户,货款结算入账,巨量千川,'6925556352412516048,'6925556352412516048,'SS76306611035260362580181,2026-04-13 00:23:13,'3807220077028311460,【超显气质】简约不硌头扭扭夹发夹女2026新款盘发抓夹高级感水钻珠珠一字夹子,,,普通订单,3.89,0,0,0,0,0,0,0,0,0,0,0,-0.19,0,0,0,0,0,0,,0,义乌市蓓行电子商务商行（个体工商户）,订单结算
2026-04-23 09:15:56,'2026042309155125143874654242,入账,3.67,聚合账户,货款结算入账,小店自卖,'6925545209926810752,'6925545209926810752,'SS76307327945322665340070,2026-04-12 23:25:16,'3799969300262028066,复古波点褶皱香蕉夹高级感马尾扭扭竖夹后脑勺显发量横夹发卡发饰,,,普通订单,3.69,0,0,0,0,0,0,0,0,0,0,0,-0.02,0,0,0,0,0,0,是-商品卡免佣,0.15,义乌市蓓行电子商务商行（个体工商户）,订单结算
2026-04-23 09:15:56,'2026042309155111873981534242,入账,3.7,聚合账户,货款结算入账,巨量千川,'6925551247638691168,'6925551247638691168,'SS76307372868664694140183,2026-04-12 17:34:22,'3807220077028311460,【超显气质】简约不硌头扭扭夹发夹女2026新款盘发抓夹高级感水钻珠珠一字夹子,,,普通订单,2.69,0,0,1.2,0,0,0,0,0,0,0,0,-0.19,0,0,0,0,0,0,,0,义乌市蓓行电子商务商行（个体工商户）,订单结算
2026-04-23 09:15:56,'2026042309155200295777744242,入账,4.34,聚合账户,货款结算入账,小店自卖,'6925683674227572510,'6925683674227572510,'SS76308023482851008630012,2026-04-18 07:28:40,'3797358013866705284,美拉德咖色波浪高颅顶发箍女款日常外戴头箍带齿防滑洗脸压发发卡,,,普通订单,1.37,0,0,3,0,0,0,0,0,0,0,0,-0.03,0,0,0,0,0,0,是-商品卡免佣,0.22,义乌市蓓行电子商务商行（个体工商户）,订单结算
2026-04-23 09:15:56,'2026042309155100298688104242,入账,3.7,聚合账户,货款结算入账,小店自卖,'6925659906655485172,'6925659906655485172,'SS76307876109369838620247,2026-04-17 06:15:27,'3807220077028311460,夏天高级感随手盘发一字扭扭夹水钻抓夹高级发夹扭扭后脑勺盘发器,,,普通订单,3.89,0,0,0,0,0,0,0,0,0,0,0,-0.19,0,0,0,0,0,0,,0,义乌市蓓行电子商务商行（个体工商户）,订单结算
2026-04-23 09:15:56,'2026042309155013137351774242,入账,3.7,聚合账户,货款结算入账,巨量千川,'6925542331127856454,'6925542331127856454,'SS76306667256293299660011,2026-04-12 20:16:44,'3807220077028311460,【超显气质】简约不硌头扭扭夹发夹女2026新款盘发抓夹高级感水钻珠珠一字夹子,,,普通订单,3.89,0,0,0,0,0,0,0,0,0,0,0,-0.19,0,0,0,0,0,0,,0,义乌市蓓行电子商务商行（个体工商户）,订单结算
2026-04-23 09:15:56,'2026042309155131773210024242,入账,3.82,聚合账户,货款结算入账,小店自卖,'6952025322679309856,'6952025322679309856,'SS76306669186256410060006,2026-04-13 04:14:49,'3799803177344303392,简约复古超弹高级感头绳韩国东大门咖色磨砂小香风头绳大肠圈日常,,,普通订单,3.84,0,0,0,0,0,0,0,0,0,0,0,-0.02,0,0,0,0,0,0,是-商品卡免佣,0.15,义乌市蓓行电子商务商行（个体工商户）,订单结算
2026-04-23 09:15:56,'2026042309155125511081474242,入账,10.68,聚合账户,货款结算入账,小店自卖,'6925640736145308935,'6925640736145308935,'SS76307595603448796510219,2026-04-16 11:49:53,'3807250008697339947,蓝咖格子大肠发圈蓝色韩系新款复古四层头发丸子马尾高级头绳发饰,,,普通订单,10.74,0,0,0,0,0,0,0,0,0,0,0,-0.06,0,0,0,0,0,0,是-商品卡免佣,0.44,义乌市蓓行电子商务商行（个体工商户）,订单结算
2026-04-23 09:15:56,'2026042309154620942525864242,入账,3.7,聚合账户,货款结算入账,巨量千川,'6952039387819677526,'6952039387819677526,'SS76307371456739576780192,2026-04-13 13:21:34,'3807220077028311460,【超显气质】简约不硌头扭扭夹发夹女2026新款盘发抓夹高级感水钻珠珠一字夹子,,,普通订单,3.89,0,0,0,0,0,0,0,0,0,0,0,-0.19,0,0,0,0,0,0,,0,义乌市蓓行电子商务商行（个体工商户）,订单结算
2026-04-23 09:15:56,'2026042309155116867822434242,入账,1.63,聚合账户,货款结算入账,小店自卖,'6951658616465200917,'6951658616465200917,'SS76306684901838036580221,2026-03-28 20:37:23,'3803465614220198176,国风玫瑰花琵琶发夹女小众侧边夹刘海夹创意碎发夹子古风发卡头饰,,,普通订单,1.64,0,0,0,0,0,0,0,0,0,0,0,-0.01,0,0,0,0,0,0,是-商品卡免佣,0.07,义乌市蓓行电子商务商行（个体工商户）,订单结算
2026-04-23 09:15:56,'2026042309155039273436684242,入账,6.55,聚合账户,货款结算入账,巨量千川,'6952015950498830083,'6952015950498830083,'SS76306666057515504640090,2026-04-12 17:14:47,'3807220077028311460,【超显气质】简约不硌头扭扭夹发夹女2026新款盘发抓夹高级感水钻珠珠一字夹子,,,普通订单,6.89,0,0,0,0,0,0,0,0,0,0,0,-0.34,0,0,0,0,0,0,,0,义乌市蓓行电子商务商行（个体工商户）,订单结算
2026-04-23 09:15:56,'2026042309155306464315394242,入账,2.72,聚合账户,货款结算入账,小店自卖,'6925557205187657294,'6925557205187657294,'SS76307429997105321150177,2026-04-13 11:52:10,'3799969300262028066,复古波点褶皱香蕉夹高级感马尾扭扭竖夹后脑勺显发量横夹发卡发饰,,,普通订单,2.74,0,0,0,0,0,0,0,0,0,0,0,-0.02,0,0,0,0,0,0,是-商品卡免佣,0.15,义乌市蓓行电子商务商行（个体工商户）,订单结算
2026-04-23 09:15:56,'2026042309155012347477004242,入账,6.96,聚合账户,货款结算入账,小店自卖,'6952091241159988495,'6952091241159988495,'SS76308611592136627720155,2026-04-15 11:47:43,'3798263450837320143,儿童是兔子警官可爱兔子帽子发夹边夹侧边发卡女卡通甜美拍照道具,,,普通订单,7,0,0,0,0,0,0,0,0,0,0,0,-0.04,0,0,0,0,0,0,是-商品卡免佣,0.29,义乌市蓓行电子商务商行（个体工商户）,订单结算
2026-04-23 09:15:56,'2026042309155235048660984242,入账,10.68,聚合账户,货款结算入账,小店自卖,'6925560522657005228,'6925560522656939692,'SS76307408329578910720172,2026-04-12 23:06:20,'3807250008697339947,蓝咖格子大肠发圈蓝色韩系新款复古四层头发丸子马尾高级头绳发饰,,,普通订单,10.74,0,0,0,0,0,0,0,0,0,0,0,-0.06,0,0,0,0,0,0,是-商品卡免佣,0.44,义乌市蓓行电子商务商行（个体工商户）,订单结算
2026-04-23 09:15:56,'2026042309154828070548834242,入账,8.49,聚合账户,货款结算入账,小店自卖,'6952125844116804921,'6952125844116804921,'SS76307270486506217500162,2026-04-16 09:38:14,'3807250008697339947,蓝咖格子大肠发圈蓝色韩系新款复古四层头发丸子马尾高级头绳发饰,,,普通订单,8.54,0,0,0,0,0,0,0,0,0,0,0,-0.05,0,0,0,0,0,0,是-商品卡免佣,0.37,义乌市蓓行电子商务商行（个体工商户）,订单结算
2026-04-23 09:15:56,'2026042309155022034030604242,入账,3.7,聚合账户,货款结算入账,巨量千川,'6952028483890320660,'6952028483890320660,'SS76307376218738898260105,2026-04-13 12:34:12,'3811112236538265926,【超值特惠】古风高级感发夹女2026新款网红后脑抓夹发量少专用水钻一字扭扭夹,,,普通订单,3.89,0,0,0,0,0,0,0,0,0,0,0,-0.19,0,0,0,0,0,0,,0,义乌市蓓行电子商务商行（个体工商户）,订单结算
2026-04-23 09:15:57,'2026042309155031210872754242,入账,5.6,聚合账户,货款结算入账,巨量千川,'6952068535051097327,'6952068535051097327,'SS76306835700291996660058,2026-04-14 21:33:07,'3807220077028311460,夏天高级感随手盘发一字扭扭夹水钻抓夹高级发夹扭扭后脑勺盘发器,,,普通订单,5.89,0,0,0,0,0,0,0,0,0,0,0,-0.29,0,0,0,0,0,0,,0,义乌市蓓行电子商务商行（个体工商户）,订单结算
2026-04-23 09:15:57,'2026042309155218875517794242,入账,3.7,聚合账户,货款结算入账,巨量千川,'6952029749014108097,'6952029749014108097,'SS76306417734894597480231,2026-04-13 00:03:22,'3807220077028311460,【超显气质】简约不硌头扭扭夹发夹女2026新款盘发抓夹高级感水钻珠珠一字夹子,,,普通订单,3.89,0,0,0,0,0,0,0,0,0,0,0,-0.19,0,0,0,0,0,0,,0,义乌市蓓行电子商务商行（个体工商户）,订单结算
2026-04-23 09:15:57,'2026042309155408221494194242,出账,0.01,聚合账户,公益捐款,,'6925605909962325367,'6925605909962325367,,,,,,,普通订单,0,0,0,0,0,0,0,0,0,0,0,0,0,0,0,0,0,0,0,,0,义乌市蓓行电子商务商行（个体工商户）,公益捐款支出|贵州省慈善总会|6925605909962325367
2026-04-23 09:15:57,'2026042309155314940413964242,出账,0.01,聚合账户,公益捐款,,'6952039387819677526,'6952039387819677526,,,,,,,普通订单,0,0,0,0,0,0,0,0,0,0,0,0,0,0,0,0,0,0,0,,0,义乌市蓓行电子商务商行（个体工商户）,公益捐款支出|贵州省慈善总会|6952039387819677526
2026-04-23 09:15:57,'2026042309155102730887944242,入账,6.21,聚合账户,货款结算入账,精选联盟,'6925546927582641554,'6925546927582641554,'SS76307553356451190280170,2026-04-12 21:50:59,'3799969300262028066,【达人专属】复古波点褶皱香蕉夹高级感马尾扭扭竖夹后脑勺显发量横夹发卡发饰,'1587336651221252,一口甜🎀,普通订单,6.89,0,0,0,0,0,0,0,0,0,0,0,-0.34,-0.34,0,0,0,0,0,,0,义乌市蓓行电子商务商行（个体工商户）,订单结算
2026-04-23 09:15:57,'2026042309155236970012664242,入账,2.75,聚合账户,货款结算入账,巨量千川,'6925548851737689652,'6925548851737689652,'SS76306411019759826330195,2026-04-12 19:21:24,'3792402691087532393,【小众高级感】高颜值彩色豆豆发圈头绳扎头发马尾丸子头高弹力橡皮筋不伤发发绳,,,普通订单,2.9,0,0,0,0,0,0,0,0,0,0,0,-0.15,0,0,0,0,0,0,,0,义乌市蓓行电子商务商行（个体工商户）,订单结算
2026-04-23 09:15:57,'2026042309155213089838424242,出账,0.01,聚合账户,公益捐款,,'6925551247638691168,'6925551247638691168,,,,,,,普通订单,0,0,0,0,0,0,0,0,0,0,0,0,0,0,0,0,0,0,0,,0,义乌市蓓行电子商务商行（个体工商户）,公益捐款支出|贵州省慈善总会|6925551247638691168
2026-04-23 09:15:57,'2026042309155035581957504242,入账,4.65,聚合账户,货款结算入账,巨量千川,'6925440182763880115,'6925440182763880115,'SS76307358611727037860018,2026-04-08 12:49:38,'3792402691087532393,【小众高级感】高颜值彩色豆豆发圈头绳扎头发马尾丸子头高弹力橡皮筋不伤发发绳,,,普通订单,4.9,0,0,0,0,0,0,0,0,0,0,0,-0.25,0,0,0,0,0,0,,0,义乌市蓓行电子商务商行（个体工商户）,订单结算
2026-04-23 09:15:57,'2026042309155039994373314242,出账,0.01,聚合账户,公益捐款,,'6952068535051097327,'6952068535051097327,,,,,,,普通订单,0,0,0,0,0,0,0,0,0,0,0,0,0,0,0,0,0,0,0,,0,义乌市蓓行电子商务商行（个体工商户）,公益捐款支出|贵州省慈善总会|6952068535051097327
2026-04-23 09:15:57,'2026042309155119906235264242,入账,3.55,聚合账户,货款结算入账,小店自卖,'6925559332542185391,'6925559332542185391,'SS76307478780754171070166,2026-04-13 10:38:28,'3807779006917509157,迷你小号精致蝴蝶结鸭嘴夹发夹侧边小夹子碎发夹刘海夹高级感发卡,,,普通订单,3.57,0,0,0,0,0,0,0,0,0,0,0,-0.02,0,0,0,0,0,0,是-商品卡免佣,0.15,义乌市蓓行电子商务商行（个体工商户）,订单结算
2026-04-23 09:15:57,'2026042309155129518116034242,出账,0.01,聚合账户,公益捐款,,'6952125844116804921,'6952125844116804921,,,,,,,普通订单,0,0,0,0,0,0,0,0,0,0,0,0,0,0,0,0,0,0,0,,0,义乌市蓓行电子商务商行（个体工商户）,公益捐款支出|贵州省慈善总会|6952125844116804921
2026-04-23 09:15:57,'2026042309155131509877864242,入账,2.72,聚合账户,货款结算入账,小店自卖,'6925548251602582620,'6925548251602582620,'SS76307327340461470980208,2026-04-13 13:05:22,'3799969300262028066,复古波点褶皱香蕉夹高级感马尾扭扭竖夹后脑勺显发量横夹发卡发饰,,,普通订单,2.74,0,0,0,0,0,0,0,0,0,0,0,-0.02,0,0,0,0,0,0,是-商品卡免佣,0.15,义乌市蓓行电子商务商行（个体工商户）,订单结算
2026-04-23 09:15:57,'2026042309155011129984424242,入账,3.7,聚合账户,货款结算入账,巨量千川,'6952044095405823891,'6952044095405823891,'SS76307372910490915990057,2026-04-13 14:55:13,'3807220077028311460,【超显气质】简约不硌头扭扭夹发夹女2026新款盘发抓夹高级感水钻珠珠一字夹子,,,普通订单,3.89,0,0,0,0,0,0,0,0,0,0,0,-0.19,0,0,0,0,0,0,,0,义乌市蓓行电子商务商行（个体工商户）,订单结算
2026-04-23 09:15:57,'2026042309155223663910944242,出账,0.01,聚合账户,公益捐款,,'6925556352412516048,'6925556352412516048,,,,,,,普通订单,0,0,0,0,0,0,0,0,0,0,0,0,0,0,0,0,0,0,0,,0,义乌市蓓行电子商务商行（个体工商户）,公益捐款支出|贵州省慈善总会|6925556352412516048
2026-04-23 09:15:57,'2026042309155207260408784242,入账,6.95,聚合账户,货款结算入账,小店自卖,'6925560570452540819,'6925560570452540819,'SS76306669448509076840143,2026-04-12 23:21:18,'3807385665038057791,韩式设计抓夹叶片麦穗鲨鱼新款夹百搭高级发卡后脑勺发抓超值头饰,,,普通订单,6.99,0,0,0,0,0,0,0,0,0,0,0,-0.04,0,0,0,0,0,0,是-商品卡免佣,0.29,义乌市蓓行电子商务商行（个体工商户）,订单结算
2026-04-23 09:18:29,'2026042309182721367854464242,出账,0.01,聚合账户,公益捐款,,'6925560570452540819,'6925560570452540819,,,,,,,普通订单,0,0,0,0,0,0,0,0,0,0,0,0,0,0,0,0,0,0,0,,0,义乌市蓓行电子商务商行（个体工商户）,公益捐款支出|贵州省慈善总会|6925560570452540819
2026-04-23 09:18:30,'2026042309182528356446874242,出账,0.01,聚合账户,公益捐款,,'6925548851737689652,'6925548851737689652,,,,,,,普通订单,0,0,0,0,0,0,0,0,0,0,0,0,0,0,0,0,0,0,0,,0,义乌市蓓行电子商务商行（个体工商户）,公益捐款支出|贵州省慈善总会|6925548851737689652
2026-04-23 09:18:30,'2026042309182433853117964242,出账,0.01,聚合账户,公益捐款,,'6925557205187657294,'6925557205187657294,,,,,,,普通订单,0,0,0,0,0,0,0,0,0,0,0,0,0,0,0,0,0,0,0,,0,义乌市蓓行电子商务商行（个体工商户）,公益捐款支出|贵州省慈善总会|6925557205187657294
2026-04-23 09:18:30,'2026042309182539280481544242,出账,0.01,聚合账户,公益捐款,,'6952029749014108097,'6952029749014108097,,,,,,,普通订单,0,0,0,0,0,0,0,0,0,0,0,0,0,0,0,0,0,0,0,,0,义乌市蓓行电子商务商行（个体工商户）,公益捐款支出|贵州省慈善总会|6952029749014108097
2026-04-23 09:18:30,'2026042309182435328660484242,出账,0.01,聚合账户,公益捐款,,'6925685378735177212,'6925685378735177212,,,,,,,普通订单,0,0,0,0,0,0,0,0,0,0,0,0,0,0,0,0,0,0,0,,0,义乌市蓓行电子商务商行（个体工商户）,公益捐款支出|贵州省慈善总会|6925685378735177212
2026-04-23 09:18:30,'2026042309182609197166504242,出账,0.01,聚合账户,公益捐款,,'6925659906655485172,'6925659906655485172,,,,,,,普通订单,0,0,0,0,0,0,0,0,0,0,0,0,0,0,0,0,0,0,0,,0,义乌市蓓行电子商务商行（个体工商户）,公益捐款支出|贵州省慈善总会|6925659906655485172
2026-04-23 09:18:30,'2026042309182526018941634242,出账,0.01,聚合账户,公益捐款,,'6952044095405823891,'6952044095405823891,,,,,,,普通订单,0,0,0,0,0,0,0,0,0,0,0,0,0,0,0,0,0,0,0,,0,义乌市蓓行电子商务商行（个体工商户）,公益捐款支出|贵州省慈善总会|6952044095405823891
2026-04-23 09:18:30,'2026042309182626803735134242,出账,0.01,聚合账户,公益捐款,,'6952091241159988495,'6952091241159988495,,,,,,,普通订单,0,0,0,0,0,0,0,0,0,0,0,0,0,0,0,0,0,0,0,,0,义乌市蓓行电子商务商行（个体工商户）,公益捐款支出|贵州省慈善总会|6952091241159988495
2026-04-23 09:18:30,'2026042309182616590648834242,出账,0.01,聚合账户,公益捐款,,'6925640736145308935,'6925640736145308935,,,,,,,普通订单,0,0,0,0,0,0,0,0,0,0,0,0,0,0,0,0,0,0,0,,0,义乌市蓓行电子商务商行（个体工商户）,公益捐款支出|贵州省慈善总会|6925640736145308935
2026-04-23 09:18:30,'2026042309182422789821784242,出账,0.01,聚合账户,公益捐款,,'6925542331127856454,'6925542331127856454,,,,,,,普通订单,0,0,0,0,0,0,0,0,0,0,0,0,0,0,0,0,0,0,0,,0,义乌市蓓行电子商务商行（个体工商户）,公益捐款支出|贵州省慈善总会|6925542331127856454
2026-04-23 09:18:31,'2026042309182701429348184242,出账,0.01,聚合账户,公益捐款,,'6952025322679309856,'6952025322679309856,,,,,,,普通订单,0,0,0,0,0,0,0,0,0,0,0,0,0,0,0,0,0,0,0,,0,义乌市蓓行电子商务商行（个体工商户）,公益捐款支出|贵州省慈善总会|6952025322679309856
2026-04-23 09:19:20,'2026042309191500714060954242,入账,5.6,聚合账户,货款结算入账,巨量千川,'6952134548007556666,'6952134548007556666,'SS76306936154552077320128,2026-04-17 10:18:07,'3807220077028311460,夏天高级感随手盘发一字扭扭夹水钻抓夹高级发夹扭扭后脑勺盘发器,,,普通订单,5.89,0,0,0,0,0,0,0,0,0,0,0,-0.29,0,0,0,0,0,0,,0,义乌市蓓行电子商务商行（个体工商户）,订单结算
2026-04-23 09:19:20,'2026042309191440368748064242,入账,4.34,聚合账户,货款结算入账,小店自卖,'6925543198756470181,'6925543198756470181,'SS76306669256200686600047,2026-04-13 06:12:49,'3797358013866705284,美拉德咖色波浪高颅顶发箍女款日常外戴头箍带齿防滑洗脸压发发卡,,,普通订单,4.37,0,0,0,0,0,0,0,0,0,0,0,-0.03,0,0,0,0,0,0,是-商品卡免佣,0.22,义乌市蓓行电子商务商行（个体工商户）,订单结算
2026-04-23 09:19:20,'2026042309191618421025704242,入账,3.7,聚合账户,货款结算入账,巨量千川,'6925554789470731292,'6925554789470731292,'SS76307408305971533260092,2026-04-13 01:32:17,'3807220077028311460,【超显气质】简约不硌头扭扭夹发夹女2026新款盘发抓夹高级感水钻珠珠一字夹子,,,普通订单,3.89,0,0,0,0,0,0,0,0,0,0,0,-0.19,0,0,0,0,0,0,,0,义乌市蓓行电子商务商行（个体工商户）,订单结算
2026-04-23 09:19:20,'2026042309191612592461234242,入账,2.83,聚合账户,货款结算入账,小店自卖,'6925561659079098247,'6925561659079098247,'SS76307014797752079720075,2026-04-13 12:22:31,'3799803177344303392,简约复古超弹高级感头绳韩国东大门咖色磨砂小香风头绳大肠圈日常,,,普通订单,2.85,0,0,0,0,0,0,0,0,0,0,0,-0.02,0,0,0,0,0,0,是-商品卡免佣,0.15,义乌市蓓行电子商务商行（个体工商户）,订单结算
2026-04-23 09:19:20,'2026042309191508231818594242,入账,4.65,聚合账户,货款结算入账,小店自卖,'6952133944807135137,'6952133944807135137,'SS76308442399328181950139,2026-04-16 23:05:49,'3805708033615593705,咖色磨砂抓夹大号发夹女2026年新款后脑勺发量多鲨鱼夹子发卡头饰,,,普通订单,4.68,0,0,0,0,0,0,0,0,0,0,0,-0.03,0,0,0,0,0,0,是-商品卡免佣,0.22,义乌市蓓行电子商务商行（个体工商户）,订单结算
2026-04-23 09:19:20,'2026042309191630955607674242,入账,3.7,聚合账户,货款结算入账,巨量千川,'6925538593080638896,'6925538593080638896,'SS76306604594944783760227,2026-04-12 19:18:14,'3811112236538265926,【超值特惠】古风高级感发夹女2026新款网红后脑抓夹发量少专用水钻一字扭扭夹,,,普通订单,3.89,0,0,0,0,0,0,0,0,0,0,0,-0.19,0,0,0,0,0,0,,0,义乌市蓓行电子商务商行（个体工商户）,订单结算
2026-04-23 09:19:21,'2026042309191631478625914242,入账,2.72,聚合账户,货款结算入账,小店自卖,'6952031561169966563,'6952031561169966563,'SS76306386399239380630144,2026-04-12 20:44:30,'3799969300262028066,复古波点褶皱香蕉夹高级感马尾扭扭竖夹后脑勺显发量横夹发卡发饰,,,普通订单,0.01,0,0,2.73,0,0,0,0,0,0,0,0,-0.02,0,0,0,0,0,0,是-商品卡免佣,0.15,义乌市蓓行电子商务商行（个体工商户）,订单结算
2026-04-23 09:19:21,'2026042309191702563120834242,入账,1.68,聚合账户,货款结算入账,小店自卖,'6925556079116123995,'6925556079116123995,'SS76307553354518042000192,2026-04-12 22:31:35,'3811888974864187452,网红定位夹高颅顶神器无痕发根固定蓬松夹刘海鸭嘴发夹头发定型夹,,,普通订单,1.69,0,0,0,0,0,0,0,0,0,0,0,-0.01,0,0,0,0,0,0,是-商品卡免佣,0.07,义乌市蓓行电子商务商行（个体工商户）,订单结算
2026-04-23 09:19:21,'2026042309191216785945664242,入账,2.89,聚合账户,货款结算入账,小店自卖,'6952066393743627464,'6952066393743627464,'SS76306797987335048310182,2026-04-15 07:43:18,'3805708033615593705,咖色磨砂抓夹大号发夹女2026年新款后脑勺发量多鲨鱼夹子发卡头饰,,,普通订单,2.91,0,0,0,0,0,0,0,0,0,0,0,-0.02,0,0,0,0,0,0,是-商品卡免佣,0.15,义乌市蓓行电子商务商行（个体工商户）,订单结算
2026-04-23 09:19:21,'2026042309191539344420474242,入账,5.48,聚合账户,货款结算入账,小店自卖,'6925682094192033709,'6925682094192033709,'SS76307480201198968820065,2026-04-18 12:21:30,'3799803177344303392,简约复古超弹高级感头绳韩国东大门咖色磨砂小香风头绳大肠圈日常,,,普通订单,5.51,0,0,0,0,0,0,0,0,0,0,0,-0.03,0,0,0,0,0,0,是-商品卡免佣,0.22,义乌市蓓行电子商务商行（个体工商户）,订单结算
2026-04-23 09:19:21,'2026042309191501934139074242,入账,4.27,聚合账户,货款结算入账,小店自卖,'6952097635390133701,'6952097635390133701,'SS76307592985508746430029,2026-04-15 11:46:17,'3808317071612313998,简约气质豹纹小马香蕉夹女高马尾发夹大号防滑后脑勺竖夹抓夹发卡,,,普通订单,4.49,0,0,0,0,0,0,0,0,0,0,0,-0.22,0,0,0,0,0,0,,0,义乌市蓓行电子商务商行（个体工商户）,订单结算
2026-04-23 09:19:21,'2026042309191534698245394242,出账,0.01,聚合账户,公益捐款,,'6925554789470731292,'6925554789470731292,,,,,,,普通订单,0,0,0,0,0,0,0,0,0,0,0,0,0,0,0,0,0,0,0,,0,义乌市蓓行电子商务商行（个体工商户）,公益捐款支出|贵州省慈善总会|6925554789470731292
2026-04-23 09:19:21,'2026042309191632096425504242,入账,2.82,聚合账户,货款结算入账,小店自卖,'6925538477916913419,'6925538477916913419,'SS76306666323399319470208,2026-04-12 18:11:27,'3807235944625602787,LOVEIXCC南瓜豹纹抓夹大号发量大2026新款高级感鲨鱼夹后脑勺发夹,,,普通订单,2.84,0,0,0,0,0,0,0,0,0,0,0,-0.02,0,0,0,0,0,0,是-商品卡免佣,0.15,义乌市蓓行电子商务商行（个体工商户）,订单结算
2026-04-23 09:19:21,'2026042309191616792460864242,入账,3.7,聚合账户,货款结算入账,巨量千川,'6925664581129174317,'6925664581129174317,'SS76308294616797845110091,2026-04-17 12:15:46,'3807220077028311460,夏天高级感随手盘发一字扭扭夹水钻抓夹高级发夹扭扭后脑勺盘发器,,,普通订单,3.89,0,0,0,0,0,0,0,0,0,0,0,-0.19,0,0,0,0,0,0,,0,义乌市蓓行电子商务商行（个体工商户）,订单结算
2026-04-23 09:19:21,'2026042309191433436677184242,入账,4.65,聚合账户,货款结算入账,巨量千川,'6952029862130947843,'6952029862130947843,'SS76306409721045978140218,2026-04-13 00:59:56,'3792402691087532393,【小众高级感】高颜值彩色豆豆发圈头绳扎头发马尾丸子头高弹力橡皮筋不伤发发绳,,,普通订单,0.01,0,0,4.89,0,0,0,0,0,0,0,0,-0.25,0,0,0,0,0,0,,0,义乌市蓓行电子商务商行（个体工商户）,订单结算
2026-04-23 09:19:21,'2026042309191738048407104242,入账,4.65,聚合账户,货款结算入账,巨量千川,'6925552115886030082,'6925552115886030082,'SS76307407700054021210224,2026-04-12 22:55:44,'3811112236538265926,【超值特惠】古风高级感发夹女2026新款网红后脑抓夹发量少专用水钻一字扭扭夹,,,普通订单,4.89,0,0,0,0,0,0,0,0,0,0,0,-0.24,0,0,0,0,0,0,,0,义乌市蓓行电子商务商行（个体工商户）,订单结算
2026-04-23 09:19:21,'2026042309191702029816864242,入账,6.96,聚合账户,货款结算入账,小店自卖,'6925674541982973250,'6925674541982973250,'SS76307814027893028360236,2026-04-17 22:16:49,'3798263450837320143,儿童是兔子警官可爱兔子帽子发夹边夹侧边发卡女卡通甜美拍照道具,,,普通订单,7,0,0,0,0,0,0,0,0,0,0,0,-0.04,0,0,0,0,0,0,是-商品卡免佣,0.29,义乌市蓓行电子商务商行（个体工商户）,订单结算
2026-04-23 09:19:21,'2026042309191220473121644242,入账,3.68,聚合账户,货款结算入账,小店自卖,'6925547637945433167,'6925547637945433167,'SS76306669673933706700149,2026-04-13 07:40:28,'3807385665038057791,韩式设计抓夹叶片麦穗鲨鱼新款夹百搭高级发卡后脑勺发抓超值头饰,,,普通订单,3.35,0,0,0.35,0,0,0,0,0,0,0,0,-0.02,0,0,0,0,0,0,是-商品卡免佣,0.15,义乌市蓓行电子商务商行（个体工商户）,订单结算
2026-04-23 09:19:21,'2026042309191715027738104242,入账,3.87,聚合账户,货款结算入账,小店自卖,'6952007590739187076,'6952007590739187076,'SS76306668639782180270047,2026-04-12 22:25:17,'3807385665038057791,韩式设计抓夹叶片麦穗鲨鱼新款夹百搭高级发卡后脑勺发抓超值头饰,,,普通订单,3.89,0,0,0,0,0,0,0,0,0,0,0,-0.02,0,0,0,0,0,0,是-商品卡免佣,0.15,义乌市蓓行电子商务商行（个体工商户）,订单结算
2026-04-23 09:19:21,'2026042309191440314517114242,入账,6.96,聚合账户,货款结算入账,小店自卖,'6925550105997311883,'6925550105997311883,'SS76306783905088189850158,2026-04-13 09:19:17,'3798263450837320143,儿童是兔子警官可爱兔子帽子发夹边夹侧边发卡女卡通甜美拍照道具,,,普通订单,7,0,0,0,0,0,0,0,0,0,0,0,-0.04,0,0,0,0,0,0,是-商品卡免佣,0.29,义乌市蓓行电子商务商行（个体工商户）,订单结算
2026-04-23 09:19:21,'2026042309191638618406834242,入账,6.55,聚合账户,货款结算入账,巨量千川,'6925555998328454709,'6925555998328454709,'SS76306668592813022780142,2026-04-12 22:15:12,'3807220077028311460,【超显气质】简约不硌头扭扭夹发夹女2026新款盘发抓夹高级感水钻珠珠一字夹子,,,普通订单,6.89,0,0,0,0,0,0,0,0,0,0,0,-0.34,0,0,0,0,0,0,,0,义乌市蓓行电子商务商行（个体工商户）,订单结算
2026-04-23 09:19:21,'2026042309191713306601384242,入账,3.54,聚合账户,货款结算入账,小店自卖,'6952155556122465392,'6952155556122465392,'SS76308361354632566100051,2026-04-17 23:04:47,'3801832059815723099,懒人公主头编发夹女前额双层侧边夹子刘海碎发编发发夹鸭嘴夹发卡,,,普通订单,3.56,0,0,0,0,0,0,0,0,0,0,0,-0.02,0,0,0,0,0,0,是-商品卡免佣,0.15,义乌市蓓行电子商务商行（个体工商户）,订单结算
2026-04-23 09:19:21,'2026042309191808264911904242,入账,3.7,聚合账户,货款结算入账,巨量千川,'6925540545322318957,'6925540545322318957,'SS76306417868972531300182,2026-04-12 22:06:48,'3807220077028311460,【超显气质】简约不硌头扭扭夹发夹女2026新款盘发抓夹高级感水钻珠珠一字夹子,,,普通订单,3.89,0,0,0,0,0,0,0,0,0,0,0,-0.19,0,0,0,0,0,0,,0,义乌市蓓行电子商务商行（个体工商户）,订单结算
2026-04-23 09:19:21,'2026042309191432949703834242,入账,7.53,聚合账户,货款结算入账,小店自卖,'6952021630699247405,'6952021630699247405,'SS76306669953037317520046,2026-04-13 08:40:38,'3800171002764329053,卡通儿童小号不伤发压夹新年安哥拉红色可爱女童侧边刘海格子发夹,,,普通订单,7.58,0,0,0,0,0,0,0,0,0,0,0,-0.05,0,0,0,0,0,0,是-商品卡免佣,0.37,义乌市蓓行电子商务商行（个体工商户）,订单结算
2026-04-23 09:19:21,'2026042309191705499500154242,入账,3.7,聚合账户,货款结算入账,巨量千川,'6952046200772236988,'6952046200772236988,'SS76307376259439987550089,2026-04-13 15:03:35,'3807220077028311460,【超显气质】简约不硌头扭扭夹发夹女2026新款盘发抓夹高级感水钻珠珠一字夹子,,,普通订单,0.09,0,0,3.8,0,0,0,0,0,0,0,0,-0.19,0,0,0,0,0,0,,0,义乌市蓓行电子商务商行（个体工商户）,订单结算
2026-04-23 09:19:21,'2026042309191432647132574242,入账,3.7,聚合账户,货款结算入账,巨量千川,'6925563252406124354,'6925563252406124354,'SS76307374891555435870144,2026-04-13 15:06:08,'3807220077028311460,【超显气质】简约不硌头扭扭夹发夹女2026新款盘发抓夹高级感水钻珠珠一字夹子,,,普通订单,2.89,0,0,1,0,0,0,0,0,0,0,0,-0.19,0,0,0,0,0,0,,0,义乌市蓓行电子商务商行（个体工商户）,订单结算
2026-04-23 09:19:21,'2026042309191801303519144242,入账,8.92,聚合账户,货款结算入账,巨量千川,'6925689939891420805,'6925689939891420805,'SS76306219524277540250140,2026-04-18 09:37:45,'3811112236538265926,古风高级感发夹女2026新款网红后脑抓夹发量少专用水钻一字扭扭夹,,,普通订单,9.39,0,0,0,0,0,0,0,0,0,0,0,-0.47,0,0,0,0,0,0,,0,义乌市蓓行电子商务商行（个体工商户）,订单结算
2026-04-23 09:19:21,'2026042309191606333445314242,入账,4.4,聚合账户,货款结算入账,小店自卖,'6952028516559361554,'6952028516559361554,'SS76307123889871265790137,2026-04-13 13:07:33,'3798263450837320143,儿童是兔子警官可爱兔子帽子发夹边夹侧边发卡女卡通甜美拍照道具,,,普通订单,4.43,0,0,0,0,0,0,0,0,0,0,0,-0.03,0,0,0,0,0,0,是-商品卡免佣,0.22,义乌市蓓行电子商务商行（个体工商户）,订单结算
2026-04-23 09:19:21,'2026042309191534324815454242,入账,1.8,聚合账户,货款结算入账,巨量千川,'6952025177830069746,'6952025177830069746,'SS76296650313487488000155,2026-04-12 23:28:14,'3807220077028311460,【超显气质】简约不硌头扭扭夹发夹女2026新款盘发抓夹高级感水钻珠珠一字夹子,,,普通订单,3.89,0,0,0,0,0,0,0,0,0,0,-2,-0.09,0,0,0,0,0,0,,0,义乌市蓓行电子商务商行（个体工商户）,订单结算
2026-04-23 09:19:21,'2026042309191439180539244242,入账,5.6,聚合账户,货款结算入账,巨量千川,'6925561374444256672,'6925561374444256672,'SS76307014240743099310198,2026-04-13 10:21:00,'3807220077028311460,【超显气质】简约不硌头扭扭夹发夹女2026新款盘发抓夹高级感水钻珠珠一字夹子,,,普通订单,5.89,0,0,0,0,0,0,0,0,0,0,0,-0.29,0,0,0,0,0,0,,0,义乌市蓓行电子商务商行（个体工商户）,订单结算
2026-04-23 09:19:21,'2026042309191607574533584242,出账,0.01,聚合账户,公益捐款,,'6925538593080638896,'6925538593080638896,,,,,,,普通订单,0,0,0,0,0,0,0,0,0,0,0,0,0,0,0,0,0,0,0,,0,义乌市蓓行电子商务商行（个体工商户）,公益捐款支出|贵州省慈善总会|6925538593080638896
2026-04-23 09:19:21,'2026042309191720370726764242,入账,4.69,聚合账户,货款结算入账,小店自卖,'6952007746338690846,'6952007746338690846,'SS76307015969844966750214,2026-04-12 23:36:13,'3807387191991206336,玫瑰花朵小抓夹女2026新款发夹前额刘海夹公主头发卡侧边夹子头饰,,,普通订单,4.72,0,0,0,0,0,0,0,0,0,0,0,-0.03,0,0,0,0,0,0,是-商品卡免佣,0.22,义乌市蓓行电子商务商行（个体工商户）,订单结算
2026-04-23 09:19:21,'2026042309191519973248464242,入账,4.34,聚合账户,货款结算入账,小店自卖,'6952034518968702111,'6952034518968702111,'SS76306783848294364160041,2026-04-13 09:34:34,'3797358013866705284,美拉德咖色波浪高颅顶发箍女款日常外戴头箍带齿防滑洗脸压发发卡,,,普通订单,4.37,0,0,0,0,0,0,0,0,0,0,0,-0.03,0,0,0,0,0,0,是-商品卡免佣,0.22,义乌市蓓行电子商务商行（个体工商户）,订单结算
2026-04-23 09:19:21,'2026042309191525680780994242,入账,2.71,聚合账户,货款结算入账,巨量千川,'6925538329166052470,'6925538329166052470,'SS76306666015467976090143,2026-04-12 17:07:35,'3805708033615593705,咖色磨砂抓夹大号发夹女2026年新款后脑勺发量多鲨鱼夹子发卡头饰,,,普通订单,0.01,0,0,2.84,0,0,0,0,0,0,0,0,-0.14,0,0,0,0,0,0,,0,义乌市蓓行电子商务商行（个体工商户）,订单结算
2026-04-23 09:19:22,'2026042309191710662548944242,入账,3.7,聚合账户,货款结算入账,巨量千川,'6925550021848235414,'6925550021848235414,'SS76307374028813770750197,2026-04-13 08:31:19,'3811112236538265926,【超值特惠】古风高级感发夹女2026新款网红后脑抓夹发量少专用水钻一字扭扭夹,,,普通订单,3.89,0,0,0,0,0,0,0,0,0,0,0,-0.19,0,0,0,0,0,0,,0,义乌市蓓行电子商务商行（个体工商户）,订单结算
2026-04-23 09:19:22,'2026042309191819764677484242,出账,0.01,聚合账户,公益捐款,,'6925538477916913419,'6925538477916913419,,,,,,,普通订单,0,0,0,0,0,0,0,0,0,0,0,0,0,0,0,0,0,0,0,,0,义乌市蓓行电子商务商行（个体工商户）,公益捐款支出|贵州省慈善总会|6925538477916913419
2026-04-23 09:19:22,'2026042309191641825080744242,入账,3.96,聚合账户,货款结算入账,小店自卖,'6925640174826651021,'6925640174826651021,'SS76308006975671342140001,2026-04-17 09:20:01,'3797921962500686134,繁花似锦玫瑰花抓夹盘发头花刘海侧边夹7cm法式慵懒感半扎发卡子,,,普通订单,0.17,0,0,4,0,0,0,0,0,0,0,0,-0.21,0,0,0,0,0,0,,0,义乌市蓓行电子商务商行（个体工商户）,订单结算
2026-04-23 09:19:22,'2026042309191723245135724242,入账,6.55,聚合账户,货款结算入账,巨量千川,'6925667013467405953,'6925667013467405953,'SS76306699633380398600175,2026-04-17 17:20:24,'3807220077028311460,夏天高级感随手盘发一字扭扭夹水钻抓夹高级发夹扭扭后脑勺盘发器,,,普通订单,6.69,0,0,0.2,0,0,0,0,0,0,0,0,-0.34,0,0,0,0,0,0,,0,义乌市蓓行电子商务商行（个体工商户）,订单结算
2026-04-23 09:19:22,'2026042309191822248819614242,入账,4.4,聚合账户,货款结算入账,小店自卖,'6925538347932286591,'6925538347932286591,'SS76306666111081886870012,2026-04-12 17:21:33,'3798263450837320143,儿童是兔子警官可爱兔子帽子发夹边夹侧边发卡女卡通甜美拍照道具,,,普通订单,4.43,0,0,0,0,0,0,0,0,0,0,0,-0.03,0,0,0,0,0,0,是-商品卡免佣,0.22,义乌市蓓行电子商务商行（个体工商户）,订单结算
2026-04-23 09:19:22,'2026042309191611462743564242,入账,4.65,聚合账户,货款结算入账,巨量千川,'6952018953510589963,'6952018953510589963,'SS76306409796998438940216,2026-04-13 08:02:54,'3792402691087532393,【小众高级感】高颜值彩色豆豆发圈头绳扎头发马尾丸子头高弹力橡皮筋不伤发发绳,,,普通订单,4.9,0,0,0,0,0,0,0,0,0,0,0,-0.25,0,0,0,0,0,0,,0,义乌市蓓行电子商务商行（个体工商户）,订单结算
2026-04-23 09:19:22,'2026042309191803195210654242,入账,3.54,聚合账户,货款结算入账,小店自卖,'6925544925660020005,'6925544925660020005,'SS76306667722960778580081,2026-04-12 21:48:35,'3801832059815723099,懒人公主头编发夹女前额双层侧边夹子刘海碎发编发发夹鸭嘴夹发卡,,,普通订单,3.56,0,0,0,0,0,0,0,0,0,0,0,-0.02,0,0,0,0,0,0,是-商品卡免佣,0.15,义乌市蓓行电子商务商行（个体工商户）,订单结算
2026-04-23 09:19:22,'2026042309191639907865754242,出账,0.01,聚合账户,公益捐款,,'6952133944807135137,'6952133944807135137,,,,,,,普通订单,0,0,0,0,0,0,0,0,0,0,0,0,0,0,0,0,0,0,0,,0,义乌市蓓行电子商务商行（个体工商户）,公益捐款支出|贵州省慈善总会|6952133944807135137
2026-04-23 09:19:22,'2026042309191718664824474242,入账,6.55,聚合账户,货款结算入账,巨量千川,'6952000582308074963,'6952000582308074963,'SS76306667465714898010109,2026-04-12 20:58:30,'3807220077028311460,【超显气质】简约不硌头扭扭夹发夹女2026新款盘发抓夹高级感水钻珠珠一字夹子,,,普通订单,6.89,0,0,0,0,0,0,0,0,0,0,0,-0.34,0,0,0,0,0,0,,0,义乌市蓓行电子商务商行（个体工商户）,订单结算
2026-04-23 09:19:22,'2026042309191625987855364242,入账,3.7,聚合账户,货款结算入账,巨量千川,'6952134976247633514,'6952134976247633514,'SS76308152588773135860149,2026-04-17 15:19:34,'3807220077028311460,夏天高级感随手盘发一字扭扭夹水钻抓夹高级发夹扭扭后脑勺盘发器,,,普通订单,3.89,0,0,0,0,0,0,0,0,0,0,0,-0.19,0,0,0,0,0,0,,0,义乌市蓓行电子商务商行（个体工商户）,订单结算
2026-04-23 09:19:22,'2026042309191538679841684242,入账,6.55,聚合账户,货款结算入账,巨量千川,'6952018310586504597,'6952018310586504597,'SS76306667541837253620245,2026-04-12 20:56:44,'3807220077028311460,【超显气质】简约不硌头扭扭夹发夹女2026新款盘发抓夹高级感水钻珠珠一字夹子,,,普通订单,6.89,0,0,0,0,0,0,0,0,0,0,0,-0.34,0,0,0,0,0,0,,0,义乌市蓓行电子商务商行（个体工商户）,订单结算
2026-04-23 09:19:22,'2026042309191541658294194242,入账,4.65,聚合账户,货款结算入账,巨量千川,'6925548768678411860,'6925548768678411860,'SS76306408416699031500021,2026-04-12 18:18:36,'3792402691087532393,【小众高级感】高颜值彩色豆豆发圈头绳扎头发马尾丸子头高弹力橡皮筋不伤发发绳,,,普通订单,4.9,0,0,0,0,0,0,0,0,0,0,0,-0.25,0,0,0,0,0,0,,0,义乌市蓓行电子商务商行（个体工商户）,订单结算
2026-04-23 09:19:22,'2026042309191732285701664242,入账,2.82,聚合账户,货款结算入账,巨量千川,'6952009519551288624,'6952009519551288624,'SS76306667170395264520034,2026-04-12 20:13:45,'3807230150731497890,可爱小狗抓夹卡通高级2026新款后脑勺盘发鲨鱼夹中号发量发夹发饰,,,普通订单,0.01,0,0,2.96,0,0,0,0,0,0,0,0,-0.15,0,0,0,0,0,0,,0,义乌市蓓行电子商务商行（个体工商户）,订单结算
2026-04-23 09:19:23,'2026042309191812129083244242,出账,0.01,聚合账户,公益捐款,,'6925550021848235414,'6925550021848235414,,,,,,,普通订单,0,0,0,0,0,0,0,0,0,0,0,0,0,0,0,0,0,0,0,,0,义乌市蓓行电子商务商行（个体工商户）,公益捐款支出|贵州省慈善总会|6925550021848235414
2026-04-23 09:19:37,'2026042309193233682557794242,出账,0.01,聚合账户,公益捐款,,'6925674541982973250,'6925674541982973250,,,,,,,普通订单,0,0,0,0,0,0,0,0,0,0,0,0,0,0,0,0,0,0,0,,0,义乌市蓓行电子商务商行（个体工商户）,公益捐款支出|贵州省慈善总会|6925674541982973250
2026-04-23 09:22:43,'2026042309223827235128864242,出账,0.01,聚合账户,公益捐款,,'6952066393743627464,'6952066393743627464,,,,,,,普通订单,0,0,0,0,0,0,0,0,0,0,0,0,0,0,0,0,0,0,0,,0,义乌市蓓行电子商务商行（个体工商户）,公益捐款支出|贵州省慈善总会|6952066393743627464
2026-04-23 09:22:43,'2026042309223832475428104242,出账,0.01,聚合账户,公益捐款,,'6925543198756470181,'6925543198756470181,,,,,,,普通订单,0,0,0,0,0,0,0,0,0,0,0,0,0,0,0,0,0,0,0,,0,义乌市蓓行电子商务商行（个体工商户）,公益捐款支出|贵州省慈善总会|6925543198756470181
2026-04-23 09:22:43,'2026042309223932558292994242,出账,0.01,聚合账户,公益捐款,,'6952025177830069746,'6952025177830069746,,,,,,,普通订单,0,0,0,0,0,0,0,0,0,0,0,0,0,0,0,0,0,0,0,,0,义乌市蓓行电子商务商行（个体工商户）,公益捐款支出|贵州省慈善总会|6952025177830069746
2026-04-23 09:22:43,'2026042309223928151651844242,出账,0.01,聚合账户,公益捐款,,'6952009519551288624,'6952009519551288624,,,,,,,普通订单,0,0,0,0,0,0,0,0,0,0,0,0,0,0,0,0,0,0,0,,0,义乌市蓓行电子商务商行（个体工商户）,公益捐款支出|贵州省慈善总会|6952009519551288624
2026-04-23 09:22:43,'2026042309223828479493224242,出账,0.01,聚合账户,公益捐款,,'6952097635390133701,'6952097635390133701,,,,,,,普通订单,0,0,0,0,0,0,0,0,0,0,0,0,0,0,0,0,0,0,0,,0,义乌市蓓行电子商务商行（个体工商户）,公益捐款支出|贵州省慈善总会|6952097635390133701
2026-04-23 09:22:43,'2026042309224021016581224242,出账,0.01,聚合账户,公益捐款,,'6952134548007556666,'6952134548007556666,,,,,,,普通订单,0,0,0,0,0,0,0,0,0,0,0,0,0,0,0,0,0,0,0,,0,义乌市蓓行电子商务商行（个体工商户）,公益捐款支出|贵州省慈善总会|6952134548007556666
2026-04-23 09:22:43,'2026042309223903287293704242,出账,0.01,聚合账户,公益捐款,,'6925640174826651021,'6925640174826651021,,,,,,,普通订单,0,0,0,0,0,0,0,0,0,0,0,0,0,0,0,0,0,0,0,,0,义乌市蓓行电子商务商行（个体工商户）,公益捐款支出|贵州省慈善总会|6925640174826651021
2026-04-23 09:22:43,'2026042309223727140590714242,出账,0.01,聚合账户,公益捐款,,'6952046200772236988,'6952046200772236988,,,,,,,普通订单,0,0,0,0,0,0,0,0,0,0,0,0,0,0,0,0,0,0,0,,0,义乌市蓓行电子商务商行（个体工商户）,公益捐款支出|贵州省慈善总会|6952046200772236988
2026-04-23 09:22:43,'2026042309223910907328464242,出账,0.01,聚合账户,公益捐款,,'6925682094192033709,'6925682094192033709,,,,,,,普通订单,0,0,0,0,0,0,0,0,0,0,0,0,0,0,0,0,0,0,0,,0,义乌市蓓行电子商务商行（个体工商户）,公益捐款支出|贵州省慈善总会|6925682094192033709
2026-04-23 09:22:43,'2026042309223811633139264242,出账,0.01,聚合账户,公益捐款,,'6925548768678411860,'6925548768678411860,,,,,,,普通订单,0,0,0,0,0,0,0,0,0,0,0,0,0,0,0,0,0,0,0,,0,义乌市蓓行电子商务商行（个体工商户）,公益捐款支出|贵州省慈善总会|6925548768678411860
2026-04-23 09:22:43,'2026042309223825182047074242,出账,0.01,聚合账户,公益捐款,,'6925555998328454709,'6925555998328454709,,,,,,,普通订单,0,0,0,0,0,0,0,0,0,0,0,0,0,0,0,0,0,0,0,,0,义乌市蓓行电子商务商行（个体工商户）,公益捐款支出|贵州省慈善总会|6925555998328454709
2026-04-23 09:43:48,'2026042309434528189333114242,出账,500,聚合账户,,,,,,,,,,,普通订单,0,0,0,0,0,0,0,0,0,0,0,0,0,0,0,0,0,0,0,,0,义乌市蓓行电子商务商行（个体工商户）,划扣电商货款充值巨量千川
2026-04-23 09:49:06,'2026042309490138506501484242,出账,0.01,聚合账户,公益捐款,,'6952029862130947843,'6952029862130947843,,,,,,,普通订单,0,0,0,0,0,0,0,0,0,0,0,0,0,0,0,0,0,0,0,,0,义乌市蓓行电子商务商行（个体工商户）,公益捐款支出|贵州省慈善总会|6952029862130947843
2026-04-23 09:49:06,'2026042309490316750845854242,出账,0.01,聚合账户,公益捐款,,'6925547637945433167,'6925547637945433167,,,,,,,普通订单,0,0,0,0,0,0,0,0,0,0,0,0,0,0,0,0,0,0,0,,0,义乌市蓓行电子商务商行（个体工商户）,公益捐款支出|贵州省慈善总会|6925547637945433167
2026-04-23 09:49:06,'2026042309490317420948894242,出账,0.01,聚合账户,公益捐款,,'6952021630699247405,'6952021630699247405,,,,,,,普通订单,0,0,0,0,0,0,0,0,0,0,0,0,0,0,0,0,0,0,0,,0,义乌市蓓行电子商务商行（个体工商户）,公益捐款支出|贵州省慈善总会|6952021630699247405
2026-04-23 09:49:06,'2026042309490322987781664242,出账,0.01,聚合账户,公益捐款,,'6952031561169966563,'6952031561169966563,,,,,,,普通订单,0,0,0,0,0,0,0,0,0,0,0,0,0,0,0,0,0,0,0,,0,义乌市蓓行电子商务商行（个体工商户）,公益捐款支出|贵州省慈善总会|6952031561169966563
2026-04-23 09:49:06,'2026042309490216304092514242,出账,0.01,聚合账户,公益捐款,,'6925561659079098247,'6925561659079098247,,,,,,,普通订单,0,0,0,0,0,0,0,0,0,0,0,0,0,0,0,0,0,0,0,,0,义乌市蓓行电子商务商行（个体工商户）,公益捐款支出|贵州省慈善总会|6925561659079098247
2026-04-23 09:49:07,'2026042309490117712256424242,出账,0.01,聚合账户,公益捐款,,'6952000582308074963,'6952000582308074963,,,,,,,普通订单,0,0,0,0,0,0,0,0,0,0,0,0,0,0,0,0,0,0,0,,0,义乌市蓓行电子商务商行（个体工商户）,公益捐款支出|贵州省慈善总会|6952000582308074963
2026-04-23 09:49:07,'2026042309490317721431564242,出账,0.01,聚合账户,公益捐款,,'6952007746338690846,'6952007746338690846,,,,,,,普通订单,0,0,0,0,0,0,0,0,0,0,0,0,0,0,0,0,0,0,0,,0,义乌市蓓行电子商务商行（个体工商户）,公益捐款支出|贵州省慈善总会|6952007746338690846
2026-04-23 09:49:08,'2026042309490430121992104242,出账,0.01,聚合账户,公益捐款,,'6925689939891420805,'6925689939891420805,,,,,,,普通订单,0,0,0,0,0,0,0,0,0,0,0,0,0,0,0,0,0,0,0,,0,义乌市蓓行电子商务商行（个体工商户）,公益捐款支出|贵州省慈善总会|6925689939891420805
2026-04-23 09:49:08,'2026042309490436205204484242,出账,0.01,聚合账户,公益捐款,,'6925552115886030082,'6925552115886030082,,,,,,,普通订单,0,0,0,0,0,0,0,0,0,0,0,0,0,0,0,0,0,0,0,,0,义乌市蓓行电子商务商行（个体工商户）,公益捐款支出|贵州省慈善总会|6925552115886030082
2026-04-23 09:49:09,'2026042309490422657275034242,出账,0.01,聚合账户,公益捐款,,'6925550105997311883,'6925550105997311883,,,,,,,普通订单,0,0,0,0,0,0,0,0,0,0,0,0,0,0,0,0,0,0,0,,0,义乌市蓓行电子商务商行（个体工商户）,公益捐款支出|贵州省慈善总会|6925550105997311883
2026-04-23 09:49:23,'2026042309492007737062594242,出账,0.01,聚合账户,公益捐款,,'6952018953510589963,'6952018953510589963,,,,,,,普通订单,0,0,0,0,0,0,0,0,0,0,0,0,0,0,0,0,0,0,0,,0,义乌市蓓行电子商务商行（个体工商户）,公益捐款支出|贵州省慈善总会|6952018953510589963
2026-04-23 09:49:23,'2026042309492014020124524242,出账,0.01,聚合账户,公益捐款,,'6925544925660020005,'6925544925660020005,,,,,,,普通订单,0,0,0,0,0,0,0,0,0,0,0,0,0,0,0,0,0,0,0,,0,义乌市蓓行电子商务商行（个体工商户）,公益捐款支出|贵州省慈善总会|6925544925660020005
2026-04-23 10:04:21,'2026042310041827978309754242,出账,0.01,聚合账户,公益捐款,,'6952028516559361554,'6952028516559361554,,,,,,,普通订单,0,0,0,0,0,0,0,0,0,0,0,0,0,0,0,0,0,0,0,,0,义乌市蓓行电子商务商行（个体工商户）,公益捐款支出|贵州省慈善总会|6952028516559361554
2026-04-23 10:04:21,'2026042310041721658831514242,出账,0.01,聚合账户,公益捐款,,'6925538329166052470,'6925538329166052470,,,,,,,普通订单,0,0,0,0,0,0,0,0,0,0,0,0,0,0,0,0,0,0,0,,0,义乌市蓓行电子商务商行（个体工商户）,公益捐款支出|贵州省慈善总会|6925538329166052470
2026-04-23 10:04:21,'2026042310041822155474114242,出账,0.01,聚合账户,公益捐款,,'6925556079116123995,'6925556079116123995,,,,,,,普通订单,0,0,0,0,0,0,0,0,0,0,0,0,0,0,0,0,0,0,0,,0,义乌市蓓行电子商务商行（个体工商户）,公益捐款支出|贵州省慈善总会|6925556079116123995
2026-04-23 10:04:22,'2026042310041830043834984242,出账,0.01,聚合账户,公益捐款,,'6925561374444256672,'6925561374444256672,,,,,,,普通订单,0,0,0,0,0,0,0,0,0,0,0,0,0,0,0,0,0,0,0,,0,义乌市蓓行电子商务商行（个体工商户）,公益捐款支出|贵州省慈善总会|6925561374444256672
2026-04-23 10:04:22,'2026042310041904751857144242,出账,0.01,聚合账户,公益捐款,,'6952007590739187076,'6952007590739187076,,,,,,,普通订单,0,0,0,0,0,0,0,0,0,0,0,0,0,0,0,0,0,0,0,,0,义乌市蓓行电子商务商行（个体工商户）,公益捐款支出|贵州省慈善总会|6952007590739187076
2026-04-23 10:04:22,'2026042310041934103631784242,出账,0.01,聚合账户,公益捐款,,'6952034518968702111,'6952034518968702111,,,,,,,普通订单,0,0,0,0,0,0,0,0,0,0,0,0,0,0,0,0,0,0,0,,0,义乌市蓓行电子商务商行（个体工商户）,公益捐款支出|贵州省慈善总会|6952034518968702111
2026-04-23 10:04:22,'2026042310041900845580954242,出账,0.01,聚合账户,公益捐款,,'6925563252406124354,'6925563252406124354,,,,,,,普通订单,0,0,0,0,0,0,0,0,0,0,0,0,0,0,0,0,0,0,0,,0,义乌市蓓行电子商务商行（个体工商户）,公益捐款支出|贵州省慈善总会|6925563252406124354
2026-04-23 10:04:22,'2026042310041839939776424242,出账,0.01,聚合账户,公益捐款,,'6952155556122465392,'6952155556122465392,,,,,,,普通订单,0,0,0,0,0,0,0,0,0,0,0,0,0,0,0,0,0,0,0,,0,义乌市蓓行电子商务商行（个体工商户）,公益捐款支出|贵州省慈善总会|6952155556122465392
2026-04-23 10:04:24,'2026042310042009577969024242,出账,0.01,聚合账户,公益捐款,,'6952028483890320660,'6952028483890320660,,,,,,,普通订单,0,0,0,0,0,0,0,0,0,0,0,0,0,0,0,0,0,0,0,,0,义乌市蓓行电子商务商行（个体工商户）,公益捐款支出|贵州省慈善总会|6952028483890320660
2026-04-23 10:04:25,'2026042310042235070118804242,出账,0.01,聚合账户,公益捐款,,'6952012388112078701,'6952012388112078701,,,,,,,普通订单,0,0,0,0,0,0,0,0,0,0,0,0,0,0,0,0,0,0,0,,0,义乌市蓓行电子商务商行（个体工商户）,公益捐款支出|贵州省慈善总会|6952012388112078701
2026-04-23 10:04:26,'2026042310042335700414074242,出账,0.01,聚合账户,公益捐款,,'6925540545322318957,'6925540545322318957,,,,,,,普通订单,0,0,0,0,0,0,0,0,0,0,0,0,0,0,0,0,0,0,0,,0,义乌市蓓行电子商务商行（个体工商户）,公益捐款支出|贵州省慈善总会|6925540545322318957
2026-04-23 10:04:28,'2026042310042529840678754242,出账,0.01,聚合账户,公益捐款,,'6925664581129174317,'6925664581129174317,,,,,,,普通订单,0,0,0,0,0,0,0,0,0,0,0,0,0,0,0,0,0,0,0,,0,义乌市蓓行电子商务商行（个体工商户）,公益捐款支出|贵州省慈善总会|6925664581129174317
2026-04-23 10:04:28,'2026042310042413937876674242,出账,0.01,聚合账户,公益捐款,,'6925560522657005228,'6925560522656939692,,,,,,,普通订单,0,0,0,0,0,0,0,0,0,0,0,0,0,0,0,0,0,0,0,,0,义乌市蓓行电子商务商行（个体工商户）,公益捐款支出|贵州省慈善总会|6925560522657005228
2026-04-23 10:04:28,'2026042310042341652882074242,出账,0.01,聚合账户,公益捐款,,'6925548251602582620,'6925548251602582620,,,,,,,普通订单,0,0,0,0,0,0,0,0,0,0,0,0,0,0,0,0,0,0,0,,0,义乌市蓓行电子商务商行（个体工商户）,公益捐款支出|贵州省慈善总会|6925548251602582620
2026-04-23 10:04:38,'2026042310043537173660564242,出账,0.01,聚合账户,公益捐款,,'6925667013467405953,'6925667013467405953,,,,,,,普通订单,0,0,0,0,0,0,0,0,0,0,0,0,0,0,0,0,0,0,0,,0,义乌市蓓行电子商务商行（个体工商户）,公益捐款支出|贵州省慈善总会|6925667013467405953
2026-04-23 10:04:38,'2026042310043536540298334242,出账,0.01,聚合账户,公益捐款,,'6925538347932286591,'6925538347932286591,,,,,,,普通订单,0,0,0,0,0,0,0,0,0,0,0,0,0,0,0,0,0,0,0,,0,义乌市蓓行电子商务商行（个体工商户）,公益捐款支出|贵州省慈善总会|6925538347932286591
2026-04-23 10:04:38,'2026042310043523435185064242,出账,0.01,聚合账户,公益捐款,,'6952018310586504597,'6952018310586504597,,,,,,,普通订单,0,0,0,0,0,0,0,0,0,0,0,0,0,0,0,0,0,0,0,,0,义乌市蓓行电子商务商行（个体工商户）,公益捐款支出|贵州省慈善总会|6952018310586504597
2026-04-23 10:04:38,'2026042310043440994575884242,出账,0.01,聚合账户,公益捐款,,'6952134976247633514,'6952134976247633514,,,,,,,普通订单,0,0,0,0,0,0,0,0,0,0,0,0,0,0,0,0,0,0,0,,0,义乌市蓓行电子商务商行（个体工商户）,公益捐款支出|贵州省慈善总会|6952134976247633514
2026-04-23 10:11:11,'2026042310110836415739424242,出账,0.01,聚合账户,公益捐款,,'6925683674227572510,'6925683674227572510,,,,,,,普通订单,0,0,0,0,0,0,0,0,0,0,0,0,0,0,0,0,0,0,0,,0,义乌市蓓行电子商务商行（个体工商户）,公益捐款支出|贵州省慈善总会|6925683674227572510
2026-04-23 10:11:12,'2026042310111003656094914242,出账,0.01,聚合账户,公益捐款,,'6925545209926810752,'6925545209926810752,,,,,,,普通订单,0,0,0,0,0,0,0,0,0,0,0,0,0,0,0,0,0,0,0,,0,义乌市蓓行电子商务商行（个体工商户）,公益捐款支出|贵州省慈善总会|6925545209926810752
2026-04-23 10:11:12,'2026042310110919091955834242,出账,0.01,聚合账户,公益捐款,,'6925536448392888036,'6925536448392888036,,,,,,,普通订单,0,0,0,0,0,0,0,0,0,0,0,0,0,0,0,0,0,0,0,,0,义乌市蓓行电子商务商行（个体工商户）,公益捐款支出|贵州省慈善总会|6925536448392888036
2026-04-23 10:11:13,'2026042310111001980339744242,出账,0.01,聚合账户,公益捐款,,'6925440182763880115,'6925440182763880115,,,,,,,普通订单,0,0,0,0,0,0,0,0,0,0,0,0,0,0,0,0,0,0,0,,0,义乌市蓓行电子商务商行（个体工商户）,公益捐款支出|贵州省慈善总会|6925440182763880115
2026-04-23 10:11:14,'2026042310111034242726664242,出账,0.01,聚合账户,公益捐款,,'6925559332542185391,'6925559332542185391,,,,,,,普通订单,0,0,0,0,0,0,0,0,0,0,0,0,0,0,0,0,0,0,0,,0,义乌市蓓行电子商务商行（个体工商户）,公益捐款支出|贵州省慈善总会|6925559332542185391
2026-04-23 10:11:14,'2026042310111117168962904242,出账,0.01,聚合账户,公益捐款,,'6925546927582641554,'6925546927582641554,,,,,,,普通订单,0,0,0,0,0,0,0,0,0,0,0,0,0,0,0,0,0,0,0,,0,义乌市蓓行电子商务商行（个体工商户）,公益捐款支出|贵州省慈善总会|6925546927582641554
2026-04-23 10:11:14,'2026042310111035872609694242,出账,0.01,聚合账户,公益捐款,,'6952111970397722430,'6952111970397722430,,,,,,,普通订单,0,0,0,0,0,0,0,0,0,0,0,0,0,0,0,0,0,0,0,,0,义乌市蓓行电子商务商行（个体工商户）,公益捐款支出|贵州省慈善总会|6952111970397722430
2026-04-23 10:11:14,'2026042310111030664340894242,出账,0.01,聚合账户,公益捐款,,'6951658616465200917,'6951658616465200917,,,,,,,普通订单,0,0,0,0,0,0,0,0,0,0,0,0,0,0,0,0,0,0,0,,0,义乌市蓓行电子商务商行（个体工商户）,公益捐款支出|贵州省慈善总会|6951658616465200917
2026-04-23 10:21:01,'2026042310205714276856414242,出账,1,聚合账户,小额打款,,'6925693194196123158,'6925693194196123158,,,,,,,普通订单,0,0,0,0,0,0,0,0,0,0,0,0,0,0,0,0,0,0,0,,0,义乌市蓓行电子商务商行（个体工商户）,商家向消费者小额打款-“其他”
2026-04-23 10:22:09,'2026042310220618922050714242,出账,1,聚合账户,小额打款,,'6925759122860638066,'6925759122860638066,,,,,,,普通订单,0,0,0,0,0,0,0,0,0,0,0,0,0,0,0,0,0,0,0,,0,义乌市蓓行电子商务商行（个体工商户）,商家向消费者小额打款-“其他”
2026-04-23 10:23:36,'2026042310233122112220574242,出账,1,聚合账户,小额打款,,'6925670429129867230,'6925670429129867230,,,,,,,普通订单,0,0,0,0,0,0,0,0,0,0,0,0,0,0,0,0,0,0,0,,0,义乌市蓓行电子商务商行（个体工商户）,商家向消费者小额打款-“其他”
2026-04-23 10:24:31,'2026042310242740857932954242,出账,1,聚合账户,小额打款,,'6925666191991668055,'6925666191991668055,,,,,,,普通订单,0,0,0,0,0,0,0,0,0,0,0,0,0,0,0,0,0,0,0,,0,义乌市蓓行电子商务商行（个体工商户）,商家向消费者小额打款-“其他”
2026-04-23 10:40:07,'2026042310400423244971904242,入账,2.72,聚合账户,货款结算入账,小店自卖,'6925676814791114267,'6925676814791114267,'SS76308513360488696510200,2026-04-17 23:45:47,'3799969300262028066,复古波点褶皱香蕉夹高级感马尾扭扭竖夹后脑勺显发量横夹发卡发饰,,,普通订单,0.01,0,0,2.73,0,0,0,0,0,0,0,0,-0.02,0,0,0,0,0,0,是-商品卡免佣,0.15,义乌市蓓行电子商务商行（个体工商户）,订单结算
2026-04-23 10:40:08,'2026042310400607802066264242,出账,0.01,聚合账户,公益捐款,,'6925676814791114267,'6925676814791114267,,,,,,,普通订单,0,0,0,0,0,0,0,0,0,0,0,0,0,0,0,0,0,0,0,,0,义乌市蓓行电子商务商行（个体工商户）,公益捐款支出|贵州省慈善总会|6925676814791114267
2026-04-23 10:40:28,'2026042310402527865909914242,入账,3.49,聚合账户,货款结算入账,精选联盟,'6925566709174795854,'6925566709174795854,'SS76306929971473288020128,2026-04-14 01:29:56,'3799969300262028066,复古波点褶皱香蕉夹高级感马尾扭扭竖夹后脑勺显发量横夹发卡发饰,'0,,普通订单,0.01,0,0,3.68,0,0,0,0,0,0,0,0,-0.02,0,0,0,0,-0.18,0,是-商品卡免佣,0.15,义乌市蓓行电子商务商行（个体工商户）,订单结算
2026-04-23 10:40:29,'2026042310402705587607234242,出账,0.01,聚合账户,公益捐款,,'6925566709174795854,'6925566709174795854,,,,,,,普通订单,0,0,0,0,0,0,0,0,0,0,0,0,0,0,0,0,0,0,0,,0,义乌市蓓行电子商务商行（个体工商户）,公益捐款支出|贵州省慈善总会|6925566709174795854
2026-04-23 10:43:59,'2026042310435539566057474242,入账,2.58,聚合账户,货款结算入账,小店自卖,'6925545484410715291,'6925545484410715291,'SS76306391285162522140250,2026-04-13 05:14:31,'3799969300262028066,复古波点褶皱香蕉夹高级感马尾扭扭竖夹后脑勺显发量横夹发卡发饰,,,普通订单,2.44,0,0,0.16,0,0,0,0,0,0,0,0,-0.02,0,0,0,0,0,0,是-商品卡免佣,0.15,义乌市蓓行电子商务商行（个体工商户）,订单结算
2026-04-23 10:44:00,'2026042310435812131540914242,出账,0.01,聚合账户,公益捐款,,'6925545484410715291,'6925545484410715291,,,,,,,普通订单,0,0,0,0,0,0,0,0,0,0,0,0,0,0,0,0,0,0,0,,0,义乌市蓓行电子商务商行（个体工商户）,公益捐款支出|贵州省慈善总会|6925545484410715291
2026-04-23 10:56:10,'2026042310560641111723874242,出账,0.01,聚合账户,公益捐款,,'6952015950498830083,'6952015950498830083,,,,,,,普通订单,0,0,0,0,0,0,0,0,0,0,0,0,0,0,0,0,0,0,0,,0,义乌市蓓行电子商务商行（个体工商户）,公益捐款支出|贵州省慈善总会|6952015950498830083
2026-04-23 11:00:15,'2026042311001141782479364242,出账,0.01,聚合账户,公益捐款,,'6952018215746541209,'6952018215746541209,,,,,,,普通订单,0,0,0,0,0,0,0,0,0,0,0,0,0,0,0,0,0,0,0,,0,义乌市蓓行电子商务商行（个体工商户）,公益捐款支出|贵州省慈善总会|6952018215746541209
2026-04-23 11:00:15,'2026042311000836127708664242,入账,3.22,聚合账户,货款结算入账,小店自卖,'6952018215746541209,'6952018215746541209,'SS76307321971247355140102,2026-04-12 19:22:38,'3807250008697339947,蓝咖格子大肠发圈蓝色韩系新款复古四层头发丸子马尾高级头绳发饰,,,普通订单,0.01,0,0,3.23,0,0,0,0,0,0,0,0,-0.02,0,0,0,0,0,0,是-商品卡免佣,0.15,义乌市蓓行电子商务商行（个体工商户）,订单结算
2026-04-23 11:03:22,'2026042311031637567575104242,入账,2.75,聚合账户,货款结算入账,巨量千川,'6952032499224483652,'6952032499224483652,'SS76307445839576271460242,2026-04-13 10:58:27,'3792402691087532393,【小众高级感】高颜值彩色豆豆发圈头绳扎头发马尾丸子头高弹力橡皮筋不伤发发绳,,,普通订单,0.01,0,0,2.89,0,0,0,0,0,0,0,0,-0.15,0,0,0,0,0,0,,0,义乌市蓓行电子商务商行（个体工商户）,订单结算
2026-04-23 11:03:23,'2026042311031905543529154242,出账,0.01,聚合账户,公益捐款,,'6952032499224483652,'6952032499224483652,,,,,,,普通订单,0,0,0,0,0,0,0,0,0,0,0,0,0,0,0,0,0,0,0,,0,义乌市蓓行电子商务商行（个体工商户）,公益捐款支出|贵州省慈善总会|6952032499224483652
2026-04-23 11:03:57,'2026042311035224431495954242,入账,2.72,聚合账户,货款结算入账,小店自卖,'6925654932324908700,'6925654932324908700,'SS76307986104279534440058,2026-04-16 17:58:34,'3799969300262028066,复古波点褶皱香蕉夹高级感马尾扭扭竖夹后脑勺显发量横夹发卡发饰,,,普通订单,2.74,0,0,0,0,0,0,0,0,0,0,0,-0.02,0,0,0,0,0,0,是-商品卡免佣,0.15,义乌市蓓行电子商务商行（个体工商户）,订单结算
2026-04-23 11:03:58,'2026042311035321526121154242,出账,0.01,聚合账户,公益捐款,,'6925654932324908700,'6925654932324908700,,,,,,,普通订单,0,0,0,0,0,0,0,0,0,0,0,0,0,0,0,0,0,0,0,,0,义乌市蓓行电子商务商行（个体工商户）,公益捐款支出|贵州省慈善总会|6925654932324908700
2026-04-23 11:09:58,'2026042311095224799524304242,入账,6.55,聚合账户,货款结算入账,巨量千川,'6925647033073040734,'6925647033073040734,'SS76307502707968739940049,2026-04-17 07:25:16,'3807220077028311460,夏天高级感随手盘发一字扭扭夹水钻抓夹高级发夹扭扭后脑勺盘发器,,,普通订单,6.89,0,0,0,0,0,0,0,0,0,0,0,-0.34,0,0,0,0,0,0,,0,义乌市蓓行电子商务商行（个体工商户）,订单结算
2026-04-23 11:09:59,'2026042311095301995082624242,出账,0.01,聚合账户,公益捐款,,'6925647033073040734,'6925647033073040734,,,,,,,普通订单,0,0,0,0,0,0,0,0,0,0,0,0,0,0,0,0,0,0,0,,0,义乌市蓓行电子商务商行（个体工商户）,公益捐款支出|贵州省慈善总会|6925647033073040734
2026-04-23 11:10:08,'2026042311100211801731084242,入账,5.15,聚合账户,货款结算入账,小店自卖,'6952002905486464159,'6952002905486464159,'SS76306665944533611920011,2026-04-12 17:13:50,'3801832059815723099,懒人公主头编发夹女前额双层侧边夹子刘海碎发编发发夹鸭嘴夹发卡,,,普通订单,1.18,0,0,4,0,0,0,0,0,0,0,0,-0.03,0,0,0,0,0,0,是-商品卡免佣,0.22,义乌市蓓行电子商务商行（个体工商户）,订单结算
2026-04-23 11:10:09,'2026042311100441281456994242,出账,0.01,聚合账户,公益捐款,,'6952002905486464159,'6952002905486464159,,,,,,,普通订单,0,0,0,0,0,0,0,0,0,0,0,0,0,0,0,0,0,0,0,,0,义乌市蓓行电子商务商行（个体工商户）,公益捐款支出|贵州省慈善总会|6952002905486464159
2026-04-23 11:16:26,'2026042311162014812165754242,入账,2.82,聚合账户,货款结算入账,巨量千川,'6925560265713417840,'6925560265713417840,'SS76306667809732206480188,2026-04-12 21:44:59,'3807230150731497890,可爱小狗抓夹卡通高级2026新款后脑勺盘发鲨鱼夹中号发量发夹发饰,,,普通订单,0.01,0,0,2.96,0,0,0,0,0,0,0,0,-0.15,0,0,0,0,0,0,,0,义乌市蓓行电子商务商行（个体工商户）,订单结算
2026-04-23 11:16:27,'2026042311162229950285064242,出账,0.01,聚合账户,公益捐款,,'6925560265713417840,'6925560265713417840,,,,,,,普通订单,0,0,0,0,0,0,0,0,0,0,0,0,0,0,0,0,0,0,0,,0,义乌市蓓行电子商务商行（个体工商户）,公益捐款支出|贵州省慈善总会|6925560265713417840
2026-04-23 11:18:21,'2026042311181715734379714242,入账,4.05,聚合账户,货款结算入账,小店自卖,'6925687669945433220,'6925687669945433220,'SS76308058225006843300002,2026-04-18 07:14:37,'3805708033615593705,咖色磨砂抓夹大号发夹女2026年新款后脑勺发量多鲨鱼夹子发卡头饰,,,普通订单,4.07,0,0,0,0,0,0,0,0,0,0,0,-0.02,0,0,0,0,0,0,是-商品卡免佣,0.15,义乌市蓓行电子商务商行（个体工商户）,订单结算
2026-04-23 11:18:22,'2026042311181615406205794242,出账,0.01,聚合账户,公益捐款,,'6925687669945433220,'6925687669945433220,,,,,,,普通订单,0,0,0,0,0,0,0,0,0,0,0,0,0,0,0,0,0,0,0,,0,义乌市蓓行电子商务商行（个体工商户）,公益捐款支出|贵州省慈善总会|6925687669945433220
2026-04-23 11:19:14,'2026042311190901247321944242,出账,0.01,聚合账户,公益捐款,,'6925670586378911299,'6925670586378911299,,,,,,,普通订单,0,0,0,0,0,0,0,0,0,0,0,0,0,0,0,0,0,0,0,,0,义乌市蓓行电子商务商行（个体工商户）,公益捐款支出|贵州省慈善总会|6925670586378911299
2026-04-23 11:19:14,'2026042311190903149338104242,入账,3.7,聚合账户,货款结算入账,巨量千川,'6925670586378911299,'6925670586378911299,'SS76306952828759618900239,2026-04-18 00:50:06,'3807220077028311460,新中式发饰高级感扭扭夹随手盘发一字夹水钻抓夹后脑勺发夹盘发器,,,普通订单,3.89,0,0,0,0,0,0,0,0,0,0,0,-0.19,0,0,0,0,0,0,,0,义乌市蓓行电子商务商行（个体工商户）,订单结算
2026-04-23 11:26:43,'2026042311263913673766494242,入账,9.82,聚合账户,货款结算入账,小店自卖,'6925557710078901873,'6925557710078901873,'SS76308218290237281540050,2026-04-13 15:14:21,'3798263450837320143,儿童是兔子警官可爱兔子帽子发夹边夹侧边发卡女卡通甜美拍照道具,,,普通订单,9.88,0,0,0,0,0,0,0,0,0,0,0,-0.06,0,0,0,0,0,0,是-商品卡免佣,0.44,义乌市蓓行电子商务商行（个体工商户）,订单结算
2026-04-23 11:26:45,'2026042311263925727350174242,出账,0.01,聚合账户,公益捐款,,'6925557710078901873,'6925557710078901873,,,,,,,普通订单,0,0,0,0,0,0,0,0,0,0,0,0,0,0,0,0,0,0,0,,0,义乌市蓓行电子商务商行（个体工商户）,公益捐款支出|贵州省慈善总会|6925557710078901873
2026-04-23 11:27:40,'2026042311273401288279454242,入账,3.67,聚合账户,货款结算入账,小店自卖,'6925557370526465366,'6925557370526465366,'SS76307430347742950670043,2026-04-13 12:44:31,'3799969300262028066,复古波点褶皱香蕉夹高级感马尾扭扭竖夹后脑勺显发量横夹发卡发饰,,,普通订单,0.01,0,0,3.68,0,0,0,0,0,0,0,0,-0.02,0,0,0,0,0,0,是-商品卡免佣,0.15,义乌市蓓行电子商务商行（个体工商户）,订单结算
2026-04-23 11:27:41,'2026042311273505211917264242,出账,0.01,聚合账户,公益捐款,,'6925557370526465366,'6925557370526465366,,,,,,,普通订单,0,0,0,0,0,0,0,0,0,0,0,0,0,0,0,0,0,0,0,,0,义乌市蓓行电子商务商行（个体工商户）,公益捐款支出|贵州省慈善总会|6925557370526465366
2026-04-23 11:29:45,'2026042311293736565038234242,入账,3.7,聚合账户,货款结算入账,巨量千川,'6925550418879217049,'6925550418879217049,'SS76307372824883366670134,2026-04-13 11:48:48,'3807220077028311460,【超显气质】简约不硌头扭扭夹发夹女2026新款盘发抓夹高级感水钻珠珠一字夹子,,,普通订单,3.89,0,0,0,0,0,0,0,0,0,0,0,-0.19,0,0,0,0,0,0,,0,义乌市蓓行电子商务商行（个体工商户）,订单结算
2026-04-23 11:29:46,'2026042311293940926787104242,出账,0.01,聚合账户,公益捐款,,'6925550418879217049,'6925550418879217049,,,,,,,普通订单,0,0,0,0,0,0,0,0,0,0,0,0,0,0,0,0,0,0,0,,0,义乌市蓓行电子商务商行（个体工商户）,公益捐款支出|贵州省慈善总会|6925550418879217049
2026-04-23 11:34:01,'2026042311335704889032184242,入账,2.95,聚合账户,货款结算入账,小店自卖,'6925591901152706373,'6925591901152706373,'SS76307677089844270180153,2026-04-14 16:10:36,'3809792931989160109,卡通可爱猫咪抓夹女2026新款夹子头饰发夹气质后脑勺半扎发鲨鱼夹,,,普通订单,2.97,0,0,0,0,0,0,0,0,0,0,0,-0.02,0,0,0,0,0,0,是-商品卡免佣,0.15,义乌市蓓行电子商务商行（个体工商户）,订单结算
2026-04-23 11:34:01,'2026042311335630423987584242,入账,5.6,聚合账户,货款结算入账,巨量千川,'6925567304314945361,'6925567304314945361,'SS76307017157439004680239,2026-04-13 12:11:55,'3807220077028311460,【超显气质】简约不硌头扭扭夹发夹女2026新款盘发抓夹高级感水钻珠珠一字夹子,,,普通订单,5.89,0,0,0,0,0,0,0,0,0,0,0,-0.29,0,0,0,0,0,0,,0,义乌市蓓行电子商务商行（个体工商户）,订单结算
2026-04-23 11:34:01,'2026042311335704889687544242,入账,3.7,聚合账户,货款结算入账,小店自卖,'6925555324048146294,'6925555324048146294,'SS76307374715215875060015,2026-04-13 10:15:25,'3811112236538265926,【超值特惠】古风高级感发夹女2026新款网红后脑抓夹发量少专用水钻一字扭扭夹,,,普通订单,3.89,0,0,0,0,0,0,0,0,0,0,0,-0.19,0,0,0,0,0,0,,0,义乌市蓓行电子商务商行（个体工商户）,订单结算
2026-04-23 11:34:01,'2026042311335639305060224242,入账,3.67,聚合账户,货款结算入账,小店自卖,'6952129360744944675,'6952129360744944675,'SS76307885999779514940205,2026-04-16 21:18:19,'3799969300262028066,复古波点褶皱香蕉夹高级感马尾扭扭竖夹后脑勺显发量横夹发卡发饰,,,普通订单,0.01,0,0,3.68,0,0,0,0,0,0,0,0,-0.02,0,0,0,0,0,0,是-商品卡免佣,0.15,义乌市蓓行电子商务商行（个体工商户）,订单结算
2026-04-23 11:34:01,'2026042311335715064151314242,入账,3.33,聚合账户,货款结算入账,精选联盟,'6952025537197512433,'6952025537197512433,'SS76307430120082970010050,2026-04-13 08:48:59,'3799969300262028066,复古波点褶皱香蕉夹高级感马尾扭扭竖夹后脑勺显发量横夹发卡发饰,'0,,普通订单,3.69,0,0,0,0,0,0,0,0,0,0,0,-0.18,0,0,0,0,-0.18,0,,0,义乌市蓓行电子商务商行（个体工商户）,订单结算
2026-04-23 11:34:02,'2026042311335713394578264242,入账,5.6,聚合账户,货款结算入账,巨量千川,'6952014665790789033,'6952014665790789033,'SS76307408345519234660009,2026-04-13 08:24:00,'3811112236538265926,【超值特惠】古风高级感发夹女2026新款网红后脑抓夹发量少专用水钻一字扭扭夹,,,普通订单,5.89,0,0,0,0,0,0,0,0,0,0,0,-0.29,0,0,0,0,0,0,,0,义乌市蓓行电子商务商行（个体工商户）,订单结算
2026-04-23 11:34:02,'2026042311335819174200784242,入账,6.55,聚合账户,货款结算入账,巨量千川,'6952052670715270731,'6952052670715270731,'SS76307016040894510170062,2026-04-13 12:14:14,'3807220077028311460,【超显气质】简约不硌头扭扭夹发夹女2026新款盘发抓夹高级感水钻珠珠一字夹子,,,普通订单,6.89,0,0,0,0,0,0,0,0,0,0,0,-0.34,0,0,0,0,0,0,,0,义乌市蓓行电子商务商行（个体工商户）,订单结算
2026-04-23 11:34:02,'2026042311335704708275664242,入账,3.22,聚合账户,货款结算入账,小店自卖,'6925660843039816837,'6925660843039816837,'SS76307673042691732570247,2026-04-17 13:36:55,'3799969300262028066,复古波点褶皱香蕉夹高级感马尾扭扭竖夹后脑勺显发量横夹发卡发饰,,,普通订单,0.01,0,0,3.23,0,0,0,0,0,0,0,0,-0.02,0,0,0,0,0,0,是-商品卡免佣,0.15,义乌市蓓行电子商务商行（个体工商户）,订单结算
2026-04-23 11:34:02,'2026042311335732214228754242,入账,2.72,聚合账户,货款结算入账,小店自卖,'6925557736140602418,'6925557736140602418,'SS76306385096362893180163,2026-04-12 18:42:33,'3799969300262028066,复古波点褶皱香蕉夹高级感马尾扭扭竖夹后脑勺显发量横夹发卡发饰,,,普通订单,0.01,0,0,2.73,0,0,0,0,0,0,0,0,-0.02,0,0,0,0,0,0,是-商品卡免佣,0.15,义乌市蓓行电子商务商行（个体工商户）,订单结算
2026-04-23 11:34:02,'2026042311335627503703134242,入账,6.55,聚合账户,货款结算入账,巨量千川,'6925544265077718627,'6925544265077718627,'SS76306665799541929420071,2026-04-12 17:03:30,'3807220077028311460,【超显气质】简约不硌头扭扭夹发夹女2026新款盘发抓夹高级感水钻珠珠一字夹子,,,普通订单,6.89,0,0,0,0,0,0,0,0,0,0,0,-0.34,0,0,0,0,0,0,,0,义乌市蓓行电子商务商行（个体工商户）,订单结算
2026-04-23 11:34:02,'2026042311335715405921544242,入账,2.72,聚合账户,货款结算入账,小店自卖,'6952152973023843788,'6952152973023843788,'SS76308104393037586380047,2026-04-17 19:41:51,'3799969300262028066,复古波点褶皱香蕉夹高级感马尾扭扭竖夹后脑勺显发量横夹发卡发饰,,,普通订单,0.01,0,0,2.73,0,0,0,0,0,0,0,0,-0.02,0,0,0,0,0,0,是-商品卡免佣,0.15,义乌市蓓行电子商务商行（个体工商户）,订单结算
2026-04-23 11:34:02,'2026042311335624083830164242,入账,2.76,聚合账户,货款结算入账,巨量千川,'6952057413004302019,'6952057413004302019,'SS76307328460740531710054,2026-04-13 19:15:33,'3805708033615593705,咖色磨砂抓夹大号发夹女2026年新款后脑勺发量多鲨鱼夹子发卡头饰,,,普通订单,0.01,0,0,2.9,0,0,0,0,0,0,0,0,-0.15,0,0,0,0,0,0,,0,义乌市蓓行电子商务商行（个体工商户）,订单结算
2026-04-23 11:34:02,'2026042311335640902822494242,入账,3.7,聚合账户,货款结算入账,巨量千川,'6925551502011366927,'6925551502011366927,'SS76306604567181563300088,2026-04-12 19:41:56,'3807220077028311460,【超显气质】简约不硌头扭扭夹发夹女2026新款盘发抓夹高级感水钻珠珠一字夹子,,,普通订单,3.89,0,0,0,0,0,0,0,0,0,0,0,-0.19,0,0,0,0,0,0,,0,义乌市蓓行电子商务商行（个体工商户）,订单结算
2026-04-23 11:34:02,'2026042311335630061693714242,入账,5.8,聚合账户,货款结算入账,小店自卖,'6925426224154246794,'6925426224154246794,'SS76306639695235855420158,2026-04-07 16:59:51,'3805708033615593705,咖色磨砂抓夹大号发夹女2026年新款后脑勺发量多鲨鱼夹子发卡头饰,,,普通订单,5.84,0,0,0,0,0,0,0,0,0,0,0,-0.04,0,0,0,0,0,0,是-商品卡免佣,0.29,义乌市蓓行电子商务商行（个体工商户）,订单结算
2026-04-23 11:34:02,'2026042311335701814203234242,入账,2.72,聚合账户,货款结算入账,小店自卖,'6952036107192047202,'6952036107192047202,'SS76306387182403100790101,2026-04-12 22:13:36,'3799969300262028066,复古波点褶皱香蕉夹高级感马尾扭扭竖夹后脑勺显发量横夹发卡发饰,,,普通订单,0.74,0,0,2,0,0,0,0,0,0,0,0,-0.02,0,0,0,0,0,0,是-商品卡免佣,0.15,义乌市蓓行电子商务商行（个体工商户）,订单结算
2026-04-23 11:34:02,'2026042311335702564634114242,入账,3.52,聚合账户,货款结算入账,小店自卖,'6925541990003932337,'6925541990003932337,'SS76306666107102991860165,2026-04-12 17:27:18,'3807208869294374987,韩系可爱小熊格纹发夹女后脑勺马尾竖夹盘发香蕉夹甜美发卡子发饰,,,普通订单,3.71,0,0,0,0,0,0,0,0,0,0,0,-0.19,0,0,0,0,0,0,,0,义乌市蓓行电子商务商行（个体工商户）,订单结算
2026-04-23 11:34:02,'2026042311335634230318624242,入账,3.7,聚合账户,货款结算入账,巨量千川,'6952162036756059158,'6952162036756059158,'SS76307103987480496700230,2026-04-17 22:25:45,'3807220077028311460,新中式发饰高级感扭扭夹随手盘发一字夹水钻抓夹后脑勺发夹盘发器,,,普通订单,3.89,0,0,0,0,0,0,0,0,0,0,0,-0.19,0,0,0,0,0,0,,0,义乌市蓓行电子商务商行（个体工商户）,订单结算
2026-04-23 11:34:02,'2026042311335628577142184242,入账,3.7,聚合账户,货款结算入账,巨量千川,'6952017035838887107,'6952017035838887107,'SS76307373098234885470006,2026-04-13 08:58:17,'3807220077028311460,【超显气质】简约不硌头扭扭夹发夹女2026新款盘发抓夹高级感水钻珠珠一字夹子,,,普通订单,3.89,0,0,0,0,0,0,0,0,0,0,0,-0.19,0,0,0,0,0,0,,0,义乌市蓓行电子商务商行（个体工商户）,订单结算
2026-04-23 11:34:02,'2026042311335826136251244242,入账,3.7,聚合账户,货款结算入账,巨量千川,'6952025087819126578,'6952025087819126578,'SS76306605032808985860192,2026-04-12 22:25:19,'3811112236538265926,【超值特惠】古风高级感发夹女2026新款网红后脑抓夹发量少专用水钻一字扭扭夹,,,普通订单,3.89,0,0,0,0,0,0,0,0,0,0,0,-0.19,0,0,0,0,0,0,,0,义乌市蓓行电子商务商行（个体工商户）,订单结算
2026-04-23 11:34:02,'2026042311335902185139354242,入账,5.85,聚合账户,货款结算入账,小店自卖,'6952106703808435912,'6952106703808435912,'SS76307537840795164790131,2026-04-16 19:38:58,'3806457155402465337,孕妇防滑拖鞋女款2026新款夏季外穿室内家居软底 eva不臭脚凉拖男,,,普通订单,5.89,0,0,0,0,0,0,0,0,0,0,0,-0.04,0,0,0,0,0,0,是-商品卡免佣,0.29,义乌市蓓行电子商务商行（个体工商户）,订单结算
2026-04-23 11:34:02,'2026042311335832927751944242,入账,3.7,聚合账户,货款结算入账,巨量千川,'6925544563281329856,'6925544563281329856,'SS76306604837834918660061,2026-04-12 19:50:50,'3807220077028311460,【超显气质】简约不硌头扭扭夹发夹女2026新款盘发抓夹高级感水钻珠珠一字夹子,,,普通订单,3.89,0,0,0,0,0,0,0,0,0,0,0,-0.19,0,0,0,0,0,0,,0,义乌市蓓行电子商务商行（个体工商户）,订单结算
2026-04-23 11:34:02,'2026042311335741321597844242,入账,1.84,聚合账户,货款结算入账,小店自卖,'6952168659425302201,'6952168659425302201,'SS76306370966339259340192,2026-04-18 09:45:58,'3799969300262028066,复古波点褶皱香蕉夹高级感马尾扭扭竖夹后脑勺显发量横夹发卡发饰,,,普通订单,1.85,0,0,0,0,0,0,0,0,0,0,0,-0.01,0,0,0,0,0,0,是-商品卡免佣,0.07,义乌市蓓行电子商务商行（个体工商户）,订单结算
2026-04-23 11:34:02,'2026042311335815446676484242,入账,10.68,聚合账户,货款结算入账,小店自卖,'6952107982576227990,'6952107982576227990,'SS76307792854649904790192,2026-04-16 03:40:55,'3807250008697339947,蓝咖格子大肠发圈蓝色韩系新款复古四层头发丸子马尾高级头绳发饰,,,普通订单,10.74,0,0,0,0,0,0,0,0,0,0,0,-0.06,0,0,0,0,0,0,是-商品卡免佣,0.44,义乌市蓓行电子商务商行（个体工商户）,订单结算
2026-04-23 11:34:02,'2026042311335732946140684242,出账,0.01,聚合账户,公益捐款,,'6925660843039816837,'6925660843039816837,,,,,,,普通订单,0,0,0,0,0,0,0,0,0,0,0,0,0,0,0,0,0,0,0,,0,义乌市蓓行电子商务商行（个体工商户）,公益捐款支出|贵州省慈善总会|6925660843039816837
2026-04-23 11:34:02,'2026042311335803582899474242,入账,2.71,聚合账户,货款结算入账,小店自卖,'6925647938863529903,'6925647938863529903,'SS76307975450490189150207,2026-04-16 15:50:56,'3805708033615593705,咖色磨砂抓夹大号发夹女2026年新款后脑勺发量多鲨鱼夹子发卡头饰,,,普通订单,2,0,0,0.85,0,0,0,0,0,0,0,0,-0.14,0,0,0,0,0,0,,0,义乌市蓓行电子商务商行（个体工商户）,订单结算
2026-04-23 11:34:03,'2026042311335810722188804242,出账,0.01,聚合账户,公益捐款,,'6925426224154246794,'6925426224154246794,,,,,,,普通订单,0,0,0,0,0,0,0,0,0,0,0,0,0,0,0,0,0,0,0,,0,义乌市蓓行电子商务商行（个体工商户）,公益捐款支出|贵州省慈善总会|6925426224154246794
2026-04-23 11:34:03,'2026042311335906591449754242,出账,0.01,聚合账户,公益捐款,,'6952107982576227990,'6952107982576227990,,,,,,,普通订单,0,0,0,0,0,0,0,0,0,0,0,0,0,0,0,0,0,0,0,,0,义乌市蓓行电子商务商行（个体工商户）,公益捐款支出|贵州省慈善总会|6952107982576227990
2026-04-23 11:34:03,'2026042311335838721620574242,入账,1.33,聚合账户,货款结算入账,巨量千川,'6925572405399551542,'6925572405399551542,'SS76307445794950682100069,2026-04-13 14:21:52,'3792402691087532393,【小众高级感】高颜值彩色豆豆发圈头绳扎头发马尾丸子头高弹力橡皮筋不伤发发绳,,,普通订单,2.9,0,0,0,0,0,0,0,0,0,0,-1.5,-0.07,0,0,0,0,0,0,,0,义乌市蓓行电子商务商行（个体工商户）,订单结算
2026-04-23 11:34:03,'2026042311335820386946654242,出账,0.01,聚合账户,公益捐款,,'6952162036756059158,'6952162036756059158,,,,,,,普通订单,0,0,0,0,0,0,0,0,0,0,0,0,0,0,0,0,0,0,0,,0,义乌市蓓行电子商务商行（个体工商户）,公益捐款支出|贵州省慈善总会|6952162036756059158
2026-04-23 11:34:03,'2026042311335816488046624242,入账,9.82,聚合账户,货款结算入账,小店自卖,'6952043985797453033,'6952043985797453033,'SS76307123767109391710072,2026-04-13 13:19:10,'3798263450837320143,儿童是兔子警官可爱兔子帽子发夹边夹侧边发卡女卡通甜美拍照道具,,,普通订单,9.88,0,0,0,0,0,0,0,0,0,0,0,-0.06,0,0,0,0,0,0,是-商品卡免佣,0.44,义乌市蓓行电子商务商行（个体工商户）,订单结算
2026-04-23 11:34:03,'2026042311335740561874384242,入账,3.22,聚合账户,货款结算入账,小店自卖,'6925591522714287628,'6925591522714287628,'SS76308302774928842700025,2026-04-14 13:24:47,'3807250008697339947,蓝咖格子大肠发圈蓝色韩系新款复古四层头发丸子马尾高级头绳发饰,,,普通订单,3.24,0,0,0,0,0,0,0,0,0,0,0,-0.02,0,0,0,0,0,0,是-商品卡免佣,0.15,义乌市蓓行电子商务商行（个体工商户）,订单结算
2026-04-23 11:34:03,'2026042311335637930115194242,入账,3.7,聚合账户,货款结算入账,巨量千川,'6952043215523157487,'6952043215523157487,'SS76306417906262187880213,2026-04-13 01:10:40,'3811112236538265926,【超值特惠】古风高级感发夹女2026新款网红后脑抓夹发量少专用水钻一字扭扭夹,,,普通订单,3.89,0,0,0,0,0,0,0,0,0,0,0,-0.19,0,0,0,0,0,0,,0,义乌市蓓行电子商务商行（个体工商户）,订单结算
2026-04-23 11:34:03,'2026042311335936331527954242,入账,2.75,聚合账户,货款结算入账,巨量千川,'6925629373360143525,'6925629373360143525,'SS76308398548466240060190,2026-04-15 20:56:22,'3792402691087532393,女韩版橡皮筋高弹力新款发绳简约可爱头绳发圈无扎痕头饰高级发饰,,,普通订单,0.01,0,0,2.89,0,0,0,0,0,0,0,0,-0.15,0,0,0,0,0,0,,0,义乌市蓓行电子商务商行（个体工商户）,订单结算
2026-04-23 11:34:03,'2026042311335804329149634242,入账,4.34,聚合账户,货款结算入账,小店自卖,'6952058048718313442,'6952058048718313442,'SS76305655688360430180002,2026-04-14 06:05:29,'3797358013866705284,美拉德咖色波浪高颅顶发箍女款日常外戴头箍带齿防滑洗脸压发发卡,,,普通订单,4.37,0,0,0,0,0,0,0,0,0,0,0,-0.03,0,0,0,0,0,0,是-商品卡免佣,0.22,义乌市蓓行电子商务商行（个体工商户）,订单结算
2026-04-23 11:34:03,'2026042311335908430884344242,入账,5.48,聚合账户,货款结算入账,小店自卖,'6925551635062750565,'6925551635062750565,'SS76306667480536358740053,2026-04-12 20:35:21,'3799803177344303392,简约复古超弹高级感头绳韩国东大门咖色磨砂小香风头绳大肠圈日常,,,普通订单,5.51,0,0,0,0,0,0,0,0,0,0,0,-0.03,0,0,0,0,0,0,是-商品卡免佣,0.22,义乌市蓓行电子商务商行（个体工商户）,订单结算
2026-04-23 11:34:03,'2026042311335821147325944242,出账,0.01,聚合账户,公益捐款,,'6952020573802337670,'6952020573802337670,,,,,,,普通订单,0,0,0,0,0,0,0,0,0,0,0,0,0,0,0,0,0,0,0,,0,义乌市蓓行电子商务商行（个体工商户）,公益捐款支出|贵州省慈善总会|6952020573802337670
2026-04-23 11:34:03,'2026042311335826146737004242,入账,3.7,聚合账户,货款结算入账,巨量千川,'6952047940385773088,'6952047940385773088,'SS76307018199747507550015,2026-04-13 11:18:30,'3807220077028311460,【超显气质】简约不硌头扭扭夹发夹女2026新款盘发抓夹高级感水钻珠珠一字夹子,,,普通订单,3.89,0,0,0,0,0,0,0,0,0,0,0,-0.19,0,0,0,0,0,0,,0,义乌市蓓行电子商务商行（个体工商户）,订单结算
2026-04-23 11:34:03,'2026042311335727918709824242,入账,3.82,聚合账户,货款结算入账,小店自卖,'6951884641877169167,'6951884641877169167,'SS76306648932807974660211,2026-04-08 00:07:31,'3799803177344303392,简约复古超弹高级感头绳韩国东大门咖色磨砂小香风头绳大肠圈日常,,,普通订单,3.84,0,0,0,0,0,0,0,0,0,0,0,-0.02,0,0,0,0,0,0,是-商品卡免佣,0.15,义乌市蓓行电子商务商行（个体工商户）,订单结算
2026-04-23 11:34:03,'2026042311335829779561464242,出账,0.01,聚合账户,公益捐款,,'6952106703808435912,'6952106703808435912,,,,,,,普通订单,0,0,0,0,0,0,0,0,0,0,0,0,0,0,0,0,0,0,0,,0,义乌市蓓行电子商务商行（个体工商户）,公益捐款支出|贵州省慈善总会|6952106703808435912
2026-04-23 11:34:03,'2026042311335741281789874242,入账,3.7,聚合账户,货款结算入账,巨量千川,'6952127798310737324,'6952127798310737324,'SS76306267351098826670046,2026-04-17 12:26:16,'3807220077028311460,夏天高级感随手盘发一字扭扭夹水钻抓夹高级发夹扭扭后脑勺盘发器,,,普通订单,3.89,0,0,0,0,0,0,0,0,0,0,0,-0.19,0,0,0,0,0,0,,0,义乌市蓓行电子商务商行（个体工商户）,订单结算
2026-04-23 11:34:03,'2026042311335627655746974242,入账,2.72,聚合账户,货款结算入账,小店自卖,'6952020573802337670,'6952020573802337670,'SS76306383994686676910118,2026-04-12 17:41:43,'3799969300262028066,复古波点褶皱香蕉夹高级感马尾扭扭竖夹后脑勺显发量横夹发卡发饰,,,普通订单,2.74,0,0,0,0,0,0,0,0,0,0,0,-0.02,0,0,0,0,0,0,是-商品卡免佣,0.15,义乌市蓓行电子商务商行（个体工商户）,订单结算
2026-04-23 11:34:03,'2026042311335637642734584242,入账,3.7,聚合账户,货款结算入账,巨量千川,'6925559425965063176,'6925559425965063176,'SS76307018195347868620190,2026-04-13 11:07:12,'3807220077028311460,【超显气质】简约不硌头扭扭夹发夹女2026新款盘发抓夹高级感水钻珠珠一字夹子,,,普通订单,3.89,0,0,0,0,0,0,0,0,0,0,0,-0.19,0,0,0,0,0,0,,0,义乌市蓓行电子商务商行（个体工商户）,订单结算
2026-04-23 11:34:03,'2026042311335907718385074242,入账,2.72,聚合账户,货款结算入账,小店自卖,'6952072076206937523,'6952072076206937523,'SS76308087334318290280110,2026-04-14 16:25:09,'3799969300262028066,复古波点褶皱香蕉夹高级感马尾扭扭竖夹后脑勺显发量横夹发卡发饰,,,普通订单,0.01,0,0,2.73,0,0,0,0,0,0,0,0,-0.02,0,0,0,0,0,0,是-商品卡免佣,0.15,义乌市蓓行电子商务商行（个体工商户）,订单结算
2026-04-23 11:34:03,'2026042311335831525811304242,入账,2.72,聚合账户,货款结算入账,小店自卖,'6925676557399653648,'6925676557399653648,'SS76308368618538112540204,2026-04-17 22:10:40,'3799969300262028066,复古波点褶皱香蕉夹高级感马尾扭扭竖夹后脑勺显发量横夹发卡发饰,,,普通订单,2.74,0,0,0,0,0,0,0,0,0,0,0,-0.02,0,0,0,0,0,0,是-商品卡免佣,0.15,义乌市蓓行电子商务商行（个体工商户）,订单结算
2026-04-23 11:34:03,'2026042311335541636214174242,入账,5.48,聚合账户,货款结算入账,小店自卖,'6952030176214848695,'6952030176214783159,'SS76307410632210025060158,2026-04-13 10:23:02,'3799803177344303392,简约复古超弹高级感头绳韩国东大门咖色磨砂小香风头绳大肠圈日常,,,普通订单,5.51,0,0,0,0,0,0,0,0,0,0,0,-0.03,0,0,0,0,0,0,是-商品卡免佣,0.22,义乌市蓓行电子商务商行（个体工商户）,订单结算
2026-04-23 11:34:04,'2026042311335920303058324242,出账,0.01,聚合账户,公益捐款,,'6952014665790789033,'6952014665790789033,,,,,,,普通订单,0,0,0,0,0,0,0,0,0,0,0,0,0,0,0,0,0,0,0,,0,义乌市蓓行电子商务商行（个体工商户）,公益捐款支出|贵州省慈善总会|6952014665790789033
2026-04-23 11:34:04,'2026042311335801818468204242,出账,0.01,聚合账户,公益捐款,,'6952043985797453033,'6952043985797453033,,,,,,,普通订单,0,0,0,0,0,0,0,0,0,0,0,0,0,0,0,0,0,0,0,,0,义乌市蓓行电子商务商行（个体工商户）,公益捐款支出|贵州省慈善总会|6952043985797453033
2026-04-23 11:35:51,'2026042311354608068139614242,入账,6.55,聚合账户,货款结算入账,巨量千川,'6952025118758278989,'6952025118758278989,'SS76306668979269801060189,2026-04-12 22:40:17,'3807220077028311460,【超显气质】简约不硌头扭扭夹发夹女2026新款盘发抓夹高级感水钻珠珠一字夹子,,,普通订单,6.89,0,0,0,0,0,0,0,0,0,0,0,-0.34,0,0,0,0,0,0,,0,义乌市蓓行电子商务商行（个体工商户）,订单结算
2026-04-23 11:35:52,'2026042311354626773795994242,出账,0.01,聚合账户,公益捐款,,'6952025118758278989,'6952025118758278989,,,,,,,普通订单,0,0,0,0,0,0,0,0,0,0,0,0,0,0,0,0,0,0,0,,0,义乌市蓓行电子商务商行（个体工商户）,公益捐款支出|贵州省慈善总会|6952025118758278989
2026-04-23 11:40:27,'2026042311402230123504904242,出账,0.01,聚合账户,公益捐款,,'6952036357219685438,'6952036357219685438,,,,,,,普通订单,0,0,0,0,0,0,0,0,0,0,0,0,0,0,0,0,0,0,0,,0,义乌市蓓行电子商务商行（个体工商户）,公益捐款支出|贵州省慈善总会|6952036357219685438
2026-04-23 11:40:27,'2026042311402231960601984242,入账,3.7,聚合账户,货款结算入账,巨量千川,'6952036357219685438,'6952036357219685438,'SS76306669892723348900234,2026-04-13 00:55:50,'3807220077028311460,【超显气质】简约不硌头扭扭夹发夹女2026新款盘发抓夹高级感水钻珠珠一字夹子,,,普通订单,3.89,0,0,0,0,0,0,0,0,0,0,0,-0.19,0,0,0,0,0,0,,0,义乌市蓓行电子商务商行（个体工商户）,订单结算
2026-04-23 11:44:45,'2026042311443940799646984242,入账,2.72,聚合账户,货款结算入账,小店自卖,'6952135881501512988,'6952135881501512988,'SS76308470489500393220140,2026-04-16 23:01:47,'3799969300262028066,复古波点褶皱香蕉夹高级感马尾扭扭竖夹后脑勺显发量横夹发卡发饰,,,普通订单,2.74,0,0,0,0,0,0,0,0,0,0,0,-0.02,0,0,0,0,0,0,是-商品卡免佣,0.15,义乌市蓓行电子商务商行（个体工商户）,订单结算
2026-04-23 11:44:46,'2026042311444219042639744242,出账,0.01,聚合账户,公益捐款,,'6952135881501512988,'6952135881501512988,,,,,,,普通订单,0,0,0,0,0,0,0,0,0,0,0,0,0,0,0,0,0,0,0,,0,义乌市蓓行电子商务商行（个体工商户）,公益捐款支出|贵州省慈善总会|6952135881501512988
2026-04-23 11:46:16,'2026042311461026069775904242,出账,1,聚合账户,小额打款,,'6952159634920510871,'6952159634920510871,,,,,,,普通订单,0,0,0,0,0,0,0,0,0,0,0,0,0,0,0,0,0,0,0,,0,义乌市蓓行电子商务商行（个体工商户）,商家向消费者小额打款-“补差价”
2026-04-23 11:46:25,'2026042311462012630144274242,入账,5.6,聚合账户,货款结算入账,巨量千川,'6952131663786088150,'6952131663786088150,'SS76307832943518354550239,2026-04-17 06:38:35,'3807220077028311460,夏天高级感随手盘发一字扭扭夹水钻抓夹高级发夹扭扭后脑勺盘发器,,,普通订单,5.89,0,0,0,0,0,0,0,0,0,0,0,-0.29,0,0,0,0,0,0,,0,义乌市蓓行电子商务商行（个体工商户）,订单结算
2026-04-23 11:46:25,'2026042311462118172646834242,出账,0.01,聚合账户,公益捐款,,'6952131663786088150,'6952131663786088150,,,,,,,普通订单,0,0,0,0,0,0,0,0,0,0,0,0,0,0,0,0,0,0,0,,0,义乌市蓓行电子商务商行（个体工商户）,公益捐款支出|贵州省慈善总会|6952131663786088150
2026-04-23 11:47:36,'2026042311473124505431304242,入账,3.7,聚合账户,货款结算入账,巨量千川,'6952040878636143771,'6952040878636143771,'SS76305186473810662910042,2026-04-13 04:52:32,'3807220077028311460,【超显气质】简约不硌头扭扭夹发夹女2026新款盘发抓夹高级感水钻珠珠一字夹子,,,普通订单,3.89,0,0,0,0,0,0,0,0,0,0,0,-0.19,0,0,0,0,0,0,,0,义乌市蓓行电子商务商行（个体工商户）,订单结算
2026-04-23 11:47:37,'2026042311473137417454444242,出账,0.01,聚合账户,公益捐款,,'6952040878636143771,'6952040878636143771,,,,,,,普通订单,0,0,0,0,0,0,0,0,0,0,0,0,0,0,0,0,0,0,0,,0,义乌市蓓行电子商务商行（个体工商户）,公益捐款支出|贵州省慈善总会|6952040878636143771
2026-04-23 11:48:23,'2026042311481834537518174242,入账,5.15,聚合账户,货款结算入账,小店自卖,'6952136608271570585,'6952136608271570585,'SS76306990406699584500010,2026-04-17 12:55:30,'3801832059815723099,懒人公主头编发夹女前额双层侧边夹子刘海碎发编发发夹鸭嘴夹发卡,,,普通订单,5.18,0,0,0,0,0,0,0,0,0,0,0,-0.03,0,0,0,0,0,0,是-商品卡免佣,0.22,义乌市蓓行电子商务商行（个体工商户）,订单结算
2026-04-23 11:48:24,'2026042311481903316621144242,出账,0.01,聚合账户,公益捐款,,'6952136608271570585,'6952136608271570585,,,,,,,普通订单,0,0,0,0,0,0,0,0,0,0,0,0,0,0,0,0,0,0,0,,0,义乌市蓓行电子商务商行（个体工商户）,公益捐款支出|贵州省慈善总会|6952136608271570585
2026-04-23 11:49:05,'2026042311490000937827944242,入账,6.55,聚合账户,货款结算入账,巨量千川,'6952149942336296793,'6952149942336296793,'SS76307679577479585800055,2026-04-17 14:22:54,'3807220077028311460,夏天高级感随手盘发一字扭扭夹水钻抓夹高级发夹扭扭后脑勺盘发器,,,普通订单,6.89,0,0,0,0,0,0,0,0,0,0,0,-0.34,0,0,0,0,0,0,,0,义乌市蓓行电子商务商行（个体工商户）,订单结算
2026-04-23 11:49:05,'2026042311490116652536324242,出账,0.01,聚合账户,公益捐款,,'6952149942336296793,'6952149942336296793,,,,,,,普通订单,0,0,0,0,0,0,0,0,0,0,0,0,0,0,0,0,0,0,0,,0,义乌市蓓行电子商务商行（个体工商户）,公益捐款支出|贵州省慈善总会|6952149942336296793
2026-04-23 11:50:49,'2026042311504521392924354242,入账,3.7,聚合账户,货款结算入账,巨量千川,'6925548037691768106,'6925548037691768106,'SS76306813675144852830032,2026-04-13 11:31:07,'3807220077028311460,【超显气质】简约不硌头扭扭夹发夹女2026新款盘发抓夹高级感水钻珠珠一字夹子,,,普通订单,3.29,0,0,0.6,0,0,0,0,0,0,0,0,-0.19,0,0,0,0,0,0,,0,义乌市蓓行电子商务商行（个体工商户）,订单结算
2026-04-23 11:51:00,'2026042311505507780644364242,入账,4.45,聚合账户,货款结算入账,小店自卖,'6925542070717676694,'6925542070717676694,'SS76306666646202949580225,2026-04-12 18:30:02,'3798263450837320143,儿童是兔子警官可爱兔子帽子发夹边夹侧边发卡女卡通甜美拍照道具,,,普通订单,4.48,0,0,0,0,0,0,0,0,0,0,0,-0.03,0,0,0,0,0,0,是-商品卡免佣,0.22,义乌市蓓行电子商务商行（个体工商户）,订单结算
2026-04-23 11:51:00,'2026042311505529533517154242,入账,3.7,聚合账户,货款结算入账,巨量千川,'6952147294492890202,'6952147294492890202,'SS76307696452932078710067,2026-04-17 08:10:50,'3807220077028311460,夏天高级感随手盘发一字扭扭夹水钻抓夹高级发夹扭扭后脑勺盘发器,,,普通订单,2.89,0,0,1,0,0,0,0,0,0,0,0,-0.19,0,0,0,0,0,0,,0,义乌市蓓行电子商务商行（个体工商户）,订单结算
2026-04-23 11:51:00,'2026042311505523326067714242,入账,15.1,聚合账户,货款结算入账,巨量千川,'6952025942704461779,'6952025942704461779,'SS76307375014429826560089,2026-04-13 12:59:06,'3813321554645877156,轻奢高定一字夹后脑勺高级感扭扭夹大号发量多发卡发夹,,,普通订单,15.89,0,0,0,0,0,0,0,0,0,0,0,-0.79,0,0,0,0,0,0,,0,义乌市蓓行电子商务商行（个体工商户）,订单结算
2026-04-23 11:51:00,'2026042311505529120763404242,入账,5.35,聚合账户,货款结算入账,小店自卖,'6925544809801809699,'6925544809801809699,'SS76306684772988690260103,2026-04-12 21:17:26,'3809050510502265073,日系超萌大号发夹毛绒布丁小熊可爱鸭嘴夹少女新款头饰刘海后脑勺,,,普通订单,5.38,0,0,0,0,0,0,0,0,0,0,0,-0.03,0,0,0,0,0,0,是-商品卡免佣,0.22,义乌市蓓行电子商务商行（个体工商户）,订单结算
2026-04-23 11:51:00,'2026042311505525842693474242,入账,3.7,聚合账户,货款结算入账,巨量千川,'6952026895176111790,'6952026895176111790,'SS76306607891539400110038,2026-04-12 16:27:28,'3807220077028311460,【超显气质】简约不硌头扭扭夹发夹女2026新款盘发抓夹高级感水钻珠珠一字夹子,,,普通订单,3.89,0,0,0,0,0,0,0,0,0,0,0,-0.19,0,0,0,0,0,0,,0,义乌市蓓行电子商务商行（个体工商户）,订单结算
2026-04-23 11:51:00,'2026042311505626635310184242,入账,6.85,聚合账户,货款结算入账,小店自卖,'6952152820473140799,'6952152820473140799,'SS76307826433320883710213,2026-04-17 17:25:25,'3807220077028311460,夏天高级感随手盘发一字扭扭夹水钻抓夹高级发夹扭扭后脑勺盘发器,,,普通订单,4.89,0,0,2,0,0,0,0,0,0,0,0,-0.04,0,0,0,0,0,0,是-商品卡免佣,0.29,义乌市蓓行电子商务商行（个体工商户）,订单结算
2026-04-23 11:51:00,'2026042311505429878525594242,入账,3.7,聚合账户,货款结算入账,巨量千川,'6925682792984116650,'6925682792984116650,'SS76308249356860459860082,2026-04-17 19:34:57,'3807220077028311460,新中式发饰高级感扭扭夹随手盘发一字夹水钻抓夹后脑勺发夹盘发器,,,普通订单,3.89,0,0,0,0,0,0,0,0,0,0,0,-0.19,0,0,0,0,0,0,,0,义乌市蓓行电子商务商行（个体工商户）,订单结算
2026-04-23 11:51:00,'2026042311505421732930654242,入账,3.87,聚合账户,货款结算入账,小店自卖,'6952041092538308369,'6952041092538308369,'SS76307000883650240000129,2026-04-13 09:39:58,'3807385665038057791,韩式设计抓夹叶片麦穗鲨鱼新款夹百搭高级发卡后脑勺发抓超值头饰,,,普通订单,3.89,0,0,0,0,0,0,0,0,0,0,0,-0.02,0,0,0,0,0,0,是-商品卡免佣,0.15,义乌市蓓行电子商务商行（个体工商户）,订单结算
2026-04-23 11:51:00,'2026042311505439681400744242,入账,3.7,聚合账户,货款结算入账,巨量千川,'6952018950372071034,'6952018950372071034,'SS76306420959381304380191,2026-04-13 07:12:30,'3807220077028311460,【超显气质】简约不硌头扭扭夹发夹女2026新款盘发抓夹高级感水钻珠珠一字夹子,,,普通订单,3.89,0,0,0,0,0,0,0,0,0,0,0,-0.19,0,0,0,0,0,0,,0,义乌市蓓行电子商务商行（个体工商户）,订单结算
2026-04-23 11:51:00,'2026042311505514604700594242,入账,0.85,聚合账户,货款结算入账,巨量千川,'6952034317015455512,'6952034317015455512,'SS76289278176286646110101,2026-04-13 05:53:35,'3807220077028311460,【超显气质】简约不硌头扭扭夹发夹女2026新款盘发抓夹高级感水钻珠珠一字夹子,,,普通订单,3.89,0,0,0,0,0,0,0,0,0,0,-3,-0.04,0,0,0,0,0,0,,0,义乌市蓓行电子商务商行（个体工商户）,订单结算
2026-04-23 11:51:00,'2026042311505439268562274242,入账,3.65,聚合账户,货款结算入账,小店自卖,'6952068372916671999,'6952068372916671999,'SS76308258968205069320185,2026-04-14 20:31:09,'3805708033615593705,咖色磨砂抓夹大号发夹女2026年新款后脑勺发量多鲨鱼夹子发卡头饰,,,普通订单,0.01,0,0,3.83,0,0,0,0,0,0,0,0,-0.19,0,0,0,0,0,0,,0,义乌市蓓行电子商务商行（个体工商户）,订单结算
2026-04-23 11:51:00,'2026042311505512470356824242,入账,4.83,聚合账户,货款结算入账,小店自卖,'6952024571924190263,'6952024571924190263,'SS76307442404899558860052,2026-04-12 17:26:50,'3807216419796549722,高级感洋气甜酷风银色金属小钢圈发扣发夹明星同款刘海发夹扣发饰,,,普通订单,4.86,0,0,0,0,0,0,0,0,0,0,0,-0.03,0,0,0,0,0,0,是-商品卡免佣,0.22,义乌市蓓行电子商务商行（个体工商户）,订单结算
2026-04-23 11:51:00,'2026042311505509027261904242,入账,7.29,聚合账户,货款结算入账,巨量千川,'6952010137025648261,'6952010137025648261,'SS76306669558126354190154,2026-04-13 07:06:09,'3807230150731497890,可爱小狗抓夹卡通高级2026新款后脑勺盘发鲨鱼夹中号发量发夹发饰,,,普通订单,6.72,0,0,0.95,0,0,0,0,0,0,0,0,-0.38,0,0,0,0,0,0,,0,义乌市蓓行电子商务商行（个体工商户）,订单结算
2026-04-23 11:51:00,'2026042311505520015188634242,入账,4.65,聚合账户,货款结算入账,巨量千川,'6952028019955930135,'6952028019955930135,'SS76307407527921095680018,2026-04-13 07:31:08,'3811112236538265926,【超值特惠】古风高级感发夹女2026新款网红后脑抓夹发量少专用水钻一字扭扭夹,,,普通订单,4.89,0,0,0,0,0,0,0,0,0,0,0,-0.24,0,0,0,0,0,0,,0,义乌市蓓行电子商务商行（个体工商户）,订单结算
2026-04-23 11:51:00,'2026042311505524460823564242,入账,7.08,聚合账户,货款结算入账,小店自卖,'6925690358745300799,'6925690358745300799,'SS76307011621693896140210,2026-04-18 12:24:01,'3801832059815723099,懒人公主头编发夹女前额双层侧边夹子刘海碎发编发发夹鸭嘴夹发卡,,,普通订单,7.12,0,0,0,0,0,0,0,0,0,0,0,-0.04,0,0,0,0,0,0,是-商品卡免佣,0.29,义乌市蓓行电子商务商行（个体工商户）,订单结算
2026-04-23 11:51:00,'2026042311505517553492884242,入账,4.46,聚合账户,货款结算入账,小店自卖,'6925561683858062644,'6925561683858062644,'SS76307016054237437700216,2026-04-13 12:26:18,'3812402015192088987,高颅顶慵懒风缎面波点海绵发箍复古 ins韩系精致超仙网红头箍发饰,,,普通订单,4.49,0,0,0,0,0,0,0,0,0,0,0,-0.03,0,0,0,0,0,0,是-商品卡免佣,0.22,义乌市蓓行电子商务商行（个体工商户）,订单结算
2026-04-23 11:51:00,'2026042311505533525926924242,入账,3.88,聚合账户,货款结算入账,小店自卖,'6925557680482057739,'6925557680482057739,'SS76307406069897136740022,2026-04-13 14:52:00,'3805708033615593705,咖色磨砂抓夹大号发夹女2026年新款后脑勺发量多鲨鱼夹子发卡头饰,,,普通订单,3.9,0,0,0,0,0,0,0,0,0,0,0,-0.02,0,0,0,0,0,0,是-商品卡免佣,0.15,义乌市蓓行电子商务商行（个体工商户）,订单结算
2026-04-23 11:51:00,'2026042311505500144184684242,入账,4.65,聚合账户,货款结算入账,巨量千川,'6951888798113601119,'6951888798113601119,'SS76306388143574228480223,2026-04-08 05:03:18,'3792402691087532393,【小众高级感】高颜值彩色豆豆发圈头绳扎头发马尾丸子头高弹力橡皮筋不伤发发绳,,,普通订单,4.9,0,0,0,0,0,0,0,0,0,0,0,-0.25,0,0,0,0,0,0,,0,义乌市蓓行电子商务商行（个体工商户）,订单结算
2026-04-23 11:51:00,'2026042311505602146634754242,入账,5.5,聚合账户,货款结算入账,巨量千川,'6952178226788963748,'6952178226788963748,'SS76307879546968519830182,2026-04-18 20:03:45,'3807220077028311460,新中式发饰高级感扭扭夹随手盘发一字夹水钻抓夹后脑勺发夹盘发器,,,普通订单,0.01,0,0,5.78,0,0,0,0,0,0,0,0,-0.29,0,0,0,0,0,0,,0,义乌市蓓行电子商务商行（个体工商户）,订单结算
2026-04-23 11:51:00,'2026042311505529118633484242,入账,4.4,聚合账户,货款结算入账,小店自卖,'6952023754606449890,'6952023754606449890,'SS76307002557004723720157,2026-04-13 12:22:22,'3798263450837320143,儿童是兔子警官可爱兔子帽子发夹边夹侧边发卡女卡通甜美拍照道具,,,普通订单,4.43,0,0,0,0,0,0,0,0,0,0,0,-0.03,0,0,0,0,0,0,是-商品卡免佣,0.22,义乌市蓓行电子商务商行（个体工商户）,订单结算
2026-04-23 11:51:00,'2026042311505603239452544242,入账,3.54,聚合账户,货款结算入账,小店自卖,'6952039122784688065,'6952039122784688065,'SS76306791930476142170218,2026-04-13 10:39:44,'3801832059815723099,懒人公主头编发夹女前额双层侧边夹子刘海碎发编发发夹鸭嘴夹发卡,,,普通订单,3.56,0,0,0,0,0,0,0,0,0,0,0,-0.02,0,0,0,0,0,0,是-商品卡免佣,0.15,义乌市蓓行电子商务商行（个体工商户）,订单结算
2026-04-23 11:51:00,'2026042311505528480970874242,入账,5.15,聚合账户,货款结算入账,小店自卖,'6952161386918778483,'6952161386918778483,'SS76306897417050693630068,2026-04-17 16:13:55,'3801832059815723099,懒人公主头编发夹女前额双层侧边夹子刘海碎发编发发夹鸭嘴夹发卡,,,普通订单,5.18,0,0,0,0,0,0,0,0,0,0,0,-0.03,0,0,0,0,0,0,是-商品卡免佣,0.22,义乌市蓓行电子商务商行（个体工商户）,订单结算
2026-04-23 11:51:00,'2026042311505418413324994242,入账,5.79,聚合账户,货款结算入账,小店自卖,'6952023030092863260,'6952023030092863260,'SS76306668908073825370045,2026-04-12 22:50:46,'3797358013866705284,美拉德咖色波浪高颅顶发箍女款日常外戴头箍带齿防滑洗脸压发发卡,,,普通订单,5.82,0,0,0,0,0,0,0,0,0,0,0,-0.03,0,0,0,0,0,0,是-商品卡免佣,0.22,义乌市蓓行电子商务商行（个体工商户）,订单结算
2026-04-23 11:51:00,'2026042311505515486489954242,入账,3.7,聚合账户,货款结算入账,巨量千川,'6952013911886599273,'6952013911886599273,'SS76306419556381171300056,2026-04-12 19:39:02,'3807220077028311460,【超显气质】简约不硌头扭扭夹发夹女2026新款盘发抓夹高级感水钻珠珠一字夹子,,,普通订单,0.89,0,0,3,0,0,0,0,0,0,0,0,-0.19,0,0,0,0,0,0,,0,义乌市蓓行电子商务商行（个体工商户）,订单结算
2026-04-23 11:51:00,'2026042311505431143693344242,入账,4.65,聚合账户,货款结算入账,巨量千川,'6952016043808855417,'6952016043808855417,'SS76306408445253555740067,2026-04-12 18:52:38,'3792402691087532393,【小众高级感】高颜值彩色豆豆发圈头绳扎头发马尾丸子头高弹力橡皮筋不伤发发绳,,,普通订单,4.9,0,0,0,0,0,0,0,0,0,0,0,-0.25,0,0,0,0,0,0,,0,义乌市蓓行电子商务商行（个体工商户）,订单结算
2026-04-23 11:51:00,'2026042311505512644889604242,入账,2.61,聚合账户,货款结算入账,小店自卖,'6925551300780720097,'6925551300780720097,'SS76306657766769792460095,2026-04-12 18:03:49,'3807250008697339947,蓝咖格子大肠发圈蓝色韩系新款复古四层头发丸子马尾高级头绳发饰,,,普通订单,2.63,0,0,0,0,0,0,0,0,0,0,0,-0.02,0,0,0,0,0,0,是-商品卡免佣,0.15,义乌市蓓行电子商务商行（个体工商户）,订单结算
2026-04-23 11:51:01,'2026042311505601477516904242,出账,0.01,聚合账户,公益捐款,,'6952011842744030707,'6952011842744030707,,,,,,,普通订单,0,0,0,0,0,0,0,0,0,0,0,0,0,0,0,0,0,0,0,,0,义乌市蓓行电子商务商行（个体工商户）,公益捐款支出|贵州省慈善总会|6952011842744030707
2026-04-23 11:51:01,'2026042311505711160461154242,入账,2.75,聚合账户,货款结算入账,巨量千川,'6952087043657241885,'6952087043657241885,'SS76307903990403238490182,2026-04-15 13:59:08,'3792402691087532393,女韩版橡皮筋高弹力新款发绳简约可爱头绳发圈无扎痕头饰高级发饰,,,普通订单,0.01,0,0,2.89,0,0,0,0,0,0,0,0,-0.15,0,0,0,0,0,0,,0,义乌市蓓行电子商务商行（个体工商户）,订单结算
2026-04-23 11:51:01,'2026042311505618877161364242,入账,3.7,聚合账户,货款结算入账,巨量千川,'6952027116388095424,'6952027116388095424,'SS76306604600230382230077,2026-04-12 19:00:14,'3807220077028311460,【超显气质】简约不硌头扭扭夹发夹女2026新款盘发抓夹高级感水钻珠珠一字夹子,,,普通订单,3.89,0,0,0,0,0,0,0,0,0,0,0,-0.19,0,0,0,0,0,0,,0,义乌市蓓行电子商务商行（个体工商户）,订单结算
2026-04-23 11:51:01,'2026042311505609397089664242,入账,5.6,聚合账户,货款结算入账,巨量千川,'6952011842744030707,'6952011842744030707,'SS76306666693287449860120,2026-04-12 18:52:44,'3807220077028311460,【超显气质】简约不硌头扭扭夹发夹女2026新款盘发抓夹高级感水钻珠珠一字夹子,,,普通订单,5.89,0,0,0,0,0,0,0,0,0,0,0,-0.29,0,0,0,0,0,0,,0,义乌市蓓行电子商务商行（个体工商户）,订单结算
2026-04-23 11:51:01,'2026042311505417622633024242,入账,3.7,聚合账户,货款结算入账,巨量千川,'6952006966775584578,'6952006966775584578,'SS76307373736861087120176,2026-04-12 15:53:58,'3807220077028311460,【超显气质】简约不硌头扭扭夹发夹女2026新款盘发抓夹高级感水钻珠珠一字夹子,,,普通订单,3.89,0,0,0,0,0,0,0,0,0,0,0,-0.19,0,0,0,0,0,0,,0,义乌市蓓行电子商务商行（个体工商户）,订单结算
2026-04-23 11:51:01,'2026042311505523330327554242,入账,2.75,聚合账户,货款结算入账,巨量千川,'6952018908438599213,'6952018908438599213,'SS76306409840205176820086,2026-04-13 06:17:53,'3792402691087532393,【小众高级感】高颜值彩色豆豆发圈头绳扎头发马尾丸子头高弹力橡皮筋不伤发发绳,,,普通订单,2.9,0,0,0,0,0,0,0,0,0,0,0,-0.15,0,0,0,0,0,0,,0,义乌市蓓行电子商务商行（个体工商户）,订单结算
2026-04-23 11:51:01,'2026042311505520981192034242,入账,5.6,聚合账户,货款结算入账,巨量千川,'6925560900681366956,'6925560900681366956,'SS76306669483759378430210,2026-04-13 06:05:02,'3807220077028311460,【超显气质】简约不硌头扭扭夹发夹女2026新款盘发抓夹高级感水钻珠珠一字夹子,,,普通订单,0.01,0,0,0,0,0,0,0,0,5.88,0,0,-0.29,0,0,0,0,0,0,,0,义乌市蓓行电子商务商行（个体工商户）,订单结算
2026-04-23 11:51:01,'2026042311505526936117854242,入账,3.38,聚合账户,货款结算入账,小店自卖,'6925559070375312916,'6925559070375312916,'SS76306792064193175390144,2026-04-13 09:02:55,'3801832059815723099,懒人公主头编发夹女前额双层侧边夹子刘海碎发编发发夹鸭嘴夹发卡,,,普通订单,3.56,0,0,0,0,0,0,0,0,0,0,0,-0.18,0,0,0,0,0,0,,0,义乌市蓓行电子商务商行（个体工商户）,订单结算
2026-04-23 11:51:01,'2026042311505615020529104242,入账,4.08,聚合账户,货款结算入账,小店自卖,'6952022677544441458,'6952022677544441458,'SS76307550816004510870199,2026-04-12 20:03:32,'3798072702934319541,韩国ins 新款咖色黑色条纹大肠发圈甜美时尚减龄扎丸子头头饰发饰,,,普通订单,4.29,0,0,0,0,0,0,0,0,0,0,0,-0.21,0,0,0,0,0,0,,0,义乌市蓓行电子商务商行（个体工商户）,订单结算
2026-04-23 11:51:01,'2026042311505636786672994242,出账,0.01,聚合账户,公益捐款,,'6952178226788963748,'6952178226788963748,,,,,,,普通订单,0,0,0,0,0,0,0,0,0,0,0,0,0,0,0,0,0,0,0,,0,义乌市蓓行电子商务商行（个体工商户）,公益捐款支出|贵州省慈善总会|6952178226788963748
2026-04-23 11:51:01,'2026042311505520145485324242,入账,8.69,聚合账户,货款结算入账,小店自卖,'6952021123701085987,'6952021123701085987,'SS76289422997201761620213,2026-04-12 22:36:18,'3807250008697339947,蓝咖格子大肠发圈蓝色韩系新款复古四层头发丸子马尾高级头绳发饰,,,普通订单,10.74,0,0,0,0,0,0,0,0,0,0,-2,-0.05,0,0,0,0,0,0,是-商品卡免佣,0.37,义乌市蓓行电子商务商行（个体工商户）,订单结算
2026-04-23 11:51:01,'2026042311505618372692744242,入账,2.63,聚合账户,货款结算入账,巨量千川,'6925697258361683435,'6925697258361683435,'SS76307963114111513690096,2026-04-18 16:48:41,'3807220077028311460,新中式发饰高级感扭扭夹随手盘发一字夹水钻抓夹后脑勺发夹盘发器,,,普通订单,6.89,0,0,0,0,0,0,0,0,0,0,-4.13,-0.13,0,0,0,0,0,0,,0,义乌市蓓行电子商务商行（个体工商户）,订单结算
2026-04-23 11:51:01,'2026042311505539859658394242,入账,6.96,聚合账户,货款结算入账,小店自卖,'6952038668962043821,'6952038668962043821,'SS76306669788685934710184,2026-04-13 00:07:19,'3798263450837320143,儿童是兔子警官可爱兔子帽子发夹边夹侧边发卡女卡通甜美拍照道具,,,普通订单,5,0,0,2,0,0,0,0,0,0,0,0,-0.04,0,0,0,0,0,0,是-商品卡免佣,0.29,义乌市蓓行电子商务商行（个体工商户）,订单结算
2026-04-23 11:51:01,'2026042311505508570680834242,入账,3.7,聚合账户,货款结算入账,巨量千川,'6952034270821750042,'6952034270821750042,'SS76306421063605127780201,2026-04-13 04:26:58,'3807220077028311460,【超显气质】简约不硌头扭扭夹发夹女2026新款盘发抓夹高级感水钻珠珠一字夹子,,,普通订单,3.89,0,0,0,0,0,0,0,0,0,0,0,-0.19,0,0,0,0,0,0,,0,义乌市蓓行电子商务商行（个体工商户）,订单结算
2026-04-23 11:51:01,'2026042311505600002791034242,出账,0.01,聚合账户,公益捐款,,'6952041092538308369,'6952041092538308369,,,,,,,普通订单,0,0,0,0,0,0,0,0,0,0,0,0,0,0,0,0,0,0,0,,0,义乌市蓓行电子商务商行（个体工商户）,公益捐款支出|贵州省慈善总会|6952041092538308369
2026-04-23 11:51:01,'2026042311505614450531994242,入账,3.7,聚合账户,货款结算入账,巨量千川,'6952057009958753881,'6952057009958753881,'SS76306745719723625370070,2026-04-14 18:36:56,'3807220077028311460,【超显气质】简约不硌头扭扭夹发夹女2026新款盘发抓夹高级感水钻珠珠一字夹子,,,普通订单,3.89,0,0,0,0,0,0,0,0,0,0,0,-0.19,0,0,0,0,0,0,,0,义乌市蓓行电子商务商行（个体工商户）,订单结算
2026-04-23 11:51:01,'2026042311505612920097824242,入账,5.6,聚合账户,货款结算入账,巨量千川,'6952027705647043954,'6952027705647043954,'SS76292803567679411300093,2026-04-12 23:36:45,'3807220077028311460,【超显气质】简约不硌头扭扭夹发夹女2026新款盘发抓夹高级感水钻珠珠一字夹子,,,普通订单,6.76,0,0,0,0,0,0,0,0.11,0,0,-0.98,-0.29,0,0,0,0,0,0,,0,义乌市蓓行电子商务商行（个体工商户）,订单结算
2026-04-23 11:51:01,'2026042311505524338271074242,入账,3.54,聚合账户,货款结算入账,小店自卖,'6952025873953395860,'6952025873953395860,'SS76307013295438569050009,2026-04-13 12:21:48,'3801832059815723099,懒人公主头编发夹女前额双层侧边夹子刘海碎发编发发夹鸭嘴夹发卡,,,普通订单,0.01,0,0,3.55,0,0,0,0,0,0,0,0,-0.02,0,0,0,0,0,0,是-商品卡免佣,0.15,义乌市蓓行电子商务商行（个体工商户）,订单结算
2026-04-23 11:51:01,'2026042311505504461529944242,入账,3.7,聚合账户,货款结算入账,巨量千川,'6925558036387561141,'6925558036387561141,'SS76306416386038543870182,2026-04-12 20:38:03,'3807220077028311460,【超显气质】简约不硌头扭扭夹发夹女2026新款盘发抓夹高级感水钻珠珠一字夹子,,,普通订单,3.89,0,0,0,0,0,0,0,0,0,0,0,-0.19,0,0,0,0,0,0,,0,义乌市蓓行电子商务商行（个体工商户）,订单结算
2026-04-23 11:51:01,'2026042311505711259786244242,入账,14.52,聚合账户,货款结算入账,小店自卖,'6925553917868867502,'6925553917868867502,'SS76306665920120430080238,2026-04-12 19:49:08,'3807385665038057791,韩式设计抓夹叶片麦穗鲨鱼新款夹百搭高级发卡后脑勺发抓超值头饰,,,普通订单,14.61,0,0,0,0,0,0,0,0,0,0,0,-0.09,0,0,0,0,0,0,是-商品卡免佣,0.66,义乌市蓓行电子商务商行（个体工商户）,订单结算
2026-04-23 11:51:01,'2026042311505702832796584242,出账,0.01,聚合账户,公益捐款,,'6952039122784688065,'6952039122784688065,,,,,,,普通订单,0,0,0,0,0,0,0,0,0,0,0,0,0,0,0,0,0,0,0,,0,义乌市蓓行电子商务商行（个体工商户）,公益捐款支出|贵州省慈善总会|6952039122784688065
2026-04-23 11:51:02,'2026042311505735415826434242,出账,0.01,聚合账户,公益捐款,,'6952057009958753881,'6952057009958753881,,,,,,,普通订单,0,0,0,0,0,0,0,0,0,0,0,0,0,0,0,0,0,0,0,,0,义乌市蓓行电子商务商行（个体工商户）,公益捐款支出|贵州省慈善总会|6952057009958753881
2026-04-23 11:51:02,'2026042311505524888117914242,出账,0.01,聚合账户,公益捐款,,'6952025873953395860,'6952025873953395860,,,,,,,普通订单,0,0,0,0,0,0,0,0,0,0,0,0,0,0,0,0,0,0,0,,0,义乌市蓓行电子商务商行（个体工商户）,公益捐款支出|贵州省慈善总会|6952025873953395860
2026-04-23 11:51:02,'2026042311505601478991464242,出账,0.01,聚合账户,公益捐款,,'6952147294492890202,'6952147294492890202,,,,,,,普通订单,0,0,0,0,0,0,0,0,0,0,0,0,0,0,0,0,0,0,0,,0,义乌市蓓行电子商务商行（个体工商户）,公益捐款支出|贵州省慈善总会|6952147294492890202
2026-04-23 11:51:02,'2026042311505517563814804242,出账,0.01,聚合账户,公益捐款,,'6952010137025648261,'6952010137025648261,,,,,,,普通订单,0,0,0,0,0,0,0,0,0,0,0,0,0,0,0,0,0,0,0,,0,义乌市蓓行电子商务商行（个体工商户）,公益捐款支出|贵州省慈善总会|6952010137025648261
2026-04-23 11:51:02,'2026042311505608375055454242,出账,0.01,聚合账户,公益捐款,,'6952038668962043821,'6952038668962043821,,,,,,,普通订单,0,0,0,0,0,0,0,0,0,0,0,0,0,0,0,0,0,0,0,,0,义乌市蓓行电子商务商行（个体工商户）,公益捐款支出|贵州省慈善总会|6952038668962043821
2026-04-23 11:51:02,'2026042311505340237632364242,出账,0.01,聚合账户,公益捐款,,'6925553917868867502,'6925553917868867502,,,,,,,普通订单,0,0,0,0,0,0,0,0,0,0,0,0,0,0,0,0,0,0,0,,0,义乌市蓓行电子商务商行（个体工商户）,公益捐款支出|贵州省慈善总会|6925553917868867502
2026-04-23 11:51:02,'2026042311505830263260674242,出账,0.01,聚合账户,公益捐款,,'6925561683858062644,'6925561683858062644,,,,,,,普通订单,0,0,0,0,0,0,0,0,0,0,0,0,0,0,0,0,0,0,0,,0,义乌市蓓行电子商务商行（个体工商户）,公益捐款支出|贵州省慈善总会|6925561683858062644
2026-04-23 11:51:02,'2026042311505631136156164242,出账,0.01,聚合账户,公益捐款,,'6952034270821750042,'6952034270821750042,,,,,,,普通订单,0,0,0,0,0,0,0,0,0,0,0,0,0,0,0,0,0,0,0,,0,义乌市蓓行电子商务商行（个体工商户）,公益捐款支出|贵州省慈善总会|6952034270821750042
2026-04-23 11:51:02,'2026042311505525426665374242,出账,0.01,聚合账户,公益捐款,,'6952027116388095424,'6952027116388095424,,,,,,,普通订单,0,0,0,0,0,0,0,0,0,0,0,0,0,0,0,0,0,0,0,,0,义乌市蓓行电子商务商行（个体工商户）,公益捐款支出|贵州省慈善总会|6952027116388095424
2026-04-23 11:51:02,'2026042311505618378099264242,出账,0.01,聚合账户,公益捐款,,'6952021123701085987,'6952021123701085987,,,,,,,普通订单,0,0,0,0,0,0,0,0,0,0,0,0,0,0,0,0,0,0,0,,0,义乌市蓓行电子商务商行（个体工商户）,公益捐款支出|贵州省慈善总会|6952021123701085987
2026-04-23 11:51:03,'2026042311505925711910804242,出账,0.01,聚合账户,公益捐款,,'6925558036387561141,'6925558036387561141,,,,,,,普通订单,0,0,0,0,0,0,0,0,0,0,0,0,0,0,0,0,0,0,0,,0,义乌市蓓行电子商务商行（个体工商户）,公益捐款支出|贵州省慈善总会|6925558036387561141
2026-04-23 11:51:03,'2026042311505812254088024242,出账,0.01,聚合账户,公益捐款,,'6952087043657241885,'6952087043657241885,,,,,,,普通订单,0,0,0,0,0,0,0,0,0,0,0,0,0,0,0,0,0,0,0,,0,义乌市蓓行电子商务商行（个体工商户）,公益捐款支出|贵州省慈善总会|6952087043657241885
2026-04-23 11:51:15,'2026042311511108566543794242,出账,0.01,聚合账户,公益捐款,,'6952023030092863260,'6952023030092863260,,,,,,,普通订单,0,0,0,0,0,0,0,0,0,0,0,0,0,0,0,0,0,0,0,,0,义乌市蓓行电子商务商行（个体工商户）,公益捐款支出|贵州省慈善总会|6952023030092863260
2026-04-23 11:51:17,'2026042311511215235817504242,出账,0.01,聚合账户,公益捐款,,'6952024571924190263,'6952024571924190263,,,,,,,普通订单,0,0,0,0,0,0,0,0,0,0,0,0,0,0,0,0,0,0,0,,0,义乌市蓓行电子商务商行（个体工商户）,公益捐款支出|贵州省慈善总会|6952024571924190263
2026-04-23 11:51:17,'2026042311511041497564314242,出账,0.01,聚合账户,公益捐款,,'6952161386918778483,'6952161386918778483,,,,,,,普通订单,0,0,0,0,0,0,0,0,0,0,0,0,0,0,0,0,0,0,0,,0,义乌市蓓行电子商务商行（个体工商户）,公益捐款支出|贵州省慈善总会|6952161386918778483
2026-04-23 11:51:51,'2026042311514624998753554242,出账,0.01,聚合账户,公益捐款,,'6925551300780720097,'6925551300780720097,,,,,,,普通订单,0,0,0,0,0,0,0,0,0,0,0,0,0,0,0,0,0,0,0,,0,义乌市蓓行电子商务商行（个体工商户）,公益捐款支出|贵州省慈善总会|6925551300780720097
2026-04-23 11:51:51,'2026042311514504679644704242,出账,0.01,聚合账户,公益捐款,,'6952016043808855417,'6952016043808855417,,,,,,,普通订单,0,0,0,0,0,0,0,0,0,0,0,0,0,0,0,0,0,0,0,,0,义乌市蓓行电子商务商行（个体工商户）,公益捐款支出|贵州省慈善总会|6952016043808855417
2026-04-23 11:51:51,'2026042311514628689372514242,出账,0.01,聚合账户,公益捐款,,'6925557680482057739,'6925557680482057739,,,,,,,普通订单,0,0,0,0,0,0,0,0,0,0,0,0,0,0,0,0,0,0,0,,0,义乌市蓓行电子商务商行（个体工商户）,公益捐款支出|贵州省慈善总会|6925557680482057739
2026-04-23 11:51:51,'2026042311514508565437944242,出账,0.01,聚合账户,公益捐款,,'6952023754606449890,'6952023754606449890,,,,,,,普通订单,0,0,0,0,0,0,0,0,0,0,0,0,0,0,0,0,0,0,0,,0,义乌市蓓行电子商务商行（个体工商户）,公益捐款支出|贵州省慈善总会|6952023754606449890
2026-04-23 11:51:51,'2026042311514534487178604242,出账,0.01,聚合账户,公益捐款,,'6925682792984116650,'6925682792984116650,,,,,,,普通订单,0,0,0,0,0,0,0,0,0,0,0,0,0,0,0,0,0,0,0,,0,义乌市蓓行电子商务商行（个体工商户）,公益捐款支出|贵州省慈善总会|6925682792984116650
2026-04-23 11:51:51,'2026042311514521027599874242,出账,0.01,聚合账户,公益捐款,,'6952025942704461779,'6952025942704461779,,,,,,,普通订单,0,0,0,0,0,0,0,0,0,0,0,0,0,0,0,0,0,0,0,,0,义乌市蓓行电子商务商行（个体工商户）,公益捐款支出|贵州省慈善总会|6952025942704461779
2026-04-23 11:51:51,'2026042311514741276708304242,出账,0.01,聚合账户,公益捐款,,'6952028019955930135,'6952028019955930135,,,,,,,普通订单,0,0,0,0,0,0,0,0,0,0,0,0,0,0,0,0,0,0,0,,0,义乌市蓓行电子商务商行（个体工商户）,公益捐款支出|贵州省慈善总会|6952028019955930135
2026-04-23 11:51:51,'2026042311514729738972254242,出账,0.01,聚合账户,公益捐款,,'6952018908438599213,'6952018908438599213,,,,,,,普通订单,0,0,0,0,0,0,0,0,0,0,0,0,0,0,0,0,0,0,0,,0,义乌市蓓行电子商务商行（个体工商户）,公益捐款支出|贵州省慈善总会|6952018908438599213
2026-04-23 11:51:51,'2026042311514802770869864242,出账,0.01,聚合账户,公益捐款,,'6925542070717676694,'6925542070717676694,,,,,,,普通订单,0,0,0,0,0,0,0,0,0,0,0,0,0,0,0,0,0,0,0,,0,义乌市蓓行电子商务商行（个体工商户）,公益捐款支出|贵州省慈善总会|6925542070717676694
2026-04-23 11:51:51,'2026042311514504664527704242,出账,0.01,聚合账户,公益捐款,,'6925544809801809699,'6925544809801809699,,,,,,,普通订单,0,0,0,0,0,0,0,0,0,0,0,0,0,0,0,0,0,0,0,,0,义乌市蓓行电子商务商行（个体工商户）,公益捐款支出|贵州省慈善总会|6925544809801809699
2026-04-23 11:51:52,'2026042311514603448015424242,出账,0.01,聚合账户,公益捐款,,'6952006966775584578,'6952006966775584578,,,,,,,普通订单,0,0,0,0,0,0,0,0,0,0,0,0,0,0,0,0,0,0,0,,0,义乌市蓓行电子商务商行（个体工商户）,公益捐款支出|贵州省慈善总会|6952006966775584578
2026-04-23 11:51:52,'2026042311514614921774584242,出账,0.01,聚合账户,公益捐款,,'6952022677544441458,'6952022677544441458,,,,,,,普通订单,0,0,0,0,0,0,0,0,0,0,0,0,0,0,0,0,0,0,0,,0,义乌市蓓行电子商务商行（个体工商户）,公益捐款支出|贵州省慈善总会|6952022677544441458
2026-04-23 11:51:59,'2026042311515309071992414242,入账,2.72,聚合账户,货款结算入账,小店自卖,'6952031961887151881,'6952031961887151881,'SS76306389249698739300185,2026-04-12 23:53:01,'3799969300262028066,复古波点褶皱香蕉夹高级感马尾扭扭竖夹后脑勺显发量横夹发卡发饰,,,普通订单,2.74,0,0,0,0,0,0,0,0,0,0,0,-0.02,0,0,0,0,0,0,是-商品卡免佣,0.15,义乌市蓓行电子商务商行（个体工商户）,订单结算
2026-04-23 11:52:00,'2026042311515421360806914242,出账,0.01,聚合账户,公益捐款,,'6952031961887151881,'6952031961887151881,,,,,,,普通订单,0,0,0,0,0,0,0,0,0,0,0,0,0,0,0,0,0,0,0,,0,义乌市蓓行电子商务商行（个体工商户）,公益捐款支出|贵州省慈善总会|6952031961887151881
2026-04-23 11:52:56,'2026042311525034982138984242,入账,6.96,聚合账户,货款结算入账,小店自卖,'6952028280289826634,'6952028280289826634,'SS76306783902234545050104,2026-04-13 11:04:22,'3798263450837320143,儿童是兔子警官可爱兔子帽子发夹边夹侧边发卡女卡通甜美拍照道具,,,普通订单,7,0,0,0,0,0,0,0,0,0,0,0,-0.04,0,0,0,0,0,0,是-商品卡免佣,0.29,义乌市蓓行电子商务商行（个体工商户）,订单结算
2026-04-23 11:52:57,'2026042311525339427486914242,出账,0.01,聚合账户,公益捐款,,'6952028280289826634,'6952028280289826634,,,,,,,普通订单,0,0,0,0,0,0,0,0,0,0,0,0,0,0,0,0,0,0,0,,0,义乌市蓓行电子商务商行（个体工商户）,公益捐款支出|贵州省慈善总会|6952028280289826634
2026-04-23 11:53:13,'2026042311530915293199624242,入账,2.75,聚合账户,货款结算入账,巨量千川,'6952034200664872848,'6952034200664872848,'SS76306603523807483030053,2026-04-13 00:35:26,'3811112236538265926,【超值特惠】古风高级感发夹女2026新款网红后脑抓夹发量少专用水钻一字扭扭夹,,,普通订单,2.89,0,0,0,0,0,0,0,0,0,0,0,-0.14,0,0,0,0,0,0,,0,义乌市蓓行电子商务商行（个体工商户）,订单结算
2026-04-23 11:53:14,'2026042311531004622587224242,出账,0.01,聚合账户,公益捐款,,'6952034200664872848,'6952034200664872848,,,,,,,普通订单,0,0,0,0,0,0,0,0,0,0,0,0,0,0,0,0,0,0,0,,0,义乌市蓓行电子商务商行（个体工商户）,公益捐款支出|贵州省慈善总会|6952034200664872848
2026-04-23 11:54:30,'2026042311542507894471954242,出账,1,聚合账户,小额打款,,'6925691855086452707,'6925691855086452707,,,,,,,普通订单,0,0,0,0,0,0,0,0,0,0,0,0,0,0,0,0,0,0,0,,0,义乌市蓓行电子商务商行（个体工商户）,商家向消费者小额打款-“补差价”
2026-04-23 11:54:32,'2026042311542819128202344242,入账,3.7,聚合账户,货款结算入账,巨量千川,'6952018849648547632,'6952018849648547632,'SS76306421023496931940046,2026-04-13 04:54:30,'3807220077028311460,【超显气质】简约不硌头扭扭夹发夹女2026新款盘发抓夹高级感水钻珠珠一字夹子,,,普通订单,3.89,0,0,0,0,0,0,0,0,0,0,0,-0.19,0,0,0,0,0,0,,0,义乌市蓓行电子商务商行（个体工商户）,订单结算
2026-04-23 11:54:33,'2026042311542827263636994242,出账,0.01,聚合账户,公益捐款,,'6952018849648547632,'6952018849648547632,,,,,,,普通订单,0,0,0,0,0,0,0,0,0,0,0,0,0,0,0,0,0,0,0,,0,义乌市蓓行电子商务商行（个体工商户）,公益捐款支出|贵州省慈善总会|6952018849648547632
2026-04-23 11:54:47,'2026042311544232970388894242,入账,2.76,聚合账户,货款结算入账,巨量千川,'6952163930605163771,'6952163930605163771,'SS76308069261291074910248,2026-04-17 21:54:18,'3805708033615593705,咖色磨砂抓夹大号发夹女2026年新款后脑勺发量多鲨鱼夹子发卡头饰,,,普通订单,0.01,0,0,2.9,0,0,0,0,0,0,0,0,-0.15,0,0,0,0,0,0,,0,义乌市蓓行电子商务商行（个体工商户）,订单结算
2026-04-23 11:55:14,'2026042311550923141627404242,入账,2.82,聚合账户,货款结算入账,巨量千川,'6925663919374892588,'6925663919374892588,'SS76306272912991199080075,2026-04-17 07:11:11,'3807230150731497890,可爱小狗抓夹卡通高级2026新款后脑勺盘发鲨鱼夹中号发量发夹发饰,,,普通订单,0.01,0,0,2.96,0,0,0,0,0,0,0,0,-0.15,0,0,0,0,0,0,,0,义乌市蓓行电子商务商行（个体工商户）,订单结算
2026-04-23 11:55:15,'2026042311551203901691514242,出账,0.01,聚合账户,公益捐款,,'6925663919374892588,'6925663919374892588,,,,,,,普通订单,0,0,0,0,0,0,0,0,0,0,0,0,0,0,0,0,0,0,0,,0,义乌市蓓行电子商务商行（个体工商户）,公益捐款支出|贵州省慈善总会|6925663919374892588
2026-04-23 11:55:50,'2026042311554422244073384242,入账,5.6,聚合账户,货款结算入账,巨量千川,'6925653767899676499,'6925653767899676499,'SS76307824144611087820130,2026-04-17 07:56:45,'3807220077028311460,夏天高级感随手盘发一字扭扭夹水钻抓夹高级发夹扭扭后脑勺盘发器,,,普通订单,5.89,0,0,0,0,0,0,0,0,0,0,0,-0.29,0,0,0,0,0,0,,0,义乌市蓓行电子商务商行（个体工商户）,订单结算
2026-04-23 11:55:51,'2026042311554630172943784242,出账,0.01,聚合账户,公益捐款,,'6925653767899676499,'6925653767899676499,,,,,,,普通订单,0,0,0,0,0,0,0,0,0,0,0,0,0,0,0,0,0,0,0,,0,义乌市蓓行电子商务商行（个体工商户）,公益捐款支出|贵州省慈善总会|6925653767899676499
2026-04-23 11:55:54,'2026042311554838761805264242,入账,7.62,聚合账户,货款结算入账,小店自卖,'6952014521541269068,'6952014521541269068,'SS76306669095589360910193,2026-04-13 02:57:30,'3807230150731497890,可爱小狗抓夹卡通高级2026新款后脑勺盘发鲨鱼夹中号发量发夹发饰,,,普通订单,7.67,0,0,0,0,0,0,0,0,0,0,0,-0.05,0,0,0,0,0,0,是-商品卡免佣,0.37,义乌市蓓行电子商务商行（个体工商户）,订单结算
2026-04-23 11:55:55,'2026042311555023362442624242,出账,0.01,聚合账户,公益捐款,,'6952014521541269068,'6952014521541269068,,,,,,,普通订单,0,0,0,0,0,0,0,0,0,0,0,0,0,0,0,0,0,0,0,,0,义乌市蓓行电子商务商行（个体工商户）,公益捐款支出|贵州省慈善总会|6952014521541269068
2026-04-23 11:56:04,'2026042311555929914240514242,出账,0.01,聚合账户,公益捐款,,'6952025087819126578,'6952025087819126578,,,,,,,普通订单,0,0,0,0,0,0,0,0,0,0,0,0,0,0,0,0,0,0,0,,0,义乌市蓓行电子商务商行（个体工商户）,公益捐款支出|贵州省慈善总会|6952025087819126578
2026-04-23 11:56:04,'2026042311560112054858784242,出账,0.01,聚合账户,公益捐款,,'6925557736140602418,'6925557736140602418,,,,,,,普通订单,0,0,0,0,0,0,0,0,0,0,0,0,0,0,0,0,0,0,0,,0,义乌市蓓行电子商务商行（个体工商户）,公益捐款支出|贵州省慈善总会|6925557736140602418
2026-04-23 11:56:04,'2026042311555926392499744242,出账,0.01,聚合账户,公益捐款,,'6952052670715270731,'6952052670715270731,,,,,,,普通订单,0,0,0,0,0,0,0,0,0,0,0,0,0,0,0,0,0,0,0,,0,义乌市蓓行电子商务商行（个体工商户）,公益捐款支出|贵州省慈善总会|6952052670715270731
2026-04-23 11:56:04,'2026042311555841700400834242,出账,0.01,聚合账户,公益捐款,,'6925559425965063176,'6925559425965063176,,,,,,,普通订单,0,0,0,0,0,0,0,0,0,0,0,0,0,0,0,0,0,0,0,,0,义乌市蓓行电子商务商行（个体工商户）,公益捐款支出|贵州省慈善总会|6925559425965063176
2026-04-23 11:56:04,'2026042311555935110139144242,出账,0.01,聚合账户,公益捐款,,'6952057413004302019,'6952057413004302019,,,,,,,普通订单,0,0,0,0,0,0,0,0,0,0,0,0,0,0,0,0,0,0,0,,0,义乌市蓓行电子商务商行（个体工商户）,公益捐款支出|贵州省慈善总会|6952057413004302019
2026-04-23 11:56:04,'2026042311555914903380844242,出账,0.01,聚合账户,公益捐款,,'6952163930605163771,'6952163930605163771,,,,,,,普通订单,0,0,0,0,0,0,0,0,0,0,0,0,0,0,0,0,0,0,0,,0,义乌市蓓行电子商务商行（个体工商户）,公益捐款支出|贵州省慈善总会|6952163930605163771
2026-04-23 11:56:04,'2026042311555941318325914242,出账,0.01,聚合账户,公益捐款,,'6925541990003932337,'6925541990003932337,,,,,,,普通订单,0,0,0,0,0,0,0,0,0,0,0,0,0,0,0,0,0,0,0,,0,义乌市蓓行电子商务商行（个体工商户）,公益捐款支出|贵州省慈善总会|6925541990003932337
2026-04-23 11:56:04,'2026042311555731765465984242,出账,0.01,聚合账户,公益捐款,,'6925555324048146294,'6925555324048146294,,,,,,,普通订单,0,0,0,0,0,0,0,0,0,0,0,0,0,0,0,0,0,0,0,,0,义乌市蓓行电子商务商行（个体工商户）,公益捐款支出|贵州省慈善总会|6925555324048146294
2026-04-23 11:56:04,'2026042311555816707958104242,出账,0.01,聚合账户,公益捐款,,'6925591901152706373,'6925591901152706373,,,,,,,普通订单,0,0,0,0,0,0,0,0,0,0,0,0,0,0,0,0,0,0,0,,0,义乌市蓓行电子商务商行（个体工商户）,公益捐款支出|贵州省慈善总会|6925591901152706373
2026-04-23 11:56:05,'2026042311555937648676194242,出账,0.01,聚合账户,公益捐款,,'6925544563281329856,'6925544563281329856,,,,,,,普通订单,0,0,0,0,0,0,0,0,0,0,0,0,0,0,0,0,0,0,0,,0,义乌市蓓行电子商务商行（个体工商户）,公益捐款支出|贵州省慈善总会|6925544563281329856
2026-04-23 11:56:05,'2026042311555933230195584242,出账,0.01,聚合账户,公益捐款,,'6952030176214848695,'6952030176214783159,,,,,,,普通订单,0,0,0,0,0,0,0,0,0,0,0,0,0,0,0,0,0,0,0,,0,义乌市蓓行电子商务商行（个体工商户）,公益捐款支出|贵州省慈善总会|6952030176214848695
2026-04-23 11:56:14,'2026042311561000011804254242,入账,2.46,聚合账户,货款结算入账,精选联盟,'6952038697248035867,'6952038697248035867,'SS76306390373463498500082,2026-04-13 01:24:58,'3799969300262028066,复古波点褶皱香蕉夹高级感马尾扭扭竖夹后脑勺显发量横夹发卡发饰,'0,,普通订单,0.01,0,0,2.73,0,0,0,0,0,0,0,0,-0.14,0,0,0,0,-0.14,0,,0,义乌市蓓行电子商务商行（个体工商户）,订单结算
2026-04-23 11:56:18,'2026042311561434021094914242,入账,3.82,聚合账户,货款结算入账,小店自卖,'6925557689009405779,'6925557689009405779,'SS76307410801577009140226,2026-04-13 14:57:03,'3799803177344303392,简约复古超弹高级感头绳韩国东大门咖色磨砂小香风头绳大肠圈日常,,,普通订单,3.84,0,0,0,0,0,0,0,0,0,0,0,-0.02,0,0,0,0,0,0,是-商品卡免佣,0.15,义乌市蓓行电子商务商行（个体工商户）,订单结算
2026-04-23 11:56:19,'2026042311561033750103404242,出账,0.01,聚合账户,公益捐款,,'6925557689009405779,'6925557689009405779,,,,,,,普通订单,0,0,0,0,0,0,0,0,0,0,0,0,0,0,0,0,0,0,0,,0,义乌市蓓行电子商务商行（个体工商户）,公益捐款支出|贵州省慈善总会|6925557689009405779
2026-04-23 11:56:30,'2026042311562407270896994242,入账,2.46,聚合账户,货款结算入账,精选联盟,'6925652361517039456,'6925652361517039456,'SS76308311062583055780036,2026-04-16 15:54:32,'3799969300262028066,复古波点褶皱香蕉夹高级感马尾扭扭竖夹后脑勺显发量横夹发卡发饰,'0,,普通订单,0.01,0,0,2.73,0,0,0,0,0,0,0,0,-0.14,0,0,0,0,-0.14,0,,0,义乌市蓓行电子商务商行（个体工商户）,订单结算
2026-04-23 11:56:31,'2026042311562704461900994242,出账,0.01,聚合账户,公益捐款,,'6925652361517039456,'6925652361517039456,,,,,,,普通订单,0,0,0,0,0,0,0,0,0,0,0,0,0,0,0,0,0,0,0,,0,义乌市蓓行电子商务商行（个体工商户）,公益捐款支出|贵州省慈善总会|6925652361517039456
2026-04-23 11:57:16,'2026042311571229052482914242,出账,0.01,聚合账户,公益捐款,,'6952129360744944675,'6952129360744944675,,,,,,,普通订单,0,0,0,0,0,0,0,0,0,0,0,0,0,0,0,0,0,0,0,,0,义乌市蓓行电子商务商行（个体工商户）,公益捐款支出|贵州省慈善总会|6952129360744944675
2026-04-23 11:58:26,'2026042311582037804285704242,入账,6.95,聚合账户,货款结算入账,小店自卖,'6952029658048763121,'6952029658048763121,'SS76306668978921845910123,2026-04-12 22:45:13,'3807385665038057791,韩式设计抓夹叶片麦穗鲨鱼新款夹百搭高级发卡后脑勺发抓超值头饰,,,普通订单,0.19,0,0,6.8,0,0,0,0,0,0,0,0,-0.04,0,0,0,0,0,0,是-商品卡免佣,0.29,义乌市蓓行电子商务商行（个体工商户）,订单结算
2026-04-23 11:59:23,'2026042311591722704791504242,入账,4.18,聚合账户,货款结算入账,精选联盟,'6952164376342042281,'6952164376342042281,'SS76308036238113021850108,2026-04-18 08:43:47,'3798263450837320143,儿童是兔子警官可爱兔子帽子发夹边夹侧边发卡女卡通甜美拍照道具,'0,,普通订单,3.99,0,0,0.44,0,0,0,0,0,0,0,0,-0.03,0,0,0,0,-0.22,0,是-商品卡免佣,0.22,义乌市蓓行电子商务商行（个体工商户）,订单结算
2026-04-23 11:59:24,'2026042311592111301030924242,出账,0.01,聚合账户,公益捐款,,'6952164376342042281,'6952164376342042281,,,,,,,普通订单,0,0,0,0,0,0,0,0,0,0,0,0,0,0,0,0,0,0,0,,0,义乌市蓓行电子商务商行（个体工商户）,公益捐款支出|贵州省慈善总会|6952164376342042281
2026-04-23 12:03:34,'2026042312032921360320424242,入账,8.08,聚合账户,货款结算入账,小店自卖,'6925544795116502424,'6925544795116502424,'SS76306667498448532820079,2026-04-12 20:58:06,'3805708033615593705,咖色磨砂抓夹大号发夹女2026年新款后脑勺发量多鲨鱼夹子发卡头饰,,,普通订单,8.13,0,0,0,0,0,0,0,0,0,0,0,-0.05,0,0,0,0,0,0,是-商品卡免佣,0.37,义乌市蓓行电子商务商行（个体工商户）,订单结算
2026-04-23 12:03:35,'2026042312033104967675234242,出账,0.01,聚合账户,公益捐款,,'6925544795116502424,'6925544795116502424,,,,,,,普通订单,0,0,0,0,0,0,0,0,0,0,0,0,0,0,0,0,0,0,0,,0,义乌市蓓行电子商务商行（个体工商户）,公益捐款支出|贵州省慈善总会|6925544795116502424
2026-04-23 12:03:46,'2026042312034208348961704242,入账,3.88,聚合账户,货款结算入账,小店自卖,'6952045564186400293,'6952045564186400293,'SS76306669768676807770148,2026-04-13 06:37:01,'3805708033615593705,咖色磨砂抓夹大号发夹女2026年新款后脑勺发量多鲨鱼夹子发卡头饰,,,普通订单,3.9,0,0,0,0,0,0,0,0,0,0,0,-0.02,0,0,0,0,0,0,是-商品卡免佣,0.15,义乌市蓓行电子商务商行（个体工商户）,订单结算
2026-04-23 12:03:47,'2026042312034211293046144242,出账,0.01,聚合账户,公益捐款,,'6952045564186400293,'6952045564186400293,,,,,,,普通订单,0,0,0,0,0,0,0,0,0,0,0,0,0,0,0,0,0,0,0,,0,义乌市蓓行电子商务商行（个体工商户）,公益捐款支出|贵州省慈善总会|6952045564186400293
2026-04-23 12:03:58,'2026042312035321360151504242,入账,3.7,聚合账户,货款结算入账,巨量千川,'6952187176946112109,'6952187176946112109,'SS76308202310954071400093,2026-04-18 13:42:56,'3792402691087532393,女韩版橡皮筋高弹力新款发绳简约可爱头绳发圈无扎痕头饰高级发饰,,,普通订单,3.9,0,0,0,0,0,0,0,0,0,0,0,-0.2,0,0,0,0,0,0,,0,义乌市蓓行电子商务商行（个体工商户）,订单结算
2026-04-23 12:03:59,'2026042312035503360241154242,出账,0.01,聚合账户,公益捐款,,'6952187176946112109,'6952187176946112109,,,,,,,普通订单,0,0,0,0,0,0,0,0,0,0,0,0,0,0,0,0,0,0,0,,0,义乌市蓓行电子商务商行（个体工商户）,公益捐款支出|贵州省慈善总会|6952187176946112109
2026-04-23 12:04:44,'2026042312043914601262594242,入账,2.72,聚合账户,货款结算入账,小店自卖,'6952111288393143441,'6952111288393143441,'SS76307918507055680520056,2026-04-16 20:49:24,'3799969300262028066,复古波点褶皱香蕉夹高级感马尾扭扭竖夹后脑勺显发量横夹发卡发饰,,,普通订单,0.01,0,0,2.73,0,0,0,0,0,0,0,0,-0.02,0,0,0,0,0,0,是-商品卡免佣,0.15,义乌市蓓行电子商务商行（个体工商户）,订单结算
2026-04-23 12:05:34,'2026042312053008313741184242,入账,2.72,聚合账户,货款结算入账,小店自卖,'6952166489316398313,'6952166489316398313,'SS76308295991982820300073,2026-04-17 23:38:57,'3799969300262028066,复古波点褶皱香蕉夹高级感马尾扭扭竖夹后脑勺显发量横夹发卡发饰,,,普通订单,2.74,0,0,0,0,0,0,0,0,0,0,0,-0.02,0,0,0,0,0,0,是-商品卡免佣,0.15,义乌市蓓行电子商务商行（个体工商户）,订单结算
2026-04-23 12:05:35,'2026042312053102940439544242,出账,0.01,聚合账户,公益捐款,,'6952166489316398313,'6952166489316398313,,,,,,,普通订单,0,0,0,0,0,0,0,0,0,0,0,0,0,0,0,0,0,0,0,,0,义乌市蓓行电子商务商行（个体工商户）,公益捐款支出|贵州省慈善总会|6952166489316398313
2026-04-23 12:07:05,'2026042312070205765576224242,出账,0.01,聚合账户,公益捐款,,'6925567304314945361,'6925567304314945361,,,,,,,普通订单,0,0,0,0,0,0,0,0,0,0,0,0,0,0,0,0,0,0,0,,0,义乌市蓓行电子商务商行（个体工商户）,公益捐款支出|贵州省慈善总会|6925567304314945361
2026-04-23 12:07:05,'2026042312065827819712364242,出账,0.01,聚合账户,公益捐款,,'6952036107192047202,'6952036107192047202,,,,,,,普通订单,0,0,0,0,0,0,0,0,0,0,0,0,0,0,0,0,0,0,0,,0,义乌市蓓行电子商务商行（个体工商户）,公益捐款支出|贵州省慈善总会|6952036107192047202
2026-04-23 12:07:05,'2026042312070017035103244242,出账,0.01,聚合账户,公益捐款,,'6952111288393143441,'6952111288393143441,,,,,,,普通订单,0,0,0,0,0,0,0,0,0,0,0,0,0,0,0,0,0,0,0,,0,义乌市蓓行电子商务商行（个体工商户）,公益捐款支出|贵州省慈善总会|6952111288393143441
2026-04-23 12:07:14,'2026042312071116568814274242,出账,0.01,聚合账户,公益捐款,,'6952168659425302201,'6952168659425302201,,,,,,,普通订单,0,0,0,0,0,0,0,0,0,0,0,0,0,0,0,0,0,0,0,,0,义乌市蓓行电子商务商行（个体工商户）,公益捐款支出|贵州省慈善总会|6952168659425302201
2026-04-23 12:07:15,'2026042312071107801413184242,出账,0.01,聚合账户,公益捐款,,'6952043215523157487,'6952043215523157487,,,,,,,普通订单,0,0,0,0,0,0,0,0,0,0,0,0,0,0,0,0,0,0,0,,0,义乌市蓓行电子商务商行（个体工商户）,公益捐款支出|贵州省慈善总会|6952043215523157487
2026-04-23 12:07:15,'2026042312070938636587714242,出账,0.01,聚合账户,公益捐款,,'6925551502011366927,'6925551502011366927,,,,,,,普通订单,0,0,0,0,0,0,0,0,0,0,0,0,0,0,0,0,0,0,0,,0,义乌市蓓行电子商务商行（个体工商户）,公益捐款支出|贵州省慈善总会|6925551502011366927
2026-04-23 12:07:18,'2026042312071321086254484242,入账,4.02,聚合账户,货款结算入账,小店自卖,'6925550064512958428,'6925550064512958428,'SS76307467453158034430107,2026-04-13 09:03:24,'3805705946404094388,可爱蝴蝶结小猫无痕刘海贴魔术贴发饰少女前额侧边碎发贴整理神器,,,普通订单,0.23,0,0,4,0,0,0,0,0,0,0,0,-0.21,0,0,0,0,0,0,,0,义乌市蓓行电子商务商行（个体工商户）,订单结算
2026-04-23 12:07:18,'2026042312071238257466944242,出账,0.01,聚合账户,公益捐款,,'6952047940385773088,'6952047940385773088,,,,,,,普通订单,0,0,0,0,0,0,0,0,0,0,0,0,0,0,0,0,0,0,0,,0,义乌市蓓行电子商务商行（个体工商户）,公益捐款支出|贵州省慈善总会|6952047940385773088
2026-04-23 12:07:18,'2026042312071338067779194242,出账,0.01,聚合账户,公益捐款,,'6925676557399653648,'6925676557399653648,,,,,,,普通订单,0,0,0,0,0,0,0,0,0,0,0,0,0,0,0,0,0,0,0,,0,义乌市蓓行电子商务商行（个体工商户）,公益捐款支出|贵州省慈善总会|6925676557399653648
2026-04-23 12:07:18,'2026042312071236543367834242,出账,0.01,聚合账户,公益捐款,,'6951884641877169167,'6951884641877169167,,,,,,,普通订单,0,0,0,0,0,0,0,0,0,0,0,0,0,0,0,0,0,0,0,,0,义乌市蓓行电子商务商行（个体工商户）,公益捐款支出|贵州省慈善总会|6951884641877169167
2026-04-23 12:07:18,'2026042312071324939566504242,出账,0.01,聚合账户,公益捐款,,'6952058048718313442,'6952058048718313442,,,,,,,普通订单,0,0,0,0,0,0,0,0,0,0,0,0,0,0,0,0,0,0,0,,0,义乌市蓓行电子商务商行（个体工商户）,公益捐款支出|贵州省慈善总会|6952058048718313442
2026-04-23 12:07:19,'2026042312071529678308274242,出账,0.01,聚合账户,公益捐款,,'6925551635062750565,'6925551635062750565,,,,,,,普通订单,0,0,0,0,0,0,0,0,0,0,0,0,0,0,0,0,0,0,0,,0,义乌市蓓行电子商务商行（个体工商户）,公益捐款支出|贵州省慈善总会|6925551635062750565
2026-04-23 12:07:20,'2026042312071529111913484242,出账,0.01,聚合账户,公益捐款,,'6952127798310737324,'6952127798310737324,,,,,,,普通订单,0,0,0,0,0,0,0,0,0,0,0,0,0,0,0,0,0,0,0,,0,义乌市蓓行电子商务商行（个体工商户）,公益捐款支出|贵州省慈善总会|6952127798310737324
2026-04-23 12:07:20,'2026042312071424751642114242,出账,0.01,聚合账户,公益捐款,,'6952029658048763121,'6952029658048763121,,,,,,,普通订单,0,0,0,0,0,0,0,0,0,0,0,0,0,0,0,0,0,0,0,,0,义乌市蓓行电子商务商行（个体工商户）,公益捐款支出|贵州省慈善总会|6952029658048763121
2026-04-23 12:07:20,'2026042312071527814303354242,出账,0.01,聚合账户,公益捐款,,'6952072076206937523,'6952072076206937523,,,,,,,普通订单,0,0,0,0,0,0,0,0,0,0,0,0,0,0,0,0,0,0,0,,0,义乌市蓓行电子商务商行（个体工商户）,公益捐款支出|贵州省慈善总会|6952072076206937523
2026-04-23 12:07:20,'2026042312071436370232734242,出账,0.01,聚合账户,公益捐款,,'6925629373360143525,'6925629373360143525,,,,,,,普通订单,0,0,0,0,0,0,0,0,0,0,0,0,0,0,0,0,0,0,0,,0,义乌市蓓行电子商务商行（个体工商户）,公益捐款支出|贵州省慈善总会|6925629373360143525
2026-04-23 12:09:02,'2026042312085906842457864242,出账,0.01,聚合账户,公益捐款,,'6952026895176111790,'6952026895176111790,,,,,,,普通订单,0,0,0,0,0,0,0,0,0,0,0,0,0,0,0,0,0,0,0,,0,义乌市蓓行电子商务商行（个体工商户）,公益捐款支出|贵州省慈善总会|6952026895176111790
2026-04-23 12:09:02,'2026042312085828104463624242,入账,2.6,聚合账户,货款结算入账,巨量千川,'6952010008926164208,'6952010008926164208,'SS76306390242983944200019,2026-04-13 01:05:36,'3799969300262028066,复古波点褶皱香蕉夹高级感马尾扭扭竖夹后脑勺显发量横夹发卡发饰,,,普通订单,0.01,0,0,2.73,0,0,0,0,0,0,0,0,-0.14,0,0,0,0,0,0,,0,义乌市蓓行电子商务商行（个体工商户）,订单结算
2026-04-23 12:09:03,'2026042312085817878717854242,出账,0.01,聚合账户,公益捐款,,'6952152820473140799,'6952152820473140799,,,,,,,普通订单,0,0,0,0,0,0,0,0,0,0,0,0,0,0,0,0,0,0,0,,0,义乌市蓓行电子商务商行（个体工商户）,公益捐款支出|贵州省慈善总会|6952152820473140799
2026-04-23 12:09:03,'2026042312085804751734104242,出账,0.01,聚合账户,公益捐款,,'6951888798113601119,'6951888798113601119,,,,,,,普通订单,0,0,0,0,0,0,0,0,0,0,0,0,0,0,0,0,0,0,0,,0,义乌市蓓行电子商务商行（个体工商户）,公益捐款支出|贵州省慈善总会|6951888798113601119
2026-04-23 12:09:03,'2026042312085901552386824242,出账,0.01,聚合账户,公益捐款,,'6952027705647043954,'6952027705647043954,,,,,,,普通订单,0,0,0,0,0,0,0,0,0,0,0,0,0,0,0,0,0,0,0,,0,义乌市蓓行电子商务商行（个体工商户）,公益捐款支出|贵州省慈善总会|6952027705647043954
2026-04-23 12:09:03,'2026042312085834522445324242,出账,0.01,聚合账户,公益捐款,,'6952018950372071034,'6952018950372071034,,,,,,,普通订单,0,0,0,0,0,0,0,0,0,0,0,0,0,0,0,0,0,0,0,,0,义乌市蓓行电子商务商行（个体工商户）,公益捐款支出|贵州省慈善总会|6952018950372071034
2026-04-23 12:09:03,'2026042312085917545628594242,出账,0.01,聚合账户,公益捐款,,'6952010008926164208,'6952010008926164208,,,,,,,普通订单,0,0,0,0,0,0,0,0,0,0,0,0,0,0,0,0,0,0,0,,0,义乌市蓓行电子商务商行（个体工商户）,公益捐款支出|贵州省慈善总会|6952010008926164208
2026-04-23 12:09:03,'2026042312085600725161594242,出账,0.01,聚合账户,公益捐款,,'6952068372916671999,'6952068372916671999,,,,,,,普通订单,0,0,0,0,0,0,0,0,0,0,0,0,0,0,0,0,0,0,0,,0,义乌市蓓行电子商务商行（个体工商户）,公益捐款支出|贵州省慈善总会|6952068372916671999
2026-04-23 12:09:03,'2026042312085708955499524242,出账,0.01,聚合账户,公益捐款,,'6952013911886599273,'6952013911886599273,,,,,,,普通订单,0,0,0,0,0,0,0,0,0,0,0,0,0,0,0,0,0,0,0,,0,义乌市蓓行电子商务商行（个体工商户）,公益捐款支出|贵州省慈善总会|6952013911886599273
2026-04-23 12:09:04,'2026042312085920024898974242,出账,0.01,聚合账户,公益捐款,,'6952034317015455512,'6952034317015455512,,,,,,,普通订单,0,0,0,0,0,0,0,0,0,0,0,0,0,0,0,0,0,0,0,,0,义乌市蓓行电子商务商行（个体工商户）,公益捐款支出|贵州省慈善总会|6952034317015455512
2026-04-23 12:09:04,'2026042312085839852613524242,出账,0.02,聚合账户,公益捐款,,'6925690358745300799,'6925690358745300799,,,,,,,普通订单,0,0,0,0,0,0,0,0,0,0,0,0,0,0,0,0,0,0,0,,0,义乌市蓓行电子商务商行（个体工商户）,公益捐款支出|贵州省慈善总会|6925690358745300799
2026-04-23 12:09:06,'2026042312090131510574084242,出账,0.01,聚合账户,公益捐款,,'6925697258361683435,'6925697258361683435,,,,,,,普通订单,0,0,0,0,0,0,0,0,0,0,0,0,0,0,0,0,0,0,0,,0,义乌市蓓行电子商务商行（个体工商户）,公益捐款支出|贵州省慈善总会|6925697258361683435
2026-04-23 12:09:06,'2026042312090136662479994242,出账,0.01,聚合账户,公益捐款,,'6925560900681366956,'6925560900681366956,,,,,,,普通订单,0,0,0,0,0,0,0,0,0,0,0,0,0,0,0,0,0,0,0,,0,义乌市蓓行电子商务商行（个体工商户）,公益捐款支出|贵州省慈善总会|6925560900681366956
2026-04-23 12:09:07,'2026042312090223076091344242,出账,0.01,聚合账户,公益捐款,,'6925559070375312916,'6925559070375312916,,,,,,,普通订单,0,0,0,0,0,0,0,0,0,0,0,0,0,0,0,0,0,0,0,,0,义乌市蓓行电子商务商行（个体工商户）,公益捐款支出|贵州省慈善总会|6925559070375312916
2026-04-23 12:09:42,'2026042312093621861176864242,入账,2.72,聚合账户,货款结算入账,小店自卖,'6925556161603468930,'6925556161603468930,'SS76306388270965890900176,2026-04-12 23:14:21,'3799969300262028066,复古波点褶皱香蕉夹高级感马尾扭扭竖夹后脑勺显发量横夹发卡发饰,,,普通订单,2.74,0,0,0,0,0,0,0,0,0,0,0,-0.02,0,0,0,0,0,0,是-商品卡免佣,0.15,义乌市蓓行电子商务商行（个体工商户）,订单结算
2026-04-23 12:09:43,'2026042312093936491474434242,出账,0.01,聚合账户,公益捐款,,'6925556161603468930,'6925556161603468930,,,,,,,普通订单,0,0,0,0,0,0,0,0,0,0,0,0,0,0,0,0,0,0,0,,0,义乌市蓓行电子商务商行（个体工商户）,公益捐款支出|贵州省慈善总会|6925556161603468930
2026-04-23 12:09:55,'2026042312094924506375744242,入账,3.7,聚合账户,货款结算入账,巨量千川,'6925666958603288045,'6925666958603288045,'SS76306951803727098970207,2026-04-17 16:38:30,'3807220077028311460,夏天高级感随手盘发一字扭扭夹水钻抓夹高级发夹扭扭后脑勺盘发器,,,普通订单,3.89,0,0,0,0,0,0,0,0,0,0,0,-0.19,0,0,0,0,0,0,,0,义乌市蓓行电子商务商行（个体工商户）,订单结算
2026-04-23 12:09:56,'2026042312095141446443624242,出账,0.01,聚合账户,公益捐款,,'6925666958603288045,'6925666958603288045,,,,,,,普通订单,0,0,0,0,0,0,0,0,0,0,0,0,0,0,0,0,0,0,0,,0,义乌市蓓行电子商务商行（个体工商户）,公益捐款支出|贵州省慈善总会|6925666958603288045
2026-04-23 12:13:09,'2026042312130414640914264242,出账,0.01,聚合账户,公益捐款,,'6925544265077718627,'6925544265077718627,,,,,,,普通订单,0,0,0,0,0,0,0,0,0,0,0,0,0,0,0,0,0,0,0,,0,义乌市蓓行电子商务商行（个体工商户）,公益捐款支出|贵州省慈善总会|6925544265077718627
2026-04-23 12:13:09,'2026042312130325010834444242,出账,0.01,聚合账户,公益捐款,,'6952017035838887107,'6952017035838887107,,,,,,,普通订单,0,0,0,0,0,0,0,0,0,0,0,0,0,0,0,0,0,0,0,,0,义乌市蓓行电子商务商行（个体工商户）,公益捐款支出|贵州省慈善总会|6952017035838887107
2026-04-23 12:13:09,'2026042312130331967155264242,出账,0.01,聚合账户,公益捐款,,'6925647938863529903,'6925647938863529903,,,,,,,普通订单,0,0,0,0,0,0,0,0,0,0,0,0,0,0,0,0,0,0,0,,0,义乌市蓓行电子商务商行（个体工商户）,公益捐款支出|贵州省慈善总会|6925647938863529903
2026-04-23 12:13:09,'2026042312130426764413504242,出账,0.01,聚合账户,公益捐款,,'6925572405399551542,'6925572405399551542,,,,,,,普通订单,0,0,0,0,0,0,0,0,0,0,0,0,0,0,0,0,0,0,0,,0,义乌市蓓行电子商务商行（个体工商户）,公益捐款支出|贵州省慈善总会|6925572405399551542
2026-04-23 12:13:09,'2026042312130333696320404242,出账,0.01,聚合账户,公益捐款,,'6952152973023843788,'6952152973023843788,,,,,,,普通订单,0,0,0,0,0,0,0,0,0,0,0,0,0,0,0,0,0,0,0,,0,义乌市蓓行电子商务商行（个体工商户）,公益捐款支出|贵州省慈善总会|6952152973023843788
2026-04-23 12:13:13,'2026042312130814270182784242,出账,0.01,聚合账户,公益捐款,,'6952038697248035867,'6952038697248035867,,,,,,,普通订单,0,0,0,0,0,0,0,0,0,0,0,0,0,0,0,0,0,0,0,,0,义乌市蓓行电子商务商行（个体工商户）,公益捐款支出|贵州省慈善总会|6952038697248035867
2026-04-23 12:13:13,'2026042312130730776571074242,出账,0.01,聚合账户,公益捐款,,'6925548037691768106,'6925548037691768106,,,,,,,普通订单,0,0,0,0,0,0,0,0,0,0,0,0,0,0,0,0,0,0,0,,0,义乌市蓓行电子商务商行（个体工商户）,公益捐款支出|贵州省慈善总会|6925548037691768106
2026-04-23 12:13:13,'2026042312130741403026334242,出账,0.01,聚合账户,公益捐款,,'6925591522714287628,'6925591522714287628,,,,,,,普通订单,0,0,0,0,0,0,0,0,0,0,0,0,0,0,0,0,0,0,0,,0,义乌市蓓行电子商务商行（个体工商户）,公益捐款支出|贵州省慈善总会|6925591522714287628
2026-04-23 12:13:14,'2026042312130916340913044242,出账,0.01,聚合账户,公益捐款,,'6925550064512958428,'6925550064512958428,,,,,,,普通订单,0,0,0,0,0,0,0,0,0,0,0,0,0,0,0,0,0,0,0,,0,义乌市蓓行电子商务商行（个体工商户）,公益捐款支出|贵州省慈善总会|6925550064512958428
2026-04-23 12:14:12,'2026042312140341281292994242,入账,4.87,聚合账户,货款结算入账,小店自卖,'6952000180728501749,'6952000180728501749,'SS76306665916343137470000,2026-04-12 17:11:16,'3805708033615593705,咖色磨砂抓夹大号发夹女2026年新款后脑勺发量多鲨鱼夹子发卡头饰,,,普通订单,4.9,0,0,0,0,0,0,0,0,0,0,0,-0.03,0,0,0,0,0,0,是-商品卡免佣,0.22,义乌市蓓行电子商务商行（个体工商户）,订单结算
2026-04-23 12:14:13,'2026042312140734449170074242,出账,0.01,聚合账户,公益捐款,,'6952000180728501749,'6952000180728501749,,,,,,,普通订单,0,0,0,0,0,0,0,0,0,0,0,0,0,0,0,0,0,0,0,,0,义乌市蓓行电子商务商行（个体工商户）,公益捐款支出|贵州省慈善总会|6952000180728501749
2026-04-23 12:27:22,'2026042312271623742876264242,入账,3.56,聚合账户,货款结算入账,小店自卖,'6952033910320337970,'6952033910320337970,'SS76307228514479803220234,2026-04-12 21:52:30,'3812427136388694432,复古气质油画质感花朵珍珠鲨鱼夹抓夹女2026新款后脑勺发夹盘发器,,,普通订单,3.58,0,0,0,0,0,0,0,0,0,0,0,-0.02,0,0,0,0,0,0,是-商品卡免佣,0.15,义乌市蓓行电子商务商行（个体工商户）,订单结算
2026-04-23 12:27:24,'2026042312271535825259584242,出账,0.01,聚合账户,公益捐款,,'6952033910320337970,'6952033910320337970,,,,,,,普通订单,0,0,0,0,0,0,0,0,0,0,0,0,0,0,0,0,0,0,0,,0,义乌市蓓行电子商务商行（个体工商户）,公益捐款支出|贵州省慈善总会|6952033910320337970
2026-04-23 12:27:27,'2026042312272233753216384242,入账,6.55,聚合账户,货款结算入账,巨量千川,'6952043944213484591,'6952043944213484591,'SS76307258154115566540163,2026-04-13 12:59:40,'3807220077028311460,【超显气质】简约不硌头扭扭夹发夹女2026新款盘发抓夹高级感水钻珠珠一字夹子,,,普通订单,6.89,0,0,0,0,0,0,0,0,0,0,0,-0.34,0,0,0,0,0,0,,0,义乌市蓓行电子商务商行（个体工商户）,订单结算
2026-04-23 12:27:28,'2026042312272132071890194242,出账,0.01,聚合账户,公益捐款,,'6952043944213484591,'6952043944213484591,,,,,,,普通订单,0,0,0,0,0,0,0,0,0,0,0,0,0,0,0,0,0,0,0,,0,义乌市蓓行电子商务商行（个体工商户）,公益捐款支出|贵州省慈善总会|6952043944213484591
2026-04-23 12:28:36,'2026042312283117622471954242,入账,10.68,聚合账户,货款结算入账,小店自卖,'6952102711357543874,'6952102711357543874,'SS76307906692918687260190,2026-04-15 16:14:50,'3807250008697339947,蓝咖格子大肠发圈蓝色韩系新款复古四层头发丸子马尾高级头绳发饰,,,普通订单,10.74,0,0,0,0,0,0,0,0,0,0,0,-0.06,0,0,0,0,0,0,是-商品卡免佣,0.44,义乌市蓓行电子商务商行（个体工商户）,订单结算
2026-04-23 12:28:37,'2026042312283237978485764242,出账,0.01,聚合账户,公益捐款,,'6952102711357543874,'6952102711357543874,,,,,,,普通订单,0,0,0,0,0,0,0,0,0,0,0,0,0,0,0,0,0,0,0,,0,义乌市蓓行电子商务商行（个体工商户）,公益捐款支出|贵州省慈善总会|6952102711357543874
2026-04-23 12:31:48,'2026042312314318251822424242,入账,3.82,聚合账户,货款结算入账,小店自卖,'6925667539642842972,'6925667539642842972,'SS76307597065189668100191,2026-04-17 21:53:06,'3805708033615593705,咖色磨砂抓夹大号发夹女2026年新款后脑勺发量多鲨鱼夹子发卡头饰,,,普通订单,0.04,0,0,3.8,0,0,0,0,0,0,0,0,-0.02,0,0,0,0,0,0,是-商品卡免佣,0.15,义乌市蓓行电子商务商行（个体工商户）,订单结算
2026-04-23 12:31:49,'2026042312314405087562754242,出账,0.01,聚合账户,公益捐款,,'6925667539642842972,'6925667539642842972,,,,,,,普通订单,0,0,0,0,0,0,0,0,0,0,0,0,0,0,0,0,0,0,0,,0,义乌市蓓行电子商务商行（个体工商户）,公益捐款支出|贵州省慈善总会|6925667539642842972
2026-04-23 12:34:37,'2026042312343028452992384242,出账,0.01,聚合账户,公益捐款,,'6952011589337683535,'6952011589337683535,,,,,,,普通订单,0,0,0,0,0,0,0,0,0,0,0,0,0,0,0,0,0,0,0,,0,义乌市蓓行电子商务商行（个体工商户）,公益捐款支出|贵州省慈善总会|6952011589337683535
2026-04-23 12:34:37,'2026042312343241146294264242,入账,3.7,聚合账户,货款结算入账,巨量千川,'6952011589337683535,'6952011589337683535,'SS76306414999343969910211,2026-04-12 15:47:33,'3807220077028311460,【超显气质】简约不硌头扭扭夹发夹女2026新款盘发抓夹高级感水钻珠珠一字夹子,,,普通订单,3.89,0,0,0,0,0,0,0,0,0,0,0,-0.19,0,0,0,0,0,0,,0,义乌市蓓行电子商务商行（个体工商户）,订单结算
2026-04-23 12:35:25,'2026042312351810324260224242,入账,3.7,聚合账户,货款结算入账,巨量千川,'6952034897621620334,'6952034897621620334,'SS76307371596238894460069,2026-04-13 13:35:25,'3807220077028311460,【超显气质】简约不硌头扭扭夹发夹女2026新款盘发抓夹高级感水钻珠珠一字夹子,,,普通订单,3.89,0,0,0,0,0,0,0,0,0,0,0,-0.19,0,0,0,0,0,0,,0,义乌市蓓行电子商务商行（个体工商户）,订单结算
2026-04-23 12:35:26,'2026042312351830543547344242,出账,0.01,聚合账户,公益捐款,,'6952034897621620334,'6952034897621620334,,,,,,,普通订单,0,0,0,0,0,0,0,0,0,0,0,0,0,0,0,0,0,0,0,,0,义乌市蓓行电子商务商行（个体工商户）,公益捐款支出|贵州省慈善总会|6952034897621620334
2026-04-23 12:37:25,'2026042312371804791345154242,入账,2.72,聚合账户,货款结算入账,小店自卖,'6925546481628511574,'6925546481628511574,'SS76306385689401758720010,2026-04-12 18:59:56,'3799969300262028066,复古波点褶皱香蕉夹高级感马尾扭扭竖夹后脑勺显发量横夹发卡发饰,,,普通订单,0.01,0,0,2.73,0,0,0,0,0,0,0,0,-0.02,0,0,0,0,0,0,是-商品卡免佣,0.15,义乌市蓓行电子商务商行（个体工商户）,订单结算
2026-04-23 12:37:26,'2026042312372030931192744242,出账,0.01,聚合账户,公益捐款,,'6925546481628511574,'6925546481628511574,,,,,,,普通订单,0,0,0,0,0,0,0,0,0,0,0,0,0,0,0,0,0,0,0,,0,义乌市蓓行电子商务商行（个体工商户）,公益捐款支出|贵州省慈善总会|6925546481628511574
2026-04-23 12:38:15,'2026042312380737437445274242,入账,2.46,聚合账户,货款结算入账,精选联盟,'6952149125072557773,'6952149125072557773,'SS76307072522253317630140,2026-04-18 11:08:25,'3799969300262028066,复古波点褶皱香蕉夹高级感马尾扭扭竖夹后脑勺显发量横夹发卡发饰,'0,,普通订单,0.01,0,0,2.73,0,0,0,0,0,0,0,0,-0.14,0,0,0,0,-0.14,0,,0,义乌市蓓行电子商务商行（个体工商户）,订单结算
2026-04-23 12:38:16,'2026042312380736894807564242,出账,0.01,聚合账户,公益捐款,,'6952149125072557773,'6952149125072557773,,,,,,,普通订单,0,0,0,0,0,0,0,0,0,0,0,0,0,0,0,0,0,0,0,,0,义乌市蓓行电子商务商行（个体工商户）,公益捐款支出|贵州省慈善总会|6952149125072557773
2026-04-23 12:39:52,'2026042312394517628208644242,入账,5.04,聚合账户,货款结算入账,小店自卖,'6925557804171689078,'6925557804171689078,'SS76306666474060029540213,2026-04-12 19:07:12,'3797759133814489524,洗脸化妆专用发卡秋冬韩系毛绒带齿发箍女外出百搭高颅顶头箍头饰,,,普通订单,5.07,0,0,0,0,0,0,0,0,0,0,0,-0.03,0,0,0,0,0,0,是-商品卡免佣,0.22,义乌市蓓行电子商务商行（个体工商户）,订单结算
2026-04-23 12:39:53,'2026042312394708694341394242,出账,0.01,聚合账户,公益捐款,,'6925557804171689078,'6925557804171689078,,,,,,,普通订单,0,0,0,0,0,0,0,0,0,0,0,0,0,0,0,0,0,0,0,,0,义乌市蓓行电子商务商行（个体工商户）,公益捐款支出|贵州省慈善总会|6925557804171689078
2026-04-23 12:40:20,'2026042312401229012997394242,出账,0.01,聚合账户,公益捐款,,'6952025537197512433,'6952025537197512433,,,,,,,普通订单,0,0,0,0,0,0,0,0,0,0,0,0,0,0,0,0,0,0,0,,0,义乌市蓓行电子商务商行（个体工商户）,公益捐款支出|贵州省慈善总会|6952025537197512433
2026-04-23 12:42:52,'2026042312424812169710274242,出账,2,聚合账户,小额打款,,'6925745949608869663,'6925745949608869663,,,,,,,普通订单,0,0,0,0,0,0,0,0,0,0,0,0,0,0,0,0,0,0,0,,0,义乌市蓓行电子商务商行（个体工商户）,商家向消费者小额打款-“补差价”
2026-04-23 12:44:01,'2026042312435714940736064242,入账,4.65,聚合账户,货款结算入账,小店自卖,'6951998139943491311,'6951998139943491311,'SS76306666697233861210074,2026-04-12 19:08:40,'3799803177344303392,简约复古超弹高级感头绳韩国东大门咖色磨砂小香风头绳大肠圈日常,,,普通订单,4.68,0,0,0,0,0,0,0,0,0,0,0,-0.03,0,0,0,0,0,0,是-商品卡免佣,0.22,义乌市蓓行电子商务商行（个体工商户）,订单结算
2026-04-23 12:44:02,'2026042312435820010273694242,出账,0.01,聚合账户,公益捐款,,'6951998139943491311,'6951998139943491311,,,,,,,普通订单,0,0,0,0,0,0,0,0,0,0,0,0,0,0,0,0,0,0,0,,0,义乌市蓓行电子商务商行（个体工商户）,公益捐款支出|贵州省慈善总会|6951998139943491311
2026-04-23 12:49:38,'2026042312493502190054744242,入账,5.6,聚合账户,货款结算入账,巨量千川,'6951892891605603785,'6951892891605603785,'SS76306425976690611710111,2026-04-07 19:50:42,'3807220077028311460,【超显气质】简约不硌头扭扭夹发夹女2026新款盘发抓夹高级感水钻珠珠一字夹子,,,普通订单,5.89,0,0,0,0,0,0,0,0,0,0,0,-0.29,0,0,0,0,0,0,,0,义乌市蓓行电子商务商行（个体工商户）,订单结算
2026-04-23 12:49:39,'2026042312493431215296194242,出账,0.01,聚合账户,公益捐款,,'6951892891605603785,'6951892891605603785,,,,,,,普通订单,0,0,0,0,0,0,0,0,0,0,0,0,0,0,0,0,0,0,0,,0,义乌市蓓行电子商务商行（个体工商户）,公益捐款支出|贵州省慈善总会|6951892891605603785
2026-04-23 12:49:49,'2026042312494617154708544242,入账,2.82,聚合账户,货款结算入账,小店自卖,'6952132354487162121,'6952132354487162121,'SS76307597924371172260173,2026-04-17 16:50:33,'3807235944625602787,LOVEIXCC南瓜豹纹抓夹大号发量大2026新款高级感鲨鱼夹后脑勺发夹,,,普通订单,2.84,0,0,0,0,0,0,0,0,0,0,0,-0.02,0,0,0,0,0,0,是-商品卡免佣,0.15,义乌市蓓行电子商务商行（个体工商户）,订单结算
2026-04-23 12:49:50,'2026042312494735498237544242,出账,0.01,聚合账户,公益捐款,,'6952132354487162121,'6952132354487162121,,,,,,,普通订单,0,0,0,0,0,0,0,0,0,0,0,0,0,0,0,0,0,0,0,,0,义乌市蓓行电子商务商行（个体工商户）,公益捐款支出|贵州省慈善总会|6952132354487162121
2026-04-23 12:51:51,'2026042312514827409457144242,入账,4.65,聚合账户,货款结算入账,巨量千川,'6925557001209085283,'6925557001209085283,'SS76307445790126740670010,2026-04-13 10:22:48,'3792402691087532393,【小众高级感】高颜值彩色豆豆发圈头绳扎头发马尾丸子头高弹力橡皮筋不伤发发绳,,,普通订单,4.9,0,0,0,0,0,0,0,0,0,0,0,-0.25,0,0,0,0,0,0,,0,义乌市蓓行电子商务商行（个体工商户）,订单结算
2026-04-23 12:51:52,'2026042312514840015792644242,出账,0.01,聚合账户,公益捐款,,'6925557001209085283,'6925557001209085283,,,,,,,普通订单,0,0,0,0,0,0,0,0,0,0,0,0,0,0,0,0,0,0,0,,0,义乌市蓓行电子商务商行（个体工商户）,公益捐款支出|贵州省慈善总会|6925557001209085283
2026-04-23 12:54:08,'2026042312540633350620434242,入账,3.7,聚合账户,货款结算入账,巨量千川,'6951998093979030691,'6951998093979030691,'SS76306609545690486190043,2026-04-12 18:06:40,'3807220077028311460,【超显气质】简约不硌头扭扭夹发夹女2026新款盘发抓夹高级感水钻珠珠一字夹子,,,普通订单,3.89,0,0,0,0,0,0,0,0,0,0,0,-0.19,0,0,0,0,0,0,,0,义乌市蓓行电子商务商行（个体工商户）,订单结算
2026-04-23 12:54:09,'2026042312540538933798784242,出账,0.01,聚合账户,公益捐款,,'6951998093979030691,'6951998093979030691,,,,,,,普通订单,0,0,0,0,0,0,0,0,0,0,0,0,0,0,0,0,0,0,0,,0,义乌市蓓行电子商务商行（个体工商户）,公益捐款支出|贵州省慈善总会|6951998093979030691
2026-04-23 12:58:18,'2026042312581326573215064242,入账,3.7,聚合账户,货款结算入账,巨量千川,'6925640182408772886,'6925640182408772886,'SS76306676825224156260107,2026-04-17 09:33:47,'3807220077028311460,夏天高级感随手盘发一字扭扭夹水钻抓夹高级发夹扭扭后脑勺盘发器,,,普通订单,3.89,0,0,0,0,0,0,0,0,0,0,0,-0.19,0,0,0,0,0,0,,0,义乌市蓓行电子商务商行（个体工商户）,订单结算
2026-04-23 12:58:19,'2026042312581520320630104242,出账,0.01,聚合账户,公益捐款,,'6925640182408772886,'6925640182408772886,,,,,,,普通订单,0,0,0,0,0,0,0,0,0,0,0,0,0,0,0,0,0,0,0,,0,义乌市蓓行电子商务商行（个体工商户）,公益捐款支出|贵州省慈善总会|6925640182408772886
2026-04-23 13:14:05,'2026042313135519530222484242,出账,2,聚合账户,小额打款,,'6952059477880608728,'6952059477880608728,,,,,,,普通订单,0,0,0,0,0,0,0,0,0,0,0,0,0,0,0,0,0,0,0,,0,义乌市蓓行电子商务商行（个体工商户）,商家向消费者小额打款-“补差价”
2026-04-23 13:19:24,'2026042313191812468106514242,出账,0.01,聚合账户,公益捐款,,'6925573909710536252,'6925573909710536252,,,,,,,普通订单,0,0,0,0,0,0,0,0,0,0,0,0,0,0,0,0,0,0,0,,0,义乌市蓓行电子商务商行（个体工商户）,公益捐款支出|贵州省慈善总会|6925573909710536252
2026-04-23 13:19:24,'2026042313191927182577054242,入账,4.81,聚合账户,货款结算入账,小店自卖,'6925573909710536252,'6925573909710536252,'SS76305218829831217160028,2026-04-14 01:04:03,'3807250008697339947,蓝咖格子大肠发圈蓝色韩系新款复古四层头发丸子马尾高级头绳发饰,,,普通订单,4.84,0,0,0,0,0,0,0,0,0,0,0,-0.03,0,0,0,0,0,0,是-商品卡免佣,0.22,义乌市蓓行电子商务商行（个体工商户）,订单结算
2026-04-23 13:22:44,'2026042313223741530826754242,出账,1,聚合账户,小额打款,,'6952147970227901973,'6952147970227901973,,,,,,,普通订单,0,0,0,0,0,0,0,0,0,0,0,0,0,0,0,0,0,0,0,,0,义乌市蓓行电子商务商行（个体工商户）,商家向消费者小额打款-“补差价”
2026-04-23 13:28:21,'2026042313281405842214554242,入账,6.55,聚合账户,货款结算入账,巨量千川,'6952011709133690096,'6952011709133690096,'SS76306666192950727770068,2026-04-12 17:25:12,'3807220077028311460,【超显气质】简约不硌头扭扭夹发夹女2026新款盘发抓夹高级感水钻珠珠一字夹子,,,普通订单,6.89,0,0,0,0,0,0,0,0,0,0,0,-0.34,0,0,0,0,0,0,,0,义乌市蓓行电子商务商行（个体工商户）,订单结算
2026-04-23 13:28:22,'2026042313281305803873664242,出账,0.01,聚合账户,公益捐款,,'6952011709133690096,'6952011709133690096,,,,,,,普通订单,0,0,0,0,0,0,0,0,0,0,0,0,0,0,0,0,0,0,0,,0,义乌市蓓行电子商务商行（个体工商户）,公益捐款支出|贵州省慈善总会|6952011709133690096
2026-04-23 13:38:33,'2026042313382923069002594242,入账,6.61,聚合账户,货款结算入账,小店自卖,'6925562503763754243,'6925562503763754243,'SS76306669876645235720117,2026-04-13 08:36:19,'3798263450837320143,儿童是兔子警官可爱兔子帽子发夹边夹侧边发卡女卡通甜美拍照道具,,,普通订单,7,0,0,0,0,0,0,0,0,0,0,0,-0.04,0,0,0,0,-0.35,0,是-商品卡免佣,0.29,义乌市蓓行电子商务商行（个体工商户）,订单结算
2026-04-23 13:38:34,'2026042313382624291254184242,出账,0.01,聚合账户,公益捐款,,'6925562503763754243,'6925562503763754243,,,,,,,普通订单,0,0,0,0,0,0,0,0,0,0,0,0,0,0,0,0,0,0,0,,0,义乌市蓓行电子商务商行（个体工商户）,公益捐款支出|贵州省慈善总会|6925562503763754243
2026-04-23 13:41:05,'2026042313410037922901004242,入账,3.7,聚合账户,货款结算入账,巨量千川,'6925569958710902627,'6925569958710902627,'SS76307375016777812980066,2026-04-13 12:58:53,'3811112236538265926,【超值特惠】古风高级感发夹女2026新款网红后脑抓夹发量少专用水钻一字扭扭夹,,,普通订单,3.89,0,0,0,0,0,0,0,0,0,0,0,-0.19,0,0,0,0,0,0,,0,义乌市蓓行电子商务商行（个体工商户）,订单结算
2026-04-23 13:41:06,'2026042313410014878684434242,出账,0.01,聚合账户,公益捐款,,'6925569958710902627,'6925569958710902627,,,,,,,普通订单,0,0,0,0,0,0,0,0,0,0,0,0,0,0,0,0,0,0,0,,0,义乌市蓓行电子商务商行（个体工商户）,公益捐款支出|贵州省慈善总会|6925569958710902627
2026-04-23 13:41:45,'2026042313413941869522554242,入账,3.7,聚合账户,货款结算入账,巨量千川,'6925556561515019309,'6925556561515019309,'SS76306669513837453200081,2026-04-13 06:46:03,'3811112236538265926,【超值特惠】古风高级感发夹女2026新款网红后脑抓夹发量少专用水钻一字扭扭夹,,,普通订单,3.89,0,0,0,0,0,0,0,0,0,0,0,-0.19,0,0,0,0,0,0,,0,义乌市蓓行电子商务商行（个体工商户）,订单结算
2026-04-23 13:41:46,'2026042313414006320993634242,出账,0.01,聚合账户,公益捐款,,'6925556561515019309,'6925556561515019309,,,,,,,普通订单,0,0,0,0,0,0,0,0,0,0,0,0,0,0,0,0,0,0,0,,0,义乌市蓓行电子商务商行（个体工商户）,公益捐款支出|贵州省慈善总会|6925556561515019309
2026-04-23 13:48:47,'2026042313484119013803944242,出账,0.01,聚合账户,公益捐款,,'6952110895902758828,'6952110895902758828,,,,,,,普通订单,0,0,0,0,0,0,0,0,0,0,0,0,0,0,0,0,0,0,0,,0,义乌市蓓行电子商务商行（个体工商户）,公益捐款支出|贵州省慈善总会|6952110895902758828
2026-04-23 13:48:47,'2026042313483906767744404242,出账,0.01,聚合账户,公益捐款,,'6952027825348417176,'6952027825348417176,,,,,,,普通订单,0,0,0,0,0,0,0,0,0,0,0,0,0,0,0,0,0,0,0,,0,义乌市蓓行电子商务商行（个体工商户）,公益捐款支出|贵州省慈善总会|6952027825348417176
2026-04-23 13:48:47,'2026042313483823434409224242,入账,4.21,聚合账户,货款结算入账,小店自卖,'6925560201841835164,'6925560201841835164,'SS76306657974799775240137,2026-04-12 21:28:21,'3807250008697339947,蓝咖格子大肠发圈蓝色韩系新款复古四层头发丸子马尾高级头绳发饰,,,普通订单,3.65,0,0,0.59,0,0,0,0,0,0,0,0,-0.03,0,0,0,0,0,0,是-商品卡免佣,0.22,义乌市蓓行电子商务商行（个体工商户）,订单结算
2026-04-23 13:48:47,'2026042313484100086346344242,入账,3.88,聚合账户,货款结算入账,小店自卖,'6952106756064745331,'6952106756064745331,'SS76308612403655150340136,2026-04-16 20:45:31,'3805708033615593705,咖色磨砂抓夹大号发夹女2026年新款后脑勺发量多鲨鱼夹子发卡头饰,,,普通订单,0.9,0,0,3,0,0,0,0,0,0,0,0,-0.02,0,0,0,0,0,0,是-商品卡免佣,0.15,义乌市蓓行电子商务商行（个体工商户）,订单结算
2026-04-23 13:48:47,'2026042313484011459796994242,入账,2.75,聚合账户,货款结算入账,小店自卖,'6952110895902758828,'6952110895902758828,'SS76306543585308022260028,2026-04-16 16:09:48,'3807250008697339947,蓝咖格子大肠发圈蓝色韩系新款复古四层头发丸子马尾高级头绳发饰,,,普通订单,0.01,0,0,2.88,0,0,0,0,0,0,0,0,-0.14,0,0,0,0,0,0,,0,义乌市蓓行电子商务商行（个体工商户）,订单结算
2026-04-23 13:48:47,'2026042313484041784773484242,入账,3.03,聚合账户,货款结算入账,小店自卖,'6952103286244447424,'6952103286244447424,'SS76306941180922147900115,2026-04-15 22:28:49,'3808130558396072095,缎面蝴蝶结香蕉夹竖夹女高级感饱满后脑勺马尾夹气质百搭发夹发饰,,,普通订单,0.19,0,0,3,0,0,0,0,0,0,0,0,-0.16,0,0,0,0,0,0,,0,义乌市蓓行电子商务商行（个体工商户）,订单结算
2026-04-23 13:48:47,'2026042313484024345321234242,入账,3.22,聚合账户,货款结算入账,小店自卖,'6952027825348417176,'6952027825348417176,'SS76307327942053399130132,2026-04-13 01:26:17,'3799969300262028066,复古波点褶皱香蕉夹高级感马尾扭扭竖夹后脑勺显发量横夹发卡发饰,,,普通订单,0.01,0,0,3.23,0,0,0,0,0,0,0,0,-0.02,0,0,0,0,0,0,是-商品卡免佣,0.15,义乌市蓓行电子商务商行（个体工商户）,订单结算
2026-04-23 13:48:47,'2026042313484228525202354242,出账,0.01,聚合账户,公益捐款,,'6952043432237864759,'6952043432237864759,,,,,,,普通订单,0,0,0,0,0,0,0,0,0,0,0,0,0,0,0,0,0,0,0,,0,义乌市蓓行电子商务商行（个体工商户）,公益捐款支出|贵州省慈善总会|6952043432237864759
2026-04-23 13:48:47,'2026042313483821476974144242,入账,2.72,聚合账户,货款结算入账,小店自卖,'6952159548585481709,'6952159548585481709,'SS76306938180479882870231,2026-04-17 23:40:34,'3799969300262028066,复古波点褶皱香蕉夹高级感马尾扭扭竖夹后脑勺显发量横夹发卡发饰,,,普通订单,0.01,0,0,2.73,0,0,0,0,0,0,0,0,-0.02,0,0,0,0,0,0,是-商品卡免佣,0.15,义乌市蓓行电子商务商行（个体工商户）,订单结算
2026-04-23 13:48:47,'2026042313484028276820744242,入账,2.76,聚合账户,货款结算入账,巨量千川,'6952043432237864759,'6952043432237864759,'SS76306669933723323150237,2026-04-13 08:02:45,'3805708033615593705,咖色磨砂抓夹大号发夹女2026年新款后脑勺发量多鲨鱼夹子发卡头饰,,,普通订单,0.01,0,0,2.9,0,0,0,0,0,0,0,0,-0.15,0,0,0,0,0,0,,0,义乌市蓓行电子商务商行（个体工商户）,订单结算
2026-04-23 13:48:47,'2026042313484109397703744242,入账,4.18,聚合账户,货款结算入账,小店自卖,'6952067987723523619,'6952067987723523619,'SS76306875556710157070126,2026-04-14 15:50:58,'3798263450837320143,儿童是兔子警官可爱兔子帽子发夹边夹侧边发卡女卡通甜美拍照道具,,,普通订单,3.86,0,0,0.35,0,0,0,0,0,0,0,0,-0.03,0,0,0,0,0,0,是-商品卡免佣,0.22,义乌市蓓行电子商务商行（个体工商户）,订单结算
2026-04-23 13:48:47,'2026042313483833443187744242,入账,3.7,聚合账户,货款结算入账,小店自卖,'6952139624713032778,'6952139624713032778,'SS76308342330867223460122,2026-04-18 01:35:01,'3807220077028311460,新中式发饰高级感扭扭夹随手盘发一字夹水钻抓夹后脑勺发夹盘发器,,,普通订单,0.01,0,0,3.88,0,0,0,0,0,0,0,0,-0.19,0,0,0,0,0,0,,0,义乌市蓓行电子商务商行（个体工商户）,订单结算
2026-04-23 13:48:47,'2026042313484030817531314242,入账,2.82,聚合账户,货款结算入账,巨量千川,'6951879663967475574,'6951879663967475574,'SS76306647359234378300168,2026-04-07 21:40:50,'3807230150731497890,可爱小狗抓夹卡通高级2026新款后脑勺盘发鲨鱼夹中号发量发夹发饰,,,普通订单,0.01,0,0,2.96,0,0,0,0,0,0,0,0,-0.15,0,0,0,0,0,0,,0,义乌市蓓行电子商务商行（个体工商户）,订单结算
2026-04-23 13:48:47,'2026042313484115186212224242,出账,0.01,聚合账户,公益捐款,,'6952106756064745331,'6952106756064745331,,,,,,,普通订单,0,0,0,0,0,0,0,0,0,0,0,0,0,0,0,0,0,0,0,,0,义乌市蓓行电子商务商行（个体工商户）,公益捐款支出|贵州省慈善总会|6952106756064745331
2026-04-23 13:48:47,'2026042313484132429509224242,入账,2.46,聚合账户,货款结算入账,精选联盟,'6925556354116911061,'6925556354116911061,'SS76306389970153638490093,2026-04-13 00:32:22,'3799969300262028066,复古波点褶皱香蕉夹高级感马尾扭扭竖夹后脑勺显发量横夹发卡发饰,'0,,普通订单,0.01,0,0,2.73,0,0,0,0,0,0,0,0,-0.14,0,0,0,0,-0.14,0,,0,义乌市蓓行电子商务商行（个体工商户）,订单结算
2026-04-23 13:48:48,'2026042313484125428953664242,出账,0.01,聚合账户,公益捐款,,'6952159548585481709,'6952159548585481709,,,,,,,普通订单,0,0,0,0,0,0,0,0,0,0,0,0,0,0,0,0,0,0,0,,0,义乌市蓓行电子商务商行（个体工商户）,公益捐款支出|贵州省慈善总会|6952159548585481709
2026-04-23 13:48:48,'2026042313484040024312834242,出账,0.01,聚合账户,公益捐款,,'6952139624713032778,'6952139624713032778,,,,,,,普通订单,0,0,0,0,0,0,0,0,0,0,0,0,0,0,0,0,0,0,0,,0,义乌市蓓行电子商务商行（个体工商户）,公益捐款支出|贵州省慈善总会|6952139624713032778
2026-04-23 13:48:48,'2026042313484033429594024242,出账,0.01,聚合账户,公益捐款,,'6951879663967475574,'6951879663967475574,,,,,,,普通订单,0,0,0,0,0,0,0,0,0,0,0,0,0,0,0,0,0,0,0,,0,义乌市蓓行电子商务商行（个体工商户）,公益捐款支出|贵州省慈善总会|6951879663967475574
2026-04-23 13:48:48,'2026042313483603025641394242,出账,0.01,聚合账户,公益捐款,,'6925560201841835164,'6925560201841835164,,,,,,,普通订单,0,0,0,0,0,0,0,0,0,0,0,0,0,0,0,0,0,0,0,,0,义乌市蓓行电子商务商行（个体工商户）,公益捐款支出|贵州省慈善总会|6925560201841835164
2026-04-23 13:48:48,'2026042313483932102484824242,出账,0.01,聚合账户,公益捐款,,'6952103286244447424,'6952103286244447424,,,,,,,普通订单,0,0,0,0,0,0,0,0,0,0,0,0,0,0,0,0,0,0,0,,0,义乌市蓓行电子商务商行（个体工商户）,公益捐款支出|贵州省慈善总会|6952103286244447424
2026-04-23 13:48:48,'2026042313484206946698784242,出账,0.01,聚合账户,公益捐款,,'6925556354116911061,'6925556354116911061,,,,,,,普通订单,0,0,0,0,0,0,0,0,0,0,0,0,0,0,0,0,0,0,0,,0,义乌市蓓行电子商务商行（个体工商户）,公益捐款支出|贵州省慈善总会|6925556354116911061
2026-04-23 13:48:49,'2026042313484123123932574242,出账,0.01,聚合账户,公益捐款,,'6952067987723523619,'6952067987723523619,,,,,,,普通订单,0,0,0,0,0,0,0,0,0,0,0,0,0,0,0,0,0,0,0,,0,义乌市蓓行电子商务商行（个体工商户）,公益捐款支出|贵州省慈善总会|6952067987723523619
2026-04-23 13:49:38,'2026042313492804374533314242,入账,4.65,聚合账户,货款结算入账,巨量千川,'6925562662650084630,'6925562662650084630,'SS76307407657228700160243,2026-04-13 10:07:57,'3811112236538265926,【超值特惠】古风高级感发夹女2026新款网红后脑抓夹发量少专用水钻一字扭扭夹,,,普通订单,3.49,0,0,1.4,0,0,0,0,0,0,0,0,-0.24,0,0,0,0,0,0,,0,义乌市蓓行电子商务商行（个体工商户）,订单结算
2026-04-23 13:49:38,'2026042313492331190062274242,入账,3.7,聚合账户,货款结算入账,巨量千川,'6925671150622506933,'6925671150622506933,'SS76306948660659655830014,2026-04-17 12:30:53,'3807220077028311460,夏天高级感随手盘发一字扭扭夹水钻抓夹高级发夹扭扭后脑勺盘发器,,,普通订单,0.01,0,0,3.88,0,0,0,0,0,0,0,0,-0.19,0,0,0,0,0,0,,0,义乌市蓓行电子商务商行（个体工商户）,订单结算
2026-04-23 13:49:38,'2026042313492929474043294242,入账,2.69,聚合账户,货款结算入账,小店自卖,'6925668705187167436,'6925668705187167436,'SS76306949092090191780154,2026-04-17 10:19:39,'3799803177344303392,简约复古超弹高级感头绳韩国东大门咖色磨砂小香风头绳大肠圈日常,,,普通订单,2.46,0,0,0.25,0,0,0,0,0,0,0,0,-0.02,0,0,0,0,0,0,是-商品卡免佣,0.15,义乌市蓓行电子商务商行（个体工商户）,订单结算
2026-04-23 13:49:38,'2026042313492923705892224242,入账,3.67,聚合账户,货款结算入账,小店自卖,'6952021251527546078,'6952021251527546078,'SS76306391883729149850015,2026-04-12 23:36:56,'3799969300262028066,复古波点褶皱香蕉夹高级感马尾扭扭竖夹后脑勺显发量横夹发卡发饰,,,普通订单,0.01,0,0,3.68,0,0,0,0,0,0,0,0,-0.02,0,0,0,0,0,0,是-商品卡免佣,0.15,义乌市蓓行电子商务商行（个体工商户）,订单结算
2026-04-23 13:49:38,'2026042313493025600499624242,入账,2.82,聚合账户,货款结算入账,小店自卖,'6925540203813698835,'6925540203813698835,'SS76306665873480092700088,2026-04-12 20:06:43,'3807230150731497890,可爱小狗抓夹卡通高级2026新款后脑勺盘发鲨鱼夹中号发量发夹发饰,,,普通订单,0.01,0,0,2.96,0,0,0,0,0,0,0,0,-0.15,0,0,0,0,0,0,,0,义乌市蓓行电子商务商行（个体工商户）,订单结算
2026-04-23 13:49:38,'2026042313492905048404674242,入账,6.5,聚合账户,货款结算入账,小店自卖,'6925601322605313759,'6925601322605313759,'SS76306695125845775450110,2026-04-14 22:33:19,'3807250008697339947,蓝咖格子大肠发圈蓝色韩系新款复古四层头发丸子马尾高级头绳发饰,,,普通订单,5.68,0,0,0.86,0,0,0,0,0,0,0,0,-0.04,0,0,0,0,0,0,是-商品卡免佣,0.29,义乌市蓓行电子商务商行（个体工商户）,订单结算
2026-04-23 13:49:38,'2026042313493117459945344242,入账,2.82,聚合账户,货款结算入账,巨量千川,'6952143231341631152,'6952143231341631152,'SS76306379347398500270041,2026-04-17 14:15:20,'3807230150731497890,可爱小狗抓夹卡通高级2026新款后脑勺盘发鲨鱼夹中号发量发夹发饰,,,普通订单,0.01,0,0,2.96,0,0,0,0,0,0,0,0,-0.15,0,0,0,0,0,0,,0,义乌市蓓行电子商务商行（个体工商户）,订单结算
2026-04-23 13:49:38,'2026042313492803319892904242,入账,3.41,聚合账户,货款结算入账,小店自卖,'6925688062766382807,'6925688062766382807,'SS76308208676016136200189,2026-04-18 10:19:41,'3797921962500686134,繁花似锦玫瑰花抓夹盘发头花刘海侧边夹7cm法式慵懒感半扎发卡子,,,普通订单,0.01,0,0,1,0,0,0,0,2.42,0,0,0,-0.02,0,0,0,0,0,0,是-商品卡免佣,0.15,义乌市蓓行电子商务商行（个体工商户）,订单结算
2026-04-23 13:49:38,'2026042313493025599516584242,入账,3.7,聚合账户,货款结算入账,巨量千川,'6925551964165930083,'6925551964165930083,'SS76306419631587336060237,2026-04-12 22:07:01,'3807220077028311460,【超显气质】简约不硌头扭扭夹发夹女2026新款盘发抓夹高级感水钻珠珠一字夹子,,,普通订单,3.09,0,0,0.8,0,0,0,0,0,0,0,0,-0.19,0,0,0,0,0,0,,0,义乌市蓓行电子商务商行（个体工商户）,订单结算
2026-04-23 13:49:38,'2026042313492637553280514242,入账,3.96,聚合账户,货款结算入账,小店自卖,'6952030295059797584,'6952030295059797584,'SS76307501114342774390232,2026-04-13 11:05:28,'3797921962500686134,繁花似锦玫瑰花抓夹盘发头花刘海侧边夹7cm法式慵懒感半扎发卡子,,,普通订单,2.92,0,0,1.25,0,0,0,0,0,0,0,0,-0.21,0,0,0,0,0,0,,0,义乌市蓓行电子商务商行（个体工商户）,订单结算
2026-04-23 13:49:38,'2026042313492828110686914242,入账,2.71,聚合账户,货款结算入账,巨量千川,'6925637843816971333,'6925637843816971333,'SS76307028624905838500022,2026-04-16 19:50:46,'3805708033615593705,咖色磨砂抓夹大号发夹女2026年新款后脑勺发量多鲨鱼夹子发卡头饰,,,普通订单,0.01,0,0,2.84,0,0,0,0,0,0,0,0,-0.14,0,0,0,0,0,0,,0,义乌市蓓行电子商务商行（个体工商户）,订单结算
2026-04-23 13:49:38,'2026042313492738393123844242,入账,3.27,聚合账户,货款结算入账,小店自卖,'6952012307761469197,'6952012307761469197,'SS76306668805624509950163,2026-04-12 22:36:18,'3807250008697339947,蓝咖格子大肠发圈蓝色韩系新款复古四层头发丸子马尾高级头绳发饰,,,普通订单,0.44,0,0,3,0,0,0,0,0,0,0,0,-0.17,0,0,0,0,0,0,,0,义乌市蓓行电子商务商行（个体工商户）,订单结算
2026-04-23 13:49:39,'2026042313492911549087244242,出账,0.01,聚合账户,公益捐款,,'6952021251527546078,'6952021251527546078,,,,,,,普通订单,0,0,0,0,0,0,0,0,0,0,0,0,0,0,0,0,0,0,0,,0,义乌市蓓行电子商务商行（个体工商户）,公益捐款支出|贵州省慈善总会|6952021251527546078
2026-04-23 13:49:39,'2026042313493205265170424242,出账,0.01,聚合账户,公益捐款,,'6952012307761469197,'6952012307761469197,,,,,,,普通订单,0,0,0,0,0,0,0,0,0,0,0,0,0,0,0,0,0,0,0,,0,义乌市蓓行电子商务商行（个体工商户）,公益捐款支出|贵州省慈善总会|6952012307761469197
2026-04-23 13:49:39,'2026042313492804110914624242,出账,0.01,聚合账户,公益捐款,,'6952143231341631152,'6952143231341631152,,,,,,,普通订单,0,0,0,0,0,0,0,0,0,0,0,0,0,0,0,0,0,0,0,,0,义乌市蓓行电子商务商行（个体工商户）,公益捐款支出|贵州省慈善总会|6952143231341631152
2026-04-23 13:49:39,'2026042313493111962780544242,出账,0.01,聚合账户,公益捐款,,'6925688062766382807,'6925688062766382807,,,,,,,普通订单,0,0,0,0,0,0,0,0,0,0,0,0,0,0,0,0,0,0,0,,0,义乌市蓓行电子商务商行（个体工商户）,公益捐款支出|贵州省慈善总会|6925688062766382807
2026-04-23 13:55:26,'2026042313551706260659554242,出账,0.01,聚合账户,公益捐款,,'6925540203813698835,'6925540203813698835,,,,,,,普通订单,0,0,0,0,0,0,0,0,0,0,0,0,0,0,0,0,0,0,0,,0,义乌市蓓行电子商务商行（个体工商户）,公益捐款支出|贵州省慈善总会|6925540203813698835
2026-04-23 13:58:36,'2026042313582712594426984242,出账,0.01,聚合账户,公益捐款,,'6925671150622506933,'6925671150622506933,,,,,,,普通订单,0,0,0,0,0,0,0,0,0,0,0,0,0,0,0,0,0,0,0,,0,义乌市蓓行电子商务商行（个体工商户）,公益捐款支出|贵州省慈善总会|6925671150622506933
2026-04-23 13:59:22,'2026042313590809745205824242,出账,0.01,聚合账户,公益捐款,,'6952161386281768790,'6952161386281768790,,,,,,,普通订单,0,0,0,0,0,0,0,0,0,0,0,0,0,0,0,0,0,0,0,,0,义乌市蓓行电子商务商行（个体工商户）,公益捐款支出|贵州省慈善总会|6952161386281768790
2026-04-23 13:59:22,'2026042313591031262804754242,入账,2.72,聚合账户,货款结算入账,小店自卖,'6952161386281768790,'6952161386281768790,'SS76306969842651346550023,2026-04-17 15:21:35,'3799969300262028066,复古波点褶皱香蕉夹高级感马尾扭扭竖夹后脑勺显发量横夹发卡发饰,,,普通订单,2.74,0,0,0,0,0,0,0,0,0,0,0,-0.02,0,0,0,0,0,0,是-商品卡免佣,0.15,义乌市蓓行电子商务商行（个体工商户）,订单结算
2026-04-23 14:06:00,'2026042314055407224694114242,出账,0.01,聚合账户,公益捐款,,'6925637843816971333,'6925637843816971333,,,,,,,普通订单,0,0,0,0,0,0,0,0,0,0,0,0,0,0,0,0,0,0,0,,0,义乌市蓓行电子商务商行（个体工商户）,公益捐款支出|贵州省慈善总会|6925637843816971333
2026-04-23 14:06:48,'2026042314064016624522394242,出账,0.01,聚合账户,公益捐款,,'6925601322605313759,'6925601322605313759,,,,,,,普通订单,0,0,0,0,0,0,0,0,0,0,0,0,0,0,0,0,0,0,0,,0,义乌市蓓行电子商务商行（个体工商户）,公益捐款支出|贵州省慈善总会|6925601322605313759
2026-04-23 14:09:01,'2026042314085203368392034242,出账,0.01,聚合账户,公益捐款,,'6925668705187167436,'6925668705187167436,,,,,,,普通订单,0,0,0,0,0,0,0,0,0,0,0,0,0,0,0,0,0,0,0,,0,义乌市蓓行电子商务商行（个体工商户）,公益捐款支出|贵州省慈善总会|6925668705187167436
2026-04-23 14:12:59,'2026042314124917041989314242,出账,0.01,聚合账户,公益捐款,,'6925551964165930083,'6925551964165930083,,,,,,,普通订单,0,0,0,0,0,0,0,0,0,0,0,0,0,0,0,0,0,0,0,,0,义乌市蓓行电子商务商行（个体工商户）,公益捐款支出|贵州省慈善总会|6925551964165930083
2026-04-23 14:14:11,'2026042314140217706563194242,出账,0.01,聚合账户,公益捐款,,'6952030295059797584,'6952030295059797584,,,,,,,普通订单,0,0,0,0,0,0,0,0,0,0,0,0,0,0,0,0,0,0,0,,0,义乌市蓓行电子商务商行（个体工商户）,公益捐款支出|贵州省慈善总会|6952030295059797584
2026-04-23 14:19:50,'2026042314194309746849784242,出账,0.01,聚合账户,公益捐款,,'6925562662650084630,'6925562662650084630,,,,,,,普通订单,0,0,0,0,0,0,0,0,0,0,0,0,0,0,0,0,0,0,0,,0,义乌市蓓行电子商务商行（个体工商户）,公益捐款支出|贵州省慈善总会|6925562662650084630
2026-04-23 14:26:39,'2026042314263215454418444242,出账,2,聚合账户,小额打款,,'6925738803940326790,'6925738803940326790,,,,,,,普通订单,0,0,0,0,0,0,0,0,0,0,0,0,0,0,0,0,0,0,0,,0,义乌市蓓行电子商务商行（个体工商户）,商家向消费者小额打款-“补差价”
2026-04-23 14:46:17,'2026042314460712108150194242,出账,2,聚合账户,小额打款,,'6925729426423577929,'6925729426423577929,,,,,,,普通订单,0,0,0,0,0,0,0,0,0,0,0,0,0,0,0,0,0,0,0,,0,义乌市蓓行电子商务商行（个体工商户）,商家向消费者小额打款-“补差价”
2026-04-23 15:06:06,'2026042315055917491561394242,入账,6.55,聚合账户,货款结算入账,巨量千川,'6952023372734011093,'6952023372734011093,'SS76306669674654316040183,2026-04-13 07:24:26,'3807220077028311460,【超显气质】简约不硌头扭扭夹发夹女2026新款盘发抓夹高级感水钻珠珠一字夹子,,,普通订单,4.89,0,0,2,0,0,0,0,0,0,0,0,-0.34,0,0,0,0,0,0,,0,义乌市蓓行电子商务商行（个体工商户）,订单结算
2026-04-23 15:06:06,'2026042315055828636291104242,入账,3.49,聚合账户,货款结算入账,小店自卖,'6952024748500390982,'6952024748500390982,'SS76306391742994516840228,2026-04-12 19:59:38,'3799969300262028066,复古波点褶皱香蕉夹高级感马尾扭扭竖夹后脑勺显发量横夹发卡发饰,,,普通订单,2.18,0,0,0.33,0,0,0,0,0,1,0,0,-0.02,0,0,0,0,0,0,是-商品卡免佣,0.15,义乌市蓓行电子商务商行（个体工商户）,订单结算
2026-04-23 15:06:57,'2026042315065032213406784242,出账,0.01,聚合账户,公益捐款,,'6952024748500390982,'6952024748500390982,,,,,,,普通订单,0,0,0,0,0,0,0,0,0,0,0,0,0,0,0,0,0,0,0,,0,义乌市蓓行电子商务商行（个体工商户）,公益捐款支出|贵州省慈善总会|6952024748500390982
2026-04-23 15:08:57,'2026042315084711283338504242,出账,0.01,聚合账户,公益捐款,,'6952023372734011093,'6952023372734011093,,,,,,,普通订单,0,0,0,0,0,0,0,0,0,0,0,0,0,0,0,0,0,0,0,,0,义乌市蓓行电子商务商行（个体工商户）,公益捐款支出|贵州省慈善总会|6952023372734011093
2026-04-23 15:17:08,'2026042315165728356941214242,入账,3.87,聚合账户,货款结算入账,小店自卖,'6925561751380590097,'6925561751380590097,'SS76307250086289246810099,2026-04-13 12:52:49,'3807385665038057791,韩式设计抓夹叶片麦穗鲨鱼新款夹百搭高级发卡后脑勺发抓超值头饰,,,普通订单,0.01,0,0,3.88,0,0,0,0,0,0,0,0,-0.02,0,0,0,0,0,0,是-商品卡免佣,0.15,义乌市蓓行电子商务商行（个体工商户）,订单结算
2026-04-23 15:17:08,'2026042315170017425047464242,入账,2.72,聚合账户,货款结算入账,小店自卖,'6952011710114370721,'6952011710114370721,'SS76306383824573076900227,2026-04-12 17:24:01,'3799969300262028066,复古波点褶皱香蕉夹高级感马尾扭扭竖夹后脑勺显发量横夹发卡发饰,,,普通订单,0.74,0,0,2,0,0,0,0,0,0,0,0,-0.02,0,0,0,0,0,0,是-商品卡免佣,0.15,义乌市蓓行电子商务商行（个体工商户）,订单结算
2026-04-23 15:17:08,'2026042315165741914698604242,入账,2.77,聚合账户,货款结算入账,小店自卖,'6952018437110961538,'6952018437110961538,'SS76306667003459671400183,2026-04-12 22:04:31,'3809447436297044400,网红头绳女款爆款2026新款发圈洋气高级感女童扎头发宝宝啾啾皮筋,,,普通订单,0.79,0,0,2,0,0,0,0,0,0,0,0,-0.02,0,0,0,0,0,0,是-商品卡免佣,0.15,义乌市蓓行电子商务商行（个体工商户）,订单结算
2026-04-23 15:17:09,'2026042315170019176988354242,出账,0.01,聚合账户,公益捐款,,'6952018437110961538,'6952018437110961538,,,,,,,普通订单,0,0,0,0,0,0,0,0,0,0,0,0,0,0,0,0,0,0,0,,0,义乌市蓓行电子商务商行（个体工商户）,公益捐款支出|贵州省慈善总会|6952018437110961538
2026-04-23 15:17:09,'2026042315170109270402654242,出账,0.01,聚合账户,公益捐款,,'6925561751380590097,'6925561751380590097,,,,,,,普通订单,0,0,0,0,0,0,0,0,0,0,0,0,0,0,0,0,0,0,0,,0,义乌市蓓行电子商务商行（个体工商户）,公益捐款支出|贵州省慈善总会|6925561751380590097
2026-04-23 15:20:28,'2026042315201802773038274242,出账,0.01,聚合账户,公益捐款,,'6952011710114370721,'6952011710114370721,,,,,,,普通订单,0,0,0,0,0,0,0,0,0,0,0,0,0,0,0,0,0,0,0,,0,义乌市蓓行电子商务商行（个体工商户）,公益捐款支出|贵州省慈善总会|6952011710114370721
2026-04-23 16:10:10,'2026042316095607102472204242,出账,2,聚合账户,小额打款,,'6925739556616568277,'6925739556616568277,,,,,,,普通订单,0,0,0,0,0,0,0,0,0,0,0,0,0,0,0,0,0,0,0,,0,义乌市蓓行电子商务商行（个体工商户）,商家向消费者小额打款-“补差价”
2026-04-23 16:20:03,'2026042316194935175347464242,出账,2,聚合账户,小额打款,,'6925756206705769572,'6925756206705769572,,,,,,,普通订单,0,0,0,0,0,0,0,0,0,0,0,0,0,0,0,0,0,0,0,,0,义乌市蓓行电子商务商行（个体工商户）,商家向消费者小额打款-“补差价”
2026-04-23 18:39:47,'2026042318393200810360734242,出账,2,聚合账户,小额打款,,'6952198568897222174,'6952198568897222174,,,,,,,普通订单,0,0,0,0,0,0,0,0,0,0,0,0,0,0,0,0,0,0,0,,0,义乌市蓓行电子商务商行（个体工商户）,商家向消费者小额打款-“补差价”
2026-04-23 19:51:46,'2026042319513100513152354242,出账,2,聚合账户,小额打款,,'6952209366386152983,'6952209366386152983,,,,,,,普通订单,0,0,0,0,0,0,0,0,0,0,0,0,0,0,0,0,0,0,0,,0,义乌市蓓行电子商务商行（个体工商户）,商家向消费者小额打款-“补差价”
2026-04-23 20:21:20,'2026042320210501356270424242,出账,1,聚合账户,小额打款,,'6925651641771130278,'6925651641771130278,,,,,,,普通订单,0,0,0,0,0,0,0,0,0,0,0,0,0,0,0,0,0,0,0,,0,义乌市蓓行电子商务商行（个体工商户）,商家向消费者小额打款-“补差价”
2026-04-23 20:58:11,'2026042320580103362327564242,出账,1,聚合账户,小额打款,,'6925674638303329481,'6925674638303329481,,,,,,,普通订单,0,0,0,0,0,0,0,0,0,0,0,0,0,0,0,0,0,0,0,,0,义乌市蓓行电子商务商行（个体工商户）,商家向消费者小额打款-“补差价”
2026-04-23 21:04:24,'2026042321041322318620254242,出账,2,聚合账户,小额打款,,'6952257221687645594,'6952257221687645594,,,,,,,普通订单,0,0,0,0,0,0,0,0,0,0,0,0,0,0,0,0,0,0,0,,0,义乌市蓓行电子商务商行（个体工商户）,商家向消费者小额打款-“补差价”
2026-04-23 21:49:06,'2026042321485320853929234242,出账,2,聚合账户,小额打款,,'6925747026971098430,'6925747026971098430,,,,,,,普通订单,0,0,0,0,0,0,0,0,0,0,0,0,0,0,0,0,0,0,0,,0,义乌市蓓行电子商务商行（个体工商户）,商家向消费者小额打款-“补差价”
2026-04-23 23:45:31,'2026042323451600297211234242,出账,1,聚合账户,小额打款,,'6952023142771922758,'6952023142771922758,,,,,,,普通订单,0,0,0,0,0,0,0,0,0,0,0,0,0,0,0,0,0,0,0,,0,义乌市蓓行电子商务商行（个体工商户）,商家向消费者小额打款-“补差价”
2026-04-23 23:48:16,'2026042323480100098311684242,出账,2,聚合账户,小额打款,,'6925742639517826400,'6925742639517826400,,,,,,,普通订单,0,0,0,0,0,0,0,0,0,0,0,0,0,0,0,0,0,0,0,,0,义乌市蓓行电子商务商行（个体工商户）,商家向消费者小额打款-“补差价”
