动账时间,动帐流水号,动账方向,动账金额,动账账户,动账场景,计费类型,子订单号,订单号,售后编号,下单时间,商品ID,商品名称,达人ID,达人名称,订单类型,订单实付应结,运费实付,实际平台补贴_运费,实际平台补贴,其他平台补贴,以旧换新抵扣,政府补贴平台垫资,实际达人补贴,实际抖音支付补贴,实际抖音月付营销补贴,银行补贴,订单退款,平台服务费,佣金,服务商佣金,渠道分成,招商服务费,站外推广费,其他分成,是否免佣,免佣金额,商户主体名称,备注
2026-04-24 01:12:16,'2026042401121231251052150793,入账,1.89,聚合账户,货款结算入账,小店自卖,'6925582641898093675,'6925582641898093675,'SS76310149016018007130141,2026-04-14 01:09:26,'3808855327718375885,复古豹纹褶皱中号香蕉夹高级感马尾扭扭夹后脑勺韩系显发量发卡,,,普通订单,1.99,0,0,0,0,0,0,0,0,0,0,0,-0.1,0,0,0,0,0,0,否,0,义乌市於郝电子商务商行（个体工商户）,订单结算
2026-04-24 01:12:16,'2026042401121236915617710793,入账,3.89,聚合账户,货款结算入账,小店自卖,'6925570695231929680,'6925570695231929680,'SS76310139756905603190047,2026-04-13 18:11:52,'3808855327718375885,复古豹纹褶皱中号香蕉夹高级感马尾扭扭夹后脑勺韩系显发量发卡,,,普通订单,4.09,0,0,0,0,0,0,0,0,0,0,0,-0.2,0,0,0,0,0,0,否,0,义乌市於郝电子商务商行（个体工商户）,订单结算
2026-04-24 01:12:16,'2026042401121218716762000793,入账,3.19,聚合账户,货款结算入账,小店自卖,'6952047065028761164,'6952047065028761164,'SS76310152412839614070087,2026-04-13 23:11:00,'3808855327718375885,复古豹纹褶皱中号香蕉夹高级感马尾扭扭夹后脑勺韩系显发量发卡,,,普通订单,3.17,0,0,0,0,0,0,0,0.19,0,0,0,-0.17,0,0,0,0,0,0,否,0,义乌市於郝电子商务商行（个体工商户）,订单结算
2026-04-24 01:12:16,'2026042401121003537963870793,入账,4.86,聚合账户,货款结算入账,小店自卖,'6952055962193171494,'6952055962193171494,'SS76311367551619241470115,2026-04-14 00:58:07,'3811460006382010734,简约几何波浪珍珠抓夹女2026新款后脑勺发夹鲨鱼夹子大号发量发饰,,,普通订单,5.12,0,0,0,0,0,0,0,0,0,0,0,-0.26,0,0,0,0,0,0,否,0,义乌市於郝电子商务商行（个体工商户）,订单结算
2026-04-24 01:12:16,'2026042401121130998369340793,入账,2.72,聚合账户,货款结算入账,小店自卖,'6925483226857439129,'6925483226857439129,'SS76312102243570324880228,2026-04-10 07:57:01,'3808515754769383695,2026新款高级牡丹花流苏抓夹毛毛发夹后脑勺显发量大号鲨鱼夹头饰,,,普通订单,2.86,0,0,0,0,0,0,0,0,0,0,0,-0.14,0,0,0,0,0,0,否,0,义乌市於郝电子商务商行（个体工商户）,订单结算
2026-04-24 01:12:21,'2026042401121636579745710793,入账,0.93,聚合账户,货款结算入账,小店自卖,'6925651855162441615,'6925651855162441615,'SS76309677451282396590054,2026-04-17 07:40:59,'3812203542429696436,甜美kitty刘海贴饰品头饰可爱少女棉花糖猫碎发贴魔术贴无痕发饰,,,普通订单,0.98,0,0,0,0,0,0,0,0,0,0,0,-0.05,0,0,0,0,0,0,否,0,义乌市於郝电子商务商行（个体工商户）,订单结算
2026-04-24 01:12:21,'2026042401121622282575770793,入账,3.23,聚合账户,货款结算入账,小店自卖,'6925457054944820893,'6925457054944820893,'SS76310101701265495670196,2026-04-09 07:24:35,'3808518913650721160,新款高级牡丹花流苏抓夹毛毛发夹后脑勺显发量大号鲨鱼头饰发夹,,,普通订单,3.4,0,0,0,0,0,0,0,0,0,0,0,-0.17,0,0,0,0,0,0,否,0,义乌市於郝电子商务商行（个体工商户）,订单结算
2026-04-24 01:12:21,'2026042401121705833039900793,入账,3.23,聚合账户,货款结算入账,小店自卖,'6925565962790337563,'6925565962790337563,'SS76310166436830420570216,2026-04-13 19:57:26,'3808515754769383695,2026新款高级牡丹花流苏抓夹毛毛发夹后脑勺显发量大号鲨鱼夹头饰,,,普通订单,3.4,0,0,0,0,0,0,0,0,0,0,0,-0.17,0,0,0,0,0,0,否,0,义乌市於郝电子商务商行（个体工商户）,订单结算
2026-04-24 01:12:21,'2026042401121618173468570793,入账,1.89,聚合账户,货款结算入账,小店自卖,'6925572741434474384,'6925572741434474384,'SS76310141896960292260233,2026-04-13 16:35:07,'3808855327718375885,复古豹纹褶皱中号香蕉夹高级感马尾扭扭夹后脑勺韩系显发量发卡,,,普通订单,1.99,0,0,0,0,0,0,0,0,0,0,0,-0.1,0,0,0,0,0,0,否,0,义乌市於郝电子商务商行（个体工商户）,订单结算
2026-04-24 01:12:21,'2026042401121641362557440793,入账,3.91,聚合账户,货款结算入账,小店自卖,'6952060717911774642,'6952060717911774642,'SS76311019341280873590155,2026-04-14 08:59:16,'3808509441058406492,新款扭扭麻花发箍女简约高颅顶带齿防滑洗脸头箍发卡高级感民族风,,,普通订单,4.12,0,0,0,0,0,0,0,0,0,0,0,-0.21,0,0,0,0,0,0,否,0,义乌市於郝电子商务商行（个体工商户）,订单结算
2026-04-24 01:12:30,'2026042401122433606372200793,入账,1.89,聚合账户,货款结算入账,小店自卖,'6925563764510654256,'6925563764510654256,'SS76310153100159759510193,2026-04-13 19:06:53,'3808855327718375885,复古豹纹褶皱中号香蕉夹高级感马尾扭扭夹后脑勺韩系显发量发卡,,,普通订单,1.99,0,0,0,0,0,0,0,0,0,0,0,-0.1,0,0,0,0,0,0,否,0,义乌市於郝电子商务商行（个体工商户）,订单结算
2026-04-24 01:12:30,'2026042401122434783401360793,入账,4.71,聚合账户,货款结算入账,小店自卖,'6952058618622383803,'6952058618622383803,'SS76311141190400248590203,2026-04-14 13:27:41,'3811282248515322341,可爱小黄鸡小猪发圈学生风萌系扎发神器黑色发绳扎头发皮筋卖头饰,,,普通订单,4.96,0,0,0,0,0,0,0,0,0,0,0,-0.25,0,0,0,0,0,0,否,0,义乌市於郝电子商务商行（个体工商户）,订单结算
2026-04-24 01:12:30,'2026042401122522651210300793,入账,3.23,聚合账户,货款结算入账,小店自卖,'6925669859892100911,'6925669859892100911,'SS76310920154631380860073,2026-04-17 19:05:29,'3808515754769383695,2026新款高级牡丹花流苏抓夹毛毛发夹后脑勺显发量大号鲨鱼夹头饰,,,普通订单,3.4,0,0,0,0,0,0,0,0,0,0,0,-0.17,0,0,0,0,0,0,否,0,义乌市於郝电子商务商行（个体工商户）,订单结算
2026-04-24 01:12:30,'2026042401122512169221750793,入账,5.68,聚合账户,货款结算入账,小店自卖,'6925566623876349833,'6925566623876349833,'SS76311087932758922760067,2026-04-14 00:00:40,'3811282248515322341,可爱小黄鸡小猪发圈学生风萌系扎发神器黑色发绳扎头发皮筋卖头饰,,,普通订单,5.98,0,0,0,0,0,0,0,0,0,0,0,-0.3,0,0,0,0,0,0,否,0,义乌市於郝电子商务商行（个体工商户）,订单结算
2026-04-24 01:12:30,'2026042401122613173929480793,入账,5.68,聚合账户,货款结算入账,小店自卖,'6952153130007794933,'6952153130007794933,'SS76311334432164912700154,2026-04-17 21:17:54,'3811282248515322341,可爱小黄鸡小猪发圈学生风萌系扎发神器黑色发绳扎头发皮筋卖头饰,,,普通订单,5.98,0,0,0,0,0,0,0,0,0,0,0,-0.3,0,0,0,0,0,0,否,0,义乌市於郝电子商务商行（个体工商户）,订单结算
2026-04-24 01:12:33,'2026042401122735971243580793,入账,1.89,聚合账户,货款结算入账,小店自卖,'6925584258490924732,'6925584258490924732,'SS76310146787101415030096,2026-04-13 21:40:39,'3812736213081784671,韩系ins风高马尾香蕉夹竖夹女2026新款高级感发夹简约复古发饰,,,普通订单,1.99,0,0,0,0,0,0,0,0,0,0,0,-0.1,0,0,0,0,0,0,否,0,义乌市於郝电子商务商行（个体工商户）,订单结算
2026-04-24 01:12:33,'2026042401122816486118760793,入账,2.69,聚合账户,货款结算入账,小店自卖,'6925567903623642479,'6925567903623642479,'SS76311393600958472140125,2026-04-13 16:39:59,'3808826072573804729,迷你小号无痕鸭嘴夹抓夹小夹子精致蝴蝶结碎发夹刘海夹高级感发卡,,,普通订单,2.83,0,0,0,0,0,0,0,0,0,0,0,-0.14,0,0,0,0,0,0,,0,义乌市於郝电子商务商行（个体工商户）,订单结算
2026-04-24 01:12:33,'2026042401122807513055080793,入账,3.89,聚合账户,货款结算入账,小店自卖,'6925577698090122358,'6925577698090122358,'SS76310140622654999380129,2026-04-13 22:22:48,'3808855327718375885,复古豹纹褶皱中号香蕉夹高级感马尾扭扭夹后脑勺韩系显发量发卡,,,普通订单,4.09,0,0,0,0,0,0,0,0,0,0,0,-0.2,0,0,0,0,0,0,否,0,义乌市於郝电子商务商行（个体工商户）,订单结算
2026-04-24 01:12:33,'2026042401122727863130230793,入账,1.89,聚合账户,货款结算入账,小店自卖,'6952059758033573303,'6952059758033573303,'SS76310143262669542740086,2026-04-13 18:28:50,'3808855327718375885,复古豹纹褶皱中号香蕉夹高级感马尾扭扭夹后脑勺韩系显发量发卡,,,普通订单,1.99,0,0,0,0,0,0,0,0,0,0,0,-0.1,0,0,0,0,0,0,否,0,义乌市於郝电子商务商行（个体工商户）,订单结算
2026-04-24 01:12:33,'2026042401122731970268220793,入账,1.89,聚合账户,货款结算入账,小店自卖,'6951914127288309528,'6951914127288309528,'SS76310059498523697040066,2026-04-08 19:05:46,'3808855327718375885,复古豹纹褶皱中号香蕉夹高级感马尾扭扭夹后脑勺韩系显发量发卡,,,普通订单,1.99,0,0,0,0,0,0,0,0,0,0,0,-0.1,0,0,0,0,0,0,否,0,义乌市於郝电子商务商行（个体工商户）,订单结算
2026-04-24 01:12:36,'2026042401123204915858300793,入账,4.62,聚合账户,货款结算入账,小店自卖,'6952039889329985313,'6952039889329985313,'SS76310167032547740620170,2026-04-13 18:56:24,'3808515754769383695,2026新款高级牡丹花流苏抓夹毛毛发夹后脑勺显发量大号鲨鱼夹头饰,,,普通订单,4.86,0,0,0,0,0,0,0,0,0,0,0,-0.24,0,0,0,0,0,0,否,0,义乌市於郝电子商务商行（个体工商户）,订单结算
2026-04-24 01:12:36,'2026042401123109506654780793,入账,4.22,聚合账户,货款结算入账,巨量千川,'6925575246037155350,'6925575246037155350,'SS76310281802640922020148,2026-04-13 21:24:05,'3811116864172589149,森系干枯山茶花朵7cm小抓夹百搭气质发夹女后脑勺超仙鲨鱼夹发饰,,,普通订单,4.44,0,0,0,0,0,0,0,0,0,0,0,-0.22,0,0,0,0,0,0,否,0,义乌市於郝电子商务商行（个体工商户）,订单结算
2026-04-24 01:12:36,'2026042401123218124807940793,入账,3.32,聚合账户,货款结算入账,小店自卖,'6952064541097137991,'6952064541097137991,'SS76310172486831846670048,2026-04-14 00:51:30,'3808518913650721160,新款高级牡丹花流苏抓夹毛毛发夹后脑勺显发量大号鲨鱼头饰发夹,,,普通订单,3.5,0,0,0,0,0,0,0,0,0,0,0,-0.18,0,0,0,0,0,0,否,0,义乌市於郝电子商务商行（个体工商户）,订单结算
2026-04-24 01:12:36,'2026042401123130545190670793,入账,1.89,聚合账户,货款结算入账,小店自卖,'6952038216957040181,'6952038216957040181,'SS76310138073810867200018,2026-04-14 03:26:58,'3808855327718375885,复古豹纹褶皱中号香蕉夹高级感马尾扭扭夹后脑勺韩系显发量发卡,,,普通订单,1.99,0,0,0,0,0,0,0,0,0,0,0,-0.1,0,0,0,0,0,0,否,0,义乌市於郝电子商务商行（个体工商户）,订单结算
2026-04-24 01:12:36,'2026042401123219558077870793,入账,3.19,聚合账户,货款结算入账,小店自卖,'6925579633883381687,'6925579633883381687,'SS76310281518611176960160,2026-04-13 20:10:45,'3811460006382010734,简约几何波浪珍珠抓夹女2026新款后脑勺发夹鲨鱼夹子大号发量发饰,,,普通订单,3.36,0,0,0,0,0,0,0,0,0,0,0,-0.17,0,0,0,0,0,0,否,0,义乌市於郝电子商务商行（个体工商户）,订单结算
2026-04-24 01:12:37,'2026042401123213595123290793,入账,3.19,聚合账户,货款结算入账,小店自卖,'6952026444564010563,'6952026444564010563,'SS76310138254127805800192,2026-04-13 18:44:54,'3808855327718375885,复古豹纹褶皱中号香蕉夹高级感马尾扭扭夹后脑勺韩系显发量发卡,,,普通订单,3.36,0,0,0,0,0,0,0,0,0,0,0,-0.17,0,0,0,0,0,0,否,0,义乌市於郝电子商务商行（个体工商户）,订单结算
2026-04-24 01:12:37,'2026042401123201304829800793,入账,4.15,聚合账户,货款结算入账,小店自卖,'6925676236984253737,'6925676236984253737,'SS76311365246248717070193,2026-04-17 20:12:08,'3809586825216000110,春夏撞色甜美蝴蝶结发夹女后脑勺抓夹2026新款气质大号盘发鸭嘴夹,,,普通订单,4.37,0,0,0,0,0,0,0,0,0,0,0,-0.22,0,0,0,0,0,0,否,0,义乌市於郝电子商务商行（个体工商户）,订单结算
2026-04-24 01:12:37,'2026042401123132822277750793,入账,3.23,聚合账户,货款结算入账,巨量千川,'6925562360981585534,'6925562360981585534,'SS76310174037875433110238,2026-04-13 16:59:09,'3808518913650721160,新款高级牡丹花流苏抓夹毛毛发夹后脑勺显发量大号鲨鱼头饰发夹,,,普通订单,3.4,0,0,0,0,0,0,0,0,0,0,0,-0.17,0,0,0,0,0,0,否,0,义乌市於郝电子商务商行（个体工商户）,订单结算
2026-04-24 01:12:37,'2026042401123205040873050793,入账,4.22,聚合账户,货款结算入账,小店自卖,'6952180110980945551,'6952180110980945551,'SS76311103691595948150127,2026-04-18 11:53:54,'3811116864172589149,森系干枯山茶花朵7cm小抓夹百搭气质发夹女后脑勺超仙鲨鱼夹发饰,,,普通订单,4.44,0,0,0,0,0,0,0,0,0,0,0,-0.22,0,0,0,0,0,0,否,0,义乌市於郝电子商务商行（个体工商户）,订单结算
2026-04-24 01:12:37,'2026042401123125137976590793,入账,8.5,聚合账户,货款结算入账,小店自卖,'6952062235462145603,'6952062235462145603,'SS76310281024249208720144,2026-04-13 22:28:09,'3808834995301253254,法式碎花发绳复古彩虹格子蝴蝶结大肠发圈丸子马尾发绳新款头绳女,,,普通订单,8.95,0,0,0,0,0,0,0,0,0,0,0,-0.45,0,0,0,0,0,0,否,0,义乌市於郝电子商务商行（个体工商户）,订单结算
2026-04-24 01:12:39,'2026042401123428987766220793,入账,1.89,聚合账户,货款结算入账,小店自卖,'6952048877789975827,'6952048877789975827,'SS76310153065926167540191,2026-04-13 20:47:14,'3808855327718375885,复古豹纹褶皱中号香蕉夹高级感马尾扭扭夹后脑勺韩系显发量发卡,,,普通订单,1.99,0,0,0,0,0,0,0,0,0,0,0,-0.1,0,0,0,0,0,0,否,0,义乌市於郝电子商务商行（个体工商户）,订单结算
2026-04-24 01:12:39,'2026042401123403952315140793,入账,3.26,聚合账户,货款结算入账,小店自卖,'6952119846426449886,'6952119846426449886,'SS76310551027412014480175,2026-04-16 15:24:29,'3808518913650721160,新款高级牡丹花流苏抓夹毛毛发夹后脑勺显发量大号鲨鱼头饰发夹,,,普通订单,3.43,0,0,0,0,0,0,0,0,0,0,0,-0.17,0,0,0,0,0,0,,0,义乌市於郝电子商务商行（个体工商户）,订单结算
2026-04-24 01:12:39,'2026042401123411621015580793,入账,4.77,聚合账户,货款结算入账,小店自卖,'6925593479584644376,'6925593479584644376,'SS76311099137546979930236,2026-04-14 13:21:57,'3808826072573804729,迷你小号无痕鸭嘴夹抓夹小夹子精致蝴蝶结碎发夹刘海夹高级感发卡,,,普通订单,5.02,0,0,0,0,0,0,0,0,0,0,0,-0.25,0,0,0,0,0,0,否,0,义乌市於郝电子商务商行（个体工商户）,订单结算
2026-04-24 01:12:39,'2026042401123335078518140793,入账,3.45,聚合账户,货款结算入账,小店自卖,'6952051374770624329,'6952051374770624329,'SS76295826623081395260111,2026-04-13 21:46:42,'3809647500009275888,趣味M豆ins可爱新款彩虹发绳高弹力发圈头绳2026新款耐用橡皮筋,,,普通订单,4.63,0,0,0,0,0,0,0,0,0,0,-1,-0.18,0,0,0,0,0,0,否,0,义乌市於郝电子商务商行（个体工商户）,订单结算
2026-04-24 01:12:39,'2026042401123427016729860793,入账,3.23,聚合账户,货款结算入账,巨量千川,'6952026608218216142,'6952026608218216142,'SS76310174045249211140169,2026-04-13 20:07:00,'3808518913650721160,新款高级牡丹花流苏抓夹毛毛发夹后脑勺显发量大号鲨鱼头饰发夹,,,普通订单,3.4,0,0,0,0,0,0,0,0,0,0,0,-0.17,0,0,0,0,0,0,否,0,义乌市於郝电子商务商行（个体工商户）,订单结算
2026-04-24 01:36:01,'2026042401355228243072400793,入账,4.86,聚合账户,货款结算入账,小店自卖,'6952073403541165591,'6952073403541165591,'SS76310481267631764940072,2026-04-15 12:26:22,'3811460006382010734,简约几何波浪珍珠抓夹女2026新款后脑勺发夹鲨鱼夹子大号发量发饰,,,普通订单,5.12,0,0,0,0,0,0,0,0,0,0,0,-0.26,0,0,0,0,0,0,否,0,义乌市於郝电子商务商行（个体工商户）,订单结算
2026-04-24 01:36:01,'2026042401355318718930070793,入账,4.33,聚合账户,货款结算入账,小店自卖,'6952183235395131076,'6952183235395131076,'SS76311663633233392790114,2026-04-18 22:58:31,'3811107016030683631,森系干枯山茶花朵7cm小抓夹 百搭气质发夹女后脑勺超仙鲨夹发饰,,,普通订单,4.56,0,0,0,0,0,0,0,0,0,0,0,-0.23,0,0,0,0,0,0,否,0,义乌市於郝电子商务商行（个体工商户）,订单结算
2026-04-24 01:36:01,'2026042401355528523564020793,入账,3.32,聚合账户,货款结算入账,小店自卖,'6925647342090354257,'6925647342090354257,'SS76311247753312056580244,2026-04-17 10:40:25,'3808518913650721160,新款高级牡丹花流苏抓夹毛毛发夹后脑勺显发量大号鲨鱼头饰发夹,,,普通订单,3.5,0,0,0,0,0,0,0,0,0,0,0,-0.18,0,0,0,0,0,0,否,0,义乌市於郝电子商务商行（个体工商户）,订单结算
2026-04-24 01:36:01,'2026042401355529240898910793,入账,3.26,聚合账户,货款结算入账,巨量千川,'6952097597943387779,'6952097597943387779,'SS76310068393129088340182,2026-04-15 10:56:06,'3808518913650721160,新款高级牡丹花流苏抓夹毛毛发夹后脑勺显发量大号鲨鱼头饰发夹,,,普通订单,3.43,0,0,0,0,0,0,0,0,0,0,0,-0.17,0,0,0,0,0,0,否,0,义乌市於郝电子商务商行（个体工商户）,订单结算
2026-04-24 01:36:01,'2026042401355315697513480793,入账,3.88,聚合账户,货款结算入账,小店自卖,'6952139701654132185,'6952139701654132185,'SS76311461269845445660068,2026-04-18 05:46:18,'3808509441058406492,新款扭扭麻花发箍女简约高颅顶带齿防滑洗脸头箍发卡高级感民族风,,,普通订单,4.08,0,0,0,0,0,0,0,0,0,0,0,-0.2,0,0,0,0,0,0,否,0,义乌市於郝电子商务商行（个体工商户）,订单结算
2026-04-24 01:36:01,'2026042401355425136340820793,入账,3.23,聚合账户,货款结算入账,小店自卖,'6952171525582886040,'6952171525582886040,'SS76311340906364974600067,2026-04-18 15:45:13,'3808518913650721160,新款高级牡丹花流苏抓夹毛毛发夹后脑勺显发量大号鲨鱼头饰发夹,,,普通订单,3.4,0,0,0,0,0,0,0,0,0,0,0,-0.17,0,0,0,0,0,0,,0,义乌市於郝电子商务商行（个体工商户）,订单结算
2026-04-24 01:36:01,'2026042401355435913569660793,入账,3.25,聚合账户,货款结算入账,小店自卖,'6925662720397769894,'6925662720397769894,'SS76311554575830228860152,2026-04-17 15:35:40,'3810358851828580654,虞书欣同款金属发扣圆形高级感侧边发扣边夹头饰小触角刘海发夹,,,普通订单,3.42,0,0,0,0,0,0,0,0,0,0,0,-0.17,0,0,0,0,0,0,否,0,义乌市於郝电子商务商行（个体工商户）,订单结算
2026-04-24 01:36:01,'2026042401355415397197150793,入账,1.89,聚合账户,货款结算入账,小店自卖,'6952147621130016655,'6952147621130016655,'SS76312209193244636220113,2026-04-17 11:46:10,'3808855327718375885,复古豹纹波点褶皱高马尾香蕉夹小号后脑勺竖夹韩系显发量发夹,,,普通订单,1.99,0,0,0,0,0,0,0,0,0,0,0,-0.1,0,0,0,0,0,0,否,0,义乌市於郝电子商务商行（个体工商户）,订单结算
2026-04-24 01:36:01,'2026042401355417239782400793,入账,3.15,聚合账户,货款结算入账,小店自卖,'6952143854480398053,'6952143854480398053,'SS76310659891363517960243,2026-04-17 22:08:03,'3808518913650721160,新款高级牡丹花流苏抓夹毛毛发夹后脑勺显发量大号鲨鱼头饰发夹,,,普通订单,3.32,0,0,0,0,0,0,0,0,0,0,0,-0.17,0,0,0,0,0,0,,0,义乌市於郝电子商务商行（个体工商户）,订单结算
2026-04-24 03:11:48,'2026042403114205333530030793,入账,1.89,聚合账户,货款结算入账,小店自卖,'6952026328421046010,'6952026328421046010,'SS76310141914867512840145,2026-04-13 16:39:54,'3808855327718375885,复古豹纹褶皱中号香蕉夹高级感马尾扭扭夹后脑勺韩系显发量发卡,,,普通订单,1.99,0,0,0,0,0,0,0,0,0,0,0,-0.1,0,0,0,0,0,0,否,0,义乌市於郝电子商务商行（个体工商户）,订单结算
2026-04-24 03:11:48,'2026042403114232046658620793,入账,4.2,聚合账户,货款结算入账,巨量千川,'6952141756931905195,'6952141756931905195,'SS76312028580553362180242,2026-04-17 20:50:26,'3811116864172589149,森系干枯山茶花朵7cm小抓夹百搭气质发夹女后脑勺超仙鲨鱼夹发饰,,,普通订单,4.42,0,0,0,0,0,0,0,0,0,0,0,-0.22,0,0,0,0,0,0,,0,义乌市於郝电子商务商行（个体工商户）,订单结算
2026-04-24 03:11:48,'2026042403114211496661000793,入账,3.4,聚合账户,货款结算入账,小店自卖,'6925225292187860902,'6925225292187729830,'SS76310824223561490340191,2026-03-29 16:27:29,'3809990588615491908,柠檬心情~2026新款清新发夹女后脑勺可爱蝴蝶结抓夹鲨鱼夹高级感,,,普通订单,3.58,0,0,0,0,0,0,0,0,0,0,0,-0.18,0,0,0,0,0,0,否,0,义乌市於郝电子商务商行（个体工商户）,订单结算
2026-04-24 03:11:48,'2026042403114306511004790793,入账,4.22,聚合账户,货款结算入账,小店自卖,'6952175861579125761,'6952175861579060225,'SS76311523569141358600087,2026-04-18 15:20:28,'3811116864172589149,森系干枯山茶花朵7cm小抓夹百搭气质发夹女后脑勺超仙鲨鱼夹发饰,,,普通订单,4.44,0,0,0,0,0,0,0,0,0,0,0,-0.22,0,0,0,0,0,0,否,0,义乌市於郝电子商务商行（个体工商户）,订单结算
2026-04-24 03:11:48,'2026042403114404698447880793,入账,3.91,聚合账户,货款结算入账,小店自卖,'6925581123594648978,'6925581123594648978,'SS76311019729590072680176,2026-04-14 11:42:33,'3808509441058406492,新款扭扭麻花发箍女简约高颅顶带齿防滑洗脸头箍发卡高级感民族风,,,普通订单,4.12,0,0,0,0,0,0,0,0,0,0,0,-0.21,0,0,0,0,0,0,否,0,义乌市於郝电子商务商行（个体工商户）,订单结算
2026-04-24 03:12:04,'2026042403115815857628700793,入账,1.89,聚合账户,货款结算入账,小店自卖,'6952055734805927692,'6952055734805927692,'SS76310146958768709310059,2026-04-13 22:18:53,'3808855327718375885,复古豹纹褶皱中号香蕉夹高级感马尾扭扭夹后脑勺韩系显发量发卡,,,普通订单,1.73,0,0,0.26,0,0,0,0,0,0,0,0,-0.1,0,0,0,0,0,0,否,0,义乌市於郝电子商务商行（个体工商户）,订单结算
2026-04-24 03:12:04,'2026042403115722618813790793,入账,1.89,聚合账户,货款结算入账,小店自卖,'6925580304267968359,'6925580304267968359,'SS76310148959097697740105,2026-04-14 00:27:55,'3808855327718375885,复古豹纹褶皱中号香蕉夹高级感马尾扭扭夹后脑勺韩系显发量发卡,,,普通订单,0.01,0,0,1.98,0,0,0,0,0,0,0,0,-0.1,0,0,0,0,0,0,,0,义乌市於郝电子商务商行（个体工商户）,订单结算
2026-04-24 03:12:04,'2026042403115907471762070793,入账,3.06,聚合账户,货款结算入账,小店自卖,'6925455148025478898,'6925455148025478898,'SS76310676826490311740101,2026-04-08 22:44:23,'3811282248515322341,可爱小黄鸡小猪发圈学生风萌系扎发神器黑色发绳扎头发皮筋卖头饰,,,普通订单,2.89,0,0,0.33,0,0,0,0,0,0,0,0,-0.16,0,0,0,0,0,0,否,0,义乌市於郝电子商务商行（个体工商户）,订单结算
2026-04-24 03:12:04,'2026042403115741656164470793,入账,4.03,聚合账户,货款结算入账,小店自卖,'6952051452557596460,'6952051452557596460,'SS76311140886825088260154,2026-04-13 22:44:18,'3811282248515322341,可爱小黄鸡小猪发圈学生风萌系扎发神器黑色发绳扎头发皮筋卖头饰,,,普通订单,0.24,0,0,4,0,0,0,0,0,0,0,0,-0.21,0,0,0,0,0,0,否,0,义乌市於郝电子商务商行（个体工商户）,订单结算
2026-04-24 03:12:04,'2026042403115730042854590793,入账,1.89,聚合账户,货款结算入账,巨量千川,'6952051863917368831,'6952051863917368831,'SS76310152658425615860249,2026-04-14 07:25:23,'3808855327718375885,复古豹纹褶皱中号香蕉夹高级感马尾扭扭夹后脑勺韩系显发量发卡,,,普通订单,0.01,0,0,1.98,0,0,0,0,0,0,0,0,-0.1,0,0,0,0,0,0,,0,义乌市於郝电子商务商行（个体工商户）,订单结算
2026-04-24 03:12:24,'2026042403121828883891460793,入账,1.89,聚合账户,货款结算入账,小店自卖,'6952047008429315110,'6952047008429315110,'SS76310146262763604940110,2026-04-13 22:53:10,'3808855327718375885,复古豹纹褶皱中号香蕉夹高级感马尾扭扭夹后脑勺韩系显发量发卡,,,普通订单,0.01,0,0,1.98,0,0,0,0,0,0,0,0,-0.1,0,0,0,0,0,0,否,0,义乌市於郝电子商务商行（个体工商户）,订单结算
2026-04-24 03:12:24,'2026042403121811911828820793,入账,3.27,聚合账户,货款结算入账,小店自卖,'6925710235185086090,'6925710235185086090,'SS76311528818568565910242,2026-04-19 14:31:34,'3811282248515322341,可爱小黄鸡小猪发圈学生风萌系扎发神器黑色发绳扎头发皮筋卖头饰,,,普通订单,0.44,0,0,3,0,0,0,0,0,0,0,0,-0.17,0,0,0,0,0,0,,0,义乌市於郝电子商务商行（个体工商户）,订单结算
2026-04-24 03:12:24,'2026042403121838178534900793,入账,2.94,聚合账户,货款结算入账,小店自卖,'6952060177220441282,'6952060177220375746,'SS76310164126985467300221,2026-04-13 22:19:17,'3808512101882920970,新款高颜值橡皮筋高级发圈简约可爱头绳不勒发绳无扎痕头饰发饰品,,,普通订单,2.09,0,0,1.01,0,0,0,0,0,0,0,0,-0.16,0,0,0,0,0,0,否,0,义乌市於郝电子商务商行（个体工商户）,订单结算
2026-04-24 03:12:24,'2026042403121900931476580793,入账,1.89,聚合账户,货款结算入账,小店自卖,'6952153455591560309,'6952153455591560309,'SS76310233975616309860152,2026-04-17 23:58:37,'3808855327718375885,复古豹纹波点褶皱高马尾香蕉夹小号后脑勺竖夹韩系显发量发夹,,,普通订单,0.01,0,0,1.98,0,0,0,0,0,0,0,0,-0.1,0,0,0,0,0,0,否,0,义乌市於郝电子商务商行（个体工商户）,订单结算
2026-04-24 03:12:24,'2026042403121922106772570793,入账,1.89,聚合账户,货款结算入账,小店自卖,'6951920323193476315,'6951920323193476315,'SS76311205572201559450200,2026-04-09 14:51:25,'3808855327718375885,复古豹纹褶皱中号香蕉夹高级感马尾扭扭夹后脑勺韩系显发量发卡,,,普通订单,0.01,0,0,1.98,0,0,0,0,0,0,0,0,-0.1,0,0,0,0,0,0,否,0,义乌市於郝电子商务商行（个体工商户）,订单结算
2026-04-24 03:12:38,'2026042403123313979978390793,入账,4.04,聚合账户,货款结算入账,小店自卖,'6925704693076033378,'6925704693076033378,'SS76310437055457203600140,2026-04-18 22:33:33,'3809273979772993843,新中式咖色碎花四层大肠发圈头花女慵懒风扎头发大号复古发饰头绳,,,普通订单,2.25,0,0,2,0,0,0,0,0,0,0,0,-0.21,0,0,0,0,0,0,否,0,义乌市於郝电子商务商行（个体工商户）,订单结算
2026-04-24 03:12:38,'2026042403123332848164340793,入账,2.26,聚合账户,货款结算入账,小店自卖,'6952055557170205873,'6952055557170205873,'SS76310281608176440860062,2026-04-13 20:43:39,'3809979415216128130,可爱小黄鸡发圈萌系扎发神器黑色发绳扎头发皮筋儿童卡子卖萌头饰,,,普通订单,0.41,0.4,0,1.97,0,0,0,0,0,0,0,0,-0.12,0,0,0,0,0,0,否,0,义乌市於郝电子商务商行（个体工商户）,订单结算
2026-04-24 03:12:38,'2026042403123314724961680793,入账,2.74,聚合账户,货款结算入账,巨量千川,'6925581965242433448,'6925581965242433448,'SS76310146128524744040197,2026-04-13 20:14:44,'3808514174103978347,明星同款高颅顶圆形金属发扣刘海发夹女前额侧边夹水钻发卡头饰,,,普通订单,0.01,0,0,2.87,0,0,0,0,0,0,0,0,-0.14,0,0,0,0,0,0,,0,义乌市於郝电子商务商行（个体工商户）,订单结算
2026-04-24 03:12:38,'2026042403123236253742600793,入账,5.68,聚合账户,货款结算入账,小店自卖,'6925571470471823118,'6925571470471823118,'SS76311087976417370120136,2026-04-13 23:08:38,'3811282248515322341,可爱小黄鸡小猪发圈学生风萌系扎发神器黑色发绳扎头发皮筋卖头饰,,,普通订单,2.98,0,0,3,0,0,0,0,0,0,0,0,-0.3,0,0,0,0,0,0,,0,义乌市於郝电子商务商行（个体工商户）,订单结算
2026-04-24 03:12:38,'2026042403123310789358230793,入账,1.89,聚合账户,货款结算入账,小店自卖,'6925584628339342578,'6925584628339342578,'SS76310147399531894110158,2026-04-13 23:43:56,'3808855327718375885,复古豹纹褶皱中号香蕉夹高级感马尾扭扭夹后脑勺韩系显发量发卡,,,普通订单,0.01,0,0,1.98,0,0,0,0,0,0,0,0,-0.1,0,0,0,0,0,0,否,0,义乌市於郝电子商务商行（个体工商户）,订单结算
2026-04-24 03:13:31,'2026042403132517961618260793,入账,5.68,聚合账户,货款结算入账,小店自卖,'6951819471285589812,'6951819471285589812,'SS76311047942031613900090,2026-04-04 12:02:52,'3811282248515322341,可爱小黄鸡小猪发圈学生风萌系扎发神器黑色发绳扎头发皮筋卖头饰,,,普通订单,2.98,0,0,3,0,0,0,0,0,0,0,0,-0.3,0,0,0,0,0,0,否,0,义乌市於郝电子商务商行（个体工商户）,订单结算
2026-04-24 03:13:31,'2026042403132519009704960793,入账,3.14,聚合账户,货款结算入账,小店自卖,'6925578107919891627,'6925578107919891627,'SS76310281489774065100149,2026-04-14 03:14:24,'3808522822146457689,夏天简约随手盘发一字夹扭扭夹水钻抓夹高级发夹扭扭后脑勺盘发器,,,普通订单,1.31,0,0,2,0,0,0,0,0,0,0,0,-0.17,0,0,0,0,0,0,否,0,义乌市於郝电子商务商行（个体工商户）,订单结算
2026-04-24 03:13:31,'2026042403132624924490590793,入账,4.27,聚合账户,货款结算入账,小店自卖,'6925577607799274620,'6925577607799274620,'SS76310281781990202980138,2026-04-13 21:32:51,'3809014413466402928,大肠圈蝴蝶头花带新款波点飘带大肠发圈高级感扎头发皮筋发饰发绳,,,普通订单,3.15,0,0,1.35,0,0,0,0,0,0,0,0,-0.23,0,0,0,0,0,0,,0,义乌市於郝电子商务商行（个体工商户）,订单结算
2026-04-24 03:13:31,'2026042403132624589770760793,入账,1.89,聚合账户,货款结算入账,小店自卖,'6952060373757728248,'6952060373757728248,'SS76310153377959452540087,2026-04-13 23:49:41,'3808855327718375885,复古豹纹褶皱中号香蕉夹高级感马尾扭扭夹后脑勺韩系显发量发卡,,,普通订单,0.01,0,0,1.98,0,0,0,0,0,0,0,0,-0.1,0,0,0,0,0,0,否,0,义乌市於郝电子商务商行（个体工商户）,订单结算
2026-04-24 03:13:31,'2026042403132534903001950793,入账,4.81,聚合账户,货款结算入账,小店自卖,'6925674736059055969,'6925674736059055969,'SS76312018165853926910095,2026-04-18 00:02:29,'3808518913650721160,新款高级牡丹花流苏抓夹毛毛发夹后脑勺显发量大号鲨鱼头饰发夹,,,普通订单,3.55,0,0,1.51,0,0,0,0,0,0,0,0,-0.25,0,0,0,0,0,0,,0,义乌市於郝电子商务商行（个体工商户）,订单结算
2026-04-24 03:15:05,'2026042403150121435026190793,入账,3.69,聚合账户,货款结算入账,小店自卖,'6952050404882846811,'6952050404882846811,'SS76311394116150440960039,2026-04-13 12:43:02,'3808681227066671182,简约大肠珍珠发圈头绳2026新款橡皮筋女扎头发优雅皮套高颜值发绳,,,普通订单,3.88,0,0,0,0,0,0,0,0,0,0,0,-0.19,0,0,0,0,0,0,否,0,义乌市於郝电子商务商行（个体工商户）,订单结算
2026-04-24 03:15:05,'2026042403150115023480830793,入账,3.19,聚合账户,货款结算入账,小店自卖,'6952039649514100400,'6952039649514100400,'SS76310152210009830820184,2026-04-13 16:17:59,'3808855327718375885,复古豹纹褶皱中号香蕉夹高级感马尾扭扭夹后脑勺韩系显发量发卡,,,普通订单,3.29,0,0,0.07,0,0,0,0,0,0,0,0,-0.17,0,0,0,0,0,0,,0,义乌市於郝电子商务商行（个体工商户）,订单结算
2026-04-24 03:15:05,'2026042403145939819512660793,入账,1.89,聚合账户,货款结算入账,小店自卖,'6925564385167965461,'6925564385167965461,'SS76310148005793636260072,2026-04-13 23:12:16,'3808855327718375885,复古豹纹褶皱中号香蕉夹高级感马尾扭扭夹后脑勺韩系显发量发卡,,,普通订单,0.01,0,0,1.98,0,0,0,0,0,0,0,0,-0.1,0,0,0,0,0,0,否,0,义乌市於郝电子商务商行（个体工商户）,订单结算
2026-04-24 03:15:06,'2026042403150100188260360793,入账,1.89,聚合账户,货款结算入账,小店自卖,'6925582167730585507,'6925582167730585507,'SS76310153125075525640135,2026-04-13 21:29:39,'3808855327718375885,复古豹纹褶皱中号香蕉夹高级感马尾扭扭夹后脑勺韩系显发量发卡,,,普通订单,1.99,0,0,0,0,0,0,0,0,0,0,0,-0.1,0,0,0,0,0,0,否,0,义乌市於郝电子商务商行（个体工商户）,订单结算
2026-04-24 03:15:06,'2026042403145926141537620793,入账,2.84,聚合账户,货款结算入账,小店自卖,'6925583896587435232,'6925583896587435232,'SS76311106095094379920238,2026-04-13 19:09:34,'3808855327718375885,复古豹纹褶皱中号香蕉夹高级感马尾扭扭夹后脑勺韩系显发量发卡,,,普通订单,2.99,1,0,0,0,0,0,0,0,0,0,0,-0.15,0,0,0,0,0,0,否,0,义乌市於郝电子商务商行（个体工商户）,订单结算
2026-04-24 03:15:12,'2026042403150421238909780793,入账,3.19,聚合账户,货款结算入账,小店自卖,'6925668059400273728,'6925668059400273728,'SS76311838043438494720028,2026-04-18 06:21:54,'3808855327718375885,复古豹纹波点褶皱高马尾香蕉夹小号后脑勺竖夹韩系显发量发夹,,,普通订单,3.36,0,0,0,0,0,0,0,0,0,0,0,-0.17,0,0,0,0,0,0,否,0,义乌市於郝电子商务商行（个体工商户）,订单结算
2026-04-24 03:15:14,'2026042403150839678120960793,入账,5.68,聚合账户,货款结算入账,小店自卖,'6925564255928876374,'6925564255928876374,'SS76311087684364045220054,2026-04-13 22:35:14,'3811282248515322341,可爱小黄鸡小猪发圈学生风萌系扎发神器黑色发绳扎头发皮筋卖头饰,,,普通订单,0.98,0,0,5,0,0,0,0,0,0,0,0,-0.3,0,0,0,0,0,0,否,0,义乌市於郝电子商务商行（个体工商户）,订单结算
2026-04-24 03:15:14,'2026042403150940644124160793,入账,3.19,聚合账户,货款结算入账,小店自卖,'6925616127829966484,'6925616127829966484,'SS76310810531506102300177,2026-04-15 22:46:57,'3811460944933028222,简约几何波浪珍珠抓夹女2026新款后脑勺发夹鲨鱼夹子大号发量发饰,,,普通订单,3.36,0,0,0,0,0,0,0,0,0,0,0,-0.17,0,0,0,0,0,0,否,0,义乌市於郝电子商务商行（个体工商户）,订单结算
2026-04-24 03:15:14,'2026042403150838253573270793,入账,1.89,聚合账户,货款结算入账,小店自卖,'6952058024195593952,'6952058024195593952,'SS76310152501633521160109,2026-04-14 04:54:59,'3808855327718375885,复古豹纹褶皱中号香蕉夹高级感马尾扭扭夹后脑勺韩系显发量发卡,,,普通订单,1.99,0,0,0,0,0,0,0,0,0,0,0,-0.1,0,0,0,0,0,0,否,0,义乌市於郝电子商务商行（个体工商户）,订单结算
2026-04-24 03:15:15,'2026042403150734697551700793,入账,7.21,聚合账户,货款结算入账,小店自卖,'6925577983122833022,'6925577983122833022,'SS76311027289329341790237,2026-04-14 00:10:17,'3809586825216000110,春夏撞色甜美蝴蝶结发夹女后脑勺抓夹2026新款气质大号盘发鸭嘴夹,,,普通订单,7.59,0,0,0,0,0,0,0,0,0,0,0,-0.38,0,0,0,0,0,0,否,0,义乌市於郝电子商务商行（个体工商户）,订单结算
2026-04-24 03:15:15,'2026042403150826846174870793,入账,2.69,聚合账户,货款结算入账,小店自卖,'6952061314229081912,'6952061314229081912,'SS76308979237274915930154,2026-04-14 15:00:25,'3808826072573804729,迷你小号无痕鸭嘴夹抓夹小夹子精致蝴蝶结碎发夹刘海夹高级感发卡,,,普通订单,2.83,0,0,0,0,0,0,0,0,0,0,0,-0.14,0,0,0,0,0,0,否,0,义乌市於郝电子商务商行（个体工商户）,订单结算
2026-04-24 03:18:36,'2026042403183004791833950793,入账,1.89,聚合账户,货款结算入账,小店自卖,'6951923435970893524,'6951923435970893524,'SS76310064100966735780055,2026-04-09 00:02:29,'3808855327718375885,复古豹纹褶皱中号香蕉夹高级感马尾扭扭夹后脑勺韩系显发量发卡,,,普通订单,1.99,0,0,0,0,0,0,0,0,0,0,0,-0.1,0,0,0,0,0,0,否,0,义乌市於郝电子商务商行（个体工商户）,订单结算
2026-04-24 03:18:36,'2026042403183107896932240793,入账,4.81,聚合账户,货款结算入账,小店自卖,'6952040685614142486,'6952040685614142486,'SS76310173896490358110121,2026-04-14 08:27:06,'3808518913650721160,新款高级牡丹花流苏抓夹毛毛发夹后脑勺显发量大号鲨鱼头饰发夹,,,普通订单,5.06,0,0,0,0,0,0,0,0,0,0,0,-0.25,0,0,0,0,0,0,否,0,义乌市於郝电子商务商行（个体工商户）,订单结算
2026-04-24 03:18:36,'2026042403183117578603860793,入账,3.32,聚合账户,货款结算入账,小店自卖,'6952111764041045331,'6952111764041045331,'SS76310396376962997910036,2026-04-15 18:41:50,'3808518913650721160,新款高级牡丹花流苏抓夹毛毛发夹后脑勺显发量大号鲨鱼头饰发夹,,,普通订单,3.5,0,0,0,0,0,0,0,0,0,0,0,-0.18,0,0,0,0,0,0,否,0,义乌市於郝电子商务商行（个体工商户）,订单结算
2026-04-24 03:18:36,'2026042403183101135457620793,入账,3.26,聚合账户,货款结算入账,小店自卖,'6952045290694711252,'6952045290694711252,'SS76310169710478013790220,2026-04-14 06:17:31,'3808518913650721160,新款高级牡丹花流苏抓夹毛毛发夹后脑勺显发量大号鲨鱼头饰发夹,,,普通订单,3.43,0,0,0,0,0,0,0,0,0,0,0,-0.17,0,0,0,0,0,0,否,0,义乌市於郝电子商务商行（个体工商户）,订单结算
2026-04-24 03:18:36,'2026042403183128941355920793,入账,3.31,聚合账户,货款结算入账,小店自卖,'6925573224116681738,'6925573224116681738,'SS76310281487253675520015,2026-04-13 19:59:31,'3809979415216128130,可爱小黄鸡发圈萌系扎发神器黑色发绳扎头发皮筋儿童卡子卖萌头饰,,,普通订单,3.48,0,0,0,0,0,0,0,0,0,0,0,-0.17,0,0,0,0,0,0,,0,义乌市於郝电子商务商行（个体工商户）,订单结算
2026-04-24 03:18:52,'2026042403184719349017870793,入账,1.37,聚合账户,货款结算入账,巨量千川,'6952064500335645797,'6952064500335645797,'SS76300639821499602180113,2026-04-13 23:20:36,'3809602909876912378,2026韩系格子方巾大肠发圈高级慵懒风发绳扎方形头发头绳大号发饰,,,普通订单,6.44,0,0,0,0,0,0,0,0,0,0,-5,-0.07,0,0,0,0,0,0,否,0,义乌市於郝电子商务商行（个体工商户）,订单结算
2026-04-24 03:18:52,'2026042403184715481738390793,入账,5.37,聚合账户,货款结算入账,小店自卖,'6925585516168183508,'6925585516168183508,'SS76311143679538959760195,2026-04-14 11:58:29,'3809250958639235257,高级感复古碎花飘带大肠发圈女2026新款扎马尾丸子头大号皮筋发绳,,,普通订单,5.65,0,0,0,0,0,0,0,0,0,0,0,-0.28,0,0,0,0,0,0,否,0,义乌市於郝电子商务商行（个体工商户）,订单结算
2026-04-24 03:18:53,'2026042403184537260336990793,入账,2.72,聚合账户,货款结算入账,小店自卖,'6925580357740100859,'6925580357740100859,'SS76292473256507807180211,2026-04-14 01:41:46,'3808518913650721160,新款高级牡丹花流苏抓夹毛毛发夹后脑勺显发量大号鲨鱼头饰发夹,,,普通订单,4.86,0,0,0,0,0,0,0,0,0,0,-2,-0.14,0,0,0,0,0,0,否,0,义乌市於郝电子商务商行（个体工商户）,订单结算
2026-04-24 03:18:53,'2026042403184719222861320793,入账,1.89,聚合账户,货款结算入账,小店自卖,'6925577218273606658,'6925577218273606658,'SS76310143337050775130076,2026-04-13 18:48:35,'3808855327718375885,复古豹纹褶皱中号香蕉夹高级感马尾扭扭夹后脑勺韩系显发量发卡,,,普通订单,1.99,0,0,0,0,0,0,0,0,0,0,0,-0.1,0,0,0,0,0,0,否,0,义乌市於郝电子商务商行（个体工商户）,订单结算
2026-04-24 03:18:53,'2026042403184701052516240793,入账,3.29,聚合账户,货款结算入账,小店自卖,'6925343075880304599,'6925343075880304599,'SS76310486301027535620086,2026-04-03 20:10:50,'3808855327718375885,复古豹纹褶皱中号香蕉夹高级感马尾扭扭夹后脑勺韩系显发量发卡,,,普通订单,3.46,0,0,0,0,0,0,0,0,0,0,0,-0.17,0,0,0,0,0,0,否,0,义乌市於郝电子商务商行（个体工商户）,订单结算
2026-04-24 03:19:15,'2026042403190929370332680793,入账,3.64,聚合账户,货款结算入账,小店自卖,'6925575493997657205,'6925575493997657205,'SS76311098589557230540230,2026-04-13 22:50:43,'3808826072573804729,迷你小号无痕鸭嘴夹抓夹小夹子精致蝴蝶结碎发夹刘海夹高级感发卡,,,普通订单,3.83,1,0,0,0,0,0,0,0,0,0,0,-0.19,0,0,0,0,0,0,否,0,义乌市於郝电子商务商行（个体工商户）,订单结算
2026-04-24 03:19:15,'2026042403191008101076480793,入账,1.89,聚合账户,货款结算入账,小店自卖,'6925619933414063308,'6925619933414063308,'SS76311252817266447510215,2026-04-15 18:45:05,'3808855327718375885,复古豹纹波点褶皱高马尾香蕉夹小号后脑勺竖夹韩系显发量发夹,,,普通订单,1.99,0,0,0,0,0,0,0,0,0,0,0,-0.1,0,0,0,0,0,0,否,0,义乌市於郝电子商务商行（个体工商户）,订单结算
2026-04-24 03:19:15,'2026042403190916065825910793,入账,3.59,聚合账户,货款结算入账,小店自卖,'6952057497483744757,'6952057497483744757,'SS76310281478196925590018,2026-04-13 19:56:40,'3811105102513700872,新款五角星发夹发扣韩国少女甜美甜酷侧边夹顶刘海前额固定卡子,,,普通订单,3.78,0,0,0,0,0,0,0,0,0,0,0,-0.19,0,0,0,0,0,0,否,0,义乌市於郝电子商务商行（个体工商户）,订单结算
2026-04-24 03:19:15,'2026042403190830583032470793,入账,3.32,聚合账户,货款结算入账,小店自卖,'6925575199798361482,'6925575199798361482,'SS76311097259458235420117,2026-04-13 21:16:53,'3812210500259938495,可爱蝴蝶结小猫无痕刘海贴魔术贴发饰少女前额侧边碎发贴整理神器,,,普通订单,3.49,0,0,0,0,0,0,0,0,0,0,0,-0.17,0,0,0,0,0,0,否,0,义乌市於郝电子商务商行（个体工商户）,订单结算
2026-04-24 03:19:15,'2026042403191017849390430793,入账,1.89,聚合账户,货款结算入账,小店自卖,'6925696634622868522,'6925696634622868522,'SS76311349280596298240250,2026-04-19 11:14:22,'3808855327718375885,复古豹纹波点褶皱高马尾香蕉夹小号后脑勺竖夹韩系显发量发夹,,,普通订单,1.99,0,0,0,0,0,0,0,0,0,0,0,-0.1,0,0,0,0,0,0,否,0,义乌市於郝电子商务商行（个体工商户）,订单结算
2026-04-24 03:19:28,'2026042403192313002345480793,入账,1.89,聚合账户,货款结算入账,小店自卖,'6925562421149007799,'6925562421149007799,'SS76310142134476477900052,2026-04-13 17:17:03,'3808855327718375885,复古豹纹褶皱中号香蕉夹高级感马尾扭扭夹后脑勺韩系显发量发卡,,,普通订单,1.99,0,0,0,0,0,0,0,0,0,0,0,-0.1,0,0,0,0,0,0,否,0,义乌市於郝电子商务商行（个体工商户）,订单结算
2026-04-24 03:19:28,'2026042403192206596695100793,入账,3.31,聚合账户,货款结算入账,小店自卖,'6952067452407977900,'6952067452407977900,'SS76310689168205952510143,2026-04-14 10:18:47,'3809979415216128130,可爱小黄鸡发圈萌系扎发神器黑色发绳扎头发皮筋儿童卡子卖萌头饰,,,普通订单,3.48,0,0,0,0,0,0,0,0,0,0,0,-0.17,0,0,0,0,0,0,否,0,义乌市於郝电子商务商行（个体工商户）,订单结算
2026-04-24 03:19:28,'2026042403192312754621840793,入账,1.89,聚合账户,货款结算入账,小店自卖,'6925588418552561587,'6925588418552561587,'SS76310152693095347720228,2026-04-14 07:29:12,'3808855327718375885,复古豹纹褶皱中号香蕉夹高级感马尾扭扭夹后脑勺韩系显发量发卡,,,普通订单,1.99,0,0,0,0,0,0,0,0,0,0,0,-0.1,0,0,0,0,0,0,否,0,义乌市於郝电子商务商行（个体工商户）,订单结算
2026-04-24 03:19:28,'2026042403192228656481910793,入账,3.23,聚合账户,货款结算入账,巨量千川,'6952067190394525452,'6952067190394525452,'SS76310168463729792350001,2026-04-14 08:06:38,'3808518913650721160,新款高级牡丹花流苏抓夹毛毛发夹后脑勺显发量大号鲨鱼头饰发夹,,,普通订单,3.4,0,0,0,0,0,0,0,0,0,0,0,-0.17,0,0,0,0,0,0,否,0,义乌市於郝电子商务商行（个体工商户）,订单结算
2026-04-24 03:19:28,'2026042403192211711165960793,入账,1.89,聚合账户,货款结算入账,小店自卖,'6925566598435864220,'6925566598435864220,'SS76310147482108564910212,2026-04-13 23:57:35,'3808855327718375885,复古豹纹褶皱中号香蕉夹高级感马尾扭扭夹后脑勺韩系显发量发卡,,,普通订单,1.99,0,0,0,0,0,0,0,0,0,0,0,-0.1,0,0,0,0,0,0,否,0,义乌市於郝电子商务商行（个体工商户）,订单结算
2026-04-24 03:19:43,'2026042403193919969155190793,入账,7.83,聚合账户,货款结算入账,小店自卖,'6952033360529528314,'6952033360529528314,'SS76311086900955389780227,2026-04-13 19:11:34,'3809608072410824827,气质抓夹大号发量多2026新款简约发夹女后脑勺鲨鱼夹高级感头饰,,,普通订单,8.24,0,0,0,0,0,0,0,0,0,0,0,-0.41,0,0,0,0,0,0,否,0,义乌市於郝电子商务商行（个体工商户）,订单结算
2026-04-24 03:19:43,'2026042403193827275763720793,入账,4.25,聚合账户,货款结算入账,小店自卖,'6925453369183010329,'6925453369183010329,'SS76310546175690842020028,2026-04-09 08:06:40,'3811278299200618837,可爱比奇堡丑萌搞怪呆呆鱼迷你发夹碎发前额发饰刘海发卡饰品头饰,,,普通订单,4.47,0,0,0,0,0,0,0,0,0,0,0,-0.22,0,0,0,0,0,0,否,0,义乌市於郝电子商务商行（个体工商户）,订单结算
2026-04-24 03:19:44,'2026042403193729411090550793,入账,4.81,聚合账户,货款结算入账,小店自卖,'6952064718056985996,'6952064718056985996,'SS76310173804049085540074,2026-04-14 07:30:58,'3808518913650721160,新款高级牡丹花流苏抓夹毛毛发夹后脑勺显发量大号鲨鱼头饰发夹,,,普通订单,5.06,0,0,0,0,0,0,0,0,0,0,0,-0.25,0,0,0,0,0,0,,0,义乌市於郝电子商务商行（个体工商户）,订单结算
2026-04-24 03:19:44,'2026042403193931332152380793,入账,3.91,聚合账户,货款结算入账,小店自卖,'6952044550379083554,'6952044550379083554,'SS76311018400726758660038,2026-04-13 19:05:44,'3808509441058406492,新款扭扭麻花发箍女简约高颅顶带齿防滑洗脸头箍发卡高级感民族风,,,普通订单,4.12,0,0,0,0,0,0,0,0,0,0,0,-0.21,0,0,0,0,0,0,否,0,义乌市於郝电子商务商行（个体工商户）,订单结算
2026-04-24 03:19:44,'2026042403193719890998120793,入账,3.79,聚合账户,货款结算入账,小店自卖,'6952049087509829522,'6952049087509829522,'SS76310280967622003600241,2026-04-13 22:29:06,'3808509441058406492,新款扭扭麻花发箍女简约高颅顶带齿防滑洗脸头箍发卡高级感民族风,,,普通订单,3.99,0,0,0,0,0,0,0,0,0,0,0,-0.2,0,0,0,0,0,0,否,0,义乌市於郝电子商务商行（个体工商户）,订单结算
2026-04-24 03:22:25,'2026042403221800761697280793,入账,5.68,聚合账户,货款结算入账,小店自卖,'6952071822445254425,'6952071822445254425,'SS76311088541173353460159,2026-04-14 14:10:21,'3811282248515322341,可爱小黄鸡小猪发圈学生风萌系扎发神器黑色发绳扎头发皮筋卖头饰,,,普通订单,5.98,0,0,0,0,0,0,0,0,0,0,0,-0.3,0,0,0,0,0,0,否,0,义乌市於郝电子商务商行（个体工商户）,订单结算
2026-04-24 03:22:25,'2026042403221803151959390793,入账,2.86,聚合账户,货款结算入账,小店自卖,'6952062372951037348,'6952062372951037348,'SS76311412893751386030204,2026-04-13 23:37:45,'3809438133272051839,韩版新款格纹蝴蝶结香蕉夹复古少女中号马尾夹百搭扭扭发卡抓夹,,,普通订单,3.01,0,0,0,0,0,0,0,0,0,0,0,-0.15,0,0,0,0,0,0,否,0,义乌市於郝电子商务商行（个体工商户）,订单结算
2026-04-24 03:22:25,'2026042403221941416504720793,入账,10.31,聚合账户,货款结算入账,小店自卖,'6952056762387403903,'6952056762387403903,'SS76311146774999741820136,2026-04-14 14:58:45,'3811294538555850878,韩系复古大肠蕾丝发圈波点新款高级四层头发丸子马尾高级头绳发饰,,,普通订单,10.85,0,0,0,0,0,0,0,0,0,0,0,-0.54,0,0,0,0,0,0,否,0,义乌市於郝电子商务商行（个体工商户）,订单结算
2026-04-24 03:22:25,'2026042403221917719790420793,入账,1.89,聚合账户,货款结算入账,小店自卖,'6925455886169439488,'6925455886169439488,'SS76310892455802314700144,2026-04-09 10:24:00,'3808855327718375885,复古豹纹褶皱中号香蕉夹高级感马尾扭扭夹后脑勺韩系显发量发卡,,,普通订单,1.99,0,0,0,0,0,0,0,0,0,0,0,-0.1,0,0,0,0,0,0,,0,义乌市於郝电子商务商行（个体工商户）,订单结算
2026-04-24 03:22:25,'2026042403221917703736840793,入账,6.46,聚合账户,货款结算入账,巨量千川,'6952053048860677915,'6952053048860677915,'SS76311413030457390140247,2026-04-13 16:24:14,'3808515754769383695,2026新款高级牡丹花流苏抓夹毛毛发夹后脑勺显发量大号鲨鱼夹头饰,,,普通订单,6.8,0,0,0,0,0,0,0,0,0,0,0,-0.34,0,0,0,0,0,0,否,0,义乌市於郝电子商务商行（个体工商户）,订单结算
2026-04-24 03:22:39,'2026042403223403794089480793,入账,3.19,聚合账户,货款结算入账,小店自卖,'6952060388459747187,'6952060388459747187,'SS76310151486097659230193,2026-04-13 23:54:58,'3808855327718375885,复古豹纹褶皱中号香蕉夹高级感马尾扭扭夹后脑勺韩系显发量发卡,,,普通订单,3.36,0,0,0,0,0,0,0,0,0,0,0,-0.17,0,0,0,0,0,0,否,0,义乌市於郝电子商务商行（个体工商户）,订单结算
2026-04-24 03:22:39,'2026042403223305379853200793,入账,4.35,聚合账户,货款结算入账,小店自卖,'6925633568638729928,'6925633568638729928,'SS76312244906801567100041,2026-04-15 23:41:24,'3809979415216128130,可爱小黄鸡发圈萌系扎发神器黑色发绳扎头发皮筋儿童卡子卖萌头饰,,,普通订单,4.58,0,0,0,0,0,0,0,0,0,0,0,-0.23,0,0,0,0,0,0,否,0,义乌市於郝电子商务商行（个体工商户）,订单结算
2026-04-24 03:22:39,'2026042403223304623731600793,入账,2.71,聚合账户,货款结算入账,小店自卖,'6952035428692662070,'6952035428692662070,'SS76311396953046554230229,2026-04-13 19:36:19,'3809214874429555055,【LOVEIXCC】新款法式网红发箍发卡宽边复古秋冬头饰百搭高级盘发器,,,普通订单,2.85,0,0,0,0,0,0,0,0,0,0,0,-0.14,0,0,0,0,0,0,否,0,义乌市於郝电子商务商行（个体工商户）,订单结算
2026-04-24 03:22:39,'2026042403223131131243860793,入账,4.33,聚合账户,货款结算入账,小店自卖,'6925574858709761562,'6925574858709761562,'SS76310281315418934280154,2026-04-13 18:42:45,'3811107016030683631,森系干枯山茶花朵7cm小抓夹 百搭气质发夹女后脑勺超仙鲨夹发饰,,,普通订单,4.56,0,0,0,0,0,0,0,0,0,0,0,-0.23,0,0,0,0,0,0,否,0,义乌市於郝电子商务商行（个体工商户）,订单结算
2026-04-24 03:22:39,'2026042403223424204252310793,入账,5.51,聚合账户,货款结算入账,小店自卖,'6952050893085349387,'6952050893085349387,'SS76311409577959595870060,2026-04-13 17:05:44,'3812210500259938495,可爱蝴蝶结小猫无痕刘海贴魔术贴发饰少女前额侧边碎发贴整理神器,,,普通订单,5.8,0,0,0,0,0,0,0,0,0,0,0,-0.29,0,0,0,0,0,0,否,0,义乌市於郝电子商务商行（个体工商户）,订单结算
2026-04-24 03:22:45,'2026042403223736456248470793,入账,4.33,聚合账户,货款结算入账,小店自卖,'6952048855180842723,'6952048855180842723,'SS76310281638970662590074,2026-04-13 20:41:24,'3811107016030683631,森系干枯山茶花朵7cm小抓夹 百搭气质发夹女后脑勺超仙鲨夹发饰,,,普通订单,4.56,0,0,0,0,0,0,0,0,0,0,0,-0.23,0,0,0,0,0,0,否,0,义乌市於郝电子商务商行（个体工商户）,订单结算
2026-04-24 03:22:45,'2026042403223840102958430793,入账,5.68,聚合账户,货款结算入账,小店自卖,'6952127517433205982,'6952127517433205982,'SS76310685663077053840062,2026-04-17 09:11:04,'3811282248515322341,可爱小黄鸡小猪发圈学生风萌系扎发神器黑色发绳扎头发皮筋卖头饰,,,普通订单,5.98,0,0,0,0,0,0,0,0,0,0,0,-0.3,0,0,0,0,0,0,否,0,义乌市於郝电子商务商行（个体工商户）,订单结算
2026-04-24 03:22:45,'2026042403223836281922560793,入账,3.89,聚合账户,货款结算入账,小店自卖,'6952062428834240074,'6952062428834240074,'SS76311106009108324190123,2026-04-14 01:32:42,'3808855327718375885,复古豹纹褶皱中号香蕉夹高级感马尾扭扭夹后脑勺韩系显发量发卡,,,普通订单,4.09,0,0,0,0,0,0,0,0,0,0,0,-0.2,0,0,0,0,0,0,否,0,义乌市於郝电子商务商行（个体工商户）,订单结算
2026-04-24 03:22:45,'2026042403223716873556480793,入账,1.89,聚合账户,货款结算入账,小店自卖,'6952039819650275288,'6952039819650275288,'SS76310142055176604430000,2026-04-13 17:26:59,'3808855327718375885,复古豹纹褶皱中号香蕉夹高级感马尾扭扭夹后脑勺韩系显发量发卡,,,普通订单,1.99,0,0,0,0,0,0,0,0,0,0,0,-0.1,0,0,0,0,0,0,否,0,义乌市於郝电子商务商行（个体工商户）,订单结算
2026-04-24 03:22:45,'2026042403223838755376640793,入账,5.68,聚合账户,货款结算入账,小店自卖,'6925575020945374650,'6925575020945374650,'SS76311087757401134490169,2026-04-13 20:05:36,'3811282248515322341,可爱小黄鸡小猪发圈学生风萌系扎发神器黑色发绳扎头发皮筋卖头饰,,,普通订单,5.98,0,0,0,0,0,0,0,0,0,0,0,-0.3,0,0,0,0,0,0,否,0,义乌市於郝电子商务商行（个体工商户）,订单结算
2026-04-24 03:22:52,'2026042403224713424604160793,入账,1.89,聚合账户,货款结算入账,小店自卖,'6925707888619453824,'6925707888619453824,'SS76311396783006725640021,2026-04-19 10:31:39,'3808855327718375885,复古豹纹波点褶皱高马尾香蕉夹小号后脑勺竖夹韩系显发量发夹,,,普通订单,1.99,0,0,0,0,0,0,0,0,0,0,0,-0.1,0,0,0,0,0,0,否,0,义乌市於郝电子商务商行（个体工商户）,订单结算
2026-04-24 03:22:52,'2026042403224436337257110793,入账,5.68,聚合账户,货款结算入账,小店自卖,'6925580207197027357,'6925580207197027357,'SS76311087847528532990088,2026-04-13 23:25:03,'3811282248515322341,可爱小黄鸡小猪发圈学生风萌系扎发神器黑色发绳扎头发皮筋卖头饰,,,普通订单,5.98,0,0,0,0,0,0,0,0,0,0,0,-0.3,0,0,0,0,0,0,否,0,义乌市於郝电子商务商行（个体工商户）,订单结算
2026-04-24 03:22:52,'2026042403224630506890640793,入账,4.81,聚合账户,货款结算入账,小店自卖,'6925579246263434698,'6925579246263434698,'SS76310173586390389910105,2026-04-13 16:59:34,'3808515754769383695,2026新款高级牡丹花流苏抓夹毛毛发夹后脑勺显发量大号鲨鱼夹头饰,,,普通订单,5.06,0,0,0,0,0,0,0,0,0,0,0,-0.25,0,0,0,0,0,0,,0,义乌市於郝电子商务商行（个体工商户）,订单结算
2026-04-24 03:22:52,'2026042403224540104435720793,入账,3.32,聚合账户,货款结算入账,小店自卖,'6952148281133045182,'6952148281133045182,'SS76311941727883638260146,2026-04-17 20:27:29,'3808518913650721160,新款高级牡丹花流苏抓夹毛毛发夹后脑勺显发量大号鲨鱼头饰发夹,,,普通订单,3.5,0,0,0,0,0,0,0,0,0,0,0,-0.18,0,0,0,0,0,0,,0,义乌市於郝电子商务商行（个体工商户）,订单结算
2026-04-24 03:22:52,'2026042403224532644959060793,入账,3.91,聚合账户,货款结算入账,小店自卖,'6925565520937843753,'6925565520937843753,'SS76311018352096545710090,2026-04-13 15:45:19,'3808509441058406492,新款扭扭麻花发箍女简约高颅顶带齿防滑洗脸头箍发卡高级感民族风,,,普通订单,4.12,0,0,0,0,0,0,0,0,0,0,0,-0.21,0,0,0,0,0,0,否,0,义乌市於郝电子商务商行（个体工商户）,订单结算
2026-04-24 03:27:07,'2026042403270205845655500793,入账,1.89,聚合账户,货款结算入账,小店自卖,'6952048907151021148,'6952048907151021148,'SS76311105463607626510174,2026-04-13 21:37:07,'3808855327718375885,复古豹纹褶皱中号香蕉夹高级感马尾扭扭夹后脑勺韩系显发量发卡,,,普通订单,0.01,0,0,1.98,0,0,0,0,0,0,0,0,-0.1,0,0,0,0,0,0,否,0,义乌市於郝电子商务商行（个体工商户）,订单结算
2026-04-24 03:27:07,'2026042403270213851530620793,入账,1.89,聚合账户,货款结算入账,小店自卖,'6952064901040510144,'6952064901040510144,'SS76310773281940119440020,2026-04-14 09:39:32,'3808855327718375885,复古豹纹褶皱中号香蕉夹高级感马尾扭扭夹后脑勺韩系显发量发卡,,,普通订单,0.01,0,0,1.98,0,0,0,0,0,0,0,0,-0.1,0,0,0,0,0,0,否,0,义乌市於郝电子商务商行（个体工商户）,订单结算
2026-04-24 03:27:08,'2026042403270003618741760793,入账,2.86,聚合账户,货款结算入账,小店自卖,'6925719986631048386,'6925719986631048386,'SS76311476927016801550032,2026-04-20 09:03:44,'3809438133272051839,韩版新款格纹蝴蝶结香蕉夹复古少女中号马尾夹百搭扭扭发卡抓夹,,,普通订单,0.01,0,0,3,0,0,0,0,0,0,0,0,-0.15,0,0,0,0,0,0,否,0,义乌市於郝电子商务商行（个体工商户）,订单结算
2026-04-24 03:27:08,'2026042403270121183083920793,入账,3.37,聚合账户,货款结算入账,小店自卖,'6925565993423371909,'6925565993423371909,'SS76310281485528929690167,2026-04-13 19:57:20,'3812550548062863750,温柔波点蝴蝶结香蕉夹芭蕾风气质少女百搭巨显发量高马尾盘发头饰,,,普通订单,3.46,0,0,0.09,0,0,0,0,0,0,0,0,-0.18,0,0,0,0,0,0,,0,义乌市於郝电子商务商行（个体工商户）,订单结算
2026-04-24 03:27:08,'2026042403270301283036560793,入账,1.89,聚合账户,货款结算入账,小店自卖,'6925578295701503398,'6925578295701503398,'SS76310150054329879040051,2026-04-14 07:56:07,'3808855327718375885,复古豹纹褶皱中号香蕉夹高级感马尾扭扭夹后脑勺韩系显发量发卡,,,普通订单,0.01,0,0,1.98,0,0,0,0,0,0,0,0,-0.1,0,0,0,0,0,0,否,0,义乌市於郝电子商务商行（个体工商户）,订单结算
2026-04-24 03:27:20,'2026042403271500098962420793,入账,3.26,聚合账户,货款结算入账,巨量千川,'6952064778028586902,'6952064778028586902,'SS76310169709887327350204,2026-04-14 07:12:42,'3808518913650721160,新款高级牡丹花流苏抓夹毛毛发夹后脑勺显发量大号鲨鱼头饰发夹,,,普通订单,0.01,0,0,3.42,0,0,0,0,0,0,0,0,-0.17,0,0,0,0,0,0,否,0,义乌市於郝电子商务商行（个体工商户）,订单结算
2026-04-24 03:27:20,'2026042403271622650887680793,入账,1.89,聚合账户,货款结算入账,小店自卖,'6925734788181425932,'6925734788181425932,'SS76311749452674670270151,2026-04-19 21:51:11,'3808855327718375885,复古豹纹波点褶皱高马尾香蕉夹小号后脑勺竖夹韩系显发量发夹,,,普通订单,0.01,0,0,1.98,0,0,0,0,0,0,0,0,-0.1,0,0,0,0,0,0,,0,义乌市於郝电子商务商行（个体工商户）,订单结算
2026-04-24 03:27:20,'2026042403271431304261390793,入账,4.33,聚合账户,货款结算入账,小店自卖,'6952071519782639267,'6952071519782639267,'SS76310684377496128150192,2026-04-14 09:52:58,'3811107016030683631,森系干枯山茶花朵7cm小抓夹 百搭气质发夹女后脑勺超仙鲨夹发饰,,,普通订单,4.03,0,0,0.53,0,0,0,0,0,0,0,0,-0.23,0,0,0,0,0,0,否,0,义乌市於郝电子商务商行（个体工商户）,订单结算
2026-04-24 03:27:20,'2026042403271338087931280793,入账,1.89,聚合账户,货款结算入账,小店自卖,'6925582499414310003,'6925582499414310003,'SS76310148207760389220021,2026-04-13 23:35:43,'3808855327718375885,复古豹纹褶皱中号香蕉夹高级感马尾扭扭夹后脑勺韩系显发量发卡,,,普通订单,0.01,0,0,1.98,0,0,0,0,0,0,0,0,-0.1,0,0,0,0,0,0,否,0,义乌市於郝电子商务商行（个体工商户）,订单结算
2026-04-24 03:27:20,'2026042403271439562491150793,入账,1.89,聚合账户,货款结算入账,小店自卖,'6952051456649598702,'6952051456649598702,'SS76310146904166566670015,2026-04-13 22:16:16,'3808855327718375885,复古豹纹褶皱中号香蕉夹高级感马尾扭扭夹后脑勺韩系显发量发卡,,,普通订单,0.01,0,0,1.98,0,0,0,0,0,0,0,0,-0.1,0,0,0,0,0,0,否,0,义乌市於郝电子商务商行（个体工商户）,订单结算
2026-04-24 03:27:35,'2026042403272730923983360793,入账,9.4,聚合账户,货款结算入账,小店自卖,'6925589212631891832,'6925589212631891832,'SS76311062550757711790073,2026-04-14 13:11:48,'3809602909876912378,2026韩系格子方巾大肠发圈高级慵懒风发绳扎方形头发头绳大号发饰,,,普通订单,9.89,0,0,0,0,0,0,0,0,0,0,0,-0.49,0,0,0,0,0,0,,0,义乌市於郝电子商务商行（个体工商户）,订单结算
2026-04-24 03:27:35,'2026042403273017926559150793,入账,4.27,聚合账户,货款结算入账,小店自卖,'6952056056604726350,'6952056056604726350,'SS76310281575920934940092,2026-04-14 06:14:00,'3811116864172589149,森系干枯山茶花朵7cm小抓夹百搭气质发夹女后脑勺超仙鲨鱼夹发饰,,,普通订单,4.5,0,0,0,0,0,0,0,0,0,0,0,-0.23,0,0,0,0,0,0,否,0,义乌市於郝电子商务商行（个体工商户）,订单结算
2026-04-24 03:27:35,'2026042403272933228559510793,入账,1.89,聚合账户,货款结算入账,小店自卖,'6925575575335829128,'6925575575335829128,'SS76310153426944701940192,2026-04-13 23:25:53,'3808855327718375885,复古豹纹褶皱中号香蕉夹高级感马尾扭扭夹后脑勺韩系显发量发卡,,,普通订单,0.01,0,0,1.98,0,0,0,0,0,0,0,0,-0.1,0,0,0,0,0,0,否,0,义乌市於郝电子商务商行（个体工商户）,订单结算
2026-04-24 03:27:35,'2026042403273005914959990793,入账,3.32,聚合账户,货款结算入账,巨量千川,'6952037834995209311,'6952037834995209311,'SS76310172336848734990190,2026-04-13 21:24:27,'3808518913650721160,新款高级牡丹花流苏抓夹毛毛发夹后脑勺显发量大号鲨鱼头饰发夹,,,普通订单,3.5,0,0,0,0,0,0,0,0,0,0,0,-0.18,0,0,0,0,0,0,否,0,义乌市於郝电子商务商行（个体工商户）,订单结算
2026-04-24 03:27:36,'2026042403272921524321820793,入账,5.03,聚合账户,货款结算入账,小店自卖,'6952114363601524695,'6952114363601524695,'SS76311312984818201860015,2026-04-15 22:28:24,'3809219180176212098,发圈式啪啪圈~春夏美拉德系懒人高马尾啪啪圈复古固定不塌神器,,,普通订单,5.3,0,0,0,0,0,0,0,0,0,0,0,-0.27,0,0,0,0,0,0,否,0,义乌市於郝电子商务商行（个体工商户）,订单结算
2026-04-24 03:28:30,'2026042403282334996229470793,入账,3.19,聚合账户,货款结算入账,小店自卖,'6925566389769764027,'6925566389769764027,'SS76310152406550779310065,2026-04-13 22:32:31,'3808855327718375885,复古豹纹褶皱中号香蕉夹高级感马尾扭扭夹后脑勺韩系显发量发卡,,,普通订单,3.36,0,0,0,0,0,0,0,0,0,0,0,-0.17,0,0,0,0,0,0,否,0,义乌市於郝电子商务商行（个体工商户）,订单结算
2026-04-24 03:28:30,'2026042403282414401050060793,入账,4.08,聚合账户,货款结算入账,小店自卖,'6952055765691012331,'6952055765691012331,'SS76311396273969569280003,2026-04-13 22:34:54,'3809214874429555055,【LOVEIXCC】新款法式网红发箍发卡宽边复古秋冬头饰百搭高级盘发器,,,普通订单,4.3,0,0,0,0,0,0,0,0,0,0,0,-0.22,0,0,0,0,0,0,否,0,义乌市於郝电子商务商行（个体工商户）,订单结算
2026-04-24 03:28:30,'2026042403282541734477070793,入账,1.89,聚合账户,货款结算入账,小店自卖,'6952040117997934472,'6952040117997934472,'SS76310153186219133940101,2026-04-13 21:20:02,'3808855327718375885,复古豹纹褶皱中号香蕉夹高级感马尾扭扭夹后脑勺韩系显发量发卡,,,普通订单,1.99,0,0,0,0,0,0,0,0,0,0,0,-0.1,0,0,0,0,0,0,否,0,义乌市於郝电子商务商行（个体工商户）,订单结算
2026-04-24 03:28:30,'2026042403282420188247550793,入账,4.23,聚合账户,货款结算入账,小店自卖,'6952053387113535083,'6952053387113535083,'SS76311391855833090970080,2026-04-13 19:40:50,'3812210500259938495,可爱蝴蝶结小猫无痕刘海贴魔术贴发饰少女前额侧边碎发贴整理神器,,,普通订单,0.01,0,0,4.44,0,0,0,0,0,0,0,0,-0.22,0,0,0,0,0,0,,0,义乌市於郝电子商务商行（个体工商户）,订单结算
2026-04-24 03:28:30,'2026042403282424296002660793,入账,6.17,聚合账户,货款结算入账,小店自卖,'6952050993022571537,'6952050993022571537,'SS76310281143285355940180,2026-04-13 18:23:25,'3808509441058406492,新款扭扭麻花发箍女简约高颅顶带齿防滑洗脸头箍发卡高级感民族风,,,普通订单,6.5,0,0,0,0,0,0,0,0,0,0,0,-0.33,0,0,0,0,0,0,否,0,义乌市於郝电子商务商行（个体工商户）,订单结算
2026-04-24 03:28:30,'2026042403282436876460030793,入账,3.89,聚合账户,货款结算入账,小店自卖,'6952044768078665070,'6952044768078665070,'SS76310140581956490600024,2026-04-13 21:15:57,'3808855327718375885,复古豹纹褶皱中号香蕉夹高级感马尾扭扭夹后脑勺韩系显发量发卡,,,普通订单,4.09,0,0,0,0,0,0,0,0,0,0,0,-0.2,0,0,0,0,0,0,否,0,义乌市於郝电子商务商行（个体工商户）,订单结算
2026-04-24 03:28:30,'2026042403282421783677900793,入账,3.14,聚合账户,货款结算入账,小店自卖,'6952143556625307224,'6952143556625307224,'SS76310708054322099700190,2026-04-17 18:16:57,'3808522822146457689,夏天简约随手盘发一字夹扭扭夹水钻抓夹高级发夹扭扭后脑勺盘发器,,,普通订单,3.31,0,0,0,0,0,0,0,0,0,0,0,-0.17,0,0,0,0,0,0,否,0,义乌市於郝电子商务商行（个体工商户）,订单结算
2026-04-24 03:28:30,'2026042403282505082322420793,入账,4.81,聚合账户,货款结算入账,小店自卖,'6952141362872522199,'6952141362872522199,'SS76311107154700703080149,2026-04-17 14:53:12,'3808518913650721160,新款高级牡丹花流苏抓夹毛毛发夹后脑勺显发量大号鲨鱼头饰发夹,,,普通订单,5.06,0,0,0,0,0,0,0,0,0,0,0,-0.25,0,0,0,0,0,0,否,0,义乌市於郝电子商务商行（个体工商户）,订单结算
2026-04-24 03:28:30,'2026042403282303740142480793,入账,4.56,聚合账户,货款结算入账,小店自卖,'6925575205957106972,'6925575205957106972,'SS76310658259983245320008,2026-04-13 21:07:15,'3811105102513700872,新款五角星发夹发扣韩国少女甜美甜酷侧边夹顶刘海前额固定卡子,,,普通订单,4.8,0,0,0,0,0,0,0,0,0,0,0,-0.24,0,0,0,0,0,0,否,0,义乌市於郝电子商务商行（个体工商户）,订单结算
2026-04-24 03:28:30,'2026042403282402043909520793,入账,1.89,聚合账户,货款结算入账,小店自卖,'6925584206445509685,'6925584206445509685,'SS76310146719239869850125,2026-04-13 21:27:20,'3812736213081784671,韩系ins风高马尾香蕉夹竖夹女2026新款高级感发夹简约复古发饰,,,普通订单,1.99,0,0,0,0,0,0,0,0,0,0,0,-0.1,0,0,0,0,0,0,否,0,义乌市於郝电子商务商行（个体工商户）,订单结算
2026-04-24 03:28:45,'2026042403283925217769300793,入账,1.89,聚合账户,货款结算入账,小店自卖,'6925573126281199205,'6925573126281199205,'SS76310142569018498970058,2026-04-13 19:29:58,'3808855327718375885,复古豹纹褶皱中号香蕉夹高级感马尾扭扭夹后脑勺韩系显发量发卡,,,普通订单,0.01,0,0,1.98,0,0,0,0,0,0,0,0,-0.1,0,0,0,0,0,0,否,0,义乌市於郝电子商务商行（个体工商户）,订单结算
2026-04-24 03:28:45,'2026042403284018885555700793,入账,1.89,聚合账户,货款结算入账,小店自卖,'6952064521175700505,'6952064521175700505,'SS76310148054996099020058,2026-04-13 23:13:11,'3812736213081784671,韩系ins风高马尾香蕉夹竖夹女2026新款高级感发夹简约复古发饰,,,普通订单,1.99,0,0,0,0,0,0,0,0,0,0,0,-0.1,0,0,0,0,0,0,否,0,义乌市於郝电子商务商行（个体工商户）,订单结算
2026-04-24 03:28:45,'2026042403284003385761370793,入账,3.91,聚合账户,货款结算入账,小店自卖,'6952044949977765798,'6952044949977765798,'SS76311018866487137640035,2026-04-13 22:41:50,'3808509441058406492,新款扭扭麻花发箍女简约高颅顶带齿防滑洗脸头箍发卡高级感民族风,,,普通订单,1.12,0,0,3,0,0,0,0,0,0,0,0,-0.21,0,0,0,0,0,0,,0,义乌市於郝电子商务商行（个体工商户）,订单结算
2026-04-24 03:28:45,'2026042403283836167687680793,入账,3.15,聚合账户,货款结算入账,小店自卖,'6925573008132112156,'6925573008132112156,'SS76310166346651079950176,2026-04-13 18:14:13,'3808518913650721160,新款高级牡丹花流苏抓夹毛毛发夹后脑勺显发量大号鲨鱼头饰发夹,,,普通订单,3.32,0,0,0,0,0,0,0,0,0,0,0,-0.17,0,0,0,0,0,0,否,0,义乌市於郝电子商务商行（个体工商户）,订单结算
2026-04-24 03:28:45,'2026042403284030884012020793,入账,4.81,聚合账户,货款结算入账,小店自卖,'6952060705148966228,'6952060705148966228,'SS76310173920299917070182,2026-04-14 08:58:53,'3808518913650721160,新款高级牡丹花流苏抓夹毛毛发夹后脑勺显发量大号鲨鱼头饰发夹,,,普通订单,5.06,0,0,0,0,0,0,0,0,0,0,0,-0.25,0,0,0,0,0,0,否,0,义乌市於郝电子商务商行（个体工商户）,订单结算
2026-04-24 03:28:57,'2026042403285117291884020793,入账,1.89,聚合账户,货款结算入账,小店自卖,'6952055901369275551,'6952055901369275551,'SS76310148875691625480241,2026-04-14 00:12:49,'3808855327718375885,复古豹纹褶皱中号香蕉夹高级感马尾扭扭夹后脑勺韩系显发量发卡,,,普通订单,0.01,0,0,1.98,0,0,0,0,0,0,0,0,-0.1,0,0,0,0,0,0,否,0,义乌市於郝电子商务商行（个体工商户）,订单结算
2026-04-24 03:29:03,'2026042403285629530076510793,入账,3.15,聚合账户,货款结算入账,巨量千川,'6952031028917769890,'6952031028917769890,'SS76310166367782668890074,2026-04-13 19:34:01,'3808518913650721160,新款高级牡丹花流苏抓夹毛毛发夹后脑勺显发量大号鲨鱼头饰发夹,,,普通订单,0.01,0,0,3,0,0,0,0,0,0.31,0,0,-0.17,0,0,0,0,0,0,否,0,义乌市於郝电子商务商行（个体工商户）,订单结算
2026-04-24 03:29:03,'2026042403285500600148480793,入账,2,聚合账户,货款结算入账,小店自卖,'6925575126842900156,'6925575126842900156,'SS76311393655332746340133,2026-04-13 20:27:48,'3808826072573804729,迷你小号无痕鸭嘴夹抓夹小夹子精致蝴蝶结碎发夹刘海夹高级感发卡,,,普通订单,0.11,0,0,2,0,0,0,0,0,0,0,0,-0.11,0,0,0,0,0,0,否,0,义乌市於郝电子商务商行（个体工商户）,订单结算
2026-04-24 03:29:03,'2026042403285601567135240793,入账,1.96,聚合账户,货款结算入账,小店自卖,'6925582766438449028,'6925582766438449028,'SS76293301955185379990222,2026-04-14 06:13:46,'3808518913650721160,新款高级牡丹花流苏抓夹毛毛发夹后脑勺显发量大号鲨鱼头饰发夹,,,普通订单,5.06,0,0,0,0,0,0,0,0,0,0,-3,-0.1,0,0,0,0,0,0,否,0,义乌市於郝电子商务商行（个体工商户）,订单结算
2026-04-24 03:29:03,'2026042403285728859151760793,入账,2.8,聚合账户,货款结算入账,小店自卖,'6925624804434017554,'6925624804434017554,'SS76311742738849838490093,2026-04-15 18:14:45,'3809599445994176839,春日超仙韩系碎花蕾丝大肠发圈女甜美感丸子头慵懒风超大发饰头绳,,,普通订单,0.01,0,0,2.94,0,0,0,0,0,0,0,0,-0.15,0,0,0,0,0,0,,0,义乌市於郝电子商务商行（个体工商户）,订单结算
2026-04-24 03:29:03,'2026042403285611170618880793,入账,7.41,聚合账户,货款结算入账,小店自卖,'6925648240347348566,'6925648240347348566,'SS76309831066490844540178,2026-04-16 19:01:00,'3812210500259938495,可爱蝴蝶结小猫无痕刘海贴魔术贴发饰少女前额侧边碎发贴整理神器,,,普通订单,7.8,0,0,0,0,0,0,0,0,0,0,0,-0.39,0,0,0,0,0,0,否,0,义乌市於郝电子商务商行（个体工商户）,订单结算
2026-04-24 03:29:15,'2026042403291000254943070793,入账,1.89,聚合账户,货款结算入账,小店自卖,'6925574591898483805,'6925574591898483805,'SS76310152870696432980055,2026-04-13 16:01:38,'3808855327718375885,复古豹纹褶皱中号香蕉夹高级感马尾扭扭夹后脑勺韩系显发量发卡,,,普通订单,0.01,0,0,1.98,0,0,0,0,0,0,0,0,-0.1,0,0,0,0,0,0,否,0,义乌市於郝电子商务商行（个体工商户）,订单结算
2026-04-24 03:29:15,'2026042403290830720210260793,入账,1.15,聚合账户,货款结算入账,小店自卖,'6952042374454187503,'6952042374454187503,'SS76311403144805586460247,2026-04-13 22:13:34,'3812550548062863750,温柔波点蝴蝶结香蕉夹芭蕾风气质少女百搭巨显发量高马尾盘发头饰,,,普通订单,1.21,0,0,0,0,0,0,0,0,0,0,0,-0.06,0,0,0,0,0,0,否,0,义乌市於郝电子商务商行（个体工商户）,订单结算
2026-04-24 03:29:15,'2026042403290911756672400793,入账,3.89,聚合账户,货款结算入账,小店自卖,'6925576963340336859,'6925576963340336859,'SS76310139702252511140150,2026-04-13 16:28:57,'3808855327718375885,复古豹纹褶皱中号香蕉夹高级感马尾扭扭夹后脑勺韩系显发量发卡,,,普通订单,4.09,0,0,0,0,0,0,0,0,0,0,0,-0.2,0,0,0,0,0,0,否,0,义乌市於郝电子商务商行（个体工商户）,订单结算
2026-04-24 03:29:16,'2026042403291011251717520793,入账,3.37,聚合账户,货款结算入账,小店自卖,'6925577140581662465,'6925577140581662465,'SS76310281134103764750233,2026-04-13 17:57:02,'3812550548062863750,温柔波点蝴蝶结香蕉夹芭蕾风气质少女百搭巨显发量高马尾盘发头饰,,,普通订单,3.55,0,0,0,0,0,0,0,0,0,0,0,-0.18,0,0,0,0,0,0,否,0,义乌市於郝电子商务商行（个体工商户）,订单结算
2026-04-24 03:29:16,'2026042403291000256909150793,入账,3.19,聚合账户,货款结算入账,小店自卖,'6952031020013130864,'6952031020013130864,'SS76310188976141603840180,2026-04-13 19:17:45,'3808855327718375885,复古豹纹褶皱中号香蕉夹高级感马尾扭扭夹后脑勺韩系显发量发卡,,,普通订单,3.36,0,0,0,0,0,0,0,0,0,0,0,-0.17,0,0,0,0,0,0,否,0,义乌市於郝电子商务商行（个体工商户）,订单结算
2026-04-24 03:33:18,'2026042403331312338798460793,入账,1.89,聚合账户,货款结算入账,巨量千川,'6925675412207795505,'6925675412207795505,'SS76311855317240389460103,2026-04-18 11:25:55,'3808855327718375885,复古豹纹波点褶皱高马尾香蕉夹小号后脑勺竖夹韩系显发量发夹,,,普通订单,0.01,0,0,1.98,0,0,0,0,0,0,0,0,-0.1,0,0,0,0,0,0,否,0,义乌市於郝电子商务商行（个体工商户）,订单结算
2026-04-24 03:35:43,'2026042403354019338534820793,入账,3.19,聚合账户,货款结算入账,小店自卖,'6952053875472733451,'6952053875472733451,'SS76310151448895821140016,2026-04-13 23:53:27,'3808855327718375885,复古豹纹褶皱中号香蕉夹高级感马尾扭扭夹后脑勺韩系显发量发卡,,,普通订单,0.36,0,0,3,0,0,0,0,0,0,0,0,-0.17,0,0,0,0,0,0,否,0,义乌市於郝电子商务商行（个体工商户）,订单结算
2026-04-24 03:35:43,'2026042403353815799956890793,入账,5.68,聚合账户,货款结算入账,小店自卖,'6952060431364724523,'6952060431364724523,'SS76311087971395056900121,2026-04-14 00:35:34,'3811282248515322341,可爱小黄鸡小猪发圈学生风萌系扎发神器黑色发绳扎头发皮筋卖头饰,,,普通订单,5.98,0,0,0,0,0,0,0,0,0,0,0,-0.3,0,0,0,0,0,0,否,0,义乌市於郝电子商务商行（个体工商户）,订单结算
2026-04-24 03:35:43,'2026042403353825559534270793,入账,1.89,聚合账户,货款结算入账,小店自卖,'6952055881528513870,'6952055881528513870,'SS76310148083516912830106,2026-04-13 23:26:25,'3808855327718375885,复古豹纹褶皱中号香蕉夹高级感马尾扭扭夹后脑勺韩系显发量发卡,,,普通订单,0.01,0,0,1.98,0,0,0,0,0,0,0,0,-0.1,0,0,0,0,0,0,,0,义乌市於郝电子商务商行（个体工商户）,订单结算
2026-04-24 03:35:43,'2026042403353824520668680793,入账,1.89,聚合账户,货款结算入账,小店自卖,'6925575498475142384,'6925575498475142384,'SS76310153469712676350200,2026-04-13 22:39:21,'3808855327718375885,复古豹纹褶皱中号香蕉夹高级感马尾扭扭夹后脑勺韩系显发量发卡,,,普通订单,0.01,0,0,1.98,0,0,0,0,0,0,0,0,-0.1,0,0,0,0,0,0,否,0,义乌市於郝电子商务商行（个体工商户）,订单结算
2026-04-24 03:35:43,'2026042403353921531369380793,入账,3.89,聚合账户,货款结算入账,巨量千川,'6952062490844402731,'6952062490844402731,'SS76310140915951089050159,2026-04-14 02:39:17,'3808855327718375885,复古豹纹褶皱中号香蕉夹高级感马尾扭扭夹后脑勺韩系显发量发卡,,,普通订单,0.01,0,0,4.08,0,0,0,0,0,0,0,0,-0.2,0,0,0,0,0,0,否,0,义乌市於郝电子商务商行（个体工商户）,订单结算
2026-04-24 03:36:00,'2026042403355541622779390793,入账,3.32,聚合账户,货款结算入账,小店自卖,'6952024293332620662,'6952024293332620662,'SS76310172425662139220102,2026-04-13 18:04:55,'3808515754769383695,2026新款高级牡丹花流苏抓夹毛毛发夹后脑勺显发量大号鲨鱼夹头饰,,,普通订单,0.5,0,0,3,0,0,0,0,0,0,0,0,-0.18,0,0,0,0,0,0,,0,义乌市於郝电子商务商行（个体工商户）,订单结算
2026-04-24 03:36:00,'2026042403355637624878590793,入账,4.22,聚合账户,货款结算入账,小店自卖,'6952049404652230612,'6952049404652230612,'SS76310281537752927240145,2026-04-14 07:10:56,'3811116864172589149,森系干枯山茶花朵7cm小抓夹百搭气质发夹女后脑勺超仙鲨鱼夹发饰,,,普通订单,4.44,0,0,0,0,0,0,0,0,0,0,0,-0.22,0,0,0,0,0,0,否,0,义乌市於郝电子商务商行（个体工商户）,订单结算
2026-04-24 03:36:00,'2026042403355636113495500793,入账,3.67,聚合账户,货款结算入账,小店自卖,'6952054889938818729,'6952054889938818729,'SS76296371752102960640139,2026-04-14 16:12:31,'3809438133272051839,韩版新款格纹蝴蝶结香蕉夹复古少女中号马尾夹百搭扭扭发卡抓夹,,,普通订单,5.86,1,0,0,0,0,0,0,0,0,0,-2,-0.19,0,0,0,0,0,0,否,0,义乌市於郝电子商务商行（个体工商户）,订单结算
2026-04-24 03:36:00,'2026042403355636575974780793,入账,2.69,聚合账户,货款结算入账,小店自卖,'6952057673086997649,'6952057673086997649,'SS76311393644831711240125,2026-04-13 21:24:45,'3808826072573804729,迷你小号无痕鸭嘴夹抓夹小夹子精致蝴蝶结碎发夹刘海夹高级感发卡,,,普通订单,2.83,0,0,0,0,0,0,0,0,0,0,0,-0.14,0,0,0,0,0,0,否,0,义乌市於郝电子商务商行（个体工商户）,订单结算
2026-04-24 03:36:00,'2026042403355337260334080793,入账,3.26,聚合账户,货款结算入账,小店自卖,'6925649791858409009,'6925649791858409009,'SS76311564584361500560080,2026-04-16 11:42:13,'3808518913650721160,新款高级牡丹花流苏抓夹毛毛发夹后脑勺显发量大号鲨鱼头饰发夹,,,普通订单,1.42,0,0,2.01,0,0,0,0,0,0,0,0,-0.17,0,0,0,0,0,0,,0,义乌市於郝电子商务商行（个体工商户）,订单结算
2026-04-24 03:36:07,'2026042403360229662087830793,入账,4.62,聚合账户,货款结算入账,小店自卖,'6925577280729022399,'6925577280729022399,'SS76310166861000381980108,2026-04-13 19:09:47,'3808518913650721160,新款高级牡丹花流苏抓夹毛毛发夹后脑勺显发量大号鲨鱼头饰发夹,,,普通订单,4.86,0,0,0,0,0,0,0,0,0,0,0,-0.24,0,0,0,0,0,0,否,0,义乌市於郝电子商务商行（个体工商户）,订单结算
2026-04-24 03:36:07,'2026042403360303449165320793,入账,3.32,聚合账户,货款结算入账,小店自卖,'6925712230571736988,'6925712230571736988,'SS76311275041338701430016,2026-04-19 12:35:54,'3808518913650721160,新款高级牡丹花流苏抓夹毛毛发夹后脑勺显发量大号鲨鱼头饰发夹,,,普通订单,0.5,0,0,3,0,0,0,0,0,0,0,0,-0.18,0,0,0,0,0,0,,0,义乌市於郝电子商务商行（个体工商户）,订单结算
2026-04-24 03:36:07,'2026042403360312564570120793,入账,3.89,聚合账户,货款结算入账,小店自卖,'6925571147175853457,'6925571147175853457,'SS76310140553988841360241,2026-04-13 21:07:22,'3808855327718375885,复古豹纹褶皱中号香蕉夹高级感马尾扭扭夹后脑勺韩系显发量发卡,,,普通订单,4.09,0,0,0,0,0,0,0,0,0,0,0,-0.2,0,0,0,0,0,0,否,0,义乌市於郝电子商务商行（个体工商户）,订单结算
2026-04-24 03:36:07,'2026042403360309236155220793,入账,5.29,聚合账户,货款结算入账,小店自卖,'6952047591036621963,'6952047591036621963,'SS76310661265914598750233,2026-04-14 11:09:26,'3808522822146457689,夏天简约随手盘发一字夹扭扭夹水钻抓夹高级发夹扭扭后脑勺盘发器,,,普通订单,5.57,0,0,0,0,0,0,0,0,0,0,0,-0.28,0,0,0,0,0,0,否,0,义乌市於郝电子商务商行（个体工商户）,订单结算
2026-04-24 03:36:07,'2026042403360218794585950793,入账,3.55,聚合账户,货款结算入账,小店自卖,'6952030894077973956,'6952030894077973956,'SS76310162127381143450224,2026-04-13 17:46:15,'3809599445994176839,春日超仙韩系碎花蕾丝大肠发圈女甜美感丸子头慵懒风超大发饰头绳,,,普通订单,0.74,0,0,3,0,0,0,0,0,0,0,0,-0.19,0,0,0,0,0,0,,0,义乌市於郝电子商务商行（个体工商户）,订单结算
2026-04-24 03:36:14,'2026042403361010195973660793,入账,4.62,聚合账户,货款结算入账,巨量千川,'6952030930575234246,'6952030930575234246,'SS76310166918243660950213,2026-04-13 18:25:55,'3808515754769383695,2026新款高级牡丹花流苏抓夹毛毛发夹后脑勺显发量大号鲨鱼夹头饰,,,普通订单,4.86,0,0,0,0,0,0,0,0,0,0,0,-0.24,0,0,0,0,0,0,否,0,义乌市於郝电子商务商行（个体工商户）,订单结算
2026-04-24 03:36:14,'2026042403361036280896400793,入账,4.22,聚合账户,货款结算入账,小店自卖,'6925667047715077477,'6925667047715077477,'SS76309798985064286870186,2026-04-17 17:28:51,'3811116864172589149,森系干枯山茶花朵7cm小抓夹百搭气质发夹女后脑勺超仙鲨鱼夹发饰,,,普通订单,4.44,0,0,0,0,0,0,0,0,0,0,0,-0.22,0,0,0,0,0,0,否,0,义乌市於郝电子商务商行（个体工商户）,订单结算
2026-04-24 03:36:14,'2026042403361020193282750793,入账,3.15,聚合账户,货款结算入账,小店自卖,'6952037650111010330,'6952037650111010330,'SS76310166326637532790021,2026-04-13 19:41:09,'3808518913650721160,新款高级牡丹花流苏抓夹毛毛发夹后脑勺显发量大号鲨鱼头饰发夹,,,普通订单,3.32,0,0,0,0,0,0,0,0,0,0,0,-0.17,0,0,0,0,0,0,否,0,义乌市於郝电子商务商行（个体工商户）,订单结算
2026-04-24 03:36:14,'2026042403360915695222100793,入账,4.77,聚合账户,货款结算入账,小店自卖,'6925570965012053352,'6925570965012053352,'SS76311393776953101260070,2026-04-13 20:00:28,'3808826072573804729,迷你小号无痕鸭嘴夹抓夹小夹子精致蝴蝶结碎发夹刘海夹高级感发卡,,,普通订单,5.02,0,0,0,0,0,0,0,0,0,0,0,-0.25,0,0,0,0,0,0,否,0,义乌市於郝电子商务商行（个体工商户）,订单结算
2026-04-24 03:36:14,'2026042403360934191488430793,入账,3.32,聚合账户,货款结算入账,小店自卖,'6952026222332941994,'6952026222332941994,'SS76310172302519874660143,2026-04-13 15:53:51,'3808518913650721160,新款高级牡丹花流苏抓夹毛毛发夹后脑勺显发量大号鲨鱼头饰发夹,,,普通订单,3.5,0,0,0,0,0,0,0,0,0,0,0,-0.18,0,0,0,0,0,0,,0,义乌市於郝电子商务商行（个体工商户）,订单结算
2026-04-24 03:36:18,'2026042403361313514514260793,入账,3.19,聚合账户,货款结算入账,小店自卖,'6952035673709352245,'6952035673709352245,'SS76310151420677493820236,2026-04-13 21:46:27,'3808855327718375885,复古豹纹褶皱中号香蕉夹高级感马尾扭扭夹后脑勺韩系显发量发卡,,,普通订单,3.36,0,0,0,0,0,0,0,0,0,0,0,-0.17,0,0,0,0,0,0,否,0,义乌市於郝电子商务商行（个体工商户）,订单结算
2026-04-24 03:36:18,'2026042403361335447769600793,入账,3.89,聚合账户,货款结算入账,小店自卖,'6952038075314738873,'6952038075314738873,'SS76310140920103736410165,2026-04-14 00:08:01,'3808855327718375885,复古豹纹褶皱中号香蕉夹高级感马尾扭扭夹后脑勺韩系显发量发卡,,,普通订单,4.09,0,0,0,0,0,0,0,0,0,0,0,-0.2,0,0,0,0,0,0,否,0,义乌市於郝电子商务商行（个体工商户）,订单结算
2026-04-24 03:36:18,'2026042403361316694687240793,入账,3.05,聚合账户,货款结算入账,小店自卖,'6952059814450566339,'6952059814450566339,'SS76310154388706801180170,2026-04-13 19:13:05,'3809427181088669713,新款高颜值橡皮筋高级发圈简约可爱头绳不勒发绳无扎痕头饰发饰品,,,普通订单,3.21,0,0,0,0,0,0,0,0,0,0,0,-0.16,0,0,0,0,0,0,否,0,义乌市於郝电子商务商行（个体工商户）,订单结算
2026-04-24 03:36:18,'2026042403361221193364820793,入账,1.89,聚合账户,货款结算入账,小店自卖,'6952039645646624105,'6952039645646624105,'SS76310142570098859610067,2026-04-13 15:38:23,'3808855327718375885,复古豹纹褶皱中号香蕉夹高级感马尾扭扭夹后脑勺韩系显发量发卡,,,普通订单,1.99,0,0,0,0,0,0,0,0,0,0,0,-0.1,0,0,0,0,0,0,,0,义乌市於郝电子商务商行（个体工商户）,订单结算
2026-04-24 03:36:18,'2026042403361226685278870793,入账,3.19,聚合账户,货款结算入账,小店自卖,'6952051067089065403,'6952051067089065403,'SS76310205973253207670106,2026-04-13 18:51:29,'3808855327718375885,复古豹纹褶皱中号香蕉夹高级感马尾扭扭夹后脑勺韩系显发量发卡,,,普通订单,3.36,0,0,0,0,0,0,0,0,0,0,0,-0.17,0,0,0,0,0,0,否,0,义乌市於郝电子商务商行（个体工商户）,订单结算
2026-04-24 03:36:26,'2026042403362213895436860793,入账,1.89,聚合账户,货款结算入账,小店自卖,'6952033528711288655,'6952033528711288655,'SS76310145108871252860098,2026-04-13 20:50:23,'3808855327718375885,复古豹纹褶皱中号香蕉夹高级感马尾扭扭夹后脑勺韩系显发量发卡,,,普通订单,1.99,0,0,0,0,0,0,0,0,0,0,0,-0.1,0,0,0,0,0,0,否,0,义乌市於郝电子商务商行（个体工商户）,订单结算
2026-04-24 03:36:26,'2026042403362115991813310793,入账,1.89,聚合账户,货款结算入账,小店自卖,'6951896748528899828,'6951896748528899828,'SS76310058527623749210038,2026-04-08 17:35:02,'3808855327718375885,复古豹纹褶皱中号香蕉夹高级感马尾扭扭夹后脑勺韩系显发量发卡,,,普通订单,1.99,0,0,0,0,0,0,0,0,0,0,0,-0.1,0,0,0,0,0,0,否,0,义乌市於郝电子商务商行（个体工商户）,订单结算
2026-04-24 03:39:58,'2026042403395518351068620793,入账,3.23,聚合账户,货款结算入账,小店自卖,'6952135080848069896,'6952135080848069896,'SS76311211720168251400152,2026-04-17 15:57:55,'3808515754769383695,2026新款高级牡丹花流苏抓夹毛毛发夹后脑勺显发量大号鲨鱼夹头饰,,,普通订单,2.38,0,0,1.02,0,0,0,0,0,0,0,0,-0.17,0,0,0,0,0,0,,0,义乌市於郝电子商务商行（个体工商户）,订单结算
2026-04-24 03:39:58,'2026042403395516031910500793,入账,3.37,聚合账户,货款结算入账,小店自卖,'6925674435884580674,'6925674435884580674,'SS76311728915072458580144,2026-04-17 21:54:06,'3812550548062863750,温柔波点蝴蝶结香蕉夹芭蕾风气质少女百搭巨显发量高马尾盘发头饰,,,普通订单,0.55,0,0,3,0,0,0,0,0,0,0,0,-0.18,0,0,0,0,0,0,否,0,义乌市於郝电子商务商行（个体工商户）,订单结算
2026-04-24 03:39:58,'2026042403395503576796540793,入账,1.89,聚合账户,货款结算入账,小店自卖,'6952166535428511480,'6952166535428511480,'SS76312178679834875290064,2026-04-18 01:17:32,'3808855327718375885,复古豹纹波点褶皱高马尾香蕉夹小号后脑勺竖夹韩系显发量发夹,,,普通订单,0.01,0,0,1.98,0,0,0,0,0,0,0,0,-0.1,0,0,0,0,0,0,,0,义乌市於郝电子商务商行（个体工商户）,订单结算
2026-04-24 03:39:58,'2026042403395519441423870793,入账,3.23,聚合账户,货款结算入账,小店自卖,'6925693692176530691,'6925693692176530691,'SS76310816880592166500092,2026-04-19 00:13:43,'3808518913650721160,新款高级牡丹花流苏抓夹毛毛发夹后脑勺显发量大号鲨鱼头饰发夹,,,普通订单,0.01,0,0,3.39,0,0,0,0,0,0,0,0,-0.17,0,0,0,0,0,0,否,0,义乌市於郝电子商务商行（个体工商户）,订单结算
2026-04-24 03:39:58,'2026042403395514939428220793,入账,4.81,聚合账户,货款结算入账,小店自卖,'6925647256048139576,'6925647256048139576,'SS76311271886118259540015,2026-04-17 10:12:53,'3808518913650721160,新款高级牡丹花流苏抓夹毛毛发夹后脑勺显发量大号鲨鱼头饰发夹,,,普通订单,1.45,0,0,3.61,0,0,0,0,0,0,0,0,-0.25,0,0,0,0,0,0,,0,义乌市於郝电子商务商行（个体工商户）,订单结算
2026-04-24 03:39:58,'2026042403395511585784410793,入账,1.89,聚合账户,货款结算入账,小店自卖,'6925692960201998312,'6925692960201998312,'SS76310751610808568380022,2026-04-18 18:53:14,'3808855327718375885,复古豹纹波点褶皱高马尾香蕉夹小号后脑勺竖夹韩系显发量发夹,,,普通订单,0.01,0,0,1.98,0,0,0,0,0,0,0,0,-0.1,0,0,0,0,0,0,否,0,义乌市於郝电子商务商行（个体工商户）,订单结算
2026-04-24 03:39:58,'2026042403395440528617420793,入账,1.89,聚合账户,货款结算入账,巨量千川,'6925680847522593889,'6925680847522593889,'SS76311972348285301910166,2026-04-17 22:00:12,'3808855327718375885,复古豹纹波点褶皱高马尾香蕉夹小号后脑勺竖夹韩系显发量发夹,,,普通订单,0.01,0,0,1.98,0,0,0,0,0,0,0,0,-0.1,0,0,0,0,0,0,否,0,义乌市於郝电子商务商行（个体工商户）,订单结算
2026-04-24 03:39:58,'2026042403395436925322500793,入账,4.23,聚合账户,货款结算入账,巨量千川,'6952142083381204244,'6952142083381204244,'SS76312109017524844040101,2026-04-17 22:24:17,'3811116864172589149,森系干枯山茶花朵7cm小抓夹百搭气质发夹女后脑勺超仙鲨鱼夹发饰,,,普通订单,4.45,0,0,0,0,0,0,0,0,0,0,0,-0.22,0,0,0,0,0,0,否,0,义乌市於郝电子商务商行（个体工商户）,订单结算
2026-04-24 03:39:58,'2026042403395510370583310793,入账,1.89,聚合账户,货款结算入账,小店自卖,'6925640013303283004,'6925640013303283004,'SS76309835263436229210197,2026-04-17 07:31:57,'3808855327718375885,复古豹纹波点褶皱高马尾香蕉夹小号后脑勺竖夹韩系显发量发夹,,,普通订单,0.01,0,0,1.98,0,0,0,0,0,0,0,0,-0.1,0,0,0,0,0,0,否,0,义乌市於郝电子商务商行（个体工商户）,订单结算
2026-04-24 03:39:58,'2026042403395516029125220793,入账,2.66,聚合账户,货款结算入账,巨量千川,'6952134836808455620,'6952134836808455620,'SS76310507647394455560128,2026-04-17 13:31:06,'3808681227066671182,简约大肠珍珠发圈头绳2026新款橡皮筋女扎头发优雅皮套高颜值发绳,,,普通订单,0.01,0,0,2.79,0,0,0,0,0,0,0,0,-0.14,0,0,0,0,0,0,,0,义乌市於郝电子商务商行（个体工商户）,订单结算
2026-04-24 03:40:00,'2026042403395728647754500793,入账,3.15,聚合账户,货款结算入账,小店自卖,'6952182193085944993,'6952182193085944993,'SS76311780750155450880133,2026-04-19 14:08:25,'3808518913650721160,新款高级牡丹花流苏抓夹毛毛发夹后脑勺显发量大号鲨鱼头饰发夹,,,普通订单,3.32,0,0,0,0,0,0,0,0,0,0,0,-0.17,0,0,0,0,0,0,否,0,义乌市於郝电子商务商行（个体工商户）,订单结算
2026-04-24 03:40:00,'2026042403395622213309980793,入账,4.65,聚合账户,货款结算入账,小店自卖,'6925700673221066596,'6925700673221066596,'SS76311244620032909300135,2026-04-19 08:27:38,'3809586825216000110,春夏撞色甜美蝴蝶结发夹女后脑勺抓夹2026新款气质大号盘发鸭嘴夹,,,普通订单,4.89,0,0,0,0,0,0,0,0,0,0,0,-0.24,0,0,0,0,0,0,否,0,义乌市於郝电子商务商行（个体工商户）,订单结算
2026-04-24 03:40:00,'2026042403395631010698750793,入账,2.36,聚合账户,货款结算入账,小店自卖,'6952188238010717214,'6952188238010717214,'SS76310750472265119240085,2026-04-19 00:29:29,'3811282248515322341,可爱小黄鸡小猪发圈学生风萌系扎发神器黑色发绳扎头发皮筋卖头饰,,,普通订单,2.48,0,0,0,0,0,0,0,0,0,0,0,-0.12,0,0,0,0,0,0,,0,义乌市於郝电子商务商行（个体工商户）,订单结算
2026-04-24 03:40:00,'2026042403395612257042330793,入账,1.89,聚合账户,货款结算入账,小店自卖,'6925660327889042435,'6925660327889042435,'SS76310251292046136750154,2026-04-17 10:09:19,'3808855327718375885,复古豹纹波点褶皱高马尾香蕉夹小号后脑勺竖夹韩系显发量发夹,,,普通订单,1.99,0,0,0,0,0,0,0,0,0,0,0,-0.1,0,0,0,0,0,0,否,0,义乌市於郝电子商务商行（个体工商户）,订单结算
2026-04-24 03:40:00,'2026042403395709209126500793,入账,8.55,聚合账户,货款结算入账,巨量千川,'6952153303243429265,'6952153303243429265,'SS76309773913649526300056,2026-04-17 22:32:48,'3811116864172589149,森系干枯山茶花朵7cm小抓夹百搭气质发夹女后脑勺超仙鲨鱼夹发饰,,,普通订单,9,0,0,0,0,0,0,0,0,0,0,0,-0.45,0,0,0,0,0,0,否,0,义乌市於郝电子商务商行（个体工商户）,订单结算
2026-04-24 03:40:15,'2026042403401118674977430793,入账,3.15,聚合账户,货款结算入账,小店自卖,'6952177920967186351,'6952177920967186351,'SS76312024793517924220089,2026-04-18 16:18:33,'3808518913650721160,新款高级牡丹花流苏抓夹毛毛发夹后脑勺显发量大号鲨鱼头饰发夹,,,普通订单,0.31,0,0,3.01,0,0,0,0,0,0,0,0,-0.17,0,0,0,0,0,0,,0,义乌市於郝电子商务商行（个体工商户）,订单结算
2026-04-24 03:40:15,'2026042403401217915745620793,入账,3.32,聚合账户,货款结算入账,小店自卖,'6952203716398749520,'6952203716398749520,'SS76312039959896438020233,2026-04-19 11:51:23,'3808515754769383695,2026新款高级牡丹花流苏抓夹毛毛发夹后脑勺显发量大号鲨鱼夹头饰,,,普通订单,1.5,0,0,2,0,0,0,0,0,0,0,0,-0.18,0,0,0,0,0,0,否,0,义乌市於郝电子商务商行（个体工商户）,订单结算
2026-04-24 03:40:15,'2026042403401217281190490793,入账,2.47,聚合账户,货款结算入账,小店自卖,'6925693004979339079,'6925693004979339079,'SS76311471941041853940197,2026-04-18 19:04:13,'3808831800021745920,2026新款韩系波点发圈复古蝴蝶结头花大肠发圈丸子头发饰马尾发绳,,,普通订单,0.01,0,0,2.59,0,0,0,0,0,0,0,0,-0.13,0,0,0,0,0,0,,0,义乌市於郝电子商务商行（个体工商户）,订单结算
2026-04-24 03:40:15,'2026042403401124435592200793,入账,1.89,聚合账户,货款结算入账,小店自卖,'6952190515582604452,'6952190515582604452,'SS76311913893524938640152,2026-04-19 09:24:56,'3808855327718375885,复古豹纹波点褶皱高马尾香蕉夹小号后脑勺竖夹韩系显发量发夹,,,普通订单,0.01,0,0,1.98,0,0,0,0,0,0,0,0,-0.1,0,0,0,0,0,0,否,0,义乌市於郝电子商务商行（个体工商户）,订单结算
2026-04-24 03:40:15,'2026042403401102777418760793,入账,1.89,聚合账户,货款结算入账,小店自卖,'6952078498075121550,'6952078498075121550,'SS76311809327075661230229,2026-04-15 13:59:26,'3808855327718375885,复古豹纹波点褶皱高马尾香蕉夹小号后脑勺竖夹韩系显发量发夹,,,普通订单,0.01,0,0,1.98,0,0,0,0,0,0,0,0,-0.1,0,0,0,0,0,0,否,0,义乌市於郝电子商务商行（个体工商户）,订单结算
2026-04-24 03:40:16,'2026042403401327102295470793,入账,4.62,聚合账户,货款结算入账,小店自卖,'6925604359274790720,'6925604359274790720,'SS76309935557002081780219,2026-04-15 07:40:03,'3808515754769383695,2026新款高级牡丹花流苏抓夹毛毛发夹后脑勺显发量大号鲨鱼夹头饰,,,普通订单,1.86,0,0,3,0,0,0,0,0,0,0,0,-0.24,0,0,0,0,0,0,,0,义乌市於郝电子商务商行（个体工商户）,订单结算
2026-04-24 03:40:16,'2026042403401239390584700793,入账,1.89,聚合账户,货款结算入账,小店自卖,'6952185620788745218,'6952185620788745218,'SS76311626327878213180212,2026-04-19 08:17:40,'3808855327718375885,复古豹纹波点褶皱高马尾香蕉夹小号后脑勺竖夹韩系显发量发夹,,,普通订单,0.01,0,0,1.98,0,0,0,0,0,0,0,0,-0.1,0,0,0,0,0,0,否,0,义乌市於郝电子商务商行（个体工商户）,订单结算
2026-04-24 03:40:16,'2026042403401206766106010793,入账,2.69,聚合账户,货款结算入账,小店自卖,'6925702015288900797,'6925702015288900797,'SS76310592386105349120026,2026-04-18 20:30:23,'3811116864172589149,森系干枯山茶花朵7cm小抓夹百搭气质发夹女后脑勺超仙鲨鱼夹发饰,,,普通订单,0.01,0,0,2.82,0,0,0,0,0,0,0,0,-0.14,0,0,0,0,0,0,,0,义乌市於郝电子商务商行（个体工商户）,订单结算
2026-04-24 03:40:16,'2026042403401232301553070793,入账,1.89,聚合账户,货款结算入账,巨量千川,'6925722939155643537,'6925722939155643537,'SS76312093942899676310119,2026-04-19 17:12:45,'3808855327718375885,复古豹纹波点褶皱高马尾香蕉夹小号后脑勺竖夹韩系显发量发夹,,,普通订单,0.01,0,0,1.98,0,0,0,0,0,0,0,0,-0.1,0,0,0,0,0,0,,0,义乌市於郝电子商务商行（个体工商户）,订单结算
2026-04-24 03:40:16,'2026042403401209670825590793,入账,1.15,聚合账户,货款结算入账,小店自卖,'6925688453448105041,'6925688453448105041,'SS76309796704773084560031,2026-04-18 12:55:59,'3812574198275113159,雾中鸢尾~韩系气质麻花带齿发箍女款高级感洋气时尚洗脸头箍盘发,,,普通订单,0.01,0,0,1.2,0,0,0,0,0,0,0,0,-0.06,0,0,0,0,0,0,否,0,义乌市於郝电子商务商行（个体工商户）,订单结算
2026-04-24 03:40:30,'2026042403402709573174270793,入账,5.68,聚合账户,货款结算入账,小店自卖,'6925704183942053829,'6925704183942053829,'SS76311610754972267670117,2026-04-18 18:31:01,'3811282248515322341,可爱小黄鸡小猪发圈学生风萌系扎发神器黑色发绳扎头发皮筋卖头饰,,,普通订单,5.98,0,0,0,0,0,0,0,0,0,0,0,-0.3,0,0,0,0,0,0,否,0,义乌市於郝电子商务商行（个体工商户）,订单结算
2026-04-24 03:40:30,'2026042403402711205350550793,入账,4.08,聚合账户,货款结算入账,小店自卖,'6952183640412919161,'6952183640412919161,'SS76311200986206211060093,2026-04-19 08:41:27,'3809214874429555055,【LOVEIXCC】新款法式网红发箍发卡宽边复古秋冬头饰百搭高级盘发器,,,普通订单,4.3,0,0,0,0,0,0,0,0,0,0,0,-0.22,0,0,0,0,0,0,否,0,义乌市於郝电子商务商行（个体工商户）,订单结算
2026-04-24 03:40:30,'2026042403402609950704790793,入账,0.94,聚合账户,货款结算入账,小店自卖,'6952156909840897915,'6952156909840897915,'SS76307123845290276180187,2026-04-17 15:52:09,'3808855327718375885,复古豹纹波点褶皱高马尾香蕉夹小号后脑勺竖夹韩系显发量发夹,,,普通订单,1.99,0,0,0,0,0,0,0,0,0,0,-1,-0.05,0,0,0,0,0,0,否,0,义乌市於郝电子商务商行（个体工商户）,订单结算
2026-04-24 03:40:30,'2026042403402705248944910793,入账,1.89,聚合账户,货款结算入账,小店自卖,'6925736176690757390,'6925736176690757390,'SS76311805490723927040010,2026-04-20 12:29:18,'3808855327718375885,复古豹纹波点褶皱高马尾香蕉夹小号后脑勺竖夹韩系显发量发夹,,,普通订单,0.01,0,0,1.98,0,0,0,0,0,0,0,0,-0.1,0,0,0,0,0,0,,0,义乌市於郝电子商务商行（个体工商户）,订单结算
2026-04-24 03:40:30,'2026042403402704494300430793,入账,3.15,聚合账户,货款结算入账,小店自卖,'6925587693188054561,'6925587693188054561,'SS76311691221050701320029,2026-04-14 22:29:19,'3808518913650721160,新款高级牡丹花流苏抓夹毛毛发夹后脑勺显发量大号鲨鱼头饰发夹,,,普通订单,0.32,0,0,3,0,0,0,0,0,0,0,0,-0.17,0,0,0,0,0,0,否,0,义乌市於郝电子商务商行（个体工商户）,订单结算
2026-04-24 03:40:32,'2026042403402800891500060793,入账,1.89,聚合账户,货款结算入账,小店自卖,'6925706287755918354,'6925706287755918354,'SS76311966376855188990180,2026-04-19 14:27:38,'3808855327718375885,复古豹纹波点褶皱高马尾香蕉夹小号后脑勺竖夹韩系显发量发夹,,,普通订单,1.99,0,0,0,0,0,0,0,0,0,0,0,-0.1,0,0,0,0,0,0,否,0,义乌市於郝电子商务商行（个体工商户）,订单结算
2026-04-24 04:26:31,'2026042404262520780982300793,出账,5.1,聚合账户,上门取件运费,,'6925586675490193301,'6925586675490193301,'147451482938630123,,,,,,普通订单,0,0,0,0,0,0,0,0,0,0,0,0,0,0,0,0,0,0,0,,0,义乌市於郝电子商务商行（个体工商户）,商品品退率偏高，扣除商家相应金额进行运费赔付。-订单6925586675490193301-售后单147451482938630123-运单73704871424595
2026-04-24 05:14:04,'2026042405135717921152520793,入账,1.89,聚合账户,货款结算入账,巨量千川,'6952053448537740714,'6952053448537740714,'SS76310143627860708380089,2026-04-13 19:50:06,'3808855327718375885,复古豹纹褶皱中号香蕉夹高级感马尾扭扭夹后脑勺韩系显发量发卡,,,普通订单,1.99,0,0,0,0,0,0,0,0,0,0,0,-0.1,0,0,0,0,0,0,否,0,义乌市於郝电子商务商行（个体工商户）,订单结算
2026-04-24 05:14:04,'2026042405135905751283630793,入账,2.09,聚合账户,货款结算入账,小店自卖,'6925566521978879576,'6925566521978879576,'SS76311396182726456820151,2026-04-13 23:09:25,'3809211408374169816,春季宽边绒面发箍女2026新款明星压发洗脸简约高级感时尚洋气头箍,,,普通订单,2.2,0,0,0,0,0,0,0,0,0,0,0,-0.11,0,0,0,0,0,0,否,0,义乌市於郝电子商务商行（个体工商户）,订单结算
2026-04-24 05:14:05,'2026042405140000797089800793,入账,5.68,聚合账户,货款结算入账,小店自卖,'6952057768864781907,'6952057768864781907,'SS76311087756648822220083,2026-04-13 22:35:38,'3811282248515322341,可爱小黄鸡小猪发圈学生风萌系扎发神器黑色发绳扎头发皮筋卖头饰,,,普通订单,5.98,0,0,0,0,0,0,0,0,0,0,0,-0.3,0,0,0,0,0,0,否,0,义乌市於郝电子商务商行（个体工商户）,订单结算
2026-04-24 05:14:05,'2026042405140009827128750793,入账,3.02,聚合账户,货款结算入账,小店自卖,'6925427572245233050,'6925427572245233050,'SS76310929107770739830248,2026-04-08 09:08:42,'3809645805695009026,卡通可爱防湿护腕带洗漱带洗脸防水手腕带吸水防滑束发圈手环袖护,,,普通订单,3.18,0,0,0,0,0,0,0,0,0,0,0,-0.16,0,0,0,0,0,0,否,0,义乌市於郝电子商务商行（个体工商户）,订单结算
2026-04-24 05:14:05,'2026042405135701944456080793,入账,2.86,聚合账户,货款结算入账,小店自卖,'6952181706689746153,'6952181706689746153,'SS76311280517488850020171,2026-04-19 09:50:53,'3809438133272051839,韩版新款格纹蝴蝶结香蕉夹复古少女中号马尾夹百搭扭扭发卡抓夹,,,普通订单,3.01,0,0,0,0,0,0,0,0,0,0,0,-0.15,0,0,0,0,0,0,,0,义乌市於郝电子商务商行（个体工商户）,订单结算
2026-04-24 05:14:06,'2026042405135913225009000793,入账,5.68,聚合账户,货款结算入账,小店自卖,'6925573732512791884,'6925573732512791884,'SS76311088022296540660205,2026-04-13 23:18:56,'3811282248515322341,可爱小黄鸡小猪发圈学生风萌系扎发神器黑色发绳扎头发皮筋卖头饰,,,普通订单,5.98,0,0,0,0,0,0,0,0,0,0,0,-0.3,0,0,0,0,0,0,否,0,义乌市於郝电子商务商行（个体工商户）,订单结算
2026-04-24 05:14:06,'2026042405135914435453960793,入账,3.28,聚合账户,货款结算入账,小店自卖,'6952205831049385437,'6952205831049385437,'SS76312125529531031670105,2026-04-20 13:18:23,'3809586825216000110,春夏撞色甜美蝴蝶结发夹女后脑勺抓夹2026新款气质大号盘发鸭嘴夹,,,普通订单,3.45,0,0,0,0,0,0,0,0,0,0,0,-0.17,0,0,0,0,0,0,否,0,义乌市於郝电子商务商行（个体工商户）,订单结算
2026-04-24 05:14:06,'2026042405140125250248030793,入账,2.91,聚合账户,货款结算入账,小店自卖,'6951903844654192115,'6951903844654192115,'SS76310095294048832430148,2026-04-09 05:53:27,'3808515754769383695,2026新款高级牡丹花流苏抓夹毛毛发夹后脑勺显发量大号鲨鱼夹头饰,,,普通订单,3.06,0,0,0,0,0,0,0,0,0,0,0,-0.15,0,0,0,0,0,0,,0,义乌市於郝电子商务商行（个体工商户）,订单结算
2026-04-24 05:14:06,'2026042405135817251046800793,入账,1.89,聚合账户,货款结算入账,小店自卖,'6952152650928231955,'6952152650928231955,'SS76311692660792079510226,2026-04-17 15:52:14,'3808855327718375885,复古豹纹波点褶皱高马尾香蕉夹小号后脑勺竖夹韩系显发量发夹,,,普通订单,1.99,0,0,0,0,0,0,0,0,0,0,0,-0.1,0,0,0,0,0,0,,0,义乌市於郝电子商务商行（个体工商户）,订单结算
2026-04-24 05:14:06,'2026042405140020010972790793,入账,3.93,聚合账户,货款结算入账,小店自卖,'6925568596390543307,'6925568596390543307,'SS76310281921402637320159,2026-04-13 21:59:49,'3811282248515322341,可爱小黄鸡小猪发圈学生风萌系扎发神器黑色发绳扎头发皮筋卖头饰,,,普通订单,4.14,0,0,0,0,0,0,0,0,0,0,0,-0.21,0,0,0,0,0,0,否,0,义乌市於郝电子商务商行（个体工商户）,订单结算
2026-04-24 05:14:17,'2026042405141001314824200793,入账,2.86,聚合账户,货款结算入账,小店自卖,'6952040334362023313,'6952040334362023313,'SS76310485086189493850238,2026-04-14 00:00:14,'3809438133272051839,韩版新款格纹蝴蝶结香蕉夹复古少女中号马尾夹百搭扭扭发卡抓夹,,,普通订单,3.01,0,0,0,0,0,0,0,0,0,0,0,-0.15,0,0,0,0,0,0,否,0,义乌市於郝电子商务商行（个体工商户）,订单结算
2026-04-24 05:14:17,'2026042405141126746762660793,入账,3.89,聚合账户,货款结算入账,小店自卖,'6925667964728082151,'6925667964728082151,'SS76309043757871762350003,2026-04-18 02:37:06,'3808855327718375885,复古豹纹波点褶皱高马尾香蕉夹小号后脑勺竖夹韩系显发量发夹,,,普通订单,4.09,0,0,0,0,0,0,0,0,0,0,0,-0.2,0,0,0,0,0,0,否,0,义乌市於郝电子商务商行（个体工商户）,订单结算
2026-04-24 05:14:17,'2026042405141127728284500793,入账,1.89,聚合账户,货款结算入账,小店自卖,'6952039663124550674,'6952039663124550674,'SS76310141818795177050070,2026-04-13 15:57:58,'3808855327718375885,复古豹纹褶皱中号香蕉夹高级感马尾扭扭夹后脑勺韩系显发量发卡,,,普通订单,1.99,0,0,0,0,0,0,0,0,0,0,0,-0.1,0,0,0,0,0,0,否,0,义乌市於郝电子商务商行（个体工商户）,订单结算
2026-04-24 05:14:18,'2026042405141017838410580793,入账,1.89,聚合账户,货款结算入账,小店自卖,'6952146140738099149,'6952146140738099149,'SS76311122851002783080174,2026-04-17 23:37:28,'3808855327718375885,复古豹纹波点褶皱高马尾香蕉夹小号后脑勺竖夹韩系显发量发夹,,,普通订单,1.99,0,0,0,0,0,0,0,0,0,0,0,-0.1,0,0,0,0,0,0,,0,义乌市於郝电子商务商行（个体工商户）,订单结算
2026-04-24 05:14:18,'2026042405141116405793620793,入账,5.68,聚合账户,货款结算入账,小店自卖,'6952129302853981485,'6952129302853981485,'SS76310652486355686740240,2026-04-16 20:33:46,'3811282248515322341,可爱小黄鸡小猪发圈学生风萌系扎发神器黑色发绳扎头发皮筋卖头饰,,,普通订单,5.98,0,0,0,0,0,0,0,0,0,0,0,-0.3,0,0,0,0,0,0,否,0,义乌市於郝电子商务商行（个体工商户）,订单结算
2026-04-24 05:14:28,'2026042405142316705008730793,入账,4.81,聚合账户,货款结算入账,巨量千川,'6952053268901991640,'6952053268901991640,'SS76310173592433628790209,2026-04-13 18:32:13,'3808518913650721160,新款高级牡丹花流苏抓夹毛毛发夹后脑勺显发量大号鲨鱼头饰发夹,,,普通订单,5.06,0,0,0,0,0,0,0,0,0,0,0,-0.25,0,0,0,0,0,0,否,0,义乌市於郝电子商务商行（个体工商户）,订单结算
2026-04-24 05:14:28,'2026042405142320019983860793,入账,3.26,聚合账户,货款结算入账,小店自卖,'6952064641639650785,'6952064641639650785,'SS76310169821209894780103,2026-04-14 05:18:24,'3808518913650721160,新款高级牡丹花流苏抓夹毛毛发夹后脑勺显发量大号鲨鱼头饰发夹,,,普通订单,3.43,0,0,0,0,0,0,0,0,0,0,0,-0.17,0,0,0,0,0,0,否,0,义乌市於郝电子商务商行（个体工商户）,订单结算
2026-04-24 05:14:28,'2026042405142338090678140793,入账,5.68,聚合账户,货款结算入账,小店自卖,'6952197120700847394,'6952197120700847394,'SS76311694091216002750243,2026-04-19 13:26:23,'3811282248515322341,可爱小黄鸡小猪发圈学生风萌系扎发神器黑色发绳扎头发皮筋卖头饰,,,普通订单,5.98,0,0,0,0,0,0,0,0,0,0,0,-0.3,0,0,0,0,0,0,否,0,义乌市於郝电子商务商行（个体工商户）,订单结算
2026-04-24 05:14:28,'2026042405142340061056090793,入账,4.77,聚合账户,货款结算入账,小店自卖,'6952105225314441181,'6952105225314441181,'SS76310430627053573120074,2026-04-15 21:22:05,'3808826072573804729,迷你小号无痕鸭嘴夹抓夹小夹子精致蝴蝶结碎发夹刘海夹高级感发卡,,,普通订单,5.02,0,0,0,0,0,0,0,0,0,0,0,-0.25,0,0,0,0,0,0,否,0,义乌市於郝电子商务商行（个体工商户）,订单结算
2026-04-24 05:14:28,'2026042405142325467459060793,入账,7.21,聚合账户,货款结算入账,小店自卖,'6952160261814556557,'6952160261814556557,'SS76310699276086157060137,2026-04-18 14:05:47,'3809586825216000110,春夏撞色甜美蝴蝶结发夹女后脑勺抓夹2026新款气质大号盘发鸭嘴夹,,,普通订单,7.59,0,0,0,0,0,0,0,0,0,0,0,-0.38,0,0,0,0,0,0,否,0,义乌市於郝电子商务商行（个体工商户）,订单结算
2026-04-24 05:14:38,'2026042405143420512607130793,入账,5.34,聚合账户,货款结算入账,小店自卖,'6925700608468549148,'6925700608468549148,'SS76312149088346117270045,2026-04-19 08:15:24,'3809586825216000110,春夏撞色甜美蝴蝶结发夹女后脑勺抓夹2026新款气质大号盘发鸭嘴夹,,,普通订单,5.62,0,0,0,0,0,0,0,0,0,0,0,-0.28,0,0,0,0,0,0,否,0,义乌市於郝电子商务商行（个体工商户）,订单结算
2026-04-24 05:14:38,'2026042405143324834380890793,入账,4.62,聚合账户,货款结算入账,小店自卖,'6952091776105322035,'6952091776105322035,'SS76311204414293816830027,2026-04-15 17:18:16,'3808518913650721160,新款高级牡丹花流苏抓夹毛毛发夹后脑勺显发量大号鲨鱼头饰发夹,,,普通订单,4.86,0,0,0,0,0,0,0,0,0,0,0,-0.24,0,0,0,0,0,0,,0,义乌市於郝电子商务商行（个体工商户）,订单结算
2026-04-24 05:14:38,'2026042405143241401224310793,入账,3.32,聚合账户,货款结算入账,巨量千川,'6925579747890986811,'6925579747890986811,'SS76310172335505577310232,2026-04-13 20:47:21,'3808518913650721160,新款高级牡丹花流苏抓夹毛毛发夹后脑勺显发量大号鲨鱼头饰发夹,,,普通订单,3.5,0,0,0,0,0,0,0,0,0,0,0,-0.18,0,0,0,0,0,0,否,0,义乌市於郝电子商务商行（个体工商户）,订单结算
2026-04-24 05:14:38,'2026042405143324412654350793,入账,4.94,聚合账户,货款结算入账,小店自卖,'6952054646257817274,'6952054646257817274,'SS76311140897392768430107,2026-04-14 13:35:11,'3811282248515322341,可爱小黄鸡小猪发圈学生风萌系扎发神器黑色发绳扎头发皮筋卖头饰,,,普通订单,5.2,0,0,0,0,0,0,0,0,0,0,0,-0.26,0,0,0,0,0,0,否,0,义乌市於郝电子商务商行（个体工商户）,订单结算
2026-04-24 05:14:38,'2026042405143329836457590793,入账,4.71,聚合账户,货款结算入账,小店自卖,'6925701742254259817,'6925701742254259817,'SS76310846255953556900021,2026-04-18 17:43:19,'3811282248515322341,可爱小黄鸡小猪发圈学生风萌系扎发神器黑色发绳扎头发皮筋卖头饰,,,普通订单,4.96,0,0,0,0,0,0,0,0,0,0,0,-0.25,0,0,0,0,0,0,否,0,义乌市於郝电子商务商行（个体工商户）,订单结算
2026-04-24 05:14:43,'2026042405143814475105790793,入账,3.14,聚合账户,货款结算入账,小店自卖,'6952054192393950479,'6952054192393950479,'SS76310661276532902550250,2026-04-14 08:40:18,'3808522822146457689,夏天简约随手盘发一字夹扭扭夹水钻抓夹高级发夹扭扭后脑勺盘发器,,,普通订单,3.31,0,0,0,0,0,0,0,0,0,0,0,-0.17,0,0,0,0,0,0,否,0,义乌市於郝电子商务商行（个体工商户）,订单结算
2026-04-24 05:14:43,'2026042405143804368839770793,入账,1.89,聚合账户,货款结算入账,小店自卖,'6952183432344310809,'6952183432344310809,'SS76311242761962993020046,2026-04-19 02:36:20,'3808855327718375885,复古豹纹波点褶皱高马尾香蕉夹小号后脑勺竖夹韩系显发量发夹,,,普通订单,1.99,0,0,0,0,0,0,0,0,0,0,0,-0.1,0,0,0,0,0,0,否,0,义乌市於郝电子商务商行（个体工商户）,订单结算
2026-04-24 05:14:43,'2026042405143711750814780793,入账,4.62,聚合账户,货款结算入账,小店自卖,'6925571243069111768,'6925571243069111768,'SS76310167073956869630035,2026-04-13 21:41:20,'3808518913650721160,新款高级牡丹花流苏抓夹毛毛发夹后脑勺显发量大号鲨鱼头饰发夹,,,普通订单,4.86,0,0,0,0,0,0,0,0,0,0,0,-0.24,0,0,0,0,0,0,,0,义乌市於郝电子商务商行（个体工商户）,订单结算
2026-04-24 05:14:43,'2026042405143827030164580793,入账,3.69,聚合账户,货款结算入账,小店自卖,'6952037899091318679,'6952037899091318679,'SS76311394035867650560025,2026-04-13 21:44:03,'3808681227066671182,简约大肠珍珠发圈头绳2026新款橡皮筋女扎头发优雅皮套高颜值发绳,,,普通订单,3.88,0,0,0,0,0,0,0,0,0,0,0,-0.19,0,0,0,0,0,0,否,0,义乌市於郝电子商务商行（个体工商户）,订单结算
2026-04-24 05:14:43,'2026042405143818206725220793,入账,6.82,聚合账户,货款结算入账,小店自卖,'6952076288633607852,'6952076288633607852,'SS76311136214480325210020,2026-04-14 10:31:58,'3809608072410824827,气质抓夹大号发量多2026新款简约发夹女后脑勺鲨鱼夹高级感头饰,,,普通订单,7.18,0,0,0,0,0,0,0,0,0,0,0,-0.36,0,0,0,0,0,0,否,0,义乌市於郝电子商务商行（个体工商户）,订单结算
2026-04-24 05:14:56,'2026042405145122151503420793,入账,2.64,聚合账户,货款结算入账,小店自卖,'6925565896333753385,'6925565896333753385,'SS76310281410534446460030,2026-04-13 19:34:38,'3812216687168717210,扁塌头救星!无痕简约碎发夹碎发整理高颅顶神器甜妹隐形无痕发扣,,,普通订单,2.78,0,0,0,0,0,0,0,0,0,0,0,-0.14,0,0,0,0,0,0,否,0,义乌市於郝电子商务商行（个体工商户）,订单结算
2026-04-24 05:14:56,'2026042405145034820920410793,入账,1.82,聚合账户,货款结算入账,小店自卖,'6951905678322570579,'6951905678322570579,'SS76310102628818788270062,2026-04-08 17:22:11,'3808515754769383695,2026新款高级牡丹花流苏抓夹毛毛发夹后脑勺显发量大号鲨鱼夹头饰,,,普通订单,2.92,0,0,0,0,0,0,0,0,0,0,-1,-0.1,0,0,0,0,0,0,否,0,义乌市於郝电子商务商行（个体工商户）,订单结算
2026-04-24 05:14:56,'2026042405145102714181550793,入账,4.22,聚合账户,货款结算入账,小店自卖,'6925633422858157586,'6925633422858157586,'SS76310065805488622590054,2026-04-15 22:50:19,'3811116864172589149,森系干枯山茶花朵7cm小抓夹百搭气质发夹女后脑勺超仙鲨鱼夹发饰,,,普通订单,4.44,0,0,0,0,0,0,0,0,0,0,0,-0.22,0,0,0,0,0,0,否,0,义乌市於郝电子商务商行（个体工商户）,订单结算
2026-04-24 05:14:56,'2026042405144937691274600793,入账,3.89,聚合账户,货款结算入账,小店自卖,'6925582648327437763,'6925582648327437763,'SS76310141032976921940112,2026-04-14 01:48:25,'3808855327718375885,复古豹纹褶皱中号香蕉夹高级感马尾扭扭夹后脑勺韩系显发量发卡,,,普通订单,4.09,0,0,0,0,0,0,0,0,0,0,0,-0.2,0,0,0,0,0,0,否,0,义乌市於郝电子商务商行（个体工商户）,订单结算
2026-04-24 05:14:56,'2026042405145132589911420793,入账,3.08,聚合账户,货款结算入账,小店自卖,'6952055747441923741,'6952055747441923741,'SS76311141114385863680144,2026-04-13 22:41:27,'3811282248515322341,可爱小黄鸡小猪发圈学生风萌系扎发神器黑色发绳扎头发皮筋卖头饰,,,普通订单,3.24,0,0,0,0,0,0,0,0,0,0,0,-0.16,0,0,0,0,0,0,否,0,义乌市於郝电子商务商行（个体工商户）,订单结算
2026-04-24 05:15:01,'2026042405145501777505630793,入账,6.83,聚合账户,货款结算入账,小店自卖,'6952024082218751697,'6952024082218751697,'SS76311136246100795030095,2026-04-13 15:58:32,'3809608072410824827,气质抓夹大号发量多2026新款简约发夹女后脑勺鲨鱼夹高级感头饰,,,普通订单,7.19,0,0,0,0,0,0,0,0,0,0,0,-0.36,0,0,0,0,0,0,,0,义乌市於郝电子商务商行（个体工商户）,订单结算
2026-04-24 05:15:01,'2026042405145434656586580793,入账,3.55,聚合账户,货款结算入账,小店自卖,'6952056189404910974,'6952056189404910974,'SS76310169881275438580077,2026-04-14 08:47:09,'3809812909954040001,羽毛珠珠流苏花朵发夹蓬松牡丹花抓夹显发量鲨鱼夹子气质头花发饰,,,普通订单,3.74,0,0,0,0,0,0,0,0,0,0,0,-0.19,0,0,0,0,0,0,否,0,义乌市於郝电子商务商行（个体工商户）,订单结算
2026-04-24 05:15:01,'2026042405145526345518140793,入账,3.26,聚合账户,货款结算入账,小店自卖,'6925581758800297038,'6925581758800297038,'SS76310169443186447860233,2026-04-13 18:40:46,'3808518913650721160,新款高级牡丹花流苏抓夹毛毛发夹后脑勺显发量大号鲨鱼头饰发夹,,,普通订单,3.43,0,0,0,0,0,0,0,0,0,0,0,-0.17,0,0,0,0,0,0,,0,义乌市於郝电子商务商行（个体工商户）,订单结算
2026-04-24 05:15:01,'2026042405145706634376040793,入账,6.46,聚合账户,货款结算入账,小店自卖,'6925554537726573569,'6925554537726573569,'SS76311096826583659880159,2026-04-12 22:58:58,'3812210500259938495,可爱蝴蝶结小猫无痕刘海贴魔术贴发饰少女前额侧边碎发贴整理神器,,,普通订单,6.8,1,0,0,0,0,0,0,0,0,0,0,-0.34,0,0,0,0,0,0,否,0,义乌市於郝电子商务商行（个体工商户）,订单结算
2026-04-24 05:15:01,'2026042405145413686871190793,入账,4.81,聚合账户,货款结算入账,小店自卖,'6951909629294548883,'6951909629294548883,'SS76310095564927841620221,2026-04-08 16:21:58,'3808518913650721160,新款高级牡丹花流苏抓夹毛毛发夹后脑勺显发量大号鲨鱼头饰发夹,,,普通订单,5.06,0,0,0,0,0,0,0,0,0,0,0,-0.25,0,0,0,0,0,0,否,0,义乌市於郝电子商务商行（个体工商户）,订单结算
2026-04-24 05:15:15,'2026042405150923874442650793,入账,1.89,聚合账户,货款结算入账,小店自卖,'6925568042199514128,'6925568042199514128,'SS76310137461861791060046,2026-04-13 17:45:00,'3808855327718375885,复古豹纹褶皱中号香蕉夹高级感马尾扭扭夹后脑勺韩系显发量发卡,,,普通订单,1.99,0,0,0,0,0,0,0,0,0,0,0,-0.1,0,0,0,0,0,0,否,0,义乌市於郝电子商务商行（个体工商户）,订单结算
2026-04-24 05:15:15,'2026042405151023656696750793,入账,4.62,聚合账户,货款结算入账,小店自卖,'6925587169982053536,'6925587169982053536,'SS76311694934940884740240,2026-04-14 19:16:35,'3809438133272051839,韩版新款格纹蝴蝶结香蕉夹复古少女中号马尾夹百搭扭扭发卡抓夹,,,普通订单,4.86,0,0,0,0,0,0,0,0,0,0,0,-0.24,0,0,0,0,0,0,否,0,义乌市於郝电子商务商行（个体工商户）,订单结算
2026-04-24 05:15:15,'2026042405150916114819100793,入账,1.89,聚合账户,货款结算入账,小店自卖,'6925439523978575114,'6925439523978575114,'SS76310065015626800730086,2026-04-09 00:45:31,'3808855327718375885,复古豹纹褶皱中号香蕉夹高级感马尾扭扭夹后脑勺韩系显发量发卡,,,普通订单,1.99,0,0,0,0,0,0,0,0,0,0,0,-0.1,0,0,0,0,0,0,否,0,义乌市於郝电子商务商行（个体工商户）,订单结算
2026-04-24 05:15:15,'2026042405151017072300060793,入账,1.89,聚合账户,货款结算入账,小店自卖,'6952054019995997276,'6952054019995997276,'SS76310150037132905220142,2026-04-14 05:20:24,'3808855327718375885,复古豹纹褶皱中号香蕉夹高级感马尾扭扭夹后脑勺韩系显发量发卡,,,普通订单,1.99,0,0,0,0,0,0,0,0,0,0,0,-0.1,0,0,0,0,0,0,否,0,义乌市於郝电子商务商行（个体工商户）,订单结算
2026-04-24 05:15:15,'2026042405151017533384100793,入账,2.66,聚合账户,货款结算入账,小店自卖,'6952060246585645010,'6952060246585645010,'SS76311395150878479740195,2026-04-13 22:39:33,'3808681227066671182,简约大肠珍珠发圈头绳2026新款橡皮筋女扎头发优雅皮套高颜值发绳,,,普通订单,2.8,0,0,0,0,0,0,0,0,0,0,0,-0.14,0,0,0,0,0,0,否,0,义乌市於郝电子商务商行（个体工商户）,订单结算
2026-04-24 05:15:27,'2026042405152239020301430793,入账,3.89,聚合账户,货款结算入账,小店自卖,'6925659167840697660,'6925659167840697660,'SS76311520903061181590009,2026-04-16 20:54:20,'3808855327718375885,复古豹纹波点褶皱高马尾香蕉夹小号后脑勺竖夹韩系显发量发夹,,,普通订单,4.09,0,0,0,0,0,0,0,0,0,0,0,-0.2,0,0,0,0,0,0,否,0,义乌市於郝电子商务商行（个体工商户）,订单结算
2026-04-24 05:15:27,'2026042405152235568525210793,入账,3.38,聚合账户,货款结算入账,小店自卖,'6952058679542552070,'6952058679542552070,'SS76311606161283484510199,2026-04-14 14:14:34,'3808826072573804729,迷你小号无痕鸭嘴夹抓夹小夹子精致蝴蝶结碎发夹刘海夹高级感发卡,,,普通订单,3.56,0,0,0,0,0,0,0,0,0,0,0,-0.18,0,0,0,0,0,0,否,0,义乌市於郝电子商务商行（个体工商户）,订单结算
2026-04-24 05:15:27,'2026042405152100894077850793,入账,1.89,聚合账户,货款结算入账,小店自卖,'6952047178849458051,'6952047178849458051,'SS76310152602552940040056,2026-04-14 01:46:22,'3808855327718375885,复古豹纹褶皱中号香蕉夹高级感马尾扭扭夹后脑勺韩系显发量发卡,,,普通订单,1.99,0,0,0,0,0,0,0,0,0,0,0,-0.1,0,0,0,0,0,0,否,0,义乌市於郝电子商务商行（个体工商户）,订单结算
2026-04-24 05:15:27,'2026042405152218623739240793,入账,2.41,聚合账户,货款结算入账,小店自卖,'6925712420672797892,'6925712420672797892,'SS76311342286509225480045,2026-04-19 13:49:16,'3811282248515322341,可爱小黄鸡小猪发圈学生风萌系扎发神器黑色发绳扎头发皮筋卖头饰,,,普通订单,2.54,0,0,0,0,0,0,0,0,0,0,0,-0.13,0,0,0,0,0,0,否,0,义乌市於郝电子商务商行（个体工商户）,订单结算
2026-04-24 05:15:27,'2026042405152206798914990793,入账,3.14,聚合账户,货款结算入账,巨量千川,'6952047571938842122,'6952047571938842122,'SS76310661191907292620085,2026-04-14 10:39:47,'3808522822146457689,夏天简约随手盘发一字夹扭扭夹水钻抓夹高级发夹扭扭后脑勺盘发器,,,普通订单,3.31,0,0,0,0,0,0,0,0,0,0,0,-0.17,0,0,0,0,0,0,否,0,义乌市於郝电子商务商行（个体工商户）,订单结算
2026-04-24 05:15:40,'2026042405153612173194670793,入账,3.19,聚合账户,货款结算入账,小店自卖,'6925568224107068856,'6925568224107068856,'SS76310152225979599900201,2026-04-13 19:30:50,'3808855327718375885,复古豹纹褶皱中号香蕉夹高级感马尾扭扭夹后脑勺韩系显发量发卡,,,普通订单,3.36,0,0,0,0,0,0,0,0,0,0,0,-0.17,0,0,0,0,0,0,否,0,义乌市於郝电子商务商行（个体工商户）,订单结算
2026-04-24 05:15:40,'2026042405153417517491830793,入账,5.68,聚合账户,货款结算入账,小店自卖,'6925686488215486252,'6925686488215486252,'SS76312167899773667940133,2026-04-18 15:22:11,'3812218703882354864,春日超仙甜美氛围感樱花抓夹森系纯欲风侧边夹发夹发饰百搭刘海夹,,,普通订单,5.98,0,0,0,0,0,0,0,0,0,0,0,-0.3,0,0,0,0,0,0,,0,义乌市於郝电子商务商行（个体工商户）,订单结算
2026-04-24 05:15:40,'2026042405153502816576360793,入账,1.89,聚合账户,货款结算入账,小店自卖,'6952062567175886518,'6952062567175886518,'SS76310150831432832000023,2026-04-14 03:45:55,'3808855327718375885,复古豹纹褶皱中号香蕉夹高级感马尾扭扭夹后脑勺韩系显发量发卡,,,普通订单,1.99,0,0,0,0,0,0,0,0,0,0,0,-0.1,0,0,0,0,0,0,否,0,义乌市於郝电子商务商行（个体工商户）,订单结算
2026-04-24 05:15:40,'2026042405153521015434870793,入账,5.68,聚合账户,货款结算入账,小店自卖,'6925679584477806328,'6925679584477806328,'SS76311933649684892540155,2026-04-18 09:40:05,'3811282248515322341,可爱小黄鸡小猪发圈学生风萌系扎发神器黑色发绳扎头发皮筋卖头饰,,,普通订单,5.98,0,0,0,0,0,0,0,0,0,0,0,-0.3,0,0,0,0,0,0,否,0,义乌市於郝电子商务商行（个体工商户）,订单结算
2026-04-24 05:15:40,'2026042405153425805130600793,入账,1.89,聚合账户,货款结算入账,小店自卖,'6952062319572423992,'6952062319572423992,'SS76310147999170237540207,2026-04-13 23:04:26,'3808855327718375885,复古豹纹褶皱中号香蕉夹高级感马尾扭扭夹后脑勺韩系显发量发卡,,,普通订单,1.99,0,0,0,0,0,0,0,0,0,0,0,-0.1,0,0,0,0,0,0,否,0,义乌市於郝电子商务商行（个体工商户）,订单结算
2026-04-24 05:15:52,'2026042405154740521567230793,入账,2.66,聚合账户,货款结算入账,小店自卖,'6952060177220375746,'6952060177220375746,'SS76310164212294292540035,2026-04-13 22:19:17,'3809234232031707601,新款发箍女款洗脸专用压发带齿防滑碎发头箍高颅顶头饰防掉百搭,,,普通订单,1.88,0,0,0.92,0,0,0,0,0,0,0,0,-0.14,0,0,0,0,0,0,否,0,义乌市於郝电子商务商行（个体工商户）,订单结算
2026-04-24 05:15:52,'2026042405154724714655220793,入账,5.68,聚合账户,货款结算入账,小店自卖,'6952150782830384331,'6952150782830384331,'SS76311676470190907300136,2026-04-17 23:49:16,'3811282248515322341,可爱小黄鸡小猪发圈学生风萌系扎发神器黑色发绳扎头发皮筋卖头饰,,,普通订单,5.98,0,0,0,0,0,0,0,0,0,0,0,-0.3,0,0,0,0,0,0,否,0,义乌市於郝电子商务商行（个体工商户）,订单结算
2026-04-24 05:15:52,'2026042405154708725962650793,入账,1.89,聚合账户,货款结算入账,小店自卖,'6925566463453265049,'6925566463453265049,'SS76310148110003737870207,2026-04-13 23:08:44,'3808855327718375885,复古豹纹褶皱中号香蕉夹高级感马尾扭扭夹后脑勺韩系显发量发卡,,,普通订单,1.72,0,0,0.27,0,0,0,0,0,0,0,0,-0.1,0,0,0,0,0,0,否,0,义乌市於郝电子商务商行（个体工商户）,订单结算
2026-04-24 05:15:52,'2026042405154607145393180793,入账,3.32,聚合账户,货款结算入账,小店自卖,'6925577964914244690,'6925577964914244690,'SS76311410099047634180145,2026-04-13 23:44:20,'3812210500259938495,可爱蝴蝶结小猫无痕刘海贴魔术贴发饰少女前额侧边碎发贴整理神器,,,普通订单,3.49,0,0,0,0,0,0,0,0,0,0,0,-0.17,0,0,0,0,0,0,否,0,义乌市於郝电子商务商行（个体工商户）,订单结算
2026-04-24 05:15:52,'2026042405154718707625380793,入账,3.14,聚合账户,货款结算入账,小店自卖,'6925547528962867128,'6925547528962867128,'SS76311383297744407040056,2026-04-13 05:32:47,'3808522822146457689,夏天简约随手盘发一字夹扭扭夹水钻抓夹高级发夹扭扭后脑勺盘发器,,,普通订单,3.31,0,0,0,0,0,0,0,0,0,0,0,-0.17,0,0,0,0,0,0,否,0,义乌市於郝电子商务商行（个体工商户）,订单结算
2026-04-24 05:15:59,'2026042405155418126768900793,入账,2.86,聚合账户,货款结算入账,小店自卖,'6952173751907784585,'6952173751907784585,'SS76311277318805921790104,2026-04-18 14:05:33,'3809438133272051839,韩版新款格纹蝴蝶结香蕉夹复古少女中号马尾夹百搭扭扭发卡抓夹,,,普通订单,0.01,0,0,3,0,0,0,0,0,0,0,0,-0.15,0,0,0,0,0,0,,0,义乌市於郝电子商务商行（个体工商户）,订单结算
2026-04-24 05:15:59,'2026042405155418126932740793,入账,4.81,聚合账户,货款结算入账,小店自卖,'6952119880193152581,'6952119880193152581,'SS76312395708013123070229,2026-04-16 15:28:36,'3808518913650721160,新款高级牡丹花流苏抓夹毛毛发夹后脑勺显发量大号鲨鱼头饰发夹,,,普通订单,0.01,0,0,0,0,0,0,0,5.05,0,0,0,-0.25,0,0,0,0,0,0,,0,义乌市於郝电子商务商行（个体工商户）,订单结算
2026-04-24 05:15:59,'2026042405155330332521150793,入账,3.75,聚合账户,货款结算入账,小店自卖,'6925579505944985409,'6925579505944985409,'SS76310281316798018750245,2026-04-13 18:58:04,'3809602909876912378,2026韩系格子方巾大肠发圈高级慵懒风发绳扎方形头发头绳大号发饰,,,普通订单,3.95,0.6,0,0,0,0,0,0,0,0,0,0,-0.2,0,0,0,0,0,0,否,0,义乌市於郝电子商务商行（个体工商户）,订单结算
2026-04-24 05:15:59,'2026042405155428785871790793,入账,10.31,聚合账户,货款结算入账,小店自卖,'6925564069317475328,'6925564069317475328,'SS76310281819651284630076,2026-04-13 21:23:49,'3811294538555850878,韩系复古大肠蕾丝发圈波点新款高级四层头发丸子马尾高级头绳发饰,,,普通订单,10.61,0,0,0,0,0,0,0,0.24,0,0,0,-0.54,0,0,0,0,0,0,否,0,义乌市於郝电子商务商行（个体工商户）,订单结算
2026-04-24 05:15:59,'2026042405155337563643240793,入账,1.89,聚合账户,货款结算入账,小店自卖,'6925575352520899879,'6925575352520899879,'SS76310146841118848090236,2026-04-13 22:00:17,'3808855327718375885,复古豹纹褶皱中号香蕉夹高级感马尾扭扭夹后脑勺韩系显发量发卡,,,普通订单,0.01,0,0,1.98,0,0,0,0,0,0,0,0,-0.1,0,0,0,0,0,0,否,0,义乌市於郝电子商务商行（个体工商户）,订单结算
2026-04-24 05:16:09,'2026042405160430371394970793,入账,1.89,聚合账户,货款结算入账,小店自卖,'6925564036574314050,'6925564036574314050,'SS76310145156311291300001,2026-04-13 21:15:16,'3808855327718375885,复古豹纹褶皱中号香蕉夹高级感马尾扭扭夹后脑勺韩系显发量发卡,,,普通订单,0.01,0,0,1.98,0,0,0,0,0,0,0,0,-0.1,0,0,0,0,0,0,否,0,义乌市於郝电子商务商行（个体工商户）,订单结算
2026-04-24 05:16:09,'2026042405160526214732900793,入账,6.17,聚合账户,货款结算入账,小店自卖,'6952055457916195900,'6952055457916195900,'SS76311020156947174670211,2026-04-13 19:41:23,'3808509441058406492,新款扭扭麻花发箍女简约高颅顶带齿防滑洗脸头箍发卡高级感民族风,,,普通订单,3.5,0,0,3,0,0,0,0,0,0,0,0,-0.33,0,0,0,0,0,0,,0,义乌市於郝电子商务商行（个体工商户）,订单结算
2026-04-24 05:16:09,'2026042405160340947266750793,入账,1.89,聚合账户,货款结算入账,小店自卖,'6952046734897977150,'6952046734897977150,'SS76310145041178140500056,2026-04-13 20:48:47,'3808855327718375885,复古豹纹褶皱中号香蕉夹高级感马尾扭扭夹后脑勺韩系显发量发卡,,,普通订单,0.01,0,0,1.98,0,0,0,0,0,0,0,0,-0.1,0,0,0,0,0,0,否,0,义乌市於郝电子商务商行（个体工商户）,订单结算
2026-04-24 05:16:09,'2026042405160500516101310793,入账,0.96,聚合账户,货款结算入账,小店自卖,'6925573542589791277,'6925573542589791277,'SS76311393386132769740089,2026-04-13 21:50:30,'3808518913650721160,新款高级牡丹花流苏抓夹毛毛发夹后脑勺显发量大号鲨鱼头饰发夹,,,普通订单,1.01,0,0,0,0,0,0,0,0,0,0,0,-0.05,0,0,0,0,0,0,否,0,义乌市於郝电子商务商行（个体工商户）,订单结算
2026-04-24 05:16:09,'2026042405160421435520630793,入账,3.31,聚合账户,货款结算入账,小店自卖,'6952038086784193910,'6952038086784193910,'SS76311410051646141630121,2026-04-14 00:17:04,'3812210500259938495,可爱蝴蝶结小猫无痕刘海贴魔术贴发饰少女前额侧边碎发贴整理神器,,,普通订单,0.48,0,0,3,0,0,0,0,0,0,0,0,-0.17,0,0,0,0,0,0,,0,义乌市於郝电子商务商行（个体工商户）,订单结算
2026-04-24 05:16:09,'2026042405160441528898650793,入账,3.26,聚合账户,货款结算入账,小店自卖,'6952071113010058894,'6952071113010058894,'SS76311056189395770980173,2026-04-15 10:52:26,'3808518913650721160,新款高级牡丹花流苏抓夹毛毛发夹后脑勺显发量大号鲨鱼头饰发夹,,,普通订单,0.43,0,0,3,0,0,0,0,0,0,0,0,-0.17,0,0,0,0,0,0,,0,义乌市於郝电子商务商行（个体工商户）,订单结算
2026-04-24 05:16:09,'2026042405160421025633370793,入账,4.77,聚合账户,货款结算入账,小店自卖,'6952035780461270650,'6952035780461270650,'SS76311393815218921390195,2026-04-13 22:28:10,'3808826072573804729,迷你小号无痕鸭嘴夹抓夹小夹子精致蝴蝶结碎发夹刘海夹高级感发卡,,,普通订单,5.02,0,0,0,0,0,0,0,0,0,0,0,-0.25,0,0,0,0,0,0,否,0,义乌市於郝电子商务商行（个体工商户）,订单结算
2026-04-24 05:16:09,'2026042405160321154206910793,入账,1.89,聚合账户,货款结算入账,小店自卖,'6951925545237747631,'6951925545237747631,'SS76310068942196252790223,2026-04-08 22:33:22,'3808855327718375885,复古豹纹褶皱中号香蕉夹高级感马尾扭扭夹后脑勺韩系显发量发卡,,,普通订单,0.01,0,0,1.98,0,0,0,0,0,0,0,0,-0.1,0,0,0,0,0,0,否,0,义乌市於郝电子商务商行（个体工商户）,订单结算
2026-04-24 05:16:09,'2026042405160527852316420793,入账,1.89,聚合账户,货款结算入账,小店自卖,'6952055284617188914,'6952055284617188914,'SS76310143213339489280074,2026-04-13 17:50:20,'3808855327718375885,复古豹纹褶皱中号香蕉夹高级感马尾扭扭夹后脑勺韩系显发量发卡,,,普通订单,0.01,0,0,1.98,0,0,0,0,0,0,0,0,-0.1,0,0,0,0,0,0,否,0,义乌市於郝电子商务商行（个体工商户）,订单结算
2026-04-24 05:16:09,'2026042405160506254310780793,入账,1.89,聚合账户,货款结算入账,小店自卖,'6952184951082259721,'6952184951082259721,'SS76311239200007501180142,2026-04-18 18:31:16,'3808855327718375885,复古豹纹波点褶皱高马尾香蕉夹小号后脑勺竖夹韩系显发量发夹,,,普通订单,0.99,0,0,1,0,0,0,0,0,0,0,0,-0.1,0,0,0,0,0,0,否,0,义乌市於郝电子商务商行（个体工商户）,订单结算
2026-04-24 05:16:09,'2026042405160321108332150793,入账,5.68,聚合账户,货款结算入账,小店自卖,'6925658434577792880,'6925658434577792880,'SS76308756468558894270110,2026-04-17 12:38:35,'3811282248515322341,可爱小黄鸡小猪发圈学生风萌系扎发神器黑色发绳扎头发皮筋卖头饰,,,普通订单,0.01,0,0,5.97,0,0,0,0,0,0,0,0,-0.3,0,0,0,0,0,0,否,0,义乌市於郝电子商务商行（个体工商户）,订单结算
2026-04-24 05:16:09,'2026042405160411373614440793,入账,3.69,聚合账户,货款结算入账,小店自卖,'6925563662463500179,'6925563662463500179,'SS76311395064226783060040,2026-04-13 18:36:09,'3808681227066671182,简约大肠珍珠发圈头绳2026新款橡皮筋女扎头发优雅皮套高颜值发绳,,,普通订单,3.88,0,0,0,0,0,0,0,0,0,0,0,-0.19,0,0,0,0,0,0,否,0,义乌市於郝电子商务商行（个体工商户）,订单结算
2026-04-24 05:16:09,'2026042405160515192561070793,入账,4.33,聚合账户,货款结算入账,小店自卖,'6952074037501564371,'6952074037501564371,'SS76310684289758169660226,2026-04-14 12:13:23,'3811107016030683631,森系干枯山茶花朵7cm小抓夹 百搭气质发夹女后脑勺超仙鲨夹发饰,,,普通订单,1.56,0,0,3,0,0,0,0,0,0,0,0,-0.23,0,0,0,0,0,0,,0,义乌市於郝电子商务商行（个体工商户）,订单结算
2026-04-24 05:16:09,'2026042405160424257333860793,入账,1.89,聚合账户,货款结算入账,巨量千川,'6952040266227061937,'6952040266227061937,'SS76310146120836879720153,2026-04-13 22:31:14,'3808855327718375885,复古豹纹褶皱中号香蕉夹高级感马尾扭扭夹后脑勺韩系显发量发卡,,,普通订单,0.01,0,0,1.98,0,0,0,0,0,0,0,0,-0.1,0,0,0,0,0,0,,0,义乌市於郝电子商务商行（个体工商户）,订单结算
2026-04-24 05:16:14,'2026042405161000508278020793,入账,3.26,聚合账户,货款结算入账,小店自卖,'6952112006292903283,'6952112006292903283,'SS76310525974782285160084,2026-04-15 20:24:50,'3808518913650721160,新款高级牡丹花流苏抓夹毛毛发夹后脑勺显发量大号鲨鱼头饰发夹,,,普通订单,3.43,0,0,0,0,0,0,0,0,0,0,0,-0.17,0,0,0,0,0,0,否,0,义乌市於郝电子商务商行（个体工商户）,订单结算
2026-04-24 05:16:14,'2026042405160832914519470793,入账,1.89,聚合账户,货款结算入账,小店自卖,'6925564403867024651,'6925564403867024651,'SS76310136683421537630091,2026-04-13 23:25:23,'3808855327718375885,复古豹纹褶皱中号香蕉夹高级感马尾扭扭夹后脑勺韩系显发量发卡,,,普通订单,0.01,0,0,1.98,0,0,0,0,0,0,0,0,-0.1,0,0,0,0,0,0,否,0,义乌市於郝电子商务商行（个体工商户）,订单结算
2026-04-24 05:16:14,'2026042405160909738982830793,入账,3.15,聚合账户,货款结算入账,小店自卖,'6925581334512434421,'6925581334512434421,'SS76310166236293859900157,2026-04-13 16:00:02,'3808518913650721160,新款高级牡丹花流苏抓夹毛毛发夹后脑勺显发量大号鲨鱼头饰发夹,,,普通订单,3.32,0,0,0,0,0,0,0,0,0,0,0,-0.17,0,0,0,0,0,0,否,0,义乌市於郝电子商务商行（个体工商户）,订单结算
2026-04-24 05:16:14,'2026042405160934687923830793,入账,3.26,聚合账户,货款结算入账,小店自卖,'6925571262948867336,'6925571262948867336,'SS76310169499597706870243,2026-04-13 21:50:33,'3808518913650721160,新款高级牡丹花流苏抓夹毛毛发夹后脑勺显发量大号鲨鱼头饰发夹,,,普通订单,3.43,0,0,0,0,0,0,0,0,0,0,0,-0.17,0,0,0,0,0,0,否,0,义乌市於郝电子商务商行（个体工商户）,订单结算
2026-04-24 05:16:14,'2026042405160932806838220793,入账,1.89,聚合账户,货款结算入账,小店自卖,'6952060432104363420,'6952060432104363420,'SS76310149033737592820119,2026-04-14 01:21:47,'3808855327718375885,复古豹纹褶皱中号香蕉夹高级感马尾扭扭夹后脑勺韩系显发量发卡,,,普通订单,1.99,0,0,0,0,0,0,0,0,0,0,0,-0.1,0,0,0,0,0,0,否,0,义乌市於郝电子商务商行（个体工商户）,订单结算
2026-04-24 05:16:14,'2026042405160927991454910793,入账,3.89,聚合账户,货款结算入账,小店自卖,'6925584748809846360,'6925584748809846360,'SS76310140890376320520202,2026-04-14 01:23:58,'3812736213081784671,韩系ins风高马尾香蕉夹竖夹女2026新款高级感发夹简约复古发饰,,,普通订单,0.01,0,0,4.09,0,0,0,0,0,0,0,0,-0.21,0,0,0,0,0,0,,0,义乌市於郝电子商务商行（个体工商户）,订单结算
2026-04-24 05:16:14,'2026042405160935028669940793,入账,3.23,聚合账户,货款结算入账,巨量千川,'6952045404945782139,'6952045404945782139,'SS76310168485952228240088,2026-04-14 07:46:47,'3808518913650721160,新款高级牡丹花流苏抓夹毛毛发夹后脑勺显发量大号鲨鱼头饰发夹,,,普通订单,3.4,0,0,0,0,0,0,0,0,0,0,0,-0.17,0,0,0,0,0,0,,0,义乌市於郝电子商务商行（个体工商户）,订单结算
2026-04-24 05:16:14,'2026042405160920311291150793,入账,7.12,聚合账户,货款结算入账,小店自卖,'6952044391640929756,'6952044391640929756,'SS76311020203084680180011,2026-04-13 17:54:02,'3808509441058406492,新款扭扭麻花发箍女简约高颅顶带齿防滑洗脸头箍发卡高级感民族风,,,普通订单,7.5,1,0,0,0,0,0,0,0,0,0,0,-0.38,0,0,0,0,0,0,否,0,义乌市於郝电子商务商行（个体工商户）,订单结算
2026-04-24 05:16:14,'2026042405160926388772220793,入账,4.26,聚合账户,货款结算入账,巨量千川,'6952158737690138556,'6952158737690138556,'SS76311309077517437630176,2026-04-18 17:31:54,'3811116864172589149,森系干枯山茶花朵7cm小抓夹百搭气质发夹女后脑勺超仙鲨鱼夹发饰,,,普通订单,4.48,0,0,0,0,0,0,0,0,0,0,0,-0.22,0,0,0,0,0,0,否,0,义乌市於郝电子商务商行（个体工商户）,订单结算
2026-04-24 05:16:14,'2026042405160836079050870793,入账,2.77,聚合账户,货款结算入账,小店自卖,'6925428804845009997,'6925428804845009997,'SS76311007097586856960034,2026-04-07 20:01:16,'3808518913650721160,新款高级牡丹花流苏抓夹毛毛发夹后脑勺显发量大号鲨鱼头饰发夹,,,普通订单,0.01,0,0,2.91,0,0,0,0,0,0,0,0,-0.15,0,0,0,0,0,0,,0,义乌市於郝电子商务商行（个体工商户）,订单结算
2026-04-24 05:16:28,'2026042405162112002964830793,入账,1.66,聚合账户,货款结算入账,小店自卖,'6952064301059413551,'6952064301059413551,'SS76309780644130370660069,2026-04-15 07:43:23,'3809064621399212094,网红洗脸专用发卡男潮敷面膜发箍男士刘海压发男生运动头箍发带,,,普通订单,1.75,0,0,0,0,0,0,0,0,0,0,0,-0.09,0,0,0,0,0,0,否,0,义乌市於郝电子商务商行（个体工商户）,订单结算
2026-04-24 05:16:28,'2026042405162231309501440793,入账,6.17,聚合账户,货款结算入账,小店自卖,'6952046085024061299,'6952046085024061299,'SS76311379655339259390164,2026-04-13 13:29:53,'3808509441058406492,新款扭扭麻花发箍女简约高颅顶带齿防滑洗脸头箍发卡高级感民族风,,,普通订单,6.49,0,0,0,0,0,0,0,0,0,0,0,-0.32,0,0,0,0,0,0,否,0,义乌市於郝电子商务商行（个体工商户）,订单结算
2026-04-24 05:16:28,'2026042405162340014979190793,入账,1.89,聚合账户,货款结算入账,小店自卖,'6925570691875830818,'6925570691875830818,'SS76310143234609198230107,2026-04-13 18:01:58,'3808855327718375885,复古豹纹褶皱中号香蕉夹高级感马尾扭扭夹后脑勺韩系显发量发卡,,,普通订单,1.99,0,0,0,0,0,0,0,0,0,0,0,-0.1,0,0,0,0,0,0,否,0,义乌市於郝电子商务商行（个体工商户）,订单结算
2026-04-24 05:16:28,'2026042405162205294044520793,入账,3.79,聚合账户,货款结算入账,小店自卖,'6925604951472307948,'6925604951472307948,'SS76311062383117115380228,2026-04-14 13:39:06,'3808509441058406492,新款扭扭麻花发箍女简约高颅顶带齿防滑洗脸头箍发卡高级感民族风,,,普通订单,2.8,0,0,1.19,0,0,0,0,0,0,0,0,-0.2,0,0,0,0,0,0,,0,义乌市於郝电子商务商行（个体工商户）,订单结算
2026-04-24 05:16:28,'2026042405162221439780260793,入账,3.28,聚合账户,货款结算入账,小店自卖,'6925584429830078246,'6925584429830078246,'SS76310186869092191060142,2026-04-13 22:37:31,'3808514174103978347,明星同款高颅顶圆形金属发扣刘海发夹女前额侧边夹水钻发卡头饰,,,普通订单,0.01,0,0,3.44,0,0,0,0,0,0,0,0,-0.17,0,0,0,0,0,0,否,0,义乌市於郝电子商务商行（个体工商户）,订单结算
2026-04-24 05:16:32,'2026042405162637415979710793,入账,2.65,聚合账户,货款结算入账,小店自卖,'6925443336340668337,'6925443336340668337,'SS76311098750990098280019,2026-04-08 17:38:55,'3808855327718375885,复古豹纹褶皱中号香蕉夹高级感马尾扭扭夹后脑勺韩系显发量发卡,,,普通订单,0.01,0,0,2.78,0,0,0,0,0,0,0,0,-0.14,0,0,0,0,0,0,否,0,义乌市於郝电子商务商行（个体工商户）,订单结算
2026-04-24 05:16:32,'2026042405162726056133520793,入账,3.55,聚合账户,货款结算入账,小店自卖,'6952060222271985059,'6952060222271985059,'SS76310162160707548500248,2026-04-13 22:48:00,'3809599445994176839,春日超仙韩系碎花蕾丝大肠发圈女甜美感丸子头慵懒风超大发饰头绳,,,普通订单,0.74,0,0,3,0,0,0,0,0,0,0,0,-0.19,0,0,0,0,0,0,,0,义乌市於郝电子商务商行（个体工商户）,订单结算
2026-04-24 05:16:32,'2026042405162801176706980793,入账,3.22,聚合账户,货款结算入账,小店自卖,'6925706095401860765,'6925706095401860765,'SS76311534390127334660000,2026-04-19 13:09:33,'3811282248515322341,可爱小黄鸡小猪发圈学生风萌系扎发神器黑色发绳扎头发皮筋卖头饰,,,普通订单,3.39,0,0,0,0,0,0,0,0,0,0,0,-0.17,0,0,0,0,0,0,否,0,义乌市於郝电子商务商行（个体工商户）,订单结算
2026-04-24 05:16:32,'2026042405162605461450600793,入账,3.55,聚合账户,货款结算入账,小店自卖,'6925576893076700816,'6925576893076700816,'SS76311103561860224410147,2026-04-13 15:42:05,'3809599445994176839,春日超仙韩系碎花蕾丝大肠发圈女甜美感丸子头慵懒风超大发饰头绳,,,普通订单,0.74,0,0,3,0,0,0,0,0,0,0,0,-0.19,0,0,0,0,0,0,,0,义乌市於郝电子商务商行（个体工商户）,订单结算
2026-04-24 05:16:32,'2026042405162602267548560793,入账,1.88,聚合账户,货款结算入账,巨量千川,'6952040258994968439,'6952040258994968439,'SS76310133239749228040048,2026-04-13 22:27:25,'3808514174103978347,明星同款高颅顶圆形金属发扣刘海发夹女前额侧边夹水钻发卡头饰,,,普通订单,0.01,0,0,1.97,0,0,0,0,0,0,0,0,-0.1,0,0,0,0,0,0,,0,义乌市於郝电子商务商行（个体工商户）,订单结算
2026-04-24 05:17:24,'2026042405171838014814990793,入账,2.99,聚合账户,货款结算入账,小店自卖,'6952048733345551859,'6952048733345551859,'SS76311396192341079040182,2026-04-13 19:32:29,'3809207830674800849,春夏宽边绒面发箍女2026新款压发洗脸发卡高级感时尚洋气头箍百搭,,,普通订单,3.15,0,0,0,0,0,0,0,0,0,0,0,-0.16,0,0,0,0,0,0,否,0,义乌市於郝电子商务商行（个体工商户）,订单结算
2026-04-24 05:17:24,'2026042405171928945782020793,入账,2.74,聚合账户,货款结算入账,小店自卖,'6952094495190357611,'6952094495190357611,'SS76310447058154952060153,2026-04-15 21:23:50,'3808514174103978347,明星同款高颅顶圆形金属发扣刘海发夹女前额侧边夹水钻发卡头饰,,,普通订单,0.88,0,0,2,0,0,0,0,0,0,0,0,-0.14,0,0,0,0,0,0,否,0,义乌市於郝电子商务商行（个体工商户）,订单结算
2026-04-24 05:17:24,'2026042405171837345531390793,入账,3.19,聚合账户,货款结算入账,小店自卖,'6952171501590877978,'6952171501590877978,'SS76311712118289249280226,2026-04-18 15:13:52,'3808855327718375885,复古豹纹波点褶皱高马尾香蕉夹小号后脑勺竖夹韩系显发量发夹,,,普通订单,3.36,0,0,0,0,0,0,0,0,0,0,0,-0.17,0,0,0,0,0,0,否,0,义乌市於郝电子商务商行（个体工商户）,订单结算
2026-04-24 05:17:24,'2026042405171831674414510793,入账,2.71,聚合账户,货款结算入账,小店自卖,'6925562408040365421,'6925562408040365421,'SS76311062350562757470031,2026-04-13 17:11:48,'3809219180176212098,发圈式啪啪圈~春夏美拉德系懒人高马尾啪啪圈复古固定不塌神器,,,普通订单,2.85,0,0,0,0,0,0,0,0,0,0,0,-0.14,0,0,0,0,0,0,否,0,义乌市於郝电子商务商行（个体工商户）,订单结算
2026-04-24 05:17:24,'2026042405171802990577180793,入账,4.62,聚合账户,货款结算入账,小店自卖,'6925542785042710413,'6925542785042710413,'SS76310870137443950140220,2026-04-12 22:49:23,'3808515754769383695,2026新款高级牡丹花流苏抓夹毛毛发夹后脑勺显发量大号鲨鱼夹头饰,,,普通订单,4.86,0,0,0,0,0,0,0,0,0,0,0,-0.24,0,0,0,0,0,0,,0,义乌市於郝电子商务商行（个体工商户）,订单结算
2026-04-24 05:17:42,'2026042405173705919544670793,入账,1.89,聚合账户,货款结算入账,小店自卖,'6952055475190371513,'6952055475190371513,'SS76310142710297236990243,2026-04-13 19:10:58,'3808855327718375885,复古豹纹褶皱中号香蕉夹高级感马尾扭扭夹后脑勺韩系显发量发卡,,,普通订单,0.01,0,0,1.98,0,0,0,0,0,0,0,0,-0.1,0,0,0,0,0,0,否,0,义乌市於郝电子商务商行（个体工商户）,订单结算
2026-04-24 05:17:42,'2026042405173525306076700793,入账,2.71,聚合账户,货款结算入账,小店自卖,'6925568694433578287,'6925568694433578287,'SS76311396227220977020067,2026-04-13 22:25:57,'3809214874429555055,【LOVEIXCC】新款法式网红发箍发卡宽边复古秋冬头饰百搭高级盘发器,,,普通订单,0.01,0,0,2.84,0,0,0,0,0,0,0,0,-0.14,0,0,0,0,0,0,,0,义乌市於郝电子商务商行（个体工商户）,订单结算
2026-04-24 05:17:42,'2026042405173522075646070793,入账,1.89,聚合账户,货款结算入账,小店自卖,'6925580406491676482,'6925580406491676482,'SS76310138133449118810118,2026-04-14 03:39:43,'3808855327718375885,复古豹纹褶皱中号香蕉夹高级感马尾扭扭夹后脑勺韩系显发量发卡,,,普通订单,1.73,0,0,0.26,0,0,0,0,0,0,0,0,-0.1,0,0,0,0,0,0,否,0,义乌市於郝电子商务商行（个体工商户）,订单结算
2026-04-24 05:17:42,'2026042405173610495800470793,入账,1.89,聚合账户,货款结算入账,小店自卖,'6952062094979437743,'6952062094979437743,'SS76310145140166494720149,2026-04-13 20:56:39,'3808855327718375885,复古豹纹褶皱中号香蕉夹高级感马尾扭扭夹后脑勺韩系显发量发卡,,,普通订单,0.01,0,0,1.98,0,0,0,0,0,0,0,0,-0.1,0,0,0,0,0,0,否,0,义乌市於郝电子商务商行（个体工商户）,订单结算
2026-04-24 05:17:42,'2026042405173539394516910793,入账,5.26,聚合账户,货款结算入账,小店自卖,'6925581633905590125,'6925581633905590125,'SS76311399098909373540120,2026-04-13 17:35:16,'3809599445994176839,春日超仙韩系碎花蕾丝大肠发圈女甜美感丸子头慵懒风超大发饰头绳,,,普通订单,3.46,0,0,2.08,0,0,0,0,0,0,0,0,-0.28,0,0,0,0,0,0,,0,义乌市於郝电子商务商行（个体工商户）,订单结算
2026-04-24 05:18:08,'2026042405180331899694590793,入账,1.89,聚合账户,货款结算入账,小店自卖,'6952063224706045109,'6952063224706045109,'SS76310438852481398100216,2026-04-14 14:53:31,'3808855327718375885,复古豹纹褶皱中号香蕉夹高级感马尾扭扭夹后脑勺韩系显发量发卡,,,普通订单,1.99,0,0,0,0,0,0,0,0,0,0,0,-0.1,0,0,0,0,0,0,否,0,义乌市於郝电子商务商行（个体工商户）,订单结算
2026-04-24 05:18:08,'2026042405180324379072460793,入账,5.18,聚合账户,货款结算入账,小店自卖,'6952167506332620347,'6952167506332620347,'SS76310056104844992360174,2026-04-18 15:43:29,'3809238632057929992,韩国France博主同款可爱猫咪香蕉夹中号女高级感醋酸马尾竖夹发夹,,,普通订单,5.45,0,0,0,0,0,0,0,0,0,0,0,-0.27,0,0,0,0,0,0,,0,义乌市於郝电子商务商行（个体工商户）,订单结算
2026-04-24 05:18:08,'2026042405180239140562280793,入账,4.33,聚合账户,货款结算入账,小店自卖,'6925577113908509944,'6925577113908509944,'SS76310281146309555600248,2026-04-13 17:32:19,'3811107016030683631,森系干枯山茶花朵7cm小抓夹 百搭气质发夹女后脑勺超仙鲨夹发饰,,,普通订单,4.56,0,0,0,0,0,0,0,0,0,0,0,-0.23,0,0,0,0,0,0,否,0,义乌市於郝电子商务商行（个体工商户）,订单结算
2026-04-24 05:28:27,'2026042405282313767974800793,入账,0.93,聚合账户,货款结算入账,小店自卖,'6925710087938538627,'6925710087938538627,'SS76312087089365813760103,2026-04-19 13:47:24,'3811282248515322341,可爱小黄鸡小猪发圈学生风萌系扎发神器黑色发绳扎头发皮筋卖头饰,,,普通订单,5.98,0,0,0,0,0,0,0,0,0,0,-5,-0.05,0,0,0,0,0,0,否,0,义乌市於郝电子商务商行（个体工商户）,订单结算
2026-04-24 05:28:27,'2026042405282212636656980793,入账,3.14,聚合账户,货款结算入账,巨量千川,'6925695455396200058,'6925695455396200058,'SS76311610926348044890192,2026-04-18 20:53:55,'3808522822146457689,夏天简约随手盘发一字夹扭扭夹水钻抓夹高级发夹扭扭后脑勺盘发器,,,普通订单,3.31,0,0,0,0,0,0,0,0,0,0,0,-0.17,0,0,0,0,0,0,否,0,义乌市於郝电子商务商行（个体工商户）,订单结算
2026-04-24 05:28:27,'2026042405282037087317000793,入账,4.62,聚合账户,货款结算入账,小店自卖,'6925717679457991702,'6925717679457991702,'SS76312258439267458660113,2026-04-20 08:01:24,'3808518913650721160,新款高级牡丹花流苏抓夹毛毛发夹后脑勺显发量大号鲨鱼头饰发夹,,,普通订单,4.86,0,0,0,0,0,0,0,0,0,0,0,-0.24,0,0,0,0,0,0,否,0,义乌市於郝电子商务商行（个体工商户）,订单结算
2026-04-24 05:28:27,'2026042405282012010621790793,入账,3.32,聚合账户,货款结算入账,小店自卖,'6925699471389720273,'6925699471389720273,'SS76312112413016727300129,2026-04-18 17:46:11,'3808515754769383695,2026新款高级牡丹花流苏抓夹毛毛发夹后脑勺显发量大号鲨鱼夹头饰,,,普通订单,3.5,0,0,0,0,0,0,0,0,0,0,0,-0.18,0,0,0,0,0,0,否,0,义乌市於郝电子商务商行（个体工商户）,订单结算
2026-04-24 05:28:27,'2026042405282206640110500793,入账,3.15,聚合账户,货款结算入账,小店自卖,'6952164220079118033,'6952164220079118033,'SS76309608810106063860195,2026-04-18 01:02:46,'3808518913650721160,新款高级牡丹花流苏抓夹毛毛发夹后脑勺显发量大号鲨鱼头饰发夹,,,普通订单,3.32,0,0,0,0,0,0,0,0,0,0,0,-0.17,0,0,0,0,0,0,否,0,义乌市於郝电子商务商行（个体工商户）,订单结算
2026-04-24 05:28:38,'2026042405283409028777590793,入账,4.28,聚合账户,货款结算入账,小店自卖,'6952075465665745976,'6952075465665745976,'SS76310691015024645540132,2026-04-15 08:52:17,'3811116864172589149,森系干枯山茶花朵7cm小抓夹百搭气质发夹女后脑勺超仙鲨鱼夹发饰,,,普通订单,4.51,0,0,0,0,0,0,0,0,0,0,0,-0.23,0,0,0,0,0,0,否,0,义乌市於郝电子商务商行（个体工商户）,订单结算
2026-04-24 05:28:38,'2026042405283237007690670793,入账,4.22,聚合账户,货款结算入账,小店自卖,'6952183217087583542,'6952183217087583542,'SS76311622908689620990161,2026-04-18 22:56:12,'3811116864172589149,森系干枯山茶花朵7cm小抓夹百搭气质发夹女后脑勺超仙鲨鱼夹发饰,,,普通订单,4.44,0,0,0,0,0,0,0,0,0,0,0,-0.22,0,0,0,0,0,0,,0,义乌市於郝电子商务商行（个体工商户）,订单结算
2026-04-24 05:28:38,'2026042405283230210831760793,入账,1.89,聚合账户,货款结算入账,小店自卖,'6925703267476864763,'6925703267476864763,'SS76310733509281718170087,2026-04-19 10:52:14,'3808855327718375885,复古豹纹波点褶皱高马尾香蕉夹小号后脑勺竖夹韩系显发量发夹,,,普通订单,1.99,0,0,0,0,0,0,0,0,0,0,0,-0.1,0,0,0,0,0,0,,0,义乌市於郝电子商务商行（个体工商户）,订单结算
2026-04-24 05:28:39,'2026042405283219643272200793,入账,1.02,聚合账户,货款结算入账,小店自卖,'6925674854826802935,'6925674854826802935,'SS76309286306468339300006,2026-04-18 03:47:05,'3808509441058406492,新款扭扭麻花发箍女简约高颅顶带齿防滑洗脸头箍发卡高级感民族风,,,普通订单,1.07,0,0,0,0,0,0,0,0,0,0,0,-0.05,0,0,0,0,0,0,否,0,义乌市於郝电子商务商行（个体工商户）,订单结算
2026-04-24 05:28:39,'2026042405283228996900180793,入账,3.23,聚合账户,货款结算入账,巨量千川,'6925590019549986391,'6925590019549986391,'SS76311929183184980990110,2026-04-14 19:24:46,'3808515754769383695,2026新款高级牡丹花流苏抓夹毛毛发夹后脑勺显发量大号鲨鱼夹头饰,,,普通订单,3.4,0,0,0,0,0,0,0,0,0,0,0,-0.17,0,0,0,0,0,0,否,0,义乌市於郝电子商务商行（个体工商户）,订单结算
2026-04-24 05:28:54,'2026042405284932217991830793,入账,1.89,聚合账户,货款结算入账,小店自卖,'6925709042333810466,'6925709042333810466,'SS76311509530520947470121,2026-04-19 05:45:30,'3808855327718375885,复古豹纹波点褶皱高马尾香蕉夹小号后脑勺竖夹韩系显发量发夹,,,普通订单,0.01,0,0,1.98,0,0,0,0,0,0,0,0,-0.1,0,0,0,0,0,0,,0,义乌市於郝电子商务商行（个体工商户）,订单结算
2026-04-24 05:28:54,'2026042405284914555220830793,入账,3.23,聚合账户,货款结算入账,小店自卖,'6925673857058045468,'6925673857058045468,'SS76311037085753226760180,2026-04-17 16:52:01,'3808515754769383695,2026新款高级牡丹花流苏抓夹毛毛发夹后脑勺显发量大号鲨鱼夹头饰,,,普通订单,0.01,0,0,3.39,0,0,0,0,0,0,0,0,-0.17,0,0,0,0,0,0,,0,义乌市於郝电子商务商行（个体工商户）,订单结算
2026-04-24 05:28:54,'2026042405284939646377220793,入账,4.81,聚合账户,货款结算入账,巨量千川,'6952171744513365182,'6952171744513365182,'SS76310964023746235400030,2026-04-18 18:59:45,'3808515754769383695,2026新款高级牡丹花流苏抓夹毛毛发夹后脑勺显发量大号鲨鱼夹头饰,,,普通订单,2.05,0,0,3.01,0,0,0,0,0,0,0,0,-0.25,0,0,0,0,0,0,,0,义乌市於郝电子商务商行（个体工商户）,订单结算
2026-04-24 05:28:54,'2026042405284901387405140793,入账,3.21,聚合账户,货款结算入账,小店自卖,'6925702505711500478,'6925702505711500478,'SS76311705981942216080075,2026-04-18 23:18:43,'3810363035185447208,虞书欣同款圆形金属发扣高级感侧边发扣边夹头饰小触角刘海发夹,,,普通订单,0.01,0,0,3.37,0,0,0,0,0,0,0,0,-0.17,0,0,0,0,0,0,否,0,义乌市於郝电子商务商行（个体工商户）,订单结算
2026-04-24 05:28:54,'2026042405284923335245260793,入账,7.11,聚合账户,货款结算入账,小店自卖,'6952188848530200379,'6952188848530200379,'SS76311910898909394180194,2026-04-19 11:03:23,'3813294528547389829,气质懒人盘发器发夹女2026新款夹子后脑勺头花盘发扭扭夹夹子头饰,,,普通订单,5.24,0,0,2.24,0,0,0,0,0,0,0,0,-0.37,0,0,0,0,0,0,,0,义乌市於郝电子商务商行（个体工商户）,订单结算
2026-04-24 05:29:09,'2026042405290310408594070793,入账,3.15,聚合账户,货款结算入账,小店自卖,'6925654188291227245,'6925654188291227245,'SS76310689099441774600200,2026-04-17 11:57:50,'3808518913650721160,新款高级牡丹花流苏抓夹毛毛发夹后脑勺显发量大号鲨鱼头饰发夹,,,普通订单,3.32,0,0,0,0,0,0,0,0,0,0,0,-0.17,0,0,0,0,0,0,否,0,义乌市於郝电子商务商行（个体工商户）,订单结算
2026-04-24 05:29:09,'2026042405290335990738330793,入账,3.23,聚合账户,货款结算入账,小店自卖,'6952161414972970462,'6952161414972970462,'SS76311496305165443060213,2026-04-17 16:08:54,'3808518913650721160,新款高级牡丹花流苏抓夹毛毛发夹后脑勺显发量大号鲨鱼头饰发夹,,,普通订单,3.4,0,0,0,0,0,0,0,0,0,0,0,-0.17,0,0,0,0,0,0,否,0,义乌市於郝电子商务商行（个体工商户）,订单结算
2026-04-24 07:10:12,'2026042407100831846571610793,入账,2.76,聚合账户,货款结算入账,小店自卖,'6925574081901657766,'6925574081901657766,'SS76310281549647877580167,2026-04-14 06:26:29,'3811116864172589149,森系干枯山茶花朵7cm小抓夹百搭气质发夹女后脑勺超仙鲨鱼夹发饰,,,普通订单,0.01,0,0,2.9,0,0,0,0,0,0,0,0,-0.15,0,0,0,0,0,0,,0,义乌市於郝电子商务商行（个体工商户）,订单结算
2026-04-24 07:17:54,'2026042407175018760996350793,入账,3.23,聚合账户,货款结算入账,小店自卖,'6925582703983296145,'6925582703983296145,'SS76310166858690606460217,2026-04-14 05:07:39,'3808515754769383695,2026新款高级牡丹花流苏抓夹毛毛发夹后脑勺显发量大号鲨鱼夹头饰,,,普通订单,0.4,0,0,3,0,0,0,0,0,0,0,0,-0.17,0,0,0,0,0,0,,0,义乌市於郝电子商务商行（个体工商户）,订单结算
2026-04-24 07:17:54,'2026042407175105717041270793,入账,1.89,聚合账户,货款结算入账,小店自卖,'6952042312951010750,'6952042312951010750,'SS76311106369487181340085,2026-04-13 21:29:51,'3808855327718375885,复古豹纹褶皱中号香蕉夹高级感马尾扭扭夹后脑勺韩系显发量发卡,,,普通订单,0.01,0,0,1.98,0,0,0,0,0,0,0,0,-0.1,0,0,0,0,0,0,否,0,义乌市於郝电子商务商行（个体工商户）,订单结算
2026-04-24 07:17:54,'2026042407175037675546060793,入账,1.89,聚合账户,货款结算入账,小店自卖,'6925333379453451452,'6925333379453451452,'SS76310466287992673280045,2026-04-04 07:59:53,'3808855327718375885,复古豹纹褶皱中号香蕉夹高级感马尾扭扭夹后脑勺韩系显发量发卡,,,普通订单,0.01,0,0,1.98,0,0,0,0,0,0,0,0,-0.1,0,0,0,0,0,0,否,0,义乌市於郝电子商务商行（个体工商户）,订单结算
2026-04-24 07:17:54,'2026042407175028702968780793,入账,6.17,聚合账户,货款结算入账,小店自卖,'6952053326390368081,'6952053326390368081,'SS76311019995012303460194,2026-04-13 18:41:26,'3808509441058406492,新款扭扭麻花发箍女简约高颅顶带齿防滑洗脸头箍发卡高级感民族风,,,普通订单,6.5,0,0,0,0,0,0,0,0,0,0,0,-0.33,0,0,0,0,0,0,,0,义乌市於郝电子商务商行（个体工商户）,订单结算
2026-04-24 07:17:54,'2026042407175109940999940793,入账,7.12,聚合账户,货款结算入账,小店自卖,'6952043129712219590,'6952043129712219590,'SS76311147975403115870073,2026-04-14 11:50:24,'3812574198275113159,雾中鸢尾~韩系气质麻花带齿发箍女款高级感洋气时尚洗脸头箍盘发,,,普通订单,1.5,0,0,6,0,0,0,0,0,0,0,0,-0.38,0,0,0,0,0,0,否,0,义乌市於郝电子商务商行（个体工商户）,订单结算
2026-04-24 07:17:54,'2026042407175039688281980793,入账,1.89,聚合账户,货款结算入账,巨量千川,'6925568864564051650,'6925568864564051650,'SS76310136762078502500141,2026-04-13 23:21:07,'3808855327718375885,复古豹纹褶皱中号香蕉夹高级感马尾扭扭夹后脑勺韩系显发量发卡,,,普通订单,0.01,0,0,1.98,0,0,0,0,0,0,0,0,-0.1,0,0,0,0,0,0,否,0,义乌市於郝电子商务商行（个体工商户）,订单结算
2026-04-24 07:17:54,'2026042407175114034378300793,入账,3.32,聚合账户,货款结算入账,小店自卖,'6952051143004722399,'6952051143004722399,'SS76310172402588554580051,2026-04-13 19:45:26,'3808515754769383695,2026新款高级牡丹花流苏抓夹毛毛发夹后脑勺显发量大号鲨鱼夹头饰,,,普通订单,0.5,0,0,3,0,0,0,0,0,0,0,0,-0.18,0,0,0,0,0,0,,0,义乌市於郝电子商务商行（个体工商户）,订单结算
2026-04-24 07:17:54,'2026042407175039824427900793,入账,3.89,聚合账户,货款结算入账,小店自卖,'6952060010169373810,'6952060010169373810,'SS76310139944427691670156,2026-04-13 21:06:06,'3808855327718375885,复古豹纹褶皱中号香蕉夹高级感马尾扭扭夹后脑勺韩系显发量发卡,,,普通订单,1.09,0,0,3,0,0,0,0,0,0,0,0,-0.2,0,0,0,0,0,0,否,0,义乌市於郝电子商务商行（个体工商户）,订单结算
2026-04-24 07:17:54,'2026042407175101765711630793,入账,5.4,聚合账户,货款结算入账,小店自卖,'6952192962557318407,'6952192962557318407,'SS76311020860093734550055,2026-04-19 11:58:00,'3812203542429696436,甜美kitty刘海贴饰品头饰可爱少女棉花糖猫碎发贴魔术贴无痕发饰,,,普通订单,0.68,0,0,5,0,0,0,0,0,0,0,0,-0.28,0,0,0,0,0,0,否,0,义乌市於郝电子商务商行（个体工商户）,订单结算
2026-04-24 07:17:54,'2026042407174928662663870793,入账,1.89,聚合账户,货款结算入账,小店自卖,'6952042650581735149,'6952042650581735149,'SS76310149063970985110017,2026-04-14 02:39:30,'3808855327718375885,复古豹纹褶皱中号香蕉夹高级感马尾扭扭夹后脑勺韩系显发量发卡,,,普通订单,0.01,0,0,1.98,0,0,0,0,0,0,0,0,-0.1,0,0,0,0,0,0,否,0,义乌市於郝电子商务商行（个体工商户）,订单结算
2026-04-24 07:17:55,'2026042407175236827630350793,入账,2.65,聚合账户,货款结算入账,小店自卖,'6925448093882350749,'6925448093882350749,'SS76310075942450793310156,2026-04-08 20:17:10,'3808855327718375885,复古豹纹褶皱中号香蕉夹高级感马尾扭扭夹后脑勺韩系显发量发卡,,,普通订单,0.01,0,0,2.78,0,0,0,0,0,0,0,0,-0.14,0,0,0,0,0,0,,0,义乌市於郝电子商务商行（个体工商户）,订单结算
2026-04-24 07:17:55,'2026042407175202189893310793,入账,4.33,聚合账户,货款结算入账,小店自卖,'6952125747921556889,'6952125747921556889,'SS76311027423914275930191,2026-04-16 08:07:08,'3811107016030683631,森系干枯山茶花朵7cm小抓夹 百搭气质发夹女后脑勺超仙鲨夹发饰,,,普通订单,4.56,0,0,0,0,0,0,0,0,0,0,0,-0.23,0,0,0,0,0,0,否,0,义乌市於郝电子商务商行（个体工商户）,订单结算
2026-04-24 07:17:55,'2026042407175218774472140793,入账,4.81,聚合账户,货款结算入账,巨量千川,'6925584146940788316,'6925584146940788316,'SS76310173668604482960225,2026-04-13 20:55:46,'3808518913650721160,新款高级牡丹花流苏抓夹毛毛发夹后脑勺显发量大号鲨鱼头饰发夹,,,普通订单,5.06,0,0,0,0,0,0,0,0,0,0,0,-0.25,0,0,0,0,0,0,否,0,义乌市於郝电子商务商行（个体工商户）,订单结算
2026-04-24 07:17:55,'2026042407175305877314980793,入账,3.42,聚合账户,货款结算入账,小店自卖,'6952178879422666625,'6952178879422666625,'SS76312054691634550390206,2026-04-19 09:31:52,'3812574198275113159,雾中鸢尾~韩系气质麻花带齿发箍女款高级感洋气时尚洗脸头箍盘发,,,普通订单,3.6,0,0,0,0,0,0,0,0,0,0,0,-0.18,0,0,0,0,0,0,否,0,义乌市於郝电子商务商行（个体工商户）,订单结算
2026-04-24 07:17:55,'2026042407175141873743620793,入账,4.81,聚合账户,货款结算入账,巨量千川,'6952060364852172497,'6952060364852172497,'SS76310173715504543120054,2026-04-13 23:34:11,'3808518913650721160,新款高级牡丹花流苏抓夹毛毛发夹后脑勺显发量大号鲨鱼头饰发夹,,,普通订单,5.06,0,0,0,0,0,0,0,0,0,0,0,-0.25,0,0,0,0,0,0,否,0,义乌市於郝电子商务商行（个体工商户）,订单结算
2026-04-24 07:17:55,'2026042407175223743203940793,入账,3.37,聚合账户,货款结算入账,小店自卖,'6952045362723427934,'6952045362723427934,'SS76310281603523712340037,2026-04-14 07:22:19,'3812550548062863750,温柔波点蝴蝶结香蕉夹芭蕾风气质少女百搭巨显发量高马尾盘发头饰,,,普通订单,0.55,0,0,3,0,0,0,0,0,0,0,0,-0.18,0,0,0,0,0,0,,0,义乌市於郝电子商务商行（个体工商户）,订单结算
2026-04-24 07:17:55,'2026042407175218543905660793,入账,2.74,聚合账户,货款结算入账,小店自卖,'6952053884348732444,'6952053884348732444,'SS76310281292855713700053,2026-04-13 23:59:36,'3811116864172589149,森系干枯山茶花朵7cm小抓夹百搭气质发夹女后脑勺超仙鲨鱼夹发饰,,,普通订单,0.01,0,0,2.87,0,0,0,0,0,0,0,0,-0.14,0,0,0,0,0,0,,0,义乌市於郝电子商务商行（个体工商户）,订单结算
2026-04-24 07:17:55,'2026042407175210894548990793,入账,4.62,聚合账户,货款结算入账,小店自卖,'6925579963123007426,'6925579963123007426,'SS76310167126504901460027,2026-04-13 22:01:57,'3808518913650721160,新款高级牡丹花流苏抓夹毛毛发夹后脑勺显发量大号鲨鱼头饰发夹,,,普通订单,1.86,0,0,3,0,0,0,0,0,0,0,0,-0.24,0,0,0,0,0,0,,0,义乌市於郝电子商务商行（个体工商户）,订单结算
2026-04-24 07:17:55,'2026042407175134324979300793,入账,3.32,聚合账户,货款结算入账,小店自卖,'6951927804797916288,'6951927804797916288,'SS76311203558971684300198,2026-04-08 21:04:39,'3808518913650721160,新款高级牡丹花流苏抓夹毛毛发夹后脑勺显发量大号鲨鱼头饰发夹,,,普通订单,1.05,0,0,2.45,0,0,0,0,0,0,0,0,-0.18,0,0,0,0,0,0,,0,义乌市於郝电子商务商行（个体工商户）,订单结算
2026-04-24 07:17:55,'2026042407175114040768630793,入账,3.89,聚合账户,货款结算入账,小店自卖,'6925568796672556460,'6925568796672556460,'SS76310140814280302600206,2026-04-13 23:10:49,'3808855327718375885,复古豹纹褶皱中号香蕉夹高级感马尾扭扭夹后脑勺韩系显发量发卡,,,普通订单,0.01,0,0,4.08,0,0,0,0,0,0,0,0,-0.2,0,0,0,0,0,0,否,0,义乌市於郝电子商务商行（个体工商户）,订单结算
2026-04-24 07:17:59,'2026042407175439248371720793,入账,3.19,聚合账户,货款结算入账,小店自卖,'6952044097949406766,'6952044097949406766,'SS76310281923345495450054,2026-04-13 15:16:45,'3811460944933028222,简约几何波浪珍珠抓夹女2026新款后脑勺发夹鲨鱼夹子大号发量发饰,,,普通订单,0.36,0,0,3,0,0,0,0,0,0,0,0,-0.17,0,0,0,0,0,0,,0,义乌市於郝电子商务商行（个体工商户）,订单结算
2026-04-24 07:17:59,'2026042407175528068623990793,入账,1.89,聚合账户,货款结算入账,小店自卖,'6925711656378400411,'6925711656378400411,'SS76311675702507609690135,2026-04-19 08:49:33,'3808855327718375885,复古豹纹波点褶皱高马尾香蕉夹小号后脑勺竖夹韩系显发量发夹,,,普通订单,0.01,0,0,1.98,0,0,0,0,0,0,0,0,-0.1,0,0,0,0,0,0,否,0,义乌市於郝电子商务商行（个体工商户）,订单结算
2026-04-24 07:17:59,'2026042407175626317460980793,入账,1.89,聚合账户,货款结算入账,小店自卖,'6925564453222711167,'6925564453222711167,'SS76310136734875325900206,2026-04-14 00:03:04,'3808855327718375885,复古豹纹褶皱中号香蕉夹高级感马尾扭扭夹后脑勺韩系显发量发卡,,,普通订单,0.01,0,0,1.98,0,0,0,0,0,0,0,0,-0.1,0,0,0,0,0,0,否,0,义乌市於郝电子商务商行（个体工商户）,订单结算
2026-04-24 07:17:59,'2026042407175622698112000793,入账,3.38,聚合账户,货款结算入账,小店自卖,'6952060505837278218,'6952060505837278218,'SS76311663026311503990147,2026-04-14 05:53:37,'3808826072573804729,迷你小号无痕鸭嘴夹抓夹小夹子精致蝴蝶结碎发夹刘海夹高级感发卡,,,普通订单,0.4,0,0,3.16,0,0,0,0,0,0,0,0,-0.18,0,0,0,0,0,0,,0,义乌市於郝电子商务商行（个体工商户）,订单结算
2026-04-24 07:17:59,'2026042407175612213458070793,入账,3.26,聚合账户,货款结算入账,巨量千川,'6952040599651292965,'6952040599651292965,'SS76310169847679882620131,2026-04-14 05:37:24,'3808518913650721160,新款高级牡丹花流苏抓夹毛毛发夹后脑勺显发量大号鲨鱼头饰发夹,,,普通订单,3.43,0,0,0,0,0,0,0,0,0,0,0,-0.17,0,0,0,0,0,0,,0,义乌市於郝电子商务商行（个体工商户）,订单结算
2026-04-24 07:17:59,'2026042407175440152274320793,入账,5.68,聚合账户,货款结算入账,小店自卖,'6952175884744856674,'6952175884744856674,'SS76312021723635228260214,2026-04-18 16:18:43,'3811282248515322341,可爱小黄鸡小猪发圈学生风萌系扎发神器黑色发绳扎头发皮筋卖头饰,,,普通订单,2.98,0,0,3,0,0,0,0,0,0,0,0,-0.3,0,0,0,0,0,0,,0,义乌市於郝电子商务商行（个体工商户）,订单结算
2026-04-24 07:17:59,'2026042407175608015918500793,入账,4.08,聚合账户,货款结算入账,小店自卖,'6952087998721431301,'6952087998721431301,'SS76311239509568558140013,2026-04-14 17:16:52,'3811294538555850878,韩系复古大肠蕾丝发圈波点新款高级四层头发丸子马尾高级头绳发饰,,,普通订单,1.29,0,0,3,0,0,0,0,0,0,0,0,-0.21,0,0,0,0,0,0,,0,义乌市於郝电子商务商行（个体工商户）,订单结算
2026-04-24 07:17:59,'2026042407175614308482560793,入账,1.89,聚合账户,货款结算入账,小店自卖,'6951983976865076628,'6951983976865076628,'SS76310801772301852310082,2026-04-11 23:22:14,'3808855327718375885,复古豹纹褶皱中号香蕉夹高级感马尾扭扭夹后脑勺韩系显发量发卡,,,普通订单,1.4,0,0,0.59,0,0,0,0,0,0,0,0,-0.1,0,0,0,0,0,0,,0,义乌市於郝电子商务商行（个体工商户）,订单结算
2026-04-24 07:17:59,'2026042407175503075607400793,入账,3.89,聚合账户,货款结算入账,小店自卖,'6925575577228901812,'6925575577228901812,'SS76310140772852047510117,2026-04-13 23:23:49,'3808855327718375885,复古豹纹褶皱中号香蕉夹高级感马尾扭扭夹后脑勺韩系显发量发卡,,,普通订单,0.09,0,0,4,0,0,0,0,0,0,0,0,-0.2,0,0,0,0,0,0,,0,义乌市於郝电子商务商行（个体工商户）,订单结算
2026-04-24 07:17:59,'2026042407175413871357440793,入账,3.23,聚合账户,货款结算入账,巨量千川,'6952057866486682909,'6952057866486682909,'SS76310173107913692500172,2026-04-13 23:29:06,'3808518913650721160,新款高级牡丹花流苏抓夹毛毛发夹后脑勺显发量大号鲨鱼头饰发夹,,,普通订单,0.01,0,0,3.39,0,0,0,0,0,0,0,0,-0.17,0,0,0,0,0,0,,0,义乌市於郝电子商务商行（个体工商户）,订单结算
2026-04-24 07:17:59,'2026042407175530676426740793,入账,1.89,聚合账户,货款结算入账,小店自卖,'6925607322426507132,'6925607322426507132,'SS76309919508500974620234,2026-04-14 16:00:16,'3808855327718375885,复古豹纹褶皱中号香蕉夹高级感马尾扭扭夹后脑勺韩系显发量发卡,,,普通订单,0.01,0,0,1.98,0,0,0,0,0,0,0,0,-0.1,0,0,0,0,0,0,否,0,义乌市於郝电子商务商行（个体工商户）,订单结算
2026-04-24 07:17:59,'2026042407175613554158340793,入账,1.89,聚合账户,货款结算入账,小店自卖,'6925579897110036395,'6925579897110036395,'SS76310146798430948200007,2026-04-13 21:48:16,'3808855327718375885,复古豹纹褶皱中号香蕉夹高级感马尾扭扭夹后脑勺韩系显发量发卡,,,普通订单,0.01,0,0,1.98,0,0,0,0,0,0,0,0,-0.1,0,0,0,0,0,0,否,0,义乌市於郝电子商务商行（个体工商户）,订单结算
2026-04-24 07:17:59,'2026042407175623415199130793,入账,1.89,聚合账户,货款结算入账,小店自卖,'6952042529365169572,'6952042529365169572,'SS76311412768678057340119,2026-04-13 23:37:21,'3808855327718375885,复古豹纹褶皱中号香蕉夹高级感马尾扭扭夹后脑勺韩系显发量发卡,,,普通订单,1.99,0,0,0,0,0,0,0,0,0,0,0,-0.1,0,0,0,0,0,0,否,0,义乌市於郝电子商务商行（个体工商户）,订单结算
2026-04-24 07:17:59,'2026042407175634021384040793,入账,1.89,聚合账户,货款结算入账,小店自卖,'6952051727916340905,'6952051727916340905,'SS76310149064941898240052,2026-04-14 01:47:24,'3808855327718375885,复古豹纹褶皱中号香蕉夹高级感马尾扭扭夹后脑勺韩系显发量发卡,,,普通订单,1.99,0,0,0,0,0,0,0,0,0,0,0,-0.1,0,0,0,0,0,0,否,0,义乌市於郝电子商务商行（个体工商户）,订单结算
2026-04-24 07:17:59,'2026042407175519630819990793,入账,4.51,聚合账户,货款结算入账,小店自卖,'6952188195964720650,'6952188195964720650,'SS76311655861411356250243,2026-04-19 00:52:12,'3809016483422536005,新款大肠发圈蝴蝶结头花高颜值时尚高级感发带头绳扎马尾飘带头饰,,,普通订单,1.37,0,0,3.38,0,0,0,0,0,0,0,0,-0.24,0,0,0,0,0,0,,0,义乌市於郝电子商务商行（个体工商户）,订单结算
2026-04-24 07:18:03,'2026042407175921150277660793,入账,3.21,聚合账户,货款结算入账,小店自卖,'6925674709750873847,'6925674709750873847,'SS76311687985708611190089,2026-04-17 23:39:15,'3810363035185447208,虞书欣同款圆形金属发扣高级感侧边发扣边夹头饰小触角刘海发夹,,,普通订单,0.01,0,0,3.37,0,0,0,0,0,0,0,0,-0.17,0,0,0,0,0,0,否,0,义乌市於郝电子商务商行（个体工商户）,订单结算
2026-04-24 07:18:03,'2026042407180018761323950793,入账,1.89,聚合账户,货款结算入账,小店自卖,'6925579067763949277,'6925579067763949277,'SS76310141929737630980233,2026-04-13 16:17:28,'3808855327718375885,复古豹纹褶皱中号香蕉夹高级感马尾扭扭夹后脑勺韩系显发量发卡,,,普通订单,0.01,0,0,1.98,0,0,0,0,0,0,0,0,-0.1,0,0,0,0,0,0,,0,义乌市於郝电子商务商行（个体工商户）,订单结算
2026-04-24 07:18:03,'2026042407175916371228580793,入账,3.15,聚合账户,货款结算入账,小店自卖,'6925581596870082207,'6925581596870082207,'SS76310166385275868670169,2026-04-13 17:26:05,'3808518913650721160,新款高级牡丹花流苏抓夹毛毛发夹后脑勺显发量大号鲨鱼头饰发夹,,,普通订单,3.32,0,0,0,0,0,0,0,0,0,0,0,-0.17,0,0,0,0,0,0,否,0,义乌市於郝电子商务商行（个体工商户）,订单结算
2026-04-24 07:18:03,'2026042407175935278364520793,入账,1.89,聚合账户,货款结算入账,小店自卖,'6952038076802799176,'6952038076802799176,'SS76311106494224140860037,2026-04-13 23:38:08,'3808855327718375885,复古豹纹褶皱中号香蕉夹高级感马尾扭扭夹后脑勺韩系显发量发卡,,,普通订单,1.99,0,0,0,0,0,0,0,0,0,0,0,-0.1,0,0,0,0,0,0,否,0,义乌市於郝电子商务商行（个体工商户）,订单结算
2026-04-24 07:18:03,'2026042407180009732917820793,入账,4.27,聚合账户,货款结算入账,小店自卖,'6925703547942174368,'6925703547942174368,'SS76311564197902584660054,2026-04-19 13:05:23,'3809586825216000110,春夏撞色甜美蝴蝶结发夹女后脑勺抓夹2026新款气质大号盘发鸭嘴夹,,,普通订单,4.5,0,0,0,0,0,0,0,0,0,0,0,-0.23,0,0,0,0,0,0,否,0,义乌市於郝电子商务商行（个体工商户）,订单结算
2026-04-24 07:18:05,'2026042407180219128980830793,入账,1.89,聚合账户,货款结算入账,小店自卖,'6952026485164152773,'6952026485164152773,'SS76310143315310185380158,2026-04-13 18:59:34,'3808855327718375885,复古豹纹褶皱中号香蕉夹高级感马尾扭扭夹后脑勺韩系显发量发卡,,,普通订单,1.99,0,0,0,0,0,0,0,0,0,0,0,-0.1,0,0,0,0,0,0,否,0,义乌市於郝电子商务商行（个体工商户）,订单结算
2026-04-24 07:18:05,'2026042407180303734413320793,入账,3.19,聚合账户,货款结算入账,小店自卖,'6952080009235404338,'6952080009235404338,'SS76311970714831096320242,2026-04-15 09:49:18,'3811460006382010734,简约几何波浪珍珠抓夹女2026新款后脑勺发夹鲨鱼夹子大号发量发饰,,,普通订单,3.36,0,0,0,0,0,0,0,0,0,0,0,-0.17,0,0,0,0,0,0,否,0,义乌市於郝电子商务商行（个体工商户）,订单结算
2026-04-24 07:18:05,'2026042407180108832005470793,入账,4.08,聚合账户,货款结算入账,小店自卖,'6952028672058529549,'6952028672058529549,'SS76311412757399150540199,2026-04-13 14:41:07,'3809214874429555055,【LOVEIXCC】新款法式网红发箍发卡宽边复古秋冬头饰百搭高级盘发器,,,普通订单,4.3,0,0,0,0,0,0,0,0,0,0,0,-0.22,0,0,0,0,0,0,否,0,义乌市於郝电子商务商行（个体工商户）,订单结算
2026-04-24 07:18:05,'2026042407180212420390800793,入账,6.17,聚合账户,货款结算入账,小店自卖,'6952067649993774832,'6952067649993774832,'SS76311062472961111400080,2026-04-14 12:23:58,'3808509441058406492,新款扭扭麻花发箍女简约高颅顶带齿防滑洗脸头箍发卡高级感民族风,,,普通订单,5.09,0,0,1.4,0,0,0,0,0,0,0,0,-0.32,0,0,0,0,0,0,否,0,义乌市於郝电子商务商行（个体工商户）,订单结算
2026-04-24 07:18:06,'2026042407180318587164420793,入账,1.89,聚合账户,货款结算入账,小店自卖,'6925571811448946351,'6925571811448946351,'SS76310152533795640720023,2026-04-14 06:19:13,'3808855327718375885,复古豹纹褶皱中号香蕉夹高级感马尾扭扭夹后脑勺韩系显发量发卡,,,普通订单,0.01,0,0,1.98,0,0,0,0,0,0,0,0,-0.1,0,0,0,0,0,0,否,0,义乌市於郝电子商务商行（个体工商户）,订单结算
2026-04-24 07:18:06,'2026042407180322541972670793,入账,1.89,聚合账户,货款结算入账,小店自卖,'6952047138522600598,'6952047138522600598,'SS76310152548522112420138,2026-04-14 00:21:03,'3808855327718375885,复古豹纹褶皱中号香蕉夹高级感马尾扭扭夹后脑勺韩系显发量发卡,,,普通订单,0.01,0,0,1.98,0,0,0,0,0,0,0,0,-0.1,0,0,0,0,0,0,否,0,义乌市於郝电子商务商行（个体工商户）,订单结算
2026-04-24 07:18:06,'2026042407180205877479030793,入账,4.62,聚合账户,货款结算入账,小店自卖,'6925461888147160602,'6925461888147160602,'SS76311202863237084700047,2026-04-09 14:24:15,'3808518913650721160,新款高级牡丹花流苏抓夹毛毛发夹后脑勺显发量大号鲨鱼头饰发夹,,,普通订单,4.86,0,0,0,0,0,0,0,0,0,0,0,-0.24,0,0,0,0,0,0,否,0,义乌市於郝电子商务商行（个体工商户）,订单结算
2026-04-24 07:18:06,'2026042407180207516492990793,入账,3.15,聚合账户,货款结算入账,小店自卖,'6952092130445104765,'6952092130445104765,'SS76309591890026831790176,2026-04-15 21:25:35,'3808518913650721160,新款高级牡丹花流苏抓夹毛毛发夹后脑勺显发量大号鲨鱼头饰发夹,,,普通订单,3.32,0,0,0,0,0,0,0,0,0,0,0,-0.17,0,0,0,0,0,0,否,0,义乌市於郝电子商务商行（个体工商户）,订单结算
2026-04-24 07:18:06,'2026042407180130003697180793,入账,2.41,聚合账户,货款结算入账,小店自卖,'6952075536097547575,'6952075536097547575,'SS76309848643137871740248,2026-04-15 09:40:39,'3811282248515322341,可爱小黄鸡小猪发圈学生风萌系扎发神器黑色发绳扎头发皮筋卖头饰,,,普通订单,2.54,0,0,0,0,0,0,0,0,0,0,0,-0.13,0,0,0,0,0,0,否,0,义乌市於郝电子商务商行（个体工商户）,订单结算
2026-04-24 07:18:06,'2026042407180141408476500793,入账,10.31,聚合账户,货款结算入账,小店自卖,'6952054224621868558,'6952054224621868558,'SS76310707745608504470036,2026-04-14 09:15:27,'3811294538555850878,韩系复古大肠蕾丝发圈波点新款高级四层头发丸子马尾高级头绳发饰,,,普通订单,10.85,0,0,0,0,0,0,0,0,0,0,0,-0.54,0,0,0,0,0,0,否,0,义乌市於郝电子商务商行（个体工商户）,订单结算
2026-04-24 07:18:06,'2026042407180311553715390793,入账,3.28,聚合账户,货款结算入账,小店自卖,'6952049155364557934,'6952049155364557934,'SS76310281164590986870023,2026-04-13 23:17:14,'3809277671230275679,韩系重工藏青色波点蕾丝四层大肠发圈女高级感超大扎头发头绳头饰,,,普通订单,0.85,0,0,0.6,0,0,0,0,0,2,0,0,-0.17,0,0,0,0,0,0,否,0,义乌市於郝电子商务商行（个体工商户）,订单结算
2026-04-24 07:18:06,'2026042407180202903946870793,入账,3.23,聚合账户,货款结算入账,小店自卖,'6952037441163237269,'6952037441163237269,'SS76310174020511997950150,2026-04-13 17:13:35,'3808518913650721160,新款高级牡丹花流苏抓夹毛毛发夹后脑勺显发量大号鲨鱼头饰发夹,,,普通订单,3.4,0,0,0,0,0,0,0,0,0,0,0,-0.17,0,0,0,0,0,0,否,0,义乌市於郝电子商务商行（个体工商户）,订单结算
2026-04-24 07:18:06,'2026042407180321475333750793,入账,3.89,聚合账户,货款结算入账,小店自卖,'6952028769054364947,'6952028769054364947,'SS76310139667983283460150,2026-04-13 15:54:51,'3808855327718375885,复古豹纹褶皱中号香蕉夹高级感马尾扭扭夹后脑勺韩系显发量发卡,,,普通订单,4.09,0,0,0,0,0,0,0,0,0,0,0,-0.2,0,0,0,0,0,0,否,0,义乌市於郝电子商务商行（个体工商户）,订单结算
2026-04-24 07:18:07,'2026042407180421771062300793,入账,4.77,聚合账户,货款结算入账,小店自卖,'6952075578872239442,'6952075578872239442,'SS76310942758116073390158,2026-04-15 10:34:53,'3808826072573804729,迷你小号无痕鸭嘴夹抓夹小夹子精致蝴蝶结碎发夹刘海夹高级感发卡,,,普通订单,5.02,0,0,0,0,0,0,0,0,0,0,0,-0.25,0,0,0,0,0,0,否,0,义乌市於郝电子商务商行（个体工商户）,订单结算
2026-04-24 07:18:07,'2026042407180311554824310793,入账,5.51,聚合账户,货款结算入账,小店自卖,'6952037387375154221,'6952037387375154221,'SS76311391887083282300002,2026-04-13 16:49:00,'3812210500259938495,可爱蝴蝶结小猫无痕刘海贴魔术贴发饰少女前额侧边碎发贴整理神器,,,普通订单,5.8,0,0,0,0,0,0,0,0,0,0,0,-0.29,0,0,0,0,0,0,否,0,义乌市於郝电子商务商行（个体工商户）,订单结算
2026-04-24 07:18:08,'2026042407180501809167770793,入账,3.15,聚合账户,货款结算入账,巨量千川,'6925575199974129054,'6925575199974129054,'SS76310166534852449790037,2026-04-13 21:00:41,'3808518913650721160,新款高级牡丹花流苏抓夹毛毛发夹后脑勺显发量大号鲨鱼头饰发夹,,,普通订单,3.32,0,0,0,0,0,0,0,0,0,0,0,-0.17,0,0,0,0,0,0,否,0,义乌市於郝电子商务商行（个体工商户）,订单结算
2026-04-24 07:18:08,'2026042407180416874091950793,入账,4.62,聚合账户,货款结算入账,小店自卖,'6925571626285628692,'6925571626285628692,'SS76310167308060267860135,2026-04-14 00:10:38,'3808515754769383695,2026新款高级牡丹花流苏抓夹毛毛发夹后脑勺显发量大号鲨鱼夹头饰,,,普通订单,4.86,0,0,0,0,0,0,0,0,0,0,0,-0.24,0,0,0,0,0,0,否,0,义乌市於郝电子商务商行（个体工商户）,订单结算
2026-04-24 07:18:08,'2026042407180508643873690793,入账,4.73,聚合账户,货款结算入账,小店自卖,'6925577478963887275,'6925577478963887275,'SS76311148059482365780011,2026-04-13 20:45:51,'3812762334863163548,超长JK水手服长款飘带蝴蝶结丝带发夹超仙少女抓夹芭蕾头饰超甜,,,普通订单,4.98,0,0,0,0,0,0,0,0,0,0,0,-0.25,0,0,0,0,0,0,否,0,义乌市於郝电子商务商行（个体工商户）,订单结算
2026-04-24 07:18:08,'2026042407180600357998620793,入账,4.77,聚合账户,货款结算入账,小店自卖,'6952093817403086263,'6952093817403086263,'SS76309528679615536740069,2026-04-15 14:44:16,'3808826072573804729,迷你小号无痕鸭嘴夹抓夹小夹子精致蝴蝶结碎发夹刘海夹高级感发卡,,,普通订单,5.02,0,0,0,0,0,0,0,0,0,0,0,-0.25,0,0,0,0,0,0,否,0,义乌市於郝电子商务商行（个体工商户）,订单结算
2026-04-24 07:18:08,'2026042407180515982638620793,入账,6.17,聚合账户,货款结算入账,小店自卖,'6952065269934462130,'6952065269934462130,'SS76311021020346987880080,2026-04-14 13:27:03,'3808509441058406492,新款扭扭麻花发箍女简约高颅顶带齿防滑洗脸头箍发卡高级感民族风,,,普通订单,6.5,0,0,0,0,0,0,0,0,0,0,0,-0.33,0,0,0,0,0,0,否,0,义乌市於郝电子商务商行（个体工商户）,订单结算
2026-04-24 07:18:10,'2026042407180710589681050793,入账,3.15,聚合账户,货款结算入账,小店自卖,'6925663497595747864,'6925663497595747864,'SS76312041371130268500088,2026-04-17 21:43:45,'3808518913650721160,新款高级牡丹花流苏抓夹毛毛发夹后脑勺显发量大号鲨鱼头饰发夹,,,普通订单,2.33,0,0,0.99,0,0,0,0,0,0,0,0,-0.17,0,0,0,0,0,0,,0,义乌市於郝电子商务商行（个体工商户）,订单结算
2026-04-24 07:18:10,'2026042407180706983032740793,入账,5.28,聚合账户,货款结算入账,小店自卖,'6925703448633966467,'6925703448633966467,'SS76311192821347786240148,2026-04-19 12:14:19,'3812574198275113159,雾中鸢尾~韩系气质麻花带齿发箍女款高级感洋气时尚洗脸头箍盘发,,,普通订单,5.56,0,0,0,0,0,0,0,0,0,0,0,-0.28,0,0,0,0,0,0,否,0,义乌市於郝电子商务商行（个体工商户）,订单结算
2026-04-24 07:18:10,'2026042407180630335841710793,入账,3.26,聚合账户,货款结算入账,小店自卖,'6925584912647814828,'6925584912647814828,'SS76310169736627981230113,2026-04-14 07:14:02,'3808518913650721160,新款高级牡丹花流苏抓夹毛毛发夹后脑勺显发量大号鲨鱼头饰发夹,,,普通订单,3.43,0,0,0,0,0,0,0,0,0,0,0,-0.17,0,0,0,0,0,0,否,0,义乌市於郝电子商务商行（个体工商户）,订单结算
2026-04-24 07:18:10,'2026042407180720562419740793,入账,1.89,聚合账户,货款结算入账,小店自卖,'6925639527458570032,'6925639527458570032,'SS76310906808574779340122,2026-04-16 22:27:24,'3808855327718375885,复古豹纹波点褶皱高马尾香蕉夹小号后脑勺竖夹韩系显发量发夹,,,普通订单,1.99,0,0,0,0,0,0,0,0,0,0,0,-0.1,0,0,0,0,0,0,否,0,义乌市於郝电子商务商行（个体工商户）,订单结算
2026-04-24 07:18:10,'2026042407180711579886500793,入账,4.33,聚合账户,货款结算入账,小店自卖,'6925698477586021750,'6925698477586021750,'SS76310526914388464640116,2026-04-19 06:57:36,'3811107016030683631,森系干枯山茶花朵7cm小抓夹 百搭气质发夹女后脑勺超仙鲨夹发饰,,,普通订单,4.56,0,0,0,0,0,0,0,0,0,0,0,-0.23,0,0,0,0,0,0,否,0,义乌市於郝电子商务商行（个体工商户）,订单结算
2026-04-24 07:18:15,'2026042407181035955881390793,入账,5.68,聚合账户,货款结算入账,小店自卖,'6925570584742428233,'6925570584742428233,'SS76311087806293120420155,2026-04-13 17:17:58,'3811282248515322341,可爱小黄鸡小猪发圈学生风萌系扎发神器黑色发绳扎头发皮筋卖头饰,,,普通订单,0.98,0,0,5,0,0,0,0,0,0,0,0,-0.3,0,0,0,0,0,0,否,0,义乌市於郝电子商务商行（个体工商户）,订单结算
2026-04-24 07:18:15,'2026042407181216545554460793,入账,2.69,聚合账户,货款结算入账,小店自卖,'6952055384669885792,'6952055384669885792,'SS76311393707198062620172,2026-04-13 19:14:23,'3808826072573804729,迷你小号无痕鸭嘴夹抓夹小夹子精致蝴蝶结碎发夹刘海夹高级感发卡,,,普通订单,2.83,0,0,0,0,0,0,0,0,0,0,0,-0.14,0,0,0,0,0,0,否,0,义乌市於郝电子商务商行（个体工商户）,订单结算
2026-04-24 07:18:15,'2026042407181111798492790793,入账,1.89,聚合账户,货款结算入账,小店自卖,'6925577628380528168,'6925577628380528168,'SS76310146787270702170128,2026-04-13 21:35:06,'3808855327718375885,复古豹纹褶皱中号香蕉夹高级感马尾扭扭夹后脑勺韩系显发量发卡,,,普通订单,1.99,0,0,0,0,0,0,0,0,0,0,0,-0.1,0,0,0,0,0,0,否,0,义乌市於郝电子商务商行（个体工商户）,订单结算
2026-04-24 07:18:15,'2026042407181124372841320793,入账,4.81,聚合账户,货款结算入账,小店自卖,'6952060050554689212,'6952060050554689212,'SS76310173764311127230028,2026-04-13 21:36:14,'3808518913650721160,新款高级牡丹花流苏抓夹毛毛发夹后脑勺显发量大号鲨鱼头饰发夹,,,普通订单,5.06,0,0,0,0,0,0,0,0,0,0,0,-0.25,0,0,0,0,0,0,否,0,义乌市於郝电子商务商行（个体工商户）,订单结算
2026-04-24 07:18:15,'2026042407181224620572350793,入账,1.89,聚合账户,货款结算入账,小店自卖,'6952019362753156459,'6952019362753156459,'SS76310137517937300630249,2026-04-13 12:40:57,'3808855327718375885,复古豹纹褶皱中号香蕉夹高级感马尾扭扭夹后脑勺韩系显发量发卡,,,普通订单,1.99,0,0,0,0,0,0,0,0,0,0,0,-0.1,0,0,0,0,0,0,否,0,义乌市於郝电子商务商行（个体工商户）,订单结算
2026-04-24 07:18:16,'2026042407181215236795400793,入账,1.89,聚合账户,货款结算入账,小店自卖,'6952048861682996581,'6952048861682996581,'SS76310144971051873540123,2026-04-13 20:32:28,'3808855327718375885,复古豹纹褶皱中号香蕉夹高级感马尾扭扭夹后脑勺韩系显发量发卡,,,普通订单,1.99,0,0,0,0,0,0,0,0,0,0,0,-0.1,0,0,0,0,0,0,否,0,义乌市於郝电子商务商行（个体工商户）,订单结算
2026-04-24 07:18:16,'2026042407181131633902600793,入账,3.19,聚合账户,货款结算入账,巨量千川,'6952046580993562396,'6952046580993562396,'SS76310152309973655580029,2026-04-13 18:03:16,'3808855327718375885,复古豹纹褶皱中号香蕉夹高级感马尾扭扭夹后脑勺韩系显发量发卡,,,普通订单,0.36,0,0,3,0,0,0,0,0,0,0,0,-0.17,0,0,0,0,0,0,,0,义乌市於郝电子商务商行（个体工商户）,订单结算
2026-04-24 07:18:16,'2026042407181223671157850793,入账,1.89,聚合账户,货款结算入账,小店自卖,'6925577734442942393,'6925577734442942393,'SS76310146928578770320015,2026-04-13 22:23:40,'3808855327718375885,复古豹纹褶皱中号香蕉夹高级感马尾扭扭夹后脑勺韩系显发量发卡,,,普通订单,1.99,0,0,0,0,0,0,0,0,0,0,0,-0.1,0,0,0,0,0,0,否,0,义乌市於郝电子商务商行（个体工商户）,订单结算
2026-04-24 07:18:16,'2026042407181308978931660793,入账,3.91,聚合账户,货款结算入账,小店自卖,'6925602171298282829,'6925602171298282829,'SS76310601321227761050221,2026-04-15 10:55:00,'3811460006382010734,简约几何波浪珍珠抓夹女2026新款后脑勺发夹鲨鱼夹子大号发量发饰,,,普通订单,5.12,0,0,0,0,0,0,0,0,0,0,-1,-0.21,0,0,0,0,0,0,否,0,义乌市於郝电子商务商行（个体工商户）,订单结算
2026-04-24 07:18:16,'2026042407181205371336200793,入账,1.89,聚合账户,货款结算入账,小店自卖,'6952048920675292494,'6952048920675292494,'SS76310145172090227470077,2026-04-13 21:09:53,'3812736213081784671,韩系ins风高马尾香蕉夹竖夹女2026新款高级感发夹简约复古发饰,,,普通订单,1.99,0,0,0,0,0,0,0,0,0,0,0,-0.1,0,0,0,0,0,0,否,0,义乌市於郝电子商务商行（个体工商户）,订单结算
2026-04-24 07:18:19,'2026042407181516319452790793,入账,1.89,聚合账户,货款结算入账,小店自卖,'6952125315755874140,'6952125315755874140,'SS76312185767033244420097,2026-04-17 07:53:19,'3808855327718375885,复古豹纹波点褶皱高马尾香蕉夹小号后脑勺竖夹韩系显发量发夹,,,普通订单,0.01,0,0,1.98,0,0,0,0,0,0,0,0,-0.1,0,0,0,0,0,0,,0,义乌市於郝电子商务商行（个体工商户）,订单结算
2026-04-24 07:18:19,'2026042407181627682737060793,入账,5.76,聚合账户,货款结算入账,小店自卖,'6925578406552567636,'6925578406552567636,'SS76311103540220565000227,2026-04-14 09:10:21,'3808518913650721160,新款高级牡丹花流苏抓夹毛毛发夹后脑勺显发量大号鲨鱼头饰发夹,,,普通订单,6.06,1,0,0,0,0,0,0,0,0,0,0,-0.3,0,0,0,0,0,0,否,0,义乌市於郝电子商务商行（个体工商户）,订单结算
2026-04-24 07:18:19,'2026042407181522820296220793,入账,3.23,聚合账户,货款结算入账,小店自卖,'6951910485737608569,'6951910485737608569,'SS76310101428100636540044,2026-04-08 23:52:18,'3808518913650721160,新款高级牡丹花流苏抓夹毛毛发夹后脑勺显发量大号鲨鱼头饰发夹,,,普通订单,3.4,0,0,0,0,0,0,0,0,0,0,0,-0.17,0,0,0,0,0,0,否,0,义乌市於郝电子商务商行（个体工商户）,订单结算
2026-04-24 07:18:19,'2026042407181525963279770793,入账,4.33,聚合账户,货款结算入账,小店自卖,'6951930294021592490,'6951930294021592490,'SS76310095112239068160077,2026-04-08 23:58:30,'3808518913650721160,新款高级牡丹花流苏抓夹毛毛发夹后脑勺显发量大号鲨鱼头饰发夹,,,普通订单,4.56,0,0,0,0,0,0,0,0,0,0,0,-0.23,0,0,0,0,0,0,否,0,义乌市於郝电子商务商行（个体工商户）,订单结算
2026-04-24 07:18:19,'2026042407181524915686830793,入账,3.19,聚合账户,货款结算入账,小店自卖,'6952033660740834377,'6952033660740834377,'SS76310138422199137380044,2026-04-13 21:47:10,'3808855327718375885,复古豹纹褶皱中号香蕉夹高级感马尾扭扭夹后脑勺韩系显发量发卡,,,普通订单,0.01,0,0,3.35,0,0,0,0,0,0,0,0,-0.17,0,0,0,0,0,0,,0,义乌市於郝电子商务商行（个体工商户）,订单结算
2026-04-24 07:18:20,'2026042407181640103122010793,入账,1.89,聚合账户,货款结算入账,小店自卖,'6925678656329317878,'6925678656329317878,'SS76311784359850319700159,2026-04-17 20:43:28,'3808855327718375885,复古豹纹波点褶皱高马尾香蕉夹小号后脑勺竖夹韩系显发量发夹,,,普通订单,1.99,0,0,0,0,0,0,0,0,0,0,0,-0.1,0,0,0,0,0,0,否,0,义乌市於郝电子商务商行（个体工商户）,订单结算
2026-04-24 07:18:20,'2026042407181623040658380793,入账,1.89,聚合账户,货款结算入账,小店自卖,'6952055931721618938,'6952055931721618938,'SS76310148866460884830225,2026-04-14 00:14:18,'3808855327718375885,复古豹纹褶皱中号香蕉夹高级感马尾扭扭夹后脑勺韩系显发量发卡,,,普通订单,1.99,0,0,0,0,0,0,0,0,0,0,0,-0.1,0,0,0,0,0,0,否,0,义乌市於郝电子商务商行（个体工商户）,订单结算
2026-04-24 07:18:20,'2026042407181705330703460793,入账,5.68,聚合账户,货款结算入账,小店自卖,'6925565428871561117,'6925565428871561117,'SS76311087595194294390152,2026-04-13 15:31:30,'3811282248515322341,可爱小黄鸡小猪发圈学生风萌系扎发神器黑色发绳扎头发皮筋卖头饰,,,普通订单,5.98,0,0,0,0,0,0,0,0,0,0,0,-0.3,0,0,0,0,0,0,否,0,义乌市於郝电子商务商行（个体工商户）,订单结算
2026-04-24 07:18:20,'2026042407181620525878020793,入账,6.17,聚合账户,货款结算入账,小店自卖,'6952040647229773006,'6952040647229773006,'SS76311379438683753060022,2026-04-14 08:02:41,'3808509441058406492,新款扭扭麻花发箍女简约高颅顶带齿防滑洗脸头箍发卡高级感民族风,,,普通订单,6.5,0,0,0,0,0,0,0,0,0,0,0,-0.33,0,0,0,0,0,0,否,0,义乌市於郝电子商务商行（个体工商户）,订单结算
2026-04-24 07:18:20,'2026042407181700357217660793,入账,1.89,聚合账户,货款结算入账,小店自卖,'6925564446454348927,'6925564446454348927,'SS76311106438607839060215,2026-04-13 23:42:30,'3812736213081784671,韩系ins风高马尾香蕉夹竖夹女2026新款高级感发夹简约复古发饰,,,普通订单,1.99,0,0,0,0,0,0,0,0,0,0,0,-0.1,0,0,0,0,0,0,否,0,义乌市於郝电子商务商行（个体工商户）,订单结算
2026-04-24 07:18:21,'2026042407181737423232270793,入账,3.89,聚合账户,货款结算入账,小店自卖,'6925580056065572190,'6925580056065572190,'SS76310140791630072830181,2026-04-13 22:45:21,'3808855327718375885,复古豹纹褶皱中号香蕉夹高级感马尾扭扭夹后脑勺韩系显发量发卡,,,普通订单,4.09,0,0,0,0,0,0,0,0,0,0,0,-0.2,0,0,0,0,0,0,否,0,义乌市於郝电子商务商行（个体工商户）,订单结算
2026-04-24 07:18:21,'2026042407181733736627710793,入账,1.89,聚合账户,货款结算入账,小店自卖,'6925572632559124051,'6925572632559124051,'SS76310141807098271060088,2026-04-13 15:44:12,'3808855327718375885,复古豹纹褶皱中号香蕉夹高级感马尾扭扭夹后脑勺韩系显发量发卡,,,普通订单,1.99,0,0,0,0,0,0,0,0,0,0,0,-0.1,0,0,0,0,0,0,否,0,义乌市於郝电子商务商行（个体工商户）,订单结算
2026-04-24 07:18:21,'2026042407181827011489380793,入账,4.27,聚合账户,货款结算入账,小店自卖,'6925586508794330296,'6925586508794330296,'SS76311059500235333310199,2026-04-14 12:19:37,'3809014413466402928,大肠圈蝴蝶头花带新款波点飘带大肠发圈高级感扎头发皮筋发饰发绳,,,普通订单,4.5,0,0,0,0,0,0,0,0,0,0,0,-0.23,0,0,0,0,0,0,否,0,义乌市於郝电子商务商行（个体工商户）,订单结算
2026-04-24 07:18:21,'2026042407181803316946550793,入账,3.23,聚合账户,货款结算入账,巨量千川,'6952055446031373735,'6952055446031373735,'SS76310173924408571400066,2026-04-13 19:24:06,'3808518913650721160,新款高级牡丹花流苏抓夹毛毛发夹后脑勺显发量大号鲨鱼头饰发夹,,,普通订单,3.4,0,0,0,0,0,0,0,0,0,0,0,-0.17,0,0,0,0,0,0,,0,义乌市於郝电子商务商行（个体工商户）,订单结算
2026-04-24 07:18:21,'2026042407181733526420990793,入账,3.19,聚合账户,货款结算入账,小店自卖,'6925574585169444821,'6925574585169444821,'SS76310138120457423820179,2026-04-13 15:40:58,'3808855327718375885,复古豹纹褶皱中号香蕉夹高级感马尾扭扭夹后脑勺韩系显发量发卡,,,普通订单,3.36,0,0,0,0,0,0,0,0,0,0,0,-0.17,0,0,0,0,0,0,否,0,义乌市於郝电子商务商行（个体工商户）,订单结算
2026-04-24 07:18:24,'2026042407182037668295870793,入账,4.62,聚合账户,货款结算入账,小店自卖,'6952037263915816003,'6952037263915816003,'SS76310166971522419460034,2026-04-13 16:07:20,'3808515754769383695,2026新款高级牡丹花流苏抓夹毛毛发夹后脑勺显发量大号鲨鱼夹头饰,,,普通订单,4.86,0,0,0,0,0,0,0,0,0,0,0,-0.24,0,0,0,0,0,0,否,0,义乌市於郝电子商务商行（个体工商户）,订单结算
2026-04-24 07:18:24,'2026042407182107646584380793,入账,3.5,聚合账户,货款结算入账,小店自卖,'6952055200440259778,'6952055200440259778,'SS76310157301943181320116,2026-04-13 17:04:53,'3808512101882920970,新款高颜值橡皮筋高级发圈简约可爱头绳不勒发绳无扎痕头饰发饰品,,,普通订单,0.01,0,0,3.67,0,0,0,0,0,0,0,0,-0.18,0,0,0,0,0,0,否,0,义乌市於郝电子商务商行（个体工商户）,订单结算
2026-04-24 07:18:24,'2026042407182103370524220793,入账,2.8,聚合账户,货款结算入账,小店自卖,'6952060417983845649,'6952060417983845649,'SS76311102030313884220123,2026-04-14 00:20:43,'3809599445994176839,春日超仙韩系碎花蕾丝大肠发圈女甜美感丸子头慵懒风超大发饰头绳,,,普通订单,0.01,0,0,2.94,0,0,0,0,0,0,0,0,-0.15,0,0,0,0,0,0,,0,义乌市於郝电子商务商行（个体工商户）,订单结算
2026-04-24 07:18:24,'2026042407182104333778330793,入账,4.08,聚合账户,货款结算入账,小店自卖,'6952119698842457555,'6952119698842457555,'SS76310660711437601620052,2026-04-16 13:11:24,'3809214874429555055,【LOVEIXCC】新款法式网红发箍发卡宽边复古秋冬头饰百搭高级盘发器,,,普通订单,1.3,0,0,3,0,0,0,0,0,0,0,0,-0.22,0,0,0,0,0,0,否,0,义乌市於郝电子商务商行（个体工商户）,订单结算
2026-04-24 07:18:24,'2026042407182022241610620793,入账,6.67,聚合账户,货款结算入账,小店自卖,'6925686502337642234,'6925686502337642234,'SS76311665564387292560236,2026-04-18 15:32:39,'3811648424567242780,法式碎花早春蝴蝶结高马尾香蕉夹丸子头盘发气质蓬松显发量发饰,,,普通订单,7.02,0,0,0,0,0,0,0,0,0,0,0,-0.35,0,0,0,0,0,0,否,0,义乌市於郝电子商务商行（个体工商户）,订单结算
2026-04-24 07:18:24,'2026042407182107649041980793,入账,1.89,聚合账户,货款结算入账,巨量千川,'6951778892365698615,'6951778892365698615,'SS76310464340913364980185,2026-04-04 03:16:43,'3808855327718375885,复古豹纹褶皱中号香蕉夹高级感马尾扭扭夹后脑勺韩系显发量发卡,,,普通订单,0.01,0,0,1.98,0,0,0,0,0,0,0,0,-0.1,0,0,0,0,0,0,否,0,义乌市於郝电子商务商行（个体工商户）,订单结算
2026-04-24 07:18:24,'2026042407182103086262260793,入账,4.33,聚合账户,货款结算入账,小店自卖,'6925584582951337416,'6925584582951337416,'SS76310281369317051280108,2026-04-13 23:55:12,'3811107016030683631,森系干枯山茶花朵7cm小抓夹 百搭气质发夹女后脑勺超仙鲨夹发饰,,,普通订单,3.2,0,0,1.36,0,0,0,0,0,0,0,0,-0.23,0,0,0,0,0,0,,0,义乌市於郝电子商务商行（个体工商户）,订单结算
2026-04-24 07:18:24,'2026042407182033620956540793,入账,4.08,聚合账户,货款结算入账,小店自卖,'6925720986235797358,'6925720986235797358,'SS76311685423727577600163,2026-04-19 17:57:00,'3809214874429555055,【LOVEIXCC】新款法式网红发箍发卡宽边复古秋冬头饰百搭高级盘发器,,,普通订单,4.3,0,0,0,0,0,0,0,0,0,0,0,-0.22,0,0,0,0,0,0,否,0,义乌市於郝电子商务商行（个体工商户）,订单结算
2026-04-24 07:18:24,'2026042407182038636920820793,入账,5.29,聚合账户,货款结算入账,小店自卖,'6925568486395051404,'6925568486395051404,'SS76310281702490117120003,2026-04-13 21:06:03,'3809987730130206991,2026新款珍珠精致感百搭一字夹后脑勺高级感扭扭夹大号发量多发卡,,,普通订单,0.01,0,0,0,0,0,0,0,5.56,0,0,0,-0.28,0,0,0,0,0,0,否,0,义乌市於郝电子商务商行（个体工商户）,订单结算
2026-04-24 07:18:24,'2026042407182019321982070793,入账,5.68,聚合账户,货款结算入账,小店自卖,'6952173139498112865,'6952173139498112865,'SS76312071818929771900177,2026-04-18 07:49:22,'3811282248515322341,可爱小黄鸡小猪发圈学生风萌系扎发神器黑色发绳扎头发皮筋卖头饰,,,普通订单,0.01,0,0,5.97,0,0,0,0,0,0,0,0,-0.3,0,0,0,0,0,0,,0,义乌市於郝电子商务商行（个体工商户）,订单结算
2026-04-24 07:18:26,'2026042407182305793390480793,入账,1.89,聚合账户,货款结算入账,小店自卖,'6952044260009645234,'6952044260009645234,'SS76310137561497810380086,2026-04-13 16:25:45,'3808855327718375885,复古豹纹褶皱中号香蕉夹高级感马尾扭扭夹后脑勺韩系显发量发卡,,,普通订单,0.01,0,0,1.98,0,0,0,0,0,0,0,0,-0.1,0,0,0,0,0,0,否,0,义乌市於郝电子商务商行（个体工商户）,订单结算
2026-04-24 07:18:26,'2026042407182313893967870793,入账,4.33,聚合账户,货款结算入账,小店自卖,'6925638999407361535,'6925638999407361535,'SS76310825472123868250139,2026-04-16 18:46:32,'3811107016030683631,森系干枯山茶花朵7cm小抓夹 百搭气质发夹女后脑勺超仙鲨夹发饰,,,普通订单,4.56,0,0,0,0,0,0,0,0,0,0,0,-0.23,0,0,0,0,0,0,否,0,义乌市於郝电子商务商行（个体工商户）,订单结算
2026-04-24 07:18:27,'2026042407182325135844220793,入账,3.89,聚合账户,货款结算入账,小店自卖,'6925578315350638268,'6925578315350638268,'SS76311105923801257230229,2026-04-14 08:10:53,'3808855327718375885,复古豹纹褶皱中号香蕉夹高级感马尾扭扭夹后脑勺韩系显发量发卡,,,普通订单,2.09,0,0,2,0,0,0,0,0,0,0,0,-0.2,0,0,0,0,0,0,否,0,义乌市於郝电子商务商行（个体工商户）,订单结算
2026-04-24 07:18:27,'2026042407182207767659520793,入账,3.02,聚合账户,货款结算入账,小店自卖,'6952175952169735656,'6952175952169735656,'SS76312252177147868520247,2026-04-18 17:02:55,'3811282248515322341,可爱小黄鸡小猪发圈学生风萌系扎发神器黑色发绳扎头发皮筋卖头饰,,,普通订单,0.18,0,0,3,0,0,0,0,0,0,0,0,-0.16,0,0,0,0,0,0,,0,义乌市於郝电子商务商行（个体工商户）,订单结算
2026-04-24 07:18:27,'2026042407182326767529230793,入账,3.89,聚合账户,货款结算入账,小店自卖,'6925568932087889205,'6925568932087889205,'SS76310140864189074350195,2026-04-13 23:57:48,'3808855327718375885,复古豹纹褶皱中号香蕉夹高级感马尾扭扭夹后脑勺韩系显发量发卡,,,普通订单,0.01,0,0,4.08,0,0,0,0,0,0,0,0,-0.2,0,0,0,0,0,0,否,0,义乌市於郝电子商务商行（个体工商户）,订单结算
2026-04-24 07:18:28,'2026042407182519213683260793,入账,5.68,聚合账户,货款结算入账,小店自卖,'6925565857797143743,'6925565857797143743,'SS76311087670917537680136,2026-04-13 18:49:35,'3811282248515322341,可爱小黄鸡小猪发圈学生风萌系扎发神器黑色发绳扎头发皮筋卖头饰,,,普通订单,0.01,0,0,5.97,0,0,0,0,0,0,0,0,-0.3,0,0,0,0,0,0,否,0,义乌市於郝电子商务商行（个体工商户）,订单结算
2026-04-24 07:18:28,'2026042407182532616494140793,入账,1.89,聚合账户,货款结算入账,小店自卖,'6925562281810361725,'6925562281810361725,'SS76310152808211952790041,2026-04-13 16:34:13,'3808855327718375885,复古豹纹褶皱中号香蕉夹高级感马尾扭扭夹后脑勺韩系显发量发卡,,,普通订单,0.01,0,0,1.98,0,0,0,0,0,0,0,0,-0.1,0,0,0,0,0,0,否,0,义乌市於郝电子商务商行（个体工商户）,订单结算
2026-04-24 07:18:28,'2026042407182334864174420793,入账,3.63,聚合账户,货款结算入账,小店自卖,'6952060177220506818,'6952060177220375746,'SS76310164207475760990167,2026-04-13 22:19:17,'3809219180176212098,发圈式啪啪圈~春夏美拉德系懒人高马尾啪啪圈复古固定不塌神器,,,普通订单,2.57,0,0,1.25,0,0,0,0,0,0,0,0,-0.19,0,0,0,0,0,0,否,0,义乌市於郝电子商务商行（个体工商户）,订单结算
2026-04-24 07:18:28,'2026042407182528696090010793,入账,3.19,聚合账户,货款结算入账,小店自卖,'6925581888634846800,'6925581888634846800,'SS76310138356802194110060,2026-04-13 19:50:35,'3808855327718375885,复古豹纹褶皱中号香蕉夹高级感马尾扭扭夹后脑勺韩系显发量发卡,,,普通订单,0.36,0,0,3,0,0,0,0,0,0,0,0,-0.17,0,0,0,0,0,0,,0,义乌市於郝电子商务商行（个体工商户）,订单结算
2026-04-24 07:18:29,'2026042407182523489951060793,入账,2.69,聚合账户,货款结算入账,小店自卖,'6952061218149963539,'6952061218149963539,'SS76310319456776033630237,2026-04-14 13:54:56,'3808826072573804729,迷你小号无痕鸭嘴夹抓夹小夹子精致蝴蝶结碎发夹刘海夹高级感发卡,,,普通订单,0.83,0,0,2,0,0,0,0,0,0,0,0,-0.14,0,0,0,0,0,0,否,0,义乌市於郝电子商务商行（个体工商户）,订单结算
2026-04-24 07:18:30,'2026042407182536266319900793,入账,2.86,聚合账户,货款结算入账,小店自卖,'6925338606661303878,'6925338606661303878,'SS76310963756943652300170,2026-04-03 18:56:23,'3809438133272051839,韩版新款格纹蝴蝶结香蕉夹复古少女中号马尾夹百搭扭扭发卡抓夹,,,普通订单,3.01,0,0,0,0,0,0,0,0,0,0,0,-0.15,0,0,0,0,0,0,否,0,义乌市於郝电子商务商行（个体工商户）,订单结算
2026-04-24 07:18:30,'2026042407182535079298970793,入账,4.28,聚合账户,货款结算入账,小店自卖,'6925676607481544288,'6925676607481544288,'SS76310471427862536110097,2026-04-17 22:27:29,'3811116864172589149,森系干枯山茶花朵7cm小抓夹百搭气质发夹女后脑勺超仙鲨鱼夹发饰,,,普通订单,1.51,0,0,3,0,0,0,0,0,0,0,0,-0.23,0,0,0,0,0,0,,0,义乌市於郝电子商务商行（个体工商户）,订单结算
2026-04-24 07:18:30,'2026042407182618838981540793,入账,3.32,聚合账户,货款结算入账,巨量千川,'6925577011468532786,'6925577011468532786,'SS76310169324485025540031,2026-04-13 16:45:56,'3808515754769383695,2026新款高级牡丹花流苏抓夹毛毛发夹后脑勺显发量大号鲨鱼夹头饰,,,普通订单,0.5,0,0,3,0,0,0,0,0,0,0,0,-0.18,0,0,0,0,0,0,,0,义乌市於郝电子商务商行（个体工商户）,订单结算
2026-04-24 07:18:30,'2026042407182620913526020793,入账,1.89,聚合账户,货款结算入账,小店自卖,'6952039854289721208,'6952039854289721208,'SS76310152894383562750023,2026-04-13 18:22:39,'3808855327718375885,复古豹纹褶皱中号香蕉夹高级感马尾扭扭夹后脑勺韩系显发量发卡,,,普通订单,0.01,0,0,1.98,0,0,0,0,0,0,0,0,-0.1,0,0,0,0,0,0,否,0,义乌市於郝电子商务商行（个体工商户）,订单结算
2026-04-24 07:18:30,'2026042407182615355745910793,入账,2.86,聚合账户,货款结算入账,小店自卖,'6925696435078987344,'6925696435078987344,'SS76311257979270968470075,2026-04-19 09:48:52,'3809438133272051839,韩版新款格纹蝴蝶结香蕉夹复古少女中号马尾夹百搭扭扭发卡抓夹,,,普通订单,0.01,0,0,3,0,0,0,0,0,0,0,0,-0.15,0,0,0,0,0,0,否,0,义乌市於郝电子商务商行（个体工商户）,订单结算
2026-04-24 07:18:34,'2026042407182940310377110793,入账,2.71,聚合账户,货款结算入账,小店自卖,'6952053210989598606,'6952053210989598606,'SS76311062435951088990192,2026-04-13 17:27:10,'3809219180176212098,发圈式啪啪圈~春夏美拉德系懒人高马尾啪啪圈复古固定不塌神器,,,普通订单,2.45,0,0,0.4,0,0,0,0,0,0,0,0,-0.14,0,0,0,0,0,0,否,0,义乌市於郝电子商务商行（个体工商户）,订单结算
2026-04-24 07:18:34,'2026042407183003959731720793,入账,4.63,聚合账户,货款结算入账,小店自卖,'6952051472022836258,'6952051472022836258,'SS76310705805406866330222,2026-04-13 22:21:35,'3812756762260537801,头发绑带~铃兰花朵大肠发圈韩系少女头饰高级感流苏飘带仙气发饰,,,普通订单,4.87,0,0,0,0,0,0,0,0,0,0,0,-0.24,0,0,0,0,0,0,否,0,义乌市於郝电子商务商行（个体工商户）,订单结算
2026-04-24 07:18:34,'2026042407183115651315620793,入账,4.62,聚合账户,货款结算入账,小店自卖,'6925572647741259335,'6925572647741259335,'SS76310166916953382590108,2026-04-13 16:00:52,'3808518913650721160,新款高级牡丹花流苏抓夹毛毛发夹后脑勺显发量大号鲨鱼头饰发夹,,,普通订单,4.86,0,0,0,0,0,0,0,0,0,0,0,-0.24,0,0,0,0,0,0,否,0,义乌市於郝电子商务商行（个体工商户）,订单结算
2026-04-24 07:18:34,'2026042407183103198487670793,入账,3.91,聚合账户,货款结算入账,小店自卖,'6925578837868575984,'6925578837868575984,'SS76311019723431288780122,2026-04-14 12:32:09,'3808509441058406492,新款扭扭麻花发箍女简约高颅顶带齿防滑洗脸头箍发卡高级感民族风,,,普通订单,0.12,0,0,4,0,0,0,0,0,0,0,0,-0.21,0,0,0,0,0,0,,0,义乌市於郝电子商务商行（个体工商户）,订单结算
2026-04-24 07:18:34,'2026042407182936090186240793,入账,1.89,聚合账户,货款结算入账,小店自卖,'6952051760730347128,'6952051760730347128,'SS76310152602011246140054,2026-04-14 04:50:36,'3808855327718375885,复古豹纹褶皱中号香蕉夹高级感马尾扭扭夹后脑勺韩系显发量发卡,,,普通订单,0.01,0,0,1.98,0,0,0,0,0,0,0,0,-0.1,0,0,0,0,0,0,否,0,义乌市於郝电子商务商行（个体工商户）,订单结算
2026-04-24 07:18:35,'2026042407183129949466140793,入账,1.89,聚合账户,货款结算入账,小店自卖,'6952083885558469727,'6952083885558469727,'SS76311053880370137860037,2026-04-14 21:55:03,'3808855327718375885,复古豹纹褶皱中号香蕉夹高级感马尾扭扭夹后脑勺韩系显发量发卡,,,普通订单,0.01,0,0,1.98,0,0,0,0,0,0,0,0,-0.1,0,0,0,0,0,0,否,0,义乌市於郝电子商务商行（个体工商户）,订单结算
2026-04-24 07:18:35,'2026042407183129623260260793,入账,1.89,聚合账户,货款结算入账,小店自卖,'6925637370353646665,'6925637370353646665,'SS76311310925689697550194,2026-04-16 15:53:19,'3808855327718375885,复古豹纹波点褶皱高马尾香蕉夹小号后脑勺竖夹韩系显发量发夹,,,普通订单,1.99,0,0,0,0,0,0,0,0,0,0,0,-0.1,0,0,0,0,0,0,否,0,义乌市於郝电子商务商行（个体工商户）,订单结算
2026-04-24 07:18:35,'2026042407183121611809740793,入账,10.31,聚合账户,货款结算入账,小店自卖,'6925581630928879349,'6925581630928879349,'SS76310281226727798030211,2026-04-13 18:04:31,'3811294538555850878,韩系复古大肠蕾丝发圈波点新款高级四层头发丸子马尾高级头绳发饰,,,普通订单,0.85,0,0,0,0,0,0,0,0,10,0,0,-0.54,0,0,0,0,0,0,否,0,义乌市於郝电子商务商行（个体工商户）,订单结算
2026-04-24 07:18:35,'2026042407183203460347260793,入账,3.53,聚合账户,货款结算入账,小店自卖,'6925580208993042202,'6925580208993042202,'SS76310281218058654990231,2026-04-13 23:38:26,'3809273979772993843,新中式咖色碎花四层大肠发圈女慵懒风扎头发大号复古发饰头绳,,,普通订单,2.61,0,0,1.11,0,0,0,0,0,0,0,0,-0.19,0,0,0,0,0,0,,0,义乌市於郝电子商务商行（个体工商户）,订单结算
2026-04-24 07:18:35,'2026042407183119238428540793,入账,1.89,聚合账户,货款结算入账,小店自卖,'6925584472548802135,'6925584472548802135,'SS76310153362172644200052,2026-04-13 22:58:21,'3808855327718375885,复古豹纹褶皱中号香蕉夹高级感马尾扭扭夹后脑勺韩系显发量发卡,,,普通订单,1.99,0,0,0,0,0,0,0,0,0,0,0,-0.1,0,0,0,0,0,0,否,0,义乌市於郝电子商务商行（个体工商户）,订单结算
2026-04-24 07:18:36,'2026042407183223283802230793,入账,1.89,聚合账户,货款结算入账,小店自卖,'6925711212498681278,'6925711212498681278,'SS76312293027344391950116,2026-04-19 00:16:24,'3808855327718375885,复古豹纹波点褶皱高马尾香蕉夹小号后脑勺竖夹韩系显发量发夹,,,普通订单,1.99,0,0,0,0,0,0,0,0,0,0,0,-0.1,0,0,0,0,0,0,否,0,义乌市於郝电子商务商行（个体工商户）,订单结算
2026-04-24 07:18:36,'2026042407183201858606440793,入账,3.89,聚合账户,货款结算入账,小店自卖,'6925582810111180767,'6925582810111180767,'SS76310141046831516790031,2026-04-14 07:07:47,'3808855327718375885,复古豹纹褶皱中号香蕉夹高级感马尾扭扭夹后脑勺韩系显发量发卡,,,普通订单,4.09,0,0,0,0,0,0,0,0,0,0,0,-0.2,0,0,0,0,0,0,否,0,义乌市於郝电子商务商行（个体工商户）,订单结算
2026-04-24 07:18:36,'2026042407183216284268060793,入账,3.26,聚合账户,货款结算入账,小店自卖,'6925649569392327848,'6925649569392327848,'SS76310763630464863070034,2026-04-17 10:25:08,'3808518913650721160,新款高级牡丹花流苏抓夹毛毛发夹后脑勺显发量大号鲨鱼头饰发夹,,,普通订单,3.43,0,0,0,0,0,0,0,0,0,0,0,-0.17,0,0,0,0,0,0,否,0,义乌市於郝电子商务商行（个体工商户）,订单结算
2026-04-24 07:18:36,'2026042407183201188498110793,入账,2.26,聚合账户,货款结算入账,小店自卖,'6925575472975150253,'6925575472975150253,'SS76310281882192612200198,2026-04-13 22:25:23,'3809979415216128130,可爱小黄鸡发圈萌系扎发神器黑色发绳扎头发皮筋儿童卡子卖萌头饰,,,普通订单,2.38,0.4,0,0,0,0,0,0,0,0,0,0,-0.12,0,0,0,0,0,0,否,0,义乌市於郝电子商务商行（个体工商户）,订单结算
2026-04-24 07:18:36,'2026042407183206053568420793,入账,4.62,聚合账户,货款结算入账,小店自卖,'6925576984595364886,'6925576984595364886,'SS76311109532035653520041,2026-04-13 16:33:52,'3809438133272051839,韩版新款格纹蝴蝶结香蕉夹复古少女中号马尾夹百搭扭扭发卡抓夹,,,普通订单,4.86,0,0,0,0,0,0,0,0,0,0,0,-0.24,0,0,0,0,0,0,否,0,义乌市於郝电子商务商行（个体工商户）,订单结算
2026-04-24 07:18:38,'2026042407183403662973710793,入账,1.89,聚合账户,货款结算入账,小店自卖,'6952031260988217064,'6952031260988217064,'SS76310153257404011920183,2026-04-13 21:12:18,'3808855327718375885,复古豹纹褶皱中号香蕉夹高级感马尾扭扭夹后脑勺韩系显发量发卡,,,普通订单,0.01,0,0,1.98,0,0,0,0,0,0,0,0,-0.1,0,0,0,0,0,0,否,0,义乌市於郝电子商务商行（个体工商户）,订单结算
2026-04-24 07:18:38,'2026042407183304767260510793,入账,4.44,聚合账户,货款结算入账,巨量千川,'6952051566246499685,'6952051566246499685,'SS76310281353221125380126,2026-04-13 23:26:47,'3808522822146457689,夏天简约随手盘发一字夹扭扭夹水钻抓夹高级发夹扭扭后脑勺盘发器,,,普通订单,4.67,0,0,0,0,0,0,0,0,0,0,0,-0.23,0,0,0,0,0,0,否,0,义乌市於郝电子商务商行（个体工商户）,订单结算
2026-04-24 07:18:38,'2026042407183502608335720793,入账,1.89,聚合账户,货款结算入账,小店自卖,'6925570752717291476,'6925570752717291476,'SS76310143277513979230138,2026-04-13 18:18:12,'3808855327718375885,复古豹纹褶皱中号香蕉夹高级感马尾扭扭夹后脑勺韩系显发量发卡,,,普通订单,1.99,0,0,0,0,0,0,0,0,0,0,0,-0.1,0,0,0,0,0,0,否,0,义乌市於郝电子商务商行（个体工商户）,订单结算
2026-04-24 07:18:38,'2026042407183418526418300793,入账,3.19,聚合账户,货款结算入账,小店自卖,'6952042161801401690,'6952042161801401690,'SS76310138368204518860058,2026-04-13 20:38:45,'3808855327718375885,复古豹纹褶皱中号香蕉夹高级感马尾扭扭夹后脑勺韩系显发量发卡,,,普通订单,3.36,0,0,0,0,0,0,0,0,0,0,0,-0.17,0,0,0,0,0,0,否,0,义乌市於郝电子商务商行（个体工商户）,订单结算
2026-04-24 07:18:38,'2026042407183430009269850793,入账,2.69,聚合账户,货款结算入账,小店自卖,'6925581729101413569,'6925581729101413569,'SS76311393604752389530155,2026-04-13 18:33:17,'3808826072573804729,迷你小号无痕鸭嘴夹抓夹小夹子精致蝴蝶结碎发夹刘海夹高级感发卡,,,普通订单,2.83,0,0,0,0,0,0,0,0,0,0,0,-0.14,0,0,0,0,0,0,否,0,义乌市於郝电子商务商行（个体工商户）,订单结算
2026-04-24 07:18:38,'2026042407183411961677230793,入账,1.89,聚合账户,货款结算入账,巨量千川,'6925573842677890362,'6925573842677890362,'SS76310148133883950420210,2026-04-13 23:25:21,'3808855327718375885,复古豹纹褶皱中号香蕉夹高级感马尾扭扭夹后脑勺韩系显发量发卡,,,普通订单,1.99,0,0,0,0,0,0,0,0,0,0,0,-0.1,0,0,0,0,0,0,否,0,义乌市於郝电子商务商行（个体工商户）,订单结算
2026-04-24 07:18:38,'2026042407183407938706020793,入账,5.68,聚合账户,货款结算入账,小店自卖,'6925595944350940318,'6925595944350940318,'SS76311088490178317300158,2026-04-14 14:36:50,'3811282248515322341,可爱小黄鸡小猪发圈学生风萌系扎发神器黑色发绳扎头发皮筋卖头饰,,,普通订单,2.98,0,0,3,0,0,0,0,0,0,0,0,-0.3,0,0,0,0,0,0,,0,义乌市於郝电子商务商行（个体工商户）,订单结算
2026-04-24 07:18:38,'2026042407183341706135550793,入账,3.14,聚合账户,货款结算入账,巨量千川,'6952055914809464608,'6952055914809464608,'SS76310281429663298560089,2026-04-14 00:27:55,'3808522822146457689,夏天简约随手盘发一字夹扭扭夹水钻抓夹高级发夹扭扭后脑勺盘发器,,,普通订单,3.31,0,0,0,0,0,0,0,0,0,0,0,-0.17,0,0,0,0,0,0,否,0,义乌市於郝电子商务商行（个体工商户）,订单结算
2026-04-24 07:18:39,'2026042407183526676928420793,入账,2.69,聚合账户,货款结算入账,小店自卖,'6952112402216653905,'6952112402216653905,'SS76312292972226155950004,2026-04-15 23:58:03,'3808826072573804729,迷你小号无痕鸭嘴夹抓夹小夹子精致蝴蝶结碎发夹刘海夹高级感发卡,,,普通订单,0.01,0,0,2.82,0,0,0,0,0,0,0,0,-0.14,0,0,0,0,0,0,否,0,义乌市於郝电子商务商行（个体工商户）,订单结算
2026-04-24 07:18:39,'2026042407183610196262940793,入账,3.89,聚合账户,货款结算入账,小店自卖,'6952060344234284448,'6952060344234284448,'SS76310140719581435030031,2026-04-13 23:27:05,'3808855327718375885,复古豹纹褶皱中号香蕉夹高级感马尾扭扭夹后脑勺韩系显发量发卡,,,普通订单,1.09,0,0,3,0,0,0,0,0,0,0,0,-0.2,0,0,0,0,0,0,,0,义乌市於郝电子商务商行（个体工商户）,订单结算
2026-04-24 07:18:39,'2026042407183533433031740793,入账,1.89,聚合账户,货款结算入账,小店自卖,'6952140161535252274,'6952140161535252274,'SS76311267843816169150055,2026-04-16 21:46:18,'3812736213081784671,韩系ins风高马尾香蕉夹竖夹女2026新款高级感发夹简约复古发饰,,,普通订单,1.99,0,0,0,0,0,0,0,0,0,0,0,-0.1,0,0,0,0,0,0,否,0,义乌市於郝电子商务商行（个体工商户）,订单结算
2026-04-24 07:18:39,'2026042407183618459041470793,入账,2.69,聚合账户,货款结算入账,小店自卖,'6925563503784853373,'6925563503784853373,'SS76311098541866235290109,2026-04-13 16:55:16,'3808826072573804729,迷你小号无痕鸭嘴夹抓夹小夹子精致蝴蝶结碎发夹刘海夹高级感发卡,,,普通订单,2.83,0,0,0,0,0,0,0,0,0,0,0,-0.14,0,0,0,0,0,0,否,0,义乌市於郝电子商务商行（个体工商户）,订单结算
2026-04-24 07:18:39,'2026042407183529966546330793,入账,2.8,聚合账户,货款结算入账,小店自卖,'6925584319197183207,'6925584319197183207,'SS76310158117513794920183,2026-04-13 22:10:40,'3809599445994176839,春日超仙韩系碎花蕾丝大肠发圈女甜美感丸子头慵懒风超大发饰头绳,,,普通订单,0.01,0,0,2.94,0,0,0,0,0,0,0,0,-0.15,0,0,0,0,0,0,,0,义乌市於郝电子商务商行（个体工商户）,订单结算
2026-04-24 07:18:43,'2026042407184003207706010793,入账,1.89,聚合账户,货款结算入账,小店自卖,'6925579203907911530,'6925579203907911530,'SS76310152874579768660145,2026-04-13 16:42:19,'3808855327718375885,复古豹纹褶皱中号香蕉夹高级感马尾扭扭夹后脑勺韩系显发量发卡,,,普通订单,1.99,0,0,0,0,0,0,0,0,0,0,0,-0.1,0,0,0,0,0,0,否,0,义乌市於郝电子商务商行（个体工商户）,订单结算
2026-04-24 07:18:43,'2026042407183905004500540793,入账,1.89,聚合账户,货款结算入账,小店自卖,'6952059820108945112,'6952059820108945112,'SS76310143438500989710211,2026-04-13 19:06:18,'3808855327718375885,复古豹纹褶皱中号香蕉夹高级感马尾扭扭夹后脑勺韩系显发量发卡,,,普通订单,0.01,0,0,1.98,0,0,0,0,0,0,0,0,-0.1,0,0,0,0,0,0,否,0,义乌市於郝电子商务商行（个体工商户）,订单结算
2026-04-24 07:18:43,'2026042407183938387714830793,入账,4.33,聚合账户,货款结算入账,小店自卖,'6951792359021483305,'6951792359021483305,'SS76310523266312443390195,2026-04-03 19:46:11,'3811116864172589149,森系干枯山茶花朵7cm小抓夹百搭气质发夹女后脑勺超仙鲨鱼夹发饰,,,普通订单,4.56,0,0,0,0,0,0,0,0,0,0,0,-0.23,0,0,0,0,0,0,,0,义乌市於郝电子商务商行（个体工商户）,订单结算
2026-04-24 07:18:43,'2026042407183921272335450793,入账,1.89,聚合账户,货款结算入账,小店自卖,'6925577510830636855,'6925577510830636855,'SS76310153290120893840029,2026-04-13 21:09:00,'3808855327718375885,复古豹纹褶皱中号香蕉夹高级感马尾扭扭夹后脑勺韩系显发量发卡,,,普通订单,0.01,0,0,1.98,0,0,0,0,0,0,0,0,-0.1,0,0,0,0,0,0,否,0,义乌市於郝电子商务商行（个体工商户）,订单结算
2026-04-24 07:18:43,'2026042407183932217833340793,入账,3.19,聚合账户,货款结算入账,巨量千川,'6925566558493113996,'6925566558493113996,'SS76310151543984010780150,2026-04-13 23:43:03,'3808855327718375885,复古豹纹褶皱中号香蕉夹高级感马尾扭扭夹后脑勺韩系显发量发卡,,,普通订单,0.36,0,0,3,0,0,0,0,0,0,0,0,-0.17,0,0,0,0,0,0,否,0,义乌市於郝电子商务商行（个体工商户）,订单结算
2026-04-24 07:18:43,'2026042407183932014999540793,入账,3.89,聚合账户,货款结算入账,小店自卖,'6952044720756757754,'6952044720756757754,'SS76310139968203699740009,2026-04-13 20:40:00,'3808855327718375885,复古豹纹褶皱中号香蕉夹高级感马尾扭扭夹后脑勺韩系显发量发卡,,,普通订单,2.09,0,0,2,0,0,0,0,0,0,0,0,-0.2,0,0,0,0,0,0,否,0,义乌市於郝电子商务商行（个体工商户）,订单结算
2026-04-24 07:18:43,'2026042407183918000617340793,入账,8.08,聚合账户,货款结算入账,小店自卖,'6925565609615982172,'6925565609615982172,'SS76311101287328814490206,2026-04-13 16:54:17,'3808831800021745920,2026新款韩系波点发圈复古蝴蝶结头花大肠发圈丸子头发饰马尾发绳,,,普通订单,7.7,0,0,0.81,0,0,0,0,0,0,0,0,-0.43,0,0,0,0,0,0,否,0,义乌市於郝电子商务商行（个体工商户）,订单结算
2026-04-24 07:18:43,'2026042407183933650450010793,入账,2.41,聚合账户,货款结算入账,小店自卖,'6952143470635259178,'6952143470635259178,'SS76311644137178079060132,2026-04-17 17:53:40,'3811282248515322341,可爱小黄鸡小猪发圈学生风萌系扎发神器黑色发绳扎头发皮筋卖头饰,,,普通订单,0.01,0,0,2.53,0,0,0,0,0,0,0,0,-0.13,0,0,0,0,0,0,否,0,义乌市於郝电子商务商行（个体工商户）,订单结算
2026-04-24 07:18:43,'2026042407183937015560180793,入账,4.26,聚合账户,货款结算入账,小店自卖,'6925678904629493031,'6925678904629493031,'SS76310373115851901870155,2026-04-17 22:36:15,'3811116864172589149,森系干枯山茶花朵7cm小抓夹百搭气质发夹女后脑勺超仙鲨鱼夹发饰,,,普通订单,3.28,0,0,1.2,0,0,0,0,0,0,0,0,-0.22,0,0,0,0,0,0,否,0,义乌市於郝电子商务商行（个体工商户）,订单结算
2026-04-24 07:18:43,'2026042407183932555709800793,入账,3.89,聚合账户,货款结算入账,小店自卖,'6925566118424706264,'6925566118424706264,'SS76310139971822886820148,2026-04-13 20:56:21,'3808855327718375885,复古豹纹褶皱中号香蕉夹高级感马尾扭扭夹后脑勺韩系显发量发卡,,,普通订单,0.09,0,0,4,0,0,0,0,0,0,0,0,-0.2,0,0,0,0,0,0,否,0,义乌市於郝电子商务商行（个体工商户）,订单结算
2026-04-24 07:18:48,'2026042407184510922603900793,入账,3.19,聚合账户,货款结算入账,小店自卖,'6925568750841593771,'6925568750841593771,'SS76310138449708201460156,2026-04-13 22:38:41,'3808855327718375885,复古豹纹褶皱中号香蕉夹高级感马尾扭扭夹后脑勺韩系显发量发卡,,,普通订单,3.36,0,0,0,0,0,0,0,0,0,0,0,-0.17,0,0,0,0,0,0,否,0,义乌市於郝电子商务商行（个体工商户）,订单结算
2026-04-24 07:18:48,'2026042407184513048755200793,入账,1.89,聚合账户,货款结算入账,小店自卖,'6952211733310609133,'6952211733310609133,'SS76312142342228052980162,2026-04-20 12:59:50,'3808855327718375885,复古豹纹波点褶皱高马尾香蕉夹小号后脑勺竖夹韩系显发量发夹,,,普通订单,0.01,0,0,1.98,0,0,0,0,0,0,0,0,-0.1,0,0,0,0,0,0,,0,义乌市於郝电子商务商行（个体工商户）,订单结算
2026-04-24 07:18:48,'2026042407184424170010060793,入账,5.68,聚合账户,货款结算入账,小店自卖,'6925568601372130818,'6925568601372130818,'SS76311087639069824460030,2026-04-13 22:05:13,'3811282248515322341,可爱小黄鸡小猪发圈学生风萌系扎发神器黑色发绳扎头发皮筋卖头饰,,,普通订单,5.98,0,0,0,0,0,0,0,0,0,0,0,-0.3,0,0,0,0,0,0,否,0,义乌市於郝电子商务商行（个体工商户）,订单结算
2026-04-24 07:30:28,'2026042407302524963648630793,入账,2.7,聚合账户,货款结算入账,小店自卖,'6925647209835298166,'6925647209835298166,'SS76309895431915279700073,2026-04-17 09:40:58,'3811116864172589149,森系干枯山茶花朵7cm小抓夹百搭气质发夹女后脑勺超仙鲨鱼夹发饰,,,普通订单,0.01,0,0,2.83,0,0,0,0,0,0,0,0,-0.14,0,0,0,0,0,0,,0,义乌市於郝电子商务商行（个体工商户）,订单结算
2026-04-24 07:30:28,'2026042407302506719247460793,入账,1.89,聚合账户,货款结算入账,小店自卖,'6952171721465861978,'6952171721465861978,'SS76312061991487083520200,2026-04-18 18:10:59,'3808855327718375885,复古豹纹波点褶皱高马尾香蕉夹小号后脑勺竖夹韩系显发量发夹,,,普通订单,0.01,0,0,1.98,0,0,0,0,0,0,0,0,-0.1,0,0,0,0,0,0,否,0,义乌市於郝电子商务商行（个体工商户）,订单结算
2026-04-24 07:30:28,'2026042407302502938478270793,入账,3.32,聚合账户,货款结算入账,小店自卖,'6925670437887442087,'6925670437887442087,'SS76311726976494963300077,2026-04-17 23:15:45,'3808831800021745920,2026新款韩系波点发圈复古蝴蝶结头花大肠发圈丸子头发饰马尾发绳,,,普通订单,0.5,0,0,3,0,0,0,0,0,0,0,0,-0.18,0,0,0,0,0,0,,0,义乌市於郝电子商务商行（个体工商户）,订单结算
2026-04-24 07:30:28,'2026042407302411507840360793,入账,3.28,聚合账户,货款结算入账,小店自卖,'6925685796913184332,'6925685796913184332,'SS76310794628651261900239,2026-04-18 10:34:50,'3808514174103978347,明星同款高颅顶圆形金属发扣刘海发夹女前额侧边夹水钻发卡头饰,,,普通订单,0.01,0,0,3.44,0,0,0,0,0,0,0,0,-0.17,0,0,0,0,0,0,否,0,义乌市於郝电子商务商行（个体工商户）,订单结算
2026-04-24 07:30:28,'2026042407302530705464380793,入账,3.37,聚合账户,货款结算入账,小店自卖,'6925712594134662998,'6925712594134662998,'SS76312173395446832640030,2026-04-19 15:16:17,'3812550548062863750,温柔波点蝴蝶结香蕉夹芭蕾风气质少女百搭巨显发量高马尾盘发头饰,,,普通订单,0.01,0,0,3.54,0,0,0,0,0,0,0,0,-0.18,0,0,0,0,0,0,否,0,义乌市於郝电子商务商行（个体工商户）,订单结算
2026-04-24 07:30:40,'2026042407303710951237540793,入账,1.89,聚合账户,货款结算入账,小店自卖,'6925690986787798305,'6925690986787798305,'SS76311901566194202230026,2026-04-18 16:35:31,'3808855327718375885,复古豹纹波点褶皱高马尾香蕉夹小号后脑勺竖夹韩系显发量发夹,,,普通订单,0.01,0,0,1.98,0,0,0,0,0,0,0,0,-0.1,0,0,0,0,0,0,否,0,义乌市於郝电子商务商行（个体工商户）,订单结算
2026-04-24 07:30:40,'2026042407303720008143790793,入账,4.16,聚合账户,货款结算入账,小店自卖,'6925673300879703515,'6925673300879703515,'SS76312220253316385380178,2026-04-18 12:36:08,'3809438133272051839,韩版新款格纹蝴蝶结香蕉夹复古少女中号马尾夹百搭扭扭发卡抓夹,,,普通订单,4.38,0,0,0,0,0,0,0,0,0,0,0,-0.22,0,0,0,0,0,0,否,0,义乌市於郝电子商务商行（个体工商户）,订单结算
2026-04-24 07:30:40,'2026042407303632687726710793,入账,3.28,聚合账户,货款结算入账,小店自卖,'6925732183171562642,'6925732183171562642,'SS76311757216122967580036,2026-04-20 12:53:13,'3810367705987547406,jennie网红爆款圆形金属发扣刘海发夹女前额侧边夹发卡小夹子发饰,,,普通订单,0.01,0,0,3.44,0,0,0,0,0,0,0,0,-0.17,0,0,0,0,0,0,否,0,义乌市於郝电子商务商行（个体工商户）,订单结算
2026-04-24 07:30:40,'2026042407303803906319990793,入账,3.15,聚合账户,货款结算入账,小店自卖,'6925692260081302670,'6925692260081302670,'SS76309847424161265160150,2026-04-18 12:17:51,'3808518913650721160,新款高级牡丹花流苏抓夹毛毛发夹后脑勺显发量大号鲨鱼头饰发夹,,,普通订单,3.32,0,0,0,0,0,0,0,0,0,0,0,-0.17,0,0,0,0,0,0,,0,义乌市於郝电子商务商行（个体工商户）,订单结算
2026-04-24 07:30:40,'2026042407303707224035900793,入账,2.36,聚合账户,货款结算入账,小店自卖,'6925696329205907390,'6925696329205907390,'SS76311708734033267390125,2026-04-19 08:45:13,'3811282248515322341,可爱小黄鸡小猪发圈学生风萌系扎发神器黑色发绳扎头发皮筋卖头饰,,,普通订单,0.01,0,0,2.47,0,0,0,0,0,0,0,0,-0.12,0,0,0,0,0,0,否,0,义乌市於郝电子商务商行（个体工商户）,订单结算
2026-04-24 07:30:58,'2026042407305509465369750793,入账,2.71,聚合账户,货款结算入账,小店自卖,'6952155147130508389,'6952155147130508389,'SS76312086121248693760031,2026-04-17 19:09:22,'3809214874429555055,【LOVEIXCC】新款法式网红发箍发卡宽边复古秋冬头饰百搭高级盘发器,,,普通订单,2.85,0,0,0,0,0,0,0,0,0,0,0,-0.14,0,0,0,0,0,0,否,0,义乌市於郝电子商务商行（个体工商户）,订单结算
2026-04-24 07:30:58,'2026042407305511712108040793,入账,2.44,聚合账户,货款结算入账,小店自卖,'6952091164749796432,'6952091164749796432,'SS76310389007861522010013,2026-04-15 11:33:00,'3808518913650721160,新款高级牡丹花流苏抓夹毛毛发夹后脑勺显发量大号鲨鱼头饰发夹,,,普通订单,5.06,0,0,0,0,0,0,0,0,0,0,-2.5,-0.12,0,0,0,0,0,0,否,0,义乌市於郝电子商务商行（个体工商户）,订单结算
2026-04-24 07:30:58,'2026042407305534236503670793,入账,5.22,聚合账户,货款结算入账,小店自卖,'6925704544042581758,'6925704544042581758,'SS76312062766348377750022,2026-04-18 21:20:32,'3809586825216000110,春夏撞色甜美蝴蝶结发夹女后脑勺抓夹2026新款气质大号盘发鸭嘴夹,,,普通订单,0.49,0,0,0,0,0,0,0,0,5,0,0,-0.27,0,0,0,0,0,0,否,0,义乌市於郝电子商务商行（个体工商户）,订单结算
2026-04-24 07:30:58,'2026042407305501687762270793,入账,9.93,聚合账户,货款结算入账,小店自卖,'6952181379982890580,'6952181379982890580,'SS76311338632717442970125,2026-04-19 04:42:20,'3809273979772993843,新中式咖色碎花四层大肠发圈头花女慵懒风扎头发大号复古发饰头绳,,,普通订单,10.45,0,0,0,0,0,0,0,0,0,0,0,-0.52,0,0,0,0,0,0,,0,义乌市於郝电子商务商行（个体工商户）,订单结算
2026-04-24 07:30:58,'2026042407305427696051610793,入账,2.41,聚合账户,货款结算入账,小店自卖,'6925682810100481340,'6925682810100481340,'SS76311572485463578060045,2026-04-17 19:50:57,'3811282248515322341,可爱小黄鸡小猪发圈学生风萌系扎发神器黑色发绳扎头发皮筋卖头饰,,,普通订单,0.01,0,0,0,0,0,0,0,2.53,0,0,0,-0.13,0,0,0,0,0,0,否,0,义乌市於郝电子商务商行（个体工商户）,订单结算
2026-04-24 07:31:15,'2026042407311133995863450793,入账,4.76,聚合账户,货款结算入账,小店自卖,'6925723810007645942,'6925723810007645942,'SS76311523952715205480005,2026-04-19 23:15:54,'3812574198275113159,雾中鸢尾~韩系气质麻花带齿发箍女款高级感洋气时尚洗脸头箍盘发,,,普通订单,5.01,0,0,0,0,0,0,0,0,0,0,0,-0.25,0,0,0,0,0,0,否,0,义乌市於郝电子商务商行（个体工商户）,订单结算
2026-04-24 07:31:15,'2026042407311123740421520793,入账,1.89,聚合账户,货款结算入账,小店自卖,'6952206107574015485,'6952206107574015485,'SS76311304025560189980046,2026-04-19 14:38:22,'3808855327718375885,复古豹纹波点褶皱高马尾香蕉夹小号后脑勺竖夹韩系显发量发夹,,,普通订单,0.01,0,0,1.98,0,0,0,0,0,0,0,0,-0.1,0,0,0,0,0,0,,0,义乌市於郝电子商务商行（个体工商户）,订单结算
2026-04-24 07:31:15,'2026042407311038174602640793,入账,3.44,聚合账户,货款结算入账,小店自卖,'6952157391846643056,'6952157391846643056,'SS76311973980810944510186,2026-04-17 21:54:20,'3811107700876640697,新品五角星发夹发扣韩国少女甜美甜酷侧边夹顶刘海前额固定夹子,,,普通订单,3.62,0,0,0,0,0,0,0,0,0,0,0,-0.18,0,0,0,0,0,0,否,0,义乌市於郝电子商务商行（个体工商户）,订单结算
2026-04-24 07:31:15,'2026042407311123741404310793,入账,2.95,聚合账户,货款结算入账,小店自卖,'6952180332056811385,'6952180332056811385,'SS76311746096515975780097,2026-04-18 14:44:01,'3809586825216000110,春夏撞色甜美蝴蝶结发夹女后脑勺抓夹2026新款气质大号盘发鸭嘴夹,,,普通订单,3.11,0,0,0,0,0,0,0,0,0,0,0,-0.16,0,0,0,0,0,0,否,0,义乌市於郝电子商务商行（个体工商户）,订单结算
2026-04-24 07:31:15,'2026042407311113101309870793,入账,3.32,聚合账户,货款结算入账,小店自卖,'6925696624959258299,'6925696624959258299,'SS76311790286590653900162,2026-04-19 11:29:56,'3808518913650721160,新款高级牡丹花流苏抓夹毛毛发夹后脑勺显发量大号鲨鱼头饰发夹,,,普通订单,3.5,0,0,0,0,0,0,0,0,0,0,0,-0.18,0,0,0,0,0,0,否,0,义乌市於郝电子商务商行（个体工商户）,订单结算
2026-04-24 07:31:17,'2026042407311408856540500793,入账,3.26,聚合账户,货款结算入账,小店自卖,'6952177156435613300,'6952177156435613300,'SS76311910551021330440250,2026-04-19 13:02:37,'3808518913650721160,新款高级牡丹花流苏抓夹毛毛发夹后脑勺显发量大号鲨鱼头饰发夹,,,普通订单,1.43,0,0,2,0,0,0,0,0,0,0,0,-0.17,0,0,0,0,0,0,,0,义乌市於郝电子商务商行（个体工商户）,订单结算
2026-04-24 07:31:17,'2026042407311423579571630793,入账,3.89,聚合账户,货款结算入账,巨量千川,'6925713084310125739,'6925713084310125739,'SS76311853432705359360206,2026-04-19 18:38:58,'3808855327718375885,复古豹纹波点褶皱高马尾香蕉夹小号后脑勺竖夹韩系显发量发夹,,,普通订单,0.01,0,0,4.08,0,0,0,0,0,0,0,0,-0.2,0,0,0,0,0,0,否,0,义乌市於郝电子商务商行（个体工商户）,订单结算
2026-04-24 07:31:17,'2026042407311339725839360793,入账,1.89,聚合账户,货款结算入账,巨量千川,'6952201522711828355,'6952201522711828355,'SS76311072583691968520107,2026-04-19 09:29:08,'3808855327718375885,复古豹纹波点褶皱高马尾香蕉夹小号后脑勺竖夹韩系显发量发夹,,,普通订单,0.01,0,0,1.98,0,0,0,0,0,0,0,0,-0.1,0,0,0,0,0,0,,0,义乌市於郝电子商务商行（个体工商户）,订单结算
2026-04-24 07:31:17,'2026042407311403947563520793,入账,2.74,聚合账户,货款结算入账,小店自卖,'6952057112193668486,'6952057112193668486,'SS76310492040554583560117,2026-04-14 19:46:45,'3810358465323467001,明星同款高颅顶圆形金属发扣刘海发夹女前额侧边夹仿水钻发卡头饰,,,普通订单,2.72,0,0,0.16,0,0,0,0,0,0,0,0,-0.14,0,0,0,0,0,0,,0,义乌市於郝电子商务商行（个体工商户）,订单结算
2026-04-24 07:31:18,'2026042407311406010806180793,入账,1.89,聚合账户,货款结算入账,小店自卖,'6925686584458837219,'6925686584458837219,'SS76311518244999869870133,2026-04-18 16:22:07,'3808855327718375885,复古豹纹波点褶皱高马尾香蕉夹小号后脑勺竖夹韩系显发量发夹,,,普通订单,0.01,0,0,1.98,0,0,0,0,0,0,0,0,-0.1,0,0,0,0,0,0,,0,义乌市於郝电子商务商行（个体工商户）,订单结算
2026-04-24 07:31:42,'2026042407314017844641340793,入账,1.89,聚合账户,货款结算入账,小店自卖,'6925708033292270806,'6925708033292270806,'SS76310594921798047060081,2026-04-19 11:07:50,'3808855327718375885,复古豹纹波点褶皱高马尾香蕉夹小号后脑勺竖夹韩系显发量发夹,,,普通订单,1.99,0,0,0,0,0,0,0,0,0,0,0,-0.1,0,0,0,0,0,0,否,0,义乌市於郝电子商务商行（个体工商户）,订单结算
2026-04-24 07:31:42,'2026042407314008813286670793,入账,3.15,聚合账户,货款结算入账,小店自卖,'6952134386492249345,'6952134386492249345,'SS76311788823055775140080,2026-04-17 08:37:52,'3808518913650721160,新款高级牡丹花流苏抓夹毛毛发夹后脑勺显发量大号鲨鱼头饰发夹,,,普通订单,3.32,0,0,0,0,0,0,0,0,0,0,0,-0.17,0,0,0,0,0,0,,0,义乌市於郝电子商务商行（个体工商户）,订单结算
2026-04-24 07:31:42,'2026042407313928671019940793,入账,7.84,聚合账户,货款结算入账,小店自卖,'6925608368305962235,'6925608368305962235,'SS76308726422810795930245,2026-04-14 23:51:51,'3811294538555850878,韩系复古大肠蕾丝发圈波点新款高级四层头发丸子马尾高级头绳发饰,,,普通订单,8.25,0,0,0,0,0,0,0,0,0,0,0,-0.41,0,0,0,0,0,0,,0,义乌市於郝电子商务商行（个体工商户）,订单结算
2026-04-24 07:31:42,'2026042407313939526571580793,入账,3.21,聚合账户,货款结算入账,小店自卖,'6925596368561601570,'6925596368561601570,'SS76311602040767493580219,2026-04-14 18:57:24,'3810358465323467001,明星同款高颅顶圆形金属发扣刘海发夹女前额侧边夹仿水钻发卡头饰,,,普通订单,0.38,0,0,3,0,0,0,0,0,0,0,0,-0.17,0,0,0,0,0,0,否,0,义乌市於郝电子商务商行（个体工商户）,订单结算
2026-04-24 07:59:15,'2026042407591135031949070793,出账,5.23,聚合账户,上门取件运费,,'6925704883142556767,'6925704883142556767,'147451518440209896,,,,,,普通订单,0,0,0,0,0,0,0,0,0,0,0,0,0,0,0,0,0,0,0,,0,义乌市於郝电子商务商行（个体工商户）,因商品存在品质问题，扣除商家相应金额进行运费赔付-订单6925704883142556767-售后单147451518440209896-运单YT2586357364295
2026-04-24 08:18:16,'2026042408181204627052020793,入账,0.1,聚合账户,退款-订单退款触发-退分账,小店自卖,'6951812969520043716,'6951812969520043716,'147456418342016407,2026-04-04 20:05:08,'3808518913650721160,新款高级牡丹花流苏抓夹毛毛发夹后脑勺显发量大号鲨鱼头饰发夹,,,普通订单,0,0,0,0,0,0,0,0,0,0,0,0,0.1,0,0,0,0,0,0,,0,义乌市於郝电子商务商行（个体工商户）,服务费返还
2026-04-24 08:18:16,'2026042408181108307020900793,出账,2,聚合账户,退款-结算后退款-退用户,小店自卖,'6951812969520043716,'6951812969520043716,'147456418342016407,2026-04-04 20:05:08,'3808518913650721160,新款高级牡丹花流苏抓夹毛毛发夹后脑勺显发量大号鲨鱼头饰发夹,,,普通订单,0,0,0,0,0,0,0,0,0,0,0,-2,0,0,0,0,0,0,0,,0,义乌市於郝电子商务商行（个体工商户）,已退款
2026-04-24 08:28:48,'2026042408284131807577980793,出账,1,聚合账户,小额打款,,'6925767600948805579,'6925767600948805579,,,,,,,普通订单,0,0,0,0,0,0,0,0,0,0,0,0,0,0,0,0,0,0,0,,0,义乌市於郝电子商务商行（个体工商户）,商家向消费者小额打款-“其他”
2026-04-24 09:00:22,'2026042409001630801431380793,出账,2,聚合账户,小额打款,,'6952077538313966729,'6952077538313966729,,,,,,,普通订单,0,0,0,0,0,0,0,0,0,0,0,0,0,0,0,0,0,0,0,,0,义乌市於郝电子商务商行（个体工商户）,商家向消费者小额打款-“其他”
2026-04-24 09:14:48,'2026042409144316541453150793,入账,3.19,聚合账户,货款结算入账,小店自卖,'6952019302605329964,'6952019302605329964,'SS76310169329230034320003,2026-04-13 11:38:54,'3813312917584085312,牡丹花羽毛流苏珠珠抓夹时尚新款发夹后脑勺氛围感气质优雅鲨鱼夹,,,普通订单,3.36,0,0,0,0,0,0,0,0,0,0,0,-0.17,0,0,0,0,0,0,否,0,义乌市於郝电子商务商行（个体工商户）,订单结算
2026-04-24 09:14:48,'2026042409144439848391830793,入账,3.14,聚合账户,货款结算入账,小店自卖,'6952069503043573234,'6952069503043573234,'SS76310661275311355230080,2026-04-14 11:38:56,'3808522822146457689,夏天简约随手盘发一字夹扭扭夹水钻抓夹高级发夹扭扭后脑勺盘发器,,,普通订单,3.31,0,0,0,0,0,0,0,0,0,0,0,-0.17,0,0,0,0,0,0,否,0,义乌市於郝电子商务商行（个体工商户）,订单结算
2026-04-24 09:14:48,'2026042409144341005222920793,入账,3.89,聚合账户,货款结算入账,小店自卖,'6925570346989288703,'6925570346989288703,'SS76310139578776297320106,2026-04-13 15:40:29,'3808855327718375885,复古豹纹褶皱中号香蕉夹高级感马尾扭扭夹后脑勺韩系显发量发卡,,,普通订单,1.09,0,0,3,0,0,0,0,0,0,0,0,-0.2,0,0,0,0,0,0,,0,义乌市於郝电子商务商行（个体工商户）,订单结算
2026-04-24 09:14:48,'2026042409144329746957320793,入账,3.19,聚合账户,货款结算入账,小店自卖,'6952053922800474072,'6952053922800474072,'SS76310151563618227610060,2026-04-14 01:02:59,'3808855327718375885,复古豹纹褶皱中号香蕉夹高级感马尾扭扭夹后脑勺韩系显发量发卡,,,普通订单,3.36,0,0,0,0,0,0,0,0,0,0,0,-0.17,0,0,0,0,0,0,否,0,义乌市於郝电子商务商行（个体工商户）,订单结算
2026-04-24 09:14:48,'2026042409144440097877000793,入账,2.71,聚合账户,货款结算入账,小店自卖,'6952049198094620115,'6952049198094620115,'SS76311396909213458260241,2026-04-14 00:09:55,'3809214874429555055,【LOVEIXCC】新款法式网红发箍发卡宽边复古秋冬头饰百搭高级盘发器,,,普通订单,2.85,0,0,0,0,0,0,0,0,0,0,0,-0.14,0,0,0,0,0,0,否,0,义乌市於郝电子商务商行（个体工商户）,订单结算
2026-04-24 09:14:48,'2026042409144333938806110793,入账,1.89,聚合账户,货款结算入账,小店自卖,'6952037775026100014,'6952037775026100014,'SS76310145149259128420249,2026-04-13 21:04:18,'3808855327718375885,复古豹纹褶皱中号香蕉夹高级感马尾扭扭夹后脑勺韩系显发量发卡,,,普通订单,0.01,0,0,1.98,0,0,0,0,0,0,0,0,-0.1,0,0,0,0,0,0,否,0,义乌市於郝电子商务商行（个体工商户）,订单结算
2026-04-24 09:14:49,'2026042409144435867036680793,入账,2.96,聚合账户,货款结算入账,小店自卖,'6925583967316770191,'6925583967316770191,'SS76310281373552156560134,2026-04-13 19:36:20,'3810166293504590011,可爱毛绒玩偶立体可爱小黄鸡鸭嘴发夹发绳发圈发卡皮筋学生头饰品,,,普通订单,0.01,0,0,3.11,0,0,0,0,0,0,0,0,-0.16,0,0,0,0,0,0,否,0,义乌市於郝电子商务商行（个体工商户）,订单结算
2026-04-24 09:14:49,'2026042409144418375810920793,入账,4.33,聚合账户,货款结算入账,小店自卖,'6952038190111724832,'6952038190111724832,'SS76310281393013273660097,2026-04-14 02:37:39,'3811107016030683631,森系干枯山茶花朵7cm小抓夹 百搭气质发夹女后脑勺超仙鲨夹发饰,,,普通订单,4.56,0,0,0,0,0,0,0,0,0,0,0,-0.23,0,0,0,0,0,0,否,0,义乌市於郝电子商务商行（个体工商户）,订单结算
2026-04-24 09:14:49,'2026042409144633319982460793,入账,4.01,聚合账户,货款结算入账,小店自卖,'6952040137540704201,'6952040137540704201,'SS76310687426715819670187,2026-04-13 21:02:47,'3811651203201368491,2026新款丸子头高级感马尾气质花朵抓夹温柔气质百搭网纱简约优雅,,,普通订单,0.16,0,0,4.06,0,0,0,0,0,0,0,0,-0.21,0,0,0,0,0,0,,0,义乌市於郝电子商务商行（个体工商户）,订单结算
2026-04-24 09:14:49,'2026042409144411463439710793,入账,3.32,聚合账户,货款结算入账,小店自卖,'6925577617917116111,'6925577617917116111,'SS76310689190587274870217,2026-04-13 21:33:59,'3808495345068016463,2026新款玫瑰双面花朵抓夹女新中式后脑勺盘发发夹鲨鱼夹头饰百搭,,,普通订单,0.49,0,0,3.01,0,0,0,0,0,0,0,0,-0.18,0,0,0,0,0,0,,0,义乌市於郝电子商务商行（个体工商户）,订单结算
2026-04-24 09:14:49,'2026042409144439278676570793,入账,1.89,聚合账户,货款结算入账,小店自卖,'6952064828724942279,'6952064828724942279,'SS76310150022368960360125,2026-04-14 08:54:16,'3808855327718375885,复古豹纹褶皱中号香蕉夹高级感马尾扭扭夹后脑勺韩系显发量发卡,,,普通订单,0.01,0,0,1.98,0,0,0,0,0,0,0,0,-0.1,0,0,0,0,0,0,否,0,义乌市於郝电子商务商行（个体工商户）,订单结算
2026-04-24 09:14:49,'2026042409144538420977270793,入账,1.89,聚合账户,货款结算入账,巨量千川,'6952055334160242448,'6952055334160242448,'SS76310137441539366740153,2026-04-13 18:26:35,'3808855327718375885,复古豹纹褶皱中号香蕉夹高级感马尾扭扭夹后脑勺韩系显发量发卡,,,普通订单,0.01,0,0,1.98,0,0,0,0,0,0,0,0,-0.1,0,0,0,0,0,0,否,0,义乌市於郝电子商务商行（个体工商户）,订单结算
2026-04-24 09:14:49,'2026042409144416831493520793,入账,3.08,聚合账户,货款结算入账,小店自卖,'6925598013639785937,'6925598013639785937,'SS76311141105968952410140,2026-04-14 14:51:50,'3811282248515322341,可爱小黄鸡小猪发圈学生风萌系扎发神器黑色发绳扎头发皮筋卖头饰,,,普通订单,0.01,0,0,3.23,0,0,0,0,0,0,0,0,-0.16,0,0,0,0,0,0,否,0,义乌市於郝电子商务商行（个体工商户）,订单结算
2026-04-24 09:14:49,'2026042409144327252659540793,入账,2.82,聚合账户,货款结算入账,小店自卖,'6925540675944480671,'6925540675944480671,'SS76311089048768028260186,2026-04-12 22:38:49,'3810188099170992450,可以抓住任意发量的超能抓!鲨鱼夹大号发量多发夹后脑勺盘发抓夹,,,普通订单,0.01,0,0,2.96,0,0,0,0,0,0,0,0,-0.15,0,0,0,0,0,0,,0,义乌市於郝电子商务商行（个体工商户）,订单结算
2026-04-24 09:14:49,'2026042409144433647170910793,入账,1.89,聚合账户,货款结算入账,小店自卖,'6952026222777013605,'6952026222777013605,'SS76310141849316232080022,2026-04-13 16:09:31,'3808855327718375885,复古豹纹褶皱中号香蕉夹高级感马尾扭扭夹后脑勺韩系显发量发卡,,,普通订单,1.99,0,0,0,0,0,0,0,0,0,0,0,-0.1,0,0,0,0,0,0,否,0,义乌市於郝电子商务商行（个体工商户）,订单结算
2026-04-24 09:14:49,'2026042409144616652252260793,入账,3.32,聚合账户,货款结算入账,小店自卖,'6952026572856694072,'6952026572856694072,'SS76310172228194964840147,2026-04-13 19:35:30,'3808518913650721160,新款高级牡丹花流苏抓夹毛毛发夹后脑勺显发量大号鲨鱼头饰发夹,,,普通订单,3.5,0,0,0,0,0,0,0,0,0,0,0,-0.18,0,0,0,0,0,0,否,0,义乌市於郝电子商务商行（个体工商户）,订单结算
2026-04-24 09:14:49,'2026042409144535282951780793,入账,1.89,聚合账户,货款结算入账,小店自卖,'6952055523235337362,'6952055523235337362,'SS76310145008721638900248,2026-04-13 20:40:14,'3808855327718375885,复古豹纹褶皱中号香蕉夹高级感马尾扭扭夹后脑勺韩系显发量发卡,,,普通订单,0.01,0,0,1.98,0,0,0,0,0,0,0,0,-0.1,0,0,0,0,0,0,否,0,义乌市於郝电子商务商行（个体工商户）,订单结算
2026-04-24 09:14:49,'2026042409144439853307030793,入账,4.77,聚合账户,货款结算入账,小店自卖,'6925562177917386481,'6925562177917386481,'SS76311393772676554390022,2026-04-13 15:45:06,'3808826072573804729,迷你小号无痕鸭嘴夹抓夹小夹子精致蝴蝶结碎发夹刘海夹高级感发卡,,,普通订单,5.02,0,0,0,0,0,0,0,0,0,0,0,-0.25,0,0,0,0,0,0,否,0,义乌市於郝电子商务商行（个体工商户）,订单结算
2026-04-24 09:14:49,'2026042409144531167290980793,入账,2.36,聚合账户,货款结算入账,小店自卖,'6952046171907298991,'6952046171907298991,'SS76310281013885711620019,2026-04-13 14:45:49,'3811651203201368491,2026新款丸子头高级感马尾气质花朵抓夹温柔气质百搭网纱简约优雅,,,普通订单,0.01,0,0,2.47,0,0,0,0,0,0,0,0,-0.12,0,0,0,0,0,0,,0,义乌市於郝电子商务商行（个体工商户）,订单结算
2026-04-24 09:14:49,'2026042409144527275430740793,入账,6.15,聚合账户,货款结算入账,小店自卖,'6925689260051431300,'6925689260051431300,'SS76309965676629243140223,2026-04-18 18:46:32,'3808509441058406492,新款扭扭麻花发箍女简约高颅顶带齿防滑洗脸头箍发卡高级感民族风,,,普通订单,6.47,0,0,0,0,0,0,0,0,0,0,0,-0.32,0,0,0,0,0,0,否,0,义乌市於郝电子商务商行（个体工商户）,订单结算
2026-04-24 09:14:49,'2026042409144413519915860793,入账,1.89,聚合账户,货款结算入账,小店自卖,'6925575679013518801,'6925575679013518801,'SS76310152597005644890143,2026-04-13 23:59:34,'3808855327718375885,复古豹纹褶皱中号香蕉夹高级感马尾扭扭夹后脑勺韩系显发量发卡,,,普通订单,0.01,0,0,1.98,0,0,0,0,0,0,0,0,-0.1,0,0,0,0,0,0,否,0,义乌市於郝电子商务商行（个体工商户）,订单结算
2026-04-24 09:14:49,'2026042409144414944509900793,入账,3.89,聚合账户,货款结算入账,小店自卖,'6952047857180808616,'6952047857180808616,'SS76310997563454103460140,2026-04-14 14:18:35,'3808855327718375885,复古豹纹褶皱中号香蕉夹高级感马尾扭扭夹后脑勺韩系显发量发卡,,,普通订单,1.09,0,0,3,0,0,0,0,0,0,0,0,-0.2,0,0,0,0,0,0,,0,义乌市於郝电子商务商行（个体工商户）,订单结算
2026-04-24 09:14:49,'2026042409144508618357760793,入账,1.89,聚合账户,货款结算入账,巨量千川,'6925670159951690844,'6925670159951690844,'SS76311140031122970120199,2026-04-17 21:24:06,'3808855327718375885,复古豹纹波点褶皱高马尾香蕉夹小号后脑勺竖夹韩系显发量发夹,,,普通订单,0.01,0,0,1.98,0,0,0,0,0,0,0,0,-0.1,0,0,0,0,0,0,否,0,义乌市於郝电子商务商行（个体工商户）,订单结算
2026-04-24 09:14:49,'2026042409144505874977280793,入账,3.19,聚合账户,货款结算入账,小店自卖,'6925568895907102238,'6925568895907102238,'SS76310141099464461070202,2026-04-13 23:49:40,'3808855327718375885,复古豹纹褶皱中号香蕉夹高级感马尾扭扭夹后脑勺韩系显发量发卡,,,普通订单,0.36,0,0,3,0,0,0,0,0,0,0,0,-0.17,0,0,0,0,0,0,,0,义乌市於郝电子商务商行（个体工商户）,订单结算
2026-04-24 09:14:49,'2026042409144519342625370793,入账,3.91,聚合账户,货款结算入账,小店自卖,'6951927652766193631,'6951927652766193631,'SS76311097206566917540023,2026-04-08 19:47:48,'3808855327718375885,复古豹纹褶皱中号香蕉夹高级感马尾扭扭夹后脑勺韩系显发量发卡,,,普通订单,4.12,1,0,0,0,0,0,0,0,0,0,0,-0.21,0,0,0,0,0,0,否,0,义乌市於郝电子商务商行（个体工商户）,订单结算
2026-04-24 09:14:49,'2026042409144417163067400793,入账,3.27,聚合账户,货款结算入账,小店自卖,'6925573728358727352,'6925573728358727352,'SS76310281176756063070189,2026-04-13 22:53:07,'3811282248515322341,可爱小黄鸡小猪发圈学生风萌系扎发神器黑色发绳扎头发皮筋卖头饰,,,普通订单,0.01,0,0,3.43,0,0,0,0,0,0,0,0,-0.17,0,0,0,0,0,0,否,0,义乌市於郝电子商务商行（个体工商户）,订单结算
2026-04-24 09:14:49,'2026042409144511514352640793,入账,1.89,聚合账户,货款结算入账,小店自卖,'6952046462111650996,'6952046462111650996,'SS76310141965291730300067,2026-04-13 16:45:10,'3808855327718375885,复古豹纹褶皱中号香蕉夹高级感马尾扭扭夹后脑勺韩系显发量发卡,,,普通订单,1.99,0,0,0,0,0,0,0,0,0,0,0,-0.1,0,0,0,0,0,0,否,0,义乌市於郝电子商务商行（个体工商户）,订单结算
2026-04-24 09:14:49,'2026042409144506508382720793,入账,3.23,聚合账户,货款结算入账,小店自卖,'6925589043858996599,'6925589043858996599,'SS76311103477889769300186,2026-04-14 11:59:37,'3809582948789911821,柔软泡泡纱头绳女韩国粉色碎花大肠发圈高级仙气慵懒头绳发饰超大,,,普通订单,0.4,0,0,3,0,0,0,0,0,0,0,0,-0.17,0,0,0,0,0,0,,0,义乌市於郝电子商务商行（个体工商户）,订单结算
2026-04-24 09:14:49,'2026042409144418469358480793,入账,3.15,聚合账户,货款结算入账,小店自卖,'6952156211698341776,'6952156211698341776,'SS76310271760748388340086,2026-04-18 10:42:53,'3808518913650721160,新款高级牡丹花流苏抓夹毛毛发夹后脑勺显发量大号鲨鱼头饰发夹,,,普通订单,2.33,0,0,0.99,0,0,0,0,0,0,0,0,-0.17,0,0,0,0,0,0,,0,义乌市於郝电子商务商行（个体工商户）,订单结算
2026-04-24 09:14:49,'2026042409144430247531670793,入账,1.89,聚合账户,货款结算入账,小店自卖,'6925577148746268270,'6925577148746268270,'SS76310152858025989500216,2026-04-13 17:48:25,'3808855327718375885,复古豹纹褶皱中号香蕉夹高级感马尾扭扭夹后脑勺韩系显发量发卡,,,普通订单,0.01,0,0,1.98,0,0,0,0,0,0,0,0,-0.1,0,0,0,0,0,0,否,0,义乌市於郝电子商务商行（个体工商户）,订单结算
2026-04-24 09:14:49,'2026042409144505668052900793,入账,1.89,聚合账户,货款结算入账,小店自卖,'6952055882432845226,'6952055882432845226,'SS76310137571283809540215,2026-04-14 00:10:23,'3808855327718375885,复古豹纹褶皱中号香蕉夹高级感马尾扭扭夹后脑勺韩系显发量发卡,,,普通订单,0.01,0,0,1.98,0,0,0,0,0,0,0,0,-0.1,0,0,0,0,0,0,否,0,义乌市於郝电子商务商行（个体工商户）,订单结算
2026-04-24 09:14:49,'2026042409144329978467840793,入账,3.89,聚合账户,货款结算入账,小店自卖,'6925568657090772009,'6925568657090772009,'SS76310140790540866940184,2026-04-13 22:25:15,'3808855327718375885,复古豹纹褶皱中号香蕉夹高级感马尾扭扭夹后脑勺韩系显发量发卡,,,普通订单,1.09,0,0,3,0,0,0,0,0,0,0,0,-0.2,0,0,0,0,0,0,,0,义乌市於郝电子商务商行（个体工商户）,订单结算
2026-04-24 09:14:49,'2026042409144602351767130793,入账,1.45,聚合账户,货款结算入账,小店自卖,'6951965350834476510,'6951965350834476510,'SS76311475388877911670188,2026-04-10 07:42:59,'3808855327718375885,复古豹纹褶皱中号香蕉夹高级感马尾扭扭夹后脑勺韩系显发量发卡,,,普通订单,0.33,0,0,1.2,0,0,0,0,0,0,0,0,-0.08,0,0,0,0,0,0,否,0,义乌市於郝电子商务商行（个体工商户）,订单结算
2026-04-24 09:14:49,'2026042409144620562255620793,入账,5.79,聚合账户,货款结算入账,小店自卖,'6952204743880742167,'6952204743880742167,'SS76312187486781284270152,2026-04-19 22:02:34,'3809586825216000110,春夏撞色甜美蝴蝶结发夹女后脑勺抓夹2026新款气质大号盘发鸭嘴夹,,,普通订单,6.09,0,0,0,0,0,0,0,0,0,0,0,-0.3,0,0,0,0,0,0,,0,义乌市於郝电子商务商行（个体工商户）,订单结算
2026-04-24 09:14:49,'2026042409144622639457370793,入账,1.89,聚合账户,货款结算入账,小店自卖,'6952056452143323025,'6952056452143323025,'SS76311387978456601950046,2026-04-14 11:37:35,'3808855327718375885,复古豹纹褶皱中号香蕉夹高级感马尾扭扭夹后脑勺韩系显发量发卡,,,普通订单,1.99,0,0,0,0,0,0,0,0,0,0,0,-0.1,0,0,0,0,0,0,否,0,义乌市於郝电子商务商行（个体工商户）,订单结算
2026-04-24 09:14:49,'2026042409144341007352840793,入账,5.59,聚合账户,货款结算入账,小店自卖,'6925697630430527170,'6925697630430527170,'SS76312079465546061340177,2026-04-18 20:00:18,'3808487772956787051,可爱卡通苹果无痕魔术贴甜美少女心侧边碎发刘海贴圣诞节卡通发饰,,,普通订单,2.02,0,0,3.86,0,0,0,0,0,0,0,0,-0.29,0,0,0,0,0,0,,0,义乌市於郝电子商务商行（个体工商户）,订单结算
2026-04-24 09:14:49,'2026042409144538252879450793,入账,3.19,聚合账户,货款结算入账,小店自卖,'6952057515562833299,'6952057515562833299,'SS76310152373090104840150,2026-04-13 20:16:26,'3808855327718375885,复古豹纹褶皱中号香蕉夹高级感马尾扭扭夹后脑勺韩系显发量发卡,,,普通订单,3.36,0,0,0,0,0,0,0,0,0,0,0,-0.17,0,0,0,0,0,0,否,0,义乌市於郝电子商务商行（个体工商户）,订单结算
2026-04-24 09:14:49,'2026042409144620054515710793,入账,2.8,聚合账户,货款结算入账,小店自卖,'6952062394716918792,'6952062394716918792,'SS76310159770712192190229,2026-04-14 00:19:38,'3809599445994176839,春日超仙韩系碎花蕾丝大肠发圈女甜美感丸子头慵懒风超大发饰头绳,,,普通订单,0.01,0,0,2.94,0,0,0,0,0,0,0,0,-0.15,0,0,0,0,0,0,,0,义乌市於郝电子商务商行（个体工商户）,订单结算
2026-04-24 09:14:50,'2026042409144727994731860793,入账,4.62,聚合账户,货款结算入账,小店自卖,'6925683170046868794,'6925683170046868794,'SS76309982748878113540061,2026-04-17 22:31:58,'3809438133272051839,韩版新款格纹蝴蝶结香蕉夹复古少女中号马尾夹百搭扭扭发卡抓夹,,,普通订单,4.86,0,0,0,0,0,0,0,0,0,0,0,-0.24,0,0,0,0,0,0,否,0,义乌市於郝电子商务商行（个体工商户）,订单结算
2026-04-24 09:14:50,'2026042409144600465144670793,入账,3,聚合账户,货款结算入账,小店自卖,'6925573953087634841,'6925573953087634841,'SS76311574505737915290045,2026-04-14 00:48:08,'3813312917584085312,牡丹花羽毛流苏珠珠抓夹时尚新款发夹后脑勺氛围感气质优雅鲨鱼夹,,,普通订单,3.16,0,0,0,0,0,0,0,0,0,0,0,-0.16,0,0,0,0,0,0,否,0,义乌市於郝电子商务商行（个体工商户）,订单结算
2026-04-24 09:14:50,'2026042409144600177935900793,入账,3.23,聚合账户,货款结算入账,小店自卖,'6952056056406742081,'6952056056406742081,'SS76310168441751805540040,2026-04-14 07:20:33,'3808518913650721160,新款高级牡丹花流苏抓夹毛毛发夹后脑勺显发量大号鲨鱼头饰发夹,,,普通订单,3.4,0,0,0,0,0,0,0,0,0,0,0,-0.17,0,0,0,0,0,0,否,0,义乌市於郝电子商务商行（个体工商户）,订单结算
2026-04-24 09:14:50,'2026042409144717491894280793,入账,3.19,聚合账户,货款结算入账,小店自卖,'6925579981708492421,'6925579981708492421,'SS76310151343917635190065,2026-04-13 22:24:10,'3808855327718375885,复古豹纹褶皱中号香蕉夹高级感马尾扭扭夹后脑勺韩系显发量发卡,,,普通订单,3.36,0,0,0,0,0,0,0,0,0,0,0,-0.17,0,0,0,0,0,0,否,0,义乌市於郝电子商务商行（个体工商户）,订单结算
2026-04-24 09:14:50,'2026042409144507029601700793,入账,2.69,聚合账户,货款结算入账,小店自卖,'6952047057926952168,'6952047057926952168,'SS76311393650619189850164,2026-04-13 23:19:00,'3808826072573804729,迷你小号无痕鸭嘴夹抓夹小夹子精致蝴蝶结碎发夹刘海夹高级感发卡,,,普通订单,0.01,0,0,2.82,0,0,0,0,0,0,0,0,-0.14,0,0,0,0,0,0,,0,义乌市於郝电子商务商行（个体工商户）,订单结算
2026-04-24 09:14:50,'2026042409144632027448320793,入账,3.66,聚合账户,货款结算入账,小店自卖,'6925577058522922361,'6925577058522922361,'SS76310176516963049380114,2026-04-13 17:00:52,'3812203542429696436,甜美kitty刘海贴头饰可爱少女棉花糖猫碎发贴魔术贴无痕发饰,,,普通订单,3.85,0,0,0,0,0,0,0,0,0,0,0,-0.19,0,0,0,0,0,0,否,0,义乌市於郝电子商务商行（个体工商户）,订单结算
2026-04-24 09:14:50,'2026042409144719713231790793,入账,1.89,聚合账户,货款结算入账,小店自卖,'6952040258930545850,'6952040258930545850,'SS76310147015827994110057,2026-04-13 22:20:57,'3808855327718375885,复古豹纹褶皱中号香蕉夹高级感马尾扭扭夹后脑勺韩系显发量发卡,,,普通订单,0.01,0,0,1.98,0,0,0,0,0,0,0,0,-0.1,0,0,0,0,0,0,否,0,义乌市於郝电子商务商行（个体工商户）,订单结算
2026-04-24 09:14:50,'2026042409144514481820680793,入账,3.23,聚合账户,货款结算入账,小店自卖,'6951937279635887345,'6951937279635887345,'SS76311098965714378240146,2026-04-09 06:58:17,'3808518913650721160,新款高级牡丹花流苏抓夹毛毛发夹后脑勺显发量大号鲨鱼头饰发夹,,,普通订单,3.4,0,0,0,0,0,0,0,0,0,0,0,-0.17,0,0,0,0,0,0,否,0,义乌市於郝电子商务商行（个体工商户）,订单结算
2026-04-24 09:14:50,'2026042409144506653425150793,入账,3.89,聚合账户,货款结算入账,小店自卖,'6952055837282145799,'6952055837282145799,'SS76310140617499325840206,2026-04-13 22:54:36,'3808855327718375885,复古豹纹褶皱中号香蕉夹高级感马尾扭扭夹后脑勺韩系显发量发卡,,,普通订单,4.09,0,0,0,0,0,0,0,0,0,0,0,-0.2,0,0,0,0,0,0,否,0,义乌市於郝电子商务商行（个体工商户）,订单结算
2026-04-24 09:14:50,'2026042409144704911111940793,入账,1.89,聚合账户,货款结算入账,小店自卖,'6952055923607475807,'6952055923607475807,'SS76310148921530987940064,2026-04-14 00:20:09,'3808855327718375885,复古豹纹褶皱中号香蕉夹高级感马尾扭扭夹后脑勺韩系显发量发卡,,,普通订单,0.01,0,0,1.98,0,0,0,0,0,0,0,0,-0.1,0,0,0,0,0,0,否,0,义乌市於郝电子商务商行（个体工商户）,订单结算
2026-04-24 09:14:50,'2026042409144519346726920793,入账,4.62,聚合账户,货款结算入账,小店自卖,'6925565908487404902,'6925565908487404902,'SS76310167004065636360005,2026-04-13 19:42:01,'3808515754769383695,2026新款高级牡丹花流苏抓夹毛毛发夹后脑勺显发量大号鲨鱼夹头饰,,,普通订单,4.86,0,0,0,0,0,0,0,0,0,0,0,-0.24,0,0,0,0,0,0,,0,义乌市於郝电子商务商行（个体工商户）,订单结算
2026-04-24 09:14:50,'2026042409144729658649870793,入账,1.89,聚合账户,货款结算入账,小店自卖,'6952039913486882217,'6952039913486882217,'SS76310143340088366500100,2026-04-13 18:54:32,'3808855327718375885,复古豹纹褶皱中号香蕉夹高级感马尾扭扭夹后脑勺韩系显发量发卡,,,普通订单,1.99,0,0,0,0,0,0,0,0,0,0,0,-0.1,0,0,0,0,0,0,否,0,义乌市於郝电子商务商行（个体工商户）,订单结算
2026-04-24 09:14:50,'2026042409144602349795990793,入账,3.15,聚合账户,货款结算入账,小店自卖,'6925577540566154679,'6925577540566154679,'SS76310166472892091390113,2026-04-13 21:04:59,'3808518913650721160,新款高级牡丹花流苏抓夹毛毛发夹后脑勺显发量大号鲨鱼头饰发夹,,,普通订单,3.32,0,0,0,0,0,0,0,0,0,0,0,-0.17,0,0,0,0,0,0,否,0,义乌市於郝电子商务商行（个体工商户）,订单结算
2026-04-24 09:14:50,'2026042409144417292211550793,入账,1.89,聚合账户,货款结算入账,小店自卖,'6925648099487022921,'6925648099487022921,'SS76311836247013831680098,2026-04-16 17:38:20,'3812736213081784671,韩系ins风高马尾香蕉夹竖夹女2026新款高级感发夹简约复古发饰,,,普通订单,1.99,0,0,0,0,0,0,0,0,0,0,0,-0.1,0,0,0,0,0,0,否,0,义乌市於郝电子商务商行（个体工商户）,订单结算
2026-04-24 09:14:50,'2026042409144614767071100793,入账,4.94,聚合账户,货款结算入账,小店自卖,'6952179143823136145,'6952179143823136145,'SS76312260154608399450120,2026-04-19 12:37:08,'3811282248515322341,可爱小黄鸡小猪发圈学生风萌系扎发神器黑色发绳扎头发皮筋卖头饰,,,普通订单,2.2,0,0,3,0,0,0,0,0,0,0,0,-0.26,0,0,0,0,0,0,否,0,义乌市於郝电子商务商行（个体工商户）,订单结算
2026-04-24 09:14:50,'2026042409144641782807560793,入账,3.89,聚合账户,货款结算入账,小店自卖,'6925584445175266562,'6925584445175266562,'SS76310140735423777680115,2026-04-13 22:38:18,'3808855327718375885,复古豹纹褶皱中号香蕉夹高级感马尾扭扭夹后脑勺韩系显发量发卡,,,普通订单,3.93,0,0,0,0,0,0,0,0.16,0,0,0,-0.2,0,0,0,0,0,0,否,0,义乌市於郝电子商务商行（个体工商户）,订单结算
2026-04-24 09:14:50,'2026042409144513434227720793,入账,3.32,聚合账户,货款结算入账,小店自卖,'6925564084838563053,'6925564084838563053,'SS76310172387918034440197,2026-04-13 21:42:30,'3808515754769383695,2026新款高级牡丹花流苏抓夹毛毛发夹后脑勺显发量大号鲨鱼夹头饰,,,普通订单,3.5,0,0,0,0,0,0,0,0,0,0,0,-0.18,0,0,0,0,0,0,否,0,义乌市於郝电子商务商行（个体工商户）,订单结算
2026-04-24 09:14:50,'2026042409144612644562070793,入账,2.72,聚合账户,货款结算入账,小店自卖,'6925500066267102771,'6925500066267102771,'SS76311398112480136040126,2026-04-11 00:06:24,'3808515754769383695,2026新款高级牡丹花流苏抓夹毛毛发夹后脑勺显发量大号鲨鱼夹头饰,,,普通订单,0.01,0,0,2.85,0,0,0,0,0,0,0,0,-0.14,0,0,0,0,0,0,,0,义乌市於郝电子商务商行（个体工商户）,订单结算
2026-04-24 09:14:50,'2026042409144623492040060793,入账,4.14,聚合账户,货款结算入账,小店自卖,'6952069681384920437,'6952069681384920437,'SS76311367581637020160129,2026-04-14 13:54:49,'3811460006382010734,简约几何波浪珍珠抓夹女2026新款后脑勺发夹鲨鱼夹子大号发量发饰,,,普通订单,4.36,1,0,0,0,0,0,0,0,0,0,0,-0.22,0,0,0,0,0,0,否,0,义乌市於郝电子商务商行（个体工商户）,订单结算
2026-04-24 09:14:50,'2026042409144508361579520793,入账,5.29,聚合账户,货款结算入账,小店自卖,'6925572652457229795,'6925572652457164259,'SS76311141598827525620019,2026-04-13 16:14:50,'3809987730130206991,2026新款珍珠精致感百搭一字夹后脑勺高级感扭扭夹大号发量多发卡,,,普通订单,5.57,0,0,0,0,0,0,0,0,0,0,0,-0.28,0,0,0,0,0,0,,0,义乌市於郝电子商务商行（个体工商户）,订单结算
2026-04-24 09:14:50,'2026042409144501832269180793,入账,6.82,聚合账户,货款结算入账,小店自卖,'6952058015900046350,'6952058015900046350,'SS76311136208690263460041,2026-04-14 02:10:35,'3809608072410824827,气质抓夹大号发量多2026新款简约发夹女后脑勺鲨鱼夹高级感头饰,,,普通订单,6.3,0,0,0.88,0,0,0,0,0,0,0,0,-0.36,0,0,0,0,0,0,否,0,义乌市於郝电子商务商行（个体工商户）,订单结算
2026-04-24 09:14:51,'2026042409144620433188260793,入账,3.7,聚合账户,货款结算入账,小店自卖,'6952060177220637890,'6952060177220375746,'SS76310164233623964660026,2026-04-13 22:19:17,'3809438133272051839,韩版新款格纹蝴蝶结香蕉夹复古少女中号马尾夹百搭扭扭发卡抓夹,,,普通订单,2.59,0,0,1.3,0,0,0,0,0,0,0,0,-0.19,0,0,0,0,0,0,否,0,义乌市於郝电子商务商行（个体工商户）,订单结算
2026-04-24 09:14:51,'2026042409144620261770590793,入账,4.03,聚合账户,货款结算入账,小店自卖,'6952124803503363410,'6952124803503363410,'SS76311838817900999680201,2026-04-16 20:58:17,'3811282248515322341,可爱小黄鸡小猪发圈学生风萌系扎发神器黑色发绳扎头发皮筋卖头饰,,,普通订单,4.24,0,0,0,0,0,0,0,0,0,0,0,-0.21,0,0,0,0,0,0,否,0,义乌市於郝电子商务商行（个体工商户）,订单结算
2026-04-24 09:14:51,'2026042409144604159250330793,入账,3.91,聚合账户,货款结算入账,小店自卖,'6952037794827474443,'6952037794827474443,'SS76311018865063244800185,2026-04-13 21:30:09,'3808509441058406492,新款扭扭麻花发箍女简约高颅顶带齿防滑洗脸头箍发卡高级感民族风,,,普通订单,4.12,0,0,0,0,0,0,0,0,0,0,0,-0.21,0,0,0,0,0,0,,0,义乌市於郝电子商务商行（个体工商户）,订单结算
2026-04-24 09:14:51,'2026042409144517840704360793,入账,5.68,聚合账户,货款结算入账,小店自卖,'6952163795336828440,'6952163795336828440,'SS76311224944386913280220,2026-04-17 20:22:24,'3811282248515322341,可爱小黄鸡小猪发圈学生风萌系扎发神器黑色发绳扎头发皮筋卖头饰,,,普通订单,2.98,0,0,3,0,0,0,0,0,0,0,0,-0.3,0,0,0,0,0,0,,0,义乌市於郝电子商务商行（个体工商户）,订单结算
2026-04-24 09:14:51,'2026042409144817663762070793,入账,3.26,聚合账户,货款结算入账,小店自卖,'6925645270755409439,'6925645270755409439,'SS76310394273786148180073,2026-04-16 12:26:46,'3808518913650721160,新款高级牡丹花流苏抓夹毛毛发夹后脑勺显发量大号鲨鱼头饰发夹,,,普通订单,2.41,0,0,1.02,0,0,0,0,0,0,0,0,-0.17,0,0,0,0,0,0,,0,义乌市於郝电子商务商行（个体工商户）,订单结算
2026-04-24 09:14:51,'2026042409144618883548500793,入账,4.86,聚合账户,货款结算入账,小店自卖,'6925619323333737479,'6925619323333737479,'SS76311813863093051400015,2026-04-15 13:20:53,'3811460006382010734,简约几何波浪珍珠抓夹女2026新款后脑勺发夹鲨鱼夹子大号发量发饰,,,普通订单,5.12,0,0,0,0,0,0,0,0,0,0,0,-0.26,0,0,0,0,0,0,否,0,义乌市於郝电子商务商行（个体工商户）,订单结算
2026-04-24 09:14:51,'2026042409144802399114500793,入账,3.89,聚合账户,货款结算入账,小店自卖,'6952053634981959531,'6952053634981959531,'SS76310140538769088190071,2026-04-13 21:28:50,'3808855327718375885,复古豹纹褶皱中号香蕉夹高级感马尾扭扭夹后脑勺韩系显发量发卡,,,普通订单,4.09,0,0,0,0,0,0,0,0,0,0,0,-0.2,0,0,0,0,0,0,否,0,义乌市於郝电子商务商行（个体工商户）,订单结算
2026-04-24 09:14:51,'2026042409144613179128840793,入账,4.62,聚合账户,货款结算入账,小店自卖,'6925648698916831088,'6925648698916831088,'SS76311729307595617700158,2026-04-16 21:57:46,'3808518913650721160,新款高级牡丹花流苏抓夹毛毛发夹后脑勺显发量大号鲨鱼头饰发夹,,,普通订单,4.86,0,0,0,0,0,0,0,0,0,0,0,-0.24,0,0,0,0,0,0,否,0,义乌市於郝电子商务商行（个体工商户）,订单结算
2026-04-24 09:14:51,'2026042409144727811066940793,入账,1.71,聚合账户,货款结算入账,小店自卖,'6951920594668426547,'6951920594668426547,'SS76310057787325649920024,2026-04-08 15:24:58,'3808855327718375885,复古豹纹褶皱中号香蕉夹高级感马尾扭扭夹后脑勺韩系显发量发卡,,,普通订单,1.8,0,0,0,0,0,0,0,0,0,0,0,-0.09,0,0,0,0,0,0,否,0,义乌市於郝电子商务商行（个体工商户）,订单结算
2026-04-24 09:14:51,'2026042409144714869629950793,入账,6.17,聚合账户,货款结算入账,小店自卖,'6952069352196412808,'6952069352196412808,'SS76310705850676352090063,2026-04-14 09:50:41,'3808509441058406492,新款扭扭麻花发箍女简约高颅顶带齿防滑洗脸头箍发卡高级感民族风,,,普通订单,6.5,0,0,0,0,0,0,0,0,0,0,0,-0.33,0,0,0,0,0,0,否,0,义乌市於郝电子商务商行（个体工商户）,订单结算
2026-04-24 09:14:51,'2026042409144710037010070793,入账,3.19,聚合账户,货款结算入账,巨量千川,'6925577263966879592,'6925577263966879592,'SS76310138364060186060054,2026-04-13 18:57:13,'3808855327718375885,复古豹纹褶皱中号香蕉夹高级感马尾扭扭夹后脑勺韩系显发量发卡,,,普通订单,0.36,0,0,3,0,0,0,0,0,0,0,0,-0.17,0,0,0,0,0,0,,0,义乌市於郝电子商务商行（个体工商户）,订单结算
2026-04-24 09:14:51,'2026042409144724347778710793,入账,3.23,聚合账户,货款结算入账,巨量千川,'6952105406069871748,'6952105406069871748,'SS76311691545990436100053,2026-04-15 23:00:17,'3808518913650721160,新款高级牡丹花流苏抓夹毛毛发夹后脑勺显发量大号鲨鱼头饰发夹,,,普通订单,3.4,0,0,0,0,0,0,0,0,0,0,0,-0.17,0,0,0,0,0,0,否,0,义乌市於郝电子商务商行（个体工商户）,订单结算
2026-04-24 09:14:51,'2026042409144633826414420793,入账,4.41,聚合账户,货款结算入账,小店自卖,'6952051568540915000,'6952051568540915000,'SS76311141014647444830047,2026-04-13 23:35:37,'3811282248515322341,可爱小黄鸡小猪发圈学生风萌系扎发神器黑色发绳扎头发皮筋卖头饰,,,普通订单,4.64,0,0,0,0,0,0,0,0,0,0,0,-0.23,0,0,0,0,0,0,否,0,义乌市於郝电子商务商行（个体工商户）,订单结算
2026-04-24 09:14:51,'2026042409144531513523830793,入账,1.89,聚合账户,货款结算入账,小店自卖,'6952067031507473497,'6952067031507473497,'SS76310149025682399220226,2026-04-14 00:46:11,'3808855327718375885,复古豹纹褶皱中号香蕉夹高级感马尾扭扭夹后脑勺韩系显发量发卡,,,普通订单,1.99,0,0,0,0,0,0,0,0,0,0,0,-0.1,0,0,0,0,0,0,否,0,义乌市於郝电子商务商行（个体工商户）,订单结算
2026-04-24 09:14:51,'2026042409144631505779390793,入账,1.89,聚合账户,货款结算入账,小店自卖,'6952031183352239161,'6952031183352239161,'SS76310144949412214110044,2026-04-13 20:34:20,'3808855327718375885,复古豹纹褶皱中号香蕉夹高级感马尾扭扭夹后脑勺韩系显发量发卡,,,普通订单,1.99,0,0,0,0,0,0,0,0,0,0,0,-0.1,0,0,0,0,0,0,否,0,义乌市於郝电子商务商行（个体工商户）,订单结算
2026-04-24 09:14:51,'2026042409144714897646600793,入账,1.89,聚合账户,货款结算入账,小店自卖,'6925575977114172661,'6925575977114172661,'SS76310150007489334170066,2026-04-14 08:11:59,'3808855327718375885,复古豹纹褶皱中号香蕉夹高级感马尾扭扭夹后脑勺韩系显发量发卡,,,普通订单,0.01,0,0,1.98,0,0,0,0,0,0,0,0,-0.1,0,0,0,0,0,0,,0,义乌市於郝电子商务商行（个体工商户）,订单结算
2026-04-24 09:14:51,'2026042409144623575475200793,入账,3.19,聚合账户,货款结算入账,小店自卖,'6925564138089249826,'6925564138089249826,'SS76310151393179243710023,2026-04-13 21:43:09,'3808855327718375885,复古豹纹褶皱中号香蕉夹高级感马尾扭扭夹后脑勺韩系显发量发卡,,,普通订单,0.36,0,0,3,0,0,0,0,0,0,0,0,-0.17,0,0,0,0,0,0,否,0,义乌市於郝电子商务商行（个体工商户）,订单结算
2026-04-24 09:14:51,'2026042409144714659958260793,入账,3.19,聚合账户,货款结算入账,小店自卖,'6952035319605892340,'6952035319605892340,'SS76310152158960520100224,2026-04-13 17:34:36,'3808855327718375885,复古豹纹褶皱中号香蕉夹高级感马尾扭扭夹后脑勺韩系显发量发卡,,,普通订单,2.96,0,0,0.4,0,0,0,0,0,0,0,0,-0.17,0,0,0,0,0,0,,0,义乌市於郝电子商务商行（个体工商户）,订单结算
2026-04-24 09:14:51,'2026042409144522973156190793,入账,4.62,聚合账户,货款结算入账,小店自卖,'6952035755781395751,'6952035755781395751,'SS76310166998568148480238,2026-04-13 22:08:11,'3808518913650721160,新款高级牡丹花流苏抓夹毛毛发夹后脑勺显发量大号鲨鱼头饰发夹,,,普通订单,4.86,0,0,0,0,0,0,0,0,0,0,0,-0.24,0,0,0,0,0,0,否,0,义乌市於郝电子商务商行（个体工商户）,订单结算
2026-04-24 09:14:51,'2026042409144721289743900793,入账,1.89,聚合账户,货款结算入账,巨量千川,'6951927787736208899,'6951927787736208899,'SS76310060378881439180136,2026-04-08 20:58:48,'3808855327718375885,复古豹纹褶皱中号香蕉夹高级感马尾扭扭夹后脑勺韩系显发量发卡,,,普通订单,1.99,0,0,0,0,0,0,0,0,0,0,0,-0.1,0,0,0,0,0,0,否,0,义乌市於郝电子商务商行（个体工商户）,订单结算
2026-04-24 09:14:51,'2026042409144538267620190793,入账,3.89,聚合账户,货款结算入账,小店自卖,'6925565572029447946,'6925565572029447946,'SS76310139689635558400019,2026-04-13 16:15:06,'3812736213081784671,韩系ins风高马尾香蕉夹竖夹女2026新款高级感发夹简约复古发饰,,,普通订单,4.1,0,0,0,0,0,0,0,0,0,0,0,-0.21,0,0,0,0,0,0,否,0,义乌市於郝电子商务商行（个体工商户）,订单结算
2026-04-24 09:14:51,'2026042409144832547965710793,入账,3.15,聚合账户,货款结算入账,小店自卖,'6952047166179448505,'6952047166179448505,'SS76310166711428265300183,2026-04-14 01:54:45,'3808518913650721160,新款高级牡丹花流苏抓夹毛毛发夹后脑勺显发量大号鲨鱼头饰发夹,,,普通订单,3.32,0,0,0,0,0,0,0,0,0,0,0,-0.17,0,0,0,0,0,0,否,0,义乌市於郝电子商务商行（个体工商户）,订单结算
2026-04-24 09:14:51,'2026042409144621357532310793,入账,1.89,聚合账户,货款结算入账,小店自卖,'6925574842597932330,'6925574842597932330,'SS76310143238258365850171,2026-04-13 18:19:49,'3808855327718375885,复古豹纹褶皱中号香蕉夹高级感马尾扭扭夹后脑勺韩系显发量发卡,,,普通订单,0.99,0,0,0,0,0,0,0,0,1,0,0,-0.1,0,0,0,0,0,0,否,0,义乌市於郝电子商务商行（个体工商户）,订单结算
2026-04-24 09:14:51,'2026042409144733179082620793,入账,3.26,聚合账户,货款结算入账,巨量千川,'6952066192427455950,'6952066192427455950,'SS76310019475044480520048,2026-04-14 23:49:05,'3808518913650721160,新款高级牡丹花流苏抓夹毛毛发夹后脑勺显发量大号鲨鱼头饰发夹,,,普通订单,3.43,0,0,0,0,0,0,0,0,0,0,0,-0.17,0,0,0,0,0,0,否,0,义乌市於郝电子商务商行（个体工商户）,订单结算
2026-04-24 09:14:51,'2026042409144614526920190793,入账,1.89,聚合账户,货款结算入账,小店自卖,'6952128873251542463,'6952128873251542463,'SS76311490325470584660032,2026-04-16 15:40:49,'3808855327718375885,复古豹纹波点褶皱高马尾香蕉夹小号后脑勺竖夹韩系显发量发夹,,,普通订单,1.99,0,0,0,0,0,0,0,0,0,0,0,-0.1,0,0,0,0,0,0,否,0,义乌市於郝电子商务商行（个体工商户）,订单结算
2026-04-24 09:18:15,'2026042409181134236667070793,入账,1.89,聚合账户,货款结算入账,小店自卖,'6952026481647949108,'6952026481647949108,'SS76310142732549698660001,2026-04-13 19:10:39,'3808855327718375885,复古豹纹褶皱中号香蕉夹高级感马尾扭扭夹后脑勺韩系显发量发卡,,,普通订单,0.01,0,0,1.98,0,0,0,0,0,0,0,0,-0.1,0,0,0,0,0,0,否,0,义乌市於郝电子商务商行（个体工商户）,订单结算
2026-04-24 09:29:07,'2026042409290335428439400793,入账,1.89,聚合账户,货款结算入账,小店自卖,'6925577130264460354,'6925577130264460354,'SS76310142154466923580024,2026-04-13 17:29:55,'3808855327718375885,复古豹纹褶皱中号香蕉夹高级感马尾扭扭夹后脑勺韩系显发量发卡,,,普通订单,0.01,0,0,1.98,0,0,0,0,0,0,0,0,-0.1,0,0,0,0,0,0,否,0,义乌市於郝电子商务商行（个体工商户）,订单结算
2026-04-24 09:45:19,'2026042409451525677013110793,入账,1.89,聚合账户,货款结算入账,小店自卖,'6952086194168993085,'6952086194168993085,'SS76310364102790845440165,2026-04-14 23:24:06,'3808855327718375885,复古豹纹褶皱中号香蕉夹高级感马尾扭扭夹后脑勺韩系显发量发卡,,,普通订单,0.01,0,0,1.98,0,0,0,0,0,0,0,0,-0.1,0,0,0,0,0,0,否,0,义乌市於郝电子商务商行（个体工商户）,订单结算
2026-04-24 09:45:19,'2026042409451601266693470793,入账,2.8,聚合账户,货款结算入账,小店自卖,'6925644442049805467,'6925644442049805467,'SS76310382738949248360177,2026-04-16 22:01:58,'3809599445994176839,春日超仙韩系碎花蕾丝大肠发圈女甜美感丸子头慵懒风超大发饰头绳,,,普通订单,0.01,0,0,2.94,0,0,0,0,0,0,0,0,-0.15,0,0,0,0,0,0,,0,义乌市於郝电子商务商行（个体工商户）,订单结算
2026-04-24 09:45:19,'2026042409451535345864030793,入账,1.89,聚合账户,货款结算入账,小店自卖,'6925707133327343429,'6925707133327343429,'SS76311010374748616180244,2026-04-18 23:43:51,'3808855327718375885,复古豹纹波点褶皱高马尾香蕉夹小号后脑勺竖夹韩系显发量发夹,,,普通订单,0.01,0,0,1.98,0,0,0,0,0,0,0,0,-0.1,0,0,0,0,0,0,,0,义乌市於郝电子商务商行（个体工商户）,订单结算
2026-04-24 09:45:19,'2026042409451627984041360793,入账,1.89,聚合账户,货款结算入账,小店自卖,'6925666517423521600,'6925666517423521600,'SS76310697560906631770208,2026-04-17 12:20:40,'3808855327718375885,复古豹纹波点褶皱高马尾香蕉夹小号后脑勺竖夹韩系显发量发夹,,,普通订单,0.01,0,0,1.98,0,0,0,0,0,0,0,0,-0.1,0,0,0,0,0,0,,0,义乌市於郝电子商务商行（个体工商户）,订单结算
2026-04-24 09:45:19,'2026042409451639973035870793,入账,1.09,聚合账户,货款结算入账,小店自卖,'6925682695209254734,'6925682695209254734,'SS76311268587882255630001,2026-04-18 16:44:44,'3808855327718375885,复古豹纹波点褶皱高马尾香蕉夹小号后脑勺竖夹韩系显发量发夹,,,普通订单,0.01,0,0,1.14,0,0,0,0,0,0,0,0,-0.06,0,0,0,0,0,0,否,0,义乌市於郝电子商务商行（个体工商户）,订单结算
2026-04-24 09:45:20,'2026042409451701483087770793,入账,5.79,聚合账户,货款结算入账,小店自卖,'6952148733151482887,'6952148733151482887,'SS76310661358910343940234,2026-04-18 04:51:40,'3809586825216000110,春夏撞色甜美蝴蝶结发夹女后脑勺抓夹2026新款气质大号盘发鸭嘴夹,,,普通订单,6.09,0,0,0,0,0,0,0,0,0,0,0,-0.3,0,0,0,0,0,0,否,0,义乌市於郝电子商务商行（个体工商户）,订单结算
2026-04-24 09:45:20,'2026042409451723112425380793,入账,4.22,聚合账户,货款结算入账,小店自卖,'6925610226641567073,'6925610226641567073,'SS76311156119990279940096,2026-04-15 09:54:36,'3811116864172589149,森系干枯山茶花朵7cm小抓夹百搭气质发夹女后脑勺超仙鲨鱼夹发饰,,,普通订单,4.44,0,0,0,0,0,0,0,0,0,0,0,-0.22,0,0,0,0,0,0,,0,义乌市於郝电子商务商行（个体工商户）,订单结算
2026-04-24 09:45:20,'2026042409451727517094760793,入账,1.89,聚合账户,货款结算入账,小店自卖,'6952186243129611939,'6952186243129611939,'SS76311241647115149180031,2026-04-19 14:57:54,'3808855327718375885,复古豹纹波点褶皱高马尾香蕉夹小号后脑勺竖夹韩系显发量发夹,,,普通订单,0.01,0,0,1.98,0,0,0,0,0,0,0,0,-0.1,0,0,0,0,0,0,否,0,义乌市於郝电子商务商行（个体工商户）,订单结算
2026-04-24 09:45:20,'2026042409451732143116990793,入账,7.41,聚合账户,货款结算入账,小店自卖,'6925670641480924248,'6925670641480924248,'SS76309084415071526460143,2026-04-18 02:29:06,'3812210500259938495,可爱蝴蝶结小猫无痕刘海贴魔术贴发饰少女前额侧边碎发贴整理神器,,,普通订单,7.8,0,0,0,0,0,0,0,0,0,0,0,-0.39,0,0,0,0,0,0,否,0,义乌市於郝电子商务商行（个体工商户）,订单结算
2026-04-24 09:45:20,'2026042409451724633349310793,入账,4.26,聚合账户,货款结算入账,巨量千川,'6952203200969185240,'6952203200969185240,'SS76311677167115802000110,2026-04-20 08:43:23,'3811116864172589149,森系干枯山茶花朵7cm小抓夹百搭气质发夹女后脑勺超仙鲨鱼夹发饰,,,普通订单,4.48,0,0,0,0,0,0,0,0,0,0,0,-0.22,0,0,0,0,0,0,否,0,义乌市於郝电子商务商行（个体工商户）,订单结算
2026-04-24 09:45:32,'2026042409452838926589870793,入账,4.08,聚合账户,货款结算入账,小店自卖,'6952130085304210825,'6952130085304210825,'SS76311096818932779610185,2026-04-17 08:34:59,'3809214874429555055,【LOVEIXCC】新款法式网红发箍发卡宽边复古秋冬头饰百搭高级盘发器,,,普通订单,4.3,0,0,0,0,0,0,0,0,0,0,0,-0.22,0,0,0,0,0,0,否,0,义乌市於郝电子商务商行（个体工商户）,订单结算
2026-04-24 09:45:32,'2026042409453014936968040793,入账,3.19,聚合账户,货款结算入账,小店自卖,'6925610804056719172,'6925610804056719172,'SS76311549255858304410131,2026-04-15 13:30:42,'3808855327718375885,复古豹纹波点褶皱高马尾香蕉夹小号后脑勺竖夹韩系显发量发夹,,,普通订单,3.36,0,0,0,0,0,0,0,0,0,0,0,-0.17,0,0,0,0,0,0,否,0,义乌市於郝电子商务商行（个体工商户）,订单结算
2026-04-24 09:45:32,'2026042409452907662477160793,入账,3.55,聚合账户,货款结算入账,小店自卖,'6925694440063335605,'6925694440063335605,'SS76311816582090102260175,2026-04-19 11:12:14,'3809599445994176839,春日超仙韩系碎花蕾丝大肠发圈女甜美感丸子头慵懒风超大发饰头绳,,,普通订单,0.01,0,0,3.73,0,0,0,0,0,0,0,0,-0.19,0,0,0,0,0,0,,0,义乌市於郝电子商务商行（个体工商户）,订单结算
2026-04-24 09:45:32,'2026042409452900514951870793,入账,2.86,聚合账户,货款结算入账,小店自卖,'6925684256184302814,'6925684256184302814,'SS76308793438578941710159,2026-04-18 11:37:52,'3809438133272051839,韩版新款格纹蝴蝶结香蕉夹复古少女中号马尾夹百搭扭扭发卡抓夹,,,普通订单,0.01,0,0,3,0,0,0,0,0,0,0,0,-0.15,0,0,0,0,0,0,,0,义乌市於郝电子商务商行（个体工商户）,订单结算
2026-04-24 09:45:32,'2026042409452911462254510793,入账,1.89,聚合账户,货款结算入账,小店自卖,'6952189010704929889,'6952189010704929889,'SS76311550639327360190146,2026-04-19 12:43:13,'3808855327718375885,复古豹纹波点褶皱高马尾香蕉夹小号后脑勺竖夹韩系显发量发夹,,,普通订单,0.01,0,0,1.98,0,0,0,0,0,0,0,0,-0.1,0,0,0,0,0,0,否,0,义乌市於郝电子商务商行（个体工商户）,订单结算
2026-04-24 09:45:32,'2026042409453012248031080793,入账,3.26,聚合账户,货款结算入账,小店自卖,'6952131639848932464,'6952131639848932464,'SS76310639020503577600147,2026-04-17 05:41:51,'3808518913650721160,新款高级牡丹花流苏抓夹毛毛发夹后脑勺显发量大号鲨鱼头饰发夹,,,普通订单,0.43,0,0,3,0,0,0,0,0,0,0,0,-0.17,0,0,0,0,0,0,否,0,义乌市於郝电子商务商行（个体工商户）,订单结算
2026-04-24 09:45:32,'2026042409452907554998390793,入账,3.23,聚合账户,货款结算入账,小店自卖,'6925663824995777763,'6925663824995777763,'SS76311751286258900750134,2026-04-18 00:06:19,'3808518913650721160,新款高级牡丹花流苏抓夹毛毛发夹后脑勺显发量大号鲨鱼头饰发夹,,,普通订单,2.4,0,0,1,0,0,0,0,0,0,0,0,-0.17,0,0,0,0,0,0,否,0,义乌市於郝电子商务商行（个体工商户）,订单结算
2026-04-24 09:45:32,'2026042409452905893005340793,入账,2.8,聚合账户,货款结算入账,小店自卖,'6952181472423384395,'6952181472423384395,'SS76311544268579804660129,2026-04-19 06:18:59,'3809599445994176839,春日超仙韩系碎花蕾丝大肠发圈女甜美感丸子头慵懒风超大发饰头绳,,,普通订单,0.01,0,0,2.94,0,0,0,0,0,0,0,0,-0.15,0,0,0,0,0,0,,0,义乌市於郝电子商务商行（个体工商户）,订单结算
2026-04-24 09:49:01,'2026042409485733710781820793,出账,2,聚合账户,小额打款,,'6925399250942131445,'6925399250942131445,,,,,,,普通订单,0,0,0,0,0,0,0,0,0,0,0,0,0,0,0,0,0,0,0,,0,义乌市於郝电子商务商行（个体工商户）,商家向消费者小额打款-“其他”
2026-04-24 10:03:02,'2026042410025904118451740793,入账,1.89,聚合账户,货款结算入账,小店自卖,'6925562146067021608,'6925562146067021608,'SS76310141870362632190095,2026-04-13 15:52:15,'3808855327718375885,复古豹纹褶皱中号香蕉夹高级感马尾扭扭夹后脑勺韩系显发量发卡,,,普通订单,0.01,0,0,1.98,0,0,0,0,0,0,0,0,-0.1,0,0,0,0,0,0,否,0,义乌市於郝电子商务商行（个体工商户）,订单结算
2026-04-24 10:03:54,'2026042410035116316544360793,入账,2.07,聚合账户,货款结算入账,小店自卖,'6925573002755342153,'6925573002755342153,'SS76310281270992082260054,2026-04-13 18:30:55,'3808522822146457689,夏天简约随手盘发一字夹扭扭夹水钻抓夹高级发夹扭扭后脑勺盘发器,,,普通订单,0.01,0,0,2.17,0,0,0,0,0,0,0,0,-0.11,0,0,0,0,0,0,,0,义乌市於郝电子商务商行（个体工商户）,订单结算
2026-04-24 10:13:40,'2026042410133601430981270793,入账,4.6,聚合账户,货款结算入账,小店自卖,'6952116833241208525,'6952116833241208525,'SS76310093286532879460140,2026-04-16 03:45:41,'3809586825216000110,春夏撞色甜美蝴蝶结发夹女后脑勺抓夹2026新款气质大号盘发鸭嘴夹,,,普通订单,0.84,0,0,4,0,0,0,0,0,0,0,0,-0.24,0,0,0,0,0,0,,0,义乌市於郝电子商务商行（个体工商户）,订单结算
2026-04-24 10:15:47,'2026042410154203117882940793,入账,3.26,聚合账户,货款结算入账,小店自卖,'6925565545019833604,'6925565545019833604,'SS76310169431144538140067,2026-04-13 16:06:46,'3808518913650721160,新款高级牡丹花流苏抓夹毛毛发夹后脑勺显发量大号鲨鱼头饰发夹,,,普通订单,0.01,0,0,3.42,0,0,0,0,0,0,0,0,-0.17,0,0,0,0,0,0,否,0,义乌市於郝电子商务商行（个体工商户）,订单结算
2026-04-24 10:16:17,'2026042410161226889303580793,入账,1.89,聚合账户,货款结算入账,小店自卖,'6952048491537241721,'6952048491537241721,'SS76310137479098370970217,2026-04-13 16:59:49,'3808855327718375885,复古豹纹褶皱中号香蕉夹高级感马尾扭扭夹后脑勺韩系显发量发卡,,,普通订单,0.01,0,0,1.98,0,0,0,0,0,0,0,0,-0.1,0,0,0,0,0,0,,0,义乌市於郝电子商务商行（个体工商户）,订单结算
2026-04-24 10:17:25,'2026042410172010744302270793,入账,5.68,聚合账户,货款结算入账,小店自卖,'6925708509683875102,'6925708509683875102,'SS76312317813873713040135,2026-04-19 14:09:03,'3811282248515322341,可爱小黄鸡小猪发圈学生风萌系扎发神器黑色发绳扎头发皮筋卖头饰,,,普通订单,2.98,0,0,3,0,0,0,0,0,0,0,0,-0.3,0,0,0,0,0,0,否,0,义乌市於郝电子商务商行（个体工商户）,订单结算
2026-04-24 10:17:41,'2026042410173531388308890793,入账,3.19,聚合账户,货款结算入账,小店自卖,'6952030882245907577,'6952030882245907577,'SS76310138129003486910245,2026-04-13 17:02:33,'3808855327718375885,复古豹纹褶皱中号香蕉夹高级感马尾扭扭夹后脑勺韩系显发量发卡,,,普通订单,0.36,0,0,3,0,0,0,0,0,0,0,0,-0.17,0,0,0,0,0,0,否,0,义乌市於郝电子商务商行（个体工商户）,订单结算
2026-04-24 10:18:26,'2026042410182105937730920793,入账,1.89,聚合账户,货款结算入账,小店自卖,'6925557303303765253,'6925557303303765253,'SS76309946119018094540195,2026-04-13 12:39:35,'3808855327718375885,复古豹纹褶皱中号香蕉夹高级感马尾扭扭夹后脑勺韩系显发量发卡,,,普通订单,0.01,0,0,1.98,0,0,0,0,0,0,0,0,-0.1,0,0,0,0,0,0,,0,义乌市於郝电子商务商行（个体工商户）,订单结算
2026-04-24 10:23:54,'2026042410234906209746350793,入账,3.14,聚合账户,货款结算入账,小店自卖,'6925577508029169369,'6925577508029169369,'SS76310281701670095820105,2026-04-13 21:07:52,'3808522822146457689,夏天简约随手盘发一字夹扭扭夹水钻抓夹高级发夹扭扭后脑勺盘发器,,,普通订单,1.3,0,0,2.01,0,0,0,0,0,0,0,0,-0.17,0,0,0,0,0,0,,0,义乌市於郝电子商务商行（个体工商户）,订单结算
2026-04-24 10:24:00,'2026042410235517704719620793,入账,3.26,聚合账户,货款结算入账,巨量千川,'6952062512800012091,'6952062512800012091,'SS76310169693669788670024,2026-04-14 02:49:48,'3808518913650721160,新款高级牡丹花流苏抓夹毛毛发夹后脑勺显发量大号鲨鱼头饰发夹,,,普通订单,0.31,0,0,3.12,0,0,0,0,0,0,0,0,-0.17,0,0,0,0,0,0,,0,义乌市於郝电子商务商行（个体工商户）,订单结算
2026-04-24 10:26:10,'2026042410260333308186140793,入账,3.23,聚合账户,货款结算入账,巨量千川,'6925573054829657555,'6925573054829657555,'SS76310174035404067940225,2026-04-13 18:52:51,'3808518913650721160,新款高级牡丹花流苏抓夹毛毛发夹后脑勺显发量大号鲨鱼头饰发夹,,,普通订单,0.28,0,0,3.12,0,0,0,0,0,0,0,0,-0.17,0,0,0,0,0,0,,0,义乌市於郝电子商务商行（个体工商户）,订单结算
2026-04-24 10:31:50,'2026042410314541788380700793,入账,1.89,聚合账户,货款结算入账,巨量千川,'6925566404043439994,'6925566404043439994,'SS76310146155394829300102,2026-04-13 22:36:48,'3808855327718375885,复古豹纹褶皱中号香蕉夹高级感马尾扭扭夹后脑勺韩系显发量发卡,,,普通订单,1.99,0,0,0,0,0,0,0,0,0,0,0,-0.1,0,0,0,0,0,0,否,0,义乌市於郝电子商务商行（个体工商户）,订单结算
2026-04-24 10:32:35,'2026042410323204279180950793,入账,1.89,聚合账户,货款结算入账,小店自卖,'6925710041633161070,'6925710041633161070,'SS76310731278076687630026,2026-04-19 13:24:08,'3808855327718375885,复古豹纹波点褶皱高马尾香蕉夹小号后脑勺竖夹韩系显发量发夹,,,普通订单,0.01,0,0,1.98,0,0,0,0,0,0,0,0,-0.1,0,0,0,0,0,0,否,0,义乌市於郝电子商务商行（个体工商户）,订单结算
2026-04-24 10:33:04,'2026042410330012424650740793,入账,1.89,聚合账户,货款结算入账,小店自卖,'6952042347323201311,'6952042347323201311,'SS76310153193348467390232,2026-04-13 22:08:16,'3808855327718375885,复古豹纹褶皱中号香蕉夹高级感马尾扭扭夹后脑勺韩系显发量发卡,,,普通订单,0.01,0,0,1.98,0,0,0,0,0,0,0,0,-0.1,0,0,0,0,0,0,否,0,义乌市於郝电子商务商行（个体工商户）,订单结算
2026-04-24 10:33:08,'2026042410330318057835610793,入账,3.39,聚合账户,货款结算入账,小店自卖,'6952064596912641544,'6952064596912641544,'SS76311401903936806550235,2026-04-14 00:26:09,'3808645333848818044,2026新款头绳韩系蝴蝶结大肠发圈女显瘦百搭编织秋冬复古丸子发绳,,,普通订单,1.57,0,0,2,0,0,0,0,0,0,0,0,-0.18,0,0,0,0,0,0,,0,义乌市於郝电子商务商行（个体工商户）,订单结算
2026-04-24 10:33:17,'2026042410331302565906380793,入账,5.68,聚合账户,货款结算入账,小店自卖,'6925698153261661891,'6925698153261661891,'SS76311923943015221850112,2026-04-18 23:40:16,'3811282248515322341,可爱小黄鸡小猪发圈学生风萌系扎发神器黑色发绳扎头发皮筋卖头饰,,,普通订单,0.01,0,0,5.97,0,0,0,0,0,0,0,0,-0.3,0,0,0,0,0,0,否,0,义乌市於郝电子商务商行（个体工商户）,订单结算
2026-04-24 10:33:36,'2026042410333035801707790793,入账,1.89,聚合账户,货款结算入账,小店自卖,'6952035238897522536,'6952035238897522536,'SS76310142012222673920148,2026-04-13 17:17:32,'3808855327718375885,复古豹纹褶皱中号香蕉夹高级感马尾扭扭夹后脑勺韩系显发量发卡,,,普通订单,0.01,0,0,1.98,0,0,0,0,0,0,0,0,-0.1,0,0,0,0,0,0,否,0,义乌市於郝电子商务商行（个体工商户）,订单结算
2026-04-24 10:34:25,'2026042410342220680095180793,入账,3.02,聚合账户,货款结算入账,小店自卖,'6925573535277022940,'6925573535277022940,'SS76310281895145354740010,2026-04-13 21:44:09,'3811282248515322341,可爱小黄鸡小猪发圈学生风萌系扎发神器黑色发绳扎头发皮筋卖头饰,,,普通订单,0.01,0,0,3.17,0,0,0,0,0,0,0,0,-0.16,0,0,0,0,0,0,否,0,义乌市於郝电子商务商行（个体工商户）,订单结算
2026-04-24 10:35:56,'2026042410355431345874420793,入账,2.76,聚合账户,货款结算入账,巨量千川,'6925655852938853716,'6925655852938853716,'SS76310319143112914440036,2026-04-17 04:26:50,'3811116864172589149,森系干枯山茶花朵7cm小抓夹百搭气质发夹女后脑勺超仙鲨鱼夹发饰,,,普通订单,0.01,0,0,2.9,0,0,0,0,0,0,0,0,-0.15,0,0,0,0,0,0,,0,义乌市於郝电子商务商行（个体工商户）,订单结算
2026-04-24 10:37:30,'2026042410372819221427460793,入账,3.87,聚合账户,货款结算入账,小店自卖,'6925600193487601329,'6925600193487601329,'SS76311145835644034560005,2026-04-14 13:36:57,'3808863533295337735,蝴蝶结发夹女咖色爱心边夹侧边前额发卡2026新款刘海抓夹高端头饰,,,普通订单,4.07,0,0,0,0,0,0,0,0,0,0,0,-0.2,0,0,0,0,0,0,否,0,义乌市於郝电子商务商行（个体工商户）,订单结算
2026-04-24 10:37:43,'2026042410374033939502170793,入账,1.09,聚合账户,货款结算入账,小店自卖,'6951999090193536404,'6951999090193536404,'SS76310801938367946240099,2026-04-11 23:21:53,'3808855327718375885,复古豹纹褶皱中号香蕉夹高级感马尾扭扭夹后脑勺韩系显发量发卡,,,普通订单,0.81,0,0,0.34,0,0,0,0,0,0,0,0,-0.06,0,0,0,0,0,0,,0,义乌市於郝电子商务商行（个体工商户）,订单结算
2026-04-24 10:38:39,'2026042410383628659714820793,入账,2.77,聚合账户,货款结算入账,小店自卖,'6951943001070507298,'6951943001070507298,'SS76310968493735449700186,2026-04-10 05:01:52,'3808515754769383695,2026新款高级牡丹花流苏抓夹毛毛发夹后脑勺显发量大号鲨鱼夹头饰,,,普通订单,0.01,0,0,2.91,0,0,0,0,0,0,0,0,-0.15,0,0,0,0,0,0,,0,义乌市於郝电子商务商行（个体工商户）,订单结算
2026-04-24 10:38:59,'2026042410385601649385420793,入账,1.89,聚合账户,货款结算入账,小店自卖,'6925579741911743588,'6925579741911743588,'SS76310145016425515870057,2026-04-13 20:42:53,'3808855327718375885,复古豹纹褶皱中号香蕉夹高级感马尾扭扭夹后脑勺韩系显发量发卡,,,普通订单,0.01,0,0,1.98,0,0,0,0,0,0,0,0,-0.1,0,0,0,0,0,0,否,0,义乌市於郝电子商务商行（个体工商户）,订单结算
2026-04-24 10:39:29,'2026042410392633436638910793,入账,4.08,聚合账户,货款结算入账,小店自卖,'6925564454200310888,'6925564454200310888,'SS76311412799550756180238,2026-04-14 00:13:52,'3809214874429555055,【LOVEIXCC】新款法式网红发箍发卡宽边复古秋冬头饰百搭高级盘发器,,,普通订单,4.3,0,0,0,0,0,0,0,0,0,0,0,-0.22,0,0,0,0,0,0,否,0,义乌市於郝电子商务商行（个体工商户）,订单结算
2026-04-24 10:40:57,'2026042410405237667146740793,入账,0.93,聚合账户,货款结算入账,小店自卖,'6952056543404889877,'6952056543404889877,'SS76311138403185467150017,2026-04-14 12:59:45,'3812203542429696436,甜美kitty刘海贴头饰可爱少女棉花糖猫碎发贴魔术贴无痕发饰,,,普通订单,0.69,0,0,0.29,0,0,0,0,0,0,0,0,-0.05,0,0,0,0,0,0,,0,义乌市於郝电子商务商行（个体工商户）,订单结算
2026-04-24 10:42:18,'2026042410421533875236250793,入账,3.19,聚合账户,货款结算入账,小店自卖,'6925582016836959703,'6925582016836959703,'SS76310152371023552540009,2026-04-13 20:43:35,'3808855327718375885,复古豹纹褶皱中号香蕉夹高级感马尾扭扭夹后脑勺韩系显发量发卡,,,普通订单,3.36,0,0,0,0,0,0,0,0,0,0,0,-0.17,0,0,0,0,0,0,否,0,义乌市於郝电子商务商行（个体工商户）,订单结算
2026-04-24 10:44:03,'2026042410435738493271440793,入账,5.18,聚合账户,货款结算入账,小店自卖,'6925225292187729830,'6925225292187729830,'SS76310824224951176200201,2026-03-29 16:27:29,'3808851365778817231,韩系头饰小野复古波点森系蝴蝶结头花结抓夹小号鲨鱼夹半扎发发饰,,,普通订单,5.45,0,0,0,0,0,0,0,0,0,0,0,-0.27,0,0,0,0,0,0,否,0,义乌市於郝电子商务商行（个体工商户）,订单结算
2026-04-24 10:44:11,'2026042410440713508615950793,入账,2.71,聚合账户,货款结算入账,小店自卖,'6925578190031387887,'6925578190031387887,'SS76311062287859880960239,2026-04-14 06:08:05,'3809219180176212098,发圈式啪啪圈~春夏美拉德系懒人高马尾啪啪圈复古固定不塌神器,,,普通订单,0.01,0,0,2.84,0,0,0,0,0,0,0,0,-0.14,0,0,0,0,0,0,,0,义乌市於郝电子商务商行（个体工商户）,订单结算
2026-04-24 10:44:50,'2026042410444437564587900793,入账,1.89,聚合账户,货款结算入账,小店自卖,'6925583905679572464,'6925583905679572464,'SS76310142670257032200232,2026-04-13 19:33:40,'3808855327718375885,复古豹纹褶皱中号香蕉夹高级感马尾扭扭夹后脑勺韩系显发量发卡,,,普通订单,0.01,0,0,1.98,0,0,0,0,0,0,0,0,-0.1,0,0,0,0,0,0,否,0,义乌市於郝电子商务商行（个体工商户）,订单结算
2026-04-24 10:45:14,'2026042410451023870021530793,入账,3.32,聚合账户,货款结算入账,小店自卖,'6925578350385527944,'6925578350385527944,'SS76310169710289063030238,2026-04-14 08:21:07,'3808515754769383695,2026新款高级牡丹花流苏抓夹毛毛发夹后脑勺显发量大号鲨鱼夹头饰,,,普通订单,0.5,0,0,3,0,0,0,0,0,0,0,0,-0.18,0,0,0,0,0,0,,0,义乌市於郝电子商务商行（个体工商户）,订单结算
2026-04-24 10:50:14,'2026042410501011037291880793,入账,3.55,聚合账户,货款结算入账,巨量千川,'6925686241242283470,'6925686241242283470,'SS76311645029392553590022,2026-04-18 13:44:35,'3809602909876912378,2026韩系格子方巾大肠发圈高级慵懒风发绳扎方形头发头绳大号发饰,,,普通订单,0.74,0,0,3,0,0,0,0,0,0,0,0,-0.19,0,0,0,0,0,0,否,0,义乌市於郝电子商务商行（个体工商户）,订单结算
2026-04-24 10:50:21,'2026042410501812001121620793,入账,4.77,聚合账户,货款结算入账,小店自卖,'6952037156821472374,'6952037156821472374,'SS76311411609832002560028,2026-04-13 14:57:55,'3808826072573804729,迷你小号无痕鸭嘴夹抓夹小夹子精致蝴蝶结碎发夹刘海夹高级感发卡,,,普通订单,3.52,0,0,1.5,0,0,0,0,0,0,0,0,-0.25,0,0,0,0,0,0,,0,义乌市於郝电子商务商行（个体工商户）,订单结算
2026-04-24 10:50:29,'2026042410502632549609360793,入账,1.89,聚合账户,货款结算入账,小店自卖,'6925615423021022938,'6925615423021022938,'SS76310262918645192040185,2026-04-15 17:44:58,'3808855327718375885,复古豹纹波点褶皱高马尾香蕉夹小号后脑勺竖夹韩系显发量发夹,,,普通订单,1.99,0,0,0,0,0,0,0,0,0,0,0,-0.1,0,0,0,0,0,0,否,0,义乌市於郝电子商务商行（个体工商户）,订单结算
2026-04-24 10:50:58,'2026042410505626427722870793,入账,3.19,聚合账户,货款结算入账,小店自卖,'6925572904980283227,'6925572904980283227,'SS76310152188071818240035,2026-04-13 17:29:05,'3808855327718375885,复古豹纹褶皱中号香蕉夹高级感马尾扭扭夹后脑勺韩系显发量发卡,,,普通订单,3.36,0,0,0,0,0,0,0,0,0,0,0,-0.17,0,0,0,0,0,0,否,0,义乌市於郝电子商务商行（个体工商户）,订单结算
2026-04-24 10:52:50,'2026042410524627065551860793,入账,1.89,聚合账户,货款结算入账,小店自卖,'6952172602349983109,'6952172602349983109,'SS76310977766422287630015,2026-04-19 09:41:53,'3808855327718375885,复古豹纹波点褶皱高马尾香蕉夹小号后脑勺竖夹韩系显发量发夹,,,普通订单,0.01,0,0,1.98,0,0,0,0,0,0,0,0,-0.1,0,0,0,0,0,0,,0,义乌市於郝电子商务商行（个体工商户）,订单结算
2026-04-24 10:52:58,'2026042410525517630049280793,入账,3.23,聚合账户,货款结算入账,巨量千川,'6925566424202116149,'6925566424202116149,'SS76310173112147807350117,2026-04-13 22:57:19,'3808518913650721160,新款高级牡丹花流苏抓夹毛毛发夹后脑勺显发量大号鲨鱼头饰发夹,,,普通订单,3.4,0,0,0,0,0,0,0,0,0,0,0,-0.17,0,0,0,0,0,0,否,0,义乌市於郝电子商务商行（个体工商户）,订单结算
2026-04-24 11:01:26,'2026042411012402458301900793,入账,2.65,聚合账户,货款结算入账,巨量千川,'6925500954734657326,'6925500954734657326,'SS76311224424758976090089,2026-04-11 13:05:40,'3808855327718375885,复古豹纹褶皱中号香蕉夹高级感马尾扭扭夹后脑勺韩系显发量发卡,,,普通订单,0.01,0,0,2.78,0,0,0,0,0,0,0,0,-0.14,0,0,0,0,0,0,,0,义乌市於郝电子商务商行（个体工商户）,订单结算
2026-04-24 11:01:40,'2026042411013800755638270793,入账,3.23,聚合账户,货款结算入账,小店自卖,'6952051765442909303,'6952051765442909303,'SS76310166851176412620150,2026-04-14 06:04:01,'3808515754769383695,2026新款高级牡丹花流苏抓夹毛毛发夹后脑勺显发量大号鲨鱼夹头饰,,,普通订单,3.4,0,0,0,0,0,0,0,0,0,0,0,-0.17,0,0,0,0,0,0,否,0,义乌市於郝电子商务商行（个体工商户）,订单结算
2026-04-24 11:04:10,'2026042411040734606781540793,入账,1.88,聚合账户,货款结算入账,小店自卖,'6925625184765247032,'6925625184765247032,'SS76311024106897083280022,2026-04-15 21:13:54,'3808514174103978347,明星同款高颅顶圆形金属发扣刘海发夹女前额侧边夹水钻发卡头饰,,,普通订单,0.01,0,0,1.97,0,0,0,0,0,0,0,0,-0.1,0,0,0,0,0,0,否,0,义乌市於郝电子商务商行（个体工商户）,订单结算
2026-04-24 11:05:07,'2026042411050417494226020793,入账,3.19,聚合账户,货款结算入账,小店自卖,'6952151052081370665,'6952151052081370665,'SS76308574856786580830072,2026-04-18 08:03:02,'3808855327718375885,复古豹纹波点褶皱高马尾香蕉夹小号后脑勺竖夹韩系显发量发夹,,,普通订单,3.36,0,0,0,0,0,0,0,0,0,0,0,-0.17,0,0,0,0,0,0,否,0,义乌市於郝电子商务商行（个体工商户）,订单结算
2026-04-24 11:17:49,'2026042411174418756902670793,入账,3.23,聚合账户,货款结算入账,小店自卖,'6951914177415288268,'6951914177415288268,'SS76310092119879354980099,2026-04-08 19:47:24,'3808518913650721160,新款高级牡丹花流苏抓夹毛毛发夹后脑勺显发量大号鲨鱼头饰发夹,,,普通订单,3.4,0,0,0,0,0,0,0,0,0,0,0,-0.17,0,0,0,0,0,0,否,0,义乌市於郝电子商务商行（个体工商户）,订单结算
2026-04-24 11:23:55,'2026042411234927181716980793,出账,1,聚合账户,小额打款,,'6952188346572281707,'6952188346572281707,,,,,,,普通订单,0,0,0,0,0,0,0,0,0,0,0,0,0,0,0,0,0,0,0,,0,义乌市於郝电子商务商行（个体工商户）,商家向消费者小额打款-“其他”
2026-04-24 11:24:20,'2026042411241611579765950793,入账,2.51,聚合账户,货款结算入账,小店自卖,'6925439463872167292,'6925439463872167292,'SS76310547157574290440184,2026-04-09 00:02:45,'3811282248515322341,可爱小黄鸡小猪发圈学生风萌系扎发神器黑色发绳扎头发皮筋卖头饰,,,普通订单,2.64,0,0,0,0,0,0,0,0,0,0,0,-0.13,0,0,0,0,0,0,否,0,义乌市於郝电子商务商行（个体工商户）,订单结算
2026-04-24 11:24:20,'2026042411241106753694910793,入账,4.33,聚合账户,货款结算入账,小店自卖,'6952063013283239692,'6952063013283239692,'SS76311135388589263860001,2026-04-14 12:29:45,'3811107016030683631,森系干枯山茶花朵7cm小抓夹 百搭气质发夹女后脑勺超仙鲨夹发饰,,,普通订单,1.56,0,0,3,0,0,0,0,0,0,0,0,-0.23,0,0,0,0,0,0,否,0,义乌市於郝电子商务商行（个体工商户）,订单结算
2026-04-24 11:24:20,'2026042411241500255598170793,入账,1.89,聚合账户,货款结算入账,小店自卖,'6952028683571238287,'6952028683571238287,'SS76311106052689431310003,2026-04-13 14:51:53,'3808855327718375885,复古豹纹褶皱中号香蕉夹高级感马尾扭扭夹后脑勺韩系显发量发卡,,,普通订单,0.01,0,0,0,0,0,0,0,1.98,0,0,0,-0.1,0,0,0,0,0,0,否,0,义乌市於郝电子商务商行（个体工商户）,订单结算
2026-04-24 11:24:20,'2026042411241526730339840793,入账,1.89,聚合账户,货款结算入账,小店自卖,'6952107320538765250,'6952107320538765250,'SS76311629401876242350080,2026-04-15 19:14:02,'3808855327718375885,复古豹纹波点褶皱高马尾香蕉夹小号后脑勺竖夹韩系显发量发夹,,,普通订单,1.99,0,0,0,0,0,0,0,0,0,0,0,-0.1,0,0,0,0,0,0,否,0,义乌市於郝电子商务商行（个体工商户）,订单结算
2026-04-24 11:24:20,'2026042411241513388068250793,入账,1.89,聚合账户,货款结算入账,小店自卖,'6925579824091856024,'6925579824091856024,'SS76310153036067806780109,2026-04-13 21:27:02,'3808855327718375885,复古豹纹褶皱中号香蕉夹高级感马尾扭扭夹后脑勺韩系显发量发卡,,,普通订单,0.01,0,0,1.98,0,0,0,0,0,0,0,0,-0.1,0,0,0,0,0,0,,0,义乌市於郝电子商务商行（个体工商户）,订单结算
2026-04-24 11:24:20,'2026042411241531422226270793,入账,2.74,聚合账户,货款结算入账,巨量千川,'6952035778816251291,'6952035778816251291,'SS76310281881353590170015,2026-04-13 22:28:50,'3811116864172589149,森系干枯山茶花朵7cm小抓夹百搭气质发夹女后脑勺超仙鲨鱼夹发饰,,,普通订单,2.88,0,0,0,0,0,0,0,0,0,0,0,-0.14,0,0,0,0,0,0,否,0,义乌市於郝电子商务商行（个体工商户）,订单结算
2026-04-24 11:24:20,'2026042411241438058112430793,入账,4.81,聚合账户,货款结算入账,小店自卖,'6925584443382463654,'6925584443382463654,'SS76310173743471987710032,2026-04-13 22:52:49,'3808518913650721160,新款高级牡丹花流苏抓夹毛毛发夹后脑勺显发量大号鲨鱼头饰发夹,,,普通订单,4.4,0,0,0.66,0,0,0,0,0,0,0,0,-0.25,0,0,0,0,0,0,否,0,义乌市於郝电子商务商行（个体工商户）,订单结算
2026-04-24 11:24:20,'2026042411241434575321960793,入账,3.51,聚合账户,货款结算入账,小店自卖,'6925591743502843172,'6925591743502843172,'SS76311146816166300620105,2026-04-14 14:57:37,'3809273979772993843,新中式咖色碎花四层大肠发圈女慵懒风扎头发大号复古发饰头绳,,,普通订单,0.69,0,0,3,0,0,0,0,0,0,0,0,-0.18,0,0,0,0,0,0,,0,义乌市於郝电子商务商行（个体工商户）,订单结算
2026-04-24 11:24:20,'2026042411241514999434580793,入账,1.89,聚合账户,货款结算入账,小店自卖,'6952045103405209432,'6952045103405209432,'SS76310148908662461700153,2026-04-14 00:14:03,'3808855327718375885,复古豹纹褶皱中号香蕉夹高级感马尾扭扭夹后脑勺韩系显发量发卡,,,普通订单,1.99,0,0,0,0,0,0,0,0,0,0,0,-0.1,0,0,0,0,0,0,否,0,义乌市於郝电子商务商行（个体工商户）,订单结算
2026-04-24 11:24:20,'2026042411241521355896670793,入账,1.89,聚合账户,货款结算入账,小店自卖,'6952048874989492015,'6952048874989492015,'SS76310153146132280580034,2026-04-13 21:03:09,'3808855327718375885,复古豹纹褶皱中号香蕉夹高级感马尾扭扭夹后脑勺韩系显发量发卡,,,普通订单,0.01,0,0,1.98,0,0,0,0,0,0,0,0,-0.1,0,0,0,0,0,0,否,0,义乌市於郝电子商务商行（个体工商户）,订单结算
2026-04-24 11:24:20,'2026042411241604541483520793,入账,3.26,聚合账户,货款结算入账,小店自卖,'6952148699032524040,'6952148699032524040,'SS76310923335049874380165,2026-04-18 04:19:32,'3808518913650721160,新款高级牡丹花流苏抓夹毛毛发夹后脑勺显发量大号鲨鱼头饰发夹,,,普通订单,3.43,0,0,0,0,0,0,0,0,0,0,0,-0.17,0,0,0,0,0,0,,0,义乌市於郝电子商务商行（个体工商户）,订单结算
2026-04-24 11:24:20,'2026042411241531680148910793,入账,3.15,聚合账户,货款结算入账,小店自卖,'6952046809980212829,'6952046809980212829,'SS76311103564374838220027,2026-04-13 21:31:49,'3808518913650721160,新款高级牡丹花流苏抓夹毛毛发夹后脑勺显发量大号鲨鱼头饰发夹,,,普通订单,0.12,0,0,3.2,0,0,0,0,0,0,0,0,-0.17,0,0,0,0,0,0,否,0,义乌市於郝电子商务商行（个体工商户）,订单结算
2026-04-24 11:24:20,'2026042411241606297851420793,入账,8.52,聚合账户,货款结算入账,小店自卖,'6952199945030342082,'6952199945030342082,'SS76311988759617380360023,2026-04-19 14:26:56,'3809599445994176839,春日超仙韩系碎花蕾丝大肠发圈女甜美感丸子头慵懒风超大发饰头绳,,,普通订单,2.97,0,0,6,0,0,0,0,0,0,0,0,-0.45,0,0,0,0,0,0,,0,义乌市於郝电子商务商行（个体工商户）,订单结算
2026-04-24 11:24:20,'2026042411241610494285310793,入账,1.89,聚合账户,货款结算入账,小店自卖,'6952106376391759022,'6952106376391759022,'SS76311135008318262120066,2026-04-16 14:54:37,'3808855327718375885,复古豹纹波点褶皱高马尾香蕉夹小号后脑勺竖夹韩系显发量发夹,,,普通订单,1.99,0,0,0,0,0,0,0,0,0,0,0,-0.1,0,0,0,0,0,0,否,0,义乌市於郝电子商务商行（个体工商户）,订单结算
2026-04-24 11:24:20,'2026042411241505883336090793,入账,4.81,聚合账户,货款结算入账,小店自卖,'6925566207593774362,'6925566207593774362,'SS76310173703922652250021,2026-04-13 21:31:19,'3808518913650721160,新款高级牡丹花流苏抓夹毛毛发夹后脑勺显发量大号鲨鱼头饰发夹,,,普通订单,5.06,0,0,0,0,0,0,0,0,0,0,0,-0.25,0,0,0,0,0,0,否,0,义乌市於郝电子商务商行（个体工商户）,订单结算
2026-04-24 11:24:20,'2026042411241526730667520793,入账,4.81,聚合账户,货款结算入账,小店自卖,'6952115413468845907,'6952115413468845907,'SS76311297492884196260036,2026-04-16 15:32:30,'3808518913650721160,新款高级牡丹花流苏抓夹毛毛发夹后脑勺显发量大号鲨鱼头饰发夹,,,普通订单,2.06,0,0,3,0,0,0,0,0,0,0,0,-0.25,0,0,0,0,0,0,,0,义乌市於郝电子商务商行（个体工商户）,订单结算
2026-04-24 11:24:20,'2026042411241526228495460793,入账,5.18,聚合账户,货款结算入账,小店自卖,'6952080978228221252,'6952080978228221252,'SS76311195602042555280190,2026-04-14 15:00:35,'3809238632057929992,韩国France博主同款可爱猫咪香蕉夹中号女高级感醋酸马尾竖夹发夹,,,普通订单,0.45,0,0,5,0,0,0,0,0,0,0,0,-0.27,0,0,0,0,0,0,否,0,义乌市於郝电子商务商行（个体工商户）,订单结算
2026-04-24 11:24:20,'2026042411241341832292190793,入账,3.23,聚合账户,货款结算入账,小店自卖,'6952173158256613243,'6952173158256613243,'SS76310554690394404360194,2026-04-18 07:31:45,'3808518913650721160,新款高级牡丹花流苏抓夹毛毛发夹后脑勺显发量大号鲨鱼头饰发夹,,,普通订单,3.4,0,0,0,0,0,0,0,0,0,0,0,-0.17,0,0,0,0,0,0,,0,义乌市於郝电子商务商行（个体工商户）,订单结算
2026-04-24 11:24:21,'2026042411241609396554650793,入账,1.89,聚合账户,货款结算入账,小店自卖,'6925584125267377378,'6925584125267377378,'SS76310145040174331390082,2026-04-13 20:44:10,'3808855327718375885,复古豹纹褶皱中号香蕉夹高级感马尾扭扭夹后脑勺韩系显发量发卡,,,普通订单,0.01,0,0,1.98,0,0,0,0,0,0,0,0,-0.1,0,0,0,0,0,0,否,0,义乌市於郝电子商务商行（个体工商户）,订单结算
2026-04-24 11:24:21,'2026042411241706377966430793,入账,1.89,聚合账户,货款结算入账,小店自卖,'6952051547622741546,'6952051547622741546,'SS76310137531025823230027,2026-04-13 22:49:25,'3808855327718375885,复古豹纹褶皱中号香蕉夹高级感马尾扭扭夹后脑勺韩系显发量发卡,,,普通订单,1.99,0,0,0,0,0,0,0,0,0,0,0,-0.1,0,0,0,0,0,0,否,0,义乌市於郝电子商务商行（个体工商户）,订单结算
2026-04-24 11:24:21,'2026042411241600994353180793,入账,4.81,聚合账户,货款结算入账,小店自卖,'6925331891886718355,'6925331891886718355,'SS76310525159225106550124,2026-04-03 13:56:37,'3808518913650721160,新款高级牡丹花流苏抓夹毛毛发夹后脑勺显发量大号鲨鱼头饰发夹,,,普通订单,1.06,0,0,4,0,0,0,0,0,0,0,0,-0.25,0,0,0,0,0,0,,0,义乌市於郝电子商务商行（个体工商户）,订单结算
2026-04-24 11:24:21,'2026042411241615459824830793,入账,1.89,聚合账户,货款结算入账,小店自卖,'6925620858115751764,'6925620858115751764,'SS76311867150224430460165,2026-04-16 01:49:05,'3808855327718375885,复古豹纹波点褶皱高马尾香蕉夹小号后脑勺竖夹韩系显发量发夹,,,普通订单,0.01,0,0,1.98,0,0,0,0,0,0,0,0,-0.1,0,0,0,0,0,0,否,0,义乌市於郝电子商务商行（个体工商户）,订单结算
2026-04-24 11:24:21,'2026042411241703569754140793,入账,3.19,聚合账户,货款结算入账,小店自卖,'6925577126604406234,'6925577126604406234,'SS76310138268924810340221,2026-04-13 18:10:06,'3808855327718375885,复古豹纹褶皱中号香蕉夹高级感马尾扭扭夹后脑勺韩系显发量发卡,,,普通订单,3.36,0,0,0,0,0,0,0,0,0,0,0,-0.17,0,0,0,0,0,0,否,0,义乌市於郝电子商务商行（个体工商户）,订单结算
2026-04-24 11:24:21,'2026042411241609363458910793,入账,3.55,聚合账户,货款结算入账,小店自卖,'6952064430285592494,'6952064430285592494,'SS76310281091618780520239,2026-04-13 22:46:37,'3808495308569182243,2026新款玫瑰双面花朵精致抓夹女新中式后脑勺盘发发夹鲨鱼夹头饰,,,普通订单,3.25,0,0,0.49,0,0,0,0,0,0,0,0,-0.19,0,0,0,0,0,0,否,0,义乌市於郝电子商务商行（个体工商户）,订单结算
2026-04-24 11:24:21,'2026042411241613948357640793,入账,5.68,聚合账户,货款结算入账,小店自卖,'6952187107874313420,'6952187107874313420,'SS76311744418351723710094,2026-04-18 12:39:05,'3811282248515322341,可爱小黄鸡小猪发圈学生风萌系扎发神器黑色发绳扎头发皮筋卖头饰,,,普通订单,5.98,0,0,0,0,0,0,0,0,0,0,0,-0.3,0,0,0,0,0,0,否,0,义乌市於郝电子商务商行（个体工商户）,订单结算
2026-04-24 11:24:21,'2026042411241716319493480793,入账,5.6,聚合账户,货款结算入账,小店自卖,'6952042627261142489,'6952042627261142489,'SS76310281392173713920207,2026-04-14 01:12:04,'3808502000237281569,波点磨砂透明多巴胺夹缠线缎面彩色波点马卡龙中号香蕉夹学生发夹,,,普通订单,2.89,0,0,3,0,0,0,0,0,0,0,0,-0.29,0,0,0,0,0,0,否,0,义乌市於郝电子商务商行（个体工商户）,订单结算
2026-04-24 11:24:21,'2026042411241608440264090793,入账,5.68,聚合账户,货款结算入账,小店自卖,'6925673272960188116,'6925673272960188116,'SS76311843404998090700023,2026-04-18 12:04:56,'3811282248515322341,可爱小黄鸡小猪发圈学生风萌系扎发神器黑色发绳扎头发皮筋卖头饰,,,普通订单,0.98,0,0,5,0,0,0,0,0,0,0,0,-0.3,0,0,0,0,0,0,否,0,义乌市於郝电子商务商行（个体工商户）,订单结算
2026-04-24 11:24:21,'2026042411241515880855560793,入账,6.31,聚合账户,货款结算入账,小店自卖,'6952057958926194039,'6952057958926194039,'SS76311574475834662740183,2026-04-14 00:33:40,'3808518913650721160,新款高级牡丹花流苏抓夹毛毛发夹后脑勺显发量大号鲨鱼头饰发夹,,,普通订单,6.64,0,0,0,0,0,0,0,0,0,0,0,-0.33,0,0,0,0,0,0,,0,义乌市於郝电子商务商行（个体工商户）,订单结算
2026-04-24 11:24:21,'2026042411241730327770120793,入账,2.8,聚合账户,货款结算入账,小店自卖,'6952030935296120258,'6952030935296120258,'SS76310158044484244890142,2026-04-13 17:52:46,'3809599445994176839,春日超仙韩系碎花蕾丝大肠发圈女甜美感丸子头慵懒风超大发饰头绳,,,普通订单,0.01,0,0,2.94,0,0,0,0,0,0,0,0,-0.15,0,0,0,0,0,0,,0,义乌市於郝电子商务商行（个体工商户）,订单结算
2026-04-24 11:24:21,'2026042411241617168471100793,入账,1.89,聚合账户,货款结算入账,小店自卖,'6925573770736926257,'6925573770736926257,'SS76310136690070495240015,2026-04-13 23:15:32,'3808855327718375885,复古豹纹褶皱中号香蕉夹高级感马尾扭扭夹后脑勺韩系显发量发卡,,,普通订单,0.01,0,0,1.98,0,0,0,0,0,0,0,0,-0.1,0,0,0,0,0,0,否,0,义乌市於郝电子商务商行（个体工商户）,订单结算
2026-04-24 11:24:21,'2026042411241541033119350793,入账,1.89,聚合账户,货款结算入账,小店自卖,'6925579469263502363,'6925579469263502363,'SS76310143394156383220058,2026-04-13 18:37:02,'3808855327718375885,复古豹纹褶皱中号香蕉夹高级感马尾扭扭夹后脑勺韩系显发量发卡,,,普通订单,0.01,0,0,1.98,0,0,0,0,0,0,0,0,-0.1,0,0,0,0,0,0,否,0,义乌市於郝电子商务商行（个体工商户）,订单结算
2026-04-24 11:24:21,'2026042411241631304589140793,入账,6.17,聚合账户,货款结算入账,小店自卖,'6952060774239573631,'6952060774239573631,'SS76311020501930647230035,2026-04-14 09:36:24,'3808509441058406492,新款扭扭麻花发箍女简约高颅顶带齿防滑洗脸头箍发卡高级感民族风,,,普通订单,6.5,0,0,0,0,0,0,0,0,0,0,0,-0.33,0,0,0,0,0,0,否,0,义乌市於郝电子商务商行（个体工商户）,订单结算
2026-04-24 11:24:21,'2026042411241422035338780793,入账,3.23,聚合账户,货款结算入账,小店自卖,'6925652457069378679,'6925652457069378679,'SS76312219741066862580191,2026-04-16 16:18:23,'3808518913650721160,新款高级牡丹花流苏抓夹毛毛发夹后脑勺显发量大号鲨鱼头饰发夹,,,普通订单,3.4,0,0,0,0,0,0,0,0,0,0,0,-0.17,0,0,0,0,0,0,,0,义乌市於郝电子商务商行（个体工商户）,订单结算
2026-04-24 11:24:21,'2026042411241626930716580793,入账,3.38,聚合账户,货款结算入账,小店自卖,'6925575153947999742,'6925575153947999742,'SS76311393702546639990139,2026-04-13 20:52:38,'3808826072573804729,迷你小号无痕鸭嘴夹抓夹小夹子精致蝴蝶结碎发夹刘海夹高级感发卡,,,普通订单,3.56,0,0,0,0,0,0,0,0,0,0,0,-0.18,0,0,0,0,0,0,否,0,义乌市於郝电子商务商行（个体工商户）,订单结算
2026-04-24 11:24:21,'2026042411241600658355610793,入账,1.89,聚合账户,货款结算入账,小店自卖,'6925577238887693928,'6925577238887693928,'SS76310143312211156900030,2026-04-13 19:08:20,'3808855327718375885,复古豹纹褶皱中号香蕉夹高级感马尾扭扭夹后脑勺韩系显发量发卡,,,普通订单,1.99,0,0,0,0,0,0,0,0,0,0,0,-0.1,0,0,0,0,0,0,否,0,义乌市於郝电子商务商行（个体工商户）,订单结算
2026-04-24 11:24:21,'2026042411241427151242240793,入账,3.32,聚合账户,货款结算入账,小店自卖,'6952199481368319732,'6952199481368319732,'SS76311498959828098650166,2026-04-19 10:06:44,'3812210500259938495,可爱蝴蝶结小猫无痕刘海贴魔术贴发饰少女前额侧边碎发贴整理神器,,,普通订单,3.49,0,0,0,0,0,0,0,0,0,0,0,-0.17,0,0,0,0,0,0,否,0,义乌市於郝电子商务商行（个体工商户）,订单结算
2026-04-24 11:24:21,'2026042411241639120737370793,入账,2.72,聚合账户,货款结算入账,小店自卖,'6951935069031634090,'6951935069031634090,'SS76310191615355130880093,2026-04-09 09:21:43,'3808515754769383695,2026新款高级牡丹花流苏抓夹毛毛发夹后脑勺显发量大号鲨鱼夹头饰,,,普通订单,2.86,0,0,0,0,0,0,0,0,0,0,0,-0.14,0,0,0,0,0,0,,0,义乌市於郝电子商务商行（个体工商户）,订单结算
2026-04-24 11:24:21,'2026042411241106756152510793,入账,3.19,聚合账户,货款结算入账,巨量千川,'6925568907183357320,'6925568907183357320,'SS76310151514882258260206,2026-04-13 23:42:23,'3808855327718375885,复古豹纹褶皱中号香蕉夹高级感马尾扭扭夹后脑勺韩系显发量发卡,,,普通订单,0.36,0,0,3,0,0,0,0,0,0,0,0,-0.17,0,0,0,0,0,0,否,0,义乌市於郝电子商务商行（个体工商户）,订单结算
2026-04-24 11:24:21,'2026042411241713891507260793,入账,3.26,聚合账户,货款结算入账,巨量千川,'6925577206288645158,'6925577206288645158,'SS76310169342553298270226,2026-04-13 18:15:34,'3808518913650721160,新款高级牡丹花流苏抓夹毛毛发夹后脑勺显发量大号鲨鱼头饰发夹,,,普通订单,0.31,0,0,3.12,0,0,0,0,0,0,0,0,-0.17,0,0,0,0,0,0,,0,义乌市於郝电子商务商行（个体工商户）,订单结算
2026-04-24 11:24:21,'2026042411241634393626020793,入账,1.89,聚合账户,货款结算入账,小店自卖,'6925694162301713587,'6925694162301713587,'SS76309794528764892700073,2026-04-19 08:59:24,'3808855327718375885,复古豹纹波点褶皱高马尾香蕉夹小号后脑勺竖夹韩系显发量发夹,,,普通订单,0.01,0,0,1.98,0,0,0,0,0,0,0,0,-0.1,0,0,0,0,0,0,否,0,义乌市於郝电子商务商行（个体工商户）,订单结算
2026-04-24 11:24:21,'2026042411241613408384100793,入账,3.32,聚合账户,货款结算入账,小店自卖,'6952058222147671459,'6952058222147671459,'SS76310173550158689790216,2026-04-14 08:30:37,'3808518913650721160,新款高级牡丹花流苏抓夹毛毛发夹后脑勺显发量大号鲨鱼头饰发夹,,,普通订单,3.5,0,0,0,0,0,0,0,0,0,0,0,-0.18,0,0,0,0,0,0,否,0,义乌市於郝电子商务商行（个体工商户）,订单结算
2026-04-24 11:24:21,'2026042411241639110087770793,入账,4.33,聚合账户,货款结算入账,小店自卖,'6952067809782797372,'6952067809782797372,'SS76311057055247409000167,2026-04-14 13:57:14,'3811107016030683631,森系干枯山茶花朵7cm小抓夹 百搭气质发夹女后脑勺超仙鲨夹发饰,,,普通订单,0.01,0,0,4.55,0,0,0,0,0,0,0,0,-0.23,0,0,0,0,0,0,否,0,义乌市於郝电子商务商行（个体工商户）,订单结算
2026-04-24 11:24:21,'2026042411241607057905140793,入账,4.81,聚合账户,货款结算入账,小店自卖,'6952196201217922809,'6952196201217922809,'SS76311350479317895830038,2026-04-19 20:57:27,'3808518913650721160,新款高级牡丹花流苏抓夹毛毛发夹后脑勺显发量大号鲨鱼头饰发夹,,,普通订单,5.06,0,0,0,0,0,0,0,0,0,0,0,-0.25,0,0,0,0,0,0,否,0,义乌市於郝电子商务商行（个体工商户）,订单结算
2026-04-24 11:24:21,'2026042411241718224297380793,入账,2.6,聚合账户,货款结算入账,小店自卖,'6925578072657263688,'6925578072657263688,'SS76310159815650352790247,2026-04-14 01:02:51,'3810363035185447208,虞书欣同款圆形金属发扣高级感侧边发扣边夹头饰小触角刘海发夹,,,普通订单,2.48,0,0,0.26,0,0,0,0,0,0,0,0,-0.14,0,0,0,0,0,0,否,0,义乌市於郝电子商务商行（个体工商户）,订单结算
2026-04-24 11:24:22,'2026042411241724007805870793,入账,3.26,聚合账户,货款结算入账,小店自卖,'6952044752478278704,'6952044752478278704,'SS76310169516454057300150,2026-04-13 21:25:34,'3808518913650721160,新款高级牡丹花流苏抓夹毛毛发夹后脑勺显发量大号鲨鱼头饰发夹,,,普通订单,0.43,0,0,3,0,0,0,0,0,0,0,0,-0.17,0,0,0,0,0,0,,0,义乌市於郝电子商务商行（个体工商户）,订单结算
2026-04-24 11:24:22,'2026042411241520733179070793,入账,3.88,聚合账户,货款结算入账,小店自卖,'6925572652457164259,'6925572652457164259,'SS76311141574609024410199,2026-04-13 16:14:50,'3810190933698412627,爆款神器发根自然蓬松夹无痕定位夹男女八字刘海鸭嘴夹发卡发夹,,,普通订单,4.08,0,0,0,0,0,0,0,0,0,0,0,-0.2,0,0,0,0,0,0,,0,义乌市於郝电子商务商行（个体工商户）,订单结算
2026-04-24 11:24:22,'2026042411241736538946920793,入账,4.73,聚合账户,货款结算入账,小店自卖,'6952201676593043336,'6952201676593043336,'SS76312062844905272840241,2026-04-19 10:51:10,'3812762334863163548,超长JK水手服长款飘带蝴蝶结丝带发夹超仙少女抓夹芭蕾头饰超甜,,,普通订单,4.98,0,0,0,0,0,0,0,0,0,0,0,-0.25,0,0,0,0,0,0,否,0,义乌市於郝电子商务商行（个体工商户）,订单结算
2026-04-24 11:24:22,'2026042411241712468882260793,入账,8.5,聚合账户,货款结算入账,小店自卖,'6952037898022360117,'6952037898022360117,'SS76311412890663368100046,2026-04-13 22:09:44,'3808831800021745920,2026新款韩系波点发圈复古蝴蝶结头花大肠发圈丸子头发饰马尾发绳,,,普通订单,8.95,0,0,0,0,0,0,0,0,0,0,0,-0.45,0,0,0,0,0,0,否,0,义乌市於郝电子商务商行（个体工商户）,订单结算
2026-04-24 11:24:22,'2026042411241604832179260793,入账,1.89,聚合账户,货款结算入账,小店自卖,'6925579356542041672,'6925579356542041672,'SS76310142181795804430174,2026-04-13 17:43:24,'3808855327718375885,复古豹纹褶皱中号香蕉夹高级感马尾扭扭夹后脑勺韩系显发量发卡,,,普通订单,1.99,0,0,0,0,0,0,0,0,0,0,0,-0.1,0,0,0,0,0,0,否,0,义乌市於郝电子商务商行（个体工商户）,订单结算
2026-04-24 11:24:22,'2026042411241736540585320793,入账,4.77,聚合账户,货款结算入账,小店自卖,'6925575452883975969,'6925575452883975969,'SS76311393873675924740151,2026-04-13 22:20:10,'3808826072573804729,迷你小号无痕鸭嘴夹抓夹小夹子精致蝴蝶结碎发夹刘海夹高级感发卡,,,普通订单,5.02,0,0,0,0,0,0,0,0,0,0,0,-0.25,0,0,0,0,0,0,否,0,义乌市於郝电子商务商行（个体工商户）,订单结算
2026-04-24 11:24:22,'2026042411241718354222270793,入账,3.89,聚合账户,货款结算入账,小店自卖,'6925564207362703275,'6925564207362703275,'SS76310140621515330910153,2026-04-13 22:14:52,'3808855327718375885,复古豹纹褶皱中号香蕉夹高级感马尾扭扭夹后脑勺韩系显发量发卡,,,普通订单,1.09,0,0,3,0,0,0,0,0,0,0,0,-0.2,0,0,0,0,0,0,,0,义乌市於郝电子商务商行（个体工商户）,订单结算
2026-04-24 11:24:22,'2026042411241814556738920793,入账,1.89,聚合账户,货款结算入账,巨量千川,'6925569087433374741,'6925569087433374741,'SS76310149972338611710157,2026-04-14 05:00:41,'3808855327718375885,复古豹纹褶皱中号香蕉夹高级感马尾扭扭夹后脑勺韩系显发量发卡,,,普通订单,1.99,0,0,0,0,0,0,0,0,0,0,0,-0.1,0,0,0,0,0,0,否,0,义乌市於郝电子商务商行（个体工商户）,订单结算
2026-04-24 11:24:22,'2026042411241727694536040793,入账,4.27,聚合账户,货款结算入账,小店自卖,'6925576444900245219,'6925576444900245219,'SS76311058429389092380233,2026-04-14 12:21:13,'3809014413466402928,大肠圈蝴蝶头花带新款波点飘带大肠发圈高级感扎头发皮筋发饰发绳,,,普通订单,0.5,0,0,4,0,0,0,0,0,0,0,0,-0.23,0,0,0,0,0,0,否,0,义乌市於郝电子商务商行（个体工商户）,订单结算
2026-04-24 11:24:22,'2026042411241803204224420793,入账,3.19,聚合账户,货款结算入账,小店自卖,'6925570495875415205,'6925570495875415205,'SS76310138201352276980135,2026-04-13 16:45:11,'3808855327718375885,复古豹纹褶皱中号香蕉夹高级感马尾扭扭夹后脑勺韩系显发量发卡,,,普通订单,3.36,0,0,0,0,0,0,0,0,0,0,0,-0.17,0,0,0,0,0,0,否,0,义乌市於郝电子商务商行（个体工商户）,订单结算
2026-04-24 11:24:22,'2026042411241520805389160793,入账,1.89,聚合账户,货款结算入账,小店自卖,'6925593365789310838,'6925593365789310838,'SS76309973089775127460147,2026-04-14 12:39:06,'3808855327718375885,复古豹纹褶皱中号香蕉夹高级感马尾扭扭夹后脑勺韩系显发量发卡,,,普通订单,0.01,0,0,1.98,0,0,0,0,0,0,0,0,-0.1,0,0,0,0,0,0,否,0,义乌市於郝电子商务商行（个体工商户）,订单结算
2026-04-24 11:24:22,'2026042411241731166308380793,入账,4.62,聚合账户,货款结算入账,小店自卖,'6925633184550584027,'6925633184550584027,'SS76311963991867766020134,2026-04-16 10:52:35,'3808518913650721160,新款高级牡丹花流苏抓夹毛毛发夹后脑勺显发量大号鲨鱼头饰发夹,,,普通订单,4.86,0,0,0,0,0,0,0,0,0,0,0,-0.24,0,0,0,0,0,0,否,0,义乌市於郝电子商务商行（个体工商户）,订单结算
2026-04-24 11:24:22,'2026042411241624841262440793,入账,1.89,聚合账户,货款结算入账,小店自卖,'6925566020594925384,'6925566020594925384,'SS76310143707393398180041,2026-04-13 20:07:44,'3808855327718375885,复古豹纹褶皱中号香蕉夹高级感马尾扭扭夹后脑勺韩系显发量发卡,,,普通订单,0.01,0,0,1.98,0,0,0,0,0,0,0,0,-0.1,0,0,0,0,0,0,否,0,义乌市於郝电子商务商行（个体工商户）,订单结算
2026-04-24 11:24:22,'2026042411241711160827140793,入账,1.88,聚合账户,货款结算入账,小店自卖,'6952051539853776752,'6952051539853776752,'SS76310133270047667550064,2026-04-13 22:57:05,'3810363035185447208,虞书欣同款圆形金属发扣高级感侧边发扣边夹头饰小触角刘海发夹,,,普通订单,1.98,0,0,0,0,0,0,0,0,0,0,0,-0.1,0,0,0,0,0,0,,0,义乌市於郝电子商务商行（个体工商户）,订单结算
2026-04-24 11:24:22,'2026042411241640479465380793,入账,2.96,聚合账户,货款结算入账,小店自卖,'6925459471948086679,'6925459471948086679,'SS76310186055233216270162,2026-04-09 08:44:10,'3808855327718375885,复古豹纹褶皱中号香蕉夹高级感马尾扭扭夹后脑勺韩系显发量发卡,,,普通订单,3.12,0,0,0,0,0,0,0,0,0,0,0,-0.16,0,0,0,0,0,0,否,0,义乌市於郝电子商务商行（个体工商户）,订单结算
2026-04-24 11:24:22,'2026042411241718331407510793,入账,2.86,聚合账户,货款结算入账,小店自卖,'6952187901011891695,'6952187901011891695,'SS76310747768786291580109,2026-04-18 21:21:23,'3809438133272051839,韩版新款格纹蝴蝶结香蕉夹复古少女中号马尾夹百搭扭扭发卡抓夹,,,普通订单,0.01,0,0,3,0,0,0,0,0,0,0,0,-0.15,0,0,0,0,0,0,,0,义乌市於郝电子商务商行（个体工商户）,订单结算
2026-04-24 11:24:22,'2026042411241721966851100793,入账,1.89,聚合账户,货款结算入账,小店自卖,'6925565899430526200,'6925565899430526200,'SS76310142666119093760152,2026-04-13 19:15:17,'3808855327718375885,复古豹纹褶皱中号香蕉夹高级感马尾扭扭夹后脑勺韩系显发量发卡,,,普通订单,1.99,0,0,0,0,0,0,0,0,0,0,0,-0.1,0,0,0,0,0,0,否,0,义乌市於郝电子商务商行（个体工商户）,订单结算
2026-04-24 11:24:22,'2026042411241602487590940793,入账,1.89,聚合账户,货款结算入账,小店自卖,'6925577352655175241,'6925577352655175241,'SS76310143638063682900083,2026-04-13 20:05:13,'3808855327718375885,复古豹纹褶皱中号香蕉夹高级感马尾扭扭夹后脑勺韩系显发量发卡,,,普通订单,0.01,0,0,1.98,0,0,0,0,0,0,0,0,-0.1,0,0,0,0,0,0,否,0,义乌市於郝电子商务商行（个体工商户）,订单结算
2026-04-24 11:24:22,'2026042411241713348872090793,入账,4.73,聚合账户,货款结算入账,小店自卖,'6925672470281879367,'6925672470281879367,'SS76308901407901660160141,2026-04-18 00:09:55,'3812762334863163548,超长JK水手服长款飘带蝴蝶结丝带发夹超仙少女抓夹芭蕾头饰超甜,,,普通订单,4.98,0,0,0,0,0,0,0,0,0,0,0,-0.25,0,0,0,0,0,0,否,0,义乌市於郝电子商务商行（个体工商户）,订单结算
2026-04-24 11:24:22,'2026042411241805504210460793,入账,3.89,聚合账户,货款结算入账,小店自卖,'6952042408989627821,'6952042408989627821,'SS76310140759128148580001,2026-04-13 22:10:08,'3808855327718375885,复古豹纹褶皱中号香蕉夹高级感马尾扭扭夹后脑勺韩系显发量发卡,,,普通订单,1.09,0,0,3,0,0,0,0,0,0,0,0,-0.2,0,0,0,0,0,0,否,0,义乌市於郝电子商务商行（个体工商户）,订单结算
2026-04-24 11:24:22,'2026042411241723489743990793,入账,3.14,聚合账户,货款结算入账,小店自卖,'6925591758896528823,'6925591758896528823,'SS76311262995956042600088,2026-04-14 15:01:44,'3808522822146457689,夏天简约随手盘发一字夹扭扭夹水钻抓夹高级发夹扭扭后脑勺盘发器,,,普通订单,3.31,0,0,0,0,0,0,0,0,0,0,0,-0.17,0,0,0,0,0,0,否,0,义乌市於郝电子商务商行（个体工商户）,订单结算
2026-04-24 11:24:22,'2026042411241702110103190793,入账,1.88,聚合账户,货款结算入账,小店自卖,'6952188042210055484,'6952188042210055484,'SS76311553429442240420180,2026-04-18 22:20:28,'3808514174103978347,明星同款高颅顶圆形金属发扣刘海发夹女前额侧边夹水钻发卡头饰,,,普通订单,1.39,0,0,0.59,0,0,0,0,0,0,0,0,-0.1,0,0,0,0,0,0,,0,义乌市於郝电子商务商行（个体工商户）,订单结算
2026-04-24 11:24:22,'2026042411241902353403390793,入账,3.32,聚合账户,货款结算入账,小店自卖,'6952178705193440633,'6952178705193440633,'SS76311551956109235350023,2026-04-19 04:39:20,'3808518913650721160,新款高级牡丹花流苏抓夹毛毛发夹后脑勺显发量大号鲨鱼头饰发夹,,,普通订单,0.5,0,0,3,0,0,0,0,0,0,0,0,-0.18,0,0,0,0,0,0,,0,义乌市於郝电子商务商行（个体工商户）,订单结算
2026-04-24 11:24:22,'2026042411241732887606280793,入账,4.73,聚合账户,货款结算入账,小店自卖,'6952052079123043637,'6952052079123043637,'SS76310707802531107900048,2026-04-14 09:46:07,'3812550548062863750,温柔波点蝴蝶结香蕉夹芭蕾风气质少女百搭巨显发量高马尾盘发头饰,,,普通订单,0.01,0,0,4.97,0,0,0,0,0,0,0,0,-0.25,0,0,0,0,0,0,,0,义乌市於郝电子商务商行（个体工商户）,订单结算
2026-04-24 11:24:22,'2026042411241640235016200793,入账,3.23,聚合账户,货款结算入账,巨量千川,'6952039720633570651,'6952039720633570651,'SS76310174004734364160064,2026-04-13 17:15:54,'3808518913650721160,新款高级牡丹花流苏抓夹毛毛发夹后脑勺显发量大号鲨鱼头饰发夹,,,普通订单,1.4,0,0,2,0,0,0,0,0,0,0,0,-0.17,0,0,0,0,0,0,,0,义乌市於郝电子商务商行（个体工商户）,订单结算
2026-04-24 11:24:22,'2026042411241831838418270793,入账,3.19,聚合账户,货款结算入账,小店自卖,'6952031062200620365,'6952031062200620365,'SS76310138299132524020135,2026-04-13 19:48:03,'3808855327718375885,复古豹纹褶皱中号香蕉夹高级感马尾扭扭夹后脑勺韩系显发量发卡,,,普通订单,3.36,0,0,0,0,0,0,0,0,0,0,0,-0.17,0,0,0,0,0,0,否,0,义乌市於郝电子商务商行（个体工商户）,订单结算
2026-04-24 11:24:22,'2026042411241540658375680793,入账,2.86,聚合账户,货款结算入账,小店自卖,'6952208876593878895,'6952208876593878895,'SS76312001598714519140213,2026-04-19 21:20:15,'3809438133272051839,韩版新款格纹蝴蝶结香蕉夹复古少女中号马尾夹百搭扭扭发卡抓夹,,,普通订单,1.01,0,0,2,0,0,0,0,0,0,0,0,-0.15,0,0,0,0,0,0,否,0,义乌市於郝电子商务商行（个体工商户）,订单结算
2026-04-24 11:24:22,'2026042411241831848412510793,入账,2.96,聚合账户,货款结算入账,小店自卖,'6951937659002557889,'6951937659002557889,'SS76310890156437512030153,2026-04-09 11:01:01,'3808855327718375885,复古豹纹褶皱中号香蕉夹高级感马尾扭扭夹后脑勺韩系显发量发卡,,,普通订单,3.12,0,0,0,0,0,0,0,0,0,0,0,-0.16,0,0,0,0,0,0,否,0,义乌市於郝电子商务商行（个体工商户）,订单结算
2026-04-24 11:24:23,'2026042411241631598185370793,入账,3.26,聚合账户,货款结算入账,小店自卖,'6925563906885123357,'6925563906885123357,'SS76310169519355540830088,2026-04-13 20:30:43,'3808518913650721160,新款高级牡丹花流苏抓夹毛毛发夹后脑勺显发量大号鲨鱼头饰发夹,,,普通订单,3.43,0,0,0,0,0,0,0,0,0,0,0,-0.17,0,0,0,0,0,0,否,0,义乌市於郝电子商务商行（个体工商户）,订单结算
2026-04-24 11:24:23,'2026042411241731766779420793,入账,6.21,聚合账户,货款结算入账,小店自卖,'6952031351479276903,'6952031351479276903,'SS76311402779613475840181,2026-04-13 21:58:29,'3808645333848818044,2026新款头绳韩系蝴蝶结大肠发圈女显瘦百搭编织秋冬复古丸子发绳,,,普通订单,6.54,0,0,0,0,0,0,0,0,0,0,0,-0.33,0,0,0,0,0,0,否,0,义乌市於郝电子商务商行（个体工商户）,订单结算
2026-04-24 11:24:23,'2026042411241738477665800793,入账,1.89,聚合账户,货款结算入账,小店自卖,'6952057828245509636,'6952057828245509636,'SS76310146174311019620205,2026-04-13 22:56:16,'3808855327718375885,复古豹纹褶皱中号香蕉夹高级感马尾扭扭夹后脑勺韩系显发量发卡,,,普通订单,1.99,0,0,0,0,0,0,0,0,0,0,0,-0.1,0,0,0,0,0,0,否,0,义乌市於郝电子商务商行（个体工商户）,订单结算
2026-04-24 11:24:23,'2026042411241711634450180793,入账,5.72,聚合账户,货款结算入账,小店自卖,'6952076565409371831,'6952076565409371831,'SS76311099141400829820141,2026-04-14 13:20:41,'3808826072573804729,迷你小号无痕鸭嘴夹抓夹小夹子精致蝴蝶结碎发夹刘海夹高级感发卡,,,普通订单,6.02,1,0,0,0,0,0,0,0,0,0,0,-0.3,0,0,0,0,0,0,否,0,义乌市於郝电子商务商行（个体工商户）,订单结算
2026-04-24 11:24:23,'2026042411241829529869230793,入账,1.85,聚合账户,货款结算入账,小店自卖,'6925574541311442139,'6925574541311442139,'SS76310157331972961790204,2026-04-13 15:38:01,'3809427181088669713,新款高颜值橡皮筋高级发圈简约可爱头绳不勒发绳无扎痕头饰发饰品,,,普通订单,0.01,0,0,1.94,0,0,0,0,0,0,0,0,-0.1,0,0,0,0,0,0,否,0,义乌市於郝电子商务商行（个体工商户）,订单结算
2026-04-24 11:24:23,'2026042411241932128371610793,入账,1.88,聚合账户,货款结算入账,小店自卖,'6952031038074918158,'6952031038074918158,'SS76310176699149852540024,2026-04-13 19:31:27,'3812203542429696436,甜美kitty刘海贴头饰可爱少女棉花糖猫碎发贴魔术贴无痕发饰,,,普通订单,0.01,0,0,1.97,0,0,0,0,0,0,0,0,-0.1,0,0,0,0,0,0,,0,义乌市於郝电子商务商行（个体工商户）,订单结算
2026-04-24 11:24:23,'2026042411241636539927580793,入账,2.65,聚合账户,货款结算入账,小店自卖,'6925459200227508088,'6925459200227508088,'SS76310070978195622910221,2026-04-09 02:56:13,'3808855327718375885,复古豹纹褶皱中号香蕉夹高级感马尾扭扭夹后脑勺韩系显发量发卡,,,普通订单,2.79,0,0,0,0,0,0,0,0,0,0,0,-0.14,0,0,0,0,0,0,否,0,义乌市於郝电子商务商行（个体工商户）,订单结算
2026-04-24 11:24:23,'2026042411241727689457050793,入账,3.23,聚合账户,货款结算入账,小店自卖,'6925670040928616421,'6925670040928616421,'SS76311948086435684240088,2026-04-17 20:46:05,'3808518913650721160,新款高级牡丹花流苏抓夹毛毛发夹后脑勺显发量大号鲨鱼头饰发夹,,,普通订单,3.4,0,0,0,0,0,0,0,0,0,0,0,-0.17,0,0,0,0,0,0,,0,义乌市於郝电子商务商行（个体工商户）,订单结算
2026-04-24 11:24:23,'2026042411241935880148630793,入账,3.32,聚合账户,货款结算入账,小店自卖,'6952069228278388146,'6952069228278388146,'SS76310173405218616510053,2026-04-14 08:13:53,'3808515754769383695,2026新款高级牡丹花流苏抓夹毛毛发夹后脑勺显发量大号鲨鱼夹头饰,,,普通订单,0.5,0,0,3,0,0,0,0,0,0,0,0,-0.18,0,0,0,0,0,0,,0,义乌市於郝电子商务商行（个体工商户）,订单结算
2026-04-24 11:24:23,'2026042411241903566804670793,入账,3.26,聚合账户,货款结算入账,小店自卖,'6925588518292848006,'6925588518292848006,'SS76310169873314125060067,2026-04-14 08:41:49,'3808518913650721160,新款高级牡丹花流苏抓夹毛毛发夹后脑勺显发量大号鲨鱼头饰发夹,,,普通订单,3.43,0,0,0,0,0,0,0,0,0,0,0,-0.17,0,0,0,0,0,0,否,0,义乌市於郝电子商务商行（个体工商户）,订单结算
2026-04-24 11:24:23,'2026042411241903160809310793,入账,1.52,聚合账户,货款结算入账,小店自卖,'6952060177220572354,'6952060177220375746,'SS76310164203118146900213,2026-04-13 22:19:17,'3808855327718375885,复古豹纹褶皱中号香蕉夹高级感马尾扭扭夹后脑勺韩系显发量发卡,,,普通订单,1.08,0,0,0.52,0,0,0,0,0,0,0,0,-0.08,0,0,0,0,0,0,否,0,义乌市於郝电子商务商行（个体工商户）,订单结算
2026-04-24 11:24:23,'2026042411241701814533550793,入账,1.89,聚合账户,货款结算入账,小店自卖,'6925567876983062429,'6925567876983062429,'SS76310141850403965780080,2026-04-13 16:20:29,'3808855327718375885,复古豹纹褶皱中号香蕉夹高级感马尾扭扭夹后脑勺韩系显发量发卡,,,普通订单,1.99,0,0,0,0,0,0,0,0,0,0,0,-0.1,0,0,0,0,0,0,否,0,义乌市於郝电子商务商行（个体工商户）,订单结算
2026-04-24 11:24:23,'2026042411241731529579950793,入账,8.5,聚合账户,货款结算入账,小店自卖,'6952059885561255689,'6952059885561255689,'SS76311412974254331030223,2026-04-13 19:59:11,'3808831800021745920,2026新款韩系波点发圈复古蝴蝶结头花大肠发圈丸子头发饰马尾发绳,,,普通订单,6.45,0,0,0,0,0,0,0,2.5,0,0,0,-0.45,0,0,0,0,0,0,否,0,义乌市於郝电子商务商行（个体工商户）,订单结算
2026-04-24 11:24:23,'2026042411241833935242600793,入账,3.26,聚合账户,货款结算入账,小店自卖,'6925666921251831651,'6925666921251831651,'SS76310234583607588300073,2026-04-17 16:16:39,'3808518913650721160,新款高级牡丹花流苏抓夹毛毛发夹后脑勺显发量大号鲨鱼头饰发夹,,,普通订单,0.01,0,0,3.42,0,0,0,0,0,0,0,0,-0.17,0,0,0,0,0,0,,0,义乌市於郝电子商务商行（个体工商户）,订单结算
2026-04-24 11:24:23,'2026042411241706297400740793,入账,3.23,聚合账户,货款结算入账,小店自卖,'6952074169236657921,'6952074169236657921,'SS76311850847808067190174,2026-04-14 13:31:52,'3808518913650721160,新款高级牡丹花流苏抓夹毛毛发夹后脑勺显发量大号鲨鱼头饰发夹,,,普通订单,0.4,0,0,3,0,0,0,0,0,0,0,0,-0.17,0,0,0,0,0,0,,0,义乌市於郝电子商务商行（个体工商户）,订单结算
2026-04-24 11:24:23,'2026042411241803621688730793,入账,2.71,聚合账户,货款结算入账,小店自卖,'6925568931618520266,'6925568931618520266,'SS76311396091747742910133,2026-04-14 00:21:34,'3809214874429555055,【LOVEIXCC】新款法式网红发箍发卡宽边复古秋冬头饰百搭高级盘发器,,,普通订单,0.6,0,0,2.25,0,0,0,0,0,0,0,0,-0.14,0,0,0,0,0,0,,0,义乌市於郝电子商务商行（个体工商户）,订单结算
2026-04-24 11:24:23,'2026042411241816554931740793,入账,4.81,聚合账户,货款结算入账,小店自卖,'6925452426466196762,'6925452426466196762,'SS76310094826212439310079,2026-04-08 19:53:51,'3808518913650721160,新款高级牡丹花流苏抓夹毛毛发夹后脑勺显发量大号鲨鱼头饰发夹,,,普通订单,1.76,0,0,3.3,0,0,0,0,0,0,0,0,-0.25,0,0,0,0,0,0,,0,义乌市於郝电子商务商行（个体工商户）,订单结算
2026-04-24 11:24:23,'2026042411241914388925960793,入账,4.26,聚合账户,货款结算入账,小店自卖,'6952035919908508931,'6952035919908508931,'SS76310281284685870170181,2026-04-13 23:32:55,'3811116864172589149,森系干枯山茶花朵7cm小抓夹百搭气质发夹女后脑勺超仙鲨鱼夹发饰,,,普通订单,2.48,0,0,2,0,0,0,0,0,0,0,0,-0.22,0,0,0,0,0,0,否,0,义乌市於郝电子商务商行（个体工商户）,订单结算
2026-04-24 11:24:23,'2026042411241829657505820793,入账,4.26,聚合账户,货款结算入账,小店自卖,'6952175861579060225,'6952175861579060225,'SS76311523570107194940010,2026-04-18 15:20:28,'3811116864172589149,森系干枯山茶花朵7cm小抓夹百搭气质发夹女后脑勺超仙鲨鱼夹发饰,,,普通订单,4.48,0,0,0,0,0,0,0,0,0,0,0,-0.22,0,0,0,0,0,0,否,0,义乌市於郝电子商务商行（个体工商户）,订单结算
2026-04-24 11:24:23,'2026042411241805635978640793,入账,2.69,聚合账户,货款结算入账,小店自卖,'6952049964723737890,'6952049964723737890,'SS76310460717920100180062,2026-04-14 13:58:07,'3808826072573804729,迷你小号无痕鸭嘴夹抓夹小夹子精致蝴蝶结碎发夹刘海夹高级感发卡,,,普通订单,2.83,0,0,0,0,0,0,0,0,0,0,0,-0.14,0,0,0,0,0,0,,0,义乌市於郝电子商务商行（个体工商户）,订单结算
2026-04-24 11:24:23,'2026042411241913511235020793,入账,4.62,聚合账户,货款结算入账,小店自卖,'6952038206758000598,'6952038206758000598,'SS76310167212598072840089,2026-04-14 06:35:06,'3808518913650721160,新款高级牡丹花流苏抓夹毛毛发夹后脑勺显发量大号鲨鱼头饰发夹,,,普通订单,4.86,0,0,0,0,0,0,0,0,0,0,0,-0.24,0,0,0,0,0,0,否,0,义乌市於郝电子商务商行（个体工商户）,订单结算
2026-04-24 11:24:23,'2026042411241830032207450793,入账,1.89,聚合账户,货款结算入账,小店自卖,'6952065093468230860,'6952065093468230860,'SS76311107084198548570112,2026-04-14 11:43:24,'3808855327718375885,复古豹纹褶皱中号香蕉夹高级感马尾扭扭夹后脑勺韩系显发量发卡,,,普通订单,1.99,0,0,0,0,0,0,0,0,0,0,0,-0.1,0,0,0,0,0,0,否,0,义乌市於郝电子商务商行（个体工商户）,订单结算
2026-04-24 11:24:24,'2026042411241834276155340793,入账,4.81,聚合账户,货款结算入账,小店自卖,'6952039816432064194,'6952039816432064194,'SS76310173589714864900123,2026-04-13 17:38:50,'3808518913650721160,新款高级牡丹花流苏抓夹毛毛发夹后脑勺显发量大号鲨鱼头饰发夹,,,普通订单,2.06,0,0,3,0,0,0,0,0,0,0,0,-0.25,0,0,0,0,0,0,否,0,义乌市於郝电子商务商行（个体工商户）,订单结算
2026-04-24 11:24:24,'2026042411241829665042460793,入账,2.86,聚合账户,货款结算入账,小店自卖,'6925574712388713513,'6925574712388713513,'SS76311397173581258620231,2026-04-13 17:01:32,'3809438133272051839,韩版新款格纹蝴蝶结香蕉夹复古少女中号马尾夹百搭扭扭发卡抓夹,,,普通订单,0.01,0,0,3,0,0,0,0,0,0,0,0,-0.15,0,0,0,0,0,0,,0,义乌市於郝电子商务商行（个体工商户）,订单结算
2026-04-24 11:24:24,'2026042411241529824292380793,入账,3.21,聚合账户,货款结算入账,小店自卖,'6925584731039825074,'6925584731039825074,'SS76310193780203363840040,2026-04-14 02:07:40,'3810358465323467001,明星同款高颅顶圆形金属发扣刘海发夹女前额侧边夹仿水钻发卡头饰,,,普通订单,0.01,0,0,2,0,0,0,0,0,1.37,0,0,-0.17,0,0,0,0,0,0,否,0,义乌市於郝电子商务商行（个体工商户）,订单结算
2026-04-24 11:24:24,'2026042411241914012585150793,入账,4.33,聚合账户,货款结算入账,小店自卖,'6952056427850634708,'6952056427850634708,'SS76310656829684129630222,2026-04-14 11:08:07,'3811107016030683631,森系干枯山茶花朵7cm小抓夹 百搭气质发夹女后脑勺超仙鲨夹发饰,,,普通订单,1.56,0,0,3,0,0,0,0,0,0,0,0,-0.23,0,0,0,0,0,0,,0,义乌市於郝电子商务商行（个体工商户）,订单结算
2026-04-24 11:24:24,'2026042411241819127219580793,入账,1.89,聚合账户,货款结算入账,巨量千川,'6952035986339206197,'6952035986339206197,'SS76310149123551442190026,2026-04-14 02:01:06,'3808855327718375885,复古豹纹褶皱中号香蕉夹高级感马尾扭扭夹后脑勺韩系显发量发卡,,,普通订单,0.01,0,0,1.98,0,0,0,0,0,0,0,0,-0.1,0,0,0,0,0,0,否,0,义乌市於郝电子商务商行（个体工商户）,订单结算
2026-04-24 11:24:24,'2026042411241838132659610793,入账,1.89,聚合账户,货款结算入账,小店自卖,'6925557688654397375,'6925557688654397375,'SS76311413573482744380206,2026-04-13 15:18:36,'3808855327718375885,复古豹纹褶皱中号香蕉夹高级感马尾扭扭夹后脑勺韩系显发量发卡,,,普通订单,0.01,0,0,1.98,0,0,0,0,0,0,0,0,-0.1,0,0,0,0,0,0,否,0,义乌市於郝电子商务商行（个体工商户）,订单结算
2026-04-24 11:24:24,'2026042411241741152067190793,入账,1.89,聚合账户,货款结算入账,巨量千川,'6925666613947432454,'6925666613947432454,'SS76311094931199265660230,2026-04-17 13:45:20,'3808855327718375885,复古豹纹波点褶皱高马尾香蕉夹小号后脑勺竖夹韩系显发量发夹,,,普通订单,0.01,0,0,1.98,0,0,0,0,0,0,0,0,-0.1,0,0,0,0,0,0,,0,义乌市於郝电子商务商行（个体工商户）,订单结算
2026-04-24 11:24:24,'2026042411241918293071460793,入账,1.89,聚合账户,货款结算入账,小店自卖,'6952035841069684124,'6952035841069684124,'SS76310147971857782180023,2026-04-13 23:01:34,'3808855327718375885,复古豹纹褶皱中号香蕉夹高级感马尾扭扭夹后脑勺韩系显发量发卡,,,普通订单,0.01,0,0,1.98,0,0,0,0,0,0,0,0,-0.1,0,0,0,0,0,0,否,0,义乌市於郝电子商务商行（个体工商户）,订单结算
2026-04-24 11:24:24,'2026042411241935082941980793,入账,2.86,聚合账户,货款结算入账,小店自卖,'6925574919966523015,'6925574919966523015,'SS76310917804213581180132,2026-04-13 19:05:07,'3809438133272051839,韩版新款格纹蝴蝶结香蕉夹复古少女中号马尾夹百搭扭扭发卡抓夹,,,普通订单,0.01,0,0,3,0,0,0,0,0,0,0,0,-0.15,0,0,0,0,0,0,,0,义乌市於郝电子商务商行（个体工商户）,订单结算
2026-04-24 11:24:24,'2026042411241740271713820793,入账,4.71,聚合账户,货款结算入账,小店自卖,'6952171926634894879,'6952171926634894879,'SS76310674711644577430231,2026-04-18 20:56:35,'3811282248515322341,可爱小黄鸡小猪发圈学生风萌系扎发神器黑色发绳扎头发皮筋卖头饰,,,普通订单,0.01,0,0,4.95,0,0,0,0,0,0,0,0,-0.25,0,0,0,0,0,0,否,0,义乌市於郝电子商务商行（个体工商户）,订单结算
2026-04-24 11:24:24,'2026042411241727610647450793,入账,1.89,聚合账户,货款结算入账,小店自卖,'6925568298394287384,'6925568298394287384,'SS76311521682300772110162,2026-04-13 19:58:51,'3812736213081784671,韩系ins风高马尾香蕉夹竖夹女2026新款高级感发夹简约复古发饰,,,普通订单,0.01,0,0,1.98,0,0,0,0,0,0,0,0,-0.1,0,0,0,0,0,0,,0,义乌市於郝电子商务商行（个体工商户）,订单结算
2026-04-24 11:24:24,'2026042411242005790927630793,入账,4.08,聚合账户,货款结算入账,小店自卖,'6952044782170347363,'6952044782170347363,'SS76310281669957885630046,2026-04-13 21:22:17,'3811294538555850878,韩系复古大肠蕾丝发圈波点新款高级四层头发丸子马尾高级头绳发饰,,,普通订单,2.63,0,0,1.66,0,0,0,0,0,0,0,0,-0.21,0,0,0,0,0,0,否,0,义乌市於郝电子商务商行（个体工商户）,订单结算
2026-04-24 11:24:24,'2026042411241905501919350793,入账,3.67,聚合账户,货款结算入账,小店自卖,'6951919090186655342,'6951919090186655342,'SS76310092404847908250185,2026-04-08 21:27:25,'3808515754769383695,2026新款高级牡丹花流苏抓夹毛毛发夹后脑勺显发量大号鲨鱼夹头饰,,,普通订单,1.01,1,0,2.85,0,0,0,0,0,0,0,0,-0.19,0,0,0,0,0,0,,0,义乌市於郝电子商务商行（个体工商户）,订单结算
2026-04-24 11:24:24,'2026042411241903487828980793,入账,2.86,聚合账户,货款结算入账,小店自卖,'6952026220140828384,'6952026220140828384,'SS76311397009308923150178,2026-04-13 16:09:44,'3809438133272051839,韩版新款格纹蝴蝶结香蕉夹复古少女中号马尾夹百搭扭扭发卡抓夹,,,普通订单,1.01,0,0,2,0,0,0,0,0,0,0,0,-0.15,0,0,0,0,0,0,否,0,义乌市於郝电子商务商行（个体工商户）,订单结算
2026-04-24 11:24:35,'2026042411242841286208400793,入账,1.89,聚合账户,货款结算入账,小店自卖,'6951913330953623498,'6951913330953623498,'SS76311206641092408720125,2026-04-09 14:23:02,'3808855327718375885,复古豹纹褶皱中号香蕉夹高级感马尾扭扭夹后脑勺韩系显发量发卡,,,普通订单,0.01,0,0,1.98,0,0,0,0,0,0,0,0,-0.1,0,0,0,0,0,0,否,0,义乌市於郝电子商务商行（个体工商户）,订单结算
2026-04-24 11:24:38,'2026042411243329448112980793,入账,3.26,聚合账户,货款结算入账,小店自卖,'6952076162686981727,'6952076162686981727,'SS76311528812441318920136,2026-04-15 15:55:35,'3808518913650721160,新款高级牡丹花流苏抓夹毛毛发夹后脑勺显发量大号鲨鱼头饰发夹,,,普通订单,2.43,0,0,1,0,0,0,0,0,0,0,0,-0.17,0,0,0,0,0,0,否,0,义乌市於郝电子商务商行（个体工商户）,订单结算
2026-04-24 11:28:29,'2026042411282409653294180793,入账,11.77,聚合账户,货款结算入账,小店自卖,'6925666115844799713,'6925666115844799713,'SS76308961631095854510126,2026-04-17 23:48:16,'3809438133272051839,韩版新款格纹蝴蝶结香蕉夹复古少女中号马尾夹百搭扭扭发卡抓夹,,,普通订单,12.39,0,0,0,0,0,0,0,0,0,0,0,-0.62,0,0,0,0,0,0,否,0,义乌市於郝电子商务商行（个体工商户）,订单结算
2026-04-24 11:28:50,'2026042411284521734853470793,入账,3.23,聚合账户,货款结算入账,巨量千川,'6952156814835848661,'6952156814835848661,'SS76310784628492377870140,2026-04-17 13:53:28,'3808518913650721160,新款高级牡丹花流苏抓夹毛毛发夹后脑勺显发量大号鲨鱼头饰发夹,,,普通订单,2.8,0,0,0.6,0,0,0,0,0,0,0,0,-0.17,0,0,0,0,0,0,否,0,义乌市於郝电子商务商行（个体工商户）,订单结算
2026-04-24 11:29:13,'2026042411290711382300790793,入账,3.23,聚合账户,货款结算入账,巨量千川,'6925604926129274032,'6925604926129274032,'SS76311752338690258260072,2026-04-14 15:11:16,'3808518913650721160,新款高级牡丹花流苏抓夹毛毛发夹后脑勺显发量大号鲨鱼头饰发夹,,,普通订单,0.4,0,0,3,0,0,0,0,0,0,0,0,-0.17,0,0,0,0,0,0,,0,义乌市於郝电子商务商行（个体工商户）,订单结算
2026-04-24 11:29:59,'2026042411295427687326780793,入账,2.71,聚合账户,货款结算入账,小店自卖,'6925585516168249044,'6925585516168183508,'SS76311143646110848500091,2026-04-14 11:58:29,'3809219180176212098,发圈式啪啪圈~春夏美拉德系懒人高马尾啪啪圈复古固定不塌神器,,,普通订单,2.85,0,0,0,0,0,0,0,0,0,0,0,-0.14,0,0,0,0,0,0,否,0,义乌市於郝电子商务商行（个体工商户）,订单结算
2026-04-24 11:32:15,'2026042411321109607258110793,入账,2.37,聚合账户,货款结算入账,小店自卖,'6925571225952681037,'6925571225952681037,'SS76310281744247201690092,2026-04-13 21:40:25,'3810163319155851664,可爱小黄鸡发绳闺蜜同款少女心爆棚萌系扎发神器皮筋卖萌头饰学生,,,普通订单,2.49,0,0,0,0,0,0,0,0,0,0,0,-0.12,0,0,0,0,0,0,否,0,义乌市於郝电子商务商行（个体工商户）,订单结算
2026-04-24 11:32:34,'2026042411322827353134350793,入账,4.62,聚合账户,货款结算入账,小店自卖,'6925576893024534241,'6925576893024534241,'SS76311396962401531390245,2026-04-13 15:37:04,'3809438133272051839,韩版新款格纹蝴蝶结香蕉夹复古少女中号马尾夹百搭扭扭发卡抓夹,,,普通订单,2.86,0,0,2,0,0,0,0,0,0,0,0,-0.24,0,0,0,0,0,0,否,0,义乌市於郝电子商务商行（个体工商户）,订单结算
2026-04-24 11:32:34,'2026042411322641917320040793,入账,4.81,聚合账户,货款结算入账,小店自卖,'6925632618828103370,'6925632618828103370,'SS76311345970105759260163,2026-04-16 06:36:21,'3808518913650721160,新款高级牡丹花流苏抓夹毛毛发夹后脑勺显发量大号鲨鱼头饰发夹,,,普通订单,5.06,0,0,0,0,0,0,0,0,0,0,0,-0.25,0,0,0,0,0,0,否,0,义乌市於郝电子商务商行（个体工商户）,订单结算
2026-04-24 11:32:39,'2026042411323230895355280793,入账,1.89,聚合账户,货款结算入账,小店自卖,'6925582391471930990,'6925582391471930990,'SS76310153318634951770204,2026-04-13 23:04:13,'3808855327718375885,复古豹纹褶皱中号香蕉夹高级感马尾扭扭夹后脑勺韩系显发量发卡,,,普通订单,1.99,0,0,0,0,0,0,0,0,0,0,0,-0.1,0,0,0,0,0,0,否,0,义乌市於郝电子商务商行（个体工商户）,订单结算
2026-04-24 11:32:47,'2026042411324203069545470793,入账,3.89,聚合账户,货款结算入账,小店自卖,'6952112334866486347,'6952112334866486347,'SS76311743950121088000080,2026-04-15 23:59:38,'3812736213081784671,韩系ins风高马尾香蕉夹竖夹女2026新款高级感发夹简约复古发饰,,,普通订单,0.1,0,0,4,0,0,0,0,0,0,0,0,-0.21,0,0,0,0,0,0,否,0,义乌市於郝电子商务商行（个体工商户）,订单结算
2026-04-24 11:32:52,'2026042411324605056107940793,入账,3.23,聚合账户,货款结算入账,巨量千川,'6925588527532179234,'6925588527532179234,'SS76310168481560010340071,2026-04-14 08:52:43,'3808518913650721160,新款高级牡丹花流苏抓夹毛毛发夹后脑勺显发量大号鲨鱼头饰发夹,,,普通订单,0.28,0,0,3.12,0,0,0,0,0,0,0,0,-0.17,0,0,0,0,0,0,,0,义乌市於郝电子商务商行（个体工商户）,订单结算
2026-04-24 11:33:06,'2026042411330007179804220793,入账,5.18,聚合账户,货款结算入账,小店自卖,'6925630451614645329,'6925630451614645329,'SS76310041521180675100174,2026-04-16 10:45:54,'3809238632057929992,韩国France博主同款可爱猫咪香蕉夹中号女高级感醋酸马尾竖夹发夹,,,普通订单,0.01,0,0,5,0,0,0,0,0.44,0,0,0,-0.27,0,0,0,0,0,0,否,0,义乌市於郝电子商务商行（个体工商户）,订单结算
2026-04-24 11:39:15,'2026042411391009695892980793,入账,1.89,聚合账户,货款结算入账,小店自卖,'6952064463516734779,'6952064463516734779,'SS76310146184778265600125,2026-04-13 22:45:07,'3808855327718375885,复古豹纹褶皱中号香蕉夹高级感马尾扭扭夹后脑勺韩系显发量发卡,,,普通订单,0.01,0,0,1.98,0,0,0,0,0,0,0,0,-0.1,0,0,0,0,0,0,否,0,义乌市於郝电子商务商行（个体工商户）,订单结算
2026-04-24 11:40:06,'2026042411400038135731580793,出账,2,聚合账户,小额打款,,'6925682248979480046,'6925682248979480046,,,,,,,普通订单,0,0,0,0,0,0,0,0,0,0,0,0,0,0,0,0,0,0,0,,0,义乌市於郝电子商务商行（个体工商户）,商家向消费者小额打款-“其他”
2026-04-24 11:40:35,'2026042411402731639024730793,入账,4.62,聚合账户,货款结算入账,小店自卖,'6952051139204355803,'6952051139204355803,'SS76310166965481971580066,2026-04-13 19:55:57,'3808518913650721160,新款高级牡丹花流苏抓夹毛毛发夹后脑勺显发量大号鲨鱼头饰发夹,,,普通订单,4.86,0,0,0,0,0,0,0,0,0,0,0,-0.24,0,0,0,0,0,0,否,0,义乌市於郝电子商务商行（个体工商户）,订单结算
2026-04-24 11:41:34,'2026042411412927482199230793,入账,5.64,聚合账户,货款结算入账,小店自卖,'6925580798472256999,'6925580798472256999,'SS76310705935546291580063,2026-04-14 09:46:12,'3809602909876912378,2026韩系格子方巾大肠发圈高级慵懒风发绳扎方形头发头绳大号发饰,,,普通订单,2.94,0,0,3,0,0,0,0,0,0,0,0,-0.3,0,0,0,0,0,0,,0,义乌市於郝电子商务商行（个体工商户）,订单结算
2026-04-24 11:42:52,'2026042411424618964324100793,入账,4.62,聚合账户,货款结算入账,小店自卖,'6952109828941354966,'6952109828941354966,'SS76312279201108631190179,2026-04-15 22:45:35,'3808518913650721160,新款高级牡丹花流苏抓夹毛毛发夹后脑勺显发量大号鲨鱼头饰发夹,,,普通订单,4.86,0,0,0,0,0,0,0,0,0,0,0,-0.24,0,0,0,0,0,0,,0,义乌市於郝电子商务商行（个体工商户）,订单结算
2026-04-24 11:43:00,'2026042411425427138465550793,入账,1.89,聚合账户,货款结算入账,小店自卖,'6952171132525221544,'6952171132525221544,'SS76310807821454710030127,2026-04-18 10:57:51,'3808855327718375885,复古豹纹波点褶皱高马尾香蕉夹小号后脑勺竖夹韩系显发量发夹,,,普通订单,0.01,0,0,1.98,0,0,0,0,0,0,0,0,-0.1,0,0,0,0,0,0,否,0,义乌市於郝电子商务商行（个体工商户）,订单结算
2026-04-24 11:43:04,'2026042411425901944663500793,入账,1.89,聚合账户,货款结算入账,小店自卖,'6952049035134703301,'6952049035134703301,'SS76310146132910415620055,2026-04-13 22:23:13,'3808855327718375885,复古豹纹褶皱中号香蕉夹高级感马尾扭扭夹后脑勺韩系显发量发卡,,,普通订单,0.01,0,0,1.98,0,0,0,0,0,0,0,0,-0.1,0,0,0,0,0,0,否,0,义乌市於郝电子商务商行（个体工商户）,订单结算
2026-04-24 11:43:17,'2026042411431135327063230793,入账,1.89,聚合账户,货款结算入账,小店自卖,'6925566349066534887,'6925566349066534887,'SS76310153510860723470046,2026-04-13 22:17:12,'3808855327718375885,复古豹纹褶皱中号香蕉夹高级感马尾扭扭夹后脑勺韩系显发量发卡,,,普通订单,0.01,0,0,1.98,0,0,0,0,0,0,0,0,-0.1,0,0,0,0,0,0,否,0,义乌市於郝电子商务商行（个体工商户）,订单结算
2026-04-24 11:44:15,'2026042411440902631808090793,入账,5.68,聚合账户,货款结算入账,小店自卖,'6952126537102857614,'6952126537102857614,'SS76311416881817854070069,2026-04-16 17:52:16,'3811282248515322341,可爱小黄鸡小猪发圈学生风萌系扎发神器黑色发绳扎头发皮筋卖头饰,,,普通订单,5.98,0,0,0,0,0,0,0,0,0,0,0,-0.3,0,0,0,0,0,0,否,0,义乌市於郝电子商务商行（个体工商户）,订单结算
2026-04-24 11:44:22,'2026042411441705454402650793,入账,4.26,聚合账户,货款结算入账,小店自卖,'6952052281912857871,'6952052281912857871,'SS76311057010037071700025,2026-04-14 12:27:51,'3811116864172589149,森系干枯山茶花朵7cm小抓夹百搭气质发夹女后脑勺超仙鲨鱼夹发饰,,,普通订单,4.48,0,0,0,0,0,0,0,0,0,0,0,-0.22,0,0,0,0,0,0,否,0,义乌市於郝电子商务商行（个体工商户）,订单结算
2026-04-24 11:44:38,'2026042411443114618015140793,入账,2,聚合账户,货款结算入账,小店自卖,'6952044529112520135,'6952044529112520135,'SS76311393520975388350210,2026-04-13 19:12:39,'3808826072573804729,迷你小号无痕鸭嘴夹抓夹小夹子精致蝴蝶结碎发夹刘海夹高级感发卡,,,普通订单,0.11,0,0,2,0,0,0,0,0,0,0,0,-0.11,0,0,0,0,0,0,否,0,义乌市於郝电子商务商行（个体工商户）,订单结算
2026-04-24 11:44:50,'2026042411444434362168750793,入账,1.89,聚合账户,货款结算入账,小店自卖,'6925568118779182686,'6925568118779182686,'SS76310143288413068800114,2026-04-13 18:25:03,'3808855327718375885,复古豹纹褶皱中号香蕉夹高级感马尾扭扭夹后脑勺韩系显发量发卡,,,普通订单,1.99,0,0,0,0,0,0,0,0,0,0,0,-0.1,0,0,0,0,0,0,否,0,义乌市於郝电子商务商行（个体工商户）,订单结算
2026-04-24 11:45:09,'2026042411450232814702580793,入账,1.89,聚合账户,货款结算入账,小店自卖,'6952048777692452367,'6952048777692452367,'SS76310143768087923610018,2026-04-13 20:16:28,'3808855327718375885,复古豹纹褶皱中号香蕉夹高级感马尾扭扭夹后脑勺韩系显发量发卡,,,普通订单,1.73,0,0,0.26,0,0,0,0,0,0,0,0,-0.1,0,0,0,0,0,0,否,0,义乌市於郝电子商务商行（个体工商户）,订单结算
2026-04-24 11:46:43,'2026042411463827222676750793,入账,3.76,聚合账户,货款结算入账,小店自卖,'6951899180667442210,'6951899180667442210,'SS76310546601870298110075,2026-04-08 21:44:10,'3809071830694756502,蓝楹蝶早春气质蓝色花朵发夹甜美氛围感头花侧边夹旅行发卡森系,,,普通订单,0.78,0,0,3.18,0,0,0,0,0,0,0,0,-0.2,0,0,0,0,0,0,,0,义乌市於郝电子商务商行（个体工商户）,订单结算
2026-04-24 11:49:39,'2026042411493407091986180793,入账,3.14,聚合账户,货款结算入账,巨量千川,'6952031306074363699,'6952031306074363699,'SS76310281880312061590017,2026-04-13 22:04:02,'3808522822146457689,夏天简约随手盘发一字夹扭扭夹水钻抓夹高级发夹扭扭后脑勺盘发器,,,普通订单,0.01,0,0,3.3,0,0,0,0,0,0,0,0,-0.17,0,0,0,0,0,0,否,0,义乌市於郝电子商务商行（个体工商户）,订单结算
2026-04-24 11:51:49,'2026042411514315435046900793,入账,1.89,聚合账户,货款结算入账,小店自卖,'6952045141820970712,'6952045141820970712,'SS76310148884672025750079,2026-04-14 00:07:40,'3808855327718375885,复古豹纹褶皱中号香蕉夹高级感马尾扭扭夹后脑勺韩系显发量发卡,,,普通订单,1.99,0,0,0,0,0,0,0,0,0,0,0,-0.1,0,0,0,0,0,0,否,0,义乌市於郝电子商务商行（个体工商户）,订单结算
2026-04-24 11:54:39,'2026042411543301805519510793,入账,6.12,聚合账户,货款结算入账,小店自卖,'6925611741123149394,'6925611741123149394,'SS76310812713512678820011,2026-04-15 20:08:20,'3808509441058406492,新款扭扭麻花发箍女简约高颅顶带齿防滑洗脸头箍发卡高级感民族风,,,普通订单,4.44,0,0,2,0,0,0,0,0,0,0,0,-0.32,0,0,0,0,0,0,,0,义乌市於郝电子商务商行（个体工商户）,订单结算
2026-04-24 11:56:33,'2026042411562733851809780793,入账,3.23,聚合账户,货款结算入账,小店自卖,'6925695042876177547,'6925695042876177547,'SS76311770313168002560067,2026-04-18 17:00:49,'3808518913650721160,新款高级牡丹花流苏抓夹毛毛发夹后脑勺显发量大号鲨鱼头饰发夹,,,普通订单,0.01,0,0,3.39,0,0,0,0,0,0,0,0,-0.17,0,0,0,0,0,0,否,0,义乌市於郝电子商务商行（个体工商户）,订单结算
2026-04-24 11:56:33,'2026042411562718679733850793,入账,4.62,聚合账户,货款结算入账,小店自卖,'6925678333384294033,'6925678333384294033,'SS76310486721075942550246,2026-04-17 17:49:00,'3808518913650721160,新款高级牡丹花流苏抓夹毛毛发夹后脑勺显发量大号鲨鱼头饰发夹,,,普通订单,0.01,0,0,4.85,0,0,0,0,0,0,0,0,-0.24,0,0,0,0,0,0,,0,义乌市於郝电子商务商行（个体工商户）,订单结算
2026-04-24 11:56:33,'2026042411562639564744140793,入账,3.19,聚合账户,货款结算入账,小店自卖,'6952168181455787966,'6952168181455787966,'SS76311486588805291520066,2026-04-18 22:14:53,'3808855327718375885,复古豹纹波点褶皱高马尾香蕉夹小号后脑勺竖夹韩系显发量发夹,,,普通订单,1.36,0,0,2,0,0,0,0,0,0,0,0,-0.17,0,0,0,0,0,0,否,0,义乌市於郝电子商务商行（个体工商户）,订单结算
2026-04-24 11:56:33,'2026042411562815145538660793,入账,1.89,聚合账户,货款结算入账,小店自卖,'6952138786647709406,'6952138786647709406,'SS76311303860257098750192,2026-04-17 13:48:54,'3808855327718375885,复古豹纹波点褶皱高马尾香蕉夹小号后脑勺竖夹韩系显发量发夹,,,普通订单,0.01,0,0,1.98,0,0,0,0,0,0,0,0,-0.1,0,0,0,0,0,0,否,0,义乌市於郝电子商务商行（个体工商户）,订单结算
2026-04-24 11:56:34,'2026042411562731756459670793,入账,1.89,聚合账户,货款结算入账,小店自卖,'6952205884140754393,'6952205884140754393,'SS76311640695755738140099,2026-04-20 13:53:50,'3808855327718375885,复古豹纹波点褶皱高马尾香蕉夹小号后脑勺竖夹韩系显发量发夹,,,普通订单,0.01,0,0,1.98,0,0,0,0,0,0,0,0,-0.1,0,0,0,0,0,0,否,0,义乌市於郝电子商务商行（个体工商户）,订单结算
2026-04-24 11:56:34,'2026042411562735781025740793,入账,2.41,聚合账户,货款结算入账,小店自卖,'6925662888961539819,'6925662888961539819,'SS76312202830152501850061,2026-04-17 17:00:42,'3811282248515322341,可爱小黄鸡小猪发圈学生风萌系扎发神器黑色发绳扎头发皮筋卖头饰,,,普通订单,0.01,0,0,2.53,0,0,0,0,0,0,0,0,-0.13,0,0,0,0,0,0,否,0,义乌市於郝电子商务商行（个体工商户）,订单结算
2026-04-24 11:56:34,'2026042411562733854758900793,入账,4.12,聚合账户,货款结算入账,小店自卖,'6925700460404964426,'6925700460404964426,'SS76311493462472793950242,2026-04-19 05:55:49,'3808512101882920970,新款高颜值橡皮筋高级发圈简约可爱头绳不勒发绳无扎痕头饰发饰品,,,普通订单,4.34,0,0,0,0,0,0,0,0,0,0,0,-0.22,0,0,0,0,0,0,否,0,义乌市於郝电子商务商行（个体工商户）,订单结算
2026-04-24 11:56:34,'2026042411562739679964500793,入账,5.98,聚合账户,货款结算入账,小店自卖,'6952171006136095969,'6952171006136095969,'SS76311144706892969060198,2026-04-18 10:04:11,'3809586825216000110,春夏撞色甜美蝴蝶结发夹女后脑勺抓夹2026新款气质大号盘发鸭嘴夹,,,普通订单,6.29,0,0,0,0,0,0,0,0,0,0,0,-0.31,0,0,0,0,0,0,否,0,义乌市於郝电子商务商行（个体工商户）,订单结算
2026-04-24 11:56:34,'2026042411562838839590400793,入账,4.81,聚合账户,货款结算入账,小店自卖,'6952146397999862945,'6952146397999862945,'SS76310601146278098300208,2026-04-18 08:31:52,'3808515754769383695,2026新款高级牡丹花流苏抓夹毛毛发夹后脑勺显发量大号鲨鱼夹头饰,,,普通订单,5.06,0,0,0,0,0,0,0,0,0,0,0,-0.25,0,0,0,0,0,0,否,0,义乌市於郝电子商务商行（个体工商户）,订单结算
2026-04-24 11:56:34,'2026042411562733932784730793,入账,1.89,聚合账户,货款结算入账,小店自卖,'6925617530904476728,'6925617530904476728,'SS76311199553467028750089,2026-04-15 16:56:47,'3808855327718375885,复古豹纹波点褶皱高马尾香蕉夹小号后脑勺竖夹韩系显发量发夹,,,普通订单,0.01,0,0,1.98,0,0,0,0,0,0,0,0,-0.1,0,0,0,0,0,0,否,0,义乌市於郝电子商务商行（个体工商户）,订单结算
2026-04-24 11:56:35,'2026042411562912295217060793,入账,4.26,聚合账户,货款结算入账,巨量千川,'6952156337906324656,'6952156337906324656,'SS76309702898787295120002,2026-04-18 12:02:16,'3811116864172589149,森系干枯山茶花朵7cm小抓夹百搭气质发夹女后脑勺超仙鲨鱼夹发饰,,,普通订单,4.48,0,0,0,0,0,0,0,0,0,0,0,-0.22,0,0,0,0,0,0,否,0,义乌市於郝电子商务商行（个体工商户）,订单结算
2026-04-24 11:56:35,'2026042411562826846170230793,入账,1.89,聚合账户,货款结算入账,小店自卖,'6952135063091680585,'6952135063091680585,'SS76310687049864159060149,2026-04-17 15:46:46,'3808855327718375885,复古豹纹波点褶皱高马尾香蕉夹小号后脑勺竖夹韩系显发量发夹,,,普通订单,1.99,0,0,0,0,0,0,0,0,0,0,0,-0.1,0,0,0,0,0,0,否,0,义乌市於郝电子商务商行（个体工商户）,订单结算
2026-04-24 11:56:35,'2026042411562826053512040793,入账,2.86,聚合账户,货款结算入账,小店自卖,'6925738024421129968,'6925738024421129968,'SS76311479637917209860027,2026-04-20 11:13:38,'3809438133272051839,韩版新款格纹蝴蝶结香蕉夹复古少女中号马尾夹百搭扭扭发卡抓夹,,,普通订单,3.01,0,0,0,0,0,0,0,0,0,0,0,-0.15,0,0,0,0,0,0,否,0,义乌市於郝电子商务商行（个体工商户）,订单结算
2026-04-24 11:56:35,'2026042411562821191073910793,入账,4.08,聚合账户,货款结算入账,小店自卖,'6925671854547369133,'6925671854547369133,'SS76310164624051287300163,2026-04-17 19:20:45,'3809214874429555055,【LOVEIXCC】新款法式网红发箍发卡宽边复古秋冬头饰百搭高级盘发器,,,普通订单,4.3,0,0,0,0,0,0,0,0,0,0,0,-0.22,0,0,0,0,0,0,,0,义乌市於郝电子商务商行（个体工商户）,订单结算
2026-04-24 11:56:35,'2026042411562728449676990793,入账,3.15,聚合账户,货款结算入账,小店自卖,'6952194002270557331,'6952194002270557331,'SS76311725700578186780088,2026-04-19 22:44:36,'3808518913650721160,新款高级牡丹花流苏抓夹毛毛发夹后脑勺显发量大号鲨鱼头饰发夹,,,普通订单,3.32,0,0,0,0,0,0,0,0,0,0,0,-0.17,0,0,0,0,0,0,否,0,义乌市於郝电子商务商行（个体工商户）,订单结算
2026-04-24 12:06:06,'2026042412060208710889340793,入账,3.32,聚合账户,货款结算入账,小店自卖,'6925568430936587686,'6925568430936587686,'SS76310172302519994970155,2026-04-13 21:04:02,'3808518913650721160,新款高级牡丹花流苏抓夹毛毛发夹后脑勺显发量大号鲨鱼头饰发夹,,,普通订单,2.53,0,0,0.97,0,0,0,0,0,0,0,0,-0.18,0,0,0,0,0,0,,0,义乌市於郝电子商务商行（个体工商户）,订单结算
2026-04-24 12:08:55,'2026042412084726900895230793,入账,1.89,聚合账户,货款结算入账,小店自卖,'6925452857189039900,'6925452857189039900,'SS76310062089860882270222,2026-04-08 22:53:36,'3808855327718375885,复古豹纹褶皱中号香蕉夹高级感马尾扭扭夹后脑勺韩系显发量发卡,,,普通订单,0.01,0,0,1.98,0,0,0,0,0,0,0,0,-0.1,0,0,0,0,0,0,,0,义乌市於郝电子商务商行（个体工商户）,订单结算
2026-04-24 12:11:59,'2026042412115407801735680793,入账,2.86,聚合账户,货款结算入账,小店自卖,'6952048435325245150,'6952048435325245150,'SS76311397094308257550134,2026-04-13 16:18:35,'3809438133272051839,韩版新款格纹蝴蝶结香蕉夹复古少女中号马尾夹百搭扭扭发卡抓夹,,,普通订单,0.01,0,0,3,0,0,0,0,0,0,0,0,-0.15,0,0,0,0,0,0,否,0,义乌市於郝电子商务商行（个体工商户）,订单结算
2026-04-24 12:15:04,'2026042412145811167667630793,入账,3.27,聚合账户,货款结算入账,小店自卖,'6951793682764338185,'6951793682764338185,'SS76311077804601349530065,2026-04-03 13:12:04,'3811282248515322341,可爱小黄鸡小猪发圈学生风萌系扎发神器黑色发绳扎头发皮筋卖头饰,,,普通订单,3.44,0,0,0,0,0,0,0,0,0,0,0,-0.17,0,0,0,0,0,0,否,0,义乌市於郝电子商务商行（个体工商户）,订单结算
2026-04-24 12:15:17,'2026042412151209986542540793,入账,1.14,聚合账户,货款结算入账,小店自卖,'6952036996778497343,'6952036996778497343,'SS76311393429125204840246,2026-04-13 12:46:18,'3808884262871105705,牡丹花羽毛流苏珠珠抓夹时尚新款发夹后脑勺氛围气质优雅鲨鱼百搭,,,普通订单,1.2,0,0,0,0,0,0,0,0,0,0,0,-0.06,0,0,0,0,0,0,否,0,义乌市於郝电子商务商行（个体工商户）,订单结算
2026-04-24 12:16:03,'2026042412155806839995070793,入账,5.68,聚合账户,货款结算入账,小店自卖,'6952048705846907953,'6952048705846907953,'SS76311087814306209370212,2026-04-13 19:13:04,'3811282248515322341,可爱小黄鸡小猪发圈学生风萌系扎发神器黑色发绳扎头发皮筋卖头饰,,,普通订单,1.98,0,0,4,0,0,0,0,0,0,0,0,-0.3,0,0,0,0,0,0,否,0,义乌市於郝电子商务商行（个体工商户）,订单结算
2026-04-24 12:17:02,'2026042412165534820262490793,入账,3.27,聚合账户,货款结算入账,小店自卖,'6952041922135594696,'6952041922135594696,'SS76310281138127508990143,2026-04-13 17:39:40,'3811282248515322341,可爱小黄鸡小猪发圈学生风萌系扎发神器黑色发绳扎头发皮筋卖头饰,,,普通订单,3.44,0,0,0,0,0,0,0,0,0,0,0,-0.17,0,0,0,0,0,0,否,0,义乌市於郝电子商务商行（个体工商户）,订单结算
2026-04-24 12:17:18,'2026042412171230456264220793,入账,4.41,聚合账户,货款结算入账,小店自卖,'6925566076860595546,'6925566076860595546,'SS76311141195711124830151,2026-04-13 20:48:58,'3811282248515322341,可爱小黄鸡小猪发圈学生风萌系扎发神器黑色发绳扎头发皮筋卖头饰,,,普通订单,4.64,0,0,0,0,0,0,0,0,0,0,0,-0.23,0,0,0,0,0,0,否,0,义乌市於郝电子商务商行（个体工商户）,订单结算
2026-04-24 12:17:33,'2026042412172632006190540793,入账,5.81,聚合账户,货款结算入账,小店自卖,'6952093161928201440,'6952093161928201440,'SS76311210979995159420192,2026-04-15 08:41:56,'3811460399421850099,简约几何波浪珍珠抓夹女2026新款后脑勺发夹鲨鱼夹子大号发量发饰,,,普通订单,6.12,1,0,0,0,0,0,0,0,0,0,0,-0.31,0,0,0,0,0,0,否,0,义乌市於郝电子商务商行（个体工商户）,订单结算
2026-04-24 12:17:57,'2026042412174939961277530793,入账,4.33,聚合账户,货款结算入账,小店自卖,'6952037270654621461,'6952037270654621461,'SS76310281004874473370159,2026-04-13 15:56:27,'3811107016030683631,森系干枯山茶花朵7cm小抓夹 百搭气质发夹女后脑勺超仙鲨夹发饰,,,普通订单,4.56,0,0,0,0,0,0,0,0,0,0,0,-0.23,0,0,0,0,0,0,,0,义乌市於郝电子商务商行（个体工商户）,订单结算
2026-04-24 12:18:25,'2026042412181805396895080793,入账,3.23,聚合账户,货款结算入账,小店自卖,'6952042829362370209,'6952042829362370209,'SS76310166793138877500021,2026-04-14 08:10:07,'3808515754769383695,2026新款高级牡丹花流苏抓夹毛毛发夹后脑勺显发量大号鲨鱼夹头饰,,,普通订单,0.01,0,0,0,0,0,0,0,3.39,0,0,0,-0.17,0,0,0,0,0,0,,0,义乌市於郝电子商务商行（个体工商户）,订单结算
2026-04-24 12:25:07,'2026042412245822490161100793,入账,1.89,聚合账户,货款结算入账,小店自卖,'6952046907500008840,'6952046907500008840,'SS76310146876604419060018,2026-04-13 21:58:57,'3808855327718375885,复古豹纹褶皱中号香蕉夹高级感马尾扭扭夹后脑勺韩系显发量发卡,,,普通订单,0.01,0,0,1.98,0,0,0,0,0,0,0,0,-0.1,0,0,0,0,0,0,否,0,义乌市於郝电子商务商行（个体工商户）,订单结算
2026-04-24 12:25:11,'2026042412250238870758500793,入账,3.26,聚合账户,货款结算入账,小店自卖,'6952127856462271574,'6952127856462271574,'SS76310286722884083710112,2026-04-17 12:32:37,'3808518913650721160,新款高级牡丹花流苏抓夹毛毛发夹后脑勺显发量大号鲨鱼头饰发夹,,,普通订单,1.43,0,0,2,0,0,0,0,0,0,0,0,-0.17,0,0,0,0,0,0,否,0,义乌市於郝电子商务商行（个体工商户）,订单结算
2026-04-24 12:30:08,'2026042412300135064878460793,入账,3.19,聚合账户,货款结算入账,小店自卖,'6925663602580291123,'6925663602580291123,'SS76310672694179438620140,2026-04-17 22:30:46,'3808855327718375885,复古豹纹波点褶皱高马尾香蕉夹小号后脑勺竖夹韩系显发量发夹,,,普通订单,3.36,0,0,0,0,0,0,0,0,0,0,0,-0.17,0,0,0,0,0,0,否,0,义乌市於郝电子商务商行（个体工商户）,订单结算
2026-04-24 12:32:09,'2026042412320427976504320793,入账,2.65,聚合账户,货款结算入账,小店自卖,'6925688303379643717,'6925688303379643717,'SS76311521590746690920076,2026-04-18 11:57:01,'3808512101882920970,新款高颜值橡皮筋高级发圈简约可爱头绳不勒发绳无扎痕头饰发饰品,,,普通订单,2.79,0,0,0,0,0,0,0,0,0,0,0,-0.14,0,0,0,0,0,0,否,0,义乌市於郝电子商务商行（个体工商户）,订单结算
2026-04-24 12:33:10,'2026042412330327976013300793,入账,3.89,聚合账户,货款结算入账,小店自卖,'6952143933532738614,'6952143933532738614,'SS76311840377972006750198,2026-04-17 23:23:27,'3808855327718375885,复古豹纹波点褶皱高马尾香蕉夹小号后脑勺竖夹韩系显发量发夹,,,普通订单,4.09,0,0,0,0,0,0,0,0,0,0,0,-0.2,0,0,0,0,0,0,否,0,义乌市於郝电子商务商行（个体工商户）,订单结算
2026-04-24 12:35:00,'2026042412345532219958180793,入账,2.72,聚合账户,货款结算入账,小店自卖,'6952064717688935711,'6952064717688935711,'SS76296859737559042820090,2026-04-14 07:54:36,'3808518913650721160,新款高级牡丹花流苏抓夹毛毛发夹后脑勺显发量大号鲨鱼头饰发夹,,,普通订单,4.86,0,0,0,0,0,0,0,0,0,0,-2,-0.14,0,0,0,0,0,0,否,0,义乌市於郝电子商务商行（个体工商户）,订单结算
2026-04-24 12:42:25,'2026042412422225127163390793,出账,2,聚合账户,小额打款,,'6925774191368109852,'6925774191368109852,,,,,,,普通订单,0,0,0,0,0,0,0,0,0,0,0,0,0,0,0,0,0,0,0,,0,义乌市於郝电子商务商行（个体工商户）,商家向消费者小额打款-“其他”
2026-04-24 12:58:25,'2026042412582013131617660793,入账,3.27,聚合账户,货款结算入账,小店自卖,'6925707270723042741,'6925707270723042741,'SS76312201976594112340077,2026-04-19 00:50:15,'3811282248515322341,可爱小黄鸡小猪发圈学生风萌系扎发神器黑色发绳扎头发皮筋卖头饰,,,普通订单,3.44,0,0,0,0,0,0,0,0,0,0,0,-0.17,0,0,0,0,0,0,否,0,义乌市於郝电子商务商行（个体工商户）,订单结算
2026-04-24 13:00:45,'2026042413004006448090060793,出账,2,聚合账户,小额打款,,'6952235536003897047,'6952235536003897047,,,,,,,普通订单,0,0,0,0,0,0,0,0,0,0,0,0,0,0,0,0,0,0,0,,0,义乌市於郝电子商务商行（个体工商户）,商家向消费者小额打款-“其他”
2026-04-24 13:03:01,'2026042413025217827765820793,入账,4.62,聚合账户,货款结算入账,小店自卖,'6925707013584617367,'6925707013584617367,'SS76310791454133826750214,2026-04-18 22:43:16,'3809438133272051839,韩版新款格纹蝴蝶结香蕉夹复古少女中号马尾夹百搭扭扭发卡抓夹,,,普通订单,4.86,0,0,0,0,0,0,0,0,0,0,0,-0.24,0,0,0,0,0,0,否,0,义乌市於郝电子商务商行（个体工商户）,订单结算
2026-04-24 13:03:34,'2026042413032714390400410793,入账,3.19,聚合账户,货款结算入账,小店自卖,'6925563489665907825,'6925563489665907825,'SS76310138205857062550207,2026-04-13 16:40:20,'3808855327718375885,复古豹纹褶皱中号香蕉夹高级感马尾扭扭夹后脑勺韩系显发量发卡,,,普通订单,3.36,0,0,0,0,0,0,0,0,0,0,0,-0.17,0,0,0,0,0,0,否,0,义乌市於郝电子商务商行（个体工商户）,订单结算
2026-04-24 13:09:27,'2026042413091533316910460793,出账,2,聚合账户,小额打款,,'6952262079930897972,'6952262079930897972,,,,,,,普通订单,0,0,0,0,0,0,0,0,0,0,0,0,0,0,0,0,0,0,0,,0,义乌市於郝电子商务商行（个体工商户）,商家向消费者小额打款-“其他”
2026-04-24 13:10:31,'2026042413101702376829870793,入账,2.72,聚合账户,货款结算入账,小店自卖,'6925472209775198021,'6925472209775198021,'SS76310152379887459990001,2026-04-09 23:35:43,'3808518913650721160,新款高级牡丹花流苏抓夹毛毛发夹后脑勺显发量大号鲨鱼头饰发夹,,,普通订单,2.86,0,0,0,0,0,0,0,0,0,0,0,-0.14,0,0,0,0,0,0,,0,义乌市於郝电子商务商行（个体工商户）,订单结算
2026-04-24 13:15:28,'2026042413152040768845230793,入账,2.36,聚合账户,货款结算入账,小店自卖,'6952028606189671468,'6952028606189671468,'SS76310281828525514300169,2026-04-13 14:00:45,'3811651203201368491,2026新款丸子头高级感马尾气质花朵抓夹温柔气质百搭网纱简约优雅,,,普通订单,2.48,0,0,0,0,0,0,0,0,0,0,0,-0.12,0,0,0,0,0,0,,0,义乌市於郝电子商务商行（个体工商户）,订单结算
2026-04-24 13:22:54,'2026042413224627238118550793,入账,2.81,聚合账户,货款结算入账,小店自卖,'6952057310252373124,'6952057310252373124,'SS76311671083028649390095,2026-04-14 21:16:29,'3812041508446667048,碎发整理神器发卡刘海头发夹子头饰防滑发梳插梳子倒插梳梳子发夹,,,普通订单,1.84,0,0,0.23,0,0,0,0,0,0.89,0,0,-0.15,0,0,0,0,0,0,否,0,义乌市於郝电子商务商行（个体工商户）,订单结算
2026-04-24 13:22:54,'2026042413224631932096270793,入账,2.8,聚合账户,货款结算入账,小店自卖,'6925661096459140311,'6925661096459140311,'SS76308760948766684700119,2026-04-17 15:44:02,'3809599445994176839,春日超仙韩系碎花蕾丝大肠发圈女甜美感丸子头慵懒风超大发饰头绳,,,普通订单,0.01,0,0,2.94,0,0,0,0,0,0,0,0,-0.15,0,0,0,0,0,0,,0,义乌市於郝电子商务商行（个体工商户）,订单结算
2026-04-24 13:22:54,'2026042413224524293870600793,入账,1.89,聚合账户,货款结算入账,小店自卖,'6952187861600638431,'6952187861600638431,'SS76311851289245125460187,2026-04-18 20:48:23,'3808855327718375885,复古豹纹波点褶皱高马尾香蕉夹小号后脑勺竖夹韩系显发量发夹,,,普通订单,0.01,0,0,1.98,0,0,0,0,0,0,0,0,-0.1,0,0,0,0,0,0,否,0,义乌市於郝电子商务商行（个体工商户）,订单结算
2026-04-24 13:22:54,'2026042413224607606768740793,入账,3.32,聚合账户,货款结算入账,小店自卖,'6925642094108310763,'6925642094108310763,'SS76309896568937188300113,2026-04-16 22:01:52,'3808515754769383695,2026新款高级牡丹花流苏抓夹毛毛发夹后脑勺显发量大号鲨鱼夹头饰,,,普通订单,1.3,0,0,2.2,0,0,0,0,0,0,0,0,-0.18,0,0,0,0,0,0,否,0,义乌市於郝电子商务商行（个体工商户）,订单结算
2026-04-24 13:22:54,'2026042413224722948419070793,入账,1.89,聚合账户,货款结算入账,巨量千川,'6952164775431050321,'6952164775431050321,'SS76311015477971072190029,2026-04-18 12:58:31,'3808855327718375885,复古豹纹波点褶皱高马尾香蕉夹小号后脑勺竖夹韩系显发量发夹,,,普通订单,0.01,0,0,1.98,0,0,0,0,0,0,0,0,-0.1,0,0,0,0,0,0,否,0,义乌市於郝电子商务商行（个体工商户）,订单结算
2026-04-24 13:22:54,'2026042413224818211026420793,入账,3.19,聚合账户,货款结算入账,小店自卖,'6925650868225735937,'6925650868225735937,'SS76312315313330959790080,2026-04-16 19:47:14,'3808855327718375885,复古豹纹波点褶皱高马尾香蕉夹小号后脑勺竖夹韩系显发量发夹,,,普通订单,0.01,0,0,3.35,0,0,0,0,0,0,0,0,-0.17,0,0,0,0,0,0,,0,义乌市於郝电子商务商行（个体工商户）,订单结算
2026-04-24 13:22:54,'2026042413224638345776730793,入账,3.32,聚合账户,货款结算入账,小店自卖,'6925624023217438218,'6925624023217438218,'SS76310978108684869390024,2026-04-15 13:11:59,'3808518913650721160,新款高级牡丹花流苏抓夹毛毛发夹后脑勺显发量大号鲨鱼头饰发夹,,,普通订单,0.7,0,0,2.8,0,0,0,0,0,0,0,0,-0.18,0,0,0,0,0,0,否,0,义乌市於郝电子商务商行（个体工商户）,订单结算
2026-04-24 13:22:54,'2026042413224815561692540793,入账,1.89,聚合账户,货款结算入账,巨量千川,'6925704674557787818,'6925704674557787818,'SS76308793789958108420137,2026-04-18 22:17:19,'3808855327718375885,复古豹纹波点褶皱高马尾香蕉夹小号后脑勺竖夹韩系显发量发夹,,,普通订单,0.01,0,0,1.98,0,0,0,0,0,0,0,0,-0.1,0,0,0,0,0,0,否,0,义乌市於郝电子商务商行（个体工商户）,订单结算
2026-04-24 13:22:54,'2026042413224814555756020793,入账,2.86,聚合账户,货款结算入账,小店自卖,'6952169916249544508,'6952169916249544508,'SS76312063832257334180008,2026-04-19 01:22:13,'3809438133272051839,韩版新款格纹蝴蝶结香蕉夹复古少女中号马尾夹百搭扭扭发卡抓夹,,,普通订单,2.62,0,0,0.39,0,0,0,0,0,0,0,0,-0.15,0,0,0,0,0,0,否,0,义乌市於郝电子商务商行（个体工商户）,订单结算
2026-04-24 13:22:54,'2026042413224904075730180793,入账,1.89,聚合账户,货款结算入账,小店自卖,'6952197020693370071,'6952197020693370071,'SS76312340257314616780228,2026-04-19 11:55:36,'3808855327718375885,复古豹纹波点褶皱高马尾香蕉夹小号后脑勺竖夹韩系显发量发夹,,,普通订单,0.01,0,0,1.98,0,0,0,0,0,0,0,0,-0.1,0,0,0,0,0,0,否,0,义乌市於郝电子商务商行（个体工商户）,订单结算
2026-04-24 13:22:54,'2026042413224806544105420793,入账,1.89,聚合账户,货款结算入账,小店自卖,'6952192310395279005,'6952192310395279005,'SS76312194497685796240119,2026-04-19 00:13:58,'3808855327718375885,复古豹纹波点褶皱高马尾香蕉夹小号后脑勺竖夹韩系显发量发夹,,,普通订单,1.73,0,0,0.26,0,0,0,0,0,0,0,0,-0.1,0,0,0,0,0,0,否,0,义乌市於郝电子商务商行（个体工商户）,订单结算
2026-04-24 13:22:54,'2026042413225005201761540793,入账,4.33,聚合账户,货款结算入账,小店自卖,'6925613492924349462,'6925613492924349462,'SS76311303807961175380134,2026-04-15 15:52:04,'3811107016030683631,森系干枯山茶花朵7cm小抓夹 百搭气质发夹女后脑勺超仙鲨夹发饰,,,普通订单,0.56,0,0,4,0,0,0,0,0,0,0,0,-0.23,0,0,0,0,0,0,否,0,义乌市於郝电子商务商行（个体工商户）,订单结算
2026-04-24 13:22:54,'2026042413224400896210260793,入账,5.28,聚合账户,货款结算入账,小店自卖,'6952183540243174888,'6952183540243174888,'SS76311816615187461460100,2026-04-19 07:55:08,'3812574198275113159,雾中鸢尾~韩系气质麻花带齿发箍女款高级感洋气时尚洗脸头箍盘发,,,普通订单,3.96,0,0,1.6,0,0,0,0,0,0,0,0,-0.28,0,0,0,0,0,0,否,0,义乌市於郝电子商务商行（个体工商户）,订单结算
2026-04-24 13:22:54,'2026042413224900967808260793,入账,2.86,聚合账户,货款结算入账,小店自卖,'6925671566318075272,'6925671566318075272,'SS76310216531364257370021,2026-04-17 16:10:19,'3809438133272051839,韩版新款格纹蝴蝶结香蕉夹复古少女中号马尾夹百搭扭扭发卡抓夹,,,普通订单,0.01,0,0,3,0,0,0,0,0,0,0,0,-0.15,0,0,0,0,0,0,,0,义乌市於郝电子商务商行（个体工商户）,订单结算
2026-04-24 13:24:32,'2026042413242241676027260793,出账,2,聚合账户,小额打款,,'6952186964872008795,'6952186964872008795,,,,,,,普通订单,0,0,0,0,0,0,0,0,0,0,0,0,0,0,0,0,0,0,0,,0,义乌市於郝电子商务商行（个体工商户）,商家向消费者小额打款-“其他”
2026-04-24 13:26:51,'2026042413264404116979630793,入账,5.68,聚合账户,货款结算入账,小店自卖,'6925677534170873367,'6925677534170873367,'SS76312217065056343440157,2026-04-18 11:26:52,'3811282248515322341,可爱小黄鸡小猪发圈学生风萌系扎发神器黑色发绳扎头发皮筋卖头饰,,,普通订单,5.98,0,0,0,0,0,0,0,0,0,0,0,-0.3,0,0,0,0,0,0,否,0,义乌市於郝电子商务商行（个体工商户）,订单结算
2026-04-24 13:29:40,'2026042413293037299822580793,入账,3.15,聚合账户,货款结算入账,小店自卖,'6952040265609123648,'6952040265609123648,'SS76310166444798326110027,2026-04-13 21:59:28,'3808518913650721160,新款高级牡丹花流苏抓夹毛毛发夹后脑勺显发量大号鲨鱼头饰发夹,,,普通订单,3.32,0,0,0,0,0,0,0,0,0,0,0,-0.17,0,0,0,0,0,0,否,0,义乌市於郝电子商务商行（个体工商户）,订单结算
2026-04-24 13:35:38,'2026042413353414097822990793,入账,3.89,聚合账户,货款结算入账,小店自卖,'6952059775291233641,'6952059775291233641,'SS76310139810082987880135,2026-04-13 18:38:36,'3808855327718375885,复古豹纹褶皱中号香蕉夹高级感马尾扭扭夹后脑勺韩系显发量发卡,,,普通订单,0.01,0,0,4.08,0,0,0,0,0,0,0,0,-0.2,0,0,0,0,0,0,否,0,义乌市於郝电子商务商行（个体工商户）,订单结算
2026-04-24 13:35:38,'2026042413353503275535710793,入账,1.89,聚合账户,货款结算入账,巨量千川,'6925597262383250608,'6925597262383250608,'SS76311667795612636220162,2026-04-15 02:32:48,'3808855327718375885,复古豹纹褶皱中号香蕉夹高级感马尾扭扭夹后脑勺韩系显发量发卡,,,普通订单,0.01,0,0,1.98,0,0,0,0,0,0,0,0,-0.1,0,0,0,0,0,0,否,0,义乌市於郝电子商务商行（个体工商户）,订单结算
2026-04-24 13:35:38,'2026042413353413847109270793,入账,1.89,聚合账户,货款结算入账,巨量千川,'6925575036704816361,'6925575036704816361,'SS76310143613975432030047,2026-04-13 19:42:29,'3808855327718375885,复古豹纹褶皱中号香蕉夹高级感马尾扭扭夹后脑勺韩系显发量发卡,,,普通订单,0.01,0,0,1.98,0,0,0,0,0,0,0,0,-0.1,0,0,0,0,0,0,否,0,义乌市於郝电子商务商行（个体工商户）,订单结算
2026-04-24 13:35:38,'2026042413353428942505420793,入账,1.89,聚合账户,货款结算入账,小店自卖,'6952195137697617466,'6952195137697617466,'SS76311757178998339020019,2026-04-19 10:12:40,'3808855327718375885,复古豹纹波点褶皱高马尾香蕉夹小号后脑勺竖夹韩系显发量发夹,,,普通订单,0.01,0,0,1.98,0,0,0,0,0,0,0,0,-0.1,0,0,0,0,0,0,否,0,义乌市於郝电子商务商行（个体工商户）,订单结算
2026-04-24 13:35:38,'2026042413353236413279140793,入账,1.04,聚合账户,货款结算入账,小店自卖,'6952043021580440636,'6952043021580375100,'SS76311137202922132910144,2026-04-14 10:42:41,'3808509441058406492,新款扭扭麻花发箍女简约高颅顶带齿防滑洗脸头箍发卡高级感民族风,,,普通订单,0.98,0,0,0.11,0,0,0,0,0,0,0,0,-0.05,0,0,0,0,0,0,,0,义乌市於郝电子商务商行（个体工商户）,订单结算
2026-04-24 13:35:38,'2026042413353401487833950793,入账,1.89,聚合账户,货款结算入账,巨量千川,'6925582104339577874,'6925582104339577874,'SS76310145203772667140245,2026-04-13 21:20:45,'3808855327718375885,复古豹纹褶皱中号香蕉夹高级感马尾扭扭夹后脑勺韩系显发量发卡,,,普通订单,0.01,0,0,1.98,0,0,0,0,0,0,0,0,-0.1,0,0,0,0,0,0,否,0,义乌市於郝电子商务商行（个体工商户）,订单结算
2026-04-24 13:35:38,'2026042413353332599411540793,入账,3.23,聚合账户,货款结算入账,小店自卖,'6925577998619999587,'6925577998619999587,'SS76310173179970524670142,2026-04-13 23:52:52,'3808515754769383695,2026新款高级牡丹花流苏抓夹毛毛发夹后脑勺显发量大号鲨鱼夹头饰,,,普通订单,0.01,0,0,3.39,0,0,0,0,0,0,0,0,-0.17,0,0,0,0,0,0,否,0,义乌市於郝电子商务商行（个体工商户）,订单结算
2026-04-24 13:35:38,'2026042413353322660226970793,入账,1.89,聚合账户,货款结算入账,小店自卖,'6952094865181054166,'6952094865181054166,'SS76311638760457833230171,2026-04-16 00:54:11,'3808855327718375885,复古豹纹波点褶皱高马尾香蕉夹小号后脑勺竖夹韩系显发量发夹,,,普通订单,0.01,0,0,1.98,0,0,0,0,0,0,0,0,-0.1,0,0,0,0,0,0,否,0,义乌市於郝电子商务商行（个体工商户）,订单结算
2026-04-24 13:35:38,'2026042413353337334225980793,入账,4.94,聚合账户,货款结算入账,小店自卖,'6952049666613581123,'6952049666613581123,'SS76310689225483559030222,2026-04-14 10:53:54,'3811282248515322341,可爱小黄鸡小猪发圈学生风萌系扎发神器黑色发绳扎头发皮筋卖头饰,,,普通订单,0.2,0,0,5,0,0,0,0,0,0,0,0,-0.26,0,0,0,0,0,0,否,0,义乌市於郝电子商务商行（个体工商户）,订单结算
2026-04-24 13:35:38,'2026042413353430039250340793,入账,6.1,聚合账户,货款结算入账,小店自卖,'6952057411455882675,'6952057411455882675,'SS76310136441393154820228,2026-04-13 18:34:31,'3810358465323467001,明星同款高颅顶圆形金属发扣刘海发夹女前额侧边夹仿水钻发卡头饰,,,普通订单,5.82,0,0,0.6,0,0,0,0,0,0,0,0,-0.32,0,0,0,0,0,0,否,0,义乌市於郝电子商务商行（个体工商户）,订单结算
2026-04-24 13:35:38,'2026042413353306516088740793,入账,2.39,聚合账户,货款结算入账,巨量千川,'6951921000218694977,'6951921000218694977,'SS76310069657998466620155,2026-04-08 20:12:01,'3808855327718375885,复古豹纹褶皱中号香蕉夹高级感马尾扭扭夹后脑勺韩系显发量发卡,,,普通订单,2.12,0,0,0.4,0,0,0,0,0,0,0,0,-0.13,0,0,0,0,0,0,否,0,义乌市於郝电子商务商行（个体工商户）,订单结算
2026-04-24 13:35:38,'2026042413353516151841740793,入账,5.59,聚合账户,货款结算入账,小店自卖,'6952174531733820417,'6952174531733820417,'SS76311967237881858970189,2026-04-18 22:02:02,'3809602909876912378,2026韩系格子方巾大肠发圈高级慵懒风发绳扎方形头发头绳大号发饰,,,普通订单,1.88,0,0,4,0,0,0,0,0,0,0,0,-0.29,0,0,0,0,0,0,否,0,义乌市於郝电子商务商行（个体工商户）,订单结算
2026-04-24 13:35:38,'2026042413353306009492840793,入账,4.81,聚合账户,货款结算入账,小店自卖,'6952038375592564151,'6952038375592564151,'SS76310173930755525390120,2026-04-14 08:49:28,'3808518913650721160,新款高级牡丹花流苏抓夹毛毛发夹后脑勺显发量大号鲨鱼头饰发夹,,,普通订单,4.26,0,0,0.8,0,0,0,0,0,0,0,0,-0.25,0,0,0,0,0,0,否,0,义乌市於郝电子商务商行（个体工商户）,订单结算
2026-04-24 13:35:38,'2026042413353319181903710793,入账,2.83,聚合账户,货款结算入账,小店自卖,'6925637488715398333,'6925637488715398333,'SS76312426339955553700109,2026-04-16 16:55:22,'3809014413466402928,大肠圈蝴蝶头花带新款波点飘带大肠发圈高级感扎头发皮筋发饰发绳,,,普通订单,0.01,0,0,2.97,0,0,0,0,0,0,0,0,-0.15,0,0,0,0,0,0,否,0,义乌市於郝电子商务商行（个体工商户）,订单结算
2026-04-24 13:35:39,'2026042413353415374464190793,入账,1.21,聚合账户,货款结算入账,小店自卖,'6952163089002337528,'6952163089002337528,'SS76307922370058652580143,2026-04-18 14:52:58,'3808855327718375885,复古豹纹波点褶皱高马尾香蕉夹小号后脑勺竖夹韩系显发量发夹,,,普通订单,1.4,0,0,0.37,0,0,0,0,0,0,0,-0.5,-0.06,0,0,0,0,0,0,否,0,义乌市於郝电子商务商行（个体工商户）,订单结算
2026-04-24 13:35:39,'2026042413353421161457270793,入账,1.89,聚合账户,货款结算入账,小店自卖,'6952026243370325325,'6952026243370325325,'SS76310141829678369470210,2026-04-13 16:10:00,'3808855327718375885,复古豹纹褶皱中号香蕉夹高级感马尾扭扭夹后脑勺韩系显发量发卡,,,普通订单,0.01,0,0,1.98,0,0,0,0,0,0,0,0,-0.1,0,0,0,0,0,0,否,0,义乌市於郝电子商务商行（个体工商户）,订单结算
2026-04-24 13:35:39,'2026042413353112126786990793,入账,3.19,聚合账户,货款结算入账,小店自卖,'6952045135079871581,'6952045135079871581,'SS76310151493186074000162,2026-04-14 00:29:55,'3808855327718375885,复古豹纹褶皱中号香蕉夹高级感马尾扭扭夹后脑勺韩系显发量发卡,,,普通订单,0.36,0,0,3,0,0,0,0,0,0,0,0,-0.17,0,0,0,0,0,0,,0,义乌市於郝电子商务商行（个体工商户）,订单结算
2026-04-24 13:35:39,'2026042413353439260162920793,入账,1.89,聚合账户,货款结算入账,小店自卖,'6952052998754801204,'6952052998754801204,'SS76310141764588836470145,2026-04-13 15:45:09,'3808855327718375885,复古豹纹褶皱中号香蕉夹高级感马尾扭扭夹后脑勺韩系显发量发卡,,,普通订单,0.01,0,0,1.98,0,0,0,0,0,0,0,0,-0.1,0,0,0,0,0,0,否,0,义乌市於郝电子商务商行（个体工商户）,订单结算
2026-04-24 13:35:39,'2026042413353415898097160793,入账,1.89,聚合账户,货款结算入账,小店自卖,'6925706536250211846,'6925706536250211846,'SS76311869442623452310066,2026-04-18 19:40:39,'3808855327718375885,复古豹纹波点褶皱高马尾香蕉夹小号后脑勺竖夹韩系显发量发夹,,,普通订单,0.01,0,0,1.98,0,0,0,0,0,0,0,0,-0.1,0,0,0,0,0,0,否,0,义乌市於郝电子商务商行（个体工商户）,订单结算
2026-04-24 13:35:39,'2026042413353401776235710793,入账,4.81,聚合账户,货款结算入账,小店自卖,'6952056026122229534,'6952056026122229534,'SS76309756145355497310159,2026-04-14 05:44:52,'3808518913650721160,新款高级牡丹花流苏抓夹毛毛发夹后脑勺显发量大号鲨鱼头饰发夹,,,普通订单,3.66,0,0,1.4,0,0,0,0,0,0,0,0,-0.25,0,0,0,0,0,0,否,0,义乌市於郝电子商务商行（个体工商户）,订单结算
2026-04-24 13:35:39,'2026042413353413513198230793,入账,5.68,聚合账户,货款结算入账,小店自卖,'6925573755174747494,'6925573755174747494,'SS76311087971419960590196,2026-04-13 22:59:21,'3811282248515322341,可爱小黄鸡小猪发圈学生风萌系扎发神器黑色发绳扎头发皮筋卖头饰,,,普通订单,3.98,0,0,2,0,0,0,0,0,0,0,0,-0.3,0,0,0,0,0,0,,0,义乌市於郝电子商务商行（个体工商户）,订单结算
2026-04-24 13:35:39,'2026042413353123912783900793,入账,3.32,聚合账户,货款结算入账,小店自卖,'6952064587216590423,'6952064587216590423,'SS76310172465064064630191,2026-04-14 01:00:55,'3808518913650721160,新款高级牡丹花流苏抓夹毛毛发夹后脑勺显发量大号鲨鱼头饰发夹,,,普通订单,2.9,0,0,0.6,0,0,0,0,0,0,0,0,-0.18,0,0,0,0,0,0,否,0,义乌市於郝电子商务商行（个体工商户）,订单结算
2026-04-24 13:35:39,'2026042413353302959488190793,入账,1.89,聚合账户,货款结算入账,小店自卖,'6952059947555493737,'6952059947555493737,'SS76310144978697139580214,2026-04-13 20:34:50,'3812736213081784671,韩系ins风高马尾香蕉夹竖夹女2026新款高级感发夹简约复古发饰,,,普通订单,0.01,0,0,1.98,0,0,0,0,0,0,0,0,-0.1,0,0,0,0,0,0,否,0,义乌市於郝电子商务商行（个体工商户）,订单结算
2026-04-24 13:35:39,'2026042413353323158295230793,入账,1.88,聚合账户,货款结算入账,巨量千川,'6952026217829242196,'6952026217829242196,'SS76310132484152038460007,2026-04-13 16:28:57,'3808514174103978347,明星同款高颅顶圆形金属发扣刘海发夹女前额侧边夹水钻发卡头饰,,,普通订单,0.01,0,0,1.97,0,0,0,0,0,0,0,0,-0.1,0,0,0,0,0,0,否,0,义乌市於郝电子商务商行（个体工商户）,订单结算
2026-04-24 13:35:39,'2026042413353420054553600793,入账,1.89,聚合账户,货款结算入账,小店自卖,'6925568613843959745,'6925568613843959745,'SS76310146841750407740028,2026-04-13 21:48:36,'3808855327718375885,复古豹纹褶皱中号香蕉夹高级感马尾扭扭夹后脑勺韩系显发量发卡,,,普通订单,0.01,0,0,1.98,0,0,0,0,0,0,0,0,-0.1,0,0,0,0,0,0,否,0,义乌市於郝电子商务商行（个体工商户）,订单结算
2026-04-24 13:35:39,'2026042413353533949619620793,入账,9.93,聚合账户,货款结算入账,小店自卖,'6952099108455978477,'6952099108455978477,'SS76312190340002614270056,2026-04-16 06:55:42,'3809273979772993843,新中式咖色碎花四层大肠发圈头花女慵懒风扎头发大号复古发饰头绳,,,普通订单,5.22,0,0,5.23,0,0,0,0,0,0,0,0,-0.52,0,0,0,0,0,0,,0,义乌市於郝电子商务商行（个体工商户）,订单结算
2026-04-24 13:35:39,'2026042413353421691113390793,入账,4.77,聚合账户,货款结算入账,小店自卖,'6952048275924456566,'6952048275924456566,'SS76311411555313628510135,2026-04-13 14:58:28,'3808826072573804729,迷你小号无痕鸭嘴夹抓夹小夹子精致蝴蝶结碎发夹刘海夹高级感发卡,,,普通订单,3.52,0,0,1.5,0,0,0,0,0,0,0,0,-0.25,0,0,0,0,0,0,,0,义乌市於郝电子商务商行（个体工商户）,订单结算
2026-04-24 13:35:39,'2026042413353426680855400793,入账,1.89,聚合账户,货款结算入账,小店自卖,'6952046915267794624,'6952046915267794624,'SS76310153169315269460142,2026-04-13 22:01:47,'3808855327718375885,复古豹纹褶皱中号香蕉夹高级感马尾扭扭夹后脑勺韩系显发量发卡,,,普通订单,0.01,0,0,1.98,0,0,0,0,0,0,0,0,-0.1,0,0,0,0,0,0,,0,义乌市於郝电子商务商行（个体工商户）,订单结算
2026-04-24 13:36:09,'2026042413360213307911740793,入账,1.88,聚合账户,货款结算入账,小店自卖,'6952152407858878267,'6952152407858878267,'SS76312404885820871770213,2026-04-17 12:47:45,'3808514174103978347,明星同款高颅顶圆形金属发扣刘海发夹女前额侧边夹水钻发卡头饰,,,普通订单,0.01,0,0,1.97,0,0,0,0,0,0,0,0,-0.1,0,0,0,0,0,0,否,0,义乌市於郝电子商务商行（个体工商户）,订单结算
2026-04-24 13:36:20,'2026042413361512254582170793,入账,3.26,聚合账户,货款结算入账,小店自卖,'6952035478886093987,'6952035478886093987,'SS76310169607089523580029,2026-04-13 19:32:48,'3808518913650721160,新款高级牡丹花流苏抓夹毛毛发夹后脑勺显发量大号鲨鱼头饰发夹,,,普通订单,3.43,0,0,0,0,0,0,0,0,0,0,0,-0.17,0,0,0,0,0,0,否,0,义乌市於郝电子商务商行（个体工商户）,订单结算
2026-04-24 13:36:56,'2026042413365026428093440793,入账,5.79,聚合账户,货款结算入账,小店自卖,'6925570333788699672,'6925570333788699672,'SS76310281045054919950120,2026-04-13 15:55:39,'3809273979772993843,新中式咖色碎花四层大肠发圈女慵懒风扎头发大号复古发饰头绳,,,普通订单,6.1,0,0,0,0,0,0,0,0,0,0,0,-0.31,0,0,0,0,0,0,否,0,义乌市於郝电子商务商行（个体工商户）,订单结算
2026-04-24 13:38:31,'2026042413382505438999550793,入账,1.89,聚合账户,货款结算入账,小店自卖,'6952042603446081007,'6952042603446081007,'SS76310136701134812250108,2026-04-14 00:56:28,'3808855327718375885,复古豹纹褶皱中号香蕉夹高级感马尾扭扭夹后脑勺韩系显发量发卡,,,普通订单,1.73,0,0,0.26,0,0,0,0,0,0,0,0,-0.1,0,0,0,0,0,0,否,0,义乌市於郝电子商务商行（个体工商户）,订单结算
2026-04-24 13:39:14,'2026042413390819223516250793,入账,3.26,聚合账户,货款结算入账,小店自卖,'6952089877270042048,'6952089877270042048,'SS76310459804729679550031,2026-04-15 17:07:44,'3808518913650721160,新款高级牡丹花流苏抓夹毛毛发夹后脑勺显发量大号鲨鱼头饰发夹,,,普通订单,0.43,0,0,3,0,0,0,0,0,0,0,0,-0.17,0,0,0,0,0,0,,0,义乌市於郝电子商务商行（个体工商户）,订单结算
2026-04-24 13:39:28,'2026042413391939196268150793,入账,2.74,聚合账户,货款结算入账,巨量千川,'6925571629846265158,'6925571629846265158,'SS76310157344421688470015,2026-04-14 00:09:41,'3808514174103978347,明星同款高颅顶圆形金属发扣刘海发夹女前额侧边夹水钻发卡头饰,,,普通订单,0.88,0,0,2,0,0,0,0,0,0,0,0,-0.14,0,0,0,0,0,0,否,0,义乌市於郝电子商务商行（个体工商户）,订单结算
2026-04-24 13:39:33,'2026042413392707581376060793,入账,7.12,聚合账户,货款结算入账,小店自卖,'6925694791848394087,'6925694791848394087,'SS76310548720952287130037,2026-04-18 14:42:31,'3812574198275113159,雾中鸢尾~韩系气质麻花带齿发箍女款高级感洋气时尚洗脸头箍盘发,,,普通订单,0.1,0,0,7.4,0,0,0,0,0,0,0,0,-0.38,0,0,0,0,0,0,否,0,义乌市於郝电子商务商行（个体工商户）,订单结算
2026-04-24 13:40:28,'2026042413402118109240680793,入账,3.19,聚合账户,货款结算入账,小店自卖,'6925577970015239277,'6925577970015239277,'SS76310151510551475720029,2026-04-13 23:59:40,'3808855327718375885,复古豹纹褶皱中号香蕉夹高级感马尾扭扭夹后脑勺韩系显发量发卡,,,普通订单,0.01,0,0,3.35,0,0,0,0,0,0,0,0,-0.17,0,0,0,0,0,0,否,0,义乌市於郝电子商务商行（个体工商户）,订单结算
2026-04-24 13:41:35,'2026042413412738192952740793,入账,1.89,聚合账户,货款结算入账,小店自卖,'6925578114148564580,'6925578114148564580,'SS76310149974878172580122,2026-04-14 04:06:54,'3808855327718375885,复古豹纹褶皱中号香蕉夹高级感马尾扭扭夹后脑勺韩系显发量发卡,,,普通订单,0.01,0,0,1.98,0,0,0,0,0,0,0,0,-0.1,0,0,0,0,0,0,否,0,义乌市於郝电子商务商行（个体工商户）,订单结算
2026-04-24 13:43:36,'2026042413432907849085840793,入账,2.66,聚合账户,货款结算入账,小店自卖,'6952044164618786020,'6952044164618786020,'SS76311411769255043080196,2026-04-13 15:51:27,'3808681227066671182,简约大肠珍珠发圈头绳2026新款橡皮筋女扎头发优雅皮套高颜值发绳,,,普通订单,2.8,0,0,0,0,0,0,0,0,0,0,0,-0.14,0,0,0,0,0,0,否,0,义乌市於郝电子商务商行（个体工商户）,订单结算
2026-04-24 13:43:43,'2026042413433424482944510793,入账,2.84,聚合账户,货款结算入账,小店自卖,'6952069195554625167,'6952069195554625167,'SS76310281563107991040171,2026-04-14 08:11:20,'3811107016030683631,森系干枯山茶花朵7cm小抓夹 百搭气质发夹女后脑勺超仙鲨夹发饰,,,普通订单,0.01,0,0,2.98,0,0,0,0,0,0,0,0,-0.15,0,0,0,0,0,0,否,0,义乌市於郝电子商务商行（个体工商户）,订单结算
2026-04-24 13:45:38,'2026042413452916078976380793,入账,2.61,聚合账户,货款结算入账,小店自卖,'6925225292187795366,'6925225292187729830,'SS76310824099368307290242,2026-03-29 16:27:29,'3809981944926699617,时尚布艺发夹豹纹波点格纹褶皱设计质感柔软扎发头绳中号香蕉夹,,,普通订单,2.75,0,0,0,0,0,0,0,0,0,0,0,-0.14,0,0,0,0,0,0,否,0,义乌市於郝电子商务商行（个体工商户）,订单结算
2026-04-24 13:45:41,'2026042413453310251799500793,入账,3.32,聚合账户,货款结算入账,小店自卖,'6925456829058744239,'6925456829058744239,'SS76310095458802406550020,2026-04-09 00:57:11,'3808518913650721160,新款高级牡丹花流苏抓夹毛毛发夹后脑勺显发量大号鲨鱼头饰发夹,,,普通订单,2.5,0,0,1,0,0,0,0,0,0,0,0,-0.18,0,0,0,0,0,0,否,0,义乌市於郝电子商务商行（个体工商户）,订单结算
2026-04-24 13:47:36,'2026042413472826726773910793,入账,2.76,聚合账户,货款结算入账,巨量千川,'6952035929011066788,'6952035929011066788,'SS76310281387350799450148,2026-04-14 00:24:12,'3811116864172589149,森系干枯山茶花朵7cm小抓夹百搭气质发夹女后脑勺超仙鲨鱼夹发饰,,,普通订单,0.01,0,0,2.9,0,0,0,0,0,0,0,0,-0.15,0,0,0,0,0,0,,0,义乌市於郝电子商务商行（个体工商户）,订单结算
2026-04-24 13:47:51,'2026042413474402988119470793,入账,1.89,聚合账户,货款结算入账,巨量千川,'6925571440331816334,'6925571440331816334,'SS76310153507212662030073,2026-04-13 22:55:56,'3808855327718375885,复古豹纹褶皱中号香蕉夹高级感马尾扭扭夹后脑勺韩系显发量发卡,,,普通订单,0.01,0,0,1.98,0,0,0,0,0,0,0,0,-0.1,0,0,0,0,0,0,否,0,义乌市於郝电子商务商行（个体工商户）,订单结算
2026-04-24 13:49:28,'2026042413491805217203740793,入账,3.19,聚合账户,货款结算入账,小店自卖,'6925572975596502906,'6925572975596502906,'SS76310152337714263420001,2026-04-13 17:54:19,'3808855327718375885,复古豹纹褶皱中号香蕉夹高级感马尾扭扭夹后脑勺韩系显发量发卡,,,普通订单,1.36,0,0,2,0,0,0,0,0,0,0,0,-0.17,0,0,0,0,0,0,否,0,义乌市於郝电子商务商行（个体工商户）,订单结算
2026-04-24 13:52:26,'2026042413521623784166400793,入账,1.89,聚合账户,货款结算入账,小店自卖,'6952155544513353648,'6952155544513353648,'SS76308734446152589140119,2026-04-17 22:43:59,'3808855327718375885,复古豹纹波点褶皱高马尾香蕉夹小号后脑勺竖夹韩系显发量发夹,,,普通订单,0.01,0,0,1.98,0,0,0,0,0,0,0,0,-0.1,0,0,0,0,0,0,否,0,义乌市於郝电子商务商行（个体工商户）,订单结算
2026-04-24 13:54:09,'2026042413535817535022270793,入账,3.91,聚合账户,货款结算入账,小店自卖,'6952046651287934509,'6952046651287934509,'SS76311018785246459030062,2026-04-13 19:51:33,'3808509441058406492,新款扭扭麻花发箍女简约高颅顶带齿防滑洗脸头箍发卡高级感民族风,,,普通订单,4.12,0,0,0,0,0,0,0,0,0,0,0,-0.21,0,0,0,0,0,0,否,0,义乌市於郝电子商务商行（个体工商户）,订单结算
2026-04-24 13:57:32,'2026042413571941750536110793,入账,4.42,聚合账户,货款结算入账,小店自卖,'6925635146860167107,'6925635146860167107,'SS76311566476118144060152,2026-04-16 16:48:15,'3809586825216000110,春夏撞色甜美蝴蝶结发夹女后脑勺抓夹2026新款气质大号盘发鸭嘴夹,,,普通订单,4.21,0,0,0.44,0,0,0,0,0,0,0,0,-0.23,0,0,0,0,0,0,否,0,义乌市於郝电子商务商行（个体工商户）,订单结算
2026-04-24 13:59:15,'2026042413590637106818710793,入账,1.88,聚合账户,货款结算入账,小店自卖,'6952053846698431604,'6952053846698431604,'SS76310176610681042330140,2026-04-13 23:34:30,'3812210500259938495,可爱蝴蝶结小猫无痕刘海贴魔术贴发饰少女前额侧边碎发贴整理神器,,,普通订单,0.01,0,0,1.97,0,0,0,0,0,0,0,0,-0.1,0,0,0,0,0,0,否,0,义乌市於郝电子商务商行（个体工商户）,订单结算
2026-04-24 14:03:34,'2026042414032424802145910793,入账,1.89,聚合账户,货款结算入账,小店自卖,'6925732961924317120,'6925732961924317120,'SS76311546857178240420144,2026-04-20 02:03:45,'3808855327718375885,复古豹纹波点褶皱高马尾香蕉夹小号后脑勺竖夹韩系显发量发夹,,,普通订单,0.01,0,0,1.98,0,0,0,0,0,0,0,0,-0.1,0,0,0,0,0,0,,0,义乌市於郝电子商务商行（个体工商户）,订单结算
2026-04-24 14:03:46,'2026042414033721064261620793,入账,1.89,聚合账户,货款结算入账,小店自卖,'6925566279232027864,'6925566279232027864,'SS76310146910068580220087,2026-04-13 21:49:50,'3808855327718375885,复古豹纹褶皱中号香蕉夹高级感马尾扭扭夹后脑勺韩系显发量发卡,,,普通订单,0.01,0,0,1.98,0,0,0,0,0,0,0,0,-0.1,0,0,0,0,0,0,否,0,义乌市於郝电子商务商行（个体工商户）,订单结算
2026-04-24 14:06:21,'2026042414061000008031130793,入账,1.89,聚合账户,货款结算入账,小店自卖,'6925571789584235614,'6925571789584235614,'SS76310152623594378390094,2026-04-14 06:11:46,'3808855327718375885,复古豹纹褶皱中号香蕉夹高级感马尾扭扭夹后脑勺韩系显发量发卡,,,普通订单,0.01,0,0,1.98,0,0,0,0,0,0,0,0,-0.1,0,0,0,0,0,0,,0,义乌市於郝电子商务商行（个体工商户）,订单结算
2026-04-24 14:07:15,'2026042414070601439506380793,入账,3.91,聚合账户,货款结算入账,小店自卖,'6952043021580375100,'6952043021580375100,'SS76311137236877030860002,2026-04-14 10:42:41,'3808509441058406492,新款扭扭麻花发箍女简约高颅顶带齿防滑洗脸头箍发卡高级感民族风,,,普通订单,3.68,0,0,0.44,0,0,0,0,0,0,0,0,-0.21,0,0,0,0,0,0,,0,义乌市於郝电子商务商行（个体工商户）,订单结算
2026-04-24 14:24:17,'2026042414240401055995280793,入账,3.91,聚合账户,货款结算入账,小店自卖,'6952041228135831055,'6952041228135831055,'SS76310015522761608310132,2026-04-13 10:24:31,'3808509441058406492,新款扭扭麻花发箍女简约高颅顶带齿防滑洗脸头箍发卡高级感民族风,,,普通订单,2.92,0,0,1.2,0,0,0,0,0,0,0,0,-0.21,0,0,0,0,0,0,否,0,义乌市於郝电子商务商行（个体工商户）,订单结算
2026-04-24 14:33:10,'2026042414325839260986940793,出账,2,聚合账户,小额打款,,'6952266477796857595,'6952266477796857595,,,,,,,普通订单,0,0,0,0,0,0,0,0,0,0,0,0,0,0,0,0,0,0,0,,0,义乌市於郝电子商务商行（个体工商户）,商家向消费者小额打款-“其他”
2026-04-24 15:12:25,'2026042415121220895503720793,出账,2,聚合账户,小额打款,,'6925743727290514641,'6925743727290514641,,,,,,,普通订单,0,0,0,0,0,0,0,0,0,0,0,0,0,0,0,0,0,0,0,,0,义乌市於郝电子商务商行（个体工商户）,商家向消费者小额打款-“其他”
2026-04-24 15:13:21,'2026042415130600744985750793,出账,2,聚合账户,小额打款,,'6925678656329317878,'6925678656329317878,,,,,,,普通订单,0,0,0,0,0,0,0,0,0,0,0,0,0,0,0,0,0,0,0,,0,义乌市於郝电子商务商行（个体工商户）,商家向消费者小额打款-“其他”
2026-04-24 15:14:10,'2026042415140014182978710793,出账,2,聚合账户,小额打款,,'6925775606378298750,'6925775606378298750,,,,,,,普通订单,0,0,0,0,0,0,0,0,0,0,0,0,0,0,0,0,0,0,0,,0,义乌市於郝电子商务商行（个体工商户）,商家向消费者小额打款-“其他”
2026-04-24 15:19:52,'2026042415193705881203740793,出账,2,聚合账户,小额打款,,'6925627374400207980,'6925627374400207980,,,,,,,普通订单,0,0,0,0,0,0,0,0,0,0,0,0,0,0,0,0,0,0,0,,0,义乌市於郝电子商务商行（个体工商户）,商家向消费者小额打款-“其他”
2026-04-24 15:44:50,'2026042415443627248932350793,出账,2,聚合账户,小额打款,,'6925716687613820236,'6925716687613820236,,,,,,,普通订单,0,0,0,0,0,0,0,0,0,0,0,0,0,0,0,0,0,0,0,,0,义乌市於郝电子商务商行（个体工商户）,商家向消费者小额打款-“其他”
2026-04-24 16:10:58,'2026042416104301265508220793,出账,2,聚合账户,小额打款,,'6951818708639421612,'6951818708639421612,,,,,,,普通订单,0,0,0,0,0,0,0,0,0,0,0,0,0,0,0,0,0,0,0,,0,义乌市於郝电子商务商行（个体工商户）,商家向消费者小额打款-“其他”
2026-04-24 16:27:52,'2026042416273837193326600793,出账,6100,聚合账户,提现,,,,,,,,,,普通订单,0,0,0,0,0,0,0,0,0,0,0,0,0,0,0,0,0,0,0,,0,义乌市於郝电子商务商行（个体工商户）,提现
2026-04-24 17:03:36,'2026042417032404112386900793,出账,2,聚合账户,小额打款,,'6952158855476024677,'6952158855476024677,,,,,,,普通订单,0,0,0,0,0,0,0,0,0,0,0,0,0,0,0,0,0,0,0,,0,义乌市於郝电子商务商行（个体工商户）,商家向消费者小额打款-“其他”
2026-04-24 17:31:09,'2026042417305501599736830793,出账,1,聚合账户,小额打款,,'6952280696434070695,'6952280696434070695,,,,,,,普通订单,0,0,0,0,0,0,0,0,0,0,0,0,0,0,0,0,0,0,0,,0,义乌市於郝电子商务商行（个体工商户）,商家向消费者小额打款-“其他”
2026-04-24 17:31:27,'2026042417311200279844220793,出账,2,聚合账户,小额打款,,'6925730716442066014,'6925730716442066014,,,,,,,普通订单,0,0,0,0,0,0,0,0,0,0,0,0,0,0,0,0,0,0,0,,0,义乌市於郝电子商务商行（个体工商户）,商家向消费者小额打款-“其他”
2026-04-24 17:51:07,'2026042417505403904517530793,出账,1,聚合账户,小额打款,,'6925681151622675725,'6925681151622675725,,,,,,,普通订单,0,0,0,0,0,0,0,0,0,0,0,0,0,0,0,0,0,0,0,,0,义乌市於郝电子商务商行（个体工商户）,商家向消费者小额打款-“其他”
2026-04-24 17:53:12,'2026042417530105117056100793,出账,2,聚合账户,小额打款,,'6925694763304386370,'6925694763304386370,,,,,,,普通订单,0,0,0,0,0,0,0,0,0,0,0,0,0,0,0,0,0,0,0,,0,义乌市於郝电子商务商行（个体工商户）,商家向消费者小额打款-“其他”
2026-04-24 17:54:27,'2026042417541538190822780793,出账,1,聚合账户,小额打款,,'6925681151622675725,'6925681151622675725,,,,,,,普通订单,0,0,0,0,0,0,0,0,0,0,0,0,0,0,0,0,0,0,0,,0,义乌市於郝电子商务商行（个体工商户）,商家向消费者小额打款-“其他”
2026-04-24 17:57:32,'2026042417571922999206920793,出账,2,聚合账户,小额打款,,'6925795085208878911,'6925795085208878911,,,,,,,普通订单,0,0,0,0,0,0,0,0,0,0,0,0,0,0,0,0,0,0,0,,0,义乌市於郝电子商务商行（个体工商户）,商家向消费者小额打款-“其他”
2026-04-24 17:59:53,'2026042417594000171709960793,出账,2,聚合账户,小额打款,,'6925705160026520686,'6925705160026520686,,,,,,,普通订单,0,0,0,0,0,0,0,0,0,0,0,0,0,0,0,0,0,0,0,,0,义乌市於郝电子商务商行（个体工商户）,商家向消费者小额打款-“其他”
2026-04-24 18:02:04,'2026042418015002866427220793,出账,2,聚合账户,小额打款,,'6925633323284594051,'6925633323284594051,,,,,,,普通订单,0,0,0,0,0,0,0,0,0,0,0,0,0,0,0,0,0,0,0,,0,义乌市於郝电子商务商行（个体工商户）,商家向消费者小额打款-“其他”
2026-04-24 18:06:59,'2026042418064600216599580793,出账,2,聚合账户,小额打款,,'6925663764536000020,'6925663764536000020,,,,,,,普通订单,0,0,0,0,0,0,0,0,0,0,0,0,0,0,0,0,0,0,0,,0,义乌市於郝电子商务商行（个体工商户）,商家向消费者小额打款-“其他”
2026-04-24 18:29:16,'2026042418290502100104090793,出账,1,聚合账户,小额打款,,'6952219760134854499,'6952219760134854499,,,,,,,普通订单,0,0,0,0,0,0,0,0,0,0,0,0,0,0,0,0,0,0,0,,0,义乌市於郝电子商务商行（个体工商户）,商家向消费者小额打款-“其他”
2026-04-24 18:32:36,'2026042418322205716380500793,出账,2,聚合账户,小额打款,,'6925740507322547988,'6925740507322547988,,,,,,,普通订单,0,0,0,0,0,0,0,0,0,0,0,0,0,0,0,0,0,0,0,,0,义乌市於郝电子商务商行（个体工商户）,商家向消费者小额打款-“其他”
2026-04-24 18:39:06,'2026042418385201055793270793,出账,2,聚合账户,小额打款,,'6925680234885250604,'6925680234885250604,,,,,,,普通订单,0,0,0,0,0,0,0,0,0,0,0,0,0,0,0,0,0,0,0,,0,义乌市於郝电子商务商行（个体工商户）,商家向消费者小额打款-“其他”
2026-04-24 18:50:10,'2026042418495801723277060793,出账,2,聚合账户,小额打款,,'6925671859292896337,'6925671859292896337,,,,,,,普通订单,0,0,0,0,0,0,0,0,0,0,0,0,0,0,0,0,0,0,0,,0,义乌市於郝电子商务商行（个体工商户）,商家向消费者小额打款-“其他”
2026-04-24 18:54:15,'2026042418540100199073340793,出账,1,聚合账户,小额打款,,'6925698648379981246,'6925698648379981246,,,,,,,普通订单,0,0,0,0,0,0,0,0,0,0,0,0,0,0,0,0,0,0,0,,0,义乌市於郝电子商务商行（个体工商户）,商家向消费者小额打款-“其他”
2026-04-24 19:03:57,'2026042419034501300894910793,出账,0.01,聚合账户,退款-结算后退款-退用户,小店自卖,'6925474429824302657,'6925474429824302657,'147457069130084977,2026-04-09 21:38:53,'3810171234889629745,可爱小黄鸡小猪发圈学生风萌系扎发神器黑色发绳扎头发头绳卖头饰,,,普通订单,0,0,0,0,0,0,0,0,0,0,0,-0.01,0,0,0,0,0,0,0,,0,义乌市於郝电子商务商行（个体工商户）,已退款
2026-04-24 19:03:57,'2026042419034404573599140793,入账,0.18,聚合账户,退款-订单退款触发-退分账,小店自卖,'6925474429824302657,'6925474429824302657,'147457069130084977,2026-04-09 21:38:53,'3810171234889629745,可爱小黄鸡小猪发圈学生风萌系扎发神器黑色发绳扎头发头绳卖头饰,,,普通订单,0,0,0,0,0,0,0,0,0,0,0,0,0.18,0,0,0,0,0,0,,0,义乌市於郝电子商务商行（个体工商户）,服务费返还
2026-04-24 19:04:17,'2026042419040502979476540793,出账,3.53,聚合账户,退款-订单退款触发-退补贴,小店自卖,'6925474429824302657,'6925474429824302657,'147457069130084977,2026-04-09 21:38:53,'3810171234889629745,可爱小黄鸡小猪发圈学生风萌系扎发神器黑色发绳扎头发头绳卖头饰,,,普通订单,0,0,0,-3.53,0,0,0,0,0,0,0,0,0,0,0,0,0,0,0,,0,义乌市於郝电子商务商行（个体工商户）,平台补贴扣回
2026-04-24 19:14:06,'2026042419135200108344660793,出账,1,聚合账户,小额打款,,'6952277435335841638,'6952277435335841638,,,,,,,普通订单,0,0,0,0,0,0,0,0,0,0,0,0,0,0,0,0,0,0,0,,0,义乌市於郝电子商务商行（个体工商户）,商家向消费者小额打款-“其他”
2026-04-24 19:16:13,'2026042419160319156874870793,出账,2,聚合账户,小额打款,,'6952259101459420224,'6952259101459420224,,,,,,,普通订单,0,0,0,0,0,0,0,0,0,0,0,0,0,0,0,0,0,0,0,,0,义乌市於郝电子商务商行（个体工商户）,商家向消费者小额打款-“其他”
2026-04-24 19:18:39,'2026042419182829951598080793,出账,2,聚合账户,小额打款,,'6952252275067983189,'6952252275067983189,,,,,,,普通订单,0,0,0,0,0,0,0,0,0,0,0,0,0,0,0,0,0,0,0,,0,义乌市於郝电子商务商行（个体工商户）,商家向消费者小额打款-“其他”
2026-04-24 19:22:13,'2026042419215911249792000793,出账,1,聚合账户,小额打款,,'6952194261294912677,'6952194261294912677,,,,,,,普通订单,0,0,0,0,0,0,0,0,0,0,0,0,0,0,0,0,0,0,0,,0,义乌市於郝电子商务商行（个体工商户）,商家向消费者小额打款-“其他”
2026-04-24 19:29:36,'2026042419292404169736220793,出账,1,聚合账户,小额打款,,'6952275083614557268,'6952275083614557268,,,,,,,普通订单,0,0,0,0,0,0,0,0,0,0,0,0,0,0,0,0,0,0,0,,0,义乌市於郝电子商务商行（个体工商户）,商家向消费者小额打款-“其他”
2026-04-24 19:58:07,'2026042419575416408786380793,出账,1,聚合账户,小额打款,,'6952265869568906920,'6952265869568906920,,,,,,,普通订单,0,0,0,0,0,0,0,0,0,0,0,0,0,0,0,0,0,0,0,,0,义乌市於郝电子商务商行（个体工商户）,商家向消费者小额打款-“其他”
2026-04-24 20:13:38,'2026042420132601973663350793,出账,2,聚合账户,小额打款,,'6952245269522748657,'6952245269522748657,,,,,,,普通订单,0,0,0,0,0,0,0,0,0,0,0,0,0,0,0,0,0,0,0,,0,义乌市於郝电子商务商行（个体工商户）,商家向消费者小额打款-“其他”
2026-04-24 20:32:09,'2026042420315528041223780793,出账,2,聚合账户,小额打款,,'6925688386340552564,'6925688386340552564,,,,,,,普通订单,0,0,0,0,0,0,0,0,0,0,0,0,0,0,0,0,0,0,0,,0,义乌市於郝电子商务商行（个体工商户）,商家向消费者小额打款-“其他”
2026-04-24 20:32:27,'2026042420321601555668670793,出账,1,聚合账户,小额打款,,'6952280696434070695,'6952280696434070695,,,,,,,普通订单,0,0,0,0,0,0,0,0,0,0,0,0,0,0,0,0,0,0,0,,0,义乌市於郝电子商务商行（个体工商户）,商家向消费者小额打款-“其他”
2026-04-24 20:40:12,'2026042420395900571313000793,出账,1,聚合账户,小额打款,,'6952285921882085022,'6952285921882085022,,,,,,,普通订单,0,0,0,0,0,0,0,0,0,0,0,0,0,0,0,0,0,0,0,,0,义乌市於郝电子商务商行（个体工商户）,商家向消费者小额打款-“其他”
2026-04-24 20:55:25,'2026042420551136881697370793,出账,2,聚合账户,小额打款,,'6952168947557733822,'6952168947557733822,,,,,,,普通订单,0,0,0,0,0,0,0,0,0,0,0,0,0,0,0,0,0,0,0,,0,义乌市於郝电子商务商行（个体工商户）,商家向消费者小额打款-“其他”
2026-04-24 21:07:04,'2026042421065810293911550793,入账,0.1,聚合账户,退款-订单退款触发-退分账,小店自卖,'6925488524247727597,'6925488524247727597,'147457193736542456,2026-04-10 17:16:07,'3808518913650721160,新款高级牡丹花流苏抓夹毛毛发夹后脑勺显发量大号鲨鱼头饰发夹,,,普通订单,0,0,0,0,0,0,0,0,0,0,0,0,0.1,0,0,0,0,0,0,,0,义乌市於郝电子商务商行（个体工商户）,服务费返还
2026-04-24 21:07:05,'2026042421065623259548660793,出账,2.06,聚合账户,退款-结算后退款-退用户,小店自卖,'6925488524247727597,'6925488524247727597,'147457193736542456,2026-04-10 17:16:07,'3808518913650721160,新款高级牡丹花流苏抓夹毛毛发夹后脑勺显发量大号鲨鱼头饰发夹,,,普通订单,0,0,0,0,0,0,0,0,0,0,0,-2.06,0,0,0,0,0,0,0,,0,义乌市於郝电子商务商行（个体工商户）,已退款
2026-04-24 21:08:20,'2026042421080800336207870793,出账,1,聚合账户,小额打款,,'6925719264480361636,'6925719264480361636,,,,,,,普通订单,0,0,0,0,0,0,0,0,0,0,0,0,0,0,0,0,0,0,0,,0,义乌市於郝电子商务商行（个体工商户）,商家向消费者小额打款-“其他”
2026-04-24 21:21:02,'2026042421204804215649540793,出账,2,聚合账户,小额打款,,'6925670468794023540,'6925670468794023540,,,,,,,普通订单,0,0,0,0,0,0,0,0,0,0,0,0,0,0,0,0,0,0,0,,0,义乌市於郝电子商务商行（个体工商户）,商家向消费者小额打款-“其他”
2026-04-24 22:01:12,'2026042422005800303598480793,出账,2,聚合账户,小额打款,,'6925682863301426203,'6925682863301426203,,,,,,,普通订单,0,0,0,0,0,0,0,0,0,0,0,0,0,0,0,0,0,0,0,,0,义乌市於郝电子商务商行（个体工商户）,商家向消费者小额打款-“其他”
2026-04-24 22:12:14,'2026042422120305119844270793,出账,2,聚合账户,小额打款,,'6952197866017134225,'6952197866017134225,,,,,,,普通订单,0,0,0,0,0,0,0,0,0,0,0,0,0,0,0,0,0,0,0,,0,义乌市於郝电子商务商行（个体工商户）,商家向消费者小额打款-“其他”
2026-04-24 22:15:53,'2026042422154522219863390793,出账,1,聚合账户,小额打款,,'6925669664706232252,'6925669664706232252,,,,,,,普通订单,0,0,0,0,0,0,0,0,0,0,0,0,0,0,0,0,0,0,0,,0,义乌市於郝电子商务商行（个体工商户）,商家向消费者小额打款-“其他”
2026-04-24 22:27:35,'2026042422272621159162880793,出账,1,聚合账户,小额打款,,'6952260583507302135,'6952260583507302135,,,,,,,普通订单,0,0,0,0,0,0,0,0,0,0,0,0,0,0,0,0,0,0,0,,0,义乌市於郝电子商务商行（个体工商户）,商家向消费者小额打款-“其他”
2026-04-24 23:28:37,'2026042423282502184033630793,出账,2,聚合账户,小额打款,,'6925789021501750594,'6925789021501750594,,,,,,,普通订单,0,0,0,0,0,0,0,0,0,0,0,0,0,0,0,0,0,0,0,,0,义乌市於郝电子商务商行（个体工商户）,商家向消费者小额打款-“其他”
