动账时间,动帐流水号,动账方向,动账金额,动账账户,动账场景,计费类型,子订单号,订单号,售后编号,下单时间,商品ID,商品名称,达人ID,达人名称,订单类型,订单实付应结,运费实付,实际平台补贴_运费,实际平台补贴,其他平台补贴,以旧换新抵扣,政府补贴平台垫资,实际达人补贴,实际抖音支付补贴,实际抖音月付营销补贴,银行补贴,订单退款,平台服务费,佣金,服务商佣金,渠道分成,招商服务费,站外推广费,其他分成,是否免佣,免佣金额,商户主体名称,备注
2026-04-22 01:08:58,'2026042201085410655053062131,入账,3.59,聚合账户,货款结算入账,小店自卖,'6925529275087159240,'6925529275087159240,'SS76303725766906355610136,2026-04-12 12:24:15,'3766001784691229117,夏天简约随手盘发一字扭扭夹水钻抓夹高级发夹扭扭后脑勺盘发器,,,普通订单,3.61,0.69,0,0,0,0,0,0,0,0,0,0,-0.02,0,0,0,0,0,0,是-商品卡免佣,0.15,义乌市黎既电子商务商行（个体工商户）,订单结算
2026-04-22 01:08:58,'2026042201085324971884152131,入账,2.67,聚合账户,货款结算入账,小店自卖,'6952003861493650588,'6952003861493650588,'SS76302637199817446810070,2026-04-12 00:41:53,'3784368456477049055,韩国气质碎钻满天星抓夹女后脑勺半扎发鲨鱼夹发量少百搭发卡头饰,,,普通订单,2.69,0,0,0,0,0,0,0,0,0,0,0,-0.02,0,0,0,0,0,0,是-商品卡免佣,0.15,义乌市黎既电子商务商行（个体工商户）,订单结算
2026-04-22 01:08:58,'2026042201085503439539742131,入账,2.81,聚合账户,货款结算入账,小店自卖,'6951983867849282995,'6951983867849282995,'SS76302624260589488990110,2026-04-11 22:35:01,'3790878995596312771,韩系黑色波点布艺褶皱高马尾香蕉夹竖夹新款豹纹发夹气质百搭发饰,,,普通订单,2.83,0.39,0,0,0,0,0,0,0,0,0,0,-0.02,0,0,0,0,0,0,是-商品卡免佣,0.15,义乌市黎既电子商务商行（个体工商户）,订单结算
2026-04-22 01:08:58,'2026042201085416504960412131,入账,5.31,聚合账户,货款结算入账,小店自卖,'6952002176537990186,'6952002176537990186,'SS76303711970577986940136,2026-04-12 10:08:17,'3766001784691229117,夏天简约随手盘发一字扭扭夹水钻抓夹高级发夹扭扭后脑勺盘发器,,,普通订单,5.34,0,0,0,0,0,0,0,0,0,0,0,-0.03,0,0,0,0,0,0,是-商品卡免佣,0.22,义乌市黎既电子商务商行（个体工商户）,订单结算
2026-04-22 01:08:58,'2026042201085426430508062131,入账,3.75,聚合账户,货款结算入账,小店自卖,'6952008995723613912,'6952008995723613912,'SS76303746462204933620085,2026-04-12 14:36:03,'3746150076641313252,网红简约ins纯色宽边发带高颅顶白色发箍女运动健身夏季头饰发饰,,,普通订单,3.77,0.9,0,0,0,0,0,0,0,0,0,0,-0.02,0,0,0,0,0,0,是-商品卡免佣,0.15,义乌市黎既电子商务商行（个体工商户）,订单结算
2026-04-22 01:09:09,'2026042201090424502115842131,入账,2.63,聚合账户,货款结算入账,小店自卖,'6952002536577242372,'6952002536577242372,'SS76304102695038984310152,2026-04-12 13:36:52,'3763932448057065566,磨砂扭扭香蕉夹高马尾大号发夹后脑勺竖夹发卡韩国气质女夹子头饰,,,普通订单,2.65,0.89,0,0,0,0,0,0,0,0,0,0,-0.02,0,0,0,0,0,0,是-商品卡免佣,0.15,义乌市黎既电子商务商行（个体工商户）,订单结算
2026-04-22 01:09:09,'2026042201090434792737682131,入账,5.4,聚合账户,货款结算入账,小店自卖,'6952006265703569220,'6952006265703569220,'SS76303291373073085540208,2026-04-12 08:45:40,'3745969047855038725,气质丸子头假发抓夹女慵懒感高马尾发量夹上班族头饰发饰鲨鱼夹,,,普通订单,5.43,0.8,0,0,0,0,0,0,0,0,0,0,-0.03,0,0,0,0,0,0,是-商品卡免佣,0.22,义乌市黎既电子商务商行（个体工商户）,订单结算
2026-04-22 01:09:09,'2026042201090500881628502131,入账,7.89,聚合账户,货款结算入账,小店自卖,'6925545994062888142,'6925545994062888142,'SS76304083280274068840133,2026-04-12 14:58:16,'3746153916182692087,法式文艺~复古甜美方巾大肠发圈女高级感ins大号高马尾甜妹发饰,,,普通订单,7.94,0,0,0,0,0,0,0,0,0,0,0,-0.05,0,0,0,0,0,0,是-商品卡免佣,0.37,义乌市黎既电子商务商行（个体工商户）,订单结算
2026-04-22 01:09:09,'2026042201090321194841602131,入账,2.15,聚合账户,货款结算入账,小店自卖,'6925534275674603054,'6925534275674603054,'SS76302623239001546780092,2026-04-11 21:54:49,'3806293802847699345,韩式豹纹波点褶皱高级扭扭马尾卡通风香蕉发夹后脑勺显发发卡头饰,,,普通订单,2.16,0,0,0,0,0,0,0,0,0,0,0,-0.01,0,0,0,0,0,0,是-商品卡免佣,0.07,义乌市黎既电子商务商行（个体工商户）,订单结算
2026-04-22 01:09:09,'2026042201090422083671192131,入账,3.59,聚合账户,货款结算入账,小店自卖,'6925539299283664566,'6925539299283664566,'SS76303713303993103820036,2026-04-12 12:20:19,'3766001784691229117,夏天简约随手盘发一字扭扭夹水钻抓夹高级发夹扭扭后脑勺盘发器,,,普通订单,3.61,0.69,0,0,0,0,0,0,0,0,0,0,-0.02,0,0,0,0,0,0,是-商品卡免佣,0.15,义乌市黎既电子商务商行（个体工商户）,订单结算
2026-04-22 01:09:13,'2026042201090830583693142131,入账,3.37,聚合账户,货款结算入账,精选联盟,'6952007209097041551,'6952007209097041551,'SS76302591817275968060012,2026-04-12 19:18:42,'3807770111922798690,可爱雪莉玫格子发圈红格子公仔刘海鸭嘴夹日系发绳发饰女学院JK风,'0,,普通订单,3.75,0,0,0,0,0,0,0,0,0,0,0,-0.19,0,0,0,0,-0.19,0,,0,义乌市黎既电子商务商行（个体工商户）,订单结算
2026-04-22 01:09:13,'2026042201090819845450602131,入账,3.47,聚合账户,货款结算入账,精选联盟,'6925551709550771716,'6925551709550771716,'SS76303814454636388180066,2026-04-12 20:49:35,'3795705621886664997,韩系可爱小熊格纹发夹女后脑勺马尾竖夹盘发香蕉夹甜美发卡子发饰,,,普通订单,3.65,0,0,0,0,0,0,0,0,0,0,0,-0.18,0,0,0,0,0,0,,0,义乌市黎既电子商务商行（个体工商户）,订单结算
2026-04-22 01:09:13,'2026042201090922023050302131,入账,3.59,聚合账户,货款结算入账,小店自卖,'6951988793159915398,'6951988793159915398,'SS76303125057860411140101,2026-04-12 10:36:45,'3766001784691229117,夏天简约随手盘发一字扭扭夹水钻抓夹高级发夹扭扭后脑勺盘发器,,,普通订单,3.61,0.69,0,0,0,0,0,0,0,0,0,0,-0.02,0,0,0,0,0,0,是-商品卡免佣,0.15,义乌市黎既电子商务商行（个体工商户）,订单结算
2026-04-22 01:09:13,'2026042201090835925527672131,入账,2.77,聚合账户,货款结算入账,小店自卖,'6951997482409858290,'6951997482409858290,'SS76303263959109022980050,2026-04-12 11:00:01,'3796640026289373330,蝴蝶结鸭嘴夹小香风毛呢爆款发夹后脑勺气质洋气盘发一字夹子,,,普通订单,2.79,0,0,0,0,0,0,0,0,0,0,0,-0.02,0,0,0,0,0,0,是-商品卡免佣,0.15,义乌市黎既电子商务商行（个体工商户）,订单结算
2026-04-22 01:09:13,'2026042201090836967386022131,入账,5.53,聚合账户,货款结算入账,小店自卖,'6951992718750913903,'6951992718750913903,'SS76302879590108370380087,2026-04-12 05:04:02,'3752832972630393007,夏天新款网红发量少的抓夹女2025新款高级感中号鲨鱼夹后脑勺盘,,,普通订单,5.56,0,0,0,0,0,0,0,0,0,0,0,-0.03,0,0,0,0,0,0,是-商品卡免佣,0.22,义乌市黎既电子商务商行（个体工商户）,订单结算
2026-04-22 01:09:13,'2026042201090705091046762131,入账,2.81,聚合账户,货款结算入账,小店自卖,'6925512810592042607,'6925512810592042607,'SS76302878077514388880089,2026-04-11 20:43:26,'3767836959792300411,法式高级感超大号弧形抓夹女新款后脑勺盘发夹发量大鲨鱼夹发卡夹,,,普通订单,2.83,0,0,0,0,0,0,0,0,0,0,0,-0.02,0,0,0,0,0,0,是-商品卡免佣,0.15,义乌市黎既电子商务商行（个体工商户）,订单结算
2026-04-22 01:09:13,'2026042201090907315830182131,入账,2.67,聚合账户,货款结算入账,小店自卖,'6925568635747401649,'6925568635747401649,'SS76304207090846927630153,2026-04-13 22:11:48,'3784368456477049055,韩国气质碎钻满天星抓夹女后脑勺半扎发鲨鱼夹发量少百搭发卡头饰,,,普通订单,2.69,0,0,0,0,0,0,0,0,0,0,0,-0.02,0,0,0,0,0,0,是-商品卡免佣,0.15,义乌市黎既电子商务商行（个体工商户）,订单结算
2026-04-22 01:09:13,'2026042201090916861110302131,入账,7.7,聚合账户,货款结算入账,小店自卖,'6925658918555057425,'6925658918555057425,'SS76303270445550310920126,2026-04-17 16:23:05,'3796640026289373330,蝴蝶结鸭嘴夹小香风毛呢爆款发夹后脑勺气质洋气盘发一字夹子,,,普通订单,7.75,0,0,0,0,0,0,0,0,0,0,0,-0.05,0,0,0,0,0,0,是-商品卡免佣,0.37,义乌市黎既电子商务商行（个体工商户）,订单结算
2026-04-22 01:09:13,'2026042201090811287595932131,入账,2.67,聚合账户,货款结算入账,小店自卖,'6925522493719936230,'6925522493719936230,'SS76302632054998141800094,2026-04-11 15:35:47,'3784368456477049055,韩国气质碎钻满天星抓夹女后脑勺半扎发鲨鱼夹发量少百搭发卡头饰,,,普通订单,2.69,0,0,0,0,0,0,0,0,0,0,0,-0.02,0,0,0,0,0,0,是-商品卡免佣,0.15,义乌市黎既电子商务商行（个体工商户）,订单结算
2026-04-22 01:09:13,'2026042201090816220369982131,入账,3.95,聚合账户,货款结算入账,小店自卖,'6925517601665940987,'6925517601665940987,'SS76302879361951178340062,2026-04-12 08:32:15,'3683590910169448490,新款碎发梳插梳韩版女孩夹子后脑勺刘海整理发夹卡子成年人发头饰,,,普通订单,3.97,0,0,0,0,0,0,0,0,0,0,0,-0.02,0,0,0,0,0,0,是-商品卡免佣,0.15,义乌市黎既电子商务商行（个体工商户）,订单结算
2026-04-22 01:09:14,'2026042201090920519821302131,入账,4.84,聚合账户,货款结算入账,精选联盟,'6925531433281814301,'6925531433281814301,'SS76303288142242944520101,2026-04-12 11:23:13,'3677505925100470553,宝宝碎发神器女儿童发卡后脑勺隐形倒插梳整理刘海碎发梳女童发夹,'1541939015455411,金姐好物,普通订单,5.56,0,0,0,0,0,0,0,0,0,0,0,-0.28,-0.44,0,0,0,0,0,,0,义乌市黎既电子商务商行（个体工商户）,订单结算
2026-04-22 01:09:14,'2026042201090924480363952131,入账,3.87,聚合账户,货款结算入账,小店自卖,'6952130834894558969,'6952130834894558969,'SS76304819693146447990182,2026-04-16 16:30:27,'3807732934811713667,新款牡丹花羽毛抓夹女高颜值轻奢时尚百搭鲨鱼夹发饰头饰夹发神器,,,普通订单,3.89,0,0,0,0,0,0,0,0,0,0,0,-0.02,0,0,0,0,0,0,是-商品卡免佣,0.15,义乌市黎既电子商务商行（个体工商户）,订单结算
2026-04-22 01:09:14,'2026042201090935404191142131,入账,3.16,聚合账户,货款结算入账,小店自卖,'6952010209149851336,'6952010209149851336,'SS76304127088730813980189,2026-04-11 21:27:54,'3807726468545511652,春夏宽边绒面发箍女2026新款高级感时尚洋气头箍压发洗脸发卡发饰,,,普通订单,3.18,0,0,0,0,0,0,0,0,0,0,0,-0.02,0,0,0,0,0,0,是-商品卡免佣,0.15,义乌市黎既电子商务商行（个体工商户）,订单结算
2026-04-22 01:09:14,'2026042201090922610294282131,入账,4.77,聚合账户,货款结算入账,小店自卖,'6951991863942059636,'6951991863942059636,'SS76302878358250621530080,2026-04-11 16:33:01,'3745971128791859302,丸子头假发抓夹女仿真发慵懒感发夹蓬松后脑勺高颅顶中号鲨鱼夹,,,普通订单,4.8,1.15,0,0,0,0,0,0,0,0,0,0,-0.03,0,0,0,0,0,0,是-商品卡免佣,0.22,义乌市黎既电子商务商行（个体工商户）,订单结算
2026-04-22 01:09:14,'2026042201090934819609942131,入账,3.87,聚合账户,货款结算入账,小店自卖,'6951985903917930408,'6951985903917930408,'SS76302878279891356420127,2026-04-11 20:39:03,'3746153916182692087,法式文艺~复古甜美方巾大肠发圈女高级感ins大号高马尾甜妹发饰,,,普通订单,3.89,0,0,0,0,0,0,0,0,0,0,0,-0.02,0,0,0,0,0,0,是-商品卡免佣,0.15,义乌市黎既电子商务商行（个体工商户）,订单结算
2026-04-22 01:09:14,'2026042201090928652713222131,入账,4.94,聚合账户,货款结算入账,小店自卖,'6925397113395117057,'6925397113395117057,'SS76302989984942164910058,2026-04-06 22:18:21,'3769870193174642697,2025春夏新款轻奢边夹时尚气质一字发夹女后脑勺扭扭夹女,,,普通订单,4.97,0,0,0,0,0,0,0,0,0,0,0,-0.03,0,0,0,0,0,0,是-商品卡免佣,0.22,义乌市黎既电子商务商行（个体工商户）,订单结算
2026-04-22 01:09:14,'2026042201090900132265342131,入账,2.51,聚合账户,货款结算入账,精选联盟,'6925528308347076080,'6925528308347076080,'SS76302879426965181500111,2026-04-12 00:45:32,'3796640026289373330,蝴蝶结鸭嘴夹小香风毛呢爆款发夹后脑勺气质洋气盘发一字夹子,'0,,普通订单,2.79,0,0,0,0,0,0,0,0,0,0,0,-0.14,0,0,0,0,-0.14,0,,0,义乌市黎既电子商务商行（个体工商户）,订单结算
2026-04-22 01:09:14,'2026042201090927908388102131,入账,4.84,聚合账户,货款结算入账,精选联盟,'6925533785386811251,'6925533785386811251,'SS76304000207555794460136,2026-04-12 16:03:55,'3677505925100470553,宝宝碎发神器女儿童发卡后脑勺隐形倒插梳整理刘海碎发梳女童发夹,'1541939015455411,金姐好物,普通订单,5.56,0,0,0,0,0,0,0,0,0,0,0,-0.28,-0.44,0,0,0,0,0,,0,义乌市黎既电子商务商行（个体工商户）,订单结算
2026-04-22 01:09:14,'2026042201090837125332942131,入账,3.87,聚合账户,货款结算入账,小店自卖,'6925532867643670309,'6925532867643670309,'SS76303734857763435780203,2026-04-12 09:58:44,'3807732934811713667,新款牡丹花羽毛抓夹女高颜值轻奢时尚百搭鲨鱼夹发饰头饰夹发神器,,,普通订单,3.89,0,0,0,0,0,0,0,0,0,0,0,-0.02,0,0,0,0,0,0,是-商品卡免佣,0.15,义乌市黎既电子商务商行（个体工商户）,订单结算
2026-04-22 01:09:14,'2026042201091005058240352131,入账,3.51,聚合账户,货款结算入账,小店自卖,'6952015802603082845,'6952015802603082845,'SS76303994843980767230004,2026-04-12 16:16:46,'3750814617115426970,超仙蝴蝶大号盘发抓夹女2025新款高级感发夹后脑勺鲨鱼夹甜美发饰,,,普通订单,3.69,0,0,0,0,0,0,0,0,0,0,0,-0.18,0,0,0,0,0,0,,0,义乌市黎既电子商务商行（个体工商户）,订单结算
2026-04-22 01:09:21,'2026042201091737963249042131,入账,4.94,聚合账户,货款结算入账,小店自卖,'6925518655909101248,'6925518655909101248,'SS76302877983906248200079,2026-04-11 20:24:18,'3769870193174642697,2025春夏新款轻奢边夹时尚气质一字发夹女后脑勺扭扭夹女,,,普通订单,4.97,0,0,0,0,0,0,0,0,0,0,0,-0.03,0,0,0,0,0,0,是-商品卡免佣,0.22,义乌市黎既电子商务商行（个体工商户）,订单结算
2026-04-22 01:09:21,'2026042201091628397737112131,入账,4.46,聚合账户,货款结算入账,小店自卖,'6951996423013733932,'6951996423013733932,'SS76302878580562824190132,2026-04-11 18:51:40,'3765271406326186377,儿童魔术懒人扭扭盘发器发卡女童发夹蝴蝶结丸子头发带小女孩发夹,,,普通订单,4.49,0,0,0,0,0,0,0,0,0,0,0,-0.03,0,0,0,0,0,0,是-商品卡免佣,0.22,义乌市黎既电子商务商行（个体工商户）,订单结算
2026-04-22 01:09:21,'2026042201091608105538562131,入账,3,聚合账户,货款结算入账,小店自卖,'6925548370550947340,'6925548370550947340,'SS76303734645178905690038,2026-04-12 14:54:16,'3806250082127446374,休闲风创意米菲兔甜美少女刘海贴魔法贴毛绒发帖无痕贴发饰发卡女,,,普通订单,3.02,0,0,0,0,0,0,0,0,0,0,0,-0.02,0,0,0,0,0,0,是-商品卡免佣,0.15,义乌市黎既电子商务商行（个体工商户）,订单结算
2026-04-22 01:09:21,'2026042201091631625057282131,入账,4.85,聚合账户,货款结算入账,小店自卖,'6951976757215368471,'6951976757215368471,'SS76302878188031350120221,2026-04-11 19:12:37,'3796640026289373330,蝴蝶结鸭嘴夹小香风毛呢爆款发夹后脑勺气质洋气盘发一字夹子,,,普通订单,4.88,0,0,0,0,0,0,0,0,0,0,0,-0.03,0,0,0,0,0,0,是-商品卡免佣,0.22,义乌市黎既电子商务商行（个体工商户）,订单结算
2026-04-22 01:09:21,'2026042201091616656801802131,入账,3.63,聚合账户,货款结算入账,小店自卖,'6952088325968631120,'6952088325968631120,'SS76303136316579189860040,2026-04-14 20:42:15,'3795705621886664997,韩系可爱小熊格纹发夹女后脑勺马尾竖夹盘发香蕉夹甜美发卡子发饰,,,普通订单,3.65,0,0,0,0,0,0,0,0,0,0,0,-0.02,0,0,0,0,0,0,是-商品卡免佣,0.15,义乌市黎既电子商务商行（个体工商户）,订单结算
2026-04-22 01:09:25,'2026042201092034696443342131,入账,0.55,聚合账户,货款结算入账,小店自卖,'6925598943313034748F00,'6925598943313034748,'SS76304574312442967580126,2026-04-14 22:19:14,'3767832559665414622,运费单,,,普通订单,0.55,0.55,0,0,0,0,0,0,0,0,0,0,0,0,0,0,0,0,0,是-商品卡免佣,0,义乌市黎既电子商务商行（个体工商户）,运费单结算
2026-04-22 01:09:25,'2026042201092023455012222131,入账,10.88,聚合账户,货款结算入账,小店自卖,'6925529164548898245,'6925529164548898245,'SS76303889614293611670043,2026-04-12 11:37:29,'3796640026289373330,蝴蝶结鸭嘴夹小香风毛呢爆款发夹后脑勺气质洋气盘发一字夹子,,,普通订单,10.95,0,0,0,0,0,0,0,0,0,0,0,-0.07,0,0,0,0,0,0,是-商品卡免佣,0.51,义乌市黎既电子商务商行（个体工商户）,订单结算
2026-04-22 01:09:25,'2026042201092035196482822131,入账,3.78,聚合账户,货款结算入账,小店自卖,'6925516268821577534,'6925516268821577534,'SS76302878878479160420125,2026-04-11 17:17:28,'3673976773902729360,发夹女后脑勺珍珠发卡大号盘发鲨鱼夹韩国ins网红气质头饰抓发夹,,,普通订单,3.8,0.9,0,0,0,0,0,0,0,0,0,0,-0.02,0,0,0,0,0,0,是-商品卡免佣,0.15,义乌市黎既电子商务商行（个体工商户）,订单结算
2026-04-22 01:09:25,'2026042201092032365122992131,入账,3.89,聚合账户,货款结算入账,小店自卖,'6951985781642696197,'6951985781642696197,'SS76302661755539830160007,2026-04-11 19:25:17,'3807732934811713667,新款牡丹花羽毛抓夹女高颜值轻奢时尚百搭鲨鱼夹发饰头饰夹发神器,,,普通订单,3.91,0,0,0,0,0,0,0,0,0,0,0,-0.02,0,0,0,0,0,0,是-商品卡免佣,0.15,义乌市黎既电子商务商行（个体工商户）,订单结算
2026-04-22 01:09:25,'2026042201092109462095792131,入账,4.73,聚合账户,货款结算入账,小店自卖,'6951990809688216927,'6951990809688216927,'SS76303291285034442620018,2026-04-12 09:50:31,'3761558334050795776,新款花苞头鸡毛头发夹丸子头假发抓夹盘发发包自然蓬松后脑勺发饰,,,普通订单,5.25,0,0,0,0,0,0,0,0,0,0,0,-0.26,0,0,0,0,-0.26,0,,0,义乌市黎既电子商务商行（个体工商户）,订单结算
2026-04-22 01:09:27,'2026042201092302107848042131,入账,7.8,聚合账户,货款结算入账,精选联盟,'6925666550487809591,'6925666550487809591,'SS76304184068898821470118,2026-04-17 13:21:26,'3673388116573553024,花朵儿童盘发神器新款宝宝丸子头盘发器宝宝扎头神器头饰发饰女孩,'0,,普通订单,8.92,0.55,0,0,0,0,0,0,0,0,0,0,-0.45,0,0,0,0,-0.67,0,,0,义乌市黎既电子商务商行（个体工商户）,订单结算
2026-04-22 01:09:27,'2026042201092001825059902131,入账,2.56,聚合账户,货款结算入账,小店自卖,'6925518553685982954,'6925518553685982954,'SS76302626943230615420180,2026-04-11 19:42:15,'3809235146834575749,可爱新春小狗香蕉夹女高马尾扭扭夹红色竖夹高级感2026韩新款发夹,,,普通订单,2.58,0,0,0,0,0,0,0,0,0,0,0,-0.02,0,0,0,0,0,0,是-商品卡免佣,0.15,义乌市黎既电子商务商行（个体工商户）,订单结算
2026-04-22 01:28:37,'2026042201283022020590602131,入账,2.43,聚合账户,货款结算入账,精选联盟,'6925610397026647340,'6925610397026647340,'SS76303776231977946110121,2026-04-15 10:50:12,'3784368456477049055,韩国气质碎钻满天星抓夹女后脑勺半扎发鲨鱼夹发量少百搭发卡头饰,'7619171183133246522,川妹精品市集,普通订单,2.69,0,0,0,0,0,0,0,0,0,0,0,-0.13,-0.13,0,0,0,0,0,,0,义乌市黎既电子商务商行（个体工商户）,订单结算
2026-04-22 01:28:37,'2026042201283113527331842131,入账,4.85,聚合账户,货款结算入账,小店自卖,'6925685353571974533,'6925685353571974533,'SS76304635139279260560003,2026-04-18 07:32:38,'3796640026289373330,蝴蝶结鸭嘴夹小香风毛呢爆款发夹后脑勺气质洋气盘发一字夹子,,,普通订单,4.88,0,0,0,0,0,0,0,0,0,0,0,-0.03,0,0,0,0,0,0,是-商品卡免佣,0.22,义乌市黎既电子商务商行（个体工商户）,订单结算
2026-04-22 01:28:37,'2026042201282921151954382131,入账,3.75,聚合账户,货款结算入账,小店自卖,'6952119910058562999,'6952119910058562999,'SS76303820977308964270219,2026-04-16 16:17:08,'3746150076641313252,网红简约ins纯色宽边发带高颅顶白色发箍女运动健身夏季头饰发饰,,,普通订单,3.77,0.9,0,0,0,0,0,0,0,0,0,0,-0.02,0,0,0,0,0,0,是-商品卡免佣,0.15,义乌市黎既电子商务商行（个体工商户）,订单结算
2026-04-22 01:28:37,'2026042201282809818114712131,入账,3.56,聚合账户,货款结算入账,精选联盟,'6925667928649990034,'6925667928649990034,'SS76304569714098347580183,2026-04-18 01:13:25,'3806479482789953902,新款蓝楹蝶!甜美氛围感头花侧边夹旅行发卡！早春气质蓝色花朵发夹,'0,,普通订单,3.96,0,0,0,0,0,0,0,0,0,0,0,-0.2,0,0,0,0,-0.2,0,,0,义乌市黎既电子商务商行（个体工商户）,订单结算
2026-04-22 01:28:37,'2026042201282732072502102131,入账,0.99,聚合账户,货款结算入账,小店自卖,'6925705471004671178,'6925705471004671178,'SS76302788895288366590089,2026-04-19 09:37:41,'3752288720800317586,欧根纱网纱花朵抓夹女高级感2025新款水钻发夹后脑勺高马尾鲨鱼夹,,,普通订单,3.43,0,0,0,0,0,0,0,0,0,0,-2.43,-0.01,0,0,0,0,0,0,是-商品卡免佣,0.07,义乌市黎既电子商务商行（个体工商户）,订单结算
2026-04-22 01:28:37,'2026042201283027265602712131,入账,3.75,聚合账户,货款结算入账,小店自卖,'6925637844940717782,'6925637844940717782,'SS76303975122493279220008,2026-04-16 20:00:17,'3746150076641313252,网红简约ins纯色宽边发带高颅顶白色发箍女运动健身夏季头饰发饰,,,普通订单,1.49,0.9,0,0,0,0,0,0,2.28,0,0,0,-0.02,0,0,0,0,0,0,是-商品卡免佣,0.15,义乌市黎既电子商务商行（个体工商户）,订单结算
2026-04-22 01:28:37,'2026042201283008895373322131,入账,3.84,聚合账户,货款结算入账,精选联盟,'6925678862644051793,'6925678862644051793,'SS76303069537678138940109,2026-04-17 22:17:39,'3745792367991586945,高级感bb夹水钻镂空云朵碎发夹前额后脑勺发夹侧边刘海夹外出发饰,'479040913815549,文静好物,普通订单,4.34,0.8,0,0,0,0,0,0,0,0,0,0,-0.22,-0.28,0,0,0,0,0,,0,义乌市黎既电子商务商行（个体工商户）,订单结算
2026-04-22 01:28:37,'2026042201283113527168002131,入账,3.75,聚合账户,货款结算入账,小店自卖,'6925620520389082686,'6925620520389082686,'SS76304014249035860840152,2026-04-15 22:10:56,'3746150076641313252,网红简约ins纯色宽边发带高颅顶白色发箍女运动健身夏季头饰发饰,,,普通订单,3.77,0.9,0,0,0,0,0,0,0,0,0,0,-0.02,0,0,0,0,0,0,是-商品卡免佣,0.15,义乌市黎既电子商务商行（个体工商户）,订单结算
2026-04-22 03:13:16,'2026042203131238348561982131,入账,3.93,聚合账户,货款结算入账,小店自卖,'6951999146156954799,'6951999146156954799,'SS76302879159780319070227,2026-04-11 23:52:03,'3757678157491208600,夏季简约醋酸发夹边夹侧边碎发刘海夹女2025新款ins前额bb夹头饰,,,普通订单,3.95,0.49,0,0,0,0,0,0,0,0,0,0,-0.02,0,0,0,0,0,0,是-商品卡免佣,0.15,义乌市黎既电子商务商行（个体工商户）,订单结算
2026-04-22 03:13:16,'2026042203131223741074112131,入账,2.98,聚合账户,货款结算入账,小店自卖,'6951999603274946172,'6951999603274946172,'SS76303262807109350860085,2026-04-12 10:20:25,'3782115864158011677,新款大号花朵头发夹子发卡子网红爆款妈妈抓夹女后脑勺盘发鸭嘴夹,,,普通订单,3,0,0,0,0,0,0,0,0,0,0,0,-0.02,0,0,0,0,0,0,是-商品卡免佣,0.15,义乌市黎既电子商务商行（个体工商户）,订单结算
2026-04-22 03:13:16,'2026042203131116407434242131,入账,3.81,聚合账户,货款结算入账,小店自卖,'6925523459844636340,'6925523459844636340,'SS76302639461726172310128,2026-04-11 23:18:58,'3784368456477049055,韩国气质碎钻满天星抓夹女后脑勺半扎发鲨鱼夹发量少百搭发卡头饰,,,普通订单,3.83,0,0,0,0,0,0,0,0,0,0,0,-0.02,0,0,0,0,0,0,是-商品卡免佣,0.15,义乌市黎既电子商务商行（个体工商户）,订单结算
2026-04-22 03:13:16,'2026042203131108481671832131,入账,2.81,聚合账户,货款结算入账,小店自卖,'6925523658554965521,'6925523658554965521,'SS76303546309250749710208,2026-04-12 00:33:14,'3790878995596312771,韩系黑色波点布艺褶皱高马尾香蕉夹竖夹新款豹纹发夹气质百搭发饰,,,普通订单,2.83,0.39,0,0,0,0,0,0,0,0,0,0,-0.02,0,0,0,0,0,0,是-商品卡免佣,0.15,义乌市黎既电子商务商行（个体工商户）,订单结算
2026-04-22 03:13:16,'2026042203131228522908572131,入账,7.91,聚合账户,货款结算入账,小店自卖,'6951999878921524891,'6951999878921524891,'SS76303716823097515920184,2026-04-12 13:20:43,'3768982715341340864,可爱卡通法式珍珠三角抓夹女新款发量多发夹后脑勺高级感鲨鱼夹,,,普通订单,7.96,0,0,0,0,0,0,0,0,0,0,0,-0.05,0,0,0,0,0,0,是-商品卡免佣,0.37,义乌市黎既电子商务商行（个体工商户）,订单结算
2026-04-22 03:13:36,'2026042203133215756702982131,入账,2.67,聚合账户,货款结算入账,小店自卖,'6951979007288874472,'6951979007288874472,'SS76302632088936287220147,2026-04-11 15:59:38,'3784368456477049055,韩国气质碎钻满天星抓夹女后脑勺半扎发鲨鱼夹发量少百搭发卡头饰,,,普通订单,2.69,0,0,0,0,0,0,0,0,0,0,0,-0.02,0,0,0,0,0,0,是-商品卡免佣,0.15,义乌市黎既电子商务商行（个体工商户）,订单结算
2026-04-22 03:13:36,'2026042203133102361270282131,入账,1.91,聚合账户,货款结算入账,小店自卖,'6925541666533768911,'6925541666533768911,'SS76303715331575854500250,2026-04-12 14:46:36,'3776769690882408946,简约三角形头发抓夹高级鲨鱼夹2025秋冬新款发夹后脑勺盘发夹子女,,,普通订单,1.92,0,0,0,0,0,0,0,0,0,0,0,-0.01,0,0,0,0,0,0,是-商品卡免佣,0.07,义乌市黎既电子商务商行（个体工商户）,订单结算
2026-04-22 03:13:36,'2026042203133235534812432131,入账,8.41,聚合账户,货款结算入账,小店自卖,'6952014773568345858,'6952014773568345858,'SS76303724436027809370250,2026-04-13 09:28:29,'3673976773902729360,发夹女后脑勺珍珠发卡大号盘发鲨鱼夹韩国ins网红气质头饰抓发夹,,,普通订单,8.46,0.9,0,0,0,0,0,0,0,0,0,0,-0.05,0,0,0,0,0,0,是-商品卡免佣,0.37,义乌市黎既电子商务商行（个体工商户）,订单结算
2026-04-22 03:13:36,'2026042203133010533647512131,入账,3.86,聚合账户,货款结算入账,小店自卖,'6925521347657825838,'6925521347657825838,'SS76302878453667269580207,2026-04-11 22:34:36,'3808487560431403539,2026年上新轻奢鸭嘴夹高级一字夹水钻发夹精致少女头饰刘海侧边夹,,,普通订单,3.88,0,0,0,0,0,0,0,0,0,0,0,-0.02,0,0,0,0,0,0,是-商品卡免佣,0.15,义乌市黎既电子商务商行（个体工商户）,订单结算
2026-04-22 03:13:36,'2026042203133108330611722131,入账,7.03,聚合账户,货款结算入账,小店自卖,'6925510057897131109,'6925510057897131109,'SS76302878404758080540025,2026-04-11 17:18:37,'3752640296001863810,儿童网红卡通发夹韩国公主头饰碎发BB碎发可爱女童碎发发卡,,,普通订单,7.07,0,0,0,0,0,0,0,0,0,0,0,-0.04,0,0,0,0,0,0,是-商品卡免佣,0.29,义乌市黎既电子商务商行（个体工商户）,订单结算
2026-04-22 03:13:49,'2026042203134519896409952131,入账,1.84,聚合账户,货款结算入账,小店自卖,'6925531046935297435,'6925531046935297435,'SS76304131293058504100010,2026-04-12 09:02:12,'3765288178014093975,香蕉夹女2025新款高级感发夹复古头饰发饰高马尾抓夹固定神器,,,普通订单,1.75,0,0,0.1,0,0,0,0,0,0,0,0,-0.01,0,0,0,0,0,0,是-商品卡免佣,0.07,义乌市黎既电子商务商行（个体工商户）,订单结算
2026-04-22 03:13:49,'2026042203134335914224642131,入账,1.91,聚合账户,货款结算入账,小店自卖,'6925515060741569578,'6925515060741569578,'SS76302878029667699740205,2026-04-11 22:18:40,'3776769690882408946,简约三角形头发抓夹高级鲨鱼夹2025秋冬新款发夹后脑勺盘发夹子女,,,普通订单,0.01,0,0,1.91,0,0,0,0,0,0,0,0,-0.01,0,0,0,0,0,0,是-商品卡免佣,0.07,义乌市黎既电子商务商行（个体工商户）,订单结算
2026-04-22 03:13:49,'2026042203134312886018662131,入账,3,聚合账户,货款结算入账,小店自卖,'6952006834307929392,'6952006834307929392,'SS76303714499706724180099,2026-04-12 15:11:45,'3796640026289373330,蝴蝶结鸭嘴夹小香风毛呢爆款发夹后脑勺气质洋气盘发一字夹子,,,普通订单,3.16,0,0,0,0,0,0,0,0,0,0,0,-0.16,0,0,0,0,0,0,,0,义乌市黎既电子商务商行（个体工商户）,订单结算
2026-04-22 03:13:49,'2026042203134407760983562131,入账,4.74,聚合账户,货款结算入账,小店自卖,'6925533878185786673,'6925533878185786673,'SS76303995612715425620125,2026-04-12 16:21:03,'3746327720573927819,满天星新年红抓夹国风纯色简约发夹繁星镶钻中号鲨鱼夹高级感水钻,,,普通订单,4.77,0,0,0,0,0,0,0,0,0,0,0,-0.03,0,0,0,0,0,0,是-商品卡免佣,0.22,义乌市黎既电子商务商行（个体工商户）,订单结算
2026-04-22 03:13:49,'2026042203134335321001302131,入账,2.43,聚合账户,货款结算入账,精选联盟,'6925530619869036518,'6925530619869036518,'SS76302637176741240420137,2026-04-12 00:16:49,'3784368456477049055,韩国气质碎钻满天星抓夹女后脑勺半扎发鲨鱼夹发量少百搭发卡头饰,'0,,普通订单,0.01,0,0,2.68,0,0,0,0,0,0,0,0,-0.13,0,0,0,0,-0.13,0,,0,义乌市黎既电子商务商行（个体工商户）,订单结算
2026-04-22 03:14:05,'2026042203140017913782102131,入账,2.82,聚合账户,货款结算入账,小店自卖,'6925541422967192896,'6925541422967192896,'SS76303692212455880030178,2026-04-12 12:46:32,'3769167173533172068,温柔褶皱～设计师款显发量香蕉夹气质高级感后脑勺发夹简约高马尾,,,普通订单,0.84,0,0,2,0,0,0,0,0,0,0,0,-0.02,0,0,0,0,0,0,是-商品卡免佣,0.15,义乌市黎既电子商务商行（个体工商户）,订单结算
2026-04-22 03:14:05,'2026042203140116149263822131,入账,4.35,聚合账户,货款结算入账,小店自卖,'6952126316927980625,'6952126316927980625,'SS76304891553273126460021,2026-04-16 15:06:30,'3806285088233226368,韩系~时尚百搭简约女格纹布少女风艺带齿细发箍个性压发箍头箍女,,,普通订单,0.01,0,0,4.37,0,0,0,0,0,0,0,0,-0.03,0,0,0,0,0,0,是-商品卡免佣,0.22,义乌市黎既电子商务商行（个体工商户）,订单结算
2026-04-22 03:14:05,'2026042203140006357489152131,入账,4.61,聚合账户,货款结算入账,小店自卖,'6952014276043216530,'6952014276043216530,'SS76303227838890972540131,2026-04-12 22:26:02,'3768982715341340864,可爱卡通法式珍珠三角抓夹女新款发量多发夹后脑勺高级感鲨鱼夹,,,普通订单,0.01,0,0.49,4.14,0,0,0,0,0,0,0,0,-0.03,0,0,0,0,0,0,是-商品卡免佣,0.22,义乌市黎既电子商务商行（个体工商户）,订单结算
2026-04-22 03:14:05,'2026042203135939603735042131,入账,3.49,聚合账户,货款结算入账,小店自卖,'6925590375942487766,'6925590375942487766,'SS76303786616487452510244,2026-04-14 21:43:11,'3811458741396701435,2026年新款超仙甜美蝴蝶大号盘发抓夹女高级感后脑勺鲨鱼夹头饰品,,,普通订单,0.66,0,0,3.01,0,0,0,0,0,0,0,0,-0.18,0,0,0,0,0,0,,0,义乌市黎既电子商务商行（个体工商户）,订单结算
2026-04-22 03:14:05,'2026042203140037041648992131,入账,2.77,聚合账户,货款结算入账,小店自卖,'6925538004852178214,'6925538004852178214,'SS76303697193506414420204,2026-04-12 15:01:53,'3796640026289373330,蝴蝶结鸭嘴夹小香风毛呢爆款发夹后脑勺气质洋气盘发一字夹子,,,普通订单,0.59,0,0,2.2,0,0,0,0,0,0,0,0,-0.02,0,0,0,0,0,0,是-商品卡免佣,0.15,义乌市黎既电子商务商行（个体工商户）,订单结算
2026-04-22 03:14:21,'2026042203141529952783362131,入账,2.67,聚合账户,货款结算入账,小店自卖,'6925538952294923595,'6925538952294923595,'SS76303717597367017300179,2026-04-12 09:32:40,'3784368456477049055,韩国气质碎钻满天星抓夹女后脑勺半扎发鲨鱼夹发量少百搭发卡头饰,,,普通订单,2.69,0,0,0,0,0,0,0,0,0,0,0,-0.02,0,0,0,0,0,0,是-商品卡免佣,0.15,义乌市黎既电子商务商行（个体工商户）,订单结算
2026-04-22 03:14:21,'2026042203141603193244312131,入账,5.31,聚合账户,货款结算入账,小店自卖,'6925554680436194371,'6925554680436194371,'SS76304695818240822280160,2026-04-13 00:06:10,'3766001784691229117,夏天简约随手盘发一字扭扭夹水钻抓夹高级发夹扭扭后脑勺盘发器,,,普通订单,5.34,0,0,0,0,0,0,0,0,0,0,0,-0.03,0,0,0,0,0,0,是-商品卡免佣,0.22,义乌市黎既电子商务商行（个体工商户）,订单结算
2026-04-22 03:14:21,'2026042203141223165343122131,入账,5.71,聚合账户,货款结算入账,小店自卖,'6925527794632392158,'6925527794632392158,'SS76302878419061314620181,2026-04-11 21:16:19,'3739542149163778373,洗澡大号盘发发夹后脑勺抓夹百搭气质成人发抓鲨鱼夹发卡夹子发饰,,,普通订单,5.74,0,0,0,0,0,0,0,0,0,0,0,-0.03,0,0,0,0,0,0,是-商品卡免佣,0.22,义乌市黎既电子商务商行（个体工商户）,订单结算
2026-04-22 03:14:21,'2026042203141611216532482131,入账,1.95,聚合账户,货款结算入账,小店自卖,'6925505343210356134,'6925505343210356134,'SS76303733957708193540021,2026-04-11 12:09:31,'3806280662462366067,kitty猫~刘海贴精致可爱甜美少女棉花糖猫兔碎发贴魔术贴无痕发饰,,,普通订单,1.96,0,0,0,0,0,0,0,0,0,0,0,-0.01,0,0,0,0,0,0,是-商品卡免佣,0.07,义乌市黎既电子商务商行（个体工商户）,订单结算
2026-04-22 03:14:21,'2026042203141520817354592131,入账,2.11,聚合账户,货款结算入账,精选联盟,'6925656984944213348,'6925656984944213348,'SS76304309922567951420041,2026-04-16 21:12:35,'3807763574974186291,气质高级亮黑色大号鲨鱼抓夹女后脑勺时尚发卡巨能抓头饰2026新款,'0,,普通订单,0.01,0,0,2.34,0,0,0,0,0,0,0,0,-0.12,0,0,0,0,-0.12,0,,0,义乌市黎既电子商务商行（个体工商户）,订单结算
2026-04-22 03:16:02,'2026042203155704248868382131,入账,2.45,聚合账户,货款结算入账,小店自卖,'6951985998891127820,'6951985998891127820,'SS76302626988440458740084,2026-04-11 21:22:14,'3809235146834575749,可爱新春小狗香蕉夹女高马尾扭扭夹红色竖夹高级感2026韩新款发夹,,,普通订单,2.22,0,0,0.36,0,0,0,0,0,0,0,0,-0.13,0,0,0,0,0,0,,0,义乌市黎既电子商务商行（个体工商户）,订单结算
2026-04-22 03:16:02,'2026042203155825083458922131,入账,5.71,聚合账户,货款结算入账,小店自卖,'6952092200517178700,'6952092200517178700,'SS76303912554025661980171,2026-04-15 21:44:39,'3673057951649759338,小皮筋小女孩头绳发绳透明多彩小号一次性皮筋儿童橡皮筋发饰扎头,,,普通订单,5.74,1.15,0,0,0,0,0,0,0,0,0,0,-0.03,0,0,0,0,0,0,是-商品卡免佣,0.22,义乌市黎既电子商务商行（个体工商户）,订单结算
2026-04-22 03:16:02,'2026042203155637343731612131,入账,2.45,聚合账户,货款结算入账,小店自卖,'6952014947184153616,'6952014947184153616,'SS76302711360983209360128,2026-04-12 07:19:41,'3808304279178051966,2026新款头绳蝴蝶结女大肠发圈显瘦百搭编织春夏复古丸子发绳韩系,,,普通订单,2.46,0,0,0,0,0,0,0,0,0,0,0,-0.01,0,0,0,0,0,0,是-商品卡免佣,0.07,义乌市黎既电子商务商行（个体工商户）,订单结算
2026-04-22 03:16:02,'2026042203155738763116152131,入账,7.43,聚合账户,货款结算入账,小店自卖,'6925519129929547312,'6925519129929547312,'SS76302878954044626020216,2026-04-11 23:01:35,'3767460246021341370,短发尴尬期神器女高级感水钻金属发扣前额侧边夹刘海碎发发夹头饰,,,普通订单,7.47,0,0,0,0,0,0,0,0,0,0,0,-0.04,0,0,0,0,0,0,是-商品卡免佣,0.29,义乌市黎既电子商务商行（个体工商户）,订单结算
2026-04-22 03:16:02,'2026042203155716074675612131,入账,6.17,聚合账户,货款结算入账,小店自卖,'6925519203639917810,'6925519203639917810,'SS76302878060190113680074,2026-04-11 23:31:56,'3677561914218643751,发饰交叉抓夹大号发夹新款盘发卡头饰女简约气质鲨鱼夹后脑勺发爪,,,普通订单,6.21,1.15,0,0,0,0,0,0,0,0,0,0,-0.04,0,0,0,0,0,0,是-商品卡免佣,0.29,义乌市黎既电子商务商行（个体工商户）,订单结算
2026-04-22 03:16:21,'2026042203161637972713382131,入账,3.51,聚合账户,货款结算入账,小店自卖,'6925617506443624232,'6925617506443624232,'SS76301374890846620700104,2026-04-15 17:02:52,'3809235146834575749,可爱新春小狗香蕉夹女高马尾扭扭夹红色竖夹高级感2026韩新款发夹,,,普通订单,3.7,0,0,0,0,0,0,0,0,0,0,0,-0.19,0,0,0,0,0,0,,0,义乌市黎既电子商务商行（个体工商户）,订单结算
2026-04-22 03:16:21,'2026042203161711035118342131,入账,1.94,聚合账户,货款结算入账,小店自卖,'6952006477064705242,'6952006477064705242,'SS76304102593749486080083,2026-04-12 11:06:08,'3763932675732275215,简约高马尾香蕉夹抓夹女高级感2025新款大号一字扭扭夹发夹发饰夏,,,普通订单,1.95,0,0,0,0,0,0,0,0,0,0,0,-0.01,0,0,0,0,0,0,是-商品卡免佣,0.07,义乌市黎既电子商务商行（个体工商户）,订单结算
2026-04-22 03:16:21,'2026042203161608520179582131,入账,4.14,聚合账户,货款结算入账,小店自卖,'6952004563568301114,'6952004563568301114,'SS76303722189390648750068,2026-04-12 13:09:42,'3767836698009010522,2025新款新中式水钻珠珠一字扭扭夹盘发抓夹发量高级感后脑勺发饰,,,普通订单,4.16,0,0,0,0,0,0,0,0,0,0,0,-0.02,0,0,0,0,0,0,是-商品卡免佣,0.15,义乌市黎既电子商务商行（个体工商户）,订单结算
2026-04-22 03:16:21,'2026042203161728284526182131,入账,4.17,聚合账户,货款结算入账,小店自卖,'6951995199953507916,'6951995199953507916,'SS76302878941918989430085,2026-04-12 02:31:29,'3767836446577263027,高级感水钻网纱花朵抓夹女2025新款鲨鱼夹高马尾发夹后脑勺发卡,,,普通订单,4.2,0.55,0,0,0,0,0,0,0,0,0,0,-0.03,0,0,0,0,0,0,是-商品卡免佣,0.22,义乌市黎既电子商务商行（个体工商户）,订单结算
2026-04-22 03:16:21,'2026042203161717075407792131,入账,3.84,聚合账户,货款结算入账,小店自卖,'6925305452408897046,'6925305452408897046,'SS76302954100602314760091,2026-04-02 00:39:16,'3750791789322306375,刘海夹前额洋气闪钻轻奢植绒复古夹子双层侧边夹碎发整理夹子女,,,普通订单,3.86,0.45,0,0,0,0,0,0,0,0,0,0,-0.02,0,0,0,0,0,0,是-商品卡免佣,0.15,义乌市黎既电子商务商行（个体工商户）,订单结算
2026-04-22 03:17:25,'2026042203172029327406622131,入账,2.86,聚合账户,货款结算入账,小店自卖,'6925530752044990050,'6925530752044990050,'SS76302879132888599040249,2026-04-12 05:40:46,'3761395105840365661,高级感水钻满天星发夹女后脑勺盘发神器发卡青蛙夹扭扭夹发卡头饰,,,普通订单,2.88,0,0,0,0,0,0,0,0,0,0,0,-0.02,0,0,0,0,0,0,是-商品卡免佣,0.15,义乌市黎既电子商务商行（个体工商户）,订单结算
2026-04-22 03:17:25,'2026042203171922161989522131,入账,2.63,聚合账户,货款结算入账,小店自卖,'6951997697282348705,'6951997697282348705,'SS76303716879944791100141,2026-04-12 13:47:49,'3763932448057065566,磨砂扭扭香蕉夹高马尾大号发夹后脑勺竖夹发卡韩国气质女夹子头饰,,,普通订单,2.65,0.89,0,0,0,0,0,0,0,0,0,0,-0.02,0,0,0,0,0,0,是-商品卡免佣,0.15,义乌市黎既电子商务商行（个体工商户）,订单结算
2026-04-22 03:17:25,'2026042203171833986852202131,入账,4.2,聚合账户,货款结算入账,小店自卖,'6925532273638538314,'6925532273638538314,'SS76303711842363640700205,2026-04-12 00:25:16,'3766001784691229117,夏天简约随手盘发一字扭扭夹水钻抓夹高级发夹扭扭后脑勺盘发器,,,普通订单,4.23,0,0,0,0,0,0,0,0,0,0,0,-0.03,0,0,0,0,0,0,是-商品卡免佣,0.22,义乌市黎既电子商务商行（个体工商户）,订单结算
2026-04-22 03:17:25,'2026042203171932785044672131,入账,6.34,聚合账户,货款结算入账,小店自卖,'6925517036195773644,'6925517036195773644,'SS76302878236022546550055,2026-04-11 22:52:59,'3796640026289373330,蝴蝶结鸭嘴夹小香风毛呢爆款发夹后脑勺气质洋气盘发一字夹子,,,普通订单,6.38,0,0,0,0,0,0,0,0,0,0,0,-0.04,0,0,0,0,0,0,是-商品卡免佣,0.29,义乌市黎既电子商务商行（个体工商户）,订单结算
2026-04-22 03:17:25,'2026042203172004377195932131,入账,4.85,聚合账户,货款结算入账,小店自卖,'6925522818324200465,'6925522818324200465,'SS76302878422712530190022,2026-04-11 18:22:48,'3796640026289373330,蝴蝶结鸭嘴夹小香风毛呢爆款发夹后脑勺气质洋气盘发一字夹子,,,普通订单,4.88,0,0,0,0,0,0,0,0,0,0,0,-0.03,0,0,0,0,0,0,是-商品卡免佣,0.22,义乌市黎既电子商务商行（个体工商户）,订单结算
2026-04-22 03:17:41,'2026042203173531472891302131,入账,12.19,聚合账户,货款结算入账,小店自卖,'6925538246554517130,'6925538246554517130,'SS76304000121822257060018,2026-04-12 16:30:51,'3757657178757005484,简约彩色蝴蝶结鸭嘴夹韩系女孩后脑勺高级感大号儿童发夹早春头饰,,,普通订单,12.26,0,0,0,0,0,0,0,0,0,0,0,-0.07,0,0,0,0,0,0,是-商品卡免佣,0.51,义乌市黎既电子商务商行（个体工商户）,订单结算
2026-04-22 03:17:41,'2026042203173609743572902131,入账,6.18,聚合账户,货款结算入账,小店自卖,'6925525625603981248,'6925525625603981248,'SS76302878913328750480109,2026-04-11 21:44:17,'3673424694561865791,薄款牛油果绿系列小丝巾缠包模特搭配装饰品扎头发绑发飘带发带,,,普通订单,6.22,1.55,0,0,0,0,0,0,0,0,0,0,-0.04,0,0,0,0,0,0,是-商品卡免佣,0.29,义乌市黎既电子商务商行（个体工商户）,订单结算
2026-04-22 03:17:41,'2026042203173741860145052131,入账,4.48,聚合账户,货款结算入账,小店自卖,'6925598943313165820,'6925598943313034748,'SS76304574396111429470229,2026-04-14 22:19:14,'3744458548877328592,ins蝴蝶结发夹甜酷少女小号刘海夹发卡侧边碎发夹子,,,普通订单,4.51,0,0,0,0,0,0,0,0,0,0,0,-0.03,0,0,0,0,0,0,是-商品卡免佣,0.22,义乌市黎既电子商务商行（个体工商户）,订单结算
2026-04-22 03:17:41,'2026042203173512260647032131,入账,2.81,聚合账户,货款结算入账,小店自卖,'6925516453496782109,'6925516453496782109,'SS76302620092345224310100,2026-04-11 18:45:15,'3790878995596312771,韩系黑色波点布艺褶皱高马尾香蕉夹竖夹新款豹纹发夹气质百搭发饰,,,普通订单,2.83,0.39,0,0,0,0,0,0,0,0,0,0,-0.02,0,0,0,0,0,0,是-商品卡免佣,0.15,义乌市黎既电子商务商行（个体工商户）,订单结算
2026-04-22 03:17:41,'2026042203173533135211672131,入账,4.15,聚合账户,货款结算入账,小店自卖,'6951993192438830314,'6951993192438830314,'SS76303289290895365640008,2026-04-12 11:36:46,'3783820390732792146,豹纹镂空云朵抓夹女高级感2025新款秋冬发量大后脑勺鲨鱼夹子发饰,,,普通订单,4.18,0,0,0,0,0,0,0,0,0,0,0,-0.03,0,0,0,0,0,0,是-商品卡免佣,0.22,义乌市黎既电子商务商行（个体工商户）,订单结算
2026-04-22 03:18:58,'2026042203185423783347542131,入账,3.52,聚合账户,货款结算入账,精选联盟,'6952022138809816914,'6952022138809816914,'SS76303691436796360030139,2026-04-12 13:48:12,'3752642368441024869,夏天新款网红山茶花隐形碎发后脑勺整理毛发神器发箍儿童发夹发饰,'3759922985573891,芳姐好物,普通订单,4,0.55,0,0,0,0,0,0,0,0,0,0,-0.2,-0.28,0,0,0,0,0,,0,义乌市黎既电子商务商行（个体工商户）,订单结算
2026-04-22 03:18:58,'2026042203185218051566602131,入账,3.94,聚合账户,货款结算入账,小店自卖,'6925532215438704135,'6925532215438704135,'SS76302879339119419070181,2026-04-12 00:13:05,'3806479482789953902,新款蓝楹蝶!甜美氛围感头花侧边夹旅行发卡！早春气质蓝色花朵发夹,,,普通订单,3.96,0,0,0,0,0,0,0,0,0,0,0,-0.02,0,0,0,0,0,0,是-商品卡免佣,0.15,义乌市黎既电子商务商行（个体工商户）,订单结算
2026-04-22 03:18:58,'2026042203185209828441942131,入账,5.17,聚合账户,货款结算入账,小店自卖,'6925530357572337509,'6925530357572337509,'SS76302878175031997950140,2026-04-11 22:14:54,'3761558312416575912,日韩黑色宽边发箍纯色高颅顶显脸小头箍瑞丽风气质百搭复古发饰,,,普通订单,5.44,0.9,0,0,0,0,0,0,0,0,0,0,-0.27,0,0,0,0,0,0,,0,义乌市黎既电子商务商行（个体工商户）,订单结算
2026-04-22 03:18:58,'2026042203185221779256842131,入账,6.17,聚合账户,货款结算入账,小店自卖,'6951979201991284518,'6951979201991284518,'SS76302877858829112750219,2026-04-11 18:37:58,'3748761831255180030,法式高级感超大号弧形抓夹女新款后脑勺盘发夹发量大鲨鱼夹发卡夹,,,普通订单,6.21,0.55,0,0,0,0,0,0,0,0,0,0,-0.04,0,0,0,0,0,0,是-商品卡免佣,0.29,义乌市黎既电子商务商行（个体工商户）,订单结算
2026-04-22 03:18:58,'2026042203185427353095832131,入账,3.43,聚合账户,货款结算入账,小店自卖,'6925653010352929991,'6925653010352929991,'SS76302622310353352110137,2026-04-16 21:40:52,'3812568539638923653,超仙温柔网纱花朵抓夹女高级感2026新款头花发夹后脑勺鲨鱼夹头饰,,,普通订单,3.45,0,0,0,0,0,0,0,0,0,0,0,-0.02,0,0,0,0,0,0,是-商品卡免佣,0.15,义乌市黎既电子商务商行（个体工商户）,订单结算
2026-04-22 03:19:13,'2026042203190802148930712131,入账,8.38,聚合账户,货款结算入账,小店自卖,'6952010492827866216,'6952010492827866216,'SS76302879270300104020179,2026-04-12 00:23:51,'3806817990763217240,整理神器~可爱蝴蝶结小猫无痕刘海贴魔术贴发饰女前额侧边碎发贴,,,普通订单,8.43,0,0,0,0,0,0,0,0,0,0,0,-0.05,0,0,0,0,0,0,是-商品卡免佣,0.37,义乌市黎既电子商务商行（个体工商户）,订单结算
2026-04-22 03:19:13,'2026042203190814562271062131,入账,7.47,聚合账户,货款结算入账,小店自卖,'6925516264020802838,'6925516264020802838,'SS76302878051011305500014,2026-04-11 16:56:34,'3807205538505294323,2026新款泡泡辫头绳可爱设计女高级感直条电话线发圈马尾编发发饰,,,普通订单,3.52,0,0,0,0,0,0,0,0,4,0,0,-0.05,0,0,0,0,0,0,是-商品卡免佣,0.37,义乌市黎既电子商务商行（个体工商户）,订单结算
2026-04-22 03:19:13,'2026042203190739563266912131,入账,3.59,聚合账户,货款结算入账,小店自卖,'6925522143008096046,'6925522143008096046,'SS76303713259739225870223,2026-04-12 09:59:12,'3766001784691229117,夏天简约随手盘发一字扭扭夹水钻抓夹高级发夹扭扭后脑勺盘发器,,,普通订单,3.61,0.69,0,0,0,0,0,0,0,0,0,0,-0.02,0,0,0,0,0,0,是-商品卡免佣,0.15,义乌市黎既电子商务商行（个体工商户）,订单结算
2026-04-22 03:19:13,'2026042203190917954289162131,入账,3.63,聚合账户,货款结算入账,小店自卖,'6925537375509249365,'6925537375509249365,'SS76303116855345651600108,2026-04-12 10:44:29,'3807763574974186291,气质高级亮黑色大号鲨鱼抓夹女后脑勺时尚发卡巨能抓头饰2026新款,,,普通订单,3.65,0,0,0,0,0,0,0,0,0,0,0,-0.02,0,0,0,0,0,0,是-商品卡免佣,0.15,义乌市黎既电子商务商行（个体工商户）,订单结算
2026-04-22 03:19:13,'2026042203190828952663382131,入账,2.67,聚合账户,货款结算入账,小店自卖,'6925509759412960933,'6925509759412960933,'SS76302632119315663620066,2026-04-11 15:14:58,'3784368456477049055,韩国气质碎钻满天星抓夹女后脑勺半扎发鲨鱼夹发量少百搭发卡头饰,,,普通订单,2.69,0,0,0,0,0,0,0,0,0,0,0,-0.02,0,0,0,0,0,0,是-商品卡免佣,0.15,义乌市黎既电子商务商行（个体工商户）,订单结算
2026-04-22 03:20:32,'2026042203202724756882012131,入账,2.94,聚合账户,货款结算入账,小店自卖,'6952001165463262271,'6952001165463262271,'SS76302878456773350460078,2026-04-11 19:50:17,'3807763574974186291,气质高级亮黑色大号鲨鱼抓夹女后脑勺时尚发卡巨能抓头饰2026新款,,,普通订单,0.01,0,0,2.95,0,0,0,0,0,0,0,0,-0.02,0,0,0,0,0,0,是-商品卡免佣,0.15,义乌市黎既电子商务商行（个体工商户）,订单结算
2026-04-22 03:20:32,'2026042203202738338770382131,入账,4.63,聚合账户,货款结算入账,小店自卖,'6952000054948795821,'6952000054948795821,'SS76303999138697590170072,2026-04-12 15:22:55,'3763932675732275215,简约高马尾香蕉夹抓夹女高级感2025新款大号一字扭扭夹发夹发饰夏,,,普通订单,4.66,0,0,0,0,0,0,0,0,0,0,0,-0.03,0,0,0,0,0,0,是-商品卡免佣,0.22,义乌市黎既电子商务商行（个体工商户）,订单结算
2026-04-22 03:20:32,'2026042203202832089382462131,入账,1.57,聚合账户,货款结算入账,小店自卖,'6952050143720707863,'6952050143720707863,'SS76303983433534016520126,2026-04-14 16:13:18,'3674942630610993162,好用推荐~春夏亚克力盘发抓夹2024新款发夹女后脑勺鲨鱼夹子毛绒,,,普通订单,0.01,0,0,1.57,0,0,0,0,0,0,0,0,-0.01,0,0,0,0,0,0,是-商品卡免佣,0.07,义乌市黎既电子商务商行（个体工商户）,订单结算
2026-04-22 03:20:32,'2026042203202901095933822131,入账,2.63,聚合账户,货款结算入账,小店自卖,'6951990317317494062,'6951990317317494062,'SS76302719893700938390186,2026-04-11 22:47:34,'3763932448057065566,磨砂扭扭香蕉夹高马尾大号发夹后脑勺竖夹发卡韩国气质女夹子头饰,,,普通订单,0.9,0.89,0,1.75,0,0,0,0,0,0,0,0,-0.02,0,0,0,0,0,0,是-商品卡免佣,0.15,义乌市黎既电子商务商行（个体工商户）,订单结算
2026-04-22 03:20:32,'2026042203202712362716792131,入账,1.95,聚合账户,货款结算入账,小店自卖,'6925548410631126211,'6925548410631126211,'SS76303734013491940100097,2026-04-12 15:29:22,'3806280662462366067,kitty猫~刘海贴精致可爱甜美少女棉花糖猫兔碎发贴魔术贴无痕发饰,,,普通订单,1.96,0,0,0,0,0,0,0,0,0,0,0,-0.01,0,0,0,0,0,0,是-商品卡免佣,0.07,义乌市黎既电子商务商行（个体工商户）,订单结算
2026-04-22 03:20:32,'2026042203202701455396252131,入账,1.95,聚合账户,货款结算入账,小店自卖,'6925583870321982578,'6925583870321982578,'SS76303624140779200060149,2026-04-13 20:15:02,'3806280662462366067,kitty猫~刘海贴精致可爱甜美少女棉花糖猫兔碎发贴魔术贴无痕发饰,,,普通订单,0.01,0,0,1.95,0,0,0,0,0,0,0,0,-0.01,0,0,0,0,0,0,是-商品卡免佣,0.07,义乌市黎既电子商务商行（个体工商户）,订单结算
2026-04-22 03:21:45,'2026042203213941702200682131,入账,3.75,聚合账户,货款结算入账,小店自卖,'6925543609284394518,'6925543609284394518,'SS76303746129427504910227,2026-04-12 11:45:43,'3746150076641313252,网红简约ins纯色宽边发带高颅顶白色发箍女运动健身夏季头饰发饰,,,普通订单,3.77,0.9,0,0,0,0,0,0,0,0,0,0,-0.02,0,0,0,0,0,0,是-商品卡免佣,0.15,义乌市黎既电子商务商行（个体工商户）,订单结算
2026-04-22 03:22:42,'2026042203223640491916802131,入账,2.56,聚合账户,货款结算入账,小店自卖,'6952075623628281809,'6952075623628281809,'SS76302965608542380030053,2026-04-15 10:56:50,'3809235146834575749,可爱新春小狗香蕉夹女高马尾扭扭夹红色竖夹高级感2026韩新款发夹,,,普通订单,0.01,0,0,2.57,0,0,0,0,0,0,0,0,-0.02,0,0,0,0,0,0,是-商品卡免佣,0.15,义乌市黎既电子商务商行（个体工商户）,订单结算
2026-04-22 03:24:07,'2026042203240212592911992131,入账,3.64,聚合账户,货款结算入账,小店自卖,'6952157355876358025,'6952157355876358025,'SS76304225992450711540111,2026-04-17 20:49:41,'3784368456477049055,韩国气质碎钻满天星抓夹女后脑勺半扎发鲨鱼夹发量少百搭发卡头饰,,,普通订单,0.83,0,0,3,0,0,0,0,0,0,0,0,-0.19,0,0,0,0,0,0,,0,义乌市黎既电子商务商行（个体工商户）,订单结算
2026-04-22 03:24:50,'2026042203244435792161802131,入账,2.56,聚合账户,货款结算入账,小店自卖,'6951985730219284398,'6951985730219284398,'SS76302633445826770460202,2026-04-11 19:20:47,'3784368456477049055,韩国气质碎钻满天星抓夹女后脑勺半扎发鲨鱼夹发量少百搭发卡头饰,,,普通订单,0.01,0,0,2.68,0,0,0,0,0,0,0,0,-0.13,0,0,0,0,0,0,,0,义乌市黎既电子商务商行（个体工商户）,订单结算
2026-04-22 03:24:50,'2026042203244429947540832131,入账,2.49,聚合账户,货款结算入账,小店自卖,'6952020064981489256,'6952020064981489256,'SS76303714671296353710240,2026-04-12 12:39:27,'3739542149163778373,洗澡大号盘发发夹后脑勺抓夹百搭气质成人发抓鲨鱼夹发卡夹子发饰,,,普通订单,0.01,0,0,2.61,0,0,0,0,0,0,0,0,-0.13,0,0,0,0,0,0,,0,义乌市黎既电子商务商行（个体工商户）,订单结算
2026-04-22 03:24:50,'2026042203244300846607552131,入账,4.95,聚合账户,货款结算入账,小店自卖,'6925573823641320470,'6925573823641320470,'SS76303079511565765210032,2026-04-13 23:26:13,'3812573397322432839,新款密齿香蕉韩系法式波点蕾丝蝴蝶结后脑勺盘发发夹发卡马尾发饰,,,普通订单,2.98,0,0,2,0,0,0,0,0,0,0,0,-0.03,0,0,0,0,0,0,是-商品卡免佣,0.22,义乌市黎既电子商务商行（个体工商户）,订单结算
2026-04-22 03:24:50,'2026042203244322117916592131,入账,5.89,聚合账户,货款结算入账,精选联盟,'6925523194208419228,'6925523194208419228,'SS76302878524586729380127,2026-04-11 21:23:44,'3795705621886664997,韩系可爱小熊格纹发夹女后脑勺马尾竖夹盘发香蕉夹甜美发卡子发饰,'0,,普通订单,0.55,0,0,6,0,0,0,0,0,0,0,0,-0.33,0,0,0,0,-0.33,0,,0,义乌市黎既电子商务商行（个体工商户）,订单结算
2026-04-22 03:24:50,'2026042203244424222152112131,入账,2.52,聚合账户,货款结算入账,精选联盟,'6925622027884593123,'6925622027884593123,'SS76303489015703964540186,2026-04-15 15:26:55,'3806285088233226368,韩系~时尚百搭简约女格纹布少女风艺带齿细发箍个性压发箍头箍女,'0,,普通订单,0.01,0,0,2.79,0,0,0,0,0,0,0,0,-0.14,0,0,0,0,-0.14,0,,0,义乌市黎既电子商务商行（个体工商户）,订单结算
2026-04-22 03:25:03,'2026042203245637923228562131,入账,4.85,聚合账户,货款结算入账,小店自卖,'6952077456281310426,'6952077456281310426,'SS76302413319402501270028,2026-04-14 22:33:35,'3673489282238119965,发带女绑发仙女水果飘带网红发绳百搭薄小丝巾发带女夏季外出编发,,,普通订单,4.88,0.9,0,0,0,0,0,0,0,0,0,0,-0.03,0,0,0,0,0,0,是-商品卡免佣,0.22,义乌市黎既电子商务商行（个体工商户）,订单结算
2026-04-22 03:25:03,'2026042203245710169392792131,入账,2.09,聚合账户,货款结算入账,小店自卖,'6952161193720813115,'6952161193720813115,'SS76303653040858281470178,2026-04-17 13:29:28,'3754886570348511555,简约发夹头饰发量多发卡高级感发饰头饰抓夹大号亚克力黑色鲨鱼夹,,,普通订单,2.2,2.1,0,0,0,0,0,0,0,0,0,0,-0.11,0,0,0,0,0,0,,0,义乌市黎既电子商务商行（个体工商户）,订单结算
2026-04-22 03:25:03,'2026042203245613406543882131,入账,2.78,聚合账户,货款结算入账,小店自卖,'6952119224673966052,'6952119224673966052,'SS76302795630804994960159,2026-04-16 08:57:28,'3806285088233226368,韩系~时尚百搭简约女格纹布少女风艺带齿细发箍个性压发箍头箍女,,,普通订单,0.8,0,0,2,0,0,0,0,0,0,0,0,-0.02,0,0,0,0,0,0,是-商品卡免佣,0.15,义乌市黎既电子商务商行（个体工商户）,订单结算
2026-04-22 03:25:03,'2026042203245535619310142131,入账,4.1,聚合账户,货款结算入账,小店自卖,'6925517191302577748,'6925517191302577748,'SS76285610234866611300089,2026-04-12 00:54:11,'3763036848532881769,柠檬清新糖果色头卡通发夹女后脑勺可爱蝴蝶结抓夹2025新款鲨鱼夹,,,普通订单,6.19,0,0,0,0,0,0,0,0,0,0,-2.06,-0.03,0,0,0,0,0,0,是-商品卡免佣,0.22,义乌市黎既电子商务商行（个体工商户）,订单结算
2026-04-22 03:25:03,'2026042203245604219418032131,入账,4.04,聚合账户,货款结算入账,精选联盟,'6925516696233737876,'6925516696233737876,'SS76302877919456955230224,2026-04-11 20:37:38,'3746529925562237053,满钻星星碎发整理神器隐形碎发梳女儿童固定头发夹子拉拉梳头饰,'95957951689,菲菲优选,普通订单,4.7,0,0,0,0,0,0,0,0,0,0,0,-0.24,-0.42,0,0,0,0,0,,0,义乌市黎既电子商务商行（个体工商户）,订单结算
2026-04-22 03:25:17,'2026042203250932099371672131,入账,4.07,聚合账户,货款结算入账,小店自卖,'6952013400787130212,'6952013400787130212,'SS76303691394413207500002,2026-04-12 13:18:30,'3673435992590778649,甜美蝴蝶结编发发夹新款网红碎发夹刘海夹侧边夹可爱小夹子头饰时,,,普通订单,4.09,0.9,0,0,0,0,0,0,0,0,0,0,-0.02,0,0,0,0,0,0,是-商品卡免佣,0.15,义乌市黎既电子商务商行（个体工商户）,订单结算
2026-04-22 03:25:17,'2026042203251104080113042131,入账,4.85,聚合账户,货款结算入账,小店自卖,'6952085242491704938,'6952085242491704938,'SS76302807523789215120091,2026-04-15 16:21:53,'3796640026289373330,蝴蝶结鸭嘴夹小香风毛呢爆款发夹后脑勺气质洋气盘发一字夹子,,,普通订单,4.88,0,0,0,0,0,0,0,0,0,0,0,-0.03,0,0,0,0,0,0,是-商品卡免佣,0.22,义乌市黎既电子商务商行（个体工商户）,订单结算
2026-04-22 03:25:17,'2026042203251128819950232131,入账,4.05,聚合账户,货款结算入账,小店自卖,'6952072516291466451,'6952072516291466451,'SS76304088387636764660095,2026-04-14 21:30:04,'3766725340643328230,网红高级感金属发夹女后脑勺抓夹扣盘发气质发卡发饰一字夹扭扭夹,,,普通订单,4.26,0.55,0,0,0,0,0,0,0,0,0,0,-0.21,0,0,0,0,0,0,,0,义乌市黎既电子商务商行（个体工商户）,订单结算
2026-04-22 03:25:17,'2026042203251307009613212131,入账,3.87,聚合账户,货款结算入账,小店自卖,'6925551677043146380,'6925551677043146380,'SS76304342042702154670138,2026-04-12 20:53:25,'3807732934811713667,新款牡丹花羽毛抓夹女高颜值轻奢时尚百搭鲨鱼夹发饰头饰夹发神器,,,普通订单,3.89,0,0,0,0,0,0,0,0,0,0,0,-0.02,0,0,0,0,0,0,是-商品卡免佣,0.15,义乌市黎既电子商务商行（个体工商户）,订单结算
2026-04-22 03:25:18,'2026042203251140235832472131,入账,4.8,聚合账户,货款结算入账,小店自卖,'6952013057121785570,'6952013057121785570,'SS76303975261697520990142,2026-04-12 09:52:58,'3756005899223827926,韩版孔雀开屏盘发器丸子头懒人万能盘发神器懒人后脑勺发卡发饰,,,普通订单,4.83,1.15,0,0,0,0,0,0,0,0,0,0,-0.03,0,0,0,0,0,0,是-商品卡免佣,0.22,义乌市黎既电子商务商行（个体工商户）,订单结算
2026-04-22 03:25:34,'2026042203252830834860062131,入账,2.67,聚合账户,货款结算入账,小店自卖,'6925523758993800805,'6925523758993800805,'SS76302638249591774720128,2026-04-12 04:27:53,'3784368456477049055,韩国气质碎钻满天星抓夹女后脑勺半扎发鲨鱼夹发量少百搭发卡头饰,,,普通订单,2.69,0,0,0,0,0,0,0,0,0,0,0,-0.02,0,0,0,0,0,0,是-商品卡免佣,0.15,义乌市黎既电子商务商行（个体工商户）,订单结算
2026-04-22 03:25:34,'2026042203252740003548562131,入账,3.59,聚合账户,货款结算入账,小店自卖,'6952004310825833838,'6952004310825833838,'SS76303725681345006510132,2026-04-12 11:19:35,'3766001784691229117,夏天简约随手盘发一字扭扭夹水钻抓夹高级发夹扭扭后脑勺盘发器,,,普通订单,3.61,0.69,0,0,0,0,0,0,0,0,0,0,-0.02,0,0,0,0,0,0,是-商品卡免佣,0.15,义乌市黎既电子商务商行（个体工商户）,订单结算
2026-04-22 03:25:34,'2026042203252919556933522131,入账,3.87,聚合账户,货款结算入账,小店自卖,'6952011176727811649,'6952011176727811649,'SS76303734645827343870028,2026-04-12 12:15:49,'3807732934811713667,新款牡丹花羽毛抓夹女高颜值轻奢时尚百搭鲨鱼夹发饰头饰夹发神器,,,普通订单,3.89,0,0,0,0,0,0,0,0,0,0,0,-0.02,0,0,0,0,0,0,是-商品卡免佣,0.15,义乌市黎既电子商务商行（个体工商户）,订单结算
2026-04-22 03:25:34,'2026042203252824882880412131,入账,2.63,聚合账户,货款结算入账,小店自卖,'6925521711803694090,'6925521711803694090,'SS76302719938172073420119,2026-04-12 03:50:52,'3763932448057065566,磨砂扭扭香蕉夹高马尾大号发夹后脑勺竖夹发卡韩国气质女夹子头饰,,,普通订单,2.65,0.89,0,0,0,0,0,0,0,0,0,0,-0.02,0,0,0,0,0,0,是-商品卡免佣,0.15,义乌市黎既电子商务商行（个体工商户）,订单结算
2026-04-22 03:25:34,'2026042203252936867937682131,入账,2.86,聚合账户,货款结算入账,小店自卖,'6952019799404975487,'6952019799404975487,'SS76303237633176701590131,2026-04-12 09:43:18,'3761395105840365661,高级感水钻满天星发夹女后脑勺盘发神器发卡青蛙夹扭扭夹发卡头饰,,,普通订单,2.88,0,0,0,0,0,0,0,0,0,0,0,-0.02,0,0,0,0,0,0,是-商品卡免佣,0.15,义乌市黎既电子商务商行（个体工商户）,订单结算
2026-04-22 03:26:37,'2026042203263130580454462131,入账,4.25,聚合账户,货款结算入账,小店自卖,'6951994553613620927,'6951994553613620927,'SS76302679147105039710188,2026-04-11 18:56:01,'3807725137097261227,韩系宽边发箍绒面女2026新款压发洗脸发卡高级感时尚百搭头箍发饰,,,普通订单,4.28,0,0,0,0,0,0,0,0,0,0,0,-0.03,0,0,0,0,0,0,是-商品卡免佣,0.22,义乌市黎既电子商务商行（个体工商户）,订单结算
2026-04-22 03:26:37,'2026042203263131000663462131,入账,4.6,聚合账户,货款结算入账,小店自卖,'6925529516421185048,'6925529516421185048,'SS76302878238043507300222,2026-04-11 16:08:45,'3761395105840365661,高级感水钻满天星发夹女后脑勺盘发神器发卡青蛙夹扭扭夹发卡头饰,,,普通订单,4.63,0,0,0,0,0,0,0,0,0,0,0,-0.03,0,0,0,0,0,0,是-商品卡免佣,0.22,义乌市黎既电子商务商行（个体工商户）,订单结算
2026-04-22 03:26:37,'2026042203263137301785962131,入账,4.42,聚合账户,货款结算入账,小店自卖,'6951988344834888951,'6951988344834888951,'SS76292150048449213500006,2026-04-12 00:21:33,'3769868805732434246,新中式珠珠扭扭夹不硌头2025新款高端后脑勺盘发夹子抓夹百搭发饰,,,普通订单,4.95,0,0,0,0,0,0,0,0,0,0,-0.5,-0.03,0,0,0,0,0,0,是-商品卡免佣,0.22,义乌市黎既电子商务商行（个体工商户）,订单结算
2026-04-22 03:26:37,'2026042203263216160361592131,入账,3.81,聚合账户,货款结算入账,小店自卖,'6925553289684876634,'6925553289684876634,'SS76303719105931515290018,2026-04-12 15:10:42,'3784368456477049055,韩国气质碎钻满天星抓夹女后脑勺半扎发鲨鱼夹发量少百搭发卡头饰,,,普通订单,3.83,0,0,0,0,0,0,0,0,0,0,0,-0.02,0,0,0,0,0,0,是-商品卡免佣,0.15,义乌市黎既电子商务商行（个体工商户）,订单结算
2026-04-22 03:26:37,'2026042203263107977044912131,入账,7.18,聚合账户,货款结算入账,小店自卖,'6952003423504634925,'6952003423504634925,'SS76302878572526310810215,2026-04-11 21:16:03,'3674035372330975515,束发带女防滑简约敷面膜头箍头套韩版学生可爱发箍头饰发饰小动物,,,普通订单,7.22,0.9,0,0,0,0,0,0,0,0,0,0,-0.04,0,0,0,0,0,0,是-商品卡免佣,0.29,义乌市黎既电子商务商行（个体工商户）,订单结算
2026-04-22 03:26:54,'2026042203264823620657052131,入账,9.24,聚合账户,货款结算入账,小店自卖,'6951989824764384817,'6951989824764384817,'SS76302878463243556340148,2026-04-11 18:12:38,'3677662839465705493,超大号鲨鱼夹ins高颜值方块夹后脑勺盘发抓夹自选发量多发卡发夹,,,普通订单,9.3,0,0,0,0,0,0,0,0,0,0,0,-0.06,0,0,0,0,0,0,是-商品卡免佣,0.44,义乌市黎既电子商务商行（个体工商户）,订单结算
2026-04-22 03:26:54,'2026042203264906465129392131,入账,3.63,聚合账户,货款结算入账,小店自卖,'6952010463773398110,'6952010463773398110,'SS76302877952952407380092,2026-04-11 23:48:49,'3807763574974186291,气质高级亮黑色大号鲨鱼抓夹女后脑勺时尚发卡巨能抓头饰2026新款,,,普通订单,3.65,0,0,0,0,0,0,0,0,0,0,0,-0.02,0,0,0,0,0,0,是-商品卡免佣,0.15,义乌市黎既电子商务商行（个体工商户）,订单结算
2026-04-22 03:26:54,'2026042203264900520364062131,入账,5.32,聚合账户,货款结算入账,小店自卖,'6925528931492199699,'6925528931492199699,'SS76303288138972575100045,2026-04-12 10:12:51,'3750791789322306375,刘海夹前额洋气闪钻轻奢植绒复古夹子双层侧边夹碎发整理夹子女,,,普通订单,5.35,0.45,0,0,0,0,0,0,0,0,0,0,-0.03,0,0,0,0,0,0,是-商品卡免佣,0.22,义乌市黎既电子商务商行（个体工商户）,订单结算
2026-04-22 03:26:54,'2026042203264737132045342131,入账,3.56,聚合账户,货款结算入账,精选联盟,'6925517110244048746,'6925517110244048746,'SS76302877925477586550121,2026-04-11 23:32:24,'3806479482789953902,新款蓝楹蝶!甜美氛围感头花侧边夹旅行发卡！早春气质蓝色花朵发夹,'0,,普通订单,3.96,0,0,0,0,0,0,0,0,0,0,0,-0.2,0,0,0,0,-0.2,0,,0,义乌市黎既电子商务商行（个体工商户）,订单结算
2026-04-22 03:26:54,'2026042203264539441700472131,入账,2.43,聚合账户,货款结算入账,精选联盟,'6952046939843269842,'6952046939843269842,'SS76304676486915405200037,2026-04-13 22:07:47,'3784368456477049055,韩国气质碎钻满天星抓夹女后脑勺半扎发鲨鱼夹发量少百搭发卡头饰,'0,,普通订单,0.01,0,0,2.68,0,0,0,0,0,0,0,0,-0.13,0,0,0,0,-0.13,0,,0,义乌市黎既电子商务商行（个体工商户）,订单结算
2026-04-22 03:27:46,'2026042203274200176993662131,入账,8.82,聚合账户,货款结算入账,小店自卖,'6925632057754353193,'6925632057754353193,'SS76304664118021491460115,2026-04-15 21:50:55,'3769870193174642697,2025春夏新款轻奢边夹时尚气质一字发夹女后脑勺扭扭夹女,,,普通订单,8.87,0,0,0,0,0,0,0,0,0,0,0,-0.05,0,0,0,0,0,0,是-商品卡免佣,0.37,义乌市黎既电子商务商行（个体工商户）,订单结算
2026-04-22 03:27:46,'2026042203273827817784752131,入账,3.14,聚合账户,货款结算入账,小店自卖,'6952008616564036902,'6952008616564036902,'SS76303259621604070740191,2026-04-12 10:30:01,'3796640026289373330,蝴蝶结鸭嘴夹小香风毛呢爆款发夹后脑勺气质洋气盘发一字夹子,,,普通订单,3.16,0,0,0,0,0,0,0,0,0,0,0,-0.02,0,0,0,0,0,0,是-商品卡免佣,0.15,义乌市黎既电子商务商行（个体工商户）,订单结算
2026-04-22 03:27:46,'2026042203274126805048862131,入账,7.03,聚合账户,货款结算入账,小店自卖,'6951889922792297722,'6951889922792297722,'SS76303455399507730380088,2026-04-07 12:03:42,'3769870193174642697,2025春夏新款轻奢边夹时尚气质一字发夹女后脑勺扭扭夹女,,,普通订单,7.07,0,0,0,0,0,0,0,0,0,0,0,-0.04,0,0,0,0,0,0,是-商品卡免佣,0.29,义乌市黎既电子商务商行（个体工商户）,订单结算
2026-04-22 03:27:46,'2026042203273827876439452131,入账,3.59,聚合账户,货款结算入账,小店自卖,'6951997510513071422,'6951997510513071422,'SS76303713148735698440145,2026-04-12 11:44:50,'3766001784691229117,夏天简约随手盘发一字扭扭夹水钻抓夹高级发夹扭扭后脑勺盘发器,,,普通订单,3.61,0.69,0,0,0,0,0,0,0,0,0,0,-0.02,0,0,0,0,0,0,是-商品卡免佣,0.15,义乌市黎既电子商务商行（个体工商户）,订单结算
2026-04-22 03:27:46,'2026042203274040561221632131,入账,0.95,聚合账户,货款结算入账,小店自卖,'6925621219975527875,'6925621219975527875,'SS76303508907083369460110,2026-04-16 08:52:52,'3806280662462366067,kitty猫~刘海贴精致可爱甜美少女棉花糖猫兔碎发贴魔术贴无痕发饰,,,普通订单,0.96,0,0,0,0,0,0,0,0,0,0,0,-0.01,0,0,0,0,0,0,是-商品卡免佣,0.07,义乌市黎既电子商务商行（个体工商户）,订单结算
2026-04-22 03:27:53,'2026042203274716906204312131,入账,3.45,聚合账户,货款结算入账,精选联盟,'6952082208066966559,'6952082208066966559,'SS76303116728509076890122,2026-04-15 10:11:04,'3784368456477049055,韩国气质碎钻满天星抓夹女后脑勺半扎发鲨鱼夹发量少百搭发卡头饰,'0,,普通订单,0.01,0,0,3.82,0,0,0,0,0,0,0,0,-0.19,0,0,0,0,-0.19,0,,0,义乌市黎既电子商务商行（个体工商户）,订单结算
2026-04-22 03:29:18,'2026042203291417291353692131,入账,2.63,聚合账户,货款结算入账,小店自卖,'6952065213016642716,'6952065213016642716,'SS76303082367339896590036,2026-04-14 12:58:51,'3763932448057065566,磨砂扭扭香蕉夹高马尾大号发夹后脑勺竖夹发卡韩国气质女夹子头饰,,,普通订单,2.65,0.89,0,0,0,0,0,0,0,0,0,0,-0.02,0,0,0,0,0,0,是-商品卡免佣,0.15,义乌市黎既电子商务商行（个体工商户）,订单结算
2026-04-22 03:29:18,'2026042203291403151956982131,入账,3.82,聚合账户,货款结算入账,小店自卖,'6925518107342109904,'6925518107342109904,'SS76302878175412065550143,2026-04-11 15:30:21,'3791974053301059826,摩卡甜心~韩系复古格纹云朵香蕉夹蝴蝶结飘带减龄学院风马尾竖夹,,,普通订单,3.84,0,0,0,0,0,0,0,0,0,0,0,-0.02,0,0,0,0,0,0,是-商品卡免佣,0.15,义乌市黎既电子商务商行（个体工商户）,订单结算
2026-04-22 03:29:18,'2026042203291313176346102131,入账,3.21,聚合账户,货款结算入账,小店自卖,'6925325915975220548,'6925325915975220548,'SS76303324983500316500021,2026-04-03 17:15:12,'3775299925189984673,韩版布艺立体蝴蝶结香蕉夹女气质后脑勺马尾夹半扎发鲨鱼夹头饰,,,普通订单,3.23,0,0,0,0,0,0,0,0,0,0,0,-0.02,0,0,0,0,0,0,是-商品卡免佣,0.15,义乌市黎既电子商务商行（个体工商户）,订单结算
2026-04-22 03:29:18,'2026042203291320180874502131,入账,3.93,聚合账户,货款结算入账,小店自卖,'6925586864142909357,'6925586864142909357,'SS76303621169535923580210,2026-04-14 15:47:22,'3757678157491208600,夏季简约醋酸发夹边夹侧边碎发刘海夹女2025新款ins前额bb夹头饰,,,普通订单,3.95,0.49,0,0,0,0,0,0,0,0,0,0,-0.02,0,0,0,0,0,0,是-商品卡免佣,0.15,义乌市黎既电子商务商行（个体工商户）,订单结算
2026-04-22 03:29:18,'2026042203291403151629302131,入账,2.56,聚合账户,货款结算入账,小店自卖,'6925546254604729801,'6925546254604729801,'SS76303978053836971670151,2026-04-12 16:34:45,'3809235146834575749,可爱新春小狗香蕉夹女高马尾扭扭夹红色竖夹高级感2026韩新款发夹,,,普通订单,2.58,0,0,0,0,0,0,0,0,0,0,0,-0.02,0,0,0,0,0,0,是-商品卡免佣,0.15,义乌市黎既电子商务商行（个体工商户）,订单结算
2026-04-22 03:29:32,'2026042203292717647580702131,入账,4.94,聚合账户,货款结算入账,小店自卖,'6952005982206694551,'6952005982206694551,'SS76302879681757394190245,2026-04-12 00:20:09,'3683590910169448490,新款碎发梳插梳韩版女孩夹子后脑勺刘海整理发夹卡子成年人发头饰,,,普通订单,4.97,0,0,0,0,0,0,0,0,0,0,0,-0.03,0,0,0,0,0,0,是-商品卡免佣,0.22,义乌市黎既电子商务商行（个体工商户）,订单结算
2026-04-22 03:29:32,'2026042203292701471454992131,入账,9.95,聚合账户,货款结算入账,小店自卖,'6925659776167542105,'6925659776167542105,'SS76303881708697029470228,2026-04-17 00:55:05,'3742849967501476190,可爱小女孩网红爆款树脂发饰高颅顶神器女士童通用梳马尾头饰发饰,,,普通订单,10.01,1.15,0,0,0,0,0,0,0,0,0,0,-0.06,0,0,0,0,0,0,是-商品卡免佣,0.44,义乌市黎既电子商务商行（个体工商户）,订单结算
2026-04-22 03:29:32,'2026042203292624392709622131,入账,2.43,聚合账户,货款结算入账,精选联盟,'6925613792261733467,'6925613792261733467,'SS76304240167713021710052,2026-04-15 18:28:48,'3784368456477049055,韩国气质碎钻满天星抓夹女后脑勺半扎发鲨鱼夹发量少百搭发卡头饰,'1215379332407744,林夕呀,普通订单,2.69,0,0,0,0,0,0,0,0,0,0,0,-0.13,-0.13,0,0,0,0,0,,0,义乌市黎既电子商务商行（个体工商户）,订单结算
2026-04-22 03:29:32,'2026042203292632595156912131,入账,2.86,聚合账户,货款结算入账,小店自卖,'6952045086358771499,'6952045086358771499,'SS76303026960930125260175,2026-04-13 23:55:53,'3761395105840365661,高级感水钻满天星发夹女后脑勺盘发神器发卡青蛙夹扭扭夹发卡头饰,,,普通订单,1.88,0,0,0,0,0,0,0,0,1,0,0,-0.02,0,0,0,0,0,0,是-商品卡免佣,0.15,义乌市黎既电子商务商行（个体工商户）,订单结算
2026-04-22 03:29:32,'2026042203292704783639422131,入账,5.08,聚合账户,货款结算入账,精选联盟,'6925522667628494405,'6925522667628494405,'SS76302888942362467840169,2026-04-11 17:02:12,'3673057951649759338,小皮筋小女孩头绳发绳透明多彩小号一次性皮筋儿童橡皮筋发饰扎头,'2804173275929722,梦幻精选,普通订单,5.74,1.15,0,0,0,0,0,0,0,0,0,0,-0.29,-0.37,0,0,0,0,0,,0,义乌市黎既电子商务商行（个体工商户）,订单结算
2026-04-22 03:29:55,'2026042203295103823542112131,入账,3.51,聚合账户,货款结算入账,精选联盟,'6925519044793237263,'6925519044793237263,'SS76302662902570030440146,2026-04-11 22:37:49,'3807732934811713667,新款牡丹花羽毛抓夹女高颜值轻奢时尚百搭鲨鱼夹发饰头饰夹发神器,'0,,普通订单,2.74,0,0,1.17,0,0,0,0,0,0,0,0,-0.2,0,0,0,0,-0.2,0,,0,义乌市黎既电子商务商行（个体工商户）,订单结算
2026-04-22 03:29:55,'2026042203294941831140302131,入账,5.4,聚合账户,货款结算入账,小店自卖,'6952001631730996533,'6952001631730996533,'SS76302878401466742270090,2026-04-11 23:42:29,'3806431274114089028,格纹蝴蝶结头花植绒小熊发圈韩系可爱百搭扎马尾头绳发饰新款发绳,,,普通订单,3.43,0,0,2,0,0,0,0,0,0,0,0,-0.03,0,0,0,0,0,0,是-商品卡免佣,0.22,义乌市黎既电子商务商行（个体工商户）,订单结算
2026-04-22 03:29:55,'2026042203294914736264082131,入账,2.56,聚合账户,货款结算入账,小店自卖,'6925541296607820855,'6925541296607820855,'SS76303238450645737310177,2026-04-12 11:54:28,'3809235146834575749,可爱新春小狗香蕉夹女高马尾扭扭夹红色竖夹高级感2026韩新款发夹,,,普通订单,0.58,0,0,2,0,0,0,0,0,0,0,0,-0.02,0,0,0,0,0,0,是-商品卡免佣,0.15,义乌市黎既电子商务商行（个体工商户）,订单结算
2026-04-22 03:29:55,'2026042203294930471173212131,入账,4.42,聚合账户,货款结算入账,精选联盟,'6952017629802861729,'6952017629802861729,'SS76302687100203994230145,2026-04-12 13:00:00,'3746529925562237053,满钻星星碎发整理神器隐形碎发梳女儿童固定头发夹子拉拉梳头饰,'95957951689,菲菲优选,普通订单,1.09,0.39,0,4,0,0,0,0,0,0,0,0,-0.25,-0.42,0,0,0,0,0,,0,义乌市黎既电子商务商行（个体工商户）,订单结算
2026-04-22 03:29:55,'2026042203294829542651262131,入账,1.76,聚合账户,货款结算入账,精选联盟,'6952090726837196678,'6952090726837196678,'SS76304341402607457550017,2026-04-15 04:11:09,'3806280662462366067,kitty猫~刘海贴精致可爱甜美少女棉花糖猫兔碎发贴魔术贴无痕发饰,'0,,普通订单,0.01,0,0,1.95,0,0,0,0,0,0,0,0,-0.1,0,0,0,0,-0.1,0,,0,义乌市黎既电子商务商行（个体工商户）,订单结算
2026-04-22 03:30:07,'2026042203300132931517842131,入账,4.2,聚合账户,货款结算入账,精选联盟,'6925586344897575960,'6925586344897575960,'SS76304500522758971390183,2026-04-14 11:26:53,'3763932675732275215,简约高马尾香蕉夹抓夹女高级感2025新款大号一字扭扭夹发夹发饰夏,'0,,普通订单,4.08,0,0,0.58,0,0,0,0,0,0,0,0,-0.23,0,0,0,0,-0.23,0,,0,义乌市黎既电子商务商行（个体工商户）,订单结算
2026-04-22 03:30:07,'2026042203300015694891922131,入账,2.43,聚合账户,货款结算入账,精选联盟,'6925518117520833675,'6925518117520833675,'SS76302632116820216410217,2026-04-11 15:35:37,'3784368456477049055,韩国气质碎钻满天星抓夹女后脑勺半扎发鲨鱼夹发量少百搭发卡头饰,'0,,普通订单,0.01,0,0,2.68,0,0,0,0,0,0,0,0,-0.13,0,0,0,0,-0.13,0,,0,义乌市黎既电子商务商行（个体工商户）,订单结算
2026-04-22 03:30:07,'2026042203300125758272512131,入账,3.87,聚合账户,货款结算入账,小店自卖,'6951974744421308105,'6951974744421308105,'SS76303565423609124110021,2026-04-11 19:45:23,'3807732934811713667,新款牡丹花羽毛抓夹女高颜值轻奢时尚百搭鲨鱼夹发饰头饰夹发神器,,,普通订单,2.09,0,0,1.8,0,0,0,0,0,0,0,0,-0.02,0,0,0,0,0,0,是-商品卡免佣,0.15,义乌市黎既电子商务商行（个体工商户）,订单结算
2026-04-22 03:30:07,'2026042203300132267965592131,入账,2.08,聚合账户,货款结算入账,精选联盟,'6925523409814585065,'6925523409814585065,'SS76302878648904097780248,2026-04-11 22:44:49,'3754893427498681029,超大号鲨鱼夹女夏天简约气质盘发抓夹黑色发夹发量多发卡头饰发饰,'0,,普通订单,2.18,2.1,0,0.02,0,0,0,0,0,0,0,0,-0.11,0,0,0,0,-0.01,0,,0,义乌市黎既电子商务商行（个体工商户）,订单结算
2026-04-22 03:30:07,'2026042203300136293514642131,入账,3.58,聚合账户,货款结算入账,小店自卖,'6925285435218295823,'6925285435218295823,'SS76303074728109388990143,2026-04-01 20:25:24,'3746150076641313252,网红简约ins纯色宽边发带高颅顶白色发箍女运动健身夏季头饰发饰,,,普通订单,3.77,0.9,0,0,0,0,0,0,0,0,0,0,-0.19,0,0,0,0,0,0,,0,义乌市黎既电子商务商行（个体工商户）,订单结算
2026-04-22 03:30:19,'2026042203301339348966752131,入账,4.35,聚合账户,货款结算入账,小店自卖,'6925671044354375416,'6925671044354375416,'SS76303887977631954300209,2026-04-17 11:27:06,'3806285088233226368,韩系~时尚百搭简约女格纹布少女风艺带齿细发箍个性压发箍头箍女,,,普通订单,4.38,0,0,0,0,0,0,0,0,0,0,0,-0.03,0,0,0,0,0,0,是-商品卡免佣,0.22,义乌市黎既电子商务商行（个体工商户）,订单结算
2026-04-22 03:30:19,'2026042203301404534932942131,入账,3.5,聚合账户,货款结算入账,小店自卖,'6952019833872520399,'6952019833872520399,'SS76304131198234506510177,2026-04-12 10:10:20,'3774756029858972048,韩系豹纹花朵发夹女高级感时尚刘海夹碎发一字夹发卡成人侧边发夹,,,普通订单,3.52,0.39,0,0,0,0,0,0,0,0,0,0,-0.02,0,0,0,0,0,0,是-商品卡免佣,0.15,义乌市黎既电子商务商行（个体工商户）,订单结算
2026-04-22 03:30:19,'2026042203301216581594122131,入账,1.88,聚合账户,货款结算入账,小店自卖,'6925532197631262544,'6925532197631262544,'SS76303733834019315200072,2026-04-11 23:45:27,'3775300820581613599,甜美kitty刘海贴可爱少女棉花糖猫碎发贴刘海魔术贴无痕便携发饰,,,普通订单,0.01,0,0,1.88,0,0,0,0,0,0,0,0,-0.01,0,0,0,0,0,0,是-商品卡免佣,0.07,义乌市黎既电子商务商行（个体工商户）,订单结算
2026-04-22 03:30:19,'2026042203301329704893962131,入账,2.56,聚合账户,货款结算入账,小店自卖,'6925393895322713088,'6925393895322713088,'SS76302936165310139150250,2026-04-06 19:04:03,'3784368456477049055,韩国气质碎钻满天星抓夹女后脑勺半扎发鲨鱼夹发量少百搭发卡头饰,,,普通订单,0.01,0,0,2.68,0,0,0,0,0,0,0,0,-0.13,0,0,0,0,0,0,,0,义乌市黎既电子商务商行（个体工商户）,订单结算
2026-04-22 03:30:19,'2026042203301431967808262131,入账,3.87,聚合账户,货款结算入账,小店自卖,'6951997312333190883,'6951997312333190883,'SS76303734774132416350049,2026-04-12 09:14:45,'3807732934811713667,新款牡丹花羽毛抓夹女高颜值轻奢时尚百搭鲨鱼夹发饰头饰夹发神器,,,普通订单,3.89,0,0,0,0,0,0,0,0,0,0,0,-0.02,0,0,0,0,0,0,是-商品卡免佣,0.15,义乌市黎既电子商务商行（个体工商户）,订单结算
2026-04-22 03:30:36,'2026042203303207678407832131,入账,3.81,聚合账户,货款结算入账,小店自卖,'6925553237962686217,'6925553237962686217,'SS76304131242144238180114,2026-04-12 14:52:18,'3784368456477049055,韩国气质碎钻满天星抓夹女后脑勺半扎发鲨鱼夹发量少百搭发卡头饰,,,普通订单,3.83,0,0,0,0,0,0,0,0,0,0,0,-0.02,0,0,0,0,0,0,是-商品卡免佣,0.15,义乌市黎既电子商务商行（个体工商户）,订单结算
2026-04-22 03:30:36,'2026042203302829290050912131,入账,6.68,聚合账户,货款结算入账,小店自卖,'6951986476368008301,'6951986476368008301,'SS76302661632343905470026,2026-04-12 05:48:12,'3807732934811713667,新款牡丹花羽毛抓夹女高颜值轻奢时尚百搭鲨鱼夹发饰头饰夹发神器,,,普通订单,6.72,0,0,0,0,0,0,0,0,0,0,0,-0.04,0,0,0,0,0,0,是-商品卡免佣,0.29,义乌市黎既电子商务商行（个体工商户）,订单结算
2026-04-22 03:30:36,'2026042203303203355612512131,入账,7.7,聚合账户,货款结算入账,小店自卖,'6925647135796722844,'6925647135796722844,'SS76304332376342574580177,2026-04-17 09:08:01,'3796640026289373330,蝴蝶结鸭嘴夹小香风毛呢爆款发夹后脑勺气质洋气盘发一字夹子,,,普通订单,7.75,0,0,0,0,0,0,0,0,0,0,0,-0.05,0,0,0,0,0,0,是-商品卡免佣,0.37,义乌市黎既电子商务商行（个体工商户）,订单结算
2026-04-22 03:30:36,'2026042203303120941706242131,入账,2.83,聚合账户,货款结算入账,小店自卖,'6925537643811405339,'6925537643811405339,'SS76304086488681515980205,2026-04-12 12:43:38,'3783087235688169935,高颅顶神器发根自然蓬松夹无痕定位夹男女刘海夹鸭嘴夹发卡发夹,,,普通订单,2.85,0,0,0,0,0,0,0,0,0,0,0,-0.02,0,0,0,0,0,0,是-商品卡免佣,0.15,义乌市黎既电子商务商行（个体工商户）,订单结算
2026-04-22 03:30:36,'2026042203303115062474762131,入账,6.76,聚合账户,货款结算入账,小店自卖,'6952026719893001555,'6952026719893001555,'SS76304108090839867220134,2026-04-12 14:45:21,'3808297920495747487,韩式新款头绳高级小众手工编织豹纹大肠发圈显发量马尾丸子头发绳,,,普通订单,6.8,0,0,0,0,0,0,0,0,0,0,0,-0.04,0,0,0,0,0,0,是-商品卡免佣,0.29,义乌市黎既电子商务商行（个体工商户）,订单结算
2026-04-22 03:30:55,'2026042203304840112993662131,入账,2.68,聚合账户,货款结算入账,小店自卖,'6925524159886360533,'6925524159886360533,'SS76303290202864850190011,2026-04-12 09:55:17,'3780083193793872223,简约磨砂发夹弹簧夹后脑勺盘发夹子一字时尚半扎抓发固定少女边夹,,,普通订单,2.7,0.89,0,0,0,0,0,0,0,0,0,0,-0.02,0,0,0,0,0,0,是-商品卡免佣,0.15,义乌市黎既电子商务商行（个体工商户）,订单结算
2026-04-22 03:30:55,'2026042203304939264750592131,入账,3.81,聚合账户,货款结算入账,小店自卖,'6925535539697188468,'6925535539697188468,'SS76303719159657930600162,2026-04-12 12:00:45,'3784368456477049055,韩国气质碎钻满天星抓夹女后脑勺半扎发鲨鱼夹发量少百搭发卡头饰,,,普通订单,3.83,0,0,0,0,0,0,0,0,0,0,0,-0.02,0,0,0,0,0,0,是-商品卡免佣,0.15,义乌市黎既电子商务商行（个体工商户）,订单结算
2026-04-22 03:30:55,'2026042203304936705080422131,入账,2.67,聚合账户,货款结算入账,小店自卖,'6925541666692627902,'6925541666692627902,'SS76303719059750100630163,2026-04-12 14:59:07,'3784368456477049055,韩国气质碎钻满天星抓夹女后脑勺半扎发鲨鱼夹发量少百搭发卡头饰,,,普通订单,2.69,0,0,0,0,0,0,0,0,0,0,0,-0.02,0,0,0,0,0,0,是-商品卡免佣,0.15,义乌市黎既电子商务商行（个体工商户）,订单结算
2026-04-22 03:30:55,'2026042203305013093767772131,入账,5.79,聚合账户,货款结算入账,小店自卖,'6952136163153287015,'6952136163153287015,'SS76304311414594114940192,2026-04-17 06:25:17,'3745971128791859302,丸子头假发抓夹女仿真发慵懒感发夹蓬松后脑勺高颅顶中号鲨鱼夹,,,普通订单,5.82,1.15,0,0,0,0,0,0,0,0,0,0,-0.03,0,0,0,0,0,0,是-商品卡免佣,0.22,义乌市黎既电子商务商行（个体工商户）,订单结算
2026-04-22 03:30:55,'2026042203305109904463452131,入账,3.87,聚合账户,货款结算入账,小店自卖,'6925525478788005153,'6925525478788005153,'SS76302639419447549820119,2026-04-11 20:51:44,'3790878995596312771,韩系黑色波点布艺褶皱高马尾香蕉夹竖夹新款豹纹发夹气质百搭发饰,,,普通订单,3.89,0,0,0,0,0,0,0,0,0,0,0,-0.02,0,0,0,0,0,0,是-商品卡免佣,0.15,义乌市黎既电子商务商行（个体工商户）,订单结算
2026-04-22 03:31:09,'2026042203310417043458832131,入账,2.86,聚合账户,货款结算入账,小店自卖,'6925527529535864652,'6925527529535864652,'SS76302878516783352320069,2026-04-11 19:21:43,'3761395105840365661,高级感水钻满天星发夹女后脑勺盘发神器发卡青蛙夹扭扭夹发卡头饰,,,普通订单,2.88,0,0,0,0,0,0,0,0,0,0,0,-0.02,0,0,0,0,0,0,是-商品卡免佣,0.15,义乌市黎既电子商务商行（个体工商户）,订单结算
2026-04-22 03:31:09,'2026042203310619379822582131,入账,2.63,聚合账户,货款结算入账,小店自卖,'6952008667713246242,'6952008667713246242,'SS76303288227762672980032,2026-04-12 11:03:40,'3750791789322306375,刘海夹前额洋气闪钻轻奢植绒复古夹子双层侧边夹碎发整理夹子女,,,普通订单,2.65,0.45,0,0,0,0,0,0,0,0,0,0,-0.02,0,0,0,0,0,0,是-商品卡免佣,0.15,义乌市黎既电子商务商行（个体工商户）,订单结算
2026-04-22 03:31:09,'2026042203310526220795342131,入账,3.66,聚合账户,货款结算入账,小店自卖,'6925656679295712846,'6925656679295712846,'SS76304156841448616960233,2026-04-17 13:54:49,'3763932675732275215,简约高马尾香蕉夹抓夹女高级感2025新款大号一字扭扭夹发夹发饰夏,,,普通订单,3.68,0,0,0,0,0,0,0,0,0,0,0,-0.02,0,0,0,0,0,0,是-商品卡免佣,0.15,义乌市黎既电子商务商行（个体工商户）,订单结算
2026-04-22 03:31:09,'2026042203310335743997942131,入账,6.3,聚合账户,货款结算入账,小店自卖,'6925520843008212358,'6925520843008212358,'SS76302878254093276540226,2026-04-11 19:46:05,'3746153916182692087,法式文艺~复古甜美方巾大肠发圈女高级感ins大号高马尾甜妹发饰,,,普通订单,6.34,0,0,0,0,0,0,0,0,0,0,0,-0.04,0,0,0,0,0,0,是-商品卡免佣,0.29,义乌市黎既电子商务商行（个体工商户）,订单结算
2026-04-22 03:31:09,'2026042203310410584765702131,入账,2.67,聚合账户,货款结算入账,小店自卖,'6951986376140920755,'6951986376140920755,'SS76302637253708030070093,2026-04-12 01:31:30,'3784368456477049055,韩国气质碎钻满天星抓夹女后脑勺半扎发鲨鱼夹发量少百搭发卡头饰,,,普通订单,0.01,0,0,2.68,0,0,0,0,0,0,0,0,-0.02,0,0,0,0,0,0,是-商品卡免佣,0.15,义乌市黎既电子商务商行（个体工商户）,订单结算
2026-04-22 03:31:09,'2026042203310338391811022131,入账,4.23,聚合账户,货款结算入账,小店自卖,'6925526576864001958,'6925526576864001958,'SS76303264146711022420073,2026-04-12 10:16:20,'3766725340643328230,网红高级感金属发夹女后脑勺抓夹扣盘发气质发卡发饰一字夹扭扭夹,,,普通订单,4.26,0.55,0,0,0,0,0,0,0,0,0,0,-0.03,0,0,0,0,0,0,是-商品卡免佣,0.22,义乌市黎既电子商务商行（个体工商户）,订单结算
2026-04-22 03:31:09,'2026042203310419089863772131,入账,1.72,聚合账户,货款结算入账,小店自卖,'6925410376221359457,'6925410376221359457,'SS76303449249618496460066,2026-04-07 13:31:33,'3806431274114089028,格纹蝴蝶结头花植绒小熊发圈韩系可爱百搭扎马尾头绳发饰新款发绳,,,普通订单,0.01,0,0,1.8,0,0,0,0,0,0,0,0,-0.09,0,0,0,0,0,0,,0,义乌市黎既电子商务商行（个体工商户）,订单结算
2026-04-22 03:31:09,'2026042203310318091384702131,入账,3.65,聚合账户,货款结算入账,小店自卖,'6925535842193735227,'6925535842193735227,'SS76303716877083446120200,2026-04-12 14:07:09,'3763932448057065566,磨砂扭扭香蕉夹高马尾大号发夹后脑勺竖夹发卡韩国气质女夹子头饰,,,普通订单,3.67,0,0,0,0,0,0,0,0,0,0,0,-0.02,0,0,0,0,0,0,是-商品卡免佣,0.15,义乌市黎既电子商务商行（个体工商户）,订单结算
2026-04-22 03:31:09,'2026042203310432590236262131,入账,3.87,聚合账户,货款结算入账,小店自卖,'6952074946522191641,'6952074946522191641,'SS76303284404534318710159,2026-04-14 22:08:49,'3807732934811713667,新款牡丹花羽毛抓夹女高颜值轻奢时尚百搭鲨鱼夹发饰头饰夹发神器,,,普通订单,3.89,0,0,0,0,0,0,0,0,0,0,0,-0.02,0,0,0,0,0,0,是-商品卡免佣,0.15,义乌市黎既电子商务商行（个体工商户）,订单结算
2026-04-22 03:31:09,'2026042203310515185513232131,入账,3.81,聚合账户,货款结算入账,小店自卖,'6951997869473928342,'6951997869473928342,'SS76303719355572925820247,2026-04-12 15:19:09,'3784368456477049055,韩国气质碎钻满天星抓夹女后脑勺半扎发鲨鱼夹发量少百搭发卡头饰,,,普通订单,3.83,0,0,0,0,0,0,0,0,0,0,0,-0.02,0,0,0,0,0,0,是-商品卡免佣,0.15,义乌市黎既电子商务商行（个体工商户）,订单结算
2026-04-22 03:31:22,'2026042203311717369994502131,入账,2.43,聚合账户,货款结算入账,精选联盟,'6925523321795804212,'6925523321795804212,'SS76302634461060467700087,2026-04-11 22:12:42,'3784368456477049055,韩国气质碎钻满天星抓夹女后脑勺半扎发鲨鱼夹发量少百搭发卡头饰,'0,,普通订单,0.01,0,0,2.68,0,0,0,0,0,0,0,0,-0.13,0,0,0,0,-0.13,0,,0,义乌市黎既电子商务商行（个体工商户）,订单结算
2026-04-22 03:31:22,'2026042203311835452564582131,入账,3.45,聚合账户,货款结算入账,精选联盟,'6952008083299112913,'6952008083299112913,'SS76302639474970468240118,2026-04-11 23:11:26,'3784368456477049055,韩国气质碎钻满天星抓夹女后脑勺半扎发鲨鱼夹发量少百搭发卡头饰,'0,,普通订单,0.83,0,0,3,0,0,0,0,0,0,0,0,-0.19,0,0,0,0,-0.19,0,,0,义乌市黎既电子商务商行（个体工商户）,订单结算
2026-04-22 03:31:22,'2026042203311821247636992131,入账,1.95,聚合账户,货款结算入账,小店自卖,'6952079578689639606,'6952079578689639606,'SS76304912549874731610214,2026-04-14 23:01:56,'3806280662462366067,kitty猫~刘海贴精致可爱甜美少女棉花糖猫兔碎发贴魔术贴无痕发饰,,,普通订单,0.01,0,0,1.95,0,0,0,0,0,0,0,0,-0.01,0,0,0,0,0,0,是-商品卡免佣,0.07,义乌市黎既电子商务商行（个体工商户）,订单结算
2026-04-22 03:31:22,'2026042203311722569825552131,入账,4.95,聚合账户,货款结算入账,小店自卖,'6925518965497102065,'6925518965497102065,'SS76302877460551972180113,2026-04-11 22:12:39,'3812573397322432839,新款密齿香蕉韩系法式波点蕾丝蝴蝶结后脑勺盘发发夹发卡马尾发饰,,,普通订单,4.98,0,0,0,0,0,0,0,0,0,0,0,-0.03,0,0,0,0,0,0,是-商品卡免佣,0.22,义乌市黎既电子商务商行（个体工商户）,订单结算
2026-04-22 03:31:22,'2026042203312000731717392131,入账,2.15,聚合账户,货款结算入账,小店自卖,'6925687716274339074,'6925687716274339074,'SS76304288715317253220061,2026-04-18 08:20:43,'3806293802847699345,韩式豹纹波点褶皱高级扭扭马尾卡通风香蕉发夹后脑勺显发发卡头饰,,,普通订单,0.01,0,0,2.15,0,0,0,0,0,0,0,0,-0.01,0,0,0,0,0,0,是-商品卡免佣,0.07,义乌市黎既电子商务商行（个体工商户）,订单结算
2026-04-22 03:31:37,'2026042203313214646482342131,入账,2.6,聚合账户,货款结算入账,精选联盟,'6952001943617476352,'6952001943617476352,'SS76302879911274419580149,2026-04-12 07:35:04,'3761395105840365661,高级感水钻满天星发夹女后脑勺盘发神器发卡青蛙夹扭扭夹发卡头饰,'0,,普通订单,2.02,0,0,0.86,0,0,0,0,0,0,0,0,-0.14,0,0,0,0,-0.14,0,,0,义乌市黎既电子商务商行（个体工商户）,订单结算
2026-04-22 03:31:37,'2026042203312721212083632131,入账,2.43,聚合账户,货款结算入账,精选联盟,'6952053681129396071,'6952053681129396071,'SS76303640415292789950074,2026-04-13 22:06:59,'3784368456477049055,韩国气质碎钻满天星抓夹女后脑勺半扎发鲨鱼夹发量少百搭发卡头饰,'0,,普通订单,0.01,0,0,2.68,0,0,0,0,0,0,0,0,-0.13,0,0,0,0,-0.13,0,,0,义乌市黎既电子商务商行（个体工商户）,订单结算
2026-04-22 03:31:37,'2026042203313336239160702131,入账,19.68,聚合账户,货款结算入账,小店自卖,'6925629688426692004,'6925629688426692004,'SS76304540998928801470101,2026-04-15 22:57:30,'3763604067633463617,2025年新款女孩发饰刘海侧边夹女儿童发夹可爱夹子头饰网红发卡,,,普通订单,19.8,2.1,0,0,0,0,0,0,0,0,0,0,-0.12,0,0,0,0,0,0,是-商品卡免佣,0.88,义乌市黎既电子商务商行（个体工商户）,订单结算
2026-04-22 03:31:37,'2026042203313223349540112131,入账,1.91,聚合账户,货款结算入账,小店自卖,'6925601388341460016,'6925601388341460016,'SS76304077254152197380076,2026-04-14 22:59:49,'3776769690882408946,简约三角形头发抓夹高级鲨鱼夹2025秋冬新款发夹后脑勺盘发夹子女,,,普通订单,0.01,0,0,1.91,0,0,0,0,0,0,0,0,-0.01,0,0,0,0,0,0,是-商品卡免佣,0.07,义乌市黎既电子商务商行（个体工商户）,订单结算
2026-04-22 03:31:37,'2026042203313312803937822131,入账,2.86,聚合账户,货款结算入账,小店自卖,'6952012582317790957,'6952012582317790957,'SS76302877758040476350156,2026-04-11 23:07:30,'3761395105840365661,高级感水钻满天星发夹女后脑勺盘发神器发卡青蛙夹扭扭夹发卡头饰,,,普通订单,0.68,0,0,2.2,0,0,0,0,0,0,0,0,-0.02,0,0,0,0,0,0,是-商品卡免佣,0.15,义乌市黎既电子商务商行（个体工商户）,订单结算
2026-04-22 03:31:52,'2026042203314816655813222131,入账,4.85,聚合账户,货款结算入账,小店自卖,'6925585173735505340,'6925585173735505340,'SS76304442888448576260121,2026-04-14 09:42:43,'3796640026289373330,蝴蝶结鸭嘴夹小香风毛呢爆款发夹后脑勺气质洋气盘发一字夹子,,,普通订单,4.88,0,0,0,0,0,0,0,0,0,0,0,-0.03,0,0,0,0,0,0,是-商品卡免佣,0.22,义乌市黎既电子商务商行（个体工商户）,订单结算
2026-04-22 03:31:52,'2026042203314825292147462131,入账,2.67,聚合账户,货款结算入账,小店自卖,'6925421691200699911,'6925421691200699911,'SS76303945574040253900035,2026-04-07 15:21:16,'3784368456477049055,韩国气质碎钻满天星抓夹女后脑勺半扎发鲨鱼夹发量少百搭发卡头饰,,,普通订单,2.69,0,0,0,0,0,0,0,0,0,0,0,-0.02,0,0,0,0,0,0,是-商品卡免佣,0.15,义乌市黎既电子商务商行（个体工商户）,订单结算
2026-04-22 03:31:52,'2026042203314810575426832131,入账,2.43,聚合账户,货款结算入账,精选联盟,'6925563055142764487,'6925563055142764487,'SS76304958693764797540033,2026-04-13 13:18:55,'3784368456477049055,韩国气质碎钻满天星抓夹女后脑勺半扎发鲨鱼夹发量少百搭发卡头饰,'0,,普通订单,0.49,0,0,2.2,0,0,0,0,0,0,0,0,-0.13,0,0,0,0,-0.13,0,,0,义乌市黎既电子商务商行（个体工商户）,订单结算
2026-04-22 03:31:52,'2026042203314721396201342131,入账,9.51,聚合账户,货款结算入账,小店自卖,'6925541899691523238,'6925541899691523238,'SS76304000036049270170063,2026-04-12 16:50:58,'3742849967501476190,可爱小女孩网红爆款树脂发饰高颅顶神器女士童通用梳马尾头饰发饰,,,普通订单,10.01,1.15,0,0,0,0,0,0,0,0,0,0,-0.5,0,0,0,0,0,0,,0,义乌市黎既电子商务商行（个体工商户）,订单结算
2026-04-22 03:31:52,'2026042203314717924634102131,入账,1.99,聚合账户,货款结算入账,小店自卖,'6925535228283551462,'6925535228283551462,'SS76302771247720538120130,2026-04-12 10:02:43,'3808320804014391432,可爱小熊格纹发夹女款盘发香蕉夹甜美发卡后脑勺马尾竖夹发饰韩系,,,普通订单,0.01,0,0,2.09,0,0,0,0,0,0,0,0,-0.11,0,0,0,0,0,0,,0,义乌市黎既电子商务商行（个体工商户）,订单结算
2026-04-22 03:32:31,'2026042203322608943045462131,入账,8.29,聚合账户,货款结算入账,小店自卖,'6952084422709810787,'6952084422709810787,'SS76303902880536008080143,2026-04-15 08:54:13,'3673388116573553024,花朵儿童盘发神器新款宝宝丸子头盘发器宝宝扎头神器头饰发饰女孩,,,普通订单,8.34,0.55,0,0,0,0,0,0,0,0,0,0,-0.05,0,0,0,0,0,0,是-商品卡免佣,0.37,义乌市黎既电子商务商行（个体工商户）,订单结算
2026-04-22 03:32:31,'2026042203322538097720722131,入账,3.34,聚合账户,货款结算入账,小店自卖,'6952091720081872436,'6952091720081872436,'SS76303270965225720730091,2026-04-15 16:08:27,'3806839693081969009,春夏简约随手盘发高级发夹一字扭扭夹水钻抓夹扭扭后脑勺盘发器,,,普通订单,3.36,0,0,0,0,0,0,0,0,0,0,0,-0.02,0,0,0,0,0,0,是-商品卡免佣,0.15,义乌市黎既电子商务商行（个体工商户）,订单结算
2026-04-22 03:32:31,'2026042203322539817262082131,入账,3.66,聚合账户,货款结算入账,小店自卖,'6952003103258253096,'6952003103258253096,'SS76302878014315074970056,2026-04-11 16:38:26,'3763932675732275215,简约高马尾香蕉夹抓夹女高级感2025新款大号一字扭扭夹发夹发饰夏,,,普通订单,3.68,0,0,0,0,0,0,0,0,0,0,0,-0.02,0,0,0,0,0,0,是-商品卡免佣,0.15,义乌市黎既电子商务商行（个体工商户）,订单结算
2026-04-22 03:32:31,'2026042203322801974766502131,入账,5.02,聚合账户,货款结算入账,小店自卖,'6925546118521257467,'6925546118521257467,'SS76303999946591810660166,2026-04-12 15:54:01,'3742849967501476190,可爱小女孩网红爆款树脂发饰高颅顶神器女士童通用梳马尾头饰发饰,,,普通订单,5.28,0,0,0,0,0,0,0,0,0,0,0,-0.26,0,0,0,0,0,0,,0,义乌市黎既电子商务商行（个体工商户）,订单结算
2026-04-22 03:32:31,'2026042203322529747451402131,入账,2.67,聚合账户,货款结算入账,小店自卖,'6952001416092522256,'6952001416092522256,'SS76301390741201395550033,2026-04-11 21:47:53,'3784368456477049055,韩国气质碎钻满天星抓夹女后脑勺半扎发鲨鱼夹发量少百搭发卡头饰,,,普通订单,2.69,0,0,0,0,0,0,0,0,0,0,0,-0.02,0,0,0,0,0,0,是-商品卡免佣,0.15,义乌市黎既电子商务商行（个体工商户）,订单结算
2026-04-22 03:33:49,'2026042203334414101058972131,入账,2.63,聚合账户,货款结算入账,小店自卖,'6951976990107309299,'6951976990107309299,'SS76302719839057021790070,2026-04-11 21:37:09,'3763932448057065566,磨砂扭扭香蕉夹高马尾大号发夹后脑勺竖夹发卡韩国气质女夹子头饰,,,普通订单,2.65,0.89,0,0,0,0,0,0,0,0,0,0,-0.02,0,0,0,0,0,0,是-商品卡免佣,0.15,义乌市黎既电子商务商行（个体工商户）,订单结算
2026-04-22 03:33:49,'2026042203334501273738602131,入账,3.68,聚合账户,货款结算入账,小店自卖,'6925592237756612051,'6925592237756612051,'SS76303956737996562440025,2026-04-14 18:53:55,'3809235146834575749,可爱新春小狗香蕉夹女高马尾扭扭夹红色竖夹高级感2026韩新款发夹,,,普通订单,3.7,0,0,0,0,0,0,0,0,0,0,0,-0.02,0,0,0,0,0,0,是-商品卡免佣,0.15,义乌市黎既电子商务商行（个体工商户）,订单结算
2026-04-22 03:33:49,'2026042203334505477709212131,入账,2.81,聚合账户,货款结算入账,小店自卖,'6925530451422182836,'6925530451422182836,'SS76302624345197617150116,2026-04-11 22:57:44,'3790878995596312771,韩系黑色波点布艺褶皱高马尾香蕉夹竖夹新款豹纹发夹气质百搭发饰,,,普通订单,0.83,0.39,0,2,0,0,0,0,0,0,0,0,-0.02,0,0,0,0,0,0,是-商品卡免佣,0.15,义乌市黎既电子商务商行（个体工商户）,订单结算
2026-04-22 03:33:49,'2026042203334512221691312131,入账,2.67,聚合账户,货款结算入账,小店自卖,'6951842410589263290,'6951842410589263290,'SS76301457137171663420002,2026-04-06 17:50:53,'3784368456477049055,韩国气质碎钻满天星抓夹女后脑勺半扎发鲨鱼夹发量少百搭发卡头饰,,,普通订单,2.69,0,0,0,0,0,0,0,0,0,0,0,-0.02,0,0,0,0,0,0,是-商品卡免佣,0.15,义乌市黎既电子商务商行（个体工商户）,订单结算
2026-04-22 03:33:49,'2026042203334613601185642131,入账,3.67,聚合账户,货款结算入账,小店自卖,'6925512513628568948,'6925512513628568948,'SS76302878723519941540129,2026-04-11 18:15:14,'3750814617115426970,超仙蝴蝶大号盘发抓夹女2025新款高级感发夹后脑勺鲨鱼夹甜美发饰,,,普通订单,3.69,0,0,0,0,0,0,0,0,0,0,0,-0.02,0,0,0,0,0,0,是-商品卡免佣,0.15,义乌市黎既电子商务商行（个体工商户）,订单结算
2026-04-22 03:35:48,'2026042203354409700480412131,入账,8.62,聚合账户,货款结算入账,小店自卖,'6925651951908191757,'6925651951908191757,'SS76304295623140357470167,2026-04-17 08:51:07,'3673424694561865791,薄款牛油果绿系列小丝巾缠包模特搭配装饰品扎头发绑发飘带发带,,,普通订单,8.67,1.55,0,0,0,0,0,0,0,0,0,0,-0.05,0,0,0,0,0,0,是-商品卡免佣,0.37,义乌市黎既电子商务商行（个体工商户）,订单结算
2026-04-22 03:35:58,'2026042203355434060213762131,入账,3.73,聚合账户,货款结算入账,小店自卖,'6951981628045989083,'6951981628045989083,'SS76302878957110236700014,2026-04-12 05:38:08,'3782882215315243080,小熊发箍女秋冬韩国可爱羊羔毛洗脸头箍网红化妆压发发卡头饰ins,,,普通订单,3.75,0,0,0,0,0,0,0,0,0,0,0,-0.02,0,0,0,0,0,0,是-商品卡免佣,0.15,义乌市黎既电子商务商行（个体工商户）,订单结算
2026-04-22 03:35:58,'2026042203355416576187282131,入账,2.43,聚合账户,货款结算入账,精选联盟,'6951981419140421599,'6951981419140421599,'SS76302634545442332160064,2026-04-11 22:56:41,'3784368456477049055,韩国气质碎钻满天星抓夹女后脑勺半扎发鲨鱼夹发量少百搭发卡头饰,'0,,普通订单,0.01,0,0,2.68,0,0,0,0,0,0,0,0,-0.13,0,0,0,0,-0.13,0,,0,义乌市黎既电子商务商行（个体工商户）,订单结算
2026-04-22 03:35:58,'2026042203355135749404312131,入账,3.75,聚合账户,货款结算入账,小店自卖,'6952007918728582541,'6952007918728582541,'SS76302680977020034750246,2026-04-11 21:43:28,'3746150076641313252,网红简约ins纯色宽边发带高颅顶白色发箍女运动健身夏季头饰发饰,,,普通订单,3.77,0.9,0,0,0,0,0,0,0,0,0,0,-0.02,0,0,0,0,0,0,是-商品卡免佣,0.15,义乌市黎既电子商务商行（个体工商户）,订单结算
2026-04-22 03:35:58,'2026042203355410709079472131,入账,3.63,聚合账户,货款结算入账,小店自卖,'6925524579319250300,'6925524579319250300,'SS76303675460730598490109,2026-04-12 13:20:37,'3795706762192093518,韩系可爱抓夹小熊格纹发夹女后脑勺马尾竖夹盘发香蕉夹甜美发卡子,,,普通订单,3.65,0,0,0,0,0,0,0,0,0,0,0,-0.02,0,0,0,0,0,0,是-商品卡免佣,0.15,义乌市黎既电子商务商行（个体工商户）,订单结算
2026-04-22 03:35:58,'2026042203355426445089802131,入账,4.64,聚合账户,货款结算入账,小店自卖,'6951992855515108399,'6951992855515108399,'SS76303236996100595540100,2026-04-12 08:30:40,'3753544743284506674,蝴蝶结发带女2025新款飘带头绳大肠发圈高级感扎头发皮筋大圈头绳,,,普通订单,4.67,0.8,0,0,0,0,0,0,0,0,0,0,-0.03,0,0,0,0,0,0,是-商品卡免佣,0.22,义乌市黎既电子商务商行（个体工商户）,订单结算
2026-04-22 03:36:09,'2026042203360612631902912131,入账,4.95,聚合账户,货款结算入账,小店自卖,'6925588726630677901,'6925588726630677901,'SS76303633004882496060113,2026-04-14 10:00:18,'3811476737385169110,霞光紫~紫色珍珠字母抓夹女2026新款后脑勺鲨鱼夹大号旅行发卡女 ,,,普通订单,4.98,0,0,0,0,0,0,0,0,0,0,0,-0.03,0,0,0,0,0,0,是-商品卡免佣,0.22,义乌市黎既电子商务商行（个体工商户）,订单结算
2026-04-22 03:36:09,'2026042203360441006740832131,入账,7.63,聚合账户,货款结算入账,小店自卖,'6951976825673225288,'6951976825673225288,'SS76302878215259753050052,2026-04-11 20:13:52,'3748170154169729424,儿童可爱卡通发夹会发光的KT猫玉桂狗库洛米夹子甜美头饰女童发卡,,,普通订单,7.68,0,0,0,0,0,0,0,0,0,0,0,-0.05,0,0,0,0,0,0,是-商品卡免佣,0.37,义乌市黎既电子商务商行（个体工商户）,订单结算
2026-04-22 03:36:09,'2026042203360514892567102131,入账,4.35,聚合账户,货款结算入账,小店自卖,'6925646175108234681,'6925646175108234681,'SS76304428208932173320215,2026-04-16 20:28:40,'3806285088233226368,韩系~时尚百搭简约女格纹布少女风艺带齿细发箍个性压发箍头箍女,,,普通订单,4.38,0,0,0,0,0,0,0,0,0,0,0,-0.03,0,0,0,0,0,0,是-商品卡免佣,0.22,义乌市黎既电子商务商行（个体工商户）,订单结算
2026-04-22 03:36:09,'2026042203360508077478402131,入账,3.68,聚合账户,货款结算入账,小店自卖,'6952010566480107490,'6952010566480107490,'SS76302628009009157540209,2026-04-12 01:41:55,'3809235146834575749,可爱新春小狗香蕉夹女高马尾扭扭夹红色竖夹高级感2026韩新款发夹,,,普通订单,3.7,0,0,0,0,0,0,0,0,0,0,0,-0.02,0,0,0,0,0,0,是-商品卡免佣,0.15,义乌市黎既电子商务商行（个体工商户）,订单结算
2026-04-22 03:36:09,'2026042203360508432235922131,入账,2.81,聚合账户,货款结算入账,小店自卖,'6952071002484315337,'6952071002484315337,'SS76303336027871485590179,2026-04-15 09:33:54,'3790878995596312771,韩系黑色波点布艺褶皱高马尾香蕉夹竖夹新款豹纹发夹气质百搭发饰,,,普通订单,2.83,0.39,0,0,0,0,0,0,0,0,0,0,-0.02,0,0,0,0,0,0,是-商品卡免佣,0.15,义乌市黎既电子商务商行（个体工商户）,订单结算
2026-04-22 03:36:17,'2026042203361236536983582131,入账,3.28,聚合账户,货款结算入账,小店自卖,'6925518875852176490,'6925518875852176490,'SS76303123738654477260093,2026-04-11 21:48:53,'3766001784691229117,夏天简约随手盘发一字扭扭夹水钻抓夹高级发夹扭扭后脑勺盘发器,,,普通订单,3.61,0.69,0,0,0,0,0,0,0,0,0,0,-0.18,0,0,0,0,-0.15,0,,0,义乌市黎既电子商务商行（个体工商户）,订单结算
2026-04-22 03:36:17,'2026042203361330414976542131,入账,3.75,聚合账户,货款结算入账,小店自卖,'6925402114991685248,'6925402114991685248,'SS76303016139238446180112,2026-04-06 11:34:28,'3746150076641313252,网红简约ins纯色宽边发带高颅顶白色发箍女运动健身夏季头饰发饰,,,普通订单,3.77,0.9,0,0,0,0,0,0,0,0,0,0,-0.02,0,0,0,0,0,0,是-商品卡免佣,0.15,义乌市黎既电子商务商行（个体工商户）,订单结算
2026-04-22 03:36:17,'2026042203361317879741982131,入账,4.67,聚合账户,货款结算入账,小店自卖,'6925543695210151676,'6925543695210151676,'SS76303691356290910870102,2026-04-12 12:37:23,'3746529925562237053,满钻星星碎发整理神器隐形碎发梳女儿童固定头发夹子拉拉梳头饰,,,普通订单,4.7,0,0,0,0,0,0,0,0,0,0,0,-0.03,0,0,0,0,0,0,是-商品卡免佣,0.22,义乌市黎既电子商务商行（个体工商户）,订单结算
2026-04-22 03:36:17,'2026042203361411750607902131,入账,6.97,聚合账户,货款结算入账,小店自卖,'6925536670617140369,'6925536670617140369,'SS76302879433304317850247,2026-04-12 00:48:03,'3746537843460276460,简约高颜值透明发抓后脑勺发抓女超仙夏日甜系2025新款高级鲨鱼夹,,,普通订单,7.01,1.15,0,0,0,0,0,0,0,0,0,0,-0.04,0,0,0,0,0,0,是-商品卡免佣,0.29,义乌市黎既电子商务商行（个体工商户）,订单结算
2026-04-22 03:36:17,'2026042203361330416573982131,入账,5.7,聚合账户,货款结算入账,小店自卖,'6925538949751602456,'6925538949751602456,'SS76303291493867850660155,2026-04-12 09:41:43,'3747824183825006914,卡通可爱朱迪尼克同款毛绒耳朵大肠发圈不伤发皮筋发绳女2025新款,,,普通订单,5.73,0.8,0,0,0,0,0,0,0,0,0,0,-0.03,0,0,0,0,0,0,是-商品卡免佣,0.22,义乌市黎既电子商务商行（个体工商户）,订单结算
2026-04-22 03:36:20,'2026042203361702614561822131,入账,4.64,聚合账户,货款结算入账,小店自卖,'6925290370176220272,'6925290370176220272,'SS76302954978952811670018,2026-04-02 02:03:48,'3796640026289373330,蝴蝶结鸭嘴夹小香风毛呢爆款发夹后脑勺气质洋气盘发一字夹子,,,普通订单,4.88,0,0,0,0,0,0,0,0,0,0,0,-0.24,0,0,0,0,0,0,,0,义乌市黎既电子商务商行（个体工商户）,订单结算
2026-04-22 03:36:20,'2026042203361621908199032131,入账,2.67,聚合账户,货款结算入账,小店自卖,'6925408172408733121,'6925408172408733121,'SS76303665894536033540145,2026-04-07 00:28:30,'3784368456477049055,韩国气质碎钻满天星抓夹女后脑勺半扎发鲨鱼夹发量少百搭发卡头饰,,,普通订单,2.69,0,0,0,0,0,0,0,0,0,0,0,-0.02,0,0,0,0,0,0,是-商品卡免佣,0.15,义乌市黎既电子商务商行（个体工商户）,订单结算
2026-04-22 03:36:20,'2026042203361611710799422131,入账,3.73,聚合账户,货款结算入账,小店自卖,'6925596360742043043,'6925596360742043043,'SS76303269338756265020212,2026-04-14 19:00:27,'3782882215315243080,小熊发箍女秋冬韩国可爱羊羔毛洗脸头箍网红化妆压发发卡头饰ins,,,普通订单,3.75,0,0,0,0,0,0,0,0,0,0,0,-0.02,0,0,0,0,0,0,是-商品卡免佣,0.15,义乌市黎既电子商务商行（个体工商户）,订单结算
2026-04-22 03:36:30,'2026042203362701978742122131,入账,3.81,聚合账户,货款结算入账,小店自卖,'6925518687928483685,'6925518687928483685,'SS76303551124766886500117,2026-04-11 20:30:58,'3784368456477049055,韩国气质碎钻满天星抓夹女后脑勺半扎发鲨鱼夹发量少百搭发卡头饰,,,普通订单,3.83,0,0,0,0,0,0,0,0,0,0,0,-0.02,0,0,0,0,0,0,是-商品卡免佣,0.15,义乌市黎既电子商务商行（个体工商户）,订单结算
2026-04-22 03:36:30,'2026042203362531091922342131,入账,1.76,聚合账户,货款结算入账,精选联盟,'6952001719054177414,'6952001719054177414,'SS76302672149696187310199,2026-04-12 00:24:49,'3806280662462366067,kitty猫~刘海贴精致可爱甜美少女棉花糖猫兔碎发贴魔术贴无痕发饰,'0,,普通订单,1.96,0,0,0,0,0,0,0,0,0,0,0,-0.1,0,0,0,0,-0.1,0,,0,义乌市黎既电子商务商行（个体工商户）,订单结算
2026-04-22 03:36:30,'2026042203362719422254492131,入账,4.2,聚合账户,货款结算入账,小店自卖,'6951992394452572009,'6951992394452572009,'SS76303711794043133800047,2026-04-11 22:20:29,'3766001784691229117,夏天简约随手盘发一字扭扭夹水钻抓夹高级发夹扭扭后脑勺盘发器,,,普通订单,4.23,0,0,0,0,0,0,0,0,0,0,0,-0.03,0,0,0,0,0,0,是-商品卡免佣,0.22,义乌市黎既电子商务商行（个体工商户）,订单结算
2026-04-22 03:36:30,'2026042203362716618621802131,入账,3.9,聚合账户,货款结算入账,小店自卖,'6952061994466678558,'6952061994466678558,'SS76304650912776691300114,2026-04-14 22:14:04,'3806280662462366067,kitty猫~刘海贴精致可爱甜美少女棉花糖猫兔碎发贴魔术贴无痕发饰,,,普通订单,3.92,0,0,0,0,0,0,0,0,0,0,0,-0.02,0,0,0,0,0,0,是-商品卡免佣,0.15,义乌市黎既电子商务商行（个体工商户）,订单结算
2026-04-22 03:36:30,'2026042203362610618970022131,入账,1.95,聚合账户,货款结算入账,小店自卖,'6952059413597132670,'6952059413597132670,'SS76302170993065989210103,2026-04-14 22:00:10,'3806280662462366067,kitty猫~刘海贴精致可爱甜美少女棉花糖猫兔碎发贴魔术贴无痕发饰,,,普通订单,1.96,0,0,0,0,0,0,0,0,0,0,0,-0.01,0,0,0,0,0,0,是-商品卡免佣,0.07,义乌市黎既电子商务商行（个体工商户）,订单结算
2026-04-22 03:36:43,'2026042203363908983846752131,入账,2.19,聚合账户,货款结算入账,小店自卖,'6951984083517839091,'6951984083517839091,'SS76302878832634639420006,2026-04-12 01:26:25,'3754886570348511555,简约发夹头饰发量多发卡高级感发饰头饰抓夹大号亚克力黑色鲨鱼夹,,,普通订单,0.01,2.1,0,0,0,0,0,0,0,2.19,0,0,-0.01,0,0,0,0,0,0,是-商品卡免佣,0.07,义乌市黎既电子商务商行（个体工商户）,订单结算
2026-04-22 03:36:43,'2026042203363839814805002131,入账,2.67,聚合账户,货款结算入账,小店自卖,'6951967657146324788,'6951967657146324788,'SS76303550819504791390108,2026-04-11 15:25:45,'3784368456477049055,韩国气质碎钻满天星抓夹女后脑勺半扎发鲨鱼夹发量少百搭发卡头饰,,,普通订单,2.69,0,0,0,0,0,0,0,0,0,0,0,-0.02,0,0,0,0,0,0,是-商品卡免佣,0.15,义乌市黎既电子商务商行（个体工商户）,订单结算
2026-04-22 03:36:43,'2026042203363916122022592131,入账,3.59,聚合账户,货款结算入账,小店自卖,'6925535101039574021,'6925535101039574021,'SS76303723238116559710212,2026-04-12 09:08:39,'3766001784691229117,夏天简约随手盘发一字扭扭夹水钻抓夹高级发夹扭扭后脑勺盘发器,,,普通订单,3.61,0.69,0,0,0,0,0,0,0,0,0,0,-0.02,0,0,0,0,0,0,是-商品卡免佣,0.15,义乌市黎既电子商务商行（个体工商户）,订单结算
2026-04-22 03:36:43,'2026042203363933644388182131,入账,4.85,聚合账户,货款结算入账,小店自卖,'6951988510770992569,'6951988510770992569,'SS76302879768132531580141,2026-04-12 07:20:40,'3796640026289373330,蝴蝶结鸭嘴夹小香风毛呢爆款发夹后脑勺气质洋气盘发一字夹子,,,普通订单,4.88,0,0,0,0,0,0,0,0,0,0,0,-0.03,0,0,0,0,0,0,是-商品卡免佣,0.22,义乌市黎既电子商务商行（个体工商户）,订单结算
2026-04-22 03:36:43,'2026042203364021101491562131,入账,4.64,聚合账户,货款结算入账,小店自卖,'6925526423494098046,'6925526423494098046,'SS76303259408457733120068,2026-04-12 09:02:12,'3796640026289373330,蝴蝶结鸭嘴夹小香风毛呢爆款发夹后脑勺气质洋气盘发一字夹子,,,普通订单,4.88,0,0,0,0,0,0,0,0,0,0,0,-0.24,0,0,0,0,0,0,,0,义乌市黎既电子商务商行（个体工商户）,订单结算
2026-04-22 03:37:30,'2026042203372502989430112131,入账,2.67,聚合账户,货款结算入账,小店自卖,'6925527882407837137,'6925527882407837137,'SS76302634406504696510172,2026-04-11 21:43:29,'3784368456477049055,韩国气质碎钻满天星抓夹女后脑勺半扎发鲨鱼夹发量少百搭发卡头饰,,,普通订单,2.69,0,0,0,0,0,0,0,0,0,0,0,-0.02,0,0,0,0,0,0,是-商品卡免佣,0.15,义乌市黎既电子商务商行（个体工商户）,订单结算
2026-04-22 03:37:30,'2026042203372641526564252131,入账,4.47,聚合账户,货款结算入账,小店自卖,'6951993417278101120,'6951993417278101120,'SS76303692394547328060015,2026-04-12 14:13:21,'3807763574974186291,气质高级亮黑色大号鲨鱼抓夹女后脑勺时尚发卡巨能抓头饰2026新款,,,普通订单,4.5,0,0,0,0,0,0,0,0,0,0,0,-0.03,0,0,0,0,0,0,是-商品卡免佣,0.22,义乌市黎既电子商务商行（个体工商户）,订单结算
2026-04-22 03:37:30,'2026042203372720526904682131,入账,3.95,聚合账户,货款结算入账,小店自卖,'6952012502594819948,'6952012502594819948,'SS76302635489124682620044,2026-04-11 22:15:23,'3806293802847699345,韩式豹纹波点褶皱高级扭扭马尾卡通风香蕉发夹后脑勺显发发卡头饰,,,普通订单,3.97,0,0,0,0,0,0,0,0,0,0,0,-0.02,0,0,0,0,0,0,是-商品卡免佣,0.15,义乌市黎既电子商务商行（个体工商户）,订单结算
2026-04-22 03:37:30,'2026042203372701821903882131,入账,2.7,聚合账户,货款结算入账,小店自卖,'6925522196241874238,'6925522196241874238,'SS76303262806098785430061,2026-04-12 10:48:12,'3800132481076822352,水钻发夹爆款进口捷克钻中号高档抓夹盘发4公分闪钻气质洋气发饰,,,普通订单,0.22,0,0,0,0,0,0,0,2.5,0,0,0,-0.02,0,0,0,0,0,0,是-商品卡免佣,0.15,义乌市黎既电子商务商行（个体工商户）,订单结算
2026-04-22 03:37:30,'2026042203372516907023552131,入账,3.63,聚合账户,货款结算入账,小店自卖,'6952004548657354489,'6952004548657354489,'SS76303675287242511820109,2026-04-12 13:21:12,'3795705621886664997,韩系可爱小熊格纹发夹女后脑勺马尾竖夹盘发香蕉夹甜美发卡子发饰,,,普通订单,3.65,0,0,0,0,0,0,0,0,0,0,0,-0.02,0,0,0,0,0,0,是-商品卡免佣,0.15,义乌市黎既电子商务商行（个体工商户）,订单结算
2026-04-22 03:38:22,'2026042203381836993769112131,入账,3.75,聚合账户,货款结算入账,小店自卖,'6951862489120380708,'6951862489120380708,'SS76303019230821627300164,2026-04-06 17:40:30,'3746150076641313252,网红简约ins纯色宽边发带高颅顶白色发箍女运动健身夏季头饰发饰,,,普通订单,3.77,0.9,0,0,0,0,0,0,0,0,0,0,-0.02,0,0,0,0,0,0,是-商品卡免佣,0.15,义乌市黎既电子商务商行（个体工商户）,订单结算
2026-04-22 03:38:22,'2026042203381823699294722131,入账,2.46,聚合账户,货款结算入账,精选联盟,'6951996914846274569,'6951996914846274569,'SS76304085376968299940004,2026-04-11 23:28:00,'3704816470899949761,气质女后脑勺珍珠发卡大号盘发夹鲨鱼夹网红气质头饰女扎马尾发夹,'0,,普通订单,2.65,0.55,0,0,0,0,0,0,0,0,0,0,-0.02,0,0,0,0,-0.17,0,是-商品卡免佣,0.15,义乌市黎既电子商务商行（个体工商户）,订单结算
2026-04-22 03:38:22,'2026042203381708823933592131,入账,3.87,聚合账户,货款结算入账,小店自卖,'6925532150914842415,'6925532150914842415,'SS76302660205442012430091,2026-04-11 23:33:05,'3807732934811713667,新款牡丹花羽毛抓夹女高颜值轻奢时尚百搭鲨鱼夹发饰头饰夹发神器,,,普通订单,3.89,0,0,0,0,0,0,0,0,0,0,0,-0.02,0,0,0,0,0,0,是-商品卡免佣,0.15,义乌市黎既电子商务商行（个体工商户）,订单结算
2026-04-22 03:38:22,'2026042203381800682399122131,入账,3.02,聚合账户,货款结算入账,精选联盟,'6952011104691295333,'6952011104691295333,'SS76303725237514245660196,2026-04-12 11:06:47,'3806839693081969009,春夏简约随手盘发高级发夹一字扭扭夹水钻抓夹扭扭后脑勺盘发器,'0,,普通订单,3.36,0,0,0,0,0,0,0,0,0,0,0,-0.17,0,0,0,0,-0.17,0,,0,义乌市黎既电子商务商行（个体工商户）,订单结算
2026-04-22 03:38:22,'2026042203381807896765842131,入账,8.95,聚合账户,货款结算入账,小店自卖,'6925512293957598414,'6925512293957598414,'SS76302782903015022230189,2026-04-11 16:21:16,'3752430050918662555,多巴胺彩色波浪抓夹女夏季发量多鲨鱼夹子2025新款后脑勺发夹头饰,,,普通订单,9,0,0,0,0,0,0,0,0,0,0,0,-0.05,0,0,0,0,0,0,是-商品卡免佣,0.37,义乌市黎既电子商务商行（个体工商户）,订单结算
2026-04-22 03:38:39,'2026042203383604281142172131,入账,3.59,聚合账户,货款结算入账,小店自卖,'6952013234732864842,'6952013234732864842,'SS76303713254791091700088,2026-04-12 11:45:35,'3766001784691229117,夏天简约随手盘发一字扭扭夹水钻抓夹高级发夹扭扭后脑勺盘发器,,,普通订单,3.61,0.69,0,0,0,0,0,0,0,0,0,0,-0.02,0,0,0,0,0,0,是-商品卡免佣,0.15,义乌市黎既电子商务商行（个体工商户）,订单结算
2026-04-22 03:38:39,'2026042203383623636587882131,入账,3.87,聚合账户,货款结算入账,小店自卖,'6951997740667639601,'6951997740667639601,'SS76303710636916413960170,2026-04-12 14:00:43,'3790878995596312771,韩系黑色波点布艺褶皱高马尾香蕉夹竖夹新款豹纹发夹气质百搭发饰,,,普通订单,3.89,0,0,0,0,0,0,0,0,0,0,0,-0.02,0,0,0,0,0,0,是-商品卡免佣,0.15,义乌市黎既电子商务商行（个体工商户）,订单结算
2026-04-22 03:38:39,'2026042203383533397315192131,入账,5.55,聚合账户,货款结算入账,小店自卖,'6951997745892889918,'6951997745892889918,'SS76303692301145546580194,2026-04-12 13:53:54,'3807765509882118596,彩色高弹力儿童发圈不伤发公主扎头发橡皮筋女童头绳发饰可爱设计,,,普通订单,5.58,0,0,0,0,0,0,0,0,0,0,0,-0.03,0,0,0,0,0,0,是-商品卡免佣,0.22,义乌市黎既电子商务商行（个体工商户）,订单结算
2026-04-22 03:38:39,'2026042203383521186153592131,入账,5.08,聚合账户,货款结算入账,小店自卖,'6952006423294645953,'6952006423294645953,'SS76303745900711818340246,2026-04-12 10:32:49,'3746150076641313252,网红简约ins纯色宽边发带高颅顶白色发箍女运动健身夏季头饰发饰,,,普通订单,5.11,0.9,0,0,0,0,0,0,0,0,0,0,-0.03,0,0,0,0,0,0,是-商品卡免佣,0.22,义乌市黎既电子商务商行（个体工商户）,订单结算
2026-04-22 03:38:39,'2026042203383516663557532131,入账,3.51,聚合账户,货款结算入账,精选联盟,'6951981329073902769,'6951981329073902769,'SS76303565420800745320051,2026-04-11 21:45:48,'3807732934811713667,新款牡丹花羽毛抓夹女高颜值轻奢时尚百搭鲨鱼夹发饰头饰夹发神器,'0,,普通订单,3.89,0,0,0,0,0,0,0,0,0,0,0,-0.19,0,0,0,0,-0.19,0,,0,义乌市黎既电子商务商行（个体工商户）,订单结算
2026-04-22 03:38:54,'2026042203385105254515462131,入账,4.85,聚合账户,货款结算入账,小店自卖,'6951999007918855823,'6951999007918855823,'SS76303974560182602620163,2026-04-11 22:31:31,'3796640026289373330,蝴蝶结鸭嘴夹小香风毛呢爆款发夹后脑勺气质洋气盘发一字夹子,,,普通订单,3.88,0,0,0,0,0,0,0,0,1,0,0,-0.03,0,0,0,0,0,0,是-商品卡免佣,0.22,义乌市黎既电子商务商行（个体工商户）,订单结算
2026-04-22 03:38:54,'2026042203385206942930022131,入账,15.23,聚合账户,货款结算入账,小店自卖,'6951991190873314457,'6951991190873314457,'SS76303012518756193660249,2026-04-12 13:47:04,'3757678157491208600,夏季简约醋酸发夹边夹侧边碎发刘海夹女2025新款ins前额bb夹头饰,,,普通订单,15.32,0,0,0,0,0,0,0,0,0,0,0,-0.09,0,0,0,0,0,0,是-商品卡免佣,0.66,义乌市黎既电子商务商行（个体工商户）,订单结算
2026-04-22 03:40:02,'2026042203395805676736272131,入账,4.05,聚合账户,货款结算入账,精选联盟,'6925599608973655100,'6925599608973655100,'SS76303301468720013200053,2026-04-15 08:56:17,'3744483513307627564,简约三角形高级鲨鱼夹2025新款韩式头发抓夹高颅顶发量夹春季发饰,'0,,普通订单,4.65,0,0,0,0,0,0,0,0,0,0,0,-0.23,0,0,0,0,-0.37,0,,0,义乌市黎既电子商务商行（个体工商户）,订单结算
2026-04-22 03:40:02,'2026042203395911624658022131,入账,3.95,聚合账户,货款结算入账,小店自卖,'6925617611177491764,'6925617611177491764,'SS76302586788730964570047,2026-04-15 18:22:16,'3746539288666439910,夏天新款太阳花网纱抓夹女发夹高马尾夹子固定后脑勺花朵鲨鱼夹,,,普通订单,3.97,0,0,0,0,0,0,0,0,0,0,0,-0.02,0,0,0,0,0,0,是-商品卡免佣,0.15,义乌市黎既电子商务商行（个体工商户）,订单结算
2026-04-22 03:40:02,'2026042203395800010816342131,入账,4.6,聚合账户,货款结算入账,小店自卖,'6952105146307318919,'6952105146307318919,'SS76304537549572835930128,2026-04-15 20:39:48,'3761395105840365661,高级感水钻满天星发夹女后脑勺盘发神器发卡青蛙夹扭扭夹发卡头饰,,,普通订单,4.63,0,0,0,0,0,0,0,0,0,0,0,-0.03,0,0,0,0,0,0,是-商品卡免佣,0.22,义乌市黎既电子商务商行（个体工商户）,订单结算
2026-04-22 03:40:02,'2026042203395728661522262131,入账,2.56,聚合账户,货款结算入账,小店自卖,'6952066568921028500,'6952066568921028500,'SS76303072234827451380169,2026-04-15 09:21:11,'3809235146834575749,可爱新春小狗香蕉夹女高马尾扭扭夹红色竖夹高级感2026韩新款发夹,,,普通订单,2.58,0,0,0,0,0,0,0,0,0,0,0,-0.02,0,0,0,0,0,0,是-商品卡免佣,0.15,义乌市黎既电子商务商行（个体工商户）,订单结算
2026-04-22 03:40:02,'2026042203395828453604242131,入账,2.83,聚合账户,货款结算入账,小店自卖,'6952074709432997328,'6952074709432997328,'SS76304313400134088190072,2026-04-14 19:50:16,'3783087235688169935,高颅顶神器发根自然蓬松夹无痕定位夹男女刘海夹鸭嘴夹发卡发夹,,,普通订单,2.85,0,0,0,0,0,0,0,0,0,0,0,-0.02,0,0,0,0,0,0,是-商品卡免佣,0.15,义乌市黎既电子商务商行（个体工商户）,订单结算
2026-04-22 03:44:03,'2026042203435913059200102131,入账,2.87,聚合账户,货款结算入账,小店自卖,'6925644753541758554,'6925644753541758554,'SS76304302750938445260250,2026-04-17 00:38:54,'3677662603133452394,儿童拉发针编发器大小号基础编发扎头发穿发棒懒人编发固定神器女,,,普通订单,2.89,1.15,0,0,0,0,0,0,0,0,0,0,-0.02,0,0,0,0,0,0,是-商品卡免佣,0.15,义乌市黎既电子商务商行（个体工商户）,订单结算
2026-04-22 03:44:03,'2026042203435919634304092131,入账,2.78,聚合账户,货款结算入账,小店自卖,'6925597680355671305,'6925597680355671305,'SS76304476625671785020132,2026-04-15 10:19:39,'3806285088233226368,韩系~时尚百搭简约女格纹布少女风艺带齿细发箍个性压发箍头箍女,,,普通订单,2.8,0,0,0,0,0,0,0,0,0,0,0,-0.02,0,0,0,0,0,0,是-商品卡免佣,0.15,义乌市黎既电子商务商行（个体工商户）,订单结算
2026-04-22 03:44:04,'2026042203435901734088312131,入账,4.95,聚合账户,货款结算入账,小店自卖,'6952114614312768940,'6952114614312768940,'SS76304442197904591880068,2026-04-16 02:30:15,'3812573397322432839,新款密齿香蕉韩系法式波点蕾丝蝴蝶结后脑勺盘发发夹发卡马尾发饰,,,普通订单,4.98,0,0,0,0,0,0,0,0,0,0,0,-0.03,0,0,0,0,0,0,是-商品卡免佣,0.22,义乌市黎既电子商务商行（个体工商户）,订单结算
2026-04-22 03:44:04,'2026042203440028158041862131,入账,3.87,聚合账户,货款结算入账,小店自卖,'6925648789768600986,'6925648789768600986,'SS76304762228956039740050,2026-04-16 22:28:11,'3790878995596312771,韩系黑色波点布艺褶皱高马尾香蕉夹竖夹新款豹纹发夹气质百搭发饰,,,普通订单,3.89,0,0,0,0,0,0,0,0,0,0,0,-0.02,0,0,0,0,0,0,是-商品卡免佣,0.15,义乌市黎既电子商务商行（个体工商户）,订单结算
2026-04-22 03:44:04,'2026042203435911857103772131,入账,3.61,聚合账户,货款结算入账,小店自卖,'6952087843294156324,'6952087843294156324,'SS76302255892505894400165,2026-04-15 22:06:02,'3806450472450130341,新款复古抓夹女豹纹蝴蝶结鲨鱼夹2026后脑勺盘发发夹高级感发饰,,,普通订单,3.63,0,0,0,0,0,0,0,0,0,0,0,-0.02,0,0,0,0,0,0,是-商品卡免佣,0.15,义乌市黎既电子商务商行（个体工商户）,订单结算
2026-04-22 03:44:32,'2026042203442709819796822131,入账,1.95,聚合账户,货款结算入账,小店自卖,'6952091056727921819,'6952091056727921819,'SS76304232128782669220128,2026-04-15 09:57:13,'3806280662462366067,kitty猫~刘海贴精致可爱甜美少女棉花糖猫兔碎发贴魔术贴无痕发饰,,,普通订单,0.01,0,0,1.95,0,0,0,0,0,0,0,0,-0.01,0,0,0,0,0,0,是-商品卡免佣,0.07,义乌市黎既电子商务商行（个体工商户）,订单结算
2026-04-22 03:44:32,'2026042203442636411356312131,入账,3.68,聚合账户,货款结算入账,小店自卖,'6952107621369386151,'6952107621369386151,'SS76303284187561992110078,2026-04-15 21:45:41,'3809235146834575749,可爱新春小狗香蕉夹女高马尾扭扭夹红色竖夹高级感2026韩新款发夹,,,普通订单,3.15,0,0,0.55,0,0,0,0,0,0,0,0,-0.02,0,0,0,0,0,0,是-商品卡免佣,0.15,义乌市黎既电子商务商行（个体工商户）,订单结算
2026-04-22 03:44:32,'2026042203442604542797142131,入账,1.94,聚合账户,货款结算入账,小店自卖,'6952111398750984074,'6952111398750984074,'SS76304137942121188340064,2026-04-16 21:31:55,'3763932675732275215,简约高马尾香蕉夹抓夹女高级感2025新款大号一字扭扭夹发夹发饰夏,,,普通订单,0.01,0,0,1.94,0,0,0,0,0,0,0,0,-0.01,0,0,0,0,0,0,是-商品卡免佣,0.07,义乌市黎既电子商务商行（个体工商户）,订单结算
2026-04-22 03:44:32,'2026042203442621445350802131,入账,2.77,聚合账户,货款结算入账,精选联盟,'6952120966900028963,'6952120966900028963,'SS76302841997404247390247,2026-04-17 09:38:01,'3745788060114223511,五角星星水钻发夹女碎发刘海夹子满钻镂空侧边夹后脑勺发卡bb夹,'1314671554205048,趣享视界9988,普通订单,0.19,0,0,3,0,0,0,0,0,0,0,0,-0.16,-0.26,0,0,0,0,0,,0,义乌市黎既电子商务商行（个体工商户）,订单结算
2026-04-22 03:44:32,'2026042203442635745963922131,入账,3.77,聚合账户,货款结算入账,小店自卖,'6952123481945937390,'6952123481945937390,'SS76304686258494016340183,2026-04-16 00:03:46,'3683590910169448490,新款碎发梳插梳韩版女孩夹子后脑勺刘海整理发夹卡子成年人发头饰,,,普通订单,3.97,0,0,0,0,0,0,0,0,0,0,0,-0.2,0,0,0,0,0,0,,0,义乌市黎既电子商务商行（个体工商户）,订单结算
2026-04-22 03:44:45,'2026042203443915951631702131,入账,2.5,聚合账户,货款结算入账,小店自卖,'6952123002218747180,'6952123002218747180,'SS76304544938590871310098,2026-04-16 22:02:37,'3677519325348102233,儿童拆皮筋神器女不伤发拉发针宝宝拉发钩一次性橡皮筋拆发工具简,,,普通订单,2.52,0.89,0,0,0,0,0,0,0,0,0,0,-0.02,0,0,0,0,0,0,是-商品卡免佣,0.15,义乌市黎既电子商务商行（个体工商户）,订单结算
2026-04-22 03:44:45,'2026042203444001815229942131,入账,5.7,聚合账户,货款结算入账,小店自卖,'6925649071276850786,'6925649071276850786,'SS76303353980860544090179,2026-04-17 00:51:19,'3747824183825006914,卡通可爱朱迪尼克同款毛绒耳朵大肠发圈不伤发皮筋发绳女2025新款,,,普通订单,5.73,0.8,0,0,0,0,0,0,0,0,0,0,-0.03,0,0,0,0,0,0,是-商品卡免佣,0.22,义乌市黎既电子商务商行（个体工商户）,订单结算
2026-04-22 03:44:45,'2026042203444003286676942131,入账,6.34,聚合账户,货款结算入账,小店自卖,'6925651976533605625,'6925651976533605625,'SS76304374776855104190177,2026-04-17 09:10:45,'3796640026289373330,蝴蝶结鸭嘴夹小香风毛呢爆款发夹后脑勺气质洋气盘发一字夹子,,,普通订单,6.38,0,0,0,0,0,0,0,0,0,0,0,-0.04,0,0,0,0,0,0,是-商品卡免佣,0.29,义乌市黎既电子商务商行（个体工商户）,订单结算
2026-04-22 03:44:45,'2026042203444024417738332131,入账,4.85,聚合账户,货款结算入账,小店自卖,'6925629175594974789,'6925629175594974789,'SS76303884369015772580035,2026-04-15 19:57:53,'3796640026289373330,蝴蝶结鸭嘴夹小香风毛呢爆款发夹后脑勺气质洋气盘发一字夹子,,,普通订单,4.88,0,0,0,0,0,0,0,0,0,0,0,-0.03,0,0,0,0,0,0,是-商品卡免佣,0.22,义乌市黎既电子商务商行（个体工商户）,订单结算
2026-04-22 03:44:45,'2026042203444036490939382131,入账,4.2,聚合账户,货款结算入账,小店自卖,'6925642411370184302,'6925642411370184302,'SS76304704577079752060193,2026-04-16 23:39:49,'3766001784691229117,夏天简约随手盘发一字扭扭夹水钻抓夹高级发夹扭扭后脑勺盘发器,,,普通订单,4.23,0,0,0,0,0,0,0,0,0,0,0,-0.03,0,0,0,0,0,0,是-商品卡免佣,0.22,义乌市黎既电子商务商行（个体工商户）,订单结算
2026-04-22 03:45:39,'2026042203453335537720782131,入账,3.35,聚合账户,货款结算入账,小店自卖,'6925649266617712465,'6925649266617712465,'SS76304315669257753600233,2026-04-17 07:17:54,'3807755176249525452,一对早春毛绒发夹女款侧边刘海夹前额bb夹碎发夹发饰头饰2026新款,,,普通订单,0.52,0,0,3.01,0,0,0,0,0,0,0,0,-0.18,0,0,0,0,0,0,,0,义乌市黎既电子商务商行（个体工商户）,订单结算
2026-04-22 03:45:39,'2026042203453528070262032131,入账,5.12,聚合账户,货款结算入账,小店自卖,'6925623152581049641,'6925623152581049641,'SS76304790862252777320186,2026-04-15 22:39:59,'3677662839465705493,超大号鲨鱼夹ins高颜值方块夹后脑勺盘发抓夹自选发量多发卡发夹,,,普通订单,5.15,0,0,0,0,0,0,0,0,0,0,0,-0.03,0,0,0,0,0,0,是-商品卡免佣,0.22,义乌市黎既电子商务商行（个体工商户）,订单结算
2026-04-22 03:45:39,'2026042203453423958817372131,入账,2.43,聚合账户,货款结算入账,精选联盟,'6925587293829757984,'6925587293829757984,'SS76303226471129915070157,2026-04-14 20:05:21,'3784368456477049055,韩国气质碎钻满天星抓夹女后脑勺半扎发鲨鱼夹发量少百搭发卡头饰,'0,,普通订单,0.01,0,0,2.68,0,0,0,0,0,0,0,0,-0.13,0,0,0,0,-0.13,0,,0,义乌市黎既电子商务商行（个体工商户）,订单结算
2026-04-22 03:45:39,'2026042203453708488886142131,入账,4.07,聚合账户,货款结算入账,小店自卖,'6925650945732738352,'6925650945732738352,'SS76304797264233272750220,2026-04-16 20:34:53,'3673607243682676924,可爱仿真食物迷你夹奇奇怪怪瓜子玉米发夹搞怪食玩米饭荷包蛋夹子,,,普通订单,4.09,0,0,0,0,0,0,0,0,0,0,0,-0.02,0,0,0,0,0,0,是-商品卡免佣,0.15,义乌市黎既电子商务商行（个体工商户）,订单结算
2026-04-22 03:45:39,'2026042203453505034849382131,入账,2.94,聚合账户,货款结算入账,小店自卖,'6925625776224566651,'6925625776224566651,'SS76304433228676800430088,2026-04-16 03:04:34,'3769870193174642697,2025春夏新款轻奢边夹时尚气质一字发夹女后脑勺扭扭夹女,,,普通订单,2.96,0,0,0,0,0,0,0,0,0,0,0,-0.02,0,0,0,0,0,0,是-商品卡免佣,0.15,义乌市黎既电子商务商行（个体工商户）,订单结算
2026-04-22 03:45:45,'2026042203454127809551512131,入账,4.38,聚合账户,货款结算入账,小店自卖,'6952115825232581839,'6952115825232581839,'SS76304658490986176350221,2026-04-16 20:58:33,'3764317163318542527,夏日爱心镂空撞色抓夹女高级感2025新款鲨鱼夹后脑勺盘发夹子发饰,,,普通订单,3.88,0,0,0.53,0,0,0,0,0,0,0,0,-0.03,0,0,0,0,0,0,是-商品卡免佣,0.22,义乌市黎既电子商务商行（个体工商户）,订单结算
2026-04-22 03:45:45,'2026042203454103164779922131,入账,2.43,聚合账户,货款结算入账,精选联盟,'6952147080084789223,'6952147080084789223,'SS76302977485582341470052,2026-04-17 01:46:46,'3784368456477049055,韩国气质碎钻满天星抓夹女后脑勺半扎发鲨鱼夹发量少百搭发卡头饰,'0,,普通订单,1.88,0,0,0.81,0,0,0,0,0,0,0,0,-0.13,0,0,0,0,-0.13,0,,0,义乌市黎既电子商务商行（个体工商户）,订单结算
2026-04-22 03:45:45,'2026042203454005212905462131,入账,2.56,聚合账户,货款结算入账,精选联盟,'6925667235823124066,'6925667235823124066,'SS76304419434867758080110,2026-04-17 19:25:21,'3769167173533172068,温柔褶皱～设计师款显发量香蕉夹气质高级感后脑勺发夹简约高马尾,'0,,普通订单,0.01,0,0,2.83,0,0,0,0,0,0,0,0,-0.14,0,0,0,0,-0.14,0,,0,义乌市黎既电子商务商行（个体工商户）,订单结算
2026-04-22 03:45:46,'2026042203454106281467282131,入账,2.84,聚合账户,货款结算入账,精选联盟,'6952122911682335775,'6952122911682335775,'SS76303203658726612910042,2026-04-16 21:42:43,'3796640026289373330,蝴蝶结鸭嘴夹小香风毛呢爆款发夹后脑勺气质洋气盘发一字夹子,'0,,普通订单,0.16,0,0,3,0,0,0,0,0,0,0,0,-0.16,0,0,0,0,-0.16,0,,0,义乌市黎既电子商务商行（个体工商户）,订单结算
2026-04-22 03:45:46,'2026042203454129458931202131,入账,2.84,聚合账户,货款结算入账,精选联盟,'6952082385487271354,'6952082385487271354,'SS76303573068907809540205,2026-04-15 12:17:52,'3796640026289373330,蝴蝶结鸭嘴夹小香风毛呢爆款发夹后脑勺气质洋气盘发一字夹子,'0,,普通订单,0.16,0,0,3,0,0,0,0,0,0,0,0,-0.16,0,0,0,0,-0.16,0,,0,义乌市黎既电子商务商行（个体工商户）,订单结算
2026-04-22 03:45:57,'2026042203455216745600522131,入账,3.95,聚合账户,货款结算入账,小店自卖,'6952122320442365257,'6952122320442365257,'SS76304288393548313690072,2026-04-16 15:28:35,'3806293802847699345,韩式豹纹波点褶皱高级扭扭马尾卡通风香蕉发夹后脑勺显发发卡头饰,,,普通订单,3.97,0,0,0,0,0,0,0,0,0,0,0,-0.02,0,0,0,0,0,0,是-商品卡免佣,0.15,义乌市黎既电子商务商行（个体工商户）,订单结算
2026-04-22 03:45:57,'2026042203455222021086812131,入账,4.63,聚合账户,货款结算入账,小店自卖,'6925641947985509503,'6925641947985509503,'SS76304783212729636360107,2026-04-16 20:48:41,'3776769690882408946,简约三角形头发抓夹高级鲨鱼夹2025秋冬新款发夹后脑勺盘发夹子女,,,普通订单,0.01,0,0,4.65,0,0,0,0,0,0,0,0,-0.03,0,0,0,0,0,0,是-商品卡免佣,0.22,义乌市黎既电子商务商行（个体工商户）,订单结算
2026-04-22 03:45:57,'2026042203455215279723672131,入账,1.95,聚合账户,货款结算入账,小店自卖,'6952105512568690179,'6952105512568690179,'SS76304559731617961390085,2026-04-16 00:47:49,'3806280662462366067,kitty猫~刘海贴精致可爱甜美少女棉花糖猫兔碎发贴魔术贴无痕发饰,,,普通订单,0.01,0,0,1.95,0,0,0,0,0,0,0,0,-0.01,0,0,0,0,0,0,是-商品卡免佣,0.07,义乌市黎既电子商务商行（个体工商户）,订单结算
2026-04-22 03:45:57,'2026042203455228607449752131,入账,2.56,聚合账户,货款结算入账,小店自卖,'6952118482814244677,'6952118482814244677,'SS76304224923977649150026,2026-04-16 22:26:40,'3809235146834575749,可爱新春小狗香蕉夹女高马尾扭扭夹红色竖夹高级感2026韩新款发夹,,,普通订单,0.01,0,0,2.57,0,0,0,0,0,0,0,0,-0.02,0,0,0,0,0,0,是-商品卡免佣,0.15,义乌市黎既电子商务商行（个体工商户）,订单结算
2026-04-22 03:45:57,'2026042203455231374379922131,入账,2.43,聚合账户,货款结算入账,精选联盟,'6952080892368918317,'6952080892368918317,'SS76304572652538762240068,2026-04-15 17:51:58,'3784368456477049055,韩国气质碎钻满天星抓夹女后脑勺半扎发鲨鱼夹发量少百搭发卡头饰,'1215379332407744,林夕呀,普通订单,0.01,0,0,2.68,0,0,0,0,0,0,0,0,-0.13,-0.13,0,0,0,0,0,,0,义乌市黎既电子商务商行（个体工商户）,订单结算
2026-04-22 03:46:12,'2026042203460800982715392131,入账,7.89,聚合账户,货款结算入账,小店自卖,'6925596713537273543,'6925596713537273543,'SS76301481758005212620163,2026-04-14 21:20:37,'3683629725827334349,护士帽固定夹子发夹高端精致侧边脑后一字夹侧边日系耳边夹鸭嘴夹,,,普通订单,7.94,0,0,0,0,0,0,0,0,0,0,0,-0.05,0,0,0,0,0,0,是-商品卡免佣,0.37,义乌市黎既电子商务商行（个体工商户）,订单结算
2026-04-22 03:46:12,'2026042203460733475671502131,入账,3.87,聚合账户,货款结算入账,小店自卖,'6925632229764922550,'6925632229764922550,'SS76303490005160102810023,2026-04-15 22:45:31,'3790878995596312771,韩系黑色波点布艺褶皱高马尾香蕉夹竖夹新款豹纹发夹气质百搭发饰,,,普通订单,3.89,0,0,0,0,0,0,0,0,0,0,0,-0.02,0,0,0,0,0,0,是-商品卡免佣,0.15,义乌市黎既电子商务商行（个体工商户）,订单结算
2026-04-22 03:46:12,'2026042203460602590029072131,入账,3.26,聚合账户,货款结算入账,小店自卖,'6925664722909953132,'6925664722909953132,'SS76304126219635433590102,2026-04-17 13:11:18,'3808343037030039986,韩版新款水钻珠子花朵中号抓夹女后脑勺洋气盘发夹时尚半扎鲨鱼夹,,,普通订单,3.28,0,0,0,0,0,0,0,0,0,0,0,-0.02,0,0,0,0,0,0,是-商品卡免佣,0.15,义乌市黎既电子商务商行（个体工商户）,订单结算
2026-04-22 03:46:12,'2026042203460615866268622131,入账,10.55,聚合账户,货款结算入账,小店自卖,'6925631653837242037,'6925631653837242037,'SS76303899882504074580193,2026-04-15 19:29:18,'3757678157491208600,夏季简约醋酸发夹边夹侧边碎发刘海夹女2025新款ins前额bb夹头饰,,,普通订单,10.61,0.49,0,0,0,0,0,0,0,0,0,0,-0.06,0,0,0,0,0,0,是-商品卡免佣,0.44,义乌市黎既电子商务商行（个体工商户）,订单结算
2026-04-22 03:46:12,'2026042203460726346337642131,入账,3.75,聚合账户,货款结算入账,小店自卖,'6952115230851273734,'6952115230851273734,'SS76303543623933138350056,2026-04-16 13:43:47,'3746150076641313252,网红简约ins纯色宽边发带高颅顶白色发箍女运动健身夏季头饰发饰,,,普通订单,3.77,0.9,0,0,0,0,0,0,0,0,0,0,-0.02,0,0,0,0,0,0,是-商品卡免佣,0.15,义乌市黎既电子商务商行（个体工商户）,订单结算
2026-04-22 05:16:22,'2026042205161921732234762131,入账,2.86,聚合账户,货款结算入账,小店自卖,'6951999341617092168,'6951999341617092168,'SS76302879519695670300030,2026-04-12 07:48:23,'3761395105840365661,高级感水钻满天星发夹女后脑勺盘发神器发卡青蛙夹扭扭夹发卡头饰,,,普通订单,2.88,0,0,0,0,0,0,0,0,0,0,0,-0.02,0,0,0,0,0,0,是-商品卡免佣,0.15,义乌市黎既电子商务商行（个体工商户）,订单结算
2026-04-22 05:16:22,'2026042205161906837870712131,入账,6.39,聚合账户,货款结算入账,小店自卖,'6925512872979955585,'6925512872979955585,'SS76302878904254466660164,2026-04-11 20:56:01,'3742849967501476190,可爱小女孩网红爆款树脂发饰高颅顶神器女士童通用梳马尾头饰发饰,,,普通订单,6.43,1.15,0,0,0,0,0,0,0,0,0,0,-0.04,0,0,0,0,0,0,是-商品卡免佣,0.29,义乌市黎既电子商务商行（个体工商户）,订单结算
2026-04-22 05:16:22,'2026042205161904488896542131,入账,5.26,聚合账户,货款结算入账,小店自卖,'6925660444009725210,'6925660444009725210,'SS76304069954762678390248,2026-04-17 11:01:54,'3751345399902896376,儿童发饰后脑勺碎发神器发梳女童刘海插梳整理发卡网红发夹头饰女,,,普通订单,5.54,0.55,0,0,0,0,0,0,0,0,0,0,-0.28,0,0,0,0,0,0,,0,义乌市黎既电子商务商行（个体工商户）,订单结算
2026-04-22 05:16:22,'2026042205161814582090242131,入账,5.29,聚合账户,货款结算入账,小店自卖,'6952003305301350327,'6952003305301350327,'SS76302878522741929230079,2026-04-11 18:59:30,'3673451011873308770,好看渐变星星蝴蝶可爱少女心鸭嘴夹刘海夹头饰韩版碎发边爆款发饰,,,普通订单,5.32,0.95,0,0,0,0,0,0,0,0,0,0,-0.03,0,0,0,0,0,0,是-商品卡免佣,0.22,义乌市黎既电子商务商行（个体工商户）,订单结算
2026-04-22 05:16:22,'2026042205161914081111382131,入账,4.47,聚合账户,货款结算入账,小店自卖,'6952067877919594190,'6952067877919594190,'SS76304518948899725320234,2026-04-14 14:26:33,'3807763574974186291,气质高级亮黑色大号鲨鱼抓夹女后脑勺时尚发卡巨能抓头饰2026新款,,,普通订单,4.5,0,0,0,0,0,0,0,0,0,0,0,-0.03,0,0,0,0,0,0,是-商品卡免佣,0.22,义乌市黎既电子商务商行（个体工商户）,订单结算
2026-04-22 05:17:41,'2026042205173618383877472131,入账,2.77,聚合账户,货款结算入账,小店自卖,'6952118642368059038,'6952118642368059038,'SS76302638358426749980248,2026-04-17 00:39:09,'3796640026289373330,蝴蝶结鸭嘴夹小香风毛呢爆款发夹后脑勺气质洋气盘发一字夹子,,,普通订单,2.79,0,0,0,0,0,0,0,0,0,0,0,-0.02,0,0,0,0,0,0,是-商品卡免佣,0.15,义乌市黎既电子商务商行（个体工商户）,订单结算
2026-04-22 05:17:41,'2026042205173620980370072131,入账,3.75,聚合账户,货款结算入账,小店自卖,'6952013500741784822,'6952013500741784822,'SS76303746243458831450202,2026-04-12 14:29:39,'3746150076641313252,网红简约ins纯色宽边发带高颅顶白色发箍女运动健身夏季头饰发饰,,,普通订单,3.77,0.9,0,0,0,0,0,0,0,0,0,0,-0.02,0,0,0,0,0,0,是-商品卡免佣,0.15,义乌市黎既电子商务商行（个体工商户）,订单结算
2026-04-22 05:17:41,'2026042205173538142449042131,入账,4.95,聚合账户,货款结算入账,小店自卖,'6952128792676931156,'6952128792676931156,'SS76304554478847926120058,2026-04-16 14:55:17,'3812573397322432839,新款密齿香蕉韩系法式波点蕾丝蝴蝶结后脑勺盘发发夹发卡马尾发饰,,,普通订单,4.98,0,0,0,0,0,0,0,0,0,0,0,-0.03,0,0,0,0,0,0,是-商品卡免佣,0.22,义乌市黎既电子商务商行（个体工商户）,订单结算
2026-04-22 05:17:41,'2026042205173707928058882131,入账,3.95,聚合账户,货款结算入账,小店自卖,'6951992666755962108,'6951992666755962108,'SS76302635681891786240099,2026-04-12 02:34:56,'3806293802847699345,韩式豹纹波点褶皱高级扭扭马尾卡通风香蕉发夹后脑勺显发发卡头饰,,,普通订单,3.97,0,0,0,0,0,0,0,0,0,0,0,-0.02,0,0,0,0,0,0,是-商品卡免佣,0.15,义乌市黎既电子商务商行（个体工商户）,订单结算
2026-04-22 05:17:41,'2026042205173616116659302131,入账,33.4,聚合账户,货款结算入账,小店自卖,'6925519955811204368,'6925519955811204368,'SS76304129480622579580085,2026-04-12 11:11:11,'3807732934811713667,新款牡丹花羽毛抓夹女高颜值轻奢时尚百搭鲨鱼夹发饰头饰夹发神器,,,普通订单,33.6,0,0,0,0,0,0,0,0,0,0,0,-0.2,0,0,0,0,0,0,是-商品卡免佣,1.47,义乌市黎既电子商务商行（个体工商户）,订单结算
2026-04-22 05:17:45,'2026042205174101054029262131,入账,2.67,聚合账户,货款结算入账,小店自卖,'6951981792561796796,'6951981792561796796,'SS76302726544369585270224,2026-04-12 08:34:54,'3784368456477049055,韩国气质碎钻满天星抓夹女后脑勺半扎发鲨鱼夹发量少百搭发卡头饰,,,普通订单,2.69,0,0,0,0,0,0,0,0,0,0,0,-0.02,0,0,0,0,0,0,是-商品卡免佣,0.15,义乌市黎既电子商务商行（个体工商户）,订单结算
2026-04-22 05:17:45,'2026042205174013476334592131,入账,1.95,聚合账户,货款结算入账,小店自卖,'6951980861058782665,'6951980861058782665,'SS76302672145743713820242,2026-04-11 17:03:26,'3806280662462366067,kitty猫~刘海贴精致可爱甜美少女棉花糖猫兔碎发贴魔术贴无痕发饰,,,普通订单,1.96,0,0,0,0,0,0,0,0,0,0,0,-0.01,0,0,0,0,0,0,是-商品卡免佣,0.07,义乌市黎既电子商务商行（个体工商户）,订单结算
2026-04-22 05:17:45,'2026042205174007562737002131,入账,2.94,聚合账户,货款结算入账,小店自卖,'6925525673120792134,'6925525673120792134,'SS76302878815802498560221,2026-04-11 21:57:11,'3769870193174642697,2025春夏新款轻奢边夹时尚气质一字发夹女后脑勺扭扭夹女,,,普通订单,2.96,0,0,0,0,0,0,0,0,0,0,0,-0.02,0,0,0,0,0,0,是-商品卡免佣,0.15,义乌市黎既电子商务商行（个体工商户）,订单结算
2026-04-22 05:17:45,'2026042205174009912202512131,入账,4.47,聚合账户,货款结算入账,小店自卖,'6952165997032052667,'6952165997032052667,'SS76303734130553981870054,2026-04-17 19:30:33,'3807763574974186291,气质高级亮黑色大号鲨鱼抓夹女后脑勺时尚发卡巨能抓头饰2026新款,,,普通订单,4.5,0,0,0,0,0,0,0,0,0,0,0,-0.03,0,0,0,0,0,0,是-商品卡免佣,0.22,义乌市黎既电子商务商行（个体工商户）,订单结算
2026-04-22 05:17:45,'2026042205174110369152412131,入账,2.43,聚合账户,货款结算入账,精选联盟,'6925520520833957751,'6925520520833957751,'SS76302632202138099300024,2026-04-11 16:55:51,'3784368456477049055,韩国气质碎钻满天星抓夹女后脑勺半扎发鲨鱼夹发量少百搭发卡头饰,'0,,普通订单,2.69,0,0,0,0,0,0,0,0,0,0,0,-0.13,0,0,0,0,-0.13,0,,0,义乌市黎既电子商务商行（个体工商户）,订单结算
2026-04-22 05:17:58,'2026042205175241162061202131,入账,5.08,聚合账户,货款结算入账,小店自卖,'6952078648417130449,'6952078648417130449,'SS76289680533393945600017,2026-04-14 12:52:57,'3746150076641313252,网红简约ins纯色宽边发带高颅顶白色发箍女运动健身夏季头饰发饰,,,普通订单,5.11,0.9,0,0,0,0,0,0,0,0,0,0,-0.03,0,0,0,0,0,0,是-商品卡免佣,0.22,义乌市黎既电子商务商行（个体工商户）,订单结算
2026-04-22 05:17:58,'2026042205175305792898822131,入账,1.95,聚合账户,货款结算入账,小店自卖,'6925618926180269507,'6925618926180269507,'SS76303509166377866600116,2026-04-16 08:51:26,'3806280662462366067,kitty猫~刘海贴精致可爱甜美少女棉花糖猫兔碎发贴魔术贴无痕发饰,,,普通订单,1.96,0,0,0,0,0,0,0,0,0,0,0,-0.01,0,0,0,0,0,0,是-商品卡免佣,0.07,义乌市黎既电子商务商行（个体工商户）,订单结算
2026-04-22 05:17:58,'2026042205175320392227992131,入账,5.02,聚合账户,货款结算入账,小店自卖,'6952118604108601150,'6952118604108601150,'SS76304407667245757900192,2026-04-16 23:30:50,'3790878995596312771,韩系黑色波点布艺褶皱高马尾香蕉夹竖夹新款豹纹发夹气质百搭发饰,,,普通订单,5.05,0,0,0,0,0,0,0,0,0,0,0,-0.03,0,0,0,0,0,0,是-商品卡免佣,0.22,义乌市黎既电子商务商行（个体工商户）,订单结算
2026-04-22 05:17:58,'2026042205175321149783562131,入账,2.67,聚合账户,货款结算入账,小店自卖,'6951988703315891714,'6951988703315891714,'SS76304118786529206390051,2026-04-12 09:33:28,'3784368456477049055,韩国气质碎钻满天星抓夹女后脑勺半扎发鲨鱼夹发量少百搭发卡头饰,,,普通订单,2.69,0,0,0,0,0,0,0,0,0,0,0,-0.02,0,0,0,0,0,0,是-商品卡免佣,0.15,义乌市黎既电子商务商行（个体工商户）,订单结算
2026-04-22 05:17:58,'2026042205175408784491672131,入账,1,聚合账户,货款结算入账,小店自卖,'6952197441376294700,'6952197441376294700,'SS76303911296031503790005,2026-04-19 16:53:53,'3763932675732275215,简约高马尾香蕉夹抓夹女高级感2025新款大号一字扭扭夹发夹发饰夏,,,普通订单,1.95,0,0,0,0,0,0,0,0,0,0,-0.95,0,0,0,0,0,0,0,是-商品卡免佣,0,义乌市黎既电子商务商行（个体工商户）,订单结算
2026-04-22 05:18:09,'2026042205180401626485762131,入账,4.9,聚合账户,货款结算入账,小店自卖,'6951997471975544304,'6951997471975544304,'SS76303734729567442260035,2026-04-12 11:03:03,'3806817990763217240,整理神器~可爱蝴蝶结小猫无痕刘海贴魔术贴发饰女前额侧边碎发贴,,,普通订单,4.93,0,0,0,0,0,0,0,0,0,0,0,-0.03,0,0,0,0,0,0,是-商品卡免佣,0.22,义乌市黎既电子商务商行（个体工商户）,订单结算
2026-04-22 05:18:09,'2026042205180509201137152131,入账,2.67,聚合账户,货款结算入账,小店自卖,'6925514992603004254,'6925514992603004254,'SS76302634426459755920192,2026-04-11 22:00:55,'3784368456477049055,韩国气质碎钻满天星抓夹女后脑勺半扎发鲨鱼夹发量少百搭发卡头饰,,,普通订单,2.69,0,0,0,0,0,0,0,0,0,0,0,-0.02,0,0,0,0,0,0,是-商品卡免佣,0.15,义乌市黎既电子商务商行（个体工商户）,订单结算
2026-04-22 05:18:09,'2026042205180429905554192131,入账,3.58,聚合账户,货款结算入账,小店自卖,'6925517975897341719,'6925517975897341719,'SS76302680934324475340122,2026-04-11 14:19:41,'3746150076641313252,网红简约ins纯色宽边发带高颅顶白色发箍女运动健身夏季头饰发饰,,,普通订单,3.77,0.9,0,0,0,0,0,0,0,0,0,0,-0.19,0,0,0,0,0,0,,0,义乌市黎既电子商务商行（个体工商户）,订单结算
2026-04-22 05:18:09,'2026042205180532814085212131,入账,3.81,聚合账户,货款结算入账,小店自卖,'6925388849210752721,'6925388849210752721,'SS76302932702618629640125,2026-04-06 15:05:02,'3784368456477049055,韩国气质碎钻满天星抓夹女后脑勺半扎发鲨鱼夹发量少百搭发卡头饰,,,普通订单,3.83,0,0,0,0,0,0,0,0,0,0,0,-0.02,0,0,0,0,0,0,是-商品卡免佣,0.15,义乌市黎既电子商务商行（个体工商户）,订单结算
2026-04-22 05:18:09,'2026042205180438807311702131,入账,10.88,聚合账户,货款结算入账,小店自卖,'6951981226464187471,'6951981226464187471,'SS76303889309068539260216,2026-04-11 21:33:06,'3796640026289373330,蝴蝶结鸭嘴夹小香风毛呢爆款发夹后脑勺气质洋气盘发一字夹子,,,普通订单,10.95,0,0,0,0,0,0,0,0,0,0,0,-0.07,0,0,0,0,0,0,是-商品卡免佣,0.51,义乌市黎既电子商务商行（个体工商户）,订单结算
2026-04-22 05:19:16,'2026042205191112421043302131,入账,4.04,聚合账户,货款结算入账,精选联盟,'6925537880381422733,'6925537880381422733,'SS76303691316871173120218,2026-04-12 14:15:32,'3746529925562237053,满钻星星碎发整理神器隐形碎发梳女儿童固定头发夹子拉拉梳头饰,'95957951689,菲菲优选,普通订单,4.7,0,0,0,0,0,0,0,0,0,0,0,-0.24,-0.42,0,0,0,0,0,,0,义乌市黎既电子商务商行（个体工商户）,订单结算
2026-04-22 05:19:16,'2026042205191023790559132131,入账,3.95,聚合账户,货款结算入账,小店自卖,'6952105012768674987,'6952105012768674987,'SS76302766941090330010086,2026-04-15 19:10:34,'3806293802847699345,韩式豹纹波点褶皱高级扭扭马尾卡通风香蕉发夹后脑勺显发发卡头饰,,,普通订单,3.97,0,0,0,0,0,0,0,0,0,0,0,-0.02,0,0,0,0,0,0,是-商品卡免佣,0.15,义乌市黎既电子商务商行（个体工商户）,订单结算
2026-04-22 05:19:16,'2026042205191210949435382131,入账,2.67,聚合账户,货款结算入账,小店自卖,'6925508372546879440,'6925508372546879440,'SS76303804367974566400116,2026-04-10 23:55:25,'3784368456477049055,韩国气质碎钻满天星抓夹女后脑勺半扎发鲨鱼夹发量少百搭发卡头饰,,,普通订单,2.69,0,0,0,0,0,0,0,0,0,0,0,-0.02,0,0,0,0,0,0,是-商品卡免佣,0.15,义乌市黎既电子商务商行（个体工商户）,订单结算
2026-04-22 05:19:16,'2026042205191225420273072131,入账,4.07,聚合账户,货款结算入账,小店自卖,'6952020429654856763,'6952020429654791227,'SS76304002436637209980137,2026-04-12 16:07:24,'3673607243682676924,可爱仿真食物迷你夹奇奇怪怪瓜子玉米发夹搞怪食玩米饭荷包蛋夹子,,,普通订单,4.09,0,0,0,0,0,0,0,0,0,0,0,-0.02,0,0,0,0,0,0,是-商品卡免佣,0.15,义乌市黎既电子商务商行（个体工商户）,订单结算
2026-04-22 05:19:16,'2026042205191312921779742131,入账,8.29,聚合账户,货款结算入账,小店自卖,'6951984158795634650,'6951984158795634650,'SS76302879504121902590104,2026-04-12 04:05:07,'3673388116573553024,花朵儿童盘发神器新款宝宝丸子头盘发器宝宝扎头神器头饰发饰女孩,,,普通订单,8.34,0.55,0,0,0,0,0,0,0,0,0,0,-0.05,0,0,0,0,0,0,是-商品卡免佣,0.37,义乌市黎既电子商务商行（个体工商户）,订单结算
2026-04-22 05:19:22,'2026042205191631219228792131,入账,5.31,聚合账户,货款结算入账,小店自卖,'6925531712543620122,'6925531712543620122,'SS76303712010692736060210,2026-04-12 12:54:25,'3766001784691229117,夏天简约随手盘发一字扭扭夹水钻抓夹高级发夹扭扭后脑勺盘发器,,,普通订单,5.34,0,0,0,0,0,0,0,0,0,0,0,-0.03,0,0,0,0,0,0,是-商品卡免佣,0.22,义乌市黎既电子商务商行（个体工商户）,订单结算
2026-04-22 05:19:22,'2026042205191701896450992131,入账,2.85,聚合账户,货款结算入账,小店自卖,'6925386762215062637,'6925386762215062637,'SS76302989337592471230002,2026-04-06 15:38:43,'3782115864158011677,新款大号花朵头发夹子发卡子网红爆款妈妈抓夹女后脑勺盘发鸭嘴夹,,,普通订单,3,0,0,0,0,0,0,0,0,0,0,0,-0.15,0,0,0,0,0,0,,0,义乌市黎既电子商务商行（个体工商户）,订单结算
2026-04-22 05:19:22,'2026042205191621228751782131,入账,2.81,聚合账户,货款结算入账,小店自卖,'6952004254681404831,'6952004254681404831,'SS76303701582462039420249,2026-04-12 10:16:58,'3790878995596312771,韩系黑色波点布艺褶皱高马尾香蕉夹竖夹新款豹纹发夹气质百搭发饰,,,普通订单,2.83,0.39,0,0,0,0,0,0,0,0,0,0,-0.02,0,0,0,0,0,0,是-商品卡免佣,0.15,义乌市黎既电子商务商行（个体工商户）,订单结算
2026-04-22 05:19:22,'2026042205191622906517022131,入账,2.86,聚合账户,货款结算入账,小店自卖,'6951979122408560025,'6951979122408560025,'SS76302878810432517380116,2026-04-11 17:29:18,'3761395105840365661,高级感水钻满天星发夹女后脑勺盘发神器发卡青蛙夹扭扭夹发卡头饰,,,普通订单,2.88,0,0,0,0,0,0,0,0,0,0,0,-0.02,0,0,0,0,0,0,是-商品卡免佣,0.15,义乌市黎既电子商务商行（个体工商户）,订单结算
2026-04-22 05:19:22,'2026042205191609782889502131,入账,3.29,聚合账户,货款结算入账,精选联盟,'6952053759877846183,'6952053759877846183,'SS76302708414527452660048,2026-04-13 22:19:24,'3807763574974186291,气质高级亮黑色大号鲨鱼抓夹女后脑勺时尚发卡巨能抓头饰2026新款,'0,,普通订单,3.65,0,0,0,0,0,0,0,0,0,0,0,-0.18,0,0,0,0,-0.18,0,,0,义乌市黎既电子商务商行（个体工商户）,订单结算
2026-04-22 05:19:47,'2026042205194312331791772131,入账,2.48,聚合账户,货款结算入账,小店自卖,'6925531660670172646,'6925531660670172646,'SS76303743494735181430030,2026-04-12 12:49:15,'3806839658764173323,明星同款高级银色金属小钢圈发扣发夹感洋气甜酷风刘海发夹扣发饰,,,普通订单,2.5,0,0,0,0,0,0,0,0,0,0,0,-0.02,0,0,0,0,0,0,是-商品卡免佣,0.15,义乌市黎既电子商务商行（个体工商户）,订单结算
2026-04-22 05:19:47,'2026042205194200434509262131,入账,5.08,聚合账户,货款结算入账,小店自卖,'6951999537833449241,'6951999537833449241,'SS76303745939071472900106,2026-04-12 10:25:10,'3746150076641313252,网红简约ins纯色宽边发带高颅顶白色发箍女运动健身夏季头饰发饰,,,普通订单,5.11,0.9,0,0,0,0,0,0,0,0,0,0,-0.03,0,0,0,0,0,0,是-商品卡免佣,0.22,义乌市黎既电子商务商行（个体工商户）,订单结算
2026-04-22 05:19:47,'2026042205194215869097392131,入账,2.18,聚合账户,货款结算入账,小店自卖,'6925532109639482405,'6925532109639482405,'SS76302878462772229640184,2026-04-11 22:54:54,'3763604235179130936,夏季新款镶钻一字夹高端感抓夹女网红后脑勺懒人夹盘发夹大鸭嘴夹,,,普通订单,2.19,0.39,0,0,0,0,0,0,0,0,0,0,-0.01,0,0,0,0,0,0,是-商品卡免佣,0.07,义乌市黎既电子商务商行（个体工商户）,订单结算
2026-04-22 05:19:47,'2026042205194110626009872131,入账,3.94,聚合账户,货款结算入账,小店自卖,'6951983896881993368,'6951983896881993368,'SS76304128151650634430025,2026-04-11 22:34:55,'3766001784691229117,夏天简约随手盘发一字扭扭夹水钻抓夹高级发夹扭扭后脑勺盘发器,,,普通订单,3.96,0,0,0,0,0,0,0,0,0,0,0,-0.02,0,0,0,0,0,0,是-商品卡免佣,0.15,义乌市黎既电子商务商行（个体工商户）,订单结算
2026-04-22 05:19:47,'2026042205194032894983742131,入账,6.21,聚合账户,货款结算入账,小店自卖,'6925518106937752988,'6925518106937752988,'SS76302877368768148630066,2026-04-11 15:20:31,'3677519078202933441,小女孩碎发神器发梳儿童女童刘海整理夏季发卡插梳头饰扎头发夹,,,普通订单,6.25,0,0,0,0,0,0,0,0,0,0,0,-0.04,0,0,0,0,0,0,是-商品卡免佣,0.29,义乌市黎既电子商务商行（个体工商户）,订单结算
2026-04-22 05:19:49,'2026042205194332941061502131,入账,10.88,聚合账户,货款结算入账,小店自卖,'6925530757632261178,'6925530757632261178,'SS76303889181451720020052,2026-04-12 02:21:59,'3796640026289373330,蝴蝶结鸭嘴夹小香风毛呢爆款发夹后脑勺气质洋气盘发一字夹子,,,普通订单,10.95,0,0,0,0,0,0,0,0,0,0,0,-0.07,0,0,0,0,0,0,是-商品卡免佣,0.51,义乌市黎既电子商务商行（个体工商户）,订单结算
2026-04-22 05:19:49,'2026042205194419387354062131,入账,2.74,聚合账户,货款结算入账,小店自卖,'6952003633920874374,'6952003633920874374,'SS76302878655641687100076,2026-04-11 21:51:46,'3761395105840365661,高级感水钻满天星发夹女后脑勺盘发神器发卡青蛙夹扭扭夹发卡头饰,,,普通订单,2.88,0,0,0,0,0,0,0,0,0,0,0,-0.14,0,0,0,0,0,0,,0,义乌市黎既电子商务商行（个体工商户）,订单结算
2026-04-22 05:19:49,'2026042205194421625735772131,入账,2.65,聚合账户,货款结算入账,小店自卖,'6952010247503288078,'6952010247503288078,'SS76303126532410947020178,2026-04-11 21:46:01,'3766001784691229117,夏天简约随手盘发一字扭扭夹水钻抓夹高级发夹扭扭后脑勺盘发器,,,普通订单,2.67,0.69,0,0,0,0,0,0,0,0,0,0,-0.02,0,0,0,0,0,0,是-商品卡免佣,0.15,义乌市黎既电子商务商行（个体工商户）,订单结算
2026-04-22 05:19:49,'2026042205194500590159462131,入账,2.67,聚合账户,货款结算入账,小店自卖,'6951986344736135053,'6951986344736135053,'SS76302637281572992360158,2026-04-12 00:53:24,'3784368456477049055,韩国气质碎钻满天星抓夹女后脑勺半扎发鲨鱼夹发量少百搭发卡头饰,,,普通订单,2.69,0,0,0,0,0,0,0,0,0,0,0,-0.02,0,0,0,0,0,0,是-商品卡免佣,0.15,义乌市黎既电子商务商行（个体工商户）,订单结算
2026-04-22 05:19:49,'2026042205194233778242652131,入账,4.85,聚合账户,货款结算入账,小店自卖,'6952010821735487206,'6952010821735487206,'SS76303974517319603350019,2026-04-12 08:20:21,'3796640026289373330,蝴蝶结鸭嘴夹小香风毛呢爆款发夹后脑勺气质洋气盘发一字夹子,,,普通订单,4.88,0,0,0,0,0,0,0,0,0,0,0,-0.03,0,0,0,0,0,0,是-商品卡免佣,0.22,义乌市黎既电子商务商行（个体工商户）,订单结算
2026-04-22 05:20:05,'2026042205195826230623262131,入账,3.8,聚合账户,货款结算入账,精选联盟,'6952017971060742086,'6952017971060742086,'SS76303996563205655470038,2026-04-12 16:58:40,'3745792367991586945,高级感bb夹水钻镂空云朵碎发夹前额后脑勺发夹侧边刘海夹外出发饰,'3123074052143668,开心优选,普通订单,4.34,0.8,0,0,0,0,0,0,0,0,0,0,-0.22,-0.29,0,0,-0.03,0,0,,0,义乌市黎既电子商务商行（个体工商户）,订单结算
2026-04-22 05:20:05,'2026042205200134227653312131,入账,1.79,聚合账户,货款结算入账,小店自卖,'6952026774611367487,'6952026774611367487,'SS76304000287204193370186,2026-04-12 15:26:14,'3747800080678256720,夏季网红新款小草头上发夹长草可爱超萌碎豆芽夹子头顶搞怪发饰,,,普通订单,1.8,0,0,0,0,0,0,0,0,0,0,0,-0.01,0,0,0,0,0,0,是-商品卡免佣,0.07,义乌市黎既电子商务商行（个体工商户）,订单结算
2026-04-22 05:20:05,'2026042205200109574814812131,入账,3.68,聚合账户,货款结算入账,小店自卖,'6925550683341159806,'6925550683341159806,'SS76303729363271685480214,2026-04-12 13:43:58,'3809235146834575749,可爱新春小狗香蕉夹女高马尾扭扭夹红色竖夹高级感2026韩新款发夹,,,普通订单,3.7,0,0,0,0,0,0,0,0,0,0,0,-0.02,0,0,0,0,0,0,是-商品卡免佣,0.15,义乌市黎既电子商务商行（个体工商户）,订单结算
2026-04-22 05:20:05,'2026042205195925181719312131,入账,1.62,聚合账户,货款结算入账,小店自卖,'6925545983113723683,'6925545983113723683,'SS76293771584158807040051,2026-04-12 14:38:33,'3806450472450130341,新款复古抓夹女豹纹蝴蝶结鲨鱼夹2026后脑勺盘发发夹高级感发饰,,,普通订单,3.63,0,0,0,0,0,0,0,0,0,0,-2,-0.01,0,0,0,0,0,0,是-商品卡免佣,0.07,义乌市黎既电子商务商行（个体工商户）,订单结算
2026-04-22 05:20:05,'2026042205200015647544782131,入账,4.67,聚合账户,货款结算入账,小店自卖,'6925514198425632573,'6925514198425632573,'SS76302878600634905950174,2026-04-11 15:46:06,'3746529925562237053,满钻星星碎发整理神器隐形碎发梳女儿童固定头发夹子拉拉梳头饰,,,普通订单,4.7,0,0,0,0,0,0,0,0,0,0,0,-0.03,0,0,0,0,0,0,是-商品卡免佣,0.22,义乌市黎既电子商务商行（个体工商户）,订单结算
2026-04-22 05:20:19,'2026042205201307805548152131,入账,2.67,聚合账户,货款结算入账,小店自卖,'6925535756202966354,'6925535756202966354,'SS76303718801001682340086,2026-04-12 13:21:07,'3784368456477049055,韩国气质碎钻满天星抓夹女后脑勺半扎发鲨鱼夹发量少百搭发卡头饰,,,普通订单,2.69,0,0,0,0,0,0,0,0,0,0,0,-0.02,0,0,0,0,0,0,是-商品卡免佣,0.15,义乌市黎既电子商务商行（个体工商户）,订单结算
2026-04-22 05:20:19,'2026042205201305923970982131,入账,5.05,聚合账户,货款结算入账,小店自卖,'6925516633346964933,'6925516633346964933,'SS76302877815919905640162,2026-04-11 20:15:38,'3673976773902729360,发夹女后脑勺珍珠发卡大号盘发鲨鱼夹韩国ins网红气质头饰抓发夹,,,普通订单,5.08,0.9,0,0,0,0,0,0,0,0,0,0,-0.03,0,0,0,0,0,0,是-商品卡免佣,0.22,义乌市黎既电子商务商行（个体工商户）,订单结算
2026-04-22 05:20:19,'2026042205201413805330352131,入账,2.74,聚合账户,货款结算入账,小店自卖,'6952021966731220862,'6952021966731220862,'SS76303237760470922650152,2026-04-12 11:53:04,'3761395105840365661,高级感水钻满天星发夹女后脑勺盘发神器发卡青蛙夹扭扭夹发卡头饰,,,普通订单,2.88,0,0,0,0,0,0,0,0,0,0,0,-0.14,0,0,0,0,0,0,,0,义乌市黎既电子商务商行（个体工商户）,订单结算
2026-04-22 05:20:19,'2026042205201420531655872131,入账,3.87,聚合账户,货款结算入账,小店自卖,'6952134054268704014,'6952134054268704014,'SS76303956142786852250050,2026-04-17 00:04:49,'3807732934811713667,新款牡丹花羽毛抓夹女高颜值轻奢时尚百搭鲨鱼夹发饰头饰夹发神器,,,普通订单,3.89,0,0,0,0,0,0,0,0,0,0,0,-0.02,0,0,0,0,0,0,是-商品卡免佣,0.15,义乌市黎既电子商务商行（个体工商户）,订单结算
2026-04-22 05:20:19,'2026042205201306759221952131,入账,3.08,聚合账户,货款结算入账,小店自卖,'6951995288758392212,'6951995288758392212,'SS76302879182594544830140,2026-04-12 05:53:15,'3673424694561865791,薄款牛油果绿系列小丝巾缠包模特搭配装饰品扎头发绑发飘带发带,,,普通订单,3.1,1.55,0,0,0,0,0,0,0,0,0,0,-0.02,0,0,0,0,0,0,是-商品卡免佣,0.15,义乌市黎既电子商务商行（个体工商户）,订单结算
2026-04-22 05:20:20,'2026042205201525975856732131,入账,2.67,聚合账户,货款结算入账,小店自卖,'6925527695885762421,'6925527695885762421,'SS76302633648678384640111,2026-04-11 20:33:24,'3784368456477049055,韩国气质碎钻满天星抓夹女后脑勺半扎发鲨鱼夹发量少百搭发卡头饰,,,普通订单,2.69,0,0,0,0,0,0,0,0,0,0,0,-0.02,0,0,0,0,0,0,是-商品卡免佣,0.15,义乌市黎既电子商务商行（个体工商户）,订单结算
2026-04-22 05:20:20,'2026042205201438211592142131,入账,3.7,聚合账户,货款结算入账,小店自卖,'6951957941895108075,'6951957941895108075,'SS76302877476015477760185,2026-04-11 00:53:19,'3809232346448789758,新款洗脸专用压发带齿防滑发箍女碎发头箍高颅顶头饰防掉百搭头饰,,,普通订单,3.9,0,0,0,0,0,0,0,0,0,0,0,-0.2,0,0,0,0,0,0,,0,义乌市黎既电子商务商行（个体工商户）,订单结算
2026-04-22 05:20:20,'2026042205201601810478582131,入账,2.67,聚合账户,货款结算入账,小店自卖,'6952002319229261116,'6952002319229261116,'SS76303718074313610780222,2026-04-12 11:53:20,'3784368456477049055,韩国气质碎钻满天星抓夹女后脑勺半扎发鲨鱼夹发量少百搭发卡头饰,,,普通订单,2.69,0,0,0,0,0,0,0,0,0,0,0,-0.02,0,0,0,0,0,0,是-商品卡免佣,0.15,义乌市黎既电子商务商行（个体工商户）,订单结算
2026-04-22 05:20:20,'2026042205201529995174492131,入账,3.59,聚合账户,货款结算入账,小店自卖,'6925527852353748654,'6925527852353748654,'SS76302650409899341210157,2026-04-11 21:38:02,'3766001784691229117,夏天简约随手盘发一字扭扭夹水钻抓夹高级发夹扭扭后脑勺盘发器,,,普通订单,3.61,0.69,0,0,0,0,0,0,0,0,0,0,-0.02,0,0,0,0,0,0,是-商品卡免佣,0.15,义乌市黎既电子商务商行（个体工商户）,订单结算
2026-04-22 05:20:20,'2026042205201523201551632131,入账,1.88,聚合账户,货款结算入账,小店自卖,'6952013274047845529,'6952013274047845529,'SS76303253521707013310180,2026-04-12 12:07:54,'3746529925562237053,满钻星星碎发整理神器隐形碎发梳女儿童固定头发夹子拉拉梳头饰,,,普通订单,1.89,0.39,0,0,0,0,0,0,0,0,0,0,-0.01,0,0,0,0,0,0,是-商品卡免佣,0.07,义乌市黎既电子商务商行（个体工商户）,订单结算
2026-04-22 05:20:36,'2026042205203038642693312131,入账,1.94,聚合账户,货款结算入账,小店自卖,'6925529879376657766,'6925529879376657766,'SS76289819635797527140131,2026-04-11 19:32:29,'3763932675732275215,简约高马尾香蕉夹抓夹女高级感2025新款大号一字扭扭夹发夹发饰夏,,,普通订单,1.95,0,0,0,0,0,0,0,0,0,0,0,-0.01,0,0,0,0,0,0,是-商品卡免佣,0.07,义乌市黎既电子商务商行（个体工商户）,订单结算
2026-04-22 05:20:36,'2026042205203035786142872131,入账,3.84,聚合账户,货款结算入账,小店自卖,'6952003958555940720,'6952003958555940720,'SS76302621878271347350233,2026-04-12 06:03:04,'3779193557823390180,韩系可爱波点大号米菲兔香蕉夹后脑勺盘发巨显发量多时尚百搭发饰,,,普通订单,3.86,0,0,0,0,0,0,0,0,0,0,0,-0.02,0,0,0,0,0,0,是-商品卡免佣,0.15,义乌市黎既电子商务商行（个体工商户）,订单结算
2026-04-22 05:20:36,'2026042205203111032335702131,入账,2.67,聚合账户,货款结算入账,小店自卖,'6952011262936421405,'6952011262936421405,'SS76301387969902351760238,2026-04-12 13:11:56,'3784368456477049055,韩国气质碎钻满天星抓夹女后脑勺半扎发鲨鱼夹发量少百搭发卡头饰,,,普通订单,2.69,0,0,0,0,0,0,0,0,0,0,0,-0.02,0,0,0,0,0,0,是-商品卡免佣,0.15,义乌市黎既电子商务商行（个体工商户）,订单结算
2026-04-22 05:20:36,'2026042205203014893227952131,入账,2.6,聚合账户,货款结算入账,小店自卖,'6925635543996660808,'6925635543996660808,'SS76301629904417142270111,2026-04-16 19:57:54,'3739529509091803226,2025新款带齿防滑头箍不勒头碎发整理发捆头饰高颅顶大波浪发发饰,,,普通订单,2.62,0,0,0,0,0,0,0,0,0,0,0,-0.02,0,0,0,0,0,0,是-商品卡免佣,0.15,义乌市黎既电子商务商行（个体工商户）,订单结算
2026-04-22 05:20:36,'2026042205203040145231822131,入账,6.15,聚合账户,货款结算入账,小店自卖,'6951977033120486460,'6951977033120486460,'SS76302877978451522560161,2026-04-11 22:01:03,'3751345399902896376,儿童发饰后脑勺碎发神器发梳女童刘海插梳整理发卡网红发夹头饰女,,,普通订单,6.19,0.55,0,0,0,0,0,0,0,0,0,0,-0.04,0,0,0,0,0,0,是-商品卡免佣,0.29,义乌市黎既电子商务商行（个体工商户）,订单结算
2026-04-22 05:20:36,'2026042205202928236723722131,入账,5.87,聚合账户,货款结算入账,精选联盟,'6951962822482007317,'6951962822482007317,'SS76304126947301133210179,2026-04-11 12:10:40,'3746531445963882670,高级在逃公主2025新款大号双面蝴蝶结大抓夹气质简约ins网纱发夹,'103828444429,木兮好物,普通订单,6.64,1.15,0,0,0,0,0,0,0,0,0,0,-0.33,-0.44,0,0,0,0,0,,0,义乌市黎既电子商务商行（个体工商户）,订单结算
2026-04-22 05:20:37,'2026042205203208726454222131,入账,3.22,聚合账户,货款结算入账,小店自卖,'6925541825560739364,'6925541825560739364,'SS76304003938227822420086,2026-04-12 16:13:35,'3746153916182692087,法式文艺~复古甜美方巾大肠发圈女高级感ins大号高马尾甜妹发饰,,,普通订单,3.24,0,0,0,0,0,0,0,0,0,0,0,-0.02,0,0,0,0,0,0,是-商品卡免佣,0.15,义乌市黎既电子商务商行（个体工商户）,订单结算
2026-04-22 05:20:37,'2026042205203305248660992131,入账,4.07,聚合账户,货款结算入账,小店自卖,'6925544143275392608,'6925544143275392608,'SS76303941144927275710090,2026-04-12 16:14:50,'3790878995596312771,韩系黑色波点布艺褶皱高马尾香蕉夹竖夹新款豹纹发夹气质百搭发饰,,,普通订单,4.28,0.39,0,0,0,0,0,0,0,0,0,0,-0.21,0,0,0,0,0,0,,0,义乌市黎既电子商务商行（个体工商户）,订单结算
2026-04-22 05:20:37,'2026042205203130299264382131,入账,5.31,聚合账户,货款结算入账,小店自卖,'6925533396882063250,'6925533396882063250,'SS76303712107563584430132,2026-04-12 13:13:18,'3766001784691229117,夏天简约随手盘发一字扭扭夹水钻抓夹高级发夹扭扭后脑勺盘发器,,,普通订单,5.34,0,0,0,0,0,0,0,0,0,0,0,-0.03,0,0,0,0,0,0,是-商品卡免佣,0.22,义乌市黎既电子商务商行（个体工商户）,订单结算
2026-04-22 05:20:37,'2026042205203026408719822131,入账,7.03,聚合账户,货款结算入账,小店自卖,'6925522736147824199,'6925522736147824199,'SS76302878597761114030026,2026-04-11 17:40:53,'3769870193174642697,2025春夏新款轻奢边夹时尚气质一字发夹女后脑勺扭扭夹女,,,普通订单,7.07,0,0,0,0,0,0,0,0,0,0,0,-0.04,0,0,0,0,0,0,是-商品卡免佣,0.29,义乌市黎既电子商务商行（个体工商户）,订单结算
2026-04-22 05:20:58,'2026042205205516190512902131,入账,1.62,聚合账户,货款结算入账,小店自卖,'6925527446308617361,'6925527446308617361,'SS76292095773263793100132,2026-04-11 18:47:57,'3756923172964925538,新款滴油渐变清新蝴蝶抓夹后脑勺抓夹少女心发夹后脑勺抓夹夏季,,,普通订单,3.26,0,0,0,0,0,0,0,0,0,0,-1.63,-0.01,0,0,0,0,0,0,是-商品卡免佣,0.07,义乌市黎既电子商务商行（个体工商户）,订单结算
2026-04-22 05:20:58,'2026042205205138141137922131,入账,4.4,聚合账户,货款结算入账,小店自卖,'6952017589526139989,'6952017589526139989,'SS76303602491781002240050,2026-04-12 12:26:49,'3761395105840365661,高级感水钻满天星发夹女后脑勺盘发神器发卡青蛙夹扭扭夹发卡头饰,,,普通订单,4.63,0,0,0,0,0,0,0,0,0,0,0,-0.23,0,0,0,0,0,0,,0,义乌市黎既电子商务商行（个体工商户）,订单结算
2026-04-22 05:20:58,'2026042205205314557192032131,入账,5.53,聚合账户,货款结算入账,小店自卖,'6952049056771020659,'6952049056771020659,'SS76304910453164815740007,2026-04-13 22:38:07,'3784212171265802285,同款疯狂动物尼克耳朵毛绒发圈头绳秋冬皮筋可爱发绳卡通大肠发饰,,,普通订单,5.56,0.8,0,0,0,0,0,0,0,0,0,0,-0.03,0,0,0,0,0,0,是-商品卡免佣,0.22,义乌市黎既电子商务商行（个体工商户）,订单结算
2026-04-22 05:20:58,'2026042205205202531986262131,入账,5.99,聚合账户,货款结算入账,小店自卖,'6952024446999664436,'6952024446999664436,'SS76304000028602536960229,2026-04-12 16:06:43,'3766001784691229117,夏天简约随手盘发一字扭扭夹水钻抓夹高级发夹扭扭后脑勺盘发器,,,普通订单,6.03,0.69,0,0,0,0,0,0,0,0,0,0,-0.04,0,0,0,0,0,0,是-商品卡免佣,0.29,义乌市黎既电子商务商行（个体工商户）,订单结算
2026-04-22 05:20:58,'2026042205205330710379982131,入账,9.05,聚合账户,货款结算入账,小店自卖,'6925515065745177628,'6925515065745177628,'SS76302889258234519550053,2026-04-11 22:04:34,'3677664591720087699,一次性小橡皮筋女黑色皮套扎头发绳不伤发高弹力头绳儿童发圈弹性,,,普通订单,9.1,1.55,0,0,0,0,0,0,0,0,0,0,-0.05,0,0,0,0,0,0,是-商品卡免佣,0.37,义乌市黎既电子商务商行（个体工商户）,订单结算
2026-04-22 05:22:16,'2026042205221029458767822131,入账,5.02,聚合账户,货款结算入账,小店自卖,'6925517278235229802,'6925517278235229802,'SS76302635597056745220151,2026-04-12 00:56:47,'3790878995596312771,韩系黑色波点布艺褶皱高马尾香蕉夹竖夹新款豹纹发夹气质百搭发饰,,,普通订单,5.05,0,0,0,0,0,0,0,0,0,0,0,-0.03,0,0,0,0,0,0,是-商品卡免佣,0.22,义乌市黎既电子商务商行（个体工商户）,订单结算
2026-04-22 05:22:16,'2026042205221234458219792131,入账,3.87,聚合账户,货款结算入账,小店自卖,'6925527719567326350,'6925527719567326350,'SS76302639442178545070095,2026-04-11 20:52:47,'3790878995596312771,韩系黑色波点布艺褶皱高马尾香蕉夹竖夹新款豹纹发夹气质百搭发饰,,,普通订单,3.89,0,0,0,0,0,0,0,0,0,0,0,-0.02,0,0,0,0,0,0,是-商品卡免佣,0.15,义乌市黎既电子商务商行（个体工商户）,订单结算
2026-04-22 05:22:16,'2026042205221108149898742131,入账,2.96,聚合账户,货款结算入账,小店自卖,'6952003247513277611,'6952003247513277611,'SS76303256876687365270075,2026-04-11 18:59:19,'3812023800187453445,网红爆款波点黑白色布艺海绵发箍女高颅顶显脸小头箍气质外出发卡,,,普通订单,2.98,0,0,0,0,0,0,0,0,0,0,0,-0.02,0,0,0,0,0,0,是-商品卡免佣,0.15,义乌市黎既电子商务商行（个体工商户）,订单结算
2026-04-22 05:22:16,'2026042205220938810258022131,入账,3.68,聚合账户,货款结算入账,小店自卖,'6952019937038767518,'6952019937038767518,'SS76303729278631611420148,2026-04-12 11:08:09,'3809235146834575749,可爱新春小狗香蕉夹女高马尾扭扭夹红色竖夹高级感2026韩新款发夹,,,普通订单,3.7,0,0,0,0,0,0,0,0,0,0,0,-0.02,0,0,0,0,0,0,是-商品卡免佣,0.15,义乌市黎既电子商务商行（个体工商户）,订单结算
2026-04-22 05:22:16,'2026042205221204495280742131,入账,3.81,聚合账户,货款结算入账,小店自卖,'6952003896593749740,'6952003896593749740,'SS76302639598828631190100,2026-04-12 01:36:08,'3784368456477049055,韩国气质碎钻满天星抓夹女后脑勺半扎发鲨鱼夹发量少百搭发卡头饰,,,普通订单,3.83,0,0,0,0,0,0,0,0,0,0,0,-0.02,0,0,0,0,0,0,是-商品卡免佣,0.15,义乌市黎既电子商务商行（个体工商户）,订单结算
2026-04-22 05:22:34,'2026042205222923718344142131,入账,2.67,聚合账户,货款结算入账,小店自卖,'6925519177823321571,'6925519177823321571,'SS76302635563671762380141,2026-04-11 23:28:22,'3784368456477049055,韩国气质碎钻满天星抓夹女后脑勺半扎发鲨鱼夹发量少百搭发卡头饰,,,普通订单,2.69,0,0,0,0,0,0,0,0,0,0,0,-0.02,0,0,0,0,0,0,是-商品卡免佣,0.15,义乌市黎既电子商务商行（个体工商户）,订单结算
2026-04-22 05:22:34,'2026042205222908140884912131,入账,2.56,聚合账户,货款结算入账,小店自卖,'6951983526346167771,'6951983526346167771,'SS76303238189506562980026,2026-04-11 19:34:36,'3809235146834575749,可爱新春小狗香蕉夹女高马尾扭扭夹红色竖夹高级感2026韩新款发夹,,,普通订单,2.58,0,0,0,0,0,0,0,0,0,0,0,-0.02,0,0,0,0,0,0,是-商品卡免佣,0.15,义乌市黎既电子商务商行（个体工商户）,订单结算
2026-04-22 05:22:34,'2026042205222919129802872131,入账,2.94,聚合账户,货款结算入账,小店自卖,'6952006652459619854,'6952006652459619854,'SS76303692340699510280004,2026-04-12 13:04:35,'3769870193174642697,2025春夏新款轻奢边夹时尚气质一字发夹女后脑勺扭扭夹女,,,普通订单,2.96,0,0,0,0,0,0,0,0,0,0,0,-0.02,0,0,0,0,0,0,是-商品卡免佣,0.15,义乌市黎既电子商务商行（个体工商户）,订单结算
2026-04-22 05:22:34,'2026042205222940225674512131,入账,2.81,聚合账户,货款结算入账,小店自卖,'6925548399681895521,'6925548399681895521,'SS76303705868668318720071,2026-04-12 15:08:55,'3790878995596312771,韩系黑色波点布艺褶皱高马尾香蕉夹竖夹新款豹纹发夹气质百搭发饰,,,普通订单,2.83,0.39,0,0,0,0,0,0,0,0,0,0,-0.02,0,0,0,0,0,0,是-商品卡免佣,0.15,义乌市黎既电子商务商行（个体工商户）,订单结算
2026-04-22 05:22:34,'2026042205223104321124262131,入账,22.05,聚合账户,货款结算入账,小店自卖,'6951999698057631582,'6951999698057631582,'SS76303262072377513460214,2026-04-12 11:27:20,'3751318109814915562,儿童压发箍女带齿防滑发夹2025新款女孩碎发神器女童可爱发夹发卡,,,普通订单,22.18,0.8,0,0,0,0,0,0,0,0,0,0,-0.13,0,0,0,0,0,0,是-商品卡免佣,0.95,义乌市黎既电子商务商行（个体工商户）,订单结算
2026-04-22 05:22:52,'2026042205224711462254462131,入账,2.31,聚合账户,货款结算入账,小店自卖,'6925602205221616835,'6925602205221616835,'SS76303669532862553690066,2026-04-15 11:30:24,'3763931752305918373,多发量大号香蕉夹~韩国FRANCE竖夹后脑勺马尾夹发夹豹纹法式扭夹,,,普通订单,2.32,0.9,0,0,0,0,0,0,0,0,0,0,-0.01,0,0,0,0,0,0,是-商品卡免佣,0.07,义乌市黎既电子商务商行（个体工商户）,订单结算
2026-04-22 05:22:52,'2026042205224601096916742131,入账,3.75,聚合账户,货款结算入账,小店自卖,'6925517015381736746,'6925517015381736746,'SS76302679081280315230041,2026-04-11 23:02:56,'3746150076641313252,网红简约ins纯色宽边发带高颅顶白色发箍女运动健身夏季头饰发饰,,,普通订单,3.77,0.9,0,0,0,0,0,0,0,0,0,0,-0.02,0,0,0,0,0,0,是-商品卡免佣,0.15,义乌市黎既电子商务商行（个体工商户）,订单结算
2026-04-22 05:22:52,'2026042205224720541977692131,入账,3.68,聚合账户,货款结算入账,小店自卖,'6952061615314310612,'6952061615314310612,'SS76304271902045353390249,2026-04-14 18:35:35,'3809235146834575749,可爱新春小狗香蕉夹女高马尾扭扭夹红色竖夹高级感2026韩新款发夹,,,普通订单,3.7,0,0,0,0,0,0,0,0,0,0,0,-0.02,0,0,0,0,0,0,是-商品卡免佣,0.15,义乌市黎既电子商务商行（个体工商户）,订单结算
2026-04-22 05:22:52,'2026042205224511966712412131,入账,3.14,聚合账户,货款结算入账,小店自卖,'6925677147587640649,'6925677147587640649,'SS76304099372486008580012,2026-04-18 08:02:24,'3796640026289373330,蝴蝶结鸭嘴夹小香风毛呢爆款发夹后脑勺气质洋气盘发一字夹子,,,普通订单,3.16,0,0,0,0,0,0,0,0,0,0,0,-0.02,0,0,0,0,0,0,是-商品卡免佣,0.15,义乌市黎既电子商务商行（个体工商户）,订单结算
2026-04-22 05:22:52,'2026042205224509868907982131,入账,3.75,聚合账户,货款结算入账,小店自卖,'6952008274517628120,'6952008274517628120,'SS76302681025302738300101,2026-04-12 04:51:48,'3746150076641313252,网红简约ins纯色宽边发带高颅顶白色发箍女运动健身夏季头饰发饰,,,普通订单,3.77,0.9,0,0,0,0,0,0,0,0,0,0,-0.02,0,0,0,0,0,0,是-商品卡免佣,0.15,义乌市黎既电子商务商行（个体工商户）,订单结算
2026-04-22 05:24:57,'2026042205245205999823822131,入账,3.25,聚合账户,货款结算入账,小店自卖,'6951988850817766432,'6951988850817766432,'SS76303288317243888790215,2026-04-12 11:00:04,'3746529925562237053,满钻星星碎发整理神器隐形碎发梳女儿童固定头发夹子拉拉梳头饰,,,普通订单,3.27,0,0,0,0,0,0,0,0,0,0,0,-0.02,0,0,0,0,0,0,是-商品卡免佣,0.15,义乌市黎既电子商务商行（个体工商户）,订单结算
2026-04-22 05:24:57,'2026042205245200972726262131,入账,5.66,聚合账户,货款结算入账,小店自卖,'6952015393216861871,'6952015393216861871,'SS76304004083258007450070,2026-04-12 11:55:41,'3746153916182692087,法式文艺~复古甜美方巾大肠发圈女高级感ins大号高马尾甜妹发饰,,,普通订单,5.69,0,0,0,0,0,0,0,0,0,0,0,-0.03,0,0,0,0,0,0,是-商品卡免佣,0.22,义乌市黎既电子商务商行（个体工商户）,订单结算
2026-04-22 05:24:57,'2026042205245101894036742131,入账,3.63,聚合账户,货款结算入账,小店自卖,'6952008348076873433,'6952008348076873433,'SS76302879107477673110038,2026-04-12 06:40:06,'3807763574974186291,气质高级亮黑色大号鲨鱼抓夹女后脑勺时尚发卡巨能抓头饰2026新款,,,普通订单,3.65,0,0,0,0,0,0,0,0,0,0,0,-0.02,0,0,0,0,0,0,是-商品卡免佣,0.15,义乌市黎既电子商务商行（个体工商户）,订单结算
2026-04-22 05:24:57,'2026042205245139142405552131,入账,1.66,聚合账户,货款结算入账,精选联盟,'6925526429738696116,'6925526429738696116,'SS76303253656925806420034,2026-04-12 09:07:21,'3746529925562237053,满钻星星碎发整理神器隐形碎发梳女儿童固定头发夹子拉拉梳头饰,'95957951689,菲菲优选,普通订单,1.89,0.39,0,0,0,0,0,0,0,0,0,0,-0.09,-0.14,0,0,0,0,0,,0,义乌市黎既电子商务商行（个体工商户）,订单结算
2026-04-22 05:24:57,'2026042205245107729157552131,入账,7.03,聚合账户,货款结算入账,小店自卖,'6925543638456762344,'6925543638456762344,'SS76303289298487058350132,2026-04-12 12:03:38,'3769870193174642697,2025春夏新款轻奢边夹时尚气质一字发夹女后脑勺扭扭夹女,,,普通订单,7.07,0,0,0,0,0,0,0,0,0,0,0,-0.04,0,0,0,0,0,0,是-商品卡免佣,0.29,义乌市黎既电子商务商行（个体工商户）,订单结算
2026-04-22 05:25:18,'2026042205251322315668632131,入账,4.64,聚合账户,货款结算入账,小店自卖,'6951980860394837487,'6951980860394837487,'SS76303974395686794870166,2026-04-11 17:08:25,'3796640026289373330,蝴蝶结鸭嘴夹小香风毛呢爆款发夹后脑勺气质洋气盘发一字夹子,,,普通订单,4.88,0,0,0,0,0,0,0,0,0,0,0,-0.24,0,0,0,0,0,0,,0,义乌市黎既电子商务商行（个体工商户）,订单结算
2026-04-22 05:25:18,'2026042205251404707333222131,入账,2.86,聚合账户,货款结算入账,小店自卖,'6952003095915206436,'6952003095915206436,'SS76302878029287265820029,2026-04-11 16:23:23,'3761395105840365661,高级感水钻满天星发夹女后脑勺盘发神器发卡青蛙夹扭扭夹发卡头饰,,,普通订单,2.88,0,0,0,0,0,0,0,0,0,0,0,-0.02,0,0,0,0,0,0,是-商品卡免佣,0.15,义乌市黎既电子商务商行（个体工商户）,订单结算
2026-04-22 05:25:18,'2026042205251328191831132131,入账,2.67,聚合账户,货款结算入账,小店自卖,'6952114164400527108,'6952114164400527108,'SS76303780169923630430244,2026-04-15 20:47:49,'3784368456477049055,韩国气质碎钻满天星抓夹女后脑勺半扎发鲨鱼夹发量少百搭发卡头饰,,,普通订单,2.69,0,0,0,0,0,0,0,0,0,0,0,-0.02,0,0,0,0,0,0,是-商品卡免佣,0.15,义乌市黎既电子商务商行（个体工商户）,订单结算
2026-04-22 05:25:18,'2026042205250818688783722131,入账,2.81,聚合账户,货款结算入账,小店自卖,'6925533169994202581,'6925533169994202581,'SS76303702869567288840192,2026-04-12 11:54:07,'3790878995596312771,韩系黑色波点布艺褶皱高马尾香蕉夹竖夹新款豹纹发夹气质百搭发饰,,,普通订单,2.83,0.39,0,0,0,0,0,0,0,0,0,0,-0.02,0,0,0,0,0,0,是-商品卡免佣,0.15,义乌市黎既电子商务商行（个体工商户）,订单结算
2026-04-22 05:25:18,'2026042205251227487117222131,入账,2.84,聚合账户,货款结算入账,小店自卖,'6925663472574102889,'6925663472574102889,'SS76303608027299356510135,2026-04-17 21:50:01,'3811458318451474931,韩国发夹横夹头饰妈妈新款盘发后脑勺高档水钻头发大号鸭嘴发发饰,,,普通订单,2.86,0,0,0,0,0,0,0,0,0,0,0,-0.02,0,0,0,0,0,0,是-商品卡免佣,0.15,义乌市黎既电子商务商行（个体工商户）,订单结算
2026-04-22 05:25:18,'2026042205251130421652892131,入账,3.81,聚合账户,货款结算入账,小店自卖,'6925535369451241140,'6925535369451241140,'SS76303719141502651150075,2026-04-12 10:47:46,'3784368456477049055,韩国气质碎钻满天星抓夹女后脑勺半扎发鲨鱼夹发量少百搭发卡头饰,,,普通订单,3.83,0,0,0,0,0,0,0,0,0,0,0,-0.02,0,0,0,0,0,0,是-商品卡免佣,0.15,义乌市黎既电子商务商行（个体工商户）,订单结算
2026-04-22 05:25:18,'2026042205251437503677542131,入账,3.82,聚合账户,货款结算入账,小店自卖,'6952002720875484222,'6952002720875484222,'SS76304003851150464340220,2026-04-12 15:47:55,'3747824183825006914,卡通可爱朱迪尼克同款毛绒耳朵大肠发圈不伤发皮筋发绳女2025新款,,,普通订单,3.84,0.8,0,0,0,0,0,0,0,0,0,0,-0.02,0,0,0,0,0,0,是-商品卡免佣,0.15,义乌市黎既电子商务商行（个体工商户）,订单结算
2026-04-22 05:25:18,'2026042205251216071887902131,入账,2.15,聚合账户,货款结算入账,小店自卖,'6925510781807328657,'6925510781807328657,'SS76302639653442521940145,2026-04-11 00:45:26,'3806293802847699345,韩式豹纹波点褶皱高级扭扭马尾卡通风香蕉发夹后脑勺显发发卡头饰,,,普通订单,2.16,0,0,0,0,0,0,0,0,0,0,0,-0.01,0,0,0,0,0,0,是-商品卡免佣,0.07,义乌市黎既电子商务商行（个体工商户）,订单结算
2026-04-22 05:25:19,'2026042205251325127695992131,入账,5.31,聚合账户,货款结算入账,小店自卖,'6925531911526186370,'6925531911526186370,'SS76302878605123100580220,2026-04-11 21:55:01,'3746537843460276460,简约高颜值透明发抓后脑勺发抓女超仙夏日甜系2025新款高级鲨鱼夹,,,普通订单,5.34,1.15,0,0,0,0,0,0,0,0,0,0,-0.03,0,0,0,0,0,0,是-商品卡免佣,0.22,义乌市黎既电子商务商行（个体工商户）,订单结算
2026-04-22 05:25:19,'2026042205251224804401072131,入账,2.56,聚合账户,货款结算入账,小店自卖,'6925529665018232693,'6925529665018232693,'SS76302626837633436500221,2026-04-11 17:47:08,'3809235146834575749,可爱新春小狗香蕉夹女高马尾扭扭夹红色竖夹高级感2026韩新款发夹,,,普通订单,2.58,0,0,0,0,0,0,0,0,0,0,0,-0.02,0,0,0,0,0,0,是-商品卡免佣,0.15,义乌市黎既电子商务商行（个体工商户）,订单结算
2026-04-22 05:25:40,'2026042205253410993016722131,入账,2.32,聚合账户,货款结算入账,精选联盟,'6952124969804502451,'6952124969804502451,'SS76304192802573399130118,2026-04-16 22:47:54,'3809235146834575749,可爱新春小狗香蕉夹女高马尾扭扭夹红色竖夹高级感2026韩新款发夹,'0,,普通订单,0.01,0,0,2.57,0,0,0,0,0,0,0,0,-0.13,0,0,0,0,-0.13,0,,0,义乌市黎既电子商务商行（个体工商户）,订单结算
2026-04-22 05:25:40,'2026042205253506055042922131,入账,1.48,聚合账户,货款结算入账,小店自卖,'6925516724665351638,'6925516724665351638,'SS76302878858813775620153,2026-04-11 21:06:51,'3751357236916650172,甜美蝴蝶结少女风发圈蕾丝双层温柔韩版橡皮筋时少女蕾丝发圈,,,普通订单,0.01,0,0,1.48,0,0,0,0,0,0,0,0,-0.01,0,0,0,0,0,0,是-商品卡免佣,0.07,义乌市黎既电子商务商行（个体工商户）,订单结算
2026-04-22 05:25:40,'2026042205253405084452262131,入账,2.66,聚合账户,货款结算入账,精选联盟,'6925575734650436676,'6925575734650436676,'SS76304766258801546580081,2026-04-14 01:14:28,'3807763574974186291,气质高级亮黑色大号鲨鱼抓夹女后脑勺时尚发卡巨能抓头饰2026新款,'0,,普通订单,0.01,0,0,2.95,0,0,0,0,0,0,0,0,-0.15,0,0,0,0,-0.15,0,,0,义乌市黎既电子商务商行（个体工商户）,订单结算
2026-04-22 05:25:40,'2026042205253329832809302131,入账,4.61,聚合账户,货款结算入账,小店自卖,'6951990480909047488,'6951990480909047488,'SS76302879213845714340229,2026-04-12 00:18:35,'3768982715341340864,可爱卡通法式珍珠三角抓夹女新款发量多发夹后脑勺高级感鲨鱼夹,,,普通订单,4.64,0.49,0,0,0,0,0,0,0,0,0,0,-0.03,0,0,0,0,0,0,是-商品卡免佣,0.22,义乌市黎既电子商务商行（个体工商户）,订单结算
2026-04-22 05:25:40,'2026042205253540351708572131,入账,2.43,聚合账户,货款结算入账,精选联盟,'6925656556897599001,'6925656556897599001,'SS76304738851641270100119,2026-04-17 13:01:10,'3784368456477049055,韩国气质碎钻满天星抓夹女后脑勺半扎发鲨鱼夹发量少百搭发卡头饰,'0,,普通订单,0.01,0,0,2.68,0,0,0,0,0,0,0,0,-0.13,0,0,0,0,-0.13,0,,0,义乌市黎既电子商务商行（个体工商户）,订单结算
2026-04-22 05:25:58,'2026042205255236660352402131,入账,2.67,聚合账户,货款结算入账,小店自卖,'6951642859830711830,'6951642859830711830,'SS76303800460666964940128,2026-03-28 14:30:52,'3784368456477049055,韩国气质碎钻满天星抓夹女后脑勺半扎发鲨鱼夹发量少百搭发卡头饰,,,普通订单,0.01,0,0,2.68,0,0,0,0,0,0,0,0,-0.02,0,0,0,0,0,0,是-商品卡免佣,0.15,义乌市黎既电子商务商行（个体工商户）,订单结算
2026-04-22 05:25:58,'2026042205255321574126432131,入账,2.43,聚合账户,货款结算入账,精选联盟,'6952080586439857830,'6952080586439857830,'SS76303156809498670350153,2026-04-15 15:06:35,'3784368456477049055,韩国气质碎钻满天星抓夹女后脑勺半扎发鲨鱼夹发量少百搭发卡头饰,'0,,普通订单,0.01,0,0,2.68,0,0,0,0,0,0,0,0,-0.13,0,0,0,0,-0.13,0,,0,义乌市黎既电子商务商行（个体工商户）,订单结算
2026-04-22 05:25:58,'2026042205255335661749852131,入账,1.95,聚合账户,货款结算入账,小店自卖,'6925637828215471785,'6925637828215471785,'SS76304802301142305690211,2026-04-16 19:54:34,'3806280662462366067,kitty猫~刘海贴精致可爱甜美少女棉花糖猫兔碎发贴魔术贴无痕发饰,,,普通订单,0.01,0,0,1.95,0,0,0,0,0,0,0,0,-0.01,0,0,0,0,0,0,是-商品卡免佣,0.07,义乌市黎既电子商务商行（个体工商户）,订单结算
2026-04-22 05:25:58,'2026042205255138850073752131,入账,4.77,聚合账户,货款结算入账,小店自卖,'6951990994751854123,'6951990994751854123,'SS76303260833169904990140,2026-04-12 11:12:52,'3808343037030039986,韩版新款水钻珠子花朵中号抓夹女后脑勺洋气盘发夹时尚半扎鲨鱼夹,,,普通订单,4.8,0,0,0,0,0,0,0,0,0,0,0,-0.03,0,0,0,0,0,0,是-商品卡免佣,0.22,义乌市黎既电子商务商行（个体工商户）,订单结算
2026-04-22 05:25:58,'2026042205255322621888512131,入账,2.43,聚合账户,货款结算入账,精选联盟,'6925601980493692077,'6925601980493692077,'SS76304669614151273050022,2026-04-15 09:39:49,'3784368456477049055,韩国气质碎钻满天星抓夹女后脑勺半扎发鲨鱼夹发量少百搭发卡头饰,'0,,普通订单,0.01,0,0,2.68,0,0,0,0,0,0,0,0,-0.13,0,0,0,0,-0.13,0,,0,义乌市黎既电子商务商行（个体工商户）,订单结算
2026-04-22 05:26:10,'2026042205260526822784512131,入账,7.41,聚合账户,货款结算入账,小店自卖,'6925528080310893650,'6925528080310893650,'SS76302878522373125120173,2026-04-11 22:44:13,'3673424694561865791,薄款牛油果绿系列小丝巾缠包模特搭配装饰品扎头发绑发飘带发带,,,普通订单,7.45,1.55,0,0,0,0,0,0,0,0,0,0,-0.04,0,0,0,0,0,0,是-商品卡免佣,0.29,义乌市黎既电子商务商行（个体工商户）,订单结算
2026-04-22 05:26:10,'2026042205260408859819622131,入账,8.87,聚合账户,货款结算入账,小店自卖,'6925543610970570101,'6925543610970570101,'SS76303262037197788560213,2026-04-12 11:53:32,'3673388116573553024,花朵儿童盘发神器新款宝宝丸子头盘发器宝宝扎头神器头饰发饰女孩,,,普通订单,8.92,0.55,0,0,0,0,0,0,0,0,0,0,-0.05,0,0,0,0,0,0,是-商品卡免佣,0.37,义乌市黎既电子商务商行（个体工商户）,订单结算
2026-04-22 05:26:10,'2026042205260427654436302131,入账,4.46,聚合账户,货款结算入账,小店自卖,'6925514172781199312,'6925514172781199312,'SS76302878191322729050045,2026-04-11 15:31:06,'3674035372330975515,束发带女防滑简约敷面膜头箍头套韩版学生可爱发箍头饰发饰小动物,,,普通订单,4.49,0.9,0,0,0,0,0,0,0,0,0,0,-0.03,0,0,0,0,0,0,是-商品卡免佣,0.22,义乌市黎既电子商务商行（个体工商户）,订单结算
2026-04-22 05:26:10,'2026042205260510625234382131,入账,2.67,聚合账户,货款结算入账,小店自卖,'6925529980308651765,'6925529980308651765,'SS76302633562574730620014,2026-04-11 20:21:36,'3784368456477049055,韩国气质碎钻满天星抓夹女后脑勺半扎发鲨鱼夹发量少百搭发卡头饰,,,普通订单,2.69,0,0,0,0,0,0,0,0,0,0,0,-0.02,0,0,0,0,0,0,是-商品卡免佣,0.15,义乌市黎既电子商务商行（个体工商户）,订单结算
2026-04-22 05:26:10,'2026042205260404032763392131,入账,2.67,聚合账户,货款结算入账,小店自卖,'6952008436843419382,'6952008436843419382,'SS76303550961776891340142,2026-04-12 08:06:57,'3784368456477049055,韩国气质碎钻满天星抓夹女后脑勺半扎发鲨鱼夹发量少百搭发卡头饰,,,普通订单,2.69,0,0,0,0,0,0,0,0,0,0,0,-0.02,0,0,0,0,0,0,是-商品卡免佣,0.15,义乌市黎既电子商务商行（个体工商户）,订单结算
2026-04-22 05:26:26,'2026042205262014986777862131,入账,4.4,聚合账户,货款结算入账,小店自卖,'6925538893116308584,'6925538893116308584,'SS76303239048311281070032,2026-04-12 09:22:49,'3761395105840365661,高级感水钻满天星发夹女后脑勺盘发神器发卡青蛙夹扭扭夹发卡头饰,,,普通订单,4.63,0,0,0,0,0,0,0,0,0,0,0,-0.23,0,0,0,0,0,0,,0,义乌市黎既电子商务商行（个体工商户）,订单结算
2026-04-22 05:26:26,'2026042205262113636570142131,入账,2.81,聚合账户,货款结算入账,小店自卖,'6952000045023696267,'6952000045023696267,'SS76303706041934034020197,2026-04-12 15:16:47,'3790878995596312771,韩系黑色波点布艺褶皱高马尾香蕉夹竖夹新款豹纹发夹气质百搭发饰,,,普通订单,2.83,0.39,0,0,0,0,0,0,0,0,0,0,-0.02,0,0,0,0,0,0,是-商品卡免佣,0.15,义乌市黎既电子商务商行（个体工商户）,订单结算
2026-04-22 05:26:26,'2026042205262036337587662131,入账,3.89,聚合账户,货款结算入账,小店自卖,'6925510376983854167,'6925510376983854167,'SS76302661792826332500078,2026-04-11 20:00:49,'3807732934811713667,新款牡丹花羽毛抓夹女高颜值轻奢时尚百搭鲨鱼夹发饰头饰夹发神器,,,普通订单,3.91,0,0,0,0,0,0,0,0,0,0,0,-0.02,0,0,0,0,0,0,是-商品卡免佣,0.15,义乌市黎既电子商务商行（个体工商户）,订单结算
2026-04-22 05:26:26,'2026042205262134775206762131,入账,2.86,聚合账户,货款结算入账,小店自卖,'6951983665889285244,'6951983665889285244,'SS76302878475229148420079,2026-04-11 20:45:54,'3761395105840365661,高级感水钻满天星发夹女后脑勺盘发神器发卡青蛙夹扭扭夹发卡头饰,,,普通订单,2.88,0,0,0,0,0,0,0,0,0,0,0,-0.02,0,0,0,0,0,0,是-商品卡免佣,0.15,义乌市黎既电子商务商行（个体工商户）,订单结算
2026-04-22 05:26:26,'2026042205262140516979562131,入账,3.41,聚合账户,货款结算入账,小店自卖,'6951994753158944456,'6951994753158944456,'SS76302878566065282820230,2026-04-11 20:53:32,'3673388116573553024,花朵儿童盘发神器新款宝宝丸子头盘发器宝宝扎头神器头饰发饰女孩,,,普通订单,3.43,0.55,0,0,0,0,0,0,0,0,0,0,-0.02,0,0,0,0,0,0,是-商品卡免佣,0.15,义乌市黎既电子商务商行（个体工商户）,订单结算
2026-04-22 05:27:05,'2026042205265909988999742131,入账,3.75,聚合账户,货款结算入账,小店自卖,'6925623757216513830,'6925623757216513830,'SS76303520240703738980143,2026-04-16 08:47:34,'3746150076641313252,网红简约ins纯色宽边发带高颅顶白色发箍女运动健身夏季头饰发饰,,,普通订单,3.77,0.9,0,0,0,0,0,0,0,0,0,0,-0.02,0,0,0,0,0,0,是-商品卡免佣,0.15,义乌市黎既电子商务商行（个体工商户）,订单结算
2026-04-22 05:27:05,'2026042205265928402037762131,入账,10.88,聚合账户,货款结算入账,小店自卖,'6951999704786867556,'6951999704786867556,'SS76303889697263457910119,2026-04-12 11:11:49,'3796640026289373330,蝴蝶结鸭嘴夹小香风毛呢爆款发夹后脑勺气质洋气盘发一字夹子,,,普通订单,10.95,0,0,0,0,0,0,0,0,0,0,0,-0.07,0,0,0,0,0,0,是-商品卡免佣,0.51,义乌市黎既电子商务商行（个体工商户）,订单结算
2026-04-22 05:27:05,'2026042205270016152171862131,入账,2.98,聚合账户,货款结算入账,小店自卖,'6952004551142545029,'6952004551142545029,'SS76303692302232294660240,2026-04-12 13:03:43,'3752640296001863810,儿童网红卡通发夹韩国公主头饰碎发BB碎发可爱女童碎发发卡,,,普通订单,1,0,0,2,0,0,0,0,0,0,0,0,-0.02,0,0,0,0,0,0,是-商品卡免佣,0.15,义乌市黎既电子商务商行（个体工商户）,订单结算
2026-04-22 05:27:05,'2026042205270020932692482131,入账,2.67,聚合账户,货款结算入账,小店自卖,'6952028673410143730,'6952028673410143730,'SS76303958497089789850042,2026-04-13 15:00:04,'3784368456477049055,韩国气质碎钻满天星抓夹女后脑勺半扎发鲨鱼夹发量少百搭发卡头饰,,,普通订单,2.69,0,0,0,0,0,0,0,0,0,0,0,-0.02,0,0,0,0,0,0,是-商品卡免佣,0.15,义乌市黎既电子商务商行（个体工商户）,订单结算
2026-04-22 05:27:05,'2026042205265910203630712131,入账,3.87,聚合账户,货款结算入账,小店自卖,'6925522949248482369,'6925522949248482369,'SS76302660066130539790143,2026-04-11 19:50:21,'3807732934811713667,新款牡丹花羽毛抓夹女高颜值轻奢时尚百搭鲨鱼夹发饰头饰夹发神器,,,普通订单,3.89,0,0,0,0,0,0,0,0,0,0,0,-0.02,0,0,0,0,0,0,是-商品卡免佣,0.15,义乌市黎既电子商务商行（个体工商户）,订单结算
2026-04-22 05:27:14,'2026042205271020307806992131,入账,1.91,聚合账户,货款结算入账,小店自卖,'6925610995160678082,'6925610995160678082,'SS76303124416211520520090,2026-04-15 14:57:04,'3776769690882408946,简约三角形头发抓夹高级鲨鱼夹2025秋冬新款发夹后脑勺盘发夹子女,,,普通订单,0.01,0,0,1.91,0,0,0,0,0,0,0,0,-0.01,0,0,0,0,0,0,是-商品卡免佣,0.07,义乌市黎既电子商务商行（个体工商户）,订单结算
2026-04-22 05:27:14,'2026042205270900183667472131,入账,1.5,聚合账户,货款结算入账,精选联盟,'6925596346668711393,'6925596346668711393,'SS76304159930843469200136,2026-04-14 18:51:52,'3744270820160176625,花朵少女发夹bb边夹侧边氛围感拍照刘海夹前额发卡春天头饰发饰,'0,,普通订单,0.01,0,0,1.72,0,0,0,0,0,0,0,0,-0.09,0,0,0,0,-0.14,0,,0,义乌市黎既电子商务商行（个体工商户）,订单结算
2026-04-22 05:27:14,'2026042205270824758892022131,入账,2.43,聚合账户,货款结算入账,精选联盟,'6952003704672229101,'6952003704672229101,'SS76302635492310228840107,2026-04-11 23:17:25,'3784368456477049055,韩国气质碎钻满天星抓夹女后脑勺半扎发鲨鱼夹发量少百搭发卡头饰,'0,,普通订单,0.01,0,0,2.68,0,0,0,0,0,0,0,0,-0.13,0,0,0,0,-0.13,0,,0,义乌市黎既电子商务商行（个体工商户）,订单结算
2026-04-22 05:27:14,'2026042205270912591601102131,入账,3.45,聚合账户,货款结算入账,精选联盟,'6925510524440772361,'6925510524440772361,'SS76302638506924283140187,2026-04-11 20:58:27,'3784368456477049055,韩国气质碎钻满天星抓夹女后脑勺半扎发鲨鱼夹发量少百搭发卡头饰,'0,,普通订单,0.83,0,0,3,0,0,0,0,0,0,0,0,-0.19,0,0,0,0,-0.19,0,,0,义乌市黎既电子商务商行（个体工商户）,订单结算
2026-04-22 05:27:14,'2026042205270840080348252131,入账,1.95,聚合账户,货款结算入账,小店自卖,'6925590134025715368,'6925590134025715368,'SS76304477172526287720136,2026-04-14 20:13:26,'3806280662462366067,kitty猫~刘海贴精致可爱甜美少女棉花糖猫兔碎发贴魔术贴无痕发饰,,,普通订单,0.01,0,0,1.95,0,0,0,0,0,0,0,0,-0.01,0,0,0,0,0,0,是-商品卡免佣,0.07,义乌市黎既电子商务商行（个体工商户）,订单结算
2026-04-22 05:27:19,'2026042205271429746956862131,入账,8.29,聚合账户,货款结算入账,小店自卖,'6925538255398469514,'6925538255398469514,'SS76303997551532280820104,2026-04-12 16:32:03,'3673388116573553024,花朵儿童盘发神器新款宝宝丸子头盘发器宝宝扎头神器头饰发饰女孩,,,普通订单,8.34,0.55,0,0,0,0,0,0,0,0,0,0,-0.05,0,0,0,0,0,0,是-商品卡免佣,0.37,义乌市黎既电子商务商行（个体工商户）,订单结算
2026-04-22 05:27:19,'2026042205271502351275882131,入账,5.13,聚合账户,货款结算入账,小店自卖,'6925523565806845144,'6925523565806845144,'SS76302680160056161370064,2026-04-11 23:45:18,'3779557846111355234,韩系简约秋冬新款宽边麂皮绒发箍高颅顶压发头箍高级感洋气发卡女,,,普通订单,5.07,0.9,0,0.33,0,0,0,0,0,0,0,0,-0.27,0,0,0,0,0,0,,0,义乌市黎既电子商务商行（个体工商户）,订单结算
2026-04-22 05:27:19,'2026042205271402191898232131,入账,4.85,聚合账户,货款结算入账,小店自卖,'6925525156877204871,'6925525156877204871,'SS76302878491410276300070,2026-04-11 18:36:27,'3796640026289373330,蝴蝶结鸭嘴夹小香风毛呢爆款发夹后脑勺气质洋气盘发一字夹子,,,普通订单,4.88,0,0,0,0,0,0,0,0,0,0,0,-0.03,0,0,0,0,0,0,是-商品卡免佣,0.22,义乌市黎既电子商务商行（个体工商户）,订单结算
2026-04-22 05:27:19,'2026042205271415661304752131,入账,3.87,聚合账户,货款结算入账,小店自卖,'6925531737258688164,'6925531737258688164,'SS76303734778243650920156,2026-04-12 13:18:15,'3807732934811713667,新款牡丹花羽毛抓夹女高颜值轻奢时尚百搭鲨鱼夹发饰头饰夹发神器,,,普通订单,0.01,0,0,3.88,0,0,0,0,0,0,0,0,-0.02,0,0,0,0,0,0,是-商品卡免佣,0.15,义乌市黎既电子商务商行（个体工商户）,订单结算
2026-04-22 05:27:19,'2026042205271507341839782131,入账,2.71,聚合账户,货款结算入账,精选联盟,'6925521621723152321,'6925521621723152321,'SS76302888852095962230013,2026-04-12 01:00:03,'3677662603133452394,儿童拉发针编发器大小号基础编发扎头发穿发棒懒人编发固定神器女,'0,,普通订单,2.43,1.15,0,0.58,0,0,0,0,0,0,0,0,-0.15,0,0,0,0,-0.15,0,,0,义乌市黎既电子商务商行（个体工商户）,订单结算
2026-04-22 05:27:31,'2026042205272308309151132131,入账,4.48,聚合账户,货款结算入账,小店自卖,'6952011003346556530,'6952011003346556530,'SS76303262028258391420034,2026-04-12 10:29:47,'3745788060114223511,五角星星水钻发夹女碎发刘海夹子满钻镂空侧边夹后脑勺发卡bb夹,,,普通订单,4.51,0,0,0,0,0,0,0,0,0,0,0,-0.03,0,0,0,0,0,0,是-商品卡免佣,0.22,义乌市黎既电子商务商行（个体工商户）,订单结算
2026-04-22 05:27:31,'2026042205272439901924272131,入账,6.56,聚合账户,货款结算入账,小店自卖,'6952010548520621278,'6952010548520621278,'SS76302879631124897820013,2026-04-12 01:27:52,'3808320804014391432,可爱小熊格纹发夹女款盘发香蕉夹甜美发卡后脑勺马尾竖夹发饰韩系,,,普通订单,6.6,0,0,0,0,0,0,0,0,0,0,0,-0.04,0,0,0,0,0,0,是-商品卡免佣,0.29,义乌市黎既电子商务商行（个体工商户）,订单结算
2026-04-22 05:27:31,'2026042205272627330196842131,入账,7.8,聚合账户,货款结算入账,小店自卖,'6952004845791745677,'6952004845791745677,'SS76303995574022807130052,2026-04-12 16:20:29,'3764303825213718908,韩风珍珠抓夹小号发夹女后脑勺发卡小巧鲨鱼夹发抓迷你小夹子头饰,,,普通订单,7.85,0,0,0,0,0,0,0,0,0,0,0,-0.05,0,0,0,0,0,0,是-商品卡免佣,0.37,义乌市黎既电子商务商行（个体工商户）,订单结算
2026-04-22 05:27:31,'2026042205272613431158032131,入账,2.67,聚合账户,货款结算入账,小店自卖,'6925534894345387333,'6925534894345387333,'SS76303550916621153620215,2026-04-12 07:25:46,'3784368456477049055,韩国气质碎钻满天星抓夹女后脑勺半扎发鲨鱼夹发量少百搭发卡头饰,,,普通订单,2.69,0,0,0,0,0,0,0,0,0,0,0,-0.02,0,0,0,0,0,0,是-商品卡免佣,0.15,义乌市黎既电子商务商行（个体工商户）,订单结算
2026-04-22 05:27:31,'2026042205272636766070122131,入账,3.95,聚合账户,货款结算入账,小店自卖,'6951989639754815139,'6951989639754815139,'SS76302634369311380580138,2026-04-11 15:12:18,'3806293802847699345,韩式豹纹波点褶皱高级扭扭马尾卡通风香蕉发夹后脑勺显发发卡头饰,,,普通订单,3.97,0,0,0,0,0,0,0,0,0,0,0,-0.02,0,0,0,0,0,0,是-商品卡免佣,0.15,义乌市黎既电子商务商行（个体工商户）,订单结算
2026-04-22 05:27:35,'2026042205273041870668952131,入账,5.63,聚合账户,货款结算入账,小店自卖,'6952001186586039632,'6952001186586039632,'SS76302680076757120340212,2026-04-11 19:07:52,'3776769957262655877,美拉德宽边软面毛绒发箍女秋冬柔软不勒头发卡气质高颅顶发捆头箍,,,普通订单,5.66,0,0,0,0,0,0,0,0,0,0,0,-0.03,0,0,0,0,0,0,是-商品卡免佣,0.22,义乌市黎既电子商务商行（个体工商户）,订单结算
2026-04-22 05:27:35,'2026042205272903471324162131,入账,3.87,聚合账户,货款结算入账,小店自卖,'6952001599736190447,'6952001599736190447,'SS76302660172724843620044,2026-04-11 23:02:10,'3807732934811713667,新款牡丹花羽毛抓夹女高颜值轻奢时尚百搭鲨鱼夹发饰头饰夹发神器,,,普通订单,3.89,0,0,0,0,0,0,0,0,0,0,0,-0.02,0,0,0,0,0,0,是-商品卡免佣,0.15,义乌市黎既电子商务商行（个体工商户）,订单结算
2026-04-22 05:27:35,'2026042205272923667349002131,入账,2.22,聚合账户,货款结算入账,小店自卖,'6952013041188148425,'6952013041188148425,'SS76303260936979092480061,2026-04-12 10:00:19,'3677561914218643751,发饰交叉抓夹大号发夹新款盘发卡头饰女简约气质鲨鱼夹后脑勺发爪,,,普通订单,2.23,1.15,0,0,0,0,0,0,0,0,0,0,-0.01,0,0,0,0,0,0,是-商品卡免佣,0.07,义乌市黎既电子商务商行（个体工商户）,订单结算
2026-04-22 05:27:35,'2026042205273107391316882131,入账,4.94,聚合账户,货款结算入账,小店自卖,'6952002842602771653,'6952002842602771653,'SS76304002577167160590014,2026-04-12 16:34:40,'3683590910169448490,新款碎发梳插梳韩版女孩夹子后脑勺刘海整理发夹卡子成年人发头饰,,,普通订单,4.97,0,0,0,0,0,0,0,0,0,0,0,-0.03,0,0,0,0,0,0,是-商品卡免佣,0.22,义乌市黎既电子商务商行（个体工商户）,订单结算
2026-04-22 05:27:35,'2026042205273018927498642131,入账,3.81,聚合账户,货款结算入账,小店自卖,'6951986356064622136,'6951986356064622136,'SS76302639578487037940072,2026-04-12 00:37:34,'3784368456477049055,韩国气质碎钻满天星抓夹女后脑勺半扎发鲨鱼夹发量少百搭发卡头饰,,,普通订单,3.83,0,0,0,0,0,0,0,0,0,0,0,-0.02,0,0,0,0,0,0,是-商品卡免佣,0.15,义乌市黎既电子商务商行（个体工商户）,订单结算
2026-04-22 05:27:51,'2026042205274613216650652131,入账,3.95,聚合账户,货款结算入账,小店自卖,'6925525177627475909,'6925525177627475909,'SS76302634359326152200230,2026-04-11 18:25:45,'3806293802847699345,韩式豹纹波点褶皱高级扭扭马尾卡通风香蕉发夹后脑勺显发发卡头饰,,,普通订单,3.97,0,0,0,0,0,0,0,0,0,0,0,-0.02,0,0,0,0,0,0,是-商品卡免佣,0.15,义乌市黎既电子商务商行（个体工商户）,订单结算
2026-04-22 05:27:51,'2026042205274704404720642131,入账,7.7,聚合账户,货款结算入账,小店自卖,'6951983422803744261,'6951983422803744261,'SS76302878367345096140243,2026-04-11 18:18:43,'3796640026289373330,蝴蝶结鸭嘴夹小香风毛呢爆款发夹后脑勺气质洋气盘发一字夹子,,,普通订单,7.75,0,0,0,0,0,0,0,0,0,0,0,-0.05,0,0,0,0,0,0,是-商品卡免佣,0.37,义乌市黎既电子商务商行（个体工商户）,订单结算
2026-04-22 05:27:51,'2026042205274732591060842131,入账,6.96,聚合账户,货款结算入账,小店自卖,'6925521001601007061,'6925521001601007061,'SS76302878624475715060026,2026-04-11 20:49:45,'3673607243682676924,可爱仿真食物迷你夹奇奇怪怪瓜子玉米发夹搞怪食玩米饭荷包蛋夹子,,,普通订单,7,0,0,0,0,0,0,0,0,0,0,0,-0.04,0,0,0,0,0,0,是-商品卡免佣,0.29,义乌市黎既电子商务商行（个体工商户）,订单结算
2026-04-22 05:31:29,'2026042205312425221373632131,入账,2.56,聚合账户,货款结算入账,小店自卖,'6951999082877818332,'6951999082877818332,'SS76302627989459930060211,2026-04-11 23:00:38,'3809235146834575749,可爱新春小狗香蕉夹女高马尾扭扭夹红色竖夹高级感2026韩新款发夹,,,普通订单,2.58,0,0,0,0,0,0,0,0,0,0,0,-0.02,0,0,0,0,0,0,是-商品卡免佣,0.15,义乌市黎既电子商务商行（个体工商户）,订单结算
2026-04-22 05:31:29,'2026042205312602812977272131,入账,4.95,聚合账户,货款结算入账,小店自卖,'6925651226524811085,'6925651226524811085,'SS76303799116558175070125,2026-04-16 22:09:31,'3812573397322432839,新款密齿香蕉韩系法式波点蕾丝蝴蝶结后脑勺盘发发夹发卡马尾发饰,,,普通订单,0.98,0,0,4,0,0,0,0,0,0,0,0,-0.03,0,0,0,0,0,0,是-商品卡免佣,0.22,义乌市黎既电子商务商行（个体工商户）,订单结算
2026-04-22 05:31:29,'2026042205312527985185642131,入账,6.49,聚合账户,货款结算入账,小店自卖,'6925525727149391625,'6925525727149391625,'SS76302878110743923200040,2026-04-11 22:20:18,'3747262253976649747,夏季女童发饰儿童发带女绑发蝴蝶结编发发夹小女孩公主长飘带发夹,,,普通订单,6.53,0.45,0,0,0,0,0,0,0,0,0,0,-0.04,0,0,0,0,0,0,是-商品卡免佣,0.29,义乌市黎既电子商务商行（个体工商户）,订单结算
2026-04-22 05:31:29,'2026042205312533523474552131,入账,3.76,聚合账户,货款结算入账,小店自卖,'6925648782066941516,'6925648782066941516,'SS76303593695778245550014,2026-04-16 22:13:53,'3806479482789953902,新款蓝楹蝶!甜美氛围感头花侧边夹旅行发卡！早春气质蓝色花朵发夹,,,普通订单,3.55,0,0,0.41,0,0,0,0,0,0,0,0,-0.2,0,0,0,0,0,0,,0,义乌市黎既电子商务商行（个体工商户）,订单结算
2026-04-22 05:31:29,'2026042205312428928783772131,入账,3,聚合账户,货款结算入账,小店自卖,'6952112562604480205,'6952112562604480205,'SS76304248068418647390026,2026-04-16 07:44:11,'3806250082127446374,休闲风创意米菲兔甜美少女刘海贴魔法贴毛绒发帖无痕贴发饰发卡女,,,普通订单,0.02,0,0,3,0,0,0,0,0,0,0,0,-0.02,0,0,0,0,0,0,是-商品卡免佣,0.15,义乌市黎既电子商务商行（个体工商户）,订单结算
2026-04-22 05:31:40,'2026042205313529748270182131,入账,3.95,聚合账户,货款结算入账,小店自卖,'6952001508284306835,'6952001508284306835,'SS76302877756635755870244,2026-04-11 22:07:13,'3758427543376625946,卡通可爱儿童抓夹女童丸子头盘发爪夹小女孩后脑勺公主头饰发饰,,,普通订单,3.97,0,0,0,0,0,0,0,0,0,0,0,-0.02,0,0,0,0,0,0,是-商品卡免佣,0.15,义乌市黎既电子商务商行（个体工商户）,订单结算
2026-04-22 05:31:40,'2026042205313439413724222131,入账,1.98,聚合账户,货款结算入账,小店自卖,'6925524452232953650,'6925524452232953650,'SS76303717734202903500233,2026-04-12 12:20:43,'3756927908359307402,包包丝巾卡其裸色系百搭韩版ins风飘带扎发发带装饰扎头发头饰,,,普通订单,1.99,0,0,0,0,0,0,0,0,0,0,0,-0.01,0,0,0,0,0,0,是-商品卡免佣,0.07,义乌市黎既电子商务商行（个体工商户）,订单结算
2026-04-22 05:31:40,'2026042205313636504051582131,入账,6.51,聚合账户,货款结算入账,小店自卖,'6952017630612690205,'6952017630612690205,'SS76301299526162522000017,2026-04-12 13:25:11,'3795705621886664997,韩系可爱小熊格纹发夹女后脑勺马尾竖夹盘发香蕉夹甜美发卡子发饰,,,普通订单,6.55,0,0,0,0,0,0,0,0,0,0,0,-0.04,0,0,0,0,0,0,是-商品卡免佣,0.29,义乌市黎既电子商务商行（个体工商户）,订单结算
2026-04-22 05:31:40,'2026042205313440152768432131,入账,9.09,聚合账户,货款结算入账,精选联盟,'6952001108833736666,'6952001108833736666,'SS76302877926080189850124,2026-04-11 18:19:13,'3748754542678900840,中国风孔雀盘发器女士古典旗袍发饰丸子懒人高级感饰品优雅发夹,'103828444429,木兮好物,普通订单,10.35,1.15,0,0,0,0,0,0,0,0,0,0,-0.52,-0.74,0,0,0,0,0,,0,义乌市黎既电子商务商行（个体工商户）,订单结算
2026-04-22 05:31:40,'2026042205313737499215632131,入账,2.67,聚合账户,货款结算入账,小店自卖,'6951988406141458107,'6951988406141458107,'SS76302637320194954760161,2026-04-12 02:15:24,'3784368456477049055,韩国气质碎钻满天星抓夹女后脑勺半扎发鲨鱼夹发量少百搭发卡头饰,,,普通订单,2.69,0,0,0,0,0,0,0,0,0,0,0,-0.02,0,0,0,0,0,0,是-商品卡免佣,0.15,义乌市黎既电子商务商行（个体工商户）,订单结算
2026-04-22 05:31:40,'2026042205313635244777152131,入账,2.15,聚合账户,货款结算入账,小店自卖,'6925535165692541989,'6925535165692541989,'SS76303701623611069980066,2026-04-12 09:37:12,'3806293802847699345,韩式豹纹波点褶皱高级扭扭马尾卡通风香蕉发夹后脑勺显发发卡头饰,,,普通订单,2.16,0,0,0,0,0,0,0,0,0,0,0,-0.01,0,0,0,0,0,0,是-商品卡免佣,0.07,义乌市黎既电子商务商行（个体工商户）,订单结算
2026-04-22 05:31:40,'2026042205313616486405632131,入账,3.01,聚合账户,货款结算入账,小店自卖,'6952015406310626735,'6952015406310626735,'SS76303261983837762820239,2026-04-12 12:10:36,'3744270820160176625,花朵少女发夹bb边夹侧边氛围感拍照刘海夹前额发卡春天头饰发饰,,,普通订单,3.17,0,0,0,0,0,0,0,0,0,0,0,-0.16,0,0,0,0,0,0,,0,义乌市黎既电子商务商行（个体工商户）,订单结算
2026-04-22 05:31:40,'2026042205313610639160752131,入账,4.61,聚合账户,货款结算入账,小店自卖,'6952008163402847704,'6952008163402847704,'SS76302879540366710100069,2026-04-12 00:31:27,'3768982715341340864,可爱卡通法式珍珠三角抓夹女新款发量多发夹后脑勺高级感鲨鱼夹,,,普通订单,4.64,0.49,0,0,0,0,0,0,0,0,0,0,-0.03,0,0,0,0,0,0,是-商品卡免佣,0.22,义乌市黎既电子商务商行（个体工商户）,订单结算
2026-04-22 05:31:40,'2026042205313508628636622131,入账,3.25,聚合账户,货款结算入账,小店自卖,'6952136698474337325,'6952136698474337325,'SS76303592529466496500138,2026-04-17 14:16:05,'3746529925562237053,满钻星星碎发整理神器隐形碎发梳女儿童固定头发夹子拉拉梳头饰,,,普通订单,3.27,0,0,0,0,0,0,0,0,0,0,0,-0.02,0,0,0,0,0,0,是-商品卡免佣,0.15,义乌市黎既电子商务商行（个体工商户）,订单结算
2026-04-22 05:31:40,'2026042205313631123543452131,入账,3,聚合账户,货款结算入账,小店自卖,'6925356032973110795,'6925356032973110795,'SS76277098373672474060139,2026-04-04 19:52:54,'3806250082127446374,休闲风创意米菲兔甜美少女刘海贴魔法贴毛绒发帖无痕贴发饰发卡女,,,普通订单,0.01,0,0,3.01,0,0,0,0,0,0,0,0,-0.02,0,0,0,0,0,0,是-商品卡免佣,0.15,义乌市黎既电子商务商行（个体工商户）,订单结算
2026-04-22 05:31:40,'2026042205313623167186342131,入账,3.94,聚合账户,货款结算入账,精选联盟,'6952047019862857218,'6952047019862857218,'SS76303007032981591440162,2026-04-13 22:54:12,'3806285088233226368,韩系~时尚百搭简约女格纹布少女风艺带齿细发箍个性压发箍头箍女,'0,,普通订单,1.38,0,0,3,0,0,0,0,0,0,0,0,-0.22,0,0,0,0,-0.22,0,,0,义乌市黎既电子商务商行（个体工商户）,订单结算
2026-04-22 05:31:40,'2026042205313428112161822131,入账,4.4,聚合账户,货款结算入账,小店自卖,'6925526076317204284,'6925526076317204284,'SS76302878872430556590166,2026-04-12 02:39:31,'3761395105840365661,高级感水钻满天星发夹女后脑勺盘发神器发卡青蛙夹扭扭夹发卡头饰,,,普通订单,4.63,0,0,0,0,0,0,0,0,0,0,0,-0.23,0,0,0,0,0,0,,0,义乌市黎既电子商务商行（个体工商户）,订单结算
2026-04-22 05:31:40,'2026042205313516367623782131,入账,3.7,聚合账户,货款结算入账,小店自卖,'6951994813724891060,'6951994813724891060,'SS76302660135189711820215,2026-04-11 22:19:12,'3807732934811713667,新款牡丹花羽毛抓夹女高颜值轻奢时尚百搭鲨鱼夹发饰头饰夹发神器,,,普通订单,3.89,0,0,0,0,0,0,0,0,0,0,0,-0.19,0,0,0,0,0,0,,0,义乌市黎既电子商务商行（个体工商户）,订单结算
2026-04-22 05:31:40,'2026042205313613009882112131,入账,3.72,聚合账户,货款结算入账,小店自卖,'6952168624787298156,'6952168624787298156,'SS76304208516154002110064,2026-04-18 08:30:12,'3768243884530991364,2025新款简约高颅顶发箍高级发箍女时尚发卡压发洗脸头箍百搭饰品,,,普通订单,3.74,0,0,0,0,0,0,0,0,0,0,0,-0.02,0,0,0,0,0,0,是-商品卡免佣,0.15,义乌市黎既电子商务商行（个体工商户）,订单结算
2026-04-22 05:31:52,'2026042205314732514547742131,入账,4.72,聚合账户,货款结算入账,小店自卖,'6925514921160572527,'6925514921160572527,'SS76302703835429442710151,2026-04-11 21:31:45,'3770460476165718041,可爱搞怪蓝色洗脸发箍女头箍2025爆款洋气高级感发箍高颅顶显脸小,,,普通订单,4.75,0,0,0,0,0,0,0,0,0,0,0,-0.03,0,0,0,0,0,0,是-商品卡免佣,0.22,义乌市黎既电子商务商行（个体工商户）,订单结算
2026-04-22 05:31:52,'2026042205314605500155512131,入账,4.49,聚合账户,货款结算入账,小店自卖,'6925509742991277254,'6925509742991277254,'SS76302638304590444030226,2026-04-11 15:06:28,'3806293802847699345,韩式豹纹波点褶皱高级扭扭马尾卡通风香蕉发夹后脑勺显发发卡头饰,,,普通订单,4.52,0,0,0,0,0,0,0,0,0,0,0,-0.03,0,0,0,0,0,0,是-商品卡免佣,0.22,义乌市黎既电子商务商行（个体工商户）,订单结算
2026-04-22 05:31:52,'2026042205314922578140672131,入账,9.41,聚合账户,货款结算入账,小店自卖,'6952156675765048823,'6952156675765048823,'SS76304158212374535680101,2026-04-17 12:46:15,'3673987206378291643,发箍网红2024年新款发饰法式洗脸发卡头饰发带女外出压发头箍发捆,,,普通订单,9.47,1.2,0,0,0,0,0,0,0,0,0,0,-0.06,0,0,0,0,0,0,是-商品卡免佣,0.44,义乌市黎既电子商务商行（个体工商户）,订单结算
2026-04-22 05:31:52,'2026042205314806972871952131,入账,2.56,聚合账户,货款结算入账,小店自卖,'6952118397262698001,'6952118397262698001,'SS76303829188507733000098,2026-04-16 22:17:52,'3809235146834575749,可爱新春小狗香蕉夹女高马尾扭扭夹红色竖夹高级感2026韩新款发夹,,,普通订单,0.01,0,0,2.57,0,0,0,0,0,0,0,0,-0.02,0,0,0,0,0,0,是-商品卡免佣,0.15,义乌市黎既电子商务商行（个体工商户）,订单结算
2026-04-22 05:31:52,'2026042205314911198799722131,入账,4.6,聚合账户,货款结算入账,小店自卖,'6925526120345861725,'6925526120345861725,'SS76302879101438205840041,2026-04-12 02:44:48,'3761395105840365661,高级感水钻满天星发夹女后脑勺盘发神器发卡青蛙夹扭扭夹发卡头饰,,,普通订单,4.63,0,0,0,0,0,0,0,0,0,0,0,-0.03,0,0,0,0,0,0,是-商品卡免佣,0.22,义乌市黎既电子商务商行（个体工商户）,订单结算
2026-04-22 05:32:07,'2026042205320330044168042131,入账,0.95,聚合账户,货款结算入账,小店自卖,'6925507636094205350,'6925507636094205350,'SS76303733957878748520215,2026-04-11 12:10:35,'3806280662462366067,kitty猫~刘海贴精致可爱甜美少女棉花糖猫兔碎发贴魔术贴无痕发饰,,,普通订单,0.96,0,0,0,0,0,0,0,0,0,0,0,-0.01,0,0,0,0,0,0,是-商品卡免佣,0.07,义乌市黎既电子商务商行（个体工商户）,订单结算
2026-04-22 05:32:07,'2026042205320318468582662131,入账,3.81,聚合账户,货款结算入账,小店自卖,'6951974714250172260,'6951974714250172260,'SS76302638392125857700079,2026-04-11 19:23:05,'3784368456477049055,韩国气质碎钻满天星抓夹女后脑勺半扎发鲨鱼夹发量少百搭发卡头饰,,,普通订单,3.83,0,0,0,0,0,0,0,0,0,0,0,-0.02,0,0,0,0,0,0,是-商品卡免佣,0.15,义乌市黎既电子商务商行（个体工商户）,订单结算
2026-04-22 05:32:07,'2026042205320419881167722131,入账,2.56,聚合账户,货款结算入账,小店自卖,'6925530163356466616,'6925530163356466616,'SS76302626906759662350071,2026-04-11 21:15:19,'3809235146834575749,可爱新春小狗香蕉夹女高马尾扭扭夹红色竖夹高级感2026韩新款发夹,,,普通订单,0.58,0,0,2,0,0,0,0,0,0,0,0,-0.02,0,0,0,0,0,0,是-商品卡免佣,0.15,义乌市黎既电子商务商行（个体工商户）,订单结算
2026-04-22 05:44:41,'2026042205443630115927502131,入账,5.61,聚合账户,货款结算入账,小店自卖,'6925627830911336090,'6925627830911336090,'SS76302371046476516250162,2026-04-16 06:55:32,'3744483687144751499,碎花蝴蝶结发饰大肠发圈女扎头绳飘带发带发绳高马尾不伤发皮筋,,,普通订单,5.64,0,0,0,0,0,0,0,0,0,0,0,-0.03,0,0,0,0,0,0,是-商品卡免佣,0.22,义乌市黎既电子商务商行（个体工商户）,订单结算
2026-04-22 05:44:41,'2026042205443638344832192131,入账,2.43,聚合账户,货款结算入账,小店自卖,'6952078047031006362,'6952078047031006362,'SS76304967598776486820068,2026-04-15 09:29:44,'3790878995596312771,韩系黑色波点布艺褶皱高马尾香蕉夹竖夹新款豹纹发夹气质百搭发饰,,,普通订单,2.44,0,0,0,0,0,0,0,0,0,0,0,-0.01,0,0,0,0,0,0,是-商品卡免佣,0.07,义乌市黎既电子商务商行（个体工商户）,订单结算
2026-04-22 05:44:41,'2026042205443638771963152131,入账,2.56,聚合账户,货款结算入账,小店自卖,'6925644848714579225,'6925644848714579225,'SS76304916282766303130164,2026-04-17 01:37:52,'3809235146834575749,可爱新春小狗香蕉夹女高马尾扭扭夹红色竖夹高级感2026韩新款发夹,,,普通订单,2.58,0,0,0,0,0,0,0,0,0,0,0,-0.02,0,0,0,0,0,0,是-商品卡免佣,0.15,义乌市黎既电子商务商行（个体工商户）,订单结算
2026-04-22 05:44:41,'2026042205443721912827262131,入账,4.95,聚合账户,货款结算入账,小店自卖,'6925652172518423875,'6925652172518423875,'SS76303790951003264630116,2026-04-16 14:16:10,'3811476737385169110,霞光紫~紫色珍珠字母抓夹女2026新款后脑勺鲨鱼夹大号旅行发卡女 ,,,普通订单,4.98,0,0,0,0,0,0,0,0,0,0,0,-0.03,0,0,0,0,0,0,是-商品卡免佣,0.22,义乌市黎既电子商务商行（个体工商户）,订单结算
2026-04-22 05:44:41,'2026042205443734947571582131,入账,4.2,聚合账户,货款结算入账,小店自卖,'6925615127466900873,'6925615127466900873,'SS76303507979517466110220,2026-04-15 15:07:28,'3766001784691229117,夏天简约随手盘发一字扭扭夹水钻抓夹高级发夹扭扭后脑勺盘发器,,,普通订单,4.23,0,0,0,0,0,0,0,0,0,0,0,-0.03,0,0,0,0,0,0,是-商品卡免佣,0.22,义乌市黎既电子商务商行（个体工商户）,订单结算
2026-04-22 05:44:55,'2026042205445025807260222131,入账,4.85,聚合账户,货款结算入账,小店自卖,'6952150612293522813,'6952150612293522813,'SS76304200998574495080213,2026-04-17 22:01:39,'3796640026289373330,蝴蝶结鸭嘴夹小香风毛呢爆款发夹后脑勺气质洋气盘发一字夹子,,,普通订单,4.88,0,0,0,0,0,0,0,0,0,0,0,-0.03,0,0,0,0,0,0,是-商品卡免佣,0.22,义乌市黎既电子商务商行（个体工商户）,订单结算
2026-04-22 05:44:55,'2026042205445001577131902131,入账,2.78,聚合账户,货款结算入账,小店自卖,'6925598444358500110,'6925598444358500110,'SS76304533734099852950093,2026-04-14 19:04:47,'3806285088233226368,韩系~时尚百搭简约女格纹布少女风艺带齿细发箍个性压发箍头箍女,,,普通订单,2.8,0,0,0,0,0,0,0,0,0,0,0,-0.02,0,0,0,0,0,0,是-商品卡免佣,0.15,义乌市黎既电子商务商行（个体工商户）,订单结算
2026-04-22 05:44:55,'2026042205445017744368912131,入账,2.66,聚合账户,货款结算入账,精选联盟,'6925662457475988701,'6925662457475988701,'SS76304856963247027200108,2026-04-17 13:24:13,'3769870193174642697,2025春夏新款轻奢边夹时尚气质一字发夹女后脑勺扭扭夹女,'0,,普通订单,2.96,0,0,0,0,0,0,0,0,0,0,0,-0.15,0,0,0,0,-0.15,0,,0,义乌市黎既电子商务商行（个体工商户）,订单结算
2026-04-22 05:44:55,'2026042205445036836971792131,入账,4.95,聚合账户,货款结算入账,小店自卖,'6925610232297193145,'6925610232297193145,'SS76303949535370944500044,2026-04-15 10:00:08,'3812573397322432839,新款密齿香蕉韩系法式波点蕾丝蝴蝶结后脑勺盘发发夹发卡马尾发饰,,,普通订单,4.98,0,0,0,0,0,0,0,0,0,0,0,-0.03,0,0,0,0,0,0,是-商品卡免佣,0.22,义乌市黎既电子商务商行（个体工商户）,订单结算
2026-04-22 05:44:55,'2026042205445125425518502131,入账,3.94,聚合账户,货款结算入账,精选联盟,'6952134539202532950,'6952134539202532950,'SS76302358365760233420214,2026-04-17 10:15:27,'3806285088233226368,韩系~时尚百搭简约女格纹布少女风艺带齿细发箍个性压发箍头箍女,'0,,普通订单,4.38,0,0,0,0,0,0,0,0,0,0,0,-0.22,0,0,0,0,-0.22,0,,0,义乌市黎既电子商务商行（个体工商户）,订单结算
2026-04-22 05:46:11,'2026042205460506263611222131,入账,2.67,聚合账户,货款结算入账,小店自卖,'6952079723908765059,'6952079723908765059,'SS76303798561950436300085,2026-04-15 01:14:51,'3784368456477049055,韩国气质碎钻满天星抓夹女后脑勺半扎发鲨鱼夹发量少百搭发卡头饰,,,普通订单,2.69,0,0,0,0,0,0,0,0,0,0,0,-0.02,0,0,0,0,0,0,是-商品卡免佣,0.15,义乌市黎既电子商务商行（个体工商户）,订单结算
2026-04-22 05:46:11,'2026042205460518798392472131,入账,3.88,聚合账户,货款结算入账,小店自卖,'6952172941658167173,'6952172941658167173,'SS76304096844698260980047,2026-04-18 00:31:37,'3677662603133452394,儿童拉发针编发器大小号基础编发扎头发穿发棒懒人编发固定神器女,,,普通订单,3.9,1.15,0,0,0,0,0,0,0,0,0,0,-0.02,0,0,0,0,0,0,是-商品卡免佣,0.15,义乌市黎既电子商务商行（个体工商户）,订单结算
2026-04-22 05:46:11,'2026042205460502991234712131,入账,3.95,聚合账户,货款结算入账,精选联盟,'6952095041137153174,'6952095041137153174,'SS76303760112908869470018,2026-04-16 07:41:13,'3677688854124560602,儿童碎发魔术贴发箍小女孩星黛露刘海贴碎发神器自粘头发头箍发饰,'0,,普通订单,4.48,0.55,0,0,0,0,0,0,0,0,0,0,-0.22,0,0,0,0,-0.31,0,,0,义乌市黎既电子商务商行（个体工商户）,订单结算
2026-04-22 05:46:11,'2026042205460518799047832131,入账,4.35,聚合账户,货款结算入账,小店自卖,'6952084935292687954,'6952084935292687954,'SS76303024089218260880029,2026-04-15 13:25:59,'3806285088233226368,韩系~时尚百搭简约女格纹布少女风艺带齿细发箍个性压发箍头箍女,,,普通订单,4.38,0,0,0,0,0,0,0,0,0,0,0,-0.03,0,0,0,0,0,0,是-商品卡免佣,0.22,义乌市黎既电子商务商行（个体工商户）,订单结算
2026-04-22 05:46:11,'2026042205460619048532862131,入账,3.19,聚合账户,货款结算入账,小店自卖,'6925635023420686036,'6925635023420686036,'SS76303074851405826560171,2026-04-16 16:01:58,'3811476737385169110,霞光紫~紫色珍珠字母抓夹女2026新款后脑勺鲨鱼夹大号旅行发卡女 ,,,普通订单,3.21,0,0,0,0,0,0,0,0,0,0,0,-0.02,0,0,0,0,0,0,是-商品卡免佣,0.15,义乌市黎既电子商务商行（个体工商户）,订单结算
2026-04-22 05:48:59,'2026042205485409575675342131,入账,1.88,聚合账户,货款结算入账,小店自卖,'6925674181760155133,'6925674181760089597,'SS76304103669687427060092,2026-04-17 20:28:17,'3756569248357548135,珍珠直条电话线气质简约发圈珠珠头绳马尾高弹力网红发绳泡泡编发,,,普通订单,1.89,0,0,0,0,0,0,0,0,0,0,0,-0.01,0,0,0,0,0,0,是-商品卡免佣,0.07,义乌市黎既电子商务商行（个体工商户）,订单结算
2026-04-22 05:48:59,'2026042205485416238021632131,入账,3.87,聚合账户,货款结算入账,小店自卖,'6925606344126988154,'6925606344126988154,'SS76302541805913379990190,2026-04-14 23:29:45,'3807732934811713667,新款牡丹花羽毛抓夹女高颜值轻奢时尚百搭鲨鱼夹发饰头饰夹发神器,,,普通订单,3.89,0,0,0,0,0,0,0,0,0,0,0,-0.02,0,0,0,0,0,0,是-商品卡免佣,0.15,义乌市黎既电子商务商行（个体工商户）,订单结算
2026-04-22 05:48:59,'2026042205485321397181942131,入账,2.67,聚合账户,货款结算入账,小店自卖,'6925599099362377410,'6925599099362377410,'SS76303942830270881280231,2026-04-14 23:22:17,'3784368456477049055,韩国气质碎钻满天星抓夹女后脑勺半扎发鲨鱼夹发量少百搭发卡头饰,,,普通订单,2.69,0,0,0,0,0,0,0,0,0,0,0,-0.02,0,0,0,0,0,0,是-商品卡免佣,0.15,义乌市黎既电子商务商行（个体工商户）,订单结算
2026-04-22 05:48:59,'2026042205485407179635662131,入账,4.47,聚合账户,货款结算入账,小店自卖,'6925631097604308499,'6925631097604308499,'SS76304557781633152460001,2026-04-15 15:18:20,'3807763574974186291,气质高级亮黑色大号鲨鱼抓夹女后脑勺时尚发卡巨能抓头饰2026新款,,,普通订单,4.2,0,0,0,0,0,0,0,0,0.3,0,0,-0.03,0,0,0,0,0,0,是-商品卡免佣,0.22,义乌市黎既电子商务商行（个体工商户）,订单结算
2026-04-22 05:48:59,'2026042205485527484165222131,入账,5.08,聚合账户,货款结算入账,小店自卖,'6925659722427694544,'6925659722427694544,'SS76301455669869283990012,2026-04-17 00:04:03,'3746150076641313252,网红简约ins纯色宽边发带高颅顶白色发箍女运动健身夏季头饰发饰,,,普通订单,5.11,0.9,0,0,0,0,0,0,0,0,0,0,-0.03,0,0,0,0,0,0,是-商品卡免佣,0.22,义乌市黎既电子商务商行（个体工商户）,订单结算
2026-04-22 05:49:13,'2026042205491007055777782131,入账,3.26,聚合账户,货款结算入账,精选联盟,'6925642028390120539,'6925642028390120539,'SS76303917312443889050036,2026-04-16 21:18:52,'3812568539638923653,超仙温柔网纱花朵抓夹女高级感2026新款头花发夹后脑勺鲨鱼夹头饰,'0,,普通订单,3.45,0,0,0,0,0,0,0,0,0,0,0,-0.02,0,0,0,0,-0.17,0,是-商品卡免佣,0.15,义乌市黎既电子商务商行（个体工商户）,订单结算
2026-04-22 05:49:13,'2026042205490825585912422131,入账,4.85,聚合账户,货款结算入账,小店自卖,'6925644643648372672,'6925644643648372672,'SS76304838677825787030043,2026-04-16 23:21:29,'3796640026289373330,蝴蝶结鸭嘴夹小香风毛呢爆款发夹后脑勺气质洋气盘发一字夹子,,,普通订单,4.88,0,0,0,0,0,0,0,0,0,0,0,-0.03,0,0,0,0,0,0,是-商品卡免佣,0.22,义乌市黎既电子商务商行（个体工商户）,订单结算
2026-04-22 05:49:13,'2026042205490724168576092131,入账,6.79,聚合账户,货款结算入账,小店自卖,'6925618461060070954,'6925618461060070954,'SS76301327030953579920083,2026-04-16 00:12:29,'3677662049200111919,超大号13cm发量多鲨鱼夹抓夹方形发抓后脑勺发夹子可爱盘发发卡女,,,普通订单,6.83,1.55,0,0,0,0,0,0,0,0,0,0,-0.04,0,0,0,0,0,0,是-商品卡免佣,0.29,义乌市黎既电子商务商行（个体工商户）,订单结算
2026-04-22 05:49:14,'2026042205490637508224542131,入账,3.65,聚合账户,货款结算入账,小店自卖,'6952127390909011518,'6952127390909011518,'SS76304620954647104000047,2026-04-17 07:10:51,'3811458741396701435,2026年新款超仙甜美蝴蝶大号盘发抓夹女高级感后脑勺鲨鱼夹头饰品,,,普通订单,3.67,0,0,0,0,0,0,0,0,0,0,0,-0.02,0,0,0,0,0,0,是-商品卡免佣,0.15,义乌市黎既电子商务商行（个体工商户）,订单结算
2026-04-22 05:49:14,'2026042205490905288145982131,入账,3.04,聚合账户,货款结算入账,小店自卖,'6952112699103319950,'6952112699103319950,'SS76304226676919340150244,2026-04-16 08:46:50,'3741353306656735669,高级感夏季盘发神器女后脑勺夹子气质珍珠抓夹头发夹子发饰,,,普通订单,2.24,0,0,0.96,0,0,0,0,0,0,0,0,-0.16,0,0,0,0,0,0,,0,义乌市黎既电子商务商行（个体工商户）,订单结算
2026-04-22 05:49:27,'2026042205492215352469022131,入账,1.71,聚合账户,货款结算入账,精选联盟,'6952120499356833358,'6952120499356833358,'SS76303310342906188860201,2026-04-16 22:16:25,'3769166853499388264,2025新款安全硅胶发夹女士鲨鱼夹饰品柔软防撞保护后脑夹头发女,'0,,普通订单,1.68,0,0,0.21,0,0,0,0,0,0,0,0,-0.09,0,0,0,0,-0.09,0,,0,义乌市黎既电子商务商行（个体工商户）,订单结算
2026-04-22 05:49:27,'2026042205492407851218302131,入账,2.43,聚合账户,货款结算入账,精选联盟,'6925666289890327786,'6925666289890327786,'SS76303382647057003950050,2026-04-17 10:47:28,'3784368456477049055,韩国气质碎钻满天星抓夹女后脑勺半扎发鲨鱼夹发量少百搭发卡头饰,'0,,普通订单,0.69,0,0,2,0,0,0,0,0,0,0,0,-0.13,0,0,0,0,-0.13,0,,0,义乌市黎既电子商务商行（个体工商户）,订单结算
2026-04-22 05:49:27,'2026042205492028074478502131,入账,2.56,聚合账户,货款结算入账,小店自卖,'6952089856979047563,'6952089856979047563,'SS76303277284321042380157,2026-04-15 16:38:35,'3809235146834575749,可爱新春小狗香蕉夹女高马尾扭扭夹红色竖夹高级感2026韩新款发夹,,,普通订单,0.01,0,0,2.57,0,0,0,0,0,0,0,0,-0.02,0,0,0,0,0,0,是-商品卡免佣,0.15,义乌市黎既电子商务商行（个体工商户）,订单结算
2026-04-22 05:49:27,'2026042205492301350541222131,入账,4.48,聚合账户,货款结算入账,精选联盟,'6952112177459238117,'6952112177459238117,'SS76303671982173558160085,2026-04-15 22:13:11,'3811476737385169110,霞光紫~紫色珍珠字母抓夹女2026新款后脑勺鲨鱼夹大号旅行发卡女 ,'0,,普通订单,3.49,0,0,1.49,0,0,0,0,0,0,0,0,-0.25,0,0,0,0,-0.25,0,,0,义乌市黎既电子商务商行（个体工商户）,订单结算
2026-04-22 05:49:27,'2026042205492138219287502131,入账,5.74,聚合账户,货款结算入账,精选联盟,'6925649415911079889,'6925649415911079889,'SS76303276028822533540082,2026-04-17 08:37:41,'3796640026289373330,蝴蝶结鸭嘴夹小香风毛呢爆款发夹后脑勺气质洋气盘发一字夹子,'0,,普通订单,3.38,0,0,3,0,0,0,0,0,0,0,0,-0.32,0,0,0,0,-0.32,0,,0,义乌市黎既电子商务商行（个体工商户）,订单结算
2026-04-22 05:49:43,'2026042205493705888128092131,入账,3.51,聚合账户,货款结算入账,小店自卖,'6925608271179316320,'6925608271179316320,'SS76304823771578578430036,2026-04-14 22:56:14,'3809235146834575749,可爱新春小狗香蕉夹女高马尾扭扭夹红色竖夹高级感2026韩新款发夹,,,普通订单,0.01,0,0,3.69,0,0,0,0,0,0,0,0,-0.19,0,0,0,0,0,0,,0,义乌市黎既电子商务商行（个体工商户）,订单结算
2026-04-22 05:49:43,'2026042205493620563894262131,入账,2.78,聚合账户,货款结算入账,小店自卖,'6925609021949247266,'6925609021949247266,'SS76301717515622326030191,2026-04-15 09:58:55,'3806285088233226368,韩系~时尚百搭简约女格纹布少女风艺带齿细发箍个性压发箍头箍女,,,普通订单,2.8,0,0,0,0,0,0,0,0,0,0,0,-0.02,0,0,0,0,0,0,是-商品卡免佣,0.15,义乌市黎既电子商务商行（个体工商户）,订单结算
2026-04-22 05:49:43,'2026042205493823410816102131,入账,6.35,聚合账户,货款结算入账,小店自卖,'6925635334087212263,'6925635334087212263,'SS76303944323574994260196,2026-04-16 18:00:31,'3763603453478306112,2025新款高雅简约大号珍珠一字发夹女后脑勺高级感抓夹扭扭夹气质,,,普通订单,6.39,0,0,0,0,0,0,0,0,0,0,0,-0.04,0,0,0,0,0,0,是-商品卡免佣,0.29,义乌市黎既电子商务商行（个体工商户）,订单结算
2026-04-22 05:49:43,'2026042205493824879603292131,入账,0.99,聚合账户,货款结算入账,小店自卖,'6925713504800112244,'6925713504800112244,'SS76302361730341320180123,2026-04-19 06:49:16,'3806285088233226368,韩系~时尚百搭简约女格纹布少女风艺带齿细发箍个性压发箍头箍女,,,普通订单,4.38,0,0,0,0,0,0,0,0,0,0,-3.38,-0.01,0,0,0,0,0,0,是-商品卡免佣,0.07,义乌市黎既电子商务商行（个体工商户）,订单结算
2026-04-22 05:49:43,'2026042205493810049172572131,入账,4.84,聚合账户,货款结算入账,精选联盟,'6952074677185156242,'6952074677185156242,'SS76303836055917082030244,2026-04-14 20:07:15,'3677505925100470553,宝宝碎发神器女儿童发卡后脑勺隐形倒插梳整理刘海碎发梳女童发夹,'109969074460,芳姐百货178❤️,普通订单,5.56,0,0,0,0,0,0,0,0,0,0,0,-0.28,-0.44,0,0,0,0,0,,0,义乌市黎既电子商务商行（个体工商户）,订单结算
2026-04-22 05:49:43,'2026042205493838347415552131,入账,3.37,聚合账户,货款结算入账,小店自卖,'6925647740182364112,'6925647740182364112,'SS76302934578248422820047,2026-04-16 14:00:07,'3756927908359307402,包包丝巾卡其裸色系百搭韩版ins风飘带扎发发带装饰扎头发头饰,,,普通订单,3.39,0,0,0,0,0,0,0,0,0,0,0,-0.02,0,0,0,0,0,0,是-商品卡免佣,0.15,义乌市黎既电子商务商行（个体工商户）,订单结算
2026-04-22 07:24:36,'2026042207243221987702262131,入账,2.55,聚合账户,货款结算入账,精选联盟,'6925651207955184911,'6925651207955184911,'SS76304135936617029540234,2026-04-16 21:51:39,'3767836959792300411,法式高级感超大号弧形抓夹女新款后脑勺盘发夹发量大鲨鱼夹发卡夹,'0,,普通订单,0.65,0,0,2.18,0,0,0,0,0,0,0,0,-0.14,0,0,0,0,-0.14,0,,0,义乌市黎既电子商务商行（个体工商户）,订单结算
2026-04-22 07:26:18,'2026042207261519096090062131,入账,2.67,聚合账户,货款结算入账,小店自卖,'6952011480476882539,'6952011480476882539,'SS76303718947151754600066,2026-04-12 15:13:07,'3784368456477049055,韩国气质碎钻满天星抓夹女后脑勺半扎发鲨鱼夹发量少百搭发卡头饰,,,普通订单,2.69,0,0,0,0,0,0,0,0,0,0,0,-0.02,0,0,0,0,0,0,是-商品卡免佣,0.15,义乌市黎既电子商务商行（个体工商户）,订单结算
2026-04-22 07:26:18,'2026042207261505892677552131,入账,2.56,聚合账户,货款结算入账,小店自卖,'6925518333555343294,'6925518333555343294,'SS76302626853848561270143,2026-04-11 17:43:08,'3809235146834575749,可爱新春小狗香蕉夹女高马尾扭扭夹红色竖夹高级感2026韩新款发夹,,,普通订单,2.58,0,0,0,0,0,0,0,0,0,0,0,-0.02,0,0,0,0,0,0,是-商品卡免佣,0.15,义乌市黎既电子商务商行（个体工商户）,订单结算
2026-04-22 07:26:18,'2026042207261510999078812131,入账,4.72,聚合账户,货款结算入账,小店自卖,'6925587042111749192,'6925587042111749192,'SS76304446367352960500000,2026-04-14 17:42:40,'3683590910169448490,新款碎发梳插梳韩版女孩夹子后脑勺刘海整理发夹卡子成年人发头饰,,,普通订单,4.97,0,0,0,0,0,0,0,0,0,0,0,-0.25,0,0,0,0,0,0,,0,义乌市黎既电子商务商行（个体工商户）,订单结算
2026-04-22 07:26:18,'2026042207261434945436662131,入账,4.9,聚合账户,货款结算入账,小店自卖,'6952005431507621176,'6952005431507621176,'SS76302878624480138740008,2026-04-11 19:24:14,'3748754542678900840,中国风孔雀盘发器女士古典旗袍发饰丸子懒人高级感饰品优雅发夹,,,普通订单,4.93,1.15,0,0,0,0,0,0,0,0,0,0,-0.03,0,0,0,0,0,0,是-商品卡免佣,0.22,义乌市黎既电子商务商行（个体工商户）,订单结算
2026-04-22 07:26:18,'2026042207261502319488432131,入账,2.34,聚合账户,货款结算入账,小店自卖,'6925532090028162068,'6925532090028162068,'SS76302332980462723060200,2026-04-11 22:48:44,'3807763574974186291,气质高级亮黑色大号鲨鱼抓夹女后脑勺时尚发卡巨能抓头饰2026新款,,,普通订单,2.35,0,0,0,0,0,0,0,0,0,0,0,-0.01,0,0,0,0,0,0,是-商品卡免佣,0.07,义乌市黎既电子商务商行（个体工商户）,订单结算
2026-04-22 07:26:20,'2026042207261612644070402131,入账,3.56,聚合账户,货款结算入账,精选联盟,'6925621354984734040,'6925621354984734040,'SS76304778847730283860135,2026-04-16 10:11:24,'3746151571088605628,发量多加大号南瓜抓夹女2025新款高级感亮面鲨鱼夹后脑勺气质简约,'0,,普通订单,4.1,0,0,0,0,0,0,0,0,0,0,0,-0.21,0,0,0,0,-0.33,0,,0,义乌市黎既电子商务商行（个体工商户）,订单结算
2026-04-22 07:26:20,'2026042207261423416184472131,入账,4.85,聚合账户,货款结算入账,小店自卖,'6925607546960575695,'6925607546960575695,'SS76303809307079357440223,2026-04-14 17:57:41,'3796640026289373330,蝴蝶结鸭嘴夹小香风毛呢爆款发夹后脑勺气质洋气盘发一字夹子,,,普通订单,4.88,0,0,0,0,0,0,0,0,0,0,0,-0.03,0,0,0,0,0,0,是-商品卡免佣,0.22,义乌市黎既电子商务商行（个体工商户）,订单结算
2026-04-22 07:26:20,'2026042207261511168975362131,入账,6.08,聚合账户,货款结算入账,小店自卖,'6925533458362433325,'6925533458362433325,'SS76303692317625226620141,2026-04-12 13:54:45,'3775300451113762884,糖果色海绵发箍女早秋高颅顶显脸小发捆小号甜美可爱发卡洗脸头箍,,,普通订单,6.12,0.9,0,0,0,0,0,0,0,0,0,0,-0.04,0,0,0,0,0,0,是-商品卡免佣,0.29,义乌市黎既电子商务商行（个体工商户）,订单结算
2026-04-22 07:26:20,'2026042207261622071872382131,入账,1.95,聚合账户,货款结算入账,小店自卖,'6951981437635335312,'6951981437635335312,'SS76302672213189104990016,2026-04-11 23:03:08,'3806280662462366067,kitty猫~刘海贴精致可爱甜美少女棉花糖猫兔碎发贴魔术贴无痕发饰,,,普通订单,1.96,0,0,0,0,0,0,0,0,0,0,0,-0.01,0,0,0,0,0,0,是-商品卡免佣,0.07,义乌市黎既电子商务商行（个体工商户）,订单结算
2026-04-22 07:26:20,'2026042207261624662881742131,入账,5.71,聚合账户,货款结算入账,小店自卖,'6952007019032745799,'6952007019032745799,'SS76304003776867537980157,2026-04-12 16:53:20,'3673057951649759338,小皮筋小女孩头绳发绳透明多彩小号一次性皮筋儿童橡皮筋发饰扎头,,,普通订单,5.74,1.15,0,0,0,0,0,0,0,0,0,0,-0.03,0,0,0,0,0,0,是-商品卡免佣,0.22,义乌市黎既电子商务商行（个体工商户）,订单结算
2026-04-22 07:26:32,'2026042207262828870249462131,入账,4.08,聚合账户,货款结算入账,精选联盟,'6951988177573254865,'6951988177573254865,'SS76302879060294088180177,2026-04-11 23:17:37,'3677505925100470553,宝宝碎发神器女儿童发卡后脑勺隐形倒插梳整理刘海碎发梳女童发夹,'1541939015455411,金姐好物,普通订单,4.7,0,0,0,0,0,0,0,0,0,0,0,-0.24,-0.38,0,0,0,0,0,,0,义乌市黎既电子商务商行（个体工商户）,订单结算
2026-04-22 07:26:32,'2026042207262927568911772131,入账,3.26,聚合账户,货款结算入账,小店自卖,'6925603298628304641,'6925603298628304641,'SS76304269337772528900240,2026-04-14 19:03:32,'3808334646693986544,新款水钻珠子花朵后脑勺洋气盘发夹时尚半扎鲨鱼夹6厘米~中号抓夹,,,普通订单,3.28,0,0,0,0,0,0,0,0,0,0,0,-0.02,0,0,0,0,0,0,是-商品卡免佣,0.15,义乌市黎既电子商务商行（个体工商户）,订单结算
2026-04-22 07:26:32,'2026042207262839058803462131,入账,2.56,聚合账户,货款结算入账,小店自卖,'6952017696477746804,'6952017696477746804,'SS76302789310573289310044,2026-04-12 14:02:23,'3809235146834575749,可爱新春小狗香蕉夹女高马尾扭扭夹红色竖夹高级感2026韩新款发夹,,,普通订单,0.58,0,0,2,0,0,0,0,0,0,0,0,-0.02,0,0,0,0,0,0,是-商品卡免佣,0.15,义乌市黎既电子商务商行（个体工商户）,订单结算
2026-04-22 07:26:32,'2026042207262809369195782131,入账,3.98,聚合账户,货款结算入账,小店自卖,'6952033683612243443,'6952033683612243443,'SS76304654625934546070057,2026-04-13 21:59:53,'3752642368441024869,夏天新款网红山茶花隐形碎发后脑勺整理毛发神器发箍儿童发夹发饰,,,普通订单,4,0.55,0,0,0,0,0,0,0,0,0,0,-0.02,0,0,0,0,0,0,是-商品卡免佣,0.15,义乌市黎既电子商务商行（个体工商户）,订单结算
2026-04-22 07:26:32,'2026042207262831334446512131,入账,4.23,聚合账户,货款结算入账,小店自卖,'6925650692895570977,'6925650692895570977,'SS76303942872600256420123,2026-04-16 18:16:26,'3766725340643328230,网红高级感金属发夹女后脑勺抓夹扣盘发气质发卡发饰一字夹扭扭夹,,,普通订单,4.26,0.55,0,0,0,0,0,0,0,0,0,0,-0.03,0,0,0,0,0,0,是-商品卡免佣,0.22,义乌市黎既电子商务商行（个体工商户）,订单结算
2026-04-22 07:26:36,'2026042207263408850150832131,入账,4.04,聚合账户,货款结算入账,精选联盟,'6952046798589990254,'6952046798589990254,'SS76303459638456814340171,2026-04-13 20:56:42,'3807763574974186291,气质高级亮黑色大号鲨鱼抓夹女后脑勺时尚发卡巨能抓头饰2026新款,'0,,普通订单,4.5,0,0,0,0,0,0,0,0,0,0,0,-0.23,0,0,0,0,-0.23,0,,0,义乌市黎既电子商务商行（个体工商户）,订单结算
2026-04-22 07:26:37,'2026042207263203238139222131,入账,3.68,聚合账户,货款结算入账,小店自卖,'6925587879838383252,'6925587879838383252,'SS76301484952751639400224,2026-04-14 23:26:31,'3809235146834575749,可爱新春小狗香蕉夹女高马尾扭扭夹红色竖夹高级感2026韩新款发夹,,,普通订单,3.7,0,0,0,0,0,0,0,0,0,0,0,-0.02,0,0,0,0,0,0,是-商品卡免佣,0.15,义乌市黎既电子商务商行（个体工商户）,订单结算
2026-04-22 07:26:37,'2026042207263309230584672131,入账,4.64,聚合账户,货款结算入账,小店自卖,'6925514470291308114,'6925514470291308114,'SS76302878991838912100083,2026-04-11 18:06:52,'3769166853499388264,2025新款安全硅胶发夹女士鲨鱼夹饰品柔软防撞保护后脑夹头发女,,,普通订单,4.67,0,0,0,0,0,0,0,0,0,0,0,-0.03,0,0,0,0,0,0,是-商品卡免佣,0.22,义乌市黎既电子商务商行（个体工商户）,订单结算
2026-04-22 07:26:37,'2026042207263309748690462131,入账,6.51,聚合账户,货款结算入账,小店自卖,'6952074985665205386,'6952074985665205386,'SS76304237283373594000061,2026-04-14 22:10:06,'3795705621886664997,韩系可爱小熊格纹发夹女后脑勺马尾竖夹盘发香蕉夹甜美发卡子发饰,,,普通订单,6.55,0,0,0,0,0,0,0,0,0,0,0,-0.04,0,0,0,0,0,0,是-商品卡免佣,0.29,义乌市黎既电子商务商行（个体工商户）,订单结算
2026-04-22 07:26:37,'2026042207263216454456472131,入账,3.87,聚合账户,货款结算入账,小店自卖,'6925656733236559259,'6925656733236559259,'SS76304059694364270180235,2026-04-17 14:11:10,'3790878995596312771,韩系黑色波点布艺褶皱高马尾香蕉夹竖夹新款豹纹发夹气质百搭发饰,,,普通订单,3.89,0,0,0,0,0,0,0,0,0,0,0,-0.02,0,0,0,0,0,0,是-商品卡免佣,0.15,义乌市黎既电子商务商行（个体工商户）,订单结算
2026-04-22 07:26:51,'2026042207264819925404432131,入账,6.52,聚合账户,货款结算入账,小店自卖,'6951986119398070163,'6951986119398070163,'SS76302878098320919400039,2026-04-11 22:37:47,'3677662856528134270,碎花蝴蝶结大肠发圈女夏季扎头绳飘带发带发绳高级感头花头饰发饰,,,普通订单,6.56,1.15,0,0,0,0,0,0,0,0,0,0,-0.04,0,0,0,0,0,0,是-商品卡免佣,0.29,义乌市黎既电子商务商行（个体工商户）,订单结算
2026-04-22 07:26:51,'2026042207264906317020252131,入账,2.56,聚合账户,货款结算入账,小店自卖,'6952017410921207049,'6952017410921207049,'SS76303238484952888320104,2026-04-12 10:36:43,'3809235146834575749,可爱新春小狗香蕉夹女高马尾扭扭夹红色竖夹高级感2026韩新款发夹,,,普通订单,2.58,0,0,0,0,0,0,0,0,0,0,0,-0.02,0,0,0,0,0,0,是-商品卡免佣,0.15,义乌市黎既电子商务商行（个体工商户）,订单结算
2026-04-22 07:26:51,'2026042207264614947292562131,入账,3.65,聚合账户,货款结算入账,小店自卖,'6925527909976800821,'6925527909976800821,'SS76302878016612113920243,2026-04-11 22:00:09,'3763932448057065566,磨砂扭扭香蕉夹高马尾大号发夹后脑勺竖夹发卡韩国气质女夹子头饰,,,普通订单,3.67,0,0,0,0,0,0,0,0,0,0,0,-0.02,0,0,0,0,0,0,是-商品卡免佣,0.15,义乌市黎既电子商务商行（个体工商户）,订单结算
2026-04-22 07:26:51,'2026042207264829865088092131,入账,2.86,聚合账户,货款结算入账,小店自卖,'6951989921134482689,'6951989921134482689,'SS76302877935171505180234,2026-04-11 19:10:44,'3761395105840365661,高级感水钻满天星发夹女后脑勺盘发神器发卡青蛙夹扭扭夹发卡头饰,,,普通订单,2.88,0,0,0,0,0,0,0,0,0,0,0,-0.02,0,0,0,0,0,0,是-商品卡免佣,0.15,义乌市黎既电子商务商行（个体工商户）,订单结算
2026-04-22 07:26:51,'2026042207264830375943772131,入账,4.21,聚合账户,货款结算入账,小店自卖,'6952161762375308839,'6952161762375308839,'SS76304056573189371070108,2026-04-17 20:16:11,'3672728007874838631,简约金属抓夹女大号高级感满钻女后脑勺2024新款鲨鱼夹子头饰发卡,,,普通订单,4.24,0,0,0,0,0,0,0,0,0,0,0,-0.03,0,0,0,0,0,0,是-商品卡免佣,0.22,义乌市黎既电子商务商行（个体工商户）,订单结算
2026-04-22 07:26:56,'2026042207265226488386922131,入账,2.43,聚合账户,货款结算入账,精选联盟,'6925640202464099482,'6925640202464099482,'SS76304049468523976180018,2026-04-17 09:10:45,'3784368456477049055,韩国气质碎钻满天星抓夹女后脑勺半扎发鲨鱼夹发量少百搭发卡头饰,'0,,普通订单,2.69,0,0,0,0,0,0,0,0,0,0,0,-0.13,0,0,0,0,-0.13,0,,0,义乌市黎既电子商务商行（个体工商户）,订单结算
2026-04-22 07:26:56,'2026042207265216409114232131,入账,2.96,聚合账户,货款结算入账,精选联盟,'6925597719780818563,'6925597719780818563,'SS76304413822258056190198,2026-04-15 10:17:19,'3808343037030039986,韩版新款水钻珠子花朵中号抓夹女后脑勺洋气盘发夹时尚半扎鲨鱼夹,'0,,普通订单,0.2,0,0,3.08,0,0,0,0,0,0,0,0,-0.16,0,0,0,0,-0.16,0,,0,义乌市黎既电子商务商行（个体工商户）,订单结算
2026-04-22 07:26:56,'2026042207265234868268062131,入账,1.95,聚合账户,货款结算入账,小店自卖,'6925621332527381672,'6925621332527381672,'SS76303573463717808740078,2026-04-16 10:08:30,'3806280662462366067,kitty猫~刘海贴精致可爱甜美少女棉花糖猫兔碎发贴魔术贴无痕发饰,,,普通订单,1.96,0,0,0,0,0,0,0,0,0,0,0,-0.01,0,0,0,0,0,0,是-商品卡免佣,0.07,义乌市黎既电子商务商行（个体工商户）,订单结算
2026-04-22 07:26:56,'2026042207265238988357482131,入账,3.81,聚合账户,货款结算入账,小店自卖,'6925514348385631395,'6925514348385631395,'SS76302638462178759950116,2026-04-11 17:07:03,'3784368456477049055,韩国气质碎钻满天星抓夹女后脑勺半扎发鲨鱼夹发量少百搭发卡头饰,,,普通订单,3.83,0,0,0,0,0,0,0,0,0,0,0,-0.02,0,0,0,0,0,0,是-商品卡免佣,0.15,义乌市黎既电子商务商行（个体工商户）,订单结算
2026-04-22 07:26:56,'2026042207265317706197022131,入账,5.02,聚合账户,货款结算入账,小店自卖,'6925389383939555297,'6925389383939555297,'SS76302916827075878830060,2026-04-06 20:23:30,'3800878486881697928,韩式新奇豹纹款式高马尾香蕉夹竖夹新款黑色波点布料褶皱发夹时尚,,,普通订单,5.05,0,0,0,0,0,0,0,0,0,0,0,-0.03,0,0,0,0,0,0,是-商品卡免佣,0.22,义乌市黎既电子商务商行（个体工商户）,订单结算
2026-04-22 07:27:06,'2026042207270222698071382131,入账,2.63,聚合账户,货款结算入账,小店自卖,'6925534648946687563,'6925534648946687563,'SS76302879577150431240023,2026-04-12 00:43:56,'3704816470899949761,气质女后脑勺珍珠发卡大号盘发夹鲨鱼夹网红气质头饰女扎马尾发夹,,,普通订单,2.65,0.55,0,0,0,0,0,0,0,0,0,0,-0.02,0,0,0,0,0,0,是-商品卡免佣,0.15,义乌市黎既电子商务商行（个体工商户）,订单结算
2026-04-22 07:27:06,'2026042207270401051363932131,入账,1.95,聚合账户,货款结算入账,小店自卖,'6952047126350927137,'6952047126350927137,'SS76304819473867743130118,2026-04-13 23:58:21,'3806280662462366067,kitty猫~刘海贴精致可爱甜美少女棉花糖猫兔碎发贴魔术贴无痕发饰,,,普通订单,0.01,0,0,1.95,0,0,0,0,0,0,0,0,-0.01,0,0,0,0,0,0,是-商品卡免佣,0.07,义乌市黎既电子商务商行（个体工商户）,订单结算
2026-04-22 07:27:06,'2026042207270304646384732131,入账,2.56,聚合账户,货款结算入账,小店自卖,'6952050028033938684,'6952050028033938684,'SS76304697403643991460015,2026-04-14 14:55:44,'3784368456477049055,韩国气质碎钻满天星抓夹女后脑勺半扎发鲨鱼夹发量少百搭发卡头饰,,,普通订单,0.01,0,0,2.68,0,0,0,0,0,0,0,0,-0.13,0,0,0,0,0,0,,0,义乌市黎既电子商务商行（个体工商户）,订单结算
2026-04-22 07:27:06,'2026042207270317872980942131,入账,3.87,聚合账户,货款结算入账,小店自卖,'6952056630352352654,'6952056630352352654,'SS76304530901310835390045,2026-04-14 13:18:59,'3807732934811713667,新款牡丹花羽毛抓夹女高颜值轻奢时尚百搭鲨鱼夹发饰头饰夹发神器,,,普通订单,0.69,0,0,3.2,0,0,0,0,0,0,0,0,-0.02,0,0,0,0,0,0,是-商品卡免佣,0.15,义乌市黎既电子商务商行（个体工商户）,订单结算
2026-04-22 07:27:06,'2026042207270317873800142131,入账,1.95,聚合账户,货款结算入账,小店自卖,'6952139406528550746,'6952139406528550746,'SS76304307908415327080087,2026-04-17 21:47:43,'3806818304228720842,整理神器可爱蝴蝶结小猫无痕刘海贴魔术贴发饰少女前额侧边碎发贴,,,普通订单,0.01,0,0,1.95,0,0,0,0,0,0,0,0,-0.01,0,0,0,0,0,0,是-商品卡免佣,0.07,义乌市黎既电子商务商行（个体工商户）,订单结算
2026-04-22 07:27:27,'2026042207272424874191702131,入账,3.5,聚合账户,货款结算入账,精选联盟,'6925530446686682343,'6925530446686682343,'SS76302878475941688510012,2026-04-11 22:45:43,'3809232346448789758,新款洗脸专用压发带齿防滑发箍女碎发头箍高颅顶头饰防掉百搭头饰,'0,,普通订单,0.9,0,0,3,0,0,0,0,0,0,0,0,-0.2,0,0,0,0,-0.2,0,,0,义乌市黎既电子商务商行（个体工商户）,订单结算
2026-04-22 07:27:28,'2026042207272339223629322131,入账,2.43,聚合账户,货款结算入账,精选联盟,'6952085495199897256,'6952085495199897256,'SS76303118286142999420164,2026-04-15 19:19:22,'3784368456477049055,韩国气质碎钻满天星抓夹女后脑勺半扎发鲨鱼夹发量少百搭发卡头饰,'0,,普通订单,0.01,0,0,2.68,0,0,0,0,0,0,0,0,-0.13,0,0,0,0,-0.13,0,,0,义乌市黎既电子商务商行（个体工商户）,订单结算
2026-04-22 07:27:28,'2026042207272340609715552131,入账,2.26,聚合账户,货款结算入账,精选联盟,'6925532300588842764,'6925532300588842764,'SS76302879692340925790048,2026-04-12 00:55:24,'3797354479075066126,甜美韩系可爱立体五角星初秋发圈格纹肠圈儿童发饰马尾头绳肠圈,'0,,普通订单,0.01,0,0,2.51,0,0,0,0,0,0,0,0,-0.13,0,0,0,0,-0.13,0,,0,义乌市黎既电子商务商行（个体工商户）,订单结算
2026-04-22 07:27:28,'2026042207272417244818262131,入账,1.76,聚合账户,货款结算入账,精选联盟,'6952135964714538681,'6952135964714538681,'SS76303942109126658750170,2026-04-16 23:58:01,'3806280662462366067,kitty猫~刘海贴精致可爱甜美少女棉花糖猫兔碎发贴魔术贴无痕发饰,'0,,普通订单,1.38,0,0,0.58,0,0,0,0,0,0,0,0,-0.1,0,0,0,0,-0.1,0,,0,义乌市黎既电子商务商行（个体工商户）,订单结算
2026-04-22 07:27:28,'2026042207272318513108882131,入账,2.52,聚合账户,货款结算入账,精选联盟,'6925690534310739512,'6925690534310739512,'SS76304917519765181790190,2026-04-18 13:29:45,'3806285088233226368,韩系~时尚百搭简约女格纹布少女风艺带齿细发箍个性压发箍头箍女,'0,,普通订单,0.01,0,0,2.79,0,0,0,0,0,0,0,0,-0.14,0,0,0,0,-0.14,0,,0,义乌市黎既电子商务商行（个体工商户）,订单结算
2026-04-22 07:28:26,'2026042207282116076966752131,入账,6.15,聚合账户,货款结算入账,小店自卖,'6925525779116621035,'6925525779116621035,'SS76302878646227113460211,2026-04-11 22:49:19,'3752430050918662555,多巴胺彩色波浪抓夹女夏季发量多鲨鱼夹子2025新款后脑勺发夹头饰,,,普通订单,6.19,0,0,0,0,0,0,0,0,0,0,0,-0.04,0,0,0,0,0,0,是-商品卡免佣,0.29,义乌市黎既电子商务商行（个体工商户）,订单结算
2026-04-22 07:28:26,'2026042207282119447362562131,入账,4.82,聚合账户,货款结算入账,小店自卖,'6925582328169594690,'6925582328169594690,'SS76303496803665841070114,2026-04-13 22:31:25,'3677561914218643751,发饰交叉抓夹大号发夹新款盘发卡头饰女简约气质鲨鱼夹后脑勺发爪,,,普通订单,4.85,1.15,0,0,0,0,0,0,0,0,0,0,-0.03,0,0,0,0,0,0,是-商品卡免佣,0.22,义乌市黎既电子商务商行（个体工商户）,订单结算
2026-04-22 07:28:26,'2026042207282116076475232131,入账,2.43,聚合账户,货款结算入账,精选联盟,'6925531757253066427,'6925531757253066427,'SS76303718723073313380016,2026-04-12 13:15:02,'3784368456477049055,韩国气质碎钻满天星抓夹女后脑勺半扎发鲨鱼夹发量少百搭发卡头饰,'7622866447274394661,婷婷百货甄选,普通订单,0.01,0,0,2.68,0,0,0,0,0,0,0,0,-0.13,-0.13,0,0,0,0,0,,0,义乌市黎既电子商务商行（个体工商户）,订单结算
2026-04-22 07:28:26,'2026042207282213367055882131,入账,2.94,聚合账户,货款结算入账,小店自卖,'6925531979744771919,'6925531979744771919,'SS76302878063799509000082,2026-04-11 22:21:31,'3807763574974186291,气质高级亮黑色大号鲨鱼抓夹女后脑勺时尚发卡巨能抓头饰2026新款,,,普通订单,2.96,0,0,0,0,0,0,0,0,0,0,0,-0.02,0,0,0,0,0,0,是-商品卡免佣,0.15,义乌市黎既电子商务商行（个体工商户）,订单结算
2026-04-22 07:28:26,'2026042207282135242317302131,入账,5.71,聚合账户,货款结算入账,小店自卖,'6952004773589554766,'6952004773589554766,'SS76303737867741268740149,2026-04-12 15:20:12,'3673057951649759338,小皮筋小女孩头绳发绳透明多彩小号一次性皮筋儿童橡皮筋发饰扎头,,,普通订单,5.74,1.15,0,0,0,0,0,0,0,0,0,0,-0.03,0,0,0,0,0,0,是-商品卡免佣,0.22,义乌市黎既电子商务商行（个体工商户）,订单结算
2026-04-22 07:28:35,'2026042207283226235049502131,入账,3.94,聚合账户,货款结算入账,小店自卖,'6952127527490294864,'6952127527490294864,'SS76304307983107405150186,2026-04-17 09:07:35,'3783417655927636001,韩国东大门新款小众设计感炫彩色花朵发夹少女感刘海碎发夹头饰,,,普通订单,3.96,0,0,0,0,0,0,0,0,0,0,0,-0.02,0,0,0,0,0,0,是-商品卡免佣,0.15,义乌市黎既电子商务商行（个体工商户）,订单结算
2026-04-22 07:28:35,'2026042207283241069617002131,入账,3.19,聚合账户,货款结算入账,小店自卖,'6952128785208711139,'6952128785208711139,'SS76303052995009295870172,2026-04-16 15:07:50,'3811476737385169110,霞光紫~紫色珍珠字母抓夹女2026新款后脑勺鲨鱼夹大号旅行发卡女 ,,,普通订单,3.21,0,0,0,0,0,0,0,0,0,0,0,-0.02,0,0,0,0,0,0,是-商品卡免佣,0.15,义乌市黎既电子商务商行（个体工商户）,订单结算
2026-04-22 07:28:35,'2026042207283206509245952131,入账,10.88,聚合账户,货款结算入账,小店自卖,'6925644616537964001,'6925644616537964001,'SS76303149668347581940198,2026-04-16 23:21:24,'3796640026289373330,蝴蝶结鸭嘴夹小香风毛呢爆款发夹后脑勺气质洋气盘发一字夹子,,,普通订单,10.95,0,0,0,0,0,0,0,0,0,0,0,-0.07,0,0,0,0,0,0,是-商品卡免佣,0.51,义乌市黎既电子商务商行（个体工商户）,订单结算
2026-04-22 07:28:35,'2026042207283132851075022131,入账,3.89,聚合账户,货款结算入账,小店自卖,'6925615699317653291,'6925615699317653291,'SS76304079618751739260227,2026-04-15 20:19:07,'3807732934811713667,新款牡丹花羽毛抓夹女高颜值轻奢时尚百搭鲨鱼夹发饰头饰夹发神器,,,普通订单,3.91,0,0,0,0,0,0,0,0,0,0,0,-0.02,0,0,0,0,0,0,是-商品卡免佣,0.15,义乌市黎既电子商务商行（个体工商户）,订单结算
2026-04-22 07:28:35,'2026042207283128152629862131,入账,4.47,聚合账户,货款结算入账,小店自卖,'6925633924629560718,'6925633924629560718,'SS76303254767954173820203,2026-04-16 08:02:36,'3807763574974186291,气质高级亮黑色大号鲨鱼抓夹女后脑勺时尚发卡巨能抓头饰2026新款,,,普通订单,4.5,0,0,0,0,0,0,0,0,0,0,0,-0.03,0,0,0,0,0,0,是-商品卡免佣,0.22,义乌市黎既电子商务商行（个体工商户）,订单结算
2026-04-22 07:28:47,'2026042207284406481720752131,入账,2.45,聚合账户,货款结算入账,小店自卖,'6952118821858776318,'6952118821858776318,'SS76304761613735037980053,2026-04-15 22:33:30,'3809235146834575749,可爱新春小狗香蕉夹女高马尾扭扭夹红色竖夹高级感2026韩新款发夹,,,普通订单,2.58,0,0,0,0,0,0,0,0,0,0,0,-0.13,0,0,0,0,0,0,,0,义乌市黎既电子商务商行（个体工商户）,订单结算
2026-04-22 07:28:47,'2026042207284317500408752131,入账,9.55,聚合账户,货款结算入账,小店自卖,'6951865294461211919,'6951865294461211919,'SS76302989641887746820162,2026-04-06 21:38:33,'3748721604591485450,2025新款懒人丸子头简约盘发器女头饰韩式简约百搭扎发花苞头发饰,,,普通订单,9.61,1.15,0,0,0,0,0,0,0,0,0,0,-0.06,0,0,0,0,0,0,是-商品卡免佣,0.44,义乌市黎既电子商务商行（个体工商户）,订单结算
2026-04-22 07:28:47,'2026042207284336756894872131,入账,1.88,聚合账户,货款结算入账,小店自卖,'6925531364758093314,'6925531364758093314,'SS76303253659486458980154,2026-04-12 10:55:20,'3746529925562237053,满钻星星碎发整理神器隐形碎发梳女儿童固定头发夹子拉拉梳头饰,,,普通订单,1.89,0.39,0,0,0,0,0,0,0,0,0,0,-0.01,0,0,0,0,0,0,是-商品卡免佣,0.07,义乌市黎既电子商务商行（个体工商户）,订单结算
2026-04-22 07:28:47,'2026042207284308228869522131,入账,4.61,聚合账户,货款结算入账,小店自卖,'6925607701858057585,'6925607701858057585,'SS76304430011286369700093,2026-04-14 19:14:02,'3768982715341340864,可爱卡通法式珍珠三角抓夹女新款发量多发夹后脑勺高级感鲨鱼夹,,,普通订单,4.64,0.49,0,0,0,0,0,0,0,0,0,0,-0.03,0,0,0,0,0,0,是-商品卡免佣,0.22,义乌市黎既电子商务商行（个体工商户）,订单结算
2026-04-22 07:28:47,'2026042207284338846141502131,入账,4.61,聚合账户,货款结算入账,小店自卖,'6951986346378860062,'6951986346378860062,'SS76302879099793454230239,2026-04-12 01:38:58,'3768982715341340864,可爱卡通法式珍珠三角抓夹女新款发量多发夹后脑勺高级感鲨鱼夹,,,普通订单,4.64,0.49,0,0,0,0,0,0,0,0,0,0,-0.03,0,0,0,0,0,0,是-商品卡免佣,0.22,义乌市黎既电子商务商行（个体工商户）,订单结算
2026-04-22 07:28:48,'2026042207284510620769472131,入账,3.74,聚合账户,货款结算入账,小店自卖,'6952085003087779420,'6952085003087779420,'SS76304350590865411070000,2026-04-15 13:57:14,'3784212171265802285,同款疯狂动物尼克耳朵毛绒发圈头绳秋冬皮筋可爱发绳卡通大肠发饰,,,普通订单,3.76,0.8,0,0,0,0,0,0,0,0,0,0,-0.02,0,0,0,0,0,0,是-商品卡免佣,0.15,义乌市黎既电子商务商行（个体工商户）,订单结算
2026-04-22 07:28:48,'2026042207284518672522672131,入账,4.4,聚合账户,货款结算入账,小店自卖,'6952124940948214847,'6952124940948214847,'SS76304328689968422460002,2026-04-16 22:25:28,'3761395105840365661,高级感水钻满天星发夹女后脑勺盘发神器发卡青蛙夹扭扭夹发卡头饰,,,普通订单,4.63,0,0,0,0,0,0,0,0,0,0,0,-0.23,0,0,0,0,0,0,,0,义乌市黎既电子商务商行（个体工商户）,订单结算
2026-04-22 07:28:48,'2026042207284504706312312131,入账,4.95,聚合账户,货款结算入账,小店自卖,'6952130620683786040,'6952130620683786040,'SS76303887080552537940022,2026-04-16 13:58:47,'3811476737385169110,霞光紫~紫色珍珠字母抓夹女2026新款后脑勺鲨鱼夹大号旅行发卡女 ,,,普通订单,4.98,0,0,0,0,0,0,0,0,0,0,0,-0.03,0,0,0,0,0,0,是-商品卡免佣,0.22,义乌市黎既电子商务商行（个体工商户）,订单结算
2026-04-22 07:28:48,'2026042207284519867612522131,入账,3.14,聚合账户,货款结算入账,小店自卖,'6952126372179351163,'6952126372179351163,'SS76303843565272112910066,2026-04-16 15:32:11,'3796640026289373330,蝴蝶结鸭嘴夹小香风毛呢爆款发夹后脑勺气质洋气盘发一字夹子,,,普通订单,3.16,0,0,0,0,0,0,0,0,0,0,0,-0.02,0,0,0,0,0,0,是-商品卡免佣,0.15,义乌市黎既电子商务商行（个体工商户）,订单结算
2026-04-22 07:28:48,'2026042207284522381409742131,入账,3.81,聚合账户,货款结算入账,小店自卖,'6925666969699122552,'6925666969699122552,'SS76303359695859594340009,2026-04-17 16:37:46,'3784368456477049055,韩国气质碎钻满天星抓夹女后脑勺半扎发鲨鱼夹发量少百搭发卡头饰,,,普通订单,3.83,0,0,0,0,0,0,0,0,0,0,0,-0.02,0,0,0,0,0,0,是-商品卡免佣,0.15,义乌市黎既电子商务商行（个体工商户）,订单结算
2026-04-22 07:29:09,'2026042207290512648128522131,入账,3.78,聚合账户,货款结算入账,小店自卖,'6952118544704148892,'6952118544704148892,'SS76302696310136714600003,2026-04-16 23:16:04,'3673976773902729360,发夹女后脑勺珍珠发卡大号盘发鲨鱼夹韩国ins网红气质头饰抓发夹,,,普通订单,3.8,0.9,0,0,0,0,0,0,0,0,0,0,-0.02,0,0,0,0,0,0,是-商品卡免佣,0.15,义乌市黎既电子商务商行（个体工商户）,订单结算
2026-04-22 07:29:09,'2026042207290514644515992131,入账,2.67,聚合账户,货款结算入账,小店自卖,'6951998520142862200,'6951998520142862200,'SS76302632225208448060134,2026-04-11 17:41:59,'3784368456477049055,韩国气质碎钻满天星抓夹女后脑勺半扎发鲨鱼夹发量少百搭发卡头饰,,,普通订单,2.69,0,0,0,0,0,0,0,0,0,0,0,-0.02,0,0,0,0,0,0,是-商品卡免佣,0.15,义乌市黎既电子商务商行（个体工商户）,订单结算
2026-04-22 07:29:09,'2026042207290623027594242131,入账,5.08,聚合账户,货款结算入账,小店自卖,'6925162793820192294,'6925162793820192294,'SS76302864175168230490030,2026-03-27 18:58:05,'3746150076641313252,网红简约ins纯色宽边发带高颅顶白色发箍女运动健身夏季头饰发饰,,,普通订单,5.11,0.9,0,0,0,0,0,0,0,0,0,0,-0.03,0,0,0,0,0,0,是-商品卡免佣,0.22,义乌市黎既电子商务商行（个体工商户）,订单结算
2026-04-22 07:29:09,'2026042207290522150848342131,入账,1.95,聚合账户,货款结算入账,小店自卖,'6951997700583396987,'6951997700583396987,'SS76303567226198267400054,2026-04-12 13:50:29,'3806280662462366067,kitty猫~刘海贴精致可爱甜美少女棉花糖猫兔碎发贴魔术贴无痕发饰,,,普通订单,1.96,0,0,0,0,0,0,0,0,0,0,0,-0.01,0,0,0,0,0,0,是-商品卡免佣,0.07,义乌市黎既电子商务商行（个体工商户）,订单结算
2026-04-22 07:29:09,'2026042207290413891505162131,入账,3.92,聚合账户,货款结算入账,小店自卖,'6951995100002325777,'6951995100002325777,'SS76302879630626163460193,2026-04-12 00:05:07,'3782115915882169072,束发带男洗脸敷面膜专用头箍化妆头套头巾秋冬发箍绑发捆发卡发饰,,,普通订单,3.94,0,0,0,0,0,0,0,0,0,0,0,-0.02,0,0,0,0,0,0,是-商品卡免佣,0.15,义乌市黎既电子商务商行（个体工商户）,订单结算
2026-04-22 07:29:15,'2026042207291314136942582131,入账,3.66,聚合账户,货款结算入账,小店自卖,'6925642481659968539,'6925642481659968539,'SS76303391657877020420048,2026-04-17 00:47:44,'3763932675732275215,简约高马尾香蕉夹抓夹女高级感2025新款大号一字扭扭夹发夹发饰夏,,,普通订单,0.01,0,0,3.67,0,0,0,0,0,0,0,0,-0.02,0,0,0,0,0,0,是-商品卡免佣,0.15,义乌市黎既电子商务商行（个体工商户）,订单结算
2026-04-22 07:29:15,'2026042207291202613583762131,入账,6.08,聚合账户,货款结算入账,小店自卖,'6952133808384645005,'6952133808384645005,'SS76304406688001725940053,2026-04-16 22:35:29,'3775300451113762884,糖果色海绵发箍女早秋高颅顶显脸小发捆小号甜美可爱发卡洗脸头箍,,,普通订单,6.12,0.9,0,0,0,0,0,0,0,0,0,0,-0.04,0,0,0,0,0,0,是-商品卡免佣,0.29,义乌市黎既电子商务商行（个体工商户）,订单结算
2026-04-22 07:29:15,'2026042207291137500523902131,入账,2.67,聚合账户,货款结算入账,小店自卖,'6925628824533958218,'6925628824533958218,'SS76303299064273843300217,2026-04-15 16:08:58,'3784368456477049055,韩国气质碎钻满天星抓夹女后脑勺半扎发鲨鱼夹发量少百搭发卡头饰,,,普通订单,0.01,0,0,2.68,0,0,0,0,0,0,0,0,-0.02,0,0,0,0,0,0,是-商品卡免佣,0.15,义乌市黎既电子商务商行（个体工商户）,订单结算
2026-04-22 07:29:15,'2026042207291112259497342131,入账,2.43,聚合账户,货款结算入账,精选联盟,'6925622497353760105,'6925622497353760105,'SS76302879790265963900184,2026-04-15 18:31:42,'3784368456477049055,韩国气质碎钻满天星抓夹女后脑勺半扎发鲨鱼夹发量少百搭发卡头饰,'0,,普通订单,0.01,0,0,2.68,0,0,0,0,0,0,0,0,-0.13,0,0,0,0,-0.13,0,,0,义乌市黎既电子商务商行（个体工商户）,订单结算
2026-04-22 07:29:15,'2026042207291101062671452131,入账,2.56,聚合账户,货款结算入账,精选联盟,'6925642183614495817,'6925642183614495817,'SS76304138589554936730194,2026-04-16 22:10:47,'3784368456477049055,韩国气质碎钻满天星抓夹女后脑勺半扎发鲨鱼夹发量少百搭发卡头饰,,,普通订单,0.01,0,0,2.68,0,0,0,0,0,0,0,0,-0.13,0,0,0,0,0,0,,0,义乌市黎既电子商务商行（个体工商户）,订单结算
2026-04-22 07:29:20,'2026042207291635719951712131,入账,4.95,聚合账户,货款结算入账,小店自卖,'6925525815870521043,'6925525815870521043,'SS76302877271205688730121,2026-04-11 23:19:58,'3812573397322432839,新款密齿香蕉韩系法式波点蕾丝蝴蝶结后脑勺盘发发夹发卡马尾发饰,,,普通订单,4.98,0,0,0,0,0,0,0,0,0,0,0,-0.03,0,0,0,0,0,0,是-商品卡免佣,0.22,义乌市黎既电子商务商行（个体工商户）,订单结算
2026-04-22 07:29:20,'2026042207291711245163872131,入账,2.81,聚合账户,货款结算入账,小店自卖,'6951983797429868507,'6951983797429868507,'SS76302623219861594030153,2026-04-11 22:00:57,'3790878995596312771,韩系黑色波点布艺褶皱高马尾香蕉夹竖夹新款豹纹发夹气质百搭发饰,,,普通订单,2.83,0.39,0,0,0,0,0,0,0,0,0,0,-0.02,0,0,0,0,0,0,是-商品卡免佣,0.15,义乌市黎既电子商务商行（个体工商户）,订单结算
2026-04-22 07:29:21,'2026042207291615827932512131,入账,3.75,聚合账户,货款结算入账,小店自卖,'6925517299058900099,'6925517299058900099,'SS76302679091596168060016,2026-04-12 02:28:34,'3746150076641313252,网红简约ins纯色宽边发带高颅顶白色发箍女运动健身夏季头饰发饰,,,普通订单,3.77,0.9,0,0,0,0,0,0,0,0,0,0,-0.02,0,0,0,0,0,0,是-商品卡免佣,0.15,义乌市黎既电子商务商行（个体工商户）,订单结算
2026-04-22 07:29:21,'2026042207291632031094282131,入账,3.73,聚合账户,货款结算入账,小店自卖,'6951995898673173672,'6951995898673173672,'SS76303883034569815390110,2026-04-12 13:29:39,'3806839658764173323,明星同款高级银色金属小钢圈发扣发夹感洋气甜酷风刘海发夹扣发饰,,,普通订单,3.75,0,0,0,0,0,0,0,0,0,0,0,-0.02,0,0,0,0,0,0,是-商品卡免佣,0.15,义乌市黎既电子商务商行（个体工商户）,订单结算
2026-04-22 07:29:21,'2026042207291637133030802131,入账,4.77,聚合账户,货款结算入账,小店自卖,'6951993419934274908,'6951993419934274908,'SS76303714546605798660035,2026-04-12 14:17:42,'3808343037030039986,韩版新款水钻珠子花朵中号抓夹女后脑勺洋气盘发夹时尚半扎鲨鱼夹,,,普通订单,4.8,0,0,0,0,0,0,0,0,0,0,0,-0.03,0,0,0,0,0,0,是-商品卡免佣,0.22,义乌市黎既电子商务商行（个体工商户）,订单结算
2026-04-22 07:29:28,'2026042207292419070162302131,入账,1.95,聚合账户,货款结算入账,小店自卖,'6925611312667590601,'6925611312667590601,'SS76303804616840525220118,2026-04-15 16:55:23,'3806280662462366067,kitty猫~刘海贴精致可爱甜美少女棉花糖猫兔碎发贴魔术贴无痕发饰,,,普通订单,0.01,0,0,1.95,0,0,0,0,0,0,0,0,-0.01,0,0,0,0,0,0,是-商品卡免佣,0.07,义乌市黎既电子商务商行（个体工商户）,订单结算
2026-04-22 07:29:28,'2026042207292421947356502131,入账,6.18,聚合账户,货款结算入账,精选联盟,'6952166385107670763,'6952166385107670763,'SS76304753670395827350189,2026-04-17 22:39:28,'3795705621886664997,韩系可爱小熊格纹发夹女后脑勺马尾竖夹盘发香蕉夹甜美发卡子发饰,'0,,普通订单,6.55,0,0,0,0,0,0,0,0,0,0,0,-0.04,0,0,0,0,-0.33,0,是-商品卡免佣,0.29,义乌市黎既电子商务商行（个体工商户）,订单结算
2026-04-22 07:29:28,'2026042207292500978130302131,入账,1.96,聚合账户,货款结算入账,小店自卖,'6925633637402836333,'6925633637402836333,'SS76302859239970575870189,2026-04-16 00:13:39,'3758427543376625946,卡通可爱儿童抓夹女童丸子头盘发爪夹小女孩后脑勺公主头饰发饰,,,普通订单,0.22,0,0,0,0,0,0,0,1.86,0,0,-0.11,-0.01,0,0,0,0,0,0,是-商品卡免佣,0.07,义乌市黎既电子商务商行（个体工商户）,订单结算
2026-04-22 07:29:28,'2026042207292441663738982131,入账,3.32,聚合账户,货款结算入账,精选联盟,'6925648672917650839,'6925648672917650839,'SS76303927257373127830153,2026-04-16 22:00:28,'3809235146834575749,可爱新春小狗香蕉夹女高马尾扭扭夹红色竖夹高级感2026韩新款发夹,'0,,普通订单,0.01,0,0,3.69,0,0,0,0,0,0,0,0,-0.19,0,0,0,0,-0.19,0,,0,义乌市黎既电子商务商行（个体工商户）,订单结算
2026-04-22 07:29:28,'2026042207292336632005122131,入账,1.94,聚合账户,货款结算入账,小店自卖,'6952104423925159398,'6952104423925159398,'SS76304142589091886270168,2026-04-16 16:44:04,'3763932675732275215,简约高马尾香蕉夹抓夹女高级感2025新款大号一字扭扭夹发夹发饰夏,,,普通订单,0.01,0,0,0,0,0,0,0,0,1.94,0,0,-0.01,0,0,0,0,0,0,是-商品卡免佣,0.07,义乌市黎既电子商务商行（个体工商户）,订单结算
2026-04-22 07:29:53,'2026042207294905468659472131,入账,3.63,聚合账户,货款结算入账,小店自卖,'6952001866932491491,'6952001866932491491,'SS76302879275006533530165,2026-04-12 06:21:06,'3795705621886664997,韩系可爱小熊格纹发夹女后脑勺马尾竖夹盘发香蕉夹甜美发卡子发饰,,,普通订单,3.65,0,0,0,0,0,0,0,0,0,0,0,-0.02,0,0,0,0,0,0,是-商品卡免佣,0.15,义乌市黎既电子商务商行（个体工商户）,订单结算
2026-04-22 07:29:53,'2026042207294927666353072131,入账,3.14,聚合账户,货款结算入账,小店自卖,'6925659482062945704,'6925659482062945704,'SS76304572731520824820053,2026-04-16 22:35:30,'3796640026289373330,蝴蝶结鸭嘴夹小香风毛呢爆款发夹后脑勺气质洋气盘发一字夹子,,,普通订单,3.16,0,0,0,0,0,0,0,0,0,0,0,-0.02,0,0,0,0,0,0,是-商品卡免佣,0.15,义乌市黎既电子商务商行（个体工商户）,订单结算
2026-04-22 07:29:53,'2026042207295022196395932131,入账,4.66,聚合账户,货款结算入账,小店自卖,'6925565897035513650,'6925565897035513650,'SS76304265820205228150116,2026-04-13 19:23:02,'3704406262902030790,高级感磨砂交叉抓夹盘复古头饰简约气质时尚鲨鱼夹后脑勺发饰头饰,,,普通订单,4.69,0.9,0,0,0,0,0,0,0,0,0,0,-0.03,0,0,0,0,0,0,是-商品卡免佣,0.22,义乌市黎既电子商务商行（个体工商户）,订单结算
2026-04-22 07:29:53,'2026042207294938236823142131,入账,2.67,聚合账户,货款结算入账,小店自卖,'6952092293952050849,'6952092293952050849,'SS76303088221925545360249,2026-04-15 22:26:26,'3784368456477049055,韩国气质碎钻满天星抓夹女后脑勺半扎发鲨鱼夹发量少百搭发卡头饰,,,普通订单,2.69,0,0,0,0,0,0,0,0,0,0,0,-0.02,0,0,0,0,0,0,是-商品卡免佣,0.15,义乌市黎既电子商务商行（个体工商户）,订单结算
2026-04-22 07:29:53,'2026042207295018287539392131,入账,2.34,聚合账户,货款结算入账,小店自卖,'6925538037896413135,'6925538037896413135,'SS76303717635574379790101,2026-04-12 15:10:38,'3765261545039331616,韩系涂鸦卡通抓夹女ins百搭高级感发量多鲨鱼夹子气质盘发夹头饰,,,普通订单,2.35,0,0,0,0,0,0,0,0,0,0,0,-0.01,0,0,0,0,0,0,是-商品卡免佣,0.07,义乌市黎既电子商务商行（个体工商户）,订单结算
2026-04-22 07:30:12,'2026042207300939343890282131,入账,1.95,聚合账户,货款结算入账,小店自卖,'6925553125055364769,'6925553125055364769,'SS76303734012233157380235,2026-04-12 14:16:51,'3806280662462366067,kitty猫~刘海贴精致可爱甜美少女棉花糖猫兔碎发贴魔术贴无痕发饰,,,普通订单,1.96,0,0,0,0,0,0,0,0,0,0,0,-0.01,0,0,0,0,0,0,是-商品卡免佣,0.07,义乌市黎既电子商务商行（个体工商户）,订单结算
2026-04-22 07:30:12,'2026042207300837584740202131,入账,6.79,聚合账户,货款结算入账,小店自卖,'6925532973818805932,'6925532973818805932,'SS76303262804623368180071,2026-04-12 10:34:20,'3780082450697421216,时尚优雅布艺发饰仙女碎花大蝴蝶结飘带抓夹女后脑勺鲨鱼夹子发饰,,,普通订单,6.83,0.3,0,0,0,0,0,0,0,0,0,0,-0.04,0,0,0,0,0,0,是-商品卡免佣,0.29,义乌市黎既电子商务商行（个体工商户）,订单结算
2026-04-22 07:30:12,'2026042207300813809748912131,入账,4.04,聚合账户,货款结算入账,精选联盟,'6925521338568834527,'6925521338568834527,'SS76302878165395379630144,2026-04-11 22:34:26,'3746529925562237053,满钻星星碎发整理神器隐形碎发梳女儿童固定头发夹子拉拉梳头饰,'95957951689,菲菲优选,普通订单,4.7,0,0,0,0,0,0,0,0,0,0,0,-0.24,-0.42,0,0,0,0,0,,0,义乌市黎既电子商务商行（个体工商户）,订单结算
2026-04-22 07:30:12,'2026042207300827774001052131,入账,3.95,聚合账户,货款结算入账,小店自卖,'6925522883392077216,'6925522883392077216,'SS76302878370413122560095,2026-04-11 19:24:26,'3683590910169448490,新款碎发梳插梳韩版女孩夹子后脑勺刘海整理发夹卡子成年人发头饰,,,普通订单,3.97,0,0,0,0,0,0,0,0,0,0,0,-0.02,0,0,0,0,0,0,是-商品卡免佣,0.15,义乌市黎既电子商务商行（个体工商户）,订单结算
2026-04-22 07:30:12,'2026042207300904121932992131,入账,4.9,聚合账户,货款结算入账,小店自卖,'6925516861707746432,'6925516861707746432,'SS76302668285899087550195,2026-04-11 21:39:20,'3806817990763217240,整理神器~可爱蝴蝶结小猫无痕刘海贴魔术贴发饰女前额侧边碎发贴,,,普通订单,4.93,0,0,0,0,0,0,0,0,0,0,0,-0.03,0,0,0,0,0,0,是-商品卡免佣,0.22,义乌市黎既电子商务商行（个体工商户）,订单结算
2026-04-22 07:30:27,'2026042207302235443185182131,入账,3.89,聚合账户,货款结算入账,小店自卖,'6951991919981696312,'6951991919981696312,'SS76302661657441285540102,2026-04-11 17:31:41,'3807732934811713667,新款牡丹花羽毛抓夹女高颜值轻奢时尚百搭鲨鱼夹发饰头饰夹发神器,,,普通订单,3.91,0,0,0,0,0,0,0,0,0,0,0,-0.02,0,0,0,0,0,0,是-商品卡免佣,0.15,义乌市黎既电子商务商行（个体工商户）,订单结算
2026-04-22 07:30:27,'2026042207302416328136102131,入账,3.89,聚合账户,货款结算入账,小店自卖,'6951992486861411609,'6951992486861411609,'SS76302662858745940480166,2026-04-11 23:10:17,'3807732934811713667,新款牡丹花羽毛抓夹女高颜值轻奢时尚百搭鲨鱼夹发饰头饰夹发神器,,,普通订单,3.91,0,0,0,0,0,0,0,0,0,0,0,-0.02,0,0,0,0,0,0,是-商品卡免佣,0.15,义乌市黎既电子商务商行（个体工商户）,订单结算
2026-04-22 07:30:27,'2026042207302430122975152131,入账,1.65,聚合账户,货款结算入账,小店自卖,'6952001325788763239,'6952001325788763239,'SS76302878429842478170223,2026-04-11 20:44:17,'3807763574974186291,气质高级亮黑色大号鲨鱼抓夹女后脑勺时尚发卡巨能抓头饰2026新款,,,普通订单,1.66,0,0,0,0,0,0,0,0,0,0,0,-0.01,0,0,0,0,0,0,是-商品卡免佣,0.07,义乌市黎既电子商务商行（个体工商户）,订单结算
2026-04-22 07:30:27,'2026042207302416051451312131,入账,3.87,聚合账户,货款结算入账,小店自卖,'6925530266220199901,'6925530266220199901,'SS76302660159652214260195,2026-04-11 21:53:53,'3807732934811713667,新款牡丹花羽毛抓夹女高颜值轻奢时尚百搭鲨鱼夹发饰头饰夹发神器,,,普通订单,3.89,0,0,0,0,0,0,0,0,0,0,0,-0.02,0,0,0,0,0,0,是-商品卡免佣,0.15,义乌市黎既电子商务商行（个体工商户）,订单结算
2026-04-22 07:30:27,'2026042207302338819313182131,入账,5.71,聚合账户,货款结算入账,小店自卖,'6925533785162350339,'6925533785162350339,'SS76304003910075028540204,2026-04-12 15:46:54,'3673057951649759338,小皮筋小女孩头绳发绳透明多彩小号一次性皮筋儿童橡皮筋发饰扎头,,,普通订单,5.74,1.15,0,0,0,0,0,0,0,0,0,0,-0.03,0,0,0,0,0,0,是-商品卡免佣,0.22,义乌市黎既电子商务商行（个体工商户）,订单结算
2026-04-22 07:30:46,'2026042207304315065298342131,入账,2.67,聚合账户,货款结算入账,小店自卖,'6925519150804926072,'6925519150804926072,'SS76302635537270710280011,2026-04-11 23:31:20,'3784368456477049055,韩国气质碎钻满天星抓夹女后脑勺半扎发鲨鱼夹发量少百搭发卡头饰,,,普通订单,2.69,0,0,0,0,0,0,0,0,0,0,0,-0.02,0,0,0,0,0,0,是-商品卡免佣,0.15,义乌市黎既电子商务商行（个体工商户）,订单结算
2026-04-22 07:30:46,'2026042207304331433897592131,入账,4.04,聚合账户,货款结算入账,小店自卖,'6925510123005705905,'6925510123005705905,'SS76302878542456591420016,2026-04-11 17:51:39,'3807763574974186291,气质高级亮黑色大号鲨鱼抓夹女后脑勺时尚发卡巨能抓头饰2026新款,,,普通订单,4.5,0,0,0,0,0,0,0,0,0,0,0,-0.23,0,0,0,0,-0.23,0,,0,义乌市黎既电子商务商行（个体工商户）,订单结算
2026-04-22 07:30:46,'2026042207304404047549982131,入账,3.72,聚合账户,货款结算入账,小店自卖,'6925526964129660005,'6925526964129660005,'SS76304115911670996880052,2026-04-12 13:21:42,'3747831921233756578,超大蝴蝶结抓夹高级感在逃公主后脑勺发夹盘发鲨鱼夹网红发卡头饰,,,普通订单,3.74,0,0,0,0,0,0,0,0,0,0,0,-0.02,0,0,0,0,0,0,是-商品卡免佣,0.15,义乌市黎既电子商务商行（个体工商户）,订单结算
2026-04-22 07:30:46,'2026042207304413894622982131,入账,2.86,聚合账户,货款结算入账,小店自卖,'6951996632759080815,'6951996632759080815,'SS76302878666776294550008,2026-04-11 21:19:44,'3761395105840365661,高级感水钻满天星发夹女后脑勺盘发神器发卡青蛙夹扭扭夹发卡头饰,,,普通订单,2.88,0,0,0,0,0,0,0,0,0,0,0,-0.02,0,0,0,0,0,0,是-商品卡免佣,0.15,义乌市黎既电子商务商行（个体工商户）,订单结算
2026-04-22 07:30:46,'2026042207304327527421632131,入账,1.91,聚合账户,货款结算入账,小店自卖,'6925533944704695801,'6925533944704695801,'SS76303997630951634440197,2026-04-12 16:45:37,'3776769690882408946,简约三角形头发抓夹高级鲨鱼夹2025秋冬新款发夹后脑勺盘发夹子女,,,普通订单,1.92,0,0,0,0,0,0,0,0,0,0,0,-0.01,0,0,0,0,0,0,是-商品卡免佣,0.07,义乌市黎既电子商务商行（个体工商户）,订单结算
2026-04-22 07:30:58,'2026042207305423873295512131,入账,2.45,聚合账户,货款结算入账,小店自卖,'6925543580880305622,'6925543580880305622,'SS76303238274171215360054,2026-04-12 11:37:45,'3809235146834575749,可爱新春小狗香蕉夹女高马尾扭扭夹红色竖夹高级感2026韩新款发夹,,,普通订单,0.58,0,0,2,0,0,0,0,0,0,0,0,-0.13,0,0,0,0,0,0,,0,义乌市黎既电子商务商行（个体工商户）,订单结算
2026-04-22 07:30:58,'2026042207305411379187352131,入账,2.26,聚合账户,货款结算入账,精选联盟,'6925526182574521559,'6925526182574521559,'SS76302879479313740800237,2026-04-12 05:40:57,'3797354479075066126,甜美韩系可爱立体五角星初秋发圈格纹肠圈儿童发饰马尾头绳肠圈,'0,,普通订单,0.01,0,0,2.51,0,0,0,0,0,0,0,0,-0.13,0,0,0,0,-0.13,0,,0,义乌市黎既电子商务商行（个体工商户）,订单结算
2026-04-22 07:30:58,'2026042207305428023360462131,入账,2.67,聚合账户,货款结算入账,小店自卖,'6951986385744631522,'6951986385744631522,'SS76302637361723192420203,2026-04-12 02:37:18,'3784368456477049055,韩国气质碎钻满天星抓夹女后脑勺半扎发鲨鱼夹发量少百搭发卡头饰,,,普通订单,2.69,0,0,0,0,0,0,0,0,0,0,0,-0.02,0,0,0,0,0,0,是-商品卡免佣,0.15,义乌市黎既电子商务商行（个体工商户）,订单结算
2026-04-22 07:30:58,'2026042207305509705889552131,入账,2.45,聚合账户,货款结算入账,小店自卖,'6952037713978922227,'6952037713978922227,'SS76304269754545444250235,2026-04-13 20:20:32,'3809235146834575749,可爱新春小狗香蕉夹女高马尾扭扭夹红色竖夹高级感2026韩新款发夹,,,普通订单,1.81,0,0,0.77,0,0,0,0,0,0,0,0,-0.13,0,0,0,0,0,0,,0,义乌市黎既电子商务商行（个体工商户）,订单结算
2026-04-22 07:30:58,'2026042207305504113861392131,入账,2.5,聚合账户,货款结算入账,小店自卖,'6951994826973844845,'6951994826973844845,'SS76302878988397450620111,2026-04-11 21:36:39,'3797354479075066126,甜美韩系可爱立体五角星初秋发圈格纹肠圈儿童发饰马尾头绳肠圈,,,普通订单,0.52,0,0,2,0,0,0,0,0,0,0,0,-0.02,0,0,0,0,0,0,是-商品卡免佣,0.15,义乌市黎既电子商务商行（个体工商户）,订单结算
2026-04-22 07:31:02,'2026042207305834531418032131,入账,4.64,聚合账户,货款结算入账,精选联盟,'6952013413430007751,'6952013413430007751,'SS76303714510943685540151,2026-04-12 13:47:18,'3796640026289373330,蝴蝶结鸭嘴夹小香风毛呢爆款发夹后脑勺气质洋气盘发一字夹子,,,普通订单,1.88,0,0,3,0,0,0,0,0,0,0,0,-0.24,0,0,0,0,0,0,,0,义乌市黎既电子商务商行（个体工商户）,订单结算
2026-04-22 07:31:02,'2026042207305826959263352131,入账,2.41,聚合账户,货款结算入账,小店自卖,'6925526813592091852,'6925526813592091852,'SS76304128709074951770093,2026-04-12 12:26:07,'3795708469449982011,新款本命年头饰红色福袋小肠圈扎发皮筋女丸子头新年头绳发圈,,,普通订单,2.42,0,0,0,0,0,0,0,0,0,0,0,-0.01,0,0,0,0,0,0,是-商品卡免佣,0.07,义乌市黎既电子商务商行（个体工商户）,订单结算
2026-04-22 07:31:02,'2026042207305926092385642131,入账,3.45,聚合账户,货款结算入账,精选联盟,'6951999162538136922,'6951999162538136922,'SS76302639576054996540065,2026-04-12 00:07:29,'3784368456477049055,韩国气质碎钻满天星抓夹女后脑勺半扎发鲨鱼夹发量少百搭发卡头饰,'0,,普通订单,0.83,0,0,3,0,0,0,0,0,0,0,0,-0.19,0,0,0,0,-0.19,0,,0,义乌市黎既电子商务商行（个体工商户）,订单结算
2026-04-22 07:31:02,'2026042207305834102482352131,入账,3.27,聚合账户,货款结算入账,精选联盟,'6951990559358784619,'6951990559358784619,'SS76302879229228817980202,2026-04-12 06:07:28,'3806450472450130341,新款复古抓夹女豹纹蝴蝶结鲨鱼夹2026后脑勺盘发发夹高级感发饰,'0,,普通订单,0.45,0,0,3.18,0,0,0,0,0,0,0,0,-0.18,0,0,0,0,-0.18,0,,0,义乌市黎既电子商务商行（个体工商户）,订单结算
2026-04-22 07:31:02,'2026042207305900989476032131,入账,2.52,聚合账户,货款结算入账,小店自卖,'6951995211405858448,'6951995211405858448,'SS76304086014045230430194,2026-04-12 02:45:18,'3709824587400348100,超能抓大号抓夹韩版密齿女后脑勺盘发夹高级感发量多盘发鲨鱼夹子,,,普通订单,2.54,0,0,0,0,0,0,0,0,0,0,0,-0.02,0,0,0,0,0,0,是-商品卡免佣,0.15,义乌市黎既电子商务商行（个体工商户）,订单结算
2026-04-22 07:31:21,'2026042207311830876144792131,入账,2.51,聚合账户,货款结算入账,精选联盟,'6925520555398233185,'6925520555398233185,'SS76302878008481057470120,2026-04-11 16:37:02,'3796640026289373330,蝴蝶结鸭嘴夹小香风毛呢爆款发夹后脑勺气质洋气盘发一字夹子,'0,,普通订单,1.96,0,0,0.83,0,0,0,0,0,0,0,0,-0.14,0,0,0,0,-0.14,0,,0,义乌市黎既电子商务商行（个体工商户）,订单结算
2026-04-22 07:31:21,'2026042207311727571533322131,入账,2.43,聚合账户,货款结算入账,精选联盟,'6951980711789597701,'6951980711789597701,'SS76303550652286896830059,2026-04-11 15:03:44,'3784368456477049055,韩国气质碎钻满天星抓夹女后脑勺半扎发鲨鱼夹发量少百搭发卡头饰,'0,,普通订单,0.01,0,0,2.68,0,0,0,0,0,0,0,0,-0.13,0,0,0,0,-0.13,0,,0,义乌市黎既电子商务商行（个体工商户）,订单结算
2026-04-22 07:31:21,'2026042207311833479401302131,入账,5.07,聚合账户,货款结算入账,小店自卖,'6925626576800677022,'6925626576800677022,'SS76302927876488770960166,2026-04-15 17:15:59,'3752640296001863810,儿童网红卡通发夹韩国公主头饰碎发BB碎发可爱女童碎发发卡,,,普通订单,5.1,0,0,0,0,0,0,0,0,0,0,0,-0.03,0,0,0,0,0,0,是-商品卡免佣,0.22,义乌市黎既电子商务商行（个体工商户）,订单结算
2026-04-22 07:31:21,'2026042207311907976066962131,入账,2.56,聚合账户,货款结算入账,小店自卖,'6952085749798737179,'6952085749798737179,'SS76303758436587768510149,2026-04-14 19:25:25,'3809235146834575749,可爱新春小狗香蕉夹女高马尾扭扭夹红色竖夹高级感2026韩新款发夹,,,普通订单,0.58,0,0,2,0,0,0,0,0,0,0,0,-0.02,0,0,0,0,0,0,是-商品卡免佣,0.15,义乌市黎既电子商务商行（个体工商户）,订单结算
2026-04-22 07:31:21,'2026042207311836421678232131,入账,2.56,聚合账户,货款结算入账,小店自卖,'6952079098489673629,'6952079098489673629,'SS76303175111581867610202,2026-04-14 18:51:17,'3809235146834575749,可爱新春小狗香蕉夹女高马尾扭扭夹红色竖夹高级感2026韩新款发夹,,,普通订单,0.01,0,0,2.57,0,0,0,0,0,0,0,0,-0.02,0,0,0,0,0,0,是-商品卡免佣,0.15,义乌市黎既电子商务商行（个体工商户）,订单结算
2026-04-22 07:32:10,'2026042207320602569997262131,入账,2.41,聚合账户,货款结算入账,精选联盟,'6925659268636376155,'6925659268636376155,'SS76303917186721712990044,2026-04-16 21:19:45,'3812568539638923653,超仙温柔网纱花朵抓夹女高级感2026新款头花发夹后脑勺鲨鱼夹头饰,'0,,普通订单,2.56,0,0,0,0,0,0,0,0,0,0,0,-0.02,0,0,0,0,-0.13,0,是-商品卡免佣,0.15,义乌市黎既电子商务商行（个体工商户）,订单结算
2026-04-22 07:32:10,'2026042207320637003105642131,入账,5.31,聚合账户,货款结算入账,巨量千川,'6952162334166882152,'6952162334166882152,'SS76304332545579750820115,2026-04-18 06:03:37,'3766001784691229117,夏天简约随手盘发一字扭扭夹水钻抓夹高级发夹扭扭后脑勺盘发器,,,普通订单,5.34,0,0,0,0,0,0,0,0,0,0,0,-0.03,0,0,0,0,0,0,是-商品卡免佣,0.22,义乌市黎既电子商务商行（个体工商户）,订单结算
2026-04-22 07:32:10,'2026042207320719516629112131,入账,14.76,聚合账户,货款结算入账,小店自卖,'6952134686736258229,'6952134686736258229,'SS76304407751565644950143,2026-04-17 12:01:37,'3769870038379659571,蓝条纹爱心牛仔三角抓夹女2025新款蕾丝花边鲨鱼夹大号后脑勺发夹,,,普通订单,14.85,0,0,0,0,0,0,0,0,0,0,0,-0.09,0,0,0,0,0,0,是-商品卡免佣,0.66,义乌市黎既电子商务商行（个体工商户）,订单结算
2026-04-22 07:32:10,'2026042207320737108823312131,入账,3.32,聚合账户,货款结算入账,精选联盟,'6925632947168640357,'6925632947168640357,'SS76302900692717903360173,2026-04-16 09:41:00,'3809235146834575749,可爱新春小狗香蕉夹女高马尾扭扭夹红色竖夹高级感2026韩新款发夹,'0,,普通订单,3.7,0,0,0,0,0,0,0,0,0,0,0,-0.19,0,0,0,0,-0.19,0,,0,义乌市黎既电子商务商行（个体工商户）,订单结算
2026-04-22 07:32:10,'2026042207320713303155292131,入账,12.56,聚合账户,货款结算入账,小店自卖,'6925644076703317786,'6925644076703317786,'SS76304003983601180510148,2026-04-16 19:42:36,'3775300451113762884,糖果色海绵发箍女早秋高颅顶显脸小发捆小号甜美可爱发卡洗脸头箍,,,普通订单,12.64,0.9,0,0,0,0,0,0,0,0,0,0,-0.08,0,0,0,0,0,0,是-商品卡免佣,0.59,义乌市黎既电子商务商行（个体工商户）,订单结算
2026-04-22 07:32:13,'2026042207320936589450642131,入账,2.67,聚合账户,货款结算入账,小店自卖,'6925391935048547406,'6925391935048547406,'SS76302937043013470870062,2026-04-06 18:11:58,'3784368456477049055,韩国气质碎钻满天星抓夹女后脑勺半扎发鲨鱼夹发量少百搭发卡头饰,,,普通订单,2.69,0,0,0,0,0,0,0,0,0,0,0,-0.02,0,0,0,0,0,0,是-商品卡免佣,0.15,义乌市黎既电子商务商行（个体工商户）,订单结算
2026-04-22 07:32:13,'2026042207320920019939992131,入账,1.66,聚合账户,货款结算入账,精选联盟,'6925523990651174206,'6925523990651174206,'SS76303253707724887440116,2026-04-12 08:44:00,'3746529925562237053,满钻星星碎发整理神器隐形碎发梳女儿童固定头发夹子拉拉梳头饰,'95957951689,菲菲优选,普通订单,1.89,0.39,0,0,0,0,0,0,0,0,0,0,-0.09,-0.14,0,0,0,0,0,,0,义乌市黎既电子商务商行（个体工商户）,订单结算
2026-04-22 07:32:13,'2026042207321021652444562131,入账,0.55,聚合账户,货款结算入账,小店自卖,'6925529030979386874F00,'6925529030979386874,'SS76303261214521472150121,2026-04-12 10:57:51,'3673388116573553024,运费单,,,普通订单,0.55,0.55,0,0,0,0,0,0,0,0,0,0,0,0,0,0,0,0,0,是-商品卡免佣,0,义乌市黎既电子商务商行（个体工商户）,运费单结算
2026-04-22 07:32:13,'2026042207320931177121632131,入账,4.2,聚合账户,货款结算入账,小店自卖,'6925541924811407328,'6925541924811407328,'SS76304000071889065310067,2026-04-12 16:52:19,'3766001784691229117,夏天简约随手盘发一字扭扭夹水钻抓夹高级发夹扭扭后脑勺盘发器,,,普通订单,4.23,0,0,0,0,0,0,0,0,0,0,0,-0.03,0,0,0,0,0,0,是-商品卡免佣,0.22,义乌市黎既电子商务商行（个体工商户）,订单结算
2026-04-22 07:32:13,'2026042207320932437867862131,入账,0.55,聚合账户,货款结算入账,小店自卖,'6925531046935297435F00,'6925531046935297435,'SS76304131332490695940086,2026-04-12 09:02:12,'3765288178014093975,运费单,,,普通订单,0.55,0.55,0,0,0,0,0,0,0,0,0,0,0,0,0,0,0,0,0,是-商品卡免佣,0,义乌市黎既电子商务商行（个体工商户）,运费单结算
2026-04-22 07:32:28,'2026042207322413429809162131,入账,4.98,聚合账户,货款结算入账,小店自卖,'6925519837922950237,'6925519837922950237,'SS76303879559032346030194,2026-04-12 10:20:47,'3800875216238936273,赵露思同款水钻金属圆形小触角发扣圈脏辫刘海发卡耀眼时尚闪亮头,,,普通订单,5.01,0,0,0,0,0,0,0,0,0,0,0,-0.03,0,0,0,0,0,0,是-商品卡免佣,0.22,义乌市黎既电子商务商行（个体工商户）,订单结算
2026-04-22 07:32:28,'2026042207322413831419312131,入账,2.67,聚合账户,货款结算入账,小店自卖,'6952000067488847135,'6952000067488847135,'SS76303718929060667220013,2026-04-12 14:57:47,'3784368456477049055,韩国气质碎钻满天星抓夹女后脑勺半扎发鲨鱼夹发量少百搭发卡头饰,,,普通订单,2.69,0,0,0,0,0,0,0,0,0,0,0,-0.02,0,0,0,0,0,0,是-商品卡免佣,0.15,义乌市黎既电子商务商行（个体工商户）,订单结算
2026-04-22 07:32:28,'2026042207322428740488082131,入账,2.81,聚合账户,货款结算入账,小店自卖,'6925532373131034199,'6925532373131034199,'SS76302626835068687630189,2026-04-12 01:31:04,'3790878995596312771,韩系黑色波点布艺褶皱高马尾香蕉夹竖夹新款豹纹发夹气质百搭发饰,,,普通订单,2.83,0.39,0,0,0,0,0,0,0,0,0,0,-0.02,0,0,0,0,0,0,是-商品卡免佣,0.15,义乌市黎既电子商务商行（个体工商户）,订单结算
2026-04-22 07:32:28,'2026042207322536240919582131,入账,8.3,聚合账户,货款结算入账,小店自卖,'6951987543737833224,'6951987543737833224,'SS76302879080045163610031,2026-04-11 15:34:50,'3757473223135068613,小女孩卡通盘发杆盘发器儿童公主丸子头盘发神器女童简约盘发器,,,普通订单,8.35,0,0,0,0,0,0,0,0,0,0,0,-0.05,0,0,0,0,0,0,是-商品卡免佣,0.37,义乌市黎既电子商务商行（个体工商户）,订单结算
2026-04-22 07:32:28,'2026042207322515313802662131,入账,2.99,聚合账户,货款结算入账,小店自卖,'6951983909838526150,'6951983909838526150,'SS76302889193677135740047,2026-04-11 22:58:30,'3677662603133452394,儿童拉发针编发器大小号基础编发扎头发穿发棒懒人编发固定神器女,,,普通订单,3.01,1.15,0,0,0,0,0,0,0,0,0,0,-0.02,0,0,0,0,0,0,是-商品卡免佣,0.15,义乌市黎既电子商务商行（个体工商户）,订单结算
2026-04-22 07:32:32,'2026042207323001349760092131,入账,4.4,聚合账户,货款结算入账,精选联盟,'6925649990515326861,'6925649990515326861,'SS76303174929293151220192,2026-04-16 13:04:16,'3796640026289373330,蝴蝶结鸭嘴夹小香风毛呢爆款发夹后脑勺气质洋气盘发一字夹子,'0,,普通订单,0.01,0,0,4.87,0,0,0,0,0,0,0,0,-0.24,0,0,0,0,-0.24,0,,0,义乌市黎既电子商务商行（个体工商户）,订单结算
2026-04-22 07:32:32,'2026042207322920950223872131,入账,8.04,聚合账户,货款结算入账,小店自卖,'6952092302276695269,'6952092302276695269,'SS76303675461190292880073,2026-04-15 22:18:39,'3673976773902729360,发夹女后脑勺珍珠发卡大号盘发鲨鱼夹韩国ins网红气质头饰抓发夹,,,普通订单,6.2,0.9,0,2.26,0,0,0,0,0,0,0,0,-0.42,0,0,0,0,0,0,,0,义乌市黎既电子商务商行（个体工商户）,订单结算
2026-04-22 07:32:32,'2026042207322841441037182131,入账,2.43,聚合账户,货款结算入账,精选联盟,'6925601539551231267,'6925601539551231267,'SS76304308623667041280047,2026-04-15 00:07:00,'3784368456477049055,韩国气质碎钻满天星抓夹女后脑勺半扎发鲨鱼夹发量少百搭发卡头饰,'0,,普通订单,0.01,0,0,2.68,0,0,0,0,0,0,0,0,-0.13,0,0,0,0,-0.13,0,,0,义乌市黎既电子商务商行（个体工商户）,订单结算
2026-04-22 07:32:32,'2026042207322839431214542131,入账,1.79,聚合账户,货款结算入账,精选联盟,'6925645536105693071,'6925645536105693071,'SS76302822646687216790133,2026-04-16 14:37:16,'3809252416780632234,韩国东大门花朵发夹少女刘海碎发夹小众设计感炫彩色头饰新款发饰,'0,,普通订单,0.01,0,0,1.98,0,0,0,0,0,0,0,0,-0.1,0,0,0,0,-0.1,0,,0,义乌市黎既电子商务商行（个体工商户）,订单结算
2026-04-22 07:32:32,'2026042207322934844390672131,入账,2.32,聚合账户,货款结算入账,精选联盟,'6952134244775368087,'6952134244775368087,'SS76301538007918884180094,2026-04-17 07:06:01,'3809235146834575749,可爱新春小狗香蕉夹女高马尾扭扭夹红色竖夹高级感2026韩新款发夹,'0,,普通订单,0.01,0,0,2.57,0,0,0,0,0,0,0,0,-0.13,0,0,0,0,-0.13,0,,0,义乌市黎既电子商务商行（个体工商户）,订单结算
2026-04-22 07:32:39,'2026042207323632826537362131,入账,2.43,聚合账户,货款结算入账,小店自卖,'6925534655980404544,'6925534655980404544,'SS76302626773661332830162,2026-04-12 01:06:05,'3800878486881697928,韩式新奇豹纹款式高马尾香蕉夹竖夹新款黑色波点布料褶皱发夹时尚,,,普通订单,2.44,0,0,0,0,0,0,0,0,0,0,0,-0.01,0,0,0,0,0,0,是-商品卡免佣,0.07,义乌市黎既电子商务商行（个体工商户）,订单结算
2026-04-22 07:32:39,'2026042207323626534098352131,入账,2.81,聚合账户,货款结算入账,小店自卖,'6952019586492995021,'6952019586492995021,'SS76302628141509680900152,2026-04-12 07:22:23,'3790878995596312771,韩系黑色波点布艺褶皱高马尾香蕉夹竖夹新款豹纹发夹气质百搭发饰,,,普通订单,2.83,0.39,0,0,0,0,0,0,0,0,0,0,-0.02,0,0,0,0,0,0,是-商品卡免佣,0.15,义乌市黎既电子商务商行（个体工商户）,订单结算
2026-04-22 07:32:40,'2026042207323609632691352131,入账,7.35,聚合账户,货款结算入账,小店自卖,'6925550618843184472,'6925550618843184472,'SS76304288782632886120076,2026-04-13 13:42:56,'3741356199484981618,山茶花碎发发卡新款后脑勺碎发整理神器夹子儿童发夹发箍头饰发饰,,,普通订单,7.39,0.9,0,0,0,0,0,0,0,0,0,0,-0.04,0,0,0,0,0,0,是-商品卡免佣,0.29,义乌市黎既电子商务商行（个体工商户）,订单结算
2026-04-22 07:32:40,'2026042207323628900892312131,入账,2.52,聚合账户,货款结算入账,精选联盟,'6925627315212353317,'6925627315212353317,'SS76303283632114120180079,2026-04-15 22:18:48,'3806285088233226368,韩系~时尚百搭简约女格纹布少女风艺带齿细发箍个性压发箍头箍女,'0,,普通订单,2.8,0,0,0,0,0,0,0,0,0,0,0,-0.14,0,0,0,0,-0.14,0,,0,义乌市黎既电子商务商行（个体工商户）,订单结算
2026-04-22 07:32:40,'2026042207323609632527512131,入账,4.18,聚合账户,货款结算入账,小店自卖,'6925553421848509976,'6925553421848509976,'SS76304002478689654100017,2026-04-12 16:11:23,'3780083193793872223,简约磨砂发夹弹簧夹后脑勺盘发夹子一字时尚半扎抓发固定少女边夹,,,普通订单,4.21,0,0,0,0,0,0,0,0,0,0,0,-0.03,0,0,0,0,0,0,是-商品卡免佣,0.22,义乌市黎既电子商务商行（个体工商户）,订单结算
2026-04-22 07:32:51,'2026042207324828401175142131,入账,3.81,聚合账户,货款结算入账,小店自卖,'6925638085158272986,'6925638085158272986,'SS76303984233814144510000,2026-04-16 10:20:32,'3784368456477049055,韩国气质碎钻满天星抓夹女后脑勺半扎发鲨鱼夹发量少百搭发卡头饰,,,普通订单,3.83,0,0,0,0,0,0,0,0,0,0,0,-0.02,0,0,0,0,0,0,是-商品卡免佣,0.15,义乌市黎既电子商务商行（个体工商户）,订单结算
2026-04-22 07:32:51,'2026042207324719684398492131,入账,5.08,聚合账户,货款结算入账,小店自卖,'6952113212566476146,'6952113212566476146,'SS76303106676853481230073,2026-04-16 14:47:01,'3746150076641313252,网红简约ins纯色宽边发带高颅顶白色发箍女运动健身夏季头饰发饰,,,普通订单,5.11,0.9,0,0,0,0,0,0,0,0,0,0,-0.03,0,0,0,0,0,0,是-商品卡免佣,0.22,义乌市黎既电子商务商行（个体工商户）,订单结算
2026-04-22 07:32:51,'2026042207324841486464272131,入账,2.43,聚合账户,货款结算入账,精选联盟,'6925656881157733655,'6925656881157733655,'SS76303903998610150550019,2026-04-16 20:38:18,'3784368456477049055,韩国气质碎钻满天星抓夹女后脑勺半扎发鲨鱼夹发量少百搭发卡头饰,'7619171183133246522,川妹精品市集,普通订单,0.19,0,0,0,0,0,0,0,2.5,0,0,0,-0.13,-0.13,0,0,0,0,0,,0,义乌市黎既电子商务商行（个体工商户）,订单结算
2026-04-22 07:33:28,'2026042207332511269412182131,入账,5.53,聚合账户,货款结算入账,小店自卖,'6925537194807688937,'6925537194807688937,'SS76303291449407944020184,2026-04-12 09:56:08,'3784212171265802285,同款疯狂动物尼克耳朵毛绒发圈头绳秋冬皮筋可爱发绳卡通大肠发饰,,,普通订单,5.56,0.8,0,0,0,0,0,0,0,0,0,0,-0.03,0,0,0,0,0,0,是-商品卡免佣,0.22,义乌市黎既电子商务商行（个体工商户）,订单结算
2026-04-22 07:33:28,'2026042207332526098408962131,入账,3.59,聚合账户,货款结算入账,小店自卖,'6952013408925259622,'6952013408925259622,'SS76303713211815081380085,2026-04-12 13:58:45,'3766001784691229117,夏天简约随手盘发一字扭扭夹水钻抓夹高级发夹扭扭后脑勺盘发器,,,普通订单,3.61,0.69,0,0,0,0,0,0,0,0,0,0,-0.02,0,0,0,0,0,0,是-商品卡免佣,0.15,义乌市黎既电子商务商行（个体工商户）,订单结算
2026-04-22 07:33:28,'2026042207332600143531872131,入账,5.37,聚合账户,货款结算入账,小店自卖,'6952006214887019836,'6952006214887019836,'SS76302879586632381790059,2026-04-12 08:07:23,'3752453984623919137,儿童皮筋可爱花朵蝴蝶结扎丸子头发绳女孩马尾头花宝一岁宝宝头饰,,,普通订单,5.4,0,0,0,0,0,0,0,0,0,0,0,-0.03,0,0,0,0,0,0,是-商品卡免佣,0.22,义乌市黎既电子商务商行（个体工商户）,订单结算
2026-04-22 07:33:28,'2026042207332536953175392131,入账,5.87,聚合账户,货款结算入账,小店自卖,'6925536837135007392,'6925536837135007392,'SS76302879406160448340095,2026-04-12 06:24:21,'3677490579148767575,女童刘海夹发卡发小女孩碎发整理神器夹后脑勺隐形倒插梳可爱女生,,,普通订单,6.18,0,0,0,0,0,0,0,0,0,0,0,-0.31,0,0,0,0,0,0,,0,义乌市黎既电子商务商行（个体工商户）,订单结算
2026-04-22 07:33:29,'2026042207332530707719682131,入账,4.47,聚合账户,货款结算入账,小店自卖,'6951996795527435467,'6951996795527435467,'SS76302878453407749530014,2026-04-11 23:01:33,'3807763574974186291,气质高级亮黑色大号鲨鱼抓夹女后脑勺时尚发卡巨能抓头饰2026新款,,,普通订单,4.5,0,0,0,0,0,0,0,0,0,0,0,-0.03,0,0,0,0,0,0,是-商品卡免佣,0.22,义乌市黎既电子商务商行（个体工商户）,订单结算
2026-04-22 07:33:44,'2026042207334113095247882131,入账,4.6,聚合账户,货款结算入账,小店自卖,'6951993201506326333,'6951993201506326333,'SS76303239004983959420178,2026-04-12 12:14:39,'3761395105840365661,高级感水钻满天星发夹女后脑勺盘发神器发卡青蛙夹扭扭夹发卡头饰,,,普通订单,4.63,0,0,0,0,0,0,0,0,0,0,0,-0.03,0,0,0,0,0,0,是-商品卡免佣,0.22,义乌市黎既电子商务商行（个体工商户）,订单结算
2026-04-22 07:33:44,'2026042207334125379315722131,入账,3.87,聚合账户,货款结算入账,小店自卖,'6951998557804500683,'6951998557804500683,'SS76302631984911322010224,2026-04-11 18:38:53,'3790878995596312771,韩系黑色波点布艺褶皱高马尾香蕉夹竖夹新款豹纹发夹气质百搭发饰,,,普通订单,3.89,0,0,0,0,0,0,0,0,0,0,0,-0.02,0,0,0,0,0,0,是-商品卡免佣,0.15,义乌市黎既电子商务商行（个体工商户）,订单结算
2026-04-22 07:33:44,'2026042207334132610063702131,入账,2.67,聚合账户,货款结算入账,小店自卖,'6951983745003099750,'6951983745003099750,'SS76302634328897789940156,2026-04-11 21:41:16,'3784368456477049055,韩国气质碎钻满天星抓夹女后脑勺半扎发鲨鱼夹发量少百搭发卡头饰,,,普通订单,2.69,0,0,0,0,0,0,0,0,0,0,0,-0.02,0,0,0,0,0,0,是-商品卡免佣,0.15,义乌市黎既电子商务商行（个体工商户）,订单结算
2026-04-22 07:33:44,'2026042207334035705042322131,入账,4.94,聚合账户,货款结算入账,小店自卖,'6925523577054199185,'6925523577054199185,'SS76302879110484795510061,2026-04-11 23:53:04,'3769870193174642697,2025春夏新款轻奢边夹时尚气质一字发夹女后脑勺扭扭夹女,,,普通订单,4.97,0,0,0,0,0,0,0,0,0,0,0,-0.03,0,0,0,0,0,0,是-商品卡免佣,0.22,义乌市黎既电子商务商行（个体工商户）,订单结算
2026-04-22 07:33:44,'2026042207334113520407562131,入账,2.86,聚合账户,货款结算入账,小店自卖,'6951999554247005861,'6951999554247005861,'SS76303237635901033380215,2026-04-12 10:14:13,'3761395105840365661,高级感水钻满天星发夹女后脑勺盘发神器发卡青蛙夹扭扭夹发卡头饰,,,普通订单,2.88,0,0,0,0,0,0,0,0,0,0,0,-0.02,0,0,0,0,0,0,是-商品卡免佣,0.15,义乌市黎既电子商务商行（个体工商户）,订单结算
2026-04-22 07:34:21,'2026042207341617670641002131,入账,3.75,聚合账户,货款结算入账,小店自卖,'6951994770319021712,'6951994770319021712,'SS76302680964239529340172,2026-04-11 21:12:02,'3746150076641313252,网红简约ins纯色宽边发带高颅顶白色发箍女运动健身夏季头饰发饰,,,普通订单,1.77,0.9,0,2,0,0,0,0,0,0,0,0,-0.02,0,0,0,0,0,0,是-商品卡免佣,0.15,义乌市黎既电子商务商行（个体工商户）,订单结算
2026-04-22 07:34:21,'2026042207341932715742992131,入账,2.84,聚合账户,货款结算入账,精选联盟,'6925608095761530283,'6925608095761530283,'SS76303668504168207770043,2026-04-14 21:48:54,'3796640026289373330,蝴蝶结鸭嘴夹小香风毛呢爆款发夹后脑勺气质洋气盘发一字夹子,'0,,普通订单,0.16,0,0,3,0,0,0,0,0,0,0,0,-0.16,0,0,0,0,-0.16,0,,0,义乌市黎既电子商务商行（个体工商户）,订单结算
2026-04-22 07:34:21,'2026042207341901446917182131,入账,3.95,聚合账户,货款结算入账,小店自卖,'6952006197020333080,'6952006197020333080,'SS76302718339612352540216,2026-04-12 08:31:06,'3806293802847699345,韩式豹纹波点褶皱高级扭扭马尾卡通风香蕉发夹后脑勺显发发卡头饰,,,普通订单,3.97,0,0,0,0,0,0,0,0,0,0,0,-0.02,0,0,0,0,0,0,是-商品卡免佣,0.15,义乌市黎既电子商务商行（个体工商户）,订单结算
2026-04-22 07:34:21,'2026042207341833233144412131,入账,4.05,聚合账户,货款结算入账,精选联盟,'6925510189486735270,'6925510189486735270,'SS76302688916793597870082,2026-04-11 18:21:24,'3756913689727467793,韩国水钻发夹网红2025年新款高端一字夹女侧边刘海碎发bb夹子头饰,'0,,普通订单,1.65,0,0,3,0,0,0,0,0,0,0,0,-0.23,0,0,0,0,-0.37,0,,0,义乌市黎既电子商务商行（个体工商户）,订单结算
2026-04-22 07:34:21,'2026042207341809485852572131,入账,2.49,聚合账户,货款结算入账,小店自卖,'6951988479220586235,'6951988479220586235,'SS76302879662220088660176,2026-04-12 06:54:15,'3774566142903976371,2025新款高级感海绵防滑高颅顶发箍复古法式洗脸发卡秋冬头箍网红,,,普通订单,0.01,0,0,2.61,0,0,0,0,0,0,0,0,-0.13,0,0,0,0,0,0,,0,义乌市黎既电子商务商行（个体工商户）,订单结算
2026-04-22 07:34:39,'2026042207343607530951782131,入账,4.75,聚合账户,货款结算入账,小店自卖,'6951972211532699492,'6951972211532699492,'SS76302878193069596560235,2026-04-11 16:39:22,'3673424694561865791,薄款牛油果绿系列小丝巾缠包模特搭配装饰品扎头发绑发飘带发带,,,普通订单,1.56,1.55,0,3.44,0,0,0,0,0,0,0,0,-0.25,0,0,0,0,0,0,,0,义乌市黎既电子商务商行（个体工商户）,订单结算
2026-04-22 07:34:39,'2026042207343619258575742131,入账,2.51,聚合账户,货款结算入账,精选联盟,'6952161286677927212,'6952161286677927212,'SS76304720768475302740040,2026-04-17 14:16:41,'3796640026289373330,蝴蝶结鸭嘴夹小香风毛呢爆款发夹后脑勺气质洋气盘发一字夹子,'0,,普通订单,0.01,0,0,2.78,0,0,0,0,0,0,0,0,-0.14,0,0,0,0,-0.14,0,,0,义乌市黎既电子商务商行（个体工商户）,订单结算
2026-04-22 07:34:39,'2026042207343636205043292131,入账,4.77,聚合账户,货款结算入账,小店自卖,'6925537672633679445,'6925537672633679445,'SS76303714598353472430104,2026-04-12 12:54:52,'3808334646693986544,新款水钻珠子花朵后脑勺洋气盘发夹时尚半扎鲨鱼夹6厘米~中号抓夹,,,普通订单,0.8,0,0,2,0,0,0,0,0,2,0,0,-0.03,0,0,0,0,0,0,是-商品卡免佣,0.22,义乌市黎既电子商务商行（个体工商户）,订单结算
2026-04-22 07:34:39,'2026042207343639223178702131,入账,5.72,聚合账户,货款结算入账,精选联盟,'6951991243890955462,'6951991243890955462,'SS76303690662274501310048,2026-04-12 14:11:54,'3757678157491208600,夏季简约醋酸发夹边夹侧边碎发刘海夹女2025新款ins前额bb夹头饰,'0,,普通订单,2.16,0,0,4.42,0,0,0,0,0,0,0,0,-0.33,0,0,0,0,-0.53,0,,0,义乌市黎既电子商务商行（个体工商户）,订单结算
2026-04-22 07:34:39,'2026042207343718962516982131,入账,2.23,聚合账户,货款结算入账,小店自卖,'6925644544910785643,'6925644544910785643,'SS76304406853113454600124,2026-04-16 22:31:03,'3752288720800317586,欧根纱网纱花朵抓夹女高级感2025新款水钻发夹后脑勺高马尾鲨鱼夹,,,普通订单,0.24,0,0,2,0,0,0,0,0,0,0,0,-0.01,0,0,0,0,0,0,是-商品卡免佣,0.07,义乌市黎既电子商务商行（个体工商户）,订单结算
2026-04-22 07:34:55,'2026042207345240778637072131,入账,3.15,聚合账户,货款结算入账,小店自卖,'6925559536563748796,'6925559536563748796,'SS76301904770065536340085,2026-04-13 11:47:58,'3780082702062059836,可爱雪莉玫格子发圈发绳学院JK风红格子公仔刘海鸭嘴夹日系发饰,,,普通订单,0.23,0,0,3.09,0,0,0,0,0,0,0,0,-0.17,0,0,0,0,0,0,,0,义乌市黎既电子商务商行（个体工商户）,订单结算
2026-04-22 07:34:55,'2026042207345211582838022131,入账,1.91,聚合账户,货款结算入账,小店自卖,'6925528870763069030,'6925528870763069030,'SS76303262077563417600219,2026-04-12 10:02:26,'3776769690882408946,简约三角形头发抓夹高级鲨鱼夹2025秋冬新款发夹后脑勺盘发夹子女,,,普通订单,0.01,0,0,1.91,0,0,0,0,0,0,0,0,-0.01,0,0,0,0,0,0,是-商品卡免佣,0.07,义乌市黎既电子商务商行（个体工商户）,订单结算
2026-04-22 07:34:55,'2026042207345301809167632131,入账,4.15,聚合账户,货款结算入账,小店自卖,'6925516672773684380,'6925516672773684380,'SS76302877918598602580221,2026-04-11 20:35:58,'3783820390732792146,豹纹镂空云朵抓夹女高级感2025新款秋冬发量大后脑勺鲨鱼夹子发饰,,,普通订单,1.18,0,0,3,0,0,0,0,0,0,0,0,-0.03,0,0,0,0,0,0,是-商品卡免佣,0.22,义乌市黎既电子商务商行（个体工商户）,订单结算
2026-04-22 07:34:55,'2026042207345206637657702131,入账,2.67,聚合账户,货款结算入账,小店自卖,'6925543985085251395,'6925543985085251395,'SS76303560065779962970060,2026-04-12 15:10:55,'3784368456477049055,韩国气质碎钻满天星抓夹女后脑勺半扎发鲨鱼夹发量少百搭发卡头饰,,,普通订单,0.01,0,0,2.68,0,0,0,0,0,0,0,0,-0.02,0,0,0,0,0,0,是-商品卡免佣,0.15,义乌市黎既电子商务商行（个体工商户）,订单结算
2026-04-22 07:34:55,'2026042207345207362483352131,入账,2.67,聚合账户,货款结算入账,小店自卖,'6952009317168321856,'6952009317168321856,'SS76304088337933153540003,2026-04-12 18:11:33,'3784368456477049055,韩国气质碎钻满天星抓夹女后脑勺半扎发鲨鱼夹发量少百搭发卡头饰,,,普通订单,0.69,0,0,2,0,0,0,0,0,0,0,0,-0.02,0,0,0,0,0,0,是-商品卡免佣,0.15,义乌市黎既电子商务商行（个体工商户）,订单结算
2026-04-22 07:35:05,'2026042207350307052211712131,入账,6.52,聚合账户,货款结算入账,小店自卖,'6951988217645307439,'6951988217645307439,'SS76302878263886159760077,2026-04-11 22:44:34,'3677662856528134270,碎花蝴蝶结大肠发圈女夏季扎头绳飘带发带发绳高级感头花头饰发饰,,,普通订单,6.56,1.15,0,0,0,0,0,0,0,0,0,0,-0.04,0,0,0,0,0,0,是-商品卡免佣,0.29,义乌市黎既电子商务商行（个体工商户）,订单结算
2026-04-22 07:35:05,'2026042207350316008809232131,入账,3.81,聚合账户,货款结算入账,小店自卖,'6951992289774867919,'6951992289774867919,'SS76302638424759339920035,2026-04-11 21:08:13,'3784368456477049055,韩国气质碎钻满天星抓夹女后脑勺半扎发鲨鱼夹发量少百搭发卡头饰,,,普通订单,3.83,0,0,0,0,0,0,0,0,0,0,0,-0.02,0,0,0,0,0,0,是-商品卡免佣,0.15,义乌市黎既电子商务商行（个体工商户）,订单结算
2026-04-22 07:35:05,'2026042207350237351590672131,入账,5.63,聚合账户,货款结算入账,小店自卖,'6952011282385016807,'6952011282385016807,'SS76303879600092121870001,2026-04-12 13:06:17,'3806839693081969009,春夏简约随手盘发高级发夹一字扭扭夹水钻抓夹扭扭后脑勺盘发器,,,普通订单,5.66,0,0,0,0,0,0,0,0,0,0,0,-0.03,0,0,0,0,0,0,是-商品卡免佣,0.22,义乌市黎既电子商务商行（个体工商户）,订单结算
2026-04-22 07:35:05,'2026042207350304667315292131,入账,5.02,聚合账户,货款结算入账,小店自卖,'6951985626569511959,'6951985626569511959,'SS76302634446981084510231,2026-04-11 18:15:52,'3790878995596312771,韩系黑色波点布艺褶皱高马尾香蕉夹竖夹新款豹纹发夹气质百搭发饰,,,普通订单,5.05,0,0,0,0,0,0,0,0,0,0,0,-0.03,0,0,0,0,0,0,是-商品卡免佣,0.22,义乌市黎既电子商务商行（个体工商户）,订单结算
2026-04-22 07:35:05,'2026042207350305686605312131,入账,5.08,聚合账户,货款结算入账,小店自卖,'6952004196084225448,'6952004196084225448,'SS76303745895705484900067,2026-04-12 09:37:58,'3746150076641313252,网红简约ins纯色宽边发带高颅顶白色发箍女运动健身夏季头饰发饰,,,普通订单,5.11,0.9,0,0,0,0,0,0,0,0,0,0,-0.03,0,0,0,0,0,0,是-商品卡免佣,0.22,义乌市黎既电子商务商行（个体工商户）,订单结算
2026-04-22 07:35:21,'2026042207351905878090672131,入账,2.68,聚合账户,货款结算入账,小店自卖,'6952005872645379831,'6952005872645379831,'SS76302878199295227070113,2026-04-11 22:58:06,'3806431274114089028,格纹蝴蝶结头花植绒小熊发圈韩系可爱百搭扎马尾头绳发饰新款发绳,,,普通订单,2.7,0.89,0,0,0,0,0,0,0,0,0,0,-0.02,0,0,0,0,0,0,是-商品卡免佣,0.15,义乌市黎既电子商务商行（个体工商户）,订单结算
2026-04-22 07:35:21,'2026042207351819128322562131,入账,2.43,聚合账户,货款结算入账,精选联盟,'6925521610103029501,'6925521610103029501,'SS76302637372081812980054,2026-04-12 01:24:30,'3784368456477049055,韩国气质碎钻满天星抓夹女后脑勺半扎发鲨鱼夹发量少百搭发卡头饰,'0,,普通订单,2.69,0,0,0,0,0,0,0,0,0,0,0,-0.13,0,0,0,0,-0.13,0,,0,义乌市黎既电子商务商行（个体工商户）,订单结算
2026-04-22 07:35:21,'2026042207351805418071382131,入账,5.08,聚合账户,货款结算入账,小店自卖,'6925530731956174204,'6925530731956174204,'SS76302679215285209940072,2026-04-12 02:46:31,'3746150076641313252,网红简约ins纯色宽边发带高颅顶白色发箍女运动健身夏季头饰发饰,,,普通订单,5.11,0.9,0,0,0,0,0,0,0,0,0,0,-0.03,0,0,0,0,0,0,是-商品卡免佣,0.22,义乌市黎既电子商务商行（个体工商户）,订单结算
2026-04-22 07:35:21,'2026042207351636870435902131,入账,4.4,聚合账户,货款结算入账,精选联盟,'6952017842878683007,'6952017842878683007,'SS76303994016302699870222,2026-04-12 15:30:19,'3796640026289373330,蝴蝶结鸭嘴夹小香风毛呢爆款发夹后脑勺气质洋气盘发一字夹子,'0,,普通订单,4.88,0,0,0,0,0,0,0,0,0,0,0,-0.24,0,0,0,0,-0.24,0,,0,义乌市黎既电子商务商行（个体工商户）,订单结算
2026-04-22 07:35:21,'2026042207351925545815232131,入账,4.85,聚合账户,货款结算入账,小店自卖,'6951983166165226796,'6951983166165226796,'SS76303974645452972040056,2026-04-11 15:13:34,'3796640026289373330,蝴蝶结鸭嘴夹小香风毛呢爆款发夹后脑勺气质洋气盘发一字夹子,,,普通订单,4.88,0,0,0,0,0,0,0,0,0,0,0,-0.03,0,0,0,0,0,0,是-商品卡免佣,0.22,义乌市黎既电子商务商行（个体工商户）,订单结算
2026-04-22 07:36:34,'2026042207363040603161602131,入账,3.39,聚合账户,货款结算入账,小店自卖,'6925646529207041048,'6925646529206975512,'SS76304676405323205540006,2026-04-16 22:45:31,'3750791789322306375,刘海夹前额洋气闪钻轻奢植绒复古夹子双层侧边夹碎发整理夹子女,,,普通订单,3.41,0,0,0,0,0,0,0,0,0,0,0,-0.02,0,0,0,0,0,0,是-商品卡免佣,0.15,义乌市黎既电子商务商行（个体工商户）,订单结算
2026-04-22 07:36:34,'2026042207363133264645642131,入账,2.78,聚合账户,货款结算入账,小店自卖,'6952004177087960827,'6952004177087960827,'SS76303234788324193780032,2026-04-12 09:27:07,'3806285088233226368,韩系~时尚百搭简约女格纹布少女风艺带齿细发箍个性压发箍头箍女,,,普通订单,2.8,0,0,0,0,0,0,0,0,0,0,0,-0.02,0,0,0,0,0,0,是-商品卡免佣,0.15,义乌市黎既电子商务商行（个体工商户）,订单结算
2026-04-22 07:36:34,'2026042207363104197583742131,入账,2.67,聚合账户,货款结算入账,小店自卖,'6952001064389383308,'6952001064389383308,'SS76302633391384010620087,2026-04-11 18:04:51,'3784368456477049055,韩国气质碎钻满天星抓夹女后脑勺半扎发鲨鱼夹发量少百搭发卡头饰,,,普通订单,2.69,0,0,0,0,0,0,0,0,0,0,0,-0.02,0,0,0,0,0,0,是-商品卡免佣,0.15,义乌市黎既电子商务商行（个体工商户）,订单结算
2026-04-22 07:36:34,'2026042207363021111444482131,入账,3.26,聚合账户,货款结算入账,小店自卖,'6925533444068376528,'6925533444068376528,'SS76303714675321247060025,2026-04-12 13:31:53,'3808334646693986544,新款水钻珠子花朵后脑勺洋气盘发夹时尚半扎鲨鱼夹6厘米~中号抓夹,,,普通订单,3.28,0,0,0,0,0,0,0,0,0,0,0,-0.02,0,0,0,0,0,0,是-商品卡免佣,0.15,义乌市黎既电子商务商行（个体工商户）,订单结算
2026-04-22 07:36:34,'2026042207363031043261592131,入账,10.88,聚合账户,货款结算入账,小店自卖,'6925519319773183095,'6925519319773183095,'SS76303889097129495500167,2026-04-12 01:00:46,'3796640026289373330,蝴蝶结鸭嘴夹小香风毛呢爆款发夹后脑勺气质洋气盘发一字夹子,,,普通订单,10.95,0,0,0,0,0,0,0,0,0,0,0,-0.07,0,0,0,0,0,0,是-商品卡免佣,0.51,义乌市黎既电子商务商行（个体工商户）,订单结算
2026-04-22 07:36:34,'2026042207363038194918802131,入账,4.85,聚合账户,货款结算入账,小店自卖,'6925530371023469644,'6925530371023469644,'SS76302878117004457300153,2026-04-11 22:18:01,'3796640026289373330,蝴蝶结鸭嘴夹小香风毛呢爆款发夹后脑勺气质洋气盘发一字夹子,,,普通订单,4.88,0,0,0,0,0,0,0,0,0,0,0,-0.03,0,0,0,0,0,0,是-商品卡免佣,0.22,义乌市黎既电子商务商行（个体工商户）,订单结算
2026-04-22 07:36:34,'2026042207363130285501902131,入账,4.85,聚合账户,货款结算入账,小店自卖,'6952013630926821046,'6952013630926821046,'SS76303974355121812740061,2026-04-12 16:07:38,'3796640026289373330,蝴蝶结鸭嘴夹小香风毛呢爆款发夹后脑勺气质洋气盘发一字夹子,,,普通订单,4.88,0,0,0,0,0,0,0,0,0,0,0,-0.03,0,0,0,0,0,0,是-商品卡免佣,0.22,义乌市黎既电子商务商行（个体工商户）,订单结算
2026-04-22 07:36:34,'2026042207363035868021762131,入账,10.88,聚合账户,货款结算入账,小店自卖,'6925516512795327606,'6925516512795327606,'SS76303889229457165060181,2026-04-11 19:16:40,'3796640026289373330,蝴蝶结鸭嘴夹小香风毛呢爆款发夹后脑勺气质洋气盘发一字夹子,,,普通订单,10.95,0,0,0,0,0,0,0,0,0,0,0,-0.07,0,0,0,0,0,0,是-商品卡免佣,0.51,义乌市黎既电子商务商行（个体工商户）,订单结算
2026-04-22 07:36:34,'2026042207363037265290642131,入账,2.56,聚合账户,货款结算入账,小店自卖,'6925539368888795085,'6925539368888795085,'SS76303602322640123280040,2026-04-12 13:09:07,'3809235146834575749,可爱新春小狗香蕉夹女高马尾扭扭夹红色竖夹高级感2026韩新款发夹,,,普通订单,2.58,0,0,0,0,0,0,0,0,0,0,0,-0.02,0,0,0,0,0,0,是-商品卡免佣,0.15,义乌市黎既电子商务商行（个体工商户）,订单结算
2026-04-22 07:36:34,'2026042207363020649456982131,入账,4.56,聚合账户,货款结算入账,小店自卖,'6952058387554112645,'6952058387554112645,'SS76303783740865907620227,2026-04-14 10:50:17,'3808343037030039986,韩版新款水钻珠子花朵中号抓夹女后脑勺洋气盘发夹时尚半扎鲨鱼夹,,,普通订单,4.8,0,0,0,0,0,0,0,0,0,0,0,-0.24,0,0,0,0,0,0,,0,义乌市黎既电子商务商行（个体工商户）,订单结算
2026-04-22 07:36:51,'2026042207364923241853842131,入账,5.72,聚合账户,货款结算入账,小店自卖,'6925598943313100284,'6925598943313034748,'SS76304574346075387230096,2026-04-14 22:19:14,'3767467090185945187,虞书欣同款金属发扣女水钻圆圈刘海发夹高级感侧边发扣夹边夹头饰,,,普通订单,5.75,0,0,0,0,0,0,0,0,0,0,0,-0.03,0,0,0,0,0,0,是-商品卡免佣,0.22,义乌市黎既电子商务商行（个体工商户）,订单结算
2026-04-22 07:36:51,'2026042207364936619722672131,入账,2.18,聚合账户,货款结算入账,小店自卖,'6951991124679202185,'6951991124679202185,'SS76303717907618903560082,2026-04-12 13:09:35,'3763604235179130936,夏季新款镶钻一字夹高端感抓夹女网红后脑勺懒人夹盘发夹大鸭嘴夹,,,普通订单,2.19,0.39,0,0,0,0,0,0,0,0,0,0,-0.01,0,0,0,0,0,0,是-商品卡免佣,0.07,义乌市黎既电子商务商行（个体工商户）,订单结算
2026-04-22 07:36:51,'2026042207364917325269112131,入账,4.47,聚合账户,货款结算入账,小店自卖,'6951995370927690998,'6951995370927690998,'SS76302879773662459380002,2026-04-12 07:32:51,'3807763574974186291,气质高级亮黑色大号鲨鱼抓夹女后脑勺时尚发卡巨能抓头饰2026新款,,,普通订单,4.5,0,0,0,0,0,0,0,0,0,0,0,-0.03,0,0,0,0,0,0,是-商品卡免佣,0.22,义乌市黎既电子商务商行（个体工商户）,订单结算
2026-04-22 07:36:51,'2026042207364811462456672131,入账,2.67,聚合账户,货款结算入账,小店自卖,'6925526788232216481,'6925526788232216481,'SS76303718151364774820236,2026-04-12 12:00:21,'3784368456477049055,韩国气质碎钻满天星抓夹女后脑勺半扎发鲨鱼夹发量少百搭发卡头饰,,,普通订单,2.69,0,0,0,0,0,0,0,0,0,0,0,-0.02,0,0,0,0,0,0,是-商品卡免佣,0.15,义乌市黎既电子商务商行（个体工商户）,订单结算
2026-04-22 07:36:51,'2026042207364833948021822131,入账,3.87,聚合账户,货款结算入账,小店自卖,'6951878821915268379,'6951878821915268379,'SS76303893345285901180149,2026-04-07 12:35:14,'3807732934811713667,新款牡丹花羽毛抓夹女高颜值轻奢时尚百搭鲨鱼夹发饰头饰夹发神器,,,普通订单,3.89,0,0,0,0,0,0,0,0,0,0,0,-0.02,0,0,0,0,0,0,是-商品卡免佣,0.15,义乌市黎既电子商务商行（个体工商户）,订单结算
2026-04-22 07:37:05,'2026042207370206053240742131,入账,1.21,聚合账户,货款结算入账,小店自卖,'6951957879285552895,'6951957879285552895,'SS76302725593600660630200,2026-04-11 00:58:38,'3778602162209292334,复古针织坑条加宽发箍遮发缝增高颅顶头箍发卡发带发饰品韩版爆款,,,普通订单,1.27,0.39,0,0,0,0,0,0,0,0,0,0,-0.06,0,0,0,0,0,0,,0,义乌市黎既电子商务商行（个体工商户）,订单结算
2026-04-22 07:37:05,'2026042207370224879926162131,入账,2.67,聚合账户,货款结算入账,小店自卖,'6925519861434384230,'6925519861434384230,'SS76303717635581424910026,2026-04-12 10:22:39,'3784368456477049055,韩国气质碎钻满天星抓夹女后脑勺半扎发鲨鱼夹发量少百搭发卡头饰,,,普通订单,2.69,0,0,0,0,0,0,0,0,0,0,0,-0.02,0,0,0,0,0,0,是-商品卡免佣,0.15,义乌市黎既电子商务商行（个体工商户）,订单结算
2026-04-22 07:37:05,'2026042207370215659016182131,入账,3.84,聚合账户,货款结算入账,小店自卖,'6952007887587775684,'6952007887587775684,'SS76302878521046021380163,2026-04-11 21:00:15,'3750791789322306375,刘海夹前额洋气闪钻轻奢植绒复古夹子双层侧边夹碎发整理夹子女,,,普通订单,3.86,0.45,0,0,0,0,0,0,0,0,0,0,-0.02,0,0,0,0,0,0,是-商品卡免佣,0.15,义乌市黎既电子商务商行（个体工商户）,订单结算
2026-04-22 07:37:05,'2026042207370216030315922131,入账,10.88,聚合账户,货款结算入账,小店自卖,'6925537725457071354,'6925537725457071354,'SS76303889563556910580174,2026-04-12 12:53:11,'3796640026289373330,蝴蝶结鸭嘴夹小香风毛呢爆款发夹后脑勺气质洋气盘发一字夹子,,,普通订单,10.95,0,0,0,0,0,0,0,0,0,0,0,-0.07,0,0,0,0,0,0,是-商品卡免佣,0.51,义乌市黎既电子商务商行（个体工商户）,订单结算
2026-04-22 07:37:05,'2026042207370209027261592131,入账,5.32,聚合账户,货款结算入账,小店自卖,'6925521439487130899,'6925521439487130899,'SS76302878673986196540086,2026-04-11 23:10:15,'3750791789322306375,刘海夹前额洋气闪钻轻奢植绒复古夹子双层侧边夹碎发整理夹子女,,,普通订单,5.35,0.45,0,0,0,0,0,0,0,0,0,0,-0.03,0,0,0,0,0,0,是-商品卡免佣,0.22,义乌市黎既电子商务商行（个体工商户）,订单结算
2026-04-22 07:37:05,'2026042207370211104427522131,入账,6.82,聚合账户,货款结算入账,小店自卖,'6925521290505387191,'6925521290505387191,'SS76303260666240415260044,2026-04-11 22:25:46,'3764317382345097551,2025新款高级撞色抓夹卡通可爱小狗发夹大号后脑勺盘发鲨鱼夹女生,,,普通订单,6.86,0,0,0,0,0,0,0,0,0,0,0,-0.04,0,0,0,0,0,0,是-商品卡免佣,0.29,义乌市黎既电子商务商行（个体工商户）,订单结算
2026-04-22 07:37:05,'2026042207370319194557542131,入账,5.7,聚合账户,货款结算入账,小店自卖,'6951981419020490239,'6951981419020490239,'SS76302878450102277550017,2026-04-11 22:46:15,'3747824183825006914,卡通可爱朱迪尼克同款毛绒耳朵大肠发圈不伤发皮筋发绳女2025新款,,,普通订单,5.73,0.8,0,0,0,0,0,0,0,0,0,0,-0.03,0,0,0,0,0,0,是-商品卡免佣,0.22,义乌市黎既电子商务商行（个体工商户）,订单结算
2026-04-22 07:37:05,'2026042207370216204641552131,入账,3.36,聚合账户,货款结算入账,小店自卖,'6952012597527647341,'6952012597527647341,'SS76302878302173765580186,2026-04-11 23:36:53,'3756538958083916481,红樱桃发夹女侧边小抓夹碎发网红刘海夹可爱公主头饰鲨鱼夹气质,,,普通订单,3.38,0.3,0,0,0,0,0,0,0,0,0,0,-0.02,0,0,0,0,0,0,是-商品卡免佣,0.15,义乌市黎既电子商务商行（个体工商户）,订单结算
2026-04-22 07:37:05,'2026042207370305812434112131,入账,10.88,聚合账户,货款结算入账,小店自卖,'6952006971813729430,'6952006971813729430,'SS76303889519204603400175,2026-04-12 16:21:07,'3796640026289373330,蝴蝶结鸭嘴夹小香风毛呢爆款发夹后脑勺气质洋气盘发一字夹子,,,普通订单,10.95,0,0,0,0,0,0,0,0,0,0,0,-0.07,0,0,0,0,0,0,是-商品卡免佣,0.51,义乌市黎既电子商务商行（个体工商户）,订单结算
2026-04-22 07:37:05,'2026042207370231759075992131,入账,9.07,聚合账户,货款结算入账,小店自卖,'6925515142179617846,'6925515142179617846,'SS76296236661121725780083,2026-04-11 22:35:22,'3796640026289373330,蝴蝶结鸭嘴夹小香风毛呢爆款发夹后脑勺气质洋气盘发一字夹子,,,普通订单,10.95,0,0,0,0,0,0,0,0,0,0,-1.82,-0.06,0,0,0,0,0,0,是-商品卡免佣,0.44,义乌市黎既电子商务商行（个体工商户）,订单结算
2026-04-22 07:37:23,'2026042207372001472435472131,入账,3.14,聚合账户,货款结算入账,小店自卖,'6952001347634861790,'6952001347634861790,'SS76302878996761480190128,2026-04-11 21:15:44,'3796640026289373330,蝴蝶结鸭嘴夹小香风毛呢爆款发夹后脑勺气质洋气盘发一字夹子,,,普通订单,3.16,0,0,0,0,0,0,0,0,0,0,0,-0.02,0,0,0,0,0,0,是-商品卡免佣,0.15,义乌市黎既电子商务商行（个体工商户）,订单结算
2026-04-22 07:37:23,'2026042207372007908887552131,入账,9.83,聚合账户,货款结算入账,小店自卖,'6925529902316158394,'6925529902316158394,'SS76302877596917110390096,2026-04-11 19:44:52,'3766725598416863348,2025年爆款发箍女款洗脸专用发卡日常发箍带齿防滑碎发高颅顶发饰,,,普通订单,9.89,0,0,0,0,0,0,0,0,0,0,0,-0.06,0,0,0,0,0,0,是-商品卡免佣,0.44,义乌市黎既电子商务商行（个体工商户）,订单结算
2026-04-22 07:37:23,'2026042207372100132221712131,入账,4.92,聚合账户,货款结算入账,小店自卖,'6952070811738904052,'6952070811738904052,'SS76303790581915161600142,2026-04-15 06:38:14,'3677664591720087699,一次性小橡皮筋女黑色皮套扎头发绳不伤发高弹力头绳儿童发圈弹性,,,普通订单,5.18,1.55,0,0,0,0,0,0,0,0,0,0,-0.26,0,0,0,0,0,0,,0,义乌市黎既电子商务商行（个体工商户）,订单结算
2026-04-22 07:37:23,'2026042207372006815913232131,入账,6.34,聚合账户,货款结算入账,小店自卖,'6925519675084472153,'6925519675084472153,'SS76304085394875681820213,2026-04-12 08:52:07,'3796640026289373330,蝴蝶结鸭嘴夹小香风毛呢爆款发夹后脑勺气质洋气盘发一字夹子,,,普通订单,6.38,0,0,0,0,0,0,0,0,0,0,0,-0.04,0,0,0,0,0,0,是-商品卡免佣,0.29,义乌市黎既电子商务商行（个体工商户）,订单结算
2026-04-22 07:37:23,'2026042207372032313349222131,入账,3.87,聚合账户,货款结算入账,小店自卖,'6925514602426039299,'6925514602426039299,'SS76302638315538232730018,2026-04-11 19:00:44,'3790878995596312771,韩系黑色波点布艺褶皱高马尾香蕉夹竖夹新款豹纹发夹气质百搭发饰,,,普通订单,3.89,0,0,0,0,0,0,0,0,0,0,0,-0.02,0,0,0,0,0,0,是-商品卡免佣,0.15,义乌市黎既电子商务商行（个体工商户）,订单结算
2026-04-22 07:37:37,'2026042207373435879367772131,入账,8.24,聚合账户,货款结算入账,小店自卖,'6925530209325645626,'6925530209325645626,'SS76302878743998635880103,2026-04-11 21:37:19,'3673424694561865791,薄款牛油果绿系列小丝巾缠包模特搭配装饰品扎头发绑发飘带发带,,,普通订单,8.67,1.55,0,0,0,0,0,0,0,0,0,0,-0.43,0,0,0,0,0,0,,0,义乌市黎既电子商务商行（个体工商户）,订单结算
2026-04-22 07:37:37,'2026042207373420332876892131,入账,3.61,聚合账户,货款结算入账,小店自卖,'6925544141773372588,'6925544141773372588,'SS76304002519622948190123,2026-04-12 15:56:18,'3806450472450130341,新款复古抓夹女豹纹蝴蝶结鲨鱼夹2026后脑勺盘发发夹高级感发饰,,,普通订单,3.63,0,0,0,0,0,0,0,0,0,0,0,-0.02,0,0,0,0,0,0,是-商品卡免佣,0.15,义乌市黎既电子商务商行（个体工商户）,订单结算
2026-04-22 07:37:37,'2026042207373437712082342131,入账,2.22,聚合账户,货款结算入账,小店自卖,'6952001690322080845,'6952001690322080845,'SS76302879457867041820060,2026-04-12 00:35:33,'3677561914218643751,发饰交叉抓夹大号发夹新款盘发卡头饰女简约气质鲨鱼夹后脑勺发爪,,,普通订单,2.23,1.15,0,0,0,0,0,0,0,0,0,0,-0.01,0,0,0,0,0,0,是-商品卡免佣,0.07,义乌市黎既电子商务商行（个体工商户）,订单结算
2026-04-22 07:37:37,'2026042207373405713758812131,入账,1.8,聚合账户,货款结算入账,小店自卖,'6925425944533565195,'6925425944533565195,'SS76303785324764902500059,2026-04-07 14:39:42,'3806431274114089028,格纹蝴蝶结头花植绒小熊发圈韩系可爱百搭扎马尾头绳发饰新款发绳,,,普通订单,1.81,0,0,0,0,0,0,0,0,0,0,0,-0.01,0,0,0,0,0,0,是-商品卡免佣,0.07,义乌市黎既电子商务商行（个体工商户）,订单结算
2026-04-22 07:37:37,'2026042207373418084542072131,入账,4.46,聚合账户,货款结算入账,小店自卖,'6951999881091290257,'6951999881091290257,'SS76303693647342640990207,2026-04-12 13:07:05,'3765271406326186377,儿童魔术懒人扭扭盘发器发卡女童发夹蝴蝶结丸子头发带小女孩发夹,,,普通订单,4.49,0,0,0,0,0,0,0,0,0,0,0,-0.03,0,0,0,0,0,0,是-商品卡免佣,0.22,义乌市黎既电子商务商行（个体工商户）,订单结算
2026-04-22 07:38:13,'2026042207381013892818442131,入账,1.91,聚合账户,货款结算入账,小店自卖,'6925519959570218191,'6925519959570218191,'SS76303262115372080740089,2026-04-12 11:23:07,'3776769690882408946,简约三角形头发抓夹高级鲨鱼夹2025秋冬新款发夹后脑勺盘发夹子女,,,普通订单,0.01,0,0,1.91,0,0,0,0,0,0,0,0,-0.01,0,0,0,0,0,0,是-商品卡免佣,0.07,义乌市黎既电子商务商行（个体工商户）,订单结算
2026-04-22 07:38:13,'2026042207381005800266582131,入账,2.19,聚合账户,货款结算入账,小店自卖,'6925553386308205646,'6925553386308205646,'SS76303995690793374780213,2026-04-12 15:46:46,'3754893427498681029,超大号鲨鱼夹女夏天简约气质盘发抓夹黑色发夹发量多发卡头饰发饰,,,普通订单,2.16,2.1,0,0.04,0,0,0,0,0,0,0,0,-0.01,0,0,0,0,0,0,是-商品卡免佣,0.07,义乌市黎既电子商务商行（个体工商户）,订单结算
2026-04-22 07:38:13,'2026042207381027910474762131,入账,11.09,聚合账户,货款结算入账,小店自卖,'6925525095386611487,'6925525095386611487,'SS76303292618423547140137,2026-04-11 17:41:16,'3673424694561865791,薄款牛油果绿系列小丝巾缠包模特搭配装饰品扎头发绑发飘带发带,,,普通订单,11.16,1.55,0,0,0,0,0,0,0,0,0,0,-0.07,0,0,0,0,0,0,是-商品卡免佣,0.51,义乌市黎既电子商务商行（个体工商户）,订单结算
2026-04-22 07:38:13,'2026042207381102899484512131,入账,2.81,聚合账户,货款结算入账,小店自卖,'6925519337479700307,'6925519337479700307,'SS76302878996289625600096,2026-04-12 01:19:43,'3767836959792300411,法式高级感超大号弧形抓夹女新款后脑勺盘发夹发量大鲨鱼夹发卡夹,,,普通订单,0.01,0,0,2.82,0,0,0,0,0,0,0,0,-0.02,0,0,0,0,0,0,是-商品卡免佣,0.15,义乌市黎既电子商务商行（个体工商户）,订单结算
2026-04-22 07:38:13,'2026042207381109163412632131,入账,2.56,聚合账户,货款结算入账,精选联盟,'6925620978445942195,'6925620978445942195,'SS76303802160322319710063,2026-04-16 03:12:06,'3784368456477049055,韩国气质碎钻满天星抓夹女后脑勺半扎发鲨鱼夹发量少百搭发卡头饰,,,普通订单,0.01,0,0,2.68,0,0,0,0,0,0,0,0,-0.13,0,0,0,0,0,0,,0,义乌市黎既电子商务商行（个体工商户）,订单结算
2026-04-22 07:38:26,'2026042207382231845750162131,入账,2.67,聚合账户,货款结算入账,小店自卖,'6952013392968619496,'6952013392968619496,'SS76303718809982574340062,2026-04-12 13:23:17,'3784368456477049055,韩国气质碎钻满天星抓夹女后脑勺半扎发鲨鱼夹发量少百搭发卡头饰,,,普通订单,0.69,0,0,2,0,0,0,0,0,0,0,0,-0.02,0,0,0,0,0,0,是-商品卡免佣,0.15,义乌市黎既电子商务商行（个体工商户）,订单结算
2026-04-22 07:38:26,'2026042207382315984235872131,入账,2.69,聚合账户,货款结算入账,小店自卖,'6925536029079666197,'6925536029079666197,'SS76303711799086822830171,2026-04-12 15:03:37,'3790878995596312771,韩系黑色波点布艺褶皱高马尾香蕉夹竖夹新款豹纹发夹气质百搭发饰,,,普通订单,0.83,0.39,0,2,0,0,0,0,0,0,0,0,-0.14,0,0,0,0,0,0,,0,义乌市黎既电子商务商行（个体工商户）,订单结算
2026-04-22 07:38:26,'2026042207382318778895362131,入账,2.84,聚合账户,货款结算入账,精选联盟,'6925533297631001978,'6925533297631001978,'SS76303714470892511240143,2026-04-12 12:35:53,'3796640026289373330,蝴蝶结鸭嘴夹小香风毛呢爆款发夹后脑勺气质洋气盘发一字夹子,'0,,普通订单,0.16,0,0,3,0,0,0,0,0,0,0,0,-0.16,0,0,0,0,-0.16,0,,0,义乌市黎既电子商务商行（个体工商户）,订单结算
2026-04-22 07:38:26,'2026042207382315269399042131,入账,5.08,聚合账户,货款结算入账,小店自卖,'6952018275838400221,'6952018275838400221,'SS76282129683248914110017,2026-04-12 20:31:30,'3746150076641313252,网红简约ins纯色宽边发带高颅顶白色发箍女运动健身夏季头饰发饰,,,普通订单,4.93,0.9,0,0.18,0,0,0,0,0,0,0,0,-0.03,0,0,0,0,0,0,是-商品卡免佣,0.22,义乌市黎既电子商务商行（个体工商户）,订单结算
2026-04-22 07:38:26,'2026042207382336373962762131,入账,2.43,聚合账户,货款结算入账,精选联盟,'6952008906851620767,'6952008906851620767,'SS76303718924987438590210,2026-04-12 13:29:30,'3784368456477049055,韩国气质碎钻满天星抓夹女后脑勺半扎发鲨鱼夹发量少百搭发卡头饰,'0,,普通订单,0.01,0,0,2.68,0,0,0,0,0,0,0,0,-0.13,0,0,0,0,-0.13,0,,0,义乌市黎既电子商务商行（个体工商户）,订单结算
2026-04-22 07:40:27,'2026042207402329033272722131,入账,3.45,聚合账户,货款结算入账,精选联盟,'6952022290128180836,'6952022290128180836,'SS76303719227965115400037,2026-04-12 15:19:39,'3784368456477049055,韩国气质碎钻满天星抓夹女后脑勺半扎发鲨鱼夹发量少百搭发卡头饰,'0,,普通订单,0.83,0,0,3,0,0,0,0,0,0,0,0,-0.19,0,0,0,0,-0.19,0,,0,义乌市黎既电子商务商行（个体工商户）,订单结算
2026-04-22 07:40:27,'2026042207402337882273742131,入账,2.67,聚合账户,货款结算入账,小店自卖,'6925521660283354389,'6925521660283354389,'SS76303550920379110860062,2026-04-12 01:14:43,'3784368456477049055,韩国气质碎钻满天星抓夹女后脑勺半扎发鲨鱼夹发量少百搭发卡头饰,,,普通订单,0.01,0,0,2.68,0,0,0,0,0,0,0,0,-0.02,0,0,0,0,0,0,是-商品卡免佣,0.15,义乌市黎既电子商务商行（个体工商户）,订单结算
2026-04-22 07:40:27,'2026042207402421773849702131,入账,2.15,聚合账户,货款结算入账,小店自卖,'6925524439369153850,'6925524439369153850,'SS76303703377796631440060,2026-04-12 12:09:03,'3806293802847699345,韩式豹纹波点褶皱高级扭扭马尾卡通风香蕉发夹后脑勺显发发卡头饰,,,普通订单,2.16,0,0,0,0,0,0,0,0,0,0,0,-0.01,0,0,0,0,0,0,是-商品卡免佣,0.07,义乌市黎既电子商务商行（个体工商户）,订单结算
2026-04-22 07:40:27,'2026042207402404448914022131,入账,3.75,聚合账户,货款结算入账,小店自卖,'6925537848231690095,'6925537848231690095,'SS76303746378470853660240,2026-04-12 14:04:18,'3746150076641313252,网红简约ins纯色宽边发带高颅顶白色发箍女运动健身夏季头饰发饰,,,普通订单,1.77,0.9,0,0,0,0,0,0,0,2,0,0,-0.02,0,0,0,0,0,0,是-商品卡免佣,0.15,义乌市黎既电子商务商行（个体工商户）,订单结算
2026-04-22 07:40:27,'2026042207402332561403282131,入账,3.81,聚合账户,货款结算入账,小店自卖,'6952051424352344012,'6952051424352344012,'SS76304519559443953270098,2026-04-13 22:20:10,'3784368456477049055,韩国气质碎钻满天星抓夹女后脑勺半扎发鲨鱼夹发量少百搭发卡头饰,,,普通订单,3.83,0,0,0,0,0,0,0,0,0,0,0,-0.02,0,0,0,0,0,0,是-商品卡免佣,0.15,义乌市黎既电子商务商行（个体工商户）,订单结算
2026-04-22 07:42:07,'2026042207420400140621222131,入账,4.04,聚合账户,货款结算入账,精选联盟,'6952003890453026292,'6952003890453026292,'SS76302878931205699100176,2026-04-12 02:55:03,'3746529925562237053,满钻星星碎发整理神器隐形碎发梳女儿童固定头发夹子拉拉梳头饰,'95957951689,菲菲优选,普通订单,4.7,0,0,0,0,0,0,0,0,0,0,0,-0.24,-0.42,0,0,0,0,0,,0,义乌市黎既电子商务商行（个体工商户）,订单结算
2026-04-22 07:42:07,'2026042207420331971909522131,入账,2.56,聚合账户,货款结算入账,小店自卖,'6925530254047280493,'6925530254047280493,'SS76302634349331914640173,2026-04-11 21:42:26,'3784368456477049055,韩国气质碎钻满天星抓夹女后脑勺半扎发鲨鱼夹发量少百搭发卡头饰,,,普通订单,0.01,0,0,2.68,0,0,0,0,0,0,0,0,-0.13,0,0,0,0,0,0,,0,义乌市黎既电子商务商行（个体工商户）,订单结算
2026-04-22 07:42:07,'2026042207420326518003202131,入账,4.17,聚合账户,货款结算入账,精选联盟,'6925525955510304663,'6925525955510304663,'SS76302878272172856410023,2026-04-11 23:50:41,'3761395105840365661,高级感水钻满天星发夹女后脑勺盘发神器发卡青蛙夹扭扭夹发卡头饰,'0,,普通订单,3.25,0,0,1.38,0,0,0,0,0,0,0,0,-0.23,0,0,0,0,-0.23,0,,0,义乌市黎既电子商务商行（个体工商户）,订单结算
2026-04-22 07:42:07,'2026042207420402528876042131,入账,3.08,聚合账户,货款结算入账,小店自卖,'6925512538916683471,'6925512538916683471,'SS76302877888309010340178,2026-04-11 18:34:13,'3746153916182692087,法式文艺~复古甜美方巾大肠发圈女高级感ins大号高马尾甜妹发饰,,,普通订单,0.24,0,0,3,0,0,0,0,0,0,0,0,-0.16,0,0,0,0,0,0,,0,义乌市黎既电子商务商行（个体工商户）,订单结算
2026-04-22 07:42:07,'2026042207420404927698322131,入账,2.55,聚合账户,货款结算入账,精选联盟,'6925519225585761616,'6925519225585761616,'SS76302878174031879830076,2026-04-11 23:39:16,'3755801469274686220,电话线发圈时尚简约加粗珍珠头绳高弹力头绳皮筋女扎头不伤发发绳,'0,,普通订单,0.01,0,0,2.92,0,0,0,0,0,0,0,0,-0.15,0,0,0,0,-0.23,0,,0,义乌市黎既电子商务商行（个体工商户）,订单结算
2026-04-22 07:42:19,'2026042207421620029606832131,入账,3.88,聚合账户,货款结算入账,小店自卖,'6951990987009889486,'6951990987009889486,'SS76303263969213652900132,2026-04-12 11:41:43,'3800133155571237294,新款儿童可爱碎发梳女童新款夏天卡通碎发夹整理神器发卡女孩发饰,,,普通订单,3.9,0,0,0,0,0,0,0,0,0,0,0,-0.02,0,0,0,0,0,0,是-商品卡免佣,0.15,义乌市黎既电子商务商行（个体工商户）,订单结算
2026-04-22 07:42:19,'2026042207421600769111472131,入账,1.69,聚合账户,货款结算入账,小店自卖,'6952015039112877959,'6952015039112877959,'SS76288795584223157860051,2026-04-12 08:49:13,'3809235146834575749,可爱新春小狗香蕉夹女高马尾扭扭夹红色竖夹高级感2026韩新款发夹,,,普通订单,3.7,0,0,0,0,0,0,0,0,0,0,-2,-0.01,0,0,0,0,0,0,是-商品卡免佣,0.07,义乌市黎既电子商务商行（个体工商户）,订单结算
2026-04-22 07:42:19,'2026042207421510827533142131,入账,3.94,聚合账户,货款结算入账,小店自卖,'6925538212514529236,'6925538212514529236,'SS76304002698717476270120,2026-04-12 16:20:41,'3806479482789953902,新款蓝楹蝶!甜美氛围感头花侧边夹旅行发卡！早春气质蓝色花朵发夹,,,普通订单,3.96,0,0,0,0,0,0,0,0,0,0,0,-0.02,0,0,0,0,0,0,是-商品卡免佣,0.15,义乌市黎既电子商务商行（个体工商户）,订单结算
2026-04-22 07:42:19,'2026042207421536882358392131,入账,3.91,聚合账户,货款结算入账,小店自卖,'6952001262870140511,'6952001262870140511,'SS76302669143590057230075,2026-04-11 20:10:55,'3806817990763217240,整理神器~可爱蝴蝶结小猫无痕刘海贴魔术贴发饰女前额侧边碎发贴,,,普通订单,3.93,0,0,0,0,0,0,0,0,0,0,0,-0.02,0,0,0,0,0,0,是-商品卡免佣,0.15,义乌市黎既电子商务商行（个体工商户）,订单结算
2026-04-22 09:02:24,'2026042209022122151542102131,出账,1,聚合账户,小额打款,,'6952057413122004677,'6952057413122004677,,,,,,,普通订单,0,0,0,0,0,0,0,0,0,0,0,0,0,0,0,0,0,0,0,,0,义乌市黎既电子商务商行（个体工商户）,商家向消费者小额打款-“其他”
2026-04-22 09:35:39,'2026042209353318175270462131,出账,1,聚合账户,小额打款,,'6925719157493038959,'6925719157493038959,,,,,,,普通订单,0,0,0,0,0,0,0,0,0,0,0,0,0,0,0,0,0,0,0,,0,义乌市黎既电子商务商行（个体工商户）,商家向消费者小额打款-“其他”
2026-04-22 09:38:34,'2026042209383140444237262131,出账,1,聚合账户,小额打款,,'6925719157493038959,'6925719157493038959,,,,,,,普通订单,0,0,0,0,0,0,0,0,0,0,0,0,0,0,0,0,0,0,0,,0,义乌市黎既电子商务商行（个体工商户）,商家向消费者小额打款-“其他”
2026-04-22 09:44:24,'2026042209442131722381182131,入账,5.02,聚合账户,货款结算入账,小店自卖,'6925546118521323003,'6925546118521257467,'SS76304000037853273870027,2026-04-12 15:54:01,'3742849967501476190,可爱小女孩网红爆款树脂发饰高颅顶神器女士童通用梳马尾头饰发饰,,,普通订单,5.28,0,0,0,0,0,0,0,0,0,0,0,-0.26,0,0,0,0,0,0,,0,义乌市黎既电子商务商行（个体工商户）,订单结算
2026-04-22 09:44:24,'2026042209442127186629622131,入账,6.15,聚合账户,货款结算入账,小店自卖,'6925518267556396551,'6925518267556396551,'SS76302878548350940250077,2026-04-11 16:52:43,'3751345399902896376,儿童发饰后脑勺碎发神器发梳女童刘海插梳整理发卡网红发夹头饰女,,,普通订单,6.19,0.55,0,0,0,0,0,0,0,0,0,0,-0.04,0,0,0,0,0,0,是-商品卡免佣,0.29,义乌市黎既电子商务商行（个体工商户）,订单结算
2026-04-22 09:44:24,'2026042209442129486781502131,入账,2.78,聚合账户,货款结算入账,小店自卖,'6952079653393667666,'6952079653393667666,'SS76304181118059033950116,2026-04-14 23:49:40,'3806285088233226368,韩系~时尚百搭简约女格纹布少女风艺带齿细发箍个性压发箍头箍女,,,普通订单,2.8,0,0,0,0,0,0,0,0,0,0,0,-0.02,0,0,0,0,0,0,是-商品卡免佣,0.15,义乌市黎既电子商务商行（个体工商户）,订单结算
2026-04-22 09:44:24,'2026042209442137585062672131,入账,9.95,聚合账户,货款结算入账,小店自卖,'6925523220376354063,'6925523220376354063,'SS76302879002126955980013,2026-04-11 21:30:40,'3742849967501476190,可爱小女孩网红爆款树脂发饰高颅顶神器女士童通用梳马尾头饰发饰,,,普通订单,10.01,1.15,0,0,0,0,0,0,0,0,0,0,-0.06,0,0,0,0,0,0,是-商品卡免佣,0.44,义乌市黎既电子商务商行（个体工商户）,订单结算
2026-04-22 09:44:24,'2026042209442039897505372131,入账,4.83,聚合账户,货款结算入账,小店自卖,'6925550634569137521,'6925550634569137521,'SS76304107927621842320025,2026-04-12 13:20:03,'3808304279178051966,2026新款头绳蝴蝶结女大肠发圈显瘦百搭编织春夏复古丸子发绳韩系,,,普通订单,4.86,0,0,0,0,0,0,0,0,0,0,0,-0.03,0,0,0,0,0,0,是-商品卡免佣,0.22,义乌市黎既电子商务商行（个体工商户）,订单结算
2026-04-22 09:44:39,'2026042209443734536371462131,入账,3.81,聚合账户,货款结算入账,小店自卖,'6925519081642491843,'6925519081642491843,'SS76302639521576432700056,2026-04-11 23:08:50,'3784368456477049055,韩国气质碎钻满天星抓夹女后脑勺半扎发鲨鱼夹发量少百搭发卡头饰,,,普通订单,3.83,0,0,0,0,0,0,0,0,0,0,0,-0.02,0,0,0,0,0,0,是-商品卡免佣,0.15,义乌市黎既电子商务商行（个体工商户）,订单结算
2026-04-22 09:44:39,'2026042209443735842137692131,入账,2.67,聚合账户,货款结算入账,小店自卖,'6925393775159508266,'6925393775159508266,'SS76302936982404964240212,2026-04-06 18:03:46,'3784368456477049055,韩国气质碎钻满天星抓夹女后脑勺半扎发鲨鱼夹发量少百搭发卡头饰,,,普通订单,2.69,0,0,0,0,0,0,0,0,0,0,0,-0.02,0,0,0,0,0,0,是-商品卡免佣,0.15,义乌市黎既电子商务商行（个体工商户）,订单结算
2026-04-22 09:44:39,'2026042209443734399360102131,入账,0.45,聚合账户,货款结算入账,小店自卖,'6925646529206975512F00,'6925646529206975512,'SS76304676405323860900068,2026-04-16 22:45:31,'3750791789322306375,运费单,,,普通订单,0.45,0.45,0,0,0,0,0,0,0,0,0,0,0,0,0,0,0,0,0,是-商品卡免佣,0,义乌市黎既电子商务商行（个体工商户）,运费单结算
2026-04-22 09:44:39,'2026042209443617757844582131,入账,8.38,聚合账户,货款结算入账,小店自卖,'6952001100358882318,'6952001100358882318,'SS76302877978505223680084,2026-04-11 18:14:39,'3806817990763217240,整理神器~可爱蝴蝶结小猫无痕刘海贴魔术贴发饰女前额侧边碎发贴,,,普通订单,8.43,0,0,0,0,0,0,0,0,0,0,0,-0.05,0,0,0,0,0,0,是-商品卡免佣,0.37,义乌市黎既电子商务商行（个体工商户）,订单结算
2026-04-22 09:44:39,'2026042209443605419546062131,入账,3.01,聚合账户,货款结算入账,小店自卖,'6951995077319202293,'6951995077319202293,'SS76302877883486418460233,2026-04-11 23:46:46,'3677561914218643751,发饰交叉抓夹大号发夹新款盘发卡头饰女简约气质鲨鱼夹后脑勺发爪,,,普通订单,3.03,1.15,0,0,0,0,0,0,0,0,0,0,-0.02,0,0,0,0,0,0,是-商品卡免佣,0.15,义乌市黎既电子商务商行（个体工商户）,订单结算
2026-04-22 09:44:46,'2026042209444316950441232131,入账,5.71,聚合账户,货款结算入账,小店自卖,'6925534930352832370,'6925534930352832370,'SS76302888865768412700086,2026-04-12 07:42:23,'3673057951649759338,小皮筋小女孩头绳发绳透明多彩小号一次性皮筋儿童橡皮筋发饰扎头,,,普通订单,5.74,1.15,0,0,0,0,0,0,0,0,0,0,-0.03,0,0,0,0,0,0,是-商品卡免佣,0.22,义乌市黎既电子商务商行（个体工商户）,订单结算
2026-04-22 09:44:46,'2026042209444324246892022131,入账,3.75,聚合账户,货款结算入账,小店自卖,'6925533421938900224,'6925533421938900224,'SS76303746326416921960069,2026-04-12 13:28:12,'3746150076641313252,网红简约ins纯色宽边发带高颅顶白色发箍女运动健身夏季头饰发饰,,,普通订单,3.77,0.9,0,0,0,0,0,0,0,0,0,0,-0.02,0,0,0,0,0,0,是-商品卡免佣,0.15,义乌市黎既电子商务商行（个体工商户）,订单结算
2026-04-22 09:44:46,'2026042209444400252152782131,入账,3.3,聚合账户,货款结算入账,小店自卖,'6925529030979386874,'6925529030979386874,'SS76303261151196454800068,2026-04-12 10:57:51,'3673388116573553024,花朵儿童盘发神器新款宝宝丸子头盘发器宝宝扎头神器头饰发饰女孩,,,普通订单,3.32,0,0,0,0,0,0,0,0,0,0,0,-0.02,0,0,0,0,0,0,是-商品卡免佣,0.15,义乌市黎既电子商务商行（个体工商户）,订单结算
2026-04-22 09:44:46,'2026042209444317624763342131,入账,3.94,聚合账户,货款结算入账,小店自卖,'6925536610131279111,'6925536610131279111,'SS76302879170929790070168,2026-04-12 00:13:44,'3806479482789953902,新款蓝楹蝶!甜美氛围感头花侧边夹旅行发卡！早春气质蓝色花朵发夹,,,普通订单,3.96,0,0,0,0,0,0,0,0,0,0,0,-0.02,0,0,0,0,0,0,是-商品卡免佣,0.15,义乌市黎既电子商务商行（个体工商户）,订单结算
2026-04-22 09:44:46,'2026042209444409776870742131,入账,4.85,聚合账户,货款结算入账,小店自卖,'6952006534623926062,'6952006534623926062,'SS76303259669090350350052,2026-04-12 11:31:13,'3796640026289373330,蝴蝶结鸭嘴夹小香风毛呢爆款发夹后脑勺气质洋气盘发一字夹子,,,普通订单,4.88,0,0,0,0,0,0,0,0,0,0,0,-0.03,0,0,0,0,0,0,是-商品卡免佣,0.22,义乌市黎既电子商务商行（个体工商户）,订单结算
2026-04-22 09:44:54,'2026042209445209324017022131,入账,3.69,聚合账户,货款结算入账,小店自卖,'6925518451608091659,'6925518451608091659,'SS76302878458186839540152,2026-04-11 18:27:55,'3757473223135068613,小女孩卡通盘发杆盘发器儿童公主丸子头盘发神器女童简约盘发器,,,普通订单,3.71,0,0,0,0,0,0,0,0,0,0,0,-0.02,0,0,0,0,0,0,是-商品卡免佣,0.15,义乌市黎既电子商务商行（个体工商户）,订单结算
2026-04-22 09:44:54,'2026042209445130623501312131,入账,3.63,聚合账户,货款结算入账,小店自卖,'6951987669307757986,'6951987669307757986,'SS76302878390016619520118,2026-04-11 17:21:42,'3795705621886664997,韩系可爱小熊格纹发夹女后脑勺马尾竖夹盘发香蕉夹甜美发卡子发饰,,,普通订单,0.01,0,0,0,0,0,0,0,0,3.64,0,0,-0.02,0,0,0,0,0,0,是-商品卡免佣,0.15,义乌市黎既电子商务商行（个体工商户）,订单结算
2026-04-22 09:44:54,'2026042209445129919032832131,入账,10.88,聚合账户,货款结算入账,小店自卖,'6951995899359204573,'6951995899359204573,'SS76303889608371573910172,2026-04-12 12:47:04,'3796640026289373330,蝴蝶结鸭嘴夹小香风毛呢爆款发夹后脑勺气质洋气盘发一字夹子,,,普通订单,10.95,0,0,0,0,0,0,0,0,0,0,0,-0.07,0,0,0,0,0,0,是-商品卡免佣,0.51,义乌市黎既电子商务商行（个体工商户）,订单结算
2026-04-22 09:44:54,'2026042209445126095457782131,入账,5.47,聚合账户,货款结算入账,小店自卖,'6925529170984533541,'6925529170984533541,'SS76303260826881070500064,2026-04-12 11:51:15,'3677561914218643751,发饰交叉抓夹大号发夹新款盘发卡头饰女简约气质鲨鱼夹后脑勺发爪,,,普通订单,5.5,1.15,0,0,0,0,0,0,0,0,0,0,-0.03,0,0,0,0,0,0,是-商品卡免佣,0.22,义乌市黎既电子商务商行（个体工商户）,订单结算
2026-04-22 09:44:54,'2026042209445123331474192131,入账,2.67,聚合账户,货款结算入账,小店自卖,'6951991956763055306,'6951991956763055306,'SS76302632193583024900128,2026-04-11 17:02:57,'3784368456477049055,韩国气质碎钻满天星抓夹女后脑勺半扎发鲨鱼夹发量少百搭发卡头饰,,,普通订单,2.69,0,0,0,0,0,0,0,0,0,0,0,-0.02,0,0,0,0,0,0,是-商品卡免佣,0.15,义乌市黎既电子商务商行（个体工商户）,订单结算
2026-04-22 09:44:54,'2026042209445124682214662131,入账,1.57,聚合账户,货款结算入账,小店自卖,'6952017797860366104,'6952017797860366104,'SS76289509066883118600140,2026-04-12 15:14:21,'3809235146834575749,可爱新春小狗香蕉夹女高马尾扭扭夹红色竖夹高级感2026韩新款发夹,,,普通订单,2.58,0,0,0,0,0,0,0,0,0,0,-1,-0.01,0,0,0,0,0,0,是-商品卡免佣,0.07,义乌市黎既电子商务商行（个体工商户）,订单结算
2026-04-22 09:44:54,'2026042209445130051087742131,入账,3.34,聚合账户,货款结算入账,小店自卖,'6952004496479950620,'6952004496479950620,'SS76303728630583506350080,2026-04-12 12:43:23,'3806839693081969009,春夏简约随手盘发高级发夹一字扭扭夹水钻抓夹扭扭后脑勺盘发器,,,普通订单,3.36,0,0,0,0,0,0,0,0,0,0,0,-0.02,0,0,0,0,0,0,是-商品卡免佣,0.15,义乌市黎既电子商务商行（个体工商户）,订单结算
2026-04-22 09:44:54,'2026042209445126095621622131,入账,2.85,聚合账户,货款结算入账,小店自卖,'6925520971899567184,'6925520971899567184,'SS76302877928369687230124,2026-04-11 20:24:34,'3747800080678256720,夏季网红新款小草头上发夹长草可爱超萌碎豆芽夹子头顶搞怪发饰,,,普通订单,2.87,0,0,0,0,0,0,0,0,0,0,0,-0.02,0,0,0,0,0,0,是-商品卡免佣,0.15,义乌市黎既电子商务商行（个体工商户）,订单结算
2026-04-22 09:44:54,'2026042209445132175557582131,入账,1.36,聚合账户,货款结算入账,小店自卖,'6951977041041888740,'6951977041041888740,'SS76302878080112768000239,2026-04-11 22:29:49,'3745788060114223511,五角星星水钻发夹女碎发刘海夹子满钻镂空侧边夹后脑勺发卡bb夹,,,普通订单,1.37,0,0,0,0,0,0,0,0,0,0,0,-0.01,0,0,0,0,0,0,是-商品卡免佣,0.07,义乌市黎既电子商务商行（个体工商户）,订单结算
2026-04-22 09:44:54,'2026042209445136379735502131,入账,4.42,聚合账户,货款结算入账,小店自卖,'6952080308420613531,'6952080308420613531,'SS76304255708617815460212,2026-04-15 12:22:47,'3769870038379659571,蓝条纹爱心牛仔三角抓夹女2025新款蕾丝花边鲨鱼夹大号后脑勺发夹,,,普通订单,4.45,0,0,0,0,0,0,0,0,0,0,0,-0.03,0,0,0,0,0,0,是-商品卡免佣,0.22,义乌市黎既电子商务商行（个体工商户）,订单结算
2026-04-22 09:45:06,'2026042209450316382735622131,入账,2.89,聚合账户,货款结算入账,精选联盟,'6925537226591796493,'6925537226591796493,'SS76303260791522801020118,2026-04-12 10:05:48,'3811476737385169110,霞光紫~紫色珍珠字母抓夹女2026新款后脑勺鲨鱼夹大号旅行发卡女 ,'0,,普通订单,0.21,0,0,3,0,0,0,0,0,0,0,0,-0.16,0,0,0,0,-0.16,0,,0,义乌市黎既电子商务商行（个体工商户）,订单结算
2026-04-22 09:45:06,'2026042209450407059709902131,入账,2.81,聚合账户,货款结算入账,小店自卖,'6925523764999323586,'6925523764999323586,'SS76302628029677245840056,2026-04-12 02:55:04,'3790878995596312771,韩系黑色波点布艺褶皱高马尾香蕉夹竖夹新款豹纹发夹气质百搭发饰,,,普通订单,0.83,0.39,0,2,0,0,0,0,0,0,0,0,-0.02,0,0,0,0,0,0,是-商品卡免佣,0.15,义乌市黎既电子商务商行（个体工商户）,订单结算
2026-04-22 09:45:06,'2026042209450310749261072131,入账,2.35,聚合账户,货款结算入账,精选联盟,'6925523999121047195,'6925523999121047195,'SS76303033962313653950170,2026-04-12 08:48:44,'3704816470899949761,气质女后脑勺珍珠发卡大号盘发夹鲨鱼夹网红气质头饰女扎马尾发夹,'0,,普通订单,2.65,0.55,0,0,0,0,0,0,0,0,0,0,-0.13,0,0,0,0,-0.17,0,,0,义乌市黎既电子商务商行（个体工商户）,订单结算
2026-04-22 09:45:06,'2026042209450326635144192131,入账,3.71,聚合账户,货款结算入账,小店自卖,'6951999874868975048,'6951999874868975048,'SS76303735847537385060097,2026-04-12 12:58:51,'3807732934811713667,新款牡丹花羽毛抓夹女高颜值轻奢时尚百搭鲨鱼夹发饰头饰夹发神器,,,普通订单,3.91,0,0,0,0,0,0,0,0,0,0,0,-0.2,0,0,0,0,0,0,,0,义乌市黎既电子商务商行（个体工商户）,订单结算
2026-04-22 09:45:06,'2026042209450304323576422131,入账,1.94,聚合账户,货款结算入账,小店自卖,'6951999493014820414,'6951999493014820414,'SS76303724338368028420161,2026-04-12 09:38:04,'3806839693081969009,春夏简约随手盘发高级发夹一字扭扭夹水钻抓夹扭扭后脑勺盘发器,,,普通订单,1.95,0,0,0,0,0,0,0,0,0,0,0,-0.01,0,0,0,0,0,0,是-商品卡免佣,0.07,义乌市黎既电子商务商行（个体工商户）,订单结算
2026-04-22 09:45:06,'2026042209450329326259582131,入账,5.31,聚合账户,货款结算入账,小店自卖,'6925531203417701623,'6925531203417701623,'SS76303711925413486480216,2026-04-12 09:54:26,'3766001784691229117,夏天简约随手盘发一字扭扭夹水钻抓夹高级发夹扭扭后脑勺盘发器,,,普通订单,5.34,0,0,0,0,0,0,0,0,0,0,0,-0.03,0,0,0,0,0,0,是-商品卡免佣,0.22,义乌市黎既电子商务商行（个体工商户）,订单结算
2026-04-22 09:45:06,'2026042209450310749588752131,入账,2.87,聚合账户,货款结算入账,小店自卖,'6925521221378866218,'6925521221378866218,'SS76302878173877378830117,2026-04-11 22:10:16,'3746151571088605628,发量多加大号南瓜抓夹女2025新款高级感亮面鲨鱼夹后脑勺气质简约,,,普通订单,0.01,0,0,2.2,0,0,0,0,0.68,0,0,0,-0.02,0,0,0,0,0,0,是-商品卡免佣,0.15,义乌市黎既电子商务商行（个体工商户）,订单结算
2026-04-22 09:45:06,'2026042209450323306286592131,入账,6.76,聚合账户,货款结算入账,小店自卖,'6952002394864358831,'6952002394864358831,'SS76304107918165937100009,2026-04-12 12:20:11,'3808297920495747487,韩式新款头绳高级小众手工编织豹纹大肠发圈显发量马尾丸子头发绳,,,普通订单,6.8,0,0,0,0,0,0,0,0,0,0,0,-0.04,0,0,0,0,0,0,是-商品卡免佣,0.29,义乌市黎既电子商务商行（个体工商户）,订单结算
2026-04-22 09:45:06,'2026042209450401259441102131,入账,5.32,聚合账户,货款结算入账,小店自卖,'6925525156118888079,'6925525156118888079,'SS76302878666109957640060,2026-04-11 18:30:27,'3750791789322306375,刘海夹前额洋气闪钻轻奢植绒复古夹子双层侧边夹碎发整理夹子女,,,普通订单,5.35,0.45,0,0,0,0,0,0,0,0,0,0,-0.03,0,0,0,0,0,0,是-商品卡免佣,0.22,义乌市黎既电子商务商行（个体工商户）,订单结算
2026-04-22 09:45:06,'2026042209450235911603662131,入账,3.59,聚合账户,货款结算入账,小店自卖,'6951986116288649020,'6951986116288649020,'SS76303124843316021910058,2026-04-11 22:20:33,'3766001784691229117,夏天简约随手盘发一字扭扭夹水钻抓夹高级发夹扭扭后脑勺盘发器,,,普通订单,3.61,0.69,0,0,0,0,0,0,0,0,0,0,-0.02,0,0,0,0,0,0,是-商品卡免佣,0.15,义乌市黎既电子商务商行（个体工商户）,订单结算
2026-04-22 09:45:24,'2026042209452118261450622131,入账,2.77,聚合账户,货款结算入账,精选联盟,'6925534905019170451,'6925534905019170451,'SS76302879753143424150215,2026-04-12 07:51:18,'3756542157910048845,樱桃小抓夹羊毛卷发饰碎发夹女2025新款网红半扎后脑勺刘海夹侧边,'0,,普通订单,0.19,0,0,3,0,0,0,0,0,0,0,0,-0.16,0,0,0,0,-0.26,0,,0,义乌市黎既电子商务商行（个体工商户）,订单结算
2026-04-22 09:45:24,'2026042209452218543293902131,入账,9.13,聚合账户,货款结算入账,精选联盟,'6925526892182732625,'6925526892182732625,'SS76303994841365263700113,2026-04-12 12:54:38,'3800875967916933265,2026新款牡丹花发夹抓夹女新款高端夹子后脑勺鲨鱼夹盘发夹子头饰,'0,,普通订单,5.01,0,0,5.14,0,0,0,0,0,0,0,0,-0.51,0,0,0,0,-0.51,0,,0,义乌市黎既电子商务商行（个体工商户）,订单结算
2026-04-22 09:45:25,'2026042209452129347231262131,入账,10.88,聚合账户,货款结算入账,小店自卖,'6951988732841563996,'6951988732841563996,'SS76303889523606331240231,2026-04-12 09:56:22,'3796640026289373330,蝴蝶结鸭嘴夹小香风毛呢爆款发夹后脑勺气质洋气盘发一字夹子,,,普通订单,10.95,0,0,0,0,0,0,0,0,0,0,0,-0.07,0,0,0,0,0,0,是-商品卡免佣,0.51,义乌市黎既电子商务商行（个体工商户）,订单结算
2026-04-22 09:45:25,'2026042209452126479703232131,入账,3.87,聚合账户,货款结算入账,小店自卖,'6951974719204889992,'6951974719204889992,'SS76302632140225579620035,2026-04-11 19:12:25,'3790878995596312771,韩系黑色波点布艺褶皱高马尾香蕉夹竖夹新款豹纹发夹气质百搭发饰,,,普通订单,3.89,0,0,0,0,0,0,0,0,0,0,0,-0.02,0,0,0,0,0,0,是-商品卡免佣,0.15,义乌市黎既电子商务商行（个体工商户）,订单结算
2026-04-22 09:45:25,'2026042209452225729643712131,入账,2.78,聚合账户,货款结算入账,小店自卖,'6951993083102107450,'6951993083102107450,'SS76303234796826135390230,2026-04-12 10:48:03,'3806285088233226368,韩系~时尚百搭简约女格纹布少女风艺带齿细发箍个性压发箍头箍女,,,普通订单,2.8,0,0,0,0,0,0,0,0,0,0,0,-0.02,0,0,0,0,0,0,是-商品卡免佣,0.15,义乌市黎既电子商务商行（个体工商户）,订单结算
2026-04-22 09:45:31,'2026042209452833269030912131,入账,2.78,聚合账户,货款结算入账,小店自卖,'6925518617315475343,'6925518617315475343,'SS76302878628202788260080,2026-04-11 20:12:20,'3806285088233226368,韩系~时尚百搭简约女格纹布少女风艺带齿细发箍个性压发箍头箍女,,,普通订单,2.8,0,0,0,0,0,0,0,0,0,0,0,-0.02,0,0,0,0,0,0,是-商品卡免佣,0.15,义乌市黎既电子商务商行（个体工商户）,订单结算
2026-04-22 09:45:31,'2026042209452833268534272131,入账,1.75,聚合账户,货款结算入账,精选联盟,'6925518845775347173,'6925518845775347173,'SS76302652229183780100239,2026-04-11 21:42:13,'3806839693081969009,春夏简约随手盘发高级发夹一字扭扭夹水钻抓夹扭扭后脑勺盘发器,'0,,普通订单,0.01,0,0,1.94,0,0,0,0,0,0,0,0,-0.1,0,0,0,0,-0.1,0,,0,义乌市黎既电子商务商行（个体工商户）,订单结算
2026-04-22 09:45:32,'2026042209452933097490462131,入账,2.65,聚合账户,货款结算入账,小店自卖,'6951986233738008068,'6951986233738008068,'SS76302656255259778960029,2026-04-12 00:03:29,'3766001784691229117,夏天简约随手盘发一字扭扭夹水钻抓夹高级发夹扭扭后脑勺盘发器,,,普通订单,0.7,0.69,0,1.97,0,0,0,0,0,0,0,0,-0.02,0,0,0,0,0,0,是-商品卡免佣,0.15,义乌市黎既电子商务商行（个体工商户）,订单结算
2026-04-22 09:45:32,'2026042209452900902477262131,入账,2.57,聚合账户,货款结算入账,精选联盟,'6925516847255616700,'6925516847255616700,'SS76302623205973694070005,2026-04-11 21:54:13,'3790878995596312771,韩系黑色波点布艺褶皱高马尾香蕉夹竖夹新款豹纹发夹气质百搭发饰,'0,,普通订单,0.4,0.39,0,2.43,0,0,0,0,0,0,0,0,-0.14,0,0,0,0,-0.12,0,,0,义乌市黎既电子商务商行（个体工商户）,订单结算
2026-04-22 09:45:32,'2026042209452938088543222131,入账,2.67,聚合账户,货款结算入账,小店自卖,'6925553164465503688,'6925553164465503688,'SS76303718980351921020015,2026-04-12 14:17:09,'3784368456477049055,韩国气质碎钻满天星抓夹女后脑勺半扎发鲨鱼夹发量少百搭发卡头饰,,,普通订单,2.69,0,0,0,0,0,0,0,0,0,0,0,-0.02,0,0,0,0,0,0,是-商品卡免佣,0.15,义乌市黎既电子商务商行（个体工商户）,订单结算
2026-04-22 09:45:32,'2026042209452739583298622131,入账,2.67,聚合账户,货款结算入账,小店自卖,'6952071600172504869,'6952071600172504869,'SS76304665448207652470167,2026-04-14 11:05:58,'3784368456477049055,韩国气质碎钻满天星抓夹女后脑勺半扎发鲨鱼夹发量少百搭发卡头饰,,,普通订单,2.69,0,0,0,0,0,0,0,0,0,0,0,-0.02,0,0,0,0,0,0,是-商品卡免佣,0.15,义乌市黎既电子商务商行（个体工商户）,订单结算
2026-04-22 09:45:32,'2026042209452826911214232131,入账,1.95,聚合账户,货款结算入账,小店自卖,'6952140289931154684,'6952140289931154684,'SS76304739853356733630097,2026-04-16 22:35:48,'3806818304228720842,整理神器可爱蝴蝶结小猫无痕刘海贴魔术贴发饰少女前额侧边碎发贴,,,普通订单,0.01,0,0,1.95,0,0,0,0,0,0,0,0,-0.01,0,0,0,0,0,0,是-商品卡免佣,0.07,义乌市黎既电子商务商行（个体工商户）,订单结算
2026-04-22 09:45:32,'2026042209452934365611622131,入账,5.16,聚合账户,货款结算入账,小店自卖,'6925541503702891746,'6925541503702891746,'SS76303694706453222550190,2026-04-12 13:33:36,'3764317339412201667,气质简约珠珠发夹女夏季新款高级感盘发扭扭夹子后脑勺一字夹发饰,,,普通订单,5.19,0,0,0,0,0,0,0,0,0,0,0,-0.03,0,0,0,0,0,0,是-商品卡免佣,0.22,义乌市黎既电子商务商行（个体工商户）,订单结算
2026-04-22 09:45:32,'2026042209452905935641952131,入账,6.52,聚合账户,货款结算入账,小店自卖,'6952008775239079470,'6952008775239079470,'SS76303260864727004160145,2026-04-12 11:27:58,'3807772957347021060,新款高级感法式蝴蝶抓夹半披发发夹花朵新款女款后脑勺半扎发发饰,,,普通订单,6.56,0,0,0,0,0,0,0,0,0,0,0,-0.04,0,0,0,0,0,0,是-商品卡免佣,0.29,义乌市黎既电子商务商行（个体工商户）,订单结算
2026-04-22 09:45:32,'2026042209452839783511192131,入账,2.57,聚合账户,货款结算入账,小店自卖,'6952002799972783420,'6952002799972783420,'SS76304000115675632740064,2026-04-12 16:04:10,'3758427543376625946,卡通可爱儿童抓夹女童丸子头盘发爪夹小女孩后脑勺公主头饰发饰,,,普通订单,2.59,0,0,0,0,0,0,0,0,0,0,0,-0.02,0,0,0,0,0,0,是-商品卡免佣,0.15,义乌市黎既电子商务商行（个体工商户）,订单结算
2026-04-22 09:46:10,'2026042209460715155737982131,入账,5.72,聚合账户,货款结算入账,小店自卖,'6925598943313034748,'6925598943313034748,'SS76304574312442803740024,2026-04-14 22:19:14,'3767832559665414622,小号水钻蝴蝶结侧边鸭嘴夹子水晶发卡高级感发夹迷你刘海夹头饰,,,普通订单,5.75,0,0,0,0,0,0,0,0,0,0,0,-0.03,0,0,0,0,0,0,是-商品卡免佣,0.22,义乌市黎既电子商务商行（个体工商户）,订单结算
2026-04-22 09:46:10,'2026042209460639983025042131,入账,2.22,聚合账户,货款结算入账,小店自卖,'6951980871838996005,'6951980871838996005,'SS76302878594344883350131,2026-04-11 17:09:19,'3677561914218643751,发饰交叉抓夹大号发夹新款盘发卡头饰女简约气质鲨鱼夹后脑勺发爪,,,普通订单,2.23,1.15,0,0,0,0,0,0,0,0,0,0,-0.01,0,0,0,0,0,0,是-商品卡免佣,0.07,义乌市黎既电子商务商行（个体工商户）,订单结算
2026-04-22 09:46:10,'2026042209460732345459302131,入账,3.95,聚合账户,货款结算入账,小店自卖,'6925516929410628933,'6925516929410628933,'SS76302878075042370960142,2026-04-11 22:17:44,'3683590910169448490,新款碎发梳插梳韩版女孩夹子后脑勺刘海整理发夹卡子成年人发头饰,,,普通订单,3.97,0,0,0,0,0,0,0,0,0,0,0,-0.02,0,0,0,0,0,0,是-商品卡免佣,0.15,义乌市黎既电子商务商行（个体工商户）,订单结算
2026-04-22 09:46:10,'2026042209460828566003202131,入账,5.05,聚合账户,货款结算入账,小店自卖,'6952010191406634535,'6952010191406634535,'SS76302879055602488420020,2026-04-11 21:42:55,'3673976773902729360,发夹女后脑勺珍珠发卡大号盘发鲨鱼夹韩国ins网红气质头饰抓发夹,,,普通订单,5.08,0.9,0,0,0,0,0,0,0,0,0,0,-0.03,0,0,0,0,0,0,是-商品卡免佣,0.22,义乌市黎既电子商务商行（个体工商户）,订单结算
2026-04-22 09:46:11,'2026042209460736913034342131,入账,2.67,聚合账户,货款结算入账,小店自卖,'6925521014143548697,'6925521014143548697,'SS76302633610406300520187,2026-04-11 20:38:45,'3784368456477049055,韩国气质碎钻满天星抓夹女后脑勺半扎发鲨鱼夹发量少百搭发卡头饰,,,普通订单,0.69,0,0,2,0,0,0,0,0,0,0,0,-0.02,0,0,0,0,0,0,是-商品卡免佣,0.15,义乌市黎既电子商务商行（个体工商户）,订单结算
2026-04-22 09:46:25,'2026042209462226013414492131,入账,3.81,聚合账户,货款结算入账,小店自卖,'6925582727715650878,'6925582727715650878,'SS76302878962438846070160,2026-04-14 04:40:08,'3784368456477049055,韩国气质碎钻满天星抓夹女后脑勺半扎发鲨鱼夹发量少百搭发卡头饰,,,普通订单,0.83,0,0,3,0,0,0,0,0,0,0,0,-0.02,0,0,0,0,0,0,是-商品卡免佣,0.15,义乌市黎既电子商务商行（个体工商户）,订单结算
2026-04-22 09:46:25,'2026042209462211630349152131,入账,4.61,聚合账户,货款结算入账,小店自卖,'6951996903667668469,'6951996903667668469,'SS76302879679874009690046,2026-04-12 00:04:20,'3768982715341340864,可爱卡通法式珍珠三角抓夹女新款发量多发夹后脑勺高级感鲨鱼夹,,,普通订单,4.64,0.49,0,0,0,0,0,0,0,0,0,0,-0.03,0,0,0,0,0,0,是-商品卡免佣,0.22,义乌市黎既电子商务商行（个体工商户）,订单结算
2026-04-22 09:46:25,'2026042209462138137700242131,入账,2.81,聚合账户,货款结算入账,巨量千川,'6952006551777252811,'6952006551777252811,'SS76303262888177382750226,2026-04-12 12:08:54,'3800128063711346920,早秋款小香风豹纹珍珠发箍女2026新款高级带齿防滑头箍洗脸头饰品,,,普通订单,0.01,0,0,2.95,0,0,0,0,0,0,0,0,-0.15,0,0,0,0,0,0,,0,义乌市黎既电子商务商行（个体工商户）,订单结算
2026-04-22 09:46:25,'2026042209462203125949952131,入账,2.78,聚合账户,货款结算入账,小店自卖,'6925605249699577435,'6925605249699577435,'SS76303412049084091420121,2026-04-14 15:56:38,'3809232346448789758,新款洗脸专用压发带齿防滑发箍女碎发头箍高颅顶头饰防掉百搭头饰,,,普通订单,0.01,0,0,2.92,0,0,0,0,0,0,0,0,-0.15,0,0,0,0,0,0,,0,义乌市黎既电子商务商行（个体工商户）,订单结算
2026-04-22 09:46:25,'2026042209462320016176742131,入账,3.89,聚合账户,货款结算入账,小店自卖,'6925543675063860627,'6925543675063860627,'SS76303735813819440730226,2026-04-12 12:39:51,'3807732934811713667,新款牡丹花羽毛抓夹女高颜值轻奢时尚百搭鲨鱼夹发饰头饰夹发神器,,,普通订单,3.91,0,0,0,0,0,0,0,0,0,0,0,-0.02,0,0,0,0,0,0,是-商品卡免佣,0.15,义乌市黎既电子商务商行（个体工商户）,订单结算
2026-04-22 09:46:25,'2026042209462214520328192131,入账,5.53,聚合账户,货款结算入账,小店自卖,'6951990065971140202,'6951990065971140202,'SS76302878183714654910172,2026-04-11 20:48:07,'3784212171265802285,同款疯狂动物尼克耳朵毛绒发圈头绳秋冬皮筋可爱发绳卡通大肠发饰,,,普通订单,5.56,0.8,0,0,0,0,0,0,0,0,0,0,-0.03,0,0,0,0,0,0,是-商品卡免佣,0.22,义乌市黎既电子商务商行（个体工商户）,订单结算
2026-04-22 09:46:25,'2026042209462220901563262131,入账,12.15,聚合账户,货款结算入账,小店自卖,'6952015693263017767,'6952015693263017767,'SS76303715274307018600208,2026-04-12 14:40:46,'3673388116573553024,花朵儿童盘发神器新款宝宝丸子头盘发器宝宝扎头神器头饰发饰女孩,,,普通订单,12.22,0.55,0,0,0,0,0,0,0,0,0,0,-0.07,0,0,0,0,0,0,是-商品卡免佣,0.51,义乌市黎既电子商务商行（个体工商户）,订单结算
2026-04-22 09:46:26,'2026042209462305622991632131,入账,4.94,聚合账户,货款结算入账,小店自卖,'6951998517282280613,'6951998517282280613,'SS76302878841086446180043,2026-04-11 17:07:15,'3769870193174642697,2025春夏新款轻奢边夹时尚气质一字发夹女后脑勺扭扭夹女,,,普通订单,4.97,0,0,0,0,0,0,0,0,0,0,0,-0.03,0,0,0,0,0,0,是-商品卡免佣,0.22,义乌市黎既电子商务商行（个体工商户）,订单结算
2026-04-22 09:46:26,'2026042209462303191813622131,入账,8.48,聚合账户,货款结算入账,小店自卖,'6952020517372630427,'6952020517372630427,'SS76304001532998290340193,2026-04-12 16:48:36,'3752640296001863810,儿童网红卡通发夹韩国公主头饰碎发BB碎发可爱女童碎发发卡,,,普通订单,8.53,0,0,0,0,0,0,0,0,0,0,0,-0.05,0,0,0,0,0,0,是-商品卡免佣,0.37,义乌市黎既电子商务商行（个体工商户）,订单结算
2026-04-22 09:46:26,'2026042209462335042800902131,入账,4.94,聚合账户,货款结算入账,小店自卖,'6925519466729799499,'6925519466729799499,'SS76302680049766446270074,2026-04-12 07:10:28,'3748358531544383568,韩系温柔紫色褶皱发箍头箍百搭风穿搭洗脸发卡压发高颅顶头饰发饰,,,普通订单,4.97,0,0,0,0,0,0,0,0,0,0,0,-0.03,0,0,0,0,0,0,是-商品卡免佣,0.22,义乌市黎既电子商务商行（个体工商户）,订单结算
2026-04-22 09:46:44,'2026042209464104786101862131,入账,4.5,聚合账户,货款结算入账,小店自卖,'6925530934837739367,'6925530934837739367,'SS76302879506772953950069,2026-04-12 08:10:01,'3751929775384559628,盘发神器新款丸子头花苞头气质亚克力妈妈发饰后脑勺发夹发卡女,,,普通订单,4.53,0.55,0,0,0,0,0,0,0,0,0,0,-0.03,0,0,0,0,0,0,是-商品卡免佣,0.22,义乌市黎既电子商务商行（个体工商户）,订单结算
2026-04-22 09:46:44,'2026042209464132648934902131,入账,6.34,聚合账户,货款结算入账,小店自卖,'6925536272605281682,'6925536272605281682,'SS76303993938476733440208,2026-04-12 16:47:44,'3796640026289373330,蝴蝶结鸭嘴夹小香风毛呢爆款发夹后脑勺气质洋气盘发一字夹子,,,普通订单,6.38,0,0,0,0,0,0,0,0,0,0,0,-0.04,0,0,0,0,0,0,是-商品卡免佣,0.29,义乌市黎既电子商务商行（个体工商户）,订单结算
2026-04-22 09:46:44,'2026042209464028863695712131,入账,3.61,聚合账户,货款结算入账,小店自卖,'6951994562238420503,'6951994562238420503,'SS76302878040025216190018,2026-04-11 19:13:37,'3806450472450130341,新款复古抓夹女豹纹蝴蝶结鲨鱼夹2026后脑勺盘发发夹高级感发饰,,,普通订单,3.63,0,0,0,0,0,0,0,0,0,0,0,-0.02,0,0,0,0,0,0,是-商品卡免佣,0.15,义乌市黎既电子商务商行（个体工商户）,订单结算
2026-04-22 09:46:44,'2026042209464101308922982131,入账,3.95,聚合账户,货款结算入账,小店自卖,'6925553054456380948,'6925553054456380948,'SS76303544290199966780024,2026-04-12 13:39:41,'3806293802847699345,韩式豹纹波点褶皱高级扭扭马尾卡通风香蕉发夹后脑勺显发发卡头饰,,,普通订单,3.97,0,0,0,0,0,0,0,0,0,0,0,-0.02,0,0,0,0,0,0,是-商品卡免佣,0.15,义乌市黎既电子商务商行（个体工商户）,订单结算
2026-04-22 09:46:44,'2026042209464032889249432131,入账,4.94,聚合账户,货款结算入账,小店自卖,'6952017610565621613,'6952017610565621613,'SS76304086480541783440188,2026-04-12 12:56:20,'3683590910169448490,新款碎发梳插梳韩版女孩夹子后脑勺刘海整理发夹卡子成年人发头饰,,,普通订单,4.97,0,0,0,0,0,0,0,0,0,0,0,-0.03,0,0,0,0,0,0,是-商品卡免佣,0.22,义乌市黎既电子商务商行（个体工商户）,订单结算
2026-04-22 09:46:59,'2026042209465606519529482131,入账,2.67,聚合账户,货款结算入账,小店自卖,'6951997614652790166,'6951997614652790166,'SS76303718721610063780159,2026-04-12 12:50:31,'3784368456477049055,韩国气质碎钻满天星抓夹女后脑勺半扎发鲨鱼夹发量少百搭发卡头饰,,,普通订单,2.69,0,0,0,0,0,0,0,0,0,0,0,-0.02,0,0,0,0,0,0,是-商品卡免佣,0.15,义乌市黎既电子商务商行（个体工商户）,订单结算
2026-04-22 09:46:59,'2026042209465535842503952131,入账,1.65,聚合账户,货款结算入账,精选联盟,'6925535115383570266,'6925535115383570266,'SS76303263056950239070187,2026-04-12 09:32:55,'3756368993452163269,简约蝴蝶结抓夹女2025新款哑光发夹后脑勺气质鲨鱼夹中号夏天夹子,'0,,普通订单,1.89,0,0,0,0,0,0,0,0,0,0,0,-0.09,0,0,0,0,-0.15,0,,0,义乌市黎既电子商务商行（个体工商户）,订单结算
2026-04-22 09:46:59,'2026042209465441891269462131,入账,2.86,聚合账户,货款结算入账,小店自卖,'6952022173059716346,'6952022173059716346,'SS76303680961170642350080,2026-04-12 14:36:15,'3761395105840365661,高级感水钻满天星发夹女后脑勺盘发神器发卡青蛙夹扭扭夹发卡头饰,,,普通订单,2.88,0,0,0,0,0,0,0,0,0,0,0,-0.02,0,0,0,0,0,0,是-商品卡免佣,0.15,义乌市黎既电子商务商行（个体工商户）,订单结算
2026-04-22 09:46:59,'2026042209465516240806402131,入账,5.02,聚合账户,货款结算入账,小店自卖,'6951995103128917716,'6951995103128917716,'SS76302635581658772580004,2026-04-11 23:57:20,'3790878995596312771,韩系黑色波点布艺褶皱高马尾香蕉夹竖夹新款豹纹发夹气质百搭发饰,,,普通订单,5.05,0,0,0,0,0,0,0,0,0,0,0,-0.03,0,0,0,0,0,0,是-商品卡免佣,0.22,义乌市黎既电子商务商行（个体工商户）,订单结算
2026-04-22 09:59:37,'2026042209593330166556512131,出账,1,聚合账户,小额打款,,'6925696387467673195,'6925696387467673195,,,,,,,普通订单,0,0,0,0,0,0,0,0,0,0,0,0,0,0,0,0,0,0,0,,0,义乌市黎既电子商务商行（个体工商户）,商家向消费者小额打款-“其他”
2026-04-22 10:08:12,'2026042210080815531548682131,入账,4.6,聚合账户,货款结算入账,小店自卖,'6951991234568918925,'6951991234568918925,'SS76303602374381576140160,2026-04-12 13:53:14,'3761395105840365661,高级感水钻满天星发夹女后脑勺盘发神器发卡青蛙夹扭扭夹发卡头饰,,,普通订单,4.63,0,0,0,0,0,0,0,0,0,0,0,-0.03,0,0,0,0,0,0,是-商品卡免佣,0.22,义乌市黎既电子商务商行（个体工商户）,订单结算
2026-04-22 10:08:12,'2026042210080835287250332131,入账,5.51,聚合账户,货款结算入账,小店自卖,'6925523997135109374,'6925523997135109374,'SS76302878832260060220087,2026-04-12 08:36:32,'3751345399902896376,儿童发饰后脑勺碎发神器发梳女童刘海插梳整理发卡网红发夹头饰女,,,普通订单,5.54,0.55,0,0,0,0,0,0,0,0,0,0,-0.03,0,0,0,0,0,0,是-商品卡免佣,0.22,义乌市黎既电子商务商行（个体工商户）,订单结算
2026-04-22 10:08:12,'2026042210080838112998822131,入账,2.56,聚合账户,货款结算入账,小店自卖,'6925535580061204267,'6925535580061204267,'SS76303238458574932570182,2026-04-12 12:16:13,'3809235146834575749,可爱新春小狗香蕉夹女高马尾扭扭夹红色竖夹高级感2026韩新款发夹,,,普通订单,2.58,0,0,0,0,0,0,0,0,0,0,0,-0.02,0,0,0,0,0,0,是-商品卡免佣,0.15,义乌市黎既电子商务商行（个体工商户）,订单结算
2026-04-22 10:08:12,'2026042210080739853921542131,入账,3.63,聚合账户,货款结算入账,小店自卖,'6952026931458479284,'6952026931458479284,'SS76304002565147080020035,2026-04-12 16:40:31,'3795705621886664997,韩系可爱小熊格纹发夹女后脑勺马尾竖夹盘发香蕉夹甜美发卡子发饰,,,普通订单,3.65,0,0,0,0,0,0,0,0,0,0,0,-0.02,0,0,0,0,0,0,是-商品卡免佣,0.15,义乌市黎既电子商务商行（个体工商户）,订单结算
2026-04-22 10:08:12,'2026042210080907320417782131,入账,2.15,聚合账户,货款结算入账,小店自卖,'6952004028106347967,'6952004028106347967,'SS76302629050233656670045,2026-04-12 07:44:54,'3806293802847699345,韩式豹纹波点褶皱高级扭扭马尾卡通风香蕉发夹后脑勺显发发卡头饰,,,普通订单,2.16,0,0,0,0,0,0,0,0,0,0,0,-0.01,0,0,0,0,0,0,是-商品卡免佣,0.07,义乌市黎既电子商务商行（个体工商户）,订单结算
2026-04-22 10:08:12,'2026042210080737805427462131,入账,2.56,聚合账户,货款结算入账,小店自卖,'6925645883913632819,'6925645883913632819,'SS76304216846776898560078,2026-04-16 18:17:43,'3784368456477049055,韩国气质碎钻满天星抓夹女后脑勺半扎发鲨鱼夹发量少百搭发卡头饰,,,普通订单,0.01,0,0,2.68,0,0,0,0,0,0,0,0,-0.13,0,0,0,0,0,0,,0,义乌市黎既电子商务商行（个体工商户）,订单结算
2026-04-22 10:08:12,'2026042210080918505894402131,入账,3.68,聚合账户,货款结算入账,小店自卖,'6952129706279245552,'6952129706279245552,'SS76302843369149445500036,2026-04-16 23:39:00,'3809235146834575749,可爱新春小狗香蕉夹女高马尾扭扭夹红色竖夹高级感2026韩新款发夹,,,普通订单,0.01,0,0,3.69,0,0,0,0,0,0,0,0,-0.02,0,0,0,0,0,0,是-商品卡免佣,0.15,义乌市黎既电子商务商行（个体工商户）,订单结算
2026-04-22 10:08:12,'2026042210080820017526262131,入账,2.63,聚合账户,货款结算入账,小店自卖,'6952049138083960048,'6952049138083960048,'SS76304400542671508480154,2026-04-13 23:14:25,'3763932448057065566,磨砂扭扭香蕉夹高马尾大号发夹后脑勺竖夹发卡韩国气质女夹子头饰,,,普通订单,2.65,0.89,0,0,0,0,0,0,0,0,0,0,-0.02,0,0,0,0,0,0,是-商品卡免佣,0.15,义乌市黎既电子商务商行（个体工商户）,订单结算
2026-04-22 10:08:12,'2026042210080914057152102131,入账,3.19,聚合账户,货款结算入账,小店自卖,'6925584719254945422,'6925584719254945422,'SS76304925685111196660165,2026-04-14 01:46:19,'3774567040401145927,满天星抓夹女质感中号鲨鱼夹半披发抓夹高级气质发夹繁星镶钻抓夹,,,普通订单,1.21,0.3,0,0,0,0,0,0,0,2,0,0,-0.02,0,0,0,0,0,0,是-商品卡免佣,0.15,义乌市黎既电子商务商行（个体工商户）,订单结算
2026-04-22 10:08:12,'2026042210080837736658012131,入账,3.59,聚合账户,货款结算入账,小店自卖,'6925520730974814120,'6925520730974814120,'SS76303124844449303550136,2026-04-11 18:22:56,'3766001784691229117,夏天简约随手盘发一字扭扭夹水钻抓夹高级发夹扭扭后脑勺盘发器,,,普通订单,3.61,0.69,0,0,0,0,0,0,0,0,0,0,-0.02,0,0,0,0,0,0,是-商品卡免佣,0.15,义乌市黎既电子商务商行（个体工商户）,订单结算
2026-04-22 10:08:30,'2026042210082727914778032131,入账,4.35,聚合账户,货款结算入账,小店自卖,'6925642987301797506,'6925642987301797506,'SS76302706295540129430236,2026-04-16 11:21:02,'3806285088233226368,韩系~时尚百搭简约女格纹布少女风艺带齿细发箍个性压发箍头箍女,,,普通订单,4.38,0,0,0,0,0,0,0,0,0,0,0,-0.03,0,0,0,0,0,0,是-商品卡免佣,0.22,义乌市黎既电子商务商行（个体工商户）,订单结算
2026-04-22 10:08:30,'2026042210082504810716792131,入账,4.85,聚合账户,货款结算入账,小店自卖,'6925533746595462618,'6925533746595462618,'SS76303994022968530320101,2026-04-12 15:38:15,'3796640026289373330,蝴蝶结鸭嘴夹小香风毛呢爆款发夹后脑勺气质洋气盘发一字夹子,,,普通订单,4.88,0,0,0,0,0,0,0,0,0,0,0,-0.03,0,0,0,0,0,0,是-商品卡免佣,0.22,义乌市黎既电子商务商行（个体工商户）,订单结算
2026-04-22 10:08:31,'2026042210082730078899552131,入账,2.99,聚合账户,货款结算入账,小店自卖,'6952004120421340750,'6952004120421340750,'SS76302888679309686160133,2026-04-12 08:48:22,'3677662603133452394,儿童拉发针编发器大小号基础编发扎头发穿发棒懒人编发固定神器女,,,普通订单,3.01,1.15,0,0,0,0,0,0,0,0,0,0,-0.02,0,0,0,0,0,0,是-商品卡免佣,0.15,义乌市黎既电子商务商行（个体工商户）,订单结算
2026-04-22 10:08:31,'2026042210082737038000992131,入账,2.67,聚合账户,货款结算入账,小店自卖,'6952060039909087188,'6952060039909087188,'SS76303175999805855140014,2026-04-13 21:14:26,'3784368456477049055,韩国气质碎钻满天星抓夹女后脑勺半扎发鲨鱼夹发量少百搭发卡头饰,,,普通订单,2.69,0,0,0,0,0,0,0,0,0,0,0,-0.02,0,0,0,0,0,0,是-商品卡免佣,0.15,义乌市黎既电子商务商行（个体工商户）,订单结算
2026-04-22 10:08:31,'2026042210082717281682272131,入账,4.85,聚合账户,货款结算入账,小店自卖,'6952006452876809384,'6952006452876809384,'SS76303262937829056460010,2026-04-12 10:56:51,'3796640026289373330,蝴蝶结鸭嘴夹小香风毛呢爆款发夹后脑勺气质洋气盘发一字夹子,,,普通订单,4.88,0,0,0,0,0,0,0,0,0,0,0,-0.03,0,0,0,0,0,0,是-商品卡免佣,0.22,义乌市黎既电子商务商行（个体工商户）,订单结算
2026-04-22 10:11:17,'2026042210111318439053222131,入账,3.95,聚合账户,货款结算入账,小店自卖,'6925529499499265815,'6925529499499265815,'SS76302878029035443350104,2026-04-11 16:24:14,'3746539288666439910,夏天新款太阳花网纱抓夹女发夹高马尾夹子固定后脑勺花朵鲨鱼夹,,,普通订单,0.17,0,0,3.8,0,0,0,0,0,0,0,0,-0.02,0,0,0,0,0,0,是-商品卡免佣,0.15,义乌市黎既电子商务商行（个体工商户）,订单结算
2026-04-22 10:11:17,'2026042210111412220828572131,入账,3.95,聚合账户,货款结算入账,小店自卖,'6925599076271160413,'6925599076271160413,'SS76304815750833649060072,2026-04-14 23:23:37,'3683590910169448490,新款碎发梳插梳韩版女孩夹子后脑勺刘海整理发夹卡子成年人发头饰,,,普通订单,3.97,0,0,0,0,0,0,0,0,0,0,0,-0.02,0,0,0,0,0,0,是-商品卡免佣,0.15,义乌市黎既电子商务商行（个体工商户）,订单结算
2026-04-22 10:11:17,'2026042210111311800417702131,入账,2.67,聚合账户,货款结算入账,小店自卖,'6951986165849921416,'6951986165849921416,'SS76302634530023715940069,2026-04-11 22:53:50,'3784368456477049055,韩国气质碎钻满天星抓夹女后脑勺半扎发鲨鱼夹发量少百搭发卡头饰,,,普通订单,2.69,0,0,0,0,0,0,0,0,0,0,0,-0.02,0,0,0,0,0,0,是-商品卡免佣,0.15,义乌市黎既电子商务商行（个体工商户）,订单结算
2026-04-22 10:11:17,'2026042210111410508377962131,入账,3.63,聚合账户,货款结算入账,小店自卖,'6925533859421519560,'6925533859421519560,'SS76304002698720097710243,2026-04-12 16:31:52,'3795705621886664997,韩系可爱小熊格纹发夹女后脑勺马尾竖夹盘发香蕉夹甜美发卡子发饰,,,普通订单,3.65,0,0,0,0,0,0,0,0,0,0,0,-0.02,0,0,0,0,0,0,是-商品卡免佣,0.15,义乌市黎既电子商务商行（个体工商户）,订单结算
2026-04-22 10:11:17,'2026042210111407844994622131,入账,8.34,聚合账户,货款结算入账,小店自卖,'6951976545741837597,'6951976545741837597,'SS76304086532830827610073,2026-04-11 16:36:51,'3763604067633463617,2025年新款女孩发饰刘海侧边夹女儿童发夹可爱夹子头饰网红发卡,,,普通订单,8.39,2.1,0,0,0,0,0,0,0,0,0,0,-0.05,0,0,0,0,0,0,是-商品卡免佣,0.37,义乌市黎既电子商务商行（个体工商户）,订单结算
2026-04-22 10:11:33,'2026042210113019596129342131,入账,4.85,聚合账户,货款结算入账,小店自卖,'6925535955593231489,'6925535955593231489,'SS76303717692952748020226,2026-04-12 14:52:27,'3800128063711346920,早秋款小香风豹纹珍珠发箍女2026新款高级带齿防滑头箍洗脸头饰品,,,普通订单,4.88,0,0,0,0,0,0,0,0,0,0,0,-0.03,0,0,0,0,0,0,是-商品卡免佣,0.22,义乌市黎既电子商务商行（个体工商户）,订单结算
2026-04-22 10:11:33,'2026042210112931587046812131,入账,3.22,聚合账户,货款结算入账,小店自卖,'6925604899112714100,'6925604899112714100,'SS76304106173164467740057,2026-04-14 13:24:37,'3746153916182692087,法式文艺~复古甜美方巾大肠发圈女高级感ins大号高马尾甜妹发饰,,,普通订单,3.24,0,0,0,0,0,0,0,0,0,0,0,-0.02,0,0,0,0,0,0,是-商品卡免佣,0.15,义乌市黎既电子商务商行（个体工商户）,订单结算
2026-04-22 10:11:33,'2026042210113015188669822131,入账,2.78,聚合账户,货款结算入账,小店自卖,'6952005981330085300,'6952005981330085300,'SS76302879570392725000150,2026-04-12 00:42:59,'3806285088233226368,韩系~时尚百搭简约女格纹布少女风艺带齿细发箍个性压发箍头箍女,,,普通订单,2.8,0,0,0,0,0,0,0,0,0,0,0,-0.02,0,0,0,0,0,0,是-商品卡免佣,0.15,义乌市黎既电子商务商行（个体工商户）,订单结算
2026-04-22 10:11:33,'2026042210112720104156622131,入账,5.71,聚合账户,货款结算入账,小店自卖,'6952022343300355692,'6952022343300355692,'SS76304003815461197320035,2026-04-12 16:09:03,'3673057951649759338,小皮筋小女孩头绳发绳透明多彩小号一次性皮筋儿童橡皮筋发饰扎头,,,普通订单,5.74,1.15,0,0,0,0,0,0,0,0,0,0,-0.03,0,0,0,0,0,0,是-商品卡免佣,0.22,义乌市黎既电子商务商行（个体工商户）,订单结算
2026-04-22 10:11:33,'2026042210113029362752502131,入账,8.41,聚合账户,货款结算入账,小店自卖,'6952071945657980553,'6952071945657980553,'SS76301769585630584380115,2026-04-14 15:19:02,'3673976773902729360,发夹女后脑勺珍珠发卡大号盘发鲨鱼夹韩国ins网红气质头饰抓发夹,,,普通订单,8.46,0.9,0,0,0,0,0,0,0,0,0,0,-0.05,0,0,0,0,0,0,是-商品卡免佣,0.37,义乌市黎既电子商务商行（个体工商户）,订单结算
2026-04-22 10:11:40,'2026042210113607559908262131,入账,5.08,聚合账户,货款结算入账,小店自卖,'6952149833904100496,'6952149833904100496,'SS76304071120674493860220,2026-04-17 12:50:19,'3746150076641313252,网红简约ins纯色宽边发带高颅顶白色发箍女运动健身夏季头饰发饰,,,普通订单,5.11,0.9,0,0,0,0,0,0,0,0,0,0,-0.03,0,0,0,0,0,0,是-商品卡免佣,0.22,义乌市黎既电子商务商行（个体工商户）,订单结算
2026-04-22 10:11:40,'2026042210113623795469222131,入账,4.6,聚合账户,货款结算入账,小店自卖,'6952011436761356101,'6952011436761356101,'SS76303602366746178710214,2026-04-12 14:32:36,'3761395105840365661,高级感水钻满天星发夹女后脑勺盘发神器发卡青蛙夹扭扭夹发卡头饰,,,普通订单,4.63,0,0,0,0,0,0,0,0,0,0,0,-0.03,0,0,0,0,0,0,是-商品卡免佣,0.22,义乌市黎既电子商务商行（个体工商户）,订单结算
2026-04-22 10:11:40,'2026042210113640815004662131,入账,2.43,聚合账户,货款结算入账,精选联盟,'6925530685284645891,'6925530685284645891,'SS76302879544175992730110,2026-04-12 00:50:38,'3763932448057065566,磨砂扭扭香蕉夹高马尾大号发夹后脑勺竖夹发卡韩国气质女夹子头饰,'0,,普通订单,2.65,0.89,0,0,0,0,0,0,0,0,0,0,-0.13,0,0,0,0,-0.09,0,,0,义乌市黎既电子商务商行（个体工商户）,订单结算
2026-04-22 10:11:40,'2026042210113733434383462131,入账,6.3,聚合账户,货款结算入账,小店自卖,'6925526994299223169,'6925526994299223169,'SS76303694750546987900168,2026-04-12 13:45:48,'3746153916182692087,法式文艺~复古甜美方巾大肠发圈女高级感ins大号高马尾甜妹发饰,,,普通订单,6.34,0,0,0,0,0,0,0,0,0,0,0,-0.04,0,0,0,0,0,0,是-商品卡免佣,0.29,义乌市黎既电子商务商行（个体工商户）,订单结算
2026-04-22 10:11:40,'2026042210113639279703672131,入账,4.07,聚合账户,货款结算入账,小店自卖,'6952056007556994968,'6952056007556994968,'SS76303539698856433140141,2026-04-14 03:08:09,'3673607243682676924,可爱仿真食物迷你夹奇奇怪怪瓜子玉米发夹搞怪食玩米饭荷包蛋夹子,,,普通订单,4.09,0,0,0,0,0,0,0,0,0,0,0,-0.02,0,0,0,0,0,0,是-商品卡免佣,0.15,义乌市黎既电子商务商行（个体工商户）,订单结算
2026-04-22 10:11:49,'2026042210114533262307902131,入账,4.35,聚合账户,货款结算入账,小店自卖,'6925591749574032535,'6925591749574032535,'SS76303141636673707710169,2026-04-14 15:12:36,'3806285088233226368,韩系~时尚百搭简约女格纹布少女风艺带齿细发箍个性压发箍头箍女,,,普通订单,4.38,0,0,0,0,0,0,0,0,0,0,0,-0.03,0,0,0,0,0,0,是-商品卡免佣,0.22,义乌市黎既电子商务商行（个体工商户）,订单结算
2026-04-22 10:11:49,'2026042210114706712202332131,入账,3.25,聚合账户,货款结算入账,小店自卖,'6952130520649372811,'6952130520649372811,'SS76303146963991434390088,2026-04-16 12:22:53,'3746529925562237053,满钻星星碎发整理神器隐形碎发梳女儿童固定头发夹子拉拉梳头饰,,,普通订单,3.27,0,0,0,0,0,0,0,0,0,0,0,-0.02,0,0,0,0,0,0,是-商品卡免佣,0.15,义乌市黎既电子商务商行（个体工商户）,订单结算
2026-04-22 10:11:49,'2026042210114425922606272131,入账,4.94,聚合账户,货款结算入账,小店自卖,'6925582725774015564,'6925582725774015564,'SS76303006173448932340006,2026-04-14 05:15:00,'3769870193174642697,2025春夏新款轻奢边夹时尚气质一字发夹女后脑勺扭扭夹女,,,普通订单,4.97,0,0,0,0,0,0,0,0,0,0,0,-0.03,0,0,0,0,0,0,是-商品卡免佣,0.22,义乌市黎既电子商务商行（个体工商户）,订单结算
2026-04-22 10:11:49,'2026042210114535053942032131,入账,4.85,聚合账户,货款结算入账,小店自卖,'6951979193267853196,'6951979193267853196,'SS76303974561781194660024,2026-04-11 17:59:57,'3796640026289373330,蝴蝶结鸭嘴夹小香风毛呢爆款发夹后脑勺气质洋气盘发一字夹子,,,普通订单,4.88,0,0,0,0,0,0,0,0,0,0,0,-0.03,0,0,0,0,0,0,是-商品卡免佣,0.22,义乌市黎既电子商务商行（个体工商户）,订单结算
2026-04-22 10:11:49,'2026042210114440699010992131,入账,2.84,聚合账户,货款结算入账,小店自卖,'6925641032920563379,'6925641032920563379,'SS76303782532925896030248,2026-04-16 13:43:21,'3811458318451474931,韩国发夹横夹头饰妈妈新款盘发后脑勺高档水钻头发大号鸭嘴发发饰,,,普通订单,2.86,0,0,0,0,0,0,0,0,0,0,0,-0.02,0,0,0,0,0,0,是-商品卡免佣,0.15,义乌市黎既电子商务商行（个体工商户）,订单结算
2026-04-22 10:11:50,'2026042210114624848799182131,入账,2.67,聚合账户,货款结算入账,小店自卖,'6925174625005305476,'6925174625005305476,'SS76302944900455959130198,2026-03-27 22:15:44,'3784368456477049055,韩国气质碎钻满天星抓夹女后脑勺半扎发鲨鱼夹发量少百搭发卡头饰,,,普通订单,0.01,0,0,2.68,0,0,0,0,0,0,0,0,-0.02,0,0,0,0,0,0,是-商品卡免佣,0.15,义乌市黎既电子商务商行（个体工商户）,订单结算
2026-04-22 10:11:50,'2026042210114609342039542131,入账,2.43,聚合账户,货款结算入账,精选联盟,'6925561464196857820,'6925561464196857820,'SS76303549443615175680053,2026-04-13 10:50:45,'3784368456477049055,韩国气质碎钻满天星抓夹女后脑勺半扎发鲨鱼夹发量少百搭发卡头饰,'0,,普通订单,0.01,0,0,2.68,0,0,0,0,0,0,0,0,-0.13,0,0,0,0,-0.13,0,,0,义乌市黎既电子商务商行（个体工商户）,订单结算
2026-04-22 10:11:50,'2026042210114630465111542131,入账,2.43,聚合账户,货款结算入账,精选联盟,'6925516601035488527,'6925516601035488527,'SS76302633536085202460070,2026-04-11 20:17:02,'3784368456477049055,韩国气质碎钻满天星抓夹女后脑勺半扎发鲨鱼夹发量少百搭发卡头饰,'0,,普通订单,0.01,0,0,2.68,0,0,0,0,0,0,0,0,-0.13,0,0,0,0,-0.13,0,,0,义乌市黎既电子商务商行（个体工商户）,订单结算
2026-04-22 10:11:50,'2026042210114628281902462131,入账,3.87,聚合账户,货款结算入账,小店自卖,'6925634674741247469,'6925634674741247469,'SS76303817193795264340202,2026-04-16 13:15:13,'3790878995596312771,韩系黑色波点布艺褶皱高马尾香蕉夹竖夹新款豹纹发夹气质百搭发饰,,,普通订单,0.01,0,0,3.88,0,0,0,0,0,0,0,0,-0.02,0,0,0,0,0,0,是-商品卡免佣,0.15,义乌市黎既电子商务商行（个体工商户）,订单结算
2026-04-22 10:11:50,'2026042210114641405486622131,入账,1.95,聚合账户,货款结算入账,小店自卖,'6952124125297644706,'6952124125297644706,'SS76303229048705687040085,2026-04-16 12:52:06,'3806280662462366067,kitty猫~刘海贴精致可爱甜美少女棉花糖猫兔碎发贴魔术贴无痕发饰,,,普通订单,0.01,0,0,1.95,0,0,0,0,0,0,0,0,-0.01,0,0,0,0,0,0,是-商品卡免佣,0.07,义乌市黎既电子商务商行（个体工商户）,订单结算
2026-04-22 10:12:03,'2026042210115917167485902131,入账,2.86,聚合账户,货款结算入账,小店自卖,'6925525701393415665,'6925525701393415665,'SS76302877858821248430038,2026-04-11 22:13:09,'3761395105840365661,高级感水钻满天星发夹女后脑勺盘发神器发卡青蛙夹扭扭夹发卡头饰,,,普通订单,0.08,0,0,2.8,0,0,0,0,0,0,0,0,-0.02,0,0,0,0,0,0,是-商品卡免佣,0.15,义乌市黎既电子商务商行（个体工商户）,订单结算
2026-04-22 10:12:03,'2026042210115935177313662131,入账,4.6,聚合账户,货款结算入账,小店自卖,'6925525700093050565,'6925525700093050565,'SS76302877993726451550054,2026-04-11 22:15:53,'3761395105840365661,高级感水钻满天星发夹女后脑勺盘发神器发卡青蛙夹扭扭夹发卡头饰,,,普通订单,2.43,0,0,2.2,0,0,0,0,0,0,0,0,-0.03,0,0,0,0,0,0,是-商品卡免佣,0.22,义乌市黎既电子商务商行（个体工商户）,订单结算
2026-04-22 10:12:03,'2026042210115924834913782131,入账,1.67,聚合账户,货款结算入账,精选联盟,'6925629994293624247,'6925629994293624247,'SS76304719914260567420155,2026-04-16 02:15:41,'3809235146834575749,可爱新春小狗香蕉夹女高马尾扭扭夹红色竖夹高级感2026韩新款发夹,'0,,普通订单,1.3,0,0,0.55,0,0,0,0,0,0,0,0,-0.09,0,0,0,0,-0.09,0,,0,义乌市黎既电子商务商行（个体工商户）,订单结算
2026-04-22 10:12:03,'2026042210115901315517862131,入账,1.72,聚合账户,货款结算入账,精选联盟,'6951994309076129118,'6951994309076129118,'SS76302878701099955710077,2026-04-11 16:37:53,'3776769690882408946,简约三角形头发抓夹高级鲨鱼夹2025秋冬新款发夹后脑勺盘发夹子女,'0,,普通订单,0.01,0,0,1.91,0,0,0,0,0,0,0,0,-0.1,0,0,0,0,-0.1,0,,0,义乌市黎既电子商务商行（个体工商户）,订单结算
2026-04-22 10:12:03,'2026042210115912862756342131,入账,2.56,聚合账户,货款结算入账,小店自卖,'6925539194835271553,'6925539194835271553,'SS76303689977258975140201,2026-04-12 11:37:35,'3784368456477049055,韩国气质碎钻满天星抓夹女后脑勺半扎发鲨鱼夹发量少百搭发卡头饰,,,普通订单,0.01,0,0,2.68,0,0,0,0,0,0,0,0,-0.13,0,0,0,0,0,0,,0,义乌市黎既电子商务商行（个体工商户）,订单结算
2026-04-22 10:12:08,'2026042210120439093706652131,入账,2.67,聚合账户,货款结算入账,小店自卖,'6952073606587225150,'6952073606587225150,'SS76303183772606141950196,2026-04-15 14:32:45,'3784368456477049055,韩国气质碎钻满天星抓夹女后脑勺半扎发鲨鱼夹发量少百搭发卡头饰,,,普通订单,1.69,0,0,1,0,0,0,0,0,0,0,0,-0.02,0,0,0,0,0,0,是-商品卡免佣,0.15,义乌市黎既电子商务商行（个体工商户）,订单结算
2026-04-22 10:12:08,'2026042210120413556288412131,入账,6.52,聚合账户,货款结算入账,小店自卖,'6925649678195915867,'6925649678195915867,'SS76304520281369482750056,2026-04-17 11:22:33,'3677662856528134270,碎花蝴蝶结大肠发圈女夏季扎头绳飘带发带发绳高级感头花头饰发饰,,,普通订单,6.56,1.15,0,0,0,0,0,0,0,0,0,0,-0.04,0,0,0,0,0,0,是-商品卡免佣,0.29,义乌市黎既电子商务商行（个体工商户）,订单结算
2026-04-22 10:12:08,'2026042210120429010824222131,入账,3.32,聚合账户,货款结算入账,小店自卖,'6952152212520506565,'6952152212520506565,'SS76301375442604040140170,2026-04-17 11:15:00,'3797354479075066126,甜美韩系可爱立体五角星初秋发圈格纹肠圈儿童发饰马尾头绳肠圈,,,普通订单,0.01,0,0,3.33,0,0,0,0,0,0,0,0,-0.02,0,0,0,0,0,0,是-商品卡免佣,0.15,义乌市黎既电子商务商行（个体工商户）,订单结算
2026-04-22 10:12:08,'2026042210120439093870492131,入账,3.54,聚合账户,货款结算入账,小店自卖,'6925653295994797437,'6925653295994797437,'SS76304000760489743420053,2026-04-16 22:57:23,'3746153916182692087,法式文艺~复古甜美方巾大肠发圈女高级感ins大号高马尾甜妹发饰,,,普通订单,0.01,0,0,3.55,0,0,0,0,0,0,0,0,-0.02,0,0,0,0,0,0,是-商品卡免佣,0.15,义乌市黎既电子商务商行（个体工商户）,订单结算
2026-04-22 10:12:08,'2026042210120415031831672131,入账,4.4,聚合账户,货款结算入账,精选联盟,'6952138491458557555,'6952138491458557555,'SS76302501596283377070175,2026-04-17 10:14:32,'3800873163328455101,小香风爆款毛呢蝴蝶结鸭嘴夹后脑勺盘发一字夹时髦洋气有气质发饰,'0,,普通订单,3.42,0,0,1.46,0,0,0,0,0,0,0,0,-0.24,0,0,0,0,-0.24,0,,0,义乌市黎既电子商务商行（个体工商户）,订单结算
2026-04-22 10:12:09,'2026042210120408731041692131,入账,9.09,聚合账户,货款结算入账,小店自卖,'6925549626128628838,'6925549626128628838,'SS76301397498066378660061,2026-04-12 23:41:56,'3748754542678900840,中国风孔雀盘发器女士古典旗袍发饰丸子懒人高级感饰品优雅发夹,,,普通订单,5.34,1.15,0,5.01,0,0,0,0,0,0,0,0,-0.52,0,0,0,0,-0.74,0,,0,义乌市黎既电子商务商行（个体工商户）,订单结算
2026-04-22 10:12:09,'2026042210120427610975222131,入账,2.56,聚合账户,货款结算入账,小店自卖,'6951996548450555500,'6951996548450555500,'SS76301734983505352220121,2026-04-11 20:48:16,'3809235146834575749,可爱新春小狗香蕉夹女高马尾扭扭夹红色竖夹高级感2026韩新款发夹,,,普通订单,2.58,0,0,0,0,0,0,0,0,0,0,0,-0.02,0,0,0,0,0,0,是-商品卡免佣,0.15,义乌市黎既电子商务商行（个体工商户）,订单结算
2026-04-22 10:12:09,'2026042210120422624548382131,入账,4.61,聚合账户,货款结算入账,小店自卖,'6925525281376009684,'6925525281376009684,'SS76302878613340329150250,2026-04-11 19:49:58,'3768982715341340864,可爱卡通法式珍珠三角抓夹女新款发量多发夹后脑勺高级感鲨鱼夹,,,普通订单,0.64,0.49,0,4,0,0,0,0,0,0,0,0,-0.03,0,0,0,0,0,0,是-商品卡免佣,0.22,义乌市黎既电子商务商行（个体工商户）,订单结算
2026-04-22 10:12:09,'2026042210120536747556222131,入账,1.95,聚合账户,货款结算入账,小店自卖,'6952097767076205799,'6952097767076205799,'SS76302914778033566990162,2026-04-15 13:10:57,'3806280662462366067,kitty猫~刘海贴精致可爱甜美少女棉花糖猫兔碎发贴魔术贴无痕发饰,,,普通订单,0.01,0,0,1.95,0,0,0,0,0,0,0,0,-0.01,0,0,0,0,0,0,是-商品卡免佣,0.07,义乌市黎既电子商务商行（个体工商户）,订单结算
2026-04-22 10:12:09,'2026042210120508898975152131,入账,3.81,聚合账户,货款结算入账,小店自卖,'6925520972857966540,'6925520972857966540,'SS76302638470221826980205,2026-04-11 20:26:34,'3784368456477049055,韩国气质碎钻满天星抓夹女后脑勺半扎发鲨鱼夹发量少百搭发卡头饰,,,普通订单,3.83,0,0,0,0,0,0,0,0,0,0,0,-0.02,0,0,0,0,0,0,是-商品卡免佣,0.15,义乌市黎既电子商务商行（个体工商户）,订单结算
2026-04-22 10:12:20,'2026042210121636795192582131,入账,3.74,聚合账户,货款结算入账,小店自卖,'6925514771890404443,'6925514771890404443,'SS76302877847004121660087,2026-04-11 20:24:06,'3782881998285177247,许我耀眼赵露思许妍同款爱心抓夹高级感后脑勺盘发鲨鱼夹发夹头饰,,,普通订单,3.76,0,0,0,0,0,0,0,0,0,0,0,-0.02,0,0,0,0,0,0,是-商品卡免佣,0.15,义乌市黎既电子商务商行（个体工商户）,订单结算
2026-04-22 10:12:20,'2026042210121603988526542131,入账,5.08,聚合账户,货款结算入账,小店自卖,'6925598704253697680,'6925598704253697680,'SS76303616323270129070032,2026-04-14 21:07:53,'3746150076641313252,网红简约ins纯色宽边发带高颅顶白色发箍女运动健身夏季头饰发饰,,,普通订单,5.11,0.9,0,0,0,0,0,0,0,0,0,0,-0.03,0,0,0,0,0,0,是-商品卡免佣,0.22,义乌市黎既电子商务商行（个体工商户）,订单结算
2026-04-22 10:12:20,'2026042210121700555300302131,入账,2.81,聚合账户,货款结算入账,小店自卖,'6951992855058716095,'6951992855058716095,'SS76303546482223352780128,2026-04-12 08:15:21,'3790878995596312771,韩系黑色波点布艺褶皱高马尾香蕉夹竖夹新款豹纹发夹气质百搭发饰,,,普通订单,2.83,0.39,0,0,0,0,0,0,0,0,0,0,-0.02,0,0,0,0,0,0,是-商品卡免佣,0.15,义乌市黎既电子商务商行（个体工商户）,订单结算
2026-04-22 10:12:20,'2026042210121714598190542131,入账,1.94,聚合账户,货款结算入账,小店自卖,'6925657405562453270,'6925657405562453270,'SS76304163972274754900061,2026-04-16 23:58:31,'3763932675732275215,简约高马尾香蕉夹抓夹女高级感2025新款大号一字扭扭夹发夹发饰夏,,,普通订单,1.95,0,0,0,0,0,0,0,0,0,0,0,-0.01,0,0,0,0,0,0,是-商品卡免佣,0.07,义乌市黎既电子商务商行（个体工商户）,订单结算
2026-04-22 10:12:20,'2026042210121641069775622131,入账,4.65,聚合账户,货款结算入账,小店自卖,'6952006652371735790,'6952006652371735790,'SS76303715276662051990224,2026-04-12 12:52:58,'3739533679345664133,韩国发夹夹子头饰妈妈新款盘发后脑勺高档水钻头发大号鸭嘴发发饰,,,普通订单,4.68,1.15,0,0,0,0,0,0,0,0,0,0,-0.03,0,0,0,0,0,0,是-商品卡免佣,0.22,义乌市黎既电子商务商行（个体工商户）,订单结算
2026-04-22 10:12:21,'2026042210121714773621852131,入账,3.63,聚合账户,货款结算入账,小店自卖,'6925524016670801221,'6925524016670801221,'SS76303291364054141820107,2026-04-12 08:37:09,'3795705621886664997,韩系可爱小熊格纹发夹女后脑勺马尾竖夹盘发香蕉夹甜美发卡子发饰,,,普通订单,3.65,0,0,0,0,0,0,0,0,0,0,0,-0.02,0,0,0,0,0,0,是-商品卡免佣,0.15,义乌市黎既电子商务商行（个体工商户）,订单结算
2026-04-22 10:12:21,'2026042210121636796994822131,入账,4.85,聚合账户,货款结算入账,小店自卖,'6925539068372942291,'6925539068372942291,'SS76303259408454128640024,2026-04-12 10:37:52,'3796640026289373330,蝴蝶结鸭嘴夹小香风毛呢爆款发夹后脑勺气质洋气盘发一字夹子,,,普通订单,4.88,0,0,0,0,0,0,0,0,0,0,0,-0.03,0,0,0,0,0,0,是-商品卡免佣,0.22,义乌市黎既电子商务商行（个体工商户）,订单结算
2026-04-22 10:12:21,'2026042210121740656573952131,入账,2.86,聚合账户,货款结算入账,小店自卖,'6952001833108838307,'6952001833108838307,'SS76302879215233275220146,2026-04-12 04:36:03,'3761395105840365661,高级感水钻满天星发夹女后脑勺盘发神器发卡青蛙夹扭扭夹发卡头饰,,,普通订单,2.88,0,0,0,0,0,0,0,0,0,0,0,-0.02,0,0,0,0,0,0,是-商品卡免佣,0.15,义乌市黎既电子商务商行（个体工商户）,订单结算
2026-04-22 10:12:21,'2026042210121712590617702131,入账,3.93,聚合账户,货款结算入账,小店自卖,'6952017043413604292,'6952017043413604292,'SS76302770622435333520100,2026-04-13 09:07:23,'3779194745499287659,新款褶皱云朵泡泡波点香蕉夹女碎花甜妹抓夹氛围感显发量蓬蓬发夹,,,普通订单,3.95,0,0,0,0,0,0,0,0,0,0,0,-0.02,0,0,0,0,0,0,是-商品卡免佣,0.15,义乌市黎既电子商务商行（个体工商户）,订单结算
2026-04-22 10:12:21,'2026042210121731082744582131,入账,2.78,聚合账户,货款结算入账,小店自卖,'6951994451425892317,'6951994451425892317,'SS76302878949804935940249,2026-04-11 17:43:15,'3806285088233226368,韩系~时尚百搭简约女格纹布少女风艺带齿细发箍个性压发箍头箍女,,,普通订单,2.8,0,0,0,0,0,0,0,0,0,0,0,-0.02,0,0,0,0,0,0,是-商品卡免佣,0.15,义乌市黎既电子商务商行（个体工商户）,订单结算
2026-04-22 10:12:23,'2026042210121839518213122131,入账,3.73,聚合账户,货款结算入账,小店自卖,'6952127916401432232,'6952127916401432232,'SS76304366089632855560072,2026-04-17 13:16:22,'3752288720800317586,欧根纱网纱花朵抓夹女高级感2025新款水钻发夹后脑勺高马尾鲨鱼夹,,,普通订单,3.75,0,0,0,0,0,0,0,0,0,0,0,-0.02,0,0,0,0,0,0,是-商品卡免佣,0.15,义乌市黎既电子商务商行（个体工商户）,订单结算
2026-04-22 10:12:23,'2026042210121938257464682131,入账,2.15,聚合账户,货款结算入账,小店自卖,'6925530174692359942,'6925530174692359942,'SS76302622495885237820048,2026-04-11 21:11:30,'3806293802847699345,韩式豹纹波点褶皱高级扭扭马尾卡通风香蕉发夹后脑勺显发发卡头饰,,,普通订单,2.16,0,0,0,0,0,0,0,0,0,0,0,-0.01,0,0,0,0,0,0,是-商品卡免佣,0.07,义乌市黎既电子商务商行（个体工商户）,订单结算
2026-04-22 10:12:23,'2026042210121838016289822131,入账,4.59,聚合账户,货款结算入账,小店自卖,'6925509833113631774,'6925509833113631774,'SS76302878245357161470129,2026-04-11 15:42:47,'3791972751976300829,疯狂动物城兔子警官发圈毛绒发饰朱迪发圈新款发绳卡通侧边夹,,,普通订单,4.62,0,0,0,0,0,0,0,0,0,0,0,-0.03,0,0,0,0,0,0,是-商品卡免佣,0.22,义乌市黎既电子商务商行（个体工商户）,订单结算
2026-04-22 10:12:23,'2026042210121910120729752131,入账,8.8,聚合账户,货款结算入账,小店自卖,'6951997339142395611,'6951997339142395611,'SS76303287107092318810160,2026-04-12 10:12:40,'3673408491764187160,头绳女2024新款清新韩版网红ins发圈简约水晶扎头发皮筋手链发绳~,,,普通订单,8.85,0.95,0,0,0,0,0,0,0,0,0,0,-0.05,0,0,0,0,0,0,是-商品卡免佣,0.37,义乌市黎既电子商务商行（个体工商户）,订单结算
2026-04-22 10:12:23,'2026042210121939114020202131,入账,3.58,聚合账户,货款结算入账,小店自卖,'6925655809144422247,'6925655809144422247,'SS76301927666687063230009,2026-04-17 03:14:45,'3677662856528134270,碎花蝴蝶结大肠发圈女夏季扎头绳飘带发带发绳高级感头花头饰发饰,,,普通订单,3.6,1.15,0,0,0,0,0,0,0,0,0,0,-0.02,0,0,0,0,0,0,是-商品卡免佣,0.15,义乌市黎既电子商务商行（个体工商户）,订单结算
2026-04-22 10:12:29,'2026042210122519298061312131,入账,4.46,聚合账户,货款结算入账,小店自卖,'6952119995313952610,'6952119995313952610,'SS76304306013423089070000,2026-04-16 17:34:12,'3763603453478306112,2025新款高雅简约大号珍珠一字发夹女后脑勺高级感抓夹扭扭夹气质,,,普通订单,4.49,0,0,0,0,0,0,0,0,0,0,0,-0.03,0,0,0,0,0,0,是-商品卡免佣,0.22,义乌市黎既电子商务商行（个体工商户）,订单结算
2026-04-22 10:12:29,'2026042210122441411712512131,入账,4.4,聚合账户,货款结算入账,小店自卖,'6925615678999068096,'6925615678999068096,'SS76304307297859712400135,2026-04-15 20:14:48,'3761395105840365661,高级感水钻满天星发夹女后脑勺盘发神器发卡青蛙夹扭扭夹发卡头饰,,,普通订单,4.63,0,0,0,0,0,0,0,0,0,0,0,-0.23,0,0,0,0,0,0,,0,义乌市黎既电子商务商行（个体工商户）,订单结算
2026-04-22 10:12:29,'2026042210122623209418332131,入账,2.77,聚合账户,货款结算入账,小店自卖,'6925622525544463963,'6925622525544463963,'SS76304331913497649180202,2026-04-15 18:52:24,'3796640026289373330,蝴蝶结鸭嘴夹小香风毛呢爆款发夹后脑勺气质洋气盘发一字夹子,,,普通订单,0.79,0,0,2,0,0,0,0,0,0,0,0,-0.02,0,0,0,0,0,0,是-商品卡免佣,0.15,义乌市黎既电子商务商行（个体工商户）,订单结算
2026-04-22 10:12:29,'2026042210122509271874942131,入账,5.03,聚合账户,货款结算入账,小店自卖,'6952080329555121734,'6952080329555121734,'SS76303195663123789320142,2026-04-15 12:45:47,'3683629725827334349,护士帽固定夹子发夹高端精致侧边脑后一字夹侧边日系耳边夹鸭嘴夹,,,普通订单,5.06,0,0,0,0,0,0,0,0,0,0,0,-0.03,0,0,0,0,0,0,是-商品卡免佣,0.22,义乌市黎既电子商务商行（个体工商户）,订单结算
2026-04-22 10:12:29,'2026042210122619337876942131,入账,2.43,聚合账户,货款结算入账,精选联盟,'6952066091103688036,'6952066091103688036,'SS76304624109982684160124,2026-04-14 22:30:04,'3784368456477049055,韩国气质碎钻满天星抓夹女后脑勺半扎发鲨鱼夹发量少百搭发卡头饰,'0,,普通订单,0.01,0,0,2.68,0,0,0,0,0,0,0,0,-0.13,0,0,0,0,-0.13,0,,0,义乌市黎既电子商务商行（个体工商户）,订单结算
2026-04-22 10:12:34,'2026042210123003287004252131,入账,6.34,聚合账户,货款结算入账,小店自卖,'6925522930365398860,'6925522930365398860,'SS76303974316041018940083,2026-04-11 19:22:19,'3796640026289373330,蝴蝶结鸭嘴夹小香风毛呢爆款发夹后脑勺气质洋气盘发一字夹子,,,普通订单,6.38,0,0,0,0,0,0,0,0,0,0,0,-0.04,0,0,0,0,0,0,是-商品卡免佣,0.29,义乌市黎既电子商务商行（个体工商户）,订单结算
2026-04-22 10:12:34,'2026042210123200352957712131,入账,2.05,聚合账户,货款结算入账,精选联盟,'6952011233093752246,'6952011233093752246,'SS76303690503040742940210,2026-04-12 12:58:48,'3674745762153103850,珍珠手链发绳两用头饰品头绳女橡皮筋可爱水晶蕾丝扎头发马尾满钻,,,普通订单,2.16,0,0,0,0,0,0,0,0,0,0,0,-0.11,0,0,0,0,0,0,,0,义乌市黎既电子商务商行（个体工商户）,订单结算
2026-04-22 10:12:34,'2026042210123026729068032131,入账,2.78,聚合账户,货款结算入账,小店自卖,'6951999062377043507,'6951999062377043507,'SS76302878608931886710059,2026-04-11 23:16:31,'3806285088233226368,韩系~时尚百搭简约女格纹布少女风艺带齿细发箍个性压发箍头箍女,,,普通订单,2.8,0,0,0,0,0,0,0,0,0,0,0,-0.02,0,0,0,0,0,0,是-商品卡免佣,0.15,义乌市黎既电子商务商行（个体工商户）,订单结算
2026-04-22 10:12:34,'2026042210123111158326022131,入账,4.85,聚合账户,货款结算入账,小店自卖,'6952115175676974755,'6952115175676974755,'SS76304819424163763630250,2026-04-16 12:43:59,'3800873163328455101,小香风爆款毛呢蝴蝶结鸭嘴夹后脑勺盘发一字夹时髦洋气有气质发饰,,,普通订单,4.88,0,0,0,0,0,0,0,0,0,0,0,-0.03,0,0,0,0,0,0,是-商品卡免佣,0.22,义乌市黎既电子商务商行（个体工商户）,订单结算
2026-04-22 10:12:34,'2026042210123027900318822131,入账,3.75,聚合账户,货款结算入账,小店自卖,'6925632850475580850,'6925632850475580850,'SS76303841633486771630007,2026-04-16 08:53:08,'3746150076641313252,网红简约ins纯色宽边发带高颅顶白色发箍女运动健身夏季头饰发饰,,,普通订单,3.77,0.9,0,0,0,0,0,0,0,0,0,0,-0.02,0,0,0,0,0,0,是-商品卡免佣,0.15,义乌市黎既电子商务商行（个体工商户）,订单结算
2026-04-22 10:12:34,'2026042210122939985976822131,入账,2.67,聚合账户,货款结算入账,小店自卖,'6952006732359341342,'6952006732359341342,'SS76303719055989972990054,2026-04-12 13:46:14,'3784368456477049055,韩国气质碎钻满天星抓夹女后脑勺半扎发鲨鱼夹发量少百搭发卡头饰,,,普通订单,2.69,0,0,0,0,0,0,0,0,0,0,0,-0.02,0,0,0,0,0,0,是-商品卡免佣,0.15,义乌市黎既电子商务商行（个体工商户）,订单结算
2026-04-22 10:12:34,'2026042210123113637394422131,入账,2.67,聚合账户,货款结算入账,小店自卖,'6952017658376885388,'6952017658376885388,'SS76303718801002010020109,2026-04-12 13:14:14,'3784368456477049055,韩国气质碎钻满天星抓夹女后脑勺半扎发鲨鱼夹发量少百搭发卡头饰,,,普通订单,2.69,0,0,0,0,0,0,0,0,0,0,0,-0.02,0,0,0,0,0,0,是-商品卡免佣,0.15,义乌市黎既电子商务商行（个体工商户）,订单结算
2026-04-22 10:12:34,'2026042210123029320481552131,入账,3.59,聚合账户,货款结算入账,小店自卖,'6952015609316185924,'6952015609316185924,'SS76303713235623780470018,2026-04-12 13:45:58,'3766001784691229117,夏天简约随手盘发一字扭扭夹水钻抓夹高级发夹扭扭后脑勺盘发器,,,普通订单,3.61,0.69,0,0,0,0,0,0,0,0,0,0,-0.02,0,0,0,0,0,0,是-商品卡免佣,0.15,义乌市黎既电子商务商行（个体工商户）,订单结算
2026-04-22 10:12:34,'2026042210123030454254172131,入账,2.67,聚合账户,货款结算入账,小店自卖,'6951996221955446030,'6951996221955446030,'SS76303550689231669950032,2026-04-11 16:27:47,'3784368456477049055,韩国气质碎钻满天星抓夹女后脑勺半扎发鲨鱼夹发量少百搭发卡头饰,,,普通订单,2.69,0,0,0,0,0,0,0,0,0,0,0,-0.02,0,0,0,0,0,0,是-商品卡免佣,0.15,义乌市黎既电子商务商行（个体工商户）,订单结算
2026-04-22 10:12:34,'2026042210123112918622812131,入账,3.81,聚合账户,货款结算入账,小店自卖,'6925535296639237641,'6925535296639237641,'SS76303719138687718740048,2026-04-12 10:34:34,'3784368456477049055,韩国气质碎钻满天星抓夹女后脑勺半扎发鲨鱼夹发量少百搭发卡头饰,,,普通订单,3.83,0,0,0,0,0,0,0,0,0,0,0,-0.02,0,0,0,0,0,0,是-商品卡免佣,0.15,义乌市黎既电子商务商行（个体工商户）,订单结算
2026-04-22 10:12:36,'2026042210123115461752742131,入账,4.23,聚合账户,货款结算入账,小店自卖,'6925529865265052842,'6925529865265052842,'SS76302878888863669850060,2026-04-11 19:25:18,'3766725340643328230,网红高级感金属发夹女后脑勺抓夹扣盘发气质发卡发饰一字夹扭扭夹,,,普通订单,4.26,0.55,0,0,0,0,0,0,0,0,0,0,-0.03,0,0,0,0,0,0,是-商品卡免佣,0.22,义乌市黎既电子商务商行（个体工商户）,订单结算
2026-04-22 10:12:36,'2026042210123237542303122131,入账,2.15,聚合账户,货款结算入账,小店自卖,'6951990777131308400,'6951990777131308400,'SS76303701356891507300037,2026-04-12 09:07:57,'3806293802847699345,韩式豹纹波点褶皱高级扭扭马尾卡通风香蕉发夹后脑勺显发发卡头饰,,,普通订单,2.16,0,0,0,0,0,0,0,0,0,0,0,-0.01,0,0,0,0,0,0,是-商品卡免佣,0.07,义乌市黎既电子商务商行（个体工商户）,订单结算
2026-04-22 10:12:36,'2026042210123308479869872131,入账,2.84,聚合账户,货款结算入账,小店自卖,'6925625701102944076,'6925625701102944076,'SS76303578233272081920149,2026-04-16 00:34:34,'3775300681037119498,中号发量多香蕉夹发夹女后脑勺2025新款高马尾神器固定抓夹子竖夹,,,普通订单,2.86,0,0,0,0,0,0,0,0,0,0,0,-0.02,0,0,0,0,0,0,是-商品卡免佣,0.15,义乌市黎既电子商务商行（个体工商户）,订单结算
2026-04-22 10:12:36,'2026042210123229047567792131,入账,4.35,聚合账户,货款结算入账,小店自卖,'6925632822248177498,'6925632822248177498,'SS76303003943482045820179,2026-04-16 08:42:35,'3806285088233226368,韩系~时尚百搭简约女格纹布少女风艺带齿细发箍个性压发箍头箍女,,,普通订单,4.38,0,0,0,0,0,0,0,0,0,0,0,-0.03,0,0,0,0,0,0,是-商品卡免佣,0.22,义乌市黎既电子商务商行（个体工商户）,订单结算
2026-04-22 10:12:36,'2026042210123122109069432131,入账,17.1,聚合账户,货款结算入账,精选联盟,'6925526708195589891,'6925526708195589891,'SS76303263012864658330049,2026-04-12 11:17:46,'3748754542678900840,中国风孔雀盘发器女士古典旗袍发饰丸子懒人高级感饰品优雅发夹,'207161410194548,叮咚好物推荐,普通订单,19.55,1.15,0,0,0,0,0,0,0,0,0,0,-0.98,-1.47,0,0,0,0,0,,0,义乌市黎既电子商务商行（个体工商户）,订单结算
2026-04-22 10:12:43,'2026042210124036178004542131,入账,3.19,聚合账户,货款结算入账,小店自卖,'6952172977122514100,'6952172977122514100,'SS76304277698597238260036,2026-04-18 02:40:44,'3811476737385169110,霞光紫~紫色珍珠字母抓夹女2026新款后脑勺鲨鱼夹大号旅行发卡女 ,,,普通订单,0.71,0,0,2,0,0,0,0,0.5,0,0,0,-0.02,0,0,0,0,0,0,是-商品卡免佣,0.15,义乌市黎既电子商务商行（个体工商户）,订单结算
2026-04-22 10:12:43,'2026042210124004450552512131,入账,2.94,聚合账户,货款结算入账,小店自卖,'6952092161166612107,'6952092161166612107,'SS76304561765010846820202,2026-04-15 21:28:10,'3769870193174642697,2025春夏新款轻奢边夹时尚气质一字发夹女后脑勺扭扭夹女,,,普通订单,0.01,0,0,2.95,0,0,0,0,0,0,0,0,-0.02,0,0,0,0,0,0,是-商品卡免佣,0.15,义乌市黎既电子商务商行（个体工商户）,订单结算
2026-04-22 10:12:43,'2026042210124026599595902131,入账,2.43,聚合账户,货款结算入账,精选联盟,'6925605540978326656,'6925605540978326656,'SS76301371553380152860097,2026-04-14 18:17:14,'3784368456477049055,韩国气质碎钻满天星抓夹女后脑勺半扎发鲨鱼夹发量少百搭发卡头饰,'0,,普通订单,0.01,0,0,2.68,0,0,0,0,0,0,0,0,-0.13,0,0,0,0,-0.13,0,,0,义乌市黎既电子商务商行（个体工商户）,订单结算
2026-04-22 10:12:43,'2026042210124001601047542131,入账,3.54,聚合账户,货款结算入账,小店自卖,'6925625789038427629,'6925625789038427629,'SS76303496918048279380043,2026-04-16 04:35:03,'3746153916182692087,法式文艺~复古甜美方巾大肠发圈女高级感ins大号高马尾甜妹发饰,,,普通订单,0.01,0,0,3.55,0,0,0,0,0,0,0,0,-0.02,0,0,0,0,0,0,是-商品卡免佣,0.15,义乌市黎既电子商务商行（个体工商户）,订单结算
2026-04-22 10:12:43,'2026042210124003360852582131,入账,2.43,聚合账户,货款结算入账,精选联盟,'6925655681427734492,'6925655681427734492,'SS76304954330764580340156,2026-04-16 23:32:31,'3784368456477049055,韩国气质碎钻满天星抓夹女后脑勺半扎发鲨鱼夹发量少百搭发卡头饰,'7619171183133246522,川妹精品市集,普通订单,0.01,0,0,2.68,0,0,0,0,0,0,0,0,-0.13,-0.13,0,0,0,0,0,,0,义乌市黎既电子商务商行（个体工商户）,订单结算
2026-04-22 10:12:50,'2026042210124619422907142131,入账,6.58,聚合账户,货款结算入账,小店自卖,'6925512092208496346,'6925512092208496346,'SS76302698292662113700100,2026-04-11 14:59:40,'3747831921233756578,超大蝴蝶结抓夹高级感在逃公主后脑勺发夹盘发鲨鱼夹网红发卡头饰,,,普通订单,6.62,0.39,0,0,0,0,0,0,0,0,0,0,-0.04,0,0,0,0,0,0,是-商品卡免佣,0.29,义乌市黎既电子商务商行（个体工商户）,订单结算
2026-04-22 10:12:50,'2026042210124539604884822131,入账,3.75,聚合账户,货款结算入账,小店自卖,'6951976724655772831,'6951976724655772831,'SS76302679050405809100138,2026-04-11 18:42:26,'3746150076641313252,网红简约ins纯色宽边发带高颅顶白色发箍女运动健身夏季头饰发饰,,,普通订单,3.77,0.9,0,0,0,0,0,0,0,0,0,0,-0.02,0,0,0,0,0,0,是-商品卡免佣,0.15,义乌市黎既电子商务商行（个体工商户）,订单结算
2026-04-22 10:12:50,'2026042210124514402565392131,入账,4.11,聚合账户,货款结算入账,小店自卖,'6951972191265559611,'6951972191265559611,'SS76302697880530460310043,2026-04-11 16:29:20,'3747831921233756578,超大蝴蝶结抓夹高级感在逃公主后脑勺发夹盘发鲨鱼夹网红发卡头饰,,,普通订单,4.13,0.39,0,0,0,0,0,0,0,0,0,0,-0.02,0,0,0,0,0,0,是-商品卡免佣,0.15,义乌市黎既电子商务商行（个体工商户）,订单结算
2026-04-22 10:12:50,'2026042210124617955392092131,入账,3.08,聚合账户,货款结算入账,小店自卖,'6925538913265286261,'6925538913265286261,'SS76303264133415083870104,2026-04-12 09:12:55,'3673424694561865791,薄款牛油果绿系列小丝巾缠包模特搭配装饰品扎头发绑发飘带发带,,,普通订单,3.1,1.55,0,0,0,0,0,0,0,0,0,0,-0.02,0,0,0,0,0,0,是-商品卡免佣,0.15,义乌市黎既电子商务商行（个体工商户）,订单结算
2026-04-22 10:12:50,'2026042210124627977651352131,入账,3.81,聚合账户,货款结算入账,小店自卖,'6951985343015621859,'6951985343015621859,'SS76302638292768857950019,2026-04-11 15:10:21,'3784368456477049055,韩国气质碎钻满天星抓夹女后脑勺半扎发鲨鱼夹发量少百搭发卡头饰,,,普通订单,3.83,0,0,0,0,0,0,0,0,0,0,0,-0.02,0,0,0,0,0,0,是-商品卡免佣,0.15,义乌市黎既电子商务商行（个体工商户）,订单结算
2026-04-22 10:12:50,'2026042210124535832632412131,入账,5.02,聚合账户,货款结算入账,小店自卖,'6925655659759697179,'6925655659759697179,'SS76304723784975816100137,2026-04-16 23:22:47,'3790878995596312771,韩系黑色波点布艺褶皱高马尾香蕉夹竖夹新款豹纹发夹气质百搭发饰,,,普通订单,5.05,0,0,0,0,0,0,0,0,0,0,0,-0.03,0,0,0,0,0,0,是-商品卡免佣,0.22,义乌市黎既电子商务商行（个体工商户）,订单结算
2026-04-22 10:12:50,'2026042210124541759421822131,入账,5.08,聚合账户,货款结算入账,小店自卖,'6925507726395342503,'6925507726395342503,'SS76302679162867392150042,2026-04-11 12:33:22,'3746150076641313252,网红简约ins纯色宽边发带高颅顶白色发箍女运动健身夏季头饰发饰,,,普通订单,5.11,0.9,0,0,0,0,0,0,0,0,0,0,-0.03,0,0,0,0,0,0,是-商品卡免佣,0.22,义乌市黎既电子商务商行（个体工商户）,订单结算
2026-04-22 10:12:50,'2026042210124632554032792131,入账,7.91,聚合账户,货款结算入账,小店自卖,'6952003852965975795,'6952003852965975795,'SS76302879146818603880168,2026-04-12 00:28:50,'3768982715341340864,可爱卡通法式珍珠三角抓夹女新款发量多发夹后脑勺高级感鲨鱼夹,,,普通订单,7.96,0,0,0,0,0,0,0,0,0,0,0,-0.05,0,0,0,0,0,0,是-商品卡免佣,0.37,义乌市黎既电子商务商行（个体工商户）,订单结算
2026-04-22 10:12:50,'2026042210124631542484982131,入账,1.95,聚合账户,货款结算入账,小店自卖,'6951988342193592076,'6951988342193592076,'SS76302672702806471870068,2026-04-12 00:15:41,'3806280662462366067,kitty猫~刘海贴精致可爱甜美少女棉花糖猫兔碎发贴魔术贴无痕发饰,,,普通订单,1.96,0,0,0,0,0,0,0,0,0,0,0,-0.01,0,0,0,0,0,0,是-商品卡免佣,0.07,义乌市黎既电子商务商行（个体工商户）,订单结算
2026-04-22 10:12:50,'2026042210124539744025862131,入账,4.84,聚合账户,货款结算入账,精选联盟,'6925593624287083977,'6925593624287083977,'SS76304489539978207100165,2026-04-14 15:03:58,'3677505925100470553,宝宝碎发神器女儿童发卡后脑勺隐形倒插梳整理刘海碎发梳女童发夹,'109969074460,芳姐百货178❤️,普通订单,5.56,0,0,0,0,0,0,0,0,0,0,0,-0.28,-0.44,0,0,0,0,0,,0,义乌市黎既电子商务商行（个体工商户）,订单结算
2026-04-22 10:12:57,'2026042210125229625065322131,入账,2.86,聚合账户,货款结算入账,小店自卖,'6952103068020381377,'6952103068020381377,'SS76303489364607147620064,2026-04-15 20:43:15,'3761395105840365661,高级感水钻满天星发夹女后脑勺盘发神器发卡青蛙夹扭扭夹发卡头饰,,,普通订单,2.88,0,0,0,0,0,0,0,0,0,0,0,-0.02,0,0,0,0,0,0,是-商品卡免佣,0.15,义乌市黎既电子商务商行（个体工商户）,订单结算
2026-04-22 10:12:57,'2026042210125324122987612131,入账,3.94,聚合账户,货款结算入账,小店自卖,'6925652885103344719,'6925652885103344719,'SS76304314764671229940132,2026-04-16 20:32:17,'3806479482789953902,新款蓝楹蝶!甜美氛围感头花侧边夹旅行发卡！早春气质蓝色花朵发夹,,,普通订单,3.96,0,0,0,0,0,0,0,0,0,0,0,-0.02,0,0,0,0,0,0,是-商品卡免佣,0.15,义乌市黎既电子商务商行（个体工商户）,订单结算
2026-04-22 10:12:57,'2026042210125322412501112131,入账,3.75,聚合账户,货款结算入账,小店自卖,'6952166603556263734,'6952166603556263734,'SS76303796063150410620059,2026-04-18 04:46:04,'3746150076641313252,网红简约ins纯色宽边发带高颅顶白色发箍女运动健身夏季头饰发饰,,,普通订单,3.77,0.9,0,0,0,0,0,0,0,0,0,0,-0.02,0,0,0,0,0,0,是-商品卡免佣,0.15,义乌市黎既电子商务商行（个体工商户）,订单结算
2026-04-22 10:12:57,'2026042210125405200942502131,入账,4.64,聚合账户,货款结算入账,小店自卖,'6952149706014135884,'6952149706014135884,'SS76303785459657940880088,2026-04-17 11:20:14,'3769166853499388264,2025新款安全硅胶发夹女士鲨鱼夹饰品柔软防撞保护后脑夹头发女,,,普通订单,4.67,0,0,0,0,0,0,0,0,0,0,0,-0.03,0,0,0,0,0,0,是-商品卡免佣,0.22,义乌市黎既电子商务商行（个体工商户）,订单结算
2026-04-22 10:12:57,'2026042210125139693519722131,入账,2.67,聚合账户,货款结算入账,小店自卖,'6952109100269704697,'6952109100269704697,'SS76304282697497813000242,2026-04-16 18:28:40,'3784368456477049055,韩国气质碎钻满天星抓夹女后脑勺半扎发鲨鱼夹发量少百搭发卡头饰,,,普通订单,2.69,0,0,0,0,0,0,0,0,0,0,0,-0.02,0,0,0,0,0,0,是-商品卡免佣,0.15,义乌市黎既电子商务商行（个体工商户）,订单结算
2026-04-22 10:13:09,'2026042210130603497172912131,入账,4.7,聚合账户,货款结算入账,小店自卖,'6952086017686180930,'6952086017686180930,'SS76303014814785708040230,2026-04-14 21:40:53,'3806431274114089028,格纹蝴蝶结头花植绒小熊发圈韩系可爱百搭扎马尾头绳发饰新款发绳,,,普通订单,3.73,0,0,0,0,0,0,0,1,0,0,0,-0.03,0,0,0,0,0,0,是-商品卡免佣,0.22,义乌市黎既电子商务商行（个体工商户）,订单结算
2026-04-22 10:13:09,'2026042210130536332713232131,入账,5.22,聚合账户,货款结算入账,小店自卖,'6925690674715393686,'6925690674715393686,'SS76304820421911350220243,2026-04-18 14:09:29,'3761558334050795776,新款花苞头鸡毛头发夹丸子头假发抓夹盘发发包自然蓬松后脑勺发饰,,,普通订单,5.25,0,0,0,0,0,0,0,0,0,0,0,-0.03,0,0,0,0,0,0,是-商品卡免佣,0.22,义乌市黎既电子商务商行（个体工商户）,订单结算
2026-04-22 10:13:09,'2026042210130615275668752131,入账,3.85,聚合账户,货款结算入账,小店自卖,'6925617379896163648,'6925617379896163648,'SS76304259875655521540137,2026-04-15 15:43:58,'3673388116573553024,花朵儿童盘发神器新款宝宝丸子头盘发器宝宝扎头神器头饰发饰女孩,,,普通订单,3.87,0.55,0,0,0,0,0,0,0,0,0,0,-0.02,0,0,0,0,0,0,是-商品卡免佣,0.15,义乌市黎既电子商务商行（个体工商户）,订单结算
2026-04-22 10:13:09,'2026042210130539977006462131,入账,2.11,聚合账户,货款结算入账,小店自卖,'6925674181760089597,'6925674181760089597,'SS76304103718555858270110,2026-04-17 20:28:17,'3747798706171281905,【店铺热销】萌趣可爱小熊抓夹女2025新款高级感鲨鱼夹发夹后脑勺,,,普通订单,2.12,0,0,0,0,0,0,0,0,0,0,0,-0.01,0,0,0,0,0,0,是-商品卡免佣,0.07,义乌市黎既电子商务商行（个体工商户）,订单结算
2026-04-22 10:13:09,'2026042210130615274521872131,入账,10.88,聚合账户,货款结算入账,小店自卖,'6925652212434763643,'6925652212434763643,'SS76304112561424637820214,2026-04-16 14:34:26,'3796640026289373330,蝴蝶结鸭嘴夹小香风毛呢爆款发夹后脑勺气质洋气盘发一字夹子,,,普通订单,10.95,0,0,0,0,0,0,0,0,0,0,0,-0.07,0,0,0,0,0,0,是-商品卡免佣,0.51,义乌市黎既电子商务商行（个体工商户）,订单结算
2026-04-22 10:13:22,'2026042210131828909122832131,入账,4.85,聚合账户,货款结算入账,小店自卖,'6925638691784916183,'6925638691784916183,'SS76303438250634122300195,2026-04-16 15:54:10,'3796640026289373330,蝴蝶结鸭嘴夹小香风毛呢爆款发夹后脑勺气质洋气盘发一字夹子,,,普通订单,4.88,0,0,0,0,0,0,0,0,0,0,0,-0.03,0,0,0,0,0,0,是-商品卡免佣,0.22,义乌市黎既电子商务商行（个体工商户）,订单结算
2026-04-22 10:15:23,'2026042210151905433963932131,出账,1,聚合账户,退款-结算后退款-退用户,小店自卖,'6951514212979643670,'6951514212979643670,'147452172531971425,2026-03-23 22:46:20,'3746539288666439910,夏天新款太阳花网纱抓夹女发夹高马尾夹子固定后脑勺花朵鲨鱼夹,,,普通订单,0,0,0,0,0,0,0,0,0,0,0,-1,0,0,0,0,0,0,0,,0,义乌市黎既电子商务商行（个体工商户）,已退款
2026-04-22 10:33:30,'2026042210332709574487422131,出账,1,聚合账户,小额打款,,'6952186166905214526,'6952186166905214526,,,,,,,普通订单,0,0,0,0,0,0,0,0,0,0,0,0,0,0,0,0,0,0,0,,0,义乌市黎既电子商务商行（个体工商户）,商家向消费者小额打款-“其他”
2026-04-22 11:17:48,'2026042211174220725926592131,出账,2,聚合账户,小额打款,,'6925717894609534909,'6925717894609534909,,,,,,,普通订单,0,0,0,0,0,0,0,0,0,0,0,0,0,0,0,0,0,0,0,,0,义乌市黎既电子商务商行（个体工商户）,商家向消费者小额打款-“其他”
2026-04-22 11:23:20,'2026042211231615435205392131,出账,2,聚合账户,小额打款,,'6925683400611495046,'6925683400611495046,,,,,,,普通订单,0,0,0,0,0,0,0,0,0,0,0,0,0,0,0,0,0,0,0,,0,义乌市黎既电子商务商行（个体工商户）,商家向消费者小额打款-“其他”
2026-04-22 11:38:24,'2026042211381931800696472131,出账,2,聚合账户,小额打款,,'6952113584567358736,'6952113584567358736,,,,,,,普通订单,0,0,0,0,0,0,0,0,0,0,0,0,0,0,0,0,0,0,0,,0,义乌市黎既电子商务商行（个体工商户）,商家向消费者小额打款-“其他”
2026-04-22 12:01:49,'2026042212014328614374402131,出账,1,聚合账户,小额打款,,'6951926480195098430,'6951926480195098430,,,,,,,普通订单,0,0,0,0,0,0,0,0,0,0,0,0,0,0,0,0,0,0,0,,0,义乌市黎既电子商务商行（个体工商户）,商家向消费者小额打款-“其他”
2026-04-22 12:08:13,'2026042212080638893330272131,出账,1,聚合账户,小额打款,,'6952204733604763504,'6952204733604763504,,,,,,,普通订单,0,0,0,0,0,0,0,0,0,0,0,0,0,0,0,0,0,0,0,,0,义乌市黎既电子商务商行（个体工商户）,商家向消费者小额打款-“其他”
2026-04-22 12:11:37,'2026042212113235908490512131,入账,4.85,聚合账户,货款结算入账,小店自卖,'6925537912284807132,'6925537912284807132,'SS76303974645998067600052,2026-04-12 14:13:10,'3796640026289373330,蝴蝶结鸭嘴夹小香风毛呢爆款发夹后脑勺气质洋气盘发一字夹子,,,普通订单,4.88,0,0,0,0,0,0,0,0,0,0,0,-0.03,0,0,0,0,0,0,是-商品卡免佣,0.22,义乌市黎既电子商务商行（个体工商户）,订单结算
2026-04-22 12:11:37,'2026042212112836294824962131,入账,4.47,聚合账户,货款结算入账,精选联盟,'6951992102017635881,'6951992102017635881,'SS76302878883854095620217,2026-04-11 19:31:20,'3769870193174642697,2025春夏新款轻奢边夹时尚气质一字发夹女后脑勺扭扭夹女,'0,,普通订单,0.01,0,0,4.96,0,0,0,0,0,0,0,0,-0.25,0,0,0,0,-0.25,0,,0,义乌市黎既电子商务商行（个体工商户）,订单结算
2026-04-22 12:11:37,'2026042212113010427271832131,入账,3.93,聚合账户,货款结算入账,小店自卖,'6951976787618961206,'6951976787618961206,'SS76302878273370857110040,2026-04-11 19:32:51,'3757678157491208600,夏季简约醋酸发夹边夹侧边碎发刘海夹女2025新款ins前额bb夹头饰,,,普通订单,3.95,0.49,0,0,0,0,0,0,0,0,0,0,-0.02,0,0,0,0,0,0,是-商品卡免佣,0.15,义乌市黎既电子商务商行（个体工商户）,订单结算
2026-04-22 12:11:37,'2026042212113300397478862131,入账,5.5,聚合账户,货款结算入账,小店自卖,'6925520550110723656,'6925520550110723656,'SS76302668282124045310184,2026-04-11 16:40:14,'3806280662462366067,kitty猫~刘海贴精致可爱甜美少女棉花糖猫兔碎发贴魔术贴无痕发饰,,,普通订单,0.01,0,0,2,0,0,0,0,0,3.52,0,0,-0.03,0,0,0,0,0,0,是-商品卡免佣,0.22,义乌市黎既电子商务商行（个体工商户）,订单结算
2026-04-22 12:11:38,'2026042212113123407332102131,入账,2.86,聚合账户,货款结算入账,小店自卖,'6951995370601715031,'6951995370601715031,'SS76302879344119652250181,2026-04-12 07:36:16,'3761395105840365661,高级感水钻满天星发夹女后脑勺盘发神器发卡青蛙夹扭扭夹发卡头饰,,,普通订单,2.88,0,0,0,0,0,0,0,0,0,0,0,-0.02,0,0,0,0,0,0,是-商品卡免佣,0.15,义乌市黎既电子商务商行（个体工商户）,订单结算
2026-04-22 12:11:38,'2026042212113003972019632131,入账,4.41,聚合账户,货款结算入账,小店自卖,'6952010812057654491,'6952010812057654491,'SS76303262844339980900006,2026-04-12 08:54:38,'3790130885173575920,秋冬甜美贴布格纹蝴蝶结发夹后脑勺三角抓夹发氛围感鲨鱼发饰夹,,,普通订单,4.44,0,0,0,0,0,0,0,0,0,0,0,-0.03,0,0,0,0,0,0,是-商品卡免佣,0.22,义乌市黎既电子商务商行（个体工商户）,订单结算
2026-04-22 12:11:38,'2026042212113401472110232131,入账,4.85,聚合账户,货款结算入账,小店自卖,'6925534495220006026,'6925534495220006026,'SS76302878555413714350087,2026-04-11 23:14:14,'3796640026289373330,蝴蝶结鸭嘴夹小香风毛呢爆款发夹后脑勺气质洋气盘发一字夹子,,,普通订单,4.88,0,0,0,0,0,0,0,0,0,0,0,-0.03,0,0,0,0,0,0,是-商品卡免佣,0.22,义乌市黎既电子商务商行（个体工商户）,订单结算
2026-04-22 12:11:38,'2026042212113414179213062131,入账,1.7,聚合账户,货款结算入账,小店自卖,'6952063537869493394,'6952063537869493394,'SS76303288880780743870011,2026-04-14 18:09:01,'3750814048090980744,新款轻奢高级网纱闪亮夏季水钻太阳花朵发圈发绳扎马尾不伤发皮筋,,,普通订单,1.26,0,0,0.53,0,0,0,0,0,0,0,0,-0.09,0,0,0,0,0,0,,0,义乌市黎既电子商务商行（个体工商户）,订单结算
2026-04-22 12:11:38,'2026042212113239722027862131,入账,2.84,聚合账户,货款结算入账,精选联盟,'6925530193350131000,'6925530193350131000,'SS76302412268820567390022,2026-04-11 21:37:56,'3796640026289373330,蝴蝶结鸭嘴夹小香风毛呢爆款发夹后脑勺气质洋气盘发一字夹子,'0,,普通订单,3.16,0,0,0,0,0,0,0,0,0,0,0,-0.16,0,0,0,0,-0.16,0,,0,义乌市黎既电子商务商行（个体工商户）,订单结算
2026-04-22 12:11:38,'2026042212113128482811282131,入账,2.26,聚合账户,货款结算入账,精选联盟,'6951995054269077228,'6951995054269077228,'SS76302879159774420830025,2026-04-11 23:57:31,'3797354479075066126,甜美韩系可爱立体五角星初秋发圈格纹肠圈儿童发饰马尾头绳肠圈,'0,,普通订单,0.37,0,0,2.15,0,0,0,0,0,0,0,0,-0.13,0,0,0,0,-0.13,0,,0,义乌市黎既电子商务商行（个体工商户）,订单结算
2026-04-22 12:11:38,'2026042212113207143593362131,入账,3.87,聚合账户,货款结算入账,小店自卖,'6925526749613621189,'6925526749613621189,'SS76303288140322901020041,2026-04-12 11:49:32,'3677505925100470553,宝宝碎发神器女儿童发卡后脑勺隐形倒插梳整理刘海碎发梳女童发夹,,,普通订单,3.89,0,0,0,0,0,0,0,0,0,0,0,-0.02,0,0,0,0,0,0,是-商品卡免佣,0.15,义乌市黎既电子商务商行（个体工商户）,订单结算
2026-04-22 12:11:38,'2026042212113231922304342131,入账,2.83,聚合账户,货款结算入账,小店自卖,'6925541520883417024,'6925541520883417024,'SS76303692396013327550175,2026-04-12 14:15:25,'3783087235688169935,高颅顶神器发根自然蓬松夹无痕定位夹男女刘海夹鸭嘴夹发卡发夹,,,普通订单,2.85,0,0,0,0,0,0,0,0,0,0,0,-0.02,0,0,0,0,0,0,是-商品卡免佣,0.15,义乌市黎既电子商务商行（个体工商户）,订单结算
2026-04-22 12:11:38,'2026042212113233773325072131,入账,4.6,聚合账户,货款结算入账,小店自卖,'6952019652717385256,'6952019652717385256,'SS76302879818369600520026,2026-04-12 08:18:01,'3761395105840365661,高级感水钻满天星发夹女后脑勺盘发神器发卡青蛙夹扭扭夹发卡头饰,,,普通订单,4.63,0,0,0,0,0,0,0,0,0,0,0,-0.03,0,0,0,0,0,0,是-商品卡免佣,0.22,义乌市黎既电子商务商行（个体工商户）,订单结算
2026-04-22 12:11:38,'2026042212113439068349542131,入账,3.29,聚合账户,货款结算入账,精选联盟,'6952005636013496096,'6952005636013496096,'SS76302878585174761390110,2026-04-11 21:24:35,'3807763574974186291,气质高级亮黑色大号鲨鱼抓夹女后脑勺时尚发卡巨能抓头饰2026新款,'0,,普通订单,3.65,0,0,0,0,0,0,0,0,0,0,0,-0.18,0,0,0,0,-0.18,0,,0,义乌市黎既电子商务商行（个体工商户）,订单结算
2026-04-22 12:11:38,'2026042212113419217943382131,入账,7.4,聚合账户,货款结算入账,小店自卖,'6925539308802571821,'6925539308802571821,'SS76303287722520131080124,2026-04-12 12:22:39,'3748761843921977645,简约纯色缎面感大肠发圈气质扎头绳女简约丸子头百搭头饰品高级,,,普通订单,7.44,2.1,0,0,0,0,0,0,0,0,0,0,-0.04,0,0,0,0,0,0,是-商品卡免佣,0.29,义乌市黎既电子商务商行（个体工商户）,订单结算
2026-04-22 12:11:38,'2026042212113216789550182131,入账,2.81,聚合账户,货款结算入账,小店自卖,'6925528967673773862,'6925528967673773862,'SS76303702001808187140122,2026-04-12 10:32:26,'3790878995596312771,韩系黑色波点布艺褶皱高马尾香蕉夹竖夹新款豹纹发夹气质百搭发饰,,,普通订单,0.4,0.39,0,2.43,0,0,0,0,0,0,0,0,-0.02,0,0,0,0,0,0,是-商品卡免佣,0.15,义乌市黎既电子商务商行（个体工商户）,订单结算
2026-04-22 12:11:38,'2026042212113321370312192131,入账,1.91,聚合账户,货款结算入账,小店自卖,'6925574756959092641,'6925574756959092641,'SS76303076998949811600160,2026-04-13 17:15:53,'3776769690882408946,简约三角形头发抓夹高级鲨鱼夹2025秋冬新款发夹后脑勺盘发夹子女,,,普通订单,0.01,0,0,1.91,0,0,0,0,0,0,0,0,-0.01,0,0,0,0,0,0,是-商品卡免佣,0.07,义乌市黎既电子商务商行（个体工商户）,订单结算
2026-04-22 12:11:38,'2026042212113319013678712131,入账,2.58,聚合账户,货款结算入账,小店自卖,'6951988417324651821,'6951988417324651821,'SS76302879329736793870164,2026-04-12 02:58:59,'3754886570348511555,简约发夹头饰发量多发卡高级感发饰头饰抓夹大号亚克力黑色鲨鱼夹,,,普通订单,1.6,2.1,0,0,0,0,0,0,1,0,0,0,-0.02,0,0,0,0,0,0,是-商品卡免佣,0.15,义乌市黎既电子商务商行（个体工商户）,订单结算
2026-04-22 12:11:38,'2026042212113320951086492131,入账,3.61,聚合账户,货款结算入账,小店自卖,'6951990487343240202,'6951990487343240202,'SS76302880183894512900031,2026-04-12 01:47:07,'3806450472450130341,新款复古抓夹女豹纹蝴蝶结鲨鱼夹2026后脑勺盘发发夹高级感发饰,,,普通订单,3.63,0,0,0,0,0,0,0,0,0,0,0,-0.02,0,0,0,0,0,0,是-商品卡免佣,0.15,义乌市黎既电子商务商行（个体工商户）,订单结算
2026-04-22 12:11:38,'2026042212113239597716892131,入账,1.95,聚合账户,货款结算入账,小店自卖,'6952088283515197404,'6952088283515197404,'SS76303381775230285150219,2026-04-14 20:02:29,'3806280662462366067,kitty猫~刘海贴精致可爱甜美少女棉花糖猫兔碎发贴魔术贴无痕发饰,,,普通订单,0.01,0,0,1.95,0,0,0,0,0,0,0,0,-0.01,0,0,0,0,0,0,是-商品卡免佣,0.07,义乌市黎既电子商务商行（个体工商户）,订单结算
2026-04-22 12:11:38,'2026042212113330886469182131,入账,5.27,聚合账户,货款结算入账,小店自卖,'6952003468699767896,'6952003468699767896,'SS76303121637266724250007,2026-04-11 21:21:59,'3808279589508219146,夏天简约水钻抓夹随手盘发一字扭扭夹高级发夹后脑勺盘发神器新款,,,普通订单,5.55,0,0,0,0,0,0,0,0,0,0,0,-0.28,0,0,0,0,0,0,,0,义乌市黎既电子商务商行（个体工商户）,订单结算
2026-04-22 12:11:38,'2026042212113407172923382131,入账,3.87,聚合账户,货款结算入账,小店自卖,'6925535981722696929,'6925535981722696929,'SS76303741605941089630109,2026-04-12 14:57:10,'3790878995596312771,韩系黑色波点布艺褶皱高马尾香蕉夹竖夹新款豹纹发夹气质百搭发饰,,,普通订单,3.89,0,0,0,0,0,0,0,0,0,0,0,-0.02,0,0,0,0,0,0,是-商品卡免佣,0.15,义乌市黎既电子商务商行（个体工商户）,订单结算
2026-04-22 12:11:38,'2026042212113033494633502131,入账,4.02,聚合账户,货款结算入账,小店自卖,'6951995326403581746,'6951995326403581746,'SS76303123731693245790231,2026-04-12 07:00:31,'3766001784691229117,夏天简约随手盘发一字扭扭夹水钻抓夹高级发夹扭扭后脑勺盘发器,,,普通订单,0.01,0,0,4.22,0,0,0,0,0,0,0,0,-0.21,0,0,0,0,0,0,,0,义乌市黎既电子商务商行（个体工商户）,订单结算
2026-04-22 12:11:38,'2026042212113036834882822131,入账,2.56,聚合账户,货款结算入账,小店自卖,'6925602637301513762,'6925602637301513762,'SS76303379373017871710164,2026-04-14 13:37:08,'3809235146834575749,可爱新春小狗香蕉夹女高马尾扭扭夹红色竖夹高级感2026韩新款发夹,,,普通订单,0.01,0,0,2.57,0,0,0,0,0,0,0,0,-0.02,0,0,0,0,0,0,是-商品卡免佣,0.15,义乌市黎既电子商务商行（个体工商户）,订单结算
2026-04-22 12:11:38,'2026042212113306764795222131,入账,2.67,聚合账户,货款结算入账,小店自卖,'6925519212268190909,'6925519212268190909,'SS76302635629968103030035,2026-04-11 23:48:18,'3784368456477049055,韩国气质碎钻满天星抓夹女后脑勺半扎发鲨鱼夹发量少百搭发卡头饰,,,普通订单,2.69,0,0,0,0,0,0,0,0,0,0,0,-0.02,0,0,0,0,0,0,是-商品卡免佣,0.15,义乌市黎既电子商务商行（个体工商户）,订单结算
2026-04-22 12:11:38,'2026042212113212511977062131,入账,2.87,聚合账户,货款结算入账,小店自卖,'6925322233011076736,'6925322233011076736,'SS76278775987812764660166,2026-04-02 22:35:33,'3806250082127446374,休闲风创意米菲兔甜美少女刘海贴魔法贴毛绒发帖无痕贴发饰发卡女,,,普通订单,0.02,0,0,3,0,0,0,0,0,0,0,0,-0.15,0,0,0,0,0,0,,0,义乌市黎既电子商务商行（个体工商户）,订单结算
2026-04-22 12:11:38,'2026042212113301766530922131,入账,2.72,聚合账户,货款结算入账,小店自卖,'6952020429654791227,'6952020429654791227,'SS76304002442535736470089,2026-04-12 16:07:24,'3673607243682676924,可爱仿真食物迷你夹奇奇怪怪瓜子玉米发夹搞怪食玩米饭荷包蛋夹子,,,普通订单,2.74,0,0,0,0,0,0,0,0,0,0,0,-0.02,0,0,0,0,0,0,是-商品卡免佣,0.15,义乌市黎既电子商务商行（个体工商户）,订单结算
2026-04-22 12:11:38,'2026042212113411371645782131,入账,2.67,聚合账户,货款结算入账,小店自卖,'6925523663247539512,'6925523663247539512,'SS76302637274267000470224,2026-04-12 01:01:42,'3784368456477049055,韩国气质碎钻满天星抓夹女后脑勺半扎发鲨鱼夹发量少百搭发卡头饰,,,普通订单,2.69,0,0,0,0,0,0,0,0,0,0,0,-0.02,0,0,0,0,0,0,是-商品卡免佣,0.15,义乌市黎既电子商务商行（个体工商户）,订单结算
2026-04-22 12:11:38,'2026042212113306300966782131,入账,2.67,聚合账户,货款结算入账,小店自卖,'6952126960584365283,'6952126960584365283,'SS76303993546212357640204,2026-04-16 21:48:04,'3784368456477049055,韩国气质碎钻满天星抓夹女后脑勺半扎发鲨鱼夹发量少百搭发卡头饰,,,普通订单,2.69,0,0,0,0,0,0,0,0,0,0,0,-0.02,0,0,0,0,0,0,是-商品卡免佣,0.15,义乌市黎既电子商务商行（个体工商户）,订单结算
2026-04-22 12:11:39,'2026042212113421983769752131,入账,3.87,聚合账户,货款结算入账,小店自卖,'6952001543720277295,'6952001543720277295,'SS76302639535952858060156,2026-04-11 22:26:47,'3790878995596312771,韩系黑色波点布艺褶皱高马尾香蕉夹竖夹新款豹纹发夹气质百搭发饰,,,普通订单,3.89,0,0,0,0,0,0,0,0,0,0,0,-0.02,0,0,0,0,0,0,是-商品卡免佣,0.15,义乌市黎既电子商务商行（个体工商户）,订单结算
2026-04-22 12:11:39,'2026042212113414179535702131,入账,3.14,聚合账户,货款结算入账,小店自卖,'6925544083595230264,'6925544083595230264,'SS76303994108029220180161,2026-04-12 15:44:25,'3796640026289373330,蝴蝶结鸭嘴夹小香风毛呢爆款发夹后脑勺气质洋气盘发一字夹子,,,普通订单,3.16,0,0,0,0,0,0,0,0,0,0,0,-0.02,0,0,0,0,0,0,是-商品卡免佣,0.15,义乌市黎既电子商务商行（个体工商户）,订单结算
2026-04-22 12:11:39,'2026042212113207146542482131,入账,7.41,聚合账户,货款结算入账,小店自卖,'6925519109610372153,'6925519109610372153,'SS76302878273373970070132,2026-04-11 22:57:37,'3673424694561865791,薄款牛油果绿系列小丝巾缠包模特搭配装饰品扎头发绑发飘带发带,,,普通订单,7.45,1.55,0,0,0,0,0,0,0,0,0,0,-0.04,0,0,0,0,0,0,是-商品卡免佣,0.29,义乌市黎既电子商务商行（个体工商户）,订单结算
2026-04-22 12:11:39,'2026042212113036212249952131,入账,2.69,聚合账户,货款结算入账,小店自卖,'6952164245748847988,'6952164245748847988,'SS76304335768611394560102,2026-04-18 04:14:59,'3812017302002597980,复古波点丝绒倒插梳碎发整理发梳女无痕刘海发夹子早春高颅顶头饰,,,普通订单,0.01,0,0,2.7,0,0,0,0,0,0,0,0,-0.02,0,0,0,0,0,0,是-商品卡免佣,0.15,义乌市黎既电子商务商行（个体工商户）,订单结算
2026-04-22 12:11:39,'2026042212113416991690642131,入账,2.86,聚合账户,货款结算入账,小店自卖,'6925529030979452410,'6925529030979386874,'SS76303261214520652950170,2026-04-12 10:57:51,'3673388116573553024,花朵儿童盘发神器新款宝宝丸子头盘发器宝宝扎头神器头饰发饰女孩,,,普通订单,2.88,0,0,0,0,0,0,0,0,0,0,0,-0.02,0,0,0,0,0,0,是-商品卡免佣,0.15,义乌市黎既电子商务商行（个体工商户）,订单结算
2026-04-22 12:11:39,'2026042212113531122068862131,入账,1.9,聚合账户,货款结算入账,小店自卖,'6951986232680912431,'6951986232680912431,'SS76302878429350508030089,2026-04-11 23:27:26,'3739529509091803226,2025新款带齿防滑头箍不勒头碎发整理发捆头饰高颅顶大波浪发发饰,,,普通订单,1.91,0,0,0,0,0,0,0,0,0,0,0,-0.01,0,0,0,0,0,0,是-商品卡免佣,0.07,义乌市黎既电子商务商行（个体工商户）,订单结算
2026-04-22 12:11:39,'2026042212113320815547222131,入账,3.88,聚合账户,货款结算入账,小店自卖,'6925565377424424235,'6925565377424424235,'SS76304445036438003830226,2026-04-13 15:03:41,'3807978711932863082,新款发箍女款洗脸专用压发带齿防滑简约碎发头箍高颅头饰防掉百搭,,,普通订单,3.9,0,0,0,0,0,0,0,0,0,0,0,-0.02,0,0,0,0,0,0,是-商品卡免佣,0.15,义乌市黎既电子商务商行（个体工商户）,订单结算
2026-04-22 12:11:39,'2026042212113132265341792131,入账,8.07,聚合账户,货款结算入账,小店自卖,'6925529197938507468,'6925529197938507468,'SS76303263971728269200089,2026-04-12 11:45:50,'3742849967501476190,可爱小女孩网红爆款树脂发饰高颅顶神器女士童通用梳马尾头饰发饰,,,普通订单,8.12,1.15,0,0,0,0,0,0,0,0,0,0,-0.05,0,0,0,0,0,0,是-商品卡免佣,0.37,义乌市黎既电子商务商行（个体工商户）,订单结算
2026-04-22 12:11:39,'2026042212113419467635702131,入账,2.26,聚合账户,货款结算入账,小店自卖,'6952002245993239785,'6952002245993239785,'SS76304101778381053960244,2026-04-12 10:39:07,'3782115499152900523,复古豹纹波点褶皱香蕉夹女高级感马尾扭扭竖夹后脑勺显发量发卡,,,普通订单,2.27,0,0,0,0,0,0,0,0,0,0,0,-0.01,0,0,0,0,0,0,是-商品卡免佣,0.07,义乌市黎既电子商务商行（个体工商户）,订单结算
2026-04-22 12:11:39,'2026042212113240152271712131,入账,0.81,聚合账户,货款结算入账,小店自卖,'6925416930393095947,'6925416930393095947,'SS76303785240670538390198,2026-04-07 14:39:55,'3806431274114089028,格纹蝴蝶结头花植绒小熊发圈韩系可爱百搭扎马尾头绳发饰新款发绳,,,普通订单,0.81,0,0,0,0,0,0,0,0,0,0,0,0,0,0,0,0,0,0,是-商品卡免佣,0,义乌市黎既电子商务商行（个体工商户）,订单结算
2026-04-22 12:11:39,'2026042212113314147589622131,入账,2.67,聚合账户,货款结算入账,小店自卖,'6951983204240070617,'6951983204240070617,'SS76302632152801282900177,2026-04-11 15:34:57,'3784368456477049055,韩国气质碎钻满天星抓夹女后脑勺半扎发鲨鱼夹发量少百搭发卡头饰,,,普通订单,2.69,0,0,0,0,0,0,0,0,0,0,0,-0.02,0,0,0,0,0,0,是-商品卡免佣,0.15,义乌市黎既电子商务商行（个体工商户）,订单结算
2026-04-22 12:11:39,'2026042212113538211589212131,入账,3.75,聚合账户,货款结算入账,小店自卖,'6952126279629608603,'6952126279629608603,'SS76303814787314977780144,2026-04-16 13:54:02,'3746150076641313252,网红简约ins纯色宽边发带高颅顶白色发箍女运动健身夏季头饰发饰,,,普通订单,3.77,0.9,0,0,0,0,0,0,0,0,0,0,-0.02,0,0,0,0,0,0,是-商品卡免佣,0.15,义乌市黎既电子商务商行（个体工商户）,订单结算
2026-04-22 12:11:39,'2026042212113333861514432131,入账,5.44,聚合账户,货款结算入账,小店自卖,'6951987583369155860,'6951987583369155860,'SS76302878463246669300000,2026-04-11 16:17:02,'3751929363118030982,蝴蝶结发带女2025新款飘带头绳大肠发圈高级感扎头发少女风发圈,,,普通订单,5.47,0.8,0,0,0,0,0,0,0,0,0,0,-0.03,0,0,0,0,0,0,是-商品卡免佣,0.22,义乌市黎既电子商务商行（个体工商户）,订单结算
2026-04-22 12:11:39,'2026042212113315144886102131,入账,1.95,聚合账户,货款结算入账,小店自卖,'6925567014667779474,'6925567014667779474,'SS76304027390850176400220,2026-04-14 09:05:42,'3806280662462366067,kitty猫~刘海贴精致可爱甜美少女棉花糖猫兔碎发贴魔术贴无痕发饰,,,普通订单,0.01,0,0,1.95,0,0,0,0,0,0,0,0,-0.01,0,0,0,0,0,0,是-商品卡免佣,0.07,义乌市黎既电子商务商行（个体工商户）,订单结算
2026-04-22 12:11:39,'2026042212113428903060882131,入账,2.56,聚合账户,货款结算入账,小店自卖,'6925534150480264844,'6925534150480264844,'SS76302626955313034750120,2026-04-11 21:08:47,'3809235146834575749,可爱新春小狗香蕉夹女高马尾扭扭夹红色竖夹高级感2026韩新款发夹,,,普通订单,2.58,0,0,0,0,0,0,0,0,0,0,0,-0.02,0,0,0,0,0,0,是-商品卡免佣,0.15,义乌市黎既电子商务商行（个体工商户）,订单结算
2026-04-22 12:11:39,'2026042212113324637775762131,入账,9.89,聚合账户,货款结算入账,小店自卖,'6925525217446165792,'6925525217446165792,'SS76288075842508723260242,2026-04-11 19:46:21,'3796640026289373330,蝴蝶结鸭嘴夹小香风毛呢爆款发夹后脑勺气质洋气盘发一字夹子,,,普通订单,10.95,0,0,0,0,0,0,0,0,0,0,-1,-0.06,0,0,0,0,0,0,是-商品卡免佣,0.44,义乌市黎既电子商务商行（个体工商户）,订单结算
2026-04-22 12:11:39,'2026042212113212545234442131,入账,1.95,聚合账户,货款结算入账,小店自卖,'6925625065909747166,'6925625065909747166,'SS76304560486380669850203,2026-04-15 20:13:26,'3806280662462366067,kitty猫~刘海贴精致可爱甜美少女棉花糖猫兔碎发贴魔术贴无痕发饰,,,普通订单,0.01,0,0,1.95,0,0,0,0,0,0,0,0,-0.01,0,0,0,0,0,0,是-商品卡免佣,0.07,义乌市黎既电子商务商行（个体工商户）,订单结算
2026-04-22 12:11:39,'2026042212113307889064962131,入账,6.15,聚合账户,货款结算入账,小店自卖,'6925516280844746127,'6925516280844746127,'SS76302878413944755390064,2026-04-11 17:09:04,'3752430050918662555,多巴胺彩色波浪抓夹女夏季发量多鲨鱼夹子2025新款后脑勺发夹头饰,,,普通订单,6.19,0,0,0,0,0,0,0,0,0,0,0,-0.04,0,0,0,0,0,0,是-商品卡免佣,0.29,义乌市黎既电子商务商行（个体工商户）,订单结算
2026-04-22 12:11:39,'2026042212113419468291062131,入账,2.18,聚合账户,货款结算入账,小店自卖,'6951992079925449835,'6951992079925449835,'SS76302878171732218980062,2026-04-11 18:35:59,'3763604235179130936,夏季新款镶钻一字夹高端感抓夹女网红后脑勺懒人夹盘发夹大鸭嘴夹,,,普通订单,2.19,0.39,0,0,0,0,0,0,0,0,0,0,-0.01,0,0,0,0,0,0,是-商品卡免佣,0.07,义乌市黎既电子商务商行（个体工商户）,订单结算
2026-04-22 12:11:39,'2026042212113115405225232131,入账,3.81,聚合账户,货款结算入账,小店自卖,'6951979054048285722,'6951979054048285722,'SS76302638356311250550076,2026-04-11 16:28:15,'3784368456477049055,韩国气质碎钻满天星抓夹女后脑勺半扎发鲨鱼夹发量少百搭发卡头饰,,,普通订单,3.83,0,0,0,0,0,0,0,0,0,0,0,-0.02,0,0,0,0,0,0,是-商品卡免佣,0.15,义乌市黎既电子商务商行（个体工商户）,订单结算
2026-04-22 12:11:40,'2026042212113400259689312131,入账,6.34,聚合账户,货款结算入账,小店自卖,'6925535206481165553,'6925535206481165553,'SS76303259504293647740017,2026-04-12 10:03:40,'3796640026289373330,蝴蝶结鸭嘴夹小香风毛呢爆款发夹后脑勺气质洋气盘发一字夹子,,,普通订单,6.38,0,0,0,0,0,0,0,0,0,0,0,-0.04,0,0,0,0,0,0,是-商品卡免佣,0.29,义乌市黎既电子商务商行（个体工商户）,订单结算
2026-04-22 12:11:40,'2026042212113540145597782131,入账,3.21,聚合账户,货款结算入账,小店自卖,'6952015822034245186,'6952015822034245186,'SS76303995576836431770210,2026-04-12 16:01:25,'3756538958083916481,红樱桃发夹女侧边小抓夹碎发网红刘海夹可爱公主头饰鲨鱼夹气质,,,普通订单,3.38,0.3,0,0,0,0,0,0,0,0,0,0,-0.17,0,0,0,0,0,0,,0,义乌市黎既电子商务商行（个体工商户）,订单结算
2026-04-22 12:11:40,'2026042212113320825216272131,入账,1.84,聚合账户,货款结算入账,小店自卖,'6925548445917805592,'6925548445917805592,'SS76303999046618647500113,2026-04-12 15:29:17,'3809235146834575749,可爱新春小狗香蕉夹女高马尾扭扭夹红色竖夹高级感2026韩新款发夹,,,普通订单,0.01,0,0,1.84,0,0,0,0,0,0,0,0,-0.01,0,0,0,0,0,0,是-商品卡免佣,0.07,义乌市黎既电子商务商行（个体工商户）,订单结算
2026-04-22 12:11:40,'2026042212113425987162122131,入账,3.61,聚合账户,货款结算入账,小店自卖,'6952008406272709729,'6952008406272709729,'SS76302879433288791230106,2026-04-12 07:05:20,'3806450472450130341,新款复古抓夹女豹纹蝴蝶结鲨鱼夹2026后脑勺盘发发夹高级感发饰,,,普通订单,3.63,0,0,0,0,0,0,0,0,0,0,0,-0.02,0,0,0,0,0,0,是-商品卡免佣,0.15,义乌市黎既电子商务商行（个体工商户）,订单结算
2026-04-22 12:11:40,'2026042212113305859579312131,入账,1.95,聚合账户,货款结算入账,小店自卖,'6952003173514024014,'6952003173514024014,'SS76302672178595108180179,2026-04-11 17:55:27,'3806280662462366067,kitty猫~刘海贴精致可爱甜美少女棉花糖猫兔碎发贴魔术贴无痕发饰,,,普通订单,0.01,0,0,1.95,0,0,0,0,0,0,0,0,-0.01,0,0,0,0,0,0,是-商品卡免佣,0.07,义乌市黎既电子商务商行（个体工商户）,订单结算
2026-04-22 12:11:40,'2026042212113441798702592131,入账,3.68,聚合账户,货款结算入账,小店自卖,'6952008236416636727,'6952008236416636727,'SS76302628115001515790006,2026-04-12 02:18:09,'3809235146834575749,可爱新春小狗香蕉夹女高马尾扭扭夹红色竖夹高级感2026韩新款发夹,,,普通订单,1.7,0,0,2,0,0,0,0,0,0,0,0,-0.02,0,0,0,0,0,0,是-商品卡免佣,0.15,义乌市黎既电子商务商行（个体工商户）,订单结算
2026-04-22 12:11:40,'2026042212113619923607422131,入账,4.85,聚合账户,货款结算入账,小店自卖,'6925537545965043555,'6925537545965043555,'SS76303974439431050580012,2026-04-12 11:51:44,'3796640026289373330,蝴蝶结鸭嘴夹小香风毛呢爆款发夹后脑勺气质洋气盘发一字夹子,,,普通订单,3.48,0,0,1.4,0,0,0,0,0,0,0,0,-0.03,0,0,0,0,0,0,是-商品卡免佣,0.22,义乌市黎既电子商务商行（个体工商户）,订单结算
2026-04-22 12:11:40,'2026042212113421487787622131,入账,1.91,聚合账户,货款结算入账,小店自卖,'6925526535745535609,'6925526535745535609,'SS76303262119772982270004,2026-04-12 10:18:15,'3776769690882408946,简约三角形头发抓夹高级鲨鱼夹2025秋冬新款发夹后脑勺盘发夹子女,,,普通订单,0.01,0,0,1.91,0,0,0,0,0,0,0,0,-0.01,0,0,0,0,0,0,是-商品卡免佣,0.07,义乌市黎既电子商务商行（个体工商户）,订单结算
2026-04-22 12:11:40,'2026042212113408375670112131,入账,5.02,聚合账户,货款结算入账,小店自卖,'6952008295989778198,'6952008295989778198,'SS76302635763093673340000,2026-04-12 05:14:28,'3790878995596312771,韩系黑色波点布艺褶皱高马尾香蕉夹竖夹新款豹纹发夹气质百搭发饰,,,普通订单,5.05,0,0,0,0,0,0,0,0,0,0,0,-0.03,0,0,0,0,0,0,是-商品卡免佣,0.22,义乌市黎既电子商务商行（个体工商户）,订单结算
2026-04-22 12:11:40,'2026042212113716569147342131,入账,3.02,聚合账户,货款结算入账,精选联盟,'6952000981595002265,'6952000981595002265,'SS76302652218780718600034,2026-04-11 17:27:48,'3806839693081969009,春夏简约随手盘发高级发夹一字扭扭夹水钻抓夹扭扭后脑勺盘发器,'0,,普通订单,2.36,0,0,1,0,0,0,0,0,0,0,0,-0.17,0,0,0,0,-0.17,0,,0,义乌市黎既电子商务商行（个体工商户）,订单结算
2026-04-22 12:11:40,'2026042212113413202109942131,入账,3.02,聚合账户,货款结算入账,精选联盟,'6925510127661448314,'6925510127661448314,'SS76304152424785843620191,2026-04-11 17:56:58,'3806839693081969009,春夏简约随手盘发高级发夹一字扭扭夹水钻抓夹扭扭后脑勺盘发器,'0,,普通订单,0.36,0,0,3,0,0,0,0,0,0,0,0,-0.17,0,0,0,0,-0.17,0,,0,义乌市黎既电子商务商行（个体工商户）,订单结算
2026-04-22 12:11:40,'2026042212113424088950272131,入账,2.26,聚合账户,货款结算入账,精选联盟,'6952002577372157265,'6952002577372157265,'SS76303693543243784020029,2026-04-12 14:22:58,'3797354479075066126,甜美韩系可爱立体五角星初秋发圈格纹肠圈儿童发饰马尾头绳肠圈,'0,,普通订单,0.01,0,0,2.51,0,0,0,0,0,0,0,0,-0.13,0,0,0,0,-0.13,0,,0,义乌市黎既电子商务商行（个体工商户）,订单结算
2026-04-22 12:11:40,'2026042212113427149317472131,入账,2.43,聚合账户,货款结算入账,小店自卖,'6925526998631808192,'6925526998631808192,'SS76303714769144061780142,2026-04-12 13:47:22,'3747270590684332488,法式闪钻网纱太阳花朵抓夹女高级感2025新款水钻发夹后脑勺鲨鱼夹,,,普通订单,1.44,0,0,0,0,0,0,0,1,0,0,0,-0.01,0,0,0,0,0,0,是-商品卡免佣,0.07,义乌市黎既电子商务商行（个体工商户）,订单结算
2026-04-22 12:11:40,'2026042212113427442547462131,入账,3.69,聚合账户,货款结算入账,小店自卖,'6925522577608441135,'6925522577608441135,'SS76302877957080031060150,2026-04-11 16:24:04,'3757473223135068613,小女孩卡通盘发杆盘发器儿童公主丸子头盘发神器女童简约盘发器,,,普通订单,3.71,0,0,0,0,0,0,0,0,0,0,0,-0.02,0,0,0,0,0,0,是-商品卡免佣,0.15,义乌市黎既电子商务商行（个体工商户）,订单结算
2026-04-22 12:11:40,'2026042212113537218393752131,入账,8.95,聚合账户,货款结算入账,精选联盟,'6952020499721164585,'6952020499721164585,'SS76303993933818803660107,2026-04-12 16:47:32,'3796640026289373330,蝴蝶结鸭嘴夹小香风毛呢爆款发夹后脑勺气质洋气盘发一字夹子,'106607565339,云朵姐姐,普通订单,9.95,0,0,0,0,0,0,0,0,0,0,0,-0.5,-0.5,0,0,0,0,0,,0,义乌市黎既电子商务商行（个体工商户）,订单结算
2026-04-22 12:11:40,'2026042212113308063882392131,入账,3.41,聚合账户,货款结算入账,小店自卖,'6925528306188451414,'6925528306188451414,'SS76302880079795817060164,2026-04-12 00:59:34,'3673388116573553024,花朵儿童盘发神器新款宝宝丸子头盘发器宝宝扎头神器头饰发饰女孩,,,普通订单,3.43,0.55,0,0,0,0,0,0,0,0,0,0,-0.02,0,0,0,0,0,0,是-商品卡免佣,0.15,义乌市黎既电子商务商行（个体工商户）,订单结算
2026-04-22 12:11:40,'2026042212113708308167942131,入账,2.56,聚合账户,货款结算入账,小店自卖,'6925518437180275935,'6925518437180275935,'SS76302633456351974910053,2026-04-11 18:51:30,'3784368456477049055,韩国气质碎钻满天星抓夹女后脑勺半扎发鲨鱼夹发量少百搭发卡头饰,,,普通订单,0.01,0,0,2.68,0,0,0,0,0,0,0,0,-0.13,0,0,0,0,0,0,,0,义乌市黎既电子商务商行（个体工商户）,订单结算
2026-04-22 12:11:40,'2026042212113433439585282131,入账,1.78,聚合账户,货款结算入账,小店自卖,'6925519758772764064,'6925519758772764064,'SS76303290126532982160039,2026-04-12 09:19:54,'3750814048090980744,新款轻奢高级网纱闪亮夏季水钻太阳花朵发圈发绳扎马尾不伤发皮筋,,,普通订单,1.79,0,0,0,0,0,0,0,0,0,0,0,-0.01,0,0,0,0,0,0,是-商品卡免佣,0.07,义乌市黎既电子商务商行（个体工商户）,订单结算
2026-04-22 12:11:41,'2026042212113513572879452131,入账,3.81,聚合账户,货款结算入账,小店自卖,'6925522655601131456,'6925522655601131456,'SS76302638413137518590132,2026-04-11 17:05:43,'3784368456477049055,韩国气质碎钻满天星抓夹女后脑勺半扎发鲨鱼夹发量少百搭发卡头饰,,,普通订单,3.83,0,0,0,0,0,0,0,0,0,0,0,-0.02,0,0,0,0,0,0,是-商品卡免佣,0.15,义乌市黎既电子商务商行（个体工商户）,订单结算
2026-04-22 12:11:41,'2026042212113720191810822131,入账,1.09,聚合账户,货款结算入账,小店自卖,'6925546118521257467F00,'6925546118521257467,'SS76304000037853601550238,2026-04-12 15:54:01,'3742849967501476190,运费单,,,普通订单,1.15,1.15,0,0,0,0,0,0,0,0,0,0,-0.06,0,0,0,0,0,0,,0,义乌市黎既电子商务商行（个体工商户）,运费单结算
2026-04-22 12:11:42,'2026042212113809269417422131,入账,3.7,聚合账户,货款结算入账,小店自卖,'6925534606871985562,'6925534606871985562,'SS76302633615536955420099,2026-04-12 00:33:42,'3782115499152900523,复古豹纹波点褶皱香蕉夹女高级感马尾扭扭竖夹后脑勺显发量发卡,,,普通订单,3.72,0,0,0,0,0,0,0,0,0,0,0,-0.02,0,0,0,0,0,0,是-商品卡免佣,0.15,义乌市黎既电子商务商行（个体工商户）,订单结算
2026-04-22 12:11:42,'2026042212113339724321662131,入账,4.94,聚合账户,货款结算入账,小店自卖,'6925524860609331101,'6925524860609331101,'SS76302879121523018620049,2026-04-11 15:53:54,'3769870193174642697,2025春夏新款轻奢边夹时尚气质一字发夹女后脑勺扭扭夹女,,,普通订单,0.01,0,0,0,0,0,0,0,4.96,0,0,0,-0.03,0,0,0,0,0,0,是-商品卡免佣,0.22,义乌市黎既电子商务商行（个体工商户）,订单结算
2026-04-22 12:11:42,'2026042212113627271050502131,入账,9.95,聚合账户,货款结算入账,小店自卖,'6951988543862740459,'6951988543862740459,'SS76302879699296264200083,2026-04-12 08:08:49,'3742849967501476190,可爱小女孩网红爆款树脂发饰高颅顶神器女士童通用梳马尾头饰发饰,,,普通订单,10.01,1.15,0,0,0,0,0,0,0,0,0,0,-0.06,0,0,0,0,0,0,是-商品卡免佣,0.44,义乌市黎既电子商务商行（个体工商户）,订单结算
2026-04-22 12:11:42,'2026042212113637961730662131,入账,2.67,聚合账户,货款结算入账,小店自卖,'6952004043696051969,'6952004043696051969,'SS76302638258743875070228,2026-04-12 07:46:59,'3784368456477049055,韩国气质碎钻满天星抓夹女后脑勺半扎发鲨鱼夹发量少百搭发卡头饰,,,普通订单,2.69,0,0,0,0,0,0,0,0,0,0,0,-0.02,0,0,0,0,0,0,是-商品卡免佣,0.15,义乌市黎既电子商务商行（个体工商户）,订单结算
2026-04-22 12:11:42,'2026042212113433444705682131,入账,5.65,聚合账户,货款结算入账,精选联盟,'6951996898428458698,'6951996898428458698,'SS76302879484967657470139,2026-04-11 23:53:58,'3752814442128212299,韩系公主风白色蕾丝网纱大肠发圈女高级感超大号发饰发绳春季新款,'1821240607398280,顺风姐168,普通订单,6.35,1.55,0,0,0,0,0,0,0,0,0,0,-0.32,-0.38,0,0,0,0,0,,0,义乌市黎既电子商务商行（个体工商户）,订单结算
2026-04-22 12:11:42,'2026042212113534613540362131,入账,4.94,聚合账户,货款结算入账,小店自卖,'6951991250836985809,'6951991250836985809,'SS76303714757625984000241,2026-04-12 14:57:05,'3747270590684332488,法式闪钻网纱太阳花朵抓夹女高级感2025新款水钻发夹后脑勺鲨鱼夹,,,普通订单,4.97,0,0,0,0,0,0,0,0,0,0,0,-0.03,0,0,0,0,0,0,是-商品卡免佣,0.22,义乌市黎既电子商务商行（个体工商户）,订单结算
2026-04-22 12:11:42,'2026042212113536122998222131,入账,3.39,聚合账户,货款结算入账,小店自卖,'6925646529206975512,'6925646529206975512,'SS76304676400747197960133,2026-04-16 22:45:31,'3750791789322306375,刘海夹前额洋气闪钻轻奢植绒复古夹子双层侧边夹碎发整理夹子女,,,普通订单,3.41,0,0,0,0,0,0,0,0,0,0,0,-0.02,0,0,0,0,0,0,是-商品卡免佣,0.15,义乌市黎既电子商务商行（个体工商户）,订单结算
2026-04-22 12:11:42,'2026042212113624585999862131,入账,6.21,聚合账户,货款结算入账,小店自卖,'6925541412430642294,'6925541412430642294,'SS76303995666381256190191,2026-04-12 13:06:49,'3764317163318542527,夏日爱心镂空撞色抓夹女高级感2025新款鲨鱼夹后脑勺盘发夹子发饰,,,普通订单,6.25,0,0,0,0,0,0,0,0,0,0,0,-0.04,0,0,0,0,0,0,是-商品卡免佣,0.29,义乌市黎既电子商务商行（个体工商户）,订单结算
2026-04-22 12:11:42,'2026042212113408333112702131,入账,5.52,聚合账户,货款结算入账,小店自卖,'6951996836228568437,'6951996836228568437,'SS76302878450147333520024,2026-04-11 22:41:49,'3757657178757005484,简约彩色蝴蝶结鸭嘴夹韩系女孩后脑勺高级感大号儿童发夹早春头饰,,,普通订单,5.55,0,0,0,0,0,0,0,0,0,0,0,-0.03,0,0,0,0,0,0,是-商品卡免佣,0.22,义乌市黎既电子商务商行（个体工商户）,订单结算
2026-04-22 12:11:42,'2026042212113508192658192131,入账,4,聚合账户,货款结算入账,小店自卖,'6925450655735971673,'6925450655735971673,'SS76302182745213837150230,2026-04-08 22:03:54,'3752993546408427528,新款韩系发饰山茶花公主头抓夹女发夹刘海小巧精致小号发卡迷发夹,,,普通订单,4.02,0,0,0,0,0,0,0,0,0,0,0,-0.02,0,0,0,0,0,0,是-商品卡免佣,0.15,义乌市黎既电子商务商行（个体工商户）,订单结算
2026-04-22 12:11:42,'2026042212113624584852982131,入账,1.71,聚合账户,货款结算入账,精选联盟,'6952011264405214704,'6952011264405214704,'SS76303693603071762010081,2026-04-12 12:53:34,'3769166853499388264,2025新款安全硅胶发夹女士鲨鱼夹饰品柔软防撞保护后脑夹头发女,'0,,普通订单,1.89,0,0,0,0,0,0,0,0,0,0,0,-0.09,0,0,0,0,-0.09,0,,0,义乌市黎既电子商务商行（个体工商户）,订单结算
2026-04-22 12:11:42,'2026042212113625689011582131,入账,4.6,聚合账户,货款结算入账,小店自卖,'6952011601914106929,'6952011601914106929,'SS76291706602454103380010,2026-04-12 16:14:16,'3761395105840365661,高级感水钻满天星发夹女后脑勺盘发神器发卡青蛙夹扭扭夹发卡头饰,,,普通订单,4.63,0,0,0,0,0,0,0,0,0,0,0,-0.03,0,0,0,0,0,0,是-商品卡免佣,0.22,义乌市黎既电子商务商行（个体工商户）,订单结算
2026-04-22 12:11:43,'2026042212113728297794902131,入账,2.81,聚合账户,货款结算入账,小店自卖,'6925546030349778426,'6925546030349778426,'SS76303705825384701700025,2026-04-12 15:16:02,'3790878995596312771,韩系黑色波点布艺褶皱高马尾香蕉夹竖夹新款豹纹发夹气质百搭发饰,,,普通订单,2.83,0.39,0,0,0,0,0,0,0,0,0,0,-0.02,0,0,0,0,0,0,是-商品卡免佣,0.15,义乌市黎既电子商务商行（个体工商户）,订单结算
2026-04-22 12:11:43,'2026042212113715994227602131,入账,9.51,聚合账户,货款结算入账,小店自卖,'6925525909288680533,'6925525909288680533,'SS76302879016420805210053,2026-04-11 23:24:30,'3742849967501476190,可爱小女孩网红爆款树脂发饰高颅顶神器女士童通用梳马尾头饰发饰,,,普通订单,10.01,1.15,0,0,0,0,0,0,0,0,0,0,-0.5,0,0,0,0,0,0,,0,义乌市黎既电子商务商行（个体工商户）,订单结算
2026-04-22 12:11:44,'2026042212113911886758802131,入账,3.75,聚合账户,货款结算入账,小店自卖,'6925527245089242518,'6925527245089242518,'SS76303937286327012030039,2026-04-11 17:03:47,'3746150076641313252,网红简约ins纯色宽边发带高颅顶白色发箍女运动健身夏季头饰发饰,,,普通订单,3.77,0.9,0,0,0,0,0,0,0,0,0,0,-0.02,0,0,0,0,0,0,是-商品卡免佣,0.15,义乌市黎既电子商务商行（个体工商户）,订单结算
2026-04-22 12:13:19,'2026042212131418381709072131,入账,3.61,聚合账户,货款结算入账,小店自卖,'6925603234647145671,'6925603234647145671,'SS76304187121179858280246,2026-04-14 18:20:25,'3806450472450130341,新款复古抓夹女豹纹蝴蝶结鲨鱼夹2026后脑勺盘发发夹高级感发饰,,,普通订单,3.63,0,0,0,0,0,0,0,0,0,0,0,-0.02,0,0,0,0,0,0,是-商品卡免佣,0.15,义乌市黎既电子商务商行（个体工商户）,订单结算
2026-04-22 12:13:19,'2026042212131504450227722131,入账,4.95,聚合账户,货款结算入账,小店自卖,'6952130672420394448,'6952130672420394448,'SS76303844904102466620198,2026-04-16 14:11:59,'3811476737385169110,霞光紫~紫色珍珠字母抓夹女2026新款后脑勺鲨鱼夹大号旅行发卡女 ,,,普通订单,4.98,0,0,0,0,0,0,0,0,0,0,0,-0.03,0,0,0,0,0,0,是-商品卡免佣,0.22,义乌市黎既电子商务商行（个体工商户）,订单结算
2026-04-22 12:13:19,'2026042212131440268150222131,入账,4.77,聚合账户,货款结算入账,小店自卖,'6925520509938400934,'6925520509938400934,'SS76302878413099829760094,2026-04-11 16:39:02,'3808334646693986544,新款水钻珠子花朵后脑勺洋气盘发夹时尚半扎鲨鱼夹6厘米~中号抓夹,,,普通订单,4.8,0,0,0,0,0,0,0,0,0,0,0,-0.03,0,0,0,0,0,0,是-商品卡免佣,0.22,义乌市黎既电子商务商行（个体工商户）,订单结算
2026-04-22 12:13:19,'2026042212131441877058822131,入账,2.56,聚合账户,货款结算入账,小店自卖,'6925577545280159475,'6925577545280159475,'SS76304389687779008090207,2026-04-13 21:15:28,'3809235146834575749,可爱新春小狗香蕉夹女高马尾扭扭夹红色竖夹高级感2026韩新款发夹,,,普通订单,2.58,0,0,0,0,0,0,0,0,0,0,0,-0.02,0,0,0,0,0,0,是-商品卡免佣,0.15,义乌市黎既电子商务商行（个体工商户）,订单结算
2026-04-22 12:13:19,'2026042212131339976307602131,入账,4.6,聚合账户,货款结算入账,小店自卖,'6952008846007343007,'6952008846007343007,'SS76303264197506834190213,2026-04-12 12:19:22,'3761395105840365661,高级感水钻满天星发夹女后脑勺盘发神器发卡青蛙夹扭扭夹发卡头饰,,,普通订单,4.63,0,0,0,0,0,0,0,0,0,0,0,-0.03,0,0,0,0,0,0,是-商品卡免佣,0.22,义乌市黎既电子商务商行（个体工商户）,订单结算
2026-04-22 12:13:20,'2026042212131334900915622131,入账,10.88,聚合账户,货款结算入账,小店自卖,'6925568472002165914,'6925568472002165914,'SS76304441726858207070130,2026-04-13 21:02:13,'3796640026289373330,蝴蝶结鸭嘴夹小香风毛呢爆款发夹后脑勺气质洋气盘发一字夹子,,,普通订单,10.95,0,0,0,0,0,0,0,0,0,0,0,-0.07,0,0,0,0,0,0,是-商品卡免佣,0.51,义乌市黎既电子商务商行（个体工商户）,订单结算
2026-04-22 12:13:20,'2026042212131439812469822131,入账,1.84,聚合账户,货款结算入账,小店自卖,'6952017421645649574,'6952017421645649574,'SS76303717044511094160144,2026-04-12 11:12:11,'3809235146834575749,可爱新春小狗香蕉夹女高马尾扭扭夹红色竖夹高级感2026韩新款发夹,,,普通订单,0.01,0,0,1.84,0,0,0,0,0,0,0,0,-0.01,0,0,0,0,0,0,是-商品卡免佣,0.07,义乌市黎既电子商务商行（个体工商户）,订单结算
2026-04-22 12:13:20,'2026042212131535924219422131,入账,3.94,聚合账户,货款结算入账,精选联盟,'6925593067222367393,'6925593067222367393,'SS76303197430284826100016,2026-04-15 00:39:46,'3806285088233226368,韩系~时尚百搭简约女格纹布少女风艺带齿细发箍个性压发箍头箍女,'0,,普通订单,1.38,0,0,3,0,0,0,0,0,0,0,0,-0.22,0,0,0,0,-0.22,0,,0,义乌市黎既电子商务商行（个体工商户）,订单结算
2026-04-22 12:13:20,'2026042212131515060339302131,入账,3.63,聚合账户,货款结算入账,小店自卖,'6925528276717764530,'6925528276717764530,'SS76302879880737633660009,2026-04-12 00:47:40,'3807763574974186291,气质高级亮黑色大号鲨鱼抓夹女后脑勺时尚发卡巨能抓头饰2026新款,,,普通订单,3.65,0,0,0,0,0,0,0,0,0,0,0,-0.02,0,0,0,0,0,0,是-商品卡免佣,0.15,义乌市黎既电子商务商行（个体工商户）,订单结算
2026-04-22 12:13:20,'2026042212131426733125122131,入账,3,聚合账户,货款结算入账,小店自卖,'6951981471517906087,'6951981471517906087,'SS76302673851622039540058,2026-04-11 23:32:58,'3806250082127446374,休闲风创意米菲兔甜美少女刘海贴魔法贴毛绒发帖无痕贴发饰发卡女,,,普通订单,3.02,0,0,0,0,0,0,0,0,0,0,0,-0.02,0,0,0,0,0,0,是-商品卡免佣,0.15,义乌市黎既电子商务商行（个体工商户）,订单结算
2026-04-22 12:13:20,'2026042212131528486374762131,入账,2.55,聚合账户,货款结算入账,精选联盟,'6952090761456325788,'6952090761456325788,'SS76303195998456547900174,2026-04-15 04:46:54,'3767836959792300411,法式高级感超大号弧形抓夹女新款后脑勺盘发夹发量大鲨鱼夹发卡夹,'0,,普通订单,0.01,0,0,2.82,0,0,0,0,0,0,0,0,-0.14,0,0,0,0,-0.14,0,,0,义乌市黎既电子商务商行（个体工商户）,订单结算
2026-04-22 12:13:20,'2026042212131608139574182131,入账,2.43,聚合账户,货款结算入账,精选联盟,'6925648737974189593,'6925648737974189593,'SS76303389728199478260132,2026-04-16 22:08:11,'3784368456477049055,韩国气质碎钻满天星抓夹女后脑勺半扎发鲨鱼夹发量少百搭发卡头饰,'0,,普通订单,0.01,0,0,2.68,0,0,0,0,0,0,0,0,-0.13,0,0,0,0,-0.13,0,,0,义乌市黎既电子商务商行（个体工商户）,订单结算
2026-04-22 12:13:20,'2026042212131512844403472131,入账,2.51,聚合账户,货款结算入账,精选联盟,'6925526549793373200,'6925526549793373200,'SS76303264001103836160136,2026-04-12 10:22:33,'3796640026289373330,蝴蝶结鸭嘴夹小香风毛呢爆款发夹后脑勺气质洋气盘发一字夹子,'0,,普通订单,1.96,0,0,0.83,0,0,0,0,0,0,0,0,-0.14,0,0,0,0,-0.14,0,,0,义乌市黎既电子商务商行（个体工商户）,订单结算
2026-04-22 12:13:20,'2026042212131603191933532131,入账,1.94,聚合账户,货款结算入账,小店自卖,'6952092721543714304,'6952092721543714304,'SS76303297458253665660096,2026-04-14 22:57:25,'3763932675732275215,简约高马尾香蕉夹抓夹女高级感2025新款大号一字扭扭夹发夹发饰夏,,,普通订单,1.95,0,0,0,0,0,0,0,0,0,0,0,-0.01,0,0,0,0,0,0,是-商品卡免佣,0.07,义乌市黎既电子商务商行（个体工商户）,订单结算
2026-04-22 12:13:20,'2026042212131713801928142131,入账,5.95,聚合账户,货款结算入账,小店自卖,'6952137343274063676,'6952137343274063676,'SS76303803322436654600055,2026-04-17 21:54:02,'3677561914218643751,发饰交叉抓夹大号发夹新款盘发卡头饰女简约气质鲨鱼夹后脑勺发爪,,,普通订单,5.99,1.15,0,0,0,0,0,0,0,0,0,0,-0.04,0,0,0,0,0,0,是-商品卡免佣,0.29,义乌市黎既电子商务商行（个体工商户）,订单结算
2026-04-22 12:13:20,'2026042212131603190786652131,入账,2.05,聚合账户,货款结算入账,小店自卖,'6925522003649723806,'6925522003649723806,'SS76303701404875658660135,2026-04-12 09:17:09,'3806293802847699345,韩式豹纹波点褶皱高级扭扭马尾卡通风香蕉发夹后脑勺显发发卡头饰,,,普通订单,0.16,0,0,2,0,0,0,0,0,0,0,0,-0.11,0,0,0,0,0,0,,0,义乌市黎既电子商务商行（个体工商户）,订单结算
2026-04-22 12:13:20,'2026042212131434417751142131,入账,9.85,聚合账户,货款结算入账,精选联盟,'6925578173609442549,'6925578173609442549,'SS76304670304580122120250,2026-04-14 05:41:02,'3796640026289373330,蝴蝶结鸭嘴夹小香风毛呢爆款发夹后脑勺气质洋气盘发一字夹子,'0,,普通订单,8.95,0,0,2,0,0,0,0,0,0,0,0,-0.55,0,0,0,0,-0.55,0,,0,义乌市黎既电子商务商行（个体工商户）,订单结算
2026-04-22 12:13:20,'2026042212131621435725342131,入账,2.67,聚合账户,货款结算入账,小店自卖,'6951860774576920386,'6951860774576920386,'SS76302938722332185660019,2026-04-07 00:37:19,'3784368456477049055,韩国气质碎钻满天星抓夹女后脑勺半扎发鲨鱼夹发量少百搭发卡头饰,,,普通订单,2.69,0,0,0,0,0,0,0,0,0,0,0,-0.02,0,0,0,0,0,0,是-商品卡免佣,0.15,义乌市黎既电子商务商行（个体工商户）,订单结算
2026-04-22 12:13:20,'2026042212131526070922782131,入账,5.02,聚合账户,货款结算入账,小店自卖,'6925537821623352521,'6925537821623352521,'SS76303709661345551990147,2026-04-12 13:46:29,'3790878995596312771,韩系黑色波点布艺褶皱高马尾香蕉夹竖夹新款豹纹发夹气质百搭发饰,,,普通订单,5.05,0,0,0,0,0,0,0,0,0,0,0,-0.03,0,0,0,0,0,0,是-商品卡免佣,0.22,义乌市黎既电子商务商行（个体工商户）,订单结算
2026-04-22 12:13:21,'2026042212131608014241802131,入账,5.08,聚合账户,货款结算入账,小店自卖,'6952000846438340175,'6952000846438340175,'SS76303560740460467390212,2026-04-11 15:36:10,'3746150076641313252,网红简约ins纯色宽边发带高颅顶白色发箍女运动健身夏季头饰发饰,,,普通订单,5.11,0.9,0,0,0,0,0,0,0,0,0,0,-0.03,0,0,0,0,0,0,是-商品卡免佣,0.22,义乌市黎既电子商务商行（个体工商户）,订单结算
2026-04-22 12:13:21,'2026042212131529809876862131,入账,3.95,聚合账户,货款结算入账,小店自卖,'6952058859798009159,'6952058859798009159,'SS76304236369391455080024,2026-04-14 15:51:23,'3683590910169448490,新款碎发梳插梳韩版女孩夹子后脑勺刘海整理发夹卡子成年人发头饰,,,普通订单,3.97,0,0,0,0,0,0,0,0,0,0,0,-0.02,0,0,0,0,0,0,是-商品卡免佣,0.15,义乌市黎既电子商务商行（个体工商户）,订单结算
2026-04-22 12:13:21,'2026042212131634269765182131,入账,4.47,聚合账户,货款结算入账,小店自卖,'6925533684378598614,'6925533684378598614,'SS76303692432132511060238,2026-04-12 15:15:53,'3807763574974186291,气质高级亮黑色大号鲨鱼抓夹女后脑勺时尚发卡巨能抓头饰2026新款,,,普通订单,4.5,0,0,0,0,0,0,0,0,0,0,0,-0.03,0,0,0,0,0,0,是-商品卡免佣,0.22,义乌市黎既电子商务商行（个体工商户）,订单结算
2026-04-22 12:13:21,'2026042212131722536363622131,入账,3.59,聚合账户,货款结算入账,小店自卖,'6925528449987411887,'6925528449987411887,'SS76303125106414067460216,2026-04-12 06:04:52,'3766001784691229117,夏天简约随手盘发一字扭扭夹水钻抓夹高级发夹扭扭后脑勺盘发器,,,普通订单,3.61,0.69,0,0,0,0,0,0,0,0,0,0,-0.02,0,0,0,0,0,0,是-商品卡免佣,0.15,义乌市黎既电子商务商行（个体工商户）,订单结算
2026-04-22 12:13:21,'2026042212131715017904702131,入账,2.19,聚合账户,货款结算入账,小店自卖,'6925543911819411400,'6925543911819411400,'SS76303692468500894870208,2026-04-12 14:18:09,'3754886570348511555,简约发夹头饰发量多发卡高级感发饰头饰抓夹大号亚克力黑色鲨鱼夹,,,普通订单,2.2,2.1,0,0,0,0,0,0,0,0,0,0,-0.01,0,0,0,0,0,0,是-商品卡免佣,0.07,义乌市黎既电子商务商行（个体工商户）,订单结算
2026-04-22 12:13:21,'2026042212131723674271152131,入账,3.81,聚合账户,货款结算入账,小店自卖,'6925543561106980711,'6925543561106980711,'SS76303719267285732030172,2026-04-12 11:22:34,'3784368456477049055,韩国气质碎钻满天星抓夹女后脑勺半扎发鲨鱼夹发量少百搭发卡头饰,,,普通订单,3.83,0,0,0,0,0,0,0,0,0,0,0,-0.02,0,0,0,0,0,0,是-商品卡免佣,0.15,义乌市黎既电子商务商行（个体工商户）,订单结算
2026-04-22 12:13:21,'2026042212131641525578342131,入账,2.56,聚合账户,货款结算入账,小店自卖,'6952021969438381703,'6952021969438381703,'SS76303238316218783350241,2026-04-12 12:06:59,'3809235146834575749,可爱新春小狗香蕉夹女高马尾扭扭夹红色竖夹高级感2026韩新款发夹,,,普通订单,0.58,0,0,2,0,0,0,0,0,0,0,0,-0.02,0,0,0,0,0,0,是-商品卡免佣,0.15,义乌市黎既电子商务商行（个体工商户）,订单结算
2026-04-22 12:13:21,'2026042212131624381857642131,入账,2.81,聚合账户,货款结算入账,小店自卖,'6925529975499750992,'6925529975499750992,'SS76303545691423708160042,2026-04-11 19:58:03,'3790878995596312771,韩系黑色波点布艺褶皱高马尾香蕉夹竖夹新款豹纹发夹气质百搭发饰,,,普通订单,2.83,0.39,0,0,0,0,0,0,0,0,0,0,-0.02,0,0,0,0,0,0,是-商品卡免佣,0.15,义乌市黎既电子商务商行（个体工商户）,订单结算
2026-04-22 12:13:21,'2026042212131734568609792131,入账,4.4,聚合账户,货款结算入账,精选联盟,'6952168360123242161,'6952168360123242161,'SS76303488379961515790221,2026-04-18 00:30:12,'3796640026289373330,蝴蝶结鸭嘴夹小香风毛呢爆款发夹后脑勺气质洋气盘发一字夹子,'0,,普通订单,3.42,0,0,1.46,0,0,0,0,0,0,0,0,-0.24,0,0,0,0,-0.24,0,,0,义乌市黎既电子商务商行（个体工商户）,订单结算
2026-04-22 12:13:21,'2026042212131529872954882131,入账,2.63,聚合账户,货款结算入账,小店自卖,'6952126156903224924,'6952126156903224924,'SS76303838327357650430025,2026-04-16 12:59:07,'3763932448057065566,磨砂扭扭香蕉夹高马尾大号发夹后脑勺竖夹发卡韩国气质女夹子头饰,,,普通订单,2.65,0.89,0,0,0,0,0,0,0,0,0,0,-0.02,0,0,0,0,0,0,是-商品卡免佣,0.15,义乌市黎既电子商务商行（个体工商户）,订单结算
2026-04-22 12:13:21,'2026042212131627109995932131,入账,7.7,聚合账户,货款结算入账,小店自卖,'6925534898803539541,'6925534898803539541,'SS76302879782794368360070,2026-04-12 07:47:03,'3796640026289373330,蝴蝶结鸭嘴夹小香风毛呢爆款发夹后脑勺气质洋气盘发一字夹子,,,普通订单,7.75,0,0,0,0,0,0,0,0,0,0,0,-0.05,0,0,0,0,0,0,是-商品卡免佣,0.37,义乌市黎既电子商务商行（个体工商户）,订单结算
2026-04-22 12:13:21,'2026042212131633183833942131,入账,9.95,聚合账户,货款结算入账,小店自卖,'6952003658720679126,'6952003658720679126,'SS76302878055811855880044,2026-04-11 22:26:27,'3742849967501476190,可爱小女孩网红爆款树脂发饰高颅顶神器女士童通用梳马尾头饰发饰,,,普通订单,10.01,1.15,0,0,0,0,0,0,0,0,0,0,-0.06,0,0,0,0,0,0,是-商品卡免佣,0.44,义乌市黎既电子商务商行（个体工商户）,订单结算
2026-04-22 12:13:21,'2026042212131602940931192131,入账,2.82,聚合账户,货款结算入账,精选联盟,'6925539567349759376,'6925539567349759376,'SS76303691349581995900024,2026-04-12 14:37:20,'3746529925562237053,满钻星星碎发整理神器隐形碎发梳女儿童固定头发夹子拉拉梳头饰,'95957951689,菲菲优选,普通订单,3.27,0,0,0,0,0,0,0,0,0,0,0,-0.16,-0.29,0,0,0,0,0,,0,义乌市黎既电子商务商行（个体工商户）,订单结算
2026-04-22 12:13:21,'2026042212131604310185222131,入账,3.91,聚合账户,货款结算入账,小店自卖,'6952155631869826728,'6952155631869826728,'SS76304585700034158460060,2026-04-17 23:51:04,'3806817990763217240,整理神器~可爱蝴蝶结小猫无痕刘海贴魔术贴发饰女前额侧边碎发贴,,,普通订单,3.93,0,0,0,0,0,0,0,0,0,0,0,-0.02,0,0,0,0,0,0,是-商品卡免佣,0.15,义乌市黎既电子商务商行（个体工商户）,订单结算
2026-04-22 12:13:21,'2026042212131330127885342131,入账,10.88,聚合账户,货款结算入账,小店自卖,'6925521684362919794,'6925521684362919794,'SS76303889577311603660248,2026-04-12 02:32:42,'3796640026289373330,蝴蝶结鸭嘴夹小香风毛呢爆款发夹后脑勺气质洋气盘发一字夹子,,,普通订单,10.95,0,0,0,0,0,0,0,0,0,0,0,-0.07,0,0,0,0,0,0,是-商品卡免佣,0.51,义乌市黎既电子商务商行（个体工商户）,订单结算
2026-04-22 12:13:21,'2026042212131732778696082131,入账,3.75,聚合账户,货款结算入账,小店自卖,'6952033940997871134,'6952033940997871134,'SS76304835486812413540154,2026-04-12 22:25:44,'3746150076641313252,网红简约ins纯色宽边发带高颅顶白色发箍女运动健身夏季头饰发饰,,,普通订单,3.77,0.9,0,0,0,0,0,0,0,0,0,0,-0.02,0,0,0,0,0,0,是-商品卡免佣,0.15,义乌市黎既电子商务商行（个体工商户）,订单结算
2026-04-22 12:13:22,'2026042212131627988505752131,入账,3.63,聚合账户,货款结算入账,小店自卖,'6952130733983732778,'6952130733983732778,'SS76301462950689671940005,2026-04-16 15:21:50,'3807763574974186291,气质高级亮黑色大号鲨鱼抓夹女后脑勺时尚发卡巨能抓头饰2026新款,,,普通订单,3.65,0,0,0,0,0,0,0,0,0,0,0,-0.02,0,0,0,0,0,0,是-商品卡免佣,0.15,义乌市黎既电子商务商行（个体工商户）,订单结算
2026-04-22 12:13:22,'2026042212131717451464062131,入账,4.4,聚合账户,货款结算入账,精选联盟,'6952026911995402184,'6952026911995402184,'SS76303974564669196900187,2026-04-12 16:21:53,'3796640026289373330,蝴蝶结鸭嘴夹小香风毛呢爆款发夹后脑勺气质洋气盘发一字夹子,'0,,普通订单,0.01,0,0,4.87,0,0,0,0,0,0,0,0,-0.24,0,0,0,0,-0.24,0,,0,义乌市黎既电子商务商行（个体工商户）,订单结算
2026-04-22 12:13:22,'2026042212131609453079142131,入账,2.67,聚合账户,货款结算入账,小店自卖,'6925527553547664465,'6925527553547664465,'SS76302633381613079580237,2026-04-11 19:49:45,'3784368456477049055,韩国气质碎钻满天星抓夹女后脑勺半扎发鲨鱼夹发量少百搭发卡头饰,,,普通订单,2.69,0,0,0,0,0,0,0,0,0,0,0,-0.02,0,0,0,0,0,0,是-商品卡免佣,0.15,义乌市黎既电子商务商行（个体工商户）,订单结算
2026-04-22 12:13:22,'2026042212131725421089712131,入账,4.41,聚合账户,货款结算入账,小店自卖,'6925621770323197887,'6925621770323197887,'SS76303630503233462270113,2026-04-15 13:33:59,'3787359559782367606,秋冬新款搞怪俏皮女生洗漱专用毛绒发箍束发可爱高颅顶头箍发饰,,,普通订单,4.44,0.9,0,0,0,0,0,0,0,0,0,0,-0.03,0,0,0,0,0,0,是-商品卡免佣,0.22,义乌市黎既电子商务商行（个体工商户）,订单结算
2026-04-22 12:13:22,'2026042212131720972221802131,入账,4.49,聚合账户,货款结算入账,小店自卖,'6951992706446988309,'6951992706446988309,'SS76303741214905961470054,2026-04-12 02:14:39,'3806293802847699345,韩式豹纹波点褶皱高级扭扭马尾卡通风香蕉发夹后脑勺显发发卡头饰,,,普通订单,4.52,0,0,0,0,0,0,0,0,0,0,0,-0.03,0,0,0,0,0,0,是-商品卡免佣,0.22,义乌市黎既电子商务商行（个体工商户）,订单结算
2026-04-22 12:13:22,'2026042212131634276154942131,入账,5.22,聚合账户,货款结算入账,小店自卖,'6925635640717508193,'6925635640717508193,'SS76304935913198231310080,2026-04-15 22:36:20,'3761558334050795776,新款花苞头鸡毛头发夹丸子头假发抓夹盘发发包自然蓬松后脑勺发饰,,,普通订单,5.25,0,0,0,0,0,0,0,0,0,0,0,-0.03,0,0,0,0,0,0,是-商品卡免佣,0.22,义乌市黎既电子商务商行（个体工商户）,订单结算
2026-04-22 12:13:22,'2026042212131624593044742131,入账,5.08,聚合账户,货款结算入账,小店自卖,'6925510093904838149,'6925510093904838149,'SS76302679083429240830118,2026-04-11 17:40:07,'3746150076641313252,网红简约ins纯色宽边发带高颅顶白色发箍女运动健身夏季头饰发饰,,,普通订单,5.11,0.9,0,0,0,0,0,0,0,0,0,0,-0.03,0,0,0,0,0,0,是-商品卡免佣,0.22,义乌市黎既电子商务商行（个体工商户）,订单结算
2026-04-22 12:16:13,'2026042212160839078469182131,入账,3.73,聚合账户,货款结算入账,小店自卖,'6925524187185118303,'6925524187185118303,'SS76303535314001272470015,2026-04-12 10:19:05,'3806839658764173323,明星同款高级银色金属小钢圈发扣发夹感洋气甜酷风刘海发夹扣发饰,,,普通订单,3.75,0,0,0,0,0,0,0,0,0,0,0,-0.02,0,0,0,0,0,0,是-商品卡免佣,0.15,义乌市黎既电子商务商行（个体工商户）,订单结算
2026-04-22 12:16:13,'2026042212160630883023362131,入账,2.67,聚合账户,货款结算入账,小店自卖,'6952076415410705783,'6952076415410705783,'SS76303310472927972260228,2026-04-14 11:52:30,'3784368456477049055,韩国气质碎钻满天星抓夹女后脑勺半扎发鲨鱼夹发量少百搭发卡头饰,,,普通订单,0.69,0,0,2,0,0,0,0,0,0,0,0,-0.02,0,0,0,0,0,0,是-商品卡免佣,0.15,义乌市黎既电子商务商行（个体工商户）,订单结算
2026-04-22 12:19:06,'2026042212190020430689282131,出账,1,聚合账户,小额打款,,'6925730296125619401,'6925730296125619401,,,,,,,普通订单,0,0,0,0,0,0,0,0,0,0,0,0,0,0,0,0,0,0,0,,0,义乌市黎既电子商务商行（个体工商户）,商家向消费者小额打款-“其他”
2026-04-22 12:19:28,'2026042212191914442993152131,入账,4.94,聚合账户,货款结算入账,小店自卖,'6952009844713788647,'6952009844713788647,'SS76304525649542684220212,2026-04-12 22:57:48,'3769870193174642697,2025春夏新款轻奢边夹时尚气质一字发夹女后脑勺扭扭夹女,,,普通订单,4.97,0,0,0,0,0,0,0,0,0,0,0,-0.03,0,0,0,0,0,0,是-商品卡免佣,0.22,义乌市黎既电子商务商行（个体工商户）,订单结算
2026-04-22 12:25:39,'2026042212253600630628112131,入账,2.67,聚合账户,货款结算入账,小店自卖,'6925516970132274833,'6925516970132274833,'SS76302634613995484670004,2026-04-11 22:53:16,'3784368456477049055,韩国气质碎钻满天星抓夹女后脑勺半扎发鲨鱼夹发量少百搭发卡头饰,,,普通订单,1.89,0,0,0.8,0,0,0,0,0,0,0,0,-0.02,0,0,0,0,0,0,是-商品卡免佣,0.15,义乌市黎既电子商务商行（个体工商户）,订单结算
2026-04-22 12:28:04,'2026042212275700296722422131,入账,3.87,聚合账户,货款结算入账,小店自卖,'6952112513293358367,'6952112513293358367,'SS76304925903072998860224,2026-04-16 05:35:19,'3790878995596312771,韩系黑色波点布艺褶皱高马尾香蕉夹竖夹新款豹纹发夹气质百搭发饰,,,普通订单,3.89,0,0,0,0,0,0,0,0,0,0,0,-0.02,0,0,0,0,0,0,是-商品卡免佣,0.15,义乌市黎既电子商务商行（个体工商户）,订单结算
2026-04-22 12:29:32,'2026042212292914895193862131,入账,3.68,聚合账户,货款结算入账,小店自卖,'6952086414434178294,'6952086414434178294,'SS76303394095019794300007,2026-04-15 05:13:32,'3809235146834575749,可爱新春小狗香蕉夹女高马尾扭扭夹红色竖夹高级感2026韩新款发夹,,,普通订单,0.01,0,0,3.69,0,0,0,0,0,0,0,0,-0.02,0,0,0,0,0,0,是-商品卡免佣,0.15,义乌市黎既电子商务商行（个体工商户）,订单结算
2026-04-22 12:29:32,'2026042212292714921119262131,入账,2.78,聚合账户,货款结算入账,小店自卖,'6952109215348823765,'6952109215348823765,'SS76304128094696248580238,2026-04-16 19:53:10,'3806285088233226368,韩系~时尚百搭简约女格纹布少女风艺带齿细发箍个性压发箍头箍女,,,普通订单,0.01,0,0,2.79,0,0,0,0,0,0,0,0,-0.02,0,0,0,0,0,0,是-商品卡免佣,0.15,义乌市黎既电子商务商行（个体工商户）,订单结算
2026-04-22 12:29:32,'2026042212292704587855792131,入账,2.78,聚合账户,货款结算入账,小店自卖,'6925649275810970964,'6925649275810970964,'SS76304175059466204570050,2026-04-17 07:17:22,'3806285088233226368,韩系~时尚百搭简约女格纹布少女风艺带齿细发箍个性压发箍头箍女,,,普通订单,0.01,0,0,2.79,0,0,0,0,0,0,0,0,-0.02,0,0,0,0,0,0,是-商品卡免佣,0.15,义乌市黎既电子商务商行（个体工商户）,订单结算
2026-04-22 12:29:32,'2026042212292715957363262131,入账,1.91,聚合账户,货款结算入账,小店自卖,'6925678055927348548,'6925678055927348548,'SS76303233423773704310105,2026-04-17 15:35:07,'3776769690882408946,简约三角形头发抓夹高级鲨鱼夹2025秋冬新款发夹后脑勺盘发夹子女,,,普通订单,1.92,0,0,0,0,0,0,0,0,0,0,0,-0.01,0,0,0,0,0,0,是-商品卡免佣,0.07,义乌市黎既电子商务商行（个体工商户）,订单结算
2026-04-22 12:29:32,'2026042212292822283395192131,入账,2.43,聚合账户,货款结算入账,小店自卖,'6952077550498682567,'6952077550498682567,'SS76304463844701150990171,2026-04-14 23:14:09,'3800878486881697928,韩式新奇豹纹款式高马尾香蕉夹竖夹新款黑色波点布料褶皱发夹时尚,,,普通订单,2.44,0,0,0,0,0,0,0,0,0,0,0,-0.01,0,0,0,0,0,0,是-商品卡免佣,0.07,义乌市黎既电子商务商行（个体工商户）,订单结算
2026-04-22 12:29:32,'2026042212292808852157802131,入账,3.14,聚合账户,货款结算入账,精选联盟,'6925649758822891305,'6925649758822891305,'SS76302951378741540100239,2026-04-16 11:30:40,'3769166853499388264,2025新款安全硅胶发夹女士鲨鱼夹饰品柔软防撞保护后脑夹头发女,'0,,普通订单,0.48,0,0,3,0,0,0,0,0,0,0,0,-0.17,0,0,0,0,-0.17,0,,0,义乌市黎既电子商务商行（个体工商户）,订单结算
2026-04-22 12:29:32,'2026042212292609697572272131,入账,5.11,聚合账户,货款结算入账,精选联盟,'6925622306353675814,'6925622306353675814,'SS76303541800366577180057,2026-04-15 17:03:55,'3812020991354340036,网纱花朵抓夹女2026新款高端发夹后脑勺高级感度假风头花发饰头饰,'0,,普通订单,3.67,0,0,2,0,0,0,0,0,0,0,0,-0.28,0,0,0,0,-0.28,0,,0,义乌市黎既电子商务商行（个体工商户）,订单结算
2026-04-22 12:29:32,'2026042212292630335962022131,入账,3.26,聚合账户,货款结算入账,小店自卖,'6925612805168004638,'6925612805168004638,'SS76303884708751611390038,2026-04-15 11:28:51,'3808343037030039986,韩版新款水钻珠子花朵中号抓夹女后脑勺洋气盘发夹时尚半扎鲨鱼夹,,,普通订单,0.28,0,0,3,0,0,0,0,0,0,0,0,-0.02,0,0,0,0,0,0,是-商品卡免佣,0.15,义乌市黎既电子商务商行（个体工商户）,订单结算
2026-04-22 12:29:32,'2026042212292734528138302131,入账,2.66,聚合账户,货款结算入账,精选联盟,'6925609109757918666,'6925609109757918666,'SS76302996782020206440096,2026-04-15 10:27:48,'3769870193174642697,2025春夏新款轻奢边夹时尚气质一字发夹女后脑勺扭扭夹女,'0,,普通订单,2.08,0,0,0.88,0,0,0,0,0,0,0,0,-0.15,0,0,0,0,-0.15,0,,0,义乌市黎既电子商务商行（个体工商户）,订单结算
2026-04-22 12:29:32,'2026042212292829884954232131,入账,4.84,聚合账户,货款结算入账,精选联盟,'6925668293321326037,'6925668293321326037,'SS76304573837932301320014,2026-04-18 09:10:42,'3677505925100470553,宝宝碎发神器女儿童发卡后脑勺隐形倒插梳整理刘海碎发梳女童发夹,'109969074460,芳姐百货178❤️,普通订单,5.56,0,0,0,0,0,0,0,0,0,0,0,-0.28,-0.44,0,0,0,0,0,,0,义乌市黎既电子商务商行（个体工商户）,订单结算
2026-04-22 12:29:32,'2026042212292807512397222131,入账,9.51,聚合账户,货款结算入账,小店自卖,'6952108942181274797,'6952108942181274797,'SS76303270581807027720153,2026-04-16 16:12:45,'3742849967501476190,可爱小女孩网红爆款树脂发饰高颅顶神器女士童通用梳马尾头饰发饰,,,普通订单,10.01,1.15,0,0,0,0,0,0,0,0,0,0,-0.5,0,0,0,0,0,0,,0,义乌市黎既电子商务商行（个体工商户）,订单结算
2026-04-22 12:29:32,'2026042212292616206239082131,入账,2.56,聚合账户,货款结算入账,小店自卖,'6925646327069310878,'6925646327069310878,'SS76303043583730163610237,2026-04-16 21:47:34,'3809235146834575749,可爱新春小狗香蕉夹女高马尾扭扭夹红色竖夹高级感2026韩新款发夹,,,普通订单,0.01,0,0,2.57,0,0,0,0,0,0,0,0,-0.02,0,0,0,0,0,0,是-商品卡免佣,0.15,义乌市黎既电子商务商行（个体工商户）,订单结算
2026-04-22 12:29:32,'2026042212292832927752092131,入账,2.78,聚合账户,货款结算入账,小店自卖,'6952124500225561749,'6952124500225561749,'SS76304114241118049740032,2026-04-16 17:44:15,'3806285088233226368,韩系~时尚百搭简约女格纹布少女风艺带齿细发箍个性压发箍头箍女,,,普通订单,2.8,0,0,0,0,0,0,0,0,0,0,0,-0.02,0,0,0,0,0,0,是-商品卡免佣,0.15,义乌市黎既电子商务商行（个体工商户）,订单结算
2026-04-22 12:29:32,'2026042212292712342889152131,入账,1.72,聚合账户,货款结算入账,精选联盟,'6952098274865517735,'6952098274865517735,'SS76304805382569172980098,2026-04-15 17:34:42,'3776769690882408946,简约三角形头发抓夹高级鲨鱼夹2025秋冬新款发夹后脑勺盘发夹子女,'0,,普通订单,0.01,0,0,1.91,0,0,0,0,0,0,0,0,-0.1,0,0,0,0,-0.1,0,,0,义乌市黎既电子商务商行（个体工商户）,订单结算
2026-04-22 12:29:33,'2026042212292514313928312131,入账,4.4,聚合账户,货款结算入账,精选联盟,'6925637986978135824,'6925637986978135824,'SS76304140736130258440134,2026-04-16 09:15:28,'3796640026289373330,蝴蝶结鸭嘴夹小香风毛呢爆款发夹后脑勺气质洋气盘发一字夹子,'0,,普通订单,4.88,0,0,0,0,0,0,0,0,0,0,0,-0.24,0,0,0,0,-0.24,0,,0,义乌市黎既电子商务商行（个体工商户）,订单结算
2026-04-22 12:29:33,'2026042212292613148534302131,入账,4.17,聚合账户,货款结算入账,精选联盟,'6925654964305755539,'6925654964305755539,'SS76303213160291743260008,2026-04-16 18:56:26,'3761395105840365661,高级感水钻满天星发夹女后脑勺盘发神器发卡青蛙夹扭扭夹发卡头饰,'0,,普通订单,3.25,0,0,1.38,0,0,0,0,0,0,0,0,-0.23,0,0,0,0,-0.23,0,,0,义乌市黎既电子商务商行（个体工商户）,订单结算
2026-04-22 12:29:33,'2026042212292714232128432131,入账,4.47,聚合账户,货款结算入账,小店自卖,'6925642761320169388,'6925642761320169388,'SS76302618105713464580040,2026-04-16 09:44:58,'3807763574974186291,气质高级亮黑色大号鲨鱼抓夹女后脑勺时尚发卡巨能抓头饰2026新款,,,普通订单,4.5,0,0,0,0,0,0,0,0,0,0,0,-0.03,0,0,0,0,0,0,是-商品卡免佣,0.22,义乌市黎既电子商务商行（个体工商户）,订单结算
2026-04-22 12:29:33,'2026042212292901179530662131,入账,4.95,聚合账户,货款结算入账,小店自卖,'6925612186351074427,'6925612186351074427,'SS76303792844921083340112,2026-04-15 07:18:47,'3811476737385169110,霞光紫~紫色珍珠字母抓夹女2026新款后脑勺鲨鱼夹大号旅行发卡女 ,,,普通订单,4.98,0,0,0,0,0,0,0,0,0,0,0,-0.03,0,0,0,0,0,0,是-商品卡免佣,0.22,义乌市黎既电子商务商行（个体工商户）,订单结算
2026-04-22 12:29:33,'2026042212292529790210992131,入账,1.94,聚合账户,货款结算入账,小店自卖,'6925623756254772866,'6925623756254772866,'SS76304376370351311630078,2026-04-16 08:46:57,'3763932675732275215,简约高马尾香蕉夹抓夹女高级感2025新款大号一字扭扭夹发夹发饰夏,,,普通订单,0.01,0,0,1.94,0,0,0,0,0,0,0,0,-0.01,0,0,0,0,0,0,是-商品卡免佣,0.07,义乌市黎既电子商务商行（个体工商户）,订单结算
2026-04-22 12:29:33,'2026042212292811885614512131,入账,2.94,聚合账户,货款结算入账,小店自卖,'6925658975803964864,'6925658975803964864,'SS76304980675582244180079,2026-04-17 17:15:14,'3800128063711346920,早秋款小香风豹纹珍珠发箍女2026新款高级带齿防滑头箍洗脸头饰品,,,普通订单,2.96,0,0,0,0,0,0,0,0,0,0,0,-0.02,0,0,0,0,0,0,是-商品卡免佣,0.15,义乌市黎既电子商务商行（个体工商户）,订单结算
2026-04-22 12:29:33,'2026042212292920008146342131,入账,1.95,聚合账户,货款结算入账,小店自卖,'6952082528474305751,'6952082528474305751,'SS76303212592344435290043,2026-04-15 13:28:54,'3806280662462366067,kitty猫~刘海贴精致可爱甜美少女棉花糖猫兔碎发贴魔术贴无痕发饰,,,普通订单,0.01,0,0,1.95,0,0,0,0,0,0,0,0,-0.01,0,0,0,0,0,0,是-商品卡免佣,0.07,义乌市黎既电子商务商行（个体工商户）,订单结算
2026-04-22 12:29:33,'2026042212292615435863582131,入账,4.65,聚合账户,货款结算入账,小店自卖,'6952122377820313273,'6952122377820313273,'SS76301702349931323390137,2026-04-16 15:58:54,'3704406262902030790,高级感磨砂交叉抓夹盘复古头饰简约气质时尚鲨鱼夹后脑勺发饰头饰,,,普通订单,4.68,0.9,0,0,0,0,0,0,0,0,0,0,-0.03,0,0,0,0,0,0,是-商品卡免佣,0.22,义乌市黎既电子商务商行（个体工商户）,订单结算
2026-04-22 12:29:33,'2026042212292909531067292131,入账,2.32,聚合账户,货款结算入账,精选联盟,'6952116002854671783,'6952116002854671783,'SS76304728170035448590218,2026-04-16 22:36:43,'3809235146834575749,可爱新春小狗香蕉夹女高马尾扭扭夹红色竖夹高级感2026韩新款发夹,'0,,普通订单,0.01,0,0,2.57,0,0,0,0,0,0,0,0,-0.13,0,0,0,0,-0.13,0,,0,义乌市黎既电子商务商行（个体工商户）,订单结算
2026-04-22 12:29:33,'2026042212292931123218552131,入账,2.78,聚合账户,货款结算入账,小店自卖,'6952093428985566375,'6952093428985566375,'SS76303610437304980880225,2026-04-15 11:27:21,'3806285088233226368,韩系~时尚百搭简约女格纹布少女风艺带齿细发箍个性压发箍头箍女,,,普通订单,0.8,0,0,2,0,0,0,0,0,0,0,0,-0.02,0,0,0,0,0,0,是-商品卡免佣,0.15,义乌市黎既电子商务商行（个体工商户）,订单结算
2026-04-22 12:29:33,'2026042212292919257269952131,入账,2.43,聚合账户,货款结算入账,精选联盟,'6952121134408144187,'6952121134408144187,'SS76301303875617753940237,2026-04-15 21:55:20,'3784368456477049055,韩国气质碎钻满天星抓夹女后脑勺半扎发鲨鱼夹发量少百搭发卡头饰,'0,,普通订单,0.69,0,0,2,0,0,0,0,0,0,0,0,-0.13,0,0,0,0,-0.13,0,,0,义乌市黎既电子商务商行（个体工商户）,订单结算
2026-04-22 12:29:33,'2026042212292816034698782131,入账,5.05,聚合账户,货款结算入账,小店自卖,'6925651342059405280,'6925651342059405280,'SS76303696679825902440234,2026-04-16 22:40:16,'3673976773902729360,发夹女后脑勺珍珠发卡大号盘发鲨鱼夹韩国ins网红气质头饰抓发夹,,,普通订单,5.08,0.9,0,0,0,0,0,0,0,0,0,0,-0.03,0,0,0,0,0,0,是-商品卡免佣,0.22,义乌市黎既电子商务商行（个体工商户）,订单结算
2026-04-22 12:29:33,'2026042212292611957745002131,入账,4.29,聚合账户,货款结算入账,小店自卖,'6925634869454142818,'6925634869454142818,'SS76302887662555018750216,2026-04-16 14:24:46,'3797721460399800661,甜美韩系填充花朵飘带大肠发圈立体大号发绳女童头花皮筋儿童发饰,,,普通订单,4.32,0,0,0,0,0,0,0,0,0,0,0,-0.03,0,0,0,0,0,0,是-商品卡免佣,0.22,义乌市黎既电子商务商行（个体工商户）,订单结算
2026-04-22 12:29:33,'2026042212292803192140992131,入账,2.19,聚合账户,货款结算入账,小店自卖,'6925626631461175088,'6925626631461175088,'SS76303729116728243700046,2026-04-15 17:23:49,'3754886570348511555,简约发夹头饰发量多发卡高级感发饰头饰抓夹大号亚克力黑色鲨鱼夹,,,普通订单,0.2,2.1,0,0,0,0,0,0,0,2,0,0,-0.01,0,0,0,0,0,0,是-商品卡免佣,0.07,义乌市黎既电子商务商行（个体工商户）,订单结算
2026-04-22 12:30:09,'2026042212300409733250822131,入账,1.95,聚合账户,货款结算入账,小店自卖,'6952071749154117153,'6952071749154117153,'SS76302336460893598720025,2026-04-14 12:07:15,'3806280662462366067,kitty猫~刘海贴精致可爱甜美少女棉花糖猫兔碎发贴魔术贴无痕发饰,,,普通订单,0.01,0,0,1.95,0,0,0,0,0,0,0,0,-0.01,0,0,0,0,0,0,是-商品卡免佣,0.07,义乌市黎既电子商务商行（个体工商户）,订单结算
2026-04-22 12:30:09,'2026042212295725052656832131,入账,2.66,聚合账户,货款结算入账,精选联盟,'6925657179591638479,'6925657179591638479,'SS76304646723785203830214,2026-04-16 22:17:24,'3769870193174642697,2025春夏新款轻奢边夹时尚气质一字发夹女后脑勺扭扭夹女,'0,,普通订单,2.08,0,0,0.88,0,0,0,0,0,0,0,0,-0.15,0,0,0,0,-0.15,0,,0,义乌市黎既电子商务商行（个体工商户）,订单结算
2026-04-22 12:32:55,'2026042212325032058619142131,出账,1,聚合账户,小额打款,,'6952199085978949484,'6952199085978949484,,,,,,,普通订单,0,0,0,0,0,0,0,0,0,0,0,0,0,0,0,0,0,0,0,,0,义乌市黎既电子商务商行（个体工商户）,商家向消费者小额打款-“其他”
2026-04-22 12:33:26,'2026042212332137917494102131,入账,3.59,聚合账户,货款结算入账,小店自卖,'6925592430539734911,'6925592430539734911,'SS76303201088586921050182,2026-04-14 20:24:22,'3766001784691229117,夏天简约随手盘发一字扭扭夹水钻抓夹高级发夹扭扭后脑勺盘发器,,,普通订单,3.61,0.69,0,0,0,0,0,0,0,0,0,0,-0.02,0,0,0,0,0,0,是-商品卡免佣,0.15,义乌市黎既电子商务商行（个体工商户）,订单结算
2026-04-22 12:34:23,'2026042212341619727813542131,入账,2.56,聚合账户,货款结算入账,小店自卖,'6952111304730678846,'6952111304730678846,'SS76303960479069964990243,2026-04-16 20:48:02,'3784368456477049055,韩国气质碎钻满天星抓夹女后脑勺半扎发鲨鱼夹发量少百搭发卡头饰,,,普通订单,0.01,0,0,2.68,0,0,0,0,0,0,0,0,-0.13,0,0,0,0,0,0,,0,义乌市黎既电子商务商行（个体工商户）,订单结算
2026-04-22 12:34:25,'2026042212342207862727772131,入账,2.56,聚合账户,货款结算入账,小店自卖,'6925522835580026145,'6925522835580026145,'SS76302626853094858660101,2026-04-11 18:53:03,'3809235146834575749,可爱新春小狗香蕉夹女高马尾扭扭夹红色竖夹高级感2026韩新款发夹,,,普通订单,2.58,0,0,0,0,0,0,0,0,0,0,0,-0.02,0,0,0,0,0,0,是-商品卡免佣,0.15,义乌市黎既电子商务商行（个体工商户）,订单结算
2026-04-22 12:35:31,'2026042212352714309627382131,入账,5.41,聚合账户,货款结算入账,小店自卖,'6952133860809381773,'6952133860809381773,'SS76304406894525855130120,2026-04-16 22:34:44,'3673987206378291643,发箍网红2024年新款发饰法式洗脸发卡头饰发带女外出压发头箍发捆,,,普通订单,5.44,1.2,0,0,0,0,0,0,0,0,0,0,-0.03,0,0,0,0,0,0,是-商品卡免佣,0.22,义乌市黎既电子商务商行（个体工商户）,订单结算
2026-04-22 12:36:11,'2026042212360716193789862131,入账,2.32,聚合账户,货款结算入账,小店自卖,'6925531046935362971,'6925531046935297435,'SS76304131332489549060042,2026-04-12 09:02:12,'3790878995596312771,韩系黑色波点布艺褶皱高马尾香蕉夹竖夹新款豹纹发夹气质百搭发饰,,,普通订单,2.28,0,0,0.16,0,0,0,0,0,0,0,0,-0.12,0,0,0,0,0,0,,0,义乌市黎既电子商务商行（个体工商户）,订单结算
2026-04-22 12:36:49,'2026042212364518046981662131,入账,2.52,聚合账户,货款结算入账,精选联盟,'6925617950430494244,'6925617950430494244,'SS76303162597268032190055,2026-04-15 20:42:36,'3806285088233226368,韩系~时尚百搭简约女格纹布少女风艺带齿细发箍个性压发箍头箍女,'0,,普通订单,0.01,0,0,2.79,0,0,0,0,0,0,0,0,-0.14,0,0,0,0,-0.14,0,,0,义乌市黎既电子商务商行（个体工商户）,订单结算
2026-04-22 12:37:50,'2026042212374600473008992131,入账,2.78,聚合账户,货款结算入账,小店自卖,'6952120937794901013,'6952120937794901013,'SS76303270195786222080121,2026-04-17 08:19:26,'3806285088233226368,韩系~时尚百搭简约女格纹布少女风艺带齿细发箍个性压发箍头箍女,,,普通订单,2.8,0,0,0,0,0,0,0,0,0,0,0,-0.02,0,0,0,0,0,0,是-商品卡免佣,0.15,义乌市黎既电子商务商行（个体工商户）,订单结算
2026-04-22 12:40:38,'2026042212403500797248542131,入账,2.81,聚合账户,货款结算入账,小店自卖,'6925652589281968068,'6925652589281968068,'SS76302600282561907710079,2026-04-16 18:08:01,'3767836959792300411,法式高级感超大号弧形抓夹女新款后脑勺盘发夹发量大鲨鱼夹发卡夹,,,普通订单,2.83,0,0,0,0,0,0,0,0,0,0,0,-0.02,0,0,0,0,0,0,是-商品卡免佣,0.15,义乌市黎既电子商务商行（个体工商户）,订单结算
2026-04-22 12:40:50,'2026042212404621901522112131,入账,3.81,聚合账户,货款结算入账,小店自卖,'6951895611811173992,'6951895611811173992,'SS76304104507771458620157,2026-04-07 23:39:26,'3784368456477049055,韩国气质碎钻满天星抓夹女后脑勺半扎发鲨鱼夹发量少百搭发卡头饰,,,普通订单,3.83,0,0,0,0,0,0,0,0,0,0,0,-0.02,0,0,0,0,0,0,是-商品卡免佣,0.15,义乌市黎既电子商务商行（个体工商户）,订单结算
2026-04-22 12:41:46,'2026042212414207364610942131,入账,4.6,聚合账户,货款结算入账,小店自卖,'6952011178609677339,'6952011178609677339,'SS76303239091071431940084,2026-04-12 12:07:13,'3761395105840365661,高级感水钻满天星发夹女后脑勺盘发神器发卡青蛙夹扭扭夹发卡头饰,,,普通订单,0.01,0,0,4.62,0,0,0,0,0,0,0,0,-0.03,0,0,0,0,0,0,是-商品卡免佣,0.22,义乌市黎既电子商务商行（个体工商户）,订单结算
2026-04-22 12:43:49,'2026042212434527852638722131,入账,4.6,聚合账户,货款结算入账,小店自卖,'6952006718214641233,'6952006718214641233,'SS76303602413697602620183,2026-04-12 13:32:25,'3761395105840365661,高级感水钻满天星发夹女后脑勺盘发神器发卡青蛙夹扭扭夹发卡头饰,,,普通订单,3.43,0,0,1.2,0,0,0,0,0,0,0,0,-0.03,0,0,0,0,0,0,是-商品卡免佣,0.22,义乌市黎既电子商务商行（个体工商户）,订单结算
2026-04-22 12:44:05,'2026042212440127350469632131,入账,2.43,聚合账户,货款结算入账,精选联盟,'6952017741566579742,'6952017741566579742,'SS76303718889337167740142,2026-04-12 14:02:54,'3784368456477049055,韩国气质碎钻满天星抓夹女后脑勺半扎发鲨鱼夹发量少百搭发卡头饰,'7622866447274394661,婷婷百货甄选,普通订单,2.69,0,0,0,0,0,0,0,0,0,0,0,-0.13,-0.13,0,0,0,0,0,,0,义乌市黎既电子商务商行（个体工商户）,订单结算
2026-04-22 12:45:02,'2026042212445735788393372131,入账,4.83,聚合账户,货款结算入账,小店自卖,'6925621197969653048,'6925621197969653048,'SS76301510853034155860102,2026-04-16 08:30:01,'3782881998285177247,许我耀眼赵露思许妍同款爱心抓夹高级感后脑勺盘发鲨鱼夹发夹头饰,,,普通订单,4.86,0,0,0,0,0,0,0,0,0,0,0,-0.03,0,0,0,0,0,0,是-商品卡免佣,0.22,义乌市黎既电子商务商行（个体工商户）,订单结算
2026-04-22 12:47:31,'2026042212472714766085632131,出账,2,聚合账户,小额打款,,'6925713812931444437,'6925713812931444437,,,,,,,普通订单,0,0,0,0,0,0,0,0,0,0,0,0,0,0,0,0,0,0,0,,0,义乌市黎既电子商务商行（个体工商户）,商家向消费者小额打款-“其他”
2026-04-22 12:48:43,'2026042212484007929369982131,出账,2,聚合账户,小额打款,,'6952168295898289267,'6952168295898289267,,,,,,,普通订单,0,0,0,0,0,0,0,0,0,0,0,0,0,0,0,0,0,0,0,,0,义乌市黎既电子商务商行（个体工商户）,商家向消费者小额打款-“其他”
2026-04-22 12:50:08,'2026042212500335006100632131,入账,1.94,聚合账户,货款结算入账,小店自卖,'6952013278449702268,'6952013278449702268,'SS76304102636927759360171,2026-04-12 12:29:30,'3763932675732275215,简约高马尾香蕉夹抓夹女高级感2025新款大号一字扭扭夹发夹发饰夏,,,普通订单,1.95,0,0,0,0,0,0,0,0,0,0,0,-0.01,0,0,0,0,0,0,是-商品卡免佣,0.07,义乌市黎既电子商务商行（个体工商户）,订单结算
2026-04-22 12:51:09,'2026042212510414011930002131,出账,2,聚合账户,小额打款,,'6925731082129342097,'6925731082129342097,,,,,,,普通订单,0,0,0,0,0,0,0,0,0,0,0,0,0,0,0,0,0,0,0,,0,义乌市黎既电子商务商行（个体工商户）,商家向消费者小额打款-“其他”
2026-04-22 12:53:39,'2026042212533205670671762131,入账,2.78,聚合账户,货款结算入账,小店自卖,'6952092350887826482,'6952092350887826482,'SS76303041781045212510045,2026-04-15 22:57:20,'3806285088233226368,韩系~时尚百搭简约女格纹布少女风艺带齿细发箍个性压发箍头箍女,,,普通订单,2.8,0,0,0,0,0,0,0,0,0,0,0,-0.02,0,0,0,0,0,0,是-商品卡免佣,0.15,义乌市黎既电子商务商行（个体工商户）,订单结算
2026-04-22 12:56:30,'2026042212562307729815302131,入账,3.59,聚合账户,货款结算入账,小店自卖,'6952020368600995001,'6952020368600995001,'SS76303723955468044990182,2026-04-12 15:14:31,'3766001784691229117,夏天简约随手盘发一字扭扭夹水钻抓夹高级发夹扭扭后脑勺盘发器,,,普通订单,3.61,0.69,0,0,0,0,0,0,0,0,0,0,-0.02,0,0,0,0,0,0,是-商品卡免佣,0.15,义乌市黎既电子商务商行（个体工商户）,订单结算
2026-04-22 12:59:34,'2026042212592824589645182131,入账,2.78,聚合账户,货款结算入账,小店自卖,'6952161948874839322,'6952161948874839322,'SS76304453792088929680162,2026-04-17 22:00:16,'3806285088233226368,韩系~时尚百搭简约女格纹布少女风艺带齿细发箍个性压发箍头箍女,,,普通订单,2.8,0,0,0,0,0,0,0,0,0,0,0,-0.02,0,0,0,0,0,0,是-商品卡免佣,0.15,义乌市黎既电子商务商行（个体工商户）,订单结算
2026-04-22 13:00:52,'2026042213004525301488992131,入账,2.67,聚合账户,货款结算入账,小店自卖,'6925526748605152289,'6925526748605152289,'SS76303718110620224420172,2026-04-12 11:53:34,'3784368456477049055,韩国气质碎钻满天星抓夹女后脑勺半扎发鲨鱼夹发量少百搭发卡头饰,,,普通订单,2.69,0,0,0,0,0,0,0,0,0,0,0,-0.02,0,0,0,0,0,0,是-商品卡免佣,0.15,义乌市黎既电子商务商行（个体工商户）,订单结算
2026-04-22 13:04:32,'2026042213042200807739292131,入账,2.56,聚合账户,货款结算入账,小店自卖,'6925541258505584161,'6925541258505584161,'SS76303718108108070900142,2026-04-12 11:28:09,'3784368456477049055,韩国气质碎钻满天星抓夹女后脑勺半扎发鲨鱼夹发量少百搭发卡头饰,,,普通订单,2.69,0,0,0,0,0,0,0,0,0,0,0,-0.13,0,0,0,0,0,0,,0,义乌市黎既电子商务商行（个体工商户）,订单结算
2026-04-22 13:06:59,'2026042213065422796580302131,入账,2.67,聚合账户,货款结算入账,小店自卖,'6952049313178064419,'6952049313178064419,'SS76302403312843535360008,2026-04-14 02:36:23,'3784368456477049055,韩国气质碎钻满天星抓夹女后脑勺半扎发鲨鱼夹发量少百搭发卡头饰,,,普通订单,2.69,0,0,0,0,0,0,0,0,0,0,0,-0.02,0,0,0,0,0,0,是-商品卡免佣,0.15,义乌市黎既电子商务商行（个体工商户）,订单结算
2026-04-22 13:09:50,'2026042213094300641277852131,出账,2,聚合账户,小额打款,,'6952064867987690545,'6952064867987690545,,,,,,,普通订单,0,0,0,0,0,0,0,0,0,0,0,0,0,0,0,0,0,0,0,,0,义乌市黎既电子商务商行（个体工商户）,商家向消费者小额打款-“其他”
2026-04-22 13:11:55,'2026042213114511504235782131,入账,3.61,聚合账户,货款结算入账,小店自卖,'6925631760326557492,'6925631760326557492,'SS76303118744200975870103,2026-04-15 20:07:39,'3806450472450130341,新款复古抓夹女豹纹蝴蝶结鲨鱼夹2026后脑勺盘发发夹高级感发饰,,,普通订单,3.63,0,0,0,0,0,0,0,0,0,0,0,-0.02,0,0,0,0,0,0,是-商品卡免佣,0.15,义乌市黎既电子商务商行（个体工商户）,订单结算
2026-04-22 13:13:30,'2026042213132000682440222131,入账,1.57,聚合账户,货款结算入账,小店自卖,'6925648281274973363,'6925648281274973363,'SS76303657519201979420120,2026-04-16 19:19:31,'3809235146834575749,可爱新春小狗香蕉夹女高马尾扭扭夹红色竖夹高级感2026韩新款发夹,,,普通订单,1.58,0,0,0,0,0,0,0,0,0,0,0,-0.01,0,0,0,0,0,0,是-商品卡免佣,0.07,义乌市黎既电子商务商行（个体工商户）,订单结算
2026-04-22 13:13:31,'2026042213132113225986652131,入账,4.83,聚合账户,货款结算入账,小店自卖,'6925586689062043159,'6925586689062043159,'SS76302895634871913480137,2026-04-14 14:03:47,'3673976773902729360,发夹女后脑勺珍珠发卡大号盘发鲨鱼夹韩国ins网红气质头饰抓发夹,,,普通订单,5.08,0.9,0,0,0,0,0,0,0,0,0,0,-0.25,0,0,0,0,0,0,,0,义乌市黎既电子商务商行（个体工商户）,订单结算
2026-04-22 13:13:54,'2026042213134639666693222131,入账,2.15,聚合账户,货款结算入账,小店自卖,'6925529385279782837,'6925529385279782837,'SS76303704192997012860111,2026-04-12 13:18:43,'3806293802847699345,韩式豹纹波点褶皱高级扭扭马尾卡通风香蕉发夹后脑勺显发发卡头饰,,,普通订单,2.16,0,0,0,0,0,0,0,0,0,0,0,-0.01,0,0,0,0,0,0,是-商品卡免佣,0.07,义乌市黎既电子商务商行（个体工商户）,订单结算
2026-04-22 13:14:19,'2026042213141141615526922131,出账,2,聚合账户,小额打款,,'6925696330195893833,'6925696330195893833,,,,,,,普通订单,0,0,0,0,0,0,0,0,0,0,0,0,0,0,0,0,0,0,0,,0,义乌市黎既电子商务商行（个体工商户）,商家向消费者小额打款-“其他”
2026-04-22 13:16:19,'2026042213161601720819472131,入账,2.47,聚合账户,货款结算入账,小店自卖,'6925536673648770240,'6925536673648770240,'SS76303239614354560500223,2026-04-12 01:04:39,'3677505925100470553,宝宝碎发神器女儿童发卡后脑勺隐形倒插梳整理刘海碎发梳女童发夹,,,普通订单,2.48,0,0,0,0,0,0,0,0,0,0,0,-0.01,0,0,0,0,0,0,是-商品卡免佣,0.07,义乌市黎既电子商务商行（个体工商户）,订单结算
2026-04-22 13:16:39,'2026042213163405164405952131,入账,4.94,聚合账户,货款结算入账,小店自卖,'6952129141250398182,'6952129141250398182,'SS76304815658936082350058,2026-04-16 19:17:36,'3769870193174642697,2025春夏新款轻奢边夹时尚气质一字发夹女后脑勺扭扭夹女,,,普通订单,4.97,0,0,0,0,0,0,0,0,0,0,0,-0.03,0,0,0,0,0,0,是-商品卡免佣,0.22,义乌市黎既电子商务商行（个体工商户）,订单结算
2026-04-22 13:16:40,'2026042213163341931289692131,入账,2.52,聚合账户,货款结算入账,精选联盟,'6925627242862574753,'6925627242862574753,'SS76304507698793354240007,2026-04-15 22:02:27,'3806285088233226368,韩系~时尚百搭简约女格纹布少女风艺带齿细发箍个性压发箍头箍女,'0,,普通订单,2.8,0,0,0,0,0,0,0,0,0,0,0,-0.14,0,0,0,0,-0.14,0,,0,义乌市黎既电子商务商行（个体工商户）,订单结算
2026-04-22 13:18:08,'2026042213175822868298672131,入账,4.47,聚合账户,货款结算入账,小店自卖,'6925588428455771775,'6925588428455771775,'SS76303247251093427350111,2026-04-14 07:36:49,'3807763574974186291,气质高级亮黑色大号鲨鱼抓夹女后脑勺时尚发卡巨能抓头饰2026新款,,,普通订单,4.5,0,0,0,0,0,0,0,0,0,0,0,-0.03,0,0,0,0,0,0,是-商品卡免佣,0.22,义乌市黎既电子商务商行（个体工商户）,订单结算
2026-04-22 13:19:35,'2026042213192737331115902131,入账,2.44,聚合账户,货款结算入账,精选联盟,'6952142792941049305,'6952142792941049305,'SS76303923407125880580240,2026-04-17 08:54:24,'3766001784691229117,夏天简约随手盘发一字扭扭夹水钻抓夹高级发夹扭扭后脑勺盘发器,'0,,普通订单,2.67,0.69,0,0,0,0,0,0,0,0,0,0,-0.13,0,0,0,0,-0.1,0,,0,义乌市黎既电子商务商行（个体工商户）,订单结算
2026-04-22 13:21:09,'2026042213210221275448862131,入账,3.54,聚合账户,货款结算入账,小店自卖,'6925525113983761609,'6925525113983761609,'SS76302877939650074010167,2026-04-11 18:35:23,'3746153916182692087,法式文艺~复古甜美方巾大肠发圈女高级感ins大号高马尾甜妹发饰,,,普通订单,3.56,0,0,0,0,0,0,0,0,0,0,0,-0.02,0,0,0,0,0,0,是-商品卡免佣,0.15,义乌市黎既电子商务商行（个体工商户）,订单结算
2026-04-22 13:21:33,'2026042213212529697313792131,入账,3.87,聚合账户,货款结算入账,小店自卖,'6951992959767943123,'6951992959767943123,'SS76303734773499005500052,2026-04-12 09:22:57,'3807732934811713667,新款牡丹花羽毛抓夹女高颜值轻奢时尚百搭鲨鱼夹发饰头饰夹发神器,,,普通订单,3.89,0,0,0,0,0,0,0,0,0,0,0,-0.02,0,0,0,0,0,0,是-商品卡免佣,0.15,义乌市黎既电子商务商行（个体工商户）,订单结算
2026-04-22 13:21:33,'2026042213212535916357552131,入账,2.67,聚合账户,货款结算入账,小店自卖,'6925550926424866571,'6925550926424866571,'SS76303719068012549580074,2026-04-12 15:07:07,'3784368456477049055,韩国气质碎钻满天星抓夹女后脑勺半扎发鲨鱼夹发量少百搭发卡头饰,,,普通订单,2.69,0,0,0,0,0,0,0,0,0,0,0,-0.02,0,0,0,0,0,0,是-商品卡免佣,0.15,义乌市黎既电子商务商行（个体工商户）,订单结算
2026-04-22 13:23:29,'2026042213232339472340842131,入账,5.02,聚合账户,货款结算入账,小店自卖,'6925548373752904847,'6925548373752904847,'SS76303709825066606230108,2026-04-12 14:51:20,'3790878995596312771,韩系黑色波点布艺褶皱高马尾香蕉夹竖夹新款豹纹发夹气质百搭发饰,,,普通订单,5.05,0,0,0,0,0,0,0,0,0,0,0,-0.03,0,0,0,0,0,0,是-商品卡免佣,0.22,义乌市黎既电子商务商行（个体工商户）,订单结算
2026-04-22 13:28:33,'2026042213282717964774672131,入账,2.15,聚合账户,货款结算入账,小店自卖,'6925516256851819784,'6925516256851819784,'SS76302618950518377020249,2026-04-11 16:49:50,'3806293802847699345,韩式豹纹波点褶皱高级扭扭马尾卡通风香蕉发夹后脑勺显发发卡头饰,,,普通订单,2.16,0,0,0,0,0,0,0,0,0,0,0,-0.01,0,0,0,0,0,0,是-商品卡免佣,0.07,义乌市黎既电子商务商行（个体工商户）,订单结算
2026-04-22 13:29:00,'2026042213285234740969322131,入账,5.7,聚合账户,货款结算入账,小店自卖,'6952004856287073613,'6952004856287073613,'SS76304003765842744780216,2026-04-12 16:42:24,'3747824183825006914,卡通可爱朱迪尼克同款毛绒耳朵大肠发圈不伤发皮筋发绳女2025新款,,,普通订单,5.73,0.8,0,0,0,0,0,0,0,0,0,0,-0.03,0,0,0,0,0,0,是-商品卡免佣,0.22,义乌市黎既电子商务商行（个体工商户）,订单结算
2026-04-22 13:29:21,'2026042213291521570362982131,入账,11.38,聚合账户,货款结算入账,小店自卖,'6952050653787919452,'6952050653787919452,'SS76304274309431303940074,2026-04-13 15:07:10,'3768982715341340864,可爱卡通法式珍珠三角抓夹女新款发量多发夹后脑勺高级感鲨鱼夹,,,普通订单,11.45,0,0,0,0,0,0,0,0,0,0,0,-0.07,0,0,0,0,0,0,是-商品卡免佣,0.51,义乌市黎既电子商务商行（个体工商户）,订单结算
2026-04-22 13:29:39,'2026042213293425252175452131,出账,2,聚合账户,小额打款,,'6952165928320505169,'6952165928320505169,,,,,,,普通订单,0,0,0,0,0,0,0,0,0,0,0,0,0,0,0,0,0,0,0,,0,义乌市黎既电子商务商行（个体工商户）,商家向消费者小额打款-“其他”
2026-04-22 13:30:43,'2026042213303505544719902131,入账,3.14,聚合账户,货款结算入账,小店自卖,'6925659321297305268,'6925659321297305268,'SS76302341438565588820211,2026-04-16 21:30:54,'3796640026289373330,蝴蝶结鸭嘴夹小香风毛呢爆款发夹后脑勺气质洋气盘发一字夹子,,,普通订单,3.16,0,0,0,0,0,0,0,0,0,0,0,-0.02,0,0,0,0,0,0,是-商品卡免佣,0.15,义乌市黎既电子商务商行（个体工商户）,订单结算
2026-04-22 13:31:19,'2026042213311337834760142131,入账,5.07,聚合账户,货款结算入账,小店自卖,'6925646669255769810,'6925646669255769810,'SS76304978126727746650015,2026-04-16 23:17:51,'3752640296001863810,儿童网红卡通发夹韩国公主头饰碎发BB碎发可爱女童碎发发卡,,,普通订单,5.1,0,0,0,0,0,0,0,0,0,0,0,-0.03,0,0,0,0,0,0,是-商品卡免佣,0.22,义乌市黎既电子商务商行（个体工商户）,订单结算
2026-04-22 13:44:25,'2026042213441728618798542131,入账,2.67,聚合账户,货款结算入账,小店自卖,'6925591647288786422,'6925591647288786422,'SS76303159859120709380155,2026-04-14 14:23:07,'3784368456477049055,韩国气质碎钻满天星抓夹女后脑勺半扎发鲨鱼夹发量少百搭发卡头饰,,,普通订单,2.69,0,0,0,0,0,0,0,0,0,0,0,-0.02,0,0,0,0,0,0,是-商品卡免佣,0.15,义乌市黎既电子商务商行（个体工商户）,订单结算
2026-04-22 13:45:25,'2026042213451308521323932131,入账,10.88,聚合账户,货款结算入账,小店自卖,'6925690443182276052,'6925690443182276052,'SS76304680573619249160175,2026-04-18 12:49:03,'3796640026289373330,蝴蝶结鸭嘴夹小香风毛呢爆款发夹后脑勺气质洋气盘发一字夹子,,,普通订单,10.95,0,0,0,0,0,0,0,0,0,0,0,-0.07,0,0,0,0,0,0,是-商品卡免佣,0.51,义乌市黎既电子商务商行（个体工商户）,订单结算
2026-04-22 13:46:40,'2026042213463423301819292131,入账,2.56,聚合账户,货款结算入账,小店自卖,'6925524337227955685,'6925524337227955685,'SS76303238276542471680145,2026-04-12 11:25:55,'3809235146834575749,可爱新春小狗香蕉夹女高马尾扭扭夹红色竖夹高级感2026韩新款发夹,,,普通订单,2.58,0,0,0,0,0,0,0,0,0,0,0,-0.02,0,0,0,0,0,0,是-商品卡免佣,0.15,义乌市黎既电子商务商行（个体工商户）,订单结算
2026-04-22 13:50:34,'2026042213502633983373322131,出账,1,聚合账户,小额打款,,'6925665056666124099,'6925665056666124099,,,,,,,普通订单,0,0,0,0,0,0,0,0,0,0,0,0,0,0,0,0,0,0,0,,0,义乌市黎既电子商务商行（个体工商户）,商家向消费者小额打款-“其他”
2026-04-22 13:50:43,'2026042213503602013312422131,入账,2.56,聚合账户,货款结算入账,小店自卖,'6925522045233758000,'6925522045233758000,'SS76303238363111593590064,2026-04-12 09:33:07,'3809235146834575749,可爱新春小狗香蕉夹女高马尾扭扭夹红色竖夹高级感2026韩新款发夹,,,普通订单,2.58,0,0,0,0,0,0,0,0,0,0,0,-0.02,0,0,0,0,0,0,是-商品卡免佣,0.15,义乌市黎既电子商务商行（个体工商户）,订单结算
2026-04-22 13:51:05,'2026042213505918463626642131,入账,3.14,聚合账户,货款结算入账,小店自卖,'6952036071428461889,'6952036071428461889,'SS76303120899324646820100,2026-04-14 06:17:38,'3796640026289373330,蝴蝶结鸭嘴夹小香风毛呢爆款发夹后脑勺气质洋气盘发一字夹子,,,普通订单,3.16,0,0,0,0,0,0,0,0,0,0,0,-0.02,0,0,0,0,0,0,是-商品卡免佣,0.15,义乌市黎既电子商务商行（个体工商户）,订单结算
2026-04-22 13:58:23,'2026042213581320681039992131,入账,2.78,聚合账户,货款结算入账,小店自卖,'6925599883659082769,'6925599883659082769,'SS76303727516993789840016,2026-04-15 11:24:56,'3806285088233226368,韩系~时尚百搭简约女格纹布少女风艺带齿细发箍个性压发箍头箍女,,,普通订单,2.8,0,0,0,0,0,0,0,0,0,0,0,-0.02,0,0,0,0,0,0,是-商品卡免佣,0.15,义乌市黎既电子商务商行（个体工商户）,订单结算
2026-04-22 14:00:08,'2026042214000130928778872131,入账,4.6,聚合账户,货款结算入账,小店自卖,'6952148101499459323,'6952148101499459323,'SS76304153276163568740058,2026-04-17 18:01:01,'3761395105840365661,高级感水钻满天星发夹女后脑勺盘发神器发卡青蛙夹扭扭夹发卡头饰,,,普通订单,4.63,0,0,0,0,0,0,0,0,0,0,0,-0.03,0,0,0,0,0,0,是-商品卡免佣,0.22,义乌市黎既电子商务商行（个体工商户）,订单结算
2026-04-22 14:02:08,'2026042214015933225607682131,出账,2,聚合账户,小额打款,,'6952165228760470859,'6952165228760470859,,,,,,,普通订单,0,0,0,0,0,0,0,0,0,0,0,0,0,0,0,0,0,0,0,,0,义乌市黎既电子商务商行（个体工商户）,商家向消费者小额打款-“其他”
2026-04-22 14:05:15,'2026042214050837101122992131,出账,3,聚合账户,退款-结算后退款-退用户,小店自卖,'6952024446999664436,'6952024446999664436,'147453869395952584,2026-04-12 16:06:43,'3766001784691229117,夏天简约随手盘发一字扭扭夹水钻抓夹高级发夹扭扭后脑勺盘发器,,,普通订单,0,0,0,0,0,0,0,0,0,0,0,-3,0,0,0,0,0,0,0,,0,义乌市黎既电子商务商行（个体工商户）,已退款
2026-04-22 14:05:15,'2026042214050939954560422131,入账,0.02,聚合账户,退款-订单退款触发-退分账,小店自卖,'6952024446999664436,'6952024446999664436,'147453869395952584,2026-04-12 16:06:43,'3766001784691229117,夏天简约随手盘发一字扭扭夹水钻抓夹高级发夹扭扭后脑勺盘发器,,,普通订单,0,0,0,0,0,0,0,0,0,0,0,0,0.02,0,0,0,0,0,0,,0,义乌市黎既电子商务商行（个体工商户）,服务费返还
2026-04-22 14:19:33,'2026042214192213855787952131,出账,2,聚合账户,小额打款,,'6952196199781963286,'6952196199781963286,,,,,,,普通订单,0,0,0,0,0,0,0,0,0,0,0,0,0,0,0,0,0,0,0,,0,义乌市黎既电子商务商行（个体工商户）,商家向消费者小额打款-“其他”
2026-04-22 14:31:38,'2026042214313122651704682131,出账,2,聚合账户,小额打款,,'6952156219724797121,'6952156219724797121,,,,,,,普通订单,0,0,0,0,0,0,0,0,0,0,0,0,0,0,0,0,0,0,0,,0,义乌市黎既电子商务商行（个体工商户）,商家向消费者小额打款-“其他”
2026-04-22 14:38:37,'2026042214382624080389272131,出账,2,聚合账户,小额打款,,'6952189464891233372,'6952189464891233372,,,,,,,普通订单,0,0,0,0,0,0,0,0,0,0,0,0,0,0,0,0,0,0,0,,0,义乌市黎既电子商务商行（个体工商户）,商家向消费者小额打款-“其他”
2026-04-22 14:40:31,'2026042214401639273106352131,入账,5.07,聚合账户,货款结算入账,小店自卖,'6925638137803406911,'6925638137803406911,'SS76302401423677038500197,2026-04-16 10:41:17,'3752640296001863810,儿童网红卡通发夹韩国公主头饰碎发BB碎发可爱女童碎发发卡,,,普通订单,0.01,0,0,5.09,0,0,0,0,0,0,0,0,-0.03,0,0,0,0,0,0,是-商品卡免佣,0.22,义乌市黎既电子商务商行（个体工商户）,订单结算
2026-04-22 14:40:31,'2026042214401833985661862131,入账,2.43,聚合账户,货款结算入账,精选联盟,'6925555534699265159,'6925555534699265159,'SS76301372088136832090082,2026-04-12 19:37:48,'3784368456477049055,韩国气质碎钻满天星抓夹女后脑勺半扎发鲨鱼夹发量少百搭发卡头饰,'0,,普通订单,0.01,0,0,2.68,0,0,0,0,0,0,0,0,-0.13,0,0,0,0,-0.13,0,,0,义乌市黎既电子商务商行（个体工商户）,订单结算
2026-04-22 14:40:31,'2026042214402016030600182131,入账,2.68,聚合账户,货款结算入账,小店自卖,'6951990563379221667,'6951990563379221667,'SS76302879767653422460086,2026-04-12 06:25:29,'3780083193793872223,简约磨砂发夹弹簧夹后脑勺盘发夹子一字时尚半扎抓发固定少女边夹,,,普通订单,1.3,0.89,0,1.4,0,0,0,0,0,0,0,0,-0.02,0,0,0,0,0,0,是-商品卡免佣,0.15,义乌市黎既电子商务商行（个体工商户）,订单结算
2026-04-22 14:40:31,'2026042214402314430052262131,入账,1.76,聚合账户,货款结算入账,精选联盟,'6925679039920176670,'6925679039920176670,'SS76304558648142116240024,2026-04-17 23:28:20,'3806280662462366067,kitty猫~刘海贴精致可爱甜美少女棉花糖猫兔碎发贴魔术贴无痕发饰,'0,,普通订单,0.01,0,0,1.95,0,0,0,0,0,0,0,0,-0.1,0,0,0,0,-0.1,0,,0,义乌市黎既电子商务商行（个体工商户）,订单结算
2026-04-22 14:40:31,'2026042214402331211197952131,入账,3.72,聚合账户,货款结算入账,小店自卖,'6952015890233431768,'6952015890233431768,'SS76303999127437642240152,2026-04-12 16:49:25,'3768243884530991364,2025新款简约高颅顶发箍高级发箍女时尚发卡压发洗脸头箍百搭饰品,,,普通订单,0.23,0,0,1.01,0,0,0,0,0,2.5,0,0,-0.02,0,0,0,0,0,0,是-商品卡免佣,0.15,义乌市黎既电子商务商行（个体工商户）,订单结算
2026-04-22 14:40:31,'2026042214401918424471102131,入账,2.92,聚合账户,货款结算入账,小店自卖,'6925398267331903218,'6925398267331903218,'SS76303692340363103130193,2026-04-06 19:05:32,'3780083067050393883,2025新款高颅顶洗脸防滑头箍时尚百搭发饰秋冬复古针织宽边发箍,,,普通订单,0.01,0,0,2.93,0,0,0,0,0,0,0,0,-0.02,0,0,0,0,0,0,是-商品卡免佣,0.15,义乌市黎既电子商务商行（个体工商户）,订单结算
2026-04-22 14:40:31,'2026042214401924594194552131,入账,2.74,聚合账户,货款结算入账,小店自卖,'6925524174351859004,'6925524174351859004,'SS76303237684570202010226,2026-04-12 10:02:47,'3761395105840365661,高级感水钻满天星发夹女后脑勺盘发神器发卡青蛙夹扭扭夹发卡头饰,,,普通订单,0.01,0,0,2.87,0,0,0,0,0,0,0,0,-0.14,0,0,0,0,0,0,,0,义乌市黎既电子商务商行（个体工商户）,订单结算
2026-04-22 14:40:31,'2026042214401633233308792131,入账,1.94,聚合账户,货款结算入账,小店自卖,'6925519212800277884,'6925519212800277884,'SS76302719959527470180224,2026-04-12 00:20:29,'3763932675732275215,简约高马尾香蕉夹抓夹女高级感2025新款大号一字扭扭夹发夹发饰夏,,,普通订单,0.01,0,0,1.94,0,0,0,0,0,0,0,0,-0.01,0,0,0,0,0,0,是-商品卡免佣,0.07,义乌市黎既电子商务商行（个体工商户）,订单结算
2026-04-22 14:40:31,'2026042214401805214705022131,入账,2.43,聚合账户,货款结算入账,精选联盟,'6952165986706396366,'6952165986706396366,'SS76303986685034995200170,2026-04-17 19:05:47,'3784368456477049055,韩国气质碎钻满天星抓夹女后脑勺半扎发鲨鱼夹发量少百搭发卡头饰,'0,,普通订单,0.01,0,0,2.68,0,0,0,0,0,0,0,0,-0.13,0,0,0,0,-0.13,0,,0,义乌市黎既电子商务商行（个体工商户）,订单结算
2026-04-22 14:40:31,'2026042214401600892603312131,入账,4.01,聚合账户,货款结算入账,精选联盟,'6952032798988047542,'6952032798988047542,'SS76304131213752939900173,2026-04-13 13:54:27,'3769870038379659571,蓝条纹爱心牛仔三角抓夹女2025新款蕾丝花边鲨鱼夹大号后脑勺发夹,'0,,普通订单,1.45,0,0,3,0,0,0,0,0,0,0,0,-0.22,0,0,0,0,-0.22,0,,0,义乌市黎既电子商务商行（个体工商户）,订单结算
2026-04-22 14:40:31,'2026042214401618469855352131,入账,1.91,聚合账户,货款结算入账,小店自卖,'6925509879243308656,'6925509879243308656,'SS76302879057007910780120,2026-04-11 15:57:40,'3776769690882408946,简约三角形头发抓夹高级鲨鱼夹2025秋冬新款发夹后脑勺盘发夹子女,,,普通订单,0.01,0,0,1.91,0,0,0,0,0,0,0,0,-0.01,0,0,0,0,0,0,是-商品卡免佣,0.07,义乌市黎既电子商务商行（个体工商户）,订单结算
2026-04-22 14:40:31,'2026042214402034270131562131,入账,3.51,聚合账户,货款结算入账,精选联盟,'6925518616418024874,'6925518616418024874,'SS76302660095066278820233,2026-04-11 20:18:51,'3807732934811713667,新款牡丹花羽毛抓夹女高颜值轻奢时尚百搭鲨鱼夹发饰头饰夹发神器,'0,,普通订单,0.63,0,0,3.26,0,0,0,0,0,0,0,0,-0.19,0,0,0,0,-0.19,0,,0,义乌市黎既电子商务商行（个体工商户）,订单结算
2026-04-22 14:40:31,'2026042214401937378133112131,入账,2.65,聚合账户,货款结算入账,小店自卖,'6925541442630941953,'6925541442630941953,'SS76303728763415967120228,2026-04-12 12:58:20,'3766001784691229117,夏天简约随手盘发一字扭扭夹水钻抓夹高级发夹扭扭后脑勺盘发器,,,普通订单,1.98,0,0.69,0,0,0,0,0,0,0,0,0,-0.02,0,0,0,0,0,0,是-商品卡免佣,0.15,义乌市黎既电子商务商行（个体工商户）,订单结算
2026-04-22 14:40:31,'2026042214402216528187292131,入账,3.19,聚合账户,货款结算入账,小店自卖,'6925539132413804173,'6925539132413804173,'SS76303723176503710870233,2026-04-12 11:21:29,'3806839693081969009,春夏简约随手盘发高级发夹一字扭扭夹水钻抓夹扭扭后脑勺盘发器,,,普通订单,2.61,0,0,0.75,0,0,0,0,0,0,0,0,-0.17,0,0,0,0,0,0,,0,义乌市黎既电子商务商行（个体工商户）,订单结算
2026-04-22 14:41:12,'2026042214410134535347712131,入账,2.69,聚合账户,货款结算入账,精选联盟,'6952055887370852288,'6952055887370852288,'SS76303537074522363240099,2026-04-14 00:06:17,'3673490141390962970,趣味超火小草发夹慢羊羊可爱超萌碎发夹头顶夹长草搞怪发卡发饰学,'84015979623,童童好物分享,普通订单,0.1,0,0,3,0,0,0,0,0,0,0,0,-0.16,-0.25,0,0,0,0,0,,0,义乌市黎既电子商务商行（个体工商户）,订单结算
2026-04-22 14:41:12,'2026042214410407722112152131,入账,5.53,聚合账户,货款结算入账,小店自卖,'6925641913494699122,'6925641913494699122,'SS76304245318820826010250,2026-04-16 20:56:56,'3747800080678256720,夏季网红新款小草头上发夹长草可爱超萌碎豆芽夹子头顶搞怪发饰,,,普通订单,1.56,0,0,4,0,0,0,0,0,0,0,0,-0.03,0,0,0,0,0,0,是-商品卡免佣,0.22,义乌市黎既电子商务商行（个体工商户）,订单结算
2026-04-22 14:41:12,'2026042214410329834944262131,入账,3.76,聚合账户,货款结算入账,小店自卖,'6952015474120594599,'6952015474120594599,'SS76304086616339418140008,2026-04-12 12:42:50,'3806479482789953902,新款蓝楹蝶!甜美氛围感头花侧边夹旅行发卡！早春气质蓝色花朵发夹,,,普通订单,0.96,0,0,3,0,0,0,0,0,0,0,0,-0.2,0,0,0,0,0,0,,0,义乌市黎既电子商务商行（个体工商户）,订单结算
2026-04-22 14:41:12,'2026042214410112303898122131,入账,4.85,聚合账户,货款结算入账,小店自卖,'6925526526179180306,'6925526526179180306,'SS76303262927683919740044,2026-04-12 10:17:55,'3796640026289373330,蝴蝶结鸭嘴夹小香风毛呢爆款发夹后脑勺气质洋气盘发一字夹子,,,普通订单,1.08,0,0,3.8,0,0,0,0,0,0,0,0,-0.03,0,0,0,0,0,0,是-商品卡免佣,0.22,义乌市黎既电子商务商行（个体工商户）,订单结算
2026-04-22 14:41:12,'2026042214410202868721002131,入账,1.95,聚合账户,货款结算入账,小店自卖,'6952076473006560860,'6952076473006560860,'SS76304116946795934870021,2026-04-14 12:13:07,'3806280662462366067,kitty猫~刘海贴精致可爱甜美少女棉花糖猫兔碎发贴魔术贴无痕发饰,,,普通订单,0.01,0,0,1.95,0,0,0,0,0,0,0,0,-0.01,0,0,0,0,0,0,是-商品卡免佣,0.07,义乌市黎既电子商务商行（个体工商户）,订单结算
2026-04-22 14:41:12,'2026042214405900266242652131,入账,3,聚合账户,货款结算入账,小店自卖,'6951808391664179110,'6951808391664179110,'SS76277098379798328510119,2026-04-04 17:16:21,'3806250082127446374,休闲风创意米菲兔甜美少女刘海贴魔法贴毛绒发帖无痕贴发饰发卡女,,,普通订单,0.01,0,0,3.01,0,0,0,0,0,0,0,0,-0.02,0,0,0,0,0,0,是-商品卡免佣,0.15,义乌市黎既电子商务商行（个体工商户）,订单结算
2026-04-22 14:41:12,'2026042214410103112187422131,入账,1.76,聚合账户,货款结算入账,精选联盟,'6951995210723628992,'6951995210723628992,'SS76302672653187036590219,2026-04-12 02:33:34,'3806280662462366067,kitty猫~刘海贴精致可爱甜美少女棉花糖猫兔碎发贴魔术贴无痕发饰,'0,,普通订单,0.01,0,0,1.95,0,0,0,0,0,0,0,0,-0.1,0,0,0,0,-0.1,0,,0,义乌市黎既电子商务商行（个体工商户）,订单结算
2026-04-22 14:41:12,'2026042214410135499215552131,入账,2.81,聚合账户,货款结算入账,小店自卖,'6952008878982042764,'6952008878982042764,'SS76303704068638804740076,2026-04-12 13:12:10,'3790878995596312771,韩系黑色波点布艺褶皱高马尾香蕉夹竖夹新款豹纹发夹气质百搭发饰,,,普通订单,2.44,0,0.39,0,0,0,0,0,0,0,0,0,-0.02,0,0,0,0,0,0,是-商品卡免佣,0.15,义乌市黎既电子商务商行（个体工商户）,订单结算
2026-04-22 14:41:12,'2026042214410112302915082131,入账,5.5,聚合账户,货款结算入账,小店自卖,'6925595855398993270,'6925595855398993270,'SS76304189794128044020029,2026-04-14 14:11:02,'3806280662462366067,kitty猫~刘海贴精致可爱甜美少女棉花糖猫兔碎发贴魔术贴无痕发饰,,,普通订单,0.53,0,0,5,0,0,0,0,0,0,0,0,-0.03,0,0,0,0,0,0,是-商品卡免佣,0.22,义乌市黎既电子商务商行（个体工商户）,订单结算
2026-04-22 14:41:12,'2026042214410105054838282131,入账,2.6,聚合账户,货款结算入账,精选联盟,'6925607344676044133,'6925607344676044133,'SS76303051787639690300203,2026-04-14 16:12:03,'3761395105840365661,高级感水钻满天星发夹女后脑勺盘发神器发卡青蛙夹扭扭夹发卡头饰,'0,,普通订单,0.01,0,0,2.87,0,0,0,0,0,0,0,0,-0.14,0,0,0,0,-0.14,0,,0,义乌市黎既电子商务商行（个体工商户）,订单结算
2026-04-22 14:41:12,'2026042214410026139530242131,入账,2.94,聚合账户,货款结算入账,小店自卖,'6925514693370150074,'6925514693370150074,'SS76302878441754342830075,2026-04-11 19:59:53,'3807763574974186291,气质高级亮黑色大号鲨鱼抓夹女后脑勺时尚发卡巨能抓头饰2026新款,,,普通订单,0.01,0,0,2.95,0,0,0,0,0,0,0,0,-0.02,0,0,0,0,0,0,是-商品卡免佣,0.15,义乌市黎既电子商务商行（个体工商户）,订单结算
2026-04-22 14:41:13,'2026042214410225524352502131,入账,7.61,聚合账户,货款结算入账,小店自卖,'6952001016266299055,'6952001016266299055,'SS76304131241343229860165,2026-04-11 17:33:49,'3784368456477049055,韩国气质碎钻满天星抓夹女后脑勺半扎发鲨鱼夹发量少百搭发卡头饰,,,普通订单,5.66,0,0,2,0,0,0,0,0,0,0,0,-0.05,0,0,0,0,0,0,是-商品卡免佣,0.37,义乌市黎既电子商务商行（个体工商户）,订单结算
2026-04-22 14:41:13,'2026042214410003533540182131,入账,2.67,聚合账户,货款结算入账,小店自卖,'6925636904630975951,'6925636904630975951,'SS76304052385158925220074,2026-04-16 12:39:41,'3784368456477049055,韩国气质碎钻满天星抓夹女后脑勺半扎发鲨鱼夹发量少百搭发卡头饰,,,普通订单,0.01,0,0,2.68,0,0,0,0,0,0,0,0,-0.02,0,0,0,0,0,0,是-商品卡免佣,0.15,义乌市黎既电子商务商行（个体工商户）,订单结算
2026-04-22 14:41:13,'2026042214410101069714262131,入账,2.43,聚合账户,货款结算入账,精选联盟,'6925535147465473902,'6925535147465473902,'SS76303717645074764890054,2026-04-12 09:46:49,'3784368456477049055,韩国气质碎钻满天星抓夹女后脑勺半扎发鲨鱼夹发量少百搭发卡头饰,'7622866447274394661,婷婷百货甄选,普通订单,0.01,0,0,2.68,0,0,0,0,0,0,0,0,-0.13,-0.13,0,0,0,0,0,,0,义乌市黎既电子商务商行（个体工商户）,订单结算
2026-04-22 14:43:14,'2026042214430132815682982131,入账,5.45,聚合账户,货款结算入账,小店自卖,'6952152475093439707,'6952152475093439707,'SS76304293347383053060237,2026-04-17 13:31:08,'3739542149163778373,洗澡大号盘发发夹后脑勺抓夹百搭气质成人发抓鲨鱼夹发卡夹子发饰,,,普通订单,0.01,0,0,5.73,0,0,0,0,0,0,0,0,-0.29,0,0,0,0,0,0,,0,义乌市黎既电子商务商行（个体工商户）,订单结算
2026-04-22 14:43:14,'2026042214430427179092832131,入账,3.68,聚合账户,货款结算入账,小店自卖,'6952122754333873473,'6952122754333873473,'SS76303147655120980580082,2026-04-16 20:18:34,'3809235146834575749,可爱新春小狗香蕉夹女高马尾扭扭夹红色竖夹高级感2026韩新款发夹,,,普通订单,0.01,0,0,3.69,0,0,0,0,0,0,0,0,-0.02,0,0,0,0,0,0,是-商品卡免佣,0.15,义乌市黎既电子商务商行（个体工商户）,订单结算
2026-04-22 14:43:14,'2026042214430523446326172131,入账,2.32,聚合账户,货款结算入账,精选联盟,'6952130236557760137,'6952130236557760137,'SS76303832396427927540228,2026-04-17 10:31:24,'3809235146834575749,可爱新春小狗香蕉夹女高马尾扭扭夹红色竖夹高级感2026韩新款发夹,'0,,普通订单,0.01,0,0,2.57,0,0,0,0,0,0,0,0,-0.13,0,0,0,0,-0.13,0,,0,义乌市黎既电子商务商行（个体工商户）,订单结算
2026-04-22 14:43:14,'2026042214430432549443192131,入账,4.4,聚合账户,货款结算入账,精选联盟,'6925664651994365205,'6925664651994365205,'SS76304108222037527670178,2026-04-17 12:32:57,'3796640026289373330,蝴蝶结鸭嘴夹小香风毛呢爆款发夹后脑勺气质洋气盘发一字夹子,'0,,普通订单,1.88,0,0,3,0,0,0,0,0,0,0,0,-0.24,0,0,0,0,-0.24,0,,0,义乌市黎既电子商务商行（个体工商户）,订单结算
2026-04-22 14:43:14,'2026042214430509460495782131,入账,2.43,聚合账户,货款结算入账,精选联盟,'6952109505452119531,'6952109505452119531,'SS76304351147544415100036,2026-04-15 19:40:29,'3784368456477049055,韩国气质碎钻满天星抓夹女后脑勺半扎发鲨鱼夹发量少百搭发卡头饰,'0,,普通订单,0.01,0,0,2.68,0,0,0,0,0,0,0,0,-0.13,0,0,0,0,-0.13,0,,0,义乌市黎既电子商务商行（个体工商户）,订单结算
2026-04-22 14:43:14,'2026042214430529535603562131,入账,3.95,聚合账户,货款结算入账,小店自卖,'6952127186125264114,'6952127186125264114,'SS76303170635169469790192,2026-04-16 23:55:38,'3806293802847699345,韩式豹纹波点褶皱高级扭扭马尾卡通风香蕉发夹后脑勺显发发卡头饰,,,普通订单,0.01,0,0,3.96,0,0,0,0,0,0,0,0,-0.02,0,0,0,0,0,0,是-商品卡免佣,0.15,义乌市黎既电子商务商行（个体工商户）,订单结算
2026-04-22 14:43:14,'2026042214430440394427422131,入账,2.43,聚合账户,货款结算入账,精选联盟,'6925592221099589148,'6925592221099589148,'SS76302598465885146010197,2026-04-14 18:53:00,'3784368456477049055,韩国气质碎钻满天星抓夹女后脑勺半扎发鲨鱼夹发量少百搭发卡头饰,'0,,普通订单,0.01,0,0,2.68,0,0,0,0,0,0,0,0,-0.13,0,0,0,0,-0.13,0,,0,义乌市黎既电子商务商行（个体工商户）,订单结算
2026-04-22 14:43:14,'2026042214430319151590832131,入账,2.56,聚合账户,货款结算入账,小店自卖,'6925621766646365540,'6925621766646365540,'SS76303427684560942170107,2026-04-15 13:27:40,'3809235146834575749,可爱新春小狗香蕉夹女高马尾扭扭夹红色竖夹高级感2026韩新款发夹,,,普通订单,0.01,0,0,2.57,0,0,0,0,0,0,0,0,-0.02,0,0,0,0,0,0,是-商品卡免佣,0.15,义乌市黎既电子商务商行（个体工商户）,订单结算
2026-04-22 14:43:14,'2026042214430433647048042131,入账,1.95,聚合账户,货款结算入账,小店自卖,'6952092751968606109,'6952092751968606109,'SS76304723045730595900020,2026-04-14 23:03:39,'3806280662462366067,kitty猫~刘海贴精致可爱甜美少女棉花糖猫兔碎发贴魔术贴无痕发饰,,,普通订单,0.01,0,0,1.95,0,0,0,0,0,0,0,0,-0.01,0,0,0,0,0,0,是-商品卡免佣,0.07,义乌市黎既电子商务商行（个体工商户）,订单结算
2026-04-22 14:43:14,'2026042214430234865154992131,入账,3.51,聚合账户,货款结算入账,精选联盟,'6952099156620023029,'6952099156620023029,'SS76304289360946793360011,2026-04-16 07:38:12,'3807732934811713667,新款牡丹花羽毛抓夹女高颜值轻奢时尚百搭鲨鱼夹发饰头饰夹发神器,'0,,普通订单,0.89,0,0,3,0,0,0,0,0,0,0,0,-0.19,0,0,0,0,-0.19,0,,0,义乌市黎既电子商务商行（个体工商户）,订单结算
2026-04-22 14:43:14,'2026042214430238049057912131,入账,2.56,聚合账户,货款结算入账,小店自卖,'6925621734277545080,'6925621734277545080,'SS76303463752821356040224,2026-04-15 13:21:38,'3809235146834575749,可爱新春小狗香蕉夹女高马尾扭扭夹红色竖夹高级感2026韩新款发夹,,,普通订单,0.01,0,0,2.57,0,0,0,0,0,0,0,0,-0.02,0,0,0,0,0,0,是-商品卡免佣,0.15,义乌市黎既电子商务商行（个体工商户）,订单结算
2026-04-22 14:43:14,'2026042214430306125980702131,入账,2.09,聚合账户,货款结算入账,小店自卖,'6952114513025766666,'6952114513025766666,'SS76304789232563162010003,2026-04-15 23:51:49,'3807732934811713667,新款牡丹花羽毛抓夹女高颜值轻奢时尚百搭鲨鱼夹发饰头饰夹发神器,,,普通订单,0.01,0,0,2.09,0,0,0,0,0,0,0,0,-0.01,0,0,0,0,0,0,是-商品卡免佣,0.07,义乌市黎既电子商务商行（个体工商户）,订单结算
2026-04-22 14:43:14,'2026042214430221796298662131,入账,1.95,聚合账户,货款结算入账,小店自卖,'6925619835486043938,'6925619835486043938,'SS76304437041481981590011,2026-04-15 16:37:20,'3806280662462366067,kitty猫~刘海贴精致可爱甜美少女棉花糖猫兔碎发贴魔术贴无痕发饰,,,普通订单,0.01,0,0,1.95,0,0,0,0,0,0,0,0,-0.01,0,0,0,0,0,0,是-商品卡免佣,0.07,义乌市黎既电子商务商行（个体工商户）,订单结算
2026-04-22 14:43:15,'2026042214430005333816512131,入账,2.45,聚合账户,货款结算入账,小店自卖,'6925635300520262894,'6925635300520262894,'SS76304175220885752780077,2026-04-16 18:00:14,'3809235146834575749,可爱新春小狗香蕉夹女高马尾扭扭夹红色竖夹高级感2026韩新款发夹,,,普通订单,0.01,0,0,2.57,0,0,0,0,0,0,0,0,-0.13,0,0,0,0,0,0,,0,义乌市黎既电子商务商行（个体工商户）,订单结算
2026-04-22 14:44:43,'2026042214443118294545982131,出账,2,聚合账户,小额打款,,'6952099654029547478,'6952099654029547478,,,,,,,普通订单,0,0,0,0,0,0,0,0,0,0,0,0,0,0,0,0,0,0,0,,0,义乌市黎既电子商务商行（个体工商户）,商家向消费者小额打款-“其他”
2026-04-22 14:45:18,'2026042214450940863381112131,入账,2.43,聚合账户,货款结算入账,精选联盟,'6952035226112366327,'6952035226112366327,'SS76303189745134476950136,2026-04-13 17:15:15,'3784368456477049055,韩国气质碎钻满天星抓夹女后脑勺半扎发鲨鱼夹发量少百搭发卡头饰,'0,,普通订单,0.01,0,0,2.68,0,0,0,0,0,0,0,0,-0.13,0,0,0,0,-0.13,0,,0,义乌市黎既电子商务商行（个体工商户）,订单结算
2026-04-22 14:46:39,'2026042214463114346368402131,入账,2.43,聚合账户,货款结算入账,精选联盟,'6952001717648889475,'6952001717648889475,'SS76302637139139016080053,2026-04-12 00:17:06,'3784368456477049055,韩国气质碎钻满天星抓夹女后脑勺半扎发鲨鱼夹发量少百搭发卡头饰,'0,,普通订单,0.01,0,0,2.68,0,0,0,0,0,0,0,0,-0.13,0,0,0,0,-0.13,0,,0,义乌市黎既电子商务商行（个体工商户）,订单结算
2026-04-22 14:48:20,'2026042214481010745452062131,入账,5.1,聚合账户,货款结算入账,精选联盟,'6925532911566749320,'6925532911566749320,'SS76303122664744061820053,2026-04-12 10:12:45,'3806839693081969009,春夏简约随手盘发高级发夹一字扭扭夹水钻抓夹扭扭后脑勺盘发器,'0,,普通订单,3.66,0,0,2,0,0,0,0,0,0,0,0,-0.28,0,0,0,0,-0.28,0,,0,义乌市黎既电子商务商行（个体工商户）,订单结算
2026-04-22 14:49:08,'2026042214485300301675882131,入账,5.07,聚合账户,货款结算入账,小店自卖,'6952008598848148758,'6952008598848148758,'SS76303289113232225790130,2026-04-12 10:17:40,'3752640296001863810,儿童网红卡通发夹韩国公主头饰碎发BB碎发可爱女童碎发发卡,,,普通订单,0.1,0,0,5,0,0,0,0,0,0,0,0,-0.03,0,0,0,0,0,0,是-商品卡免佣,0.22,义乌市黎既电子商务商行（个体工商户）,订单结算
2026-04-22 14:50:07,'2026042214495719223229852131,入账,2.78,聚合账户,货款结算入账,小店自卖,'6952081284643100224,'6952081284643100224,'SS76304709132002760220128,2026-04-14 18:52:04,'3806285088233226368,韩系~时尚百搭简约女格纹布少女风艺带齿细发箍个性压发箍头箍女,,,普通订单,0.8,0,0,2,0,0,0,0,0,0,0,0,-0.02,0,0,0,0,0,0,是-商品卡免佣,0.15,义乌市黎既电子商务商行（个体工商户）,订单结算
2026-04-22 14:52:21,'2026042214520806637489182131,入账,2.43,聚合账户,货款结算入账,精选联盟,'6952121099385050554,'6952121099385050554,'SS76303318902973407150014,2026-04-15 21:43:17,'3784368456477049055,韩国气质碎钻满天星抓夹女后脑勺半扎发鲨鱼夹发量少百搭发卡头饰,'0,,普通订单,0.01,0,0,2.68,0,0,0,0,0,0,0,0,-0.13,0,0,0,0,-0.13,0,,0,义乌市黎既电子商务商行（个体工商户）,订单结算
2026-04-22 14:52:32,'2026042214522112084349702131,入账,3.45,聚合账户,货款结算入账,精选联盟,'6952116240908031404,'6952116240908031404,'SS76304985646407562300091,2026-04-17 00:31:18,'3784368456477049055,韩国气质碎钻满天星抓夹女后脑勺半扎发鲨鱼夹发量少百搭发卡头饰,'0,,普通订单,0.59,0,0,3.24,0,0,0,0,0,0,0,0,-0.19,0,0,0,0,-0.19,0,,0,义乌市黎既电子商务商行（个体工商户）,订单结算
2026-04-22 15:21:56,'2026042215214421574454142131,入账,2.43,聚合账户,货款结算入账,精选联盟,'6925652726514286283,'6925652726514286283,'SS76303513550728071740206,2026-04-16 19:18:05,'3784368456477049055,韩国气质碎钻满天星抓夹女后脑勺半扎发鲨鱼夹发量少百搭发卡头饰,'0,,普通订单,0.01,0,0,2.68,0,0,0,0,0,0,0,0,-0.13,0,0,0,0,-0.13,0,,0,义乌市黎既电子商务商行（个体工商户）,订单结算
2026-04-22 15:21:56,'2026042215214708402089422131,入账,2.72,聚合账户,货款结算入账,精选联盟,'6925648108305809103,'6925648108305809103,'SS76303750580781717110239,2026-04-16 17:37:21,'3806250082127446374,休闲风创意米菲兔甜美少女刘海贴魔法贴毛绒发帖无痕贴发饰发卡女,'0,,普通订单,0.02,0,0,3,0,0,0,0,0,0,0,0,-0.15,0,0,0,0,-0.15,0,,0,义乌市黎既电子商务商行（个体工商户）,订单结算
2026-04-22 15:21:56,'2026042215214525549583452131,入账,4.04,聚合账户,货款结算入账,精选联盟,'6925633684945403692,'6925633684945403692,'SS76304428155374144520116,2026-04-16 01:00:16,'3746529925562237053,满钻星星碎发整理神器隐形碎发梳女儿童固定头发夹子拉拉梳头饰,'95957951689,菲菲优选,普通订单,3.29,0,0,1.41,0,0,0,0,0,0,0,0,-0.24,-0.42,0,0,0,0,0,,0,义乌市黎既电子商务商行（个体工商户）,订单结算
2026-04-22 15:21:56,'2026042215214234656427902131,入账,2.56,聚合账户,货款结算入账,小店自卖,'6925610082831072917,'6925610082831072917,'SS76304859115196298240034,2026-04-15 08:59:00,'3809235146834575749,可爱新春小狗香蕉夹女高马尾扭扭夹红色竖夹高级感2026韩新款发夹,,,普通订单,0.01,0,0,2.57,0,0,0,0,0,0,0,0,-0.02,0,0,0,0,0,0,是-商品卡免佣,0.15,义乌市黎既电子商务商行（个体工商户）,订单结算
2026-04-22 15:21:56,'2026042215214427516278142131,入账,2.43,聚合账户,货款结算入账,精选联盟,'6925607881122151697,'6925607881122151697,'SS76304106814809544310229,2026-04-14 20:33:03,'3784368456477049055,韩国气质碎钻满天星抓夹女后脑勺半扎发鲨鱼夹发量少百搭发卡头饰,'0,,普通订单,0.01,0,0,2.68,0,0,0,0,0,0,0,0,-0.13,0,0,0,0,-0.13,0,,0,义乌市黎既电子商务商行（个体工商户）,订单结算
2026-04-22 15:21:56,'2026042215214426313569382131,入账,3.51,聚合账户,货款结算入账,精选联盟,'6925616592420765322,'6925616592420765322,'SS76304461623325335540032,2026-04-16 07:19:58,'3807732934811713667,新款牡丹花羽毛抓夹女高颜值轻奢时尚百搭鲨鱼夹发饰头饰夹发神器,'0,,普通订单,0.89,0,0,3,0,0,0,0,0,0,0,0,-0.19,0,0,0,0,-0.19,0,,0,义乌市黎既电子商务商行（个体工商户）,订单结算
2026-04-22 15:26:37,'2026042215262404868674832131,出账,2,聚合账户,小额打款,,'6925735446440869396,'6925735446440869396,,,,,,,普通订单,0,0,0,0,0,0,0,0,0,0,0,0,0,0,0,0,0,0,0,,0,义乌市黎既电子商务商行（个体工商户）,商家向消费者小额打款-“其他”
2026-04-22 15:30:11,'2026042215300022995765762131,入账,2.67,聚合账户,货款结算入账,小店自卖,'6951995917354800723,'6951995917354800723,'SS76303718808428546980229,2026-04-12 13:41:54,'3784368456477049055,韩国气质碎钻满天星抓夹女后脑勺半扎发鲨鱼夹发量少百搭发卡头饰,,,普通订单,0.69,0,0,2,0,0,0,0,0,0,0,0,-0.02,0,0,0,0,0,0,是-商品卡免佣,0.15,义乌市黎既电子商务商行（个体工商户）,订单结算
2026-04-22 15:30:11,'2026042215295609968891282131,入账,1.63,聚合账户,货款结算入账,小店自卖,'6925519198274944336,'6925519198274944336,'SS76302877872004470390202,2026-04-11 23:47:12,'3755801469274686220,电话线发圈时尚简约加粗珍珠头绳高弹力头绳皮筋女扎头不伤发发绳,,,普通订单,0.01,0,0,1.71,0,0,0,0,0,0,0,0,-0.09,0,0,0,0,0,0,,0,义乌市黎既电子商务商行（个体工商户）,订单结算
2026-04-22 15:30:11,'2026042215295907161164802131,入账,3.51,聚合账户,货款结算入账,精选联盟,'6952013268830721478,'6952013268830721478,'SS76303734785454413070037,2026-04-12 12:34:44,'3807732934811713667,新款牡丹花羽毛抓夹女高颜值轻奢时尚百搭鲨鱼夹发饰头饰夹发神器,'0,,普通订单,0.89,0,0,3,0,0,0,0,0,0,0,0,-0.19,0,0,0,0,-0.19,0,,0,义乌市黎既电子商务商行（个体工商户）,订单结算
2026-04-22 15:30:11,'2026042215300309279081482131,入账,2.56,聚合账户,货款结算入账,小店自卖,'6925629542393085285,'6925629542393085285,'SS76303676792574778940074,2026-04-15 21:51:20,'3809235146834575749,可爱新春小狗香蕉夹女高马尾扭扭夹红色竖夹高级感2026韩新款发夹,,,普通订单,0.58,0,0,2,0,0,0,0,0,0,0,0,-0.02,0,0,0,0,0,0,是-商品卡免佣,0.15,义乌市黎既电子商务商行（个体工商户）,订单结算
2026-04-22 15:30:11,'2026042215300035279183902131,入账,2.32,聚合账户,货款结算入账,精选联盟,'6952005821060093858,'6952005821060093858,'SS76302627985427008410211,2026-04-11 22:54:30,'3809235146834575749,可爱新春小狗香蕉夹女高马尾扭扭夹红色竖夹高级感2026韩新款发夹,'0,,普通订单,0.58,0,0,2,0,0,0,0,0,0,0,0,-0.13,0,0,0,0,-0.13,0,,0,义乌市黎既电子商务商行（个体工商户）,订单结算
2026-04-22 15:30:11,'2026042215300114893386582131,入账,3.02,聚合账户,货款结算入账,精选联盟,'6952002463702914567,'6952002463702914567,'SS76303725893781427350063,2026-04-12 13:08:39,'3806839693081969009,春夏简约随手盘发高级发夹一字扭扭夹水钻抓夹扭扭后脑勺盘发器,'0,,普通订单,0.36,0,0,3,0,0,0,0,0,0,0,0,-0.17,0,0,0,0,-0.17,0,,0,义乌市黎既电子商务商行（个体工商户）,订单结算
2026-04-22 15:30:11,'2026042215300107699832322131,入账,4.63,聚合账户,货款结算入账,小店自卖,'6952156455112349548,'6952156455112349548,'SS76303624320781522280211,2026-04-17 10:03:02,'3806839693081969009,春夏简约随手盘发高级发夹一字扭扭夹水钻抓夹扭扭后脑勺盘发器,,,普通订单,0.01,0,0,4.65,0,0,0,0,0,0,0,0,-0.03,0,0,0,0,0,0,是-商品卡免佣,0.22,义乌市黎既电子商务商行（个体工商户）,订单结算
2026-04-22 15:30:58,'2026042215304605966279782131,入账,2.67,聚合账户,货款结算入账,小店自卖,'6951972311328036519,'6951972311328036519,'SS76302632098959242430196,2026-04-11 17:23:22,'3784368456477049055,韩国气质碎钻满天星抓夹女后脑勺半扎发鲨鱼夹发量少百搭发卡头饰,,,普通订单,0.01,0,0,2.68,0,0,0,0,0,0,0,0,-0.02,0,0,0,0,0,0,是-商品卡免佣,0.15,义乌市黎既电子商务商行（个体工商户）,订单结算
2026-04-22 15:30:58,'2026042215304818377443942131,入账,3.63,聚合账户,货款结算入账,小店自卖,'6925531491881746076,'6925531491881746076,'SS76303291366361500700043,2026-04-12 11:40:50,'3795705621886664997,韩系可爱小熊格纹发夹女后脑勺马尾竖夹盘发香蕉夹甜美发卡子发饰,,,普通订单,2.65,0,0,1,0,0,0,0,0,0,0,0,-0.02,0,0,0,0,0,0,是-商品卡免佣,0.15,义乌市黎既电子商务商行（个体工商户）,订单结算
2026-04-22 15:30:58,'2026042215304902015933542131,入账,2.67,聚合账户,货款结算入账,小店自卖,'6925538989698677798,'6925538989698677798,'SS76303717635172808080053,2026-04-12 10:06:31,'3784368456477049055,韩国气质碎钻满天星抓夹女后脑勺半扎发鲨鱼夹发量少百搭发卡头饰,,,普通订单,0.01,0,0,2.68,0,0,0,0,0,0,0,0,-0.02,0,0,0,0,0,0,是-商品卡免佣,0.15,义乌市黎既电子商务商行（个体工商户）,订单结算
2026-04-22 15:30:58,'2026042215304736898124902131,入账,3.64,聚合账户,货款结算入账,小店自卖,'6925394157361528625,'6925394157361528625,'SS76302933889148685210142,2026-04-06 20:57:22,'3784368456477049055,韩国气质碎钻满天星抓夹女后脑勺半扎发鲨鱼夹发量少百搭发卡头饰,,,普通订单,0.83,0,0,3,0,0,0,0,0,0,0,0,-0.19,0,0,0,0,0,0,,0,义乌市黎既电子商务商行（个体工商户）,订单结算
2026-04-22 15:30:58,'2026042215304817872000102131,入账,1.95,聚合账户,货款结算入账,小店自卖,'6925514588385738416,'6925514588385738416,'SS76302672160394452480018,2026-04-11 18:57:14,'3806280662462366067,kitty猫~刘海贴精致可爱甜美少女棉花糖猫兔碎发贴魔术贴无痕发饰,,,普通订单,0.01,0,0,1.95,0,0,0,0,0,0,0,0,-0.01,0,0,0,0,0,0,是-商品卡免佣,0.07,义乌市黎既电子商务商行（个体工商户）,订单结算
2026-04-22 15:30:58,'2026042215305020305190672131,入账,10.94,聚合账户,货款结算入账,小店自卖,'6925523500375637755,'6925523500375637755,'SS76302878446779441020226,2026-04-11 23:25:37,'3757678157491208600,夏季简约醋酸发夹边夹侧边碎发刘海夹女2025新款ins前额bb夹头饰,,,普通订单,7.81,0,0,3.2,0,0,0,0,0,0,0,0,-0.07,0,0,0,0,0,0,是-商品卡免佣,0.51,义乌市黎既电子商务商行（个体工商户）,订单结算
2026-04-22 15:30:58,'2026042215304417376714502131,入账,2.43,聚合账户,货款结算入账,精选联盟,'6925534585658113990,'6925534585658113990,'SS76302635809061932020082,2026-04-11 23:56:07,'3784368456477049055,韩国气质碎钻满天星抓夹女后脑勺半扎发鲨鱼夹发量少百搭发卡头饰,'0,,普通订单,0.01,0,0,2.68,0,0,0,0,0,0,0,0,-0.13,0,0,0,0,-0.13,0,,0,义乌市黎既电子商务商行（个体工商户）,订单结算
2026-04-22 15:30:58,'2026042215304626866163702131,入账,3.32,聚合账户,货款结算入账,精选联盟,'6925541460135673149,'6925541460135673149,'SS76303729453738603790149,2026-04-12 13:18:16,'3809235146834575749,可爱新春小狗香蕉夹女高马尾扭扭夹红色竖夹高级感2026韩新款发夹,'0,,普通订单,3.52,0,0,0.18,0,0,0,0,0,0,0,0,-0.19,0,0,0,0,-0.19,0,,0,义乌市黎既电子商务商行（个体工商户）,订单结算
2026-04-22 16:03:28,'2026042216031400218936682131,出账,2,聚合账户,小额打款,,'6952126891030353794,'6952126891030353794,,,,,,,普通订单,0,0,0,0,0,0,0,0,0,0,0,0,0,0,0,0,0,0,0,,0,义乌市黎既电子商务商行（个体工商户）,商家向消费者小额打款-“其他”
2026-04-22 16:03:47,'2026042216033501894321272131,出账,2,聚合账户,小额打款,,'6925706308859952755,'6925706308859952755,,,,,,,普通订单,0,0,0,0,0,0,0,0,0,0,0,0,0,0,0,0,0,0,0,,0,义乌市黎既电子商务商行（个体工商户）,商家向消费者小额打款-“其他”
2026-04-22 16:06:01,'2026042216054829754701182131,出账,2,聚合账户,小额打款,,'6925748509488938701,'6925748509488938701,,,,,,,普通订单,0,0,0,0,0,0,0,0,0,0,0,0,0,0,0,0,0,0,0,,0,义乌市黎既电子商务商行（个体工商户）,商家向消费者小额打款-“其他”
2026-04-22 16:20:47,'2026042216203725852485542131,出账,2,聚合账户,小额打款,,'6925684851265207761,'6925684851265207761,,,,,,,普通订单,0,0,0,0,0,0,0,0,0,0,0,0,0,0,0,0,0,0,0,,0,义乌市黎既电子商务商行（个体工商户）,商家向消费者小额打款-“其他”
2026-04-22 16:22:34,'2026042216222112671066032131,出账,2,聚合账户,小额打款,,'6925674274036743419,'6925674274036743419,,,,,,,普通订单,0,0,0,0,0,0,0,0,0,0,0,0,0,0,0,0,0,0,0,,0,义乌市黎既电子商务商行（个体工商户）,商家向消费者小额打款-“其他”
2026-04-22 16:35:09,'2026042216345904531655942131,出账,2,聚合账户,小额打款,,'6925677639701855540,'6925677639701855540,,,,,,,普通订单,0,0,0,0,0,0,0,0,0,0,0,0,0,0,0,0,0,0,0,,0,义乌市黎既电子商务商行（个体工商户）,商家向消费者小额打款-“其他”
2026-04-22 16:43:48,'2026042216433500848207992131,出账,2,聚合账户,小额打款,,'6925720281432686424,'6925720281432686424,,,,,,,普通订单,0,0,0,0,0,0,0,0,0,0,0,0,0,0,0,0,0,0,0,,0,义乌市黎既电子商务商行（个体工商户）,商家向消费者小额打款-“其他”
2026-04-22 16:54:16,'2026042216540101564186002131,出账,2,聚合账户,小额打款,,'6952178953425327525,'6952178953425327525,,,,,,,普通订单,0,0,0,0,0,0,0,0,0,0,0,0,0,0,0,0,0,0,0,,0,义乌市黎既电子商务商行（个体工商户）,商家向消费者小额打款-“其他”
2026-04-22 17:12:31,'2026042217121631007708702131,出账,2,聚合账户,小额打款,,'6952209791876797647,'6952209791876797647,,,,,,,普通订单,0,0,0,0,0,0,0,0,0,0,0,0,0,0,0,0,0,0,0,,0,义乌市黎既电子商务商行（个体工商户）,商家向消费者小额打款-“其他”
2026-04-22 17:13:35,'2026042217132105012037382131,出账,2,聚合账户,小额打款,,'6925689758578998758,'6925689758578998758,,,,,,,普通订单,0,0,0,0,0,0,0,0,0,0,0,0,0,0,0,0,0,0,0,,0,义乌市黎既电子商务商行（个体工商户）,商家向消费者小额打款-“其他”
2026-04-22 17:23:32,'2026042217232002897354582131,出账,2,聚合账户,小额打款,,'6952191354547213416,'6952191354547213416,,,,,,,普通订单,0,0,0,0,0,0,0,0,0,0,0,0,0,0,0,0,0,0,0,,0,义乌市黎既电子商务商行（个体工商户）,商家向消费者小额打款-“其他”
2026-04-22 17:36:16,'2026042217360202908328962131,出账,2,聚合账户,小额打款,,'6952218075562579709,'6952218075562579709,,,,,,,普通订单,0,0,0,0,0,0,0,0,0,0,0,0,0,0,0,0,0,0,0,,0,义乌市黎既电子商务商行（个体工商户）,商家向消费者小额打款-“其他”
2026-04-22 17:48:20,'2026042217480508027223672131,出账,4700,聚合账户,提现,,,,,,,,,,普通订单,0,0,0,0,0,0,0,0,0,0,0,0,0,0,0,0,0,0,0,,0,义乌市黎既电子商务商行（个体工商户）,提现
2026-04-22 17:55:02,'2026042217544705337953742131,出账,2,聚合账户,小额打款,,'6952220778354054262,'6952220778354054262,,,,,,,普通订单,0,0,0,0,0,0,0,0,0,0,0,0,0,0,0,0,0,0,0,,0,义乌市黎既电子商务商行（个体工商户）,商家向消费者小额打款-“其他”
2026-04-22 17:57:50,'2026042217573801259648342131,出账,2,聚合账户,小额打款,,'6952129175432861593,'6952129175432861593,,,,,,,普通订单,0,0,0,0,0,0,0,0,0,0,0,0,0,0,0,0,0,0,0,,0,义乌市黎既电子商务商行（个体工商户）,商家向消费者小额打款-“其他”
2026-04-22 18:01:09,'2026042218005701769152542131,出账,2,聚合账户,小额打款,,'6925750963406601728,'6925750963406601728,,,,,,,普通订单,0,0,0,0,0,0,0,0,0,0,0,0,0,0,0,0,0,0,0,,0,义乌市黎既电子商务商行（个体工商户）,商家向消费者小额打款-“其他”
2026-04-22 18:12:37,'2026042218122412298982942131,出账,2,聚合账户,小额打款,,'6952172613751477436,'6952172613751477436,,,,,,,普通订单,0,0,0,0,0,0,0,0,0,0,0,0,0,0,0,0,0,0,0,,0,义乌市黎既电子商务商行（个体工商户）,商家向消费者小额打款-“其他”
2026-04-22 18:13:39,'2026042218132602020029942131,出账,2,聚合账户,小额打款,,'6925664128212827742,'6925664128212827742,,,,,,,普通订单,0,0,0,0,0,0,0,0,0,0,0,0,0,0,0,0,0,0,0,,0,义乌市黎既电子商务商行（个体工商户）,商家向消费者小额打款-“其他”
2026-04-22 18:16:37,'2026042218162500378801022131,出账,2,聚合账户,小额打款,,'6952234664541034211,'6952234664541034211,,,,,,,普通订单,0,0,0,0,0,0,0,0,0,0,0,0,0,0,0,0,0,0,0,,0,义乌市黎既电子商务商行（个体工商户）,商家向消费者小额打款-“其他”
2026-04-22 18:17:32,'2026042218172106630282592131,出账,1,聚合账户,小额打款,,'6952198796169582378,'6952198796169582378,,,,,,,普通订单,0,0,0,0,0,0,0,0,0,0,0,0,0,0,0,0,0,0,0,,0,义乌市黎既电子商务商行（个体工商户）,商家向消费者小额打款-“其他”
2026-04-22 18:22:30,'2026042218221802157655132131,出账,2,聚合账户,小额打款,,'6925650530212937401,'6925650530212937401,,,,,,,普通订单,0,0,0,0,0,0,0,0,0,0,0,0,0,0,0,0,0,0,0,,0,义乌市黎既电子商务商行（个体工商户）,商家向消费者小额打款-“其他”
2026-04-22 18:23:26,'2026042218231302567542262131,出账,2,聚合账户,小额打款,,'6952241766748788475,'6952241766748788475,,,,,,,普通订单,0,0,0,0,0,0,0,0,0,0,0,0,0,0,0,0,0,0,0,,0,义乌市黎既电子商务商行（个体工商户）,商家向消费者小额打款-“其他”
2026-04-22 18:33:44,'2026042218333120851963312131,出账,2,聚合账户,小额打款,,'6925730357831892158,'6925730357831892158,,,,,,,普通订单,0,0,0,0,0,0,0,0,0,0,0,0,0,0,0,0,0,0,0,,0,义乌市黎既电子商务商行（个体工商户）,商家向消费者小额打款-“其他”
2026-04-22 18:35:31,'2026042218352032491976092131,出账,2,聚合账户,小额打款,,'6925707299419814994,'6925707299419814994,,,,,,,普通订单,0,0,0,0,0,0,0,0,0,0,0,0,0,0,0,0,0,0,0,,0,义乌市黎既电子商务商行（个体工商户）,商家向消费者小额打款-“其他”
2026-04-22 18:39:00,'2026042218384701850089392131,出账,2,聚合账户,小额打款,,'6925602023737228638,'6925602023737228638,,,,,,,普通订单,0,0,0,0,0,0,0,0,0,0,0,0,0,0,0,0,0,0,0,,0,义乌市黎既电子商务商行（个体工商户）,商家向消费者小额打款-“其他”
2026-04-22 18:40:23,'2026042218401006588997622131,出账,2,聚合账户,小额打款,,'6952160007009408443,'6952160007009408443,,,,,,,普通订单,0,0,0,0,0,0,0,0,0,0,0,0,0,0,0,0,0,0,0,,0,义乌市黎既电子商务商行（个体工商户）,商家向消费者小额打款-“其他”
2026-04-22 18:44:24,'2026042218441004846231312131,出账,2,聚合账户,小额打款,,'6925694833360207111,'6925694833360207111,,,,,,,普通订单,0,0,0,0,0,0,0,0,0,0,0,0,0,0,0,0,0,0,0,,0,义乌市黎既电子商务商行（个体工商户）,商家向消费者小额打款-“其他”
2026-04-22 18:48:17,'2026042218480431395515382131,出账,2,聚合账户,小额打款,,'6925722043782954047,'6925722043782954047,,,,,,,普通订单,0,0,0,0,0,0,0,0,0,0,0,0,0,0,0,0,0,0,0,,0,义乌市黎既电子商务商行（个体工商户）,商家向消费者小额打款-“其他”
2026-04-22 19:10:40,'2026042219102603949693632131,出账,2,聚合账户,小额打款,,'6952171185093022938,'6952171185093022938,,,,,,,普通订单,0,0,0,0,0,0,0,0,0,0,0,0,0,0,0,0,0,0,0,,0,义乌市黎既电子商务商行（个体工商户）,商家向消费者小额打款-“其他”
2026-04-22 19:42:03,'2026042219415135237279262131,出账,2,聚合账户,小额打款,,'6952181774632424958,'6952181774632424958,,,,,,,普通订单,0,0,0,0,0,0,0,0,0,0,0,0,0,0,0,0,0,0,0,,0,义乌市黎既电子商务商行（个体工商户）,商家向消费者小额打款-“其他”
2026-04-22 19:46:48,'2026042219463720048942082131,出账,2,聚合账户,小额打款,,'6952221780670813197,'6952221780670813197,,,,,,,普通订单,0,0,0,0,0,0,0,0,0,0,0,0,0,0,0,0,0,0,0,,0,义乌市黎既电子商务商行（个体工商户）,商家向消费者小额打款-“其他”
2026-04-22 20:05:00,'2026042220044500724836272131,出账,5,聚合账户,消费者赔付,,'6925699127699340575,'6925699127699340575,,,,,,,普通订单,0,0,0,0,0,0,0,0,0,0,0,0,0,0,0,0,0,0,0,,0,义乌市黎既电子商务商行（个体工商户）,因订单存在「非消费者意愿私自召回包裹」问题，对消费者进行赔付
2026-04-22 20:05:00,'2026042220044732322849822131,出账,5,聚合账户,消费者赔付,,'6952179159055210313,'6952179159055210313,,,,,,,普通订单,0,0,0,0,0,0,0,0,0,0,0,0,0,0,0,0,0,0,0,,0,义乌市黎既电子商务商行（个体工商户）,因订单存在「非消费者意愿私自召回包裹」问题，对消费者进行赔付
2026-04-22 20:05:35,'2026042220052721567081232131,出账,5,聚合账户,消费者赔付,,'6952189285347956195,'6952189285347956195,,,,,,,普通订单,0,0,0,0,0,0,0,0,0,0,0,0,0,0,0,0,0,0,0,,0,义乌市黎既电子商务商行（个体工商户）,因订单存在「揽收后48小时无分拨记录」问题，对消费者进行赔付
2026-04-22 20:05:38,'2026042220052934584663552131,出账,5,聚合账户,消费者赔付,,'6925719019810618669,'6925719019810618669,,,,,,,普通订单,0,0,0,0,0,0,0,0,0,0,0,0,0,0,0,0,0,0,0,,0,义乌市黎既电子商务商行（个体工商户）,因订单存在「揽收后48小时无分拨记录」问题，对消费者进行赔付
2026-04-22 20:05:38,'2026042220053204028828502131,出账,5,聚合账户,消费者赔付,,'6925722982089457149,'6925722982089457149,,,,,,,普通订单,0,0,0,0,0,0,0,0,0,0,0,0,0,0,0,0,0,0,0,,0,义乌市黎既电子商务商行（个体工商户）,因订单存在「揽收后48小时无分拨记录」问题，对消费者进行赔付
2026-04-22 20:05:39,'2026042220052735032929382131,出账,5,聚合账户,消费者赔付,,'6925713249465826342,'6925713249465826342,,,,,,,普通订单,0,0,0,0,0,0,0,0,0,0,0,0,0,0,0,0,0,0,0,,0,义乌市黎既电子商务商行（个体工商户）,因订单存在「揽收后48小时无分拨记录」问题，对消费者进行赔付
2026-04-22 20:05:41,'2026042220053418861100042131,出账,5,聚合账户,消费者赔付,,'6925729508173446685,'6925729508173446685,,,,,,,普通订单,0,0,0,0,0,0,0,0,0,0,0,0,0,0,0,0,0,0,0,,0,义乌市黎既电子商务商行（个体工商户）,因订单存在「揽收后48小时无分拨记录」问题，对消费者进行赔付
2026-04-22 20:05:41,'2026042220053218680547842131,出账,5,聚合账户,消费者赔付,,'6952191158523270906,'6952191158523270906,,,,,,,普通订单,0,0,0,0,0,0,0,0,0,0,0,0,0,0,0,0,0,0,0,,0,义乌市黎既电子商务商行（个体工商户）,因订单存在「揽收后48小时无分拨记录」问题，对消费者进行赔付
2026-04-22 20:05:44,'2026042220053631088806762131,出账,5,聚合账户,消费者赔付,,'6925710517412986796,'6925710517412986796,,,,,,,普通订单,0,0,0,0,0,0,0,0,0,0,0,0,0,0,0,0,0,0,0,,0,义乌市黎既电子商务商行（个体工商户）,因订单存在「揽收后48小时无分拨记录」问题，对消费者进行赔付
2026-04-22 20:05:45,'2026042220053707642319712131,出账,5,聚合账户,消费者赔付,,'6952186819737294462,'6952186819737294462,,,,,,,普通订单,0,0,0,0,0,0,0,0,0,0,0,0,0,0,0,0,0,0,0,,0,义乌市黎既电子商务商行（个体工商户）,因订单存在「揽收后48小时无分拨记录」问题，对消费者进行赔付
2026-04-22 20:05:45,'2026042220053736204549642131,出账,5,聚合账户,消费者赔付,,'6952205534616819182,'6952205534616819182,,,,,,,普通订单,0,0,0,0,0,0,0,0,0,0,0,0,0,0,0,0,0,0,0,,0,义乌市黎既电子商务商行（个体工商户）,因订单存在「揽收后48小时无分拨记录」问题，对消费者进行赔付
2026-04-22 20:05:46,'2026042220053701861066782131,出账,5,聚合账户,消费者赔付,,'6925715395068329302,'6925715395068329302,,,,,,,普通订单,0,0,0,0,0,0,0,0,0,0,0,0,0,0,0,0,0,0,0,,0,义乌市黎既电子商务商行（个体工商户）,因订单存在「揽收后48小时无分拨记录」问题，对消费者进行赔付
2026-04-22 20:05:48,'2026042220054028237007422131,出账,5,聚合账户,消费者赔付,,'6925719609365003671,'6925719609365003671,,,,,,,普通订单,0,0,0,0,0,0,0,0,0,0,0,0,0,0,0,0,0,0,0,,0,义乌市黎既电子商务商行（个体工商户）,因订单存在「揽收后48小时无分拨记录」问题，对消费者进行赔付
2026-04-22 20:15:12,'2026042220150231671096722131,出账,1,聚合账户,小额打款,,'6952191010806371424,'6952191010806371424,,,,,,,普通订单,0,0,0,0,0,0,0,0,0,0,0,0,0,0,0,0,0,0,0,,0,义乌市黎既电子商务商行（个体工商户）,商家向消费者小额打款-“其他”
2026-04-22 20:15:27,'2026042220151617532564822131,出账,2,聚合账户,小额打款,,'6925635621343559234,'6925635621343559234,,,,,,,普通订单,0,0,0,0,0,0,0,0,0,0,0,0,0,0,0,0,0,0,0,,0,义乌市黎既电子商务商行（个体工商户）,商家向消费者小额打款-“其他”
2026-04-22 20:17:10,'2026042220165922700406302131,出账,2,聚合账户,小额打款,,'6952162184147571840,'6952162184147571840,,,,,,,普通订单,0,0,0,0,0,0,0,0,0,0,0,0,0,0,0,0,0,0,0,,0,义乌市黎既电子商务商行（个体工商户）,商家向消费者小额打款-“其他”
2026-04-22 20:18:35,'2026042220182039314066272131,出账,1,聚合账户,小额打款,,'6952191010806371424,'6952191010806371424,,,,,,,普通订单,0,0,0,0,0,0,0,0,0,0,0,0,0,0,0,0,0,0,0,,0,义乌市黎既电子商务商行（个体工商户）,商家向消费者小额打款-“其他”
2026-04-22 20:22:05,'2026042220215029117816722131,出账,2,聚合账户,小额打款,,'6925669568677445231,'6925669568677445231,,,,,,,普通订单,0,0,0,0,0,0,0,0,0,0,0,0,0,0,0,0,0,0,0,,0,义乌市黎既电子商务商行（个体工商户）,商家向消费者小额打款-“其他”
2026-04-22 20:25:49,'2026042220253601068569662131,出账,2,聚合账户,小额打款,,'6952248877248288469,'6952248877248288469,,,,,,,普通订单,0,0,0,0,0,0,0,0,0,0,0,0,0,0,0,0,0,0,0,,0,义乌市黎既电子商务商行（个体工商户）,商家向消费者小额打款-“其他”
2026-04-22 20:39:34,'2026042220392411662794872131,出账,2,聚合账户,小额打款,,'6925720253210459609,'6925720253210459609,,,,,,,普通订单,0,0,0,0,0,0,0,0,0,0,0,0,0,0,0,0,0,0,0,,0,义乌市黎既电子商务商行（个体工商户）,商家向消费者小额打款-“其他”
2026-04-22 20:44:38,'2026042220442405899067302131,出账,2,聚合账户,小额打款,,'6925708520843607629,'6925708520843607629,,,,,,,普通订单,0,0,0,0,0,0,0,0,0,0,0,0,0,0,0,0,0,0,0,,0,义乌市黎既电子商务商行（个体工商户）,商家向消费者小额打款-“其他”
2026-04-22 20:51:47,'2026042220513201814699712131,出账,2,聚合账户,小额打款,,'6952211088131037013,'6952211088131037013,,,,,,,普通订单,0,0,0,0,0,0,0,0,0,0,0,0,0,0,0,0,0,0,0,,0,义乌市黎既电子商务商行（个体工商户）,商家向消费者小额打款-“其他”
2026-04-22 20:52:00,'2026042220514711204534162131,出账,1,聚合账户,小额打款,,'6952166278707025465,'6952166278707025465,,,,,,,普通订单,0,0,0,0,0,0,0,0,0,0,0,0,0,0,0,0,0,0,0,,0,义乌市黎既电子商务商行（个体工商户）,商家向消费者小额打款-“其他”
2026-04-22 20:55:04,'2026042220545309244390862131,出账,3.77,聚合账户,退款-结算后退款-退用户,小店自卖,'6951922683139856270,'6951922683139856270,'147454281108906724,2026-04-09 18:44:25,'3746150076641313252,网红简约ins纯色宽边发带高颅顶白色发箍女运动健身夏季头饰发饰,,,普通订单,0,0,0,0,0,0,0,0,0,0,0,-3.77,0,0,0,0,0,0,0,,0,义乌市黎既电子商务商行（个体工商户）,已退款
2026-04-22 20:55:04,'2026042220545105792243292131,入账,0.02,聚合账户,退款-订单退款触发-退分账,小店自卖,'6951922683139856270,'6951922683139856270,'147454281108906724,2026-04-09 18:44:25,'3746150076641313252,网红简约ins纯色宽边发带高颅顶白色发箍女运动健身夏季头饰发饰,,,普通订单,0,0,0,0,0,0,0,0,0,0,0,0,0.02,0,0,0,0,0,0,,0,义乌市黎既电子商务商行（个体工商户）,服务费返还
2026-04-22 20:55:31,'2026042220551933136315382131,出账,2,聚合账户,小额打款,,'6952156953532044886,'6952156953532044886,,,,,,,普通订单,0,0,0,0,0,0,0,0,0,0,0,0,0,0,0,0,0,0,0,,0,义乌市黎既电子商务商行（个体工商户）,商家向消费者小额打款-“其他”
2026-04-22 21:04:59,'2026042221044400096013322131,出账,2,聚合账户,小额打款,,'6925378907984067849,'6925378907984067849,,,,,,,普通订单,0,0,0,0,0,0,0,0,0,0,0,0,0,0,0,0,0,0,0,,0,义乌市黎既电子商务商行（个体工商户）,商家向消费者小额打款-“其他”
2026-04-22 21:20:36,'2026042221202301007787882131,出账,2,聚合账户,小额打款,,'6925651071906447102,'6925651071906447102,,,,,,,普通订单,0,0,0,0,0,0,0,0,0,0,0,0,0,0,0,0,0,0,0,,0,义乌市黎既电子商务商行（个体工商户）,商家向消费者小额打款-“其他”
2026-04-22 21:27:18,'2026042221270721394109862131,出账,2,聚合账户,小额打款,,'6952007432885048535,'6952007432885048535,,,,,,,普通订单,0,0,0,0,0,0,0,0,0,0,0,0,0,0,0,0,0,0,0,,0,义乌市黎既电子商务商行（个体工商户）,商家向消费者小额打款-“其他”
2026-04-22 21:30:26,'2026042221301423581988262131,出账,2,聚合账户,小额打款,,'6952150627936703891,'6952150627936703891,,,,,,,普通订单,0,0,0,0,0,0,0,0,0,0,0,0,0,0,0,0,0,0,0,,0,义乌市黎既电子商务商行（个体工商户）,商家向消费者小额打款-“其他”
2026-04-22 21:34:21,'2026042221340741661732362131,出账,2,聚合账户,小额打款,,'6952216214436320954,'6952216214436320954,,,,,,,普通订单,0,0,0,0,0,0,0,0,0,0,0,0,0,0,0,0,0,0,0,,0,义乌市黎既电子商务商行（个体工商户）,商家向消费者小额打款-“其他”
2026-04-22 21:58:50,'2026042221584122356014462131,出账,2,聚合账户,小额打款,,'6925506543910027099,'6925506543910027099,,,,,,,普通订单,0,0,0,0,0,0,0,0,0,0,0,0,0,0,0,0,0,0,0,,0,义乌市黎既电子商务商行（个体工商户）,商家向消费者小额打款-“其他”
2026-04-22 23:24:40,'2026042223242503704428152131,入账,0.01,聚合账户,退款-订单退款触发-退分账,小店自卖,'6952006452876809384,'6952006452876809384,'147454431313558656,2026-04-12 10:56:51,'3796640026289373330,蝴蝶结鸭嘴夹小香风毛呢爆款发夹后脑勺气质洋气盘发一字夹子,,,普通订单,0,0,0,0,0,0,0,0,0,0,0,0,0.01,0,0,0,0,0,0,,0,义乌市黎既电子商务商行（个体工商户）,服务费返还
2026-04-22 23:24:40,'2026042223242725423552192131,出账,2,聚合账户,退款-结算后退款-退用户,小店自卖,'6952006452876809384,'6952006452876809384,'147454431313558656,2026-04-12 10:56:51,'3796640026289373330,蝴蝶结鸭嘴夹小香风毛呢爆款发夹后脑勺气质洋气盘发一字夹子,,,普通订单,0,0,0,0,0,0,0,0,0,0,0,-2,0,0,0,0,0,0,0,,0,义乌市黎既电子商务商行（个体工商户）,已退款
2026-04-22 23:46:23,'2026042223460804252475242131,出账,2,聚合账户,小额打款,,'6925306846694374745,'6925306846694374745,,,,,,,普通订单,0,0,0,0,0,0,0,0,0,0,0,0,0,0,0,0,0,0,0,,0,义乌市黎既电子商务商行（个体工商户）,商家向消费者小额打款-“其他”
2026-04-22 23:57:47,'2026042223573300233638862131,出账,2,聚合账户,小额打款,,'6925700598878665763,'6925700598878665763,,,,,,,普通订单,0,0,0,0,0,0,0,0,0,0,0,0,0,0,0,0,0,0,0,,0,义乌市黎既电子商务商行（个体工商户）,商家向消费者小额打款-“其他”
