动账时间,动帐流水号,动账方向,动账金额,动账账户,动账场景,计费类型,子订单号,订单号,售后编号,下单时间,商品ID,商品名称,达人ID,达人名称,订单类型,订单实付应结,运费实付,实际平台补贴_运费,实际平台补贴,其他平台补贴,以旧换新抵扣,政府补贴平台垫资,实际达人补贴,实际抖音支付补贴,实际抖音月付营销补贴,银行补贴,订单退款,平台服务费,佣金,服务商佣金,渠道分成,招商服务费,站外推广费,其他分成,是否免佣,免佣金额,商户主体名称,备注
2026-04-22 01:08:21,'2026042201081719002657280793,入账,2.69,聚合账户,货款结算入账,小店自卖,'6952011362312198118,'6952011362312198118,'SS76303749633882033180085,2026-04-12 13:44:27,'3808826072573804729,迷你小号无痕鸭嘴夹抓夹小夹子精致蝴蝶结碎发夹刘海夹高级感发卡,,,普通订单,2.83,0,0,0,0,0,0,0,0,0,0,0,-0.14,0,0,0,0,0,0,,0,义乌市於郝电子商务商行（个体工商户）,订单结算
2026-04-22 01:08:21,'2026042201081619510400000793,入账,3.15,聚合账户,货款结算入账,小店自卖,'6952017729788319578,'6952017729788319578,'SS76303732031230612940087,2026-04-12 13:56:00,'3808518913650721160,新款高级牡丹花流苏抓夹毛毛发夹后脑勺显发量大号鲨鱼头饰发夹,,,普通订单,3.32,0,0,0,0,0,0,0,0,0,0,0,-0.17,0,0,0,0,0,0,否,0,义乌市於郝电子商务商行（个体工商户）,订单结算
2026-04-22 01:08:21,'2026042201081802399483030793,入账,5.68,聚合账户,货款结算入账,小店自卖,'6925529328096739204,'6925529328096739204,'SS76303890853243292660120,2026-04-12 12:41:45,'3811282248515322341,可爱小黄鸡小猪发圈学生风萌系扎发神器黑色发绳扎头发皮筋卖头饰,,,普通订单,5.98,0,0,0,0,0,0,0,0,0,0,0,-0.3,0,0,0,0,0,0,否,0,义乌市於郝电子商务商行（个体工商户）,订单结算
2026-04-22 01:08:21,'2026042201081700737774420793,入账,3.96,聚合账户,货款结算入账,小店自卖,'6925539199876693657,'6925539199876693657,'SS76303709174489260030163,2026-04-12 11:54:18,'3808856107288494367,复古豹纹褶皱中号香蕉夹高级感马尾扭扭夹后脑勺韩系显发量发卡,,,普通订单,4.17,0,0,0,0,0,0,0,0,0,0,0,-0.21,0,0,0,0,0,0,否,0,义乌市於郝电子商务商行（个体工商户）,订单结算
2026-04-22 01:08:21,'2026042201081637004418710793,入账,1.61,聚合账户,货款结算入账,小店自卖,'6951959601537291499,'6951959601537291499,'SS76302724780414285200227,2026-04-10 18:57:47,'3808855327718375885,复古豹纹褶皱中号香蕉夹高级感马尾扭扭夹后脑勺韩系显发量发卡,,,普通订单,1.69,0,0,0,0,0,0,0,0,0,0,0,-0.08,0,0,0,0,0,0,,0,义乌市於郝电子商务商行（个体工商户）,订单结算
2026-04-22 01:08:23,'2026042201081836368059030793,入账,3.19,聚合账户,货款结算入账,小店自卖,'6952004549999662760,'6952004549999662760,'SS76303741430669975040194,2026-04-12 13:49:59,'3808855327718375885,复古豹纹褶皱中号香蕉夹高级感马尾扭扭夹后脑勺韩系显发量发卡,,,普通订单,3.36,0,0,0,0,0,0,0,0,0,0,0,-0.17,0,0,0,0,0,0,否,0,义乌市於郝电子商务商行（个体工商户）,订单结算
2026-04-22 01:08:23,'2026042201081733354880520793,入账,4.62,聚合账户,货款结算入账,小店自卖,'6952068474148755330,'6952068474148755330,'SS76301315395268326660230,2026-04-14 21:13:16,'3808518913650721160,新款高级牡丹花流苏抓夹毛毛发夹后脑勺显发量大号鲨鱼头饰发夹,,,普通订单,4.86,0,0,0,0,0,0,0,0,0,0,0,-0.24,0,0,0,0,0,0,,0,义乌市於郝电子商务商行（个体工商户）,订单结算
2026-04-22 01:08:23,'2026042201081835280489310793,入账,5.29,聚合账户,货款结算入账,巨量千川,'6951976677723018793,'6951976677723018793,'SS76303120476748887310249,2026-04-11 17:45:28,'3808522822146457689,夏天简约随手盘发一字夹扭扭夹水钻抓夹高级发夹扭扭后脑勺盘发器,,,普通订单,5.57,0,0,0,0,0,0,0,0,0,0,0,-0.28,0,0,0,0,0,0,否,0,义乌市於郝电子商务商行（个体工商户）,订单结算
2026-04-22 01:08:23,'2026042201081817953431560793,入账,1.76,聚合账户,货款结算入账,小店自卖,'6951988448961435142,'6951988448961435142,'SS76289398444418993040202,2026-04-12 03:21:26,'3808831800021745920,2026新款韩系波点发圈复古蝴蝶结头花大肠发圈丸子头发饰马尾发绳,,,普通订单,3.85,0,0,0,0,0,0,0,0,0,0,-2,-0.09,0,0,0,0,0,0,否,0,义乌市於郝电子商务商行（个体工商户）,订单结算
2026-04-22 01:08:23,'2026042201081631194650060793,入账,2.75,聚合账户,货款结算入账,小店自卖,'6925546644168277723,'6925546644168277723,'SS76302917846314563100144,2026-04-12 20:43:35,'3810361299943162114,虞书欣同款金属发扣女水钻圆圈刘海发夹高级感侧边发扣夹边夹头饰,,,普通订单,2.89,0,0,0,0,0,0,0,0,0,0,0,-0.14,0,0,0,0,0,0,否,0,义乌市於郝电子商务商行（个体工商户）,订单结算
2026-04-22 01:08:32,'2026042201082716408458390793,入账,2.41,聚合账户,货款结算入账,小店自卖,'6952004663227455258,'6952004663227455258,'SS76303716262824681360234,2026-04-12 14:23:56,'3811282248515322341,可爱小黄鸡小猪发圈学生风萌系扎发神器黑色发绳扎头发皮筋卖头饰,,,普通订单,2.54,0,0,0,0,0,0,0,0,0,0,0,-0.13,0,0,0,0,0,0,否,0,义乌市於郝电子商务商行（个体工商户）,订单结算
2026-04-22 01:08:32,'2026042201082831500211540793,入账,1.89,聚合账户,货款结算入账,小店自卖,'6951999415134197135,'6951999415134197135,'SS76302629023732206340100,2026-04-12 07:59:15,'3808855327718375885,复古豹纹褶皱中号香蕉夹高级感马尾扭扭夹后脑勺韩系显发量发卡,,,普通订单,1.99,0,0,0,0,0,0,0,0,0,0,0,-0.1,0,0,0,0,0,0,否,0,义乌市於郝电子商务商行（个体工商户）,订单结算
2026-04-22 01:08:32,'2026042201082613474043280793,入账,1.89,聚合账户,货款结算入账,小店自卖,'6952079662354994966,'6952079662354994966,'SS76303272172598891670114,2026-04-15 00:17:10,'3808855327718375885,复古豹纹褶皱中号香蕉夹高级感马尾扭扭夹后脑勺韩系显发量发卡,,,普通订单,1.99,0,0,0,0,0,0,0,0,0,0,0,-0.1,0,0,0,0,0,0,否,0,义乌市於郝电子商务商行（个体工商户）,订单结算
2026-04-22 01:08:32,'2026042201082724958448980793,入账,3.29,聚合账户,货款结算入账,小店自卖,'6925524354698673647,'6925524354698673647,'SS76303709203639711100156,2026-04-12 11:44:20,'3808855327718375885,复古豹纹褶皱中号香蕉夹高级感马尾扭扭夹后脑勺韩系显发量发卡,,,普通订单,3.46,0,0,0,0,0,0,0,0,0,0,0,-0.17,0,0,0,0,0,0,否,0,义乌市於郝电子商务商行（个体工商户）,订单结算
2026-04-22 01:08:32,'2026042201082726933988360793,入账,2.77,聚合账户,货款结算入账,小店自卖,'6925512814068268072,'6925512814068268072,'SS76302661777184529980195,2026-04-11 20:38:08,'3808518913650721160,新款高级牡丹花流苏抓夹毛毛发夹后脑勺显发量大号鲨鱼头饰发夹,,,普通订单,2.92,0,0,0,0,0,0,0,0,0,0,0,-0.15,0,0,0,0,0,0,否,0,义乌市於郝电子商务商行（个体工商户）,订单结算
2026-04-22 01:08:35,'2026042201083036167519070793,入账,1.89,聚合账户,货款结算入账,小店自卖,'6951990870797260234,'6951990870797260234,'SS76303711594020703230201,2026-04-12 09:52:00,'3808855327718375885,复古豹纹褶皱中号香蕉夹高级感马尾扭扭夹后脑勺韩系显发量发卡,,,普通订单,1.99,0,0,0,0,0,0,0,0,0,0,0,-0.1,0,0,0,0,0,0,否,0,义乌市於郝电子商务商行（个体工商户）,订单结算
2026-04-22 01:08:35,'2026042201083116610800980793,入账,9.93,聚合账户,货款结算入账,小店自卖,'6952122358532478906,'6952122358532478906,'SS76303062918326198280100,2026-04-16 15:52:19,'3809273979772993843,新中式咖色碎花四层大肠发圈头花女慵懒风扎头发大号复古发饰头绳,,,普通订单,10.45,0,0,0,0,0,0,0,0,0,0,0,-0.52,0,0,0,0,0,0,否,0,义乌市於郝电子商务商行（个体工商户）,订单结算
2026-04-22 01:08:35,'2026042201083023284785040793,入账,1.89,聚合账户,货款结算入账,小店自卖,'6952019840253826534,'6952019840253826534,'SS76303702021564505660019,2026-04-12 10:27:50,'3808855327718375885,复古豹纹褶皱中号香蕉夹高级感马尾扭扭夹后脑勺韩系显发量发卡,,,普通订单,1.99,0,0,0,0,0,0,0,0,0,0,0,-0.1,0,0,0,0,0,0,否,0,义乌市於郝电子商务商行（个体工商户）,订单结算
2026-04-22 01:08:35,'2026042201083000113423880793,入账,5.28,聚合账户,货款结算入账,小店自卖,'6951974492398687731,'6951974492398687731,'SS76303261597750397820136,2026-04-11 16:33:36,'3811651203201368491,2026新款丸子头高级感马尾气质花朵抓夹温柔气质百搭网纱简约优雅,,,普通订单,5.56,0,0,0,0,0,0,0,0,0,0,0,-0.28,0,0,0,0,0,0,否,0,义乌市於郝电子商务商行（个体工商户）,订单结算
2026-04-22 01:08:35,'2026042201083004157609480793,入账,4.77,聚合账户,货款结算入账,小店自卖,'6951998722841056694,'6951998722841056694,'SS76302691031666854810222,2026-04-11 20:00:00,'3808826072573804729,迷你小号无痕鸭嘴夹抓夹小夹子精致蝴蝶结碎发夹刘海夹高级感发卡,,,普通订单,5.02,0,0,0,0,0,0,0,0,0,0,0,-0.25,0,0,0,0,0,0,否,0,义乌市於郝电子商务商行（个体工商户）,订单结算
2026-04-22 01:08:47,'2026042201084330346941530793,入账,3.19,聚合账户,货款结算入账,小店自卖,'6925521331842809591,'6925521331842809591,'SS76302640097025892220027,2026-04-11 22:39:56,'3808855327718375885,复古豹纹褶皱中号香蕉夹高级感马尾扭扭夹后脑勺韩系显发量发卡,,,普通订单,3.36,0,0,0,0,0,0,0,0,0,0,0,-0.17,0,0,0,0,0,0,否,0,义乌市於郝电子商务商行（个体工商户）,订单结算
2026-04-22 01:08:47,'2026042201084216707750740793,入账,2.77,聚合账户,货款结算入账,小店自卖,'6925388820713013099,'6925388820713013099,'SS76302945038194775470099,2026-04-06 14:54:02,'3808518913650721160,新款高级牡丹花流苏抓夹毛毛发夹后脑勺显发量大号鲨鱼头饰发夹,,,普通订单,2.92,0,0,0,0,0,0,0,0,0,0,0,-0.15,0,0,0,0,0,0,否,0,义乌市於郝电子商务商行（个体工商户）,订单结算
2026-04-22 01:08:47,'2026042201084132815191380793,入账,3.13,聚合账户,货款结算入账,小店自卖,'6952013490750624968,'6952013490750624968,'SS76303716175977395600233,2026-04-12 14:40:05,'3810163319155851664,可爱小黄鸡发绳闺蜜同款少女心爆棚萌系扎发神器皮筋卖萌头饰学生,,,普通订单,3.3,0,0,0,0,0,0,0,0,0,0,0,-0.17,0,0,0,0,0,0,否,0,义乌市於郝电子商务商行（个体工商户）,订单结算
2026-04-22 01:08:47,'2026042201084238465047040793,入账,4.94,聚合账户,货款结算入账,小店自卖,'6925527775394889503,'6925527775394889503,'SS76302879916308564940205,2026-04-11 21:14:13,'3811282248515322341,可爱小黄鸡小猪发圈学生风萌系扎发神器黑色发绳扎头发皮筋卖头饰,,,普通订单,5.2,0,0,0,0,0,0,0,0,0,0,0,-0.26,0,0,0,0,0,0,否,0,义乌市於郝电子商务商行（个体工商户）,订单结算
2026-04-22 01:08:47,'2026042201084117668511060793,入账,1.89,聚合账户,货款结算入账,小店自卖,'6952002024775816475,'6952002024775816475,'SS76304101783496625050147,2026-04-12 08:26:11,'3808855327718375885,复古豹纹褶皱中号香蕉夹高级感马尾扭扭夹后脑勺韩系显发量发卡,,,普通订单,1.99,0,0,0,0,0,0,0,0,0,0,0,-0.1,0,0,0,0,0,0,否,0,义乌市於郝电子商务商行（个体工商户）,订单结算
2026-04-22 01:08:47,'2026042201084038518622990793,入账,1.89,聚合账户,货款结算入账,小店自卖,'6925539208087371174,'6925539208087371174,'SS76302841617746987930060,2026-04-12 11:58:41,'3808855327718375885,复古豹纹褶皱中号香蕉夹高级感马尾扭扭夹后脑勺韩系显发量发卡,,,普通订单,1.99,0,0,0,0,0,0,0,0,0,0,0,-0.1,0,0,0,0,0,0,否,0,义乌市於郝电子商务商行（个体工商户）,订单结算
2026-04-22 01:08:47,'2026042201084240615939080793,入账,5.68,聚合账户,货款结算入账,小店自卖,'6952142650070930567,'6952142650070930567,'SS76303755055076193550137,2026-04-17 04:02:34,'3811282248515322341,可爱小黄鸡小猪发圈学生风萌系扎发神器黑色发绳扎头发皮筋卖头饰,,,普通订单,5.98,0,0,0,0,0,0,0,0,0,0,0,-0.3,0,0,0,0,0,0,否,0,义乌市於郝电子商务商行（个体工商户）,订单结算
2026-04-22 01:08:47,'2026042201084233388961630793,入账,3.32,聚合账户,货款结算入账,小店自卖,'6952004657333802896,'6952004657333802896,'SS76303733576697656680100,2026-04-12 14:27:45,'3808518913650721160,新款高级牡丹花流苏抓夹毛毛发夹后脑勺显发量大号鲨鱼头饰发夹,,,普通订单,3.5,0,0,0,0,0,0,0,0,0,0,0,-0.18,0,0,0,0,0,0,否,0,义乌市於郝电子商务商行（个体工商户）,订单结算
2026-04-22 01:08:47,'2026042201084328408225280793,入账,6.31,聚合账户,货款结算入账,小店自卖,'6925503282855902913,'6925503282855902913,'SS76302657552739579240218,2026-04-11 12:59:24,'3808518913650721160,新款高级牡丹花流苏抓夹毛毛发夹后脑勺显发量大号鲨鱼头饰发夹,,,普通订单,6.64,0,0,0,0,0,0,0,0,0,0,0,-0.33,0,0,0,0,0,0,否,0,义乌市於郝电子商务商行（个体工商户）,订单结算
2026-04-22 01:08:47,'2026042201084225173204830793,入账,2.84,聚合账户,货款结算入账,小店自卖,'6925518659612343891,'6925518659612343891,'SS76302631613585659070242,2026-04-11 20:34:26,'3808855327718375885,复古豹纹褶皱中号香蕉夹高级感马尾扭扭夹后脑勺韩系显发量发卡,,,普通订单,2.99,1,0,0,0,0,0,0,0,0,0,0,-0.15,0,0,0,0,0,0,否,0,义乌市於郝电子商务商行（个体工商户）,订单结算
2026-04-22 01:08:58,'2026042201085333728312680793,入账,4.62,聚合账户,货款结算入账,小店自卖,'6952005979206522832,'6952005979206522832,'SS76302678301052936080227,2026-04-12 00:11:55,'3809438133272051839,韩版新款格纹蝴蝶结香蕉夹复古少女中号马尾夹百搭扭扭发卡抓夹,,,普通订单,4.86,0,0,0,0,0,0,0,0,0,0,0,-0.24,0,0,0,0,0,0,否,0,义乌市於郝电子商务商行（个体工商户）,订单结算
2026-04-22 01:08:58,'2026042201085502398784000793,入账,4.27,聚合账户,货款结算入账,小店自卖,'6925527135129861996,'6925527135129861996,'SS76302658867414801980067,2026-04-11 16:00:27,'3809812909954040001,羽毛珠珠流苏花朵发夹蓬松牡丹花抓夹显发量鲨鱼夹子气质头花发饰,,,普通订单,4.49,0,0,0,0,0,0,0,0,0,0,0,-0.22,0,0,0,0,0,0,否,0,义乌市於郝电子商务商行（个体工商户）,订单结算
2026-04-22 01:08:59,'2026042201085412925340500793,入账,5.51,聚合账户,货款结算入账,小店自卖,'6925526326978445032,'6925526326978445032,'SS76303732538399954010075,2026-04-12 08:21:03,'3812210500259938495,可爱蝴蝶结小猫无痕刘海贴魔术贴发饰少女前额侧边碎发贴整理神器,,,普通订单,5.8,0,0,0,0,0,0,0,0,0,0,0,-0.29,0,0,0,0,0,0,否,0,义乌市於郝电子商务商行（个体工商户）,订单结算
2026-04-22 01:08:59,'2026042201085339265242020793,入账,3.19,聚合账户,货款结算入账,小店自卖,'6952038355200382748,'6952038355200382748,'SS76303648660667440640235,2026-04-14 09:23:45,'3808855327718375885,复古豹纹褶皱中号香蕉夹高级感马尾扭扭夹后脑勺韩系显发量发卡,,,普通订单,3.36,0,0,0,0,0,0,0,0,0,0,0,-0.17,0,0,0,0,0,0,,0,义乌市於郝电子商务商行（个体工商户）,订单结算
2026-04-22 01:08:59,'2026042201085236794698580793,入账,3.44,聚合账户,货款结算入账,小店自卖,'6925510483625999511,'6925510483625999511,'SS76304128839750005950045,2026-04-11 20:57:04,'3809214874429555055,【LOVEIXCC】新款法式网红发箍发卡宽边复古秋冬头饰百搭高级盘发器,,,普通订单,3.62,0,0,0,0,0,0,0,0,0,0,0,-0.18,0,0,0,0,0,0,,0,义乌市於郝电子商务商行（个体工商户）,订单结算
2026-04-22 01:09:02,'2026042201085706223672740793,入账,3.69,聚合账户,货款结算入账,小店自卖,'6952089766919017855,'6952089766918755711,'SS76304042206226847180098,2026-04-15 15:46:14,'3814403008167543125,新款ins韩系大肠发圈碎花森系甜美扎丸子头发绳小清新扎马尾头绳,,,普通订单,3.88,0,0,0,0,0,0,0,0,0,0,0,-0.19,0,0,0,0,0,0,否,0,义乌市於郝电子商务商行（个体工商户）,订单结算
2026-04-22 01:09:02,'2026042201085812125804150793,入账,3.31,聚合账户,货款结算入账,小店自卖,'6951979195570132357,'6951979195570132357,'SS76302879281330096910063,2026-04-11 17:58:14,'3809979415216128130,可爱小黄鸡发圈萌系扎发神器黑色发绳扎头发皮筋儿童卡子卖萌头饰,,,普通订单,3.48,0,0,0,0,0,0,0,0,0,0,0,-0.17,0,0,0,0,0,0,否,0,义乌市於郝电子商务商行（个体工商户）,订单结算
2026-04-22 01:09:02,'2026042201085640028288430793,入账,3.19,聚合账户,货款结算入账,小店自卖,'6951995826993370590,'6951995826993370590,'SS76303741305464919300104,2026-04-12 12:09:29,'3808855327718375885,复古豹纹褶皱中号香蕉夹高级感马尾扭扭夹后脑勺韩系显发量发卡,,,普通订单,3.36,0,0,0,0,0,0,0,0,0,0,0,-0.17,0,0,0,0,0,0,否,0,义乌市於郝电子商务商行（个体工商户）,订单结算
2026-04-22 01:09:02,'2026042201085716205094760793,入账,1.89,聚合账户,货款结算入账,小店自卖,'6951996305633580949,'6951996305633580949,'SS76302619494656906640233,2026-04-11 18:16:21,'3808855327718375885,复古豹纹褶皱中号香蕉夹高级感马尾扭扭夹后脑勺韩系显发量发卡,,,普通订单,1.99,0,0,0,0,0,0,0,0,0,0,0,-0.1,0,0,0,0,0,0,否,0,义乌市於郝电子商务商行（个体工商户）,订单结算
2026-04-22 01:09:02,'2026042201085702446134180793,入账,4.77,聚合账户,货款结算入账,小店自卖,'6952172845881169030,'6952172845881169030,'SS76303918180114601110045,2026-04-19 12:15:29,'3808826072573804729,迷你小号无痕鸭嘴夹抓夹小夹子精致蝴蝶结碎发夹刘海夹高级感发卡,,,普通订单,5.02,0,0,0,0,0,0,0,0,0,0,0,-0.25,0,0,0,0,0,0,否,0,义乌市於郝电子商务商行（个体工商户）,订单结算
2026-04-22 01:09:12,'2026042201090727363128380793,入账,3.89,聚合账户,货款结算入账,巨量千川,'6951981176862086664,'6951981176862086664,'SS76302635090327637020008,2026-04-11 20:45:03,'3808855327718375885,复古豹纹褶皱中号香蕉夹高级感马尾扭扭夹后脑勺韩系显发量发卡,,,普通订单,4.09,0,0,0,0,0,0,0,0,0,0,0,-0.2,0,0,0,0,0,0,否,0,义乌市於郝电子商务商行（个体工商户）,订单结算
2026-04-22 01:09:12,'2026042201090610120729690793,入账,3.36,聚合账户,货款结算入账,小店自卖,'6925521583874669903,'6925521583874669903,'SS76302880217159971840241,2026-04-12 00:44:22,'3809602909876912378,2026韩系格子方巾大肠发圈高级慵懒风发绳扎方形头发头绳大号发饰,,,普通订单,3.54,0.6,0,0,0,0,0,0,0,0,0,0,-0.18,0,0,0,0,0,0,否,0,义乌市於郝电子商务商行（个体工商户）,订单结算
2026-04-22 01:09:12,'2026042201090609953285380793,入账,4.33,聚合账户,货款结算入账,小店自卖,'6925539281530813744,'6925539281530813744,'SS76303600474072192540233,2026-04-12 12:33:52,'3811107016030683631,森系干枯山茶花朵7cm小抓夹 百搭气质发夹女后脑勺超仙鲨夹发饰,,,普通订单,4.56,0,0,0,0,0,0,0,0,0,0,0,-0.23,0,0,0,0,0,0,否,0,义乌市於郝电子商务商行（个体工商户）,订单结算
2026-04-22 01:09:12,'2026042201090731759076030793,入账,2.91,聚合账户,货款结算入账,小店自卖,'6951976479774152444,'6951976479774152444,'SS76302659172676777220063,2026-04-11 15:22:53,'3808518913650721160,新款高级牡丹花流苏抓夹毛毛发夹后脑勺显发量大号鲨鱼头饰发夹,,,普通订单,3.06,0,0,0,0,0,0,0,0,0,0,0,-0.15,0,0,0,0,0,0,否,0,义乌市於郝电子商务商行（个体工商户）,订单结算
2026-04-22 01:09:12,'2026042201090702894400260793,入账,1.89,聚合账户,货款结算入账,小店自卖,'6925516930652142895,'6925516930652142895,'SS76302623584098268260027,2026-04-11 22:11:33,'3808855327718375885,复古豹纹褶皱中号香蕉夹高级感马尾扭扭夹后脑勺韩系显发量发卡,,,普通订单,1.99,0,0,0,0,0,0,0,0,0,0,0,-0.1,0,0,0,0,0,0,否,0,义乌市於郝电子商务商行（个体工商户）,订单结算
2026-04-22 01:09:20,'2026042201091638428185600793,入账,3.19,聚合账户,货款结算入账,小店自卖,'6925553063709408329,'6925553063709408329,'SS76303741432527424520173,2026-04-12 13:49:31,'3808855327718375885,复古豹纹褶皱中号香蕉夹高级感马尾扭扭夹后脑勺韩系显发量发卡,,,普通订单,3.36,0,0,0,0,0,0,0,0,0,0,0,-0.17,0,0,0,0,0,0,否,0,义乌市於郝电子商务商行（个体工商户）,订单结算
2026-04-22 01:09:20,'2026042201091528324170240793,入账,8.18,聚合账户,货款结算入账,小店自卖,'6925508108043255594,'6925508108043255594,'SS76304128147589865050088,2026-04-11 15:32:11,'3809645805695009026,卡通可爱防湿护腕带洗漱带洗脸防水手腕带吸水防滑束发圈手环袖护,,,普通订单,8.61,0,0,0,0,0,0,0,0,0,0,0,-0.43,0,0,0,0,0,0,,0,义乌市於郝电子商务商行（个体工商户）,订单结算
2026-04-22 01:09:20,'2026042201091504834595990793,入账,4.22,聚合账户,货款结算入账,小店自卖,'6951995159378138389,'6951995159378138389,'SS76302880734699523060215,2026-04-12 01:13:42,'3811116864172589149,森系干枯山茶花朵7cm小抓夹百搭气质发夹女后脑勺超仙鲨鱼夹发饰,,,普通订单,4.44,0,0,0,0,0,0,0,0,0,0,0,-0.22,0,0,0,0,0,0,否,0,义乌市於郝电子商务商行（个体工商户）,订单结算
2026-04-22 01:44:01,'2026042201435400593638670793,入账,4.81,聚合账户,货款结算入账,巨量千川,'6925592304365698919,'6925592304365698919,'SS76303408269349030760182,2026-04-14 19:23:51,'3808518913650721160,新款高级牡丹花流苏抓夹毛毛发夹后脑勺显发量大号鲨鱼头饰发夹,,,普通订单,5.06,0,0,0,0,0,0,0,0,0,0,0,-0.25,0,0,0,0,0,0,否,0,义乌市於郝电子商务商行（个体工商户）,订单结算
2026-04-22 01:44:01,'2026042201435136210939340793,入账,3.02,聚合账户,货款结算入账,小店自卖,'6925638936257527602,'6925638936257527602,'SS76303167367735549870111,2026-04-16 18:37:14,'3811282248515322341,可爱小黄鸡小猪发圈学生风萌系扎发神器黑色发绳扎头发皮筋卖头饰,,,普通订单,3.18,0,0,0,0,0,0,0,0,0,0,0,-0.16,0,0,0,0,0,0,否,0,义乌市於郝电子商务商行（个体工商户）,订单结算
2026-04-22 01:44:01,'2026042201435409278919780793,入账,1.89,聚合账户,货款结算入账,小店自卖,'6925650783949847689,'6925650783949847689,'SS76301302749528558080082,2026-04-16 19:02:00,'3808855327718375885,复古豹纹波点褶皱高马尾香蕉夹小号后脑勺竖夹韩系显发量发夹,,,普通订单,1.73,0,0,0,0,0,0,0,0,0.26,0,0,-0.1,0,0,0,0,0,0,否,0,义乌市於郝电子商务商行（个体工商户）,订单结算
2026-04-22 03:08:47,'2026042203084238178660180793,入账,3.75,聚合账户,货款结算入账,小店自卖,'6951987619899512299,'6951987619899512299,'SS76302708078008568860208,2026-04-11 16:03:56,'3808681227066671182,简约大肠珍珠发圈头绳2026新款橡皮筋女扎头发优雅皮套高颜值发绳,,,普通订单,3.95,0,0,0,0,0,0,0,0,0,0,0,-0.2,0,0,0,0,0,0,否,0,义乌市於郝电子商务商行（个体工商户）,订单结算
2026-04-22 03:08:47,'2026042203084322240466320793,入账,3.37,聚合账户,货款结算入账,小店自卖,'6925520648371601224,'6925520648371339080,'SS76303694270133089740113,2026-04-11 17:51:54,'3812550548062863750,温柔波点蝴蝶结香蕉夹芭蕾风气质少女百搭巨显发量高马尾盘发头饰,,,普通订单,3.55,0,0,0,0,0,0,0,0,0,0,0,-0.18,0,0,0,0,0,0,否,0,义乌市於郝电子商务商行（个体工商户）,订单结算
2026-04-22 03:08:47,'2026042203084407433303390793,入账,2.72,聚合账户,货款结算入账,小店自卖,'6951870798983272360,'6951870798983272360,'SS76303893385344785920031,2026-04-07 16:33:57,'3808518913650721160,新款高级牡丹花流苏抓夹毛毛发夹后脑勺显发量大号鲨鱼头饰发夹,,,普通订单,2.86,0,0,0,0,0,0,0,0,0,0,0,-0.14,0,0,0,0,0,0,,0,义乌市於郝电子商务商行（个体工商户）,订单结算
2026-04-22 03:08:48,'2026042203084230793569280793,入账,4.77,聚合账户,货款结算入账,巨量千川,'6952106434168099882,'6952106434168099882,'SS76303314264368422820156,2026-04-16 15:55:48,'3808826072573804729,迷你小号无痕鸭嘴夹抓夹小夹子精致蝴蝶结碎发夹刘海夹高级感发卡,,,普通订单,5.02,0,0,0,0,0,0,0,0,0,0,0,-0.25,0,0,0,0,0,0,否,0,义乌市於郝电子商务商行（个体工商户）,订单结算
2026-04-22 03:08:48,'2026042203084314184617110793,入账,7.87,聚合账户,货款结算入账,小店自卖,'6952017671504533277,'6952017671504533277,'SS76303716269130554880168,2026-04-12 13:23:43,'3811282248515322341,可爱小黄鸡小猪发圈学生风萌系扎发神器黑色发绳扎头发皮筋卖头饰,,,普通订单,8.28,0,0,0,0,0,0,0,0,0,0,0,-0.41,0,0,0,0,0,0,否,0,义乌市於郝电子商务商行（个体工商户）,订单结算
2026-04-22 03:08:50,'2026042203084412976461200793,入账,2.51,聚合账户,货款结算入账,小店自卖,'6925527352568414137,'6925527352568414137,'SS76302879117718861200172,2026-04-11 18:01:20,'3811282248515322341,可爱小黄鸡小猪发圈学生风萌系扎发神器黑色发绳扎头发皮筋卖头饰,,,普通订单,2.64,0,0,0,0,0,0,0,0,0,0,0,-0.13,0,0,0,0,0,0,否,0,义乌市於郝电子商务商行（个体工商户）,订单结算
2026-04-22 03:08:50,'2026042203084617577579930793,入账,4.64,聚合账户,货款结算入账,小店自卖,'6952141078865122398,'6952141078865122398,'SS76304049335856051740044,2026-04-17 11:52:47,'3808681227066671182,简约大肠珍珠发圈头绳2026新款橡皮筋女扎头发优雅皮套高颜值发绳,,,普通订单,4.88,0,0,0,0,0,0,0,0,0,0,0,-0.24,0,0,0,0,0,0,否,0,义乌市於郝电子商务商行（个体工商户）,订单结算
2026-04-22 03:08:50,'2026042203084439565068950793,入账,1.89,聚合账户,货款结算入账,小店自卖,'6925543780629445990,'6925543780629445990,'SS76303571433838021270053,2026-04-12 13:14:56,'3808855327718375885,复古豹纹褶皱中号香蕉夹高级感马尾扭扭夹后脑勺韩系显发量发卡,,,普通订单,1.99,0,0,0,0,0,0,0,0,0,0,0,-0.1,0,0,0,0,0,0,否,0,义乌市於郝电子商务商行（个体工商户）,订单结算
2026-04-22 03:08:50,'2026042203084514274893430793,入账,3.89,聚合账户,货款结算入账,小店自卖,'6951989695187523351,'6951989695187523351,'SS76302634920719652350182,2026-04-11 15:57:58,'3808855327718375885,复古豹纹褶皱中号香蕉夹高级感马尾扭扭夹后脑勺韩系显发量发卡,,,普通订单,4.09,0,0,0,0,0,0,0,0,0,0,0,-0.2,0,0,0,0,0,0,否,0,义乌市於郝电子商务商行（个体工商户）,订单结算
2026-04-22 03:08:50,'2026042203084530618588510793,入账,2.69,聚合账户,货款结算入账,小店自卖,'6925655994306231327,'6925655994306231327,'SS76304497743071808360132,2026-04-17 06:49:18,'3808826072573804729,迷你小号无痕鸭嘴夹抓夹小夹子精致蝴蝶结碎发夹刘海夹高级感发卡,,,普通订单,2.83,0,0,0,0,0,0,0,0,0,0,0,-0.14,0,0,0,0,0,0,,0,义乌市於郝电子商务商行（个体工商户）,订单结算
2026-04-22 03:09:30,'2026042203092734149670500793,入账,3.44,聚合账户,货款结算入账,小店自卖,'6952000972278862913,'6952000972278862913,'SS76302681472043256750061,2026-04-11 16:50:35,'3809214874429555055,【LOVEIXCC】新款法式网红发箍发卡宽边复古秋冬头饰百搭高级盘发器,,,普通订单,3.62,0,0,0,0,0,0,0,0,0,0,0,-0.18,0,0,0,0,0,0,否,0,义乌市於郝电子商务商行（个体工商户）,订单结算
2026-04-22 03:09:30,'2026042203092538511086600793,入账,3.32,聚合账户,货款结算入账,小店自卖,'6925523790253686359,'6925523790253686359,'SS76302669086976619520170,2026-04-12 04:30:49,'3812210500259938495,可爱蝴蝶结小猫无痕刘海贴魔术贴发饰少女前额侧边碎发贴整理神器,,,普通订单,3.49,0,0,0,0,0,0,0,0,0,0,0,-0.17,0,0,0,0,0,0,否,0,义乌市於郝电子商务商行（个体工商户）,订单结算
2026-04-22 03:09:31,'2026042203092627855920990793,入账,3.23,聚合账户,货款结算入账,小店自卖,'6925546155510365601,'6925546155510365601,'SS76303940733301235630225,2026-04-12 16:04:57,'3812736213081784671,韩系ins风高马尾香蕉夹竖夹女2026新款高级感发夹简约复古发饰,,,普通订单,3.4,0,0,0,0,0,0,0,0,0,0,0,-0.17,0,0,0,0,0,0,否,0,义乌市於郝电子商务商行（个体工商户）,订单结算
2026-04-22 03:09:31,'2026042203092528280594270793,入账,3.49,聚合账户,货款结算入账,小店自卖,'6925515112128478553,'6925515112128478553,'SS76303263362857088500048,2026-04-11 22:29:53,'3809976297027928261,可爱小蜜蜂造型发圈学生必备毛绒发圈甜美高弹力耐用头绳卡通头饰,,,普通订单,3.67,0,0,0,0,0,0,0,0,0,0,0,-0.18,0,0,0,0,0,0,否,0,义乌市於郝电子商务商行（个体工商户）,订单结算
2026-04-22 03:09:31,'2026042203092519097400470793,入账,3.19,聚合账户,货款结算入账,小店自卖,'6925531633577262860,'6925531633577262860,'SS76303741560847736410087,2026-04-12 12:24:01,'3808855327718375885,复古豹纹褶皱中号香蕉夹高级感马尾扭扭夹后脑勺韩系显发量发卡,,,普通订单,2.36,0,0,1,0,0,0,0,0,0,0,0,-0.17,0,0,0,0,0,0,,0,义乌市於郝电子商务商行（个体工商户）,订单结算
2026-04-22 03:09:49,'2026042203094613174912060793,入账,5.68,聚合账户,货款结算入账,小店自卖,'6952108614605543240,'6952108614605543240,'SS76304762385279923550021,2026-04-16 12:47:10,'3811282248515322341,可爱小黄鸡小猪发圈学生风萌系扎发神器黑色发绳扎头发皮筋卖头饰,,,普通订单,0.01,0,0,5.97,0,0,0,0,0,0,0,0,-0.3,0,0,0,0,0,0,否,0,义乌市於郝电子商务商行（个体工商户）,订单结算
2026-04-22 03:09:49,'2026042203094412346701220793,入账,5.68,聚合账户,货款结算入账,小店自卖,'6951993376075813982,'6951993376075813982,'SS76303891323674954620120,2026-04-12 13:56:47,'3811282248515322341,可爱小黄鸡小猪发圈学生风萌系扎发神器黑色发绳扎头发皮筋卖头饰,,,普通订单,0.98,0,0,5,0,0,0,0,0,0,0,0,-0.3,0,0,0,0,0,0,否,0,义乌市於郝电子商务商行（个体工商户）,订单结算
2026-04-22 03:09:49,'2026042203094526900401060793,入账,4.33,聚合账户,货款结算入账,小店自卖,'6951990065541420288,'6951990065541420288,'SS76302879380983977020120,2026-04-11 20:41:45,'3811107016030683631,森系干枯山茶花朵7cm小抓夹 百搭气质发夹女后脑勺超仙鲨夹发饰,,,普通订单,1.56,0,0,3,0,0,0,0,0,0,0,0,-0.23,0,0,0,0,0,0,,0,义乌市於郝电子商务商行（个体工商户）,订单结算
2026-04-22 03:09:49,'2026042203094300102077440793,入账,2.65,聚合账户,货款结算入账,小店自卖,'6925399516184608573,'6925399516184608573,'SS76303874534590879180229,2026-04-07 10:33:37,'3808855327718375885,复古豹纹褶皱中号香蕉夹高级感马尾扭扭夹后脑勺韩系显发量发卡,,,普通订单,0.01,0,0,2.78,0,0,0,0,0,0,0,0,-0.14,0,0,0,0,0,0,,0,义乌市於郝电子商务商行（个体工商户）,订单结算
2026-04-22 03:09:49,'2026042203094431927176020793,入账,2.41,聚合账户,货款结算入账,小店自卖,'6925623278571847071,'6925623278571847071,'SS76304078326345244310040,2026-04-15 23:43:26,'3811282248515322341,可爱小黄鸡小猪发圈学生风萌系扎发神器黑色发绳扎头发皮筋卖头饰,,,普通订单,0.01,0,0,2.53,0,0,0,0,0,0,0,0,-0.13,0,0,0,0,0,0,,0,义乌市於郝电子商务商行（个体工商户）,订单结算
2026-04-22 03:10:32,'2026042203102908975982180793,入账,1.89,聚合账户,货款结算入账,小店自卖,'6952119548091241538,'6952119548091241538,'SS76303775792072466110200,2026-04-16 12:38:43,'3808855327718375885,复古豹纹波点褶皱高马尾香蕉夹小号后脑勺竖夹韩系显发量发夹,,,普通订单,0.01,0,0,1.98,0,0,0,0,0,0,0,0,-0.1,0,0,0,0,0,0,否,0,义乌市於郝电子商务商行（个体工商户）,订单结算
2026-04-22 03:10:32,'2026042203102712970276180793,入账,3.32,聚合账户,货款结算入账,小店自卖,'6925627654878756079,'6925627654878756079,'SS76302666048786928900131,2026-04-16 03:28:31,'3808518913650721160,新款高级牡丹花流苏抓夹毛毛发夹后脑勺显发量大号鲨鱼头饰发夹,,,普通订单,0.01,0,0,3.49,0,0,0,0,0,0,0,0,-0.18,0,0,0,0,0,0,,0,义乌市於郝电子商务商行（个体工商户）,订单结算
2026-04-22 03:10:32,'2026042203102821182551040793,入账,4.33,聚合账户,货款结算入账,小店自卖,'6925526807585062403,'6925526807585062403,'SS76303234108791690750244,2026-04-12 12:14:26,'3811107016030683631,森系干枯山茶花朵7cm小抓夹 百搭气质发夹女后脑勺超仙鲨夹发饰,,,普通订单,2.56,0,0,2,0,0,0,0,0,0,0,0,-0.23,0,0,0,0,0,0,否,0,义乌市於郝电子商务商行（个体工商户）,订单结算
2026-04-22 03:10:32,'2026042203102724411059600793,入账,3.91,聚合账户,货款结算入账,小店自卖,'6925407658622156451,'6925407658622156451,'SS76303027230843909660167,2026-04-06 20:55:30,'3808509441058406492,新款扭扭麻花发箍女简约高颅顶带齿防滑洗脸头箍发卡高级感民族风,,,普通订单,1.12,0,0,3,0,0,0,0,0,0,0,0,-0.21,0,0,0,0,0,0,,0,义乌市於郝电子商务商行（个体工商户）,订单结算
2026-04-22 03:10:32,'2026042203102729866068630793,入账,2.43,聚合账户,货款结算入账,小店自卖,'6925520566171040836,'6925520566171040836,'SS76303263154935772160240,2026-04-11 16:40:34,'3810167616262242649,可爱小黄鸡小猪发圈学生风萌系扎发神器黑色发绳扎头发皮筋卖头饰,,,普通订单,2.32,0,0,0.24,0,0,0,0,0,0,0,0,-0.13,0,0,0,0,0,0,否,0,义乌市於郝电子商务商行（个体工商户）,订单结算
2026-04-22 03:10:35,'2026042203102938846838100793,入账,4.62,聚合账户,货款结算入账,巨量千川,'6925541479531904981,'6925541479531904981,'SS76303732544357381480203,2026-04-12 13:27:13,'3808515754769383695,2026新款高级牡丹花流苏抓夹毛毛发夹后脑勺显发量大号鲨鱼夹头饰,,,普通订单,0.01,0,0,4.85,0,0,0,0,0,0,0,0,-0.24,0,0,0,0,0,0,否,0,义乌市於郝电子商务商行（个体工商户）,订单结算
2026-04-22 03:10:35,'2026042203103003461942100793,入账,2.72,聚合账户,货款结算入账,小店自卖,'6951862179147159140,'6951862179147159140,'SS76302968284542896730075,2026-04-06 13:53:08,'3808515754769383695,2026新款高级牡丹花流苏抓夹毛毛发夹后脑勺显发量大号鲨鱼夹头饰,,,普通订单,0.01,0,0,2.85,0,0,0,0,0,0,0,0,-0.14,0,0,0,0,0,0,,0,义乌市於郝电子商务商行（个体工商户）,订单结算
2026-04-22 03:10:35,'2026042203102926942507520793,入账,1.89,聚合账户,货款结算入账,小店自卖,'6925636940427132224,'6925636940427132224,'SS76303593811840537940034,2026-04-16 12:39:42,'3808855327718375885,复古豹纹波点褶皱高马尾香蕉夹小号后脑勺竖夹韩系显发量发夹,,,普通订单,0.01,0,0,1.98,0,0,0,0,0,0,0,0,-0.1,0,0,0,0,0,0,否,0,义乌市於郝电子商务商行（个体工商户）,订单结算
2026-04-22 03:10:35,'2026042203102928787515220793,入账,6.46,聚合账户,货款结算入账,巨量千川,'6925532397506756389,'6925532397506756389,'SS76302657601884490330183,2026-04-12 03:10:47,'3808515754769383695,2026新款高级牡丹花流苏抓夹毛毛发夹后脑勺显发量大号鲨鱼夹头饰,,,普通订单,1.8,0,0,5,0,0,0,0,0,0,0,0,-0.34,0,0,0,0,0,0,否,0,义乌市於郝电子商务商行（个体工商户）,订单结算
2026-04-22 03:10:35,'2026042203103003461778260793,入账,1.89,聚合账户,货款结算入账,小店自卖,'6951974348787422742,'6951974348787422742,'SS76302618450278323260216,2026-04-11 15:30:26,'3808855327718375885,复古豹纹褶皱中号香蕉夹高级感马尾扭扭夹后脑勺韩系显发量发卡,,,普通订单,0.01,0,0,1.98,0,0,0,0,0,0,0,0,-0.1,0,0,0,0,0,0,否,0,义乌市於郝电子商务商行（个体工商户）,订单结算
2026-04-22 03:10:45,'2026042203104105218475900793,入账,1.89,聚合账户,货款结算入账,小店自卖,'6952117753514956372,'6952117753514956372,'SS76303942408873577150028,2026-04-16 15:50:10,'3808855327718375885,复古豹纹波点褶皱高马尾香蕉夹小号后脑勺竖夹韩系显发量发夹,,,普通订单,0.01,0,0,1.98,0,0,0,0,0,0,0,0,-0.1,0,0,0,0,0,0,否,0,义乌市於郝电子商务商行（个体工商户）,订单结算
2026-04-22 03:10:45,'2026042203104031671793100793,入账,2.65,聚合账户,货款结算入账,小店自卖,'6951992304561821446,'6951992304561821446,'SS76302639985504100350111,2026-04-11 21:22:34,'3808855327718375885,复古豹纹褶皱中号香蕉夹高级感马尾扭扭夹后脑勺韩系显发量发卡,,,普通订单,0.01,0,0,2.78,0,0,0,0,0,0,0,0,-0.14,0,0,0,0,0,0,否,0,义乌市於郝电子商务商行（个体工商户）,订单结算
2026-04-22 03:10:45,'2026042203104104038538500793,入账,7.84,聚合账户,货款结算入账,小店自卖,'6951997198222300816,'6951997198222300816,'SS76302880312076541950107,2026-04-12 08:35:45,'3809273979772993843,新中式咖色碎花四层大肠发圈女慵懒风扎头发大号复古发饰头绳,,,普通订单,8.25,0,0,0,0,0,0,0,0,0,0,0,-0.41,0,0,0,0,0,0,否,0,义乌市於郝电子商务商行（个体工商户）,订单结算
2026-04-22 03:10:46,'2026042203104020857659230793,入账,1.89,聚合账户,货款结算入账,小店自卖,'6925625318922026673,'6925625318922026673,'SS76303424552716744060223,2026-04-15 21:45:38,'3812736213081784671,韩系ins风高马尾香蕉夹竖夹女2026新款高级感发夹简约复古发饰,,,普通订单,0.01,0,0,1.98,0,0,0,0,0,0,0,0,-0.1,0,0,0,0,0,0,否,0,义乌市於郝电子商务商行（个体工商户）,订单结算
2026-04-22 03:10:46,'2026042203104102818913800793,入账,3.19,聚合账户,货款结算入账,小店自卖,'6925519399173193314,'6925519399173193314,'SS76303544634380618600228,2026-04-12 04:44:50,'3808855327718375885,复古豹纹褶皱中号香蕉夹高级感马尾扭扭夹后脑勺韩系显发量发卡,,,普通订单,0.36,0,0,3,0,0,0,0,0,0,0,0,-0.17,0,0,0,0,0,0,,0,义乌市於郝电子商务商行（个体工商户）,订单结算
2026-04-22 03:10:57,'2026042203105110660623900793,入账,3.59,聚合账户,货款结算入账,小店自卖,'6925528596399684964,'6925528596399684964,'SS76302881136334604900137,2026-04-12 07:58:14,'3811107778269937835,新款五角星发夹发扣韩国少女甜美甜酷侧边夹顶刘海前额固定卡子,,,普通订单,3.78,0,0,0,0,0,0,0,0,0,0,0,-0.19,0,0,0,0,0,0,否,0,义乌市於郝电子商务商行（个体工商户）,订单结算
2026-04-22 03:11:14,'2026042203110920848970240793,入账,0.94,聚合账户,货款结算入账,小店自卖,'6925519087234874384,'6925519087234874384,'SS76281774184583176200188,2026-04-11 23:00:47,'3808855327718375885,复古豹纹褶皱中号香蕉夹高级感马尾扭扭夹后脑勺韩系显发量发卡,,,普通订单,1.99,0,0,0,0,0,0,0,0,0,0,-1,-0.05,0,0,0,0,0,0,否,0,义乌市於郝电子商务商行（个体工商户）,订单结算
2026-04-22 03:11:20,'2026042203111609866452480793,入账,1.89,聚合账户,货款结算入账,小店自卖,'6925516254897143548,'6925516254897143548,'SS76302639379252191350125,2026-04-11 16:52:27,'3808855327718375885,复古豹纹褶皱中号香蕉夹高级感马尾扭扭夹后脑勺韩系显发量发卡,,,普通订单,0.01,0,0,1.98,0,0,0,0,0,0,0,0,-0.1,0,0,0,0,0,0,否,0,义乌市於郝电子商务商行（个体工商户）,订单结算
2026-04-22 03:11:20,'2026042203111531876877140793,入账,4.26,聚合账户,货款结算入账,小店自卖,'6925578835700121475,'6925578835700121475,'SS76302638065429389430140,2026-04-14 12:43:32,'3811116864172589149,森系干枯山茶花朵7cm小抓夹百搭气质发夹女后脑勺超仙鲨鱼夹发饰,,,普通订单,4.48,0,0,0,0,0,0,0,0,0,0,0,-0.22,0,0,0,0,0,0,否,0,义乌市於郝电子商务商行（个体工商户）,订单结算
2026-04-22 03:11:20,'2026042203111438262380040793,入账,7.41,聚合账户,货款结算入账,小店自卖,'6951974255881294885,'6951974255881294885,'SS76302668104288384460018,2026-04-11 13:50:40,'3812210500259938495,可爱蝴蝶结小猫无痕刘海贴魔术贴发饰少女前额侧边碎发贴整理神器,,,普通订单,7.8,0,0,0,0,0,0,0,0,0,0,0,-0.39,0,0,0,0,0,0,否,0,义乌市於郝电子商务商行（个体工商户）,订单结算
2026-04-22 03:11:20,'2026042203111416751331840793,入账,5.68,聚合账户,货款结算入账,小店自卖,'6925533580676922465,'6925533580676922465,'SS76303891033729441820091,2026-04-12 14:24:07,'3811282248515322341,可爱小黄鸡小猪发圈学生风萌系扎发神器黑色发绳扎头发皮筋卖头饰,,,普通订单,0.98,0,0,5,0,0,0,0,0,0,0,0,-0.3,0,0,0,0,0,0,否,0,义乌市於郝电子商务商行（个体工商户）,订单结算
2026-04-22 03:11:20,'2026042203111338514035350793,入账,2.86,聚合账户,货款结算入账,小店自卖,'6952105053155235206,'6952105053155235206,'SS76303574398557555460246,2026-04-15 20:22:17,'3809438133272051839,韩版新款格纹蝴蝶结香蕉夹复古少女中号马尾夹百搭扭扭发卡抓夹,,,普通订单,1.01,0,0,2,0,0,0,0,0,0,0,0,-0.15,0,0,0,0,0,0,,0,义乌市於郝电子商务商行（个体工商户）,订单结算
2026-04-22 03:11:34,'2026042203112919677847380793,入账,1.89,聚合账户,货款结算入账,小店自卖,'6925424247907712046,'6925424247907712046,'SS76304007807732785070162,2026-04-07 17:03:23,'3808855327718375885,复古豹纹褶皱中号香蕉夹高级感马尾扭扭夹后脑勺韩系显发量发卡,,,普通订单,0.01,0,0,1.98,0,0,0,0,0,0,0,0,-0.1,0,0,0,0,0,0,否,0,义乌市於郝电子商务商行（个体工商户）,订单结算
2026-04-22 03:11:34,'2026042203112912215424350793,入账,3.19,聚合账户,货款结算入账,小店自卖,'6925523327948782721,'6925523327948782721,'SS76302634019626071440150,2026-04-11 22:16:03,'3808855327718375885,复古豹纹褶皱中号香蕉夹高级感马尾扭扭夹后脑勺韩系显发量发卡,,,普通订单,3.36,0,0,0,0,0,0,0,0,0,0,0,-0.17,0,0,0,0,0,0,否,0,义乌市於郝电子商务商行（个体工商户）,订单结算
2026-04-22 03:11:34,'2026042203112903998190480793,入账,2.41,聚合账户,货款结算入账,小店自卖,'6925514330548895032,'6925514330548895032,'SS76302704669215175940001,2026-04-11 16:54:03,'3811282248515322341,可爱小黄鸡小猪发圈学生风萌系扎发神器黑色发绳扎头发皮筋卖头饰,,,普通订单,2.54,0,0,0,0,0,0,0,0,0,0,0,-0.13,0,0,0,0,0,0,,0,义乌市於郝电子商务商行（个体工商户）,订单结算
2026-04-22 03:11:34,'2026042203112841620938240793,入账,0.94,聚合账户,货款结算入账,小店自卖,'6925493916985752665,'6925493916985752665,'SS76302877411707620220017,2026-04-11 00:48:17,'3812210500259938495,可爱蝴蝶结小猫无痕刘海贴魔术贴发饰少女前额侧边碎发贴整理神器,,,普通订单,0.01,0,0,0.98,0,0,0,0,0,0,0,0,-0.05,0,0,0,0,0,0,,0,义乌市於郝电子商务商行（个体工商户）,订单结算
2026-04-22 03:11:34,'2026042203112830550433800793,入账,5.4,聚合账户,货款结算入账,小店自卖,'6951994405300672429,'6951994405300672429,'SS76302668090838103380225,2026-04-11 17:37:40,'3812203542429696436,甜美kitty刘海贴头饰可爱少女棉花糖猫碎发贴魔术贴无痕发饰,,,普通订单,5.68,0,0,0,0,0,0,0,0,0,0,0,-0.28,0,0,0,0,0,0,否,0,义乌市於郝电子商务商行（个体工商户）,订单结算
2026-04-22 03:11:48,'2026042203114238261396480793,入账,3.93,聚合账户,货款结算入账,小店自卖,'6951992006926866332,'6951992006926866332,'SS76303236470053281740037,2026-04-11 17:46:50,'3811282248515322341,可爱小黄鸡小猪发圈学生风萌系扎发神器黑色发绳扎头发皮筋卖头饰,,,普通订单,4.14,0,0,0,0,0,0,0,0,0,0,0,-0.21,0,0,0,0,0,0,否,0,义乌市於郝电子商务商行（个体工商户）,订单结算
2026-04-22 03:11:48,'2026042203114319552012950793,入账,3.19,聚合账户,货款结算入账,小店自卖,'6925607455820251011,'6925607455820251011,'SS76304016010145305700140,2026-04-14 17:08:35,'3811460006382010734,简约几何波浪珍珠抓夹女2026新款后脑勺发夹鲨鱼夹子大号发量发饰,,,普通订单,0.36,0,0,3,0,0,0,0,0,0,0,0,-0.17,0,0,0,0,0,0,否,0,义乌市於郝电子商务商行（个体工商户）,订单结算
2026-04-22 03:11:48,'2026042203114319148846480793,入账,5.98,聚合账户,货款结算入账,小店自卖,'6952042594032686865,'6952042594032686865,'SS76303743751116562070105,2026-04-14 00:36:46,'3809586825216000110,春夏撞色甜美蝴蝶结发夹女后脑勺抓夹2026新款气质大号盘发鸭嘴夹,,,普通订单,3.29,0,0,3,0,0,0,0,0,0,0,0,-0.31,0,0,0,0,0,0,,0,义乌市於郝电子商务商行（个体工商户）,订单结算
2026-04-22 03:11:48,'2026042203114341484132180793,入账,1.01,聚合账户,货款结算入账,巨量千川,'6951979351010448980,'6951979351010448980,'SS76296773625566989260115,2026-04-11 19:59:25,'3808518913650721160,新款高级牡丹花流苏抓夹毛毛发夹后脑勺显发量大号鲨鱼头饰发夹,,,普通订单,3.06,0,0,0,0,0,0,0,0,0,0,-2,-0.05,0,0,0,0,0,0,否,0,义乌市於郝电子商务商行（个体工商户）,订单结算
2026-04-22 03:11:48,'2026042203114334898905600793,入账,4.12,聚合账户,货款结算入账,小店自卖,'6925599012141498066,'6925599012141498066,'SS76304407106442245390245,2026-04-14 22:46:36,'3811282248515322341,可爱小黄鸡小猪发圈学生风萌系扎发神器黑色发绳扎头发皮筋卖头饰,,,普通订单,4.34,0,0,0,0,0,0,0,0,0,0,0,-0.22,0,0,0,0,0,0,,0,义乌市於郝电子商务商行（个体工商户）,订单结算
2026-04-22 03:11:57,'2026042203115212515128740793,入账,3.08,聚合账户,货款结算入账,小店自卖,'6925530540127714340,'6925530540127714340,'SS76303998789501094910202,2026-04-11 23:28:41,'3811282248515322341,可爱小黄鸡小猪发圈学生风萌系扎发神器黑色发绳扎头发皮筋卖头饰,,,普通订单,0.24,0,0,3,0,0,0,0,0,0,0,0,-0.16,0,0,0,0,0,0,否,0,义乌市於郝电子商务商行（个体工商户）,订单结算
2026-04-22 03:12:23,'2026042203121638265042340793,入账,2.72,聚合账户,货款结算入账,小店自卖,'6951987885392140138,'6951987885392140138,'SS76302660009614095460229,2026-04-11 19:48:28,'3808515754769383695,2026新款高级牡丹花流苏抓夹毛毛发夹后脑勺显发量大号鲨鱼夹头饰,,,普通订单,0.01,0,0,2.85,0,0,0,0,0,0,0,0,-0.14,0,0,0,0,0,0,,0,义乌市於郝电子商务商行（个体工商户）,订单结算
2026-04-22 03:13:06,'2026042203125928074155580793,入账,1.89,聚合账户,货款结算入账,小店自卖,'6925634379309677945,'6925634379309677945,'SS76303279850690975220158,2026-04-16 11:05:39,'3808855327718375885,复古豹纹波点褶皱高马尾香蕉夹小号后脑勺竖夹韩系显发量发夹,,,普通订单,0.01,0,0,1.98,0,0,0,0,0,0,0,0,-0.1,0,0,0,0,0,0,,0,义乌市於郝电子商务商行（个体工商户）,订单结算
2026-04-22 03:13:30,'2026042203132512712883300793,入账,3.31,聚合账户,货款结算入账,小店自卖,'6925636128248987135,'6925636128248987135,'SS76304984909336294400051,2026-04-16 07:07:15,'3809979415216128130,可爱小黄鸡发圈萌系扎发神器黑色发绳扎头发皮筋儿童卡子卖萌头饰,,,普通订单,0.01,0,0,3.47,0,0,0,0,0,0,0,0,-0.17,0,0,0,0,0,0,否,0,义乌市於郝电子商务商行（个体工商户）,订单结算
2026-04-22 03:14:23,'2026042203141739561305750793,入账,2.77,聚合账户,货款结算入账,小店自卖,'6951873558992524390,'6951873558992524390,'SS76302946727584896090237,2026-04-06 21:59:37,'3808518913650721160,新款高级牡丹花流苏抓夹毛毛发夹后脑勺显发量大号鲨鱼头饰发夹,,,普通订单,0.01,0,0,2.91,0,0,0,0,0,0,0,0,-0.15,0,0,0,0,0,0,,0,义乌市於郝电子商务商行（个体工商户）,订单结算
2026-04-22 03:14:40,'2026042203143415862379520793,入账,1.89,聚合账户,货款结算入账,小店自卖,'6925526629770362035,'6925526629770362035,'SS76303702215890703900189,2026-04-12 11:00:07,'3812736213081784671,韩系ins风高马尾香蕉夹竖夹女2026新款高级感发夹简约复古发饰,,,普通订单,1.99,0,0,0,0,0,0,0,0,0,0,0,-0.1,0,0,0,0,0,0,否,0,义乌市於郝电子商务商行（个体工商户）,订单结算
2026-04-22 03:14:40,'2026042203143617707218300793,入账,3.32,聚合账户,货款结算入账,小店自卖,'6952003798040647562,'6952003798040647562,'SS76302669038318722650085,2026-04-12 00:01:02,'3812210500259938495,可爱蝴蝶结小猫无痕刘海贴魔术贴发饰少女前额侧边碎发贴整理神器,,,普通订单,3.49,0,0,0,0,0,0,0,0,0,0,0,-0.17,0,0,0,0,0,0,,0,义乌市於郝电子商务商行（个体工商户）,订单结算
2026-04-22 03:14:40,'2026042203143528655129940793,入账,2.65,聚合账户,货款结算入账,小店自卖,'6925398621480713936,'6925398621480713936,'SS76302924612170757120128,2026-04-06 21:36:27,'3808855327718375885,复古豹纹褶皱中号香蕉夹高级感马尾扭扭夹后脑勺韩系显发量发卡,,,普通订单,2.79,0,0,0,0,0,0,0,0,0,0,0,-0.14,0,0,0,0,0,0,否,0,义乌市於郝电子商务商行（个体工商户）,订单结算
2026-04-22 03:14:40,'2026042203143609942635870793,入账,4.69,聚合账户,货款结算入账,小店自卖,'6925514370599911236,'6925514370599911236,'SS76302880111260472780025,2026-04-11 17:16:30,'3809608072410824827,气质抓夹大号发量多2026新款简约发夹女后脑勺鲨鱼夹高级感头饰,,,普通订单,4.94,0,0,0,0,0,0,0,0,0,0,0,-0.25,0,0,0,0,0,0,否,0,义乌市於郝电子商务商行（个体工商户）,订单结算
2026-04-22 03:14:40,'2026042203143618666621940793,入账,9.4,聚合账户,货款结算入账,小店自卖,'6951992034347193671,'6951992034347193671,'SS76302879606641467380076,2026-04-11 18:51:39,'3809602909876912378,2026韩系格子方巾大肠发圈高级慵懒风发绳扎方形头发头绳大号发饰,,,普通订单,9.89,0,0,0,0,0,0,0,0,0,0,0,-0.49,0,0,0,0,0,0,,0,义乌市於郝电子商务商行（个体工商户）,订单结算
2026-04-22 03:15:02,'2026042203145622367770030793,入账,2.77,聚合账户,货款结算入账,小店自卖,'6951854258937009226,'6951854258937009226,'SS76302953605569091100062,2026-04-06 23:26:11,'3808518913650721160,新款高级牡丹花流苏抓夹毛毛发夹后脑勺显发量大号鲨鱼头饰发夹,,,普通订单,2.92,0,0,0,0,0,0,0,0,0,0,0,-0.15,0,0,0,0,0,0,否,0,义乌市於郝电子商务商行（个体工商户）,订单结算
2026-04-22 03:15:02,'2026042203145708818854940793,入账,5.04,聚合账户,货款结算入账,小店自卖,'6952005914334402530,'6952005914334402530,'SS76303995865574118800140,2026-04-11 23:32:55,'3809608072410824827,气质抓夹大号发量多2026新款简约发夹女后脑勺鲨鱼夹高级感头饰,,,普通订单,5.31,0,0,0,0,0,0,0,0,0,0,0,-0.27,0,0,0,0,0,0,否,0,义乌市於郝电子商务商行（个体工商户）,订单结算
2026-04-22 03:15:02,'2026042203145824579612220793,入账,4.77,聚合账户,货款结算入账,小店自卖,'6951999574935476018,'6951999574935476018,'SS76303750061909447740245,2026-04-12 10:50:17,'3808826072573804729,迷你小号无痕鸭嘴夹抓夹小夹子精致蝴蝶结碎发夹刘海夹高级感发卡,,,普通订单,5.02,0,0,0,0,0,0,0,0,0,0,0,-0.25,0,0,0,0,0,0,否,0,义乌市於郝电子商务商行（个体工商户）,订单结算
2026-04-22 03:15:02,'2026042203145532729503080793,入账,5.29,聚合账户,货款结算入账,小店自卖,'6952008567707735925,'6952008567707735925,'SS76303122138253068800041,2026-04-12 10:00:38,'3808522822146457689,夏天简约随手盘发一字夹扭扭夹水钻抓夹高级发夹扭扭后脑勺盘发器,,,普通订单,5.57,0,0,0,0,0,0,0,0,0,0,0,-0.28,0,0,0,0,0,0,否,0,义乌市於郝电子商务商行（个体工商户）,订单结算
2026-04-22 03:15:02,'2026042203145735823785370793,入账,3.32,聚合账户,货款结算入账,小店自卖,'6952015495231181852,'6952015495231181852,'SS76303735385973929470143,2026-04-12 13:10:08,'3808515754769383695,2026新款高级牡丹花流苏抓夹毛毛发夹后脑勺显发量大号鲨鱼夹头饰,,,普通订单,3.5,0,0,0,0,0,0,0,0,0,0,0,-0.18,0,0,0,0,0,0,,0,义乌市於郝电子商务商行（个体工商户）,订单结算
2026-04-22 03:15:18,'2026042203151403358766430793,入账,5.68,聚合账户,货款结算入账,小店自卖,'6925655701303229942,'6925655701303229942,'SS76304394398245525020138,2026-04-17 00:02:11,'3811282248515322341,可爱小黄鸡小猪发圈学生风萌系扎发神器黑色发绳扎头发皮筋卖头饰,,,普通订单,5.98,0,0,0,0,0,0,0,0,0,0,0,-0.3,0,0,0,0,0,0,否,0,义乌市於郝电子商务商行（个体工商户）,订单结算
2026-04-22 03:15:18,'2026042203151338136591880793,入账,4.44,聚合账户,货款结算入账,小店自卖,'6925517408852081746,'6925517408852081746,'SS76303119017845560680190,2026-04-12 06:42:27,'3808522822146457689,夏天简约随手盘发一字夹扭扭夹水钻抓夹高级发夹扭扭后脑勺盘发器,,,普通订单,4.67,0,0,0,0,0,0,0,0,0,0,0,-0.23,0,0,0,0,0,0,否,0,义乌市於郝电子商务商行（个体工商户）,订单结算
2026-04-22 03:15:18,'2026042203151217925616980793,入账,5.71,聚合账户,货款结算入账,小店自卖,'6951999231778625191,'6951999231778625191,'SS76302880863252198780128,2026-04-12 02:16:40,'3811648424567242780,法式碎花早春蝴蝶结高马尾香蕉夹丸子头盘发气质蓬松显发量发饰,,,普通订单,6.01,0,0,0,0,0,0,0,0,0,0,0,-0.3,0,0,0,0,0,0,否,0,义乌市於郝电子商务商行（个体工商户）,订单结算
2026-04-22 03:15:18,'2026042203151406363389780793,入账,6.12,聚合账户,货款结算入账,小店自卖,'6952017720486794462,'6952017720486794462,'SS76303694444637555540007,2026-04-12 14:28:31,'3809602909876912378,2026韩系格子方巾大肠发圈高级慵懒风发绳扎方形头发头绳大号发饰,,,普通订单,6.44,0,0,0,0,0,0,0,0,0,0,0,-0.32,0,0,0,0,0,0,否,0,义乌市於郝电子商务商行（个体工商户）,订单结算
2026-04-22 03:15:19,'2026042203151423280194900793,入账,5.68,聚合账户,货款结算入账,小店自卖,'6925523237915295638,'6925523237915295638,'SS76303890171247703440138,2026-04-11 21:47:03,'3811282248515322341,可爱小黄鸡小猪发圈学生风萌系扎发神器黑色发绳扎头发皮筋卖头饰,,,普通订单,5.98,0,0,0,0,0,0,0,0,0,0,0,-0.3,0,0,0,0,0,0,否,0,义乌市於郝电子商务商行（个体工商户）,订单结算
2026-04-22 03:15:23,'2026042203151641051469070793,入账,1.89,聚合账户,货款结算入账,小店自卖,'6925625909288926951,'6925625909288926951,'SS76303957770928955280171,2026-04-16 07:06:54,'3808855327718375885,复古豹纹波点褶皱高马尾香蕉夹小号后脑勺竖夹韩系显发量发夹,,,普通订单,1.4,0,0,0.59,0,0,0,0,0,0,0,0,-0.1,0,0,0,0,0,0,,0,义乌市於郝电子商务商行（个体工商户）,订单结算
2026-04-22 03:15:31,'2026042203152628313689980793,入账,0.27,聚合账户,货款结算入账,小店自卖,'6951878240868636057,'6951878240868636057,'SS76296571856854720340095,2026-04-06 22:48:30,'3808518913650721160,新款高级牡丹花流苏抓夹毛毛发夹后脑勺显发量大号鲨鱼头饰发夹,,,普通订单,1.06,0,0,0.22,0,0,0,0,0,0,0,-1,-0.01,0,0,0,0,0,0,否,0,义乌市於郝电子商务商行（个体工商户）,订单结算
2026-04-22 03:15:54,'2026042203155028736762980793,入账,2.28,聚合账户,货款结算入账,小店自卖,'6952001720909632876,'6952001720909632876,'SS76302679443426350440012,2026-04-12 01:00:21,'3809214874429555055,【LOVEIXCC】新款法式网红发箍发卡宽边复古秋冬头饰百搭高级盘发器,,,普通订单,2.4,0,0,0,0,0,0,0,0,0,0,0,-0.12,0,0,0,0,0,0,否,0,义乌市於郝电子商务商行（个体工商户）,订单结算
2026-04-22 03:15:54,'2026042203155014642880100793,入账,5.29,聚合账户,货款结算入账,巨量千川,'6952006770215294646,'6952006770215294646,'SS76303879301205854910111,2026-04-12 13:55:36,'3808522822146457689,夏天简约随手盘发一字夹扭扭夹水钻抓夹高级发夹扭扭后脑勺盘发器,,,普通订单,5.57,0,0,0,0,0,0,0,0,0,0,0,-0.28,0,0,0,0,0,0,否,0,义乌市於郝电子商务商行（个体工商户）,订单结算
2026-04-22 03:15:54,'2026042203154838641341790793,入账,2.72,聚合账户,货款结算入账,小店自卖,'6925515029404089789,'6925515029404089789,'SS76302660117995238500209,2026-04-11 21:59:36,'3808518913650721160,新款高级牡丹花流苏抓夹毛毛发夹后脑勺显发量大号鲨鱼头饰发夹,,,普通订单,2.86,0,0,0,0,0,0,0,0,0,0,0,-0.14,0,0,0,0,0,0,否,0,义乌市於郝电子商务商行（个体工商户）,订单结算
2026-04-22 03:15:54,'2026042203154921354624100793,入账,2.82,聚合账户,货款结算入账,小店自卖,'6951996546224035018,'6951996546224035018,'SS76302879490686694740063,2026-04-11 20:19:05,'3810163319155851664,可爱小黄鸡发绳闺蜜同款少女心爆棚萌系扎发神器皮筋卖萌头饰学生,,,普通订单,2.97,0,0,0,0,0,0,0,0,0,0,0,-0.15,0,0,0,0,0,0,否,0,义乌市於郝电子商务商行（个体工商户）,订单结算
2026-04-22 03:15:54,'2026042203154813477481480793,入账,5.29,聚合账户,货款结算入账,小店自卖,'6925536500094173143,'6925536500094173143,'SS76303121799083832660235,2026-04-11 23:29:49,'3808522822146457689,夏天简约随手盘发一字夹扭扭夹水钻抓夹高级发夹扭扭后脑勺盘发器,,,普通订单,5.57,0,0,0,0,0,0,0,0,0,0,0,-0.28,0,0,0,0,0,0,否,0,义乌市於郝电子商务商行（个体工商户）,订单结算
2026-04-22 03:16:18,'2026042203161232954944500793,入账,3.44,聚合账户,货款结算入账,小店自卖,'6952008797374125382,'6952008797374125382,'SS76303709260931569270110,2026-04-12 12:01:04,'3812736213081784671,韩系ins风高马尾香蕉夹竖夹女2026新款高级感发夹简约复古发饰,,,普通订单,3.62,0,0,0,0,0,0,0,0,0,0,0,-0.18,0,0,0,0,0,0,否,0,义乌市於郝电子商务商行（个体工商户）,订单结算
2026-04-22 03:16:18,'2026042203161323001380470793,入账,3.19,聚合账户,货款结算入账,小店自卖,'6925531499043979164,'6925531499043979164,'SS76303710894111503860146,2026-04-12 11:37:09,'3808855327718375885,复古豹纹褶皱中号香蕉夹高级感马尾扭扭夹后脑勺韩系显发量发卡,,,普通订单,3.36,0,0,0,0,0,0,0,0,0,0,0,-0.17,0,0,0,0,0,0,否,0,义乌市於郝电子商务商行（个体工商户）,订单结算
2026-04-22 03:16:18,'2026042203161223642934020793,入账,3.38,聚合账户,货款结算入账,小店自卖,'6925525954354249678,'6925525954354249678,'SS76302690982664975700074,2026-04-12 00:08:56,'3808826072573804729,迷你小号无痕鸭嘴夹抓夹小夹子精致蝴蝶结碎发夹刘海夹高级感发卡,,,普通订单,3.56,0,0,0,0,0,0,0,0,0,0,0,-0.18,0,0,0,0,0,0,否,0,义乌市於郝电子商务商行（个体工商户）,订单结算
2026-04-22 03:16:18,'2026042203161217672440830793,入账,2.65,聚合账户,货款结算入账,小店自卖,'6951990328429057667,'6951990328429057667,'SS76302647866857720590098,2026-04-11 23:07:57,'3808522822146457689,夏天简约随手盘发一字夹扭扭夹水钻抓夹高级发夹扭扭后脑勺盘发器,,,普通订单,2.79,0,0,0,0,0,0,0,0,0,0,0,-0.14,0,0,0,0,0,0,否,0,义乌市於郝电子商务商行（个体工商户）,订单结算
2026-04-22 03:16:18,'2026042203161211633953910793,入账,3.53,聚合账户,货款结算入账,小店自卖,'6925524140666683331,'6925524140666683331,'SS76303292393804767140006,2026-04-12 09:47:27,'3809273979772993843,新中式咖色碎花四层大肠发圈女慵懒风扎头发大号复古发饰头绳,,,普通订单,3.72,0,0,0,0,0,0,0,0,0,0,0,-0.19,0,0,0,0,0,0,否,0,义乌市於郝电子商务商行（个体工商户）,订单结算
2026-04-22 03:16:18,'2026042203161341362394100793,入账,3.14,聚合账户,货款结算入账,小店自卖,'6952012772001060393,'6952012772001060393,'SS76302650927314214500227,2026-04-12 04:10:44,'3808522822146457689,夏天简约随手盘发一字夹扭扭夹水钻抓夹高级发夹扭扭后脑勺盘发器,,,普通订单,3.31,0,0,0,0,0,0,0,0,0,0,0,-0.17,0,0,0,0,0,0,否,0,义乌市於郝电子商务商行（个体工商户）,订单结算
2026-04-22 03:16:18,'2026042203161411923338700793,入账,3.42,聚合账户,货款结算入账,小店自卖,'6925534779782692023,'6925534779782692023,'SS76303293378411607550026,2026-04-12 05:44:06,'3812574198275113159,雾中鸢尾~韩系气质麻花带齿发箍女款高级感洋气时尚洗脸头箍盘发,,,普通订单,3.6,0,0,0,0,0,0,0,0,0,0,0,-0.18,0,0,0,0,0,0,否,0,义乌市於郝电子商务商行（个体工商户）,订单结算
2026-04-22 03:16:18,'2026042203161439647483390793,入账,7.54,聚合账户,货款结算入账,小店自卖,'6951996174514918786,'6951996174514918786,'SS76302879663003246420048,2026-04-11 16:04:53,'3809602909876912378,2026韩系格子方巾大肠发圈高级慵懒风发绳扎方形头发头绳大号发饰,,,普通订单,7.94,0,0,0,0,0,0,0,0,0,0,0,-0.4,0,0,0,0,0,0,否,0,义乌市於郝电子商务商行（个体工商户）,订单结算
2026-04-22 03:16:18,'2026042203161405544187260793,入账,3.19,聚合账户,货款结算入账,小店自卖,'6925519328377405167,'6925519328377405167,'SS76302640180671780380174,2026-04-12 01:28:52,'3808855327718375885,复古豹纹褶皱中号香蕉夹高级感马尾扭扭夹后脑勺韩系显发量发卡,,,普通订单,3.36,0,0,0,0,0,0,0,0,0,0,0,-0.17,0,0,0,0,0,0,否,0,义乌市於郝电子商务商行（个体工商户）,订单结算
2026-04-22 03:16:18,'2026042203161239490691070793,入账,3.19,聚合账户,货款结算入账,小店自卖,'6952036917201344035,'6952036917201344035,'SS76304068020810429950106,2026-04-13 12:12:14,'3808855327718375885,复古豹纹褶皱中号香蕉夹高级感马尾扭扭夹后脑勺韩系显发量发卡,,,普通订单,3.36,0,0,0,0,0,0,0,0,0,0,0,-0.17,0,0,0,0,0,0,否,0,义乌市於郝电子商务商行（个体工商户）,订单结算
2026-04-22 03:16:18,'2026042203161415042524660793,入账,5.68,聚合账户,货款结算入账,小店自卖,'6925535942366625743,'6925535942366625743,'SS76303891196262812570120,2026-04-12 14:34:30,'3811282248515322341,可爱小黄鸡小猪发圈学生风萌系扎发神器黑色发绳扎头发皮筋卖头饰,,,普通订单,5.98,0,0,0,0,0,0,0,0,0,0,0,-0.3,0,0,0,0,0,0,否,0,义乌市於郝电子商务商行（个体工商户）,订单结算
2026-04-22 03:16:18,'2026042203161232955599860793,入账,2.72,聚合账户,货款结算入账,小店自卖,'6952010869221496500,'6952010869221496500,'SS76303733877595837790158,2026-04-12 09:05:18,'3808515754769383695,2026新款高级牡丹花流苏抓夹毛毛发夹后脑勺显发量大号鲨鱼夹头饰,,,普通订单,2.86,0,0,0,0,0,0,0,0,0,0,0,-0.14,0,0,0,0,0,0,否,0,义乌市於郝电子商务商行（个体工商户）,订单结算
2026-04-22 03:16:18,'2026042203161434743260430793,入账,3.91,聚合账户,货款结算入账,小店自卖,'6952002789994009666,'6952002789994009666,'SS76303893472185551450206,2026-04-12 16:14:02,'3808509441058406492,新款扭扭麻花发箍女简约高颅顶带齿防滑洗脸头箍发卡高级感民族风,,,普通订单,4.12,0,0,0,0,0,0,0,0,0,0,0,-0.21,0,0,0,0,0,0,否,0,义乌市於郝电子商务商行（个体工商户）,订单结算
2026-04-22 03:16:18,'2026042203161512811514970793,入账,3.93,聚合账户,货款结算入账,小店自卖,'6925587932936634250,'6925587932936634250,'SS76304136490097751140004,2026-04-14 23:46:38,'3811282248515322341,可爱小黄鸡小猪发圈学生风萌系扎发神器黑色发绳扎头发皮筋卖头饰,,,普通订单,4.14,0,0,0,0,0,0,0,0,0,0,0,-0.21,0,0,0,0,0,0,否,0,义乌市於郝电子商务商行（个体工商户）,订单结算
2026-04-22 03:16:18,'2026042203161407889884560793,入账,1.89,聚合账户,货款结算入账,小店自卖,'6925539349348515462,'6925539349348515462,'SS76303711630984852830196,2026-04-12 13:08:50,'3808855327718375885,复古豹纹褶皱中号香蕉夹高级感马尾扭扭夹后脑勺韩系显发量发卡,,,普通订单,1.99,0,0,0,0,0,0,0,0,0,0,0,-0.1,0,0,0,0,0,0,否,0,义乌市於郝电子商务商行（个体工商户）,订单结算
2026-04-22 03:16:18,'2026042203161332928404990793,入账,3.89,聚合账户,货款结算入账,小店自卖,'6925553331793722874,'6925553331793722874,'SS76303938488096732250038,2026-04-12 15:40:13,'3808855327718375885,复古豹纹褶皱中号香蕉夹高级感马尾扭扭夹后脑勺韩系显发量发卡,,,普通订单,4.09,0,0,0,0,0,0,0,0,0,0,0,-0.2,0,0,0,0,0,0,否,0,义乌市於郝电子商务商行（个体工商户）,订单结算
2026-04-22 03:16:18,'2026042203161439910651400793,入账,2.28,聚合账户,货款结算入账,小店自卖,'6925538959375040394,'6925538959375040394,'SS76303745212748436980119,2026-04-12 09:53:19,'3809214874429555055,【LOVEIXCC】新款法式网红发箍发卡宽边复古秋冬头饰百搭高级盘发器,,,普通订单,2.4,0,0,0,0,0,0,0,0,0,0,0,-0.12,0,0,0,0,0,0,否,0,义乌市於郝电子商务商行（个体工商户）,订单结算
2026-04-22 03:16:18,'2026042203161327987151460793,入账,4.77,聚合账户,货款结算入账,小店自卖,'6951985935463552894,'6951985935463552894,'SS76302691719899059720029,2026-04-11 20:59:09,'3808826072573804729,迷你小号无痕鸭嘴夹抓夹小夹子精致蝴蝶结碎发夹刘海夹高级感发卡,,,普通订单,5.02,0,0,0,0,0,0,0,0,0,0,0,-0.25,0,0,0,0,0,0,否,0,义乌市於郝电子商务商行（个体工商户）,订单结算
2026-04-22 03:16:18,'2026042203161233521339260793,入账,3.74,聚合账户,货款结算入账,小店自卖,'6951989917354759220,'6951989917354759220,'SS76302879517375534170165,2026-04-11 18:39:50,'3809602909876912378,2026韩系格子方巾大肠发圈高级慵懒风发绳扎方形头发头绳大号发饰,,,普通订单,3.94,0,0,0,0,0,0,0,0,0,0,0,-0.2,0,0,0,0,0,0,否,0,义乌市於郝电子商务商行（个体工商户）,订单结算
2026-04-22 03:16:18,'2026042203161512416169460793,入账,4.77,聚合账户,货款结算入账,巨量千川,'6952095447779054756,'6952095447779054756,'SS76304475658509196950217,2026-04-15 10:33:05,'3808826072573804729,迷你小号无痕鸭嘴夹抓夹小夹子精致蝴蝶结碎发夹刘海夹高级感发卡,,,普通订单,5.02,0,0,0,0,0,0,0,0,0,0,0,-0.25,0,0,0,0,0,0,否,0,义乌市於郝电子商务商行（个体工商户）,订单结算
2026-04-22 03:16:18,'2026042203161241286702480793,入账,4.62,聚合账户,货款结算入账,小店自卖,'6925623739853667649,'6925623739853667649,'SS76303706397609664420181,2026-04-16 08:39:24,'3808515754769383695,2026新款高级牡丹花流苏抓夹毛毛发夹后脑勺显发量大号鲨鱼夹头饰,,,普通订单,4.86,0,0,0,0,0,0,0,0,0,0,0,-0.24,0,0,0,0,0,0,,0,义乌市於郝电子商务商行（个体工商户）,订单结算
2026-04-22 03:16:19,'2026042203161401808468570793,入账,3.13,聚合账户,货款结算入账,小店自卖,'6951997774495945857,'6951997774495945857,'SS76303716262821240720163,2026-04-12 14:19:06,'3810163319155851664,可爱小黄鸡发绳闺蜜同款少女心爆棚萌系扎发神器皮筋卖萌头饰学生,,,普通订单,3.3,0,0,0,0,0,0,0,0,0,0,0,-0.17,0,0,0,0,0,0,否,0,义乌市於郝电子商务商行（个体工商户）,订单结算
2026-04-22 03:16:19,'2026042203161437863962060793,入账,1.89,聚合账户,货款结算入账,小店自卖,'6951986198130136800,'6951986198130136800,'SS76302624793736809460200,2026-04-11 22:53:46,'3808855327718375885,复古豹纹褶皱中号香蕉夹高级感马尾扭扭夹后脑勺韩系显发量发卡,,,普通订单,1.99,0,0,0,0,0,0,0,0,0,0,0,-0.1,0,0,0,0,0,0,否,0,义乌市於郝电子商务商行（个体工商户）,订单结算
2026-04-22 03:16:19,'2026042203161513389542670793,入账,1.89,聚合账户,货款结算入账,小店自卖,'6952031127273805310,'6952031127273805310,'SS76302964997586621820098,2026-04-13 19:51:07,'3808855327718375885,复古豹纹褶皱中号香蕉夹高级感马尾扭扭夹后脑勺韩系显发量发卡,,,普通订单,1.99,0,0,0,0,0,0,0,0,0,0,0,-0.1,0,0,0,0,0,0,否,0,义乌市於郝电子商务商行（个体工商户）,订单结算
2026-04-22 03:16:19,'2026042203161516031134820793,入账,3.19,聚合账户,货款结算入账,小店自卖,'6952013428850628193,'6952013428850628193,'SS76303711032437640110113,2026-04-12 14:03:17,'3808855327718375885,复古豹纹褶皱中号香蕉夹高级感马尾扭扭夹后脑勺韩系显发量发卡,,,普通订单,3.36,0,0,0,0,0,0,0,0,0,0,0,-0.17,0,0,0,0,0,0,否,0,义乌市於郝电子商务商行（个体工商户）,订单结算
2026-04-22 03:16:19,'2026042203161441485443070793,入账,4.08,聚合账户,货款结算入账,小店自卖,'6952101903458244364,'6952101903458244364,'SS76302862833702835720234,2026-04-16 09:57:13,'3809214874429555055,【LOVEIXCC】新款法式网红发箍发卡宽边复古秋冬头饰百搭高级盘发器,,,普通订单,4.3,0,0,0,0,0,0,0,0,0,0,0,-0.22,0,0,0,0,0,0,否,0,义乌市於郝电子商务商行（个体工商户）,订单结算
2026-04-22 03:16:19,'2026042203161415529293070793,入账,2.26,聚合账户,货款结算入账,小店自卖,'6952009194729641942,'6952009194729641942,'SS76303975556370767820005,2026-04-12 16:17:19,'3809979415216128130,可爱小黄鸡发圈萌系扎发神器黑色发绳扎头发皮筋儿童卡子卖萌头饰,,,普通订单,2.38,0.4,0,0,0,0,0,0,0,0,0,0,-0.12,0,0,0,0,0,0,否,0,义乌市於郝电子商务商行（个体工商户）,订单结算
2026-04-22 03:16:19,'2026042203161433387156750793,入账,3.93,聚合账户,货款结算入账,小店自卖,'6952015569397945951,'6952015569397945951,'SS76303716397079759880108,2026-04-12 13:27:26,'3811282248515322341,可爱小黄鸡小猪发圈学生风萌系扎发神器黑色发绳扎头发皮筋卖头饰,,,普通订单,4.14,0,0,0,0,0,0,0,0,0,0,0,-0.21,0,0,0,0,0,0,否,0,义乌市於郝电子商务商行（个体工商户）,订单结算
2026-04-22 03:16:19,'2026042203161517460108900793,入账,4.33,聚合账户,货款结算入账,小店自卖,'6951999018598012730,'6951999018598012730,'SS76302880352482596350048,2026-04-11 22:22:10,'3811107016030683631,森系干枯山茶花朵7cm小抓夹 百搭气质发夹女后脑勺超仙鲨夹发饰,,,普通订单,4.56,0,0,0,0,0,0,0,0,0,0,0,-0.23,0,0,0,0,0,0,否,0,义乌市於郝电子商务商行（个体工商户）,订单结算
2026-04-22 03:16:19,'2026042203161339604598160793,入账,5.68,聚合账户,货款结算入账,小店自卖,'6925621400872386027,'6925621400872386027,'SS76303942113867208030004,2026-04-16 10:41:37,'3811282248515322341,可爱小黄鸡小猪发圈学生风萌系扎发神器黑色发绳扎头发皮筋卖头饰,,,普通订单,5.98,0,0,0,0,0,0,0,0,0,0,0,-0.3,0,0,0,0,0,0,否,0,义乌市於郝电子商务商行（个体工商户）,订单结算
2026-04-22 03:16:19,'2026042203161435368514830793,入账,2.28,聚合账户,货款结算入账,小店自卖,'6925519183170075708,'6925519183170075708,'SS76302681722899008520048,2026-04-11 23:41:51,'3809214874429555055,【LOVEIXCC】新款法式网红发箍发卡宽边复古秋冬头饰百搭高级盘发器,,,普通订单,2.4,0,0,0,0,0,0,0,0,0,0,0,-0.12,0,0,0,0,0,0,,0,义乌市於郝电子商务商行（个体工商户）,订单结算
2026-04-22 03:16:19,'2026042203161303287168400793,入账,3.33,聚合账户,货款结算入账,小店自卖,'6925516263929248932,'6925516263929248932,'SS76302879702104476310248,2026-04-11 17:19:37,'3808502000237281569,波点磨砂透明多巴胺夹缠线缎面彩色波点马卡龙中号香蕉夹学生发夹,,,普通订单,3.51,0,0,0,0,0,0,0,0,0,0,0,-0.18,0,0,0,0,0,0,否,0,义乌市於郝电子商务商行（个体工商户）,订单结算
2026-04-22 03:16:19,'2026042203161327524797540793,入账,3.19,聚合账户,货款结算入账,小店自卖,'6951972268456613478,'6951972268456613478,'SS76302638092209523540021,2026-04-11 16:58:45,'3808855327718375885,复古豹纹褶皱中号香蕉夹高级感马尾扭扭夹后脑勺韩系显发量发卡,,,普通订单,3.36,0,0,0,0,0,0,0,0,0,0,0,-0.17,0,0,0,0,0,0,否,0,义乌市於郝电子商务商行（个体工商户）,订单结算
2026-04-22 03:16:19,'2026042203161518170065980793,入账,3.38,聚合账户,货款结算入账,小店自卖,'6925597319106428002,'6925597319106428002,'SS76303305668696151580005,2026-04-15 05:24:08,'3808826072573804729,迷你小号无痕鸭嘴夹抓夹小夹子精致蝴蝶结碎发夹刘海夹高级感发卡,,,普通订单,3.56,0,0,0,0,0,0,0,0,0,0,0,-0.18,0,0,0,0,0,0,否,0,义乌市於郝电子商务商行（个体工商户）,订单结算
2026-04-22 03:16:19,'2026042203161613761295740793,入账,2.65,聚合账户,货款结算入账,巨量千川,'6951985899168142452,'6951985899168142452,'SS76302647809239168270147,2026-04-11 20:53:08,'3808522822146457689,夏天简约随手盘发一字夹扭扭夹水钻抓夹高级发夹扭扭后脑勺盘发器,,,普通订单,2.79,0,0,0,0,0,0,0,0,0,0,0,-0.14,0,0,0,0,0,0,否,0,义乌市於郝电子商务商行（个体工商户）,订单结算
2026-04-22 03:16:19,'2026042203161504490860020793,入账,4.77,聚合账户,货款结算入账,小店自卖,'6925518369422016456,'6925518369422016456,'SS76303559323681595280174,2026-04-11 17:44:35,'3808826072573804729,迷你小号无痕鸭嘴夹抓夹小夹子精致蝴蝶结碎发夹刘海夹高级感发卡,,,普通订单,5.02,0,0,0,0,0,0,0,0,0,0,0,-0.25,0,0,0,0,0,0,否,0,义乌市於郝电子商务商行（个体工商户）,订单结算
2026-04-22 03:16:19,'2026042203161502100270440793,入账,5.51,聚合账户,货款结算入账,小店自卖,'6925531713640234286,'6925531713640234286,'SS76303732586861038480230,2026-04-12 13:08:36,'3812210500259938495,可爱蝴蝶结小猫无痕刘海贴魔术贴发饰少女前额侧边碎发贴整理神器,,,普通订单,5.8,0,0,0,0,0,0,0,0,0,0,0,-0.29,0,0,0,0,0,0,否,0,义乌市於郝电子商务商行（个体工商户）,订单结算
2026-04-22 03:16:19,'2026042203161420057136640793,入账,3.44,聚合账户,货款结算入账,小店自卖,'6925503275132747568,'6925503275132747568,'SS76304129015727232360030,2026-04-11 12:32:27,'3809214874429555055,【LOVEIXCC】新款法式网红发箍发卡宽边复古秋冬头饰百搭高级盘发器,,,普通订单,3.62,0,0,0,0,0,0,0,0,0,0,0,-0.18,0,0,0,0,0,0,否,0,义乌市於郝电子商务商行（个体工商户）,订单结算
2026-04-22 03:16:19,'2026042203161437539023510793,入账,2.72,聚合账户,货款结算入账,小店自卖,'6925521650985499767,'6925521650985499767,'SS76302660380184092260037,2026-04-12 02:02:35,'3808518913650721160,新款高级牡丹花流苏抓夹毛毛发夹后脑勺显发量大号鲨鱼头饰发夹,,,普通订单,2.86,0,0,0,0,0,0,0,0,0,0,0,-0.14,0,0,0,0,0,0,否,0,义乌市於郝电子商务商行（个体工商户）,订单结算
2026-04-22 03:16:40,'2026042203163634188168110793,入账,4.77,聚合账户,货款结算入账,巨量千川,'6952135257770694358,'6952135257770694358,'SS76303724303345751550202,2026-04-16 16:04:35,'3808826072573804729,迷你小号无痕鸭嘴夹抓夹小夹子精致蝴蝶结碎发夹刘海夹高级感发卡,,,普通订单,3.62,0,0,1.4,0,0,0,0,0,0,0,0,-0.25,0,0,0,0,0,0,否,0,义乌市於郝电子商务商行（个体工商户）,订单结算
2026-04-22 03:16:40,'2026042203163707132946460793,入账,3.15,聚合账户,货款结算入账,小店自卖,'6952074156643456771,'6952074156643456771,'SS76304311206769953370207,2026-04-14 12:57:36,'3808518913650721160,新款高级牡丹花流苏抓夹毛毛发夹后脑勺显发量大号鲨鱼头饰发夹,,,普通订单,2.16,0,0,1.16,0,0,0,0,0,0,0,0,-0.17,0,0,0,0,0,0,,0,义乌市於郝电子商务商行（个体工商户）,订单结算
2026-04-22 03:16:40,'2026042203163634060373110793,入账,2.8,聚合账户,货款结算入账,小店自卖,'6952003774128592523,'6952003774128592523,'SS76302662079422182780094,2026-04-11 23:50:36,'3809599445994176839,春日超仙韩系碎花蕾丝大肠发圈女甜美感丸子头慵懒风超大发饰头绳,,,普通订单,0.01,0,0,2.94,0,0,0,0,0,0,0,0,-0.15,0,0,0,0,0,0,,0,义乌市於郝电子商务商行（个体工商户）,订单结算
2026-04-22 03:16:40,'2026042203163620594363420793,入账,2.26,聚合账户,货款结算入账,小店自卖,'6951995097600038752,'6951995097600038752,'SS76302880656764114420222,2026-04-11 23:52:57,'3811282248515322341,可爱小黄鸡小猪发圈学生风萌系扎发神器黑色发绳扎头发皮筋卖头饰,,,普通订单,2.38,0,0,0,0,0,0,0,0,0,0,0,-0.12,0,0,0,0,0,0,否,0,义乌市於郝电子商务商行（个体工商户）,订单结算
2026-04-22 03:16:41,'2026042203163536491271870793,入账,1.89,聚合账户,货款结算入账,小店自卖,'6951988567648179878,'6951988567648179878,'SS76302718758729979310247,2026-04-12 07:37:03,'3812736213081784671,韩系ins风高马尾香蕉夹竖夹女2026新款高级感发夹简约复古发饰,,,普通订单,0.01,0,0,1.98,0,0,0,0,0,0,0,0,-0.1,0,0,0,0,0,0,,0,义乌市於郝电子商务商行（个体工商户）,订单结算
2026-04-22 03:16:52,'2026042203164712760031260793,入账,1.89,聚合账户,货款结算入账,小店自卖,'6952013400083469399,'6952013400083469399,'SS76303704406786053520147,2026-04-12 13:57:53,'3808855327718375885,复古豹纹褶皱中号香蕉夹高级感马尾扭扭夹后脑勺韩系显发量发卡,,,普通订单,0.01,0,0,1.98,0,0,0,0,0,0,0,0,-0.1,0,0,0,0,0,0,否,0,义乌市於郝电子商务商行（个体工商户）,订单结算
2026-04-22 03:16:52,'2026042203164531806262390793,入账,2.72,聚合账户,货款结算入账,巨量千川,'6951938629336044598,'6951938629336044598,'SS76302420061782553940082,2026-04-09 20:42:06,'3808518913650721160,新款高级牡丹花流苏抓夹毛毛发夹后脑勺显发量大号鲨鱼头饰发夹,,,普通订单,0.01,0,0,2.85,0,0,0,0,0,0,0,0,-0.14,0,0,0,0,0,0,,0,义乌市於郝电子商务商行（个体工商户）,订单结算
2026-04-22 03:16:52,'2026042203164730076605440793,入账,3.89,聚合账户,货款结算入账,小店自卖,'6925544108612812586,'6925544108612812586,'SS76303462644545789440007,2026-04-12 16:10:14,'3808855327718375885,复古豹纹褶皱中号香蕉夹高级感马尾扭扭夹后脑勺韩系显发量发卡,,,普通订单,0.09,0,0,4,0,0,0,0,0,0,0,0,-0.2,0,0,0,0,0,0,,0,义乌市於郝电子商务商行（个体工商户）,订单结算
2026-04-22 03:16:52,'2026042203164728322859520793,入账,6.17,聚合账户,货款结算入账,小店自卖,'6925534842127547987,'6925534842127547987,'SS76302880983392630030093,2026-04-12 07:09:17,'3808509441058406492,新款扭扭麻花发箍女简约高颅顶带齿防滑洗脸头箍发卡高级感民族风,,,普通订单,3.9,0,0,2.6,0,0,0,0,0,0,0,0,-0.33,0,0,0,0,0,0,否,0,义乌市於郝电子商务商行（个体工商户）,订单结算
2026-04-22 03:16:52,'2026042203164621102594970793,入账,2.77,聚合账户,货款结算入账,小店自卖,'6951853714827450184,'6951853714827450184,'SS76302945372402857050116,2026-04-06 17:35:57,'3808518913650721160,新款高级牡丹花流苏抓夹毛毛发夹后脑勺显发量大号鲨鱼头饰发夹,,,普通订单,0.01,0,0,2.91,0,0,0,0,0,0,0,0,-0.15,0,0,0,0,0,0,,0,义乌市於郝电子商务商行（个体工商户）,订单结算
2026-04-22 03:17:07,'2026042203170122119549440793,入账,5.68,聚合账户,货款结算入账,小店自卖,'6925548347916123263,'6925548347916123263,'SS76303891065666936470174,2026-04-12 14:45:50,'3811282248515322341,可爱小黄鸡小猪发圈学生风萌系扎发神器黑色发绳扎头发皮筋卖头饰,,,普通订单,5.98,0,0,0,0,0,0,0,0,0,0,0,-0.3,0,0,0,0,0,0,否,0,义乌市於郝电子商务商行（个体工商户）,订单结算
2026-04-22 03:17:07,'2026042203170212250650120793,入账,3.21,聚合账户,货款结算入账,小店自卖,'6925520648371404616,'6925520648371339080,'SS76303694305976325520100,2026-04-11 17:51:54,'3812552923053949427,韩系甜美复古黑白波点蝴蝶结香蕉夹气质百搭后脑勺头饰扭扭夹,,,普通订单,3.38,0,0,0,0,0,0,0,0,0,0,0,-0.17,0,0,0,0,0,0,否,0,义乌市於郝电子商务商行（个体工商户）,订单结算
2026-04-22 03:17:07,'2026042203170115953267740793,入账,3.29,聚合账户,货款结算入账,小店自卖,'6951990565020767600,'6951990565020767600,'SS76302635496088701840133,2026-04-12 05:41:03,'3808855327718375885,复古豹纹褶皱中号香蕉夹高级感马尾扭扭夹后脑勺韩系显发量发卡,,,普通订单,1.46,0,0,2,0,0,0,0,0,0,0,0,-0.17,0,0,0,0,0,0,否,0,义乌市於郝电子商务商行（个体工商户）,订单结算
2026-04-22 03:17:07,'2026042203170336828779920793,入账,1.89,聚合账户,货款结算入账,小店自卖,'6925510289036901416,'6925510289036901416,'SS76302620792704207720250,2026-04-11 19:32:12,'3808855327718375885,复古豹纹褶皱中号香蕉夹高级感马尾扭扭夹后脑勺韩系显发量发卡,,,普通订单,1.99,0,0,0,0,0,0,0,0,0,0,0,-0.1,0,0,0,0,0,0,否,0,义乌市於郝电子商务商行（个体工商户）,订单结算
2026-04-22 03:17:08,'2026042203170205879895380793,入账,1.89,聚合账户,货款结算入账,小店自卖,'6925550766387592717,'6925550766387592717,'SS76303705008623787900083,2026-04-12 14:24:22,'3808855327718375885,复古豹纹褶皱中号香蕉夹高级感马尾扭扭夹后脑勺韩系显发量发卡,,,普通订单,1.99,0,0,0,0,0,0,0,0,0,0,0,-0.1,0,0,0,0,0,0,否,0,义乌市於郝电子商务商行（个体工商户）,订单结算
2026-04-22 03:17:11,'2026042203170740404137050793,入账,3.14,聚合账户,货款结算入账,小店自卖,'6925532603716172959,'6925532603716172959,'SS76302651095725678180124,2026-04-12 08:21:40,'3808522822146457689,夏天简约随手盘发一字夹扭扭夹水钻抓夹高级发夹扭扭后脑勺盘发器,,,普通订单,2.51,0,0,0.8,0,0,0,0,0,0,0,0,-0.17,0,0,0,0,0,0,否,0,义乌市於郝电子商务商行（个体工商户）,订单结算
2026-04-22 03:18:16,'2026042203181111451435860793,入账,5.68,聚合账户,货款结算入账,小店自卖,'6925528803467558736,'6925528803467558736,'SS76303890263909993340095,2026-04-12 09:34:37,'3811282248515322341,可爱小黄鸡小猪发圈学生风萌系扎发神器黑色发绳扎头发皮筋卖头饰,,,普通订单,0.98,0,0,5,0,0,0,0,0,0,0,0,-0.3,0,0,0,0,0,0,否,0,义乌市於郝电子商务商行（个体工商户）,订单结算
2026-04-22 03:18:16,'2026042203181135362572890793,入账,5.68,聚合账户,货款结算入账,小店自卖,'6951981016964077183,'6951981016964077183,'SS76303889906176166820211,2026-04-11 19:07:22,'3811282248515322341,可爱小黄鸡小猪发圈学生风萌系扎发神器黑色发绳扎头发皮筋卖头饰,,,普通订单,5.98,0,0,0,0,0,0,0,0,0,0,0,-0.3,0,0,0,0,0,0,否,0,义乌市於郝电子商务商行（个体工商户）,订单结算
2026-04-22 03:18:16,'2026042203180940866291470793,入账,2.77,聚合账户,货款结算入账,小店自卖,'6951996158907717366,'6951996158907717366,'SS76302661431145108880065,2026-04-11 15:35:25,'3808515754769383695,2026新款高级牡丹花流苏抓夹毛毛发夹后脑勺显发量大号鲨鱼夹头饰,,,普通订单,0.01,0,0,2.91,0,0,0,0,0,0,0,0,-0.15,0,0,0,0,0,0,,0,义乌市於郝电子商务商行（个体工商户）,订单结算
2026-04-22 03:18:16,'2026042203181033350825470793,入账,2.72,聚合账户,货款结算入账,小店自卖,'6951983276341073326,'6951983276341073326,'SS76302657989300598120156,2026-04-11 16:28:25,'3808515754769383695,2026新款高级牡丹花流苏抓夹毛毛发夹后脑勺显发量大号鲨鱼夹头饰,,,普通订单,2.86,0,0,0,0,0,0,0,0,0,0,0,-0.14,0,0,0,0,0,0,否,0,义乌市於郝电子商务商行（个体工商户）,订单结算
2026-04-22 03:18:16,'2026042203181211756549580793,入账,2.84,聚合账户,货款结算入账,巨量千川,'6952008325178988171,'6952008325178988171,'SS76302880909435215870235,2026-04-12 06:13:47,'3811107016030683631,森系干枯山茶花朵7cm小抓夹 百搭气质发夹女后脑勺超仙鲨夹发饰,,,普通订单,0.01,0,0,2.98,0,0,0,0,0,0,0,0,-0.15,0,0,0,0,0,0,,0,义乌市於郝电子商务商行（个体工商户）,订单结算
2026-04-22 03:18:36,'2026042203183104701066760793,入账,1.89,聚合账户,货款结算入账,巨量千川,'6925523532729974471,'6925523532729974471,'SS76302639582472276910041,2026-04-11 23:28:09,'3808855327718375885,复古豹纹褶皱中号香蕉夹高级感马尾扭扭夹后脑勺韩系显发量发卡,,,普通订单,0.01,0,0,1.98,0,0,0,0,0,0,0,0,-0.1,0,0,0,0,0,0,,0,义乌市於郝电子商务商行（个体工商户）,订单结算
2026-04-22 03:18:36,'2026042203182920354010120793,入账,1.89,聚合账户,货款结算入账,小店自卖,'6952015317866256141,'6952015317866256141,'SS76303702224906368630180,2026-04-12 11:14:10,'3808855327718375885,复古豹纹褶皱中号香蕉夹高级感马尾扭扭夹后脑勺韩系显发量发卡,,,普通订单,1.99,0,0,0,0,0,0,0,0,0,0,0,-0.1,0,0,0,0,0,0,否,0,义乌市於郝电子商务商行（个体工商户）,订单结算
2026-04-22 03:18:36,'2026042203183109691018580793,入账,1.89,聚合账户,货款结算入账,小店自卖,'6951983119505167774,'6951983119505167774,'SS76302618349193999450064,2026-04-11 15:18:53,'3808855327718375885,复古豹纹褶皱中号香蕉夹高级感马尾扭扭夹后脑勺韩系显发量发卡,,,普通订单,1.7,0,0,0.29,0,0,0,0,0,0,0,0,-0.1,0,0,0,0,0,0,否,0,义乌市於郝电子商务商行（个体工商户）,订单结算
2026-04-22 03:18:36,'2026042203183111625433950793,入账,4.77,聚合账户,货款结算入账,小店自卖,'6952125766121428185,'6952125766121428185,'SS76304242866667361630079,2026-04-16 08:55:52,'3808826072573804729,迷你小号无痕鸭嘴夹抓夹小夹子精致蝴蝶结碎发夹刘海夹高级感发卡,,,普通订单,5.02,0,0,0,0,0,0,0,0,0,0,0,-0.25,0,0,0,0,0,0,否,0,义乌市於郝电子商务商行（个体工商户）,订单结算
2026-04-22 03:18:36,'2026042203183100763868680793,入账,3.14,聚合账户,货款结算入账,巨量千川,'6951965311419684138,'6951965311419684138,'SS76302652361861207040034,2026-04-11 15:43:42,'3808522822146457689,夏天简约随手盘发一字夹扭扭夹水钻抓夹高级发夹扭扭后脑勺盘发器,,,普通订单,3.31,0,0,0,0,0,0,0,0,0,0,0,-0.17,0,0,0,0,0,0,,0,义乌市於郝电子商务商行（个体工商户）,订单结算
2026-04-22 03:19:26,'2026042203192104028708240793,入账,1.89,聚合账户,货款结算入账,巨量千川,'6925553519669378510,'6925553519669378510,'SS76303940015110884350083,2026-04-12 16:40:25,'3808855327718375885,复古豹纹褶皱中号香蕉夹高级感马尾扭扭夹后脑勺韩系显发量发卡,,,普通订单,0.01,0,0,1.98,0,0,0,0,0,0,0,0,-0.1,0,0,0,0,0,0,,0,义乌市於郝电子商务商行（个体工商户）,订单结算
2026-04-22 03:19:42,'2026042203193708640763280793,入账,4.81,聚合账户,货款结算入账,小店自卖,'6952007980691888099,'6952007980691888099,'SS76302660621524833820129,2026-04-11 22:10:15,'3808518913650721160,新款高级牡丹花流苏抓夹毛毛发夹后脑勺显发量大号鲨鱼头饰发夹,,,普通订单,2.06,0,0,3,0,0,0,0,0,0,0,0,-0.25,0,0,0,0,0,0,,0,义乌市於郝电子商务商行（个体工商户）,订单结算
2026-04-22 03:19:42,'2026042203193712891261780793,入账,1.89,聚合账户,货款结算入账,巨量千川,'6925636669694246172,'6925636669694246172,'SS76304104184159606100242,2026-04-16 11:08:25,'3808855327718375885,复古豹纹波点褶皱高马尾香蕉夹小号后脑勺竖夹韩系显发量发夹,,,普通订单,0.01,0,0,1.98,0,0,0,0,0,0,0,0,-0.1,0,0,0,0,0,0,,0,义乌市於郝电子商务商行（个体工商户）,订单结算
2026-04-22 03:19:42,'2026042203193608866045440793,入账,6.89,聚合账户,货款结算入账,小店自卖,'6952112229185099600,'6952112229185099600,'SS76303888879401045000143,2026-04-15 22:27:03,'3811294538555850878,韩系复古大肠蕾丝发圈波点新款高级四层头发丸子马尾高级头绳发饰,,,普通订单,2.25,0,0,5,0,0,0,0,0,0,0,0,-0.36,0,0,0,0,0,0,否,0,义乌市於郝电子商务商行（个体工商户）,订单结算
2026-04-22 03:19:42,'2026042203193720554877790793,入账,5.68,聚合账户,货款结算入账,小店自卖,'6925526514622496288,'6925526514622496288,'SS76303891840536909060189,2026-04-12 09:52:30,'3811282248515322341,可爱小黄鸡小猪发圈学生风萌系扎发神器黑色发绳扎头发皮筋卖头饰,,,普通订单,5.98,0,0,0,0,0,0,0,0,0,0,0,-0.3,0,0,0,0,0,0,否,0,义乌市於郝电子商务商行（个体工商户）,订单结算
2026-04-22 03:19:42,'2026042203193800973542400793,入账,4.41,聚合账户,货款结算入账,小店自卖,'6951997147611338201,'6951997147611338201,'SS76303975548822820250092,2026-04-12 07:23:50,'3811282248515322341,可爱小黄鸡小猪发圈学生风萌系扎发神器黑色发绳扎头发皮筋卖头饰,,,普通订单,4.64,0,0,0,0,0,0,0,0,0,0,0,-0.23,0,0,0,0,0,0,,0,义乌市於郝电子商务商行（个体工商户）,订单结算
2026-04-22 03:19:58,'2026042203195229529052160793,入账,3.19,聚合账户,货款结算入账,小店自卖,'6952013608821921763,'6952013608821921763,'SS76303938107280921660162,2026-04-12 16:05:14,'3808855327718375885,复古豹纹褶皱中号香蕉夹高级感马尾扭扭夹后脑勺韩系显发量发卡,,,普通订单,3.36,0,0,0,0,0,0,0,0,0,0,0,-0.17,0,0,0,0,0,0,否,0,义乌市於郝电子商务商行（个体工商户）,订单结算
2026-04-22 03:19:58,'2026042203195105300390550793,入账,2.72,聚合账户,货款结算入账,小店自卖,'6925523172828937324,'6925523172828937324,'SS76302658216607915870161,2026-04-11 21:05:49,'3808518913650721160,新款高级牡丹花流苏抓夹毛毛发夹后脑勺显发量大号鲨鱼头饰发夹,,,普通订单,2.86,0,0,0,0,0,0,0,0,0,0,0,-0.14,0,0,0,0,0,0,否,0,义乌市於郝电子商务商行（个体工商户）,订单结算
2026-04-22 03:19:58,'2026042203195210370588680793,入账,2.72,聚合账户,货款结算入账,小店自卖,'6925521439912787843,'6925521439912787843,'SS76302657445890951950073,2026-04-11 23:17:01,'3808518913650721160,新款高级牡丹花流苏抓夹毛毛发夹后脑勺显发量大号鲨鱼头饰发夹,,,普通订单,2.86,0,0,0,0,0,0,0,0,0,0,0,-0.14,0,0,0,0,0,0,否,0,义乌市於郝电子商务商行（个体工商户）,订单结算
2026-04-22 03:19:58,'2026042203195206218391380793,入账,2.72,聚合账户,货款结算入账,小店自卖,'6951871496050644601,'6951871496050644601,'SS76302961634972308840008,2026-04-06 20:28:38,'3808518913650721160,新款高级牡丹花流苏抓夹毛毛发夹后脑勺显发量大号鲨鱼头饰发夹,,,普通订单,0.01,0,0,2.85,0,0,0,0,0,0,0,0,-0.14,0,0,0,0,0,0,,0,义乌市於郝电子商务商行（个体工商户）,订单结算
2026-04-22 03:19:58,'2026042203195236409183070793,入账,3.32,聚合账户,货款结算入账,小店自卖,'6925550859267570962,'6925550859267570962,'SS76303733616595440640010,2026-04-12 14:43:38,'3808515754769383695,2026新款高级牡丹花流苏抓夹毛毛发夹后脑勺显发量大号鲨鱼夹头饰,,,普通订单,1.5,0,0,2,0,0,0,0,0,0,0,0,-0.18,0,0,0,0,0,0,否,0,义乌市於郝电子商务商行（个体工商户）,订单结算
2026-04-22 03:20:12,'2026042203200805327429480793,入账,6.22,聚合账户,货款结算入账,小店自卖,'6952070259398088570,'6952070259398088570,'SS76304007032398323350208,2026-04-14 21:03:01,'3811294538555850878,韩系复古大肠蕾丝发圈波点新款高级四层头发丸子马尾高级头绳发饰,,,普通订单,2.49,0,0,4.06,0,0,0,0,0,0,0,0,-0.33,0,0,0,0,0,0,,0,义乌市於郝电子商务商行（个体工商户）,订单结算
2026-04-22 03:24:43,'2026042203243713189122900793,入账,4.94,聚合账户,货款结算入账,小店自卖,'6952009025183028738,'6952009025183028738,'SS76303716402800931940211,2026-04-12 14:47:26,'3811282248515322341,可爱小黄鸡小猪发圈学生风萌系扎发神器黑色发绳扎头发皮筋卖头饰,,,普通订单,0.2,0,0,5,0,0,0,0,0,0,0,0,-0.26,0,0,0,0,0,0,否,0,义乌市於郝电子商务商行（个体工商户）,订单结算
2026-04-22 03:24:54,'2026042203244806254108520793,入账,4.81,聚合账户,货款结算入账,小店自卖,'6951851945323730389,'6951851945323730389,'SS76302967820481994750035,2026-04-07 07:40:10,'3808518913650721160,新款高级牡丹花流苏抓夹毛毛发夹后脑勺显发量大号鲨鱼头饰发夹,,,普通订单,3.66,0,0,1.4,0,0,0,0,0,0,0,0,-0.25,0,0,0,0,0,0,否,0,义乌市於郝电子商务商行（个体工商户）,订单结算
2026-04-22 03:25:11,'2026042203250538379525220793,入账,2.65,聚合账户,货款结算入账,小店自卖,'6925529771384798336,'6925529771384798336,'SS76302638209465759220223,2026-04-11 18:19:15,'3808855327718375885,复古豹纹褶皱中号香蕉夹高级感马尾扭扭夹后脑勺韩系显发量发卡,,,普通订单,0.01,0,0,2.78,0,0,0,0,0,0,0,0,-0.14,0,0,0,0,0,0,,0,义乌市於郝电子商务商行（个体工商户）,订单结算
2026-04-22 03:25:35,'2026042203252914062723080793,入账,4.86,聚合账户,货款结算入账,小店自卖,'6925618327494688289,'6925618327494688289,'SS76303461703402173780206,2026-04-15 22:48:13,'3811460006382010734,简约几何波浪珍珠抓夹女2026新款后脑勺发夹鲨鱼夹子大号发量发饰,,,普通订单,5.12,0,0,0,0,0,0,0,0,0,0,0,-0.26,0,0,0,0,0,0,否,0,义乌市於郝电子商务商行（个体工商户）,订单结算
2026-04-22 03:25:35,'2026042203252830172122120793,入账,9.2,聚合账户,货款结算入账,小店自卖,'6925543976193654758,'6925543976193654758,'SS76303715745963873800163,2026-04-12 15:10:05,'3809238632057929992,韩国France博主同款可爱猫咪香蕉夹中号女高级感醋酸马尾竖夹发夹,,,普通订单,9.68,0,0,0,0,0,0,0,0,0,0,0,-0.48,0,0,0,0,0,0,否,0,义乌市於郝电子商务商行（个体工商户）,订单结算
2026-04-22 03:25:35,'2026042203253000966047060793,入账,1.89,聚合账户,货款结算入账,巨量千川,'6925524514933473206,'6925524514933473206,'SS76303711630766907220210,2026-04-12 13:01:51,'3808855327718375885,复古豹纹褶皱中号香蕉夹高级感马尾扭扭夹后脑勺韩系显发量发卡,,,普通订单,0.01,0,0,1.98,0,0,0,0,0,0,0,0,-0.1,0,0,0,0,0,0,,0,义乌市於郝电子商务商行（个体工商户）,订单结算
2026-04-22 03:25:35,'2026042203252935740060520793,入账,1.89,聚合账户,货款结算入账,小店自卖,'6952012962239551448,'6952012962239551448,'SS76304101865905687670181,2026-04-12 09:21:15,'3812736213081784671,韩系ins风高马尾香蕉夹竖夹女2026新款高级感发夹简约复古发饰,,,普通订单,1.99,0,0,0,0,0,0,0,0,0,0,0,-0.1,0,0,0,0,0,0,否,0,义乌市於郝电子商务商行（个体工商户）,订单结算
2026-04-22 03:25:35,'2026042203253016277179290793,入账,4.14,聚合账户,货款结算入账,小店自卖,'6951976469078676746,'6951976469078676746,'SS76302631745254733340221,2026-04-11 15:29:47,'3808855327718375885,复古豹纹褶皱中号香蕉夹高级感马尾扭扭夹后脑勺韩系显发量发卡,,,普通订单,4.36,1,0,0,0,0,0,0,0,0,0,0,-0.22,0,0,0,0,0,0,否,0,义乌市於郝电子商务商行（个体工商户）,订单结算
2026-04-22 03:25:38,'2026042203253334573563340793,入账,9.93,聚合账户,货款结算入账,小店自卖,'6952116400812201948,'6952116400812201948,'SS76302852737845540100122,2026-04-15 21:09:58,'3809273979772993843,新中式咖色碎花四层大肠发圈女慵懒风扎头发大号复古发饰头绳,,,普通订单,8.45,0,0,2,0,0,0,0,0,0,0,0,-0.52,0,0,0,0,0,0,,0,义乌市於郝电子商务商行（个体工商户）,订单结算
2026-04-22 03:25:52,'2026042203254523410120030793,入账,3.14,聚合账户,货款结算入账,巨量千川,'6925522640096033940,'6925522640096033940,'SS76302652374717898340234,2026-04-11 16:43:50,'3808522822146457689,夏天简约随手盘发一字夹扭扭夹水钻抓夹高级发夹扭扭后脑勺盘发器,,,普通订单,3.31,0,0,0,0,0,0,0,0,0,0,0,-0.17,0,0,0,0,0,0,否,0,义乌市於郝电子商务商行（个体工商户）,订单结算
2026-04-22 03:25:52,'2026042203254614904202590793,入账,0.94,聚合账户,货款结算入账,小店自卖,'6925623811321593657,'6925623811321593657,'SS76303981476675100220220,2026-04-15 11:32:48,'3808855327718375885,复古豹纹波点褶皱高马尾香蕉夹小号后脑勺竖夹韩系显发量发夹,,,普通订单,1.99,0,0,0,0,0,0,0,0,0,0,-1,-0.05,0,0,0,0,0,0,否,0,义乌市於郝电子商务商行（个体工商户）,订单结算
2026-04-22 03:25:52,'2026042203254624754096790793,入账,1.89,聚合账户,货款结算入账,小店自卖,'6925633501600120273,'6925633501600120273,'SS76303067034109547710018,2026-04-15 23:24:19,'3808855327718375885,复古豹纹波点褶皱高马尾香蕉夹小号后脑勺竖夹韩系显发量发夹,,,普通订单,1.99,0,0,0,0,0,0,0,0,0,0,0,-0.1,0,0,0,0,0,0,否,0,义乌市於郝电子商务商行（个体工商户）,订单结算
2026-04-22 03:25:52,'2026042203254618292411290793,入账,1.89,聚合账户,货款结算入账,小店自卖,'6951985869506548854,'6951985869506548854,'SS76302620800464489150171,2026-04-11 20:15:46,'3808855327718375885,复古豹纹褶皱中号香蕉夹高级感马尾扭扭夹后脑勺韩系显发量发卡,,,普通订单,1.99,0,0,0,0,0,0,0,0,0,0,0,-0.1,0,0,0,0,0,0,否,0,义乌市於郝电子商务商行（个体工商户）,订单结算
2026-04-22 03:25:52,'2026042203254432262234010793,入账,3.82,聚合账户,货款结算入账,小店自卖,'6951999829603783986,'6951999829603783986,'SS76289419966485143390088,2026-04-12 12:28:46,'3808826072573804729,迷你小号无痕鸭嘴夹抓夹小夹子精致蝴蝶结碎发夹刘海夹高级感发卡,,,普通订单,5.02,0,0,0,0,0,0,0,0,0,0,-1,-0.2,0,0,0,0,0,0,否,0,义乌市於郝电子商务商行（个体工商户）,订单结算
2026-04-22 03:26:29,'2026042203262432395310340793,入账,8.15,聚合账户,货款结算入账,小店自卖,'6951998834266019445,'6951998834266019445,'SS76274875284489833470249,2026-04-11 21:03:58,'3808515754769383695,2026新款高级牡丹花流苏抓夹毛毛发夹后脑勺显发量大号鲨鱼夹头饰,,,普通订单,8.58,0,0,0,0,0,0,0,0,0,0,0,-0.43,0,0,0,0,0,0,否,0,义乌市於郝电子商务商行（个体工商户）,订单结算
2026-04-22 03:26:29,'2026042203262332727534600793,入账,4.86,聚合账户,货款结算入账,小店自卖,'6925527148137906062,'6925527148137906062,'SS76302879925732149860240,2026-04-11 16:24:07,'3811460006382010734,简约几何波浪珍珠抓夹女2026新款后脑勺发夹鲨鱼夹子大号发量发饰,,,普通订单,5.12,0,0,0,0,0,0,0,0,0,0,0,-0.26,0,0,0,0,0,0,,0,义乌市於郝电子商务商行（个体工商户）,订单结算
2026-04-22 03:26:29,'2026042203262304028336640793,入账,1.89,聚合账户,货款结算入账,小店自卖,'6925510069938519386,'6925510069938519386,'SS76302619184488778600159,2026-04-11 17:28:13,'3808855327718375885,复古豹纹褶皱中号香蕉夹高级感马尾扭扭夹后脑勺韩系显发量发卡,,,普通订单,1.99,0,0,0,0,0,0,0,0,0,0,0,-0.1,0,0,0,0,0,0,否,0,义乌市於郝电子商务商行（个体工商户）,订单结算
2026-04-22 03:26:29,'2026042203262224600949910793,入账,1.89,聚合账户,货款结算入账,小店自卖,'6925526851650420044,'6925526851650420044,'SS76303711584115433050116,2026-04-12 12:52:13,'3808855327718375885,复古豹纹褶皱中号香蕉夹高级感马尾扭扭夹后脑勺韩系显发量发卡,,,普通订单,1.99,0,0,0,0,0,0,0,0,0,0,0,-0.1,0,0,0,0,0,0,否,0,义乌市於郝电子商务商行（个体工商户）,订单结算
2026-04-22 03:26:29,'2026042203262239189386390793,入账,3.89,聚合账户,货款结算入账,小店自卖,'6925519914450058500,'6925519914450058500,'SS76303544204301442960069,2026-04-12 10:42:10,'3808855327718375885,复古豹纹褶皱中号香蕉夹高级感马尾扭扭夹后脑勺韩系显发量发卡,,,普通订单,4.09,0,0,0,0,0,0,0,0,0,0,0,-0.2,0,0,0,0,0,0,否,0,义乌市於郝电子商务商行（个体工商户）,订单结算
2026-04-22 03:26:45,'2026042203263939971886490793,入账,4.86,聚合账户,货款结算入账,小店自卖,'6952132354643203780,'6952132354643203780,'SS76304303082234721370129,2026-04-17 16:28:12,'3811460006382010734,简约几何波浪珍珠抓夹女2026新款后脑勺发夹鲨鱼夹子大号发量发饰,,,普通订单,5.12,0,0,0,0,0,0,0,0,0,0,0,-0.26,0,0,0,0,0,0,否,0,义乌市於郝电子商务商行（个体工商户）,订单结算
2026-04-22 03:26:45,'2026042203263827907858110793,入账,1.89,聚合账户,货款结算入账,小店自卖,'6951998406260626475,'6951998406260626475,'SS76302640337859387150215,2026-04-11 16:07:58,'3808855327718375885,复古豹纹褶皱中号香蕉夹高级感马尾扭扭夹后脑勺韩系显发量发卡,,,普通订单,1.99,0,0,0,0,0,0,0,0,0,0,0,-0.1,0,0,0,0,0,0,否,0,义乌市於郝电子商务商行（个体工商户）,订单结算
2026-04-22 03:26:45,'2026042203263908654031790793,入账,4.64,聚合账户,货款结算入账,小店自卖,'6951999900414907738,'6951999900414907738,'SS76304117067911006820202,2026-04-12 13:19:45,'3808681227066671182,简约大肠珍珠发圈头绳2026新款橡皮筋女扎头发优雅皮套高颜值发绳,,,普通订单,4.88,0,0,0,0,0,0,0,0,0,0,0,-0.24,0,0,0,0,0,0,否,0,义乌市於郝电子商务商行（个体工商户）,订单结算
2026-04-22 03:26:45,'2026042203263900802043280793,入账,3.31,聚合账户,货款结算入账,小店自卖,'6925553499647278526,'6925553499647278526,'SS76303998613472714590080,2026-04-12 16:31:04,'3809979415216128130,可爱小黄鸡发圈萌系扎发神器黑色发绳扎头发皮筋儿童卡子卖萌头饰,,,普通订单,3.48,0,0,0,0,0,0,0,0,0,0,0,-0.17,0,0,0,0,0,0,否,0,义乌市於郝电子商务商行（个体工商户）,订单结算
2026-04-22 03:26:45,'2026042203263914013404520793,入账,3.44,聚合账户,货款结算入账,小店自卖,'6951990211377370932,'6951990211377370932,'SS76302677131775677800240,2026-04-11 22:04:30,'3809214874429555055,【LOVEIXCC】新款法式网红发箍发卡宽边复古秋冬头饰百搭高级盘发器,,,普通订单,3.62,0,0,0,0,0,0,0,0,0,0,0,-0.18,0,0,0,0,0,0,否,0,义乌市於郝电子商务商行（个体工商户）,订单结算
2026-04-22 03:26:47,'2026042203264040627899340793,入账,1.89,聚合账户,货款结算入账,巨量千川,'6925543691921882723,'6925543691921882723,'SS76303546396110031460123,2026-04-12 12:37:50,'3808855327718375885,复古豹纹褶皱中号香蕉夹高级感马尾扭扭夹后脑勺韩系显发量发卡,,,普通订单,0.01,0,0,1.98,0,0,0,0,0,0,0,0,-0.1,0,0,0,0,0,0,否,0,义乌市於郝电子商务商行（个体工商户）,订单结算
2026-04-22 03:27:00,'2026042203265231986816000793,入账,2.72,聚合账户,货款结算入账,小店自卖,'6925532547265363726,'6925532547265363726,'SS76302661264668593100045,2026-04-12 07:41:35,'3808518913650721160,新款高级牡丹花流苏抓夹毛毛发夹后脑勺显发量大号鲨鱼头饰发夹,,,普通订单,2.86,0,0,0,0,0,0,0,0,0,0,0,-0.14,0,0,0,0,0,0,否,0,义乌市於郝电子商务商行（个体工商户）,订单结算
2026-04-22 03:27:00,'2026042203265215606953380793,入账,5.68,聚合账户,货款结算入账,小店自卖,'6951995738138416531,'6951995738138416531,'SS76303891034734310400032,2026-04-12 11:15:48,'3811282248515322341,可爱小黄鸡小猪发圈学生风萌系扎发神器黑色发绳扎头发皮筋卖头饰,,,普通订单,5.98,0,0,0,0,0,0,0,0,0,0,0,-0.3,0,0,0,0,0,0,否,0,义乌市於郝电子商务商行（个体工商户）,订单结算
2026-04-22 03:27:00,'2026042203265330535682900793,入账,22.19,聚合账户,货款结算入账,小店自卖,'6925509847154523888,'6925509847154523888,'SS76304130136107261590229,2026-04-11 15:43:00,'3808518913650721160,新款高级牡丹花流苏抓夹毛毛发夹后脑勺显发量大号鲨鱼头饰发夹,,,普通订单,23.36,0,0,0,0,0,0,0,0,0,0,0,-1.17,0,0,0,0,0,0,否,0,义乌市於郝电子商务商行（个体工商户）,订单结算
2026-04-22 03:27:00,'2026042203265531293120190793,入账,3.19,聚合账户,货款结算入账,小店自卖,'6952015705578083909,'6952015705578083909,'SS76302610822765450760097,2026-04-12 15:10:48,'3808855327718375885,复古豹纹褶皱中号香蕉夹高级感马尾扭扭夹后脑勺韩系显发量发卡,,,普通订单,3.36,0,0,0,0,0,0,0,0,0,0,0,-0.17,0,0,0,0,0,0,否,0,义乌市於郝电子商务商行（个体工商户）,订单结算
2026-04-22 03:27:00,'2026042203265404870354260793,入账,3.32,聚合账户,货款结算入账,小店自卖,'6925622032036626259,'6925622032036626259,'SS76304271387593323880036,2026-04-15 15:21:26,'3808518913650721160,新款高级牡丹花流苏抓夹毛毛发夹后脑勺显发量大号鲨鱼头饰发夹,,,普通订单,3.5,0,0,0,0,0,0,0,0,0,0,0,-0.18,0,0,0,0,0,0,否,0,义乌市於郝电子商务商行（个体工商户）,订单结算
2026-04-22 03:27:21,'2026042203271501304337980793,入账,2.91,聚合账户,货款结算入账,小店自卖,'6951989699619460267,'6951989699619460267,'SS76302659301453335500202,2026-04-11 16:22:29,'3808515754769383695,2026新款高级牡丹花流苏抓夹毛毛发夹后脑勺显发量大号鲨鱼夹头饰,,,普通订单,0.06,0,0,3,0,0,0,0,0,0,0,0,-0.15,0,0,0,0,0,0,,0,义乌市於郝电子商务商行（个体工商户）,订单结算
2026-04-22 03:27:36,'2026042203272715565954560793,入账,3.79,聚合账户,货款结算入账,小店自卖,'6925527318675357645,'6925527318675357645,'SS76302628293381660580176,2026-04-11 17:26:59,'3809243859075072378,可爱红色小狗中号香蕉夹2026新款发夹女高马尾扭扭夹显发量高级感,,,普通订单,3.99,0,0,0,0,0,0,0,0,0,0,0,-0.2,0,0,0,0,0,0,,0,义乌市於郝电子商务商行（个体工商户）,订单结算
2026-04-22 03:27:36,'2026042203272835792860560793,入账,1.89,聚合账户,货款结算入账,小店自卖,'6925632856959844309,'6925632856959844309,'SS76302782208779389440132,2026-04-16 08:52:24,'3808855327718375885,复古豹纹波点褶皱高马尾香蕉夹小号后脑勺竖夹韩系显发量发夹,,,普通订单,1.99,0,0,0,0,0,0,0,0,0,0,0,-0.1,0,0,0,0,0,0,否,0,义乌市於郝电子商务商行（个体工商户）,订单结算
2026-04-22 03:27:36,'2026042203273033182845780793,入账,4.41,聚合账户,货款结算入账,小店自卖,'6952002031875265624,'6952002031875265624,'SS76303975598440614490016,2026-04-12 09:05:24,'3811282248515322341,可爱小黄鸡小猪发圈学生风萌系扎发神器黑色发绳扎头发皮筋卖头饰,,,普通订单,4.64,0,0,0,0,0,0,0,0,0,0,0,-0.23,0,0,0,0,0,0,否,0,义乌市於郝电子商务商行（个体工商户）,订单结算
2026-04-22 03:27:36,'2026042203273029118958480793,入账,1.89,聚合账户,货款结算入账,小店自卖,'6925514306880175148,'6925514306880175148,'SS76302639408794506620216,2026-04-11 16:35:18,'3808855327718375885,复古豹纹褶皱中号香蕉夹高级感马尾扭扭夹后脑勺韩系显发量发卡,,,普通订单,0.01,0,0,1.98,0,0,0,0,0,0,0,0,-0.1,0,0,0,0,0,0,否,0,义乌市於郝电子商务商行（个体工商户）,订单结算
2026-04-22 03:27:36,'2026042203273109563059200793,入账,2.41,聚合账户,货款结算入账,小店自卖,'6952013075548542724,'6952013075548542724,'SS76303263227404621200176,2026-04-12 10:10:18,'3811282248515322341,可爱小黄鸡小猪发圈学生风萌系扎发神器黑色发绳扎头发皮筋卖头饰,,,普通订单,0.54,0,0,2,0,0,0,0,0,0,0,0,-0.13,0,0,0,0,0,0,否,0,义乌市於郝电子商务商行（个体工商户）,订单结算
2026-04-22 03:27:37,'2026042203273024756559700793,入账,3.42,聚合账户,货款结算入账,小店自卖,'6925520648371339080,'6925520648371339080,'SS76303694229601979150030,2026-04-11 17:51:54,'3812574198275113159,雾中鸢尾~韩系气质麻花带齿发箍女款高级感洋气时尚洗脸头箍盘发,,,普通订单,3.6,0,0,0,0,0,0,0,0,0,0,0,-0.18,0,0,0,0,0,0,否,0,义乌市於郝电子商务商行（个体工商户）,订单结算
2026-04-22 03:27:37,'2026042203273028374349060793,入账,2.65,聚合账户,货款结算入账,小店自卖,'6951996759204566134,'6951996759204566134,'SS76302647738048353340100,2026-04-11 22:08:44,'3808522822146457689,夏天简约随手盘发一字夹扭扭夹水钻抓夹高级发夹扭扭后脑勺盘发器,,,普通订单,2.79,0,0,0,0,0,0,0,0,0,0,0,-0.14,0,0,0,0,0,0,否,0,义乌市於郝电子商务商行（个体工商户）,订单结算
2026-04-22 03:27:37,'2026042203273114395520340793,入账,2.65,聚合账户,货款结算入账,小店自卖,'6925529057031716399,'6925529057031716399,'SS76303710100128937590204,2026-04-12 10:55:16,'3808855327718375885,复古豹纹褶皱中号香蕉夹高级感马尾扭扭夹后脑勺韩系显发量发卡,,,普通订单,0.01,0,0,2.78,0,0,0,0,0,0,0,0,-0.14,0,0,0,0,0,0,,0,义乌市於郝电子商务商行（个体工商户）,订单结算
2026-04-22 03:27:37,'2026042203273040250742140793,入账,2.72,聚合账户,货款结算入账,小店自卖,'6951872033332008631,'6951872033332008631,'SS76302963098277486480168,2026-04-07 08:14:47,'3808518913650721160,新款高级牡丹花流苏抓夹毛毛发夹后脑勺显发量大号鲨鱼头饰发夹,,,普通订单,2.86,0,0,0,0,0,0,0,0,0,0,0,-0.14,0,0,0,0,0,0,否,0,义乌市於郝电子商务商行（个体工商户）,订单结算
2026-04-22 03:27:37,'2026042203273019090314740793,入账,4.77,聚合账户,货款结算入账,小店自卖,'6952008466975364571,'6952008466975364571,'SS76302691824539738060016,2026-04-12 08:34:32,'3808826072573804729,迷你小号无痕鸭嘴夹抓夹小夹子精致蝴蝶结碎发夹刘海夹高级感发卡,,,普通订单,5.02,0,0,0,0,0,0,0,0,0,0,0,-0.25,0,0,0,0,0,0,否,0,义乌市於郝电子商务商行（个体工商户）,订单结算
2026-04-22 03:27:51,'2026042203274335412710800793,入账,1.89,聚合账户,货款结算入账,小店自卖,'6952109811446650731,'6952109811446650731,'SS76301377925009082940155,2026-04-15 22:19:55,'3808855327718375885,复古豹纹波点褶皱高马尾香蕉夹小号后脑勺竖夹韩系显发量发夹,,,普通订单,0.01,0,0,1.98,0,0,0,0,0,0,0,0,-0.1,0,0,0,0,0,0,,0,义乌市於郝电子商务商行（个体工商户）,订单结算
2026-04-22 03:27:51,'2026042203274521477791120793,入账,3.89,聚合账户,货款结算入账,小店自卖,'6925518405094571044,'6925518405094571044,'SS76302634969534799820094,2026-04-11 17:58:08,'3808855327718375885,复古豹纹褶皱中号香蕉夹高级感马尾扭扭夹后脑勺韩系显发量发卡,,,普通订单,4.09,0,0,0,0,0,0,0,0,0,0,0,-0.2,0,0,0,0,0,0,否,0,义乌市於郝电子商务商行（个体工商户）,订单结算
2026-04-22 03:27:51,'2026042203274514432012950793,入账,2.07,聚合账户,货款结算入账,小店自卖,'6925523892962754064,'6925523892962754064,'SS76303126691917051070198,2026-04-12 07:34:18,'3808522822146457689,夏天简约随手盘发一字夹扭扭夹水钻抓夹高级发夹扭扭后脑勺盘发器,,,普通订单,0.18,0,0,2,0,0,0,0,0,0,0,0,-0.11,0,0,0,0,0,0,否,0,义乌市於郝电子商务商行（个体工商户）,订单结算
2026-04-22 03:27:51,'2026042203274508273597840793,入账,1.89,聚合账户,货款结算入账,小店自卖,'6925586778852588748,'6925586778852588748,'SS76303386539199700880031,2026-04-14 14:48:03,'3808855327718375885,复古豹纹褶皱中号香蕉夹高级感马尾扭扭夹后脑勺韩系显发量发卡,,,普通订单,0.01,0,0,1.98,0,0,0,0,0,0,0,0,-0.1,0,0,0,0,0,0,,0,义乌市於郝电子商务商行（个体工商户）,订单结算
2026-04-22 03:27:51,'2026042203274432349560320793,入账,5.68,聚合账户,货款结算入账,小店自卖,'6952124107306440293,'6952124107306440293,'SS76304376226171456350127,2026-04-16 12:47:12,'3811282248515322341,可爱小黄鸡小猪发圈学生风萌系扎发神器黑色发绳扎头发皮筋卖头饰,,,普通订单,3.98,0,0,0,0,0,0,0,0,2,0,0,-0.3,0,0,0,0,0,0,否,0,义乌市於郝电子商务商行（个体工商户）,订单结算
2026-04-22 03:28:02,'2026042203275519854958230793,入账,2.77,聚合账户,货款结算入账,小店自卖,'6951974524660618563,'6951974524660618563,'SS76302661613617853590115,2026-04-11 17:24:27,'3808515754769383695,2026新款高级牡丹花流苏抓夹毛毛发夹后脑勺显发量大号鲨鱼夹头饰,,,普通订单,0.01,0,0,2.91,0,0,0,0,0,0,0,0,-0.15,0,0,0,0,0,0,,0,义乌市於郝电子商务商行（个体工商户）,订单结算
2026-04-22 03:28:02,'2026042203275519855122070793,入账,3.89,聚合账户,货款结算入账,小店自卖,'6952008720593196126,'6952008720593196126,'SS76303709216854390280097,2026-04-12 11:05:51,'3808855327718375885,复古豹纹褶皱中号香蕉夹高级感马尾扭扭夹后脑勺韩系显发量发卡,,,普通订单,4.09,0,0,0,0,0,0,0,0,0,0,0,-0.2,0,0,0,0,0,0,否,0,义乌市於郝电子商务商行（个体工商户）,订单结算
2026-04-22 03:28:02,'2026042203275518039485790793,入账,2.72,聚合账户,货款结算入账,巨量千川,'6925529931002248410,'6925529931002248410,'SS76302660050516549500210,2026-04-11 19:42:02,'3808518913650721160,新款高级牡丹花流苏抓夹毛毛发夹后脑勺显发量大号鲨鱼头饰发夹,,,普通订单,0.01,0,0,2.85,0,0,0,0,0,0,0,0,-0.14,0,0,0,0,0,0,,0,义乌市於郝电子商务商行（个体工商户）,订单结算
2026-04-22 03:28:02,'2026042203275608603896660793,入账,1.89,聚合账户,货款结算入账,小店自卖,'6951993168984020043,'6951993168984020043,'SS76303702700626419700044,2026-04-12 11:42:35,'3808855327718375885,复古豹纹褶皱中号香蕉夹高级感马尾扭扭夹后脑勺韩系显发量发卡,,,普通订单,0.01,0,0,1.98,0,0,0,0,0,0,0,0,-0.1,0,0,0,0,0,0,否,0,义乌市於郝电子商务商行（个体工商户）,订单结算
2026-04-22 03:28:02,'2026042203275705756526080793,入账,3.89,聚合账户,货款结算入账,小店自卖,'6925553181615225912,'6925553181615225912,'SS76303709479711710810143,2026-04-12 14:30:18,'3808855327718375885,复古豹纹褶皱中号香蕉夹高级感马尾扭扭夹后脑勺韩系显发量发卡,,,普通订单,0.09,0,0,4,0,0,0,0,0,0,0,0,-0.2,0,0,0,0,0,0,否,0,义乌市於郝电子商务商行（个体工商户）,订单结算
2026-04-22 03:33:01,'2026042203325522524564840793,入账,1.89,聚合账户,货款结算入账,小店自卖,'6952024654862226546,'6952024654862226546,'SS76303802937398400090212,2026-04-12 18:53:44,'3808855327718375885,复古豹纹褶皱中号香蕉夹高级感马尾扭扭夹后脑勺韩系显发量发卡,,,普通订单,0.01,0,0,1.98,0,0,0,0,0,0,0,0,-0.1,0,0,0,0,0,0,否,0,义乌市於郝电子商务商行（个体工商户）,订单结算
2026-04-22 03:33:34,'2026042203332927528071770793,入账,3.29,聚合账户,货款结算入账,小店自卖,'6951992354721109032,'6951992354721109032,'SS76302636001795776630040,2026-04-11 21:44:31,'3808855327718375885,复古豹纹褶皱中号香蕉夹高级感马尾扭扭夹后脑勺韩系显发量发卡,,,普通订单,0.01,0,0,3.45,0,0,0,0,0,0,0,0,-0.17,0,0,0,0,0,0,否,0,义乌市於郝电子商务商行（个体工商户）,订单结算
2026-04-22 03:33:34,'2026042203332922454973700793,入账,10.31,聚合账户,货款结算入账,小店自卖,'6952049996008658438,'6952049996008658438,'SS76304799434193313680002,2026-04-14 14:43:10,'3811294538555850878,韩系复古大肠蕾丝发圈波点新款高级四层头发丸子马尾高级头绳发饰,,,普通订单,10.85,0,0,0,0,0,0,0,0,0,0,0,-0.54,0,0,0,0,0,0,否,0,义乌市於郝电子商务商行（个体工商户）,订单结算
2026-04-22 03:33:34,'2026042203332925387338390793,入账,1.89,聚合账户,货款结算入账,小店自卖,'6925512436057735029,'6925512436057735029,'SS76302619251505771610078,2026-04-11 17:47:58,'3808855327718375885,复古豹纹褶皱中号香蕉夹高级感马尾扭扭夹后脑勺韩系显发量发卡,,,普通订单,1.99,0,0,0,0,0,0,0,0,0,0,0,-0.1,0,0,0,0,0,0,否,0,义乌市於郝电子商务商行（个体工商户）,订单结算
2026-04-22 03:33:34,'2026042203333041539056730793,入账,3.26,聚合账户,货款结算入账,巨量千川,'6952142350734660701,'6952142350734660701,'SS76303170682438781820090,2026-04-16 21:56:10,'3808518913650721160,新款高级牡丹花流苏抓夹毛毛发夹后脑勺显发量大号鲨鱼头饰发夹,,,普通订单,3.43,0,0,0,0,0,0,0,0,0,0,0,-0.17,0,0,0,0,0,0,,0,义乌市於郝电子商务商行（个体工商户）,订单结算
2026-04-22 03:33:34,'2026042203333115859103070793,入账,3.26,聚合账户,货款结算入账,小店自卖,'6925602043752054475,'6925602043752054475,'SS76303826211305723310037,2026-04-15 10:13:34,'3808518913650721160,新款高级牡丹花流苏抓夹毛毛发夹后脑勺显发量大号鲨鱼头饰发夹,,,普通订单,3.43,0,0,0,0,0,0,0,0,0,0,0,-0.17,0,0,0,0,0,0,否,0,义乌市於郝电子商务商行（个体工商户）,订单结算
2026-04-22 03:33:34,'2026042203332910834255700793,入账,3.32,聚合账户,货款结算入账,小店自卖,'6925575582588894596,'6925575582588894596,'SS76304597115022915100226,2026-04-13 23:29:40,'3808515754769383695,2026新款高级牡丹花流苏抓夹毛毛发夹后脑勺显发量大号鲨鱼夹头饰,,,普通订单,0.49,0,0,3.01,0,0,0,0,0,0,0,0,-0.18,0,0,0,0,0,0,,0,义乌市於郝电子商务商行（个体工商户）,订单结算
2026-04-22 03:33:34,'2026042203332920273564160793,入账,3.32,聚合账户,货款结算入账,小店自卖,'6925546018701933965,'6925546018701933965,'SS76303733699464442970115,2026-04-12 14:41:52,'3808515754769383695,2026新款高级牡丹花流苏抓夹毛毛发夹后脑勺显发量大号鲨鱼夹头饰,,,普通订单,2.9,0,0,0.6,0,0,0,0,0,0,0,0,-0.18,0,0,0,0,0,0,否,0,义乌市於郝电子商务商行（个体工商户）,订单结算
2026-04-22 03:33:34,'2026042203332937588669960793,入账,3.19,聚合账户,货款结算入账,小店自卖,'6925543922644581842,'6925543922644581842,'SS76303741515558756180215,2026-04-12 14:25:44,'3808855327718375885,复古豹纹褶皱中号香蕉夹高级感马尾扭扭夹后脑勺韩系显发量发卡,,,普通订单,0.01,0,0,3.35,0,0,0,0,0,0,0,0,-0.17,0,0,0,0,0,0,否,0,义乌市於郝电子商务商行（个体工商户）,订单结算
2026-04-22 03:33:34,'2026042203333002313101140793,入账,1.89,聚合账户,货款结算入账,小店自卖,'6925613788352511159,'6925613788352511159,'SS76301647818406016360145,2026-04-15 18:30:10,'3808855327718375885,复古豹纹波点褶皱高马尾香蕉夹小号后脑勺竖夹韩系显发量发夹,,,普通订单,1.99,0,0,0,0,0,0,0,0,0,0,0,-0.1,0,0,0,0,0,0,否,0,义乌市於郝电子商务商行（个体工商户）,订单结算
2026-04-22 03:33:34,'2026042203333127067028580793,入账,2.51,聚合账户,货款结算入账,小店自卖,'6952022187699803408,'6952022187699803408,'SS76303716261022113430047,2026-04-12 14:31:22,'3811282248515322341,可爱小黄鸡小猪发圈学生风萌系扎发神器黑色发绳扎头发皮筋卖头饰,,,普通订单,0.01,0,0,2.63,0,0,0,0,0,0,0,0,-0.13,0,0,0,0,0,0,,0,义乌市於郝电子商务商行（个体工商户）,订单结算
2026-04-22 03:33:51,'2026042203334637672064350793,入账,1.89,聚合账户,货款结算入账,小店自卖,'6925526738594135646,'6925526738594135646,'SS76303702744836183380143,2026-04-12 11:52:37,'3808855327718375885,复古豹纹褶皱中号香蕉夹高级感马尾扭扭夹后脑勺韩系显发量发卡,,,普通订单,0.01,0,0,1.98,0,0,0,0,0,0,0,0,-0.1,0,0,0,0,0,0,,0,义乌市於郝电子商务商行（个体工商户）,订单结算
2026-04-22 03:33:51,'2026042203334631765304470793,入账,5.68,聚合账户,货款结算入账,小店自卖,'6925511257715998175,'6925511257715998175,'SS76280578743385956190147,2026-04-11 09:37:36,'3811282248515322341,可爱小黄鸡小猪发圈学生风萌系扎发神器黑色发绳扎头发皮筋卖头饰,,,普通订单,2.98,0,0,3,0,0,0,0,0,0,0,0,-0.3,0,0,0,0,0,0,,0,义乌市於郝电子商务商行（个体工商户）,订单结算
2026-04-22 03:33:51,'2026042203334712167132510793,入账,8.52,聚合账户,货款结算入账,小店自卖,'6925164380257877093,'6925164380257746021,'SS76303785251714544740054,2026-03-27 13:25:12,'3809599445994176839,春日超仙韩系碎花蕾丝大肠发圈女甜美感丸子头慵懒风超大发饰头绳,,,普通订单,8.97,0,0,0,0,0,0,0,0,0,0,0,-0.45,0,0,0,0,0,0,否,0,义乌市於郝电子商务商行（个体工商户）,订单结算
2026-04-22 03:33:51,'2026042203334630125263710793,入账,3.19,聚合账户,货款结算入账,小店自卖,'6925528327224786847,'6925528327224786847,'SS76302640245840778780160,2026-04-12 01:49:14,'3808855327718375885,复古豹纹褶皱中号香蕉夹高级感马尾扭扭夹后脑勺韩系显发量发卡,,,普通订单,0.01,0,0,3.35,0,0,0,0,0,0,0,0,-0.17,0,0,0,0,0,0,否,0,义乌市於郝电子商务商行（个体工商户）,订单结算
2026-04-22 03:33:51,'2026042203334541027832840793,入账,4.77,聚合账户,货款结算入账,小店自卖,'6951994660297446751,'6951994660297446751,'SS76302691100306148300048,2026-04-11 20:15:15,'3808826072573804729,迷你小号无痕鸭嘴夹抓夹小夹子精致蝴蝶结碎发夹刘海夹高级感发卡,,,普通订单,5.02,0,0,0,0,0,0,0,0,0,0,0,-0.25,0,0,0,0,0,0,否,0,义乌市於郝电子商务商行（个体工商户）,订单结算
2026-04-22 03:33:51,'2026042203334641529183120793,入账,2.37,聚合账户,货款结算入账,小店自卖,'6952026957257643071,'6952026957257643071,'SS76303975463552131100203,2026-04-12 16:50:05,'3810163319155851664,可爱小黄鸡发绳闺蜜同款少女心爆棚萌系扎发神器皮筋卖萌头饰学生,,,普通订单,2.49,0,0,0,0,0,0,0,0,0,0,0,-0.12,0,0,0,0,0,0,否,0,义乌市於郝电子商务商行（个体工商户）,订单结算
2026-04-22 03:33:51,'2026042203334613981130580793,入账,5.51,聚合账户,货款结算入账,小店自卖,'6925524796517875189,'6925524796517875189,'SS76303732553054789500016,2026-04-11 14:59:12,'3812210500259938495,可爱蝴蝶结小猫无痕刘海贴魔术贴发饰少女前额侧边碎发贴整理神器,,,普通订单,5.8,0,0,0,0,0,0,0,0,0,0,0,-0.29,0,0,0,0,0,0,否,0,义乌市於郝电子商务商行（个体工商户）,订单结算
2026-04-22 03:33:51,'2026042203334817163225660793,入账,3.19,聚合账户,货款结算入账,小店自卖,'6952045020721387420,'6952045020721387420,'SS76303993419979044250149,2026-04-13 23:11:17,'3808855327718375885,复古豹纹褶皱中号香蕉夹高级感马尾扭扭夹后脑勺韩系显发量发卡,,,普通订单,0.01,0,0,3.35,0,0,0,0,0,0,0,0,-0.17,0,0,0,0,0,0,否,0,义乌市於郝电子商务商行（个体工商户）,订单结算
2026-04-22 03:33:51,'2026042203334626688394640793,入账,2.91,聚合账户,货款结算入账,小店自卖,'6925521081926647541,'6925521081926647541,'SS76302658743880094870229,2026-04-11 20:58:50,'3808518913650721160,新款高级牡丹花流苏抓夹毛毛发夹后脑勺显发量大号鲨鱼头饰发夹,,,普通订单,0.06,0,0,3,0,0,0,0,0,0,0,0,-0.15,0,0,0,0,0,0,否,0,义乌市於郝电子商务商行（个体工商户）,订单结算
2026-04-22 03:33:51,'2026042203334535119106900793,入账,1.88,聚合账户,货款结算入账,巨量千川,'6925609577421504310,'6925609577421504310,'SS76301333365729533790041,2026-04-15 13:26:35,'3808514174103978347,明星同款高颅顶圆形金属发扣刘海发夹女前额侧边夹水钻发卡头饰,,,普通订单,0.01,0,0,1.97,0,0,0,0,0,0,0,0,-0.1,0,0,0,0,0,0,否,0,义乌市於郝电子商务商行（个体工商户）,订单结算
2026-04-22 03:34:06,'2026042203340107847326870793,入账,2.65,聚合账户,货款结算入账,小店自卖,'6925514773865004885,'6925514773865004885,'SS76302632108179950080070,2026-04-11 20:25:39,'3808855327718375885,复古豹纹褶皱中号香蕉夹高级感马尾扭扭夹后脑勺韩系显发量发卡,,,普通订单,2.79,0,0,0,0,0,0,0,0,0,0,0,-0.14,0,0,0,0,0,0,否,0,义乌市於郝电子商务商行（个体工商户）,订单结算
2026-04-22 03:34:06,'2026042203340002612923400793,入账,5.68,聚合账户,货款结算入账,小店自卖,'6925520869279563413,'6925520869279563413,'SS76303890040179266920206,2026-04-11 19:43:29,'3811282248515322341,可爱小黄鸡小猪发圈学生风萌系扎发神器黑色发绳扎头发皮筋卖头饰,,,普通订单,2.98,0,0,3,0,0,0,0,0,0,0,0,-0.3,0,0,0,0,0,0,,0,义乌市於郝电子商务商行（个体工商户）,订单结算
2026-04-22 03:34:06,'2026042203340208473032030793,入账,3.02,聚合账户,货款结算入账,小店自卖,'6925527513484131957,'6925527513484131957,'SS76302879355230625690029,2026-04-11 19:15:48,'3811282248515322341,可爱小黄鸡小猪发圈学生风萌系扎发神器黑色发绳扎头发皮筋卖头饰,,,普通订单,0.18,0,0,3,0,0,0,0,0,0,0,0,-0.16,0,0,0,0,0,0,,0,义乌市於郝电子商务商行（个体工商户）,订单结算
2026-04-22 03:34:06,'2026042203340201972641280793,入账,2.77,聚合账户,货款结算入账,小店自卖,'6925519466391239695,'6925519466391239695,'SS76302663073720079990190,2026-04-12 06:42:05,'3808515754769383695,2026新款高级牡丹花流苏抓夹毛毛发夹后脑勺显发量大号鲨鱼夹头饰,,,普通订单,0.01,0,0,2.91,0,0,0,0,0,0,0,0,-0.15,0,0,0,0,0,0,,0,义乌市於郝电子商务商行（个体工商户）,订单结算
2026-04-22 03:34:06,'2026042203340224501127870793,入账,2.83,聚合账户,货款结算入账,小店自卖,'6952008135387125367,'6952008135387125367,'SS76302880200299484500154,2026-04-11 23:33:02,'3809014413466402928,大肠圈蝴蝶头花带新款波点飘带大肠发圈高级感扎头发皮筋发饰发绳,,,普通订单,0.01,0,0,2.97,0,0,0,0,0,0,0,0,-0.15,0,0,0,0,0,0,,0,义乌市於郝电子商务商行（个体工商户）,订单结算
2026-04-22 03:34:09,'2026042203340506978647130793,入账,1.89,聚合账户,货款结算入账,小店自卖,'6951984032856937728,'6951984032856937728,'SS76302639617208819720239,2026-04-11 23:50:25,'3808855327718375885,复古豹纹褶皱中号香蕉夹高级感马尾扭扭夹后脑勺韩系显发量发卡,,,普通订单,0.01,0,0,1.98,0,0,0,0,0,0,0,0,-0.1,0,0,0,0,0,0,,0,义乌市於郝电子商务商行（个体工商户）,订单结算
2026-04-22 03:34:19,'2026042203341441698637160793,入账,2.09,聚合账户,货款结算入账,小店自卖,'6951980972614358621,'6951980972614358621,'SS76302679260088241060197,2026-04-11 18:02:42,'3809211408374169816,春季宽边绒面发箍女2026新款明星压发洗脸简约高级感时尚洋气头箍,,,普通订单,0.2,0,0,2,0,0,0,0,0,0,0,0,-0.11,0,0,0,0,0,0,否,0,义乌市於郝电子商务商行（个体工商户）,订单结算
2026-04-22 03:34:19,'2026042203341609034634780793,入账,4.28,聚合账户,货款结算入账,巨量千川,'6952103612395362015,'6952103612395362015,'SS76302591672360146350021,2026-04-16 05:17:58,'3811116864172589149,森系干枯山茶花朵7cm小抓夹百搭气质发夹女后脑勺超仙鲨鱼夹发饰,,,普通订单,3.01,0,0,1.5,0,0,0,0,0,0,0,0,-0.23,0,0,0,0,0,0,,0,义乌市於郝电子商务商行（个体工商户）,订单结算
2026-04-22 03:34:19,'2026042203341525841994580793,入账,3.23,聚合账户,货款结算入账,小店自卖,'6925537696549797025,'6925537696549797025,'SS76303734950121805430019,2026-04-12 13:02:30,'3808518913650721160,新款高级牡丹花流苏抓夹毛毛发夹后脑勺显发量大号鲨鱼头饰发夹,,,普通订单,3.4,0,0,0,0,0,0,0,0,0,0,0,-0.17,0,0,0,0,0,0,否,0,义乌市於郝电子商务商行（个体工商户）,订单结算
2026-04-22 03:34:19,'2026042203341434794706070793,入账,5.6,聚合账户,货款结算入账,小店自卖,'6925520648371666760,'6925520648371339080,'SS76303694314824670870153,2026-04-11 17:51:54,'3812585824667697241,高颅顶慵懒风缎面波点海绵发箍复古ins韩系精致超仙网红头箍发饰,,,普通订单,5.9,0,0,0,0,0,0,0,0,0,0,0,-0.3,0,0,0,0,0,0,否,0,义乌市於郝电子商务商行（个体工商户）,订单结算
2026-04-22 03:34:20,'2026042203341521884974510793,入账,4.77,聚合账户,货款结算入账,小店自卖,'6952008344003483515,'6952008344003483515,'SS76302691836157957210041,2026-04-12 06:01:16,'3808826072573804729,迷你小号无痕鸭嘴夹抓夹小夹子精致蝴蝶结碎发夹刘海夹高级感发卡,,,普通订单,5.02,0,0,0,0,0,0,0,0,0,0,0,-0.25,0,0,0,0,0,0,否,0,义乌市於郝电子商务商行（个体工商户）,订单结算
2026-04-22 03:35:18,'2026042203351429280013220793,入账,2.4,聚合账户,货款结算入账,巨量千川,'6952094510622971724,'6952094510622971724,'SS76303183903346854460127,2026-04-15 21:32:29,'3808826072573804729,迷你小号无痕鸭嘴夹抓夹小夹子精致蝴蝶结碎发夹刘海夹高级感发卡,,,普通订单,5.02,0,0,0,0,0,0,0,0,0,0,-2.5,-0.12,0,0,0,0,0,0,否,0,义乌市於郝电子商务商行（个体工商户）,订单结算
2026-04-22 03:35:18,'2026042203351434366469310793,入账,1.89,聚合账户,货款结算入账,小店自卖,'6952000800665048570,'6952000800665048570,'SS76302618328930393660102,2026-04-11 15:11:19,'3808855327718375885,复古豹纹褶皱中号香蕉夹高级感马尾扭扭夹后脑勺韩系显发量发卡,,,普通订单,1.99,0,0,0,0,0,0,0,0,0,0,0,-0.1,0,0,0,0,0,0,否,0,义乌市於郝电子商务商行（个体工商户）,订单结算
2026-04-22 03:35:18,'2026042203351501100352190793,入账,5.68,聚合账户,货款结算入账,小店自卖,'6951996412949632465,'6951996412949632465,'SS76303145809188992260133,2026-04-11 18:58:44,'3811282248515322341,可爱小黄鸡小猪发圈学生风萌系扎发神器黑色发绳扎头发皮筋卖头饰,,,普通订单,5.98,0,0,0,0,0,0,0,0,0,0,0,-0.3,0,0,0,0,0,0,否,0,义乌市於郝电子商务商行（个体工商户）,订单结算
2026-04-22 03:35:18,'2026042203351504787413110793,入账,4.62,聚合账户,货款结算入账,小店自卖,'6952000286452683838,'6952000286452683838,'SS76304683318706342830105,2026-04-12 17:39:10,'3808515754769383695,2026新款高级牡丹花流苏抓夹毛毛发夹后脑勺显发量大号鲨鱼夹头饰,,,普通订单,4.86,0,0,0,0,0,0,0,0,0,0,0,-0.24,0,0,0,0,0,0,否,0,义乌市於郝电子商务商行（个体工商户）,订单结算
2026-04-22 03:35:18,'2026042203351502308347240793,入账,4.71,聚合账户,货款结算入账,小店自卖,'6952017473503041065,'6952017473503041065,'SS76303263357473595280219,2026-04-12 11:12:16,'3811282248515322341,可爱小黄鸡小猪发圈学生风萌系扎发神器黑色发绳扎头发皮筋卖头饰,,,普通订单,4.96,0,0,0,0,0,0,0,0,0,0,0,-0.25,0,0,0,0,0,0,否,0,义乌市於郝电子商务商行（个体工商户）,订单结算
2026-04-22 03:35:33,'2026042203352928900068360793,入账,1.89,聚合账户,货款结算入账,巨量千川,'6925537563458961340,'6925537563458961340,'SS76303703294935209300029,2026-04-12 12:06:01,'3808855327718375885,复古豹纹褶皱中号香蕉夹高级感马尾扭扭夹后脑勺韩系显发量发卡,,,普通订单,1.99,0,0,0,0,0,0,0,0,0,0,0,-0.1,0,0,0,0,0,0,否,0,义乌市於郝电子商务商行（个体工商户）,订单结算
2026-04-22 03:35:33,'2026042203352826687409100793,入账,3.15,聚合账户,货款结算入账,小店自卖,'6951993118232614030,'6951993118232614030,'SS76303731980721689940207,2026-04-12 11:18:13,'3808518913650721160,新款高级牡丹花流苏抓夹毛毛发夹后脑勺显发量大号鲨鱼头饰发夹,,,普通订单,3.32,0,0,0,0,0,0,0,0,0,0,0,-0.17,0,0,0,0,0,0,否,0,义乌市於郝电子商务商行（个体工商户）,订单结算
2026-04-22 03:35:33,'2026042203352920348116880793,入账,3.14,聚合账户,货款结算入账,小店自卖,'6925527956604288168,'6925527956604288168,'SS76302652734727992720069,2026-04-11 22:18:48,'3808522822146457689,夏天简约随手盘发一字夹扭扭夹水钻抓夹高级发夹扭扭后脑勺盘发器,,,普通订单,3.31,0,0,0,0,0,0,0,0,0,0,0,-0.17,0,0,0,0,0,0,否,0,义乌市於郝电子商务商行（个体工商户）,订单结算
2026-04-22 03:35:33,'2026042203352836123773700793,入账,1.89,聚合账户,货款结算入账,小店自卖,'6952125349786752407,'6952125349786752407,'SS76303741690769252260078,2026-04-17 08:37:45,'3808855327718375885,复古豹纹波点褶皱高马尾香蕉夹小号后脑勺竖夹韩系显发量发夹,,,普通订单,1.99,0,0,0,0,0,0,0,0,0,0,0,-0.1,0,0,0,0,0,0,否,0,义乌市於郝电子商务商行（个体工商户）,订单结算
2026-04-22 03:35:33,'2026042203352902985702860793,入账,2.72,聚合账户,货款结算入账,小店自卖,'6951981768838157881,'6951981768838157881,'SS76302661354513044570201,2026-04-12 07:35:36,'3808518913650721160,新款高级牡丹花流苏抓夹毛毛发夹后脑勺显发量大号鲨鱼头饰发夹,,,普通订单,2.86,0,0,0,0,0,0,0,0,0,0,0,-0.14,0,0,0,0,0,0,否,0,义乌市於郝电子商务商行（个体工商户）,订单结算
2026-04-22 03:35:33,'2026042203352909195522710793,入账,3.15,聚合账户,货款结算入账,小店自卖,'6925652980342029385,'6925652980342029385,'SS76303618635447997630199,2026-04-16 21:02:51,'3808518913650721160,新款高级牡丹花流苏抓夹毛毛发夹后脑勺显发量大号鲨鱼头饰发夹,,,普通订单,3.32,0,0,0,0,0,0,0,0,0,0,0,-0.17,0,0,0,0,0,0,否,0,义乌市於郝电子商务商行（个体工商户）,订单结算
2026-04-22 03:35:33,'2026042203352819891653470793,入账,1.89,聚合账户,货款结算入账,小店自卖,'6925522865475583484,'6925522865475583484,'SS76303545626972370440166,2026-04-11 18:50:53,'3808855327718375885,复古豹纹褶皱中号香蕉夹高级感马尾扭扭夹后脑勺韩系显发量发卡,,,普通订单,1.99,0,0,0,0,0,0,0,0,0,0,0,-0.1,0,0,0,0,0,0,否,0,义乌市於郝电子商务商行（个体工商户）,订单结算
2026-04-22 03:35:33,'2026042203352918587203020793,入账,3.14,聚合账户,货款结算入账,小店自卖,'6951985873125447377,'6951985873125447377,'SS76303724560500372630170,2026-04-11 20:25:02,'3809987730130206991,2026新款珍珠精致感百搭一字夹后脑勺高级感扭扭夹大号发量多发卡,,,普通订单,3.31,0,0,0,0,0,0,0,0,0,0,0,-0.17,0,0,0,0,0,0,,0,义乌市於郝电子商务商行（个体工商户）,订单结算
2026-04-22 03:35:33,'2026042203352821338403990793,入账,3.31,聚合账户,货款结算入账,小店自卖,'6925509854352670481,'6925509854352670481,'SS76302879401495434780087,2026-04-11 15:51:15,'3809979415216128130,可爱小黄鸡发圈萌系扎发神器黑色发绳扎头发皮筋儿童卡子卖萌头饰,,,普通订单,3.48,0,0,0,0,0,0,0,0,0,0,0,-0.17,0,0,0,0,0,0,否,0,义乌市於郝电子商务商行（个体工商户）,订单结算
2026-04-22 04:01:28,'2026042204012322021409780793,入账,2.74,聚合账户,货款结算入账,小店自卖,'6925656772709416196,'6925656772709416196,'SS76304576371251453710108,2026-04-17 14:48:07,'3808514174103978347,明星同款高颅顶圆形金属发扣刘海发夹女前额侧边夹水钻发卡头饰,,,普通订单,0.01,0,0,2.87,0,0,0,0,0,0,0,0,-0.14,0,0,0,0,0,0,,0,义乌市於郝电子商务商行（个体工商户）,订单结算
2026-04-22 04:01:28,'2026042204012229864924500793,入账,3.38,聚合账户,货款结算入账,巨量千川,'6952082594662520013,'6952082594662520013,'SS76304185238988065640114,2026-04-15 14:10:03,'3808826072573804729,迷你小号无痕鸭嘴夹抓夹小夹子精致蝴蝶结碎发夹刘海夹高级感发卡,,,普通订单,3.56,0,0,0,0,0,0,0,0,0,0,0,-0.18,0,0,0,0,0,0,否,0,义乌市於郝电子商务商行（个体工商户）,订单结算
2026-04-22 04:01:28,'2026042204012340356623760793,入账,1.89,聚合账户,货款结算入账,小店自卖,'6952075597398545658,'6952075597398545658,'SS76303320179895995260227,2026-04-15 10:26:51,'3808855327718375885,复古豹纹波点褶皱高马尾香蕉夹小号后脑勺竖夹韩系显发量发夹,,,普通订单,0.01,0,0,1.98,0,0,0,0,0,0,0,0,-0.1,0,0,0,0,0,0,否,0,义乌市於郝电子商务商行（个体工商户）,订单结算
2026-04-22 04:01:28,'2026042204012201604984720793,入账,3.55,聚合账户,货款结算入账,小店自卖,'6952129356650059104,'6952129356650059104,'SS76304215207892587860108,2026-04-16 21:02:33,'3809599445994176839,春日超仙韩系碎花蕾丝大肠发圈女甜美感丸子头慵懒风超大发饰头绳,,,普通订单,2.62,0,0,1.12,0,0,0,0,0,0,0,0,-0.19,0,0,0,0,0,0,,0,义乌市於郝电子商务商行（个体工商户）,订单结算
2026-04-22 04:01:29,'2026042204012128954793110793,入账,3.28,聚合账户,货款结算入账,小店自卖,'6952155053159552595,'6952155053159552595,'SS76304431987345001220179,2026-04-17 18:01:18,'3809586825216000110,春夏撞色甜美蝴蝶结发夹女后脑勺抓夹2026新款气质大号盘发鸭嘴夹,,,普通订单,3.45,0,0,0,0,0,0,0,0,0,0,0,-0.17,0,0,0,0,0,0,否,0,义乌市於郝电子商务商行（个体工商户）,订单结算
2026-04-22 04:01:29,'2026042204012414389414400793,入账,6.31,聚合账户,货款结算入账,小店自卖,'6952125057320097477,'6952125057320097477,'SS76303793226375176030001,2026-04-16 23:44:34,'3808518913650721160,新款高级牡丹花流苏抓夹毛毛发夹后脑勺显发量大号鲨鱼头饰发夹,,,普通订单,6.64,0,0,0,0,0,0,0,0,0,0,0,-0.33,0,0,0,0,0,0,否,0,义乌市於郝电子商务商行（个体工商户）,订单结算
2026-04-22 04:01:29,'2026042204012237371748350793,入账,2.69,聚合账户,货款结算入账,巨量千川,'6925588260941561793,'6925588260941561793,'SS76304731855587128470198,2026-04-15 07:47:42,'3808826072573804729,迷你小号无痕鸭嘴夹抓夹小夹子精致蝴蝶结碎发夹刘海夹高级感发卡,,,普通订单,0.83,0,0,2,0,0,0,0,0,0,0,0,-0.14,0,0,0,0,0,0,否,0,义乌市於郝电子商务商行（个体工商户）,订单结算
2026-04-22 04:01:29,'2026042204012209905938190793,入账,3.15,聚合账户,货款结算入账,小店自卖,'6925653373439082274,'6925653373439082274,'SS76304446407264220500248,2026-04-16 23:46:51,'3808518913650721160,新款高级牡丹花流苏抓夹毛毛发夹后脑勺显发量大号鲨鱼头饰发夹,,,普通订单,3.32,0,0,0,0,0,0,0,0,0,0,0,-0.17,0,0,0,0,0,0,,0,义乌市於郝电子商务商行（个体工商户）,订单结算
2026-04-22 04:01:29,'2026042204012239817546330793,入账,4.26,聚合账户,货款结算入账,小店自卖,'6925647072582073811,'6925647072582073811,'SS76304032760807306670217,2026-04-17 07:42:13,'3811116864172589149,森系干枯山茶花朵7cm小抓夹百搭气质发夹女后脑勺超仙鲨鱼夹发饰,,,普通订单,4.48,0,0,0,0,0,0,0,0,0,0,0,-0.22,0,0,0,0,0,0,否,0,义乌市於郝电子商务商行（个体工商户）,订单结算
2026-04-22 04:01:29,'2026042204012509818938970793,入账,4.22,聚合账户,货款结算入账,巨量千川,'6952129097537885342,'6952129097537885342,'SS76304517314652741210026,2026-04-16 18:41:32,'3811116864172589149,森系干枯山茶花朵7cm小抓夹百搭气质发夹女后脑勺超仙鲨鱼夹发饰,,,普通订单,4.44,0,0,0,0,0,0,0,0,0,0,0,-0.22,0,0,0,0,0,0,,0,义乌市於郝电子商务商行（个体工商户）,订单结算
2026-04-22 04:01:29,'2026042204012311248768260793,入账,4.81,聚合账户,货款结算入账,小店自卖,'6952066572401513474,'6952066572401513474,'SS76302827199441313710036,2026-04-15 09:12:16,'3808518913650721160,新款高级牡丹花流苏抓夹毛毛发夹后脑勺显发量大号鲨鱼头饰发夹,,,普通订单,5.06,0,0,0,0,0,0,0,0,0,0,0,-0.25,0,0,0,0,0,0,否,0,义乌市於郝电子商务商行（个体工商户）,订单结算
2026-04-22 04:01:29,'2026042204012216791188570793,入账,1.89,聚合账户,货款结算入账,小店自卖,'6925626416116628814,'6925626416116628814,'SS76303283782644702910032,2026-04-15 15:20:47,'3808855327718375885,复古豹纹波点褶皱高马尾香蕉夹小号后脑勺竖夹韩系显发量发夹,,,普通订单,1.99,0,0,0,0,0,0,0,0,0,0,0,-0.1,0,0,0,0,0,0,否,0,义乌市於郝电子商务商行（个体工商户）,订单结算
2026-04-22 04:01:29,'2026042204012011079196500793,入账,5.68,聚合账户,货款结算入账,小店自卖,'6952082471548098285,'6952082471548098285,'SS76304717374232335710054,2026-04-15 13:06:54,'3809999719674020255,韩版泡泡辫编发神器儿童彩色不伤发min头绳卷卷电话线发圈头饰女,,,普通订单,5.98,0,0,0,0,0,0,0,0,0,0,0,-0.3,0,0,0,0,0,0,否,0,义乌市於郝电子商务商行（个体工商户）,订单结算
2026-04-22 05:14:58,'2026042205145505478036940793,入账,3.89,聚合账户,货款结算入账,小店自卖,'6952019721532544111,'6952019721532544111,'SS76303708888268311420023,2026-04-12 09:07:08,'3808855327718375885,复古豹纹褶皱中号香蕉夹高级感马尾扭扭夹后脑勺韩系显发量发卡,,,普通订单,4.09,0,0,0,0,0,0,0,0,0,0,0,-0.2,0,0,0,0,0,0,否,0,义乌市於郝电子商务商行（个体工商户）,订单结算
2026-04-22 05:14:58,'2026042205145523289700220793,入账,1.89,聚合账户,货款结算入账,小店自卖,'6952014969116890541,'6952014969116890541,'SS76302628531700866710135,2026-04-12 07:14:45,'3808855327718375885,复古豹纹褶皱中号香蕉夹高级感马尾扭扭夹后脑勺韩系显发量发卡,,,普通订单,1.99,0,0,0,0,0,0,0,0,0,0,0,-0.1,0,0,0,0,0,0,否,0,义乌市於郝电子商务商行（个体工商户）,订单结算
2026-04-22 05:14:58,'2026042205145341372721140793,入账,3.1,聚合账户,货款结算入账,小店自卖,'6951987564587324772,'6951987564587324772,'SS76302634967606397530218,2026-04-11 15:35:27,'3812736213081784671,韩系ins风高马尾香蕉夹竖夹女2026新款高级感发夹简约复古发饰,,,普通订单,3.26,0,0,0,0,0,0,0,0,0,0,0,-0.16,0,0,0,0,0,0,否,0,义乌市於郝电子商务商行（个体工商户）,订单结算
2026-04-22 05:14:58,'2026042205145429279690580793,入账,1.89,聚合账户,货款结算入账,小店自卖,'6925517106253627261,'6925517106253627261,'SS76304126606748759040190,2026-04-11 23:22:36,'3808826072573804729,迷你小号无痕鸭嘴夹抓夹小夹子精致蝴蝶结碎发夹刘海夹高级感发卡,,,普通订单,1.99,0,0,0,0,0,0,0,0,0,0,0,-0.1,0,0,0,0,0,0,否,0,义乌市於郝电子商务商行（个体工商户）,订单结算
2026-04-22 05:14:58,'2026042205145312968146300793,入账,4.23,聚合账户,货款结算入账,小店自卖,'6952147325676360988,'6952147325676360988,'SS76304409623858591150122,2026-04-17 08:49:06,'3812210500259938495,可爱蝴蝶结小猫无痕刘海贴魔术贴发饰少女前额侧边碎发贴整理神器,,,普通订单,4.45,0,0,0,0,0,0,0,0,0,0,0,-0.22,0,0,0,0,0,0,否,0,义乌市於郝电子商务商行（个体工商户）,订单结算
2026-04-22 05:14:59,'2026042205145509017761550793,入账,0.96,聚合账户,货款结算入账,巨量千川,'6952010203889734874,'6952010203889734874,'SS76302717111457756790144,2026-04-11 21:50:47,'3808518913650721160,新款高级牡丹花流苏抓夹毛毛发夹后脑勺显发量大号鲨鱼头饰发夹,,,普通订单,1.01,0,0,0,0,0,0,0,0,0,0,0,-0.05,0,0,0,0,0,0,否,0,义乌市於郝电子商务商行（个体工商户）,订单结算
2026-04-22 05:14:59,'2026042205145505120494580793,入账,3.19,聚合账户,货款结算入账,小店自卖,'6925539072770801557,'6925539072770801557,'SS76303741051295994880103,2026-04-12 10:54:40,'3808855327718375885,复古豹纹褶皱中号香蕉夹高级感马尾扭扭夹后脑勺韩系显发量发卡,,,普通订单,3.36,0,0,0,0,0,0,0,0,0,0,0,-0.17,0,0,0,0,0,0,否,0,义乌市於郝电子商务商行（个体工商户）,订单结算
2026-04-22 05:14:59,'2026042205145704552013260793,入账,2.72,聚合账户,货款结算入账,小店自卖,'6951880561853273271,'6951880561853273271,'SS76302962808126346330242,2026-04-07 08:09:35,'3808518913650721160,新款高级牡丹花流苏抓夹毛毛发夹后脑勺显发量大号鲨鱼头饰发夹,,,普通订单,2.86,0,0,0,0,0,0,0,0,0,0,0,-0.14,0,0,0,0,0,0,否,0,义乌市於郝电子商务商行（个体工商户）,订单结算
2026-04-22 05:14:59,'2026042205145424184922100793,入账,5.68,聚合账户,货款结算入账,小店自卖,'6925520648371535688,'6925520648371339080,'SS76303694318226475900002,2026-04-11 17:51:54,'3812570629190844891,雾中鸢尾~韩系气质麻花带齿发箍女款高级感洋气时尚洗脸头箍盘发,,,普通订单,5.98,0,0,0,0,0,0,0,0,0,0,0,-0.3,0,0,0,0,0,0,否,0,义乌市於郝电子商务商行（个体工商户）,订单结算
2026-04-22 05:14:59,'2026042205145536073474820793,入账,1.89,聚合账户,货款结算入账,巨量千川,'6952059389679834826,'6952059389679834826,'SS76304156453896033370014,2026-04-14 21:44:46,'3808855327718375885,复古豹纹褶皱中号香蕉夹高级感马尾扭扭夹后脑勺韩系显发量发卡,,,普通订单,1.99,0,0,0,0,0,0,0,0,0,0,0,-0.1,0,0,0,0,0,0,否,0,义乌市於郝电子商务商行（个体工商户）,订单结算
2026-04-22 05:15:15,'2026042205151121779093110793,入账,3.89,聚合账户,货款结算入账,小店自卖,'6951972284785038404,'6951972284785038404,'SS76302635004392576400183,2026-04-11 17:09:56,'3808855327718375885,复古豹纹褶皱中号香蕉夹高级感马尾扭扭夹后脑勺韩系显发量发卡,,,普通订单,4.09,0,0,0,0,0,0,0,0,0,0,0,-0.2,0,0,0,0,0,0,否,0,义乌市於郝电子商务商行（个体工商户）,订单结算
2026-04-22 05:15:15,'2026042205151004854912150793,入账,1.89,聚合账户,货款结算入账,小店自卖,'6925544038591396870,'6925544038591396870,'SS76303938871277368320182,2026-04-12 15:25:35,'3808855327718375885,复古豹纹褶皱中号香蕉夹高级感马尾扭扭夹后脑勺韩系显发量发卡,,,普通订单,1.99,0,0,0,0,0,0,0,0,0,0,0,-0.1,0,0,0,0,0,0,否,0,义乌市於郝电子商务商行（个体工商户）,订单结算
2026-04-22 05:15:15,'2026042205151027941320020793,入账,3.19,聚合账户,货款结算入账,小店自卖,'6925544163601775697,'6925544163601775697,'SS76303940839996787460099,2026-04-12 16:28:36,'3808855327718375885,复古豹纹褶皱中号香蕉夹高级感马尾扭扭夹后脑勺韩系显发量发卡,,,普通订单,3.36,0,0,0,0,0,0,0,0,0,0,0,-0.17,0,0,0,0,0,0,,0,义乌市於郝电子商务商行（个体工商户）,订单结算
2026-04-22 05:15:15,'2026042205150919599695720793,入账,3.19,聚合账户,货款结算入账,小店自卖,'6951994771686167852,'6951994771686167852,'SS76302633860351800510108,2026-04-11 21:18:08,'3808855327718375885,复古豹纹褶皱中号香蕉夹高级感马尾扭扭夹后脑勺韩系显发量发卡,,,普通订单,3.36,0,0,0,0,0,0,0,0,0,0,0,-0.17,0,0,0,0,0,0,否,0,义乌市於郝电子商务商行（个体工商户）,订单结算
2026-04-22 05:15:15,'2026042205151029536629760793,入账,1.89,聚合账户,货款结算入账,小店自卖,'6925519150965423163,'6925519150965423163,'SS76303545979404454490070,2026-04-11 23:23:00,'3808855327718375885,复古豹纹褶皱中号香蕉夹高级感马尾扭扭夹后脑勺韩系显发量发卡,,,普通订单,1.99,0,0,0,0,0,0,0,0,0,0,0,-0.1,0,0,0,0,0,0,否,0,义乌市於郝电子商务商行（个体工商户）,订单结算
2026-04-22 05:15:26,'2026042205152115282675580793,入账,5.68,聚合账户,货款结算入账,小店自卖,'6925530027916098976,'6925530027916098976,'SS76303889910119306640220,2026-04-11 20:19:52,'3811282248515322341,可爱小黄鸡小猪发圈学生风萌系扎发神器黑色发绳扎头发皮筋卖头饰,,,普通订单,5.98,0,0,0,0,0,0,0,0,0,0,0,-0.3,0,0,0,0,0,0,否,0,义乌市於郝电子商务商行（个体工商户）,订单结算
2026-04-22 05:15:26,'2026042205152041319633920793,入账,3.23,聚合账户,货款结算入账,小店自卖,'6951988846600591074,'6951988846600591074,'SS76303732203103362620049,2026-04-12 11:18:48,'3808515754769383695,2026新款高级牡丹花流苏抓夹毛毛发夹后脑勺显发量大号鲨鱼夹头饰,,,普通订单,3.4,0,0,0,0,0,0,0,0,0,0,0,-0.17,0,0,0,0,0,0,否,0,义乌市於郝电子商务商行（个体工商户）,订单结算
2026-04-22 05:15:26,'2026042205152331561528420793,入账,5.98,聚合账户,货款结算入账,小店自卖,'6925611546200931633,'6925611546200931633,'SS76302685697675758500076,2026-04-15 18:42:20,'3809586825216000110,春夏撞色甜美蝴蝶结发夹女后脑勺抓夹2026新款气质大号盘发鸭嘴夹,,,普通订单,6.29,0,0,0,0,0,0,0,0,0,0,0,-0.31,0,0,0,0,0,0,否,0,义乌市於郝电子商务商行（个体工商户）,订单结算
2026-04-22 05:15:26,'2026042205152137091906960793,入账,3.86,聚合账户,货款结算入账,巨量千川,'6952125961611450288,'6952125961611450288,'SS76302970248941409540057,2026-04-16 10:55:32,'3808515754769383695,2026新款高级牡丹花流苏抓夹毛毛发夹后脑勺显发量大号鲨鱼夹头饰,,,普通订单,5.06,0,0,0,0,0,0,0,0,0,0,-1,-0.2,0,0,0,0,0,0,否,0,义乌市於郝电子商务商行（个体工商户）,订单结算
2026-04-22 05:15:26,'2026042205152220061555660793,入账,2.77,聚合账户,货款结算入账,小店自卖,'6925398545671552106,'6925398545671552106,'SS76302946159632389390044,2026-04-06 21:04:23,'3808518913650721160,新款高级牡丹花流苏抓夹毛毛发夹后脑勺显发量大号鲨鱼头饰发夹,,,普通订单,2.92,0,0,0,0,0,0,0,0,0,0,0,-0.15,0,0,0,0,0,0,否,0,义乌市於郝电子商务商行（个体工商户）,订单结算
2026-04-22 05:16:11,'2026042205160715653281800793,入账,3.23,聚合账户,货款结算入账,巨量千川,'6925519746705751782,'6925519746705751782,'SS76303734609424225630003,2026-04-12 09:17:54,'3808518913650721160,新款高级牡丹花流苏抓夹毛毛发夹后脑勺显发量大号鲨鱼头饰发夹,,,普通订单,3.4,0,0,0,0,0,0,0,0,0,0,0,-0.17,0,0,0,0,0,0,否,0,义乌市於郝电子商务商行（个体工商户）,订单结算
2026-04-22 05:16:11,'2026042205160815814008670793,入账,4.83,聚合账户,货款结算入账,小店自卖,'6951997583636108991,'6951997583636108991,'SS76303263227169344260090,2026-04-12 12:01:10,'3811282248515322341,可爱小黄鸡小猪发圈学生风萌系扎发神器黑色发绳扎头发皮筋卖头饰,,,普通订单,5.08,0,0,0,0,0,0,0,0,0,0,0,-0.25,0,0,0,0,0,0,否,0,义乌市於郝电子商务商行（个体工商户）,订单结算
2026-04-22 05:16:11,'2026042205160703786347520793,入账,3.78,聚合账户,货款结算入账,小店自卖,'6925581104575774101,'6925581104575774101,'SS76301347341110031360002,2026-04-14 11:34:58,'3813896710921519427,故事里的小黄花~2026新款花朵大号高品质发夹后脑勺抓夹盘发夹子,,,普通订单,3.98,0,0,0,0,0,0,0,0,0,0,0,-0.2,0,0,0,0,0,0,否,0,义乌市於郝电子商务商行（个体工商户）,订单结算
2026-04-22 05:16:11,'2026042205160718844882260793,入账,4.77,聚合账户,货款结算入账,小店自卖,'6925531035136130203,'6925531035136130203,'SS76303750034227044030209,2026-04-12 09:01:17,'3808826072573804729,迷你小号无痕鸭嘴夹抓夹小夹子精致蝴蝶结碎发夹刘海夹高级感发卡,,,普通订单,5.02,0,0,0,0,0,0,0,0,0,0,0,-0.25,0,0,0,0,0,0,否,0,义乌市於郝电子商务商行（个体工商户）,订单结算
2026-04-22 05:16:11,'2026042205160712931074710793,入账,2.91,聚合账户,货款结算入账,小店自卖,'6951990083429275398,'6951990083429275398,'SS76302658724015644260197,2026-04-11 20:27:11,'3808518913650721160,新款高级牡丹花流苏抓夹毛毛发夹后脑勺显发量大号鲨鱼头饰发夹,,,普通订单,3.06,0,0,0,0,0,0,0,0,0,0,0,-0.15,0,0,0,0,0,0,否,0,义乌市於郝电子商务商行（个体工商户）,订单结算
2026-04-22 05:16:25,'2026042205162101686738270793,入账,2.77,聚合账户,货款结算入账,小店自卖,'6925516253442833789,'6925516253442833789,'SS76302661587973737050112,2026-04-11 17:13:03,'3808518913650721160,新款高级牡丹花流苏抓夹毛毛发夹后脑勺显发量大号鲨鱼头饰发夹,,,普通订单,2.92,0,0,0,0,0,0,0,0,0,0,0,-0.15,0,0,0,0,0,0,否,0,义乌市於郝电子商务商行（个体工商户）,订单结算
2026-04-22 05:16:25,'2026042205162015950978960793,入账,1.89,聚合账户,货款结算入账,小店自卖,'6952004175275890028,'6952004175275890028,'SS76303711421758835610106,2026-04-12 09:08:52,'3808855327718375885,复古豹纹褶皱中号香蕉夹高级感马尾扭扭夹后脑勺韩系显发量发卡,,,普通订单,1.99,0,0,0,0,0,0,0,0,0,0,0,-0.1,0,0,0,0,0,0,否,0,义乌市於郝电子商务商行（个体工商户）,订单结算
2026-04-22 05:16:25,'2026042205162108118973840793,入账,2.65,聚合账户,货款结算入账,小店自卖,'6925522320829218387,'6925522320829218387,'SS76303721426655524470033,2026-04-12 11:37:44,'3808522822146457689,夏天简约随手盘发一字夹扭扭夹水钻抓夹高级发夹扭扭后脑勺盘发器,,,普通订单,2.79,0,0,0,0,0,0,0,0,0,0,0,-0.14,0,0,0,0,0,0,否,0,义乌市於郝电子商务商行（个体工商户）,订单结算
2026-04-22 05:16:25,'2026042205162132938887830793,入账,3.38,聚合账户,货款结算入账,小店自卖,'6951990838582318609,'6951990838582318609,'SS76303750020172024780149,2026-04-12 10:05:15,'3808826072573804729,迷你小号无痕鸭嘴夹抓夹小夹子精致蝴蝶结碎发夹刘海夹高级感发卡,,,普通订单,3.56,0,0,0,0,0,0,0,0,0,0,0,-0.18,0,0,0,0,0,0,否,0,义乌市於郝电子商务商行（个体工商户）,订单结算
2026-04-22 05:16:25,'2026042205162131419605000793,入账,4.26,聚合账户,货款结算入账,小店自卖,'6952113394260973073,'6952113394260973073,'SS76301414356809162750142,2026-04-16 17:39:58,'3811116864172589149,森系干枯山茶花朵7cm小抓夹百搭气质发夹女后脑勺超仙鲨鱼夹发饰,,,普通订单,4.48,0,0,0,0,0,0,0,0,0,0,0,-0.22,0,0,0,0,0,0,否,0,义乌市於郝电子商务商行（个体工商户）,订单结算
2026-04-22 05:16:34,'2026042205162929828224100793,入账,4.69,聚合账户,货款结算入账,小店自卖,'6925618071390682713,'6925618071390682713,'SS76304313477518300580195,2026-04-15 21:31:32,'3809608072410824827,气质抓夹大号发量多2026新款简约发夹女后脑勺鲨鱼夹高级感头饰,,,普通订单,4.94,0,0,0,0,0,0,0,0,0,0,0,-0.25,0,0,0,0,0,0,否,0,义乌市於郝电子商务商行（个体工商户）,订单结算
2026-04-22 05:16:34,'2026042205163008937146980793,入账,4.26,聚合账户,货款结算入账,小店自卖,'6925620499749698927,'6925620499749698927,'SS76303627235447813630185,2026-04-15 22:04:40,'3811116864172589149,森系干枯山茶花朵7cm小抓夹百搭气质发夹女后脑勺超仙鲨鱼夹发饰,,,普通订单,4.48,0,0,0,0,0,0,0,0,0,0,0,-0.22,0,0,0,0,0,0,否,0,义乌市於郝电子商务商行（个体工商户）,订单结算
2026-04-22 05:16:34,'2026042205163105287939190793,入账,3.23,聚合账户,货款结算入账,小店自卖,'6951962932446107021,'6951962932446107021,'SS76280717620812849150004,2026-04-11 13:46:21,'3808515754769383695,2026新款高级牡丹花流苏抓夹毛毛发夹后脑勺显发量大号鲨鱼夹头饰,,,普通订单,3.4,0,0,0,0,0,0,0,0,0,0,0,-0.17,0,0,0,0,0,0,否,0,义乌市於郝电子商务商行（个体工商户）,订单结算
2026-04-22 05:16:34,'2026042205162909908720910793,入账,2.77,聚合账户,货款结算入账,小店自卖,'6925430353935629375,'6925430353935629375,'SS76303890681987080090046,2026-04-07 12:29:24,'3808518913650721160,新款高级牡丹花流苏抓夹毛毛发夹后脑勺显发量大号鲨鱼头饰发夹,,,普通订单,2.92,0,0,0,0,0,0,0,0,0,0,0,-0.15,0,0,0,0,0,0,否,0,义乌市於郝电子商务商行（个体工商户）,订单结算
2026-04-22 05:16:34,'2026042205162921860398350793,入账,4.77,聚合账户,货款结算入账,小店自卖,'6925646708553973179,'6925646708553973179,'SS76304506019476605950178,2026-04-16 23:36:25,'3808826072573804729,迷你小号无痕鸭嘴夹抓夹小夹子精致蝴蝶结碎发夹刘海夹高级感发卡,,,普通订单,5.02,0,0,0,0,0,0,0,0,0,0,0,-0.25,0,0,0,0,0,0,否,0,义乌市於郝电子商务商行（个体工商户）,订单结算
2026-04-22 05:16:40,'2026042205163538008100180793,入账,2.86,聚合账户,货款结算入账,小店自卖,'6951835216020444911,'6951835216020444911,'SS76302996269612569960212,2026-04-06 09:23:18,'3809438133272051839,韩版新款格纹蝴蝶结香蕉夹复古少女中号马尾夹百搭扭扭发卡抓夹,,,普通订单,3.01,0,0,0,0,0,0,0,0,0,0,0,-0.15,0,0,0,0,0,0,否,0,义乌市於郝电子商务商行（个体工商户）,订单结算
2026-04-22 05:16:40,'2026042205163541366984080793,入账,2.95,聚合账户,货款结算入账,小店自卖,'6951986011938952327,'6951986011938952327,'SS76302879775247283550070,2026-04-11 21:50:23,'3811277242529612613,红色格子发圈可爱蝴蝶结发绳头绳艺充皮筋新年头发发绳头饰品发饰,,,普通订单,3.11,0,0,0,0,0,0,0,0,0,0,0,-0.16,0,0,0,0,0,0,否,0,义乌市於郝电子商务商行（个体工商户）,订单结算
2026-04-22 05:16:40,'2026042205163621017889620793,入账,3.29,聚合账户,货款结算入账,小店自卖,'6951976463017383703,'6951976463017383703,'SS76302634991507545790030,2026-04-11 15:46:23,'3808855327718375885,复古豹纹褶皱中号香蕉夹高级感马尾扭扭夹后脑勺韩系显发量发卡,,,普通订单,3.46,0,0,0,0,0,0,0,0,0,0,0,-0.17,0,0,0,0,0,0,否,0,义乌市於郝电子商务商行（个体工商户）,订单结算
2026-04-22 05:16:40,'2026042205163516180393300793,入账,1.89,聚合账户,货款结算入账,小店自卖,'6925537310312463921,'6925537310312463921,'SS76303701915746148340022,2026-04-12 10:25:24,'3808855327718375885,复古豹纹褶皱中号香蕉夹高级感马尾扭扭夹后脑勺韩系显发量发卡,,,普通订单,1.99,0,0,0,0,0,0,0,0,0,0,0,-0.1,0,0,0,0,0,0,否,0,义乌市於郝电子商务商行（个体工商户）,订单结算
2026-04-22 05:16:40,'2026042205163635704998920793,入账,1.89,聚合账户,货款结算入账,小店自卖,'6925541621309013260,'6925541621309013260,'SS76303704883507535700040,2026-04-12 14:22:45,'3808855327718375885,复古豹纹褶皱中号香蕉夹高级感马尾扭扭夹后脑勺韩系显发量发卡,,,普通订单,1.99,0,0,0,0,0,0,0,0,0,0,0,-0.1,0,0,0,0,0,0,否,0,义乌市於郝电子商务商行（个体工商户）,订单结算
2026-04-22 05:16:49,'2026042205164610288012900793,入账,5.68,聚合账户,货款结算入账,小店自卖,'6925518963752074833,'6925518963752074833,'SS76303890251946603670168,2026-04-11 22:24:44,'3811282248515322341,可爱小黄鸡小猪发圈学生风萌系扎发神器黑色发绳扎头发皮筋卖头饰,,,普通订单,5.98,0,0,0,0,0,0,0,0,0,0,0,-0.3,0,0,0,0,0,0,否,0,义乌市於郝电子商务商行（个体工商户）,订单结算
2026-04-22 05:16:49,'2026042205164511679175780793,入账,1.89,聚合账户,货款结算入账,小店自卖,'6925550786073820546,'6925550786073820546,'SS76303705063753201100169,2026-04-12 14:28:34,'3808855327718375885,复古豹纹褶皱中号香蕉夹高级感马尾扭扭夹后脑勺韩系显发量发卡,,,普通订单,1.99,0,0,0,0,0,0,0,0,0,0,0,-0.1,0,0,0,0,0,0,否,0,义乌市於郝电子商务商行（个体工商户）,订单结算
2026-04-22 05:16:49,'2026042205164626804068340793,入账,4.35,聚合账户,货款结算入账,小店自卖,'6925520932164370144,'6925520932164370144,'SS76302879840802409340079,2026-04-11 19:58:34,'3809979415216128130,可爱小黄鸡发圈萌系扎发神器黑色发绳扎头发皮筋儿童卡子卖萌头饰,,,普通订单,4.58,0,0,0,0,0,0,0,0,0,0,0,-0.23,0,0,0,0,0,0,否,0,义乌市於郝电子商务商行（个体工商户）,订单结算
2026-04-22 05:16:49,'2026042205164608901598820793,入账,3.19,聚合账户,货款结算入账,小店自卖,'6925529963427561363,'6925529963427561363,'SS76302632115617674760116,2026-04-11 19:58:50,'3808855327718375885,复古豹纹褶皱中号香蕉夹高级感马尾扭扭夹后脑勺韩系显发量发卡,,,普通订单,3.36,0,0,0,0,0,0,0,0,0,0,0,-0.17,0,0,0,0,0,0,否,0,义乌市於郝电子商务商行（个体工商户）,订单结算
2026-04-22 05:16:49,'2026042205164407686395140793,入账,1.89,聚合账户,货款结算入账,小店自卖,'6925553061005262661,'6925553061005262661,'SS76303704378284160190092,2026-04-12 13:40:12,'3808855327718375885,复古豹纹褶皱中号香蕉夹高级感马尾扭扭夹后脑勺韩系显发量发卡,,,普通订单,1.99,0,0,0,0,0,0,0,0,0,0,0,-0.1,0,0,0,0,0,0,否,0,义乌市於郝电子商务商行（个体工商户）,订单结算
2026-04-22 05:17:46,'2026042205174214813929230793,入账,3.44,聚合账户,货款结算入账,小店自卖,'6951992977042118437,'6951992977042118437,'SS76303708843645345740202,2026-04-12 09:59:57,'3812736213081784671,韩系ins风高马尾香蕉夹竖夹女2026新款高级感发夹简约复古发饰,,,普通订单,3.62,0,0,0,0,0,0,0,0,0,0,0,-0.18,0,0,0,0,0,0,否,0,义乌市於郝电子商务商行（个体工商户）,订单结算
2026-04-22 05:17:46,'2026042205174220558321150793,入账,3.19,聚合账户,货款结算入账,小店自卖,'6925519285581676175,'6925519285581676175,'SS76302634065711478180021,2026-04-12 00:14:28,'3808855327718375885,复古豹纹褶皱中号香蕉夹高级感马尾扭扭夹后脑勺韩系显发量发卡,,,普通订单,3.36,0,0,0,0,0,0,0,0,0,0,0,-0.17,0,0,0,0,0,0,否,0,义乌市於郝电子商务商行（个体工商户）,订单结算
2026-04-22 05:17:46,'2026042205174324626962380793,入账,5.68,聚合账户,货款结算入账,小店自卖,'6925534604004327366,'6925534604004327366,'SS76303890379284485750179,2026-04-12 00:07:15,'3811282248515322341,可爱小黄鸡小猪发圈学生风萌系扎发神器黑色发绳扎头发皮筋卖头饰,,,普通订单,5.98,0,0,0,0,0,0,0,0,0,0,0,-0.3,0,0,0,0,0,0,否,0,义乌市於郝电子商务商行（个体工商户）,订单结算
2026-04-22 05:17:46,'2026042205174340946406500793,入账,1.89,聚合账户,货款结算入账,小店自卖,'6925539790911208641,'6925539790911208641,'SS76303940043166848340077,2026-04-12 16:32:55,'3808855327718375885,复古豹纹褶皱中号香蕉夹高级感马尾扭扭夹后脑勺韩系显发量发卡,,,普通订单,1.99,0,0,0,0,0,0,0,0,0,0,0,-0.1,0,0,0,0,0,0,否,0,义乌市於郝电子商务商行（个体工商户）,订单结算
2026-04-22 05:17:46,'2026042205174118044198490793,入账,1.89,聚合账户,货款结算入账,小店自卖,'6951989880823420540,'6951989880823420540,'SS76302620020238751150084,2026-04-11 18:42:09,'3808855327718375885,复古豹纹褶皱中号香蕉夹高级感马尾扭扭夹后脑勺韩系显发量发卡,,,普通订单,1.99,0,0,0,0,0,0,0,0,0,0,0,-0.1,0,0,0,0,0,0,否,0,义乌市於郝电子商务商行（个体工商户）,订单结算
2026-04-22 05:17:46,'2026042205174221397837070793,入账,3.89,聚合账户,货款结算入账,小店自卖,'6925596431164800876,'6925596431164800876,'SS76303728200396968960250,2026-04-14 19:29:26,'3808855327718375885,复古豹纹褶皱中号香蕉夹高级感马尾扭扭夹后脑勺韩系显发量发卡,,,普通订单,4.09,0,0,0,0,0,0,0,0,0,0,0,-0.2,0,0,0,0,0,0,否,0,义乌市於郝电子商务商行（个体工商户）,订单结算
2026-04-22 05:17:46,'2026042205174205370350460793,入账,3.23,聚合账户,货款结算入账,小店自卖,'6925533126854409217,'6925533126854409217,'SS76303734822869404220108,2026-04-12 11:27:53,'3808515754769383695,2026新款高级牡丹花流苏抓夹毛毛发夹后脑勺显发量大号鲨鱼夹头饰,,,普通订单,3.4,0,0,0,0,0,0,0,0,0,0,0,-0.17,0,0,0,0,0,0,,0,义乌市於郝电子商务商行（个体工商户）,订单结算
2026-04-22 05:17:46,'2026042205174310910113280793,入账,5.68,聚合账户,货款结算入账,小店自卖,'6951981313800607284,'6951981313800607284,'SS76303890121796654480247,2026-04-11 21:53:51,'3811282248515322341,可爱小黄鸡小猪发圈学生风萌系扎发神器黑色发绳扎头发皮筋卖头饰,,,普通订单,5.98,0,0,0,0,0,0,0,0,0,0,0,-0.3,0,0,0,0,0,0,否,0,义乌市於郝电子商务商行（个体工商户）,订单结算
2026-04-22 05:17:46,'2026042205174220640404990793,入账,7.41,聚合账户,货款结算入账,小店自卖,'6925525676866370881,'6925525676866370881,'SS76302668142873320960126,2026-04-11 22:12:44,'3812210500259938495,可爱蝴蝶结小猫无痕刘海贴魔术贴发饰少女前额侧边碎发贴整理神器,,,普通订单,7.8,0,0,0,0,0,0,0,0,0,0,0,-0.39,0,0,0,0,0,0,否,0,义乌市於郝电子商务商行（个体工商户）,订单结算
2026-04-22 05:17:46,'2026042205174316064886270793,入账,1.89,聚合账户,货款结算入账,小店自卖,'6952120299073246708,'6952120299073246708,'SS76304432016753014140015,2026-04-16 21:16:37,'3808855327718375885,复古豹纹波点褶皱高马尾香蕉夹小号后脑勺竖夹韩系显发量发夹,,,普通订单,1.99,0,0,0,0,0,0,0,0,0,0,0,-0.1,0,0,0,0,0,0,否,0,义乌市於郝电子商务商行（个体工商户）,订单结算
2026-04-22 05:18:50,'2026042205184614019180040793,入账,3.89,聚合账户,货款结算入账,小店自卖,'6952011605654705241,'6952011605654705241,'SS76303938482498931660194,2026-04-12 16:36:39,'3808855327718375885,复古豹纹褶皱中号香蕉夹高级感马尾扭扭夹后脑勺韩系显发量发卡,,,普通订单,4.09,0,0,0,0,0,0,0,0,0,0,0,-0.2,0,0,0,0,0,0,否,0,义乌市於郝电子商务商行（个体工商户）,订单结算
2026-04-22 05:18:50,'2026042205184440361495380793,入账,3.19,聚合账户,货款结算入账,小店自卖,'6951995009852052867,'6951995009852052867,'SS76302634109206858500241,2026-04-11 23:29:04,'3808855327718375885,复古豹纹褶皱中号香蕉夹高级感马尾扭扭夹后脑勺韩系显发量发卡,,,普通订单,3.36,0,0,0,0,0,0,0,0,0,0,0,-0.17,0,0,0,0,0,0,否,0,义乌市於郝电子商务商行（个体工商户）,订单结算
2026-04-22 05:18:50,'2026042205184504375846800793,入账,2.77,聚合账户,货款结算入账,巨量千川,'6951974613384500378,'6951974613384500378,'SS76302661653323620250084,2026-04-11 18:20:37,'3808515754769383695,2026新款高级牡丹花流苏抓夹毛毛发夹后脑勺显发量大号鲨鱼夹头饰,,,普通订单,2.92,0,0,0,0,0,0,0,0,0,0,0,-0.15,0,0,0,0,0,0,否,0,义乌市於郝电子商务商行（个体工商户）,订单结算
2026-04-22 05:18:50,'2026042205184527569851400793,入账,3.32,聚合账户,货款结算入账,小店自卖,'6952110288514127066,'6952110288514127066,'SS76303016254712712090160,2026-04-16 09:34:41,'3808834995301253254,法式碎花发绳复古彩虹格子蝴蝶结大肠发圈丸子马尾发绳新款头绳女,,,普通订单,3.5,0,0,0,0,0,0,0,0,0,0,0,-0.18,0,0,0,0,0,0,否,0,义乌市於郝电子商务商行（个体工商户）,订单结算
2026-04-22 05:18:50,'2026042205184509066952020793,入账,5.94,聚合账户,货款结算入账,小店自卖,'6952115547929318653,'6952115547929253117,'SS76304642687577464660172,2026-04-16 17:35:51,'3814035964515451328,柔软泡泡纱韩系粉色碎花大肠发圈高级仙气网纱慵懒头绳大号发饰,,,普通订单,6.25,0,0,0,0,0,0,0,0,0,0,0,-0.31,0,0,0,0,0,0,否,0,义乌市於郝电子商务商行（个体工商户）,订单结算
2026-04-22 05:18:51,'2026042205184717576102910793,入账,3.15,聚合账户,货款结算入账,小店自卖,'6925510073940016562,'6925510073940016562,'SS76302658034941141020232,2026-04-11 17:35:40,'3808518913650721160,新款高级牡丹花流苏抓夹毛毛发夹后脑勺显发量大号鲨鱼头饰发夹,,,普通订单,3.32,0,0,0,0,0,0,0,0,0,0,0,-0.17,0,0,0,0,0,0,否,0,义乌市於郝电子商务商行（个体工商户）,订单结算
2026-04-22 05:18:51,'2026042205184522240794100793,入账,3.32,聚合账户,货款结算入账,小店自卖,'6951981656889955961,'6951981656889955961,'SS76302669016764260200130,2026-04-12 05:25:40,'3812210500259938495,可爱蝴蝶结小猫无痕刘海贴魔术贴发饰少女前额侧边碎发贴整理神器,,,普通订单,3.49,0,0,0,0,0,0,0,0,0,0,0,-0.17,0,0,0,0,0,0,否,0,义乌市於郝电子商务商行（个体工商户）,订单结算
2026-04-22 05:18:51,'2026042205184629547279870793,入账,3.91,聚合账户,货款结算入账,小店自卖,'6952001501033862970,'6952001501033862970,'SS76303114758146951940072,2026-04-11 22:31:43,'3808509441058406492,新款扭扭麻花发箍女简约高颅顶带齿防滑洗脸头箍发卡高级感民族风,,,普通订单,4.12,0,0,0,0,0,0,0,0,0,0,0,-0.21,0,0,0,0,0,0,否,0,义乌市於郝电子商务商行（个体工商户）,订单结算
2026-04-22 05:18:51,'2026042205184709780475260793,入账,1.89,聚合账户,货款结算入账,小店自卖,'6952024360019891250,'6952024360019891250,'SS76303705270183862220016,2026-04-12 14:42:58,'3808855327718375885,复古豹纹褶皱中号香蕉夹高级感马尾扭扭夹后脑勺韩系显发量发卡,,,普通订单,1.99,0,0,0,0,0,0,0,0,0,0,0,-0.1,0,0,0,0,0,0,否,0,义乌市於郝电子商务商行（个体工商户）,订单结算
2026-04-22 05:18:51,'2026042205184626219648090793,入账,2.37,聚合账户,货款结算入账,小店自卖,'6951994918780933517,'6951994918780933517,'SS76302880014405967360186,2026-04-11 22:22:49,'3810163319155851664,可爱小黄鸡发绳闺蜜同款少女心爆棚萌系扎发神器皮筋卖萌头饰学生,,,普通订单,2.49,0,0,0,0,0,0,0,0,0,0,0,-0.12,0,0,0,0,0,0,否,0,义乌市於郝电子商务商行（个体工商户）,订单结算
2026-04-22 05:19:25,'2026042205191904959444840793,入账,5.68,聚合账户,货款结算入账,小店自卖,'6951993098313209029,'6951993098313209029,'SS76303292445240079550071,2026-04-12 11:13:56,'3810178800415801398,韩系甜美格纹蕾丝边大肠圈2026新款绑马尾发圈洋气百搭头圈发绳女,,,普通订单,5.98,0,0,0,0,0,0,0,0,0,0,0,-0.3,0,0,0,0,0,0,否,0,义乌市於郝电子商务商行（个体工商户）,订单结算
2026-04-22 05:19:25,'2026042205192100630011510793,入账,5.68,聚合账户,货款结算入账,小店自卖,'6951979179412493346,'6951979179412493346,'SS76303889820099261940220,2026-04-11 18:27:25,'3811282248515322341,可爱小黄鸡小猪发圈学生风萌系扎发神器黑色发绳扎头发皮筋卖头饰,,,普通订单,5.98,0,0,0,0,0,0,0,0,0,0,0,-0.3,0,0,0,0,0,0,否,0,义乌市於郝电子商务商行（个体工商户）,订单结算
2026-04-22 05:19:25,'2026042205191816372372900793,入账,3.89,聚合账户,货款结算入账,小店自卖,'6952020324197603221,'6952020324197603221,'SS76303709667337876980015,2026-04-12 15:17:35,'3808855327718375885,复古豹纹褶皱中号香蕉夹高级感马尾扭扭夹后脑勺韩系显发量发卡,,,普通订单,4.09,0,0,0,0,0,0,0,0,0,0,0,-0.2,0,0,0,0,0,0,否,0,义乌市於郝电子商务商行（个体工商户）,订单结算
2026-04-22 05:19:25,'2026042205192007514857500793,入账,4.7,聚合账户,货款结算入账,小店自卖,'6952016442460018057,'6952016442460018057,'SS76302872455347451030160,2026-04-12 22:10:09,'3809219180176212098,发圈式啪啪圈~春夏美拉德系懒人高马尾啪啪圈复古固定不塌神器,,,普通订单,4.95,0,0,0,0,0,0,0,0,0,0,0,-0.25,0,0,0,0,0,0,否,0,义乌市於郝电子商务商行（个体工商户）,订单结算
2026-04-22 05:19:25,'2026042205191823292523930793,入账,2.65,聚合账户,货款结算入账,小店自卖,'6951992240063780167,'6951992240063780167,'SS76302632130957686280088,2026-04-11 20:57:26,'3808855327718375885,复古豹纹褶皱中号香蕉夹高级感马尾扭扭夹后脑勺韩系显发量发卡,,,普通订单,2.79,0,0,0,0,0,0,0,0,0,0,0,-0.14,0,0,0,0,0,0,否,0,义乌市於郝电子商务商行（个体工商户）,订单结算
2026-04-22 05:19:38,'2026042205193332591058270793,入账,3.15,聚合账户,货款结算入账,小店自卖,'6925536994155986021,'6925536994155986021,'SS76303236442159357860188,2026-04-12 08:28:24,'3811282248515322341,可爱小黄鸡小猪发圈学生风萌系扎发神器黑色发绳扎头发皮筋卖头饰,,,普通订单,3.32,0,0,0,0,0,0,0,0,0,0,0,-0.17,0,0,0,0,0,0,否,0,义乌市於郝电子商务商行（个体工商户）,订单结算
2026-04-22 05:19:38,'2026042205193208906672980793,入账,4.23,聚合账户,货款结算入账,小店自卖,'6925543784642477293,'6925543784642477293,'SS76303734955801482660051,2026-04-12 13:18:31,'3812210500259938495,可爱蝴蝶结小猫无痕刘海贴魔术贴发饰少女前额侧边碎发贴整理神器,,,普通订单,4.45,0,0,0,0,0,0,0,0,0,0,0,-0.22,0,0,0,0,0,0,否,0,义乌市於郝电子商务商行（个体工商户）,订单结算
2026-04-22 05:19:38,'2026042205193236663793040793,入账,3.19,聚合账户,货款结算入账,小店自卖,'6925516227916168936,'6925516227916168936,'SS76302638081366963260061,2026-04-11 17:04:46,'3808855327718375885,复古豹纹褶皱中号香蕉夹高级感马尾扭扭夹后脑勺韩系显发量发卡,,,普通订单,3.36,0,0,0,0,0,0,0,0,0,0,0,-0.17,0,0,0,0,0,0,否,0,义乌市於郝电子商务商行（个体工商户）,订单结算
2026-04-22 05:19:38,'2026042205193321527600830793,入账,3.89,聚合账户,货款结算入账,小店自卖,'6951990346454865074,'6951990346454865074,'SS76302636198766354330095,2026-04-11 23:19:22,'3808855327718375885,复古豹纹褶皱中号香蕉夹高级感马尾扭扭夹后脑勺韩系显发量发卡,,,普通订单,4.09,0,0,0,0,0,0,0,0,0,0,0,-0.2,0,0,0,0,0,0,否,0,义乌市於郝电子商务商行（个体工商户）,订单结算
2026-04-22 05:19:38,'2026042205193241399956830793,入账,5.68,聚合账户,货款结算入账,小店自卖,'6925627318784130208,'6925627318784130208,'SS76301921009449702670019,2026-04-15 22:18:45,'3811282248515322341,可爱小黄鸡小猪发圈学生风萌系扎发神器黑色发绳扎头发皮筋卖头饰,,,普通订单,5.98,0,0,0,0,0,0,0,0,0,0,0,-0.3,0,0,0,0,0,0,否,0,义乌市於郝电子商务商行（个体工商户）,订单结算
2026-04-22 05:19:39,'2026042205193421733586320793,入账,3.26,聚合账户,货款结算入账,小店自卖,'6925515102029709185,'6925515102029709185,'SS76302662965007977050181,2026-04-11 22:33:12,'3808518913650721160,新款高级牡丹花流苏抓夹毛毛发夹后脑勺显发量大号鲨鱼头饰发夹,,,普通订单,3.43,0,0,0,0,0,0,0,0,0,0,0,-0.17,0,0,0,0,0,0,否,0,义乌市於郝电子商务商行（个体工商户）,订单结算
2026-04-22 05:19:39,'2026042205193332857136910793,入账,1.89,聚合账户,货款结算入账,小店自卖,'6951976502891910842,'6951976502891910842,'SS76302618444943035420178,2026-04-11 15:59:42,'3808855327718375885,复古豹纹褶皱中号香蕉夹高级感马尾扭扭夹后脑勺韩系显发量发卡,,,普通订单,1.99,0,0,0,0,0,0,0,0,0,0,0,-0.1,0,0,0,0,0,0,否,0,义乌市於郝电子商务商行（个体工商户）,订单结算
2026-04-22 05:19:39,'2026042205193330880732310793,入账,1.89,聚合账户,货款结算入账,小店自卖,'6925535571990642345,'6925535571990642345,'SS76301428652005176730131,2026-04-12 12:03:16,'3808855327718375885,复古豹纹褶皱中号香蕉夹高级感马尾扭扭夹后脑勺韩系显发量发卡,,,普通订单,1.99,0,0,0,0,0,0,0,0,0,0,0,-0.1,0,0,0,0,0,0,否,0,义乌市於郝电子商务商行（个体工商户）,订单结算
2026-04-22 05:19:39,'2026042205193338971312730793,入账,1.89,聚合账户,货款结算入账,小店自卖,'6952125934309872728,'6952125934309872728,'SS76303385341775552500103,2026-04-16 10:06:45,'3808855327718375885,复古豹纹波点褶皱高马尾香蕉夹小号后脑勺竖夹韩系显发量发夹,,,普通订单,1.99,0,0,0,0,0,0,0,0,0,0,0,-0.1,0,0,0,0,0,0,否,0,义乌市於郝电子商务商行（个体工商户）,订单结算
2026-04-22 05:19:39,'2026042205193429573617040793,入账,5.68,聚合账户,货款结算入账,小店自卖,'6925527174884916658,'6925527174884916658,'SS76303889871353656580213,2026-04-11 16:22:52,'3811282248515322341,可爱小黄鸡小猪发圈学生风萌系扎发神器黑色发绳扎头发皮筋卖头饰,,,普通订单,5.98,0,0,0,0,0,0,0,0,0,0,0,-0.3,0,0,0,0,0,0,否,0,义乌市於郝电子商务商行（个体工商户）,订单结算
2026-04-22 05:21:03,'2026042205205639356380310793,入账,2.28,聚合账户,货款结算入账,小店自卖,'6951974566829103066,'6951974566829103066,'SS76303560108380697600091,2026-04-11 17:34:55,'3809214874429555055,【LOVEIXCC】新款法式网红发箍发卡宽边复古秋冬头饰百搭高级盘发器,,,普通订单,2.4,0,0,0,0,0,0,0,0,0,0,0,-0.12,0,0,0,0,0,0,,0,义乌市於郝电子商务商行（个体工商户）,订单结算
2026-04-22 05:21:03,'2026042205205625978637140793,入账,3.23,聚合账户,货款结算入账,小店自卖,'6951983293933032778,'6951983293933032778,'SS76303733915934236500154,2026-04-11 16:23:40,'3808515754769383695,2026新款高级牡丹花流苏抓夹毛毛发夹后脑勺显发量大号鲨鱼夹头饰,,,普通订单,3.4,0,0,0,0,0,0,0,0,0,0,0,-0.17,0,0,0,0,0,0,,0,义乌市於郝电子商务商行（个体工商户）,订单结算
2026-04-22 05:21:03,'2026042205205901894484630793,入账,6.4,聚合账户,货款结算入账,小店自卖,'6952005680765539710,'6952005680765539710,'SS76302880061794595930074,2026-04-11 21:32:24,'3809602909876912378,2026韩系格子方巾大肠发圈高级慵懒风发绳扎方形头发头绳大号发饰,,,普通订单,6.74,0,0,0,0,0,0,0,0,0,0,0,-0.34,0,0,0,0,0,0,否,0,义乌市於郝电子商务商行（个体工商户）,订单结算
2026-04-22 05:21:03,'2026042205205807432115600793,入账,5.29,聚合账户,货款结算入账,小店自卖,'6925523831668505932,'6925523831668505932,'SS76303122011489406070078,2026-04-12 06:21:48,'3808522822146457689,夏天简约随手盘发一字夹扭扭夹水钻抓夹高级发夹扭扭后脑勺盘发器,,,普通订单,5.57,0,0,0,0,0,0,0,0,0,0,0,-0.28,0,0,0,0,0,0,否,0,义乌市於郝电子商务商行（个体工商户）,订单结算
2026-04-22 05:21:03,'2026042205205703882890590793,入账,4.33,聚合账户,货款结算入账,小店自卖,'6952128726493042434,'6952128726493042434,'SS76301692589791158160096,2026-04-16 14:12:59,'3811107016030683631,森系干枯山茶花朵7cm小抓夹 百搭气质发夹女后脑勺超仙鲨夹发饰,,,普通订单,4.56,0,0,0,0,0,0,0,0,0,0,0,-0.23,0,0,0,0,0,0,否,0,义乌市於郝电子商务商行（个体工商户）,订单结算
2026-04-22 05:23:16,'2026042205230939102715260793,入账,3.31,聚合账户,货款结算入账,小店自卖,'6925544045857898138,'6925544045857898138,'SS76303716292052918160032,2026-04-12 15:19:33,'3809979415216128130,可爱小黄鸡发圈萌系扎发神器黑色发绳扎头发皮筋儿童卡子卖萌头饰,,,普通订单,3.48,0,0,0,0,0,0,0,0,0,0,0,-0.17,0,0,0,0,0,0,否,0,义乌市於郝电子商务商行（个体工商户）,订单结算
2026-04-22 05:23:16,'2026042205231010541839700793,入账,3.32,聚合账户,货款结算入账,小店自卖,'6952126607482295451,'6952126607482295451,'SS76304430385527201620040,2026-04-16 18:32:01,'3808518913650721160,新款高级牡丹花流苏抓夹毛毛发夹后脑勺显发量大号鲨鱼头饰发夹,,,普通订单,3.5,0,0,0,0,0,0,0,0,0,0,0,-0.18,0,0,0,0,0,0,否,0,义乌市於郝电子商务商行（个体工商户）,订单结算
2026-04-22 05:23:16,'2026042205231010962417150793,入账,2.91,聚合账户,货款结算入账,小店自卖,'6925512616229960918,'6925512616229960918,'SS76302659484400847450214,2026-04-11 19:15:01,'3808518913650721160,新款高级牡丹花流苏抓夹毛毛发夹后脑勺显发量大号鲨鱼头饰发夹,,,普通订单,3.06,0,0,0,0,0,0,0,0,0,0,0,-0.15,0,0,0,0,0,0,否,0,义乌市於郝电子商务商行（个体工商户）,订单结算
2026-04-22 05:23:16,'2026042205231127522173940793,入账,3.26,聚合账户,货款结算入账,小店自卖,'6925527406516927973,'6925527406516927973,'SS76302661677000668560058,2026-04-11 18:09:04,'3808518913650721160,新款高级牡丹花流苏抓夹毛毛发夹后脑勺显发量大号鲨鱼头饰发夹,,,普通订单,3.43,0,0,0,0,0,0,0,0,0,0,0,-0.17,0,0,0,0,0,0,否,0,义乌市於郝电子商务商行（个体工商户）,订单结算
2026-04-22 05:23:16,'2026042205231041155633160793,入账,3.32,聚合账户,货款结算入账,小店自卖,'6951996315417384255,'6951996315417384255,'SS76302659378424220500152,2026-04-11 17:58:25,'3808518913650721160,新款高级牡丹花流苏抓夹毛毛发夹后脑勺显发量大号鲨鱼头饰发夹,,,普通订单,3.5,0,0,0,0,0,0,0,0,0,0,0,-0.18,0,0,0,0,0,0,否,0,义乌市於郝电子商务商行（个体工商户）,订单结算
2026-04-22 05:23:28,'2026042205232210551629320793,入账,2,聚合账户,货款结算入账,小店自卖,'6951990285463000929,'6951990285463000929,'SS76302690466602197000097,2026-04-11 22:34:24,'3808826072573804729,迷你小号无痕鸭嘴夹抓夹小夹子精致蝴蝶结碎发夹刘海夹高级感发卡,,,普通订单,2.11,0,0,0,0,0,0,0,0,0,0,0,-0.11,0,0,0,0,0,0,否,0,义乌市於郝电子商务商行（个体工商户）,订单结算
2026-04-22 05:23:28,'2026042205232207015303680793,入账,3.23,聚合账户,货款结算入账,小店自卖,'6951997292274128220,'6951997292274128220,'SS76303734687393387580156,2026-04-12 09:33:57,'3808518913650721160,新款高级牡丹花流苏抓夹毛毛发夹后脑勺显发量大号鲨鱼头饰发夹,,,普通订单,3.4,0,0,0,0,0,0,0,0,0,0,0,-0.17,0,0,0,0,0,0,否,0,义乌市於郝电子商务商行（个体工商户）,订单结算
2026-04-22 05:23:28,'2026042205232335116037380793,入账,2.65,聚合账户,货款结算入账,小店自卖,'6925527587850518109,'6925527587850518109,'SS76302632923969456740244,2026-04-11 19:52:26,'3808855327718375885,复古豹纹褶皱中号香蕉夹高级感马尾扭扭夹后脑勺韩系显发量发卡,,,普通订单,2.79,0,0,0,0,0,0,0,0,0,0,0,-0.14,0,0,0,0,0,0,否,0,义乌市於郝电子商务商行（个体工商户）,订单结算
2026-04-22 05:23:28,'2026042205232207144576100793,入账,1.89,聚合账户,货款结算入账,小店自卖,'6925584690091032359,'6925584690091032359,'SS76304195063550776700076,2026-04-14 01:14:20,'3808855327718375885,复古豹纹褶皱中号香蕉夹高级感马尾扭扭夹后脑勺韩系显发量发卡,,,普通订单,1.99,0,0,0,0,0,0,0,0,0,0,0,-0.1,0,0,0,0,0,0,否,0,义乌市於郝电子商务商行（个体工商户）,订单结算
2026-04-22 05:23:28,'2026042205232408587189860793,入账,2.72,聚合账户,货款结算入账,小店自卖,'6925414333195779079,'6925414333195779079,'SS76303891883798536040218,2026-04-07 09:27:35,'3808518913650721160,新款高级牡丹花流苏抓夹毛毛发夹后脑勺显发量大号鲨鱼头饰发夹,,,普通订单,2.86,0,0,0,0,0,0,0,0,0,0,0,-0.14,0,0,0,0,0,0,否,0,义乌市於郝电子商务商行（个体工商户）,订单结算
2026-04-22 05:28:11,'2026042205280525764337020793,入账,3.44,聚合账户,货款结算入账,小店自卖,'6925515114864737894,'6925515114864737894,'SS76302679556002165910118,2026-04-11 22:12:47,'3809214874429555055,【LOVEIXCC】新款法式网红发箍发卡宽边复古秋冬头饰百搭高级盘发器,,,普通订单,3.62,0,0,0,0,0,0,0,0,0,0,0,-0.18,0,0,0,0,0,0,否,0,义乌市於郝电子商务商行（个体工商户）,订单结算
2026-04-22 05:28:11,'2026042205280610321433980793,入账,5.68,聚合账户,货款结算入账,小店自卖,'6925527316193901906,'6925527316193901906,'SS76303889952848289710141,2026-04-11 17:36:58,'3811282248515322341,可爱小黄鸡小猪发圈学生风萌系扎发神器黑色发绳扎头发皮筋卖头饰,,,普通订单,5.98,0,0,0,0,0,0,0,0,0,0,0,-0.3,0,0,0,0,0,0,否,0,义乌市於郝电子商务商行（个体工商户）,订单结算
2026-04-22 05:28:11,'2026042205280719797122830793,入账,2.65,聚合账户,货款结算入账,小店自卖,'6952012853227885896,'6952012853227885896,'SS76302637275976012860017,2026-04-12 06:52:26,'3808855327718375885,复古豹纹褶皱中号香蕉夹高级感马尾扭扭夹后脑勺韩系显发量发卡,,,普通订单,2.79,0,0,0,0,0,0,0,0,0,0,0,-0.14,0,0,0,0,0,0,否,0,义乌市於郝电子商务商行（个体工商户）,订单结算
2026-04-22 05:28:11,'2026042205280511129490020793,入账,3.27,聚合账户,货款结算入账,小店自卖,'6925546163028131609,'6925546163028131609,'SS76303998573167088990196,2026-04-12 16:07:27,'3811282248515322341,可爱小黄鸡小猪发圈学生风萌系扎发神器黑色发绳扎头发皮筋卖头饰,,,普通订单,3.44,0,0,0,0,0,0,0,0,0,0,0,-0.17,0,0,0,0,0,0,否,0,义乌市於郝电子商务商行（个体工商户）,订单结算
2026-04-22 05:28:11,'2026042205280612472489050793,入账,2.72,聚合账户,货款结算入账,小店自卖,'6925516364428771117,'6925516364428771117,'SS76302657959653053940161,2026-04-11 18:01:20,'3808515754769383695,2026新款高级牡丹花流苏抓夹毛毛发夹后脑勺显发量大号鲨鱼夹头饰,,,普通订单,2.86,0,0,0,0,0,0,0,0,0,0,0,-0.14,0,0,0,0,0,0,否,0,义乌市於郝电子商务商行（个体工商户）,订单结算
2026-04-22 05:28:11,'2026042205280607939036620793,入账,2.82,聚合账户,货款结算入账,小店自卖,'6925164380258008165,'6925164380257746021,'SS76303785301078881380155,2026-03-27 13:25:12,'3809604705055801388,豹纹花朵发夹女一字夹2026新款高端碎发前额刘海夹侧边夹发卡发饰,,,普通订单,2.97,0,0,0,0,0,0,0,0,0,0,0,-0.15,0,0,0,0,0,0,否,0,义乌市於郝电子商务商行（个体工商户）,订单结算
2026-04-22 05:28:11,'2026042205280707011377150793,入账,4.62,聚合账户,货款结算入账,巨量千川,'6925521943722425644,'6925521943722425644,'SS76302658983234445230174,2026-04-12 08:15:08,'3808518913650721160,新款高级牡丹花流苏抓夹毛毛发夹后脑勺显发量大号鲨鱼头饰发夹,,,普通订单,4.86,0,0,0,0,0,0,0,0,0,0,0,-0.24,0,0,0,0,0,0,否,0,义乌市於郝电子商务商行（个体工商户）,订单结算
2026-04-22 05:28:11,'2026042205280619595266660793,入账,3.23,聚合账户,货款结算入账,小店自卖,'6951985745265760078,'6951985745265760078,'SS76302659991496463700140,2026-04-11 18:50:28,'3808518913650721160,新款高级牡丹花流苏抓夹毛毛发夹后脑勺显发量大号鲨鱼头饰发夹,,,普通订单,3.4,0,0,0,0,0,0,0,0,0,0,0,-0.17,0,0,0,0,0,0,否,0,义乌市於郝电子商务商行（个体工商户）,订单结算
2026-04-22 05:28:11,'2026042205280717225036890793,入账,5.13,聚合账户,货款结算入账,小店自卖,'6925542984995011910,'6925542984995011910,'SS76303184544320396860168,2026-04-13 00:40:28,'3812232937303310461,高级感前额侧边碎发夹刘海夹小号闪钻蝴蝶结鸭嘴夹子水晶发卡头饰,,,普通订单,5.4,0,0,0,0,0,0,0,0,0,0,0,-0.27,0,0,0,0,0,0,否,0,义乌市於郝电子商务商行（个体工商户）,订单结算
2026-04-22 05:28:11,'2026042205280615359022540793,入账,3.89,聚合账户,货款结算入账,小店自卖,'6925524279582162035,'6925524279582162035,'SS76303709260697974220207,2026-04-12 10:57:23,'3808855327718375885,复古豹纹褶皱中号香蕉夹高级感马尾扭扭夹后脑勺韩系显发量发卡,,,普通订单,4.09,0,0,0,0,0,0,0,0,0,0,0,-0.2,0,0,0,0,0,0,否,0,义乌市於郝电子商务商行（个体工商户）,订单结算
2026-04-22 05:28:30,'2026042205282526972490600793,入账,1.89,聚合账户,货款结算入账,小店自卖,'6951990471392171630,'6951990471392171630,'SS76302626619852068180163,2026-04-12 00:15:49,'3808855327718375885,复古豹纹褶皱中号香蕉夹高级感马尾扭扭夹后脑勺韩系显发量发卡,,,普通订单,1.99,0,0,0,0,0,0,0,0,0,0,0,-0.1,0,0,0,0,0,0,否,0,义乌市於郝电子商务商行（个体工商户）,订单结算
2026-04-22 05:28:30,'2026042205282607050365530793,入账,2.65,聚合账户,货款结算入账,巨量千川,'6925523684738694791,'6925523684738694791,'SS76303544203921984190161,2026-04-12 00:52:30,'3808855327718375885,复古豹纹褶皱中号香蕉夹高级感马尾扭扭夹后脑勺韩系显发量发卡,,,普通订单,0.01,0,0,2.78,0,0,0,0,0,0,0,0,-0.14,0,0,0,0,0,0,,0,义乌市於郝电子商务商行（个体工商户）,订单结算
2026-04-22 05:28:30,'2026042205282527822863620793,入账,3.74,聚合账户,货款结算入账,小店自卖,'6925532169969630983,'6925532169969630983,'SS76302880645654781900062,2026-04-11 23:25:13,'3809602909876912378,2026韩系格子方巾大肠发圈高级慵懒风发绳扎方形头发头绳大号发饰,,,普通订单,2.89,0,0,1.05,0,0,0,0,0,0,0,0,-0.2,0,0,0,0,0,0,否,0,义乌市於郝电子商务商行（个体工商户）,订单结算
2026-04-22 05:28:30,'2026042205282609275476910793,入账,1.89,聚合账户,货款结算入账,小店自卖,'6952006630194484997,'6952006630194484997,'SS76303711671943662440230,2026-04-12 12:58:13,'3808855327718375885,复古豹纹褶皱中号香蕉夹高级感马尾扭扭夹后脑勺韩系显发量发卡,,,普通订单,0.01,0,0,1.98,0,0,0,0,0,0,0,0,-0.1,0,0,0,0,0,0,,0,义乌市於郝电子商务商行（个体工商户）,订单结算
2026-04-22 05:28:30,'2026042205282539069168830793,入账,1.89,聚合账户,货款结算入账,小店自卖,'6952118151794464459,'6952118151794464459,'SS76304023887102773850185,2026-04-16 20:28:48,'3808855327718375885,复古豹纹波点褶皱高马尾香蕉夹小号后脑勺竖夹韩系显发量发夹,,,普通订单,0.01,0,0,1.98,0,0,0,0,0,0,0,0,-0.1,0,0,0,0,0,0,否,0,义乌市於郝电子商务商行（个体工商户）,订单结算
2026-04-22 05:28:35,'2026042205282929623590750793,入账,1.89,聚合账户,货款结算入账,小店自卖,'6925535402204037066,'6925535402204037066,'SS76303711508912584060103,2026-04-12 10:57:38,'3808855327718375885,复古豹纹褶皱中号香蕉夹高级感马尾扭扭夹后脑勺韩系显发量发卡,,,普通订单,0.01,0,0,1.98,0,0,0,0,0,0,0,0,-0.1,0,0,0,0,0,0,,0,义乌市於郝电子商务商行（个体工商户）,订单结算
2026-04-22 05:28:35,'2026042205283021318210990793,入账,5.29,聚合账户,货款结算入账,小店自卖,'6952021962635220068,'6952021962635220068,'SS76303879256790965950209,2026-04-12 12:02:57,'3808522822146457689,夏天简约随手盘发一字夹扭扭夹水钻抓夹高级发夹扭扭后脑勺盘发器,,,普通订单,5.57,0,0,0,0,0,0,0,0,0,0,0,-0.28,0,0,0,0,0,0,否,0,义乌市於郝电子商务商行（个体工商户）,订单结算
2026-04-22 05:28:35,'2026042205283037176773310793,入账,1.89,聚合账户,货款结算入账,小店自卖,'6952008797017675038,'6952008797017675038,'SS76303711407580943510133,2026-04-12 12:06:36,'3808855327718375885,复古豹纹褶皱中号香蕉夹高级感马尾扭扭夹后脑勺韩系显发量发卡,,,普通订单,0.01,0,0,1.98,0,0,0,0,0,0,0,0,-0.1,0,0,0,0,0,0,否,0,义乌市於郝电子商务商行（个体工商户）,订单结算
2026-04-22 05:28:35,'2026042205282907436536950793,入账,3.19,聚合账户,货款结算入账,巨量千川,'6951991107307706027,'6951991107307706027,'SS76303710806244889750080,2026-04-12 12:58:00,'3808855327718375885,复古豹纹褶皱中号香蕉夹高级感马尾扭扭夹后脑勺韩系显发量发卡,,,普通订单,0.36,0,0,3,0,0,0,0,0,0,0,0,-0.17,0,0,0,0,0,0,,0,义乌市於郝电子商务商行（个体工商户）,订单结算
2026-04-22 05:28:35,'2026042205282918004219400793,入账,5.55,聚合账户,货款结算入账,巨量千川,'6925532200407432362,'6925532200407432362,'SS76304129918422720460174,2026-04-11 23:31:26,'3808515754769383695,2026新款高级牡丹花流苏抓夹毛毛发夹后脑勺显发量大号鲨鱼夹头饰,,,普通订单,5.84,0,0,0,0,0,0,0,0,0,0,0,-0.29,0,0,0,0,0,0,否,0,义乌市於郝电子商务商行（个体工商户）,订单结算
2026-04-22 05:28:47,'2026042205284237417661950793,入账,4.33,聚合账户,货款结算入账,小店自卖,'6925530692937612864,'6925530692937612864,'SS76302880762039219460234,2026-04-12 01:23:57,'3811107016030683631,森系干枯山茶花朵7cm小抓夹 百搭气质发夹女后脑勺超仙鲨夹发饰,,,普通订单,0.56,0,0,4,0,0,0,0,0,0,0,0,-0.23,0,0,0,0,0,0,,0,义乌市於郝电子商务商行（个体工商户）,订单结算
2026-04-22 05:28:47,'2026042205284401303188860793,入账,1.89,聚合账户,货款结算入账,巨量千川,'6952004446405924741,'6952004446405924741,'SS76303703644424118270127,2026-04-12 12:21:39,'3808855327718375885,复古豹纹褶皱中号香蕉夹高级感马尾扭扭夹后脑勺韩系显发量发卡,,,普通订单,0.01,0,0,1.98,0,0,0,0,0,0,0,0,-0.1,0,0,0,0,0,0,否,0,义乌市於郝电子商务商行（个体工商户）,订单结算
2026-04-22 05:28:47,'2026042205284240478684260793,入账,3.32,聚合账户,货款结算入账,小店自卖,'6925610804458258085,'6925610804458258085,'SS76303307996193961390144,2026-04-15 13:36:46,'3808518913650721160,新款高级牡丹花流苏抓夹毛毛发夹后脑勺显发量大号鲨鱼头饰发夹,,,普通订单,0.5,0,0,3,0,0,0,0,0,0,0,0,-0.18,0,0,0,0,0,0,,0,义乌市於郝电子商务商行（个体工商户）,订单结算
2026-04-22 05:28:47,'2026042205284332267679180793,入账,3.19,聚合账户,货款结算入账,小店自卖,'6952074557877261786,'6952074557877261786,'SS76304796490127652260239,2026-04-14 18:11:17,'3811460399421850099,简约几何波浪珍珠抓夹女2026新款后脑勺发夹鲨鱼夹子大号发量发饰,,,普通订单,3.36,0,0,0,0,0,0,0,0,0,0,0,-0.17,0,0,0,0,0,0,否,0,义乌市於郝电子商务商行（个体工商户）,订单结算
2026-04-22 05:28:47,'2026042205284331841492580793,入账,2.91,聚合账户,货款结算入账,巨量千川,'6925520639028133451,'6925520639028133451,'SS76302659461121969040035,2026-04-11 17:34:08,'3808518913650721160,新款高级牡丹花流苏抓夹毛毛发夹后脑勺显发量大号鲨鱼头饰发夹,,,普通订单,3.06,0,0,0,0,0,0,0,0,0,0,0,-0.15,0,0,0,0,0,0,否,0,义乌市於郝电子商务商行（个体工商户）,订单结算
2026-04-22 05:28:52,'2026042205284741238738380793,入账,1.89,聚合账户,货款结算入账,小店自卖,'6951990349290084191,'6951990349290084191,'SS76302625953509094760227,2026-04-11 23:03:32,'3808855327718375885,复古豹纹褶皱中号香蕉夹高级感马尾扭扭夹后脑勺韩系显发量发卡,,,普通订单,0.01,0,0,1.98,0,0,0,0,0,0,0,0,-0.1,0,0,0,0,0,0,,0,义乌市於郝电子商务商行（个体工商户）,订单结算
2026-04-22 05:28:52,'2026042205284741539341430793,入账,4.62,聚合账户,货款结算入账,小店自卖,'6952004596666603466,'6952004596666603466,'SS76303732538076861780055,2026-04-12 13:39:45,'3808518913650721160,新款高级牡丹花流苏抓夹毛毛发夹后脑勺显发量大号鲨鱼头饰发夹,,,普通订单,4.86,0,0,0,0,0,0,0,0,0,0,0,-0.24,0,0,0,0,0,0,否,0,义乌市於郝电子商务商行（个体工商户）,订单结算
2026-04-22 05:28:52,'2026042205284737834596270793,入账,3.75,聚合账户,货款结算入账,小店自卖,'6951985686476100727,'6951985686476100727,'SS76302879590104929740213,2026-04-11 18:47:51,'3809602909876912378,2026韩系格子方巾大肠发圈高级慵懒风发绳扎方形头发头绳大号发饰,,,普通订单,0.95,0.6,0,3,0,0,0,0,0,0,0,0,-0.2,0,0,0,0,0,0,,0,义乌市於郝电子商务商行（个体工商户）,订单结算
2026-04-22 05:28:52,'2026042205284734101174280793,入账,2.28,聚合账户,货款结算入账,小店自卖,'6925515020912327707,'6925515020912327707,'SS76302679498357153710205,2026-04-11 21:55:35,'3809214874429555055,【LOVEIXCC】新款法式网红发箍发卡宽边复古秋冬头饰百搭高级盘发器,,,普通订单,0.01,0,0,2.39,0,0,0,0,0,0,0,0,-0.12,0,0,0,0,0,0,,0,义乌市於郝电子商务商行（个体工商户）,订单结算
2026-04-22 05:28:52,'2026042205284806627494860793,入账,3.44,聚合账户,货款结算入账,小店自卖,'6951976518393927371,'6951976518393927371,'SS76302678213016128190084,2026-04-11 16:47:37,'3809214874429555055,【LOVEIXCC】新款法式网红发箍发卡宽边复古秋冬头饰百搭高级盘发器,,,普通订单,3.62,0,0,0,0,0,0,0,0,0,0,0,-0.18,0,0,0,0,0,0,否,0,义乌市於郝电子商务商行（个体工商户）,订单结算
2026-04-22 05:28:52,'2026042205284619871544830793,入账,4.86,聚合账户,货款结算入账,小店自卖,'6952111968013391430,'6952111968013391430,'SS76304308589193508110196,2026-04-15 20:09:52,'3811460006382010734,简约几何波浪珍珠抓夹女2026新款后脑勺发夹鲨鱼夹子大号发量发饰,,,普通订单,5.12,0,0,0,0,0,0,0,0,0,0,0,-0.26,0,0,0,0,0,0,否,0,义乌市於郝电子商务商行（个体工商户）,订单结算
2026-04-22 05:28:52,'2026042205284637429419880793,入账,3.19,聚合账户,货款结算入账,小店自卖,'6951989843884446744,'6951989843884446744,'SS76302632867134510500073,2026-04-11 17:49:54,'3808855327718375885,复古豹纹褶皱中号香蕉夹高级感马尾扭扭夹后脑勺韩系显发量发卡,,,普通订单,0.01,0,0,3.35,0,0,0,0,0,0,0,0,-0.17,0,0,0,0,0,0,,0,义乌市於郝电子商务商行（个体工商户）,订单结算
2026-04-22 05:28:52,'2026042205284705537636200793,入账,2.47,聚合账户,货款结算入账,小店自卖,'6951988270987220504,'6951988270987220504,'SS76302695183713246870245,2026-04-11 23:07:31,'3808831800021745920,2026新款韩系波点发圈复古蝴蝶结头花大肠发圈丸子头发饰马尾发绳,,,普通订单,0.42,0,0,2.18,0,0,0,0,0,0,0,0,-0.13,0,0,0,0,0,0,,0,义乌市於郝电子商务商行（个体工商户）,订单结算
2026-04-22 05:28:52,'2026042205284711084275540793,入账,3.23,聚合账户,货款结算入账,小店自卖,'6925600526683504052,'6925600526683504052,'SS76303799499662466910134,2026-04-14 16:23:39,'3808518913650721160,新款高级牡丹花流苏抓夹毛毛发夹后脑勺显发量大号鲨鱼头饰发夹,,,普通订单,0.4,0,0,3,0,0,0,0,0,0,0,0,-0.17,0,0,0,0,0,0,,0,义乌市於郝电子商务商行（个体工商户）,订单结算
2026-04-22 05:28:52,'2026042205284739778225050793,入账,2.8,聚合账户,货款结算入账,小店自卖,'6951894788010153275,'6951894788010153275,'SS76303702657172283380012,2026-04-07 15:12:14,'3809599445994176839,春日超仙韩系碎花蕾丝大肠发圈女甜美感丸子头慵懒风超大发饰头绳,,,普通订单,0.01,0,0,2.94,0,0,0,0,0,0,0,0,-0.15,0,0,0,0,0,0,,0,义乌市於郝电子商务商行（个体工商户）,订单结算
2026-04-22 05:30:49,'2026042205304512682698240793,入账,5.57,聚合账户,货款结算入账,小店自卖,'6925393789710270304,'6925393789710270304,'SS76303667990912540260214,2026-04-06 18:04:35,'3808518913650721160,新款高级牡丹花流苏抓夹毛毛发夹后脑勺显发量大号鲨鱼头饰发夹,,,普通订单,5.86,1,0,0,0,0,0,0,0,0,0,0,-0.29,0,0,0,0,0,0,否,0,义乌市於郝电子商务商行（个体工商户）,订单结算
2026-04-22 05:30:50,'2026042205304536582362120793,入账,3.89,聚合账户,货款结算入账,小店自卖,'6951969895655347304,'6951969895655347304,'SS76302634816254943120106,2026-04-11 12:22:48,'3808855327718375885,复古豹纹褶皱中号香蕉夹高级感马尾扭扭夹后脑勺韩系显发量发卡,,,普通订单,4.09,0,0,0,0,0,0,0,0,0,0,0,-0.2,0,0,0,0,0,0,否,0,义乌市於郝电子商务商行（个体工商户）,订单结算
2026-04-22 05:30:50,'2026042205304616443971080793,入账,3.29,聚合账户,货款结算入账,小店自卖,'6925530602451730054,'6925530602451730054,'SS76302636369650486270106,2026-04-12 00:04:34,'3808855327718375885,复古豹纹褶皱中号香蕉夹高级感马尾扭扭夹后脑勺韩系显发量发卡,,,普通订单,3.46,0,0,0,0,0,0,0,0,0,0,0,-0.17,0,0,0,0,0,0,否,0,义乌市於郝电子商务商行（个体工商户）,订单结算
2026-04-22 05:30:50,'2026042205304618121241750793,入账,4.62,聚合账户,货款结算入账,小店自卖,'6951976669852079409,'6951976669852079409,'SS76303567916834493440007,2026-04-11 17:44:14,'3809438133272051839,韩版新款格纹蝴蝶结香蕉夹复古少女中号马尾夹百搭扭扭发卡抓夹,,,普通订单,0.01,0,0,4.85,0,0,0,0,0,0,0,0,-0.24,0,0,0,0,0,0,否,0,义乌市於郝电子商务商行（个体工商户）,订单结算
2026-04-22 05:30:50,'2026042205304532180969310793,入账,4.33,聚合账户,货款结算入账,小店自卖,'6952003744492623329,'6952003744492623329,'SS76302880518991388420070,2026-04-11 23:07:14,'3811107016030683631,森系干枯山茶花朵7cm小抓夹 百搭气质发夹女后脑勺超仙鲨夹发饰,,,普通订单,4.56,0,0,0,0,0,0,0,0,0,0,0,-0.23,0,0,0,0,0,0,否,0,义乌市於郝电子商务商行（个体工商户）,订单结算
2026-04-22 05:31:59,'2026042205315620271273470793,入账,3.19,聚合账户,货款结算入账,小店自卖,'6925537662718869184,'6925537662718869184,'SS76303710818405258340062,2026-04-12 12:42:58,'3808855327718375885,复古豹纹褶皱中号香蕉夹高级感马尾扭扭夹后脑勺韩系显发量发卡,,,普通订单,1.36,0,0,2,0,0,0,0,0,0,0,0,-0.17,0,0,0,0,0,0,否,0,义乌市於郝电子商务商行（个体工商户）,订单结算
2026-04-22 05:31:59,'2026042205315431719634180793,入账,1.89,聚合账户,货款结算入账,小店自卖,'6925541883823750164,'6925541883823750164,'SS76303939989276265320150,2026-04-12 16:33:57,'3808855327718375885,复古豹纹褶皱中号香蕉夹高级感马尾扭扭夹后脑勺韩系显发量发卡,,,普通订单,1.99,0,0,0,0,0,0,0,0,0,0,0,-0.1,0,0,0,0,0,0,否,0,义乌市於郝电子商务商行（个体工商户）,订单结算
2026-04-22 05:31:59,'2026042205315529131740560793,入账,1.89,聚合账户,货款结算入账,小店自卖,'6952092540910442358,'6952092540910442358,'SS76303780305441592860195,2026-04-16 01:31:27,'3808855327718375885,复古豹纹波点褶皱高马尾香蕉夹小号后脑勺竖夹韩系显发量发夹,,,普通订单,1.99,0,0,0,0,0,0,0,0,0,0,0,-0.1,0,0,0,0,0,0,否,0,义乌市於郝电子商务商行（个体工商户）,订单结算
2026-04-22 05:31:59,'2026042205315709647928410793,入账,3.55,聚合账户,货款结算入账,小店自卖,'6925623535650373347,'6925623535650373347,'SS76303907429715973460231,2026-04-16 05:48:37,'3809812909954040001,羽毛珠珠流苏花朵发夹蓬松牡丹花抓夹显发量鲨鱼夹子气质头花发饰,,,普通订单,3.74,0,0,0,0,0,0,0,0,0,0,0,-0.19,0,0,0,0,0,0,否,0,义乌市於郝电子商务商行（个体工商户）,订单结算
2026-04-22 05:31:59,'2026042205315527037207420793,入账,3.29,聚合账户,货款结算入账,小店自卖,'6925523509128756286,'6925523509128756286,'SS76302636255585777070095,2026-04-11 23:17:54,'3808855327718375885,复古豹纹褶皱中号香蕉夹高级感马尾扭扭夹后脑勺韩系显发量发卡,,,普通订单,3.46,0,0,0,0,0,0,0,0,0,0,0,-0.17,0,0,0,0,0,0,否,0,义乌市於郝电子商务商行（个体工商户）,订单结算
2026-04-22 05:33:33,'2026042205333003741291620793,出账,6.31,聚合账户,上门取件运费,,'6925576864689389466,'6925576864689389466,'147449259137110519,,,,,,普通订单,0,0,0,0,0,0,0,0,0,0,0,0,0,0,0,0,0,0,0,,0,义乌市於郝电子商务商行（个体工商户）,因商品存在虚假宣传问题，扣除商家相应金额进行运费赔付-订单6925576864689389466-售后单147449259137110519-运单YT2540330074900
2026-04-22 05:38:08,'2026042205380513552030720793,入账,2.65,聚合账户,货款结算入账,巨量千川,'6925522756259380309,'6925522756259380309,'SS76302610844481295420037,2026-04-11 18:04:14,'3808855327718375885,复古豹纹褶皱中号香蕉夹高级感马尾扭扭夹后脑勺韩系显发量发卡,,,普通订单,0.01,0,0,2.78,0,0,0,0,0,0,0,0,-0.14,0,0,0,0,0,0,否,0,义乌市於郝电子商务商行（个体工商户）,订单结算
2026-04-22 05:38:08,'2026042205380412337157220793,入账,4.44,聚合账户,货款结算入账,小店自卖,'6951992230429201652,'6951992230429201652,'SS76303118674118085660143,2026-04-11 20:53:25,'3808522822146457689,夏天简约随手盘发一字夹扭扭夹水钻抓夹高级发夹扭扭后脑勺盘发器,,,普通订单,4.67,0,0,0,0,0,0,0,0,0,0,0,-0.23,0,0,0,0,0,0,否,0,义乌市於郝电子商务商行（个体工商户）,订单结算
2026-04-22 05:38:08,'2026042205380510360588950793,入账,3.89,聚合账户,货款结算入账,小店自卖,'6925539536802315659,'6925539536802315659,'SS76303709750282652590111,2026-04-12 14:42:29,'3808855327718375885,复古豹纹褶皱中号香蕉夹高级感马尾扭扭夹后脑勺韩系显发量发卡,,,普通订单,4.09,0,0,0,0,0,0,0,0,0,0,0,-0.2,0,0,0,0,0,0,否,0,义乌市於郝电子商务商行（个体工商户）,订单结算
2026-04-22 05:38:08,'2026042205380402653762660793,入账,1.89,聚合账户,货款结算入账,小店自卖,'6952015378009494943,'6952015378009494943,'SS76303702735185720830234,2026-04-12 11:38:29,'3808855327718375885,复古豹纹褶皱中号香蕉夹高级感马尾扭扭夹后脑勺韩系显发量发卡,,,普通订单,0.01,0,0,1.98,0,0,0,0,0,0,0,0,-0.1,0,0,0,0,0,0,否,0,义乌市於郝电子商务商行（个体工商户）,订单结算
2026-04-22 05:38:08,'2026042205380419600509440793,入账,3.23,聚合账户,货款结算入账,小店自卖,'6925618106456112179,'6925618106456112179,'SS76302145468010214670058,2026-04-15 21:45:23,'3808518913650721160,新款高级牡丹花流苏抓夹毛毛发夹后脑勺显发量大号鲨鱼头饰发夹,,,普通订单,3.4,0,0,0,0,0,0,0,0,0,0,0,-0.17,0,0,0,0,0,0,否,0,义乌市於郝电子商务商行（个体工商户）,订单结算
2026-04-22 05:38:21,'2026042205381734025152410793,入账,2.72,聚合账户,货款结算入账,小店自卖,'6951965232428946723,'6951965232428946723,'SS76292600463459333630227,2026-04-11 15:24:25,'3808518913650721160,新款高级牡丹花流苏抓夹毛毛发夹后脑勺显发量大号鲨鱼头饰发夹,,,普通订单,2.86,0,0,0,0,0,0,0,0,0,0,0,-0.14,0,0,0,0,0,0,否,0,义乌市於郝电子商务商行（个体工商户）,订单结算
2026-04-22 05:38:21,'2026042205381807017766740793,入账,5.18,聚合账户,货款结算入账,小店自卖,'6925633574845513367,'6925633574845513367,'SS76303181064571991550221,2026-04-15 23:43:09,'3809238632057929992,韩国France博主同款可爱猫咪香蕉夹中号女高级感醋酸马尾竖夹发夹,,,普通订单,4.7,0,0,0.75,0,0,0,0,0,0,0,0,-0.27,0,0,0,0,0,0,,0,义乌市於郝电子商务商行（个体工商户）,订单结算
2026-04-22 05:38:21,'2026042205381825341466140793,入账,4.28,聚合账户,货款结算入账,小店自卖,'6951992753552889060,'6951992753552889060,'SS76302880476349773220046,2026-04-12 06:52:14,'3811116864172589149,森系干枯山茶花朵7cm小抓夹百搭气质发夹女后脑勺超仙鲨鱼夹发饰,,,普通订单,4.51,0,0,0,0,0,0,0,0,0,0,0,-0.23,0,0,0,0,0,0,否,0,义乌市於郝电子商务商行（个体工商户）,订单结算
2026-04-22 05:38:21,'2026042205381816160363710793,入账,1.99,聚合账户,货款结算入账,小店自卖,'6951996501364512575,'6951996501364512575,'SS76284393225354614120195,2026-04-11 19:55:32,'3808855327718375885,复古豹纹褶皱中号香蕉夹高级感马尾扭扭夹后脑勺韩系显发量发卡,,,普通订单,4.09,0,0,0,0,0,0,0,0,0,0,-2,-0.1,0,0,0,0,0,0,否,0,义乌市於郝电子商务商行（个体工商户）,订单结算
2026-04-22 05:38:21,'2026042205381812230333790793,入账,2.72,聚合账户,货款结算入账,小店自卖,'6925532437783543772,'6925532437783543772,'SS76302660282197980580219,2026-04-12 04:47:46,'3808515754769383695,2026新款高级牡丹花流苏抓夹毛毛发夹后脑勺显发量大号鲨鱼夹头饰,,,普通订单,2.86,0,0,0,0,0,0,0,0,0,0,0,-0.14,0,0,0,0,0,0,否,0,义乌市於郝电子商务商行（个体工商户）,订单结算
2026-04-22 05:38:37,'2026042205383406254474700793,入账,4.26,聚合账户,货款结算入账,小店自卖,'6951997125013345508,'6951997125013345508,'SS76302880436309691240040,2026-04-12 06:52:28,'3811116864172589149,森系干枯山茶花朵7cm小抓夹百搭气质发夹女后脑勺超仙鲨鱼夹发饰,,,普通订单,4.48,0,0,0,0,0,0,0,0,0,0,0,-0.22,0,0,0,0,0,0,否,0,义乌市於郝电子商务商行（个体工商户）,订单结算
2026-04-22 05:38:37,'2026042205383339723873620793,入账,4.28,聚合账户,货款结算入账,小店自卖,'6925514439744781981,'6925514439744781981,'SS76302879414012523980013,2026-04-11 17:49:04,'3811116864172589149,森系干枯山茶花朵7cm小抓夹百搭气质发夹女后脑勺超仙鲨鱼夹发饰,,,普通订单,4.51,0,0,0,0,0,0,0,0,0,0,0,-0.23,0,0,0,0,0,0,否,0,义乌市於郝电子商务商行（个体工商户）,订单结算
2026-04-22 05:38:37,'2026042205383240024481370793,入账,3.26,聚合账户,货款结算入账,巨量千川,'6952002531107804227,'6952002531107804227,'SS76303735427671209590147,2026-04-12 13:39:55,'3808518913650721160,新款高级牡丹花流苏抓夹毛毛发夹后脑勺显发量大号鲨鱼头饰发夹,,,普通订单,3.43,0,0,0,0,0,0,0,0,0,0,0,-0.17,0,0,0,0,0,0,否,0,义乌市於郝电子商务商行（个体工商户）,订单结算
2026-04-22 05:38:37,'2026042205383408025871700793,入账,5.51,聚合账户,货款结算入账,小店自卖,'6925646317629701550,'6925646317629701550,'SS76304108268936934400031,2026-04-16 21:26:33,'3812210500259938495,可爱蝴蝶结小猫无痕刘海贴魔术贴发饰少女前额侧边碎发贴整理神器,,,普通订单,5.8,0,0,0,0,0,0,0,0,0,0,0,-0.29,0,0,0,0,0,0,否,0,义乌市於郝电子商务商行（个体工商户）,订单结算
2026-04-22 05:38:37,'2026042205383328366937750793,入账,3.19,聚合账户,货款结算入账,小店自卖,'6925551027685129586,'6925551027685129586,'SS76303938060932881980023,2026-04-12 15:55:39,'3808855327718375885,复古豹纹褶皱中号香蕉夹高级感马尾扭扭夹后脑勺韩系显发量发卡,,,普通订单,3.36,0,0,0,0,0,0,0,0,0,0,0,-0.17,0,0,0,0,0,0,否,0,义乌市於郝电子商务商行（个体工商户）,订单结算
2026-04-22 05:38:54,'2026042205385034949903710793,入账,3.02,聚合账户,货款结算入账,小店自卖,'6925530166856285634,'6925530166856285634,'SS76302879886454830460047,2026-04-11 21:08:30,'3811282248515322341,可爱小黄鸡小猪发圈学生风萌系扎发神器黑色发绳扎头发皮筋卖头饰,,,普通订单,3.18,0,0,0,0,0,0,0,0,0,0,0,-0.16,0,0,0,0,0,0,否,0,义乌市於郝电子商务商行（个体工商户）,订单结算
2026-04-22 05:38:54,'2026042205385135113044480793,入账,3.23,聚合账户,货款结算入账,小店自卖,'6952012920327706503,'6952012920327706503,'SS76302724703820682660025,2026-04-12 08:49:51,'3808518913650721160,新款高级牡丹花流苏抓夹毛毛发夹后脑勺显发量大号鲨鱼头饰发夹,,,普通订单,3.4,0,0,0,0,0,0,0,0,0,0,0,-0.17,0,0,0,0,0,0,否,0,义乌市於郝电子商务商行（个体工商户）,订单结算
2026-04-22 05:38:54,'2026042205385205288594260793,入账,3.32,聚合账户,货款结算入账,巨量千川,'6952008435595613514,'6952008435595613514,'SS76302658754056852910215,2026-04-12 08:20:49,'3808518913650721160,新款高级牡丹花流苏抓夹毛毛发夹后脑勺显发量大号鲨鱼头饰发夹,,,普通订单,3.5,0,0,0,0,0,0,0,0,0,0,0,-0.18,0,0,0,0,0,0,否,0,义乌市於郝电子商务商行（个体工商户）,订单结算
2026-04-22 05:38:54,'2026042205385027904456080793,入账,2.91,聚合账户,货款结算入账,小店自卖,'6951990030880740621,'6951990030880740621,'SS76302659349360154020196,2026-04-11 20:24:21,'3808515754769383695,2026新款高级牡丹花流苏抓夹毛毛发夹后脑勺显发量大号鲨鱼夹头饰,,,普通订单,3.06,0,0,0,0,0,0,0,0,0,0,0,-0.15,0,0,0,0,0,0,,0,义乌市於郝电子商务商行（个体工商户）,订单结算
2026-04-22 05:38:54,'2026042205385136583672320793,入账,2.77,聚合账户,货款结算入账,小店自卖,'6925412235236048099,'6925412235236048099,'SS76303890702268544000209,2026-04-07 12:48:24,'3808518913650721160,新款高级牡丹花流苏抓夹毛毛发夹后脑勺显发量大号鲨鱼头饰发夹,,,普通订单,0.01,0,0,2.91,0,0,0,0,0,0,0,0,-0.15,0,0,0,0,0,0,,0,义乌市於郝电子商务商行（个体工商户）,订单结算
2026-04-22 05:39:09,'2026042205390519519578000793,入账,2.77,聚合账户,货款结算入账,小店自卖,'6951974695283594937,'6951974695283594937,'SS76302661778431841280024,2026-04-11 19:17:06,'3808518913650721160,新款高级牡丹花流苏抓夹毛毛发夹后脑勺显发量大号鲨鱼头饰发夹,,,普通订单,2.42,0,0,0,0,0,0,0,0.5,0,0,0,-0.15,0,0,0,0,0,0,否,0,义乌市於郝电子商务商行（个体工商户）,订单结算
2026-04-22 05:39:09,'2026042205390527987151360793,入账,2.83,聚合账户,货款结算入账,小店自卖,'6925516952887983354,'6925516952887983354,'SS76302879794369336860159,2026-04-11 22:15:55,'3809014413466402928,大肠圈蝴蝶头花带新款波点飘带大肠发圈高级感扎头发皮筋发饰发绳,,,普通订单,0.01,0,0,2.97,0,0,0,0,0,0,0,0,-0.15,0,0,0,0,0,0,,0,义乌市於郝电子商务商行（个体工商户）,订单结算
2026-04-22 05:39:09,'2026042205390604245427710793,入账,2.72,聚合账户,货款结算入账,巨量千川,'6952010803436787337,'6952010803436787337,'SS76302661319243740660214,2026-04-12 08:26:28,'3808518913650721160,新款高级牡丹花流苏抓夹毛毛发夹后脑勺显发量大号鲨鱼头饰发夹,,,普通订单,0.01,0,0,2.85,0,0,0,0,0,0,0,0,-0.14,0,0,0,0,0,0,,0,义乌市於郝电子商务商行（个体工商户）,订单结算
2026-04-22 05:39:09,'2026042205390540401188350793,入账,3.29,聚合账户,货款结算入账,小店自卖,'6951998688076370990,'6951998688076370990,'SS76302634202774410760162,2026-04-11 19:31:17,'3808855327718375885,复古豹纹褶皱中号香蕉夹高级感马尾扭扭夹后脑勺韩系显发量发卡,,,普通订单,3.38,0,0,0.08,0,0,0,0,0,0,0,0,-0.17,0,0,0,0,0,0,,0,义乌市於郝电子商务商行（个体工商户）,订单结算
2026-04-22 05:39:09,'2026042205390531302456780793,入账,3.79,聚合账户,货款结算入账,小店自卖,'6952026749283210994,'6952026749283210994,'SS76303729790970434660140,2026-04-12 14:49:37,'3809243859075072378,可爱红色小狗中号香蕉夹2026新款发夹女高马尾扭扭夹显发量高级感,,,普通订单,0.99,0,0,3,0,0,0,0,0,0,0,0,-0.2,0,0,0,0,0,0,,0,义乌市於郝电子商务商行（个体工商户）,订单结算
2026-04-22 05:39:09,'2026042205390601850903440793,入账,1.88,聚合账户,货款结算入账,小店自卖,'6925526426947452626,'6925526426947452626,'SS76304126474138918460055,2026-04-12 09:16:24,'3812210500259938495,可爱蝴蝶结小猫无痕刘海贴魔术贴发饰少女前额侧边碎发贴整理神器,,,普通订单,0.01,0,0,1.97,0,0,0,0,0,0,0,0,-0.1,0,0,0,0,0,0,否,0,义乌市於郝电子商务商行（个体工商户）,订单结算
2026-04-22 05:39:09,'2026042205390537546232670793,入账,2,聚合账户,货款结算入账,小店自卖,'6952011205671720225,'6952011205671720225,'SS76303749679427756060076,2026-04-12 12:03:52,'3808826072573804729,迷你小号无痕鸭嘴夹抓夹小夹子精致蝴蝶结碎发夹刘海夹高级感发卡,,,普通订单,2.11,0,0,0,0,0,0,0,0,0,0,0,-0.11,0,0,0,0,0,0,否,0,义乌市於郝电子商务商行（个体工商户）,订单结算
2026-04-22 05:39:09,'2026042205390541232143360793,入账,3.19,聚合账户,货款结算入账,小店自卖,'6925522988719963266,'6925522988719963266,'SS76302638289033797640109,2026-04-11 19:55:27,'3808855327718375885,复古豹纹褶皱中号香蕉夹高级感马尾扭扭夹后脑勺韩系显发量发卡,,,普通订单,0.36,0,0,3,0,0,0,0,0,0,0,0,-0.17,0,0,0,0,0,0,,0,义乌市於郝电子商务商行（个体工商户）,订单结算
2026-04-22 05:39:09,'2026042205390621225313280793,入账,3.19,聚合账户,货款结算入账,巨量千川,'6925532263356071667,'6925532263356071667,'SS76302634071963284890084,2026-04-12 00:05:51,'3808855327718375885,复古豹纹褶皱中号香蕉夹高级感马尾扭扭夹后脑勺韩系显发量发卡,,,普通订单,3.36,0,0,0,0,0,0,0,0,0,0,0,-0.17,0,0,0,0,0,0,否,0,义乌市於郝电子商务商行（个体工商户）,订单结算
2026-04-22 05:39:09,'2026042205390530924355070793,入账,2.77,聚合账户,货款结算入账,小店自卖,'6951873607035524258,'6951873607035524258,'SS76302946685524216470035,2026-04-06 22:15:52,'3808518913650721160,新款高级牡丹花流苏抓夹毛毛发夹后脑勺显发量大号鲨鱼头饰发夹,,,普通订单,0.01,0,0,2.91,0,0,0,0,0,0,0,0,-0.15,0,0,0,0,0,0,,0,义乌市於郝电子商务商行（个体工商户）,订单结算
2026-04-22 05:39:09,'2026042205390524047624030793,入账,3.75,聚合账户,货款结算入账,小店自卖,'6925527542482304785,'6925527542482304785,'SS76302708132959030140143,2026-04-11 19:15:11,'3808681227066671182,简约大肠珍珠发圈头绳2026新款橡皮筋女扎头发优雅皮套高颜值发绳,,,普通订单,3.95,0,0,0,0,0,0,0,0,0,0,0,-0.2,0,0,0,0,0,0,否,0,义乌市於郝电子商务商行（个体工商户）,订单结算
2026-04-22 05:39:09,'2026042205390615665935870793,入账,3.93,聚合账户,货款结算入账,小店自卖,'6951976773009806633,'6951976773009806633,'SS76303236435282004570091,2026-04-11 18:50:29,'3811282248515322341,可爱小黄鸡小猪发圈学生风萌系扎发神器黑色发绳扎头发皮筋卖头饰,,,普通订单,0.01,0,0,4.13,0,0,0,0,0,0,0,0,-0.21,0,0,0,0,0,0,否,0,义乌市於郝电子商务商行（个体工商户）,订单结算
2026-04-22 05:39:09,'2026042205390537086011030793,入账,3.19,聚合账户,货款结算入账,小店自卖,'6925640221485334366,'6925640221485334366,'SS76304461151132715930178,2026-04-17 09:26:39,'3808855327718375885,复古豹纹波点褶皱高马尾香蕉夹小号后脑勺竖夹韩系显发量发夹,,,普通订单,0.01,0,0,3.35,0,0,0,0,0,0,0,0,-0.17,0,0,0,0,0,0,,0,义乌市於郝电子商务商行（个体工商户）,订单结算
2026-04-22 05:39:09,'2026042205390523165834580793,入账,6.36,聚合账户,货款结算入账,小店自卖,'6925581104575839637,'6925581104575774101,'SS76301347340154639860085,2026-04-14 11:34:58,'3809602909876912378,2026韩系格子方巾大肠发圈高级慵懒风发绳扎方形头发头绳大号发饰,,,普通订单,6.7,0,0,0,0,0,0,0,0,0,0,0,-0.34,0,0,0,0,0,0,否,0,义乌市於郝电子商务商行（个体工商户）,订单结算
2026-04-22 05:39:23,'2026042205391922365189580793,入账,2.65,聚合账户,货款结算入账,小店自卖,'6951991842279659290,'6951991842279659290,'SS76303544592354352830053,2026-04-11 16:14:22,'3808855327718375885,复古豹纹褶皱中号香蕉夹高级感马尾扭扭夹后脑勺韩系显发量发卡,,,普通订单,2.79,0,0,0,0,0,0,0,0,0,0,0,-0.14,0,0,0,0,0,0,否,0,义乌市於郝电子商务商行（个体工商户）,订单结算
2026-04-22 05:39:23,'2026042205391930632189590793,入账,3.32,聚合账户,货款结算入账,小店自卖,'6925521951548014088,'6925521951548014088,'SS76302724865964444670038,2026-04-12 08:44:14,'3808515754769383695,2026新款高级牡丹花流苏抓夹毛毛发夹后脑勺显发量大号鲨鱼夹头饰,,,普通订单,0.35,0,0,3.15,0,0,0,0,0,0,0,0,-0.18,0,0,0,0,0,0,,0,义乌市於郝电子商务商行（个体工商户）,订单结算
2026-04-22 05:39:23,'2026042205392007259594240793,入账,9.93,聚合账户,货款结算入账,小店自卖,'6925524073288662017,'6925524073288662017,'SS76303255669563067230208,2026-04-12 08:59:40,'3809273979772993843,新中式咖色碎花四层大肠发圈女慵懒风扎头发大号复古发饰头绳,,,普通订单,7.45,0,0,3,0,0,0,0,0,0,0,0,-0.52,0,0,0,0,0,0,,0,义乌市於郝电子商务商行（个体工商户）,订单结算
2026-04-22 05:39:23,'2026042205392004658962010793,入账,3.44,聚合账户,货款结算入账,小店自卖,'6951994117855712833,'6951994117855712833,'SS76302677088743429180061,2026-04-11 14:39:48,'3809214874429555055,【LOVEIXCC】新款法式网红发箍发卡宽边复古秋冬头饰百搭高级盘发器,,,普通订单,2.54,0,0,1.08,0,0,0,0,0,0,0,0,-0.18,0,0,0,0,0,0,,0,义乌市於郝电子商务商行（个体工商户）,订单结算
2026-04-22 05:39:23,'2026042205391916999222100793,入账,1.12,聚合账户,货款结算入账,小店自卖,'6925519569261853767,'6925519569261853767,'SS76302725332842744780097,2026-04-12 07:57:42,'3809214874429555055,【LOVEIXCC】新款法式网红发箍发卡宽边复古秋冬头饰百搭高级盘发器,,,普通订单,1.02,0,0,0.16,0,0,0,0,0,0,0,0,-0.06,0,0,0,0,0,0,,0,义乌市於郝电子商务商行（个体工商户）,订单结算
2026-04-22 05:39:41,'2026042205393737350487390793,入账,2.41,聚合账户,货款结算入账,小店自卖,'6925539154662686430,'6925539154662686430,'SS76303263231903012240010,2026-04-12 11:31:49,'3811282248515322341,可爱小黄鸡小猪发圈学生风萌系扎发神器黑色发绳扎头发皮筋卖头饰,,,普通订单,0.01,0,0,2.53,0,0,0,0,0,0,0,0,-0.13,0,0,0,0,0,0,否,0,义乌市於郝电子商务商行（个体工商户）,订单结算
2026-04-22 05:39:41,'2026042205393714738230160793,入账,2.8,聚合账户,货款结算入账,小店自卖,'6925510304577977849,'6925510304577977849,'SS76302661654743125020001,2026-04-11 19:25:56,'3809599445994176839,春日超仙韩系碎花蕾丝大肠发圈女甜美感丸子头慵懒风超大发饰头绳,,,普通订单,0.01,0,0,2.94,0,0,0,0,0,0,0,0,-0.15,0,0,0,0,0,0,,0,义乌市於郝电子商务商行（个体工商户）,订单结算
2026-04-22 05:39:41,'2026042205393818667768680793,入账,4.33,聚合账户,货款结算入账,小店自卖,'6952014884316517479,'6952014884316517479,'SS76302880578506590910196,2026-04-12 06:08:00,'3811107016030683631,森系干枯山茶花朵7cm小抓夹 百搭气质发夹女后脑勺超仙鲨夹发饰,,,普通订单,0.96,0,0,3.6,0,0,0,0,0,0,0,0,-0.23,0,0,0,0,0,0,否,0,义乌市於郝电子商务商行（个体工商户）,订单结算
2026-04-22 05:39:41,'2026042205393738678533270793,入账,2.72,聚合账户,货款结算入账,巨量千川,'6925534407292583185,'6925534407292583185,'SS76302660195436959230019,2026-04-11 23:01:28,'3808518913650721160,新款高级牡丹花流苏抓夹毛毛发夹后脑勺显发量大号鲨鱼头饰发夹,,,普通订单,0.01,0,0,2.85,0,0,0,0,0,0,0,0,-0.14,0,0,0,0,0,0,,0,义乌市於郝电子商务商行（个体工商户）,订单结算
2026-04-22 05:39:41,'2026042205393815489480080793,入账,1.09,聚合账户,货款结算入账,巨量千川,'6925520915566722785,'6925520915566722785,'SS76302719713009175420022,2026-04-11 20:01:50,'3808855327718375885,复古豹纹褶皱中号香蕉夹高级感马尾扭扭夹后脑勺韩系显发量发卡,,,普通订单,0.01,0,0,1.14,0,0,0,0,0,0,0,0,-0.06,0,0,0,0,0,0,否,0,义乌市於郝电子商务商行（个体工商户）,订单结算
2026-04-22 05:39:56,'2026042205395301850619240793,入账,1.89,聚合账户,货款结算入账,巨量千川,'6951997842787145369,'6951997842787145369,'SS76303939395471286270226,2026-04-12 15:39:03,'3808855327718375885,复古豹纹褶皱中号香蕉夹高级感马尾扭扭夹后脑勺韩系显发量发卡,,,普通订单,1.99,0,0,0,0,0,0,0,0,0,0,0,-0.1,0,0,0,0,0,0,否,0,义乌市於郝电子商务商行（个体工商户）,订单结算
2026-04-22 05:39:56,'2026042205395121154903450793,入账,1.89,聚合账户,货款结算入账,小店自卖,'6951866070121256280,'6951866070121256280,'SS76303870406684352460093,2026-04-07 10:43:47,'3808855327718375885,复古豹纹褶皱中号香蕉夹高级感马尾扭扭夹后脑勺韩系显发量发卡,,,普通订单,0.01,0,0,1.98,0,0,0,0,0,0,0,0,-0.1,0,0,0,0,0,0,否,0,义乌市於郝电子商务商行（个体工商户）,订单结算
2026-04-22 05:39:56,'2026042205395232763254100793,入账,5.68,聚合账户,货款结算入账,小店自卖,'6925527505847483436,'6925527505847483436,'SS76303890077591969740045,2026-04-11 19:09:29,'3811282248515322341,可爱小黄鸡小猪发圈学生风萌系扎发神器黑色发绳扎头发皮筋卖头饰,,,普通订单,0.98,0,0,5,0,0,0,0,0,0,0,0,-0.3,0,0,0,0,0,0,否,0,义乌市於郝电子商务商行（个体工商户）,订单结算
2026-04-22 05:39:56,'2026042205395210921085840793,入账,1.89,聚合账户,货款结算入账,巨量千川,'6925536602755464908,'6925536602755464908,'SS76302639599048504830028,2026-04-12 00:38:02,'3808855327718375885,复古豹纹褶皱中号香蕉夹高级感马尾扭扭夹后脑勺韩系显发量发卡,,,普通订单,0.01,0,0,1.98,0,0,0,0,0,0,0,0,-0.1,0,0,0,0,0,0,否,0,义乌市於郝电子商务商行（个体工商户）,订单结算
2026-04-22 05:39:56,'2026042205395313097044630793,入账,2.65,聚合账户,货款结算入账,小店自卖,'6925525205601189037,'6925525205601189037,'SS76302632086870100980199,2026-04-11 18:56:02,'3808855327718375885,复古豹纹褶皱中号香蕉夹高级感马尾扭扭夹后脑勺韩系显发量发卡,,,普通订单,2.79,0,0,0,0,0,0,0,0,0,0,0,-0.14,0,0,0,0,0,0,否,0,义乌市於郝电子商务商行（个体工商户）,订单结算
2026-04-22 05:40:12,'2026042205400915817613150793,入账,3.6,聚合账户,货款结算入账,小店自卖,'6951994481807857008,'6951994481807857008,'SS76303571263513234420084,2026-04-11 18:27:43,'3808855327718375885,复古豹纹褶皱中号香蕉夹高级感马尾扭扭夹后脑勺韩系显发量发卡,,,普通订单,3.79,1,0,0,0,0,0,0,0,0,0,0,-0.19,0,0,0,0,0,0,否,0,义乌市於郝电子商务商行（个体工商户）,订单结算
2026-04-22 05:40:12,'2026042205400937387635540793,入账,3.14,聚合账户,货款结算入账,巨量千川,'6925539603249004173,'6925539603249004173,'SS76303726152489372250054,2026-04-12 15:07:33,'3808522822146457689,夏天简约随手盘发一字夹扭扭夹水钻抓夹高级发夹扭扭后脑勺盘发器,,,普通订单,2.51,0,0,0.8,0,0,0,0,0,0,0,0,-0.17,0,0,0,0,0,0,否,0,义乌市於郝电子商务商行（个体工商户）,订单结算
2026-04-22 05:40:12,'2026042205400903026621440793,入账,1.89,聚合账户,货款结算入账,小店自卖,'6951999092344231195,'6951999092344231195,'SS76302626034127386110027,2026-04-11 23:06:27,'3808855327718375885,复古豹纹褶皱中号香蕉夹高级感马尾扭扭夹后脑勺韩系显发量发卡,,,普通订单,0.01,0,0,1.98,0,0,0,0,0,0,0,0,-0.1,0,0,0,0,0,0,,0,义乌市於郝电子商务商行（个体工商户）,订单结算
2026-04-22 05:40:12,'2026042205400833104696660793,入账,3.87,聚合账户,货款结算入账,小店自卖,'6925520648371470152,'6925520648371339080,'SS76303694231951608590142,2026-04-11 17:51:54,'3812583013544493129,超温柔!粉色双面蝴蝶结香蕉夹竖夹气质高马尾发夹后脑勺发夹发饰,,,普通订单,4.07,0,0,0,0,0,0,0,0,0,0,0,-0.2,0,0,0,0,0,0,否,0,义乌市於郝电子商务商行（个体工商户）,订单结算
2026-04-22 05:40:12,'2026042205400917842714120793,入账,4.08,聚合账户,货款结算入账,小店自卖,'6952098529049646374,'6952098529049646374,'SS76303053849478597180240,2026-04-15 21:00:08,'3809214874429555055,【LOVEIXCC】新款法式网红发箍发卡宽边复古秋冬头饰百搭高级盘发器,,,普通订单,1.3,0,0,3,0,0,0,0,0,0,0,0,-0.22,0,0,0,0,0,0,,0,义乌市於郝电子商务商行（个体工商户）,订单结算
2026-04-22 05:40:26,'2026042205402128537492630793,入账,2.91,聚合账户,货款结算入账,小店自卖,'6925514274415017521,'6925514274415017521,'SS76302659126727030170072,2026-04-11 16:19:17,'3808515754769383695,2026新款高级牡丹花流苏抓夹毛毛发夹后脑勺显发量大号鲨鱼夹头饰,,,普通订单,3.06,0,0,0,0,0,0,0,0,0,0,0,-0.15,0,0,0,0,0,0,,0,义乌市於郝电子商务商行（个体工商户）,订单结算
2026-04-22 05:40:26,'2026042205402202946176000793,入账,3.78,聚合账户,货款结算入账,小店自卖,'6952089766918952319,'6952089766918755711,'SS76304042175319416580024,2026-04-15 15:46:14,'3813896710921519427,故事里的小黄花~2026新款花朵大号高品质发夹后脑勺抓夹盘发夹子,,,普通订单,3.98,0,0,0,0,0,0,0,0,0,0,0,-0.2,0,0,0,0,0,0,否,0,义乌市於郝电子商务商行（个体工商户）,订单结算
2026-04-22 05:40:26,'2026042205402211507141470793,入账,1.89,聚合账户,货款结算入账,小店自卖,'6951996356254439177,'6951996356254439177,'SS76302619538112230900068,2026-04-11 18:10:17,'3808855327718375885,复古豹纹褶皱中号香蕉夹高级感马尾扭扭夹后脑勺韩系显发量发卡,,,普通订单,0.01,0,0,1.98,0,0,0,0,0,0,0,0,-0.1,0,0,0,0,0,0,否,0,义乌市於郝电子商务商行（个体工商户）,订单结算
2026-04-22 05:40:26,'2026042205402240688358920793,入账,4.81,聚合账户,货款结算入账,巨量千川,'6951997711965230300,'6951997711965230300,'SS76303733784541928960172,2026-04-12 13:49:51,'3808515754769383695,2026新款高级牡丹花流苏抓夹毛毛发夹后脑勺显发量大号鲨鱼夹头饰,,,普通订单,5.06,0,0,0,0,0,0,0,0,0,0,0,-0.25,0,0,0,0,0,0,否,0,义乌市於郝电子商务商行（个体工商户）,订单结算
2026-04-22 05:40:26,'2026042205402215316257800793,入账,4.62,聚合账户,货款结算入账,巨量千川,'6925529888122764796,'6925529888122764796,'SS76292203130762040740046,2026-04-11 19:25:48,'3808515754769383695,2026新款高级牡丹花流苏抓夹毛毛发夹后脑勺显发量大号鲨鱼夹头饰,,,普通订单,4.86,0,0,0,0,0,0,0,0,0,0,0,-0.24,0,0,0,0,0,0,否,0,义乌市於郝电子商务商行（个体工商户）,订单结算
2026-04-22 05:40:38,'2026042205403433811013520793,入账,1.89,聚合账户,货款结算入账,小店自卖,'6951996694840940290,'6951996694840940290,'SS76302623392667405320016,2026-04-11 21:58:11,'3808855327718375885,复古豹纹褶皱中号香蕉夹高级感马尾扭扭夹后脑勺韩系显发量发卡,,,普通订单,0.01,0,0,1.98,0,0,0,0,0,0,0,0,-0.1,0,0,0,0,0,0,否,0,义乌市於郝电子商务商行（个体工商户）,订单结算
2026-04-22 05:40:38,'2026042205403438633149840793,入账,1.89,聚合账户,货款结算入账,小店自卖,'6952004715409512420,'6952004715409512420,'SS76303705353812219340032,2026-04-12 15:05:45,'3808855327718375885,复古豹纹褶皱中号香蕉夹高级感马尾扭扭夹后脑勺韩系显发量发卡,,,普通订单,1.99,0,0,0,0,0,0,0,0,0,0,0,-0.1,0,0,0,0,0,0,否,0,义乌市於郝电子商务商行（个体工商户）,订单结算
2026-04-22 05:40:38,'2026042205403503908733790793,入账,4.81,聚合账户,货款结算入账,小店自卖,'6952053432297067743,'6952053432297067743,'SS76302647819543683080092,2026-04-13 20:05:04,'3808518913650721160,新款高级牡丹花流苏抓夹毛毛发夹后脑勺显发量大号鲨鱼头饰发夹,,,普通订单,5.06,0,0,0,0,0,0,0,0,0,0,0,-0.25,0,0,0,0,0,0,否,0,义乌市於郝电子商务商行（个体工商户）,订单结算
2026-04-22 05:40:38,'2026042205403516992834910793,入账,5.26,聚合账户,货款结算入账,小店自卖,'6925541681969004077,'6925541681969004077,'SS76303737569590152310245,2026-04-12 14:55:45,'3812036743214006439,新中式铃兰花发夹2026新款仿真花朵发卡侧边夹度假拍照氛围感头饰,,,普通订单,5.54,0,0,0,0,0,0,0,0,0,0,0,-0.28,0,0,0,0,0,0,否,0,义乌市於郝电子商务商行（个体工商户）,订单结算
2026-04-22 05:40:38,'2026042205403510235911830793,入账,4.62,聚合账户,货款结算入账,小店自卖,'6925386699454315852,'6925386699454315852,'SS76302996510399859720183,2026-04-06 14:54:25,'3809438133272051839,韩版新款格纹蝴蝶结香蕉夹复古少女中号马尾夹百搭扭扭发卡抓夹,,,普通订单,4.86,0,0,0,0,0,0,0,0,0,0,0,-0.24,0,0,0,0,0,0,否,0,义乌市於郝电子商务商行（个体工商户）,订单结算
2026-04-22 05:41:20,'2026042205411600512660860793,入账,5.51,聚合账户,货款结算入账,小店自卖,'6925638700686475004,'6925638700686475004,'SS76304040146142174990220,2026-04-16 15:34:08,'3812210500259938495,可爱蝴蝶结小猫无痕刘海贴魔术贴发饰少女前额侧边碎发贴整理神器,,,普通订单,2.8,0,0,3,0,0,0,0,0,0,0,0,-0.29,0,0,0,0,0,0,否,0,义乌市於郝电子商务商行（个体工商户）,订单结算
2026-04-22 05:41:20,'2026042205411617883307610793,入账,1.89,聚合账户,货款结算入账,小店自卖,'6925679005672701123,'6925679005672701123,'SS76304540079535721420234,2026-04-17 22:59:30,'3808855327718375885,复古豹纹波点褶皱高马尾香蕉夹小号后脑勺竖夹韩系显发量发夹,,,普通订单,1.99,0,0,0,0,0,0,0,0,0,0,0,-0.1,0,0,0,0,0,0,否,0,义乌市於郝电子商务商行（个体工商户）,订单结算
2026-04-22 05:41:20,'2026042205411629497101260793,入账,5.68,聚合账户,货款结算入账,小店自卖,'6925541423089352023,'6925541423089352023,'SS76303891022356974230017,2026-04-12 12:56:46,'3811282248515322341,可爱小黄鸡小猪发圈学生风萌系扎发神器黑色发绳扎头发皮筋卖头饰,,,普通订单,2.98,0,0,3,0,0,0,0,0,0,0,0,-0.3,0,0,0,0,0,0,否,0,义乌市於郝电子商务商行（个体工商户）,订单结算
2026-04-22 05:41:20,'2026042205411616496233390793,入账,3.19,聚合账户,货款结算入账,小店自卖,'6952008149818349152,'6952008149818349152,'SS76302640173763015940185,2026-04-12 00:01:04,'3808855327718375885,复古豹纹褶皱中号香蕉夹高级感马尾扭扭夹后脑勺韩系显发量发卡,,,普通订单,3.36,0,0,0,0,0,0,0,0,0,0,0,-0.17,0,0,0,0,0,0,否,0,义乌市於郝电子商务商行（个体工商户）,订单结算
2026-04-22 05:41:20,'2026042205411610833927770793,入账,1.89,聚合账户,货款结算入账,小店自卖,'6925532339109920045,'6925532339109920045,'SS76302626787071101820056,2026-04-12 01:09:50,'3812736213081784671,韩系ins风高马尾香蕉夹竖夹女2026新款高级感发夹简约复古发饰,,,普通订单,0.01,0,0,1.98,0,0,0,0,0,0,0,0,-0.1,0,0,0,0,0,0,否,0,义乌市於郝电子商务商行（个体工商户）,订单结算
2026-04-22 05:41:20,'2026042205411519976730140793,入账,3.44,聚合账户,货款结算入账,小店自卖,'6951996959597204751,'6951996959597204751,'SS76302677219916723260119,2026-04-12 00:41:48,'3809214874429555055,【LOVEIXCC】新款法式网红发箍发卡宽边复古秋冬头饰百搭高级盘发器,,,普通订单,2.54,0,0,1.08,0,0,0,0,0,0,0,0,-0.18,0,0,0,0,0,0,,0,义乌市於郝电子商务商行（个体工商户）,订单结算
2026-04-22 05:41:20,'2026042205411604239898100793,入账,1.15,聚合账户,货款结算入账,小店自卖,'6925528828160606114,'6925528828160606114,'SS76304126658708605710119,2026-04-12 09:53:55,'3808515754769383695,2026新款高级牡丹花流苏抓夹毛毛发夹后脑勺显发量大号鲨鱼夹头饰,,,普通订单,0.15,0,0,1.06,0,0,0,0,0,0,0,0,-0.06,0,0,0,0,0,0,,0,义乌市於郝电子商务商行（个体工商户）,订单结算
2026-04-22 05:41:20,'2026042205411637123197850793,入账,1.89,聚合账户,货款结算入账,小店自卖,'6951999062015415811,'6951999062015415811,'SS76302625945842491420021,2026-04-11 23:02:46,'3808855327718375885,复古豹纹褶皱中号香蕉夹高级感马尾扭扭夹后脑勺韩系显发量发卡,,,普通订单,1.99,0,0,0,0,0,0,0,0,0,0,0,-0.1,0,0,0,0,0,0,否,0,义乌市於郝电子商务商行（个体工商户）,订单结算
2026-04-22 05:41:20,'2026042205411637121723290793,入账,1.89,聚合账户,货款结算入账,小店自卖,'6952026663416501744,'6952026663416501744,'SS76303711799049264910186,2026-04-12 13:55:51,'3808855327718375885,复古豹纹褶皱中号香蕉夹高级感马尾扭扭夹后脑勺韩系显发量发卡,,,普通订单,1.99,0,0,0,0,0,0,0,0,0,0,0,-0.1,0,0,0,0,0,0,否,0,义乌市於郝电子商务商行（个体工商户）,订单结算
2026-04-22 05:41:20,'2026042205411631715827660793,入账,4.26,聚合账户,货款结算入账,小店自卖,'6925530399397019510,'6925530399397019510,'SS76302880427286369780004,2026-04-11 22:40:41,'3811116864172589149,森系干枯山茶花朵7cm小抓夹百搭气质发夹女后脑勺超仙鲨鱼夹发饰,,,普通订单,4.48,0,0,0,0,0,0,0,0,0,0,0,-0.22,0,0,0,0,0,0,否,0,义乌市於郝电子商务商行（个体工商户）,订单结算
2026-04-22 05:54:11,'2026042205540735864420220793,入账,5.68,聚合账户,货款结算入账,小店自卖,'6925590427280702553,'6925590427280702553,'SS76303743964143334920114,2026-04-14 22:04:21,'3811282248515322341,可爱小黄鸡小猪发圈学生风萌系扎发神器黑色发绳扎头发皮筋卖头饰,,,普通订单,5.98,0,0,0,0,0,0,0,0,0,0,0,-0.3,0,0,0,0,0,0,否,0,义乌市於郝电子商务商行（个体工商户）,订单结算
2026-04-22 05:54:11,'2026042205540538526001150793,入账,3.26,聚合账户,货款结算入账,小店自卖,'6952131923057186595,'6952131923057186595,'SS76303714856512271740007,2026-04-17 10:44:18,'3808518913650721160,新款高级牡丹花流苏抓夹毛毛发夹后脑勺显发量大号鲨鱼头饰发夹,,,普通订单,3.43,0,0,0,0,0,0,0,0,0,0,0,-0.17,0,0,0,0,0,0,否,0,义乌市於郝电子商务商行（个体工商户）,订单结算
2026-04-22 05:54:11,'2026042205540606765120510793,入账,3.15,聚合账户,货款结算入账,小店自卖,'6925624600187993364,'6925624600187993364,'SS76304836694589445120093,2026-04-15 17:01:49,'3808518913650721160,新款高级牡丹花流苏抓夹毛毛发夹后脑勺显发量大号鲨鱼头饰发夹,,,普通订单,3.32,0,0,0,0,0,0,0,0,0,0,0,-0.17,0,0,0,0,0,0,否,0,义乌市於郝电子商务商行（个体工商户）,订单结算
2026-04-22 05:54:11,'2026042205540715227008100793,入账,4.73,聚合账户,货款结算入账,小店自卖,'6952147344912815106,'6952147344912815106,'SS76304101061697708030212,2026-04-17 08:30:25,'3813309728436650477,高级牡丹花流苏抓夹2026新款毛毛发夹后脑勺显发量大号鲨鱼头饰,,,普通订单,4.98,0,0,0,0,0,0,0,0,0,0,0,-0.25,0,0,0,0,0,0,否,0,义乌市於郝电子商务商行（个体工商户）,订单结算
2026-04-22 05:54:11,'2026042205540608893076990793,入账,2.86,聚合账户,货款结算入账,小店自卖,'6925651392799342352,'6925651392799342352,'SS76303557821032576360165,2026-04-16 22:54:02,'3809438133272051839,韩版新款格纹蝴蝶结香蕉夹复古少女中号马尾夹百搭扭扭发卡抓夹,,,普通订单,3.01,0,0,0,0,0,0,0,0,0,0,0,-0.15,0,0,0,0,0,0,否,0,义乌市於郝电子商务商行（个体工商户）,订单结算
2026-04-22 05:54:14,'2026042205540828340433920793,入账,3.32,聚合账户,货款结算入账,小店自卖,'6925587398330515112,'6925587398330515112,'SS76304403636660515900142,2026-04-14 20:55:13,'3808515754769383695,2026新款高级牡丹花流苏抓夹毛毛发夹后脑勺显发量大号鲨鱼夹头饰,,,普通订单,3.5,0,0,0,0,0,0,0,0,0,0,0,-0.18,0,0,0,0,0,0,,0,义乌市於郝电子商务商行（个体工商户）,订单结算
2026-04-22 05:54:14,'2026042205540921987702300793,入账,3.38,聚合账户,货款结算入账,小店自卖,'6952089455015892342,'6952089455015892342,'SS76302567104777264730068,2026-04-15 12:39:35,'3808826072573804729,迷你小号无痕鸭嘴夹抓夹小夹子精致蝴蝶结碎发夹刘海夹高级感发卡,,,普通订单,3.56,0,0,0,0,0,0,0,0,0,0,0,-0.18,0,0,0,0,0,0,否,0,义乌市於郝电子商务商行（个体工商户）,订单结算
2026-04-22 05:54:14,'2026042205540837821199510793,入账,4.08,聚合账户,货款结算入账,小店自卖,'6925678061998275797,'6925678061998275797,'SS76303797190290967380109,2026-04-17 15:09:57,'3809214874429555055,【LOVEIXCC】新款法式网红发箍发卡宽边复古秋冬头饰百搭高级盘发器,,,普通订单,4.3,0,0,0,0,0,0,0,0,0,0,0,-0.22,0,0,0,0,0,0,否,0,义乌市於郝电子商务商行（个体工商户）,订单结算
2026-04-22 05:54:14,'2026042205541037971072630793,入账,4.28,聚合账户,货款结算入账,小店自卖,'6952141977133127159,'6952141977133127159,'SS76304023351890949540152,2026-04-17 21:30:50,'3811116864172589149,森系干枯山茶花朵7cm小抓夹百搭气质发夹女后脑勺超仙鲨鱼夹发饰,,,普通订单,4.51,0,0,0,0,0,0,0,0,0,0,0,-0.23,0,0,0,0,0,0,,0,义乌市於郝电子商务商行（个体工商户）,订单结算
2026-04-22 05:54:14,'2026042205541006086991710793,入账,1.89,聚合账户,货款结算入账,小店自卖,'6925600055670505190,'6925600055670505190,'SS76303477020190154430240,2026-04-15 13:06:04,'3808855327718375885,复古豹纹波点褶皱高马尾香蕉夹小号后脑勺竖夹韩系显发量发夹,,,普通订单,0.01,0,0,1.98,0,0,0,0,0,0,0,0,-0.1,0,0,0,0,0,0,否,0,义乌市於郝电子商务商行（个体工商户）,订单结算
2026-04-22 05:54:15,'2026042205541221192422490793,入账,4.62,聚合账户,货款结算入账,小店自卖,'6925657327824699191,'6925657327824699191,'SS76304833872749900800093,2026-04-16 23:14:46,'3809438133272051839,韩版新款格纹蝴蝶结香蕉夹复古少女中号马尾夹百搭扭扭发卡抓夹,,,普通订单,4.86,0,0,0,0,0,0,0,0,0,0,0,-0.24,0,0,0,0,0,0,否,0,义乌市於郝电子商务商行（个体工商户）,订单结算
2026-04-22 05:54:15,'2026042205540919324278220793,入账,2.83,聚合账户,货款结算入账,小店自卖,'6952118644882347819,'6952118644882347819,'SS76303931877265574920016,2026-04-17 00:17:32,'3810191850707484748,高颅顶神器发根固定夹头发蓬松夹定位夹女定型刘海鸭嘴夹发卡发夹,,,普通订单,2.47,0,0,0.51,0,0,0,0,0,0,0,0,-0.15,0,0,0,0,0,0,,0,义乌市於郝电子商务商行（个体工商户）,订单结算
2026-04-22 05:54:15,'2026042205541217837306970793,入账,2.8,聚合账户,货款结算入账,小店自卖,'6925649487968631829,'6925649487968631829,'SS76304027591880875670106,2026-04-17 09:19:32,'3809599445994176839,春日超仙韩系碎花蕾丝大肠发圈女甜美感丸子头慵懒风超大发饰头绳,,,普通订单,0.01,0,0,2.94,0,0,0,0,0,0,0,0,-0.15,0,0,0,0,0,0,,0,义乌市於郝电子商务商行（个体工商户）,订单结算
2026-04-22 05:54:15,'2026042205541115854963470793,入账,2,聚合账户,货款结算入账,巨量千川,'6925626373185175153,'6925626373185175153,'SS76302977826325634560190,2026-04-15 15:11:56,'3808826072573804729,迷你小号无痕鸭嘴夹抓夹小夹子精致蝴蝶结碎发夹刘海夹高级感发卡,,,普通订单,1.71,0,0,0.4,0,0,0,0,0,0,0,0,-0.11,0,0,0,0,0,0,否,0,义乌市於郝电子商务商行（个体工商户）,订单结算
2026-04-22 05:54:15,'2026042205541130214723060793,入账,1.89,聚合账户,货款结算入账,小店自卖,'6925678270028218046,'6925678270028218046,'SS76304855115358047230238,2026-04-17 16:57:09,'3808855327718375885,复古豹纹波点褶皱高马尾香蕉夹小号后脑勺竖夹韩系显发量发夹,,,普通订单,0.01,0,0,1.98,0,0,0,0,0,0,0,0,-0.1,0,0,0,0,0,0,否,0,义乌市於郝电子商务商行（个体工商户）,订单结算
2026-04-22 05:54:25,'2026042205542128862221430793,入账,4.22,聚合账户,货款结算入账,小店自卖,'6952155545290610477,'6952155545290610477,'SS76304438403103012100182,2026-04-17 22:54:02,'3811116864172589149,森系干枯山茶花朵7cm小抓夹百搭气质发夹女后脑勺超仙鲨鱼夹发饰,,,普通订单,4.44,0,0,0,0,0,0,0,0,0,0,0,-0.22,0,0,0,0,0,0,,0,义乌市於郝电子商务商行（个体工商户）,订单结算
2026-04-22 05:54:25,'2026042205542020100221800793,入账,1.89,聚合账户,货款结算入账,小店自卖,'6952084096448075741,'6952084096448075741,'SS76303501307863867340152,2026-04-14 23:27:36,'3808855327718375885,复古豹纹褶皱中号香蕉夹高级感马尾扭扭夹后脑勺韩系显发量发卡,,,普通订单,1.99,0,0,0,0,0,0,0,0,0,0,0,-0.1,0,0,0,0,0,0,否,0,义乌市於郝电子商务商行（个体工商户）,订单结算
2026-04-22 06:39:35,'2026042206393212104709210793,出账,4.9,聚合账户,上门取件运费,,'6951848704409016029,'6951848704409016029,'147449997766712067,,,,,,普通订单,0,0,0,0,0,0,0,0,0,0,0,0,0,0,0,0,0,0,0,,0,义乌市於郝电子商务商行（个体工商户）,因商品存在品质问题，扣除商家相应金额进行运费赔付-订单6951848704409016029-售后单147449997766712067-运单73704704216496
2026-04-22 07:11:09,'2026042207110518396001820793,入账,5.68,聚合账户,货款结算入账,小店自卖,'6951992942827738648,'6951992942827738648,'SS76303890294203069900189,2026-04-12 09:17:04,'3811282248515322341,可爱小黄鸡小猪发圈学生风萌系扎发神器黑色发绳扎头发皮筋卖头饰,,,普通订单,5.98,0,0,0,0,0,0,0,0,0,0,0,-0.3,0,0,0,0,0,0,否,0,义乌市於郝电子商务商行（个体工商户）,订单结算
2026-04-22 07:11:09,'2026042207110500091917310793,入账,2.65,聚合账户,货款结算入账,小店自卖,'6925406070867655741,'6925406070867655741,'SS76302933028057423450048,2026-04-06 23:17:04,'3808855327718375885,复古豹纹褶皱中号香蕉夹高级感马尾扭扭夹后脑勺韩系显发量发卡,,,普通订单,2.79,0,0,0,0,0,0,0,0,0,0,0,-0.14,0,0,0,0,0,0,,0,义乌市於郝电子商务商行（个体工商户）,订单结算
2026-04-22 07:11:09,'2026042207110531416650700793,入账,2.65,聚合账户,货款结算入账,巨量千川,'6925516709821119981,'6925516709821119981,'SS76302647830946002440107,2026-04-11 20:54:21,'3808522822146457689,夏天简约随手盘发一字夹扭扭夹水钻抓夹高级发夹扭扭后脑勺盘发器,,,普通订单,0.59,0,0,2.2,0,0,0,0,0,0,0,0,-0.14,0,0,0,0,0,0,否,0,义乌市於郝电子商务商行（个体工商户）,订单结算
2026-04-22 07:11:09,'2026042207110422160837580793,入账,1.89,聚合账户,货款结算入账,小店自卖,'6925517154091171280,'6925517154091171280,'SS76302625177180288400218,2026-04-11 23:38:15,'3808855327718375885,复古豹纹褶皱中号香蕉夹高级感马尾扭扭夹后脑勺韩系显发量发卡,,,普通订单,0.01,0,0,1.98,0,0,0,0,0,0,0,0,-0.1,0,0,0,0,0,0,否,0,义乌市於郝电子商务商行（个体工商户）,订单结算
2026-04-22 07:11:09,'2026042207110409029558280793,入账,3.32,聚合账户,货款结算入账,小店自卖,'6952004588572251695,'6952004588572251695,'SS76303733659492191220214,2026-04-12 13:38:04,'3808518913650721160,新款高级牡丹花流苏抓夹毛毛发夹后脑勺显发量大号鲨鱼头饰发夹,,,普通订单,3.5,0,0,0,0,0,0,0,0,0,0,0,-0.18,0,0,0,0,0,0,否,0,义乌市於郝电子商务商行（个体工商户）,订单结算
2026-04-22 07:11:09,'2026042207110541115655950793,入账,3.26,聚合账户,货款结算入账,小店自卖,'6925622851081239565,'6925622851081239565,'SS76304363511915978700158,2026-04-15 21:17:16,'3808518913650721160,新款高级牡丹花流苏抓夹毛毛发夹后脑勺显发量大号鲨鱼头饰发夹,,,普通订单,0.43,0,0,3,0,0,0,0,0,0,0,0,-0.17,0,0,0,0,0,0,,0,义乌市於郝电子商务商行（个体工商户）,订单结算
2026-04-22 07:11:09,'2026042207110641315049420793,入账,1.89,聚合账户,货款结算入账,小店自卖,'6925531421003382305,'6925531421003382305,'SS76303702393531643240111,2026-04-12 11:11:25,'3812736213081784671,韩系ins风高马尾香蕉夹竖夹女2026新款高级感发夹简约复古发饰,,,普通订单,0.01,0,0,1.98,0,0,0,0,0,0,0,0,-0.1,0,0,0,0,0,0,否,0,义乌市於郝电子商务商行（个体工商户）,订单结算
2026-04-22 07:11:09,'2026042207110539469714380793,入账,2.72,聚合账户,货款结算入账,小店自卖,'6925518376269413985,'6925518376269413985,'SS76302657964599711350184,2026-04-11 17:40:33,'3808515754769383695,2026新款高级牡丹花流苏抓夹毛毛发夹后脑勺显发量大号鲨鱼夹头饰,,,普通订单,0.01,0,0,2.85,0,0,0,0,0,0,0,0,-0.14,0,0,0,0,0,0,,0,义乌市於郝电子商务商行（个体工商户）,订单结算
2026-04-22 07:11:09,'2026042207110520572736380793,入账,3.19,聚合账户,货款结算入账,小店自卖,'6925593911770578155,'6925593911770578155,'SS76303312431709560510052,2026-04-14 17:03:46,'3811460006382010734,简约几何波浪珍珠抓夹女2026新款后脑勺发夹鲨鱼夹子大号发量发饰,,,普通订单,3.36,0,0,0,0,0,0,0,0,0,0,0,-0.17,0,0,0,0,0,0,否,0,义乌市於郝电子商务商行（个体工商户）,订单结算
2026-04-22 07:11:09,'2026042207110704870804580793,入账,3.89,聚合账户,货款结算入账,小店自卖,'6925535159448010578,'6925535159448010578,'SS76303708789506214780142,2026-04-12 09:35:33,'3808855327718375885,复古豹纹褶皱中号香蕉夹高级感马尾扭扭夹后脑勺韩系显发量发卡,,,普通订单,0.09,0,0,4,0,0,0,0,0,0,0,0,-0.2,0,0,0,0,0,0,否,0,义乌市於郝电子商务商行（个体工商户）,订单结算
2026-04-22 07:11:09,'2026042207110440274987620793,入账,1.89,聚合账户,货款结算入账,小店自卖,'6925523457581546664,'6925523457581546664,'SS76302624769535675240024,2026-04-11 22:48:20,'3812736213081784671,韩系ins风高马尾香蕉夹竖夹女2026新款高级感发夹简约复古发饰,,,普通订单,0.01,0,0,1.98,0,0,0,0,0,0,0,0,-0.1,0,0,0,0,0,0,,0,义乌市於郝电子商务商行（个体工商户）,订单结算
2026-04-22 07:11:09,'2026042207110523243655940793,入账,3.89,聚合账户,货款结算入账,小店自卖,'6925544085855436058,'6925544085855436058,'SS76303938451569095680244,2026-04-12 15:36:28,'3808855327718375885,复古豹纹褶皱中号香蕉夹高级感马尾扭扭夹后脑勺韩系显发量发卡,,,普通订单,0.09,0,0,4,0,0,0,0,0,0,0,0,-0.2,0,0,0,0,0,0,否,0,义乌市於郝电子商务商行（个体工商户）,订单结算
2026-04-22 07:11:09,'2026042207110541155469300793,入账,4.26,聚合账户,货款结算入账,小店自卖,'6925531759179037830,'6925531759179037830,'SS76303600480753095780222,2026-04-12 13:21:54,'3811116864172589149,森系干枯山茶花朵7cm小抓夹百搭气质发夹女后脑勺超仙鲨鱼夹发饰,,,普通订单,4.48,0,0,0,0,0,0,0,0,0,0,0,-0.22,0,0,0,0,0,0,否,0,义乌市於郝电子商务商行（个体工商户）,订单结算
2026-04-22 07:11:09,'2026042207110605681526270793,入账,3.15,聚合账户,货款结算入账,小店自卖,'6925524621457259993,'6925524621457259993,'SS76303732077239339860078,2026-04-12 14:02:43,'3808518913650721160,新款高级牡丹花流苏抓夹毛毛发夹后脑勺显发量大号鲨鱼头饰发夹,,,普通订单,3.32,0,0,0,0,0,0,0,0,0,0,0,-0.17,0,0,0,0,0,0,否,0,义乌市於郝电子商务商行（个体工商户）,订单结算
2026-04-22 07:11:09,'2026042207110611328228240793,入账,3.26,聚合账户,货款结算入账,小店自卖,'6952119100622378263,'6952119100622378263,'SS76302361160414336000179,2026-04-16 04:31:21,'3808518913650721160,新款高级牡丹花流苏抓夹毛毛发夹后脑勺显发量大号鲨鱼头饰发夹,,,普通订单,0.43,0,0,3,0,0,0,0,0,0,0,0,-0.17,0,0,0,0,0,0,,0,义乌市於郝电子商务商行（个体工商户）,订单结算
2026-04-22 07:11:09,'2026042207110601980173310793,入账,4.81,聚合账户,货款结算入账,小店自卖,'6925512231999995291,'6925512231999995291,'SS76302660520654277580031,2026-04-11 15:53:03,'3808518913650721160,新款高级牡丹花流苏抓夹毛毛发夹后脑勺显发量大号鲨鱼头饰发夹,,,普通订单,5.06,0,0,0,0,0,0,0,0,0,0,0,-0.25,0,0,0,0,0,0,否,0,义乌市於郝电子商务商行（个体工商户）,订单结算
2026-04-22 07:11:09,'2026042207110706551805700793,入账,3.19,聚合账户,货款结算入账,巨量千川,'6925533173657140530,'6925533173657140530,'SS76303710772981601700114,2026-04-12 11:40:38,'3808855327718375885,复古豹纹褶皱中号香蕉夹高级感马尾扭扭夹后脑勺韩系显发量发卡,,,普通订单,0.36,0,0,3,0,0,0,0,0,0,0,0,-0.17,0,0,0,0,0,0,,0,义乌市於郝电子商务商行（个体工商户）,订单结算
2026-04-22 07:11:09,'2026042207110436127257790793,入账,4.81,聚合账户,货款结算入账,小店自卖,'6951981540315305397,'6951981540315305397,'SS76302660705670641180111,2026-04-12 00:17:57,'3808518913650721160,新款高级牡丹花流苏抓夹毛毛发夹后脑勺显发量大号鲨鱼头饰发夹,,,普通订单,5.06,0,0,0,0,0,0,0,0,0,0,0,-0.25,0,0,0,0,0,0,否,0,义乌市於郝电子商务商行（个体工商户）,订单结算
2026-04-22 07:11:09,'2026042207110311502717780793,入账,3.89,聚合账户,货款结算入账,小店自卖,'6951983956689622724,'6951983956689622724,'SS76302636299303488510129,2026-04-11 23:31:33,'3808855327718375885,复古豹纹褶皱中号香蕉夹高级感马尾扭扭夹后脑勺韩系显发量发卡,,,普通订单,0.01,0,0,4.08,0,0,0,0,0,0,0,0,-0.2,0,0,0,0,0,0,否,0,义乌市於郝电子商务商行（个体工商户）,订单结算
2026-04-22 07:11:09,'2026042207110605679560190793,入账,1.89,聚合账户,货款结算入账,小店自卖,'6925628793081593821,'6925628793081593821,'SS76302977942135938710187,2026-04-15 16:18:14,'3808855327718375885,复古豹纹波点褶皱高马尾香蕉夹小号后脑勺竖夹韩系显发量发夹,,,普通订单,0.01,0,0,1.98,0,0,0,0,0,0,0,0,-0.1,0,0,0,0,0,0,否,0,义乌市於郝电子商务商行（个体工商户）,订单结算
2026-04-22 07:11:09,'2026042207110533187804520793,入账,3.89,聚合账户,货款结算入账,小店自卖,'6952094545422914835,'6952094545422914835,'SS76304922595442040780003,2026-04-15 21:53:24,'3808855327718375885,复古豹纹波点褶皱高马尾香蕉夹小号后脑勺竖夹韩系显发量发夹,,,普通订单,4.09,0,0,0,0,0,0,0,0,0,0,0,-0.2,0,0,0,0,0,0,否,0,义乌市於郝电子商务商行（个体工商户）,订单结算
2026-04-22 07:11:09,'2026042207110622502487540793,入账,2.77,聚合账户,货款结算入账,巨量千川,'6925295058498387220,'6925295058498387220,'SS76303034651908838590185,2026-04-02 00:48:37,'3808518913650721160,新款高级牡丹花流苏抓夹毛毛发夹后脑勺显发量大号鲨鱼头饰发夹,,,普通订单,0.01,0,0,2.91,0,0,0,0,0,0,0,0,-0.15,0,0,0,0,0,0,,0,义乌市於郝电子商务商行（个体工商户）,订单结算
2026-04-22 07:11:09,'2026042207110602857415770793,入账,1.89,聚合账户,货款结算入账,小店自卖,'6925590713545096373,'6925590713545096373,'SS76304309528501499400054,2026-04-14 23:58:07,'3808855327718375885,复古豹纹褶皱中号香蕉夹高级感马尾扭扭夹后脑勺韩系显发量发卡,,,普通订单,0.01,0,0,1.98,0,0,0,0,0,0,0,0,-0.1,0,0,0,0,0,0,,0,义乌市於郝电子商务商行（个体工商户）,订单结算
2026-04-22 07:11:09,'2026042207110202790203400793,入账,3.19,聚合账户,货款结算入账,小店自卖,'6952105188702032945,'6952105188702032945,'SS76301375117209766660245,2026-04-15 21:07:37,'3808855327718375885,复古豹纹波点褶皱高马尾香蕉夹小号后脑勺竖夹韩系显发量发夹,,,普通订单,0.26,0,0,3.1,0,0,0,0,0,0,0,0,-0.17,0,0,0,0,0,0,,0,义乌市於郝电子商务商行（个体工商户）,订单结算
2026-04-22 07:11:10,'2026042207110603992128520793,入账,3.32,聚合账户,货款结算入账,小店自卖,'6951990479249347874,'6951990479249347874,'SS76302663157312066560091,2026-04-12 00:16:53,'3808515754769383695,2026新款高级牡丹花流苏抓夹毛毛发夹后脑勺显发量大号鲨鱼夹头饰,,,普通订单,0.5,0,0,3,0,0,0,0,0,0,0,0,-0.18,0,0,0,0,0,0,,0,义乌市於郝电子商务商行（个体工商户）,订单结算
2026-04-22 07:11:10,'2026042207110540649897050793,入账,2.8,聚合账户,货款结算入账,小店自卖,'6925525061675810490,'6925525061675810490,'SS76302661449554665150123,2026-04-11 17:20:07,'3809599445994176839,春日超仙韩系碎花蕾丝大肠发圈女甜美感丸子头慵懒风超大发饰头绳,,,普通订单,0.01,0,0,2.94,0,0,0,0,0,0,0,0,-0.15,0,0,0,0,0,0,,0,义乌市於郝电子商务商行（个体工商户）,订单结算
2026-04-22 07:11:10,'2026042207110418632709120793,入账,2.71,聚合账户,货款结算入账,小店自卖,'6951978958750880897,'6951978958750880897,'SS76302626703870369340061,2026-04-11 15:31:21,'3809243859075072378,可爱红色小狗中号香蕉夹2026新款发夹女高马尾扭扭夹显发量高级感,,,普通订单,2,0,0,0.85,0,0,0,0,0,0,0,0,-0.14,0,0,0,0,0,0,,0,义乌市於郝电子商务商行（个体工商户）,订单结算
2026-04-22 07:11:10,'2026042207110415490790400793,入账,4.27,聚合账户,货款结算入账,小店自卖,'6952001162642855628,'6952001162642855628,'SS76302879172693041180208,2026-04-11 19:06:23,'3809014413466402928,大肠圈蝴蝶头花带新款波点飘带大肠发圈高级感扎头发皮筋发饰发绳,,,普通订单,3.15,0,0,1.35,0,0,0,0,0,0,0,0,-0.23,0,0,0,0,0,0,,0,义乌市於郝电子商务商行（个体工商户）,订单结算
2026-04-22 07:11:10,'2026042207110418625827840793,入账,2.77,聚合账户,货款结算入账,小店自卖,'6951867543686157831,'6951867543686157831,'SS76303669380529201050111,2026-04-07 06:01:36,'3808518913650721160,新款高级牡丹花流苏抓夹毛毛发夹后脑勺显发量大号鲨鱼头饰发夹,,,普通订单,2.92,0,0,0,0,0,0,0,0,0,0,0,-0.15,0,0,0,0,0,0,,0,义乌市於郝电子商务商行（个体工商户）,订单结算
2026-04-22 07:11:10,'2026042207110602193208700793,入账,1.89,聚合账户,货款结算入账,小店自卖,'6925638388175895722,'6925638388175895722,'SS76304270914745513320153,2026-04-16 12:54:18,'3808855327718375885,复古豹纹波点褶皱高马尾香蕉夹小号后脑勺竖夹韩系显发量发夹,,,普通订单,0.01,0,0,1.98,0,0,0,0,0,0,0,0,-0.1,0,0,0,0,0,0,否,0,义乌市於郝电子商务商行（个体工商户）,订单结算
2026-04-22 07:11:10,'2026042207110624598656270793,入账,3.32,聚合账户,货款结算入账,小店自卖,'6925516941946290056,'6925516941946290056,'SS76302662940922350140226,2026-04-11 22:31:03,'3808515754769383695,2026新款高级牡丹花流苏抓夹毛毛发夹后脑勺显发量大号鲨鱼夹头饰,,,普通订单,0.35,0,0,3.15,0,0,0,0,0,0,0,0,-0.18,0,0,0,0,0,0,,0,义乌市於郝电子商务商行（个体工商户）,订单结算
2026-04-22 07:11:10,'2026042207110711848256100793,入账,2.37,聚合账户,货款结算入账,小店自卖,'6925539629859045288,'6925539629859045288,'SS76303975466619581500175,2026-04-12 15:21:41,'3810163319155851664,可爱小黄鸡发绳闺蜜同款少女心爆棚萌系扎发神器皮筋卖萌头饰学生,,,普通订单,2.49,0,0,0,0,0,0,0,0,0,0,0,-0.12,0,0,0,0,0,0,否,0,义乌市於郝电子商务商行（个体工商户）,订单结算
2026-04-22 07:11:10,'2026042207110603575649430793,入账,3.75,聚合账户,货款结算入账,小店自卖,'6952120793791141589,'6952120793791141589,'SS76304463341935337460072,2026-04-17 06:04:08,'3809602909876912378,2026韩系格子方巾大肠发圈高级慵懒风发绳扎方形头发头绳大号发饰,,,普通订单,0.61,0.6,0,3.34,0,0,0,0,0,0,0,0,-0.2,0,0,0,0,0,0,否,0,义乌市於郝电子商务商行（个体工商户）,订单结算
2026-04-22 07:11:10,'2026042207110621936873420793,入账,2.72,聚合账户,货款结算入账,小店自卖,'6925516384224771600,'6925516384224771600,'SS76303564948439048140170,2026-04-11 18:30:52,'3808518913650721160,新款高级牡丹花流苏抓夹毛毛发夹后脑勺显发量大号鲨鱼头饰发夹,,,普通订单,0.86,0,0,2,0,0,0,0,0,0,0,0,-0.14,0,0,0,0,0,0,,0,义乌市於郝电子商务商行（个体工商户）,订单结算
2026-04-22 07:11:10,'2026042207110532658230020793,入账,3.14,聚合账户,货款结算入账,小店自卖,'6925528411674934678,'6925528411674934678,'SS76302650781185520830169,2026-04-12 05:20:54,'3808522822146457689,夏天简约随手盘发一字夹扭扭夹水钻抓夹高级发夹扭扭后脑勺盘发器,,,普通订单,0.71,0,0,2.6,0,0,0,0,0,0,0,0,-0.17,0,0,0,0,0,0,否,0,义乌市於郝电子商务商行（个体工商户）,订单结算
2026-04-22 07:11:10,'2026042207110418258332310793,入账,1.89,聚合账户,货款结算入账,小店自卖,'6952022010744215353,'6952022010744215353,'SS76303703523484349440063,2026-04-12 12:30:37,'3808855327718375885,复古豹纹褶皱中号香蕉夹高级感马尾扭扭夹后脑勺韩系显发量发卡,,,普通订单,1.99,0,0,0,0,0,0,0,0,0,0,0,-0.1,0,0,0,0,0,0,否,0,义乌市於郝电子商务商行（个体工商户）,订单结算
2026-04-22 07:11:10,'2026042207110530875323390793,入账,4.81,聚合账户,货款结算入账,小店自卖,'6925655881415229205,'6925655881415229205,'SS76303722031934344220058,2026-04-17 04:49:14,'3808518913650721160,新款高级牡丹花流苏抓夹毛毛发夹后脑勺显发量大号鲨鱼头饰发夹,,,普通订单,2.06,0,0,3,0,0,0,0,0,0,0,0,-0.25,0,0,0,0,0,0,,0,义乌市於郝电子商务商行（个体工商户）,订单结算
2026-04-22 07:11:10,'2026042207110532642831550793,入账,5.59,聚合账户,货款结算入账,小店自卖,'6952089766918886783,'6952089766918755711,'SS76304042170141739610233,2026-04-15 15:46:14,'3814057271965647027,可爱蝴蝶结小猫无痕刘海贴魔术贴发饰少女前额侧边碎发贴整理神器,,,普通订单,5.88,0,0,0,0,0,0,0,0,0,0,0,-0.29,0,0,0,0,0,0,否,0,义乌市於郝电子商务商行（个体工商户）,订单结算
2026-04-22 07:11:10,'2026042207110606170056190793,入账,2.76,聚合账户,货款结算入账,小店自卖,'6925523972617895097,'6925523972617895097,'SS76302880297990556420142,2026-04-12 08:22:19,'3811116864172589149,森系干枯山茶花朵7cm小抓夹百搭气质发夹女后脑勺超仙鲨鱼夹发饰,,,普通订单,0.91,0,0,2,0,0,0,0,0,0,0,0,-0.15,0,0,0,0,0,0,,0,义乌市於郝电子商务商行（个体工商户）,订单结算
2026-04-22 07:11:10,'2026042207110538467346300793,入账,3.23,聚合账户,货款结算入账,巨量千川,'6925524718885044138,'6925524718885044138,'SS76302657763147290230090,2026-04-11 14:21:15,'3808515754769383695,2026新款高级牡丹花流苏抓夹毛毛发夹后脑勺显发量大号鲨鱼夹头饰,,,普通订单,2.8,0,0,0.6,0,0,0,0,0,0,0,0,-0.17,0,0,0,0,0,0,否,0,义乌市於郝电子商务商行（个体工商户）,订单结算
2026-04-22 07:11:10,'2026042207110632388387930793,入账,2.86,聚合账户,货款结算入账,小店自卖,'6951994193714615708,'6951994193714615708,'SS76303568268904412620064,2026-04-11 15:20:59,'3809438133272051839,韩版新款格纹蝴蝶结香蕉夹复古少女中号马尾夹百搭扭扭发卡抓夹,,,普通订单,3.01,0,0,0,0,0,0,0,0,0,0,0,-0.15,0,0,0,0,0,0,否,0,义乌市於郝电子商务商行（个体工商户）,订单结算
2026-04-22 07:11:10,'2026042207110626764418940793,入账,1.89,聚合账户,货款结算入账,巨量千川,'6925587985088937779,'6925587985088937779,'SS76301568986794723930051,2026-04-15 00:28:22,'3808855327718375885,复古豹纹褶皱中号香蕉夹高级感马尾扭扭夹后脑勺韩系显发量发卡,,,普通订单,0.01,0,0,1.98,0,0,0,0,0,0,0,0,-0.1,0,0,0,0,0,0,,0,义乌市於郝电子商务商行（个体工商户）,订单结算
2026-04-22 07:11:10,'2026042207110502907715070793,入账,1.89,聚合账户,货款结算入账,巨量千川,'6952024494478464684,'6952024494478464684,'SS76303939808975468030111,2026-04-12 16:26:37,'3808855327718375885,复古豹纹褶皱中号香蕉夹高级感马尾扭扭夹后脑勺韩系显发量发卡,,,普通订单,0.99,0,0,0,0,0,0,0,1,0,0,0,-0.1,0,0,0,0,0,0,否,0,义乌市於郝电子商务商行（个体工商户）,订单结算
2026-04-22 07:11:10,'2026042207110619950640900793,入账,4.81,聚合账户,货款结算入账,小店自卖,'6925403252694088924,'6925403252694088924,'SS76302966825846546550227,2026-04-06 20:18:21,'3808518913650721160,新款高级牡丹花流苏抓夹毛毛发夹后脑勺显发量大号鲨鱼头饰发夹,,,普通订单,4.26,0,0,0.8,0,0,0,0,0,0,0,0,-0.25,0,0,0,0,0,0,否,0,义乌市於郝电子商务商行（个体工商户）,订单结算
2026-04-22 07:11:10,'2026042207110704165842430793,入账,1.89,聚合账户,货款结算入账,小店自卖,'6925530440124300457,'6925530440124300457,'SS76302624694834836480124,2026-04-11 22:43:56,'3808855327718375885,复古豹纹褶皱中号香蕉夹高级感马尾扭扭夹后脑勺韩系显发量发卡,,,普通订单,0.01,0,0,1.98,0,0,0,0,0,0,0,0,-0.1,0,0,0,0,0,0,,0,义乌市於郝电子商务商行（个体工商户）,订单结算
2026-04-22 07:11:10,'2026042207110706220029540793,入账,2.86,聚合账户,货款结算入账,小店自卖,'6925521921082556315,'6925521921082556315,'SS76302680669995177150109,2026-04-12 07:55:32,'3809438133272051839,韩版新款格纹蝴蝶结香蕉夹复古少女中号马尾夹百搭扭扭发卡抓夹,,,普通订单,1.01,0,0,2,0,0,0,0,0,0,0,0,-0.15,0,0,0,0,0,0,否,0,义乌市於郝电子商务商行（个体工商户）,订单结算
2026-04-22 07:11:10,'2026042207110602580198920793,入账,3.23,聚合账户,货款结算入账,小店自卖,'6951992223323330221,'6951992223323330221,'SS76303733795893253500098,2026-04-11 20:44:30,'3808515754769383695,2026新款高级牡丹花流苏抓夹毛毛发夹后脑勺显发量大号鲨鱼夹头饰,,,普通订单,0.01,0,0,3.39,0,0,0,0,0,0,0,0,-0.17,0,0,0,0,0,0,,0,义乌市於郝电子商务商行（个体工商户）,订单结算
2026-04-22 07:11:10,'2026042207110603317929340793,入账,5.26,聚合账户,货款结算入账,小店自卖,'6952045013387057033,'6952045013387057033,'SS76304877533435991380082,2026-04-13 22:55:06,'3809599445994176839,春日超仙韩系碎花蕾丝大肠发圈女甜美感丸子头慵懒风超大发饰头绳,,,普通订单,2.54,0,0,3,0,0,0,0,0,0,0,0,-0.28,0,0,0,0,0,0,,0,义乌市於郝电子商务商行（个体工商户）,订单结算
2026-04-22 07:11:11,'2026042207110530954621860793,入账,1.89,聚合账户,货款结算入账,巨量千川,'6952119101884012122,'6952119101884012122,'SS76302798557873605630167,2026-04-16 03:44:15,'3808855327718375885,复古豹纹波点褶皱高马尾香蕉夹小号后脑勺竖夹韩系显发量发夹,,,普通订单,0.01,0,0,1.98,0,0,0,0,0,0,0,0,-0.1,0,0,0,0,0,0,否,0,义乌市於郝电子商务商行（个体工商户）,订单结算
2026-04-22 07:11:11,'2026042207110614290826750793,入账,5.68,聚合账户,货款结算入账,小店自卖,'6951980985755833870,'6951980985755833870,'SS76303889699725481390170,2026-04-11 18:28:38,'3811282248515322341,可爱小黄鸡小猪发圈学生风萌系扎发神器黑色发绳扎头发皮筋卖头饰,,,普通订单,2.98,0,0,3,0,0,0,0,0,0,0,0,-0.3,0,0,0,0,0,0,,0,义乌市於郝电子商务商行（个体工商户）,订单结算
2026-04-22 07:11:11,'2026042207110639474673020793,入账,2.83,聚合账户,货款结算入账,小店自卖,'6952001103586137809,'6952001103586137809,'SS76302879124050785340217,2026-04-11 18:11:35,'3809014413466402928,大肠圈蝴蝶头花带新款波点飘带大肠发圈高级感扎头发皮筋发饰发绳,,,普通订单,0.01,0,0,2.97,0,0,0,0,0,0,0,0,-0.15,0,0,0,0,0,0,否,0,义乌市於郝电子商务商行（个体工商户）,订单结算
2026-04-22 07:11:11,'2026042207110716288322940793,入账,1.89,聚合账户,货款结算入账,小店自卖,'6951988095870637295,'6951988095870637295,'SS76302623432781378830165,2026-04-11 21:57:56,'3808855327718375885,复古豹纹褶皱中号香蕉夹高级感马尾扭扭夹后脑勺韩系显发量发卡,,,普通订单,1.99,0,0,0,0,0,0,0,0,0,0,0,-0.1,0,0,0,0,0,0,否,0,义乌市於郝电子商务商行（个体工商户）,订单结算
2026-04-22 07:11:11,'2026042207110717244818430793,入账,4.32,聚合账户,货款结算入账,小店自卖,'6952039127949055819,'6952039127949055819,'SS76303827469843341220090,2026-04-13 10:56:36,'3811294538555850878,韩系复古大肠蕾丝发圈波点新款高级四层头发丸子马尾高级头绳发饰,,,普通订单,1.09,0,0,3.46,0,0,0,0,0,0,0,0,-0.23,0,0,0,0,0,0,,0,义乌市於郝电子商务商行（个体工商户）,订单结算
2026-04-22 07:11:11,'2026042207110817879536730793,入账,1.89,聚合账户,货款结算入账,小店自卖,'6925526657482980428,'6925526657482980428,'SS76303702302348457050152,2026-04-12 11:04:30,'3808855327718375885,复古豹纹褶皱中号香蕉夹高级感马尾扭扭夹后脑勺韩系显发量发卡,,,普通订单,1.99,0,0,0,0,0,0,0,0,0,0,0,-0.1,0,0,0,0,0,0,否,0,义乌市於郝电子商务商行（个体工商户）,订单结算
2026-04-22 07:11:11,'2026042207110639772823140793,入账,0.96,聚合账户,货款结算入账,小店自卖,'6925535516113665979,'6925535516113665979,'SS76304115180357432720105,2026-04-12 11:53:26,'3808518913650721160,新款高级牡丹花流苏抓夹毛毛发夹后脑勺显发量大号鲨鱼头饰发夹,,,普通订单,0.9,0,0,0.11,0,0,0,0,0,0,0,0,-0.05,0,0,0,0,0,0,否,0,义乌市於郝电子商务商行（个体工商户）,订单结算
2026-04-22 07:11:11,'2026042207110729366072410793,入账,3.14,聚合账户,货款结算入账,小店自卖,'6925529632737754341,'6925529632737754341,'SS76302652322001065380195,2026-04-11 17:12:17,'3808522822146457689,夏天简约随手盘发一字夹扭扭夹水钻抓夹高级发夹扭扭后脑勺盘发器,,,普通订单,3.31,0,0,0,0,0,0,0,0,0,0,0,-0.17,0,0,0,0,0,0,否,0,义乌市於郝电子商务商行（个体工商户）,订单结算
2026-04-22 07:11:11,'2026042207110731974530660793,入账,1.89,聚合账户,货款结算入账,巨量千川,'6951981285033776409,'6951981285033776409,'SS76302623376484603220169,2026-04-11 21:54:09,'3808855327718375885,复古豹纹褶皱中号香蕉夹高级感马尾扭扭夹后脑勺韩系显发量发卡,,,普通订单,1.99,0,0,0,0,0,0,0,0,0,0,0,-0.1,0,0,0,0,0,0,否,0,义乌市於郝电子商务商行（个体工商户）,订单结算
2026-04-22 07:11:11,'2026042207110828397734860793,入账,5.68,聚合账户,货款结算入账,小店自卖,'6925637449351200665,'6925637449351200665,'SS76303485753350725630121,2026-04-16 16:34:54,'3811282248515322341,可爱小黄鸡小猪发圈学生风萌系扎发神器黑色发绳扎头发皮筋卖头饰,,,普通订单,5.98,0,0,0,0,0,0,0,0,0,0,0,-0.3,0,0,0,0,0,0,否,0,义乌市於郝电子商务商行（个体工商户）,订单结算
2026-04-22 07:11:11,'2026042207110729757813860793,入账,3.6,聚合账户,货款结算入账,小店自卖,'6952005580579804696,'6952005580579804696,'SS76302633933000543220013,2026-04-11 20:59:40,'3808855327718375885,复古豹纹褶皱中号香蕉夹高级感马尾扭扭夹后脑勺韩系显发量发卡,,,普通订单,3.79,1,0,0,0,0,0,0,0,0,0,0,-0.19,0,0,0,0,0,0,否,0,义乌市於郝电子商务商行（个体工商户）,订单结算
2026-04-22 07:11:11,'2026042207110724712317820793,入账,1.89,聚合账户,货款结算入账,小店自卖,'6925620891690893153,'6925620891690893153,'SS76304109451476180910112,2026-04-16 01:21:02,'3808855327718375885,复古豹纹波点褶皱高马尾香蕉夹小号后脑勺竖夹韩系显发量发夹,,,普通订单,1.99,0,0,0,0,0,0,0,0,0,0,0,-0.1,0,0,0,0,0,0,否,0,义乌市於郝电子商务商行（个体工商户）,订单结算
2026-04-22 07:11:11,'2026042207110730925624420793,入账,5.09,聚合账户,货款结算入账,小店自卖,'6925523470348156800,'6925523470348156800,'SS76303693756863122010197,2026-04-11 23:13:36,'3808863533295337735,蝴蝶结发夹女咖色爱心边夹侧边前额发卡2026新款刘海抓夹高端头饰,,,普通订单,5.36,0,0,0,0,0,0,0,0,0,0,0,-0.27,0,0,0,0,0,0,否,0,义乌市於郝电子商务商行（个体工商户）,订单结算
2026-04-22 07:11:11,'2026042207110831594422270793,入账,3.02,聚合账户,货款结算入账,小店自卖,'6925642489796852954,'6925642489796852954,'SS76303384346551915930236,2026-04-17 00:37:09,'3811282248515322341,可爱小黄鸡小猪发圈学生风萌系扎发神器黑色发绳扎头发皮筋卖头饰,,,普通订单,3.18,0,0,0,0,0,0,0,0,0,0,0,-0.16,0,0,0,0,0,0,否,0,义乌市於郝电子商务商行（个体工商户）,订单结算
2026-04-22 07:11:11,'2026042207110727223820890793,入账,3.78,聚合账户,货款结算入账,小店自卖,'6952021277361575338,'6952021277361575338,'SS76302931334086538590121,2026-04-12 23:47:22,'3811648424567242780,法式碎花早春蝴蝶结高马尾香蕉夹丸子头盘发气质蓬松显发量发饰,,,普通订单,3.98,0,0,0,0,0,0,0,0,0,0,0,-0.2,0,0,0,0,0,0,否,0,义乌市於郝电子商务商行（个体工商户）,订单结算
2026-04-22 07:11:11,'2026042207110436002700800793,入账,3.89,聚合账户,货款结算入账,小店自卖,'6952005720164013728,'6952005720164013728,'SS76302636017852749310195,2026-04-11 22:03:15,'3808855327718375885,复古豹纹褶皱中号香蕉夹高级感马尾扭扭夹后脑勺韩系显发量发卡,,,普通订单,4.09,0,0,0,0,0,0,0,0,0,0,0,-0.2,0,0,0,0,0,0,否,0,义乌市於郝电子商务商行（个体工商户）,订单结算
2026-04-22 07:11:11,'2026042207110827478269820793,入账,1.89,聚合账户,货款结算入账,小店自卖,'6952030228463752472,'6952030228463752472,'SS76302928665103076270104,2026-04-13 10:21:11,'3808855327718375885,复古豹纹褶皱中号香蕉夹高级感马尾扭扭夹后脑勺韩系显发量发卡,,,普通订单,0.99,0,0,1,0,0,0,0,0,0,0,0,-0.1,0,0,0,0,0,0,,0,义乌市於郝电子商务商行（个体工商户）,订单结算
2026-04-22 07:11:11,'2026042207110614289679870793,入账,1.89,聚合账户,货款结算入账,小店自卖,'6952081472972396274,'6952081472972396274,'SS76303710339542065100145,2026-04-14 21:27:22,'3808855327718375885,复古豹纹褶皱中号香蕉夹高级感马尾扭扭夹后脑勺韩系显发量发卡,,,普通订单,0.01,0,0,1.98,0,0,0,0,0,0,0,0,-0.1,0,0,0,0,0,0,否,0,义乌市於郝电子商务商行（个体工商户）,订单结算
2026-04-22 07:11:11,'2026042207110829866237700793,入账,1.89,聚合账户,货款结算入账,小店自卖,'6925530672907517200,'6925530672907517200,'SS76302640705998528100151,2026-04-12 00:44:41,'3808855327718375885,复古豹纹褶皱中号香蕉夹高级感马尾扭扭夹后脑勺韩系显发量发卡,,,普通订单,1.99,0,0,0,0,0,0,0,0,0,0,0,-0.1,0,0,0,0,0,0,否,0,义乌市於郝电子商务商行（个体工商户）,订单结算
2026-04-22 07:11:11,'2026042207110708398441050793,入账,3.89,聚合账户,货款结算入账,巨量千川,'6952000045178754820,'6952000045178754820,'SS76303709646975636570015,2026-04-12 14:40:50,'3808855327718375885,复古豹纹褶皱中号香蕉夹高级感马尾扭扭夹后脑勺韩系显发量发卡,,,普通订单,4.09,0,0,0,0,0,0,0,0,0,0,0,-0.2,0,0,0,0,0,0,否,0,义乌市於郝电子商务商行（个体工商户）,订单结算
2026-04-22 07:11:11,'2026042207110639474509180793,入账,4.26,聚合账户,货款结算入账,小店自卖,'6925532528165223887,'6925532528165223887,'SS76302880660448424960222,2026-04-12 07:08:51,'3811116864172589149,森系干枯山茶花朵7cm小抓夹百搭气质发夹女后脑勺超仙鲨鱼夹发饰,,,普通订单,4.48,0,0,0,0,0,0,0,0,0,0,0,-0.22,0,0,0,0,0,0,否,0,义乌市於郝电子商务商行（个体工商户）,订单结算
2026-04-22 07:11:11,'2026042207110707453089780793,入账,2.72,聚合账户,货款结算入账,小店自卖,'6925410588242246698,'6925410588242246698,'SS76303888461818596260195,2026-04-07 15:12:25,'3808518913650721160,新款高级牡丹花流苏抓夹毛毛发夹后脑勺显发量大号鲨鱼头饰发夹,,,普通订单,2.86,0,0,0,0,0,0,0,0,0,0,0,-0.14,0,0,0,0,0,0,否,0,义乌市於郝电子商务商行（个体工商户）,订单结算
2026-04-22 07:11:11,'2026042207110713691128840793,入账,2.71,聚合账户,货款结算入账,小店自卖,'6952008904473909126,'6952008904473909126,'SS76303745251923236340060,2026-04-12 13:27:13,'3809214874429555055,【LOVEIXCC】新款法式网红发箍发卡宽边复古秋冬头饰百搭高级盘发器,,,普通订单,2.85,0,0,0,0,0,0,0,0,0,0,0,-0.14,0,0,0,0,0,0,否,0,义乌市於郝电子商务商行（个体工商户）,订单结算
2026-04-22 07:11:11,'2026042207110714899000700793,入账,2.77,聚合账户,货款结算入账,小店自卖,'6925523302627442494,'6925523302627442494,'SS76302661893069048580003,2026-04-11 21:56:34,'3808518913650721160,新款高级牡丹花流苏抓夹毛毛发夹后脑勺显发量大号鲨鱼头饰发夹,,,普通订单,2.92,0,0,0,0,0,0,0,0,0,0,0,-0.15,0,0,0,0,0,0,,0,义乌市於郝电子商务商行（个体工商户）,订单结算
2026-04-22 07:11:11,'2026042207110722529520740793,入账,2.72,聚合账户,货款结算入账,小店自卖,'6925534651441380966,'6925534651441380966,'SS76302660029162296730024,2026-04-12 01:17:05,'3808515754769383695,2026新款高级牡丹花流苏抓夹毛毛发夹后脑勺显发量大号鲨鱼夹头饰,,,普通订单,2.86,0,0,0,0,0,0,0,0,0,0,0,-0.14,0,0,0,0,0,0,否,0,义乌市於郝电子商务商行（个体工商户）,订单结算
2026-04-22 07:11:11,'2026042207110635784995930793,入账,2.91,聚合账户,货款结算入账,小店自卖,'6925521869854113123,'6925521869854113123,'SS76303564863759857020059,2026-04-12 07:45:31,'3808515754769383695,2026新款高级牡丹花流苏抓夹毛毛发夹后脑勺显发量大号鲨鱼夹头饰,,,普通订单,3.06,0,0,0,0,0,0,0,0,0,0,0,-0.15,0,0,0,0,0,0,否,0,义乌市於郝电子商务商行（个体工商户）,订单结算
2026-04-22 07:11:11,'2026042207110741445463470793,入账,1.89,聚合账户,货款结算入账,小店自卖,'6952008951946286361,'6952008951946286361,'SS76303704382000051630044,2026-04-12 13:46:32,'3808855327718375885,复古豹纹褶皱中号香蕉夹高级感马尾扭扭夹后脑勺韩系显发量发卡,,,普通订单,0.01,0,0,1.98,0,0,0,0,0,0,0,0,-0.1,0,0,0,0,0,0,否,0,义乌市於郝电子商务商行（个体工商户）,订单结算
2026-04-22 07:11:11,'2026042207110535541816780793,入账,2.72,聚合账户,货款结算入账,小店自卖,'6925391522261139151,'6925391522261139151,'SS76302967614422922780100,2026-04-06 15:02:47,'3808518913650721160,新款高级牡丹花流苏抓夹毛毛发夹后脑勺显发量大号鲨鱼头饰发夹,,,普通订单,0.01,0,0,2.85,0,0,0,0,0,0,0,0,-0.14,0,0,0,0,0,0,,0,义乌市於郝电子商务商行（个体工商户）,订单结算
2026-04-22 07:11:11,'2026042207110638633682320793,入账,1.89,聚合账户,货款结算入账,小店自卖,'6952015672517006930,'6952015672517006930,'SS76303711839804628630117,2026-04-12 15:03:52,'3808855327718375885,复古豹纹褶皱中号香蕉夹高级感马尾扭扭夹后脑勺韩系显发量发卡,,,普通订单,1.99,0,0,0,0,0,0,0,0,0,0,0,-0.1,0,0,0,0,0,0,否,0,义乌市於郝电子商务商行（个体工商户）,订单结算
2026-04-22 07:11:11,'2026042207110731544609710793,入账,7.83,聚合账户,货款结算入账,小店自卖,'6951989800248612723,'6951989800248612723,'SS76303974099987177230023,2026-04-11 17:54:57,'3809608072410824827,气质抓夹大号发量多2026新款简约发夹女后脑勺鲨鱼夹高级感头饰,,,普通订单,8.24,0,0,0,0,0,0,0,0,0,0,0,-0.41,0,0,0,0,0,0,否,0,义乌市於郝电子商务商行（个体工商户）,订单结算
2026-04-22 07:11:11,'2026042207110740393979260793,入账,2.77,聚合账户,货款结算入账,小店自卖,'6951990114048349500,'6951990114048349500,'SS76302661878054262160244,2026-04-11 21:06:43,'3808515754769383695,2026新款高级牡丹花流苏抓夹毛毛发夹后脑勺显发量大号鲨鱼夹头饰,,,普通订单,2.92,0,0,0,0,0,0,0,0,0,0,0,-0.15,0,0,0,0,0,0,,0,义乌市於郝电子商务商行（个体工商户）,订单结算
2026-04-22 07:11:11,'2026042207110915609206020793,入账,5.29,聚合账户,货款结算入账,小店自卖,'6925530281057681023,'6925530281057681023,'SS76303121893384074750222,2026-04-11 21:55:59,'3808522822146457689,夏天简约随手盘发一字夹扭扭夹水钻抓夹高级发夹扭扭后脑勺盘发器,,,普通订单,5.57,0,0,0,0,0,0,0,0,0,0,0,-0.28,0,0,0,0,0,0,否,0,义乌市於郝电子商务商行（个体工商户）,订单结算
2026-04-22 07:11:12,'2026042207110818047841540793,入账,5.98,聚合账户,货款结算入账,小店自卖,'6952136044454286632,'6952136044454286632,'SS76303977675684910140161,2026-04-17 03:12:18,'3809586825216000110,春夏撞色甜美蝴蝶结发夹女后脑勺抓夹2026新款气质大号盘发鸭嘴夹,,,普通订单,6.29,0,0,0,0,0,0,0,0,0,0,0,-0.31,0,0,0,0,0,0,否,0,义乌市於郝电子商务商行（个体工商户）,订单结算
2026-04-22 07:11:12,'2026042207110921141960140793,入账,2.77,聚合账户,货款结算入账,小店自卖,'6925509947809037570,'6925509947809037570,'SS76302661648910423500217,2026-04-11 16:37:18,'3808518913650721160,新款高级牡丹花流苏抓夹毛毛发夹后脑勺显发量大号鲨鱼头饰发夹,,,普通订单,2.92,0,0,0,0,0,0,0,0,0,0,0,-0.15,0,0,0,0,0,0,,0,义乌市於郝电子商务商行（个体工商户）,订单结算
2026-04-22 07:11:12,'2026042207110805382477300793,入账,1.89,聚合账户,货款结算入账,小店自卖,'6925520596746796198,'6925520596746796198,'SS76302619114062976380217,2026-04-11 17:04:54,'3808855327718375885,复古豹纹褶皱中号香蕉夹高级感马尾扭扭夹后脑勺韩系显发量发卡,,,普通订单,1.99,0,0,0,0,0,0,0,0,0,0,0,-0.1,0,0,0,0,0,0,否,0,义乌市於郝电子商务商行（个体工商户）,订单结算
2026-04-22 07:11:12,'2026042207110933194522060793,入账,4.22,聚合账户,货款结算入账,巨量千川,'6952112183742371243,'6952112183742371243,'SS76304324310484259990197,2026-04-15 22:16:36,'3811116864172589149,森系干枯山茶花朵7cm小抓夹百搭气质发夹女后脑勺超仙鲨鱼夹发饰,,,普通订单,4.44,0,0,0,0,0,0,0,0,0,0,0,-0.22,0,0,0,0,0,0,否,0,义乌市於郝电子商务商行（个体工商户）,订单结算
2026-04-22 07:11:12,'2026042207110834401981950793,入账,3.89,聚合账户,货款结算入账,小店自卖,'6952008857134765903,'6952008857134765903,'SS76303709307616632720224,2026-04-12 13:09:59,'3808855327718375885,复古豹纹褶皱中号香蕉夹高级感马尾扭扭夹后脑勺韩系显发量发卡,,,普通订单,4.09,0,0,0,0,0,0,0,0,0,0,0,-0.2,0,0,0,0,0,0,否,0,义乌市於郝电子商务商行（个体工商户）,订单结算
2026-04-22 07:11:12,'2026042207110812363740250793,入账,3.93,聚合账户,货款结算入账,小店自卖,'6952111521866716945,'6952111521866716945,'SS76303818481725937020243,2026-04-16 22:59:49,'3811282248515322341,可爱小黄鸡小猪发圈学生风萌系扎发神器黑色发绳扎头发皮筋卖头饰,,,普通订单,4.14,0,0,0,0,0,0,0,0,0,0,0,-0.21,0,0,0,0,0,0,否,0,义乌市於郝电子商务商行（个体工商户）,订单结算
2026-04-22 07:11:12,'2026042207110920012244860793,入账,5.68,聚合账户,货款结算入账,小店自卖,'6925538063573876079,'6925538063573876079,'SS76303891198732864270082,2026-04-12 15:31:06,'3811282248515322341,可爱小黄鸡小猪发圈学生风萌系扎发神器黑色发绳扎头发皮筋卖头饰,,,普通订单,0.98,0,0,5,0,0,0,0,0,0,0,0,-0.3,0,0,0,0,0,0,否,0,义乌市於郝电子商务商行（个体工商户）,订单结算
2026-04-22 07:11:12,'2026042207110725554951680793,入账,2.83,聚合账户,货款结算入账,小店自卖,'6951999020957111750,'6951999020957111750,'SS76302634053922004740083,2026-04-11 22:32:56,'3812736213081784671,韩系ins风高马尾香蕉夹竖夹女2026新款高级感发夹简约复古发饰,,,普通订单,2.98,0,0,0,0,0,0,0,0,0,0,0,-0.15,0,0,0,0,0,0,否,0,义乌市於郝电子商务商行（个体工商户）,订单结算
2026-04-22 07:11:12,'2026042207110827437146100793,入账,3.47,聚合账户,货款结算入账,小店自卖,'6925521338679983540,'6925521338679983540,'SS76302888028209979300076,2026-04-11 22:42:33,'3812036743214006439,新中式铃兰花发夹2026新款仿真花朵发卡侧边夹度假拍照氛围感头饰,,,普通订单,3.65,0,0,0,0,0,0,0,0,0,0,0,-0.18,0,0,0,0,0,0,,0,义乌市於郝电子商务商行（个体工商户）,订单结算
2026-04-22 07:11:12,'2026042207110821352781300793,入账,3.44,聚合账户,货款结算入账,小店自卖,'6925510089883615038,'6925510089883615038,'SS76302677188438264660065,2026-04-11 17:31:20,'3809214874429555055,【LOVEIXCC】新款法式网红发箍发卡宽边复古秋冬头饰百搭高级盘发器,,,普通订单,3.62,0,0,0,0,0,0,0,0,0,0,0,-0.18,0,0,0,0,0,0,否,0,义乌市於郝电子商务商行（个体工商户）,订单结算
2026-04-22 07:11:12,'2026042207110830798154640793,入账,2.72,聚合账户,货款结算入账,小店自卖,'6951997130596029927,'6951997130596029927,'SS76302660314240169310019,2026-04-12 07:04:29,'3808518913650721160,新款高级牡丹花流苏抓夹毛毛发夹后脑勺显发量大号鲨鱼头饰发夹,,,普通订单,2.86,0,0,0,0,0,0,0,0,0,0,0,-0.14,0,0,0,0,0,0,否,0,义乌市於郝电子商务商行（个体工商户）,订单结算
2026-04-22 07:11:12,'2026042207110739366865920793,入账,7.41,聚合账户,货款结算入账,小店自卖,'6951996442140873827,'6951996442140873827,'SS76302668105499773980049,2026-04-11 19:36:31,'3812210500259938495,可爱蝴蝶结小猫无痕刘海贴魔术贴发饰少女前额侧边碎发贴整理神器,,,普通订单,7.8,0,0,0,0,0,0,0,0,0,0,0,-0.39,0,0,0,0,0,0,否,0,义乌市於郝电子商务商行（个体工商户）,订单结算
2026-04-22 07:11:12,'2026042207110820098260740793,入账,7.11,聚合账户,货款结算入账,小店自卖,'6925643747419520450,'6925643747419520450,'SS76301926783404774860117,2026-04-16 16:54:03,'3813294528547389829,气质懒人盘发器发夹女2026新款夹子后脑勺头花盘发扭扭夹夹子头饰,,,普通订单,7.48,0,0,0,0,0,0,0,0,0,0,0,-0.37,0,0,0,0,0,0,否,0,义乌市於郝电子商务商行（个体工商户）,订单结算
2026-04-22 07:11:12,'2026042207110824720348430793,入账,4.94,聚合账户,货款结算入账,小店自卖,'6925519025962647260,'6925519025962647260,'SS76302880111979279760160,2026-04-11 22:44:24,'3811282248515322341,可爱小黄鸡小猪发圈学生风萌系扎发神器黑色发绳扎头发皮筋卖头饰,,,普通订单,5.2,0,0,0,0,0,0,0,0,0,0,0,-0.26,0,0,0,0,0,0,否,0,义乌市於郝电子商务商行（个体工商户）,订单结算
2026-04-22 07:11:12,'2026042207110925596114010793,入账,3.38,聚合账户,货款结算入账,小店自卖,'6952130777676650273,'6952130777676650273,'SS76304103240194503830003,2026-04-16 16:12:58,'3808826072573804729,迷你小号无痕鸭嘴夹抓夹小夹子精致蝴蝶结碎发夹刘海夹高级感发卡,,,普通订单,3.56,0,0,0,0,0,0,0,0,0,0,0,-0.18,0,0,0,0,0,0,否,0,义乌市於郝电子商务商行（个体工商户）,订单结算
2026-04-22 07:11:12,'2026042207110906724982260793,入账,2.65,聚合账户,货款结算入账,小店自卖,'6925500600533941490,'6925500600533941490,'SS76303254522782190590105,2026-04-11 10:01:30,'3808855327718375885,复古豹纹褶皱中号香蕉夹高级感马尾扭扭夹后脑勺韩系显发量发卡,,,普通订单,2.79,0,0,0,0,0,0,0,0,0,0,0,-0.14,0,0,0,0,0,0,否,0,义乌市於郝电子商务商行（个体工商户）,订单结算
2026-04-22 07:11:12,'2026042207110805731497220793,入账,4.44,聚合账户,货款结算入账,小店自卖,'6951993178613814328,'6951993178613814328,'SS76303237589139955740137,2026-04-12 12:02:52,'3808522822146457689,夏天简约随手盘发一字夹扭扭夹水钻抓夹高级发夹扭扭后脑勺盘发器,,,普通订单,4.67,0,0,0,0,0,0,0,0,0,0,0,-0.23,0,0,0,0,0,0,否,0,义乌市於郝电子商务商行（个体工商户）,订单结算
2026-04-22 07:11:12,'2026042207110805088097790793,入账,0.94,聚合账户,货款结算入账,小店自卖,'6925536141560282453,'6925536141560282453,'SS76302674064791680460090,2026-04-12 15:50:03,'3812210500259938495,可爱蝴蝶结小猫无痕刘海贴魔术贴发饰少女前额侧边碎发贴整理神器,,,普通订单,0.99,0,0,0,0,0,0,0,0,0,0,0,-0.05,0,0,0,0,0,0,,0,义乌市於郝电子商务商行（个体工商户）,订单结算
2026-04-22 07:11:12,'2026042207110940728663420793,入账,4.14,聚合账户,货款结算入账,小店自卖,'6951997792147937153,'6951997792147937153,'SS76303741387627074830070,2026-04-12 14:30:18,'3808855327718375885,复古豹纹褶皱中号香蕉夹高级感马尾扭扭夹后脑勺韩系显发量发卡,,,普通订单,4.36,1,0,0,0,0,0,0,0,0,0,0,-0.22,0,0,0,0,0,0,否,0,义乌市於郝电子商务商行（个体工商户）,订单结算
2026-04-22 07:11:12,'2026042207110913639688180793,入账,3.89,聚合账户,货款结算入账,小店自卖,'6925516461947190691,'6925516461947190691,'SS76302635033167142400249,2026-04-11 18:42:31,'3808855327718375885,复古豹纹褶皱中号香蕉夹高级感马尾扭扭夹后脑勺韩系显发量发卡,,,普通订单,4.09,0,0,0,0,0,0,0,0,0,0,0,-0.2,0,0,0,0,0,0,否,0,义乌市於郝电子商务商行（个体工商户）,订单结算
2026-04-22 07:11:12,'2026042207110924076946330793,入账,1.89,聚合账户,货款结算入账,小店自卖,'6951988338904208402,'6951988338904208402,'SS76302626582747056900081,2026-04-12 00:07:43,'3808855327718375885,复古豹纹褶皱中号香蕉夹高级感马尾扭扭夹后脑勺韩系显发量发卡,,,普通订单,1.99,0,0,0,0,0,0,0,0,0,0,0,-0.1,0,0,0,0,0,0,否,0,义乌市於郝电子商务商行（个体工商户）,订单结算
2026-04-22 07:11:13,'2026042207110836419671390793,入账,2.86,聚合账户,货款结算入账,小店自卖,'6952003805271955117,'6952003805271955117,'SS76302680604457377620086,2026-04-12 00:25:50,'3809438133272051839,韩版新款格纹蝴蝶结香蕉夹复古少女中号马尾夹百搭扭扭发卡抓夹,,,普通订单,3.01,0,0,0,0,0,0,0,0,0,0,0,-0.15,0,0,0,0,0,0,否,0,义乌市於郝电子商务商行（个体工商户）,订单结算
2026-04-22 07:11:13,'2026042207110912174300540793,入账,1.89,聚合账户,货款结算入账,小店自卖,'6925543886623505942,'6925543886623505942,'SS76304130939583531610134,2026-04-12 14:06:57,'3812736213081784671,韩系ins风高马尾香蕉夹竖夹女2026新款高级感发夹简约复古发饰,,,普通订单,0.01,0,0,1.98,0,0,0,0,0,0,0,0,-0.1,0,0,0,0,0,0,否,0,义乌市於郝电子商务商行（个体工商户）,订单结算
2026-04-22 07:11:13,'2026042207110839477911040793,入账,3.19,聚合账户,货款结算入账,小店自卖,'6951997035874949090,'6951997035874949090,'SS76302634186295713740174,2026-04-12 02:31:25,'3808855327718375885,复古豹纹褶皱中号香蕉夹高级感马尾扭扭夹后脑勺韩系显发量发卡,,,普通订单,3.36,0,0,0,0,0,0,0,0,0,0,0,-0.17,0,0,0,0,0,0,否,0,义乌市於郝电子商务商行（个体工商户）,订单结算
2026-04-22 07:11:13,'2026042207110704164490660793,入账,9.4,聚合账户,货款结算入账,小店自卖,'6952012582192747795,'6952012582192747795,'SS76302880126472691350223,2026-04-11 23:24:10,'3809602909876912378,2026韩系格子方巾大肠发圈高级慵懒风发绳扎方形头发头绳大号发饰,,,普通订单,9.89,0,0,0,0,0,0,0,0,0,0,0,-0.49,0,0,0,0,0,0,否,0,义乌市於郝电子商务商行（个体工商户）,订单结算
2026-04-22 07:11:13,'2026042207110825197778180793,入账,3.44,聚合账户,货款结算入账,小店自卖,'6925527545579732044,'6925527545579732044,'SS76302634230940966590026,2026-04-11 19:36:20,'3812736213081784671,韩系ins风高马尾香蕉夹竖夹女2026新款高级感发夹简约复古发饰,,,普通订单,3.62,0,0,0,0,0,0,0,0,0,0,0,-0.18,0,0,0,0,0,0,否,0,义乌市於郝电子商务商行（个体工商户）,订单结算
2026-04-22 07:11:13,'2026042207110902866550190793,入账,3.7,聚合账户,货款结算入账,小店自卖,'6952004208885961947,'6952004208885961947,'SS76304004798806264470091,2026-04-12 10:00:25,'3812228552150090051,早春新款花朵发梳女高级感碎发整理插梳氛围感发饰超仙甜美头饰,,,普通订单,3.89,0,0,0,0,0,0,0,0,0,0,0,-0.19,0,0,0,0,0,0,否,0,义乌市於郝电子商务商行（个体工商户）,订单结算
2026-04-22 07:11:13,'2026042207110937172349900793,入账,4.62,聚合账户,货款结算入账,巨量千川,'6925526485086403630,'6925526485086403630,'SS76303732411393643930020,2026-04-12 09:33:12,'3808518913650721160,新款高级牡丹花流苏抓夹毛毛发夹后脑勺显发量大号鲨鱼头饰发夹,,,普通订单,4.86,0,0,0,0,0,0,0,0,0,0,0,-0.24,0,0,0,0,0,0,否,0,义乌市於郝电子商务商行（个体工商户）,订单结算
2026-04-22 07:11:13,'2026042207110938404429060793,入账,2.51,聚合账户,货款结算入账,小店自卖,'6925613626999995940,'6925613626999995940,'SS76303107694327772310137,2026-04-15 16:57:57,'3811282248515322341,可爱小黄鸡小猪发圈学生风萌系扎发神器黑色发绳扎头发皮筋卖头饰,,,普通订单,2.64,0,0,0,0,0,0,0,0,0,0,0,-0.13,0,0,0,0,0,0,否,0,义乌市於郝电子商务商行（个体工商户）,订单结算
2026-04-22 07:11:13,'2026042207110926978393860793,入账,3.42,聚合账户,货款结算入账,小店自卖,'6925581104575905173,'6925581104575774101,'SS76301347322571164580174,2026-04-14 11:34:58,'3812574198275113159,雾中鸢尾~韩系气质麻花带齿发箍女款高级感洋气时尚洗脸头箍盘发,,,普通订单,3.6,0,0,0,0,0,0,0,0,0,0,0,-0.18,0,0,0,0,0,0,否,0,义乌市於郝电子商务商行（个体工商户）,订单结算
2026-04-22 07:11:13,'2026042207111030495216830793,入账,1.89,聚合账户,货款结算入账,巨量千川,'6952020263434589219,'6952020263434589219,'SS76304101737061299580197,2026-04-12 14:22:35,'3808855327718375885,复古豹纹褶皱中号香蕉夹高级感马尾扭扭夹后脑勺韩系显发量发卡,,,普通订单,0.01,0,0,1.98,0,0,0,0,0,0,0,0,-0.1,0,0,0,0,0,0,否,0,义乌市於郝电子商务商行（个体工商户）,订单结算
2026-04-22 07:11:13,'2026042207110916696282140793,入账,3.69,聚合账户,货款结算入账,小店自卖,'6952115547929580797,'6952115547929253117,'SS76304642600066585960108,2026-04-16 17:35:51,'3814403008167543125,新款ins韩系大肠发圈碎花森系甜美扎丸子头发绳小清新扎马尾头绳,,,普通订单,3.88,0,0,0,0,0,0,0,0,0,0,0,-0.19,0,0,0,0,0,0,否,0,义乌市於郝电子商务商行（个体工商户）,订单结算
2026-04-22 07:11:13,'2026042207110915567096680793,入账,2.91,聚合账户,货款结算入账,小店自卖,'6951998876244448898,'6951998876244448898,'SS76302658647730424590211,2026-04-11 21:32:20,'3808518913650721160,新款高级牡丹花流苏抓夹毛毛发夹后脑勺显发量大号鲨鱼头饰发夹,,,普通订单,3.06,0,0,0,0,0,0,0,0,0,0,0,-0.15,0,0,0,0,0,0,否,0,义乌市於郝电子商务商行（个体工商户）,订单结算
2026-04-22 07:11:13,'2026042207110820472302600793,入账,3.44,聚合账户,货款结算入账,小店自卖,'6952001810764862828,'6952001810764862828,'SS76302679740984243350124,2026-04-12 02:17:43,'3809214874429555055,【LOVEIXCC】新款法式网红发箍发卡宽边复古秋冬头饰百搭高级盘发器,,,普通订单,3.62,0,0,0,0,0,0,0,0,0,0,0,-0.18,0,0,0,0,0,0,否,0,义乌市於郝电子商务商行（个体工商户）,订单结算
2026-04-22 07:11:13,'2026042207110814011272020793,入账,3.69,聚合账户,货款结算入账,小店自卖,'6951991207724717391,'6951991207724717391,'SS76303694410054907510229,2026-04-12 13:38:46,'3809273979772993843,新中式咖色碎花四层大肠发圈女慵懒风扎头发大号复古发饰头绳,,,普通订单,1.88,0,0,2,0,0,0,0,0,0,0,0,-0.19,0,0,0,0,0,0,否,0,义乌市於郝电子商务商行（个体工商户）,订单结算
2026-04-22 07:11:13,'2026042207110915574305640793,入账,3.29,聚合账户,货款结算入账,小店自卖,'6951986053473768539,'6951986053473768539,'SS76302636097901737340225,2026-04-11 22:02:15,'3808855327718375885,复古豹纹褶皱中号香蕉夹高级感马尾扭扭夹后脑勺韩系显发量发卡,,,普通订单,3.46,0,0,0,0,0,0,0,0,0,0,0,-0.17,0,0,0,0,0,0,否,0,义乌市於郝电子商务商行（个体工商户）,订单结算
2026-04-22 07:11:13,'2026042207110902810350420793,入账,1.88,聚合账户,货款结算入账,小店自卖,'6952043228296386140,'6952043228296386140,'SS76301317333135365180185,2026-04-13 01:06:03,'3812210500259938495,可爱蝴蝶结小猫无痕刘海贴魔术贴发饰少女前额侧边碎发贴整理神器,,,普通订单,1.98,0,0,0,0,0,0,0,0,0,0,0,-0.1,0,0,0,0,0,0,,0,义乌市於郝电子商务商行（个体工商户）,订单结算
2026-04-22 07:11:13,'2026042207110939014408140793,入账,4.77,聚合账户,货款结算入账,小店自卖,'6925620540195372274,'6925620540195372274,'SS76303529471930373620191,2026-04-15 22:29:22,'3808826072573804729,迷你小号无痕鸭嘴夹抓夹小夹子精致蝴蝶结碎发夹刘海夹高级感发卡,,,普通订单,5.02,0,0,0,0,0,0,0,0,0,0,0,-0.25,0,0,0,0,0,0,否,0,义乌市於郝电子商务商行（个体工商户）,订单结算
2026-04-22 07:11:13,'2026042207110840692616080793,入账,3.79,聚合账户,货款结算入账,小店自卖,'6952040060256851368,'6952040060256851368,'SS76304117797005399450117,2026-04-13 20:25:06,'3808509441058406492,新款扭扭麻花发箍女简约高颅顶带齿防滑洗脸头箍发卡高级感民族风,,,普通订单,3.99,0,0,0,0,0,0,0,0,0,0,0,-0.2,0,0,0,0,0,0,否,0,义乌市於郝电子商务商行（个体工商户）,订单结算
2026-04-22 07:11:13,'2026042207110940399997900793,入账,5.68,聚合账户,货款结算入账,小店自卖,'6925530249957375160,'6925530249957375160,'SS76303890137069000040173,2026-04-11 21:53:05,'3811282248515322341,可爱小黄鸡小猪发圈学生风萌系扎发神器黑色发绳扎头发皮筋卖头饰,,,普通订单,5.98,0,0,0,0,0,0,0,0,0,0,0,-0.3,0,0,0,0,0,0,否,0,义乌市於郝电子商务商行（个体工商户）,订单结算
2026-04-22 07:11:13,'2026042207110822030917380793,入账,2.26,聚合账户,货款结算入账,小店自卖,'6925524295501053643,'6925524295501053643,'SS76303263451988467600046,2026-04-12 10:57:39,'3811282248515322341,可爱小黄鸡小猪发圈学生风萌系扎发神器黑色发绳扎头发皮筋卖头饰,,,普通订单,2.38,0,0,0,0,0,0,0,0,0,0,0,-0.12,0,0,0,0,0,0,否,0,义乌市於郝电子商务商行（个体工商户）,订单结算
2026-04-22 07:11:13,'2026042207110819340828680793,入账,3.89,聚合账户,货款结算入账,小店自卖,'6952089766918755711,'6952089766918755711,'SS76304042164058035470056,2026-04-15 15:46:14,'3814069424483336394,手作蕾丝爱心樱桃白色镂空方巾大肠发圈甜美少女心扎马尾头绳刺绣,,,普通订单,4.1,0,0,0,0,0,0,0,0,0,0,0,-0.21,0,0,0,0,0,0,否,0,义乌市於郝电子商务商行（个体工商户）,订单结算
2026-04-22 07:11:13,'2026042207110940991957020793,入账,5.68,聚合账户,货款结算入账,小店自卖,'6951979252023760689,'6951979252023760689,'SS76303889741246961150211,2026-04-11 18:55:25,'3811282248515322341,可爱小黄鸡小猪发圈学生风萌系扎发神器黑色发绳扎头发皮筋卖头饰,,,普通订单,5.98,0,0,0,0,0,0,0,0,0,0,0,-0.3,0,0,0,0,0,0,否,0,义乌市於郝电子商务商行（个体工商户）,订单结算
2026-04-22 07:11:13,'2026042207111039638021580793,入账,2.14,聚合账户,货款结算入账,小店自卖,'6925662917651758367,'6925662917651758367,'SS76304370514813427550238,2026-04-17 17:13:04,'3812210500259938495,可爱蝴蝶结小猫无痕刘海贴魔术贴发饰少女前额侧边碎发贴整理神器,,,普通订单,2.25,0,0,0,0,0,0,0,0,0,0,0,-0.11,0,0,0,0,0,0,否,0,义乌市於郝电子商务商行（个体工商户）,订单结算
2026-04-22 07:11:13,'2026042207110739528205320793,入账,3.23,聚合账户,货款结算入账,小店自卖,'6951986051615757880,'6951986051615757880,'SS76302658903068024580061,2026-04-11 21:41:35,'3808518913650721160,新款高级牡丹花流苏抓夹毛毛发夹后脑勺显发量大号鲨鱼头饰发夹,,,普通订单,3.4,0,0,0,0,0,0,0,0,0,0,0,-0.17,0,0,0,0,0,0,否,0,义乌市於郝电子商务商行（个体工商户）,订单结算
2026-04-22 07:11:13,'2026042207111030119857180793,入账,1.89,聚合账户,货款结算入账,小店自卖,'6952004220309738526,'6952004220309738526,'SS76303115268553940940017,2026-04-12 10:01:04,'3808855327718375885,复古豹纹褶皱中号香蕉夹高级感马尾扭扭夹后脑勺韩系显发量发卡,,,普通订单,0.01,0,0,1.98,0,0,0,0,0,0,0,0,-0.1,0,0,0,0,0,0,,0,义乌市於郝电子商务商行（个体工商户）,订单结算
2026-04-22 07:11:13,'2026042207111003712988620793,入账,2.83,聚合账户,货款结算入账,小店自卖,'6925519789150273092,'6925519789150273092,'SS76303740958033024350010,2026-04-12 09:56:14,'3812736213081784671,韩系ins风高马尾香蕉夹竖夹女2026新款高级感发夹简约复古发饰,,,普通订单,2.98,0,0,0,0,0,0,0,0,0,0,0,-0.15,0,0,0,0,0,0,否,0,义乌市於郝电子商务商行（个体工商户）,订单结算
2026-04-22 07:11:13,'2026042207110902482181120793,入账,2.65,聚合账户,货款结算入账,巨量千川,'6951965270779237531,'6951965270779237531,'SS76302632796726561540150,2026-04-11 15:54:01,'3808855327718375885,复古豹纹褶皱中号香蕉夹高级感马尾扭扭夹后脑勺韩系显发量发卡,,,普通订单,0.01,0,0,2.78,0,0,0,0,0,0,0,0,-0.14,0,0,0,0,0,0,,0,义乌市於郝电子商务商行（个体工商户）,订单结算
2026-04-22 07:11:14,'2026042207111108697288190793,入账,3.32,聚合账户,货款结算入账,小店自卖,'6925537086274239589,'6925537086274239589,'SS76303733580099095440084,2026-04-12 09:10:04,'3808518913650721160,新款高级牡丹花流苏抓夹毛毛发夹后脑勺显发量大号鲨鱼头饰发夹,,,普通订单,3.5,0,0,0,0,0,0,0,0,0,0,0,-0.18,0,0,0,0,0,0,否,0,义乌市於郝电子商务商行（个体工商户）,订单结算
2026-04-22 07:11:14,'2026042207111101723927550793,入账,2.56,聚合账户,货款结算入账,小店自卖,'6925527641719406503,'6925527641719406503,'SS76302632032429675950029,2026-04-11 20:33:29,'3808855327718375885,复古豹纹褶皱中号香蕉夹高级感马尾扭扭夹后脑勺韩系显发量发卡,,,普通订单,2.69,0,0,0,0,0,0,0,0,0,0,0,-0.13,0,0,0,0,0,0,否,0,义乌市於郝电子商务商行（个体工商户）,订单结算
2026-04-22 07:11:14,'2026042207110934952648110793,入账,3.19,聚合账户,货款结算入账,巨量千川,'6951981610447607377,'6951981610447607377,'SS76302640186158942780162,2026-04-12 02:26:09,'3808855327718375885,复古豹纹褶皱中号香蕉夹高级感马尾扭扭夹后脑勺韩系显发量发卡,,,普通订单,0.01,0,0,3.35,0,0,0,0,0,0,0,0,-0.17,0,0,0,0,0,0,否,0,义乌市於郝电子商务商行（个体工商户）,订单结算
2026-04-22 07:11:14,'2026042207111107429655540793,入账,2.91,聚合账户,货款结算入账,小店自卖,'6951980988794017182,'6951980988794017182,'SS76302659423917880830153,2026-04-11 18:40:48,'3808518913650721160,新款高级牡丹花流苏抓夹毛毛发夹后脑勺显发量大号鲨鱼头饰发夹,,,普通订单,2.86,0,0,0.2,0,0,0,0,0,0,0,0,-0.15,0,0,0,0,0,0,否,0,义乌市於郝电子商务商行（个体工商户）,订单结算
2026-04-22 07:11:14,'2026042207111006936660580793,入账,3.15,聚合账户,货款结算入账,巨量千川,'6951990713341450090,'6951990713341450090,'SS76302724413618265750211,2026-04-12 08:30:50,'3808518913650721160,新款高级牡丹花流苏抓夹毛毛发夹后脑勺显发量大号鲨鱼头饰发夹,,,普通订单,3.32,0,0,0,0,0,0,0,0,0,0,0,-0.17,0,0,0,0,0,0,否,0,义乌市於郝电子商务商行（个体工商户）,订单结算
2026-04-22 07:11:14,'2026042207110835037192020793,入账,1.89,聚合账户,货款结算入账,小店自卖,'6951989948066763823,'6951989948066763823,'SS76303545623576622270017,2026-04-11 18:52:07,'3808855327718375885,复古豹纹褶皱中号香蕉夹高级感马尾扭扭夹后脑勺韩系显发量发卡,,,普通订单,1.99,0,0,0,0,0,0,0,0,0,0,0,-0.1,0,0,0,0,0,0,否,0,义乌市於郝电子商务商行（个体工商户）,订单结算
2026-04-22 07:11:14,'2026042207110937920284310793,入账,3.26,聚合账户,货款结算入账,巨量千川,'6951981228636444131,'6951981228636444131,'SS76302661908036859420026,2026-04-11 21:20:33,'3808518913650721160,新款高级牡丹花流苏抓夹毛毛发夹后脑勺显发量大号鲨鱼头饰发夹,,,普通订单,0.43,0,0,3,0,0,0,0,0,0,0,0,-0.17,0,0,0,0,0,0,,0,义乌市於郝电子商务商行（个体工商户）,订单结算
2026-04-22 07:11:14,'2026042207110932638082960793,入账,4.77,聚合账户,货款结算入账,小店自卖,'6952116444657686381,'6952116444657686381,'SS76304722149657154900089,2026-04-15 21:22:40,'3808826072573804729,迷你小号无痕鸭嘴夹抓夹小夹子精致蝴蝶结碎发夹刘海夹高级感发卡,,,普通订单,5.02,0,0,0,0,0,0,0,0,0,0,0,-0.25,0,0,0,0,0,0,否,0,义乌市於郝电子商务商行（个体工商户）,订单结算
2026-04-22 07:11:14,'2026042207111000419760910793,入账,3.55,聚合账户,货款结算入账,小店自卖,'6952010253224384293,'6952010253224384293,'SS76302667933997471080050,2026-04-11 22:00:18,'3809599445994176839,春日超仙韩系碎花蕾丝大肠发圈女甜美感丸子头慵懒风超大发饰头绳,,,普通订单,0.74,0,0,3,0,0,0,0,0,0,0,0,-0.19,0,0,0,0,0,0,,0,义乌市於郝电子商务商行（个体工商户）,订单结算
2026-04-22 07:11:14,'2026042207111017958346670793,入账,2.81,聚合账户,货款结算入账,巨量千川,'6951626093933368498,'6951626093933368498,'SS76302946775019074990120,2026-03-27 22:20:15,'3808855327718375885,复古豹纹褶皱中号香蕉夹高级感马尾扭扭夹后脑勺韩系显发量发卡,,,普通订单,0.01,0,0,2.95,0,0,0,0,0,0,0,0,-0.15,0,0,0,0,0,0,,0,义乌市於郝电子商务商行（个体工商户）,订单结算
2026-04-22 07:11:14,'2026042207110938777697280793,入账,1.89,聚合账户,货款结算入账,小店自卖,'6952001513801586254,'6952001513801586254,'SS76302624479585569910070,2026-04-11 22:36:29,'3808855327718375885,复古豹纹褶皱中号香蕉夹高级感马尾扭扭夹后脑勺韩系显发量发卡,,,普通订单,0.01,0,0,1.98,0,0,0,0,0,0,0,0,-0.1,0,0,0,0,0,0,否,0,义乌市於郝电子商务商行（个体工商户）,订单结算
2026-04-22 07:11:14,'2026042207111040100664700793,入账,1.89,聚合账户,货款结算入账,小店自卖,'6925529392422944041,'6925529392422944041,'SS76303711493018424380249,2026-04-12 13:19:51,'3808855327718375885,复古豹纹褶皱中号香蕉夹高级感马尾扭扭夹后脑勺韩系显发量发卡,,,普通订单,1.99,0,0,0,0,0,0,0,0,0,0,0,-0.1,0,0,0,0,0,0,否,0,义乌市於郝电子商务商行（个体工商户）,订单结算
2026-04-22 07:11:14,'2026042207111024689751420793,入账,2.77,聚合账户,货款结算入账,巨量千川,'6951974573177116558,'6951974573177116558,'SS76302661545395822620035,2026-04-11 18:05:36,'3808518913650721160,新款高级牡丹花流苏抓夹毛毛发夹后脑勺显发量大号鲨鱼头饰发夹,,,普通订单,0.01,0,0,2.91,0,0,0,0,0,0,0,0,-0.15,0,0,0,0,0,0,,0,义乌市於郝电子商务商行（个体工商户）,订单结算
2026-04-22 07:11:14,'2026042207111109126425860793,入账,2.72,聚合账户,货款结算入账,巨量千川,'6952019707287115516,'6952019707287115516,'SS76302724471073677320073,2026-04-12 08:42:00,'3808518913650721160,新款高级牡丹花流苏抓夹毛毛发夹后脑勺显发量大号鲨鱼头饰发夹,,,普通订单,2.86,0,0,0,0,0,0,0,0,0,0,0,-0.14,0,0,0,0,0,0,否,0,义乌市於郝电子商务商行（个体工商户）,订单结算
2026-04-22 07:11:14,'2026042207111023202209470793,入账,4.07,聚合账户,货款结算入账,小店自卖,'6952115547929449725,'6952115547929253117,'SS76304642706014909530069,2026-04-16 17:35:51,'3814069424483336394,手作蕾丝爱心樱桃白色镂空方巾大肠发圈甜美少女心扎马尾头绳刺绣,,,普通订单,4.28,0,0,0,0,0,0,0,0,0,0,0,-0.21,0,0,0,0,0,0,否,0,义乌市於郝电子商务商行（个体工商户）,订单结算
2026-04-22 07:11:14,'2026042207111034148846590793,入账,3.14,聚合账户,货款结算入账,小店自卖,'6925526265630260812,'6925526265630260812,'SS76302653530443942660027,2026-04-12 07:30:40,'3808522822146457689,夏天简约随手盘发一字夹扭扭夹水钻抓夹高级发夹扭扭后脑勺盘发器,,,普通订单,3.31,0,0,0,0,0,0,0,0,0,0,0,-0.17,0,0,0,0,0,0,否,0,义乌市於郝电子商务商行（个体工商户）,订单结算
2026-04-22 07:11:14,'2026042207110919727693180793,入账,5.68,聚合账户,货款结算入账,小店自卖,'6925524484454972680,'6925524484454972680,'SS76303890939397251100215,2026-04-12 12:50:55,'3811282248515322341,可爱小黄鸡小猪发圈学生风萌系扎发神器黑色发绳扎头发皮筋卖头饰,,,普通订单,5.98,0,0,0,0,0,0,0,0,0,0,0,-0.3,0,0,0,0,0,0,否,0,义乌市於郝电子商务商行（个体工商户）,订单结算
2026-04-22 07:11:14,'2026042207111107678571980793,入账,3.15,聚合账户,货款结算入账,小店自卖,'6925535741528670171,'6925535741528670171,'SS76303732152354900980213,2026-04-12 13:23:20,'3808518913650721160,新款高级牡丹花流苏抓夹毛毛发夹后脑勺显发量大号鲨鱼头饰发夹,,,普通订单,3.32,0,0,0,0,0,0,0,0,0,0,0,-0.17,0,0,0,0,0,0,否,0,义乌市於郝电子商务商行（个体工商户）,订单结算
2026-04-22 07:11:14,'2026042207111000592328310793,入账,1.89,聚合账户,货款结算入账,小店自卖,'6952020417722389922,'6952020417722389922,'SS76303939470139110800235,2026-04-12 15:47:56,'3808855327718375885,复古豹纹褶皱中号香蕉夹高级感马尾扭扭夹后脑勺韩系显发量发卡,,,普通订单,0.01,0,0,1.98,0,0,0,0,0,0,0,0,-0.1,0,0,0,0,0,0,否,0,义乌市於郝电子商务商行（个体工商户）,订单结算
2026-04-22 07:11:14,'2026042207111027728611990793,入账,3.7,聚合账户,货款结算入账,小店自卖,'6951972000890623128,'6951972000890623128,'SS76302661326162004580043,2026-04-11 14:17:38,'3808884262871105705,牡丹花羽毛流苏珠珠抓夹时尚新款发夹后脑勺氛围气质优雅鲨鱼百搭,,,普通订单,0.9,0,0,3,0,0,0,0,0,0,0,0,-0.2,0,0,0,0,0,0,,0,义乌市於郝电子商务商行（个体工商户）,订单结算
2026-04-22 07:11:14,'2026042207111130326666750793,入账,2.74,聚合账户,货款结算入账,小店自卖,'6925529151505923386,'6925529151505923386,'SS76303880459251714820038,2026-04-12 11:37:00,'3810363035185447208,虞书欣同款圆形金属发扣高级感侧边发扣边夹头饰小触角刘海发夹,,,普通订单,2.88,0,0,0,0,0,0,0,0,0,0,0,-0.14,0,0,0,0,0,0,否,0,义乌市於郝电子商务商行（个体工商户）,订单结算
2026-04-22 07:11:14,'2026042207111109132487940793,入账,1.89,聚合账户,货款结算入账,小店自卖,'6951995121619637312,'6951995121619637312,'SS76302639669342543460070,2026-04-12 00:28:26,'3808855327718375885,复古豹纹褶皱中号香蕉夹高级感马尾扭扭夹后脑勺韩系显发量发卡,,,普通订单,0.01,0,0,1.98,0,0,0,0,0,0,0,0,-0.1,0,0,0,0,0,0,否,0,义乌市於郝电子商务商行（个体工商户）,订单结算
2026-04-22 07:11:14,'2026042207111040905771620793,入账,4.77,聚合账户,货款结算入账,小店自卖,'6952010806028408673,'6952010806028408673,'SS76302691733881369860130,2026-04-12 08:20:15,'3808826072573804729,迷你小号无痕鸭嘴夹抓夹小夹子精致蝴蝶结碎发夹刘海夹高级感发卡,,,普通订单,5.02,0,0,0,0,0,0,0,0,0,0,0,-0.25,0,0,0,0,0,0,否,0,义乌市於郝电子商务商行（个体工商户）,订单结算
2026-04-22 07:11:14,'2026042207111017958510510793,入账,2.77,聚合账户,货款结算入账,小店自卖,'6951986273549686697,'6951986273549686697,'SS76302663019197896140146,2026-04-11 23:42:31,'3808515754769383695,2026新款高级牡丹花流苏抓夹毛毛发夹后脑勺显发量大号鲨鱼夹头饰,,,普通订单,0.01,0,0,2.91,0,0,0,0,0,0,0,0,-0.15,0,0,0,0,0,0,,0,义乌市於郝电子商务商行（个体工商户）,订单结算
2026-04-22 07:11:14,'2026042207111005845327740793,入账,4.77,聚合账户,货款结算入账,小店自卖,'6951992529045951695,'6951992529045951695,'SS76302691671327217140077,2026-04-11 23:22:58,'3808826072573804729,迷你小号无痕鸭嘴夹抓夹小夹子精致蝴蝶结碎发夹刘海夹高级感发卡,,,普通订单,1.02,0,0,4,0,0,0,0,0,0,0,0,-0.25,0,0,0,0,0,0,否,0,义乌市於郝电子商务商行（个体工商户）,订单结算
2026-04-22 07:11:14,'2026042207111218373025540793,入账,4.73,聚合账户,货款结算入账,小店自卖,'6952014972124075465,'6952014972124075465,'SS76302659023960317780153,2026-04-12 07:25:48,'3809812909954040001,羽毛珠珠流苏花朵发夹蓬松牡丹花抓夹显发量鲨鱼夹子气质头花发饰,,,普通订单,1.98,0,0,3,0,0,0,0,0,0,0,0,-0.25,0,0,0,0,0,0,,0,义乌市於郝电子商务商行（个体工商户）,订单结算
2026-04-22 07:11:14,'2026042207111213260232140793,入账,3.23,聚合账户,货款结算入账,小店自卖,'6925531171861331579,'6925531171861331579,'SS76303731982572753920162,2026-04-12 09:35:36,'3808515754769383695,2026新款高级牡丹花流苏抓夹毛毛发夹后脑勺显发量大号鲨鱼夹头饰,,,普通订单,2.4,0,0,1,0,0,0,0,0,0,0,0,-0.17,0,0,0,0,0,0,否,0,义乌市於郝电子商务商行（个体工商户）,订单结算
2026-04-22 07:11:14,'2026042207110909679017340793,入账,2.65,聚合账户,货款结算入账,小店自卖,'6925424002910289874,'6925424002910289874,'SS76303879150921485230057,2026-04-07 15:18:40,'3808855327718375885,复古豹纹褶皱中号香蕉夹高级感马尾扭扭夹后脑勺韩系显发量发卡,,,普通订单,0.01,0,0,2.78,0,0,0,0,0,0,0,0,-0.14,0,0,0,0,0,0,,0,义乌市於郝电子商务商行（个体工商户）,订单结算
2026-04-22 07:11:14,'2026042207111115116088580793,入账,3.38,聚合账户,货款结算入账,小店自卖,'6952128189888599669,'6952128189888599669,'SS76303835405466834010134,2026-04-16 08:46:30,'3808826072573804729,迷你小号无痕鸭嘴夹抓夹小夹子精致蝴蝶结碎发夹刘海夹高级感发卡,,,普通订单,3.56,0,0,0,0,0,0,0,0,0,0,0,-0.18,0,0,0,0,0,0,,0,义乌市於郝电子商务商行（个体工商户）,订单结算
2026-04-22 07:11:14,'2026042207111135325588580793,入账,1.89,聚合账户,货款结算入账,小店自卖,'6951991049860879994,'6951991049860879994,'SS76303703166214681940223,2026-04-12 11:58:02,'3812736213081784671,韩系ins风高马尾香蕉夹竖夹女2026新款高级感发夹简约复古发饰,,,普通订单,0.01,0,0,1.98,0,0,0,0,0,0,0,0,-0.1,0,0,0,0,0,0,否,0,义乌市於郝电子商务商行（个体工商户）,订单结算
2026-04-22 07:11:15,'2026042207111106930271220793,入账,3.89,聚合账户,货款结算入账,小店自卖,'6952001189209380304,'6952001189209380304,'SS76302634206684288410197,2026-04-11 19:34:04,'3808855327718375885,复古豹纹褶皱中号香蕉夹高级感马尾扭扭夹后脑勺韩系显发量发卡,,,普通订单,0.01,0,0,4.08,0,0,0,0,0,0,0,0,-0.2,0,0,0,0,0,0,,0,义乌市於郝电子商务商行（个体工商户）,订单结算
2026-04-22 07:11:15,'2026042207111034157530110793,入账,1.89,聚合账户,货款结算入账,小店自卖,'6952070531504804973,'6952070531504804973,'SS76303951410246292830110,2026-04-14 22:51:29,'3808855327718375885,复古豹纹褶皱中号香蕉夹高级感马尾扭扭夹后脑勺韩系显发量发卡,,,普通订单,0.01,0,0,1.98,0,0,0,0,0,0,0,0,-0.1,0,0,0,0,0,0,否,0,义乌市於郝电子商务商行（个体工商户）,订单结算
2026-04-22 07:11:15,'2026042207111004083758180793,入账,1.89,聚合账户,货款结算入账,小店自卖,'6925624896791346885,'6925624896791346885,'SS76303956693963084950007,2026-04-15 19:20:30,'3808855327718375885,复古豹纹波点褶皱高马尾香蕉夹小号后脑勺竖夹韩系显发量发夹,,,普通订单,0.01,0,0,1.98,0,0,0,0,0,0,0,0,-0.1,0,0,0,0,0,0,否,0,义乌市於郝电子商务商行（个体工商户）,订单结算
2026-04-22 07:11:15,'2026042207110914186585750793,入账,5.68,聚合账户,货款结算入账,小店自卖,'6952151377072821749,'6952151377072821749,'SS76304057421852513700006,2026-04-18 11:39:04,'3811282248515322341,可爱小黄鸡小猪发圈学生风萌系扎发神器黑色发绳扎头发皮筋卖头饰,,,普通订单,2.98,0,0,3,0,0,0,0,0,0,0,0,-0.3,0,0,0,0,0,0,,0,义乌市於郝电子商务商行（个体工商户）,订单结算
2026-04-22 07:11:15,'2026042207111127598525700793,入账,1.89,聚合账户,货款结算入账,小店自卖,'6951976709161358344,'6951976709161358344,'SS76302639479635645700242,2026-04-11 18:09:33,'3808855327718375885,复古豹纹褶皱中号香蕉夹高级感马尾扭扭夹后脑勺韩系显发量发卡,,,普通订单,1.99,0,0,0,0,0,0,0,0,0,0,0,-0.1,0,0,0,0,0,0,否,0,义乌市於郝电子商务商行（个体工商户）,订单结算
2026-04-22 07:11:15,'2026042207111020858353020793,入账,3.23,聚合账户,货款结算入账,小店自卖,'6952124302770050654,'6952124302770050654,'SS76304018455807593360163,2026-04-16 14:28:26,'3808515754769383695,2026新款高级牡丹花流苏抓夹毛毛发夹后脑勺显发量大号鲨鱼夹头饰,,,普通订单,0.4,0,0,3,0,0,0,0,0,0,0,0,-0.17,0,0,0,0,0,0,,0,义乌市於郝电子商务商行（个体工商户）,订单结算
2026-04-22 07:23:50,'2026042207234621689185630793,入账,2.41,聚合账户,货款结算入账,小店自卖,'6925660524089343384,'6925660524089343384,'SS76304206917120046420195,2026-04-17 11:43:21,'3811282248515322341,可爱小黄鸡小猪发圈学生风萌系扎发神器黑色发绳扎头发皮筋卖头饰,,,普通订单,0.01,0,0,2.53,0,0,0,0,0,0,0,0,-0.13,0,0,0,0,0,0,否,0,义乌市於郝电子商务商行（个体工商户）,订单结算
2026-04-22 07:28:38,'2026042207283525767616260793,入账,3.32,聚合账户,货款结算入账,小店自卖,'6952106834101409357,'6952106834101409357,'SS76304067030746076540004,2026-04-16 21:38:08,'3808518913650721160,新款高级牡丹花流苏抓夹毛毛发夹后脑勺显发量大号鲨鱼头饰发夹,,,普通订单,0.01,0,0,3.49,0,0,0,0,0,0,0,0,-0.18,0,0,0,0,0,0,,0,义乌市於郝电子商务商行（个体工商户）,订单结算
2026-04-22 07:28:38,'2026042207283439810708990793,入账,1.89,聚合账户,货款结算入账,小店自卖,'6952145309149304239,'6952145309149304239,'SS76304753971689108880227,2026-04-17 12:56:17,'3808855327718375885,复古豹纹波点褶皱高马尾香蕉夹小号后脑勺竖夹韩系显发量发夹,,,普通订单,0.01,0,0,1.98,0,0,0,0,0,0,0,0,-0.1,0,0,0,0,0,0,,0,义乌市於郝电子商务商行（个体工商户）,订单结算
2026-04-22 07:28:38,'2026042207283317967559830793,入账,1.89,聚合账户,货款结算入账,小店自卖,'6925628930137292518,'6925628930137292518,'SS76304008747577346990128,2026-04-15 17:40:46,'3808855327718375885,复古豹纹波点褶皱高马尾香蕉夹小号后脑勺竖夹韩系显发量发夹,,,普通订单,0.01,0,0,1.98,0,0,0,0,0,0,0,0,-0.1,0,0,0,0,0,0,否,0,义乌市於郝电子商务商行（个体工商户）,订单结算
2026-04-22 07:28:38,'2026042207283436968040960793,入账,1.89,聚合账户,货款结算入账,小店自卖,'6925587580286434315,'6925587580286434315,'SS76301556751631163340009,2026-04-14 22:09:35,'3808855327718375885,复古豹纹褶皱中号香蕉夹高级感马尾扭扭夹后脑勺韩系显发量发卡,,,普通订单,0.01,0,0,1.98,0,0,0,0,0,0,0,0,-0.1,0,0,0,0,0,0,,0,义乌市於郝电子商务商行（个体工商户）,订单结算
2026-04-22 07:28:38,'2026042207283434186043400793,入账,1.89,聚合账户,货款结算入账,小店自卖,'6925639808724532923,'6925639808724532923,'SS76303987888930985060229,2026-04-17 01:01:59,'3808855327718375885,复古豹纹波点褶皱高马尾香蕉夹小号后脑勺竖夹韩系显发量发夹,,,普通订单,0.01,0,0,1.98,0,0,0,0,0,0,0,0,-0.1,0,0,0,0,0,0,,0,义乌市於郝电子商务商行（个体工商户）,订单结算
2026-04-22 07:28:39,'2026042207283600613791230793,入账,4.22,聚合账户,货款结算入账,小店自卖,'6952126924731651344,'6952126924731651344,'SS76304535573465991770004,2026-04-16 21:48:31,'3811116864172589149,森系干枯山茶花朵7cm小抓夹百搭气质发夹女后脑勺超仙鲨鱼夹发饰,,,普通订单,4.44,0,0,0,0,0,0,0,0,0,0,0,-0.22,0,0,0,0,0,0,否,0,义乌市於郝电子商务商行（个体工商户）,订单结算
2026-04-22 07:28:39,'2026042207283603027932660793,入账,2,聚合账户,货款结算入账,小店自卖,'6952079695226279792,'6952079695226279792,'SS76301475539627750940126,2026-04-15 01:38:38,'3808826072573804729,迷你小号无痕鸭嘴夹抓夹小夹子精致蝴蝶结碎发夹刘海夹高级感发卡,,,普通订单,2.11,0,0,0,0,0,0,0,0,0,0,0,-0.11,0,0,0,0,0,0,否,0,义乌市於郝电子商务商行（个体工商户）,订单结算
2026-04-22 07:28:39,'2026042207283513408384540793,入账,1.89,聚合账户,货款结算入账,小店自卖,'6925612748788105102,'6925612748788105102,'SS76304308378546058510228,2026-04-15 11:06:50,'3808855327718375885,复古豹纹波点褶皱高马尾香蕉夹小号后脑勺竖夹韩系显发量发夹,,,普通订单,1.99,0,0,0,0,0,0,0,0,0,0,0,-0.1,0,0,0,0,0,0,否,0,义乌市於郝电子商务商行（个体工商户）,订单结算
2026-04-22 07:28:39,'2026042207283706504450970793,入账,4.08,聚合账户,货款结算入账,小店自卖,'6925637881802489266,'6925637881802489266,'SS76303523121201321340049,2026-04-16 20:06:31,'3809214874429555055,【LOVEIXCC】新款法式网红发箍发卡宽边复古秋冬头饰百搭高级盘发器,,,普通订单,4.3,0,0,0,0,0,0,0,0,0,0,0,-0.22,0,0,0,0,0,0,否,0,义乌市於郝电子商务商行（个体工商户）,订单结算
2026-04-22 07:28:39,'2026042207283535031291300793,入账,2.71,聚合账户,货款结算入账,小店自卖,'6925640013507820981,'6925640013507820981,'SS76304752469991757060141,2026-04-17 07:18:29,'3809214874429555055,【LOVEIXCC】新款法式网红发箍发卡宽边复古秋冬头饰百搭高级盘发器,,,普通订单,2.85,0,0,0,0,0,0,0,0,0,0,0,-0.14,0,0,0,0,0,0,否,0,义乌市於郝电子商务商行（个体工商户）,订单结算
2026-04-22 07:28:53,'2026042207285010831631860793,入账,2.8,聚合账户,货款结算入账,小店自卖,'6952151698504881591,'6952151698504881591,'SS76303678123615401150004,2026-04-17 00:27:32,'3809599445994176839,春日超仙韩系碎花蕾丝大肠发圈女甜美感丸子头慵懒风超大发饰头绳,,,普通订单,0.01,0,0,2.94,0,0,0,0,0,0,0,0,-0.15,0,0,0,0,0,0,,0,义乌市於郝电子商务商行（个体工商户）,订单结算
2026-04-22 07:28:53,'2026042207285003661665550793,入账,1.89,聚合账户,货款结算入账,小店自卖,'6952130165426952153,'6952130165426952153,'SS76303025504495373200186,2026-04-17 09:44:10,'3808855327718375885,复古豹纹波点褶皱高马尾香蕉夹小号后脑勺竖夹韩系显发量发夹,,,普通订单,0.01,0,0,1.98,0,0,0,0,0,0,0,0,-0.1,0,0,0,0,0,0,,0,义乌市於郝电子商务商行（个体工商户）,订单结算
2026-04-22 07:28:53,'2026042207285009481428630793,入账,4.77,聚合账户,货款结算入账,小店自卖,'6925601665490975890,'6925601665490975890,'SS76303332990175032720179,2026-04-15 04:43:24,'3808826072573804729,迷你小号无痕鸭嘴夹抓夹小夹子精致蝴蝶结碎发夹刘海夹高级感发卡,,,普通订单,0.02,0,0,5,0,0,0,0,0,0,0,0,-0.25,0,0,0,0,0,0,,0,义乌市於郝电子商务商行（个体工商户）,订单结算
2026-04-22 07:28:53,'2026042207285003364951440793,入账,2.66,聚合账户,货款结算入账,巨量千川,'6925656363846434574,'6925656363846434574,'SS76304767059159004250040,2026-04-17 11:10:42,'3808681227066671182,简约大肠珍珠发圈头绳2026新款橡皮筋女扎头发优雅皮套高颜值发绳,,,普通订单,0.01,0,0,2.79,0,0,0,0,0,0,0,0,-0.14,0,0,0,0,0,0,,0,义乌市於郝电子商务商行（个体工商户）,订单结算
2026-04-22 07:28:53,'2026042207285107022023940793,入账,3.23,聚合账户,货款结算入账,小店自卖,'6952137657868096708,'6952137657868096708,'SS76304555411683909380178,2026-04-16 19:40:13,'3808518913650721160,新款高级牡丹花流苏抓夹毛毛发夹后脑勺显发量大号鲨鱼头饰发夹,,,普通订单,0.4,0,0,3,0,0,0,0,0,0,0,0,-0.17,0,0,0,0,0,0,,0,义乌市於郝电子商务商行（个体工商户）,订单结算
2026-04-22 07:28:53,'2026042207285009780764660793,入账,1.89,聚合账户,货款结算入账,小店自卖,'6952068901289203541,'6952068901289203541,'SS76302771787034670180242,2026-04-15 00:50:24,'3808855327718375885,复古豹纹褶皱中号香蕉夹高级感马尾扭扭夹后脑勺韩系显发量发卡,,,普通订单,1.99,0,0,0,0,0,0,0,0,0,0,0,-0.1,0,0,0,0,0,0,否,0,义乌市於郝电子商务商行（个体工商户）,订单结算
2026-04-22 07:28:53,'2026042207284936831565060793,入账,3.26,聚合账户,货款结算入账,小店自卖,'6952113772883547630,'6952113772883547630,'SS76304255934816466280129,2026-04-16 21:39:36,'3808518913650721160,新款高级牡丹花流苏抓夹毛毛发夹后脑勺显发量大号鲨鱼头饰发夹,,,普通订单,0.01,0,0,3.42,0,0,0,0,0,0,0,0,-0.17,0,0,0,0,0,0,否,0,义乌市於郝电子商务商行（个体工商户）,订单结算
2026-04-22 07:28:53,'2026042207284928571896320793,入账,2.86,聚合账户,货款结算入账,小店自卖,'6925663062558604415,'6925663062558604415,'SS76303979501332730940047,2026-04-17 18:31:24,'3809438133272051839,韩版新款格纹蝴蝶结香蕉夹复古少女中号马尾夹百搭扭扭发卡抓夹,,,普通订单,0.01,0,0,3,0,0,0,0,0,0,0,0,-0.15,0,0,0,0,0,0,,0,义乌市於郝电子商务商行（个体工商户）,订单结算
2026-04-22 07:28:53,'2026042207285018330099470793,入账,4.62,聚合账户,货款结算入账,小店自卖,'6952125608757105688,'6952125608757105688,'SS76304826780469990860007,2026-04-17 11:53:45,'3808518913650721160,新款高级牡丹花流苏抓夹毛毛发夹后脑勺显发量大号鲨鱼头饰发夹,,,普通订单,1.86,0,0,3,0,0,0,0,0,0,0,0,-0.24,0,0,0,0,0,0,,0,义乌市於郝电子商务商行（个体工商户）,订单结算
2026-04-22 07:28:53,'2026042207285001389202260793,入账,2.8,聚合账户,货款结算入账,小店自卖,'6925651458316402379,'6925651458316402379,'SS76304524146797614540014,2026-04-16 23:17:36,'3809599445994176839,春日超仙韩系碎花蕾丝大肠发圈女甜美感丸子头慵懒风超大发饰头绳,,,普通订单,0.01,0,0,2.94,0,0,0,0,0,0,0,0,-0.15,0,0,0,0,0,0,,0,义乌市於郝电子商务商行（个体工商户）,订单结算
2026-04-22 07:28:53,'2026042207285137096535140793,入账,3.19,聚合账户,货款结算入账,小店自卖,'6952080008344704583,'6952080008344704583,'SS76304353903687767540247,2026-04-15 09:11:59,'3808855327718375885,复古豹纹褶皱中号香蕉夹高级感马尾扭扭夹后脑勺韩系显发量发卡,,,普通订单,3.36,0,0,0,0,0,0,0,0,0,0,0,-0.17,0,0,0,0,0,0,否,0,义乌市於郝电子商务商行（个体工商户）,订单结算
2026-04-22 07:28:53,'2026042207284930712138580793,入账,3.32,聚合账户,货款结算入账,小店自卖,'6925592978564349231,'6925592978564349231,'SS76304755300568765950046,2026-04-14 23:30:49,'3808518913650721160,新款高级牡丹花流苏抓夹毛毛发夹后脑勺显发量大号鲨鱼头饰发夹,,,普通订单,1.3,0,0,2.2,0,0,0,0,0,0,0,0,-0.18,0,0,0,0,0,0,否,0,义乌市於郝电子商务商行（个体工商户）,订单结算
2026-04-22 07:28:53,'2026042207285037277048820793,入账,2.86,聚合账户,货款结算入账,小店自卖,'6952142561321161788,'6952142561321161788,'SS76304294621111749180049,2026-04-17 01:51:24,'3809438133272051839,韩版新款格纹蝴蝶结香蕉夹复古少女中号马尾夹百搭扭扭发卡抓夹,,,普通订单,0.01,0,0,3,0,0,0,0,0,0,0,0,-0.15,0,0,0,0,0,0,,0,义乌市於郝电子商务商行（个体工商户）,订单结算
2026-04-22 07:35:38,'2026042207353404458580630793,入账,1.09,聚合账户,货款结算入账,小店自卖,'6925651592603925523,'6925651592603925523,'SS76303231273706294170047,2026-04-17 00:24:49,'3808855327718375885,复古豹纹波点褶皱高马尾香蕉夹小号后脑勺竖夹韩系显发量发夹,,,普通订单,0.15,0,0,1,0,0,0,0,0,0,0,0,-0.06,0,0,0,0,0,0,否,0,义乌市於郝电子商务商行（个体工商户）,订单结算
2026-04-22 07:43:59,'2026042207435527197158590793,入账,2.77,聚合账户,货款结算入账,小店自卖,'6925514725912182093,'6925514725912182093,'SS76302661882208259070201,2026-04-11 19:57:39,'3808515754769383695,2026新款高级牡丹花流苏抓夹毛毛发夹后脑勺显发量大号鲨鱼夹头饰,,,普通订单,0.01,0,0,2.91,0,0,0,0,0,0,0,0,-0.15,0,0,0,0,0,0,,0,义乌市於郝电子商务商行（个体工商户）,订单结算
2026-04-22 07:44:39,'2026042207443638299410340793,入账,1.89,聚合账户,货款结算入账,小店自卖,'6925553424284811190,'6925553424284811190,'SS76303939384996503400006,2026-04-12 15:59:29,'3808855327718375885,复古豹纹褶皱中号香蕉夹高级感马尾扭扭夹后脑勺韩系显发量发卡,,,普通订单,1.99,0,0,0,0,0,0,0,0,0,0,0,-0.1,0,0,0,0,0,0,否,0,义乌市於郝电子商务商行（个体工商户）,订单结算
2026-04-22 07:44:54,'2026042207445117415583240793,入账,2.28,聚合账户,货款结算入账,小店自卖,'6925568531096764090,'6925568531096764090,'SS76297253410237816750218,2026-04-13 21:30:45,'3809586825216000110,春夏撞色甜美蝴蝶结发夹女后脑勺抓夹2026新款气质大号盘发鸭嘴夹,,,普通订单,3.4,0,0,0,0,0,0,0,0,0,0,-1,-0.12,0,0,0,0,0,0,否,0,义乌市於郝电子商务商行（个体工商户）,订单结算
2026-04-22 07:47:22,'2026042207471902434504040793,入账,3.89,聚合账户,货款结算入账,小店自卖,'6925533516822773294,'6925533516822773294,'SS76303709613343421960172,2026-04-12 14:01:37,'3808855327718375885,复古豹纹褶皱中号香蕉夹高级感马尾扭扭夹后脑勺韩系显发量发卡,,,普通订单,4.09,0,0,0,0,0,0,0,0,0,0,0,-0.2,0,0,0,0,0,0,否,0,义乌市於郝电子商务商行（个体工商户）,订单结算
2026-04-22 07:47:46,'2026042207474303065328830793,入账,3.12,聚合账户,货款结算入账,小店自卖,'6925632346932215018,'6925632346932215018,'SS76304674382617484890094,2026-04-15 23:42:06,'3808514174103978347,明星同款高颅顶圆形金属发扣刘海发夹女前额侧边夹水钻发卡头饰,,,普通订单,2.97,0,0,0.31,0,0,0,0,0,0,0,0,-0.16,0,0,0,0,0,0,否,0,义乌市於郝电子商务商行（个体工商户）,订单结算
2026-04-22 07:48:24,'2026042207482221894968420793,入账,4.41,聚合账户,货款结算入账,小店自卖,'6925529938906086797,'6925529938906086797,'SS76303975508012572350195,2026-04-11 19:46:56,'3811282248515322341,可爱小黄鸡小猪发圈学生风萌系扎发神器黑色发绳扎头发皮筋卖头饰,,,普通订单,4.64,0,0,0,0,0,0,0,0,0,0,0,-0.23,0,0,0,0,0,0,否,0,义乌市於郝电子商务商行（个体工商户）,订单结算
2026-04-22 07:59:35,'2026042207593104837056350793,入账,3.44,聚合账户,货款结算入账,小店自卖,'6952008041591871042,'6952008041591871042,'SS76302679772512138750238,2026-04-11 22:29:15,'3809214874429555055,【LOVEIXCC】新款法式网红发箍发卡宽边复古秋冬头饰百搭高级盘发器,,,普通订单,3.62,0,0,0,0,0,0,0,0,0,0,0,-0.18,0,0,0,0,0,0,否,0,义乌市於郝电子商务商行（个体工商户）,订单结算
2026-04-22 08:00:46,'2026042208004213598395510793,入账,1.89,聚合账户,货款结算入账,小店自卖,'6925520503804231600,'6925520503804231600,'SS76302618771938186430190,2026-04-11 16:40:31,'3808855327718375885,复古豹纹褶皱中号香蕉夹高级感马尾扭扭夹后脑勺韩系显发量发卡,,,普通订单,1.99,0,0,0,0,0,0,0,0,0,0,0,-0.1,0,0,0,0,0,0,否,0,义乌市於郝电子商务商行（个体工商户）,订单结算
2026-04-22 08:02:46,'2026042208024121989788310793,入账,4.62,聚合账户,货款结算入账,小店自卖,'6951851937906431152,'6951851937906431152,'SS76302965803382748420109,2026-04-07 07:55:06,'3808518913650721160,新款高级牡丹花流苏抓夹毛毛发夹后脑勺显发量大号鲨鱼头饰发夹,,,普通订单,4.86,0,0,0,0,0,0,0,0,0,0,0,-0.24,0,0,0,0,0,0,,0,义乌市於郝电子商务商行（个体工商户）,订单结算
2026-04-22 08:04:45,'2026042208043939436454830793,入账,3.32,聚合账户,货款结算入账,小店自卖,'6925518666629282903,'6925518666629282903,'SS76302669082488346060020,2026-04-11 20:20:48,'3812210500259938495,可爱蝴蝶结小猫无痕刘海贴魔术贴发饰少女前额侧边碎发贴整理神器,,,普通订单,3.49,0,0,0,0,0,0,0,0,0,0,0,-0.17,0,0,0,0,0,0,否,0,义乌市於郝电子商务商行（个体工商户）,订单结算
2026-04-22 08:04:56,'2026042208045201144758120793,入账,3.14,聚合账户,货款结算入账,小店自卖,'6925523990201990376,'6925523990201990376,'SS76302722343489050020057,2026-04-12 08:47:09,'3808522822146457689,夏天简约随手盘发一字夹扭扭夹水钻抓夹高级发夹扭扭后脑勺盘发器,,,普通订单,3.31,0,0,0,0,0,0,0,0,0,0,0,-0.17,0,0,0,0,0,0,否,0,义乌市於郝电子商务商行（个体工商户）,订单结算
2026-04-22 08:07:23,'2026042208071732389248410793,入账,2.71,聚合账户,货款结算入账,小店自卖,'6925550819877355214,'6925550819877355214,'SS76303746583452923400171,2026-04-12 14:26:27,'3809214874429555055,【LOVEIXCC】新款法式网红发箍发卡宽边复古秋冬头饰百搭高级盘发器,,,普通订单,2.85,0,0,0,0,0,0,0,0,0,0,0,-0.14,0,0,0,0,0,0,否,0,义乌市於郝电子商务商行（个体工商户）,订单结算
2026-04-22 08:07:52,'2026042208074810656322830793,入账,3.89,聚合账户,货款结算入账,小店自卖,'6925516524977552538,'6925516524977552538,'SS76302634279059666010186,2026-04-11 19:32:20,'3808855327718375885,复古豹纹褶皱中号香蕉夹高级感马尾扭扭夹后脑勺韩系显发量发卡,,,普通订单,4.09,0,0,0,0,0,0,0,0,0,0,0,-0.2,0,0,0,0,0,0,否,0,义乌市於郝电子商务商行（个体工商户）,订单结算
2026-04-22 08:07:56,'2026042208075125338066330793,入账,2.37,聚合账户,货款结算入账,小店自卖,'6925517325626211972,'6925517325626211972,'SS76302880466715284900185,2026-04-12 03:12:12,'3810163319155851664,可爱小黄鸡发绳闺蜜同款少女心爆棚萌系扎发神器皮筋卖萌头饰学生,,,普通订单,2.49,0,0,0,0,0,0,0,0,0,0,0,-0.12,0,0,0,0,0,0,否,0,义乌市於郝电子商务商行（个体工商户）,订单结算
2026-04-22 08:08:35,'2026042208083026359772160793,入账,3.89,聚合账户,货款结算入账,小店自卖,'6952003948521264249,'6952003948521264249,'SS76302635306428339740157,2026-04-12 02:34:37,'3808855327718375885,复古豹纹褶皱中号香蕉夹高级感马尾扭扭夹后脑勺韩系显发量发卡,,,普通订单,4.09,0,0,0,0,0,0,0,0,0,0,0,-0.2,0,0,0,0,0,0,否,0,义乌市於郝电子商务商行（个体工商户）,订单结算
2026-04-22 08:08:41,'2026042208083521728179460793,入账,1.89,聚合账户,货款结算入账,小店自卖,'6951986408986777364,'6951986408986777364,'SS76302628395043064750190,2026-04-12 02:32:46,'3808855327718375885,复古豹纹褶皱中号香蕉夹高级感马尾扭扭夹后脑勺韩系显发量发卡,,,普通订单,1.99,0,0,0,0,0,0,0,0,0,0,0,-0.1,0,0,0,0,0,0,否,0,义乌市於郝电子商务商行（个体工商户）,订单结算
2026-04-22 08:10:14,'2026042208100723669312630793,入账,10.31,聚合账户,货款结算入账,小店自卖,'6925576347291385219,'6925576347291385219,'SS76304454019216512420113,2026-04-14 11:22:22,'3811294538555850878,韩系复古大肠蕾丝发圈波点新款高级四层头发丸子马尾高级头绳发饰,,,普通订单,10.85,0,0,0,0,0,0,0,0,0,0,0,-0.54,0,0,0,0,0,0,否,0,义乌市於郝电子商务商行（个体工商户）,订单结算
2026-04-22 08:10:16,'2026042208101126978880400793,入账,5.64,聚合账户,货款结算入账,小店自卖,'6925509883265973747,'6925509883265973747,'SS76302879559952309760089,2026-04-11 16:11:45,'3809602909876912378,2026韩系格子方巾大肠发圈高级慵懒风发绳扎方形头发头绳大号发饰,,,普通订单,5.94,0,0,0,0,0,0,0,0,0,0,0,-0.3,0,0,0,0,0,0,否,0,义乌市於郝电子商务商行（个体工商户）,订单结算
2026-04-22 08:10:55,'2026042208105138051678990793,入账,3.32,聚合账户,货款结算入账,小店自卖,'6925522403200171851,'6925522403200171851,'SS76302661448694543450247,2026-04-11 14:48:23,'3808515754769383695,2026新款高级牡丹花流苏抓夹毛毛发夹后脑勺显发量大号鲨鱼夹头饰,,,普通订单,3.5,0,0,0,0,0,0,0,0,0,0,0,-0.18,0,0,0,0,0,0,否,0,义乌市於郝电子商务商行（个体工商户）,订单结算
2026-04-22 08:11:01,'2026042208105523162762600793,入账,4.53,聚合账户,货款结算入账,小店自卖,'6952056150622082612,'6952056150622082612,'SS76304348050038786980205,2026-04-14 07:59:57,'3809219180176212098,发圈式啪啪圈~春夏美拉德系懒人高马尾啪啪圈复古固定不塌神器,,,普通订单,4.77,0,0,0,0,0,0,0,0,0,0,0,-0.24,0,0,0,0,0,0,否,0,义乌市於郝电子商务商行（个体工商户）,订单结算
2026-04-22 08:11:06,'2026042208105911883484310793,入账,1.89,聚合账户,货款结算入账,小店自卖,'6925557647697936062,'6925557647697936062,'SS76302791953813509390032,2026-04-13 15:03:48,'3808855327718375885,复古豹纹褶皱中号香蕉夹高级感马尾扭扭夹后脑勺韩系显发量发卡,,,普通订单,1.99,0,0,0,0,0,0,0,0,0,0,0,-0.1,0,0,0,0,0,0,否,0,义乌市於郝电子商务商行（个体工商户）,订单结算
2026-04-22 08:12:05,'2026042208115818343201700793,入账,4.33,聚合账户,货款结算入账,小店自卖,'6952129143597504133,'6952129143597504133,'SS76304931108664161910234,2026-04-16 18:57:05,'3811107016030683631,森系干枯山茶花朵7cm小抓夹 百搭气质发夹女后脑勺超仙鲨夹发饰,,,普通订单,4.56,0,0,0,0,0,0,0,0,0,0,0,-0.23,0,0,0,0,0,0,,0,义乌市於郝电子商务商行（个体工商户）,订单结算
2026-04-22 08:12:11,'2026042208120607581251070793,入账,2.72,聚合账户,货款结算入账,小店自卖,'6925527378121490156,'6925527378121490156,'SS76302658024081700100198,2026-04-11 18:07:59,'3808518913650721160,新款高级牡丹花流苏抓夹毛毛发夹后脑勺显发量大号鲨鱼头饰发夹,,,普通订单,2.86,0,0,0,0,0,0,0,0,0,0,0,-0.14,0,0,0,0,0,0,,0,义乌市於郝电子商务商行（个体工商户）,订单结算
2026-04-22 08:12:30,'2026042208122431110925340793,入账,2.72,聚合账户,货款结算入账,小店自卖,'6951972338982065685,'6951972338982065685,'SS76303564778671153060109,2026-04-11 17:49:07,'3808518913650721160,新款高级牡丹花流苏抓夹毛毛发夹后脑勺显发量大号鲨鱼头饰发夹,,,普通订单,2.86,0,0,0,0,0,0,0,0,0,0,0,-0.14,0,0,0,0,0,0,,0,义乌市於郝电子商务商行（个体工商户）,订单结算
2026-04-22 08:13:10,'2026042208130433149138380793,入账,7.41,聚合账户,货款结算入账,小店自卖,'6951969785468687443,'6951969785468687443,'SS76302668051354263670054,2026-04-11 12:15:42,'3812210500259938495,可爱蝴蝶结小猫无痕刘海贴魔术贴发饰少女前额侧边碎发贴整理神器,,,普通订单,7.8,0,0,0,0,0,0,0,0,0,0,0,-0.39,0,0,0,0,0,0,否,0,义乌市於郝电子商务商行（个体工商户）,订单结算
2026-04-22 08:13:45,'2026042208133841567851900793,入账,1.89,聚合账户,货款结算入账,小店自卖,'6951989614005131048,'6951989614005131048,'SS76303545496310420910184,2026-04-11 15:11:21,'3808855327718375885,复古豹纹褶皱中号香蕉夹高级感马尾扭扭夹后脑勺韩系显发量发卡,,,普通订单,1.99,0,0,0,0,0,0,0,0,0,0,0,-0.1,0,0,0,0,0,0,否,0,义乌市於郝电子商务商行（个体工商户）,订单结算
2026-04-22 08:14:19,'2026042208141341611266900793,入账,3.19,聚合账户,货款结算入账,小店自卖,'6952005782017545966,'6952005782017545966,'SS76302640129128084580204,2026-04-11 22:25:19,'3808855327718375885,复古豹纹褶皱中号香蕉夹高级感马尾扭扭夹后脑勺韩系显发量发卡,,,普通订单,3.36,0,0,0,0,0,0,0,0,0,0,0,-0.17,0,0,0,0,0,0,否,0,义乌市於郝电子商务商行（个体工商户）,订单结算
2026-04-22 08:14:39,'2026042208143219051481600793,入账,9.93,聚合账户,货款结算入账,小店自卖,'6951993027829241234,'6951993027829241234,'SS76303255715405668200230,2026-04-12 10:59:25,'3809273979772993843,新中式咖色碎花四层大肠发圈女慵懒风扎头发大号复古发饰头绳,,,普通订单,10.45,0,0,0,0,0,0,0,0,0,0,0,-0.52,0,0,0,0,0,0,否,0,义乌市於郝电子商务商行（个体工商户）,订单结算
2026-04-22 08:16:12,'2026042208160639355028840793,入账,5.18,聚合账户,货款结算入账,小店自卖,'6952114617012786362,'6952114617012786362,'SS76304352431300119380115,2026-04-16 04:25:48,'3809238632057929992,韩国France博主同款可爱猫咪香蕉夹中号女高级感醋酸马尾竖夹发夹,,,普通订单,5.45,0,0,0,0,0,0,0,0,0,0,0,-0.27,0,0,0,0,0,0,否,0,义乌市於郝电子商务商行（个体工商户）,订单结算
2026-04-22 08:16:55,'2026042208164837989299630793,入账,3.31,聚合账户,货款结算入账,小店自卖,'6952006513940371040,'6952006513940371040,'SS76303263275386639860163,2026-04-12 11:07:56,'3809979415216128130,可爱小黄鸡发圈萌系扎发神器黑色发绳扎头发皮筋儿童卡子卖萌头饰,,,普通订单,3.48,0,0,0,0,0,0,0,0,0,0,0,-0.17,0,0,0,0,0,0,否,0,义乌市於郝电子商务商行（个体工商户）,订单结算
2026-04-22 08:18:39,'2026042208183324482329600793,入账,5.68,聚合账户,货款结算入账,小店自卖,'6952048066953615292,'6952048066953615292,'SS76303250043118884110162,2026-04-13 12:46:34,'3811282248515322341,可爱小黄鸡小猪发圈学生风萌系扎发神器黑色发绳扎头发皮筋卖头饰,,,普通订单,5.98,0,0,0,0,0,0,0,0,0,0,0,-0.3,0,0,0,0,0,0,否,0,义乌市於郝电子商务商行（个体工商户）,订单结算
2026-04-22 08:19:16,'2026042208191131835427840793,入账,2.83,聚合账户,货款结算入账,小店自卖,'6951999758170985711,'6951999758170985711,'SS76303710856952755290048,2026-04-12 11:43:16,'3812736213081784671,韩系ins风高马尾香蕉夹竖夹女2026新款高级感发夹简约复古发饰,,,普通订单,2.98,0,0,0,0,0,0,0,0,0,0,0,-0.15,0,0,0,0,0,0,否,0,义乌市於郝电子商务商行（个体工商户）,订单结算
2026-04-22 08:19:56,'2026042208195108225100890793,入账,4.08,聚合账户,货款结算入账,小店自卖,'6952045736879199314,'6952045736879199314,'SS76301297596592624830051,2026-04-13 09:25:06,'3809214874429555055,【LOVEIXCC】新款法式网红发箍发卡宽边复古秋冬头饰百搭高级盘发器,,,普通订单,4.3,0,0,0,0,0,0,0,0,0,0,0,-0.22,0,0,0,0,0,0,否,0,义乌市於郝电子商务商行（个体工商户）,订单结算
2026-04-22 08:20:35,'2026042208202906071421900793,入账,2.51,聚合账户,货款结算入账,小店自卖,'6952153677726749786,'6952153677726749786,'SS76304199358855744190224,2026-04-18 06:53:36,'3811282248515322341,可爱小黄鸡小猪发圈学生风萌系扎发神器黑色发绳扎头发皮筋卖头饰,,,普通订单,2.64,0,0,0,0,0,0,0,0,0,0,0,-0.13,0,0,0,0,0,0,否,0,义乌市於郝电子商务商行（个体工商户）,订单结算
2026-04-22 08:20:41,'2026042208203536217986560793,入账,5.68,聚合账户,货款结算入账,小店自卖,'6952002033506522611,'6952002033506522611,'SS76303890296697697550228,2026-04-12 08:51:29,'3811282248515322341,可爱小黄鸡小猪发圈学生风萌系扎发神器黑色发绳扎头发皮筋卖头饰,,,普通订单,5.98,0,0,0,0,0,0,0,0,0,0,0,-0.3,0,0,0,0,0,0,否,0,义乌市於郝电子商务商行（个体工商户）,订单结算
2026-04-22 08:22:35,'2026042208222910002806100793,入账,4.22,聚合账户,货款结算入账,巨量千川,'6952107818431879098,'6952107818431879098,'SS76304370473294072750239,2026-04-15 23:23:45,'3811116864172589149,森系干枯山茶花朵7cm小抓夹百搭气质发夹女后脑勺超仙鲨鱼夹发饰,,,普通订单,4.44,0,0,0,0,0,0,0,0,0,0,0,-0.22,0,0,0,0,0,0,否,0,义乌市於郝电子商务商行（个体工商户）,订单结算
2026-04-22 08:23:14,'2026042208230818344348700793,入账,2.26,聚合账户,货款结算入账,小店自卖,'6925526868131151094,'6925526868131151094,'SS76303601886918090500245,2026-04-12 12:45:51,'3809979415216128130,可爱小黄鸡发圈萌系扎发神器黑色发绳扎头发皮筋儿童卡子卖萌头饰,,,普通订单,2.38,0.4,0,0,0,0,0,0,0,0,0,0,-0.12,0,0,0,0,0,0,否,0,义乌市於郝电子商务商行（个体工商户）,订单结算
2026-04-22 08:23:48,'2026042208234409316764430793,入账,3.32,聚合账户,货款结算入账,小店自卖,'6925522575769173667,'6925522575769173667,'SS76302659221940515940211,2026-04-11 16:45:04,'3808515754769383695,2026新款高级牡丹花流苏抓夹毛毛发夹后脑勺显发量大号鲨鱼夹头饰,,,普通订单,3.5,0,0,0,0,0,0,0,0,0,0,0,-0.18,0,0,0,0,0,0,,0,义乌市於郝电子商务商行（个体工商户）,订单结算
2026-04-22 08:24:10,'2026042208240119477629900793,入账,3.32,聚合账户,货款结算入账,小店自卖,'6952012789972408241,'6952012789972408241,'SS76302663107460838400231,2026-04-12 04:26:38,'3808515754769383695,2026新款高级牡丹花流苏抓夹毛毛发夹后脑勺显发量大号鲨鱼夹头饰,,,普通订单,3.5,0,0,0,0,0,0,0,0,0,0,0,-0.18,0,0,0,0,0,0,否,0,义乌市於郝电子商务商行（个体工商户）,订单结算
2026-04-22 08:27:06,'2026042208265906235589520793,入账,2.26,聚合账户,货款结算入账,小店自卖,'6952015517685061228,'6952015517685061228,'SS76303601813658875510086,2026-04-12 13:10:26,'3809979415216128130,可爱小黄鸡发圈萌系扎发神器黑色发绳扎头发皮筋儿童卡子卖萌头饰,,,普通订单,0.01,0.4,0,0,0,0,0,0,2.37,0,0,0,-0.12,0,0,0,0,0,0,否,0,义乌市於郝电子商务商行（个体工商户）,订单结算
2026-04-22 08:27:17,'2026042208271022241938330793,入账,2.84,聚合账户,货款结算入账,小店自卖,'6925591133850926341,'6925591133850926341,'SS76303981176780065660018,2026-04-14 10:51:50,'3808855327718375885,复古豹纹褶皱中号香蕉夹高级感马尾扭扭夹后脑勺韩系显发量发卡,,,普通订单,2.99,1,0,0,0,0,0,0,0,0,0,0,-0.15,0,0,0,0,0,0,否,0,义乌市於郝电子商务商行（个体工商户）,订单结算
2026-04-22 08:27:21,'2026042208271423664233230793,出账,1,聚合账户,小额打款,,'6952077998321702698,'6952077998321702698,,,,,,,普通订单,0,0,0,0,0,0,0,0,0,0,0,0,0,0,0,0,0,0,0,,0,义乌市於郝电子商务商行（个体工商户）,商家向消费者小额打款-“其他”
2026-04-22 08:27:32,'2026042208272540707896950793,入账,3.23,聚合账户,货款结算入账,小店自卖,'6925523214568160333,'6925523214568160333,'SS76302660082937208750034,2026-04-11 21:40:23,'3808518913650721160,新款高级牡丹花流苏抓夹毛毛发夹后脑勺显发量大号鲨鱼头饰发夹,,,普通订单,3.4,0,0,0,0,0,0,0,0,0,0,0,-0.17,0,0,0,0,0,0,否,0,义乌市於郝电子商务商行（个体工商户）,订单结算
2026-04-22 08:27:55,'2026042208274814439224950793,入账,3.89,聚合账户,货款结算入账,小店自卖,'6951980718354208708,'6951980718354208708,'SS76302634819544353540132,2026-04-11 14:57:58,'3808855327718375885,复古豹纹褶皱中号香蕉夹高级感马尾扭扭夹后脑勺韩系显发量发卡,,,普通订单,4.09,0,0,0,0,0,0,0,0,0,0,0,-0.2,0,0,0,0,0,0,否,0,义乌市於郝电子商务商行（个体工商户）,订单结算
2026-04-22 08:28:01,'2026042208275526179056740793,出账,1,聚合账户,小额打款,,'6952047857180808616,'6952047857180808616,,,,,,,普通订单,0,0,0,0,0,0,0,0,0,0,0,0,0,0,0,0,0,0,0,,0,义乌市於郝电子商务商行（个体工商户）,商家向消费者小额打款-“其他”
2026-04-22 08:28:21,'2026042208281324216215440793,入账,1.89,聚合账户,货款结算入账,小店自卖,'6952103448477374385,'6952103448477374385,'SS76301855807069069260080,2026-04-16 00:43:01,'3808855327718375885,复古豹纹波点褶皱高马尾香蕉夹小号后脑勺竖夹韩系显发量发夹,,,普通订单,1.4,0,0,0.59,0,0,0,0,0,0,0,0,-0.1,0,0,0,0,0,0,,0,义乌市於郝电子商务商行（个体工商户）,订单结算
2026-04-22 08:28:53,'2026042208284717659991560793,入账,2.72,聚合账户,货款结算入账,小店自卖,'6951990811478005487,'6951990811478005487,'SS76303731980680730100224,2026-04-12 09:16:03,'3808518913650721160,新款高级牡丹花流苏抓夹毛毛发夹后脑勺显发量大号鲨鱼头饰发夹,,,普通订单,2.86,0,0,0,0,0,0,0,0,0,0,0,-0.14,0,0,0,0,0,0,否,0,义乌市於郝电子商务商行（个体工商户）,订单结算
2026-04-22 08:29:33,'2026042208292910781826620793,入账,1.04,聚合账户,货款结算入账,小店自卖,'6925524129018511009,'6925524129018511009,'SS76304007762258007190137,2026-04-12 09:32:34,'3808509441058406492,新款扭扭麻花发箍女简约高颅顶带齿防滑洗脸头箍发卡高级感民族风,,,普通订单,0.01,0,0,1.08,0,0,0,0,0,0,0,0,-0.05,0,0,0,0,0,0,,0,义乌市於郝电子商务商行（个体工商户）,订单结算
2026-04-22 08:30:15,'2026042208301041240174440793,入账,2.65,聚合账户,货款结算入账,小店自卖,'6951988516416132363,'6951988516416132363,'SS76302648767679537040143,2026-04-12 06:24:32,'3808522822146457689,夏天简约随手盘发一字夹扭扭夹水钻抓夹高级发夹扭扭后脑勺盘发器,,,普通订单,2.79,0,0,0,0,0,0,0,0,0,0,0,-0.14,0,0,0,0,0,0,否,0,义乌市於郝电子商务商行（个体工商户）,订单结算
2026-04-22 08:30:18,'2026042208301231990953500793,入账,5.68,聚合账户,货款结算入账,小店自卖,'6925519047582514472,'6925519047582514472,'SS76303890170749138180019,2026-04-11 22:49:38,'3811282248515322341,可爱小黄鸡小猪发圈学生风萌系扎发神器黑色发绳扎头发皮筋卖头饰,,,普通订单,5.98,0,0,0,0,0,0,0,0,0,0,0,-0.3,0,0,0,0,0,0,否,0,义乌市於郝电子商务商行（个体工商户）,订单结算
2026-04-22 08:32:21,'2026042208321536379205480793,入账,1.89,聚合账户,货款结算入账,小店自卖,'6925529472611810583,'6925529472611810583,'SS76302618538009889370149,2026-04-11 16:11:33,'3808855327718375885,复古豹纹褶皱中号香蕉夹高级感马尾扭扭夹后脑勺韩系显发量发卡,,,普通订单,0.01,0,0,1.98,0,0,0,0,0,0,0,0,-0.1,0,0,0,0,0,0,否,0,义乌市於郝电子商务商行（个体工商户）,订单结算
2026-04-22 08:32:50,'2026042208324704871626600793,入账,3.15,聚合账户,货款结算入账,小店自卖,'6925541244053585565,'6925541244053585565,'SS76303732115962601340139,2026-04-12 11:18:38,'3808518913650721160,新款高级牡丹花流苏抓夹毛毛发夹后脑勺显发量大号鲨鱼头饰发夹,,,普通订单,3.32,0,0,0,0,0,0,0,0,0,0,0,-0.17,0,0,0,0,0,0,否,0,义乌市於郝电子商务商行（个体工商户）,订单结算
2026-04-22 08:35:19,'2026042208351616200507070793,入账,3.23,聚合账户,货款结算入账,巨量千川,'6951997569774916932,'6951997569774916932,'SS76303734739361674510133,2026-04-12 12:23:35,'3808515754769383695,2026新款高级牡丹花流苏抓夹毛毛发夹后脑勺显发量大号鲨鱼夹头饰,,,普通订单,3.4,0,0,0,0,0,0,0,0,0,0,0,-0.17,0,0,0,0,0,0,否,0,义乌市於郝电子商务商行（个体工商户）,订单结算
2026-04-22 08:36:25,'2026042208362209899546000793,入账,1.89,聚合账户,货款结算入账,小店自卖,'6952011120044021430,'6952011120044021430,'SS76303702691861465600074,2026-04-12 11:39:08,'3808855327718375885,复古豹纹褶皱中号香蕉夹高级感马尾扭扭夹后脑勺韩系显发量发卡,,,普通订单,1.99,0,0,0,0,0,0,0,0,0,0,0,-0.1,0,0,0,0,0,0,否,0,义乌市於郝电子商务商行（个体工商户）,订单结算
2026-04-22 08:36:43,'2026042208364104997002700793,出账,1,聚合账户,小额打款,,'6925632153246989812,'6925632153246989812,,,,,,,普通订单,0,0,0,0,0,0,0,0,0,0,0,0,0,0,0,0,0,0,0,,0,义乌市於郝电子商务商行（个体工商户）,商家向消费者小额打款-“其他”
2026-04-22 08:44:55,'2026042208445031898504180793,入账,4.77,聚合账户,货款结算入账,小店自卖,'6925532035957620027,'6925532035957620027,'SS76302691788848668700016,2026-04-11 22:32:16,'3808826072573804729,迷你小号无痕鸭嘴夹抓夹小夹子精致蝴蝶结碎发夹刘海夹高级感发卡,,,普通订单,5.02,0,0,0,0,0,0,0,0,0,0,0,-0.25,0,0,0,0,0,0,否,0,义乌市於郝电子商务商行（个体工商户）,订单结算
2026-04-22 08:45:23,'2026042208451708068308890793,入账,1.88,聚合账户,货款结算入账,小店自卖,'6952004191740958393,'6952004191740958393,'SS76303735600950850900181,2026-04-12 09:30:29,'3812210500259938495,可爱蝴蝶结小猫无痕刘海贴魔术贴发饰少女前额侧边碎发贴整理神器,,,普通订单,1.98,0,0,0,0,0,0,0,0,0,0,0,-0.1,0,0,0,0,0,0,否,0,义乌市於郝电子商务商行（个体工商户）,订单结算
2026-04-22 08:45:59,'2026042208455529320481380793,入账,1.89,聚合账户,货款结算入账,小店自卖,'6951999049082869098,'6951999049082869098,'SS76302624672066647550199,2026-04-11 22:38:48,'3808855327718375885,复古豹纹褶皱中号香蕉夹高级感马尾扭扭夹后脑勺韩系显发量发卡,,,普通订单,0.01,0,0,1.98,0,0,0,0,0,0,0,0,-0.1,0,0,0,0,0,0,否,0,义乌市於郝电子商务商行（个体工商户）,订单结算
2026-04-22 08:47:06,'2026042208470007938706010793,入账,4.81,聚合账户,货款结算入账,小店自卖,'6952012905425081849,'6952012905425081849,'SS76277228286589384090168,2026-04-12 07:57:24,'3808515754769383695,2026新款高级牡丹花流苏抓夹毛毛发夹后脑勺显发量大号鲨鱼夹头饰,,,普通订单,5.06,0,0,0,0,0,0,0,0,0,0,0,-0.25,0,0,0,0,0,0,否,0,义乌市於郝电子商务商行（个体工商户）,订单结算
2026-04-22 08:47:20,'2026042208471606504289340793,入账,3.15,聚合账户,货款结算入账,小店自卖,'6925514919779663056,'6925514919779663056,'SS76302657467148050010204,2026-04-11 21:25:27,'3808518913650721160,新款高级牡丹花流苏抓夹毛毛发夹后脑勺显发量大号鲨鱼头饰发夹,,,普通订单,3.32,0,0,0,0,0,0,0,0,0,0,0,-0.17,0,0,0,0,0,0,否,0,义乌市於郝电子商务商行（个体工商户）,订单结算
2026-04-22 08:47:25,'2026042208471912674665310793,入账,2.74,聚合账户,货款结算入账,小店自卖,'6952115547929384189,'6952115547929253117,'SS76304642605186588510012,2026-04-16 17:35:51,'3814052959768150091,可爱蝴蝶结小猫无痕刘海魔术贴发饰少女前额侧边发贴整理神器,,,普通订单,2.88,0,0,0,0,0,0,0,0,0,0,0,-0.14,0,0,0,0,0,0,否,0,义乌市於郝电子商务商行（个体工商户）,订单结算
2026-04-22 08:47:58,'2026042208475338784414990793,入账,3.32,聚合账户,货款结算入账,小店自卖,'6951992871491803093,'6951992871491803093,'SS76303565261050680420125,2026-04-12 08:43:09,'3808515754769383695,2026新款高级牡丹花流苏抓夹毛毛发夹后脑勺显发量大号鲨鱼夹头饰,,,普通订单,0.5,0,0,3,0,0,0,0,0,0,0,0,-0.18,0,0,0,0,0,0,,0,义乌市於郝电子商务商行（个体工商户）,订单结算
2026-04-22 08:50:13,'2026042208500913505828190793,入账,4.62,聚合账户,货款结算入账,小店自卖,'6925617745187864095,'6925617745187864095,'SS76302689147403307930236,2026-04-15 19:34:32,'3808518913650721160,新款高级牡丹花流苏抓夹毛毛发夹后脑勺显发量大号鲨鱼头饰发夹,,,普通订单,4.86,0,0,0,0,0,0,0,0,0,0,0,-0.24,0,0,0,0,0,0,,0,义乌市於郝电子商务商行（个体工商户）,订单结算
2026-04-22 08:50:16,'2026042208501016364675080793,入账,3.31,聚合账户,货款结算入账,小店自卖,'6925518371803594056,'6925518371803594056,'SS76302879812869657750143,2026-04-11 17:54:36,'3809979415216128130,可爱小黄鸡发圈萌系扎发神器黑色发绳扎头发皮筋儿童卡子卖萌头饰,,,普通订单,3.48,0,0,0,0,0,0,0,0,0,0,0,-0.17,0,0,0,0,0,0,否,0,义乌市於郝电子商务商行（个体工商户）,订单结算
2026-04-22 08:50:50,'2026042208504707433958910793,入账,1.89,聚合账户,货款结算入账,小店自卖,'6952020061996193353,'6952020061996193353,'SS76303703550616376780166,2026-04-12 12:36:52,'3808855327718375885,复古豹纹褶皱中号香蕉夹高级感马尾扭扭夹后脑勺韩系显发量发卡,,,普通订单,0.01,0,0,1.98,0,0,0,0,0,0,0,0,-0.1,0,0,0,0,0,0,,0,义乌市於郝电子商务商行（个体工商户）,订单结算
2026-04-22 08:51:01,'2026042208505619637580900793,入账,6.17,聚合账户,货款结算入账,小店自卖,'6951974733054744460,'6951974733054744460,'SS76302879260565343350141,2026-04-11 19:53:17,'3808509441058406492,新款扭扭麻花发箍女简约高颅顶带齿防滑洗脸头箍发卡高级感民族风,,,普通订单,6.1,0,0,0.4,0,0,0,0,0,0,0,0,-0.33,0,0,0,0,0,0,否,0,义乌市於郝电子商务商行（个体工商户）,订单结算
2026-04-22 08:51:13,'2026042208510816284065380793,入账,2.77,聚合账户,货款结算入账,小店自卖,'6951887998470526710,'6951887998470526710,'SS76303890483391575040061,2026-04-07 15:46:19,'3808518913650721160,新款高级牡丹花流苏抓夹毛毛发夹后脑勺显发量大号鲨鱼头饰发夹,,,普通订单,0.01,0,0,2.91,0,0,0,0,0,0,0,0,-0.15,0,0,0,0,0,0,,0,义乌市於郝电子商务商行（个体工商户）,订单结算
2026-04-22 08:51:18,'2026042208511332017659380793,入账,2.72,聚合账户,货款结算入账,小店自卖,'6951983592110298854,'6951983592110298854,'SS76302658100150602620142,2026-04-11 20:13:54,'3808515754769383695,2026新款高级牡丹花流苏抓夹毛毛发夹后脑勺显发量大号鲨鱼夹头饰,,,普通订单,0.01,0,0,2.85,0,0,0,0,0,0,0,0,-0.14,0,0,0,0,0,0,,0,义乌市於郝电子商务商行（个体工商户）,订单结算
2026-04-22 08:51:53,'2026042208514937982090660793,入账,1.89,聚合账户,货款结算入账,小店自卖,'6925647640707890588,'6925647640707890588,'SS76303614684409902540186,2026-04-16 13:17:24,'3808855327718375885,复古豹纹波点褶皱高马尾香蕉夹小号后脑勺竖夹韩系显发量发夹,,,普通订单,0.01,0,0,1.98,0,0,0,0,0,0,0,0,-0.1,0,0,0,0,0,0,否,0,义乌市於郝电子商务商行（个体工商户）,订单结算
2026-04-22 08:51:57,'2026042208515309330734580793,入账,5.68,聚合账户,货款结算入账,小店自卖,'6951988039440078239,'6951988039440078239,'SS76303889993156533760147,2026-04-11 21:37:35,'3811282248515322341,可爱小黄鸡小猪发圈学生风萌系扎发神器黑色发绳扎头发皮筋卖头饰,,,普通订单,5.98,0,0,0,0,0,0,0,0,0,0,0,-0.3,0,0,0,0,0,0,否,0,义乌市於郝电子商务商行（个体工商户）,订单结算
2026-04-22 08:52:46,'2026042208524135362248020793,出账,2,聚合账户,小额打款,,'6925687763559546169,'6925687763559546169,,,,,,,普通订单,0,0,0,0,0,0,0,0,0,0,0,0,0,0,0,0,0,0,0,,0,义乌市於郝电子商务商行（个体工商户）,商家向消费者小额打款-“其他”
2026-04-22 08:52:53,'2026042208525037809075300793,入账,1.89,聚合账户,货款结算入账,巨量千川,'6951999847591188279,'6951999847591188279,'SS76304101700709790780167,2026-04-12 12:36:11,'3808855327718375885,复古豹纹褶皱中号香蕉夹高级感马尾扭扭夹后脑勺韩系显发量发卡,,,普通订单,1.99,0,0,0,0,0,0,0,0,0,0,0,-0.1,0,0,0,0,0,0,否,0,义乌市於郝电子商务商行（个体工商户）,订单结算
2026-04-22 08:53:05,'2026042208530031094216140793,入账,1.89,聚合账户,货款结算入账,小店自卖,'6951995907038844511,'6951995907038844511,'SS76303711451667505040067,2026-04-12 13:06:56,'3808855327718375885,复古豹纹褶皱中号香蕉夹高级感马尾扭扭夹后脑勺韩系显发量发卡,,,普通订单,1.99,0,0,0,0,0,0,0,0,0,0,0,-0.1,0,0,0,0,0,0,否,0,义乌市於郝电子商务商行（个体工商户）,订单结算
2026-04-22 08:53:14,'2026042208530922738045840793,入账,3.86,聚合账户,货款结算入账,巨量千川,'6951860788172035878,'6951860788172035878,'SS76302966279213430270070,2026-04-07 00:18:36,'3808515754769383695,2026新款高级牡丹花流苏抓夹毛毛发夹后脑勺显发量大号鲨鱼夹头饰,,,普通订单,4.06,0,0,0,0,0,0,0,0,0,0,0,-0.2,0,0,0,0,0,0,否,0,义乌市於郝电子商务商行（个体工商户）,订单结算
2026-04-22 08:55:14,'2026042208551010973519770793,入账,3.14,聚合账户,货款结算入账,巨量千川,'6925526540037685180,'6925526540037685180,'SS76303724986223987700007,2026-04-12 10:23:00,'3808522822146457689,夏天简约随手盘发一字夹扭扭夹水钻抓夹高级发夹扭扭后脑勺盘发器,,,普通订单,3.31,0,0,0,0,0,0,0,0,0,0,0,-0.17,0,0,0,0,0,0,否,0,义乌市於郝电子商务商行（个体工商户）,订单结算
2026-04-22 08:55:30,'2026042208552600637220100793,入账,3.38,聚合账户,货款结算入账,巨量千川,'6952125468745143346,'6952125468745143346,'SS76304544760309560820197,2026-04-17 10:09:14,'3808826072573804729,迷你小号无痕鸭嘴夹抓夹小夹子精致蝴蝶结碎发夹刘海夹高级感发卡,,,普通订单,3.56,0,0,0,0,0,0,0,0,0,0,0,-0.18,0,0,0,0,0,0,否,0,义乌市於郝电子商务商行（个体工商户）,订单结算
2026-04-22 08:56:27,'2026042208562300720248780793,入账,1.89,聚合账户,货款结算入账,小店自卖,'6951976719059522720,'6951976719059522720,'SS76302619612464748150238,2026-04-11 18:27:50,'3808855327718375885,复古豹纹褶皱中号香蕉夹高级感马尾扭扭夹后脑勺韩系显发量发卡,,,普通订单,1.99,0,0,0,0,0,0,0,0,0,0,0,-0.1,0,0,0,0,0,0,否,0,义乌市於郝电子商务商行（个体工商户）,订单结算
2026-04-22 08:57:51,'2026042208574816409239230793,入账,1.89,聚合账户,货款结算入账,小店自卖,'6951990611801609865,'6951990611801609865,'SS76302628568943009680180,2026-04-12 06:55:45,'3812736213081784671,韩系ins风高马尾香蕉夹竖夹女2026新款高级感发夹简约复古发饰,,,普通订单,1.99,0,0,0,0,0,0,0,0,0,0,0,-0.1,0,0,0,0,0,0,否,0,义乌市於郝电子商务商行（个体工商户）,订单结算
2026-04-22 09:01:36,'2026042209013208315051610793,入账,3.19,聚合账户,货款结算入账,小店自卖,'6925550855469563517,'6925550855469563517,'SS76303711027954819190179,2026-04-12 14:59:55,'3808855327718375885,复古豹纹褶皱中号香蕉夹高级感马尾扭扭夹后脑勺韩系显发量发卡,,,普通订单,3.36,0,0,0,0,0,0,0,0,0,0,0,-0.17,0,0,0,0,0,0,否,0,义乌市於郝电子商务商行（个体工商户）,订单结算
2026-04-22 09:03:28,'2026042209032100134845500793,入账,4.62,聚合账户,货款结算入账,巨量千川,'6925529220878007479,'6925529220878007479,'SS76303732367232251390119,2026-04-12 11:58:21,'3808518913650721160,新款高级牡丹花流苏抓夹毛毛发夹后脑勺显发量大号鲨鱼头饰发夹,,,普通订单,4.86,0,0,0,0,0,0,0,0,0,0,0,-0.24,0,0,0,0,0,0,否,0,义乌市於郝电子商务商行（个体工商户）,订单结算
2026-04-22 09:03:40,'2026042209033616023270400793,入账,3.38,聚合账户,货款结算入账,小店自卖,'6925532701743611052,'6925532701743611052,'SS76303749937980093860022,2026-04-12 09:17:25,'3808826072573804729,迷你小号无痕鸭嘴夹抓夹小夹子精致蝴蝶结碎发夹刘海夹高级感发卡,,,普通订单,3.56,0,0,0,0,0,0,0,0,0,0,0,-0.18,0,0,0,0,0,0,否,0,义乌市於郝电子商务商行（个体工商户）,订单结算
2026-04-22 09:04:06,'2026042209040232510282700793,入账,3.32,聚合账户,货款结算入账,小店自卖,'6925517386775363322,'6925517386775363322,'SS76302663283488568470111,2026-04-12 05:47:27,'3808515754769383695,2026新款高级牡丹花流苏抓夹毛毛发夹后脑勺显发量大号鲨鱼夹头饰,,,普通订单,3.5,0,0,0,0,0,0,0,0,0,0,0,-0.18,0,0,0,0,0,0,否,0,义乌市於郝电子商务商行（个体工商户）,订单结算
2026-04-22 09:06:51,'2026042209064809732470260793,入账,2.36,聚合账户,货款结算入账,小店自卖,'6951974597134128262,'6951974597134128262,'SS76302879472059190260051,2026-04-11 18:26:23,'3811282248515322341,可爱小黄鸡小猪发圈学生风萌系扎发神器黑色发绳扎头发皮筋卖头饰,,,普通订单,2.48,0,0,0,0,0,0,0,0,0,0,0,-0.12,0,0,0,0,0,0,否,0,义乌市於郝电子商务商行（个体工商户）,订单结算
2026-04-22 09:07:38,'2026042209073314140544380793,入账,4.62,聚合账户,货款结算入账,小店自卖,'6952001898782397946,'6952001898782397946,'SS76302659078185454590133,2026-04-12 07:32:25,'3808515754769383695,2026新款高级牡丹花流苏抓夹毛毛发夹后脑勺显发量大号鲨鱼夹头饰,,,普通订单,4.86,0,0,0,0,0,0,0,0,0,0,0,-0.24,0,0,0,0,0,0,否,0,义乌市於郝电子商务商行（个体工商户）,订单结算
2026-04-22 09:09:20,'2026042209091616945979510793,入账,7.12,聚合账户,货款结算入账,小店自卖,'6925524652657573497,'6925524652657573497,'SS76303694405481313780235,2026-04-12 13:57:10,'3808509441058406492,新款扭扭麻花发箍女简约高颅顶带齿防滑洗脸头箍发卡高级感民族风,,,普通订单,7.5,1,0,0,0,0,0,0,0,0,0,0,-0.38,0,0,0,0,0,0,否,0,义乌市於郝电子商务商行（个体工商户）,订单结算
2026-04-22 09:10:42,'2026042209103807980654340793,入账,2.86,聚合账户,货款结算入账,小店自卖,'6925643300660936062,'6925643300660936062,'SS76303256797835761000211,2026-04-16 13:07:07,'3809438133272051839,韩版新款格纹蝴蝶结香蕉夹复古少女中号马尾夹百搭扭扭发卡抓夹,,,普通订单,3.01,0,0,0,0,0,0,0,0,0,0,0,-0.15,0,0,0,0,0,0,否,0,义乌市於郝电子商务商行（个体工商户）,订单结算
2026-04-22 09:12:28,'2026042209122303113170270793,入账,3.19,聚合账户,货款结算入账,小店自卖,'6952007926553449788,'6952007926553449788,'SS76302640016084833540156,2026-04-11 21:31:45,'3808855327718375885,复古豹纹褶皱中号香蕉夹高级感马尾扭扭夹后脑勺韩系显发量发卡,,,普通订单,3.36,0,0,0,0,0,0,0,0,0,0,0,-0.17,0,0,0,0,0,0,否,0,义乌市於郝电子商务商行（个体工商户）,订单结算
2026-04-22 09:14:40,'2026042209143629748762230793,入账,3.19,聚合账户,货款结算入账,小店自卖,'6925525018198507257,'6925525018198507257,'SS76302632797802498940049,2026-04-11 17:14:43,'3808855327718375885,复古豹纹褶皱中号香蕉夹高级感马尾扭扭夹后脑勺韩系显发量发卡,,,普通订单,3.36,0,0,0,0,0,0,0,0,0,0,0,-0.17,0,0,0,0,0,0,否,0,义乌市於郝电子商务商行（个体工商户）,订单结算
2026-04-22 09:15:52,'2026042209154720815426560793,出账,2,聚合账户,小额打款,,'6925680215078305068,'6925680215078305068,,,,,,,普通订单,0,0,0,0,0,0,0,0,0,0,0,0,0,0,0,0,0,0,0,,0,义乌市於郝电子商务商行（个体工商户）,商家向消费者小额打款-“其他”
2026-04-22 09:17:12,'2026042209170909823363060793,入账,1.89,聚合账户,货款结算入账,小店自卖,'6952013025826510217,'6952013025826510217,'SS76303711583278702270051,2026-04-12 09:59:18,'3808855327718375885,复古豹纹褶皱中号香蕉夹高级感马尾扭扭夹后脑勺韩系显发量发卡,,,普通订单,1.99,0,0,0,0,0,0,0,0,0,0,0,-0.1,0,0,0,0,0,0,否,0,义乌市於郝电子商务商行（个体工商户）,订单结算
2026-04-22 09:17:12,'2026042209170813718003600793,入账,2.72,聚合账户,货款结算入账,巨量千川,'6952001971381278630,'6952001971381278630,'SS76302661241185736220236,2026-04-12 07:45:46,'3808518913650721160,新款高级牡丹花流苏抓夹毛毛发夹后脑勺显发量大号鲨鱼头饰发夹,,,普通订单,0.01,0,0,2.85,0,0,0,0,0,0,0,0,-0.14,0,0,0,0,0,0,否,0,义乌市於郝电子商务商行（个体工商户）,订单结算
2026-04-22 09:17:12,'2026042209170816036006490793,入账,3.23,聚合账户,货款结算入账,小店自卖,'6925543989808102654,'6925543989808102654,'SS76304129918840345860082,2026-04-12 14:54:14,'3808518913650721160,新款高级牡丹花流苏抓夹毛毛发夹后脑勺显发量大号鲨鱼头饰发夹,,,普通订单,3.4,0,0,0,0,0,0,0,0,0,0,0,-0.17,0,0,0,0,0,0,否,0,义乌市於郝电子商务商行（个体工商户）,订单结算
2026-04-22 09:17:12,'2026042209170834230645860793,入账,2.71,聚合账户,货款结算入账,小店自卖,'6925553014937386755,'6925553014937386755,'SS76303561044378585860130,2026-04-12 13:35:49,'3809214874429555055,【LOVEIXCC】新款法式网红发箍发卡宽边复古秋冬头饰百搭高级盘发器,,,普通订单,2.85,0,0,0,0,0,0,0,0,0,0,0,-0.14,0,0,0,0,0,0,否,0,义乌市於郝电子商务商行（个体工商户）,订单结算
2026-04-22 09:17:12,'2026042209170814436930900793,入账,2.86,聚合账户,货款结算入账,小店自卖,'6952019695814318009,'6952019695814318009,'SS76302724489569241750191,2026-04-12 08:35:26,'3809438133272051839,韩版新款格纹蝴蝶结香蕉夹复古少女中号马尾夹百搭扭扭发卡抓夹,,,普通订单,3.01,0,0,0,0,0,0,0,0,0,0,0,-0.15,0,0,0,0,0,0,否,0,义乌市於郝电子商务商行（个体工商户）,订单结算
2026-04-22 09:17:12,'2026042209170834700500580793,入账,3.32,聚合账户,货款结算入账,巨量千川,'6952013379215889684,'6952013379215889684,'SS76303735387378038300002,2026-04-12 13:14:02,'3808515754769383695,2026新款高级牡丹花流苏抓夹毛毛发夹后脑勺显发量大号鲨鱼夹头饰,,,普通订单,3.5,0,0,0,0,0,0,0,0,0,0,0,-0.18,0,0,0,0,0,0,否,0,义乌市於郝电子商务商行（个体工商户）,订单结算
2026-04-22 09:17:12,'2026042209170725659642880793,入账,3.37,聚合账户,货款结算入账,小店自卖,'6952107914246362146,'6952107914246362146,'SS76302722069985408350072,2026-04-15 23:51:00,'3812550548062863750,温柔波点蝴蝶结香蕉夹芭蕾风气质少女百搭巨显发量高马尾盘发头饰,,,普通订单,3.55,0,0,0,0,0,0,0,0,0,0,0,-0.18,0,0,0,0,0,0,否,0,义乌市於郝电子商务商行（个体工商户）,订单结算
2026-04-22 09:17:12,'2026042209170914985631220793,入账,5.68,聚合账户,货款结算入账,小店自卖,'6925528272900095026,'6925528272900095026,'SS76303890507042534500154,2026-04-12 00:12:18,'3811282248515322341,可爱小黄鸡小猪发圈学生风萌系扎发神器黑色发绳扎头发皮筋卖头饰,,,普通订单,5.98,0,0,0,0,0,0,0,0,0,0,0,-0.3,0,0,0,0,0,0,否,0,义乌市於郝电子商务商行（个体工商户）,订单结算
2026-04-22 09:17:12,'2026042209170809985398270793,入账,3.89,聚合账户,货款结算入账,小店自卖,'6952057778742825989,'6952057778742825989,'SS76304736712405818940182,2026-04-13 22:40:33,'3808855327718375885,复古豹纹褶皱中号香蕉夹高级感马尾扭扭夹后脑勺韩系显发量发卡,,,普通订单,4.09,0,0,0,0,0,0,0,0,0,0,0,-0.2,0,0,0,0,0,0,否,0,义乌市於郝电子商务商行（个体工商户）,订单结算
2026-04-22 09:17:12,'2026042209170734282212110793,入账,4.62,聚合账户,货款结算入账,小店自卖,'6951967449826203296,'6951967449826203296,'SS76303564883890508990023,2026-04-11 13:08:27,'3808515754769383695,2026新款高级牡丹花流苏抓夹毛毛发夹后脑勺显发量大号鲨鱼夹头饰,,,普通订单,4.86,0,0,0,0,0,0,0,0,0,0,0,-0.24,0,0,0,0,0,0,否,0,义乌市於郝电子商务商行（个体工商户）,订单结算
2026-04-22 09:17:13,'2026042209171018468214220793,入账,2.84,聚合账户,货款结算入账,小店自卖,'6925551339820514672,'6925551339820514672,'SS76304372460259576830095,2026-04-12 18:25:35,'3811107016030683631,森系干枯山茶花朵7cm小抓夹 百搭气质发夹女后脑勺超仙鲨夹发饰,,,普通订单,2.99,0,0,0,0,0,0,0,0,0,0,0,-0.15,0,0,0,0,0,0,否,0,义乌市於郝电子商务商行（个体工商户）,订单结算
2026-04-22 09:17:13,'2026042209170838892669850793,入账,3.42,聚合账户,货款结算入账,小店自卖,'6952106027292956280,'6952106027292956280,'SS76304708069460872310151,2026-04-16 11:28:12,'3809586825216000110,春夏撞色甜美蝴蝶结发夹女后脑勺抓夹2026新款气质大号盘发鸭嘴夹,,,普通订单,1.6,0,0,0,0,0,0,0,0,2,0,0,-0.18,0,0,0,0,0,0,否,0,义乌市於郝电子商务商行（个体工商户）,订单结算
2026-04-22 09:17:13,'2026042209170737847537100793,入账,4.26,聚合账户,货款结算入账,小店自卖,'6925525045724806327,'6925525045724806327,'SS76302879325460444540242,2026-04-11 17:51:48,'3811116864172589149,森系干枯山茶花朵7cm小抓夹百搭气质发夹女后脑勺超仙鲨鱼夹发饰,,,普通订单,0.88,0,0,3.6,0,0,0,0,0,0,0,0,-0.22,0,0,0,0,0,0,否,0,义乌市於郝电子商务商行（个体工商户）,订单结算
2026-04-22 09:17:13,'2026042209171016233600100793,入账,3.21,聚合账户,货款结算入账,小店自卖,'6925553398300573058,'6925553398300573058,'SS76304264694386406820106,2026-04-12 15:56:50,'3810363035185447208,虞书欣同款圆形金属发扣高级感侧边发扣边夹头饰小触角刘海发夹,,,普通订单,3.38,0,0,0,0,0,0,0,0,0,0,0,-0.17,0,0,0,0,0,0,否,0,义乌市於郝电子商务商行（个体工商户）,订单结算
2026-04-22 09:17:13,'2026042209170739440883710793,入账,3.26,聚合账户,货款结算入账,小店自卖,'6925655445051244385,'6925655445051244385,'SS76303939734254395300068,2026-04-16 22:22:32,'3808518913650721160,新款高级牡丹花流苏抓夹毛毛发夹后脑勺显发量大号鲨鱼头饰发夹,,,普通订单,0.43,0,0,3,0,0,0,0,0,0,0,0,-0.17,0,0,0,0,0,0,,0,义乌市於郝电子商务商行（个体工商户）,订单结算
2026-04-22 09:17:13,'2026042209171010195274330793,入账,2.72,聚合账户,货款结算入账,小店自卖,'6925519402471620003,'6925519402471620003,'SS76302660286023600740237,2026-04-12 04:39:30,'3808515754769383695,2026新款高级牡丹花流苏抓夹毛毛发夹后脑勺显发量大号鲨鱼夹头饰,,,普通订单,0.01,0,0,2.85,0,0,0,0,0,0,0,0,-0.14,0,0,0,0,0,0,,0,义乌市於郝电子商务商行（个体工商户）,订单结算
2026-04-22 09:17:13,'2026042209170936462927450793,入账,2.65,聚合账户,货款结算入账,巨量千川,'6951979225213900566,'6951979225213900566,'SS76302638125641937980058,2026-04-11 18:49:27,'3808855327718375885,复古豹纹褶皱中号香蕉夹高级感马尾扭扭夹后脑勺韩系显发量发卡,,,普通订单,0.01,0,0,2.78,0,0,0,0,0,0,0,0,-0.14,0,0,0,0,0,0,,0,义乌市於郝电子商务商行（个体工商户）,订单结算
2026-04-22 09:17:13,'2026042209171102100764420793,入账,4.62,聚合账户,货款结算入账,小店自卖,'6925530551039065279,'6925530551039065279,'SS76302658874642765300040,2026-04-11 23:39:05,'3808518913650721160,新款高级牡丹花流苏抓夹毛毛发夹后脑勺显发量大号鲨鱼头饰发夹,,,普通订单,2.46,0,0,2.4,0,0,0,0,0,0,0,0,-0.24,0,0,0,0,0,0,否,0,义乌市於郝电子商务商行（个体工商户）,订单结算
2026-04-22 09:17:13,'2026042209171004804326920793,入账,2.72,聚合账户,货款结算入账,小店自卖,'6951998420887279045,'6951998420887279045,'SS76302660797691704660183,2026-04-11 15:56:33,'3808515754769383695,2026新款高级牡丹花流苏抓夹毛毛发夹后脑勺显发量大号鲨鱼夹头饰,,,普通订单,0.01,0,0,2.85,0,0,0,0,0,0,0,0,-0.14,0,0,0,0,0,0,,0,义乌市於郝电子商务商行（个体工商户）,订单结算
2026-04-22 09:17:13,'2026042209170819726994010793,入账,1.89,聚合账户,货款结算入账,小店自卖,'6925527288943968224,'6925527288943968224,'SS76302619130333926460043,2026-04-11 17:17:17,'3808855327718375885,复古豹纹褶皱中号香蕉夹高级感马尾扭扭夹后脑勺韩系显发量发卡,,,普通订单,0.01,0,0,1.98,0,0,0,0,0,0,0,0,-0.1,0,0,0,0,0,0,否,0,义乌市於郝电子商务商行（个体工商户）,订单结算
2026-04-22 09:17:13,'2026042209170923619341060793,入账,1.89,聚合账户,货款结算入账,小店自卖,'6925514511446343434,'6925514511446343434,'SS76302619608815864950089,2026-04-11 18:18:13,'3808855327718375885,复古豹纹褶皱中号香蕉夹高级感马尾扭扭夹后脑勺韩系显发量发卡,,,普通订单,1.99,0,0,0,0,0,0,0,0,0,0,0,-0.1,0,0,0,0,0,0,否,0,义乌市於郝电子商务商行（个体工商户）,订单结算
2026-04-22 09:17:13,'2026042209170911915108220793,入账,1.89,聚合账户,货款结算入账,小店自卖,'6925523221006679214,'6925523221006679214,'SS76302639501362959710224,2026-04-11 21:26:35,'3808855327718375885,复古豹纹褶皱中号香蕉夹高级感马尾扭扭夹后脑勺韩系显发量发卡,,,普通订单,1.99,0,0,0,0,0,0,0,0,0,0,0,-0.1,0,0,0,0,0,0,否,0,义乌市於郝电子商务商行（个体工商户）,订单结算
2026-04-22 09:17:13,'2026042209170932589750220793,入账,4.62,聚合账户,货款结算入账,小店自卖,'6925534643280117594,'6925534643280117594,'SS76303567750382717960129,2026-04-12 00:24:55,'3809438133272051839,韩版新款格纹蝴蝶结香蕉夹复古少女中号马尾夹百搭扭扭发卡抓夹,,,普通订单,0.01,0,0,4.85,0,0,0,0,0,0,0,0,-0.24,0,0,0,0,0,0,否,0,义乌市於郝电子商务商行（个体工商户）,订单结算
2026-04-22 09:17:13,'2026042209170909321848590793,入账,3.19,聚合账户,货款结算入账,小店自卖,'6925514202544962786,'6925514202544962786,'SS76302638883448264080015,2026-04-11 16:03:36,'3808855327718375885,复古豹纹褶皱中号香蕉夹高级感马尾扭扭夹后脑勺韩系显发量发卡,,,普通订单,1.36,0,0,2,0,0,0,0,0,0,0,0,-0.17,0,0,0,0,0,0,否,0,义乌市於郝电子商务商行（个体工商户）,订单结算
2026-04-22 09:17:13,'2026042209170913004805500793,入账,1.89,聚合账户,货款结算入账,巨量千川,'6952003227993708140,'6952003227993708140,'SS76302639314500165660047,2026-04-11 17:58:44,'3808855327718375885,复古豹纹褶皱中号香蕉夹高级感马尾扭扭夹后脑勺韩系显发量发卡,,,普通订单,1.39,0,0,0.6,0,0,0,0,0,0,0,0,-0.1,0,0,0,0,0,0,否,0,义乌市於郝电子商务商行（个体工商户）,订单结算
2026-04-22 09:17:13,'2026042209171000296886180793,入账,3.66,聚合账户,货款结算入账,小店自卖,'6952129743745980189,'6952129743745980189,'SS76303914767567262780123,2026-04-17 00:33:57,'3808831800021745920,2026新款韩系波点发圈复古蝴蝶结头花大肠发圈丸子头发饰马尾发绳,,,普通订单,3.85,0,0,0,0,0,0,0,0,0,0,0,-0.19,0,0,0,0,0,0,否,0,义乌市於郝电子商务商行（个体工商户）,订单结算
2026-04-22 09:17:13,'2026042209170933601953340793,入账,5.64,聚合账户,货款结算入账,小店自卖,'6952007908637873687,'6952007908637873687,'SS76302880007621228020234,2026-04-11 21:26:28,'3809602909876912378,2026韩系格子方巾大肠发圈高级慵懒风发绳扎方形头发头绳大号发饰,,,普通订单,5.94,0,0,0,0,0,0,0,0,0,0,0,-0.3,0,0,0,0,0,0,,0,义乌市於郝电子商务商行（个体工商户）,订单结算
2026-04-22 09:17:13,'2026042209171011504891390793,入账,5.68,聚合账户,货款结算入账,小店自卖,'6951992320383260306,'6951992320383260306,'SS76303889824173635080091,2026-04-11 21:39:32,'3811282248515322341,可爱小黄鸡小猪发圈学生风萌系扎发神器黑色发绳扎头发皮筋卖头饰,,,普通订单,0.01,0,0,5.97,0,0,0,0,0,0,0,0,-0.3,0,0,0,0,0,0,否,0,义乌市於郝电子商务商行（个体工商户）,订单结算
2026-04-22 09:17:13,'2026042209171039737920420793,入账,4.08,聚合账户,货款结算入账,小店自卖,'6951999927731557781,'6951999927731557781,'SS76303745821893637540028,2026-04-12 14:20:06,'3809214874429555055,【LOVEIXCC】新款法式网红发箍发卡宽边复古秋冬头饰百搭高级盘发器,,,普通订单,4.3,0,0,0,0,0,0,0,0,0,0,0,-0.22,0,0,0,0,0,0,否,0,义乌市於郝电子商务商行（个体工商户）,订单结算
2026-04-22 09:17:13,'2026042209170909158822500793,入账,2.83,聚合账户,货款结算入账,小店自卖,'6952000054952073189,'6952000054952073189,'SS76303998583077115420230,2026-04-12 15:23:26,'3809014413466402928,大肠圈蝴蝶头花带新款波点飘带大肠发圈高级感扎头发皮筋发饰发绳,,,普通订单,0.01,0,0,2.97,0,0,0,0,0,0,0,0,-0.15,0,0,0,0,0,0,,0,义乌市於郝电子商务商行（个体工商户）,订单结算
2026-04-22 09:17:13,'2026042209171017079012300793,入账,1.89,聚合账户,货款结算入账,小店自卖,'6925527418947861600,'6925527418947861600,'SS76302619592182871300124,2026-04-11 18:14:36,'3808855327718375885,复古豹纹褶皱中号香蕉夹高级感马尾扭扭夹后脑勺韩系显发量发卡,,,普通订单,1.99,0,0,0,0,0,0,0,0,0,0,0,-0.1,0,0,0,0,0,0,否,0,义乌市於郝电子商务商行（个体工商户）,订单结算
2026-04-22 09:17:13,'2026042209170933639019780793,入账,3.23,聚合账户,货款结算入账,小店自卖,'6925630703233301936,'6925630703233301936,'SS76303132016154588670137,2026-04-16 12:54:13,'3808518913650721160,新款高级牡丹花流苏抓夹毛毛发夹后脑勺显发量大号鲨鱼头饰发夹,,,普通订单,3.4,0,0,0,0,0,0,0,0,0,0,0,-0.17,0,0,0,0,0,0,否,0,义乌市於郝电子商务商行（个体工商户）,订单结算
2026-04-22 09:17:13,'2026042209170908942761050793,入账,5.68,聚合账户,货款结算入账,小店自卖,'6952001363718771752,'6952001363718771752,'SS76303889951514468470089,2026-04-11 21:14:56,'3811282248515322341,可爱小黄鸡小猪发圈学生风萌系扎发神器黑色发绳扎头发皮筋卖头饰,,,普通订单,0.98,0,0,5,0,0,0,0,0,0,0,0,-0.3,0,0,0,0,0,0,否,0,义乌市於郝电子商务商行（个体工商户）,订单结算
2026-04-22 09:17:13,'2026042209170925843146620793,入账,4.03,聚合账户,货款结算入账,小店自卖,'6925512393074965991,'6925512393074965991,'SS76303998491253355520243,2026-04-11 17:21:33,'3811282248515322341,可爱小黄鸡小猪发圈学生风萌系扎发神器黑色发绳扎头发皮筋卖头饰,,,普通订单,0.01,0,0,4.23,0,0,0,0,0,0,0,0,-0.21,0,0,0,0,0,0,否,0,义乌市於郝电子商务商行（个体工商户）,订单结算
2026-04-22 09:17:13,'2026042209170923552497060793,入账,2.77,聚合账户,货款结算入账,小店自卖,'6925518393170230559,'6925518393170230559,'SS76302661711748308820118,2026-04-11 18:16:39,'3808518913650721160,新款高级牡丹花流苏抓夹毛毛发夹后脑勺显发量大号鲨鱼头饰发夹,,,普通订单,0.01,0,0,2.91,0,0,0,0,0,0,0,0,-0.15,0,0,0,0,0,0,否,0,义乌市於郝电子商务商行（个体工商户）,订单结算
2026-04-22 09:17:14,'2026042209171028532413960793,入账,3.13,聚合账户,货款结算入账,小店自卖,'6952017825183635233,'6952017825183635233,'SS76303034734813514650191,2026-04-12 15:10:28,'3810163319155851664,可爱小黄鸡发绳闺蜜同款少女心爆棚萌系扎发神器皮筋卖萌头饰学生,,,普通订单,3.3,0,0,0,0,0,0,0,0,0,0,0,-0.17,0,0,0,0,0,0,,0,义乌市於郝电子商务商行（个体工商户）,订单结算
2026-04-22 09:17:14,'2026042209171002776929620793,入账,1.91,聚合账户,货款结算入账,小店自卖,'6951987657159611524,'6951987657159611524,'SS76289201847787691860207,2026-04-11 17:15:19,'3808509441058406492,新款扭扭麻花发箍女简约高颅顶带齿防滑洗脸头箍发卡高级感民族风,,,普通订单,3.92,0,0,0.09,0,0,0,0,0,0,0,-2,-0.1,0,0,0,0,0,0,否,0,义乌市於郝电子商务商行（个体工商户）,订单结算
2026-04-22 09:17:14,'2026042209171008690895990793,入账,1.89,聚合账户,货款结算入账,小店自卖,'6952008041040450667,'6952008041040450667,'SS76303571317907950350012,2026-04-11 22:48:17,'3808855327718375885,复古豹纹褶皱中号香蕉夹高级感马尾扭扭夹后脑勺韩系显发量发卡,,,普通订单,0.01,0,0,1.98,0,0,0,0,0,0,0,0,-0.1,0,0,0,0,0,0,否,0,义乌市於郝电子商务商行（个体工商户）,订单结算
2026-04-22 09:17:14,'2026042209170820793800020793,入账,2.28,聚合账户,货款结算入账,小店自卖,'6951979019372664308,'6951979019372664308,'SS76302681748311741940100,2026-04-11 16:00:46,'3809214874429555055,【LOVEIXCC】新款法式网红发箍发卡宽边复古秋冬头饰百搭高级盘发器,,,普通订单,0.01,0,0,2.39,0,0,0,0,0,0,0,0,-0.12,0,0,0,0,0,0,否,0,义乌市於郝电子商务商行（个体工商户）,订单结算
2026-04-22 09:17:14,'2026042209170924588459920793,入账,2.17,聚合账户,货款结算入账,小店自卖,'6952001282362315921,'6952001282362315921,'SS76302679409651719680216,2026-04-11 20:40:40,'3809207830674800849,春夏宽边绒面发箍女2026新款压发洗脸发卡高级感时尚洋气头箍百搭,,,普通订单,2.07,0,0,0.21,0,0,0,0,0,0,0,0,-0.11,0,0,0,0,0,0,否,0,义乌市於郝电子商务商行（个体工商户）,订单结算
2026-04-22 09:17:14,'2026042209171004112878540793,入账,2.77,聚合账户,货款结算入账,小店自卖,'6925426059210817182,'6925426059210817182,'SS76303890351962404190177,2026-04-07 15:36:02,'3808518913650721160,新款高级牡丹花流苏抓夹毛毛发夹后脑勺显发量大号鲨鱼头饰发夹,,,普通订单,2.92,0,0,0,0,0,0,0,0,0,0,0,-0.15,0,0,0,0,0,0,否,0,义乌市於郝电子商务商行（个体工商户）,订单结算
2026-04-22 09:17:14,'2026042209171030168683610793,入账,1.89,聚合账户,货款结算入账,小店自卖,'6952075117061543626,'6952075117061543626,'SS76304677861096043880005,2026-04-14 23:20:52,'3808855327718375885,复古豹纹褶皱中号香蕉夹高级感马尾扭扭夹后脑勺韩系显发量发卡,,,普通订单,0.01,0,0,1.98,0,0,0,0,0,0,0,0,-0.1,0,0,0,0,0,0,否,0,义乌市於郝电子商务商行（个体工商户）,订单结算
2026-04-22 09:17:14,'2026042209171123824798910793,入账,1.89,聚合账户,货款结算入账,小店自卖,'6925520705053424840,'6925520705053424840,'SS76302620072968686460235,2026-04-11 18:31:43,'3808855327718375885,复古豹纹褶皱中号香蕉夹高级感马尾扭扭夹后脑勺韩系显发量发卡,,,普通订单,0.01,0,0,1.98,0,0,0,0,0,0,0,0,-0.1,0,0,0,0,0,0,否,0,义乌市於郝电子商务商行（个体工商户）,订单结算
2026-04-22 09:17:14,'2026042209171104195333180793,入账,4.94,聚合账户,货款结算入账,小店自卖,'6925535338428202865,'6925535338428202865,'SS76303263187817641340124,2026-04-12 10:41:22,'3811282248515322341,可爱小黄鸡小猪发圈学生风萌系扎发神器黑色发绳扎头发皮筋卖头饰,,,普通订单,0.2,0,0,5,0,0,0,0,0,0,0,0,-0.26,0,0,0,0,0,0,否,0,义乌市於郝电子商务商行（个体工商户）,订单结算
2026-04-22 09:17:14,'2026042209170903117391420793,入账,3.23,聚合账户,货款结算入账,小店自卖,'6952003672495756468,'6952003672495756468,'SS76302660222812534020127,2026-04-11 22:37:30,'3808518913650721160,新款高级牡丹花流苏抓夹毛毛发夹后脑勺显发量大号鲨鱼头饰发夹,,,普通订单,2.96,0,0,0.44,0,0,0,0,0,0,0,0,-0.17,0,0,0,0,0,0,否,0,义乌市於郝电子商务商行（个体工商户）,订单结算
2026-04-22 09:17:14,'2026042209170932773081980793,入账,1.89,聚合账户,货款结算入账,小店自卖,'6925541723968536017,'6925541723968536017,'SS76303939474667604980209,2026-04-12 15:33:37,'3808855327718375885,复古豹纹褶皱中号香蕉夹高级感马尾扭扭夹后脑勺韩系显发量发卡,,,普通订单,0.01,0,0,1.98,0,0,0,0,0,0,0,0,-0.1,0,0,0,0,0,0,否,0,义乌市於郝电子商务商行（个体工商户）,订单结算
2026-04-22 09:17:14,'2026042209170839608530380793,入账,6.17,聚合账户,货款结算入账,小店自卖,'6925543928289656739,'6925543928289656739,'SS76303601935256947390023,2026-04-12 14:30:35,'3808509441058406492,新款扭扭麻花发箍女简约高颅顶带齿防滑洗脸头箍发卡高级感民族风,,,普通订单,4.69,0,0,1.8,0,0,0,0,0,0,0,0,-0.32,0,0,0,0,0,0,否,0,义乌市於郝电子商务商行（个体工商户）,订单结算
2026-04-22 09:17:14,'2026042209170732137551510793,入账,1.89,聚合账户,货款结算入账,巨量千川,'6952096849034810574,'6952096849034810574,'SS76302853260871273590132,2026-04-16 00:33:01,'3808855327718375885,复古豹纹波点褶皱高马尾香蕉夹小号后脑勺竖夹韩系显发量发夹,,,普通订单,0.01,0,0,1.98,0,0,0,0,0,0,0,0,-0.1,0,0,0,0,0,0,否,0,义乌市於郝电子商务商行（个体工商户）,订单结算
2026-04-22 09:17:14,'2026042209170940607583070793,入账,4.81,聚合账户,货款结算入账,小店自卖,'6951909844615304344,'6951909844615304344,'SS76278328325142778940094,2026-04-08 18:16:54,'3808518913650721160,新款高级牡丹花流苏抓夹毛毛发夹后脑勺显发量大号鲨鱼头饰发夹,,,普通订单,0.01,0,0,5.05,0,0,0,0,0,0,0,0,-0.25,0,0,0,0,0,0,,0,义乌市於郝电子商务商行（个体工商户）,订单结算
2026-04-22 09:17:14,'2026042209171020695293440793,入账,2.77,聚合账户,货款结算入账,小店自卖,'6951988564090689085,'6951988564090689085,'SS76302663212067435870234,2026-04-12 07:54:04,'3808515754769383695,2026新款高级牡丹花流苏抓夹毛毛发夹后脑勺显发量大号鲨鱼夹头饰,,,普通订单,0.01,0,0,2.91,0,0,0,0,0,0,0,0,-0.15,0,0,0,0,0,0,,0,义乌市於郝电子商务商行（个体工商户）,订单结算
2026-04-22 09:17:14,'2026042209170927483510160793,入账,2.8,聚合账户,货款结算入账,小店自卖,'6952133826251789519,'6952133826251789519,'SS76302772174736596980091,2026-04-16 22:25:33,'3809599445994176839,春日超仙韩系碎花蕾丝大肠发圈女甜美感丸子头慵懒风超大发饰头绳,,,普通订单,0.01,0,0,2.94,0,0,0,0,0,0,0,0,-0.15,0,0,0,0,0,0,,0,义乌市於郝电子商务商行（个体工商户）,订单结算
2026-04-22 09:17:14,'2026042209171031176791670793,入账,1.89,聚合账户,货款结算入账,巨量千川,'6951995939885750005,'6951995939885750005,'SS76303711543644861840142,2026-04-12 13:29:00,'3808855327718375885,复古豹纹褶皱中号香蕉夹高级感马尾扭扭夹后脑勺韩系显发量发卡,,,普通订单,0.01,0,0,1.98,0,0,0,0,0,0,0,0,-0.1,0,0,0,0,0,0,,0,义乌市於郝电子商务商行（个体工商户）,订单结算
2026-04-22 09:17:14,'2026042209171008775644570793,入账,5.68,聚合账户,货款结算入账,小店自卖,'6925543999622381044,'6925543999622381044,'SS76303891366892838490036,2026-04-12 14:57:05,'3811282248515322341,可爱小黄鸡小猪发圈学生风萌系扎发神器黑色发绳扎头发皮筋卖头饰,,,普通订单,5.98,0,0,0,0,0,0,0,0,0,0,0,-0.3,0,0,0,0,0,0,否,0,义乌市於郝电子商务商行（个体工商户）,订单结算
2026-04-22 09:17:14,'2026042209171128412977140793,入账,3.19,聚合账户,货款结算入账,小店自卖,'6925641367477517500,'6925641367477517500,'SS76303131687381245950195,2026-04-16 16:15:07,'3808855327718375885,复古豹纹波点褶皱高马尾香蕉夹小号后脑勺竖夹韩系显发量发夹,,,普通订单,0.71,0,0,2.65,0,0,0,0,0,0,0,0,-0.17,0,0,0,0,0,0,否,0,义乌市於郝电子商务商行（个体工商户）,订单结算
2026-04-22 09:17:14,'2026042209171040566792060793,入账,9.93,聚合账户,货款结算入账,小店自卖,'6925567567560342802,'6925567567560342802,'SS76304079786795668830207,2026-04-13 14:30:00,'3809273979772993843,新中式咖色碎花四层大肠发圈女慵懒风扎头发大号复古发饰头绳,,,普通订单,10.35,0,0,0,0,0,0,0,0,0.1,0,0,-0.52,0,0,0,0,0,0,,0,义乌市於郝电子商务商行（个体工商户）,订单结算
2026-04-22 09:17:14,'2026042209170916079754430793,入账,5.37,聚合账户,货款结算入账,小店自卖,'6951998943285155720,'6951998943285155720,'SS76303931354656771080010,2026-04-11 21:48:17,'3809250958639235257,高级感复古碎花飘带大肠发圈女2026新款扎马尾丸子头大号皮筋发绳,,,普通订单,5.65,0,0,0,0,0,0,0,0,0,0,0,-0.28,0,0,0,0,0,0,否,0,义乌市於郝电子商务商行（个体工商户）,订单结算
2026-04-22 09:17:15,'2026042209171027394913780793,入账,1.89,聚合账户,货款结算入账,巨量千川,'6951996940721919184,'6951996940721919184,'SS76302631728804541940183,2026-04-12 03:25:23,'3808855327718375885,复古豹纹褶皱中号香蕉夹高级感马尾扭扭夹后脑勺韩系显发量发卡,,,普通订单,1.99,0,0,0,0,0,0,0,0,0,0,0,-0.1,0,0,0,0,0,0,否,0,义乌市於郝电子商务商行（个体工商户）,订单结算
2026-04-22 09:17:15,'2026042209171111298081550793,入账,3.25,聚合账户,货款结算入账,小店自卖,'6951999051694216815,'6951999051694216815,'SS76302780100926510140049,2026-04-11 22:37:48,'3810361299943162114,虞书欣同款金属发扣女水钻圆圈刘海发夹高级感侧边发扣夹边夹头饰,,,普通订单,3.42,0,0,0,0,0,0,0,0,0,0,0,-0.17,0,0,0,0,0,0,否,0,义乌市於郝电子商务商行（个体工商户）,订单结算
2026-04-22 09:17:15,'2026042209171107594975080793,入账,4.22,聚合账户,货款结算入账,巨量千川,'6952135719797462259,'6952135719797462259,'SS76304465607824673630043,2026-04-16 21:39:31,'3811116864172589149,森系干枯山茶花朵7cm小抓夹百搭气质发夹女后脑勺超仙鲨鱼夹发饰,,,普通订单,4.44,0,0,0,0,0,0,0,0,0,0,0,-0.22,0,0,0,0,0,0,否,0,义乌市於郝电子商务商行（个体工商户）,订单结算
2026-04-22 09:17:15,'2026042209171021490775400793,入账,1.89,聚合账户,货款结算入账,小店自卖,'6925627393639480882,'6925627393639480882,'SS76303992563019822600160,2026-04-15 22:57:30,'3808855327718375885,复古豹纹波点褶皱高马尾香蕉夹小号后脑勺竖夹韩系显发量发夹,,,普通订单,0.01,0,0,1.98,0,0,0,0,0,0,0,0,-0.1,0,0,0,0,0,0,否,0,义乌市於郝电子商务商行（个体工商户）,订单结算
2026-04-22 09:17:15,'2026042209171103942855770793,入账,3.19,聚合账户,货款结算入账,小店自卖,'6925656650350624392,'6925656650350624392,'SS76304708872126674190204,2026-04-17 13:22:57,'3808855327718375885,复古豹纹波点褶皱高马尾香蕉夹小号后脑勺竖夹韩系显发量发夹,,,普通订单,2.65,0,0,0.71,0,0,0,0,0,0,0,0,-0.17,0,0,0,0,0,0,否,0,义乌市於郝电子商务商行（个体工商户）,订单结算
2026-04-22 09:17:15,'2026042209171104156175450793,入账,1.89,聚合账户,货款结算入账,小店自卖,'6952057622363248422,'6952057622363248422,'SS76304155870301722020167,2026-04-13 21:19:59,'3808855327718375885,复古豹纹褶皱中号香蕉夹高级感马尾扭扭夹后脑勺韩系显发量发卡,,,普通订单,0.01,0,0,1.98,0,0,0,0,0,0,0,0,-0.1,0,0,0,0,0,0,,0,义乌市於郝电子商务商行（个体工商户）,订单结算
2026-04-22 09:17:15,'2026042209171037249687300793,入账,2.77,聚合账户,货款结算入账,小店自卖,'6951976570708366916,'6951976570708366916,'SS76302661526657272680178,2026-04-11 17:03:05,'3808515754769383695,2026新款高级牡丹花流苏抓夹毛毛发夹后脑勺显发量大号鲨鱼夹头饰,,,普通订单,2.92,0,0,0,0,0,0,0,0,0,0,0,-0.15,0,0,0,0,0,0,否,0,义乌市於郝电子商务商行（个体工商户）,订单结算
2026-04-22 09:17:15,'2026042209171018148111820793,入账,3.74,聚合账户,货款结算入账,巨量千川,'6925599288645090653,'6925599288645090653,'SS76303591792617395470200,2026-04-15 01:13:20,'3809602909876912378,2026韩系格子方巾大肠发圈高级慵懒风发绳扎方形头发头绳大号发饰,,,普通订单,0.94,0,0,3,0,0,0,0,0,0,0,0,-0.2,0,0,0,0,0,0,,0,义乌市於郝电子商务商行（个体工商户）,订单结算
2026-04-22 09:17:15,'2026042209171034784588990793,入账,3.37,聚合账户,货款结算入账,小店自卖,'6925526459700509990,'6925526459700509990,'SS76303256057581734490100,2026-04-12 09:38:53,'3812550548062863750,温柔波点蝴蝶结香蕉夹芭蕾风气质少女百搭巨显发量高马尾盘发头饰,,,普通订单,0.55,0,0,3,0,0,0,0,0,0,0,0,-0.18,0,0,0,0,0,0,否,0,义乌市於郝电子商务商行（个体工商户）,订单结算
2026-04-22 09:17:15,'2026042209171216274066300793,入账,3.19,聚合账户,货款结算入账,小店自卖,'6952002054490100962,'6952002054490100962,'SS76303740919670093180004,2026-04-12 09:16:30,'3808855327718375885,复古豹纹褶皱中号香蕉夹高级感马尾扭扭夹后脑勺韩系显发量发卡,,,普通订单,3.36,0,0,0,0,0,0,0,0,0,0,0,-0.17,0,0,0,0,0,0,否,0,义乌市於郝电子商务商行（个体工商户）,订单结算
2026-04-22 09:17:15,'2026042209171005269916500793,入账,3.89,聚合账户,货款结算入账,小店自卖,'6952037764750448207,'6952037764750448207,'SS76304231190406105600155,2026-04-13 20:31:10,'3808855327718375885,复古豹纹褶皱中号香蕉夹高级感马尾扭扭夹后脑勺韩系显发量发卡,,,普通订单,4.09,0,0,0,0,0,0,0,0,0,0,0,-0.2,0,0,0,0,0,0,否,0,义乌市於郝电子商务商行（个体工商户）,订单结算
2026-04-22 09:17:15,'2026042209171010078620540793,入账,3.19,聚合账户,货款结算入账,小店自卖,'6951983904702666107,'6951983904702666107,'SS76302640022966115930170,2026-04-11 22:36:37,'3808855327718375885,复古豹纹褶皱中号香蕉夹高级感马尾扭扭夹后脑勺韩系显发量发卡,,,普通订单,1.36,0,0,2,0,0,0,0,0,0,0,0,-0.17,0,0,0,0,0,0,否,0,义乌市於郝电子商务商行（个体工商户）,订单结算
2026-04-22 09:17:15,'2026042209171228445742580793,入账,2.72,聚合账户,货款结算入账,小店自卖,'6925532366501543202,'6925532366501543202,'SS76302660358950095860238,2026-04-12 02:51:13,'3808515754769383695,2026新款高级牡丹花流苏抓夹毛毛发夹后脑勺显发量大号鲨鱼夹头饰,,,普通订单,0.01,0,0,2.85,0,0,0,0,0,0,0,0,-0.14,0,0,0,0,0,0,,0,义乌市於郝电子商务商行（个体工商户）,订单结算
2026-04-22 09:17:15,'2026042209171034857784510793,入账,3.44,聚合账户,货款结算入账,小店自卖,'6925516163418455990,'6925516163418455990,'SS76302677150224430350039,2026-04-11 16:00:12,'3809214874429555055,【LOVEIXCC】新款法式网红发箍发卡宽边复古秋冬头饰百搭高级盘发器,,,普通订单,3.62,0,0,0,0,0,0,0,0,0,0,0,-0.18,0,0,0,0,0,0,否,0,义乌市於郝电子商务商行（个体工商户）,订单结算
2026-04-22 09:17:15,'2026042209171109409830860793,入账,3.26,聚合账户,货款结算入账,小店自卖,'6925531445184069054,'6925531445184069054,'SS76303735073450396250205,2026-04-12 11:15:25,'3808518913650721160,新款高级牡丹花流苏抓夹毛毛发夹后脑勺显发量大号鲨鱼头饰发夹,,,普通订单,3.43,0,0,0,0,0,0,0,0,0,0,0,-0.17,0,0,0,0,0,0,否,0,义乌市於郝电子商务商行（个体工商户）,订单结算
2026-04-22 09:17:15,'2026042209171132046003700793,入账,5.68,聚合账户,货款结算入账,小店自卖,'6925533107034684580,'6925533107034684580,'SS76303891073041045000221,2026-04-12 11:31:25,'3811282248515322341,可爱小黄鸡小猪发圈学生风萌系扎发神器黑色发绳扎头发皮筋卖头饰,,,普通订单,5.98,0,0,0,0,0,0,0,0,0,0,0,-0.3,0,0,0,0,0,0,否,0,义乌市於郝电子商务商行（个体工商户）,订单结算
2026-04-22 09:17:15,'2026042209171000007582990793,入账,1.89,聚合账户,货款结算入账,小店自卖,'6952084076527228561,'6952084076527228561,'SS76304298872953451920183,2026-04-14 23:25:51,'3808855327718375885,复古豹纹褶皱中号香蕉夹高级感马尾扭扭夹后脑勺韩系显发量发卡,,,普通订单,1.99,0,0,0,0,0,0,0,0,0,0,0,-0.1,0,0,0,0,0,0,,0,义乌市於郝电子商务商行（个体工商户）,订单结算
2026-04-22 09:17:15,'2026042209171108354040580793,入账,3.21,聚合账户,货款结算入账,小店自卖,'6952123823510787097,'6952123823510787097,'SS76303236729317176820209,2026-04-16 09:18:44,'3810358465323467001,明星同款高颅顶圆形金属发扣刘海发夹女前额侧边夹仿水钻发卡头饰,,,普通订单,3.38,0,0,0,0,0,0,0,0,0,0,0,-0.17,0,0,0,0,0,0,否,0,义乌市於郝电子商务商行（个体工商户）,订单结算
2026-04-22 09:17:15,'2026042209171036413936790793,入账,2.41,聚合账户,货款结算入账,小店自卖,'6951997061383066636,'6951997061383066636,'SS76302880353980257700080,2026-04-12 03:34:30,'3811282248515322341,可爱小黄鸡小猪发圈学生风萌系扎发神器黑色发绳扎头发皮筋卖头饰,,,普通订单,2.54,0,0,0,0,0,0,0,0,0,0,0,-0.13,0,0,0,0,0,0,否,0,义乌市於郝电子商务商行（个体工商户）,订单结算
2026-04-22 09:17:15,'2026042209171022406597210793,入账,1.89,聚合账户,货款结算入账,小店自卖,'6952026737977923293,'6952026737977923293,'SS76303704972843586620000,2026-04-12 14:31:31,'3808855327718375885,复古豹纹褶皱中号香蕉夹高级感马尾扭扭夹后脑勺韩系显发量发卡,,,普通订单,0.01,0,0,1.98,0,0,0,0,0,0,0,0,-0.1,0,0,0,0,0,0,,0,义乌市於郝电子商务商行（个体工商户）,订单结算
2026-04-22 09:17:15,'2026042209171122789004900793,入账,2.28,聚合账户,货款结算入账,小店自卖,'6951976847043598283,'6951976847043598283,'SS76302679394296138650039,2026-04-11 20:28:21,'3809214874429555055,【LOVEIXCC】新款法式网红发箍发卡宽边复古秋冬头饰百搭高级盘发器,,,普通订单,0.01,0,0,2.39,0,0,0,0,0,0,0,0,-0.12,0,0,0,0,0,0,,0,义乌市於郝电子商务商行（个体工商户）,订单结算
2026-04-22 09:17:15,'2026042209170932893345380793,入账,6.63,聚合账户,货款结算入账,小店自卖,'6925524189659823278,'6925524189659823278,'SS76303239356321306110101,2026-04-12 10:09:15,'3811282248515322341,可爱小黄鸡小猪发圈学生风萌系扎发神器黑色发绳扎头发皮筋卖头饰,,,普通订单,1.01,1,0,5.97,0,0,0,0,0,0,0,0,-0.35,0,0,0,0,0,0,否,0,义乌市於郝电子商务商行（个体工商户）,订单结算
2026-04-22 09:17:15,'2026042209171104168092670793,入账,2.72,聚合账户,货款结算入账,小店自卖,'6925528603344862435,'6925528603344862435,'SS76302661334087767300084,2026-04-12 08:11:03,'3808515754769383695,2026新款高级牡丹花流苏抓夹毛毛发夹后脑勺显发量大号鲨鱼夹头饰,,,普通订单,0.01,0,0,2.85,0,0,0,0,0,0,0,0,-0.14,0,0,0,0,0,0,,0,义乌市於郝电子商务商行（个体工商户）,订单结算
2026-04-22 09:17:15,'2026042209171103523546030793,入账,3.26,聚合账户,货款结算入账,小店自卖,'6925550729788947770,'6925550729788947770,'SS76303735365111034970045,2026-04-12 13:53:31,'3808518913650721160,新款高级牡丹花流苏抓夹毛毛发夹后脑勺显发量大号鲨鱼头饰发夹,,,普通订单,3.43,0,0,0,0,0,0,0,0,0,0,0,-0.17,0,0,0,0,0,0,否,0,义乌市於郝电子商务商行（个体工商户）,订单结算
2026-04-22 09:17:15,'2026042209171025181066670793,入账,5.68,聚合账户,货款结算入账,小店自卖,'6952017313928254669,'6952017313928254669,'SS76303890856975731540061,2026-04-12 09:39:31,'3811282248515322341,可爱小黄鸡小猪发圈学生风萌系扎发神器黑色发绳扎头发皮筋卖头饰,,,普通订单,5.98,0,0,0,0,0,0,0,0,0,0,0,-0.3,0,0,0,0,0,0,否,0,义乌市於郝电子商务商行（个体工商户）,订单结算
2026-04-22 09:17:15,'2026042209171134486400190793,入账,3.15,聚合账户,货款结算入账,小店自卖,'6952001436910753336,'6952001436910753336,'SS76302658973457618380161,2026-04-11 21:41:15,'3808518913650721160,新款高级牡丹花流苏抓夹毛毛发夹后脑勺显发量大号鲨鱼头饰发夹,,,普通订单,3.32,0,0,0,0,0,0,0,0,0,0,0,-0.17,0,0,0,0,0,0,否,0,义乌市於郝电子商务商行（个体工商户）,订单结算
2026-04-22 09:17:15,'2026042209171038090183770793,入账,1.89,聚合账户,货款结算入账,小店自卖,'6952122124739942135,'6952122124739942135,'SS76303897045667681550212,2026-04-16 12:58:06,'3808855327718375885,复古豹纹波点褶皱高马尾香蕉夹小号后脑勺竖夹韩系显发量发夹,,,普通订单,1.99,0,0,0,0,0,0,0,0,0,0,0,-0.1,0,0,0,0,0,0,否,0,义乌市於郝电子商务商行（个体工商户）,订单结算
2026-04-22 09:17:16,'2026042209171200096179630793,入账,3.89,聚合账户,货款结算入账,小店自卖,'6925548300862586182,'6925548300862586182,'SS76303709651842340470091,2026-04-12 14:31:14,'3808855327718375885,复古豹纹褶皱中号香蕉夹高级感马尾扭扭夹后脑勺韩系显发量发卡,,,普通订单,4.09,0,0,0,0,0,0,0,0,0,0,0,-0.2,0,0,0,0,0,0,否,0,义乌市於郝电子商务商行（个体工商户）,订单结算
2026-04-22 09:17:16,'2026042209171040154079220793,入账,1.99,聚合账户,货款结算入账,小店自卖,'6952010413300454837,'6952010413300454837,'SS76301237852198057310221,2026-04-11 23:03:18,'3808855327718375885,复古豹纹褶皱中号香蕉夹高级感马尾扭扭夹后脑勺韩系显发量发卡,,,普通订单,4.09,0,0,0,0,0,0,0,0,0,0,-2,-0.1,0,0,0,0,0,0,否,0,义乌市於郝电子商务商行（个体工商户）,订单结算
2026-04-22 09:17:16,'2026042209170934112804100793,入账,3.44,聚合账户,货款结算入账,小店自卖,'6951997002565817948,'6951997002565817948,'SS76304129007393510750092,2026-04-12 01:52:29,'3809214874429555055,【LOVEIXCC】新款法式网红发箍发卡宽边复古秋冬头饰百搭高级盘发器,,,普通订单,3.62,0,0,0,0,0,0,0,0,0,0,0,-0.18,0,0,0,0,0,0,否,0,义乌市於郝电子商务商行（个体工商户）,订单结算
2026-04-22 09:17:16,'2026042209171320517527540793,入账,8.07,聚合账户,货款结算入账,小店自卖,'6952006294948877357,'6952006294948877357,'SS76303290899721262350175,2026-04-12 09:35:25,'3809602909876912378,2026韩系格子方巾大肠发圈高级慵懒风发绳扎方形头发头绳大号发饰,,,普通订单,8.49,0,0,0,0,0,0,0,0,0,0,0,-0.42,0,0,0,0,0,0,,0,义乌市於郝电子商务商行（个体工商户）,订单结算
2026-04-22 09:17:16,'2026042209171231424192540793,入账,1.89,聚合账户,货款结算入账,小店自卖,'6925539565816020733,'6925539565816020733,'SS76304101909737971600178,2026-04-12 14:40:29,'3808855327718375885,复古豹纹褶皱中号香蕉夹高级感马尾扭扭夹后脑勺韩系显发量发卡,,,普通订单,1.99,0,0,0,0,0,0,0,0,0,0,0,-0.1,0,0,0,0,0,0,否,0,义乌市於郝电子商务商行（个体工商户）,订单结算
2026-04-22 09:17:16,'2026042209171135868347230793,入账,3.19,聚合账户,货款结算入账,巨量千川,'6951983386767726043,'6951983386767726043,'SS76302638108299433390053,2026-04-11 18:25:07,'3808855327718375885,复古豹纹褶皱中号香蕉夹高级感马尾扭扭夹后脑勺韩系显发量发卡,,,普通订单,3.36,0,0,0,0,0,0,0,0,0,0,0,-0.17,0,0,0,0,0,0,否,0,义乌市於郝电子商务商行（个体工商户）,订单结算
2026-04-22 09:17:16,'2026042209171215234665590793,入账,5.68,聚合账户,货款结算入账,小店自卖,'6952024526622758810,'6952024526622758810,'SS76303998450878100890059,2026-04-12 16:52:32,'3811282248515322341,可爱小黄鸡小猪发圈学生风萌系扎发神器黑色发绳扎头发皮筋卖头饰,,,普通订单,5.98,0,0,0,0,0,0,0,0,0,0,0,-0.3,0,0,0,0,0,0,否,0,义乌市於郝电子商务商行（个体工商户）,订单结算
2026-04-22 09:17:16,'2026042209171202238264730793,入账,3.44,聚合账户,货款结算入账,小店自卖,'6951974725981705997,'6951974725981705997,'SS76302679745409682300020,2026-04-11 20:23:43,'3809214874429555055,【LOVEIXCC】新款法式网红发箍发卡宽边复古秋冬头饰百搭高级盘发器,,,普通订单,3.62,0,0,0,0,0,0,0,0,0,0,0,-0.18,0,0,0,0,0,0,否,0,义乌市於郝电子商务商行（个体工商户）,订单结算
2026-04-22 09:17:16,'2026042209171030269486140793,入账,5.68,聚合账户,货款结算入账,小店自卖,'6951990378608399742,'6951990378608399742,'SS76303890382449713050119,2026-04-11 23:07:37,'3811282248515322341,可爱小黄鸡小猪发圈学生风萌系扎发神器黑色发绳扎头发皮筋卖头饰,,,普通订单,5.98,0,0,0,0,0,0,0,0,0,0,0,-0.3,0,0,0,0,0,0,否,0,义乌市於郝电子商务商行（个体工商户）,订单结算
2026-04-22 09:17:16,'2026042209171139514117540793,入账,1.7,聚合账户,货款结算入账,巨量千川,'6925555517238050769,'6925555517238050769,'SS76303662746897986830098,2026-04-12 19:25:13,'3808522822146457689,夏天简约随手盘发一字夹扭扭夹水钻抓夹高级发夹扭扭后脑勺盘发器,,,普通订单,1.79,0,0,0,0,0,0,0,0,0,0,0,-0.09,0,0,0,0,0,0,否,0,义乌市於郝电子商务商行（个体工商户）,订单结算
2026-04-22 09:17:16,'2026042209171309403479140793,入账,4.81,聚合账户,货款结算入账,巨量千川,'6925530819381656746,'6925530819381656746,'SS76302660798728609540082,2026-04-12 06:17:40,'3808515754769383695,2026新款高级牡丹花流苏抓夹毛毛发夹后脑勺显发量大号鲨鱼夹头饰,,,普通订单,5.06,0,0,0,0,0,0,0,0,0,0,0,-0.25,0,0,0,0,0,0,否,0,义乌市於郝电子商务商行（个体工商户）,订单结算
2026-04-22 09:17:16,'2026042209171232384458660793,入账,2.65,聚合账户,货款结算入账,小店自卖,'6952017386978613011,'6952017386978613011,'SS76303721340656850420121,2026-04-12 10:21:33,'3808522822146457689,夏天简约随手盘发一字夹扭扭夹水钻抓夹高级发夹扭扭后脑勺盘发器,,,普通订单,2.79,0,0,0,0,0,0,0,0,0,0,0,-0.14,0,0,0,0,0,0,否,0,义乌市於郝电子商务商行（个体工商户）,订单结算
2026-04-22 09:17:16,'2026042209171027080504860793,入账,2.91,聚合账户,货款结算入账,小店自卖,'6925525203441581936,'6925525203441581936,'SS76302659443048287350193,2026-04-11 19:28:32,'3808518913650721160,新款高级牡丹花流苏抓夹毛毛发夹后脑勺显发量大号鲨鱼头饰发夹,,,普通订单,3.06,0,0,0,0,0,0,0,0,0,0,0,-0.15,0,0,0,0,0,0,否,0,义乌市於郝电子商务商行（个体工商户）,订单结算
2026-04-22 09:17:16,'2026042209171207475366760793,入账,3.32,聚合账户,货款结算入账,巨量千川,'6925541274974912152,'6925541274974912152,'SS76303735083543109580246,2026-04-12 11:41:11,'3808515754769383695,2026新款高级牡丹花流苏抓夹毛毛发夹后脑勺显发量大号鲨鱼夹头饰,,,普通订单,3.5,0,0,0,0,0,0,0,0,0,0,0,-0.18,0,0,0,0,0,0,否,0,义乌市於郝电子商务商行（个体工商户）,订单结算
2026-04-22 09:17:16,'2026042209171318840461060793,入账,1.89,聚合账户,货款结算入账,小店自卖,'6925512153157762649,'6925512153157762649,'SS76302640231854738110076,2026-04-11 15:26:10,'3808855327718375885,复古豹纹褶皱中号香蕉夹高级感马尾扭扭夹后脑勺韩系显发量发卡,,,普通订单,1.99,0,0,0,0,0,0,0,0,0,0,0,-0.1,0,0,0,0,0,0,否,0,义乌市於郝电子商务商行（个体工商户）,订单结算
2026-04-22 09:17:16,'2026042209171030265062460793,入账,2.84,聚合账户,货款结算入账,小店自卖,'6925414084188471272,'6925414084188471272,'SS76303438248332825700101,2026-04-07 07:21:03,'3811107016030683631,森系干枯山茶花朵7cm小抓夹 百搭气质发夹女后脑勺超仙鲨夹发饰,,,普通订单,2.99,0,0,0,0,0,0,0,0,0,0,0,-0.15,0,0,0,0,0,0,否,0,义乌市於郝电子商务商行（个体工商户）,订单结算
2026-04-22 09:17:16,'2026042209171228779320860793,入账,5.68,聚合账户,货款结算入账,小店自卖,'6925530678075555406,'6925530678075555406,'SS76303890215962549910050,2026-04-12 00:43:09,'3811282248515322341,可爱小黄鸡小猪发圈学生风萌系扎发神器黑色发绳扎头发皮筋卖头饰,,,普通订单,5.98,0,0,0,0,0,0,0,0,0,0,0,-0.3,0,0,0,0,0,0,否,0,义乌市於郝电子商务商行（个体工商户）,订单结算
2026-04-22 09:17:16,'2026042209171208353882010793,入账,1.89,聚合账户,货款结算入账,小店自卖,'6952010346139555565,'6952010346139555565,'SS76302624562539896730237,2026-04-11 22:18:09,'3808855327718375885,复古豹纹褶皱中号香蕉夹高级感马尾扭扭夹后脑勺韩系显发量发卡,,,普通订单,1.99,0,0,0,0,0,0,0,0,0,0,0,-0.1,0,0,0,0,0,0,否,0,义乌市於郝电子商务商行（个体工商户）,订单结算
2026-04-22 09:17:16,'2026042209171024505720950793,入账,1.89,聚合账户,货款结算入账,小店自卖,'6951999008113498069,'6951999008113498069,'SS76302624617699248730024,2026-04-11 22:26:31,'3808855327718375885,复古豹纹褶皱中号香蕉夹高级感马尾扭扭夹后脑勺韩系显发量发卡,,,普通订单,1.99,0,0,0,0,0,0,0,0,0,0,0,-0.1,0,0,0,0,0,0,否,0,义乌市於郝电子商务商行（个体工商户）,订单结算
2026-04-22 09:17:16,'2026042209171326443167130793,入账,2.69,聚合账户,货款结算入账,小店自卖,'6925536032409353892,'6925536032409353892,'SS76302050657351644160140,2026-04-12 15:08:12,'3808826072573804729,迷你小号无痕鸭嘴夹抓夹小夹子精致蝴蝶结碎发夹刘海夹高级感发卡,,,普通订单,2.83,0,0,0,0,0,0,0,0,0,0,0,-0.14,0,0,0,0,0,0,否,0,义乌市於郝电子商务商行（个体工商户）,订单结算
2026-04-22 09:17:16,'2026042209171230791109550793,入账,6.4,聚合账户,货款结算入账,小店自卖,'6952019888887895766,'6952019888887895766,'SS76303292347619456190128,2026-04-12 10:36:58,'3809602909876912378,2026韩系格子方巾大肠发圈高级慵懒风发绳扎方形头发头绳大号发饰,,,普通订单,6.74,0,0,0,0,0,0,0,0,0,0,0,-0.34,0,0,0,0,0,0,否,0,义乌市於郝电子商务商行（个体工商户）,订单结算
2026-04-22 09:17:16,'2026042209171227651940350793,入账,3.89,聚合账户,货款结算入账,小店自卖,'6951995084361963167,'6951995084361963167,'SS76302636334579556350051,2026-04-12 00:05:48,'3808855327718375885,复古豹纹褶皱中号香蕉夹高级感马尾扭扭夹后脑勺韩系显发量发卡,,,普通订单,4.09,0,0,0,0,0,0,0,0,0,0,0,-0.2,0,0,0,0,0,0,否,0,义乌市於郝电子商务商行（个体工商户）,订单结算
2026-04-22 09:17:16,'2026042209171231126981220793,入账,1.89,聚合账户,货款结算入账,小店自卖,'6951876968916194322,'6951876968916194322,'SS76303869828456166830059,2026-04-07 13:04:16,'3808855327718375885,复古豹纹褶皱中号香蕉夹高级感马尾扭扭夹后脑勺韩系显发量发卡,,,普通订单,1.99,0,0,0,0,0,0,0,0,0,0,0,-0.1,0,0,0,0,0,0,否,0,义乌市於郝电子商务商行（个体工商户）,订单结算
2026-04-22 09:17:16,'2026042209171311712268860793,入账,1.89,聚合账户,货款结算入账,小店自卖,'6925531808551370399,'6925531808551370399,'SS76302631662586601220121,2026-04-11 21:11:29,'3808855327718375885,复古豹纹褶皱中号香蕉夹高级感马尾扭扭夹后脑勺韩系显发量发卡,,,普通订单,1.99,0,0,0,0,0,0,0,0,0,0,0,-0.1,0,0,0,0,0,0,否,0,义乌市於郝电子商务商行（个体工商户）,订单结算
2026-04-22 09:17:16,'2026042209171034864993470793,入账,5.64,聚合账户,货款结算入账,小店自卖,'6952024402075259941,'6952024402075259941,'SS76296605346524370020022,2026-04-12 15:38:14,'3809602909876912378,2026韩系格子方巾大肠发圈高级慵懒风发绳扎方形头发头绳大号发饰,,,普通订单,7.94,0,0,0,0,0,0,0,0,0,0,-2,-0.3,0,0,0,0,0,0,否,0,义乌市於郝电子商务商行（个体工商户）,订单结算
2026-04-22 09:17:16,'2026042209171321811044220793,入账,4.33,聚合账户,货款结算入账,小店自卖,'6925516573311204354,'6925516573311204354,'SS76302879818963400140169,2026-04-11 20:07:35,'3811107016030683631,森系干枯山茶花朵7cm小抓夹 百搭气质发夹女后脑勺超仙鲨夹发饰,,,普通订单,4.56,0,0,0,0,0,0,0,0,0,0,0,-0.23,0,0,0,0,0,0,否,0,义乌市於郝电子商务商行（个体工商户）,订单结算
2026-04-22 09:17:17,'2026042209171236205409700793,入账,4.41,聚合账户,货款结算入账,小店自卖,'6952000221603501198,'6952000221603501198,'SS76303975597182164980184,2026-04-12 16:56:13,'3811282248515322341,可爱小黄鸡小猪发圈学生风萌系扎发神器黑色发绳扎头发皮筋卖头饰,,,普通订单,4.64,0,0,0,0,0,0,0,0,0,0,0,-0.23,0,0,0,0,0,0,否,0,义乌市於郝电子商务商行（个体工商户）,订单结算
2026-04-22 09:17:17,'2026042209171406989750030793,入账,4.62,聚合账户,货款结算入账,小店自卖,'6925537809941625895,'6925537809941625895,'SS76303732369165235290026,2026-04-12 13:47:55,'3808515754769383695,2026新款高级牡丹花流苏抓夹毛毛发夹后脑勺显发量大号鲨鱼夹头饰,,,普通订单,4.86,0,0,0,0,0,0,0,0,0,0,0,-0.24,0,0,0,0,0,0,否,0,义乌市於郝电子商务商行（个体工商户）,订单结算
2026-04-22 09:17:17,'2026042209171339008834750793,入账,3.23,聚合账户,货款结算入账,小店自卖,'6952096968843269689,'6952096968843269689,'SS76303251473872983420244,2026-04-16 06:13:43,'3808518913650721160,新款高级牡丹花流苏抓夹毛毛发夹后脑勺显发量大号鲨鱼头饰发夹,,,普通订单,0.4,0,0,3,0,0,0,0,0,0,0,0,-0.17,0,0,0,0,0,0,,0,义乌市於郝电子商务商行（个体工商户）,订单结算
2026-04-22 09:17:17,'2026042209171301204270540793,入账,2.77,聚合账户,货款结算入账,小店自卖,'6951885221107864877,'6951885221107864877,'SS76302947213954135440048,2026-04-07 07:46:09,'3808518913650721160,新款高级牡丹花流苏抓夹毛毛发夹后脑勺显发量大号鲨鱼头饰发夹,,,普通订单,2.12,0,0,0.8,0,0,0,0,0,0,0,0,-0.15,0,0,0,0,0,0,否,0,义乌市於郝电子商务商行（个体工商户）,订单结算
2026-04-22 09:17:17,'2026042209171227559736420793,入账,3.89,聚合账户,货款结算入账,小店自卖,'6925589118418648699,'6925589118418648699,'SS76303286300838835710189,2026-04-14 12:39:50,'3808855327718375885,复古豹纹褶皱中号香蕉夹高级感马尾扭扭夹后脑勺韩系显发量发卡,,,普通订单,4.09,0,0,0,0,0,0,0,0,0,0,0,-0.2,0,0,0,0,0,0,否,0,义乌市於郝电子商务商行（个体工商户）,订单结算
2026-04-22 09:17:17,'2026042209171407633802330793,入账,1.66,聚合账户,货款结算入账,小店自卖,'6925558330355186988,'6925558330355186988,'SS76303072188306601050054,2026-04-12 22:11:36,'3809064621399212094,网红洗脸专用发卡男潮敷面膜发箍男士刘海压发男生运动头箍发带,,,普通订单,1.75,0,0,0,0,0,0,0,0,0,0,0,-0.09,0,0,0,0,0,0,,0,义乌市於郝电子商务商行（个体工商户）,订单结算
2026-04-22 09:17:17,'2026042209171210113234010793,入账,2.72,聚合账户,货款结算入账,小店自卖,'6951989665351407107,'6951989665351407107,'SS76302657839187563930120,2026-04-11 15:32:24,'3808515754769383695,2026新款高级牡丹花流苏抓夹毛毛发夹后脑勺显发量大号鲨鱼夹头饰,,,普通订单,0.01,0,0,2.85,0,0,0,0,0,0,0,0,-0.14,0,0,0,0,0,0,,0,义乌市於郝电子商务商行（个体工商户）,订单结算
2026-04-22 09:17:17,'2026042209171233249203460793,入账,1.89,聚合账户,货款结算入账,巨量千川,'6925617432506957085,'6925617432506957085,'SS76303901258727142920110,2026-04-15 16:36:55,'3808855327718375885,复古豹纹波点褶皱高马尾香蕉夹小号后脑勺竖夹韩系显发量发夹,,,普通订单,0.01,0,0,1.98,0,0,0,0,0,0,0,0,-0.1,0,0,0,0,0,0,否,0,义乌市於郝电子商务商行（个体工商户）,订单结算
2026-04-22 09:17:17,'2026042209171336079539470793,入账,1.88,聚合账户,货款结算入账,小店自卖,'6925526782536678409,'6925526782536678409,'SS76303735588745876750230,2026-04-12 12:17:03,'3812210500259938495,可爱蝴蝶结小猫无痕刘海贴魔术贴发饰少女前额侧边碎发贴整理神器,,,普通订单,0.01,0,0,1.97,0,0,0,0,0,0,0,0,-0.1,0,0,0,0,0,0,,0,义乌市於郝电子商务商行（个体工商户）,订单结算
2026-04-22 09:17:17,'2026042209171324377963900793,入账,4.12,聚合账户,货款结算入账,小店自卖,'6925651590442090430,'6925651590442090430,'SS76303435341510413230206,2026-04-17 00:41:40,'3810171234889629745,可爱小黄鸡小猪发圈学生风萌系扎发神器黑色发绳扎头发头绳卖头饰,,,普通订单,4.34,0,0,0,0,0,0,0,0,0,0,0,-0.22,0,0,0,0,0,0,否,0,义乌市於郝电子商务商行（个体工商户）,订单结算
2026-04-22 09:17:17,'2026042209171404747758440793,入账,1.89,聚合账户,货款结算入账,小店自卖,'6951988237266916417,'6951988237266916417,'SS76302624709400993630191,2026-04-11 22:51:35,'3812736213081784671,韩系ins风高马尾香蕉夹竖夹女2026新款高级感发夹简约复古发饰,,,普通订单,1.64,0,0,0.35,0,0,0,0,0,0,0,0,-0.1,0,0,0,0,0,0,否,0,义乌市於郝电子商务商行（个体工商户）,订单结算
2026-04-22 09:17:17,'2026042209171322775237180793,入账,2.8,聚合账户,货款结算入账,小店自卖,'6952020752884897132,'6952020752884897132,'SS76301534179401408000143,2026-04-12 19:49:27,'3809599445994176839,春日超仙韩系碎花蕾丝大肠发圈女甜美感丸子头慵懒风超大发饰头绳,,,普通订单,0.01,0,0,2.94,0,0,0,0,0,0,0,0,-0.15,0,0,0,0,0,0,,0,义乌市於郝电子商务商行（个体工商户）,订单结算
2026-04-22 09:17:17,'2026042209171240232596830793,入账,3.19,聚合账户,货款结算入账,小店自卖,'6952108057771513251,'6952108057771513251,'SS76303431342000048640211,2026-04-16 05:42:11,'3808855327718375885,复古豹纹波点褶皱高马尾香蕉夹小号后脑勺竖夹韩系显发量发夹,,,普通订单,3.36,0,0,0,0,0,0,0,0,0,0,0,-0.17,0,0,0,0,0,0,否,0,义乌市於郝电子商务商行（个体工商户）,订单结算
2026-04-22 09:17:17,'2026042209171311637722110793,入账,2.77,聚合账户,货款结算入账,小店自卖,'6951985756215776387,'6951985756215776387,'SS76302661780074173780195,2026-04-11 19:22:11,'3808515754769383695,2026新款高级牡丹花流苏抓夹毛毛发夹后脑勺显发量大号鲨鱼夹头饰,,,普通订单,0.01,0,0,2.91,0,0,0,0,0,0,0,0,-0.15,0,0,0,0,0,0,,0,义乌市於郝电子商务商行（个体工商户）,订单结算
2026-04-22 09:17:17,'2026042209171330126410510793,入账,6.17,聚合账户,货款结算入账,小店自卖,'6951883561336248248,'6951883561336248248,'SS76303398089479296360132,2026-04-07 13:02:40,'3808509441058406492,新款扭扭麻花发箍女简约高颅顶带齿防滑洗脸头箍发卡高级感民族风,,,普通订单,6.5,0,0,0,0,0,0,0,0,0,0,0,-0.33,0,0,0,0,0,0,否,0,义乌市於郝电子商务商行（个体工商户）,订单结算
2026-04-22 09:17:17,'2026042209171235888832100793,入账,3.38,聚合账户,货款结算入账,小店自卖,'6951965310475310796,'6951965310475310796,'SS76302691008372127240039,2026-04-11 15:52:58,'3808826072573804729,迷你小号无痕鸭嘴夹抓夹小夹子精致蝴蝶结碎发夹刘海夹高级感发卡,,,普通订单,2.56,0,0,1,0,0,0,0,0,0,0,0,-0.18,0,0,0,0,0,0,否,0,义乌市於郝电子商务商行（个体工商户）,订单结算
2026-04-22 09:17:17,'2026042209171431054279940793,入账,5.68,聚合账户,货款结算入账,小店自卖,'6925534975524634547,'6925534975524634547,'SS76303890455051146670187,2026-04-12 08:36:31,'3811282248515322341,可爱小黄鸡小猪发圈学生风萌系扎发神器黑色发绳扎头发皮筋卖头饰,,,普通订单,0.98,0,0,5,0,0,0,0,0,0,0,0,-0.3,0,0,0,0,0,0,否,0,义乌市於郝电子商务商行（个体工商户）,订单结算
2026-04-22 09:17:17,'2026042209171229053793690793,入账,2.83,聚合账户,货款结算入账,小店自卖,'6952008798018541051,'6952008798018541051,'SS76303710003912870500225,2026-04-12 12:06:20,'3812736213081784671,韩系ins风高马尾香蕉夹竖夹女2026新款高级感发夹简约复古发饰,,,普通订单,2.98,0,0,0,0,0,0,0,0,0,0,0,-0.15,0,0,0,0,0,0,否,0,义乌市於郝电子商务商行（个体工商户）,订单结算
2026-04-22 09:17:17,'2026042209171209398034020793,入账,4.33,聚合账户,货款结算入账,小店自卖,'6952099658623620212,'6952099658623620212,'SS76304041862329472150194,2026-04-16 13:29:23,'3811107016030683631,森系干枯山茶花朵7cm小抓夹 百搭气质发夹女后脑勺超仙鲨夹发饰,,,普通订单,1.56,0,0,3,0,0,0,0,0,0,0,0,-0.23,0,0,0,0,0,0,否,0,义乌市於郝电子商务商行（个体工商户）,订单结算
2026-04-22 09:17:17,'2026042209171132509795940793,入账,4.81,聚合账户,货款结算入账,小店自卖,'6951863381627574013,'6951863381627574013,'SS76303891897792274440246,2026-04-07 09:53:44,'3808518913650721160,新款高级牡丹花流苏抓夹毛毛发夹后脑勺显发量大号鲨鱼头饰发夹,,,普通订单,5.06,0,0,0,0,0,0,0,0,0,0,0,-0.25,0,0,0,0,0,0,,0,义乌市於郝电子商务商行（个体工商户）,订单结算
2026-04-22 09:17:17,'2026042209171212302095420793,入账,1.89,聚合账户,货款结算入账,小店自卖,'6925517048796118972,'6925517048796118972,'SS76302625994982077440157,2026-04-11 23:05:02,'3812736213081784671,韩系ins风高马尾香蕉夹竖夹女2026新款高级感发夹简约复古发饰,,,普通订单,1.99,0,0,0,0,0,0,0,0,0,0,0,-0.1,0,0,0,0,0,0,否,0,义乌市於郝电子商务商行（个体工商户）,订单结算
2026-04-22 09:17:17,'2026042209171401530311780793,入账,5.22,聚合账户,货款结算入账,小店自卖,'6925423403574131732,'6925423403574131732,'SS76267010096788116880192,2026-04-07 10:58:11,'3808518913650721160,新款高级牡丹花流苏抓夹毛毛发夹后脑勺显发量大号鲨鱼头饰发夹,,,普通订单,5.58,0,0,1.92,0,0,0,0,0,0,0,-2,-0.28,0,0,0,0,0,0,,0,义乌市於郝电子商务商行（个体工商户）,订单结算
2026-04-22 09:17:17,'2026042209171213519467940793,入账,1.89,聚合账户,货款结算入账,小店自卖,'6951996843806037587,'6951996843806037587,'SS76302631673743608820219,2026-04-11 22:53:50,'3808855327718375885,复古豹纹褶皱中号香蕉夹高级感马尾扭扭夹后脑勺韩系显发量发卡,,,普通订单,1.99,0,0,0,0,0,0,0,0,0,0,0,-0.1,0,0,0,0,0,0,否,0,义乌市於郝电子商务商行（个体工商户）,订单结算
2026-04-22 09:17:17,'2026042209171322398405270793,入账,3.26,聚合账户,货款结算入账,小店自卖,'6952010874216715481,'6952010874216715481,'SS76303735034992893860068,2026-04-12 09:15:00,'3808518913650721160,新款高级牡丹花流苏抓夹毛毛发夹后脑勺显发量大号鲨鱼头饰发夹,,,普通订单,0.43,0,0,3,0,0,0,0,0,0,0,0,-0.17,0,0,0,0,0,0,,0,义乌市於郝电子商务商行（个体工商户）,订单结算
2026-04-22 09:17:17,'2026042209171204241495130793,入账,3.29,聚合账户,货款结算入账,小店自卖,'6951992467051059072,'6951992467051059072,'SS76302636123549048580072,2026-04-11 22:38:23,'3808855327718375885,复古豹纹褶皱中号香蕉夹高级感马尾扭扭夹后脑勺韩系显发量发卡,,,普通订单,3.46,0,0,0,0,0,0,0,0,0,0,0,-0.17,0,0,0,0,0,0,否,0,义乌市於郝电子商务商行（个体工商户）,订单结算
2026-04-22 09:17:17,'2026042209170828493133210793,入账,2.28,聚合账户,货款结算入账,小店自卖,'6925528251296939492,'6925528251296939492,'SS76302679443548943460184,2026-04-12 00:02:40,'3809214874429555055,【LOVEIXCC】新款法式网红发箍发卡宽边复古秋冬头饰百搭高级盘发器,,,普通订单,1.2,0,0,1.2,0,0,0,0,0,0,0,0,-0.12,0,0,0,0,0,0,否,0,义乌市於郝电子商务商行（个体工商户）,订单结算
2026-04-22 09:17:17,'2026042209171221322307060793,入账,3.32,聚合账户,货款结算入账,小店自卖,'6951990112620385475,'6951990112620385475,'SS76302662051103542220081,2026-04-11 20:52:15,'3808515754769383695,2026新款高级牡丹花流苏抓夹毛毛发夹后脑勺显发量大号鲨鱼夹头饰,,,普通订单,0.01,0,0,3.49,0,0,0,0,0,0,0,0,-0.18,0,0,0,0,0,0,,0,义乌市於郝电子商务商行（个体工商户）,订单结算
2026-04-22 09:17:18,'2026042209171438098416740793,入账,3.89,聚合账户,货款结算入账,小店自卖,'6952128341379520067,'6952128341379520067,'SS76303235270439573110231,2026-04-16 10:42:07,'3808855327718375885,复古豹纹波点褶皱高马尾香蕉夹小号后脑勺竖夹韩系显发量发夹,,,普通订单,2.87,0,0,1.22,0,0,0,0,0,0,0,0,-0.2,0,0,0,0,0,0,,0,义乌市於郝电子商务商行（个体工商户）,订单结算
2026-04-22 09:17:18,'2026042209171403193082980793,入账,1.89,聚合账户,货款结算入账,小店自卖,'6925512262706626064,'6925512262706626064,'SS76302618813537859060090,2026-04-11 16:25:21,'3808855327718375885,复古豹纹褶皱中号香蕉夹高级感马尾扭扭夹后脑勺韩系显发量发卡,,,普通订单,0.01,0,0,1.98,0,0,0,0,0,0,0,0,-0.1,0,0,0,0,0,0,否,0,义乌市於郝电子商务商行（个体工商户）,订单结算
2026-04-22 09:17:18,'2026042209171427240740300793,入账,3.75,聚合账户,货款结算入账,小店自卖,'6951987242303624317,'6951987242303624317,'SS76302708193821499240232,2026-04-11 12:33:31,'3808681227066671182,简约大肠珍珠发圈头绳2026新款橡皮筋女扎头发优雅皮套高颜值发绳,,,普通订单,3.95,0,0,0,0,0,0,0,0,0,0,0,-0.2,0,0,0,0,0,0,否,0,义乌市於郝电子商务商行（个体工商户）,订单结算
2026-04-22 09:17:18,'2026042209171324380913020793,入账,2.84,聚合账户,货款结算入账,小店自卖,'6925553440497565071,'6925553440497565071,'SS76303994361372674970061,2026-04-12 16:20:17,'3811107016030683631,森系干枯山茶花朵7cm小抓夹 百搭气质发夹女后脑勺超仙鲨夹发饰,,,普通订单,2.99,0,0,0,0,0,0,0,0,0,0,0,-0.15,0,0,0,0,0,0,否,0,义乌市於郝电子商务商行（个体工商户）,订单结算
2026-04-22 09:17:18,'2026042209171326560596990793,入账,4.62,聚合账户,货款结算入账,小店自卖,'6925630587054095840,'6925630587054095840,'SS76303667053541340670029,2026-04-16 11:31:24,'3808518913650721160,新款高级牡丹花流苏抓夹毛毛发夹后脑勺显发量大号鲨鱼头饰发夹,,,普通订单,4.86,0,0,0,0,0,0,0,0,0,0,0,-0.24,0,0,0,0,0,0,否,0,义乌市於郝电子商务商行（个体工商户）,订单结算
2026-04-22 09:17:18,'2026042209171312921738510793,入账,3.19,聚合账户,货款结算入账,小店自卖,'6925526862988475429,'6925526862988475429,'SS76303710949029360980027,2026-04-12 12:41:03,'3808855327718375885,复古豹纹褶皱中号香蕉夹高级感马尾扭扭夹后脑勺韩系显发量发卡,,,普通订单,3.36,0,0,0,0,0,0,0,0,0,0,0,-0.17,0,0,0,0,0,0,否,0,义乌市於郝电子商务商行（个体工商户）,订单结算
2026-04-22 09:17:18,'2026042209171431060505860793,入账,1.89,聚合账户,货款结算入账,小店自卖,'6925567966722096185,'6925567966722096185,'SS76304660082570368150079,2026-04-13 16:59:46,'3808855327718375885,复古豹纹褶皱中号香蕉夹高级感马尾扭扭夹后脑勺韩系显发量发卡,,,普通订单,0.01,0,0,1.98,0,0,0,0,0,0,0,0,-0.1,0,0,0,0,0,0,否,0,义乌市於郝电子商务商行（个体工商户）,订单结算
2026-04-22 09:17:18,'2026042209171214023890010793,入账,6.17,聚合账户,货款结算入账,小店自卖,'6952015855181239933,'6952015855181239933,'SS76303982376811405160100,2026-04-12 16:30:23,'3808509441058406492,新款扭扭麻花发箍女简约高颅顶带齿防滑洗脸头箍发卡高级感民族风,,,普通订单,2.45,0,0,4.04,0,0,0,0,0,0,0,0,-0.32,0,0,0,0,0,0,,0,义乌市於郝电子商务商行（个体工商户）,订单结算
2026-04-22 09:17:18,'2026042209171436788313870793,入账,3.89,聚合账户,货款结算入账,小店自卖,'6952020207317226579,'6952020207317226579,'SS76303709332193121710160,2026-04-12 13:31:33,'3808855327718375885,复古豹纹褶皱中号香蕉夹高级感马尾扭扭夹后脑勺韩系显发量发卡,,,普通订单,4.09,0,0,0,0,0,0,0,0,0,0,0,-0.2,0,0,0,0,0,0,否,0,义乌市於郝电子商务商行（个体工商户）,订单结算
2026-04-22 09:17:18,'2026042209171412756426430793,入账,2.65,聚合账户,货款结算入账,小店自卖,'6925527360850001652,'6925527360850001652,'SS76302632837060529060188,2026-04-11 18:03:15,'3808855327718375885,复古豹纹褶皱中号香蕉夹高级感马尾扭扭夹后脑勺韩系显发量发卡,,,普通订单,2.79,0,0,0,0,0,0,0,0,0,0,0,-0.14,0,0,0,0,0,0,否,0,义乌市於郝电子商务商行（个体工商户）,订单结算
2026-04-22 09:17:18,'2026042209171304512035930793,入账,4.74,聚合账户,货款结算入账,小店自卖,'6952114939634652204,'6952114939634652204,'SS76303900140983913380134,2026-04-16 10:09:43,'3809586825216000110,春夏撞色甜美蝴蝶结发夹女后脑勺抓夹2026新款气质大号盘发鸭嘴夹,,,普通订单,1.95,0,0,3.04,0,0,0,0,0,0,0,0,-0.25,0,0,0,0,0,0,,0,义乌市於郝电子商务商行（个体工商户）,订单结算
2026-04-22 09:17:18,'2026042209171234150650970793,入账,5.68,聚合账户,货款结算入账,小店自卖,'6925525511624818408,'6925525511624818408,'SS76303889998608512510224,2026-04-11 21:10:01,'3811282248515322341,可爱小黄鸡小猪发圈学生风萌系扎发神器黑色发绳扎头发皮筋卖头饰,,,普通订单,0.98,0,0,5,0,0,0,0,0,0,0,0,-0.3,0,0,0,0,0,0,否,0,义乌市於郝电子商务商行（个体工商户）,订单结算
2026-04-22 09:17:18,'2026042209171239310177780793,入账,1.89,聚合账户,货款结算入账,小店自卖,'6925534322276006941,'6925534322276006941,'SS76302631547870584840025,2026-04-11 22:16:01,'3808855327718375885,复古豹纹褶皱中号香蕉夹高级感马尾扭扭夹后脑勺韩系显发量发卡,,,普通订单,0.01,0,0,1.98,0,0,0,0,0,0,0,0,-0.1,0,0,0,0,0,0,否,0,义乌市於郝电子商务商行（个体工商户）,订单结算
2026-04-22 09:17:18,'2026042209171515191252980793,入账,4.33,聚合账户,货款结算入账,小店自卖,'6925519559530675768,'6925519559530675768,'SS76302881015300101390065,2026-04-12 07:26:35,'3811107016030683631,森系干枯山茶花朵7cm小抓夹 百搭气质发夹女后脑勺超仙鲨夹发饰,,,普通订单,4.56,0,0,0,0,0,0,0,0,0,0,0,-0.23,0,0,0,0,0,0,,0,义乌市於郝电子商务商行（个体工商户）,订单结算
2026-04-22 09:18:45,'2026042209184128438858340793,入账,2.83,聚合账户,货款结算入账,小店自卖,'6951999081614152704,'6951999081614152704,'SS76302875644505134080120,2026-04-11 23:04:49,'3809014413466402928,大肠圈蝴蝶头花带新款波点飘带大肠发圈高级感扎头发皮筋发饰发绳,,,普通订单,0.01,0,0,2.97,0,0,0,0,0,0,0,0,-0.15,0,0,0,0,0,0,,0,义乌市於郝电子商务商行（个体工商户）,订单结算
2026-04-22 09:18:55,'2026042209185107808125710793,入账,5.51,聚合账户,货款结算入账,小店自卖,'6952108750404130397,'6952108750404130397,'SS76301363148847030140137,2026-04-16 13:44:24,'3812210500259938495,可爱蝴蝶结小猫无痕刘海贴魔术贴发饰少女前额侧边碎发贴整理神器,,,普通订单,0.01,0,0,5.79,0,0,0,0,0,0,0,0,-0.29,0,0,0,0,0,0,,0,义乌市於郝电子商务商行（个体工商户）,订单结算
2026-04-22 09:18:59,'2026042209185600676175860793,入账,1.15,聚合账户,货款结算入账,小店自卖,'6952008909058938336,'6952008909058938336,'SS76303741739908961640173,2026-04-12 13:22:44,'3810358465323467001,明星同款高颅顶圆形金属发扣刘海发夹女前额侧边夹仿水钻发卡头饰,,,普通订单,0.02,0,0,1.19,0,0,0,0,0,0,0,0,-0.06,0,0,0,0,0,0,否,0,义乌市於郝电子商务商行（个体工商户）,订单结算
2026-04-22 09:19:01,'2026042209185712511649820793,出账,2,聚合账户,小额打款,,'6952155685430170708,'6952155685430170708,,,,,,,普通订单,0,0,0,0,0,0,0,0,0,0,0,0,0,0,0,0,0,0,0,,0,义乌市於郝电子商务商行（个体工商户）,商家向消费者小额打款-“其他”
2026-04-22 09:19:06,'2026042209190141241523700793,入账,6.46,聚合账户,货款结算入账,小店自卖,'6951991827463804892,'6951991827463804892,'SS76304130037327672580231,2026-04-11 15:48:37,'3808518913650721160,新款高级牡丹花流苏抓夹毛毛发夹后脑勺显发量大号鲨鱼头饰发夹,,,普通订单,3.4,0,0,3.4,0,0,0,0,0,0,0,0,-0.34,0,0,0,0,0,0,否,0,义乌市於郝电子商务商行（个体工商户）,订单结算
2026-04-22 09:19:15,'2026042209191035106332660793,入账,3.15,聚合账户,货款结算入账,小店自卖,'6951993299307926832,'6951993299307926832,'SS76303732162965222460085,2026-04-12 12:52:13,'3808518913650721160,新款高级牡丹花流苏抓夹毛毛发夹后脑勺显发量大号鲨鱼头饰发夹,,,普通订单,2.33,0,0,0.99,0,0,0,0,0,0,0,0,-0.17,0,0,0,0,0,0,,0,义乌市於郝电子商务商行（个体工商户）,订单结算
2026-04-22 09:23:25,'2026042209232222608781070793,入账,4.81,聚合账户,货款结算入账,小店自卖,'6925514481680678241,'6925514481680678241,'SS76302660464443069790035,2026-04-11 18:12:18,'3808518913650721160,新款高级牡丹花流苏抓夹毛毛发夹后脑勺显发量大号鲨鱼头饰发夹,,,普通订单,5.06,0,0,0,0,0,0,0,0,0,0,0,-0.25,0,0,0,0,0,0,否,0,义乌市於郝电子商务商行（个体工商户）,订单结算
2026-04-22 09:25:29,'2026042209252515378396430793,入账,3.19,聚合账户,货款结算入账,小店自卖,'6925537211317845595,'6925537211317845595,'SS76303741042519905370000,2026-04-12 09:48:53,'3808855327718375885,复古豹纹褶皱中号香蕉夹高级感马尾扭扭夹后脑勺韩系显发量发卡,,,普通订单,0.01,0,0,3.35,0,0,0,0,0,0,0,0,-0.17,0,0,0,0,0,0,否,0,义乌市於郝电子商务商行（个体工商户）,订单结算
2026-04-22 09:25:36,'2026042209253401050053630793,入账,1.89,聚合账户,货款结算入账,小店自卖,'6925517348049878817,'6925517348049878817,'SS76302628482883957860246,2026-04-12 03:12:49,'3808855327718375885,复古豹纹褶皱中号香蕉夹高级感马尾扭扭夹后脑勺韩系显发量发卡,,,普通订单,0.01,0,0,1.98,0,0,0,0,0,0,0,0,-0.1,0,0,0,0,0,0,否,0,义乌市於郝电子商务商行（个体工商户）,订单结算
2026-04-22 09:27:41,'2026042209273622790477320793,入账,5.64,聚合账户,货款结算入账,小店自卖,'6951987734341359489,'6951987734341359489,'SS76302879436892779980247,2026-04-11 17:42:23,'3809602909876912378,2026韩系格子方巾大肠发圈高级慵懒风发绳扎方形头发头绳大号发饰,,,普通订单,5.94,0,0,0,0,0,0,0,0,0,0,0,-0.3,0,0,0,0,0,0,否,0,义乌市於郝电子商务商行（个体工商户）,订单结算
2026-04-22 09:29:08,'2026042209290407871575420793,入账,1.89,聚合账户,货款结算入账,小店自卖,'6952092215713535368,'6952092215713535368,'SS76301383167519459930162,2026-04-15 21:39:47,'3808855327718375885,复古豹纹波点褶皱高马尾香蕉夹小号后脑勺竖夹韩系显发量发夹,,,普通订单,0.01,0,0,1.98,0,0,0,0,0,0,0,0,-0.1,0,0,0,0,0,0,否,0,义乌市於郝电子商务商行（个体工商户）,订单结算
2026-04-22 09:29:42,'2026042209293918836365070793,入账,3.76,聚合账户,货款结算入账,小店自卖,'6952003294025684638,'6952003294025684638,'SS76302661635277829530185,2026-04-11 19:20:26,'3810178800415801398,韩系甜美格纹蕾丝边大肠圈2026新款绑马尾发圈洋气百搭头圈发绳女,,,普通订单,0.01,0,0,3.95,0,0,0,0,0,0,0,0,-0.2,0,0,0,0,0,0,否,0,义乌市於郝电子商务商行（个体工商户）,订单结算
2026-04-22 09:29:53,'2026042209294920243423220793,入账,3.23,聚合账户,货款结算入账,小店自卖,'6952026721209095902,'6952026721209095902,'SS76303732115526497800145,2026-04-12 14:45:35,'3808515754769383695,2026新款高级牡丹花流苏抓夹毛毛发夹后脑勺显发量大号鲨鱼夹头饰,,,普通订单,0.4,0,0,3,0,0,0,0,0,0,0,0,-0.17,0,0,0,0,0,0,,0,义乌市於郝电子商务商行（个体工商户）,订单结算
2026-04-22 09:30:07,'2026042209300437001469820793,入账,2.72,聚合账户,货款结算入账,小店自卖,'6951850904008922332,'6951850904008922332,'SS76302961801861412110017,2026-04-06 14:25:05,'3808518913650721160,新款高级牡丹花流苏抓夹毛毛发夹后脑勺显发量大号鲨鱼头饰发夹,,,普通订单,0.86,0,0,2,0,0,0,0,0,0,0,0,-0.14,0,0,0,0,0,0,,0,义乌市於郝电子商务商行（个体工商户）,订单结算
2026-04-22 09:30:44,'2026042209304025760735180793,入账,1.89,聚合账户,货款结算入账,巨量千川,'6951986322885908203,'6951986322885908203,'SS76302626814758589820191,2026-04-12 01:39:21,'3808855327718375885,复古豹纹褶皱中号香蕉夹高级感马尾扭扭夹后脑勺韩系显发量发卡,,,普通订单,0.01,0,0,1.98,0,0,0,0,0,0,0,0,-0.1,0,0,0,0,0,0,否,0,义乌市於郝电子商务商行（个体工商户）,订单结算
2026-04-22 09:31:07,'2026042209310237590141700793,入账,4.41,聚合账户,货款结算入账,小店自卖,'6951999059330144191,'6951999059330144191,'SS76303975424424679030078,2026-04-11 22:52:27,'3811282248515322341,可爱小黄鸡小猪发圈学生风萌系扎发神器黑色发绳扎头发皮筋卖头饰,,,普通订单,0.01,0,0,4.63,0,0,0,0,0,0,0,0,-0.23,0,0,0,0,0,0,否,0,义乌市於郝电子商务商行（个体工商户）,订单结算
2026-04-22 09:31:34,'2026042209313102022280190793,入账,3.89,聚合账户,货款结算入账,小店自卖,'6925652934812204219,'6925652934812204219,'SS76303899699661542860099,2026-04-16 20:45:43,'3808855327718375885,复古豹纹波点褶皱高马尾香蕉夹小号后脑勺竖夹韩系显发量发夹,,,普通订单,4.09,0,0,0,0,0,0,0,0,0,0,0,-0.2,0,0,0,0,0,0,否,0,义乌市於郝电子商务商行（个体工商户）,订单结算
2026-04-22 09:31:34,'2026042209313005335616340793,入账,1.77,聚合账户,货款结算入账,小店自卖,'6952075328612341559,'6952075328612341559,'SS76303351837066698740006,2026-04-15 06:40:19,'3811460006382010734,简约几何波浪珍珠抓夹女2026新款后脑勺发夹鲨鱼夹子大号发量发饰,,,普通订单,3.36,0,0,0,0,0,0,0,0,0,0,-1.5,-0.09,0,0,0,0,0,0,否,0,义乌市於郝电子商务商行（个体工商户）,订单结算
2026-04-22 09:31:34,'2026042209313106846062230793,入账,1.89,聚合账户,货款结算入账,小店自卖,'6952122680246539938,'6952122680246539938,'SS76302783992656737540155,2026-04-16 19:36:17,'3808855327718375885,复古豹纹波点褶皱高马尾香蕉夹小号后脑勺竖夹韩系显发量发夹,,,普通订单,0.99,0,0,0,0,0,0,0,1,0,0,0,-0.1,0,0,0,0,0,0,否,0,义乌市於郝电子商务商行（个体工商户）,订单结算
2026-04-22 09:31:34,'2026042209313113354278780793,入账,3.15,聚合账户,货款结算入账,小店自卖,'6925622238986206488,'6925622238986206488,'SS76304673666059308060096,2026-04-15 16:46:28,'3808518913650721160,新款高级牡丹花流苏抓夹毛毛发夹后脑勺显发量大号鲨鱼头饰发夹,,,普通订单,3.32,0,0,0,0,0,0,0,0,0,0,0,-0.17,0,0,0,0,0,0,否,0,义乌市於郝电子商务商行（个体工商户）,订单结算
2026-04-22 09:31:34,'2026042209313104548572500793,入账,4.22,聚合账户,货款结算入账,小店自卖,'6952152392816662172,'6952152392816662172,'SS76303577146949307280216,2026-04-17 12:39:14,'3811116864172589149,森系干枯山茶花朵7cm小抓夹百搭气质发夹女后脑勺超仙鲨鱼夹发饰,,,普通订单,4.44,0,0,0,0,0,0,0,0,0,0,0,-0.22,0,0,0,0,0,0,否,0,义乌市於郝电子商务商行（个体工商户）,订单结算
2026-04-22 09:31:35,'2026042209313206128934920793,入账,1.89,聚合账户,货款结算入账,小店自卖,'6952158176850548384,'6952158176850548384,'SS76304788740521662070155,2026-04-18 11:12:29,'3808855327718375885,复古豹纹波点褶皱高马尾香蕉夹小号后脑勺竖夹韩系显发量发夹,,,普通订单,0.01,0,0,1.98,0,0,0,0,0,0,0,0,-0.1,0,0,0,0,0,0,,0,义乌市於郝电子商务商行（个体工商户）,订单结算
2026-04-22 09:31:35,'2026042209313209209290870793,入账,3.32,聚合账户,货款结算入账,小店自卖,'6925672103312326123,'6925672103312326123,'SS76304207266379699580053,2026-04-17 21:29:02,'3808518913650721160,新款高级牡丹花流苏抓夹毛毛发夹后脑勺显发量大号鲨鱼头饰发夹,,,普通订单,0.01,0,0,3.49,0,0,0,0,0,0,0,0,-0.18,0,0,0,0,0,0,否,0,义乌市於郝电子商务商行（个体工商户）,订单结算
2026-04-22 09:31:35,'2026042209313137796296200793,入账,7.21,聚合账户,货款结算入账,小店自卖,'6952135024767997620,'6952135024767997620,'SS76303811283937695070051,2026-04-17 15:23:34,'3809586825216000110,春夏撞色甜美蝴蝶结发夹女后脑勺抓夹2026新款气质大号盘发鸭嘴夹,,,普通订单,7.59,0,0,0,0,0,0,0,0,0,0,0,-0.38,0,0,0,0,0,0,否,0,义乌市於郝电子商务商行（个体工商户）,订单结算
2026-04-22 09:31:35,'2026042209313123965374070793,入账,3.26,聚合账户,货款结算入账,小店自卖,'6925651067809726438,'6925651067809726438,'SS76304453234227655780248,2026-04-16 21:10:06,'3808518913650721160,新款高级牡丹花流苏抓夹毛毛发夹后脑勺显发量大号鲨鱼头饰发夹,,,普通订单,3.43,0,0,0,0,0,0,0,0,0,0,0,-0.17,0,0,0,0,0,0,否,0,义乌市於郝电子商务商行（个体工商户）,订单结算
2026-04-22 09:31:35,'2026042209313210828191130793,入账,1.89,聚合账户,货款结算入账,小店自卖,'6925662843371880208,'6925662843371880208,'SS76303920885636634030009,2026-04-17 16:41:37,'3808855327718375885,复古豹纹波点褶皱高马尾香蕉夹小号后脑勺竖夹韩系显发量发夹,,,普通订单,0.01,0,0,1.98,0,0,0,0,0,0,0,0,-0.1,0,0,0,0,0,0,否,0,义乌市於郝电子商务商行（个体工商户）,订单结算
2026-04-22 09:31:41,'2026042209313741201338880793,入账,1.89,聚合账户,货款结算入账,小店自卖,'6952102738286548793,'6952102738286548793,'SS76304149930410478590025,2026-04-15 17:09:05,'3808855327718375885,复古豹纹波点褶皱高马尾香蕉夹小号后脑勺竖夹韩系显发量发夹,,,普通订单,0.01,0,0,1.98,0,0,0,0,0,0,0,0,-0.1,0,0,0,0,0,0,否,0,义乌市於郝电子商务商行（个体工商户）,订单结算
2026-04-22 09:31:41,'2026042209313811160296960793,入账,4.71,聚合账户,货款结算入账,小店自卖,'6952148535192721091,'6952148535192721091,'SS76304056405839383100064,2026-04-17 23:05:48,'3811282248515322341,可爱小黄鸡小猪发圈学生风萌系扎发神器黑色发绳扎头发皮筋卖头饰,,,普通订单,0.01,0,0,4.95,0,0,0,0,0,0,0,0,-0.25,0,0,0,0,0,0,否,0,义乌市於郝电子商务商行（个体工商户）,订单结算
2026-04-22 09:31:41,'2026042209313833264973140793,入账,2.7,聚合账户,货款结算入账,小店自卖,'6952153726029468813,'6952153726029468813,'SS76304171958389481220030,2026-04-18 07:50:02,'3811116864172589149,森系干枯山茶花朵7cm小抓夹百搭气质发夹女后脑勺超仙鲨鱼夹发饰,,,普通订单,0.01,0,0,2.83,0,0,0,0,0,0,0,0,-0.14,0,0,0,0,0,0,,0,义乌市於郝电子商务商行（个体工商户）,订单结算
2026-04-22 09:31:41,'2026042209313806293752320793,入账,1.89,聚合账户,货款结算入账,小店自卖,'6952063631257245099,'6952063631257245099,'SS76303779915890242650194,2026-04-14 19:50:00,'3808855327718375885,复古豹纹褶皱中号香蕉夹高级感马尾扭扭夹后脑勺韩系显发量发卡,,,普通订单,0.01,0,0,0,0,0,0,0,0,1.98,0,0,-0.1,0,0,0,0,0,0,否,0,义乌市於郝电子商务商行（个体工商户）,订单结算
2026-04-22 09:31:41,'2026042209313804999910500793,入账,1.88,聚合账户,货款结算入账,小店自卖,'6925612337050910166,'6925612337050910166,'SS76304729314968745500157,2026-04-15 08:48:03,'3812210500259938495,可爱蝴蝶结小猫无痕刘海贴魔术贴发饰少女前额侧边碎发贴整理神器,,,普通订单,0.48,0,0,1.5,0,0,0,0,0,0,0,0,-0.1,0,0,0,0,0,0,,0,义乌市於郝电子商务商行（个体工商户）,订单结算
2026-04-22 09:31:42,'2026042209313719644582750793,入账,4.26,聚合账户,货款结算入账,巨量千川,'6952122618578146462,'6952122618578146462,'SS76304517015517434970037,2026-04-16 18:41:50,'3811116864172589149,森系干枯山茶花朵7cm小抓夹百搭气质发夹女后脑勺超仙鲨鱼夹发饰,,,普通订单,4.48,0,0,0,0,0,0,0,0,0,0,0,-0.22,0,0,0,0,0,0,,0,义乌市於郝电子商务商行（个体工商户）,订单结算
2026-04-22 09:31:42,'2026042209314004991880200793,入账,0.94,聚合账户,货款结算入账,小店自卖,'6952097569193202704,'6952097569193202704,'SS76303385170732324190015,2026-04-15 10:46:01,'3808855327718375885,复古豹纹波点褶皱高马尾香蕉夹小号后脑勺竖夹韩系显发量发夹,,,普通订单,1.99,0,0,0,0,0,0,0,0,0,0,-1,-0.05,0,0,0,0,0,0,否,0,义乌市於郝电子商务商行（个体工商户）,订单结算
2026-04-22 09:31:42,'2026042209313825257088520793,入账,4.08,聚合账户,货款结算入账,小店自卖,'6952097875233936401,'6952097875233936401,'SS76304886315555067230186,2026-04-15 14:27:47,'3809214874429555055,【LOVEIXCC】新款法式网红发箍发卡宽边复古秋冬头饰百搭高级盘发器,,,普通订单,4.3,0,0,0,0,0,0,0,0,0,0,0,-0.22,0,0,0,0,0,0,否,0,义乌市於郝电子商务商行（个体工商户）,订单结算
2026-04-22 09:31:42,'2026042209313834192264200793,入账,4.14,聚合账户,货款结算入账,小店自卖,'6952143867216729134,'6952143867216729134,'SS76304173979581814110234,2026-04-17 22:07:11,'3809586825216000110,春夏撞色甜美蝴蝶结发夹女后脑勺抓夹2026新款气质大号盘发鸭嘴夹,,,普通订单,4.36,0,0,0,0,0,0,0,0,0,0,0,-0.22,0,0,0,0,0,0,否,0,义乌市於郝电子商务商行（个体工商户）,订单结算
2026-04-22 09:31:42,'2026042209313909356419080793,入账,4.77,聚合账户,货款结算入账,小店自卖,'6952071326216427272,'6952071326216427272,'SS76303590547198612940181,2026-04-15 13:05:18,'3808826072573804729,迷你小号无痕鸭嘴夹抓夹小夹子精致蝴蝶结碎发夹刘海夹高级感发卡,,,普通订单,5.02,0,0,0,0,0,0,0,0,0,0,0,-0.25,0,0,0,0,0,0,否,0,义乌市於郝电子商务商行（个体工商户）,订单结算
2026-04-22 09:31:51,'2026042209314737458785910793,入账,3.15,聚合账户,货款结算入账,小店自卖,'6925644256042516061,'6925644256042516061,'SS76303171751319680350023,2026-04-16 21:11:29,'3808518913650721160,新款高级牡丹花流苏抓夹毛毛发夹后脑勺显发量大号鲨鱼头饰发夹,,,普通订单,0.31,0,0,3.01,0,0,0,0,0,0,0,0,-0.17,0,0,0,0,0,0,,0,义乌市於郝电子商务商行（个体工商户）,订单结算
2026-04-22 09:31:51,'2026042209314911305989530793,入账,2.69,聚合账户,货款结算入账,巨量千川,'6925613136128999017,'6925613136128999017,'SS76301897405667578940160,2026-04-15 13:43:38,'3808826072573804729,迷你小号无痕鸭嘴夹抓夹小夹子精致蝴蝶结碎发夹刘海夹高级感发卡,,,普通订单,2.83,0,0,0,0,0,0,0,0,0,0,0,-0.14,0,0,0,0,0,0,否,0,义乌市於郝电子商务商行（个体工商户）,订单结算
2026-04-22 09:31:51,'2026042209314717461911400793,入账,1.89,聚合账户,货款结算入账,巨量千川,'6925597794538716670,'6925597794538716670,'SS76303020093798692110133,2026-04-15 11:01:53,'3808855327718375885,复古豹纹波点褶皱高马尾香蕉夹小号后脑勺竖夹韩系显发量发夹,,,普通订单,0.01,0,0,1.98,0,0,0,0,0,0,0,0,-0.1,0,0,0,0,0,0,否,0,义乌市於郝电子商务商行（个体工商户）,订单结算
2026-04-22 09:31:51,'2026042209314828364316570793,入账,6.17,聚合账户,货款结算入账,小店自卖,'6925597155059334637,'6925597155059334637,'SS76304509676700475260028,2026-04-15 00:25:42,'3808509441058406492,新款扭扭麻花发箍女简约高颅顶带齿防滑洗脸头箍发卡高级感民族风,,,普通订单,1.75,0,0,4.74,0,0,0,0,0,0,0,0,-0.32,0,0,0,0,0,0,,0,义乌市於郝电子商务商行（个体工商户）,订单结算
2026-04-22 09:31:51,'2026042209314733612275610793,入账,2.8,聚合账户,货款结算入账,小店自卖,'6925628504505351322,'6925628504505351322,'SS76303806068152077220221,2026-04-15 14:28:59,'3809599445994176839,春日超仙韩系碎花蕾丝大肠发圈女甜美感丸子头慵懒风超大发饰头绳,,,普通订单,0.01,0,0,2.94,0,0,0,0,0,0,0,0,-0.15,0,0,0,0,0,0,,0,义乌市於郝电子商务商行（个体工商户）,订单结算
2026-04-22 09:31:53,'2026042209314936791099260793,入账,5.68,聚合账户,货款结算入账,小店自卖,'6925687942727761797,'6925687942727761797,'SS76304639594435056640092,2026-04-18 09:57:47,'3811282248515322341,可爱小黄鸡小猪发圈学生风萌系扎发神器黑色发绳扎头发皮筋卖头饰,,,普通订单,0.01,0,0,5.97,0,0,0,0,0,0,0,0,-0.3,0,0,0,0,0,0,否,0,义乌市於郝电子商务商行（个体工商户）,订单结算
2026-04-22 09:31:53,'2026042209314936839268350793,入账,1.89,聚合账户,货款结算入账,小店自卖,'6925644485438701162,'6925644485438701162,'SS76303244422925071710025,2026-04-16 22:22:27,'3808855327718375885,复古豹纹波点褶皱高马尾香蕉夹小号后脑勺竖夹韩系显发量发夹,,,普通订单,0.01,0,0,1.98,0,0,0,0,0,0,0,0,-0.1,0,0,0,0,0,0,否,0,义乌市於郝电子商务商行（个体工商户）,订单结算
2026-04-22 09:34:45,'2026042209344213309260860793,入账,1.89,聚合账户,货款结算入账,小店自卖,'6925641022626823912,'6925641022626823912,'SS76304145980927186280052,2026-04-16 13:30:06,'3808855327718375885,复古豹纹波点褶皱高马尾香蕉夹小号后脑勺竖夹韩系显发量发夹,,,普通订单,0.01,0,0,1.98,0,0,0,0,0,0,0,0,-0.1,0,0,0,0,0,0,否,0,义乌市於郝电子商务商行（个体工商户）,订单结算
2026-04-22 09:38:21,'2026042209381812761503220793,入账,2.86,聚合账户,货款结算入账,小店自卖,'6925627612422438010,'6925627612422438010,'SS76304168563561766910164,2026-04-16 00:31:25,'3809438133272051839,韩版新款格纹蝴蝶结香蕉夹复古少女中号马尾夹百搭扭扭发卡抓夹,,,普通订单,3.01,0,0,0,0,0,0,0,0,0,0,0,-0.15,0,0,0,0,0,0,否,0,义乌市於郝电子商务商行（个体工商户）,订单结算
2026-04-22 09:39:29,'2026042209392727810084220793,入账,1.89,聚合账户,货款结算入账,小店自卖,'6951999105438783073,'6951999105438783073,'SS76302626055528456020192,2026-04-11 23:08:54,'3808855327718375885,复古豹纹褶皱中号香蕉夹高级感马尾扭扭夹后脑勺韩系显发量发卡,,,普通订单,0.01,0,0,1.98,0,0,0,0,0,0,0,0,-0.1,0,0,0,0,0,0,否,0,义乌市於郝电子商务商行（个体工商户）,订单结算
2026-04-22 09:41:17,'2026042209411416576026230793,入账,4.62,聚合账户,货款结算入账,小店自卖,'6925519572670971551,'6925519572670971551,'SS76302659075752432990137,2026-04-12 07:31:18,'3808515754769383695,2026新款高级牡丹花流苏抓夹毛毛发夹后脑勺显发量大号鲨鱼夹头饰,,,普通订单,4.86,0,0,0,0,0,0,0,0,0,0,0,-0.24,0,0,0,0,0,0,否,0,义乌市於郝电子商务商行（个体工商户）,订单结算
2026-04-22 09:42:54,'2026042209425201037770870793,出账,2,聚合账户,小额打款,,'6952168590200673577,'6952168590200673577,,,,,,,普通订单,0,0,0,0,0,0,0,0,0,0,0,0,0,0,0,0,0,0,0,,0,义乌市於郝电子商务商行（个体工商户）,商家向消费者小额打款-“其他”
2026-04-22 09:48:15,'2026042209481234829645180793,入账,0.99,聚合账户,货款结算入账,小店自卖,'6925386397293247940,'6925386397293247940,'SS76303037186888829790170,2026-04-06 12:01:28,'3808518913650721160,新款高级牡丹花流苏抓夹毛毛发夹后脑勺显发量大号鲨鱼头饰发夹,,,普通订单,0.84,0,0,0.2,0,0,0,0,0,0,0,0,-0.05,0,0,0,0,0,0,否,0,义乌市於郝电子商务商行（个体工商户）,订单结算
2026-04-22 09:51:12,'2026042209510832175235100793,入账,2.65,聚合账户,货款结算入账,小店自卖,'6925522012495249133,'6925522012495249133,'SS76303721257863585710133,2026-04-12 09:33:18,'3808522822146457689,夏天简约随手盘发一字夹扭扭夹水钻抓夹高级发夹扭扭后脑勺盘发器,,,普通订单,0.01,0,0,2.78,0,0,0,0,0,0,0,0,-0.14,0,0,0,0,0,0,,0,义乌市於郝电子商务商行（个体工商户）,订单结算
2026-04-22 09:52:50,'2026042209524805035996250793,入账,5.29,聚合账户,货款结算入账,小店自卖,'6925537558733160298,'6925537558733160298,'SS76303878836326446580052,2026-04-12 11:53:56,'3808522822146457689,夏天简约随手盘发一字夹扭扭夹水钻抓夹高级发夹扭扭后脑勺盘发器,,,普通订单,0.01,0,0,5.56,0,0,0,0,0,0,0,0,-0.28,0,0,0,0,0,0,否,0,义乌市於郝电子商务商行（个体工商户）,订单结算
2026-04-22 09:53:19,'2026042209531637121395460793,入账,1.89,聚合账户,货款结算入账,小店自卖,'6925527006940200548,'6925527006940200548,'SS76303711794715533180207,2026-04-12 14:01:39,'3808855327718375885,复古豹纹褶皱中号香蕉夹高级感马尾扭扭夹后脑勺韩系显发量发卡,,,普通订单,0.01,0,0,1.98,0,0,0,0,0,0,0,0,-0.1,0,0,0,0,0,0,否,0,义乌市於郝电子商务商行（个体工商户）,订单结算
2026-04-22 10:00:22,'2026042210002001988081160793,入账,3.14,聚合账户,货款结算入账,小店自卖,'6925523578069482856,'6925523578069482856,'SS76302653497518208510092,2026-04-12 00:01:59,'3808522822146457689,夏天简约随手盘发一字夹扭扭夹水钻抓夹高级发夹扭扭后脑勺盘发器,,,普通订单,2.32,0,0,0.99,0,0,0,0,0,0,0,0,-0.17,0,0,0,0,0,0,,0,义乌市於郝电子商务商行（个体工商户）,订单结算
2026-04-22 10:04:55,'2026042210045230417434010793,出账,2.06,聚合账户,退款-结算后退款-退用户,小店自卖,'6951989800248612723,'6951989800248612723,'147453574855020097,2026-04-11 17:54:57,'3809608072410824827,气质抓夹大号发量多2026新款简约发夹女后脑勺鲨鱼夹高级感头饰,,,普通订单,0,0,0,0,0,0,0,0,0,0,0,-2.06,0,0,0,0,0,0,0,,0,义乌市於郝电子商务商行（个体工商户）,已退款
2026-04-22 10:04:55,'2026042210045027781204900793,入账,0.1,聚合账户,退款-订单退款触发-退分账,小店自卖,'6951989800248612723,'6951989800248612723,'147453574855020097,2026-04-11 17:54:57,'3809608072410824827,气质抓夹大号发量多2026新款简约发夹女后脑勺鲨鱼夹高级感头饰,,,普通订单,0,0,0,0,0,0,0,0,0,0,0,0,0.1,0,0,0,0,0,0,,0,义乌市於郝电子商务商行（个体工商户）,服务费返还
2026-04-22 10:14:28,'2026042210142419137498030793,入账,2.72,聚合账户,货款结算入账,小店自卖,'6925522868571635461,'6925522868571635461,'SS76302658155441526170042,2026-04-11 19:15:51,'3808515754769383695,2026新款高级牡丹花流苏抓夹毛毛发夹后脑勺显发量大号鲨鱼夹头饰,,,普通订单,0.01,0,0,2.85,0,0,0,0,0,0,0,0,-0.14,0,0,0,0,0,0,,0,义乌市於郝电子商务商行（个体工商户）,订单结算
2026-04-22 10:14:42,'2026042210143919755873780793,入账,3.15,聚合账户,货款结算入账,巨量千川,'6925519449190923962,'6925519449190923962,'SS76302657519295370750118,2026-04-12 05:54:19,'3808518913650721160,新款高级牡丹花流苏抓夹毛毛发夹后脑勺显发量大号鲨鱼头饰发夹,,,普通订单,0.32,0,0,3,0,0,0,0,0,0,0,0,-0.17,0,0,0,0,0,0,否,0,义乌市於郝电子商务商行（个体工商户）,订单结算
2026-04-22 10:14:50,'2026042210144627272484190793,入账,1.89,聚合账户,货款结算入账,巨量千川,'6925654716040052282,'6925654716040052282,'SS76303774763734349150187,2026-04-16 16:04:51,'3808855327718375885,复古豹纹波点褶皱高马尾香蕉夹小号后脑勺竖夹韩系显发量发夹,,,普通订单,1.99,0,0,0,0,0,0,0,0,0,0,0,-0.1,0,0,0,0,0,0,否,0,义乌市於郝电子商务商行（个体工商户）,订单结算
2026-04-22 10:15:32,'2026042210152924669069300793,入账,1.89,聚合账户,货款结算入账,小店自卖,'6925514331047951729,'6925514331047951729,'SS76302618935755410010246,2026-04-11 16:41:37,'3808855327718375885,复古豹纹褶皱中号香蕉夹高级感马尾扭扭夹后脑勺韩系显发量发卡,,,普通订单,0.01,0,0,1.98,0,0,0,0,0,0,0,0,-0.1,0,0,0,0,0,0,否,0,义乌市於郝电子商务商行（个体工商户）,订单结算
2026-04-22 10:16:17,'2026042210161325008092570793,入账,5.68,聚合账户,货款结算入账,小店自卖,'6952002473899464310,'6952002473899464310,'SS76303890823486674070018,2026-04-12 13:17:37,'3811282248515322341,可爱小黄鸡小猪发圈学生风萌系扎发神器黑色发绳扎头发皮筋卖头饰,,,普通订单,1.98,0,0,4,0,0,0,0,0,0,0,0,-0.3,0,0,0,0,0,0,否,0,义乌市於郝电子商务商行（个体工商户）,订单结算
2026-04-22 10:18:13,'2026042210180930413010110793,入账,3.26,聚合账户,货款结算入账,小店自卖,'6925535315965148720,'6925535315965148720,'SS76304109980668114270125,2026-04-12 10:41:08,'3809211408374169816,春季宽边绒面发箍女2026新款明星压发洗脸简约高级感时尚洋气头箍,,,普通订单,3.43,0,0,0,0,0,0,0,0,0,0,0,-0.17,0,0,0,0,0,0,否,0,义乌市於郝电子商务商行（个体工商户）,订单结算
2026-04-22 10:19:20,'2026042210191626602542340793,入账,4.39,聚合账户,货款结算入账,小店自卖,'6951987762144810555,'6951987762144810555,'SS76303560138745288200064,2026-04-11 17:59:46,'3809214874429555055,【LOVEIXCC】新款法式网红发箍发卡宽边复古秋冬头饰百搭高级盘发器,,,普通订单,1.01,1,0,3.61,0,0,0,0,0,0,0,0,-0.23,0,0,0,0,0,0,,0,义乌市於郝电子商务商行（个体工商户）,订单结算
2026-04-22 10:20:41,'2026042210203740574487140793,入账,3.89,聚合账户,货款结算入账,小店自卖,'6952104204784637698,'6952104204784637698,'SS76304216367450202120188,2026-04-16 14:11:15,'3808855327718375885,复古豹纹波点褶皱高马尾香蕉夹小号后脑勺竖夹韩系显发量发夹,,,普通订单,1.09,0,0,3,0,0,0,0,0,0,0,0,-0.2,0,0,0,0,0,0,否,0,义乌市於郝电子商务商行（个体工商户）,订单结算
2026-04-22 10:21:30,'2026042210212630291074750793,入账,2.41,聚合账户,货款结算入账,小店自卖,'6925528643997695264,'6925528643997695264,'SS76303263147086648950046,2026-04-12 08:32:23,'3811282248515322341,可爱小黄鸡小猪发圈学生风萌系扎发神器黑色发绳扎头发皮筋卖头饰,,,普通订单,0.01,0,0,2.53,0,0,0,0,0,0,0,0,-0.13,0,0,0,0,0,0,否,0,义乌市於郝电子商务商行（个体工商户）,订单结算
2026-04-22 10:25:52,'2026042210254909441981440793,入账,3.91,聚合账户,货款结算入账,小店自卖,'6925535553049034377,'6925535553049034377,'SS76303214178458220040159,2026-04-12 12:00:36,'3808509441058406492,新款扭扭麻花发箍女简约高颅顶带齿防滑洗脸头箍发卡高级感民族风,,,普通订单,2.89,0,0,1.23,0,0,0,0,0,0,0,0,-0.21,0,0,0,0,0,0,,0,义乌市於郝电子商务商行（个体工商户）,订单结算
2026-04-22 10:30:18,'2026042210301508996009220793,入账,2.77,聚合账户,货款结算入账,小店自卖,'6925530548826898334,'6925530548826898334,'SS76302662918173374070221,2026-04-11 23:41:01,'3808515754769383695,2026新款高级牡丹花流苏抓夹毛毛发夹后脑勺显发量大号鲨鱼夹头饰,,,普通订单,0.01,0,0,2.91,0,0,0,0,0,0,0,0,-0.15,0,0,0,0,0,0,,0,义乌市於郝电子商务商行（个体工商户）,订单结算
2026-04-22 10:33:29,'2026042210332535336197470793,入账,1.88,聚合账户,货款结算入账,小店自卖,'6925639879186283918,'6925639879186283918,'SS76304903343466908620171,2026-04-17 03:57:10,'3812210500259938495,可爱蝴蝶结小猫无痕刘海贴魔术贴发饰少女前额侧边碎发贴整理神器,,,普通订单,0.01,0,0,1.97,0,0,0,0,0,0,0,0,-0.1,0,0,0,0,0,0,否,0,义乌市於郝电子商务商行（个体工商户）,订单结算
2026-04-22 10:33:31,'2026042210332708902456720793,入账,4.54,聚合账户,货款结算入账,小店自卖,'6925530193058430019,'6925530193058430019,'SS76303732507822330880090,2026-04-11 21:19:30,'3812203542429696436,甜美kitty刘海贴头饰可爱少女棉花糖猫碎发贴魔术贴无痕发饰,,,普通订单,4.78,0,0,0,0,0,0,0,0,0,0,0,-0.24,0,0,0,0,0,0,否,0,义乌市於郝电子商务商行（个体工商户）,订单结算
2026-04-22 10:37:53,'2026042210375115491894300793,入账,3.26,聚合账户,货款结算入账,巨量千川,'6925550686385569570,'6925550686385569570,'SS76303735380040748020196,2026-04-12 13:47:09,'3808518913650721160,新款高级牡丹花流苏抓夹毛毛发夹后脑勺显发量大号鲨鱼头饰发夹,,,普通订单,0.43,0,0,3,0,0,0,0,0,0,0,0,-0.17,0,0,0,0,0,0,,0,义乌市於郝电子商务商行（个体工商户）,订单结算
2026-04-22 10:40:06,'2026042210400119937695350793,入账,3.38,聚合账户,货款结算入账,小店自卖,'6925605091093151145,'6925605091093151145,'SS76303108224468257780150,2026-04-14 14:41:06,'3808826072573804729,迷你小号无痕鸭嘴夹抓夹小夹子精致蝴蝶结碎发夹刘海夹高级感发卡,,,普通订单,2.5,0,0,1.06,0,0,0,0,0,0,0,0,-0.18,0,0,0,0,0,0,,0,义乌市於郝电子商务商行（个体工商户）,订单结算
2026-04-22 10:40:45,'2026042210404304742843150793,入账,3.53,聚合账户,货款结算入账,小店自卖,'6925517033756720916,'6925517033756720916,'SS76302880404573926660074,2026-04-11 22:40:30,'3809273979772993843,新中式咖色碎花四层大肠发圈女慵懒风扎头发大号复古发饰头绳,,,普通订单,0.01,0,0,3.71,0,0,0,0,0,0,0,0,-0.19,0,0,0,0,0,0,,0,义乌市於郝电子商务商行（个体工商户）,订单结算
2026-04-22 10:41:50,'2026042210414729246797230793,入账,3.19,聚合账户,货款结算入账,小店自卖,'6925527886556004141,'6925527886556004141,'SS76302640042004157840102,2026-04-11 21:39:04,'3808855327718375885,复古豹纹褶皱中号香蕉夹高级感马尾扭扭夹后脑勺韩系显发量发卡,,,普通订单,3.36,0,0,0,0,0,0,0,0,0,0,0,-0.17,0,0,0,0,0,0,否,0,义乌市於郝电子商务商行（个体工商户）,订单结算
2026-04-22 10:45:49,'2026042210454504543286260793,入账,2.65,聚合账户,货款结算入账,巨量千川,'6951994737627895305,'6951994737627895305,'SS76302633902884951440043,2026-04-11 21:07:25,'3808855327718375885,复古豹纹褶皱中号香蕉夹高级感马尾扭扭夹后脑勺韩系显发量发卡,,,普通订单,0.01,0,0,2.78,0,0,0,0,0,0,0,0,-0.14,0,0,0,0,0,0,否,0,义乌市於郝电子商务商行（个体工商户）,订单结算
2026-04-22 10:46:20,'2026042210461633397355710793,入账,3.19,聚合账户,货款结算入账,巨量千川,'6952105712856143633,'6952105712856143633,'SS76302422339256327950181,2026-04-16 06:35:46,'3808855327718375885,复古豹纹波点褶皱高马尾香蕉夹小号后脑勺竖夹韩系显发量发夹,,,普通订单,0.26,0,0,3.1,0,0,0,0,0,0,0,0,-0.17,0,0,0,0,0,0,,0,义乌市於郝电子商务商行（个体工商户）,订单结算
2026-04-22 10:46:46,'2026042210464139111564990793,入账,3.89,聚合账户,货款结算入账,小店自卖,'6952009493802981314,'6952009493802981314,'SS76301356125697805310046,2026-04-12 20:11:14,'3812736213081784671,韩系ins风高马尾香蕉夹竖夹女2026新款高级感发夹简约复古发饰,,,普通订单,1.1,0,0,3,0,0,0,0,0,0,0,0,-0.21,0,0,0,0,0,0,,0,义乌市於郝电子商务商行（个体工商户）,订单结算
2026-04-22 10:46:54,'2026042210465013803523100793,入账,1.89,聚合账户,货款结算入账,小店自卖,'6952006488988129013,'6952006488988129013,'SS76303702819446789660153,2026-04-12 11:27:46,'3808855327718375885,复古豹纹褶皱中号香蕉夹高级感马尾扭扭夹后脑勺韩系显发量发卡,,,普通订单,0.01,0,0,0.2,0,0,0,0,1.78,0,0,0,-0.1,0,0,0,0,0,0,否,0,义乌市於郝电子商务商行（个体工商户）,订单结算
2026-04-22 10:47:10,'2026042210470727851494740793,入账,5.68,聚合账户,货款结算入账,小店自卖,'6951999545124591330,'6951999545124591330,'SS76303891668658757580126,2026-04-12 10:08:12,'3811282248515322341,可爱小黄鸡小猪发圈学生风萌系扎发神器黑色发绳扎头发皮筋卖头饰,,,普通订单,2.98,0,0,3,0,0,0,0,0,0,0,0,-0.3,0,0,0,0,0,0,,0,义乌市於郝电子商务商行（个体工商户）,订单结算
2026-04-22 10:47:52,'2026042210474741342285320793,入账,2.79,聚合账户,货款结算入账,小店自卖,'6925484858388151364,'6925484858388151364,'SS76303169613483051520212,2026-04-10 07:25:09,'3808855327718375885,复古豹纹褶皱中号香蕉夹高级感马尾扭扭夹后脑勺韩系显发量发卡,,,普通订单,0.01,0,0,2.93,0,0,0,0,0,0,0,0,-0.15,0,0,0,0,0,0,,0,义乌市於郝电子商务商行（个体工商户）,订单结算
2026-04-22 10:51:07,'2026042210510336203074960793,入账,9.93,聚合账户,货款结算入账,小店自卖,'6951993468506937276,'6951993468506937276,'SS76303694444095741790180,2026-04-12 15:02:43,'3809273979772993843,新中式咖色碎花四层大肠发圈女慵懒风扎头发大号复古发饰头绳,,,普通订单,5.05,0,0,5.4,0,0,0,0,0,0,0,0,-0.52,0,0,0,0,0,0,否,0,义乌市於郝电子商务商行（个体工商户）,订单结算
2026-04-22 10:55:43,'2026042210553913058378750793,入账,0.94,聚合账户,货款结算入账,小店自卖,'6925668839436091110,'6925668839436091110,'SS76304168273274637340044,2026-04-17 11:03:55,'3812210500259938495,可爱蝴蝶结小猫无痕刘海贴魔术贴发饰少女前额侧边碎发贴整理神器,,,普通订单,0.01,0,0,0.98,0,0,0,0,0,0,0,0,-0.05,0,0,0,0,0,0,,0,义乌市於郝电子商务商行（个体工商户）,订单结算
2026-04-22 10:57:13,'2026042210570910978923610793,入账,2.28,聚合账户,货款结算入账,小店自卖,'6925510235013086652,'6925510235013086652,'SS76302679390189821710118,2026-04-11 19:12:55,'3809214874429555055,【LOVEIXCC】新款法式网红发箍发卡宽边复古秋冬头饰百搭高级盘发器,,,普通订单,0.01,0,0,2.39,0,0,0,0,0,0,0,0,-0.12,0,0,0,0,0,0,,0,义乌市於郝电子商务商行（个体工商户）,订单结算
2026-04-22 10:57:18,'2026042210571507725225340793,入账,2.71,聚合账户,货款结算入账,小店自卖,'6952105253986834269,'6952105253986834269,'SS76304104397338097140109,2026-04-15 21:49:09,'3809214874429555055,【LOVEIXCC】新款法式网红发箍发卡宽边复古秋冬头饰百搭高级盘发器,,,普通订单,0.01,0,0,2.84,0,0,0,0,0,0,0,0,-0.14,0,0,0,0,0,0,,0,义乌市於郝电子商务商行（个体工商户）,订单结算
2026-04-22 10:59:25,'2026042210592205538289040793,入账,2.77,聚合账户,货款结算入账,小店自卖,'6951883413462980212,'6951883413462980212,'SS76303894545487140360174,2026-04-07 11:20:20,'3808518913650721160,新款高级牡丹花流苏抓夹毛毛发夹后脑勺显发量大号鲨鱼头饰发夹,,,普通订单,0.01,0,0,2.91,0,0,0,0,0,0,0,0,-0.15,0,0,0,0,0,0,,0,义乌市於郝电子商务商行（个体工商户）,订单结算
2026-04-22 10:59:30,'2026042210592619595474350793,入账,4.51,聚合账户,货款结算入账,小店自卖,'6952015788633167365,'6952015788633167365,'SS76303998783630379610231,2026-04-12 15:40:42,'3809016483422536005,新款大肠发圈蝴蝶结头花高颜值时尚高级感发带头绳扎马尾飘带头饰,,,普通订单,0.95,0,0,3.8,0,0,0,0,0,0,0,0,-0.24,0,0,0,0,0,0,否,0,义乌市於郝电子商务商行（个体工商户）,订单结算
2026-04-22 10:59:32,'2026042210592907551388160793,入账,2.65,聚合账户,货款结算入账,小店自卖,'6925526037726592438,'6925526037726592438,'SS76303544295146133020176,2026-04-12 00:34:41,'3808855327718375885,复古豹纹褶皱中号香蕉夹高级感马尾扭扭夹后脑勺韩系显发量发卡,,,普通订单,0.01,0,0,2.78,0,0,0,0,0,0,0,0,-0.14,0,0,0,0,0,0,,0,义乌市於郝电子商务商行（个体工商户）,订单结算
2026-04-22 11:02:24,'2026042211021937124508560793,入账,2.56,聚合账户,货款结算入账,小店自卖,'6952004097828000815,'6952004097828000815,'SS76302718349229962870201,2026-04-12 08:41:54,'3808855327718375885,复古豹纹褶皱中号香蕉夹高级感马尾扭扭夹后脑勺韩系显发量发卡,,,普通订单,0.69,0,0,2,0,0,0,0,0,0,0,0,-0.13,0,0,0,0,0,0,否,0,义乌市於郝电子商务商行（个体工商户）,订单结算
2026-04-22 11:03:42,'2026042211033623829427260793,入账,1.89,聚合账户,货款结算入账,小店自卖,'6925405916896919311,'6925405916896919311,'SS76302904512453186970125,2026-04-06 22:19:53,'3808855327718375885,复古豹纹褶皱中号香蕉夹高级感马尾扭扭夹后脑勺韩系显发量发卡,,,普通订单,0.01,0,0,1.98,0,0,0,0,0,0,0,0,-0.1,0,0,0,0,0,0,,0,义乌市於郝电子商务商行（个体工商户）,订单结算
2026-04-22 11:04:50,'2026042211044402949453150793,入账,3.69,聚合账户,货款结算入账,小店自卖,'6925521963630821032,'6925521963630821032,'SS76303292308620741660239,2026-04-12 09:00:13,'3809273979772993843,新中式咖色碎花四层大肠发圈女慵懒风扎头发大号复古发饰头绳,,,普通订单,3.88,0,0,0,0,0,0,0,0,0,0,0,-0.19,0,0,0,0,0,0,否,0,义乌市於郝电子商务商行（个体工商户）,订单结算
2026-04-22 11:09:00,'2026042211085505632166820793,入账,1.89,聚合账户,货款结算入账,小店自卖,'6925633372879289575,'6925633372879289575,'SS76304245068587996250127,2026-04-15 22:42:52,'3812736213081784671,韩系ins风高马尾香蕉夹竖夹女2026新款高级感发夹简约复古发饰,,,普通订单,1.99,0,0,0,0,0,0,0,0,0,0,0,-0.1,0,0,0,0,0,0,否,0,义乌市於郝电子商务商行（个体工商户）,订单结算
2026-04-22 11:09:20,'2026042211091415870041750793,入账,3.89,聚合账户,货款结算入账,小店自卖,'6925519827722272474,'6925519827722272474,'SS76303708834729336780181,2026-04-12 10:13:25,'3808855327718375885,复古豹纹褶皱中号香蕉夹高级感马尾扭扭夹后脑勺韩系显发量发卡,,,普通订单,4.09,0,0,0,0,0,0,0,0,0,0,0,-0.2,0,0,0,0,0,0,否,0,义乌市於郝电子商务商行（个体工商户）,订单结算
2026-04-22 11:09:59,'2026042211095415411819780793,入账,2.91,聚合账户,货款结算入账,小店自卖,'6951991066773624548,'6951991066773624548,'SS76303733569118704980040,2026-04-12 11:58:10,'3808515754769383695,2026新款高级牡丹花流苏抓夹毛毛发夹后脑勺显发量大号鲨鱼夹头饰,,,普通订单,0.06,0,0,3,0,0,0,0,0,0,0,0,-0.15,0,0,0,0,0,0,,0,义乌市於郝电子商务商行（个体工商户）,订单结算
2026-04-22 11:11:54,'2026042211114819387026260793,入账,1.89,聚合账户,货款结算入账,小店自卖,'6925527474722143889,'6925527474722143889,'SS76302620457795098230095,2026-04-11 18:55:33,'3808855327718375885,复古豹纹褶皱中号香蕉夹高级感马尾扭扭夹后脑勺韩系显发量发卡,,,普通订单,1.99,0,0,0,0,0,0,0,0,0,0,0,-0.1,0,0,0,0,0,0,否,0,义乌市於郝电子商务商行（个体工商户）,订单结算
2026-04-22 11:12:34,'2026042211122602154993180793,入账,2.86,聚合账户,货款结算入账,小店自卖,'6925526800178183324,'6925526800178183324,'SS76304101439403177420047,2026-04-12 12:29:53,'3809438133272051839,韩版新款格纹蝴蝶结香蕉夹复古少女中号马尾夹百搭扭扭发卡抓夹,,,普通订单,3.01,0,0,0,0,0,0,0,0,0,0,0,-0.15,0,0,0,0,0,0,否,0,义乌市於郝电子商务商行（个体工商户）,订单结算
2026-04-22 11:13:28,'2026042211132137268035080793,入账,1.89,聚合账户,货款结算入账,小店自卖,'6925543575807885132,'6925543575807885132,'SS76303703134063334460228,2026-04-12 11:57:57,'3808855327718375885,复古豹纹褶皱中号香蕉夹高级感马尾扭扭夹后脑勺韩系显发量发卡,,,普通订单,1.99,0,0,0,0,0,0,0,0,0,0,0,-0.1,0,0,0,0,0,0,否,0,义乌市於郝电子商务商行（个体工商户）,订单结算
2026-04-22 11:15:35,'2026042211152512069770750793,入账,1.89,聚合账户,货款结算入账,小店自卖,'6952134955238626491,'6952134955238626491,'SS76304998930117309590071,2026-04-17 15:01:44,'3808855327718375885,复古豹纹波点褶皱高马尾香蕉夹小号后脑勺竖夹韩系显发量发夹,,,普通订单,0.01,0,0,1.98,0,0,0,0,0,0,0,0,-0.1,0,0,0,0,0,0,否,0,义乌市於郝电子商务商行（个体工商户）,订单结算
2026-04-22 11:17:51,'2026042211174702832184750793,入账,3.44,聚合账户,货款结算入账,小店自卖,'6925541499435974566,'6925541499435974566,'SS76303709305520950190029,2026-04-12 13:29:41,'3812736213081784671,韩系ins风高马尾香蕉夹竖夹女2026新款高级感发夹简约复古发饰,,,普通订单,3.62,0,0,0,0,0,0,0,0,0,0,0,-0.18,0,0,0,0,0,0,,0,义乌市於郝电子商务商行（个体工商户）,订单结算
2026-04-22 11:18:29,'2026042211182437339182480793,入账,4.77,聚合账户,货款结算入账,小店自卖,'6925535971435904045,'6925535971435904045,'SS76303750470184471100230,2026-04-12 14:42:16,'3808826072573804729,迷你小号无痕鸭嘴夹抓夹小夹子精致蝴蝶结碎发夹刘海夹高级感发卡,,,普通订单,5.02,0,0,0,0,0,0,0,0,0,0,0,-0.25,0,0,0,0,0,0,否,0,义乌市於郝电子商务商行（个体工商户）,订单结算
2026-04-22 11:18:42,'2026042211183504162030350793,入账,5.68,聚合账户,货款结算入账,小店自卖,'6925535314895666998,'6925535314895666998,'SS76304085930629373960250,2026-04-12 10:40:16,'3811282248515322341,可爱小黄鸡小猪发圈学生风萌系扎发神器黑色发绳扎头发皮筋卖头饰,,,普通订单,5.98,0,0,0,0,0,0,0,0,0,0,0,-0.3,0,0,0,0,0,0,否,0,义乌市於郝电子商务商行（个体工商户）,订单结算
2026-04-22 11:20:25,'2026042211202036750625340793,入账,3.89,聚合账户,货款结算入账,小店自卖,'6925531309859569448,'6925531309859569448,'SS76303708886300309110207,2026-04-12 10:25:03,'3808855327718375885,复古豹纹褶皱中号香蕉夹高级感马尾扭扭夹后脑勺韩系显发量发卡,,,普通订单,4.09,0,0,0,0,0,0,0,0,0,0,0,-0.2,0,0,0,0,0,0,否,0,义乌市於郝电子商务商行（个体工商户）,订单结算
2026-04-22 11:20:51,'2026042211204628902569470793,入账,3.32,聚合账户,货款结算入账,巨量千川,'6951993033961116811,'6951993033961116811,'SS76303735081654727950030,2026-04-12 10:20:26,'3808515754769383695,2026新款高级牡丹花流苏抓夹毛毛发夹后脑勺显发量大号鲨鱼夹头饰,,,普通订单,3.3,0,0,0.2,0,0,0,0,0,0,0,0,-0.18,0,0,0,0,0,0,否,0,义乌市於郝电子商务商行（个体工商户）,订单结算
2026-04-22 11:21:36,'2026042211213237520673800793,入账,9.4,聚合账户,货款结算入账,小店自卖,'6925515216189488260,'6925515216189488260,'SS76302880097877368670236,2026-04-11 23:02:02,'3809602909876912378,2026韩系格子方巾大肠发圈高级慵懒风发绳扎方形头发头绳大号发饰,,,普通订单,9.89,0,0,0,0,0,0,0,0,0,0,0,-0.49,0,0,0,0,0,0,否,0,义乌市於郝电子商务商行（个体工商户）,订单结算
2026-04-22 11:25:01,'2026042211245533819571290793,入账,3.89,聚合账户,货款结算入账,小店自卖,'6951974284246390045,'6951974284246324509,'SS76302634816858693750016,2026-04-11 14:41:19,'3808855327718375885,复古豹纹褶皱中号香蕉夹高级感马尾扭扭夹后脑勺韩系显发量发卡,,,普通订单,1.74,0,0,2.35,0,0,0,0,0,0,0,0,-0.2,0,0,0,0,0,0,,0,义乌市於郝电子商务商行（个体工商户）,订单结算
2026-04-22 11:25:55,'2026042211255115026427380793,入账,4.71,聚合账户,货款结算入账,小店自卖,'6925644584697626506,'6925644584697626506,'SS76303591194214077790041,2026-04-16 23:01:45,'3811282248515322341,可爱小黄鸡小猪发圈学生风萌系扎发神器黑色发绳扎头发皮筋卖头饰,,,普通订单,0.01,0,0,4.95,0,0,0,0,0,0,0,0,-0.25,0,0,0,0,0,0,否,0,义乌市於郝电子商务商行（个体工商户）,订单结算
2026-04-22 11:27:22,'2026042211271714955973390793,入账,3.19,聚合账户,货款结算入账,小店自卖,'6925518483351764617,'6925518483351764617,'SS76302638398140746330030,2026-04-11 19:17:20,'3808855327718375885,复古豹纹褶皱中号香蕉夹高级感马尾扭扭夹后脑勺韩系显发量发卡,,,普通订单,0.36,0,0,3,0,0,0,0,0,0,0,0,-0.17,0,0,0,0,0,0,,0,义乌市於郝电子商务商行（个体工商户）,订单结算
2026-04-22 11:27:56,'2026042211275230036956560793,入账,4.71,聚合账户,货款结算入账,小店自卖,'6925527572696628439,'6925527572696628439,'SS76302879179365092470175,2026-04-11 19:40:48,'3811282248515322341,可爱小黄鸡小猪发圈学生风萌系扎发神器黑色发绳扎头发皮筋卖头饰,,,普通订单,4.96,0,0,0,0,0,0,0,0,0,0,0,-0.25,0,0,0,0,0,0,否,0,义乌市於郝电子商务商行（个体工商户）,订单结算
2026-04-22 11:28:26,'2026042211282219928520030793,入账,3.89,聚合账户,货款结算入账,小店自卖,'6925533339603926624,'6925533339603926624,'SS76303709302964434270077,2026-04-12 12:56:13,'3808855327718375885,复古豹纹褶皱中号香蕉夹高级感马尾扭扭夹后脑勺韩系显发量发卡,,,普通订单,4.09,0,0,0,0,0,0,0,0,0,0,0,-0.2,0,0,0,0,0,0,否,0,义乌市於郝电子商务商行（个体工商户）,订单结算
2026-04-22 11:28:43,'2026042211283908278515260793,入账,4.44,聚合账户,货款结算入账,巨量千川,'6925534642764545658,'6925534642764545658,'SS76303119154278733140214,2026-04-12 00:36:27,'3808522822146457689,夏天简约随手盘发一字夹扭扭夹水钻抓夹高级发夹扭扭后脑勺盘发器,,,普通订单,4.67,0,0,0,0,0,0,0,0,0,0,0,-0.23,0,0,0,0,0,0,否,0,义乌市於郝电子商务商行（个体工商户）,订单结算
2026-04-22 11:29:19,'2026042211291208229238300793,入账,4.81,聚合账户,货款结算入账,小店自卖,'6925661304787468029,'6925661304787468029,'SS76304168402796219240098,2026-04-17 17:21:58,'3808518913650721160,新款高级牡丹花流苏抓夹毛毛发夹后脑勺显发量大号鲨鱼头饰发夹,,,普通订单,5.06,0,0,0,0,0,0,0,0,0,0,0,-0.25,0,0,0,0,0,0,否,0,义乌市於郝电子商务商行（个体工商户）,订单结算
2026-04-22 11:30:08,'2026042211300319296591790793,入账,3.19,聚合账户,货款结算入账,小店自卖,'6925538928910433538,'6925538928910433538,'SS76303741067142968660108,2026-04-12 09:45:54,'3808855327718375885,复古豹纹褶皱中号香蕉夹高级感马尾扭扭夹后脑勺韩系显发量发卡,,,普通订单,3.36,0,0,0,0,0,0,0,0,0,0,0,-0.17,0,0,0,0,0,0,否,0,义乌市於郝电子商务商行（个体工商户）,订单结算
2026-04-22 11:30:08,'2026042211300403126277630793,入账,3.32,聚合账户,货款结算入账,巨量千川,'6951990101033030720,'6951990101033030720,'SS76302658611365317750032,2026-04-11 21:09:08,'3808518913650721160,新款高级牡丹花流苏抓夹毛毛发夹后脑勺显发量大号鲨鱼头饰发夹,,,普通订单,3.5,0,0,0,0,0,0,0,0,0,0,0,-0.18,0,0,0,0,0,0,否,0,义乌市於郝电子商务商行（个体工商户）,订单结算
2026-04-22 11:30:08,'2026042211300423530583470793,入账,3.89,聚合账户,货款结算入账,小店自卖,'6925600999433862450,'6925600999433862450,'SS76303930368215782860018,2026-04-14 20:56:26,'3808855327718375885,复古豹纹褶皱中号香蕉夹高级感马尾扭扭夹后脑勺韩系显发量发卡,,,普通订单,4.09,0,0,0,0,0,0,0,0,0,0,0,-0.2,0,0,0,0,0,0,否,0,义乌市於郝电子商务商行（个体工商户）,订单结算
2026-04-22 11:30:08,'2026042211300325378491290793,入账,3.26,聚合账户,货款结算入账,小店自卖,'6925628049663950435,'6925628049663950435,'SS76304030094529377620154,2026-04-16 09:34:41,'3808518913650721160,新款高级牡丹花流苏抓夹毛毛发夹后脑勺显发量大号鲨鱼头饰发夹,,,普通订单,2.41,0,0,1.02,0,0,0,0,0,0,0,0,-0.17,0,0,0,0,0,0,,0,义乌市於郝电子商务商行（个体工商户）,订单结算
2026-04-22 11:30:08,'2026042211300339988966760793,入账,3.21,聚合账户,货款结算入账,小店自卖,'6925543718929792542,'6925543718929792542,'SS76304075417300666980099,2026-04-12 12:53:26,'3810358465323467001,明星同款高颅顶圆形金属发扣刘海发夹女前额侧边夹仿水钻发卡头饰,,,普通订单,3.38,0,0,0,0,0,0,0,0,0,0,0,-0.17,0,0,0,0,0,0,否,0,义乌市於郝电子商务商行（个体工商户）,订单结算
2026-04-22 11:30:08,'2026042211300431551327260793,入账,5.68,聚合账户,货款结算入账,小店自卖,'6925541887268650861,'6925541887268650861,'SS76303998572111959140005,2026-04-12 16:49:48,'3811282248515322341,可爱小黄鸡小猪发圈学生风萌系扎发神器黑色发绳扎头发皮筋卖头饰,,,普通订单,5.98,0,0,0,0,0,0,0,0,0,0,0,-0.3,0,0,0,0,0,0,否,0,义乌市於郝电子商务商行（个体工商户）,订单结算
2026-04-22 11:30:08,'2026042211300405333325210793,入账,2.29,聚合账户,货款结算入账,小店自卖,'6951972214976223084,'6951972214976223084,'SS76289602999321070600181,2026-04-11 17:03:55,'3811105102513700872,新款五角星发夹发扣韩国少女甜美甜酷侧边夹顶刘海前额固定卡子,,,普通订单,3.41,0,0,0,0,0,0,0,0,0,0,-1,-0.12,0,0,0,0,0,0,否,0,义乌市於郝电子商务商行（个体工商户）,订单结算
2026-04-22 11:30:08,'2026042211300401566149180793,入账,1.89,聚合账户,货款结算入账,小店自卖,'6952013372017874122,'6952013372017874122,'SS76303704020251981300151,2026-04-12 13:18:23,'3808855327718375885,复古豹纹褶皱中号香蕉夹高级感马尾扭扭夹后脑勺韩系显发量发卡,,,普通订单,0.01,0,0,1.98,0,0,0,0,0,0,0,0,-0.1,0,0,0,0,0,0,否,0,义乌市於郝电子商务商行（个体工商户）,订单结算
2026-04-22 11:30:08,'2026042211300407889231790793,入账,9.4,聚合账户,货款结算入账,小店自卖,'6925538270679367470,'6925538270679367470,'SS76304004241654095760104,2026-04-12 16:32:21,'3809602909876912378,2026韩系格子方巾大肠发圈高级慵懒风发绳扎方形头发头绳大号发饰,,,普通订单,9.89,0,0,0,0,0,0,0,0,0,0,0,-0.49,0,0,0,0,0,0,否,0,义乌市於郝电子商务商行（个体工商户）,订单结算
2026-04-22 11:30:08,'2026042211300425670784060793,入账,3.19,聚合账户,货款结算入账,小店自卖,'6951990444262102579,'6951990444262102579,'SS76302634144014835700034,2026-04-12 00:04:45,'3808855327718375885,复古豹纹褶皱中号香蕉夹高级感马尾扭扭夹后脑勺韩系显发量发卡,,,普通订单,3.36,0,0,0,0,0,0,0,0,0,0,0,-0.17,0,0,0,0,0,0,否,0,义乌市於郝电子商务商行（个体工商户）,订单结算
2026-04-22 11:30:08,'2026042211300321903122550793,入账,6.17,聚合账户,货款结算入账,小店自卖,'6925530939506261589,'6925530939506261589,'SS76302880757383009800040,2026-04-12 07:45:45,'3808509441058406492,新款扭扭麻花发箍女简约高颅顶带齿防滑洗脸头箍发卡高级感民族风,,,普通订单,6.5,0,0,0,0,0,0,0,0,0,0,0,-0.33,0,0,0,0,0,0,否,0,义乌市於郝电子商务商行（个体工商户）,订单结算
2026-04-22 11:30:08,'2026042211300337289334260793,入账,3.89,聚合账户,货款结算入账,小店自卖,'6951996871645599315,'6951996871645599315,'SS76302636174891425430206,2026-04-11 23:07:47,'3808855327718375885,复古豹纹褶皱中号香蕉夹高级感马尾扭扭夹后脑勺韩系显发量发卡,,,普通订单,4.09,0,0,0,0,0,0,0,0,0,0,0,-0.2,0,0,0,0,0,0,否,0,义乌市於郝电子商务商行（个体工商户）,订单结算
2026-04-22 11:30:08,'2026042211300303765089690793,入账,3.19,聚合账户,货款结算入账,小店自卖,'6925533348527701640,'6925533348527701640,'SS76303741344800118190023,2026-04-12 13:05:40,'3808855327718375885,复古豹纹褶皱中号香蕉夹高级感马尾扭扭夹后脑勺韩系显发量发卡,,,普通订单,3.36,0,0,0,0,0,0,0,0,0,0,0,-0.17,0,0,0,0,0,0,否,0,义乌市於郝电子商务商行（个体工商户）,订单结算
2026-04-22 11:30:08,'2026042211300319298721710793,入账,3.75,聚合账户,货款结算入账,小店自卖,'6925500915167296951,'6925500915167296951,'SS76302708170548677520232,2026-04-11 12:20:12,'3808681227066671182,简约大肠珍珠发圈头绳2026新款橡皮筋女扎头发优雅皮套高颜值发绳,,,普通订单,3.95,0,0,0,0,0,0,0,0,0,0,0,-0.2,0,0,0,0,0,0,否,0,义乌市於郝电子商务商行（个体工商户）,订单结算
2026-04-22 11:30:09,'2026042211300421279093760793,入账,4.81,聚合账户,货款结算入账,巨量千川,'6951995184288175949,'6951995184288175949,'SS76302660686247365500141,2026-04-12 05:59:15,'3808515754769383695,2026新款高级牡丹花流苏抓夹毛毛发夹后脑勺显发量大号鲨鱼夹头饰,,,普通订单,5.06,0,0,0,0,0,0,0,0,0,0,0,-0.25,0,0,0,0,0,0,否,0,义乌市於郝电子商务商行（个体工商户）,订单结算
2026-04-22 11:30:09,'2026042211300620095639560793,入账,1.89,聚合账户,货款结算入账,小店自卖,'6952020017821193821,'6952020017821193821,'SS76303703291161482340096,2026-04-12 12:13:45,'3808855327718375885,复古豹纹褶皱中号香蕉夹高级感马尾扭扭夹后脑勺韩系显发量发卡,,,普通订单,1.99,0,0,0,0,0,0,0,0,0,0,0,-0.1,0,0,0,0,0,0,否,0,义乌市於郝电子商务商行（个体工商户）,订单结算
2026-04-22 11:30:09,'2026042211300408774497700793,入账,2.26,聚合账户,货款结算入账,小店自卖,'6925534170680491946,'6925534170680491946,'SS76302879666150935040089,2026-04-11 21:30:22,'3809979415216128130,可爱小黄鸡发圈萌系扎发神器黑色发绳扎头发皮筋儿童卡子卖萌头饰,,,普通订单,2.38,0.4,0,0,0,0,0,0,0,0,0,0,-0.12,0,0,0,0,0,0,否,0,义乌市於郝电子商务商行（个体工商户）,订单结算
2026-04-22 11:30:09,'2026042211300516119242240793,入账,1.89,聚合账户,货款结算入账,小店自卖,'6952001942144423035,'6952001942144423035,'SS76302628576251743100236,2026-04-12 07:09:23,'3808855327718375885,复古豹纹褶皱中号香蕉夹高级感马尾扭扭夹后脑勺韩系显发量发卡,,,普通订单,1.99,0,0,0,0,0,0,0,0,0,0,0,-0.1,0,0,0,0,0,0,否,0,义乌市於郝电子商务商行（个体工商户）,订单结算
2026-04-22 11:30:09,'2026042211300520668134830793,入账,5.68,聚合账户,货款结算入账,小店自卖,'6951979334645192336,'6951979334645192336,'SS76303890078008161540190,2026-04-11 19:52:30,'3811282248515322341,可爱小黄鸡小猪发圈学生风萌系扎发神器黑色发绳扎头发皮筋卖头饰,,,普通订单,5.98,0,0,0,0,0,0,0,0,0,0,0,-0.3,0,0,0,0,0,0,否,0,义乌市於郝电子商务商行（个体工商户）,订单结算
2026-04-22 11:30:09,'2026042211300526262413220793,入账,5.51,聚合账户,货款结算入账,小店自卖,'6951995695257359368,'6951995695257359368,'SS76303732586840722020009,2026-04-12 10:53:49,'3812210500259938495,可爱蝴蝶结小猫无痕刘海贴魔术贴发饰少女前额侧边碎发贴整理神器,,,普通订单,5.8,0,0,0,0,0,0,0,0,0,0,0,-0.29,0,0,0,0,0,0,否,0,义乌市於郝电子商务商行（个体工商户）,订单结算
2026-04-22 11:30:09,'2026042211300511180160410793,入账,4.77,聚合账户,货款结算入账,巨量千川,'6925634582858333290,'6925634582858333290,'SS76303656917195656310008,2026-04-16 12:30:00,'3808826072573804729,迷你小号无痕鸭嘴夹抓夹小夹子精致蝴蝶结碎发夹刘海夹高级感发卡,,,普通订单,5.02,0,0,0,0,0,0,0,0,0,0,0,-0.25,0,0,0,0,0,0,,0,义乌市於郝电子商务商行（个体工商户）,订单结算
2026-04-22 11:30:09,'2026042211300302273121540793,入账,3.26,聚合账户,货款结算入账,小店自卖,'6951995305889109180,'6951995305889109180,'SS76302663183282184060207,2026-04-12 07:25:45,'3808518913650721160,新款高级牡丹花流苏抓夹毛毛发夹后脑勺显发量大号鲨鱼头饰发夹,,,普通订单,3.43,0,0,0,0,0,0,0,0,0,0,0,-0.17,0,0,0,0,0,0,否,0,义乌市於郝电子商务商行（个体工商户）,订单结算
2026-04-22 11:30:09,'2026042211300433143524220793,入账,5.76,聚合账户,货款结算入账,小店自卖,'6951850927741015425,'6951850927741015425,'SS76303669581100321680153,2026-04-06 15:02:45,'3808518913650721160,新款高级牡丹花流苏抓夹毛毛发夹后脑勺显发量大号鲨鱼头饰发夹,,,普通订单,6.06,1,0,0,0,0,0,0,0,0,0,0,-0.3,0,0,0,0,0,0,,0,义乌市於郝电子商务商行（个体工商户）,订单结算
2026-04-22 11:30:09,'2026042211300407975900500793,入账,1.89,聚合账户,货款结算入账,小店自卖,'6952006053542041261,'6952006053542041261,'SS76302628407330903040067,2026-04-12 01:53:51,'3808855327718375885,复古豹纹褶皱中号香蕉夹高级感马尾扭扭夹后脑勺韩系显发量发卡,,,普通订单,1.99,0,0,0,0,0,0,0,0,0,0,0,-0.1,0,0,0,0,0,0,否,0,义乌市於郝电子商务商行（个体工商户）,订单结算
2026-04-22 11:30:09,'2026042211300411966057310793,入账,4.94,聚合账户,货款结算入账,小店自卖,'6952034113487181586,'6952034113487181586,'SS76304979437660451840152,2026-04-12 23:27:09,'3811282248515322341,可爱小黄鸡小猪发圈学生风萌系扎发神器黑色发绳扎头发皮筋卖头饰,,,普通订单,5.2,0,0,0,0,0,0,0,0,0,0,0,-0.26,0,0,0,0,0,0,否,0,义乌市於郝电子商务商行（个体工商户）,订单结算
2026-04-22 11:30:09,'2026042211300014229834780793,入账,6.31,聚合账户,货款结算入账,小店自卖,'6925510062173093836,'6925510062173093836,'SS76302657605603330710145,2026-04-11 17:31:02,'3808518913650721160,新款高级牡丹花流苏抓夹毛毛发夹后脑勺显发量大号鲨鱼头饰发夹,,,普通订单,6.64,0,0,0,0,0,0,0,0,0,0,0,-0.33,0,0,0,0,0,0,否,0,义乌市於郝电子商务商行（个体工商户）,订单结算
2026-04-22 11:30:09,'2026042211300504837056630793,入账,2.69,聚合账户,货款结算入账,小店自卖,'6952006702968345786,'6952006702968345786,'SS76303749604189517320211,2026-04-12 13:40:39,'3808826072573804729,迷你小号无痕鸭嘴夹抓夹小夹子精致蝴蝶结碎发夹刘海夹高级感发卡,,,普通订单,1.83,0,0,0,0,0,0,0,1,0,0,0,-0.14,0,0,0,0,0,0,否,0,义乌市於郝电子商务商行（个体工商户）,订单结算
2026-04-22 11:30:09,'2026042211300404415862300793,入账,4.04,聚合账户,货款结算入账,小店自卖,'6925526241258798901,'6925526241258798901,'SS76302880706807729000024,2026-04-12 07:05:30,'3809273979772993843,新中式咖色碎花四层大肠发圈女慵懒风扎头发大号复古发饰头绳,,,普通订单,4.25,0,0,0,0,0,0,0,0,0,0,0,-0.21,0,0,0,0,0,0,否,0,义乌市於郝电子商务商行（个体工商户）,订单结算
2026-04-22 11:30:09,'2026042211300511075428300793,入账,1.89,聚合账户,货款结算入账,小店自卖,'6952012723762173751,'6952012723762173751,'SS76302631637502200720028,2026-04-12 03:15:12,'3808855327718375885,复古豹纹褶皱中号香蕉夹高级感马尾扭扭夹后脑勺韩系显发量发卡,,,普通订单,1.99,0,0,0,0,0,0,0,0,0,0,0,-0.1,0,0,0,0,0,0,否,0,义乌市於郝电子商务商行（个体工商户）,订单结算
2026-04-22 11:30:09,'2026042211300508441695070793,入账,3.23,聚合账户,货款结算入账,小店自卖,'6925525564615720661,'6925525564615720661,'SS76302660188010296780207,2026-04-11 21:20:31,'3808518913650721160,新款高级牡丹花流苏抓夹毛毛发夹后脑勺显发量大号鲨鱼头饰发夹,,,普通订单,3.4,0,0,0,0,0,0,0,0,0,0,0,-0.17,0,0,0,0,0,0,否,0,义乌市於郝电子商务商行（个体工商户）,订单结算
2026-04-22 11:30:09,'2026042211300324510139300793,入账,1.89,聚合账户,货款结算入账,小店自卖,'6951920125657289827,'6951920125657289827,'SS76304790270775790510118,2026-04-09 12:49:23,'3808855327718375885,复古豹纹褶皱中号香蕉夹高级感马尾扭扭夹后脑勺韩系显发量发卡,,,普通订单,0.01,0,0,1.98,0,0,0,0,0,0,0,0,-0.1,0,0,0,0,0,0,否,0,义乌市於郝电子商务商行（个体工商户）,订单结算
2026-04-22 11:30:09,'2026042211300506723346440793,入账,6.51,聚合账户,货款结算入账,小店自卖,'6925532712024767522,'6925532712024767522,'SS76303694357987661180225,2026-04-12 09:00:54,'3811649800995210014,女童多巴胺大肠发圈卡通可爱kt头绳小女孩丸子头皮筋儿童发绳头饰,,,普通订单,1.45,0,0,5.4,0,0,0,0,0,0,0,0,-0.34,0,0,0,0,0,0,否,0,义乌市於郝电子商务商行（个体工商户）,订单结算
2026-04-22 11:30:09,'2026042211300437088136080793,入账,3.26,聚合账户,货款结算入账,小店自卖,'6925621294176960001,'6925621294176960001,'SS76304152802812933120224,2026-04-16 09:46:55,'3809211408374169816,春季宽边绒面发箍女2026新款明星压发洗脸简约高级感时尚洋气头箍,,,普通订单,0.43,0,0,3,0,0,0,0,0,0,0,0,-0.17,0,0,0,0,0,0,否,0,义乌市於郝电子商务商行（个体工商户）,订单结算
2026-04-22 11:30:09,'2026042211300523616230750793,入账,1.89,聚合账户,货款结算入账,小店自卖,'6925591988947024900,'6925591988947024900,'SS76303863582817651660202,2026-04-14 16:51:45,'3808855327718375885,复古豹纹褶皱中号香蕉夹高级感马尾扭扭夹后脑勺韩系显发量发卡,,,普通订单,1.99,0,0,0,0,0,0,0,0,0,0,0,-0.1,0,0,0,0,0,0,否,0,义乌市於郝电子商务商行（个体工商户）,订单结算
2026-04-22 11:30:09,'2026042211300526934156990793,入账,2.83,聚合账户,货款结算入账,小店自卖,'6951988167258477996,'6951988167258477996,'SS76302879853193016380087,2026-04-11 22:26:59,'3812762334863163548,超长JK水手服长款飘带蝴蝶结丝带发夹超仙少女抓夹芭蕾头饰超甜,,,普通订单,2.98,0,0,0,0,0,0,0,0,0,0,0,-0.15,0,0,0,0,0,0,否,0,义乌市於郝电子商务商行（个体工商户）,订单结算
2026-04-22 11:30:09,'2026042211300516118586880793,入账,6.17,聚合账户,货款结算入账,小店自卖,'6952015815731909953,'6952015815731909953,'SS76303982268731560960212,2026-04-12 16:39:49,'3808509441058406492,新款扭扭麻花发箍女简约高颅顶带齿防滑洗脸头箍发卡高级感民族风,,,普通订单,6.5,0,0,0,0,0,0,0,0,0,0,0,-0.33,0,0,0,0,0,0,否,0,义乌市於郝电子商务商行（个体工商户）,订单结算
2026-04-22 11:30:09,'2026042211300020563730550793,入账,3.69,聚合账户,货款结算入账,小店自卖,'6952115547929515261,'6952115547929253117,'SS76304642659561480080129,2026-04-16 17:35:51,'3813896710921519427,故事里的小黄花~2026新款花朵大号高品质发夹后脑勺抓夹盘发夹子,,,普通订单,3.88,0,0,0,0,0,0,0,0,0,0,0,-0.19,0,0,0,0,0,0,否,0,义乌市於郝电子商务商行（个体工商户）,订单结算
2026-04-22 11:30:09,'2026042211300521562826760793,入账,4.62,聚合账户,货款结算入账,巨量千川,'6925524584862285186,'6925524584862285186,'SS76303732338037722020234,2026-04-12 13:19:13,'3808515754769383695,2026新款高级牡丹花流苏抓夹毛毛发夹后脑勺显发量大号鲨鱼夹头饰,,,普通订单,4.86,0,0,0,0,0,0,0,0,0,0,0,-0.24,0,0,0,0,0,0,否,0,义乌市於郝电子商务商行（个体工商户）,订单结算
2026-04-22 11:30:09,'2026042211300513933450640793,入账,1.89,聚合账户,货款结算入账,巨量千川,'6925566052711169024,'6925566052711169024,'SS76302521155485250620027,2026-04-13 20:17:07,'3808855327718375885,复古豹纹褶皱中号香蕉夹高级感马尾扭扭夹后脑勺韩系显发量发卡,,,普通订单,0.01,0,0,1.98,0,0,0,0,0,0,0,0,-0.1,0,0,0,0,0,0,否,0,义乌市於郝电子商务商行（个体工商户）,订单结算
2026-04-22 11:30:09,'2026042211300234869622260793,入账,1.89,聚合账户,货款结算入账,巨量千川,'6951990035050272200,'6951990035050272200,'SS76302620912201899940117,2026-04-11 20:20:58,'3808855327718375885,复古豹纹褶皱中号香蕉夹高级感马尾扭扭夹后脑勺韩系显发量发卡,,,普通订单,0.01,0,0,1.98,0,0,0,0,0,0,0,0,-0.1,0,0,0,0,0,0,否,0,义乌市於郝电子商务商行（个体工商户）,订单结算
2026-04-22 11:30:09,'2026042211300508318820340793,入账,2.72,聚合账户,货款结算入账,小店自卖,'6951983468623107177,'6951983468623107177,'SS76302658147382236560207,2026-04-11 18:41:40,'3808518913650721160,新款高级牡丹花流苏抓夹毛毛发夹后脑勺显发量大号鲨鱼头饰发夹,,,普通订单,2.86,0,0,0,0,0,0,0,0,0,0,0,-0.14,0,0,0,0,0,0,否,0,义乌市於郝电子商务商行（个体工商户）,订单结算
2026-04-22 11:30:09,'2026042211300524417242010793,入账,2.72,聚合账户,货款结算入账,巨量千川,'6925385246964744048,'6925385246964744048,'SS76302960174233848510085,2026-04-06 11:34:48,'3808515754769383695,2026新款高级牡丹花流苏抓夹毛毛发夹后脑勺显发量大号鲨鱼夹头饰,,,普通订单,0.01,0,0,2.85,0,0,0,0,0,0,0,0,-0.14,0,0,0,0,0,0,,0,义乌市於郝电子商务商行（个体工商户）,订单结算
2026-04-22 11:30:10,'2026042211300422398244200793,入账,3.27,聚合账户,货款结算入账,小店自卖,'6925615561878044358,'6925615561878044358,'SS76303107544324183380211,2026-04-15 18:56:32,'3811282248515322341,可爱小黄鸡小猪发圈学生风萌系扎发神器黑色发绳扎头发皮筋卖头饰,,,普通订单,0.44,0,0,3,0,0,0,0,0,0,0,0,-0.17,0,0,0,0,0,0,否,0,义乌市於郝电子商务商行（个体工商户）,订单结算
2026-04-22 11:30:10,'2026042211300707519114620793,入账,5.68,聚合账户,货款结算入账,小店自卖,'6951990206459941939,'6951990206459941939,'SS76303890078469862760032,2026-04-11 21:45:43,'3811282248515322341,可爱小黄鸡小猪发圈学生风萌系扎发神器黑色发绳扎头发皮筋卖头饰,,,普通订单,4.38,0,0,1.6,0,0,0,0,0,0,0,0,-0.3,0,0,0,0,0,0,否,0,义乌市於郝电子商务商行（个体工商户）,订单结算
2026-04-22 11:30:10,'2026042211300520770824020793,入账,1.89,聚合账户,货款结算入账,巨量千川,'6951876636139197761,'6951876636139197761,'SS76303870449772795290196,2026-04-07 10:02:37,'3808855327718375885,复古豹纹褶皱中号香蕉夹高级感马尾扭扭夹后脑勺韩系显发量发卡,,,普通订单,0.01,0,0,1.98,0,0,0,0,0,0,0,0,-0.1,0,0,0,0,0,0,,0,义乌市於郝电子商务商行（个体工商户）,订单结算
2026-04-22 11:30:10,'2026042211300420708930560793,入账,3.14,聚合账户,货款结算入账,巨量千川,'6925531185150852528,'6925531185150852528,'SS76303725033068631230152,2026-04-12 09:52:28,'3808522822146457689,夏天简约随手盘发一字夹扭扭夹水钻抓夹高级发夹扭扭后脑勺盘发器,,,普通订单,2.71,0,0,0.6,0,0,0,0,0,0,0,0,-0.17,0,0,0,0,0,0,否,0,义乌市於郝电子商务商行（个体工商户）,订单结算
2026-04-22 11:30:10,'2026042211300322622707620793,入账,4.94,聚合账户,货款结算入账,小店自卖,'6925510210617769439,'6925510210617769439,'SS76302879051137070620237,2026-04-11 18:51:04,'3811282248515322341,可爱小黄鸡小猪发圈学生风萌系扎发神器黑色发绳扎头发皮筋卖头饰,,,普通订单,1.2,0,0,4,0,0,0,0,0,0,0,0,-0.26,0,0,0,0,0,0,否,0,义乌市於郝电子商务商行（个体工商户）,订单结算
2026-04-22 11:30:10,'2026042211300514104502100793,入账,4.94,聚合账户,货款结算入账,小店自卖,'6951995721045186377,'6951995721045186377,'SS76303263227911091350117,2026-04-12 12:04:25,'3811282248515322341,可爱小黄鸡小猪发圈学生风萌系扎发神器黑色发绳扎头发皮筋卖头饰,,,普通订单,0.2,0,0,5,0,0,0,0,0,0,0,0,-0.26,0,0,0,0,0,0,否,0,义乌市於郝电子商务商行（个体工商户）,订单结算
2026-04-22 11:30:10,'2026042211300604497577500793,入账,3.19,聚合账户,货款结算入账,小店自卖,'6952156463989789973,'6952156463989789973,'SS76303574485830377110165,2026-04-17 10:17:35,'3808855327718375885,复古豹纹波点褶皱高马尾香蕉夹小号后脑勺竖夹韩系显发量发夹,,,普通订单,2.45,0,0,0.91,0,0,0,0,0,0,0,0,-0.17,0,0,0,0,0,0,,0,义乌市於郝电子商务商行（个体工商户）,订单结算
2026-04-22 11:30:10,'2026042211300600300324200793,入账,2.86,聚合账户,货款结算入账,小店自卖,'6952096630801765882,'6952096630801765882,'SS76303222727334797180152,2026-04-15 22:26:25,'3809438133272051839,韩版新款格纹蝴蝶结香蕉夹复古少女中号马尾夹百搭扭扭发卡抓夹,,,普通订单,0.01,0,0,3,0,0,0,0,0,0,0,0,-0.15,0,0,0,0,0,0,,0,义乌市於郝电子商务商行（个体工商户）,订单结算
2026-04-22 11:30:10,'2026042211300539468403200793,入账,2.65,聚合账户,货款结算入账,小店自卖,'6925509960121285847,'6925509960121285847,'SS76302632730618109960135,2026-04-11 16:33:11,'3808855327718375885,复古豹纹褶皱中号香蕉夹高级感马尾扭扭夹后脑勺韩系显发量发卡,,,普通订单,0.01,0,0,2.78,0,0,0,0,0,0,0,0,-0.14,0,0,0,0,0,0,,0,义乌市於郝电子商务商行（个体工商户）,订单结算
2026-04-22 11:30:10,'2026042211300431950976430793,入账,3.89,聚合账户,货款结算入账,小店自卖,'6951989903907821422,'6951989903907821422,'SS76302635106516012020194,2026-04-11 18:35:49,'3808855327718375885,复古豹纹褶皱中号香蕉夹高级感马尾扭扭夹后脑勺韩系显发量发卡,,,普通订单,1.09,0,0,3,0,0,0,0,0,0,0,0,-0.2,0,0,0,0,0,0,,0,义乌市於郝电子商务商行（个体工商户）,订单结算
2026-04-22 11:30:10,'2026042211300600462359190793,入账,1.89,聚合账户,货款结算入账,巨量千川,'6925627309804912565,'6925627309804912565,'SS76303601799657764340121,2026-04-15 22:27:12,'3808855327718375885,复古豹纹波点褶皱高马尾香蕉夹小号后脑勺竖夹韩系显发量发夹,,,普通订单,0.01,0,0,1.98,0,0,0,0,0,0,0,0,-0.1,0,0,0,0,0,0,,0,义乌市於郝电子商务商行（个体工商户）,订单结算
2026-04-22 11:30:10,'2026042211300513097372540793,入账,2.41,聚合账户,货款结算入账,小店自卖,'6951997947827787505,'6951997947827787505,'SS76303998746216532740034,2026-04-12 15:57:14,'3811282248515322341,可爱小黄鸡小猪发圈学生风萌系扎发神器黑色发绳扎头发皮筋卖头饰,,,普通订单,0.01,0,0,2.53,0,0,0,0,0,0,0,0,-0.13,0,0,0,0,0,0,否,0,义乌市於郝电子商务商行（个体工商户）,订单结算
2026-04-22 11:30:10,'2026042211300609294361660793,入账,1.89,聚合账户,货款结算入账,小店自卖,'6925566102738992503,'6925566102738992503,'SS76304352216866534920026,2026-04-13 20:59:45,'3808855327718375885,复古豹纹褶皱中号香蕉夹高级感马尾扭扭夹后脑勺韩系显发量发卡,,,普通订单,1.99,0,0,0,0,0,0,0,0,0,0,0,-0.1,0,0,0,0,0,0,否,0,义乌市於郝电子商务商行（个体工商户）,订单结算
2026-04-22 11:30:10,'2026042211300511714234940793,入账,1.89,聚合账户,货款结算入账,小店自卖,'6925545947496414655,'6925545947496414655,'SS76303704932079375450223,2026-04-12 14:29:40,'3808855327718375885,复古豹纹褶皱中号香蕉夹高级感马尾扭扭夹后脑勺韩系显发量发卡,,,普通订单,0.01,0,0,1.98,0,0,0,0,0,0,0,0,-0.1,0,0,0,0,0,0,否,0,义乌市於郝电子商务商行（个体工商户）,订单结算
2026-04-22 11:30:10,'2026042211300519599037790793,入账,2.72,聚合账户,货款结算入账,巨量千川,'6951972067164558719,'6951972067164558719,'SS76302657914659189860158,2026-04-11 15:29:53,'3808518913650721160,新款高级牡丹花流苏抓夹毛毛发夹后脑勺显发量大号鲨鱼头饰发夹,,,普通订单,0.01,0,0,2.85,0,0,0,0,0,0,0,0,-0.14,0,0,0,0,0,0,,0,义乌市於郝电子商务商行（个体工商户）,订单结算
2026-04-22 11:30:10,'2026042211300607478479900793,入账,1.88,聚合账户,货款结算入账,小店自卖,'6925567362257026763,'6925567362257026763,'SS76303538897164378060114,2026-04-13 12:33:37,'3812203542429696436,甜美kitty刘海贴头饰可爱少女棉花糖猫碎发贴魔术贴无痕发饰,,,普通订单,0.01,0,0,1.97,0,0,0,0,0,0,0,0,-0.1,0,0,0,0,0,0,,0,义乌市於郝电子商务商行（个体工商户）,订单结算
2026-04-22 11:30:10,'2026042211300515820272900793,入账,4.62,聚合账户,货款结算入账,小店自卖,'6952101829324969151,'6952101829324969151,'SS76303436614915404990209,2026-04-16 08:50:40,'3808518913650721160,新款高级牡丹花流苏抓夹毛毛发夹后脑勺显发量大号鲨鱼头饰发夹,,,普通订单,4.86,0,0,0,0,0,0,0,0,0,0,0,-0.24,0,0,0,0,0,0,否,0,义乌市於郝电子商务商行（个体工商户）,订单结算
2026-04-22 11:30:10,'2026042211300616788239460793,入账,3.19,聚合账户,货款结算入账,小店自卖,'6951983519112894427,'6951983519112894427,'SS76302638207700997270068,2026-04-11 19:36:53,'3808855327718375885,复古豹纹褶皱中号香蕉夹高级感马尾扭扭夹后脑勺韩系显发量发卡,,,普通订单,0.01,0,0,3.35,0,0,0,0,0,0,0,0,-0.17,0,0,0,0,0,0,否,0,义乌市於郝电子商务商行（个体工商户）,订单结算
2026-04-22 11:30:10,'2026042211300622919421440793,入账,3.19,聚合账户,货款结算入账,小店自卖,'6925512521141157277,'6925512521141157277,'SS76303571446842824090099,2026-04-11 18:22:07,'3808855327718375885,复古豹纹褶皱中号香蕉夹高级感马尾扭扭夹后脑勺韩系显发量发卡,,,普通订单,0.36,0,0,3,0,0,0,0,0,0,0,0,-0.17,0,0,0,0,0,0,否,0,义乌市於郝电子商务商行（个体工商户）,订单结算
2026-04-22 11:30:10,'2026042211300621499950490793,入账,2,聚合账户,货款结算入账,小店自卖,'6925527628394168181,'6925527628394168181,'SS76302690490760565860022,2026-04-11 20:06:48,'3808826072573804729,迷你小号无痕鸭嘴夹抓夹小夹子精致蝴蝶结碎发夹刘海夹高级感发卡,,,普通订单,0.11,0,0,2,0,0,0,0,0,0,0,0,-0.11,0,0,0,0,0,0,否,0,义乌市於郝电子商务商行（个体工商户）,订单结算
2026-04-22 11:30:10,'2026042211300509984248470793,入账,2.77,聚合账户,货款结算入账,巨量千川,'6951996122354161614,'6951996122354161614,'SS76302661331176824740044,2026-04-11 15:26:11,'3808518913650721160,新款高级牡丹花流苏抓夹毛毛发夹后脑勺显发量大号鲨鱼头饰发夹,,,普通订单,0.01,0,0,2.91,0,0,0,0,0,0,0,0,-0.15,0,0,0,0,0,0,,0,义乌市於郝电子商务商行（个体工商户）,订单结算
2026-04-22 11:30:11,'2026042211300629408343670793,入账,2.28,聚合账户,货款结算入账,小店自卖,'6925501045382348736,'6925501045382348736,'SS76303560954412572790172,2026-04-11 13:40:41,'3809214874429555055,【LOVEIXCC】新款法式网红发箍发卡宽边复古秋冬头饰百搭高级盘发器,,,普通订单,2.4,0,0,0,0,0,0,0,0,0,0,0,-0.12,0,0,0,0,0,0,否,0,义乌市於郝电子商务商行（个体工商户）,订单结算
2026-04-22 11:30:11,'2026042211300707096243600793,入账,2.28,聚合账户,货款结算入账,小店自卖,'6925520507301036003,'6925520507301036003,'SS76303560742404754460008,2026-04-11 16:21:13,'3809207830674800849,春夏宽边绒面发箍女2026新款压发洗脸发卡高级感时尚洋气头箍百搭,,,普通订单,2.4,0,0,0,0,0,0,0,0,0,0,0,-0.12,0,0,0,0,0,0,否,0,义乌市於郝电子商务商行（个体工商户）,订单结算
2026-04-22 11:30:11,'2026042211300730602081380793,入账,3.44,聚合账户,货款结算入账,小店自卖,'6952019690759001824,'6952019690759001824,'SS76303708831393592830112,2026-04-12 08:56:49,'3812736213081784671,韩系ins风高马尾香蕉夹竖夹女2026新款高级感发夹简约复古发饰,,,普通订单,3.62,0,0,0,0,0,0,0,0,0,0,0,-0.18,0,0,0,0,0,0,否,0,义乌市於郝电子商务商行（个体工商户）,订单结算
2026-04-22 11:30:11,'2026042211300626177541120793,入账,1.89,聚合账户,货款结算入账,小店自卖,'6925537103805513163,'6925537103805513163,'SS76303701408107893820086,2026-04-12 09:31:47,'3808855327718375885,复古豹纹褶皱中号香蕉夹高级感马尾扭扭夹后脑勺韩系显发量发卡,,,普通订单,1.99,0,0,0,0,0,0,0,0,0,0,0,-0.1,0,0,0,0,0,0,否,0,义乌市於郝电子商务商行（个体工商户）,订单结算
2026-04-22 11:30:11,'2026042211300709522061160793,入账,3.23,聚合账户,货款结算入账,巨量千川,'6952129898460616191,'6952129898460616191,'SS76302942096937618420162,2026-04-17 07:28:02,'3808518913650721160,新款高级牡丹花流苏抓夹毛毛发夹后脑勺显发量大号鲨鱼头饰发夹,,,普通订单,3.4,0,0,0,0,0,0,0,0,0,0,0,-0.17,0,0,0,0,0,0,否,0,义乌市於郝电子商务商行（个体工商户）,订单结算
2026-04-22 11:30:11,'2026042211300010411548790793,入账,3.74,聚合账户,货款结算入账,小店自卖,'6952001593904207789,'6952001593904207789,'SS76302880156171799380034,2026-04-11 23:04:26,'3809602909876912378,2026韩系格子方巾大肠发圈高级慵懒风发绳扎方形头发头绳大号发饰,,,普通订单,3.94,0,0,0,0,0,0,0,0,0,0,0,-0.2,0,0,0,0,0,0,否,0,义乌市於郝电子商务商行（个体工商户）,订单结算
2026-04-22 11:30:11,'2026042211300701556815900793,入账,2.81,聚合账户,货款结算入账,小店自卖,'6925517289723100900,'6925517289723100900,'SS76303696164598423140160,2026-04-12 01:17:17,'3812041508446667048,碎发整理神器发卡刘海头发夹子头饰防滑发梳插梳子倒插梳梳子发夹,,,普通订单,0.01,0,0,2.95,0,0,0,0,0,0,0,0,-0.15,0,0,0,0,0,0,,0,义乌市於郝电子商务商行（个体工商户）,订单结算
2026-04-22 11:30:11,'2026042211300718132344320793,入账,1.89,聚合账户,货款结算入账,小店自卖,'6925540689925209266,'6925540689925209266,'SS76303750019844224270114,2026-04-12 22:54:36,'3808855327718375885,复古豹纹褶皱中号香蕉夹高级感马尾扭扭夹后脑勺韩系显发量发卡,,,普通订单,1.99,0,0,0,0,0,0,0,0,0,0,0,-0.1,0,0,0,0,0,0,否,0,义乌市於郝电子商务商行（个体工商户）,订单结算
2026-04-22 11:30:11,'2026042211300605929088460793,入账,2.77,聚合账户,货款结算入账,小店自卖,'6951855385753949297,'6951855385753949297,'SS76302944842995965540246,2026-04-06 13:27:35,'3808518913650721160,新款高级牡丹花流苏抓夹毛毛发夹后脑勺显发量大号鲨鱼头饰发夹,,,普通订单,0.01,0,0,2.91,0,0,0,0,0,0,0,0,-0.15,0,0,0,0,0,0,,0,义乌市於郝电子商务商行（个体工商户）,订单结算
2026-04-22 11:30:11,'2026042211300718416929910793,入账,3.44,聚合账户,货款结算入账,小店自卖,'6925528381526932937,'6925528381526932937,'SS76304129011504581310144,2026-04-12 03:15:31,'3809214874429555055,【LOVEIXCC】新款法式网红发箍发卡宽边复古秋冬头饰百搭高级盘发器,,,普通订单,3.62,0,0,0,0,0,0,0,0,0,0,0,-0.18,0,0,0,0,0,0,否,0,义乌市於郝电子商务商行（个体工商户）,订单结算
2026-04-22 11:30:11,'2026042211300510921085800793,入账,3.19,聚合账户,货款结算入账,小店自卖,'6925627583065128601,'6925627583065128601,'SS76304037785708301060131,2026-04-16 00:14:41,'3808855327718375885,复古豹纹波点褶皱高马尾香蕉夹小号后脑勺竖夹韩系显发量发夹,,,普通订单,3.36,0,0,0,0,0,0,0,0,0,0,0,-0.17,0,0,0,0,0,0,否,0,义乌市於郝电子商务商行（个体工商户）,订单结算
2026-04-22 11:30:11,'2026042211300605853519550793,入账,1.89,聚合账户,货款结算入账,小店自卖,'6952003303962187240,'6952003303962187240,'SS76302620497677197070163,2026-04-11 18:57:17,'3808855327718375885,复古豹纹褶皱中号香蕉夹高级感马尾扭扭夹后脑勺韩系显发量发卡,,,普通订单,1.99,0,0,0,0,0,0,0,0,0,0,0,-0.1,0,0,0,0,0,0,否,0,义乌市於郝电子商务商行（个体工商户）,订单结算
2026-04-22 11:30:11,'2026042211300622574535870793,入账,5.68,聚合账户,货款结算入账,小店自卖,'6951993006750046064,'6951993006750046064,'SS76303890895913784380004,2026-04-12 10:01:54,'3811282248515322341,可爱小黄鸡小猪发圈学生风萌系扎发神器黑色发绳扎头发皮筋卖头饰,,,普通订单,0.01,0,0,5.97,0,0,0,0,0,0,0,0,-0.3,0,0,0,0,0,0,否,0,义乌市於郝电子商务商行（个体工商户）,订单结算
2026-04-22 11:30:11,'2026042211300711889751670793,入账,5.79,聚合账户,货款结算入账,小店自卖,'6952027143967544430,'6952027143967544430,'SS76302744429888970750059,2026-04-12 19:14:04,'3809273979772993843,新中式咖色碎花四层大肠发圈女慵懒风扎头发大号复古发饰头绳,,,普通订单,6.1,0,0,0,0,0,0,0,0,0,0,0,-0.31,0,0,0,0,0,0,,0,义乌市於郝电子商务商行（个体工商户）,订单结算
2026-04-22 11:30:11,'2026042211300632226022550793,入账,2.65,聚合账户,货款结算入账,小店自卖,'6952012660597069580,'6952012660597069580,'SS76302637233323384320031,2026-04-11 23:55:47,'3808855327718375885,复古豹纹褶皱中号香蕉夹高级感马尾扭扭夹后脑勺韩系显发量发卡,,,普通订单,2.79,0,0,0,0,0,0,0,0,0,0,0,-0.14,0,0,0,0,0,0,否,0,义乌市於郝电子商务商行（个体工商户）,订单结算
2026-04-22 11:30:11,'2026042211300433145206390793,入账,1.89,聚合账户,货款结算入账,巨量千川,'6951999272226985208,'6951999272226985208,'SS76302640691680097790072,2026-04-12 02:19:47,'3808855327718375885,复古豹纹褶皱中号香蕉夹高级感马尾扭扭夹后脑勺韩系显发量发卡,,,普通订单,0.99,0,0,1,0,0,0,0,0,0,0,0,-0.1,0,0,0,0,0,0,否,0,义乌市於郝电子商务商行（个体工商户）,订单结算
2026-04-22 11:30:11,'2026042211300539120739840793,入账,2.28,聚合账户,货款结算入账,小店自卖,'6951989902294390188,'6951989902294390188,'SS76302681639260370440208,2026-04-11 18:28:06,'3809214874429555055,【LOVEIXCC】新款法式网红发箍发卡宽边复古秋冬头饰百搭高级盘发器,,,普通订单,0.4,0,0,2,0,0,0,0,0,0,0,0,-0.12,0,0,0,0,0,0,,0,义乌市於郝电子商务商行（个体工商户）,订单结算
2026-04-22 11:30:11,'2026042211300638974917120793,入账,9.4,聚合账户,货款结算入账,小店自卖,'6925164380257942629,'6925164380257746021,'SS76303785164502799990201,2026-03-27 13:25:12,'3809602909876912378,2026韩系格子方巾大肠发圈高级慵懒风发绳扎方形头发头绳大号发饰,,,普通订单,9.89,0,0,0,0,0,0,0,0,0,0,0,-0.49,0,0,0,0,0,0,否,0,义乌市於郝电子商务商行（个体工商户）,订单结算
2026-04-22 11:30:11,'2026042211300606011950600793,入账,2.65,聚合账户,货款结算入账,小店自卖,'6951988324982527888,'6951988324982527888,'SS76302637227539051920115,2026-04-12 00:30:25,'3808855327718375885,复古豹纹褶皱中号香蕉夹高级感马尾扭扭夹后脑勺韩系显发量发卡,,,普通订单,2.79,0,0,0,0,0,0,0,0,0,0,0,-0.14,0,0,0,0,0,0,否,0,义乌市於郝电子商务商行（个体工商户）,订单结算
2026-04-22 11:30:11,'2026042211300609654279950793,入账,1.89,聚合账户,货款结算入账,小店自卖,'6951999366448223503,'6951999366448223503,'SS76303546443525207390001,2026-04-12 08:21:35,'3808855327718375885,复古豹纹褶皱中号香蕉夹高级感马尾扭扭夹后脑勺韩系显发量发卡,,,普通订单,0.01,0,0,1.98,0,0,0,0,0,0,0,0,-0.1,0,0,0,0,0,0,否,0,义乌市於郝电子商务商行（个体工商户）,订单结算
2026-04-22 11:30:11,'2026042211300623749757630793,入账,3.15,聚合账户,货款结算入账,小店自卖,'6952005562163926157,'6952005562163926157,'SS76302657350515428030080,2026-04-11 20:23:31,'3808518913650721160,新款高级牡丹花流苏抓夹毛毛发夹后脑勺显发量大号鲨鱼头饰发夹,,,普通订单,0.32,0,0,3,0,0,0,0,0,0,0,0,-0.17,0,0,0,0,0,0,,0,义乌市於郝电子商务商行（个体工商户）,订单结算
2026-04-22 11:30:11,'2026042211300613390689280793,入账,5.51,聚合账户,货款结算入账,小店自卖,'6925588735628967046,'6925588735628967046,'SS76304990036666127780005,2026-04-14 10:12:30,'3812210500259938495,可爱蝴蝶结小猫无痕刘海贴魔术贴发饰少女前额侧边碎发贴整理神器,,,普通订单,0.8,0,0,5,0,0,0,0,0,0,0,0,-0.29,0,0,0,0,0,0,否,0,义乌市於郝电子商务商行（个体工商户）,订单结算
2026-04-22 11:30:11,'2026042211300810318648590793,入账,4.33,聚合账户,货款结算入账,小店自卖,'6952015834207819689,'6952015834207819689,'SS76303994416939546110149,2026-04-12 16:13:00,'3811107016030683631,森系干枯山茶花朵7cm小抓夹 百搭气质发夹女后脑勺超仙鲨夹发饰,,,普通订单,3.56,0,0,1,0,0,0,0,0,0,0,0,-0.23,0,0,0,0,0,0,否,0,义乌市於郝电子商务商行（个体工商户）,订单结算
2026-04-22 11:30:11,'2026042211300818580977270793,入账,4.33,聚合账户,货款结算入账,小店自卖,'6951981745288976057,'6951981745288976057,'SS76302880658814082560182,2026-04-12 07:17:10,'3811107016030683631,森系干枯山茶花朵7cm小抓夹 百搭气质发夹女后脑勺超仙鲨夹发饰,,,普通订单,4.56,0,0,0,0,0,0,0,0,0,0,0,-0.23,0,0,0,0,0,0,否,0,义乌市於郝电子商务商行（个体工商户）,订单结算
2026-04-22 11:30:11,'2026042211300629712064460793,入账,3.89,聚合账户,货款结算入账,巨量千川,'6951990774711391363,'6951990774711391363,'SS76303708751283696790126,2026-04-12 09:32:31,'3808855327718375885,复古豹纹褶皱中号香蕉夹高级感马尾扭扭夹后脑勺韩系显发量发卡,,,普通订单,0.01,0,0,4.08,0,0,0,0,0,0,0,0,-0.2,0,0,0,0,0,0,否,0,义乌市於郝电子商务商行（个体工商户）,订单结算
2026-04-22 11:30:11,'2026042211300540547988940793,入账,1.89,聚合账户,货款结算入账,小店自卖,'6951992681670252090,'6951992681670252090,'SS76302628421339553680212,2026-04-12 01:53:54,'3808855327718375885,复古豹纹褶皱中号香蕉夹高级感马尾扭扭夹后脑勺韩系显发量发卡,,,普通订单,0.01,0,0,1.98,0,0,0,0,0,0,0,0,-0.1,0,0,0,0,0,0,否,0,义乌市於郝电子商务商行（个体工商户）,订单结算
2026-04-22 11:30:11,'2026042211300600106378650793,入账,2.72,聚合账户,货款结算入账,小店自卖,'6925389365063416835,'6925389365063416835,'SS76302961680203781460117,2026-04-06 19:31:18,'3808518913650721160,新款高级牡丹花流苏抓夹毛毛发夹后脑勺显发量大号鲨鱼头饰发夹,,,普通订单,0.01,0,0,2.85,0,0,0,0,0,0,0,0,-0.14,0,0,0,0,0,0,,0,义乌市於郝电子商务商行（个体工商户）,订单结算
2026-04-22 11:30:11,'2026042211300711171110550793,入账,2.65,聚合账户,货款结算入账,小店自卖,'6951981153338922808,'6951981153338922808,'SS76302631957666247870087,2026-04-11 20:39:27,'3808855327718375885,复古豹纹褶皱中号香蕉夹高级感马尾扭扭夹后脑勺韩系显发量发卡,,,普通订单,0.01,0,0,2.78,0,0,0,0,0,0,0,0,-0.14,0,0,0,0,0,0,,0,义乌市於郝电子商务商行（个体工商户）,订单结算
2026-04-22 11:30:11,'2026042211300710887214430793,入账,1.89,聚合账户,货款结算入账,小店自卖,'6925537740538018970,'6925537740538018970,'SS76303704019620667030170,2026-04-12 12:59:50,'3808855327718375885,复古豹纹褶皱中号香蕉夹高级感马尾扭扭夹后脑勺韩系显发量发卡,,,普通订单,0.01,0,0,1.98,0,0,0,0,0,0,0,0,-0.1,0,0,0,0,0,0,否,0,义乌市於郝电子商务商行（个体工商户）,订单结算
2026-04-22 11:30:11,'2026042211300713527496140793,入账,2.72,聚合账户,货款结算入账,小店自卖,'6951989591798847061,'6951989591798847061,'SS76302660806492533850081,2026-04-11 15:26:36,'3808515754769383695,2026新款高级牡丹花流苏抓夹毛毛发夹后脑勺显发量大号鲨鱼夹头饰,,,普通订单,0.01,0,0,2.85,0,0,0,0,0,0,0,0,-0.14,0,0,0,0,0,0,,0,义乌市於郝电子商务商行（个体工商户）,订单结算
2026-04-22 11:30:12,'2026042211300703995077210793,入账,3.47,聚合账户,货款结算入账,小店自卖,'6952053458755130371,'6952053458755130371,'SS76303643774722708880044,2026-04-13 20:05:47,'3812036743214006439,新中式铃兰花发夹2026新款仿真花朵发卡侧边夹度假拍照氛围感头饰,,,普通订单,3.65,0,0,0,0,0,0,0,0,0,0,0,-0.18,0,0,0,0,0,0,否,0,义乌市於郝电子商务商行（个体工商户）,订单结算
2026-04-22 11:30:12,'2026042211300616446633020793,入账,3.91,聚合账户,货款结算入账,小店自卖,'6951999085500503328,'6951999085500503328,'SS76303114718695306510040,2026-04-11 23:06:05,'3808509441058406492,新款扭扭麻花发箍女简约高颅顶带齿防滑洗脸头箍发卡高级感民族风,,,普通订单,4.12,0,0,0,0,0,0,0,0,0,0,0,-0.21,0,0,0,0,0,0,否,0,义乌市於郝电子商务商行（个体工商户）,订单结算
2026-04-22 11:30:12,'2026042211300711895158390793,入账,1.15,聚合账户,货款结算入账,小店自卖,'6925407073645657310,'6925407073645657310,'SS76303968122322949550013,2026-04-06 16:04:46,'3808515754769383695,2026新款高级牡丹花流苏抓夹毛毛发夹后脑勺显发量大号鲨鱼夹头饰,,,普通订单,0.01,0,0,1.2,0,0,0,0,0,0,0,0,-0.06,0,0,0,0,0,0,,0,义乌市於郝电子商务商行（个体工商户）,订单结算
2026-04-22 11:30:12,'2026042211300738263196310793,入账,2.91,聚合账户,货款结算入账,巨量千川,'6951992165814834909,'6951992165814834909,'SS76302659410674655100194,2026-04-11 19:26:48,'3808518913650721160,新款高级牡丹花流苏抓夹毛毛发夹后脑勺显发量大号鲨鱼头饰发夹,,,普通订单,3.06,0,0,0,0,0,0,0,0,0,0,0,-0.15,0,0,0,0,0,0,否,0,义乌市於郝电子商务商行（个体工商户）,订单结算
2026-04-22 11:30:12,'2026042211300628956593180793,入账,4.77,聚合账户,货款结算入账,小店自卖,'6925518358844571222,'6925518358844571222,'SS76303559239825331700209,2026-04-11 18:06:57,'3808826072573804729,迷你小号无痕鸭嘴夹抓夹小夹子精致蝴蝶结碎发夹刘海夹高级感发卡,,,普通订单,5.02,0,0,0,0,0,0,0,0,0,0,0,-0.25,0,0,0,0,0,0,否,0,义乌市於郝电子商务商行（个体工商户）,订单结算
2026-04-22 11:30:12,'2026042211300723561712700793,入账,2.91,聚合账户,货款结算入账,小店自卖,'6925509865169779956,'6925509865169779956,'SS76302659178392624990141,2026-04-11 15:53:28,'3808515754769383695,2026新款高级牡丹花流苏抓夹毛毛发夹后脑勺显发量大号鲨鱼夹头饰,,,普通订单,3.06,0,0,0,0,0,0,0,0,0,0,0,-0.15,0,0,0,0,0,0,,0,义乌市於郝电子商务商行（个体工商户）,订单结算
2026-04-22 11:30:12,'2026042211300806811530740793,入账,3.19,聚合账户,货款结算入账,小店自卖,'6951994217164445595,'6951994217164445595,'SS76302638828759291220031,2026-04-11 15:14:52,'3808855327718375885,复古豹纹褶皱中号香蕉夹高级感马尾扭扭夹后脑勺韩系显发量发卡,,,普通订单,3.36,0,0,0,0,0,0,0,0,0,0,0,-0.17,0,0,0,0,0,0,否,0,义乌市於郝电子商务商行（个体工商户）,订单结算
2026-04-22 11:30:12,'2026042211300800715658240793,入账,1.89,聚合账户,货款结算入账,小店自卖,'6925520357576965344,'6925520357576965344,'SS76302618412481091020187,2026-04-11 15:06:52,'3808855327718375885,复古豹纹褶皱中号香蕉夹高级感马尾扭扭夹后脑勺韩系显发量发卡,,,普通订单,1.99,0,0,0,0,0,0,0,0,0,0,0,-0.1,0,0,0,0,0,0,否,0,义乌市於郝电子商务商行（个体工商户）,订单结算
2026-04-22 11:30:12,'2026042211300813382825310793,入账,3.76,聚合账户,货款结算入账,小店自卖,'6951997088941610731,'6951997088941610731,'SS76303715752835364250009,2026-04-12 06:44:44,'3809231682784067987,2026新款发箍女款洗脸专用发卡压发带齿防滑碎发头箍高颅顶头饰,,,普通订单,3.96,0,0,0,0,0,0,0,0,0,0,0,-0.2,0,0,0,0,0,0,,0,义乌市於郝电子商务商行（个体工商户）,订单结算
2026-04-22 11:30:12,'2026042211300624796206490793,入账,1.89,聚合账户,货款结算入账,小店自卖,'6925625145759399169,'6925625145759399169,'SS76303751353417239500174,2026-04-15 20:56:31,'3808855327718375885,复古豹纹波点褶皱高马尾香蕉夹小号后脑勺竖夹韩系显发量发夹,,,普通订单,1.99,0,0,0,0,0,0,0,0,0,0,0,-0.1,0,0,0,0,0,0,否,0,义乌市於郝电子商务商行（个体工商户）,订单结算
2026-04-22 11:30:12,'2026042211300803733099870793,入账,5.51,聚合账户,货款结算入账,小店自卖,'6925531734300458567,'6925531734300458567,'SS76303732544366392680184,2026-04-12 13:18:51,'3812210500259938495,可爱蝴蝶结小猫无痕刘海贴魔术贴发饰少女前额侧边碎发贴整理神器,,,普通订单,5.8,0,0,0,0,0,0,0,0,0,0,0,-0.29,0,0,0,0,0,0,否,0,义乌市於郝电子商务商行（个体工商户）,订单结算
2026-04-22 11:30:12,'2026042211300706599969640793,入账,7.21,聚合账户,货款结算入账,小店自卖,'6952039959598666921,'6952039959598666921,'SS76302835578109957380217,2026-04-13 19:21:25,'3809586825216000110,春夏撞色甜美蝴蝶结发夹女后脑勺抓夹2026新款气质大号盘发鸭嘴夹,,,普通订单,7.59,0,0,0,0,0,0,0,0,0,0,0,-0.38,0,0,0,0,0,0,否,0,义乌市於郝电子商务商行（个体工商户）,订单结算
2026-04-22 11:30:12,'2026042211300715237778350793,入账,3.38,聚合账户,货款结算入账,小店自卖,'6952101046718502093,'6952101046718502093,'SS76303544563914350420083,2026-04-15 20:14:12,'3808826072573804729,迷你小号无痕鸭嘴夹抓夹小夹子精致蝴蝶结碎发夹刘海夹高级感发卡,,,普通订单,3.56,0,0,0,0,0,0,0,0,0,0,0,-0.18,0,0,0,0,0,0,否,0,义乌市於郝电子商务商行（个体工商户）,订单结算
2026-04-22 11:30:12,'2026042211300717662118400793,入账,3.14,聚合账户,货款结算入账,小店自卖,'6925571521069940076,'6925571521069940076,'SS76304303255457961480113,2026-04-13 23:13:50,'3808522822146457689,夏天简约随手盘发一字夹扭扭夹水钻抓夹高级发夹扭扭后脑勺盘发器,,,普通订单,3.31,0,0,0,0,0,0,0,0,0,0,0,-0.17,0,0,0,0,0,0,否,0,义乌市於郝电子商务商行（个体工商户）,订单结算
2026-04-22 11:30:12,'2026042211300718042227720793,入账,3.44,聚合账户,货款结算入账,小店自卖,'6952008327854625887,'6952008327854625887,'SS76304128924455081460245,2026-04-12 07:11:36,'3809214874429555055,【LOVEIXCC】新款法式网红发箍发卡宽边复古秋冬头饰百搭高级盘发器,,,普通订单,3.62,0,0,0,0,0,0,0,0,0,0,0,-0.18,0,0,0,0,0,0,,0,义乌市於郝电子商务商行（个体工商户）,订单结算
2026-04-22 11:30:12,'2026042211300918101745070793,入账,1.29,聚合账户,货款结算入账,小店自卖,'6951996508288914732,'6951996508288914732,'SS76296748062687890300239,2026-04-11 20:07:44,'3808855327718375885,复古豹纹褶皱中号香蕉夹高级感马尾扭扭夹后脑勺韩系显发量发卡,,,普通订单,3.36,0,0,0,0,0,0,0,0,0,0,-2,-0.07,0,0,0,0,0,0,否,0,义乌市於郝电子商务商行（个体工商户）,订单结算
2026-04-22 11:30:12,'2026042211300724117458550793,入账,4.62,聚合账户,货款结算入账,小店自卖,'6925526209863188184,'6925526209863188184,'SS76302658945870402960071,2026-04-12 06:30:14,'3808515754769383695,2026新款高级牡丹花流苏抓夹毛毛发夹后脑勺显发量大号鲨鱼夹头饰,,,普通订单,3.41,0,0,1.45,0,0,0,0,0,0,0,0,-0.24,0,0,0,0,0,0,,0,义乌市於郝电子商务商行（个体工商户）,订单结算
2026-04-22 11:30:12,'2026042211300606851999150793,入账,3.44,聚合账户,货款结算入账,小店自卖,'6925511742467767963,'6925511742467767963,'SS76302678334233971700135,2026-04-11 12:23:04,'3809214874429555055,【LOVEIXCC】新款法式网红发箍发卡宽边复古秋冬头饰百搭高级盘发器,,,普通订单,2.54,0,0,1.08,0,0,0,0,0,0,0,0,-0.18,0,0,0,0,0,0,,0,义乌市於郝电子商务商行（个体工商户）,订单结算
2026-04-22 11:30:12,'2026042211300712126625790793,入账,4.81,聚合账户,货款结算入账,小店自卖,'6951997599455384625,'6951997599455384625,'SS76303733744512742740101,2026-04-12 12:27:19,'3808518913650721160,新款高级牡丹花流苏抓夹毛毛发夹后脑勺显发量大号鲨鱼头饰发夹,,,普通订单,5.06,0,0,0,0,0,0,0,0,0,0,0,-0.25,0,0,0,0,0,0,否,0,义乌市於郝电子商务商行（个体工商户）,订单结算
2026-04-22 11:30:12,'2026042211300614359923200793,入账,7.21,聚合账户,货款结算入账,小店自卖,'6925164380257811557,'6925164380257746021,'SS76303785197089098330149,2026-03-27 13:25:12,'3809586825216000110,春夏撞色甜美蝴蝶结发夹女后脑勺抓夹2026新款气质大号盘发鸭嘴夹,,,普通订单,7.59,0,0,0,0,0,0,0,0,0,0,0,-0.38,0,0,0,0,0,0,否,0,义乌市於郝电子商务商行（个体工商户）,订单结算
2026-04-22 11:30:12,'2026042211300811087224410793,入账,3.55,聚合账户,货款结算入账,小店自卖,'6952024570227070400,'6952024570227070400,'SS76304715784856046500073,2026-04-12 17:34:17,'3809602909876912378,2026韩系格子方巾大肠发圈高级慵懒风发绳扎方形头发头绳大号发饰,,,普通订单,3.74,0,0,0,0,0,0,0,0,0,0,0,-0.19,0,0,0,0,0,0,否,0,义乌市於郝电子商务商行（个体工商户）,订单结算
2026-04-22 11:30:12,'2026042211300822084858970793,入账,1.89,聚合账户,货款结算入账,小店自卖,'6952060318596011378,'6952060318596011378,'SS76303795932324994830249,2026-04-13 23:39:19,'3808855327718375885,复古豹纹褶皱中号香蕉夹高级感马尾扭扭夹后脑勺韩系显发量发卡,,,普通订单,1.99,0,0,0,0,0,0,0,0,0,0,0,-0.1,0,0,0,0,0,0,否,0,义乌市於郝电子商务商行（个体工商户）,订单结算
2026-04-22 11:30:12,'2026042211300538363302920793,入账,2.65,聚合账户,货款结算入账,小店自卖,'6925514314313923892,'6925514314313923892,'SS76302638158375160320238,2026-04-11 16:54:29,'3808855327718375885,复古豹纹褶皱中号香蕉夹高级感马尾扭扭夹后脑勺韩系显发量发卡,,,普通订单,2.79,0,0,0,0,0,0,0,0,0,0,0,-0.14,0,0,0,0,0,0,否,0,义乌市於郝电子商务商行（个体工商户）,订单结算
2026-04-22 11:30:12,'2026042211300739304074660793,入账,3.23,聚合账户,货款结算入账,小店自卖,'6952008003126236822,'6952008003126236822,'SS76302658197974223630104,2026-04-11 22:33:52,'3808515754769383695,2026新款高级牡丹花流苏抓夹毛毛发夹后脑勺显发量大号鲨鱼夹头饰,,,普通订单,3.4,0,0,0,0,0,0,0,0,0,0,0,-0.17,0,0,0,0,0,0,,0,义乌市於郝电子商务商行（个体工商户）,订单结算
2026-04-22 11:30:13,'2026042211300703497495560793,入账,10.31,聚合账户,货款结算入账,小店自卖,'6952087796454593766,'6952087796454593766,'SS76302873762120709620045,2026-04-15 21:44:01,'3811294538555850878,韩系复古大肠蕾丝发圈波点新款高级四层头发丸子马尾高级头绳发饰,,,普通订单,10.85,0,0,0,0,0,0,0,0,0,0,0,-0.54,0,0,0,0,0,0,,0,义乌市於郝电子商务商行（个体工商户）,订单结算
2026-04-22 11:30:13,'2026042211300825276421210793,入账,3.32,聚合账户,货款结算入账,小店自卖,'6951981170098837417,'6951981170098837417,'SS76302661973340165530250,2026-04-11 21:02:01,'3808515754769383695,2026新款高级牡丹花流苏抓夹毛毛发夹后脑勺显发量大号鲨鱼夹头饰,,,普通订单,3.5,0,0,0,0,0,0,0,0,0,0,0,-0.18,0,0,0,0,0,0,否,0,义乌市於郝电子商务商行（个体工商户）,订单结算
2026-04-22 11:30:13,'2026042211300833524943900793,入账,4.26,聚合账户,货款结算入账,巨量千川,'6952105589593282408,'6952105589593282408,'SS76304584323903165850224,2026-04-16 00:32:41,'3811116864172589149,森系干枯山茶花朵7cm小抓夹百搭气质发夹女后脑勺超仙鲨鱼夹发饰,,,普通订单,4.48,0,0,0,0,0,0,0,0,0,0,0,-0.22,0,0,0,0,0,0,否,0,义乌市於郝电子商务商行（个体工商户）,订单结算
2026-04-22 11:30:13,'2026042211300735928028510793,入账,3.26,聚合账户,货款结算入账,小店自卖,'6952112853086050007,'6952112853086050007,'SS76303007682350779300078,2026-04-16 10:44:09,'3808518913650721160,新款高级牡丹花流苏抓夹毛毛发夹后脑勺显发量大号鲨鱼头饰发夹,,,普通订单,3.43,0,0,0,0,0,0,0,0,0,0,0,-0.17,0,0,0,0,0,0,否,0,义乌市於郝电子商务商行（个体工商户）,订单结算
2026-04-22 11:30:13,'2026042211300927857062400793,入账,6.38,聚合账户,货款结算入账,小店自卖,'6925519898488307235,'6925519898488307235,'SS76303288615453499230106,2026-04-12 10:41:56,'3809786347946901648,可爱儿童小肠发圈小狗牛仔蓝头绳高弹力女发饰童皮筋扎头发绳头饰,,,普通订单,6.72,0,0,0,0,0,0,0,0,0,0,0,-0.34,0,0,0,0,0,0,否,0,义乌市於郝电子商务商行（个体工商户）,订单结算
2026-04-22 11:30:13,'2026042211300903362824080793,入账,1.89,聚合账户,货款结算入账,小店自卖,'6925625988084759656,'6925625988084759656,'SS76303253224466396420210,2026-04-16 07:41:19,'3808855327718375885,复古豹纹波点褶皱高马尾香蕉夹小号后脑勺竖夹韩系显发量发夹,,,普通订单,1.99,0,0,0,0,0,0,0,0,0,0,0,-0.1,0,0,0,0,0,0,否,0,义乌市於郝电子商务商行（个体工商户）,订单结算
2026-04-22 11:30:13,'2026042211301000587205470793,入账,1.89,聚合账户,货款结算入账,小店自卖,'6951981588636046658,'6951981588636046658,'SS76302626636926492430035,2026-04-12 00:39:06,'3808855327718375885,复古豹纹褶皱中号香蕉夹高级感马尾扭扭夹后脑勺韩系显发量发卡,,,普通订单,1.99,0,0,0,0,0,0,0,0,0,0,0,-0.1,0,0,0,0,0,0,否,0,义乌市於郝电子商务商行（个体工商户）,订单结算
2026-04-22 11:30:13,'2026042211300728074150800793,入账,3.89,聚合账户,货款结算入账,小店自卖,'6925532201143991669,'6925532201143991669,'SS76302636275224092540152,2026-04-11 23:36:59,'3808855327718375885,复古豹纹褶皱中号香蕉夹高级感马尾扭扭夹后脑勺韩系显发量发卡,,,普通订单,4.09,0,0,0,0,0,0,0,0,0,0,0,-0.2,0,0,0,0,0,0,否,0,义乌市於郝电子商务商行（个体工商户）,订单结算
2026-04-22 11:30:13,'2026042211300824046804890793,入账,1.89,聚合账户,货款结算入账,小店自卖,'6925626550164553638,'6925626550164553638,'SS76301666085856709310060,2026-04-15 16:28:54,'3808855327718375885,复古豹纹波点褶皱高马尾香蕉夹小号后脑勺竖夹韩系显发量发夹,,,普通订单,1.99,0,0,0,0,0,0,0,0,0,0,0,-0.1,0,0,0,0,0,0,否,0,义乌市於郝电子商务商行（个体工商户）,订单结算
2026-04-22 11:30:13,'2026042211300731021634620793,入账,4.63,聚合账户,货款结算入账,小店自卖,'6952040242092840641,'6952040242092840641,'SS76304446724646341380126,2026-04-13 21:55:34,'3812756762260537801,头发绑带~铃兰花朵大肠发圈韩系少女头饰高级感流苏飘带仙气发饰,,,普通订单,4.87,0,0,0,0,0,0,0,0,0,0,0,-0.24,0,0,0,0,0,0,否,0,义乌市於郝电子商务商行（个体工商户）,订单结算
2026-04-22 11:30:13,'2026042211300741579648400793,入账,1.89,聚合账户,货款结算入账,小店自卖,'6925530310697910086,'6925530310697910086,'SS76302623405775099300213,2026-04-11 21:58:53,'3808855327718375885,复古豹纹褶皱中号香蕉夹高级感马尾扭扭夹后脑勺韩系显发量发卡,,,普通订单,1.99,0,0,0,0,0,0,0,0,0,0,0,-0.1,0,0,0,0,0,0,否,0,义乌市於郝电子商务商行（个体工商户）,订单结算
2026-04-22 11:30:13,'2026042211300825465656320793,入账,4.77,聚合账户,货款结算入账,小店自卖,'6925541217626258539,'6925541217626258539,'SS76303750417585321230203,2026-04-12 11:19:59,'3808826072573804729,迷你小号无痕鸭嘴夹抓夹小夹子精致蝴蝶结碎发夹刘海夹高级感发卡,,,普通订单,5.02,0,0,0,0,0,0,0,0,0,0,0,-0.25,0,0,0,0,0,0,否,0,义乌市於郝电子商务商行（个体工商户）,订单结算
2026-04-22 11:30:13,'2026042211300912753638820793,入账,3.19,聚合账户,货款结算入账,小店自卖,'6952017847005484535,'6952017847005484535,'SS76303940700923174660177,2026-04-12 16:04:23,'3808855327718375885,复古豹纹褶皱中号香蕉夹高级感马尾扭扭夹后脑勺韩系显发量发卡,,,普通订单,0.01,0,0,0,0,0,0,0,3.35,0,0,0,-0.17,0,0,0,0,0,0,否,0,义乌市於郝电子商务商行（个体工商户）,订单结算
2026-04-22 11:30:13,'2026042211300923616392200793,入账,3.29,聚合账户,货款结算入账,小店自卖,'6925519664979869505,'6925519664979869505,'SS76304117082171809640112,2026-04-12 09:09:34,'3808681227066671182,简约大肠珍珠发圈头绳2026新款橡皮筋女扎头发优雅皮套高颜值发绳,,,普通订单,3.46,0,0,0,0,0,0,0,0,0,0,0,-0.17,0,0,0,0,0,0,否,0,义乌市於郝电子商务商行（个体工商户）,订单结算
2026-04-22 11:30:13,'2026042211300917503193950793,入账,4.2,聚合账户,货款结算入账,小店自卖,'6925565788630974343,'6925565788630974343,'SS76302985643715468800184,2026-04-13 18:04:54,'3810361299943162114,虞书欣同款金属发扣女水钻圆圈刘海发夹高级感侧边发扣夹边夹头饰,,,普通订单,4.42,1,0,0,0,0,0,0,0,0,0,0,-0.22,0,0,0,0,0,0,否,0,义乌市於郝电子商务商行（个体工商户）,订单结算
2026-04-22 11:30:13,'2026042211300819558733200793,入账,1.89,聚合账户,货款结算入账,巨量千川,'6925532307682983860,'6925532307682983860,'SS76302626545199723950131,2026-04-12 00:53:35,'3808855327718375885,复古豹纹褶皱中号香蕉夹高级感马尾扭扭夹后脑勺韩系显发量发卡,,,普通订单,1.99,0,0,0,0,0,0,0,0,0,0,0,-0.1,0,0,0,0,0,0,否,0,义乌市於郝电子商务商行（个体工商户）,订单结算
2026-04-22 11:30:14,'2026042211301013894497800793,入账,2.28,聚合账户,货款结算入账,小店自卖,'6951974406128277453,'6951974406128277453,'SS76304128965691315540038,2026-04-11 16:07:30,'3809214874429555055,【LOVEIXCC】新款法式网红发箍发卡宽边复古秋冬头饰百搭高级盘发器,,,普通订单,0.01,0,0,2.39,0,0,0,0,0,0,0,0,-0.12,0,0,0,0,0,0,,0,义乌市於郝电子商务商行（个体工商户）,订单结算
2026-04-22 11:30:14,'2026042211301003062996820793,入账,3.22,聚合账户,货款结算入账,小店自卖,'6925566444526337910,'6925566444526337910,'SS76302589634023590940025,2026-04-13 22:57:25,'3811282248515322341,可爱小黄鸡小猪发圈学生风萌系扎发神器黑色发绳扎头发皮筋卖头饰,,,普通订单,0.39,0,0,3,0,0,0,0,0,0,0,0,-0.17,0,0,0,0,0,0,,0,义乌市於郝电子商务商行（个体工商户）,订单结算
2026-04-22 11:30:14,'2026042211300934605960080793,入账,1.15,聚合账户,货款结算入账,小店自卖,'6925623739853733185,'6925623739853667649,'SS76303706298809718220032,2026-04-16 08:39:24,'3808515754769383695,2026新款高级牡丹花流苏抓夹毛毛发夹后脑勺显发量大号鲨鱼夹头饰,,,普通订单,1.21,0,0,0,0,0,0,0,0,0,0,0,-0.06,0,0,0,0,0,0,,0,义乌市於郝电子商务商行（个体工商户）,订单结算
2026-04-22 11:30:14,'2026042211301100134187880793,入账,3.23,聚合账户,货款结算入账,小店自卖,'6952117792381212607,'6952117792381212607,'SS76304116937845312150158,2026-04-16 16:34:55,'3808518913650721160,新款高级牡丹花流苏抓夹毛毛发夹后脑勺显发量大号鲨鱼头饰发夹,,,普通订单,0.01,0,0,3.39,0,0,0,0,0,0,0,0,-0.17,0,0,0,0,0,0,否,0,义乌市於郝电子商务商行（个体工商户）,订单结算
2026-04-22 11:30:14,'2026042211300922701020570793,入账,1.89,聚合账户,货款结算入账,小店自卖,'6951997559543568275,'6951997559543568275,'SS76304101735271964420026,2026-04-12 12:04:09,'3808855327718375885,复古豹纹褶皱中号香蕉夹高级感马尾扭扭夹后脑勺韩系显发量发卡,,,普通订单,0.01,0,0,1.98,0,0,0,0,0,0,0,0,-0.1,0,0,0,0,0,0,否,0,义乌市於郝电子商务商行（个体工商户）,订单结算
2026-04-22 11:30:14,'2026042211300908278021660793,入账,2.77,聚合账户,货款结算入账,小店自卖,'6951855854058149109,'6951855854058149109,'SS76302953431134090590105,2026-04-06 19:32:49,'3808518913650721160,新款高级牡丹花流苏抓夹毛毛发夹后脑勺显发量大号鲨鱼头饰发夹,,,普通订单,2.92,0,0,0,0,0,0,0,0,0,0,0,-0.15,0,0,0,0,0,0,否,0,义乌市於郝电子商务商行（个体工商户）,订单结算
2026-04-22 11:30:14,'2026042211301000797739920793,入账,3.32,聚合账户,货款结算入账,小店自卖,'6925517471400165052,'6925517471400165052,'SS76302658809791985040193,2026-04-12 07:27:44,'3808518913650721160,新款高级牡丹花流苏抓夹毛毛发夹后脑勺显发量大号鲨鱼头饰发夹,,,普通订单,3.5,0,0,0,0,0,0,0,0,0,0,0,-0.18,0,0,0,0,0,0,否,0,义乌市於郝电子商务商行（个体工商户）,订单结算
2026-04-22 11:30:14,'2026042211300919964892560793,入账,3.89,聚合账户,货款结算入账,小店自卖,'6925530742493445548,'6925530742493445548,'SS76302635531069202550004,2026-04-12 04:10:05,'3808855327718375885,复古豹纹褶皱中号香蕉夹高级感马尾扭扭夹后脑勺韩系显发量发卡,,,普通订单,4.09,0,0,0,0,0,0,0,0,0,0,0,-0.2,0,0,0,0,0,0,否,0,义乌市於郝电子商务商行（个体工商户）,订单结算
2026-04-22 11:30:14,'2026042211300820686932840793,入账,4.62,聚合账户,货款结算入账,小店自卖,'6925527271913913673,'6925527271913913673,'SS76302679332862041790182,2026-04-11 17:11:16,'3809438133272051839,韩版新款格纹蝴蝶结香蕉夹复古少女中号马尾夹百搭扭扭发卡抓夹,,,普通订单,0.01,0,0,4.85,0,0,0,0,0,0,0,0,-0.24,0,0,0,0,0,0,否,0,义乌市於郝电子商务商行（个体工商户）,订单结算
2026-04-22 11:30:14,'2026042211300909451446120793,入账,1.89,聚合账户,货款结算入账,小店自卖,'6952000465854404180,'6952000465854404180,'SS76303859843454243990068,2026-04-12 20:11:49,'3808855327718375885,复古豹纹褶皱中号香蕉夹高级感马尾扭扭夹后脑勺韩系显发量发卡,,,普通订单,0.01,0,0,1.98,0,0,0,0,0,0,0,0,-0.1,0,0,0,0,0,0,否,0,义乌市於郝电子商务商行（个体工商户）,订单结算
2026-04-22 11:30:14,'2026042211300926229153800793,入账,3.37,聚合账户,货款结算入账,小店自卖,'6925539765879996322,'6925539765879996322,'SS76303893514908961380006,2026-04-12 16:11:08,'3812550548062863750,温柔波点蝴蝶结香蕉夹芭蕾风气质少女百搭巨显发量高马尾盘发头饰,,,普通订单,0.01,0,0,3.54,0,0,0,0,0,0,0,0,-0.18,0,0,0,0,0,0,否,0,义乌市於郝电子商务商行（个体工商户）,订单结算
2026-04-22 11:30:14,'2026042211301000599493470793,入账,2.72,聚合账户,货款结算入账,小店自卖,'6925518572930890823,'6925518572930890823,'SS76302657990661901230118,2026-04-11 19:42:26,'3808515754769383695,2026新款高级牡丹花流苏抓夹毛毛发夹后脑勺显发量大号鲨鱼夹头饰,,,普通订单,0.01,0,0,2.85,0,0,0,0,0,0,0,0,-0.14,0,0,0,0,0,0,否,0,义乌市於郝电子商务商行（个体工商户）,订单结算
2026-04-22 11:30:14,'2026042211300910463196580793,入账,2.83,聚合账户,货款结算入账,小店自卖,'6952006143892395208,'6952006143892395208,'SS76302640310618895460238,2026-04-12 07:55:49,'3812736213081784671,韩系ins风高马尾香蕉夹竖夹女2026新款高级感发夹简约复古发饰,,,普通订单,0.98,0,0,2,0,0,0,0,0,0,0,0,-0.15,0,0,0,0,0,0,否,0,义乌市於郝电子商务商行（个体工商户）,订单结算
2026-04-22 11:30:14,'2026042211301029671798170793,入账,1.88,聚合账户,货款结算入账,巨量千川,'6952074830859016003,'6952074830859016003,'SS76304348827761382820226,2026-04-14 21:23:44,'3808514174103978347,明星同款高颅顶圆形金属发扣刘海发夹女前额侧边夹水钻发卡头饰,,,普通订单,0.01,0,0,1.97,0,0,0,0,0,0,0,0,-0.1,0,0,0,0,0,0,否,0,义乌市於郝电子商务商行（个体工商户）,订单结算
2026-04-22 11:30:14,'2026042211301022862897070793,入账,4.77,聚合账户,货款结算入账,巨量千川,'6952105578966357109,'6952105578966357109,'SS76301538163991186190250,2026-04-16 00:58:26,'3808826072573804729,迷你小号无痕鸭嘴夹抓夹小夹子精致蝴蝶结碎发夹刘海夹高级感发卡,,,普通订单,5.02,0,0,0,0,0,0,0,0,0,0,0,-0.25,0,0,0,0,0,0,否,0,义乌市於郝电子商务商行（个体工商户）,订单结算
2026-04-22 11:30:14,'2026042211300907236531740793,入账,5.28,聚合账户,货款结算入账,小店自卖,'6925520940659146579,'6925520940659146579,'SS76303293436256919100102,2026-04-11 20:22:56,'3812574198275113159,雾中鸢尾~韩系气质麻花带齿发箍女款高级感洋气时尚洗脸头箍盘发,,,普通订单,5.56,0,0,0,0,0,0,0,0,0,0,0,-0.28,0,0,0,0,0,0,否,0,义乌市於郝电子商务商行（个体工商户）,订单结算
2026-04-22 11:30:14,'2026042211300929296276540793,入账,5.68,聚合账户,货款结算入账,小店自卖,'6952006691128022523,'6952006691128022523,'SS76303891065345482340164,2026-04-12 13:31:58,'3811282248515322341,可爱小黄鸡小猪发圈学生风萌系扎发神器黑色发绳扎头发皮筋卖头饰,,,普通订单,1.98,0,0,4,0,0,0,0,0,0,0,0,-0.3,0,0,0,0,0,0,否,0,义乌市於郝电子商务商行（个体工商户）,订单结算
2026-04-22 11:30:14,'2026042211300928573376430793,入账,2.28,聚合账户,货款结算入账,小店自卖,'6925530206612193162,'6925530206612193162,'SS76302679478026575760129,2026-04-11 21:30:46,'3809207830674800849,春夏宽边绒面发箍女2026新款压发洗脸发卡高级感时尚洋气头箍百搭,,,普通订单,0.01,0,0,2.39,0,0,0,0,0,0,0,0,-0.12,0,0,0,0,0,0,否,0,义乌市於郝电子商务商行（个体工商户）,订单结算
2026-04-22 11:30:14,'2026042211301009751432020793,入账,4.08,聚合账户,货款结算入账,小店自卖,'6925541574947994712,'6925541574947994712,'SS76303745737210803610203,2026-04-12 14:33:37,'3809214874429555055,【LOVEIXCC】新款法式网红发箍发卡宽边复古秋冬头饰百搭高级盘发器,,,普通订单,1.3,0,0,3,0,0,0,0,0,0,0,0,-0.22,0,0,0,0,0,0,否,0,义乌市於郝电子商务商行（个体工商户）,订单结算
2026-04-22 11:30:14,'2026042211301107619261980793,入账,3.37,聚合账户,货款结算入账,小店自卖,'6952113596814267749,'6952113596814267749,'SS76304205078223260420121,2026-04-16 19:22:30,'3812550548062863750,温柔波点蝴蝶结香蕉夹芭蕾风气质少女百搭巨显发量高马尾盘发头饰,,,普通订单,0.55,0,0,3,0,0,0,0,0,0,0,0,-0.18,0,0,0,0,0,0,,0,义乌市於郝电子商务商行（个体工商户）,订单结算
2026-04-22 11:30:14,'2026042211300808982246760793,入账,1.89,聚合账户,货款结算入账,小店自卖,'6925625550003338698,'6925625550003338698,'SS76304152458708096000109,2026-04-15 23:11:24,'3808855327718375885,复古豹纹波点褶皱高马尾香蕉夹小号后脑勺竖夹韩系显发量发夹,,,普通订单,0.01,0,0,1.98,0,0,0,0,0,0,0,0,-0.1,0,0,0,0,0,0,否,0,义乌市於郝电子商务商行（个体工商户）,订单结算
2026-04-22 11:30:14,'2026042211301013691171990793,入账,1.89,聚合账户,货款结算入账,小店自卖,'6952013391971161833,'6952013391971161833,'SS76303711681548623820162,2026-04-12 13:23:20,'3808855327718375885,复古豹纹褶皱中号香蕉夹高级感马尾扭扭夹后脑勺韩系显发量发卡,,,普通订单,0.01,0,0,1.98,0,0,0,0,0,0,0,0,-0.1,0,0,0,0,0,0,否,0,义乌市於郝电子商务商行（个体工商户）,订单结算
2026-04-22 11:30:14,'2026042211300907449850880793,入账,1.89,聚合账户,货款结算入账,小店自卖,'6925518418648202894,'6925518418648202894,'SS76302639540495326780234,2026-04-11 18:21:27,'3808855327718375885,复古豹纹褶皱中号香蕉夹高级感马尾扭扭夹后脑勺韩系显发量发卡,,,普通订单,0.01,0,0,1.98,0,0,0,0,0,0,0,0,-0.1,0,0,0,0,0,0,否,0,义乌市於郝电子商务商行（个体工商户）,订单结算
2026-04-22 11:30:14,'2026042211300919907425690793,入账,2.86,聚合账户,货款结算入账,小店自卖,'6951990055054546743,'6951990055054546743,'SS76302679803246065160018,2026-04-11 20:43:19,'3809438133272051839,韩版新款格纹蝴蝶结香蕉夹复古少女中号马尾夹百搭扭扭发卡抓夹,,,普通订单,3.01,0,0,0,0,0,0,0,0,0,0,0,-0.15,0,0,0,0,0,0,否,0,义乌市於郝电子商务商行（个体工商户）,订单结算
2026-04-22 11:30:15,'2026042211301025342776660793,入账,1.89,聚合账户,货款结算入账,小店自卖,'6951997963705653212,'6951997963705653212,'SS76303940178524905500217,2026-04-12 16:39:45,'3808855327718375885,复古豹纹褶皱中号香蕉夹高级感马尾扭扭夹后脑勺韩系显发量发卡,,,普通订单,0.01,0,0,1.98,0,0,0,0,0,0,0,0,-0.1,0,0,0,0,0,0,否,0,义乌市於郝电子商务商行（个体工商户）,订单结算
2026-04-22 11:30:15,'2026042211301009997030810793,入账,5.68,聚合账户,货款结算入账,小店自卖,'6925531132653304939,'6925531132653304939,'SS76303890469802647550121,2026-04-12 09:27:09,'3811282248515322341,可爱小黄鸡小猪发圈学生风萌系扎发神器黑色发绳扎头发皮筋卖头饰,,,普通订单,0.98,0,0,5,0,0,0,0,0,0,0,0,-0.3,0,0,0,0,0,0,否,0,义乌市於郝电子商务商行（个体工商户）,订单结算
2026-04-22 11:30:15,'2026042211300733417142390793,入账,3.14,聚合账户,货款结算入账,小店自卖,'6952010244928509323,'6952010244928509323,'SS76302652705818381220076,2026-04-11 21:47:30,'3808522822146457689,夏天简约随手盘发一字夹扭扭夹水钻抓夹高级发夹扭扭后脑勺盘发器,,,普通订单,0.01,0,0,3.3,0,0,0,0,0,0,0,0,-0.17,0,0,0,0,0,0,,0,义乌市於郝电子商务商行（个体工商户）,订单结算
2026-04-22 11:30:15,'2026042211301105791418940793,入账,2.86,聚合账户,货款结算入账,小店自卖,'6925526121349086772,'6925526121349086772,'SS76302680766344893710232,2026-04-12 02:54:37,'3809438133272051839,韩版新款格纹蝴蝶结香蕉夹复古少女中号马尾夹百搭扭扭发卡抓夹,,,普通订单,0.01,0,0,3,0,0,0,0,0,0,0,0,-0.15,0,0,0,0,0,0,,0,义乌市於郝电子商务商行（个体工商户）,订单结算
2026-04-22 11:30:15,'2026042211300914145828260793,入账,1.89,聚合账户,货款结算入账,小店自卖,'6925627582071798892,'6925627582071798892,'SS76303600403567250430028,2026-04-16 00:31:44,'3808855327718375885,复古豹纹波点褶皱高马尾香蕉夹小号后脑勺竖夹韩系显发量发夹,,,普通订单,0.01,0,0,1.98,0,0,0,0,0,0,0,0,-0.1,0,0,0,0,0,0,否,0,义乌市於郝电子商务商行（个体工商户）,订单结算
2026-04-22 11:30:15,'2026042211301137667476890793,入账,1.89,聚合账户,货款结算入账,巨量千川,'6925539322676084273,'6925539322676084273,'SS76303703689178980300091,2026-04-12 12:40:19,'3808855327718375885,复古豹纹褶皱中号香蕉夹高级感马尾扭扭夹后脑勺韩系显发量发卡,,,普通订单,0.01,0,0,1.98,0,0,0,0,0,0,0,0,-0.1,0,0,0,0,0,0,,0,义乌市於郝电子商务商行（个体工商户）,订单结算
2026-04-22 11:30:15,'2026042211300933303432060793,入账,1.89,聚合账户,货款结算入账,小店自卖,'6952003507453630409,'6952003507453630409,'SS76302622625032811860170,2026-04-11 21:07:16,'3808855327718375885,复古豹纹褶皱中号香蕉夹高级感马尾扭扭夹后脑勺韩系显发量发卡,,,普通订单,0.01,0,0,1.98,0,0,0,0,0,0,0,0,-0.1,0,0,0,0,0,0,否,0,义乌市於郝电子商务商行（个体工商户）,订单结算
2026-04-22 11:30:15,'2026042211301109439649700793,入账,1.89,聚合账户,货款结算入账,小店自卖,'6952091721218004246,'6952091721218004246,'SS76304573763614848340152,2026-04-15 15:41:45,'3808855327718375885,复古豹纹波点褶皱高马尾香蕉夹小号后脑勺竖夹韩系显发量发夹,,,普通订单,0.01,0,0,1.98,0,0,0,0,0,0,0,0,-0.1,0,0,0,0,0,0,否,0,义乌市於郝电子商务商行（个体工商户）,订单结算
2026-04-22 11:30:15,'2026042211301030335475390793,入账,6.17,聚合账户,货款结算入账,小店自卖,'6925541260657196846,'6925541260657196846,'SS76304086237234837020121,2026-04-12 11:47:31,'3808509441058406492,新款扭扭麻花发箍女简约高颅顶带齿防滑洗脸头箍发卡高级感民族风,,,普通订单,1.3,0,0,5.2,0,0,0,0,0,0,0,0,-0.33,0,0,0,0,0,0,否,0,义乌市於郝电子商务商行（个体工商户）,订单结算
2026-04-22 11:30:15,'2026042211301041785433660793,入账,2.83,聚合账户,货款结算入账,小店自卖,'6925531145166945392,'6925531145166945392,'SS76303236396319711100169,2026-04-12 09:35:28,'3809014413466402928,大肠圈蝴蝶头花带新款波点飘带大肠发圈高级感扎头发皮筋发饰发绳,,,普通订单,0.01,0,0,2.97,0,0,0,0,0,0,0,0,-0.15,0,0,0,0,0,0,,0,义乌市於郝电子商务商行（个体工商户）,订单结算
2026-04-22 11:30:15,'2026042211300932427712410793,入账,2.69,聚合账户,货款结算入账,小店自卖,'6951999775641900181,'6951999775641900181,'SS76303741268008474120165,2026-04-12 12:08:36,'3812736213081784671,韩系ins风高马尾香蕉夹竖夹女2026新款高级感发夹简约复古发饰,,,普通订单,2.57,0,0,0.26,0,0,0,0,0,0,0,0,-0.14,0,0,0,0,0,0,否,0,义乌市於郝电子商务商行（个体工商户）,订单结算
2026-04-22 11:30:15,'2026042211301037248863350793,入账,5.68,聚合账户,货款结算入账,小店自卖,'6925527475009715308,'6925527475009715308,'SS76303889691651978390088,2026-04-11 18:45:33,'3811282248515322341,可爱小黄鸡小猪发圈学生风萌系扎发神器黑色发绳扎头发皮筋卖头饰,,,普通订单,0.01,0,0,5.97,0,0,0,0,0,0,0,0,-0.3,0,0,0,0,0,0,否,0,义乌市於郝电子商务商行（个体工商户）,订单结算
2026-04-22 11:30:15,'2026042211301115777636260793,入账,4.62,聚合账户,货款结算入账,小店自卖,'6952110783452157224,'6952110783452157224,'SS76304143230467115620171,2026-04-16 14:49:12,'3808515754769383695,2026新款高级牡丹花流苏抓夹毛毛发夹后脑勺显发量大号鲨鱼夹头饰,,,普通订单,1.86,0,0,3,0,0,0,0,0,0,0,0,-0.24,0,0,0,0,0,0,,0,义乌市於郝电子商务商行（个体工商户）,订单结算
2026-04-22 11:30:15,'2026042211301010406469550793,入账,3.19,聚合账户,货款结算入账,小店自卖,'6952011606966408641,'6952011606966408641,'SS76303940773485284030239,2026-04-12 16:39:29,'3808855327718375885,复古豹纹褶皱中号香蕉夹高级感马尾扭扭夹后脑勺韩系显发量发卡,,,普通订单,0.01,0,0,3.35,0,0,0,0,0,0,0,0,-0.17,0,0,0,0,0,0,,0,义乌市於郝电子商务商行（个体工商户）,订单结算
2026-04-22 11:30:15,'2026042211301022533245840793,入账,3.18,聚合账户,货款结算入账,小店自卖,'6951858039676343688,'6951858039676343688,'SS76302990331160540670114,2026-04-06 17:08:58,'3809602909876912378,2026韩系格子方巾大肠发圈高级慵懒风发绳扎方形头发头绳大号发饰,,,普通订单,0.35,0,0,3,0,0,0,0,0,0,0,0,-0.17,0,0,0,0,0,0,否,0,义乌市於郝电子商务商行（个体工商户）,订单结算
2026-04-22 11:32:09,'2026042211320418683824900793,入账,2.72,聚合账户,货款结算入账,巨量千川,'6951855861490587049,'6951855861490587049,'SS76302961564513408350001,2026-04-06 19:31:02,'3808518913650721160,新款高级牡丹花流苏抓夹毛毛发夹后脑勺显发量大号鲨鱼头饰发夹,,,普通订单,0.01,0,0,2.85,0,0,0,0,0,0,0,0,-0.14,0,0,0,0,0,0,,0,义乌市於郝电子商务商行（个体工商户）,订单结算
2026-04-22 11:33:15,'2026042211331003997043260793,入账,2.51,聚合账户,货款结算入账,小店自卖,'6925518791920942494,'6925518791920942494,'SS76302879518556004200118,2026-04-11 21:17:45,'3811282248515322341,可爱小黄鸡小猪发圈学生风萌系扎发神器黑色发绳扎头发皮筋卖头饰,,,普通订单,2.64,0,0,0,0,0,0,0,0,0,0,0,-0.13,0,0,0,0,0,0,否,0,义乌市於郝电子商务商行（个体工商户）,订单结算
2026-04-22 11:33:48,'2026042211334208315090270793,入账,2.69,聚合账户,货款结算入账,巨量千川,'6925616340353711203,'6925616340353711203,'SS76304774884613824380082,2026-04-16 01:07:31,'3808826072573804729,迷你小号无痕鸭嘴夹抓夹小夹子精致蝴蝶结碎发夹刘海夹高级感发卡,,,普通订单,2.83,0,0,0,0,0,0,0,0,0,0,0,-0.14,0,0,0,0,0,0,否,0,义乌市於郝电子商务商行（个体工商户）,订单结算
2026-04-22 11:34:05,'2026042211340103488855450793,入账,9.93,聚合账户,货款结算入账,小店自卖,'6925531198558797296,'6925531198558797296,'SS76303255586163922330194,2026-04-12 09:56:01,'3809273979772993843,新中式咖色碎花四层大肠发圈女慵懒风扎头发大号复古发饰头绳,,,普通订单,10.45,0,0,0,0,0,0,0,0,0,0,0,-0.52,0,0,0,0,0,0,,0,义乌市於郝电子商务商行（个体工商户）,订单结算
2026-04-22 11:34:15,'2026042211341041800015450793,入账,1.89,聚合账户,货款结算入账,巨量千川,'6925518619279851446,'6925518619279851446,'SS76302631540275945390177,2026-04-11 20:14:39,'3808855327718375885,复古豹纹褶皱中号香蕉夹高级感马尾扭扭夹后脑勺韩系显发量发卡,,,普通订单,1.99,0,0,0,0,0,0,0,0,0,0,0,-0.1,0,0,0,0,0,0,否,0,义乌市於郝电子商务商行（个体工商户）,订单结算
2026-04-22 11:39:52,'2026042211394910781007620793,入账,2.77,聚合账户,货款结算入账,巨量千川,'6925418526401133824,'6925418526401133824,'SS76302954290414433680052,2026-04-07 08:10:41,'3808515754769383695,2026新款高级牡丹花流苏抓夹毛毛发夹后脑勺显发量大号鲨鱼夹头饰,,,普通订单,0.01,0,0,2.91,0,0,0,0,0,0,0,0,-0.15,0,0,0,0,0,0,,0,义乌市於郝电子商务商行（个体工商户）,订单结算
2026-04-22 11:40:43,'2026042211404025255775150793,入账,2.28,聚合账户,货款结算入账,小店自卖,'6925529804956925075,'6925529804956925075,'SS76302681628355138710156,2026-04-11 18:50:24,'3809214874429555055,【LOVEIXCC】新款法式网红发箍发卡宽边复古秋冬头饰百搭高级盘发器,,,普通订单,2.4,0,0,0,0,0,0,0,0,0,0,0,-0.12,0,0,0,0,0,0,否,0,义乌市於郝电子商务商行（个体工商户）,订单结算
2026-04-22 11:41:18,'2026042211411334067461640793,入账,2.65,聚合账户,货款结算入账,小店自卖,'6952001389001774348,'6952001389001774348,'SS76302647795819033790136,2026-04-11 21:11:51,'3808522822146457689,夏天简约随手盘发一字夹扭扭夹水钻抓夹高级发夹扭扭后脑勺盘发器,,,普通订单,0.01,0,0,2.78,0,0,0,0,0,0,0,0,-0.14,0,0,0,0,0,0,,0,义乌市於郝电子商务商行（个体工商户）,订单结算
2026-04-22 11:41:35,'2026042211413101599575560793,入账,3.32,聚合账户,货款结算入账,小店自卖,'6925536518420200757,'6925536518420200757,'SS76302658853532475390062,2026-04-11 23:36:35,'3808518913650721160,新款高级牡丹花流苏抓夹毛毛发夹后脑勺显发量大号鲨鱼头饰发夹,,,普通订单,3.5,0,0,0,0,0,0,0,0,0,0,0,-0.18,0,0,0,0,0,0,否,0,义乌市於郝电子商务商行（个体工商户）,订单结算
2026-04-22 11:41:39,'2026042211413407727682750793,入账,1.89,聚合账户,货款结算入账,巨量千川,'6925533110916447876,'6925533110916447876,'SS76303702742775242390116,2026-04-12 11:27:27,'3808855327718375885,复古豹纹褶皱中号香蕉夹高级感马尾扭扭夹后脑勺韩系显发量发卡,,,普通订单,1.99,0,0,0,0,0,0,0,0,0,0,0,-0.1,0,0,0,0,0,0,否,0,义乌市於郝电子商务商行（个体工商户）,订单结算
2026-04-22 11:44:08,'2026042211440331377497750793,入账,2.72,聚合账户,货款结算入账,小店自卖,'6925543787934874680,'6925543787934874680,'SS76303734912795118180171,2026-04-12 13:24:49,'3808515754769383695,2026新款高级牡丹花流苏抓夹毛毛发夹后脑勺显发量大号鲨鱼夹头饰,,,普通订单,2.86,0,0,0,0,0,0,0,0,0,0,0,-0.14,0,0,0,0,0,0,否,0,义乌市於郝电子商务商行（个体工商户）,订单结算
2026-04-22 11:44:21,'2026042211441711588411310793,入账,3.26,聚合账户,货款结算入账,小店自卖,'6925526601342221356,'6925526601342221356,'SS76303734992821949820171,2026-04-12 10:21:50,'3808518913650721160,新款高级牡丹花流苏抓夹毛毛发夹后脑勺显发量大号鲨鱼头饰发夹,,,普通订单,3.43,0,0,0,0,0,0,0,0,0,0,0,-0.17,0,0,0,0,0,0,否,0,义乌市於郝电子商务商行（个体工商户）,订单结算
2026-04-22 11:44:35,'2026042211442922704627200793,入账,2.84,聚合账户,货款结算入账,小店自卖,'6925516535346921140,'6925516535346921140,'SS76302631537335017360120,2026-04-11 19:26:51,'3808855327718375885,复古豹纹褶皱中号香蕉夹高级感马尾扭扭夹后脑勺韩系显发量发卡,,,普通订单,2.99,1,0,0,0,0,0,0,0,0,0,0,-0.15,0,0,0,0,0,0,否,0,义乌市於郝电子商务商行（个体工商户）,订单结算
2026-04-22 11:44:38,'2026042211443219843527870793,入账,3.29,聚合账户,货款结算入账,小店自卖,'6925515330241592881,'6925515330241592881,'SS76275158422060895150001,2026-04-11 08:54:02,'3808855327718375885,复古豹纹褶皱中号香蕉夹高级感马尾扭扭夹后脑勺韩系显发量发卡,,,普通订单,3.46,0,0,0,0,0,0,0,0,0,0,0,-0.17,0,0,0,0,0,0,否,0,义乌市於郝电子商务商行（个体工商户）,订单结算
2026-04-22 11:44:47,'2026042211444128283046910793,入账,1.89,聚合账户,货款结算入账,小店自卖,'6925535633765923953,'6925535633765923953,'SS76304101789487437200151,2026-04-12 12:46:34,'3808855327718375885,复古豹纹褶皱中号香蕉夹高级感马尾扭扭夹后脑勺韩系显发量发卡,,,普通订单,1.99,0,0,0,0,0,0,0,0,0,0,0,-0.1,0,0,0,0,0,0,否,0,义乌市於郝电子商务商行（个体工商户）,订单结算
2026-04-22 11:46:24,'2026042211462003841111550793,入账,3.32,聚合账户,货款结算入账,小店自卖,'6925510439107067695,'6925510439107067695,'SS76302661813466734490109,2026-04-11 20:37:03,'3808515754769383695,2026新款高级牡丹花流苏抓夹毛毛发夹后脑勺显发量大号鲨鱼夹头饰,,,普通订单,1.5,0,0,2,0,0,0,0,0,0,0,0,-0.18,0,0,0,0,0,0,,0,义乌市於郝电子商务商行（个体工商户）,订单结算
2026-04-22 11:47:45,'2026042211474021195000860793,入账,2.65,聚合账户,货款结算入账,小店自卖,'6951996013430969777,'6951996013430969777,'SS76302637254089607740212,2026-04-11 13:50:03,'3808855327718375885,复古豹纹褶皱中号香蕉夹高级感马尾扭扭夹后脑勺韩系显发量发卡,,,普通订单,0.01,0,0,2.78,0,0,0,0,0,0,0,0,-0.14,0,0,0,0,0,0,,0,义乌市於郝电子商务商行（个体工商户）,订单结算
2026-04-22 11:48:37,'2026042211483212755602070793,入账,1.89,聚合账户,货款结算入账,巨量千川,'6952004754586998235,'6952004754586998235,'SS76303711709966999420164,2026-04-12 15:09:36,'3808855327718375885,复古豹纹褶皱中号香蕉夹高级感马尾扭扭夹后脑勺韩系显发量发卡,,,普通订单,0.01,0,0,1.98,0,0,0,0,0,0,0,0,-0.1,0,0,0,0,0,0,否,0,义乌市於郝电子商务商行（个体工商户）,订单结算
2026-04-22 11:49:58,'2026042211495238221133340793,入账,1.88,聚合账户,货款结算入账,小店自卖,'6925580225792670768,'6925580225792670768,'SS76304756802909964990080,2026-04-14 08:02:35,'3812210500259938495,可爱蝴蝶结小猫无痕刘海贴魔术贴发饰少女前额侧边碎发贴整理神器,,,普通订单,0.01,0,0,1.97,0,0,0,0,0,0,0,0,-0.1,0,0,0,0,0,0,,0,义乌市於郝电子商务商行（个体工商户）,订单结算
2026-04-22 11:50:01,'2026042211495700969940840793,入账,2.91,聚合账户,货款结算入账,小店自卖,'6951981389984896407,'6951981389984896407,'SS76302658707413900890206,2026-04-11 22:44:59,'3808515754769383695,2026新款高级牡丹花流苏抓夹毛毛发夹后脑勺显发量大号鲨鱼夹头饰,,,普通订单,0.06,0,0,3,0,0,0,0,0,0,0,0,-0.15,0,0,0,0,0,0,,0,义乌市於郝电子商务商行（个体工商户）,订单结算
2026-04-22 11:51:00,'2026042211505538009574810793,入账,3.32,聚合账户,货款结算入账,小店自卖,'6951989775712916564,'6951989775712916564,'SS76302659210644037220243,2026-04-11 16:37:22,'3808515754769383695,2026新款高级牡丹花流苏抓夹毛毛发夹后脑勺显发量大号鲨鱼夹头饰,,,普通订单,0.5,0,0,3,0,0,0,0,0,0,0,0,-0.18,0,0,0,0,0,0,,0,义乌市於郝电子商务商行（个体工商户）,订单结算
2026-04-22 11:51:05,'2026042211510115199111870793,入账,2.72,聚合账户,货款结算入账,小店自卖,'6951988519827740143,'6951988519827740143,'SS76302660305108344510229,2026-04-12 07:02:16,'3808518913650721160,新款高级牡丹花流苏抓夹毛毛发夹后脑勺显发量大号鲨鱼头饰发夹,,,普通订单,0.01,0,0,2.2,0,0,0,0,0,0.65,0,0,-0.14,0,0,0,0,0,0,否,0,义乌市於郝电子商务商行（个体工商户）,订单结算
2026-04-22 11:52:14,'2026042211520941324917850793,入账,4.26,聚合账户,货款结算入账,巨量千川,'6952103612395427551,'6952103612395362015,'SS76302591725555386970020,2026-04-16 05:17:58,'3811116864172589149,森系干枯山茶花朵7cm小抓夹百搭气质发夹女后脑勺超仙鲨鱼夹发饰,,,普通订单,2.98,0,0,1.5,0,0,0,0,0,0,0,0,-0.22,0,0,0,0,0,0,,0,义乌市於郝电子商务商行（个体工商户）,订单结算
2026-04-22 11:53:05,'2026042211530205337625660793,入账,2.77,聚合账户,货款结算入账,小店自卖,'6952001437329069814,'6952001437329069814,'SS76302661867698429790205,2026-04-11 21:48:56,'3808515754769383695,2026新款高级牡丹花流苏抓夹毛毛发夹后脑勺显发量大号鲨鱼夹头饰,,,普通订单,2.05,0,0,0.87,0,0,0,0,0,0,0,0,-0.15,0,0,0,0,0,0,,0,义乌市於郝电子商务商行（个体工商户）,订单结算
2026-04-22 11:58:02,'2026042211575817243512410793,入账,2.77,聚合账户,货款结算入账,小店自卖,'6951855823278249841,'6951855823278249841,'SS76302953521064675940064,2026-04-06 19:11:47,'3808518913650721160,新款高级牡丹花流苏抓夹毛毛发夹后脑勺显发量大号鲨鱼头饰发夹,,,普通订单,0.01,0,0,2.91,0,0,0,0,0,0,0,0,-0.15,0,0,0,0,0,0,,0,义乌市於郝电子商务商行（个体工商户）,订单结算
2026-04-22 11:58:41,'2026042211583611785997430793,入账,4.22,聚合账户,货款结算入账,小店自卖,'6925529579962465940,'6925529579962465940,'SS76302879717493317470230,2026-04-11 16:47:32,'3811116864172589149,森系干枯山茶花朵7cm小抓夹百搭气质发夹女后脑勺超仙鲨鱼夹发饰,,,普通订单,0.01,0,0,4.43,0,0,0,0,0,0,0,0,-0.22,0,0,0,0,0,0,,0,义乌市於郝电子商务商行（个体工商户）,订单结算
2026-04-22 12:00:25,'2026042212002127992601860793,入账,1.88,聚合账户,货款结算入账,小店自卖,'6952094930750281040,'6952094930750281040,'SS76304326961622884030052,2026-04-16 04:44:48,'3812210500259938495,可爱蝴蝶结小猫无痕刘海贴魔术贴发饰少女前额侧边碎发贴整理神器,,,普通订单,0.01,0,0,1.97,0,0,0,0,0,0,0,0,-0.1,0,0,0,0,0,0,否,0,义乌市於郝电子商务商行（个体工商户）,订单结算
2026-04-22 12:00:36,'2026042212002821825293070793,入账,3.89,聚合账户,货款结算入账,小店自卖,'6951986201047143670,'6951986201047143670,'SS76302636069121766740079,2026-04-11 22:49:45,'3808855327718375885,复古豹纹褶皱中号香蕉夹高级感马尾扭扭夹后脑勺韩系显发量发卡,,,普通订单,4.09,0,0,0,0,0,0,0,0,0,0,0,-0.2,0,0,0,0,0,0,否,0,义乌市於郝电子商务商行（个体工商户）,订单结算
2026-04-22 12:00:36,'2026042212003129351326910793,入账,9.4,聚合账户,货款结算入账,小店自卖,'6951996835413431461,'6951996835413431461,'SS76302880027884590140213,2026-04-11 23:00:33,'3809602909876912378,2026韩系格子方巾大肠发圈高级慵懒风发绳扎方形头发头绳大号发饰,,,普通订单,4.83,0,0,5.06,0,0,0,0,0,0,0,0,-0.49,0,0,0,0,0,0,,0,义乌市於郝电子商务商行（个体工商户）,订单结算
2026-04-22 12:01:16,'2026042212011023627701950793,入账,3.23,聚合账户,货款结算入账,小店自卖,'6952144757511033936,'6952144757511033936,'SS76304902247970616680238,2026-04-17 00:31:12,'3808515754769383695,2026新款高级牡丹花流苏抓夹毛毛发夹后脑勺显发量大号鲨鱼夹头饰,,,普通订单,0.4,0,0,3,0,0,0,0,0,0,0,0,-0.17,0,0,0,0,0,0,,0,义乌市於郝电子商务商行（个体工商户）,订单结算
2026-04-22 12:01:58,'2026042212015230755886590793,入账,3.75,聚合账户,货款结算入账,小店自卖,'6952003272236930131,'6952003272236930131,'SS76302708123722386440113,2026-04-11 18:34:13,'3808681227066671182,简约大肠珍珠发圈头绳2026新款橡皮筋女扎头发优雅皮套高颜值发绳,,,普通订单,3.95,0,0,0,0,0,0,0,0,0,0,0,-0.2,0,0,0,0,0,0,否,0,义乌市於郝电子商务商行（个体工商户）,订单结算
2026-04-22 12:02:12,'2026042212020623671114660793,出账,2,聚合账户,小额打款,,'6925716432614817245,'6925716432614817245,,,,,,,普通订单,0,0,0,0,0,0,0,0,0,0,0,0,0,0,0,0,0,0,0,,0,义乌市於郝电子商务商行（个体工商户）,商家向消费者小额打款-“其他”
2026-04-22 12:02:32,'2026042212022636492746780793,入账,1.86,聚合账户,货款结算入账,小店自卖,'6925537338286046714,'6925537338286046714,'SS76300317184513149440019,2026-04-12 10:41:48,'3811282248515322341,可爱小黄鸡小猪发圈学生风萌系扎发神器黑色发绳扎头发皮筋卖头饰,,,普通订单,2.98,0,0,0.98,0,0,0,0,0,0,0,-2,-0.1,0,0,0,0,0,0,否,0,义乌市於郝电子商务商行（个体工商户）,订单结算
2026-04-22 12:04:19,'2026042212041340271263180793,入账,1.89,聚合账户,货款结算入账,小店自卖,'6925546259531660942,'6925546259531660942,'SS76303940074828111450099,2026-04-12 16:38:50,'3808855327718375885,复古豹纹褶皱中号香蕉夹高级感马尾扭扭夹后脑勺韩系显发量发卡,,,普通订单,1.73,0,0,0.26,0,0,0,0,0,0,0,0,-0.1,0,0,0,0,0,0,否,0,义乌市於郝电子商务商行（个体工商户）,订单结算
2026-04-22 12:05:27,'2026042212052225098161040793,入账,1.89,聚合账户,货款结算入账,小店自卖,'6952001576119964885,'6952001576119964885,'SS76302631637456494230229,2026-04-11 22:45:47,'3808855327718375885,复古豹纹褶皱中号香蕉夹高级感马尾扭扭夹后脑勺韩系显发量发卡,,,普通订单,1.99,0,0,0,0,0,0,0,0,0,0,0,-0.1,0,0,0,0,0,0,否,0,义乌市於郝电子商务商行（个体工商户）,订单结算
2026-04-22 12:05:37,'2026042212053226178030460793,出账,2,聚合账户,小额打款,,'6952177377499485420,'6952177377499485420,,,,,,,普通订单,0,0,0,0,0,0,0,0,0,0,0,0,0,0,0,0,0,0,0,,0,义乌市於郝电子商务商行（个体工商户）,商家向消费者小额打款-“其他”
2026-04-22 12:06:02,'2026042212055824938952140793,入账,4.22,聚合账户,货款结算入账,巨量千川,'6952121704647824840,'6952121704647824840,'SS76304916789735431680243,2026-04-16 08:49:05,'3811116864172589149,森系干枯山茶花朵7cm小抓夹百搭气质发夹女后脑勺超仙鲨鱼夹发饰,,,普通订单,4.44,0,0,0,0,0,0,0,0,0,0,0,-0.22,0,0,0,0,0,0,否,0,义乌市於郝电子商务商行（个体工商户）,订单结算
2026-04-22 12:09:12,'2026042212090522916472950793,入账,4.41,聚合账户,货款结算入账,小店自卖,'6925520873864854838,'6925520873864854838,'SS76303975723599137470094,2026-04-11 19:33:38,'3811282248515322341,可爱小黄鸡小猪发圈学生风萌系扎发神器黑色发绳扎头发皮筋卖头饰,,,普通订单,0.01,0,0,4.63,0,0,0,0,0,0,0,0,-0.23,0,0,0,0,0,0,否,0,义乌市於郝电子商务商行（个体工商户）,订单结算
2026-04-22 12:09:28,'2026042212092325130317260793,入账,1.89,聚合账户,货款结算入账,巨量千川,'6952008278368916707,'6952008278368916707,'SS76302640631601280500025,2026-04-12 04:53:25,'3808855327718375885,复古豹纹褶皱中号香蕉夹高级感马尾扭扭夹后脑勺韩系显发量发卡,,,普通订单,0.01,0,0,1.98,0,0,0,0,0,0,0,0,-0.1,0,0,0,0,0,0,否,0,义乌市於郝电子商务商行（个体工商户）,订单结算
2026-04-22 12:09:33,'2026042212092608403520520793,入账,1.89,聚合账户,货款结算入账,小店自卖,'6951998784089363794,'6951998784089363794,'SS76302631429255831230226,2026-04-11 20:25:53,'3808855327718375885,复古豹纹褶皱中号香蕉夹高级感马尾扭扭夹后脑勺韩系显发量发卡,,,普通订单,1.99,0,0,0,0,0,0,0,0,0,0,0,-0.1,0,0,0,0,0,0,否,0,义乌市於郝电子商务商行（个体工商户）,订单结算
2026-04-22 12:10:49,'2026042212104416149058940793,入账,4.77,聚合账户,货款结算入账,小店自卖,'6952079477831570598,'6952079477831570598,'SS76304364609313677340038,2026-04-14 22:18:49,'3808826072573804729,迷你小号无痕鸭嘴夹抓夹小夹子精致蝴蝶结碎发夹刘海夹高级感发卡,,,普通订单,5.02,0,0,0,0,0,0,0,0,0,0,0,-0.25,0,0,0,0,0,0,否,0,义乌市於郝电子商务商行（个体工商户）,订单结算
2026-04-22 12:11:05,'2026042212105931090777980793,入账,3.15,聚合账户,货款结算入账,巨量千川,'6952071757463492498,'6952071757463492498,'SS76303066867539643310138,2026-04-14 12:53:50,'3808518913650721160,新款高级牡丹花流苏抓夹毛毛发夹后脑勺显发量大号鲨鱼头饰发夹,,,普通订单,3.32,0,0,0,0,0,0,0,0,0,0,0,-0.17,0,0,0,0,0,0,否,0,义乌市於郝电子商务商行（个体工商户）,订单结算
2026-04-22 12:11:16,'2026042212111000106378390793,出账,2,聚合账户,小额打款,,'6952149247449634123,'6952149247449634123,,,,,,,普通订单,0,0,0,0,0,0,0,0,0,0,0,0,0,0,0,0,0,0,0,,0,义乌市於郝电子商务商行（个体工商户）,商家向消费者小额打款-“其他”
2026-04-22 12:16:02,'2026042212155807089730910793,入账,1.89,聚合账户,货款结算入账,小店自卖,'6925576886955900766,'6925576886955900766,'SS76304110197894188020123,2026-04-13 15:53:19,'3808855327718375885,复古豹纹褶皱中号香蕉夹高级感马尾扭扭夹后脑勺韩系显发量发卡,,,普通订单,1.99,0,0,0,0,0,0,0,0,0,0,0,-0.1,0,0,0,0,0,0,否,0,义乌市於郝电子商务商行（个体工商户）,订单结算
2026-04-22 12:17:14,'2026042212170817791885200793,入账,2.77,聚合账户,货款结算入账,小店自卖,'6951994238706849635,'6951994238706849635,'SS76302661349839181160146,2026-04-11 15:23:54,'3808518913650721160,新款高级牡丹花流苏抓夹毛毛发夹后脑勺显发量大号鲨鱼头饰发夹,,,普通订单,2.92,0,0,0,0,0,0,0,0,0,0,0,-0.15,0,0,0,0,0,0,否,0,义乌市於郝电子商务商行（个体工商户）,订单结算
2026-04-22 12:17:30,'2026042212172517075899390793,入账,3.28,聚合账户,货款结算入账,小店自卖,'6925591800589483236,'6925591800589483236,'SS76301471278632515060217,2026-04-14 15:26:28,'3810367705987547406,jennie同款圆形金属发扣刘海发夹女前额侧边夹发卡小夹子发饰,,,普通订单,3.45,0,0,0,0,0,0,0,0,0,0,0,-0.17,0,0,0,0,0,0,否,0,义乌市於郝电子商务商行（个体工商户）,订单结算
2026-04-22 12:19:26,'2026042212191907100173180793,入账,2.69,聚合账户,货款结算入账,小店自卖,'6952115547929253117,'6952115547929253117,'SS76304642604726848090111,2026-04-16 17:35:51,'3808826072573804729,迷你小号无痕鸭嘴夹抓夹小夹子精致蝴蝶结碎发夹刘海夹高级感发卡,,,普通订单,2.83,0,0,0,0,0,0,0,0,0,0,0,-0.14,0,0,0,0,0,0,否,0,义乌市於郝电子商务商行（个体工商户）,订单结算
2026-04-22 12:20:25,'2026042212202001361065310793,入账,1.89,聚合账户,货款结算入账,小店自卖,'6952116064074208812,'6952116064074208812,'SS76303229876902305430238,2026-04-16 22:56:44,'3808855327718375885,复古豹纹波点褶皱高马尾香蕉夹小号后脑勺竖夹韩系显发量发夹,,,普通订单,1.99,0,0,0,0,0,0,0,0,0,0,0,-0.1,0,0,0,0,0,0,否,0,义乌市於郝电子商务商行（个体工商户）,订单结算
2026-04-22 12:23:39,'2026042212233234185715660793,入账,3.26,聚合账户,货款结算入账,小店自卖,'6951999134024406771,'6951999134024406771,'SS76302663025786882650052,2026-04-12 00:10:26,'3808518913650721160,新款高级牡丹花流苏抓夹毛毛发夹后脑勺显发量大号鲨鱼头饰发夹,,,普通订单,3.43,0,0,0,0,0,0,0,0,0,0,0,-0.17,0,0,0,0,0,0,否,0,义乌市於郝电子商务商行（个体工商户）,订单结算
2026-04-22 12:23:57,'2026042212235111665577150793,入账,1.89,聚合账户,货款结算入账,小店自卖,'6951984056706536526,'6951984056706536526,'SS76302639620395341200203,2026-04-12 00:02:22,'3808855327718375885,复古豹纹褶皱中号香蕉夹高级感马尾扭扭夹后脑勺韩系显发量发卡,,,普通订单,1.99,0,0,0,0,0,0,0,0,0,0,0,-0.1,0,0,0,0,0,0,,0,义乌市於郝电子商务商行（个体工商户）,订单结算
2026-04-22 12:24:11,'2026042212240439814433540793,入账,3.19,聚合账户,货款结算入账,小店自卖,'6925544072233975574,'6925544072233975574,'SS76303940796538229820053,2026-04-12 15:52:43,'3808855327718375885,复古豹纹褶皱中号香蕉夹高级感马尾扭扭夹后脑勺韩系显发量发卡,,,普通订单,3.36,0,0,0,0,0,0,0,0,0,0,0,-0.17,0,0,0,0,0,0,否,0,义乌市於郝电子商务商行（个体工商户）,订单结算
2026-04-22 12:25:40,'2026042212253703271565310793,入账,3.89,聚合账户,货款结算入账,小店自卖,'6952004662989231435,'6952004662989231435,'SS76303709616195177340171,2026-04-12 14:50:00,'3808855327718375885,复古豹纹褶皱中号香蕉夹高级感马尾扭扭夹后脑勺韩系显发量发卡,,,普通订单,4.09,0,0,0,0,0,0,0,0,0,0,0,-0.2,0,0,0,0,0,0,否,0,义乌市於郝电子商务商行（个体工商户）,订单结算
2026-04-22 12:25:55,'2026042212255017712624700793,入账,4.77,聚合账户,货款结算入账,小店自卖,'6925526538880122072,'6925526538880122072,'SS76303750119115333540103,2026-04-12 10:17:36,'3808826072573804729,迷你小号无痕鸭嘴夹抓夹小夹子精致蝴蝶结碎发夹刘海夹高级感发卡,,,普通订单,5.02,0,0,0,0,0,0,0,0,0,0,0,-0.25,0,0,0,0,0,0,否,0,义乌市於郝电子商务商行（个体工商户）,订单结算
2026-04-22 12:27:38,'2026042212273313176837120793,入账,2.69,聚合账户,货款结算入账,小店自卖,'6951996938745485023,'6951996938745485023,'SS76302690870470579560199,2026-04-12 00:42:26,'3808826072573804729,迷你小号无痕鸭嘴夹抓夹小夹子精致蝴蝶结碎发夹刘海夹高级感发卡,,,普通订单,2.83,0,0,0,0,0,0,0,0,0,0,0,-0.14,0,0,0,0,0,0,否,0,义乌市於郝电子商务商行（个体工商户）,订单结算
2026-04-22 12:27:41,'2026042212273606014080510793,入账,1.89,聚合账户,货款结算入账,小店自卖,'6952119658522416274,'6952119658522416274,'SS76303542530319982350080,2026-04-16 13:40:07,'3808855327718375885,复古豹纹波点褶皱高马尾香蕉夹小号后脑勺竖夹韩系显发量发夹,,,普通订单,1.99,0,0,0,0,0,0,0,0,0,0,0,-0.1,0,0,0,0,0,0,否,0,义乌市於郝电子商务商行（个体工商户）,订单结算
2026-04-22 12:28:53,'2026042212284921395748250793,入账,3.32,聚合账户,货款结算入账,小店自卖,'6952108742985389246,'6952108742985389246,'SS76303612582146056020074,2026-04-16 13:46:58,'3808518913650721160,新款高级牡丹花流苏抓夹毛毛发夹后脑勺显发量大号鲨鱼头饰发夹,,,普通订单,3.5,0,0,0,0,0,0,0,0,0,0,0,-0.18,0,0,0,0,0,0,否,0,义乌市於郝电子商务商行（个体工商户）,订单结算
2026-04-22 12:29:03,'2026042212285616708736150793,入账,2.07,聚合账户,货款结算入账,小店自卖,'6925519934554930798,'6925519934554930798,'SS76303126737294630750145,2026-04-12 10:57:58,'3808522822146457689,夏天简约随手盘发一字夹扭扭夹水钻抓夹高级发夹扭扭后脑勺盘发器,,,普通订单,2.18,0,0,0,0,0,0,0,0,0,0,0,-0.11,0,0,0,0,0,0,否,0,义乌市於郝电子商务商行（个体工商户）,订单结算
2026-04-22 12:30:01,'2026042212295510663857140793,入账,3.38,聚合账户,货款结算入账,巨量千川,'6952128258885162379,'6952128258885162379,'SS76304299093700446810248,2026-04-16 09:29:41,'3808826072573804729,迷你小号无痕鸭嘴夹抓夹小夹子精致蝴蝶结碎发夹刘海夹高级感发卡,,,普通订单,3.56,0,0,0,0,0,0,0,0,0,0,0,-0.18,0,0,0,0,0,0,否,0,义乌市於郝电子商务商行（个体工商户）,订单结算
2026-04-22 12:30:44,'2026042212303916746585980793,入账,6.17,聚合账户,货款结算入账,小店自卖,'6951997412514796848,'6951997412514796848,'SS76303254780186468190020,2026-04-12 10:45:26,'3808509441058406492,新款扭扭麻花发箍女简约高颅顶带齿防滑洗脸头箍发卡高级感民族风,,,普通订单,6.5,0,0,0,0,0,0,0,0,0,0,0,-0.33,0,0,0,0,0,0,否,0,义乌市於郝电子商务商行（个体工商户）,订单结算
2026-04-22 12:31:17,'2026042212311207137203710793,入账,1.89,聚合账户,货款结算入账,小店自卖,'6952009176274180021,'6952009176274180021,'SS76303939994684462600161,2026-04-12 16:30:06,'3808855327718375885,复古豹纹褶皱中号香蕉夹高级感马尾扭扭夹后脑勺韩系显发量发卡,,,普通订单,1.99,0,0,0,0,0,0,0,0,0,0,0,-0.1,0,0,0,0,0,0,否,0,义乌市於郝电子商务商行（个体工商户）,订单结算
2026-04-22 12:31:22,'2026042212311734616653230793,入账,2.65,聚合账户,货款结算入账,小店自卖,'6925516903098514463,'6925516903098514463,'SS76302647736709125520055,2026-04-11 21:56:18,'3808522822146457689,夏天简约随手盘发一字夹扭扭夹水钻抓夹高级发夹扭扭后脑勺盘发器,,,普通订单,2.79,0,0,0,0,0,0,0,0,0,0,0,-0.14,0,0,0,0,0,0,否,0,义乌市於郝电子商务商行（个体工商户）,订单结算
2026-04-22 12:31:28,'2026042212312216499842980793,入账,3.89,聚合账户,货款结算入账,小店自卖,'6951976419002816452,'6951976419002816452,'SS76302634921212808080032,2026-04-11 15:17:18,'3808855327718375885,复古豹纹褶皱中号香蕉夹高级感马尾扭扭夹后脑勺韩系显发量发卡,,,普通订单,4.09,0,0,0,0,0,0,0,0,0,0,0,-0.2,0,0,0,0,0,0,否,0,义乌市於郝电子商务商行（个体工商户）,订单结算
2026-04-22 12:31:32,'2026042212312738439367770793,入账,3.44,聚合账户,货款结算入账,小店自卖,'6951994584124167848,'6951994584124167848,'SS76304128967156703070126,2026-04-11 19:01:54,'3809214874429555055,【LOVEIXCC】新款法式网红发箍发卡宽边复古秋冬头饰百搭高级盘发器,,,普通订单,3.62,0,0,0,0,0,0,0,0,0,0,0,-0.18,0,0,0,0,0,0,,0,义乌市於郝电子商务商行（个体工商户）,订单结算
2026-04-22 12:33:05,'2026042212330106045742440793,入账,3.55,聚合账户,货款结算入账,小店自卖,'6951974659028555157,'6951974659028555157,'SS76302879347299458560106,2026-04-11 19:10:17,'3809602909876912378,2026韩系格子方巾大肠发圈高级慵懒风发绳扎方形头发头绳大号发饰,,,普通订单,3.74,0,0,0,0,0,0,0,0,0,0,0,-0.19,0,0,0,0,0,0,否,0,义乌市於郝电子商务商行（个体工商户）,订单结算
2026-04-22 12:33:30,'2026042212332541252790280793,入账,3.44,聚合账户,货款结算入账,小店自卖,'6952008525699487425,'6952008525699487425,'SS76303745342181913860028,2026-04-12 09:23:06,'3809214874429555055,【LOVEIXCC】新款法式网红发箍发卡宽边复古秋冬头饰百搭高级盘发器,,,普通订单,3.62,0,0,0,0,0,0,0,0,0,0,0,-0.18,0,0,0,0,0,0,否,0,义乌市於郝电子商务商行（个体工商户）,订单结算
2026-04-22 12:34:01,'2026042212335824141050980793,入账,4.86,聚合账户,货款结算入账,小店自卖,'6952089766918821247,'6952089766918755711,'SS76304042175512087130032,2026-04-15 15:46:14,'3814037650298503448,阳光下的人鱼公主纱~韩系钉珠发圈闪闪氛围感小众大肠发圈发绳女,,,普通订单,5.12,0,0,0,0,0,0,0,0,0,0,0,-0.26,0,0,0,0,0,0,否,0,义乌市於郝电子商务商行（个体工商户）,订单结算
2026-04-22 12:34:40,'2026042212343531897236980793,入账,3.19,聚合账户,货款结算入账,小店自卖,'6951971870271215049,'6951971870271215049,'SS76302638791098211900210,2026-04-11 12:05:15,'3808855327718375885,复古豹纹褶皱中号香蕉夹高级感马尾扭扭夹后脑勺韩系显发量发卡,,,普通订单,3.36,0,0,0,0,0,0,0,0,0,0,0,-0.17,0,0,0,0,0,0,否,0,义乌市於郝电子商务商行（个体工商户）,订单结算
2026-04-22 12:34:48,'2026042212344411721815440793,入账,2,聚合账户,货款结算入账,小店自卖,'6951990561414648937,'6951990561414648937,'SS76302690503429164040115,2026-04-12 06:35:19,'3808826072573804729,迷你小号无痕鸭嘴夹抓夹小夹子精致蝴蝶结碎发夹刘海夹高级感发卡,,,普通订单,2.11,0,0,0,0,0,0,0,0,0,0,0,-0.11,0,0,0,0,0,0,否,0,义乌市於郝电子商务商行（个体工商户）,订单结算
2026-04-22 12:36:33,'2026042212362922672187230793,入账,3.19,聚合账户,货款结算入账,小店自卖,'6951988808742933978,'6951988808742933978,'SS76303740978807321690105,2026-04-12 10:24:03,'3808855327718375885,复古豹纹褶皱中号香蕉夹高级感马尾扭扭夹后脑勺韩系显发量发卡,,,普通订单,3.36,0,0,0,0,0,0,0,0,0,0,0,-0.17,0,0,0,0,0,0,否,0,义乌市於郝电子商务商行（个体工商户）,订单结算
2026-04-22 12:36:37,'2026042212363414648123150793,入账,1.89,聚合账户,货款结算入账,巨量千川,'6925655710455987361,'6925655710455987361,'SS76303402005808747920227,2026-04-17 00:04:12,'3808855327718375885,复古豹纹波点褶皱高马尾香蕉夹小号后脑勺竖夹韩系显发量发夹,,,普通订单,0.01,0,0,1.98,0,0,0,0,0,0,0,0,-0.1,0,0,0,0,0,0,,0,义乌市於郝电子商务商行（个体工商户）,订单结算
2026-04-22 12:36:37,'2026042212363341523617630793,入账,1.89,聚合账户,货款结算入账,小店自卖,'6952143123738531017,'6952143123738531017,'SS76303996635603602380081,2026-04-17 12:18:07,'3808855327718375885,复古豹纹波点褶皱高马尾香蕉夹小号后脑勺竖夹韩系显发量发夹,,,普通订单,1.99,0,0,0,0,0,0,0,0,0,0,0,-0.1,0,0,0,0,0,0,否,0,义乌市於郝电子商务商行（个体工商户）,订单结算
2026-04-22 12:36:37,'2026042212363339123033860793,入账,3.14,聚合账户,货款结算入账,巨量千川,'6925657184489930567,'6925657184489930567,'SS76303215350311329700202,2026-04-16 22:16:13,'3808522822146457689,夏天简约随手盘发一字夹扭扭夹水钻抓夹高级发夹扭扭后脑勺盘发器,,,普通订单,0.71,0,0,2.6,0,0,0,0,0,0,0,0,-0.17,0,0,0,0,0,0,否,0,义乌市於郝电子商务商行（个体工商户）,订单结算
2026-04-22 12:36:37,'2026042212363428481298460793,入账,3.28,聚合账户,货款结算入账,巨量千川,'6952079735322318306,'6952079735322318306,'SS76303326419634752430166,2026-04-15 01:20:55,'3808514174103978347,明星同款高颅顶圆形金属发扣刘海发夹女前额侧边夹水钻发卡头饰,,,普通订单,0.32,0,0,3.13,0,0,0,0,0,0,0,0,-0.17,0,0,0,0,0,0,,0,义乌市於郝电子商务商行（个体工商户）,订单结算
2026-04-22 12:36:37,'2026042212363307521411100793,入账,1.89,聚合账户,货款结算入账,小店自卖,'6952093564305413246,'6952093564305413246,'SS76304528275588060220225,2026-04-15 12:29:34,'3808855327718375885,复古豹纹波点褶皱高马尾香蕉夹小号后脑勺竖夹韩系显发量发夹,,,普通订单,0.01,0,0,1.98,0,0,0,0,0,0,0,0,-0.1,0,0,0,0,0,0,否,0,义乌市於郝电子商务商行（个体工商户）,订单结算
2026-04-22 12:36:37,'2026042212363320187717390793,入账,10.31,聚合账户,货款结算入账,小店自卖,'6925610379357289674,'6925610379357289674,'SS76302335617405591130194,2026-04-15 10:50:18,'3811294538555850878,韩系复古大肠蕾丝发圈波点新款高级四层头发丸子马尾高级头绳发饰,,,普通订单,10.85,0,0,0,0,0,0,0,0,0,0,0,-0.54,0,0,0,0,0,0,,0,义乌市於郝电子商务商行（个体工商户）,订单结算
2026-04-22 12:36:37,'2026042212363506040458510793,入账,3.12,聚合账户,货款结算入账,小店自卖,'6925669587787087479,'6925669587787087479,'SS76304029493741164040184,2026-04-17 16:31:45,'3808514174103978347,明星同款高颅顶圆形金属发扣刘海发夹女前额侧边夹水钻发卡头饰,,,普通订单,2.94,0,0,0.34,0,0,0,0,0,0,0,0,-0.16,0,0,0,0,0,0,否,0,义乌市於郝电子商务商行（个体工商户）,订单结算
2026-04-22 12:36:37,'2026042212363418341896140793,入账,5.27,聚合账户,货款结算入账,小店自卖,'6925592895818268581,'6925592895818268581,'SS76304426420983772580202,2026-04-14 23:07:38,'3811294538555850878,韩系复古大肠蕾丝发圈波点新款高级四层头发丸子马尾高级头绳发饰,,,普通订单,3.89,0,0,1.66,0,0,0,0,0,0,0,0,-0.28,0,0,0,0,0,0,,0,义乌市於郝电子商务商行（个体工商户）,订单结算
2026-04-22 12:36:37,'2026042212363433392072080793,入账,4.61,聚合账户,货款结算入账,小店自卖,'6952084756538660340,'6952084756538660340,'SS76302131576672138780230,2026-04-15 11:57:49,'3809586825216000110,春夏撞色甜美蝴蝶结发夹女后脑勺抓夹2026新款气质大号盘发鸭嘴夹,,,普通订单,4.85,0,0,0,0,0,0,0,0,0,0,0,-0.24,0,0,0,0,0,0,否,0,义乌市於郝电子商务商行（个体工商户）,订单结算
2026-04-22 12:36:37,'2026042212363415988700160793,入账,4.62,聚合账户,货款结算入账,小店自卖,'6952086046077818004,'6952086046077818004,'SS76303080147089170350222,2026-04-14 22:16:02,'3808515754769383695,2026新款高级牡丹花流苏抓夹毛毛发夹后脑勺显发量大号鲨鱼夹头饰,,,普通订单,3.76,0,0,1.1,0,0,0,0,0,0,0,0,-0.24,0,0,0,0,0,0,,0,义乌市於郝电子商务商行（个体工商户）,订单结算
2026-04-22 12:36:37,'2026042212363334277627140793,入账,3.19,聚合账户,货款结算入账,小店自卖,'6925604872993275443,'6925604872993275443,'SS76302836679659238910017,2026-04-15 11:05:16,'3811460006382010734,简约几何波浪珍珠抓夹女2026新款后脑勺发夹鲨鱼夹子大号发量发饰,,,普通订单,3.36,0,0,0,0,0,0,0,0,0,0,0,-0.17,0,0,0,0,0,0,否,0,义乌市於郝电子商务商行（个体工商户）,订单结算
2026-04-22 12:36:37,'2026042212363304965501710793,入账,1.89,聚合账户,货款结算入账,小店自卖,'6925610253307903591,'6925610253307903591,'SS76303384431681049660094,2026-04-15 10:09:23,'3808855327718375885,复古豹纹褶皱中号香蕉夹高级感马尾扭扭夹后脑勺韩系显发量发卡,,,普通订单,1.99,0,0,0,0,0,0,0,0,0,0,0,-0.1,0,0,0,0,0,0,否,0,义乌市於郝电子商务商行（个体工商户）,订单结算
2026-04-22 12:36:37,'2026042212363419215324420793,入账,3.23,聚合账户,货款结算入账,小店自卖,'6925622405859409645,'6925622405859409645,'SS76304199234702548860231,2026-04-15 17:44:14,'3808518913650721160,新款高级牡丹花流苏抓夹毛毛发夹后脑勺显发量大号鲨鱼头饰发夹,,,普通订单,3.4,0,0,0,0,0,0,0,0,0,0,0,-0.17,0,0,0,0,0,0,,0,义乌市於郝电子商务商行（个体工商户）,订单结算
2026-04-22 12:36:38,'2026042212363419847910900793,入账,9.4,聚合账户,货款结算入账,小店自卖,'6925596876576030389,'6925596876576030389,'SS76303276072001050000044,2026-04-14 22:06:23,'3809602909876912378,2026韩系格子方巾大肠发圈高级慵懒风发绳扎方形头发头绳大号发饰,,,普通订单,9.89,0,0,0,0,0,0,0,0,0,0,0,-0.49,0,0,0,0,0,0,否,0,义乌市於郝电子商务商行（个体工商户）,订单结算
2026-04-22 12:36:38,'2026042212363412523320820793,入账,3.26,聚合账户,货款结算入账,小店自卖,'6952139777437603720,'6952139777437603720,'SS76304596263202370910161,2026-04-18 06:17:41,'3808518913650721160,新款高级牡丹花流苏抓夹毛毛发夹后脑勺显发量大号鲨鱼头饰发夹,,,普通订单,0.43,0,0,3,0,0,0,0,0,0,0,0,-0.17,0,0,0,0,0,0,,0,义乌市於郝电子商务商行（个体工商户）,订单结算
2026-04-22 12:36:38,'2026042212363423383739280793,入账,6.11,聚合账户,货款结算入账,小店自卖,'6952115857434809372,'6952115857434809372,'SS76304856290123986380070,2026-04-16 21:35:44,'3808509441058406492,新款扭扭麻花发箍女简约高颅顶带齿防滑洗脸头箍发卡高级感民族风,,,普通订单,3.43,0,0,3,0,0,0,0,0,0,0,0,-0.32,0,0,0,0,0,0,,0,义乌市於郝电子商务商行（个体工商户）,订单结算
2026-04-22 12:36:38,'2026042212363434114936780793,入账,1.89,聚合账户,货款结算入账,小店自卖,'6925609309337124245,'6925609309337124245,'SS76301486487163702110101,2026-04-15 11:43:38,'3808855327718375885,复古豹纹波点褶皱高马尾香蕉夹小号后脑勺竖夹韩系显发量发夹,,,普通订单,1.99,0,0,0,0,0,0,0,0,0,0,0,-0.1,0,0,0,0,0,0,否,0,义乌市於郝电子商务商行（个体工商户）,订单结算
2026-04-22 12:36:38,'2026042212363435196767060793,入账,6.51,聚合账户,货款结算入账,小店自卖,'6952152311424160977,'6952152311424160977,'SS76304953738570632110178,2026-04-17 12:17:49,'3811649800995210014,女童多巴胺大肠发圈卡通可爱kt头绳小女孩丸子头皮筋儿童发绳头饰,,,普通订单,6.85,0,0,0,0,0,0,0,0,0,0,0,-0.34,0,0,0,0,0,0,否,0,义乌市於郝电子商务商行（个体工商户）,订单结算
2026-04-22 12:36:38,'2026042212363433975508880793,入账,2.8,聚合账户,货款结算入账,小店自卖,'6952115749159703607,'6952115749159703607,'SS76301477182015738940000,2026-04-16 20:04:56,'3809599445994176839,春日超仙韩系碎花蕾丝大肠发圈女甜美感丸子头慵懒风超大发饰头绳,,,普通订单,0.01,0,0,2.94,0,0,0,0,0,0,0,0,-0.15,0,0,0,0,0,0,,0,义乌市於郝电子商务商行（个体工商户）,订单结算
2026-04-22 12:36:38,'2026042212363417788319120793,入账,8.5,聚合账户,货款结算入账,小店自卖,'6952136040888800631,'6952136040888800631,'SS76304010044915267060050,2026-04-17 00:38:42,'3808834995301253254,法式碎花发绳复古彩虹格子蝴蝶结大肠发圈丸子马尾发绳新款头绳女,,,普通订单,8.95,0,0,0,0,0,0,0,0,0,0,0,-0.45,0,0,0,0,0,0,否,0,义乌市於郝电子商务商行（个体工商户）,订单结算
2026-04-22 12:36:38,'2026042212363424266388860793,入账,1.89,聚合账户,货款结算入账,小店自卖,'6925670681679395882,'6925670681679395882,'SS76304305193433707980072,2026-04-18 04:23:32,'3808855327718375885,复古豹纹波点褶皱高马尾香蕉夹小号后脑勺竖夹韩系显发量发夹,,,普通订单,0.01,0,0,1.98,0,0,0,0,0,0,0,0,-0.1,0,0,0,0,0,0,否,0,义乌市於郝电子商务商行（个体工商户）,订单结算
2026-04-22 12:37:15,'2026042212370934317442660793,出账,2,聚合账户,小额打款,,'6925677564696362565,'6925677564696362565,,,,,,,普通订单,0,0,0,0,0,0,0,0,0,0,0,0,0,0,0,0,0,0,0,,0,义乌市於郝电子商务商行（个体工商户）,商家向消费者小额打款-“其他”
2026-04-22 12:37:35,'2026042212373221731248900793,入账,3.23,聚合账户,货款结算入账,小店自卖,'6925526617350831675,'6925526617350831675,'SS76303734667810578270035,2026-04-12 10:52:13,'3808518913650721160,新款高级牡丹花流苏抓夹毛毛发夹后脑勺显发量大号鲨鱼头饰发夹,,,普通订单,3.4,0,0,0,0,0,0,0,0,0,0,0,-0.17,0,0,0,0,0,0,否,0,义乌市於郝电子商务商行（个体工商户）,订单结算
2026-04-22 12:38:25,'2026042212382124285189660793,入账,3.13,聚合账户,货款结算入账,小店自卖,'6951981240357623428,'6951981240357623428,'SS76302880058621796220245,2026-04-11 21:16:00,'3810163319155851664,可爱小黄鸡发绳闺蜜同款少女心爆棚萌系扎发神器皮筋卖萌头饰学生,,,普通订单,0.01,0,0,3.29,0,0,0,0,0,0,0,0,-0.17,0,0,0,0,0,0,否,0,义乌市於郝电子商务商行（个体工商户）,订单结算
2026-04-22 12:39:19,'2026042212391522740669710793,出账,1,聚合账户,小额打款,,'6925620120171412731,'6925620120171412731,,,,,,,普通订单,0,0,0,0,0,0,0,0,0,0,0,0,0,0,0,0,0,0,0,,0,义乌市於郝电子商务商行（个体工商户）,商家向消费者小额打款-“其他”
2026-04-22 12:39:26,'2026042212392225554788200793,入账,1.89,聚合账户,货款结算入账,小店自卖,'6925517282435825308,'6925517282435825308,'SS76302628396198016510045,2026-04-12 02:02:40,'3808855327718375885,复古豹纹褶皱中号香蕉夹高级感马尾扭扭夹后脑勺韩系显发量发卡,,,普通订单,1.99,0,0,0,0,0,0,0,0,0,0,0,-0.1,0,0,0,0,0,0,否,0,义乌市於郝电子商务商行（个体工商户）,订单结算
2026-04-22 12:39:58,'2026042212395538257958500793,入账,2.57,聚合账户,货款结算入账,小店自卖,'6951840191802250326,'6951840191802250326,'SS76302994934614267300029,2026-04-06 17:43:53,'3809438133272051839,韩版新款格纹蝴蝶结香蕉夹复古少女中号马尾夹百搭扭扭发卡抓夹,,,普通订单,2.71,0,0,0,0,0,0,0,0,0,0,0,-0.14,0,0,0,0,0,0,否,0,义乌市於郝电子商务商行（个体工商户）,订单结算
2026-04-22 12:40:31,'2026042212402726313897230793,入账,3.26,聚合账户,货款结算入账,小店自卖,'6952123149497472277,'6952123149497472277,'SS76303192757771476980083,2026-04-16 23:23:26,'3809211408374169816,春季宽边绒面发箍女2026新款明星压发洗脸简约高级感时尚洋气头箍,,,普通订单,3.43,0,0,0,0,0,0,0,0,0,0,0,-0.17,0,0,0,0,0,0,,0,义乌市於郝电子商务商行（个体工商户）,订单结算
2026-04-22 12:41:16,'2026042212411323744520180793,入账,1.89,聚合账户,货款结算入账,小店自卖,'6952005758059025873,'6952005758059025873,'SS76302631476034936380246,2026-04-11 22:06:50,'3808855327718375885,复古豹纹褶皱中号香蕉夹高级感马尾扭扭夹后脑勺韩系显发量发卡,,,普通订单,1.99,0,0,0,0,0,0,0,0,0,0,0,-0.1,0,0,0,0,0,0,否,0,义乌市於郝电子商务商行（个体工商户）,订单结算
2026-04-22 12:41:21,'2026042212411721025426260793,入账,3.38,聚合账户,货款结算入账,小店自卖,'6952114861341611039,'6952114861341611039,'SS76302830154708749230200,2026-04-16 09:21:12,'3808826072573804729,迷你小号无痕鸭嘴夹抓夹小夹子精致蝴蝶结碎发夹刘海夹高级感发卡,,,普通订单,3.56,0,0,0,0,0,0,0,0,0,0,0,-0.18,0,0,0,0,0,0,否,0,义乌市於郝电子商务商行（个体工商户）,订单结算
2026-04-22 12:41:24,'2026042212412032307983460793,入账,3.44,聚合账户,货款结算入账,小店自卖,'6951999246207096799,'6951999246207096799,'SS76303560661438308220146,2026-04-12 04:02:46,'3809214874429555055,【LOVEIXCC】新款法式网红发箍发卡宽边复古秋冬头饰百搭高级盘发器,,,普通订单,3.62,0,0,0,0,0,0,0,0,0,0,0,-0.18,0,0,0,0,0,0,否,0,义乌市於郝电子商务商行（个体工商户）,订单结算
2026-04-22 12:43:37,'2026042212433314064852900793,出账,2,聚合账户,小额打款,,'6952210717873673742,'6952210717873673742,,,,,,,普通订单,0,0,0,0,0,0,0,0,0,0,0,0,0,0,0,0,0,0,0,,0,义乌市於郝电子商务商行（个体工商户）,商家向消费者小额打款-“其他”
2026-04-22 12:44:13,'2026042212440936993764100793,入账,3.26,聚合账户,货款结算入账,巨量千川,'6925517256201174958,'6925517256201174958,'SS76302663005641116570157,2026-04-12 01:15:54,'3808518913650721160,新款高级牡丹花流苏抓夹毛毛发夹后脑勺显发量大号鲨鱼头饰发夹,,,普通订单,3.43,0,0,0,0,0,0,0,0,0,0,0,-0.17,0,0,0,0,0,0,否,0,义乌市於郝电子商务商行（个体工商户）,订单结算
2026-04-22 12:48:32,'2026042212482811202114830793,入账,1.89,聚合账户,货款结算入账,巨量千川,'6952017630544401691,'6952017630544401691,'SS76304101693107615070122,2026-04-12 13:10:15,'3808855327718375885,复古豹纹褶皱中号香蕉夹高级感马尾扭扭夹后脑勺韩系显发量发卡,,,普通订单,1.99,0,0,0,0,0,0,0,0,0,0,0,-0.1,0,0,0,0,0,0,否,0,义乌市於郝电子商务商行（个体工商户）,订单结算
2026-04-22 12:48:40,'2026042212483709107218330793,入账,4.81,聚合账户,货款结算入账,小店自卖,'6951992581623649678,'6951992581623649678,'SS76302660522193226640115,2026-04-11 23:31:35,'3808518913650721160,新款高级牡丹花流苏抓夹毛毛发夹后脑勺显发量大号鲨鱼头饰发夹,,,普通订单,5.06,0,0,0,0,0,0,0,0,0,0,0,-0.25,0,0,0,0,0,0,否,0,义乌市於郝电子商务商行（个体工商户）,订单结算
2026-04-22 12:48:59,'2026042212485424713139260793,入账,3.19,聚合账户,货款结算入账,小店自卖,'6952089766919083391,'6952089766918755711,'SS76304042251885944820088,2026-04-15 15:46:14,'3808855327718375885,复古豹纹波点褶皱高马尾香蕉夹小号后脑勺竖夹韩系显发量发夹,,,普通订单,3.36,0,0,0,0,0,0,0,0,0,0,0,-0.17,0,0,0,0,0,0,否,0,义乌市於郝电子商务商行（个体工商户）,订单结算
2026-04-22 12:50:01,'2026042212495713005130670793,出账,1,聚合账户,小额打款,,'6925682696211889261,'6925682696211889261,,,,,,,普通订单,0,0,0,0,0,0,0,0,0,0,0,0,0,0,0,0,0,0,0,,0,义乌市於郝电子商务商行（个体工商户）,商家向消费者小额打款-“其他”
2026-04-22 12:50:17,'2026042212501041344578830793,入账,3.38,聚合账户,货款结算入账,小店自卖,'6925535051020205353,'6925535051020205353,'SS76303749903199442340180,2026-04-12 08:47:39,'3808826072573804729,迷你小号无痕鸭嘴夹抓夹小夹子精致蝴蝶结碎发夹刘海夹高级感发卡,,,普通订单,3.56,0,0,0,0,0,0,0,0,0,0,0,-0.18,0,0,0,0,0,0,否,0,义乌市於郝电子商务商行（个体工商户）,订单结算
2026-04-22 12:51:05,'2026042212505930800617050793,入账,0.93,聚合账户,货款结算入账,小店自卖,'6951979231602808297,'6951979231602808297,'SS76303234622896419900169,2026-04-11 18:20:50,'3812203542429696436,甜美kitty刘海贴头饰可爱少女棉花糖猫碎发贴魔术贴无痕发饰,,,普通订单,0.98,0,0,0,0,0,0,0,0,0,0,0,-0.05,0,0,0,0,0,0,否,0,义乌市於郝电子商务商行（个体工商户）,订单结算
2026-04-22 12:51:22,'2026042212511902352586510793,出账,1,聚合账户,小额打款,,'6925640252070591921,'6925640252070591921,,,,,,,普通订单,0,0,0,0,0,0,0,0,0,0,0,0,0,0,0,0,0,0,0,,0,义乌市於郝电子商务商行（个体工商户）,商家向消费者小额打款-“其他”
2026-04-22 12:51:39,'2026042212513417494881710793,出账,1,聚合账户,小额打款,,'6951900835110130717,'6951900835110130717,,,,,,,普通订单,0,0,0,0,0,0,0,0,0,0,0,0,0,0,0,0,0,0,0,,0,义乌市於郝电子商务商行（个体工商户）,商家向消费者小额打款-“其他”
2026-04-22 12:52:06,'2026042212520016583232520793,入账,10.07,聚合账户,货款结算入账,小店自卖,'6951991088553400200,'6951991088553400200,'SS76291857943803991470199,2026-04-12 12:38:39,'3808518913650721160,新款高级牡丹花流苏抓夹毛毛发夹后脑勺显发量大号鲨鱼头饰发夹,,,普通订单,16.6,0,0,0,0,0,0,0,0,0,0,-6,-0.53,0,0,0,0,0,0,否,0,义乌市於郝电子商务商行（个体工商户）,订单结算
2026-04-22 12:53:33,'2026042212532121492700520793,入账,3.89,聚合账户,货款结算入账,小店自卖,'6951986387701732680,'6951986387701732680,'SS76302635496087718800186,2026-04-12 02:43:03,'3808855327718375885,复古豹纹褶皱中号香蕉夹高级感马尾扭扭夹后脑勺韩系显发量发卡,,,普通订单,4.09,0,0,0,0,0,0,0,0,0,0,0,-0.2,0,0,0,0,0,0,否,0,义乌市於郝电子商务商行（个体工商户）,订单结算
2026-04-22 12:53:43,'2026042212533640025175470793,入账,1.89,聚合账户,货款结算入账,小店自卖,'6952003877039642421,'6952003877039642421,'SS76302626748448934400026,2026-04-12 01:22:54,'3812736213081784671,韩系ins风高马尾香蕉夹竖夹女2026新款高级感发夹简约复古发饰,,,普通订单,1.99,0,0,0,0,0,0,0,0,0,0,0,-0.1,0,0,0,0,0,0,否,0,义乌市於郝电子商务商行（个体工商户）,订单结算
2026-04-22 12:55:54,'2026042212554639987451240793,入账,3.23,聚合账户,货款结算入账,巨量千川,'6925514447360917363,'6925514447360917363,'SS76302657971724946430160,2026-04-11 17:30:47,'3808515754769383695,2026新款高级牡丹花流苏抓夹毛毛发夹后脑勺显发量大号鲨鱼夹头饰,,,普通订单,3.4,0,0,0,0,0,0,0,0,0,0,0,-0.17,0,0,0,0,0,0,否,0,义乌市於郝电子商务商行（个体工商户）,订单结算
2026-04-22 12:56:32,'2026042212562425135352420793,入账,1.89,聚合账户,货款结算入账,小店自卖,'6952001688332343222,'6952001688332343222,'SS76302625102314378430242,2026-04-12 00:04:04,'3808855327718375885,复古豹纹褶皱中号香蕉夹高级感马尾扭扭夹后脑勺韩系显发量发卡,,,普通订单,1.99,0,0,0,0,0,0,0,0,0,0,0,-0.1,0,0,0,0,0,0,否,0,义乌市於郝电子商务商行（个体工商户）,订单结算
2026-04-22 12:58:09,'2026042212580415959536980793,出账,2,聚合账户,小额打款,,'6925511408330440212,'6925511408330440212,,,,,,,普通订单,0,0,0,0,0,0,0,0,0,0,0,0,0,0,0,0,0,0,0,,0,义乌市於郝电子商务商行（个体工商户）,商家向消费者小额打款-“其他”
2026-04-22 12:58:39,'2026042212583311827940340793,入账,4.68,聚合账户,货款结算入账,小店自卖,'6952058651983419073,'6952058651983419073,'SS76303162874204656990191,2026-04-14 14:09:44,'3809608072410824827,气质抓夹大号发量多2026新款简约发夹女后脑勺鲨鱼夹高级感头饰,,,普通订单,4.93,0,0,0,0,0,0,0,0,0,0,0,-0.25,0,0,0,0,0,0,否,0,义乌市於郝电子商务商行（个体工商户）,订单结算
2026-04-22 12:59:09,'2026042212590111424729870793,入账,9.47,聚合账户,货款结算入账,小店自卖,'6925164380257746021,'6925164380257746021,'SS76303785280888182300121,2026-03-27 13:25:12,'3809583689688547780,花开甜美百搭干枯玫瑰抓夹花朵发夹后脑勺鲨鱼夹2026新中式发饰,,,普通订单,9.97,0,0,0,0,0,0,0,0,0,0,0,-0.5,0,0,0,0,0,0,否,0,义乌市於郝电子商务商行（个体工商户）,订单结算
2026-04-22 12:59:34,'2026042212592734997373820793,入账,2.26,聚合账户,货款结算入账,小店自卖,'6925528568581422433,'6925528568581422433,'SS76302880762556257430056,2026-04-12 07:44:29,'3811282248515322341,可爱小黄鸡小猪发圈学生风萌系扎发神器黑色发绳扎头发皮筋卖头饰,,,普通订单,2.38,0,0,0,0,0,0,0,0,0,0,0,-0.12,0,0,0,0,0,0,否,0,义乌市於郝电子商务商行（个体工商户）,订单结算
2026-04-22 12:59:55,'2026042212595006082071130793,入账,3.32,聚合账户,货款结算入账,小店自卖,'6952020061243970972,'6952020061243970972,'SS76303735385112622350068,2026-04-12 12:26:29,'3812210500259938495,可爱蝴蝶结小猫无痕刘海贴魔术贴发饰少女前额侧边碎发贴整理神器,,,普通订单,3.49,0,0,0,0,0,0,0,0,0,0,0,-0.17,0,0,0,0,0,0,否,0,义乌市於郝电子商务商行（个体工商户）,订单结算
2026-04-22 13:00:15,'2026042213000904236743830793,入账,2.69,聚合账户,货款结算入账,小店自卖,'6925614140853812487,'6925614140853812487,'SS76303171275678356540120,2026-04-15 20:55:08,'3808826072573804729,迷你小号无痕鸭嘴夹抓夹小夹子精致蝴蝶结碎发夹刘海夹高级感发卡,,,普通订单,2.83,0,0,0,0,0,0,0,0,0,0,0,-0.14,0,0,0,0,0,0,否,0,义乌市於郝电子商务商行（个体工商户）,订单结算
2026-04-22 13:07:01,'2026042213065101428731310793,入账,2.57,聚合账户,货款结算入账,小店自卖,'6925522869280341031,'6925522869280341031,'SS76302679779318833100128,2026-04-11 19:14:01,'3809438133272051839,韩版新款格纹蝴蝶结香蕉夹复古少女中号马尾夹百搭扭扭发卡抓夹,,,普通订单,2.71,0,0,0,0,0,0,0,0,0,0,0,-0.14,0,0,0,0,0,0,否,0,义乌市於郝电子商务商行（个体工商户）,订单结算
2026-04-22 13:07:58,'2026042213074806933263620793,入账,2.69,聚合账户,货款结算入账,小店自卖,'6952011386608490127,'6952011386608490127,'SS76303749857883102720063,2026-04-12 14:11:02,'3808826072573804729,迷你小号无痕鸭嘴夹抓夹小夹子精致蝴蝶结碎发夹刘海夹高级感发卡,,,普通订单,2.83,0,0,0,0,0,0,0,0,0,0,0,-0.14,0,0,0,0,0,0,否,0,义乌市於郝电子商务商行（个体工商户）,订单结算
2026-04-22 13:12:45,'2026042213123802145487860793,入账,4.29,聚合账户,货款结算入账,小店自卖,'6951974663426544735,'6951974663426544735,'SS76303290373988234240053,2026-04-11 18:37:29,'3811104698862272883,精致银色五角星合金发扣碎发夹高级感洋气甜酷风发夹甜美小抓夹,,,普通订单,4.52,0,0,0,0,0,0,0,0,0,0,0,-0.23,0,0,0,0,0,0,否,0,义乌市於郝电子商务商行（个体工商户）,订单结算
2026-04-22 13:13:04,'2026042213125331679618660793,入账,1.89,聚合账户,货款结算入账,小店自卖,'6952010493352679329,'6952010493352679329,'SS76302626651641449220237,2026-04-12 00:06:16,'3808855327718375885,复古豹纹褶皱中号香蕉夹高级感马尾扭扭夹后脑勺韩系显发量发卡,,,普通订单,1.99,0,0,0,0,0,0,0,0,0,0,0,-0.1,0,0,0,0,0,0,否,0,义乌市於郝电子商务商行（个体工商户）,订单结算
2026-04-22 13:13:34,'2026042213132237722032900793,入账,1.89,聚合账户,货款结算入账,小店自卖,'6925527816240070391,'6925527816240070391,'SS76302639561037908540213,2026-04-11 21:23:35,'3808855327718375885,复古豹纹褶皱中号香蕉夹高级感马尾扭扭夹后脑勺韩系显发量发卡,,,普通订单,1.99,0,0,0,0,0,0,0,0,0,0,0,-0.1,0,0,0,0,0,0,否,0,义乌市於郝电子商务商行（个体工商户）,订单结算
2026-04-22 13:22:36,'2026042213223010207728830793,出账,2,聚合账户,小额打款,,'6952171739784484180,'6952171739784484180,,,,,,,普通订单,0,0,0,0,0,0,0,0,0,0,0,0,0,0,0,0,0,0,0,,0,义乌市於郝电子商务商行（个体工商户）,商家向消费者小额打款-“其他”
2026-04-22 13:27:32,'2026042213272638265165260793,入账,2.65,聚合账户,货款结算入账,小店自卖,'6925525239970626763,'6925525239970626763,'SS76302638209467233780206,2026-04-11 19:15:47,'3808855327718375885,复古豹纹褶皱中号香蕉夹高级感马尾扭扭夹后脑勺韩系显发量发卡,,,普通订单,2.79,0,0,0,0,0,0,0,0,0,0,0,-0.14,0,0,0,0,0,0,否,0,义乌市於郝电子商务商行（个体工商户）,订单结算
2026-04-22 13:27:33,'2026042213272816528553230793,入账,3.19,聚合账户,货款结算入账,小店自卖,'6925678453058338606,'6925678453058338606,'SS76304725242450911240207,2026-04-17 19:18:06,'3808855327718375885,复古豹纹波点褶皱高马尾香蕉夹小号后脑勺竖夹韩系显发量发夹,,,普通订单,3.36,0,0,0,0,0,0,0,0,0,0,0,-0.17,0,0,0,0,0,0,否,0,义乌市於郝电子商务商行（个体工商户）,订单结算
2026-04-22 13:27:36,'2026042213273133605061530793,入账,3.23,聚合账户,货款结算入账,小店自卖,'6925526864609312054,'6925526864609312054,'SS76303734990094999300215,2026-04-12 12:43:06,'3808518913650721160,新款高级牡丹花流苏抓夹毛毛发夹后脑勺显发量大号鲨鱼头饰发夹,,,普通订单,3.4,0,0,0,0,0,0,0,0,0,0,0,-0.17,0,0,0,0,0,0,否,0,义乌市於郝电子商务商行（个体工商户）,订单结算
2026-04-22 13:29:06,'2026042213285917138693580793,出账,1,聚合账户,小额打款,,'6925652133787368672,'6925652133787368672,,,,,,,普通订单,0,0,0,0,0,0,0,0,0,0,0,0,0,0,0,0,0,0,0,,0,义乌市於郝电子商务商行（个体工商户）,商家向消费者小额打款-“其他”
2026-04-22 13:30:26,'2026042213301912588815360793,入账,1.89,聚合账户,货款结算入账,小店自卖,'6925522472816377671,'6925522472816377671,'SS76303545493160430180228,2026-04-11 15:38:06,'3808855327718375885,复古豹纹褶皱中号香蕉夹高级感马尾扭扭夹后脑勺韩系显发量发卡,,,普通订单,0.01,0,0,1.98,0,0,0,0,0,0,0,0,-0.1,0,0,0,0,0,0,否,0,义乌市於郝电子商务商行（个体工商户）,订单结算
2026-04-22 13:30:26,'2026042213302040733084160793,入账,3.23,聚合账户,货款结算入账,小店自卖,'6925537165795032323,'6925537165795032323,'SS76303734732105364820053,2026-04-12 09:35:23,'3808518913650721160,新款高级牡丹花流苏抓夹毛毛发夹后脑勺显发量大号鲨鱼头饰发夹,,,普通订单,1.4,0,0,2,0,0,0,0,0,0,0,0,-0.17,0,0,0,0,0,0,否,0,义乌市於郝电子商务商行（个体工商户）,订单结算
2026-04-22 13:30:26,'2026042213301906321485200793,入账,3.23,聚合账户,货款结算入账,小店自卖,'6925535500667157668,'6925535500667157668,'SS76303565302522022910235,2026-04-12 11:47:45,'3808515754769383695,2026新款高级牡丹花流苏抓夹毛毛发夹后脑勺显发量大号鲨鱼夹头饰,,,普通订单,0.01,0,0,3.39,0,0,0,0,0,0,0,0,-0.17,0,0,0,0,0,0,,0,义乌市於郝电子商务商行（个体工商户）,订单结算
2026-04-22 13:30:26,'2026042213302125185203200793,入账,1.89,聚合账户,货款结算入账,小店自卖,'6925510129164254903,'6925510129164254903,'SS76302619664304212940221,2026-04-11 18:22:05,'3812736213081784671,韩系ins风高马尾香蕉夹竖夹女2026新款高级感发夹简约复古发饰,,,普通订单,0.01,0,0,1.98,0,0,0,0,0,0,0,0,-0.1,0,0,0,0,0,0,否,0,义乌市於郝电子商务商行（个体工商户）,订单结算
2026-04-22 13:30:26,'2026042213302002502167390793,入账,2.86,聚合账户,货款结算入账,小店自卖,'6925537687834492249,'6925537687834492249,'SS76303189367269460990153,2026-04-12 12:44:06,'3809438133272051839,韩版新款格纹蝴蝶结香蕉夹复古少女中号马尾夹百搭扭扭发卡抓夹,,,普通订单,0.01,0,0,3,0,0,0,0,0,0,0,0,-0.15,0,0,0,0,0,0,,0,义乌市於郝电子商务商行（个体工商户）,订单结算
2026-04-22 13:30:26,'2026042213302014274726550793,入账,2.5,聚合账户,货款结算入账,小店自卖,'6925385041835818863,'6925385041835818863,'SS76302945266535961750198,2026-04-06 10:19:21,'3808518913650721160,新款高级牡丹花流苏抓夹毛毛发夹后脑勺显发量大号鲨鱼头饰发夹,,,普通订单,0.63,0,0,2,0,0,0,0,0,0,0,0,-0.13,0,0,0,0,0,0,否,0,义乌市於郝电子商务商行（个体工商户）,订单结算
2026-04-22 13:30:26,'2026042213302037093711720793,入账,1.89,聚合账户,货款结算入账,巨量千川,'6952010304617321496,'6952010304617321496,'SS76302639525179725180045,2026-04-11 22:25:17,'3808855327718375885,复古豹纹褶皱中号香蕉夹高级感马尾扭扭夹后脑勺韩系显发量发卡,,,普通订单,0.01,0,0,1.98,0,0,0,0,0,0,0,0,-0.1,0,0,0,0,0,0,否,0,义乌市於郝电子商务商行（个体工商户）,订单结算
2026-04-22 13:30:26,'2026042213302120636797590793,入账,3.79,聚合账户,货款结算入账,小店自卖,'6925541426885065904,'6925541426885065904,'SS76303601889081922750220,2026-04-12 13:36:03,'3808509441058406492,新款扭扭麻花发箍女简约高颅顶带齿防滑洗脸头箍发卡高级感民族风,,,普通订单,0.99,0,0,3,0,0,0,0,0,0,0,0,-0.2,0,0,0,0,0,0,,0,义乌市於郝电子商务商行（个体工商户）,订单结算
2026-04-22 13:30:26,'2026042213302024508052540793,入账,3.19,聚合账户,货款结算入账,小店自卖,'6952002041881695411,'6952002041881695411,'SS76302718403799124940095,2026-04-12 08:48:51,'3808855327718375885,复古豹纹褶皱中号香蕉夹高级感马尾扭扭夹后脑勺韩系显发量发卡,,,普通订单,1.36,0,0,2,0,0,0,0,0,0,0,0,-0.17,0,0,0,0,0,0,否,0,义乌市於郝电子商务商行（个体工商户）,订单结算
2026-04-22 13:30:26,'2026042213301841464346010793,入账,1.89,聚合账户,货款结算入账,小店自卖,'6952005616983938939,'6952005616983938939,'SS76302622716288048900055,2026-04-11 21:13:21,'3808855327718375885,复古豹纹褶皱中号香蕉夹高级感马尾扭扭夹后脑勺韩系显发量发卡,,,普通订单,0.01,0,0,1.98,0,0,0,0,0,0,0,0,-0.1,0,0,0,0,0,0,否,0,义乌市於郝电子商务商行（个体工商户）,订单结算
2026-04-22 13:30:26,'2026042213302039304115200793,入账,3.23,聚合账户,货款结算入账,巨量千川,'6925527455784795832,'6925527455784795832,'SS76303733829698363290194,2026-04-11 18:47:45,'3808515754769383695,2026新款高级牡丹花流苏抓夹毛毛发夹后脑勺显发量大号鲨鱼夹头饰,,,普通订单,0.4,0,0,3,0,0,0,0,0,0,0,0,-0.17,0,0,0,0,0,0,,0,义乌市於郝电子商务商行（个体工商户）,订单结算
2026-04-22 13:30:26,'2026042213302103362698600793,入账,4.26,聚合账户,货款结算入账,小店自卖,'6952011191676900382,'6952011191676900382,'SS76303259199578775040000,2026-04-12 12:17:06,'3811116864172589149,森系干枯山茶花朵7cm小抓夹百搭气质发夹女后脑勺超仙鲨鱼夹发饰,,,普通订单,1.48,0,0,3,0,0,0,0,0,0,0,0,-0.22,0,0,0,0,0,0,,0,义乌市於郝电子商务商行（个体工商户）,订单结算
2026-04-22 13:30:26,'2026042213301635526743450793,入账,1.19,聚合账户,货款结算入账,小店自卖,'6952108394577597989,'6952108394577597989,'SS76304189051734103310054,2026-04-16 10:11:34,'3808681227066671182,简约大肠珍珠发圈头绳2026新款橡皮筋女扎头发优雅皮套高颜值发绳,,,普通订单,0.01,0,0,1.24,0,0,0,0,0,0,0,0,-0.06,0,0,0,0,0,0,否,0,义乌市於郝电子商务商行（个体工商户）,订单结算
2026-04-22 13:30:26,'2026042213302009985728420793,入账,2.76,聚合账户,货款结算入账,巨量千川,'6952110532111701051,'6952110532111701051,'SS76304143440778737040019,2026-04-16 11:57:02,'3811116864172589149,森系干枯山茶花朵7cm小抓夹百搭气质发夹女后脑勺超仙鲨鱼夹发饰,,,普通订单,0.01,0,0,2.9,0,0,0,0,0,0,0,0,-0.15,0,0,0,0,0,0,,0,义乌市於郝电子商务商行（个体工商户）,订单结算
2026-04-22 13:30:26,'2026042213302129235617640793,入账,4.44,聚合账户,货款结算入账,小店自卖,'6952010848056580023,'6952010848056580023,'SS76303119520104944700029,2026-04-12 08:56:16,'3808522822146457689,夏天简约随手盘发一字夹扭扭夹水钻抓夹高级发夹扭扭后脑勺盘发器,,,普通订单,3.27,0,0,1.4,0,0,0,0,0,0,0,0,-0.23,0,0,0,0,0,0,否,0,义乌市於郝电子商务商行（个体工商户）,订单结算
2026-04-22 13:30:26,'2026042213301912592583680793,入账,1.89,聚合账户,货款结算入账,小店自卖,'6925663121919475147,'6925663121919475147,'SS76304454388729001340073,2026-04-17 19:16:14,'3812736213081784671,韩系ins风高马尾香蕉夹竖夹女2026新款高级感发夹简约复古发饰,,,普通订单,0.01,0,0,1.98,0,0,0,0,0,0,0,0,-0.1,0,0,0,0,0,0,否,0,义乌市於郝电子商务商行（个体工商户）,订单结算
2026-04-22 13:30:26,'2026042213301409360023580793,入账,4.81,聚合账户,货款结算入账,小店自卖,'6952124524720691093,'6952124524720691093,'SS76304476002922378870179,2026-04-16 17:54:15,'3808518913650721160,新款高级牡丹花流苏抓夹毛毛发夹后脑勺显发量大号鲨鱼头饰发夹,,,普通订单,2.06,0,0,3,0,0,0,0,0,0,0,0,-0.25,0,0,0,0,0,0,,0,义乌市於郝电子商务商行（个体工商户）,订单结算
2026-04-22 13:30:26,'2026042213302123452718430793,入账,2.69,聚合账户,货款结算入账,小店自卖,'6925531046699498509,'6925531046699498509,'SS76303749676407857270232,2026-04-12 08:42:51,'3808826072573804729,迷你小号无痕鸭嘴夹抓夹小夹子精致蝴蝶结碎发夹刘海夹高级感发卡,,,普通订单,0.01,0,0,2.82,0,0,0,0,0,0,0,0,-0.14,0,0,0,0,0,0,否,0,义乌市於郝电子商务商行（个体工商户）,订单结算
2026-04-22 13:30:26,'2026042213302111283668880793,入账,4.81,聚合账户,货款结算入账,小店自卖,'6925571911729183747,'6925571911729183747,'SS76303454236909941850194,2026-04-13 10:51:29,'3808515754769383695,2026新款高级牡丹花流苏抓夹毛毛发夹后脑勺显发量大号鲨鱼夹头饰,,,普通订单,4.66,0,0,0.4,0,0,0,0,0,0,0,0,-0.25,0,0,0,0,0,0,,0,义乌市於郝电子商务商行（个体工商户）,订单结算
2026-04-22 13:30:26,'2026042213301809198144410793,入账,3.7,聚合账户,货款结算入账,小店自卖,'6952020241530230490,'6952020241530230490,'SS76304082841470241740163,2026-04-12 14:14:02,'3808502000237281569,波点磨砂透明多巴胺夹缠线缎面彩色波点马卡龙中号香蕉夹学生发夹,,,普通订单,0.89,0,0,3,0,0,0,0,0,0,0,0,-0.19,0,0,0,0,0,0,否,0,义乌市於郝电子商务商行（个体工商户）,订单结算
2026-04-22 13:30:27,'2026042213302139512973320793,入账,2.77,聚合账户,货款结算入账,巨量千川,'6951902075107022279,'6951902075107022279,'SS76301470153639693060171,2026-04-08 00:26:05,'3808515754769383695,2026新款高级牡丹花流苏抓夹毛毛发夹后脑勺显发量大号鲨鱼夹头饰,,,普通订单,0.01,0,0,2.91,0,0,0,0,0,0,0,0,-0.15,0,0,0,0,0,0,,0,义乌市於郝电子商务商行（个体工商户）,订单结算
2026-04-22 13:30:27,'2026042213302127436162940793,入账,2.77,聚合账户,货款结算入账,小店自卖,'6951992422425302434,'6951992422425302434,'SS76302662019942648590039,2026-04-11 22:11:36,'3808515754769383695,2026新款高级牡丹花流苏抓夹毛毛发夹后脑勺显发量大号鲨鱼夹头饰,,,普通订单,0.01,0,0,2.91,0,0,0,0,0,0,0,0,-0.15,0,0,0,0,0,0,,0,义乌市於郝电子商务商行（个体工商户）,订单结算
2026-04-22 13:30:27,'2026042213302014115474270793,入账,2.65,聚合账户,货款结算入账,小店自卖,'6925518805497970213,'6925518805497970213,'SS76302633994145305950113,2026-04-11 21:38:44,'3808855327718375885,复古豹纹褶皱中号香蕉夹高级感马尾扭扭夹后脑勺韩系显发量发卡,,,普通订单,0.01,0,0,2.78,0,0,0,0,0,0,0,0,-0.14,0,0,0,0,0,0,否,0,义乌市於郝电子商务商行（个体工商户）,订单结算
2026-04-22 13:30:27,'2026042213301935413243380793,入账,4.94,聚合账户,货款结算入账,小店自卖,'6951996238300452061,'6951996238300452061,'SS76302879992688522740039,2026-04-11 16:35:23,'3811282248515322341,可爱小黄鸡小猪发圈学生风萌系扎发神器黑色发绳扎头发皮筋卖头饰,,,普通订单,0.2,0,0,5,0,0,0,0,0,0,0,0,-0.26,0,0,0,0,0,0,否,0,义乌市於郝电子商务商行（个体工商户）,订单结算
2026-04-22 13:30:27,'2026042213302112800330620793,入账,3.19,聚合账户,货款结算入账,小店自卖,'6951997350465115766,'6951997350465115766,'SS76303741066048146180168,2026-04-12 10:06:36,'3808855327718375885,复古豹纹褶皱中号香蕉夹高级感马尾扭扭夹后脑勺韩系显发量发卡,,,普通订单,0.36,0,0,3,0,0,0,0,0,0,0,0,-0.17,0,0,0,0,0,0,否,0,义乌市於郝电子商务商行（个体工商户）,订单结算
2026-04-22 13:30:27,'2026042213302034324854280793,入账,2.77,聚合账户,货款结算入账,小店自卖,'6951851417419650108,'6951851417419650108,'SS76302945994058347880129,2026-04-06 20:50:36,'3808518913650721160,新款高级牡丹花流苏抓夹毛毛发夹后脑勺显发量大号鲨鱼头饰发夹,,,普通订单,0.47,0,0,2.45,0,0,0,0,0,0,0,0,-0.15,0,0,0,0,0,0,,0,义乌市於郝电子商务商行（个体工商户）,订单结算
2026-04-22 13:30:27,'2026042213302205130327500793,入账,4.37,聚合账户,货款结算入账,小店自卖,'6952035862951827206,'6952035862951827206,'SS76304294149705569710040,2026-04-13 23:02:08,'3809211408374169816,春季宽边绒面发箍女2026新款明星压发洗脸简约高级感时尚洋气头箍,,,普通订单,1.6,0,0,3,0,0,0,0,0,0,0,0,-0.23,0,0,0,0,0,0,否,0,义乌市於郝电子商务商行（个体工商户）,订单结算
2026-04-22 13:30:27,'2026042213302132705131920793,入账,1.89,聚合账户,货款结算入账,小店自卖,'6925673891892723003,'6925673891892723003,'SS76304530463137838170023,2026-04-17 16:53:25,'3808855327718375885,复古豹纹波点褶皱高马尾香蕉夹小号后脑勺竖夹韩系显发量发夹,,,普通订单,0.01,0,0,1.98,0,0,0,0,0,0,0,0,-0.1,0,0,0,0,0,0,否,0,义乌市於郝电子商务商行（个体工商户）,订单结算
2026-04-22 13:30:27,'2026042213302111184054030793,入账,2.65,聚合账户,货款结算入账,小店自卖,'6925520762566835735,'6925520762566835735,'SS76302632894953559420185,2026-04-11 18:42:47,'3808855327718375885,复古豹纹褶皱中号香蕉夹高级感马尾扭扭夹后脑勺韩系显发量发卡,,,普通订单,0.01,0,0,2.78,0,0,0,0,0,0,0,0,-0.14,0,0,0,0,0,0,,0,义乌市於郝电子商务商行（个体工商户）,订单结算
2026-04-22 13:30:27,'2026042213302036505728000793,入账,5.68,聚合账户,货款结算入账,小店自卖,'6925548288526089278,'6925548288526089278,'SS76303891124242232700015,2026-04-12 14:11:23,'3811282248515322341,可爱小黄鸡小猪发圈学生风萌系扎发神器黑色发绳扎头发皮筋卖头饰,,,普通订单,0.98,0,0,5,0,0,0,0,0,0,0,0,-0.3,0,0,0,0,0,0,否,0,义乌市於郝电子商务商行（个体工商户）,订单结算
2026-04-22 13:30:27,'2026042213302111630349150793,入账,1.89,聚合账户,货款结算入账,小店自卖,'6925536523461820215,'6925536523461820215,'SS76303544677703685540142,2026-04-11 23:48:53,'3812736213081784671,韩系ins风高马尾香蕉夹竖夹女2026新款高级感发夹简约复古发饰,,,普通订单,0.01,0,0,1.98,0,0,0,0,0,0,0,0,-0.1,0,0,0,0,0,0,否,0,义乌市於郝电子商务商行（个体工商户）,订单结算
2026-04-22 13:30:27,'2026042213302210284408580793,入账,3.92,聚合账户,货款结算入账,小店自卖,'6951995410867230386,'6951995410867230386,'SS76302646579409882030229,2026-04-12 07:57:25,'3808512101882920970,新款高颜值橡皮筋高级发圈简约可爱头绳不勒发绳无扎痕头饰发饰品,,,普通订单,3.74,0,0,0.39,0,0,0,0,0,0,0,0,-0.21,0,0,0,0,0,0,否,0,义乌市於郝电子商务商行（个体工商户）,订单结算
2026-04-22 13:30:27,'2026042213302041597017950793,入账,3.89,聚合账户,货款结算入账,小店自卖,'6925532536540462375,'6925532536540462375,'SS76302635566978337370188,2026-04-12 07:47:09,'3808855327718375885,复古豹纹褶皱中号香蕉夹高级感马尾扭扭夹后脑勺韩系显发量发卡,,,普通订单,0.09,0,0,4,0,0,0,0,0,0,0,0,-0.2,0,0,0,0,0,0,,0,义乌市於郝电子商务商行（个体工商户）,订单结算
2026-04-22 13:30:27,'2026042213302103371545960793,入账,4.77,聚合账户,货款结算入账,小店自卖,'6952042861552604854,'6952042861552604854,'SS76302319604858227630083,2026-04-14 08:23:12,'3808826072573804729,迷你小号无痕鸭嘴夹抓夹小夹子精致蝴蝶结碎发夹刘海夹高级感发卡,,,普通订单,0.72,0,0,4.3,0,0,0,0,0,0,0,0,-0.25,0,0,0,0,0,0,,0,义乌市於郝电子商务商行（个体工商户）,订单结算
2026-04-22 13:30:27,'2026042213302006767910740793,入账,3.32,聚合账户,货款结算入账,小店自卖,'6925532535001611467,'6925532535001611467,'SS76302663284951618960184,2026-04-12 07:08:20,'3808515754769383695,2026新款高级牡丹花流苏抓夹毛毛发夹后脑勺显发量大号鲨鱼夹头饰,,,普通订单,0.01,0,0,3.49,0,0,0,0,0,0,0,0,-0.18,0,0,0,0,0,0,,0,义乌市於郝电子商务商行（个体工商户）,订单结算
2026-04-22 13:30:27,'2026042213302207032714430793,入账,3.32,聚合账户,货款结算入账,巨量千川,'6951975696318469548,'6951975696318469548,'SS76299749015454520830045,2026-04-11 05:08:08,'3808518913650721160,新款高级牡丹花流苏抓夹毛毛发夹后脑勺显发量大号鲨鱼头饰发夹,,,普通订单,0.5,0,0,3,0,0,0,0,0,0,0,0,-0.18,0,0,0,0,0,0,,0,义乌市於郝电子商务商行（个体工商户）,订单结算
2026-04-22 13:30:27,'2026042213302115732083580793,入账,1.89,聚合账户,货款结算入账,小店自卖,'6952057507356809081,'6952057507356809081,'SS76302820284955369230021,2026-04-13 20:11:45,'3808855327718375885,复古豹纹褶皱中号香蕉夹高级感马尾扭扭夹后脑勺韩系显发量发卡,,,普通订单,0.01,0,0,1.98,0,0,0,0,0,0,0,0,-0.1,0,0,0,0,0,0,否,0,义乌市於郝电子商务商行（个体工商户）,订单结算
2026-04-22 13:30:27,'2026042213301933519089020793,入账,3.26,聚合账户,货款结算入账,巨量千川,'6952012795786696144,'6952012795786696144,'SS76302663222745500160046,2026-04-12 07:06:24,'3808518913650721160,新款高级牡丹花流苏抓夹毛毛发夹后脑勺显发量大号鲨鱼头饰发夹,,,普通订单,0.43,0,0,3,0,0,0,0,0,0,0,0,-0.17,0,0,0,0,0,0,,0,义乌市於郝电子商务商行（个体工商户）,订单结算
2026-04-22 13:30:27,'2026042213302209479459990793,入账,3.13,聚合账户,货款结算入账,小店自卖,'6925518845032823838,'6925518845032823838,'SS76302879757340841110176,2026-04-11 21:51:50,'3809979415216128130,可爱小黄鸡发圈萌系扎发神器黑色发绳扎头发皮筋儿童卡子卖萌头饰,,,普通订单,2.96,0,0,0.34,0,0,0,0,0,0,0,0,-0.17,0,0,0,0,0,0,否,0,义乌市於郝电子商务商行（个体工商户）,订单结算
2026-04-22 13:30:27,'2026042213302130669583720793,入账,1.89,聚合账户,货款结算入账,小店自卖,'6952024359245059953,'6952024359245059953,'SS76303705826904312740016,2026-04-12 15:10:46,'3808855327718375885,复古豹纹褶皱中号香蕉夹高级感马尾扭扭夹后脑勺韩系显发量发卡,,,普通订单,0.01,0,0,1.98,0,0,0,0,0,0,0,0,-0.1,0,0,0,0,0,0,否,0,义乌市於郝电子商务商行（个体工商户）,订单结算
2026-04-22 13:30:27,'2026042213302111184217870793,入账,2.72,聚合账户,货款结算入账,巨量千川,'6925510382465875449,'6925510382465875449,'SS76302657404543186340110,2026-04-11 20:16:23,'3808515754769383695,2026新款高级牡丹花流苏抓夹毛毛发夹后脑勺显发量大号鲨鱼夹头饰,,,普通订单,0.01,0,0,2.85,0,0,0,0,0,0,0,0,-0.14,0,0,0,0,0,0,,0,义乌市於郝电子商务商行（个体工商户）,订单结算
2026-04-22 13:30:27,'2026042213302036784048830793,入账,2.86,聚合账户,货款结算入账,小店自卖,'6952116084691375258,'6952116084691375258,'SS76303780400610516570197,2026-04-16 22:58:24,'3809438133272051839,韩版新款格纹蝴蝶结香蕉夹复古少女中号马尾夹百搭扭扭发卡抓夹,,,普通订单,0.01,0,0,3,0,0,0,0,0,0,0,0,-0.15,0,0,0,0,0,0,,0,义乌市於郝电子商务商行（个体工商户）,订单结算
2026-04-22 13:30:45,'2026042213303810367311450793,入账,1.89,聚合账户,货款结算入账,小店自卖,'6952000201163937220,'6952000201163937220,'SS76303940039987901710066,2026-04-12 16:21:24,'3808855327718375885,复古豹纹褶皱中号香蕉夹高级感马尾扭扭夹后脑勺韩系显发量发卡,,,普通订单,0.01,0,0,1.98,0,0,0,0,0,0,0,0,-0.1,0,0,0,0,0,0,否,0,义乌市於郝电子商务商行（个体工商户）,订单结算
2026-04-22 13:31:40,'2026042213313336789291950793,入账,2,聚合账户,货款结算入账,小店自卖,'6925629811007257961,'6925629811007257961,'SS76304538918800962620021,2026-04-15 23:55:08,'3808826072573804729,迷你小号无痕鸭嘴夹抓夹小夹子精致蝴蝶结碎发夹刘海夹高级感发卡,,,普通订单,0.11,0,0,2,0,0,0,0,0,0,0,0,-0.11,0,0,0,0,0,0,否,0,义乌市於郝电子商务商行（个体工商户）,订单结算
2026-04-22 13:32:03,'2026042213315935242155620793,入账,4.44,聚合账户,货款结算入账,小店自卖,'6925514444002131806,'6925514444002131806,'SS76303118688017331540237,2026-04-11 17:49:54,'3808522822146457689,夏天简约随手盘发一字夹扭扭夹水钻抓夹高级发夹扭扭后脑勺盘发器,,,普通订单,4.67,0,0,0,0,0,0,0,0,0,0,0,-0.23,0,0,0,0,0,0,否,0,义乌市於郝电子商务商行（个体工商户）,订单结算
2026-04-22 13:33:24,'2026042213332034479644670793,入账,2,聚合账户,货款结算入账,小店自卖,'6925636768171655080,'6925636768171655080,'SS76302028857709860360106,2026-04-16 11:36:21,'3808826072573804729,迷你小号无痕鸭嘴夹抓夹小夹子精致蝴蝶结碎发夹刘海夹高级感发卡,,,普通订单,1.48,0,0,0.63,0,0,0,0,0,0,0,0,-0.11,0,0,0,0,0,0,,0,义乌市於郝电子商务商行（个体工商户）,订单结算
2026-04-22 13:33:52,'2026042213334801678051930793,入账,2.72,聚合账户,货款结算入账,巨量千川,'6951990898478224552,'6951990898478224552,'SS76303731905502295500127,2026-04-12 10:40:25,'3808518913650721160,新款高级牡丹花流苏抓夹毛毛发夹后脑勺显发量大号鲨鱼头饰发夹,,,普通订单,0.01,0,0,2.85,0,0,0,0,0,0,0,0,-0.14,0,0,0,0,0,0,否,0,义乌市於郝电子商务商行（个体工商户）,订单结算
2026-04-22 13:34:55,'2026042213345033058496460793,入账,1.89,聚合账户,货款结算入账,小店自卖,'6952013537009866002,'6952013537009866002,'SS76303705738978102260116,2026-04-12 15:18:12,'3808855327718375885,复古豹纹褶皱中号香蕉夹高级感马尾扭扭夹后脑勺韩系显发量发卡,,,普通订单,0.01,0,0,1.98,0,0,0,0,0,0,0,0,-0.1,0,0,0,0,0,0,否,0,义乌市於郝电子商务商行（个体工商户）,订单结算
2026-04-22 13:35:50,'2026042213354612969254400793,入账,5.29,聚合账户,货款结算入账,小店自卖,'6925519437312524006,'6925519437312524006,'SS76285432117830948340025,2026-04-12 04:51:54,'3808522822146457689,夏天简约随手盘发一字夹扭扭夹水钻抓夹高级发夹扭扭后脑勺盘发器,,,普通订单,5.57,0,0,0,0,0,0,0,0,0,0,0,-0.28,0,0,0,0,0,0,否,0,义乌市於郝电子商务商行（个体工商户）,订单结算
2026-04-22 13:36:02,'2026042213355807182753620793,入账,3.32,聚合账户,货款结算入账,小店自卖,'6925505726019239800,'6925505726019239800,'SS76303565338023572860185,2026-04-11 14:59:57,'3808515754769383695,2026新款高级牡丹花流苏抓夹毛毛发夹后脑勺显发量大号鲨鱼夹头饰,,,普通订单,0.5,0,0,3,0,0,0,0,0,0,0,0,-0.18,0,0,0,0,0,0,,0,义乌市於郝电子商务商行（个体工商户）,订单结算
2026-04-22 13:37:52,'2026042213374507177838180793,入账,1.15,聚合账户,货款结算入账,小店自卖,'6925530572979797082,'6925530572979797082,'SS76302716951617380260200,2026-04-11 23:47:41,'3811116864172589149,森系干枯山茶花朵7cm小抓夹百搭气质发夹女后脑勺超仙鲨鱼夹发饰,,,普通订单,1.21,0,0,0,0,0,0,0,0,0,0,0,-0.06,0,0,0,0,0,0,否,0,义乌市於郝电子商务商行（个体工商户）,订单结算
2026-04-22 13:38:22,'2026042213381518554232750793,入账,2.65,聚合账户,货款结算入账,小店自卖,'6951863003103565197,'6951863003103565197,'SS76302933182281654220228,2026-04-06 23:57:14,'3808855327718375885,复古豹纹褶皱中号香蕉夹高级感马尾扭扭夹后脑勺韩系显发量发卡,,,普通订单,0.01,0,0,2.78,0,0,0,0,0,0,0,0,-0.14,0,0,0,0,0,0,,0,义乌市於郝电子商务商行（个体工商户）,订单结算
2026-04-22 13:39:37,'2026042213393234352007950793,入账,1.89,聚合账户,货款结算入账,巨量千川,'6925553220147838266,'6925553220147838266,'SS76303705009401902590135,2026-04-12 14:37:49,'3808855327718375885,复古豹纹褶皱中号香蕉夹高级感马尾扭扭夹后脑勺韩系显发量发卡,,,普通订单,0.01,0,0,1.98,0,0,0,0,0,0,0,0,-0.1,0,0,0,0,0,0,,0,义乌市於郝电子商务商行（个体工商户）,订单结算
2026-04-22 13:39:58,'2026042213395405507814550793,入账,1.89,聚合账户,货款结算入账,小店自卖,'6925516193685339718,'6925516193685339718,'SS76302618693373796260152,2026-04-11 16:23:09,'3808855327718375885,复古豹纹褶皱中号香蕉夹高级感马尾扭扭夹后脑勺韩系显发量发卡,,,普通订单,0.01,0,0,1.98,0,0,0,0,0,0,0,0,-0.1,0,0,0,0,0,0,否,0,义乌市於郝电子商务商行（个体工商户）,订单结算
2026-04-22 13:41:07,'2026042213410025898688360793,入账,3.19,聚合账户,货款结算入账,小店自卖,'6952113961647675359,'6952113961647675359,'SS76304434784675107840212,2026-04-15 18:29:21,'3808855327718375885,复古豹纹波点褶皱高马尾香蕉夹小号后脑勺竖夹韩系显发量发夹,,,普通订单,0.26,0,0,3.1,0,0,0,0,0,0,0,0,-0.17,0,0,0,0,0,0,,0,义乌市於郝电子商务商行（个体工商户）,订单结算
2026-04-22 13:41:19,'2026042213411400550833040793,入账,1.89,聚合账户,货款结算入账,小店自卖,'6952028634990909335,'6952028634990909335,'SS76301359981396833820127,2026-04-13 14:15:56,'3808855327718375885,复古豹纹褶皱中号香蕉夹高级感马尾扭扭夹后脑勺韩系显发量发卡,,,普通订单,0.01,0,0,1.98,0,0,0,0,0,0,0,0,-0.1,0,0,0,0,0,0,否,0,义乌市於郝电子商务商行（个体工商户）,订单结算
2026-04-22 13:44:11,'2026042213440313814011030793,入账,1.89,聚合账户,货款结算入账,小店自卖,'6952026320746845550,'6952026320746845550,'SS76303781037446438460133,2026-04-13 17:14:01,'3808855327718375885,复古豹纹褶皱中号香蕉夹高级感马尾扭扭夹后脑勺韩系显发量发卡,,,普通订单,0.01,0,0,1.98,0,0,0,0,0,0,0,0,-0.1,0,0,0,0,0,0,,0,义乌市於郝电子商务商行（个体工商户）,订单结算
2026-04-22 13:44:17,'2026042213441103609070180793,入账,3.29,聚合账户,货款结算入账,小店自卖,'6951988454494180809,'6951988454494180809,'SS76303544203846169940052,2026-04-12 02:52:10,'3808855327718375885,复古豹纹褶皱中号香蕉夹高级感马尾扭扭夹后脑勺韩系显发量发卡,,,普通订单,3.46,0,0,0,0,0,0,0,0,0,0,0,-0.17,0,0,0,0,0,0,否,0,义乌市於郝电子商务商行（个体工商户）,订单结算
2026-04-22 13:44:50,'2026042213444310122737050793,入账,1.89,聚合账户,货款结算入账,小店自卖,'6952113172318131773,'6952113172318131773,'SS76302659915212884910192,2026-04-16 14:22:16,'3808855327718375885,复古豹纹波点褶皱高马尾香蕉夹小号后脑勺竖夹韩系显发量发夹,,,普通订单,0.01,0,0,1.98,0,0,0,0,0,0,0,0,-0.1,0,0,0,0,0,0,否,0,义乌市於郝电子商务商行（个体工商户）,订单结算
2026-04-22 13:45:55,'2026042213455016528350780793,入账,4.81,聚合账户,货款结算入账,小店自卖,'6951972384277272549,'6951972384277272549,'SS76302660540318850910237,2026-04-11 19:19:47,'3808515754769383695,2026新款高级牡丹花流苏抓夹毛毛发夹后脑勺显发量大号鲨鱼夹头饰,,,普通订单,3.55,0,0,1.51,0,0,0,0,0,0,0,0,-0.25,0,0,0,0,0,0,,0,义乌市於郝电子商务商行（个体工商户）,订单结算
2026-04-22 13:46:24,'2026042213461626173445220793,入账,2.86,聚合账户,货款结算入账,小店自卖,'6952117904329741779,'6952117904329741779,'SS76302496009479626500065,2026-04-16 17:28:25,'3809438133272051839,韩版新款格纹蝴蝶结香蕉夹复古少女中号马尾夹百搭扭扭发卡抓夹,,,普通订单,0.16,0,0,2.85,0,0,0,0,0,0,0,0,-0.15,0,0,0,0,0,0,,0,义乌市於郝电子商务商行（个体工商户）,订单结算
2026-04-22 13:46:32,'2026042213462706462878720793,入账,3.51,聚合账户,货款结算入账,小店自卖,'6952155048217482892,'6952155048217482892,'SS76303287409874864640170,2026-04-17 17:56:03,'3808502000237281569,波点磨砂透明多巴胺夹缠线缎面彩色波点马卡龙中号香蕉夹学生发夹,,,普通订单,3.31,0,0,0.38,0,0,0,0,0,0,0,0,-0.18,0,0,0,0,0,0,否,0,义乌市於郝电子商务商行（个体工商户）,订单结算
2026-04-22 13:49:10,'2026042213490041201999460793,入账,3.09,聚合账户,货款结算入账,小店自卖,'6952077384998852217,'6952077384998852217,'SS76301341880078010940092,2026-04-14 21:56:09,'3810361299943162114,虞书欣同款金属发扣女水钻圆圈刘海发夹高级感侧边发扣夹边夹头饰,,,普通订单,2.91,0,0,0.34,0,0,0,0,0,0,0,0,-0.16,0,0,0,0,0,0,否,0,义乌市於郝电子商务商行（个体工商户）,订单结算
2026-04-22 13:49:25,'2026042213491828690352640793,入账,2.83,聚合账户,货款结算入账,小店自卖,'6952068612405073494,'6952068612405073494,'SS76304422874914987610179,2026-04-14 22:10:59,'3809014413466402928,大肠圈蝴蝶头花带新款波点飘带大肠发圈高级感扎头发皮筋发饰发绳,,,普通订单,0.01,0,0,2.97,0,0,0,0,0,0,0,0,-0.15,0,0,0,0,0,0,,0,义乌市於郝电子商务商行（个体工商户）,订单结算
2026-04-22 13:50:03,'2026042213495611453734800793,入账,3.89,聚合账户,货款结算入账,巨量千川,'6952006442162263131,'6952006442162263131,'SS76303708888397908890174,2026-04-12 10:29:04,'3808855327718375885,复古豹纹褶皱中号香蕉夹高级感马尾扭扭夹后脑勺韩系显发量发卡,,,普通订单,0.01,0,0,4.08,0,0,0,0,0,0,0,0,-0.2,0,0,0,0,0,0,否,0,义乌市於郝电子商务商行（个体工商户）,订单结算
2026-04-22 13:52:14,'2026042213520425679629230793,入账,1.89,聚合账户,货款结算入账,小店自卖,'6925526915115220503,'6925526915115220503,'SS76303703981611259280083,2026-04-12 13:13:21,'3808855327718375885,复古豹纹褶皱中号香蕉夹高级感马尾扭扭夹后脑勺韩系显发量发卡,,,普通订单,0.01,0,0,1.98,0,0,0,0,0,0,0,0,-0.1,0,0,0,0,0,0,否,0,义乌市於郝电子商务商行（个体工商户）,订单结算
2026-04-22 13:52:17,'2026042213520737351961700793,入账,3.23,聚合账户,货款结算入账,小店自卖,'6925539268676648336,'6925539268676648336,'SS76303734704506639630061,2026-04-12 12:21:36,'3808518913650721160,新款高级牡丹花流苏抓夹毛毛发夹后脑勺显发量大号鲨鱼头饰发夹,,,普通订单,2.4,0,0,0,0,0,0,0,0,1,0,0,-0.17,0,0,0,0,0,0,否,0,义乌市於郝电子商务商行（个体工商户）,订单结算
2026-04-22 13:53:55,'2026042213534230458355560793,入账,2.28,聚合账户,货款结算入账,小店自卖,'6925514139418000911,'6925514139418000911,'SS76302681578612498350099,2026-04-11 15:20:03,'3809214874429555055,【LOVEIXCC】新款法式网红发箍发卡宽边复古秋冬头饰百搭高级盘发器,,,普通订单,0.4,0,0,2,0,0,0,0,0,0,0,0,-0.12,0,0,0,0,0,0,否,0,义乌市於郝电子商务商行（个体工商户）,订单结算
2026-04-22 13:54:16,'2026042213540439983887630793,入账,2.28,聚合账户,货款结算入账,小店自卖,'6951988075724870735,'6951988075724870735,'SS76303561011679933710008,2026-04-11 21:30:10,'3809214874429555055,【LOVEIXCC】新款法式网红发箍发卡宽边复古秋冬头饰百搭高级盘发器,,,普通订单,1.68,0,0,0.72,0,0,0,0,0,0,0,0,-0.12,0,0,0,0,0,0,,0,义乌市於郝电子商务商行（个体工商户）,订单结算
2026-04-22 13:55:59,'2026042213554515509304380793,入账,3.23,聚合账户,货款结算入账,小店自卖,'6925545987040312329,'6925545987040312329,'SS76303734857893320040130,2026-04-12 14:38:52,'3808518913650721160,新款高级牡丹花流苏抓夹毛毛发夹后脑勺显发量大号鲨鱼头饰发夹,,,普通订单,3.23,0,0,0.17,0,0,0,0,0,0,0,0,-0.17,0,0,0,0,0,0,,0,义乌市於郝电子商务商行（个体工商户）,订单结算
2026-04-22 13:57:10,'2026042213570335828086030793,入账,2.69,聚合账户,货款结算入账,小店自卖,'6925633675284086118,'6925633675284086118,'SS76304094092566369790185,2026-04-16 01:27:40,'3809014413466402928,大肠圈蝴蝶头花带新款波点飘带大肠发圈高级感扎头发皮筋发饰发绳,,,普通订单,2.54,0,0,0.29,0,0,0,0,0,0,0,0,-0.14,0,0,0,0,0,0,否,0,义乌市於郝电子商务商行（个体工商户）,订单结算
2026-04-22 13:58:09,'2026042213575840127083920793,入账,2.91,聚合账户,货款结算入账,巨量千川,'6951996590355321999,'6951996590355321999,'SS76302659480888287260171,2026-04-11 21:16:47,'3808518913650721160,新款高级牡丹花流苏抓夹毛毛发夹后脑勺显发量大号鲨鱼头饰发夹,,,普通订单,0.66,0,0,2.4,0,0,0,0,0,0,0,0,-0.15,0,0,0,0,0,0,否,0,义乌市於郝电子商务商行（个体工商户）,订单结算
2026-04-22 13:59:13,'2026042213590409153459610793,入账,1.89,聚合账户,货款结算入账,小店自卖,'6952120683930785246,'6952120683930785246,'SS76304572305504017920091,2026-04-17 00:16:29,'3808855327718375885,复古豹纹波点褶皱高马尾香蕉夹小号后脑勺竖夹韩系显发量发夹,,,普通订单,0.01,0,0,1.98,0,0,0,0,0,0,0,0,-0.1,0,0,0,0,0,0,否,0,义乌市於郝电子商务商行（个体工商户）,订单结算
2026-04-22 13:59:13,'2026042213590023671938620793,入账,2.74,聚合账户,货款结算入账,小店自卖,'6925655747837525753,'6925655747837525753,'SS76303367173377111100016,2026-04-17 00:45:22,'3808514174103978347,明星同款高颅顶圆形金属发扣刘海发夹女前额侧边夹水钻发卡头饰,,,普通订单,0.01,0,0,2.87,0,0,0,0,0,0,0,0,-0.14,0,0,0,0,0,0,,0,义乌市於郝电子商务商行（个体工商户）,订单结算
2026-04-22 13:59:13,'2026042213590430331543580793,入账,1.89,聚合账户,货款结算入账,小店自卖,'6952081525649315301,'6952081525649315301,'SS76303661890021957470120,2026-04-14 21:58:18,'3808855327718375885,复古豹纹褶皱中号香蕉夹高级感马尾扭扭夹后脑勺韩系显发量发卡,,,普通订单,0.01,0,0,1.98,0,0,0,0,0,0,0,0,-0.1,0,0,0,0,0,0,否,0,义乌市於郝电子商务商行（个体工商户）,订单结算
2026-04-22 14:04:27,'2026042214041829531387300793,出账,2,聚合账户,小额打款,,'6925613472746404930,'6925613472746404930,,,,,,,普通订单,0,0,0,0,0,0,0,0,0,0,0,0,0,0,0,0,0,0,0,,0,义乌市於郝电子商务商行（个体工商户）,商家向消费者小额打款-“其他”
2026-04-22 14:05:44,'2026042214053738973279120793,入账,2.28,聚合账户,货款结算入账,小店自卖,'6925526222206631806,'6925526222206631806,'SS76302679593738406860230,2026-04-12 07:20:59,'3809214874429555055,【LOVEIXCC】新款法式网红发箍发卡宽边复古秋冬头饰百搭高级盘发器,,,普通订单,0.01,0,0,2.39,0,0,0,0,0,0,0,0,-0.12,0,0,0,0,0,0,,0,义乌市於郝电子商务商行（个体工商户）,订单结算
2026-04-22 14:06:57,'2026042214064919510894170793,出账,2,聚合账户,小额打款,,'6952196174756975621,'6952196174756975621,,,,,,,普通订单,0,0,0,0,0,0,0,0,0,0,0,0,0,0,0,0,0,0,0,,0,义乌市於郝电子商务商行（个体工商户）,商家向消费者小额打款-“其他”
2026-04-22 14:15:25,'2026042214151506490731880793,入账,3.23,聚合账户,货款结算入账,小店自卖,'6951995328670930167,'6951995328670930167,'SS76303733840899443610236,2026-04-12 06:53:06,'3808515754769383695,2026新款高级牡丹花流苏抓夹毛毛发夹后脑勺显发量大号鲨鱼夹头饰,,,普通订单,0.4,0,0,3,0,0,0,0,0,0,0,0,-0.17,0,0,0,0,0,0,,0,义乌市於郝电子商务商行（个体工商户）,订单结算
2026-04-22 14:40:00,'2026042214394601687270810793,出账,2,聚合账户,小额打款,,'6925733710734523471,'6925733710734523471,,,,,,,普通订单,0,0,0,0,0,0,0,0,0,0,0,0,0,0,0,0,0,0,0,,0,义乌市於郝电子商务商行（个体工商户）,商家向消费者小额打款-“其他”
2026-04-22 14:45:46,'2026042214453803219011020793,出账,2,聚合账户,小额打款,,'6925727634459098322,'6925727634459098322,,,,,,,普通订单,0,0,0,0,0,0,0,0,0,0,0,0,0,0,0,0,0,0,0,,0,义乌市於郝电子商务商行（个体工商户）,商家向消费者小额打款-“其他”
2026-04-22 14:46:27,'2026042214462010956519030793,出账,1,聚合账户,小额打款,,'6952084745060030003,'6952084745060030003,,,,,,,普通订单,0,0,0,0,0,0,0,0,0,0,0,0,0,0,0,0,0,0,0,,0,义乌市於郝电子商务商行（个体工商户）,商家向消费者小额打款-“其他”
2026-04-22 15:06:20,'2026042215061113761257150793,入账,1.89,聚合账户,货款结算入账,小店自卖,'6952154203986400694,'6952154203986400694,'SS76304416105904584190193,2026-04-17 08:23:12,'3808855327718375885,复古豹纹波点褶皱高马尾香蕉夹小号后脑勺竖夹韩系显发量发夹,,,普通订单,0.01,0,0,1.98,0,0,0,0,0,0,0,0,-0.1,0,0,0,0,0,0,,0,义乌市於郝电子商务商行（个体工商户）,订单结算
2026-04-22 15:06:20,'2026042215061120102356540793,入账,2.72,聚合账户,货款结算入账,巨量千川,'6925530504321859507,'6925530504321859507,'SS76302660248563266650231,2026-04-11 23:31:40,'3808515754769383695,2026新款高级牡丹花流苏抓夹毛毛发夹后脑勺显发量大号鲨鱼夹头饰,,,普通订单,0.01,0,0,2.85,0,0,0,0,0,0,0,0,-0.14,0,0,0,0,0,0,,0,义乌市於郝电子商务商行（个体工商户）,订单结算
2026-04-22 15:06:20,'2026042215061411379187560793,入账,3.21,聚合账户,货款结算入账,小店自卖,'6925523147190205453,'6925523147190205453,'SS76303550702151278590224,2026-04-11 21:24:14,'3808652120098471943,满天星抓夹女质感中号鲨鱼夹半扎发抓夹高级气质发夹繁星镶钻发饰,,,普通订单,0.78,0,0,2.6,0,0,0,0,0,0,0,0,-0.17,0,0,0,0,0,0,否,0,义乌市於郝电子商务商行（个体工商户）,订单结算
2026-04-22 15:06:20,'2026042215061405376248380793,入账,2.41,聚合账户,货款结算入账,小店自卖,'6951986016361649324,'6951986016361649324,'SS76302704608655611310004,2026-04-11 21:39:17,'3811282248515322341,可爱小黄鸡小猪发圈学生风萌系扎发神器黑色发绳扎头发皮筋卖头饰,,,普通订单,0.01,0,0,2.53,0,0,0,0,0,0,0,0,-0.13,0,0,0,0,0,0,,0,义乌市於郝电子商务商行（个体工商户）,订单结算
2026-04-22 15:06:20,'2026042215061435987461530793,入账,3.23,聚合账户,货款结算入账,小店自卖,'6925605285352996049,'6925605285352996049,'SS76303649006249784740066,2026-04-14 16:11:23,'3811294538555850878,韩系复古大肠蕾丝发圈波点新款高级四层头发丸子马尾高级头绳发饰,,,普通订单,0.4,0,0,3,0,0,0,0,0,0,0,0,-0.17,0,0,0,0,0,0,,0,义乌市於郝电子商务商行（个体工商户）,订单结算
2026-04-22 15:06:20,'2026042215060700175313980793,入账,2.83,聚合账户,货款结算入账,小店自卖,'6952110759206655956,'6952110759206655956,'SS76302884206037284180217,2026-04-16 14:18:05,'3809014413466402928,大肠圈蝴蝶头花带新款波点飘带大肠发圈高级感扎头发皮筋发饰发绳,,,普通订单,0.01,0,0,2.97,0,0,0,0,0,0,0,0,-0.15,0,0,0,0,0,0,,0,义乌市於郝电子商务商行（个体工商户）,订单结算
2026-04-22 15:06:20,'2026042215061124631424540793,入账,6.17,聚合账户,货款结算入账,小店自卖,'6952078992768898059,'6952078992768898059,'SS76303687324179996220071,2026-04-14 18:07:17,'3808509441058406492,新款扭扭麻花发箍女简约高颅顶带齿防滑洗脸头箍发卡高级感民族风,,,普通订单,1.49,0,0,5,0,0,0,0,0,0,0,0,-0.32,0,0,0,0,0,0,,0,义乌市於郝电子商务商行（个体工商户）,订单结算
2026-04-22 15:06:20,'2026042215061321737802300793,入账,3.26,聚合账户,货款结算入账,巨量千川,'6951983885692769392,'6951983885692769392,'SS76302662994441999880122,2026-04-11 22:27:46,'3808518913650721160,新款高级牡丹花流苏抓夹毛毛发夹后脑勺显发量大号鲨鱼头饰发夹,,,普通订单,0.43,0,0,3,0,0,0,0,0,0,0,0,-0.17,0,0,0,0,0,0,,0,义乌市於郝电子商务商行（个体工商户）,订单结算
2026-04-22 15:06:20,'2026042215061219233180520793,入账,3.38,聚合账户,货款结算入账,小店自卖,'6951986247075239341,'6951986247075239341,'SS76302690949861547930164,2026-04-11 23:35:16,'3808826072573804729,迷你小号无痕鸭嘴夹抓夹小夹子精致蝴蝶结碎发夹刘海夹高级感发卡,,,普通订单,2.5,0,0,1.06,0,0,0,0,0,0,0,0,-0.18,0,0,0,0,0,0,,0,义乌市於郝电子商务商行（个体工商户）,订单结算
2026-04-22 15:06:20,'2026042215061412081073180793,入账,2.51,聚合账户,货款结算入账,小店自卖,'6925518415363538326,'6925518415363538326,'SS76302879535410716250018,2026-04-11 18:18:32,'3811282248515322341,可爱小黄鸡小猪发圈学生风萌系扎发神器黑色发绳扎头发皮筋卖头饰,,,普通订单,0.64,0,0,2,0,0,0,0,0,0,0,0,-0.13,0,0,0,0,0,0,否,0,义乌市於郝电子商务商行（个体工商户）,订单结算
2026-04-22 15:06:20,'2026042215061209279411560793,入账,2.72,聚合账户,货款结算入账,小店自卖,'6925424194198731891,'6925424194198731891,'SS76303888547564467350094,2026-04-07 16:42:13,'3808518913650721160,新款高级牡丹花流苏抓夹毛毛发夹后脑勺显发量大号鲨鱼头饰发夹,,,普通订单,0.01,0,0,2.85,0,0,0,0,0,0,0,0,-0.14,0,0,0,0,0,0,,0,义乌市於郝电子商务商行（个体工商户）,订单结算
2026-04-22 15:06:20,'2026042215061410448904090793,入账,1.89,聚合账户,货款结算入账,小店自卖,'6925553286875282970,'6925553286875282970,'SS76303711880023782910184,2026-04-12 15:17:55,'3808855327718375885,复古豹纹褶皱中号香蕉夹高级感马尾扭扭夹后脑勺韩系显发量发卡,,,普通订单,0.01,0,0,1.98,0,0,0,0,0,0,0,0,-0.1,0,0,0,0,0,0,否,0,义乌市於郝电子商务商行（个体工商户）,订单结算
2026-04-22 15:06:20,'2026042215061227916252220793,入账,1.14,聚合账户,货款结算入账,小店自卖,'6952117904329807315,'6952117904329741779,'SS76302496055880914270203,2026-04-16 17:28:25,'3809438133272051839,韩版新款格纹蝴蝶结香蕉夹复古少女中号马尾夹百搭扭扭发卡抓夹,,,普通订单,0.05,0,0,1.15,0,0,0,0,0,0,0,0,-0.06,0,0,0,0,0,0,,0,义乌市於郝电子商务商行（个体工商户）,订单结算
2026-04-22 15:06:21,'2026042215061415573650440793,入账,3.74,聚合账户,货款结算入账,巨量千川,'6952011462056416861,'6952011462056416861,'SS76301311136626777950154,2026-04-12 14:55:33,'3809602909876912378,2026韩系格子方巾大肠发圈高级慵懒风发绳扎方形头发头绳大号发饰,,,普通订单,0.01,0,0,3.93,0,0,0,0,0,0,0,0,-0.2,0,0,0,0,0,0,否,0,义乌市於郝电子商务商行（个体工商户）,订单结算
2026-04-22 15:06:21,'2026042215061311666726550793,入账,3.23,聚合账户,货款结算入账,小店自卖,'6952045294497633676,'6952045294497633676,'SS76302992831834524430214,2026-04-14 05:41:39,'3808518913650721160,新款高级牡丹花流苏抓夹毛毛发夹后脑勺显发量大号鲨鱼头饰发夹,,,普通订单,3.1,0,0,0.3,0,0,0,0,0,0,0,0,-0.17,0,0,0,0,0,0,,0,义乌市於郝电子商务商行（个体工商户）,订单结算
2026-04-22 15:06:21,'2026042215061432699397660793,入账,2.83,聚合账户,货款结算入账,巨量千川,'6952134385439676078,'6952134385439676078,'SS76303974172843384820228,2026-04-17 09:13:23,'3811116864172589149,森系干枯山茶花朵7cm小抓夹百搭气质发夹女后脑勺超仙鲨鱼夹发饰,,,普通订单,0.01,0,0,2.97,0,0,0,0,0,0,0,0,-0.15,0,0,0,0,0,0,,0,义乌市於郝电子商务商行（个体工商户）,订单结算
2026-04-22 15:06:21,'2026042215061419422787190793,入账,3.26,聚合账户,货款结算入账,小店自卖,'6925519315553909790,'6925519315553909790,'SS76302663155093878110067,2026-04-12 01:06:24,'3808518913650721160,新款高级牡丹花流苏抓夹毛毛发夹后脑勺显发量大号鲨鱼头饰发夹,,,普通订单,0.01,0,0,3.42,0,0,0,0,0,0,0,0,-0.17,0,0,0,0,0,0,,0,义乌市於郝电子商务商行（个体工商户）,订单结算
2026-04-22 15:06:21,'2026042215061203621360640793,入账,2.28,聚合账户,货款结算入账,小店自卖,'6952003986998302405,'6952003986998302405,'SS76302679569955394910167,2026-04-12 07:04:00,'3809214874429555055,【LOVEIXCC】新款法式网红发箍发卡宽边复古秋冬头饰百搭高级盘发器,,,普通订单,0.01,0,0,2.39,0,0,0,0,0,0,0,0,-0.12,0,0,0,0,0,0,,0,义乌市於郝电子商务商行（个体工商户）,订单结算
2026-04-22 15:06:21,'2026042215061220685785790793,入账,2.28,聚合账户,货款结算入账,小店自卖,'6925513907185876144,'6925513907185876144,'SS76302676713393853780036,2026-04-11 13:43:45,'3809214874429555055,【LOVEIXCC】新款法式网红发箍发卡宽边复古秋冬头饰百搭高级盘发器,,,普通订单,0.01,0,0,2.39,0,0,0,0,0,0,0,0,-0.12,0,0,0,0,0,0,,0,义乌市於郝电子商务商行（个体工商户）,订单结算
2026-04-22 15:06:21,'2026042215061538130982820793,入账,3.32,聚合账户,货款结算入账,巨量千川,'6925534393998212132,'6925534393998212132,'SS76302658797802951780239,2026-04-11 22:40:55,'3808518913650721160,新款高级牡丹花流苏抓夹毛毛发夹后脑勺显发量大号鲨鱼头饰发夹,,,普通订单,2.45,0,0,1.05,0,0,0,0,0,0,0,0,-0.18,0,0,0,0,0,0,,0,义乌市於郝电子商务商行（个体工商户）,订单结算
2026-04-22 15:06:21,'2026042215061431629647720793,入账,5.68,聚合账户,货款结算入账,小店自卖,'6925515165402889936,'6925515165402889936,'SS76303890164076098750097,2026-04-11 22:42:39,'3811282248515322341,可爱小黄鸡小猪发圈学生风萌系扎发神器黑色发绳扎头发皮筋卖头饰,,,普通订单,1.98,0,0,4,0,0,0,0,0,0,0,0,-0.3,0,0,0,0,0,0,,0,义乌市於郝电子商务商行（个体工商户）,订单结算
2026-04-22 15:06:21,'2026042215061420683983780793,入账,3.32,聚合账户,货款结算入账,小店自卖,'6925636048498753239,'6925636048498753239,'SS76303242095662866020177,2026-04-16 04:28:41,'3808518913650721160,新款高级牡丹花流苏抓夹毛毛发夹后脑勺显发量大号鲨鱼头饰发夹,,,普通订单,0.5,0,0,3,0,0,0,0,0,0,0,0,-0.18,0,0,0,0,0,0,,0,义乌市於郝电子商务商行（个体工商户）,订单结算
2026-04-22 15:06:21,'2026042215061307095421850793,入账,1.89,聚合账户,货款结算入账,小店自卖,'6951998628543076306,'6951998628543076306,'SS76302639466035778830014,2026-04-11 18:57:13,'3808855327718375885,复古豹纹褶皱中号香蕉夹高级感马尾扭扭夹后脑勺韩系显发量发卡,,,普通订单,0.01,0,0,1.98,0,0,0,0,0,0,0,0,-0.1,0,0,0,0,0,0,否,0,义乌市於郝电子商务商行（个体工商户）,订单结算
2026-04-22 15:06:21,'2026042215061314083405210793,入账,1.89,聚合账户,货款结算入账,巨量千川,'6925550920188591664,'6925550920188591664,'SS76303705867950331420103,2026-04-12 15:08:33,'3808855327718375885,复古豹纹褶皱中号香蕉夹高级感马尾扭扭夹后脑勺韩系显发量发卡,,,普通订单,0.01,0,0,1.98,0,0,0,0,0,0,0,0,-0.1,0,0,0,0,0,0,否,0,义乌市於郝电子商务商行（个体工商户）,订单结算
2026-04-22 15:12:18,'2026042215120918502781710793,入账,3.89,聚合账户,货款结算入账,小店自卖,'6925628680527642200,'6925628680527642200,'SS76303158022059136150091,2026-04-15 15:31:04,'3808855327718375885,复古豹纹波点褶皱高马尾香蕉夹小号后脑勺竖夹韩系显发量发夹,,,普通订单,2.09,0,0,2,0,0,0,0,0,0,0,0,-0.2,0,0,0,0,0,0,否,0,义乌市於郝电子商务商行（个体工商户）,订单结算
2026-04-22 15:12:19,'2026042215120905620861540793,入账,2.74,聚合账户,货款结算入账,巨量千川,'6925602185498426533,'6925602185498426533,'SS76303408828179254270242,2026-04-15 11:11:32,'3811116864172589149,森系干枯山茶花朵7cm小抓夹百搭气质发夹女后脑勺超仙鲨鱼夹发饰,,,普通订单,0.01,0,0,2.87,0,0,0,0,0,0,0,0,-0.14,0,0,0,0,0,0,,0,义乌市於郝电子商务商行（个体工商户）,订单结算
2026-04-22 15:12:19,'2026042215121007776832270793,入账,1.88,聚合账户,货款结算入账,小店自卖,'6925612337050975702,'6925612337050910166,'SS76304729279678881380038,2026-04-15 08:48:03,'3812210500259938495,可爱蝴蝶结小猫无痕刘海贴魔术贴发饰少女前额侧边碎发贴整理神器,,,普通订单,0.48,0,0,1.5,0,0,0,0,0,0,0,0,-0.1,0,0,0,0,0,0,,0,义乌市於郝电子商务商行（个体工商户）,订单结算
2026-04-22 15:12:19,'2026042215120608063557500793,入账,3.19,聚合账户,货款结算入账,小店自卖,'6925626256498130282,'6925626256498130282,'SS76304268521627983860027,2026-04-15 14:32:25,'3808855327718375885,复古豹纹波点褶皱高马尾香蕉夹小号后脑勺竖夹韩系显发量发夹,,,普通订单,0.01,0,0,3.35,0,0,0,0,0,0,0,0,-0.17,0,0,0,0,0,0,否,0,义乌市於郝电子商务商行（个体工商户）,订单结算
2026-04-22 15:12:19,'2026042215121017419351550793,入账,3.52,聚合账户,货款结算入账,小店自卖,'6925662289799904410,'6925662289799904410,'SS76304129785882875260050,2026-04-17 12:26:32,'3809428123817214415,豹纹镂空云朵抓夹女高级感2026新款秋冬发量大后脑勺鲨鱼夹子发饰,,,普通订单,0.5,0,0,3.21,0,0,0,0,0,0,0,0,-0.19,0,0,0,0,0,0,,0,义乌市於郝电子商务商行（个体工商户）,订单结算
2026-04-22 15:12:58,'2026042215124725139945150793,入账,2.91,聚合账户,货款结算入账,小店自卖,'6925523256855592866,'6925523256855592866,'SS76302659583265344500028,2026-04-11 21:48:30,'3808515754769383695,2026新款高级牡丹花流苏抓夹毛毛发夹后脑勺显发量大号鲨鱼夹头饰,,,普通订单,2.15,0,0,0.91,0,0,0,0,0,0,0,0,-0.15,0,0,0,0,0,0,,0,义乌市於郝电子商务商行（个体工商户）,订单结算
2026-04-22 15:16:36,'2026042215162626887501140793,出账,2,聚合账户,小额打款,,'6925615462169017576,'6925615462169017576,,,,,,,普通订单,0,0,0,0,0,0,0,0,0,0,0,0,0,0,0,0,0,0,0,,0,义乌市於郝电子商务商行（个体工商户）,商家向消费者小额打款-“其他”
2026-04-22 15:16:56,'2026042215164412383401360793,出账,1,聚合账户,小额打款,,'6952200755711186760,'6952200755711186760,,,,,,,普通订单,0,0,0,0,0,0,0,0,0,0,0,0,0,0,0,0,0,0,0,,0,义乌市於郝电子商务商行（个体工商户）,商家向消费者小额打款-“其他”
2026-04-22 15:20:06,'2026042215195708738616380793,入账,5.68,聚合账户,货款结算入账,小店自卖,'6951998359955183454,'6951998359955183454,'SS76303889707615851620208,2026-04-11 15:07:56,'3811282248515322341,可爱小黄鸡小猪发圈学生风萌系扎发神器黑色发绳扎头发皮筋卖头饰,,,普通订单,0.01,0,0,5.97,0,0,0,0,0,0,0,0,-0.3,0,0,0,0,0,0,,0,义乌市於郝电子商务商行（个体工商户）,订单结算
2026-04-22 15:24:20,'2026042215240901645819400793,入账,5.68,聚合账户,货款结算入账,小店自卖,'6925411472703913042,'6925411472703913042,'SS76302990197930237950209,2026-04-07 00:50:01,'3811282248515322341,可爱小黄鸡小猪发圈学生风萌系扎发神器黑色发绳扎头发皮筋卖头饰,,,普通订单,0.01,0,0,5.97,0,0,0,0,0,0,0,0,-0.3,0,0,0,0,0,0,,0,义乌市於郝电子商务商行（个体工商户）,订单结算
2026-04-22 15:25:37,'2026042215252518759521660793,入账,1.89,聚合账户,货款结算入账,巨量千川,'6925534347638504586,'6925534347638504586,'SS76301481219730803580222,2026-04-11 22:32:16,'3808855327718375885,复古豹纹褶皱中号香蕉夹高级感马尾扭扭夹后脑勺韩系显发量发卡,,,普通订单,0.01,0,0,1.98,0,0,0,0,0,0,0,0,-0.1,0,0,0,0,0,0,否,0,义乌市於郝电子商务商行（个体工商户）,订单结算
2026-04-22 15:27:09,'2026042215270029991122280793,入账,1.89,聚合账户,货款结算入账,小店自卖,'6925524284734536877,'6925524284734536877,'SS76303711412192873370104,2026-04-12 10:50:48,'3812736213081784671,韩系ins风高马尾香蕉夹竖夹女2026新款高级感发夹简约复古发饰,,,普通订单,0.01,0,0,1.98,0,0,0,0,0,0,0,0,-0.1,0,0,0,0,0,0,否,0,义乌市於郝电子商务商行（个体工商户）,订单结算
2026-04-22 15:37:04,'2026042215365204070444030793,出账,2,聚合账户,小额打款,,'6925631381368503779,'6925631381368503779,,,,,,,普通订单,0,0,0,0,0,0,0,0,0,0,0,0,0,0,0,0,0,0,0,,0,义乌市於郝电子商务商行（个体工商户）,商家向消费者小额打款-“其他”
2026-04-22 15:37:15,'2026042215370415150287770793,入账,1.61,聚合账户,货款结算入账,小店自卖,'6925499371917705098,'6925499371917705098,'SS76303803836045890990097,2026-04-10 19:24:07,'3808855327718375885,复古豹纹褶皱中号香蕉夹高级感马尾扭扭夹后脑勺韩系显发量发卡,,,普通订单,0.01,0,0,1.68,0,0,0,0,0,0,0,0,-0.08,0,0,0,0,0,0,,0,义乌市於郝电子商务商行（个体工商户）,订单结算
2026-04-22 16:09:29,'2026042216091600174164840793,出账,2,聚合账户,小额打款,,'6925683780313448217,'6925683780313448217,,,,,,,普通订单,0,0,0,0,0,0,0,0,0,0,0,0,0,0,0,0,0,0,0,,0,义乌市於郝电子商务商行（个体工商户）,商家向消费者小额打款-“其他”
2026-04-22 16:17:53,'2026042216173834234376100793,出账,2,聚合账户,小额打款,,'6952204919956968539,'6952204919956968539,,,,,,,普通订单,0,0,0,0,0,0,0,0,0,0,0,0,0,0,0,0,0,0,0,,0,义乌市於郝电子商务商行（个体工商户）,商家向消费者小额打款-“其他”
2026-04-22 16:30:44,'2026042216303213361974100793,出账,2,聚合账户,小额打款,,'6925723306283662540,'6925723306283662540,,,,,,,普通订单,0,0,0,0,0,0,0,0,0,0,0,0,0,0,0,0,0,0,0,,0,义乌市於郝电子商务商行（个体工商户）,商家向消费者小额打款-“其他”
2026-04-22 16:46:30,'2026042216462133766285070793,出账,2,聚合账户,小额打款,,'6925732488928328924,'6925732488928328924,,,,,,,普通订单,0,0,0,0,0,0,0,0,0,0,0,0,0,0,0,0,0,0,0,,0,义乌市於郝电子商务商行（个体工商户）,商家向消费者小额打款-“其他”
2026-04-22 16:50:31,'2026042216501800904443070793,出账,2,聚合账户,小额打款,,'6952131514176247255,'6952131514176247255,,,,,,,普通订单,0,0,0,0,0,0,0,0,0,0,0,0,0,0,0,0,0,0,0,,0,义乌市於郝电子商务商行（个体工商户）,商家向消费者小额打款-“其他”
2026-04-22 16:57:44,'2026042216573001432128190793,出账,2,聚合账户,小额打款,,'6952200833850872941,'6952200833850872941,,,,,,,普通订单,0,0,0,0,0,0,0,0,0,0,0,0,0,0,0,0,0,0,0,,0,义乌市於郝电子商务商行（个体工商户）,商家向消费者小额打款-“其他”
2026-04-22 17:09:46,'2026042217093409437192110793,出账,2,聚合账户,小额打款,,'6952156979547346863,'6952156979547346863,,,,,,,普通订单,0,0,0,0,0,0,0,0,0,0,0,0,0,0,0,0,0,0,0,,0,义乌市於郝电子商务商行（个体工商户）,商家向消费者小额打款-“其他”
2026-04-22 17:10:41,'2026042217102600220367460793,出账,2,聚合账户,小额打款,,'6952202371225032328,'6952202371225032328,,,,,,,普通订单,0,0,0,0,0,0,0,0,0,0,0,0,0,0,0,0,0,0,0,,0,义乌市於郝电子商务商行（个体工商户）,商家向消费者小额打款-“其他”
2026-04-22 17:17:49,'2026042217173710993180350793,出账,1,聚合账户,小额打款,,'6925452724693925376,'6925452724693925376,,,,,,,普通订单,0,0,0,0,0,0,0,0,0,0,0,0,0,0,0,0,0,0,0,,0,义乌市於郝电子商务商行（个体工商户）,商家向消费者小额打款-“其他”
2026-04-22 17:18:05,'2026042217175206046031790793,出账,2,聚合账户,小额打款,,'6952185787153716232,'6952185787153716232,,,,,,,普通订单,0,0,0,0,0,0,0,0,0,0,0,0,0,0,0,0,0,0,0,,0,义乌市於郝电子商务商行（个体工商户）,商家向消费者小额打款-“其他”
2026-04-22 17:23:00,'2026042217224710537907630793,出账,5500,聚合账户,提现,,,,,,,,,,普通订单,0,0,0,0,0,0,0,0,0,0,0,0,0,0,0,0,0,0,0,,0,义乌市於郝电子商务商行（个体工商户）,提现
2026-04-22 17:34:06,'2026042217335200090120190793,出账,2,聚合账户,小额打款,,'6925706034469437206,'6925706034469437206,,,,,,,普通订单,0,0,0,0,0,0,0,0,0,0,0,0,0,0,0,0,0,0,0,,0,义乌市於郝电子商务商行（个体工商户）,商家向消费者小额打款-“其他”
2026-04-22 17:44:59,'2026042217444900884782620793,出账,2,聚合账户,小额打款,,'6925666806691430037,'6925666806691430037,,,,,,,普通订单,0,0,0,0,0,0,0,0,0,0,0,0,0,0,0,0,0,0,0,,0,义乌市於郝电子商务商行（个体工商户）,商家向消费者小额打款-“其他”
2026-04-22 17:51:20,'2026042217510623166039140793,出账,2,聚合账户,小额打款,,'6925656150266183487,'6925656150266183487,,,,,,,普通订单,0,0,0,0,0,0,0,0,0,0,0,0,0,0,0,0,0,0,0,,0,义乌市於郝电子商务商行（个体工商户）,商家向消费者小额打款-“其他”
2026-04-22 18:01:11,'2026042218010108778063450793,出账,2,聚合账户,小额打款,,'6925476199435763627,'6925476199435763627,,,,,,,普通订单,0,0,0,0,0,0,0,0,0,0,0,0,0,0,0,0,0,0,0,,0,义乌市於郝电子商务商行（个体工商户）,商家向消费者小额打款-“其他”
2026-04-22 18:10:57,'2026042218104220902876660793,出账,2,聚合账户,小额打款,,'6925728117053489048,'6925728117053489048,,,,,,,普通订单,0,0,0,0,0,0,0,0,0,0,0,0,0,0,0,0,0,0,0,,0,义乌市於郝电子商务商行（个体工商户）,商家向消费者小额打款-“其他”
2026-04-22 18:11:14,'2026042218110201362703820793,出账,1,聚合账户,小额打款,,'6925732185432948109,'6925732185432948109,,,,,,,普通订单,0,0,0,0,0,0,0,0,0,0,0,0,0,0,0,0,0,0,0,,0,义乌市於郝电子商务商行（个体工商户）,商家向消费者小额打款-“其他”
2026-04-22 18:20:42,'2026042218202900887032730793,出账,2,聚合账户,小额打款,,'6952207675419333982,'6952207675419333982,,,,,,,普通订单,0,0,0,0,0,0,0,0,0,0,0,0,0,0,0,0,0,0,0,,0,义乌市於郝电子商务商行（个体工商户）,商家向消费者小额打款-“其他”
2026-04-22 18:32:22,'2026042218320926645143420793,出账,2,聚合账户,小额打款,,'6952191278811518486,'6952191278811518486,,,,,,,普通订单,0,0,0,0,0,0,0,0,0,0,0,0,0,0,0,0,0,0,0,,0,义乌市於郝电子商务商行（个体工商户）,商家向消费者小额打款-“其他”
2026-04-22 18:41:51,'2026042218413921828449370793,出账,2,聚合账户,小额打款,,'6925728051342638924,'6925728051342638924,,,,,,,普通订单,0,0,0,0,0,0,0,0,0,0,0,0,0,0,0,0,0,0,0,,0,义乌市於郝电子商务商行（个体工商户）,商家向消费者小额打款-“其他”
2026-04-22 18:42:02,'2026042218414918343408700793,出账,2,聚合账户,小额打款,,'6952227772698269471,'6952227772698269471,,,,,,,普通订单,0,0,0,0,0,0,0,0,0,0,0,0,0,0,0,0,0,0,0,,0,义乌市於郝电子商务商行（个体工商户）,商家向消费者小额打款-“其他”
2026-04-22 19:01:41,'2026042219012934903826010793,出账,2,聚合账户,小额打款,,'6952176799932158979,'6952176799932158979,,,,,,,普通订单,0,0,0,0,0,0,0,0,0,0,0,0,0,0,0,0,0,0,0,,0,义乌市於郝电子商务商行（个体工商户）,商家向消费者小额打款-“其他”
2026-04-22 19:17:24,'2026042219171125049011390793,出账,2,聚合账户,小额打款,,'6952214182191699060,'6952214182191699060,,,,,,,普通订单,0,0,0,0,0,0,0,0,0,0,0,0,0,0,0,0,0,0,0,,0,义乌市於郝电子商务商行（个体工商户）,商家向消费者小额打款-“其他”
2026-04-22 19:25:40,'2026042219252614105316250793,出账,2,聚合账户,小额打款,,'6925720330061578145,'6925720330061578145,,,,,,,普通订单,0,0,0,0,0,0,0,0,0,0,0,0,0,0,0,0,0,0,0,,0,义乌市於郝电子商务商行（个体工商户）,商家向消费者小额打款-“其他”
2026-04-22 19:30:33,'2026042219301810792798810793,出账,2,聚合账户,小额打款,,'6925711041483210321,'6925711041483210321,,,,,,,普通订单,0,0,0,0,0,0,0,0,0,0,0,0,0,0,0,0,0,0,0,,0,义乌市於郝电子商务商行（个体工商户）,商家向消费者小额打款-“其他”
2026-04-22 19:33:23,'2026042219331129867422980793,出账,2,聚合账户,小额打款,,'6925667593519725837,'6925667593519725837,,,,,,,普通订单,0,0,0,0,0,0,0,0,0,0,0,0,0,0,0,0,0,0,0,,0,义乌市於郝电子商务商行（个体工商户）,商家向消费者小额打款-“其他”
2026-04-22 19:37:15,'2026042219370105043696730793,出账,2,聚合账户,小额打款,,'6952191021115511957,'6952191021115511957,,,,,,,普通订单,0,0,0,0,0,0,0,0,0,0,0,0,0,0,0,0,0,0,0,,0,义乌市於郝电子商务商行（个体工商户）,商家向消费者小额打款-“其他”
2026-04-22 19:47:37,'2026042219472329578206780793,出账,300,聚合账户,,,,,,,,,,,普通订单,0,0,0,0,0,0,0,0,0,0,0,0,0,0,0,0,0,0,0,,0,义乌市於郝电子商务商行（个体工商户）,划扣电商货款充值巨量千川
2026-04-22 19:52:25,'2026042219521025012516180793,出账,2,聚合账户,小额打款,,'6925698654374493752,'6925698654374493752,,,,,,,普通订单,0,0,0,0,0,0,0,0,0,0,0,0,0,0,0,0,0,0,0,,0,义乌市於郝电子商务商行（个体工商户）,商家向消费者小额打款-“其他”
2026-04-22 20:05:34,'2026042220052816386831820793,出账,5,聚合账户,消费者赔付,,'6925725614322711705,'6925725614322711705,,,,,,,普通订单,0,0,0,0,0,0,0,0,0,0,0,0,0,0,0,0,0,0,0,,0,义乌市於郝电子商务商行（个体工商户）,因订单存在「揽收后48小时无分拨记录」问题，对消费者进行赔付
2026-04-22 20:05:36,'2026042220052900716518670793,出账,5,聚合账户,消费者赔付,,'6925721960523726384,'6925721960523726384,,,,,,,普通订单,0,0,0,0,0,0,0,0,0,0,0,0,0,0,0,0,0,0,0,,0,义乌市於郝电子商务商行（个体工商户）,因订单存在「揽收后48小时无分拨记录」问题，对消费者进行赔付
2026-04-22 20:05:37,'2026042220052803412014440793,出账,5,聚合账户,消费者赔付,,'6925727814322715884,'6925727814322715884,,,,,,,普通订单,0,0,0,0,0,0,0,0,0,0,0,0,0,0,0,0,0,0,0,,0,义乌市於郝电子商务商行（个体工商户）,因订单存在「揽收后48小时无分拨记录」问题，对消费者进行赔付
2026-04-22 20:05:38,'2026042220053008185124470793,出账,5,聚合账户,消费者赔付,,'6952215664354858725,'6952215664354858725,,,,,,,普通订单,0,0,0,0,0,0,0,0,0,0,0,0,0,0,0,0,0,0,0,,0,义乌市於郝电子商务商行（个体工商户）,因订单存在「揽收后48小时无分拨记录」问题，对消费者进行赔付
2026-04-22 20:05:39,'2026042220053304745303100793,出账,5,聚合账户,消费者赔付,,'6952206723128366815,'6952206723128366815,,,,,,,普通订单,0,0,0,0,0,0,0,0,0,0,0,0,0,0,0,0,0,0,0,,0,义乌市於郝电子商务商行（个体工商户）,因订单存在「揽收后48小时无分拨记录」问题，对消费者进行赔付
2026-04-22 20:05:39,'2026042220053109857108570793,出账,5,聚合账户,消费者赔付,,'6952213740562617609,'6952213740562617609,,,,,,,普通订单,0,0,0,0,0,0,0,0,0,0,0,0,0,0,0,0,0,0,0,,0,义乌市於郝电子商务商行（个体工商户）,因订单存在「揽收后48小时无分拨记录」问题，对消费者进行赔付
2026-04-22 20:05:46,'2026042220053631259202710793,出账,5,聚合账户,消费者赔付,,'6925716687613820236,'6925716687613820236,,,,,,,普通订单,0,0,0,0,0,0,0,0,0,0,0,0,0,0,0,0,0,0,0,,0,义乌市於郝电子商务商行（个体工商户）,因订单存在「揽收后48小时无分拨记录」问题，对消费者进行赔付
2026-04-22 20:05:46,'2026042220053935826240150793,出账,5,聚合账户,消费者赔付,,'6925720932269194870,'6925720932269194870,,,,,,,普通订单,0,0,0,0,0,0,0,0,0,0,0,0,0,0,0,0,0,0,0,,0,义乌市於郝电子商务商行（个体工商户）,因订单存在「揽收后48小时无分拨记录」问题，对消费者进行赔付
2026-04-22 20:08:23,'2026042220081105327101850793,出账,2,聚合账户,小额打款,,'6925705996811992656,'6925705996811992656,,,,,,,普通订单,0,0,0,0,0,0,0,0,0,0,0,0,0,0,0,0,0,0,0,,0,义乌市於郝电子商务商行（个体工商户）,商家向消费者小额打款-“其他”
2026-04-22 20:18:41,'2026042220182800989923990793,出账,2,聚合账户,小额打款,,'6952240608028333303,'6952240608028333303,,,,,,,普通订单,0,0,0,0,0,0,0,0,0,0,0,0,0,0,0,0,0,0,0,,0,义乌市於郝电子商务商行（个体工商户）,商家向消费者小额打款-“其他”
2026-04-22 20:22:42,'2026042220223015662167560793,出账,2,聚合账户,小额打款,,'6925670482064407646,'6925670482064407646,,,,,,,普通订单,0,0,0,0,0,0,0,0,0,0,0,0,0,0,0,0,0,0,0,,0,义乌市於郝电子商务商行（个体工商户）,商家向消费者小额打款-“其他”
2026-04-22 20:33:37,'2026042220332300948680100793,入账,0.05,聚合账户,退款-订单退款触发-退分账,小店自卖,'6951900683330262427,'6951900683330262427,'147454260123386190,2026-04-08 13:20:59,'3808855327718375885,复古豹纹褶皱中号香蕉夹高级感马尾扭扭夹后脑勺韩系显发量发卡,,,普通订单,0,0,0,0,0,0,0,0,0,0,0,0,0.05,0,0,0,0,0,0,,0,义乌市於郝电子商务商行（个体工商户）,服务费返还
2026-04-22 20:33:37,'2026042220332512081073070793,出账,1,聚合账户,退款-结算后退款-退用户,小店自卖,'6951900683330262427,'6951900683330262427,'147454260123386190,2026-04-08 13:20:59,'3808855327718375885,复古豹纹褶皱中号香蕉夹高级感马尾扭扭夹后脑勺韩系显发量发卡,,,普通订单,0,0,0,0,0,0,0,0,0,0,0,-1,0,0,0,0,0,0,0,,0,义乌市於郝电子商务商行（个体工商户）,已退款
2026-04-22 20:35:18,'2026042220351001751454990793,出账,2,聚合账户,小额打款,,'6925742885369052846,'6925742885369052846,,,,,,,普通订单,0,0,0,0,0,0,0,0,0,0,0,0,0,0,0,0,0,0,0,,0,义乌市於郝电子商务商行（个体工商户）,商家向消费者小额打款-“其他”
2026-04-22 20:37:51,'2026042220373816237535150793,出账,2,聚合账户,小额打款,,'6952222948498937432,'6952222948498937432,,,,,,,普通订单,0,0,0,0,0,0,0,0,0,0,0,0,0,0,0,0,0,0,0,,0,义乌市於郝电子商务商行（个体工商户）,商家向消费者小额打款-“其他”
2026-04-22 20:50:13,'2026042220500000256084670793,出账,1,聚合账户,小额打款,,'6952191604205688613,'6952191604205688613,,,,,,,普通订单,0,0,0,0,0,0,0,0,0,0,0,0,0,0,0,0,0,0,0,,0,义乌市於郝电子商务商行（个体工商户）,商家向消费者小额打款-“其他”
2026-04-22 20:52:18,'2026042220520401990336510793,出账,2,聚合账户,小额打款,,'6952123567986578900,'6952123567986578900,,,,,,,普通订单,0,0,0,0,0,0,0,0,0,0,0,0,0,0,0,0,0,0,0,,0,义乌市於郝电子商务商行（个体工商户）,商家向消费者小额打款-“其他”
2026-04-22 20:52:43,'2026042220522916454950810793,出账,2,聚合账户,小额打款,,'6925673272960188116,'6925673272960188116,,,,,,,普通订单,0,0,0,0,0,0,0,0,0,0,0,0,0,0,0,0,0,0,0,,0,义乌市於郝电子商务商行（个体工商户）,商家向消费者小额打款-“其他”
2026-04-22 20:56:22,'2026042220561141023247360793,出账,1,聚合账户,小额打款,,'6925394066220154263,'6925394066220154263,,,,,,,普通订单,0,0,0,0,0,0,0,0,0,0,0,0,0,0,0,0,0,0,0,,0,义乌市於郝电子商务商行（个体工商户）,商家向消费者小额打款-“其他”
2026-04-22 21:10:56,'2026042221104505390709950793,出账,2,聚合账户,小额打款,,'6952184287939990823,'6952184287939990823,,,,,,,普通订单,0,0,0,0,0,0,0,0,0,0,0,0,0,0,0,0,0,0,0,,0,义乌市於郝电子商务商行（个体工商户）,商家向消费者小额打款-“其他”
2026-04-22 21:41:23,'2026042221411033601664350793,出账,2,聚合账户,小额打款,,'6925517048796118972,'6925517048796118972,,,,,,,普通订单,0,0,0,0,0,0,0,0,0,0,0,0,0,0,0,0,0,0,0,,0,义乌市於郝电子商务商行（个体工商户）,商家向消费者小额打款-“其他”
2026-04-22 21:56:59,'2026042221564523796618760793,出账,2,聚合账户,小额打款,,'6925718878137253844,'6925718878137253844,,,,,,,普通订单,0,0,0,0,0,0,0,0,0,0,0,0,0,0,0,0,0,0,0,,0,义乌市於郝电子商务商行（个体工商户）,商家向消费者小额打款-“其他”
2026-04-22 21:58:44,'2026042221583100130911100793,出账,1,聚合账户,小额打款,,'6925731652350344231,'6925731652350344231,,,,,,,普通订单,0,0,0,0,0,0,0,0,0,0,0,0,0,0,0,0,0,0,0,,0,义乌市於郝电子商务商行（个体工商户）,商家向消费者小额打款-“其他”
2026-04-22 22:11:58,'2026042222114819085399580793,出账,2,聚合账户,小额打款,,'6925699952010165433,'6925699952010165433,,,,,,,普通订单,0,0,0,0,0,0,0,0,0,0,0,0,0,0,0,0,0,0,0,,0,义乌市於郝电子商务商行（个体工商户）,商家向消费者小额打款-“其他”
2026-04-22 22:14:48,'2026042222143918682680670793,出账,2,聚合账户,小额打款,,'6925370122998611319,'6925370122998611319,,,,,,,普通订单,0,0,0,0,0,0,0,0,0,0,0,0,0,0,0,0,0,0,0,,0,义乌市於郝电子商务商行（个体工商户）,商家向消费者小额打款-“其他”
2026-04-22 23:06:22,'2026042223061428036306010793,出账,2,聚合账户,小额打款,,'6952119937854215701,'6952119937854215701,,,,,,,普通订单,0,0,0,0,0,0,0,0,0,0,0,0,0,0,0,0,0,0,0,,0,义乌市於郝电子商务商行（个体工商户）,商家向消费者小额打款-“其他”
2026-04-22 23:13:49,'2026042223133512256053820793,出账,2,聚合账户,小额打款,,'6952044097949406766,'6952044097949406766,,,,,,,普通订单,0,0,0,0,0,0,0,0,0,0,0,0,0,0,0,0,0,0,0,,0,义乌市於郝电子商务商行（个体工商户）,商家向消费者小额打款-“其他”
