日志时间,自运行起秒,步骤耗时_ms,账号,页面,阶段,键/标签,动作,结果,是否成功
2026-04-25 07:00:07,0.691,691.49,甑维居家日用,globalAccountLoop,nav,goto,open_url,https://mms.pinduoduo.com/login/,是
2026-04-25 07:00:07,0.700,8.85,甑维居家日用,globalAccountLoop,account,switch,switchAccount,globalAccountLoop：锚点无需 UI 切店（如拼多多：店铺轮次由 pageIds 内登录与业务页完成）,是
2026-04-25 07:00:09,2.378,1677.87,甑维居家日用,pdd_login_switch,nav,goto,skip_same_url,https://mms.pinduoduo.com/login/,是
2026-04-25 07:00:10,3.816,1437.85,甑维居家日用,pdd_login_switch,interaction,pdd_login_tab_account,click,#root > div.pdd-app-skeleton > div > div > main > div > section.login-content > div > div > div > div.login-tab > div > div > div:nth-child(2),是
2026-04-25 07:00:11,4.496,680.34,甑维居家日用,pdd_login_switch,interaction,pdd_input_username_current_account,input,#usernameId <- account_username,是
2026-04-25 07:00:12,5.096,599.64,甑维居家日用,pdd_login_switch,interaction,pdd_click_login_submit,click,#root > div.pdd-app-skeleton > div > div > main > div > section.login-content > div > div > div > div.password-section > section > div > div > button,是
2026-04-25 07:00:16,9.524,4427.68,甑维居家日用,pdd_aftersale_export,nav,goto,open_url,https://mms.pinduoduo.com/print/after-sale-list,是
2026-04-25 07:00:23,16.759,7234.92,甑维居家日用,pdd_aftersale_export,interaction,pdd_close_print_ad_modal,click,div[class*='MmsUiPosterModal___closeIcon'],是
2026-04-25 07:00:25,18.216,1457.57,甑维居家日用,pdd_aftersale_export,interaction,pdd_aftersale_time_type,selectFilter,已选择「售后申请时间」（候选: 售后申请时间）,是
2026-04-25 07:00:26,18.872,655.66,甑维居家日用,pdd_aftersale_export,interaction,pdd_aftersale_query,click,button:has-text('查询'),是
2026-04-25 07:00:27,20.328,1456.55,甑维居家日用,pdd_aftersale_export,interaction,pdd_aftersale_open_download_menu,click,button:has-text('下载数据'),是
2026-04-25 07:00:29,22.477,2148.19,甑维居家日用,pdd_aftersale_export,interaction,export_pdd_aftersale_query_orders,click+download,D:\Program Files (x86)\fff2_dianshang\output\拼多多数据提取_20260425_070006_5a34765b\downloads\拼多多数据提取_1_2026-04-24\甑维居家日用_售后单_raw_2026-04-24.xlsx,是
2026-04-25 07:00:32,25.397,2920.40,甑维居家日用,pdd_trade_data_operation,nav,goto,open_url,https://mms.pinduoduo.com/sycm/stores_data/operation?dateFlag=0,是
2026-04-25 07:00:40,33.061,7664.10,甑维居家日用,pdd_trade_data_operation,interaction,pdd_trade_scroll_to_bottom_before_page_size,scroll,window:end,是
2026-04-25 07:03:14,187.781,154719.63,甑维居家日用,pdd_trade_data_operation,interaction,pdd_trade_table_page_size_open,click,"Locator.wait_for: Timeout 22000ms exceeded.
Call log:
  - waiting for locator(""#mf-mms-sycm-container span:has-text('10 条')"").first to be visible
",否
2026-04-25 07:05:49,342.005,154224.60,甑维居家日用,pdd_trade_data_operation,interaction,pdd_trade_table_page_size_50,click,"Locator.wait_for: Timeout 22000ms exceeded.
Call log:
  - waiting for locator(""*:has-text('50 条/页')"").first to be visible
",否
2026-04-25 07:06:28,380.841,38836.00,甑维居家日用,pdd_trade_data_operation,field,成交金额,extract:tableColumnAgg,17.80  ← tableColumnAgg:#mf-mms-sycm-container > div > div > div > div:nth-child(5) > div.TB_outerWrapper_5-158-0.TB_bordered_5-158-0.TB_notTree#col1 n=2 p=1 sum,是
2026-04-25 07:07:04,417.138,36296.37,甑维居家日用,pdd_trade_data_operation,field,成交订单数,extract:tableColumnAgg,2  ← tableColumnAgg:#mf-mms-sycm-container > div > div > div > div:nth-child(5) > div.TB_outerWrapper_5-158-0.TB_bordered_5-158-0.TB_notTree#col2 n=2 p=1 sum,是
2026-04-25 07:07:40,453.393,36255.44,甑维居家日用,pdd_trade_data_operation,field,成交买家数,extract:tableColumnAgg,2.00  ← tableColumnAgg:#mf-mms-sycm-container > div > div > div > div:nth-child(5) > div.TB_outerWrapper_5-158-0.TB_bordered_5-158-0.TB_notTree#col3 n=2 p=1 sum,是
2026-04-25 07:07:40,453.635,242.14,甑维居家日用,pdd_trade_data_operation,field,客单价,extract:computedDivide,8.90  ← computedDivide:pdd_trade_amount/pdd_trade_buyer_count,是
2026-04-25 07:07:41,453.918,282.98,甑维居家日用,pdd_promotion_overview,nav,goto,open_url,https://yingxiao.pinduoduo.com/goods/report/promotion/overView?beginDate=2026-04-24&endDate=2026-04-24&msfrom=mms_sidenav,是
2026-04-25 07:08:09,481.906,27987.71,甑维居家日用,pdd_promotion_overview,interaction,pdd_overview_switch_to_table,click,"Locator.wait_for: Timeout 8000ms exceeded.
Call log:
  - waiting for locator(""div[class*='ReportOverview_wrap'] label:has-text('表格')"").first to be visible
",否
2026-04-25 07:08:24,497.045,15139.23,甑维居家日用,pdd_promotion_overview,interaction,pdd_overview_uncheck_compare_time,click,"Locator.wait_for: Timeout 5000ms exceeded.
Call log:
  - waiting for locator(""#page-container label:has-text('对比时间') .anq-checkbox-input"").first to be visible
",否
2026-04-25 07:09:02,535.784,38738.91,甑维居家日用,pdd_promotion_overview,field,成本花费(元),extract:tableTotalByHeader,"skipIfEmpty=true，空值已跳过：表格未可见（已试 3 个选择器）: Locator.wait_for: Timeout 12000ms exceeded.
Call log:
  - waiting for locator(""#page-container div.anq-table-wrapper table"").first to be visible
",是
2026-04-25 07:09:39,571.990,36205.87,甑维居家日用,pdd_promotion_overview,field,净实际投产比,extract:tableTotalByHeader,"skipIfEmpty=true，空值已跳过：表格未可见（已试 3 个选择器）: Locator.wait_for: Timeout 12000ms exceeded.
Call log:
  - waiting for locator(""#page-container div.anq-table-wrapper table"").first to be visible
",是
2026-04-25 07:10:15,608.171,36180.90,甑维居家日用,pdd_promotion_overview,field,每笔净成交花费(元),extract:tableTotalByHeader,"skipIfEmpty=true，空值已跳过：表格未可见（已试 3 个选择器）: Locator.wait_for: Timeout 12000ms exceeded.
Call log:
  - waiting for locator(""#page-container div.anq-table-wrapper table"").first to be visible
",是
2026-04-25 07:10:15,608.383,211.61,甑维居家日用,pdd_cashier_bills_reconcile,nav,goto,open_url,https://mms.pinduoduo.com/cashier/finance/payment-bills,是
2026-04-25 07:10:34,627.163,18780.68,甑维居家日用,pdd_cashier_bills_reconcile,interaction,pdd_cashier_open_time_filter,click,"Locator.wait_for: Timeout 15000ms exceeded.
Call log:
  - waiting for locator(""//*[@id='root']/div/div[2]/div/div[1]/div/div[3]/div/div[2]/div[2]/div/div[1]/div/div/div[1]/div/div/div/div/div/div[1]/input"").first to be visible
",否
2026-04-25 07:11:10,663.344,36180.91,甑维居家日用,pdd_cashier_bills_reconcile,interaction,pdd_cashier_quick_yesterday,click,"Locator.wait_for: Timeout 12000ms exceeded.
Call log:
  - waiting for locator(""button:has-text('昨天')"").first to be visible
",否
2026-04-25 07:11:46,699.510,36166.23,甑维居家日用,pdd_cashier_bills_reconcile,interaction,pdd_cashier_expand_advanced,click,"Locator.wait_for: Timeout 12000ms exceeded.
Call log:
  - waiting for locator(""div[class*='btn-group'] a:has-text('展开高级选项')"").first to be visible
",否
2026-04-25 07:12:06,719.655,20145.10,甑维居家日用,pdd_cashier_bills_reconcile,interaction,pdd_cashier_acct_type_技术服务费,click,"Locator.wait_for: Timeout 10000ms exceeded.
Call log:
  - waiting for locator(""xpath=(//div[contains(@class,'Container_container')]//div[contains(@class,'TAB_outerWrapper')]//div[contains(@class,'TAB_content')]/div/div[1]/div//*[contains(@class,'CBX_outerWrapper')][.//*[contains(@class,'CBX_textWrapper')][normalize-space()='技术服务费']])[1]"").first to be visible
",否
2026-04-25 07:12:26,739.822,20166.72,甑维居家日用,pdd_cashier_bills_reconcile,interaction,pdd_cashier_acct_type_多多进宝,click,"Locator.wait_for: Timeout 10000ms exceeded.
Call log:
  - waiting for locator(""xpath=(//div[contains(@class,'Container_container')]//div[contains(@class,'TAB_outerWrapper')]//div[contains(@class,'TAB_content')]/div/div[1]/div//*[contains(@class,'CBX_outerWrapper')][.//*[contains(@class,'CBX_textWrapper')][normalize-space()='多多进宝']])[1]"").first to be visible
",否
2026-04-25 07:12:47,759.983,20160.93,甑维居家日用,pdd_cashier_bills_reconcile,interaction,pdd_cashier_acct_type_扣款,click,"Locator.wait_for: Timeout 10000ms exceeded.
Call log:
  - waiting for locator(""xpath=(//div[contains(@class,'Container_container')]//div[contains(@class,'TAB_outerWrapper')]//div[contains(@class,'TAB_content')]/div/div[1]/div//*[contains(@class,'CBX_outerWrapper')][.//*[contains(@class,'CBX_textWrapper')][normalize-space()='扣款']])[1]"").first to be visible
",否
2026-04-25 07:13:07,780.146,20162.64,甑维居家日用,pdd_cashier_bills_reconcile,interaction,pdd_cashier_acct_type_其他服务,click,"Locator.wait_for: Timeout 10000ms exceeded.
Call log:
  - waiting for locator(""xpath=(//div[contains(@class,'Container_container')]//div[contains(@class,'TAB_outerWrapper')]//div[contains(@class,'TAB_content')]/div/div[1]/div//*[contains(@class,'CBX_outerWrapper')][.//*[contains(@class,'CBX_textWrapper')][normalize-space()='其他服务']])[1]"").first to be visible
",否
2026-04-25 07:13:27,800.289,20143.64,甑维居家日用,pdd_cashier_bills_reconcile,interaction,pdd_cashier_acct_type_其他,click,"Locator.wait_for: Timeout 10000ms exceeded.
Call log:
  - waiting for locator(""xpath=(//div[contains(@class,'Container_container')]//div[contains(@class,'TAB_outerWrapper')]//div[contains(@class,'TAB_content')]/div/div[1]/div//*[contains(@class,'CBX_outerWrapper')][.//*[contains(@class,'CBX_textWrapper')][normalize-space()='其他']])[1]"").first to be visible
",否
2026-04-25 07:13:47,820.430,20141.07,甑维居家日用,pdd_cashier_bills_reconcile,interaction,pdd_cashier_acct_type_分账,click,"Locator.wait_for: Timeout 10000ms exceeded.
Call log:
  - waiting for locator(""xpath=(//div[contains(@class,'Container_container')]//div[contains(@class,'TAB_outerWrapper')]//div[contains(@class,'TAB_content')]/div/div[1]/div//*[contains(@class,'CBX_outerWrapper')][.//*[contains(@class,'CBX_textWrapper')][normalize-space()='分账']])[1]"").first to be visible
",否
2026-04-25 07:14:07,840.576,20145.19,甑维居家日用,pdd_cashier_bills_reconcile,interaction,pdd_cashier_acct_type_服务消费,click,"Locator.wait_for: Timeout 10000ms exceeded.
Call log:
  - waiting for locator(""xpath=(//div[contains(@class,'Container_container')]//div[contains(@class,'TAB_outerWrapper')]//div[contains(@class,'TAB_content')]/div/div[1]/div//*[contains(@class,'CBX_outerWrapper')][.//*[contains(@class,'CBX_textWrapper')][normalize-space()='服务消费']])[1]"").first to be visible
",否
2026-04-25 07:14:52,885.745,45169.54,甑维居家日用,pdd_cashier_bills_reconcile,interaction,pdd_cashier_query,click,"Locator.wait_for: Timeout 15000ms exceeded.
Call log:
  - waiting for locator(""button:has-text('查询')"").first to be visible
",否
2026-04-25 07:16:08,961.095,75350.23,甑维居家日用,pdd_cashier_bills_reconcile,interaction,export_pdd_cashier_balance,click+download,"Locator.click: Timeout 7500ms exceeded.
Call log:
  - waiting for locator(""button:has-text('导出')"").first
",否
2026-04-25 07:16:11,963.979,2883.50,根少家的小铺83,globalAccountLoop,nav,goto,open_url,https://mms.pinduoduo.com/login/,是
2026-04-25 07:16:11,963.981,2.49,根少家的小铺83,globalAccountLoop,account,switch,switchAccount,globalAccountLoop：锚点无需 UI 切店（如拼多多：店铺轮次由 pageIds 内登录与业务页完成）,是
2026-04-25 07:16:11,964.480,498.14,根少家的小铺83,pdd_login_switch,nav,goto,skip_same_url,https://mms.pinduoduo.com/login/,是
2026-04-25 07:16:13,965.890,1410.29,根少家的小铺83,pdd_login_switch,interaction,pdd_login_tab_account,click,#root > div.pdd-app-skeleton > div > div > main > div > section.login-content > div > div > div > div.login-tab > div > div > div:nth-child(2),是
2026-04-25 07:16:13,966.558,668.02,根少家的小铺83,pdd_login_switch,interaction,pdd_input_username_current_account,input,#usernameId <- account_username,是
2026-04-25 07:16:14,967.149,590.76,根少家的小铺83,pdd_login_switch,interaction,pdd_click_login_submit,click,#root > div.pdd-app-skeleton > div > div > main > div > section.login-content > div > div > div > div.password-section > section > div > div > button,是
2026-04-25 07:16:18,971.502,4353.58,根少家的小铺83,pdd_aftersale_export,nav,goto,open_url,https://mms.pinduoduo.com/print/after-sale-list,是
2026-04-25 07:16:25,978.649,7146.35,根少家的小铺83,pdd_aftersale_export,interaction,pdd_close_print_ad_modal,click,div[class*='MmsUiPosterModal___closeIcon'],是
2026-04-25 07:16:27,980.055,1406.23,根少家的小铺83,pdd_aftersale_export,interaction,pdd_aftersale_time_type,selectFilter,已选择「售后申请时间」（候选: 售后申请时间）,是
2026-04-25 07:16:27,980.567,512.65,根少家的小铺83,pdd_aftersale_export,interaction,pdd_aftersale_query,click,button:has-text('查询'),是
2026-04-25 07:16:29,981.984,1416.12,根少家的小铺83,pdd_aftersale_export,interaction,pdd_aftersale_open_download_menu,click,button:has-text('下载数据'),是
2026-04-25 07:16:31,984.451,2467.43,根少家的小铺83,pdd_aftersale_export,interaction,export_pdd_aftersale_query_orders,click+download,D:\Program Files (x86)\fff2_dianshang\output\拼多多数据提取_20260425_070006_5a34765b\downloads\拼多多数据提取_1_2026-04-24\根少家的小铺83_售后单_raw_2026-04-24.xlsx,是
2026-04-25 07:16:34,987.348,2897.34,根少家的小铺83,pdd_trade_data_operation,nav,goto,open_url,https://mms.pinduoduo.com/sycm/stores_data/operation?dateFlag=0,是
2026-04-25 07:16:42,995.048,7699.28,根少家的小铺83,pdd_trade_data_operation,interaction,pdd_trade_scroll_to_bottom_before_page_size,scroll,window:end,是
2026-04-25 07:18:10,1083.795,88747.31,根少家的小铺83,pdd_trade_data_operation,interaction,pdd_trade_table_page_size_open,click,#mf-mms-sycm-container div[class*='select']:has-text('10'),是
2026-04-25 07:18:33,1106.397,22602.52,根少家的小铺83,pdd_trade_data_operation,interaction,pdd_trade_table_page_size_50,click,li[role='option']:has-text('50'),是
2026-04-25 07:19:12,1145.604,39206.41,根少家的小铺83,pdd_trade_data_operation,field,成交金额,extract:tableColumnAgg,427.77  ← tableColumnAgg:#mf-mms-sycm-container > div > div > div > div:nth-child(5) > div.TB_outerWrapper_5-158-0.TB_bordered_5-158-0.TB_notTree#col1 n=30 p=1 sum,是
2026-04-25 07:19:49,1181.880,36276.07,根少家的小铺83,pdd_trade_data_operation,field,成交订单数,extract:tableColumnAgg,126  ← tableColumnAgg:#mf-mms-sycm-container > div > div > div > div:nth-child(5) > div.TB_outerWrapper_5-158-0.TB_bordered_5-158-0.TB_notTree#col2 n=30 p=1 sum,是
2026-04-25 07:20:25,1218.161,36281.49,根少家的小铺83,pdd_trade_data_operation,field,成交买家数,extract:tableColumnAgg,126.00  ← tableColumnAgg:#mf-mms-sycm-container > div > div > div > div:nth-child(5) > div.TB_outerWrapper_5-158-0.TB_bordered_5-158-0.TB_notTree#col3 n=30 p=1 sum,是
2026-04-25 07:20:25,1218.419,257.30,根少家的小铺83,pdd_trade_data_operation,field,客单价,extract:computedDivide,3.40  ← computedDivide:pdd_trade_amount/pdd_trade_buyer_count,是
2026-04-25 07:20:26,1219.213,793.91,根少家的小铺83,pdd_promotion_overview,nav,goto,open_url,https://yingxiao.pinduoduo.com/goods/report/promotion/overView?beginDate=2026-04-24&endDate=2026-04-24&msfrom=mms_sidenav,是
2026-04-25 07:20:30,1223.544,4331.12,根少家的小铺83,pdd_promotion_overview,interaction,pdd_overview_switch_to_table,click,#page-container div[class*='TabRow_radioWrap'] label:has-text('表格'),是
2026-04-25 07:20:32,1225.211,1667.51,根少家的小铺83,pdd_promotion_overview,interaction,pdd_overview_uncheck_compare_time,click,#page-container label.anq-checkbox-wrapper-checked:has-text('对比时间'),是
2026-04-25 07:20:35,1228.519,3307.70,根少家的小铺83,pdd_promotion_overview,field,成本花费(元),extract:tableTotalByHeader,14.09  ← tableTotalByHeader:#page-container > div > div.OverviewInternal_contentWrapper__QeUQR > div > div.ReportOverview_wrap__oJSxK > div:nth-chil#col1 row=firstBodyRow hdr=成交花费(元),是
2026-04-25 07:20:35,1228.809,290.52,根少家的小铺83,pdd_promotion_overview,field,净实际投产比,extract:tableTotalByHeader,16.24  ← tableTotalByHeader:#page-container > div > div.OverviewInternal_contentWrapper__QeUQR > div > div.ReportOverview_wrap__oJSxK > div:nth-chil#col7 row=firstBodyRow hdr=净实际投产比,是
2026-04-25 07:20:36,1229.105,295.11,根少家的小铺83,pdd_promotion_overview,field,每笔净成交花费(元),extract:tableTotalByHeader,0.24  ← tableTotalByHeader:#page-container > div > div.OverviewInternal_contentWrapper__QeUQR > div > div.ReportOverview_wrap__oJSxK > div:nth-chil#col9 row=firstBodyRow hdr=每笔净成交花费,是
2026-04-25 07:20:36,1229.680,574.98,根少家的小铺83,pdd_cashier_bills_reconcile,nav,goto,open_url,https://mms.pinduoduo.com/cashier/finance/payment-bills,是
2026-04-25 07:20:40,1233.655,3975.30,根少家的小铺83,pdd_cashier_bills_reconcile,interaction,pdd_cashier_open_time_filter,click,xpath=//*[@id='root']/div/div[2]/div/div[1]/div/div[3]/div/div[2]/div[2]/div/div[1]/div/div/div[1]/div/div/div/div/div/div[1]/input,是
2026-04-25 07:20:41,1234.385,730.22,根少家的小铺83,pdd_cashier_bills_reconcile,interaction,pdd_cashier_quick_yesterday,click,div[class*='RPR_quickPickerWrapper'] button:has-text('昨天'),是
2026-04-25 07:20:42,1235.194,808.93,根少家的小铺83,pdd_cashier_bills_reconcile,interaction,pdd_cashier_expand_advanced,click,a:has-text('展开高级选项'),是
2026-04-25 07:20:43,1236.094,899.72,根少家的小铺83,pdd_cashier_bills_reconcile,interaction,pdd_cashier_acct_type_技术服务费,click,"xpath=(//div[contains(@class,'Container_container')]//div[contains(@class,'TAB_outerWrapper')]//div[contains(@class,'TAB_content')]/div/div[1]/div//label[.//*[contains(@class,'CBX_textWrapper')][normalize-space()='技术服务费']])[1]",是
2026-04-25 07:20:43,1236.601,507.44,根少家的小铺83,pdd_cashier_bills_reconcile,interaction,pdd_cashier_acct_type_多多进宝,click,"xpath=(//div[contains(@class,'Container_container')]//div[contains(@class,'TAB_outerWrapper')]//div[contains(@class,'TAB_content')]/div/div[1]/div//label[.//*[contains(@class,'CBX_textWrapper')][normalize-space()='多多进宝']])[1]",是
2026-04-25 07:20:44,1237.092,490.86,根少家的小铺83,pdd_cashier_bills_reconcile,interaction,pdd_cashier_acct_type_扣款,click,"xpath=(//div[contains(@class,'Container_container')]//div[contains(@class,'TAB_outerWrapper')]//div[contains(@class,'TAB_content')]/div/div[1]/div//label[.//*[contains(@class,'CBX_textWrapper')][normalize-space()='扣款']])[1]",是
2026-04-25 07:20:44,1237.601,509.11,根少家的小铺83,pdd_cashier_bills_reconcile,interaction,pdd_cashier_acct_type_其他服务,click,"xpath=(//div[contains(@class,'Container_container')]//div[contains(@class,'TAB_outerWrapper')]//div[contains(@class,'TAB_content')]/div/div[1]/div//label[.//*[contains(@class,'CBX_textWrapper')][normalize-space()='其他服务']])[1]",是
2026-04-25 07:20:45,1238.086,484.87,根少家的小铺83,pdd_cashier_bills_reconcile,interaction,pdd_cashier_acct_type_其他,click,"xpath=(//div[contains(@class,'Container_container')]//div[contains(@class,'TAB_outerWrapper')]//div[contains(@class,'TAB_content')]/div/div[1]/div//label[.//*[contains(@class,'CBX_textWrapper')][normalize-space()='其他']])[1]",是
2026-04-25 07:20:45,1238.589,502.93,根少家的小铺83,pdd_cashier_bills_reconcile,interaction,pdd_cashier_acct_type_分账,click,"xpath=(//div[contains(@class,'Container_container')]//div[contains(@class,'TAB_outerWrapper')]//div[contains(@class,'TAB_content')]/div/div[1]/div//label[.//*[contains(@class,'CBX_textWrapper')][normalize-space()='分账']])[1]",是
2026-04-25 07:20:46,1239.080,491.46,根少家的小铺83,pdd_cashier_bills_reconcile,interaction,pdd_cashier_acct_type_服务消费,click,"xpath=(//div[contains(@class,'Container_container')]//div[contains(@class,'TAB_outerWrapper')]//div[contains(@class,'TAB_content')]/div/div[1]/div//label[.//*[contains(@class,'CBX_textWrapper')][normalize-space()='服务消费']])[1]",是
2026-04-25 07:20:46,1239.600,519.63,根少家的小铺83,pdd_cashier_bills_reconcile,interaction,pdd_cashier_query,click,#root div[class*='Container_container'] button:has-text('查询'),是
2026-04-25 07:20:54,1247.456,7855.95,根少家的小铺83,pdd_cashier_bills_reconcile,interaction,export_pdd_cashier_balance,click+download,D:\Program Files (x86)\fff2_dianshang\output\拼多多数据提取_20260425_070006_5a34765b\downloads\拼多多数据提取_1_2026-04-24\根少家的小铺83_对账_2026-04-24_raw.zip,是
2026-04-25 07:20:58,1251.331,3874.76,胡小涛小店87,globalAccountLoop,nav,goto,open_url,https://mms.pinduoduo.com/login/,是
2026-04-25 07:20:58,1251.335,4.64,胡小涛小店87,globalAccountLoop,account,switch,switchAccount,globalAccountLoop：锚点无需 UI 切店（如拼多多：店铺轮次由 pageIds 内登录与业务页完成）,是
2026-04-25 07:20:58,1251.742,407.00,胡小涛小店87,pdd_login_switch,nav,goto,skip_same_url,https://mms.pinduoduo.com/login/,是
2026-04-25 07:21:00,1253.171,1428.92,胡小涛小店87,pdd_login_switch,interaction,pdd_login_tab_account,click,#root > div.pdd-app-skeleton > div > div > main > div > section.login-content > div > div > div > div.login-tab > div > div > div:nth-child(2),是
2026-04-25 07:21:00,1253.834,662.35,胡小涛小店87,pdd_login_switch,interaction,pdd_input_username_current_account,input,#usernameId <- account_username,是
2026-04-25 07:21:01,1254.422,588.39,胡小涛小店87,pdd_login_switch,interaction,pdd_click_login_submit,click,#root > div.pdd-app-skeleton > div > div > main > div > section.login-content > div > div > div > div.password-section > section > div > div > button,是
2026-04-25 07:21:06,1258.866,4444.21,胡小涛小店87,pdd_aftersale_export,nav,goto,open_url,https://mms.pinduoduo.com/print/after-sale-list,是
2026-04-25 07:21:13,1266.012,7145.68,胡小涛小店87,pdd_aftersale_export,interaction,pdd_close_print_ad_modal,click,div[class*='MmsUiPosterModal___closeIcon'],是
2026-04-25 07:21:14,1267.475,1463.56,胡小涛小店87,pdd_aftersale_export,interaction,pdd_aftersale_time_type,selectFilter,已选择「售后申请时间」（候选: 售后申请时间）,是
2026-04-25 07:21:15,1267.979,503.83,胡小涛小店87,pdd_aftersale_export,interaction,pdd_aftersale_query,click,button:has-text('查询'),是
2026-04-25 07:21:16,1269.392,1412.33,胡小涛小店87,pdd_aftersale_export,interaction,pdd_aftersale_open_download_menu,click,button:has-text('下载数据'),是
2026-04-25 07:21:18,1271.803,2411.04,胡小涛小店87,pdd_aftersale_export,interaction,export_pdd_aftersale_query_orders,click+download,D:\Program Files (x86)\fff2_dianshang\output\拼多多数据提取_20260425_070006_5a34765b\downloads\拼多多数据提取_1_2026-04-24\胡小涛小店87_售后单_raw_2026-04-24.xlsx,是
2026-04-25 07:21:21,1274.666,2863.22,胡小涛小店87,pdd_trade_data_operation,nav,goto,open_url,https://mms.pinduoduo.com/sycm/stores_data/operation?dateFlag=0,是
2026-04-25 07:21:29,1282.374,7708.12,胡小涛小店87,pdd_trade_data_operation,interaction,pdd_trade_scroll_to_bottom_before_page_size,scroll,window:end,是
2026-04-25 07:22:58,1371.137,88762.75,胡小涛小店87,pdd_trade_data_operation,interaction,pdd_trade_table_page_size_open,click,#mf-mms-sycm-container div[class*='select']:has-text('10'),是
2026-04-25 07:23:20,1393.719,22581.83,胡小涛小店87,pdd_trade_data_operation,interaction,pdd_trade_table_page_size_50,click,li[role='option']:has-text('50'),是
2026-04-25 07:24:00,1432.936,39217.22,胡小涛小店87,pdd_trade_data_operation,field,成交金额,extract:tableColumnAgg,932.24  ← tableColumnAgg:#mf-mms-sycm-container > div > div > div > div:nth-child(5) > div.TB_outerWrapper_5-158-0.TB_bordered_5-158-0.TB_notTree#col1 n=29 p=1 sum,是
2026-04-25 07:24:36,1469.221,36285.55,胡小涛小店87,pdd_trade_data_operation,field,成交订单数,extract:tableColumnAgg,169  ← tableColumnAgg:#mf-mms-sycm-container > div > div > div > div:nth-child(5) > div.TB_outerWrapper_5-158-0.TB_bordered_5-158-0.TB_notTree#col2 n=29 p=1 sum,是
2026-04-25 07:25:12,1505.507,36285.41,胡小涛小店87,pdd_trade_data_operation,field,成交买家数,extract:tableColumnAgg,164.00  ← tableColumnAgg:#mf-mms-sycm-container > div > div > div > div:nth-child(5) > div.TB_outerWrapper_5-158-0.TB_bordered_5-158-0.TB_notTree#col3 n=29 p=1 sum,是
2026-04-25 07:25:12,1505.762,255.39,胡小涛小店87,pdd_trade_data_operation,field,客单价,extract:computedDivide,5.68  ← computedDivide:pdd_trade_amount/pdd_trade_buyer_count,是
2026-04-25 07:25:13,1506.151,389.06,胡小涛小店87,pdd_promotion_overview,nav,goto,open_url,https://yingxiao.pinduoduo.com/goods/report/promotion/overView?beginDate=2026-04-24&endDate=2026-04-24&msfrom=mms_sidenav,是
2026-04-25 07:25:17,1510.489,4337.39,胡小涛小店87,pdd_promotion_overview,interaction,pdd_overview_switch_to_table,click,#page-container div[class*='TabRow_radioWrap'] label:has-text('表格'),是
2026-04-25 07:25:19,1512.168,1679.76,胡小涛小店87,pdd_promotion_overview,interaction,pdd_overview_uncheck_compare_time,click,#page-container label.anq-checkbox-wrapper-checked:has-text('对比时间'),是
2026-04-25 07:25:22,1515.497,3328.27,胡小涛小店87,pdd_promotion_overview,field,成本花费(元),extract:tableTotalByHeader,10.02  ← tableTotalByHeader:#page-container > div > div.OverviewInternal_contentWrapper__QeUQR > div > div.ReportOverview_wrap__oJSxK > div:nth-chil#col1 row=firstBodyRow hdr=成交花费(元),是
2026-04-25 07:25:22,1515.782,285.76,胡小涛小店87,pdd_promotion_overview,field,净实际投产比,extract:tableTotalByHeader,85.89  ← tableTotalByHeader:#page-container > div > div.OverviewInternal_contentWrapper__QeUQR > div > div.ReportOverview_wrap__oJSxK > div:nth-chil#col7 row=firstBodyRow hdr=净实际投产比,是
2026-04-25 07:25:23,1516.072,289.39,胡小涛小店87,pdd_promotion_overview,field,每笔净成交花费(元),extract:tableTotalByHeader,0.06  ← tableTotalByHeader:#page-container > div > div.OverviewInternal_contentWrapper__QeUQR > div > div.ReportOverview_wrap__oJSxK > div:nth-chil#col9 row=firstBodyRow hdr=每笔净成交花费,是
2026-04-25 07:25:23,1516.451,379.55,胡小涛小店87,pdd_cashier_bills_reconcile,nav,goto,open_url,https://mms.pinduoduo.com/cashier/finance/payment-bills,是
2026-04-25 07:25:27,1520.425,3974.03,胡小涛小店87,pdd_cashier_bills_reconcile,interaction,pdd_cashier_open_time_filter,click,xpath=//*[@id='root']/div/div[2]/div/div[1]/div/div[3]/div/div[2]/div[2]/div/div[1]/div/div/div[1]/div/div/div/div/div/div[1]/input,是
2026-04-25 07:25:28,1521.145,720.11,胡小涛小店87,pdd_cashier_bills_reconcile,interaction,pdd_cashier_quick_yesterday,click,div[class*='RPR_quickPickerWrapper'] button:has-text('昨天'),是
2026-04-25 07:25:29,1521.940,794.56,胡小涛小店87,pdd_cashier_bills_reconcile,interaction,pdd_cashier_expand_advanced,click,a:has-text('展开高级选项'),是
2026-04-25 07:25:30,1522.837,896.57,胡小涛小店87,pdd_cashier_bills_reconcile,interaction,pdd_cashier_acct_type_技术服务费,click,"xpath=(//div[contains(@class,'Container_container')]//div[contains(@class,'TAB_outerWrapper')]//div[contains(@class,'TAB_content')]/div/div[1]/div//label[.//*[contains(@class,'CBX_textWrapper')][normalize-space()='技术服务费']])[1]",是
2026-04-25 07:25:30,1523.331,494.78,胡小涛小店87,pdd_cashier_bills_reconcile,interaction,pdd_cashier_acct_type_多多进宝,click,"xpath=(//div[contains(@class,'Container_container')]//div[contains(@class,'TAB_outerWrapper')]//div[contains(@class,'TAB_content')]/div/div[1]/div//label[.//*[contains(@class,'CBX_textWrapper')][normalize-space()='多多进宝']])[1]",是
2026-04-25 07:25:30,1523.822,490.76,胡小涛小店87,pdd_cashier_bills_reconcile,interaction,pdd_cashier_acct_type_扣款,click,"xpath=(//div[contains(@class,'Container_container')]//div[contains(@class,'TAB_outerWrapper')]//div[contains(@class,'TAB_content')]/div/div[1]/div//label[.//*[contains(@class,'CBX_textWrapper')][normalize-space()='扣款']])[1]",是
2026-04-25 07:25:31,1524.319,496.71,胡小涛小店87,pdd_cashier_bills_reconcile,interaction,pdd_cashier_acct_type_其他服务,click,"xpath=(//div[contains(@class,'Container_container')]//div[contains(@class,'TAB_outerWrapper')]//div[contains(@class,'TAB_content')]/div/div[1]/div//label[.//*[contains(@class,'CBX_textWrapper')][normalize-space()='其他服务']])[1]",是
2026-04-25 07:25:31,1524.804,484.65,胡小涛小店87,pdd_cashier_bills_reconcile,interaction,pdd_cashier_acct_type_其他,click,"xpath=(//div[contains(@class,'Container_container')]//div[contains(@class,'TAB_outerWrapper')]//div[contains(@class,'TAB_content')]/div/div[1]/div//label[.//*[contains(@class,'CBX_textWrapper')][normalize-space()='其他']])[1]",是
2026-04-25 07:25:32,1525.288,484.55,胡小涛小店87,pdd_cashier_bills_reconcile,interaction,pdd_cashier_acct_type_分账,click,"xpath=(//div[contains(@class,'Container_container')]//div[contains(@class,'TAB_outerWrapper')]//div[contains(@class,'TAB_content')]/div/div[1]/div//label[.//*[contains(@class,'CBX_textWrapper')][normalize-space()='分账']])[1]",是
2026-04-25 07:25:32,1525.785,497.11,胡小涛小店87,pdd_cashier_bills_reconcile,interaction,pdd_cashier_acct_type_服务消费,click,"xpath=(//div[contains(@class,'Container_container')]//div[contains(@class,'TAB_outerWrapper')]//div[contains(@class,'TAB_content')]/div/div[1]/div//label[.//*[contains(@class,'CBX_textWrapper')][normalize-space()='服务消费']])[1]",是
2026-04-25 07:25:33,1526.280,494.48,胡小涛小店87,pdd_cashier_bills_reconcile,interaction,pdd_cashier_query,click,#root div[class*='Container_container'] button:has-text('查询'),是
2026-04-25 07:25:41,1534.156,7876.06,胡小涛小店87,pdd_cashier_bills_reconcile,interaction,export_pdd_cashier_balance,click+download,D:\Program Files (x86)\fff2_dianshang\output\拼多多数据提取_20260425_070006_5a34765b\downloads\拼多多数据提取_1_2026-04-24\胡小涛小店87_对账_2026-04-24_raw.zip,是
2026-04-25 07:25:45,1537.999,3843.29,聂小霞的铺子84,globalAccountLoop,nav,goto,open_url,https://mms.pinduoduo.com/login/,是
2026-04-25 07:25:45,1538.004,4.61,聂小霞的铺子84,globalAccountLoop,account,switch,switchAccount,globalAccountLoop：锚点无需 UI 切店（如拼多多：店铺轮次由 pageIds 内登录与业务页完成）,是
2026-04-25 07:25:45,1538.421,416.89,聂小霞的铺子84,pdd_login_switch,nav,goto,skip_same_url,https://mms.pinduoduo.com/login/,是
2026-04-25 07:25:46,1539.832,1411.33,聂小霞的铺子84,pdd_login_switch,interaction,pdd_login_tab_account,click,#root > div.pdd-app-skeleton > div > div > main > div > section.login-content > div > div > div > div.login-tab > div > div > div:nth-child(2),是
2026-04-25 07:25:47,1540.484,652.28,聂小霞的铺子84,pdd_login_switch,interaction,pdd_input_username_current_account,input,#usernameId <- account_username,是
2026-04-25 07:25:48,1541.060,575.44,聂小霞的铺子84,pdd_login_switch,interaction,pdd_click_login_submit,click,#root > div.pdd-app-skeleton > div > div > main > div > section.login-content > div > div > div > div.password-section > section > div > div > button,是
2026-04-25 07:25:52,1545.434,4374.43,聂小霞的铺子84,pdd_aftersale_export,nav,goto,open_url,https://mms.pinduoduo.com/print/after-sale-list,是
2026-04-25 07:25:59,1552.500,7066.47,聂小霞的铺子84,pdd_aftersale_export,interaction,pdd_close_print_ad_modal,click,div[class*='MmsUiPosterModal___closeIcon'],是
2026-04-25 07:27:05,1618.332,65831.10,聂小霞的铺子84,pdd_aftersale_export,interaction,pdd_aftersale_time_type,selectFilter,下拉已打开但未命中选项，已尝试文案: 售后申请时间,否
2026-04-25 07:27:14,1627.465,9133.17,聂小霞的铺子84,pdd_aftersale_export,interaction,pdd_aftersale_query,click,button:has-text('查询'),是
2026-04-25 07:27:24,1637.594,10129.38,聂小霞的铺子84,pdd_aftersale_export,interaction,pdd_aftersale_open_download_menu,click,button:has-text('下载数据'),是
2026-04-25 07:31:46,1899.622,262027.41,聂小霞的铺子84,pdd_aftersale_export,interaction,export_pdd_aftersale_query_orders,click+download,"Locator.wait_for: Timeout 26000ms exceeded.
Call log:
  - waiting for locator(""[role='menuitem']:has-text('下载查询订单')"").first to be visible
",否
2026-04-25 07:31:46,1899.626,4.28,聂小霞的铺子84,pdd_aftersale_export,interaction,export_pdd_aftersale_query_orders,pdd_module_reload_retry,拼多多售后：「下载查询订单」menuitem 未在超时内可见；整页刷新后从本页第一步重试一次,是
2026-04-25 07:32:02,1915.552,15925.83,聂小霞的铺子84,pdd_aftersale_export,interaction,pdd_close_print_ad_modal,click,"Locator.wait_for: Timeout 3000ms exceeded.
Call log:
  - waiting for locator(""div.MDL_outerWrapper_5-174-0 div[class*='closeIcon']"").first to be visible
",否
2026-04-25 07:32:04,1917.017,1465.15,聂小霞的铺子84,pdd_aftersale_export,interaction,pdd_aftersale_time_type,selectFilter,已选择「售后申请时间」（候选: 售后申请时间）,是
2026-04-25 07:32:05,1918.085,1068.00,聂小霞的铺子84,pdd_aftersale_export,interaction,pdd_aftersale_query,click,button:has-text('查询'),是
2026-04-25 07:32:06,1919.755,1669.78,聂小霞的铺子84,pdd_aftersale_export,interaction,pdd_aftersale_open_download_menu,click,button:has-text('下载数据'),是
2026-04-25 07:32:09,1922.033,2278.35,聂小霞的铺子84,pdd_aftersale_export,interaction,export_pdd_aftersale_query_orders,click+download,D:\Program Files (x86)\fff2_dianshang\output\拼多多数据提取_20260425_070006_5a34765b\downloads\拼多多数据提取_1_2026-04-24\聂小霞的铺子84_售后单_raw_2026-04-24.xlsx,是
2026-04-25 07:32:12,1925.067,3034.19,聂小霞的铺子84,pdd_trade_data_operation,nav,goto,open_url,https://mms.pinduoduo.com/sycm/stores_data/operation?dateFlag=0,是
2026-04-25 07:32:19,1932.755,7687.94,聂小霞的铺子84,pdd_trade_data_operation,interaction,pdd_trade_scroll_to_bottom_before_page_size,scroll,window:end,是
2026-04-25 07:33:48,2021.499,88743.52,聂小霞的铺子84,pdd_trade_data_operation,interaction,pdd_trade_table_page_size_open,click,#mf-mms-sycm-container div[class*='select']:has-text('10'),是
2026-04-25 07:34:11,2044.076,22577.30,聂小霞的铺子84,pdd_trade_data_operation,interaction,pdd_trade_table_page_size_50,click,li[role='option']:has-text('50'),是
2026-04-25 07:34:50,2083.287,39210.69,聂小霞的铺子84,pdd_trade_data_operation,field,成交金额,extract:tableColumnAgg,250.17  ← tableColumnAgg:#mf-mms-sycm-container > div > div > div > div:nth-child(5) > div.TB_outerWrapper_5-158-0.TB_bordered_5-158-0.TB_notTree#col1 n=15 p=1 sum,是
2026-04-25 07:35:26,2119.565,36278.62,聂小霞的铺子84,pdd_trade_data_operation,field,成交订单数,extract:tableColumnAgg,40  ← tableColumnAgg:#mf-mms-sycm-container > div > div > div > div:nth-child(5) > div.TB_outerWrapper_5-158-0.TB_bordered_5-158-0.TB_notTree#col2 n=15 p=1 sum,是
2026-04-25 07:36:02,2155.833,36267.93,聂小霞的铺子84,pdd_trade_data_operation,field,成交买家数,extract:tableColumnAgg,33.00  ← tableColumnAgg:#mf-mms-sycm-container > div > div > div > div:nth-child(5) > div.TB_outerWrapper_5-158-0.TB_bordered_5-158-0.TB_notTree#col3 n=15 p=1 sum,是
2026-04-25 07:36:03,2156.079,246.07,聂小霞的铺子84,pdd_trade_data_operation,field,客单价,extract:computedDivide,7.58  ← computedDivide:pdd_trade_amount/pdd_trade_buyer_count,是
2026-04-25 07:36:03,2156.444,365.15,聂小霞的铺子84,pdd_promotion_overview,nav,goto,open_url,https://yingxiao.pinduoduo.com/goods/report/promotion/overView?beginDate=2026-04-24&endDate=2026-04-24&msfrom=mms_sidenav,是
2026-04-25 07:36:07,2160.759,4314.50,聂小霞的铺子84,pdd_promotion_overview,interaction,pdd_overview_switch_to_table,click,#page-container div[class*='TabRow_radioWrap'] label:has-text('表格'),是
2026-04-25 07:36:09,2162.426,1667.34,聂小霞的铺子84,pdd_promotion_overview,interaction,pdd_overview_uncheck_compare_time,click,#page-container label.anq-checkbox-wrapper-checked:has-text('对比时间'),是
2026-04-25 07:36:12,2165.748,3322.20,聂小霞的铺子84,pdd_promotion_overview,field,成本花费(元),extract:tableTotalByHeader,23.96  ← tableTotalByHeader:#page-container > div > div.OverviewInternal_contentWrapper__QeUQR > div > div.ReportOverview_wrap__oJSxK > div:nth-chil#col1 row=firstBodyRow hdr=成交花费(元),是
2026-04-25 07:36:13,2166.045,297.07,聂小霞的铺子84,pdd_promotion_overview,field,净实际投产比,extract:tableTotalByHeader,9.40  ← tableTotalByHeader:#page-container > div > div.OverviewInternal_contentWrapper__QeUQR > div > div.ReportOverview_wrap__oJSxK > div:nth-chil#col7 row=firstBodyRow hdr=净实际投产比,是
2026-04-25 07:36:13,2166.336,291.01,聂小霞的铺子84,pdd_promotion_overview,field,每笔净成交花费(元),extract:tableTotalByHeader,0.67  ← tableTotalByHeader:#page-container > div > div.OverviewInternal_contentWrapper__QeUQR > div > div.ReportOverview_wrap__oJSxK > div:nth-chil#col9 row=firstBodyRow hdr=每笔净成交花费,是
2026-04-25 07:36:13,2166.685,348.42,聂小霞的铺子84,pdd_cashier_bills_reconcile,nav,goto,open_url,https://mms.pinduoduo.com/cashier/finance/payment-bills,是
2026-04-25 07:36:17,2170.659,3973.78,聂小霞的铺子84,pdd_cashier_bills_reconcile,interaction,pdd_cashier_open_time_filter,click,xpath=//*[@id='root']/div/div[2]/div/div[1]/div/div[3]/div/div[2]/div[2]/div/div[1]/div/div/div[1]/div/div/div/div/div/div[1]/input,是
2026-04-25 07:36:18,2171.409,749.88,聂小霞的铺子84,pdd_cashier_bills_reconcile,interaction,pdd_cashier_quick_yesterday,click,div[class*='RPR_quickPickerWrapper'] button:has-text('昨天'),是
2026-04-25 07:36:19,2172.210,801.15,聂小霞的铺子84,pdd_cashier_bills_reconcile,interaction,pdd_cashier_expand_advanced,click,a:has-text('展开高级选项'),是
2026-04-25 07:36:20,2173.123,913.29,聂小霞的铺子84,pdd_cashier_bills_reconcile,interaction,pdd_cashier_acct_type_技术服务费,click,"xpath=(//div[contains(@class,'Container_container')]//div[contains(@class,'TAB_outerWrapper')]//div[contains(@class,'TAB_content')]/div/div[1]/div//label[.//*[contains(@class,'CBX_textWrapper')][normalize-space()='技术服务费']])[1]",是
2026-04-25 07:36:20,2173.626,503.04,聂小霞的铺子84,pdd_cashier_bills_reconcile,interaction,pdd_cashier_acct_type_多多进宝,click,"xpath=(//div[contains(@class,'Container_container')]//div[contains(@class,'TAB_outerWrapper')]//div[contains(@class,'TAB_content')]/div/div[1]/div//label[.//*[contains(@class,'CBX_textWrapper')][normalize-space()='多多进宝']])[1]",是
2026-04-25 07:36:21,2174.130,504.01,聂小霞的铺子84,pdd_cashier_bills_reconcile,interaction,pdd_cashier_acct_type_扣款,click,"xpath=(//div[contains(@class,'Container_container')]//div[contains(@class,'TAB_outerWrapper')]//div[contains(@class,'TAB_content')]/div/div[1]/div//label[.//*[contains(@class,'CBX_textWrapper')][normalize-space()='扣款']])[1]",是
2026-04-25 07:36:21,2174.620,489.93,聂小霞的铺子84,pdd_cashier_bills_reconcile,interaction,pdd_cashier_acct_type_其他服务,click,"xpath=(//div[contains(@class,'Container_container')]//div[contains(@class,'TAB_outerWrapper')]//div[contains(@class,'TAB_content')]/div/div[1]/div//label[.//*[contains(@class,'CBX_textWrapper')][normalize-space()='其他服务']])[1]",是
2026-04-25 07:36:22,2175.116,495.89,聂小霞的铺子84,pdd_cashier_bills_reconcile,interaction,pdd_cashier_acct_type_其他,click,"xpath=(//div[contains(@class,'Container_container')]//div[contains(@class,'TAB_outerWrapper')]//div[contains(@class,'TAB_content')]/div/div[1]/div//label[.//*[contains(@class,'CBX_textWrapper')][normalize-space()='其他']])[1]",是
2026-04-25 07:36:22,2175.619,503.13,聂小霞的铺子84,pdd_cashier_bills_reconcile,interaction,pdd_cashier_acct_type_分账,click,"xpath=(//div[contains(@class,'Container_container')]//div[contains(@class,'TAB_outerWrapper')]//div[contains(@class,'TAB_content')]/div/div[1]/div//label[.//*[contains(@class,'CBX_textWrapper')][normalize-space()='分账']])[1]",是
2026-04-25 07:36:23,2176.125,505.83,聂小霞的铺子84,pdd_cashier_bills_reconcile,interaction,pdd_cashier_acct_type_服务消费,click,"xpath=(//div[contains(@class,'Container_container')]//div[contains(@class,'TAB_outerWrapper')]//div[contains(@class,'TAB_content')]/div/div[1]/div//label[.//*[contains(@class,'CBX_textWrapper')][normalize-space()='服务消费']])[1]",是
2026-04-25 07:36:23,2176.627,502.39,聂小霞的铺子84,pdd_cashier_bills_reconcile,interaction,pdd_cashier_query,click,#root div[class*='Container_container'] button:has-text('查询'),是
2026-04-25 07:36:31,2184.496,7868.78,聂小霞的铺子84,pdd_cashier_bills_reconcile,interaction,export_pdd_cashier_balance,click+download,D:\Program Files (x86)\fff2_dianshang\output\拼多多数据提取_20260425_070006_5a34765b\downloads\拼多多数据提取_1_2026-04-24\聂小霞的铺子84_对账_2026-04-24_raw.zip,是
2026-04-25 07:36:35,2188.362,3866.12,彬彬家的网店18,globalAccountLoop,nav,goto,open_url,https://mms.pinduoduo.com/login/,是
2026-04-25 07:36:35,2188.367,4.78,彬彬家的网店18,globalAccountLoop,account,switch,switchAccount,globalAccountLoop：锚点无需 UI 切店（如拼多多：店铺轮次由 pageIds 内登录与业务页完成）,是
2026-04-25 07:36:35,2188.784,417.14,彬彬家的网店18,pdd_login_switch,nav,goto,skip_same_url,https://mms.pinduoduo.com/login/,是
2026-04-25 07:36:37,2190.206,1422.36,彬彬家的网店18,pdd_login_switch,interaction,pdd_login_tab_account,click,#root > div.pdd-app-skeleton > div > div > main > div > section.login-content > div > div > div > div.login-tab > div > div > div:nth-child(2),是
2026-04-25 07:36:38,2190.868,661.85,彬彬家的网店18,pdd_login_switch,interaction,pdd_input_username_current_account,input,#usernameId <- account_username,是
2026-04-25 07:36:38,2191.446,577.72,彬彬家的网店18,pdd_login_switch,interaction,pdd_click_login_submit,click,#root > div.pdd-app-skeleton > div > div > main > div > section.login-content > div > div > div > div.password-section > section > div > div > button,是
2026-04-25 07:36:42,2195.826,4380.13,彬彬家的网店18,pdd_aftersale_export,nav,goto,open_url,https://mms.pinduoduo.com/print/after-sale-list,是
2026-04-25 07:36:50,2202.960,7133.95,彬彬家的网店18,pdd_aftersale_export,interaction,pdd_close_print_ad_modal,click,div[class*='MmsUiPosterModal___closeIcon'],是
2026-04-25 07:36:51,2204.378,1417.89,彬彬家的网店18,pdd_aftersale_export,interaction,pdd_aftersale_time_type,selectFilter,已选择「售后申请时间」（候选: 售后申请时间）,是
2026-04-25 07:36:52,2204.886,508.45,彬彬家的网店18,pdd_aftersale_export,interaction,pdd_aftersale_query,click,button:has-text('查询'),是
2026-04-25 07:36:53,2206.296,1409.97,彬彬家的网店18,pdd_aftersale_export,interaction,pdd_aftersale_open_download_menu,click,button:has-text('下载数据'),是
2026-04-25 07:36:56,2209.189,2892.92,彬彬家的网店18,pdd_aftersale_export,interaction,export_pdd_aftersale_query_orders,click+download,D:\Program Files (x86)\fff2_dianshang\output\拼多多数据提取_20260425_070006_5a34765b\downloads\拼多多数据提取_1_2026-04-24\彬彬家的网店18_售后单_raw_2026-04-24.xlsx,是
2026-04-25 07:36:59,2212.028,2838.42,彬彬家的网店18,pdd_trade_data_operation,nav,goto,open_url,https://mms.pinduoduo.com/sycm/stores_data/operation?dateFlag=0,是
2026-04-25 07:37:06,2219.706,7678.13,彬彬家的网店18,pdd_trade_data_operation,interaction,pdd_trade_scroll_to_bottom_before_page_size,scroll,window:end,是
2026-04-25 07:38:35,2308.451,88745.20,彬彬家的网店18,pdd_trade_data_operation,interaction,pdd_trade_table_page_size_open,click,#mf-mms-sycm-container div[class*='select']:has-text('10'),是
2026-04-25 07:38:58,2331.033,22582.02,彬彬家的网店18,pdd_trade_data_operation,interaction,pdd_trade_table_page_size_50,click,li[role='option']:has-text('50'),是
2026-04-25 07:39:37,2370.243,39210.40,彬彬家的网店18,pdd_trade_data_operation,field,成交金额,extract:tableColumnAgg,431.44  ← tableColumnAgg:#mf-mms-sycm-container > div > div > div > div:nth-child(5) > div.TB_outerWrapper_5-158-0.TB_bordered_5-158-0.TB_notTree#col1 n=27 p=1 sum,是
2026-04-25 07:40:13,2406.531,36287.11,彬彬家的网店18,pdd_trade_data_operation,field,成交订单数,extract:tableColumnAgg,122  ← tableColumnAgg:#mf-mms-sycm-container > div > div > div > div:nth-child(5) > div.TB_outerWrapper_5-158-0.TB_bordered_5-158-0.TB_notTree#col2 n=27 p=1 sum,是
2026-04-25 07:40:49,2442.799,36268.64,彬彬家的网店18,pdd_trade_data_operation,field,成交买家数,extract:tableColumnAgg,119.00  ← tableColumnAgg:#mf-mms-sycm-container > div > div > div > div:nth-child(5) > div.TB_outerWrapper_5-158-0.TB_bordered_5-158-0.TB_notTree#col3 n=27 p=1 sum,是
2026-04-25 07:40:50,2443.050,251.19,彬彬家的网店18,pdd_trade_data_operation,field,客单价,extract:computedDivide,3.63  ← computedDivide:pdd_trade_amount/pdd_trade_buyer_count,是
2026-04-25 07:40:50,2443.421,370.54,彬彬家的网店18,pdd_promotion_overview,nav,goto,open_url,https://yingxiao.pinduoduo.com/goods/report/promotion/overView?beginDate=2026-04-24&endDate=2026-04-24&msfrom=mms_sidenav,是
2026-04-25 07:40:54,2447.763,4341.67,彬彬家的网店18,pdd_promotion_overview,interaction,pdd_overview_switch_to_table,click,#page-container div[class*='TabRow_radioWrap'] label:has-text('表格'),是
2026-04-25 07:40:56,2449.437,1674.67,彬彬家的网店18,pdd_promotion_overview,interaction,pdd_overview_uncheck_compare_time,click,#page-container label.anq-checkbox-wrapper-checked:has-text('对比时间'),是
2026-04-25 07:40:59,2452.750,3313.14,彬彬家的网店18,pdd_promotion_overview,field,成本花费(元),extract:tableTotalByHeader,3.67  ← tableTotalByHeader:#page-container > div > div.OverviewInternal_contentWrapper__QeUQR > div > div.ReportOverview_wrap__oJSxK > div:nth-chil#col1 row=firstBodyRow hdr=成交花费(元),是
2026-04-25 07:41:00,2453.056,305.52,彬彬家的网店18,pdd_promotion_overview,field,净实际投产比,extract:tableTotalByHeader,89.11  ← tableTotalByHeader:#page-container > div > div.OverviewInternal_contentWrapper__QeUQR > div > div.ReportOverview_wrap__oJSxK > div:nth-chil#col7 row=firstBodyRow hdr=净实际投产比,是
2026-04-25 07:41:00,2453.346,289.69,彬彬家的网店18,pdd_promotion_overview,field,每笔净成交花费(元),extract:tableTotalByHeader,0.04  ← tableTotalByHeader:#page-container > div > div.OverviewInternal_contentWrapper__QeUQR > div > div.ReportOverview_wrap__oJSxK > div:nth-chil#col9 row=firstBodyRow hdr=每笔净成交花费,是
2026-04-25 07:41:00,2453.709,363.15,彬彬家的网店18,pdd_cashier_bills_reconcile,nav,goto,open_url,https://mms.pinduoduo.com/cashier/finance/payment-bills,是
2026-04-25 07:41:04,2457.698,3989.35,彬彬家的网店18,pdd_cashier_bills_reconcile,interaction,pdd_cashier_open_time_filter,click,xpath=//*[@id='root']/div/div[2]/div/div[1]/div/div[3]/div/div[2]/div[2]/div/div[1]/div/div/div[1]/div/div/div/div/div/div[1]/input,是
2026-04-25 07:41:05,2458.423,724.78,彬彬家的网店18,pdd_cashier_bills_reconcile,interaction,pdd_cashier_quick_yesterday,click,div[class*='RPR_quickPickerWrapper'] button:has-text('昨天'),是
2026-04-25 07:41:06,2459.231,807.67,彬彬家的网店18,pdd_cashier_bills_reconcile,interaction,pdd_cashier_expand_advanced,click,a:has-text('展开高级选项'),是
2026-04-25 07:41:07,2460.113,882.36,彬彬家的网店18,pdd_cashier_bills_reconcile,interaction,pdd_cashier_acct_type_技术服务费,click,"xpath=(//div[contains(@class,'Container_container')]//div[contains(@class,'TAB_outerWrapper')]//div[contains(@class,'TAB_content')]/div/div[1]/div//label[.//*[contains(@class,'CBX_textWrapper')][normalize-space()='技术服务费']])[1]",是
2026-04-25 07:41:07,2460.640,527.20,彬彬家的网店18,pdd_cashier_bills_reconcile,interaction,pdd_cashier_acct_type_多多进宝,click,"xpath=(//div[contains(@class,'Container_container')]//div[contains(@class,'TAB_outerWrapper')]//div[contains(@class,'TAB_content')]/div/div[1]/div//label[.//*[contains(@class,'CBX_textWrapper')][normalize-space()='多多进宝']])[1]",是
2026-04-25 07:41:08,2461.130,490.01,彬彬家的网店18,pdd_cashier_bills_reconcile,interaction,pdd_cashier_acct_type_扣款,click,"xpath=(//div[contains(@class,'Container_container')]//div[contains(@class,'TAB_outerWrapper')]//div[contains(@class,'TAB_content')]/div/div[1]/div//label[.//*[contains(@class,'CBX_textWrapper')][normalize-space()='扣款']])[1]",是
2026-04-25 07:41:08,2461.621,491.11,彬彬家的网店18,pdd_cashier_bills_reconcile,interaction,pdd_cashier_acct_type_其他服务,click,"xpath=(//div[contains(@class,'Container_container')]//div[contains(@class,'TAB_outerWrapper')]//div[contains(@class,'TAB_content')]/div/div[1]/div//label[.//*[contains(@class,'CBX_textWrapper')][normalize-space()='其他服务']])[1]",是
2026-04-25 07:41:09,2462.118,496.65,彬彬家的网店18,pdd_cashier_bills_reconcile,interaction,pdd_cashier_acct_type_其他,click,"xpath=(//div[contains(@class,'Container_container')]//div[contains(@class,'TAB_outerWrapper')]//div[contains(@class,'TAB_content')]/div/div[1]/div//label[.//*[contains(@class,'CBX_textWrapper')][normalize-space()='其他']])[1]",是
2026-04-25 07:41:09,2462.618,499.93,彬彬家的网店18,pdd_cashier_bills_reconcile,interaction,pdd_cashier_acct_type_分账,click,"xpath=(//div[contains(@class,'Container_container')]//div[contains(@class,'TAB_outerWrapper')]//div[contains(@class,'TAB_content')]/div/div[1]/div//label[.//*[contains(@class,'CBX_textWrapper')][normalize-space()='分账']])[1]",是
2026-04-25 07:41:10,2463.100,482.65,彬彬家的网店18,pdd_cashier_bills_reconcile,interaction,pdd_cashier_acct_type_服务消费,click,"xpath=(//div[contains(@class,'Container_container')]//div[contains(@class,'TAB_outerWrapper')]//div[contains(@class,'TAB_content')]/div/div[1]/div//label[.//*[contains(@class,'CBX_textWrapper')][normalize-space()='服务消费']])[1]",是
2026-04-25 07:41:10,2463.601,501.07,彬彬家的网店18,pdd_cashier_bills_reconcile,interaction,pdd_cashier_query,click,#root div[class*='Container_container'] button:has-text('查询'),是
2026-04-25 07:41:18,2471.484,7882.98,彬彬家的网店18,pdd_cashier_bills_reconcile,interaction,export_pdd_cashier_balance,click+download,D:\Program Files (x86)\fff2_dianshang\output\拼多多数据提取_20260425_070006_5a34765b\downloads\拼多多数据提取_1_2026-04-24\彬彬家的网店18_对账_2026-04-24_raw.zip,是
2026-04-25 07:41:22,2475.349,3864.76,阿顺的小店铺2256,globalAccountLoop,nav,goto,open_url,https://mms.pinduoduo.com/login/,是
2026-04-25 07:41:22,2475.355,6.26,阿顺的小店铺2256,globalAccountLoop,account,switch,switchAccount,globalAccountLoop：锚点无需 UI 切店（如拼多多：店铺轮次由 pageIds 内登录与业务页完成）,是
2026-04-25 07:41:22,2475.759,403.15,阿顺的小店铺2256,pdd_login_switch,nav,goto,skip_same_url,https://mms.pinduoduo.com/login/,是
2026-04-25 07:41:24,2477.158,1399.30,阿顺的小店铺2256,pdd_login_switch,interaction,pdd_login_tab_account,click,#root > div.pdd-app-skeleton > div > div > main > div > section.login-content > div > div > div > div.login-tab > div > div > div:nth-child(2),是
2026-04-25 07:41:24,2477.813,655.02,阿顺的小店铺2256,pdd_login_switch,interaction,pdd_input_username_current_account,input,#usernameId <- account_username,是
2026-04-25 07:41:25,2478.393,579.63,阿顺的小店铺2256,pdd_login_switch,interaction,pdd_click_login_submit,click,#root > div.pdd-app-skeleton > div > div > main > div > section.login-content > div > div > div > div.password-section > section > div > div > button,是
2026-04-25 07:41:29,2482.769,4376.13,阿顺的小店铺2256,pdd_aftersale_export,nav,goto,open_url,https://mms.pinduoduo.com/print/after-sale-list,是
2026-04-25 07:41:37,2489.918,7149.20,阿顺的小店铺2256,pdd_aftersale_export,interaction,pdd_close_print_ad_modal,click,div[class*='MmsUiPosterModal___closeIcon'],是
2026-04-25 07:41:38,2491.322,1404.15,阿顺的小店铺2256,pdd_aftersale_export,interaction,pdd_aftersale_time_type,selectFilter,已选择「售后申请时间」（候选: 售后申请时间）,是
2026-04-25 07:41:38,2491.826,504.09,阿顺的小店铺2256,pdd_aftersale_export,interaction,pdd_aftersale_query,click,button:has-text('查询'),是
2026-04-25 07:41:40,2493.236,1409.49,阿顺的小店铺2256,pdd_aftersale_export,interaction,pdd_aftersale_open_download_menu,click,button:has-text('下载数据'),是
2026-04-25 07:41:42,2495.760,2524.39,阿顺的小店铺2256,pdd_aftersale_export,interaction,export_pdd_aftersale_query_orders,click+download,D:\Program Files (x86)\fff2_dianshang\output\拼多多数据提取_20260425_070006_5a34765b\downloads\拼多多数据提取_1_2026-04-24\阿顺的小店铺2256_售后单_raw_2026-04-24.xlsx,是
2026-04-25 07:41:45,2498.639,2878.60,阿顺的小店铺2256,pdd_trade_data_operation,nav,goto,open_url,https://mms.pinduoduo.com/sycm/stores_data/operation?dateFlag=0,是
2026-04-25 07:41:53,2506.337,7698.45,阿顺的小店铺2256,pdd_trade_data_operation,interaction,pdd_trade_scroll_to_bottom_before_page_size,scroll,window:end,是
2026-04-25 07:43:22,2595.102,88765.13,阿顺的小店铺2256,pdd_trade_data_operation,interaction,pdd_trade_table_page_size_open,click,#mf-mms-sycm-container div[class*='select']:has-text('10'),是
2026-04-25 07:43:44,2617.692,22590.14,阿顺的小店铺2256,pdd_trade_data_operation,interaction,pdd_trade_table_page_size_50,click,li[role='option']:has-text('50'),是
2026-04-25 07:44:24,2656.903,39210.48,阿顺的小店铺2256,pdd_trade_data_operation,field,成交金额,extract:tableColumnAgg,113.50  ← tableColumnAgg:#mf-mms-sycm-container > div > div > div > div:nth-child(5) > div.TB_outerWrapper_5-158-0.TB_bordered_5-158-0.TB_notTree#col1 n=20 p=1 sum,是
2026-04-25 07:45:00,2693.177,36273.86,阿顺的小店铺2256,pdd_trade_data_operation,field,成交订单数,extract:tableColumnAgg,35  ← tableColumnAgg:#mf-mms-sycm-container > div > div > div > div:nth-child(5) > div.TB_outerWrapper_5-158-0.TB_bordered_5-158-0.TB_notTree#col2 n=20 p=1 sum,是
2026-04-25 07:45:36,2729.443,36265.84,阿顺的小店铺2256,pdd_trade_data_operation,field,成交买家数,extract:tableColumnAgg,35.00  ← tableColumnAgg:#mf-mms-sycm-container > div > div > div > div:nth-child(5) > div.TB_outerWrapper_5-158-0.TB_bordered_5-158-0.TB_notTree#col3 n=20 p=1 sum,是
2026-04-25 07:45:36,2729.681,238.60,阿顺的小店铺2256,pdd_trade_data_operation,field,客单价,extract:computedDivide,3.24  ← computedDivide:pdd_trade_amount/pdd_trade_buyer_count,是
2026-04-25 07:45:37,2730.049,367.89,阿顺的小店铺2256,pdd_promotion_overview,nav,goto,open_url,https://yingxiao.pinduoduo.com/goods/report/promotion/overView?beginDate=2026-04-24&endDate=2026-04-24&msfrom=mms_sidenav,是
2026-04-25 07:45:41,2734.358,4308.76,阿顺的小店铺2256,pdd_promotion_overview,interaction,pdd_overview_switch_to_table,click,#page-container div[class*='TabRow_radioWrap'] label:has-text('表格'),是
2026-04-25 07:45:43,2736.029,1671.23,阿顺的小店铺2256,pdd_promotion_overview,interaction,pdd_overview_uncheck_compare_time,click,#page-container label.anq-checkbox-wrapper-checked:has-text('对比时间'),是
2026-04-25 07:45:46,2739.336,3307.09,阿顺的小店铺2256,pdd_promotion_overview,field,成本花费(元),extract:tableTotalByHeader,0.67  ← tableTotalByHeader:#page-container > div > div.OverviewInternal_contentWrapper__QeUQR > div > div.ReportOverview_wrap__oJSxK > div:nth-chil#col1 row=firstBodyRow hdr=成交花费(元),是
2026-04-25 07:45:46,2739.631,294.84,阿顺的小店铺2256,pdd_promotion_overview,field,净实际投产比,extract:tableTotalByHeader,91.48  ← tableTotalByHeader:#page-container > div > div.OverviewInternal_contentWrapper__QeUQR > div > div.ReportOverview_wrap__oJSxK > div:nth-chil#col7 row=firstBodyRow hdr=净实际投产比,是
2026-04-25 07:45:47,2739.920,288.97,阿顺的小店铺2256,pdd_promotion_overview,field,每笔净成交花费(元),extract:tableTotalByHeader,0.03  ← tableTotalByHeader:#page-container > div > div.OverviewInternal_contentWrapper__QeUQR > div > div.ReportOverview_wrap__oJSxK > div:nth-chil#col9 row=firstBodyRow hdr=每笔净成交花费,是
2026-04-25 07:45:47,2740.269,349.50,阿顺的小店铺2256,pdd_cashier_bills_reconcile,nav,goto,open_url,https://mms.pinduoduo.com/cashier/finance/payment-bills,是
2026-04-25 07:45:51,2744.239,3969.66,阿顺的小店铺2256,pdd_cashier_bills_reconcile,interaction,pdd_cashier_open_time_filter,click,xpath=//*[@id='root']/div/div[2]/div/div[1]/div/div[3]/div/div[2]/div[2]/div/div[1]/div/div/div[1]/div/div/div/div/div/div[1]/input,是
2026-04-25 07:45:52,2744.971,732.31,阿顺的小店铺2256,pdd_cashier_bills_reconcile,interaction,pdd_cashier_quick_yesterday,click,div[class*='RPR_quickPickerWrapper'] button:has-text('昨天'),是
2026-04-25 07:45:52,2745.785,813.71,阿顺的小店铺2256,pdd_cashier_bills_reconcile,interaction,pdd_cashier_expand_advanced,click,a:has-text('展开高级选项'),是
2026-04-25 07:45:53,2746.673,887.74,阿顺的小店铺2256,pdd_cashier_bills_reconcile,interaction,pdd_cashier_acct_type_技术服务费,click,"xpath=(//div[contains(@class,'Container_container')]//div[contains(@class,'TAB_outerWrapper')]//div[contains(@class,'TAB_content')]/div/div[1]/div//label[.//*[contains(@class,'CBX_textWrapper')][normalize-space()='技术服务费']])[1]",是
2026-04-25 07:45:54,2747.163,489.70,阿顺的小店铺2256,pdd_cashier_bills_reconcile,interaction,pdd_cashier_acct_type_多多进宝,click,"xpath=(//div[contains(@class,'Container_container')]//div[contains(@class,'TAB_outerWrapper')]//div[contains(@class,'TAB_content')]/div/div[1]/div//label[.//*[contains(@class,'CBX_textWrapper')][normalize-space()='多多进宝']])[1]",是
2026-04-25 07:45:54,2747.648,485.09,阿顺的小店铺2256,pdd_cashier_bills_reconcile,interaction,pdd_cashier_acct_type_扣款,click,"xpath=(//div[contains(@class,'Container_container')]//div[contains(@class,'TAB_outerWrapper')]//div[contains(@class,'TAB_content')]/div/div[1]/div//label[.//*[contains(@class,'CBX_textWrapper')][normalize-space()='扣款']])[1]",是
2026-04-25 07:45:55,2748.132,484.46,阿顺的小店铺2256,pdd_cashier_bills_reconcile,interaction,pdd_cashier_acct_type_其他服务,click,"xpath=(//div[contains(@class,'Container_container')]//div[contains(@class,'TAB_outerWrapper')]//div[contains(@class,'TAB_content')]/div/div[1]/div//label[.//*[contains(@class,'CBX_textWrapper')][normalize-space()='其他服务']])[1]",是
2026-04-25 07:45:55,2748.611,479.31,阿顺的小店铺2256,pdd_cashier_bills_reconcile,interaction,pdd_cashier_acct_type_其他,click,"xpath=(//div[contains(@class,'Container_container')]//div[contains(@class,'TAB_outerWrapper')]//div[contains(@class,'TAB_content')]/div/div[1]/div//label[.//*[contains(@class,'CBX_textWrapper')][normalize-space()='其他']])[1]",是
2026-04-25 07:45:56,2749.096,484.30,阿顺的小店铺2256,pdd_cashier_bills_reconcile,interaction,pdd_cashier_acct_type_分账,click,"xpath=(//div[contains(@class,'Container_container')]//div[contains(@class,'TAB_outerWrapper')]//div[contains(@class,'TAB_content')]/div/div[1]/div//label[.//*[contains(@class,'CBX_textWrapper')][normalize-space()='分账']])[1]",是
2026-04-25 07:45:56,2749.583,487.44,阿顺的小店铺2256,pdd_cashier_bills_reconcile,interaction,pdd_cashier_acct_type_服务消费,click,"xpath=(//div[contains(@class,'Container_container')]//div[contains(@class,'TAB_outerWrapper')]//div[contains(@class,'TAB_content')]/div/div[1]/div//label[.//*[contains(@class,'CBX_textWrapper')][normalize-space()='服务消费']])[1]",是
2026-04-25 07:45:57,2750.081,497.60,阿顺的小店铺2256,pdd_cashier_bills_reconcile,interaction,pdd_cashier_query,click,#root div[class*='Container_container'] button:has-text('查询'),是
2026-04-25 07:46:05,2757.979,7898.14,阿顺的小店铺2256,pdd_cashier_bills_reconcile,interaction,export_pdd_cashier_balance,click+download,D:\Program Files (x86)\fff2_dianshang\output\拼多多数据提取_20260425_070006_5a34765b\downloads\拼多多数据提取_1_2026-04-24\阿顺的小店铺2256_对账_2026-04-24_raw.zip,是
2026-04-25 07:46:09,2761.850,3871.00,胡家的商铺1632,globalAccountLoop,nav,goto,open_url,https://mms.pinduoduo.com/login/,是
2026-04-25 07:46:09,2761.855,5.60,胡家的商铺1632,globalAccountLoop,account,switch,switchAccount,globalAccountLoop：锚点无需 UI 切店（如拼多多：店铺轮次由 pageIds 内登录与业务页完成）,是
2026-04-25 07:46:09,2762.268,412.72,胡家的商铺1632,pdd_login_switch,nav,goto,skip_same_url,https://mms.pinduoduo.com/login/,是
2026-04-25 07:46:10,2763.670,1401.73,胡家的商铺1632,pdd_login_switch,interaction,pdd_login_tab_account,click,#root > div.pdd-app-skeleton > div > div > main > div > section.login-content > div > div > div > div.login-tab > div > div > div:nth-child(2),是
2026-04-25 07:46:11,2764.329,659.18,胡家的商铺1632,pdd_login_switch,interaction,pdd_input_username_current_account,input,#usernameId <- account_username,是
2026-04-25 07:46:12,2764.904,575.22,胡家的商铺1632,pdd_login_switch,interaction,pdd_click_login_submit,click,#root > div.pdd-app-skeleton > div > div > main > div > section.login-content > div > div > div > div.password-section > section > div > div > button,是
2026-04-25 07:46:16,2769.281,4377.02,胡家的商铺1632,pdd_aftersale_export,nav,goto,open_url,https://mms.pinduoduo.com/print/after-sale-list,是
2026-04-25 07:46:32,2784.918,15636.89,胡家的商铺1632,pdd_aftersale_export,interaction,pdd_close_print_ad_modal,click,div[class*='MmsUiPosterModal___closeIcon'],是
2026-04-25 07:47:41,2854.359,69440.63,胡家的商铺1632,pdd_aftersale_export,interaction,pdd_aftersale_time_type,selectFilter,下拉已打开但未命中选项，已尝试文案: 售后申请时间,否
2026-04-25 07:47:50,2863.579,9220.60,胡家的商铺1632,pdd_aftersale_export,interaction,pdd_aftersale_query,click,button:has-text('查询'),是
2026-04-25 07:48:00,2873.479,9899.52,胡家的商铺1632,pdd_aftersale_export,interaction,pdd_aftersale_open_download_menu,click,button:has-text('下载数据'),是
2026-04-25 07:52:22,3135.007,261527.97,胡家的商铺1632,pdd_aftersale_export,interaction,export_pdd_aftersale_query_orders,click+download,"Locator.wait_for: Timeout 26000ms exceeded.
Call log:
  - waiting for locator(""[role='menuitem']:has-text('下载查询订单')"").first to be visible
",否
2026-04-25 07:52:22,3135.012,4.62,胡家的商铺1632,pdd_aftersale_export,interaction,export_pdd_aftersale_query_orders,pdd_module_reload_retry,拼多多售后：「下载查询订单」menuitem 未在超时内可见；整页刷新后从本页第一步重试一次,是
2026-04-25 07:52:37,3150.613,15601.13,胡家的商铺1632,pdd_aftersale_export,interaction,pdd_close_print_ad_modal,click,"Locator.wait_for: Timeout 3000ms exceeded.
Call log:
  - waiting for locator(""div.MDL_outerWrapper_5-174-0 div[class*='closeIcon']"").first to be visible
",否
2026-04-25 07:52:40,3153.105,2492.08,胡家的商铺1632,pdd_aftersale_export,interaction,pdd_aftersale_time_type,selectFilter,已选择「售后申请时间」（候选: 售后申请时间）,是
2026-04-25 07:52:41,3154.615,1510.05,胡家的商铺1632,pdd_aftersale_export,interaction,pdd_aftersale_query,click,button:has-text('查询'),是
2026-04-25 07:52:43,3156.826,2210.78,胡家的商铺1632,pdd_aftersale_export,interaction,pdd_aftersale_open_download_menu,click,button:has-text('下载数据'),是
2026-04-25 07:52:46,3159.307,2481.53,胡家的商铺1632,pdd_aftersale_export,interaction,export_pdd_aftersale_query_orders,click+download,D:\Program Files (x86)\fff2_dianshang\output\拼多多数据提取_20260425_070006_5a34765b\downloads\拼多多数据提取_1_2026-04-24\胡家的商铺1632_售后单_raw_2026-04-24.xlsx,是
2026-04-25 07:52:49,3162.182,2875.20,胡家的商铺1632,pdd_trade_data_operation,nav,goto,open_url,https://mms.pinduoduo.com/sycm/stores_data/operation?dateFlag=0,是
2026-04-25 07:52:57,3169.842,7659.33,胡家的商铺1632,pdd_trade_data_operation,interaction,pdd_trade_scroll_to_bottom_before_page_size,scroll,window:end,是
2026-04-25 07:55:31,3324.593,154751.00,胡家的商铺1632,pdd_trade_data_operation,interaction,pdd_trade_table_page_size_open,click,"Locator.wait_for: Timeout 22000ms exceeded.
Call log:
  - waiting for locator(""#mf-mms-sycm-container span:has-text('10 条')"").first to be visible
",否
2026-04-25 07:58:05,3478.831,154238.53,胡家的商铺1632,pdd_trade_data_operation,interaction,pdd_trade_table_page_size_50,click,"Locator.wait_for: Timeout 22000ms exceeded.
Call log:
  - waiting for locator(""*:has-text('50 条/页')"").first to be visible
",否
2026-04-25 07:58:44,3517.566,38734.43,胡家的商铺1632,pdd_trade_data_operation,field,成交金额,extract:tableColumnAgg,"skipIfEmpty=true，空值已跳过：表格未可见（已试 3 个选择器）: Locator.wait_for: Timeout 12000ms exceeded.
Call log:
  - waiting for locator(""#mf-mms-sycm-container div[class*='TB_body'] table"").first to be visible
    28 × locator resolved to hidden <table class",是
2026-04-25 07:59:20,3553.816,36250.23,胡家的商铺1632,pdd_trade_data_operation,field,成交订单数,extract:tableColumnAgg,"skipIfEmpty=true，空值已跳过：表格未可见（已试 3 个选择器）: Locator.wait_for: Timeout 12000ms exceeded.
Call log:
  - waiting for locator(""#mf-mms-sycm-container div[class*='TB_body'] table"").first to be visible
    28 × locator resolved to hidden <table class",是
2026-04-25 07:59:57,3590.033,36217.40,胡家的商铺1632,pdd_trade_data_operation,field,成交买家数,extract:tableColumnAgg,"skipIfEmpty=true，空值已跳过：表格未可见（已试 3 个选择器）: Locator.wait_for: Timeout 12000ms exceeded.
Call log:
  - waiting for locator(""#mf-mms-sycm-container div[class*='TB_body'] table"").first to be visible
    28 × locator resolved to hidden <table class",是
2026-04-25 07:59:57,3590.231,197.44,胡家的商铺1632,pdd_trade_data_operation,field,客单价,extract:computedDivide,skipIfEmpty=true，空值已跳过：依赖字段缺失或非数值: pdd_trade_amount/pdd_trade_buyer_count,是
2026-04-25 07:59:57,3590.588,357.70,胡家的商铺1632,pdd_promotion_overview,nav,goto,open_url,https://yingxiao.pinduoduo.com/goods/report/promotion/overView?beginDate=2026-04-24&endDate=2026-04-24&msfrom=mms_sidenav,是
2026-04-25 08:00:02,3595.192,4603.80,胡家的商铺1632,pdd_promotion_overview,interaction,pdd_overview_switch_to_table,click,#page-container div[class*='TabRow_radioWrap'] label:has-text('表格'),是
2026-04-25 08:00:05,3598.212,3019.27,胡家的商铺1632,pdd_promotion_overview,interaction,pdd_overview_uncheck_compare_time,click,#page-container label.anq-checkbox-wrapper-checked:has-text('对比时间'),是
2026-04-25 08:00:08,3601.519,3307.15,胡家的商铺1632,pdd_promotion_overview,field,成本花费(元),extract:tableTotalByHeader,0.00  ← tableTotalByHeader:#page-container > div > div.OverviewInternal_contentWrapper__QeUQR > div > div.ReportOverview_wrap__oJSxK > div:nth-chil#col1 row=firstBodyRow hdr=成交花费(元),是
2026-04-25 08:00:08,3601.806,287.15,胡家的商铺1632,pdd_promotion_overview,field,净实际投产比,extract:tableTotalByHeader,0.00  ← tableTotalByHeader:#page-container > div > div.OverviewInternal_contentWrapper__QeUQR > div > div.ReportOverview_wrap__oJSxK > div:nth-chil#col7 row=firstBodyRow hdr=净实际投产比,是
2026-04-25 08:00:09,3602.089,283.58,胡家的商铺1632,pdd_promotion_overview,field,每笔净成交花费(元),extract:tableTotalByHeader,0.00  ← tableTotalByHeader:#page-container > div > div.OverviewInternal_contentWrapper__QeUQR > div > div.ReportOverview_wrap__oJSxK > div:nth-chil#col9 row=firstBodyRow hdr=每笔净成交花费,是
2026-04-25 08:00:09,3602.437,347.50,胡家的商铺1632,pdd_cashier_bills_reconcile,nav,goto,open_url,https://mms.pinduoduo.com/cashier/finance/payment-bills,是
2026-04-25 08:00:17,3610.009,7572.20,胡家的商铺1632,pdd_cashier_bills_reconcile,interaction,pdd_cashier_open_time_filter,click,xpath=//*[@id='root']/div/div[2]/div/div[1]/div/div[3]/div/div[2]/div[2]/div/div[1]/div/div/div[1]/div/div/div/div/div/div[1]/input,是
2026-04-25 08:00:20,3613.033,3024.16,胡家的商铺1632,pdd_cashier_bills_reconcile,interaction,pdd_cashier_quick_yesterday,click,div[class*='RPR_quickPickerWrapper'] button:has-text('昨天'),是
2026-04-25 08:00:23,3616.088,3054.96,胡家的商铺1632,pdd_cashier_bills_reconcile,interaction,pdd_cashier_expand_advanced,click,a:has-text('展开高级选项'),是
2026-04-25 08:00:24,3617.256,1167.36,胡家的商铺1632,pdd_cashier_bills_reconcile,interaction,pdd_cashier_acct_type_技术服务费,click,"xpath=(//div[contains(@class,'Container_container')]//div[contains(@class,'TAB_outerWrapper')]//div[contains(@class,'TAB_content')]/div/div[1]/div//label[.//*[contains(@class,'CBX_textWrapper')][normalize-space()='技术服务费']])[1]",是
2026-04-25 08:00:26,3619.735,2479.07,胡家的商铺1632,pdd_cashier_bills_reconcile,interaction,pdd_cashier_acct_type_多多进宝,click,"xpath=(//div[contains(@class,'Container_container')]//div[contains(@class,'TAB_outerWrapper')]//div[contains(@class,'TAB_content')]/div/div[1]/div//label[.//*[contains(@class,'CBX_textWrapper')][normalize-space()='多多进宝']])[1]",是
2026-04-25 08:00:28,3620.934,1199.26,胡家的商铺1632,pdd_cashier_bills_reconcile,interaction,pdd_cashier_acct_type_扣款,click,"xpath=(//div[contains(@class,'Container_container')]//div[contains(@class,'TAB_outerWrapper')]//div[contains(@class,'TAB_content')]/div/div[1]/div//label[.//*[contains(@class,'CBX_textWrapper')][normalize-space()='扣款']])[1]",是
2026-04-25 08:00:30,3623.419,2485.57,胡家的商铺1632,pdd_cashier_bills_reconcile,interaction,pdd_cashier_acct_type_其他服务,click,"xpath=(//div[contains(@class,'Container_container')]//div[contains(@class,'TAB_outerWrapper')]//div[contains(@class,'TAB_content')]/div/div[1]/div//label[.//*[contains(@class,'CBX_textWrapper')][normalize-space()='其他服务']])[1]",是
2026-04-25 08:00:31,3624.606,1186.17,胡家的商铺1632,pdd_cashier_bills_reconcile,interaction,pdd_cashier_acct_type_其他,click,"xpath=(//div[contains(@class,'Container_container')]//div[contains(@class,'TAB_outerWrapper')]//div[contains(@class,'TAB_content')]/div/div[1]/div//label[.//*[contains(@class,'CBX_textWrapper')][normalize-space()='其他']])[1]",是
2026-04-25 08:00:34,3627.105,2499.63,胡家的商铺1632,pdd_cashier_bills_reconcile,interaction,pdd_cashier_acct_type_分账,click,"xpath=(//div[contains(@class,'Container_container')]//div[contains(@class,'TAB_outerWrapper')]//div[contains(@class,'TAB_content')]/div/div[1]/div//label[.//*[contains(@class,'CBX_textWrapper')][normalize-space()='分账']])[1]",是
2026-04-25 08:00:35,3628.297,1192.03,胡家的商铺1632,pdd_cashier_bills_reconcile,interaction,pdd_cashier_acct_type_服务消费,click,"xpath=(//div[contains(@class,'Container_container')]//div[contains(@class,'TAB_outerWrapper')]//div[contains(@class,'TAB_content')]/div/div[1]/div//label[.//*[contains(@class,'CBX_textWrapper')][normalize-space()='服务消费']])[1]",是
2026-04-25 08:00:37,3630.791,2494.03,胡家的商铺1632,pdd_cashier_bills_reconcile,interaction,pdd_cashier_query,click,#root div[class*='Container_container'] button:has-text('查询'),是
2026-04-25 08:00:48,3641.533,10741.62,胡家的商铺1632,pdd_cashier_bills_reconcile,interaction,export_pdd_cashier_balance,click+download,D:\Program Files (x86)\fff2_dianshang\output\拼多多数据提取_20260425_070006_5a34765b\downloads\拼多多数据提取_1_2026-04-24\胡家的商铺1632_对账_2026-04-24_raw.zip,是
2026-04-25 08:00:52,3645.424,3891.29,小胡的网店3621,globalAccountLoop,nav,goto,open_url,https://mms.pinduoduo.com/login/,是
2026-04-25 08:00:52,3645.431,6.30,小胡的网店3621,globalAccountLoop,account,switch,switchAccount,globalAccountLoop：锚点无需 UI 切店（如拼多多：店铺轮次由 pageIds 内登录与业务页完成）,是
2026-04-25 08:00:53,3645.859,428.34,小胡的网店3621,pdd_login_switch,nav,goto,skip_same_url,https://mms.pinduoduo.com/login/,是
2026-04-25 08:00:54,3647.254,1394.97,小胡的网店3621,pdd_login_switch,interaction,pdd_login_tab_account,click,#root > div.pdd-app-skeleton > div > div > main > div > section.login-content > div > div > div > div.login-tab > div > div > div:nth-child(2),是
2026-04-25 08:00:55,3647.914,660.17,小胡的网店3621,pdd_login_switch,interaction,pdd_input_username_current_account,input,#usernameId <- account_username,是
2026-04-25 08:00:55,3648.486,571.99,小胡的网店3621,pdd_login_switch,interaction,pdd_click_login_submit,click,#root > div.pdd-app-skeleton > div > div > main > div > section.login-content > div > div > div > div.password-section > section > div > div > button,是
2026-04-25 08:01:00,3652.897,4411.03,小胡的网店3621,pdd_aftersale_export,nav,goto,open_url,https://mms.pinduoduo.com/print/after-sale-list,是
2026-04-25 08:01:07,3660.034,7137.02,小胡的网店3621,pdd_aftersale_export,interaction,pdd_close_print_ad_modal,click,div[class*='MmsUiPosterModal___closeIcon'],是
2026-04-25 08:01:08,3661.461,1427.33,小胡的网店3621,pdd_aftersale_export,interaction,pdd_aftersale_time_type,selectFilter,已选择「售后申请时间」（候选: 售后申请时间）,是
2026-04-25 08:01:09,3661.965,503.43,小胡的网店3621,pdd_aftersale_export,interaction,pdd_aftersale_query,click,button:has-text('查询'),是
2026-04-25 08:01:10,3663.365,1400.43,小胡的网店3621,pdd_aftersale_export,interaction,pdd_aftersale_open_download_menu,click,button:has-text('下载数据'),是
2026-04-25 08:01:14,3666.914,3548.61,小胡的网店3621,pdd_aftersale_export,interaction,export_pdd_aftersale_query_orders,click+download,D:\Program Files (x86)\fff2_dianshang\output\拼多多数据提取_20260425_070006_5a34765b\downloads\拼多多数据提取_1_2026-04-24\小胡的网店3621_售后单_raw_2026-04-24.xlsx,是
2026-04-25 08:01:16,3669.748,2834.21,小胡的网店3621,pdd_trade_data_operation,nav,goto,open_url,https://mms.pinduoduo.com/sycm/stores_data/operation?dateFlag=0,是
2026-04-25 08:01:24,3677.412,7663.45,小胡的网店3621,pdd_trade_data_operation,interaction,pdd_trade_scroll_to_bottom_before_page_size,scroll,window:end,是
2026-04-25 08:02:53,3766.196,88784.79,小胡的网店3621,pdd_trade_data_operation,interaction,pdd_trade_table_page_size_open,click,#mf-mms-sycm-container div[class*='select']:has-text('10'),是
2026-04-25 08:03:15,3788.779,22582.30,小胡的网店3621,pdd_trade_data_operation,interaction,pdd_trade_table_page_size_50,click,li[role='option']:has-text('50'),是
2026-04-25 08:03:55,3827.992,39212.99,小胡的网店3621,pdd_trade_data_operation,field,成交金额,extract:tableColumnAgg,1866.16  ← tableColumnAgg:#mf-mms-sycm-container > div > div > div > div:nth-child(5) > div.TB_outerWrapper_5-158-0.TB_bordered_5-158-0.TB_notTree#col1 n=32 p=1 sum,是
2026-04-25 08:04:31,3864.275,36282.98,小胡的网店3621,pdd_trade_data_operation,field,成交订单数,extract:tableColumnAgg,563  ← tableColumnAgg:#mf-mms-sycm-container > div > div > div > div:nth-child(5) > div.TB_outerWrapper_5-158-0.TB_bordered_5-158-0.TB_notTree#col2 n=32 p=1 sum,是
2026-04-25 08:05:07,3900.549,36274.53,小胡的网店3621,pdd_trade_data_operation,field,成交买家数,extract:tableColumnAgg,557.00  ← tableColumnAgg:#mf-mms-sycm-container > div > div > div > div:nth-child(5) > div.TB_outerWrapper_5-158-0.TB_bordered_5-158-0.TB_notTree#col3 n=32 p=1 sum,是
2026-04-25 08:05:07,3900.810,260.84,小胡的网店3621,pdd_trade_data_operation,field,客单价,extract:computedDivide,3.35  ← computedDivide:pdd_trade_amount/pdd_trade_buyer_count,是
2026-04-25 08:05:08,3901.187,377.20,小胡的网店3621,pdd_promotion_overview,nav,goto,open_url,https://yingxiao.pinduoduo.com/goods/report/promotion/overView?beginDate=2026-04-24&endDate=2026-04-24&msfrom=mms_sidenav,是
2026-04-25 08:05:12,3905.535,4347.60,小胡的网店3621,pdd_promotion_overview,interaction,pdd_overview_switch_to_table,click,#page-container div[class*='TabRow_radioWrap'] label:has-text('表格'),是
2026-04-25 08:05:14,3907.229,1694.06,小胡的网店3621,pdd_promotion_overview,interaction,pdd_overview_uncheck_compare_time,click,#page-container label.anq-checkbox-wrapper-checked:has-text('对比时间'),是
2026-04-25 08:05:17,3910.541,3311.93,小胡的网店3621,pdd_promotion_overview,field,成本花费(元),extract:tableTotalByHeader,143.95  ← tableTotalByHeader:#page-container > div > div.OverviewInternal_contentWrapper__QeUQR > div > div.ReportOverview_wrap__oJSxK > div:nth-chil#col1 row=firstBodyRow hdr=成交花费(元),是
2026-04-25 08:05:18,3910.842,300.88,小胡的网店3621,pdd_promotion_overview,field,净实际投产比,extract:tableTotalByHeader,10.72  ← tableTotalByHeader:#page-container > div > div.OverviewInternal_contentWrapper__QeUQR > div > div.ReportOverview_wrap__oJSxK > div:nth-chil#col2 row=firstBodyRow hdr=净实际投产比,是
2026-04-25 08:05:18,3911.136,294.55,小胡的网店3621,pdd_promotion_overview,field,每笔净成交花费(元),extract:tableTotalByHeader,0.32  ← tableTotalByHeader:#page-container > div > div.OverviewInternal_contentWrapper__QeUQR > div > div.ReportOverview_wrap__oJSxK > div:nth-chil#col7 row=firstBodyRow hdr=每笔净成交花费,是
2026-04-25 08:05:18,3911.498,361.46,小胡的网店3621,pdd_cashier_bills_reconcile,nav,goto,open_url,https://mms.pinduoduo.com/cashier/finance/payment-bills,是
2026-04-25 08:05:22,3915.460,3962.07,小胡的网店3621,pdd_cashier_bills_reconcile,interaction,pdd_cashier_open_time_filter,click,xpath=//*[@id='root']/div/div[2]/div/div[1]/div/div[3]/div/div[2]/div[2]/div/div[1]/div/div/div[1]/div/div/div/div/div/div[1]/input,是
2026-04-25 08:05:23,3916.167,707.20,小胡的网店3621,pdd_cashier_bills_reconcile,interaction,pdd_cashier_quick_yesterday,click,div[class*='RPR_quickPickerWrapper'] button:has-text('昨天'),是
2026-04-25 08:05:24,3916.970,803.58,小胡的网店3621,pdd_cashier_bills_reconcile,interaction,pdd_cashier_expand_advanced,click,a:has-text('展开高级选项'),是
2026-04-25 08:05:25,3917.852,881.38,小胡的网店3621,pdd_cashier_bills_reconcile,interaction,pdd_cashier_acct_type_技术服务费,click,"xpath=(//div[contains(@class,'Container_container')]//div[contains(@class,'TAB_outerWrapper')]//div[contains(@class,'TAB_content')]/div/div[1]/div//label[.//*[contains(@class,'CBX_textWrapper')][normalize-space()='技术服务费']])[1]",是
2026-04-25 08:05:25,3918.368,516.00,小胡的网店3621,pdd_cashier_bills_reconcile,interaction,pdd_cashier_acct_type_多多进宝,click,"xpath=(//div[contains(@class,'Container_container')]//div[contains(@class,'TAB_outerWrapper')]//div[contains(@class,'TAB_content')]/div/div[1]/div//label[.//*[contains(@class,'CBX_textWrapper')][normalize-space()='多多进宝']])[1]",是
2026-04-25 08:05:26,3918.864,495.91,小胡的网店3621,pdd_cashier_bills_reconcile,interaction,pdd_cashier_acct_type_扣款,click,"xpath=(//div[contains(@class,'Container_container')]//div[contains(@class,'TAB_outerWrapper')]//div[contains(@class,'TAB_content')]/div/div[1]/div//label[.//*[contains(@class,'CBX_textWrapper')][normalize-space()='扣款']])[1]",是
2026-04-25 08:05:26,3919.371,507.42,小胡的网店3621,pdd_cashier_bills_reconcile,interaction,pdd_cashier_acct_type_其他服务,click,"xpath=(//div[contains(@class,'Container_container')]//div[contains(@class,'TAB_outerWrapper')]//div[contains(@class,'TAB_content')]/div/div[1]/div//label[.//*[contains(@class,'CBX_textWrapper')][normalize-space()='其他服务']])[1]",是
2026-04-25 08:05:27,3919.862,490.93,小胡的网店3621,pdd_cashier_bills_reconcile,interaction,pdd_cashier_acct_type_其他,click,"xpath=(//div[contains(@class,'Container_container')]//div[contains(@class,'TAB_outerWrapper')]//div[contains(@class,'TAB_content')]/div/div[1]/div//label[.//*[contains(@class,'CBX_textWrapper')][normalize-space()='其他']])[1]",是
2026-04-25 08:05:27,3920.353,490.99,小胡的网店3621,pdd_cashier_bills_reconcile,interaction,pdd_cashier_acct_type_分账,click,"xpath=(//div[contains(@class,'Container_container')]//div[contains(@class,'TAB_outerWrapper')]//div[contains(@class,'TAB_content')]/div/div[1]/div//label[.//*[contains(@class,'CBX_textWrapper')][normalize-space()='分账']])[1]",是
2026-04-25 08:05:28,3920.844,490.76,小胡的网店3621,pdd_cashier_bills_reconcile,interaction,pdd_cashier_acct_type_服务消费,click,"xpath=(//div[contains(@class,'Container_container')]//div[contains(@class,'TAB_outerWrapper')]//div[contains(@class,'TAB_content')]/div/div[1]/div//label[.//*[contains(@class,'CBX_textWrapper')][normalize-space()='服务消费']])[1]",是
2026-04-25 08:05:28,3921.346,502.02,小胡的网店3621,pdd_cashier_bills_reconcile,interaction,pdd_cashier_query,click,#root div[class*='Container_container'] button:has-text('查询'),是
2026-04-25 08:05:36,3929.225,7879.17,小胡的网店3621,pdd_cashier_bills_reconcile,interaction,export_pdd_cashier_balance,click+download,D:\Program Files (x86)\fff2_dianshang\output\拼多多数据提取_20260425_070006_5a34765b\downloads\拼多多数据提取_1_2026-04-24\小胡的网店3621_对账_2026-04-24_raw.zip,是
2026-04-25 08:05:40,3933.088,3863.07,彬少家的小铺7543,globalAccountLoop,nav,goto,open_url,https://mms.pinduoduo.com/login/,是
2026-04-25 08:05:40,3933.095,6.87,彬少家的小铺7543,globalAccountLoop,account,switch,switchAccount,globalAccountLoop：锚点无需 UI 切店（如拼多多：店铺轮次由 pageIds 内登录与业务页完成）,是
2026-04-25 08:05:40,3933.502,407.48,彬少家的小铺7543,pdd_login_switch,nav,goto,skip_same_url,https://mms.pinduoduo.com/login/,是
2026-04-25 08:05:42,3934.929,1426.32,彬少家的小铺7543,pdd_login_switch,interaction,pdd_login_tab_account,click,#root > div.pdd-app-skeleton > div > div > main > div > section.login-content > div > div > div > div.login-tab > div > div > div:nth-child(2),是
2026-04-25 08:05:42,3935.601,672.25,彬少家的小铺7543,pdd_login_switch,interaction,pdd_input_username_current_account,input,#usernameId <- account_username,是
2026-04-25 08:05:43,3936.179,577.53,彬少家的小铺7543,pdd_login_switch,interaction,pdd_click_login_submit,click,#root > div.pdd-app-skeleton > div > div > main > div > section.login-content > div > div > div > div.password-section > section > div > div > button,是
2026-04-25 08:05:47,3940.587,4408.07,彬少家的小铺7543,pdd_aftersale_export,nav,goto,open_url,https://mms.pinduoduo.com/print/after-sale-list,是
2026-04-25 08:05:54,3947.768,7181.17,彬少家的小铺7543,pdd_aftersale_export,interaction,pdd_close_print_ad_modal,click,div[class*='MmsUiPosterModal___closeIcon'],是
2026-04-25 08:05:56,3949.191,1423.19,彬少家的小铺7543,pdd_aftersale_export,interaction,pdd_aftersale_time_type,selectFilter,已选择「售后申请时间」（候选: 售后申请时间）,是
2026-04-25 08:05:56,3949.707,516.12,彬少家的小铺7543,pdd_aftersale_export,interaction,pdd_aftersale_query,click,button:has-text('查询'),是
2026-04-25 08:05:58,3951.137,1430.26,彬少家的小铺7543,pdd_aftersale_export,interaction,pdd_aftersale_open_download_menu,click,button:has-text('下载数据'),是
2026-04-25 08:06:01,3953.997,2859.67,彬少家的小铺7543,pdd_aftersale_export,interaction,export_pdd_aftersale_query_orders,click+download,D:\Program Files (x86)\fff2_dianshang\output\拼多多数据提取_20260425_070006_5a34765b\downloads\拼多多数据提取_1_2026-04-24\彬少家的小铺7543_售后单_raw_2026-04-24.xlsx,是
2026-04-25 08:06:04,3956.868,2871.31,彬少家的小铺7543,pdd_trade_data_operation,nav,goto,open_url,https://mms.pinduoduo.com/sycm/stores_data/operation?dateFlag=0,是
2026-04-25 08:06:11,3964.560,7691.25,彬少家的小铺7543,pdd_trade_data_operation,interaction,pdd_trade_scroll_to_bottom_before_page_size,scroll,window:end,是
2026-04-25 08:07:40,4053.307,88747.69,彬少家的小铺7543,pdd_trade_data_operation,interaction,pdd_trade_table_page_size_open,click,#mf-mms-sycm-container div[class*='select']:has-text('10'),是
2026-04-25 08:08:03,4075.891,22583.25,彬少家的小铺7543,pdd_trade_data_operation,interaction,pdd_trade_table_page_size_50,click,li[role='option']:has-text('50'),是
2026-04-25 08:08:42,4115.100,39209.22,彬少家的小铺7543,pdd_trade_data_operation,field,成交金额,extract:tableColumnAgg,115.30  ← tableColumnAgg:#mf-mms-sycm-container > div > div > div > div:nth-child(5) > div.TB_outerWrapper_5-158-0.TB_bordered_5-158-0.TB_notTree#col1 n=15 p=1 sum,是
2026-04-25 08:09:18,4151.383,36282.86,彬少家的小铺7543,pdd_trade_data_operation,field,成交订单数,extract:tableColumnAgg,23  ← tableColumnAgg:#mf-mms-sycm-container > div > div > div > div:nth-child(5) > div.TB_outerWrapper_5-158-0.TB_bordered_5-158-0.TB_notTree#col2 n=15 p=1 sum,是
2026-04-25 08:09:54,4187.663,36280.44,彬少家的小铺7543,pdd_trade_data_operation,field,成交买家数,extract:tableColumnAgg,22.00  ← tableColumnAgg:#mf-mms-sycm-container > div > div > div > div:nth-child(5) > div.TB_outerWrapper_5-158-0.TB_bordered_5-158-0.TB_notTree#col3 n=15 p=1 sum,是
2026-04-25 08:09:55,4187.913,249.89,彬少家的小铺7543,pdd_trade_data_operation,field,客单价,extract:computedDivide,5.24  ← computedDivide:pdd_trade_amount/pdd_trade_buyer_count,是
2026-04-25 08:09:55,4188.414,500.65,彬少家的小铺7543,pdd_promotion_overview,nav,goto,open_url,https://yingxiao.pinduoduo.com/goods/report/promotion/overView?beginDate=2026-04-24&endDate=2026-04-24&msfrom=mms_sidenav,是
2026-04-25 08:09:59,4192.734,4320.00,彬少家的小铺7543,pdd_promotion_overview,interaction,pdd_overview_switch_to_table,click,#page-container div[class*='TabRow_radioWrap'] label:has-text('表格'),是
2026-04-25 08:10:01,4194.396,1662.77,彬少家的小铺7543,pdd_promotion_overview,interaction,pdd_overview_uncheck_compare_time,click,#page-container label.anq-checkbox-wrapper-checked:has-text('对比时间'),是
2026-04-25 08:10:04,4197.709,3312.16,彬少家的小铺7543,pdd_promotion_overview,field,成本花费(元),extract:tableTotalByHeader,0.85  ← tableTotalByHeader:#page-container > div > div.OverviewInternal_contentWrapper__QeUQR > div > div.ReportOverview_wrap__oJSxK > div:nth-chil#col1 row=firstBodyRow hdr=成交花费(元),是
2026-04-25 08:10:05,4198.004,295.17,彬少家的小铺7543,pdd_promotion_overview,field,净实际投产比,extract:tableTotalByHeader,130.84  ← tableTotalByHeader:#page-container > div > div.OverviewInternal_contentWrapper__QeUQR > div > div.ReportOverview_wrap__oJSxK > div:nth-chil#col7 row=firstBodyRow hdr=净实际投产比,是
2026-04-25 08:10:05,4198.304,300.50,彬少家的小铺7543,pdd_promotion_overview,field,每笔净成交花费(元),extract:tableTotalByHeader,0.04  ← tableTotalByHeader:#page-container > div > div.OverviewInternal_contentWrapper__QeUQR > div > div.ReportOverview_wrap__oJSxK > div:nth-chil#col9 row=firstBodyRow hdr=每笔净成交花费,是
2026-04-25 08:10:05,4198.664,360.06,彬少家的小铺7543,pdd_cashier_bills_reconcile,nav,goto,open_url,https://mms.pinduoduo.com/cashier/finance/payment-bills,是
2026-04-25 08:10:09,4202.621,3956.30,彬少家的小铺7543,pdd_cashier_bills_reconcile,interaction,pdd_cashier_open_time_filter,click,xpath=//*[@id='root']/div/div[2]/div/div[1]/div/div[3]/div/div[2]/div[2]/div/div[1]/div/div/div[1]/div/div/div/div/div/div[1]/input,是
2026-04-25 08:10:10,4203.343,721.97,彬少家的小铺7543,pdd_cashier_bills_reconcile,interaction,pdd_cashier_quick_yesterday,click,div[class*='RPR_quickPickerWrapper'] button:has-text('昨天'),是
2026-04-25 08:10:11,4204.134,791.45,彬少家的小铺7543,pdd_cashier_bills_reconcile,interaction,pdd_cashier_expand_advanced,click,a:has-text('展开高级选项'),是
2026-04-25 08:10:12,4205.022,888.28,彬少家的小铺7543,pdd_cashier_bills_reconcile,interaction,pdd_cashier_acct_type_技术服务费,click,"xpath=(//div[contains(@class,'Container_container')]//div[contains(@class,'TAB_outerWrapper')]//div[contains(@class,'TAB_content')]/div/div[1]/div//label[.//*[contains(@class,'CBX_textWrapper')][normalize-space()='技术服务费']])[1]",是
2026-04-25 08:10:12,4205.524,501.41,彬少家的小铺7543,pdd_cashier_bills_reconcile,interaction,pdd_cashier_acct_type_多多进宝,click,"xpath=(//div[contains(@class,'Container_container')]//div[contains(@class,'TAB_outerWrapper')]//div[contains(@class,'TAB_content')]/div/div[1]/div//label[.//*[contains(@class,'CBX_textWrapper')][normalize-space()='多多进宝']])[1]",是
2026-04-25 08:10:13,4206.010,486.71,彬少家的小铺7543,pdd_cashier_bills_reconcile,interaction,pdd_cashier_acct_type_扣款,click,"xpath=(//div[contains(@class,'Container_container')]//div[contains(@class,'TAB_outerWrapper')]//div[contains(@class,'TAB_content')]/div/div[1]/div//label[.//*[contains(@class,'CBX_textWrapper')][normalize-space()='扣款']])[1]",是
2026-04-25 08:10:13,4206.506,495.43,彬少家的小铺7543,pdd_cashier_bills_reconcile,interaction,pdd_cashier_acct_type_其他服务,click,"xpath=(//div[contains(@class,'Container_container')]//div[contains(@class,'TAB_outerWrapper')]//div[contains(@class,'TAB_content')]/div/div[1]/div//label[.//*[contains(@class,'CBX_textWrapper')][normalize-space()='其他服务']])[1]",是
2026-04-25 08:10:14,4206.991,485.59,彬少家的小铺7543,pdd_cashier_bills_reconcile,interaction,pdd_cashier_acct_type_其他,click,"xpath=(//div[contains(@class,'Container_container')]//div[contains(@class,'TAB_outerWrapper')]//div[contains(@class,'TAB_content')]/div/div[1]/div//label[.//*[contains(@class,'CBX_textWrapper')][normalize-space()='其他']])[1]",是
2026-04-25 08:10:14,4207.477,485.15,彬少家的小铺7543,pdd_cashier_bills_reconcile,interaction,pdd_cashier_acct_type_分账,click,"xpath=(//div[contains(@class,'Container_container')]//div[contains(@class,'TAB_outerWrapper')]//div[contains(@class,'TAB_content')]/div/div[1]/div//label[.//*[contains(@class,'CBX_textWrapper')][normalize-space()='分账']])[1]",是
2026-04-25 08:10:15,4207.961,484.54,彬少家的小铺7543,pdd_cashier_bills_reconcile,interaction,pdd_cashier_acct_type_服务消费,click,"xpath=(//div[contains(@class,'Container_container')]//div[contains(@class,'TAB_outerWrapper')]//div[contains(@class,'TAB_content')]/div/div[1]/div//label[.//*[contains(@class,'CBX_textWrapper')][normalize-space()='服务消费']])[1]",是
2026-04-25 08:10:15,4208.455,494.05,彬少家的小铺7543,pdd_cashier_bills_reconcile,interaction,pdd_cashier_query,click,#root div[class*='Container_container'] button:has-text('查询'),是
2026-04-25 08:10:23,4216.304,7848.40,彬少家的小铺7543,pdd_cashier_bills_reconcile,interaction,export_pdd_cashier_balance,click+download,D:\Program Files (x86)\fff2_dianshang\output\拼多多数据提取_20260425_070006_5a34765b\downloads\拼多多数据提取_1_2026-04-24\彬少家的小铺7543_对账_2026-04-24_raw.zip,是
2026-04-25 08:10:27,4220.188,3884.19,丁家的店铺1382,globalAccountLoop,nav,goto,open_url,https://mms.pinduoduo.com/login/,是
2026-04-25 08:10:27,4220.195,7.50,丁家的店铺1382,globalAccountLoop,account,switch,switchAccount,globalAccountLoop：锚点无需 UI 切店（如拼多多：店铺轮次由 pageIds 内登录与业务页完成）,是
2026-04-25 08:10:27,4220.607,411.96,丁家的店铺1382,pdd_login_switch,nav,goto,skip_same_url,https://mms.pinduoduo.com/login/,是
2026-04-25 08:10:29,4222.020,1412.79,丁家的店铺1382,pdd_login_switch,interaction,pdd_login_tab_account,click,#root > div.pdd-app-skeleton > div > div > main > div > section.login-content > div > div > div > div.login-tab > div > div > div:nth-child(2),是
2026-04-25 08:10:29,4222.696,675.69,丁家的店铺1382,pdd_login_switch,interaction,pdd_input_username_current_account,input,#usernameId <- account_username,是
2026-04-25 08:10:30,4223.278,582.28,丁家的店铺1382,pdd_login_switch,interaction,pdd_click_login_submit,click,#root > div.pdd-app-skeleton > div > div > main > div > section.login-content > div > div > div > div.password-section > section > div > div > button,是
2026-04-25 08:10:34,4227.710,4432.07,丁家的店铺1382,pdd_aftersale_export,nav,goto,open_url,https://mms.pinduoduo.com/print/after-sale-list,是
2026-04-25 08:10:50,4243.352,15641.72,丁家的店铺1382,pdd_aftersale_export,interaction,pdd_close_print_ad_modal,click,div[class*='MmsUiPosterModal___closeIcon'],是
2026-04-25 08:12:01,4314.179,70827.73,丁家的店铺1382,pdd_aftersale_export,interaction,pdd_aftersale_time_type,selectFilter,下拉已打开但未命中选项，已尝试文案: 售后申请时间,否
2026-04-25 08:12:11,4324.358,10178.61,丁家的店铺1382,pdd_aftersale_export,interaction,pdd_aftersale_query,click,button:has-text('查询'),是
2026-04-25 08:12:21,4334.316,9958.15,丁家的店铺1382,pdd_aftersale_export,interaction,pdd_aftersale_open_download_menu,click,button:has-text('下载数据'),是
2026-04-25 08:16:43,4595.848,261531.90,丁家的店铺1382,pdd_aftersale_export,interaction,export_pdd_aftersale_query_orders,click+download,"Locator.wait_for: Timeout 26000ms exceeded.
Call log:
  - waiting for locator(""[role='menuitem']:has-text('下载查询订单')"").first to be visible
",否
2026-04-25 08:16:43,4595.854,5.77,丁家的店铺1382,pdd_aftersale_export,interaction,export_pdd_aftersale_query_orders,pdd_module_reload_retry,拼多多售后：「下载查询订单」menuitem 未在超时内可见；整页刷新后从本页第一步重试一次,是
2026-04-25 08:16:58,4611.399,15544.99,丁家的店铺1382,pdd_aftersale_export,interaction,pdd_close_print_ad_modal,click,"Locator.wait_for: Timeout 3000ms exceeded.
Call log:
  - waiting for locator(""div.MDL_outerWrapper_5-174-0 div[class*='closeIcon']"").first to be visible
",否
2026-04-25 08:17:01,4614.298,2898.80,丁家的店铺1382,pdd_aftersale_export,interaction,pdd_aftersale_time_type,selectFilter,已选择「售后申请时间」（候选: 售后申请时间）,是
2026-04-25 08:17:02,4615.643,1344.83,丁家的店铺1382,pdd_aftersale_export,interaction,pdd_aftersale_query,click,button:has-text('查询'),是
2026-04-25 08:17:04,4617.152,1509.20,丁家的店铺1382,pdd_aftersale_export,interaction,pdd_aftersale_open_download_menu,click,button:has-text('下载数据'),是
2026-04-25 08:17:07,4620.580,3428.53,丁家的店铺1382,pdd_aftersale_export,interaction,export_pdd_aftersale_query_orders,click+download,D:\Program Files (x86)\fff2_dianshang\output\拼多多数据提取_20260425_070006_5a34765b\downloads\拼多多数据提取_1_2026-04-24\丁家的店铺1382_售后单_raw_2026-04-24.xlsx,是
2026-04-25 08:17:10,4623.486,2906.20,丁家的店铺1382,pdd_trade_data_operation,nav,goto,open_url,https://mms.pinduoduo.com/sycm/stores_data/operation?dateFlag=0,是
2026-04-25 08:17:18,4631.148,7661.38,丁家的店铺1382,pdd_trade_data_operation,interaction,pdd_trade_scroll_to_bottom_before_page_size,scroll,window:end,是
2026-04-25 08:18:48,4721.687,90539.42,丁家的店铺1382,pdd_trade_data_operation,interaction,pdd_trade_table_page_size_open,click,#mf-mms-sycm-container div[class*='select']:has-text('10'),是
2026-04-25 08:19:12,4745.803,24116.13,丁家的店铺1382,pdd_trade_data_operation,interaction,pdd_trade_table_page_size_50,click,li[role='option']:has-text('50'),是
2026-04-25 08:19:52,4785.057,39253.99,丁家的店铺1382,pdd_trade_data_operation,field,成交金额,extract:tableColumnAgg,104.34  ← tableColumnAgg:#mf-mms-sycm-container > div > div > div > div:nth-child(5) > div.TB_outerWrapper_5-158-0.TB_bordered_5-158-0.TB_notTree#col1 n=13 p=1 sum,是
2026-04-25 08:20:28,4821.365,36307.40,丁家的店铺1382,pdd_trade_data_operation,field,成交订单数,extract:tableColumnAgg,24  ← tableColumnAgg:#mf-mms-sycm-container > div > div > div > div:nth-child(5) > div.TB_outerWrapper_5-158-0.TB_bordered_5-158-0.TB_notTree#col2 n=13 p=1 sum,是
2026-04-25 08:21:04,4857.660,36295.27,丁家的店铺1382,pdd_trade_data_operation,field,成交买家数,extract:tableColumnAgg,23.00  ← tableColumnAgg:#mf-mms-sycm-container > div > div > div > div:nth-child(5) > div.TB_outerWrapper_5-158-0.TB_bordered_5-158-0.TB_notTree#col3 n=13 p=1 sum,是
2026-04-25 08:21:05,4857.902,241.77,丁家的店铺1382,pdd_trade_data_operation,field,客单价,extract:computedDivide,4.54  ← computedDivide:pdd_trade_amount/pdd_trade_buyer_count,是
2026-04-25 08:21:05,4858.267,365.66,丁家的店铺1382,pdd_promotion_overview,nav,goto,open_url,https://yingxiao.pinduoduo.com/goods/report/promotion/overView?beginDate=2026-04-24&endDate=2026-04-24&msfrom=mms_sidenav,是
2026-04-25 08:21:09,4862.559,4291.46,丁家的店铺1382,pdd_promotion_overview,interaction,pdd_overview_switch_to_table,click,#page-container div[class*='TabRow_radioWrap'] label:has-text('表格'),是
2026-04-25 08:21:11,4864.621,2062.43,丁家的店铺1382,pdd_promotion_overview,interaction,pdd_overview_uncheck_compare_time,click,#page-container label.anq-checkbox-wrapper-checked:has-text('对比时间'),是
2026-04-25 08:21:15,4867.957,3335.80,丁家的店铺1382,pdd_promotion_overview,field,成本花费(元),extract:tableTotalByHeader,17.92  ← tableTotalByHeader:#page-container > div > div.OverviewInternal_contentWrapper__QeUQR > div > div.ReportOverview_wrap__oJSxK > div:nth-chil#col1 row=firstBodyRow hdr=成交花费(元),是
2026-04-25 08:21:15,4868.251,293.82,丁家的店铺1382,pdd_promotion_overview,field,净实际投产比,extract:tableTotalByHeader,5.61  ← tableTotalByHeader:#page-container > div > div.OverviewInternal_contentWrapper__QeUQR > div > div.ReportOverview_wrap__oJSxK > div:nth-chil#col7 row=firstBodyRow hdr=净实际投产比,是
2026-04-25 08:21:15,4868.560,309.29,丁家的店铺1382,pdd_promotion_overview,field,每笔净成交花费(元),extract:tableTotalByHeader,0.78  ← tableTotalByHeader:#page-container > div > div.OverviewInternal_contentWrapper__QeUQR > div > div.ReportOverview_wrap__oJSxK > div:nth-chil#col9 row=firstBodyRow hdr=每笔净成交花费,是
2026-04-25 08:21:16,4868.940,380.21,丁家的店铺1382,pdd_cashier_bills_reconcile,nav,goto,open_url,https://mms.pinduoduo.com/cashier/finance/payment-bills,是
2026-04-25 08:21:23,4876.525,7584.36,丁家的店铺1382,pdd_cashier_bills_reconcile,interaction,pdd_cashier_open_time_filter,click,xpath=//*[@id='root']/div/div[2]/div/div[1]/div/div[3]/div/div[2]/div[2]/div/div[1]/div/div/div[1]/div/div/div/div/div/div[1]/input,是
2026-04-25 08:21:26,4879.538,3013.12,丁家的店铺1382,pdd_cashier_bills_reconcile,interaction,pdd_cashier_quick_yesterday,click,div[class*='RPR_quickPickerWrapper'] button:has-text('昨天'),是
2026-04-25 08:21:29,4882.561,3023.53,丁家的店铺1382,pdd_cashier_bills_reconcile,interaction,pdd_cashier_expand_advanced,click,a:has-text('展开高级选项'),是
2026-04-25 08:21:30,4883.752,1190.39,丁家的店铺1382,pdd_cashier_bills_reconcile,interaction,pdd_cashier_acct_type_技术服务费,click,"xpath=(//div[contains(@class,'Container_container')]//div[contains(@class,'TAB_outerWrapper')]//div[contains(@class,'TAB_content')]/div/div[1]/div//label[.//*[contains(@class,'CBX_textWrapper')][normalize-space()='技术服务费']])[1]",是
2026-04-25 08:21:33,4886.251,2499.02,丁家的店铺1382,pdd_cashier_bills_reconcile,interaction,pdd_cashier_acct_type_多多进宝,click,"xpath=(//div[contains(@class,'Container_container')]//div[contains(@class,'TAB_outerWrapper')]//div[contains(@class,'TAB_content')]/div/div[1]/div//label[.//*[contains(@class,'CBX_textWrapper')][normalize-space()='多多进宝']])[1]",是
2026-04-25 08:21:34,4887.444,1193.45,丁家的店铺1382,pdd_cashier_bills_reconcile,interaction,pdd_cashier_acct_type_扣款,click,"xpath=(//div[contains(@class,'Container_container')]//div[contains(@class,'TAB_outerWrapper')]//div[contains(@class,'TAB_content')]/div/div[1]/div//label[.//*[contains(@class,'CBX_textWrapper')][normalize-space()='扣款']])[1]",是
2026-04-25 08:21:37,4889.874,2429.72,丁家的店铺1382,pdd_cashier_bills_reconcile,interaction,pdd_cashier_acct_type_其他服务,click,"xpath=(//div[contains(@class,'Container_container')]//div[contains(@class,'TAB_outerWrapper')]//div[contains(@class,'TAB_content')]/div/div[1]/div//label[.//*[contains(@class,'CBX_textWrapper')][normalize-space()='其他服务']])[1]",是
2026-04-25 08:21:38,4891.068,1193.88,丁家的店铺1382,pdd_cashier_bills_reconcile,interaction,pdd_cashier_acct_type_其他,click,"xpath=(//div[contains(@class,'Container_container')]//div[contains(@class,'TAB_outerWrapper')]//div[contains(@class,'TAB_content')]/div/div[1]/div//label[.//*[contains(@class,'CBX_textWrapper')][normalize-space()='其他']])[1]",是
2026-04-25 08:21:40,4893.566,2498.25,丁家的店铺1382,pdd_cashier_bills_reconcile,interaction,pdd_cashier_acct_type_分账,click,"xpath=(//div[contains(@class,'Container_container')]//div[contains(@class,'TAB_outerWrapper')]//div[contains(@class,'TAB_content')]/div/div[1]/div//label[.//*[contains(@class,'CBX_textWrapper')][normalize-space()='分账']])[1]",是
2026-04-25 08:21:41,4894.754,1187.61,丁家的店铺1382,pdd_cashier_bills_reconcile,interaction,pdd_cashier_acct_type_服务消费,click,"xpath=(//div[contains(@class,'Container_container')]//div[contains(@class,'TAB_outerWrapper')]//div[contains(@class,'TAB_content')]/div/div[1]/div//label[.//*[contains(@class,'CBX_textWrapper')][normalize-space()='服务消费']])[1]",是
2026-04-25 08:21:44,4897.209,2454.99,丁家的店铺1382,pdd_cashier_bills_reconcile,interaction,pdd_cashier_query,click,#root div[class*='Container_container'] button:has-text('查询'),是
2026-04-25 08:21:55,4908.007,10798.66,丁家的店铺1382,pdd_cashier_bills_reconcile,interaction,export_pdd_cashier_balance,click+download,D:\Program Files (x86)\fff2_dianshang\output\拼多多数据提取_20260425_070006_5a34765b\downloads\拼多多数据提取_1_2026-04-24\丁家的店铺1382_对账_2026-04-24_raw.zip,是
2026-04-25 08:21:59,4911.879,3871.04,俊少家的小铺1692,globalAccountLoop,nav,goto,open_url,https://mms.pinduoduo.com/login/,是
2026-04-25 08:21:59,4911.886,7.56,俊少家的小铺1692,globalAccountLoop,account,switch,switchAccount,globalAccountLoop：锚点无需 UI 切店（如拼多多：店铺轮次由 pageIds 内登录与业务页完成）,是
2026-04-25 08:21:59,4912.315,429.12,俊少家的小铺1692,pdd_login_switch,nav,goto,skip_same_url,https://mms.pinduoduo.com/login/,是
2026-04-25 08:22:00,4913.726,1410.66,俊少家的小铺1692,pdd_login_switch,interaction,pdd_login_tab_account,click,#root > div.pdd-app-skeleton > div > div > main > div > section.login-content > div > div > div > div.login-tab > div > div > div:nth-child(2),是
2026-04-25 08:22:01,4914.389,662.67,俊少家的小铺1692,pdd_login_switch,interaction,pdd_input_username_current_account,input,#usernameId <- account_username,是
2026-04-25 08:22:02,4914.968,579.94,俊少家的小铺1692,pdd_login_switch,interaction,pdd_click_login_submit,click,#root > div.pdd-app-skeleton > div > div > main > div > section.login-content > div > div > div > div.password-section > section > div > div > button,是
2026-04-25 08:22:06,4919.341,4372.88,俊少家的小铺1692,pdd_aftersale_export,nav,goto,open_url,https://mms.pinduoduo.com/print/after-sale-list,是
2026-04-25 08:22:13,4926.532,7190.57,俊少家的小铺1692,pdd_aftersale_export,interaction,pdd_close_print_ad_modal,click,div[class*='MmsUiPosterModal___closeIcon'],是
2026-04-25 08:22:15,4927.960,1427.78,俊少家的小铺1692,pdd_aftersale_export,interaction,pdd_aftersale_time_type,selectFilter,已选择「售后申请时间」（候选: 售后申请时间）,是
2026-04-25 08:22:15,4928.455,495.39,俊少家的小铺1692,pdd_aftersale_export,interaction,pdd_aftersale_query,click,button:has-text('查询'),是
2026-04-25 08:22:17,4929.857,1402.12,俊少家的小铺1692,pdd_aftersale_export,interaction,pdd_aftersale_open_download_menu,click,button:has-text('下载数据'),是
2026-04-25 08:22:19,4932.240,2382.54,俊少家的小铺1692,pdd_aftersale_export,interaction,export_pdd_aftersale_query_orders,click+download,D:\Program Files (x86)\fff2_dianshang\output\拼多多数据提取_20260425_070006_5a34765b\downloads\拼多多数据提取_1_2026-04-24\俊少家的小铺1692_售后单_raw_2026-04-24.xlsx,是
2026-04-25 08:22:22,4935.060,2820.03,俊少家的小铺1692,pdd_trade_data_operation,nav,goto,open_url,https://mms.pinduoduo.com/sycm/stores_data/operation?dateFlag=0,是
2026-04-25 08:22:29,4942.757,7697.37,俊少家的小铺1692,pdd_trade_data_operation,interaction,pdd_trade_scroll_to_bottom_before_page_size,scroll,window:end,是
2026-04-25 08:23:58,5031.512,88755.14,俊少家的小铺1692,pdd_trade_data_operation,interaction,pdd_trade_table_page_size_open,click,#mf-mms-sycm-container div[class*='select']:has-text('10'),是
2026-04-25 08:24:21,5054.099,22586.93,俊少家的小铺1692,pdd_trade_data_operation,interaction,pdd_trade_table_page_size_50,click,li[role='option']:has-text('50'),是
2026-04-25 08:25:00,5093.324,39225.06,俊少家的小铺1692,pdd_trade_data_operation,field,成交金额,extract:tableColumnAgg,160.81  ← tableColumnAgg:#mf-mms-sycm-container > div > div > div > div:nth-child(5) > div.TB_outerWrapper_5-158-0.TB_bordered_5-158-0.TB_notTree#col1 n=23 p=1 sum,是
2026-04-25 08:25:36,5129.617,36292.41,俊少家的小铺1692,pdd_trade_data_operation,field,成交订单数,extract:tableColumnAgg,42  ← tableColumnAgg:#mf-mms-sycm-container > div > div > div > div:nth-child(5) > div.TB_outerWrapper_5-158-0.TB_bordered_5-158-0.TB_notTree#col2 n=23 p=1 sum,是
2026-04-25 08:26:13,5165.908,36291.76,俊少家的小铺1692,pdd_trade_data_operation,field,成交买家数,extract:tableColumnAgg,40.00  ← tableColumnAgg:#mf-mms-sycm-container > div > div > div > div:nth-child(5) > div.TB_outerWrapper_5-158-0.TB_bordered_5-158-0.TB_notTree#col3 n=23 p=1 sum,是
2026-04-25 08:26:13,5166.169,260.49,俊少家的小铺1692,pdd_trade_data_operation,field,客单价,extract:computedDivide,4.02  ← computedDivide:pdd_trade_amount/pdd_trade_buyer_count,是
2026-04-25 08:26:13,5166.550,381.24,俊少家的小铺1692,pdd_promotion_overview,nav,goto,open_url,https://yingxiao.pinduoduo.com/goods/report/promotion/overView?beginDate=2026-04-24&endDate=2026-04-24&msfrom=mms_sidenav,是
2026-04-25 08:26:18,5170.877,4326.39,俊少家的小铺1692,pdd_promotion_overview,interaction,pdd_overview_switch_to_table,click,#page-container div[class*='TabRow_radioWrap'] label:has-text('表格'),是
2026-04-25 08:26:19,5172.552,1675.34,俊少家的小铺1692,pdd_promotion_overview,interaction,pdd_overview_uncheck_compare_time,click,#page-container label.anq-checkbox-wrapper-checked:has-text('对比时间'),是
2026-04-25 08:26:23,5175.863,3310.70,俊少家的小铺1692,pdd_promotion_overview,field,成本花费(元),extract:tableTotalByHeader,2.81  ← tableTotalByHeader:#page-container > div > div.OverviewInternal_contentWrapper__QeUQR > div > div.ReportOverview_wrap__oJSxK > div:nth-chil#col1 row=firstBodyRow hdr=成交花费(元),是
2026-04-25 08:26:23,5176.151,288.26,俊少家的小铺1692,pdd_promotion_overview,field,净实际投产比,extract:tableTotalByHeader,51.28  ← tableTotalByHeader:#page-container > div > div.OverviewInternal_contentWrapper__QeUQR > div > div.ReportOverview_wrap__oJSxK > div:nth-chil#col7 row=firstBodyRow hdr=净实际投产比,是
2026-04-25 08:26:23,5176.443,292.58,俊少家的小铺1692,pdd_promotion_overview,field,每笔净成交花费(元),extract:tableTotalByHeader,0.07  ← tableTotalByHeader:#page-container > div > div.OverviewInternal_contentWrapper__QeUQR > div > div.ReportOverview_wrap__oJSxK > div:nth-chil#col9 row=firstBodyRow hdr=每笔净成交花费,是
2026-04-25 08:26:23,5176.801,357.96,俊少家的小铺1692,pdd_cashier_bills_reconcile,nav,goto,open_url,https://mms.pinduoduo.com/cashier/finance/payment-bills,是
2026-04-25 08:26:27,5180.734,3932.47,俊少家的小铺1692,pdd_cashier_bills_reconcile,interaction,pdd_cashier_open_time_filter,click,xpath=//*[@id='root']/div/div[2]/div/div[1]/div/div[3]/div/div[2]/div[2]/div/div[1]/div/div/div[1]/div/div/div/div/div/div[1]/input,是
2026-04-25 08:26:28,5181.436,702.40,俊少家的小铺1692,pdd_cashier_bills_reconcile,interaction,pdd_cashier_quick_yesterday,click,div[class*='RPR_quickPickerWrapper'] button:has-text('昨天'),是
2026-04-25 08:26:29,5182.220,783.92,俊少家的小铺1692,pdd_cashier_bills_reconcile,interaction,pdd_cashier_expand_advanced,click,a:has-text('展开高级选项'),是
2026-04-25 08:26:30,5183.096,875.82,俊少家的小铺1692,pdd_cashier_bills_reconcile,interaction,pdd_cashier_acct_type_技术服务费,click,"xpath=(//div[contains(@class,'Container_container')]//div[contains(@class,'TAB_outerWrapper')]//div[contains(@class,'TAB_content')]/div/div[1]/div//label[.//*[contains(@class,'CBX_textWrapper')][normalize-space()='技术服务费']])[1]",是
2026-04-25 08:26:30,5183.586,489.73,俊少家的小铺1692,pdd_cashier_bills_reconcile,interaction,pdd_cashier_acct_type_多多进宝,click,"xpath=(//div[contains(@class,'Container_container')]//div[contains(@class,'TAB_outerWrapper')]//div[contains(@class,'TAB_content')]/div/div[1]/div//label[.//*[contains(@class,'CBX_textWrapper')][normalize-space()='多多进宝']])[1]",是
2026-04-25 08:26:31,5184.087,501.49,俊少家的小铺1692,pdd_cashier_bills_reconcile,interaction,pdd_cashier_acct_type_扣款,click,"xpath=(//div[contains(@class,'Container_container')]//div[contains(@class,'TAB_outerWrapper')]//div[contains(@class,'TAB_content')]/div/div[1]/div//label[.//*[contains(@class,'CBX_textWrapper')][normalize-space()='扣款']])[1]",是
2026-04-25 08:26:31,5184.573,485.56,俊少家的小铺1692,pdd_cashier_bills_reconcile,interaction,pdd_cashier_acct_type_其他服务,click,"xpath=(//div[contains(@class,'Container_container')]//div[contains(@class,'TAB_outerWrapper')]//div[contains(@class,'TAB_content')]/div/div[1]/div//label[.//*[contains(@class,'CBX_textWrapper')][normalize-space()='其他服务']])[1]",是
2026-04-25 08:26:32,5185.069,496.16,俊少家的小铺1692,pdd_cashier_bills_reconcile,interaction,pdd_cashier_acct_type_其他,click,"xpath=(//div[contains(@class,'Container_container')]//div[contains(@class,'TAB_outerWrapper')]//div[contains(@class,'TAB_content')]/div/div[1]/div//label[.//*[contains(@class,'CBX_textWrapper')][normalize-space()='其他']])[1]",是
2026-04-25 08:26:32,5185.554,484.63,俊少家的小铺1692,pdd_cashier_bills_reconcile,interaction,pdd_cashier_acct_type_分账,click,"xpath=(//div[contains(@class,'Container_container')]//div[contains(@class,'TAB_outerWrapper')]//div[contains(@class,'TAB_content')]/div/div[1]/div//label[.//*[contains(@class,'CBX_textWrapper')][normalize-space()='分账']])[1]",是
2026-04-25 08:26:33,5186.039,485.20,俊少家的小铺1692,pdd_cashier_bills_reconcile,interaction,pdd_cashier_acct_type_服务消费,click,"xpath=(//div[contains(@class,'Container_container')]//div[contains(@class,'TAB_outerWrapper')]//div[contains(@class,'TAB_content')]/div/div[1]/div//label[.//*[contains(@class,'CBX_textWrapper')][normalize-space()='服务消费']])[1]",是
2026-04-25 08:26:33,5186.524,484.88,俊少家的小铺1692,pdd_cashier_bills_reconcile,interaction,pdd_cashier_query,click,#root div[class*='Container_container'] button:has-text('查询'),是
2026-04-25 08:26:41,5194.437,7913.09,俊少家的小铺1692,pdd_cashier_bills_reconcile,interaction,export_pdd_cashier_balance,click+download,D:\Program Files (x86)\fff2_dianshang\output\拼多多数据提取_20260425_070006_5a34765b\downloads\拼多多数据提取_1_2026-04-24\俊少家的小铺1692_对账_2026-04-24_raw.zip,是
2026-04-25 08:26:45,5198.301,3864.44,甑维饰界供应链,globalAccountLoop,nav,goto,open_url,https://mms.pinduoduo.com/login/,是
2026-04-25 08:26:45,5198.310,8.35,甑维饰界供应链,globalAccountLoop,account,switch,switchAccount,globalAccountLoop：锚点无需 UI 切店（如拼多多：店铺轮次由 pageIds 内登录与业务页完成）,是
2026-04-25 08:26:45,5198.698,388.74,甑维饰界供应链,pdd_login_switch,nav,goto,skip_same_url,https://mms.pinduoduo.com/login/,是
2026-04-25 08:26:47,5200.106,1407.72,甑维饰界供应链,pdd_login_switch,interaction,pdd_login_tab_account,click,#root > div.pdd-app-skeleton > div > div > main > div > section.login-content > div > div > div > div.login-tab > div > div > div:nth-child(2),是
2026-04-25 08:26:47,5200.766,659.88,甑维饰界供应链,pdd_login_switch,interaction,pdd_input_username_current_account,input,#usernameId <- account_username,是
2026-04-25 08:26:48,5201.337,571.13,甑维饰界供应链,pdd_login_switch,interaction,pdd_click_login_submit,click,#root > div.pdd-app-skeleton > div > div > main > div > section.login-content > div > div > div > div.password-section > section > div > div > button,是
2026-04-25 08:26:52,5205.683,4346.21,甑维饰界供应链,pdd_aftersale_export,nav,goto,open_url,https://mms.pinduoduo.com/print/after-sale-list,是
2026-04-25 08:26:59,5212.760,7076.41,甑维饰界供应链,pdd_aftersale_export,interaction,pdd_close_print_ad_modal,click,div[class*='MmsUiPosterModal___closeIcon'],是
2026-04-25 08:27:01,5214.162,1402.20,甑维饰界供应链,pdd_aftersale_export,interaction,pdd_aftersale_time_type,selectFilter,已选择「售后申请时间」（候选: 售后申请时间）,是
2026-04-25 08:27:01,5214.592,430.17,甑维饰界供应链,pdd_aftersale_export,interaction,pdd_aftersale_query,click,button:has-text('查询'),是
2026-04-25 08:27:03,5215.992,1399.82,甑维饰界供应链,pdd_aftersale_export,interaction,pdd_aftersale_open_download_menu,click,button:has-text('下载数据'),是
2026-04-25 08:32:28,5541.581,325588.87,甑维饰界供应链,pdd_aftersale_export,interaction,export_pdd_aftersale_query_orders,click+download,"Locator.wait_for: Timeout 26000ms exceeded.
Call log:
  - waiting for locator(""[role='menuitem']:has-text('下载查询订单')"").first to be visible
",否
2026-04-25 08:32:28,5541.588,7.42,甑维饰界供应链,pdd_aftersale_export,interaction,export_pdd_aftersale_query_orders,pdd_module_reload_retry,拼多多售后：「下载查询订单」menuitem 未在超时内可见；整页刷新后从本页第一步重试一次,是
2026-04-25 08:32:44,5557.135,15547.22,甑维饰界供应链,pdd_aftersale_export,interaction,pdd_close_print_ad_modal,click,"Locator.wait_for: Timeout 3000ms exceeded.
Call log:
  - waiting for locator(""div.MDL_outerWrapper_5-174-0 div[class*='closeIcon']"").first to be visible
",否
2026-04-25 08:32:45,5558.301,1165.97,甑维饰界供应链,pdd_aftersale_export,interaction,pdd_aftersale_time_type,selectFilter,已选择「售后申请时间」（候选: 售后申请时间）,是
2026-04-25 08:32:45,5558.732,430.29,甑维饰界供应链,pdd_aftersale_export,interaction,pdd_aftersale_query,click,button:has-text('查询'),是
2026-04-25 08:32:47,5560.133,1401.12,甑维饰界供应链,pdd_aftersale_export,interaction,pdd_aftersale_open_download_menu,click,button:has-text('下载数据'),是
2026-04-25 08:38:12,5885.710,325577.27,甑维饰界供应链,pdd_aftersale_export,interaction,export_pdd_aftersale_query_orders,click+download,"Locator.wait_for: Timeout 26000ms exceeded.
Call log:
  - waiting for locator(""[role='menuitem']:has-text('下载查询订单')"").first to be visible
",否
2026-04-25 08:38:15,5888.684,2973.90,甑维饰界供应链,pdd_trade_data_operation,nav,goto,open_url,https://mms.pinduoduo.com/sycm/stores_data/operation?dateFlag=0,是
2026-04-25 08:38:23,5896.344,7659.67,甑维饰界供应链,pdd_trade_data_operation,interaction,pdd_trade_scroll_to_bottom_before_page_size,scroll,window:end,是
2026-04-25 08:40:58,6051.074,154730.27,甑维饰界供应链,pdd_trade_data_operation,interaction,pdd_trade_table_page_size_open,click,"Locator.wait_for: Timeout 22000ms exceeded.
Call log:
  - waiting for locator(""#mf-mms-sycm-container span:has-text('10 条')"").first to be visible
",否
2026-04-25 08:43:32,6205.312,154237.75,甑维饰界供应链,pdd_trade_data_operation,interaction,pdd_trade_table_page_size_50,click,"Locator.wait_for: Timeout 22000ms exceeded.
Call log:
  - waiting for locator(""*:has-text('50 条/页')"").first to be visible
",否
2026-04-25 08:44:11,6244.035,38723.34,甑维饰界供应链,pdd_trade_data_operation,field,成交金额,extract:tableColumnAgg,"skipIfEmpty=true，空值已跳过：表格未可见（已试 3 个选择器）: Locator.wait_for: Timeout 12000ms exceeded.
Call log:
  - waiting for locator(""#mf-mms-sycm-container div[class*='TB_body'] table"").first to be visible
    28 × locator resolved to hidden <table class",是
2026-04-25 08:44:47,6280.253,36218.04,甑维饰界供应链,pdd_trade_data_operation,field,成交订单数,extract:tableColumnAgg,"skipIfEmpty=true，空值已跳过：表格未可见（已试 3 个选择器）: Locator.wait_for: Timeout 12000ms exceeded.
Call log:
  - waiting for locator(""#mf-mms-sycm-container div[class*='TB_body'] table"").first to be visible
    29 × locator resolved to hidden <table class",是
2026-04-25 08:45:23,6316.468,36214.61,甑维饰界供应链,pdd_trade_data_operation,field,成交买家数,extract:tableColumnAgg,"skipIfEmpty=true，空值已跳过：表格未可见（已试 3 个选择器）: Locator.wait_for: Timeout 12000ms exceeded.
Call log:
  - waiting for locator(""#mf-mms-sycm-container div[class*='TB_body'] table"").first to be visible
    29 × locator resolved to hidden <table class",是
2026-04-25 08:45:23,6316.657,189.48,甑维饰界供应链,pdd_trade_data_operation,field,客单价,extract:computedDivide,skipIfEmpty=true，空值已跳过：依赖字段缺失或非数值: pdd_trade_amount/pdd_trade_buyer_count,是
2026-04-25 08:45:24,6317.010,352.83,甑维饰界供应链,pdd_promotion_overview,nav,goto,open_url,https://yingxiao.pinduoduo.com/goods/report/promotion/overView?beginDate=2026-04-24&endDate=2026-04-24&msfrom=mms_sidenav,是
2026-04-25 08:45:28,6321.236,4225.95,甑维饰界供应链,pdd_promotion_overview,interaction,pdd_overview_switch_to_table,click,#page-container div[class*='TabRow_radioWrap'] label:has-text('表格'),是
2026-04-25 08:45:30,6322.837,1600.98,甑维饰界供应链,pdd_promotion_overview,interaction,pdd_overview_uncheck_compare_time,click,#page-container label.anq-checkbox-wrapper-checked:has-text('对比时间'),是
2026-04-25 08:45:33,6326.129,3292.26,甑维饰界供应链,pdd_promotion_overview,field,成本花费(元),extract:tableTotalByHeader,0.00  ← tableTotalByHeader:#page-container > div > div.OverviewInternal_contentWrapper__QeUQR > div > div.ReportOverview_wrap__oJSxK > div:nth-chil#col1 row=firstBodyRow hdr=成交花费(元),是
2026-04-25 08:45:33,6326.386,257.39,甑维饰界供应链,pdd_promotion_overview,field,净实际投产比,extract:tableTotalByHeader,0.00  ← tableTotalByHeader:#page-container > div > div.OverviewInternal_contentWrapper__QeUQR > div > div.ReportOverview_wrap__oJSxK > div:nth-chil#col6 row=firstBodyRow hdr=净实际投产比,是
2026-04-25 08:45:33,6326.660,273.67,甑维饰界供应链,pdd_promotion_overview,field,每笔净成交花费(元),extract:tableTotalByHeader,0.00  ← tableTotalByHeader:#page-container > div > div.OverviewInternal_contentWrapper__QeUQR > div > div.ReportOverview_wrap__oJSxK > div:nth-chil#col8 row=firstBodyRow hdr=每笔净成交花费,是
2026-04-25 08:45:34,6326.985,324.56,甑维饰界供应链,pdd_cashier_bills_reconcile,nav,goto,open_url,https://mms.pinduoduo.com/cashier/finance/payment-bills,是
2026-04-25 08:45:38,6330.924,3939.26,甑维饰界供应链,pdd_cashier_bills_reconcile,interaction,pdd_cashier_open_time_filter,click,xpath=//*[@id='root']/div/div[2]/div/div[1]/div/div[3]/div/div[2]/div[2]/div/div[1]/div/div/div[1]/div/div/div/div/div/div[1]/input,是
2026-04-25 08:45:38,6331.622,698.25,甑维饰界供应链,pdd_cashier_bills_reconcile,interaction,pdd_cashier_quick_yesterday,click,div[class*='RPR_quickPickerWrapper'] button:has-text('昨天'),是
2026-04-25 08:45:39,6332.403,781.17,甑维饰界供应链,pdd_cashier_bills_reconcile,interaction,pdd_cashier_expand_advanced,click,a:has-text('展开高级选项'),是
2026-04-25 08:45:40,6333.303,900.06,甑维饰界供应链,pdd_cashier_bills_reconcile,interaction,pdd_cashier_acct_type_技术服务费,click,"xpath=(//div[contains(@class,'Container_container')]//div[contains(@class,'TAB_outerWrapper')]//div[contains(@class,'TAB_content')]/div/div[1]/div//label[.//*[contains(@class,'CBX_textWrapper')][normalize-space()='技术服务费']])[1]",是
2026-04-25 08:45:40,6333.787,483.68,甑维饰界供应链,pdd_cashier_bills_reconcile,interaction,pdd_cashier_acct_type_多多进宝,click,"xpath=(//div[contains(@class,'Container_container')]//div[contains(@class,'TAB_outerWrapper')]//div[contains(@class,'TAB_content')]/div/div[1]/div//label[.//*[contains(@class,'CBX_textWrapper')][normalize-space()='多多进宝']])[1]",是
2026-04-25 08:45:41,6334.272,484.53,甑维饰界供应链,pdd_cashier_bills_reconcile,interaction,pdd_cashier_acct_type_扣款,click,"xpath=(//div[contains(@class,'Container_container')]//div[contains(@class,'TAB_outerWrapper')]//div[contains(@class,'TAB_content')]/div/div[1]/div//label[.//*[contains(@class,'CBX_textWrapper')][normalize-space()='扣款']])[1]",是
2026-04-25 08:45:41,6334.759,486.98,甑维饰界供应链,pdd_cashier_bills_reconcile,interaction,pdd_cashier_acct_type_其他服务,click,"xpath=(//div[contains(@class,'Container_container')]//div[contains(@class,'TAB_outerWrapper')]//div[contains(@class,'TAB_content')]/div/div[1]/div//label[.//*[contains(@class,'CBX_textWrapper')][normalize-space()='其他服务']])[1]",是
2026-04-25 08:45:42,6335.242,483.25,甑维饰界供应链,pdd_cashier_bills_reconcile,interaction,pdd_cashier_acct_type_其他,click,"xpath=(//div[contains(@class,'Container_container')]//div[contains(@class,'TAB_outerWrapper')]//div[contains(@class,'TAB_content')]/div/div[1]/div//label[.//*[contains(@class,'CBX_textWrapper')][normalize-space()='其他']])[1]",是
2026-04-25 08:45:42,6335.722,480.06,甑维饰界供应链,pdd_cashier_bills_reconcile,interaction,pdd_cashier_acct_type_分账,click,"xpath=(//div[contains(@class,'Container_container')]//div[contains(@class,'TAB_outerWrapper')]//div[contains(@class,'TAB_content')]/div/div[1]/div//label[.//*[contains(@class,'CBX_textWrapper')][normalize-space()='分账']])[1]",是
2026-04-25 08:45:43,6336.211,489.40,甑维饰界供应链,pdd_cashier_bills_reconcile,interaction,pdd_cashier_acct_type_服务消费,click,"xpath=(//div[contains(@class,'Container_container')]//div[contains(@class,'TAB_outerWrapper')]//div[contains(@class,'TAB_content')]/div/div[1]/div//label[.//*[contains(@class,'CBX_textWrapper')][normalize-space()='服务消费']])[1]",是
2026-04-25 08:45:43,6336.702,490.55,甑维饰界供应链,pdd_cashier_bills_reconcile,interaction,pdd_cashier_query,click,#root div[class*='Container_container'] button:has-text('查询'),是
2026-04-25 08:45:51,6344.552,7850.34,甑维饰界供应链,pdd_cashier_bills_reconcile,interaction,export_pdd_cashier_balance,click+download,D:\Program Files (x86)\fff2_dianshang\output\拼多多数据提取_20260425_070006_5a34765b\downloads\拼多多数据提取_1_2026-04-24\甑维饰界供应链_对账_2026-04-24_raw.zip,是
2026-04-25 08:45:55,6348.420,3867.70,饰界发饰屋,globalAccountLoop,nav,goto,open_url,https://mms.pinduoduo.com/login/,是
2026-04-25 08:45:55,6348.428,8.10,饰界发饰屋,globalAccountLoop,account,switch,switchAccount,globalAccountLoop：锚点无需 UI 切店（如拼多多：店铺轮次由 pageIds 内登录与业务页完成）,是
2026-04-25 08:45:55,6348.839,410.95,饰界发饰屋,pdd_login_switch,nav,goto,skip_same_url,https://mms.pinduoduo.com/login/,是
2026-04-25 08:45:57,6350.246,1407.18,饰界发饰屋,pdd_login_switch,interaction,pdd_login_tab_account,click,#root > div.pdd-app-skeleton > div > div > main > div > section.login-content > div > div > div > div.login-tab > div > div > div:nth-child(2),是
2026-04-25 08:45:58,6350.917,670.45,饰界发饰屋,pdd_login_switch,interaction,pdd_input_username_current_account,input,#usernameId <- account_username,是
2026-04-25 08:45:58,6351.498,581.85,饰界发饰屋,pdd_login_switch,interaction,pdd_click_login_submit,click,#root > div.pdd-app-skeleton > div > div > main > div > section.login-content > div > div > div > div.password-section > section > div > div > button,是
2026-04-25 08:46:03,6355.883,4384.45,饰界发饰屋,pdd_aftersale_export,nav,goto,open_url,https://mms.pinduoduo.com/print/after-sale-list,是
2026-04-25 08:46:10,6363.008,7125.02,饰界发饰屋,pdd_aftersale_export,interaction,pdd_close_print_ad_modal,click,div[class*='MmsUiPosterModal___closeIcon'],是
2026-04-25 08:46:11,6364.455,1447.54,饰界发饰屋,pdd_aftersale_export,interaction,pdd_aftersale_time_type,selectFilter,已选择「售后申请时间」（候选: 售后申请时间）,是
2026-04-25 08:46:12,6364.955,499.15,饰界发饰屋,pdd_aftersale_export,interaction,pdd_aftersale_query,click,button:has-text('查询'),是
2026-04-25 08:46:13,6366.371,1416.29,饰界发饰屋,pdd_aftersale_export,interaction,pdd_aftersale_open_download_menu,click,button:has-text('下载数据'),是
2026-04-25 08:46:16,6369.189,2818.00,饰界发饰屋,pdd_aftersale_export,interaction,export_pdd_aftersale_query_orders,click+download,D:\Program Files (x86)\fff2_dianshang\output\拼多多数据提取_20260425_070006_5a34765b\downloads\拼多多数据提取_1_2026-04-24\饰界发饰屋_售后单_raw_2026-04-24.xlsx,是
2026-04-25 08:46:19,6372.059,2870.29,饰界发饰屋,pdd_trade_data_operation,nav,goto,open_url,https://mms.pinduoduo.com/sycm/stores_data/operation?dateFlag=0,是
2026-04-25 08:46:26,6379.735,7676.09,饰界发饰屋,pdd_trade_data_operation,interaction,pdd_trade_scroll_to_bottom_before_page_size,scroll,window:end,是
2026-04-25 08:47:55,6468.535,88799.42,饰界发饰屋,pdd_trade_data_operation,interaction,pdd_trade_table_page_size_open,click,#mf-mms-sycm-container div[class*='select']:has-text('10'),是
2026-04-25 08:48:18,6491.129,22593.99,饰界发饰屋,pdd_trade_data_operation,interaction,pdd_trade_table_page_size_50,click,li[role='option']:has-text('50'),是
2026-04-25 08:48:57,6530.347,39217.98,饰界发饰屋,pdd_trade_data_operation,field,成交金额,extract:tableColumnAgg,1726.21  ← tableColumnAgg:#mf-mms-sycm-container > div > div > div > div:nth-child(5) > div.TB_outerWrapper_5-158-0.TB_bordered_5-158-0.TB_notTree#col1 n=28 p=1 sum,是
2026-04-25 08:49:33,6566.639,36292.33,饰界发饰屋,pdd_trade_data_operation,field,成交订单数,extract:tableColumnAgg,419  ← tableColumnAgg:#mf-mms-sycm-container > div > div > div > div:nth-child(5) > div.TB_outerWrapper_5-158-0.TB_bordered_5-158-0.TB_notTree#col2 n=28 p=1 sum,是
2026-04-25 08:50:10,6602.954,36315.28,饰界发饰屋,pdd_trade_data_operation,field,成交买家数,extract:tableColumnAgg,416.00  ← tableColumnAgg:#mf-mms-sycm-container > div > div > div > div:nth-child(5) > div.TB_outerWrapper_5-158-0.TB_bordered_5-158-0.TB_notTree#col3 n=28 p=1 sum,是
2026-04-25 08:50:10,6603.218,263.35,饰界发饰屋,pdd_trade_data_operation,field,客单价,extract:computedDivide,4.15  ← computedDivide:pdd_trade_amount/pdd_trade_buyer_count,是
2026-04-25 08:50:10,6603.593,375.66,饰界发饰屋,pdd_promotion_overview,nav,goto,open_url,https://yingxiao.pinduoduo.com/goods/report/promotion/overView?beginDate=2026-04-24&endDate=2026-04-24&msfrom=mms_sidenav,是
2026-04-25 08:50:15,6607.942,4349.05,饰界发饰屋,pdd_promotion_overview,interaction,pdd_overview_switch_to_table,click,#page-container div[class*='TabRow_radioWrap'] label:has-text('表格'),是
2026-04-25 08:50:16,6609.624,1681.16,饰界发饰屋,pdd_promotion_overview,interaction,pdd_overview_uncheck_compare_time,click,#page-container label.anq-checkbox-wrapper-checked:has-text('对比时间'),是
2026-04-25 08:50:20,6612.963,3339.41,饰界发饰屋,pdd_promotion_overview,field,成本花费(元),extract:tableTotalByHeader,435.58  ← tableTotalByHeader:#page-container > div > div.OverviewInternal_contentWrapper__QeUQR > div > div.ReportOverview_wrap__oJSxK > div:nth-chil#col1 row=firstBodyRow hdr=成交花费(元),是
2026-04-25 08:50:20,6613.268,304.80,饰界发饰屋,pdd_promotion_overview,field,净实际投产比,extract:tableTotalByHeader,3.82  ← tableTotalByHeader:#page-container > div > div.OverviewInternal_contentWrapper__QeUQR > div > div.ReportOverview_wrap__oJSxK > div:nth-chil#col7 row=firstBodyRow hdr=净实际投产比,是
2026-04-25 08:50:20,6613.572,304.14,饰界发饰屋,pdd_promotion_overview,field,每笔净成交花费(元),extract:tableTotalByHeader,1.08  ← tableTotalByHeader:#page-container > div > div.OverviewInternal_contentWrapper__QeUQR > div > div.ReportOverview_wrap__oJSxK > div:nth-chil#col9 row=firstBodyRow hdr=每笔净成交花费,是
2026-04-25 08:50:21,6613.938,365.71,饰界发饰屋,pdd_cashier_bills_reconcile,nav,goto,open_url,https://mms.pinduoduo.com/cashier/finance/payment-bills,是
2026-04-25 08:50:25,6617.897,3959.27,饰界发饰屋,pdd_cashier_bills_reconcile,interaction,pdd_cashier_open_time_filter,click,xpath=//*[@id='root']/div/div[2]/div/div[1]/div/div[3]/div/div[2]/div[2]/div/div[1]/div/div/div[1]/div/div/div/div/div/div[1]/input,是
2026-04-25 08:50:25,6618.604,706.78,饰界发饰屋,pdd_cashier_bills_reconcile,interaction,pdd_cashier_quick_yesterday,click,div[class*='RPR_quickPickerWrapper'] button:has-text('昨天'),是
2026-04-25 08:50:26,6619.407,803.04,饰界发饰屋,pdd_cashier_bills_reconcile,interaction,pdd_cashier_expand_advanced,click,a:has-text('展开高级选项'),是
2026-04-25 08:50:27,6620.289,881.90,饰界发饰屋,pdd_cashier_bills_reconcile,interaction,pdd_cashier_acct_type_技术服务费,click,"xpath=(//div[contains(@class,'Container_container')]//div[contains(@class,'TAB_outerWrapper')]//div[contains(@class,'TAB_content')]/div/div[1]/div//label[.//*[contains(@class,'CBX_textWrapper')][normalize-space()='技术服务费']])[1]",是
2026-04-25 08:50:27,6620.796,506.99,饰界发饰屋,pdd_cashier_bills_reconcile,interaction,pdd_cashier_acct_type_多多进宝,click,"xpath=(//div[contains(@class,'Container_container')]//div[contains(@class,'TAB_outerWrapper')]//div[contains(@class,'TAB_content')]/div/div[1]/div//label[.//*[contains(@class,'CBX_textWrapper')][normalize-space()='多多进宝']])[1]",是
2026-04-25 08:50:28,6621.288,492.12,饰界发饰屋,pdd_cashier_bills_reconcile,interaction,pdd_cashier_acct_type_扣款,click,"xpath=(//div[contains(@class,'Container_container')]//div[contains(@class,'TAB_outerWrapper')]//div[contains(@class,'TAB_content')]/div/div[1]/div//label[.//*[contains(@class,'CBX_textWrapper')][normalize-space()='扣款']])[1]",是
2026-04-25 08:50:28,6621.807,519.44,饰界发饰屋,pdd_cashier_bills_reconcile,interaction,pdd_cashier_acct_type_其他服务,click,"xpath=(//div[contains(@class,'Container_container')]//div[contains(@class,'TAB_outerWrapper')]//div[contains(@class,'TAB_content')]/div/div[1]/div//label[.//*[contains(@class,'CBX_textWrapper')][normalize-space()='其他服务']])[1]",是
2026-04-25 08:50:29,6622.305,497.58,饰界发饰屋,pdd_cashier_bills_reconcile,interaction,pdd_cashier_acct_type_其他,click,"xpath=(//div[contains(@class,'Container_container')]//div[contains(@class,'TAB_outerWrapper')]//div[contains(@class,'TAB_content')]/div/div[1]/div//label[.//*[contains(@class,'CBX_textWrapper')][normalize-space()='其他']])[1]",是
2026-04-25 08:50:29,6622.789,484.54,饰界发饰屋,pdd_cashier_bills_reconcile,interaction,pdd_cashier_acct_type_分账,click,"xpath=(//div[contains(@class,'Container_container')]//div[contains(@class,'TAB_outerWrapper')]//div[contains(@class,'TAB_content')]/div/div[1]/div//label[.//*[contains(@class,'CBX_textWrapper')][normalize-space()='分账']])[1]",是
2026-04-25 08:50:30,6623.274,485.10,饰界发饰屋,pdd_cashier_bills_reconcile,interaction,pdd_cashier_acct_type_服务消费,click,"xpath=(//div[contains(@class,'Container_container')]//div[contains(@class,'TAB_outerWrapper')]//div[contains(@class,'TAB_content')]/div/div[1]/div//label[.//*[contains(@class,'CBX_textWrapper')][normalize-space()='服务消费']])[1]",是
2026-04-25 08:50:30,6623.761,486.25,饰界发饰屋,pdd_cashier_bills_reconcile,interaction,pdd_cashier_query,click,#root div[class*='Container_container'] button:has-text('查询'),是
2026-04-25 08:50:38,6631.708,7947.87,饰界发饰屋,pdd_cashier_bills_reconcile,interaction,export_pdd_cashier_balance,click+download,D:\Program Files (x86)\fff2_dianshang\output\拼多多数据提取_20260425_070006_5a34765b\downloads\拼多多数据提取_1_2026-04-24\饰界发饰屋_对账_2026-04-24_raw.zip,是
2026-04-25 08:50:42,6635.568,3859.60,甑维鞋业,globalAccountLoop,nav,goto,open_url,https://mms.pinduoduo.com/login/,是
2026-04-25 08:50:42,6635.577,8.70,甑维鞋业,globalAccountLoop,account,switch,switchAccount,globalAccountLoop：锚点无需 UI 切店（如拼多多：店铺轮次由 pageIds 内登录与业务页完成）,是
2026-04-25 08:50:43,6635.982,405.71,甑维鞋业,pdd_login_switch,nav,goto,skip_same_url,https://mms.pinduoduo.com/login/,是
2026-04-25 08:50:44,6637.383,1400.53,甑维鞋业,pdd_login_switch,interaction,pdd_login_tab_account,click,#root > div.pdd-app-skeleton > div > div > main > div > section.login-content > div > div > div > div.login-tab > div > div > div:nth-child(2),是
2026-04-25 08:50:45,6638.045,662.34,甑维鞋业,pdd_login_switch,interaction,pdd_input_username_current_account,input,#usernameId <- account_username,是
2026-04-25 08:50:45,6638.616,570.57,甑维鞋业,pdd_login_switch,interaction,pdd_click_login_submit,click,#root > div.pdd-app-skeleton > div > div > main > div > section.login-content > div > div > div > div.password-section > section > div > div > button,是
2026-04-25 08:50:50,6642.986,4370.34,甑维鞋业,pdd_aftersale_export,nav,goto,open_url,https://mms.pinduoduo.com/print/after-sale-list,是
2026-04-25 08:50:57,6650.115,7128.89,甑维鞋业,pdd_aftersale_export,interaction,pdd_close_print_ad_modal,click,div[class*='MmsUiPosterModal___closeIcon'],是
2026-04-25 08:50:58,6651.524,1409.36,甑维鞋业,pdd_aftersale_export,interaction,pdd_aftersale_time_type,selectFilter,已选择「售后申请时间」（候选: 售后申请时间）,是
2026-04-25 08:50:59,6652.075,550.12,甑维鞋业,pdd_aftersale_export,interaction,pdd_aftersale_query,click,button:has-text('查询'),是
2026-04-25 08:51:00,6653.504,1429.16,甑维鞋业,pdd_aftersale_export,interaction,pdd_aftersale_open_download_menu,click,button:has-text('下载数据'),是
2026-04-25 08:51:02,6655.476,1972.03,甑维鞋业,pdd_aftersale_export,interaction,export_pdd_aftersale_query_orders,click+download,D:\Program Files (x86)\fff2_dianshang\output\拼多多数据提取_20260425_070006_5a34765b\downloads\拼多多数据提取_1_2026-04-24\甑维鞋业_售后单_raw_2026-04-24.xlsx,是
2026-04-25 08:51:05,6658.503,3027.08,甑维鞋业,pdd_trade_data_operation,nav,goto,open_url,https://mms.pinduoduo.com/sycm/stores_data/operation?dateFlag=0,是
2026-04-25 08:51:13,6666.193,7690.38,甑维鞋业,pdd_trade_data_operation,interaction,pdd_trade_scroll_to_bottom_before_page_size,scroll,window:end,是
2026-04-25 08:53:48,6820.911,154717.29,甑维鞋业,pdd_trade_data_operation,interaction,pdd_trade_table_page_size_open,click,"Locator.wait_for: Timeout 22000ms exceeded.
Call log:
  - waiting for locator(""#mf-mms-sycm-container span:has-text('10 条')"").first to be visible
",否
2026-04-25 08:56:22,6975.134,154223.89,甑维鞋业,pdd_trade_data_operation,interaction,pdd_trade_table_page_size_50,click,"Locator.wait_for: Timeout 22000ms exceeded.
Call log:
  - waiting for locator(""*:has-text('50 条/页')"").first to be visible
",否
2026-04-25 08:57:01,7013.931,38796.54,甑维鞋业,pdd_trade_data_operation,field,成交金额,extract:tableColumnAgg,29.48  ← tableColumnAgg:#mf-mms-sycm-container > div > div > div > div:nth-child(5) > div.TB_outerWrapper_5-158-0.TB_bordered_5-158-0.TB_notTree#col1 n=4 p=1 sum,是
2026-04-25 08:57:37,7050.201,36269.84,甑维鞋业,pdd_trade_data_operation,field,成交订单数,extract:tableColumnAgg,5  ← tableColumnAgg:#mf-mms-sycm-container > div > div > div > div:nth-child(5) > div.TB_outerWrapper_5-158-0.TB_bordered_5-158-0.TB_notTree#col2 n=4 p=1 sum,是
2026-04-25 08:58:13,7086.464,36262.79,甑维鞋业,pdd_trade_data_operation,field,成交买家数,extract:tableColumnAgg,4.00  ← tableColumnAgg:#mf-mms-sycm-container > div > div > div > div:nth-child(5) > div.TB_outerWrapper_5-158-0.TB_bordered_5-158-0.TB_notTree#col3 n=4 p=1 sum,是
2026-04-25 08:58:13,7086.707,243.66,甑维鞋业,pdd_trade_data_operation,field,客单价,extract:computedDivide,7.37  ← computedDivide:pdd_trade_amount/pdd_trade_buyer_count,是
2026-04-25 08:58:14,7087.057,349.85,甑维鞋业,pdd_promotion_overview,nav,goto,open_url,https://yingxiao.pinduoduo.com/goods/report/promotion/overView?beginDate=2026-04-24&endDate=2026-04-24&msfrom=mms_sidenav,是
2026-04-25 08:58:18,7091.364,4306.56,甑维鞋业,pdd_promotion_overview,interaction,pdd_overview_switch_to_table,click,#page-container div[class*='TabRow_radioWrap'] label:has-text('表格'),是
2026-04-25 08:58:20,7093.025,1661.31,甑维鞋业,pdd_promotion_overview,interaction,pdd_overview_uncheck_compare_time,click,#page-container label.anq-checkbox-wrapper-checked:has-text('对比时间'),是
2026-04-25 08:58:23,7096.344,3318.75,甑维鞋业,pdd_promotion_overview,field,成本花费(元),extract:tableTotalByHeader,0.22  ← tableTotalByHeader:#page-container > div > div.OverviewInternal_contentWrapper__QeUQR > div > div.ReportOverview_wrap__oJSxK > div:nth-chil#col1 row=firstBodyRow hdr=成交花费(元),是
2026-04-25 08:58:23,7096.629,285.31,甑维鞋业,pdd_promotion_overview,field,净实际投产比,extract:tableTotalByHeader,85.91  ← tableTotalByHeader:#page-container > div > div.OverviewInternal_contentWrapper__QeUQR > div > div.ReportOverview_wrap__oJSxK > div:nth-chil#col7 row=firstBodyRow hdr=净实际投产比,是
2026-04-25 08:58:24,7096.918,289.28,甑维鞋业,pdd_promotion_overview,field,每笔净成交花费(元),extract:tableTotalByHeader,0.07  ← tableTotalByHeader:#page-container > div > div.OverviewInternal_contentWrapper__QeUQR > div > div.ReportOverview_wrap__oJSxK > div:nth-chil#col9 row=firstBodyRow hdr=每笔净成交花费,是
2026-04-25 08:58:24,7097.292,373.34,甑维鞋业,pdd_cashier_bills_reconcile,nav,goto,open_url,https://mms.pinduoduo.com/cashier/finance/payment-bills,是
2026-04-25 08:58:28,7101.240,3948.64,甑维鞋业,pdd_cashier_bills_reconcile,interaction,pdd_cashier_open_time_filter,click,xpath=//*[@id='root']/div/div[2]/div/div[1]/div/div[3]/div/div[2]/div[2]/div/div[1]/div/div/div[1]/div/div/div/div/div/div[1]/input,是
2026-04-25 08:58:29,7101.943,702.68,甑维鞋业,pdd_cashier_bills_reconcile,interaction,pdd_cashier_quick_yesterday,click,div[class*='RPR_quickPickerWrapper'] button:has-text('昨天'),是
2026-04-25 08:58:29,7102.719,776.17,甑维鞋业,pdd_cashier_bills_reconcile,interaction,pdd_cashier_expand_advanced,click,a:has-text('展开高级选项'),是
2026-04-25 08:58:30,7103.601,881.97,甑维鞋业,pdd_cashier_bills_reconcile,interaction,pdd_cashier_acct_type_技术服务费,click,"xpath=(//div[contains(@class,'Container_container')]//div[contains(@class,'TAB_outerWrapper')]//div[contains(@class,'TAB_content')]/div/div[1]/div//label[.//*[contains(@class,'CBX_textWrapper')][normalize-space()='技术服务费']])[1]",是
2026-04-25 08:58:31,7104.100,498.57,甑维鞋业,pdd_cashier_bills_reconcile,interaction,pdd_cashier_acct_type_多多进宝,click,"xpath=(//div[contains(@class,'Container_container')]//div[contains(@class,'TAB_outerWrapper')]//div[contains(@class,'TAB_content')]/div/div[1]/div//label[.//*[contains(@class,'CBX_textWrapper')][normalize-space()='多多进宝']])[1]",是
2026-04-25 08:58:31,7104.583,483.71,甑维鞋业,pdd_cashier_bills_reconcile,interaction,pdd_cashier_acct_type_扣款,click,"xpath=(//div[contains(@class,'Container_container')]//div[contains(@class,'TAB_outerWrapper')]//div[contains(@class,'TAB_content')]/div/div[1]/div//label[.//*[contains(@class,'CBX_textWrapper')][normalize-space()='扣款']])[1]",是
2026-04-25 08:58:32,7105.069,485.14,甑维鞋业,pdd_cashier_bills_reconcile,interaction,pdd_cashier_acct_type_其他服务,click,"xpath=(//div[contains(@class,'Container_container')]//div[contains(@class,'TAB_outerWrapper')]//div[contains(@class,'TAB_content')]/div/div[1]/div//label[.//*[contains(@class,'CBX_textWrapper')][normalize-space()='其他服务']])[1]",是
2026-04-25 08:58:32,7105.571,502.49,甑维鞋业,pdd_cashier_bills_reconcile,interaction,pdd_cashier_acct_type_其他,click,"xpath=(//div[contains(@class,'Container_container')]//div[contains(@class,'TAB_outerWrapper')]//div[contains(@class,'TAB_content')]/div/div[1]/div//label[.//*[contains(@class,'CBX_textWrapper')][normalize-space()='其他']])[1]",是
2026-04-25 08:58:33,7106.061,490.33,甑维鞋业,pdd_cashier_bills_reconcile,interaction,pdd_cashier_acct_type_分账,click,"xpath=(//div[contains(@class,'Container_container')]//div[contains(@class,'TAB_outerWrapper')]//div[contains(@class,'TAB_content')]/div/div[1]/div//label[.//*[contains(@class,'CBX_textWrapper')][normalize-space()='分账']])[1]",是
2026-04-25 08:58:33,7106.552,490.65,甑维鞋业,pdd_cashier_bills_reconcile,interaction,pdd_cashier_acct_type_服务消费,click,"xpath=(//div[contains(@class,'Container_container')]//div[contains(@class,'TAB_outerWrapper')]//div[contains(@class,'TAB_content')]/div/div[1]/div//label[.//*[contains(@class,'CBX_textWrapper')][normalize-space()='服务消费']])[1]",是
2026-04-25 08:58:34,7107.044,491.99,甑维鞋业,pdd_cashier_bills_reconcile,interaction,pdd_cashier_query,click,#root div[class*='Container_container'] button:has-text('查询'),是
2026-04-25 08:58:42,7114.970,7926.38,甑维鞋业,pdd_cashier_bills_reconcile,interaction,export_pdd_cashier_balance,click+download,D:\Program Files (x86)\fff2_dianshang\output\拼多多数据提取_20260425_070006_5a34765b\downloads\拼多多数据提取_1_2026-04-24\甑维鞋业_对账_2026-04-24_raw.zip,是
2026-04-25 08:58:45,7118.834,3863.21,许小鹏的网店2647,globalAccountLoop,nav,goto,open_url,https://mms.pinduoduo.com/login/,是
2026-04-25 08:58:46,7118.842,8.75,许小鹏的网店2647,globalAccountLoop,account,switch,switchAccount,globalAccountLoop：锚点无需 UI 切店（如拼多多：店铺轮次由 pageIds 内登录与业务页完成）,是
2026-04-25 08:58:46,7119.235,392.22,许小鹏的网店2647,pdd_login_switch,nav,goto,skip_same_url,https://mms.pinduoduo.com/login/,是
2026-04-25 08:58:47,7120.649,1414.33,许小鹏的网店2647,pdd_login_switch,interaction,pdd_login_tab_account,click,#root > div.pdd-app-skeleton > div > div > main > div > section.login-content > div > div > div > div.login-tab > div > div > div:nth-child(2),是
2026-04-25 08:58:48,7121.318,668.88,许小鹏的网店2647,pdd_login_switch,interaction,pdd_input_username_current_account,input,#usernameId <- account_username,是
2026-04-25 08:58:49,7121.906,587.80,许小鹏的网店2647,pdd_login_switch,interaction,pdd_click_login_submit,click,#root > div.pdd-app-skeleton > div > div > main > div > section.login-content > div > div > div > div.password-section > section > div > div > button,是
2026-04-25 08:58:53,7126.313,4407.21,许小鹏的网店2647,pdd_aftersale_export,nav,goto,open_url,https://mms.pinduoduo.com/print/after-sale-list,是
2026-04-25 08:59:00,7133.436,7123.06,许小鹏的网店2647,pdd_aftersale_export,interaction,pdd_close_print_ad_modal,click,div[class*='MmsUiPosterModal___closeIcon'],是
2026-04-25 08:59:01,7134.832,1396.50,许小鹏的网店2647,pdd_aftersale_export,interaction,pdd_aftersale_time_type,selectFilter,已选择「售后申请时间」（候选: 售后申请时间）,是
2026-04-25 08:59:02,7135.340,507.61,许小鹏的网店2647,pdd_aftersale_export,interaction,pdd_aftersale_query,click,button:has-text('查询'),是
2026-04-25 08:59:03,7136.754,1414.42,许小鹏的网店2647,pdd_aftersale_export,interaction,pdd_aftersale_open_download_menu,click,button:has-text('下载数据'),是
2026-04-25 08:59:08,7141.261,4506.94,许小鹏的网店2647,pdd_aftersale_export,interaction,export_pdd_aftersale_query_orders,click+download,D:\Program Files (x86)\fff2_dianshang\output\拼多多数据提取_20260425_070006_5a34765b\downloads\拼多多数据提取_1_2026-04-24\许小鹏的网店2647_售后单_raw_2026-04-24.xlsx,是
2026-04-25 08:59:11,7144.138,2876.44,许小鹏的网店2647,pdd_trade_data_operation,nav,goto,open_url,https://mms.pinduoduo.com/sycm/stores_data/operation?dateFlag=0,是
2026-04-25 08:59:18,7151.823,7685.55,许小鹏的网店2647,pdd_trade_data_operation,interaction,pdd_trade_scroll_to_bottom_before_page_size,scroll,window:end,是
2026-04-25 09:00:47,7240.616,88792.31,许小鹏的网店2647,pdd_trade_data_operation,interaction,pdd_trade_table_page_size_open,click,#mf-mms-sycm-container div[class*='select']:has-text('10'),是
2026-04-25 09:01:10,7263.197,22581.58,许小鹏的网店2647,pdd_trade_data_operation,interaction,pdd_trade_table_page_size_50,click,li[role='option']:has-text('50'),是
2026-04-25 09:01:49,7302.427,39229.93,许小鹏的网店2647,pdd_trade_data_operation,field,成交金额,extract:tableColumnAgg,4208.41  ← tableColumnAgg:#mf-mms-sycm-container > div > div > div > div:nth-child(5) > div.TB_outerWrapper_5-158-0.TB_bordered_5-158-0.TB_notTree#col1 n=32 p=1 sum,是
2026-04-25 09:02:25,7338.720,36292.63,许小鹏的网店2647,pdd_trade_data_operation,field,成交订单数,extract:tableColumnAgg,1212  ← tableColumnAgg:#mf-mms-sycm-container > div > div > div > div:nth-child(5) > div.TB_outerWrapper_5-158-0.TB_bordered_5-158-0.TB_notTree#col2 n=32 p=1 sum,是
2026-04-25 09:03:02,7375.025,36305.63,许小鹏的网店2647,pdd_trade_data_operation,field,成交买家数,extract:tableColumnAgg,1170.00  ← tableColumnAgg:#mf-mms-sycm-container > div > div > div > div:nth-child(5) > div.TB_outerWrapper_5-158-0.TB_bordered_5-158-0.TB_notTree#col3 n=32 p=1 sum,是
2026-04-25 09:03:02,7375.280,254.88,许小鹏的网店2647,pdd_trade_data_operation,field,客单价,extract:computedDivide,3.60  ← computedDivide:pdd_trade_amount/pdd_trade_buyer_count,是
2026-04-25 09:03:02,7375.661,380.98,许小鹏的网店2647,pdd_promotion_overview,nav,goto,open_url,https://yingxiao.pinduoduo.com/goods/report/promotion/overView?beginDate=2026-04-24&endDate=2026-04-24&msfrom=mms_sidenav,是
2026-04-25 09:03:07,7380.004,4342.66,许小鹏的网店2647,pdd_promotion_overview,interaction,pdd_overview_switch_to_table,click,#page-container div[class*='TabRow_radioWrap'] label:has-text('表格'),是
2026-04-25 09:03:08,7381.696,1691.65,许小鹏的网店2647,pdd_promotion_overview,interaction,pdd_overview_uncheck_compare_time,click,#page-container label.anq-checkbox-wrapper-checked:has-text('对比时间'),是
2026-04-25 09:03:12,7385.014,3318.83,许小鹏的网店2647,pdd_promotion_overview,field,成本花费(元),extract:tableTotalByHeader,260.81  ← tableTotalByHeader:#page-container > div > div.OverviewInternal_contentWrapper__QeUQR > div > div.ReportOverview_wrap__oJSxK > div:nth-chil#col1 row=firstBodyRow hdr=成交花费(元),是
2026-04-25 09:03:12,7385.318,303.37,许小鹏的网店2647,pdd_promotion_overview,field,净实际投产比,extract:tableTotalByHeader,14.24  ← tableTotalByHeader:#page-container > div > div.OverviewInternal_contentWrapper__QeUQR > div > div.ReportOverview_wrap__oJSxK > div:nth-chil#col7 row=firstBodyRow hdr=净实际投产比,是
2026-04-25 09:03:12,7385.606,288.39,许小鹏的网店2647,pdd_promotion_overview,field,每笔净成交花费(元),extract:tableTotalByHeader,0.25  ← tableTotalByHeader:#page-container > div > div.OverviewInternal_contentWrapper__QeUQR > div > div.ReportOverview_wrap__oJSxK > div:nth-chil#col9 row=firstBodyRow hdr=每笔净成交花费,是
2026-04-25 09:03:13,7385.967,361.07,许小鹏的网店2647,pdd_cashier_bills_reconcile,nav,goto,open_url,https://mms.pinduoduo.com/cashier/finance/payment-bills,是
2026-04-25 09:03:17,7389.935,3967.45,许小鹏的网店2647,pdd_cashier_bills_reconcile,interaction,pdd_cashier_open_time_filter,click,xpath=//*[@id='root']/div/div[2]/div/div[1]/div/div[3]/div/div[2]/div[2]/div/div[1]/div/div/div[1]/div/div/div/div/div/div[1]/input,是
2026-04-25 09:03:17,7390.639,704.01,许小鹏的网店2647,pdd_cashier_bills_reconcile,interaction,pdd_cashier_quick_yesterday,click,div[class*='RPR_quickPickerWrapper'] button:has-text('昨天'),是
2026-04-25 09:03:18,7391.431,792.78,许小鹏的网店2647,pdd_cashier_bills_reconcile,interaction,pdd_cashier_expand_advanced,click,a:has-text('展开高级选项'),是
2026-04-25 09:03:19,7392.320,888.83,许小鹏的网店2647,pdd_cashier_bills_reconcile,interaction,pdd_cashier_acct_type_技术服务费,click,"xpath=(//div[contains(@class,'Container_container')]//div[contains(@class,'TAB_outerWrapper')]//div[contains(@class,'TAB_content')]/div/div[1]/div//label[.//*[contains(@class,'CBX_textWrapper')][normalize-space()='技术服务费']])[1]",是
2026-04-25 09:03:20,7392.835,515.22,许小鹏的网店2647,pdd_cashier_bills_reconcile,interaction,pdd_cashier_acct_type_多多进宝,click,"xpath=(//div[contains(@class,'Container_container')]//div[contains(@class,'TAB_outerWrapper')]//div[contains(@class,'TAB_content')]/div/div[1]/div//label[.//*[contains(@class,'CBX_textWrapper')][normalize-space()='多多进宝']])[1]",是
2026-04-25 09:03:20,7393.338,502.65,许小鹏的网店2647,pdd_cashier_bills_reconcile,interaction,pdd_cashier_acct_type_扣款,click,"xpath=(//div[contains(@class,'Container_container')]//div[contains(@class,'TAB_outerWrapper')]//div[contains(@class,'TAB_content')]/div/div[1]/div//label[.//*[contains(@class,'CBX_textWrapper')][normalize-space()='扣款']])[1]",是
2026-04-25 09:03:20,7393.829,491.30,许小鹏的网店2647,pdd_cashier_bills_reconcile,interaction,pdd_cashier_acct_type_其他服务,click,"xpath=(//div[contains(@class,'Container_container')]//div[contains(@class,'TAB_outerWrapper')]//div[contains(@class,'TAB_content')]/div/div[1]/div//label[.//*[contains(@class,'CBX_textWrapper')][normalize-space()='其他服务']])[1]",是
2026-04-25 09:03:21,7394.319,489.56,许小鹏的网店2647,pdd_cashier_bills_reconcile,interaction,pdd_cashier_acct_type_其他,click,"xpath=(//div[contains(@class,'Container_container')]//div[contains(@class,'TAB_outerWrapper')]//div[contains(@class,'TAB_content')]/div/div[1]/div//label[.//*[contains(@class,'CBX_textWrapper')][normalize-space()='其他']])[1]",是
2026-04-25 09:03:21,7394.803,484.07,许小鹏的网店2647,pdd_cashier_bills_reconcile,interaction,pdd_cashier_acct_type_分账,click,"xpath=(//div[contains(@class,'Container_container')]//div[contains(@class,'TAB_outerWrapper')]//div[contains(@class,'TAB_content')]/div/div[1]/div//label[.//*[contains(@class,'CBX_textWrapper')][normalize-space()='分账']])[1]",是
2026-04-25 09:03:22,7395.290,486.80,许小鹏的网店2647,pdd_cashier_bills_reconcile,interaction,pdd_cashier_acct_type_服务消费,click,"xpath=(//div[contains(@class,'Container_container')]//div[contains(@class,'TAB_outerWrapper')]//div[contains(@class,'TAB_content')]/div/div[1]/div//label[.//*[contains(@class,'CBX_textWrapper')][normalize-space()='服务消费']])[1]",是
2026-04-25 09:03:22,7395.814,524.23,许小鹏的网店2647,pdd_cashier_bills_reconcile,interaction,pdd_cashier_query,click,#root div[class*='Container_container'] button:has-text('查询'),是
2026-04-25 09:03:39,7412.265,16450.63,许小鹏的网店2647,pdd_cashier_bills_reconcile,interaction,export_pdd_cashier_balance,click+download,D:\Program Files (x86)\fff2_dianshang\output\拼多多数据提取_20260425_070006_5a34765b\downloads\拼多多数据提取_1_2026-04-24\许小鹏的网店2647_对账_2026-04-24_raw.zip,是
2026-04-25 09:03:43,7416.153,3888.17,小许的铺子9906,globalAccountLoop,nav,goto,open_url,https://mms.pinduoduo.com/login/,是
2026-04-25 09:03:43,7416.163,10.25,小许的铺子9906,globalAccountLoop,account,switch,switchAccount,globalAccountLoop：锚点无需 UI 切店（如拼多多：店铺轮次由 pageIds 内登录与业务页完成）,是
2026-04-25 09:03:43,7416.568,404.83,小许的铺子9906,pdd_login_switch,nav,goto,skip_same_url,https://mms.pinduoduo.com/login/,是
2026-04-25 09:03:45,7417.989,1420.92,小许的铺子9906,pdd_login_switch,interaction,pdd_login_tab_account,click,#root > div.pdd-app-skeleton > div > div > main > div > section.login-content > div > div > div > div.login-tab > div > div > div:nth-child(2),是
2026-04-25 09:03:45,7418.656,666.93,小许的铺子9906,pdd_login_switch,interaction,pdd_input_username_current_account,input,#usernameId <- account_username,是
2026-04-25 09:03:46,7419.229,572.74,小许的铺子9906,pdd_login_switch,interaction,pdd_click_login_submit,click,#root > div.pdd-app-skeleton > div > div > main > div > section.login-content > div > div > div > div.password-section > section > div > div > button,是
2026-04-25 09:03:50,7423.591,4362.77,小许的铺子9906,pdd_aftersale_export,nav,goto,open_url,https://mms.pinduoduo.com/print/after-sale-list,是
2026-04-25 09:04:06,7439.237,15645.97,小许的铺子9906,pdd_aftersale_export,interaction,pdd_close_print_ad_modal,click,div[class*='MmsUiPosterModal___closeIcon'],是
2026-04-25 09:05:16,7509.789,70551.92,小许的铺子9906,pdd_aftersale_export,interaction,pdd_aftersale_time_type,selectFilter,下拉已打开但未命中选项，已尝试文案: 售后申请时间,否
2026-04-25 09:05:26,7519.807,10018.15,小许的铺子9906,pdd_aftersale_export,interaction,pdd_aftersale_query,click,button:has-text('查询'),是
2026-04-25 09:05:36,7529.728,9921.14,小许的铺子9906,pdd_aftersale_export,interaction,pdd_aftersale_open_download_menu,click,button:has-text('下载数据'),是
2026-04-25 09:09:58,7791.206,261477.66,小许的铺子9906,pdd_aftersale_export,interaction,export_pdd_aftersale_query_orders,click+download,"Locator.wait_for: Timeout 26000ms exceeded.
Call log:
  - waiting for locator(""[role='menuitem']:has-text('下载查询订单')"").first to be visible
",否
2026-04-25 09:09:58,7791.215,8.39,小许的铺子9906,pdd_aftersale_export,interaction,export_pdd_aftersale_query_orders,pdd_module_reload_retry,拼多多售后：「下载查询订单」menuitem 未在超时内可见；整页刷新后从本页第一步重试一次,是
2026-04-25 09:10:13,7806.784,15569.28,小许的铺子9906,pdd_aftersale_export,interaction,pdd_close_print_ad_modal,click,"Locator.wait_for: Timeout 3000ms exceeded.
Call log:
  - waiting for locator(""div.MDL_outerWrapper_5-174-0 div[class*='closeIcon']"").first to be visible
",否
2026-04-25 09:10:17,7810.570,3785.76,小许的铺子9906,pdd_aftersale_export,interaction,pdd_aftersale_time_type,selectFilter,已选择「售后申请时间」（候选: 售后申请时间）,是
2026-04-25 09:10:19,7811.960,1390.07,小许的铺子9906,pdd_aftersale_export,interaction,pdd_aftersale_query,click,button:has-text('查询'),是
2026-04-25 09:10:21,7814.081,2121.01,小许的铺子9906,pdd_aftersale_export,interaction,pdd_aftersale_open_download_menu,click,button:has-text('下载数据'),是
2026-04-25 09:10:24,7816.921,2840.54,小许的铺子9906,pdd_aftersale_export,interaction,export_pdd_aftersale_query_orders,click+download,D:\Program Files (x86)\fff2_dianshang\output\拼多多数据提取_20260425_070006_5a34765b\downloads\拼多多数据提取_1_2026-04-24\小许的铺子9906_售后单_raw_2026-04-24.xlsx,是
2026-04-25 09:10:26,7819.757,2835.74,小许的铺子9906,pdd_trade_data_operation,nav,goto,open_url,https://mms.pinduoduo.com/sycm/stores_data/operation?dateFlag=0,是
2026-04-25 09:10:34,7827.437,7679.72,小许的铺子9906,pdd_trade_data_operation,interaction,pdd_trade_scroll_to_bottom_before_page_size,scroll,window:end,是
2026-04-25 09:12:05,7918.009,90571.96,小许的铺子9906,pdd_trade_data_operation,interaction,pdd_trade_table_page_size_open,click,#mf-mms-sycm-container div[class*='select']:has-text('10'),是
2026-04-25 09:12:29,7942.117,24108.17,小许的铺子9906,pdd_trade_data_operation,interaction,pdd_trade_table_page_size_50,click,li[role='option']:has-text('50'),是
2026-04-25 09:13:08,7981.363,39245.92,小许的铺子9906,pdd_trade_data_operation,field,成交金额,extract:tableColumnAgg,1631.07  ← tableColumnAgg:#mf-mms-sycm-container > div > div > div > div:nth-child(5) > div.TB_outerWrapper_5-158-0.TB_bordered_5-158-0.TB_notTree#col1 n=29 p=1 sum,是
2026-04-25 09:13:44,8017.675,36311.82,小许的铺子9906,pdd_trade_data_operation,field,成交订单数,extract:tableColumnAgg,277  ← tableColumnAgg:#mf-mms-sycm-container > div > div > div > div:nth-child(5) > div.TB_outerWrapper_5-158-0.TB_bordered_5-158-0.TB_notTree#col2 n=29 p=1 sum,是
2026-04-25 09:14:21,8053.984,36309.38,小许的铺子9906,pdd_trade_data_operation,field,成交买家数,extract:tableColumnAgg,245.00  ← tableColumnAgg:#mf-mms-sycm-container > div > div > div > div:nth-child(5) > div.TB_outerWrapper_5-158-0.TB_bordered_5-158-0.TB_notTree#col3 n=29 p=1 sum,是
2026-04-25 09:14:21,8054.236,252.56,小许的铺子9906,pdd_trade_data_operation,field,客单价,extract:computedDivide,6.66  ← computedDivide:pdd_trade_amount/pdd_trade_buyer_count,是
2026-04-25 09:14:21,8054.605,368.24,小许的铺子9906,pdd_promotion_overview,nav,goto,open_url,https://yingxiao.pinduoduo.com/goods/report/promotion/overView?beginDate=2026-04-24&endDate=2026-04-24&msfrom=mms_sidenav,是
2026-04-25 09:14:26,8059.042,4437.44,小许的铺子9906,pdd_promotion_overview,interaction,pdd_overview_switch_to_table,click,#page-container div[class*='TabRow_radioWrap'] label:has-text('表格'),是
2026-04-25 09:14:29,8061.948,2905.88,小许的铺子9906,pdd_promotion_overview,interaction,pdd_overview_uncheck_compare_time,click,#page-container label.anq-checkbox-wrapper-checked:has-text('对比时间'),是
2026-04-25 09:14:32,8065.283,3335.07,小许的铺子9906,pdd_promotion_overview,field,成本花费(元),extract:tableTotalByHeader,17.51  ← tableTotalByHeader:#page-container > div > div.OverviewInternal_contentWrapper__QeUQR > div > div.ReportOverview_wrap__oJSxK > div:nth-chil#col1 row=firstBodyRow hdr=成交花费(元),是
2026-04-25 09:14:32,8065.593,309.63,小许的铺子9906,pdd_promotion_overview,field,净实际投产比,extract:tableTotalByHeader,81.88  ← tableTotalByHeader:#page-container > div > div.OverviewInternal_contentWrapper__QeUQR > div > div.ReportOverview_wrap__oJSxK > div:nth-chil#col7 row=firstBodyRow hdr=净实际投产比,是
2026-04-25 09:14:33,8065.903,310.12,小许的铺子9906,pdd_promotion_overview,field,每笔净成交花费(元),extract:tableTotalByHeader,0.07  ← tableTotalByHeader:#page-container > div > div.OverviewInternal_contentWrapper__QeUQR > div > div.ReportOverview_wrap__oJSxK > div:nth-chil#col9 row=firstBodyRow hdr=每笔净成交花费,是
2026-04-25 09:14:33,8066.283,380.04,小许的铺子9906,pdd_cashier_bills_reconcile,nav,goto,open_url,https://mms.pinduoduo.com/cashier/finance/payment-bills,是
2026-04-25 09:14:41,8073.846,7563.56,小许的铺子9906,pdd_cashier_bills_reconcile,interaction,pdd_cashier_open_time_filter,click,xpath=//*[@id='root']/div/div[2]/div/div[1]/div/div[3]/div/div[2]/div[2]/div/div[1]/div/div/div[1]/div/div/div/div/div/div[1]/input,是
2026-04-25 09:14:44,8076.896,3049.34,小许的铺子9906,pdd_cashier_bills_reconcile,interaction,pdd_cashier_quick_yesterday,click,div[class*='RPR_quickPickerWrapper'] button:has-text('昨天'),是
2026-04-25 09:14:47,8079.920,3024.13,小许的铺子9906,pdd_cashier_bills_reconcile,interaction,pdd_cashier_expand_advanced,click,a:has-text('展开高级选项'),是
2026-04-25 09:14:48,8081.104,1183.93,小许的铺子9906,pdd_cashier_bills_reconcile,interaction,pdd_cashier_acct_type_技术服务费,click,"xpath=(//div[contains(@class,'Container_container')]//div[contains(@class,'TAB_outerWrapper')]//div[contains(@class,'TAB_content')]/div/div[1]/div//label[.//*[contains(@class,'CBX_textWrapper')][normalize-space()='技术服务费']])[1]",是
2026-04-25 09:14:50,8083.595,2491.49,小许的铺子9906,pdd_cashier_bills_reconcile,interaction,pdd_cashier_acct_type_多多进宝,click,"xpath=(//div[contains(@class,'Container_container')]//div[contains(@class,'TAB_outerWrapper')]//div[contains(@class,'TAB_content')]/div/div[1]/div//label[.//*[contains(@class,'CBX_textWrapper')][normalize-space()='多多进宝']])[1]",是
2026-04-25 09:14:51,8084.789,1193.82,小许的铺子9906,pdd_cashier_bills_reconcile,interaction,pdd_cashier_acct_type_扣款,click,"xpath=(//div[contains(@class,'Container_container')]//div[contains(@class,'TAB_outerWrapper')]//div[contains(@class,'TAB_content')]/div/div[1]/div//label[.//*[contains(@class,'CBX_textWrapper')][normalize-space()='扣款']])[1]",是
2026-04-25 09:14:54,8087.286,2496.74,小许的铺子9906,pdd_cashier_bills_reconcile,interaction,pdd_cashier_acct_type_其他服务,click,"xpath=(//div[contains(@class,'Container_container')]//div[contains(@class,'TAB_outerWrapper')]//div[contains(@class,'TAB_content')]/div/div[1]/div//label[.//*[contains(@class,'CBX_textWrapper')][normalize-space()='其他服务']])[1]",是
2026-04-25 09:14:55,8088.481,1194.84,小许的铺子9906,pdd_cashier_bills_reconcile,interaction,pdd_cashier_acct_type_其他,click,"xpath=(//div[contains(@class,'Container_container')]//div[contains(@class,'TAB_outerWrapper')]//div[contains(@class,'TAB_content')]/div/div[1]/div//label[.//*[contains(@class,'CBX_textWrapper')][normalize-space()='其他']])[1]",是
2026-04-25 09:14:58,8090.922,2441.30,小许的铺子9906,pdd_cashier_bills_reconcile,interaction,pdd_cashier_acct_type_分账,click,"xpath=(//div[contains(@class,'Container_container')]//div[contains(@class,'TAB_outerWrapper')]//div[contains(@class,'TAB_content')]/div/div[1]/div//label[.//*[contains(@class,'CBX_textWrapper')][normalize-space()='分账']])[1]",是
2026-04-25 09:14:59,8092.111,1188.54,小许的铺子9906,pdd_cashier_bills_reconcile,interaction,pdd_cashier_acct_type_服务消费,click,"xpath=(//div[contains(@class,'Container_container')]//div[contains(@class,'TAB_outerWrapper')]//div[contains(@class,'TAB_content')]/div/div[1]/div//label[.//*[contains(@class,'CBX_textWrapper')][normalize-space()='服务消费']])[1]",是
2026-04-25 09:15:01,8094.618,2507.59,小许的铺子9906,pdd_cashier_bills_reconcile,interaction,pdd_cashier_query,click,#root div[class*='Container_container'] button:has-text('查询'),是
2026-04-25 09:15:12,8105.466,10848.08,小许的铺子9906,pdd_cashier_bills_reconcile,interaction,export_pdd_cashier_balance,click+download,D:\Program Files (x86)\fff2_dianshang\output\拼多多数据提取_20260425_070006_5a34765b\downloads\拼多多数据提取_1_2026-04-24\小许的铺子9906_对账_2026-04-24_raw.zip,是
2026-04-25 09:15:16,8109.333,3866.68,臻选百货超市40,globalAccountLoop,nav,goto,open_url,https://mms.pinduoduo.com/login/,是
2026-04-25 09:15:16,8109.342,9.32,臻选百货超市40,globalAccountLoop,account,switch,switchAccount,globalAccountLoop：锚点无需 UI 切店（如拼多多：店铺轮次由 pageIds 内登录与业务页完成）,是
2026-04-25 09:15:16,8109.750,407.56,臻选百货超市40,pdd_login_switch,nav,goto,skip_same_url,https://mms.pinduoduo.com/login/,是
2026-04-25 09:15:18,8111.161,1411.39,臻选百货超市40,pdd_login_switch,interaction,pdd_login_tab_account,click,#root > div.pdd-app-skeleton > div > div > main > div > section.login-content > div > div > div > div.login-tab > div > div > div:nth-child(2),是
2026-04-25 09:15:18,8111.826,664.45,臻选百货超市40,pdd_login_switch,interaction,pdd_input_username_current_account,input,#usernameId <- account_username,是
2026-04-25 09:15:19,8112.408,582.46,臻选百货超市40,pdd_login_switch,interaction,pdd_click_login_submit,click,#root > div.pdd-app-skeleton > div > div > main > div > section.login-content > div > div > div > div.password-section > section > div > div > button,是
2026-04-25 09:15:23,8116.825,4416.88,臻选百货超市40,pdd_aftersale_export,nav,goto,open_url,https://mms.pinduoduo.com/print/after-sale-list,是
2026-04-25 09:15:39,8132.457,15632.33,臻选百货超市40,pdd_aftersale_export,interaction,pdd_close_print_ad_modal,click,div[class*='MmsUiPosterModal___closeIcon'],是
2026-04-25 09:16:47,8200.000,67543.04,臻选百货超市40,pdd_aftersale_export,interaction,pdd_aftersale_time_type,selectFilter,下拉已打开但未命中选项，已尝试文案: 售后申请时间,否
2026-04-25 09:16:57,8210.183,10182.28,臻选百货超市40,pdd_aftersale_export,interaction,pdd_aftersale_query,click,button:has-text('查询'),是
2026-04-25 09:17:07,8220.107,9924.81,臻选百货超市40,pdd_aftersale_export,interaction,pdd_aftersale_open_download_menu,click,button:has-text('下载数据'),是
2026-04-25 09:21:28,8481.595,261487.95,臻选百货超市40,pdd_aftersale_export,interaction,export_pdd_aftersale_query_orders,click+download,"Locator.wait_for: Timeout 26000ms exceeded.
Call log:
  - waiting for locator(""[role='menuitem']:has-text('下载查询订单')"").first to be visible
",否
2026-04-25 09:21:28,8481.603,7.93,臻选百货超市40,pdd_aftersale_export,interaction,export_pdd_aftersale_query_orders,pdd_module_reload_retry,拼多多售后：「下载查询订单」menuitem 未在超时内可见；整页刷新后从本页第一步重试一次,是
2026-04-25 09:21:44,8497.166,15562.74,臻选百货超市40,pdd_aftersale_export,interaction,pdd_close_print_ad_modal,click,"Locator.wait_for: Timeout 3000ms exceeded.
Call log:
  - waiting for locator(""div.MDL_outerWrapper_5-174-0 div[class*='closeIcon']"").first to be visible
",否
2026-04-25 09:21:46,8498.931,1764.53,臻选百货超市40,pdd_aftersale_export,interaction,pdd_aftersale_time_type,selectFilter,已选择「售后申请时间」（候选: 售后申请时间）,是
2026-04-25 09:21:46,8499.553,622.87,臻选百货超市40,pdd_aftersale_export,interaction,pdd_aftersale_query,click,button:has-text('查询'),是
2026-04-25 09:21:48,8501.788,2234.90,臻选百货超市40,pdd_aftersale_export,interaction,pdd_aftersale_open_download_menu,click,button:has-text('下载数据'),是
2026-04-25 09:21:51,8504.204,2415.83,臻选百货超市40,pdd_aftersale_export,interaction,export_pdd_aftersale_query_orders,click+download,D:\Program Files (x86)\fff2_dianshang\output\拼多多数据提取_20260425_070006_5a34765b\downloads\拼多多数据提取_1_2026-04-24\臻选百货超市40_售后单_raw_2026-04-24.xlsx,是
2026-04-25 09:21:54,8507.299,3095.12,臻选百货超市40,pdd_trade_data_operation,nav,goto,open_url,https://mms.pinduoduo.com/sycm/stores_data/operation?dateFlag=0,是
2026-04-25 09:22:02,8514.968,7668.80,臻选百货超市40,pdd_trade_data_operation,interaction,pdd_trade_scroll_to_bottom_before_page_size,scroll,window:end,是
2026-04-25 09:24:36,8669.733,154765.15,臻选百货超市40,pdd_trade_data_operation,interaction,pdd_trade_table_page_size_open,click,"Locator.wait_for: Timeout 22000ms exceeded.
Call log:
  - waiting for locator(""#mf-mms-sycm-container span:has-text('10 条')"").first to be visible
",否
2026-04-25 09:27:11,8823.988,154254.93,臻选百货超市40,pdd_trade_data_operation,interaction,pdd_trade_table_page_size_50,click,"Locator.wait_for: Timeout 22000ms exceeded.
Call log:
  - waiting for locator(""*:has-text('50 条/页')"").first to be visible
",否
2026-04-25 09:27:49,8862.806,38817.54,臻选百货超市40,pdd_trade_data_operation,field,成交金额,extract:tableColumnAgg,77.59  ← tableColumnAgg:#mf-mms-sycm-container > div > div > div > div:nth-child(5) > div.TB_outerWrapper_5-158-0.TB_bordered_5-158-0.TB_notTree#col1 n=9 p=1 sum,是
2026-04-25 09:28:26,8899.131,36325.06,臻选百货超市40,pdd_trade_data_operation,field,成交订单数,extract:tableColumnAgg,16  ← tableColumnAgg:#mf-mms-sycm-container > div > div > div > div:nth-child(5) > div.TB_outerWrapper_5-158-0.TB_bordered_5-158-0.TB_notTree#col2 n=9 p=1 sum,是
2026-04-25 09:29:02,8935.455,36324.02,臻选百货超市40,pdd_trade_data_operation,field,成交买家数,extract:tableColumnAgg,14.00  ← tableColumnAgg:#mf-mms-sycm-container > div > div > div > div:nth-child(5) > div.TB_outerWrapper_5-158-0.TB_bordered_5-158-0.TB_notTree#col3 n=9 p=1 sum,是
2026-04-25 09:29:02,8935.703,247.69,臻选百货超市40,pdd_trade_data_operation,field,客单价,extract:computedDivide,5.54  ← computedDivide:pdd_trade_amount/pdd_trade_buyer_count,是
2026-04-25 09:29:03,8936.118,415.70,臻选百货超市40,pdd_promotion_overview,nav,goto,open_url,https://yingxiao.pinduoduo.com/goods/report/promotion/overView?beginDate=2026-04-24&endDate=2026-04-24&msfrom=mms_sidenav,是
2026-04-25 09:29:07,8940.429,4311.14,臻选百货超市40,pdd_promotion_overview,interaction,pdd_overview_switch_to_table,click,#page-container div[class*='TabRow_radioWrap'] label:has-text('表格'),是
2026-04-25 09:29:09,8942.110,1681.15,臻选百货超市40,pdd_promotion_overview,interaction,pdd_overview_uncheck_compare_time,click,#page-container label.anq-checkbox-wrapper-checked:has-text('对比时间'),是
2026-04-25 09:29:12,8945.419,3308.80,臻选百货超市40,pdd_promotion_overview,field,成本花费(元),extract:tableTotalByHeader,0.65  ← tableTotalByHeader:#page-container > div > div.OverviewInternal_contentWrapper__QeUQR > div > div.ReportOverview_wrap__oJSxK > div:nth-chil#col1 row=firstBodyRow hdr=成交花费(元),是
2026-04-25 09:29:12,8945.720,300.62,臻选百货超市40,pdd_promotion_overview,field,净实际投产比,extract:tableTotalByHeader,88.52  ← tableTotalByHeader:#page-container > div > div.OverviewInternal_contentWrapper__QeUQR > div > div.ReportOverview_wrap__oJSxK > div:nth-chil#col7 row=firstBodyRow hdr=净实际投产比,是
2026-04-25 09:29:13,8946.012,291.87,臻选百货超市40,pdd_promotion_overview,field,每笔净成交花费(元),extract:tableTotalByHeader,0.07  ← tableTotalByHeader:#page-container > div > div.OverviewInternal_contentWrapper__QeUQR > div > div.ReportOverview_wrap__oJSxK > div:nth-chil#col9 row=firstBodyRow hdr=每笔净成交花费,是
2026-04-25 09:29:13,8946.394,382.05,臻选百货超市40,pdd_cashier_bills_reconcile,nav,goto,open_url,https://mms.pinduoduo.com/cashier/finance/payment-bills,是
2026-04-25 09:29:17,8950.350,3956.27,臻选百货超市40,pdd_cashier_bills_reconcile,interaction,pdd_cashier_open_time_filter,click,xpath=//*[@id='root']/div/div[2]/div/div[1]/div/div[3]/div/div[2]/div[2]/div/div[1]/div/div/div[1]/div/div/div/div/div/div[1]/input,是
2026-04-25 09:29:18,8951.070,719.98,臻选百货超市40,pdd_cashier_bills_reconcile,interaction,pdd_cashier_quick_yesterday,click,div[class*='RPR_quickPickerWrapper'] button:has-text('昨天'),是
2026-04-25 09:29:19,8951.851,781.21,臻选百货超市40,pdd_cashier_bills_reconcile,interaction,pdd_cashier_expand_advanced,click,a:has-text('展开高级选项'),是
2026-04-25 09:29:19,8952.754,902.99,臻选百货超市40,pdd_cashier_bills_reconcile,interaction,pdd_cashier_acct_type_技术服务费,click,"xpath=(//div[contains(@class,'Container_container')]//div[contains(@class,'TAB_outerWrapper')]//div[contains(@class,'TAB_content')]/div/div[1]/div//label[.//*[contains(@class,'CBX_textWrapper')][normalize-space()='技术服务费']])[1]",是
2026-04-25 09:29:20,8953.243,488.54,臻选百货超市40,pdd_cashier_bills_reconcile,interaction,pdd_cashier_acct_type_多多进宝,click,"xpath=(//div[contains(@class,'Container_container')]//div[contains(@class,'TAB_outerWrapper')]//div[contains(@class,'TAB_content')]/div/div[1]/div//label[.//*[contains(@class,'CBX_textWrapper')][normalize-space()='多多进宝']])[1]",是
2026-04-25 09:29:20,8953.727,484.47,臻选百货超市40,pdd_cashier_bills_reconcile,interaction,pdd_cashier_acct_type_扣款,click,"xpath=(//div[contains(@class,'Container_container')]//div[contains(@class,'TAB_outerWrapper')]//div[contains(@class,'TAB_content')]/div/div[1]/div//label[.//*[contains(@class,'CBX_textWrapper')][normalize-space()='扣款']])[1]",是
2026-04-25 09:29:21,8954.213,485.52,臻选百货超市40,pdd_cashier_bills_reconcile,interaction,pdd_cashier_acct_type_其他服务,click,"xpath=(//div[contains(@class,'Container_container')]//div[contains(@class,'TAB_outerWrapper')]//div[contains(@class,'TAB_content')]/div/div[1]/div//label[.//*[contains(@class,'CBX_textWrapper')][normalize-space()='其他服务']])[1]",是
2026-04-25 09:29:21,8954.704,491.25,臻选百货超市40,pdd_cashier_bills_reconcile,interaction,pdd_cashier_acct_type_其他,click,"xpath=(//div[contains(@class,'Container_container')]//div[contains(@class,'TAB_outerWrapper')]//div[contains(@class,'TAB_content')]/div/div[1]/div//label[.//*[contains(@class,'CBX_textWrapper')][normalize-space()='其他']])[1]",是
2026-04-25 09:29:22,8955.207,503.00,臻选百货超市40,pdd_cashier_bills_reconcile,interaction,pdd_cashier_acct_type_分账,click,"xpath=(//div[contains(@class,'Container_container')]//div[contains(@class,'TAB_outerWrapper')]//div[contains(@class,'TAB_content')]/div/div[1]/div//label[.//*[contains(@class,'CBX_textWrapper')][normalize-space()='分账']])[1]",是
2026-04-25 09:29:22,8955.698,491.12,臻选百货超市40,pdd_cashier_bills_reconcile,interaction,pdd_cashier_acct_type_服务消费,click,"xpath=(//div[contains(@class,'Container_container')]//div[contains(@class,'TAB_outerWrapper')]//div[contains(@class,'TAB_content')]/div/div[1]/div//label[.//*[contains(@class,'CBX_textWrapper')][normalize-space()='服务消费']])[1]",是
2026-04-25 09:29:23,8956.190,492.28,臻选百货超市40,pdd_cashier_bills_reconcile,interaction,pdd_cashier_query,click,#root div[class*='Container_container'] button:has-text('查询'),是
2026-04-25 09:29:31,8964.074,7883.13,臻选百货超市40,pdd_cashier_bills_reconcile,interaction,export_pdd_cashier_balance,click+download,D:\Program Files (x86)\fff2_dianshang\output\拼多多数据提取_20260425_070006_5a34765b\downloads\拼多多数据提取_1_2026-04-24\臻选百货超市40_对账_2026-04-24_raw.zip,是
2026-04-25 09:29:35,8967.943,3869.39,丁哥家的店23,globalAccountLoop,nav,goto,open_url,https://mms.pinduoduo.com/login/,是
2026-04-25 09:29:35,8967.954,11.27,丁哥家的店23,globalAccountLoop,account,switch,switchAccount,globalAccountLoop：锚点无需 UI 切店（如拼多多：店铺轮次由 pageIds 内登录与业务页完成）,是
2026-04-25 09:29:35,8968.348,393.45,丁哥家的店23,pdd_login_switch,nav,goto,skip_same_url,https://mms.pinduoduo.com/login/,是
2026-04-25 09:29:36,8969.786,1438.54,丁哥家的店23,pdd_login_switch,interaction,pdd_login_tab_account,click,#root > div.pdd-app-skeleton > div > div > main > div > section.login-content > div > div > div > div.login-tab > div > div > div:nth-child(2),是
2026-04-25 09:29:37,8970.456,670.16,丁哥家的店23,pdd_login_switch,interaction,pdd_input_username_current_account,input,#usernameId <- account_username,是
2026-04-25 09:29:38,8971.032,575.61,丁哥家的店23,pdd_login_switch,interaction,pdd_click_login_submit,click,#root > div.pdd-app-skeleton > div > div > main > div > section.login-content > div > div > div > div.password-section > section > div > div > button,是
2026-04-25 09:29:42,8975.482,4450.29,丁哥家的店23,pdd_aftersale_export,nav,goto,open_url,https://mms.pinduoduo.com/print/after-sale-list,是
2026-04-25 09:29:49,8982.666,7184.09,丁哥家的店23,pdd_aftersale_export,interaction,pdd_close_print_ad_modal,click,div[class*='MmsUiPosterModal___closeIcon'],是
2026-04-25 09:29:51,8984.086,1419.55,丁哥家的店23,pdd_aftersale_export,interaction,pdd_aftersale_time_type,selectFilter,已选择「售后申请时间」（候选: 售后申请时间）,是
2026-04-25 09:29:51,8984.641,554.73,丁哥家的店23,pdd_aftersale_export,interaction,pdd_aftersale_query,click,button:has-text('查询'),是
2026-04-25 09:29:53,8986.110,1469.37,丁哥家的店23,pdd_aftersale_export,interaction,pdd_aftersale_open_download_menu,click,button:has-text('下载数据'),是
2026-04-25 09:29:55,8988.067,1957.27,丁哥家的店23,pdd_aftersale_export,interaction,export_pdd_aftersale_query_orders,click+download,D:\Program Files (x86)\fff2_dianshang\output\拼多多数据提取_20260425_070006_5a34765b\downloads\拼多多数据提取_1_2026-04-24\丁哥家的店23_售后单_raw_2026-04-24.xlsx,是
2026-04-25 09:29:58,8990.960,2892.95,丁哥家的店23,pdd_trade_data_operation,nav,goto,open_url,https://mms.pinduoduo.com/sycm/stores_data/operation?dateFlag=0,是
2026-04-25 09:30:05,8998.650,7689.96,丁哥家的店23,pdd_trade_data_operation,interaction,pdd_trade_scroll_to_bottom_before_page_size,scroll,window:end,是
2026-04-25 09:32:40,9153.390,154740.27,丁哥家的店23,pdd_trade_data_operation,interaction,pdd_trade_table_page_size_open,click,"Locator.wait_for: Timeout 22000ms exceeded.
Call log:
  - waiting for locator(""#mf-mms-sycm-container span:has-text('10 条')"").first to be visible
",否
2026-04-25 09:35:14,9307.631,154240.92,丁哥家的店23,pdd_trade_data_operation,interaction,pdd_trade_table_page_size_50,click,"Locator.wait_for: Timeout 22000ms exceeded.
Call log:
  - waiting for locator(""*:has-text('50 条/页')"").first to be visible
",否
2026-04-25 09:35:53,9346.367,38735.77,丁哥家的店23,pdd_trade_data_operation,field,成交金额,extract:tableColumnAgg,"skipIfEmpty=true，空值已跳过：表格未可见（已试 3 个选择器）: Locator.wait_for: Timeout 12000ms exceeded.
Call log:
  - waiting for locator(""#mf-mms-sycm-container div[class*='TB_body'] table"").first to be visible
    28 × locator resolved to hidden <table class",是
2026-04-25 09:36:29,9382.583,36216.03,丁哥家的店23,pdd_trade_data_operation,field,成交订单数,extract:tableColumnAgg,"skipIfEmpty=true，空值已跳过：表格未可见（已试 3 个选择器）: Locator.wait_for: Timeout 12000ms exceeded.
Call log:
  - waiting for locator(""#mf-mms-sycm-container div[class*='TB_body'] table"").first to be visible
    28 × locator resolved to hidden <table class",是
2026-04-25 09:37:05,9418.826,36242.77,丁哥家的店23,pdd_trade_data_operation,field,成交买家数,extract:tableColumnAgg,"skipIfEmpty=true，空值已跳过：表格未可见（已试 3 个选择器）: Locator.wait_for: Timeout 12000ms exceeded.
Call log:
  - waiting for locator(""#mf-mms-sycm-container div[class*='TB_body'] table"").first to be visible
    28 × locator resolved to hidden <table class",是
2026-04-25 09:37:06,9419.042,215.81,丁哥家的店23,pdd_trade_data_operation,field,客单价,extract:computedDivide,skipIfEmpty=true，空值已跳过：依赖字段缺失或非数值: pdd_trade_amount/pdd_trade_buyer_count,是
2026-04-25 09:37:06,9419.427,385.35,丁哥家的店23,pdd_promotion_overview,nav,goto,open_url,https://yingxiao.pinduoduo.com/goods/report/promotion/overView?beginDate=2026-04-24&endDate=2026-04-24&msfrom=mms_sidenav,是
2026-04-25 09:37:10,9423.751,4324.05,丁哥家的店23,pdd_promotion_overview,interaction,pdd_overview_switch_to_table,click,#page-container div[class*='TabRow_radioWrap'] label:has-text('表格'),是
2026-04-25 09:37:12,9425.417,1666.08,丁哥家的店23,pdd_promotion_overview,interaction,pdd_overview_uncheck_compare_time,click,#page-container label.anq-checkbox-wrapper-checked:has-text('对比时间'),是
2026-04-25 09:37:15,9428.744,3326.98,丁哥家的店23,pdd_promotion_overview,field,成本花费(元),extract:tableTotalByHeader,0.01  ← tableTotalByHeader:#page-container > div > div.OverviewInternal_contentWrapper__QeUQR > div > div.ReportOverview_wrap__oJSxK > div:nth-chil#col1 row=firstBodyRow hdr=成交花费(元),是
2026-04-25 09:37:16,9429.046,301.50,丁哥家的店23,pdd_promotion_overview,field,净实际投产比,extract:tableTotalByHeader,0.00  ← tableTotalByHeader:#page-container > div > div.OverviewInternal_contentWrapper__QeUQR > div > div.ReportOverview_wrap__oJSxK > div:nth-chil#col7 row=firstBodyRow hdr=净实际投产比,是
2026-04-25 09:37:16,9429.351,305.63,丁哥家的店23,pdd_promotion_overview,field,每笔净成交花费(元),extract:tableTotalByHeader,0.00  ← tableTotalByHeader:#page-container > div > div.OverviewInternal_contentWrapper__QeUQR > div > div.ReportOverview_wrap__oJSxK > div:nth-chil#col9 row=firstBodyRow hdr=每笔净成交花费,是
2026-04-25 09:37:16,9429.758,406.69,丁哥家的店23,pdd_cashier_bills_reconcile,nav,goto,open_url,https://mms.pinduoduo.com/cashier/finance/payment-bills,是
2026-04-25 09:37:20,9433.711,3953.07,丁哥家的店23,pdd_cashier_bills_reconcile,interaction,pdd_cashier_open_time_filter,click,xpath=//*[@id='root']/div/div[2]/div/div[1]/div/div[3]/div/div[2]/div[2]/div/div[1]/div/div/div[1]/div/div/div/div/div/div[1]/input,是
2026-04-25 09:37:21,9434.400,689.08,丁哥家的店23,pdd_cashier_bills_reconcile,interaction,pdd_cashier_quick_yesterday,click,div[class*='RPR_quickPickerWrapper'] button:has-text('昨天'),是
2026-04-25 09:37:22,9435.184,784.15,丁哥家的店23,pdd_cashier_bills_reconcile,interaction,pdd_cashier_expand_advanced,click,a:has-text('展开高级选项'),是
2026-04-25 09:37:23,9436.080,895.25,丁哥家的店23,pdd_cashier_bills_reconcile,interaction,pdd_cashier_acct_type_技术服务费,click,"xpath=(//div[contains(@class,'Container_container')]//div[contains(@class,'TAB_outerWrapper')]//div[contains(@class,'TAB_content')]/div/div[1]/div//label[.//*[contains(@class,'CBX_textWrapper')][normalize-space()='技术服务费']])[1]",是
2026-04-25 09:37:23,9436.576,496.33,丁哥家的店23,pdd_cashier_bills_reconcile,interaction,pdd_cashier_acct_type_多多进宝,click,"xpath=(//div[contains(@class,'Container_container')]//div[contains(@class,'TAB_outerWrapper')]//div[contains(@class,'TAB_content')]/div/div[1]/div//label[.//*[contains(@class,'CBX_textWrapper')][normalize-space()='多多进宝']])[1]",是
2026-04-25 09:37:24,9437.054,478.02,丁哥家的店23,pdd_cashier_bills_reconcile,interaction,pdd_cashier_acct_type_扣款,click,"xpath=(//div[contains(@class,'Container_container')]//div[contains(@class,'TAB_outerWrapper')]//div[contains(@class,'TAB_content')]/div/div[1]/div//label[.//*[contains(@class,'CBX_textWrapper')][normalize-space()='扣款']])[1]",是
2026-04-25 09:37:24,9437.539,484.91,丁哥家的店23,pdd_cashier_bills_reconcile,interaction,pdd_cashier_acct_type_其他服务,click,"xpath=(//div[contains(@class,'Container_container')]//div[contains(@class,'TAB_outerWrapper')]//div[contains(@class,'TAB_content')]/div/div[1]/div//label[.//*[contains(@class,'CBX_textWrapper')][normalize-space()='其他服务']])[1]",是
2026-04-25 09:37:25,9438.018,478.80,丁哥家的店23,pdd_cashier_bills_reconcile,interaction,pdd_cashier_acct_type_其他,click,"xpath=(//div[contains(@class,'Container_container')]//div[contains(@class,'TAB_outerWrapper')]//div[contains(@class,'TAB_content')]/div/div[1]/div//label[.//*[contains(@class,'CBX_textWrapper')][normalize-space()='其他']])[1]",是
2026-04-25 09:37:25,9438.503,484.99,丁哥家的店23,pdd_cashier_bills_reconcile,interaction,pdd_cashier_acct_type_分账,click,"xpath=(//div[contains(@class,'Container_container')]//div[contains(@class,'TAB_outerWrapper')]//div[contains(@class,'TAB_content')]/div/div[1]/div//label[.//*[contains(@class,'CBX_textWrapper')][normalize-space()='分账']])[1]",是
2026-04-25 09:37:26,9438.987,484.62,丁哥家的店23,pdd_cashier_bills_reconcile,interaction,pdd_cashier_acct_type_服务消费,click,"xpath=(//div[contains(@class,'Container_container')]//div[contains(@class,'TAB_outerWrapper')]//div[contains(@class,'TAB_content')]/div/div[1]/div//label[.//*[contains(@class,'CBX_textWrapper')][normalize-space()='服务消费']])[1]",是
2026-04-25 09:37:26,9439.480,492.29,丁哥家的店23,pdd_cashier_bills_reconcile,interaction,pdd_cashier_query,click,#root div[class*='Container_container'] button:has-text('查询'),是
2026-04-25 09:37:34,9447.338,7858.53,丁哥家的店23,pdd_cashier_bills_reconcile,interaction,export_pdd_cashier_balance,click+download,D:\Program Files (x86)\fff2_dianshang\output\拼多多数据提取_20260425_070006_5a34765b\downloads\拼多多数据提取_1_2026-04-24\丁哥家的店23_对账_2026-04-24_raw.zip,是
2026-04-25 09:37:38,9451.209,3871.05,丁小华的小店铺2500,globalAccountLoop,nav,goto,open_url,https://mms.pinduoduo.com/login/,是
2026-04-25 09:37:38,9451.224,14.50,丁小华的小店铺2500,globalAccountLoop,account,switch,switchAccount,globalAccountLoop：锚点无需 UI 切店（如拼多多：店铺轮次由 pageIds 内登录与业务页完成）,是
2026-04-25 09:37:38,9451.628,404.82,丁小华的小店铺2500,pdd_login_switch,nav,goto,skip_same_url,https://mms.pinduoduo.com/login/,是
2026-04-25 09:37:40,9453.034,1405.99,丁小华的小店铺2500,pdd_login_switch,interaction,pdd_login_tab_account,click,#root > div.pdd-app-skeleton > div > div > main > div > section.login-content > div > div > div > div.login-tab > div > div > div:nth-child(2),是
2026-04-25 09:37:40,9453.703,668.31,丁小华的小店铺2500,pdd_login_switch,interaction,pdd_input_username_current_account,input,#usernameId <- account_username,是
2026-04-25 09:37:41,9454.288,585.61,丁小华的小店铺2500,pdd_login_switch,interaction,pdd_click_login_submit,click,#root > div.pdd-app-skeleton > div > div > main > div > section.login-content > div > div > div > div.password-section > section > div > div > button,是
2026-04-25 09:37:45,9458.697,4408.25,丁小华的小店铺2500,pdd_aftersale_export,nav,goto,open_url,https://mms.pinduoduo.com/print/after-sale-list,是
2026-04-25 09:37:52,9465.726,7029.52,丁小华的小店铺2500,pdd_aftersale_export,interaction,pdd_close_print_ad_modal,click,div[class*='MmsUiPosterModal___closeIcon'],是
2026-04-25 09:37:54,9467.327,1600.90,丁小华的小店铺2500,pdd_aftersale_export,interaction,pdd_aftersale_time_type,selectFilter,已选择「售后申请时间」（候选: 售后申请时间）,是
2026-04-25 09:37:55,9468.341,1013.47,丁小华的小店铺2500,pdd_aftersale_export,interaction,pdd_aftersale_query,click,button:has-text('查询'),是
2026-04-25 09:37:57,9469.945,1604.74,丁小华的小店铺2500,pdd_aftersale_export,interaction,pdd_aftersale_open_download_menu,click,button:has-text('下载数据'),是
2026-04-25 09:37:59,9472.230,2284.44,丁小华的小店铺2500,pdd_aftersale_export,interaction,export_pdd_aftersale_query_orders,click+download,D:\Program Files (x86)\fff2_dianshang\output\拼多多数据提取_20260425_070006_5a34765b\downloads\拼多多数据提取_1_2026-04-24\丁小华的小店铺2500_售后单_raw_2026-04-24.xlsx,是
2026-04-25 09:38:02,9475.355,3125.31,丁小华的小店铺2500,pdd_trade_data_operation,nav,goto,open_url,https://mms.pinduoduo.com/sycm/stores_data/operation?dateFlag=0,是
2026-04-25 09:38:10,9483.060,7705.03,丁小华的小店铺2500,pdd_trade_data_operation,interaction,pdd_trade_scroll_to_bottom_before_page_size,scroll,window:end,是
2026-04-25 09:40:45,9637.840,154780.26,丁小华的小店铺2500,pdd_trade_data_operation,interaction,pdd_trade_table_page_size_open,click,"Locator.wait_for: Timeout 22000ms exceeded.
Call log:
  - waiting for locator(""#mf-mms-sycm-container span:has-text('10 条')"").first to be visible
",否
2026-04-25 09:43:19,9792.088,154247.66,丁小华的小店铺2500,pdd_trade_data_operation,interaction,pdd_trade_table_page_size_50,click,"Locator.wait_for: Timeout 22000ms exceeded.
Call log:
  - waiting for locator(""*:has-text('50 条/页')"").first to be visible
",否
2026-04-25 09:43:58,9830.897,38809.03,丁小华的小店铺2500,pdd_trade_data_operation,field,成交金额,extract:tableColumnAgg,9.90  ← tableColumnAgg:#mf-mms-sycm-container > div > div > div > div:nth-child(5) > div.TB_outerWrapper_5-158-0.TB_bordered_5-158-0.TB_notTree#col1 n=1 p=1 sum,是
2026-04-25 09:44:34,9867.170,36273.38,丁小华的小店铺2500,pdd_trade_data_operation,field,成交订单数,extract:tableColumnAgg,1  ← tableColumnAgg:#mf-mms-sycm-container > div > div > div > div:nth-child(5) > div.TB_outerWrapper_5-158-0.TB_bordered_5-158-0.TB_notTree#col2 n=1 p=1 sum,是
2026-04-25 09:45:10,9903.452,36281.17,丁小华的小店铺2500,pdd_trade_data_operation,field,成交买家数,extract:tableColumnAgg,1.00  ← tableColumnAgg:#mf-mms-sycm-container > div > div > div > div:nth-child(5) > div.TB_outerWrapper_5-158-0.TB_bordered_5-158-0.TB_notTree#col3 n=1 p=1 sum,是
2026-04-25 09:45:10,9903.700,248.75,丁小华的小店铺2500,pdd_trade_data_operation,field,客单价,extract:computedDivide,9.90  ← computedDivide:pdd_trade_amount/pdd_trade_buyer_count,是
2026-04-25 09:45:11,9904.083,382.92,丁小华的小店铺2500,pdd_promotion_overview,nav,goto,open_url,https://yingxiao.pinduoduo.com/goods/report/promotion/overView?beginDate=2026-04-24&endDate=2026-04-24&msfrom=mms_sidenav,是
2026-04-25 09:45:15,9908.338,4255.26,丁小华的小店铺2500,pdd_promotion_overview,interaction,pdd_overview_switch_to_table,click,#page-container div[class*='TabRow_radioWrap'] label:has-text('表格'),是
2026-04-25 09:45:17,9909.982,1643.87,丁小华的小店铺2500,pdd_promotion_overview,interaction,pdd_overview_uncheck_compare_time,click,#page-container label.anq-checkbox-wrapper-checked:has-text('对比时间'),是
2026-04-25 09:45:20,9913.290,3307.82,丁小华的小店铺2500,pdd_promotion_overview,field,成本花费(元),extract:tableTotalByHeader,0.00  ← tableTotalByHeader:#page-container > div > div.OverviewInternal_contentWrapper__QeUQR > div > div.ReportOverview_wrap__oJSxK > div:nth-chil#col1 row=firstBodyRow hdr=成交花费(元),是
2026-04-25 09:45:20,9913.567,276.93,丁小华的小店铺2500,pdd_promotion_overview,field,净实际投产比,extract:tableTotalByHeader,0.00  ← tableTotalByHeader:#page-container > div > div.OverviewInternal_contentWrapper__QeUQR > div > div.ReportOverview_wrap__oJSxK > div:nth-chil#col7 row=firstBodyRow hdr=净实际投产比,是
2026-04-25 09:45:21,9913.868,300.73,丁小华的小店铺2500,pdd_promotion_overview,field,每笔净成交花费(元),extract:tableTotalByHeader,0.00  ← tableTotalByHeader:#page-container > div > div.OverviewInternal_contentWrapper__QeUQR > div > div.ReportOverview_wrap__oJSxK > div:nth-chil#col9 row=firstBodyRow hdr=每笔净成交花费,是
2026-04-25 09:45:21,9914.201,333.42,丁小华的小店铺2500,pdd_cashier_bills_reconcile,nav,goto,open_url,https://mms.pinduoduo.com/cashier/finance/payment-bills,是
2026-04-25 09:45:25,9918.177,3975.56,丁小华的小店铺2500,pdd_cashier_bills_reconcile,interaction,pdd_cashier_open_time_filter,click,xpath=//*[@id='root']/div/div[2]/div/div[1]/div/div[3]/div/div[2]/div[2]/div/div[1]/div/div/div[1]/div/div/div/div/div/div[1]/input,是
2026-04-25 09:45:26,9918.904,727.63,丁小华的小店铺2500,pdd_cashier_bills_reconcile,interaction,pdd_cashier_quick_yesterday,click,div[class*='RPR_quickPickerWrapper'] button:has-text('昨天'),是
2026-04-25 09:45:26,9919.700,795.52,丁小华的小店铺2500,pdd_cashier_bills_reconcile,interaction,pdd_cashier_expand_advanced,click,a:has-text('展开高级选项'),是
2026-04-25 09:45:27,9920.594,894.35,丁小华的小店铺2500,pdd_cashier_bills_reconcile,interaction,pdd_cashier_acct_type_技术服务费,click,"xpath=(//div[contains(@class,'Container_container')]//div[contains(@class,'TAB_outerWrapper')]//div[contains(@class,'TAB_content')]/div/div[1]/div//label[.//*[contains(@class,'CBX_textWrapper')][normalize-space()='技术服务费']])[1]",是
2026-04-25 09:45:28,9921.115,520.78,丁小华的小店铺2500,pdd_cashier_bills_reconcile,interaction,pdd_cashier_acct_type_多多进宝,click,"xpath=(//div[contains(@class,'Container_container')]//div[contains(@class,'TAB_outerWrapper')]//div[contains(@class,'TAB_content')]/div/div[1]/div//label[.//*[contains(@class,'CBX_textWrapper')][normalize-space()='多多进宝']])[1]",是
2026-04-25 09:45:28,9921.599,483.86,丁小华的小店铺2500,pdd_cashier_bills_reconcile,interaction,pdd_cashier_acct_type_扣款,click,"xpath=(//div[contains(@class,'Container_container')]//div[contains(@class,'TAB_outerWrapper')]//div[contains(@class,'TAB_content')]/div/div[1]/div//label[.//*[contains(@class,'CBX_textWrapper')][normalize-space()='扣款']])[1]",是
2026-04-25 09:45:29,9922.096,497.03,丁小华的小店铺2500,pdd_cashier_bills_reconcile,interaction,pdd_cashier_acct_type_其他服务,click,"xpath=(//div[contains(@class,'Container_container')]//div[contains(@class,'TAB_outerWrapper')]//div[contains(@class,'TAB_content')]/div/div[1]/div//label[.//*[contains(@class,'CBX_textWrapper')][normalize-space()='其他服务']])[1]",是
2026-04-25 09:45:29,9922.593,497.33,丁小华的小店铺2500,pdd_cashier_bills_reconcile,interaction,pdd_cashier_acct_type_其他,click,"xpath=(//div[contains(@class,'Container_container')]//div[contains(@class,'TAB_outerWrapper')]//div[contains(@class,'TAB_content')]/div/div[1]/div//label[.//*[contains(@class,'CBX_textWrapper')][normalize-space()='其他']])[1]",是
2026-04-25 09:45:30,9923.098,504.74,丁小华的小店铺2500,pdd_cashier_bills_reconcile,interaction,pdd_cashier_acct_type_分账,click,"xpath=(//div[contains(@class,'Container_container')]//div[contains(@class,'TAB_outerWrapper')]//div[contains(@class,'TAB_content')]/div/div[1]/div//label[.//*[contains(@class,'CBX_textWrapper')][normalize-space()='分账']])[1]",是
2026-04-25 09:45:30,9923.593,495.22,丁小华的小店铺2500,pdd_cashier_bills_reconcile,interaction,pdd_cashier_acct_type_服务消费,click,"xpath=(//div[contains(@class,'Container_container')]//div[contains(@class,'TAB_outerWrapper')]//div[contains(@class,'TAB_content')]/div/div[1]/div//label[.//*[contains(@class,'CBX_textWrapper')][normalize-space()='服务消费']])[1]",是
2026-04-25 09:45:31,9924.101,507.54,丁小华的小店铺2500,pdd_cashier_bills_reconcile,interaction,pdd_cashier_query,click,#root div[class*='Container_container'] button:has-text('查询'),是
2026-04-25 09:45:39,9932.044,7943.49,丁小华的小店铺2500,pdd_cashier_bills_reconcile,interaction,export_pdd_cashier_balance,click+download,D:\Program Files (x86)\fff2_dianshang\output\拼多多数据提取_20260425_070006_5a34765b\downloads\拼多多数据提取_1_2026-04-24\丁小华的小店铺2500_对账_2026-04-24_raw.zip,是
