动账时间,动帐流水号,动账方向,动账金额,动账账户,动账场景,计费类型,子订单号,订单号,售后编号,下单时间,商品ID,商品名称,达人ID,达人名称,订单类型,订单实付应结,运费实付,实际平台补贴_运费,实际平台补贴,其他平台补贴,以旧换新抵扣,政府补贴平台垫资,实际达人补贴,实际抖音支付补贴,实际抖音月付营销补贴,银行补贴,订单退款,平台服务费,佣金,服务商佣金,渠道分成,招商服务费,站外推广费,其他分成,是否免佣,免佣金额,商户主体名称,备注
2026-04-20 01:23:18,'2026042001231028438208404795,入账,3.77,聚合账户,货款结算入账,小店自卖,'6925585914754792607,'6925585914754792607,'SS76295682223258831760195,2026-04-14 14:37:45,'3740185316129112344,丝绒珠珠波浪发高颅秋冬新款防滑发卡高级洗脸整理碎发头箍发箍,,,普通订单,3.79,0,0,0,0,0,0,0,0,0,0,0,-0.02,0,0,0,0,0,0,是-商品卡免佣,0.15,义乌市亿芭电子商务商行,订单结算
2026-04-20 01:23:18,'2026042001231100928159244795,入账,4.65,聚合账户,货款结算入账,小店自卖,'6925346829489373116,'6925346829489373116,'SS76295542906752704380107,2026-04-04 17:28:07,'3776963894094987650,韩国奶咖爱心侧边发夹女高级感2025新款前额一字发卡刘海碎发夹子,,,普通订单,4.68,1.35,0,0,0,0,0,0,0,0,0,0,-0.03,0,0,0,0,0,0,是-商品卡免佣,0.22,义乌市亿芭电子商务商行,订单结算
2026-04-20 01:23:18,'2026042001231000379294784795,入账,9.18,聚合账户,货款结算入账,小店自卖,'6952096839884412735,'6952096839884412735,'SS76296621879839956990050,2026-04-15 23:32:07,'3792529394694750640,万事不南~韩系超可爱毛线南瓜小发绳女气质洋气发圈减龄百搭发饰,,,普通订单,9.24,0.55,0,0,0,0,0,0,0,0,0,0,-0.06,0,0,0,0,0,0,是-商品卡免佣,0.44,义乌市亿芭电子商务商行,订单结算
2026-04-20 01:23:18,'2026042001231022547543444795,入账,4.57,聚合账户,货款结算入账,小店自卖,'6925578029033487898,'6925578029033487898,'SS76296818158043305360032,2026-04-14 00:56:21,'3763977762117910623,圆形金属发扣刘海碎发发卡银灰发夹女侧边夹高级感水钻小夹子头饰,,,普通订单,4.6,0,0,0,0,0,0,0,0,0,0,0,-0.03,0,0,0,0,0,0,是-商品卡免佣,0.22,义乌市亿芭电子商务商行,订单结算
2026-04-20 01:23:18,'2026042001230811167664644795,入账,3.31,聚合账户,货款结算入账,小店自卖,'6925344606130503599,'6925344606130503599,'SS76295543129141785750211,2026-04-04 15:18:41,'3776956605703258199,复古格子布艺齿梳发箍女2025新款气质简约高颅顶压发卡学院风头箍,,,普通订单,3.33,0.55,0,0,0,0,0,0,0,0,0,0,-0.02,0,0,0,0,0,0,是-商品卡免佣,0.15,义乌市亿芭电子商务商行,订单结算
2026-04-20 01:23:18,'2026042001231104963865664795,入账,2.46,聚合账户,货款结算入账,小店自卖,'6951831406482167361,'6951831406482167361,'SS76278563866759664980211,2026-04-04 23:02:32,'3740774753087127566,新款洗脸发饰时尚法式网红发箍发卡宽边复古秋冬头饰百搭高级纯色,,,普通订单,3.97,0,0,0,0,0,0,0,0,0,0,-1.5,-0.01,0,0,0,0,0,0,是-商品卡免佣,0.07,义乌市亿芭电子商务商行,订单结算
2026-04-20 01:32:42,'2026042001323630493946884795,入账,5.67,聚合账户,货款结算入账,小店自卖,'6925363427952393892,'6925363427952393892,'SS76296680806015841280016,2026-04-05 15:17:39,'3779913033489449864,短发半扎发饰过渡期神器一字弹簧夹2025新款简约后脑勺发夹头饰女,,,普通订单,5.7,0.3,0,0,0,0,0,0,0,0,0,0,-0.03,0,0,0,0,0,0,是-商品卡免佣,0.22,义乌市亿芭电子商务商行,订单结算
2026-04-20 01:32:42,'2026042001323505964436484795,入账,2.81,聚合账户,货款结算入账,小店自卖,'6925470063488565148,'6925470063488565148,'SS76295943112351260510107,2026-04-10 05:32:07,'3765831620368662534,夏天简约随手盘发一字扭扭夹水钻抓夹高级发夹扭扭后脑勺盘发器,,,普通订单,2.96,0,0,0,0,0,0,0,0,0,0,0,-0.15,0,0,0,0,0,0,,0,义乌市亿芭电子商务商行,订单结算
2026-04-20 01:32:42,'2026042001323611996861874795,入账,8.68,聚合账户,货款结算入账,小店自卖,'6952077398822949993,'6952077398822949993,'SS76296739005192281960074,2026-04-14 22:03:12,'3807027237232967865,新款韩系复古碎花大肠发圈女扎丸子发饰马尾头饰发饰发绳2026春夏,,,普通订单,8.73,0,0,0,0,0,0,0,0,0,0,0,-0.05,0,0,0,0,0,0,是-商品卡免佣,0.37,义乌市亿芭电子商务商行,订单结算
2026-04-20 01:32:42,'2026042001323409117698904795,入账,5.33,聚合账户,货款结算入账,小店自卖,'6925495771806072412,'6925495771806072412,'SS76295567247682767550019,2026-04-11 02:04:11,'3757496430974074922,扎丸子头盘发神器固定盘发器简约扭扭棒发夹发饰挽发杆蓬松花苞头,,,普通订单,5.36,0,0,0,0,0,0,0,0,0,0,0,-0.03,0,0,0,0,0,0,是-商品卡免佣,0.22,义乌市亿芭电子商务商行,订单结算
2026-04-20 01:32:42,'2026042001323609445545594795,入账,3.87,聚合账户,货款结算入账,小店自卖,'6952079585342003063,'6952079585342003063,'SS76296624500566144150085,2026-04-14 23:16:45,'3770638427473707151,超可爱卡通可爱搞怪毛绒发箍女洗脸化妆发卡高颅顶2025新款高级感,,,普通订单,0.01,0,0,0,0,0,0,0,0,3.88,0,0,-0.02,0,0,0,0,0,0,是-商品卡免佣,0.15,义乌市亿芭电子商务商行,订单结算
2026-04-20 01:32:42,'2026042001323629448935034795,入账,5.62,聚合账户,货款结算入账,小店自卖,'6952074900740773094,'6952074900740773094,'SS76296198607299917200014,2026-04-14 21:24:28,'3753913172080329035,蝴蝶结发带女2026新款飘带头绳大肠发圈高级感扎头发皮筋大圈头绳,,,普通订单,5.65,0,0,0,0,0,0,0,0,0,0,0,-0.03,0,0,0,0,0,0,是-商品卡免佣,0.22,义乌市亿芭电子商务商行,订单结算
2026-04-20 01:32:42,'2026042001323628064159074795,入账,2.85,聚合账户,货款结算入账,小店自卖,'6925470035938672191,'6925470035938672191,'SS76295941641286458980158,2026-04-10 03:07:16,'3763619647727992972,2025抓夹高级感珠珠水钻发夹女夏天简约随手盘发一字扭扭夹网红,,,普通订单,2.87,0,0,0,0,0,0,0,0,0,0,0,-0.02,0,0,0,0,0,0,是-商品卡免佣,0.15,义乌市亿芭电子商务商行,订单结算
2026-04-20 01:32:42,'2026042001323614568371634795,入账,6.04,聚合账户,货款结算入账,小店自卖,'6952076118337459510,'6952076118337459510,'SS76296775898119706100106,2026-04-15 15:45:44,'3797209440067912088,萌趣卡通kt三丽鸥大肠发圈女童花朵发绳高级头发丸子头绳冬季发饰,,,普通订单,6.08,0.89,0,0,0,0,0,0,0,0,0,0,-0.04,0,0,0,0,0,0,是-商品卡免佣,0.29,义乌市亿芭电子商务商行,订单结算
2026-04-20 01:32:42,'2026042001323610699574114795,入账,1.95,聚合账户,货款结算入账,小店自卖,'6925472284217998589,'6925472284217998589,'SS76295947313794747260081,2026-04-10 00:51:22,'3765831620368662534,夏天简约随手盘发一字扭扭夹水钻抓夹高级发夹扭扭后脑勺盘发器,,,普通订单,1.96,0,0,0,0,0,0,0,0,0,0,0,-0.01,0,0,0,0,0,0,是-商品卡免佣,0.07,义乌市亿芭电子商务商行,订单结算
2026-04-20 03:25:32,'2026042003252834610880424795,入账,4.92,聚合账户,货款结算入账,小店自卖,'6952067665432024549,'6952067665432024549,'SS76297099919180434300149,2026-04-14 12:53:13,'3769545542972080207,新中式珠珠扭扭夹不硌头2025新款高端后脑勺盘发夹子抓夹百搭发饰,,,普通订单,1.15,0,0,3.8,0,0,0,0,0,0,0,0,-0.03,0,0,0,0,0,0,是-商品卡免佣,0.22,义乌市亿芭电子商务商行,订单结算
2026-04-20 03:25:32,'2026042003252714725616734795,入账,1.99,聚合账户,货款结算入账,小店自卖,'6925628637986389432,'6925628637986389432,'SS76296515029259553710109,2026-04-15 14:53:39,'3790879461549932720,韩系ins风高马尾香蕉夹竖夹女2025新款高级感发夹简约秋冬发饰,,,普通订单,0.01,0,0,1.99,0,0,0,0,0,0,0,0,-0.01,0,0,0,0,0,0,是-商品卡免佣,0.07,义乌市亿芭电子商务商行,订单结算
2026-04-20 03:25:32,'2026042003252634869911234795,入账,3.18,聚合账户,货款结算入账,小店自卖,'6951708625810495361,'6951708625810495361,'SS76295272072881277860099,2026-03-31 03:22:10,'3790879461549932720,韩系ins风高马尾香蕉夹竖夹女2025新款高级感发夹简约秋冬发饰,,,普通订单,3.2,0,0,0,0,0,0,0,0,0,0,0,-0.02,0,0,0,0,0,0,是-商品卡免佣,0.15,义乌市亿芭电子商务商行,订单结算
2026-04-20 03:25:32,'2026042003252734774103454795,入账,1.99,聚合账户,货款结算入账,小店自卖,'6952113043580392681,'6952113043580392681,'SS76296899165529544100238,2026-04-16 12:37:27,'3807565600545439967,复古豹纹波点褶皱香蕉夹后脑勺显发量横夹发卡高级感马尾扭扭竖夹,,,普通订单,0.01,0,0,1.99,0,0,0,0,0,0,0,0,-0.01,0,0,0,0,0,0,是-商品卡免佣,0.07,义乌市亿芭电子商务商行,订单结算
2026-04-20 03:25:32,'2026042003252614105812744795,入账,2.78,聚合账户,货款结算入账,小店自卖,'6925564647960182758,'6925564647960182758,'SS76296172291641840910229,2026-04-14 05:44:05,'3769545542972080207,新中式珠珠扭扭夹不硌头2025新款高端后脑勺盘发夹子抓夹百搭发饰,,,普通订单,0.01,0,0,2.92,0,0,0,0,0,0,0,0,-0.15,0,0,0,0,0,0,,0,义乌市亿芭电子商务商行,订单结算
2026-04-20 03:25:44,'2026042003253840856619984795,入账,3.16,聚合账户,货款结算入账,小店自卖,'6925591548339125378,'6925591548339125378,'SS76297325191868091390062,2026-04-14 13:48:28,'3776956605703258199,复古格子布艺齿梳发箍女2025新款气质简约高颅顶压发卡学院风头箍,,,普通订单,1.33,0.55,0,2,0,0,0,0,0,0,0,0,-0.17,0,0,0,0,0,0,,0,义乌市亿芭电子商务商行,订单结算
2026-04-20 03:25:44,'2026042003253816581107834795,入账,3.79,聚合账户,货款结算入账,小店自卖,'6951838160166065446,'6951838160166065446,'SS76295818521939973620115,2026-04-05 10:49:41,'3806088859851293352,韩系波点蝴蝶结抓夹女满天星赫本风马尾夹鲨鱼夹半扎发夹气质发饰,,,普通订单,0.81,0,0,3,0,0,0,0,0,0,0,0,-0.02,0,0,0,0,0,0,是-商品卡免佣,0.15,义乌市亿芭电子商务商行,订单结算
2026-04-20 03:25:44,'2026042003253826272243304795,入账,1.9,聚合账户,货款结算入账,小店自卖,'6925366848511769890,'6925366848511769890,'SS76295257138786350710033,2026-04-04 23:52:53,'3790879461549932720,韩系ins风高马尾香蕉夹竖夹女2025新款高级感发夹简约秋冬发饰,,,普通订单,0.01,0,0,1.99,0,0,0,0,0,0,0,0,-0.1,0,0,0,0,0,0,,0,义乌市亿芭电子商务商行,订单结算
2026-04-20 03:25:44,'2026042003253504962923614795,入账,3.56,聚合账户,货款结算入账,小店自卖,'6925384319669796022,'6925384319669796022,'SS76297409728254615390235,2026-04-05 23:18:52,'3781982017927906160,新款米菲兔发夹大号横夹网红巨显发量香蕉后脑勺盘发百搭少女发饰,,,普通订单,0.01,0,0,3.57,0,0,0,0,0,0,0,0,-0.02,0,0,0,0,0,0,是-商品卡免佣,0.15,义乌市亿芭电子商务商行,订单结算
2026-04-20 03:25:44,'2026042003253839271468024795,入账,4.92,聚合账户,货款结算入账,小店自卖,'6925605083648392717,'6925605083648392717,'SS76296841569345090820012,2026-04-14 14:20:54,'3769545542972080207,新中式珠珠扭扭夹不硌头2025新款高端后脑勺盘发夹子抓夹百搭发饰,,,普通订单,4.95,0,0,0,0,0,0,0,0,0,0,0,-0.03,0,0,0,0,0,0,是-商品卡免佣,0.22,义乌市亿芭电子商务商行,订单结算
2026-04-20 03:25:48,'2026042003254237170552414795,入账,9.18,聚合账户,货款结算入账,小店自卖,'6925595414439493387,'6925595414439493387,'SS76295986866071843900025,2026-04-15 10:31:25,'3792534464928809137,超好看~韩系南瓜发圈女甜美蝴蝶结后脑勺扎头发绳高弹力皮筋秋冬,,,普通订单,9.24,0.55,0,0,0,0,0,0,0,0,0,0,-0.06,0,0,0,0,0,0,是-商品卡免佣,0.44,义乌市亿芭电子商务商行,订单结算
2026-04-20 03:25:48,'2026042003254316825720684795,入账,4.9,聚合账户,货款结算入账,小店自卖,'6952062986215888025,'6952062986215888025,'SS76296722909551659610241,2026-04-14 12:14:11,'3776956605703258199,复古格子布艺齿梳发箍女2025新款气质简约高颅顶压发卡学院风头箍,,,普通订单,4.93,0.55,0,0,0,0,0,0,0,0,0,0,-0.03,0,0,0,0,0,0,是-商品卡免佣,0.22,义乌市亿芭电子商务商行,订单结算
2026-04-20 03:25:48,'2026042003254321686195704795,入账,4.32,聚合账户,货款结算入账,小店自卖,'6925609604714036399,'6925609604714036399,'SS76296659286212938670079,2026-04-15 13:25:49,'3753913172080329035,蝴蝶结发带女2026新款飘带头绳大肠发圈高级感扎头发皮筋大圈头绳,,,普通订单,4.35,0,0,0,0,0,0,0,0,0,0,0,-0.03,0,0,0,0,0,0,是-商品卡免佣,0.22,义乌市亿芭电子商务商行,订单结算
2026-04-20 03:25:48,'2026042003254124880908904795,入账,4.32,聚合账户,货款结算入账,小店自卖,'6925586933677456425,'6925586933677456425,'SS76296754560817239130172,2026-04-14 16:44:03,'3753913172080329035,蝴蝶结发带女2026新款飘带头绳大肠发圈高级感扎头发皮筋大圈头绳,,,普通订单,4.35,0,0,0,0,0,0,0,0,0,0,0,-0.03,0,0,0,0,0,0,是-商品卡免佣,0.22,义乌市亿芭电子商务商行,订单结算
2026-04-20 03:25:48,'2026042003254232590897064795,入账,5.89,聚合账户,货款结算入账,小店自卖,'6951561824844583939,'6951561824844583939,'SS76295915955410209370184,2026-03-26 11:18:08,'3744092439263183223,小众侧边夹刘海夹创意碎发夹子古风玫瑰花琵琶发夹新中式发卡头饰,,,普通订单,5.93,0,0,0,0,0,0,0,0,0,0,0,-0.04,0,0,0,0,0,0,是-商品卡免佣,0.29,义乌市亿芭电子商务商行,订单结算
2026-04-20 03:25:58,'2026042003255128410394024795,入账,0.99,聚合账户,货款结算入账,小店自卖,'6952154809753146566,'6952154809753146566,'SS76296132819649661540073,2026-04-17 14:35:28,'3790879461549932720,韩系ins风高马尾香蕉夹竖夹女2025新款高级感发夹简约秋冬发饰,,,普通订单,3.2,0,0,0,0,0,0,0,0,0,0,-2.2,-0.01,0,0,0,0,0,0,是-商品卡免佣,0.07,义乌市亿芭电子商务商行,订单结算
2026-04-20 03:25:58,'2026042003255328493253504795,入账,4.9,聚合账户,货款结算入账,小店自卖,'6925600879637069254,'6925600879637069254,'SS76297259043101248400024,2026-04-14 19:55:36,'3776956605703258199,复古格子布艺齿梳发箍女2025新款气质简约高颅顶压发卡学院风头箍,,,普通订单,4.93,0.55,0,0,0,0,0,0,0,0,0,0,-0.03,0,0,0,0,0,0,是-商品卡免佣,0.22,义乌市亿芭电子商务商行,订单结算
2026-04-20 03:25:58,'2026042003255210626670514795,入账,1.99,聚合账户,货款结算入账,小店自卖,'6952108529946530980,'6952108529946530980,'SS76296936150791787620224,2026-04-16 11:33:49,'3790879461549932720,韩系ins风高马尾香蕉夹竖夹女2025新款高级感发夹简约秋冬发饰,,,普通订单,2,0,0,0,0,0,0,0,0,0,0,0,-0.01,0,0,0,0,0,0,是-商品卡免佣,0.07,义乌市亿芭电子商务商行,订单结算
2026-04-20 03:25:58,'2026042003255229330317264795,入账,3.65,聚合账户,货款结算入账,小店自卖,'6925621606275251377,'6925621606275251377,'SS76296511327563658650170,2026-04-15 12:15:21,'3743185453864583227,爆款韩系水钻BB夹女前额后脑勺精致发夹高颜值刘海发卡侧边夹网红,,,普通订单,3.67,0,0,0,0,0,0,0,0,0,0,0,-0.02,0,0,0,0,0,0,是-商品卡免佣,0.15,义乌市亿芭电子商务商行,订单结算
2026-04-20 03:25:58,'2026042003255306633067784795,入账,2.63,聚合账户,货款结算入账,小店自卖,'6925595688990112860,'6925595688990112860,'SS76296775209124664410156,2026-04-14 12:46:13,'3763619647727992972,2025抓夹高级感珠珠水钻发夹女夏天简约随手盘发一字扭扭夹网红,,,普通订单,2.65,0,0,0,0,0,0,0,0,0,0,0,-0.02,0,0,0,0,0,0,是-商品卡免佣,0.15,义乌市亿芭电子商务商行,订单结算
2026-04-20 03:25:59,'2026042003255502727941624795,入账,2.71,聚合账户,货款结算入账,小店自卖,'6925487129087475599,'6925487129087475599,'SS76295522064595195140233,2026-04-10 04:58:44,'3762452833954300183,高级感金属黑锆石钻一字夹扭扭夹大号新款后脑勺盘发头发夹子发饰,,,普通订单,2.85,0,0,0,0,0,0,0,0,0,0,0,-0.14,0,0,0,0,0,0,,0,义乌市亿芭电子商务商行,订单结算
2026-04-20 03:25:59,'2026042003255412674506664795,入账,2.85,聚合账户,货款结算入账,小店自卖,'6951927474897491401,'6951927474897491401,'SS76295941570116490760185,2026-04-10 04:36:45,'3763619647727992972,2025抓夹高级感珠珠水钻发夹女夏天简约随手盘发一字扭扭夹网红,,,普通订单,2.87,0,0,0,0,0,0,0,0,0,0,0,-0.02,0,0,0,0,0,0,是-商品卡免佣,0.15,义乌市亿芭电子商务商行,订单结算
2026-04-20 03:25:59,'2026042003255440313861384795,入账,1.99,聚合账户,货款结算入账,小店自卖,'6925619904311885468,'6925619904311885468,'SS76296977340910635980231,2026-04-15 17:41:15,'3790879461549932720,韩系ins风高马尾香蕉夹竖夹女2025新款高级感发夹简约秋冬发饰,,,普通订单,2,0,0,0,0,0,0,0,0,0,0,0,-0.01,0,0,0,0,0,0,是-商品卡免佣,0.07,义乌市亿芭电子商务商行,订单结算
2026-04-20 03:25:59,'2026042003255234406446594795,入账,4.31,聚合账户,货款结算入账,小店自卖,'6925618695656668981,'6925618695656668981,'SS76296687560297846300051,2026-04-16 06:52:38,'3761752097155056209,新款水钻网纱蝴蝶结大抓夹后脑勺盘发发夹高级头饰鲨鱼夹大号发饰,,,普通订单,4.34,0,0,0,0,0,0,0,0,0,0,0,-0.03,0,0,0,0,0,0,是-商品卡免佣,0.22,义乌市亿芭电子商务商行,订单结算
2026-04-20 03:25:59,'2026042003255018763125864795,入账,1.88,聚合账户,货款结算入账,小店自卖,'6925614776344805161,'6925614776344805161,'SS76295762756967675150213,2026-04-15 13:09:47,'3763785530119159860,复古豹纹香蕉发夹女高级感马尾扭扭竖夹气质后脑勺显发量夹子头饰,,,普通订单,1.89,0,0,0,0,0,0,0,0,0,0,0,-0.01,0,0,0,0,0,0,是-商品卡免佣,0.07,义乌市亿芭电子商务商行,订单结算
2026-04-20 03:26:12,'2026042003260926845028354795,入账,1.99,聚合账户,货款结算入账,小店自卖,'6925597838351105527,'6925597838351105527,'SS76296954233134287700135,2026-04-14 13:27:26,'3790879461549932720,韩系ins风高马尾香蕉夹竖夹女2025新款高级感发夹简约秋冬发饰,,,普通订单,0.01,0,0,1.99,0,0,0,0,0,0,0,0,-0.01,0,0,0,0,0,0,是-商品卡免佣,0.07,义乌市亿芭电子商务商行,订单结算
2026-04-20 03:26:12,'2026042003260639059131304795,入账,6.49,聚合账户,货款结算入账,小店自卖,'6951984482008110758,'6951984482008110758,'SS76296443339438661120197,2026-04-11 00:28:43,'3779916999874970036,时尚优雅布艺发饰仙女碎花大蝴蝶结飘带抓夹女后脑勺鲨鱼夹子发饰,,,普通订单,6.53,0,0,0,0,0,0,0,0,0,0,0,-0.04,0,0,0,0,0,0,是-商品卡免佣,0.29,义乌市亿芭电子商务商行,订单结算
2026-04-20 03:26:12,'2026042003260816198377474795,入账,3.31,聚合账户,货款结算入账,小店自卖,'6925504501579808504,'6925504501579808504,'SS76296705654414218430212,2026-04-11 03:15:01,'3776956605703258199,复古格子布艺齿梳发箍女2025新款气质简约高颅顶压发卡学院风头箍,,,普通订单,3.33,0.55,0,0,0,0,0,0,0,0,0,0,-0.02,0,0,0,0,0,0,是-商品卡免佣,0.15,义乌市亿芭电子商务商行,订单结算
2026-04-20 03:26:12,'2026042003260708179226014795,入账,1.99,聚合账户,货款结算入账,小店自卖,'6952071545017341206,'6952071545017341206,'SS76296916513605066740102,2026-04-14 10:23:29,'3790879461549932720,韩系ins风高马尾香蕉夹竖夹女2025新款高级感发夹简约秋冬发饰,,,普通订单,0.01,0,0,1.99,0,0,0,0,0,0,0,0,-0.01,0,0,0,0,0,0,是-商品卡免佣,0.07,义乌市亿芭电子商务商行,订单结算
2026-04-20 03:26:12,'2026042003260716487882344795,入账,3.96,聚合账户,货款结算入账,小店自卖,'6925362324888190062,'6925362324888190062,'SS76295273929194375830157,2026-04-04 22:48:18,'3790879461549932720,韩系ins风高马尾香蕉夹竖夹女2025新款高级感发夹简约秋冬发饰,,,普通订单,3.98,0,0,0,0,0,0,0,0,0,0,0,-0.02,0,0,0,0,0,0,是-商品卡免佣,0.15,义乌市亿芭电子商务商行,订单结算
2026-04-20 03:26:12,'2026042003260636324357624795,入账,3.41,聚合账户,货款结算入账,小店自卖,'6925569372615573179,'6925569372615573179,'SS76296565155795318030192,2026-04-14 09:32:57,'3753913172080329035,蝴蝶结发带女2026新款飘带头绳大肠发圈高级感扎头发皮筋大圈头绳,,,普通订单,3.43,0.45,0,0,0,0,0,0,0,0,0,0,-0.02,0,0,0,0,0,0,是-商品卡免佣,0.15,义乌市亿芭电子商务商行,订单结算
2026-04-20 03:26:12,'2026042003260537594281154795,入账,3.18,聚合账户,货款结算入账,小店自卖,'6952043217514665643,'6952043217514665643,'SS76296047953847956670147,2026-04-13 00:54:01,'3790879461549932720,韩系ins风高马尾香蕉夹竖夹女2025新款高级感发夹简约秋冬发饰,,,普通订单,0.2,0,0,3,0,0,0,0,0,0,0,0,-0.02,0,0,0,0,0,0,是-商品卡免佣,0.15,义乌市亿芭电子商务商行,订单结算
2026-04-20 03:26:12,'2026042003260418505897504795,入账,5.23,聚合账户,货款结算入账,小店自卖,'6951702014744205229,'6951702014744205229,'SS76295505643105695240014,2026-03-31 00:49:10,'3756386991579726304,2025新款发饰后脑勺盘发夹高级感气质抓夹超大号简约鲨鱼夹子女,,,普通订单,5.26,0,0,0,0,0,0,0,0,0,0,0,-0.03,0,0,0,0,0,0,是-商品卡免佣,0.22,义乌市亿芭电子商务商行,订单结算
2026-04-20 03:26:12,'2026042003260727826916344795,入账,5.62,聚合账户,货款结算入账,小店自卖,'6925613644949191930,'6925613644949191930,'SS76296601362190669310122,2026-04-15 16:54:44,'3753913172080329035,蝴蝶结发带女2026新款飘带头绳大肠发圈高级感扎头发皮筋大圈头绳,,,普通订单,5.65,0,0,0,0,0,0,0,0,0,0,0,-0.03,0,0,0,0,0,0,是-商品卡免佣,0.22,义乌市亿芭电子商务商行,订单结算
2026-04-20 03:26:12,'2026042003260617833498024795,入账,3.96,聚合账户,货款结算入账,小店自卖,'6951676394180056771,'6951676394180056771,'SS76295262688126899300127,2026-03-30 09:40:25,'3790879461549932720,韩系ins风高马尾香蕉夹竖夹女2025新款高级感发夹简约秋冬发饰,,,普通订单,3.98,0,0,0,0,0,0,0,0,0,0,0,-0.02,0,0,0,0,0,0,是-商品卡免佣,0.15,义乌市亿芭电子商务商行,订单结算
2026-04-20 03:27:18,'2026042003271406595382144795,入账,1.99,聚合账户,货款结算入账,小店自卖,'6951954153889666462,'6951954153889666462,'SS76295729174170509320140,2026-04-10 03:17:39,'3790879461549932720,韩系ins风高马尾香蕉夹竖夹女2025新款高级感发夹简约秋冬发饰,,,普通订单,0.01,0,0,1.99,0,0,0,0,0,0,0,0,-0.01,0,0,0,0,0,0,是-商品卡免佣,0.07,义乌市亿芭电子商务商行,订单结算
2026-04-20 03:27:18,'2026042003271200849021544795,入账,3.31,聚合账户,货款结算入账,小店自卖,'6951702946651772660,'6951702946651772660,'SS76296197324126500240051,2026-03-31 13:48:35,'3776956605703258199,复古格子布艺齿梳发箍女2025新款气质简约高颅顶压发卡学院风头箍,,,普通订单,3.33,0.55,0,0,0,0,0,0,0,0,0,0,-0.02,0,0,0,0,0,0,是-商品卡免佣,0.15,义乌市亿芭电子商务商行,订单结算
2026-04-20 03:27:18,'2026042003271505708068354795,入账,1.99,聚合账户,货款结算入账,小店自卖,'6952047542791247100,'6952047542791247100,'SS76296943615005209750054,2026-04-14 10:21:36,'3790879461549932720,韩系ins风高马尾香蕉夹竖夹女2025新款高级感发夹简约秋冬发饰,,,普通订单,0.01,0,0,1.99,0,0,0,0,0,0,0,0,-0.01,0,0,0,0,0,0,是-商品卡免佣,0.07,义乌市亿芭电子商务商行,订单结算
2026-04-20 03:27:18,'2026042003271426263068424795,入账,1.99,聚合账户,货款结算入账,小店自卖,'6951828908170089984,'6951828908170089984,'SS76295254183798257070068,2026-04-04 22:26:32,'3790879461549932720,韩系ins风高马尾香蕉夹竖夹女2025新款高级感发夹简约秋冬发饰,,,普通订单,0.01,0,0,1.99,0,0,0,0,0,0,0,0,-0.01,0,0,0,0,0,0,是-商品卡免佣,0.07,义乌市亿芭电子商务商行,订单结算
2026-04-20 03:27:18,'2026042003271335792696824795,入账,1.99,聚合账户,货款结算入账,小店自卖,'6952098803859396540,'6952098803859396540,'SS76296886028886717820203,2026-04-15 23:00:41,'3790879461549932720,韩系ins风高马尾香蕉夹竖夹女2025新款高级感发夹简约秋冬发饰,,,普通订单,2,0,0,0,0,0,0,0,0,0,0,0,-0.01,0,0,0,0,0,0,是-商品卡免佣,0.07,义乌市亿芭电子商务商行,订单结算
2026-04-20 03:28:23,'2026042003281834827965954795,入账,1.99,聚合账户,货款结算入账,小店自卖,'6925484688081452401,'6925484688081452401,'SS76295729431536934800141,2026-04-10 01:34:29,'3790879461549932720,韩系ins风高马尾香蕉夹竖夹女2025新款高级感发夹简约秋冬发饰,,,普通订单,0.01,0,0,1.99,0,0,0,0,0,0,0,0,-0.01,0,0,0,0,0,0,是-商品卡免佣,0.07,义乌市亿芭电子商务商行,订单结算
2026-04-20 03:28:24,'2026042003281911885122944795,入账,4.32,聚合账户,货款结算入账,小店自卖,'6925625060784504025,'6925625060784504025,'SS76296551911217892380049,2026-04-15 20:22:52,'3753913172080329035,蝴蝶结发带女2026新款飘带头绳大肠发圈高级感扎头发皮筋大圈头绳,,,普通订单,4.35,0,0,0,0,0,0,0,0,0,0,0,-0.03,0,0,0,0,0,0,是-商品卡免佣,0.22,义乌市亿芭电子商务商行,订单结算
2026-04-20 03:28:24,'2026042003282025042621954795,入账,1.99,聚合账户,货款结算入账,小店自卖,'6925463156662303858,'6925463156662303858,'SS76295729089265997210074,2026-04-10 00:49:45,'3790879461549932720,韩系ins风高马尾香蕉夹竖夹女2025新款高级感发夹简约秋冬发饰,,,普通订单,2,0,0,0,0,0,0,0,0,0,0,0,-0.01,0,0,0,0,0,0,是-商品卡免佣,0.07,义乌市亿芭电子商务商行,订单结算
2026-04-20 03:28:24,'2026042003281827813360994795,入账,5.62,聚合账户,货款结算入账,小店自卖,'6952103526409967097,'6952103526409967097,'SS76297295203289669310012,2026-04-16 01:41:29,'3753913172080329035,蝴蝶结发带女2026新款飘带头绳大肠发圈高级感扎头发皮筋大圈头绳,,,普通订单,5.65,0,0,0,0,0,0,0,0,0,0,0,-0.03,0,0,0,0,0,0,是-商品卡免佣,0.22,义乌市亿芭电子商务商行,订单结算
2026-04-20 03:28:24,'2026042003281936323701864795,入账,3.76,聚合账户,货款结算入账,小店自卖,'6925367496307932218,'6925367496307932218,'SS76296028706537311180003,2026-04-05 12:40:28,'3812212604819079368,超仙紫色铃兰花流苏发夹女新中式头花海边度假风头饰侧边夹发饰,,,普通订单,3.78,0,0,0,0,0,0,0,0,0,0,0,-0.02,0,0,0,0,0,0,是-商品卡免佣,0.15,义乌市亿芭电子商务商行,订单结算
2026-04-20 03:28:38,'2026042003283339518216034795,入账,1.88,聚合账户,货款结算入账,巨量千川,'6951848751447939034,'6951848751447939034,'SS76297085217742894140232,2026-04-06 12:42:39,'3787169552576676059,虞书欣同款发扣新款圈小触角发扣金属水钻圆形刘海夹脏辫发卡头饰,,,普通订单,1.98,0,0,0,0,0,0,0,0,0,0,0,-0.1,0,0,0,0,0,0,,0,义乌市亿芭电子商务商行,订单结算
2026-04-20 03:28:38,'2026042003283405834836994795,入账,4.24,聚合账户,货款结算入账,小店自卖,'6925622979913874757,'6925622979913874757,'SS76296430160178224730067,2026-04-15 21:44:46,'3810906537459843410,森系干枯山茶花朵7cm小抓夹 百搭气质发夹女后脑勺超仙鲨夹发饰品,,,普通订单,4.27,0,0,0,0,0,0,0,0,0,0,0,-0.03,0,0,0,0,0,0,是-商品卡免佣,0.22,义乌市亿芭电子商务商行,订单结算
2026-04-20 03:28:38,'2026042003283232895513954795,入账,3.68,聚合账户,货款结算入账,小店自卖,'6952052296765413295,'6952052296765413295,'SS76297097892825177600232,2026-04-14 11:57:43,'3779913033489449864,短发半扎发饰过渡期神器一字弹簧夹2025新款简约后脑勺发夹头饰女,,,普通订单,3.7,0.3,0,0,0,0,0,0,0,0,0,0,-0.02,0,0,0,0,0,0,是-商品卡免佣,0.15,义乌市亿芭电子商务商行,订单结算
2026-04-20 03:28:38,'2026042003283304999419034795,入账,4.88,聚合账户,货款结算入账,小店自卖,'6951820120311666034,'6951820120311666034,'SS76295544759978726860032,2026-04-04 20:56:57,'3761752803635233217,2025新款蝴蝶结发带女飘带头绳大肠发圈高级感扎头发皮筋甜美发绳,,,普通订单,4.91,0,0,0,0,0,0,0,0,0,0,0,-0.03,0,0,0,0,0,0,是-商品卡免佣,0.22,义乌市亿芭电子商务商行,订单结算
2026-04-20 03:28:38,'2026042003283327767611284795,入账,3.31,聚合账户,货款结算入账,小店自卖,'6952029914931729708,'6952029914931729708,'SS76294459577265075720174,2026-04-13 04:20:49,'3776956605703258199,复古格子布艺齿梳发箍女2025新款气质简约高颅顶压发卡学院风头箍,,,普通订单,3.33,0.55,0,0,0,0,0,0,0,0,0,0,-0.02,0,0,0,0,0,0,是-商品卡免佣,0.15,义乌市亿芭电子商务商行,订单结算
2026-04-20 03:29:13,'2026042003290803867981304795,入账,4.9,聚合账户,货款结算入账,小店自卖,'6925599842387852996,'6925599842387852996,'SS76296603582780055450195,2026-04-15 11:02:46,'3776956605703258199,复古格子布艺齿梳发箍女2025新款气质简约高颅顶压发卡学院风头箍,,,普通订单,4.93,0.55,0,0,0,0,0,0,0,0,0,0,-0.03,0,0,0,0,0,0,是-商品卡免佣,0.22,义乌市亿芭电子商务商行,订单结算
2026-04-20 03:29:13,'2026042003290811046630944795,入账,3.31,聚合账户,货款结算入账,小店自卖,'6952059437793743918,'6952059437793743918,'SS76295881209587307920049,2026-04-14 22:43:30,'3810356298671850295,2026新款牡丹流苏珠珠流苏抓夹显发量蓬松高颅顶鲨鱼夹高级感发夹,,,普通订单,3.33,0,0,0,0,0,0,0,0,0,0,0,-0.02,0,0,0,0,0,0,是-商品卡免佣,0.15,义乌市亿芭电子商务商行,订单结算
2026-04-20 03:29:13,'2026042003290919425697744795,入账,8.32,聚合账户,货款结算入账,小店自卖,'6925652485269847889,'6925652485269847889,'SS76296201755537782220155,2026-04-16 16:42:04,'3756386888341127572,网红满天星网纱蝴蝶结发夹大号双面鲨鱼夹设计感盘发抓夹发卡饰,,,普通订单,8.37,0,0,0,0,0,0,0,0,0,0,0,-0.05,0,0,0,0,0,0,是-商品卡免佣,0.37,义乌市亿芭电子商务商行,订单结算
2026-04-20 03:29:13,'2026042003290815440655774795,入账,2.99,聚合账户,货款结算入账,小店自卖,'6952071334079501689,'6952071334079501689,'SS76296635627213993470012,2026-04-15 12:53:51,'3765831620368662534,夏天简约随手盘发一字扭扭夹水钻抓夹高级发夹扭扭后脑勺盘发器,,,普通订单,2.15,0,0,0,0,0,0,0,0,1,0,0,-0.16,0,0,0,0,0,0,,0,义乌市亿芭电子商务商行,订单结算
2026-04-20 03:29:13,'2026042003290925587059394795,入账,2.26,聚合账户,货款结算入账,小店自卖,'6951822872982656925,'6951822872982656925,'SS76295915187142499930197,2026-04-05 11:21:13,'3744092439263183223,小众侧边夹刘海夹创意碎发夹子古风玫瑰花琵琶发夹新中式发卡头饰,,,普通订单,2.27,0,0,0,0,0,0,0,0,0,0,0,-0.01,0,0,0,0,0,0,是-商品卡免佣,0.07,义乌市亿芭电子商务商行,订单结算
2026-04-20 03:29:16,'2026042003291019559877214795,入账,12.61,聚合账户,货款结算入账,小店自卖,'6925587299472539410,'6925587299472539410,'SS76296229580718415740153,2026-04-14 19:46:49,'3760466312694989527,2025年新款女孩发饰刘海侧边夹女儿童发夹可爱夹子头饰网红发卡,,,普通订单,12.69,0,0,0,0,0,0,0,0,0,0,0,-0.08,0,0,0,0,0,0,是-商品卡免佣,0.59,义乌市亿芭电子商务商行,订单结算
2026-04-20 03:29:16,'2026042003291021044764594795,入账,3.18,聚合账户,货款结算入账,小店自卖,'6951934256926626854,'6951934256926626854,'SS76295729339034995560201,2026-04-10 01:13:28,'3790879461549932720,韩系ins风高马尾香蕉夹竖夹女2025新款高级感发夹简约秋冬发饰,,,普通订单,3.2,0,0,0,0,0,0,0,0,0,0,0,-0.02,0,0,0,0,0,0,是-商品卡免佣,0.15,义乌市亿芭电子商务商行,订单结算
2026-04-20 03:29:16,'2026042003291313591229534795,入账,3.78,聚合账户,货款结算入账,小店自卖,'6925606291100892890,'6925606291100892890,'SS76295876231160796420040,2026-04-14 23:02:11,'3790879461549932720,韩系ins风高马尾香蕉夹竖夹女2025新款高级感发夹简约秋冬发饰,,,普通订单,0.98,0,0,3,0,0,0,0,0,0,0,0,-0.2,0,0,0,0,0,0,,0,义乌市亿芭电子商务商行,订单结算
2026-04-20 03:29:16,'2026042003291225125074464795,入账,2.19,聚合账户,货款结算入账,小店自卖,'6952072716362651028,'6952072716362651028,'SS76297345467006694920203,2026-04-14 23:24:16,'3755820538929479874,简约亚克力抓夹大号发量多女高级感发夹后脑勺发卡百搭鲨鱼夹发饰,,,普通订单,2.2,2.1,0,0,0,0,0,0,0,0,0,0,-0.01,0,0,0,0,0,0,是-商品卡免佣,0.07,义乌市亿芭电子商务商行,订单结算
2026-04-20 03:29:16,'2026042003291031636894814795,入账,1.99,聚合账户,货款结算入账,小店自卖,'6925596183798381791,'6925596183798381791,'SS76296721135948275550086,2026-04-14 17:00:48,'3790879461549932720,韩系ins风高马尾香蕉夹竖夹女2025新款高级感发夹简约秋冬发饰,,,普通订单,0.01,0,0,1.99,0,0,0,0,0,0,0,0,-0.01,0,0,0,0,0,0,是-商品卡免佣,0.07,义乌市亿芭电子商务商行,订单结算
2026-04-20 03:29:16,'2026042003291222126965954795,入账,5.18,聚合账户,货款结算入账,小店自卖,'6952079925246301667,'6952079925246301667,'SS76295951532517296790035,2026-04-15 09:12:37,'3806609377574650221,2026丸子发饰马尾发绳新款春夏韩系女复古蝴蝶结大肠头绳发圈发饰,,,普通订单,5.21,0,0,0,0,0,0,0,0,0,0,0,-0.03,0,0,0,0,0,0,是-商品卡免佣,0.22,义乌市亿芭电子商务商行,订单结算
2026-04-20 03:29:16,'2026042003291304866383724795,入账,1.9,聚合账户,货款结算入账,小店自卖,'6952112442542462490,'6952112442542462490,'SS76297111595364518800036,2026-04-16 01:22:35,'3790879461549932720,韩系ins风高马尾香蕉夹竖夹女2025新款高级感发夹简约秋冬发饰,,,普通订单,0.01,0,0,1.99,0,0,0,0,0,0,0,0,-0.1,0,0,0,0,0,0,,0,义乌市亿芭电子商务商行,订单结算
2026-04-20 03:29:16,'2026042003291320053898664795,入账,1.9,聚合账户,货款结算入账,小店自卖,'6951932152559703875,'6951932152559703875,'SS76295728919110945710249,2026-04-10 00:45:05,'3790879461549932720,韩系ins风高马尾香蕉夹竖夹女2025新款高级感发夹简约秋冬发饰,,,普通订单,2,0,0,0,0,0,0,0,0,0,0,0,-0.1,0,0,0,0,0,0,,0,义乌市亿芭电子商务商行,订单结算
2026-04-20 03:29:16,'2026042003291041871324354795,入账,3.88,聚合账户,货款结算入账,小店自卖,'6952081930822620351,'6952081930822620351,'SS76296895570765094940148,2026-04-15 06:01:05,'3808648982566142387,洋气发箍女款洗脸专用压发带齿防滑碎发卡子头箍高颅头饰防掉百搭,,,普通订单,3.9,0,0,0,0,0,0,0,0,0,0,0,-0.02,0,0,0,0,0,0,是-商品卡免佣,0.15,义乌市亿芭电子商务商行,订单结算
2026-04-20 03:29:17,'2026042003291127359321694795,入账,1.99,聚合账户,货款结算入账,小店自卖,'6925587585828355173,'6925587585828355173,'SS76297184691698775440016,2026-04-14 21:56:02,'3790879461549932720,韩系ins风高马尾香蕉夹竖夹女2025新款高级感发夹简约秋冬发饰,,,普通订单,2,0,0,0,0,0,0,0,0,0,0,0,-0.01,0,0,0,0,0,0,是-商品卡免佣,0.07,义乌市亿芭电子商务商行,订单结算
2026-04-20 03:29:27,'2026042003292314819046504795,入账,4.4,聚合账户,货款结算入账,小店自卖,'6925355723159076445,'6925355723159076445,'SS76295914501789125180001,2026-04-04 16:51:30,'3746917524835533128,2025年新款磨砂大号抓夹女发夹后脑勺盘发发量多鲨鱼夹子发卡头饰,,,普通订单,4.43,0,0,0,0,0,0,0,0,0,0,0,-0.03,0,0,0,0,0,0,是-商品卡免佣,0.22,义乌市亿芭电子商务商行,订单结算
2026-04-20 03:29:27,'2026042003292320595346184795,入账,1.99,聚合账户,货款结算入账,小店自卖,'6925606102189440297,'6925606102189440297,'SS76297381655736653220034,2026-04-14 21:57:07,'3790879461549932720,韩系ins风高马尾香蕉夹竖夹女2025新款高级感发夹简约秋冬发饰,,,普通订单,2,0,0,0,0,0,0,0,0,0,0,0,-0.01,0,0,0,0,0,0,是-商品卡免佣,0.07,义乌市亿芭电子商务商行,订单结算
2026-04-20 03:29:27,'2026042003292134030559084795,入账,1.99,聚合账户,货款结算入账,小店自卖,'6952008217270097721,'6952008217270097721,'SS76297461592040576460026,2026-04-12 00:31:04,'3790879461549932720,韩系ins风高马尾香蕉夹竖夹女2025新款高级感发夹简约秋冬发饰,,,普通订单,1,0,0,0,0,0,0,0,1,0,0,0,-0.01,0,0,0,0,0,0,是-商品卡免佣,0.07,义乌市亿芭电子商务商行,订单结算
2026-04-20 03:29:27,'2026042003292214524582784795,入账,1.99,聚合账户,货款结算入账,小店自卖,'6925611195919400775,'6925611195919400775,'SS76296156477396257430085,2026-04-15 15:54:39,'3790879461549932720,韩系ins风高马尾香蕉夹竖夹女2025新款高级感发夹简约秋冬发饰,,,普通订单,2,0,0,0,0,0,0,0,0,0,0,0,-0.01,0,0,0,0,0,0,是-商品卡免佣,0.07,义乌市亿芭电子商务商行,订单结算
2026-04-20 03:29:27,'2026042003292239781217744795,入账,0.99,聚合账户,货款结算入账,小店自卖,'6925358272634519025,'6925358272634519025,'SS76295669850573747300183,2026-04-04 18:31:41,'3807002362929873179,复古豹纹波点褶皱香蕉夹高级感马尾竖夹后脑勺盘发发卡时尚日韩风,,,普通订单,1,0,0,0,0,0,0,0,0,0,0,0,-0.01,0,0,0,0,0,0,是-商品卡免佣,0.07,义乌市亿芭电子商务商行,订单结算
2026-04-20 03:32:39,'2026042003323435905052624795,入账,3.06,聚合账户,货款结算入账,小店自卖,'6925597504670498186,'6925597504670498186,'SS76296795694080168960224,2026-04-15 08:31:23,'3784225045421883754,韩国气质碎钻满天星抓夹女后脑勺半扎发鲨鱼夹发量少百搭发卡头饰,,,普通订单,3.08,0.89,0,0,0,0,0,0,0,0,0,0,-0.02,0,0,0,0,0,0,是-商品卡免佣,0.15,义乌市亿芭电子商务商行,订单结算
2026-04-20 03:32:39,'2026042003323508864893594795,入账,1.99,聚合账户,货款结算入账,小店自卖,'6951562940382778573,'6951562940382778573,'SS76295600988913874280038,2026-03-25 17:11:31,'3790879461549932720,韩系ins风高马尾香蕉夹竖夹女2025新款高级感发夹简约秋冬发饰,,,普通订单,0.01,0,0,1.99,0,0,0,0,0,0,0,0,-0.01,0,0,0,0,0,0,是-商品卡免佣,0.07,义乌市亿芭电子商务商行,订单结算
2026-04-20 03:32:39,'2026042003323431797416964795,入账,2.83,聚合账户,货款结算入账,小店自卖,'6951936491561489514,'6951936491561489514,'SS76295522497589414830212,2026-04-10 01:11:30,'3762452833954300183,高级感金属黑锆石钻一字夹扭扭夹大号新款后脑勺盘发头发夹子发饰,,,普通订单,2.65,0,0,0.2,0,0,0,0,0,0,0,0,-0.02,0,0,0,0,0,0,是-商品卡免佣,0.15,义乌市亿芭电子商务商行,订单结算
2026-04-20 03:32:39,'2026042003323401346442334795,入账,1.97,聚合账户,货款结算入账,小店自卖,'6925347684142710753,'6925347684142710753,'SS76295732217351746660152,2026-04-05 00:36:45,'3787169552576676059,虞书欣同款发扣新款圈小触角发扣金属水钻圆形刘海夹脏辫发卡头饰,,,普通订单,0.01,0,0,1.97,0,0,0,0,0,0,0,0,-0.01,0,0,0,0,0,0,是-商品卡免佣,0.07,义乌市亿芭电子商务商行,订单结算
2026-04-20 03:32:39,'2026042003323506724493074795,入账,2.94,聚合账户,货款结算入账,小店自卖,'6925362632260025792,'6925362632260025792,'SS76295285901679867340150,2026-04-05 05:55:34,'3765831620368662534,夏天简约随手盘发一字扭扭夹水钻抓夹高级发夹扭扭后脑勺盘发器,,,普通订单,2.96,0,0,0,0,0,0,0,0,0,0,0,-0.02,0,0,0,0,0,0,是-商品卡免佣,0.15,义乌市亿芭电子商务商行,订单结算
2026-04-20 03:33:09,'2026042003330534189647454795,入账,1.99,聚合账户,货款结算入账,小店自卖,'6925506710173679520,'6925506710173679520,'SS76295445203263534420063,2026-04-11 00:33:53,'3790879461549932720,韩系ins风高马尾香蕉夹竖夹女2025新款高级感发夹简约秋冬发饰,,,普通订单,0.01,0,0,1.99,0,0,0,0,0,0,0,0,-0.01,0,0,0,0,0,0,是-商品卡免佣,0.07,义乌市亿芭电子商务商行,订单结算
2026-04-20 03:33:09,'2026042003330611830233864795,入账,1.99,聚合账户,货款结算入账,小店自卖,'6925592681390571145,'6925592681390571145,'SS76296790247429248520145,2026-04-14 21:50:59,'3790879461549932720,韩系ins风高马尾香蕉夹竖夹女2025新款高级感发夹简约秋冬发饰,,,普通订单,0.01,0,0,1.99,0,0,0,0,0,0,0,0,-0.01,0,0,0,0,0,0,是-商品卡免佣,0.07,义乌市亿芭电子商务商行,订单结算
2026-04-20 03:33:09,'2026042003330714570665344795,入账,3.96,聚合账户,货款结算入账,小店自卖,'6925366615466146852,'6925366615466146852,'SS76295273716160804030213,2026-04-04 22:23:57,'3790879461549932720,韩系ins风高马尾香蕉夹竖夹女2025新款高级感发夹简约秋冬发饰,,,普通订单,0.01,0,0,3.97,0,0,0,0,0,0,0,0,-0.02,0,0,0,0,0,0,是-商品卡免佣,0.15,义乌市亿芭电子商务商行,订单结算
2026-04-20 03:33:09,'2026042003330519592156514795,入账,3.57,聚合账户,货款结算入账,小店自卖,'6952091481500161037,'6952091481500161037,'SS76296885934218611700125,2026-04-15 14:37:11,'3763619647727992972,2025抓夹高级感珠珠水钻发夹女夏天简约随手盘发一字扭扭夹网红,,,普通订单,0.79,0,0,2.8,0,0,0,0,0,0,0,0,-0.02,0,0,0,0,0,0,是-商品卡免佣,0.15,义乌市亿芭电子商务商行,订单结算
2026-04-20 03:33:09,'2026042003330530462776324795,入账,3.16,聚合账户,货款结算入账,小店自卖,'6952038445624596387,'6952038445624596387,'SS76296952508982725500064,2026-04-14 10:02:38,'3776956605703258199,复古格子布艺齿梳发箍女2025新款气质简约高颅顶压发卡学院风头箍,,,普通订单,2.5,0.55,0,0.83,0,0,0,0,0,0,0,0,-0.17,0,0,0,0,0,0,,0,义乌市亿芭电子商务商行,订单结算
2026-04-20 03:38:13,'2026042003380834575321704795,入账,1.95,聚合账户,货款结算入账,小店自卖,'6925483006782963604,'6925483006782963604,'SS76295935282931141620038,2026-04-10 03:00:15,'3763619647727992972,2025抓夹高级感珠珠水钻发夹女夏天简约随手盘发一字扭扭夹网红,,,普通订单,1.96,0,0,0,0,0,0,0,0,0,0,0,-0.01,0,0,0,0,0,0,是-商品卡免佣,0.07,义乌市亿芭电子商务商行,订单结算
2026-04-20 03:38:13,'2026042003380935320143794795,入账,1.99,聚合账户,货款结算入账,小店自卖,'6952104618883356352,'6952104618883356352,'SS76297413356412974230181,2026-04-15 15:53:06,'3790879461549932720,韩系ins风高马尾香蕉夹竖夹女2025新款高级感发夹简约秋冬发饰,,,普通订单,0.01,0,0,1.99,0,0,0,0,0,0,0,0,-0.01,0,0,0,0,0,0,是-商品卡免佣,0.07,义乌市亿芭电子商务商行,订单结算
2026-04-20 03:38:13,'2026042003380903736379304795,入账,7.51,聚合账户,货款结算入账,小店自卖,'6951819764185109970,'6951819764185109970,'SS76295543123163714650096,2026-04-04 15:37:25,'3779916491005231436,韩版新款玫瑰金珍珠水钻发夹蝴蝶结简约森系发饰女头饰网红ins风,,,普通订单,7.56,0,0,0,0,0,0,0,0,0,0,0,-0.05,0,0,0,0,0,0,是-商品卡免佣,0.37,义乌市亿芭电子商务商行,订单结算
2026-04-20 03:38:13,'2026042003380928906010114795,入账,1.99,聚合账户,货款结算入账,小店自卖,'6925528375191633204,'6925528375191633204,'SS76296210485977418390089,2026-04-12 02:13:43,'3790879461549932720,韩系ins风高马尾香蕉夹竖夹女2025新款高级感发夹简约秋冬发饰,,,普通订单,0.01,0,0,1.99,0,0,0,0,0,0,0,0,-0.01,0,0,0,0,0,0,是-商品卡免佣,0.07,义乌市亿芭电子商务商行,订单结算
2026-04-20 03:38:13,'2026042003380833097364574795,入账,3.96,聚合账户,货款结算入账,小店自卖,'6925478995096600518,'6925478995096600518,'SS76295729341189698710104,2026-04-10 01:13:17,'3790879461549932720,韩系ins风高马尾香蕉夹竖夹女2025新款高级感发夹简约秋冬发饰,,,普通订单,3.98,0,0,0,0,0,0,0,0,0,0,0,-0.02,0,0,0,0,0,0,是-商品卡免佣,0.15,义乌市亿芭电子商务商行,订单结算
2026-04-20 03:38:27,'2026042003382325932108864795,入账,1.95,聚合账户,货款结算入账,小店自卖,'6951947242453210907,'6951947242453210907,'SS76295935286997324990166,2026-04-10 00:51:39,'3763619647727992972,2025抓夹高级感珠珠水钻发夹女夏天简约随手盘发一字扭扭夹网红,,,普通订单,1.96,0,0,0,0,0,0,0,0,0,0,0,-0.01,0,0,0,0,0,0,是-商品卡免佣,0.07,义乌市亿芭电子商务商行,订单结算
2026-04-20 03:38:27,'2026042003382340951816094795,入账,1.99,聚合账户,货款结算入账,小店自卖,'6951828718216811985,'6951828718216811985,'SS76295250670109537820184,2026-04-04 20:55:48,'3790879461549932720,韩系ins风高马尾香蕉夹竖夹女2025新款高级感发夹简约秋冬发饰,,,普通订单,2,0,0,0,0,0,0,0,0,0,0,0,-0.01,0,0,0,0,0,0,是-商品卡免佣,0.07,义乌市亿芭电子商务商行,订单结算
2026-04-20 03:38:27,'2026042003382419214710144795,入账,1.99,聚合账户,货款结算入账,小店自卖,'6925344915515407803,'6925344915515407803,'SS76295823185416853000135,2026-04-04 18:57:17,'3790879461549932720,韩系ins风高马尾香蕉夹竖夹女2025新款高级感发夹简约秋冬发饰,,,普通订单,2,0,0,0,0,0,0,0,0,0,0,0,-0.01,0,0,0,0,0,0,是-商品卡免佣,0.07,义乌市亿芭电子商务商行,订单结算
2026-04-20 05:21:36,'2026042005213121946698654795,入账,1.99,聚合账户,货款结算入账,小店自卖,'6925476588494225313,'6925476588494225313,'SS76296060709735306620233,2026-04-10 00:17:45,'3790879461549932720,韩系ins风高马尾香蕉夹竖夹女2025新款高级感发夹简约秋冬发饰,,,普通订单,2,0,0,0,0,0,0,0,0,0,0,0,-0.01,0,0,0,0,0,0,是-商品卡免佣,0.07,义乌市亿芭电子商务商行,订单结算
2026-04-20 05:21:36,'2026042005213130265183084795,入账,3.87,聚合账户,货款结算入账,小店自卖,'6925352424208956874,'6925352424208956874,'SS76295324788894643390152,2026-04-04 22:24:14,'3807916024821579910,新款羽毛显发抓夹女时尚高马尾抓夹固定器复古毛绒发夹竖夹大抓夹,,,普通订单,3.89,0,0,0,0,0,0,0,0,0,0,0,-0.02,0,0,0,0,0,0,是-商品卡免佣,0.15,义乌市亿芭电子商务商行,订单结算
2026-04-20 05:21:36,'2026042005213132894858304795,入账,1.99,聚合账户,货款结算入账,小店自卖,'6925530651286076906,'6925530651286076906,'SS76295894143374669140086,2026-04-12 00:26:50,'3790879461549932720,韩系ins风高马尾香蕉夹竖夹女2025新款高级感发夹简约秋冬发饰,,,普通订单,2,0,0,0,0,0,0,0,0,0,0,0,-0.01,0,0,0,0,0,0,是-商品卡免佣,0.07,义乌市亿芭电子商务商行,订单结算
2026-04-20 05:21:36,'2026042005213035536407404795,入账,1,聚合账户,货款结算入账,小店自卖,'6925671551172770901,'6925671551172770901,'SS76296417657895204270002,2026-04-17 16:21:17,'3790879461549932720,韩系ins风高马尾香蕉夹竖夹女2025新款高级感发夹简约秋冬发饰,,,普通订单,2,0,0,0,0,0,0,0,0,0,0,-1,0,0,0,0,0,0,0,是-商品卡免佣,0,义乌市亿芭电子商务商行,订单结算
2026-04-20 05:21:36,'2026042005213119588224344795,入账,3.96,聚合账户,货款结算入账,小店自卖,'6952081671371756824,'6952081671371756824,'SS76296304137907410020168,2026-04-14 22:53:05,'3790879461549932720,韩系ins风高马尾香蕉夹竖夹女2025新款高级感发夹简约秋冬发饰,,,普通订单,3.98,0,0,0,0,0,0,0,0,0,0,0,-0.02,0,0,0,0,0,0,是-商品卡免佣,0.15,义乌市亿芭电子商务商行,订单结算
2026-04-20 05:21:47,'2026042005214225170414174795,入账,0.95,聚合账户,货款结算入账,小店自卖,'6925469933237468413,'6925469933237468413,'SS76295947534883722740030,2026-04-10 00:52:28,'3764318178960867560,新款新中式水钻珠珠一字扭扭夹盘发抓夹发量高级感后脑勺女款发饰,,,普通订单,0.96,0,0,0,0,0,0,0,0,0,0,0,-0.01,0,0,0,0,0,0,是-商品卡免佣,0.07,义乌市亿芭电子商务商行,订单结算
2026-04-20 05:21:47,'2026042005214240518131304795,入账,3.78,聚合账户,货款结算入账,小店自卖,'6925362264204935056,'6925362264204935056,'SS76295273884482608730227,2026-04-04 22:47:01,'3790879461549932720,韩系ins风高马尾香蕉夹竖夹女2025新款高级感发夹简约秋冬发饰,,,普通订单,3.98,0,0,0,0,0,0,0,0,0,0,0,-0.2,0,0,0,0,0,0,,0,义乌市亿芭电子商务商行,订单结算
2026-04-20 05:21:47,'2026042005214020814566914795,入账,3.57,聚合账户,货款结算入账,小店自卖,'6925361030805094295,'6925361030805094295,'SS76295281123526620500206,2026-04-05 02:03:54,'3763619647727992972,2025抓夹高级感珠珠水钻发夹女夏天简约随手盘发一字扭扭夹网红,,,普通订单,3.59,0,0,0,0,0,0,0,0,0,0,0,-0.02,0,0,0,0,0,0,是-商品卡免佣,0.15,义乌市亿芭电子商务商行,订单结算
2026-04-20 05:21:47,'2026042005214232056817104795,入账,3.96,聚合账户,货款结算入账,小店自卖,'6952077536972641364,'6952077536972641364,'SS76295750346336015700147,2026-04-14 23:00:44,'3790879461549932720,韩系ins风高马尾香蕉夹竖夹女2025新款高级感发夹简约秋冬发饰,,,普通订单,3.98,0,0,0,0,0,0,0,0,0,0,0,-0.02,0,0,0,0,0,0,是-商品卡免佣,0.15,义乌市亿芭电子商务商行,订单结算
2026-04-20 05:21:47,'2026042005214106949483984795,入账,5.62,聚合账户,货款结算入账,小店自卖,'6925589225752919050,'6925589225752919050,'SS76295004742799734140127,2026-04-14 13:20:56,'3753913172080329035,蝴蝶结发带女2026新款飘带头绳大肠发圈高级感扎头发皮筋大圈头绳,,,普通订单,5.65,0,0,0,0,0,0,0,0,0,0,0,-0.03,0,0,0,0,0,0,是-商品卡免佣,0.22,义乌市亿芭电子商务商行,订单结算
2026-04-20 05:22:02,'2026042005215722959068664795,入账,0.99,聚合账户,货款结算入账,小店自卖,'6925662894252915752,'6925662894252915752,'SS76296538125629199700052,2026-04-17 17:12:37,'3760466312694989527,2025年新款女孩发饰刘海侧边夹女儿童发夹可爱夹子头饰网红发卡,,,普通订单,12.69,0,0,0,0,0,0,0,0,0,0,-11.69,-0.01,0,0,0,0,0,0,是-商品卡免佣,0.07,义乌市亿芭电子商务商行,订单结算
2026-04-20 05:22:02,'2026042005215902397145704795,入账,2.85,聚合账户,货款结算入账,小店自卖,'6925463128056102738,'6925463128056102738,'SS76295936743908029940076,2026-04-10 01:52:37,'3763619647727992972,2025抓夹高级感珠珠水钻发夹女夏天简约随手盘发一字扭扭夹网红,,,普通订单,2.87,0,0,0,0,0,0,0,0,0,0,0,-0.02,0,0,0,0,0,0,是-商品卡免佣,0.15,义乌市亿芭电子商务商行,订单结算
2026-04-20 05:22:02,'2026042005215727559245264795,入账,7.91,聚合账户,货款结算入账,小店自卖,'6951583863587476588,'6951583863587476588,'SS76295954180999258000019,2026-03-26 10:33:32,'3769170268057108798,可爱卡通法式珍珠三角抓夹女新款发量多发夹后脑勺高级感鲨鱼夹,,,普通订单,7.96,0,0,0,0,0,0,0,0,0,0,0,-0.05,0,0,0,0,0,0,是-商品卡免佣,0.37,义乌市亿芭电子商务商行,订单结算
2026-04-20 05:22:02,'2026042005215822692541954795,入账,4.68,聚合账户,货款结算入账,小店自卖,'6951817675884336799,'6951817675884336799,'SS76295545213812454940041,2026-04-04 21:10:44,'3740216160352862513,短发过渡期神器夏天女2025新款后脑勺半扎发发夹发量少小抓夹头饰,,,普通订单,4.71,0,0,0,0,0,0,0,0,0,0,0,-0.03,0,0,0,0,0,0,是-商品卡免佣,0.22,义乌市亿芭电子商务商行,订单结算
2026-04-20 05:22:02,'2026042005215820809364574795,入账,0.3,聚合账户,货款结算入账,小店自卖,'6925349088203603540,'6925349088203603540,'SS76295543286044106750182,2026-04-04 16:55:27,'3810906537459843410,森系干枯山茶花朵7cm小抓夹 百搭气质发夹女后脑勺超仙鲨夹发饰品,,,普通订单,0.3,0,0,0,0,0,0,0,0,0,0,0,0,0,0,0,0,0,0,是-商品卡免佣,0,义乌市亿芭电子商务商行,订单结算
2026-04-20 05:22:03,'2026042005215922318945374795,入账,3.18,聚合账户,货款结算入账,小店自卖,'6952104545568888044,'6952104545568888044,'SS76297214891861281790204,2026-04-15 15:25:19,'3790879461549932720,韩系ins风高马尾香蕉夹竖夹女2025新款高级感发夹简约秋冬发饰,,,普通订单,3.2,0,0,0,0,0,0,0,0,0,0,0,-0.02,0,0,0,0,0,0,是-商品卡免佣,0.15,义乌市亿芭电子商务商行,订单结算
2026-04-20 05:22:03,'2026042005215641159892864795,入账,1.99,聚合账户,货款结算入账,小店自卖,'6952072606894069196,'6952072606894069196,'SS76296748498761200910070,2026-04-14 22:26:19,'3790879461549932720,韩系ins风高马尾香蕉夹竖夹女2025新款高级感发夹简约秋冬发饰,,,普通订单,2,0,0,0,0,0,0,0,0,0,0,0,-0.01,0,0,0,0,0,0,是-商品卡免佣,0.07,义乌市亿芭电子商务商行,订单结算
2026-04-20 05:22:03,'2026042005215713524503504795,入账,4.83,聚合账户,货款结算入账,小店自卖,'6951822421852821292,'6951822421852821292,'SS76295272054418808320164,2026-04-05 00:28:40,'3765831620368662534,夏天简约随手盘发一字扭扭夹水钻抓夹高级发夹扭扭后脑勺盘发器,,,普通订单,4.86,0,0,0,0,0,0,0,0,0,0,0,-0.03,0,0,0,0,0,0,是-商品卡免佣,0.22,义乌市亿芭电子商务商行,订单结算
2026-04-20 05:22:03,'2026042005215838968200144795,入账,3.87,聚合账户,货款结算入账,小店自卖,'6951954120322520621,'6951954120322520621,'SS76296169665966574170242,2026-04-10 00:58:38,'3770638427473707151,超可爱卡通可爱搞怪毛绒发箍女洗脸化妆发卡高颅顶2025新款高级感,,,普通订单,3.89,0,0,0,0,0,0,0,0,0,0,0,-0.02,0,0,0,0,0,0,是-商品卡免佣,0.15,义乌市亿芭电子商务商行,订单结算
2026-04-20 05:22:03,'2026042005215631507909214795,入账,5.62,聚合账户,货款结算入账,小店自卖,'6925410299082473234,'6925410299082473234,'SS76263102580587402620246,2026-04-07 13:06:06,'3753913172080329035,蝴蝶结发带女2026新款飘带头绳大肠发圈高级感扎头发皮筋大圈头绳,,,普通订单,5.65,0,0,0,0,0,0,0,0,0,0,0,-0.03,0,0,0,0,0,0,是-商品卡免佣,0.22,义乌市亿芭电子商务商行,订单结算
2026-04-20 05:22:23,'2026042005221929236764354795,入账,1.99,聚合账户,货款结算入账,小店自卖,'6952043176456689163,'6952043176456689163,'SS76295256077889544200004,2026-04-13 00:03:08,'3790879461549932720,韩系ins风高马尾香蕉夹竖夹女2025新款高级感发夹简约秋冬发饰,,,普通订单,2,0,0,0,0,0,0,0,0,0,0,0,-0.01,0,0,0,0,0,0,是-商品卡免佣,0.07,义乌市亿芭电子商务商行,订单结算
2026-04-20 05:22:23,'2026042005221833722703994795,入账,3.48,聚合账户,货款结算入账,小店自卖,'6951829084298024036,'6951829084298024036,'SS76295708995042514340041,2026-04-05 02:36:46,'3787169552576676059,虞书欣同款发扣新款圈小触角发扣金属水钻圆形刘海夹脏辫发卡头饰,,,普通订单,0.66,0,0,3,0,0,0,0,0,0,0,0,-0.18,0,0,0,0,0,0,,0,义乌市亿芭电子商务商行,订单结算
2026-04-20 05:22:23,'2026042005221623708966824795,入账,4.32,聚合账户,货款结算入账,小店自卖,'6951927445163545770,'6951927445163545770,'SS76295522915782170110195,2026-04-10 03:12:37,'3753913172080329035,蝴蝶结发带女2026新款飘带头绳大肠发圈高级感扎头发皮筋大圈头绳,,,普通订单,4.35,0,0,0,0,0,0,0,0,0,0,0,-0.03,0,0,0,0,0,0,是-商品卡免佣,0.22,义乌市亿芭电子商务商行,订单结算
2026-04-20 05:22:23,'2026042005221918253256104795,入账,1.99,聚合账户,货款结算入账,小店自卖,'6951958416056718433,'6951958416056718433,'SS76295729211921864020221,2026-04-10 00:14:11,'3790879461549932720,韩系ins风高马尾香蕉夹竖夹女2025新款高级感发夹简约秋冬发饰,,,普通订单,0.01,0,0,1.99,0,0,0,0,0,0,0,0,-0.01,0,0,0,0,0,0,是-商品卡免佣,0.07,义乌市亿芭电子商务商行,订单结算
2026-04-20 05:22:23,'2026042005221815144064424795,入账,1.99,聚合账户,货款结算入账,小店自卖,'6952051642270226275,'6952051642270226275,'SS76295621793564104180090,2026-04-14 00:32:18,'3790879461549932720,韩系ins风高马尾香蕉夹竖夹女2025新款高级感发夹简约秋冬发饰,,,普通订单,0.01,0,0,1.99,0,0,0,0,0,0,0,0,-0.01,0,0,0,0,0,0,是-商品卡免佣,0.07,义乌市亿芭电子商务商行,订单结算
2026-04-20 05:22:41,'2026042005223610624699394795,入账,1.95,聚合账户,货款结算入账,小店自卖,'6951819011056407986,'6951819011056407986,'SS76296478185206259540149,2026-04-05 20:41:04,'3763619647727992972,2025抓夹高级感珠珠水钻发夹女夏天简约随手盘发一字扭扭夹网红,,,普通订单,1.96,0,0,0,0,0,0,0,0,0,0,0,-0.01,0,0,0,0,0,0,是-商品卡免佣,0.07,义乌市亿芭电子商务商行,订单结算
2026-04-20 05:22:41,'2026042005223718797371144795,入账,4.63,聚合账户,货款结算入账,小店自卖,'6925351801910558459,'6925351801910558459,'SS76295721823750070100123,2026-04-04 17:03:58,'3750604754292703439,新款水钻双面网纱蝴蝶结大抓夹后脑勺盘发发夹高级头饰简约鲨鱼夹,,,普通订单,4.66,0,0,0,0,0,0,0,0,0,0,0,-0.03,0,0,0,0,0,0,是-商品卡免佣,0.22,义乌市亿芭电子商务商行,订单结算
2026-04-20 05:22:41,'2026042005223603739983454795,入账,7.09,聚合账户,货款结算入账,小店自卖,'6951984083383751747,'6951984083383751747,'SS76296980776828278120236,2026-04-12 00:50:06,'3742998526284660994,新款水钻发夹珍珠发卡蝴蝶结碎发夹子女ins森女系简约春季鸭嘴夹,,,普通订单,7.13,0,0,0,0,0,0,0,0,0,0,0,-0.04,0,0,0,0,0,0,是-商品卡免佣,0.29,义乌市亿芭电子商务商行,订单结算
2026-04-20 05:22:41,'2026042005223419937735954795,入账,1.95,聚合账户,货款结算入账,小店自卖,'6925486992593485122,'6925486992593485122,'SS76295945848722066460211,2026-04-10 00:32:09,'3763619647727992972,2025抓夹高级感珠珠水钻发夹女夏天简约随手盘发一字扭扭夹网红,,,普通订单,1.96,0,0,0,0,0,0,0,0,0,0,0,-0.01,0,0,0,0,0,0,是-商品卡免佣,0.07,义乌市亿芭电子商务商行,订单结算
2026-04-20 05:35:12,'2026042005350826095618714795,入账,1.58,聚合账户,货款结算入账,巨量千川,'6925616508376743209,'6925616508376743209,'SS76296765249128041390095,2026-04-16 06:26:23,'3787169552576676059,虞书欣同款发扣新款圈小触角发扣金属银色圆形刘海夹脏辫发卡头饰,,,普通订单,1.66,0,0,0,0,0,0,0,0,0,0,0,-0.08,0,0,0,0,0,0,,0,义乌市亿芭电子商务商行,订单结算
2026-04-20 05:35:12,'2026042005350903661012914795,入账,11.26,聚合账户,货款结算入账,小店自卖,'6952084552912803156,'6952084552912803156,'SS76295449696107891300183,2026-04-15 09:57:31,'3681437692555559138,网红ins高弹力皮筋混装耐用头绳气质简约高马尾发绳高级新款发圈,,,普通订单,11.33,0.55,0,0,0,0,0,0,0,0,0,0,-0.07,0,0,0,0,0,0,是-商品卡免佣,0.51,义乌市亿芭电子商务商行,订单结算
2026-04-20 05:35:12,'2026042005350933649953644795,入账,2.94,聚合账户,货款结算入账,小店自卖,'6952056410943919232,'6952056410943919232,'SS76296468986513656590029,2026-04-14 11:12:48,'3765831620368662534,夏天简约随手盘发一字扭扭夹水钻抓夹高级发夹扭扭后脑勺盘发器,,,普通订单,2.96,0,0,0,0,0,0,0,0,0,0,0,-0.02,0,0,0,0,0,0,是-商品卡免佣,0.15,义乌市亿芭电子商务商行,订单结算
2026-04-20 05:35:12,'2026042005350802656673284795,入账,1.99,聚合账户,货款结算入账,小店自卖,'6925624380274343354,'6925624380274343354,'SS76295855278303524190117,2026-04-15 15:45:32,'3790879461549932720,韩系ins风高马尾香蕉夹竖夹女2025新款高级感发夹简约秋冬发饰,,,普通订单,2,0,0,0,0,0,0,0,0,0,0,0,-0.01,0,0,0,0,0,0,是-商品卡免佣,0.07,义乌市亿芭电子商务商行,订单结算
2026-04-20 05:35:12,'2026042005350825509071884795,入账,5.62,聚合账户,货款结算入账,小店自卖,'6925629151487884916,'6925629151487884916,'SS76296594015635873800176,2026-04-15 19:28:34,'3753913172080329035,蝴蝶结发带女2026新款飘带头绳大肠发圈高级感扎头发皮筋大圈头绳,,,普通订单,5.65,0,0,0,0,0,0,0,0,0,0,0,-0.03,0,0,0,0,0,0,是-商品卡免佣,0.22,义乌市亿芭电子商务商行,订单结算
2026-04-20 05:35:25,'2026042005352137669811744795,入账,1.95,聚合账户,货款结算入账,小店自卖,'6952082759674762350,'6952082759674762350,'SS76296831559681193390048,2026-04-15 15:33:36,'3764318178960867560,新款新中式水钻珠珠一字扭扭夹盘发抓夹发量高级感后脑勺女款发饰,,,普通订单,1.96,0,0,0,0,0,0,0,0,0,0,0,-0.01,0,0,0,0,0,0,是-商品卡免佣,0.07,义乌市亿芭电子商务商行,订单结算
2026-04-20 05:35:25,'2026042005352127306275844795,入账,3.31,聚合账户,货款结算入账,小店自卖,'6925125856057785753,'6925125856057785753,'SS76296109745887317000161,2026-03-26 09:42:15,'3776956605703258199,复古格子布艺齿梳发箍女2025新款气质简约高颅顶压发卡学院风头箍,,,普通订单,3.33,0.55,0,0,0,0,0,0,0,0,0,0,-0.02,0,0,0,0,0,0,是-商品卡免佣,0.15,义乌市亿芭电子商务商行,订单结算
2026-04-20 05:35:25,'2026042005352135106493964795,入账,5.61,聚合账户,货款结算入账,小店自卖,'6925583622248628068,'6925583622248628068,'SS76295077830623076250117,2026-04-14 12:43:32,'3751732614801785726,蝴蝶结发带女2025新款飘带头绳大肠发圈高级感扎头发少女风发圈,,,普通订单,5.64,0.55,0,0,0,0,0,0,0,0,0,0,-0.03,0,0,0,0,0,0,是-商品卡免佣,0.22,义乌市亿芭电子商务商行,订单结算
2026-04-20 05:35:25,'2026042005352210654354274795,入账,2.97,聚合账户,货款结算入账,小店自卖,'6925478971415034999,'6925478971415034999,'SS76295522635791242240109,2026-04-10 00:37:24,'3757069433881887009,新款2025黑色小号网红风高级感蝴蝶结公主发饰侧边刘海小抓夹头饰,,,普通订单,2.99,0,0,0,0,0,0,0,0,0,0,0,-0.02,0,0,0,0,0,0,是-商品卡免佣,0.15,义乌市亿芭电子商务商行,订单结算
2026-04-20 05:35:25,'2026042005352134483085164795,入账,5.62,聚合账户,货款结算入账,小店自卖,'6952125997328111483,'6952125997328111483,'SS76297111983337518600182,2026-04-16 11:06:28,'3753913172080329035,蝴蝶结发带女2026新款飘带头绳大肠发圈高级感扎头发皮筋大圈头绳,,,普通订单,5.65,0,0,0,0,0,0,0,0,0,0,0,-0.03,0,0,0,0,0,0,是-商品卡免佣,0.22,义乌市亿芭电子商务商行,订单结算
2026-04-20 05:38:42,'2026042005383812636001474795,入账,5.62,聚合账户,货款结算入账,小店自卖,'6952098543575897930,'6952098543575897930,'SS76296647315064097340047,2026-04-15 20:36:20,'3753913172080329035,蝴蝶结发带女2026新款飘带头绳大肠发圈高级感扎头发皮筋大圈头绳,,,普通订单,5.65,0,0,0,0,0,0,0,0,0,0,0,-0.03,0,0,0,0,0,0,是-商品卡免佣,0.22,义乌市亿芭电子商务商行,订单结算
2026-04-20 05:38:42,'2026042005383913850713964795,入账,1.99,聚合账户,货款结算入账,小店自卖,'6951801890781599125,'6951801890781599125,'SS76295247741893025370031,2026-04-04 18:50:16,'3790879461549932720,韩系ins风高马尾香蕉夹竖夹女2025新款高级感发夹简约秋冬发饰,,,普通订单,2,0,0,0,0,0,0,0,0,0,0,0,-0.01,0,0,0,0,0,0,是-商品卡免佣,0.07,义乌市亿芭电子商务商行,订单结算
2026-04-20 05:38:42,'2026042005383841665213544795,入账,2.83,聚合账户,货款结算入账,小店自卖,'6925560773911739931,'6925560773911739931,'SS76296898951162432380165,2026-04-13 01:29:25,'3762452833954300183,高级感金属黑锆石钻一字夹扭扭夹大号新款后脑勺盘发头发夹子发饰,,,普通订单,2.85,0,0,0,0,0,0,0,0,0,0,0,-0.02,0,0,0,0,0,0,是-商品卡免佣,0.15,义乌市亿芭电子商务商行,订单结算
2026-04-20 05:38:42,'2026042005383935358973864795,入账,5.21,聚合账户,货款结算入账,小店自卖,'6952058703793362746,'6952058703793362746,'SS76296804977988411150019,2026-04-14 14:36:51,'3779913033489449864,短发半扎发饰过渡期神器一字弹簧夹2025新款简约后脑勺发夹头饰女,,,普通订单,5.24,0.3,0,0,0,0,0,0,0,1.45,0,-1.45,-0.03,0,0,0,0,0,0,是-商品卡免佣,0.22,义乌市亿芭电子商务商行,订单结算
2026-04-20 05:38:42,'2026042005383904833490024795,入账,2.83,聚合账户,货款结算入账,小店自卖,'6925632610516238306,'6925632610516238306,'SS76296891531478472100231,2026-04-16 05:05:13,'3762452833954300183,高级感金属黑锆石钻一字夹扭扭夹大号新款后脑勺盘发头发夹子发饰,,,普通订单,2.85,0,0,0,0,0,0,0,0,0,0,0,-0.02,0,0,0,0,0,0,是-商品卡免佣,0.15,义乌市亿芭电子商务商行,订单结算
2026-04-20 05:38:57,'2026042005385417870566494795,入账,1.9,聚合账户,货款结算入账,小店自卖,'6925344982306487828,'6925344982306487828,'SS76295248632611149140137,2026-04-04 19:33:52,'3790879461549932720,韩系ins风高马尾香蕉夹竖夹女2025新款高级感发夹简约秋冬发饰,,,普通订单,2,0,0,0,0,0,0,0,0,0,0,0,-0.1,0,0,0,0,0,0,,0,义乌市亿芭电子商务商行,订单结算
2026-04-20 05:38:57,'2026042005385330005501704795,入账,4.61,聚合账户,货款结算入账,小店自卖,'6952105812213568913,'6952105812213568913,'SS76297177404917232640017,2026-04-16 08:08:23,'3772315771091419603,韩系气质磨砂抓夹大号发夹简约鲨鱼夹2025新款字母轻奢夹子头饰女,,,普通订单,4.64,0,0,0,0,0,0,0,0,0,0,0,-0.03,0,0,0,0,0,0,是-商品卡免佣,0.22,义乌市亿芭电子商务商行,订单结算
2026-04-20 05:38:57,'2026042005385330969044864795,入账,3.41,聚合账户,货款结算入账,小店自卖,'6925586827294768962,'6925586827294768962,'SS76295294726697290330128,2026-04-14 14:48:54,'3763619647727992972,2025抓夹高级感珠珠水钻发夹女夏天简约随手盘发一字扭扭夹网红,,,普通订单,3.59,0,0,0,0,0,0,0,0,0,0,0,-0.18,0,0,0,0,0,0,,0,义乌市亿芭电子商务商行,订单结算
2026-04-20 05:38:57,'2026042005385437122214664795,入账,4.31,聚合账户,货款结算入账,小店自卖,'6952119155453334598,'6952119155453334598,'SS76296597568247936270055,2026-04-16 07:43:32,'3761752097155056209,新款水钻网纱蝴蝶结大抓夹后脑勺盘发发夹高级头饰鲨鱼夹大号发饰,,,普通订单,4.34,0,0,0,0,0,0,0,0,0,0,0,-0.03,0,0,0,0,0,0,是-商品卡免佣,0.22,义乌市亿芭电子商务商行,订单结算
2026-04-20 05:38:57,'2026042005385431714718824795,入账,2.76,聚合账户,货款结算入账,小店自卖,'6951821842300147332,'6951821842300147332,'SS76295669795688822190100,2026-04-04 16:05:20,'3764316957017506249,复古豹纹香蕉发夹女高级感马尾扭扭竖夹气质后脑勺显发量夹子头饰,,,普通订单,2.78,0.89,0,0,0,0,0,0,0,0,0,0,-0.02,0,0,0,0,0,0,是-商品卡免佣,0.15,义乌市亿芭电子商务商行,订单结算
2026-04-20 05:38:58,'2026042005385408098613824795,入账,3.62,聚合账户,货款结算入账,小店自卖,'6951855349273466084,'6951855349273466084,'SS76296570941862218650114,2026-04-06 12:44:41,'3765052762275053611,新款韩版磨砂香蕉夹大号发量多发夹女后脑勺高马尾神器固定抓夹女,,,普通订单,3.64,0.55,0,0,0,0,0,0,0,0,0,0,-0.02,0,0,0,0,0,0,是-商品卡免佣,0.15,义乌市亿芭电子商务商行,订单结算
2026-04-20 05:38:58,'2026042005385316241134174795,入账,1.99,聚合账户,货款结算入账,小店自卖,'6925335619628531136,'6925335619628531136,'SS76296512028085128040146,2026-04-04 02:34:45,'3790879461549932720,韩系ins风高马尾香蕉夹竖夹女2025新款高级感发夹简约秋冬发饰,,,普通订单,2,0,0,0,0,0,0,0,0,0,0,0,-0.01,0,0,0,0,0,0,是-商品卡免佣,0.07,义乌市亿芭电子商务商行,订单结算
2026-04-20 05:38:58,'2026042005385437126474504795,入账,12.61,聚合账户,货款结算入账,小店自卖,'6925591413693054298,'6925591413693054298,'SS76296767922821537540071,2026-04-14 12:40:55,'3760466312694989527,2025年新款女孩发饰刘海侧边夹女儿童发夹可爱夹子头饰网红发卡,,,普通订单,12.69,0,0,0,0,0,0,0,0,0,0,0,-0.08,0,0,0,0,0,0,是-商品卡免佣,0.59,义乌市亿芭电子商务商行,订单结算
2026-04-20 05:38:58,'2026042005385423243986014795,入账,6.4,聚合账户,货款结算入账,小店自卖,'6925317283772791900,'6925317283772791900,'SS76270060082753541220162,2026-04-02 16:37:36,'3786805365144944997,超萌可爱kt猫刘海贴羊绒猫爪魔术贴甜美卡通发夹百搭秋冬碎发贴,,,普通订单,6.44,0.55,0,0,0,0,0,0,0,0,0,0,-0.04,0,0,0,0,0,0,是-商品卡免佣,0.29,义乌市亿芭电子商务商行,订单结算
2026-04-20 05:38:58,'2026042005385401809621114795,入账,1.99,聚合账户,货款结算入账,小店自卖,'6951801960067438337,'6951801960067438337,'SS76295248148482788340190,2026-04-04 19:17:29,'3790879461549932720,韩系ins风高马尾香蕉夹竖夹女2025新款高级感发夹简约秋冬发饰,,,普通订单,2,0,0,0,0,0,0,0,0,0,0,0,-0.01,0,0,0,0,0,0,是-商品卡免佣,0.07,义乌市亿芭电子商务商行,订单结算
2026-04-20 05:39:12,'2026042005390810366203394795,入账,6.14,聚合账户,货款结算入账,小店自卖,'6925607721250618551,'6925607721250618551,'SS76297133112489085710061,2026-04-14 19:25:33,'3781982017927906160,新款米菲兔发夹大号横夹网红巨显发量香蕉后脑勺盘发百搭少女发饰,,,普通订单,6.18,0,0,0,0,0,0,0,0,0,0,0,-0.04,0,0,0,0,0,0,是-商品卡免佣,0.29,义乌市亿芭电子商务商行,订单结算
2026-04-20 05:39:12,'2026042005390931725696384795,入账,5.62,聚合账户,货款结算入账,小店自卖,'6925619326240980669,'6925619326240980669,'SS76296032306171786740138,2026-04-15 13:50:40,'3753913172080329035,蝴蝶结发带女2026新款飘带头绳大肠发圈高级感扎头发皮筋大圈头绳,,,普通订单,5.65,0,0,0,0,0,0,0,0,0,0,0,-0.03,0,0,0,0,0,0,是-商品卡免佣,0.22,义乌市亿芭电子商务商行,订单结算
2026-04-20 05:39:12,'2026042005390827565591304795,入账,3.59,聚合账户,货款结算入账,小店自卖,'6951815130745083628,'6951815130745083628,'SS76295542702112445780104,2026-04-04 19:12:50,'3812212604819079368,超仙紫色铃兰花流苏发夹女新中式头花海边度假风头饰侧边夹发饰,,,普通订单,3.78,0,0,0,0,0,0,0,0,0,0,0,-0.19,0,0,0,0,0,0,,0,义乌市亿芭电子商务商行,订单结算
2026-04-20 05:39:12,'2026042005390807193072904795,入账,1.15,聚合账户,货款结算入账,小店自卖,'6951850969623630966,'6951850969623630966,'SS76269747666538990590162,2026-04-06 15:21:59,'3762452833954300183,高级感金属黑锆石钻一字夹扭扭夹大号新款后脑勺盘发头发夹子发饰,,,普通订单,1.16,0,0,0,0,0,0,0,0,0,0,0,-0.01,0,0,0,0,0,0,是-商品卡免佣,0.07,义乌市亿芭电子商务商行,订单结算
2026-04-20 05:39:12,'2026042005390813851899344795,入账,6.14,聚合账户,货款结算入账,小店自卖,'6951811337536608101,'6951811337536608101,'SS76295544943725611780204,2026-04-04 22:05:01,'3781982017927906160,新款米菲兔发夹大号横夹网红巨显发量香蕉后脑勺盘发百搭少女发饰,,,普通订单,1.18,0,0,5,0,0,0,0,0,0,0,0,-0.04,0,0,0,0,0,0,是-商品卡免佣,0.29,义乌市亿芭电子商务商行,订单结算
2026-04-20 05:39:23,'2026042005391900181865064795,入账,1.99,聚合账户,货款结算入账,小店自卖,'6925588505146523104,'6925588505146523104,'SS76297417203343035140121,2026-04-14 08:29:37,'3790879461549932720,韩系ins风高马尾香蕉夹竖夹女2025新款高级感发夹简约秋冬发饰,,,普通订单,0.01,0,0,1.99,0,0,0,0,0,0,0,0,-0.01,0,0,0,0,0,0,是-商品卡免佣,0.07,义乌市亿芭电子商务商行,订单结算
2026-04-20 05:39:23,'2026042005392012459422994795,入账,1.99,聚合账户,货款结算入账,小店自卖,'6925575797335555390,'6925575797335555390,'SS76296956854579044350113,2026-04-14 02:24:46,'3790879461549932720,韩系ins风高马尾香蕉夹竖夹女2025新款高级感发夹简约秋冬发饰,,,普通订单,0.01,0,0,1.99,0,0,0,0,0,0,0,0,-0.01,0,0,0,0,0,0,是-商品卡免佣,0.07,义乌市亿芭电子商务商行,订单结算
2026-04-20 05:39:23,'2026042005391919232688734795,入账,3.78,聚合账户,货款结算入账,小店自卖,'6951824882476258423,'6951824882476258423,'SS76295273865396761950101,2026-04-04 22:46:49,'3790879461549932720,韩系ins风高马尾香蕉夹竖夹女2025新款高级感发夹简约秋冬发饰,,,普通订单,0.01,0,0,3.97,0,0,0,0,0,0,0,0,-0.2,0,0,0,0,0,0,,0,义乌市亿芭电子商务商行,订单结算
2026-04-20 05:39:23,'2026042005391810218867584795,入账,3.16,聚合账户,货款结算入账,小店自卖,'6925633889300414042,'6925633889300414042,'SS76296814644980779790052,2026-04-16 07:59:07,'3776956605703258199,复古格子布艺齿梳发箍女2025新款气质简约高颅顶压发卡学院风头箍,,,普通订单,2.5,0.55,0,0.83,0,0,0,0,0,0,0,0,-0.17,0,0,0,0,0,0,,0,义乌市亿芭电子商务商行,订单结算
2026-04-20 05:39:23,'2026042005391919233835614795,入账,3.18,聚合账户,货款结算入账,小店自卖,'6925629203148340728,'6925629203148340728,'SS76297396741096246390098,2026-04-15 19:59:14,'3790879461549932720,韩系ins风高马尾香蕉夹竖夹女2025新款高级感发夹简约秋冬发饰,,,普通订单,0.2,0,0,3,0,0,0,0,0,0,0,0,-0.02,0,0,0,0,0,0,是-商品卡免佣,0.15,义乌市亿芭电子商务商行,订单结算
2026-04-20 05:39:55,'2026042005395133817073044795,入账,7.2,聚合账户,货款结算入账,小店自卖,'6925580741273091137,'6925580741273091137,'SS76289710939862469120226,2026-04-14 09:32:55,'3779913033489449864,短发半扎发饰过渡期神器一字弹簧夹2025新款简约后脑勺发夹头饰女,,,普通订单,7.24,0.3,0,0,0,0,0,0,0,0,0,0,-0.04,0,0,0,0,0,0,是-商品卡免佣,0.29,义乌市亿芭电子商务商行,订单结算
2026-04-20 05:39:55,'2026042005395037848358754795,入账,8.28,聚合账户,货款结算入账,小店自卖,'6925586549237906851,'6925586549237906851,'SS76295660967409464740125,2026-04-14 12:52:18,'3776956605703258199,复古格子布艺齿梳发箍女2025新款气质简约高颅顶压发卡学院风头箍,,,普通订单,8.33,0.55,0,0,0,0,0,0,0,0,0,0,-0.05,0,0,0,0,0,0,是-商品卡免佣,0.37,义乌市亿芭电子商务商行,订单结算
2026-04-20 05:39:55,'2026042005395122027962884795,入账,4.1,聚合账户,货款结算入账,小店自卖,'6925632647058390267,'6925632647058390267,'SS76296768653220623720206,2026-04-16 07:09:34,'3764318178960867560,新款新中式水钻珠珠一字扭扭夹盘发抓夹发量高级感后脑勺女款发饰,,,普通订单,3.03,0,0,1.29,0,0,0,0,0,0,0,0,-0.22,0,0,0,0,0,0,,0,义乌市亿芭电子商务商行,订单结算
2026-04-20 05:39:55,'2026042005395120599447444795,入账,3.39,聚合账户,货款结算入账,小店自卖,'6925469963867553087,'6925469963867553087,'SS76295522538672458870060,2026-04-10 00:47:06,'3762857552925294890,夏天简约盘发一字扭扭夹25新款抓夹高级感珠珠水钻发夹后脑勺鸭嘴,,,普通订单,0.01,0,0,3.56,0,0,0,0,0,0,0,0,-0.18,0,0,0,0,0,0,,0,义乌市亿芭电子商务商行,订单结算
2026-04-20 05:39:55,'2026042005395213140137234795,入账,2.84,聚合账户,货款结算入账,小店自卖,'6951960695849031394,'6951960695849031394,'SS76296342027360340860062,2026-04-10 03:49:59,'3787169552576676059,虞书欣同款发扣新款圈小触角发扣金属水钻圆形刘海夹脏辫发卡头饰,,,普通订单,2.86,0,0,0,0,0,0,0,0,0,0,0,-0.02,0,0,0,0,0,0,是-商品卡免佣,0.15,义乌市亿芭电子商务商行,订单结算
2026-04-20 05:39:55,'2026042005395034996229524795,入账,3.95,聚合账户,货款结算入账,小店自卖,'6952083377927820375,'6952083377927820375,'SS76295983316641554350000,2026-04-14 16:41:11,'3760466312694989527,2025年新款女孩发饰刘海侧边夹女儿童发夹可爱夹子头饰网红发卡,,,普通订单,3.97,0,0,0,0,0,0,0,0,0,0,0,-0.02,0,0,0,0,0,0,是-商品卡免佣,0.15,义乌市亿芭电子商务商行,订单结算
2026-04-20 05:39:55,'2026042005395115073119244795,入账,6.94,聚合账户,货款结算入账,小店自卖,'6925628018398494586,'6925628018398494586,'SS76297059287238085620181,2026-04-16 09:07:19,'3757476976911319248,吸睛清新牛油果绿系小丝巾发带绑发领巾模特搭配装饰缠包飘带时尚,,,普通订单,6.98,2.1,0,0,0,0,0,0,0,0,0,0,-0.04,0,0,0,0,0,0,是-商品卡免佣,0.29,义乌市亿芭电子商务商行,订单结算
2026-04-20 05:39:56,'2026042005395020902715034795,入账,6.49,聚合账户,货款结算入账,小店自卖,'6925571787254300301,'6925571787254300301,'SS76296742063802127990046,2026-04-14 06:14:08,'3779916999874970036,时尚优雅布艺发饰仙女碎花大蝴蝶结飘带抓夹女后脑勺鲨鱼夹子发饰,,,普通订单,6.53,0,0,0,0,0,0,0,0,0,0,0,-0.04,0,0,0,0,0,0,是-商品卡免佣,0.29,义乌市亿芭电子商务商行,订单结算
2026-04-20 07:20:11,'2026042007200714646686814795,入账,1.99,聚合账户,货款结算入账,小店自卖,'6952083454145336918,'6952083454145336918,'SS76296368396589468500090,2026-04-14 17:14:47,'3790879461549932720,韩系ins风高马尾香蕉夹竖夹女2025新款高级感发夹简约秋冬发饰,,,普通订单,2,0,0,0,0,0,0,0,0,0,0,0,-0.01,0,0,0,0,0,0,是-商品卡免佣,0.07,义乌市亿芭电子商务商行,订单结算
2026-04-20 07:20:11,'2026042007200729501693944795,入账,3.18,聚合账户,货款结算入账,小店自卖,'6952058354232268251,'6952058354232268251,'SS76297382902997366260017,2026-04-14 10:02:21,'3790879461549932720,韩系ins风高马尾香蕉夹竖夹女2025新款高级感发夹简约秋冬发饰,,,普通订单,3.2,0,0,0,0,0,0,0,0,0,0,0,-0.02,0,0,0,0,0,0,是-商品卡免佣,0.15,义乌市亿芭电子商务商行,订单结算
2026-04-20 07:20:11,'2026042007200825003953104795,入账,3.55,聚合账户,货款结算入账,小店自卖,'6951960651500426590,'6951960651500426590,'SS76295936856839623680164,2026-04-10 01:19:32,'3762857552925294890,夏天简约盘发一字扭扭夹25新款抓夹高级感珠珠水钻发夹后脑勺鸭嘴,,,普通订单,3.57,0,0,0,0,0,0,0,0,0,0,0,-0.02,0,0,0,0,0,0,是-商品卡免佣,0.15,义乌市亿芭电子商务商行,订单结算
2026-04-20 07:20:11,'2026042007200721751728704795,入账,3.87,聚合账户,货款结算入账,小店自卖,'6925606183383694809,'6925606183383694809,'SS76297036087636134400245,2026-04-14 22:18:17,'3807916024821579910,新款羽毛显发抓夹女时尚高马尾抓夹固定器复古毛绒发夹竖夹大抓夹,,,普通订单,3.89,0,0,0,0,0,0,0,0,0,0,0,-0.02,0,0,0,0,0,0,是-商品卡免佣,0.15,义乌市亿芭电子商务商行,订单结算
2026-04-20 07:20:11,'2026042007200527733035984795,入账,1.99,聚合账户,货款结算入账,小店自卖,'6951833545119700392,'6951833545119700392,'SS76295258616166979060219,2026-04-05 01:10:49,'3790879461549932720,韩系ins风高马尾香蕉夹竖夹女2025新款高级感发夹简约秋冬发饰,,,普通订单,2,0,0,0,0,0,0,0,0,0,0,0,-0.01,0,0,0,0,0,0,是-商品卡免佣,0.07,义乌市亿芭电子商务商行,订单结算
2026-04-20 07:20:13,'2026042007200900141440634795,入账,3.79,聚合账户,货款结算入账,小店自卖,'6925583217389960370,'6925583217389960370,'SS76296684800944215440085,2026-04-14 10:19:20,'3806088859851293352,韩系波点蝴蝶结抓夹女满天星赫本风马尾夹鲨鱼夹半扎发夹气质发饰,,,普通订单,0.81,0,0,3,0,0,0,0,0,0,0,0,-0.02,0,0,0,0,0,0,是-商品卡免佣,0.15,义乌市亿芭电子商务商行,订单结算
2026-04-20 07:20:13,'2026042007200917380319154795,入账,1.99,聚合账户,货款结算入账,小店自卖,'6925463176343223422,'6925463176343223422,'SS76295729512183242650081,2026-04-10 01:29:04,'3790879461549932720,韩系ins风高马尾香蕉夹竖夹女2025新款高级感发夹简约秋冬发饰,,,普通订单,0.01,0,0,1.99,0,0,0,0,0,0,0,0,-0.01,0,0,0,0,0,0,是-商品卡免佣,0.07,义乌市亿芭电子商务商行,订单结算
2026-04-20 07:20:13,'2026042007201011294154664795,入账,2.72,聚合账户,货款结算入账,小店自卖,'6925606718030052410,'6925606718030052410,'SS76296868514731177340009,2026-04-15 07:42:54,'3776577898983588328,高级感元宝抓夹繁星镶钻鲨鱼夹发量少半扎发夹子可爱后脑勺发饰女,,,普通订单,0.01,0,0,2.85,0,0,0,0,0,0,0,0,-0.14,0,0,0,0,0,0,,0,义乌市亿芭电子商务商行,订单结算
2026-04-20 07:20:13,'2026042007200923443420224795,入账,1.9,聚合账户,货款结算入账,小店自卖,'6925356494156431037,'6925356494156431037,'SS76295255378120053860096,2026-04-04 23:16:05,'3790879461549932720,韩系ins风高马尾香蕉夹竖夹女2025新款高级感发夹简约秋冬发饰,,,普通订单,0.99,0,0,1.01,0,0,0,0,0,0,0,0,-0.1,0,0,0,0,0,0,,0,义乌市亿芭电子商务商行,订单结算
2026-04-20 07:20:13,'2026042007200722325829554795,入账,12.61,聚合账户,货款结算入账,小店自卖,'6925585395332251528,'6925585395332251528,'SS76295357069065751380183,2026-04-14 10:53:35,'3760466312694989527,2025年新款女孩发饰刘海侧边夹女儿童发夹可爱夹子头饰网红发卡,,,普通订单,10.69,0,0,2,0,0,0,0,0,0,0,0,-0.08,0,0,0,0,0,0,是-商品卡免佣,0.59,义乌市亿芭电子商务商行,订单结算
2026-04-20 07:20:29,'2026042007202340129541524795,入账,0.99,聚合账户,货款结算入账,小店自卖,'6952095735572862001,'6952095735572862001,'SS76296827435678479870166,2026-04-15 13:42:36,'3790879461549932720,韩系ins风高马尾香蕉夹竖夹女2025新款高级感发夹简约秋冬发饰,,,普通订单,0.01,0,0,0.99,0,0,0,0,0,0,0,0,-0.01,0,0,0,0,0,0,是-商品卡免佣,0.07,义乌市亿芭电子商务商行,订单结算
2026-04-20 07:20:29,'2026042007202501516833634795,入账,3.68,聚合账户,货款结算入账,小店自卖,'6952065907396450197,'6952065907396450197,'SS76297148230852779580232,2026-04-14 21:22:06,'3753207010519286104,2025新款蝴蝶结扭扭发夹不咯头大号一字抓夹高级感后脑勺鲨鱼夹子,,,普通订单,3.7,0.5,0,0,0,0,0,0,0,0,0,0,-0.02,0,0,0,0,0,0,是-商品卡免佣,0.15,义乌市亿芭电子商务商行,订单结算
2026-04-20 07:20:29,'2026042007202521278728314795,入账,3.51,聚合账户,货款结算入账,小店自卖,'6925474887516192618,'6925474887516192618,'SS76296157937900959140185,2026-04-10 03:25:55,'3781982017927906160,新款米菲兔发夹大号横夹网红巨显发量香蕉后脑勺盘发百搭少女发饰,,,普通订单,0.53,0,0,3,0,0,0,0,0,0,0,0,-0.02,0,0,0,0,0,0,是-商品卡免佣,0.15,义乌市亿芭电子商务商行,订单结算
2026-04-20 07:20:29,'2026042007202505677550504795,入账,1.97,聚合账户,货款结算入账,小店自卖,'6925576029364059289,'6925576029364059289,'SS76296599859371707230110,2026-04-14 08:19:41,'3787169552576676059,虞书欣同款发扣新款圈小触角发扣金属银色圆形刘海夹脏辫发卡头饰,,,普通订单,0.01,0,0,1.97,0,0,0,0,0,0,0,0,-0.01,0,0,0,0,0,0,是-商品卡免佣,0.07,义乌市亿芭电子商务商行,订单结算
2026-04-20 07:20:29,'2026042007202434859917434795,入账,3.17,聚合账户,货款结算入账,小店自卖,'6925611595746868921,'6925611595746868921,'SS76296340911684490300102,2026-04-15 19:09:11,'3749516003923591457,2025新款网红同款复古感高级质感坑边发箍简约百搭宽边纯色头箍,,,普通订单,0.19,0,0,3,0,0,0,0,0,0,0,0,-0.02,0,0,0,0,0,0,是-商品卡免佣,0.15,义乌市亿芭电子商务商行,订单结算
2026-04-20 07:20:41,'2026042007203732939543444795,入账,2.19,聚合账户,货款结算入账,小店自卖,'6951688992615568762,'6951688992615568762,'SS76295505599733928960121,2026-03-31 00:04:18,'3755820354254274674,夏天抓夹大号珠珠鲨鱼夹简约发夹头饰发量多发卡高级感发饰头饰,,,普通订单,0.1,0,2.1,0,0,0,0,0,0,0,0,0,-0.01,0,0,0,0,0,0,是-商品卡免佣,0.07,义乌市亿芭电子商务商行,订单结算
2026-04-20 07:20:41,'2026042007203815736676184795,入账,7.22,聚合账户,货款结算入账,小店自卖,'6951818120158451451,'6951818120158451451,'SS76295918636095086600205,2026-04-05 08:48:04,'3764318166252126313,夏季发箍混搭小清新女压发箍海绵珍珠头箍发卡发捆公主头饰小碎花,,,普通订单,7.26,0,0,0,0,0,0,0,0,0,0,0,-0.04,0,0,0,0,0,0,是-商品卡免佣,0.29,义乌市亿芭电子商务商行,订单结算
2026-04-20 07:20:41,'2026042007203402142377594795,入账,4.32,聚合账户,货款结算入账,小店自卖,'6925595143426112738,'6925595143426112738,'SS76296597225394672980188,2026-04-15 07:56:10,'3753913172080329035,蝴蝶结发带女2026新款飘带头绳大肠发圈高级感扎头发皮筋大圈头绳,,,普通订单,2.35,0,0,2,0,0,0,0,0,0,0,0,-0.03,0,0,0,0,0,0,是-商品卡免佣,0.22,义乌市亿芭电子商务商行,订单结算
2026-04-20 07:20:41,'2026042007203700308513644795,入账,2.73,聚合账户,货款结算入账,小店自卖,'6925629195180867345,'6925629195180867345,'SS76296709708582098320229,2026-04-15 19:55:30,'3764318178960867560,新款新中式水钻珠珠一字扭扭夹盘发抓夹发量高级感后脑勺女款发饰,,,普通订单,2.87,0,0,0,0,0,0,0,0,0,0,0,-0.14,0,0,0,0,0,0,,0,义乌市亿芭电子商务商行,订单结算
2026-04-20 07:20:41,'2026042007203805289948354795,入账,1.99,聚合账户,货款结算入账,小店自卖,'6925652144755736131,'6925652144755736131,'SS76295932108019633100156,2026-04-16 13:40:31,'3790879461549932720,韩系ins风高马尾香蕉夹竖夹女2025新款高级感发夹简约秋冬发饰,,,普通订单,2,0,0,0,0,0,0,0,0,0,0,0,-0.01,0,0,0,0,0,0,是-商品卡免佣,0.07,义乌市亿芭电子商务商行,订单结算
2026-04-20 07:20:47,'2026042007204319473697804795,入账,1.9,聚合账户,货款结算入账,小店自卖,'6952112454509532323,'6952112454509532323,'SS76297280642386332430143,2026-04-16 00:35:59,'3790879461549932720,韩系ins风高马尾香蕉夹竖夹女2025新款高级感发夹简约秋冬发饰,,,普通订单,2,0,0,0,0,0,0,0,0,0,0,0,-0.1,0,0,0,0,0,0,,0,义乌市亿芭电子商务商行,订单结算
2026-04-20 07:20:47,'2026042007204331051822434795,入账,6.4,聚合账户,货款结算入账,小店自卖,'6951768705332090128,'6951768705332090128,'SS76270060003061107460243,2026-04-03 02:31:38,'3786805365144944997,超萌可爱kt猫刘海贴羊绒猫爪魔术贴甜美卡通发夹百搭秋冬碎发贴,,,普通订单,6.44,0.55,0,0,0,0,0,0,0,0,0,0,-0.04,0,0,0,0,0,0,是-商品卡免佣,0.29,义乌市亿芭电子商务商行,订单结算
2026-04-20 07:20:47,'2026042007204304243133984795,入账,4.9,聚合账户,货款结算入账,小店自卖,'6925247612694723704,'6925247612694723704,'SS76295505450467374510071,2026-03-30 21:11:37,'3776956605703258199,复古格子布艺齿梳发箍女2025新款气质简约高颅顶压发卡学院风头箍,,,普通订单,4.93,0.55,0,0,0,0,0,0,0,0,0,0,-0.03,0,0,0,0,0,0,是-商品卡免佣,0.22,义乌市亿芭电子商务商行,订单结算
2026-04-20 07:20:47,'2026042007204135156626354795,入账,7.45,聚合账户,货款结算入账,小店自卖,'6925472281295355392,'6925472281295355392,'SS76295522569214899540072,2026-04-10 00:58:03,'3750394704747954259,高级复古孔雀发夹后脑勺2025新款盘发懒人扭扭丸子夹水钻一字夹,,,普通订单,7.5,1.1,0,0,0,0,0,0,0,0,0,0,-0.05,0,0,0,0,0,0,是-商品卡免佣,0.37,义乌市亿芭电子商务商行,订单结算
2026-04-20 07:20:47,'2026042007204327018037824795,入账,3.18,聚合账户,货款结算入账,小店自卖,'6925628852461731192,'6925628852461731192,'SS76296386310409592680059,2026-04-15 16:35:47,'3790879461549932720,韩系ins风高马尾香蕉夹竖夹女2025新款高级感发夹简约秋冬发饰,,,普通订单,3.2,0,0,0,0,0,0,0,0,0,0,0,-0.02,0,0,0,0,0,0,是-商品卡免佣,0.15,义乌市亿芭电子商务商行,订单结算
2026-04-20 07:20:53,'2026042007204913603479564795,入账,3.48,聚合账户,货款结算入账,巨量千川,'6951713032799852045,'6951713032799852045,'SS76296012506321554460245,2026-03-31 00:45:28,'3787169552576676059,虞书欣同款发扣新款圈小触角发扣金属水钻圆形刘海夹脏辫发卡头饰,,,普通订单,3.66,0,0,0,0,0,0,0,0,0,0,0,-0.18,0,0,0,0,0,0,,0,义乌市亿芭电子商务商行,订单结算
2026-04-20 07:20:53,'2026042007205118164618394795,入账,1.8,聚合账户,货款结算入账,小店自卖,'6952064728642950623,'6952064728642950623,'SS76296870906826143140150,2026-04-14 06:57:45,'3765831620368662534,夏天简约随手盘发一字扭扭夹水钻抓夹高级发夹扭扭后脑勺盘发器,,,普通订单,1.9,0,0,0,0,0,0,0,0,0,0,0,-0.1,0,0,0,0,0,0,,0,义乌市亿芭电子商务商行,订单结算
2026-04-20 07:20:53,'2026042007205101007457644795,入账,3.68,聚合账户,货款结算入账,小店自卖,'6925585056945373126,'6925585056945373126,'SS76296962039450015180009,2026-04-14 08:49:49,'3779913033489449864,短发半扎发饰过渡期神器一字弹簧夹2025新款简约后脑勺发夹头饰女,,,普通订单,3.7,0.3,0,0,0,0,0,0,0,0,0,0,-0.02,0,0,0,0,0,0,是-商品卡免佣,0.15,义乌市亿芭电子商务商行,订单结算
2026-04-20 07:20:53,'2026042007204918885681054795,入账,3.21,聚合账户,货款结算入账,小店自卖,'6925349592014290666,'6925349592014290666,'SS76295739489252808040123,2026-04-04 21:34:52,'3798840877154173022,虞书欣同款发扣圈小触角发夹金属圆形刘海发扣夹脏辫发卡头饰品,,,普通订单,3.23,0,0,0,0,0,0,0,0,0,0,0,-0.02,0,0,0,0,0,0,是-商品卡免佣,0.15,义乌市亿芭电子商务商行,订单结算
2026-04-20 07:20:53,'2026042007204933472356254795,入账,1.99,聚合账户,货款结算入账,小店自卖,'6925235131533917524,'6925235131533917524,'SS76295267225147973270203,2026-03-30 12:42:35,'3790879461549932720,韩系ins风高马尾香蕉夹竖夹女2025新款高级感发夹简约秋冬发饰,,,普通订单,2,0,0,0,0,0,0,0,0,0,0,0,-0.01,0,0,0,0,0,0,是-商品卡免佣,0.07,义乌市亿芭电子商务商行,订单结算
2026-04-20 07:21:21,'2026042007211726100864414795,入账,3.18,聚合账户,货款结算入账,小店自卖,'6925582948356160890,'6925582948356160890,'SS76296476196623815680191,2026-04-14 08:38:22,'3790879461549932720,韩系ins风高马尾香蕉夹竖夹女2025新款高级感发夹简约秋冬发饰,,,普通订单,0.01,0,0,3.19,0,0,0,0,0,0,0,0,-0.02,0,0,0,0,0,0,是-商品卡免佣,0.15,义乌市亿芭电子商务商行,订单结算
2026-04-20 07:21:21,'2026042007211833477309904795,入账,3.62,聚合账户,货款结算入账,小店自卖,'6951939112448497139,'6951939112448497139,'SS76296003404337815190217,2026-04-10 01:01:59,'3797889962804904185,2026防滑新款秋冬高级感百搭齿发箍女高颅顶时尚复古头箍发卡发饰,,,普通订单,0.81,0,0,3,0,0,0,0,0,0,0,0,-0.19,0,0,0,0,0,0,,0,义乌市亿芭电子商务商行,订单结算
2026-04-20 07:21:21,'2026042007211840442109504795,入账,1.95,聚合账户,货款结算入账,小店自卖,'6925487110174834194,'6925487110174834194,'SS76295948771436508670137,2026-04-10 04:37:27,'3763619647727992972,2025抓夹高级感珠珠水钻发夹女夏天简约随手盘发一字扭扭夹网红,,,普通订单,1.96,0,0,0,0,0,0,0,0,0,0,0,-0.01,0,0,0,0,0,0,是-商品卡免佣,0.07,义乌市亿芭电子商务商行,订单结算
2026-04-20 07:21:21,'2026042007211620099730114795,入账,4.31,聚合账户,货款结算入账,小店自卖,'6925621080642780789,'6925621080642780789,'SS76297328369510200420017,2026-04-16 07:52:27,'3761752097155056209,新款水钻网纱蝴蝶结大抓夹后脑勺盘发发夹高级头饰鲨鱼夹大号发饰,,,普通订单,1.34,0,0,3,0,0,0,0,0,0,0,0,-0.03,0,0,0,0,0,0,是-商品卡免佣,0.22,义乌市亿芭电子商务商行,订单结算
2026-04-20 07:21:21,'2026042007211818581099794795,入账,3.57,聚合账户,货款结算入账,小店自卖,'6952106875233899995,'6952106875233899995,'SS76295215551509181590113,2026-04-15 15:19:37,'3743929187698868452,可爱雪莉玫格子发圈发绳学院JK风红格子公仔刘海春天头饰发饰女,,,普通订单,3.76,0,0,0,0,0,0,0,0,0,0,0,-0.19,0,0,0,0,0,0,,0,义乌市亿芭电子商务商行,订单结算
2026-04-20 07:21:27,'2026042007212323957675944795,入账,3.18,聚合账户,货款结算入账,小店自卖,'6952097099138929890,'6952097099138929890,'SS76297467345955927230113,2026-04-16 07:19:18,'3790879461549932720,韩系ins风高马尾香蕉夹竖夹女2025新款高级感发夹简约秋冬发饰,,,普通订单,0.2,0,0,3,0,0,0,0,0,0,0,0,-0.02,0,0,0,0,0,0,是-商品卡免佣,0.15,义乌市亿芭电子商务商行,订单结算
2026-04-20 07:21:27,'2026042007212410878203294795,入账,1.9,聚合账户,货款结算入账,小店自卖,'6925358825810329411,'6925358825810329411,'SS76256585924227407780140,2026-04-04 22:59:48,'3790879461549932720,韩系ins风高马尾香蕉夹竖夹女2025新款高级感发夹简约秋冬发饰,,,普通订单,0.01,0,0,1.99,0,0,0,0,0,0,0,0,-0.1,0,0,0,0,0,0,,0,义乌市亿芭电子商务商行,订单结算
2026-04-20 07:21:27,'2026042007212333728926914795,入账,1.99,聚合账户,货款结算入账,小店自卖,'6952088745318880868,'6952088745318880868,'SS76297445054742041980181,2026-04-15 00:01:10,'3790879461549932720,韩系ins风高马尾香蕉夹竖夹女2025新款高级感发夹简约秋冬发饰,,,普通订单,0.01,0,0,1.99,0,0,0,0,0,0,0,0,-0.01,0,0,0,0,0,0,是-商品卡免佣,0.07,义乌市亿芭电子商务商行,订单结算
2026-04-20 07:21:27,'2026042007212235169408194795,入账,3.96,聚合账户,货款结算入账,小店自卖,'6952079665939486605,'6952079665939486605,'SS76297232464137753960209,2026-04-15 00:15:32,'3790879461549932720,韩系ins风高马尾香蕉夹竖夹女2025新款高级感发夹简约秋冬发饰,,,普通订单,3.98,0,0,0,0,0,0,0,0,0,0,0,-0.02,0,0,0,0,0,0,是-商品卡免佣,0.15,义乌市亿芭电子商务商行,订单结算
2026-04-20 07:21:27,'2026042007212316876385914795,入账,3.96,聚合账户,货款结算入账,小店自卖,'6952101981156546481,'6952101981156546481,'SS76296723538460882020115,2026-04-16 10:51:47,'3790879461549932720,韩系ins风高马尾香蕉夹竖夹女2025新款高级感发夹简约秋冬发饰,,,普通订单,3.98,0,0,0,0,0,0,0,0,0,0,0,-0.02,0,0,0,0,0,0,是-商品卡免佣,0.15,义乌市亿芭电子商务商行,订单结算
2026-04-20 07:21:35,'2026042007213134450519544795,入账,1.89,聚合账户,货款结算入账,小店自卖,'6951939083149907229,'6951939083149907229,'SS76295935255293299260102,2026-04-10 03:31:32,'3765831620368662534,夏天简约随手盘发一字扭扭夹水钻抓夹高级发夹扭扭后脑勺盘发器,,,普通订单,1.9,0,0,0,0,0,0,0,0,0,0,0,-0.01,0,0,0,0,0,0,是-商品卡免佣,0.07,义乌市亿芭电子商务商行,订单结算
2026-04-20 07:21:35,'2026042007213207133760514795,入账,2.81,聚合账户,货款结算入账,小店自卖,'6952060708820948046,'6952060708820948046,'SS76295760877938283920154,2026-04-14 09:03:09,'3765831620368662534,夏天简约随手盘发一字扭扭夹水钻抓夹高级发夹扭扭后脑勺盘发器,,,普通订单,2.96,0,0,0,0,0,0,0,0,0,0,0,-0.15,0,0,0,0,0,0,,0,义乌市亿芭电子商务商行,订单结算
2026-04-20 07:21:35,'2026042007213113228285854795,入账,3.99,聚合账户,货款结算入账,小店自卖,'6925322648002788428,'6925322648002788428,'SS76269868788431751780211,2026-04-03 07:31:14,'3786807660737856389,可爱白色米菲兔毛绒卡通发帖刘海贴甜美少女讹钱无痕魔术贴发饰,,,普通订单,4.01,0.3,0,0,0,0,0,0,0,0,0,0,-0.02,0,0,0,0,0,0,是-商品卡免佣,0.15,义乌市亿芭电子商务商行,订单结算
2026-04-20 07:27:46,'2026042007274227057523394795,入账,4.29,聚合账户,货款结算入账,小店自卖,'6925463229384129579,'6925463229384129579,'SS76295937821679170970190,2026-04-10 02:57:31,'3765831620368662534,夏天简约随手盘发一字扭扭夹水钻抓夹高级发夹扭扭后脑勺盘发器,,,普通订单,4.32,0,0,0,0,0,0,0,0,0,0,0,-0.03,0,0,0,0,0,0,是-商品卡免佣,0.22,义乌市亿芭电子商务商行,订单结算
2026-04-20 07:27:46,'2026042007274130000133534795,入账,2.85,聚合账户,货款结算入账,小店自卖,'6925479004593749182,'6925479004593749182,'SS76295522594373351030054,2026-04-10 01:31:40,'3763619647727992972,2025抓夹高级感珠珠水钻发夹女夏天简约随手盘发一字扭扭夹网红,,,普通订单,2.87,0,0,0,0,0,0,0,0,0,0,0,-0.02,0,0,0,0,0,0,是-商品卡免佣,0.15,义乌市亿芭电子商务商行,订单结算
2026-04-20 07:27:46,'2026042007274114436971784795,入账,2.81,聚合账户,货款结算入账,小店自卖,'6952016744461768314,'6952016744461768314,'SS76296532041923794380185,2026-04-13 00:50:16,'3772315771091419603,韩系气质磨砂抓夹大号发夹简约鲨鱼夹2025新款字母轻奢夹子头饰女,,,普通订单,2.83,0,0,0,0,0,0,0,0,0,0,0,-0.02,0,0,0,0,0,0,是-商品卡免佣,0.15,义乌市亿芭电子商务商行,订单结算
2026-04-20 07:27:46,'2026042007274200393221314795,入账,5.61,聚合账户,货款结算入账,小店自卖,'6925349537213938745,'6925349537213938745,'SS76295545298198861310048,2026-04-04 21:07:38,'3751732614801785726,蝴蝶结发带女2025新款飘带头绳大肠发圈高级感扎头发少女风发圈,,,普通订单,5.64,0.55,0,0,0,0,0,0,0,0,0,0,-0.03,0,0,0,0,0,0,是-商品卡免佣,0.22,义乌市亿芭电子商务商行,订单结算
2026-04-20 07:27:46,'2026042007274132601421304795,入账,3.57,聚合账户,货款结算入账,小店自卖,'6951833722298176975,'6951833722298176975,'SS76295915139467883580177,2026-04-05 09:18:43,'3757288968954184124,田园少女!包头边格子三角巾!可爱风蕾丝发带旅行发卡蓝色发箍女,,,普通订单,3.59,0,0,0,0,0,0,0,0,0,0,0,-0.02,0,0,0,0,0,0,是-商品卡免佣,0.15,义乌市亿芭电子商务商行,订单结算
2026-04-20 07:27:53,'2026042007274916539819524795,入账,2.84,聚合账户,货款结算入账,小店自卖,'6925367302981647493,'6925367302981647493,'SS76295803604018306910177,2026-04-05 09:48:31,'3787169552576676059,虞书欣同款发扣新款圈小触角发扣金属水钻圆形刘海夹脏辫发卡头饰,,,普通订单,0.86,0,0,2,0,0,0,0,0,0,0,0,-0.02,0,0,0,0,0,0,是-商品卡免佣,0.15,义乌市亿芭电子商务商行,订单结算
2026-04-20 07:27:53,'2026042007275021779254264795,入账,0.99,聚合账户,货款结算入账,小店自卖,'6952145958019405176,'6952145958019405176,'SS76297572697698473360185,2026-04-17 21:59:34,'3790879461549932720,韩系ins风高马尾香蕉夹竖夹女2025新款高级感发夹简约秋冬发饰,,,普通订单,3.2,0,0,0,0,0,0,0,0,0,0,-2.2,-0.01,0,0,0,0,0,0,是-商品卡免佣,0.07,义乌市亿芭电子商务商行,订单结算
2026-04-20 07:27:53,'2026042007274941148748954795,入账,2.84,聚合账户,货款结算入账,小店自卖,'6925624597908783060,'6925624597908783060,'SS76297192523077552910127,2026-04-15 17:03:59,'3776577898983588328,高级感元宝抓夹繁星镶钻鲨鱼夹发量少半扎发夹子可爱后脑勺发饰女,,,普通订单,2.86,0,0,0,0,0,0,0,0,0,0,0,-0.02,0,0,0,0,0,0,是-商品卡免佣,0.15,义乌市亿芭电子商务商行,订单结算
2026-04-20 07:27:53,'2026042007275022328120844795,入账,1.99,聚合账户,货款结算入账,小店自卖,'6925613131371412743,'6925613131371412743,'SS76295716760322053520024,2026-04-15 13:58:33,'3790879461549932720,韩系ins风高马尾香蕉夹竖夹女2025新款高级感发夹简约秋冬发饰,,,普通订单,0.01,0,0,1.99,0,0,0,0,0,0,0,0,-0.01,0,0,0,0,0,0,是-商品卡免佣,0.07,义乌市亿芭电子商务商行,订单结算
2026-04-20 07:27:53,'2026042007274740867924994795,入账,1.99,聚合账户,货款结算入账,小店自卖,'6951586651083510816,'6951586651083510816,'SS76296189168728317700223,2026-03-26 14:48:28,'3790879461549932720,韩系ins风高马尾香蕉夹竖夹女2025新款高级感发夹简约秋冬发饰,,,普通订单,0.01,0,0,1.99,0,0,0,0,0,0,0,0,-0.01,0,0,0,0,0,0,是-商品卡免佣,0.07,义乌市亿芭电子商务商行,订单结算
2026-04-20 07:27:53,'2026042007275104916354664795,入账,4.92,聚合账户,货款结算入账,小店自卖,'6951813564670678321,'6951813564670678321,'SS76295924000124319140069,2026-04-05 09:00:34,'3757495000775131346,夏季碎发拉拉梳碎发整理器后脑勺拉拉发梳简约成人款隐形碎发头箍,,,普通订单,4.95,0.98,0,0,0,0,0,0,0,0,0,0,-0.03,0,0,0,0,0,0,是-商品卡免佣,0.22,义乌市亿芭电子商务商行,订单结算
2026-04-20 07:27:53,'2026042007274930843704594795,入账,1.97,聚合账户,货款结算入账,小店自卖,'6951954155445032896,'6951954155445032896,'SS76296222966848883620127,2026-04-10 01:53:48,'3787169552576676059,虞书欣同款发扣新款圈小触角发扣金属水钻圆形刘海夹脏辫发卡头饰,,,普通订单,0.01,0,0,1.97,0,0,0,0,0,0,0,0,-0.01,0,0,0,0,0,0,是-商品卡免佣,0.07,义乌市亿芭电子商务商行,订单结算
2026-04-20 07:27:53,'2026042007275023658337684795,入账,1.86,聚合账户,货款结算入账,小店自卖,'6952086860781590488,'6952086860781590488,'SS76296622609539118270115,2026-04-15 11:52:42,'3764318178960867560,新款新中式水钻珠珠一字扭扭夹盘发抓夹发量高级感后脑勺女款发饰,,,普通订单,1.96,0,0,0,0,0,0,0,0,0,0,0,-0.1,0,0,0,0,0,0,,0,义乌市亿芭电子商务商行,订单结算
2026-04-20 07:27:53,'2026042007275021606730584795,入账,3.87,聚合账户,货款结算入账,小店自卖,'6951949736691766632,'6951949736691766632,'SS76296088543890027790214,2026-04-10 05:35:36,'3770638427473707151,超可爱卡通可爱搞怪毛绒发箍女洗脸化妆发卡高颅顶2025新款高级感,,,普通订单,0.01,0,0,3.88,0,0,0,0,0,0,0,0,-0.02,0,0,0,0,0,0,是-商品卡免佣,0.15,义乌市亿芭电子商务商行,订单结算
2026-04-20 07:27:54,'2026042007275026089725794795,入账,3.18,聚合账户,货款结算入账,小店自卖,'6925493877023997629,'6925493877023997629,'SS76296015396826816100191,2026-04-11 00:24:47,'3790879461549932720,韩系ins风高马尾香蕉夹竖夹女2025新款高级感发夹简约秋冬发饰,,,普通订单,3.2,0,0,0,0,0,0,0,0,0,0,0,-0.02,0,0,0,0,0,0,是-商品卡免佣,0.15,义乌市亿芭电子商务商行,订单结算
2026-04-20 07:28:00,'2026042007275740477046184795,入账,3.18,聚合账户,货款结算入账,小店自卖,'6925587652516346978,'6925587652516346978,'SS76296372468743539620244,2026-04-14 22:08:06,'3790879461549932720,韩系ins风高马尾香蕉夹竖夹女2025新款高级感发夹简约秋冬发饰,,,普通订单,3.2,0,0,0,0,0,0,0,0,0,0,0,-0.02,0,0,0,0,0,0,是-商品卡免佣,0.15,义乌市亿芭电子商务商行,订单结算
2026-04-20 07:28:00,'2026042007275716626982904795,入账,4.94,聚合账户,货款结算入账,小店自卖,'6951815711510762675,'6951815711510762675,'SS76295545107991639310039,2026-04-05 06:42:58,'3769541767679049968," 2025春夏新款轻奢边夹时尚气质一字发夹女后脑勺扭扭夹女",,,普通订单,4.97,0,0,0,0,0,0,0,0,0,0,0,-0.03,0,0,0,0,0,0,是-商品卡免佣,0.22,义乌市亿芭电子商务商行,订单结算
2026-04-20 07:28:00,'2026042007275733097648704795,入账,7.61,聚合账户,货款结算入账,小店自卖,'6925560764649471377,'6925560764649471377,'SS76297385436866811260086,2026-04-13 00:59:38,'3763968753298178074,可爱儿童发箍拉拉碎发梳女童后脑勺碎发神器前额刘海插梳发卡头饰,,,普通订单,7.66,0,0,0,0,0,0,0,0,0,0,0,-0.05,0,0,0,0,0,0,是-商品卡免佣,0.37,义乌市亿芭电子商务商行,订单结算
2026-04-20 07:28:00,'2026042007275525975240064795,入账,8,聚合账户,货款结算入账,小店自卖,'6951777335524529462,'6951777335524529462,'SS76269629166249091070031,2026-04-02 23:31:26,'3747461959201718665,设计款波浪珍珠撞色抓夹大号发夹女2025高级感后脑勺高颅顶抓夹,,,普通订单,8.05,0,0,0,0,0,0,0,0,0,0,0,-0.05,0,0,0,0,0,0,是-商品卡免佣,0.37,义乌市亿芭电子商务商行,订单结算
2026-04-20 07:28:00,'2026042007275640859896514795,入账,3.84,聚合账户,货款结算入账,小店自卖,'6925342756202446483,'6925342756202446483,'SS76295322243375928860161,2026-04-04 18:45:22,'3778649593764512172,韩系可爱波点大号米菲兔香蕉夹后脑勺盘发巨显发量多时尚百搭发饰,,,普通订单,3.86,0,0,0,0,0,0,0,0,0,0,0,-0.02,0,0,0,0,0,0,是-商品卡免佣,0.15,义乌市亿芭电子商务商行,订单结算
2026-04-20 07:28:18,'2026042007281319850737054795,入账,3.18,聚合账户,货款结算入账,小店自卖,'6925590696133099372,'6925590696133099372,'SS76295743470462285180128,2026-04-14 23:37:01,'3790879461549932720,韩系ins风高马尾香蕉夹竖夹女2025新款高级感发夹简约秋冬发饰,,,普通订单,3.2,0,0,0,0,0,0,0,0,0,0,0,-0.02,0,0,0,0,0,0,是-商品卡免佣,0.15,义乌市亿芭电子商务商行,订单结算
2026-04-20 07:28:18,'2026042007280908611924904795,入账,3.96,聚合账户,货款结算入账,小店自卖,'6925582790341132098,'6925582790341132098,'SS76296489392434877800233,2026-04-14 06:42:48,'3790879461549932720,韩系ins风高马尾香蕉夹竖夹女2025新款高级感发夹简约秋冬发饰,,,普通订单,3.98,0,0,0,0,0,0,0,0,0,0,0,-0.02,0,0,0,0,0,0,是-商品卡免佣,0.15,义乌市亿芭电子商务商行,订单结算
2026-04-20 07:28:18,'2026042007281416405632004795,入账,6.53,聚合账户,货款结算入账,小店自卖,'6951827442115875901,'6951827442115875901,'SS76296027120028104060181,2026-04-05 10:58:25,'3757495000775131346,夏季碎发拉拉梳碎发整理器后脑勺拉拉发梳简约成人款隐形碎发头箍,,,普通订单,6.57,0.98,0,0,0,0,0,0,0,0,0,0,-0.04,0,0,0,0,0,0,是-商品卡免佣,0.29,义乌市亿芭电子商务商行,订单结算
2026-04-20 07:28:18,'2026042007281435450557844795,入账,3.66,聚合账户,货款结算入账,小店自卖,'6951995141431564246,'6951995141431564246,'SS76293895821508853770048,2026-04-12 01:18:12,'3789935575973363785,韩系格纹三角抓夹女2025新款百搭发夹马尾香蕉夹蝴韩系扎发抓夹,,,普通订单,3.68,0,0,0,0,0,0,0,0,0,0,0,-0.02,0,0,0,0,0,0,是-商品卡免佣,0.15,义乌市亿芭电子商务商行,订单结算
2026-04-20 07:28:18,'2026042007281438229939554795,入账,3.96,聚合账户,货款结算入账,小店自卖,'6952085999435715988,'6952085999435715988,'SS76296774905838476900173,2026-04-14 21:34:39,'3790879461549932720,韩系ins风高马尾香蕉夹竖夹女2025新款高级感发夹简约秋冬发饰,,,普通订单,3.98,0,0,0,0,0,0,0,0,0,0,0,-0.02,0,0,0,0,0,0,是-商品卡免佣,0.15,义乌市亿芭电子商务商行,订单结算
2026-04-20 07:30:18,'2026042007301408656167034795,入账,1.99,聚合账户,货款结算入账,小店自卖,'6925612539566784333,'6925612539566784333,'SS76295810342036116670216,2026-04-15 10:05:23,'3807565600545439967,复古豹纹波点褶皱香蕉夹后脑勺显发量横夹发卡高级感马尾扭扭竖夹,,,普通订单,0.01,0,0,1.99,0,0,0,0,0,0,0,0,-0.01,0,0,0,0,0,0,是-商品卡免佣,0.07,义乌市亿芭电子商务商行,订单结算
2026-04-20 07:30:18,'2026042007301516484441664795,入账,3.04,聚合账户,货款结算入账,小店自卖,'6925611038187224280,'6925611038187224280,'SS76296545385427113360200,2026-04-15 15:27:10,'3790879461549932720,韩系ins风高马尾香蕉夹竖夹女2025新款高级感发夹简约秋冬发饰,,,普通订单,2.73,0,0,0.47,0,0,0,0,0,0,0,0,-0.16,0,0,0,0,0,0,,0,义乌市亿芭电子商务商行,订单结算
2026-04-20 07:30:18,'2026042007301236348114464795,入账,1.99,聚合账户,货款结算入账,小店自卖,'6925587904786104084,'6925587904786104084,'SS76296102883571474330040,2026-04-14 23:38:58,'3790879461549932720,韩系ins风高马尾香蕉夹竖夹女2025新款高级感发夹简约秋冬发饰,,,普通订单,0.01,0,0,1.99,0,0,0,0,0,0,0,0,-0.01,0,0,0,0,0,0,是-商品卡免佣,0.07,义乌市亿芭电子商务商行,订单结算
2026-04-20 07:30:18,'2026042007301229876559994795,入账,1.86,聚合账户,货款结算入账,小店自卖,'6925487019012685533,'6925487019012685533,'SS76295945936963056910068,2026-04-10 00:37:38,'3763619647727992972,2025抓夹高级感珠珠水钻发夹女夏天简约随手盘发一字扭扭夹网红,,,普通订单,1.96,0,0,0,0,0,0,0,0,0,0,0,-0.1,0,0,0,0,0,0,,0,义乌市亿芭电子商务商行,订单结算
2026-04-20 07:30:18,'2026042007301438675789344795,入账,1.82,聚合账户,货款结算入账,小店自卖,'6951802132684477568,'6951802132684477568,'SS76295316916920978420115,2026-04-04 21:13:40,'3800874735194210779,韩系潮流新款M豆马尾无痕迹撞色发绳柔和亲肤不损发橡皮筋时尚百,,,普通订单,1.92,0,0,0,0,0,0,0,0,0,0,0,-0.1,0,0,0,0,0,0,,0,义乌市亿芭电子商务商行,订单结算
2026-04-20 07:30:37,'2026042007303406504781214795,入账,1.99,聚合账户,货款结算入账,小店自卖,'6925600677352340505,'6925600677352340505,'SS76296046730792473750007,2026-04-14 17:58:47,'3790879461549932720,韩系ins风高马尾香蕉夹竖夹女2025新款高级感发夹简约秋冬发饰,,,普通订单,0.01,0,0,1.99,0,0,0,0,0,0,0,0,-0.01,0,0,0,0,0,0,是-商品卡免佣,0.07,义乌市亿芭电子商务商行,订单结算
2026-04-20 07:30:37,'2026042007303440480939984795,入账,3.56,聚合账户,货款结算入账,小店自卖,'6951831102539437382,'6951831102539437382,'SS76295322278696061590012,2026-04-04 19:50:26,'3781982017927906160,新款米菲兔发夹大号横夹网红巨显发量香蕉后脑勺盘发百搭少女发饰,,,普通订单,0.01,0,0,3.57,0,0,0,0,0,0,0,0,-0.02,0,0,0,0,0,0,是-商品卡免佣,0.15,义乌市亿芭电子商务商行,订单结算
2026-04-20 07:30:37,'2026042007303228945987064795,入账,1.9,聚合账户,货款结算入账,小店自卖,'6952088789894567372,'6952088789894567372,'SS76295843644351288580049,2026-04-15 00:32:07,'3790879461549932720,韩系ins风高马尾香蕉夹竖夹女2025新款高级感发夹简约秋冬发饰,,,普通订单,0.01,0,0,1.99,0,0,0,0,0,0,0,0,-0.1,0,0,0,0,0,0,,0,义乌市亿芭电子商务商行,订单结算
2026-04-20 07:30:37,'2026042007303400141727154795,入账,1.99,聚合账户,货款结算入账,小店自卖,'6925626555768667651,'6925626555768667651,'SS76297432511757688750087,2026-04-15 16:31:24,'3790879461549932720,韩系ins风高马尾香蕉夹竖夹女2025新款高级感发夹简约秋冬发饰,,,普通订单,0.01,0,0,1.99,0,0,0,0,0,0,0,0,-0.01,0,0,0,0,0,0,是-商品卡免佣,0.07,义乌市亿芭电子商务商行,订单结算
2026-04-20 07:30:37,'2026042007303309954801074795,入账,4.32,聚合账户,货款结算入账,小店自卖,'6925134306014821576,'6925134306014821576,'SS76295888473660137380112,2026-03-26 08:45:16,'3753913172080329035,蝴蝶结发带女2026新款飘带头绳大肠发圈高级感扎头发皮筋大圈头绳,,,普通订单,4.35,0,0,0,0,0,0,0,0,0,0,0,-0.03,0,0,0,0,0,0,是-商品卡免佣,0.22,义乌市亿芭电子商务商行,订单结算
2026-04-20 07:31:43,'2026042007314033640123234795,入账,4.63,聚合账户,货款结算入账,小店自卖,'6951565579298411590,'6951565579298411590,'SS76295562962164621060075,2026-03-25 20:39:22,'3750604754292703439,新款水钻双面网纱蝴蝶结大抓夹后脑勺盘发发夹高级头饰简约鲨鱼夹,,,普通订单,4.66,0,0,0,0,0,0,0,0,0,0,0,-0.03,0,0,0,0,0,0,是-商品卡免佣,0.22,义乌市亿芭电子商务商行,订单结算
2026-04-20 07:31:43,'2026042007314016736957794795,入账,2.7,聚合账户,货款结算入账,小店自卖,'6952102867005412598,'6952102867005412598,'SS76296051086890972620046,2026-04-15 18:05:01,'3806604984041210322,韩系新款复古ins蝴蝶结丸子头发发饰女时尚马尾发绳大肠头绳发圈,,,普通订单,0.01,0,0,2.83,0,0,0,0,0,0,0,0,-0.14,0,0,0,0,0,0,,0,义乌市亿芭电子商务商行,订单结算
2026-04-20 07:31:43,'2026042007313932475878924795,入账,2.38,聚合账户,货款结算入账,小店自卖,'6952085007263078144,'6952085007263078144,'SS76297289180225377660227,2026-04-15 14:25:49,'3740210622193860884,韩国FRANCE小号侧边夹一字夹法式简约鸭嘴夹顶夹水墨豹纹树脂发夹,,,普通订单,2.39,0,0,0,0,0,0,0,0,0,0,0,-0.01,0,0,0,0,0,0,是-商品卡免佣,0.07,义乌市亿芭电子商务商行,订单结算
2026-04-20 08:01:23,'2026042008011929907522914795,出账,1,聚合账户,小额打款,,'6952125872258684525,'6952125872258684525,,,,,,,普通订单,0,0,0,0,0,0,0,0,0,0,0,0,0,0,0,0,0,0,0,,0,义乌市亿芭电子商务商行,商家向消费者小额打款-“其他”
2026-04-20 08:02:09,'2026042008020400138944354795,出账,2,聚合账户,小额打款,,'6952132790335444077,'6952132790335444077,,,,,,,普通订单,0,0,0,0,0,0,0,0,0,0,0,0,0,0,0,0,0,0,0,,0,义乌市亿芭电子商务商行,商家向消费者小额打款-“其他”
2026-04-20 08:04:38,'2026042008043324794403844795,出账,2,聚合账户,小额打款,,'6952099779093010127,'6952099779093010127,,,,,,,普通订单,0,0,0,0,0,0,0,0,0,0,0,0,0,0,0,0,0,0,0,,0,义乌市亿芭电子商务商行,商家向消费者小额打款-“其他”
2026-04-20 08:06:25,'2026042008061938104435714795,出账,1,聚合账户,小额打款,,'6925653063476936404,'6925653063476936404,,,,,,,普通订单,0,0,0,0,0,0,0,0,0,0,0,0,0,0,0,0,0,0,0,,0,义乌市亿芭电子商务商行,商家向消费者小额打款-“其他”
2026-04-20 08:07:20,'2026042008071331667697274795,出账,1,聚合账户,小额打款,,'6925660967892253939,'6925660967892253939,,,,,,,普通订单,0,0,0,0,0,0,0,0,0,0,0,0,0,0,0,0,0,0,0,,0,义乌市亿芭电子商务商行,商家向消费者小额打款-“其他”
2026-04-20 08:08:27,'2026042008082300713856104795,出账,1,聚合账户,小额打款,,'6925660967892253939,'6925660967892253939,,,,,,,普通订单,0,0,0,0,0,0,0,0,0,0,0,0,0,0,0,0,0,0,0,,0,义乌市亿芭电子商务商行,商家向消费者小额打款-“其他”
2026-04-20 08:08:44,'2026042008083825174226434795,出账,1,聚合账户,小额打款,,'6925653063476936404,'6925653063476936404,,,,,,,普通订单,0,0,0,0,0,0,0,0,0,0,0,0,0,0,0,0,0,0,0,,0,义乌市亿芭电子商务商行,商家向消费者小额打款-“其他”
2026-04-20 08:14:10,'2026042008140612206904834795,出账,1,聚合账户,小额打款,,'6925567002668728239,'6925567002668728239,,,,,,,普通订单,0,0,0,0,0,0,0,0,0,0,0,0,0,0,0,0,0,0,0,,0,义乌市亿芭电子商务商行,商家向消费者小额打款-“其他”
2026-04-20 08:14:49,'2026042008144426383158394795,出账,2,聚合账户,小额打款,,'6952142470596925137,'6952142470596925137,,,,,,,普通订单,0,0,0,0,0,0,0,0,0,0,0,0,0,0,0,0,0,0,0,,0,义乌市亿芭电子商务商行,商家向消费者小额打款-“其他”
2026-04-20 08:17:56,'2026042008175009490273434795,出账,2,聚合账户,小额打款,,'6925620303190392685,'6925620303190392685,,,,,,,普通订单,0,0,0,0,0,0,0,0,0,0,0,0,0,0,0,0,0,0,0,,0,义乌市亿芭电子商务商行,商家向消费者小额打款-“其他”
2026-04-20 08:18:23,'2026042008181617706849374795,出账,2,聚合账户,小额打款,,'6952172988477805765,'6952172988477805765,,,,,,,普通订单,0,0,0,0,0,0,0,0,0,0,0,0,0,0,0,0,0,0,0,,0,义乌市亿芭电子商务商行,商家向消费者小额打款-“其他”
2026-04-20 08:19:56,'2026042008195102938150824795,出账,1,聚合账户,小额打款,,'6952097100799154120,'6952097100799154120,,,,,,,普通订单,0,0,0,0,0,0,0,0,0,0,0,0,0,0,0,0,0,0,0,,0,义乌市亿芭电子商务商行,商家向消费者小额打款-“其他”
2026-04-20 08:20:50,'2026042008204412639281164795,出账,2,聚合账户,小额打款,,'6952105277190444435,'6952105277190444435,,,,,,,普通订单,0,0,0,0,0,0,0,0,0,0,0,0,0,0,0,0,0,0,0,,0,义乌市亿芭电子商务商行,商家向消费者小额打款-“其他”
2026-04-20 08:39:18,'2026042008391418343693264795,出账,2,聚合账户,小额打款,,'6925587527229406843,'6925587527229406843,,,,,,,普通订单,0,0,0,0,0,0,0,0,0,0,0,0,0,0,0,0,0,0,0,,0,义乌市亿芭电子商务商行,商家向消费者小额打款-“其他”
2026-04-20 08:51:08,'2026042008510230208827284795,出账,2,聚合账户,小额打款,,'6925656044568149331,'6925656044568149331,,,,,,,普通订单,0,0,0,0,0,0,0,0,0,0,0,0,0,0,0,0,0,0,0,,0,义乌市亿芭电子商务商行,商家向消费者小额打款-“其他”
2026-04-20 09:01:50,'2026042009014428250485954795,出账,2,聚合账户,小额打款,,'6925664432746167728,'6925664432746167728,,,,,,,普通订单,0,0,0,0,0,0,0,0,0,0,0,0,0,0,0,0,0,0,0,,0,义乌市亿芭电子商务商行,商家向消费者小额打款-“其他”
2026-04-20 09:02:38,'2026042009023328311718864795,出账,2,聚合账户,小额打款,,'6925633878349741902,'6925633878349741902,,,,,,,普通订单,0,0,0,0,0,0,0,0,0,0,0,0,0,0,0,0,0,0,0,,0,义乌市亿芭电子商务商行,商家向消费者小额打款-“其他”
2026-04-20 09:08:49,'2026042009084401616120424795,出账,1,聚合账户,小额打款,,'6952166359307523623,'6952166359307523623,,,,,,,普通订单,0,0,0,0,0,0,0,0,0,0,0,0,0,0,0,0,0,0,0,,0,义乌市亿芭电子商务商行,商家向消费者小额打款-“其他”
2026-04-20 09:09:07,'2026042009090039393697624795,出账,2,聚合账户,小额打款,,'6951762001122432607,'6951762001122432607,,,,,,,普通订单,0,0,0,0,0,0,0,0,0,0,0,0,0,0,0,0,0,0,0,,0,义乌市亿芭电子商务商行,商家向消费者小额打款-“其他”
2026-04-20 09:22:44,'2026042009224000924062724795,入账,0.01,聚合账户,退款-订单退款触发-退分账,小店自卖,'6951813442774111736,'6951813442774111736,'147450685014755676,2026-04-05 07:23:57,'3790879461549932720,韩系ins风高马尾香蕉夹竖夹女2025新款高级感发夹简约秋冬发饰,,,普通订单,0,0,0,0,0,0,0,0,0,0,0,0,0.01,0,0,0,0,0,0,,0,义乌市亿芭电子商务商行,服务费返还
2026-04-20 09:22:44,'2026042009224013981455714795,出账,2,聚合账户,退款-结算后退款-退用户,小店自卖,'6951813442774111736,'6951813442774111736,'147450685014755676,2026-04-05 07:23:57,'3790879461549932720,韩系ins风高马尾香蕉夹竖夹女2025新款高级感发夹简约秋冬发饰,,,普通订单,0,0,0,0,0,0,0,0,0,0,0,-2,0,0,0,0,0,0,0,,0,义乌市亿芭电子商务商行,已退款
2026-04-20 09:23:53,'2026042009234714080248724795,出账,1,聚合账户,小额打款,,'6952132925944567128,'6952132925944567128,,,,,,,普通订单,0,0,0,0,0,0,0,0,0,0,0,0,0,0,0,0,0,0,0,,0,义乌市亿芭电子商务商行,商家向消费者小额打款-“其他”
2026-04-20 09:33:11,'2026042009330822616806754795,出账,1,聚合账户,小额打款,,'6925670257148984572,'6925670257148984572,,,,,,,普通订单,0,0,0,0,0,0,0,0,0,0,0,0,0,0,0,0,0,0,0,,0,义乌市亿芭电子商务商行,商家向消费者小额打款-“其他”
2026-04-20 09:34:38,'2026042009343432506885554795,入账,12.61,聚合账户,货款结算入账,小店自卖,'6952067334688413444,'6952067334688413444,'SS76295572570381030500174,2026-04-14 09:13:44,'3760466312694989527,2025年新款女孩发饰刘海侧边夹女儿童发夹可爱夹子头饰网红发卡,,,普通订单,12.69,0,0,0,0,0,0,0,0,0,0,0,-0.08,0,0,0,0,0,0,是-商品卡免佣,0.59,义乌市亿芭电子商务商行,订单结算
2026-04-20 09:34:38,'2026042009343504198735774795,入账,1.95,聚合账户,货款结算入账,小店自卖,'6925479078353141064,'6925479078353141064,'SS76295945809166344140054,2026-04-10 05:16:54,'3763619647727992972,2025抓夹高级感珠珠水钻发夹女夏天简约随手盘发一字扭扭夹网红,,,普通订单,1.96,0,0,0,0,0,0,0,0,0,0,0,-0.01,0,0,0,0,0,0,是-商品卡免佣,0.07,义乌市亿芭电子商务商行,订单结算
2026-04-20 09:34:38,'2026042009343535071104064795,入账,2.63,聚合账户,货款结算入账,小店自卖,'6925610116253842517,'6925610116253842517,'SS76296983313331819620238,2026-04-15 09:16:12,'3763619647727992972,2025抓夹高级感珠珠水钻发夹女夏天简约随手盘发一字扭扭夹网红,,,普通订单,2.65,0,0,0,0,0,0,0,0,0,0,0,-0.02,0,0,0,0,0,0,是-商品卡免佣,0.15,义乌市亿芭电子商务商行,订单结算
2026-04-20 09:34:38,'2026042009343436240924354795,入账,1.95,聚合账户,货款结算入账,小店自卖,'6951940959403578589,'6951940959403578589,'SS76295945892310715230213,2026-04-10 02:31:58,'3763619647727992972,2025抓夹高级感珠珠水钻发夹女夏天简约随手盘发一字扭扭夹网红,,,普通订单,1.96,0,0,0,0,0,0,0,0,0,0,0,-0.01,0,0,0,0,0,0,是-商品卡免佣,0.07,义乌市亿芭电子商务商行,订单结算
2026-04-20 09:34:38,'2026042009343420432166944795,入账,1.89,聚合账户,货款结算入账,小店自卖,'6925476756142259436,'6925476756142259436,'SS76295935365035668940082,2026-04-10 03:46:47,'3765831620368662534,夏天简约随手盘发一字扭扭夹水钻抓夹高级发夹扭扭后脑勺盘发器,,,普通订单,1.9,0,0,0,0,0,0,0,0,0,0,0,-0.01,0,0,0,0,0,0,是-商品卡免佣,0.07,义乌市亿芭电子商务商行,订单结算
2026-04-20 09:34:51,'2026042009344730753103774795,入账,3.41,聚合账户,货款结算入账,小店自卖,'6925340590922431766,'6925340590922431766,'SS76295543229054858510199,2026-04-04 18:27:59,'3753913172080329035,蝴蝶结发带女2026新款飘带头绳大肠发圈高级感扎头发皮筋大圈头绳,,,普通订单,1.43,0.45,0,2,0,0,0,0,0,0,0,0,-0.02,0,0,0,0,0,0,是-商品卡免佣,0.15,义乌市亿芭电子商务商行,订单结算
2026-04-20 09:34:51,'2026042009344838210483564795,入账,2.84,聚合账户,货款结算入账,小店自卖,'6952091605269681892,'6952091605269681892,'SS76295531400437926660131,2026-04-15 15:03:03,'3810906537459843410,森系干枯山茶花朵7cm小抓夹 百搭气质发夹女后脑勺超仙鲨夹发饰品,,,普通订单,0.01,0,0,2.85,0,0,0,0,0,0,0,0,-0.02,0,0,0,0,0,0,是-商品卡免佣,0.15,义乌市亿芭电子商务商行,订单结算
2026-04-20 09:34:51,'2026042009344736919751874795,入账,2.13,聚合账户,货款结算入账,小店自卖,'6952100681848001668,'6952100681848001668,'SS76296836511522496090047,2026-04-15 16:41:36,'3779196149903261966,复古豹纹大号发夹女发卡高级感盘发鲨鱼夹气质后脑勺发抓夹子头饰,,,普通订单,0.17,0,0,2.07,0,0,0,0,0,0,0,0,-0.11,0,0,0,0,0,0,,0,义乌市亿芭电子商务商行,订单结算
2026-04-20 09:34:51,'2026042009344906795433374795,入账,1.9,聚合账户,货款结算入账,小店自卖,'6925581037205225434,'6925581037205225434,'SS76297182285888763030066,2026-04-14 10:57:22,'3790879461549932720,韩系ins风高马尾香蕉夹竖夹女2025新款高级感发夹简约秋冬发饰,,,普通订单,0.01,0,0,1.99,0,0,0,0,0,0,0,0,-0.1,0,0,0,0,0,0,,0,义乌市亿芭电子商务商行,订单结算
2026-04-20 09:34:51,'2026042009344807282734444795,入账,1.99,聚合账户,货款结算入账,小店自卖,'6951936436239144423,'6951936436239144423,'SS76295729083103688110014,2026-04-10 00:30:30,'3790879461549932720,韩系ins风高马尾香蕉夹竖夹女2025新款高级感发夹简约秋冬发饰,,,普通订单,0.01,0,0,1.99,0,0,0,0,0,0,0,0,-0.01,0,0,0,0,0,0,是-商品卡免佣,0.07,义乌市亿芭电子商务商行,订单结算
2026-04-20 09:34:52,'2026042009344829750769064795,入账,3.96,聚合账户,货款结算入账,小店自卖,'6952069103831947071,'6952069103831947071,'SS76297568826722066020200,2026-04-15 07:42:33,'3790879461549932720,韩系ins风高马尾香蕉夹竖夹女2025新款高级感发夹简约秋冬发饰,,,普通订单,1.98,0,0,2,0,0,0,0,0,0,0,0,-0.02,0,0,0,0,0,0,是-商品卡免佣,0.15,义乌市亿芭电子商务商行,订单结算
2026-04-20 09:34:52,'2026042009344940283878834795,入账,3.64,聚合账户,货款结算入账,小店自卖,'6952038651090245490,'6952038651090245490,'SS76295348177765010110142,2026-04-13 00:53:52,'3787169552576676059,虞书欣同款发扣新款圈小触角发扣金属银色圆形刘海夹脏辫发卡头饰,,,普通订单,3.66,0,0,0,0,0,0,0,0,0,0,0,-0.02,0,0,0,0,0,0,是-商品卡免佣,0.15,义乌市亿芭电子商务商行,订单结算
2026-04-20 09:34:52,'2026042009344926730995564795,入账,1.99,聚合账户,货款结算入账,小店自卖,'6952074270388131111,'6952074270388131111,'SS76297161948655296510127,2026-04-14 14:21:30,'3807565600545439967,复古豹纹波点褶皱香蕉夹后脑勺显发量横夹发卡高级感马尾扭扭竖夹,,,普通订单,0.01,0,0,1.99,0,0,0,0,0,0,0,0,-0.01,0,0,0,0,0,0,是-商品卡免佣,0.07,义乌市亿芭电子商务商行,订单结算
2026-04-20 09:34:52,'2026042009344728995258944795,入账,1.99,聚合账户,货款结算入账,小店自卖,'6925349058165439596,'6925349058165439596,'SS76295822800467402670038,2026-04-04 16:09:03,'3790879461549932720,韩系ins风高马尾香蕉夹竖夹女2025新款高级感发夹简约秋冬发饰,,,普通订单,0.01,0,0,1.99,0,0,0,0,0,0,0,0,-0.01,0,0,0,0,0,0,是-商品卡免佣,0.07,义乌市亿芭电子商务商行,订单结算
2026-04-20 09:34:52,'2026042009344935695867244795,入账,1.99,聚合账户,货款结算入账,小店自卖,'6925606614285778310,'6925606614285778310,'SS76296092652001861500198,2026-04-15 04:55:16,'3790879461549932720,韩系ins风高马尾香蕉夹竖夹女2025新款高级感发夹简约秋冬发饰,,,普通订单,0.01,0,0,1.99,0,0,0,0,0,0,0,0,-0.01,0,0,0,0,0,0,是-商品卡免佣,0.07,义乌市亿芭电子商务商行,订单结算
2026-04-20 09:34:56,'2026042009345226730499084795,出账,2,聚合账户,小额打款,,'6952164196653602670,'6952164196653602670,,,,,,,普通订单,0,0,0,0,0,0,0,0,0,0,0,0,0,0,0,0,0,0,0,,0,义乌市亿芭电子商务商行,商家向消费者小额打款-“其他”
2026-04-20 09:35:09,'2026042009350601975262784795,入账,6.89,聚合账户,货款结算入账,小店自卖,'6925643408836427432,'6925643408836427432,'SS76295576150273395290101,2026-04-16 14:03:54,'3779913033489449864,短发半扎发饰过渡期神器一字弹簧夹2025新款简约后脑勺发夹头饰女,,,普通订单,6.93,0,0,0,0,0,0,0,0,0,0,0,-0.04,0,0,0,0,0,0,是-商品卡免佣,0.29,义乌市亿芭电子商务商行,订单结算
2026-04-20 09:35:09,'2026042009350602618496344795,入账,3.18,聚合账户,货款结算入账,小店自卖,'6952088680114558882,'6952088680114558882,'SS76296575886908300800223,2026-04-14 23:21:33,'3790879461549932720,韩系ins风高马尾香蕉夹竖夹女2025新款高级感发夹简约秋冬发饰,,,普通订单,3.2,0,0,0,0,0,0,0,0,0,0,0,-0.02,0,0,0,0,0,0,是-商品卡免佣,0.15,义乌市亿芭电子商务商行,订单结算
2026-04-20 09:35:09,'2026042009350606544758114795,入账,5.11,聚合账户,货款结算入账,小店自卖,'6952086361904125255,'6952086361904125255,'SS76294270884956736410134,2026-04-15 03:08:20,'3787169552576676059,虞书欣同款发扣新款圈小触角发扣金属银色圆形刘海夹脏辫发卡头饰,,,普通订单,5.38,0,0,0,0,0,0,0,0,0,0,0,-0.27,0,0,0,0,0,0,,0,义乌市亿芭电子商务商行,订单结算
2026-04-20 09:35:09,'2026042009350514095529364795,入账,3.8,聚合账户,货款结算入账,小店自卖,'6951694861480432677,'6951694861480432677,'SS76270085089210539790099,2026-03-30 19:55:09,'3786805332924301634,KT刘海猫贴儿童碎发布料可爱魔术贴宝宝不伤发神器小女孩发量少,,,普通订单,3.82,0,0,0,0,0,0,0,0,0,0,0,-0.02,0,0,0,0,0,0,是-商品卡免佣,0.15,义乌市亿芭电子商务商行,订单结算
2026-04-20 09:35:09,'2026042009350535071756804795,入账,0.97,聚合账户,货款结算入账,小店自卖,'6951588715513583123,'6951588715513583123,'SS76296205696605435300124,2026-03-26 13:54:44,'3769170682555007229,可爱米奇蝴蝶结黑色大号抓夹女2025新款后脑勺发夹气质鲨鱼夹子,,,普通订单,0.01,0,0,0,0,0,0,0,0,0.97,0,0,-0.01,0,0,0,0,0,0,是-商品卡免佣,0.07,义乌市亿芭电子商务商行,订单结算
2026-04-20 09:35:10,'2026042009350809648870914795,入账,5.62,聚合账户,货款结算入账,小店自卖,'6952091477282133918,'6952091477282133918,'SS76296620697631135150010,2026-04-15 14:43:57,'3753913172080329035,蝴蝶结发带女2026新款飘带头绳大肠发圈高级感扎头发皮筋大圈头绳,,,普通订单,5.65,0,0,0,0,0,0,0,0,0,0,0,-0.03,0,0,0,0,0,0,是-商品卡免佣,0.22,义乌市亿芭电子商务商行,订单结算
2026-04-20 09:35:10,'2026042009350703927414024795,入账,6.04,聚合账户,货款结算入账,小店自卖,'6951822409666467515,'6951822409666467515,'SS76295834248289695220200,2026-04-05 00:02:04,'3765831620368662534,夏天简约随手盘发一字扭扭夹水钻抓夹高级发夹扭扭后脑勺盘发器,,,普通订单,6.08,0,0,0,0,0,0,0,0,0,0,0,-0.04,0,0,0,0,0,0,是-商品卡免佣,0.29,义乌市亿芭电子商务商行,订单结算
2026-04-20 09:35:10,'2026042009350701302369544795,入账,8,聚合账户,货款结算入账,小店自卖,'6951791495833916882,'6951791495833916882,'SS76269909280829120520065,2026-04-03 09:58:00,'3747461959201718665,设计款波浪珍珠撞色抓夹大号发夹女2025高级感后脑勺高颅顶抓夹,,,普通订单,8.05,0,0,0,0,0,0,0,0,0,0,0,-0.05,0,0,0,0,0,0,是-商品卡免佣,0.37,义乌市亿芭电子商务商行,订单结算
2026-04-20 09:35:10,'2026042009350721438674014795,入账,4.32,聚合账户,货款结算入账,小店自卖,'6952082531544208417,'6952082531544208417,'SS76295713749060531460008,2026-04-15 13:50:45,'3753913172080329035,蝴蝶结发带女2026新款飘带头绳大肠发圈高级感扎头发皮筋大圈头绳,,,普通订单,4.35,0,0,0,0,0,0,0,0,0,0,0,-0.03,0,0,0,0,0,0,是-商品卡免佣,0.22,义乌市亿芭电子商务商行,订单结算
2026-04-20 09:35:10,'2026042009350704706473464795,入账,3.96,聚合账户,货款结算入账,小店自卖,'6951952012351117258,'6951952012351117258,'SS76296146687133616730056,2026-04-10 03:01:08,'3775109456325640554,简约气质宽边绒面发箍女2025新款春秋束发头箍显脸小防滑发捆头饰,,,普通订单,3.98,0,0,0,0,0,0,0,0,0,0,0,-0.02,0,0,0,0,0,0,是-商品卡免佣,0.15,义乌市亿芭电子商务商行,订单结算
2026-04-20 09:35:25,'2026042009352235213314994795,入账,5.62,聚合账户,货款结算入账,小店自卖,'6951683737360274902,'6951683737360274902,'SS76295505302683814940028,2026-03-30 18:17:21,'3753913172080329035,蝴蝶结发带女2026新款飘带头绳大肠发圈高级感扎头发皮筋大圈头绳,,,普通订单,5.65,0,0,0,0,0,0,0,0,0,0,0,-0.03,0,0,0,0,0,0,是-商品卡免佣,0.22,义乌市亿芭电子商务商行,订单结算
2026-04-20 09:35:25,'2026042009352138979507624795,入账,1.95,聚合账户,货款结算入账,小店自卖,'6925370497993964754,'6925370497993964754,'SS76270665288168579060244,2026-04-05 16:52:14,'3763619647727992972,2025抓夹高级感珠珠水钻发夹女夏天简约随手盘发一字扭扭夹网红,,,普通订单,1.96,0,0,0,0,0,0,0,0,0,0,0,-0.01,0,0,0,0,0,0,是-商品卡免佣,0.07,义乌市亿芭电子商务商行,订单结算
2026-04-20 09:35:25,'2026042009352110918955714795,入账,3.96,聚合账户,货款结算入账,小店自卖,'6925480674495200374,'6925480674495200374,'SS76295729169383923580217,2026-04-10 00:57:56,'3790879461549932720,韩系ins风高马尾香蕉夹竖夹女2025新款高级感发夹简约秋冬发饰,,,普通订单,3.98,0,0,0,0,0,0,0,0,0,0,0,-0.02,0,0,0,0,0,0,是-商品卡免佣,0.15,义乌市亿芭电子商务商行,订单结算
2026-04-20 09:35:25,'2026042009352223406190494795,入账,5.87,聚合账户,货款结算入账,小店自卖,'6925474950958054548,'6925474950958054548,'SS76295521819049702810230,2026-04-10 05:33:12,'3797889962804904185,2026防滑新款秋冬高级感百搭齿发箍女高颅顶时尚复古头箍发卡发饰,,,普通订单,5.91,0,0,0,0,0,0,0,0,0,0,0,-0.04,0,0,0,0,0,0,是-商品卡免佣,0.29,义乌市亿芭电子商务商行,订单结算
2026-04-20 09:35:25,'2026042009352222402670714795,入账,5.67,聚合账户,货款结算入账,小店自卖,'6951827725533321141,'6951827725533321141,'SS76295539605505646590191,2026-04-05 14:50:57,'3779913033489449864,短发半扎发饰过渡期神器一字弹簧夹2025新款简约后脑勺发夹头饰女,,,普通订单,5.7,0.3,0,0,0,0,0,0,0,0,0,0,-0.03,0,0,0,0,0,0,是-商品卡免佣,0.22,义乌市亿芭电子商务商行,订单结算
2026-04-20 09:35:41,'2026042009353825504320544795,入账,0.99,聚合账户,货款结算入账,小店自卖,'6925673616317120263,'6925673616317120263,'SS76296129858492667300169,2026-04-17 14:32:44,'3790879461549932720,韩系ins风高马尾香蕉夹竖夹女2025新款高级感发夹简约秋冬发饰,,,普通订单,3.2,0,0,0,0,0,0,0,0,0,0,-2.2,-0.01,0,0,0,0,0,0,是-商品卡免佣,0.07,义乌市亿芭电子商务商行,订单结算
2026-04-20 09:35:41,'2026042009353730211443564795,入账,1.99,聚合账户,货款结算入账,小店自卖,'6951830929794799237,'6951830929794799237,'SS76295246563119434240151,2026-04-04 18:04:19,'3790879461549932720,韩系ins风高马尾香蕉夹竖夹女2025新款高级感发夹简约秋冬发饰,,,普通订单,2,0,0,0,0,0,0,0,0,0,0,0,-0.01,0,0,0,0,0,0,是-商品卡免佣,0.07,义乌市亿芭电子商务商行,订单结算
2026-04-20 09:35:41,'2026042009353709031355074795,入账,1.99,聚合账户,货款结算入账,小店自卖,'6925580354767256647,'6925580354767256647,'SS76295751166830679130071,2026-04-14 01:32:26,'3790879461549932720,韩系ins风高马尾香蕉夹竖夹女2025新款高级感发夹简约秋冬发饰,,,普通订单,0.01,0,0,1.99,0,0,0,0,0,0,0,0,-0.01,0,0,0,0,0,0,是-商品卡免佣,0.07,义乌市亿芭电子商务商行,订单结算
2026-04-20 09:35:41,'2026042009353823205975674795,入账,1.99,聚合账户,货款结算入账,小店自卖,'6952075372402316815,'6952075372402316815,'SS76297007404577426270125,2026-04-15 07:45:49,'3790879461549932720,韩系ins风高马尾香蕉夹竖夹女2025新款高级感发夹简约秋冬发饰,,,普通订单,0.01,0,0,1.99,0,0,0,0,0,0,0,0,-0.01,0,0,0,0,0,0,是-商品卡免佣,0.07,义乌市亿芭电子商务商行,订单结算
2026-04-20 09:35:41,'2026042009353726913224104795,入账,1.99,聚合账户,货款结算入账,小店自卖,'6952077296673625254,'6952077296673625254,'SS76296327123283973620205,2026-04-14 21:22:57,'3790879461549932720,韩系ins风高马尾香蕉夹竖夹女2025新款高级感发夹简约秋冬发饰,,,普通订单,0.01,0,0,1.99,0,0,0,0,0,0,0,0,-0.01,0,0,0,0,0,0,是-商品卡免佣,0.07,义乌市亿芭电子商务商行,订单结算
2026-04-20 09:35:54,'2026042009355125922117754795,入账,2.26,聚合账户,货款结算入账,小店自卖,'6952111842765968865,'6952111842765968865,'SS76296602935824061590235,2026-04-15 18:44:52,'3768046311673299111,秋冬海绵洗脸发箍女碎发整理神器宽边防滑头箍外出百搭发卡子头饰,,,普通订单,1.67,0,0,0.71,0,0,0,0,0,0,0,0,-0.12,0,0,0,0,0,0,,0,义乌市亿芭电子商务商行,订单结算
2026-04-20 09:35:54,'2026042009355017838415784795,入账,3.34,聚合账户,货款结算入账,小店自卖,'6925482922839014607,'6925482922839014607,'SS76296001214031634070070,2026-04-10 00:28:55,'3797889962804904185,2026防滑新款秋冬高级感百搭齿发箍女高颅顶时尚复古头箍发卡发饰,,,普通订单,0.52,0,0,3,0,0,0,0,0,0,0,0,-0.18,0,0,0,0,0,0,,0,义乌市亿芭电子商务商行,订单结算
2026-04-20 09:35:54,'2026042009355102779062184795,入账,1.99,聚合账户,货款结算入账,小店自卖,'6925606108521398197,'6925606108521398197,'SS76297115939574746120034,2026-04-14 22:07:10,'3790879461549932720,韩系ins风高马尾香蕉夹竖夹女2025新款高级感发夹简约秋冬发饰,,,普通订单,0.01,0,0,1.99,0,0,0,0,0,0,0,0,-0.01,0,0,0,0,0,0,是-商品卡免佣,0.07,义乌市亿芭电子商务商行,订单结算
2026-04-20 09:35:54,'2026042009355128398067614795,入账,3.18,聚合账户,货款结算入账,小店自卖,'6925586275684940906,'6925586275684940906,'SS76297041518488786020220,2026-04-14 10:37:37,'3790879461549932720,韩系ins风高马尾香蕉夹竖夹女2025新款高级感发夹简约秋冬发饰,,,普通订单,2.8,0,0,0.4,0,0,0,0,0,0,0,0,-0.02,0,0,0,0,0,0,是-商品卡免佣,0.15,义乌市亿芭电子商务商行,订单结算
2026-04-20 09:35:54,'2026042009355109072648314795,入账,3.41,聚合账户,货款结算入账,小店自卖,'6952077130794800627,'6952077130794800627,'SS76296593910295928670069,2026-04-14 20:02:27,'3763619647727992972,2025抓夹高级感珠珠水钻发夹女夏天简约随手盘发一字扭扭夹网红,,,普通订单,0.01,0,0,3.58,0,0,0,0,0,0,0,0,-0.18,0,0,0,0,0,0,,0,义乌市亿芭电子商务商行,订单结算
2026-04-20 09:36:30,'2026042009362809985236484795,入账,3.96,聚合账户,货款结算入账,小店自卖,'6951956274964403615,'6951956274964403615,'SS76295729213470804750070,2026-04-10 01:58:28,'3790879461549932720,韩系ins风高马尾香蕉夹竖夹女2025新款高级感发夹简约秋冬发饰,,,普通订单,0.01,0,0,3.97,0,0,0,0,0,0,0,0,-0.02,0,0,0,0,0,0,是-商品卡免佣,0.15,义乌市亿芭电子商务商行,订单结算
2026-04-20 09:36:30,'2026042009362634735232194795,入账,3.96,聚合账户,货款结算入账,小店自卖,'6925613796325031809,'6925613796325031809,'SS76296630338491356670039,2026-04-15 18:43:44,'3790879461549932720,韩系ins风高马尾香蕉夹竖夹女2025新款高级感发夹简约秋冬发饰,,,普通订单,3.98,0,0,0,0,0,0,0,0,0,0,0,-0.02,0,0,0,0,0,0,是-商品卡免佣,0.15,义乌市亿芭电子商务商行,订单结算
2026-04-20 09:36:30,'2026042009362800258258464795,入账,3.18,聚合账户,货款结算入账,小店自卖,'6925480711656406545,'6925480711656406545,'SS76295729312024496980110,2026-04-10 03:07:15,'3790879461549932720,韩系ins风高马尾香蕉夹竖夹女2025新款高级感发夹简约秋冬发饰,,,普通订单,3.2,0,0,0,0,0,0,0,0,0,0,0,-0.02,0,0,0,0,0,0,是-商品卡免佣,0.15,义乌市亿芭电子商务商行,订单结算
2026-04-20 09:36:30,'2026042009362711605286554795,入账,1.99,聚合账户,货款结算入账,小店自卖,'6951556972862641375,'6951556972862641375,'SS76296081097108362590145,2026-03-26 00:31:38,'3790879461549932720,韩系ins风高马尾香蕉夹竖夹女2025新款高级感发夹简约秋冬发饰,,,普通订单,0.01,0,0,1.99,0,0,0,0,0,0,0,0,-0.01,0,0,0,0,0,0,是-商品卡免佣,0.07,义乌市亿芭电子商务商行,订单结算
2026-04-20 09:37:10,'2026042009370705423931304795,入账,3.96,聚合账户,货款结算入账,小店自卖,'6951806643783800691,'6951806643783800691,'SS76295272301104215550072,2026-04-04 20:28:15,'3790879461549932720,韩系ins风高马尾香蕉夹竖夹女2025新款高级感发夹简约秋冬发饰,,,普通订单,3.98,0,0,0,0,0,0,0,0,0,0,0,-0.02,0,0,0,0,0,0,是-商品卡免佣,0.15,义乌市亿芭电子商务商行,订单结算
2026-04-20 09:37:10,'2026042009370705968901534795,入账,3.55,聚合账户,货款结算入账,小店自卖,'6925582690238693030,'6925582690238693030,'SS76297296660895009430218,2026-04-14 05:01:35,'3762857552925294890,夏天简约盘发一字扭扭夹25新款抓夹高级感珠珠水钻发夹后脑勺鸭嘴,,,普通订单,3.57,0,0,0,0,0,0,0,0,0,0,0,-0.02,0,0,0,0,0,0,是-商品卡免佣,0.15,义乌市亿芭电子商务商行,订单结算
2026-04-20 09:37:10,'2026042009370707495562874795,入账,3.77,聚合账户,货款结算入账,小店自卖,'6925647863504731815,'6925647863504731815,'SS76296461894262950490141,2026-04-16 15:18:10,'3740185316129112344,丝绒珠珠波浪发高颅秋冬新款防滑发卡高级洗脸整理碎发头箍发箍,,,普通订单,3.79,0,0,0,0,0,0,0,0,0,0,0,-0.02,0,0,0,0,0,0,是-商品卡免佣,0.15,义乌市亿芭电子商务商行,订单结算
2026-04-20 09:37:10,'2026042009370702867738014795,入账,3.18,聚合账户,货款结算入账,小店自卖,'6951940947766220448,'6951940947766220448,'SS76295729254697044670197,2026-04-10 01:05:29,'3790879461549932720,韩系ins风高马尾香蕉夹竖夹女2025新款高级感发夹简约秋冬发饰,,,普通订单,3.2,0,0,0,0,0,0,0,0,0,0,0,-0.02,0,0,0,0,0,0,是-商品卡免佣,0.15,义乌市亿芭电子商务商行,订单结算
2026-04-20 09:37:10,'2026042009370728271091614795,入账,3.79,聚合账户,货款结算入账,小店自卖,'6925590997913075319,'6925590997913075319,'SS76296451666488079760093,2026-04-14 10:06:42,'3806088859851293352,韩系波点蝴蝶结抓夹女满天星赫本风马尾夹鲨鱼夹半扎发夹气质发饰,,,普通订单,3.81,0,0,0,0,0,0,0,0,0,0,0,-0.02,0,0,0,0,0,0,是-商品卡免佣,0.15,义乌市亿芭电子商务商行,订单结算
2026-04-20 09:37:53,'2026042009374921965092034795,入账,3.96,聚合账户,货款结算入账,小店自卖,'6925631749283085986,'6925631749283085986,'SS76296644309065244540108,2026-04-15 19:48:59,'3790879461549932720,韩系ins风高马尾香蕉夹竖夹女2025新款高级感发夹简约秋冬发饰,,,普通订单,3.98,0,0,0,0,0,0,0,0,0,0,0,-0.02,0,0,0,0,0,0,是-商品卡免佣,0.15,义乌市亿芭电子商务商行,订单结算
2026-04-20 09:37:53,'2026042009375117911199154795,入账,4.54,聚合账户,货款结算入账,小店自卖,'6925615886138309883,'6925615886138309883,'SS76296914206823716220230,2026-04-15 21:36:06,'3753206308384407867,新款韩系发饰山茶花公主头抓夹女发夹刘海小巧精致小号发卡迷发夹,,,普通订单,4.57,0.55,0,0,0,0,0,0,0,0,0,0,-0.03,0,0,0,0,0,0,是-商品卡免佣,0.22,义乌市亿芭电子商务商行,订单结算
2026-04-20 09:37:53,'2026042009375031766618144795,入账,4.37,聚合账户,货款结算入账,小店自卖,'6925589625174064922,'6925589625174064922,'SS76297148543826826600065,2026-04-14 16:18:40,'3808657641228599299,2026新款简约珍珠大肠发圈女扎头发优雅头绳橡皮筋高颜值发圈发绳,,,普通订单,4.4,0,0,0,0,0,0,0,0,0,0,0,-0.03,0,0,0,0,0,0,是-商品卡免佣,0.22,义乌市亿芭电子商务商行,订单结算
2026-04-20 09:37:53,'2026042009375023535296414795,入账,3.18,聚合账户,货款结算入账,小店自卖,'6925354756536630944,'6925354756536630944,'SS76295278232379891740207,2026-04-04 23:28:31,'3790879461549932720,韩系ins风高马尾香蕉夹竖夹女2025新款高级感发夹简约秋冬发饰,,,普通订单,3.2,0,0,0,0,0,0,0,0,0,0,0,-0.02,0,0,0,0,0,0,是-商品卡免佣,0.15,义乌市亿芭电子商务商行,订单结算
2026-04-20 09:37:53,'2026042009375029325724504795,入账,3.41,聚合账户,货款结算入账,小店自卖,'6952094381684626553,'6952094381684626553,'SS76296843570003195300031,2026-04-15 20:12:40,'3774738263684808985,香蕉夹竖夹马尾发夹女2025新款气质蝴蝶结后脑勺发卡简约抓夹发饰,,,普通订单,3.43,0,0,0,0,0,0,0,0,0,0,0,-0.02,0,0,0,0,0,0,是-商品卡免佣,0.15,义乌市亿芭电子商务商行,订单结算
2026-04-20 09:38:09,'2026042009380629953438724795,入账,1.99,聚合账户,货款结算入账,小店自卖,'6952068920310043860,'6952068920310043860,'SS76295978628334722910246,2026-04-15 01:50:06,'3790879461549932720,韩系ins风高马尾香蕉夹竖夹女2025新款高级感发夹简约秋冬发饰,,,普通订单,2,0,0,0,0,0,0,0,0,0,0,0,-0.01,0,0,0,0,0,0,是-商品卡免佣,0.07,义乌市亿芭电子商务商行,订单结算
2026-04-20 09:38:09,'2026042009380633615060904795,入账,1.65,聚合账户,货款结算入账,小店自卖,'6925592905148366560,'6925592905148366560,'SS76295984127671012180047,2026-04-14 22:58:20,'3764318166252126313,夏季发箍混搭小清新女压发箍海绵珍珠头箍发卡发捆公主头饰小碎花,,,普通订单,1.66,0,0,0,0,0,0,0,0,0,0,0,-0.01,0,0,0,0,0,0,是-商品卡免佣,0.07,义乌市亿芭电子商务商行,订单结算
2026-04-20 09:38:09,'2026042009380704422049644795,入账,7.29,聚合账户,货款结算入账,小店自卖,'6925588464016784998,'6925588464016784998,'SS76296978103383662340155,2026-04-14 08:23:49,'3679386231617225114,迷你花朵小抓夹合金水钻小号抓夹侧边刘海前额碎发卡子山茶花抓夹,,,普通订单,7.33,0,0,0,0,0,0,0,0,0,0,0,-0.04,0,0,0,0,0,0,是-商品卡免佣,0.29,义乌市亿芭电子商务商行,订单结算
2026-04-20 09:38:09,'2026042009380606180050074795,入账,6.89,聚合账户,货款结算入账,小店自卖,'6952101829068330131,'6952101829068330131,'SS76296740250860588040236,2026-04-16 09:12:58,'3779913033489449864,短发半扎发饰过渡期神器一字弹簧夹2025新款简约后脑勺发夹头饰女,,,普通订单,6.93,0,0,0,0,0,0,0,0,0,0,0,-0.04,0,0,0,0,0,0,是-商品卡免佣,0.29,义乌市亿芭电子商务商行,订单结算
2026-04-20 09:38:09,'2026042009380702479887784795,入账,3.38,聚合账户,货款结算入账,小店自卖,'6925617692007431700,'6925617692007431700,'SS76297187224387630460036,2026-04-15 18:48:54,'3779913033489449864,短发半扎发饰过渡期神器一字弹簧夹2025新款简约后脑勺发夹头饰女,,,普通订单,3.4,0,0,0,0,0,0,0,0,0,0,0,-0.02,0,0,0,0,0,0,是-商品卡免佣,0.15,义乌市亿芭电子商务商行,订单结算
2026-04-20 09:38:33,'2026042009383106506788204795,入账,1.99,聚合账户,货款结算入账,小店自卖,'6925647642854260275,'6925647642854260275,'SS76297382185228377870195,2026-04-16 13:14:43,'3790879461549932720,韩系ins风高马尾香蕉夹竖夹女2025新款高级感发夹简约秋冬发饰,,,普通订单,2,0,0,0,0,0,0,0,0,0,0,0,-0.01,0,0,0,0,0,0,是-商品卡免佣,0.07,义乌市亿芭电子商务商行,订单结算
2026-04-20 09:38:33,'2026042009383026180815424795,入账,1.95,聚合账户,货款结算入账,小店自卖,'6925574116812554042,'6925574116812554042,'SS76295447432694832640086,2026-04-14 07:19:42,'3765831620368662534,夏天简约随手盘发一字扭扭夹水钻抓夹高级发夹扭扭后脑勺盘发器,,,普通订单,1.96,0,0,0,0,0,0,0,0,0,0,0,-0.01,0,0,0,0,0,0,是-商品卡免佣,0.07,义乌市亿芭电子商务商行,订单结算
2026-04-20 09:38:33,'2026042009383114732989874795,入账,4.85,聚合账户,货款结算入账,小店自卖,'6925342062596816170,'6925342062596816170,'SS76295991246409610500244,2026-04-04 11:36:07,'3750394704747954259,高级复古孔雀发夹后脑勺2025新款盘发懒人扭扭丸子夹水钻一字夹,,,普通订单,4.88,1.1,0,0,0,0,0,0,0,0,0,0,-0.03,0,0,0,0,0,0,是-商品卡免佣,0.22,义乌市亿芭电子商务商行,订单结算
2026-04-20 09:38:33,'2026042009383017041044894795,入账,4.32,聚合账户,货款结算入账,小店自卖,'6925474926686797581,'6925474926686797581,'SS76295521732031291310079,2026-04-10 03:54:15,'3753913172080329035,蝴蝶结发带女2026新款飘带头绳大肠发圈高级感扎头发皮筋大圈头绳,,,普通订单,4.35,0,0,0,0,0,0,0,0,0,0,0,-0.03,0,0,0,0,0,0,是-商品卡免佣,0.22,义乌市亿芭电子商务商行,订单结算
2026-04-20 09:38:33,'2026042009383031924232314795,入账,4.31,聚合账户,货款结算入账,小店自卖,'6925631651979493112,'6925631651979493112,'SS76296386855599354980247,2026-04-15 19:07:22,'3761752097155056209,新款水钻网纱蝴蝶结大抓夹后脑勺盘发发夹高级头饰鲨鱼夹大号发饰,,,普通订单,4.34,0,0,0,0,0,0,0,0,0,0,0,-0.03,0,0,0,0,0,0,是-商品卡免佣,0.22,义乌市亿芭电子商务商行,订单结算
2026-04-20 09:38:46,'2026042009384328989524894795,入账,1.99,聚合账户,货款结算入账,小店自卖,'6925478935340874796,'6925478935340874796,'SS76295729384395453820001,2026-04-10 01:10:29,'3790879461549932720,韩系ins风高马尾香蕉夹竖夹女2025新款高级感发夹简约秋冬发饰,,,普通订单,0.01,0,0,1.99,0,0,0,0,0,0,0,0,-0.01,0,0,0,0,0,0,是-商品卡免佣,0.07,义乌市亿芭电子商务商行,订单结算
2026-04-20 09:38:46,'2026042009384318879493314795,入账,3.96,聚合账户,货款结算入账,小店自卖,'6951802070145570235,'6951802070145570235,'SS76295822111086392950132,2026-04-04 20:47:14,'3790879461549932720,韩系ins风高马尾香蕉夹竖夹女2025新款高级感发夹简约秋冬发饰,,,普通订单,0.01,0,0,3.97,0,0,0,0,0,0,0,0,-0.02,0,0,0,0,0,0,是-商品卡免佣,0.15,义乌市亿芭电子商务商行,订单结算
2026-04-20 09:38:46,'2026042009384418567378114795,入账,2.94,聚合账户,货款结算入账,小店自卖,'6951960661842270023,'6951960661842270023,'SS76295947781844833430116,2026-04-10 04:35:49,'3765831620368662534,夏天简约随手盘发一字扭扭夹水钻抓夹高级发夹扭扭后脑勺盘发器,,,普通订单,2.96,0,0,0,0,0,0,0,0,0,0,0,-0.02,0,0,0,0,0,0,是-商品卡免佣,0.15,义乌市亿芭电子商务商行,订单结算
2026-04-20 09:38:46,'2026042009384335780408744795,入账,3.56,聚合账户,货款结算入账,小店自卖,'6925347638797565397,'6925347638797565397,'SS76295321589275571260176,2026-04-05 00:54:28,'3781982017927906160,新款米菲兔发夹大号横夹网红巨显发量香蕉后脑勺盘发百搭少女发饰,,,普通订单,0.01,0,0,3.57,0,0,0,0,0,0,0,0,-0.02,0,0,0,0,0,0,是-商品卡免佣,0.15,义乌市亿芭电子商务商行,订单结算
2026-04-20 09:38:46,'2026042009384332296637864795,入账,1.99,聚合账户,货款结算入账,小店自卖,'6925629711032155557,'6925629711032155557,'SS76297104847447657150245,2026-04-15 23:03:59,'3790879461549932720,韩系ins风高马尾香蕉夹竖夹女2025新款高级感发夹简约秋冬发饰,,,普通订单,0.01,0,0,1.99,0,0,0,0,0,0,0,0,-0.01,0,0,0,0,0,0,是-商品卡免佣,0.07,义乌市亿芭电子商务商行,订单结算
2026-04-20 09:40:20,'2026042009401732093353324795,入账,1.99,聚合账户,货款结算入账,小店自卖,'6925616506299645610,'6925616506299645610,'SS76297173948729925380014,2026-04-16 06:05:50,'3790879461549932720,韩系ins风高马尾香蕉夹竖夹女2025新款高级感发夹简约秋冬发饰,,,普通订单,1.4,0,0,0.6,0,0,0,0,0,0,0,0,-0.01,0,0,0,0,0,0,是-商品卡免佣,0.07,义乌市亿芭电子商务商行,订单结算
2026-04-20 09:40:20,'2026042009401710591439884795,入账,3.04,聚合账户,货款结算入账,小店自卖,'6951698149958292545,'6951698149958292545,'SS76296541701147205500023,2026-03-31 10:06:47,'3790879461549932720,韩系ins风高马尾香蕉夹竖夹女2025新款高级感发夹简约秋冬发饰,,,普通订单,0.2,0,0,3,0,0,0,0,0,0,0,0,-0.16,0,0,0,0,0,0,,0,义乌市亿芭电子商务商行,订单结算
2026-04-20 09:40:20,'2026042009401714939264064795,入账,5.62,聚合账户,货款结算入账,小店自卖,'6925623409708727386,'6925623409708727386,'SS76297575888921894780020,2026-04-16 01:34:41,'3753913172080329035,蝴蝶结发带女2026新款飘带头绳大肠发圈高级感扎头发皮筋大圈头绳,,,普通订单,5.65,0,0,0,0,0,0,0,0,0,0,0,-0.03,0,0,0,0,0,0,是-商品卡免佣,0.22,义乌市亿芭电子商务商行,订单结算
2026-04-20 09:40:20,'2026042009401715042852184795,入账,5.62,聚合账户,货款结算入账,小店自卖,'6952076635632964706,'6952076635632964706,'SS76296843363251369150109,2026-04-14 14:07:29,'3753913172080329035,蝴蝶结发带女2026新款飘带头绳大肠发圈高级感扎头发皮筋大圈头绳,,,普通订单,5.65,0,0,0,0,0,0,0,0,0,0,0,-0.03,0,0,0,0,0,0,是-商品卡免佣,0.22,义乌市亿芭电子商务商行,订单结算
2026-04-20 09:40:20,'2026042009401633497626124795,入账,3.14,聚合账户,货款结算入账,巨量千川,'6952116972246144580,'6952116972246144580,'SS76296422825179059660169,2026-04-16 07:01:32,'3796033265438163096,新款水钻珠子花朵抓夹发饰后脑勺洋气盘发夹时尚半扎鲨鱼夹头饰,,,普通订单,2.51,0.45,0,0.8,0,0,0,0,0,0,0,0,-0.17,0,0,0,0,0,0,,0,义乌市亿芭电子商务商行,订单结算
2026-04-20 09:40:32,'2026042009402933067340804795,入账,3.04,聚合账户,货款结算入账,小店自卖,'6952056948775327672,'6952056948775327672,'SS76296531693954829300058,2026-04-14 16:34:28,'3790879461549932720,韩系ins风高马尾香蕉夹竖夹女2025新款高级感发夹简约秋冬发饰,,,普通订单,3.2,0,0,0,0,0,0,0,0,0,0,0,-0.16,0,0,0,0,0,0,,0,义乌市亿芭电子商务商行,订单结算
2026-04-20 09:40:32,'2026042009402934113625794795,入账,3.3,聚合账户,货款结算入账,小店自卖,'6925643785922183055,'6925643785922183055,'SS76296590010829419580228,2026-04-16 17:22:55,'3764318178960867560,新款新中式水钻珠珠一字扭扭夹盘发抓夹发量高级感后脑勺女款发饰,,,普通订单,3.32,0,0,0,0,0,0,0,0,0,0,0,-0.02,0,0,0,0,0,0,是-商品卡免佣,0.15,义乌市亿芭电子商务商行,订单结算
2026-04-20 09:40:32,'2026042009402928578127784795,入账,3.31,聚合账户,货款结算入账,小店自卖,'6925576415956860287,'6925576415956860287,'SS76296523526731532990244,2026-04-14 11:46:07,'3776956605703258199,复古格子布艺齿梳发箍女2025新款气质简约高颅顶压发卡学院风头箍,,,普通订单,3.33,0.55,0,0,0,0,0,0,0,0,0,0,-0.02,0,0,0,0,0,0,是-商品卡免佣,0.15,义乌市亿芭电子商务商行,订单结算
2026-04-20 09:40:32,'2026042009402929612447244795,入账,4.68,聚合账户,货款结算入账,小店自卖,'6952054810672043706,'6952054810672043706,'SS76296550321992670780021,2026-04-14 14:44:10,'3740216160352862513,短发过渡期神器夏天女2025新款后脑勺半扎发发夹发量少小抓夹头饰,,,普通订单,4.71,0,0,0,0,0,0,0,0,0,0,0,-0.03,0,0,0,0,0,0,是-商品卡免佣,0.22,义乌市亿芭电子商务商行,订单结算
2026-04-20 09:40:32,'2026042009402828608110144795,入账,1.99,聚合账户,货款结算入账,小店自卖,'6925593717942877360,'6925593717942877360,'SS76296787503273784470106,2026-04-14 15:36:06,'3790879461549932720,韩系ins风高马尾香蕉夹竖夹女2025新款高级感发夹简约秋冬发饰,,,普通订单,2,0,0,0,0,0,0,0,0,0,0,0,-0.01,0,0,0,0,0,0,是-商品卡免佣,0.07,义乌市亿芭电子商务商行,订单结算
2026-04-20 09:40:43,'2026042009404038179315474795,入账,1.99,聚合账户,货款结算入账,小店自卖,'6952069510803100979,'6952069510803100979,'SS76297224568399142820110,2026-04-14 11:29:37,'3807565600545439967,复古豹纹波点褶皱香蕉夹后脑勺显发量横夹发卡高级感马尾扭扭竖夹,,,普通订单,2,0,0,0,0,0,0,0,0,0,0,0,-0.01,0,0,0,0,0,0,是-商品卡免佣,0.07,义乌市亿芭电子商务商行,订单结算
2026-04-20 09:40:43,'2026042009404031088320104795,入账,3.41,聚合账户,货款结算入账,小店自卖,'6952061277852669503,'6952061277852669503,'SS76296056845163771260195,2026-04-14 14:41:07,'3753913172080329035,蝴蝶结发带女2026新款飘带头绳大肠发圈高级感扎头发皮筋大圈头绳,,,普通订单,3.43,0.45,0,0,0,0,0,0,0,0,0,0,-0.02,0,0,0,0,0,0,是-商品卡免佣,0.15,义乌市亿芭电子商务商行,订单结算
2026-04-20 09:40:43,'2026042009404130954949534795,入账,1.99,聚合账户,货款结算入账,小店自卖,'6925569324628802823,'6925569324628802823,'SS76295726032162862080026,2026-04-14 08:43:40,'3790879461549932720,韩系ins风高马尾香蕉夹竖夹女2025新款高级感发夹简约秋冬发饰,,,普通订单,2,0,0,0,0,0,0,0,0,0,0,0,-0.01,0,0,0,0,0,0,是-商品卡免佣,0.07,义乌市亿芭电子商务商行,订单结算
2026-04-20 09:40:43,'2026042009404024203103234795,入账,3.18,聚合账户,货款结算入账,小店自卖,'6952088521762870450,'6952088521762870450,'SS76294024633303370390083,2026-04-14 22:07:54,'3790879461549932720,韩系ins风高马尾香蕉夹竖夹女2025新款高级感发夹简约秋冬发饰,,,普通订单,3.2,0,0,0,0,0,0,0,0,0,0,0,-0.02,0,0,0,0,0,0,是-商品卡免佣,0.15,义乌市亿芭电子商务商行,订单结算
2026-04-20 09:40:44,'2026042009404100702878914795,入账,3.3,聚合账户,货款结算入账,小店自卖,'6925526030780365880,'6925526030780365880,'SS76296850632206423450081,2026-04-12 01:18:35,'3779916888407146709,可爱雪莉玫格子发圈发绳学院JK风红格子公仔刘海鸭嘴夹日系发饰,,,普通订单,3.32,0,0,0,0,0,0,0,0,0,0,0,-0.02,0,0,0,0,0,0,是-商品卡免佣,0.15,义乌市亿芭电子商务商行,订单结算
2026-04-20 09:40:47,'2026042009404435485660354795,入账,2.94,聚合账户,货款结算入账,小店自卖,'6925602954268540526,'6925602954268540526,'SS76296842510295206860216,2026-04-14 16:13:37,'3787169552576676059,虞书欣同款发扣新款圈小触角发扣金属银色圆形刘海夹脏辫发卡头饰,,,普通订单,0.01,0,0,2.95,0,0,0,0,0,0,0,0,-0.02,0,0,0,0,0,0,是-商品卡免佣,0.15,义乌市亿芭电子商务商行,订单结算
2026-04-20 09:40:47,'2026042009404439530174074795,入账,3.52,聚合账户,货款结算入账,小店自卖,'6925380872174205962,'6925380872174205962,'SS76295747597722588660214,2026-04-05 11:35:44,'3781982017927906160,新款米菲兔发夹大号横夹网红巨显发量香蕉后脑勺盘发百搭少女发饰,,,普通订单,0.01,0,0,3.53,0,0,0,0,0,0,0,0,-0.02,0,0,0,0,0,0,是-商品卡免佣,0.15,义乌市亿芭电子商务商行,订单结算
2026-04-20 09:40:47,'2026042009404402696978194795,入账,1.99,聚合账户,货款结算入账,小店自卖,'6951936507888997899,'6951936507888997899,'SS76295729468873487710157,2026-04-10 01:14:46,'3790879461549932720,韩系ins风高马尾香蕉夹竖夹女2025新款高级感发夹简约秋冬发饰,,,普通订单,0.3,0,0,1.7,0,0,0,0,0,0,0,0,-0.01,0,0,0,0,0,0,是-商品卡免佣,0.07,义乌市亿芭电子商务商行,订单结算
2026-04-20 09:40:47,'2026042009404330254042004795,入账,3.96,聚合账户,货款结算入账,小店自卖,'6951797737901397039,'6951797737901397039,'SS76295821900740572420111,2026-04-04 19:33:50,'3790879461549932720,韩系ins风高马尾香蕉夹竖夹女2025新款高级感发夹简约秋冬发饰,,,普通订单,0.01,0,0,3.97,0,0,0,0,0,0,0,0,-0.02,0,0,0,0,0,0,是-商品卡免佣,0.15,义乌市亿芭电子商务商行,订单结算
2026-04-20 09:40:47,'2026042009404330252731284795,入账,1.99,聚合账户,货款结算入账,小店自卖,'6952083379844486511,'6952083379844486511,'SS76297266086095304060030,2026-04-14 16:25:36,'3790879461549932720,韩系ins风高马尾香蕉夹竖夹女2025新款高级感发夹简约秋冬发饰,,,普通订单,0.01,0,0,1.99,0,0,0,0,0,0,0,0,-0.01,0,0,0,0,0,0,是-商品卡免佣,0.07,义乌市亿芭电子商务商行,订单结算
2026-04-20 09:40:47,'2026042009404414010824204795,入账,3.01,聚合账户,货款结算入账,小店自卖,'6952123782842750168,'6952123782842750168,'SS76296554109341373820032,2026-04-16 09:05:33,'3776578010610794963,爱心香蕉夹发夹女2025新款高马尾固定神器后脑勺盘发抓夹竖夹头饰,,,普通订单,3.03,0,0,0,0,0,0,0,0,0,0,0,-0.02,0,0,0,0,0,0,是-商品卡免佣,0.15,义乌市亿芭电子商务商行,订单结算
2026-04-20 09:40:47,'2026042009404510292966834795,入账,2.75,聚合账户,货款结算入账,小店自卖,'6925614552704318813,'6925614552704318813,'SS76296261701364293460249,2026-04-15 10:58:54,'3748567367819591880,可爱卡通发饰加长碎发神器女儿童拉拉梳刘海前额发夹2025新款插梳,,,普通订单,2.88,0,0,0.01,0,0,0,0,0,0,0,0,-0.14,0,0,0,0,0,0,,0,义乌市亿芭电子商务商行,订单结算
2026-04-20 09:40:47,'2026042009404401985579794795,入账,2.63,聚合账户,货款结算入账,小店自卖,'6952122126105646469,'6952122126105646469,'SS76296463743506683420136,2026-04-16 13:06:08,'3763619647727992972,2025抓夹高级感珠珠水钻发夹女夏天简约随手盘发一字扭扭夹网红,,,普通订单,0.65,0,0,2,0,0,0,0,0,0,0,0,-0.02,0,0,0,0,0,0,是-商品卡免佣,0.15,义乌市亿芭电子商务商行,订单结算
2026-04-20 09:41:40,'2026042009413728873897154795,出账,2,聚合账户,退款-结算后退款-退用户,小店自卖,'6924669289143107162,'6924669289143107162,'147449405095537909,2026-03-05 20:51:39,'3776956605703258199,复古格子布艺齿梳发箍女2025新款气质简约高颅顶压发卡学院风头箍,,,普通订单,0,0,0,0,0,0,0,0,0,0,0,-2,0,0,0,0,0,0,0,,0,义乌市亿芭电子商务商行,已退款
2026-04-20 09:45:27,'2026042009452518581757704795,出账,2,聚合账户,退款-结算后退款-退用户,小店自卖,'6925090202869464258,'6925090202869464258,'147449938780437612,2026-03-24 19:56:49,'3776956605703258199,复古格子布艺齿梳发箍女2025新款气质简约高颅顶压发卡学院风头箍,,,普通订单,0,0,0,0,0,0,0,0,0,0,0,-2,0,0,0,0,0,0,0,,0,义乌市亿芭电子商务商行,已退款
2026-04-20 09:55:12,'2026042009550926933501984795,出账,2,聚合账户,小额打款,,'6925651688726625730,'6925651688726625730,,,,,,,普通订单,0,0,0,0,0,0,0,0,0,0,0,0,0,0,0,0,0,0,0,,0,义乌市亿芭电子商务商行,商家向消费者小额打款-“其他”
2026-04-20 10:05:33,'2026042010053008542461964795,出账,2,聚合账户,小额打款,,'6925642454464036826,'6925642454464036826,,,,,,,普通订单,0,0,0,0,0,0,0,0,0,0,0,0,0,0,0,0,0,0,0,,0,义乌市亿芭电子商务商行,商家向消费者小额打款-“其他”
2026-04-20 10:10:05,'2026042010100103533911454795,出账,1,聚合账户,小额打款,,'6925661047085563219,'6925661047085563219,,,,,,,普通订单,0,0,0,0,0,0,0,0,0,0,0,0,0,0,0,0,0,0,0,,0,义乌市亿芭电子商务商行,商家向消费者小额打款-“其他”
2026-04-20 10:11:28,'2026042010112527058179104795,出账,1,聚合账户,小额打款,,'6925661047085563219,'6925661047085563219,,,,,,,普通订单,0,0,0,0,0,0,0,0,0,0,0,0,0,0,0,0,0,0,0,,0,义乌市亿芭电子商务商行,商家向消费者小额打款-“其他”
2026-04-20 10:27:04,'2026042010265929011809624795,出账,1,聚合账户,小额打款,,'6952131238161684402,'6952131238161684402,,,,,,,普通订单,0,0,0,0,0,0,0,0,0,0,0,0,0,0,0,0,0,0,0,,0,义乌市亿芭电子商务商行,商家向消费者小额打款-“其他”
2026-04-20 10:36:48,'2026042010364525963896754795,出账,1,聚合账户,小额打款,,'6925622783565266766,'6925622783565266766,,,,,,,普通订单,0,0,0,0,0,0,0,0,0,0,0,0,0,0,0,0,0,0,0,,0,义乌市亿芭电子商务商行,商家向消费者小额打款-“其他”
2026-04-20 10:37:55,'2026042010375231970596474795,出账,2,聚合账户,小额打款,,'6952101466707137949,'6952101466707137949,,,,,,,普通订单,0,0,0,0,0,0,0,0,0,0,0,0,0,0,0,0,0,0,0,,0,义乌市亿芭电子商务商行,商家向消费者小额打款-“其他”
2026-04-20 10:40:10,'2026042010400720974963614795,出账,1,聚合账户,小额打款,,'6925622783565266766,'6925622783565266766,,,,,,,普通订单,0,0,0,0,0,0,0,0,0,0,0,0,0,0,0,0,0,0,0,,0,义乌市亿芭电子商务商行,商家向消费者小额打款-“其他”
2026-04-20 10:50:38,'2026042010503227310820384795,出账,2,聚合账户,小额打款,,'6952125612105996044,'6952125612105996044,,,,,,,普通订单,0,0,0,0,0,0,0,0,0,0,0,0,0,0,0,0,0,0,0,,0,义乌市亿芭电子商务商行,商家向消费者小额打款-“其他”
2026-04-20 11:05:50,'2026042011054502436467464795,出账,2,聚合账户,小额打款,,'6925656452356341259,'6925656452356341259,,,,,,,普通订单,0,0,0,0,0,0,0,0,0,0,0,0,0,0,0,0,0,0,0,,0,义乌市亿芭电子商务商行,商家向消费者小额打款-“其他”
2026-04-20 11:34:07,'2026042011340127317867614795,出账,2,聚合账户,小额打款,,'6925679018632773360,'6925679018632773360,,,,,,,普通订单,0,0,0,0,0,0,0,0,0,0,0,0,0,0,0,0,0,0,0,,0,义乌市亿芭电子商务商行,商家向消费者小额打款-“其他”
2026-04-20 11:37:53,'2026042011375019217290624795,出账,2,聚合账户,小额打款,,'6952109020762739894,'6952109020762739894,,,,,,,普通订单,0,0,0,0,0,0,0,0,0,0,0,0,0,0,0,0,0,0,0,,0,义乌市亿芭电子商务商行,商家向消费者小额打款-“其他”
2026-04-20 11:38:06,'2026042011380327265602964795,出账,2,聚合账户,小额打款,,'6925669504980188782,'6925669504980188782,,,,,,,普通订单,0,0,0,0,0,0,0,0,0,0,0,0,0,0,0,0,0,0,0,,0,义乌市亿芭电子商务商行,商家向消费者小额打款-“其他”
2026-04-20 11:40:27,'2026042011402310538846914795,出账,2,聚合账户,小额打款,,'6952156969312589552,'6952156969312589552,,,,,,,普通订单,0,0,0,0,0,0,0,0,0,0,0,0,0,0,0,0,0,0,0,,0,义乌市亿芭电子商务商行,商家向消费者小额打款-“其他”
2026-04-20 11:40:46,'2026042011404210124495904795,出账,2,聚合账户,小额打款,,'6925606984167292334,'6925606984167292334,,,,,,,普通订单,0,0,0,0,0,0,0,0,0,0,0,0,0,0,0,0,0,0,0,,0,义乌市亿芭电子商务商行,商家向消费者小额打款-“其他”
2026-04-20 11:49:56,'2026042011495123754345324795,出账,2,聚合账户,小额打款,,'6925657456140516547,'6925657456140516547,,,,,,,普通订单,0,0,0,0,0,0,0,0,0,0,0,0,0,0,0,0,0,0,0,,0,义乌市亿芭电子商务商行,商家向消费者小额打款-“其他”
2026-04-20 11:50:44,'2026042011503903360038914795,出账,2,聚合账户,小额打款,,'6952121690895881746,'6952121690895881746,,,,,,,普通订单,0,0,0,0,0,0,0,0,0,0,0,0,0,0,0,0,0,0,0,,0,义乌市亿芭电子商务商行,商家向消费者小额打款-“其他”
2026-04-20 11:51:57,'2026042011515004082898304795,出账,2,聚合账户,小额打款,,'6925680914534989677,'6925680914534989677,,,,,,,普通订单,0,0,0,0,0,0,0,0,0,0,0,0,0,0,0,0,0,0,0,,0,义乌市亿芭电子商务商行,商家向消费者小额打款-“其他”
2026-04-20 11:55:31,'2026042011552726215713284795,出账,2,聚合账户,小额打款,,'6952145527166539069,'6952145527166539069,,,,,,,普通订单,0,0,0,0,0,0,0,0,0,0,0,0,0,0,0,0,0,0,0,,0,义乌市亿芭电子商务商行,商家向消费者小额打款-“其他”
2026-04-20 12:04:18,'2026042012041428311718904795,出账,2,聚合账户,小额打款,,'6952162780941457005,'6952162780941457005,,,,,,,普通订单,0,0,0,0,0,0,0,0,0,0,0,0,0,0,0,0,0,0,0,,0,义乌市亿芭电子商务商行,商家向消费者小额打款-“其他”
2026-04-20 12:15:45,'2026042012154234958548574795,入账,1.99,聚合账户,货款结算入账,小店自卖,'6925479050088840398,'6925479050088840398,'SS76295729426470876500038,2026-04-10 03:38:30,'3790879461549932720,韩系ins风高马尾香蕉夹竖夹女2025新款高级感发夹简约秋冬发饰,,,普通订单,2,0,0,0,0,0,0,0,0,0,0,0,-0.01,0,0,0,0,0,0,是-商品卡免佣,0.07,义乌市亿芭电子商务商行,订单结算
2026-04-20 12:15:45,'2026042012154138731986184795,入账,6.15,聚合账户,货款结算入账,小店自卖,'6951951979087074348,'6951951979087074348,'SS76295940100932083290224,2026-04-10 05:03:28,'3763619647727992972,2025抓夹高级感珠珠水钻发夹女夏天简约随手盘发一字扭扭夹网红,,,普通订单,6.19,0,0,0,0,0,0,0,0,0,0,0,-0.04,0,0,0,0,0,0,是-商品卡免佣,0.29,义乌市亿芭电子商务商行,订单结算
2026-04-20 12:15:45,'2026042012153713437998464795,入账,6.89,聚合账户,货款结算入账,小店自卖,'6952100377834165504,'6952100377834165504,'SS76296204751113095680067,2026-04-15 13:40:22,'3779913033489449864,短发半扎发饰过渡期神器一字弹簧夹2025新款简约后脑勺发夹头饰女,,,普通订单,6.93,0,0,0,0,0,0,0,0,0,0,0,-0.04,0,0,0,0,0,0,是-商品卡免佣,0.29,义乌市亿芭电子商务商行,订单结算
2026-04-20 12:15:45,'2026042012154133443684354795,入账,0.85,聚合账户,货款结算入账,小店自卖,'6925358451698138745,'6925358451698138745,'SS76295317233905994870018,2026-04-04 20:03:02,'3800874735194210779,韩系潮流新款M豆马尾无痕迹撞色发绳柔和亲肤不损发橡皮筋时尚百,,,普通订单,0.66,0,0,0.2,0,0,0,0,0,0,0,0,-0.01,0,0,0,0,0,0,是-商品卡免佣,0.07,义乌市亿芭电子商务商行,订单结算
2026-04-20 12:15:45,'2026042012154110629985794795,入账,1.99,聚合账户,货款结算入账,小店自卖,'6925476627726826894,'6925476627726826894,'SS76295729177311316580239,2026-04-10 00:25:41,'3790879461549932720,韩系ins风高马尾香蕉夹竖夹女2025新款高级感发夹简约秋冬发饰,,,普通订单,0.01,0,0,1.99,0,0,0,0,0,0,0,0,-0.01,0,0,0,0,0,0,是-商品卡免佣,0.07,义乌市亿芭电子商务商行,订单结算
2026-04-20 12:15:47,'2026042012153839122703794795,入账,5.11,聚合账户,货款结算入账,巨量千川,'6952097601735759158,'6952097601735759158,'SS76297197665167651930211,2026-04-15 10:41:00,'3787169552576676059,虞书欣同款发扣新款圈小触角发扣金属银色圆形刘海夹脏辫发卡头饰,,,普通订单,5.38,0,0,0,0,0,0,0,0,0,0,0,-0.27,0,0,0,0,0,0,,0,义乌市亿芭电子商务商行,订单结算
2026-04-20 12:15:47,'2026042012154204755627714795,入账,2.94,聚合账户,货款结算入账,小店自卖,'6951692043564357447,'6951692043564357447,'SS76295520694413563290234,2026-03-30 14:12:22,'3765831620368662534,夏天简约随手盘发一字扭扭夹水钻抓夹高级发夹扭扭后脑勺盘发器,,,普通订单,2.96,0,0,0,0,0,0,0,0,0,0,0,-0.02,0,0,0,0,0,0,是-商品卡免佣,0.15,义乌市亿芭电子商务商行,订单结算
2026-04-20 12:15:47,'2026042012154237764631314795,入账,1.99,聚合账户,货款结算入账,小店自卖,'6925356037863210594,'6925356037863210594,'SS76295249385674020240245,2026-04-04 20:03:42,'3790879461549932720,韩系ins风高马尾香蕉夹竖夹女2025新款高级感发夹简约秋冬发饰,,,普通订单,2,0,0,0,0,0,0,0,0,0,0,0,-0.01,0,0,0,0,0,0,是-商品卡免佣,0.07,义乌市亿芭电子商务商行,订单结算
2026-04-20 12:15:47,'2026042012154304411561234795,入账,1.99,聚合账户,货款结算入账,小店自卖,'6925470034283167259,'6925470034283167259,'SS76295729528245292020227,2026-04-10 02:43:26,'3790879461549932720,韩系ins风高马尾香蕉夹竖夹女2025新款高级感发夹简约秋冬发饰,,,普通订单,2,0,0,0,0,0,0,0,0,0,0,0,-0.01,0,0,0,0,0,0,是-商品卡免佣,0.07,义乌市亿芭电子商务商行,订单结算
2026-04-20 12:15:47,'2026042012154112219190274795,入账,3.41,聚合账户,货款结算入账,小店自卖,'6925124268163170102,'6925124268163170102,'SS76295515940365934460144,2026-03-25 15:46:45,'3753913172080329035,蝴蝶结发带女2026新款飘带头绳大肠发圈高级感扎头发皮筋大圈头绳,,,普通订单,3.43,0.45,0,0,0,0,0,0,0,0,0,0,-0.02,0,0,0,0,0,0,是-商品卡免佣,0.15,义乌市亿芭电子商务商行,订单结算
2026-04-20 12:15:51,'2026042012154525280886104795,入账,3.87,聚合账户,货款结算入账,小店自卖,'6951949727118988633,'6951949727118988633,'SS76296169674269166440047,2026-04-10 00:46:16,'3770638427473707151,超可爱卡通可爱搞怪毛绒发箍女洗脸化妆发卡高颅顶2025新款高级感,,,普通订单,3.89,0,0,0,0,0,0,0,0,0,0,0,-0.02,0,0,0,0,0,0,是-商品卡免佣,0.15,义乌市亿芭电子商务商行,订单结算
2026-04-20 12:15:51,'2026042012154712168568864795,入账,3.31,聚合账户,货款结算入账,小店自卖,'6952070173378418152,'6952070173378418152,'SS76295363769293873020083,2026-04-14 19:39:50,'3776956605703258199,复古格子布艺齿梳发箍女2025新款气质简约高颅顶压发卡学院风头箍,,,普通订单,3.33,0.55,0,0,0,0,0,0,0,0,0,0,-0.02,0,0,0,0,0,0,是-商品卡免佣,0.15,义乌市亿芭电子商务商行,订单结算
2026-04-20 12:15:51,'2026042012154640643464094795,入账,2.72,聚合账户,货款结算入账,小店自卖,'6951811760224474775,'6951811760224474775,'SS76296004058651200500113,2026-04-05 08:32:56,'3800874735194210779,韩系潮流新款M豆马尾无痕迹撞色发绳柔和亲肤不损发橡皮筋时尚百,,,普通订单,2.51,0,0,0.35,0,0,0,0,0,0,0,0,-0.14,0,0,0,0,0,0,,0,义乌市亿芭电子商务商行,订单结算
2026-04-20 12:15:51,'2026042012154538129014264795,入账,1.99,聚合账户,货款结算入账,小店自卖,'6925484674761588456,'6925484674761588456,'SS76295729081215390810043,2026-04-10 00:40:05,'3790879461549932720,韩系ins风高马尾香蕉夹竖夹女2025新款高级感发夹简约秋冬发饰,,,普通订单,2,0,0,0,0,0,0,0,0,0,0,0,-0.01,0,0,0,0,0,0,是-商品卡免佣,0.07,义乌市亿芭电子商务商行,订单结算
2026-04-20 12:15:51,'2026042012154623363917064795,入账,0.82,聚合账户,货款结算入账,小店自卖,'6925364297791995750,'6925364297791995750,'SS76296004955198633460036,2026-04-04 22:05:21,'3800874735194210779,韩系潮流新款M豆马尾无痕迹撞色发绳柔和亲肤不损发橡皮筋时尚百,,,普通订单,0.86,0,0,0,0,0,0,0,0,0,0,0,-0.04,0,0,0,0,0,0,,0,义乌市亿芭电子商务商行,订单结算
2026-04-20 12:15:51,'2026042012154626556664684795,入账,1.99,聚合账户,货款结算入账,小店自卖,'6951903741644510316,'6951903741644510316,'SS76294068227805558220233,2026-04-09 01:30:40,'3790879461549932720,韩系ins风高马尾香蕉夹竖夹女2025新款高级感发夹简约秋冬发饰,,,普通订单,0.01,0,0,1.99,0,0,0,0,0,0,0,0,-0.01,0,0,0,0,0,0,是-商品卡免佣,0.07,义乌市亿芭电子商务商行,订单结算
2026-04-20 12:15:51,'2026042012154525892009504795,入账,2.94,聚合账户,货款结算入账,小店自卖,'6952073211485951192,'6952073211485951192,'SS76296979968500577790199,2026-04-15 10:19:04,'3769541767679049968," 2025春夏新款轻奢边夹时尚气质一字发夹女后脑勺扭扭夹女",,,普通订单,0.76,0,0,2.2,0,0,0,0,0,0,0,0,-0.02,0,0,0,0,0,0,是-商品卡免佣,0.15,义乌市亿芭电子商务商行,订单结算
2026-04-20 12:15:51,'2026042012154637925729804795,入账,3.64,聚合账户,货款结算入账,巨量千川,'6951831385708762757,'6951831385708762757,'SS76295695452469826960161,2026-04-04 23:04:44,'3787169552576676059,虞书欣同款发扣新款圈小触角发扣金属水钻圆形刘海夹脏辫发卡头饰,,,普通订单,3.66,0,0,0,0,0,0,0,0,0,0,0,-0.02,0,0,0,0,0,0,是-商品卡免佣,0.15,义乌市亿芭电子商务商行,订单结算
2026-04-20 12:15:51,'2026042012154612806397784795,入账,6.15,聚合账户,货款结算入账,小店自卖,'6951932144877573845,'6951932144877573845,'SS76295940098743995290177,2026-04-10 02:06:39,'3763619647727992972,2025抓夹高级感珠珠水钻发夹女夏天简约随手盘发一字扭扭夹网红,,,普通订单,6.19,0,0,0,0,0,0,0,0,0,0,0,-0.04,0,0,0,0,0,0,是-商品卡免佣,0.29,义乌市亿芭电子商务商行,订单结算
2026-04-20 12:15:51,'2026042012154518512781064795,入账,1.99,聚合账户,货款结算入账,小店自卖,'6925592579238886529,'6925592579238886529,'SS76295891005479367940071,2026-04-14 21:24:01,'3790879461549932720,韩系ins风高马尾香蕉夹竖夹女2025新款高级感发夹简约秋冬发饰,,,普通订单,0.01,0,0,1.99,0,0,0,0,0,0,0,0,-0.01,0,0,0,0,0,0,是-商品卡免佣,0.07,义乌市亿芭电子商务商行,订单结算
2026-04-20 12:15:51,'2026042012154717028879624795,入账,3.31,聚合账户,货款结算入账,小店自卖,'6925621623607360895,'6925621623607360895,'SS76296159566583237640033,2026-04-15 12:40:56,'3776956605703258199,复古格子布艺齿梳发箍女2025新款气质简约高颅顶压发卡学院风头箍,,,普通订单,3.13,0.55,0,0.2,0,0,0,0,0,0,0,0,-0.02,0,0,0,0,0,0,是-商品卡免佣,0.15,义乌市亿芭电子商务商行,订单结算
2026-04-20 12:15:51,'2026042012154723029025694795,入账,5.37,聚合账户,货款结算入账,小店自卖,'6952100313185457202,'6952100313185457202,'SS76297321618971039220148,2026-04-15 13:20:07,'3779913033489449864,短发半扎发饰过渡期神器一字弹簧夹2025新款简约后脑勺发夹头饰女,,,普通订单,5.4,0,0,0,0,0,0,0,0,0,0,0,-0.03,0,0,0,0,0,0,是-商品卡免佣,0.22,义乌市亿芭电子商务商行,订单结算
2026-04-20 12:15:51,'2026042012154640066260844795,入账,1.95,聚合账户,货款结算入账,小店自卖,'6951949777890513957,'6951949777890513957,'SS76295945880842409420062,2026-04-10 01:41:25,'3763619647727992972,2025抓夹高级感珠珠水钻发夹女夏天简约随手盘发一字扭扭夹网红,,,普通订单,1.96,0,0,0,0,0,0,0,0,0,0,0,-0.01,0,0,0,0,0,0,是-商品卡免佣,0.07,义乌市亿芭电子商务商行,订单结算
2026-04-20 12:15:51,'2026042012154610725668254795,入账,1.99,聚合账户,货款结算入账,小店自卖,'6951697177577526374,'6951697177577526374,'SS76295268163537636250002,2026-03-30 20:17:40,'3790879461549932720,韩系ins风高马尾香蕉夹竖夹女2025新款高级感发夹简约秋冬发饰,,,普通订单,0.01,0,0,1.99,0,0,0,0,0,0,0,0,-0.01,0,0,0,0,0,0,是-商品卡免佣,0.07,义乌市亿芭电子商务商行,订单结算
2026-04-20 12:19:55,'2026042012194922193485214795,出账,2,聚合账户,小额打款,,'6952142133636830553,'6952142133636830553,,,,,,,普通订单,0,0,0,0,0,0,0,0,0,0,0,0,0,0,0,0,0,0,0,,0,义乌市亿芭电子商务商行,商家向消费者小额打款-“其他”
2026-04-20 12:20:53,'2026042012204710179916954795,出账,2,聚合账户,小额打款,,'6952101229131797634,'6952101229131797634,,,,,,,普通订单,0,0,0,0,0,0,0,0,0,0,0,0,0,0,0,0,0,0,0,,0,义乌市亿芭电子商务商行,商家向消费者小额打款-“其他”
2026-04-20 12:21:46,'2026042012214124711214624795,出账,2,聚合账户,小额打款,,'6952154802287417181,'6952154802287417181,,,,,,,普通订单,0,0,0,0,0,0,0,0,0,0,0,0,0,0,0,0,0,0,0,,0,义乌市亿芭电子商务商行,商家向消费者小额打款-“其他”
2026-04-20 12:23:26,'2026042012232032063326824795,入账,5.5,聚合账户,货款结算入账,小店自卖,'6951647973391930416,'6951647973391930416,'SS76269760564607390820140,2026-03-28 22:53:48,'3809052331484512965,甜美风kitty~无痕魔术贴可爱少女卡通刘海贴碎发贴时尚发饰新款美,,,普通订单,5.53,0,0,0,0,0,0,0,0,0,0,0,-0.03,0,0,0,0,0,0,是-商品卡免佣,0.22,义乌市亿芭电子商务商行,订单结算
2026-04-20 12:23:26,'2026042012232041534917634795,入账,1.99,聚合账户,货款结算入账,小店自卖,'6925626697874373693,'6925626697874373693,'SS76297449600115837900104,2026-04-15 17:53:20,'3790879461549932720,韩系ins风高马尾香蕉夹竖夹女2025新款高级感发夹简约秋冬发饰,,,普通订单,2,0,0,0,0,0,0,0,0,0,0,0,-0.01,0,0,0,0,0,0,是-商品卡免佣,0.07,义乌市亿芭电子商务商行,订单结算
2026-04-20 12:23:26,'2026042012232100302454264795,入账,3.13,聚合账户,货款结算入账,小店自卖,'6925588746480811402,'6925588746480811402,'SS76297111850635801750148,2026-04-14 10:18:29,'3769725008121823571,紫色山茶花半扎发发夹女后脑勺花朵抓夹2025新款高级感鲨鱼夹头饰,,,普通订单,3.15,0,0,0,0,0,0,0,0,0,0,0,-0.02,0,0,0,0,0,0,是-商品卡免佣,0.15,义乌市亿芭电子商务商行,订单结算
2026-04-20 12:23:26,'2026042012232121102474514795,入账,1.95,聚合账户,货款结算入账,小店自卖,'6925476679036402892,'6925476679036402892,'SS76295945817472374160227,2026-04-10 00:44:55,'3763619647727992972,2025抓夹高级感珠珠水钻发夹女夏天简约随手盘发一字扭扭夹网红,,,普通订单,1.96,0,0,0,0,0,0,0,0,0,0,0,-0.01,0,0,0,0,0,0,是-商品卡免佣,0.07,义乌市亿芭电子商务商行,订单结算
2026-04-20 12:23:26,'2026042012232102456171794795,入账,3.41,聚合账户,货款结算入账,小店自卖,'6925378609478073499,'6925378609478073499,'SS76295776457175536830142,2026-04-05 11:57:15,'3768232107730665692,虞书欣同款金属发扣女水钻圆圈刘海发夹高级感侧边发扣夹网红头饰,,,普通订单,3.43,0,0,0,0,0,0,0,0,0,0,0,-0.02,0,0,0,0,0,0,是-商品卡免佣,0.15,义乌市亿芭电子商务商行,订单结算
2026-04-20 12:23:26,'2026042012232121726666624795,入账,5.62,聚合账户,货款结算入账,小店自卖,'6925631690848304952,'6925631690848304952,'SS76297052919065976660018,2026-04-15 19:42:31,'3753913172080329035,蝴蝶结发带女2026新款飘带头绳大肠发圈高级感扎头发皮筋大圈头绳,,,普通订单,5.65,0,0,0,0,0,0,0,0,0,0,0,-0.03,0,0,0,0,0,0,是-商品卡免佣,0.22,义乌市亿芭电子商务商行,订单结算
2026-04-20 12:23:26,'2026042012232011464545644795,入账,2.94,聚合账户,货款结算入账,小店自卖,'6952067190603191573,'6952067190603191573,'SS76296822327785397950004,2026-04-14 07:17:52,'3765831620368662534,夏天简约随手盘发一字扭扭夹水钻抓夹高级发夹扭扭后脑勺盘发器,,,普通订单,2.96,0,0,0,0,0,0,0,0,0,0,0,-0.02,0,0,0,0,0,0,是-商品卡免佣,0.15,义乌市亿芭电子商务商行,订单结算
2026-04-20 12:23:26,'2026042012232022533737024795,入账,2.63,聚合账户,货款结算入账,小店自卖,'6952104512861050156,'6952104512861050156,'SS76297331662359759420169,2026-04-15 14:28:09,'3763619647727992972,2025抓夹高级感珠珠水钻发夹女夏天简约随手盘发一字扭扭夹网红,,,普通订单,2.65,0,0,0,0,0,0,0,0,0,0,0,-0.02,0,0,0,0,0,0,是-商品卡免佣,0.15,义乌市亿芭电子商务商行,订单结算
2026-04-20 12:23:26,'2026042012232120857823234795,入账,3.18,聚合账户,货款结算入账,小店自卖,'6952062425762436930,'6952062425762436930,'SS76296396283494405180147,2026-04-14 01:03:18,'3790879461549932720,韩系ins风高马尾香蕉夹竖夹女2025新款高级感发夹简约秋冬发饰,,,普通订单,3.2,0,0,0,0,0,0,0,0,0,0,0,-0.02,0,0,0,0,0,0,是-商品卡免佣,0.15,义乌市亿芭电子商务商行,订单结算
2026-04-20 12:23:26,'2026042012231906025426024795,入账,5.62,聚合账户,货款结算入账,小店自卖,'6951939153159066952,'6951939153159066952,'SS76295522931322230030208,2026-04-10 03:30:47,'3753913172080329035,蝴蝶结发带女2026新款飘带头绳大肠发圈高级感扎头发皮筋大圈头绳,,,普通订单,5.65,0,0,0,0,0,0,0,0,0,0,0,-0.03,0,0,0,0,0,0,是-商品卡免佣,0.22,义乌市亿芭电子商务商行,订单结算
2026-04-20 12:23:26,'2026042012231931299013624795,入账,3.18,聚合账户,货款结算入账,小店自卖,'6925599187061865472,'6925599187061865472,'SS76297388665597463380131,2026-04-14 23:51:51,'3790879461549932720,韩系ins风高马尾香蕉夹竖夹女2025新款高级感发夹简约秋冬发饰,,,普通订单,3.2,0,0,0,0,0,0,0,0,0,0,0,-0.02,0,0,0,0,0,0,是-商品卡免佣,0.15,义乌市亿芭电子商务商行,订单结算
2026-04-20 12:23:26,'2026042012231918506880514795,入账,0.99,聚合账户,货款结算入账,小店自卖,'6925647179379277415,'6925647179379277415,'SS76295359183423577690236,2026-04-17 09:34:05,'3809418477320667350,春夏撞色蝴蝶结发夹新款气质大号盘发鸭嘴夹女后脑勺时尚抓夹头饰,,,普通订单,4.76,0,0,0,0,0,0,0,0,0,0,-3.76,-0.01,0,0,0,0,0,0,是-商品卡免佣,0.07,义乌市亿芭电子商务商行,订单结算
2026-04-20 12:23:26,'2026042012232120860280834795,入账,1.95,聚合账户,货款结算入账,小店自卖,'6951813023521576548,'6951813023521576548,'SS76295284787187223580174,2026-04-04 20:29:27,'3765831620368662534,夏天简约随手盘发一字扭扭夹水钻抓夹高级发夹扭扭后脑勺盘发器,,,普通订单,1.96,0,0,0,0,0,0,0,0,0,0,0,-0.01,0,0,0,0,0,0,是-商品卡免佣,0.07,义乌市亿芭电子商务商行,订单结算
2026-04-20 12:23:26,'2026042012231809954598834795,入账,1.99,聚合账户,货款结算入账,小店自卖,'6952074407201609257,'6952074407201609257,'SS76297124243292495790232,2026-04-14 16:17:37,'3790879461549932720,韩系ins风高马尾香蕉夹竖夹女2025新款高级感发夹简约秋冬发饰,,,普通订单,2,0,0,0,0,0,0,0,0,0,0,0,-0.01,0,0,0,0,0,0,是-商品卡免佣,0.07,义乌市亿芭电子商务商行,订单结算
2026-04-20 12:23:29,'2026042012232329914079074795,出账,2,聚合账户,小额打款,,'6925635939682909866,'6925635939682909866,,,,,,,普通订单,0,0,0,0,0,0,0,0,0,0,0,0,0,0,0,0,0,0,0,,0,义乌市亿芭电子商务商行,商家向消费者小额打款-“其他”
2026-04-20 12:24:28,'2026042012242313470930344795,入账,1.99,聚合账户,货款结算入账,小店自卖,'6952119371046590422,'6952119371046590422,'SS76296536407979958120242,2026-04-16 10:03:36,'3790879461549932720,韩系ins风高马尾香蕉夹竖夹女2025新款高级感发夹简约秋冬发饰,,,普通订单,0.01,0,0,1.99,0,0,0,0,0,0,0,0,-0.01,0,0,0,0,0,0,是-商品卡免佣,0.07,义乌市亿芭电子商务商行,订单结算
2026-04-20 12:25:17,'2026042012251123761393064795,出账,2,聚合账户,小额打款,,'6925679160727666380,'6925679160727666380,,,,,,,普通订单,0,0,0,0,0,0,0,0,0,0,0,0,0,0,0,0,0,0,0,,0,义乌市亿芭电子商务商行,商家向消费者小额打款-“其他”
2026-04-20 12:27:33,'2026042012272631421445554795,入账,5.53,聚合账户,货款结算入账,小店自卖,'6952072935691327311,'6952072935691327311,'SS76294426468637903760086,2026-04-15 05:23:40,'3753207010519286104,2025新款蝴蝶结扭扭发夹不咯头大号一字抓夹高级感后脑勺鲨鱼夹子,,,普通订单,5.56,0,0,0,0,0,0,0,0,0,0,0,-0.03,0,0,0,0,0,0,是-商品卡免佣,0.22,义乌市亿芭电子商务商行,订单结算
2026-04-20 12:28:35,'2026042012282925256763424795,出账,2,聚合账户,小额打款,,'6952108343052670184,'6952108343052670184,,,,,,,普通订单,0,0,0,0,0,0,0,0,0,0,0,0,0,0,0,0,0,0,0,,0,义乌市亿芭电子商务商行,商家向消费者小额打款-“其他”
2026-04-20 12:28:51,'2026042012284508396311674795,出账,2,聚合账户,小额打款,,'6952141404130186325,'6952141404130186325,,,,,,,普通订单,0,0,0,0,0,0,0,0,0,0,0,0,0,0,0,0,0,0,0,,0,义乌市亿芭电子商务商行,商家向消费者小额打款-“其他”
2026-04-20 12:30:17,'2026042012301208475817224795,入账,5.62,聚合账户,货款结算入账,小店自卖,'6925472234061725281,'6925472234061725281,'SS76295522474334456750165,2026-04-10 00:20:31,'3753913172080329035,蝴蝶结发带女2026新款飘带头绳大肠发圈高级感扎头发皮筋大圈头绳,,,普通订单,4.22,0,0,1.43,0,0,0,0,0,0,0,0,-0.03,0,0,0,0,0,0,是-商品卡免佣,0.22,义乌市亿芭电子商务商行,订单结算
2026-04-20 12:31:52,'2026042012314628651364034795,入账,1.9,聚合账户,货款结算入账,小店自卖,'6925376357251841459,'6925376357251841459,'SS76295674886913559460035,2026-04-05 10:12:49,'3790879461549932720,韩系ins风高马尾香蕉夹竖夹女2025新款高级感发夹简约秋冬发饰,,,普通订单,0.01,0,0,1.99,0,0,0,0,0,0,0,0,-0.1,0,0,0,0,0,0,,0,义乌市亿芭电子商务商行,订单结算
2026-04-20 12:32:32,'2026042012322800974364504795,入账,1.99,聚合账户,货款结算入账,小店自卖,'6952061075748885586,'6952061075748885586,'SS76297141406552560700132,2026-04-14 12:50:42,'3790879461549932720,韩系ins风高马尾香蕉夹竖夹女2025新款高级感发夹简约秋冬发饰,,,普通订单,0.01,0,0,1.99,0,0,0,0,0,0,0,0,-0.01,0,0,0,0,0,0,是-商品卡免佣,0.07,义乌市亿芭电子商务商行,订单结算
2026-04-20 12:34:18,'2026042012341230329738874795,入账,1.99,聚合账户,货款结算入账,小店自卖,'6925623762068537223,'6925623762068537223,'SS76295848697645141110237,2026-04-16 08:43:15,'3790879461549932720,韩系ins风高马尾香蕉夹竖夹女2025新款高级感发夹简约秋冬发饰,,,普通订单,0.01,0,0,1.99,0,0,0,0,0,0,0,0,-0.01,0,0,0,0,0,0,是-商品卡免佣,0.07,义乌市亿芭电子商务商行,订单结算
2026-04-20 12:34:51,'2026042012344604142205714795,出账,2,聚合账户,小额打款,,'6952105423826851278,'6952105423826851278,,,,,,,普通订单,0,0,0,0,0,0,0,0,0,0,0,0,0,0,0,0,0,0,0,,0,义乌市亿芭电子商务商行,商家向消费者小额打款-“其他”
2026-04-20 12:37:28,'2026042012372402565576064795,出账,2,聚合账户,小额打款,,'6952096445132772992,'6952096445132772992,,,,,,,普通订单,0,0,0,0,0,0,0,0,0,0,0,0,0,0,0,0,0,0,0,,0,义乌市亿芭电子商务商行,商家向消费者小额打款-“其他”
2026-04-20 12:38:49,'2026042012384529281651724795,出账,1,聚合账户,小额打款,,'6925646752798965121,'6925646752798965121,,,,,,,普通订单,0,0,0,0,0,0,0,0,0,0,0,0,0,0,0,0,0,0,0,,0,义乌市亿芭电子商务商行,商家向消费者小额打款-“其他”
2026-04-20 12:48:52,'2026042012484915658196984795,入账,1.99,聚合账户,货款结算入账,小店自卖,'6951549721393042765,'6951549721393042765,'SS76295600657815150540099,2026-03-25 16:42:26,'3790879461549932720,韩系ins风高马尾香蕉夹竖夹女2025新款高级感发夹简约秋冬发饰,,,普通订单,0.01,0,0,1.99,0,0,0,0,0,0,0,0,-0.01,0,0,0,0,0,0,是-商品卡免佣,0.07,义乌市亿芭电子商务商行,订单结算
2026-04-20 12:51:19,'2026042012511417589253394795,出账,2,聚合账户,小额打款,,'6952143655249712658,'6952143655249712658,,,,,,,普通订单,0,0,0,0,0,0,0,0,0,0,0,0,0,0,0,0,0,0,0,,0,义乌市亿芭电子商务商行,商家向消费者小额打款-“其他”
2026-04-20 12:51:54,'2026042012515119938842064795,出账,2,聚合账户,小额打款,,'6925687929141558714,'6925687929141558714,,,,,,,普通订单,0,0,0,0,0,0,0,0,0,0,0,0,0,0,0,0,0,0,0,,0,义乌市亿芭电子商务商行,商家向消费者小额打款-“其他”
2026-04-20 12:54:04,'2026042012540013849236834795,出账,2,聚合账户,小额打款,,'6952112427078128944,'6952112427078128944,,,,,,,普通订单,0,0,0,0,0,0,0,0,0,0,0,0,0,0,0,0,0,0,0,,0,义乌市亿芭电子商务商行,商家向消费者小额打款-“其他”
2026-04-20 12:58:29,'2026042012582508239887454795,出账,2,聚合账户,退款-结算后退款-退用户,小店自卖,'6925425709453770578,'6925425709453770578,'147450903871806648,2026-04-07 12:19:34,'3776956605703258199,复古格子布艺齿梳发箍女2025新款气质简约高颅顶压发卡学院风头箍,,,普通订单,0,0,0,0,0,0,0,0,0,0,0,-2,0,0,0,0,0,0,0,,0,义乌市亿芭电子商务商行,已退款
2026-04-20 12:58:29,'2026042012582406892920784795,入账,0.01,聚合账户,退款-订单退款触发-退分账,小店自卖,'6925425709453770578,'6925425709453770578,'147450903871806648,2026-04-07 12:19:34,'3776956605703258199,复古格子布艺齿梳发箍女2025新款气质简约高颅顶压发卡学院风头箍,,,普通订单,0,0,0,0,0,0,0,0,0,0,0,0,0.01,0,0,0,0,0,0,,0,义乌市亿芭电子商务商行,服务费返还
2026-04-20 12:58:34,'2026042012582922160389634795,出账,2,聚合账户,小额打款,,'6952132800140743959,'6952132800140743959,,,,,,,普通订单,0,0,0,0,0,0,0,0,0,0,0,0,0,0,0,0,0,0,0,,0,义乌市亿芭电子商务商行,商家向消费者小额打款-“其他”
2026-04-20 13:00:20,'2026042013001633809697284795,入账,4.79,聚合账户,货款结算入账,小店自卖,'6925355732508900915,'6925355732508900915,'SS76295821902295375420081,2026-04-04 17:08:34,'3781982106134118483,复古豹纹波点褶皱香蕉夹女高级感马尾扭扭竖夹后脑勺显发量发卡,,,普通订单,4.82,0,0,0,0,0,0,0,0,0,0,0,-0.03,0,0,0,0,0,0,是-商品卡免佣,0.22,义乌市亿芭电子商务商行,订单结算
2026-04-20 13:10:15,'2026042013101002966167314795,出账,2,聚合账户,小额打款,,'6952163716493744031,'6952163716493744031,,,,,,,普通订单,0,0,0,0,0,0,0,0,0,0,0,0,0,0,0,0,0,0,0,,0,义乌市亿芭电子商务商行,商家向消费者小额打款-“其他”
2026-04-20 13:13:33,'2026042013132834353487784795,入账,4.12,聚合账户,货款结算入账,小店自卖,'6925603645221469487,'6925603645221469487,'SS76296698030784515190089,2026-04-14 21:23:37,'3678581344025313615,发箍男生女头饰韩版网红运动隐形发箍洗脸用日系防滑潮男卡子发夹,,,普通订单,4.14,0,0,0,0,0,0,0,0,0,0,0,-0.02,0,0,0,0,0,0,是-商品卡免佣,0.15,义乌市亿芭电子商务商行,订单结算
2026-04-20 13:16:46,'2026042013163839641626104795,出账,2,聚合账户,小额打款,,'6952150921740162167,'6952150921740162167,,,,,,,普通订单,0,0,0,0,0,0,0,0,0,0,0,0,0,0,0,0,0,0,0,,0,义乌市亿芭电子商务商行,商家向消费者小额打款-“其他”
2026-04-20 13:21:51,'2026042013214508942559124795,出账,2,聚合账户,小额打款,,'6952154927695336725,'6952154927695336725,,,,,,,普通订单,0,0,0,0,0,0,0,0,0,0,0,0,0,0,0,0,0,0,0,,0,义乌市亿芭电子商务商行,商家向消费者小额打款-“其他”
2026-04-20 13:22:05,'2026042013215921166169954795,出账,2,聚合账户,小额打款,,'6952174020056061770,'6952174020056061770,,,,,,,普通订单,0,0,0,0,0,0,0,0,0,0,0,0,0,0,0,0,0,0,0,,0,义乌市亿芭电子商务商行,商家向消费者小额打款-“其他”
2026-04-20 13:25:34,'2026042013252625475159314795,出账,2,聚合账户,小额打款,,'6925688350456250105,'6925688350456250105,,,,,,,普通订单,0,0,0,0,0,0,0,0,0,0,0,0,0,0,0,0,0,0,0,,0,义乌市亿芭电子商务商行,商家向消费者小额打款-“其他”
2026-04-20 13:29:47,'2026042013294220936955034795,入账,0.01,聚合账户,退款-订单退款触发-退分账,小店自卖,'6951779355945604310,'6951779355945604310,'147450934909478932,2026-04-02 20:36:32,'3808657641228599299,2026新款简约珍珠大肠发圈女扎头发优雅头绳橡皮筋高颜值发圈发绳,,,普通订单,0,0,0,0,0,0,0,0,0,0,0,0,0.01,0,0,0,0,0,0,,0,义乌市亿芭电子商务商行,服务费返还
2026-04-20 13:29:47,'2026042013294231542850714795,出账,1,聚合账户,退款-结算后退款-退用户,小店自卖,'6951779355945604310,'6951779355945604310,'147450934909478932,2026-04-02 20:36:32,'3808657641228599299,2026新款简约珍珠大肠发圈女扎头发优雅头绳橡皮筋高颜值发圈发绳,,,普通订单,0,0,0,0,0,0,0,0,0,0,0,-1,0,0,0,0,0,0,0,,0,义乌市亿芭电子商务商行,已退款
2026-04-20 13:30:33,'2026042013302824209989464795,出账,1,聚合账户,小额打款,,'6952146096072759147,'6952146096072759147,,,,,,,普通订单,0,0,0,0,0,0,0,0,0,0,0,0,0,0,0,0,0,0,0,,0,义乌市亿芭电子商务商行,商家向消费者小额打款-“其他”
2026-04-20 13:31:12,'2026042013310617963916904795,出账,1,聚合账户,小额打款,,'6925667976535506892,'6925667976535506892,,,,,,,普通订单,0,0,0,0,0,0,0,0,0,0,0,0,0,0,0,0,0,0,0,,0,义乌市亿芭电子商务商行,商家向消费者小额打款-“其他”
2026-04-20 13:31:59,'2026042013315440108856584795,出账,1,聚合账户,小额打款,,'6925605241663552811,'6925605241663552811,,,,,,,普通订单,0,0,0,0,0,0,0,0,0,0,0,0,0,0,0,0,0,0,0,,0,义乌市亿芭电子商务商行,商家向消费者小额打款-“其他”
2026-04-20 13:32:02,'2026042013315702862615314795,出账,2,聚合账户,小额打款,,'6925643297698774047,'6925643297698774047,,,,,,,普通订单,0,0,0,0,0,0,0,0,0,0,0,0,0,0,0,0,0,0,0,,0,义乌市亿芭电子商务商行,商家向消费者小额打款-“其他”
2026-04-20 13:34:41,'2026042013343701558779404795,出账,1,聚合账户,小额打款,,'6952094892186604546,'6952094892186604546,,,,,,,普通订单,0,0,0,0,0,0,0,0,0,0,0,0,0,0,0,0,0,0,0,,0,义乌市亿芭电子商务商行,商家向消费者小额打款-“其他”
2026-04-20 13:36:01,'2026042013355607119014744795,出账,1,聚合账户,小额打款,,'6925344176686332933,'6925344176686332933,,,,,,,普通订单,0,0,0,0,0,0,0,0,0,0,0,0,0,0,0,0,0,0,0,,0,义乌市亿芭电子商务商行,商家向消费者小额打款-“其他”
2026-04-20 13:36:30,'2026042013362710791821434795,入账,3.96,聚合账户,货款结算入账,小店自卖,'6925356478563975103,'6925356478563975103,'SS76295273952384780900042,2026-04-04 23:21:36,'3790879461549932720,韩系ins风高马尾香蕉夹竖夹女2025新款高级感发夹简约秋冬发饰,,,普通订单,3.98,0,0,0,0,0,0,0,0,0,0,0,-0.02,0,0,0,0,0,0,是-商品卡免佣,0.15,义乌市亿芭电子商务商行,订单结算
2026-04-20 13:37:36,'2026042013373312224110144795,出账,1,聚合账户,小额打款,,'6952170972871333413,'6952170972871333413,,,,,,,普通订单,0,0,0,0,0,0,0,0,0,0,0,0,0,0,0,0,0,0,0,,0,义乌市亿芭电子商务商行,商家向消费者小额打款-“其他”
2026-04-20 13:41:57,'2026042013415314873239424795,出账,1,聚合账户,小额打款,,'6925580415777275554,'6925580415777275554,,,,,,,普通订单,0,0,0,0,0,0,0,0,0,0,0,0,0,0,0,0,0,0,0,,0,义乌市亿芭电子商务商行,商家向消费者小额打款-“其他”
2026-04-20 13:42:34,'2026042013423037124836254795,出账,2,聚合账户,小额打款,,'6925677276209642850,'6925677276209642850,,,,,,,普通订单,0,0,0,0,0,0,0,0,0,0,0,0,0,0,0,0,0,0,0,,0,义乌市亿芭电子商务商行,商家向消费者小额打款-“其他”
2026-04-20 13:42:47,'2026042013424432129851154795,出账,2,聚合账户,小额打款,,'6925649437705469282,'6925649437705469282,,,,,,,普通订单,0,0,0,0,0,0,0,0,0,0,0,0,0,0,0,0,0,0,0,,0,义乌市亿芭电子商务商行,商家向消费者小额打款-“其他”
2026-04-20 13:43:08,'2026042013430505583180954795,出账,1,聚合账户,小额打款,,'6952106432966104690,'6952106432966104690,,,,,,,普通订单,0,0,0,0,0,0,0,0,0,0,0,0,0,0,0,0,0,0,0,,0,义乌市亿芭电子商务商行,商家向消费者小额打款-“其他”
2026-04-20 13:43:55,'2026042013434934492790394795,出账,1,聚合账户,小额打款,,'6952101713161623407,'6952101713161623407,,,,,,,普通订单,0,0,0,0,0,0,0,0,0,0,0,0,0,0,0,0,0,0,0,,0,义乌市亿芭电子商务商行,商家向消费者小额打款-“其他”
2026-04-20 13:44:53,'2026042013444903428518814795,出账,1,聚合账户,小额打款,,'6925609160624668042,'6925609160624668042,,,,,,,普通订单,0,0,0,0,0,0,0,0,0,0,0,0,0,0,0,0,0,0,0,,0,义乌市亿芭电子商务商行,商家向消费者小额打款-“其他”
2026-04-20 13:47:15,'2026042013471013034501394795,出账,1,聚合账户,小额打款,,'6952093151760422113,'6952093151760422113,,,,,,,普通订单,0,0,0,0,0,0,0,0,0,0,0,0,0,0,0,0,0,0,0,,0,义乌市亿芭电子商务商行,商家向消费者小额打款-“其他”
2026-04-20 13:47:38,'2026042013473213159839104795,出账,1,聚合账户,小额打款,,'6952094946525648820,'6952094946525648820,,,,,,,普通订单,0,0,0,0,0,0,0,0,0,0,0,0,0,0,0,0,0,0,0,,0,义乌市亿芭电子商务商行,商家向消费者小额打款-“其他”
2026-04-20 13:48:47,'2026042013484130885317384795,出账,1,聚合账户,小额打款,,'6952073095446205694,'6952073095446205694,,,,,,,普通订单,0,0,0,0,0,0,0,0,0,0,0,0,0,0,0,0,0,0,0,,0,义乌市亿芭电子商务商行,商家向消费者小额打款-“其他”
2026-04-20 13:49:11,'2026042013490722278474704795,出账,1,聚合账户,小额打款,,'6952051954322707493,'6952051954322707493,,,,,,,普通订单,0,0,0,0,0,0,0,0,0,0,0,0,0,0,0,0,0,0,0,,0,义乌市亿芭电子商务商行,商家向消费者小额打款-“其他”
2026-04-20 13:49:24,'2026042013491835615094144795,入账,3.78,聚合账户,货款结算入账,小店自卖,'6925595797263908699,'6925595797263908699,'SS76296951346695091720129,2026-04-14 13:25:20,'3790879461549932720,韩系ins风高马尾香蕉夹竖夹女2025新款高级感发夹简约秋冬发饰,,,普通订单,0.98,0,0,3,0,0,0,0,0,0,0,0,-0.2,0,0,0,0,0,0,,0,义乌市亿芭电子商务商行,订单结算
2026-04-20 13:49:24,'2026042013491823622170104795,入账,1.99,聚合账户,货款结算入账,小店自卖,'6925602912994623240,'6925602912994623240,'SS76297562349082550120124,2026-04-14 15:55:31,'3790879461549932720,韩系ins风高马尾香蕉夹竖夹女2025新款高级感发夹简约秋冬发饰,,,普通订单,0.01,0,0,1.99,0,0,0,0,0,0,0,0,-0.01,0,0,0,0,0,0,是-商品卡免佣,0.07,义乌市亿芭电子商务商行,订单结算
2026-04-20 13:49:24,'2026042013491908939604584795,入账,1.99,聚合账户,货款结算入账,小店自卖,'6952050190799541786,'6952050190799541786,'SS76296896083929994660126,2026-04-14 16:49:39,'3790879461549932720,韩系ins风高马尾香蕉夹竖夹女2025新款高级感发夹简约秋冬发饰,,,普通订单,0.01,0,0,1.99,0,0,0,0,0,0,0,0,-0.01,0,0,0,0,0,0,是-商品卡免佣,0.07,义乌市亿芭电子商务商行,订单结算
2026-04-20 13:49:24,'2026042013492008391564804795,入账,5.19,聚合账户,货款结算入账,小店自卖,'6952099299976811607,'6952099299976811607,'SS76296116661453135700115,2026-04-16 09:54:41,'3795874154088104281,早秋款小香风豹纹珍珠发箍女2026新款高级带齿防滑头箍洗脸发饰品,,,普通订单,3.46,0,0,2,0,0,0,0,0,0,0,0,-0.27,0,0,0,0,0,0,,0,义乌市亿芭电子商务商行,订单结算
2026-04-20 13:49:24,'2026042013491741067645944795,入账,2.96,聚合账户,货款结算入账,小店自卖,'6925632378970864752,'6925632378970864752,'SS76296489163297594980060,2026-04-15 23:55:23,'3762857552925294890,夏天简约盘发一字扭扭夹25新款抓夹高级感珠珠水钻发夹后脑勺鸭嘴,,,普通订单,0.01,0,0,3.11,0,0,0,0,0,0,0,0,-0.16,0,0,0,0,0,0,,0,义乌市亿芭电子商务商行,订单结算
2026-04-20 13:49:24,'2026042013491839603123704795,入账,3.18,聚合账户,货款结算入账,小店自卖,'6952118775091500210,'6952118775091500210,'SS76297321915342853310120,2026-04-15 22:19:30,'3790879461549932720,韩系ins风高马尾香蕉夹竖夹女2025新款高级感发夹简约秋冬发饰,,,普通订单,0.2,0,0,3,0,0,0,0,0,0,0,0,-0.02,0,0,0,0,0,0,是-商品卡免佣,0.15,义乌市亿芭电子商务商行,订单结算
2026-04-20 13:49:24,'2026042013491735274101854795,入账,1.9,聚合账户,货款结算入账,小店自卖,'6925623390705647120,'6925623390705647120,'SS76296298472287483310129,2026-04-16 01:07:43,'3790879461549932720,韩系ins风高马尾香蕉夹竖夹女2025新款高级感发夹简约秋冬发饰,,,普通订单,0.01,0,0,1.99,0,0,0,0,0,0,0,0,-0.1,0,0,0,0,0,0,,0,义乌市亿芭电子商务商行,订单结算
2026-04-20 13:49:24,'2026042013492023448624744795,入账,1.9,聚合账户,货款结算入账,小店自卖,'6925581012260192184,'6925581012260192184,'SS76296119283902057300138,2026-04-14 11:07:35,'3790879461549932720,韩系ins风高马尾香蕉夹竖夹女2025新款高级感发夹简约秋冬发饰,,,普通订单,0.01,0,0,1.99,0,0,0,0,0,0,0,0,-0.1,0,0,0,0,0,0,,0,义乌市亿芭电子商务商行,订单结算
2026-04-20 13:49:24,'2026042013491820814566864795,入账,3.48,聚合账户,货款结算入账,巨量千川,'6925378425797770312,'6925378425797770312,'SS76295763570430779400037,2026-04-05 10:24:02,'3787169552576676059,虞书欣同款发扣新款圈小触角发扣金属水钻圆形刘海夹脏辫发卡头饰,,,普通订单,0.66,0,0,3,0,0,0,0,0,0,0,0,-0.18,0,0,0,0,0,0,,0,义乌市亿芭电子商务商行,订单结算
2026-04-20 13:49:24,'2026042013491912295375764795,入账,2.92,聚合账户,货款结算入账,小店自卖,'6952090773062686120,'6952090773062686120,'SS76296615187407017110053,2026-04-15 06:25:58,'3765283307554734475,香蕉夹韩版新款发饰马尾夹跨境爆款竖夹大号半月简约发夹特厚头饰,,,普通订单,2.15,0,0,0.92,0,0,0,0,0,0,0,0,-0.15,0,0,0,0,0,0,,0,义乌市亿芭电子商务商行,订单结算
2026-04-20 13:49:24,'2026042013492011118843034795,入账,3.86,聚合账户,货款结算入账,小店自卖,'6951460983182398596,'6951460983182398596,'SS76295433112720676340056,2026-03-20 21:03:09,'3806604984041210322,韩系新款复古ins蝴蝶结丸子头发发饰女时尚马尾发绳大肠头绳发圈,,,普通订单,0.01,0,0,3.87,0,0,0,0,0,0,0,0,-0.02,0,0,0,0,0,0,是-商品卡免佣,0.15,义乌市亿芭电子商务商行,订单结算
2026-04-20 13:50:12,'2026042013500802357338114795,出账,1,聚合账户,小额打款,,'6951741608789677741,'6951741608789677741,,,,,,,普通订单,0,0,0,0,0,0,0,0,0,0,0,0,0,0,0,0,0,0,0,,0,义乌市亿芭电子商务商行,商家向消费者小额打款-“其他”
2026-04-20 13:50:13,'2026042013500904239367774795,出账,2,聚合账户,小额打款,,'6925644767687507031,'6925644767687507031,,,,,,,普通订单,0,0,0,0,0,0,0,0,0,0,0,0,0,0,0,0,0,0,0,,0,义乌市亿芭电子商务商行,商家向消费者小额打款-“其他”
2026-04-20 13:51:27,'2026042013512306922903674795,出账,1,聚合账户,小额打款,,'6952083977813497117,'6952083977813497117,,,,,,,普通订单,0,0,0,0,0,0,0,0,0,0,0,0,0,0,0,0,0,0,0,,0,义乌市亿芭电子商务商行,商家向消费者小额打款-“其他”
2026-04-20 13:52:09,'2026042013520430091354234795,出账,1,聚合账户,小额打款,,'6952114926045304365,'6952114926045304365,,,,,,,普通订单,0,0,0,0,0,0,0,0,0,0,0,0,0,0,0,0,0,0,0,,0,义乌市亿芭电子商务商行,商家向消费者小额打款-“其他”
2026-04-20 13:53:17,'2026042013531224463488194795,出账,1,聚合账户,小额打款,,'6925593486615477673,'6925593486615477673,,,,,,,普通订单,0,0,0,0,0,0,0,0,0,0,0,0,0,0,0,0,0,0,0,,0,义乌市亿芭电子商务商行,商家向消费者小额打款-“其他”
2026-04-20 13:53:27,'2026042013532040907082664795,入账,1.9,聚合账户,货款结算入账,小店自卖,'6952072821556844055,'6952072821556844055,'SS76296176289317527670186,2026-04-15 01:41:00,'3790879461549932720,韩系ins风高马尾香蕉夹竖夹女2025新款高级感发夹简约秋冬发饰,,,普通订单,1,0,0,1,0,0,0,0,0,0,0,0,-0.1,0,0,0,0,0,0,,0,义乌市亿芭电子商务商行,订单结算
2026-04-20 13:53:27,'2026042013532136345656684795,入账,3.96,聚合账户,货款结算入账,小店自卖,'6925469968934403385,'6925469968934403385,'SS76295729425608542870242,2026-04-10 01:51:41,'3790879461549932720,韩系ins风高马尾香蕉夹竖夹女2025新款高级感发夹简约秋冬发饰,,,普通订单,0.01,0,0,3.97,0,0,0,0,0,0,0,0,-0.02,0,0,0,0,0,0,是-商品卡免佣,0.15,义乌市亿芭电子商务商行,订单结算
2026-04-20 13:53:27,'2026042013531806849500664795,入账,1.99,聚合账户,货款结算入账,小店自卖,'6951804857135536007,'6951804857135536007,'SS76295252103636792700009,2026-04-04 21:44:49,'3790879461549932720,韩系ins风高马尾香蕉夹竖夹女2025新款高级感发夹简约秋冬发饰,,,普通订单,0.01,0,0,1.99,0,0,0,0,0,0,0,0,-0.01,0,0,0,0,0,0,是-商品卡免佣,0.07,义乌市亿芭电子商务商行,订单结算
2026-04-20 13:53:27,'2026042013532040142118764795,入账,1.99,聚合账户,货款结算入账,小店自卖,'6925371829864857340,'6925371829864857340,'SS76295674975329160140138,2026-04-05 10:13:40,'3790879461549932720,韩系ins风高马尾香蕉夹竖夹女2025新款高级感发夹简约秋冬发饰,,,普通订单,0.33,0,0,1.67,0,0,0,0,0,0,0,0,-0.01,0,0,0,0,0,0,是-商品卡免佣,0.07,义乌市亿芭电子商务商行,订单结算
2026-04-20 13:53:27,'2026042013531924751641704795,入账,3.34,聚合账户,货款结算入账,小店自卖,'6951599728603108420,'6951599728603108420,'SS76296204190583365470199,2026-03-26 13:55:12,'3797889962804904185,2026防滑新款秋冬高级感百搭齿发箍女高颅顶时尚复古头箍发卡发饰,,,普通订单,0.01,0,0,3.51,0,0,0,0,0,0,0,0,-0.18,0,0,0,0,0,0,,0,义乌市亿芭电子商务商行,订单结算
2026-04-20 13:53:27,'2026042013532018672524894795,入账,1.99,聚合账户,货款结算入账,小店自卖,'6951820748613294008,'6951820748613294008,'SS76295671533651069630200,2026-04-05 08:37:39,'3807565600545439967,复古豹纹波点褶皱香蕉夹后脑勺显发量横夹发卡高级感马尾扭扭竖夹,,,普通订单,0.01,0,0,1.99,0,0,0,0,0,0,0,0,-0.01,0,0,0,0,0,0,是-商品卡免佣,0.07,义乌市亿芭电子商务商行,订单结算
2026-04-20 13:53:27,'2026042013532140528120684795,入账,2.85,聚合账户,货款结算入账,小店自卖,'6925606776452972452,'6925606776452972452,'SS76296740901435154260045,2026-04-15 07:48:48,'3764318178960867560,新款新中式水钻珠珠一字扭扭夹盘发抓夹发量高级感后脑勺女款发饰,,,普通订单,0.87,0,0,2,0,0,0,0,0,0,0,0,-0.02,0,0,0,0,0,0,是-商品卡免佣,0.15,义乌市亿芭电子商务商行,订单结算
2026-04-20 13:53:27,'2026042013532024844213824795,入账,1.97,聚合账户,货款结算入账,小店自卖,'6951820455497176694,'6951820455497176694,'SS76295258424114386180228,2026-04-05 00:36:47,'3787169552576676059,虞书欣同款发扣新款圈小触角发扣金属水钻圆形刘海夹脏辫发卡头饰,,,普通订单,0.01,0,0,1.97,0,0,0,0,0,0,0,0,-0.01,0,0,0,0,0,0,是-商品卡免佣,0.07,义乌市亿芭电子商务商行,订单结算
2026-04-20 13:53:27,'2026042013532029538880194795,入账,1.99,聚合账户,货款结算入账,小店自卖,'6925360356723883631,'6925360356723883631,'SS76295248583976924620062,2026-04-04 19:27:05,'3790879461549932720,韩系ins风高马尾香蕉夹竖夹女2025新款高级感发夹简约秋冬发饰,,,普通订单,0.01,0,0,1.99,0,0,0,0,0,0,0,0,-0.01,0,0,0,0,0,0,是-商品卡免佣,0.07,义乌市亿芭电子商务商行,订单结算
2026-04-20 13:53:27,'2026042013532209060195904795,入账,2.07,聚合账户,货款结算入账,小店自卖,'6925482955613240325,'6925482955613240325,'SS76295522775238909710019,2026-04-10 01:09:45,'3745772815312355509,网红带钻云朵镂空发夹轻奢侧边夹刘海BB夹碎发夹满钻高级感发饰,,,普通订单,0.18,0,0,2,0,0,0,0,0,0,0,0,-0.11,0,0,0,0,0,0,,0,义乌市亿芭电子商务商行,订单结算
2026-04-20 13:53:27,'2026042013532203189151354795,入账,1.99,聚合账户,货款结算入账,小店自卖,'6925622252411845763,'6925622252411845763,'SS76296639554259525540062,2026-04-15 16:49:14,'3790879461549932720,韩系ins风高马尾香蕉夹竖夹女2025新款高级感发夹简约秋冬发饰,,,普通订单,0.01,0,0,1.99,0,0,0,0,0,0,0,0,-0.01,0,0,0,0,0,0,是-商品卡免佣,0.07,义乌市亿芭电子商务商行,订单结算
2026-04-20 13:53:27,'2026042013532211718865984795,入账,1.99,聚合账户,货款结算入账,小店自卖,'6952065964404840174,'6952065964404840174,'SS76297067870125921800029,2026-04-14 21:40:49,'3790879461549932720,韩系ins风高马尾香蕉夹竖夹女2025新款高级感发夹简约秋冬发饰,,,普通订单,1.74,0,0,0.26,0,0,0,0,0,0,0,0,-0.01,0,0,0,0,0,0,是-商品卡免佣,0.07,义乌市亿芭电子商务商行,订单结算
2026-04-20 13:53:27,'2026042013532108146619294795,入账,3.22,聚合账户,货款结算入账,小店自卖,'6925600030929813078,'6925600030929813078,'SS76297096271144394750193,2026-04-15 12:23:05,'3681593099697652126,网红同款在逃公主双面蝴蝶结抓夹女夏季气质鲨鱼夹后脑勺发夹头饰,,,普通订单,0.39,0,0,3,0,0,0,0,0,0,0,0,-0.17,0,0,0,0,0,0,,0,义乌市亿芭电子商务商行,订单结算
2026-04-20 13:53:27,'2026042013532034157082104795,入账,1.99,聚合账户,货款结算入账,小店自卖,'6952080620692837967,'6952080620692837967,'SS76295133085598356860088,2026-04-15 15:42:08,'3790879461549932720,韩系ins风高马尾香蕉夹竖夹女2025新款高级感发夹简约秋冬发饰,,,普通订单,0.01,0,0,1.99,0,0,0,0,0,0,0,0,-0.01,0,0,0,0,0,0,是-商品卡免佣,0.07,义乌市亿芭电子商务商行,订单结算
2026-04-20 13:54:28,'2026042013542037465464684795,出账,1,聚合账户,小额打款,,'6952118994883122333,'6952118994883122333,,,,,,,普通订单,0,0,0,0,0,0,0,0,0,0,0,0,0,0,0,0,0,0,0,,0,义乌市亿芭电子商务商行,商家向消费者小额打款-“其他”
2026-04-20 13:54:39,'2026042013543521643760794795,出账,2,聚合账户,小额打款,,'6952139028751521581,'6952139028751521581,,,,,,,普通订单,0,0,0,0,0,0,0,0,0,0,0,0,0,0,0,0,0,0,0,,0,义乌市亿芭电子商务商行,商家向消费者小额打款-“其他”
2026-04-20 13:55:41,'2026042013553541530662404795,出账,1,聚合账户,小额打款,,'6925635730221596383,'6925635730221596383,,,,,,,普通订单,0,0,0,0,0,0,0,0,0,0,0,0,0,0,0,0,0,0,0,,0,义乌市亿芭电子商务商行,商家向消费者小额打款-“其他”
2026-04-20 13:57:07,'2026042013570121443916904795,出账,1,聚合账户,小额打款,,'6925616263896923272,'6925616263896923272,,,,,,,普通订单,0,0,0,0,0,0,0,0,0,0,0,0,0,0,0,0,0,0,0,,0,义乌市亿芭电子商务商行,商家向消费者小额打款-“其他”
2026-04-20 13:59:38,'2026042013593138719982354795,出账,1,聚合账户,小额打款,,'6952049819376227930,'6952049819376227930,,,,,,,普通订单,0,0,0,0,0,0,0,0,0,0,0,0,0,0,0,0,0,0,0,,0,义乌市亿芭电子商务商行,商家向消费者小额打款-“其他”
2026-04-20 14:00:56,'2026042014005118675144044795,出账,1,聚合账户,小额打款,,'6952107858103703213,'6952107858103703213,,,,,,,普通订单,0,0,0,0,0,0,0,0,0,0,0,0,0,0,0,0,0,0,0,,0,义乌市亿芭电子商务商行,商家向消费者小额打款-“其他”
2026-04-20 14:01:25,'2026042014011732102653704795,出账,1,聚合账户,小额打款,,'6925608332999228933,'6925608332999228933,,,,,,,普通订单,0,0,0,0,0,0,0,0,0,0,0,0,0,0,0,0,0,0,0,,0,义乌市亿芭电子商务商行,商家向消费者小额打款-“其他”
2026-04-20 14:01:31,'2026042014012707549914144795,入账,4.72,聚合账户,货款结算入账,小店自卖,'6925552318234524857,'6925552318234524857,'SS76296277678853169040221,2026-04-13 00:37:31,'3769541767679049968," 2025春夏新款轻奢边夹时尚气质一字发夹女后脑勺扭扭夹女",,,普通订单,3.48,0,0,1.49,0,0,0,0,0,0,0,0,-0.25,0,0,0,0,0,0,,0,义乌市亿芭电子商务商行,订单结算
2026-04-20 14:02:20,'2026042014021524880747864795,出账,1,聚合账户,小额打款,,'6952102987204072904,'6952102987204072904,,,,,,,普通订单,0,0,0,0,0,0,0,0,0,0,0,0,0,0,0,0,0,0,0,,0,义乌市亿芭电子商务商行,商家向消费者小额打款-“其他”
2026-04-20 14:03:10,'2026042014030615981818944795,出账,1,聚合账户,小额打款,,'6952122343892064173,'6952122343892064173,,,,,,,普通订单,0,0,0,0,0,0,0,0,0,0,0,0,0,0,0,0,0,0,0,,0,义乌市亿芭电子商务商行,商家向消费者小额打款-“其他”
2026-04-20 14:03:47,'2026042014034210036518804795,出账,2,聚合账户,小额打款,,'6952120825008035192,'6952120825008035192,,,,,,,普通订单,0,0,0,0,0,0,0,0,0,0,0,0,0,0,0,0,0,0,0,,0,义乌市亿芭电子商务商行,商家向消费者小额打款-“其他”
2026-04-20 14:04:14,'2026042014041020517360904795,出账,1,聚合账户,小额打款,,'6925603160766053661,'6925603160766053661,,,,,,,普通订单,0,0,0,0,0,0,0,0,0,0,0,0,0,0,0,0,0,0,0,,0,义乌市亿芭电子商务商行,商家向消费者小额打款-“其他”
2026-04-20 14:05:27,'2026042014052115829775454795,出账,1,聚合账户,小额打款,,'6951849429707462066,'6951849429707462066,,,,,,,普通订单,0,0,0,0,0,0,0,0,0,0,0,0,0,0,0,0,0,0,0,,0,义乌市亿芭电子商务商行,商家向消费者小额打款-“其他”
2026-04-20 14:05:47,'2026042014054204243338244795,出账,2,聚合账户,小额打款,,'6952141837915985134,'6952141837915985134,,,,,,,普通订单,0,0,0,0,0,0,0,0,0,0,0,0,0,0,0,0,0,0,0,,0,义乌市亿芭电子商务商行,商家向消费者小额打款-“其他”
2026-04-20 14:07:24,'2026042014071810822456834795,出账,1,聚合账户,小额打款,,'6925618623118540314,'6925618623118540314,,,,,,,普通订单,0,0,0,0,0,0,0,0,0,0,0,0,0,0,0,0,0,0,0,,0,义乌市亿芭电子商务商行,商家向消费者小额打款-“其他”
2026-04-20 14:09:04,'2026042014085813005624324795,出账,1,聚合账户,小额打款,,'6925614727861796621,'6925614727861796621,,,,,,,普通订单,0,0,0,0,0,0,0,0,0,0,0,0,0,0,0,0,0,0,0,,0,义乌市亿芭电子商务商行,商家向消费者小额打款-“其他”
2026-04-20 14:10:16,'2026042014100937637043464795,出账,1,聚合账户,小额打款,,'6952083108089238602,'6952083108089238602,,,,,,,普通订单,0,0,0,0,0,0,0,0,0,0,0,0,0,0,0,0,0,0,0,,0,义乌市亿芭电子商务商行,商家向消费者小额打款-“其他”
2026-04-20 14:10:49,'2026042014104323870513054795,出账,1,聚合账户,小额打款,,'6952079163166037303,'6952079163166037303,,,,,,,普通订单,0,0,0,0,0,0,0,0,0,0,0,0,0,0,0,0,0,0,0,,0,义乌市亿芭电子商务商行,商家向消费者小额打款-“其他”
2026-04-20 14:11:30,'2026042014112120102067264795,出账,1,聚合账户,小额打款,,'6952126199434974702,'6952126199434974702,,,,,,,普通订单,0,0,0,0,0,0,0,0,0,0,0,0,0,0,0,0,0,0,0,,0,义乌市亿芭电子商务商行,商家向消费者小额打款-“其他”
2026-04-20 14:12:07,'2026042014120224705766804795,出账,1,聚合账户,小额打款,,'6925587606468066746,'6925587606468066746,,,,,,,普通订单,0,0,0,0,0,0,0,0,0,0,0,0,0,0,0,0,0,0,0,,0,义乌市亿芭电子商务商行,商家向消费者小额打款-“其他”
2026-04-20 14:12:38,'2026042014123220387804664795,出账,1,聚合账户,小额打款,,'6925629690807549636,'6925629690807549636,,,,,,,普通订单,0,0,0,0,0,0,0,0,0,0,0,0,0,0,0,0,0,0,0,,0,义乌市亿芭电子商务商行,商家向消费者小额打款-“其他”
2026-04-20 14:13:30,'2026042014132418963341154795,出账,1,聚合账户,小额打款,,'6925386096471736138,'6925386096471736138,,,,,,,普通订单,0,0,0,0,0,0,0,0,0,0,0,0,0,0,0,0,0,0,0,,0,义乌市亿芭电子商务商行,商家向消费者小额打款-“其他”
2026-04-20 14:15:15,'2026042014150808556383134795,出账,1,聚合账户,小额打款,,'6925644075015830723,'6925644075015830723,,,,,,,普通订单,0,0,0,0,0,0,0,0,0,0,0,0,0,0,0,0,0,0,0,,0,义乌市亿芭电子商务商行,商家向消费者小额打款-“其他”
2026-04-20 14:16:24,'2026042014161604159575304795,出账,1,聚合账户,小额打款,,'6925621933054786674,'6925621933054786674,,,,,,,普通订单,0,0,0,0,0,0,0,0,0,0,0,0,0,0,0,0,0,0,0,,0,义乌市亿芭电子商务商行,商家向消费者小额打款-“其他”
2026-04-20 14:17:12,'2026042014170426516075794795,出账,1,聚合账户,小额打款,,'6952069342308931466,'6952069342308931466,,,,,,,普通订单,0,0,0,0,0,0,0,0,0,0,0,0,0,0,0,0,0,0,0,,0,义乌市亿芭电子商务商行,商家向消费者小额打款-“其他”
2026-04-20 14:17:54,'2026042014174433651428114795,出账,1,聚合账户,小额打款,,'6952067665121187681,'6952067665121187681,,,,,,,普通订单,0,0,0,0,0,0,0,0,0,0,0,0,0,0,0,0,0,0,0,,0,义乌市亿芭电子商务商行,商家向消费者小额打款-“其他”
2026-04-20 14:19:20,'2026042014191515360166494795,出账,1,聚合账户,小额打款,,'6925633094328024402,'6925633094328024402,,,,,,,普通订单,0,0,0,0,0,0,0,0,0,0,0,0,0,0,0,0,0,0,0,,0,义乌市亿芭电子商务商行,商家向消费者小额打款-“其他”
2026-04-20 14:19:51,'2026042014194218543910904795,入账,1.9,聚合账户,货款结算入账,小店自卖,'6925611331321953610,'6925611331321953610,'SS76296696785495334860089,2026-04-15 16:57:30,'3790879461549932720,韩系ins风高马尾香蕉夹竖夹女2025新款高级感发夹简约秋冬发饰,,,普通订单,0.01,0,0,1.99,0,0,0,0,0,0,0,0,-0.1,0,0,0,0,0,0,,0,义乌市亿芭电子商务商行,订单结算
2026-04-20 14:20:21,'2026042014201341512187154795,出账,2,聚合账户,小额打款,,'6952095548578927696,'6952095548578927696,,,,,,,普通订单,0,0,0,0,0,0,0,0,0,0,0,0,0,0,0,0,0,0,0,,0,义乌市亿芭电子商务商行,商家向消费者小额打款-“其他”
2026-04-20 14:20:53,'2026042014204601473907624795,出账,1,聚合账户,小额打款,,'6952052271484835371,'6952052271484835371,,,,,,,普通订单,0,0,0,0,0,0,0,0,0,0,0,0,0,0,0,0,0,0,0,,0,义乌市亿芭电子商务商行,商家向消费者小额打款-“其他”
2026-04-20 14:21:49,'2026042014214225211543104795,出账,1,聚合账户,小额打款,,'6925410229735160968,'6925410229735160968,,,,,,,普通订单,0,0,0,0,0,0,0,0,0,0,0,0,0,0,0,0,0,0,0,,0,义乌市亿芭电子商务商行,商家向消费者小额打款-“其他”
2026-04-20 14:22:02,'2026042014215515917386504795,出账,2,聚合账户,小额打款,,'6925662013794581538,'6925662013794581538,,,,,,,普通订单,0,0,0,0,0,0,0,0,0,0,0,0,0,0,0,0,0,0,0,,0,义乌市亿芭电子商务商行,商家向消费者小额打款-“其他”
2026-04-20 14:22:18,'2026042014221135736786324795,出账,2,聚合账户,小额打款,,'6952118743482570122,'6952118743482570122,,,,,,,普通订单,0,0,0,0,0,0,0,0,0,0,0,0,0,0,0,0,0,0,0,,0,义乌市亿芭电子商务商行,商家向消费者小额打款-“其他”
2026-04-20 14:22:49,'2026042014224207906435084795,出账,1,聚合账户,小额打款,,'6952065212125091284,'6952065212125091284,,,,,,,普通订单,0,0,0,0,0,0,0,0,0,0,0,0,0,0,0,0,0,0,0,,0,义乌市亿芭电子商务商行,商家向消费者小额打款-“其他”
2026-04-20 14:23:11,'2026042014230322229816474795,出账,1,聚合账户,小额打款,,'6952124027495781896,'6952124027495781896,,,,,,,普通订单,0,0,0,0,0,0,0,0,0,0,0,0,0,0,0,0,0,0,0,,0,义乌市亿芭电子商务商行,商家向消费者小额打款-“其他”
2026-04-20 14:24:40,'2026042014242803955307794795,出账,2,聚合账户,小额打款,,'6925643661546454125,'6925643661546454125,,,,,,,普通订单,0,0,0,0,0,0,0,0,0,0,0,0,0,0,0,0,0,0,0,,0,义乌市亿芭电子商务商行,商家向消费者小额打款-“其他”
2026-04-20 14:25:15,'2026042014250536018263444795,出账,1,聚合账户,小额打款,,'6925360521797205218,'6925360521797205218,,,,,,,普通订单,0,0,0,0,0,0,0,0,0,0,0,0,0,0,0,0,0,0,0,,0,义乌市亿芭电子商务商行,商家向消费者小额打款-“其他”
2026-04-20 14:25:27,'2026042014251804374369694795,入账,1.99,聚合账户,货款结算入账,小店自卖,'6925619580214410702,'6925619580214410702,'SS76296891437821465870202,2026-04-15 14:53:38,'3790879461549932720,韩系ins风高马尾香蕉夹竖夹女2025新款高级感发夹简约秋冬发饰,,,普通订单,0.01,0,0,1.99,0,0,0,0,0,0,0,0,-0.01,0,0,0,0,0,0,是-商品卡免佣,0.07,义乌市亿芭电子商务商行,订单结算
2026-04-20 14:26:33,'2026042014262324622697464795,出账,1,聚合账户,小额打款,,'6952050223599917029,'6952050223599917029,,,,,,,普通订单,0,0,0,0,0,0,0,0,0,0,0,0,0,0,0,0,0,0,0,,0,义乌市亿芭电子商务商行,商家向消费者小额打款-“其他”
2026-04-20 14:27:03,'2026042014265520854709764795,出账,2,聚合账户,小额打款,,'6952098820793570515,'6952098820793570515,,,,,,,普通订单,0,0,0,0,0,0,0,0,0,0,0,0,0,0,0,0,0,0,0,,0,义乌市亿芭电子商务商行,商家向消费者小额打款-“其他”
2026-04-20 14:27:41,'2026042014273236414758464795,出账,1,聚合账户,小额打款,,'6952069300805834144,'6952069300805834144,,,,,,,普通订单,0,0,0,0,0,0,0,0,0,0,0,0,0,0,0,0,0,0,0,,0,义乌市亿芭电子商务商行,商家向消费者小额打款-“其他”
2026-04-20 14:28:19,'2026042014280812970931464795,出账,1,聚合账户,小额打款,,'6925321914824818004,'6925321914824818004,,,,,,,普通订单,0,0,0,0,0,0,0,0,0,0,0,0,0,0,0,0,0,0,0,,0,义乌市亿芭电子商务商行,商家向消费者小额打款-“其他”
2026-04-20 14:30:11,'2026042014300131648855234795,出账,2,聚合账户,小额打款,,'6925663804465446542,'6925663804465446542,,,,,,,普通订单,0,0,0,0,0,0,0,0,0,0,0,0,0,0,0,0,0,0,0,,0,义乌市亿芭电子商务商行,商家向消费者小额打款-“其他”
2026-04-20 14:31:30,'2026042014312330997386334795,出账,2,聚合账户,小额打款,,'6952093004306781418,'6952093004306781418,,,,,,,普通订单,0,0,0,0,0,0,0,0,0,0,0,0,0,0,0,0,0,0,0,,0,义乌市亿芭电子商务商行,商家向消费者小额打款-“其他”
2026-04-20 14:32:21,'2026042014320835581793374795,出账,2,聚合账户,小额打款,,'6925628939768987000,'6925628939768987000,,,,,,,普通订单,0,0,0,0,0,0,0,0,0,0,0,0,0,0,0,0,0,0,0,,0,义乌市亿芭电子商务商行,商家向消费者小额打款-“其他”
2026-04-20 14:32:55,'2026042014324903071514104795,出账,2,聚合账户,小额打款,,'6925636449771487096,'6925636449771487096,,,,,,,普通订单,0,0,0,0,0,0,0,0,0,0,0,0,0,0,0,0,0,0,0,,0,义乌市亿芭电子商务商行,商家向消费者小额打款-“其他”
2026-04-20 14:42:12,'2026042014420130393310784795,出账,2,聚合账户,小额打款,,'6952145018044815045,'6952145018044815045,,,,,,,普通订单,0,0,0,0,0,0,0,0,0,0,0,0,0,0,0,0,0,0,0,,0,义乌市亿芭电子商务商行,商家向消费者小额打款-“其他”
2026-04-20 14:56:53,'2026042014564504540175704795,出账,2,聚合账户,小额打款,,'6925615733686697373,'6925615733686697373,,,,,,,普通订单,0,0,0,0,0,0,0,0,0,0,0,0,0,0,0,0,0,0,0,,0,义乌市亿芭电子商务商行,商家向消费者小额打款-“其他”
2026-04-20 14:59:28,'2026042014592110327165784795,出账,2,聚合账户,小额打款,,'6952106242187859779,'6952106242187859779,,,,,,,普通订单,0,0,0,0,0,0,0,0,0,0,0,0,0,0,0,0,0,0,0,,0,义乌市亿芭电子商务商行,商家向消费者小额打款-“其他”
2026-04-20 15:00:03,'2026042014595411749176844795,出账,2,聚合账户,小额打款,,'6952129778216080733,'6952129778216080733,,,,,,,普通订单,0,0,0,0,0,0,0,0,0,0,0,0,0,0,0,0,0,0,0,,0,义乌市亿芭电子商务商行,商家向消费者小额打款-“其他”
2026-04-20 15:02:15,'2026042015020601773778324795,出账,2,聚合账户,小额打款,,'6925632847470886531,'6925632847470886531,,,,,,,普通订单,0,0,0,0,0,0,0,0,0,0,0,0,0,0,0,0,0,0,0,,0,义乌市亿芭电子商务商行,商家向消费者小额打款-“其他”
2026-04-20 15:05:58,'2026042015055019304128364795,出账,2,聚合账户,小额打款,,'6925631657217916725,'6925631657217916725,,,,,,,普通订单,0,0,0,0,0,0,0,0,0,0,0,0,0,0,0,0,0,0,0,,0,义乌市亿芭电子商务商行,商家向消费者小额打款-“其他”
2026-04-20 15:07:12,'2026042015070230288819304795,入账,0.02,聚合账户,退款-订单退款触发-退分账,小店自卖,'6951852375391867939,'6951852375391867939,'147451033174964367,2026-04-05 21:47:23,'3807916024821579910,新款羽毛显发抓夹女时尚高马尾抓夹固定器复古毛绒发夹竖夹大抓夹,,,普通订单,0,0,0,0,0,0,0,0,0,0,0,0,0.02,0,0,0,0,0,0,,0,义乌市亿芭电子商务商行,服务费返还
2026-04-20 15:07:12,'2026042015070504335378014795,出账,3.89,聚合账户,退款-结算后退款-退用户,小店自卖,'6951852375391867939,'6951852375391867939,'147451033174964367,2026-04-05 21:47:23,'3807916024821579910,新款羽毛显发抓夹女时尚高马尾抓夹固定器复古毛绒发夹竖夹大抓夹,,,普通订单,0,0,0,0,0,0,0,0,0,0,0,-3.89,0,0,0,0,0,0,0,,0,义乌市亿芭电子商务商行,已退款
2026-04-20 15:08:10,'2026042015075921148802994795,出账,19000,聚合账户,提现,,,,,,,,,,普通订单,0,0,0,0,0,0,0,0,0,0,0,0,0,0,0,0,0,0,0,,0,义乌市亿芭电子商务商行,提现
2026-04-20 15:14:07,'2026042015135300406981224795,出账,2,聚合账户,小额打款,,'6952150027045443484,'6952150027045443484,,,,,,,普通订单,0,0,0,0,0,0,0,0,0,0,0,0,0,0,0,0,0,0,0,,0,义乌市亿芭电子商务商行,商家向消费者小额打款-“其他”
2026-04-20 15:14:44,'2026042015143315904776224795,入账,1.99,聚合账户,货款结算入账,小店自卖,'6952069340929857307,'6952069340929857307,'SS76297021710526920190026,2026-04-14 10:12:29,'3790879461549932720,韩系ins风高马尾香蕉夹竖夹女2025新款高级感发夹简约秋冬发饰,,,普通订单,0.01,0,0,1.99,0,0,0,0,0,0,0,0,-0.01,0,0,0,0,0,0,是-商品卡免佣,0.07,义乌市亿芭电子商务商行,订单结算
2026-04-20 15:14:44,'2026042015143227649810554795,入账,1.99,聚合账户,货款结算入账,小店自卖,'6951925180016628840,'6951925180016628840,'SS76295279488312612300107,2026-04-10 01:00:25,'3790879461549932720,韩系ins风高马尾香蕉夹竖夹女2025新款高级感发夹简约秋冬发饰,,,普通订单,0.01,0,0,1.99,0,0,0,0,0,0,0,0,-0.01,0,0,0,0,0,0,是-商品卡免佣,0.07,义乌市亿芭电子商务商行,订单结算
2026-04-20 15:14:44,'2026042015143313395889004795,入账,3.52,聚合账户,货款结算入账,小店自卖,'6951820438210942356,'6951820438210942356,'SS76295324867945111580081,2026-04-04 23:38:32,'3781982017927906160,新款米菲兔发夹大号横夹网红巨显发量香蕉后脑勺盘发百搭少女发饰,,,普通订单,0.01,0,0,3.53,0,0,0,0,0,0,0,0,-0.02,0,0,0,0,0,0,是-商品卡免佣,0.15,义乌市亿芭电子商务商行,订单结算
2026-04-20 15:14:44,'2026042015143330505047444795,入账,1.97,聚合账户,货款结算入账,小店自卖,'6925371462303514243,'6925371462303514243,'SS76295258751757519760003,2026-04-05 03:12:45,'3787169552576676059,虞书欣同款发扣新款圈小触角发扣金属水钻圆形刘海夹脏辫发卡头饰,,,普通订单,0.01,0,0,1.97,0,0,0,0,0,0,0,0,-0.01,0,0,0,0,0,0,是-商品卡免佣,0.07,义乌市亿芭电子商务商行,订单结算
2026-04-20 15:23:53,'2026042015234130809623144795,出账,2,聚合账户,小额打款,,'6952120634184242317,'6952120634184242317,,,,,,,普通订单,0,0,0,0,0,0,0,0,0,0,0,0,0,0,0,0,0,0,0,,0,义乌市亿芭电子商务商行,商家向消费者小额打款-“其他”
2026-04-20 15:27:00,'2026042015264841693519364795,出账,1,聚合账户,小额打款,,'6925634048058096900,'6925634048058096900,,,,,,,普通订单,0,0,0,0,0,0,0,0,0,0,0,0,0,0,0,0,0,0,0,,0,义乌市亿芭电子商务商行,商家向消费者小额打款-“其他”
2026-04-20 15:31:00,'2026042015304638477171304795,出账,2,聚合账户,小额打款,,'6925634331700133507,'6925634331700133507,,,,,,,普通订单,0,0,0,0,0,0,0,0,0,0,0,0,0,0,0,0,0,0,0,,0,义乌市亿芭电子商务商行,商家向消费者小额打款-“其他”
2026-04-20 15:37:06,'2026042015365330173804044795,出账,1,聚合账户,小额打款,,'6952105917801239794,'6952105917801239794,,,,,,,普通订单,0,0,0,0,0,0,0,0,0,0,0,0,0,0,0,0,0,0,0,,0,义乌市亿芭电子商务商行,商家向消费者小额打款-“其他”
2026-04-20 15:39:14,'2026042015390301388383264795,出账,2,聚合账户,小额打款,,'6925663266658024494,'6925663266658024494,,,,,,,普通订单,0,0,0,0,0,0,0,0,0,0,0,0,0,0,0,0,0,0,0,,0,义乌市亿芭电子商务商行,商家向消费者小额打款-“其他”
2026-04-20 15:43:51,'2026042015433934154417074795,出账,5.17,聚合账户,上门取件运费,,'6925341057812037340,'6925341057812037340,'147442008543344689,,,,,,普通订单,0,0,0,0,0,0,0,0,0,0,0,0,0,0,0,0,0,0,0,,0,义乌市亿芭电子商务商行,因商品存在品质问题，扣除商家相应金额进行运费赔付-订单6925341057812037340-售后单147442008543344689-运单JDX052185314480
2026-04-20 15:45:30,'2026042015452008391111874795,出账,1,聚合账户,小额打款,,'6952142405685351500,'6952142405685351500,,,,,,,普通订单,0,0,0,0,0,0,0,0,0,0,0,0,0,0,0,0,0,0,0,,0,义乌市亿芭电子商务商行,商家向消费者小额打款-“其他”
2026-04-20 15:49:04,'2026042015485309917936914795,出账,2,聚合账户,小额打款,,'6925665550373256393,'6925665550373256393,,,,,,,普通订单,0,0,0,0,0,0,0,0,0,0,0,0,0,0,0,0,0,0,0,,0,义乌市亿芭电子商务商行,商家向消费者小额打款-“其他”
2026-04-20 15:57:29,'2026042015571610491499874795,出账,1,聚合账户,小额打款,,'6925671705227721844,'6925671705227721844,,,,,,,普通订单,0,0,0,0,0,0,0,0,0,0,0,0,0,0,0,0,0,0,0,,0,义乌市亿芭电子商务商行,商家向消费者小额打款-“其他”
2026-04-20 15:59:44,'2026042015593402438110874795,出账,2,聚合账户,小额打款,,'6925645706803445123,'6925645706803445123,,,,,,,普通订单,0,0,0,0,0,0,0,0,0,0,0,0,0,0,0,0,0,0,0,,0,义乌市亿芭电子商务商行,商家向消费者小额打款-“其他”
2026-04-20 16:02:01,'2026042016015004914058604795,出账,1,聚合账户,小额打款,,'6925671705227721844,'6925671705227721844,,,,,,,普通订单,0,0,0,0,0,0,0,0,0,0,0,0,0,0,0,0,0,0,0,,0,义乌市亿芭电子商务商行,商家向消费者小额打款-“其他”
2026-04-20 16:02:12,'2026042016020418712496984795,出账,1,聚合账户,小额打款,,'6925640684709575795,'6925640684709575795,,,,,,,普通订单,0,0,0,0,0,0,0,0,0,0,0,0,0,0,0,0,0,0,0,,0,义乌市亿芭电子商务商行,商家向消费者小额打款-“其他”
2026-04-20 16:02:52,'2026042016024309650672744795,出账,2,聚合账户,小额打款,,'6925679051518607060,'6925679051518607060,,,,,,,普通订单,0,0,0,0,0,0,0,0,0,0,0,0,0,0,0,0,0,0,0,,0,义乌市亿芭电子商务商行,商家向消费者小额打款-“其他”
2026-04-20 16:04:57,'2026042016044739388782604795,出账,2,聚合账户,小额打款,,'6925674327652990554,'6925674327652990554,,,,,,,普通订单,0,0,0,0,0,0,0,0,0,0,0,0,0,0,0,0,0,0,0,,0,义乌市亿芭电子商务商行,商家向消费者小额打款-“其他”
2026-04-20 16:07:49,'2026042016073400892439314795,出账,2,聚合账户,小额打款,,'6952114987550644021,'6952114987550644021,,,,,,,普通订单,0,0,0,0,0,0,0,0,0,0,0,0,0,0,0,0,0,0,0,,0,义乌市亿芭电子商务商行,商家向消费者小额打款-“其他”
2026-04-20 16:10:32,'2026042016101709952960364795,出账,1,聚合账户,小额打款,,'6925667979640601923,'6925667979640601923,,,,,,,普通订单,0,0,0,0,0,0,0,0,0,0,0,0,0,0,0,0,0,0,0,,0,义乌市亿芭电子商务商行,商家向消费者小额打款-“其他”
2026-04-20 16:10:43,'2026042016102801394281594795,出账,1,聚合账户,小额打款,,'6925651918284226399,'6925651918284226399,,,,,,,普通订单,0,0,0,0,0,0,0,0,0,0,0,0,0,0,0,0,0,0,0,,0,义乌市亿芭电子商务商行,商家向消费者小额打款-“其他”
2026-04-20 16:12:41,'2026042016122827499771384795,出账,2,聚合账户,小额打款,,'6952123864309765293,'6952123864309765293,,,,,,,普通订单,0,0,0,0,0,0,0,0,0,0,0,0,0,0,0,0,0,0,0,,0,义乌市亿芭电子商务商行,商家向消费者小额打款-“其他”
2026-04-20 16:21:13,'2026042016205918722002264795,出账,2,聚合账户,小额打款,,'6925655281738808574,'6925655281738808574,,,,,,,普通订单,0,0,0,0,0,0,0,0,0,0,0,0,0,0,0,0,0,0,0,,0,义乌市亿芭电子商务商行,商家向消费者小额打款-“其他”
2026-04-20 16:27:52,'2026042016273802357010014795,出账,1,聚合账户,小额打款,,'6952066695000889112,'6952066695000889112,,,,,,,普通订单,0,0,0,0,0,0,0,0,0,0,0,0,0,0,0,0,0,0,0,,0,义乌市亿芭电子商务商行,商家向消费者小额打款-“其他”
2026-04-20 16:30:27,'2026042016301302328540674795,出账,2,聚合账户,小额打款,,'6925657788502278014,'6925657788502278014,,,,,,,普通订单,0,0,0,0,0,0,0,0,0,0,0,0,0,0,0,0,0,0,0,,0,义乌市亿芭电子商务商行,商家向消费者小额打款-“其他”
2026-04-20 16:31:05,'2026042016305129708132384795,出账,1,聚合账户,消费者赔付,,'6951583506125166188,'6951583506125166188,,,,,,,普通订单,0,0,0,0,0,0,0,0,0,0,0,0,0,0,0,0,0,0,0,,0,义乌市亿芭电子商务商行,因商家/商品存在「消极服务/嘲讽贬低消费者」问题，对消费者进行赔付
2026-04-20 16:40:10,'2026042016395601221926944795,出账,1,聚合账户,小额打款,,'6952160125897873317,'6952160125897873317,,,,,,,普通订单,0,0,0,0,0,0,0,0,0,0,0,0,0,0,0,0,0,0,0,,0,义乌市亿芭电子商务商行,商家向消费者小额打款-“其他”
2026-04-20 16:52:29,'2026042016521827861982814795,出账,1,聚合账户,小额打款,,'6925698748511518420,'6925698748511518420,,,,,,,普通订单,0,0,0,0,0,0,0,0,0,0,0,0,0,0,0,0,0,0,0,,0,义乌市亿芭电子商务商行,商家向消费者小额打款-“其他”
2026-04-20 17:04:29,'2026042017041723198111154795,出账,1,聚合账户,小额打款,,'6925646882298953396,'6925646882298953396,,,,,,,普通订单,0,0,0,0,0,0,0,0,0,0,0,0,0,0,0,0,0,0,0,,0,义乌市亿芭电子商务商行,商家向消费者小额打款-“其他”
2026-04-20 17:05:53,'2026042017054601930531844795,出账,1,聚合账户,小额打款,,'6925604848456138609,'6925604848456138609,,,,,,,普通订单,0,0,0,0,0,0,0,0,0,0,0,0,0,0,0,0,0,0,0,,0,义乌市亿芭电子商务商行,商家向消费者小额打款-“其他”
2026-04-20 17:11:04,'2026042017105033390433634795,出账,2,聚合账户,小额打款,,'6952150899307582488,'6952150899307582488,,,,,,,普通订单,0,0,0,0,0,0,0,0,0,0,0,0,0,0,0,0,0,0,0,,0,义乌市亿芭电子商务商行,商家向消费者小额打款-“其他”
2026-04-20 17:12:20,'2026042017120917407025154795,出账,2,聚合账户,小额打款,,'6925684085680733708,'6925684085680733708,,,,,,,普通订单,0,0,0,0,0,0,0,0,0,0,0,0,0,0,0,0,0,0,0,,0,义乌市亿芭电子商务商行,商家向消费者小额打款-“其他”
2026-04-20 17:15:34,'2026042017152032785042184795,出账,1,聚合账户,小额打款,,'6952171160879634124,'6952171160879634124,,,,,,,普通订单,0,0,0,0,0,0,0,0,0,0,0,0,0,0,0,0,0,0,0,,0,义乌市亿芭电子商务商行,商家向消费者小额打款-“其他”
2026-04-20 17:17:21,'2026042017171312213291794795,出账,2,聚合账户,小额打款,,'6952131960702702616,'6952131960702702616,,,,,,,普通订单,0,0,0,0,0,0,0,0,0,0,0,0,0,0,0,0,0,0,0,,0,义乌市亿芭电子商务商行,商家向消费者小额打款-“其他”
2026-04-20 17:21:26,'2026042017211308223956674795,出账,1,聚合账户,小额打款,,'6925672601918537396,'6925672601918537396,,,,,,,普通订单,0,0,0,0,0,0,0,0,0,0,0,0,0,0,0,0,0,0,0,,0,义乌市亿芭电子商务商行,商家向消费者小额打款-“其他”
2026-04-20 17:23:32,'2026042017231800131732634795,出账,1,聚合账户,小额打款,,'6925677821318037228,'6925677821318037228,,,,,,,普通订单,0,0,0,0,0,0,0,0,0,0,0,0,0,0,0,0,0,0,0,,0,义乌市亿芭电子商务商行,商家向消费者小额打款-“其他”
2026-04-20 17:28:17,'2026042017280423493353024795,出账,1,聚合账户,小额打款,,'6925663250415713816,'6925663250415713816,,,,,,,普通订单,0,0,0,0,0,0,0,0,0,0,0,0,0,0,0,0,0,0,0,,0,义乌市亿芭电子商务商行,商家向消费者小额打款-“其他”
2026-04-20 17:28:30,'2026042017281827641121634795,出账,1,聚合账户,小额打款,,'6925667376897424601,'6925667376897424601,,,,,,,普通订单,0,0,0,0,0,0,0,0,0,0,0,0,0,0,0,0,0,0,0,,0,义乌市亿芭电子商务商行,商家向消费者小额打款-“其他”
2026-04-20 17:29:31,'2026042017291704835417604795,出账,1,聚合账户,小额打款,,'6925604848456138609,'6925604848456138609,,,,,,,普通订单,0,0,0,0,0,0,0,0,0,0,0,0,0,0,0,0,0,0,0,,0,义乌市亿芭电子商务商行,商家向消费者小额打款-“其他”
2026-04-20 17:29:46,'2026042017293314600281604795,出账,1,聚合账户,小额打款,,'6925632259120725382,'6925632259120725382,,,,,,,普通订单,0,0,0,0,0,0,0,0,0,0,0,0,0,0,0,0,0,0,0,,0,义乌市亿芭电子商务商行,商家向消费者小额打款-“其他”
2026-04-20 17:31:04,'2026042017305136790154624795,出账,1,聚合账户,小额打款,,'6925663250415713816,'6925663250415713816,,,,,,,普通订单,0,0,0,0,0,0,0,0,0,0,0,0,0,0,0,0,0,0,0,,0,义乌市亿芭电子商务商行,商家向消费者小额打款-“其他”
2026-04-20 17:32:11,'2026042017315600558210654795,出账,1,聚合账户,小额打款,,'6925632259120725382,'6925632259120725382,,,,,,,普通订单,0,0,0,0,0,0,0,0,0,0,0,0,0,0,0,0,0,0,0,,0,义乌市亿芭电子商务商行,商家向消费者小额打款-“其他”
2026-04-20 17:32:42,'2026042017323005795023824795,出账,1,聚合账户,小额打款,,'6925686857979493564,'6925686857979493564,,,,,,,普通订单,0,0,0,0,0,0,0,0,0,0,0,0,0,0,0,0,0,0,0,,0,义乌市亿芭电子商务商行,商家向消费者小额打款-“其他”
2026-04-20 17:39:34,'2026042017392009199662584795,出账,2,聚合账户,小额打款,,'6952115396360738717,'6952115396360738717,,,,,,,普通订单,0,0,0,0,0,0,0,0,0,0,0,0,0,0,0,0,0,0,0,,0,义乌市亿芭电子商务商行,商家向消费者小额打款-“其他”
2026-04-20 17:39:56,'2026042017394211287762014795,出账,2,聚合账户,小额打款,,'6952150346212644396,'6952150346212644396,,,,,,,普通订单,0,0,0,0,0,0,0,0,0,0,0,0,0,0,0,0,0,0,0,,0,义乌市亿芭电子商务商行,商家向消费者小额打款-“其他”
2026-04-20 17:42:36,'2026042017422306861829534795,出账,2,聚合账户,小额打款,,'6952164519133058577,'6952164519133058577,,,,,,,普通订单,0,0,0,0,0,0,0,0,0,0,0,0,0,0,0,0,0,0,0,,0,义乌市亿芭电子商务商行,商家向消费者小额打款-“其他”
2026-04-20 17:45:59,'2026042017454739267906944795,出账,2,聚合账户,小额打款,,'6925705012104691178,'6925705012104691178,,,,,,,普通订单,0,0,0,0,0,0,0,0,0,0,0,0,0,0,0,0,0,0,0,,0,义乌市亿芭电子商务商行,商家向消费者小额打款-“其他”
2026-04-20 17:47:49,'2026042017473602995166824795,出账,2,聚合账户,小额打款,,'6925646256651795493,'6925646256651795493,,,,,,,普通订单,0,0,0,0,0,0,0,0,0,0,0,0,0,0,0,0,0,0,0,,0,义乌市亿芭电子商务商行,商家向消费者小额打款-“其他”
2026-04-20 17:48:04,'2026042017475127482529474795,出账,2,聚合账户,小额打款,,'6952139336532694082,'6952139336532694082,,,,,,,普通订单,0,0,0,0,0,0,0,0,0,0,0,0,0,0,0,0,0,0,0,,0,义乌市亿芭电子商务商行,商家向消费者小额打款-“其他”
2026-04-20 17:48:41,'2026042017482924340569604795,出账,1,聚合账户,小额打款,,'6952131276912923946,'6952131276912923946,,,,,,,普通订单,0,0,0,0,0,0,0,0,0,0,0,0,0,0,0,0,0,0,0,,0,义乌市亿芭电子商务商行,商家向消费者小额打款-“其他”
2026-04-20 17:50:19,'2026042017500435367488274795,出账,1,聚合账户,小额打款,,'6952131276912923946,'6952131276912923946,,,,,,,普通订单,0,0,0,0,0,0,0,0,0,0,0,0,0,0,0,0,0,0,0,,0,义乌市亿芭电子商务商行,商家向消费者小额打款-“其他”
2026-04-20 17:51:46,'2026042017513407810913914795,出账,2,聚合账户,小额打款,,'6925673604975853341,'6925673604975853341,,,,,,,普通订单,0,0,0,0,0,0,0,0,0,0,0,0,0,0,0,0,0,0,0,,0,义乌市亿芭电子商务商行,商家向消费者小额打款-“其他”
2026-04-20 17:51:56,'2026042017514740516982104795,出账,2,聚合账户,小额打款,,'6925703702956965766,'6925703702956965766,,,,,,,普通订单,0,0,0,0,0,0,0,0,0,0,0,0,0,0,0,0,0,0,0,,0,义乌市亿芭电子商务商行,商家向消费者小额打款-“其他”
2026-04-20 17:52:55,'2026042017524436661990924795,出账,1,聚合账户,小额打款,,'6952133312821925311,'6952133312821925311,,,,,,,普通订单,0,0,0,0,0,0,0,0,0,0,0,0,0,0,0,0,0,0,0,,0,义乌市亿芭电子商务商行,商家向消费者小额打款-“其他”
2026-04-20 17:53:45,'2026042017533514386509314795,出账,2,聚合账户,小额打款,,'6952165912683615788,'6952165912683615788,,,,,,,普通订单,0,0,0,0,0,0,0,0,0,0,0,0,0,0,0,0,0,0,0,,0,义乌市亿芭电子商务商行,商家向消费者小额打款-“其他”
2026-04-20 17:54:08,'2026042017535703282542434795,出账,2,聚合账户,小额打款,,'6925686051871554807,'6925686051871554807,,,,,,,普通订单,0,0,0,0,0,0,0,0,0,0,0,0,0,0,0,0,0,0,0,,0,义乌市亿芭电子商务商行,商家向消费者小额打款-“其他”
2026-04-20 17:58:03,'2026042017575001345131884795,出账,2,聚合账户,小额打款,,'6925696421055266635,'6925696421055266635,,,,,,,普通订单,0,0,0,0,0,0,0,0,0,0,0,0,0,0,0,0,0,0,0,,0,义乌市亿芭电子商务商行,商家向消费者小额打款-“其他”
2026-04-20 18:02:27,'2026042018021519632338354795,出账,2,聚合账户,小额打款,,'6952102838437222168,'6952102838437222168,,,,,,,普通订单,0,0,0,0,0,0,0,0,0,0,0,0,0,0,0,0,0,0,0,,0,义乌市亿芭电子商务商行,商家向消费者小额打款-“其他”
2026-04-20 18:04:06,'2026042018035628816061784795,出账,2,聚合账户,小额打款,,'6925696657167776804,'6925696657167776804,,,,,,,普通订单,0,0,0,0,0,0,0,0,0,0,0,0,0,0,0,0,0,0,0,,0,义乌市亿芭电子商务商行,商家向消费者小额打款-“其他”
2026-04-20 18:06:00,'2026042018055323588418834795,出账,2,聚合账户,小额打款,,'6952150331440436555,'6952150331440436555,,,,,,,普通订单,0,0,0,0,0,0,0,0,0,0,0,0,0,0,0,0,0,0,0,,0,义乌市亿芭电子商务商行,商家向消费者小额打款-“其他”
2026-04-20 18:11:47,'2026042018113339435640754795,出账,2,聚合账户,小额打款,,'6952104418055951565,'6952104418055951565,,,,,,,普通订单,0,0,0,0,0,0,0,0,0,0,0,0,0,0,0,0,0,0,0,,0,义乌市亿芭电子商务商行,商家向消费者小额打款-“其他”
2026-04-20 18:12:32,'2026042018121833607849114795,出账,1,聚合账户,小额打款,,'6925652093673766261,'6925652093673766261,,,,,,,普通订单,0,0,0,0,0,0,0,0,0,0,0,0,0,0,0,0,0,0,0,,0,义乌市亿芭电子商务商行,商家向消费者小额打款-“其他”
2026-04-20 18:14:22,'2026042018141017977390504795,出账,2,聚合账户,小额打款,,'6925646299450605214,'6925646299450605214,,,,,,,普通订单,0,0,0,0,0,0,0,0,0,0,0,0,0,0,0,0,0,0,0,,0,义乌市亿芭电子商务商行,商家向消费者小额打款-“其他”
2026-04-20 18:19:13,'2026042018190310658780424795,出账,2,聚合账户,小额打款,,'6925676740673568736,'6925676740673568736,,,,,,,普通订单,0,0,0,0,0,0,0,0,0,0,0,0,0,0,0,0,0,0,0,,0,义乌市亿芭电子商务商行,商家向消费者小额打款-“其他”
2026-04-20 18:20:34,'2026042018202224960704404795,出账,2,聚合账户,小额打款,,'6952142225594979944,'6952142225594979944,,,,,,,普通订单,0,0,0,0,0,0,0,0,0,0,0,0,0,0,0,0,0,0,0,,0,义乌市亿芭电子商务商行,商家向消费者小额打款-“其他”
2026-04-20 18:20:45,'2026042018203300340628944795,出账,1,聚合账户,小额打款,,'6925657062407830877,'6925657062407830877,,,,,,,普通订单,0,0,0,0,0,0,0,0,0,0,0,0,0,0,0,0,0,0,0,,0,义乌市亿芭电子商务商行,商家向消费者小额打款-“其他”
2026-04-20 18:26:15,'2026042018260003363966074795,出账,2,聚合账户,小额打款,,'6925671172356471863,'6925671172356471863,,,,,,,普通订单,0,0,0,0,0,0,0,0,0,0,0,0,0,0,0,0,0,0,0,,0,义乌市亿芭电子商务商行,商家向消费者小额打款-“其他”
2026-04-20 18:27:13,'2026042018265901122475524795,出账,2,聚合账户,小额打款,,'6925712489809345962,'6925712489809345962,,,,,,,普通订单,0,0,0,0,0,0,0,0,0,0,0,0,0,0,0,0,0,0,0,,0,义乌市亿芭电子商务商行,商家向消费者小额打款-“其他”
2026-04-20 18:32:14,'2026042018320217959165544795,出账,2,聚合账户,小额打款,,'6925672400796876204,'6925672400796876204,,,,,,,普通订单,0,0,0,0,0,0,0,0,0,0,0,0,0,0,0,0,0,0,0,,0,义乌市亿芭电子商务商行,商家向消费者小额打款-“其他”
2026-04-20 18:35:37,'2026042018352741160543124795,出账,1,聚合账户,小额打款,,'6925684725096939053,'6925684725096939053,,,,,,,普通订单,0,0,0,0,0,0,0,0,0,0,0,0,0,0,0,0,0,0,0,,0,义乌市亿芭电子商务商行,商家向消费者小额打款-“其他”
2026-04-20 18:35:50,'2026042018353834445565944795,出账,2,聚合账户,小额打款,,'6925681186088517414,'6925681186088517414,,,,,,,普通订单,0,0,0,0,0,0,0,0,0,0,0,0,0,0,0,0,0,0,0,,0,义乌市亿芭电子商务商行,商家向消费者小额打款-“其他”
2026-04-20 18:36:12,'2026042018355827651121274795,出账,2,聚合账户,小额打款,,'6925650650979859476,'6925650650979859476,,,,,,,普通订单,0,0,0,0,0,0,0,0,0,0,0,0,0,0,0,0,0,0,0,,0,义乌市亿芭电子商务商行,商家向消费者小额打款-“其他”
2026-04-20 18:40:40,'2026042018402510752494274795,出账,2,聚合账户,小额打款,,'6952193169505063973,'6952193169505063973,,,,,,,普通订单,0,0,0,0,0,0,0,0,0,0,0,0,0,0,0,0,0,0,0,,0,义乌市亿芭电子商务商行,商家向消费者小额打款-“其他”
2026-04-20 18:41:47,'2026042018413241118927884795,出账,2,聚合账户,小额打款,,'6925627370023059295,'6925627370023059295,,,,,,,普通订单,0,0,0,0,0,0,0,0,0,0,0,0,0,0,0,0,0,0,0,,0,义乌市亿芭电子商务商行,商家向消费者小额打款-“其他”
2026-04-20 18:42:43,'2026042018422814900104084795,出账,2,聚合账户,小额打款,,'6952185910981760954,'6952185910981760954,,,,,,,普通订单,0,0,0,0,0,0,0,0,0,0,0,0,0,0,0,0,0,0,0,,0,义乌市亿芭电子商务商行,商家向消费者小额打款-“其他”
2026-04-20 18:46:11,'2026042018460224454600184795,出账,2,聚合账户,小额打款,,'6925639520861519648,'6925639520861519648,,,,,,,普通订单,0,0,0,0,0,0,0,0,0,0,0,0,0,0,0,0,0,0,0,,0,义乌市亿芭电子商务商行,商家向消费者小额打款-“其他”
2026-04-20 18:47:13,'2026042018470030129566824795,出账,2,聚合账户,小额打款,,'6952170781185742582,'6952170781185742582,,,,,,,普通订单,0,0,0,0,0,0,0,0,0,0,0,0,0,0,0,0,0,0,0,,0,义乌市亿芭电子商务商行,商家向消费者小额打款-“其他”
2026-04-20 18:47:29,'2026042018471807864857664795,出账,2,聚合账户,小额打款,,'6952061626842027725,'6952061626842027725,,,,,,,普通订单,0,0,0,0,0,0,0,0,0,0,0,0,0,0,0,0,0,0,0,,0,义乌市亿芭电子商务商行,商家向消费者小额打款-“其他”
2026-04-20 18:53:47,'2026042018533238682793064795,出账,2,聚合账户,小额打款,,'6952131185005892895,'6952131185005892895,,,,,,,普通订单,0,0,0,0,0,0,0,0,0,0,0,0,0,0,0,0,0,0,0,,0,义乌市亿芭电子商务商行,商家向消费者小额打款-“其他”
2026-04-20 18:53:57,'2026042018534500272141264795,出账,2,聚合账户,小额打款,,'6952139549428421783,'6952139549428421783,,,,,,,普通订单,0,0,0,0,0,0,0,0,0,0,0,0,0,0,0,0,0,0,0,,0,义乌市亿芭电子商务商行,商家向消费者小额打款-“其他”
2026-04-20 18:54:06,'2026042018535529755028994795,出账,2,聚合账户,小额打款,,'6952166996691391744,'6952166996691391744,,,,,,,普通订单,0,0,0,0,0,0,0,0,0,0,0,0,0,0,0,0,0,0,0,,0,义乌市亿芭电子商务商行,商家向消费者小额打款-“其他”
2026-04-20 18:54:47,'2026042018543311710141534795,出账,2,聚合账户,小额打款,,'6952188384156194074,'6952188384156194074,,,,,,,普通订单,0,0,0,0,0,0,0,0,0,0,0,0,0,0,0,0,0,0,0,,0,义乌市亿芭电子商务商行,商家向消费者小额打款-“其他”
2026-04-20 18:56:45,'2026042018563218799496194795,出账,2,聚合账户,小额打款,,'6952137072253802266,'6952137072253802266,,,,,,,普通订单,0,0,0,0,0,0,0,0,0,0,0,0,0,0,0,0,0,0,0,,0,义乌市亿芭电子商务商行,商家向消费者小额打款-“其他”
2026-04-20 19:06:30,'2026042019062416444175864795,出账,2,聚合账户,小额打款,,'6925670559803146007,'6925670559803146007,,,,,,,普通订单,0,0,0,0,0,0,0,0,0,0,0,0,0,0,0,0,0,0,0,,0,义乌市亿芭电子商务商行,商家向消费者小额打款-“其他”
2026-04-20 19:07:47,'2026042019073613348541444795,出账,2,聚合账户,小额打款,,'6952159800613934413,'6952159800613934413,,,,,,,普通订单,0,0,0,0,0,0,0,0,0,0,0,0,0,0,0,0,0,0,0,,0,义乌市亿芭电子商务商行,商家向消费者小额打款-“其他”
2026-04-20 19:09:30,'2026042019091636713477464795,出账,2,聚合账户,小额打款,,'6952169819796608282,'6952169819796608282,,,,,,,普通订单,0,0,0,0,0,0,0,0,0,0,0,0,0,0,0,0,0,0,0,,0,义乌市亿芭电子商务商行,商家向消费者小额打款-“其他”
2026-04-20 19:12:01,'2026042019115001554191634795,出账,2,聚合账户,小额打款,,'6952150758926718693,'6952150758926718693,,,,,,,普通订单,0,0,0,0,0,0,0,0,0,0,0,0,0,0,0,0,0,0,0,,0,义乌市亿芭电子商务商行,商家向消费者小额打款-“其他”
2026-04-20 19:18:03,'2026042019175100378312194795,出账,1,聚合账户,小额打款,,'6952138009191257596,'6952138009191257596,,,,,,,普通订单,0,0,0,0,0,0,0,0,0,0,0,0,0,0,0,0,0,0,0,,0,义乌市亿芭电子商务商行,商家向消费者小额打款-“其他”
2026-04-20 19:18:14,'2026042019180319845780584795,出账,2,聚合账户,小额打款,,'6952165858254722412,'6952165858254722412,,,,,,,普通订单,0,0,0,0,0,0,0,0,0,0,0,0,0,0,0,0,0,0,0,,0,义乌市亿芭电子商务商行,商家向消费者小额打款-“其他”
2026-04-20 19:19:08,'2026042019185435204139924795,出账,2,聚合账户,小额打款,,'6925655191898061879,'6925655191898061879,,,,,,,普通订单,0,0,0,0,0,0,0,0,0,0,0,0,0,0,0,0,0,0,0,,0,义乌市亿芭电子商务商行,商家向消费者小额打款-“其他”
2026-04-20 19:22:39,'2026042019222722997079194795,出账,2,聚合账户,小额打款,,'6925683354461765362,'6925683354461765362,,,,,,,普通订单,0,0,0,0,0,0,0,0,0,0,0,0,0,0,0,0,0,0,0,,0,义乌市亿芭电子商务商行,商家向消费者小额打款-“其他”
2026-04-20 19:24:23,'2026042019240901238635614795,出账,2,聚合账户,小额打款,,'6952128392347457234,'6952128392347457234,,,,,,,普通订单,0,0,0,0,0,0,0,0,0,0,0,0,0,0,0,0,0,0,0,,0,义乌市亿芭电子商务商行,商家向消费者小额打款-“其他”
2026-04-20 19:29:52,'2026042019293902645407264795,出账,2,聚合账户,小额打款,,'6925660735569297319,'6925660735569297319,,,,,,,普通订单,0,0,0,0,0,0,0,0,0,0,0,0,0,0,0,0,0,0,0,,0,义乌市亿芭电子商务商行,商家向消费者小额打款-“其他”
2026-04-20 19:32:56,'2026042019324136668216474795,出账,2,聚合账户,小额打款,,'6925668166056181553,'6925668166056181553,,,,,,,普通订单,0,0,0,0,0,0,0,0,0,0,0,0,0,0,0,0,0,0,0,,0,义乌市亿芭电子商务商行,商家向消费者小额打款-“其他”
2026-04-20 19:34:02,'2026042019335002308186124795,出账,2,聚合账户,小额打款,,'6952154034766354247,'6952154034766354247,,,,,,,普通订单,0,0,0,0,0,0,0,0,0,0,0,0,0,0,0,0,0,0,0,,0,义乌市亿芭电子商务商行,商家向消费者小额打款-“其他”
2026-04-20 19:38:04,'2026042019375121734362234795,出账,2,聚合账户,小额打款,,'6925675167635373738,'6925675167635373738,,,,,,,普通订单,0,0,0,0,0,0,0,0,0,0,0,0,0,0,0,0,0,0,0,,0,义乌市亿芭电子商务商行,商家向消费者小额打款-“其他”
2026-04-20 19:42:05,'2026042019415313596759474795,出账,2,聚合账户,小额打款,,'6925616520435301985,'6925616520435301985,,,,,,,普通订单,0,0,0,0,0,0,0,0,0,0,0,0,0,0,0,0,0,0,0,,0,义乌市亿芭电子商务商行,商家向消费者小额打款-“其他”
2026-04-20 19:47:46,'2026042019473411408837754795,出账,2,聚合账户,小额打款,,'6952131616247846427,'6952131616247846427,,,,,,,普通订单,0,0,0,0,0,0,0,0,0,0,0,0,0,0,0,0,0,0,0,,0,义乌市亿芭电子商务商行,商家向消费者小额打款-“其他”
2026-04-20 19:54:59,'2026042019544829869184274795,出账,2,聚合账户,小额打款,,'6952153663882598301,'6952153663882598301,,,,,,,普通订单,0,0,0,0,0,0,0,0,0,0,0,0,0,0,0,0,0,0,0,,0,义乌市亿芭电子商务商行,商家向消费者小额打款-“其他”
2026-04-20 20:01:04,'2026042020005630959045474795,出账,2,聚合账户,小额打款,,'6925670841782075197,'6925670841782075197,,,,,,,普通订单,0,0,0,0,0,0,0,0,0,0,0,0,0,0,0,0,0,0,0,,0,义乌市亿芭电子商务商行,商家向消费者小额打款-“其他”
2026-04-20 20:04:25,'2026042020041010122698514795,出账,2,聚合账户,小额打款,,'6925681943873813555,'6925681943873813555,,,,,,,普通订单,0,0,0,0,0,0,0,0,0,0,0,0,0,0,0,0,0,0,0,,0,义乌市亿芭电子商务商行,商家向消费者小额打款-“其他”
2026-04-20 20:04:41,'2026042020042718358154664795,出账,2,聚合账户,小额打款,,'6952139156114969903,'6952139156114969903,,,,,,,普通订单,0,0,0,0,0,0,0,0,0,0,0,0,0,0,0,0,0,0,0,,0,义乌市亿芭电子商务商行,商家向消费者小额打款-“其他”
2026-04-20 20:05:21,'2026042020051226389591234795,出账,2,聚合账户,小额打款,,'6952169895138957247,'6952169895138957247,,,,,,,普通订单,0,0,0,0,0,0,0,0,0,0,0,0,0,0,0,0,0,0,0,,0,义乌市亿芭电子商务商行,商家向消费者小额打款-“其他”
2026-04-20 20:07:10,'2026042020065826679915784795,出账,2,聚合账户,小额打款,,'6925680812946324741,'6925680812946324741,,,,,,,普通订单,0,0,0,0,0,0,0,0,0,0,0,0,0,0,0,0,0,0,0,,0,义乌市亿芭电子商务商行,商家向消费者小额打款-“其他”
2026-04-20 20:07:30,'2026042020071507309560584795,出账,2,聚合账户,小额打款,,'6952118468367553635,'6952118468367553635,,,,,,,普通订单,0,0,0,0,0,0,0,0,0,0,0,0,0,0,0,0,0,0,0,,0,义乌市亿芭电子商务商行,商家向消费者小额打款-“其他”
2026-04-20 20:10:21,'2026042020100837182387724795,出账,2,聚合账户,小额打款,,'6952150332779533873,'6952150332779533873,,,,,,,普通订单,0,0,0,0,0,0,0,0,0,0,0,0,0,0,0,0,0,0,0,,0,义乌市亿芭电子商务商行,商家向消费者小额打款-“其他”
2026-04-20 20:10:35,'2026042020102100006558984795,出账,1,聚合账户,小额打款,,'6925627773239000361,'6925627773239000361,,,,,,,普通订单,0,0,0,0,0,0,0,0,0,0,0,0,0,0,0,0,0,0,0,,0,义乌市亿芭电子商务商行,商家向消费者小额打款-“其他”
2026-04-20 20:10:55,'2026042020104300342308354795,出账,1,聚合账户,小额打款,,'6952066682138465919,'6952066682138465919,,,,,,,普通订单,0,0,0,0,0,0,0,0,0,0,0,0,0,0,0,0,0,0,0,,0,义乌市亿芭电子商务商行,商家向消费者小额打款-“其他”
2026-04-20 20:11:07,'2026042020105519253868034795,出账,2,聚合账户,小额打款,,'6925679808278658566,'6925679808278658566,,,,,,,普通订单,0,0,0,0,0,0,0,0,0,0,0,0,0,0,0,0,0,0,0,,0,义乌市亿芭电子商务商行,商家向消费者小额打款-“其他”
2026-04-20 20:11:44,'2026042020112900557058754795,出账,1,聚合账户,小额打款,,'6952165832425084867,'6952165832425084867,,,,,,,普通订单,0,0,0,0,0,0,0,0,0,0,0,0,0,0,0,0,0,0,0,,0,义乌市亿芭电子商务商行,商家向消费者小额打款-“其他”
2026-04-20 20:13:54,'2026042020133931486817744795,出账,1,聚合账户,小额打款,,'6925586459649867502,'6925586459649867502,,,,,,,普通订单,0,0,0,0,0,0,0,0,0,0,0,0,0,0,0,0,0,0,0,,0,义乌市亿芭电子商务商行,商家向消费者小额打款-“其他”
2026-04-20 20:17:36,'2026042020172309968727564795,出账,1,聚合账户,小额打款,,'6925615527828225358,'6925615527828225358,,,,,,,普通订单,0,0,0,0,0,0,0,0,0,0,0,0,0,0,0,0,0,0,0,,0,义乌市亿芭电子商务商行,商家向消费者小额打款-“其他”
2026-04-20 20:19:48,'2026042020193301605965324795,出账,1,聚合账户,小额打款,,'6925615527828225358,'6925615527828225358,,,,,,,普通订单,0,0,0,0,0,0,0,0,0,0,0,0,0,0,0,0,0,0,0,,0,义乌市亿芭电子商务商行,商家向消费者小额打款-“其他”
2026-04-20 20:20:03,'2026042020195100356027344795,出账,2,聚合账户,小额打款,,'6925678690853813706,'6925678690853813706,,,,,,,普通订单,0,0,0,0,0,0,0,0,0,0,0,0,0,0,0,0,0,0,0,,0,义乌市亿芭电子商务商行,商家向消费者小额打款-“其他”
2026-04-20 20:22:20,'2026042020220530923166984795,出账,1,聚合账户,小额打款,,'6952148693317588592,'6952148693317588592,,,,,,,普通订单,0,0,0,0,0,0,0,0,0,0,0,0,0,0,0,0,0,0,0,,0,义乌市亿芭电子商务商行,商家向消费者小额打款-“其他”
2026-04-20 20:23:36,'2026042020232136836150184795,出账,2,聚合账户,小额打款,,'6925663517158047232,'6925663517158047232,,,,,,,普通订单,0,0,0,0,0,0,0,0,0,0,0,0,0,0,0,0,0,0,0,,0,义乌市亿芭电子商务商行,商家向消费者小额打款-“其他”
2026-04-20 20:33:05,'2026042020325104285117824795,出账,2,聚合账户,小额打款,,'6925667057533484889,'6925667057533484889,,,,,,,普通订单,0,0,0,0,0,0,0,0,0,0,0,0,0,0,0,0,0,0,0,,0,义乌市亿芭电子商务商行,商家向消费者小额打款-“其他”
2026-04-20 20:34:28,'2026042020341400735523944795,出账,1,聚合账户,小额打款,,'6952143222404486219,'6952143222404486219,,,,,,,普通订单,0,0,0,0,0,0,0,0,0,0,0,0,0,0,0,0,0,0,0,,0,义乌市亿芭电子商务商行,商家向消费者小额打款-“其他”
2026-04-20 20:43:17,'2026042020430315280706924795,出账,2,聚合账户,小额打款,,'6952124869072918146,'6952124869072918146,,,,,,,普通订单,0,0,0,0,0,0,0,0,0,0,0,0,0,0,0,0,0,0,0,,0,义乌市亿芭电子商务商行,商家向消费者小额打款-“其他”
2026-04-20 20:46:28,'2026042020461637778273544795,出账,2,聚合账户,小额打款,,'6925683437617249918,'6925683437617249918,,,,,,,普通订单,0,0,0,0,0,0,0,0,0,0,0,0,0,0,0,0,0,0,0,,0,义乌市亿芭电子商务商行,商家向消费者小额打款-“其他”
2026-04-20 21:09:23,'2026042021090919762716684795,出账,2,聚合账户,小额打款,,'6925613077828173671,'6925613077828173671,,,,,,,普通订单,0,0,0,0,0,0,0,0,0,0,0,0,0,0,0,0,0,0,0,,0,义乌市亿芭电子商务商行,商家向消费者小额打款-“其他”
2026-04-20 21:10:00,'2026042021094500233149714795,出账,2,聚合账户,小额打款,,'6952102854681826498,'6952102854681826498,,,,,,,普通订单,0,0,0,0,0,0,0,0,0,0,0,0,0,0,0,0,0,0,0,,0,义乌市亿芭电子商务商行,商家向消费者小额打款-“其他”
2026-04-20 21:21:38,'2026042021212815373606554795,出账,2,聚合账户,小额打款,,'6925691920408411660,'6925691920408411660,,,,,,,普通订单,0,0,0,0,0,0,0,0,0,0,0,0,0,0,0,0,0,0,0,,0,义乌市亿芭电子商务商行,商家向消费者小额打款-“其他”
2026-04-20 21:22:02,'2026042021214808253120464795,出账,2,聚合账户,小额打款,,'6952157591011071176,'6952157591011071176,,,,,,,普通订单,0,0,0,0,0,0,0,0,0,0,0,0,0,0,0,0,0,0,0,,0,义乌市亿芭电子商务商行,商家向消费者小额打款-“其他”
2026-04-20 21:26:25,'2026042021261430996280414795,出账,2,聚合账户,小额打款,,'6952192947767023470,'6952192947767023470,,,,,,,普通订单,0,0,0,0,0,0,0,0,0,0,0,0,0,0,0,0,0,0,0,,0,义乌市亿芭电子商务商行,商家向消费者小额打款-“其他”
2026-04-20 21:27:36,'2026042021272400965842354795,出账,2,聚合账户,小额打款,,'6952120235307570801,'6952120235307570801,,,,,,,普通订单,0,0,0,0,0,0,0,0,0,0,0,0,0,0,0,0,0,0,0,,0,义乌市亿芭电子商务商行,商家向消费者小额打款-“其他”
2026-04-20 21:42:45,'2026042021423203610711304795,出账,1,聚合账户,小额打款,,'6925618139880127700,'6925618139880127700,,,,,,,普通订单,0,0,0,0,0,0,0,0,0,0,0,0,0,0,0,0,0,0,0,,0,义乌市亿芭电子商务商行,商家向消费者小额打款-“其他”
2026-04-20 21:49:25,'2026042021491400319657484795,入账,0.02,聚合账户,退款-订单退款触发-退分账,小店自卖,'6925349831894269561,'6925349831894269561,'147451437977108921,2026-04-04 23:22:30,'3781982017927906160,新款米菲兔发夹大号横夹网红巨显发量香蕉后脑勺盘发百搭少女发饰,,,普通订单,0,0,0,0,0,0,0,0,0,0,0,0,0.02,0,0,0,0,0,0,,0,义乌市亿芭电子商务商行,服务费返还
2026-04-20 21:49:26,'2026042021491301981811604795,出账,0.57,聚合账户,退款-结算后退款-退用户,小店自卖,'6925349831894269561,'6925349831894269561,'147451437977108921,2026-04-04 23:22:30,'3781982017927906160,新款米菲兔发夹大号横夹网红巨显发量香蕉后脑勺盘发百搭少女发饰,,,普通订单,0,0,0,0,0,0,0,0,0,0,0,-0.57,0,0,0,0,0,0,0,,0,义乌市亿芭电子商务商行,已退款
2026-04-20 21:49:27,'2026042021491200557757844795,出账,2.95,聚合账户,退款-订单退款触发-退补贴,小店自卖,'6925349831894269561,'6925349831894269561,'147451437977108921,2026-04-04 23:22:30,'3781982017927906160,新款米菲兔发夹大号横夹网红巨显发量香蕉后脑勺盘发百搭少女发饰,,,普通订单,0,0,0,-2.95,0,0,0,0,0,0,0,0,0,0,0,0,0,0,0,,0,义乌市亿芭电子商务商行,平台补贴扣回
2026-04-20 21:51:36,'2026042021512318650281594795,出账,2,聚合账户,小额打款,,'6952167800623207983,'6952167800623207983,,,,,,,普通订单,0,0,0,0,0,0,0,0,0,0,0,0,0,0,0,0,0,0,0,,0,义乌市亿芭电子商务商行,商家向消费者小额打款-“其他”
2026-04-20 21:55:08,'2026042021545600168760754795,入账,0.01,聚合账户,退款-订单退款触发-退分账,小店自卖,'6951897047406416926,'6951897047406416926,'147449491637661952,2026-04-07 16:06:19,'3790879461549932720,韩系ins风高马尾香蕉夹竖夹女2025新款高级感发夹简约秋冬发饰,,,普通订单,0,0,0,0,0,0,0,0,0,0,0,0,0.01,0,0,0,0,0,0,,0,义乌市亿芭电子商务商行,服务费返还
2026-04-20 21:55:08,'2026042021545514141196864795,出账,2,聚合账户,退款-结算后退款-退用户,小店自卖,'6951897047406416926,'6951897047406416926,'147449491637661952,2026-04-07 16:06:19,'3790879461549932720,韩系ins风高马尾香蕉夹竖夹女2025新款高级感发夹简约秋冬发饰,,,普通订单,0,0,0,0,0,0,0,0,0,0,0,-2,0,0,0,0,0,0,0,,0,义乌市亿芭电子商务商行,已退款
2026-04-20 21:58:43,'2026042021583005904146304795,出账,1,聚合账户,小额打款,,'6925594712703139695,'6925594712703139695,,,,,,,普通订单,0,0,0,0,0,0,0,0,0,0,0,0,0,0,0,0,0,0,0,,0,义乌市亿芭电子商务商行,商家向消费者小额打款-“其他”
2026-04-20 21:59:31,'2026042021591933974029144795,出账,1,聚合账户,小额打款,,'6952189163844211765,'6952189163844211765,,,,,,,普通订单,0,0,0,0,0,0,0,0,0,0,0,0,0,0,0,0,0,0,0,,0,义乌市亿芭电子商务商行,商家向消费者小额打款-“其他”
2026-04-20 22:16:34,'2026042022162505105753754795,出账,1,聚合账户,小额打款,,'6952147676917536141,'6952147676917536141,,,,,,,普通订单,0,0,0,0,0,0,0,0,0,0,0,0,0,0,0,0,0,0,0,,0,义乌市亿芭电子商务商行,商家向消费者小额打款-“其他”
2026-04-20 22:17:10,'2026042022170019504378974795,出账,2,聚合账户,小额打款,,'6925605700032691727,'6925605700032691727,,,,,,,普通订单,0,0,0,0,0,0,0,0,0,0,0,0,0,0,0,0,0,0,0,,0,义乌市亿芭电子商务商行,商家向消费者小额打款-“其他”
2026-04-20 22:34:19,'2026042022340500049154624795,出账,2,聚合账户,小额打款,,'6925689389212728808,'6925689389212728808,,,,,,,普通订单,0,0,0,0,0,0,0,0,0,0,0,0,0,0,0,0,0,0,0,,0,义乌市亿芭电子商务商行,商家向消费者小额打款-“其他”
2026-04-20 22:35:09,'2026042022345705520430584795,出账,2,聚合账户,小额打款,,'6925672611446357564,'6925672611446357564,,,,,,,普通订单,0,0,0,0,0,0,0,0,0,0,0,0,0,0,0,0,0,0,0,,0,义乌市亿芭电子商务商行,商家向消费者小额打款-“其他”
2026-04-20 22:42:17,'2026042022420206676976834795,出账,2,聚合账户,小额打款,,'6952173690543085487,'6952173690543085487,,,,,,,普通订单,0,0,0,0,0,0,0,0,0,0,0,0,0,0,0,0,0,0,0,,0,义乌市亿芭电子商务商行,商家向消费者小额打款-“其他”
2026-04-20 22:50:11,'2026042022500004952929344795,出账,2,聚合账户,小额打款,,'6952148594852631876,'6952148594852631876,,,,,,,普通订单,0,0,0,0,0,0,0,0,0,0,0,0,0,0,0,0,0,0,0,,0,义乌市亿芭电子商务商行,商家向消费者小额打款-“其他”
2026-04-20 22:54:47,'2026042022543400253959944795,出账,1,聚合账户,小额打款,,'6952141133529814862,'6952141133529814862,,,,,,,普通订单,0,0,0,0,0,0,0,0,0,0,0,0,0,0,0,0,0,0,0,,0,义乌市亿芭电子商务商行,商家向消费者小额打款-“其他”
2026-04-20 22:57:56,'2026042022574504661256064795,出账,2,聚合账户,小额打款,,'6925671282631736551,'6925671282631736551,,,,,,,普通订单,0,0,0,0,0,0,0,0,0,0,0,0,0,0,0,0,0,0,0,,0,义乌市亿芭电子商务商行,商家向消费者小额打款-“其他”
2026-04-20 23:05:10,'2026042023050028650708744795,出账,2,聚合账户,小额打款,,'6952128895782753701,'6952128895782753701,,,,,,,普通订单,0,0,0,0,0,0,0,0,0,0,0,0,0,0,0,0,0,0,0,,0,义乌市亿芭电子商务商行,商家向消费者小额打款-“其他”
2026-04-20 23:07:29,'2026042023071805289254864795,出账,1,聚合账户,小额打款,,'6952127204479408006,'6952127204479408006,,,,,,,普通订单,0,0,0,0,0,0,0,0,0,0,0,0,0,0,0,0,0,0,0,,0,义乌市亿芭电子商务商行,商家向消费者小额打款-“其他”
2026-04-20 23:07:43,'2026042023072938533207044795,出账,1,聚合账户,小额打款,,'6952163260470531914,'6952163260470531914,,,,,,,普通订单,0,0,0,0,0,0,0,0,0,0,0,0,0,0,0,0,0,0,0,,0,义乌市亿芭电子商务商行,商家向消费者小额打款-“其他”
2026-04-20 23:45:22,'2026042023451002770744584795,出账,2,聚合账户,小额打款,,'6952146549798016498,'6952146549798016498,,,,,,,普通订单,0,0,0,0,0,0,0,0,0,0,0,0,0,0,0,0,0,0,0,,0,义乌市亿芭电子商务商行,商家向消费者小额打款-“其他”
