动账时间,动帐流水号,动账方向,动账金额,动账账户,动账场景,计费类型,子订单号,订单号,售后编号,下单时间,商品ID,商品名称,达人ID,达人名称,订单类型,订单实付应结,运费实付,实际平台补贴_运费,实际平台补贴,其他平台补贴,以旧换新抵扣,政府补贴平台垫资,实际达人补贴,实际抖音支付补贴,实际抖音月付营销补贴,银行补贴,订单退款,平台服务费,佣金,服务商佣金,渠道分成,招商服务费,站外推广费,其他分成,是否免佣,免佣金额,商户主体名称,备注
2026-04-20 00:43:00,'2026042000424604765949782131,入账,0.03,聚合账户,退款-订单退款触发-分账,小店自卖,'6952194386204891040,'6952194386204891040,'147449105791924258,2026-04-18 21:56:11,'3754886570348511555,简约发夹头饰发量多发卡高级感发饰头饰抓夹大号亚克力黑色鲨鱼夹,,,普通订单,0.03,0,0,0,0,0,0,0,0,0,0,0,0,0,0,0,0,0,0,,0,义乌市黎既电子商务商行（个体工商户）,签到领现金追缴用户后商家退回平台返现金额
2026-04-20 00:43:01,'2026042000424716303109122131,出账,0.03,聚合账户,平台返现/返券活动追缴用户退回平台,小店自卖,'6952194386204891040,'6952194386204891040,'147449105791924258,2026-04-18 21:56:11,'3754886570348511555,简约发夹头饰发量多发卡高级感发饰头饰抓夹大号亚克力黑色鲨鱼夹,,,普通订单,0,0,0,0,0,0,0,0,0,0,0,0,0,0,0,0,0,0,0,,0,义乌市黎既电子商务商行（个体工商户）,签到领现金追缴用户后商家退回平台返现金额
2026-04-20 01:08:50,'2026042001084616328996112131,入账,2.88,聚合账户,货款结算入账,小店自卖,'6925483317922397187,'6925483317922397187,'SS76281695802988180630188,2026-04-10 08:50:07,'3807732934811713667,新款牡丹花羽毛抓夹女高颜值轻奢时尚百搭鲨鱼夹发饰头饰夹发神器,,,普通订单,3.89,0,0,0,0,0,0,0,0,0,0,-1,-0.01,0,0,0,0,0,0,是-商品卡免佣,0.07,义乌市黎既电子商务商行（个体工商户）,订单结算
2026-04-20 01:08:50,'2026042001084720347295142131,入账,4.83,聚合账户,货款结算入账,小店自卖,'6951959371117041524,'6951959371117041524,'SS76296605684501713920037,2026-04-10 16:05:15,'3769166767633596891,软硅胶抓夹鲨鱼夹安全新款发夹大号防摔不易碎后脑勺盘发夹子发饰,,,普通订单,4.86,0,0,0,0,0,0,0,0,0,0,0,-0.03,0,0,0,0,0,0,是-商品卡免佣,0.22,义乌市黎既电子商务商行（个体工商户）,订单结算
2026-04-20 01:08:50,'2026042001084626482816432131,入账,5.26,聚合账户,货款结算入账,小店自卖,'6951950386205890327,'6951950386205890327,'SS76296066496954376060077,2026-04-10 12:40:30,'3751345399902896376,儿童发饰后脑勺碎发神器发梳女童刘海插梳整理发卡网红发夹头饰女,,,普通订单,5.54,0.55,0,0,0,0,0,0,0,0,0,0,-0.28,0,0,0,0,0,0,,0,义乌市黎既电子商务商行（个体工商户）,订单结算
2026-04-20 01:08:50,'2026042001084625971102782131,入账,3.81,聚合账户,货款结算入账,小店自卖,'6951972539532580341,'6951972539532580341,'SS76296065507389442970242,2026-04-10 13:21:05,'3784368456477049055,韩国气质碎钻满天星抓夹女后脑勺半扎发鲨鱼夹发量少百搭发卡头饰,,,普通订单,3.83,0,0,0,0,0,0,0,0,0,0,0,-0.02,0,0,0,0,0,0,是-商品卡免佣,0.15,义乌市黎既电子商务商行（个体工商户）,订单结算
2026-04-20 01:08:51,'2026042001084519886087942131,入账,2.94,聚合账户,货款结算入账,小店自卖,'6925476296084192763,'6925476296084192763,'SS76296162542567101940229,2026-04-09 21:55:40,'3769870193174642697,2025春夏新款轻奢边夹时尚气质一字发夹女后脑勺扭扭夹女,,,普通订单,2.96,0,0,0,0,0,0,0,0,0,0,0,-0.02,0,0,0,0,0,0,是-商品卡免佣,0.15,义乌市黎既电子商务商行（个体工商户）,订单结算
2026-04-20 01:08:51,'2026042001084626270315612131,入账,8.41,聚合账户,货款结算入账,小店自卖,'6925481912564612598,'6925481912564612598,'SS76296596278147817500190,2026-04-10 15:11:50,'3673976773902729360,发夹女后脑勺珍珠发卡大号盘发鲨鱼夹韩国ins网红气质头饰抓发夹,,,普通订单,8.46,0.9,0,0,0,0,0,0,0,0,0,0,-0.05,0,0,0,0,0,0,是-商品卡免佣,0.37,义乌市黎既电子商务商行（个体工商户）,订单结算
2026-04-20 01:08:51,'2026042001084637507282022131,入账,7.42,聚合账户,货款结算入账,小店自卖,'6925501151874219781,'6925501151874219781,'SS76296607461166287450101,2026-04-10 14:29:08,'3809066593007304713,疯狂动物城同款头饰兔子警官帽子发夹发圈侧边夹女生拍照毛绒发饰,,,普通订单,7.46,0,0,0,0,0,0,0,0,0,0,0,-0.04,0,0,0,0,0,0,是-商品卡免佣,0.29,义乌市黎既电子商务商行（个体工商户）,订单结算
2026-04-20 01:08:51,'2026042001084504489710712131,入账,6.96,聚合账户,货款结算入账,小店自卖,'6951947103556081254,'6951947103556081254,'SS76295534997816284670039,2026-04-09 22:32:31,'3673607243682676924,可爱仿真食物迷你夹奇奇怪怪瓜子玉米发夹搞怪食玩米饭荷包蛋夹子,,,普通订单,7,0,0,0,0,0,0,0,0,0,0,0,-0.04,0,0,0,0,0,0,是-商品卡免佣,0.29,义乌市黎既电子商务商行（个体工商户）,订单结算
2026-04-20 01:08:51,'2026042001084632673636382131,入账,10.88,聚合账户,货款结算入账,小店自卖,'6952002646553334900,'6952002646553334900,'SS76296124175552192340053,2026-04-12 15:12:15,'3796640026289373330,蝴蝶结鸭嘴夹小香风毛呢爆款发夹后脑勺气质洋气盘发一字夹子,,,普通订单,10.95,0,0,0,0,0,0,0,0,0,0,0,-0.07,0,0,0,0,0,0,是-商品卡免佣,0.51,义乌市黎既电子商务商行（个体工商户）,订单结算
2026-04-20 01:08:51,'2026042001084702856883562131,入账,9.2,聚合账户,货款结算入账,小店自卖,'6952048238644696601,'6952048238644696601,'SS76296435394380272910187,2026-04-13 14:48:07,'3800879721751904272,俏皮新奇海绵发箍女2026新款提升颅顶头箍搞怪大眼仔发卡洁面发饰,,,普通订单,9.26,0,0,0,0,0,0,0,0,0,0,0,-0.06,0,0,0,0,0,0,是-商品卡免佣,0.44,义乌市黎既电子商务商行（个体工商户）,订单结算
2026-04-20 01:09:02,'2026042001085815496814142131,入账,2.85,聚合账户,货款结算入账,小店自卖,'6951938358442398986,'6951938358442398986,'SS76295517856484602980087,2026-04-09 17:11:43,'3747800080678256720,夏季网红新款小草头上发夹长草可爱超萌碎豆芽夹子头顶搞怪发饰,,,普通订单,2.87,0,0,0,0,0,0,0,0,0,0,0,-0.02,0,0,0,0,0,0,是-商品卡免佣,0.15,义乌市黎既电子商务商行（个体工商户）,订单结算
2026-04-20 01:09:02,'2026042001085905922004902131,入账,4.31,聚合账户,货款结算入账,小店自卖,'6951947448003729194,'6951947448003729194,'SS76295522282646942870026,2026-04-10 07:43:49,'3767836959792300411,法式高级感超大号弧形抓夹女新款后脑勺盘发夹发量大鲨鱼夹发卡夹,,,普通订单,4.34,0,0,0,0,0,0,0,0,0,0,0,-0.03,0,0,0,0,0,0,是-商品卡免佣,0.22,义乌市黎既电子商务商行（个体工商户）,订单结算
2026-04-20 01:09:02,'2026042001085805332180542131,入账,2.67,聚合账户,货款结算入账,小店自卖,'6951931473884223122,'6951931473884223122,'SS76295558230315179790228,2026-04-09 16:58:34,'3784368456477049055,韩国气质碎钻满天星抓夹女后脑勺半扎发鲨鱼夹发量少百搭发卡头饰,,,普通订单,0.19,0,0,0,0,0,0,0,2.5,0,0,0,-0.02,0,0,0,0,0,0,是-商品卡免佣,0.15,义乌市黎既电子商务商行（个体工商户）,订单结算
2026-04-20 01:09:02,'2026042001085802485499262131,入账,3.61,聚合账户,货款结算入账,小店自卖,'6925466975898860809,'6925466975898860809,'SS76295517550217633380020,2026-04-09 15:47:52,'3806450472450130341,新款复古抓夹女豹纹蝴蝶结鲨鱼夹2026后脑勺盘发发夹高级感发饰,,,普通订单,3.63,0,0,0,0,0,0,0,0,0,0,0,-0.02,0,0,0,0,0,0,是-商品卡免佣,0.15,义乌市黎既电子商务商行（个体工商户）,订单结算
2026-04-20 01:09:02,'2026042001085539814272102131,入账,4.35,聚合账户,货款结算入账,小店自卖,'6925469307082341993,'6925469307082341993,'SS76295533612943444580093,2026-04-09 20:14:27,'3673976773902729360,发夹女后脑勺珍珠发卡大号盘发鲨鱼夹韩国ins网红气质头饰抓发夹,,,普通订单,4.38,0.9,0,0,0,0,0,0,0,0,0,0,-0.03,0,0,0,0,0,0,是-商品卡免佣,0.22,义乌市黎既电子商务商行（个体工商户）,订单结算
2026-04-20 01:09:03,'2026042001085932308106242131,入账,3.61,聚合账户,货款结算入账,小店自卖,'6951933612851664322,'6951933612851664322,'SS76295517326284928100178,2026-04-09 17:52:17,'3806450472450130341,新款复古抓夹女豹纹蝴蝶结鲨鱼夹2026后脑勺盘发发夹高级感发饰,,,普通订单,3.63,0,0,0,0,0,0,0,0,0,0,0,-0.02,0,0,0,0,0,0,是-商品卡免佣,0.15,义乌市黎既电子商务商行（个体工商户）,订单结算
2026-04-20 01:09:03,'2026042001085824047662232131,入账,5.71,聚合账户,货款结算入账,小店自卖,'6952029403647579832,'6952029403647579832,'SS76296226025584236060135,2026-04-12 21:10:09,'3673057951649759338,小皮筋小女孩头绳发绳透明多彩小号一次性皮筋儿童橡皮筋发饰扎头,,,普通订单,5.74,1.15,0,0,0,0,0,0,0,0,0,0,-0.03,0,0,0,0,0,0,是-商品卡免佣,0.22,义乌市黎既电子商务商行（个体工商户）,订单结算
2026-04-20 01:09:03,'2026042001085929446190082131,入账,5.08,聚合账户,货款结算入账,小店自卖,'6951924655763625078,'6951924655763625078,'SS76296148228537720840115,2026-04-09 19:03:42,'3746150076641313252,网红简约ins纯色宽边发带高颅顶白色发箍女运动健身夏季头饰发饰,,,普通订单,5.11,0.9,0,0,0,0,0,0,0,0,0,0,-0.03,0,0,0,0,0,0,是-商品卡免佣,0.22,义乌市黎既电子商务商行（个体工商户）,订单结算
2026-04-20 01:09:03,'2026042001085821234160992131,入账,5.34,聚合账户,货款结算入账,小店自卖,'6952024306623846178,'6952024306623846178,'SS76295633353022059950245,2026-04-12 14:21:37,'3746535904131547242,高级爱心2025新款鲨鱼后脑勺发夹甜美发抓夹飘带蝴蝶抓夹甜妹发饰,,,普通订单,5.37,1.55,0,0,0,0,0,0,0,0,0,0,-0.03,0,0,0,0,0,0,是-商品卡免佣,0.22,义乌市黎既电子商务商行（个体工商户）,订单结算
2026-04-20 01:09:03,'2026042001085939091123702131,入账,3.35,聚合账户,货款结算入账,精选联盟,'6925469446783008699,'6925469446783008699,'SS76296149873254080000197,2026-04-09 20:53:25,'3746150076641313252,网红简约ins纯色宽边发带高颅顶白色发箍女运动健身夏季头饰发饰,'59588219217,楠熹优选,普通订单,3.77,0.9,0,0,0,0,0,0,0,0,0,0,-0.19,-0.23,0,0,0,0,0,,0,义乌市黎既电子商务商行（个体工商户）,订单结算
2026-04-20 01:09:19,'2026042001091407047132262131,入账,1.79,聚合账户,货款结算入账,小店自卖,'6951970366857156405,'6951970366857156405,'SS76296547754050892950190,2026-04-10 15:10:55,'3747800080678256720,夏季网红新款小草头上发夹长草可爱超萌碎豆芽夹子头顶搞怪发饰,,,普通订单,1.8,0,0,0,0,0,0,0,0,0,0,0,-0.01,0,0,0,0,0,0,是-商品卡免佣,0.07,义乌市黎既电子商务商行（个体工商户）,订单结算
2026-04-20 01:09:19,'2026042001091413688343422131,入账,4.91,聚合账户,货款结算入账,小店自卖,'6951953151958259455,'6951953151958259455,'SS76297227048993098300049,2026-04-10 18:31:03,'3673663020057362597,可爱小兔子发夹女童头饰宝宝立体发卡暖手刘海夹秋季毛绒发饰女,,,普通订单,4.94,0.55,0,0,0,0,0,0,0,0,0,0,-0.03,0,0,0,0,0,0,是-商品卡免佣,0.22,义乌市黎既电子商务商行（个体工商户）,订单结算
2026-04-20 01:09:19,'2026042001091123833359822131,入账,2.67,聚合账户,货款结算入账,小店自卖,'6951958294552843540,'6951958294552843540,'SS76295558747973719560120,2026-04-09 23:03:21,'3784368456477049055,韩国气质碎钻满天星抓夹女后脑勺半扎发鲨鱼夹发量少百搭发卡头饰,,,普通订单,2.69,0,0,0,0,0,0,0,0,0,0,0,-0.02,0,0,0,0,0,0,是-商品卡免佣,0.15,义乌市黎既电子商务商行（个体工商户）,订单结算
2026-04-20 01:09:19,'2026042001091039374730332131,入账,3.61,聚合账户,货款结算入账,小店自卖,'6925477054095195596,'6925477054095195596,'SS76295962728356296200069,2026-04-10 09:35:23,'3806450472450130341,新款复古抓夹女豹纹蝴蝶结鲨鱼夹2026后脑勺盘发发夹高级感发饰,,,普通订单,3.63,0,0,0,0,0,0,0,0,0,0,0,-0.02,0,0,0,0,0,0,是-商品卡免佣,0.15,义乌市黎既电子商务商行（个体工商户）,订单结算
2026-04-20 01:09:19,'2026042001091406252672092131,入账,4.42,聚合账户,货款结算入账,精选联盟,'6925536946923536175,'6925536946923536175,'SS76294972658115218180224,2026-04-12 07:54:45,'3746529925562237053,满钻星星碎发整理神器隐形碎发梳女儿童固定头发夹子拉拉梳头饰,'95957951689,菲菲优选,普通订单,5.09,0.39,0,0,0,0,0,0,0,0,0,0,-0.25,-0.42,0,0,0,0,0,,0,义乌市黎既电子商务商行（个体工商户）,订单结算
2026-04-20 01:11:33,'2026042001112940357726912131,入账,5.08,聚合账户,货款结算入账,小店自卖,'6951938753263965564,'6951938753263965564,'SS76296148188067269530212,2026-04-09 21:42:27,'3746150076641313252,网红简约ins纯色宽边发带高颅顶白色发箍女运动健身夏季头饰发饰,,,普通订单,5.11,0.9,0,0,0,0,0,0,0,0,0,0,-0.03,0,0,0,0,0,0,是-商品卡免佣,0.22,义乌市黎既电子商务商行（个体工商户）,订单结算
2026-04-20 01:11:33,'2026042001112739205811612131,入账,3.46,聚合账户,货款结算入账,小店自卖,'6951956844295165658,'6951956844295165658,'SS76296070074100457230100,2026-04-10 12:13:51,'3769166853499388264,2025新款安全硅胶发夹女士鲨鱼夹饰品柔软防撞保护后脑夹头发女,,,普通订单,3.48,0,0,0,0,0,0,0,0,0,0,0,-0.02,0,0,0,0,0,0,是-商品卡免佣,0.15,义乌市黎既电子商务商行（个体工商户）,订单结算
2026-04-20 01:11:33,'2026042001112824484623792131,入账,5.51,聚合账户,货款结算入账,小店自卖,'6951830904517236500,'6951830904517236500,'SS76295543041192926820080,2026-04-04 17:42:08,'3751345399902896376,儿童发饰后脑勺碎发神器发梳女童刘海插梳整理发卡网红发夹头饰女,,,普通订单,5.54,0.55,0,0,0,0,0,0,0,0,0,0,-0.03,0,0,0,0,0,0,是-商品卡免佣,0.22,义乌市黎既电子商务商行（个体工商户）,订单结算
2026-04-20 01:11:33,'2026042001112923259712272131,入账,2.56,聚合账户,货款结算入账,小店自卖,'6925467356671999846,'6925467356671999846,'SS76295557410138852220126,2026-04-09 18:59:21,'3784368456477049055,韩国气质碎钻满天星抓夹女后脑勺半扎发鲨鱼夹发量少百搭发卡头饰,,,普通订单,2.69,0,0,0,0,0,0,0,0,0,0,0,-0.13,0,0,0,0,0,0,,0,义乌市黎既电子商务商行（个体工商户）,订单结算
2026-04-20 01:11:33,'2026042001112907553518182131,入账,4.58,聚合账户,货款结算入账,小店自卖,'6925474533455003306,'6925474533455003306,'SS76295534767667614910177,2026-04-09 22:20:00,'3744273223211155832,春夏花朵少女发夹bb边夹侧边氛围感拍照刘海夹前额发卡碎发夹发饰,,,普通订单,4.61,0.55,0,0,0,0,0,0,0,0,0,0,-0.03,0,0,0,0,0,0,是-商品卡免佣,0.22,义乌市黎既电子商务商行（个体工商户）,订单结算
2026-04-20 01:11:35,'2026042001113032321909852131,入账,7.7,聚合账户,货款结算入账,小店自卖,'6951954656463099544,'6951954656463099544,'SS76295991252032722440113,2026-04-10 12:21:43,'3796640026289373330,蝴蝶结鸭嘴夹小香风毛呢爆款发夹后脑勺气质洋气盘发一字夹子,,,普通订单,7.75,0,0,0,0,0,0,0,0,0,0,0,-0.05,0,0,0,0,0,0,是-商品卡免佣,0.37,义乌市黎既电子商务商行（个体工商户）,订单结算
2026-04-20 01:11:35,'2026042001112911206047132131,入账,3.95,聚合账户,货款结算入账,小店自卖,'6925593669280759447,'6925593669280759447,'SS76297410938537582140159,2026-04-14 14:56:06,'3683590910169448490,新款碎发梳插梳韩版女孩夹子后脑勺刘海整理发夹卡子成年人发头饰,,,普通订单,3.97,0,0,0,0,0,0,0,0,0,0,0,-0.02,0,0,0,0,0,0,是-商品卡免佣,0.15,义乌市黎既电子商务商行（个体工商户）,订单结算
2026-04-20 01:11:35,'2026042001113115525650342131,入账,3.64,聚合账户,货款结算入账,小店自卖,'6925567274727406868,'6925567274727406868,'SS76297220042240335700132,2026-04-13 11:36:05,'3739529509091803226,2025新款带齿防滑头箍不勒头碎发整理发捆头饰高颅顶大波浪发发饰,,,普通订单,3.66,0,0,0,0,0,0,0,0,0,0,0,-0.02,0,0,0,0,0,0,是-商品卡免佣,0.15,义乌市黎既电子商务商行（个体工商户）,订单结算
2026-04-20 01:11:35,'2026042001113013312166672131,入账,4.86,聚合账户,货款结算入账,小店自卖,'6951961338941937196,'6951961338941937196,'SS76296034498996149860169,2026-04-10 14:51:57,'3741358537952067858,儿童皮筋儿扎头发七彩女高马尾头绳不伤发扎头发饰,,,普通订单,4.89,0,0,0,0,0,0,0,0,0,0,0,-0.03,0,0,0,0,0,0,是-商品卡免佣,0.22,义乌市黎既电子商务商行（个体工商户）,订单结算
2026-04-20 01:11:35,'2026042001113115356073472131,入账,3.19,聚合账户,货款结算入账,小店自卖,'6951941150959540176,'6951941150959540176,'SS76295561964521600340104,2026-04-10 08:15:42,'3774567040401145927,满天星抓夹女质感中号鲨鱼夹半披发抓夹高级气质发夹繁星镶钻抓夹,,,普通订单,3.21,0.3,0,0,0,0,0,0,0,0,0,0,-0.02,0,0,0,0,0,0,是-商品卡免佣,0.15,义乌市黎既电子商务商行（个体工商户）,订单结算
2026-04-20 01:11:44,'2026042001113815573857742131,入账,4.29,聚合账户,货款结算入账,小店自卖,'6925589353203137724,'6925589353203137724,'SS76296346699108191240072,2026-04-14 14:15:39,'3797721460399800661,甜美韩系填充花朵飘带大肠发圈立体大号发绳女童头花皮筋儿童发饰,,,普通订单,4.32,0,0,0,0,0,0,0,0,0,0,0,-0.03,0,0,0,0,0,0,是-商品卡免佣,0.22,义乌市黎既电子商务商行（个体工商户）,订单结算
2026-04-20 01:11:44,'2026042001113713975391222131,入账,3,聚合账户,货款结算入账,小店自卖,'6925483229071834853,'6925483229071834853,'SS76295587431430231670193,2026-04-10 07:54:10,'3806250082127446374,休闲风创意米菲兔甜美少女刘海贴魔法贴毛绒发帖无痕贴发饰发卡女,,,普通订单,3.02,0,0,0,0,0,0,0,0,0,0,0,-0.02,0,0,0,0,0,0,是-商品卡免佣,0.15,义乌市黎既电子商务商行（个体工商户）,订单结算
2026-04-20 01:11:44,'2026042001113901054968822131,入账,2.67,聚合账户,货款结算入账,小店自卖,'6951960658420242401,'6951960658420242401,'SS76295560626652121950111,2026-04-10 02:41:21,'3784368456477049055,韩国气质碎钻满天星抓夹女后脑勺半扎发鲨鱼夹发量少百搭发卡头饰,,,普通订单,2.69,0,0,0,0,0,0,0,0,0,0,0,-0.02,0,0,0,0,0,0,是-商品卡免佣,0.15,义乌市黎既电子商务商行（个体工商户）,订单结算
2026-04-20 01:11:44,'2026042001114013296973262131,入账,3.25,聚合账户,货款结算入账,小店自卖,'6951954423510734611,'6951954423510734611,'SS76296066719890644630033,2026-04-10 09:29:16,'3746529925562237053,满钻星星碎发整理神器隐形碎发梳女儿童固定头发夹子拉拉梳头饰,,,普通订单,3.27,0,0,0,0,0,0,0,0,0,0,0,-0.02,0,0,0,0,0,0,是-商品卡免佣,0.15,义乌市黎既电子商务商行（个体工商户）,订单结算
2026-04-20 01:11:44,'2026042001113826972370022131,入账,8.13,聚合账户,货款结算入账,小店自卖,'6925548794960706644,'6925548794960706644,'SS76296548562236214030196,2026-04-12 18:38:36,'3673607243682676924,可爱仿真食物迷你夹奇奇怪怪瓜子玉米发夹搞怪食玩米饭荷包蛋夹子,,,普通订单,8.18,0,0,0,0,0,0,0,0,0,0,0,-0.05,0,0,0,0,0,0,是-商品卡免佣,0.37,义乌市黎既电子商务商行（个体工商户）,订单结算
2026-04-20 01:11:48,'2026042001114120098583102131,入账,4.66,聚合账户,货款结算入账,小店自卖,'6925619180296765244,'6925619180296765244,'SS76297442264854044540155,2026-04-15 12:31:33,'3704406262902030790,高级感磨砂交叉抓夹盘复古头饰简约气质时尚鲨鱼夹后脑勺发饰头饰,,,普通订单,4.69,0.9,0,0,0,0,0,0,0,0,0,0,-0.03,0,0,0,0,0,0,是-商品卡免佣,0.22,义乌市黎既电子商务商行（个体工商户）,订单结算
2026-04-20 01:11:48,'2026042001114325211871102131,入账,3.5,聚合账户,货款结算入账,精选联盟,'6952044182025541173,'6952044182025541173,'SS76295747678503898020176,2026-04-13 15:29:24,'3809232346448789758,新款洗脸专用压发带齿防滑发箍女碎发头箍高颅顶头饰防掉百搭头饰,'0,,普通订单,3.9,0,0,0,0,0,0,0,0,0,0,0,-0.2,0,0,0,0,-0.2,0,,0,义乌市黎既电子商务商行（个体工商户）,订单结算
2026-04-20 01:11:48,'2026042001114200394572862131,入账,2.6,聚合账户,货款结算入账,小店自卖,'6925580983333977677,'6925580983333977677,'SS76296693998401293300089,2026-04-14 10:51:55,'3739542149163778373,洗澡大号盘发发夹后脑勺抓夹百搭气质成人发抓鲨鱼夹发卡夹子发饰,,,普通订单,2.62,0,0,0,0,0,0,0,0,0,0,0,-0.02,0,0,0,0,0,0,是-商品卡免佣,0.15,义乌市黎既电子商务商行（个体工商户）,订单结算
2026-04-20 01:11:48,'2026042001114230757893622131,入账,2.63,聚合账户,货款结算入账,小店自卖,'6951982923301328827,'6951982923301328827,'SS76296167825248095350018,2026-04-11 12:33:28,'3763932448057065566,磨砂扭扭香蕉夹高马尾大号发夹后脑勺竖夹发卡韩国气质女夹子头饰,,,普通订单,2.65,0.89,0,0,0,0,0,0,0,0,0,0,-0.02,0,0,0,0,0,0,是-商品卡免佣,0.15,义乌市黎既电子商务商行（个体工商户）,订单结算
2026-04-20 01:12:16,'2026042001121138131801952131,入账,3.75,聚合账户,货款结算入账,小店自卖,'6925627916127928188,'6925627916127928188,'SS76295678959487885070180,2026-04-16 07:59:08,'3746150076641313252,网红简约ins纯色宽边发带高颅顶白色发箍女运动健身夏季头饰发饰,,,普通订单,3.77,0.9,0,0,0,0,0,0,0,0,0,0,-0.02,0,0,0,0,0,0,是-商品卡免佣,0.15,义乌市黎既电子商务商行（个体工商户）,订单结算
2026-04-20 01:12:16,'2026042001121223743040522131,入账,4.48,聚合账户,货款结算入账,精选联盟,'6925649885828251354,'6925649885828251354,'SS76297036773930437390086,2026-04-16 12:13:46,'3811476737385169110,霞光紫~紫色珍珠字母抓夹女2026新款后脑勺鲨鱼夹大号旅行发卡女 ,'0,,普通订单,4.98,0,0,0,0,0,0,0,0,0,0,0,-0.25,0,0,0,0,-0.25,0,,0,义乌市黎既电子商务商行（个体工商户）,订单结算
2026-04-20 03:07:00,'2026042003065516659422722131,入账,3.63,聚合账户,货款结算入账,小店自卖,'6925474175849693133,'6925474175849693133,'SS76295534495083074650153,2026-04-09 19:57:53,'3807763574974186291,气质高级亮黑色大号鲨鱼抓夹女后脑勺时尚发卡巨能抓头饰2026新款,,,普通订单,3.65,0,0,0,0,0,0,0,0,0,0,0,-0.02,0,0,0,0,0,0,是-商品卡免佣,0.15,义乌市黎既电子商务商行（个体工商户）,订单结算
2026-04-20 03:07:00,'2026042003065440779128662131,入账,3.81,聚合账户,货款结算入账,小店自卖,'6925475711250431141,'6925475711250431141,'SS76295562684540854140205,2026-04-09 17:26:10,'3784368456477049055,韩国气质碎钻满天星抓夹女后脑勺半扎发鲨鱼夹发量少百搭发卡头饰,,,普通订单,3.83,0,0,0,0,0,0,0,0,0,0,0,-0.02,0,0,0,0,0,0,是-商品卡免佣,0.15,义乌市黎既电子商务商行（个体工商户）,订单结算
2026-04-20 03:07:00,'2026042003065612626171392131,入账,3.61,聚合账户,货款结算入账,小店自卖,'6951926792311477269,'6951926792311477269,'SS76295518054044470270205,2026-04-09 17:30:10,'3806450472450130341,新款复古抓夹女豹纹蝴蝶结鲨鱼夹2026后脑勺盘发发夹高级感发饰,,,普通订单,3.63,0,0,0,0,0,0,0,0,0,0,0,-0.02,0,0,0,0,0,0,是-商品卡免佣,0.15,义乌市黎既电子商务商行（个体工商户）,订单结算
2026-04-20 03:07:00,'2026042003065509018783222131,入账,2.67,聚合账户,货款结算入账,小店自卖,'6951949208347153532,'6951949208347153532,'SS76295559406189164020242,2026-04-09 19:38:00,'3784368456477049055,韩国气质碎钻满天星抓夹女后脑勺半扎发鲨鱼夹发量少百搭发卡头饰,,,普通订单,2.69,0,0,0,0,0,0,0,0,0,0,0,-0.02,0,0,0,0,0,0,是-商品卡免佣,0.15,义乌市黎既电子商务商行（个体工商户）,订单结算
2026-04-20 03:07:00,'2026042003065502824440672131,入账,2.77,聚合账户,货款结算入账,小店自卖,'6925478782914886752,'6925478782914886752,'SS76295535293141322700097,2026-04-09 23:13:25,'3673424726690234690,丝巾发带女薄款新款蝴蝶结丝带绑发头饰夏季超仙编发长条飘带发绳,,,普通订单,2.79,0.95,0,0,0,0,0,0,0,0,0,0,-0.02,0,0,0,0,0,0,是-商品卡免佣,0.15,义乌市黎既电子商务商行（个体工商户）,订单结算
2026-04-20 03:07:04,'2026042003070034858931262131,入账,3.26,聚合账户,货款结算入账,小店自卖,'6925496660239351219,'6925496660239351219,'SS76295993694281080410000,2026-04-10 12:48:49,'3808334646693986544,新款水钻珠子花朵后脑勺洋气盘发夹时尚半扎鲨鱼夹6厘米~中号抓夹,,,普通订单,3.28,0,0,0,0,0,0,0,0,0,0,0,-0.02,0,0,0,0,0,0,是-商品卡免佣,0.15,义乌市黎既电子商务商行（个体工商户）,订单结算
2026-04-20 03:07:04,'2026042003065727989325162131,入账,2.67,聚合账户,货款结算入账,小店自卖,'6925538153184853895,'6925538153184853895,'SS76296629791765837200163,2026-04-12 15:54:02,'3784368456477049055,韩国气质碎钻满天星抓夹女后脑勺半扎发鲨鱼夹发量少百搭发卡头饰,,,普通订单,2.69,0,0,0,0,0,0,0,0,0,0,0,-0.02,0,0,0,0,0,0,是-商品卡免佣,0.15,义乌市黎既电子商务商行（个体工商户）,订单结算
2026-04-20 03:07:04,'2026042003065932390394942131,入账,3.26,聚合账户,货款结算入账,小店自卖,'6925487428596366408,'6925487428596366408,'SS76295928512574103450162,2026-04-10 09:13:24,'3808334646693986544,新款水钻珠子花朵后脑勺洋气盘发夹时尚半扎鲨鱼夹6厘米~中号抓夹,,,普通订单,3.28,0,0,0,0,0,0,0,0,0,0,0,-0.02,0,0,0,0,0,0,是-商品卡免佣,0.15,义乌市黎既电子商务商行（个体工商户）,订单结算
2026-04-20 03:07:04,'2026042003065930456553372131,入账,1.47,聚合账户,货款结算入账,小店自卖,'6925483168706165913,'6925483168706100377,'SS76295522231234398910056,2026-04-10 07:01:16,'3673424694561865791,薄款牛油果绿系列小丝巾缠包模特搭配装饰品扎头发绑发飘带发带,,,普通订单,1.55,0,0,0,0,0,0,0,0,0,0,0,-0.08,0,0,0,0,0,0,,0,义乌市黎既电子商务商行（个体工商户）,订单结算
2026-04-20 03:07:04,'2026042003070013199488192131,入账,3.81,聚合账户,货款结算入账,小店自卖,'6951940662900954307,'6951940662900954307,'SS76295562783564762030169,2026-04-09 22:28:06,'3784368456477049055,韩国气质碎钻满天星抓夹女后脑勺半扎发鲨鱼夹发量少百搭发卡头饰,,,普通订单,3.83,0,0,0,0,0,0,0,0,0,0,0,-0.02,0,0,0,0,0,0,是-商品卡免佣,0.15,义乌市黎既电子商务商行（个体工商户）,订单结算
2026-04-20 03:07:08,'2026042003070403490329792131,入账,1.79,聚合账户,货款结算入账,小店自卖,'6925478432379666338,'6925478432379666338,'SS76295533486183227310229,2026-04-09 20:37:11,'3747800080678256720,夏季网红新款小草头上发夹长草可爱超萌碎豆芽夹子头顶搞怪发饰,,,普通订单,1.8,0,0,0,0,0,0,0,0,0,0,0,-0.01,0,0,0,0,0,0,是-商品卡免佣,0.07,义乌市黎既电子商务商行（个体工商户）,订单结算
2026-04-20 03:07:08,'2026042003070321772869532131,入账,5.08,聚合账户,货款结算入账,小店自卖,'6925362608373071555,'6925362608373071555,'SS76295348633853957310223,2026-04-05 04:28:34,'3746150076641313252,网红简约ins纯色宽边发带高颅顶白色发箍女运动健身夏季头饰发饰,,,普通订单,5.11,0.9,0,0,0,0,0,0,0,0,0,0,-0.03,0,0,0,0,0,0,是-商品卡免佣,0.22,义乌市黎既电子商务商行（个体工商户）,订单结算
2026-04-20 03:07:08,'2026042003070139146501522131,入账,2.39,聚合账户,货款结算入账,小店自卖,'6951952567016691640,'6951952567016691640,'SS76295992841326638540010,2026-04-10 11:49:45,'3752292831008522575,2025新款鲨鱼夹网纱水钻花朵抓夹女半扎高马尾发夹盘发发夹夏季,,,普通订单,2.52,0,0,0,0,0,0,0,0,0,0,0,-0.13,0,0,0,0,0,0,,0,义乌市黎既电子商务商行（个体工商户）,订单结算
2026-04-20 03:07:08,'2026042003070315192110482131,入账,7.7,聚合账户,货款结算入账,小店自卖,'6951933761323668935,'6951933761323668935,'SS76295534098307981160150,2026-04-09 20:00:31,'3796640026289373330,蝴蝶结鸭嘴夹小香风毛呢爆款发夹后脑勺气质洋气盘发一字夹子,,,普通订单,7.75,0,0,0,0,0,0,0,0,0,0,0,-0.05,0,0,0,0,0,0,是-商品卡免佣,0.37,义乌市黎既电子商务商行（个体工商户）,订单结算
2026-04-20 03:07:08,'2026042003070139146993042131,入账,3.82,聚合账户,货款结算入账,小店自卖,'6951941533079115149,'6951941533079115149,'SS76295994596894643550247,2026-04-10 12:59:34,'3752993546408427528,新款韩系发饰山茶花公主头抓夹女发夹刘海小巧精致小号发卡迷发夹,,,普通订单,4.02,0,0,0,0,0,0,0,0,0,0,0,-0.2,0,0,0,0,0,0,,0,义乌市黎既电子商务商行（个体工商户）,订单结算
2026-04-20 03:07:12,'2026042003070704889155082131,入账,2.56,聚合账户,货款结算入账,小店自卖,'6925556336103029796,'6925556336103029796,'SS76297308306041577150156,2026-04-13 00:24:02,'3809235146834575749,可爱新春小狗香蕉夹女高马尾扭扭夹红色竖夹高级感2026韩新款发夹,,,普通订单,2.58,0,0,0,0,0,0,0,0,0,0,0,-0.02,0,0,0,0,0,0,是-商品卡免佣,0.15,义乌市黎既电子商务商行（个体工商户）,订单结算
2026-04-20 03:07:12,'2026042003070621865272472131,入账,2.9,聚合账户,货款结算入账,小店自卖,'6925485504954269200,'6925485504954269200,'SS76296070071173122650051,2026-04-10 12:15:03,'3780082993918509483,束发带洗脸简约敷面膜头箍头套韩版学生发饰休闲百搭男女洗发头箍,,,普通订单,2.92,0,0,0,0,0,0,0,0,0,0,0,-0.02,0,0,0,0,0,0,是-商品卡免佣,0.15,义乌市黎既电子商务商行（个体工商户）,订单结算
2026-04-20 03:07:12,'2026042003070725672092252131,入账,2.43,聚合账户,货款结算入账,精选联盟,'6952041287819925048,'6952041287819925048,'SS76296335059657078100184,2026-04-13 11:09:34,'3784368456477049055,韩国气质碎钻满天星抓夹女后脑勺半扎发鲨鱼夹发量少百搭发卡头饰,'0,,普通订单,2.69,0,0,0,0,0,0,0,0,0,0,0,-0.13,0,0,0,0,-0.13,0,,0,义乌市黎既电子商务商行（个体工商户）,订单结算
2026-04-20 03:07:12,'2026042003070819610012432131,入账,1.29,聚合账户,货款结算入账,小店自卖,'6951941830682417027,'6951941830682417027,'SS76296167174101447780143,2026-04-09 12:45:01,'3806285088233226368,韩系~时尚百搭简约女格纹布少女风艺带齿细发箍个性压发箍头箍女,,,普通订单,1.3,0,0,0,0,0,0,0,0,0,0,0,-0.01,0,0,0,0,0,0,是-商品卡免佣,0.07,义乌市黎既电子商务商行（个体工商户）,订单结算
2026-04-20 03:07:12,'2026042003070723995686662131,入账,3.87,聚合账户,货款结算入账,小店自卖,'6951945282057671766,'6951945282057671766,'SS76295729609568100030152,2026-04-09 22:12:36,'3790878995596312771,韩系黑色波点布艺褶皱高马尾香蕉夹竖夹新款豹纹发夹气质百搭发饰,,,普通订单,3.89,0,0,0,0,0,0,0,0,0,0,0,-0.02,0,0,0,0,0,0,是-商品卡免佣,0.15,义乌市黎既电子商务商行（个体工商户）,订单结算
2026-04-20 03:07:28,'2026042003072406553154972131,入账,4.26,聚合账户,货款结算入账,精选联盟,'6925540273232641392,'6925540273232641392,'SS76296859606909097500040,2026-04-12 20:30:21,'3748761843921977645,简约纯色缎面感大肠发圈气质扎头绳女简约丸子头百搭头饰品高级,'86669616493,悠悠爱生活,普通订单,4.77,2.1,0,0,0,0,0,0,0,0,0,0,-0.24,-0.24,0,0,-0.03,0,0,,0,义乌市黎既电子商务商行（个体工商户）,订单结算
2026-04-20 03:07:28,'2026042003072234820142582131,入账,3.52,聚合账户,货款结算入账,精选联盟,'6952044064019322663,'6952044064019322663,'SS76296854711612377980153,2026-04-13 14:52:08,'3752642368441024869,夏天新款网红山茶花隐形碎发后脑勺整理毛发神器发箍儿童发夹发饰,'101474233210,丽丽爆爆爆❤️,普通订单,4,0.55,0,0,0,0,0,0,0,0,0,0,-0.2,-0.28,0,0,0,0,0,,0,义乌市黎既电子商务商行（个体工商户）,订单结算
2026-04-20 03:07:28,'2026042003072402162078822131,入账,2.61,聚合账户,货款结算入账,精选联盟,'6951990592199529885,'6951990592199529885,'SS76296023502356646460193,2026-04-12 06:50:18,'3752640296001863810,儿童网红卡通发夹韩国公主头饰碎发BB碎发可爱女童碎发发卡,'0,,普通订单,3,0,0,0,0,0,0,0,0,0,0,0,-0.15,0,0,0,0,-0.24,0,,0,义乌市黎既电子商务商行（个体工商户）,订单结算
2026-04-20 03:07:28,'2026042003072403398743452131,入账,4.61,聚合账户,货款结算入账,精选联盟,'6925475798735158301,'6925475798735158301,'SS76295516903374036670096,2026-04-09 18:14:20,'3796640026289373330,蝴蝶结鸭嘴夹小香风毛呢爆款发夹后脑勺气质洋气盘发一字夹子,'0,,普通订单,4.88,0,0,0,0,0,0,0,0,0,0,0,-0.03,0,0,0,0,-0.24,0,是-商品卡免佣,0.22,义乌市黎既电子商务商行（个体工商户）,订单结算
2026-04-20 03:07:28,'2026042003072324719204302131,入账,2.86,聚合账户,货款结算入账,小店自卖,'6952042678386955541,'6952042678386955541,'SS76295118701141040790094,2026-04-14 04:36:37,'3761395105840365661,高级感水钻满天星发夹女后脑勺盘发神器发卡青蛙夹扭扭夹发卡头饰,,,普通订单,2.88,0,0,0,0,0,0,0,0,0,0,0,-0.02,0,0,0,0,0,0,是-商品卡免佣,0.15,义乌市黎既电子商务商行（个体工商户）,订单结算
2026-04-20 03:07:31,'2026042003072540991301482131,入账,2.32,聚合账户,货款结算入账,精选联盟,'6951980646608279200,'6951980646608279200,'SS76296472671143370590066,2026-04-11 14:17:53,'3809235146834575749,可爱新春小狗香蕉夹女高马尾扭扭夹红色竖夹高级感2026韩新款发夹,'0,,普通订单,2.58,0,0,0,0,0,0,0,0,0,0,0,-0.13,0,0,0,0,-0.13,0,,0,义乌市黎既电子商务商行（个体工商户）,订单结算
2026-04-20 03:07:31,'2026042003072640232883742131,入账,6.34,聚合账户,货款结算入账,小店自卖,'6952091698912826767,'6952091698912826767,'SS76296869181064525070007,2026-04-15 15:51:08,'3796640026289373330,蝴蝶结鸭嘴夹小香风毛呢爆款发夹后脑勺气质洋气盘发一字夹子,,,普通订单,6.38,0,0,0,0,0,0,0,0,0,0,0,-0.04,0,0,0,0,0,0,是-商品卡免佣,0.29,义乌市黎既电子商务商行（个体工商户）,订单结算
2026-04-20 03:07:31,'2026042003072637049802672131,入账,0.7,聚合账户,货款结算入账,小店自卖,'6952026083916977546,'6952026083916912010,'SS76295781480739312910117,2026-04-13 15:19:55,'3673072401933008960,头绳发圈橡皮筋女扎头高弹力耐用粗黑色网红扎头发绳马尾简约皮套,,,普通订单,0.7,0,0,0,0,0,0,0,0,0,0,0,0,0,0,0,0,0,0,是-商品卡免佣,0,义乌市黎既电子商务商行（个体工商户）,订单结算
2026-04-20 03:07:31,'2026042003072814557350462131,入账,5.38,聚合账户,货款结算入账,小店自卖,'6952001755784418707,'6952001755784418707,'SS76295536480161346710187,2026-04-12 01:05:48,'3806839693081969009,春夏简约随手盘发高级发夹一字扭扭夹水钻抓夹扭扭后脑勺盘发器,,,普通订单,5.66,0,0,0,0,0,0,0,0,0,0,0,-0.28,0,0,0,0,0,0,,0,义乌市黎既电子商务商行（个体工商户）,订单结算
2026-04-20 03:07:32,'2026042003072820849789442131,入账,2.67,聚合账户,货款结算入账,小店自卖,'6925483375242805134,'6925483375242805134,'SS76295561216622594710090,2026-04-10 09:13:08,'3784368456477049055,韩国气质碎钻满天星抓夹女后脑勺半扎发鲨鱼夹发量少百搭发卡头饰,,,普通订单,2.69,0,0,0,0,0,0,0,0,0,0,0,-0.02,0,0,0,0,0,0,是-商品卡免佣,0.15,义乌市黎既电子商务商行（个体工商户）,订单结算
2026-04-20 03:07:46,'2026042003074136245673152131,入账,1.95,聚合账户,货款结算入账,小店自卖,'6925556124016738217,'6925556124016738217,'SS76296902696628390820221,2026-04-12 22:38:56,'3806280662462366067,kitty猫~刘海贴精致可爱甜美少女棉花糖猫兔碎发贴魔术贴无痕发饰,,,普通订单,0.01,0,0,1.95,0,0,0,0,0,0,0,0,-0.01,0,0,0,0,0,0,是-商品卡免佣,0.07,义乌市黎既电子商务商行（个体工商户）,订单结算
2026-04-20 03:07:46,'2026042003074335192878502131,入账,3.81,聚合账户,货款结算入账,小店自卖,'6925491901390159312,'6925491901390159312,'SS76295562866081797640242,2026-04-10 10:03:31,'3784368456477049055,韩国气质碎钻满天星抓夹女后脑勺半扎发鲨鱼夹发量少百搭发卡头饰,,,普通订单,3.83,0,0,0,0,0,0,0,0,0,0,0,-0.02,0,0,0,0,0,0,是-商品卡免佣,0.15,义乌市黎既电子商务商行（个体工商户）,订单结算
2026-04-20 03:07:46,'2026042003074016782014072131,入账,2.67,聚合账户,货款结算入账,小店自卖,'6951958906340381987,'6951958906340381987,'SS76296150977112970640036,2026-04-10 10:48:35,'3784368456477049055,韩国气质碎钻满天星抓夹女后脑勺半扎发鲨鱼夹发量少百搭发卡头饰,,,普通订单,0.01,0,0,2.68,0,0,0,0,0,0,0,0,-0.02,0,0,0,0,0,0,是-商品卡免佣,0.15,义乌市黎既电子商务商行（个体工商户）,订单结算
2026-04-20 03:07:46,'2026042003074219047877662131,入账,1.95,聚合账户,货款结算入账,小店自卖,'6925612841653665140,'6925612841653665140,'SS76296346439955133950026,2026-04-15 11:50:28,'3806280662462366067,kitty猫~刘海贴精致可爱甜美少女棉花糖猫兔碎发贴魔术贴无痕发饰,,,普通订单,0.01,0,0,1.95,0,0,0,0,0,0,0,0,-0.01,0,0,0,0,0,0,是-商品卡免佣,0.07,义乌市黎既电子商务商行（个体工商户）,订单结算
2026-04-20 03:07:46,'2026042003074219885143672131,入账,3.12,聚合账户,货款结算入账,小店自卖,'6951959182298781569,'6951959182298781569,'SS76296068406496960270120,2026-04-10 13:38:59,'3748383015122894890,磨砂加大号刘海碎发发夹后脑勺简约插梳女前额洗脸防滑固定神器,,,普通订单,0.2,0,0,3.08,0,0,0,0,0,0,0,0,-0.16,0,0,0,0,0,0,,0,义乌市黎既电子商务商行（个体工商户）,订单结算
2026-04-20 03:07:53,'2026042003074712934354272131,入账,2.67,聚合账户,货款结算入账,小店自卖,'6952018716281738969,'6952018716281738969,'SS76295793748925975390017,2026-04-13 00:26:29,'3784368456477049055,韩国气质碎钻满天星抓夹女后脑勺半扎发鲨鱼夹发量少百搭发卡头饰,,,普通订单,2.69,0,0,0,0,0,0,0,0,0,0,0,-0.02,0,0,0,0,0,0,是-商品卡免佣,0.15,义乌市黎既电子商务商行（个体工商户）,订单结算
2026-04-20 03:07:53,'2026042003074805412457302131,入账,3.47,聚合账户,货款结算入账,小店自卖,'6951951608648308430,'6951951608648308430,'SS76295535283649418620030,2026-04-09 21:24:17,'3795705621886664997,韩系可爱小熊格纹发夹女后脑勺马尾竖夹盘发香蕉夹甜美发卡子发饰,,,普通订单,0.65,0,0,3,0,0,0,0,0,0,0,0,-0.18,0,0,0,0,0,0,,0,义乌市黎既电子商务商行（个体工商户）,订单结算
2026-04-20 03:07:53,'2026042003074813170122592131,入账,5.31,聚合账户,货款结算入账,小店自卖,'6925538625340996895,'6925538625340996895,'SS76296445868850099200198,2026-04-12 19:14:40,'3766001784691229117,夏天简约随手盘发一字扭扭夹水钻抓夹高级发夹扭扭后脑勺盘发器,,,普通订单,5.34,0,0,0,0,0,0,0,0,0,0,0,-0.03,0,0,0,0,0,0,是-商品卡免佣,0.22,义乌市黎既电子商务商行（个体工商户）,订单结算
2026-04-20 03:07:53,'2026042003074711295465312131,入账,3.12,聚合账户,货款结算入账,小店自卖,'6925499787903270270,'6925499787903270270,'SS76296166051693693850173,2026-04-10 22:24:39,'3808343037030039986,韩版新款水钻珠子花朵中号抓夹女后脑勺洋气盘发夹时尚半扎鲨鱼夹,,,普通订单,0.01,0,0,3.27,0,0,0,0,0,0,0,0,-0.16,0,0,0,0,0,0,,0,义乌市黎既电子商务商行（个体工商户）,订单结算
2026-04-20 03:07:53,'2026042003074804119109642131,入账,5.5,聚合账户,货款结算入账,小店自卖,'6925460669038362029,'6925460669038362029,'SS76296080282116098560013,2026-04-09 16:40:41,'3806280662462366067,kitty猫~刘海贴精致可爱甜美少女棉花糖猫兔碎发贴魔术贴无痕发饰,,,普通订单,5.53,0,0,0,0,0,0,0,0,0,0,0,-0.03,0,0,0,0,0,0,是-商品卡免佣,0.22,义乌市黎既电子商务商行（个体工商户）,订单结算
2026-04-20 03:07:59,'2026042003075341029309872131,入账,12.93,聚合账户,货款结算入账,小店自卖,'6951826956759537513,'6951826956759537513,'SS76295544626044280720245,2026-04-04 22:56:51,'3677662856528134270,碎花蝴蝶结大肠发圈女夏季扎头绳飘带发带发绳高级感头花头饰发饰,,,普通订单,13.01,1.15,0,0,0,0,0,0,0,0,0,0,-0.08,0,0,0,0,0,0,是-商品卡免佣,0.59,义乌市黎既电子商务商行（个体工商户）,订单结算
2026-04-20 03:07:59,'2026042003075335290158492131,入账,4.85,聚合账户,货款结算入账,小店自卖,'6951951948735517835,'6951951948735517835,'SS76296508060520123380187,2026-04-10 00:21:53,'3796640026289373330,蝴蝶结鸭嘴夹小香风毛呢爆款发夹后脑勺气质洋气盘发一字夹子,,,普通订单,4.88,0,0,0,0,0,0,0,0,0,0,0,-0.03,0,0,0,0,0,0,是-商品卡免佣,0.22,义乌市黎既电子商务商行（个体工商户）,订单结算
2026-04-20 03:07:59,'2026042003075506252139582131,入账,5.51,聚合账户,货款结算入账,小店自卖,'6951932240118093487,'6951932240118093487,'SS76295522097518840720135,2026-04-10 06:32:19,'3751345399902896376,儿童发饰后脑勺碎发神器发梳女童刘海插梳整理发卡网红发夹头饰女,,,普通订单,5.54,0.55,0,0,0,0,0,0,0,0,0,0,-0.03,0,0,0,0,0,0,是-商品卡免佣,0.22,义乌市黎既电子商务商行（个体工商户）,订单结算
2026-04-20 03:07:59,'2026042003075422328942502131,入账,2.56,聚合账户,货款结算入账,小店自卖,'6925487637249359438,'6925487637249359438,'SS76295561333153141760016,2026-04-10 10:24:35,'3784368456477049055,韩国气质碎钻满天星抓夹女后脑勺半扎发鲨鱼夹发量少百搭发卡头饰,,,普通订单,2.69,0,0,0,0,0,0,0,0,0,0,0,-0.13,0,0,0,0,0,0,,0,义乌市黎既电子商务商行（个体工商户）,订单结算
2026-04-20 03:07:59,'2026042003075415728647872131,入账,6.19,聚合账户,货款结算入账,小店自卖,'6925471072707903302,'6925471072707903302,'SS76296143039770137660140,2026-04-09 14:59:28,'3747831921233756578,超大蝴蝶结抓夹高级感在逃公主后脑勺发夹盘发鲨鱼夹网红发卡头饰,,,普通订单,6.23,0,0,0,0,0,0,0,0,0,0,0,-0.04,0,0,0,0,0,0,是-商品卡免佣,0.29,义乌市黎既电子商务商行（个体工商户）,订单结算
2026-04-20 03:08:26,'2026042003082200054236352131,入账,4.47,聚合账户,货款结算入账,小店自卖,'6925472224048611181,'6925472224048611181,'SS76295521639123359130043,2026-04-10 00:36:35,'3807763574974186291,气质高级亮黑色大号鲨鱼抓夹女后脑勺时尚发卡巨能抓头饰2026新款,,,普通订单,4.5,0,0,0,0,0,0,0,0,0,0,0,-0.03,0,0,0,0,0,0,是-商品卡免佣,0.22,义乌市黎既电子商务商行（个体工商户）,订单结算
2026-04-20 03:08:26,'2026042003082027530736992131,入账,2.94,聚合账户,货款结算入账,小店自卖,'6951963139205305565,'6951963139205305565,'SS76296068445245445540245,2026-04-10 10:26:40,'3807763574974186291,气质高级亮黑色大号鲨鱼抓夹女后脑勺时尚发卡巨能抓头饰2026新款,,,普通订单,1.96,0,0,0,0,0,0,0,0,1,0,0,-0.02,0,0,0,0,0,0,是-商品卡免佣,0.15,义乌市黎既电子商务商行（个体工商户）,订单结算
2026-04-20 03:08:26,'2026042003082231541665822131,入账,4.7,聚合账户,货款结算入账,小店自卖,'6925577932323323301,'6925577932323323301,'SS76296379907463258110127,2026-04-13 23:40:35,'3806431274114089028,格纹蝴蝶结头花植绒小熊发圈韩系可爱百搭扎马尾头绳发饰新款发绳,,,普通订单,4.73,0,0,0,0,0,0,0,0,0,0,0,-0.03,0,0,0,0,0,0,是-商品卡免佣,0.22,义乌市黎既电子商务商行（个体工商户）,订单结算
2026-04-20 03:08:26,'2026042003082134357414802131,入账,3.63,聚合账户,货款结算入账,小店自卖,'6951949382424270686,'6951949382424270686,'SS76295535123973081870032,2026-04-09 21:16:08,'3807763574974186291,气质高级亮黑色大号鲨鱼抓夹女后脑勺时尚发卡巨能抓头饰2026新款,,,普通订单,3.65,0,0,0,0,0,0,0,0,0,0,0,-0.02,0,0,0,0,0,0,是-商品卡免佣,0.15,义乌市黎既电子商务商行（个体工商户）,订单结算
2026-04-20 03:08:26,'2026042003081936061681182131,入账,4.2,聚合账户,货款结算入账,小店自卖,'6925485631865584792,'6925485631865584792,'SS76295999323911785460157,2026-04-10 12:49:44,'3766001784691229117,夏天简约随手盘发一字扭扭夹水钻抓夹高级发夹扭扭后脑勺盘发器,,,普通订单,4.23,0,0,0,0,0,0,0,0,0,0,0,-0.03,0,0,0,0,0,0,是-商品卡免佣,0.22,义乌市黎既电子商务商行（个体工商户）,订单结算
2026-04-20 03:08:42,'2026042003083720942855872131,入账,3.61,聚合账户,货款结算入账,小店自卖,'6925484575184092952,'6925484575184092952,'SS76295535312931725320047,2026-04-09 23:33:47,'3806450472450130341,新款复古抓夹女豹纹蝴蝶结鲨鱼夹2026后脑勺盘发发夹高级感发饰,,,普通订单,3.63,0,0,0,0,0,0,0,0,0,0,0,-0.02,0,0,0,0,0,0,是-商品卡免佣,0.15,义乌市黎既电子商务商行（个体工商户）,订单结算
2026-04-20 03:08:42,'2026042003083702403087722131,入账,3,聚合账户,货款结算入账,小店自卖,'6925480363199135175,'6925480363199135175,'SS76295535729515569150093,2026-04-09 22:17:40,'3780484199790805182,韩系甜美简约发饰气质质感可爱2025小众时尚百搭磨砂花朵抓夹新款,,,普通订单,3.02,0,0,0,0,0,0,0,0,0,0,0,-0.02,0,0,0,0,0,0,是-商品卡免佣,0.15,义乌市黎既电子商务商行（个体工商户）,订单结算
2026-04-20 03:08:42,'2026042003083718762470742131,入账,6.34,聚合账户,货款结算入账,小店自卖,'6951934091505309486,'6951934091505309486,'SS76295535006373156220236,2026-04-09 22:46:47,'3796640026289373330,蝴蝶结鸭嘴夹小香风毛呢爆款发夹后脑勺气质洋气盘发一字夹子,,,普通订单,6.38,0,0,0,0,0,0,0,0,0,0,0,-0.04,0,0,0,0,0,0,是-商品卡免佣,0.29,义乌市黎既电子商务商行（个体工商户）,订单结算
2026-04-20 03:08:42,'2026042003083633798108522131,入账,5.67,聚合账户,货款结算入账,小店自卖,'6925471737913179729,'6925471737913179729,'SS76295533607658457960189,2026-04-09 20:37:36,'3780082601130328389,珍珠镶钻高马尾抓夹防塌固定神器马尾夹发夹女夏季丸子头爪夹发卡,,,普通订单,5.7,0.3,0,0,0,0,0,0,0,0,0,0,-0.03,0,0,0,0,0,0,是-商品卡免佣,0.22,义乌市黎既电子商务商行（个体工商户）,订单结算
2026-04-20 03:08:42,'2026042003083702338207352131,入账,5.71,聚合账户,货款结算入账,小店自卖,'6925485262460779936,'6925485262460779936,'SS76295963690779284750249,2026-04-10 10:32:00,'3673057951649759338,小皮筋小女孩头绳发绳透明多彩小号一次性皮筋儿童橡皮筋发饰扎头,,,普通订单,5.74,1.15,0,0,0,0,0,0,0,0,0,0,-0.03,0,0,0,0,0,0,是-商品卡免佣,0.22,义乌市黎既电子商务商行（个体工商户）,订单结算
2026-04-20 03:09:02,'2026042003085734732449472131,入账,5.71,聚合账户,货款结算入账,小店自卖,'6952002885157459422,'6952002885157459422,'SS76295788186052206350215,2026-04-12 17:33:20,'3673057951649759338,小皮筋小女孩头绳发绳透明多彩小号一次性皮筋儿童橡皮筋发饰扎头,,,普通订单,5.74,1.15,0,0,0,0,0,0,0,0,0,0,-0.03,0,0,0,0,0,0,是-商品卡免佣,0.22,义乌市黎既电子商务商行（个体工商户）,订单结算
2026-04-20 03:09:02,'2026042003085708312141222131,入账,3.75,聚合账户,货款结算入账,小店自卖,'6952015162631198007,'6952015162631198007,'SS76297013104927872460183,2026-04-12 10:02:28,'3757678157491208600,夏季简约醋酸发夹边夹侧边碎发刘海夹女2025新款ins前额bb夹头饰,,,普通订单,3.95,0.49,0,0,0,0,0,0,0,0,0,0,-0.2,0,0,0,0,0,0,,0,义乌市黎既电子商务商行（个体工商户）,订单结算
2026-04-20 03:09:02,'2026042003085641113193302131,入账,13.08,聚合账户,货款结算入账,小店自卖,'6925579230714429232,'6925579230714429232,'SS76296386097560991070021,2026-04-13 16:43:52,'3806450472450130341,新款复古抓夹女豹纹蝴蝶结鲨鱼夹2026后脑勺盘发发夹高级感发饰,,,普通订单,13.16,0,0,0,0,0,0,0,0,0,0,0,-0.08,0,0,0,0,0,0,是-商品卡免佣,0.59,义乌市黎既电子商务商行（个体工商户）,订单结算
2026-04-20 03:09:02,'2026042003085732928571292131,入账,3.75,聚合账户,货款结算入账,小店自卖,'6951949940128158846,'6951949940128158846,'SS76296149907604442120131,2026-04-10 07:30:50,'3746150076641313252,网红简约ins纯色宽边发带高颅顶白色发箍女运动健身夏季头饰发饰,,,普通订单,3.77,0.9,0,0,0,0,0,0,0,0,0,0,-0.02,0,0,0,0,0,0,是-商品卡免佣,0.15,义乌市黎既电子商务商行（个体工商户）,订单结算
2026-04-20 03:09:02,'2026042003085727223004592131,入账,3.87,聚合账户,货款结算入账,小店自卖,'6951936591675135818,'6951936591675135818,'SS76295574562403988630242,2026-04-10 05:27:36,'3807732934811713667,新款牡丹花羽毛抓夹女高颜值轻奢时尚百搭鲨鱼夹发饰头饰夹发神器,,,普通订单,3.89,0,0,0,0,0,0,0,0,0,0,0,-0.02,0,0,0,0,0,0,是-商品卡免佣,0.15,义乌市黎既电子商务商行（个体工商户）,订单结算
2026-04-20 03:09:48,'2026042003094235494464002131,入账,2.86,聚合账户,货款结算入账,小店自卖,'6951954762946581807,'6951954762946581807,'SS76296546888534267400075,2026-04-10 13:21:48,'3761395105840365661,高级感水钻满天星发夹女后脑勺盘发神器发卡青蛙夹扭扭夹发卡头饰,,,普通订单,2.88,0,0,0,0,0,0,0,0,0,0,0,-0.02,0,0,0,0,0,0,是-商品卡免佣,0.15,义乌市黎既电子商务商行（个体工商户）,订单结算
2026-04-20 03:09:48,'2026042003094329081771872131,入账,3.74,聚合账户,货款结算入账,小店自卖,'6925360822072868823,'6925360822072868823,'SS76295340234673523830015,2026-04-04 23:09:01,'3806305345538752869,优雅韩版女不撞款发夹学院风少女后脑勺盘发一字夹马尾香蕉夹竖夹,,,普通订单,3.76,0,0,0,0,0,0,0,0,0,0,0,-0.02,0,0,0,0,0,0,是-商品卡免佣,0.15,义乌市黎既电子商务商行（个体工商户）,订单结算
2026-04-20 03:09:48,'2026042003094241652597762131,入账,3.86,聚合账户,货款结算入账,小店自卖,'6925557429172927919,'6925557429172927919,'SS76297293527344908800142,2026-04-13 13:07:37,'3756368993452163269,简约蝴蝶结抓夹女2025新款哑光发夹后脑勺气质鲨鱼夹中号夏天夹子,,,普通订单,4.06,0,0,0,0,0,0,0,0,0,0,0,-0.2,0,0,0,0,0,0,,0,义乌市黎既电子商务商行（个体工商户）,订单结算
2026-04-20 03:09:48,'2026042003094300015573002131,入账,3.59,聚合账户,货款结算入账,小店自卖,'6951950223248332127,'6951950223248332127,'SS76295945819916211610120,2026-04-10 10:50:29,'3766001784691229117,夏天简约随手盘发一字扭扭夹水钻抓夹高级发夹扭扭后脑勺盘发器,,,普通订单,3.61,0.69,0,0,0,0,0,0,0,0,0,0,-0.02,0,0,0,0,0,0,是-商品卡免佣,0.15,义乌市黎既电子商务商行（个体工商户）,订单结算
2026-04-20 03:09:48,'2026042003094122497364832131,入账,5.31,聚合账户,货款结算入账,小店自卖,'6951952517492643372,'6951952517492643372,'SS76296546259562501750107,2026-04-10 11:12:58,'3766001784691229117,夏天简约随手盘发一字扭扭夹水钻抓夹高级发夹扭扭后脑勺盘发器,,,普通订单,5.34,0,0,0,0,0,0,0,0,0,0,0,-0.03,0,0,0,0,0,0,是-商品卡免佣,0.22,义乌市黎既电子商务商行（个体工商户）,订单结算
2026-04-20 03:09:51,'2026042003094611126257072131,入账,6.88,聚合账户,货款结算入账,小店自卖,'6925476077882343330,'6925476077882343330,'SS76295533486187650990150,2026-04-09 20:38:35,'3752640296001863810,儿童网红卡通发夹韩国公主头饰碎发BB碎发可爱女童碎发发卡,,,普通订单,6.92,0,0,0,0,0,0,0,0,0,0,0,-0.04,0,0,0,0,0,0,是-商品卡免佣,0.29,义乌市黎既电子商务商行（个体工商户）,订单结算
2026-04-20 03:09:51,'2026042003094727602990442131,入账,4.2,聚合账户,货款结算入账,小店自卖,'6952024353172690703,'6952024353172690703,'SS76297209002498629270158,2026-04-12 14:48:31,'3683880129039303146,韩式女新款珍珠电话线发圈泡泡辫发绳高马尾神器时尚头绳简约发饰,,,普通订单,4.23,0,0,0,0,0,0,0,0,0,0,0,-0.03,0,0,0,0,0,0,是-商品卡免佣,0.22,义乌市黎既电子商务商行（个体工商户）,订单结算
2026-04-20 03:09:51,'2026042003094615484362672131,入账,4.39,聚合账户,货款结算入账,小店自卖,'6951964828142802318,'6951964828142802318,'SS76295466718269773260062,2026-04-11 10:25:35,'3761558312416575912,日韩黑色宽边发箍纯色高颅顶显脸小头箍瑞丽风气质百搭复古发饰,,,普通订单,4.42,0.9,0,0,0,0,0,0,0,0,0,0,-0.03,0,0,0,0,0,0,是-商品卡免佣,0.22,义乌市黎既电子商务商行（个体工商户）,订单结算
2026-04-20 03:09:51,'2026042003094630201820222131,入账,2.81,聚合账户,货款结算入账,小店自卖,'6925467004998417960,'6925467004998417960,'SS76295727767190080430033,2026-04-09 16:01:12,'3790878995596312771,韩系黑色波点布艺褶皱高马尾香蕉夹竖夹新款豹纹发夹气质百搭发饰,,,普通订单,2.83,0.39,0,0,0,0,0,0,0,0,0,0,-0.02,0,0,0,0,0,0,是-商品卡免佣,0.15,义乌市黎既电子商务商行（个体工商户）,订单结算
2026-04-20 03:09:51,'2026042003094500377492912131,入账,4.1,聚合账户,货款结算入账,小店自卖,'6951965543701746842,'6951965543701746842,'SS76280548774284004380157,2026-04-10 10:53:34,'3750947168521945132,韩系公主风白色蕾丝网纱大肠发圈女高级超大号发饰皮筋扎头绳带花,,,普通订单,8.32,1.55,0,0,0,0,0,0,0,0,0,-4.2,-0.02,0,0,0,0,0,0,是-商品卡免佣,0.15,义乌市黎既电子商务商行（个体工商户）,订单结算
2026-04-20 03:10:03,'2026042003095808981754882131,入账,4.69,聚合账户,货款结算入账,小店自卖,'6925490124116230034,'6925490124116230034,'SS76295999463666813440234,2026-04-10 15:00:17,'3806280662462366067,kitty猫~刘海贴精致可爱甜美少女棉花糖猫兔碎发贴魔术贴无痕发饰,,,普通订单,4.72,0,0,0,0,0,0,0,0,0,0,0,-0.03,0,0,0,0,0,0,是-商品卡免佣,0.22,义乌市黎既电子商务商行（个体工商户）,订单结算
2026-04-20 03:10:03,'2026042003095811750776722131,入账,2.56,聚合账户,货款结算入账,小店自卖,'6925632238206811317,'6925632238206811317,'SS76296830709850486180246,2026-04-15 22:41:08,'3809235146834575749,可爱新春小狗香蕉夹女高马尾扭扭夹红色竖夹高级感2026韩新款发夹,,,普通订单,0.01,0,0,2.57,0,0,0,0,0,0,0,0,-0.02,0,0,0,0,0,0,是-商品卡免佣,0.15,义乌市黎既电子商务商行（个体工商户）,订单结算
2026-04-20 03:10:03,'2026042003095917448804182131,入账,2.65,聚合账户,货款结算入账,小店自卖,'6925482922635721783,'6925482922635721783,'SS76295522824555607310037,2026-04-10 00:02:15,'3796640026289373330,蝴蝶结鸭嘴夹小香风毛呢爆款发夹后脑勺气质洋气盘发一字夹子,,,普通订单,0.01,0,0,2.78,0,0,0,0,0,0,0,0,-0.14,0,0,0,0,0,0,,0,义乌市黎既电子商务商行（个体工商户）,订单结算
2026-04-20 03:10:03,'2026042003095810161851402131,入账,3.33,聚合账户,货款结算入账,小店自卖,'6925516616029994333,'6925516616029994333,'SS76295421071870205540137,2026-04-11 20:09:22,'3791974147865837626,氛围新年红色毛绒抓夹女2026年新款发夹后脑勺盘发鲨鱼夹发卡发饰,,,普通订单,0.51,0,0,3,0,0,0,0,0,0,0,0,-0.18,0,0,0,0,0,0,,0,义乌市黎既电子商务商行（个体工商户）,订单结算
2026-04-20 03:10:03,'2026042003095808066337682131,入账,10.4,聚合账户,货款结算入账,小店自卖,'6951934250381809305,'6951934250381809305,'SS76296507717659571390127,2026-04-10 00:39:56,'3796640026289373330,蝴蝶结鸭嘴夹小香风毛呢爆款发夹后脑勺气质洋气盘发一字夹子,,,普通订单,7.16,0,0,3.79,0,0,0,0,0,0,0,0,-0.55,0,0,0,0,0,0,,0,义乌市黎既电子商务商行（个体工商户）,订单结算
2026-04-20 03:10:38,'2026042003103232560417792131,入账,6.34,聚合账户,货款结算入账,小店自卖,'6951954014412346876,'6951954014412346876,'SS76295534877313272680162,2026-04-09 22:56:24,'3796640026289373330,蝴蝶结鸭嘴夹小香风毛呢爆款发夹后脑勺气质洋气盘发一字夹子,,,普通订单,5.98,0,0,0.4,0,0,0,0,0,0,0,0,-0.04,0,0,0,0,0,0,是-商品卡免佣,0.29,义乌市黎既电子商务商行（个体工商户）,订单结算
2026-04-20 03:10:38,'2026042003103531291640822131,入账,3.26,聚合账户,货款结算入账,小店自卖,'6951942632208471964,'6951942632208471964,'SS76295535270154736640128,2026-04-09 21:59:32,'3808334646693986544,新款水钻珠子花朵后脑勺洋气盘发夹时尚半扎鲨鱼夹6厘米~中号抓夹,,,普通订单,3.28,0,0,0,0,0,0,0,0,0,0,0,-0.02,0,0,0,0,0,0,是-商品卡免佣,0.15,义乌市黎既电子商务商行（个体工商户）,订单结算
2026-04-20 03:10:38,'2026042003103324793257422131,入账,4.6,聚合账户,货款结算入账,小店自卖,'6951936051837016027,'6951936051837016027,'SS76295534564767175950010,2026-04-09 20:13:23,'3761395105840365661,高级感水钻满天星发夹女后脑勺盘发神器发卡青蛙夹扭扭夹发卡头饰,,,普通订单,4.23,0,0,0.4,0,0,0,0,0,0,0,0,-0.03,0,0,0,0,0,0,是-商品卡免佣,0.22,义乌市黎既电子商务商行（个体工商户）,订单结算
2026-04-20 03:10:38,'2026042003103423699463782131,入账,9.5,聚合账户,货款结算入账,小店自卖,'6951946273552406151,'6951946273552275079,'SS76296601278261665780002,2026-04-10 13:46:16,'3673424694561865791,薄款牛油果绿系列小丝巾缠包模特搭配装饰品扎头发绑发飘带发带,,,普通订单,9.56,0,0,0,0,0,0,0,0,0,0,0,-0.06,0,0,0,0,0,0,是-商品卡免佣,0.44,义乌市黎既电子商务商行（个体工商户）,订单结算
2026-04-20 03:10:38,'2026042003103312928786422131,入账,2.61,聚合账户,货款结算入账,小店自卖,'6951995987800757974,'6951995987800757974,'SS76295846260890504040230,2026-04-11 14:02:32,'3683880893283434825,夏日百搭经典珠珠铆钉电话线蓬松简约低马尾泡泡辫发圈弹簧束发带,,,普通订单,1.93,0,0,0.82,0,0,0,0,0,0,0,0,-0.14,0,0,0,0,0,0,,0,义乌市黎既电子商务商行（个体工商户）,订单结算
2026-04-20 03:10:51,'2026042003104603298926502131,入账,3.81,聚合账户,货款结算入账,小店自卖,'6925376394370973505,'6925376394370973505,'SS76295692880677483520058,2026-04-05 10:45:50,'3784368456477049055,韩国气质碎钻满天星抓夹女后脑勺半扎发鲨鱼夹发量少百搭发卡头饰,,,普通订单,3.83,0,0,0,0,0,0,0,0,0,0,0,-0.02,0,0,0,0,0,0,是-商品卡免佣,0.15,义乌市黎既电子商务商行（个体工商户）,订单结算
2026-04-20 03:10:51,'2026042003104522114142912131,入账,1.14,聚合账户,货款结算入账,小店自卖,'6952026083916912010F00,'6952026083916912010,'SS76295781480739476750229,2026-04-13 15:19:55,'3739540648064320316,运费单,,,普通订单,1.15,1.15,0,0,0,0,0,0,0,0,0,0,-0.01,0,0,0,0,0,0,是-商品卡免佣,0.07,义乌市黎既电子商务商行（个体工商户）,运费单结算
2026-04-20 03:10:51,'2026042003104715581186622131,入账,3.57,聚合账户,货款结算入账,小店自卖,'6951972428979312322,'6951972428979312322,'SS76296597567094174980160,2026-04-10 11:36:10,'3677689189081678320,儿童碎发魔术贴发箍小女孩刘海贴碎发神器自粘头发头箍不伤发发饰,,,普通订单,3.59,0.55,0,0,0,0,0,0,0,0,0,0,-0.02,0,0,0,0,0,0,是-商品卡免佣,0.15,义乌市黎既电子商务商行（个体工商户）,订单结算
2026-04-20 03:10:51,'2026042003104500517742712131,入账,4.85,聚合账户,货款结算入账,小店自卖,'6925465463957192499,'6925465463957192499,'SS76295534790621803900100,2026-04-09 22:07:01,'3796640026289373330,蝴蝶结鸭嘴夹小香风毛呢爆款发夹后脑勺气质洋气盘发一字夹子,,,普通订单,4.88,0,0,0,0,0,0,0,0,0,0,0,-0.03,0,0,0,0,0,0,是-商品卡免佣,0.22,义乌市黎既电子商务商行（个体工商户）,订单结算
2026-04-20 03:10:51,'2026042003104534236011882131,入账,5.03,聚合账户,货款结算入账,小店自卖,'6951958448619263362,'6951958448619263362,'SS76295521660058995560090,2026-04-10 01:26:47,'3683629725827334349,护士帽固定夹子发夹高端精致侧边脑后一字夹侧边日系耳边夹鸭嘴夹,,,普通订单,5.06,0,0,0,0,0,0,0,0,0,0,0,-0.03,0,0,0,0,0,0,是-商品卡免佣,0.22,义乌市黎既电子商务商行（个体工商户）,订单结算
2026-04-20 03:11:04,'2026042003105920098588622131,入账,0.7,聚合账户,货款结算入账,小店自卖,'6951936510699509642,'6951936510699509642,'SS76296691756371850340051,2026-04-10 00:48:31,'3673072401933008960,头绳发圈橡皮筋女扎头高弹力耐用粗黑色网红扎头发绳马尾简约皮套,,,普通订单,0.7,0,0,0,0,0,0,0,0,0,0,0,0,0,0,0,0,0,0,是-商品卡免佣,0,义乌市黎既电子商务商行（个体工商户）,订单结算
2026-04-20 03:11:04,'2026042003105733100762102131,入账,10.4,聚合账户,货款结算入账,小店自卖,'6951944806185113353,'6951944806185113353,'SS76296507082540321550004,2026-04-09 17:37:32,'3796640026289373330,蝴蝶结鸭嘴夹小香风毛呢爆款发夹后脑勺气质洋气盘发一字夹子,,,普通订单,10.95,0,0,0,0,0,0,0,0,0,0,0,-0.55,0,0,0,0,0,0,,0,义乌市黎既电子商务商行（个体工商户）,订单结算
2026-04-20 03:11:04,'2026042003105918943063502131,入账,2.67,聚合账户,货款结算入账,小店自卖,'6951963016939574918,'6951963016939574918,'SS76295562032540595290076,2026-04-10 09:42:10,'3784368456477049055,韩国气质碎钻满天星抓夹女后脑勺半扎发鲨鱼夹发量少百搭发卡头饰,,,普通订单,2.69,0,0,0,0,0,0,0,0,0,0,0,-0.02,0,0,0,0,0,0,是-商品卡免佣,0.15,义乌市黎既电子商务商行（个体工商户）,订单结算
2026-04-20 03:11:04,'2026042003105827064284672131,入账,5.7,聚合账户,货款结算入账,小店自卖,'6951945026832700879,'6951945026832700879,'SS76295533303573058960218,2026-04-09 20:22:45,'3747824183825006914,卡通可爱朱迪尼克同款毛绒耳朵大肠发圈不伤发皮筋发绳女2025新款,,,普通订单,5.73,0.8,0,0,0,0,0,0,0,0,0,0,-0.03,0,0,0,0,0,0,是-商品卡免佣,0.22,义乌市黎既电子商务商行（个体工商户）,订单结算
2026-04-20 03:11:04,'2026042003110007309074022131,入账,4.7,聚合账户,货款结算入账,小店自卖,'6951922461806957939,'6951922461806957939,'SS76295517506056363620039,2026-04-09 15:45:24,'3806431274114089028,格纹蝴蝶结头花植绒小熊发圈韩系可爱百搭扎马尾头绳发饰新款发绳,,,普通订单,4.73,0,0,0,0,0,0,0,0,0,0,0,-0.03,0,0,0,0,0,0,是-商品卡免佣,0.22,义乌市黎既电子商务商行（个体工商户）,订单结算
2026-04-20 03:11:26,'2026042003112017412923422131,入账,2.67,聚合账户,货款结算入账,小店自卖,'6925469200602594492,'6925469200602594492,'SS76295557694452206170016,2026-04-09 19:22:00,'3784368456477049055,韩国气质碎钻满天星抓夹女后脑勺半扎发鲨鱼夹发量少百搭发卡头饰,,,普通订单,2.69,0,0,0,0,0,0,0,0,0,0,0,-0.02,0,0,0,0,0,0,是-商品卡免佣,0.15,义乌市黎既电子商务商行（个体工商户）,订单结算
2026-04-20 03:11:26,'2026042003112034828132382131,入账,3.87,聚合账户,货款结算入账,小店自卖,'6952040962955613497,'6952040962955613497,'SS76295999812293309940156,2026-04-13 06:04:22,'3807732934811713667,新款牡丹花羽毛抓夹女高颜值轻奢时尚百搭鲨鱼夹发饰头饰夹发神器,,,普通订单,3.89,0,0,0,0,0,0,0,0,0,0,0,-0.02,0,0,0,0,0,0,是-商品卡免佣,0.15,义乌市黎既电子商务商行（个体工商户）,订单结算
2026-04-20 03:11:26,'2026042003112129069153642131,入账,2.28,聚合账户,货款结算入账,精选联盟,'6952029633390318628,'6952029633390318628,'SS76296771300330217230004,2026-04-12 22:24:29,'3739529509091803226,2025新款带齿防滑头箍不勒头碎发整理发捆头饰高颅顶大波浪发发饰,'0,,普通订单,2.62,0,0,0,0,0,0,0,0,0,0,0,-0.13,0,0,0,0,-0.21,0,,0,义乌市黎既电子商务商行（个体工商户）,订单结算
2026-04-20 03:11:26,'2026042003111929614617792131,入账,9.1,聚合账户,货款结算入账,小店自卖,'6925474339784785458,'6925474339784785458,'SS76295535220888089980026,2026-04-09 21:11:18,'3748170371208184069,婴儿不伤发刘海夹宝宝可爱花朵头饰汗毛夹网红儿童bb夹卡碎发夹,,,普通订单,9.15,0,0,0,0,0,0,0,0,0,0,0,-0.05,0,0,0,0,0,0,是-商品卡免佣,0.37,义乌市黎既电子商务商行（个体工商户）,订单结算
2026-04-20 03:11:26,'2026042003112104707988542131,入账,2.67,聚合账户,货款结算入账,小店自卖,'6951939055902922467,'6951939055902922467,'SS76295560429513651610193,2026-04-10 01:19:15,'3784368456477049055,韩国气质碎钻满天星抓夹女后脑勺半扎发鲨鱼夹发量少百搭发卡头饰,,,普通订单,2.69,0,0,0,0,0,0,0,0,0,0,0,-0.02,0,0,0,0,0,0,是-商品卡免佣,0.15,义乌市黎既电子商务商行（个体工商户）,订单结算
2026-04-20 03:12:08,'2026042003120429953073022131,入账,7.73,聚合账户,货款结算入账,小店自卖,'6952036399192479331,'6952036399192479331,'SS76296500203210020030060,2026-04-13 02:31:56,'3673426803407585295,法式编发飘带扎马尾加长丝巾发带女绑发头巾网红新款丝带头绳头饰,,,普通订单,7.78,0.95,0,0,0,0,0,0,0,0,0,0,-0.05,0,0,0,0,0,0,是-商品卡免佣,0.37,义乌市黎既电子商务商行（个体工商户）,订单结算
2026-04-20 03:12:08,'2026042003120424586163562131,入账,9.95,聚合账户,货款结算入账,小店自卖,'6925471243496291856,'6925471243496291856,'SS76295518036378755070109,2026-04-09 16:23:52,'3742849967501476190,可爱小女孩网红爆款树脂发饰高颅顶神器女士童通用梳马尾头饰发饰,,,普通订单,10.01,1.15,0,0,0,0,0,0,0,0,0,0,-0.06,0,0,0,0,0,0,是-商品卡免佣,0.44,义乌市黎既电子商务商行（个体工商户）,订单结算
2026-04-20 03:12:08,'2026042003120311708380432131,入账,4.47,聚合账户,货款结算入账,小店自卖,'6951959074472465451,'6951959074472465451,'SS76296069217975345050072,2026-04-10 12:35:53,'3807763574974186291,气质高级亮黑色大号鲨鱼抓夹女后脑勺时尚发卡巨能抓头饰2026新款,,,普通订单,4.5,0,0,0,0,0,0,0,0,0,0,0,-0.03,0,0,0,0,0,0,是-商品卡免佣,0.22,义乌市黎既电子商务商行（个体工商户）,订单结算
2026-04-20 03:12:08,'2026042003120206011297822131,入账,6.51,聚合账户,货款结算入账,小店自卖,'6925501102991113900,'6925501102991113900,'SS76296069972941378650241,2026-04-10 13:55:18,'3795705621886664997,韩系可爱小熊格纹发夹女后脑勺马尾竖夹盘发香蕉夹甜美发卡子发饰,,,普通订单,6.55,0,0,0,0,0,0,0,0,0,0,0,-0.04,0,0,0,0,0,0,是-商品卡免佣,0.29,义乌市黎既电子商务商行（个体工商户）,订单结算
2026-04-20 03:12:08,'2026042003120228913054982131,入账,10.88,聚合账户,货款结算入账,小店自卖,'6951926957321557237,'6951926957321557237,'SS76296507002263964350045,2026-04-09 20:10:47,'3796640026289373330,蝴蝶结鸭嘴夹小香风毛呢爆款发夹后脑勺气质洋气盘发一字夹子,,,普通订单,10.95,0,0,0,0,0,0,0,0,0,0,0,-0.07,0,0,0,0,0,0,是-商品卡免佣,0.51,义乌市黎既电子商务商行（个体工商户）,订单结算
2026-04-20 03:12:24,'2026042003121728703956582131,入账,3.94,聚合账户,货款结算入账,小店自卖,'6951956228951446605,'6951956228951446605,'SS76295535492421064020167,2026-04-09 23:58:23,'3807745042324521017,2026新款发量少的抓夹女巨能抓鲨鱼夹后脑勺盘发发夹夹子头饰,,,普通订单,3.96,0,0,0,0,0,0,0,0,0,0,0,-0.02,0,0,0,0,0,0,是-商品卡免佣,0.15,义乌市黎既电子商务商行（个体工商户）,订单结算
2026-04-20 03:12:24,'2026042003121907979343462131,入账,4.94,聚合账户,货款结算入账,小店自卖,'6951943593322353728,'6951943593322353728,'SS76296605559344996190150,2026-04-10 14:25:10,'3683590910169448490,新款碎发梳插梳韩版女孩夹子后脑勺刘海整理发夹卡子成年人发头饰,,,普通订单,4.87,0,0,0,0,0,0,0,0.1,0,0,0,-0.03,0,0,0,0,0,0,是-商品卡免佣,0.22,义乌市黎既电子商务商行（个体工商户）,订单结算
2026-04-20 03:12:24,'2026042003122112142681872131,入账,10.88,聚合账户,货款结算入账,小店自卖,'6951922416620475605,'6951922416620475605,'SS76296506857611271940002,2026-04-09 15:01:43,'3796640026289373330,蝴蝶结鸭嘴夹小香风毛呢爆款发夹后脑勺气质洋气盘发一字夹子,,,普通订单,10.95,0,0,0,0,0,0,0,0,0,0,0,-0.07,0,0,0,0,0,0,是-商品卡免佣,0.51,义乌市黎既电子商务商行（个体工商户）,订单结算
2026-04-20 03:12:24,'2026042003122006042918832131,入账,2.86,聚合账户,货款结算入账,小店自卖,'6925494534232702831,'6925494534232702831,'SS76296546803995325530120,2026-04-10 15:14:51,'3761395105840365661,高级感水钻满天星发夹女后脑勺盘发神器发卡青蛙夹扭扭夹发卡头饰,,,普通订单,2.88,0,0,0,0,0,0,0,0,0,0,0,-0.02,0,0,0,0,0,0,是-商品卡免佣,0.15,义乌市黎既电子商务商行（个体工商户）,订单结算
2026-04-20 03:12:24,'2026042003122014055838992131,入账,2.45,聚合账户,货款结算入账,小店自卖,'6951957713237186262,'6951957713237186262,'SS76296542681480566390062,2026-04-10 22:23:57,'3746539288666439910,夏天新款太阳花网纱抓夹女发夹高马尾夹子固定后脑勺花朵鲨鱼夹,,,普通订单,2.46,0,0,0,0,0,0,0,0,0,0,0,-0.01,0,0,0,0,0,0,是-商品卡免佣,0.07,义乌市黎既电子商务商行（个体工商户）,订单结算
2026-04-20 03:12:41,'2026042003123702526254502131,入账,3.81,聚合账户,货款结算入账,小店自卖,'6925475613430480249,'6925475613430480249,'SS76295562704328791300137,2026-04-09 16:15:51,'3784368456477049055,韩国气质碎钻满天星抓夹女后脑勺半扎发鲨鱼夹发量少百搭发卡头饰,,,普通订单,3.83,0,0,0,0,0,0,0,0,0,0,0,-0.02,0,0,0,0,0,0,是-商品卡免佣,0.15,义乌市黎既电子商务商行（个体工商户）,订单结算
2026-04-20 03:12:41,'2026042003123621853970332131,入账,8.26,聚合账户,货款结算入账,小店自卖,'6951942480308278601,'6951942480308278601,'SS76295535401729886980243,2026-04-09 21:09:39,'3755808382091657328,2025新款中号发夹后脑勺头发鲨鱼夹发卡头饰发量少抓夹女夏天夹子,,,普通订单,8.31,1.15,0,0,0,0,0,0,0,0,0,0,-0.05,0,0,0,0,0,0,是-商品卡免佣,0.37,义乌市黎既电子商务商行（个体工商户）,订单结算
2026-04-20 03:12:41,'2026042003123727566247032131,入账,3.95,聚合账户,货款结算入账,小店自卖,'6925486947898785391,'6925486947898785391,'SS76295728702299512700178,2026-04-09 23:48:22,'3806293802847699345,韩式豹纹波点褶皱高级扭扭马尾卡通风香蕉发夹后脑勺显发发卡头饰,,,普通订单,3.97,0,0,0,0,0,0,0,0,0,0,0,-0.02,0,0,0,0,0,0,是-商品卡免佣,0.15,义乌市黎既电子商务商行（个体工商户）,订单结算
2026-04-20 03:12:41,'2026042003123533477271102131,入账,2.67,聚合账户,货款结算入账,小店自卖,'6925469933475102169,'6925469933475102169,'SS76295560431859310350038,2026-04-10 00:41:40,'3784368456477049055,韩国气质碎钻满天星抓夹女后脑勺半扎发鲨鱼夹发量少百搭发卡头饰,,,普通订单,2.69,0,0,0,0,0,0,0,0,0,0,0,-0.02,0,0,0,0,0,0,是-商品卡免佣,0.15,义乌市黎既电子商务商行（个体工商户）,订单结算
2026-04-20 03:17:54,'2026042003175020975787882131,入账,2.67,聚合账户,货款结算入账,小店自卖,'6951934187922265161,'6951934187922265161,'SS76295560667155870990156,2026-04-10 01:06:32,'3784368456477049055,韩国气质碎钻满天星抓夹女后脑勺半扎发鲨鱼夹发量少百搭发卡头饰,,,普通订单,2.69,0,0,0,0,0,0,0,0,0,0,0,-0.02,0,0,0,0,0,0,是-商品卡免佣,0.15,义乌市黎既电子商务商行（个体工商户）,订单结算
2026-04-20 03:17:54,'2026042003174919015928582131,入账,4.6,聚合账户,货款结算入账,小店自卖,'6925518180026186818,'6925518180026186818,'SS76296515064046886910218,2026-04-11 15:57:34,'3761395105840365661,高级感水钻满天星发夹女后脑勺盘发神器发卡青蛙夹扭扭夹发卡头饰,,,普通订单,4.63,0,0,0,0,0,0,0,0,0,0,0,-0.03,0,0,0,0,0,0,是-商品卡免佣,0.22,义乌市黎既电子商务商行（个体工商户）,订单结算
2026-04-20 03:17:54,'2026042003174916837391422131,入账,2.94,聚合账户,货款结算入账,小店自卖,'6951926653873886609,'6951926653873886609,'SS76295517616698824040095,2026-04-09 16:09:13,'3769870193174642697,2025春夏新款轻奢边夹时尚气质一字发夹女后脑勺扭扭夹女,,,普通订单,2.96,0,0,0,0,0,0,0,0,0,0,0,-0.02,0,0,0,0,0,0,是-商品卡免佣,0.15,义乌市黎既电子商务商行（个体工商户）,订单结算
2026-04-20 03:17:54,'2026042003174938599398942131,入账,1.98,聚合账户,货款结算入账,小店自卖,'6952080440690022318,'6952080440690022318,'SS76295762890705472510162,2026-04-15 14:09:21,'3750791789322306375,刘海夹前额洋气闪钻轻奢植绒复古夹子双层侧边夹碎发整理夹子女,,,普通订单,1.99,0.45,0,0,0,0,0,0,0,0,0,0,-0.01,0,0,0,0,0,0,是-商品卡免佣,0.07,义乌市黎既电子商务商行（个体工商户）,订单结算
2026-04-20 03:17:54,'2026042003174918717783232131,入账,4.6,聚合账户,货款结算入账,小店自卖,'6951949883705332867,'6951949883705332867,'SS76295521800604060350225,2026-04-10 05:07:47,'3761395105840365661,高级感水钻满天星发夹女后脑勺盘发神器发卡青蛙夹扭扭夹发卡头饰,,,普通订单,4.63,0,0,0,0,0,0,0,0,0,0,0,-0.03,0,0,0,0,0,0,是-商品卡免佣,0.22,义乌市黎既电子商务商行（个体工商户）,订单结算
2026-04-20 03:18:41,'2026042003183524375834002131,入账,3.78,聚合账户,货款结算入账,小店自卖,'6925477107147636617,'6925477107147636617,'SS76295992375041722880051,2026-04-10 09:54:52,'3673976773902729360,发夹女后脑勺珍珠发卡大号盘发鲨鱼夹韩国ins网红气质头饰抓发夹,,,普通订单,3.8,0.9,0,0,0,0,0,0,0,0,0,0,-0.02,0,0,0,0,0,0,是-商品卡免佣,0.15,义乌市黎既电子商务商行（个体工商户）,订单结算
2026-04-20 03:18:41,'2026042003183407565320092131,入账,4.94,聚合账户,货款结算入账,小店自卖,'6951949811951081291,'6951949811951081291,'SS76295522162531371610188,2026-04-10 04:25:46,'3769870193174642697,2025春夏新款轻奢边夹时尚气质一字发夹女后脑勺扭扭夹女,,,普通订单,4.97,0,0,0,0,0,0,0,0,0,0,0,-0.03,0,0,0,0,0,0,是-商品卡免佣,0.22,义乌市黎既电子商务商行（个体工商户）,订单结算
2026-04-20 03:18:41,'2026042003183517878553602131,入账,2.67,聚合账户,货款结算入账,小店自卖,'6925465661109009936,'6925465661109009936,'SS76296064378636252220031,2026-04-09 23:11:16,'3784368456477049055,韩国气质碎钻满天星抓夹女后脑勺半扎发鲨鱼夹发量少百搭发卡头饰,,,普通订单,2.69,0,0,0,0,0,0,0,0,0,0,0,-0.02,0,0,0,0,0,0,是-商品卡免佣,0.15,义乌市黎既电子商务商行（个体工商户）,订单结算
2026-04-20 03:18:41,'2026042003183409955740702131,入账,1.79,聚合账户,货款结算入账,小店自卖,'6952037750833157427,'6952037750833157427,'SS76296891773419528110125,2026-04-13 20:51:52,'3747800080678256720,夏季网红新款小草头上发夹长草可爱超萌碎豆芽夹子头顶搞怪发饰,,,普通订单,1.8,0,0,0,0,0,0,0,0,0,0,0,-0.01,0,0,0,0,0,0,是-商品卡免佣,0.07,义乌市黎既电子商务商行（个体工商户）,订单结算
2026-04-20 03:18:41,'2026042003183611587425432131,入账,3.08,聚合账户,货款结算入账,小店自卖,'6925497029513346146,'6925497029513346146,'SS76296601303677834870197,2026-04-10 16:39:23,'3673424694561865791,薄款牛油果绿系列小丝巾缠包模特搭配装饰品扎头发绑发飘带发带,,,普通订单,3.1,1.55,0,0,0,0,0,0,0,0,0,0,-0.02,0,0,0,0,0,0,是-商品卡免佣,0.15,义乌市黎既电子商务商行（个体工商户）,订单结算
2026-04-20 03:19:43,'2026042003193741611146742131,入账,2.63,聚合账户,货款结算入账,小店自卖,'6951957356017096370,'6951957356017096370,'SS76296429462413358590121,2026-04-10 18:41:35,'3763932448057065566,磨砂扭扭香蕉夹高马尾大号发夹后脑勺竖夹发卡韩国气质女夹子头饰,,,普通订单,0.9,0.89,0,1.75,0,0,0,0,0,0,0,0,-0.02,0,0,0,0,0,0,是-商品卡免佣,0.15,义乌市黎既电子商务商行（个体工商户）,订单结算
2026-04-20 03:19:43,'2026042003193928441687542131,入账,3.58,聚合账户,货款结算入账,小店自卖,'6925494345221438516,'6925494345221438516,'SS76296321357201579670030,2026-04-10 13:12:40,'3746150076641313252,网红简约ins纯色宽边发带高颅顶白色发箍女运动健身夏季头饰发饰,,,普通订单,3.57,0.9,0,0.2,0,0,0,0,0,0,0,0,-0.19,0,0,0,0,0,0,,0,义乌市黎既电子商务商行（个体工商户）,订单结算
2026-04-20 03:19:43,'2026042003193827221898342131,入账,6.68,聚合账户,货款结算入账,小店自卖,'6951941502897165566,'6951941502897165566,'SS76296069930977859020057,2026-04-10 12:23:42,'3780082993918509483,束发带洗脸简约敷面膜头箍头套韩版学生发饰休闲百搭男女洗发头箍,,,普通订单,6.72,0,0,0,0,0,0,0,0,0,0,0,-0.04,0,0,0,0,0,0,是-商品卡免佣,0.29,义乌市黎既电子商务商行（个体工商户）,订单结算
2026-04-20 03:19:43,'2026042003193630799629312131,入账,2.67,聚合账户,货款结算入账,小店自卖,'6925559217330880448,'6925559217330880448,'SS76295795271187996500031,2026-04-13 09:48:00,'3784368456477049055,韩国气质碎钻满天星抓夹女后脑勺半扎发鲨鱼夹发量少百搭发卡头饰,,,普通订单,0.01,0,0,2.68,0,0,0,0,0,0,0,0,-0.02,0,0,0,0,0,0,是-商品卡免佣,0.15,义乌市黎既电子商务商行（个体工商户）,订单结算
2026-04-20 03:19:43,'2026042003193629241515982131,入账,1.95,聚合账户,货款结算入账,小店自卖,'6925543796570815649,'6925543796570815649,'SS76296546847559846780097,2026-04-12 13:45:37,'3806280662462366067,kitty猫~刘海贴精致可爱甜美少女棉花糖猫兔碎发贴魔术贴无痕发饰,,,普通订单,0.01,0,0,1.95,0,0,0,0,0,0,0,0,-0.01,0,0,0,0,0,0,是-商品卡免佣,0.07,义乌市黎既电子商务商行（个体工商户）,订单结算
2026-04-20 03:19:58,'2026042003195332095772702131,入账,2.85,聚合账户,货款结算入账,小店自卖,'6952089778367698793,'6952089778367698793,'SS76296017875910005910030,2026-04-15 15:33:07,'3747800080678256720,夏季网红新款小草头上发夹长草可爱超萌碎豆芽夹子头顶搞怪发饰,,,普通订单,0.87,0,0,2,0,0,0,0,0,0,0,0,-0.02,0,0,0,0,0,0,是-商品卡免佣,0.15,义乌市黎既电子商务商行（个体工商户）,订单结算
2026-04-20 03:19:58,'2026042003195116369792422131,入账,2.15,聚合账户,货款结算入账,小店自卖,'6951958376680855177,'6951958376680855177,'SS76295728732167872000095,2026-04-10 00:28:05,'3806293802847699345,韩式豹纹波点褶皱高级扭扭马尾卡通风香蕉发夹后脑勺显发发卡头饰,,,普通订单,2.16,0,0,0,0,0,0,0,0,0,0,0,-0.01,0,0,0,0,0,0,是-商品卡免佣,0.07,义乌市黎既电子商务商行（个体工商户）,订单结算
2026-04-20 03:19:58,'2026042003195222577976862131,入账,10.88,聚合账户,货款结算入账,小店自卖,'6951926787438941271,'6951926787438941271,'SS76296562568232476500025,2026-04-09 17:36:39,'3796640026289373330,蝴蝶结鸭嘴夹小香风毛呢爆款发夹后脑勺气质洋气盘发一字夹子,,,普通订单,10.95,0,0,0,0,0,0,0,0,0,0,0,-0.07,0,0,0,0,0,0,是-商品卡免佣,0.51,义乌市黎既电子商务商行（个体工商户）,订单结算
2026-04-20 03:19:58,'2026042003195320224412672131,入账,2.67,聚合账户,货款结算入账,小店自卖,'6925619767371005711,'6925619767371005711,'SS76296575404727017390088,2026-04-15 16:16:13,'3784368456477049055,韩国气质碎钻满天星抓夹女后脑勺半扎发鲨鱼夹发量少百搭发卡头饰,,,普通订单,0.69,0,0,2,0,0,0,0,0,0,0,0,-0.02,0,0,0,0,0,0,是-商品卡免佣,0.15,义乌市黎既电子商务商行（个体工商户）,订单结算
2026-04-20 03:19:58,'2026042003195314946637302131,入账,1.95,聚合账户,货款结算入账,小店自卖,'6925477489531059396,'6925477489531059396,'SS76296317708911621660049,2026-04-10 13:32:01,'3806280662462366067,kitty猫~刘海贴精致可爱甜美少女棉花糖猫兔碎发贴魔术贴无痕发饰,,,普通订单,1.36,0,0,0.6,0,0,0,0,0,0,0,0,-0.01,0,0,0,0,0,0,是-商品卡免佣,0.07,义乌市黎既电子商务商行（个体工商户）,订单结算
2026-04-20 03:20:14,'2026042003200916263089072131,入账,3.75,聚合账户,货款结算入账,小店自卖,'6951927552050992251,'6951927552050992251,'SS76296148243527439460028,2026-04-10 07:52:18,'3746150076641313252,网红简约ins纯色宽边发带高颅顶白色发箍女运动健身夏季头饰发饰,,,普通订单,3.77,0.9,0,0,0,0,0,0,0,0,0,0,-0.02,0,0,0,0,0,0,是-商品卡免佣,0.15,义乌市黎既电子商务商行（个体工商户）,订单结算
2026-04-20 03:20:14,'2026042003200911664266652131,入账,0.54,聚合账户,货款结算入账,小店自卖,'6952049345943442674,'6952049345943442674,'SS76293652723565081600243,2026-04-14 04:43:04,'3744273223211155832,春夏花朵少女发夹bb边夹侧边氛围感拍照刘海夹前额发卡碎发夹发饰,,,普通订单,4.61,0.55,0,0,0,0,0,0,0,0,0,-4.06,-0.01,0,0,0,0,0,0,是-商品卡免佣,0.07,义乌市黎既电子商务商行（个体工商户）,订单结算
2026-04-20 03:20:14,'2026042003200936994092032131,入账,3.7,聚合账户,货款结算入账,小店自卖,'6925487565086489627,'6925487565086489627,'SS76295728952781048410207,2026-04-10 10:15:30,'3782115499152900523,复古豹纹波点褶皱香蕉夹女高级感马尾扭扭竖夹后脑勺显发量发卡,,,普通订单,3.72,0,0,0,0,0,0,0,0,0,0,0,-0.02,0,0,0,0,0,0,是-商品卡免佣,0.15,义乌市黎既电子商务商行（个体工商户）,订单结算
2026-04-20 03:20:14,'2026042003200931506969692131,入账,2.67,聚合账户,货款结算入账,小店自卖,'6925530709625437587,'6925530709625437587,'SS76296021788768340890111,2026-04-12 01:42:36,'3784368456477049055,韩国气质碎钻满天星抓夹女后脑勺半扎发鲨鱼夹发量少百搭发卡头饰,,,普通订单,2.69,0,0,0,0,0,0,0,0,0,0,0,-0.02,0,0,0,0,0,0,是-商品卡免佣,0.15,义乌市黎既电子商务商行（个体工商户）,订单结算
2026-04-20 03:20:14,'2026042003200904158469182131,入账,3.14,聚合账户,货款结算入账,小店自卖,'6952057252830319916,'6952057252830319916,'SS76296657141247352590241,2026-04-14 21:16:49,'3796640026289373330,蝴蝶结鸭嘴夹小香风毛呢爆款发夹后脑勺气质洋气盘发一字夹子,,,普通订单,3.16,0,0,0,0,0,0,0,0,0,0,0,-0.02,0,0,0,0,0,0,是-商品卡免佣,0.15,义乌市黎既电子商务商行（个体工商户）,订单结算
2026-04-20 03:20:21,'2026042003201617622961152131,入账,4.85,聚合账户,货款结算入账,小店自卖,'6951965404950238713,'6951965404950238713,'SS76295927470657705060014,2026-04-10 08:44:56,'3796640026289373330,蝴蝶结鸭嘴夹小香风毛呢爆款发夹后脑勺气质洋气盘发一字夹子,,,普通订单,4.88,0,0,0,0,0,0,0,0,0,0,0,-0.03,0,0,0,0,0,0,是-商品卡免佣,0.22,义乌市黎既电子商务商行（个体工商户）,订单结算
2026-04-20 03:20:21,'2026042003201641878205702131,入账,7.12,聚合账户,货款结算入账,小店自卖,'6952043035152750194,'6952043035152750194,'SS76295609300501302160080,2026-04-14 10:30:34,'3677664591720087699,一次性小橡皮筋女黑色皮套扎头发绳不伤发高弹力头绳儿童发圈弹性,,,普通订单,7.16,1.55,0,0,0,0,0,0,0,0,0,0,-0.04,0,0,0,0,0,0,是-商品卡免佣,0.29,义乌市黎既电子商务商行（个体工商户）,订单结算
2026-04-20 03:20:21,'2026042003201632851402392131,入账,2.67,聚合账户,货款结算入账,小店自卖,'6925482851855662992,'6925482851855662992,'SS76296064395837443080122,2026-04-09 23:25:30,'3784368456477049055,韩国气质碎钻满天星抓夹女后脑勺半扎发鲨鱼夹发量少百搭发卡头饰,,,普通订单,2.69,0,0,0,0,0,0,0,0,0,0,0,-0.02,0,0,0,0,0,0,是-商品卡免佣,0.15,义乌市黎既电子商务商行（个体工商户）,订单结算
2026-04-20 03:20:21,'2026042003201636952151192131,入账,3.59,聚合账户,货款结算入账,小店自卖,'6925481394181864878,'6925481394181864878,'SS76295947309807050330163,2026-04-10 11:28:37,'3766001784691229117,夏天简约随手盘发一字扭扭夹水钻抓夹高级发夹扭扭后脑勺盘发器,,,普通订单,3.61,0.69,0,0,0,0,0,0,0,0,0,0,-0.02,0,0,0,0,0,0,是-商品卡免佣,0.15,义乌市黎既电子商务商行（个体工商户）,订单结算
2026-04-20 03:20:21,'2026042003201711415390812131,入账,4.85,聚合账户,货款结算入账,小店自卖,'6952018490436949768,'6952018490436949768,'SS76296442907796938500105,2026-04-12 22:08:34,'3796640026289373330,蝴蝶结鸭嘴夹小香风毛呢爆款发夹后脑勺气质洋气盘发一字夹子,,,普通订单,4.88,0,0,0,0,0,0,0,0,0,0,0,-0.03,0,0,0,0,0,0,是-商品卡免佣,0.22,义乌市黎既电子商务商行（个体工商户）,订单结算
2026-04-20 03:22:39,'2026042003223415283532892131,入账,5.08,聚合账户,货款结算入账,小店自卖,'6951927251356686147,'6951927251356686147,'SS76296148146633282940107,2026-04-09 23:11:08,'3746150076641313252,网红简约ins纯色宽边发带高颅顶白色发箍女运动健身夏季头饰发饰,,,普通订单,5.11,0.9,0,0,0,0,0,0,0,0,0,0,-0.03,0,0,0,0,0,0,是-商品卡免佣,0.22,义乌市黎既电子商务商行（个体工商户）,订单结算
2026-04-20 03:22:39,'2026042003223331347510262131,入账,4.2,聚合账户,货款结算入账,小店自卖,'6951952437987775757,'6951952437987775757,'SS76295999280625426430211,2026-04-10 10:47:25,'3766001784691229117,夏天简约随手盘发一字扭扭夹水钻抓夹高级发夹扭扭后脑勺盘发器,,,普通订单,4.23,0,0,0,0,0,0,0,0,0,0,0,-0.03,0,0,0,0,0,0,是-商品卡免佣,0.22,义乌市黎既电子商务商行（个体工商户）,订单结算
2026-04-20 03:22:39,'2026042003223314863895422131,入账,3.9,聚合账户,货款结算入账,小店自卖,'6925480768186318745,'6925480768186318745,'SS76295587318602306660112,2026-04-10 05:14:27,'3806280662462366067,kitty猫~刘海贴精致可爱甜美少女棉花糖猫兔碎发贴魔术贴无痕发饰,,,普通订单,3.92,0,0,0,0,0,0,0,0,0,0,0,-0.02,0,0,0,0,0,0,是-商品卡免佣,0.15,义乌市黎既电子商务商行（个体工商户）,订单结算
2026-04-20 03:22:39,'2026042003223412421860102131,入账,9.51,聚合账户,货款结算入账,小店自卖,'6951952774886266450,'6951952774886266450,'SS76296543884700759140164,2026-04-10 14:15:11,'3742849967501476190,可爱小女孩网红爆款树脂发饰高颅顶神器女士童通用梳马尾头饰发饰,,,普通订单,10.01,1.15,0,0,0,0,0,0,0,0,0,0,-0.5,0,0,0,0,0,0,,0,义乌市黎既电子商务商行（个体工商户）,订单结算
2026-04-20 03:22:39,'2026042003223413720952702131,入账,2.67,聚合账户,货款结算入账,小店自卖,'6951954785915049179,'6951954785915049179,'SS76296191393716024830042,2026-04-10 13:39:27,'3784368456477049055,韩国气质碎钻满天星抓夹女后脑勺半扎发鲨鱼夹发量少百搭发卡头饰,,,普通订单,2.69,0,0,0,0,0,0,0,0,0,0,0,-0.02,0,0,0,0,0,0,是-商品卡免佣,0.15,义乌市黎既电子商务商行（个体工商户）,订单结算
2026-04-20 03:22:55,'2026042003224920852908032131,入账,3.41,聚合账户,货款结算入账,小店自卖,'6925488398995586887,'6925488398995586887,'SS76296598855922201870130,2026-04-10 16:10:19,'3673388116573553024,花朵儿童盘发神器新款宝宝丸子头盘发器宝宝扎头神器头饰发饰女孩,,,普通订单,3.43,0.55,0,0,0,0,0,0,0,0,0,0,-0.02,0,0,0,0,0,0,是-商品卡免佣,0.15,义乌市黎既电子商务商行（个体工商户）,订单结算
2026-04-20 03:22:55,'2026042003224301315310502131,入账,7.73,聚合账户,货款结算入账,小店自卖,'6951934511422379176,'6951934511422379176,'SS76296580903840322710168,2026-04-10 09:44:18,'3807732934811713667,新款牡丹花羽毛抓夹女高颜值轻奢时尚百搭鲨鱼夹发饰头饰夹发神器,,,普通订单,7.78,0,0,0,0,0,0,0,0,0,0,0,-0.05,0,0,0,0,0,0,是-商品卡免佣,0.37,义乌市黎既电子商务商行（个体工商户）,订单结算
2026-04-20 03:22:55,'2026042003224934740800512131,入账,5.51,聚合账户,货款结算入账,小店自卖,'6925462066992152448,'6925462066992152448,'SS76295517558376210320025,2026-04-09 16:08:58,'3751345399902896376,儿童发饰后脑勺碎发神器发梳女童刘海插梳整理发卡网红发夹头饰女,,,普通订单,5.54,0.55,0,0,0,0,0,0,0,0,0,0,-0.03,0,0,0,0,0,0,是-商品卡免佣,0.22,义乌市黎既电子商务商行（个体工商户）,订单结算
2026-04-20 03:22:55,'2026042003224820687426662131,入账,7.89,聚合账户,货款结算入账,小店自卖,'6925578028758433573,'6925578028758433573,'SS76296529675194207140043,2026-04-14 00:11:15,'3746153916182692087,法式文艺~复古甜美方巾大肠发圈女高级感ins大号高马尾甜妹发饰,,,普通订单,7.94,0,0,0,0,0,0,0,0,0,0,0,-0.05,0,0,0,0,0,0,是-商品卡免佣,0.37,义乌市黎既电子商务商行（个体工商户）,订单结算
2026-04-20 03:22:55,'2026042003224900422589902131,入账,3.75,聚合账户,货款结算入账,小店自卖,'6925354423244127610,'6925354423244127610,'SS76295348934128481380131,2026-04-04 20:55:56,'3746150076641313252,网红简约ins纯色宽边发带高颅顶白色发箍女运动健身夏季头饰发饰,,,普通订单,3.77,0.9,0,0,0,0,0,0,0,0,0,0,-0.02,0,0,0,0,0,0,是-商品卡免佣,0.15,义乌市黎既电子商务商行（个体工商户）,订单结算
2026-04-20 03:23:33,'2026042003232520866708632131,入账,4.42,聚合账户,货款结算入账,小店自卖,'6951946909819081899,'6951946909819081899,'SS76295535102392939670222,2026-04-09 21:10:13,'3768981663040799045,蓝条纹爱心牛仔三角抓夹女2025新款蕾丝花边鲨鱼夹大号后脑勺发夹,,,普通订单,2.45,0,0,2,0,0,0,0,0,0,0,0,-0.03,0,0,0,0,0,0,是-商品卡免佣,0.22,义乌市黎既电子商务商行（个体工商户）,订单结算
2026-04-20 03:23:33,'2026042003232824546677862131,入账,2.52,聚合账户,货款结算入账,精选联盟,'6925580346496679367,'6925580346496679367,'SS76297042881675924670187,2026-04-14 01:08:49,'3806285088233226368,韩系~时尚百搭简约女格纹布少女风艺带齿细发箍个性压发箍头箍女,'0,,普通订单,2.48,0,0,0.32,0,0,0,0,0,0,0,0,-0.14,0,0,0,0,-0.14,0,,0,义乌市黎既电子商务商行（个体工商户）,订单结算
2026-04-20 03:23:33,'2026042003232538351669822131,入账,3.75,聚合账户,货款结算入账,小店自卖,'6951953534482322837,'6951953534482322837,'SS76296148920685245500025,2026-04-09 17:55:15,'3746150076641313252,网红简约ins纯色宽边发带高颅顶白色发箍女运动健身夏季头饰发饰,,,普通订单,3.77,0.9,0,0,0,0,0,0,0,0,0,0,-0.02,0,0,0,0,0,0,是-商品卡免佣,0.15,义乌市黎既电子商务商行（个体工商户）,订单结算
2026-04-20 03:23:33,'2026042003232810870175222131,入账,1.88,聚合账户,货款结算入账,小店自卖,'6952077307331286706,'6952077307331286706,'SS76297094973639893000131,2026-04-14 21:17:28,'3775300820581613599,甜美kitty刘海贴可爱少女棉花糖猫碎发贴刘海魔术贴无痕便携发饰,,,普通订单,0.01,0,0,1.88,0,0,0,0,0,0,0,0,-0.01,0,0,0,0,0,0,是-商品卡免佣,0.07,义乌市黎既电子商务商行（个体工商户）,订单结算
2026-04-20 03:23:33,'2026042003232805412951442131,入账,3.26,聚合账户,货款结算入账,小店自卖,'6952100405451298182,'6952100405451298182,'SS76296042667435627620226,2026-04-15 13:59:27,'3808343037030039986,韩版新款水钻珠子花朵中号抓夹女后脑勺洋气盘发夹时尚半扎鲨鱼夹,,,普通订单,1.28,0,0,2,0,0,0,0,0,0,0,0,-0.02,0,0,0,0,0,0,是-商品卡免佣,0.15,义乌市黎既电子商务商行（个体工商户）,订单结算
2026-04-20 03:23:33,'2026042003232525674877532131,入账,2.67,聚合账户,货款结算入账,小店自卖,'6925598726129286687,'6925598726129286687,'SS76296547406154795710213,2026-04-14 21:14:21,'3784368456477049055,韩国气质碎钻满天星抓夹女后脑勺半扎发鲨鱼夹发量少百搭发卡头饰,,,普通订单,0.69,0,0,2,0,0,0,0,0,0,0,0,-0.02,0,0,0,0,0,0,是-商品卡免佣,0.15,义乌市黎既电子商务商行（个体工商户）,订单结算
2026-04-20 03:23:33,'2026042003232708266593792131,入账,3.25,聚合账户,货款结算入账,小店自卖,'6951968376489056107,'6951968376489056107,'SS76296602484915249060129,2026-04-10 16:24:25,'3746529925562237053,满钻星星碎发整理神器隐形碎发梳女儿童固定头发夹子拉拉梳头饰,,,普通订单,3.27,0,0,0,0,0,0,0,0,0,0,0,-0.02,0,0,0,0,0,0,是-商品卡免佣,0.15,义乌市黎既电子商务商行（个体工商户）,订单结算
2026-04-20 03:23:33,'2026042003232806910653542131,入账,3.31,聚合账户,货款结算入账,精选联盟,'6925529170968280222,'6925529170968280222,'SS76295584170791122330174,2026-04-12 11:50:23,'3811458741396701435,2026年新款超仙甜美蝴蝶大号盘发抓夹女高级感后脑勺鲨鱼夹头饰品,'0,,普通订单,3.09,0,0,0.58,0,0,0,0,0,0,0,0,-0.18,0,0,0,0,-0.18,0,,0,义乌市黎既电子商务商行（个体工商户）,订单结算
2026-04-20 03:23:33,'2026042003232605048082072131,入账,2.51,聚合账户,货款结算入账,精选联盟,'6952057532051822061,'6952057532051822061,'SS76296654182496345940247,2026-04-13 19:30:57,'3796640026289373330,蝴蝶结鸭嘴夹小香风毛呢爆款发夹后脑勺气质洋气盘发一字夹子,'0,,普通订单,0.01,0,0,2.78,0,0,0,0,0,0,0,0,-0.14,0,0,0,0,-0.14,0,,0,义乌市黎既电子商务商行（个体工商户）,订单结算
2026-04-20 03:23:33,'2026042003232921819891462131,入账,2.56,聚合账户,货款结算入账,小店自卖,'6951972631698019649,'6951972631698019649,'SS76296317419860014500126,2026-04-10 14:56:04,'3784368456477049055,韩国气质碎钻满天星抓夹女后脑勺半扎发鲨鱼夹发量少百搭发卡头饰,,,普通订单,0.01,0,0,2.68,0,0,0,0,0,0,0,0,-0.13,0,0,0,0,0,0,,0,义乌市黎既电子商务商行（个体工商户）,订单结算
2026-04-20 03:23:33,'2026042003232803660352102131,入账,8.62,聚合账户,货款结算入账,小店自卖,'6925578829335658018,'6925578829335658018,'SS76296423456506516580247,2026-04-14 12:26:27,'3673424694561865791,薄款牛油果绿系列小丝巾缠包模特搭配装饰品扎头发绑发飘带发带,,,普通订单,6.67,1.55,0,2,0,0,0,0,0,0,0,0,-0.05,0,0,0,0,0,0,是-商品卡免佣,0.37,义乌市黎既电子商务商行（个体工商户）,订单结算
2026-04-20 03:23:33,'2026042003232519183050302131,入账,1.79,聚合账户,货款结算入账,小店自卖,'6951995074117440938,'6951995074117440938,'SS76293882851437452990043,2026-04-11 23:47:31,'3806285088233226368,韩系~时尚百搭简约女格纹布少女风艺带齿细发箍个性压发箍头箍女,,,普通订单,1.8,0,0,0,0,0,0,0,0,0,0,0,-0.01,0,0,0,0,0,0,是-商品卡免佣,0.07,义乌市黎既电子商务商行（个体工商户）,订单结算
2026-04-20 03:23:33,'2026042003232706346839392131,入账,2.56,聚合账户,货款结算入账,小店自卖,'6952048890549769642,'6952048890549769642,'SS76296824732108234670142,2026-04-13 21:04:58,'3809235146834575749,可爱新春小狗香蕉夹女高马尾扭扭夹红色竖夹高级感2026韩新款发夹,,,普通订单,0.58,0,0,2,0,0,0,0,0,0,0,0,-0.02,0,0,0,0,0,0,是-商品卡免佣,0.15,义乌市黎既电子商务商行（个体工商户）,订单结算
2026-04-20 03:23:33,'2026042003232814054689682131,入账,2.74,聚合账户,货款结算入账,小店自卖,'6951951972451686169,'6951951972451686169,'SS76295521809536950300230,2026-04-10 01:35:31,'3761395105840365661,高级感水钻满天星发夹女后脑勺盘发神器发卡青蛙夹扭扭夹发卡头饰,,,普通订单,0.01,0,0,2.87,0,0,0,0,0,0,0,0,-0.14,0,0,0,0,0,0,,0,义乌市黎既电子商务商行（个体工商户）,订单结算
2026-04-20 03:23:45,'2026042003233925383406502131,入账,5.56,聚合账户,货款结算入账,精选联盟,'6952044967524766963,'6952044967524766963,'SS76296480964369331700053,2026-04-13 22:35:20,'3677561914218643751,发饰交叉抓夹大号发夹新款盘发卡头饰女简约气质鲨鱼夹后脑勺发爪,'0,,普通订单,6.28,1.15,0,0,0,0,0,0,0,0,0,0,-0.31,0,0,0,0,-0.41,0,,0,义乌市黎既电子商务商行（个体工商户）,订单结算
2026-04-20 03:23:45,'2026042003234026721487422131,入账,2.67,聚合账户,货款结算入账,小店自卖,'6951963435219687230,'6951963435219687230,'SS76296191406259574170123,2026-04-10 13:15:56,'3784368456477049055,韩国气质碎钻满天星抓夹女后脑勺半扎发鲨鱼夹发量少百搭发卡头饰,,,普通订单,2.69,0,0,0,0,0,0,0,0,0,0,0,-0.02,0,0,0,0,0,0,是-商品卡免佣,0.15,义乌市黎既电子商务商行（个体工商户）,订单结算
2026-04-20 03:23:45,'2026042003234019173870582131,入账,2.94,聚合账户,货款结算入账,小店自卖,'6925568741269012151,'6925568741269012151,'SS76296657788117491200056,2026-04-13 22:50:38,'3673607243682676924,可爱仿真食物迷你夹奇奇怪怪瓜子玉米发夹搞怪食玩米饭荷包蛋夹子,,,普通订单,2.96,0,0,0,0,0,0,0,0,0,0,0,-0.02,0,0,0,0,0,0,是-商品卡免佣,0.15,义乌市黎既电子商务商行（个体工商户）,订单结算
2026-04-20 03:23:45,'2026042003234106674352832131,入账,3.36,聚合账户,货款结算入账,小店自卖,'6952055392499472258,'6952055392499472258,'SS76296671144604308830229,2026-04-13 19:05:11,'3756538958083916481,红樱桃发夹女侧边小抓夹碎发网红刘海夹可爱公主头饰鲨鱼夹气质,,,普通订单,3.38,0.3,0,0,0,0,0,0,0,0,0,0,-0.02,0,0,0,0,0,0,是-商品卡免佣,0.15,义乌市黎既电子商务商行（个体工商户）,订单结算
2026-04-20 03:23:45,'2026042003234027613924222131,入账,3.19,聚合账户,货款结算入账,小店自卖,'6925567492402872069,'6925567492402872069,'SS76295132452469967880148,2026-04-13 13:33:14,'3774567040401145927,满天星抓夹女质感中号鲨鱼夹半披发抓夹高级气质发夹繁星镶钻抓夹,,,普通订单,3.21,0.3,0,0,0,0,0,0,0,0,0,0,-0.02,0,0,0,0,0,0,是-商品卡免佣,0.15,义乌市黎既电子商务商行（个体工商户）,订单结算
2026-04-20 03:25:44,'2026042003253825049997142131,入账,6.33,聚合账户,货款结算入账,小店自卖,'6925486073174261549,'6925486073174261549,'SS76296601181292142540105,2026-04-10 16:30:13,'3779193557823390180,韩系可爱波点大号米菲兔香蕉夹后脑勺盘发巨显发量多时尚百搭发饰,,,普通订单,6.66,0,0,0,0,0,0,0,0,0,0,0,-0.33,0,0,0,0,0,0,,0,义乌市黎既电子商务商行（个体工商户）,订单结算
2026-04-20 03:25:44,'2026042003253739559175682131,入账,2.83,聚合账户,货款结算入账,小店自卖,'6925476474880949948,'6925476474880949948,'SS76295534773289618550100,2026-04-09 22:50:29,'3783087235688169935,高颅顶神器发根自然蓬松夹无痕定位夹男女刘海夹鸭嘴夹发卡发夹,,,普通订单,2.85,0,0,0,0,0,0,0,0,0,0,0,-0.02,0,0,0,0,0,0,是-商品卡免佣,0.15,义乌市黎既电子商务商行（个体工商户）,订单结算
2026-04-20 03:25:44,'2026042003253920426429442131,入账,2.34,聚合账户,货款结算入账,小店自卖,'6951924547935541160,'6951924547935541160,'SS76296162543112361460113,2026-04-09 17:34:38,'3807763574974186291,气质高级亮黑色大号鲨鱼抓夹女后脑勺时尚发卡巨能抓头饰2026新款,,,普通订单,2.35,0,0,0,0,0,0,0,0,0,0,0,-0.01,0,0,0,0,0,0,是-商品卡免佣,0.07,义乌市黎既电子商务商行（个体工商户）,订单结算
2026-04-20 03:25:44,'2026042003253837625372502131,入账,2.67,聚合账户,货款结算入账,小店自卖,'6925568202183310965,'6925568202183310965,'SS76296863085667784090182,2026-04-13 19:24:54,'3784368456477049055,韩国气质碎钻满天星抓夹女后脑勺半扎发鲨鱼夹发量少百搭发卡头饰,,,普通订单,2.69,0,0,0,0,0,0,0,0,0,0,0,-0.02,0,0,0,0,0,0,是-商品卡免佣,0.15,义乌市黎既电子商务商行（个体工商户）,订单结算
2026-04-20 03:25:44,'2026042003253907312512152131,入账,4.77,聚合账户,货款结算入账,小店自卖,'6951952322621675008,'6951952322621675008,'SS76295928456194995720161,2026-04-10 09:29:07,'3808334646693986544,新款水钻珠子花朵后脑勺洋气盘发夹时尚半扎鲨鱼夹6厘米~中号抓夹,,,普通订单,4.8,0,0,0,0,0,0,0,0,0,0,0,-0.03,0,0,0,0,0,0,是-商品卡免佣,0.22,义乌市黎既电子商务商行（个体工商户）,订单结算
2026-04-20 03:32:01,'2026042003315725598694742131,入账,2.48,聚合账户,货款结算入账,小店自卖,'6925596549192056526,'6925596549192056526,'SS76296544826840517480062,2026-04-14 20:36:57,'3806839658764173323,明星同款高级银色金属小钢圈发扣发夹感洋气甜酷风刘海发夹扣发饰,,,普通订单,2.5,0,0,0,0,0,0,0,0,0,0,0,-0.02,0,0,0,0,0,0,是-商品卡免佣,0.15,义乌市黎既电子商务商行（个体工商户）,订单结算
2026-04-20 03:32:01,'2026042003315719128038592131,入账,3.87,聚合账户,货款结算入账,小店自卖,'6952087405075961746,'6952087405075961746,'SS76297331518704358920141,2026-04-15 17:01:15,'3807732934811713667,新款牡丹花羽毛抓夹女高颜值轻奢时尚百搭鲨鱼夹发饰头饰夹发神器,,,普通订单,3.89,0,0,0,0,0,0,0,0,0,0,0,-0.02,0,0,0,0,0,0,是-商品卡免佣,0.15,义乌市黎既电子商务商行（个体工商户）,订单结算
2026-04-20 03:32:01,'2026042003315720552095062131,入账,4.67,聚合账户,货款结算入账,精选联盟,'6925519383632575824,'6925519383632575824,'SS76294671044803794430096,2026-04-12 02:23:29,'3797355870736744672,卡通可爱新款屁屁三丽鸥大肠花花发圈发绳花朵高级头发丸子头绳萌,'0,,普通订单,5.19,0,0,0,0,0,0,0,0,0,0,0,-0.26,0,0,0,0,-0.26,0,,0,义乌市黎既电子商务商行（个体工商户）,订单结算
2026-04-20 03:32:01,'2026042003315630128540312131,入账,4.31,聚合账户,货款结算入账,小店自卖,'6925476093488168035,'6925476093488168035,'SS76295533666951665150040,2026-04-09 20:31:37,'3767836959792300411,法式高级感超大号弧形抓夹女新款后脑勺盘发夹发量大鲨鱼夹发卡夹,,,普通订单,4.34,0,0,0,0,0,0,0,0,0,0,0,-0.03,0,0,0,0,0,0,是-商品卡免佣,0.22,义乌市黎既电子商务商行（个体工商户）,订单结算
2026-04-20 03:32:01,'2026042003315638927570262131,入账,3.81,聚合账户,货款结算入账,小店自卖,'6925542469594086932,'6925542469594086932,'SS76296358723587651190014,2026-04-12 20:55:46,'3784368456477049055,韩国气质碎钻满天星抓夹女后脑勺半扎发鲨鱼夹发量少百搭发卡头饰,,,普通订单,3.83,0,0,0,0,0,0,0,0,0,0,0,-0.02,0,0,0,0,0,0,是-商品卡免佣,0.15,义乌市黎既电子商务商行（个体工商户）,订单结算
2026-04-20 03:33:36,'2026042003333041875215712131,入账,3.68,聚合账户,货款结算入账,小店自卖,'6951949323462055474,'6951949323462055474,'SS76296144279605747540111,2026-04-09 20:52:33,'3809235146834575749,可爱新春小狗香蕉夹女高马尾扭扭夹红色竖夹高级感2026韩新款发夹,,,普通订单,3.7,0,0,0,0,0,0,0,0,0,0,0,-0.02,0,0,0,0,0,0,是-商品卡免佣,0.15,义乌市黎既电子商务商行（个体工商户）,订单结算
2026-04-20 03:59:33,'2026042003592634775211522131,入账,3.56,聚合账户,货款结算入账,精选联盟,'6952089086984787681,'6952089086984787681,'SS76295828042800996190146,2026-04-15 09:07:03,'3806479482789953902,新款蓝楹蝶!甜美氛围感头花侧边夹旅行发卡！早春气质蓝色花朵发夹,'0,,普通订单,3.96,0,0,0,0,0,0,0,0,0,0,0,-0.2,0,0,0,0,-0.2,0,,0,义乌市黎既电子商务商行（个体工商户）,订单结算
2026-04-20 03:59:33,'2026042003592810581122992131,入账,2.56,聚合账户,货款结算入账,小店自卖,'6925612507410693524,'6925612507410693524,'SS76296644124959547340113,2026-04-15 09:52:04,'3784368456477049055,韩国气质碎钻满天星抓夹女后脑勺半扎发鲨鱼夹发量少百搭发卡头饰,,,普通订单,0.01,0,0,2.68,0,0,0,0,0,0,0,0,-0.13,0,0,0,0,0,0,,0,义乌市黎既电子商务商行（个体工商户）,订单结算
2026-04-20 03:59:34,'2026042003592615239913482131,入账,2.43,聚合账户,货款结算入账,精选联盟,'6952079180367467823,'6952079180367467823,'SS76295964362176926870134,2026-04-14 19:54:04,'3784368456477049055,韩国气质碎钻满天星抓夹女后脑勺半扎发鲨鱼夹发量少百搭发卡头饰,'0,,普通订单,0.01,0,0,2.68,0,0,0,0,0,0,0,0,-0.13,0,0,0,0,-0.13,0,,0,义乌市黎既电子商务商行（个体工商户）,订单结算
2026-04-20 03:59:34,'2026042003592737002614182131,入账,2.67,聚合账户,货款结算入账,小店自卖,'6925624312877121116,'6925624312877121116,'SS76296625059967022510197,2026-04-15 15:13:30,'3784368456477049055,韩国气质碎钻满天星抓夹女后脑勺半扎发鲨鱼夹发量少百搭发卡头饰,,,普通订单,2.69,0,0,0,0,0,0,0,0,0,0,0,-0.02,0,0,0,0,0,0,是-商品卡免佣,0.15,义乌市黎既电子商务商行（个体工商户）,订单结算
2026-04-20 03:59:34,'2026042003592809149158762131,入账,2.67,聚合账户,货款结算入账,小店自卖,'6925592888613044007,'6925592888613044007,'SS76297393725434270870230,2026-04-14 23:03:40,'3784368456477049055,韩国气质碎钻满天星抓夹女后脑勺半扎发鲨鱼夹发量少百搭发卡头饰,,,普通订单,0.01,0,0,2.68,0,0,0,0,0,0,0,0,-0.02,0,0,0,0,0,0,是-商品卡免佣,0.15,义乌市黎既电子商务商行（个体工商户）,订单结算
2026-04-20 03:59:34,'2026042003592928575217052131,入账,1.95,聚合账户,货款结算入账,小店自卖,'6925603567695985726,'6925603567695985726,'SS76297438623930946620150,2026-04-14 21:03:47,'3806280662462366067,kitty猫~刘海贴精致可爱甜美少女棉花糖猫兔碎发贴魔术贴无痕发饰,,,普通订单,0.01,0,0,1.95,0,0,0,0,0,0,0,0,-0.01,0,0,0,0,0,0,是-商品卡免佣,0.07,义乌市黎既电子商务商行（个体工商户）,订单结算
2026-04-20 04:46:16,'2026042004461123157478592131,入账,3.14,聚合账户,货款结算入账,小店自卖,'6952017678745802111,'6952017678745802111,'SS76296514845484977100081,2026-04-12 13:36:51,'3796640026289373330,蝴蝶结鸭嘴夹小香风毛呢爆款发夹后脑勺气质洋气盘发一字夹子,,,普通订单,3.16,0,0,0,0,0,0,0,0,0,0,0,-0.02,0,0,0,0,0,0,是-商品卡免佣,0.15,义乌市黎既电子商务商行（个体工商户）,订单结算
2026-04-20 05:18:54,'2026042005185021267297622131,入账,2.67,聚合账户,货款结算入账,小店自卖,'6952088551051826598,'6952088551051826598,'SS76296524054955957860036,2026-04-14 22:15:41,'3784368456477049055,韩国气质碎钻满天星抓夹女后脑勺半扎发鲨鱼夹发量少百搭发卡头饰,,,普通订单,2.69,0,0,0,0,0,0,0,0,0,0,0,-0.02,0,0,0,0,0,0,是-商品卡免佣,0.15,义乌市黎既电子商务商行（个体工商户）,订单结算
2026-04-20 05:18:54,'2026042005184932466701212131,入账,3.36,聚合账户,货款结算入账,小店自卖,'6925475883335122699,'6925475883335122699,'SS76295533832252623990079,2026-04-09 19:17:40,'3756538958083916481,红樱桃发夹女侧边小抓夹碎发网红刘海夹可爱公主头饰鲨鱼夹气质,,,普通订单,3.38,0.3,0,0,0,0,0,0,0,0,0,0,-0.02,0,0,0,0,0,0,是-商品卡免佣,0.15,义乌市黎既电子商务商行（个体工商户）,订单结算
2026-04-20 05:18:54,'2026042005184830840758112131,入账,5.71,聚合账户,货款结算入账,小店自卖,'6951679197297055546,'6951679197297055546,'SS76295504101639129690011,2026-03-30 15:50:16,'3673057951649759338,小皮筋小女孩头绳发绳透明多彩小号一次性皮筋儿童橡皮筋发饰扎头,,,普通订单,5.74,1.15,0,0,0,0,0,0,0,0,0,0,-0.03,0,0,0,0,0,0,是-商品卡免佣,0.22,义乌市黎既电子商务商行（个体工商户）,订单结算
2026-04-20 05:18:54,'2026042005185027353915242131,入账,3.86,聚合账户,货款结算入账,小店自卖,'6925481322520870798,'6925481322520870798,'SS76284835005512422550177,2026-04-10 10:42:16,'3796640026289373330,蝴蝶结鸭嘴夹小香风毛呢爆款发夹后脑勺气质洋气盘发一字夹子,,,普通订单,4.88,0,0,0,0,0,0,0,0,0,0,-1,-0.02,0,0,0,0,0,0,是-商品卡免佣,0.15,义乌市黎既电子商务商行（个体工商户）,订单结算
2026-04-20 05:18:54,'2026042005184816655977502131,入账,3.81,聚合账户,货款结算入账,小店自卖,'6925471646360239481,'6925471646360239481,'SS76295562731718292990239,2026-04-09 20:29:05,'3784368456477049055,韩国气质碎钻满天星抓夹女后脑勺半扎发鲨鱼夹发量少百搭发卡头饰,,,普通订单,3.83,0,0,0,0,0,0,0,0,0,0,0,-0.02,0,0,0,0,0,0,是-商品卡免佣,0.15,义乌市黎既电子商务商行（个体工商户）,订单结算
2026-04-20 05:19:07,'2026042005190237135485982131,入账,8.21,聚合账户,货款结算入账,小店自卖,'6925523714309586569,'6925523714309586569,'SS76293982303461422710194,2026-04-12 01:54:14,'3747800080678256720,夏季网红新款小草头上发夹长草可爱超萌碎豆芽夹子头顶搞怪发饰,,,普通订单,8.26,0,0,0,0,0,0,0,0,0,0,0,-0.05,0,0,0,0,0,0,是-商品卡免佣,0.37,义乌市黎既电子商务商行（个体工商户）,订单结算
2026-04-20 05:19:07,'2026042005190137386163742131,入账,2.67,聚合账户,货款结算入账,小店自卖,'6925393356230328163,'6925393356230328163,'SS76296725688117988350040,2026-04-06 13:47:41,'3784368456477049055,韩国气质碎钻满天星抓夹女后脑勺半扎发鲨鱼夹发量少百搭发卡头饰,,,普通订单,2.69,0,0,0,0,0,0,0,0,0,0,0,-0.02,0,0,0,0,0,0,是-商品卡免佣,0.15,义乌市黎既电子商务商行（个体工商户）,订单结算
2026-04-20 05:19:07,'2026042005190203033052522131,入账,7.23,聚合账户,货款结算入账,小店自卖,'6925472240140713672,'6925472240140713672,'SS76295522665888975700154,2026-04-10 00:47:58,'3751929775384559628,盘发神器新款丸子头花苞头气质亚克力妈妈发饰后脑勺发夹发卡女,,,普通订单,7.27,0.55,0,0,0,0,0,0,0,0,0,0,-0.04,0,0,0,0,0,0,是-商品卡免佣,0.29,义乌市黎既电子商务商行（个体工商户）,订单结算
2026-04-20 05:19:07,'2026042005190206096986142131,入账,8.48,聚合账户,货款结算入账,小店自卖,'6925566982256819458,'6925566982256819458,'SS76296158148695662180189,2026-04-14 08:50:13,'3752640296001863810,儿童网红卡通发夹韩国公主头饰碎发BB碎发可爱女童碎发发卡,,,普通订单,8.53,0,0,0,0,0,0,0,0,0,0,0,-0.05,0,0,0,0,0,0,是-商品卡免佣,0.37,义乌市黎既电子商务商行（个体工商户）,订单结算
2026-04-20 05:19:07,'2026042005190200598842942131,入账,3.43,聚合账户,货款结算入账,小店自卖,'6925608767201509111,'6925608767201443575,'SS76296970928852546960116,2026-04-15 07:51:18,'3744460610302247229,气质果冻色鲨鱼夹发卡可爱夹子头饰女时尚爱心发夹春天发饰简约,,,普通订单,3.45,0,0,0,0,0,0,0,0,0,0,0,-0.02,0,0,0,0,0,0,是-商品卡免佣,0.15,义乌市黎既电子商务商行（个体工商户）,订单结算
2026-04-20 05:19:24,'2026042005191913801887102131,入账,4.64,聚合账户,货款结算入账,小店自卖,'6951979333717595533,'6951979333717595533,'SS76295781099527053180076,2026-04-11 19:53:36,'3769166853499388264,2025新款安全硅胶发夹女士鲨鱼夹饰品柔软防撞保护后脑夹头发女,,,普通订单,0.67,0,0,0,0,0,0,0,0,4,0,0,-0.03,0,0,0,0,0,0,是-商品卡免佣,0.22,义乌市黎既电子商务商行（个体工商户）,订单结算
2026-04-20 05:19:24,'2026042005191913802378622131,入账,4.6,聚合账户,货款结算入账,小店自卖,'6951936221028291586,'6951936221028291586,'SS76295535433342656380154,2026-04-09 21:26:36,'3761395105840365661,高级感水钻满天星发夹女后脑勺盘发神器发卡青蛙夹扭扭夹发卡头饰,,,普通订单,4.63,0,0,0,0,0,0,0,0,0,0,0,-0.03,0,0,0,0,0,0,是-商品卡免佣,0.22,义乌市黎既电子商务商行（个体工商户）,订单结算
2026-04-20 05:19:24,'2026042005191918130375782131,入账,6.34,聚合账户,货款结算入账,小店自卖,'6951940245507020278,'6951940245507020278,'SS76296507776027080090205,2026-04-09 17:42:48,'3796640026289373330,蝴蝶结鸭嘴夹小香风毛呢爆款发夹后脑勺气质洋气盘发一字夹子,,,普通订单,6.38,0,0,0,0,0,0,0,0,0,0,0,-0.04,0,0,0,0,0,0,是-商品卡免佣,0.29,义乌市黎既电子商务商行（个体工商户）,订单结算
2026-04-20 05:19:24,'2026042005192020222489792131,入账,2.3,聚合账户,货款结算入账,小店自卖,'6925509960267693830,'6925509960267693830,'SS76296800774176814170003,2026-04-11 16:44:55,'3782115864158011677,新款大号花朵头发夹子发卡子网红爆款妈妈抓夹女后脑勺盘发鸭嘴夹,,,普通订单,2.31,0,0,0,0,0,0,0,0,0,0,0,-0.01,0,0,0,0,0,0,是-商品卡免佣,0.07,义乌市黎既电子商务商行（个体工商户）,订单结算
2026-04-20 05:19:24,'2026042005191909914130382131,入账,3.61,聚合账户,货款结算入账,小店自卖,'6952005390744950591,'6952005390744950591,'SS76296139895424294920062,2026-04-12 21:59:44,'3806450472450130341,新款复古抓夹女豹纹蝴蝶结鲨鱼夹2026后脑勺盘发发夹高级感发饰,,,普通订单,3.63,0,0,0,0,0,0,0,0,0,0,0,-0.02,0,0,0,0,0,0,是-商品卡免佣,0.15,义乌市黎既电子商务商行（个体工商户）,订单结算
2026-04-20 05:19:24,'2026042005192026636127222131,入账,10.88,聚合账户,货款结算入账,小店自卖,'6951922344074549209,'6951922344074549209,'SS76296506903791700890057,2026-04-09 14:15:45,'3796640026289373330,蝴蝶结鸭嘴夹小香风毛呢爆款发夹后脑勺气质洋气盘发一字夹子,,,普通订单,10.95,0,0,0,0,0,0,0,0,0,0,0,-0.07,0,0,0,0,0,0,是-商品卡免佣,0.51,义乌市黎既电子商务商行（个体工商户）,订单结算
2026-04-20 05:19:24,'2026042005192015815319582131,入账,3.81,聚合账户,货款结算入账,小店自卖,'6925492150811000203,'6925492150811000203,'SS76296151147666683260083,2026-04-10 11:39:29,'3784368456477049055,韩国气质碎钻满天星抓夹女后脑勺半扎发鲨鱼夹发量少百搭发卡头饰,,,普通订单,3.83,0,0,0,0,0,0,0,0,0,0,0,-0.02,0,0,0,0,0,0,是-商品卡免佣,0.15,义乌市黎既电子商务商行（个体工商户）,订单结算
2026-04-20 05:19:24,'2026042005191803533870542131,入账,9.51,聚合账户,货款结算入账,小店自卖,'6951936791050131038,'6951936791050131038,'SS76295933967135708310098,2026-04-10 09:42:51,'3742849967501476190,可爱小女孩网红爆款树脂发饰高颅顶神器女士童通用梳马尾头饰发饰,,,普通订单,10.01,1.15,0,0,0,0,0,0,0,0,0,0,-0.5,0,0,0,0,0,0,,0,义乌市黎既电子商务商行（个体工商户）,订单结算
2026-04-20 05:19:24,'2026042005192027148454492131,入账,6.09,聚合账户,货款结算入账,小店自卖,'6952026083916912010,'6952026083916912010,'SS76295781568455974400130,2026-04-13 15:19:55,'3739540648064320316,高级感小肠发圈2025新款头绳女扎马尾高弹力耐用不伤发橡皮筋发饰,,,普通订单,6.13,0,0,0,0,0,0,0,0,0,0,0,-0.04,0,0,0,0,0,0,是-商品卡免佣,0.29,义乌市黎既电子商务商行（个体工商户）,订单结算
2026-04-20 05:19:24,'2026042005192036787330942131,入账,4.7,聚合账户,货款结算入账,小店自卖,'6951938835491919412,'6951938835491919412,'SS76295585389895030270188,2026-04-09 22:30:58,'3809067361814839790,甜美风kitty~刘海贴可爱少女无痕发贴棉花糖猫碎发贴魔术贴发饰新,,,普通订单,4.73,0,0,0,0,0,0,0,0,0,0,0,-0.03,0,0,0,0,0,0,是-商品卡免佣,0.22,义乌市黎既电子商务商行（个体工商户）,订单结算
2026-04-20 05:20:04,'2026042005195836392351072131,入账,3.84,聚合账户,货款结算入账,小店自卖,'6951957110759167909,'6951957110759167909,'SS76296602249257295420046,2026-04-10 16:02:54,'3750791789322306375,刘海夹前额洋气闪钻轻奢植绒复古夹子双层侧边夹碎发整理夹子女,,,普通订单,3.86,0.45,0,0,0,0,0,0,0,0,0,0,-0.02,0,0,0,0,0,0,是-商品卡免佣,0.15,义乌市黎既电子商务商行（个体工商户）,订单结算
2026-04-20 05:20:04,'2026042005195902547392002131,入账,3.61,聚合账户,货款结算入账,小店自卖,'6951940856040396416,'6951940856040396416,'SS76295535408917755390247,2026-04-09 23:35:10,'3806450472450130341,新款复古抓夹女豹纹蝴蝶结鲨鱼夹2026后脑勺盘发发夹高级感发饰,,,普通订单,3.63,0,0,0,0,0,0,0,0,0,0,0,-0.02,0,0,0,0,0,0,是-商品卡免佣,0.15,义乌市黎既电子商务商行（个体工商户）,订单结算
2026-04-20 05:20:04,'2026042005195911543229632131,入账,2.81,聚合账户,货款结算入账,小店自卖,'6925494704970366024,'6925494704970366024,'SS76296598993217129230038,2026-04-10 16:24:24,'3767836959792300411,法式高级感超大号弧形抓夹女新款后脑勺盘发夹发量大鲨鱼夹发卡夹,,,普通订单,2.83,0,0,0,0,0,0,0,0,0,0,0,-0.02,0,0,0,0,0,0,是-商品卡免佣,0.15,义乌市黎既电子商务商行（个体工商户）,订单结算
2026-04-20 05:20:04,'2026042005200017407513942131,入账,5.94,聚合账户,货款结算入账,小店自卖,'6951936776884721319,'6951936776884721319,'SS76296068354234780790012,2026-04-10 09:12:12,'3783820390732792146,豹纹镂空云朵抓夹女高级感2025新款秋冬发量大后脑勺鲨鱼夹子发饰,,,普通订单,5.98,0,0,0,0,0,0,0,0,0,0,0,-0.04,0,0,0,0,0,0,是-商品卡免佣,0.29,义乌市黎既电子商务商行（个体工商户）,订单结算
2026-04-20 05:20:04,'2026042005200010570470752131,入账,4.05,聚合账户,货款结算入账,小店自卖,'6951973721168156607,'6951973721168156607,'SS76295760530773611780041,2026-04-11 08:00:25,'3766725340643328230,网红高级感金属发夹女后脑勺抓夹扣盘发气质发卡发饰一字夹扭扭夹,,,普通订单,4.26,0.55,0,0,0,0,0,0,0,0,0,0,-0.21,0,0,0,0,0,0,,0,义乌市黎既电子商务商行（个体工商户）,订单结算
2026-04-20 05:20:15,'2026042005200932969694722131,入账,4.7,聚合账户,货款结算入账,小店自卖,'6951597605693888201,'6951597605693888201,'SS76296237869718082710087,2026-03-26 14:54:40,'3806431274114089028,格纹蝴蝶结头花植绒小熊发圈韩系可爱百搭扎马尾头绳发饰新款发绳,,,普通订单,4.73,0,0,0,0,0,0,0,0,0,0,0,-0.03,0,0,0,0,0,0,是-商品卡免佣,0.22,义乌市黎既电子商务商行（个体工商户）,订单结算
2026-04-20 05:20:15,'2026042005200937508920752131,入账,2.52,聚合账户,货款结算入账,小店自卖,'6925508389884755359,'6925508389884755359,'SS76296876353733107460163,2026-04-11 00:04:41,'3763932448057065566,磨砂扭扭香蕉夹高马尾大号发夹后脑勺竖夹发卡韩国气质女夹子头饰,,,普通订单,2.65,0.89,0,0,0,0,0,0,0,0,0,0,-0.13,0,0,0,0,0,0,,0,义乌市黎既电子商务商行（个体工商户）,订单结算
2026-04-20 05:20:15,'2026042005201034653806482131,入账,2.94,聚合账户,货款结算入账,小店自卖,'6952014252871980390,'6952014252871980390,'SS76296610031225244680190,2026-04-12 22:27:28,'3769870193174642697,2025春夏新款轻奢边夹时尚气质一字发夹女后脑勺扭扭夹女,,,普通订单,2.96,0,0,0,0,0,0,0,0,0,0,0,-0.02,0,0,0,0,0,0,是-商品卡免佣,0.15,义乌市黎既电子商务商行（个体工商户）,订单结算
2026-04-20 05:20:15,'2026042005201030036014232131,入账,2.81,聚合账户,货款结算入账,小店自卖,'6952069547081012421,'6952069547081012421,'SS76297187829612387930029,2026-04-14 11:51:06,'3790878995596312771,韩系黑色波点布艺褶皱高马尾香蕉夹竖夹新款豹纹发夹气质百搭发饰,,,普通订单,2.83,0.39,0,0,0,0,0,0,0,0,0,0,-0.02,0,0,0,0,0,0,是-商品卡免佣,0.15,义乌市黎既电子商务商行（个体工商户）,订单结算
2026-04-20 05:20:15,'2026042005201130661845022131,入账,4.67,聚合账户,货款结算入账,小店自卖,'6925483170681421147,'6925483170681421147,'SS76295522317167659980171,2026-04-10 07:03:08,'3746529925562237053,满钻星星碎发整理神器隐形碎发梳女儿童固定头发夹子拉拉梳头饰,,,普通订单,4.7,0,0,0,0,0,0,0,0,0,0,0,-0.03,0,0,0,0,0,0,是-商品卡免佣,0.22,义乌市黎既电子商务商行（个体工商户）,订单结算
2026-04-20 05:20:21,'2026042005201626098119682131,入账,4.07,聚合账户,货款结算入账,小店自卖,'6951924980581275314,'6951924980581275314,'SS76295535286089201180204,2026-04-09 21:54:45,'3673607243682676924,可爱仿真食物迷你夹奇奇怪怪瓜子玉米发夹搞怪食玩米饭荷包蛋夹子,,,普通订单,4.09,0,0,0,0,0,0,0,0,0,0,0,-0.02,0,0,0,0,0,0,是-商品卡免佣,0.15,义乌市黎既电子商务商行（个体工商户）,订单结算
2026-04-20 05:20:21,'2026042005201522909588542131,入账,1.98,聚合账户,货款结算入账,小店自卖,'6925480645759434212,'6925480645759434212,'SS76295522598746240000021,2026-04-10 00:43:03,'3704406262902030790,高级感磨砂交叉抓夹盘复古头饰简约气质时尚鲨鱼夹后脑勺发饰头饰,,,普通订单,1.99,0.9,0,0,0,0,0,0,0,0,0,0,-0.01,0,0,0,0,0,0,是-商品卡免佣,0.07,义乌市黎既电子商务商行（个体工商户）,订单结算
2026-04-20 05:20:21,'2026042005201513814502922131,入账,3.17,聚合账户,货款结算入账,小店自卖,'6951929182151840906,'6951929182151840906,'SS76295517100338880360004,2026-04-09 15:06:56,'3745788060114223511,五角星星水钻发夹女碎发刘海夹子满钻镂空侧边夹后脑勺发卡bb夹,,,普通订单,3.19,0,0,0,0,0,0,0,0,0,0,0,-0.02,0,0,0,0,0,0,是-商品卡免佣,0.15,义乌市黎既电子商务商行（个体工商户）,订单结算
2026-04-20 05:20:21,'2026042005201614020941162131,入账,3.15,聚合账户,货款结算入账,小店自卖,'6925478149357927652,'6925478149357927652,'SS76295517266478413300158,2026-04-09 18:28:03,'3756368993452163269,简约蝴蝶结抓夹女2025新款哑光发夹后脑勺气质鲨鱼夹中号夏天夹子,,,普通订单,3.17,0,0,0,0,0,0,0,0,0,0,0,-0.02,0,0,0,0,0,0,是-商品卡免佣,0.15,义乌市黎既电子商务商行（个体工商户）,订单结算
2026-04-20 05:20:21,'2026042005201622322714002131,入账,2.86,聚合账户,货款结算入账,小店自卖,'6951953822472017257,'6951953822472017257,'SS76295535487208166900173,2026-04-09 21:27:26,'3761395105840365661,高级感水钻满天星发夹女后脑勺盘发神器发卡青蛙夹扭扭夹发卡头饰,,,普通订单,2.88,0,0,0,0,0,0,0,0,0,0,0,-0.02,0,0,0,0,0,0,是-商品卡免佣,0.15,义乌市黎既电子商务商行（个体工商户）,订单结算
2026-04-20 05:20:36,'2026042005203008440225712131,入账,3.7,聚合账户,货款结算入账,小店自卖,'6925491869794532440,'6925491869794532440,'SS76295728956656399450187,2026-04-10 10:02:46,'3790878995596312771,韩系黑色波点布艺褶皱高马尾香蕉夹竖夹新款豹纹发夹气质百搭发饰,,,普通订单,3.89,0,0,0,0,0,0,0,0,0,0,0,-0.19,0,0,0,0,0,0,,0,义乌市黎既电子商务商行（个体工商户）,订单结算
2026-04-20 05:20:36,'2026042005203140108367552131,入账,3.75,聚合账户,货款结算入账,小店自卖,'6925468684535954446,'6925468684535954446,'SS76296148797373650300176,2026-04-09 14:39:10,'3746150076641313252,网红简约ins纯色宽边发带高颅顶白色发箍女运动健身夏季头饰发饰,,,普通订单,3.77,0.9,0,0,0,0,0,0,0,0,0,0,-0.02,0,0,0,0,0,0,是-商品卡免佣,0.15,义乌市黎既电子商务商行（个体工商户）,订单结算
2026-04-20 05:20:36,'2026042005203003874496192131,入账,3.14,聚合账户,货款结算入账,小店自卖,'6925467228946137014,'6925467228946137014,'SS76295517178200765790226,2026-04-09 17:58:14,'3796640026289373330,蝴蝶结鸭嘴夹小香风毛呢爆款发夹后脑勺气质洋气盘发一字夹子,,,普通订单,3.16,0,0,0,0,0,0,0,0,0,0,0,-0.02,0,0,0,0,0,0,是-商品卡免佣,0.15,义乌市黎既电子商务商行（个体工商户）,订单结算
2026-04-20 05:20:36,'2026042005203201979397662131,入账,5.02,聚合账户,货款结算入账,小店自卖,'6925487045112462463,'6925487045112462463,'SS76296061340359565070067,2026-04-10 02:13:30,'3790878995596312771,韩系黑色波点布艺褶皱高马尾香蕉夹竖夹新款豹纹发夹气质百搭发饰,,,普通订单,5.05,0,0,0,0,0,0,0,0,0,0,0,-0.03,0,0,0,0,0,0,是-商品卡免佣,0.22,义乌市黎既电子商务商行（个体工商户）,订单结算
2026-04-20 05:20:36,'2026042005203239762826302131,入账,6.34,聚合账户,货款结算入账,小店自卖,'6925545122746957026,'6925545122746957026,'SS76297353022317862660178,2026-04-12 22:59:31,'3796640026289373330,蝴蝶结鸭嘴夹小香风毛呢爆款发夹后脑勺气质洋气盘发一字夹子,,,普通订单,6.38,0,0,0,0,0,0,0,0,0,0,0,-0.04,0,0,0,0,0,0,是-商品卡免佣,0.29,义乌市黎既电子商务商行（个体工商户）,订单结算
2026-04-20 05:20:36,'2026042005203117617229152131,入账,2.67,聚合账户,货款结算入账,小店自卖,'6951969981401011916,'6951969981401011916,'SS76296309720315991400165,2026-04-11 13:55:31,'3784368456477049055,韩国气质碎钻满天星抓夹女后脑勺半扎发鲨鱼夹发量少百搭发卡头饰,,,普通订单,2.69,0,0,0,0,0,0,0,0,0,0,0,-0.02,0,0,0,0,0,0,是-商品卡免佣,0.15,义乌市黎既电子商务商行（个体工商户）,订单结算
2026-04-20 05:20:36,'2026042005203227150917482131,入账,3.61,聚合账户,货款结算入账,小店自卖,'6951934278522574725,'6951934278522574725,'SS76296162578637949780185,2026-04-10 01:25:51,'3806450472450130341,新款复古抓夹女豹纹蝴蝶结鲨鱼夹2026后脑勺盘发发夹高级感发饰,,,普通订单,3.63,0,0,0,0,0,0,0,0,0,0,0,-0.02,0,0,0,0,0,0,是-商品卡免佣,0.15,义乌市黎既电子商务商行（个体工商户）,订单结算
2026-04-20 05:20:36,'2026042005203220143967132131,入账,3.25,聚合账户,货款结算入账,小店自卖,'6925347516068953720,'6925347516068953720,'SS76295544732671352580031,2026-04-04 23:00:43,'3746529925562237053,满钻星星碎发整理神器隐形碎发梳女儿童固定头发夹子拉拉梳头饰,,,普通订单,3.27,0,0,0,0,0,0,0,0,0,0,0,-0.02,0,0,0,0,0,0,是-商品卡免佣,0.15,义乌市黎既电子商务商行（个体工商户）,订单结算
2026-04-20 05:20:36,'2026042005203027273633622131,入账,1.94,聚合账户,货款结算入账,小店自卖,'6951941162979890216,'6951941162979890216,'SS76295948726614635580105,2026-04-10 09:19:46,'3806839693081969009,春夏简约随手盘发高级发夹一字扭扭夹水钻抓夹扭扭后脑勺盘发器,,,普通订单,1.95,0,0,0,0,0,0,0,0,0,0,0,-0.01,0,0,0,0,0,0,是-商品卡免佣,0.07,义乌市黎既电子商务商行（个体工商户）,订单结算
2026-04-20 05:20:36,'2026042005203022496753272131,入账,2.68,聚合账户,货款结算入账,小店自卖,'6925484862017797839,'6925484862017797839,'SS76295522313350357000243,2026-04-10 07:22:20,'3806431274114089028,格纹蝴蝶结头花植绒小熊发圈韩系可爱百搭扎马尾头绳发饰新款发绳,,,普通订单,2.7,0.89,0,0,0,0,0,0,0,0,0,0,-0.02,0,0,0,0,0,0,是-商品卡免佣,0.15,义乌市黎既电子商务商行（个体工商户）,订单结算
2026-04-20 05:21:29,'2026042005212608598328842131,入账,10.88,聚合账户,货款结算入账,小店自卖,'6951963731673617774,'6951963731673617774,'SS76296562608806344060186,2026-04-10 16:52:52,'3796640026289373330,蝴蝶结鸭嘴夹小香风毛呢爆款发夹后脑勺气质洋气盘发一字夹子,,,普通订单,10.95,0,0,0,0,0,0,0,0,0,0,0,-0.07,0,0,0,0,0,0,是-商品卡免佣,0.51,义乌市黎既电子商务商行（个体工商户）,订单结算
2026-04-20 05:21:29,'2026042005212436203896512131,入账,3.41,聚合账户,货款结算入账,小店自卖,'6925489465547259750,'6925489465547259750,'SS76295996056965616700065,2026-04-10 09:16:13,'3673388116573553024,花朵儿童盘发神器新款宝宝丸子头盘发器宝宝扎头神器头饰发饰女孩,,,普通订单,3.43,0.55,0,0,0,0,0,0,0,0,0,0,-0.02,0,0,0,0,0,0,是-商品卡免佣,0.15,义乌市黎既电子商务商行（个体工商户）,订单结算
2026-04-20 05:21:29,'2026042005212424301245982131,入账,3.93,聚合账户,货款结算入账,小店自卖,'6925483745164885864,'6925483745164885864,'SS76296068568896970760138,2026-04-10 11:35:14,'3754477217015529699,发夹女新款碎发整理神器发梳插梳卡子刘海夹发卡发箍头发夹子头饰,,,普通订单,3.95,0,0,0,0,0,0,0,0,0,0,0,-0.02,0,0,0,0,0,0,是-商品卡免佣,0.15,义乌市黎既电子商务商行（个体工商户）,订单结算
2026-04-20 05:21:29,'2026042005212519844139932131,入账,2.84,聚合账户,货款结算入账,小店自卖,'6925464720470539400,'6925464720470539400,'SS76295517730791426650130,2026-04-09 16:35:05,'3764317339412201667,气质简约珠珠发夹女夏季新款高级感盘发扭扭夹子后脑勺一字夹发饰,,,普通订单,2.86,0,0,0,0,0,0,0,0,0,0,0,-0.02,0,0,0,0,0,0,是-商品卡免佣,0.15,义乌市黎既电子商务商行（个体工商户）,订单结算
2026-04-20 05:21:29,'2026042005212527221570912131,入账,2.86,聚合账户,货款结算入账,小店自卖,'6951957141639600058,'6951957141639600058,'SS76296546778479168270053,2026-04-10 16:16:04,'3761395105840365661,高级感水钻满天星发夹女后脑勺盘发神器发卡青蛙夹扭扭夹发卡头饰,,,普通订单,2.88,0,0,0,0,0,0,0,0,0,0,0,-0.02,0,0,0,0,0,0,是-商品卡免佣,0.15,义乌市黎既电子商务商行（个体工商户）,订单结算
2026-04-20 05:22:01,'2026042005215435619681632131,入账,4.22,聚合账户,货款结算入账,小店自卖,'6925571928896994851,'6925571928896994851,'SS76294010213836562070147,2026-04-13 11:09:49,'3787171843883008279,可爱白色米菲兔毛绒卡通发帖刘海贴甜美少女讹钱无痕魔术贴发饰,,,普通订单,4.25,0.45,0,0,0,0,0,0,0,0,0,0,-0.03,0,0,0,0,0,0,是-商品卡免佣,0.22,义乌市黎既电子商务商行（个体工商户）,订单结算
2026-04-20 05:22:01,'2026042005215528697239382131,入账,2.86,聚合账户,货款结算入账,小店自卖,'6925495913370910585,'6925495913370910585,'SS76296635461372483080092,2026-04-11 06:58:54,'3761395105840365661,高级感水钻满天星发夹女后脑勺盘发神器发卡青蛙夹扭扭夹发卡头饰,,,普通订单,2.88,0,0,0,0,0,0,0,0,0,0,0,-0.02,0,0,0,0,0,0,是-商品卡免佣,0.15,义乌市黎既电子商务商行（个体工商户）,订单结算
2026-04-20 05:22:01,'2026042005215614225618072131,入账,5.22,聚合账户,货款结算入账,小店自卖,'6925485913917325194,'6925485913917325194,'SS76296605642183483400200,2026-04-10 15:16:13,'3761558334050795776,新款花苞头鸡毛头发夹丸子头假发抓夹盘发发包自然蓬松后脑勺发饰,,,普通订单,5.25,0,0,0,0,0,0,0,0,0,0,0,-0.03,0,0,0,0,0,0,是-商品卡免佣,0.22,义乌市黎既电子商务商行（个体工商户）,订单结算
2026-04-20 05:22:01,'2026042005215531841328982131,入账,2.31,聚合账户,货款结算入账,小店自卖,'6951935821711546050,'6951935821711546050,'SS76296183274505713070121,2026-04-09 17:20:15,'3774756029858972048,韩系豹纹花朵发夹女高级感时尚刘海夹碎发一字夹发卡成人侧边发夹,,,普通订单,2.32,0,0,0,0,0,0,0,0,0,0,0,-0.01,0,0,0,0,0,0,是-商品卡免佣,0.07,义乌市黎既电子商务商行（个体工商户）,订单结算
2026-04-20 05:22:01,'2026042005215501994798602131,入账,8.82,聚合账户,货款结算入账,小店自卖,'6951927014821336838,'6951927014821336838,'SS76295533580525903780048,2026-04-09 20:21:00,'3769870193174642697,2025春夏新款轻奢边夹时尚气质一字发夹女后脑勺扭扭夹女,,,普通订单,8.87,0,0,0,0,0,0,0,0,0,0,0,-0.05,0,0,0,0,0,0,是-商品卡免佣,0.37,义乌市黎既电子商务商行（个体工商户）,订单结算
2026-04-20 05:22:43,'2026042005223838343521542131,入账,1.59,聚合账户,货款结算入账,小店自卖,'6951936423539315811,'6951936423539315811,'SS76281920722976443260070,2026-04-09 23:16:11,'3673424694561865791,薄款牛油果绿系列小丝巾缠包模特搭配装饰品扎头发绑发飘带发带,,,普通订单,3.1,1.55,0,0,0,0,0,0,0,0,0,-1.5,-0.01,0,0,0,0,0,0,是-商品卡免佣,0.07,义乌市黎既电子商务商行（个体工商户）,订单结算
2026-04-20 05:22:43,'2026042005223815273172862131,入账,3.59,聚合账户,货款结算入账,小店自卖,'6951965581142267145,'6951965581142267145,'SS76295944265783219200014,2026-04-10 10:33:02,'3766001784691229117,夏天简约随手盘发一字扭扭夹水钻抓夹高级发夹扭扭后脑勺盘发器,,,普通订单,3.61,0.69,0,0,0,0,0,0,0,0,0,0,-0.02,0,0,0,0,0,0,是-商品卡免佣,0.15,义乌市黎既电子商务商行（个体工商户）,订单结算
2026-04-20 05:22:43,'2026042005223917796308752131,入账,1.65,聚合账户,货款结算入账,小店自卖,'6951954417015199311,'6951954417015199311,'SS76295928673810396700076,2026-04-10 10:16:24,'3807763574974186291,气质高级亮黑色大号鲨鱼抓夹女后脑勺时尚发卡巨能抓头饰2026新款,,,普通订单,1.66,0,0,0,0,0,0,0,0,0,0,0,-0.01,0,0,0,0,0,0,是-商品卡免佣,0.07,义乌市黎既电子商务商行（个体工商户）,订单结算
2026-04-20 05:22:43,'2026042005223826300255222131,入账,3.45,聚合账户,货款结算入账,小店自卖,'6951958708166792435,'6951958708166792435,'SS76295522681566994010221,2026-04-10 08:47:31,'3806450472450130341,新款复古抓夹女豹纹蝴蝶结鲨鱼夹2026后脑勺盘发发夹高级感发饰,,,普通订单,3.63,0,0,0,0,0,0,0,0,0,0,0,-0.18,0,0,0,0,0,0,,0,义乌市黎既电子商务商行（个体工商户）,订单结算
2026-04-20 05:22:43,'2026042005223710500672502131,入账,4.85,聚合账户,货款结算入账,小店自卖,'6951970373408069030,'6951970373408069030,'SS76296508023067942760190,2026-04-10 15:15:55,'3796640026289373330,蝴蝶结鸭嘴夹小香风毛呢爆款发夹后脑勺气质洋气盘发一字夹子,,,普通订单,4.88,0,0,0,0,0,0,0,0,0,0,0,-0.03,0,0,0,0,0,0,是-商品卡免佣,0.22,义乌市黎既电子商务商行（个体工商户）,订单结算
2026-04-20 05:22:54,'2026042005224713980185662131,入账,4.67,聚合账户,货款结算入账,小店自卖,'6925467683959700695,'6925467683959700695,'SS76295535009095360520157,2026-04-09 21:17:56,'3746529925562237053,满钻星星碎发整理神器隐形碎发梳女儿童固定头发夹子拉拉梳头饰,,,普通订单,4.7,0,0,0,0,0,0,0,0,0,0,0,-0.03,0,0,0,0,0,0,是-商品卡免佣,0.22,义乌市黎既电子商务商行（个体工商户）,订单结算
2026-04-20 05:22:54,'2026042005225016744778332131,入账,3.75,聚合账户,货款结算入账,小店自卖,'6952049259901163392,'6952049259901163392,'SS76296694761829504460220,2026-04-14 01:09:23,'3746150076641313252,网红简约ins纯色宽边发带高颅顶白色发箍女运动健身夏季头饰发饰,,,普通订单,3.77,0.9,0,0,0,0,0,0,0,0,0,0,-0.02,0,0,0,0,0,0,是-商品卡免佣,0.15,义乌市黎既电子商务商行（个体工商户）,订单结算
2026-04-20 05:22:54,'2026042005224919378834422131,入账,2.27,聚合账户,货款结算入账,小店自卖,'6951925151714711258,'6951925151714711258,'SS76295535440373683700033,2026-04-09 23:47:38,'3768243884530991364,2025新款简约高颅顶发箍高级发箍女时尚发卡压发洗脸头箍百搭饰品,,,普通订单,2.39,0,0,0,0,0,0,0,0,0,0,0,-0.12,0,0,0,0,0,0,,0,义乌市黎既电子商务商行（个体工商户）,订单结算
2026-04-20 05:22:54,'2026042005225015351816042131,入账,4.95,聚合账户,货款结算入账,小店自卖,'6925524447606701930,'6925524447606701930,'SS76296210082749650270104,2026-04-12 12:15:16,'3812573397322432839,新款密齿香蕉韩系法式波点蕾丝蝴蝶结后脑勺盘发发夹发卡马尾发饰,,,普通订单,4.98,0,0,0,0,0,0,0,0,0,0,0,-0.03,0,0,0,0,0,0,是-商品卡免佣,0.22,义乌市黎既电子商务商行（个体工商户）,订单结算
2026-04-20 05:22:54,'2026042005224639770360592131,入账,3.61,聚合账户,货款结算入账,小店自卖,'6951941198355633295,'6951941198355633295,'SS76295994596852209070178,2026-04-10 09:26:52,'3753581194512565139,粉色绣花新款唯美小女孩碎发刘海夹子头饰儿童氛围感爱心bb夹侧边,,,普通订单,3.63,0,0,0,0,0,0,0,0,0,0,0,-0.02,0,0,0,0,0,0,是-商品卡免佣,0.15,义乌市黎既电子商务商行（个体工商户）,订单结算
2026-04-20 05:22:54,'2026042005224923701757532131,入账,4.24,聚合账户,货款结算入账,小店自卖,'6952043537451587075,'6952043537451587075,'SS76296901268320138740201,2026-04-13 09:24:55,'3778601642635690395,高分智感!气质美拉德色圆环宽边发箍时尚复古高颅顶头箍外戴发饰,,,普通订单,4.27,0,0,0,0,0,0,0,0,0,0,0,-0.03,0,0,0,0,0,0,是-商品卡免佣,0.22,义乌市黎既电子商务商行（个体工商户）,订单结算
2026-04-20 05:22:54,'2026042005224930122316862131,入账,4.79,聚合账户,货款结算入账,小店自卖,'6925462214272974552,'6925462214272974552,'SS76295727839745315900177,2026-04-09 17:24:45,'3782115499152900523,复古豹纹波点褶皱香蕉夹女高级感马尾扭扭竖夹后脑勺显发量发卡,,,普通订单,4.82,0,0,0,0,0,0,0,0,0,0,0,-0.03,0,0,0,0,0,0,是-商品卡免佣,0.22,义乌市黎既电子商务商行（个体工商户）,订单结算
2026-04-20 05:22:54,'2026042005224712721850942131,入账,3.02,聚合账户,货款结算入账,小店自卖,'6925489525056830651,'6925489525056830651,'SS76296579012667970750074,2026-04-10 09:36:30,'3807726468545511652,春夏宽边绒面发箍女2026新款高级感时尚洋气头箍压发洗脸发卡发饰,,,普通订单,3.18,0,0,0,0,0,0,0,0,0,0,0,-0.16,0,0,0,0,0,0,,0,义乌市黎既电子商务商行（个体工商户）,订单结算
2026-04-20 05:22:54,'2026042005225024082680822131,入账,3.78,聚合账户,货款结算入账,小店自卖,'6951954711672329217,'6951954711672329217,'SS76295992251538027620180,2026-04-10 12:27:38,'3673976773902729360,发夹女后脑勺珍珠发卡大号盘发鲨鱼夹韩国ins网红气质头饰抓发夹,,,普通订单,3.8,0.9,0,0,0,0,0,0,0,0,0,0,-0.02,0,0,0,0,0,0,是-商品卡免佣,0.15,义乌市黎既电子商务商行（个体工商户）,订单结算
2026-04-20 05:22:54,'2026042005224925387996422131,入账,3.87,聚合账户,货款结算入账,精选联盟,'6951933954463897316,'6951933954463897316,'SS76295535278344483990136,2026-04-09 21:32:56,'3673490141390962970,趣味超火小草发夹慢羊羊可爱超萌碎发夹头顶夹长草搞怪发卡发饰学,'84015979623,童童好物分享,普通订单,4.45,0,0,0,0,0,0,0,0,0,0,0,-0.22,-0.36,0,0,0,0,0,,0,义乌市黎既电子商务商行（个体工商户）,订单结算
2026-04-20 05:23:11,'2026042005230417414556572131,入账,4.64,聚合账户,货款结算入账,小店自卖,'6925479198906481950,'6925479198906481950,'SS76296508018283481660100,2026-04-10 07:26:13,'3796640026289373330,蝴蝶结鸭嘴夹小香风毛呢爆款发夹后脑勺气质洋气盘发一字夹子,,,普通订单,4.88,0,0,0,0,0,0,0,0,0,0,0,-0.24,0,0,0,0,0,0,,0,义乌市黎既电子商务商行（个体工商户）,订单结算
2026-04-20 05:23:11,'2026042005230430592212672131,入账,3.73,聚合账户,货款结算入账,小店自卖,'6925499022174878960,'6925499022174878960,'SS76296382088223790440126,2026-04-10 15:43:31,'3806839658764173323,明星同款高级银色金属小钢圈发扣发夹感洋气甜酷风刘海发夹扣发饰,,,普通订单,3.75,0,0,0,0,0,0,0,0,0,0,0,-0.02,0,0,0,0,0,0,是-商品卡免佣,0.15,义乌市黎既电子商务商行（个体工商户）,订单结算
2026-04-20 05:23:11,'2026042005230609422976542131,入账,2.63,聚合账户,货款结算入账,小店自卖,'6925481573666095039,'6925481573666095039,'SS76295996928754491140113,2026-04-10 12:36:45,'3763932448057065566,磨砂扭扭香蕉夹高马尾大号发夹后脑勺竖夹发卡韩国气质女夹子头饰,,,普通订单,2.65,0.89,0,0,0,0,0,0,0,0,0,0,-0.02,0,0,0,0,0,0,是-商品卡免佣,0.15,义乌市黎既电子商务商行（个体工商户）,订单结算
2026-04-20 05:23:11,'2026042005230528944307632131,入账,3.14,聚合账户,货款结算入账,小店自卖,'6925460677046926405,'6925460677046926405,'SS76295517695974449050055,2026-04-09 16:26:05,'3796640026289373330,蝴蝶结鸭嘴夹小香风毛呢爆款发夹后脑勺气质洋气盘发一字夹子,,,普通订单,3.16,0,0,0,0,0,0,0,0,0,0,0,-0.02,0,0,0,0,0,0,是-商品卡免佣,0.15,义乌市黎既电子商务商行（个体工商户）,订单结算
2026-04-20 05:23:11,'2026042005230518444661852131,入账,3.87,聚合账户,货款结算入账,小店自卖,'6951952250290377834,'6951952250290377834,'SS76295574680748856660250,2026-04-10 08:49:50,'3807732934811713667,新款牡丹花羽毛抓夹女高颜值轻奢时尚百搭鲨鱼夹发饰头饰夹发神器,,,普通订单,3.89,0,0,0,0,0,0,0,0,0,0,0,-0.02,0,0,0,0,0,0,是-商品卡免佣,0.15,义乌市黎既电子商务商行（个体工商户）,订单结算
2026-04-20 05:23:32,'2026042005232614064197552131,入账,3.63,聚合账户,货款结算入账,小店自卖,'6952022261352895721,'6952022261352895721,'SS76295819576974382480233,2026-04-12 15:18:08,'3795705621886664997,韩系可爱小熊格纹发夹女后脑勺马尾竖夹盘发香蕉夹甜美发卡子发饰,,,普通订单,3.65,0,0,0,0,0,0,0,0,0,0,0,-0.02,0,0,0,0,0,0,是-商品卡免佣,0.15,义乌市黎既电子商务商行（个体工商户）,订单结算
2026-04-20 05:23:32,'2026042005232527696996272131,入账,8.91,聚合账户,货款结算入账,小店自卖,'6925492148737441040,'6925492148737441040,'SS76296562648943211930182,2026-04-10 11:28:43,'3751355246199308332,可爱猫咪抓夹女2025新款高级感鲨鱼夹大号发夹后脑勺头饰盘发夹子,,,普通订单,8.96,0,0,0,0,0,0,0,0,0,0,0,-0.05,0,0,0,0,0,0,是-商品卡免佣,0.37,义乌市黎既电子商务商行（个体工商户）,订单结算
2026-04-20 05:23:32,'2026042005232623075556382131,入账,3.37,聚合账户,货款结算入账,精选联盟,'6925580172901449101,'6925580172901449101,'SS76296094887350111220242,2026-04-13 23:18:37,'3782882215315243080,小熊发箍女秋冬韩国可爱羊羔毛洗脸头箍网红化妆压发发卡头饰ins,'0,,普通订单,3.75,0,0,0,0,0,0,0,0,0,0,0,-0.19,0,0,0,0,-0.19,0,,0,义乌市黎既电子商务商行（个体工商户）,订单结算
2026-04-20 05:23:32,'2026042005232405882885752131,入账,2.67,聚合账户,货款结算入账,小店自卖,'6925494613063859325,'6925494613063859325,'SS76296408319682650100211,2026-04-10 15:48:52,'3784368456477049055,韩国气质碎钻满天星抓夹女后脑勺半扎发鲨鱼夹发量少百搭发卡头饰,,,普通订单,2.69,0,0,0,0,0,0,0,0,0,0,0,-0.02,0,0,0,0,0,0,是-商品卡免佣,0.15,义乌市黎既电子商务商行（个体工商户）,订单结算
2026-04-20 05:23:32,'2026042005232341236237212131,入账,6.02,聚合账户,货款结算入账,精选联盟,'6925579620819042256,'6925579620819042256,'SS76295765000621798590052,2026-04-13 20:08:22,'3796640026289373330,蝴蝶结鸭嘴夹小香风毛呢爆款发夹后脑勺气质洋气盘发一字夹子,'0,,普通订单,6.38,0,0,0,0,0,0,0,0,0,0,0,-0.04,0,0,0,0,-0.32,0,是-商品卡免佣,0.29,义乌市黎既电子商务商行（个体工商户）,订单结算
2026-04-20 05:26:46,'2026042005263823194831792131,入账,2.87,聚合账户,货款结算入账,小店自卖,'6925483421338926186,'6925483421338926186,'SS76296597575107548540212,2026-04-10 09:25:19,'3756928155160543467,2025新款超仙元气少女~可爱串珠马尾编发神器夏季电话线发圈头绳,,,普通订单,2.89,0,0,0,0,0,0,0,0,0,0,0,-0.02,0,0,0,0,0,0,是-商品卡免佣,0.15,义乌市黎既电子商务商行（个体工商户）,订单结算
2026-04-20 05:26:46,'2026042005264013599708422131,入账,2.59,聚合账户,货款结算入账,小店自卖,'6951953847481865302,'6951953847481865302,'SS76295535619072660740031,2026-04-09 21:48:34,'3797721460399800661,甜美韩系填充花朵飘带大肠发圈立体大号发绳女童头花皮筋儿童发饰,,,普通订单,2.61,0,0,0,0,0,0,0,0,0,0,0,-0.02,0,0,0,0,0,0,是-商品卡免佣,0.15,义乌市黎既电子商务商行（个体工商户）,订单结算
2026-04-20 05:26:46,'2026042005264140788139782131,入账,2.15,聚合账户,货款结算入账,小店自卖,'6951950349939119964,'6951950349939119964,'SS76296141614918541340131,2026-04-10 11:48:01,'3806293802847699345,韩式豹纹波点褶皱高级扭扭马尾卡通风香蕉发夹后脑勺显发发卡头饰,,,普通订单,2.16,0,0,0,0,0,0,0,0,0,0,0,-0.01,0,0,0,0,0,0,是-商品卡免佣,0.07,义乌市黎既电子商务商行（个体工商户）,订单结算
2026-04-20 05:26:46,'2026042005263930754742302131,入账,9.83,聚合账户,货款结算入账,小店自卖,'6925462298902887516,'6925462298902887516,'SS76295517449384596750147,2026-04-09 18:27:47,'3748754542678900840,中国风孔雀盘发器女士古典旗袍发饰丸子懒人高级感饰品优雅发夹,,,普通订单,10.35,1.15,0,0,0,0,0,0,0,0,0,0,-0.52,0,0,0,0,0,0,,0,义乌市黎既电子商务商行（个体工商户）,订单结算
2026-04-20 05:26:46,'2026042005264006339960512131,入账,6.11,聚合账户,货款结算入账,小店自卖,'6925502364761620081,'6925502364761620081,'SS76295794154327455180130,2026-04-11 00:10:57,'3742849967501476190,可爱小女孩网红爆款树脂发饰高颅顶神器女士童通用梳马尾头饰发饰,,,普通订单,6.43,1.15,0,0,0,0,0,0,0,0,0,0,-0.32,0,0,0,0,0,0,,0,义乌市黎既电子商务商行（个体工商户）,订单结算
2026-04-20 05:27:01,'2026042005265341933709222131,入账,3.51,聚合账户,货款结算入账,精选联盟,'6925578229825306423,'6925578229825306423,'SS76296857468865257300074,2026-04-14 07:04:54,'3807732934811713667,新款牡丹花羽毛抓夹女高颜值轻奢时尚百搭鲨鱼夹发饰头饰夹发神器,'0,,普通订单,3.89,0,0,0,0,0,0,0,0,0,0,0,-0.19,0,0,0,0,-0.19,0,,0,义乌市黎既电子商务商行（个体工商户）,订单结算
2026-04-20 05:27:01,'2026042005265438967217062131,入账,4.73,聚合账户,货款结算入账,小店自卖,'6951958277015934130,'6951958277015934130,'SS76295535313135045220142,2026-04-09 23:20:57,'3751345399902896376,儿童发饰后脑勺碎发神器发梳女童刘海插梳整理发卡网红发夹头饰女,,,普通订单,4.76,0.55,0,0,0,0,0,0,0,0,0,0,-0.03,0,0,0,0,0,0,是-商品卡免佣,0.22,义乌市黎既电子商务商行（个体工商户）,订单结算
2026-04-20 05:27:01,'2026042005265613593485222131,入账,2.67,聚合账户,货款结算入账,小店自卖,'6951934174137030336,'6951934174137030336,'SS76295560344997893540079,2026-04-09 23:47:54,'3784368456477049055,韩国气质碎钻满天星抓夹女后脑勺半扎发鲨鱼夹发量少百搭发卡头饰,,,普通订单,2.69,0,0,0,0,0,0,0,0,0,0,0,-0.02,0,0,0,0,0,0,是-商品卡免佣,0.15,义乌市黎既电子商务商行（个体工商户）,订单结算
2026-04-20 05:27:01,'2026042005265635746286142131,入账,3.75,聚合账户,货款结算入账,小店自卖,'6951927422327526478,'6951927422327526478,'SS76296148145661381620214,2026-04-10 03:01:24,'3746150076641313252,网红简约ins纯色宽边发带高颅顶白色发箍女运动健身夏季头饰发饰,,,普通订单,3.77,0.9,0,0,0,0,0,0,0,0,0,0,-0.02,0,0,0,0,0,0,是-商品卡免佣,0.15,义乌市黎既电子商务商行（个体工商户）,订单结算
2026-04-20 05:27:01,'2026042005265704954526912131,入账,5.61,聚合账户,货款结算入账,小店自卖,'6951930697684817831,'6951930697684817831,'SS76295516945446182860133,2026-04-09 09:51:11,'3748170371208184069,婴儿不伤发刘海夹宝宝可爱花朵头饰汗毛夹网红儿童bb夹卡碎发夹,,,普通订单,5.64,0,0,0,0,0,0,0,0,0,0,0,-0.03,0,0,0,0,0,0,是-商品卡免佣,0.22,义乌市黎既电子商务商行（个体工商户）,订单结算
2026-04-20 05:27:54,'2026042005274901354959422131,入账,8.52,聚合账户,货款结算入账,小店自卖,'6952056244564071912,'6952056244564071912,'SS76296543414645397020154,2026-04-14 09:39:54,'3673055013724356748,头发抓夹鲨鱼夹夹子女高级感后脑勺大号盘发发夹2024新款发卡头饰,,,普通订单,8.57,0.95,0,0,0,0,0,0,0,0,0,0,-0.05,0,0,0,0,0,0,是-商品卡免佣,0.37,义乌市黎既电子商务商行（个体工商户）,订单结算
2026-04-20 05:27:54,'2026042005274922915528222131,入账,4.7,聚合账户,货款结算入账,小店自卖,'6951938722349323793,'6951938722349323793,'SS76295535373407687940247,2026-04-09 21:26:07,'3806431274114089028,格纹蝴蝶结头花植绒小熊发圈韩系可爱百搭扎马尾头绳发饰新款发绳,,,普通订单,4.73,0,0,0,0,0,0,0,0,0,0,0,-0.03,0,0,0,0,0,0,是-商品卡免佣,0.22,义乌市黎既电子商务商行（个体工商户）,订单结算
2026-04-20 05:27:54,'2026042005274922915364382131,入账,10.88,聚合账户,货款结算入账,小店自卖,'6925492148737506576,'6925492148737441040,'SS76296562566220518760048,2026-04-10 11:28:43,'3796640026289373330,蝴蝶结鸭嘴夹小香风毛呢爆款发夹后脑勺气质洋气盘发一字夹子,,,普通订单,10.95,0,0,0,0,0,0,0,0,0,0,0,-0.07,0,0,0,0,0,0,是-商品卡免佣,0.51,义乌市黎既电子商务商行（个体工商户）,订单结算
2026-04-20 05:27:54,'2026042005274916243760832131,入账,8.66,聚合账户,货款结算入账,小店自卖,'6925457852832644123,'6925457852832644123,'SS76296579754896758190042,2026-04-09 13:01:57,'3748754542678900840,中国风孔雀盘发器女士古典旗袍发饰丸子懒人高级感饰品优雅发夹,,,普通订单,8.71,1.15,0,0,0,0,0,0,0,0,0,0,-0.05,0,0,0,0,0,0,是-商品卡免佣,0.37,义乌市黎既电子商务商行（个体工商户）,订单结算
2026-04-20 05:27:54,'2026042005274919756649322131,入账,3.72,聚合账户,货款结算入账,小店自卖,'6925480393839247015,'6925480393839247015,'SS76295587317226872740093,2026-04-09 22:40:52,'3806280662462366067,kitty猫~刘海贴精致可爱甜美少女棉花糖猫兔碎发贴魔术贴无痕发饰,,,普通订单,3.92,0,0,0,0,0,0,0,0,0,0,0,-0.2,0,0,0,0,0,0,,0,义乌市黎既电子商务商行（个体工商户）,订单结算
2026-04-20 05:28:11,'2026042005280717951787872131,入账,2.67,聚合账户,货款结算入账,小店自卖,'6925537365280456114,'6925537365280456114,'SS76296662692529976380222,2026-04-12 10:59:16,'3784368456477049055,韩国气质碎钻满天星抓夹女后脑勺半扎发鲨鱼夹发量少百搭发卡头饰,,,普通订单,2.69,0,0,0,0,0,0,0,0,0,0,0,-0.02,0,0,0,0,0,0,是-商品卡免佣,0.15,义乌市黎既电子商务商行（个体工商户）,订单结算
2026-04-20 05:28:11,'2026042005280628026151032131,入账,5.11,聚合账户,货款结算入账,小店自卖,'6951932067801142906,'6951932067801142906,'SS76296000148560778660219,2026-04-09 23:42:13,'3673489282238119965,发带女绑发仙女水果飘带网红发绳百搭薄小丝巾发带女夏季外出编发,,,普通订单,5.14,0,0,0,0,0,0,0,0,0,0,0,-0.03,0,0,0,0,0,0,是-商品卡免佣,0.22,义乌市黎既电子商务商行（个体工商户）,订单结算
2026-04-20 05:28:11,'2026042005280703481607832131,入账,4.4,聚合账户,货款结算入账,小店自卖,'6925565115501149346,'6925565115501149346,'SS76295976222358287780178,2026-04-13 13:05:13,'3761395105840365661,高级感水钻满天星发夹女后脑勺盘发神器发卡青蛙夹扭扭夹发卡头饰,,,普通订单,4.63,0,0,0,0,0,0,0,0,0,0,0,-0.23,0,0,0,0,0,0,,0,义乌市黎既电子商务商行（个体工商户）,订单结算
2026-04-20 05:28:11,'2026042005280517242527132131,入账,6.54,聚合账户,货款结算入账,小店自卖,'6952032614794859807,'6952032614794859807,'SS76295774007575355300194,2026-04-13 11:59:49,'3757678157491208600,夏季简约醋酸发夹边夹侧边碎发刘海夹女2025新款ins前额bb夹头饰,,,普通订单,6.58,0,0,0,0,0,0,0,0,0,0,0,-0.04,0,0,0,0,0,0,是-商品卡免佣,0.29,义乌市黎既电子商务商行（个体工商户）,订单结算
2026-04-20 05:28:11,'2026042005280831416816992131,入账,0.94,聚合账户,货款结算入账,小店自卖,'6925485810322668989F00,'6925485810322668989,'SS76296601481472947540119,2026-04-10 14:31:09,'3763603455760007587,运费单,,,普通订单,0.95,0.95,0,0,0,0,0,0,0,0,0,0,-0.01,0,0,0,0,0,0,是-商品卡免佣,0.07,义乌市黎既电子商务商行（个体工商户）,运费单结算
2026-04-20 05:28:13,'2026042005280734659415542131,入账,4.89,聚合账户,货款结算入账,小店自卖,'6951970983657149710,'6951970983657149710,'SS76297223305594145780232,2026-04-10 21:46:08,'3766001784691229117,夏天简约随手盘发一字扭扭夹水钻抓夹高级发夹扭扭后脑勺盘发器,,,普通订单,4.92,0.69,0,0,0,0,0,0,0,0,0,0,-0.03,0,0,0,0,0,0,是-商品卡免佣,0.22,义乌市黎既电子商务商行（个体工商户）,订单结算
2026-04-20 05:28:13,'2026042005280926858992742131,入账,2.66,聚合账户,货款结算入账,小店自卖,'6951934224717846208,'6951934224717846208,'SS76296579919643325530208,2026-04-10 01:30:10,'3806285088233226368,韩系~时尚百搭简约女格纹布少女风艺带齿细发箍个性压发箍头箍女,,,普通订单,0.01,0,0,2.79,0,0,0,0,0,0,0,0,-0.14,0,0,0,0,0,0,,0,义乌市黎既电子商务商行（个体工商户）,订单结算
2026-04-20 05:28:13,'2026042005280912810204662131,入账,2.43,聚合账户,货款结算入账,精选联盟,'6952066858285668069,'6952066858285668069,'SS76295212611667725300180,2026-04-13 23:03:30,'3784368456477049055,韩国气质碎钻满天星抓夹女后脑勺半扎发鲨鱼夹发量少百搭发卡头饰,'0,,普通订单,0.01,0,0,2.68,0,0,0,0,0,0,0,0,-0.13,0,0,0,0,-0.13,0,,0,义乌市黎既电子商务商行（个体工商户）,订单结算
2026-04-20 05:28:13,'2026042005280805756526492131,入账,1.95,聚合账户,货款结算入账,小店自卖,'6925549668224892090,'6925549668224892090,'SS76296949496550364350169,2026-04-13 00:19:41,'3806280662462366067,kitty猫~刘海贴精致可爱甜美少女棉花糖猫兔碎发贴魔术贴无痕发饰,,,普通订单,0.01,0,0,1.95,0,0,0,0,0,0,0,0,-0.01,0,0,0,0,0,0,是-商品卡免佣,0.07,义乌市黎既电子商务商行（个体工商户）,订单结算
2026-04-20 05:28:14,'2026042005280818135291072131,入账,2.56,聚合账户,货款结算入账,小店自卖,'6925580946851725255,'6925580946851725255,'SS76296190793109878120169,2026-04-14 10:32:00,'3809235146834575749,可爱新春小狗香蕉夹女高马尾扭扭夹红色竖夹高级感2026韩新款发夹,,,普通订单,0.58,0,0,2,0,0,0,0,0,0,0,0,-0.02,0,0,0,0,0,0,是-商品卡免佣,0.15,义乌市黎既电子商务商行（个体工商户）,订单结算
2026-04-20 05:28:25,'2026042005281920949284382131,入账,3.41,聚合账户,货款结算入账,小店自卖,'6952098429399864981,'6952098429399864981,'SS76296484536853143540228,2026-04-15 20:02:07,'3673388116573553024,花朵儿童盘发神器新款宝宝丸子头盘发器宝宝扎头神器头饰发饰女孩,,,普通订单,3.43,0.55,0,0,0,0,0,0,0,0,0,0,-0.02,0,0,0,0,0,0,是-商品卡免佣,0.15,义乌市黎既电子商务商行（个体工商户）,订单结算
2026-04-20 05:28:25,'2026042005282127268060682131,入账,2.82,聚合账户,货款结算入账,精选联盟,'6925520343558553150,'6925520343558553150,'SS76293917026543209420090,2026-04-11 15:03:05,'3746529925562237053,满钻星星碎发整理神器隐形碎发梳女儿童固定头发夹子拉拉梳头饰,'95957951689,菲菲优选,普通订单,3.27,0,0,0,0,0,0,0,0,0,0,0,-0.16,-0.29,0,0,0,0,0,,0,义乌市黎既电子商务商行（个体工商户）,订单结算
2026-04-20 05:28:25,'2026042005282010920965472131,入账,6.44,聚合账户,货款结算入账,小店自卖,'6925463128775490950,'6925463128775490950,'SS76295522781654389850221,2026-04-10 00:23:30,'3674001890980528210,高级气质磨砂大号龙骨盘发鲨鱼夹发夹后脑勺夹子百搭抓夹马尾发卡,,,普通订单,6.48,0.55,0,0,0,0,0,0,0,0,0,0,-0.04,0,0,0,0,0,0,是-商品卡免佣,0.29,义乌市黎既电子商务商行（个体工商户）,订单结算
2026-04-20 05:28:25,'2026042005282039646338982131,入账,2.27,聚合账户,货款结算入账,小店自卖,'6951940540233094562,'6951940540233094562,'SS76295533650007002010246,2026-04-09 20:45:39,'3768243884530991364,2025新款简约高颅顶发箍高级发箍女时尚发卡压发洗脸头箍百搭饰品,,,普通订单,2.39,0,0,0,0,0,0,0,0,0,0,0,-0.12,0,0,0,0,0,0,,0,义乌市黎既电子商务商行（个体工商户）,订单结算
2026-04-20 05:28:25,'2026042005282032888919232131,入账,4.27,聚合账户,货款结算入账,小店自卖,'6951938341674817325,'6951938341674817325,'SS76295517038721152400155,2026-04-09 17:42:42,'3807763574974186291,气质高级亮黑色大号鲨鱼抓夹女后脑勺时尚发卡巨能抓头饰2026新款,,,普通订单,4.5,0,0,0,0,0,0,0,0,0,0,0,-0.23,0,0,0,0,0,0,,0,义乌市黎既电子商务商行（个体工商户）,订单结算
2026-04-20 05:28:30,'2026042005282523420444582131,入账,2.32,聚合账户,货款结算入账,精选联盟,'6925584275765558343,'6925584275765558343,'SS76296617762081513460113,2026-04-13 21:40:09,'3809235146834575749,可爱新春小狗香蕉夹女高马尾扭扭夹红色竖夹高级感2026韩新款发夹,'0,,普通订单,2.05,0,0,0.53,0,0,0,0,0,0,0,0,-0.13,0,0,0,0,-0.13,0,,0,义乌市黎既电子商务商行（个体工商户）,订单结算
2026-04-20 05:28:30,'2026042005282611618718872131,入账,2.85,聚合账户,货款结算入账,小店自卖,'6951945822307555196,'6951945822307555196,'SS76296066628942236790140,2026-04-10 09:35:30,'3747800080678256720,夏季网红新款小草头上发夹长草可爱超萌碎豆芽夹子头顶搞怪发饰,,,普通订单,2.87,0,0,0,0,0,0,0,0,0,0,0,-0.02,0,0,0,0,0,0,是-商品卡免佣,0.15,义乌市黎既电子商务商行（个体工商户）,订单结算
2026-04-20 05:28:30,'2026042005282530607444882131,入账,2.56,聚合账户,货款结算入账,小店自卖,'6952049827839154005,'6952049827839154005,'SS76295788394837772900038,2026-04-14 12:46:47,'3809235146834575749,可爱新春小狗香蕉夹女高马尾扭扭夹红色竖夹高级感2026韩新款发夹,,,普通订单,0.58,0,0,2,0,0,0,0,0,0,0,0,-0.02,0,0,0,0,0,0,是-商品卡免佣,0.15,义乌市黎既电子商务商行（个体工商户）,订单结算
2026-04-20 05:28:30,'2026042005282606420569942131,入账,2.63,聚合账户,货款结算入账,小店自卖,'6951940274566731356,'6951940274566731356,'SS76296154927931233370155,2026-04-09 17:45:57,'3763932448057065566,磨砂扭扭香蕉夹高马尾大号发夹后脑勺竖夹发卡韩国气质女夹子头饰,,,普通订单,0.9,0.89,0,1.75,0,0,0,0,0,0,0,0,-0.02,0,0,0,0,0,0,是-商品卡免佣,0.15,义乌市黎既电子商务商行（个体工商户）,订单结算
2026-04-20 05:28:30,'2026042005282617155525462131,入账,3.81,聚合账户,货款结算入账,精选联盟,'6952059800410395850,'6952059800410395850,'SS76296246893091599760200,2026-04-13 19:18:03,'3766001784691229117,夏天简约随手盘发一字扭扭夹水钻抓夹高级发夹扭扭后脑勺盘发器,'0,,普通订单,0.17,0,0,4.06,0,0,0,0,0,0,0,0,-0.21,0,0,0,0,-0.21,0,,0,义乌市黎既电子商务商行（个体工商户）,订单结算
2026-04-20 05:28:44,'2026042005283923250703362131,入账,4.72,聚合账户,货款结算入账,小店自卖,'6952045679739737959,'6952045679739737959,'SS76295830067386457700222,2026-04-13 09:27:27,'3683590910169448490,新款碎发梳插梳韩版女孩夹子后脑勺刘海整理发夹卡子成年人发头饰,,,普通订单,4.97,0,0,0,0,0,0,0,0,0,0,0,-0.25,0,0,0,0,0,0,,0,义乌市黎既电子商务商行（个体工商户）,订单结算
2026-04-20 05:28:44,'2026042005283929412398482131,入账,8.73,聚合账户,货款结算入账,小店自卖,'6952062751540385256,'6952062751540385256,'SS76296544063101509580150,2026-04-14 09:37:19,'3677561909965619632,洗澡大号盘发发夹后脑勺抓夹百搭气质成人发抓鲨鱼夹发卡夹子头饰,,,普通订单,8.78,0.9,0,0,0,0,0,0,0,0,0,0,-0.05,0,0,0,0,0,0,是-商品卡免佣,0.37,义乌市黎既电子商务商行（个体工商户）,订单结算
2026-04-20 05:30:44,'2026042005303938302028802131,入账,6.19,聚合账户,货款结算入账,小店自卖,'6951940676317353860,'6951940676317353860,'SS76296143077033741070221,2026-04-09 22:12:05,'3747831921233756578,超大蝴蝶结抓夹高级感在逃公主后脑勺发夹盘发鲨鱼夹网红发卡头饰,,,普通订单,6.23,0,0,0,0,0,0,0,0,0,0,0,-0.04,0,0,0,0,0,0,是-商品卡免佣,0.29,义乌市黎既电子商务商行（个体工商户）,订单结算
2026-04-20 05:30:44,'2026042005304016736630112131,入账,3.75,聚合账户,货款结算入账,小店自卖,'6951965661213627938,'6951965661213627938,'SS76296149916833592730046,2026-04-10 11:57:06,'3746150076641313252,网红简约ins纯色宽边发带高颅顶白色发箍女运动健身夏季头饰发饰,,,普通订单,3.77,0.9,0,0,0,0,0,0,0,0,0,0,-0.02,0,0,0,0,0,0,是-商品卡免佣,0.15,义乌市黎既电子商务商行（个体工商户）,订单结算
2026-04-20 05:30:44,'2026042005303922738378392131,入账,4.2,聚合账户,货款结算入账,小店自卖,'6951951535684064583,'6951951535684064583,'SS76295942973904041020171,2026-04-09 20:59:08,'3766001784691229117,夏天简约随手盘发一字扭扭夹水钻抓夹高级发夹扭扭后脑勺盘发器,,,普通订单,4.23,0,0,0,0,0,0,0,0,0,0,0,-0.03,0,0,0,0,0,0,是-商品卡免佣,0.22,义乌市黎既电子商务商行（个体工商户）,订单结算
2026-04-20 05:30:44,'2026042005304204110748162131,入账,1.98,聚合账户,货款结算入账,小店自卖,'6951938701170382669,'6951938701170382669,'SS76295535296386339930060,2026-04-09 21:27:22,'3704406262902030790,高级感磨砂交叉抓夹盘复古头饰简约气质时尚鲨鱼夹后脑勺发饰头饰,,,普通订单,1.99,0.9,0,0,0,0,0,0,0,0,0,0,-0.01,0,0,0,0,0,0,是-商品卡免佣,0.07,义乌市黎既电子商务商行（个体工商户）,订单结算
2026-04-20 05:30:44,'2026042005304006717611932131,入账,4.56,聚合账户,货款结算入账,小店自卖,'6925469093290737211,'6925469093290737211,'SS76295517214433981980145,2026-04-09 17:57:58,'3808334646693986544,新款水钻珠子花朵后脑勺洋气盘发夹时尚半扎鲨鱼夹6厘米~中号抓夹,,,普通订单,4.8,0,0,0,0,0,0,0,0,0,0,0,-0.24,0,0,0,0,0,0,,0,义乌市黎既电子商务商行（个体工商户）,订单结算
2026-04-20 05:31:53,'2026042005314935200207512131,入账,2.67,聚合账户,货款结算入账,小店自卖,'6951957061317694922,'6951957061317694922,'SS76296317506621939660205,2026-04-10 15:15:27,'3784368456477049055,韩国气质碎钻满天星抓夹女后脑勺半扎发鲨鱼夹发量少百搭发卡头饰,,,普通订单,2.69,0,0,0,0,0,0,0,0,0,0,0,-0.02,0,0,0,0,0,0,是-商品卡免佣,0.15,义乌市黎既电子商务商行（个体工商户）,订单结算
2026-04-20 05:31:54,'2026042005314940813573642131,入账,2.81,聚合账户,货款结算入账,小店自卖,'6951926783969727995,'6951926783969727995,'SS76295727926453046110218,2026-04-09 17:56:53,'3790878995596312771,韩系黑色波点布艺褶皱高马尾香蕉夹竖夹新款豹纹发夹气质百搭发饰,,,普通订单,0.83,0.39,0,2,0,0,0,0,0,0,0,0,-0.02,0,0,0,0,0,0,是-商品卡免佣,0.15,义乌市黎既电子商务商行（个体工商户）,订单结算
2026-04-20 05:31:54,'2026042005314902194519192131,入账,3.64,聚合账户,货款结算入账,小店自卖,'6925496417144962346,'6925496417144962346,'SS76296151288535454810059,2026-04-10 10:45:00,'3784368456477049055,韩国气质碎钻满天星抓夹女后脑勺半扎发鲨鱼夹发量少百搭发卡头饰,,,普通订单,0.01,0,0,3.82,0,0,0,0,0,0,0,0,-0.19,0,0,0,0,0,0,,0,义乌市黎既电子商务商行（个体工商户）,订单结算
2026-04-20 05:31:54,'2026042005315015192071832131,入账,2.67,聚合账户,货款结算入账,小店自卖,'6925479495772897091,'6925479495772897091,'SS76295561363134712950017,2026-04-10 10:26:07,'3784368456477049055,韩国气质碎钻满天星抓夹女后脑勺半扎发鲨鱼夹发量少百搭发卡头饰,,,普通订单,0.01,0,0,2.68,0,0,0,0,0,0,0,0,-0.02,0,0,0,0,0,0,是-商品卡免佣,0.15,义乌市黎既电子商务商行（个体工商户）,订单结算
2026-04-20 05:31:54,'2026042005314909450460162131,入账,1.76,聚合账户,货款结算入账,精选联盟,'6952046172536575227,'6952046172536575227,'SS76295911163246517910199,2026-04-13 14:37:51,'3806280662462366067,kitty猫~刘海贴精致可爱甜美少女棉花糖猫兔碎发贴魔术贴无痕发饰,'0,,普通订单,0.01,0,0,1.95,0,0,0,0,0,0,0,0,-0.1,0,0,0,0,-0.1,0,,0,义乌市黎既电子商务商行（个体工商户）,订单结算
2026-04-20 05:32:10,'2026042005320534241582232131,入账,1.88,聚合账户,货款结算入账,小店自卖,'6952058320826209294,'6952058320826209294,'SS76297334889808694300085,2026-04-14 09:44:57,'3756569248357548135,珍珠直条电话线气质简约发圈珠珠头绳马尾高弹力网红发绳泡泡编发,,,普通订单,0.01,0,0,1.88,0,0,0,0,0,0,0,0,-0.01,0,0,0,0,0,0,是-商品卡免佣,0.07,义乌市黎既电子商务商行（个体工商户）,订单结算
2026-04-20 05:32:10,'2026042005320631550179842131,入账,2.43,聚合账户,货款结算入账,精选联盟,'6952044374825899204,'6952044374825899204,'SS76295984855784494580035,2026-04-13 17:28:28,'3784368456477049055,韩国气质碎钻满天星抓夹女后脑勺半扎发鲨鱼夹发量少百搭发卡头饰,'0,,普通订单,0.01,0,0,2.68,0,0,0,0,0,0,0,0,-0.13,0,0,0,0,-0.13,0,,0,义乌市黎既电子商务商行（个体工商户）,订单结算
2026-04-20 05:32:10,'2026042005320607227312992131,入账,3.14,聚合账户,货款结算入账,小店自卖,'6925480983952981899,'6925480983952981899,'SS76295991289093043700092,2026-04-10 08:48:31,'3796640026289373330,蝴蝶结鸭嘴夹小香风毛呢爆款发夹后脑勺气质洋气盘发一字夹子,,,普通订单,0.16,0,0,2,0,0,0,0,1,0,0,0,-0.02,0,0,0,0,0,0,是-商品卡免佣,0.15,义乌市黎既电子商务商行（个体工商户）,订单结算
2026-04-20 05:32:10,'2026042005320636457846102131,入账,3.41,聚合账户,货款结算入账,精选联盟,'6952036195181204657,'6952036195181204657,'SS76296306075147351310014,2026-04-12 22:34:20,'3739540605139812612,发量少的抓夹女2025新款高级感中号鲨鱼夹后脑勺盘发发夹夹子发饰,'0,,普通订单,0.01,0,0,3.91,0,0,0,0,0,0,0,0,-0.2,0,0,0,0,-0.31,0,,0,义乌市黎既电子商务商行（个体工商户）,订单结算
2026-04-20 05:32:10,'2026042005320622903857042131,入账,2.56,聚合账户,货款结算入账,小店自卖,'6951963420222494527,'6951963420222494527,'SS76296320074164638990027,2026-04-10 13:17:25,'3809235146834575749,可爱新春小狗香蕉夹女高马尾扭扭夹红色竖夹高级感2026韩新款发夹,,,普通订单,2.58,0,0,0,0,0,0,0,0,0,0,0,-0.02,0,0,0,0,0,0,是-商品卡免佣,0.15,义乌市黎既电子商务商行（个体工商户）,订单结算
2026-04-20 05:37:08,'2026042005370508735667462131,入账,2.34,聚合账户,货款结算入账,小店自卖,'6951931823030212505,'6951931823030212505,'SS76295535125862815130087,2026-04-09 21:30:15,'3752993546408427528,新款韩系发饰山茶花公主头抓夹女发夹刘海小巧精致小号发卡迷发夹,,,普通订单,0.33,0,0,2.13,0,0,0,0,0,0,0,0,-0.12,0,0,0,0,0,0,,0,义乌市黎既电子商务商行（个体工商户）,订单结算
2026-04-20 05:37:08,'2026042005370503733468542131,入账,2.86,聚合账户,货款结算入账,小店自卖,'6952030021661955339,'6952030021661955339,'SS76296550850599980150165,2026-04-13 07:33:39,'3761395105840365661,高级感水钻满天星发夹女后脑勺盘发神器发卡青蛙夹扭扭夹发卡头饰,,,普通订单,0.68,0,0,2.2,0,0,0,0,0,0,0,0,-0.02,0,0,0,0,0,0,是-商品卡免佣,0.15,义乌市黎既电子商务商行（个体工商户）,订单结算
2026-04-20 05:37:08,'2026042005370520301417342131,入账,4.55,聚合账户,货款结算入账,精选联盟,'6952027861397476440,'6952027861397476440,'SS76297066534256973150212,2026-04-13 02:49:08,'3790878995596312771,韩系黑色波点布艺褶皱高马尾香蕉夹竖夹新款豹纹发夹气质百搭发饰,'0,,普通订单,0.01,0,0,5.04,0,0,0,0,0,0,0,0,-0.25,0,0,0,0,-0.25,0,,0,义乌市黎既电子商务商行（个体工商户）,订单结算
2026-04-20 05:37:08,'2026042005370427992230822131,入账,2.67,聚合账户,货款结算入账,小店自卖,'6925465220329930025,'6925465220329930025,'SS76295558747343590740155,2026-04-09 20:23:00,'3784368456477049055,韩国气质碎钻满天星抓夹女后脑勺半扎发鲨鱼夹发量少百搭发卡头饰,,,普通订单,0.01,0,0,2.68,0,0,0,0,0,0,0,0,-0.02,0,0,0,0,0,0,是-商品卡免佣,0.15,义乌市黎既电子商务商行（个体工商户）,订单结算
2026-04-20 05:37:08,'2026042005370524581086912131,入账,2.67,聚合账户,货款结算入账,小店自卖,'6925576884746682042,'6925576884746682042,'SS76296632452927496090123,2026-04-13 16:01:52,'3784368456477049055,韩国气质碎钻满天星抓夹女后脑勺半扎发鲨鱼夹发量少百搭发卡头饰,,,普通订单,0.01,0,0,2.68,0,0,0,0,0,0,0,0,-0.02,0,0,0,0,0,0,是-商品卡免佣,0.15,义乌市黎既电子商务商行（个体工商户）,订单结算
2026-04-20 05:37:20,'2026042005371638096248682131,入账,2.85,聚合账户,货款结算入账,小店自卖,'6951929493237601411,'6951929493237601411,'SS76295533713774228900009,2026-04-09 18:49:30,'3747800080678256720,夏季网红新款小草头上发夹长草可爱超萌碎豆芽夹子头顶搞怪发饰,,,普通订单,2.87,0,0,0,0,0,0,0,0,0,0,0,-0.02,0,0,0,0,0,0,是-商品卡免佣,0.15,义乌市黎既电子商务商行（个体工商户）,订单结算
2026-04-20 05:37:21,'2026042005371720432658072131,入账,3.19,聚合账户,货款结算入账,小店自卖,'6925479136155500063,'6925479136155500063,'SS76295438131178375770074,2026-04-10 07:15:29,'3806839693081969009,春夏简约随手盘发高级发夹一字扭扭夹水钻抓夹扭扭后脑勺盘发器,,,普通订单,3.36,0,0,0,0,0,0,0,0,0,0,0,-0.17,0,0,0,0,0,0,,0,义乌市黎既电子商务商行（个体工商户）,订单结算
2026-04-20 05:37:21,'2026042005371703676943762131,入账,3.75,聚合账户,货款结算入账,小店自卖,'6925478963199114703,'6925478963199114703,'SS76296149743111216830091,2026-04-10 01:06:58,'3746150076641313252,网红简约ins纯色宽边发带高颅顶白色发箍女运动健身夏季头饰发饰,,,普通订单,3.77,0.9,0,0,0,0,0,0,0,0,0,0,-0.02,0,0,0,0,0,0,是-商品卡免佣,0.15,义乌市黎既电子商务商行（个体工商户）,订单结算
2026-04-20 05:37:21,'2026042005371801137216632131,入账,3.77,聚合账户,货款结算入账,小店自卖,'6951929361639675372,'6951929361639675372,'SS76295517722121833340193,2026-04-09 16:50:46,'3683590910169448490,新款碎发梳插梳韩版女孩夹子后脑勺刘海整理发夹卡子成年人发头饰,,,普通订单,0.68,0,0,3.29,0,0,0,0,0,0,0,0,-0.2,0,0,0,0,0,0,,0,义乌市黎既电子商务商行（个体工商户）,订单结算
2026-04-20 05:37:21,'2026042005371636960343042131,入账,3.87,聚合账户,货款结算入账,小店自卖,'6925462699375295489,'6925462699375295489,'SS76295572876406133850199,2026-04-09 21:28:26,'3807732934811713667,新款牡丹花羽毛抓夹女高颜值轻奢时尚百搭鲨鱼夹发饰头饰夹发神器,,,普通订单,3.89,0,0,0,0,0,0,0,0,0,0,0,-0.02,0,0,0,0,0,0,是-商品卡免佣,0.15,义乌市黎既电子商务商行（个体工商户）,订单结算
2026-04-20 05:40:34,'2026042005403005626601362131,入账,3.41,聚合账户,货款结算入账,小店自卖,'6951965778897409367,'6951965778897409367,'SS76295995975102961270220,2026-04-10 13:03:13,'3673388116573553024,花朵儿童盘发神器新款宝宝丸子头盘发器宝宝扎头神器头饰发饰女孩,,,普通订单,3.43,0.55,0,0,0,0,0,0,0,0,0,0,-0.02,0,0,0,0,0,0,是-商品卡免佣,0.15,义乌市黎既电子商务商行（个体工商户）,订单结算
2026-04-20 05:40:34,'2026042005402936000571512131,入账,10.88,聚合账户,货款结算入账,小店自卖,'6925482116544429978,'6925482116544429978,'SS76296562648803904350183,2026-04-10 16:41:04,'3796640026289373330,蝴蝶结鸭嘴夹小香风毛呢爆款发夹后脑勺气质洋气盘发一字夹子,,,普通订单,10.95,0,0,0,0,0,0,0,0,0,0,0,-0.07,0,0,0,0,0,0,是-商品卡免佣,0.51,义乌市黎既电子商务商行（个体工商户）,订单结算
2026-04-20 05:40:34,'2026042005402904165842322131,入账,2.4,聚合账户,货款结算入账,小店自卖,'6952040871855789201,'6952040871855789201,'SS76296945252764882070051,2026-04-13 01:20:46,'3770460510483513452,高级感气质早秋抓夹女2025新款简约百搭后脑勺盘发鲨鱼夹发夹头饰,,,普通订单,2.41,0,0,0,0,0,0,0,0,0,0,0,-0.01,0,0,0,0,0,0,是-商品卡免佣,0.07,义乌市黎既电子商务商行（个体工商户）,订单结算
2026-04-20 05:40:34,'2026042005402910622896792131,入账,7.89,聚合账户,货款结算入账,小店自卖,'6952030438963483740,'6952030438963483740,'SS76295058244165678580155,2026-04-13 12:55:40,'3746153916182692087,法式文艺~复古甜美方巾大肠发圈女高级感ins大号高马尾甜妹发饰,,,普通订单,7.94,0,0,0,0,0,0,0,0,0,0,0,-0.05,0,0,0,0,0,0,是-商品卡免佣,0.37,义乌市黎既电子商务商行（个体工商户）,订单结算
2026-04-20 05:40:34,'2026042005402928031390872131,入账,1.8,聚合账户,货款结算入账,小店自卖,'6952026083917108618,'6952026083916912010,'SS76295781567431316860032,2026-04-13 15:19:55,'3779557296540090588,韩国东大门甜美红蓝撞色花朵蝴蝶结发夹刘海夹女生扎发碎发夹发饰,,,普通订单,1.81,0,0,0,0,0,0,0,0,0,0,0,-0.01,0,0,0,0,0,0,是-商品卡免佣,0.07,义乌市黎既电子商务商行（个体工商户）,订单结算
2026-04-20 05:41:08,'2026042005410318423854482131,入账,2.81,聚合账户,货款结算入账,小店自卖,'6925481640962719513,'6925481640962719513,'SS76296062690076920320228,2026-04-10 13:20:30,'3790878995596312771,韩系黑色波点布艺褶皱高马尾香蕉夹竖夹新款豹纹发夹气质百搭发饰,,,普通订单,2.83,0.39,0,0,0,0,0,0,0,0,0,0,-0.02,0,0,0,0,0,0,是-商品卡免佣,0.15,义乌市黎既电子商务商行（个体工商户）,订单结算
2026-04-20 05:41:08,'2026042005410418162486102131,入账,8.41,聚合账户,货款结算入账,小店自卖,'6951956424810763997,'6951956424810763997,'SS76295522194360737820143,2026-04-10 07:19:37,'3673976773902729360,发夹女后脑勺珍珠发卡大号盘发鲨鱼夹韩国ins网红气质头饰抓发夹,,,普通订单,3.66,0.9,0,4.8,0,0,0,0,0,0,0,0,-0.05,0,0,0,0,0,0,是-商品卡免佣,0.37,义乌市黎既电子商务商行（个体工商户）,订单结算
2026-04-20 05:41:08,'2026042005410308462999192131,入账,2.55,聚合账户,货款结算入账,精选联盟,'6952025574772774713,'6952025574772774713,'SS76296021583898424660209,2026-04-13 08:43:08,'3808318087447577069,甜美少女心侧边碎发刘海贴可爱卡通苹果无痕魔术贴圣诞节卡通发饰,'0,,普通订单,1.2,0,0,1.63,0,0,0,0,0,0,0,0,-0.14,0,0,0,0,-0.14,0,,0,义乌市黎既电子商务商行（个体工商户）,订单结算
2026-04-20 05:41:08,'2026042005410311102298122131,入账,4.85,聚合账户,货款结算入账,小店自卖,'6925481311363628403,'6925481311363628403,'SS76296562738055258110033,2026-04-10 11:00:52,'3796640026289373330,蝴蝶结鸭嘴夹小香风毛呢爆款发夹后脑勺气质洋气盘发一字夹子,,,普通订单,4.88,0,0,0,0,0,0,0,0,0,0,0,-0.03,0,0,0,0,0,0,是-商品卡免佣,0.22,义乌市黎既电子商务商行（个体工商户）,订单结算
2026-04-20 05:41:08,'2026042005410214276900192131,入账,4.47,聚合账户,货款结算入账,小店自卖,'6951944527954843272,'6951944527954843272,'SS76295517458569792510140,2026-04-09 15:19:39,'3807763574974186291,气质高级亮黑色大号鲨鱼抓夹女后脑勺时尚发卡巨能抓头饰2026新款,,,普通订单,4.5,0,0,0,0,0,0,0,0,0,0,0,-0.03,0,0,0,0,0,0,是-商品卡免佣,0.22,义乌市黎既电子商务商行（个体工商户）,订单结算
2026-04-20 05:41:19,'2026042005411336674112342131,入账,5.71,聚合账户,货款结算入账,小店自卖,'6925489592888360353,'6925489592888360353,'SS76295993780892961340206,2026-04-10 10:11:40,'3739542149163778373,洗澡大号盘发发夹后脑勺抓夹百搭气质成人发抓鲨鱼夹发卡夹子发饰,,,普通订单,5.74,0,0,0,0,0,0,0,0,0,0,0,-0.03,0,0,0,0,0,0,是-商品卡免佣,0.22,义乌市黎既电子商务商行（个体工商户）,订单结算
2026-04-20 05:41:19,'2026042005411526508498262131,入账,1.09,聚合账户,货款结算入账,小店自卖,'6925467196495134624F00,'6925467196495134624,'SS76288524189495629260040,2026-04-09 17:41:14,'3757473223135068613,运费单,,,普通订单,1.15,1.15,0,0,0,0,0,0,0,0,0,0,-0.06,0,0,0,0,0,0,,0,义乌市黎既电子商务商行（个体工商户）,运费单结算
2026-04-20 06:13:18,'2026042006131007103821302131,入账,3.61,聚合账户,货款结算入账,小店自卖,'6952106964939183728,'6952106964939183728,'SS76296841435653082110183,2026-04-15 15:42:27,'3806450472450130341,新款复古抓夹女豹纹蝴蝶结鲨鱼夹2026后脑勺盘发发夹高级感发饰,,,普通订单,3.63,0,0,0,0,0,0,0,0,0,0,0,-0.02,0,0,0,0,0,0,是-商品卡免佣,0.15,义乌市黎既电子商务商行（个体工商户）,订单结算
2026-04-20 06:13:18,'2026042006130800555423242131,入账,2.19,聚合账户,货款结算入账,小店自卖,'6952107108681258430,'6952107108681258430,'SS76297010962522278750069,2026-04-15 17:10:37,'3754886570348511555,简约发夹头饰发量多发卡高级感发饰头饰抓夹大号亚克力黑色鲨鱼夹,,,普通订单,0.2,2.1,0,0,0,0,0,0,0,2,0,0,-0.01,0,0,0,0,0,0,是-商品卡免佣,0.07,义乌市黎既电子商务商行（个体工商户）,订单结算
2026-04-20 06:13:18,'2026042006130733480545692131,入账,4.2,聚合账户,货款结算入账,小店自卖,'6925616584386706502,'6925616584386706502,'SS76296967498964016640085,2026-04-16 07:49:33,'3766001784691229117,夏天简约随手盘发一字扭扭夹水钻抓夹高级发夹扭扭后脑勺盘发器,,,普通订单,4.23,0,0,0,0,0,0,0,0,0,0,0,-0.03,0,0,0,0,0,0,是-商品卡免佣,0.22,义乌市黎既电子商务商行（个体工商户）,订单结算
2026-04-20 06:13:18,'2026042006130937539842822131,入账,8.41,聚合账户,货款结算入账,小店自卖,'6952124047933052852,'6952124047933052852,'SS76296752670281408190005,2026-04-16 11:56:51,'3673976773902729360,发夹女后脑勺珍珠发卡大号盘发鲨鱼夹韩国ins网红气质头饰抓发夹,,,普通订单,8.46,0.9,0,0,0,0,0,0,0,0,0,0,-0.05,0,0,0,0,0,0,是-商品卡免佣,0.37,义乌市黎既电子商务商行（个体工商户）,订单结算
2026-04-20 06:13:18,'2026042006130806595054232131,入账,1,聚合账户,货款结算入账,小店自卖,'6952143649895683498,'6952143649895683498,'SS76296995885883561500195,2026-04-17 20:08:45,'3807732934811713667,新款牡丹花羽毛抓夹女高颜值轻奢时尚百搭鲨鱼夹发饰头饰夹发神器,,,普通订单,3.89,0,0,0,0,0,0,0,0,0,0,-2.89,0,0,0,0,0,0,0,是-商品卡免佣,0,义乌市黎既电子商务商行（个体工商户）,订单结算
2026-04-20 06:13:18,'2026042006130911536146322131,入账,2.19,聚合账户,货款结算入账,小店自卖,'6952095950969574447,'6952095950969574447,'SS76297026377427520100207,2026-04-15 15:30:23,'3754886570348511555,简约发夹头饰发量多发卡高级感发饰头饰抓夹大号亚克力黑色鲨鱼夹,,,普通订单,0.2,2.1,0,0,0,0,0,0,0,2,0,0,-0.01,0,0,0,0,0,0,是-商品卡免佣,0.07,义乌市黎既电子商务商行（个体工商户）,订单结算
2026-04-20 06:13:18,'2026042006130923446533272131,入账,0.99,聚合账户,货款结算入账,小店自卖,'6952146003659527388,'6952146003659527388,'SS76297391277533803790117,2026-04-17 22:43:08,'3806285088233226368,韩系~时尚百搭简约女格纹布少女风艺带齿细发箍个性压发箍头箍女,,,普通订单,2.8,0,0,0,0,0,0,0,0,0,0,-1.8,-0.01,0,0,0,0,0,0,是-商品卡免佣,0.07,义乌市黎既电子商务商行（个体工商户）,订单结算
2026-04-20 07:30:06,'2026042007300117751455262131,入账,4.94,聚合账户,货款结算入账,小店自卖,'6951958480284817100,'6951958480284817100,'SS76295521814563883950035,2026-04-10 01:55:19,'3769870193174642697,2025春夏新款轻奢边夹时尚气质一字发夹女后脑勺扭扭夹女,,,普通订单,4.97,0,0,0,0,0,0,0,0,0,0,0,-0.03,0,0,0,0,0,0,是-商品卡免佣,0.22,义乌市黎既电子商务商行（个体工商户）,订单结算
2026-04-20 07:30:06,'2026042007300128536671262131,入账,5.08,聚合账户,货款结算入账,小店自卖,'6951929239397995919,'6951929239397995919,'SS76296148199853427560019,2026-04-09 16:11:35,'3746150076641313252,网红简约ins纯色宽边发带高颅顶白色发箍女运动健身夏季头饰发饰,,,普通订单,5.11,0.9,0,0,0,0,0,0,0,0,0,0,-0.03,0,0,0,0,0,0,是-商品卡免佣,0.22,义乌市黎既电子商务商行（个体工商户）,订单结算
2026-04-20 07:30:06,'2026042007300315660485312131,入账,2.78,聚合账户,货款结算入账,小店自卖,'6951972781915772002,'6951972781915772002,'SS76296597524836070670138,2026-04-10 15:57:37,'3806285088233226368,韩系~时尚百搭简约女格纹布少女风艺带齿细发箍个性压发箍头箍女,,,普通订单,2.8,0,0,0,0,0,0,0,0,0,0,0,-0.02,0,0,0,0,0,0,是-商品卡免佣,0.15,义乌市黎既电子商务商行（个体工商户）,订单结算
2026-04-20 07:30:06,'2026042007300136078228842131,入账,4.63,聚合账户,货款结算入账,小店自卖,'6951953585232680227,'6951953585232680227,'SS76295943145668777370166,2026-04-09 19:02:38,'3806839693081969009,春夏简约随手盘发高级发夹一字扭扭夹水钻抓夹扭扭后脑勺盘发器,,,普通订单,4.66,0,0,0,0,0,0,0,0,0,0,0,-0.03,0,0,0,0,0,0,是-商品卡免佣,0.22,义乌市黎既电子商务商行（个体工商户）,订单结算
2026-04-20 07:30:06,'2026042007300217771771302131,入账,4.47,聚合账户,货款结算入账,小店自卖,'6951915548124910978,'6951915548124910978,'SS76296162456164109070054,2026-04-09 15:22:25,'3807763574974186291,气质高级亮黑色大号鲨鱼抓夹女后脑勺时尚发卡巨能抓头饰2026新款,,,普通订单,4.5,0,0,0,0,0,0,0,0,0,0,0,-0.03,0,0,0,0,0,0,是-商品卡免佣,0.22,义乌市黎既电子商务商行（个体工商户）,订单结算
2026-04-20 07:30:08,'2026042007300505210283942131,入账,5.32,聚合账户,货款结算入账,小店自卖,'6925458269183442861,'6925458269183442861,'SS76295517554367373210157,2026-04-09 15:58:41,'3750791789322306375,刘海夹前额洋气闪钻轻奢植绒复古夹子双层侧边夹碎发整理夹子女,,,普通订单,5.35,0.45,0,0,0,0,0,0,0,0,0,0,-0.03,0,0,0,0,0,0,是-商品卡免佣,0.22,义乌市黎既电子商务商行（个体工商户）,订单结算
2026-04-20 07:30:08,'2026042007300516135621222131,入账,3.08,聚合账户,货款结算入账,小店自卖,'6951941150865430154,'6951941150865430154,'SS76296000139036592910192,2026-04-10 09:08:31,'3673424694561865791,薄款牛油果绿系列小丝巾缠包模特搭配装饰品扎头发绑发飘带发带,,,普通订单,3.1,1.55,0,0,0,0,0,0,0,0,0,0,-0.02,0,0,0,0,0,0,是-商品卡免佣,0.15,义乌市黎既电子商务商行（个体工商户）,订单结算
2026-04-20 07:30:08,'2026042007300408271793022131,入账,4.94,聚合账户,货款结算入账,小店自卖,'6951953834743174863,'6951953834743174863,'SS76295535340070180250082,2026-04-09 21:46:59,'3683590910169448490,新款碎发梳插梳韩版女孩夹子后脑勺刘海整理发夹卡子成年人发头饰,,,普通订单,4.97,0,0,0,0,0,0,0,0,0,0,0,-0.03,0,0,0,0,0,0,是-商品卡免佣,0.22,义乌市黎既电子商务商行（个体工商户）,订单结算
2026-04-20 07:30:09,'2026042007300506300797632131,入账,3.41,聚合账户,货款结算入账,小店自卖,'6925488211615252370,'6925488211615252370,'SS76296598950586452940090,2026-04-10 14:46:51,'3673388116573553024,花朵儿童盘发神器新款宝宝丸子头盘发器宝宝扎头神器头饰发饰女孩,,,普通订单,3.43,0.55,0,0,0,0,0,0,0,0,0,0,-0.02,0,0,0,0,0,0,是-商品卡免佣,0.15,义乌市黎既电子商务商行（个体工商户）,订单结算
2026-04-20 07:30:09,'2026042007300500472030912131,入账,6.9,聚合账户,货款结算入账,小店自卖,'6925481380487003441,'6925481380487003441,'SS76296071354664717320227,2026-04-10 11:28:20,'3673057951649759338,小皮筋小女孩头绳发绳透明多彩小号一次性皮筋儿童橡皮筋发饰扎头,,,普通订单,6.94,1.15,0,0,0,0,0,0,0,0,0,0,-0.04,0,0,0,0,0,0,是-商品卡免佣,0.29,义乌市黎既电子商务商行（个体工商户）,订单结算
2026-04-20 07:30:40,'2026042007303618191365272131,入账,3.01,聚合账户,货款结算入账,小店自卖,'6951929657338697423,'6951929657338697423,'SS76295533596804101120184,2026-04-09 20:18:28,'3677561914218643751,发饰交叉抓夹大号发夹新款盘发卡头饰女简约气质鲨鱼夹后脑勺发爪,,,普通订单,1.16,1.15,0,1.87,0,0,0,0,0,0,0,0,-0.02,0,0,0,0,0,0,是-商品卡免佣,0.15,义乌市黎既电子商务商行（个体工商户）,订单结算
2026-04-20 07:30:40,'2026042007303640899057272131,入账,3.89,聚合账户,货款结算入账,小店自卖,'6925487134039506802,'6925487134039506802,'SS76295576067411686820146,2026-04-10 05:43:58,'3807732934811713667,新款牡丹花羽毛抓夹女高颜值轻奢时尚百搭鲨鱼夹发饰头饰夹发神器,,,普通订单,3.91,0,0,0,0,0,0,0,0,0,0,0,-0.02,0,0,0,0,0,0,是-商品卡免佣,0.15,义乌市黎既电子商务商行（个体工商户）,订单结算
2026-04-20 07:30:40,'2026042007303623664560992131,入账,2.43,聚合账户,货款结算入账,精选联盟,'6951988482149521134,'6951988482149521134,'SS76296020938588982170145,2026-04-12 07:05:33,'3784368456477049055,韩国气质碎钻满天星抓夹女后脑勺半扎发鲨鱼夹发量少百搭发卡头饰,'0,,普通订单,0.01,0,0,2.68,0,0,0,0,0,0,0,0,-0.13,0,0,0,0,-0.13,0,,0,义乌市黎既电子商务商行（个体工商户）,订单结算
2026-04-20 07:30:40,'2026042007303801854346592131,入账,2.09,聚合账户,货款结算入账,小店自卖,'6952046470270556026,'6952046470270556026,'SS76296091363673871990128,2026-04-13 17:26:30,'3739540605139812612,发量少的抓夹女2025新款高级感中号鲨鱼夹后脑勺盘发发夹夹子发饰,,,普通订单,1.5,0,0,0.6,0,0,0,0,0,0,0,0,-0.01,0,0,0,0,0,0,是-商品卡免佣,0.07,义乌市黎既电子商务商行（个体工商户）,订单结算
2026-04-20 07:30:40,'2026042007303639219205462131,入账,3.75,聚合账户,货款结算入账,小店自卖,'6951959073474679998,'6951959073474679998,'SS76296321406488906390225,2026-04-10 12:31:02,'3746150076641313252,网红简约ins纯色宽边发带高颅顶白色发箍女运动健身夏季头饰发饰,,,普通订单,3.77,0.9,0,0,0,0,0,0,0,0,0,0,-0.02,0,0,0,0,0,0,是-商品卡免佣,0.15,义乌市黎既电子商务商行（个体工商户）,订单结算
2026-04-20 07:30:52,'2026042007304705169198272131,入账,2.78,聚合账户,货款结算入账,小店自卖,'6925616640935886074,'6925616640935886074,'SS76296488913651474420211,2026-04-16 08:11:42,'3806285088233226368,韩系~时尚百搭简约女格纹布少女风艺带齿细发箍个性压发箍头箍女,,,普通订单,2.8,0,0,0,0,0,0,0,0,0,0,0,-0.02,0,0,0,0,0,0,是-商品卡免佣,0.15,义乌市黎既电子商务商行（个体工商户）,订单结算
2026-04-20 07:30:52,'2026042007304824467213432131,入账,2.43,聚合账户,货款结算入账,精选联盟,'6925592349285121878,'6925592349285121878,'SS76296628105371530580191,2026-04-14 19:47:52,'3784368456477049055,韩国气质碎钻满天星抓夹女后脑勺半扎发鲨鱼夹发量少百搭发卡头饰,'0,,普通订单,0.01,0,0,2.68,0,0,0,0,0,0,0,0,-0.13,0,0,0,0,-0.13,0,,0,义乌市黎既电子商务商行（个体工商户）,订单结算
2026-04-20 07:30:52,'2026042007304912462699932131,入账,5.31,聚合账户,货款结算入账,小店自卖,'6925632532001488425,'6925632532001488425,'SS76297448087308700580043,2026-04-16 03:31:48,'3766001784691229117,夏天简约随手盘发一字扭扭夹水钻抓夹高级发夹扭扭后脑勺盘发器,,,普通订单,5.34,0,0,0,0,0,0,0,0,0,0,0,-0.03,0,0,0,0,0,0,是-商品卡免佣,0.22,义乌市黎既电子商务商行（个体工商户）,订单结算
2026-04-20 07:30:52,'2026042007304926978391452131,入账,4.93,聚合账户,货款结算入账,小店自卖,'6925595308634045577,'6925595308634045577,'SS76296572186313525850164,2026-04-15 09:07:05,'3807752307236536575,豹纹镂空云朵抓夹女式高级感春夏发量大后脑勺鲨鱼夹发饰2026新款,,,普通订单,0.01,0,0,4.95,0,0,0,0,0,0,0,0,-0.03,0,0,0,0,0,0,是-商品卡免佣,0.22,义乌市黎既电子商务商行（个体工商户）,订单结算
2026-04-20 07:30:52,'2026042007304835328330662131,入账,2.81,聚合账户,货款结算入账,小店自卖,'6925592227091479898,'6925592227091479898,'SS76295794072291254140189,2026-04-14 19:10:45,'3790878995596312771,韩系黑色波点布艺褶皱高马尾香蕉夹竖夹新款豹纹发夹气质百搭发饰,,,普通订单,2.83,0.39,0,0,0,0,0,0,0,0,0,0,-0.02,0,0,0,0,0,0,是-商品卡免佣,0.15,义乌市黎既电子商务商行（个体工商户）,订单结算
2026-04-20 07:31:30,'2026042007312721271846592131,入账,2.56,聚合账户,货款结算入账,小店自卖,'6925486298296384579,'6925486298296384579,'SS76295535836378567950166,2026-04-10 18:30:57,'3784368456477049055,韩国气质碎钻满天星抓夹女后脑勺半扎发鲨鱼夹发量少百搭发卡头饰,,,普通订单,0.01,0,0,2.68,0,0,0,0,0,0,0,0,-0.13,0,0,0,0,0,0,,0,义乌市黎既电子商务商行（个体工商户）,订单结算
2026-04-20 07:31:30,'2026042007312615065421152131,入账,2.76,聚合账户,货款结算入账,小店自卖,'6951952481175606385,'6951952481175606385,'SS76296605642349453150191,2026-04-10 10:56:21,'3750814048090980744,新款轻奢高级网纱闪亮夏季水钻太阳花朵发圈发绳扎马尾不伤发皮筋,,,普通订单,1.98,0,0,0.8,0,0,0,0,0,0,0,0,-0.02,0,0,0,0,0,0,是-商品卡免佣,0.15,义乌市黎既电子商务商行（个体工商户）,订单结算
2026-04-20 07:31:30,'2026042007312513986575782131,入账,3.81,聚合账户,货款结算入账,小店自卖,'6925485612763413804,'6925485612763413804,'SS76296192302788285440125,2026-04-10 12:59:04,'3784368456477049055,韩国气质碎钻满天星抓夹女后脑勺半扎发鲨鱼夹发量少百搭发卡头饰,,,普通订单,0.01,0,0,3,0,0,0,0,0,0.82,0,0,-0.02,0,0,0,0,0,0,是-商品卡免佣,0.15,义乌市黎既电子商务商行（个体工商户）,订单结算
2026-04-20 07:31:30,'2026042007312608821645142131,入账,2.32,聚合账户,货款结算入账,精选联盟,'6952020940427106130,'6952020940427106130,'SS76296706016572049920057,2026-04-12 21:14:58,'3809235146834575749,可爱新春小狗香蕉夹女高马尾扭扭夹红色竖夹高级感2026韩新款发夹,'0,,普通订单,0.01,0,0,2.57,0,0,0,0,0,0,0,0,-0.13,0,0,0,0,-0.13,0,,0,义乌市黎既电子商务商行（个体工商户）,订单结算
2026-04-20 07:31:30,'2026042007312621943918442131,入账,4.62,聚合账户,货款结算入账,小店自卖,'6925474081303592540,'6925474081303592540,'SS76295534026465610600231,2026-04-09 19:21:28,'3750996751788671013,网红山茶花碎发发卡新款毛发后脑勺整理神器夹子成人发夹发箍头饰,,,普通订单,4.25,1.15,0,0.4,0,0,0,0,0,0,0,0,-0.03,0,0,0,0,0,0,是-商品卡免佣,0.22,义乌市黎既电子商务商行（个体工商户）,订单结算
2026-04-20 07:34:43,'2026042007344109275315392131,入账,1.48,聚合账户,货款结算入账,小店自卖,'6951972588544333509,'6951972588544333509,'SS76296597613902405390029,2026-04-10 13:30:00,'3752993546408427528,新款韩系发饰山茶花公主头抓夹女发夹刘海小巧精致小号发卡迷发夹,,,普通订单,0.01,0,0,1.48,0,0,0,0,0,0,0,0,-0.01,0,0,0,0,0,0,是-商品卡免佣,0.07,义乌市黎既电子商务商行（个体工商户）,订单结算
2026-04-20 07:34:43,'2026042007343940106727032131,入账,4.31,聚合账户,货款结算入账,小店自卖,'6925494416861396313,'6925494416861396313,'SS76296598964430118750131,2026-04-10 14:16:43,'3767836959792300411,法式高级感超大号弧形抓夹女新款后脑勺盘发夹发量大鲨鱼夹发卡夹,,,普通订单,0.01,0,0,4.33,0,0,0,0,0,0,0,0,-0.03,0,0,0,0,0,0,是-商品卡免佣,0.22,义乌市黎既电子商务商行（个体工商户）,订单结算
2026-04-20 07:34:43,'2026042007344032340872112131,入账,2.56,聚合账户,货款结算入账,小店自卖,'6951954143197730724,'6951954143197730724,'SS76295560635867141380159,2026-04-10 01:05:11,'3784368456477049055,韩国气质碎钻满天星抓夹女后脑勺半扎发鲨鱼夹发量少百搭发卡头饰,,,普通订单,2.51,0,0,0.18,0,0,0,0,0,0,0,0,-0.13,0,0,0,0,0,0,,0,义乌市黎既电子商务商行（个体工商户）,订单结算
2026-04-20 07:34:43,'2026042007344011704077342131,入账,4.67,聚合账户,货款结算入账,精选联盟,'6952001728388994141,'6952001728388994141,'SS76296190022135854180189,2026-04-12 01:00:01,'3797355870736744672,卡通可爱新款屁屁三丽鸥大肠花花发圈发绳花朵高级头发丸子头绳萌,'0,,普通订单,2.19,0,0,3,0,0,0,0,0,0,0,0,-0.26,0,0,0,0,-0.26,0,,0,义乌市黎既电子商务商行（个体工商户）,订单结算
2026-04-20 07:34:43,'2026042007344102349473342131,入账,2.68,聚合账户,货款结算入账,小店自卖,'6951945484556113832,'6951945484556113832,'SS76295521720903153050014,2026-04-10 00:34:40,'3806431274114089028,格纹蝴蝶结头花植绒小熊发圈韩系可爱百搭扎马尾头绳发饰新款发绳,,,普通订单,2.43,0.89,0,0.27,0,0,0,0,0,0,0,0,-0.02,0,0,0,0,0,0,是-商品卡免佣,0.15,义乌市黎既电子商务商行（个体工商户）,订单结算
2026-04-20 07:35:02,'2026042007345828379548572131,入账,8.29,聚合账户,货款结算入账,小店自卖,'6925480473536527977,'6925480473536527977,'SS76295535098343918080159,2026-04-09 22:56:40,'3673388116573553024,花朵儿童盘发神器新款宝宝丸子头盘发器宝宝扎头神器头饰发饰女孩,,,普通订单,8.34,0.55,0,0,0,0,0,0,0,0,0,0,-0.05,0,0,0,0,0,0,是-商品卡免佣,0.37,义乌市黎既电子商务商行（个体工商户）,订单结算
2026-04-20 07:35:02,'2026042007345908524109212131,入账,3.45,聚合账户,货款结算入账,小店自卖,'6925482249944334057,'6925482249944334057,'SS76296174514927908100214,2026-04-09 19:30:16,'3806450472450130341,新款复古抓夹女豹纹蝴蝶结鲨鱼夹2026后脑勺盘发发夹高级感发饰,,,普通订单,0.63,0,0,3,0,0,0,0,0,0,0,0,-0.18,0,0,0,0,0,0,,0,义乌市黎既电子商务商行（个体工商户）,订单结算
2026-04-20 07:35:02,'2026042007345835574586942131,入账,10.88,聚合账户,货款结算入账,小店自卖,'6925458277590269915,'6925458277590269915,'SS76296506930794176150103,2026-04-09 15:57:54,'3796640026289373330,蝴蝶结鸭嘴夹小香风毛呢爆款发夹后脑勺气质洋气盘发一字夹子,,,普通订单,10.95,0,0,0,0,0,0,0,0,0,0,0,-0.07,0,0,0,0,0,0,是-商品卡免佣,0.51,义乌市黎既电子商务商行（个体工商户）,订单结算
2026-04-20 07:35:02,'2026042007345803455227072131,入账,2.67,聚合账户,货款结算入账,小店自卖,'6925474721328824117,'6925474721328824117,'SS76295560580006879220041,2026-04-09 23:41:53,'3784368456477049055,韩国气质碎钻满天星抓夹女后脑勺半扎发鲨鱼夹发量少百搭发卡头饰,,,普通订单,2.69,0,0,0,0,0,0,0,0,0,0,0,-0.02,0,0,0,0,0,0,是-商品卡免佣,0.15,义乌市黎既电子商务商行（个体工商户）,订单结算
2026-04-20 07:35:02,'2026042007345936871539612131,入账,2.81,聚合账户,货款结算入账,小店自卖,'6925492227951853000,'6925492227951853000,'SS76295996017793930430196,2026-04-10 12:24:53,'3767836959792300411,法式高级感超大号弧形抓夹女新款后脑勺盘发夹发量大鲨鱼夹发卡夹,,,普通订单,2.83,0,0,0,0,0,0,0,0,0,0,0,-0.02,0,0,0,0,0,0,是-商品卡免佣,0.15,义乌市黎既电子商务商行（个体工商户）,订单结算
2026-04-20 07:35:23,'2026042007352024845727102131,入账,3.75,聚合账户,货款结算入账,小店自卖,'6951922683139856270,'6951922683139856270,'SS76296148786426516540157,2026-04-09 18:44:25,'3746150076641313252,网红简约ins纯色宽边发带高颅顶白色发箍女运动健身夏季头饰发饰,,,普通订单,3.77,0.9,0,0,0,0,0,0,0,0,0,0,-0.02,0,0,0,0,0,0,是-商品卡免佣,0.15,义乌市黎既电子商务商行（个体工商户）,订单结算
2026-04-20 07:35:23,'2026042007352007975409042131,入账,3.73,聚合账户,货款结算入账,小店自卖,'6952012334575719750,'6952012334575719750,'SS76295070101724738960016,2026-04-12 22:41:45,'3782882215315243080,小熊发箍女秋冬韩国可爱羊羔毛洗脸头箍网红化妆压发发卡头饰ins,,,普通订单,3.75,0,0,0,0,0,0,0,0,0,0,0,-0.02,0,0,0,0,0,0,是-商品卡免佣,0.15,义乌市黎既电子商务商行（个体工商户）,订单结算
2026-04-20 07:35:23,'2026042007351705567002022131,入账,4.6,聚合账户,货款结算入账,小店自卖,'6925470360479956572,'6925470360479956572,'SS76295948685038065040174,2026-04-10 09:52:19,'3761395105840365661,高级感水钻满天星发夹女后脑勺盘发神器发卡青蛙夹扭扭夹发卡头饰,,,普通订单,4.63,0,0,0,0,0,0,0,0,0,0,0,-0.03,0,0,0,0,0,0,是-商品卡免佣,0.22,义乌市黎既电子商务商行（个体工商户）,订单结算
2026-04-20 07:35:23,'2026042007352003411976032131,入账,7.69,聚合账户,货款结算入账,小店自卖,'6951927421243430118,'6951927421243430118,'SS76296071274783913480134,2026-04-10 01:39:40,'3673424726690234690,丝巾发带女薄款新款蝴蝶结丝带绑发头饰夏季超仙编发长条飘带发绳,,,普通订单,7.74,0.95,0,0,0,0,0,0,0,0,0,0,-0.05,0,0,0,0,0,0,是-商品卡免佣,0.37,义乌市黎既电子商务商行（个体工商户）,订单结算
2026-04-20 07:35:23,'2026042007352038685947402131,入账,3.9,聚合账户,货款结算入账,小店自卖,'6952026083917174154,'6952026083916912010,'SS76295781466750981390160,2026-04-13 15:19:55,'3797351687438598590,ins风百搭边夹小众高颜值可爱同款网红小巧氛围感镂空发扣发饰,,,普通订单,3.92,0,0,0,0,0,0,0,0,0,0,0,-0.02,0,0,0,0,0,0,是-商品卡免佣,0.15,义乌市黎既电子商务商行（个体工商户）,订单结算
2026-04-20 07:35:23,'2026042007351827018532112131,入账,2.94,聚合账户,货款结算入账,小店自卖,'6951936510699575178,'6951936510699509642,'SS76296691676037657940114,2026-04-10 00:48:31,'3807763574974186291,气质高级亮黑色大号鲨鱼抓夹女后脑勺时尚发卡巨能抓头饰2026新款,,,普通订单,2.96,0,0,0,0,0,0,0,0,0,0,0,-0.02,0,0,0,0,0,0,是-商品卡免佣,0.15,义乌市黎既电子商务商行（个体工商户）,订单结算
2026-04-20 07:35:23,'2026042007352040156083262131,入账,3.95,聚合账户,货款结算入账,小店自卖,'6925468991609863830,'6925468991609863830,'SS76295727839742203280046,2026-04-09 16:51:46,'3806293802847699345,韩式豹纹波点褶皱高级扭扭马尾卡通风香蕉发夹后脑勺显发发卡头饰,,,普通订单,3.97,0,0,0,0,0,0,0,0,0,0,0,-0.02,0,0,0,0,0,0,是-商品卡免佣,0.15,义乌市黎既电子商务商行（个体工商户）,订单结算
2026-04-20 07:35:23,'2026042007351920682511872131,入账,7.76,聚合账户,货款结算入账,小店自卖,'6951940611712358208,'6951940611712358208,'SS76296071308042286460157,2026-04-09 21:33:02,'3677664591720087699,一次性小橡皮筋女黑色皮套扎头发绳不伤发高弹力头绳儿童发圈弹性,,,普通订单,7.81,1.55,0,0,0,0,0,0,0,0,0,0,-0.05,0,0,0,0,0,0,是-商品卡免佣,0.37,义乌市黎既电子商务商行（个体工商户）,订单结算
2026-04-20 07:35:23,'2026042007352023740587942131,入账,1.95,聚合账户,货款结算入账,小店自卖,'6925460890809040729,'6925460890809040729,'SS76295586275827922350217,2026-04-09 18:23:30,'3806280662462366067,kitty猫~刘海贴精致可爱甜美少女棉花糖猫兔碎发贴魔术贴无痕发饰,,,普通订单,1.96,0,0,0,0,0,0,0,0,0,0,0,-0.01,0,0,0,0,0,0,是-商品卡免佣,0.07,义乌市黎既电子商务商行（个体工商户）,订单结算
2026-04-20 07:35:23,'2026042007352017122593662131,入账,2.67,聚合账户,货款结算入账,小店自卖,'6951954464352900706,'6951954464352900706,'SS76295544300099835340015,2026-04-10 09:39:32,'3784368456477049055,韩国气质碎钻满天星抓夹女后脑勺半扎发鲨鱼夹发量少百搭发卡头饰,,,普通订单,2.69,0,0,0,0,0,0,0,0,0,0,0,-0.02,0,0,0,0,0,0,是-商品卡免佣,0.15,义乌市黎既电子商务商行（个体工商户）,订单结算
2026-04-20 07:35:38,'2026042007353506209866602131,入账,2.56,聚合账户,货款结算入账,小店自卖,'6925478822959545870,'6925478822959545870,'SS76296144203689334140118,2026-04-09 23:32:15,'3809235146834575749,可爱新春小狗香蕉夹女高马尾扭扭夹红色竖夹高级感2026韩新款发夹,,,普通订单,1.46,0,0,0,0,0,0,0,0,1.12,0,0,-0.02,0,0,0,0,0,0,是-商品卡免佣,0.15,义乌市黎既电子商务商行（个体工商户）,订单结算
2026-04-20 07:35:38,'2026042007353320343567992131,入账,2.67,聚合账户,货款结算入账,小店自卖,'6925527276764036326,'6925527276764036326,'SS76296135484905723380140,2026-04-11 17:12:12,'3784368456477049055,韩国气质碎钻满天星抓夹女后脑勺半扎发鲨鱼夹发量少百搭发卡头饰,,,普通订单,2.69,0,0,0,0,0,0,0,0,0,0,0,-0.02,0,0,0,0,0,0,是-商品卡免佣,0.15,义乌市黎既电子商务商行（个体工商户）,订单结算
2026-04-20 07:35:38,'2026042007353505352988252131,入账,7.5,聚合账户,货款结算入账,小店自卖,'6951998804138726516,'6951998804138726516,'SS76294036457007193980169,2026-04-11 20:46:22,'3748754542678900840,中国风孔雀盘发器女士古典旗袍发饰丸子懒人高级感饰品优雅发夹,,,普通订单,7.55,1.15,0,0,0,0,0,0,0,0,0,0,-0.05,0,0,0,0,0,0,是-商品卡免佣,0.37,义乌市黎既电子商务商行（个体工商户）,订单结算
2026-04-20 07:35:38,'2026042007353412526269822131,入账,5.71,聚合账户,货款结算入账,小店自卖,'6951926665890174437,'6951926665890174437,'SS76295963592388121960105,2026-04-09 15:59:41,'3673057951649759338,小皮筋小女孩头绳发绳透明多彩小号一次性皮筋儿童橡皮筋发饰扎头,,,普通订单,5.74,1.15,0,0,0,0,0,0,0,0,0,0,-0.03,0,0,0,0,0,0,是-商品卡免佣,0.22,义乌市黎既电子商务商行（个体工商户）,订单结算
2026-04-20 07:35:38,'2026042007353435374536092131,入账,3.17,聚合账户,货款结算入账,小店自卖,'6925574873830227754,'6925574873830227754,'SS76297005031730918550148,2026-04-13 18:55:42,'3776769690882408946,简约三角形头发抓夹高级鲨鱼夹2025秋冬新款发夹后脑勺盘发夹子女,,,普通订单,3.19,0,0,0,0,0,0,0,0,0,0,0,-0.02,0,0,0,0,0,0,是-商品卡免佣,0.15,义乌市黎既电子商务商行（个体工商户）,订单结算
2026-04-20 07:36:01,'2026042007355834418857232131,入账,6.54,聚合账户,货款结算入账,小店自卖,'6951934011917538807,'6951934011917538807,'SS76295534909996569700085,2026-04-09 22:08:31,'3806450472450130341,新款复古抓夹女豹纹蝴蝶结鲨鱼夹2026后脑勺盘发发夹高级感发饰,,,普通订单,6.58,0,0,0,0,0,0,0,0,0,0,0,-0.04,0,0,0,0,0,0,是-商品卡免佣,0.29,义乌市黎既电子商务商行（个体工商户）,订单结算
2026-04-20 07:36:01,'2026042007355825922772862131,入账,5.08,聚合账户,货款结算入账,小店自卖,'6951951748499051625,'6951951748499051625,'SS76296148187227261980220,2026-04-09 22:24:34,'3746150076641313252,网红简约ins纯色宽边发带高颅顶白色发箍女运动健身夏季头饰发饰,,,普通订单,5.11,0.9,0,0,0,0,0,0,0,0,0,0,-0.03,0,0,0,0,0,0,是-商品卡免佣,0.22,义乌市黎既电子商务商行（个体工商户）,订单结算
2026-04-20 07:36:01,'2026042007355817284511152131,入账,5.05,聚合账户,货款结算入账,小店自卖,'6925521934552890893,'6925521934552890893,'SS76294988261442527140020,2026-04-12 08:04:26,'3774567300246667332,韩系布艺褶皱蝴蝶结香蕉夹女扁头高级感后脑勺马尾夹半扎发鲨鱼夹,,,普通订单,5.08,0.49,0,0,0,0,0,0,0,0,0,0,-0.03,0,0,0,0,0,0,是-商品卡免佣,0.22,义乌市黎既电子商务商行（个体工商户）,订单结算
2026-04-20 07:36:01,'2026042007355615828257792131,入账,5.67,聚合账户,货款结算入账,小店自卖,'6952011816104040353,'6952011816104040353,'SS76296258146818624000031,2026-04-12 18:14:53,'3780082601130328389,珍珠镶钻高马尾抓夹防塌固定神器马尾夹发夹女夏季丸子头爪夹发卡,,,普通订单,5.7,0.3,0,0,0,0,0,0,0,0,0,0,-0.03,0,0,0,0,0,0,是-商品卡免佣,0.22,义乌市黎既电子商务商行（个体工商户）,订单结算
2026-04-20 07:36:01,'2026042007355833233963612131,入账,5.91,聚合账户,货款结算入账,小店自卖,'6951959309938464732,'6951959309938464732,'SS76296601266306913280237,2026-04-10 15:19:25,'3673424694561865791,薄款牛油果绿系列小丝巾缠包模特搭配装饰品扎头发绑发飘带发带,,,普通订单,6.22,1.55,0,0,0,0,0,0,0,0,0,0,-0.31,0,0,0,0,0,0,,0,义乌市黎既电子商务商行（个体工商户）,订单结算
2026-04-20 07:36:19,'2026042007361707907581502131,入账,6.27,聚合账户,货款结算入账,小店自卖,'6925479145307078451,'6925479145307078451,'SS76295522071191434780165,2026-04-10 07:17:46,'3677688974350090705,新款女童粘发帖魔术贴发带刘海固定发箍儿童发饰头饰碎发神器可爱,,,普通订单,6.31,0.55,0,0,0,0,0,0,0,0,0,0,-0.04,0,0,0,0,0,0,是-商品卡免佣,0.29,义乌市黎既电子商务商行（个体工商户）,订单结算
2026-04-20 07:36:19,'2026042007361536283195422131,入账,2.86,聚合账户,货款结算入账,小店自卖,'6925479370133371924,'6925479370133371924,'SS76295999236130739740127,2026-04-10 09:47:16,'3761395105840365661,高级感水钻满天星发夹女后脑勺盘发神器发卡青蛙夹扭扭夹发卡头饰,,,普通订单,2.88,0,0,0,0,0,0,0,0,0,0,0,-0.02,0,0,0,0,0,0,是-商品卡免佣,0.15,义乌市黎既电子商务商行（个体工商户）,订单结算
2026-04-20 07:36:19,'2026042007361714693665472131,入账,4.64,聚合账户,货款结算入账,小店自卖,'6925488226164964698,'6925488226164964698,'SS76296508060606633420177,2026-04-10 14:36:45,'3796640026289373330,蝴蝶结鸭嘴夹小香风毛呢爆款发夹后脑勺气质洋气盘发一字夹子,,,普通订单,4.88,0,0,0,0,0,0,0,0,0,0,0,-0.24,0,0,0,0,0,0,,0,义乌市黎既电子商务商行（个体工商户）,订单结算
2026-04-20 07:36:19,'2026042007361728396429432131,入账,3.78,聚合账户,货款结算入账,小店自卖,'6925480089693224591,'6925480089693224591,'SS76295533647668022110144,2026-04-09 20:42:32,'3673976773902729360,发夹女后脑勺珍珠发卡大号盘发鲨鱼夹韩国ins网红气质头饰抓发夹,,,普通订单,3.8,0.9,0,0,0,0,0,0,0,0,0,0,-0.02,0,0,0,0,0,0,是-商品卡免佣,0.15,义乌市黎既电子商务商行（个体工商户）,订单结算
2026-04-20 07:36:19,'2026042007361633769395622131,入账,4.97,聚合账户,货款结算入账,小店自卖,'6925465034964368819,'6925465034964368819,'SS76293894358969065460250,2026-04-09 19:03:23,'3673424694561865791,薄款牛油果绿系列小丝巾缠包模特搭配装饰品扎头发绑发飘带发带,,,普通订单,5,1.55,0,0,0,0,0,0,0,0,0,0,-0.03,0,0,0,0,0,0,是-商品卡免佣,0.22,义乌市黎既电子商务商行（个体工商户）,订单结算
2026-04-20 07:36:20,'2026042007361720392187242131,入账,4.2,聚合账户,货款结算入账,小店自卖,'6925472161001799097,'6925472161001799097,'SS76295535244858985300023,2026-04-09 23:35:07,'3747262253976649747,夏季女童发饰儿童发带女绑发蝴蝶结编发发夹小女孩公主长飘带发夹,,,普通订单,4.23,0.45,0,0,0,0,0,0,0,0,0,0,-0.03,0,0,0,0,0,0,是-商品卡免佣,0.22,义乌市黎既电子商务商行（个体工商户）,订单结算
2026-04-20 07:36:20,'2026042007361701314493502131,入账,3.73,聚合账户,货款结算入账,小店自卖,'6951927530280392438,'6951927530280392438,'SS76296342921125238160109,2026-04-10 06:46:39,'3806839658764173323,明星同款高级银色金属小钢圈发扣发夹感洋气甜酷风刘海发夹扣发饰,,,普通订单,3.75,0,0,0,0,0,0,0,0,0,0,0,-0.02,0,0,0,0,0,0,是-商品卡免佣,0.15,义乌市黎既电子商务商行（个体工商户）,订单结算
2026-04-20 07:36:20,'2026042007361713320855402131,入账,3.63,聚合账户,货款结算入账,小店自卖,'6952031457636128612,'6952031457636128612,'SS76296004261760049140036,2026-04-12 19:59:50,'3807763574974186291,气质高级亮黑色大号鲨鱼抓夹女后脑勺时尚发卡巨能抓头饰2026新款,,,普通订单,3.65,0,0,0,0,0,0,0,0,0,0,0,-0.02,0,0,0,0,0,0,是-商品卡免佣,0.15,义乌市黎既电子商务商行（个体工商户）,订单结算
2026-04-20 07:36:20,'2026042007361636618450342131,入账,3.63,聚合账户,货款结算入账,小店自卖,'6951947461399090897,'6951947461399090897,'SS76295522580993968730111,2026-04-10 07:44:51,'3807763574974186291,气质高级亮黑色大号鲨鱼抓夹女后脑勺时尚发卡巨能抓头饰2026新款,,,普通订单,3.65,0,0,0,0,0,0,0,0,0,0,0,-0.02,0,0,0,0,0,0,是-商品卡免佣,0.15,义乌市黎既电子商务商行（个体工商户）,订单结算
2026-04-20 07:36:20,'2026042007361707913971262131,入账,3.81,聚合账户,货款结算入账,小店自卖,'6925478943027855102,'6925478943027855102,'SS76296065590357857340032,2026-04-10 00:22:55,'3784368456477049055,韩国气质碎钻满天星抓夹女后脑勺半扎发鲨鱼夹发量少百搭发卡头饰,,,普通订单,3.83,0,0,0,0,0,0,0,0,0,0,0,-0.02,0,0,0,0,0,0,是-商品卡免佣,0.15,义乌市黎既电子商务商行（个体工商户）,订单结算
2026-04-20 07:37:35,'2026042007373318960555622131,入账,3.87,聚合账户,货款结算入账,小店自卖,'6925549798659817436,'6925549798659817436,'SS76295556872703391130217,2026-04-13 04:07:47,'3807732934811713667,新款牡丹花羽毛抓夹女高颜值轻奢时尚百搭鲨鱼夹发饰头饰夹发神器,,,普通订单,3.89,0,0,0,0,0,0,0,0,0,0,0,-0.02,0,0,0,0,0,0,是-商品卡免佣,0.15,义乌市黎既电子商务商行（个体工商户）,订单结算
2026-04-20 07:37:36,'2026042007373305085109952131,入账,2.63,聚合账户,货款结算入账,小店自卖,'6951813705676625091,'6951813705676625091,'SS76295670286508040040164,2026-04-05 10:14:54,'3763932448057065566,磨砂扭扭香蕉夹高马尾大号发夹后脑勺竖夹发卡韩国气质女夹子头饰,,,普通订单,2.65,0.89,0,0,0,0,0,0,0,0,0,0,-0.02,0,0,0,0,0,0,是-商品卡免佣,0.15,义乌市黎既电子商务商行（个体工商户）,订单结算
2026-04-20 07:37:36,'2026042007373227189130622131,入账,5.02,聚合账户,货款结算入账,小店自卖,'6925472330478616281,'6925472330478616281,'SS76295728966790028890233,2026-04-10 02:27:31,'3790878995596312771,韩系黑色波点布艺褶皱高马尾香蕉夹竖夹新款豹纹发夹气质百搭发饰,,,普通订单,5.05,0,0,0,0,0,0,0,0,0,0,0,-0.03,0,0,0,0,0,0,是-商品卡免佣,0.22,义乌市黎既电子商务商行（个体工商户）,订单结算
2026-04-20 07:37:36,'2026042007373221688000462131,入账,4,聚合账户,货款结算入账,小店自卖,'6925476384031145279,'6925476384031145279,'SS76295534993908861900151,2026-04-09 22:33:27,'3752993546408427528,新款韩系发饰山茶花公主头抓夹女发夹刘海小巧精致小号发卡迷发夹,,,普通订单,4.02,0,0,0,0,0,0,0,0,0,0,0,-0.02,0,0,0,0,0,0,是-商品卡免佣,0.15,义乌市黎既电子商务商行（个体工商户）,订单结算
2026-04-20 07:37:36,'2026042007373302281807782131,入账,2.67,聚合账户,货款结算入账,小店自卖,'6951929481818150120,'6951929481818150120,'SS76295557403789560660018,2026-04-09 18:40:08,'3784368456477049055,韩国气质碎钻满天星抓夹女后脑勺半扎发鲨鱼夹发量少百搭发卡头饰,,,普通订单,2.69,0,0,0,0,0,0,0,0,0,0,0,-0.02,0,0,0,0,0,0,是-商品卡免佣,0.15,义乌市黎既电子商务商行（个体工商户）,订单结算
2026-04-20 07:37:50,'2026042007374819058526812131,入账,5.71,聚合账户,货款结算入账,小店自卖,'6925602788309498958,'6925602788309498958,'SS76296783715342300500208,2026-04-14 14:40:22,'3673057951649759338,小皮筋小女孩头绳发绳透明多彩小号一次性皮筋儿童橡皮筋发饰扎头,,,普通订单,5.74,1.15,0,0,0,0,0,0,0,0,0,0,-0.03,0,0,0,0,0,0,是-商品卡免佣,0.22,义乌市黎既电子商务商行（个体工商户）,订单结算
2026-04-20 07:37:50,'2026042007374737078349312131,入账,4.85,聚合账户,货款结算入账,小店自卖,'6952057500958660538,'6952057500958660538,'SS76296467431890990480000,2026-04-13 19:44:52,'3796640026289373330,蝴蝶结鸭嘴夹小香风毛呢爆款发夹后脑勺气质洋气盘发一字夹子,,,普通订单,4.88,0,0,0,0,0,0,0,0,0,0,0,-0.03,0,0,0,0,0,0,是-商品卡免佣,0.22,义乌市黎既电子商务商行（个体工商户）,订单结算
2026-04-20 07:37:51,'2026042007374823957179152131,入账,3.73,聚合账户,货款结算入账,小店自卖,'6925510350525136636,'6925510350525136636,'SS76296899804113638660208,2026-04-11 20:00:38,'3806839658764173323,明星同款高级银色金属小钢圈发扣发夹感洋气甜酷风刘海发夹扣发饰,,,普通订单,3.75,0,0,0,0,0,0,0,0,0,0,0,-0.02,0,0,0,0,0,0,是-商品卡免佣,0.15,义乌市黎既电子商务商行（个体工商户）,订单结算
2026-04-20 07:37:51,'2026042007374813883313152131,入账,4.49,聚合账户,货款结算入账,小店自卖,'6925582637620428106,'6925582637620428106,'SS76295341603576220160090,2026-04-14 00:49:46,'3806293802847699345,韩式豹纹波点褶皱高级扭扭马尾卡通风香蕉发夹后脑勺显发发卡头饰,,,普通订单,4.52,0,0,0,0,0,0,0,0,0,0,0,-0.03,0,0,0,0,0,0,是-商品卡免佣,0.22,义乌市黎既电子商务商行（个体工商户）,订单结算
2026-04-20 07:37:51,'2026042007374820176079742131,入账,2.67,聚合账户,货款结算入账,小店自卖,'6925469870568078397,'6925469870568078397,'SS76295560418269110390056,2026-04-09 23:51:17,'3784368456477049055,韩国气质碎钻满天星抓夹女后脑勺半扎发鲨鱼夹发量少百搭发卡头饰,,,普通订单,2.69,0,0,0,0,0,0,0,0,0,0,0,-0.02,0,0,0,0,0,0,是-商品卡免佣,0.15,义乌市黎既电子商务商行（个体工商户）,订单结算
2026-04-20 07:37:52,'2026042007375023571993872131,入账,3.01,聚合账户,货款结算入账,小店自卖,'6951946830241404422,'6951946830241404422,'SS76295533346070697360051,2026-04-09 20:30:58,'3677561914218643751,发饰交叉抓夹大号发夹新款盘发卡头饰女简约气质鲨鱼夹后脑勺发爪,,,普通订单,3.03,1.15,0,0,0,0,0,0,0,0,0,0,-0.02,0,0,0,0,0,0,是-商品卡免佣,0.15,义乌市黎既电子商务商行（个体工商户）,订单结算
2026-04-20 07:37:52,'2026042007374940023493532131,入账,3.5,聚合账户,货款结算入账,小店自卖,'6952092195759920564,'6952092195759920564,'SS76296723936232084990077,2026-04-15 21:26:50,'3763932448057065566,磨砂扭扭香蕉夹高马尾大号发夹后脑勺竖夹发卡韩国气质女夹子头饰,,,普通订单,3.52,0,0,0,0,0,0,0,0,0,0,0,-0.02,0,0,0,0,0,0,是-商品卡免佣,0.15,义乌市黎既电子商务商行（个体工商户）,订单结算
2026-04-20 07:37:52,'2026042007375014390892062131,入账,2.94,聚合账户,货款结算入账,小店自卖,'6951950294762723177,'6951950294762723177,'SS76296069165003945020027,2026-04-10 11:40:11,'3769870193174642697,2025春夏新款轻奢边夹时尚气质一字发夹女后脑勺扭扭夹女,,,普通订单,2.96,0,0,0,0,0,0,0,0,0,0,0,-0.02,0,0,0,0,0,0,是-商品卡免佣,0.15,义乌市黎既电子商务商行（个体工商户）,订单结算
2026-04-20 07:37:52,'2026042007374937473695062131,入账,3.57,聚合账户,货款结算入账,小店自卖,'6925608767201443575,'6925608767201443575,'SS76296970807390866180177,2026-04-15 07:51:18,'3742855097806356764,秋冬时尚盘发夹高级丸子头抓夹气质蝴蝶结后脑勺发饰通用发卡发饰,,,普通订单,3.59,0,0,0,0,0,0,0,0,0,0,0,-0.02,0,0,0,0,0,0,是-商品卡免佣,0.15,义乌市黎既电子商务商行（个体工商户）,订单结算
2026-04-20 07:37:52,'2026042007375030117565442131,入账,5.31,聚合账户,货款结算入账,小店自卖,'6925477069860601493,'6925477069860601493,'SS76296546241789959680239,2026-04-10 09:45:36,'3766001784691229117,夏天简约随手盘发一字扭扭夹水钻抓夹高级发夹扭扭后脑勺盘发器,,,普通订单,5.34,0,0,0,0,0,0,0,0,0,0,0,-0.03,0,0,0,0,0,0,是-商品卡免佣,0.22,义乌市黎既电子商务商行（个体工商户）,订单结算
2026-04-20 07:37:52,'2026042007375002191529112131,入账,3.9,聚合账户,货款结算入账,小店自卖,'6925601847388700001,'6925601847388700001,'SS76296831874422873700036,2026-04-15 08:11:54,'3780082993918509483,束发带洗脸简约敷面膜头箍头套韩版学生发饰休闲百搭男女洗发头箍,,,普通订单,3.92,0,0,0,0,0,0,0,0,0,0,0,-0.02,0,0,0,0,0,0,是-商品卡免佣,0.15,义乌市黎既电子商务商行（个体工商户）,订单结算
2026-04-20 07:37:52,'2026042007374930707719832131,入账,10.88,聚合账户,货款结算入账,小店自卖,'6925465134026357783,'6925465134026357783,'SS76296506949289251990246,2026-04-09 20:04:33,'3796640026289373330,蝴蝶结鸭嘴夹小香风毛呢爆款发夹后脑勺气质洋气盘发一字夹子,,,普通订单,10.95,0,0,0,0,0,0,0,0,0,0,0,-0.07,0,0,0,0,0,0,是-商品卡免佣,0.51,义乌市黎既电子商务商行（个体工商户）,订单结算
2026-04-20 07:37:52,'2026042007375002860649312131,入账,3.56,聚合账户,货款结算入账,精选联盟,'6925570851415883497,'6925570851415883497,'SS76297018698411548350212,2026-04-13 19:11:38,'3806479482789953902,新款蓝楹蝶!甜美氛围感头花侧边夹旅行发卡！早春气质蓝色花朵发夹,'0,,普通订单,3.96,0,0,0,0,0,0,0,0,0,0,0,-0.2,0,0,0,0,-0.2,0,,0,义乌市黎既电子商务商行（个体工商户）,订单结算
2026-04-20 07:37:52,'2026042007374924642074012131,入账,5.53,聚合账户,货款结算入账,小店自卖,'6952027889299363738,'6952027889299363738,'SS76294890455796452350156,2026-04-13 06:56:21,'3784212171265802285,同款疯狂动物尼克耳朵毛绒发圈头绳秋冬皮筋可爱发绳卡通大肠发饰,,,普通订单,5.56,0.8,0,0,0,0,0,0,0,0,0,0,-0.03,0,0,0,0,0,0,是-商品卡免佣,0.22,义乌市黎既电子商务商行（个体工商户）,订单结算
2026-04-20 07:37:52,'2026042007375022489011542131,入账,8.41,聚合账户,货款结算入账,小店自卖,'6925492697845169176,'6925492697845169176,'SS76296596209193661630082,2026-04-10 15:57:20,'3673976773902729360,发夹女后脑勺珍珠发卡大号盘发鲨鱼夹韩国ins网红气质头饰抓发夹,,,普通订单,8.46,0.9,0,0,0,0,0,0,0,0,0,0,-0.05,0,0,0,0,0,0,是-商品卡免佣,0.37,义乌市黎既电子商务商行（个体工商户）,订单结算
2026-04-20 07:38:07,'2026042007380432644631042131,入账,3,聚合账户,货款结算入账,小店自卖,'6951970238567879905,'6951970238567879905,'SS76295991332046484840116,2026-04-10 13:02:56,'3796640026289373330,蝴蝶结鸭嘴夹小香风毛呢爆款发夹后脑勺气质洋气盘发一字夹子,,,普通订单,0.16,0,0,3,0,0,0,0,0,0,0,0,-0.16,0,0,0,0,0,0,,0,义乌市黎既电子商务商行（个体工商户）,订单结算
2026-04-20 07:38:07,'2026042007380424332044892131,入账,1.94,聚合账户,货款结算入账,小店自卖,'6925669506648866091,'6925669506648866091,'SS76296357350118036900095,2026-04-17 16:01:32,'3763932675732275215,简约高马尾香蕉夹抓夹女高级感2025新款大号一字扭扭夹发夹发饰夏,,,普通订单,0.01,0,0,1.94,0,0,0,0,0,0,0,0,-0.01,0,0,0,0,0,0,是-商品卡免佣,0.07,义乌市黎既电子商务商行（个体工商户）,订单结算
2026-04-20 07:38:07,'2026042007380502685176862131,入账,4.69,聚合账户,货款结算入账,精选联盟,'6952033483275244785,'6952033483275244785,'SS76296625918956342390103,2026-04-13 20:06:17,'3750791789322306375,刘海夹前额洋气闪钻轻奢植绒复古夹子双层侧边夹碎发整理夹子女,'0,,普通订单,2.48,0.45,0,2.87,0,0,0,0,0,0,0,0,-0.27,0,0,0,0,-0.39,0,,0,义乌市黎既电子商务商行（个体工商户）,订单结算
2026-04-20 07:38:07,'2026042007380508058148242131,入账,4.3,聚合账户,货款结算入账,精选联盟,'6952039800103573416,'6952039800103573416,'SS76297212435161421140034,2026-04-13 17:39:58,'3751345399902896376,儿童发饰后脑勺碎发神器发梳女童刘海插梳整理发卡网红发夹头饰女,'0,,普通订单,3.59,0.55,0,1.3,0,0,0,0,0,0,0,0,-0.24,0,0,0,0,-0.35,0,,0,义乌市黎既电子商务商行（个体工商户）,订单结算
2026-04-20 07:38:07,'2026042007380432393630992131,入账,5.38,聚合账户,货款结算入账,小店自卖,'6925541363058572690,'6925541363058572690,'SS76295844189908342260029,2026-04-12 12:34:02,'3677490579148767575,女童刘海夹发卡发小女孩碎发整理神器夹后脑勺隐形倒插梳可爱女生,,,普通订单,3.41,0,0,2,0,0,0,0,0,0,0,0,-0.03,0,0,0,0,0,0,是-商品卡免佣,0.22,义乌市黎既电子商务商行（个体工商户）,订单结算
2026-04-20 07:38:07,'2026042007380303336320462131,入账,2.45,聚合账户,货款结算入账,小店自卖,'6925496722015944457,'6925496722015944457,'SS76296319942560650640146,2026-04-10 13:38:26,'3809235146834575749,可爱新春小狗香蕉夹女高马尾扭扭夹红色竖夹高级感2026韩新款发夹,,,普通订单,0.01,0,0,2.57,0,0,0,0,0,0,0,0,-0.13,0,0,0,0,0,0,,0,义乌市黎既电子商务商行（个体工商户）,订单结算
2026-04-20 07:38:07,'2026042007380504877727232131,入账,2.07,聚合账户,货款结算入账,精选联盟,'6925593651636174782,'6925593651636174782,'SS76295678148939123300033,2026-04-14 14:52:42,'3782115864158011677,新款大号花朵头发夹子发卡子网红爆款妈妈抓夹女后脑勺盘发鸭嘴夹,'0,,普通订单,1.62,0,0,0.69,0,0,0,0,0,0,0,0,-0.12,0,0,0,0,-0.12,0,,0,义乌市黎既电子商务商行（个体工商户）,订单结算
2026-04-20 07:38:07,'2026042007380508054707602131,入账,3.86,聚合账户,货款结算入账,精选联盟,'6952055301181019255,'6952055301181019255,'SS76296556077965970330236,2026-04-13 18:23:44,'3766725340643328230,网红高级感金属发夹女后脑勺抓夹扣盘发气质发卡发饰一字夹扭扭夹,'0,,普通订单,3.15,0.55,0,1.11,0,0,0,0,0,0,0,0,-0.21,0,0,0,0,-0.19,0,,0,义乌市黎既电子商务商行（个体工商户）,订单结算
2026-04-20 07:38:07,'2026042007380513843827302131,入账,2.67,聚合账户,货款结算入账,小店自卖,'6925480780425624903,'6925480780425624903,'SS76295561989311372860031,2026-04-10 06:07:57,'3784368456477049055,韩国气质碎钻满天星抓夹女后脑勺半扎发鲨鱼夹发量少百搭发卡头饰,,,普通订单,0.01,0,0,2.68,0,0,0,0,0,0,0,0,-0.02,0,0,0,0,0,0,是-商品卡免佣,0.15,义乌市黎既电子商务商行（个体工商户）,订单结算
2026-04-20 07:38:07,'2026042007380334403333222131,入账,2.56,聚合账户,货款结算入账,小店自卖,'6925570893734051333,'6925570893734051333,'SS76297235049543273420145,2026-04-13 19:35:57,'3809235146834575749,可爱新春小狗香蕉夹女高马尾扭扭夹红色竖夹高级感2026韩新款发夹,,,普通订单,0.01,0,0,2.57,0,0,0,0,0,0,0,0,-0.02,0,0,0,0,0,0,是-商品卡免佣,0.15,义乌市黎既电子商务商行（个体工商户）,订单结算
2026-04-20 07:38:19,'2026042007381609576657982131,入账,4.23,聚合账户,货款结算入账,小店自卖,'6925498995091734169,'6925498995091734169,'SS76296601315468784640147,2026-04-10 15:36:17,'3766725340643328230,网红高级感金属发夹女后脑勺抓夹扣盘发气质发卡发饰一字夹扭扭夹,,,普通订单,4.26,0.55,0,0,0,0,0,0,0,0,0,0,-0.03,0,0,0,0,0,0,是-商品卡免佣,0.22,义乌市黎既电子商务商行（个体工商户）,订单结算
2026-04-20 07:38:20,'2026042007381734603338242131,入账,2.67,聚合账户,货款结算入账,小店自卖,'6951950506549384446,'6951950506549384446,'SS76296191654431462660024,2026-04-10 13:13:46,'3784368456477049055,韩国气质碎钻满天星抓夹女后脑勺半扎发鲨鱼夹发量少百搭发卡头饰,,,普通订单,2.69,0,0,0,0,0,0,0,0,0,0,0,-0.02,0,0,0,0,0,0,是-商品卡免佣,0.15,义乌市黎既电子商务商行（个体工商户）,订单结算
2026-04-20 07:38:20,'2026042007381703783237472131,入账,2.56,聚合账户,货款结算入账,小店自卖,'6952072864946590804,'6952072864946590804,'SS76296878591584507380232,2026-04-15 01:19:06,'3809235146834575749,可爱新春小狗香蕉夹女高马尾扭扭夹红色竖夹高级感2026韩新款发夹,,,普通订单,2.58,0,0,0,0,0,0,0,0,0,0,0,-0.02,0,0,0,0,0,0,是-商品卡免佣,0.15,义乌市黎既电子商务商行（个体工商户）,订单结算
2026-04-20 07:38:20,'2026042007381707561098592131,入账,3.71,聚合账户,货款结算入账,小店自卖,'6951828922099438951,'6951828922099438951,'SS76295326425064412660150,2026-04-04 22:53:42,'3807732934811713667,新款牡丹花羽毛抓夹女高颜值轻奢时尚百搭鲨鱼夹发饰头饰夹发神器,,,普通订单,3.91,0,0,0,0,0,0,0,0,0,0,0,-0.2,0,0,0,0,0,0,,0,义乌市黎既电子商务商行（个体工商户）,订单结算
2026-04-20 07:38:20,'2026042007381707313167882131,入账,2.67,聚合账户,货款结算入账,小店自卖,'6951922826633156076,'6951922826633156076,'SS76295558629416351180106,2026-04-09 20:31:11,'3784368456477049055,韩国气质碎钻满天星抓夹女后脑勺半扎发鲨鱼夹发量少百搭发卡头饰,,,普通订单,2.69,0,0,0,0,0,0,0,0,0,0,0,-0.02,0,0,0,0,0,0,是-商品卡免佣,0.15,义乌市黎既电子商务商行（个体工商户）,订单结算
2026-04-20 07:38:21,'2026042007381825636375392131,入账,3.28,聚合账户,货款结算入账,精选联盟,'6925573494276586873,'6925573494276586873,'SS76296618919169725800001,2026-04-13 21:53:29,'3797356982973890685,韩系可爱小熊格纹发夹女后脑勺马尾竖夹盘发香蕉夹甜美发卡子发饰,'0,,普通订单,0.64,0,0,3,0,0,0,0,0,0,0,0,-0.18,0,0,0,0,-0.18,0,,0,义乌市黎既电子商务商行（个体工商户）,订单结算
2026-04-20 07:38:21,'2026042007381813431611232131,入账,2.56,聚合账户,货款结算入账,小店自卖,'6925602800709369359,'6925602800709369359,'SS76297344213733422590179,2026-04-14 14:44:09,'3784368456477049055,韩国气质碎钻满天星抓夹女后脑勺半扎发鲨鱼夹发量少百搭发卡头饰,,,普通订单,0.01,0,0,2.68,0,0,0,0,0,0,0,0,-0.13,0,0,0,0,0,0,,0,义乌市黎既电子商务商行（个体工商户）,订单结算
2026-04-20 07:38:21,'2026042007381840981140882131,入账,2.67,聚合账户,货款结算入账,小店自卖,'6925577417127132710,'6925577417127132710,'SS76295441651273897460125,2026-04-13 20:25:21,'3784368456477049055,韩国气质碎钻满天星抓夹女后脑勺半扎发鲨鱼夹发量少百搭发卡头饰,,,普通订单,0.01,0,0,2.68,0,0,0,0,0,0,0,0,-0.02,0,0,0,0,0,0,是-商品卡免佣,0.15,义乌市黎既电子商务商行（个体工商户）,订单结算
2026-04-20 07:38:21,'2026042007381816200340882131,入账,2.67,聚合账户,货款结算入账,小店自卖,'6925575372588285145,'6925575372588285145,'SS76295563780141386340065,2026-04-13 21:51:33,'3784368456477049055,韩国气质碎钻满天星抓夹女后脑勺半扎发鲨鱼夹发量少百搭发卡头饰,,,普通订单,2.69,0,0,0,0,0,0,0,0,0,0,0,-0.02,0,0,0,0,0,0,是-商品卡免佣,0.15,义乌市黎既电子商务商行（个体工商户）,订单结算
2026-04-20 07:38:21,'2026042007381734828951382131,入账,2.56,聚合账户,货款结算入账,小店自卖,'6952054536587056361,'6952054536587056361,'SS76295829971634593280027,2026-04-14 12:18:31,'3784368456477049055,韩国气质碎钻满天星抓夹女后脑勺半扎发鲨鱼夹发量少百搭发卡头饰,,,普通订单,0.01,0,0,2.68,0,0,0,0,0,0,0,0,-0.13,0,0,0,0,0,0,,0,义乌市黎既电子商务商行（个体工商户）,订单结算
2026-04-20 07:38:25,'2026042007382306882309272131,入账,3.84,聚合账户,货款结算入账,小店自卖,'6951951898464032050,'6951951898464032050,'SS76295522536782564180023,2026-04-10 00:02:58,'3750791789322306375,刘海夹前额洋气闪钻轻奢植绒复古夹子双层侧边夹碎发整理夹子女,,,普通订单,3.86,0.45,0,0,0,0,0,0,0,0,0,0,-0.02,0,0,0,0,0,0,是-商品卡免佣,0.15,义乌市黎既电子商务商行（个体工商户）,订单结算
2026-04-20 07:38:25,'2026042007382219808793752131,入账,3.61,聚合账户,货款结算入账,小店自卖,'6951946963648845062,'6951946963648845062,'SS76281974289576599040172,2026-04-09 21:15:26,'3808334646693986544,新款水钻珠子花朵后脑勺洋气盘发夹时尚半扎鲨鱼夹6厘米~中号抓夹,,,普通订单,4.8,0,0,0,0,0,0,0,0,0,0,-1,-0.19,0,0,0,0,0,0,,0,义乌市黎既电子商务商行（个体工商户）,订单结算
2026-04-20 07:38:25,'2026042007382237209869202131,入账,3.75,聚合账户,货款结算入账,小店自卖,'6951940995922466009,'6951940995922466009,'SS76296149871661061180156,2026-04-10 03:36:37,'3746150076641313252,网红简约ins纯色宽边发带高颅顶白色发箍女运动健身夏季头饰发饰,,,普通订单,3.77,0.9,0,0,0,0,0,0,0,0,0,0,-0.02,0,0,0,0,0,0,是-商品卡免佣,0.15,义乌市黎既电子商务商行（个体工商户）,订单结算
2026-04-20 07:38:25,'2026042007382238849585142131,入账,4.07,聚合账户,货款结算入账,小店自卖,'6925482398986239542,'6925482398986239542,'SS76295533363295728790066,2026-04-09 20:29:22,'3673607243682676924,可爱仿真食物迷你夹奇奇怪怪瓜子玉米发夹搞怪食玩米饭荷包蛋夹子,,,普通订单,4.09,0,0,0,0,0,0,0,0,0,0,0,-0.02,0,0,0,0,0,0,是-商品卡免佣,0.15,义乌市黎既电子商务商行（个体工商户）,订单结算
2026-04-20 07:38:25,'2026042007382205509619542131,入账,1.28,聚合账户,货款结算入账,小店自卖,'6951922506535998705,'6951922506535998705,'SS76284114094621988180094,2026-04-09 16:44:01,'3796640026289373330,蝴蝶结鸭嘴夹小香风毛呢爆款发夹后脑勺气质洋气盘发一字夹子,,,普通订单,2.79,0,0,0,0,0,0,0,0,0,0,-1.5,-0.01,0,0,0,0,0,0,是-商品卡免佣,0.07,义乌市黎既电子商务商行（个体工商户）,订单结算
2026-04-20 07:38:37,'2026042007383416713976472131,入账,3.67,聚合账户,货款结算入账,小店自卖,'6951944874558100900,'6951944874558100900,'SS76295533946993587660056,2026-04-09 18:55:08,'3677523184426549486,韩国字母黑色抓夹高级感气质鲨鱼夹2024春夏扎头发女后脑勺大号,,,普通订单,3.69,1.15,0,0,0,0,0,0,0,0,0,0,-0.02,0,0,0,0,0,0,是-商品卡免佣,0.15,义乌市黎既电子商务商行（个体工商户）,订单结算
2026-04-20 07:38:37,'2026042007383424838804632131,入账,3.59,聚合账户,货款结算入账,小店自卖,'6925487370566401826,'6925487370566401826,'SS76295944046553502820163,2026-04-10 08:44:21,'3766001784691229117,夏天简约随手盘发一字扭扭夹水钻抓夹高级发夹扭扭后脑勺盘发器,,,普通订单,3.61,0.69,0,0,0,0,0,0,0,0,0,0,-0.02,0,0,0,0,0,0,是-商品卡免佣,0.15,义乌市黎既电子商务商行（个体工商户）,订单结算
2026-04-20 07:38:37,'2026042007383402736993282131,入账,3.59,聚合账户,货款结算入账,小店自卖,'6925582796346130162,'6925582796346130162,'SS76296555189355975770092,2026-04-14 07:05:39,'3766001784691229117,夏天简约随手盘发一字扭扭夹水钻抓夹高级发夹扭扭后脑勺盘发器,,,普通订单,3.61,0.69,0,0,0,0,0,0,0,0,0,0,-0.02,0,0,0,0,0,0,是-商品卡免佣,0.15,义乌市黎既电子商务商行（个体工商户）,订单结算
2026-04-20 07:38:37,'2026042007383411876278102131,入账,4.9,聚合账户,货款结算入账,小店自卖,'6925300518934510993,'6925300518934510993,'SS76270060212040381850103,2026-04-02 18:59:37,'3806817990763217240,整理神器~可爱蝴蝶结小猫无痕刘海贴魔术贴发饰女前额侧边碎发贴,,,普通订单,4.93,0,0,0,0,0,0,0,0,0,0,0,-0.03,0,0,0,0,0,0,是-商品卡免佣,0.22,义乌市黎既电子商务商行（个体工商户）,订单结算
2026-04-20 07:38:37,'2026042007383428276536672131,入账,0.91,聚合账户,货款结算入账,小店自卖,'6951943599370999510,'6951943599370999510,'SS76277264253819461580137,2026-04-10 14:08:44,'3806280662462366067,kitty猫~刘海贴精致可爱甜美少女棉花糖猫兔碎发贴魔术贴无痕发饰,,,普通订单,1.96,0,0,0,0,0,0,0,0,0,0,-1,-0.05,0,0,0,0,0,0,,0,义乌市黎既电子商务商行（个体工商户）,订单结算
2026-04-20 07:38:50,'2026042007384719088184662131,入账,4.85,聚合账户,货款结算入账,小店自卖,'6951979259399771576,'6951979259399771576,'SS76295881597742123870091,2026-04-11 19:13:29,'3796640026289373330,蝴蝶结鸭嘴夹小香风毛呢爆款发夹后脑勺气质洋气盘发一字夹子,,,普通订单,2.88,0,0,0,0,0,0,0,0,2,0,0,-0.03,0,0,0,0,0,0,是-商品卡免佣,0.22,义乌市黎既电子商务商行（个体工商户）,订单结算
2026-04-20 07:38:50,'2026042007384715524339742131,入账,6.54,聚合账户,货款结算入账,小店自卖,'6925495683413540512,'6925495683413540512,'SS76294420963491023740229,2026-04-11 00:37:53,'3806450472450130341,新款复古抓夹女豹纹蝴蝶结鲨鱼夹2026后脑勺盘发发夹高级感发饰,,,普通订单,6.58,0,0,0,0,0,0,0,0,0,0,0,-0.04,0,0,0,0,0,0,是-商品卡免佣,0.29,义乌市黎既电子商务商行（个体工商户）,订单结算
2026-04-20 07:38:50,'2026042007384822527514012131,入账,3.75,聚合账户,货款结算入账,小店自卖,'6925570635959271236,'6925570635959271236,'SS76296411166689531340012,2026-04-13 17:05:50,'3746150076641313252,网红简约ins纯色宽边发带高颅顶白色发箍女运动健身夏季头饰发饰,,,普通订单,3.77,0.9,0,0,0,0,0,0,0,0,0,0,-0.02,0,0,0,0,0,0,是-商品卡免佣,0.15,义乌市黎既电子商务商行（个体工商户）,订单结算
2026-04-20 07:38:50,'2026042007384806379773842131,入账,2.81,聚合账户,货款结算入账,小店自卖,'6951949636816868844,'6951949636816868844,'SS76295728742523213070214,2026-04-09 23:29:56,'3790878995596312771,韩系黑色波点布艺褶皱高马尾香蕉夹竖夹新款豹纹发夹气质百搭发饰,,,普通订单,2.83,0.39,0,0,0,0,0,0,0,0,0,0,-0.02,0,0,0,0,0,0,是-商品卡免佣,0.15,义乌市黎既电子商务商行（个体工商户）,订单结算
2026-04-20 07:38:50,'2026042007384721108495362131,入账,6.18,聚合账户,货款结算入账,小店自卖,'6951945198756041765,'6951945198756041765,'SS76295535473323707260192,2026-04-09 21:39:16,'3673424694561865791,薄款牛油果绿系列小丝巾缠包模特搭配装饰品扎头发绑发飘带发带,,,普通订单,6.22,1.55,0,0,0,0,0,0,0,0,0,0,-0.04,0,0,0,0,0,0,是-商品卡免佣,0.29,义乌市黎既电子商务商行（个体工商户）,订单结算
2026-04-20 07:39:03,'2026042007390036453095032131,入账,6.93,聚合账户,货款结算入账,小店自卖,'6925470145670577846,'6925470145670577846,'SS76295510842527424380091,2026-04-10 07:55:39,'3673662071062528248,儿童发夹女孩可爱超萌立体兔子毛绒发卡女童不伤发秋冬刘海夹发饰,,,普通订单,6.97,0,0,0,0,0,0,0,0,0,0,0,-0.04,0,0,0,0,0,0,是-商品卡免佣,0.29,义乌市黎既电子商务商行（个体工商户）,订单结算
2026-04-20 07:39:03,'2026042007390014400064412131,入账,1.75,聚合账户,货款结算入账,小店自卖,'6925496530788056964,'6925496530788056964,'SS76296067552489802600209,2026-04-10 12:12:46,'3673663020057362597,可爱小兔子发夹女童头饰宝宝立体发卡暖手刘海夹秋季毛绒发饰女,,,普通订单,1.76,0.55,0,0,0,0,0,0,0,0,0,0,-0.01,0,0,0,0,0,0,是-商品卡免佣,0.07,义乌市黎既电子商务商行（个体工商户）,订单结算
2026-04-20 07:39:03,'2026042007390030755556272131,入账,2.43,聚合账户,货款结算入账,小店自卖,'6925487034261339667,'6925487034261339667,'SS76295560558446840590010,2026-04-10 01:41:34,'3784368456477049055,韩国气质碎钻满天星抓夹女后脑勺半扎发鲨鱼夹发量少百搭发卡头饰,,,普通订单,2.69,0,0,0,0,0,0,0,0,0,0,0,-0.13,0,0,0,0,-0.13,0,,0,义乌市黎既电子商务商行（个体工商户）,订单结算
2026-04-20 07:39:03,'2026042007390112466263442131,入账,3.46,聚合账户,货款结算入账,小店自卖,'6952026083917043082,'6952026083916912010,'SS76295781569502295460010,2026-04-13 15:19:55,'3678113020875243846,黑色发夹女侧边浏海夹子后脑勺碎发整理神器2024年新款一字夹发夹,,,普通订单,3.48,0,0,0,0,0,0,0,0,0,0,0,-0.02,0,0,0,0,0,0,是-商品卡免佣,0.15,义乌市黎既电子商务商行（个体工商户）,订单结算
2026-04-20 07:39:03,'2026042007390031127680192131,入账,3.75,聚合账户,货款结算入账,小店自卖,'6925476285831871902,'6925476285831871902,'SS76296149860334310550109,2026-04-09 21:48:55,'3746150076641313252,网红简约ins纯色宽边发带高颅顶白色发箍女运动健身夏季头饰发饰,,,普通订单,3.77,0.9,0,0,0,0,0,0,0,0,0,0,-0.02,0,0,0,0,0,0,是-商品卡免佣,0.15,义乌市黎既电子商务商行（个体工商户）,订单结算
2026-04-20 07:40:22,'2026042007401909618232742131,入账,5.05,聚合账户,货款结算入账,小店自卖,'6925485270626369155,'6925485270626369155,'SS76295992331544540570066,2026-04-10 10:30:13,'3673976773902729360,发夹女后脑勺珍珠发卡大号盘发鲨鱼夹韩国ins网红气质头饰抓发夹,,,普通订单,5.08,0.9,0,0,0,0,0,0,0,0,0,0,-0.03,0,0,0,0,0,0,是-商品卡免佣,0.22,义乌市黎既电子商务商行（个体工商户）,订单结算
2026-04-20 07:40:22,'2026042007402026592386622131,入账,2.67,聚合账户,货款结算入账,小店自卖,'6925463208393342216,'6925463208393342216,'SS76295560558447659790233,2026-04-10 01:56:04,'3784368456477049055,韩国气质碎钻满天星抓夹女后脑勺半扎发鲨鱼夹发量少百搭发卡头饰,,,普通订单,2.69,0,0,0,0,0,0,0,0,0,0,0,-0.02,0,0,0,0,0,0,是-商品卡免佣,0.15,义乌市黎既电子商务商行（个体工商户）,订单结算
2026-04-20 07:40:22,'2026042007402016861596792131,入账,3.95,聚合账户,货款结算入账,小店自卖,'6925496799790136894,'6925496799790136894,'SS76296187196520701870208,2026-04-10 14:29:39,'3806293802847699345,韩式豹纹波点褶皱高级扭扭马尾卡通风香蕉发夹后脑勺显发发卡头饰,,,普通订单,3.97,0,0,0,0,0,0,0,0,0,0,0,-0.02,0,0,0,0,0,0,是-商品卡免佣,0.15,义乌市黎既电子商务商行（个体工商户）,订单结算
2026-04-20 07:40:22,'2026042007401938507486982131,入账,5.5,聚合账户,货款结算入账,小店自卖,'6951932213203900002,'6951932213203900002,'SS76295572992017741300197,2026-04-10 04:46:02,'3752293679340060898,网红爆款高贵轻奢头饰花瓣羽毛珠珠流苏抓夹后脑勺盘发发卡鲨鱼夹,,,普通订单,5.79,1.55,0,0,0,0,0,0,0,0,0,0,-0.29,0,0,0,0,0,0,,0,义乌市黎既电子商务商行（个体工商户）,订单结算
2026-04-20 07:40:22,'2026042007402004536898832131,入账,2.56,聚合账户,货款结算入账,小店自卖,'6952002349116888444,'6952002349116888444,'SS76296819361557384100064,2026-04-12 11:32:03,'3809235146834575749,可爱新春小狗香蕉夹女高马尾扭扭夹红色竖夹高级感2026韩新款发夹,,,普通订单,2.58,0,0,0,0,0,0,0,0,0,0,0,-0.02,0,0,0,0,0,0,是-商品卡免佣,0.15,义乌市黎既电子商务商行（个体工商户）,订单结算
2026-04-20 07:40:35,'2026042007403217196982182131,入账,2.67,聚合账户,货款结算入账,小店自卖,'6951954722797131712,'6951954722797131712,'SS76296191358191539550064,2026-04-10 12:29:44,'3784368456477049055,韩国气质碎钻满天星抓夹女后脑勺半扎发鲨鱼夹发量少百搭发卡头饰,,,普通订单,2.69,0,0,0,0,0,0,0,0,0,0,0,-0.02,0,0,0,0,0,0,是-商品卡免佣,0.15,义乌市黎既电子商务商行（个体工商户）,订单结算
2026-04-20 07:40:35,'2026042007403113270228892131,入账,2.81,聚合账户,货款结算入账,小店自卖,'6951954021769286758,'6951954021769286758,'SS76295535675688596860093,2026-04-09 23:54:55,'3767836959792300411,法式高级感超大号弧形抓夹女新款后脑勺盘发夹发量大鲨鱼夹发卡夹,,,普通订单,2.83,0,0,0,0,0,0,0,0,0,0,0,-0.02,0,0,0,0,0,0,是-商品卡免佣,0.15,义乌市黎既电子商务商行（个体工商户）,订单结算
2026-04-20 07:40:35,'2026042007403230425626022131,入账,11.04,聚合账户,货款结算入账,小店自卖,'6951944588430611527,'6951944588430611527,'SS76295517165524913070196,2026-04-09 15:18:11,'3673424694561865791,薄款牛油果绿系列小丝巾缠包模特搭配装饰品扎头发绑发飘带发带,,,普通订单,11.11,1.55,0,0,0,0,0,0,0,0,0,0,-0.07,0,0,0,0,0,0,是-商品卡免佣,0.51,义乌市黎既电子商务商行（个体工商户）,订单结算
2026-04-20 07:40:35,'2026042007403103157079672131,入账,4.15,聚合账户,货款结算入账,小店自卖,'6951557008370701662,'6951557008370701662,'SS76295519866434854830216,2026-03-26 02:57:28,'3783820390732792146,豹纹镂空云朵抓夹女高级感2025新款秋冬发量大后脑勺鲨鱼夹子发饰,,,普通订单,4.18,0,0,0,0,0,0,0,0,0,0,0,-0.03,0,0,0,0,0,0,是-商品卡免佣,0.22,义乌市黎既电子商务商行（个体工商户）,订单结算
2026-04-20 07:40:35,'2026042007403015780421752131,入账,4.6,聚合账户,货款结算入账,小店自卖,'6952049125264856422,'6952049125264856422,'SS76295660726602964840211,2026-04-13 23:05:39,'3761395105840365661,高级感水钻满天星发夹女后脑勺盘发神器发卡青蛙夹扭扭夹发卡头饰,,,普通订单,4.63,0,0,0,0,0,0,0,0,0,0,0,-0.03,0,0,0,0,0,0,是-商品卡免佣,0.22,义乌市黎既电子商务商行（个体工商户）,订单结算
2026-04-20 07:40:38,'2026042007403611247662272131,入账,3.84,聚合账户,货款结算入账,小店自卖,'6951961520089929350,'6951961520089929350,'SS76296602337107151710044,2026-04-10 16:59:08,'3750791789322306375,刘海夹前额洋气闪钻轻奢植绒复古夹子双层侧边夹碎发整理夹子女,,,普通订单,3.86,0.45,0,0,0,0,0,0,0,0,0,0,-0.02,0,0,0,0,0,0,是-商品卡免佣,0.15,义乌市黎既电子商务商行（个体工商户）,订单结算
2026-04-20 07:40:38,'2026042007403606466483262131,入账,5.33,聚合账户,货款结算入账,小店自卖,'6925498998725246072,'6925498998725246072,'SS76296603079756029840028,2026-04-10 15:43:01,'3764487413725004047,秋冬复古链条字母抓夹女小号后脑勺半扎发鲨鱼夹网红新款发饰头饰,,,普通订单,5.36,0,0,0,0,0,0,0,0,0,0,0,-0.03,0,0,0,0,0,0,是-商品卡免佣,0.22,义乌市黎既电子商务商行（个体工商户）,订单结算
2026-04-20 07:40:38,'2026042007403541451522992131,入账,5.08,聚合账户,货款结算入账,小店自卖,'6925481691269332650,'6925481691269332650,'SS76296321283928929800148,2026-04-10 13:24:03,'3746150076641313252,网红简约ins纯色宽边发带高颅顶白色发箍女运动健身夏季头饰发饰,,,普通订单,5.11,0.9,0,0,0,0,0,0,0,0,0,0,-0.03,0,0,0,0,0,0,是-商品卡免佣,0.22,义乌市黎既电子商务商行（个体工商户）,订单结算
2026-04-20 07:40:38,'2026042007403516698905792131,入账,3.63,聚合账户,货款结算入账,小店自卖,'6951953645271258546,'6951953645271258546,'SS76295534449779840510125,2026-04-09 19:49:34,'3807763574974186291,气质高级亮黑色大号鲨鱼抓夹女后脑勺时尚发卡巨能抓头饰2026新款,,,普通订单,3.65,0,0,0,0,0,0,0,0,0,0,0,-0.02,0,0,0,0,0,0,是-商品卡免佣,0.15,义乌市黎既电子商务商行（个体工商户）,订单结算
2026-04-20 07:40:38,'2026042007403509500800062131,入账,4.28,聚合账户,货款结算入账,小店自卖,'6951915582557460287,'6951915582557460287,'SS76295517285063562580118,2026-04-09 15:48:00,'3745788060114223511,五角星星水钻发夹女碎发刘海夹子满钻镂空侧边夹后脑勺发卡bb夹,,,普通订单,4.51,0,0,0,0,0,0,0,0,0,0,0,-0.23,0,0,0,0,0,0,,0,义乌市黎既电子商务商行（个体工商户）,订单结算
2026-04-20 07:40:55,'2026042007405134546163542131,入账,2.26,聚合账户,货款结算入账,小店自卖,'6951940200133891619,'6951940200133891619,'SS76295727881323852990001,2026-04-09 16:18:47,'3782115499152900523,复古豹纹波点褶皱香蕉夹女高级感马尾扭扭竖夹后脑勺显发量发卡,,,普通订单,2.27,0,0,0,0,0,0,0,0,0,0,0,-0.01,0,0,0,0,0,0,是-商品卡免佣,0.07,义乌市黎既电子商务商行（个体工商户）,订单结算
2026-04-20 07:40:55,'2026042007405216163638112131,入账,9.91,聚合账户,货款结算入账,小店自卖,'6951954338411452063,'6951954338411452063,'SS76295522360116022160138,2026-04-10 07:49:02,'3673408491764187160,头绳女2024新款清新韩版网红ins发圈简约水晶扎头发皮筋手链发绳~,,,普通订单,9.97,0.95,0,0,0,0,0,0,0,0,0,0,-0.06,0,0,0,0,0,0,是-商品卡免佣,0.44,义乌市黎既电子商务商行（个体工商户）,订单结算
2026-04-20 07:40:55,'2026042007405212013409432131,入账,2.57,聚合账户,货款结算入账,小店自卖,'6952024487826757244,'6952024487826757244,'SS76296168847025605640096,2026-04-12 16:15:42,'3776769957262655877,美拉德宽边软面毛绒发箍女秋冬柔软不勒头发卡气质高颅顶发捆头箍,,,普通订单,2.59,0,0,0,0,0,0,0,0,0,0,0,-0.02,0,0,0,0,0,0,是-商品卡免佣,0.15,义乌市黎既电子商务商行（个体工商户）,订单结算
2026-04-20 07:40:55,'2026042007405230290253142131,入账,3.96,聚合账户,货款结算入账,小店自卖,'6951932067801208442,'6951932067801142906,'SS76296000225267881320003,2026-04-09 23:42:13,'3673489282238119965,发带女绑发仙女水果飘带网红发绳百搭薄小丝巾发带女夏季外出编发,,,普通订单,3.98,0,0,0,0,0,0,0,0,0,0,0,-0.02,0,0,0,0,0,0,是-商品卡免佣,0.15,义乌市黎既电子商务商行（个体工商户）,订单结算
2026-04-20 07:40:55,'2026042007405229136533112131,入账,3.68,聚合账户,货款结算入账,小店自卖,'6925488195999661311,'6925488195999661311,'SS76296598824611518070238,2026-04-10 14:24:44,'3673388116573553024,花朵儿童盘发神器新款宝宝丸子头盘发器宝宝扎头神器头饰发饰女孩,,,普通订单,3.87,0.55,0,0,0,0,0,0,0,0,0,0,-0.19,0,0,0,0,0,0,,0,义乌市黎既电子商务商行（个体工商户）,订单结算
2026-04-20 07:41:06,'2026042007410415694236522131,入账,1.98,聚合账户,货款结算入账,小店自卖,'6925474983481998602,'6925474983481998602,'SS76295522218515008520089,2026-04-10 06:44:39,'3704406262902030790,高级感磨砂交叉抓夹盘复古头饰简约气质时尚鲨鱼夹后脑勺发饰头饰,,,普通订单,1.99,0.9,0,0,0,0,0,0,0,0,0,0,-0.01,0,0,0,0,0,0,是-商品卡免佣,0.07,义乌市黎既电子商务商行（个体工商户）,订单结算
2026-04-20 07:41:07,'2026042007410426937103792131,入账,4.2,聚合账户,货款结算入账,小店自卖,'6952019932647593929,'6952019932647593929,'SS76296471179334129160148,2026-04-12 11:22:37,'3766001784691229117,夏天简约随手盘发一字扭扭夹水钻抓夹高级发夹扭扭后脑勺盘发器,,,普通订单,4.23,0,0,0,0,0,0,0,0,0,0,0,-0.03,0,0,0,0,0,0,是-商品卡免佣,0.22,义乌市黎既电子商务商行（个体工商户）,订单结算
2026-04-20 07:41:07,'2026042007410424045491392131,入账,6.55,聚合账户,货款结算入账,小店自卖,'6951970501203399914,'6951970501203399914,'SS76296595646270838140243,2026-04-10 16:29:21,'3750814617115426970,超仙蝴蝶大号盘发抓夹女2025新款高级感发夹后脑勺鲨鱼夹甜美发饰,,,普通订单,6.59,0,0,0,0,0,0,0,0,0,0,0,-0.04,0,0,0,0,0,0,是-商品卡免佣,0.29,义乌市黎既电子商务商行（个体工商户）,订单结算
2026-04-20 07:41:07,'2026042007410418123167072131,入账,9.95,聚合账户,货款结算入账,小店自卖,'6951922505453606847,'6951922505453606847,'SS76295517483273426460106,2026-04-09 16:20:56,'3742849967501476190,可爱小女孩网红爆款树脂发饰高颅顶神器女士童通用梳马尾头饰发饰,,,普通订单,10.01,1.15,0,0,0,0,0,0,0,0,0,0,-0.06,0,0,0,0,0,0,是-商品卡免佣,0.44,义乌市黎既电子商务商行（个体工商户）,订单结算
2026-04-20 07:41:07,'2026042007410507385915422131,入账,6.34,聚合账户,货款结算入账,小店自卖,'6925557785997704396,'6925557785997704396,'SS76293224518470210660035,2026-04-12 18:45:28,'3796640026289373330,蝴蝶结鸭嘴夹小香风毛呢爆款发夹后脑勺气质洋气盘发一字夹子,,,普通订单,6.38,0,0,0,0,0,0,0,0,0,0,0,-0.04,0,0,0,0,0,0,是-商品卡免佣,0.29,义乌市黎既电子商务商行（个体工商户）,订单结算
2026-04-20 07:41:07,'2026042007410408107463832131,入账,3.61,聚合账户,货款结算入账,小店自卖,'6952071468412900427,'6952071468412900427,'SS76296728661301007620066,2026-04-15 15:11:12,'3806450472450130341,新款复古抓夹女豹纹蝴蝶结鲨鱼夹2026后脑勺盘发发夹高级感发饰,,,普通订单,3.63,0,0,0,0,0,0,0,0,0,0,0,-0.02,0,0,0,0,0,0,是-商品卡免佣,0.15,义乌市黎既电子商务商行（个体工商户）,订单结算
2026-04-20 07:41:07,'2026042007410425300506012131,入账,4.6,聚合账户,货款结算入账,小店自卖,'6925556075778243953,'6925556075778243953,'SS76296079896741814390154,2026-04-12 22:46:25,'3761395105840365661,高级感水钻满天星发夹女后脑勺盘发神器发卡青蛙夹扭扭夹发卡头饰,,,普通订单,4.63,0,0,0,0,0,0,0,0,0,0,0,-0.03,0,0,0,0,0,0,是-商品卡免佣,0.22,义乌市黎既电子商务商行（个体工商户）,订单结算
2026-04-20 07:41:07,'2026042007410409493220262131,入账,3.89,聚合账户,货款结算入账,小店自卖,'6925465632324091317,'6925465632324091317,'SS76296075904267067140124,2026-04-09 23:04:30,'3807732934811713667,新款牡丹花羽毛抓夹女高颜值轻奢时尚百搭鲨鱼夹发饰头饰夹发神器,,,普通订单,3.91,0,0,0,0,0,0,0,0,0,0,0,-0.02,0,0,0,0,0,0,是-商品卡免佣,0.15,义乌市黎既电子商务商行（个体工商户）,订单结算
2026-04-20 07:41:07,'2026042007410409905610392131,入账,3.81,聚合账户,货款结算入账,小店自卖,'6951936346625611014,'6951936346625611014,'SS76295562810532828660241,2026-04-09 22:38:46,'3784368456477049055,韩国气质碎钻满天星抓夹女后脑勺半扎发鲨鱼夹发量少百搭发卡头饰,,,普通订单,3.83,0,0,0,0,0,0,0,0,0,0,0,-0.02,0,0,0,0,0,0,是-商品卡免佣,0.15,义乌市黎既电子商务商行（个体工商户）,订单结算
2026-04-20 07:41:07,'2026042007410412109583362131,入账,7.08,聚合账户,货款结算入账,小店自卖,'6951946273552340615,'6951946273552275079,'SS76296601309394209550019,2026-04-10 13:46:16,'3673424694561865791,薄款牛油果绿系列小丝巾缠包模特搭配装饰品扎头发绑发飘带发带,,,普通订单,7.12,0,0,0,0,0,0,0,0,0,0,0,-0.04,0,0,0,0,0,0,是-商品卡免佣,0.29,义乌市黎既电子商务商行（个体工商户）,订单结算
2026-04-20 07:41:24,'2026042007412119597890652131,入账,0.89,聚合账户,货款结算入账,小店自卖,'6951865451768124481,'6951865451768124481,'SS76270181082307958030085,2026-04-06 22:54:03,'3806817990763217240,整理神器~可爱蝴蝶结小猫无痕刘海贴魔术贴发饰女前额侧边碎发贴,,,普通订单,1.62,0,0,0.31,0,0,0,0,0,0,0,-1,-0.04,0,0,0,0,0,0,,0,义乌市黎既电子商务商行（个体工商户）,订单结算
2026-04-20 07:41:24,'2026042007412224540943822131,入账,2.15,聚合账户,货款结算入账,小店自卖,'6952068199090099276,'6952068199090099276,'SS76296750298061545340182,2026-04-14 18:07:26,'3806293802847699345,韩式豹纹波点褶皱高级扭扭马尾卡通风香蕉发夹后脑勺显发发卡头饰,,,普通订单,0.16,0,0,2,0,0,0,0,0,0,0,0,-0.01,0,0,0,0,0,0,是-商品卡免佣,0.07,义乌市黎既电子商务商行（个体工商户）,订单结算
2026-04-20 07:41:24,'2026042007412127460569862131,入账,1.95,聚合账户,货款结算入账,小店自卖,'6952023236568224880,'6952023236568224880,'SS76297120921610491260017,2026-04-13 03:52:14,'3806280662462366067,kitty猫~刘海贴精致可爱甜美少女棉花糖猫兔碎发贴魔术贴无痕发饰,,,普通订单,0.01,0,0,1.95,0,0,0,0,0,0,0,0,-0.01,0,0,0,0,0,0,是-商品卡免佣,0.07,义乌市黎既电子商务商行（个体工商户）,订单结算
2026-04-20 07:41:24,'2026042007412140603486992131,入账,2.56,聚合账户,货款结算入账,小店自卖,'6951951521368774555,'6951951521368774555,'SS76295558545366062440145,2026-04-09 20:19:54,'3784368456477049055,韩国气质碎钻满天星抓夹女后脑勺半扎发鲨鱼夹发量少百搭发卡头饰,,,普通订单,0.01,0,0,2.68,0,0,0,0,0,0,0,0,-0.13,0,0,0,0,0,0,,0,义乌市黎既电子商务商行（个体工商户）,订单结算
2026-04-20 07:41:24,'2026042007412039815624062131,入账,0.89,聚合账户,货款结算入账,小店自卖,'6951932067801142906F00,'6951932067801142906,'SS76296000225268372840052,2026-04-09 23:42:13,'3673489282238119965,运费单,,,普通订单,0.9,0.9,0,0,0,0,0,0,0,0,0,0,-0.01,0,0,0,0,0,0,是-商品卡免佣,0.07,义乌市黎既电子商务商行（个体工商户）,运费单结算
2026-04-20 07:41:41,'2026042007413724665503152131,入账,1.54,聚合账户,货款结算入账,小店自卖,'6951946273552275079,'6951946273552275079,'SS76296601393767063380044,2026-04-10 13:46:16,'3673424694561865791,薄款牛油果绿系列小丝巾缠包模特搭配装饰品扎头发绑发飘带发带,,,普通订单,1.55,0,0,0,0,0,0,0,0,0,0,0,-0.01,0,0,0,0,0,0,是-商品卡免佣,0.07,义乌市黎既电子商务商行（个体工商户）,订单结算
2026-04-20 07:41:41,'2026042007413810919613872131,入账,1.48,聚合账户,货款结算入账,小店自卖,'6925526132520287652,'6925526132520287652,'SS76296995375191498390044,2026-04-12 03:54:41,'3752993546408427528,新款韩系发饰山茶花公主头抓夹女发夹刘海小巧精致小号发卡迷发夹,,,普通订单,0.01,0,0,1.48,0,0,0,0,0,0,0,0,-0.01,0,0,0,0,0,0,是-商品卡免佣,0.07,义乌市黎既电子商务商行（个体工商户）,订单结算
2026-04-20 07:42:03,'2026042007420008157640102131,入账,8.82,聚合账户,货款结算入账,小店自卖,'6952084705864455222,'6952084705864455222,'SS76296878424908761870038,2026-04-15 11:37:45,'3769870193174642697,2025春夏新款轻奢边夹时尚气质一字发夹女后脑勺扭扭夹女,,,普通订单,8.87,0,0,0,0,0,0,0,0,0,0,0,-0.05,0,0,0,0,0,0,是-商品卡免佣,0.37,义乌市黎既电子商务商行（个体工商户）,订单结算
2026-04-20 07:42:03,'2026042007420022239319392131,入账,3.75,聚合账户,货款结算入账,小店自卖,'6925522319356492997,'6925522319356492997,'SS76296216689147786650101,2026-04-12 11:30:13,'3746150076641313252,网红简约ins纯色宽边发带高颅顶白色发箍女运动健身夏季头饰发饰,,,普通订单,3.77,0.9,0,0,0,0,0,0,0,0,0,0,-0.02,0,0,0,0,0,0,是-商品卡免佣,0.15,义乌市黎既电子商务商行（个体工商户）,订单结算
2026-04-20 07:42:03,'2026042007415936708851832131,入账,3.89,聚合账户,货款结算入账,小店自卖,'6951961382825891580,'6951961382825891580,'SS76296311742017869220151,2026-04-10 15:19:31,'3807732934811713667,新款牡丹花羽毛抓夹女高颜值轻奢时尚百搭鲨鱼夹发饰头饰夹发神器,,,普通订单,3.91,0,0,0,0,0,0,0,0,0,0,0,-0.02,0,0,0,0,0,0,是-商品卡免佣,0.15,义乌市黎既电子商务商行（个体工商户）,订单结算
2026-04-20 07:42:03,'2026042007420007016456312131,入账,8.09,聚合账户,货款结算入账,小店自卖,'6951956636322436276,'6951956636322436276,'SS76296071433310049470192,2026-04-10 10:37:30,'3672728007874838631,简约金属抓夹女大号高级感满钻女后脑勺2024新款鲨鱼夹子头饰发卡,,,普通订单,8.14,0,0,0,0,0,0,0,0,0,0,0,-0.05,0,0,0,0,0,0,是-商品卡免佣,0.37,义乌市黎既电子商务商行（个体工商户）,订单结算
2026-04-20 07:42:03,'2026042007420024927112032131,入账,2.63,聚合账户,货款结算入账,小店自卖,'6925351994278379486,'6925351994278379486,'SS76295669566065052680140,2026-04-04 18:50:33,'3763932448057065566,磨砂扭扭香蕉夹高马尾大号发夹后脑勺竖夹发卡韩国气质女夹子头饰,,,普通订单,2.65,0.89,0,0,0,0,0,0,0,0,0,0,-0.02,0,0,0,0,0,0,是-商品卡免佣,0.15,义乌市黎既电子商务商行（个体工商户）,订单结算
2026-04-20 07:42:31,'2026042007422923326438802131,入账,3.95,聚合账户,货款结算入账,小店自卖,'6925471897223397029,'6925471897223397029,'SS76295728658224253630100,2026-04-09 21:52:32,'3806293802847699345,韩式豹纹波点褶皱高级扭扭马尾卡通风香蕉发夹后脑勺显发发卡头饰,,,普通订单,3.97,0,0,0,0,0,0,0,0,0,0,0,-0.02,0,0,0,0,0,0,是-商品卡免佣,0.15,义乌市黎既电子商务商行（个体工商户）,订单结算
2026-04-20 07:42:31,'2026042007422740359698462131,入账,3.75,聚合账户,货款结算入账,小店自卖,'6951945325875762934,'6951945325875762934,'SS76296148146832187030098,2026-04-09 23:04:53,'3746150076641313252,网红简约ins纯色宽边发带高颅顶白色发箍女运动健身夏季头饰发饰,,,普通订单,3.77,0.9,0,0,0,0,0,0,0,0,0,0,-0.02,0,0,0,0,0,0,是-商品卡免佣,0.15,义乌市黎既电子商务商行（个体工商户）,订单结算
2026-04-20 07:42:31,'2026042007422930198994072131,入账,4.6,聚合账户,货款结算入账,小店自卖,'6925560974730428065,'6925560974730428065,'SS76296020292976850350036,2026-04-13 07:20:33,'3761395105840365661,高级感水钻满天星发夹女后脑勺盘发神器发卡青蛙夹扭扭夹发卡头饰,,,普通订单,4.63,0,0,0,0,0,0,0,0,0,0,0,-0.03,0,0,0,0,0,0,是-商品卡免佣,0.22,义乌市黎既电子商务商行（个体工商户）,订单结算
2026-04-20 07:42:31,'2026042007422830790617602131,入账,3.52,聚合账户,货款结算入账,精选联盟,'6925490150200344541,'6925490150200344541,'SS76296602380902569220142,2026-04-10 15:40:36,'3752642368441024869,夏天新款网红山茶花隐形碎发后脑勺整理毛发神器发箍儿童发夹发饰,'111228636614,装饰之恋,普通订单,4,0.55,0,0,0,0,0,0,0,0,0,0,-0.2,-0.28,0,0,0,0,0,,0,义乌市黎既电子商务商行（个体工商户）,订单结算
2026-04-20 07:42:31,'2026042007422903987420312131,入账,8.05,聚合账户,货款结算入账,小店自卖,'6925472488859991521,'6925472488859991521,'SS76296071434287519230143,2026-04-10 07:50:18,'3673057951649759338,小皮筋小女孩头绳发绳透明多彩小号一次性皮筋儿童橡皮筋发饰扎头,,,普通订单,8.1,1.15,0,0,0,0,0,0,0,0,0,0,-0.05,0,0,0,0,0,0,是-商品卡免佣,0.37,义乌市黎既电子商务商行（个体工商户）,订单结算
2026-04-20 07:42:31,'2026042007422808740377952131,入账,0.99,聚合账户,货款结算入账,小店自卖,'6925649621928672800,'6925649621928672800,'SS76295493254463168000171,2026-04-17 10:25:01,'3761395105840365661,高级感水钻满天星发夹女后脑勺盘发神器发卡青蛙夹扭扭夹发卡头饰,,,普通订单,4.63,0,0,0,0,0,0,0,0,0,0,-3.63,-0.01,0,0,0,0,0,0,是-商品卡免佣,0.07,义乌市黎既电子商务商行（个体工商户）,订单结算
2026-04-20 07:42:32,'2026042007422928272113002131,入账,3.01,聚合账户,货款结算入账,小店自卖,'6952029451030828435,'6952029451030828435,'SS76296005034579072090073,2026-04-12 21:22:01,'3677561914218643751,发饰交叉抓夹大号发夹新款盘发卡头饰女简约气质鲨鱼夹后脑勺发爪,,,普通订单,3.03,1.15,0,0,0,0,0,0,0,0,0,0,-0.02,0,0,0,0,0,0,是-商品卡免佣,0.15,义乌市黎既电子商务商行（个体工商户）,订单结算
2026-04-20 07:42:32,'2026042007422926299277222131,入账,2.67,聚合账户,货款结算入账,小店自卖,'6951977129942586812,'6951977129942586812,'SS76296408206395313160167,2026-04-10 15:54:59,'3784368456477049055,韩国气质碎钻满天星抓夹女后脑勺半扎发鲨鱼夹发量少百搭发卡头饰,,,普通订单,2.69,0,0,0,0,0,0,0,0,0,0,0,-0.02,0,0,0,0,0,0,是-商品卡免佣,0.15,义乌市黎既电子商务商行（个体工商户）,订单结算
2026-04-20 07:42:32,'2026042007422916374177282131,入账,2.31,聚合账户,货款结算入账,小店自卖,'6925476285833313580,'6925476285833313580,'SS76282096383466051080239,2026-04-09 21:49:07,'3765288575390843146,大号发量多香蕉夹发夹女后脑勺2025新款高马尾神器固定抓夹子竖夹,,,普通订单,3.52,0.45,0,0,0,0,0,0,0,0,0,-1.2,-0.01,0,0,0,0,0,0,是-商品卡免佣,0.07,义乌市黎既电子商务商行（个体工商户）,订单结算
2026-04-20 07:42:32,'2026042007422913889702922131,入账,5.63,聚合账户,货款结算入账,小店自卖,'6925568921675791742,'6925568921675791742,'SS76297315948542244360039,2026-04-13 23:58:33,'3806839693081969009,春夏简约随手盘发高级发夹一字扭扭夹水钻抓夹扭扭后脑勺盘发器,,,普通订单,5.66,0,0,0,0,0,0,0,0,0,0,0,-0.03,0,0,0,0,0,0,是-商品卡免佣,0.22,义乌市黎既电子商务商行（个体工商户）,订单结算
2026-04-20 07:42:48,'2026042007424624414789632131,入账,3.75,聚合账户,货款结算入账,小店自卖,'6951936502835254440,'6951936502835254440,'SS76296149913222520580188,2026-04-09 23:50:55,'3746150076641313252,网红简约ins纯色宽边发带高颅顶白色发箍女运动健身夏季头饰发饰,,,普通订单,3.77,0.9,0,0,0,0,0,0,0,0,0,0,-0.02,0,0,0,0,0,0,是-商品卡免佣,0.15,义乌市黎既电子商务商行（个体工商户）,订单结算
2026-04-20 07:42:48,'2026042007424621603617282131,入账,4.64,聚合账户,货款结算入账,小店自卖,'6925242825462284168,'6925242825462284168,'SS76295822179177641360143,2026-03-30 21:59:36,'3796640026289373330,蝴蝶结鸭嘴夹小香风毛呢爆款发夹后脑勺气质洋气盘发一字夹子,,,普通订单,4.88,0,0,0,0,0,0,0,0,0,0,0,-0.24,0,0,0,0,0,0,,0,义乌市黎既电子商务商行（个体工商户）,订单结算
2026-04-20 07:42:48,'2026042007424524257666902131,入账,3.75,聚合账户,货款结算入账,小店自卖,'6925474981589646346,'6925474981589646346,'SS76296149964689126490059,2026-04-10 05:11:40,'3746150076641313252,网红简约ins纯色宽边发带高颅顶白色发箍女运动健身夏季头饰发饰,,,普通订单,3.77,0.9,0,0,0,0,0,0,0,0,0,0,-0.02,0,0,0,0,0,0,是-商品卡免佣,0.15,义乌市黎既电子商务商行（个体工商户）,订单结算
2026-04-20 07:42:48,'2026042007424533398339062131,入账,2.95,聚合账户,货款结算入账,小店自卖,'6951940442196284947,'6951940442196284947,'SS76282070829252326760229,2026-04-09 19:38:49,'3769870193174642697,2025春夏新款轻奢边夹时尚气质一字发夹女后脑勺扭扭夹女,,,普通订单,4.97,0,0,0,0,0,0,0,0,0,0,-2,-0.02,0,0,0,0,0,0,是-商品卡免佣,0.15,义乌市黎既电子商务商行（个体工商户）,订单结算
2026-04-20 07:42:49,'2026042007424604537226592131,入账,1.95,聚合账户,货款结算入账,小店自卖,'6925474186123050246,'6925474186123050246,'SS76295586281627694510078,2026-04-09 20:11:29,'3806280662462366067,kitty猫~刘海贴精致可爱甜美少女棉花糖猫兔碎发贴魔术贴无痕发饰,,,普通订单,1.96,0,0,0,0,0,0,0,0,0,0,0,-0.01,0,0,0,0,0,0,是-商品卡免佣,0.07,义乌市黎既电子商务商行（个体工商户）,订单结算
2026-04-20 07:43:01,'2026042007425823371287552131,入账,2.43,聚合账户,货款结算入账,精选联盟,'6952011584677549404,'6952011584677549404,'SS76297508884788027510061,2026-04-12 16:10:45,'3784368456477049055,韩国气质碎钻满天星抓夹女后脑勺半扎发鲨鱼夹发量少百搭发卡头饰,'0,,普通订单,0.54,0,0,2.15,0,0,0,0,0,0,0,0,-0.13,0,0,0,0,-0.13,0,,0,义乌市黎既电子商务商行（个体工商户）,订单结算
2026-04-20 07:43:01,'2026042007425824456115462131,入账,1.42,聚合账户,货款结算入账,小店自卖,'6952055893821494294,'6952055893821494294,'SS76297579010592939610001,2026-04-13 23:54:40,'3751357236916650172,甜美蝴蝶结少女风发圈蕾丝双层温柔韩版橡皮筋时少女蕾丝发圈,,,普通订单,0.01,0,0,1.48,0,0,0,0,0,0,0,0,-0.07,0,0,0,0,0,0,,0,义乌市黎既电子商务商行（个体工商户）,订单结算
2026-04-20 07:43:01,'2026042007425832905469592131,入账,3.51,聚合账户,货款结算入账,精选联盟,'6925582219774033421,'6925582219774033421,'SS76295274105438216200202,2026-04-13 22:00:38,'3807732934811713667,新款牡丹花羽毛抓夹女高颜值轻奢时尚百搭鲨鱼夹发饰头饰夹发神器,'0,,普通订单,0.01,0,0,3.9,0,0,0,0,0,0,0,0,-0.2,0,0,0,0,-0.2,0,,0,义乌市黎既电子商务商行（个体工商户）,订单结算
2026-04-20 07:43:01,'2026042007425819927086542131,入账,8.41,聚合账户,货款结算入账,小店自卖,'6952047187338991281,'6952047187338991281,'SS76296669638380101210166,2026-04-14 02:15:41,'3673976773902729360,发夹女后脑勺珍珠发卡大号盘发鲨鱼夹韩国ins网红气质头饰抓发夹,,,普通订单,8.46,0.9,0,0,0,0,0,0,0,0,0,0,-0.05,0,0,0,0,0,0,是-商品卡免佣,0.37,义乌市黎既电子商务商行（个体工商户）,订单结算
2026-04-20 07:43:01,'2026042007425906585387922131,入账,6.51,聚合账户,货款结算入账,小店自卖,'6925624251856092675,'6925624251856092675,'SS76296305897344207510231,2026-04-15 14:43:43,'3795705621886664997,韩系可爱小熊格纹发夹女后脑勺马尾竖夹盘发香蕉夹甜美发卡子发饰,,,普通订单,3.55,0,0,3,0,0,0,0,0,0,0,0,-0.04,0,0,0,0,0,0,是-商品卡免佣,0.29,义乌市黎既电子商务商行（个体工商户）,订单结算
2026-04-20 07:43:14,'2026042007431226137075472131,入账,2.81,聚合账户,货款结算入账,小店自卖,'6951931937190057750,'6951931937190057750,'SS76295534838087194020200,2026-04-09 22:35:22,'3807763574974186291,气质高级亮黑色大号鲨鱼抓夹女后脑勺时尚发卡巨能抓头饰2026新款,,,普通订单,0.01,0,0,2.95,0,0,0,0,0,0,0,0,-0.15,0,0,0,0,0,0,,0,义乌市黎既电子商务商行（个体工商户）,订单结算
2026-04-20 07:43:14,'2026042007431223617702662131,入账,4.94,聚合账户,货款结算入账,小店自卖,'6951922593718933104,'6951922593718933104,'SS76295517924391815830136,2026-04-09 17:44:48,'3769870193174642697,2025春夏新款轻奢边夹时尚气质一字发夹女后脑勺扭扭夹女,,,普通订单,4.97,0,0,0,0,0,0,0,0,0,0,0,-0.03,0,0,0,0,0,0,是-商品卡免佣,0.22,义乌市黎既电子商务商行（个体工商户）,订单结算
2026-04-20 07:43:14,'2026042007431127624125942131,入账,1.86,聚合账户,货款结算入账,小店自卖,'6951952654884804056,'6951952654884804056,'SS76296317581071158100093,2026-04-10 13:03:57,'3806280662462366067,kitty猫~刘海贴精致可爱甜美少女棉花糖猫兔碎发贴魔术贴无痕发饰,,,普通订单,0.01,0,0,1.95,0,0,0,0,0,0,0,0,-0.1,0,0,0,0,0,0,,0,义乌市黎既电子商务商行（个体工商户）,订单结算
2026-04-20 07:43:14,'2026042007431225060974432131,入账,4.85,聚合账户,货款结算入账,小店自卖,'6925484811987090819,'6925484811987090819,'SS76296562784040225380211,2026-04-10 05:42:59,'3796640026289373330,蝴蝶结鸭嘴夹小香风毛呢爆款发夹后脑勺气质洋气盘发一字夹子,,,普通订单,4.88,0,0,0,0,0,0,0,0,0,0,0,-0.03,0,0,0,0,0,0,是-商品卡免佣,0.22,义乌市黎既电子商务商行（个体工商户）,订单结算
2026-04-20 07:43:14,'2026042007431207858757122131,入账,5.51,聚合账户,货款结算入账,小店自卖,'6925582888574680179,'6925582888574680179,'SS76295747731227118620092,2026-04-14 07:48:22,'3751345399902896376,儿童发饰后脑勺碎发神器发梳女童刘海插梳整理发卡网红发夹头饰女,,,普通订单,5.54,0.55,0,0,0,0,0,0,0,0,0,0,-0.03,0,0,0,0,0,0,是-商品卡免佣,0.22,义乌市黎既电子商务商行（个体工商户）,订单结算
2026-04-20 07:44:35,'2026042007443222033041922131,入账,3.82,聚合账户,货款结算入账,小店自卖,'6952017975217165972,'6952017975217165972,'SS76297118548520640380165,2026-04-12 16:41:27,'3782115825620746281,韩系可爱波点大号米菲兔香蕉夹后脑勺盘发巨显发量多抓夹百搭发饰,,,普通订单,3.84,0,0,0,0,0,0,0,0,0,0,0,-0.02,0,0,0,0,0,0,是-商品卡免佣,0.15,义乌市黎既电子商务商行（个体工商户）,订单结算
2026-04-20 07:44:35,'2026042007443214318477152131,入账,2.84,聚合账户,货款结算入账,小店自卖,'6925473151472532798,'6925473151472532798,'SS76295517227842767510163,2026-04-09 12:47:59,'3811458318451474931,韩国发夹横夹头饰妈妈新款盘发后脑勺高档水钻头发大号鸭嘴发发饰,,,普通订单,2.86,0,0,0,0,0,0,0,0,0,0,0,-0.02,0,0,0,0,0,0,是-商品卡免佣,0.15,义乌市黎既电子商务商行（个体工商户）,订单结算
2026-04-20 07:44:35,'2026042007443301602196832131,入账,8.87,聚合账户,货款结算入账,小店自卖,'6951926636415948531,'6951926636415948531,'SS76295517394186409500247,2026-04-09 15:47:23,'3673388116573553024,花朵儿童盘发神器新款宝宝丸子头盘发器宝宝扎头神器头饰发饰女孩,,,普通订单,8.92,0.55,0,0,0,0,0,0,0,0,0,0,-0.05,0,0,0,0,0,0,是-商品卡免佣,0.37,义乌市黎既电子商务商行（个体工商户）,订单结算
2026-04-20 07:44:35,'2026042007443233652902402131,入账,2.56,聚合账户,货款结算入账,小店自卖,'6925551110505594686,'6925551110505594686,'SS76295805371788659620109,2026-04-12 16:25:08,'3809235146834575749,可爱新春小狗香蕉夹女高马尾扭扭夹红色竖夹高级感2026韩新款发夹,,,普通订单,0.58,0,0,2,0,0,0,0,0,0,0,0,-0.02,0,0,0,0,0,0,是-商品卡免佣,0.15,义乌市黎既电子商务商行（个体工商户）,订单结算
2026-04-20 07:44:35,'2026042007443218890593282131,入账,4.5,聚合账户,货款结算入账,小店自卖,'6951970044336411806,'6951970044336411806,'SS76295995884602171240110,2026-04-10 10:54:09,'3751929775384559628,盘发神器新款丸子头花苞头气质亚克力妈妈发饰后脑勺发夹发卡女,,,普通订单,4.53,0.55,0,0,0,0,0,0,0,0,0,0,-0.03,0,0,0,0,0,0,是-商品卡免佣,0.22,义乌市黎既电子商务商行（个体工商户）,订单结算
2026-04-20 08:12:33,'2026042008122724896353382131,出账,2,聚合账户,小额打款,,'6925640766917279382,'6925640766917279382,,,,,,,普通订单,0,0,0,0,0,0,0,0,0,0,0,0,0,0,0,0,0,0,0,,0,义乌市黎既电子商务商行（个体工商户）,商家向消费者小额打款-“其他”
2026-04-20 08:19:47,'2026042008193733899320742131,出账,1,聚合账户,小额打款,,'6925681381371051991,'6925681381371051991,,,,,,,普通订单,0,0,0,0,0,0,0,0,0,0,0,0,0,0,0,0,0,0,0,,0,义乌市黎既电子商务商行（个体工商户）,商家向消费者小额打款-“其他”
2026-04-20 08:20:54,'2026042008204624421507102131,出账,1,聚合账户,小额打款,,'6925681381371051991,'6925681381371051991,,,,,,,普通订单,0,0,0,0,0,0,0,0,0,0,0,0,0,0,0,0,0,0,0,,0,义乌市黎既电子商务商行（个体工商户）,商家向消费者小额打款-“其他”
2026-04-20 08:40:15,'2026042008401111086894602131,出账,1,聚合账户,小额打款,,'6952133403382912685,'6952133403382912685,,,,,,,普通订单,0,0,0,0,0,0,0,0,0,0,0,0,0,0,0,0,0,0,0,,0,义乌市黎既电子商务商行（个体工商户）,商家向消费者小额打款-“其他”
2026-04-20 08:41:25,'2026042008412027401592322131,出账,1,聚合账户,小额打款,,'6925643125722676785,'6925643125722676785,,,,,,,普通订单,0,0,0,0,0,0,0,0,0,0,0,0,0,0,0,0,0,0,0,,0,义乌市黎既电子商务商行（个体工商户）,商家向消费者小额打款-“其他”
2026-04-20 08:46:46,'2026042008463935024243542131,出账,1,聚合账户,小额打款,,'6952134231155939255,'6952134231155939255,,,,,,,普通订单,0,0,0,0,0,0,0,0,0,0,0,0,0,0,0,0,0,0,0,,0,义乌市黎既电子商务商行（个体工商户）,商家向消费者小额打款-“其他”
2026-04-20 08:47:36,'2026042008472908777119062131,出账,1,聚合账户,小额打款,,'6952133355371041910,'6952133355371041910,,,,,,,普通订单,0,0,0,0,0,0,0,0,0,0,0,0,0,0,0,0,0,0,0,,0,义乌市黎既电子商务商行（个体工商户）,商家向消费者小额打款-“其他”
2026-04-20 09:11:24,'2026042009111836097930342131,出账,2,聚合账户,小额打款,,'6952097467734693210,'6952097467734693210,,,,,,,普通订单,0,0,0,0,0,0,0,0,0,0,0,0,0,0,0,0,0,0,0,,0,义乌市黎既电子商务商行（个体工商户）,商家向消费者小额打款-“其他”
2026-04-20 09:16:04,'2026042009160140188157902131,出账,1,聚合账户,小额打款,,'6952148267340273142,'6952148267340273142,,,,,,,普通订单,0,0,0,0,0,0,0,0,0,0,0,0,0,0,0,0,0,0,0,,0,义乌市黎既电子商务商行（个体工商户）,商家向消费者小额打款-“其他”
2026-04-20 09:25:53,'2026042009254914232294552131,出账,1,聚合账户,小额打款,,'6925639738195738403,'6925639738195738403,,,,,,,普通订单,0,0,0,0,0,0,0,0,0,0,0,0,0,0,0,0,0,0,0,,0,义乌市黎既电子商务商行（个体工商户）,商家向消费者小额打款-“其他”
2026-04-20 09:26:23,'2026042009261824257994592131,出账,2,聚合账户,小额打款,,'6925659678503238720,'6925659678503238720,,,,,,,普通订单,0,0,0,0,0,0,0,0,0,0,0,0,0,0,0,0,0,0,0,,0,义乌市黎既电子商务商行（个体工商户）,商家向消费者小额打款-“其他”
2026-04-20 09:35:07,'2026042009350239816074592131,出账,1,聚合账户,小额打款,,'6952154439141758020,'6952154439141758020,,,,,,,普通订单,0,0,0,0,0,0,0,0,0,0,0,0,0,0,0,0,0,0,0,,0,义乌市黎既电子商务商行（个体工商户）,商家向消费者小额打款-“其他”
2026-04-20 09:44:53,'2026042009445110126464382131,入账,3.83,聚合账户,货款结算入账,小店自卖,'6951942260301042799,'6951942260301042799,'SS76295517178198635870093,2026-04-09 17:51:34,'3807754430930092114,时尚豹纹鲨鱼抓夹后脑勺盘发高级感发饰发量大巨能抓头饰女百搭款,,,普通订单,3.85,0,0,0,0,0,0,0,0,0,0,0,-0.02,0,0,0,0,0,0,是-商品卡免佣,0.15,义乌市黎既电子商务商行（个体工商户）,订单结算
2026-04-20 09:44:53,'2026042009444923058887942131,入账,2.67,聚合账户,货款结算入账,小店自卖,'6925492030754421846,'6925492030754421846,'SS76296151287864202750007,2026-04-10 11:11:43,'3784368456477049055,韩国气质碎钻满天星抓夹女后脑勺半扎发鲨鱼夹发量少百搭发卡头饰,,,普通订单,0.69,0,0,2,0,0,0,0,0,0,0,0,-0.02,0,0,0,0,0,0,是-商品卡免佣,0.15,义乌市黎既电子商务商行（个体工商户）,订单结算
2026-04-20 09:44:53,'2026042009445019560535382131,入账,3.45,聚合账户,货款结算入账,小店自卖,'6951957129019332264,'6951957129019332264,'SS76296605562862515460087,2026-04-10 15:46:08,'3806450472450130341,新款复古抓夹女豹纹蝴蝶结鲨鱼夹2026后脑勺盘发发夹高级感发饰,,,普通订单,3.63,0,0,0,0,0,0,0,0,0,0,0,-0.18,0,0,0,0,0,0,,0,义乌市黎既电子商务商行（个体工商户）,订单结算
2026-04-20 09:44:53,'2026042009444936432123262131,入账,3.19,聚合账户,货款结算入账,小店自卖,'6951948044211328749,'6951948044211328749,'SS76296594715074235390106,2026-04-10 15:04:22,'3811476737385169110,霞光紫~紫色珍珠字母抓夹女2026新款后脑勺鲨鱼夹大号旅行发卡女 ,,,普通订单,3.21,0,0,0,0,0,0,0,0,0,0,0,-0.02,0,0,0,0,0,0,是-商品卡免佣,0.15,义乌市黎既电子商务商行（个体工商户）,订单结算
2026-04-20 09:44:53,'2026042009445032896786442131,入账,3.61,聚合账户,货款结算入账,小店自卖,'6951945670336255479,'6951945670336255479,'SS76295522064804419190176,2026-04-10 07:02:01,'3806450472450130341,新款复古抓夹女豹纹蝴蝶结鲨鱼夹2026后脑勺盘发发夹高级感发饰,,,普通订单,1.63,0,0,2,0,0,0,0,0,0,0,0,-0.02,0,0,0,0,0,0,是-商品卡免佣,0.15,义乌市黎既电子商务商行（个体工商户）,订单结算
2026-04-20 09:44:53,'2026042009445014544614902131,入账,2.67,聚合账户,货款结算入账,小店自卖,'6925571588405427291,'6925571588405427291,'SS76297091492149501530145,2026-04-14 00:04:49,'3784368456477049055,韩国气质碎钻满天星抓夹女后脑勺半扎发鲨鱼夹发量少百搭发卡头饰,,,普通订单,0.69,0,0,2,0,0,0,0,0,0,0,0,-0.02,0,0,0,0,0,0,是-商品卡免佣,0.15,义乌市黎既电子商务商行（个体工商户）,订单结算
2026-04-20 09:44:53,'2026042009445005634340192131,入账,3.32,聚合账户,货款结算入账,精选联盟,'6951988771000686026,'6951988771000686026,'SS76296701463624589340172,2026-04-12 10:34:28,'3809235146834575749,可爱新春小狗香蕉夹女高马尾扭扭夹红色竖夹高级感2026韩新款发夹,'0,,普通订单,2.59,0,0,1.11,0,0,0,0,0,0,0,0,-0.19,0,0,0,0,-0.19,0,,0,义乌市黎既电子商务商行（个体工商户）,订单结算
2026-04-20 09:44:53,'2026042009445103950682142131,入账,3.87,聚合账户,货款结算入账,小店自卖,'6925492500997241948,'6925492500997241948,'SS76296309804797468430134,2026-04-10 14:05:32,'3807732934811713667,新款牡丹花羽毛抓夹女高颜值轻奢时尚百搭鲨鱼夹发饰头饰夹发神器,,,普通订单,3.89,0,0,0,0,0,0,0,0,0,0,0,-0.02,0,0,0,0,0,0,是-商品卡免佣,0.15,义乌市黎既电子商务商行（个体工商户）,订单结算
2026-04-20 09:44:54,'2026042009445104415982442131,入账,2.86,聚合账户,货款结算入账,小店自卖,'6925488419786554538,'6925488419786554538,'SS76296546902545372220153,2026-04-10 16:03:17,'3761395105840365661,高级感水钻满天星发夹女后脑勺盘发神器发卡青蛙夹扭扭夹发卡头饰,,,普通订单,2.88,0,0,0,0,0,0,0,0,0,0,0,-0.02,0,0,0,0,0,0,是-商品卡免佣,0.15,义乌市黎既电子商务商行（个体工商户）,订单结算
2026-04-20 09:44:54,'2026042009445133110269862131,入账,2.43,聚合账户,货款结算入账,精选联盟,'6925520215530306595,'6925520215530306595,'SS76296330264749842260118,2026-04-11 13:41:18,'3784368456477049055,韩国气质碎钻满天星抓夹女后脑勺半扎发鲨鱼夹发量少百搭发卡头饰,'0,,普通订单,0.01,0,0,2.68,0,0,0,0,0,0,0,0,-0.13,0,0,0,0,-0.13,0,,0,义乌市黎既电子商务商行（个体工商户）,订单结算
2026-04-20 09:45:09,'2026042009450624608775782131,入账,10.88,聚合账户,货款结算入账,小店自卖,'6952041193139410447,'6952041193139410447,'SS76296204113628247310177,2026-04-13 10:11:34,'3796640026289373330,蝴蝶结鸭嘴夹小香风毛呢爆款发夹后脑勺气质洋气盘发一字夹子,,,普通订单,10.95,0,0,0,0,0,0,0,0,0,0,0,-0.07,0,0,0,0,0,0,是-商品卡免佣,0.51,义乌市黎既电子商务商行（个体工商户）,订单结算
2026-04-20 09:45:09,'2026042009450530802253072131,入账,5.71,聚合账户,货款结算入账,小店自卖,'6951936418966476502,'6951936418966476502,'SS76295963678412808180063,2026-04-09 23:26:01,'3673057951649759338,小皮筋小女孩头绳发绳透明多彩小号一次性皮筋儿童橡皮筋发饰扎头,,,普通订单,5.74,1.15,0,0,0,0,0,0,0,0,0,0,-0.03,0,0,0,0,0,0,是-商品卡免佣,0.22,义乌市黎既电子商务商行（个体工商户）,订单结算
2026-04-20 09:45:09,'2026042009450635960097792131,入账,4.47,聚合账户,货款结算入账,小店自卖,'6951925166023120062,'6951925166023120062,'SS76295522936349046020039,2026-04-10 00:36:28,'3807763574974186291,气质高级亮黑色大号鲨鱼抓夹女后脑勺时尚发卡巨能抓头饰2026新款,,,普通订单,4.5,0,0,0,0,0,0,0,0,0,0,0,-0.03,0,0,0,0,0,0,是-商品卡免佣,0.22,义乌市黎既电子商务商行（个体工商户）,订单结算
2026-04-20 09:45:10,'2026042009450729195313272131,入账,6.44,聚合账户,货款结算入账,小店自卖,'6925470010998226433,'6925470010998226433,'SS76295522156198467060077,2026-04-10 05:17:56,'3674001890980528210,高级气质磨砂大号龙骨盘发鲨鱼夹发夹后脑勺夹子百搭抓夹马尾发卡,,,普通订单,6.48,0.55,0,0,0,0,0,0,0,0,0,0,-0.04,0,0,0,0,0,0,是-商品卡免佣,0.29,义乌市黎既电子商务商行（个体工商户）,订单结算
2026-04-20 09:45:10,'2026042009450607899059292131,入账,3.61,聚合账户,货款结算入账,小店自卖,'6951958327910601819,'6951958327910601819,'SS76295535513913434060131,2026-04-09 23:15:44,'3806450472450130341,新款复古抓夹女豹纹蝴蝶结鲨鱼夹2026后脑勺盘发发夹高级感发饰,,,普通订单,3.63,0,0,0,0,0,0,0,0,0,0,0,-0.02,0,0,0,0,0,0,是-商品卡免佣,0.15,义乌市黎既电子商务商行（个体工商户）,订单结算
2026-04-20 09:45:10,'2026042009450727267730282131,入账,2.89,聚合账户,货款结算入账,小店自卖,'6925555334997834948,'6925555334997834948,'SS76295291352754467900008,2026-04-13 10:05:05,'3791973406933647705,明星同款高颅顶圆形金属发扣刘海发夹女前额侧边夹水钻发卡头饰,,,普通订单,2.91,0,0,0,0,0,0,0,0,0,0,0,-0.02,0,0,0,0,0,0,是-商品卡免佣,0.15,义乌市黎既电子商务商行（个体工商户）,订单结算
2026-04-20 09:45:10,'2026042009450733345544222131,入账,1.39,聚合账户,货款结算入账,小店自卖,'6925492242526141968,'6925492242526141968,'SS76296328383505206110037,2026-04-10 12:14:35,'3780082993918509483,束发带洗脸简约敷面膜头箍头套韩版学生发饰休闲百搭男女洗发头箍,,,普通订单,1.4,0,0,0,0,0,0,0,0,0,0,0,-0.01,0,0,0,0,0,0,是-商品卡免佣,0.07,义乌市黎既电子商务商行（个体工商户）,订单结算
2026-04-20 09:45:10,'2026042009450730074150762131,入账,1.67,聚合账户,货款结算入账,小店自卖,'6925558911296045026,'6925558911296045026,'SS76296135735181315080204,2026-04-13 07:09:58,'3806839693081969009,春夏简约随手盘发高级发夹一字扭扭夹水钻抓夹扭扭后脑勺盘发器,,,普通订单,3.36,0,0,0,0,0,0,0,0,0,0,-1.68,-0.01,0,0,0,0,0,0,是-商品卡免佣,0.07,义乌市黎既电子商务商行（个体工商户）,订单结算
2026-04-20 09:45:10,'2026042009450717589215082131,入账,7.7,聚合账户,货款结算入账,小店自卖,'6925527096749358962,'6925527096749358962,'SS76295785529801940890233,2026-04-11 16:05:50,'3796640026289373330,蝴蝶结鸭嘴夹小香风毛呢爆款发夹后脑勺气质洋气盘发一字夹子,,,普通订单,7.75,0,0,0,0,0,0,0,0,0,0,0,-0.05,0,0,0,0,0,0,是-商品卡免佣,0.37,义乌市黎既电子商务商行（个体工商户）,订单结算
2026-04-20 09:45:10,'2026042009450723201877022131,入账,2.81,聚合账户,货款结算入账,小店自卖,'6925479933642767998,'6925479933642767998,'SS76295727922057879130051,2026-04-09 19:30:53,'3790878995596312771,韩系黑色波点布艺褶皱高马尾香蕉夹竖夹新款豹纹发夹气质百搭发饰,,,普通订单,2.83,0.39,0,0,0,0,0,0,0,0,0,0,-0.02,0,0,0,0,0,0,是-商品卡免佣,0.15,义乌市黎既电子商务商行（个体工商户）,订单结算
2026-04-20 09:45:27,'2026042009452331588523952131,入账,5.15,聚合账户,货款结算入账,小店自卖,'6925477947130216372,'6925477947130216372,'SS76296071307399662490226,2026-04-09 16:25:44,'3677664591720087699,一次性小橡皮筋女黑色皮套扎头发绳不伤发高弹力头绳儿童发圈弹性,,,普通订单,5.18,1.55,0,0,0,0,0,0,0,0,0,0,-0.03,0,0,0,0,0,0,是-商品卡免佣,0.22,义乌市黎既电子商务商行（个体工商户）,订单结算
2026-04-20 09:45:27,'2026042009452402236626552131,入账,10.88,聚合账户,货款结算入账,小店自卖,'6925591668385807840,'6925591668385807840,'SS76296506772419220980214,2026-04-14 14:41:12,'3763604067633463617,2025年新款女孩发饰刘海侧边夹女儿童发夹可爱夹子头饰网红发卡,,,普通订单,10.95,2.1,0,0,0,0,0,0,0,0,0,0,-0.07,0,0,0,0,0,0,是-商品卡免佣,0.51,义乌市黎既电子商务商行（个体工商户）,订单结算
2026-04-20 09:45:27,'2026042009452312653368582131,入账,6.24,聚合账户,货款结算入账,小店自卖,'6951950619743426118,'6951950619743426118,'SS76270731043634918670180,2026-04-10 15:03:15,'3677561914218643751,发饰交叉抓夹大号发夹新款盘发卡头饰女简约气质鲨鱼夹后脑勺发爪,,,普通订单,6.28,1.15,0,0,0,0,0,0,0,0,0,0,-0.04,0,0,0,0,0,0,是-商品卡免佣,0.29,义乌市黎既电子商务商行（个体工商户）,订单结算
2026-04-20 09:45:27,'2026042009452400769234342131,入账,5.08,聚合账户,货款结算入账,小店自卖,'6925496381432888384,'6925496381432888384,'SS76296148270024177180047,2026-04-10 10:30:01,'3746150076641313252,网红简约ins纯色宽边发带高颅顶白色发箍女运动健身夏季头饰发饰,,,普通订单,5.11,0.9,0,0,0,0,0,0,0,0,0,0,-0.03,0,0,0,0,0,0,是-商品卡免佣,0.22,义乌市黎既电子商务商行（个体工商户）,订单结算
2026-04-20 09:45:27,'2026042009452327398517852131,入账,2.81,聚合账户,货款结算入账,小店自卖,'6951932018731980039,'6951932018731980039,'SS76295728807829058900233,2026-04-09 23:18:09,'3790878995596312771,韩系黑色波点布艺褶皱高马尾香蕉夹竖夹新款豹纹发夹气质百搭发饰,,,普通订单,2.83,0.39,0,0,0,0,0,0,0,0,0,0,-0.02,0,0,0,0,0,0,是-商品卡免佣,0.15,义乌市黎既电子商务商行（个体工商户）,订单结算
2026-04-20 09:45:41,'2026042009453800813020352131,入账,3.87,聚合账户,货款结算入账,小店自卖,'6951936821520045252,'6951936821520045252,'SS76295728952464225550019,2026-04-10 09:49:47,'3790878995596312771,韩系黑色波点布艺褶皱高马尾香蕉夹竖夹新款豹纹发夹气质百搭发饰,,,普通订单,3.89,0,0,0,0,0,0,0,0,0,0,0,-0.02,0,0,0,0,0,0,是-商品卡免佣,0.15,义乌市黎既电子商务商行（个体工商户）,订单结算
2026-04-20 09:45:41,'2026042009453906082404472131,入账,2.35,聚合账户,货款结算入账,小店自卖,'6925457728322436331,'6925457728322436331,'SS76295517137252562420197,2026-04-09 12:09:25,'3807745042324521017,2026新款发量少的抓夹女巨能抓鲨鱼夹后脑勺盘发发夹夹子头饰,,,普通订单,2.36,0,0,0,0,0,0,0,0,0,0,0,-0.01,0,0,0,0,0,0,是-商品卡免佣,0.07,义乌市黎既电子商务商行（个体工商户）,订单结算
2026-04-20 09:45:41,'2026042009453717416688702131,入账,3.81,聚合账户,货款结算入账,小店自卖,'6951934280927090638,'6951934280927090638,'SS76295563041387481700066,2026-04-10 03:43:11,'3784368456477049055,韩国气质碎钻满天星抓夹女后脑勺半扎发鲨鱼夹发量少百搭发卡头饰,,,普通订单,3.83,0,0,0,0,0,0,0,0,0,0,0,-0.02,0,0,0,0,0,0,是-商品卡免佣,0.15,义乌市黎既电子商务商行（个体工商户）,订单结算
2026-04-20 09:45:41,'2026042009453906293266282131,入账,4.73,聚合账户,货款结算入账,小店自卖,'6925491982957968982,'6925491982957968982,'SS76295992885539312900136,2026-04-10 10:26:51,'3739542149163778373,洗澡大号盘发发夹后脑勺抓夹百搭气质成人发抓鲨鱼夹发卡夹子发饰,,,普通订单,4.76,0,0,0,0,0,0,0,0,0,0,0,-0.03,0,0,0,0,0,0,是-商品卡免佣,0.22,义乌市黎既电子商务商行（个体工商户）,订单结算
2026-04-20 09:45:41,'2026042009453841106475932131,入账,3.81,聚合账户,货款结算入账,小店自卖,'6925481407350472377,'6925481407350472377,'SS76296151240599147580051,2026-04-10 11:36:29,'3784368456477049055,韩国气质碎钻满天星抓夹女后脑勺半扎发鲨鱼夹发量少百搭发卡头饰,,,普通订单,3.45,0,0,0,0,0,0,0,0,0.38,0,0,-0.02,0,0,0,0,0,0,是-商品卡免佣,0.15,义乌市黎既电子商务商行（个体工商户）,订单结算
2026-04-20 09:46:17,'2026042009461237192054222131,入账,2.65,聚合账户,货款结算入账,小店自卖,'6925474522930839229,'6925474522930839229,'SS76295535513496789000134,2026-04-09 22:14:06,'3796640026289373330,蝴蝶结鸭嘴夹小香风毛呢爆款发夹后脑勺气质洋气盘发一字夹子,,,普通订单,0.01,0,0,2.78,0,0,0,0,0,0,0,0,-0.14,0,0,0,0,0,0,,0,义乌市黎既电子商务商行（个体工商户）,订单结算
2026-04-20 09:46:17,'2026042009461503736378942131,入账,2.96,聚合账户,货款结算入账,小店自卖,'6951926795751724193,'6951926795751724193,'SS76293538175615800840002,2026-04-09 17:35:04,'3746539288666439910,夏天新款太阳花网纱抓夹女发夹高马尾夹子固定后脑勺花朵鲨鱼夹,,,普通订单,3.97,0,0,0,0,0,0,0,0,0,0,-1,-0.01,0,0,0,0,0,0,是-商品卡免佣,0.07,义乌市黎既电子商务商行（个体工商户）,订单结算
2026-04-20 09:46:17,'2026042009461427517258652131,入账,3.56,聚合账户,货款结算入账,精选联盟,'6951999624772458411,'6951999624772458411,'SS76296878512150290260069,2026-04-12 10:16:18,'3806479482789953902,新款蓝楹蝶!甜美氛围感头花侧边夹旅行发卡！早春气质蓝色花朵发夹,'0,,普通订单,0.68,0,0,3.28,0,0,0,0,0,0,0,0,-0.2,0,0,0,0,-0.2,0,,0,义乌市黎既电子商务商行（个体工商户）,订单结算
2026-04-20 09:46:17,'2026042009461507940836032131,入账,4.9,聚合账户,货款结算入账,小店自卖,'6951927518972089733,'6951927518972089733,'SS76295522088042340270019,2026-04-10 07:11:04,'3752640296001863810,儿童网红卡通发夹韩国公主头饰碎发BB碎发可爱女童碎发发卡,,,普通订单,4.93,0,0,0,0,0,0,0,0,0,0,0,-0.03,0,0,0,0,0,0,是-商品卡免佣,0.22,义乌市黎既电子商务商行（个体工商户）,订单结算
2026-04-20 09:46:17,'2026042009461511581033222131,入账,3.64,聚合账户,货款结算入账,小店自卖,'6925496942664449697,'6925496942664449697,'SS76296408245617014160248,2026-04-10 15:38:10,'3784368456477049055,韩国气质碎钻满天星抓夹女后脑勺半扎发鲨鱼夹发量少百搭发卡头饰,,,普通订单,0.01,0,0,3.82,0,0,0,0,0,0,0,0,-0.19,0,0,0,0,0,0,,0,义乌市黎既电子商务商行（个体工商户）,订单结算
2026-04-20 09:46:17,'2026042009461504118940662131,入账,3.89,聚合账户,货款结算入账,小店自卖,'6925467032193760989,'6925467032193760989,'SS76295517589371827460155,2026-04-09 16:07:45,'3800876977334911274,日系小熊星星浅咖色冬秋宝宝女童后脑勺碎发侧边儿童发夹头饰发卡,,,普通订单,3.91,0,0,0,0,0,0,0,0,0,0,0,-0.02,0,0,0,0,0,0,是-商品卡免佣,0.15,义乌市黎既电子商务商行（个体工商户）,订单结算
2026-04-20 09:46:17,'2026042009461427901179312131,入账,2.67,聚合账户,货款结算入账,小店自卖,'6952050481731605683,'6952050481731605683,'SS76296085049694461980192,2026-04-13 13:06:17,'3784368456477049055,韩国气质碎钻满天星抓夹女后脑勺半扎发鲨鱼夹发量少百搭发卡头饰,,,普通订单,2.69,0,0,0,0,0,0,0,0,0,0,0,-0.02,0,0,0,0,0,0,是-商品卡免佣,0.15,义乌市黎既电子商务商行（个体工商户）,订单结算
2026-04-20 09:46:17,'2026042009461507811566172131,入账,8.07,聚合账户,货款结算入账,小店自卖,'6925483657809526244,'6925483657809526244,'SS76295998516010360950169,2026-04-10 11:06:12,'3742849967501476190,可爱小女孩网红爆款树脂发饰高颅顶神器女士童通用梳马尾头饰发饰,,,普通订单,8.12,1.15,0,0,0,0,0,0,0,0,0,0,-0.05,0,0,0,0,0,0,是-商品卡免佣,0.37,义乌市黎既电子商务商行（个体工商户）,订单结算
2026-04-20 09:46:17,'2026042009461407054134392131,入账,4.4,聚合账户,货款结算入账,小店自卖,'6951945096753583610,'6951945096753583610,'SS76295535013514944520112,2026-04-09 21:11:21,'3761395105840365661,高级感水钻满天星发夹女后脑勺盘发神器发卡青蛙夹扭扭夹发卡头饰,,,普通订单,0.01,0,0,4.62,0,0,0,0,0,0,0,0,-0.23,0,0,0,0,0,0,,0,义乌市黎既电子商务商行（个体工商户）,订单结算
2026-04-20 09:46:17,'2026042009461404170921232131,入账,10.6,聚合账户,货款结算入账,小店自卖,'6925501281227471996,'6925501281227471996,'SS76296620807779295240177,2026-04-10 15:27:45,'3673424694561865791,薄款牛油果绿系列小丝巾缠包模特搭配装饰品扎头发绑发飘带发带,,,普通订单,8.16,1.55,0,3,0,0,0,0,0,0,0,0,-0.56,0,0,0,0,0,0,,0,义乌市黎既电子商务商行（个体工商户）,订单结算
2026-04-20 09:46:17,'2026042009461430043512422131,入账,2.75,聚合账户,货款结算入账,小店自卖,'6925514444346654179,'6925514444346654179,'SS76296921716370519580230,2026-04-11 17:51:55,'3808297920495747487,韩式新款头绳高级小众手工编织豹纹大肠发圈显发量马尾丸子头发绳,,,普通订单,2.58,0,0,0.32,0,0,0,0,0,0,0,0,-0.15,0,0,0,0,0,0,,0,义乌市黎既电子商务商行（个体工商户）,订单结算
2026-04-20 09:46:17,'2026042009461509106764992131,入账,3.65,聚合账户,货款结算入账,小店自卖,'6951931776882972066,'6951931776882972066,'SS76295533825289915030136,2026-04-09 21:06:59,'3756921298329141404,头巾一体法式三角巾包头方巾帽田园风白色蕾丝发箍发饰女百搭头箍,,,普通订单,1.67,0,0,2,0,0,0,0,0,0,0,0,-0.02,0,0,0,0,0,0,是-商品卡免佣,0.15,义乌市黎既电子商务商行（个体工商户）,订单结算
2026-04-20 09:46:17,'2026042009461425422444022131,入账,1.47,聚合账户,货款结算入账,小店自卖,'6925483168706100377,'6925483168706100377,'SS76295522231235054270107,2026-04-10 07:01:16,'3673424694561865791,薄款牛油果绿系列小丝巾缠包模特搭配装饰品扎头发绑发飘带发带,,,普通订单,1.55,0,0,0,0,0,0,0,0,0,0,0,-0.08,0,0,0,0,0,0,,0,义乌市黎既电子商务商行（个体工商户）,订单结算
2026-04-20 09:46:17,'2026042009461433440404942131,入账,5.85,聚合账户,货款结算入账,小店自卖,'6925467196495200160,'6925467196495134624,'SS76288524193638812560111,2026-04-09 17:41:14,'3748721604591485450,2025新款懒人丸子头简约盘发器女头饰韩式简约百搭扎发花苞头发饰,,,普通订单,5.19,0,0,0.97,0,0,0,0,0,0,0,0,-0.31,0,0,0,0,0,0,,0,义乌市黎既电子商务商行（个体工商户）,订单结算
2026-04-20 09:46:17,'2026042009461517197801392131,入账,15.26,聚合账户,货款结算入账,小店自卖,'6951942046310733111,'6951942046310733111,'SS76295517175621230420091,2026-04-09 15:19:16,'3768982715341340864,可爱卡通法式珍珠三角抓夹女新款发量多发夹后脑勺高级感鲨鱼夹,,,普通订单,15.35,0,0,0,0,0,0,0,0,0,0,0,-0.09,0,0,0,0,0,0,是-商品卡免佣,0.66,义乌市黎既电子商务商行（个体工商户）,订单结算
2026-04-20 09:46:17,'2026042009461416212462342131,入账,3.95,聚合账户,货款结算入账,小店自卖,'6925474914481634910,'6925474914481634910,'SS76295728864121981950174,2026-04-10 02:30:46,'3806293802847699345,韩式豹纹波点褶皱高级扭扭马尾卡通风香蕉发夹后脑勺显发发卡头饰,,,普通订单,3.97,0,0,0,0,0,0,0,0,0,0,0,-0.02,0,0,0,0,0,0,是-商品卡免佣,0.15,义乌市黎既电子商务商行（个体工商户）,订单结算
2026-04-20 09:46:17,'2026042009461424388247402131,入账,0.94,聚合账户,货款结算入账,小店自卖,'6951936510699509642F00,'6951936510699509642,'SS76296691676038640980193,2026-04-10 00:48:31,'3673072401933008960,运费单,,,普通订单,0.95,0.95,0,0,0,0,0,0,0,0,0,0,-0.01,0,0,0,0,0,0,是-商品卡免佣,0.07,义乌市黎既电子商务商行（个体工商户）,运费单结算
2026-04-20 09:46:17,'2026042009461518793439262131,入账,10.88,聚合账户,货款结算入账,小店自卖,'6951820788309824976,'6951820788309824976,'SS76295544725285604190016,2026-04-05 09:00:04,'3796640026289373330,蝴蝶结鸭嘴夹小香风毛呢爆款发夹后脑勺气质洋气盘发一字夹子,,,普通订单,10.95,0,0,0,0,0,0,0,0,0,0,0,-0.07,0,0,0,0,0,0,是-商品卡免佣,0.51,义乌市黎既电子商务商行（个体工商户）,订单结算
2026-04-20 09:46:17,'2026042009461403278933112131,入账,3.87,聚合账户,货款结算入账,小店自卖,'6951961237744064125,'6951961237744064125,'SS76296310714619174400156,2026-04-10 13:13:15,'3807732934811713667,新款牡丹花羽毛抓夹女高颜值轻奢时尚百搭鲨鱼夹发饰头饰夹发神器,,,普通订单,3.89,0,0,0,0,0,0,0,0,0,0,0,-0.02,0,0,0,0,0,0,是-商品卡免佣,0.15,义乌市黎既电子商务商行（个体工商户）,订单结算
2026-04-20 09:46:17,'2026042009461341820329392131,入账,2.82,聚合账户,货款结算入账,小店自卖,'6951922629427205783,'6951922629427205783,'SS76295517086918746000025,2026-04-09 18:14:38,'3769167173533172068,温柔褶皱～设计师款显发量香蕉夹气质高级感后脑勺发夹简约高马尾,,,普通订单,0.84,0,0,2,0,0,0,0,0,0,0,0,-0.02,0,0,0,0,0,0,是-商品卡免佣,0.15,义乌市黎既电子商务商行（个体工商户）,订单结算
2026-04-20 09:46:35,'2026042009463340954104702131,入账,3.63,聚合账户,货款结算入账,小店自卖,'6925554905249512794,'6925554905249512794,'SS76296036354832676360038,2026-04-13 06:43:01,'3807763574974186291,气质高级亮黑色大号鲨鱼抓夹女后脑勺时尚发卡巨能抓头饰2026新款,,,普通订单,3.65,0,0,0,0,0,0,0,0,0,0,0,-0.02,0,0,0,0,0,0,是-商品卡免佣,0.15,义乌市黎既电子商务商行（个体工商户）,订单结算
2026-04-20 09:46:35,'2026042009463238099684112131,入账,2.67,聚合账户,货款结算入账,小店自卖,'6925467673930136645,'6925467673930136645,'SS76295558744365801460079,2026-04-09 21:24:53,'3784368456477049055,韩国气质碎钻满天星抓夹女后脑勺半扎发鲨鱼夹发量少百搭发卡头饰,,,普通订单,2.69,0,0,0,0,0,0,0,0,0,0,0,-0.02,0,0,0,0,0,0,是-商品卡免佣,0.15,义乌市黎既电子商务商行（个体工商户）,订单结算
2026-04-20 09:46:35,'2026042009463124085959952131,入账,4.35,聚合账户,货款结算入账,小店自卖,'6925567192212339885,'6925567192212339885,'SS76296734921367723620189,2026-04-13 11:09:48,'3806285088233226368,韩系~时尚百搭简约女格纹布少女风艺带齿细发箍个性压发箍头箍女,,,普通订单,4.38,0,0,0,0,0,0,0,0,0,0,0,-0.03,0,0,0,0,0,0,是-商品卡免佣,0.22,义乌市黎既电子商务商行（个体工商户）,订单结算
2026-04-20 09:46:35,'2026042009463302796098822131,入账,4.2,聚合账户,货款结算入账,小店自卖,'6925536698312195496,'6925536698312195496,'SS76296219695976450560138,2026-04-12 01:43:41,'3766001784691229117,夏天简约随手盘发一字扭扭夹水钻抓夹高级发夹扭扭后脑勺盘发器,,,普通订单,4.23,0,0,0,0,0,0,0,0,0,0,0,-0.03,0,0,0,0,0,0,是-商品卡免佣,0.22,义乌市黎既电子商务商行（个体工商户）,订单结算
2026-04-20 09:46:35,'2026042009463306736286992131,入账,2.67,聚合账户,货款结算入账,小店自卖,'6925487828682899401,'6925487828682899401,'SS76296151067040159240109,2026-04-10 11:41:14,'3784368456477049055,韩国气质碎钻满天星抓夹女后脑勺半扎发鲨鱼夹发量少百搭发卡头饰,,,普通订单,2.69,0,0,0,0,0,0,0,0,0,0,0,-0.02,0,0,0,0,0,0,是-商品卡免佣,0.15,义乌市黎既电子商务商行（个体工商户）,订单结算
2026-04-20 09:46:35,'2026042009463132224386832131,入账,3.67,聚合账户,货款结算入账,小店自卖,'6925536219444641614,'6925536219444641614,'SS76296165634317235720195,2026-04-12 16:20:16,'3750814617115426970,超仙蝴蝶大号盘发抓夹女2025新款高级感发夹后脑勺鲨鱼夹甜美发饰,,,普通订单,3.69,0,0,0,0,0,0,0,0,0,0,0,-0.02,0,0,0,0,0,0,是-商品卡免佣,0.15,义乌市黎既电子商务商行（个体工商户）,订单结算
2026-04-20 09:46:35,'2026042009463234737034742131,入账,4.6,聚合账户,货款结算入账,小店自卖,'6925472737107737655,'6925472737107737655,'SS76295948858546140500033,2026-04-10 10:14:54,'3761395105840365661,高级感水钻满天星发夹女后脑勺盘发神器发卡青蛙夹扭扭夹发卡头饰,,,普通订单,4.63,0,0,0,0,0,0,0,0,0,0,0,-0.03,0,0,0,0,0,0,是-商品卡免佣,0.22,义乌市黎既电子商务商行（个体工商户）,订单结算
2026-04-20 09:46:35,'2026042009463125574978652131,入账,4.68,聚合账户,货款结算入账,小店自卖,'6925477871093316900,'6925477871093316900,'SS76295517339291530240172,2026-04-09 15:46:34,'3808308477567303959,韩式ins~头绳女可爱橡皮筋网红简约森系扎头发皮筋发绳头饰发圈女,,,普通订单,4.71,0,0,0,0,0,0,0,0,0,0,0,-0.03,0,0,0,0,0,0,是-商品卡免佣,0.22,义乌市黎既电子商务商行（个体工商户）,订单结算
2026-04-20 09:46:35,'2026042009463300599498332131,入账,3.63,聚合账户,货款结算入账,小店自卖,'6925492779333418572,'6925492779333418572,'SS76296604397225579980113,2026-04-10 16:26:20,'3807763574974186291,气质高级亮黑色大号鲨鱼抓夹女后脑勺时尚发卡巨能抓头饰2026新款,,,普通订单,3.65,0,0,0,0,0,0,0,0,0,0,0,-0.02,0,0,0,0,0,0,是-商品卡免佣,0.15,义乌市黎既电子商务商行（个体工商户）,订单结算
2026-04-20 09:46:35,'2026042009463304367977052131,入账,3.75,聚合账户,货款结算入账,小店自卖,'6951958500366226547,'6951958500366226547,'SS76296149784917775620213,2026-04-10 04:14:33,'3746150076641313252,网红简约ins纯色宽边发带高颅顶白色发箍女运动健身夏季头饰发饰,,,普通订单,3.77,0.9,0,0,0,0,0,0,0,0,0,0,-0.02,0,0,0,0,0,0,是-商品卡免佣,0.15,义乌市黎既电子商务商行（个体工商户）,订单结算
2026-04-20 09:46:51,'2026042009464837462187712131,入账,1.98,聚合账户,货款结算入账,小店自卖,'6951941155406550306,'6951941155406550306,'SS76295522540314301950054,2026-04-10 08:45:41,'3766001784691229117,夏天简约随手盘发一字扭扭夹水钻抓夹高级发夹扭扭后脑勺盘发器,,,普通订单,1.99,0.69,0,0,0,0,0,0,0,0,0,0,-0.01,0,0,0,0,0,0,是-商品卡免佣,0.07,义乌市黎既电子商务商行（个体工商户）,订单结算
2026-04-20 09:46:51,'2026042009464822316651942131,入账,6.24,聚合账户,货款结算入账,小店自卖,'6951956698790565824,'6951956698790565824,'SS76295993739580050270136,2026-04-10 10:59:20,'3677561914218643751,发饰交叉抓夹大号发夹新款盘发卡头饰女简约气质鲨鱼夹后脑勺发爪,,,普通订单,6.28,1.15,0,0,0,0,0,0,0,0,0,0,-0.04,0,0,0,0,0,0,是-商品卡免佣,0.29,义乌市黎既电子商务商行（个体工商户）,订单结算
2026-04-20 09:46:51,'2026042009464801709716842131,入账,4.85,聚合账户,货款结算入账,小店自卖,'6951968110938035942,'6951968110938035942,'SS76296321237540541530020,2026-04-10 13:20:08,'3746150076641313252,网红简约ins纯色宽边发带高颅顶白色发箍女运动健身夏季头饰发饰,,,普通订单,5.11,0.9,0,0,0,0,0,0,0,0,0,0,-0.26,0,0,0,0,0,0,,0,义乌市黎既电子商务商行（个体工商户）,订单结算
2026-04-20 09:46:51,'2026042009464712885527132131,入账,4.31,聚合账户,货款结算入账,小店自卖,'6925467957053849504,'6925467957053849504,'SS76295534985269908880214,2026-04-09 23:04:35,'3767836959792300411,法式高级感超大号弧形抓夹女新款后脑勺盘发夹发量大鲨鱼夹发卡夹,,,普通订单,4.34,0,0,0,0,0,0,0,0,0,0,0,-0.03,0,0,0,0,0,0,是-商品卡免佣,0.22,义乌市黎既电子商务商行（个体工商户）,订单结算
2026-04-20 09:46:51,'2026042009464913216161792131,入账,1.47,聚合账户,货款结算入账,小店自卖,'6925483168706100377F00,'6925483168706100377,'SS76295522538966223460244,2026-04-10 07:01:16,'3673424694561865791,运费单,,,普通订单,1.55,1.55,0,0,0,0,0,0,0,0,0,0,-0.08,0,0,0,0,0,0,,0,义乌市黎既电子商务商行（个体工商户）,运费单结算
2026-04-20 09:49:28,'2026042009492420273078172131,入账,1.95,聚合账户,货款结算入账,小店自卖,'6925479797913779375,'6925479797913779375,'SS76296317624649654020153,2026-04-10 13:19:58,'3806280662462366067,kitty猫~刘海贴精致可爱甜美少女棉花糖猫兔碎发贴魔术贴无痕发饰,,,普通订单,1.96,0,0,0,0,0,0,0,0,0,0,0,-0.01,0,0,0,0,0,0,是-商品卡免佣,0.07,义乌市黎既电子商务商行（个体工商户）,订单结算
2026-04-20 09:49:28,'2026042009492338519938562131,入账,4.85,聚合账户,货款结算入账,小店自卖,'6951954942000043112,'6951954942000043112,'SS76296321243752863350020,2026-04-10 15:01:24,'3746150076641313252,网红简约ins纯色宽边发带高颅顶白色发箍女运动健身夏季头饰发饰,,,普通订单,5.11,0.9,0,0,0,0,0,0,0,0,0,0,-0.26,0,0,0,0,0,0,,0,义乌市黎既电子商务商行（个体工商户）,订单结算
2026-04-20 09:49:28,'2026042009492510738240402131,入账,8.41,聚合账户,货款结算入账,小店自卖,'6951933605670688207,'6951933605670688207,'SS76295516989990344180248,2026-04-09 17:53:12,'3673976773902729360,发夹女后脑勺珍珠发卡大号盘发鲨鱼夹韩国ins网红气质头饰抓发夹,,,普通订单,8.46,0.9,0,0,0,0,0,0,0,0,0,0,-0.05,0,0,0,0,0,0,是-商品卡免佣,0.37,义乌市黎既电子商务商行（个体工商户）,订单结算
2026-04-20 09:49:28,'2026042009492418168548362131,入账,1.91,聚合账户,货款结算入账,小店自卖,'6952015851618767943,'6952015851618767943,'SS76295659561462996630201,2026-04-12 16:39:14,'3776769690882408946,简约三角形头发抓夹高级鲨鱼夹2025秋冬新款发夹后脑勺盘发夹子女,,,普通订单,1.92,0,0,0,0,0,0,0,0,0,0,0,-0.01,0,0,0,0,0,0,是-商品卡免佣,0.07,义乌市黎既电子商务商行（个体工商户）,订单结算
2026-04-20 09:49:28,'2026042009492436912668222131,入账,3.73,聚合账户,货款结算入账,小店自卖,'6925501538776153658,'6925501538776153658,'SS76295028197141880580086,2026-04-10 17:53:41,'3747800080678256720,夏季网红新款小草头上发夹长草可爱超萌碎豆芽夹子头顶搞怪发饰,,,普通订单,3.93,0,0,0,0,0,0,0,0,0,0,0,-0.2,0,0,0,0,0,0,,0,义乌市黎既电子商务商行（个体工商户）,订单结算
2026-04-20 09:50:45,'2026042009504200236754022131,入账,3.51,聚合账户,货款结算入账,小店自卖,'6925467039471074588,'6925467039471074588,'SS76295517437473428540051,2026-04-09 16:15:45,'3808304882696454554,小狗牛仔蓝头绳高弹力发饰可爱儿童大肠发圈女童皮筋扎头发绳头饰,,,普通订单,3.53,0,0,0,0,0,0,0,0,0,0,0,-0.02,0,0,0,0,0,0,是-商品卡免佣,0.15,义乌市黎既电子商务商行（个体工商户）,订单结算
2026-04-20 09:50:45,'2026042009504205254351882131,入账,3.43,聚合账户,货款结算入账,小店自卖,'6951942902371718363,'6951942902371718363,'SS76296610937654318580231,2026-04-10 00:30:47,'3812568539638923653,超仙温柔网纱花朵抓夹女高级感2026新款头花发夹后脑勺鲨鱼夹头饰,,,普通订单,3.45,0,0,0,0,0,0,0,0,0,0,0,-0.02,0,0,0,0,0,0,是-商品卡免佣,0.15,义乌市黎既电子商务商行（个体工商户）,订单结算
2026-04-20 09:50:45,'2026042009504141040655762131,入账,7.81,聚合账户,货款结算入账,小店自卖,'6951942368044389487,'6951942368044389487,'SS76295533937420252500122,2026-04-09 19:06:22,'3672728192600375471,简约金属大号发夹女2024新款后脑勺抓夹优雅气质盘发鲨鱼夹子头饰,,,普通订单,7.86,0,0,0,0,0,0,0,0,0,0,0,-0.05,0,0,0,0,0,0,是-商品卡免佣,0.37,义乌市黎既电子商务商行（个体工商户）,订单结算
2026-04-20 09:50:45,'2026042009504208729072982131,入账,7.7,聚合账户,货款结算入账,小店自卖,'6951943043239319502,'6951943043239319502,'SS76295522410245819220139,2026-04-10 08:14:26,'3796640026289373330,蝴蝶结鸭嘴夹小香风毛呢爆款发夹后脑勺气质洋气盘发一字夹子,,,普通订单,7.75,0,0,0,0,0,0,0,0,0,0,0,-0.05,0,0,0,0,0,0,是-商品卡免佣,0.37,义乌市黎既电子商务商行（个体工商户）,订单结算
2026-04-20 09:50:45,'2026042009504200893258582131,入账,2.36,聚合账户,货款结算入账,小店自卖,'6951956524034168647,'6951956524034168647,'SS76295522723350776410047,2026-04-10 08:35:15,'3756918787870425560,大号发夹女后脑勺鸭嘴夹顶夹bb夹刘海碎发夹子简约侧边夹发卡头饰,,,普通订单,2.37,0,0,0,0,0,0,0,0,0,0,0,-0.01,0,0,0,0,0,0,是-商品卡免佣,0.07,义乌市黎既电子商务商行（个体工商户）,订单结算
2026-04-20 09:51:07,'2026042009510414313234552131,入账,5.22,聚合账户,货款结算入账,小店自卖,'6925467861338259174,'6925467861338259174,'SS76295535060515883780188,2026-04-09 22:28:49,'3761558334050795776,新款花苞头鸡毛头发夹丸子头假发抓夹盘发发包自然蓬松后脑勺发饰,,,普通订单,5.25,0,0,0,0,0,0,0,0,0,0,0,-0.03,0,0,0,0,0,0,是-商品卡免佣,0.22,义乌市黎既电子商务商行（个体工商户）,订单结算
2026-04-20 09:51:07,'2026042009510330374180032131,入账,3.95,聚合账户,货款结算入账,小店自卖,'6951944967527733199,'6951944967527733199,'SS76295534149968366600232,2026-04-09 19:45:40,'3683590910169448490,新款碎发梳插梳韩版女孩夹子后脑勺刘海整理发夹卡子成年人发头饰,,,普通订单,3.97,0,0,0,0,0,0,0,0,0,0,0,-0.02,0,0,0,0,0,0,是-商品卡免佣,0.15,义乌市黎既电子商务商行（个体工商户）,订单结算
2026-04-20 09:51:07,'2026042009510400305239462131,入账,6.34,聚合账户,货款结算入账,小店自卖,'6925489470086216892,'6925489470086216892,'SS76296507935575946600163,2026-04-10 09:09:37,'3796640026289373330,蝴蝶结鸭嘴夹小香风毛呢爆款发夹后脑勺气质洋气盘发一字夹子,,,普通订单,6.38,0,0,0,0,0,0,0,0,0,0,0,-0.04,0,0,0,0,0,0,是-商品卡免佣,0.29,义乌市黎既电子商务商行（个体工商户）,订单结算
2026-04-20 09:51:07,'2026042009510437964723262131,入账,5.4,聚合账户,货款结算入账,小店自卖,'6951922705241084980,'6951922705241084980,'SS76295533985775291230086,2026-04-09 19:06:53,'3800133155571237294,新款儿童可爱碎发梳女童新款夏天卡通碎发夹整理神器发卡女孩发饰,,,普通订单,5.43,0,0,0,0,0,0,0,0,0,0,0,-0.03,0,0,0,0,0,0,是-商品卡免佣,0.22,义乌市黎既电子商务商行（个体工商户）,订单结算
2026-04-20 09:51:07,'2026042009510506262295672131,入账,1.47,聚合账户,货款结算入账,小店自卖,'6925483168706231449,'6925483168706100377,'SS76295522538965240420205,2026-04-10 07:01:16,'3673424694561865791,薄款牛油果绿系列小丝巾缠包模特搭配装饰品扎头发绑发飘带发带,,,普通订单,1.55,0,0,0,0,0,0,0,0,0,0,0,-0.08,0,0,0,0,0,0,,0,义乌市黎既电子商务商行（个体工商户）,订单结算
2026-04-20 09:51:08,'2026042009510508651453862131,入账,2.56,聚合账户,货款结算入账,小店自卖,'6925597886417829551,'6925597886417829551,'SS76295185967062062540181,2026-04-14 14:11:53,'3809235146834575749,可爱新春小狗香蕉夹女高马尾扭扭夹红色竖夹高级感2026韩新款发夹,,,普通订单,2.58,0,0,0,0,0,0,0,0,0,0,0,-0.02,0,0,0,0,0,0,是-商品卡免佣,0.15,义乌市黎既电子商务商行（个体工商户）,订单结算
2026-04-20 09:51:08,'2026042009510508652109222131,入账,4.42,聚合账户,货款结算入账,精选联盟,'6925496410844724662,'6925496410844724662,'SS76295960505165089780021,2026-04-10 11:07:57,'3746529925562237053,满钻星星碎发整理神器隐形碎发梳女儿童固定头发夹子拉拉梳头饰,'95957951689,菲菲优选,普通订单,5.09,0.39,0,0,0,0,0,0,0,0,0,0,-0.25,-0.42,0,0,0,0,0,,0,义乌市黎既电子商务商行（个体工商户）,订单结算
2026-04-20 09:55:53,'2026042009555009243039102131,入账,4.2,聚合账户,货款结算入账,小店自卖,'6925623221496938366,'6925623221496938366,'SS76296643180317739620213,2026-04-15 23:11:42,'3766001784691229117,夏天简约随手盘发一字扭扭夹水钻抓夹高级发夹扭扭后脑勺盘发器,,,普通订单,4.23,0,0,0,0,0,0,0,0,0,0,0,-0.03,0,0,0,0,0,0,是-商品卡免佣,0.22,义乌市黎既电子商务商行（个体工商户）,订单结算
2026-04-20 09:55:53,'2026042009555101510444022131,入账,2.67,聚合账户,货款结算入账,小店自卖,'6925596154510802110,'6925596154510802110,'SS76296392236370376140104,2026-04-14 16:26:36,'3784368456477049055,韩国气质碎钻满天星抓夹女后脑勺半扎发鲨鱼夹发量少百搭发卡头饰,,,普通订单,2.69,0,0,0,0,0,0,0,0,0,0,0,-0.02,0,0,0,0,0,0,是-商品卡免佣,0.15,义乌市黎既电子商务商行（个体工商户）,订单结算
2026-04-20 09:55:53,'2026042009555001727864702131,入账,4.47,聚合账户,货款结算入账,小店自卖,'6952031075852817425,'6952031075852817425,'SS76295961485464865790117,2026-04-13 19:35:17,'3807763574974186291,气质高级亮黑色大号鲨鱼抓夹女后脑勺时尚发卡巨能抓头饰2026新款,,,普通订单,4.5,0,0,0,0,0,0,0,0,0,0,0,-0.03,0,0,0,0,0,0,是-商品卡免佣,0.22,义乌市黎既电子商务商行（个体工商户）,订单结算
2026-04-20 09:55:53,'2026042009554923291827582131,入账,4.2,聚合账户,货款结算入账,小店自卖,'6951939348952061184,'6951939348952061184,'SS76295943176020631140210,2026-04-10 08:47:06,'3766001784691229117,夏天简约随手盘发一字扭扭夹水钻抓夹高级发夹扭扭后脑勺盘发器,,,普通订单,4.23,0,0,0,0,0,0,0,0,0,0,0,-0.03,0,0,0,0,0,0,是-商品卡免佣,0.22,义乌市黎既电子商务商行（个体工商户）,订单结算
2026-04-20 09:55:53,'2026042009554917626240512131,入账,2.43,聚合账户,货款结算入账,小店自卖,'6925505518345223734,'6925505518345223734,'SS76296928582663255500031,2026-04-11 13:37:46,'3800878486881697928,韩式新奇豹纹款式高马尾香蕉夹竖夹新款黑色波点布料褶皱发夹时尚,,,普通订单,2.44,0,0,0,0,0,0,0,0,0,0,0,-0.01,0,0,0,0,0,0,是-商品卡免佣,0.07,义乌市黎既电子商务商行（个体工商户）,订单结算
2026-04-20 09:56:03,'2026042009560030844357182131,入账,4.84,聚合账户,货款结算入账,小店自卖,'6925478713092636632,'6925478713092636632,'SS76284713908960507400221,2026-04-09 22:38:22,'3775299925189984673,韩版布艺立体蝴蝶结香蕉夹女气质后脑勺马尾夹半扎发鲨鱼夹头饰,,,普通订单,0.87,0,0,4,0,0,0,0,0,0,0,0,-0.03,0,0,0,0,0,0,是-商品卡免佣,0.22,义乌市黎既电子商务商行（个体工商户）,订单结算
2026-04-20 09:56:03,'2026042009560120049802662131,入账,2.67,聚合账户,货款结算入账,小店自卖,'6925515562495016328,'6925515562495016328,'SS76293934120471598140071,2026-04-11 10:55:04,'3784368456477049055,韩国气质碎钻满天星抓夹女后脑勺半扎发鲨鱼夹发量少百搭发卡头饰,,,普通订单,2.69,0,0,0,0,0,0,0,0,0,0,0,-0.02,0,0,0,0,0,0,是-商品卡免佣,0.15,义乌市黎既电子商务商行（个体工商户）,订单结算
2026-04-20 09:56:03,'2026042009560034532068252131,入账,2.77,聚合账户,货款结算入账,小店自卖,'6925479025964056479,'6925479025964056479,'SS76295522130270297700072,2026-04-10 02:09:51,'3677561914218643751,发饰交叉抓夹大号发夹新款盘发卡头饰女简约气质鲨鱼夹后脑勺发爪,,,普通订单,2.79,1.15,0,0,0,0,0,0,0,0,0,0,-0.02,0,0,0,0,0,0,是-商品卡免佣,0.15,义乌市黎既电子商务商行（个体工商户）,订单结算
2026-04-20 09:56:03,'2026042009560028847475202131,入账,2.56,聚合账户,货款结算入账,小店自卖,'6952027202035521368,'6952027202035521368,'SS76296649669729326620039,2026-04-12 19:26:39,'3784368456477049055,韩国气质碎钻满天星抓夹女后脑勺半扎发鲨鱼夹发量少百搭发卡头饰,,,普通订单,2.69,0,0,0,0,0,0,0,0,0,0,0,-0.13,0,0,0,0,0,0,,0,义乌市黎既电子商务商行（个体工商户）,订单结算
2026-04-20 09:56:03,'2026042009560130553093122131,入账,2.22,聚合账户,货款结算入账,小店自卖,'6952048989937407224,'6952048989937407224,'SS76296830861390689550104,2026-04-13 22:03:54,'3677561914218643751,发饰交叉抓夹大号发夹新款盘发卡头饰女简约气质鲨鱼夹后脑勺发爪,,,普通订单,2.23,1.15,0,0,0,0,0,0,0,0,0,0,-0.01,0,0,0,0,0,0,是-商品卡免佣,0.07,义乌市黎既电子商务商行（个体工商户）,订单结算
2026-04-20 09:56:08,'2026042009560335724825692131,入账,3.75,聚合账户,货款结算入账,小店自卖,'6925462460251012559,'6925462460251012559,'SS76296149730310884250070,2026-04-09 20:08:51,'3746150076641313252,网红简约ins纯色宽边发带高颅顶白色发箍女运动健身夏季头饰发饰,,,普通订单,3.77,0.9,0,0,0,0,0,0,0,0,0,0,-0.02,0,0,0,0,0,0,是-商品卡免佣,0.15,义乌市黎既电子商务商行（个体工商户）,订单结算
2026-04-20 09:56:08,'2026042009560439622293022131,入账,2.37,聚合账户,货款结算入账,小店自卖,'6952053749519619709,'6952053749519619709,'SS76296027238346798230033,2026-04-13 22:29:25,'3750814048090980744,新款轻奢高级网纱闪亮夏季水钻太阳花朵发圈发绳扎马尾不伤发皮筋,,,普通订单,1.75,0,0,0.75,0,0,0,0,0,0,0,0,-0.13,0,0,0,0,0,0,,0,义乌市黎既电子商务商行（个体工商户）,订单结算
2026-04-20 09:56:08,'2026042009560501731671102131,入账,2.15,聚合账户,货款结算入账,精选联盟,'6952054289982756482,'6952054289982756482,'SS76295767625908106780023,2026-04-14 09:32:50,'3768243884530991364,2025新款简约高颅顶发箍高级发箍女时尚发卡压发洗脸头箍百搭饰品,'0,,普通订单,0.01,0,0,2.38,0,0,0,0,0,0,0,0,-0.12,0,0,0,0,-0.12,0,,0,义乌市黎既电子商务商行（个体工商户）,订单结算
2026-04-20 09:56:08,'2026042009560426446569152131,入账,2.86,聚合账户,货款结算入账,小店自卖,'6951938919673304903,'6951938919673304903,'SS76295534893418951740131,2026-04-09 22:58:36,'3761395105840365661,高级感水钻满天星发夹女后脑勺盘发神器发卡青蛙夹扭扭夹发卡头饰,,,普通订单,2.88,0,0,0,0,0,0,0,0,0,0,0,-0.02,0,0,0,0,0,0,是-商品卡免佣,0.15,义乌市黎既电子商务商行（个体工商户）,订单结算
2026-04-20 09:56:08,'2026042009560528295214582131,入账,2.82,聚合账户,货款结算入账,精选联盟,'6925481806025424344,'6925481806025424344,'SS76296602248114183940131,2026-04-10 14:21:42,'3746529925562237053,满钻星星碎发整理神器隐形碎发梳女儿童固定头发夹子拉拉梳头饰,'95957951689,菲菲优选,普通订单,3.27,0,0,0,0,0,0,0,0,0,0,0,-0.16,-0.29,0,0,0,0,0,,0,义乌市黎既电子商务商行（个体工商户）,订单结算
2026-04-20 09:56:29,'2026042009562612126620682131,入账,3.64,聚合账户,货款结算入账,小店自卖,'6951977389545624952,'6951977389545624952,'SS76297163433440550910085,2026-04-10 19:08:03,'3784368456477049055,韩国气质碎钻满天星抓夹女后脑勺半扎发鲨鱼夹发量少百搭发卡头饰,,,普通订单,0.01,0,0,3.82,0,0,0,0,0,0,0,0,-0.19,0,0,0,0,0,0,,0,义乌市黎既电子商务商行（个体工商户）,订单结算
2026-04-20 09:56:29,'2026042009562629330478182131,入账,2.84,聚合账户,货款结算入账,精选联盟,'6925582304076070707,'6925582304076070707,'SS76297448104095255390208,2026-04-13 22:13:42,'3796640026289373330,蝴蝶结鸭嘴夹小香风毛呢爆款发夹后脑勺气质洋气盘发一字夹子,'0,,普通订单,0.16,0,0,3,0,0,0,0,0,0,0,0,-0.16,0,0,0,0,-0.16,0,,0,义乌市黎既电子商务商行（个体工商户）,订单结算
2026-04-20 09:56:29,'2026042009562706836882182131,入账,2.58,聚合账户,货款结算入账,精选联盟,'6925625893206588667,'6925625893206588667,'SS76296767863133315060028,2026-04-16 07:00:00,'3764317339412201667,气质简约珠珠发夹女夏季新款高级感盘发扭扭夹子后脑勺一字夹发饰,'0,,普通订单,0.01,0,0,2.85,0,0,0,0,0,0,0,0,-0.14,0,0,0,0,-0.14,0,,0,义乌市黎既电子商务商行（个体工商户）,订单结算
2026-04-20 09:56:29,'2026042009562617705213822131,入账,3.68,聚合账户,货款结算入账,小店自卖,'6925475294596922928,'6925475294596922928,'SS76296144331820730970180,2026-04-09 13:28:24,'3809235146834575749,可爱新春小狗香蕉夹女高马尾扭扭夹红色竖夹高级感2026韩新款发夹,,,普通订单,0.01,0,0,3.69,0,0,0,0,0,0,0,0,-0.02,0,0,0,0,0,0,是-商品卡免佣,0.15,义乌市黎既电子商务商行（个体工商户）,订单结算
2026-04-20 09:56:29,'2026042009562624341384192131,入账,2.32,聚合账户,货款结算入账,精选联盟,'6925576026845380395,'6925576026845380395,'SS76296121686311242510215,2026-04-14 08:25:00,'3809235146834575749,可爱新春小狗香蕉夹女高马尾扭扭夹红色竖夹高级感2026韩新款发夹,'0,,普通订单,0.01,0,0,2.57,0,0,0,0,0,0,0,0,-0.13,0,0,0,0,-0.13,0,,0,义乌市黎既电子商务商行（个体工商户）,订单结算
2026-04-20 09:56:55,'2026042009565215612649372131,入账,2.39,聚合账户,货款结算入账,小店自卖,'6951954701296277271,'6951954701296277271,'SS76295688803772503040164,2026-04-10 12:30:04,'3797354479075066126,甜美韩系可爱立体五角星初秋发圈格纹肠圈儿童发饰马尾头绳肠圈,,,普通订单,0.01,0,0,2.51,0,0,0,0,0,0,0,0,-0.13,0,0,0,0,0,0,,0,义乌市黎既电子商务商行（个体工商户）,订单结算
2026-04-20 09:56:55,'2026042009565225319552632131,入账,2.52,聚合账户,货款结算入账,精选联盟,'6925585637033868720,'6925585637033868720,'SS76297164219199326910250,2026-04-14 12:39:19,'3806285088233226368,韩系~时尚百搭简约女格纹布少女风艺带齿细发箍个性压发箍头箍女,'0,,普通订单,0.8,0,0,2,0,0,0,0,0,0,0,0,-0.14,0,0,0,0,-0.14,0,,0,义乌市黎既电子商务商行（个体工商户）,订单结算
2026-04-20 09:56:55,'2026042009565237443220912131,入账,2.67,聚合账户,货款结算入账,小店自卖,'6925494497934409344,'6925494497934409344,'SS76296191864652764500033,2026-04-10 14:33:57,'3784368456477049055,韩国气质碎钻满天星抓夹女后脑勺半扎发鲨鱼夹发量少百搭发卡头饰,,,普通订单,2.69,0,0,0,0,0,0,0,0,0,0,0,-0.02,0,0,0,0,0,0,是-商品卡免佣,0.15,义乌市黎既电子商务商行（个体工商户）,订单结算
2026-04-20 09:56:55,'2026042009565124667103082131,入账,2.94,聚合账户,货款结算入账,小店自卖,'6925485365783395935,'6925485365783395935,'SS76295998557961467310227,2026-04-10 10:55:35,'3800128063711346920,早秋款小香风豹纹珍珠发箍女2026新款高级带齿防滑头箍洗脸头饰品,,,普通订单,0.01,0,0,2.95,0,0,0,0,0,0,0,0,-0.02,0,0,0,0,0,0,是-商品卡免佣,0.15,义乌市黎既电子商务商行（个体工商户）,订单结算
2026-04-20 09:56:55,'2026042009565214101263782131,入账,1.95,聚合账户,货款结算入账,小店自卖,'6925464842802331251,'6925464842802331251,'SS76296577853028441940059,2026-04-09 17:46:39,'3806280662462366067,kitty猫~刘海贴精致可爱甜美少女棉花糖猫兔碎发贴魔术贴无痕发饰,,,普通订单,1.96,0,0,0,0,0,0,0,0,0,0,0,-0.01,0,0,0,0,0,0,是-商品卡免佣,0.07,义乌市黎既电子商务商行（个体工商户）,订单结算
2026-04-20 10:00:35,'2026042010003300094702502131,入账,7.91,聚合账户,货款结算入账,小店自卖,'6925503428561764278,'6925503428561764278,'SS76296294218213626940197,2026-04-11 13:56:22,'3768982715341340864,可爱卡通法式珍珠三角抓夹女新款发量多发夹后脑勺高级感鲨鱼夹,,,普通订单,7.96,0,0,0,0,0,0,0,0,0,0,0,-0.05,0,0,0,0,0,0,是-商品卡免佣,0.37,义乌市黎既电子商务商行（个体工商户）,订单结算
2026-04-20 10:00:35,'2026042010003309610572952131,入账,2.56,聚合账户,货款结算入账,小店自卖,'6951951545852630815,'6951951545852630815,'SS76295558697397297040236,2026-04-09 21:02:36,'3784368456477049055,韩国气质碎钻满天星抓夹女后脑勺半扎发鲨鱼夹发量少百搭发卡头饰,,,普通订单,0.69,0,0,2,0,0,0,0,0,0,0,0,-0.13,0,0,0,0,0,0,,0,义乌市黎既电子商务商行（个体工商户）,订单结算
2026-04-20 10:00:36,'2026042010003207138189142131,入账,1.72,聚合账户,货款结算入账,精选联盟,'6952054567186601079,'6952054567186601079,'SS76296607109275000740023,2026-04-14 12:15:01,'3776769690882408946,简约三角形头发抓夹高级鲨鱼夹2025秋冬新款发夹后脑勺盘发夹子女,'0,,普通订单,1.92,0,0,0,0,0,0,0,0,0,0,0,-0.1,0,0,0,0,-0.1,0,,0,义乌市黎既电子商务商行（个体工商户）,订单结算
2026-04-20 10:00:36,'2026042010003211706373462131,入账,2.67,聚合账户,货款结算入账,小店自卖,'6951943402762868287,'6951943402762868287,'SS76296151151177894920165,2026-04-10 11:53:30,'3784368456477049055,韩国气质碎钻满天星抓夹女后脑勺半扎发鲨鱼夹发量少百搭发卡头饰,,,普通订单,2.69,0,0,0,0,0,0,0,0,0,0,0,-0.02,0,0,0,0,0,0,是-商品卡免佣,0.15,义乌市黎既电子商务商行（个体工商户）,订单结算
2026-04-20 10:00:36,'2026042010003309606602782131,入账,2.83,聚合账户,货款结算入账,小店自卖,'6925518175821004153,'6925518175821004153,'SS76296364185579894120062,2026-04-11 16:01:11,'3764303689897083263,2025新款高级感发箍女洋气时尚发卡高颅顶压发洗脸头箍百搭发饰,,,普通订单,2.85,0.45,0,0,0,0,0,0,0,0,0,0,-0.02,0,0,0,0,0,0,是-商品卡免佣,0.15,义乌市黎既电子商务商行（个体工商户）,订单结算
2026-04-20 10:01:42,'2026042010013917722619382131,入账,2.67,聚合账户,货款结算入账,小店自卖,'6925516168363867668,'6925516168363867668,'SS76297406061988749060221,2026-04-11 16:04:02,'3784368456477049055,韩国气质碎钻满天星抓夹女后脑勺半扎发鲨鱼夹发量少百搭发卡头饰,,,普通订单,2.69,0,0,0,0,0,0,0,0,0,0,0,-0.02,0,0,0,0,0,0,是-商品卡免佣,0.15,义乌市黎既电子商务商行（个体工商户）,订单结算
2026-04-20 10:01:42,'2026042010013724442806182131,入账,5.79,聚合账户,货款结算入账,小店自卖,'6951949066329462024,'6951949066329462024,'SS76295517273036764430041,2026-04-09 18:23:35,'3745971128791859302,丸子头假发抓夹女仿真发慵懒感发夹蓬松后脑勺高颅顶中号鲨鱼夹,,,普通订单,5.82,1.15,0,0,0,0,0,0,0,0,0,0,-0.03,0,0,0,0,0,0,是-商品卡免佣,0.22,义乌市黎既电子商务商行（个体工商户）,订单结算
2026-04-20 10:01:42,'2026042010014005587766262131,入账,5.51,聚合账户,货款结算入账,小店自卖,'6925470040910167467,'6925470040910167467,'SS76295522009230546070230,2026-04-10 04:12:29,'3751345399902896376,儿童发饰后脑勺碎发神器发梳女童刘海插梳整理发卡网红发夹头饰女,,,普通订单,5.54,0.55,0,0,0,0,0,0,0,0,0,0,-0.03,0,0,0,0,0,0,是-商品卡免佣,0.22,义乌市黎既电子商务商行（个体工商户）,订单结算
2026-04-20 10:01:42,'2026042010013928693959872131,入账,3.81,聚合账户,货款结算入账,小店自卖,'6951981827654817088,'6951981827654817088,'SS76295818722552716890193,2026-04-10 21:18:30,'3784368456477049055,韩国气质碎钻满天星抓夹女后脑勺半扎发鲨鱼夹发量少百搭发卡头饰,,,普通订单,3.83,0,0,0,0,0,0,0,0,0,0,0,-0.02,0,0,0,0,0,0,是-商品卡免佣,0.15,义乌市黎既电子商务商行（个体工商户）,订单结算
2026-04-20 10:01:42,'2026042010013914917145872131,入账,4.94,聚合账户,货款结算入账,小店自卖,'6925494452228488288,'6925494452228488288,'SS76296604445544128380085,2026-04-10 14:25:55,'3769870193174642697,2025春夏新款轻奢边夹时尚气质一字发夹女后脑勺扭扭夹女,,,普通订单,4.97,0,0,0,0,0,0,0,0,0,0,0,-0.03,0,0,0,0,0,0,是-商品卡免佣,0.22,义乌市黎既电子商务商行（个体工商户）,订单结算
2026-04-20 10:03:50,'2026042010034803567460382131,入账,4.25,聚合账户,货款结算入账,小店自卖,'6925573037709688783,'6925573037709688783,'SS76297401026859340800229,2026-04-13 18:32:04,'3673424694561865791,薄款牛油果绿系列小丝巾缠包模特搭配装饰品扎头发绑发飘带发带,,,普通订单,6.28,1.55,0,0,0,0,0,0,0,0,0,-2,-0.03,0,0,0,0,0,0,是-商品卡免佣,0.22,义乌市黎既电子商务商行（个体工商户）,订单结算
2026-04-20 10:03:50,'2026042010034732508974342131,入账,2.67,聚合账户,货款结算入账,小店自卖,'6951945488336557411,'6951945488336557411,'SS76295560584281298430120,2026-04-10 01:17:53,'3784368456477049055,韩国气质碎钻满天星抓夹女后脑勺半扎发鲨鱼夹发量少百搭发卡头饰,,,普通订单,2.69,0,0,0,0,0,0,0,0,0,0,0,-0.02,0,0,0,0,0,0,是-商品卡免佣,0.15,义乌市黎既电子商务商行（个体工商户）,订单结算
2026-04-20 10:03:50,'2026042010034729076690192131,入账,2.86,聚合账户,货款结算入账,小店自卖,'6951960961809847365,'6951960961809847365,'SS76295999329740561980032,2026-04-10 09:51:15,'3761395105840365661,高级感水钻满天星发夹女后脑勺盘发神器发卡青蛙夹扭扭夹发卡头饰,,,普通订单,2.88,0,0,0,0,0,0,0,0,0,0,0,-0.02,0,0,0,0,0,0,是-商品卡免佣,0.15,义乌市黎既电子商务商行（个体工商户）,订单结算
2026-04-20 10:03:50,'2026042010034706801044582131,入账,10.88,聚合账户,货款结算入账,小店自卖,'6952045764460353224,'6952045764460353224,'SS76297237447138514440201,2026-04-13 09:50:15,'3796640026289373330,蝴蝶结鸭嘴夹小香风毛呢爆款发夹后脑勺气质洋气盘发一字夹子,,,普通订单,10.95,0,0,0,0,0,0,0,0,0,0,0,-0.07,0,0,0,0,0,0,是-商品卡免佣,0.51,义乌市黎既电子商务商行（个体工商户）,订单结算
2026-04-20 10:03:50,'2026042010034801478172252131,入账,7.42,聚合账户,货款结算入账,小店自卖,'6952024944160544193,'6952024944160544193,'SS76294066952958282640077,2026-04-12 21:37:10,'3782882215315243080,小熊发箍女秋冬韩国可爱羊羔毛洗脸头箍网红化妆压发发卡头饰ins,,,普通订单,7.46,0,0,0,0,0,0,0,0,0,0,0,-0.04,0,0,0,0,0,0,是-商品卡免佣,0.29,义乌市黎既电子商务商行（个体工商户）,订单结算
2026-04-20 10:04:09,'2026042010040605915445952131,入账,2.94,聚合账户,货款结算入账,小店自卖,'6925496897133051866,'6925496897133051866,'SS76296605646413993340153,2026-04-10 15:27:42,'3807763574974186291,气质高级亮黑色大号鲨鱼抓夹女后脑勺时尚发卡巨能抓头饰2026新款,,,普通订单,2.96,0,0,0,0,0,0,0,0,0,0,0,-0.02,0,0,0,0,0,0,是-商品卡免佣,0.15,义乌市黎既电子商务商行（个体工商户）,订单结算
2026-04-20 10:04:09,'2026042010040534071188902131,入账,4.94,聚合账户,货款结算入账,小店自卖,'6925469737923410973,'6925469737923410973,'SS76295535192006336100018,2026-04-09 22:57:15,'3769870193174642697,2025春夏新款轻奢边夹时尚气质一字发夹女后脑勺扭扭夹女,,,普通订单,4.97,0,0,0,0,0,0,0,0,0,0,0,-0.03,0,0,0,0,0,0,是-商品卡免佣,0.22,义乌市黎既电子商务商行（个体工商户）,订单结算
2026-04-20 10:04:09,'2026042010040701655606392131,入账,2.67,聚合账户,货款结算入账,小店自卖,'6952059005418214996,'6952059005418214996,'SS76296928752249943500093,2026-04-14 18:03:42,'3784368456477049055,韩国气质碎钻满天星抓夹女后脑勺半扎发鲨鱼夹发量少百搭发卡头饰,,,普通订单,2.69,0,0,0,0,0,0,0,0,0,0,0,-0.02,0,0,0,0,0,0,是-商品卡免佣,0.15,义乌市黎既电子商务商行（个体工商户）,订单结算
2026-04-20 10:04:09,'2026042010040533739945362131,入账,5.08,聚合账户,货款结算入账,小店自卖,'6951943459344815234,'6951943459344815234,'SS76296321271637284300208,2026-04-10 13:05:31,'3746150076641313252,网红简约ins纯色宽边发带高颅顶白色发箍女运动健身夏季头饰发饰,,,普通订单,5.11,0.9,0,0,0,0,0,0,0,0,0,0,-0.03,0,0,0,0,0,0,是-商品卡免佣,0.22,义乌市黎既电子商务商行（个体工商户）,订单结算
2026-04-20 10:04:09,'2026042010040619045261432131,入账,4.67,聚合账户,货款结算入账,小店自卖,'6925245894082330559,'6925245894082330559,'SS76295504901166533540162,2026-03-31 08:21:30,'3746529925562237053,满钻星星碎发整理神器隐形碎发梳女儿童固定头发夹子拉拉梳头饰,,,普通订单,4.7,0,0,0,0,0,0,0,0,0,0,0,-0.03,0,0,0,0,0,0,是-商品卡免佣,0.22,义乌市黎既电子商务商行（个体工商户）,订单结算
2026-04-20 10:04:09,'2026042010040705418196672131,入账,2.67,聚合账户,货款结算入账,小店自卖,'6952065717090325854,'6952065717090325854,'SS76296675061348603420185,2026-04-14 19:42:50,'3784368456477049055,韩国气质碎钻满天星抓夹女后脑勺半扎发鲨鱼夹发量少百搭发卡头饰,,,普通订单,2.69,0,0,0,0,0,0,0,0,0,0,0,-0.02,0,0,0,0,0,0,是-商品卡免佣,0.15,义乌市黎既电子商务商行（个体工商户）,订单结算
2026-04-20 10:04:09,'2026042010040539480527882131,入账,6.87,聚合账户,货款结算入账,小店自卖,'6952024451956873028,'6952024451956873028,'SS76296555356541916520070,2026-04-12 16:15:31,'3673772748074778922,韩款发夹鸟巢盘发器丸子头网红新款发卡头圈饰品女懒人扎马尾抓夹,,,普通订单,6.91,0,0,0,0,0,0,0,0,0,0,0,-0.04,0,0,0,0,0,0,是-商品卡免佣,0.29,义乌市黎既电子商务商行（个体工商户）,订单结算
2026-04-20 10:04:09,'2026042010040524257006502131,入账,1,聚合账户,货款结算入账,小店自卖,'6952147736845686440,'6952147736845686440,'SS76295928253064525260170,2026-04-17 13:14:07,'3752288720800317586,欧根纱网纱花朵抓夹女高级感2025新款水钻发夹后脑勺高马尾鲨鱼夹,,,普通订单,2.24,0,0,0,0,0,0,0,0,0,0,-1.24,0,0,0,0,0,0,0,是-商品卡免佣,0,义乌市黎既电子商务商行（个体工商户）,订单结算
2026-04-20 10:04:09,'2026042010040524255204262131,入账,2.94,聚合账户,货款结算入账,小店自卖,'6951958814133196326,'6951958814133196326,'SS76296069208439693180179,2026-04-10 10:14:38,'3807763574974186291,气质高级亮黑色大号鲨鱼抓夹女后脑勺时尚发卡巨能抓头饰2026新款,,,普通订单,2.96,0,0,0,0,0,0,0,0,0,0,0,-0.02,0,0,0,0,0,0,是-商品卡免佣,0.15,义乌市黎既电子商务商行（个体工商户）,订单结算
2026-04-20 10:04:09,'2026042010040637267054502131,入账,3.94,聚合账户,货款结算入账,精选联盟,'6925589231500754408,'6925589231500754408,'SS76295517783135032780047,2026-04-14 13:11:18,'3806285088233226368,韩系~时尚百搭简约女格纹布少女风艺带齿细发箍个性压发箍头箍女,'0,,普通订单,4.38,0,0,0,0,0,0,0,0,0,0,0,-0.22,0,0,0,0,-0.22,0,,0,义乌市黎既电子商务商行（个体工商户）,订单结算
2026-04-20 10:04:25,'2026042010042131394083902131,入账,2.67,聚合账户,货款结算入账,小店自卖,'6952024627877778950,'6952024627877778950,'SS76296703267918159880190,2026-04-12 18:13:39,'3784368456477049055,韩国气质碎钻满天星抓夹女后脑勺半扎发鲨鱼夹发量少百搭发卡头饰,,,普通订单,2.69,0,0,0,0,0,0,0,0,0,0,0,-0.02,0,0,0,0,0,0,是-商品卡免佣,0.15,义乌市黎既电子商务商行（个体工商户）,订单结算
2026-04-20 10:04:25,'2026042010042115157867932131,入账,9.1,聚合账户,货款结算入账,小店自卖,'6952056324775155537,'6952056324775155537,'SS76296567387525658230169,2026-04-14 10:19:15,'3748170371208184069,婴儿不伤发刘海夹宝宝可爱花朵头饰汗毛夹网红儿童bb夹卡碎发夹,,,普通订单,9.15,0,0,0,0,0,0,0,0,0,0,0,-0.05,0,0,0,0,0,0,是-商品卡免佣,0.37,义乌市黎既电子商务商行（个体工商户）,订单结算
2026-04-20 10:04:25,'2026042010042121317719402131,入账,4.92,聚合账户,货款结算入账,小店自卖,'6925113516262980665,'6925113516262980665,'SS76295515999586227470181,2026-03-25 15:05:18,'3764317163318542527,夏日爱心镂空撞色抓夹女高级感2025新款鲨鱼夹后脑勺盘发夹子发饰,,,普通订单,4.95,0,0,0,0,0,0,0,0,0,0,0,-0.03,0,0,0,0,0,0,是-商品卡免佣,0.22,义乌市黎既电子商务商行（个体工商户）,订单结算
2026-04-20 10:04:25,'2026042010042107974753342131,入账,4.04,聚合账户,货款结算入账,精选联盟,'6925501319972355484,'6925501319972355484,'SS76296547875497741300102,2026-04-10 15:57:11,'3746529925562237053,满钻星星碎发整理神器隐形碎发梳女儿童固定头发夹子拉拉梳头饰,'95957951689,菲菲优选,普通订单,4.7,0,0,0,0,0,0,0,0,0,0,0,-0.24,-0.42,0,0,0,0,0,,0,义乌市黎既电子商务商行（个体工商户）,订单结算
2026-04-20 10:04:25,'2026042010042120056973432131,入账,4.2,聚合账户,货款结算入账,小店自卖,'6925480673965931714,'6925480673965931714,'SS76295521991905774540075,2026-04-10 01:30:11,'3766001784691229117,夏天简约随手盘发一字扭扭夹水钻抓夹高级发夹扭扭后脑勺盘发器,,,普通订单,4.23,0,0,0,0,0,0,0,0,0,0,0,-0.03,0,0,0,0,0,0,是-商品卡免佣,0.22,义乌市黎既电子商务商行（个体工商户）,订单结算
2026-04-20 10:04:34,'2026042010042930965762822131,入账,3.61,聚合账户,货款结算入账,小店自卖,'6925469234832571709,'6925469234832571709,'SS76295533993907822710192,2026-04-09 19:15:56,'3806450472450130341,新款复古抓夹女豹纹蝴蝶结鲨鱼夹2026后脑勺盘发发夹高级感发饰,,,普通订单,3.63,0,0,0,0,0,0,0,0,0,0,0,-0.02,0,0,0,0,0,0,是-商品卡免佣,0.15,义乌市黎既电子商务商行（个体工商户）,订单结算
2026-04-20 10:04:34,'2026042010043110365176842131,入账,3.95,聚合账户,货款结算入账,小店自卖,'6951984474752947463,'6951984474752947463,'SS76295765590795105620169,2026-04-11 01:18:29,'3806293802847699345,韩式豹纹波点褶皱高级扭扭马尾卡通风香蕉发夹后脑勺显发发卡头饰,,,普通订单,3.97,0,0,0,0,0,0,0,0,0,0,0,-0.02,0,0,0,0,0,0,是-商品卡免佣,0.15,义乌市黎既电子商务商行（个体工商户）,订单结算
2026-04-20 10:04:34,'2026042010043040486341462131,入账,6.52,聚合账户,货款结算入账,小店自卖,'6951951777742984506,'6951951777742984506,'SS76295535141687670030158,2026-04-09 22:37:33,'3677662856528134270,碎花蝴蝶结大肠发圈女夏季扎头绳飘带发带发绳高级感头花头饰发饰,,,普通订单,6.56,1.15,0,0,0,0,0,0,0,0,0,0,-0.04,0,0,0,0,0,0,是-商品卡免佣,0.29,义乌市黎既电子商务商行（个体工商户）,订单结算
2026-04-20 10:13:20,'2026042010131514102208402131,出账,2,聚合账户,小额打款,,'6925652540335226684,'6925652540335226684,,,,,,,普通订单,0,0,0,0,0,0,0,0,0,0,0,0,0,0,0,0,0,0,0,,0,义乌市黎既电子商务商行（个体工商户）,商家向消费者小额打款-“其他”
2026-04-20 10:15:42,'2026042010153633232819582131,出账,1,聚合账户,小额打款,,'6952166335389112195,'6952166335389112195,,,,,,,普通订单,0,0,0,0,0,0,0,0,0,0,0,0,0,0,0,0,0,0,0,,0,义乌市黎既电子商务商行（个体工商户）,商家向消费者小额打款-“其他”
2026-04-20 10:18:28,'2026042010182131545472102131,入账,2.78,聚合账户,货款结算入账,小店自卖,'6925614158626323520,'6925614158626323520,'SS76297421180175529060248,2026-04-15 21:09:42,'3806285088233226368,韩系~时尚百搭简约女格纹布少女风艺带齿细发箍个性压发箍头箍女,,,普通订单,2.8,0,0,0,0,0,0,0,0,0,0,0,-0.02,0,0,0,0,0,0,是-商品卡免佣,0.15,义乌市黎既电子商务商行（个体工商户）,订单结算
2026-04-20 10:18:28,'2026042010182222703311632131,入账,4.35,聚合账户,货款结算入账,小店自卖,'6952086022859592742,'6952086022859592742,'SS76297511541504576090034,2026-04-14 21:31:45,'3806285088233226368,韩系~时尚百搭简约女格纹布少女风艺带齿细发箍个性压发箍头箍女,,,普通订单,4.38,0,0,0,0,0,0,0,0,0,0,0,-0.03,0,0,0,0,0,0,是-商品卡免佣,0.22,义乌市黎既电子商务商行（个体工商户）,订单结算
2026-04-20 10:18:28,'2026042010182031342106062131,入账,2.78,聚合账户,货款结算入账,小店自卖,'6925647591441661918,'6925647591441661918,'SS76297101760227745540095,2026-04-16 12:49:44,'3806285088233226368,韩系~时尚百搭简约女格纹布少女风艺带齿细发箍个性压发箍头箍女,,,普通订单,0.8,0,0,2,0,0,0,0,0,0,0,0,-0.02,0,0,0,0,0,0,是-商品卡免佣,0.15,义乌市黎既电子商务商行（个体工商户）,订单结算
2026-04-20 10:18:28,'2026042010182315856110182131,入账,3.78,聚合账户,货款结算入账,小店自卖,'6952128403908466244,'6952128403908466244,'SS76296764655335511230141,2026-04-16 11:27:21,'3673976773902729360,发夹女后脑勺珍珠发卡大号盘发鲨鱼夹韩国ins网红气质头饰抓发夹,,,普通订单,3.8,0.9,0,0,0,0,0,0,0,0,0,0,-0.02,0,0,0,0,0,0,是-商品卡免佣,0.15,义乌市黎既电子商务商行（个体工商户）,订单结算
2026-04-20 10:18:28,'2026042010182414687116902131,入账,5.42,聚合账户,货款结算入账,小店自卖,'6925617434208010206,'6925617434208010206,'SS76296891516249219190048,2026-04-15 16:46:31,'3750628400411312862,水钻双面网纱蝴蝶结大抓夹后脑勺盘发发夹高级头饰鲨气质韩版发饰,,,普通订单,5.45,0.8,0,0,0,0,0,0,0,0,0,0,-0.03,0,0,0,0,0,0,是-商品卡免佣,0.22,义乌市黎既电子商务商行（个体工商户）,订单结算
2026-04-20 10:18:46,'2026042010184131499719952131,入账,3.19,聚合账户,货款结算入账,小店自卖,'6925600049119395185,'6925600049119395185,'SS76297120531251366860177,2026-04-15 12:43:30,'3811476737385169110,霞光紫~紫色珍珠字母抓夹女2026新款后脑勺鲨鱼夹大号旅行发卡女 ,,,普通订单,3.21,0,0,0,0,0,0,0,0,0,0,0,-0.02,0,0,0,0,0,0,是-商品卡免佣,0.15,义乌市黎既电子商务商行（个体工商户）,订单结算
2026-04-20 10:42:39,'2026042010423516162862602131,出账,1,聚合账户,小额打款,,'6925628761891241037,'6925628761891241037,,,,,,,普通订单,0,0,0,0,0,0,0,0,0,0,0,0,0,0,0,0,0,0,0,,0,义乌市黎既电子商务商行（个体工商户）,商家向消费者小额打款-“其他”
2026-04-20 10:45:48,'2026042010454537934702442131,出账,2,聚合账户,小额打款,,'6925673874218975172,'6925673874218975172,,,,,,,普通订单,0,0,0,0,0,0,0,0,0,0,0,0,0,0,0,0,0,0,0,,0,义乌市黎既电子商务商行（个体工商户）,商家向消费者小额打款-“其他”
2026-04-20 10:54:48,'2026042010544437666862272131,出账,1,聚合账户,小额打款,,'6952131953218295783,'6952131953218295783,,,,,,,普通订单,0,0,0,0,0,0,0,0,0,0,0,0,0,0,0,0,0,0,0,,0,义乌市黎既电子商务商行（个体工商户）,商家向消费者小额打款-“其他”
2026-04-20 10:59:11,'2026042010590721371128952131,出账,1,聚合账户,小额打款,,'6952133094741907113,'6952133094741907113,,,,,,,普通订单,0,0,0,0,0,0,0,0,0,0,0,0,0,0,0,0,0,0,0,,0,义乌市黎既电子商务商行（个体工商户）,商家向消费者小额打款-“其他”
2026-04-20 10:59:27,'2026042010592301983616002131,出账,1,聚合账户,小额打款,,'6925559950760377444,'6925559950760377444,,,,,,,普通订单,0,0,0,0,0,0,0,0,0,0,0,0,0,0,0,0,0,0,0,,0,义乌市黎既电子商务商行（个体工商户）,商家向消费者小额打款-“其他”
2026-04-20 11:05:07,'2026042011050322614512642131,出账,1,聚合账户,小额打款,,'6952168915373397775,'6952168915373397775,,,,,,,普通订单,0,0,0,0,0,0,0,0,0,0,0,0,0,0,0,0,0,0,0,,0,义乌市黎既电子商务商行（个体工商户）,商家向消费者小额打款-“其他”
2026-04-20 11:16:51,'2026042011164707953003942131,出账,1,聚合账户,小额打款,,'6951964357182363085,'6951964357182363085,,,,,,,普通订单,0,0,0,0,0,0,0,0,0,0,0,0,0,0,0,0,0,0,0,,0,义乌市黎既电子商务商行（个体工商户）,商家向消费者小额打款-“其他”
2026-04-20 11:20:20,'2026042011201732089874022131,出账,2,聚合账户,小额打款,,'6925592348078538479,'6925592348078538479,,,,,,,普通订单,0,0,0,0,0,0,0,0,0,0,0,0,0,0,0,0,0,0,0,,0,义乌市黎既电子商务商行（个体工商户）,商家向消费者小额打款-“其他”
2026-04-20 11:25:08,'2026042011250407100664702131,出账,2,聚合账户,小额打款,,'6952133739342730681,'6952133739342730681,,,,,,,普通订单,0,0,0,0,0,0,0,0,0,0,0,0,0,0,0,0,0,0,0,,0,义乌市黎既电子商务商行（个体工商户）,商家向消费者小额打款-“其他”
2026-04-20 11:25:31,'2026042011252637463821142131,出账,2,聚合账户,小额打款,,'6925666956162006569,'6925666956162006569,,,,,,,普通订单,0,0,0,0,0,0,0,0,0,0,0,0,0,0,0,0,0,0,0,,0,义乌市黎既电子商务商行（个体工商户）,商家向消费者小额打款-“其他”
2026-04-20 11:32:09,'2026042011320528568128362131,出账,1,聚合账户,小额打款,,'6925645030775487504,'6925645030775487504,,,,,,,普通订单,0,0,0,0,0,0,0,0,0,0,0,0,0,0,0,0,0,0,0,,0,义乌市黎既电子商务商行（个体工商户）,商家向消费者小额打款-“其他”
2026-04-20 11:34:23,'2026042011341833228562262131,出账,2,聚合账户,小额打款,,'6952138318549161545,'6952138318549161545,,,,,,,普通订单,0,0,0,0,0,0,0,0,0,0,0,0,0,0,0,0,0,0,0,,0,义乌市黎既电子商务商行（个体工商户）,商家向消费者小额打款-“其他”
2026-04-20 11:37:37,'2026042011373237170055832131,出账,2,聚合账户,小额打款,,'6952075878059283773,'6952075878059283773,,,,,,,普通订单,0,0,0,0,0,0,0,0,0,0,0,0,0,0,0,0,0,0,0,,0,义乌市黎既电子商务商行（个体工商户）,商家向消费者小额打款-“其他”
2026-04-20 11:40:03,'2026042011395911751470622131,出账,2,聚合账户,小额打款,,'6925668534671933250,'6925668534671933250,,,,,,,普通订单,0,0,0,0,0,0,0,0,0,0,0,0,0,0,0,0,0,0,0,,0,义乌市黎既电子商务商行（个体工商户）,商家向消费者小额打款-“其他”
2026-04-20 11:40:18,'2026042011401410540162962131,出账,2,聚合账户,小额打款,,'6952056753784166099,'6952056753784166099,,,,,,,普通订单,0,0,0,0,0,0,0,0,0,0,0,0,0,0,0,0,0,0,0,,0,义乌市黎既电子商务商行（个体工商户）,商家向消费者小额打款-“其他”
2026-04-20 11:44:38,'2026042011443429165327452131,出账,2,聚合账户,小额打款,,'6925632800743521969,'6925632800743521969,,,,,,,普通订单,0,0,0,0,0,0,0,0,0,0,0,0,0,0,0,0,0,0,0,,0,义乌市黎既电子商务商行（个体工商户）,商家向消费者小额打款-“其他”
2026-04-20 11:44:57,'2026042011445117166996572131,出账,2,聚合账户,小额打款,,'6925572420910415732,'6925572420910415732,,,,,,,普通订单,0,0,0,0,0,0,0,0,0,0,0,0,0,0,0,0,0,0,0,,0,义乌市黎既电子商务商行（个体工商户）,商家向消费者小额打款-“其他”
2026-04-20 11:52:26,'2026042011522113855793162131,出账,2,聚合账户,小额打款,,'6952125571249214918,'6952125571249214918,,,,,,,普通订单,0,0,0,0,0,0,0,0,0,0,0,0,0,0,0,0,0,0,0,,0,义乌市黎既电子商务商行（个体工商户）,商家向消费者小额打款-“其他”
2026-04-20 11:55:06,'2026042011550034110513062131,出账,2,聚合账户,小额打款,,'6925674648525569056,'6925674648525569056,,,,,,,普通订单,0,0,0,0,0,0,0,0,0,0,0,0,0,0,0,0,0,0,0,,0,义乌市黎既电子商务商行（个体工商户）,商家向消费者小额打款-“其他”
2026-04-20 12:05:05,'2026042012050008985479872131,出账,2,聚合账户,小额打款,,'6952153851848627313,'6952153851848627313,,,,,,,普通订单,0,0,0,0,0,0,0,0,0,0,0,0,0,0,0,0,0,0,0,,0,义乌市黎既电子商务商行（个体工商户）,商家向消费者小额打款-“其他”
2026-04-20 12:14:10,'2026042012140532006190542131,出账,2,聚合账户,小额打款,,'6925651389216620518,'6925651389216620518,,,,,,,普通订单,0,0,0,0,0,0,0,0,0,0,0,0,0,0,0,0,0,0,0,,0,义乌市黎既电子商务商行（个体工商户）,商家向消费者小额打款-“其他”
2026-04-20 12:22:38,'2026042012223232382815152131,出账,2,聚合账户,小额打款,,'6952072328947111866,'6952072328947111866,,,,,,,普通订单,0,0,0,0,0,0,0,0,0,0,0,0,0,0,0,0,0,0,0,,0,义乌市黎既电子商务商行（个体工商户）,商家向消费者小额打款-“其他”
2026-04-20 12:23:25,'2026042012231832759321872131,出账,2,聚合账户,小额打款,,'6925591796429389427,'6925591796429389427,,,,,,,普通订单,0,0,0,0,0,0,0,0,0,0,0,0,0,0,0,0,0,0,0,,0,义乌市黎既电子商务商行（个体工商户）,商家向消费者小额打款-“其他”
2026-04-20 12:25:50,'2026042012254522146954662131,入账,2.43,聚合账户,货款结算入账,精选联盟,'6952076897158042979,'6952076897158042979,'SS76297103000858304350131,2026-04-14 17:10:14,'3784368456477049055,韩国气质碎钻满天星抓夹女后脑勺半扎发鲨鱼夹发量少百搭发卡头饰,'0,,普通订单,0.01,0,0,2.68,0,0,0,0,0,0,0,0,-0.13,0,0,0,0,-0.13,0,,0,义乌市黎既电子商务商行（个体工商户）,订单结算
2026-04-20 12:25:50,'2026042012254423872315512131,入账,6.23,聚合账户,货款结算入账,小店自卖,'6951953585930835127,'6951953585930835127,'SS76295533877467717460194,2026-04-09 19:06:27,'3677505925100470553,宝宝碎发神器女儿童发卡后脑勺隐形倒插梳整理刘海碎发梳女童发夹,,,普通订单,4.27,0,0,2,0,0,0,0,0,0,0,0,-0.04,0,0,0,0,0,0,是-商品卡免佣,0.29,义乌市黎既电子商务商行（个体工商户）,订单结算
2026-04-20 12:25:50,'2026042012254335705495582131,入账,3.64,聚合账户,货款结算入账,小店自卖,'6951946619350947406,'6951946619350947406,'SS76295562696190858600144,2026-04-09 17:15:05,'3784368456477049055,韩国气质碎钻满天星抓夹女后脑勺半扎发鲨鱼夹发量少百搭发卡头饰,,,普通订单,0.83,0,0,3,0,0,0,0,0,0,0,0,-0.19,0,0,0,0,0,0,,0,义乌市黎既电子商务商行（个体工商户）,订单结算
2026-04-20 12:25:50,'2026042012254506467261962131,入账,3.67,聚合账户,货款结算入账,小店自卖,'6951934568182191294,'6951934568182191294,'SS76296066755332183440139,2026-04-10 09:30:47,'3750791789322306375,刘海夹前额洋气闪钻轻奢植绒复古夹子双层侧边夹碎发整理夹子女,,,普通订单,0.46,0.45,0,3.4,0,0,0,0,0,0,0,0,-0.19,0,0,0,0,0,0,,0,义乌市黎既电子商务商行（个体工商户）,订单结算
2026-04-20 12:25:50,'2026042012254436036490392131,入账,3.14,聚合账户,货款结算入账,小店自卖,'6952035482950374629,'6952035482950374629,'SS76296776025335403620222,2026-04-13 20:00:09,'3796640026289373330,蝴蝶结鸭嘴夹小香风毛呢爆款发夹后脑勺气质洋气盘发一字夹子,,,普通订单,0.16,0,0,3,0,0,0,0,0,0,0,0,-0.02,0,0,0,0,0,0,是-商品卡免佣,0.15,义乌市黎既电子商务商行（个体工商户）,订单结算
2026-04-20 12:25:50,'2026042012254520437243242131,入账,2.15,聚合账户,货款结算入账,小店自卖,'6925590631993867692,'6925590631993867692,'SS76297017659276006750200,2026-04-14 23:06:07,'3806293802847699345,韩式豹纹波点褶皱高级扭扭马尾卡通风香蕉发夹后脑勺显发发卡头饰,,,普通订单,2.16,0,0,0,0,0,0,0,0,0,0,0,-0.01,0,0,0,0,0,0,是-商品卡免佣,0.07,义乌市黎既电子商务商行（个体工商户）,订单结算
2026-04-20 12:25:50,'2026042012254307648381632131,入账,2.67,聚合账户,货款结算入账,小店自卖,'6952008123720931172,'6952008123720931172,'SS76296393942541931670114,2026-04-11 23:45:56,'3784368456477049055,韩国气质碎钻满天星抓夹女后脑勺半扎发鲨鱼夹发量少百搭发卡头饰,,,普通订单,0.69,0,0,2,0,0,0,0,0,0,0,0,-0.02,0,0,0,0,0,0,是-商品卡免佣,0.15,义乌市黎既电子商务商行（个体工商户）,订单结算
2026-04-20 12:25:50,'2026042012254427790871462131,入账,3.9,聚合账户,货款结算入账,小店自卖,'6925490048676101628,'6925490048676101628,'SS76296318567450217360107,2026-04-10 14:16:35,'3806280662462366067,kitty猫~刘海贴精致可爱甜美少女棉花糖猫兔碎发贴魔术贴无痕发饰,,,普通订单,3.92,0,0,0,0,0,0,0,0,0,0,0,-0.02,0,0,0,0,0,0,是-商品卡免佣,0.15,义乌市黎既电子商务商行（个体工商户）,订单结算
2026-04-20 12:25:50,'2026042012254324843553622131,入账,1.95,聚合账户,货款结算入账,小店自卖,'6951967859715085316,'6951967859715085316,'SS76295586436760046580227,2026-04-10 10:50:41,'3806280662462366067,kitty猫~刘海贴精致可爱甜美少女棉花糖猫兔碎发贴魔术贴无痕发饰,,,普通订单,0.01,0,0,1.95,0,0,0,0,0,0,0,0,-0.01,0,0,0,0,0,0,是-商品卡免佣,0.07,义乌市黎既电子商务商行（个体工商户）,订单结算
2026-04-20 12:25:50,'2026042012254425849367192131,入账,3.14,聚合账户,货款结算入账,小店自卖,'6951952903912429486,'6951952903912429486,'SS76296562562738097150005,2026-04-10 15:39:27,'3796640026289373330,蝴蝶结鸭嘴夹小香风毛呢爆款发夹后脑勺气质洋气盘发一字夹子,,,普通订单,3.16,0,0,0,0,0,0,0,0,0,0,0,-0.02,0,0,0,0,0,0,是-商品卡免佣,0.15,义乌市黎既电子商务商行（个体工商户）,订单结算
2026-04-20 12:25:50,'2026042012254109254548912131,入账,2.63,聚合账户,货款结算入账,精选联盟,'6925569347995139678,'6925569347995139678,'SS76297064131448837310158,2026-04-14 09:08:49,'3809232346448789758,新款洗脸专用压发带齿防滑发箍女碎发头箍高颅顶头饰防掉百搭头饰,'0,,普通订单,0.01,0,0,2.92,0,0,0,0,0,0,0,0,-0.15,0,0,0,0,-0.15,0,,0,义乌市黎既电子商务商行（个体工商户）,订单结算
2026-04-20 12:25:50,'2026042012254434990006182131,入账,3.14,聚合账户,货款结算入账,小店自卖,'6952051752460096807,'6952051752460096807,'SS76296328825303577700058,2026-04-14 02:47:46,'3796640026289373330,蝴蝶结鸭嘴夹小香风毛呢爆款发夹后脑勺气质洋气盘发一字夹子,,,普通订单,3.16,0,0,0,0,0,0,0,0,0,0,0,-0.02,0,0,0,0,0,0,是-商品卡免佣,0.15,义乌市黎既电子商务商行（个体工商户）,订单结算
2026-04-20 12:25:50,'2026042012254530242250782131,入账,1.95,聚合账户,货款结算入账,小店自卖,'6925464842802396787,'6925464842802331251,'SS76296577780140815360126,2026-04-09 17:46:39,'3806280662462366067,kitty猫~刘海贴精致可爱甜美少女棉花糖猫兔碎发贴魔术贴无痕发饰,,,普通订单,1.96,0,0,0,0,0,0,0,0,0,0,0,-0.01,0,0,0,0,0,0,是-商品卡免佣,0.07,义乌市黎既电子商务商行（个体工商户）,订单结算
2026-04-20 12:25:50,'2026042012254512720545622131,入账,2.15,聚合账户,货款结算入账,小店自卖,'6951945932988290390,'6951945932988290390,'SS76295998447904568840193,2026-04-10 10:32:12,'3753547567250669687,韩版2025新款高级感蝴蝶结发带女绑头发头绳马尾飘带大肠发圈头饰,,,普通订单,0.16,0,0,2,0,0,0,0,0,0,0,0,-0.01,0,0,0,0,0,0,是-商品卡免佣,0.07,义乌市黎既电子商务商行（个体工商户）,订单结算
2026-04-20 12:25:50,'2026042012254321630820262131,入账,2.81,聚合账户,货款结算入账,小店自卖,'6925533285495569944,'6925533285495569944,'SS76295491898564943760231,2026-04-12 12:32:55,'3767836959792300411,法式高级感超大号弧形抓夹女新款后脑勺盘发夹发量大鲨鱼夹发卡夹,,,普通订单,2.83,0,0,0,0,0,0,0,0,0,0,0,-0.02,0,0,0,0,0,0,是-商品卡免佣,0.15,义乌市黎既电子商务商行（个体工商户）,订单结算
2026-04-20 12:25:50,'2026042012254502064594112131,入账,1.85,聚合账户,货款结算入账,小店自卖,'6925462493413276941,'6925462493413276941,'SS76296090375751112200118,2026-04-09 20:01:21,'3763932675732275215,简约高马尾香蕉夹抓夹女高级感2025新款大号一字扭扭夹发夹发饰夏,,,普通订单,0.01,0,0,1.94,0,0,0,0,0,0,0,0,-0.1,0,0,0,0,0,0,,0,义乌市黎既电子商务商行（个体工商户）,订单结算
2026-04-20 12:25:50,'2026042012254416333419932131,入账,2.56,聚合账户,货款结算入账,小店自卖,'6925358721747287375,'6925358721747287375,'SS76295831316804575120173,2026-04-04 22:09:56,'3784368456477049055,韩国气质碎钻满天星抓夹女后脑勺半扎发鲨鱼夹发量少百搭发卡头饰,,,普通订单,0.01,0,0,2.68,0,0,0,0,0,0,0,0,-0.13,0,0,0,0,0,0,,0,义乌市黎既电子商务商行（个体工商户）,订单结算
2026-04-20 12:25:51,'2026042012254621223345002131,入账,5.52,聚合账户,货款结算入账,小店自卖,'6925581899094392737,'6925581899094392737,'SS76297028271715781390163,2026-04-13 19:52:36,'3757657178757005484,简约彩色蝴蝶结鸭嘴夹韩系女孩后脑勺高级感大号儿童发夹早春头饰,,,普通订单,5.55,0,0,0,0,0,0,0,0,0,0,0,-0.03,0,0,0,0,0,0,是-商品卡免佣,0.22,义乌市黎既电子商务商行（个体工商户）,订单结算
2026-04-20 12:25:51,'2026042012254501323507632131,入账,2.41,聚合账户,货款结算入账,小店自卖,'6925513306515537502,'6925513306515537502,'SS76295955773797217470245,2026-04-11 09:51:41,'3756006936349377351,向日葵发绳女小清新扎马尾头绳可爱甜美大肠发圈丸子头高弹力耐用,,,普通订单,0.01,0,0,2.53,0,0,0,0,0,0,0,0,-0.13,0,0,0,0,0,0,,0,义乌市黎既电子商务商行（个体工商户）,订单结算
2026-04-20 12:25:51,'2026042012254504845903762131,入账,2.63,聚合账户,货款结算入账,小店自卖,'6951950418236347636,'6951950418236347636,'SS76296322401165150810093,2026-04-10 13:00:03,'3763932448057065566,磨砂扭扭香蕉夹高马尾大号发夹后脑勺竖夹发卡韩国气质女夹子头饰,,,普通订单,2.65,0.89,0,0,0,0,0,0,0,0,0,0,-0.02,0,0,0,0,0,0,是-商品卡免佣,0.15,义乌市黎既电子商务商行（个体工商户）,订单结算
2026-04-20 12:25:51,'2026042012254527940009422131,入账,4.6,聚合账户,货款结算入账,小店自卖,'6952047680241473176,'6952047680241473176,'SS76296939532977769060084,2026-04-14 12:27:29,'3761395105840365661,高级感水钻满天星发夹女后脑勺盘发神器发卡青蛙夹扭扭夹发卡头饰,,,普通订单,4.63,0,0,0,0,0,0,0,0,0,0,0,-0.03,0,0,0,0,0,0,是-商品卡免佣,0.22,义乌市黎既电子商务商行（个体工商户）,订单结算
2026-04-20 12:25:51,'2026042012254439728422832131,入账,6.27,聚合账户,货款结算入账,小店自卖,'6925565065502883365,'6925565065502883365,'SS76295163896879357950083,2026-04-13 12:17:02,'3677688974350090705,新款女童粘发帖魔术贴发带刘海固定发箍儿童发饰头饰碎发神器可爱,,,普通订单,6.31,0.55,0,0,0,0,0,0,0,0,0,0,-0.04,0,0,0,0,0,0,是-商品卡免佣,0.29,义乌市黎既电子商务商行（个体工商户）,订单结算
2026-04-20 12:25:51,'2026042012254620174935382131,入账,4.35,聚合账户,货款结算入账,小店自卖,'6952035532152248055,'6952035532152248055,'SS76296111909158630460220,2026-04-13 20:41:29,'3780083193793872223,简约磨砂发夹弹簧夹后脑勺盘发夹子一字时尚半扎抓发固定少女边夹,,,普通订单,4.38,0.89,0,0,0,0,0,0,0,0,0,0,-0.03,0,0,0,0,0,0,是-商品卡免佣,0.22,义乌市黎既电子商务商行（个体工商户）,订单结算
2026-04-20 12:25:51,'2026042012254605080522602131,入账,4.49,聚合账户,货款结算入账,小店自卖,'6951961081879533370,'6951961081879533370,'SS76295998508333964860078,2026-04-10 11:34:11,'3806431274114089028,格纹蝴蝶结头花植绒小熊发圈韩系可爱百搭扎马尾头绳发饰新款发绳,,,普通订单,4.73,0,0,0,0,0,0,0,0,0,0,0,-0.24,0,0,0,0,0,0,,0,义乌市黎既电子商务商行（个体工商户）,订单结算
2026-04-20 12:25:51,'2026042012254536254848512131,入账,3.45,聚合账户,货款结算入账,精选联盟,'6952067113072071915,'6952067113072071915,'SS76297501874387359140189,2026-04-14 03:52:21,'3784368456477049055,韩国气质碎钻满天星抓夹女后脑勺半扎发鲨鱼夹发量少百搭发卡头饰,'0,,普通订单,0.01,0,0,3.82,0,0,0,0,0,0,0,0,-0.19,0,0,0,0,-0.19,0,,0,义乌市黎既电子商务商行（个体工商户）,订单结算
2026-04-20 12:25:51,'2026042012254329697029482131,入账,6.15,聚合账户,货款结算入账,小店自卖,'6925479741316759456,'6925479741316759456,'SS76296066622819371580083,2026-04-10 12:59:29,'3751345399902896376,儿童发饰后脑勺碎发神器发梳女童刘海插梳整理发卡网红发夹头饰女,,,普通订单,6.19,0.55,0,0,0,0,0,0,0,0,0,0,-0.04,0,0,0,0,0,0,是-商品卡免佣,0.29,义乌市黎既电子商务商行（个体工商户）,订单结算
2026-04-20 12:25:51,'2026042012254518473784722131,入账,2.56,聚合账户,货款结算入账,小店自卖,'6951934599938905608,'6951934599938905608,'SS76295561237077363600050,2026-04-10 09:45:26,'3784368456477049055,韩国气质碎钻满天星抓夹女后脑勺半扎发鲨鱼夹发量少百搭发卡头饰,,,普通订单,2.69,0,0,0,0,0,0,0,0,0,0,0,-0.13,0,0,0,0,0,0,,0,义乌市黎既电子商务商行（个体工商户）,订单结算
2026-04-20 12:25:51,'2026042012254705417700102131,入账,3.81,聚合账户,货款结算入账,小店自卖,'6951942914473661700,'6951942914473661700,'SS76295562924338099620192,2026-04-10 03:57:37,'3784368456477049055,韩国气质碎钻满天星抓夹女后脑勺半扎发鲨鱼夹发量少百搭发卡头饰,,,普通订单,3.83,0,0,0,0,0,0,0,0,0,0,0,-0.02,0,0,0,0,0,0,是-商品卡免佣,0.15,义乌市黎既电子商务商行（个体工商户）,订单结算
2026-04-20 12:25:51,'2026042012254728776210342131,入账,3.68,聚合账户,货款结算入账,小店自卖,'6925525683138166179,'6925525683138166179,'SS76297458586990021620122,2026-04-11 22:21:58,'3809235146834575749,可爱新春小狗香蕉夹女高马尾扭扭夹红色竖夹高级感2026韩新款发夹,,,普通订单,3.7,0,0,0,0,0,0,0,0,0,0,0,-0.02,0,0,0,0,0,0,是-商品卡免佣,0.15,义乌市黎既电子商务商行（个体工商户）,订单结算
2026-04-20 12:25:51,'2026042012254420118572062131,入账,3.72,聚合账户,货款结算入账,小店自卖,'6925531738021002279,'6925531738021002279,'SS76296126367828877300178,2026-04-12 13:24:43,'3768243884530991364,2025新款简约高颅顶发箍高级发箍女时尚发卡压发洗脸头箍百搭饰品,,,普通订单,3.74,0,0,0,0,0,0,0,0,0,0,0,-0.02,0,0,0,0,0,0,是-商品卡免佣,0.15,义乌市黎既电子商务商行（个体工商户）,订单结算
2026-04-20 12:25:51,'2026042012254801176210192131,入账,5.02,聚合账户,货款结算入账,小店自卖,'6951952454192993738,'6951952454192993738,'SS76296140712600540260073,2026-04-10 11:02:31,'3790878995596312771,韩系黑色波点布艺褶皱高马尾香蕉夹竖夹新款豹纹发夹气质百搭发饰,,,普通订单,5.05,0,0,0,0,0,0,0,0,0,0,0,-0.03,0,0,0,0,0,0,是-商品卡免佣,0.22,义乌市黎既电子商务商行（个体工商户）,订单结算
2026-04-20 12:25:51,'2026042012254405007283392131,入账,2.56,聚合账户,货款结算入账,小店自卖,'6925589491236372278,'6925589491236372278,'SS76297570162286474390151,2026-04-14 15:18:28,'3784368456477049055,韩国气质碎钻满天星抓夹女后脑勺半扎发鲨鱼夹发量少百搭发卡头饰,,,普通订单,2.69,0,0,0,0,0,0,0,0,0,0,0,-0.13,0,0,0,0,0,0,,0,义乌市黎既电子商务商行（个体工商户）,订单结算
2026-04-20 12:25:51,'2026042012254526594352792131,入账,3.75,聚合账户,货款结算入账,小店自卖,'6951947027820319877,'6951947027820319877,'SS76296148141761213860068,2026-04-09 22:20:03,'3746150076641313252,网红简约ins纯色宽边发带高颅顶白色发箍女运动健身夏季头饰发饰,,,普通订单,3.77,0.9,0,0,0,0,0,0,0,0,0,0,-0.02,0,0,0,0,0,0,是-商品卡免佣,0.15,义乌市黎既电子商务商行（个体工商户）,订单结算
2026-04-20 12:25:51,'2026042012254321632786342131,入账,3.81,聚合账户,货款结算入账,小店自卖,'6925469898696982307,'6925469898696982307,'SS76296065597830600180202,2026-04-10 00:06:20,'3784368456477049055,韩国气质碎钻满天星抓夹女后脑勺半扎发鲨鱼夹发量少百搭发卡头饰,,,普通订单,3.83,0,0,0,0,0,0,0,0,0,0,0,-0.02,0,0,0,0,0,0,是-商品卡免佣,0.15,义乌市黎既电子商务商行（个体工商户）,订单结算
2026-04-20 12:25:51,'2026042012254335325711762131,入账,4.94,聚合账户,货款结算入账,小店自卖,'6925465278264540699,'6925465278264540699,'SS76295533723313157530240,2026-04-09 21:05:31,'3769870193174642697,2025春夏新款轻奢边夹时尚气质一字发夹女后脑勺扭扭夹女,,,普通订单,4.97,0,0,0,0,0,0,0,0,0,0,0,-0.03,0,0,0,0,0,0,是-商品卡免佣,0.22,义乌市黎既电子商务商行（个体工商户）,订单结算
2026-04-20 12:25:51,'2026042012254613723896662131,入账,1.09,聚合账户,货款结算入账,小店自卖,'6951997657886889872,'6951997657886889872,'SS76289671853998290180123,2026-04-12 13:24:16,'3742849967501476190,可爱小女孩网红爆款树脂发饰高颅顶神器女士童通用梳马尾头饰发饰,,,普通订单,10.01,1.15,0,0,0,0,0,0,0,0,0,-8.86,-0.06,0,0,0,0,0,0,,0,义乌市黎既电子商务商行（个体工商户）,订单结算
2026-04-20 12:25:51,'2026042012254615269074262131,入账,3.51,聚合账户,货款结算入账,小店自卖,'6952040798822930091,'6952040798822930091,'SS76296441112512271620181,2026-04-14 09:37:41,'3809235146834575749,可爱新春小狗香蕉夹女高马尾扭扭夹红色竖夹高级感2026韩新款发夹,,,普通订单,3.7,0,0,0,0,0,0,0,0,0,0,0,-0.19,0,0,0,0,0,0,,0,义乌市黎既电子商务商行（个体工商户）,订单结算
2026-04-20 12:25:51,'2026042012254625085386652131,入账,3.76,聚合账户,货款结算入账,小店自卖,'6925469930203085893,'6925469930203085893,'SS76295522874758927460209,2026-04-10 00:46:37,'3806479482789953902,新款蓝楹蝶!甜美氛围感头花侧边夹旅行发卡！早春气质蓝色花朵发夹,,,普通订单,3.96,0,0,0,0,0,0,0,0,0,0,0,-0.2,0,0,0,0,0,0,,0,义乌市黎既电子商务商行（个体工商户）,订单结算
2026-04-20 12:25:51,'2026042012254527939681742131,入账,2.77,聚合账户,货款结算入账,小店自卖,'6952044779665167542,'6952044779665167542,'SS76296562612315425790192,2026-04-13 21:28:33,'3704406262902030790,高级感磨砂交叉抓夹盘复古头饰简约气质时尚鲨鱼夹后脑勺发饰头饰,,,普通订单,2.79,0.9,0,0,0,0,0,0,0,0,0,0,-0.02,0,0,0,0,0,0,是-商品卡免佣,0.15,义乌市黎既电子商务商行（个体工商户）,订单结算
2026-04-20 12:25:51,'2026042012254610039467942131,入账,3.75,聚合账户,货款结算入账,小店自卖,'6925606526038933043,'6925606526038933043,'SS76296675305668449430177,2026-04-15 02:22:23,'3746150076641313252,网红简约ins纯色宽边发带高颅顶白色发箍女运动健身夏季头饰发饰,,,普通订单,3.77,0.9,0,0,0,0,0,0,0,0,0,0,-0.02,0,0,0,0,0,0,是-商品卡免佣,0.15,义乌市黎既电子商务商行（个体工商户）,订单结算
2026-04-20 12:30:14,'2026042012301032715573852131,出账,1,聚合账户,小额打款,,'6925556195779771572,'6925556195779771572,,,,,,,普通订单,0,0,0,0,0,0,0,0,0,0,0,0,0,0,0,0,0,0,0,,0,义乌市黎既电子商务商行（个体工商户）,商家向消费者小额打款-“其他”
2026-04-20 12:30:51,'2026042012304539979425822131,出账,1,聚合账户,小额打款,,'6925620554812784029,'6925620554812784029,,,,,,,普通订单,0,0,0,0,0,0,0,0,0,0,0,0,0,0,0,0,0,0,0,,0,义乌市黎既电子商务商行（个体工商户）,商家向消费者小额打款-“其他”
2026-04-20 12:30:55,'2026042012305024933337982131,入账,2.56,聚合账户,货款结算入账,小店自卖,'6925480594440945565,'6925480594440945565,'SS76295560474685650440165,2026-04-09 23:43:17,'3784368456477049055,韩国气质碎钻满天星抓夹女后脑勺半扎发鲨鱼夹发量少百搭发卡头饰,,,普通订单,0.68,0,0,2.01,0,0,0,0,0,0,0,0,-0.13,0,0,0,0,0,0,,0,义乌市黎既电子商务商行（个体工商户）,订单结算
2026-04-20 12:31:49,'2026042012314438976069392131,入账,3.75,聚合账户,货款结算入账,小店自卖,'6925458521062735141,'6925458521062735141,'SS76296148915357455870137,2026-04-09 17:54:43,'3746150076641313252,网红简约ins纯色宽边发带高颅顶白色发箍女运动健身夏季头饰发饰,,,普通订单,0.91,0.9,0,2.86,0,0,0,0,0,0,0,0,-0.02,0,0,0,0,0,0,是-商品卡免佣,0.15,义乌市黎既电子商务商行（个体工商户）,订单结算
2026-04-20 12:31:49,'2026042012314422114803832131,入账,7.36,聚合账户,货款结算入账,小店自卖,'6951931537619948894,'6951931537619948894,'SS76295517323689866580201,2026-04-09 18:22:07,'3796640026289373330,蝴蝶结鸭嘴夹小香风毛呢爆款发夹后脑勺气质洋气盘发一字夹子,,,普通订单,4.75,0,0,3,0,0,0,0,0,0,0,0,-0.39,0,0,0,0,0,0,,0,义乌市黎既电子商务商行（个体工商户）,订单结算
2026-04-20 12:31:49,'2026042012314429962734482131,入账,9.51,聚合账户,货款结算入账,小店自卖,'6951948109229987052,'6951948109229987052,'SS76296544009904461230078,2026-04-10 15:30:14,'3742849967501476190,可爱小女孩网红爆款树脂发饰高颅顶神器女士童通用梳马尾头饰发饰,,,普通订单,10.01,1.15,0,0,0,0,0,0,0,0,0,0,-0.5,0,0,0,0,0,0,,0,义乌市黎既电子商务商行（个体工商户）,订单结算
2026-04-20 12:31:49,'2026042012314409376076902131,入账,3.7,聚合账户,货款结算入账,小店自卖,'6925469063431225061,'6925469063431225061,'SS76296063143774298120236,2026-04-09 17:36:34,'3782115499152900523,复古豹纹波点褶皱香蕉夹女高级感马尾扭扭竖夹后脑勺显发量发卡,,,普通订单,3.72,0,0,0,0,0,0,0,0,0,0,0,-0.02,0,0,0,0,0,0,是-商品卡免佣,0.15,义乌市黎既电子商务商行（个体工商户）,订单结算
2026-04-20 12:31:49,'2026042012314323667842942131,入账,5.66,聚合账户,货款结算入账,小店自卖,'6925532761893862731,'6925532761893862731,'SS76296980263879030390019,2026-04-12 09:26:03,'3806445127413661953,日韩风格纹蝴蝶结发夹学院风少女马尾香蕉夹后脑勺盘发一字夹竖夹,,,普通订单,5.83,0,0,0.13,0,0,0,0,0,0,0,0,-0.3,0,0,0,0,0,0,,0,义乌市黎既电子商务商行（个体工商户）,订单结算
2026-04-20 12:31:49,'2026042012314433557389312131,入账,2.76,聚合账户,货款结算入账,精选联盟,'6925552564685143207,'6925552564685143207,'SS76296640267434276180034,2026-04-13 07:41:43,'3744270820160176625,花朵少女发夹bb边夹侧边氛围感拍照刘海夹前额发卡春天头饰发饰,'0,,普通订单,0.13,0,0,3.04,0,0,0,0,0,0,0,0,-0.16,0,0,0,0,-0.25,0,,0,义乌市黎既电子商务商行（个体工商户）,订单结算
2026-04-20 12:31:49,'2026042012314334447898032131,入账,1.54,聚合账户,货款结算入账,小店自卖,'6951946273552275079F00,'6951946273552275079,'SS76296601393767554900230,2026-04-10 13:46:16,'3673424694561865791,运费单,,,普通订单,1.55,1.55,0,0,0,0,0,0,0,0,0,0,-0.01,0,0,0,0,0,0,是-商品卡免佣,0.07,义乌市黎既电子商务商行（个体工商户）,运费单结算
2026-04-20 12:31:49,'2026042012314414848660582131,入账,9.51,聚合账户,货款结算入账,小店自卖,'6925553192002486173,'6925553192002486173,'SS76295176853498764800143,2026-04-12 14:27:54,'3742849967501476190,可爱小女孩网红爆款树脂发饰高颅顶神器女士童通用梳马尾头饰发饰,,,普通订单,10.01,1.15,0,0,0,0,0,0,0,0,0,0,-0.5,0,0,0,0,0,0,,0,义乌市黎既电子商务商行（个体工商户）,订单结算
2026-04-20 12:31:49,'2026042012314404584251402131,入账,2.69,聚合账户,货款结算入账,小店自卖,'6951967723206940090,'6951967723206940090,'SS76295728823645681160126,2026-04-10 09:14:25,'3790878995596312771,韩系黑色波点布艺褶皱高马尾香蕉夹竖夹新款豹纹发夹气质百搭发饰,,,普通订单,0.4,0.39,0,2.43,0,0,0,0,0,0,0,0,-0.14,0,0,0,0,0,0,,0,义乌市黎既电子商务商行（个体工商户）,订单结算
2026-04-20 12:31:49,'2026042012314417935119632131,入账,3.86,聚合账户,货款结算入账,小店自卖,'6925532761893928267,'6925532761893862731,'SS76296980259716303740002,2026-04-12 09:26:03,'3757678370108866998,夏天百搭醋酸发夹边夹侧边碎发刘海夹女2025新款ins前额bb夹头饰,,,普通订单,3.98,0,0,0.08,0,0,0,0,0,0,0,0,-0.2,0,0,0,0,0,0,,0,义乌市黎既电子商务商行（个体工商户）,订单结算
2026-04-20 12:31:49,'2026042012314420093384062131,入账,2.6,聚合账户,货款结算入账,小店自卖,'6925521859279551882,'6925521859279551882,'SS76296414307887357900101,2026-04-12 07:14:20,'3739529509091803226,2025新款带齿防滑头箍不勒头碎发整理发捆头饰高颅顶大波浪发发饰,,,普通订单,0.62,0,0,2,0,0,0,0,0,0,0,0,-0.02,0,0,0,0,0,0,是-商品卡免佣,0.15,义乌市黎既电子商务商行（个体工商户）,订单结算
2026-04-20 12:31:49,'2026042012314435589535122131,入账,2.69,聚合账户,货款结算入账,小店自卖,'6951815103291594327,'6951815103291594327,'SS76295357086764403550029,2026-04-04 18:05:48,'3800879721751904272,俏皮新奇海绵发箍女2026新款提升颅顶头箍搞怪大眼仔发卡洁面发饰,,,普通订单,0.71,0,0,2,0,0,0,0,0,0,0,0,-0.02,0,0,0,0,0,0,是-商品卡免佣,0.15,义乌市黎既电子商务商行（个体工商户）,订单结算
2026-04-20 12:31:49,'2026042012314415319697922131,入账,3.87,聚合账户,货款结算入账,小店自卖,'6951925026563036582,'6951925026563036582,'SS76295728653480599460221,2026-04-09 22:23:59,'3790878995596312771,韩系黑色波点布艺褶皱高马尾香蕉夹竖夹新款豹纹发夹气质百搭发饰,,,普通订单,0.01,0,0,3.88,0,0,0,0,0,0,0,0,-0.02,0,0,0,0,0,0,是-商品卡免佣,0.15,义乌市黎既电子商务商行（个体工商户）,订单结算
2026-04-20 12:31:49,'2026042012314528691338582131,入账,2.43,聚合账户,货款结算入账,精选联盟,'6952047327159326498,'6952047327159326498,'SS76295486051450885270032,2026-04-14 07:30:01,'3784368456477049055,韩国气质碎钻满天星抓夹女后脑勺半扎发鲨鱼夹发量少百搭发卡头饰,'0,,普通订单,1.89,0,0,0.8,0,0,0,0,0,0,0,0,-0.13,0,0,0,0,-0.13,0,,0,义乌市黎既电子商务商行（个体工商户）,订单结算
2026-04-20 12:31:49,'2026042012314438975086352131,入账,2.67,聚合账户,货款结算入账,小店自卖,'6925489858703031767,'6925489858703031767,'SS76296191435832858120056,2026-04-10 12:42:16,'3784368456477049055,韩国气质碎钻满天星抓夹女后脑勺半扎发鲨鱼夹发量少百搭发卡头饰,,,普通订单,2.69,0,0,0,0,0,0,0,0,0,0,0,-0.02,0,0,0,0,0,0,是-商品卡免佣,0.15,义乌市黎既电子商务商行（个体工商户）,订单结算
2026-04-20 12:31:49,'2026042012314124078093432131,入账,5.69,聚合账户,货款结算入账,小店自卖,'6951926628725626680,'6951926628725626680,'SS76295517340108723390107,2026-04-09 16:02:57,'3677561914218643751,发饰交叉抓夹大号发夹新款盘发卡头饰女简约气质鲨鱼夹后脑勺发爪,,,普通订单,1.16,1.15,0,4.83,0,0,0,0,0,0,0,0,-0.3,0,0,0,0,0,0,,0,义乌市黎既电子商务商行（个体工商户）,订单结算
2026-04-20 12:31:49,'2026042012314234363973392131,入账,3.27,聚合账户,货款结算入账,精选联盟,'6925591526480772825,'6925591526480772825,'SS76296782122138345020188,2026-04-14 13:36:25,'3806450472450130341,新款复古抓夹女豹纹蝴蝶结鲨鱼夹2026后脑勺盘发发夹高级感发饰,'0,,普通订单,0.01,0,0,3.62,0,0,0,0,0,0,0,0,-0.18,0,0,0,0,-0.18,0,,0,义乌市黎既电子商务商行（个体工商户）,订单结算
2026-04-20 12:31:49,'2026042012314502483980992131,入账,4.6,聚合账户,货款结算入账,小店自卖,'6952046450480584390,'6952046450480584390,'SS76297027935754040820237,2026-04-13 17:27:02,'3761395105840365661,高级感水钻满天星发夹女后脑勺盘发神器发卡青蛙夹扭扭夹发卡头饰,,,普通订单,4.63,0,0,0,0,0,0,0,0,0,0,0,-0.03,0,0,0,0,0,0,是-商品卡免佣,0.22,义乌市黎既电子商务商行（个体工商户）,订单结算
2026-04-20 12:31:49,'2026042012314510663204302131,入账,2.63,聚合账户,货款结算入账,小店自卖,'6925521039375433040,'6925521039375433040,'SS76295389736266473460140,2026-04-11 20:50:47,'3763932448057065566,磨砂扭扭香蕉夹高马尾大号发夹后脑勺竖夹发卡韩国气质女夹子头饰,,,普通订单,2.65,0.89,0,0,0,0,0,0,0,0,0,0,-0.02,0,0,0,0,0,0,是-商品卡免佣,0.15,义乌市黎既电子商务商行（个体工商户）,订单结算
2026-04-20 12:31:49,'2026042012314417935447312131,入账,4.94,聚合账户,货款结算入账,小店自卖,'6925472211068157572,'6925472211068157572,'SS76295535218721592840072,2026-04-09 23:48:58,'3769870193174642697,2025春夏新款轻奢边夹时尚气质一字发夹女后脑勺扭扭夹女,,,普通订单,4.97,0,0,0,0,0,0,0,0,0,0,0,-0.03,0,0,0,0,0,0,是-商品卡免佣,0.22,义乌市黎既电子商务商行（个体工商户）,订单结算
2026-04-20 12:31:50,'2026042012314518252805622131,入账,5.69,聚合账户,货款结算入账,小店自卖,'6951947969279366968,'6951947969279366968,'SS76296541303235878810093,2026-04-10 13:38:23,'3753544743284506674,蝴蝶结发带女2025新款飘带头绳大肠发圈高级感扎头发皮筋大圈头绳,,,普通订单,5.72,0.8,0,0,0,0,0,0,0,0,0,0,-0.03,0,0,0,0,0,0,是-商品卡免佣,0.22,义乌市黎既电子商务商行（个体工商户）,订单结算
2026-04-20 12:31:50,'2026042012314135580974582131,入账,2.18,聚合账户,货款结算入账,小店自卖,'6951950744781526091,'6951950744781526091,'SS76296601354195318260034,2026-04-10 16:09:49,'3763604235179130936,夏季新款镶钻一字夹高端感抓夹女网红后脑勺懒人夹盘发夹大鸭嘴夹,,,普通订单,2.19,0.39,0,0,0,0,0,0,0,0,0,0,-0.01,0,0,0,0,0,0,是-商品卡免佣,0.07,义乌市黎既电子商务商行（个体工商户）,订单结算
2026-04-20 12:31:50,'2026042012314535167483142131,入账,2.67,聚合账户,货款结算入账,小店自卖,'6925555338311663430,'6925555338311663430,'SS76296991561630433290156,2026-04-13 10:06:19,'3784368456477049055,韩国气质碎钻满天星抓夹女后脑勺半扎发鲨鱼夹发量少百搭发卡头饰,,,普通订单,2.69,0,0,0,0,0,0,0,0,0,0,0,-0.02,0,0,0,0,0,0,是-商品卡免佣,0.15,义乌市黎既电子商务商行（个体工商户）,订单结算
2026-04-20 12:31:50,'2026042012314531668024382131,入账,2.7,聚合账户,货款结算入账,小店自卖,'6951915634620503371,'6951915634620503371,'SS76295517424104289630044,2026-04-09 16:19:05,'3800132481076822352,水钻发夹爆款进口捷克钻中号高档抓夹盘发4公分闪钻气质洋气发饰,,,普通订单,1.72,0,0,1,0,0,0,0,0,0,0,0,-0.02,0,0,0,0,0,0,是-商品卡免佣,0.15,义乌市黎既电子商务商行（个体工商户）,订单结算
2026-04-20 12:31:50,'2026042012314636410209542131,入账,4.43,聚合账户,货款结算入账,小店自卖,'6925498904211521190,'6925498904211521190,'SS76296604311410614220165,2026-04-10 14:36:25,'3783087235688169935,高颅顶神器发根自然蓬松夹无痕定位夹男女刘海夹鸭嘴夹发卡发夹,,,普通订单,4.46,0,0,0,0,0,0,0,0,0,0,0,-0.03,0,0,0,0,0,0,是-商品卡免佣,0.22,义乌市黎既电子商务商行（个体工商户）,订单结算
2026-04-20 12:31:50,'2026042012314617493199632131,入账,3.96,聚合账户,货款结算入账,小店自卖,'6925554699221630874,'6925554699221630874,'SS76294907096541268740132,2026-04-13 00:20:50,'3763740559714418704,时尚玫瑰花扭扭夹优雅轻奢一字夹盘发新中式发夹2025年新款抓夹,,,普通订单,3.98,0,0,0,0,0,0,0,0,0,0,0,-0.02,0,0,0,0,0,0,是-商品卡免佣,0.15,义乌市黎既电子商务商行（个体工商户）,订单结算
2026-04-20 12:31:50,'2026042012314400093271142131,入账,3.59,聚合账户,货款结算入账,小店自卖,'6952023176737855371,'6952023176737855371,'SS76296525199428001640131,2026-04-13 01:32:50,'3766001784691229117,夏天简约随手盘发一字扭扭夹水钻抓夹高级发夹扭扭后脑勺盘发器,,,普通订单,3.61,0.69,0,0,0,0,0,0,0,0,0,0,-0.02,0,0,0,0,0,0,是-商品卡免佣,0.15,义乌市黎既电子商务商行（个体工商户）,订单结算
2026-04-20 12:31:50,'2026042012314604576425472131,入账,3.91,聚合账户,货款结算入账,小店自卖,'6925465182118641384,'6925465182118641384,'SS76295533550154058750200,2026-04-09 20:17:05,'3747800080678256720,夏季网红新款小草头上发夹长草可爱超萌碎豆芽夹子头顶搞怪发饰,,,普通订单,3.93,0,0,0,0,0,0,0,0,0,0,0,-0.02,0,0,0,0,0,0,是-商品卡免佣,0.15,义乌市黎既电子商务商行（个体工商户）,订单结算
2026-04-20 12:31:50,'2026042012314513104581532131,入账,2.56,聚合账户,货款结算入账,小店自卖,'6925482563517119635,'6925482563517119635,'SS76296074789259512680124,2026-04-09 21:39:24,'3809235146834575749,可爱新春小狗香蕉夹女高马尾扭扭夹红色竖夹高级感2026韩新款发夹,,,普通订单,2.58,0,0,0,0,0,0,0,0,0,0,0,-0.02,0,0,0,0,0,0,是-商品卡免佣,0.15,义乌市黎既电子商务商行（个体工商户）,订单结算
2026-04-20 12:31:50,'2026042012314210804270352131,入账,3.95,聚合账户,货款结算入账,小店自卖,'6925480016277503262,'6925480016277503262,'SS76295728009735053180166,2026-04-09 20:14:04,'3806293802847699345,韩式豹纹波点褶皱高级扭扭马尾卡通风香蕉发夹后脑勺显发发卡头饰,,,普通订单,3.97,0,0,0,0,0,0,0,0,0,0,0,-0.02,0,0,0,0,0,0,是-商品卡免佣,0.15,义乌市黎既电子商务商行（个体工商户）,订单结算
2026-04-20 12:31:50,'2026042012314526601720582131,入账,3.87,聚合账户,货款结算入账,小店自卖,'6951958859201910682,'6951958859201910682,'SS76296066772763779060197,2026-04-10 10:26:21,'3677505925100470553,宝宝碎发神器女儿童发卡后脑勺隐形倒插梳整理刘海碎发梳女童发夹,,,普通订单,3.89,0,0,0,0,0,0,0,0,0,0,0,-0.02,0,0,0,0,0,0,是-商品卡免佣,0.15,义乌市黎既电子商务商行（个体工商户）,订单结算
2026-04-20 12:31:50,'2026042012314338308580222131,入账,4.35,聚合账户,货款结算入账,小店自卖,'6952041123556627599,'6952041123556627599,'SS76297058166433554420053,2026-04-13 09:06:08,'3806285088233226368,韩系~时尚百搭简约女格纹布少女风艺带齿细发箍个性压发箍头箍女,,,普通订单,4.38,0,0,0,0,0,0,0,0,0,0,0,-0.03,0,0,0,0,0,0,是-商品卡免佣,0.22,义乌市黎既电子商务商行（个体工商户）,订单结算
2026-04-20 12:31:50,'2026042012314533643891292131,入账,1.98,聚合账户,货款结算入账,小店自卖,'6951934126102550338,'6951934126102550338,'SS76296163444555658870055,2026-04-09 23:31:15,'3809252416780632234,韩国东大门花朵发夹少女刘海碎发夹小众设计感炫彩色头饰新款发饰,,,普通订单,1.99,0,0,0,0,0,0,0,0,0,0,0,-0.01,0,0,0,0,0,0,是-商品卡免佣,0.07,义乌市黎既电子商务商行（个体工商户）,订单结算
2026-04-20 12:31:50,'2026042012314621014454022131,入账,6.93,聚合账户,货款结算入账,小店自卖,'6925467013319261675,'6925467013319261675,'SS76295517839435371900106,2026-04-09 16:15:33,'3673662071062528248,儿童发夹女孩可爱超萌立体兔子毛绒发卡女童不伤发秋冬刘海夹发饰,,,普通订单,6.97,0,0,0,0,0,0,0,0,0,0,0,-0.04,0,0,0,0,0,0,是-商品卡免佣,0.29,义乌市黎既电子商务商行（个体工商户）,订单结算
2026-04-20 12:31:50,'2026042012314607014162382131,入账,5.08,聚合账户,货款结算入账,小店自卖,'6925469964711066870,'6925469964711066870,'SS76296148318230656510205,2026-04-10 01:53:49,'3746150076641313252,网红简约ins纯色宽边发带高颅顶白色发箍女运动健身夏季头饰发饰,,,普通订单,3.11,0.9,0,2,0,0,0,0,0,0,0,0,-0.03,0,0,0,0,0,0,是-商品卡免佣,0.22,义乌市黎既电子商务商行（个体工商户）,订单结算
2026-04-20 12:31:50,'2026042012314512168566022131,入账,2.94,聚合账户,货款结算入账,小店自卖,'6925502178246033261,'6925502178246033261,'SS76295256535847613900223,2026-04-10 22:41:24,'3677662839465705493,超大号鲨鱼夹ins高颜值方块夹后脑勺盘发抓夹自选发量多发卡发夹,,,普通订单,2.17,0,0,0.93,0,0,0,0,0,0,0,0,-0.16,0,0,0,0,0,0,,0,义乌市黎既电子商务商行（个体工商户）,订单结算
2026-04-20 12:31:50,'2026042012314511168320382131,入账,3.87,聚合账户,货款结算入账,小店自卖,'6925477160678685887,'6925477160678685887,'SS76295728956095040420040,2026-04-10 10:01:03,'3790878995596312771,韩系黑色波点布艺褶皱高马尾香蕉夹竖夹新款豹纹发夹气质百搭发饰,,,普通订单,3.89,0,0,0,0,0,0,0,0,0,0,0,-0.02,0,0,0,0,0,0,是-商品卡免佣,0.15,义乌市黎既电子商务商行（个体工商户）,订单结算
2026-04-20 12:31:50,'2026042012314520815715942131,入账,4.27,聚合账户,货款结算入账,小店自卖,'6925480219566898220,'6925480219566898220,'SS76295992980199017370155,2026-04-09 21:17:10,'3763932508220162617,超仙网纱抓夹水钻蝴蝶结女后脑勺盘发鲨鱼夹发卡大号高档发夹头饰,,,普通订单,4.3,0,0,0,0,0,0,0,0,0,0,0,-0.03,0,0,0,0,0,0,是-商品卡免佣,0.22,义乌市黎既电子商务商行（个体工商户）,订单结算
2026-04-20 12:31:50,'2026042012314503954117622131,入账,4.85,聚合账户,货款结算入账,小店自卖,'6951960941432804497,'6951960941432738961,'SS76296562697981138440209,2026-04-10 10:24:25,'3796640026289373330,蝴蝶结鸭嘴夹小香风毛呢爆款发夹后脑勺气质洋气盘发一字夹子,,,普通订单,4.88,0,0,0,0,0,0,0,0,0,0,0,-0.03,0,0,0,0,0,0,是-商品卡免佣,0.22,义乌市黎既电子商务商行（个体工商户）,订单结算
2026-04-20 12:31:50,'2026042012314414306514022131,入账,10.88,聚合账户,货款结算入账,小店自卖,'6951947814108796864,'6951947814108796864,'SS76296507844764802560236,2026-04-10 12:22:43,'3796640026289373330,蝴蝶结鸭嘴夹小香风毛呢爆款发夹后脑勺气质洋气盘发一字夹子,,,普通订单,8.95,0,0,2,0,0,0,0,0,0,0,0,-0.07,0,0,0,0,0,0,是-商品卡免佣,0.51,义乌市黎既电子商务商行（个体工商户）,订单结算
2026-04-20 12:31:50,'2026042012314609752909312131,入账,2.67,聚合账户,货款结算入账,小店自卖,'6925493222747897598,'6925493222747897598,'SS76297121173777124110203,2026-04-10 20:19:22,'3784368456477049055,韩国气质碎钻满天星抓夹女后脑勺半扎发鲨鱼夹发量少百搭发卡头饰,,,普通订单,0.69,0,0,2,0,0,0,0,0,0,0,0,-0.02,0,0,0,0,0,0,是-商品卡免佣,0.15,义乌市黎既电子商务商行（个体工商户）,订单结算
2026-04-20 12:31:50,'2026042012314535735641692131,入账,10.88,聚合账户,货款结算入账,小店自卖,'6925482873272761696,'6925482873272761696,'SS76296507803572475280131,2026-04-09 23:44:47,'3796640026289373330,蝴蝶结鸭嘴夹小香风毛呢爆款发夹后脑勺气质洋气盘发一字夹子,,,普通订单,10.95,0,0,0,0,0,0,0,0,0,0,0,-0.07,0,0,0,0,0,0,是-商品卡免佣,0.51,义乌市黎既电子商务商行（个体工商户）,订单结算
2026-04-20 12:32:13,'2026042012320734778647542131,入账,2.68,聚合账户,货款结算入账,精选联盟,'6951944197974201904,'6951944197974201904,'SS76296690043443453590046,2026-04-09 12:21:23,'3741348294530564172,韩国FRANCE小号侧边夹一字夹法式简约鸭嘴夹顶发饰,'0,,普通订单,2.52,0,0,0.42,0,0,0,0,0,0,0,0,-0.02,0,0,0,0,-0.24,0,是-商品卡免佣,0.15,义乌市黎既电子商务商行（个体工商户）,订单结算
2026-04-20 12:32:35,'2026042012323004490900572131,入账,8.05,聚合账户,货款结算入账,小店自卖,'6951926749918664138,'6951926749918664138,'SS76296071222086208190137,2026-04-09 17:27:09,'3673057951649759338,小皮筋小女孩头绳发绳透明多彩小号一次性皮筋儿童橡皮筋发饰扎头,,,普通订单,8.1,1.15,0,0,0,0,0,0,0,0,0,0,-0.05,0,0,0,0,0,0,是-商品卡免佣,0.37,义乌市黎既电子商务商行（个体工商户）,订单结算
2026-04-20 12:32:47,'2026042012324101391048062131,入账,2.56,聚合账户,货款结算入账,小店自卖,'6925467591090994341,'6925467591090994341,'SS76295558634495838780234,2026-04-09 20:35:33,'3784368456477049055,韩国气质碎钻满天星抓夹女后脑勺半扎发鲨鱼夹发量少百搭发卡头饰,,,普通订单,0.01,0,0,2.68,0,0,0,0,0,0,0,0,-0.13,0,0,0,0,0,0,,0,义乌市黎既电子商务商行（个体工商户）,订单结算
2026-04-20 12:33:37,'2026042012333212340311312131,入账,1.95,聚合账户,货款结算入账,小店自卖,'6925577859480190944,'6925577859480190944,'SS76297261319022513100205,2026-04-13 22:59:07,'3806280662462366067,kitty猫~刘海贴精致可爱甜美少女棉花糖猫兔碎发贴魔术贴无痕发饰,,,普通订单,0.01,0,0,1.95,0,0,0,0,0,0,0,0,-0.01,0,0,0,0,0,0,是-商品卡免佣,0.07,义乌市黎既电子商务商行（个体工商户）,订单结算
2026-04-20 12:34:29,'2026042012342303299947792131,入账,2.56,聚合账户,货款结算入账,小店自卖,'6925498986325180074,'6925498986325180074,'SS76296408162897597950020,2026-04-10 15:42:09,'3784368456477049055,韩国气质碎钻满天星抓夹女后脑勺半扎发鲨鱼夹发量少百搭发卡头饰,,,普通订单,0.01,0,0,2.68,0,0,0,0,0,0,0,0,-0.13,0,0,0,0,0,0,,0,义乌市黎既电子商务商行（个体工商户）,订单结算
2026-04-20 12:34:35,'2026042012343003261281782131,入账,3.61,聚合账户,货款结算入账,小店自卖,'6951925076376426149,'6951925076376426149,'SS76295534777061873180110,2026-04-09 22:50:40,'3806450472450130341,新款复古抓夹女豹纹蝴蝶结鲨鱼夹2026后脑勺盘发发夹高级感发饰,,,普通订单,0.01,0,0,3.62,0,0,0,0,0,0,0,0,-0.02,0,0,0,0,0,0,是-商品卡免佣,0.15,义乌市黎既电子商务商行（个体工商户）,订单结算
2026-04-20 12:35:57,'2026042012355329121910122131,入账,6.34,聚合账户,货款结算入账,小店自卖,'6951960881900885843,'6951960881900885843,'SS76295991331958131560157,2026-04-10 08:56:56,'3796640026289373330,蝴蝶结鸭嘴夹小香风毛呢爆款发夹后脑勺气质洋气盘发一字夹子,,,普通订单,6.38,0,0,0,0,0,0,0,0,0,0,0,-0.04,0,0,0,0,0,0,是-商品卡免佣,0.29,义乌市黎既电子商务商行（个体工商户）,订单结算
2026-04-20 12:37:10,'2026042012370608392586512131,入账,7.46,聚合账户,货款结算入账,小店自卖,'6925482510272265907,'6925482510272265907,'SS76295995973293837140095,2026-04-09 21:32:19,'3748753642883252673,磨砂花朵盘发器气质树脂绣球花盘发棒 女后脑勺丸子头盘发神器,,,普通订单,7.51,0,0,0,0,0,0,0,0,0,0,0,-0.05,0,0,0,0,0,0,是-商品卡免佣,0.37,义乌市黎既电子商务商行（个体工商户）,订单结算
2026-04-20 12:38:24,'2026042012382212226401372131,入账,2.23,聚合账户,货款结算入账,精选联盟,'6925570544047520796,'6925570544047520796,'SS76295855968318922660029,2026-04-13 16:51:10,'3756914473525444952,新款蝴蝶结简约马尾半夹鲨鱼高级发夹后脑勺半扎发夹子耐摔发卡,'0,,普通订单,0.01,0,0,2.56,0,0,0,0,0,0,0,0,-0.13,0,0,0,0,-0.21,0,,0,义乌市黎既电子商务商行（个体工商户）,订单结算
2026-04-20 12:38:40,'2026042012383614983176082131,入账,4.6,聚合账户,货款结算入账,小店自卖,'6925549826057797573,'6925549826057797573,'SS76296470313506944360242,2026-04-13 04:11:42,'3761395105840365661,高级感水钻满天星发夹女后脑勺盘发神器发卡青蛙夹扭扭夹发卡头饰,,,普通订单,2.63,0,0,2,0,0,0,0,0,0,0,0,-0.03,0,0,0,0,0,0,是-商品卡免佣,0.22,义乌市黎既电子商务商行（个体工商户）,订单结算
2026-04-20 12:39:03,'2026042012390004090273792131,入账,3.87,聚合账户,货款结算入账,小店自卖,'6951936467411211384,'6951936467411211384,'SS76296063015086000740045,2026-04-09 23:42:28,'3790878995596312771,韩系黑色波点布艺褶皱高马尾香蕉夹竖夹新款豹纹发夹气质百搭发饰,,,普通订单,0.89,0,0,3,0,0,0,0,0,0,0,0,-0.02,0,0,0,0,0,0,是-商品卡免佣,0.15,义乌市黎既电子商务商行（个体工商户）,订单结算
2026-04-20 12:42:48,'2026042012424517966533582131,入账,2.43,聚合账户,货款结算入账,精选联盟,'6952095378270065964,'6952095378270065964,'SS76296672601901143420052,2026-04-15 09:47:10,'3784368456477049055,韩国气质碎钻满天星抓夹女后脑勺半扎发鲨鱼夹发量少百搭发卡头饰,'0,,普通订单,0.01,0,0,2.68,0,0,0,0,0,0,0,0,-0.13,0,0,0,0,-0.13,0,,0,义乌市黎既电子商务商行（个体工商户）,订单结算
2026-04-20 12:42:53,'2026042012425107467504642131,入账,1.48,聚合账户,货款结算入账,小店自卖,'6951936887142683965,'6951936887142683965,'SS76295994641220078430187,2026-04-10 10:02:14,'3752993546408427528,新款韩系发饰山茶花公主头抓夹女发夹刘海小巧精致小号发卡迷发夹,,,普通订单,0.01,0,0,1.48,0,0,0,0,0,0,0,0,-0.01,0,0,0,0,0,0,是-商品卡免佣,0.07,义乌市黎既电子商务商行（个体工商户）,订单结算
2026-04-20 12:45:07,'2026042012450403824358922131,入账,2.67,聚合账户,货款结算入账,小店自卖,'6952016519898994009,'6952016519898994009,'SS76295479855248018270153,2026-04-12 22:52:05,'3784368456477049055,韩国气质碎钻满天星抓夹女后脑勺半扎发鲨鱼夹发量少百搭发卡头饰,,,普通订单,0.13,0,0,2.56,0,0,0,0,0,0,0,0,-0.02,0,0,0,0,0,0,是-商品卡免佣,0.15,义乌市黎既电子商务商行（个体工商户）,订单结算
2026-04-20 12:46:40,'2026042012463727473026922131,入账,3,聚合账户,货款结算入账,小店自卖,'6951958344643384819,'6951958344643384819,'SS76295535332567293950049,2026-04-09 23:25:24,'3796640026289373330,蝴蝶结鸭嘴夹小香风毛呢爆款发夹后脑勺气质洋气盘发一字夹子,,,普通订单,0.16,0,0,3,0,0,0,0,0,0,0,0,-0.16,0,0,0,0,0,0,,0,义乌市黎既电子商务商行（个体工商户）,订单结算
2026-04-20 12:47:09,'2026042012470606510026782131,入账,3.34,聚合账户,货款结算入账,小店自卖,'6925542173635673511,'6925542173635673511,'SS76295284029029422350087,2026-04-12 19:16:59,'3806839693081969009,春夏简约随手盘发高级发夹一字扭扭夹水钻抓夹扭扭后脑勺盘发器,,,普通订单,3.36,0,0,0,0,0,0,0,0,0,0,0,-0.02,0,0,0,0,0,0,是-商品卡免佣,0.15,义乌市黎既电子商务商行（个体工商户）,订单结算
2026-04-20 12:48:03,'2026042012480010319508742131,入账,0.99,聚合账户,货款结算入账,小店自卖,'6925651802665287482,'6925651802665287482,'SS76294975611328271790012,2026-04-17 07:00:42,'3747270590684332488,法式闪钻网纱太阳花朵抓夹女高级感2025新款水钻发夹后脑勺鲨鱼夹,,,普通订单,4.97,0,0,0,0,0,0,0,0,0,0,-3.97,-0.01,0,0,0,0,0,0,是-商品卡免佣,0.07,义乌市黎既电子商务商行（个体工商户）,订单结算
2026-04-20 12:48:03,'2026042012475835038174782131,入账,3.01,聚合账户,货款结算入账,小店自卖,'6952121744009205594,'6952121744009205594,'SS76296853480372515900180,2026-04-16 09:14:44,'3677561914218643751,发饰交叉抓夹大号发夹新款盘发卡头饰女简约气质鲨鱼夹后脑勺发爪,,,普通订单,3.03,1.15,0,0,0,0,0,0,0,0,0,0,-0.02,0,0,0,0,0,0,是-商品卡免佣,0.15,义乌市黎既电子商务商行（个体工商户）,订单结算
2026-04-20 12:48:03,'2026042012480017468951312131,入账,1.94,聚合账户,货款结算入账,小店自卖,'6925598869319220632,'6925598869319220632,'SS76296485211089352020089,2026-04-14 22:03:16,'3806839693081969009,春夏简约随手盘发高级发夹一字扭扭夹水钻抓夹扭扭后脑勺盘发器,,,普通订单,1.95,0,0,0,0,0,0,0,0,0,0,0,-0.01,0,0,0,0,0,0,是-商品卡免佣,0.07,义乌市黎既电子商务商行（个体工商户）,订单结算
2026-04-20 12:48:50,'2026042012484733061647822131,入账,3.64,聚合账户,货款结算入账,小店自卖,'6951942329654842419,'6951942329654842419,'SS76295562808979666020001,2026-04-09 18:15:55,'3784368456477049055,韩国气质碎钻满天星抓夹女后脑勺半扎发鲨鱼夹发量少百搭发卡头饰,,,普通订单,0.83,0,0,3,0,0,0,0,0,0,0,0,-0.19,0,0,0,0,0,0,,0,义乌市黎既电子商务商行（个体工商户）,订单结算
2026-04-20 12:51:20,'2026042012511623955256592131,出账,2,聚合账户,小额打款,,'6952159300232287274,'6952159300232287274,,,,,,,普通订单,0,0,0,0,0,0,0,0,0,0,0,0,0,0,0,0,0,0,0,,0,义乌市黎既电子商务商行（个体工商户）,商家向消费者小额打款-“其他”
2026-04-20 12:51:41,'2026042012513711924119542131,入账,1.76,聚合账户,货款结算入账,精选联盟,'6952053931039331882,'6952053931039331882,'SS76296405204502001100074,2026-04-14 02:32:31,'3806280662462366067,kitty猫~刘海贴精致可爱甜美少女棉花糖猫兔碎发贴魔术贴无痕发饰,'0,,普通订单,0.01,0,0,1.95,0,0,0,0,0,0,0,0,-0.1,0,0,0,0,-0.1,0,,0,义乌市黎既电子商务商行（个体工商户）,订单结算
2026-04-20 12:52:05,'2026042012520134907755922131,入账,2.22,聚合账户,货款结算入账,小店自卖,'6951950709725665155,'6951950709725665155,'SS76296596325580147290099,2026-04-10 15:57:47,'3677561914218643751,发饰交叉抓夹大号发夹新款盘发卡头饰女简约气质鲨鱼夹后脑勺发爪,,,普通订单,0.01,1.15,0,0,0,0,0,0,2.22,0,0,0,-0.01,0,0,0,0,0,0,是-商品卡免佣,0.07,义乌市黎既电子商务商行（个体工商户）,订单结算
2026-04-20 12:53:20,'2026042012531736454569342131,入账,2.85,聚合账户,货款结算入账,小店自卖,'6951974825805027156,'6951974825805027156,'SS76296596280842985020058,2026-04-10 16:26:10,'3746539288666439910,夏天新款太阳花网纱抓夹女发夹高马尾夹子固定后脑勺花朵鲨鱼夹,,,普通订单,2.87,0,0,0,0,0,0,0,0,0,0,0,-0.02,0,0,0,0,0,0,是-商品卡免佣,0.15,义乌市黎既电子商务商行（个体工商户）,订单结算
2026-04-20 12:54:33,'2026042012542929278909802131,入账,2.67,聚合账户,货款结算入账,小店自卖,'6952048089816307004,'6952048089816307004,'SS76297193665272550800000,2026-04-13 12:45:41,'3784368456477049055,韩国气质碎钻满天星抓夹女后脑勺半扎发鲨鱼夹发量少百搭发卡头饰,,,普通订单,0.01,0,0,2.68,0,0,0,0,0,0,0,0,-0.02,0,0,0,0,0,0,是-商品卡免佣,0.15,义乌市黎既电子商务商行（个体工商户）,订单结算
2026-04-20 12:55:02,'2026042012545717346074032131,入账,2.56,聚合账户,货款结算入账,小店自卖,'6925462671548185859,'6925462671548185859,'SS76295558744087802880205,2026-04-09 21:20:11,'3784368456477049055,韩国气质碎钻满天星抓夹女后脑勺半扎发鲨鱼夹发量少百搭发卡头饰,,,普通订单,0.01,0,0,2.68,0,0,0,0,0,0,0,0,-0.13,0,0,0,0,0,0,,0,义乌市黎既电子商务商行（个体工商户）,订单结算
2026-04-20 12:56:22,'2026042012561840526978962131,出账,2,聚合账户,小额打款,,'6952044377070507709,'6952044377070507709,,,,,,,普通订单,0,0,0,0,0,0,0,0,0,0,0,0,0,0,0,0,0,0,0,,0,义乌市黎既电子商务商行（个体工商户）,商家向消费者小额打款-“其他”
2026-04-20 12:57:24,'2026042012572038504532982131,出账,2,聚合账户,小额打款,,'6925627039368182995,'6925627039368182995,,,,,,,普通订单,0,0,0,0,0,0,0,0,0,0,0,0,0,0,0,0,0,0,0,,0,义乌市黎既电子商务商行（个体工商户）,商家向消费者小额打款-“其他”
2026-04-20 12:57:27,'2026042012572230503242342131,入账,2.3,聚合账户,货款结算入账,小店自卖,'6925485810322668989,'6925485810322668989,'SS76296601481472292180141,2026-04-10 14:31:09,'3763603455760007587,蝴蝶结头饰赫本风轻奢发饰头绳扎头发黑色欧根纱优雅发绳网纱马尾,,,普通订单,1.27,0,0,1.04,0,0,0,0,0,0,0,0,-0.01,0,0,0,0,0,0,是-商品卡免佣,0.07,义乌市黎既电子商务商行（个体工商户）,订单结算
2026-04-20 12:57:47,'2026042012574406001996992131,入账,5.54,聚合账户,货款结算入账,小店自卖,'6925475995737882122,'6925475995737882122,'SS76295534219895119710002,2026-04-09 20:13:23,'3673408491764187160,头绳女2024新款清新韩版网红ins发圈简约水晶扎头发皮筋手链发绳~,,,普通订单,5.83,0.95,0,0,0,0,0,0,0,0,0,0,-0.29,0,0,0,0,0,0,,0,义乌市黎既电子商务商行（个体工商户）,订单结算
2026-04-20 12:57:55,'2026042012575030162455502131,入账,4.7,聚合账户,货款结算入账,小店自卖,'6951924912526595770,'6951924912526595770,'SS76295535164241185630045,2026-04-09 21:29:39,'3806431274114089028,格纹蝴蝶结头花植绒小熊发圈韩系可爱百搭扎马尾头绳发饰新款发绳,,,普通订单,4.73,0,0,0,0,0,0,0,0,0,0,0,-0.03,0,0,0,0,0,0,是-商品卡免佣,0.22,义乌市黎既电子商务商行（个体工商户）,订单结算
2026-04-20 13:03:51,'2026042013034505735429552131,入账,3.61,聚合账户,货款结算入账,小店自卖,'6925475857880285088,'6925475857880285088,'SS76295517306566907230138,2026-04-09 18:32:07,'3806450472450130341,新款复古抓夹女豹纹蝴蝶结鲨鱼夹2026后脑勺盘发发夹高级感发饰,,,普通订单,1.13,0,0,0,0,0,0,0,2.5,0,0,0,-0.02,0,0,0,0,0,0,是-商品卡免佣,0.15,义乌市黎既电子商务商行（个体工商户）,订单结算
2026-04-20 13:05:09,'2026042013050509317422352131,入账,2.67,聚合账户,货款结算入账,小店自卖,'6925599728441851242,'6925599728441851242,'SS76295590457628472660015,2026-04-15 09:46:46,'3784368456477049055,韩国气质碎钻满天星抓夹女后脑勺半扎发鲨鱼夹发量少百搭发卡头饰,,,普通订单,2.69,0,0,0,0,0,0,0,0,0,0,0,-0.02,0,0,0,0,0,0,是-商品卡免佣,0.15,义乌市黎既电子商务商行（个体工商户）,订单结算
2026-04-20 13:05:30,'2026042013052509967908252131,入账,3.81,聚合账户,货款结算入账,小店自卖,'6925460834915417180,'6925460834915417180,'SS76295562696882757120227,2026-04-09 18:12:24,'3784368456477049055,韩国气质碎钻满天星抓夹女后脑勺半扎发鲨鱼夹发量少百搭发卡头饰,,,普通订单,3.83,0,0,0,0,0,0,0,0,0,0,0,-0.02,0,0,0,0,0,0,是-商品卡免佣,0.15,义乌市黎既电子商务商行（个体工商户）,订单结算
2026-04-20 13:05:47,'2026042013054225179591682131,入账,2.67,聚合账户,货款结算入账,小店自卖,'6925485345541356827,'6925485345541356827,'SS76296150977575652270247,2026-04-10 10:49:03,'3784368456477049055,韩国气质碎钻满天星抓夹女后脑勺半扎发鲨鱼夹发量少百搭发卡头饰,,,普通订单,2.69,0,0,0,0,0,0,0,0,0,0,0,-0.02,0,0,0,0,0,0,是-商品卡免佣,0.15,义乌市黎既电子商务商行（个体工商户）,订单结算
2026-04-20 13:07:03,'2026042013065716244905392131,出账,2,聚合账户,小额打款,,'6952157670273324277,'6952157670273324277,,,,,,,普通订单,0,0,0,0,0,0,0,0,0,0,0,0,0,0,0,0,0,0,0,,0,义乌市黎既电子商务商行（个体工商户）,商家向消费者小额打款-“其他”
2026-04-20 13:09:35,'2026042013092602613089552131,入账,1.15,聚合账户,货款结算入账,小店自卖,'6951938698159855231,'6951938698159855231,'SS76296597525780406220118,2026-04-09 21:19:25,'3769166767633596891,软硅胶抓夹鲨鱼夹安全新款发夹大号防摔不易碎后脑勺盘发夹子发饰,,,普通订单,1.16,0,0,0,0,0,0,0,0,0,0,0,-0.01,0,0,0,0,0,0,是-商品卡免佣,0.07,义乌市黎既电子商务商行（个体工商户）,订单结算
2026-04-20 13:10:31,'2026042013102640449973822131,入账,2.22,聚合账户,货款结算入账,小店自卖,'6951941485288494217,'6951941485288494217,'SS76295993836353336660076,2026-04-10 12:36:17,'3677561914218643751,发饰交叉抓夹大号发夹新款盘发卡头饰女简约气质鲨鱼夹后脑勺发爪,,,普通订单,2.23,1.15,0,0,0,0,0,0,0,0,0,0,-0.01,0,0,0,0,0,0,是-商品卡免佣,0.07,义乌市黎既电子商务商行（个体工商户）,订单结算
2026-04-20 13:15:44,'2026042013153721698483462131,入账,9.91,聚合账户,货款结算入账,小店自卖,'6925467499517869785,'6925467499517869785,'SS76295534486988720740042,2026-04-09 20:10:27,'3673408491764187160,头绳女2024新款清新韩版网红ins发圈简约水晶扎头发皮筋手链发绳~,,,普通订单,9.97,0.95,0,0,0,0,0,0,0,0,0,0,-0.06,0,0,0,0,0,0,是-商品卡免佣,0.44,义乌市黎既电子商务商行（个体工商户）,订单结算
2026-04-20 13:19:32,'2026042013192127569239142131,入账,4.55,聚合账户,货款结算入账,精选联盟,'6952039658716403348,'6952039658716403348,'SS76296340472407987580021,2026-04-13 16:27:39,'3790878995596312771,韩系黑色波点布艺褶皱高马尾香蕉夹竖夹新款豹纹发夹气质百搭发饰,'0,,普通订单,5.05,0,0,0,0,0,0,0,0,0,0,0,-0.25,0,0,0,0,-0.25,0,,0,义乌市黎既电子商务商行（个体工商户）,订单结算
2026-04-20 13:21:50,'2026042013214413507015952131,入账,3.17,聚合账户,货款结算入账,小店自卖,'6952051755390473947,'6952051755390473947,'SS76297112367537364480210,2026-04-14 02:49:55,'3753580481665433810,甜美碎花粉色花朵发夹大号抓夹刺绣高级爱心新款发卡星星发夹夏天,,,普通订单,3.19,0,0,0,0,0,0,0,0,0,0,0,-0.02,0,0,0,0,0,0,是-商品卡免佣,0.15,义乌市黎既电子商务商行（个体工商户）,订单结算
2026-04-20 13:22:21,'2026042013221424802102032131,入账,6.3,聚合账户,货款结算入账,小店自卖,'6951937562564498642,'6951937562564498642,'SS76296604439377518080223,2026-04-09 10:02:40,'3673068463548662125,超大号黑色磨砂抓夹女2024年新款盘发鲨鱼夹子发夹后脑勺发抓头饰,,,普通订单,6.34,0.95,0,0,0,0,0,0,0,0,0,0,-0.04,0,0,0,0,0,0,是-商品卡免佣,0.29,义乌市黎既电子商务商行（个体工商户）,订单结算
2026-04-20 13:22:31,'2026042013222518120711772131,入账,4.8,聚合账户,货款结算入账,小店自卖,'6951935925921387641,'6951935925921387641,'SS76295727892951539660083,2026-04-09 18:21:25,'3790878995596312771,韩系黑色波点布艺褶皱高马尾香蕉夹竖夹新款豹纹发夹气质百搭发饰,,,普通订单,5.05,0,0,0,0,0,0,0,0,0,0,0,-0.25,0,0,0,0,0,0,,0,义乌市黎既电子商务商行（个体工商户）,订单结算
2026-04-20 13:22:47,'2026042013223918089948222131,出账,1,聚合账户,小额打款,,'6952137232138377134,'6952137232138377134,,,,,,,普通订单,0,0,0,0,0,0,0,0,0,0,0,0,0,0,0,0,0,0,0,,0,义乌市黎既电子商务商行（个体工商户）,商家向消费者小额打款-“其他”
2026-04-20 13:24:02,'2026042013235721436011782131,出账,1,聚合账户,小额打款,,'6952137232138377134,'6952137232138377134,,,,,,,普通订单,0,0,0,0,0,0,0,0,0,0,0,0,0,0,0,0,0,0,0,,0,义乌市黎既电子商务商行（个体工商户）,商家向消费者小额打款-“其他”
2026-04-20 13:24:15,'2026042013240712598687222131,出账,2,聚合账户,小额打款,,'6952159214546654636,'6952159214546654636,,,,,,,普通订单,0,0,0,0,0,0,0,0,0,0,0,0,0,0,0,0,0,0,0,,0,义乌市黎既电子商务商行（个体工商户）,商家向消费者小额打款-“其他”
2026-04-20 13:25:41,'2026042013253535050298882131,入账,4.77,聚合账户,货款结算入账,小店自卖,'6951947908410644379,'6951947908410644379,'SS76296510165435195340049,2026-04-10 13:17:38,'3808334646693986544,新款水钻珠子花朵后脑勺洋气盘发夹时尚半扎鲨鱼夹6厘米~中号抓夹,,,普通订单,4.8,0,0,0,0,0,0,0,0,0,0,0,-0.03,0,0,0,0,0,0,是-商品卡免佣,0.22,义乌市黎既电子商务商行（个体工商户）,订单结算
2026-04-20 13:27:09,'2026042013270023797599222131,入账,7.7,聚合账户,货款结算入账,小店自卖,'6951970541138876310,'6951970541138876310,'SS76296104334392202640016,2026-04-10 16:54:02,'3796640026289373330,蝴蝶结鸭嘴夹小香风毛呢爆款发夹后脑勺气质洋气盘发一字夹子,,,普通订单,7.75,0,0,0,0,0,0,0,0,0,0,0,-0.05,0,0,0,0,0,0,是-商品卡免佣,0.37,义乌市黎既电子商务商行（个体工商户）,订单结算
2026-04-20 13:30:56,'2026042013305238006136582131,入账,8.76,聚合账户,货款结算入账,小店自卖,'6951940107581461778,'6951940107581461778,'SS76295517600179981060152,2026-04-09 16:18:00,'3678098943977324745,韩式黑色蝴蝶结飘带抓夹显脸小后脑勺盘发发夹鲨鱼夹发饰夹子头饰,,,普通订单,8.81,0,0,0,0,0,0,0,0,0,0,0,-0.05,0,0,0,0,0,0,是-商品卡免佣,0.37,义乌市黎既电子商务商行（个体工商户）,订单结算
2026-04-20 13:31:29,'2026042013312411379062032131,入账,2.67,聚合账户,货款结算入账,小店自卖,'6951953948938606007,'6951953948938606007,'SS76295558798019794430106,2026-04-09 22:30:55,'3784368456477049055,韩国气质碎钻满天星抓夹女后脑勺半扎发鲨鱼夹发量少百搭发卡头饰,,,普通订单,0.69,0,0,0,0,0,0,0,0,2,0,0,-0.02,0,0,0,0,0,0,是-商品卡免佣,0.15,义乌市黎既电子商务商行（个体工商户）,订单结算
2026-04-20 13:33:10,'2026042013330621810383742131,入账,2.67,聚合账户,货款结算入账,小店自卖,'6925485528138612302,'6925485528138612302,'SS76296191435742743040046,2026-04-10 12:16:23,'3784368456477049055,韩国气质碎钻满天星抓夹女后脑勺半扎发鲨鱼夹发量少百搭发卡头饰,,,普通订单,2.69,0,0,0,0,0,0,0,0,0,0,0,-0.02,0,0,0,0,0,0,是-商品卡免佣,0.15,义乌市黎既电子商务商行（个体工商户）,订单结算
2026-04-20 13:35:46,'2026042013354315405713982131,入账,4.29,聚合账户,货款结算入账,小店自卖,'6925542473477094482,'6925542473477094482,'SS76296849469992143460023,2026-04-12 21:29:50,'3808487560431403539,2026年上新轻奢鸭嘴夹高级一字夹水钻发夹精致少女头饰刘海侧边夹,,,普通订单,4.32,0,0,0,0,0,0,0,0,0,0,0,-0.03,0,0,0,0,0,0,是-商品卡免佣,0.22,义乌市黎既电子商务商行（个体工商户）,订单结算
2026-04-20 13:36:58,'2026042013365205883502172131,入账,0.02,聚合账户,退款-订单退款触发-退分账,小店自卖,'6951947908410644379,'6951947908410644379,'147450841277239588,2026-04-10 13:17:38,'3808334646693986544,新款水钻珠子花朵后脑勺洋气盘发夹时尚半扎鲨鱼夹6厘米~中号抓夹,,,普通订单,0,0,0,0,0,0,0,0,0,0,0,0,0.02,0,0,0,0,0,0,,0,义乌市黎既电子商务商行（个体工商户）,服务费返还
2026-04-20 13:36:58,'2026042013365202402063462131,出账,3,聚合账户,退款-结算后退款-退用户,小店自卖,'6951947908410644379,'6951947908410644379,'147450841277239588,2026-04-10 13:17:38,'3808334646693986544,新款水钻珠子花朵后脑勺洋气盘发夹时尚半扎鲨鱼夹6厘米~中号抓夹,,,普通订单,0,0,0,0,0,0,0,0,0,0,0,-3,0,0,0,0,0,0,0,,0,义乌市黎既电子商务商行（个体工商户）,已退款
2026-04-20 13:38:48,'2026042013384304795927452131,入账,4.6,聚合账户,货款结算入账,小店自卖,'6951946326336935395,'6951946326336935395,'SS76296601308633669540097,2026-04-10 14:32:53,'3761395105840365661,高级感水钻满天星发夹女后脑勺盘发神器发卡青蛙夹扭扭夹发卡头饰,,,普通订单,4.63,0,0,0,0,0,0,0,0,0,0,0,-0.03,0,0,0,0,0,0,是-商品卡免佣,0.22,义乌市黎既电子商务商行（个体工商户）,订单结算
2026-04-20 13:38:52,'2026042013384932491771262131,入账,2.15,聚合账户,货款结算入账,小店自卖,'6951931960081782441,'6951931960081782441,'SS76295534946933355670228,2026-04-09 22:55:03,'3753547567250669687,韩版2025新款高级感蝴蝶结发带女绑头发头绳马尾飘带大肠发圈头饰,,,普通订单,2.16,0,0,0,0,0,0,0,0,0,0,0,-0.01,0,0,0,0,0,0,是-商品卡免佣,0.07,义乌市黎既电子商务商行（个体工商户）,订单结算
2026-04-20 13:40:21,'2026042013401607391483072131,出账,1,聚合账户,小额打款,,'6952108588612195404,'6952108588612195404,,,,,,,普通订单,0,0,0,0,0,0,0,0,0,0,0,0,0,0,0,0,0,0,0,,0,义乌市黎既电子商务商行（个体工商户）,商家向消费者小额打款-“其他”
2026-04-20 13:41:15,'2026042013411220259474342131,入账,8.62,聚合账户,货款结算入账,小店自卖,'6951958740216977280,'6951958740216977280,'SS76296000129008935030090,2026-04-10 09:03:43,'3673424694561865791,薄款牛油果绿系列小丝巾缠包模特搭配装饰品扎头发绑发飘带发带,,,普通订单,6.67,1.55,0,0,0,0,0,0,0,2,0,0,-0.05,0,0,0,0,0,0,是-商品卡免佣,0.37,义乌市黎既电子商务商行（个体工商户）,订单结算
2026-04-20 13:42:31,'2026042013422740453245822131,出账,1,聚合账户,小额打款,,'6925496942664449697,'6925496942664449697,,,,,,,普通订单,0,0,0,0,0,0,0,0,0,0,0,0,0,0,0,0,0,0,0,,0,义乌市黎既电子商务商行（个体工商户）,商家向消费者小额打款-“其他”
2026-04-20 13:43:13,'2026042013430930089382492131,出账,1,聚合账户,小额打款,,'6952108588612195404,'6952108588612195404,,,,,,,普通订单,0,0,0,0,0,0,0,0,0,0,0,0,0,0,0,0,0,0,0,,0,义乌市黎既电子商务商行（个体工商户）,商家向消费者小额打款-“其他”
2026-04-20 14:02:02,'2026042014015436791792742131,出账,2,聚合账户,小额打款,,'6952118388230722974,'6952118388230722974,,,,,,,普通订单,0,0,0,0,0,0,0,0,0,0,0,0,0,0,0,0,0,0,0,,0,义乌市黎既电子商务商行（个体工商户）,商家向消费者小额打款-“其他”
2026-04-20 14:16:41,'2026042014163314302950672131,出账,2,聚合账户,小额打款,,'6952119933188445268,'6952119933188445268,,,,,,,普通订单,0,0,0,0,0,0,0,0,0,0,0,0,0,0,0,0,0,0,0,,0,义乌市黎既电子商务商行（个体工商户）,商家向消费者小额打款-“其他”
2026-04-20 14:21:59,'2026042014215214108592642131,入账,4.2,聚合账户,货款结算入账,小店自卖,'6925544868996611956,'6925544868996611956,'SS76296546169132162940168,2026-04-12 21:29:21,'3766001784691229117,夏天简约随手盘发一字扭扭夹水钻抓夹高级发夹扭扭后脑勺盘发器,,,普通订单,3.03,0,0,1.2,0,0,0,0,0,0,0,0,-0.03,0,0,0,0,0,0,是-商品卡免佣,0.22,义乌市黎既电子商务商行（个体工商户）,订单结算
2026-04-20 14:21:59,'2026042014215308600786442131,入账,2.43,聚合账户,货款结算入账,精选联盟,'6925578489581239387,'6925578489581239387,'SS76296333563907650560000,2026-04-14 09:31:37,'3784368456477049055,韩国气质碎钻满天星抓夹女后脑勺半扎发鲨鱼夹发量少百搭发卡头饰,'0,,普通订单,0.01,0,0,2.68,0,0,0,0,0,0,0,0,-0.13,0,0,0,0,-0.13,0,,0,义乌市黎既电子商务商行（个体工商户）,订单结算
2026-04-20 14:21:59,'2026042014215404408942422131,入账,2.39,聚合账户,货款结算入账,小店自卖,'6925120892953001400,'6925120892953001400,'SS76295519981343050740012,2026-03-25 22:59:21,'3797354479075066126,甜美韩系可爱立体五角星初秋发圈格纹肠圈儿童发饰马尾头绳肠圈,,,普通订单,0.01,0,0,2.51,0,0,0,0,0,0,0,0,-0.13,0,0,0,0,0,0,,0,义乌市黎既电子商务商行（个体工商户）,订单结算
2026-04-20 14:21:59,'2026042014215312712348502131,入账,2.56,聚合账户,货款结算入账,小店自卖,'6952078782877144455,'6952078782877144455,'SS76296832849151429580040,2026-04-14 14:52:19,'3809235146834575749,可爱新春小狗香蕉夹女高马尾扭扭夹红色竖夹高级感2026韩新款发夹,,,普通订单,0.01,0,0,2.57,0,0,0,0,0,0,0,0,-0.02,0,0,0,0,0,0,是-商品卡免佣,0.15,义乌市黎既电子商务商行（个体工商户）,订单结算
2026-04-20 14:21:59,'2026042014215111455698262131,入账,2.43,聚合账户,货款结算入账,精选联盟,'6925586386537512222,'6925586386537512222,'SS76297520086686110720220,2026-04-14 11:59:31,'3784368456477049055,韩国气质碎钻满天星抓夹女后脑勺半扎发鲨鱼夹发量少百搭发卡头饰,'0,,普通订单,0.01,0,0,2.68,0,0,0,0,0,0,0,0,-0.13,0,0,0,0,-0.13,0,,0,义乌市黎既电子商务商行（个体工商户）,订单结算
2026-04-20 14:21:59,'2026042014215317074426882131,入账,2.52,聚合账户,货款结算入账,精选联盟,'6925572286816878102,'6925572286816878102,'SS76296430549893122910119,2026-04-13 13:10:42,'3806285088233226368,韩系~时尚百搭简约女格纹布少女风艺带齿细发箍个性压发箍头箍女,'0,,普通订单,0.01,0,0,2.79,0,0,0,0,0,0,0,0,-0.14,0,0,0,0,-0.14,0,,0,义乌市黎既电子商务商行（个体工商户）,订单结算
2026-04-20 14:21:59,'2026042014215130840102922131,入账,2.67,聚合账户,货款结算入账,小店自卖,'6925446658535095534,'6925446658535095534,'SS76296758676476398080125,2026-04-09 00:57:37,'3784368456477049055,韩国气质碎钻满天星抓夹女后脑勺半扎发鲨鱼夹发量少百搭发卡头饰,,,普通订单,1.89,0,0,0.8,0,0,0,0,0,0,0,0,-0.02,0,0,0,0,0,0,是-商品卡免佣,0.15,义乌市黎既电子商务商行（个体工商户）,订单结算
2026-04-20 14:21:59,'2026042014215201901040992131,入账,4.68,聚合账户,货款结算入账,小店自卖,'6925465630460116294,'6925465630460116294,'SS76295535137984517520129,2026-04-09 23:13:02,'3752640296001863810,儿童网红卡通发夹韩国公主头饰碎发BB碎发可爱女童碎发发卡,,,普通订单,0.01,0,0,4.92,0,0,0,0,0,0,0,0,-0.25,0,0,0,0,0,0,,0,义乌市黎既电子商务商行（个体工商户）,订单结算
2026-04-20 14:21:59,'2026042014215314015204252131,入账,2.43,聚合账户,货款结算入账,精选联盟,'6952041967987463329,'6952041967987463329,'SS76296372264692457480103,2026-04-13 17:44:40,'3784368456477049055,韩国气质碎钻满天星抓夹女后脑勺半扎发鲨鱼夹发量少百搭发卡头饰,'0,,普通订单,0.01,0,0,2.68,0,0,0,0,0,0,0,0,-0.13,0,0,0,0,-0.13,0,,0,义乌市黎既电子商务商行（个体工商户）,订单结算
2026-04-20 14:21:59,'2026042014215213478469522131,入账,3.95,聚合账户,货款结算入账,小店自卖,'6925636720986259316,'6925636720986259316,'SS76296681663625016680048,2026-04-16 11:23:55,'3806293802847699345,韩式豹纹波点褶皱高级扭扭马尾卡通风香蕉发夹后脑勺显发发卡头饰,,,普通订单,0.01,0,0,3.96,0,0,0,0,0,0,0,0,-0.02,0,0,0,0,0,0,是-商品卡免佣,0.15,义乌市黎既电子商务商行（个体工商户）,订单结算
2026-04-20 14:22:00,'2026042014215311787023702131,入账,1.72,聚合账户,货款结算入账,精选联盟,'6952054228008768750,'6952054228008768750,'SS76297280555235087740222,2026-04-14 09:17:10,'3776769690882408946,简约三角形头发抓夹高级鲨鱼夹2025秋冬新款发夹后脑勺盘发夹子女,'0,,普通订单,0.01,0,0,1.91,0,0,0,0,0,0,0,0,-0.1,0,0,0,0,-0.1,0,,0,义乌市黎既电子商务商行（个体工商户）,订单结算
2026-04-20 14:22:00,'2026042014215204792000152131,入账,2.6,聚合账户,货款结算入账,精选联盟,'6952020745137624237,'6952020745137624237,'SS76293902224185964020134,2026-04-12 19:19:48,'3761395105840365661,高级感水钻满天星发夹女后脑勺盘发神器发卡青蛙夹扭扭夹发卡头饰,'0,,普通订单,2.02,0,0,0.86,0,0,0,0,0,0,0,0,-0.14,0,0,0,0,-0.14,0,,0,义乌市黎既电子商务商行（个体工商户）,订单结算
2026-04-20 14:22:00,'2026042014215410630436362131,入账,3.29,聚合账户,货款结算入账,小店自卖,'6952040502020216194,'6952040502020216194,'SS76296923869898225040015,2026-04-14 00:50:29,'3808304279178051966,2026新款头绳蝴蝶结女大肠发圈显瘦百搭编织春夏复古丸子发绳韩系,,,普通订单,0.46,0,0,3,0,0,0,0,0,0,0,0,-0.17,0,0,0,0,0,0,,0,义乌市黎既电子商务商行（个体工商户）,订单结算
2026-04-20 14:22:00,'2026042014215229040645462131,入账,2.66,聚合账户,货款结算入账,精选联盟,'6925560199177600622,'6925560199177600622,'SS76295988380593526260154,2026-04-12 21:25:08,'3807763574974186291,气质高级亮黑色大号鲨鱼抓夹女后脑勺时尚发卡巨能抓头饰2026新款,'0,,普通订单,0.01,0,0,2.95,0,0,0,0,0,0,0,0,-0.15,0,0,0,0,-0.15,0,,0,义乌市黎既电子商务商行（个体工商户）,订单结算
2026-04-20 14:22:00,'2026042014215318708936022131,入账,2.67,聚合账户,货款结算入账,小店自卖,'6951962751804774160,'6951962751804774160,'SS76295863471204316350222,2026-04-11 11:43:50,'3784368456477049055,韩国气质碎钻满天星抓夹女后脑勺半扎发鲨鱼夹发量少百搭发卡头饰,,,普通订单,0.01,0,0,2.68,0,0,0,0,0,0,0,0,-0.02,0,0,0,0,0,0,是-商品卡免佣,0.15,义乌市黎既电子商务商行（个体工商户）,订单结算
2026-04-20 14:22:00,'2026042014215313173071762131,入账,2.56,聚合账户,货款结算入账,小店自卖,'6952086025473562056,'6952086025473562056,'SS76297131308299883710047,2026-04-14 21:29:00,'3784368456477049055,韩国气质碎钻满天星抓夹女后脑勺半扎发鲨鱼夹发量少百搭发卡头饰,,,普通订单,0.01,0,0,2.68,0,0,0,0,0,0,0,0,-0.13,0,0,0,0,0,0,,0,义乌市黎既电子商务商行（个体工商户）,订单结算
2026-04-20 14:22:00,'2026042014215315393917442131,入账,3.08,聚合账户,货款结算入账,小店自卖,'6952046646037452469,'6952046646037452469,'SS76296679397253617160211,2026-04-13 19:54:38,'3746153916182692087,法式文艺~复古甜美方巾大肠发圈女高级感ins大号高马尾甜妹发饰,,,普通订单,0.23,0,0,3.01,0,0,0,0,0,0,0,0,-0.16,0,0,0,0,0,0,,0,义乌市黎既电子商务商行（个体工商户）,订单结算
2026-04-20 14:22:00,'2026042014215120106775042131,入账,3,聚合账户,货款结算入账,小店自卖,'6951949400866035654,'6951949400866035654,'SS76295535382128397220081,2026-04-09 21:41:53,'3796640026289373330,蝴蝶结鸭嘴夹小香风毛呢爆款发夹后脑勺气质洋气盘发一字夹子,,,普通订单,0.12,0,0,3.04,0,0,0,0,0,0,0,0,-0.16,0,0,0,0,0,0,,0,义乌市黎既电子商务商行（个体工商户）,订单结算
2026-04-20 14:22:00,'2026042014215308603899402131,入账,2.77,聚合账户,货款结算入账,小店自卖,'6925488324381539513,'6925488324381539513,'SS76296601481050688520181,2026-04-10 15:14:16,'3796640026289373330,蝴蝶结鸭嘴夹小香风毛呢爆款发夹后脑勺气质洋气盘发一字夹子,,,普通订单,0.79,0,0,2,0,0,0,0,0,0,0,0,-0.02,0,0,0,0,0,0,是-商品卡免佣,0.15,义乌市黎既电子商务商行（个体工商户）,订单结算
2026-04-20 14:22:00,'2026042014215210245453142131,入账,2.81,聚合账户,货款结算入账,巨量千川,'6952062763791029447,'6952062763791029447,'SS76296009507513799780044,2026-04-14 09:25:11,'3800128063711346920,早秋款小香风豹纹珍珠发箍女2026新款高级带齿防滑头箍洗脸头饰品,,,普通订单,0.01,0,0,2.95,0,0,0,0,0,0,0,0,-0.15,0,0,0,0,0,0,,0,义乌市黎既电子商务商行（个体工商户）,订单结算
2026-04-20 14:22:39,'2026042014223215783857052131,入账,1.95,聚合账户,货款结算入账,小店自卖,'6925491887008480379,'6925491887008480379,'SS76295586531557586320045,2026-04-10 09:57:50,'3806280662462366067,kitty猫~刘海贴精致可爱甜美少女棉花糖猫兔碎发贴魔术贴无痕发饰,,,普通订单,0.01,0,0,1.95,0,0,0,0,0,0,0,0,-0.01,0,0,0,0,0,0,是-商品卡免佣,0.07,义乌市黎既电子商务商行（个体工商户）,订单结算
2026-04-20 14:22:39,'2026042014222800392896412131,入账,1.95,聚合账户,货款结算入账,小店自卖,'6925477799246199939,'6925477799246199939,'SS76296577868254579260127,2026-04-09 15:34:49,'3806280662462366067,kitty猫~刘海贴精致可爱甜美少女棉花糖猫兔碎发贴魔术贴无痕发饰,,,普通订单,0.01,0,0,1.95,0,0,0,0,0,0,0,0,-0.01,0,0,0,0,0,0,是-商品卡免佣,0.07,义乌市黎既电子商务商行（个体工商户）,订单结算
2026-04-20 14:22:39,'2026042014223415142589862131,入账,3.84,聚合账户,货款结算入账,小店自卖,'6925562455001300002,'6925562455001300002,'SS76295945424674698620243,2026-04-13 08:16:42,'3750791789322306375,刘海夹前额洋气闪钻轻奢植绒复古夹子双层侧边夹碎发整理夹子女,,,普通订单,2.86,0.45,0,1,0,0,0,0,0,0,0,0,-0.02,0,0,0,0,0,0,是-商品卡免佣,0.15,义乌市黎既电子商务商行（个体工商户）,订单结算
2026-04-20 14:22:39,'2026042014223100199603632131,入账,1.88,聚合账户,货款结算入账,小店自卖,'6925463296494239643,'6925463296494239643,'SS76295522424689341950073,2026-04-10 07:02:01,'3755799257366528389,发量少抓夹女半扎发发夹2025新款高级感中号鲨鱼夹后脑勺夹子头饰,,,普通订单,0.01,0,0,1.88,0,0,0,0,0,0,0,0,-0.01,0,0,0,0,0,0,是-商品卡免佣,0.07,义乌市黎既电子商务商行（个体工商户）,订单结算
2026-04-20 14:22:39,'2026042014223011205189542131,入账,3.17,聚合账户,货款结算入账,小店自卖,'6925484560280878221,'6925484560280878221,'SS76295645807975511420115,2026-04-10 18:14:00,'3797354479075066126,甜美韩系可爱立体五角星初秋发圈格纹肠圈儿童发饰马尾头绳肠圈,,,普通订单,1.34,0,0,2,0,0,0,0,0,0,0,0,-0.17,0,0,0,0,0,0,,0,义乌市黎既电子商务商行（个体工商户）,订单结算
2026-04-20 14:22:39,'2026042014223405544845212131,入账,2.7,聚合账户,货款结算入账,小店自卖,'6925469872867671457,'6925469872867671457,'SS76295535770569121380205,2026-04-09 23:58:43,'3769167173533172068,温柔褶皱～设计师款显发量香蕉夹气质高级感后脑勺发夹简约高马尾,,,普通订单,0.01,0,0,2.83,0,0,0,0,0,0,0,0,-0.14,0,0,0,0,0,0,,0,义乌市黎既电子商务商行（个体工商户）,订单结算
2026-04-20 14:22:39,'2026042014223338213432842131,入账,2.74,聚合账户,货款结算入账,小店自卖,'6952023294106801775,'6952023294106801775,'SS76296966856075392380109,2026-04-13 05:54:35,'3761395105840365661,高级感水钻满天星发夹女后脑勺盘发神器发卡青蛙夹扭扭夹发卡头饰,,,普通订单,0.87,0,0,2.01,0,0,0,0,0,0,0,0,-0.14,0,0,0,0,0,0,,0,义乌市黎既电子商务商行（个体工商户）,订单结算
2026-04-20 14:22:39,'2026042014223200252523942131,入账,2.52,聚合账户,货款结算入账,小店自卖,'6925582900538342829,'6925582900538342829,'SS76296446609496356380015,2026-04-14 08:11:46,'3773805253024153690,可爱卡通掰掰夹少女心发夹KT猫刘海夹小海狸粉色碎发夹百搭头饰女,,,普通订单,0.01,0,0,2.53,0,0,0,0,0,0,0,0,-0.02,0,0,0,0,0,0,是-商品卡免佣,0.15,义乌市黎既电子商务商行（个体工商户）,订单结算
2026-04-20 14:22:39,'2026042014223216654502832131,入账,2.67,聚合账户,货款结算入账,小店自卖,'6925470302783241859,'6925470302783241859,'SS76295561323396800400029,2026-04-10 09:25:21,'3784368456477049055,韩国气质碎钻满天星抓夹女后脑勺半扎发鲨鱼夹发量少百搭发卡头饰,,,普通订单,0.01,0,0,2.68,0,0,0,0,0,0,0,0,-0.02,0,0,0,0,0,0,是-商品卡免佣,0.15,义乌市黎既电子商务商行（个体工商户）,订单结算
2026-04-20 14:22:39,'2026042014223302728763262131,入账,6.35,聚合账户,货款结算入账,小店自卖,'6951946335493560207,'6951946335493560207,'SS76296598902018258020115,2026-04-10 14:37:57,'3757473223135068613,小女孩卡通盘发杆盘发器儿童公主丸子头盘发神器女童简约盘发器,,,普通订单,3.68,0,0,3,0,0,0,0,0,0,0,0,-0.33,0,0,0,0,0,0,,0,义乌市黎既电子商务商行（个体工商户）,订单结算
2026-04-20 14:22:39,'2026042014223329074229822131,入账,4.67,聚合账户,货款结算入账,小店自卖,'6925471694452063855,'6925471694452063855,'SS76295533625819469340083,2026-04-09 20:40:29,'3746529925562237053,满钻星星碎发整理神器隐形碎发梳女儿童固定头发夹子拉拉梳头饰,,,普通订单,3.7,0,0,1,0,0,0,0,0,0,0,0,-0.03,0,0,0,0,0,0,是-商品卡免佣,0.22,义乌市黎既电子商务商行（个体工商户）,订单结算
2026-04-20 14:22:39,'2026042014223208185779472131,入账,1.72,聚合账户,货款结算入账,小店自卖,'6951958266065589471,'6951958266065589471,'SS76296578864672486910042,2026-04-09 22:54:06,'3779557745204789542,2025新款甜美花朵侧边发夹女冰糖山楂侧边刘海夹甜美多巴胺头饰,,,普通订单,0.01,0,0,1.8,0,0,0,0,0,0,0,0,-0.09,0,0,0,0,0,0,,0,义乌市黎既电子商务商行（个体工商户）,订单结算
2026-04-20 14:22:39,'2026042014223107311733952131,入账,2.56,聚合账户,货款结算入账,小店自卖,'6925602646023896154,'6925602646023896154,'SS76296888040852034900192,2026-04-14 14:05:27,'3809235146834575749,可爱新春小狗香蕉夹女高马尾扭扭夹红色竖夹高级感2026韩新款发夹,,,普通订单,0.58,0,0,2,0,0,0,0,0,0,0,0,-0.02,0,0,0,0,0,0,是-商品卡免佣,0.15,义乌市黎既电子商务商行（个体工商户）,订单结算
2026-04-20 14:22:39,'2026042014223223493020162131,入账,4.85,聚合账户,货款结算入账,小店自卖,'6952082243188102337,'6952082243188102337,'SS76297316202339210590228,2026-04-15 10:59:07,'3796640026289373330,蝴蝶结鸭嘴夹小香风毛呢爆款发夹后脑勺气质洋气盘发一字夹子,,,普通订单,4.68,0,0,0.2,0,0,0,0,0,0,0,0,-0.03,0,0,0,0,0,0,是-商品卡免佣,0.22,义乌市黎既电子商务商行（个体工商户）,订单结算
2026-04-20 14:22:40,'2026042014222910075999352131,入账,3,聚合账户,货款结算入账,小店自卖,'6925483258427833430,'6925483258427833430,'SS76295522701431770110241,2026-04-10 08:34:03,'3796640026289373330,蝴蝶结鸭嘴夹小香风毛呢爆款发夹后脑勺气质洋气盘发一字夹子,,,普通订单,0.16,0,0,3,0,0,0,0,0,0,0,0,-0.16,0,0,0,0,0,0,,0,义乌市黎既电子商务商行（个体工商户）,订单结算
2026-04-20 14:22:40,'2026042014223111553387952131,入账,1.88,聚合账户,货款结算入账,小店自卖,'6925306430630297541,'6925306430630297541,'SS76270638019925120340044,2026-04-02 13:31:58,'3775300820581613599,甜美kitty刘海贴可爱少女棉花糖猫碎发贴刘海魔术贴无痕便携发饰,,,普通订单,0.01,0,0,1.88,0,0,0,0,0,0,0,0,-0.01,0,0,0,0,0,0,是-商品卡免佣,0.07,义乌市黎既电子商务商行（个体工商户）,订单结算
2026-04-20 14:22:40,'2026042014223103403123632131,入账,4.64,聚合账户,货款结算入账,小店自卖,'6951936978657547841,'6951936978657547841,'SS76296507804046013440106,2026-04-10 11:14:06,'3796640026289373330,蝴蝶结鸭嘴夹小香风毛呢爆款发夹后脑勺气质洋气盘发一字夹子,,,普通订单,3.42,0,0,1.46,0,0,0,0,0,0,0,0,-0.24,0,0,0,0,0,0,,0,义乌市黎既电子商务商行（个体工商户）,订单结算
2026-04-20 14:22:40,'2026042014223405551071132131,入账,2.67,聚合账户,货款结算入账,小店自卖,'6952021981950186666,'6952021981950186666,'SS76295829642671068510217,2026-04-12 12:22:27,'3784368456477049055,韩国气质碎钻满天星抓夹女后脑勺半扎发鲨鱼夹发量少百搭发卡头饰,,,普通订单,0.01,0,0,2.68,0,0,0,0,0,0,0,0,-0.02,0,0,0,0,0,0,是-商品卡免佣,0.15,义乌市黎既电子商务商行（个体工商户）,订单结算
2026-04-20 14:22:40,'2026042014223133488451082131,入账,2.43,聚合账户,货款结算入账,精选联盟,'6952009080482764192,'6952009080482764192,'SS76296536191468511120081,2026-04-12 15:10:30,'3784368456477049055,韩国气质碎钻满天星抓夹女后脑勺半扎发鲨鱼夹发量少百搭发卡头饰,'0,,普通订单,2.32,0,0,0.37,0,0,0,0,0,0,0,0,-0.13,0,0,0,0,-0.13,0,,0,义乌市黎既电子商务商行（个体工商户）,订单结算
2026-04-20 14:22:40,'2026042014223212422518302131,入账,3.6,聚合账户,货款结算入账,小店自卖,'6925578892994838363,'6925578892994838363,'SS76295840378203507560059,2026-04-14 13:05:55,'3739542149163778373,洗澡大号盘发发夹后脑勺抓夹百搭气质成人发抓鲨鱼夹发卡夹子发饰,,,普通订单,2.66,0,0,1.13,0,0,0,0,0,0,0,0,-0.19,0,0,0,0,0,0,,0,义乌市黎既电子商务商行（个体工商户）,订单结算
2026-04-20 14:22:40,'2026042014223229276249962131,入账,7.09,聚合账户,货款结算入账,小店自卖,'6951954626130613400,'6951954626130613400,'SS76296607496732349440088,2026-04-10 11:12:49,'3809066593007304713,疯狂动物城同款头饰兔子警官帽子发夹发圈侧边夹女生拍照毛绒发饰,,,普通订单,6.34,0,0,1.12,0,0,0,0,0,0,0,0,-0.37,0,0,0,0,0,0,,0,义乌市黎既电子商务商行（个体工商户）,订单结算
2026-04-20 14:22:40,'2026042014223027707154342131,入账,4.5,聚合账户,货款结算入账,小店自卖,'6925477251413999241,'6925477251413999241,'SS76295996104083871240011,2026-04-10 11:29:49,'3751929775384559628,盘发神器新款丸子头花苞头气质亚克力妈妈发饰后脑勺发夹发卡女,,,普通订单,3.53,0.55,0,1,0,0,0,0,0,0,0,0,-0.03,0,0,0,0,0,0,是-商品卡免佣,0.22,义乌市黎既电子商务商行（个体工商户）,订单结算
2026-04-20 14:22:40,'2026042014222600051450942131,入账,2.69,聚合账户,货款结算入账,小店自卖,'6925462256274341243,'6925462256274341243,'SS76295516964864827070116,2026-04-09 17:52:20,'3767836959792300411,法式高级感超大号弧形抓夹女新款后脑勺盘发夹发量大鲨鱼夹发卡夹,,,普通订单,1.69,0,0,1.14,0,0,0,0,0,0,0,0,-0.14,0,0,0,0,0,0,,0,义乌市黎既电子商务商行（个体工商户）,订单结算
2026-04-20 14:22:40,'2026042014223204280983102131,入账,2.09,聚合账户,货款结算入账,小店自卖,'6925485810322734525,'6925485810322668989,'SS76296601490633241870171,2026-04-10 14:31:09,'3673408491764187160,头绳女2024新款清新韩版网红ins发圈简约水晶扎头发皮筋手链发绳~,,,普通订单,1.14,0,0,0.96,0,0,0,0,0,0,0,0,-0.01,0,0,0,0,0,0,是-商品卡免佣,0.07,义乌市黎既电子商务商行（个体工商户）,订单结算
2026-04-20 14:23:19,'2026042014230730857344432131,入账,3.27,聚合账户,货款结算入账,精选联盟,'6952023149784667366,'6952023149784667366,'SS76297409850772198830004,2026-04-13 00:28:05,'3806450472450130341,新款复古抓夹女豹纹蝴蝶结鲨鱼夹2026后脑勺盘发发夹高级感发饰,'0,,普通订单,2.55,0,0,1.08,0,0,0,0,0,0,0,0,-0.18,0,0,0,0,-0.18,0,,0,义乌市黎既电子商务商行（个体工商户）,订单结算
2026-04-20 14:31:26,'2026042014311711315123462131,入账,1.95,聚合账户,货款结算入账,小店自卖,'6925613683929480953,'6925613683929480953,'SS76296694225427504740113,2026-04-15 17:46:31,'3806280662462366067,kitty猫~刘海贴精致可爱甜美少女棉花糖猫兔碎发贴魔术贴无痕发饰,,,普通订单,0.01,0,0,1.95,0,0,0,0,0,0,0,0,-0.01,0,0,0,0,0,0,是-商品卡免佣,0.07,义乌市黎既电子商务商行（个体工商户）,订单结算
2026-04-20 14:31:56,'2026042014314721940311552131,入账,4.27,聚合账户,货款结算入账,小店自卖,'6925479917461994774,'6925479917461994774,'SS76295533835335112080104,2026-04-09 19:06:44,'3807763574974186291,气质高级亮黑色大号鲨鱼抓夹女后脑勺时尚发卡巨能抓头饰2026新款,,,普通订单,1.5,0,0,3,0,0,0,0,0,0,0,0,-0.23,0,0,0,0,0,0,,0,义乌市黎既电子商务商行（个体工商户）,订单结算
2026-04-20 14:36:35,'2026042014362406388124792131,入账,2.5,聚合账户,货款结算入账,小店自卖,'6925467196495134624,'6925467196495134624,'SS76288524189494646220090,2026-04-09 17:41:14,'3757473223135068613,小女孩卡通盘发杆盘发器儿童公主丸子头盘发神器女童简约盘发器,,,普通订单,2.24,0,0,0.39,0,0,0,0,0,0,0,0,-0.13,0,0,0,0,0,0,,0,义乌市黎既电子商务商行（个体工商户）,订单结算
2026-04-20 14:49:58,'2026042014494825555443392131,入账,8.99,聚合账户,货款结算入账,精选联盟,'6951944197974267440,'6951944197974201904,'SS76278299031797440360220,2026-04-09 12:21:23,'3757678157491208600,夏季简约醋酸发夹边夹侧边碎发刘海夹女2025新款ins前额bb夹头饰,'0,,普通订单,9.43,0,0,1.41,0,0,0,0,0,0,0,-1,-0.06,0,0,0,0,-0.79,0,是-商品卡免佣,0.44,义乌市黎既电子商务商行（个体工商户）,订单结算
2026-04-20 15:00:33,'2026042015002324387794322131,出账,2,聚合账户,小额打款,,'6925608852795260449,'6925608852795260449,,,,,,,普通订单,0,0,0,0,0,0,0,0,0,0,0,0,0,0,0,0,0,0,0,,0,义乌市黎既电子商务商行（个体工商户）,商家向消费者小额打款-“其他”
2026-04-20 15:03:39,'2026042015033031675681382131,出账,1,聚合账户,小额打款,,'6952107191295284440,'6952107191295284440,,,,,,,普通订单,0,0,0,0,0,0,0,0,0,0,0,0,0,0,0,0,0,0,0,,0,义乌市黎既电子商务商行（个体工商户）,商家向消费者小额打款-“其他”
2026-04-20 15:09:13,'2026042015090300763333502131,出账,6500,聚合账户,提现,,,,,,,,,,普通订单,0,0,0,0,0,0,0,0,0,0,0,0,0,0,0,0,0,0,0,,0,义乌市黎既电子商务商行（个体工商户）,提现
2026-04-20 15:09:50,'2026042015094130622848352131,出账,2,聚合账户,小额打款,,'6952154516364924565,'6952154516364924565,,,,,,,普通订单,0,0,0,0,0,0,0,0,0,0,0,0,0,0,0,0,0,0,0,,0,义乌市黎既电子商务商行（个体工商户）,商家向消费者小额打款-“其他”
2026-04-20 15:17:19,'2026042015170437553116222131,入账,2.38,聚合账户,货款结算入账,小店自卖,'6952070265847813650,'6952070265847813650,'SS76296913289635433590201,2026-04-14 20:42:57,'3768243884530991364,2025新款简约高颅顶发箍高级发箍女时尚发卡压发洗脸头箍百搭饰品,,,普通订单,0.39,0,0,2,0,0,0,0,0,0,0,0,-0.01,0,0,0,0,0,0,是-商品卡免佣,0.07,义乌市黎既电子商务商行（个体工商户）,订单结算
2026-04-20 15:19:42,'2026042015193315101299542131,入账,2.96,聚合账户,货款结算入账,精选联盟,'6925581004197625694,'6925581004197625694,'SS76296362343028659350055,2026-04-14 10:54:21,'3808343037030039986,韩版新款水钻珠子花朵中号抓夹女后脑勺洋气盘发夹时尚半扎鲨鱼夹,'0,,普通订单,0.2,0,0,3.08,0,0,0,0,0,0,0,0,-0.16,0,0,0,0,-0.16,0,,0,义乌市黎既电子商务商行（个体工商户）,订单结算
2026-04-20 15:19:42,'2026042015192928408225622131,入账,2.67,聚合账户,货款结算入账,小店自卖,'6925551619170598018,'6925551619170598018,'SS76296488689295363080002,2026-04-12 20:18:45,'3784368456477049055,韩国气质碎钻满天星抓夹女后脑勺半扎发鲨鱼夹发量少百搭发卡头饰,,,普通订单,0.69,0,0,2,0,0,0,0,0,0,0,0,-0.02,0,0,0,0,0,0,是-商品卡免佣,0.15,义乌市黎既电子商务商行（个体工商户）,订单结算
2026-04-20 15:19:42,'2026042015192903366095762131,入账,2.67,聚合账户,货款结算入账,小店自卖,'6925507327495339313,'6925507327495339313,'SS76296657107637706740089,2026-04-11 10:26:29,'3784368456477049055,韩国气质碎钻满天星抓夹女后脑勺半扎发鲨鱼夹发量少百搭发卡头饰,,,普通订单,0.69,0,0,2,0,0,0,0,0,0,0,0,-0.02,0,0,0,0,0,0,是-商品卡免佣,0.15,义乌市黎既电子商务商行（个体工商户）,订单结算
2026-04-20 15:19:42,'2026042015193024162801162131,入账,8.46,聚合账户,货款结算入账,小店自卖,'6925531551178128815,'6925531551178128815,'SS76297260710276675060092,2026-04-12 12:03:11,'3765271406326186377,儿童魔术懒人扭扭盘发器发卡女童发夹蝴蝶结丸子头发带小女孩发夹,,,普通订单,7.71,0,0,0.8,0,0,0,0,0,0,0,0,-0.05,0,0,0,0,0,0,是-商品卡免佣,0.37,义乌市黎既电子商务商行（个体工商户）,订单结算
2026-04-20 15:19:42,'2026042015193209735582822131,入账,3.14,聚合账户,货款结算入账,小店自卖,'6951925168980759642,'6951925168980759642,'SS76295535423107571620006,2026-04-09 23:41:54,'3796640026289373330,蝴蝶结鸭嘴夹小香风毛呢爆款发夹后脑勺气质洋气盘发一字夹子,,,普通订单,0.16,0,0,3,0,0,0,0,0,0,0,0,-0.02,0,0,0,0,0,0,是-商品卡免佣,0.15,义乌市黎既电子商务商行（个体工商户）,订单结算
2026-04-20 15:19:42,'2026042015193317077215232131,入账,3.56,聚合账户,货款结算入账,精选联盟,'6952007702559528761,'6952007702559528761,'SS76296263688500191060068,2026-04-12 23:26:21,'3806479482789953902,新款蓝楹蝶!甜美氛围感头花侧边夹旅行发卡！早春气质蓝色花朵发夹,'0,,普通订单,1.38,0,0,2.58,0,0,0,0,0,0,0,0,-0.2,0,0,0,0,-0.2,0,,0,义乌市黎既电子商务商行（个体工商户）,订单结算
2026-04-20 15:21:57,'2026042015214210458565552131,入账,2.67,聚合账户,货款结算入账,小店自卖,'6951947334296344354,'6951947334296344354,'SS76295560575663519180028,2026-04-10 03:31:35,'3784368456477049055,韩国气质碎钻满天星抓夹女后脑勺半扎发鲨鱼夹发量少百搭发卡头饰,,,普通订单,0.01,0,0,2.68,0,0,0,0,0,0,0,0,-0.02,0,0,0,0,0,0,是-商品卡免佣,0.15,义乌市黎既电子商务商行（个体工商户）,订单结算
2026-04-20 15:21:57,'2026042015214710451520422131,入账,2.32,聚合账户,货款结算入账,精选联盟,'6952102455518237867,'6952102455518237867,'SS76296719973216258940090,2026-04-15 14:38:44,'3809235146834575749,可爱新春小狗香蕉夹女高马尾扭扭夹红色竖夹高级感2026韩新款发夹,'0,,普通订单,0.01,0,0,2.57,0,0,0,0,0,0,0,0,-0.13,0,0,0,0,-0.13,0,,0,义乌市黎既电子商务商行（个体工商户）,订单结算
2026-04-20 15:21:57,'2026042015214300722542712131,入账,1.71,聚合账户,货款结算入账,精选联盟,'6925569012217642612,'6925569012217642612,'SS76296801455235118080111,2026-04-14 02:26:36,'3769166853499388264,2025新款安全硅胶发夹女士鲨鱼夹饰品柔软防撞保护后脑夹头发女,'0,,普通订单,1.33,0,0,0.56,0,0,0,0,0,0,0,0,-0.09,0,0,0,0,-0.09,0,,0,义乌市黎既电子商务商行（个体工商户）,订单结算
2026-04-20 15:21:57,'2026042015214600408663462131,入账,2.43,聚合账户,货款结算入账,精选联盟,'6952039701343704350,'6952039701343704350,'SS76297264493657503060103,2026-04-13 15:50:22,'3784368456477049055,韩国气质碎钻满天星抓夹女后脑勺半扎发鲨鱼夹发量少百搭发卡头饰,'0,,普通订单,0.01,0,0,2.68,0,0,0,0,0,0,0,0,-0.13,0,0,0,0,-0.13,0,,0,义乌市黎既电子商务商行（个体工商户）,订单结算
2026-04-20 15:21:57,'2026042015214700811343422131,入账,4.4,聚合账户,货款结算入账,小店自卖,'6925589155854909024,'6925589155854909024,'SS76297041296734292980087,2026-04-14 12:37:29,'3761395105840365661,高级感水钻满天星发夹女后脑勺盘发神器发卡青蛙夹扭扭夹发卡头饰,,,普通订单,0.01,0,0,4.62,0,0,0,0,0,0,0,0,-0.23,0,0,0,0,0,0,,0,义乌市黎既电子商务商行（个体工商户）,订单结算
2026-04-20 15:39:29,'2026042015391824119875072131,出账,1,聚合账户,小额打款,,'6925523758993800805,'6925523758993800805,,,,,,,普通订单,0,0,0,0,0,0,0,0,0,0,0,0,0,0,0,0,0,0,0,,0,义乌市黎既电子商务商行（个体工商户）,商家向消费者小额打款-“其他”
2026-04-20 15:42:44,'2026042015423410406467062131,出账,2,聚合账户,小额打款,,'6925683304775647033,'6925683304775647033,,,,,,,普通订单,0,0,0,0,0,0,0,0,0,0,0,0,0,0,0,0,0,0,0,,0,义乌市黎既电子商务商行（个体工商户）,商家向消费者小额打款-“其他”
2026-04-20 15:46:05,'2026042015455441109468582131,出账,2,聚合账户,小额打款,,'6952140915868636882,'6952140915868636882,,,,,,,普通订单,0,0,0,0,0,0,0,0,0,0,0,0,0,0,0,0,0,0,0,,0,义乌市黎既电子商务商行（个体工商户）,商家向消费者小额打款-“其他”
2026-04-20 15:55:10,'2026042015545633686981622131,出账,2,聚合账户,小额打款,,'6925519337479700307,'6925519337479700307,,,,,,,普通订单,0,0,0,0,0,0,0,0,0,0,0,0,0,0,0,0,0,0,0,,0,义乌市黎既电子商务商行（个体工商户）,商家向消费者小额打款-“其他”
2026-04-20 16:00:41,'2026042016003212848051832131,出账,1,聚合账户,小额打款,,'6952156949416187707,'6952156949416187707,,,,,,,普通订单,0,0,0,0,0,0,0,0,0,0,0,0,0,0,0,0,0,0,0,,0,义乌市黎既电子商务商行（个体工商户）,商家向消费者小额打款-“其他”
2026-04-20 16:08:53,'2026042016084100462364792131,出账,2,聚合账户,小额打款,,'6951926628725626680,'6951926628725626680,,,,,,,普通订单,0,0,0,0,0,0,0,0,0,0,0,0,0,0,0,0,0,0,0,,0,义乌市黎既电子商务商行（个体工商户）,商家向消费者小额打款-“其他”
2026-04-20 16:33:44,'2026042016332901525030812131,出账,2,聚合账户,小额打款,,'6925637220402822788,'6925637220402822788,,,,,,,普通订单,0,0,0,0,0,0,0,0,0,0,0,0,0,0,0,0,0,0,0,,0,义乌市黎既电子商务商行（个体工商户）,商家向消费者小额打款-“其他”
2026-04-20 16:47:08,'2026042016465501010076222131,出账,2,聚合账户,小额打款,,'6952133952962565550,'6952133952962565550,,,,,,,普通订单,0,0,0,0,0,0,0,0,0,0,0,0,0,0,0,0,0,0,0,,0,义乌市黎既电子商务商行（个体工商户）,商家向消费者小额打款-“其他”
2026-04-20 16:47:38,'2026042016472636702991872131,出账,2,聚合账户,小额打款,,'6952149369349346801,'6952149369349346801,,,,,,,普通订单,0,0,0,0,0,0,0,0,0,0,0,0,0,0,0,0,0,0,0,,0,义乌市黎既电子商务商行（个体工商户）,商家向消费者小额打款-“其他”
2026-04-20 16:51:11,'2026042016505928581934352131,出账,2,聚合账户,小额打款,,'6952127341699798145,'6952127341699798145,,,,,,,普通订单,0,0,0,0,0,0,0,0,0,0,0,0,0,0,0,0,0,0,0,,0,义乌市黎既电子商务商行（个体工商户）,商家向消费者小额打款-“其他”
2026-04-20 16:52:46,'2026042016523236539927472131,出账,2,聚合账户,小额打款,,'6925599062352035032,'6925599062352035032,,,,,,,普通订单,0,0,0,0,0,0,0,0,0,0,0,0,0,0,0,0,0,0,0,,0,义乌市黎既电子商务商行（个体工商户）,商家向消费者小额打款-“其他”
2026-04-20 16:56:56,'2026042016564714686298112131,出账,6.31,聚合账户,上门取件运费,,'6951889827925726888,'6951889827925726888,'147439515833439128,,,,,,普通订单,0,0,0,0,0,0,0,0,0,0,0,0,0,0,0,0,0,0,0,,0,义乌市黎既电子商务商行（个体工商户）,因商品存在品质问题，扣除商家相应金额进行运费赔付-订单6951889827925726888-售后单147439515833439128-运单73703549079559
2026-04-20 16:59:29,'2026042016591736083307862131,出账,2,聚合账户,小额打款,,'6952124820051072532,'6952124820051072532,,,,,,,普通订单,0,0,0,0,0,0,0,0,0,0,0,0,0,0,0,0,0,0,0,,0,义乌市黎既电子商务商行（个体工商户）,商家向消费者小额打款-“其他”
2026-04-20 17:02:55,'2026042017024328021399042131,出账,2,聚合账户,小额打款,,'6952155535092487930,'6952155535092487930,,,,,,,普通订单,0,0,0,0,0,0,0,0,0,0,0,0,0,0,0,0,0,0,0,,0,义乌市黎既电子商务商行（个体工商户）,商家向消费者小额打款-“其他”
2026-04-20 17:08:09,'2026042017075501533714112131,出账,2,聚合账户,小额打款,,'6925649402817379796,'6925649402817379796,,,,,,,普通订单,0,0,0,0,0,0,0,0,0,0,0,0,0,0,0,0,0,0,0,,0,义乌市黎既电子商务商行（个体工商户）,商家向消费者小额打款-“其他”
2026-04-20 17:17:42,'2026042017172921528415232131,出账,2,聚合账户,小额打款,,'6952068769143199632,'6952068769143199632,,,,,,,普通订单,0,0,0,0,0,0,0,0,0,0,0,0,0,0,0,0,0,0,0,,0,义乌市黎既电子商务商行（个体工商户）,商家向消费者小额打款-“其他”
2026-04-20 17:26:16,'2026042017260400170724222131,出账,2,聚合账户,小额打款,,'6952162171428148851,'6952162171428148851,,,,,,,普通订单,0,0,0,0,0,0,0,0,0,0,0,0,0,0,0,0,0,0,0,,0,义乌市黎既电子商务商行（个体工商户）,商家向消费者小额打款-“其他”
2026-04-20 17:34:08,'2026042017335607858916202131,出账,2,聚合账户,小额打款,,'6952089658441012787,'6952089658441012787,,,,,,,普通订单,0,0,0,0,0,0,0,0,0,0,0,0,0,0,0,0,0,0,0,,0,义乌市黎既电子商务商行（个体工商户）,商家向消费者小额打款-“其他”
2026-04-20 17:40:23,'2026042017400918926641042131,出账,2,聚合账户,小额打款,,'6952112591366657478,'6952112591366657478,,,,,,,普通订单,0,0,0,0,0,0,0,0,0,0,0,0,0,0,0,0,0,0,0,,0,义乌市黎既电子商务商行（个体工商户）,商家向消费者小额打款-“其他”
2026-04-20 17:42:12,'2026042017420011158003202131,出账,2,聚合账户,小额打款,,'6951969861559719679,'6951969861559719679,,,,,,,普通订单,0,0,0,0,0,0,0,0,0,0,0,0,0,0,0,0,0,0,0,,0,义乌市黎既电子商务商行（个体工商户）,商家向消费者小额打款-“其他”
2026-04-20 17:45:25,'2026042017451328196705552131,出账,2,聚合账户,小额打款,,'6952156766940304593,'6952156766940304593,,,,,,,普通订单,0,0,0,0,0,0,0,0,0,0,0,0,0,0,0,0,0,0,0,,0,义乌市黎既电子商务商行（个体工商户）,商家向消费者小额打款-“其他”
2026-04-20 17:45:38,'2026042017452708856707102131,出账,2,聚合账户,小额打款,,'6925666178435742884,'6925666178435742884,,,,,,,普通订单,0,0,0,0,0,0,0,0,0,0,0,0,0,0,0,0,0,0,0,,0,义乌市黎既电子商务商行（个体工商户）,商家向消费者小额打款-“其他”
2026-04-20 17:59:59,'2026042017594732257804892131,出账,2,聚合账户,小额打款,,'6925623192008359092,'6925623192008359092,,,,,,,普通订单,0,0,0,0,0,0,0,0,0,0,0,0,0,0,0,0,0,0,0,,0,义乌市黎既电子商务商行（个体工商户）,商家向消费者小额打款-“其他”
2026-04-20 18:01:41,'2026042018013029260887132131,出账,2,聚合账户,小额打款,,'6925601017486999035,'6925601017486999035,,,,,,,普通订单,0,0,0,0,0,0,0,0,0,0,0,0,0,0,0,0,0,0,0,,0,义乌市黎既电子商务商行（个体工商户）,商家向消费者小额打款-“其他”
2026-04-20 18:02:02,'2026042018015213592499632131,出账,2,聚合账户,小额打款,,'6925662932777401379,'6925662932777401379,,,,,,,普通订单,0,0,0,0,0,0,0,0,0,0,0,0,0,0,0,0,0,0,0,,0,义乌市黎既电子商务商行（个体工商户）,商家向消费者小额打款-“其他”
2026-04-20 18:03:38,'2026042018032534903823992131,出账,2,聚合账户,小额打款,,'6925693711966108838,'6925693711966108838,,,,,,,普通订单,0,0,0,0,0,0,0,0,0,0,0,0,0,0,0,0,0,0,0,,0,义乌市黎既电子商务商行（个体工商户）,商家向消费者小额打款-“其他”
2026-04-20 18:07:17,'2026042018070234073484992131,出账,2,聚合账户,小额打款,,'6952135423722788362,'6952135423722788362,,,,,,,普通订单,0,0,0,0,0,0,0,0,0,0,0,0,0,0,0,0,0,0,0,,0,义乌市黎既电子商务商行（个体工商户）,商家向消费者小额打款-“其他”
2026-04-20 18:08:43,'2026042018082932644964362131,出账,2,聚合账户,小额打款,,'6925589448020753828,'6925589448020753828,,,,,,,普通订单,0,0,0,0,0,0,0,0,0,0,0,0,0,0,0,0,0,0,0,,0,义乌市黎既电子商务商行（个体工商户）,商家向消费者小额打款-“其他”
2026-04-20 18:09:56,'2026042018094325721247072131,出账,2,聚合账户,小额打款,,'6952165327025083874,'6952165327025083874,,,,,,,普通订单,0,0,0,0,0,0,0,0,0,0,0,0,0,0,0,0,0,0,0,,0,义乌市黎既电子商务商行（个体工商户）,商家向消费者小额打款-“其他”
2026-04-20 18:12:48,'2026042018123404622262182131,出账,6.31,聚合账户,上门取件运费,,'6925504311528946692,'6925504311528946692,'147442788468512760,,,,,,普通订单,0,0,0,0,0,0,0,0,0,0,0,0,0,0,0,0,0,0,0,,0,义乌市黎既电子商务商行（个体工商户）,因商品存在品质问题，扣除商家相应金额进行运费赔付-订单6925504311528946692-售后单147442788468512760-运单JDX052236082580
2026-04-20 18:15:41,'2026042018152902898496362131,出账,2,聚合账户,小额打款,,'6925663804361309484,'6925663804361309484,,,,,,,普通订单,0,0,0,0,0,0,0,0,0,0,0,0,0,0,0,0,0,0,0,,0,义乌市黎既电子商务商行（个体工商户）,商家向消费者小额打款-“其他”
2026-04-20 18:18:56,'2026042018184503173627282131,出账,2,聚合账户,小额打款,,'6952180194083476920,'6952180194083476920,,,,,,,普通订单,0,0,0,0,0,0,0,0,0,0,0,0,0,0,0,0,0,0,0,,0,义乌市黎既电子商务商行（个体工商户）,商家向消费者小额打款-“其他”
2026-04-20 18:24:01,'2026042018234713058383362131,出账,2,聚合账户,小额打款,,'6925601605121769447,'6925601605121769447,,,,,,,普通订单,0,0,0,0,0,0,0,0,0,0,0,0,0,0,0,0,0,0,0,,0,义乌市黎既电子商务商行（个体工商户）,商家向消费者小额打款-“其他”
2026-04-20 18:26:06,'2026042018255606972055232131,出账,1,聚合账户,小额打款,,'6952101860434122179,'6952101860434122179,,,,,,,普通订单,0,0,0,0,0,0,0,0,0,0,0,0,0,0,0,0,0,0,0,,0,义乌市黎既电子商务商行（个体工商户）,商家向消费者小额打款-“其他”
2026-04-20 18:34:54,'2026042018344126197860302131,出账,2,聚合账户,小额打款,,'6925683024372202666,'6925683024372202666,,,,,,,普通订单,0,0,0,0,0,0,0,0,0,0,0,0,0,0,0,0,0,0,0,,0,义乌市黎既电子商务商行（个体工商户）,商家向消费者小额打款-“其他”
2026-04-20 18:44:26,'2026042018441229634278742131,出账,2,聚合账户,小额打款,,'6925619656837660302,'6925619656837660302,,,,,,,普通订单,0,0,0,0,0,0,0,0,0,0,0,0,0,0,0,0,0,0,0,,0,义乌市黎既电子商务商行（个体工商户）,商家向消费者小额打款-“其他”
2026-04-20 18:45:47,'2026042018453607552043792131,出账,2,聚合账户,小额打款,,'6952152541350729586,'6952152541350729586,,,,,,,普通订单,0,0,0,0,0,0,0,0,0,0,0,0,0,0,0,0,0,0,0,,0,义乌市黎既电子商务商行（个体工商户）,商家向消费者小额打款-“其他”
2026-04-20 18:51:43,'2026042018513140538977692131,出账,2,聚合账户,小额打款,,'6925601525892742552,'6925601525892742552,,,,,,,普通订单,0,0,0,0,0,0,0,0,0,0,0,0,0,0,0,0,0,0,0,,0,义乌市黎既电子商务商行（个体工商户）,商家向消费者小额打款-“其他”
2026-04-20 19:02:22,'2026042019020922858965022131,出账,2,聚合账户,小额打款,,'6952059000404120629,'6952059000404120629,,,,,,,普通订单,0,0,0,0,0,0,0,0,0,0,0,0,0,0,0,0,0,0,0,,0,义乌市黎既电子商务商行（个体工商户）,商家向消费者小额打款-“其他”
2026-04-20 19:03:53,'2026042019034132279639132131,出账,2,聚合账户,小额打款,,'6925629831836957779,'6925629831836957779,,,,,,,普通订单,0,0,0,0,0,0,0,0,0,0,0,0,0,0,0,0,0,0,0,,0,义乌市黎既电子商务商行（个体工商户）,商家向消费者小额打款-“其他”
2026-04-20 19:06:01,'2026042019055414439882582131,出账,2,聚合账户,小额打款,,'6952113552359888718,'6952113552359888718,,,,,,,普通订单,0,0,0,0,0,0,0,0,0,0,0,0,0,0,0,0,0,0,0,,0,义乌市黎既电子商务商行（个体工商户）,商家向消费者小额打款-“其他”
2026-04-20 19:08:10,'2026042019075502402066432131,出账,2,聚合账户,小额打款,,'6925655089181654927,'6925655089181654927,,,,,,,普通订单,0,0,0,0,0,0,0,0,0,0,0,0,0,0,0,0,0,0,0,,0,义乌市黎既电子商务商行（个体工商户）,商家向消费者小额打款-“其他”
2026-04-20 19:10:37,'2026042019102335074214462131,出账,2,聚合账户,小额打款,,'6952160792395191766,'6952160792395191766,,,,,,,普通订单,0,0,0,0,0,0,0,0,0,0,0,0,0,0,0,0,0,0,0,,0,义乌市黎既电子商务商行（个体工商户）,商家向消费者小额打款-“其他”
2026-04-20 19:11:00,'2026042019104924078956152131,出账,2,聚合账户,小额打款,,'6925602986327833743,'6925602986327833743,,,,,,,普通订单,0,0,0,0,0,0,0,0,0,0,0,0,0,0,0,0,0,0,0,,0,义乌市黎既电子商务商行（个体工商户）,商家向消费者小额打款-“其他”
2026-04-20 19:15:50,'2026042019153820726909542131,出账,2,聚合账户,小额打款,,'6952107918618662771,'6952107918618662771,,,,,,,普通订单,0,0,0,0,0,0,0,0,0,0,0,0,0,0,0,0,0,0,0,,0,义乌市黎既电子商务商行（个体工商户）,商家向消费者小额打款-“其他”
2026-04-20 19:30:16,'2026042019300211167833792131,出账,2,聚合账户,小额打款,,'6925570014282284040,'6925570014282284040,,,,,,,普通订单,0,0,0,0,0,0,0,0,0,0,0,0,0,0,0,0,0,0,0,,0,义乌市黎既电子商务商行（个体工商户）,商家向消费者小额打款-“其他”
2026-04-20 19:32:51,'2026042019323808309153662131,出账,2,聚合账户,小额打款,,'6925681162308124448,'6925681162308124448,,,,,,,普通订单,0,0,0,0,0,0,0,0,0,0,0,0,0,0,0,0,0,0,0,,0,义乌市黎既电子商务商行（个体工商户）,商家向消费者小额打款-“其他”
2026-04-20 19:34:24,'2026042019341002860162912131,出账,2,聚合账户,小额打款,,'6952185166316967816,'6952185166316967816,,,,,,,普通订单,0,0,0,0,0,0,0,0,0,0,0,0,0,0,0,0,0,0,0,,0,义乌市黎既电子商务商行（个体工商户）,商家向消费者小额打款-“其他”
2026-04-20 19:36:37,'2026042019362407846507922131,出账,2,聚合账户,小额打款,,'6952137341449082162,'6952137341449082162,,,,,,,普通订单,0,0,0,0,0,0,0,0,0,0,0,0,0,0,0,0,0,0,0,,0,义乌市黎既电子商务商行（个体工商户）,商家向消费者小额打款-“其他”
2026-04-20 19:37:37,'2026042019372323661448042131,出账,2,聚合账户,小额打款,,'6952145901732108244,'6952145901732108244,,,,,,,普通订单,0,0,0,0,0,0,0,0,0,0,0,0,0,0,0,0,0,0,0,,0,义乌市黎既电子商务商行（个体工商户）,商家向消费者小额打款-“其他”
2026-04-20 19:40:15,'2026042019400108771548422131,出账,2,聚合账户,小额打款,,'6952158900753208922,'6952158900753208922,,,,,,,普通订单,0,0,0,0,0,0,0,0,0,0,0,0,0,0,0,0,0,0,0,,0,义乌市黎既电子商务商行（个体工商户）,商家向消费者小额打款-“其他”
2026-04-20 19:40:31,'2026042019401611757816472131,出账,2,聚合账户,小额打款,,'6952082955562784630,'6952082955562784630,,,,,,,普通订单,0,0,0,0,0,0,0,0,0,0,0,0,0,0,0,0,0,0,0,,0,义乌市黎既电子商务商行（个体工商户）,商家向消费者小额打款-“其他”
2026-04-20 19:44:15,'2026042019440400806425872131,出账,2,聚合账户,小额打款,,'6925670513256267026,'6925670513256267026,,,,,,,普通订单,0,0,0,0,0,0,0,0,0,0,0,0,0,0,0,0,0,0,0,,0,义乌市黎既电子商务商行（个体工商户）,商家向消费者小额打款-“其他”
2026-04-20 19:46:36,'2026042019462326725911142131,出账,2,聚合账户,小额打款,,'6952138919275010019,'6952138919275010019,,,,,,,普通订单,0,0,0,0,0,0,0,0,0,0,0,0,0,0,0,0,0,0,0,,0,义乌市黎既电子商务商行（个体工商户）,商家向消费者小额打款-“其他”
2026-04-20 19:47:05,'2026042019465404909798742131,出账,2,聚合账户,小额打款,,'6925673685355560864,'6925673685355560864,,,,,,,普通订单,0,0,0,0,0,0,0,0,0,0,0,0,0,0,0,0,0,0,0,,0,义乌市黎既电子商务商行（个体工商户）,商家向消费者小额打款-“其他”
2026-04-20 19:52:43,'2026042019523105705897472131,出账,2,聚合账户,小额打款,,'6952086452789908928,'6952086452789908928,,,,,,,普通订单,0,0,0,0,0,0,0,0,0,0,0,0,0,0,0,0,0,0,0,,0,义乌市黎既电子商务商行（个体工商户）,商家向消费者小额打款-“其他”
2026-04-20 19:52:56,'2026042019524429075212902131,出账,2,聚合账户,小额打款,,'6952148036826830135,'6952148036826830135,,,,,,,普通订单,0,0,0,0,0,0,0,0,0,0,0,0,0,0,0,0,0,0,0,,0,义乌市黎既电子商务商行（个体工商户）,商家向消费者小额打款-“其他”
2026-04-20 19:54:26,'2026042019541300636236892131,出账,2,聚合账户,小额打款,,'6952086057298564441,'6952086057298564441,,,,,,,普通订单,0,0,0,0,0,0,0,0,0,0,0,0,0,0,0,0,0,0,0,,0,义乌市黎既电子商务商行（个体工商户）,商家向消费者小额打款-“其他”
2026-04-20 19:56:41,'2026042019562730606013592131,出账,2,聚合账户,小额打款,,'6952055521757959854,'6952055521757959854,,,,,,,普通订单,0,0,0,0,0,0,0,0,0,0,0,0,0,0,0,0,0,0,0,,0,义乌市黎既电子商务商行（个体工商户）,商家向消费者小额打款-“其他”
2026-04-20 20:10:20,'2026042020100702691074662131,出账,2,聚合账户,小额打款,,'6952187105639077383,'6952187105639077383,,,,,,,普通订单,0,0,0,0,0,0,0,0,0,0,0,0,0,0,0,0,0,0,0,,0,义乌市黎既电子商务商行（个体工商户）,商家向消费者小额打款-“其他”
2026-04-20 20:16:45,'2026042020163117210291722131,出账,2,聚合账户,小额打款,,'6952120543319889197,'6952120543319889197,,,,,,,普通订单,0,0,0,0,0,0,0,0,0,0,0,0,0,0,0,0,0,0,0,,0,义乌市黎既电子商务商行（个体工商户）,商家向消费者小额打款-“其他”
2026-04-20 20:21:10,'2026042020205504122222462131,出账,2,聚合账户,小额打款,,'6925676401277828304,'6925676401277828304,,,,,,,普通订单,0,0,0,0,0,0,0,0,0,0,0,0,0,0,0,0,0,0,0,,0,义乌市黎既电子商务商行（个体工商户）,商家向消费者小额打款-“其他”
2026-04-20 20:22:40,'2026042020222700803804162131,出账,2,聚合账户,小额打款,,'6952107561436845149,'6952107561436845149,,,,,,,普通订单,0,0,0,0,0,0,0,0,0,0,0,0,0,0,0,0,0,0,0,,0,义乌市黎既电子商务商行（个体工商户）,商家向消费者小额打款-“其他”
2026-04-20 20:23:09,'2026042020225700253138422131,出账,2,聚合账户,小额打款,,'6952126108215285219,'6952126108215285219,,,,,,,普通订单,0,0,0,0,0,0,0,0,0,0,0,0,0,0,0,0,0,0,0,,0,义乌市黎既电子商务商行（个体工商户）,商家向消费者小额打款-“其他”
2026-04-20 20:31:54,'2026042020314001439500802131,出账,2,聚合账户,小额打款,,'6952167198825649462,'6952167198825649462,,,,,,,普通订单,0,0,0,0,0,0,0,0,0,0,0,0,0,0,0,0,0,0,0,,0,义乌市黎既电子商务商行（个体工商户）,商家向消费者小额打款-“其他”
2026-04-20 20:33:32,'2026042020331839605701312131,出账,2,聚合账户,小额打款,,'6925676286958271664,'6925676286958271664,,,,,,,普通订单,0,0,0,0,0,0,0,0,0,0,0,0,0,0,0,0,0,0,0,,0,义乌市黎既电子商务商行（个体工商户）,商家向消费者小额打款-“其他”
2026-04-20 20:39:25,'2026042020391307006784062131,出账,2,聚合账户,小额打款,,'6952188120897558169,'6952188120897558169,,,,,,,普通订单,0,0,0,0,0,0,0,0,0,0,0,0,0,0,0,0,0,0,0,,0,义乌市黎既电子商务商行（个体工商户）,商家向消费者小额打款-“其他”
2026-04-20 20:44:52,'2026042020444110532298242131,出账,2,聚合账户,小额打款,,'6952151594027390426,'6952151594027390426,,,,,,,普通订单,0,0,0,0,0,0,0,0,0,0,0,0,0,0,0,0,0,0,0,,0,义乌市黎既电子商务商行（个体工商户）,商家向消费者小额打款-“其他”
2026-04-20 20:45:18,'2026042020450400555259392131,出账,2,聚合账户,小额打款,,'6952040056112682700,'6952040056112682700,,,,,,,普通订单,0,0,0,0,0,0,0,0,0,0,0,0,0,0,0,0,0,0,0,,0,义乌市黎既电子商务商行（个体工商户）,商家向消费者小额打款-“其他”
2026-04-20 20:51:41,'2026042020512927180733792131,出账,2,聚合账户,小额打款,,'6925579065556434277,'6925579065556434277,,,,,,,普通订单,0,0,0,0,0,0,0,0,0,0,0,0,0,0,0,0,0,0,0,,0,义乌市黎既电子商务商行（个体工商户）,商家向消费者小额打款-“其他”
2026-04-20 21:01:38,'2026042021012902936386992131,出账,1,聚合账户,小额打款,,'6925613804280249586,'6925613804280249586,,,,,,,普通订单,0,0,0,0,0,0,0,0,0,0,0,0,0,0,0,0,0,0,0,,0,义乌市黎既电子商务商行（个体工商户）,商家向消费者小额打款-“其他”
2026-04-20 21:01:51,'2026042021013903404477822131,出账,1,聚合账户,小额打款,,'6925633178390068451,'6925633178390068451,,,,,,,普通订单,0,0,0,0,0,0,0,0,0,0,0,0,0,0,0,0,0,0,0,,0,义乌市黎既电子商务商行（个体工商户）,商家向消费者小额打款-“其他”
2026-04-20 21:03:18,'2026042021030500509752782131,出账,2,聚合账户,小额打款,,'6952161349206742611,'6952161349206742611,,,,,,,普通订单,0,0,0,0,0,0,0,0,0,0,0,0,0,0,0,0,0,0,0,,0,义乌市黎既电子商务商行（个体工商户）,商家向消费者小额打款-“其他”
2026-04-20 21:21:02,'2026042021204806891282072131,出账,2,聚合账户,小额打款,,'6925684331173936648,'6925684331173936648,,,,,,,普通订单,0,0,0,0,0,0,0,0,0,0,0,0,0,0,0,0,0,0,0,,0,义乌市黎既电子商务商行（个体工商户）,商家向消费者小额打款-“其他”
2026-04-20 21:35:22,'2026042021351123769134352131,出账,2,聚合账户,小额打款,,'6925679852418989392,'6925679852418989392,,,,,,,普通订单,0,0,0,0,0,0,0,0,0,0,0,0,0,0,0,0,0,0,0,,0,义乌市黎既电子商务商行（个体工商户）,商家向消费者小额打款-“其他”
2026-04-20 21:38:30,'2026042021381818802283922131,出账,2,聚合账户,小额打款,,'6952129338975458618,'6952129338975458618,,,,,,,普通订单,0,0,0,0,0,0,0,0,0,0,0,0,0,0,0,0,0,0,0,,0,义乌市黎既电子商务商行（个体工商户）,商家向消费者小额打款-“其他”
2026-04-20 21:51:43,'2026042021513023032673382131,出账,2,聚合账户,小额打款,,'6925675610392657217,'6925675610392657217,,,,,,,普通订单,0,0,0,0,0,0,0,0,0,0,0,0,0,0,0,0,0,0,0,,0,义乌市黎既电子商务商行（个体工商户）,商家向消费者小额打款-“其他”
2026-04-20 21:53:40,'2026042021532727816107582131,出账,2,聚合账户,小额打款,,'6925686070636543860,'6925686070636543860,,,,,,,普通订单,0,0,0,0,0,0,0,0,0,0,0,0,0,0,0,0,0,0,0,,0,义乌市黎既电子商务商行（个体工商户）,商家向消费者小额打款-“其他”
2026-04-20 21:57:47,'2026042021573338556311382131,出账,2,聚合账户,小额打款,,'6925570362139376744,'6925570362139376744,,,,,,,普通订单,0,0,0,0,0,0,0,0,0,0,0,0,0,0,0,0,0,0,0,,0,义乌市黎既电子商务商行（个体工商户）,商家向消费者小额打款-“其他”
2026-04-20 22:02:10,'2026042022015518889938012131,出账,2,聚合账户,小额打款,,'6952097804564567667,'6952097804564567667,,,,,,,普通订单,0,0,0,0,0,0,0,0,0,0,0,0,0,0,0,0,0,0,0,,0,义乌市黎既电子商务商行（个体工商户）,商家向消费者小额打款-“其他”
2026-04-20 22:29:50,'2026042022293700479892982131,出账,2,聚合账户,小额打款,,'6952187654780753206,'6952187654780753206,,,,,,,普通订单,0,0,0,0,0,0,0,0,0,0,0,0,0,0,0,0,0,0,0,,0,义乌市黎既电子商务商行（个体工商户）,商家向消费者小额打款-“其他”
2026-04-20 22:37:12,'2026042022365827777316472131,出账,2,聚合账户,小额打款,,'6925681406065934061,'6925681406065934061,,,,,,,普通订单,0,0,0,0,0,0,0,0,0,0,0,0,0,0,0,0,0,0,0,,0,义乌市黎既电子商务商行（个体工商户）,商家向消费者小额打款-“其他”
2026-04-20 22:43:43,'2026042022433127451891542131,出账,2,聚合账户,小额打款,,'6952193067764815243,'6952193067764815243,,,,,,,普通订单,0,0,0,0,0,0,0,0,0,0,0,0,0,0,0,0,0,0,0,,0,义乌市黎既电子商务商行（个体工商户）,商家向消费者小额打款-“其他”
2026-04-20 22:55:54,'2026042022554202186450422131,出账,2,聚合账户,小额打款,,'6952156065596249846,'6952156065596249846,,,,,,,普通订单,0,0,0,0,0,0,0,0,0,0,0,0,0,0,0,0,0,0,0,,0,义乌市黎既电子商务商行（个体工商户）,商家向消费者小额打款-“其他”
2026-04-20 23:08:14,'2026042023075905968366462131,出账,2,聚合账户,小额打款,,'6952104910975210720,'6952104910975210720,,,,,,,普通订单,0,0,0,0,0,0,0,0,0,0,0,0,0,0,0,0,0,0,0,,0,义乌市黎既电子商务商行（个体工商户）,商家向消费者小额打款-“其他”
2026-04-20 23:20:32,'2026042023201807596608462131,出账,2,聚合账户,小额打款,,'6952214751729030724,'6952214751729030724,,,,,,,普通订单,0,0,0,0,0,0,0,0,0,0,0,0,0,0,0,0,0,0,0,,0,义乌市黎既电子商务商行（个体工商户）,商家向消费者小额打款-“其他”
2026-04-20 23:25:43,'2026042023253013527124882131,出账,2,聚合账户,小额打款,,'6952052905667991437,'6952052905667991437,,,,,,,普通订单,0,0,0,0,0,0,0,0,0,0,0,0,0,0,0,0,0,0,0,,0,义乌市黎既电子商务商行（个体工商户）,商家向消费者小额打款-“其他”
2026-04-20 23:48:35,'2026042023482100008030722131,出账,2,聚合账户,小额打款,,'6952146553574397304,'6952146553574397304,,,,,,,普通订单,0,0,0,0,0,0,0,0,0,0,0,0,0,0,0,0,0,0,0,,0,义乌市黎既电子商务商行（个体工商户）,商家向消费者小额打款-“其他”
2026-04-20 23:59:14,'2026042023590100427957862131,出账,2,聚合账户,小额打款,,'6952170587463357507,'6952170587463357507,,,,,,,普通订单,0,0,0,0,0,0,0,0,0,0,0,0,0,0,0,0,0,0,0,,0,义乌市黎既电子商务商行（个体工商户）,商家向消费者小额打款-“其他”
